arc_id,arc_name,start_sequence,end_sequence,start_label,end_label,episode_count,main_characters,main_locations,concrete_premise,central_question,promise,pressure_escalation,mid_turn,concrete_payoff,relationship_change,status_or_ability_change,residual_cost,next_arc_bridge,boundary_signals,confidence
DCA-N01,걸프전 100억 달러와 SAVE 월가 자립,1,10,1화,10화,10,"김민재, 김태중, 태우, 한정훈, 제프리, 데이비드, 조지, 살만, 장수영, 웨이, 로만, 강민","경제연구소, 태우, 미국, 태우증권, 한국, SAVE, 일본, 월가, 사우디, 퀀텀펀드",1화 L1~L255에서 태우그룹 부도 뒤 20년을 빈곤과 복수 집착 속에 버틴 김민재가 고시원에서 각혈하며 죽는다. 김택훈 앞에서 17세답게 행동하고 김태중 생일연회에서 납품가를 호소하는 협력업체 사장의 10억 원 파텍필립 시계를 폭로한다.,"파텍필립 시계의 거짓말을 벗긴 뒤, 김태중이 고교 입학 선물로 따로 준 스위스 은행 100만 달러를 걸프전·파운드 공격과 퀀텀 동맹을 거쳐 40억 달러의 독자 운용권으로 키울 수 있는가?",17세로 돌아온 재벌 3세가 가족과 그룹을 지키고 배신자들에게 복수할 두 번째 기회를 얻는다.,"한정훈의 퇴직 공포, 선물거래의 청산 위험, 김태중의 공격적 세계화 노선을 직접 고치지 못하는 제약이 있다.",청소기에서 실제 왕실 보석이 쏟아져 살만이 사우디 왕실의 영구 지원을 약속하고 태우건설 수주도 두 배가 된다.,"퀀텀펀드의 모든 통화전쟁 장기동맹과 파운드 공격 60억 달러 공동투자 조건, 조지·짐의 추천서 작성 약속, 남은 40억 달러 운용 여력을 얻는다. 추천서 원본과 파운드 붕괴 수익은 아직 미지급이다.","김태중의 용돈을 쓰던 열일곱 살 손자가 한정훈·조지·짐에게 투자판단을 맡길 사람으로 인정받고, 월가팀은 그의 나이보다 반복 적중한 지시를 신뢰하기 시작한다.",스위스 은행 100만 달러 계좌는 걸프전과 파운드 포지션을 거쳐 SAVE·퀀텀 동맹과 40억 달러 독자 운용여력으로 바뀐다.,추천서 실제 수령; 영국 파운드화 붕괴·보험금; 대학 입학·조기졸업; 제프리의 IT 투자,하버드 경제학과 합격증을 김태중에게 보여 준 뒤 강준기 의원의 신민국당 영입 제안을 상속세·언론 검증·5년 임기 논리로 말리고 YS와 DJ 양쪽 지원을 권한다.,① 10화의 퀀텀 장기동맹·조지와 짐의 추천서 작성 약속·40억 달러 운용여력이 월가 자립을 닫되 추천서 원본은 남는다. ② 11화에서는 하버드 합격증과 YS·DJ 양쪽 지원론이 투자전 대신 학업·정치 준비를 시작한다.,0.96
DCA-N01B,하버드·공직자 펀드와 태우 귀환 준비,11,15,11화,15화,5,"김민재, 김태중, 태우, 데이비드, 제프리, 조지, 푸틴, 부시, 로만, 김택훈, 한정훈, 구글","김포공항, 경제연구소, 국회, 태우, 미국, 한국, 월가, SAVE, 하버드, 러시아",11화 L2168~L2352에서 1992년 SAVE는 제프리의 40억 달러를 48억 달러로 키울 만큼 안정됐고 김민재는 1년 6개월 만에 귀국한다. 하버드 경제학과 합격증을 김태중에게 보여 준 뒤 강준기 의원의 신민국당 영입 제안을 상속세·언론 검증·5년 임기 논리로 말리고 YS와 DJ 양쪽 지원을 권한다.,하버드 3년 졸업과 푸틴의 감사를 실제 귀국 자격으로 바꾸면서 제프리·배터리 교수라는 다음 기술투자선까지 열 수 있는가?,하버드 합격이라는 가족 보상을 받고 기업 밖 장기 지지망을 직접 만들 첫 조직 권한을 얻는다.,김태중은 하청업체 착취와 월가가 손자를 미끼로 태우를 노릴 위험을 의심하고 김택훈은 직접 미국까지 가 사실을 검증한다.,김택훈의 조사 결과 김민재가 먼저 퀀텀에 접근해 걸프전·유가 전망으로 인정을 받았다는 서사가 확인되어 김태중이 감시 대신 신뢰를 택한다.,"푸틴의 감사 메시지, 하버드 3년 조기졸업, 귀국 뒤 김태중의 식탁 환대를 받는다. 배터리 교수 접촉·계약·지분 취득은 이 화에 없다.","김민재는 김태중에게 사랑받는 학생에서 조기졸업·귀국을 허락받는 후계 손자로 올라서고, 데이비드에게 제프리와 배터리 교수를 맡길 만큼 사람을 고르는 신뢰를 나눈다.",하버드 3년 졸업과 푸틴의 감사가 귀국 자격으로 확정되며 제프리 창업지원·배터리 지분협상은 담당자와 자금만 정해진 미지급 파이프라인으로 남는다.,태우 내부 수술; 제프리의 아마존 창업; 배터리 교수 지원·지분협상과 실제 계약,양 대리 안내로 고철장과 총무팀을 돌며 악수해 이 부장 등 전원의 비리 특이사항을 확인하고 관리직 전체에 비싼 회식과 술을 사며 외부 인력에 자료 탈취를 지시한다.,① 푸틴 감사와 하버드 조기졸업·김태중의 귀국 식탁은 15화에서 지급되지만 배터리 지분은 지시만 남는다. ② 16화 첫 출근은 창원 고철장·총무팀 장부와 관리직 비리 수술로 상대와 장소를 바꾼다.,0.96
DCA-N02,창원 장부와 명동 4천억 절단,16,31,16화,31화,16,"김민재, 태우, 이 상무, 김태중, 강 대위, 사장단, 이준수, 한지혜, 주영미, 애플, 조지, 서우태","태우 본사, 강 대위 사무실, 베트남 공장, 태우자동차 공장, 회장실, 태우, 감사팀, 명동, 일본, 한국",16화 L3025~L3210에서 1995년 1월 김민재가 태우그룹 차장으로 창원 부품공장에 첫 출근한다. 양 대리 안내로 고철장과 총무팀을 돌며 악수해 이 부장 등 전원의 비리 특이사항을 확인하고 관리직 전체에 비싼 회식과 술을 사며 외부 인력에 자료 탈취를 지시한다.,창원 부품공장의 악수·장부 수집으로 명동 4천억 원 비리망과 47명을 걷어 내고 독립 감사조직을 세울 수 있는가?,회장 손자 행세로 방심시킨 뒤 신상명세서로 공장 전체의 횡령 고리를 잡아 첫 칼춤을 연다.,애플은 적자·1.5달러 주가라 조지가 가치를 의심하고 포드 대량 지분은 미국 정부 감시를 부르며 감사팀장들은 어린 낙하산 본부장을 무시한다.,"월가 보호막과 정치 후원을 이용하면 장기 지분을 살 수 있고, 감사팀 자체가 이준수의 비리를 덮어 온 고양이임이 드러난다.",명동 간섭 제거·47명 숙청과 감사팀 개혁 성과를 얻지만 기술연구소장으로 밀어낼 사장단 합의가 생긴다.,"현장 노동자와 악수하고 장부를 받는 김민재를 김태중이 문제아 손자가 아니라 공장을 살릴 내부 감사자로 보기 시작하며, 명동 실무진도 그의 보호 아래 증언한다.","창원 이중장부와 명동 4천억 원 비리망이 드러나 47명이 정리되고, 김민재에게 독립 감사조직과 공장 인사에 개입할 실행권이 생긴다.",기술·경제연구소 인사; 사장단의 유배 함정; 이선일 정보 거래,윤일섭 TF의 정식 감사6팀 승격과 부장 승진을 받아낸 뒤 기술연구소 독립권·경제연구소 총괄·20명 자기선발을 조건으로 박진훈의 제안을 수락한다.,① 31화의 명동 간섭 제거·47명 숙청·감사팀 개혁이 공장 복수의 영수증이다. ② 32화 사장단 회의에서는 기술연구소 독립권과 20명 선발을 조건으로 유배 제안을 받아 새 기업전이 열린다.,0.96
DCA-N03,이노폰과 박진훈 축출,32,52,32화,52화,21,"김민재, 태우, 박진훈, 김태중, 스티브, 애플, 조나단, 데이비드, 사장단, 우성일, 후쿠다, 박준일","부천 공장, 회장실, 강 대위 사무실, 태우, 태우전자, 미국, 한국, 애플, 일본, 명동",32화 L6006~L6176에서 김태중 귀국 뒤 사장단은 김민재의 감사 성과를 칭찬하며 기술연구소로 보내려 한다. 윤일섭 TF의 정식 감사6팀 승격과 부장 승진을 받아낸 뒤 기술연구소 독립권·경제연구소 총괄·20명 자기선발을 조건으로 박진훈의 제안을 수락한다.,박진훈의 기술연구소 함정을 이노폰 개발·월 10만 대 수요와 태우전자 사장 추천으로 뒤집을 수 있는가?,유배성 승진을 기술·경제·인사 전권으로 역전해 외환위기 대응과 미래 제품의 연구 거점을 얻는다.,"일본 기업은 파생상품 손실을 줄이려 버티고, 황영철은 세계 최초 MP3 구상을 구현할 자금·생산·유통 기반이 없다.","한정훈이 SAVE 예상 이익을 400억 달러로 보고하고 TDK 인수 가능성을 열며, 황영철이 특허 공동소유 조건으로 1억 투자를 제안한다.","국내 재고 30만 대 완판, 미국 30만 대·유럽과 한국 각 10만 대 주문, 월 10만 대 이상 수요를 확인하고 박진훈 퇴진과 사장단의 만장일치 태우전자 사장 추천을 받는다.","박진훈이 유배로 보낸 기술연구소 사람들은 김민재를 임시 지휘자가 아니라 제품을 세상에 내놓을 보호자로 받아들이고, 사장단의 충성축도 박진훈에서 김민재 쪽으로 움직인다.","월 10만 대 수요의 이노폰과 생산조직이 생기고 박진훈은 축출되며, 김민재는 태우전자 사장 추천까지 좌우하는 사업 책임자가 된다.",태우전자 지분 상속과 소유주로서의 경영권은 요구만 제시된 채 남는다,김태중에게 태우전자 지분을 상속받아 만장일치로 사장에 취임한 뒤 현재그룹 장 회장의 자금난을 듣고 SAVE 자금으로 차입을 유도할 미끼를 던진다,① 이노폰 수요와 박진훈 축출·사장 추천이 52화에 모여 연구소 싸움을 끝낸다. ② 53화는 김태중의 태우전자 지분 상속과 현재그룹 차입 미끼로 직함이 아닌 소유권 전쟁을 시작한다.,0.96
DCA-N04,태우전자 소유와 조선·애플 교환,53,71,53화,71화,19,"김민재, 태우, 김태중, 애플, 다이먼, 스티브, 데이비드, 오강철, 강 대위, 살만, 조지, 아크만","강 대위 사무실, 회장실, 태우, 태우전자, 애플, 한국, 태우조선, SAVE, 미국, 태우중공업",53화 L9759~L9940에서 태우전자 사장 추천을 받은 김민재가 직함이 아니라 지분을 요구한 직후 김태중에게 태우전자 지분을 상속받아 만장일치로 사장에 취임한 뒤 현재그룹 장 회장의 자금난을 듣고 SAVE 자금으로 차입을 유도할 미끼를 던진다,태우전자 지분을 받은 김민재가 현재조선·애플·MP3 교환을 거쳐 황영철 팀을 살리고 김태중에게 그룹 세계화·기획실 이동 동의를 받을 수 있는가?,김태중의 지분과 사장단 승인을 받아 계열사를 자기 책임으로 고칠 권한을 얻는 보상,"조선의 상징성과 고용, 오강철·하청비리와 막대한 부채가 매각 판단을 무겁게 만든다",사우디 직인이 찍힌 문서를 보자 사장단과 김태중이 정유 합작을 믿고 조선 매각을 김민재에게 맡긴다,"황영철의 디지털케이스 지분 전량 양도 의사, 직원 보너스용 50억 원 지급 약속, 직원·황영철의 애플 재출발 경로와 김태중의 세계화 구상 동의를 얻는다. 우성일 사장 임명·김민재 기획실 발령·MCA 지분 취득은 아직 실행 전이다.","김태중은 손자에게 태우전자 지분을 넘겨 조언을 듣는 수준을 벗어나 공동 소유자로 대우하고, 황영철 팀과 애플 쪽 인재는 김민재의 교환조건을 장기 경력으로 선택한다.","태우전자 지분·현재조선 교환·MP3와 애플 개발선이 묶이고, 김민재는 그룹 세계화와 기획실 이동에 대한 김태중의 동의를 얻는다. 우성일 사장 임명·기획실 발령·MCA 지분은 실행 전이다.",우성일 사장 임명·김민재 기획실 발령; MCA 레코드 지분 협상·취득; 중국 자동차 진출,사장급 기획본부장이 되어 루마니아산 태우차 중국 판매를 설계하고 쩡훙친을 만난다,"① 71화에서 디지털케이스 지분 양도·50억 원 지급과 직원들의 애플 재출발, 김태중의 세계화 구상 동의가 생기지만 공식 발령·MCA 지분은 남는다. ② 72화의 루마니아산 태우차 중국 판매와 쩡훙친 면담은 첫 세계화 표적을 자동차·중국으로 옮긴다.",0.96
DCA-N05,중국 자동차와 인터넷 외화 출구,72,77,72화,77화,6,"김민재, 태우, 김태중, 기획실장, 데이비드, 쩡훙친, 제프리, 조지, 우성일, 후쿠다, 하재원, 애플","회장실, 태우 본사, 국회, 강 대위 사무실, 태우자동차 공장, 중국, 태우, 한국, 루마니아, 미국",72화 L13226~L13417에서 태우전자 일을 우성일에게 넘긴 김민재가 새 사장급 기획본부장으로 그룹 본사 정문에 들어선다 사장급 기획본부장이 되어 루마니아산 태우차 중국 판매를 설계하고 쩡훙친을 만난다,루마니아 태우차의 중국 판매와 음원·전자상거래·HTS를 묶어 외환위기 전에 외화를 버는 인터넷 조직을 만들 수 있는가?,그룹 전체 조정권과 중국 최고위 인맥의 약점을 이용해 실제 판매 허가를 여는 보상,루마니아 생산량이 작고 합법 음원 확보에는 대형 유통사가 필요하며 전기차는 아직 투자 시점이 이르다,중국 정부의 관세 우대 아래 생산차가 거의 모두 팔려 포드에 내밀 수요 증거가 생긴다,"전자상거래·음원·HTS 전담팀과 자유출퇴근제, 이를 실제로 밀어붙일 제프리를 확보한다","루마니아와 중국의 판매담당자, 제프리와 국내 인터넷팀이 김민재의 서로 다른 실험을 한 조직으로 받아들이며 자유출퇴근제는 감시보다 성과로 신뢰하겠다는 관계 규칙이 된다.",중국 자동차 판매와 음원·전자상거래·HTS 전담조직이 만들어져 태우 안에 외화를 버는 인터넷 사업군과 제프리의 실행자리가 생긴다.,제프리의 한 달 훈련과 직원 이탈 여부; 전자상거래·HTS·호텔예약·A/S 네 프로젝트의 완성,1997년 중국차 10만 대·미국 70퍼센트 성장에도 김태중이 통신사업용 일본 차입을 추진하자 막는다,"① 전자상거래·음원·HTS 전담팀과 자유출퇴근제, 제프리 영입이 77화에 실행진을 남긴다. ② 78화에는 김태중의 일본 단기차입을 막는 외환위기 방어가 새 지배과제가 된다.",0.96
DCA-N06,외환위기 무부채와 사우디 정유,78,86,78화,86화,9,"김민재, 태우, 김태중, 스티브, 애플, 조지, 다이먼, 기획실장, 살만, 사장단, 압둘라, 후쿠다","회장실, 국회, 강 대위 사무실, 태우, 한국, 일본, 미국, 월가, 사우디, 애플",78화 L14343~L14507에서 1997년 새해 기획본부장실에서 김민재는 중국 10만 대와 미국 70% 성장이라는 자동차 실적을 보고받는다 1997년 중국차 10만 대·미국 70퍼센트 성장에도 김태중이 통신사업용 일본 차입을 추진하자 막는다,일본 단기차입을 끊고 사우디 정유·IMF 관계·애플 반등을 이용해 외환위기를 태우의 매입 기회로 바꿀 수 있는가?,좋은 실적에 취해 외화부채를 늘리지 않고 태국에서 시작될 위기를 오히려 투자 기회로 잡는 보상,기존 음반사는 온라인 전환을 두려워하고 전경련 회원들은 위기 책임을 떠넘길 대표를 원한다,김태중이 아무 말도 하지 않았는데도 다른 총수들이 차기 전경련 회장으로 일제히 추대한다,IMF 우호관계와 애플의 소비자·주가 보상을 얻어 국내 위기 매물을 살 명분과 자산가치를 키운다,"김태중은 일본 차입을 막는 손자의 경고를 받아들이고 사우디·IMF 인맥을 함께 쓰는 동업자가 되며, 애플 경영진은 김민재를 위기 때 돈을 대는 우호주주로 인식한다.",일본 단기차입이 차단되고 사우디 정유·IMF 우호선·외화투입으로 태우의 부채율 0% 방패와 위기매입 자금이 마련된다.,카이자동차 인수와 국내 음원·통신 시너지는 새 과제로 열린다,다이먼을 한국으로 불러 카이자동차 인수를 시작하고 베리뮤직 실시간 순위 시스템을 지시한다,① IMF 우호선과 애플 소비자·주가 보상이 86화에 국내 매물을 살 자금·명분을 만든다. ② 87화 다이먼의 카이자동차 인수와 베리뮤직 순위 지시는 위기방어에서 자산인수로 중심을 옮긴다.,0.96
DCA-N07,카이자동차 51%와 카를로스 곤 독립경영,87,90,87화,90화,4,"김민재, 태우, 김태중, 데이비드, 애플, 다이먼, 카를로스 곤, 사장단, 우성일, 고연진, 로만, 강 대위","회장실, 강 대위 사무실, 태우, 한국, 태우전자, 미국, 애플, SAVE, 태우조선, 전경련",87화 L15984~L16165에서 미국 출장에서 돌아온 김민재를 김태중이 저택에서 맞아 얼굴이 반쪽이라며 미국산 소고기까지 걱정한다 다이먼을 한국으로 불러 카이자동차 인수를 시작하고 베리뮤직 실시간 순위 시스템을 지시한다,채권단과 현재자동차의 줄다리기 속에서 카이자동차 51%와 카를로스 곤의 독립경영을 확보한 뒤 고연진과의 첫 만남으로 CL 승계판을 열 수 있는가?,카이자동차 인수판과 베리뮤직 실시간 순위를 동시에 열어 자동차·콘텐츠·통신 확장의 출발점을 만드는 보상,현재자동차는 출자전환을 내세우고 채권단은 더 높은 가격을 받으려 줄다리기를 이어간다,김태중이 달러 현금 지급을 못 박자 다른 후보가 같은 조건을 내기 어렵다는 사실이 분명해진다,"카를로스 곤의 한국행·카이자동차 대표 수락, 5년 이상 고용·500만 달러 보수·독립경영 합의를 얻고 김태중에게 정식 소개한다. 고연진과는 첫 맞선·인사만 시작했을 뿐 승계동맹은 없다.",카를로스 곤은 김민재에게 독립경영을 보장받아 채권단의 관리자가 아니라 카이자동차 재건 파트너가 된다. 고연진은 김태중이 마련한 첫 맞선에서 인사만 나눠 승계불만·동맹은 아직 확인 전이다.,"태우는 카이자동차 51%와 5년 이상·500만 달러·독립경영을 수락한 회생 책임자를 확보하고, CL 장녀와는 첫 대화를 시작할 접점만 얻는다.",고연진의 현재 의사 확인; CL 승계분쟁 가능성; 베리뮤직·CL 자산교환,고연진에게 장녀 승계를 부추기고 아이돌 팬덤을 겨냥한 방송 3사 베리뮤직 후원을 지시한다,① 카를로스 곤의 한국행·5년 이상 계약·500만 달러·독립경영 합의는 90화에 닫히고 고연진은 첫 맞선·인사만 시작한다. ② 91화의 고연진 독려와 방송 3사 베리뮤직 후원은 자동차 인수에서 CL 자산교환으로 협상 상대를 바꾼다.,0.96
DCA-N07B,CL 카드·백화점과 통신·배터리 빅딜,91,95,91화,95화,5,"김민재, 태우, 김태중, 고승택, 우성일, 박만덕, 애플, 데이비드, 고연진, 기획실장, 후쿠다, 카를로스 곤","청와대, 회장실, 태우, 한국, 태우증권, 태우전자, 미국, 애플, CL카드, 일본",91화 L16722~L16900에서 CL의 장자 승계 원칙과 장남 사망을 떠올린 김민재는 맞선 자리의 고연진에게 회사 경영 욕심이 없는지 묻는다 고연진에게 장녀 승계를 부추기고 아이돌 팬덤을 겨냥한 방송 3사 베리뮤직 후원을 지시한다,고연진의 승계 욕망을 지렛대로 CL 카드·백화점과 태우 통신·배터리를 맞바꾸고 새 유통권까지 얻을 수 있는가?,장녀의 경영 의지와 방송 3사 팬덤을 묶어 배터리·통신 빅딜의 내부·시장 명분을 만드는 보상,김태중은 카드에 애착이 있고 고승택은 태우가 배터리를 원한다는 사실을 알면 가격을 올릴 수 있다,김태중이 직접 넥타이를 매만지며 고승택과 맞설 손자를 지지해 조손 내부 반대가 협상 지원으로 바뀐다,"스타벅스 한국법인 50대50 독점권과 전자 20% 성장, 건설 재건의 명확한 문제표를 얻는다","고연진은 김민재를 경쟁그룹의 적이 아니라 자신을 후계자로 세울 거래상대로 선택하고, 두 그룹 실무진은 카드·백화점과 통신·배터리를 맞바꾸는 제한적 동맹이 된다.","CL카드·백화점과 태우통신·배터리의 교환구조, 스타벅스 한국법인 50대50 권리와 전자 성장분이 태우의 유통·결제 기반으로 붙는다.",장수영이 수주 공백을 어떻게 설명하고 태우건설을 살릴 외부 사업을 어디서 구할지는 미결이다,장수영이 외부 자금 없이는 수주가 불가능하다고 하자 SAVE·퀀텀 7퍼센트의 비밀 민자 컨소시엄을 설계한다,"① 스타벅스 한국법인 50대50 권리와 전자 20% 성장, 건설 수주공백이 95화 사장단 표에 함께 드러난다. ② 96화 장수영의 자금난에는 SAVE·퀀텀 비밀 민자 컨소시엄이라는 별도 건설해법이 투입된다.",0.96
DCA-N07C,9호선·거가대교 40년 민자 운영권,96,97,96화,97화,2,"김민재, 태우, 다이먼, 조지, 데이비드, 장수영, 김태중, 샌디 웨일, 사장단, 로만, 강 대위","청와대, 강 대위 사무실, 태우, 태우건설, 한국, SAVE, 월가, 거가대교, 지하철 9호선, 미국",96화 L17616~L17784에서 상반기 사장단 회의에서 장수영은 다른 계열사에 밀린 태우건설과 외환위기 수주 공백을 힘없는 목소리로 보고한다 장수영이 외부 자금 없이는 수주가 불가능하다고 하자 SAVE·퀀텀 7퍼센트의 비밀 민자 컨소시엄을 설계한다,무명 퀀텀 법인과 SAVE 자금으로 9호선 30년 운영계약을 날인하고 거가대교 전액투자·40년 운영 협상의 문까지 열 수 있는가?,퀀텀 이름과 7% 투자만으로 정부 사업의 운영권을 사고 태우건설을 시공사로 되살리는 보상,정부 협상에서 무명 법인은 약하고 SAVE가 드러나면 국내 정치·세금 문제가 생길 수 있다,월가에서 가장 유명한 퀀텀펀드 이름을 컨소시엄 전면에 세우면 총알받이와 신뢰를 동시에 얻는다는 해법이 나온다,"퀀텀펀드의 명칭·지분 7% 참여와 9호선 총 3조5천억 원 중 9천억 원 투자, 30년 MRG·요금결정·운영권이 담긴 서명 계약을 얻는다. 태우건설 주 시공사 지정·9호선 확장 변경·거가대교 수주와 40년 운영권은 아직 미지급이다.","자금난에 몰린 장수영은 정체를 숨긴 SAVE·퀀텀 컨소시엄의 조건을 받아들이며, 김민재는 공개 지배 없이 태우건설을 살리는 배후 조정자로 남는다.",9호선 3조5천억 원·30년 MRG·요금결정·운영계약은 날인되지만 태우건설 주 시공사 지정과 거가대교 1조9천억 원·40년 운영권은 후속 협상에 남는다.,9호선 확장 계약변경·태우건설 주 시공사 지정; 거가대교 전액투자·40년 운영 협상; 다섯 추가 사업,사장단에 태우건설 수주를 공개하고 다이먼이 CL·신세계·태우 통신 3사를 한 달 만에 합병한다,① 97화에는 9호선 3조5천억 원·30년 MRG·요금결정·운영계약만 날인되고 태우건설 주 시공·거가대교는 후속 협상으로 남는다. ② 98화 사장단 공개와 통신 3사 합병은 건설계약에서 통신·플랫폼 재편으로 넘어간다.,0.96
DCA-N08,태우통신 HTS·게임 플랫폼,98,101,98화,101화,4,"김민재, 태우, 김태중, 데이비드, 다이먼, 우성일, 임진태, 부시, 애플, 조지, 사장단, 조지 슐츠","청와대, 회장실, 강 대위 사무실, 태우, 월가, 태우통신, 미국, 한국, 북한, MC소프트",98화 L17954~L18127에서 김민재 요청으로 열린 사장단 회의에서 그는 퀀텀 컨소시엄의 지하철 9호선·거가대교 계약부터 공개한다 사장단에 태우건설 수주를 공개하고 다이먼이 CL·신세계·태우 통신 3사를 한 달 만에 합병한다,CL·신세계·태우 통신 합병과 HTS·린지 플랫폼을 실제 가입자·일일 수천만 원 수수료로 증명할 수 있는가?,건설 도급 반전과 27%짜리 통합 통신사를 함께 지급해 빅딜이 실제 운영조직으로 굳는 보상,국내 통신 상위사와 격차가 남고 임원들은 게임을 전자·IT 사업으로 보지 않는다,게임 제작을 직접 하자는 질문에 김민재가 여러 회사의 게임을 한 클라이언트에서 파는 플랫폼을 만들겠다고 밝힌다,"린지 흥행과 플랫폼의 기하급수적 가입, 일일 수천만 원 수수료가 선행 투자 논리를 실제 매출로 입증한다","통신 3사와 게임·HTS 개발팀은 합병 뒤 김민재의 플랫폼 실험을 공동 목표로 받아들이고, 이영한의 차가운 악수는 다음 명동 관계전의 불신을 남긴다.",태우통신 합병체에 HTS·린지·OTT 기반이 올라가 가입자 증가와 일일 수천만 원 수수료가 실제 반복매출로 생긴다.,"이선일이 왜 갑자기 죽었는지, 이영한의 차가운 태도가 무엇을 숨기는지, 불법 복제 공세가 효과를 낼지는 풀리지 않는다","박 팀장에게 증거 전에는 명동 싸움에 개입하지 않겠다고 선을 긋고, 장영주에게 현재그룹 후계 다툼 불개입을 약속한 뒤 강 대위에게 명동 세력과 일본계 자금 흐름을 조용히 추적시킨다",① 린지 흥행과 기하급수 가입·수수료 매출이 101화에 선행투자를 입증한다. ② 이영한의 차가운 악수 뒤 102화는 이선일 죽음과 명동·일본계 자금 추적으로 장르와 위험을 바꾼다.,0.96
DCA-N09,이선일 죽음과 이영한 명동 후계,102,111,102화,111화,10,"김민재, 태우, 이영한, 김태중, 강 대위, 이준수, 이 상무, 다이먼, 스티브, 이선일, 박광도, 애플","강 대위 사무실, 청와대, 명동, 태우, 일본, 한국, 미국, 태우통신, 부산, 월가","102화 L18662~L18838에서 이선일 장례식에서 손자 이영한에게 불길함을 느낀 직후, 박동하 팀장이 건강했던 회장의 심장마비를 의심한다 박 팀장에게 증거 전에는 명동 싸움에 개입하지 않겠다고 선을 긋고, 장영주에게 현재그룹 후계 다툼 불개입을 약속한 뒤 강 대위에게 명동 세력과 일본계 자금 흐름을 조용히 추적시킨다",이선일의 죽음을 둘러싼 일본 대부업·오성파를 걷어 내 이영한에게 명동 70%를 넘기면서 태우 게임단·OTT 준비도 지킬 수 있는가?,두 후계 후보 중 누구도 성급히 밀지 않고 이선일과의 약속을 지킬 사람을 증거로 가려내는 신중한 승계전,"일본 대부업은 양지 진출까지 노리고, 우성일은 인터넷 TV 수요와 과투자를 의심하며, 영화 배급·불법 다운로드·미성숙 블루투스 기술도 발목을 잡는다",다이먼은 명동 싸움을 김두한처럼 일본 자금을 몰아내는 한일전으로 받아들여 돈뿐 아니라 선전전까지 자청한다,"오성파 두목이 체포되고 이영한은 명동 70%를 접수하며, 태우 게임단은 숙소·장비·선수 계약과 케이블 공식대회 중계까지 준비를 마친다",이영한은 김민재를 할아버지 죽음을 캐는 외부인에서 오성파·일본계 자금선을 끊어 준 공동 복수자로 인정하고 명동 70%의 새 주인으로 선다.,의사·오성파·박동하·일본계 대부업 연결이 해체되고 이영한은 명동 자금 70%와 음지 정보망을 승계한다.,"박동하의 고립이 최종 퇴장으로 이어질지, 인터넷 TV가 OTT 이용을 되살릴지는 남아 있다","김태중의 IT 계열분리 제안을 주주와 폭락 방어 논리로 막고, 이준수 구속 뉴스를 확인한 뒤 왕자의 난 시점에 맞춰 현재 반도체를 빼앗고 배터리 투자를 키우겠다고 밝힌다",① 오성파 두목 체포·이영한의 명동 70% 접수와 게임단 계약·중계 준비가 111화에 결산된다. ② 112화는 IT 계열분리 저지와 현재반도체·배터리 탈취 계획으로 가족·산업 권력전이 전면에 선다.,0.96
DCA-N10,통신 카르텔과 강민 교육 역전,112,116,112화,116화,5,"김민재, 태우, 김태중, 강민, 이준수, 이영한, 트럼프, 다이먼, 우성일, 로만, 이주영, 이 상무","국회, 청와대, 회장실, 태우, 태우통신, 일본, 태우전자, 명동, 미국, 한국","112화 L20421~L20584에서 1999년 3월 태우통신은 게임단 효과로 KS를 약 5% 앞서고, 자동차·IT·금융 계열사는 외환위기 뒤 빠르게 성장한다 김태중의 IT 계열분리 제안을 주주와 폭락 방어 논리로 막고, 이준수 구속 뉴스를 확인한 뒤 왕자의 난 시점에 맞춰 현재 반도체를 빼앗고 배터리 투자를 키우겠다고 밝힌다",통신 카르텔의 단말·LCD·장기약정 장벽을 깨고 300억 달러 일본계 계약과 강민 교육 유료화를 동시에 수익화할 수 있는가?,회귀 직후의 태우그룹 생존 약속을 명시적으로 결산하고 반도체·배터리라는 두 번째 장기 목표로 넘어가는 전환점,"셋톱박스 원가 때문에 저가 판매는 적자가 나고, CL 단일 LCD 조달과 삼진·CL 특허 충돌 가능성, 장기 약정 비용이 부담이다",TV 하드웨어 손실을 태우통신의 3년 고객 고정과 OTT·음원 수익으로 회수하면 전자·통신·IT 세 곳이 동시에 이기는 구조가 된다,"일본 대부업체를 상대로 한 300억 달러 계약이 전량 체결되고, 태우통신은 2위와 10% 넘는 격차를 유지하며 인터넷 강의 일부 유료화까지 확정한다","통신 카르텔에 이용되던 강민은 김민재의 교육·보호를 받아 독자적으로 선택할 후배가 되고, 기존 통신사 사장들은 청소년을 얕본 대가로 협상주도권을 잃는다.",통신 카르텔의 가격·망 장벽이 깨지고 강민에게 교육자원과 실전 역할이 배정돼 태우의 차세대 인재선이 생긴다.,"닷컴 거품이 실제로 터져 계약금이 회수될지, 2000년의 재계 1위 교대가 어떤 사건으로 확정될지가 남는다","김태중에게 AI·로봇·배터리 투자의 10년 로드맵을 설득하고 올해 안 진지한 만남을 약속한 뒤, 박만덕에게 상반기 펀드를 채권 위주로 운용하라며 책임을 자신이 진다고 지시한다",① 일본 대부업체 300억 달러 전량계약과 통신 10% 격차·인터넷강의 유료화가 116화의 숫자 영수증이다. ② 117화 AI·로봇·배터리 10년 로드맵과 채권운용 지시는 단기 통신승리 뒤 장기 승계시험을 연다.,0.96
DCA-N11,35대3 부회장·푸틴·장수영 축출,117,124,117화,124화,8,"김민재, 태우, 김태중, 푸틴, 장영준, 장경준, 장수영, 다이먼, 사장단, 로만, 장남, 강 대위","회장실, 강 대위 사무실, 태우 본사, 부회장실, 백악관, 태우, 러시아, 일본, 한국, 월가","117화 L21298~L21474에서 1999년 마지막 밤 태우는 가만히 있어도 재계 1위를 넘보지만, 민재는 수성하려면 10년 이상 적자를 견딜 미래산업과 거품 방어가 필요하다고 본다 김태중에게 AI·로봇·배터리 투자의 10년 로드맵을 설득하고 올해 안 진지한 만남을 약속한 뒤, 박만덕에게 상반기 펀드를 채권 위주로 운용하라며 책임을 자신이 진다고 지시한다",35대3로 부회장 권한을 얻은 김민재가 푸틴 자원선과 월가 위험분산을 지키면서 장수영을 포함한 구세대 물갈이를 감당할 수 있는가?,"새천년 조손 대화로 세계 1위 로드맵과 가족 약속을 세우고, 곧바로 현재그룹 왕자의 난을 현실로 여는 전환","월가는 예전 매도가를 요구하며 협박하고, 야쿠자계 대부업체는 계약금 전액 회수가 어려워 SAVE가 채권을 계속 들면 할복식 부도 위험을 떠안는다",파생상품 계약서를 본 월가 인사들의 탐욕이 살아나면서 공격 대상이 SAVE에서 일본 대부업체로 순식간에 바뀐다,"러시아 천연자원 개발과 현지 자동차·전자 공장 혜택이 김태중에게 전달되고, 월가를 섞어 위험을 분산하는 사업안도 승인을 얻는다","사장단 35대3 표결은 김민재에게 공개 충성을 보여 주고, 푸틴과의 교섭은 그를 국내 후계자가 아닌 국가급 협상상대로 격상시킨다. 장수영은 마지막 내부 반대축에서 밀려난다.",김민재는 태우 부회장 직책과 계열사 지휘권을 얻고 러시아 통로를 확보하며 장수영의 경영권은 축출된다.,"마음이 상한 장수영이 실제 사표 뒤 어떤 행동을 할지, 민재와 김태중 사이의 관계 비용이 얼마나 번질지는 남는다","이주영에게 추가 출혈 없이 15% 격차를 유지시키고, 박만덕에게 계열사 자사주 매입과 애플 장기 보유를 제안한 뒤 장경준에게 현재건설의 10월 어음과 1조 원대 이라크 미수금·총 2조 원대 손실을 짚어준다",① 러시아 자원개발·현지공장 혜택과 월가를 섞은 위험분산안이 124화에 김태중의 승인을 받는다. ② 125화의 현재건설 2조 원대 손실 점검은 인사갈등에서 현재그룹 부도·반도체 인수로 목표를 이동시킨다.,0.96
DCA-N12,현재건설 부도에서 태우반도체 인수·아이폰 수요,125,134,125화,134화,10,"김민재, 태우, 김태중, 애플, 스티브, 장경준, 장영준, 부시, 유석재, 데이비드, 고승택, 웨이","회장실, 부회장실, 강 대위 사무실, 백악관, 사장단 회의실, 청와대, 태우, 애플, 태우전자, 미국","125화 L22794~L22969에서 부회장 취임 뒤 한 달간 인사명부를 재편하는 사이 닷컴 폭락이 계열사 주가를 누르지만 통신·게임·태우증권은 선점 효과를 거둔다 이주영에게 추가 출혈 없이 15% 격차를 유지시키고, 박만덕에게 계열사 자사주 매입과 애플 장기 보유를 제안한 뒤 장경준에게 현재건설의 10월 어음과 1조 원대 이라크 미수금·총 2조 원대 손실을 짚어준다",현재건설 부도와 왕자의 난을 이용해 태우반도체를 얻고 아이폰이 요구할 반도체 수요까지 선점할 수 있는가?,다이블로2·인터넷 TV·교육의 점유율 보상과 채권 펀드의 역주행을 확인한 뒤 현재건설 부도 시계를 구체화하는 폭풍전야,아이폰 일정은 급하지만 조급함을 보이면 부채 조건이 불리해진다,반도체 협상과 그룹 지분 방어가 하나의 자금 배치로 묶인다,"아이폰의 CES 공개·음악·OTT 실연, 태우전자·태우통신 공식 언급, 애플 주가 반등과 최소 300만 명 대기수요를 확인하고 태우IT 50명 지원을 정한다. 정식 출시·반도체 수율 70%는 아직 남는다.","김태중과 김민재는 현재건설 부도·반도체 인수를 놓고 충돌하지만 손자가 적자사업을 책임지겠다는 조건으로 역할을 재협상하고, 현 반도체 인력은 해고자가 아니라 태우 기술진으로 받아들여진다.",현재건설 부도자산이 정리되고 현 반도체는 태우반도체로 편입되며 아이폰 수요에 대응할 생산·기술 기반이 생긴다.,아이폰 정식 출시·오류 최적화; 반도체 수율 70%; 부시 정권 첫 접촉,부시 취임식 참석 뒤 윤현길 측의 수사 모의를 파악하고 중국의 쩡홍친을 만나러 간다,① 134화의 애플 주가·태우반도체 수요 회복이 부도 매입의 산업가치를 확인한다. ② 135화 부시 취임식과 윤현길 수사모의는 기업인수에서 대통령·검찰 방패전으로 상대를 바꾼다.,0.96
DCA-N13,윤현길 미끼와 김태중 무혐의 보호,135,142,135화,142화,8,"김민재, 태우, 윤현길, 김태중, 장수영, 장영준, 강 대위, 기획실장, 쩡훙친, 장경준, 푸틴, 마화명","국회, 회장실, 강 대위 사무실, 백악관, 부회장실, 태우, 중국, 한국, 검찰, 베트남",135화 L24614~L24799에서 민재는 부시 취임식 참석으로 이름을 알렸지만 별도 공장 협상은 하지 않았다 부시 취임식 참석 뒤 윤현길 측의 수사 모의를 파악하고 중국의 쩡홍친을 만나러 간다,윤현길의 수사 미끼를 역이용해 김태중 무혐의와 경영승계를 지키되 공격 배후를 드러내지 않을 수 있는가?,미국 홍보 효과와 국내 정적의 움직임이 중국 일정으로 이어진다,자료를 한꺼번에 쓰면 배후가 드러나고 수사가 격화될 수 있다,"3국 자료가 윤현길의 정치 인생을 끝낼 규모임을 확인하고, 장영주 별세 뉴스에 묻힐 가장 약한 건부터 태우 친화 언론에 제보한다.","윤현길의 평생 미끼·정보보고 약속과 태우 보좌관·24시간 감시선을 확보하고, 김태중의 즉시 완전은퇴 대신 1년 베트남 체류·김민재 임시 경영 구도를 얻는다. 회장 승계는 아직 공식 실행되지 않는다.","김민재는 윤현길의 미끼에 걸린 김태중을 보호하며 손자에서 방패가 되고, 김태중은 자신의 공신보다 손자의 증거판단을 우선하는 쪽으로 신뢰를 돌린다.",검찰의 핵심 혐의가 무혐의로 꺾이고 윤현길의 공격선이 노출돼 태우 총수 일가의 법적 생존과 역공자료가 확보된다.,김태중 없는 그룹 경영; 한 달 남은 아이폰 국내 출시; 공식 회장 승계 시점,통신 카르텔과 직접 협상이 깨지자 데이비드를 미국으로 보내 통상 문제화를 준비한다,① 김태중 무혐의·윤현길 정치통발·1년 베트남 체류와 김민재 임시경영이 142화에 확보되지만 공식 회장 승계는 남는다. ② 143화의 통신 카르텔 협상 파기와 데이비드 통상압력은 검찰 방어 뒤 아이폰 국내출시 규제로 전장을 옮긴다.,0.96
DCA-N14,WIPI 통상압력과 부품 분열,143,146,143화,146화,4,"김민재, 태우, 애플, 오희건, 기획실장, 데이비드, 장경준, 로만, 부시, 강 대위, 김태중, 스티브","백악관, 청와대, 강 대위 사무실, 태우 본사, 부회장실, 회장실, 태우, 한국, 미국, 삼진전자",143화 L26108~L26283에서 태우 실권을 맡자 통신사·전자회사 카르텔이 무선인터넷 규제로 국내 아이폰 판매를 막으려 한다. 통신 카르텔과 직접 협상이 깨지자 데이비드를 미국으로 보내 통상 문제화를 준비한다,WIPI와 통신·단말 카르텔을 미국 통상압력과 부품사 분열로 꺾어 아이폰 국내 판매를 시작하고 부족 물량의 생산 협상까지 열 수 있는가?,국내 담합을 국제 통상전으로 뒤집는 첫 수를 보여 준다,통신·단말 카르텔은 정치 압박을 무시하고 계속 버틴다,규정 방패가 제거된 것이 아니라 정부가 철회를 명령한 단계에 도달한다,WIPI 강제탑재 연기라는 국내 판매허가와 판매 첫 반나절 2만 대·3만 명 넘는 예약을 얻는다. 태우전자 국내 생산은 협의 지시 단계라 실제 물량은 아직 나오지 않았다.,부품사와 통신사는 WIPI 장벽 앞에서 이해가 갈리지만 김민재는 미국 통상압력까지 끌어와 각 회사를 태우 중심 공급연합으로 묶는다.,WIPI 강제탑재는 연기되고 아이폰은 첫 반나절 2만 대 판매·3만 명 넘는 예약을 얻는다. 태우전자의 국내 생산은 높은 단가를 감수한 협의 지시 단계다.,태우전자 국내 생산 협의·추가 물량 확보; 태우통신 고객 전환,초도 10만 대가 일주일 만에 매진되자 500곳 넘는 매장에 와이파이·충전망을 설치한다,① 146화에는 WIPI 연기와 첫 반나절 2만 대 판매·3만 명 넘는 예약이 지급되고 국내 생산은 협의 지시로 남는다. ② 147화 초도 10만 대 완판과 500곳 와이파이·충전망은 규제전의 문을 실제 소비자 생태계로 바꾼다.,0.96
DCA-N15,아이폰·애플AI·아마존 로봇 계약,147,150,147화,150화,4,"김민재, 태우, 애플, 제프리, 스티브, 데이비드, 오희건, 이주영, 우성일, 마크, 기획실장, 김태중","백악관, 부회장실, 태우자동차 공장, 회장실, 태우, 애플, 태우전자, 미국, 한국, 중국",147화 L26782~L26941에서 규제는 풀렸지만 국내 조립비와 초기 수요가 아이폰 성패를 가른다 초도 10만 대가 일주일 만에 매진되자 500곳 넘는 매장에 와이파이·충전망을 설치한다,아이폰 완판을 애플 AI·TV 지분과 아마존 로봇·스마트팩토리 계약으로 확장해 태우의 기술생태계를 만들 수 있는가?,10만 대 매진과 와이파이망이 카르텔전 승리를 실물로 증명한다,AI 상용화 불확실성과 양사의 지적재산권 욕심이 맞선다,태우의 자금과 애플 기기를 결합한 공동 연구 구조가 성립한다,아마존 로봇 파트너십과 데이비드의 8월 전 WTC 장기임차 성사 약속을 얻는다.,"애플·태우 AI팀과 아마존은 김민재를 단순 투자자가 아니라 지분·독립경영을 나누는 제품동맹의 설계자로 받아들이고, 직원들은 500곳 충전·와이파이망을 함께 만드는 실행집단이 된다.","아이폰 10만 대 완판, 애플 AI 50대50·TV 70대30 구조와 아마존 로봇·스마트팩토리 계약이 서명된 기술생태계로 남는다.",스마트팩토리 설계; WTC 장기 임차,99년 32억 달러 임차를 확정하고 모든 보험을 든 뒤 두 동을 비우는 리모델링과 구조 인력 배치를 지시한다,① 아마존 로봇 파트너십과 150화 말미 WTC 장기임차 약속이 기술계약 묶음을 닫는다. ② 151화 99년·32억 달러 임차와 건물 비우기는 뉴욕 생존전의 실제 실행을 시작한다.,0.96
DCA-N15B,WTC 99년 임차와 9·11 생존·미국 방패,151,153,151화,153화,3,"김민재, 태우, 데이비드, 힌톤, 조지, 다이먼, 조지 슐츠, 부시, 강 대위, 로만, 제프리, 장수영","백악관, 강 대위 사무실, 부회장실, 회장실, 태우, 미국, SAVE, 태우건설, 한국, 월가",151화 L27464~L27639에서 WTC 장기리스 협상이 계약으로 돌아오고 9월의 위험 시계가 다가온다 99년 32억 달러 임차를 확정하고 모든 보험을 든 뒤 두 동을 비우는 리모델링과 구조 인력 배치를 지시한다,WTC 두 동을 99년 임차해 비우고 구조대를 배치함으로써 9·11 무사망·붕괴통제와 미국 자동차시장 방패를 함께 얻을 수 있는가?,99년 사용권을 사람을 살리는 공사장으로 바꾸는 준비를 지급한다,비행기 탑승자 희생과 미국 전역의 공황은 막을 수 없다,WTC 내부 사망자가 없고 건물 붕괴도 현장 장비로 통제된다,AI 스승과 미국 자동차시장 방패를 동시에 얻는다,"제임스 힌톤과 미국 구조기관은 김민재를 빌딩 임차인이 아니라 사람을 먼저 비운 협력자로 인정하고, 김태중은 손자의 위험한 예지를 미국 방패로 받아들인다.","WTC 99년·32억 달러 임차, 입주자 비움과 구조대 배치로 9·11 무사망·붕괴통제가 이루어지고 반덤핑·SAVE 보호선이 생긴다.",미국 정치 방패; 전쟁 불개입 경계,"김태중의 회장직 제안과 베트남 귀환 뒤에도 혼자면 승계하겠다는 결혼 최후통첩을 받는다. 백악관의 명예시민권 발표와 태우자동차 반덤핑 재량을 확인하고, 아이폰 40만 대·조너선이 참여한 애플-태우 TV 진행을 보고받아 추석 상여금 200~300%와 TV 개발진 최고등급 지급을 지시한다. 마지막에 세이월드 대표 면담 약속을 알아보게 한다.",① WTC 생존·제임스 힌톤 영입과 미국 반덤핑 재량이 153화에 별도 생존보상으로 닫힌다. ② 154화 귀국 회장실의 승계·결혼 대화와 아이폰·TV 보고는 뉴욕 재난에서 가족·국내경영으로 공간을 돌린다.,0.96
DCA-N16,세이월드 대신 SNS·메신저·숏폼 창업자 계약,154,159,154화,159화,6,"김민재, 태우, 애플, 스티브, 김태중, 다이먼, 임재범, 서문영, 오희건, 조나단, 데이비드, 서광수","백악관, 강 대위 사무실, 회장실, 부회장실, 태우 본사, 태우, 태우전자, 미국, 한국, 애플","154화 L28006~L28171에서 9·11 대응과 미국 정치방패를 마련한 김민재가 귀국하자 김태중도 베트남에서 돌아와 회장실에서 기다린다. 김태중의 회장직 제안과 베트남 귀환 뒤에도 혼자면 승계하겠다는 결혼 최후통첩을 받는다. 백악관의 명예시민권 발표와 태우자동차 반덤핑 재량을 확인하고, 아이폰 40만 대·조너선이 참여한 애플-태우 TV 진행을 보고받아 추석 상여금 200~300%와 TV 개발진 최고등급 지급을 지시한다. 마지막에 세이월드 대표 면담 약속을 알아보게 한다.",세이월드 인수 실패 뒤 독자 SNS·메신저·숏폼 창업자를 확보하면서 카드대란이라는 다음 금융기회까지 놓치지 않을 수 있는가?,"김태중의 승계·결혼 압박, 백악관의 미국 방패, 아이폰·TV·상여금 영수증을 받은 뒤 세이월드라는 다음 SNS 표적만 연다.","1,000명 조직의 병렬개발은 생산성 부담이 크고 장기휴가·안식년은 성장 조건부다. 다이먼은 5년 뒤 부동산 붕괴를 허황되게 여기며 카드사들은 이미 발급경쟁에 취해 있다.","SNS 복지 발표로 직원들이 개발에 뛰어든 뒤, 다이먼과의 대화가 닷컴 자금의 부동산 이동·파생상품 폭발 가능성에서 한국 카드대란이라는 즉시 실행 표적으로 좁혀진다.",메신저와 짧은 영상 SNS의 핵심 창업자·기술을 선점한다,"김태중은 회장직과 결혼을 함께 압박하며 손자의 사적 미래에 개입하고, 서광수와 새 창업자들은 세이월드 인수 실패를 독립 SNS·메신저·숏폼 동맹으로 바꾼다.","백악관 명예시민권·태우차 반덤핑 재량, 아이폰 40만 대·애플TV·200~300% 보너스 뒤 SNS 제작팀과 창업자 계약이 태우 플랫폼군으로 자리 잡는다.",코코아톡; 하두리형 SNS 개발·결합,박만덕과 이영한에게 CL카드 채권·10조 원대 유동성을 설명하고 대출 차단·채권 압박·부실 발급 가속을 맡긴다,① 새 SNS와 메신저·짧은영상의 창업자·기술이 159화까지 태우 편으로 들어온다. ② 160화 CL카드 채권·10조 원대 유동성 압박은 IT 복수에서 카드·은행 회수전으로 돈의 종류를 바꾼다.,0.96
DCA-N16B,CL카드·태우카드·외환은행 회수,160,166,160화,166화,7,"김민재, 태우, 다이먼, 애플, 김태중, 기획실장, 스티브, 이영한, 박만덕, 고승택, 강 대위, 이일석","회장실, 부회장실, 청와대, 강 대위 사무실, 태우, 외환은행, CL카드, 명동, 애플, 태우전자",160화 L29002~L29175에서 CL카드 부실을 싸게 인수하려면 현금서비스와 채권 유동성을 먼저 막아야 한다 박만덕과 이영한에게 CL카드 채권·10조 원대 유동성을 설명하고 대출 차단·채권 압박·부실 발급 가속을 맡긴다,"CL카드의 과잉발급을 채권·대출차단으로 무너뜨려 태우카드와 외환은행 인수우위, 가전판매 반등까지 회수할 수 있는가?",명동이 카드사의 돈줄을 끊어 위기를 앞당기는 금융 역공을 보여 준다,성적이 나오기 전 광고비와 정치 후원 거절의 후폭풍이 있다,회귀 지식이 4강 성과의 광고 권리를 싼값에 잠근다,외환은행 인수 우위와 가전 매출 반등을 얻는다,"다이먼은 카드업계 과열을 경고받는 외부 은행가에서 김민재와 함께 CL카드·외환은행을 회수하는 금융동맹으로 복귀하고, 카드 임직원은 새 통제 아래 생존조건을 얻는다.",CL카드·태우카드와 외환은행 지분·결제망이 태우 쪽으로 이동해 카드채 위기를 흡수할 소유구조가 생긴다.,외환은행 최종 계약; 신혼부부 할인 행사,탈락 이력서까지 보름 동안 훑어 A급 다섯 명을 인턴으로 넣고 프로그래밍·알고리즘 S급 천민정을 추적해 술집에서 만난다,① 외환은행 인수우위와 가전매출 반등이 166화에 카드대란 수확으로 남는다. ② 167화 탈락 이력서와 술집의 천민정 추적은 금융사 인수에서 핵심인재 보호·영입으로 질문을 교대한다.,0.96
DCA-N17,천민정 보호와 비트코인·AI·SNS 실전배치,167,176,167화,176화,10,"김민재, 태우, 천민정, 서정준, 강 대위, 서광수, 기획실장, 힌톤, 데이비드, 김태중, 마크, 우성일","부회장실, 회장실, 강 대위 사무실, 태우병원, 태우, 한국, 미국, 태우전자, 검찰, 경기",167화 L30225~L30423에서 태우그룹은 인수와 신사업 확장으로 연간 2만 명 채용이 필요하다 탈락 이력서까지 보름 동안 훑어 A급 다섯 명을 인턴으로 넣고 프로그래밍·알고리즘 S급 천민정을 추적해 술집에서 만난다,천민정의 사채·가족·비행 공포를 해결하고 비트코인·AI·SNS를 실제 담당할 인재와 서광수의 한국형 페이스북 반격을 배치할 수 있는가?,학벌에 가린 천재를 민재가 직접 찾아내는 인재 선점 보상을 건다,선수 계약·취업비자와 천민정의 비행 공포·가족 사채 빚이 각자의 다음 선택을 묶는다,천민정은 100명이 풀지 못한 호환 문제를 며칠 만에 고치고 가장 큰 성과급을 받을 새 일을 요구한다,서광수 영입을 확정하고 옛 개발진 회수와 한국형 페이스북 반격을 시작한다,"김민재는 가난과 검사 아들의 압박을 받던 천민정에게 연봉·가족빚·동생보호를 함께 주고, 천민정은 고용인이 아니라 평생 결과로 보답할 핵심 파트너를 선택한다.",천민정은 태우의 정식 AI 인재와 결정권자가 되고 비트코인·SNS·번역·보안 기술이 실제 사업에 배치된다.,세이월드 개발진 회수·한국형 페이스북 반격; 김태중과 천민정의 첫 단독 식사·직장 상실 두려움,김태중은 과거 결혼 압박을 사과하며 손자 곁에 있어 달라고 말하고 민재는 다이먼에게 실리콘밸리 영업 지원을 약속한 뒤 천민정과 호텔 회의실로 간다,① 서광수 영입과 옛 개발진 회수·SNS 반격이 176화에 인재전의 성과로 확정된다. ② 177화 김태중의 사과와 천민정 곁을 부탁하는 말은 채용관계를 가족 허락과 신뢰 문제로 바꾼다.,0.96
DCA-N18,가족 허락과 페이팔·머스크 기술방패,177,180,177화,180화,4,"김민재, 태우, 천민정, 머스크, 데이비드, 다이먼, 김태중, 힌톤, 애플, 기획실장, 스티브, 피터 틸","강 대위 사무실, 한국, 미국, 태우, SAVE, 중국, 외환은행, 삼진전자, 애플, 러시아",177화 L32081~L32276에서 천민정은 김태중과의 식사에서 직장과 민재 곁을 잃을까 두려워한다 김태중은 과거 결혼 압박을 사과하며 손자 곁에 있어 달라고 말하고 민재는 다이먼에게 실리콘밸리 영업 지원을 약속한 뒤 천민정과 호텔 회의실로 간다,김태중의 가족 허락을 얻은 뒤 페이팔·머스크·힌톤을 기술방패로 묶어 시리와 IIT 한국캠퍼스의 인재공급선을 만들 수 있는가?,회귀 직후 지키려 한 가족이 민재의 새 관계까지 품는 정서적 보상을 준다,페이팔은 적자이고 창업자들은 매각 뒤 흩어지려 하며 머스크는 원치 않은 매각에 화가 나 있다,결제망만 사는 거래가 위튜브 창업자 후보와 전기차·에너지·우주에 집착하는 머스크를 만나는 자리로 확장된다,"영어 90% 이상·한국어 80% 이상·평균 75% 이상의 음성인식과 알람·전화·간단 메시지를 아이폰에서 실제 작동시킨 약인공지능을 확인하고, IIT 한국 캠퍼스로 힌톤팀 교수직·인재공급을 묶을 목표를 세운다. IIT 유치는 아직 계획이다.","김태중은 천민정과 손자의 만남을 허락하고 언론방어까지 자청해 고용관계를 가족 후보로 받아들이며, 머스크·페이팔 팀은 김민재와 상호 기술방패를 맺는다.",천민정은 그룹과 가족 모두의 보호를 받고 페이팔·머스크 지분·기술선이 태우의 결제·우주·차량 기반에 연결된다. 영어 90% 이상·한국어 80% 이상 음성인식은 아이폰에서 작동하고 IIT 한국 캠퍼스는 유치목표로 열린다.,다음 아이폰 음성비서 탑재·상용화; IIT 한국 캠퍼스 정치·교육 협상과 실제 유치,강 대위와 국세청 인맥을 움직여 KS해운 비자금·현금 차량을 추적하고 야당과 검찰에 정보를 흘리게 한다,① 영어 90% 이상·한국어 80% 이상·평균 75%의 음성인식과 아이폰 작동은 180화에 확인되고 IIT 유치는 목표로 남는다. ② 181화 KS해운 비자금 차량 추적은 실리콘밸리 협상에서 국내 불법대선자금 공격으로 장소와 상대를 바꾼다.,0.96
DCA-N18B,KS 불법 대선자금과 세이월드 역공,181,183,181화,183화,3,"김민재, 태우, 서광수, 강 대위, 서문영, 임재범, 애플, 김정빈, 박동희, 기획실장, 살만, 스티브","강 대위 사무실, 부회장실, 국회, 회장실, 검찰, 태우, 한국, CES, 미국, 애플",181화 L32798~L32963에서 여당 후보가 2% 차로 당선되고 야당은 재검표와 재벌 자금 수사를 벼른다 강 대위와 국세청 인맥을 움직여 KS해운 비자금·현금 차량을 추적하고 야당과 검찰에 정보를 흘리게 한다,KS 불법 대선자금을 검찰·야당에 흘려 정권의 공격선을 끊고 세이월드 출신 인력과 틱택톡 공동대표를 태우로 옮길 수 있는가?,돈을 주지 않은 태우가 경쟁 재벌의 불법 자금을 역공 재료로 쓰는 정치 보상을 준다,검찰이 새 정권 눈치를 보면 사건이 축소될 수 있고 세이월드 직원 피해도 남는다,언론과 야당까지 움직이자 검찰이 KS 본사 압수수색에 들어가고 박동희는 경질된다,틱택톡 공동대표 두 명과 세이월드 출신 인력의 이동 선택권을 확보한다,"세이월드와 KS의 정치자금 공모가 드러나며 서광수는 빼앗긴 창업자에서 역공의 증언자로 서고, 김민재·최재석 동맹은 불법 대선자금을 함께 끊는 정치방패로 굳어진다.",KS 불법 대선자금 증거와 세이월드 대응권이 확보돼 통신·정치 카르텔을 수사와 시장에서 동시에 압박할 수 있다.,틱택톡 출시; 태우·애플 비밀제품 공개,태우IT 회의에 게임사 대표들을 불러 채굴 보상·아이템 결제·국경 없는 거래를 제안하고 사용량 제한과 지역락 방어책을 확인한 뒤 샌프란시스코로 간다,① 틱택톡 공동대표 둘과 세이월드 인력의 이동 선택권이 183화에 인재보상으로 남는다. ② 184화 게임사 회의의 비트코인 채굴·아이템결제는 정치자금 역공 뒤 디지털화폐 실전으로 이동한다.,0.96
DCA-N18C,비트코인 게임결제와 WWDC 시리·IoT 시연,184,186,184화,186화,3,"김민재, 스티브, 태우, 애플, 힌톤, 다이먼, 데이비드, 천민정, 구글, 로만, 마크, 할 핀니","태우, 애플, 태우전자, 한국, 구글, CES, 미국, 중국, SAVE, 태우IT",184화 L33295~L33460에서 틱택톡은 출시를 준비하고 비트코인은 개발됐지만 아직 쓸 곳과 가치가 부족하다 태우IT 회의에 게임사 대표들을 불러 채굴 보상·아이템 결제·국경 없는 거래를 제안하고 사용량 제한과 지역락 방어책을 확인한 뒤 샌프란시스코로 간다,비트코인을 게임결제에 넣고 WWDC에서 시리·IoT를 시연해 애플의 무선이어폰·스마트워치 공동개발을 끌어낼 수 있는가?,가상화폐를 게임 거래에 심어 첫 사용처를 만들고 WWDC 무대로 이동한다,초반 관객은 태우가 혁신을 말하는 것을 비웃고 공개 시연 실패 위험도 크다,무선 음성 명령으로 집과 차가 실제 움직이자 냉담하던 개발자들이 함성과 박수를 보낸다,에어팟·스마트워치급 공동개발 의제와 애플의 지원 약속을 얻는다,게임사와 개발자는 비트코인을 투기대상이 아니라 결제도구로 시험하며 김민재를 규제회피자가 아닌 제품실험의 보증인으로 따른다. 애플 무대의 천민정도 공개 기술동료로 인정받는다.,"비트코인 게임결제, WWDC의 시리·IoT 시연과 태우 기술연동이 실제 사용자·개발자 앞에서 검증된다.",무선이어폰·스마트워치 개발; 아이폰 후속 생산,우성일에게 과소 생산계획 책임을 묻고 베트남 공장 확대와 인도 대규모 가전 공장 신설을 검토시킨다,① 에어팟·스마트워치 공동개발 의제와 애플 지원약속이 186화 시연보상으로 열린다. ② 187화 우성일의 생산계획 질책과 인도·베트남 공장 검토는 제품 공개에서 대량생산·교육기지로 전환한다.,0.96
DCA-N19,인도 공장·IIT와 아노르 프리미엄 동맹,187,191,187화,191화,5,"김민재, 태우, 델핀, 애플, 데이비드, 미모안 싱, 델핀 아노르, 우성일, 스티브, 기획실장, 김태중, 로만","부회장실, 회장실, 베트남 공장, 태우, 인도, 한국, 태우전자, 중국, IIT, 애플",187화 L33839~L34048에서 WWDC 시연으로 태우 가전 주문이 폭증했지만 국내 공장은 물량을 대지 못한다 우성일에게 과소 생산계획 책임을 묻고 베트남 공장 확대와 인도 대규모 가전 공장 신설을 검토시킨다,인도 가전공장·IIT 한국캠퍼스와 아노르 명품동맹을 성립시켜 생산·인재·브랜드를 한꺼번에 끌어올릴 수 있는가?,세계적 브랜드 상승을 매출로 확인한 뒤 생산 병목을 해외 공장으로 푼다,교육 자산을 빼앗긴다는 여론과 새 공장 완공 전까지 계속될 품절이 비용이다,한국과 인도의 오래된 인연을 앞세우면 IIT 진출과 대규모 고용을 함께 설명할 수 있다는 명분이 생긴다,유럽 명품 동맹과 깨끗한 경제인·정치인 연합이라는 목표를 함께 얻는다.,인도 정부·IIT와 아노르 브랜드는 김민재를 값싼 생산기지 구매자가 아니라 교육·공장·프리미엄 유통을 함께 내놓는 장기 상대자로 받아들인다.,인도 공장·IIT 인재통로와 아노르 프리미엄 브랜드 입점권이 태우의 생산·교육·소비시장 기반으로 묶인다.,경제정치 연합의 인물·규모·구조,최재석에게 이번 주 안에 후보 약 50명을 추려 보고해 달라고 맡긴다. 강 대위가 보여 준 영상에서는 불량학생 4~5명이 천민정의 동생 머리를 후려치고 식판에 침을 뱉는 장면을 확인한다.,① 유럽 명품동맹과 깨끗한 경제인·정치인 연합목표가 191화에 다음 확장권으로 남는다. ② 192화 최재석 후보선별과 천민정 동생 폭행영상은 해외 생산동맹을 정치방벽·가족보호로 급전환한다.,0.96
DCA-N20,천민우 보호와 국민경제당·원자재 임무,192,199,192화,199화,8,"김민재, 태우, 추영택, 천민우, 천민정, 최재석, 델핀, 김태중, 기획실장, 조영희, 강 대위, 서정준","국회, 부회장실, 강 대위 사무실, 회장실, 태우, 한국, 미국, 검찰, 칠레, 중국",192화 L34777~L34942에서 민재는 국회의원 20명 이상 교섭단체를 출발점으로 경제정당을 만들려 한다 최재석에게 이번 주 안에 후보 약 50명을 추려 보고해 달라고 맡긴다. 강 대위가 보여 준 영상에서는 불량학생 4~5명이 천민정의 동생 머리를 후려치고 식판에 침을 뱉는 장면을 확인한다.,천민정의 동생을 학교·검찰 권력에서 보호하면서 국민경제당 후보망과 원자재 임무를 실제 조직으로 세울 수 있는가?,거대 양당에 끌려가지 않을 정치 방벽을 설계하던 순간 천민정의 동생에게 가해진 구체적 학교폭력이 침입한다.,협력사 배제는 태우에도 공급 비용을 만들고 천민정은 자신의 일 때문에 동생이 더 위험해질까 죄책감을 느낀다,민재는 기업 한 곳보다 천민정의 능력과 신뢰가 훨씬 큰 자산이라고 선을 긋는다,"희토류·리튬·식각가스·불화수소의 매장국·생산업체 조사와 광산 매입계획 담당을 태우상사·태우화학에 확정하고, 국민경제당 정치인 약 40명 영입과 경제공약 선거전략을 확인한다. 공급망 목록·광산 소유권은 아직 미지급이다.","천민우는 숨은 피해학생에서 김민재가 교실에서 안아 공개 보증한 태우 가족이 되고, 최재석은 보호행동과 공급망 임무를 함께 맡는 정치동맹으로 깊어진다.",학폭 증거·정식 학폭위·검찰 윗선 압박이 실행되고 국민경제당 후보선별·원자재 조사까지 담당자가 정해진다.,희토류·리튬 광산 실제 매입; 식각가스·고순도 불화수소 개발; 국민경제당 총선 공약·중도표 검증,투자 제안서를 다시 찾아 김익수를 부회장실로 부른 뒤 국내 서비스만으로는 서버와 저작권 비용을 버티기 어렵고 세계화에는 수백억 원이 든다고 경고한다,"① 학교폭력 증거·공개보호와 정치후보 선별, 원자재 임무가 199화까지 각 담당선을 얻는다. ② 200화 판타지TV 첫 면담은 국내 보호·정치방벽에서 영상플랫폼의 50억 원 합작협상으로 상대를 바꾼다.",0.96
DCA-N20B,판타지TV 50억 합작과 슈퍼볼 영상팀,200,202,200화,202화,3,"김민재, 태우, 김익수, 천민정, 우성일, 데이비드, 애플, 기획실장, 구글, 스티브, 천민우, 채드 헐리","부회장실, 회장실, 태우, 태우전자, 미국, 한국, SAVE, 태우증권, 애플, CES",200화 L36166~L36346에서 프리미엄 가전은 CES에서 주목받고 민재는 슈퍼볼 광고와 개인영상 시장을 준비한다 투자 제안서를 다시 찾아 김익수를 부회장실로 부른 뒤 국내 서비스만으로는 서버와 저작권 비용을 버티기 어렵고 세계화에는 수백억 원이 든다고 경고한다,판타지TV를 50억 원에 독립경영 합작으로 묶고 슈퍼볼 영상팀까지 태우의 글로벌 콘텐츠 공급망으로 만들 수 있는가?,유튜브보다 먼저 움직인 국내 개발자를 만나 세계화의 비용과 선택을 제시한다,김익수는 태우가 자기 기술을 필요로 하지 않는다는 사실과 매각 뒤 정체성 상실을 두려워한다,세계 기업들의 이름을 듣자 김익수가 기획실장이 내민 계약서에 즉시 지장을 찍는다,"태우 광고의 슈퍼볼 송출과 채드·스티브 영입, 영상 공유 서비스의 발상을 얻는다.","김익수는 서버비에 몰린 창업자에서 김민재와 지장을 찍은 합작대표가 되고, 채드 헐리·스티브 첸은 슈퍼볼 무대를 통해 태우 영상팀의 공동 창업자로 붙는다.",50억 원과 애플·구글·아마존 협력조건이 계약되고 판타지TV·글로벌 영상팀의 자금·광고·인력이 생긴다.,영상 플랫폼 출시; 인도 총선·미국 대선 후속,리사 수에게 태우전자 사장·반도체 개발총괄·5배 연봉을 제안한 뒤 답을 기다리며 사우디 왕궁에 프리미엄 가전을 설치하고 무함마드 왕자와 교분을 쌓는다,① 201~202화의 50억 합작제안·영상팀 파이프라인이 플랫폼 거래를 구체화한다. ② 203화 리사 수에게 사장·개발총괄·5배 연봉을 제안하는 장면은 콘텐츠에서 반도체 경영승계로 옮겨 간다.,0.96
DCA-N20C,리사 수 사장 취임과 남미 리튬 권리,203,206,203화,206화,4,"김민재, 태우, 리사, 최재석, 살만, 천민정, 빈 살만, 기획실장, 우성일, 데이비드, 스티브, 애플","국회, 부회장실, 회장실, 태우, 태우전자, 한국, 사우디, 태우IT, 미국, 태우반도체",203화 L36694~L36882에서 위튜브 창업진을 모은 민재는 태우전자와 반도체를 통째로 맡길 수장을 찾는다 리사 수에게 태우전자 사장·반도체 개발총괄·5배 연봉을 제안한 뒤 답을 기다리며 사우디 왕궁에 프리미엄 가전을 설치하고 무함마드 왕자와 교분을 쌓는다,리사 수를 태우전자 사장으로 앉히고 남미 리튬 권리를 확보해 반도체·배터리의 다음 10년을 맡길 수 있는가?,미래 CEO에게 파격 조건을 던지고 사우디 왕가에서 프리미엄 브랜드를 노출한다,탄핵 역풍을 잘못 타면 새 당이 함께 무너지고 남미 광구는 매장량과 정치 위험이 크다,기존 정당이 정쟁에 갇힌 사이 경제·민생 연설이 주목받고 FTA 발효 전 자원 가격차가 열린다,리사 수 영입·취임과 천민정과의 장기 협업축을 확정한다,리사 수는 조직문화 때문에 떠나려던 기술자에서 천민정과 밤새 토론한 뒤 태우전자 사장직·인사전권을 수락하는 공동 기술지휘자가 된다.,"리사 수의 공식 취임·임원교체권, 남미 리튬 광구권과 사우디 판매선이 반도체·배터리의 장기 공급능력으로 붙는다.",태우전자 조직개혁·국민경제당 총선,아마존·구글·애플 CEO가 참여한 경제 대담을 열어 최재석과 나란히 세우고 리사 수에게 퀄컴을 겨눌 팹리스 회사 설립과 투자 재량을 준다,① 리사 수 영입·취임과 천민정 협업축이 206화에 경영권 영수증으로 닫힌다. ② 207화 세계 IT 거물의 국민경제당 공개행사는 기업인재전에서 총선·AI 학습의 정치무대로 넘어간다.,0.96
DCA-N20D,국민경제당 38석과 AI 학습 지급,207,209,207화,209화,3,"김민재, 천민정, 최재석, 태우, 리사, 강 대위, 미모안 싱, 기획실장, 제프리, 스티브, 김태중, 웨이","국회, 부회장실, 회장실, 태우, 한국, 인도, 태우반도체, IIT, 미국, 태우전자",207화 L37419~L37592에서 리사 수가 태우전자 사장으로 출발하고 국민경제당은 17대 총선을 앞둔다 아마존·구글·애플 CEO가 참여한 경제 대담을 열어 최재석과 나란히 세우고 리사 수에게 퀄컴을 겨눌 팹리스 회사 설립과 투자 재량을 준다,세계 IT CEO와 최재석을 한 무대에 세워 국민경제당 38석과 리사 수·천민정의 AI 학습 진전을 함께 얻을 수 있는가?,세계 IT 수장들을 제3당 무대에 세워 경제정당의 실체를 대중에게 보여 준다,제3당은 거대 양당의 조직력에 밀리고 번역 알고리즘도 많은 학습 표본이 필요하다,예상 20석대에서 개표가 진행될수록 당선자가 늘어 전국 모든 권역에 의석을 내는 흐름이 나타난다,국민경제당의 독자 교섭력과 논문 중심의 대규모 AI 학습 진전을 얻는다,"최재석은 김민재의 후원을 받는 무소속에서 국민경제당 38석을 책임지는 전국 정치지도자로 올라서고, AI팀은 논문 2만 건을 함께 학습하는 공개 연구집단이 된다.",국민경제당이 38석과 캐스팅보트를 얻고 번역 AI에는 논문 2만 건 학습자산과 글로벌 IT 공개무대가 지급된다.,리사 수·천민정 협업; 번역 AI; 최재석 독립노선,10년간 10조 원 인도 투자안을 준비하는 한편 다이먼에게 NINA 대출과 저신용 주택담보 사례를 조사하게 한다,① 국민경제당의 독자 교섭력과 논문기반 AI 학습이 209화에 지급된다. ② 210화 NINA 저신용 주택담보 조사와 인도 10조 원 투자안은 선거결산 뒤 미국 부동산붕괴 포착으로 질문을 바꾼다.,0.96
DCA-N20E,NINA 주택붕괴와 은행지분 대물변제,210,211,210화,211화,2,"김민재, 태우, 최재석, 다이먼, 박만덕, 강 대위, 미모안 싱, 기획실장, 우성일, 로만","강 대위 사무실, 부회장실, 회장실, 인도, 한국, 태우, IIT, 태우증권, 미국, SAVE",210화 L37936~L38099에서 국민경제당이 국회 중심축이 되고 인도에서는 미모안 싱 집권 가능성이 높아진다 10년간 10조 원 인도 투자안을 준비하는 한편 다이먼에게 NINA 대출과 저신용 주택담보 사례를 조사하게 한다,NINA 대출과 주택붕괴를 미리 읽어 보험수익과 은행지분 대물변제로 연결할 계약원칙을 세울 수 있는가?,호황을 좇는 투자 대신 미국 주택 광기의 붕괴를 먼저 확인한다,BRIC 호황에 올라타자는 내부 의견과 당장 이익 없는 역베팅 비용이 민재의 판단을 압박한다,소득·재산을 보지 않고 개 이름으로도 대출받는 사례가 확인되어 기억 속 붕괴가 이미 시작됐음을 입증한다,서브프라임 붕괴를 수익·은행 인수로 연결할 계약 원칙을 확정한다,다이먼과 김민재는 미국 주택현장을 함께 보며 낙관론을 공유하는 사이가 아니라 붕괴 뒤 은행지분을 나눌 위험동맹으로 관계를 재확인한다.,NINA 대출·저신용 담보붕괴의 현장증거와 하락보험이 누적되고 보험금 대신 금융회사 지분을 받을 대물변제 원칙이 정해진다.,하락 보험 누적·IIT 정치합의,"IIT 한국 캠퍼스의 한국인 20퍼센트·태우 공채 20퍼센트 확대·빅테크 연구소 유치를 설명해 최재석의 지지를 얻고, 태우자동차의 전기차 투자와 테슬라 경쟁 구도를 점검한다.",① 211화에 서브프라임 붕괴를 수익·은행인수로 바꿀 원칙이 확정된다. ② 212화 IIT 한국인 20%·태우공채 확대와 전기차 점검은 금융붕괴 준비에서 교육·자율주행 데이터로 장을 넘긴다.,0.96
DCA-N20F,IIT 정치경로와 씽크윈 자율주행 데이터,212,215,212화,215화,4,"김민재, 태우, 김태중, 장경준, 최재석, 천민정, 박태수, 이주영, 머스크, 애플, 구글, 데이비드","부회장실, 회장실, 태우 본사, 국회, 청와대, 태우, 한국, IIT, 미국, 태우통신","212화 L38261~L38406에서 인도 쪽 IIT 이전 준비는 끝났지만 한국 정치권의 허가와 여론이 남아 있다 IIT 한국 캠퍼스의 한국인 20퍼센트·태우 공채 20퍼센트 확대·빅테크 연구소 유치를 설명해 최재석의 지지를 얻고, 태우자동차의 전기차 투자와 테슬라 경쟁 구도를 점검한다.",IIT 한국캠퍼스의 정치경로를 열고 씽크윈 내비 기술·데이터를 무료 태우맵과 자율주행 자산으로 바꿀 수 있는가?,한국인 입학·채용·글로벌 연구소라는 구체 조건으로 최재석 한 사람을 납득시킨다,거대 정당은 판결 뒤 말을 바꿀 수 있고 자율주행은 도로 환경을 읽을 지도 데이터가 부족하다,최재석이 중립 조건만으로 양쪽의 협조를 얻었다고 보고하고 천민정은 실시간 정밀 지도가 핵심 병목이라고 짚는다,씽크윈 기술·데이터 독점 사용권과 무료 배포할 모바일 내비 개발 방침을 확보한다,IIT 학생·자동차업계·씽크윈은 태우의 정치후원 대상에서 한국인 입학·채용·데이터 사용권을 맞바꾸는 교육·기술 동맹으로 묶인다.,"IIT 한국인 입학 20%, 태우 공채 확대, 50~60명 자율주행팀과 씽크윈 기술·지도 사용권·무료 내비 개발방침이 확정된다.",태우맵 개발·신사옥 부지,김태중의 소개로 진호균을 만나 아노르 명품 입점·1조5천억 원·한일 샤롯 지분을 제시하고 후계 안정 지원까지 거래 카드로 꺼낸다,① 씽크윈 독점사용권과 무료 모바일 내비 방침이 215화에 확보된다. ② 216화 진호균과의 아노르·1조5천억 원·샤롯지분 거래는 데이터 확보에서 김태중 신사옥 부지전으로 이동한다.,0.96
DCA-N21,김태중 신사옥과 샤롯·한전 부지 카드,216,221,216화,221화,6,"김민재, 태우, 김태중, 진동구, 천민정, 최재석, 장남, 진호균, 로만, 진동오, 이상우, 델핀","회장실, 부회장실, 태우 본사, 한전, 한국, 러시아, 태우, 서울, 중국, 일본",216화 L38906~L39051에서 씽크윈 계약 뒤 김태중은 낡은 본사를 대신할 초고층 신사옥을 원한다 김태중의 소개로 진호균을 만나 아노르 명품 입점·1조5천억 원·한일 샤롯 지분을 제시하고 후계 안정 지원까지 거래 카드로 꺼낸다,샤롯 승계·아노르 입점·한전 이전을 맞바꿔 김태중이 원하는 강남 신사옥 부지와 무료 태우맵의 첫 이용자를 얻을 수 있는가?,할아버지의 오랜 욕심을 받아 강남 노른자위 땅 협상판을 연다,정부·한전은 거대한 사업만으로 서울 본사를 내주지 않을 수 있고 샤롯 승계 개입은 형제 갈등을 키울 위험이 있다,진호균이 둘째 진동구를 후계자로 직접 지목하며 태우가 실적을 만들어 주면 땅을 넘기겠다고 한다,한전 이전의 여야 합의와 실제 작동하는 무료 태우맵·첫 대중 이용자를 얻는다,"김태중의 신사옥 소원은 손자가 토지·승계·러시아 에너지까지 움직여 실현할 가족약속이 되고, 진동구·아노르·한전·여야는 서로 다른 대가를 주고받는 연합이 된다.","샤롯 강남 땅 가계약, 진동구 승계지원·브랜드 입점, 한러 5천억 달러 에너지와 한전 이전 합의, 태우맵 하루 10만 사용자가 지급된다.",한전 부지 매각·택시 데이터,강 대위에게 차봉훈의 횡령·상납 구조를 조사시키고 강인식의 강인운수를 거점으로 코코아택시 앱과 차량 단말기 개발을 시작한다,① 한전 이전의 여야 합의와 작동하는 무료 태우맵이 221화에 실체를 얻는다. ② 222화 차봉훈 횡령·상납 조사와 코코아택시 개발은 부지협상에서 택시 데이터 카르텔 붕괴로 상대를 교체한다.,0.96
DCA-N22,코코아택시·무료 단말기와 차봉훈 카르텔 붕괴,222,226,222화,226화,5,"김민재, 차봉훈, 강 대위, 태우, 차일엽, 김도환, 이석준, 천민정, 기획실장, 최재석, 강인식","강 대위 사무실, 부회장실, 국회, 회장실, 서울, 태우, 검찰, 강인운수, 명동, 한전",222화 L39889~L40044에서 태우맵은 이용자를 모았지만 차봉훈이 서울 택시 데이터 계약을 막는다 강 대위에게 차봉훈의 횡령·상납 구조를 조사시키고 강인식의 강인운수를 거점으로 코코아택시 앱과 차량 단말기 개발을 시작한다,차봉훈의 택시노조 카르텔을 무료 단말기·호출비 없는 코코아택시로 무너뜨리고 IIT·한전 이전까지 실물화할 수 있는가?,기존 콜망을 빌리지 않고 무료 호출망과 직접 택시회사를 만드는 역공을 연다,콜 업체가 영업을 닫고 차봉훈은 파업 불참 기사를 업계에서 쫓아내겠다고 위협한다,승객이 앱으로 바로 택시를 부르면서 콜 업체 봉쇄가 무력화되고 작은 회사들이 카르텔을 이탈한다,호출비 없는 플랫폼 우위·IIT 한국 캠퍼스 공식 허가·한전 이전 여야 합의를 얻는다,"강 대위는 경호책임자에서 강인운수 대표로 독립 역할을 얻고, 서울 기사들은 상납 카르텔 대신 수수료 0원 코코아택시를 공동 생존망으로 선택한다.",차봉훈·차일엽이 구속되고 영신택시가 해체되며 무료 단말기와 서울 기사 80% 이상 가입·IIT 허가가 실제 플랫폼 기반으로 남는다.,한전 부지 매입·IIT 기공,판교 착공식에서 주변 IT 오피스 계획을 세우고 샤롯 가족회의에서 중국 사업을 장남 진동오에게 양보하도록 차남 진동구에게 신호한다,① 호출비 없는 플랫폼 우위와 IIT 허가·한전 이전 합의가 226화에 지급된다. ② 227화 판교 착공과 샤롯 가족회의는 택시전 뒤 강남 쌍부지·초고층 허가전으로 공간을 바꾼다.,0.96
DCA-N23,강남 쌍부지와 Su-47로 초고층 하늘 확보,227,234,227화,234화,8,"김민재, 태우, 김태중, 장경준, 진동오, 부시, 진동구, 강 대위, 데이비드, 로만, 진호균, 장남","회장실, 강 대위 사무실, 태우 본사, 태우, 한전, 러시아, 미국, 한국, 중국, 명동",227화 L40733~L40908에서 IIT 한국 캠퍼스가 판교에서 착공하지만 김태중의 태우 신사옥은 아직 땅만 쫓고 있다 판교 착공식에서 주변 IT 오피스 계획을 세우고 샤롯 가족회의에서 중국 사업을 장남 진동오에게 양보하도록 차남 진동구에게 신호한다,한전·샤롯 두 강남 부지를 얻고 Su-47·활주로 이전을 거래해 초고층 신사옥의 하늘길까지 확보할 수 있는가?,교육 약속을 첫 삽으로 지급하고 샤롯 승계 선택을 장기 경영 관점으로 뒤집는다,현재캐피탈 제휴를 내주어야 하고 삼진이 시세 두 배를 넘게 쓰면 4조 투찰은 질 수 있다,장경준이 회사에서 비상봉투 6조1705억과 자신이 찢은 6조1700억을 비교하며 5억 차이의 패배까지 설계됐음을 깨닫는다,Su-47 군사자산과 활주로 이전·두 부지 초고층에 반대하지 않겠다는 공군 약속을 확보한다,샤롯·한전·러시아 항공기술 관계자들은 김민재를 토지 매수자가 아니라 서로의 승계를 보장하고 하늘길까지 해결하는 초고층 사업주로 인정한다.,강남 쌍부지의 소유·착공조건과 Su-47 기술을 이용한 높이·항공규제 해법이 마련돼 신사옥 초고층 건설권이 열린다.,서울시 초고층 허가,한 팀장에게 보험 매집을 늘리되 경고 보고서를 정부에 남기게 하고 텍사스 공장에서 머스크에게 매년 10억 달러씩 10년·첫해 최대 30억 달러 투자를 약속한다,① Su-47과 활주로 이전·두 부지 초고층 비반대 약속이 234화에 군사·건축 자산으로 남는다. ② 235화 서브프라임 경고기록과 SpaceX 10년 투자는 서울 부지전에서 미국 우주·금융 인프라로 이동한다.,0.96
DCA-N24,스페이스X·반도체·몽골 미래 인프라 투자선언,235,237,235화,237화,3,"김민재, 태우, 머스크, 김태중, 사장단, 데이비드, 애플, 리사, 김익수, 부시, 천민정, 오바마","태우, 미국, 태우전자, 태우반도체, 러시아, 중국, 애플, 한국, 태우건설, SAVE",235화 L42136~L42292에서 Su-47을 얻은 민재는 미국에서 다음 정치·금융 위기와 우주 투자를 점검한다 한 팀장에게 보험 매집을 늘리되 경고 보고서를 정부에 남기게 하고 텍사스 공장에서 머스크에게 매년 10억 달러씩 10년·첫해 최대 30억 달러 투자를 약속한다,SpaceX 10년 투자와 반도체 5배·몽골 자원 계획을 그룹의 미래 인프라로 승인받아 단기이익 반발을 넘어설 수 있는가?,서브프라임 면피 증거와 스페이스X 장기 지분을 동시에 준비한다,유튜브가 18표로 한 표 차 패하고 새 이름은 아직 아무 이용자도 없는 플랫폼에 불과하다,각 제휴사가 주주이기 때문에 세계 TV·포털·스마트폰 홍보 비용과 노출을 분담할 수 있음이 확인된다,반도체 초격차 투자·AI 업무 활용·몽골 자원 계획을 그룹 공통 과제로 확정한다,머스크와 반도체·몽골 실무진은 김민재의 돈을 단기 차익이 아니라 10년을 기다리는 인프라 신뢰로 받아들이며 실패비용을 함께 지는 파트너가 된다.,"스페이스X 10년 투자, 반도체 5배 증설·몽골 자원선과 위튜브 글로벌 명명·출시동맹이 미래 인프라 예산으로 확정된다.",반도체 증설; 몽골 자원; 사장단 설득,태우시네마·음원사이트·케이블 3사를 합쳐 태우엔터를 만든 뒤 봉호준에게 제작비 최대 200억 원과 차기작·차차기작 독점투자 계약을 제시해 악수한다,① 반도체 초격차·AI 업무활용·몽골 자원계획이 237화 사장단 공통과제로 확정된다. ② 238화 태우엔터 설립과 봉호준 200억 원 계약은 인프라 투자선에서 콘텐츠 제작·플랫폼으로 독자약속을 연다.,0.96
DCA-N24B,태우엔터·위튜브 출시와 콘텐츠 플랫폼 지급,238,242,238화,242화,5,"김민재, 태우, 기획실장, 머스크, 데이비드, 리사, 구글, 강 대위, 사장단, 로만","부회장실, 회장실, 강 대위 사무실, 태우, 태우엔터, 한국, 경기, 구글, 미국, 서울",238화 L42649~L42803에서 민재는 IT만으로 그룹 미래를 맡길 수 없다고 보고 문화·교육·금융 확장을 꺼낸다 태우시네마·음원사이트·케이블 3사를 합쳐 태우엔터를 만든 뒤 봉호준에게 제작비 최대 200억 원과 차기작·차차기작 독점투자 계약을 제시해 악수한다,태우엔터의 제작계약·100만 명 오디션·위튜브 출시를 톱10 가수와 국내 100만·세계 3000만 이용자라는 지급으로 바꿀 수 있는가?,태우엔터 출범과 봉호준의 두 작품 계약을 같은 화 안에서 실제로 지급한다,막대한 시설비와 과밀 사고 위험·조작 논란을 막아야 하고 민재도 100만 명 전체는 볼 수 없다,일곱 시간 동안 탈락자 자료를 보며 훗날 여자 아이돌·배우와 빌보드 그룹 멤버를 포함한 네 명의 어린 원석을 찾는다,톱10 가수·오디션 국민흥행과 스페이스X의 장기 충성을 얻는다,"봉호준·작가·100만 명 오디션 참가자는 태우엔터의 하청이 아니라 위튜브에 얼굴과 작품을 올리는 창작동맹이 되고, 김민재는 유통자가 아닌 공개무대 제공자로 자리 잡는다.","태우엔터 설립·작가와 연예인 계약, 위튜브 정식출시와 국내 100만·세계 3천만 사용자·톱10·21% 지표가 지급된다.",스페이스X 재발사; 음반 톱10 프로젝트,복지와 앨범 제작을 앞당기려 했지만 계약 해지·소송 요구가 나오자 오 사장을 현장에 남기고 강 대위에게 SG엔터 강수기 조사를 맡긴다,① 톱10 가수·오디션 흥행과 위튜브 플랫폼 성과가 242화에 콘텐츠 보상으로 닫힌다. ② 243화 네 가수의 계약해지·SG 접촉은 플랫폼 성장 뒤 조직폭력·연예인 탈취전으로 위험을 바꾼다.,0.96
DCA-N24C,SG·양지파 역공과 전원 양도 약속,243,246,243화,246화,4,"김민재, 태우, 강수기, 강 대위, 쩡훙친, 김다정, 기획실장, 로만, 이영한, 사장단, 마크","강 대위 사무실, 태우병원, 태우, SG엔터, 태우엔터, 중국, 한국, 검찰, 명동, 태우전자",243화 L43451~L43611에서 오디션 우승자 음반이 1위를 차지하는 동안 김다정 등 네 명이 SG엔터와 접촉한다 복지와 앨범 제작을 앞당기려 했지만 계약 해지·소송 요구가 나오자 오 사장을 현장에 남기고 강 대위에게 SG엔터 강수기 조사를 맡긴다,강수기·양지파·중국군 역공을 버텨 SG 전원 양도 약속과 장기 희망고문 설계를 얻되 미실행 계약이전을 과장하지 않을 수 있는가?,좋은 계약만으로 지킬 수 없는 콘텐츠 자산의 배후 위협을 특정한다,강수기는 협박을 멈추지 않고 몽골은 중국 철도·인력 없이는 수출할 수 없어 상하이방 몫을 내줘야 한다,강수기의 표정과 조사 결과로 SG 뒤에 양지파·흑사회가 있음을 확인하고 쩡칭훙이 자원 거래에 관심을 보인다,"태우 가수 네 명과 SG 소속 가수 전원 양도 약속, 태우 불개입 의사, 로펌·감옥 내 보호를 이용한 희망고문 설계를 얻는다. 실제 계약이전·형량·복역은 미지급이다.","태우 가수 네 명은 계약해지 압박 속 김민재의 보호를 확인하고, 강수기는 중국군·삼합회 배경을 믿던 우위에서 태우 불개입을 구걸하는 종속 협상자로 추락한다.","네 가수와 SG 전원 양도 약속·태우 불개입, 강수기 희망고문 설계가 확보되지만 실제 계약이전·판결·10년 복역은 아직 없다.",가수 계약이전 실행; 강수기 수사·판결·복역; 장기 심리통제 결과,AAA 보험 익스포저와 테슬라 시제품·배터리 공장 계획을 점검한 뒤 부산 게임 결승에서 AOS 유즈맵 개발자들에게 블리야드 지원과 1000만 달러를 제시한다,① 246화의 SG 전원 양도·태우 불개입 약속과 심리통제안은 약속단계 보상으로 끝난다. ② 247화 부산 AOS 개발자 5명과 1000만 달러 계약은 조폭복수에서 게임 원천팀 소유로 완전히 전환한다.,0.96
DCA-N25,부산 AOS 개발자 5명 1000만 달러 계약,247,247,247화,247화,1,"김민재, 강 대위, 머스크, 태우, 데이비드, 스티브, 다이먼","미국, 한국, SAVE, 태우, 태우통신, 유럽, 중국, 동남아, 부산",247화 L44098~L44251에서 SG엔터를 삼킨 뒤 민재는 2005년 말 금융·전기차·게임의 새 기회를 점검한다 AAA 보험 익스포저와 테슬라 시제품·배터리 공장 계획을 점검한 뒤 부산 게임 결승에서 AOS 유즈맵 개발자들에게 블리야드 지원과 1000만 달러를 제시한다,부산 AOS 유즈맵 개발자 다섯 명에게 1000만 달러와 40·20·40 지분을 주어 원천팀 계약을 그 자리에서 닫을 수 있는가?,AOS 개발자 다섯 명과 1000만 달러·40/20/40 계약을 현재 화에서 완결한다,보험금 액면 대비 실제 회수 가능액이 낮고 학생 개발진은 저작권·개발비·생계가 없다,민재 40%·블리야드 20%·개발자 40% 조건에 다섯 명이 즉시 동의해 역사적 계약이 성립한다,서브프라임 대응상태·전기차 준비를 확인하고 AOS 원천팀과 지분 계약을 얻는다,부산 AOS 개발자 다섯 명은 대기업 채용자가 아니라 40·20·40 지분을 나눈 창업동료로 김민재와 계약한다.,1천만 달러 자금과 40·20·40 지분계약이 한 화 안에서 서명돼 AOS 팀의 법인·개발권·보상이 확정된다.,AOS 개발; 서브프라임·테슬라 후속,행정기관 이전 정치 합의를 확인하고 경기도지사 출마를 결심한 최재석에게 선거비 보전 후 돌려주는 크라우드펀딩을 제안한다,① 247화 안에서 개발자 5명·1000만 달러·40/20/40 지분계약이 서명되어 단화 약속을 완결한다. ② 248화 최재석의 경기도전과 시민 선거펀드는 게임계약과 다른 정치자금 실험을 시작한다.,0.96
DCA-N25B,시민 선거펀드와 세 전기차 공개 실증,248,252,248화,252,5,"김민재, 태우, 최재석, 천민정, 데이비드, 강 대위, 머스크, 강수기, 로만, 기획실장, 한정훈, 사장단","국회, 경제연구소, 강 대위 사무실, 태우, 경기, 미국, 한국, 서울, 부산, 태우증권",248화 L44252~L44405에서 AOS 계약은 끝났고 개발자들은 미국으로 돌아가 블리야드 지원을 받을 준비를 한다 행정기관 이전 정치 합의를 확인하고 경기도지사 출마를 결심한 최재석에게 선거비 보전 후 돌려주는 크라우드펀딩을 제안한다,시민 400억 원 선거펀드·무료 디지털 유세망과 세 전기차 공개를 최재석의 선거승리·시장 환호로 증명할 수 있는가?,행정기관 이전 결산 뒤 최재석의 수도권 도전과 깨끗한 선거자금 해법을 연다,선거비 보전 기준을 못 넘는 후보는 원금 상환이 어렵고 중장년층은 새 플랫폼 정치영상에 익숙하지 않다,일주일 목표액 달성 뒤 한 달 누적 400억 원·정치채널 구독자 70만 명·후보 80% 보전 가능성이 확인된다,최재석과 국민경제당이 경기 주요 시장 10곳 이상까지 얻고 세 전기차가 기자·관람객의 환호를 끌어낸다.,"최재석은 김민재의 자금후원 대상에서 시민 400억 원과 무료 디지털망으로 스스로 표를 얻는 정치인으로 서고, 쿼크·카이 개발팀은 선거성과를 제품신뢰로 나눈다.","국민경제회복펀드 400억 원, 무료 유세망, 테슬라 스포츠카 실주행·LA 공개와 선거승리가 시민·기술의 실증자료가 된다.",전기차 상용화 경쟁과 세계 경제위기 대비 루프,전기차를 걱정하는 김태중에게 장기 선점 논리를 설명해 믿음을 얻고 한 팀장·데이비드에게 연체율·파산율·평가등급 괴리를 보고받아 부동산 버블을 경고한 라잔 접촉을 지시한다.,① 경기 주요 시장 10곳 이상 승리와 세 전기차의 기자·관람객 환호가 252화에 선거·제품 실증을 닫는다. ② 253화 라잔 접촉과 연체율·등급괴리 보고는 공개행사에서 서브프라임 경고·보험전으로 넘어간다.,0.96
DCA-N25C,서브프라임 경고·KIKO 보험과 AIZ·CITI 수확,253,269,253,269화,17,"김민재, 태우, 김태중, 다이먼, 애플, 부시, 스티브, 데이비드, 샌디 웨일, 기획실장, 천민정, 로만","백악관, 회장실, 부회장실, 강 대위 사무실, 태우 본사, 미국, 태우, SAVE, 월가, AIZ",253 L45073~L45227에서 전기차 공개는 호평과 함께 기존 업계의 냉소를 받고 김민재는 미국 출장 중이다. 전기차를 걱정하는 김태중에게 장기 선점 논리를 설명해 믿음을 얻고 한 팀장·데이비드에게 연체율·파산율·평가등급 괴리를 보고받아 부동산 버블을 경고한 라잔 접촉을 지시한다.,라잔의 서브프라임 경고를 부시 면담·KIKO 역설계·AIZ와 CITI 수확으로 연결해 국가와 태우의 금융방벽을 세울 수 있는가?,할아버지의 신뢰라는 가족 보상과 서브프라임 붕괴의 첫 수치를 동시에 제시한다.,연준은 여전히 낙관론을 고수하고 김태중은 손자가 모난 돌이 되어 공격받을 것을 걱정하며 보험사들은 계약 해지를 애원한다.,HSBC가 100억 달러 손실을 예고하고 뉴센추리 파산이 임박해 위기가 공식 신호탄을 쏘며 부시가 다음 날 당장 만나자고 재촉한다.,AIZ·SAVE·태우증권 인수합병 완료와 SAVE 실소유주 공개 뒤 국민적 환대와 김태중의 수용을 얻는다. 김태중은 태우·SAVE 현금을 쓰지 않고 부채를 온전히 떠안지 않는 조건으로 GM 또는 포드 인수 검토를 허락한다.,라잔·부시·보험사와 다이먼은 김민재의 비관을 흘려듣던 관계에서 KIKO·서브프라임 손실을 함께 다루는 국가·금융 협상상대로 재배치된다.,"서브프라임 보험·KIKO 역설계와 AIZ·CITI 수확, 픽시·스타크 AI 공개검증까지 현금·지분·기술자산으로 쌓인다.",보험증서·미국지원으로 GM/포드 무현금 인수조건 마련; 대상 자동차사 선택,강 대위 식당에서 주영곤 재무부 차관·유성민 산업은행 회장을 만나 리먼 6천억 달러 부채 위험을 경고하면서도 보험증서 대가로 AA·AA- 기업 여신 25조 원과 부동산을 요구한다.,"① AIZ·SAVE·태우증권 합병과 SAVE 실소유주 공개, 국민 환대·김태중 수용이 269화에 지급되고 GM·포드는 조건부 검토로 남는다. ② 270화 리먼 보험증서와 25조 원 기업여신 거래는 경고단계에서 정부·산업은행과의 실제 교환으로 진입한다.",0.96
DCA-N27,리먼 보험증서 거래와 회장 승계,270,275,270,275,6,"김민재, 태우, 김태중, 강 대위, 기획실장, 한정훈, 데이비드, 사장단, 천민정, 대통령실장, 애플, 유성민","회장실, 청와대, 부회장실, 강 대위 사무실, 태우 본사, 백악관, 태우, 미국, 한국, 월가",270 L47923~L48088에서 새 보수 정권이 출범했지만 태우는 대선에 줄을 서지 않고 애플 파크 등 해외 일감으로 독립성을 유지한다. 강 대위 식당에서 주영곤 재무부 차관·유성민 산업은행 회장을 만나 리먼 6천억 달러 부채 위험을 경고하면서도 보험증서 대가로 AA·AA- 기업 여신 25조 원과 부동산을 요구한다.,리먼 6천억 달러 부채를 경고하면서 보험증서 대가로 25조 원 여신·부동산을 얻고 김민재의 회장 승계까지 정착시킬 수 있는가?,한국 정부가 자랑하는 리먼 인수안을 김민재가 역으로 25조 원 자산 거래 기회로 바꾼다.,정부 지원을 받는 AIZ의 연봉 인상은 비판받을 수 있고 이사회는 한정훈의 낙하산 인사를 경계하며 김민재도 할아버지와 결별하듯 취임해야 한다.,김태중은 상석과 회장실을 손자에게 넘기고 즉시 베트남으로 떠나며 비서실장은 10년 명예고문 계약으로 곁을 지킨다.,태우는 정권의 미운털에서 대통령 직통 파트너로 바뀌고 규제에 묶인 한전 부지를 국제 금융 중심지로 개발할 길을 얻는다.,"김태중은 리먼 거래를 끝낸 손자에게 회장직을 넘겨 보호받는 창업자에서 후계자의 결정을 승인하는 원로로 물러나고, 한정훈은 거래실무자에서 그룹 금융지휘 후보로 올라선다.",리먼 보험증서·25조 원 거래가 현금화되고 김민재에게 태우그룹 회장실·상석·최종 결재권이 실제 이전된다.,한전 부지 금융허브 계약·규제 완화·미국 금융사 유치 루프,다이먼에게 임원 상세정보 심사 도움을 약속하고 CITI·핀테크의 한국 이전 계약을 받은 뒤 보험 청구 완화와 4년 뒤 입주를 교환하도록 맡기며 비트코인 거래소 설립과 데이비드 부사장 배치를 지시한다.,① 대통령 직통 파트너 지위와 한전부지 금융허브 길이 275화에 승계·거래 보상으로 닫힌다. ② 276화 다이먼의 CITI·핀테크 한국이전 계약은 청와대 승계결산 뒤 월가 금융허브 실행으로 장소를 바꾼다.,0.96
DCA-N27B,금융허브·KIKO·통화스와프 국가 방패,276,286,276,286,11,"김민재, 태우, 한정훈, 워렌 버핏, 워렌, 데이비드, 다이먼, 정태섭, 김태중, 대통령실장, 최재석, 오바마","청와대, 회장실, 백악관, 국회, 태우 본사, 강 대위 사무실, 한국, 태우, 미국, 태우증권",276 L48979~L49144에서 김민재는 회장 취임 후 첫 미국 출장에서 금융허브 계약과 차기 정권 관계를 확보하려 한다. 다이먼에게 임원 상세정보 심사 도움을 약속하고 CITI·핀테크의 한국 이전 계약을 받은 뒤 보험 청구 완화와 4년 뒤 입주를 교환하도록 맡기며 비트코인 거래소 설립과 데이비드 부사장 배치를 지시한다.,월가 금융사 이전·KIKO 보험·500억 달러 통화스와프로 위기 속 한국을 금융허브와 국가방패로 만들 수 있는가?,CITI 구조조정에 지친 다이먼·데이비드에게 새 역할과 비트코인 미래 수익을 주며 숨은 미국망을 재편한다.,버핏은 전기차 자체에는 여전히 회의적이고 완공을 앞당기다 날림 공사가 생길 수 있으며 국내 금융사들은 코코아뱅크 규제를 모의한다.,돈보다 가치가 큰 버핏의 이름이 미국 자동차 인수의 신뢰 담보가 되고 수년 묶였던 한전 부지가 마침내 공사장으로 바뀐다.,"실행된 500억 달러 통화스와프와 미래산업·탄소감축 법안의 초당 추진선, 청년 정치인 육성 약속, 한·미 게임 베타 승인을 얻는다. 법안 통과와 게임 출시·흥행은 아직 전이다.","정부·은행은 김민재를 위기에서 돈 버는 사인에서 협력기업과 국가 유동성을 지키는 금융방패로 인정하고, 다이먼·한정훈은 독립 권한을 가진 양 축이 된다.","강남 금융허브, KIKO 보험 실행과 500억 달러 통화스와프·협력기업 여신이 국가·그룹의 위기대응 체계로 확정된다.",미래산업·탄소감축 법안 실제 통과; 리그 오브 챔피언스 베타·출시; 미국 자동차사 인수,데이비드의 대선·오스카 규정 성과를 확인하고 미국 자동차의 180억 달러 임시구제를 분석한 뒤 한경신문·주안그룹의 백선 지분 인수를 지시한다.,① 실행된 500억 달러 스와프와 미래산업 법안 추진선·청년정치인 약속이 286화에 국가방패를 남긴다. ② 287화 오바마 승리·GM 180억 달러 구제 분석은 금융방어에서 미국 자동차 조건부 인수로 목표를 바꾼다.,0.96
DCA-N28,금융위기 GM·OLED·해운·바이오 조건부 인수,287,296,287,296,10,"김민재, 태우, 현진해운, 한정훈, 데이비드, 김정우, 오바마, 강 대위, 오희건, 티모시, 다이먼, 천민정","백악관, 회장실, 강 대위 사무실, 김포공항, 국회, 미국, 태우, 한국, 센트리언, 유럽",287 L50767~L50931에서 오바마가 압승하고 미국 빅3는 수백억 달러 적자와 구제금융 청문회를 앞둔 채 파산선에 선다. 데이비드의 대선·오스카 규정 성과를 확인하고 미국 자동차의 180억 달러 임시구제를 분석한 뒤 한경신문·주안그룹의 백선 지분 인수를 지시한다.,오바마 행정부와 GM 인수를 협상하면서 OLED·해운·바이오를 묶어 금융위기의 산업매물을 태우 공급망으로 흡수할 수 있는가?,차기 정권과 자동차 인수의 D-DAY를 확정하면서 OTT 창작자 배척을 자기 시상식으로 돌파한다.,러스트벨트 노조는 오바마 핵심 지지층이고 미국 자존심 때문에 한국 기업 매각 반대도 거세며 태우까지 적자에 빠질 위험이 있다.,취임사부터 김민재를 겨냥한 외국투자 메시지가 나오고 티모시가 미국 자동차 빅3 한 곳을 인수해 달라고 공식 요청한다.,타미플루 권리·세계급 연구자·제약 생산사가 하나의 감염병 대응 축으로 결합된다.,오바마 정부·GM 노조·OLED·해운·바이오 경영진은 김민재에게 구조조정의 고통을 숨기지 않는 대신 고용·투자를 보장받는 조건부 동맹을 맺는다.,GM·OLED·해운·바이오 자산의 조건부 인수와 공장·고용·연구책임이 태우의 미국 제조·물류·의약 기반으로 편입된다.,AI 바이오 상용화·차기 팬데믹,제프 베이조스에게 한국 전자상거래 법인·자동화 인력·20억 달러 투자를 요청하고 자체 전기배송을 제안한다.,① 타미플루 권리·세계급 연구자·제약 생산사가 296화에 감염병 대응축으로 결합된다. ② 297화 베이조스에게 한국 아마존·20억 달러·전기배송을 제안하면서 자동차·바이오 인수에서 유통·우주 실행으로 넘어간다.,0.96
DCA-N28B,아마존 로켓·SpaceX 유통과 우주 실행축,297,301,297화,301,5,"김민재, 태우, 김태중, 데이비드, 애플, 천민정, 강 대위, 한정훈, 제프리, 기획실장, 봉 감독, 머스크","태우 본사, 국회, 강 대위 사무실, 회장실, 태우, 한국, 미국, 애플, 유럽, 태우IT",297화 L52475~L52622에서 GM 계약을 마친 김민재는 귀국 전 아마존을 방문한다. 제프 베이조스에게 한국 전자상거래 법인·자동화 인력·20억 달러 투자를 요청하고 자체 전기배송을 제안한다.,한국 아마존·로켓 배송과 SpaceX 실행축을 세워 전기차·AI·우주·바이오 포트폴리오를 실제 사업으로 분기할 수 있는가?,미국에서 배운 물류 혁신을 한국 전기차 생태계의 수요로 바꾼다.,양산은 연말 이후이고 국책사업 독점 공격과 국내 영화계의 OTT 거부가 남아 있다.,봉 감독의 외국어영화상 수상이 회귀 전보다 10년 앞당겨져 OTT의 작품성을 증명한다.,"리그 오브 챔피언스 스킨 하루 약 10억 원 판매, 스페이스X 네 번째 발사 성공, 타미플루 대량생산 성공과 일본 주문이 지급된다. 전 공장 월 1천만 명분 생산은 지시·전망 단계다.",아마존·SpaceX 팀은 김민재의 물류·로켓 자금을 받고 각자 독립개발을 유지하는 장기 실행동맹이 되며 태우 현장팀은 유통과 우주를 잇는 지원자로 붙는다.,아마존 로켓배송 실험과 SpaceX 발사·투자축이 실제 물류망·우주자산의 반복 실행 단계로 들어간다.,바둑 AI 공개전; 타미플루 전 공장·2교대 증산; WHO 팬데믹 선언과 세계 주문,GM 인사 자료를 직접 검토하다 델핀에게 청문회 전략을 자문하고 휠체어 대신 오픈카로 출석해 패널 자료를 제시한다.,① 지상이동·AI·우주·바이오 포트폴리오가 301화에 태우의 다음 실행축으로 정리된다. ② 302화 GM 인사자료와 미 의회 청문회 역공은 유통·우주 확장에서 자동차 정치검증으로 되돌아간다.,0.96
DCA-N29,청문회 역공을 타미플루·충전망·로켓·애플카로 지급,302,316,302화,316,15,"김민재, 태우, 애플, 스티브, 김태중, 기획실장, 강 대위, 한정훈, 천민정, 유 회장, 살만, 빈 살만","국회, 청와대, 강 대위 사무실, 회장실, GM 공장, 태우 본사, 백악관, 태우, 애플, 미국",302화 L53288~L53462에서 AIZ와 GM 인수 뒤 조직 정리로 김민재가 과로하고 정치권은 태우건설 국책사업을 공격한다. GM 인사 자료를 직접 검토하다 델핀에게 청문회 전략을 자문하고 휠체어 대신 오픈카로 출석해 패널 자료를 제시한다.,GM 청문회 역공을 타미플루·충전망·로켓 배송·애플카의 실물계약으로 이어 금융위기 인수의 정당성을 증명할 수 있는가?,약점 찾기식 청문회를 공개 역공과 이미지 상승 기회로 바꾼다.,서울시장은 재선을 원하고 태우는 요금 인하 수익 감소를 감수해야 한다.,서울시가 충전망 투자에 나서고 시장은 9호선 개선을 자기 성과로 발표할 수 있게 된다.,"애플카 원격주차·아이폰 호출 공개시연, 검색어 1위·영상 800만 조회, 태우차·카이차 주가 8퍼센트 이상 상승과 미국 정부의 긍정 검토가 지급된다. 보조금 액수와 GM 공장 전환은 미지급이다.","청문회 공격자들은 김민재를 방어적 회장에서 타미플루·충전망·로켓·애플카로 증거를 내놓는 산업설계자로 다시 보게 되고, 미국 대사와의 요청은 실제 면담관계로 이어진다.",타미플루 공급·전기차 충전망·로켓배송·애플카 개발계약이 정치공격을 상쇄하는 제품·인프라 권한으로 확보된다.,전기차 보조금 액수; GM 공장 전환·양산; 스티브의 이틀 아이디어 회의,"미국 7,500달러·유럽 6천 유로 계획을 확인하고 중국 기업형 보조금·현지 공장을 검토한 뒤 다이먼에게 비트코인 3만 달러 미래를 설명한다.",① 타미플루 생산·전기충전·로켓·애플카 성과가 316화까지 청문회 방어를 산업보상으로 바꾼다. ② 317화 애플카 수요와 테슬라 숏 점검은 정책검증 뒤 전기차 주가·사우디 매수벽 전쟁을 연다.,0.96
DCA-N30,애플카 수요·사우디 매수벽으로 테슬라 숏 항복,317,326,317,326화,10,"김민재, 태우, 애플, 한정훈, 머스크, 다이먼, 강 대위, 데이비드, 기획실장, 김태중, 살만, 천민정","회장실, 태우 본사, 강 대위 사무실, 태우, 사우디, 애플, 중국, 미국, 월가, 한국","317 L55813~L55972에서 스티브와 이틀 회의 뒤 미국·유럽 보조금이 구체화되고 중국 진출만 남는다. 미국 7,500달러·유럽 6천 유로 계획을 확인하고 중국 기업형 보조금·현지 공장을 검토한 뒤 다이먼에게 비트코인 3만 달러 미래를 설명한다.",애플카 수요와 사우디 매수벽을 이용해 테슬라 공매도세력을 항복시키고 전기차 동맹의 시장가치를 지킬 수 있는가?,애플카의 세계 시장을 열면서 비트코인이라는 장기 자산의 신뢰 기반을 준비한다.,태우·핀테크 전 자금을 쓰면 기존 사업을 철수해야 하고 월가 하이에나가 몰려든다.,사우디 국부펀드 관계자들이 예상보다 빨리 본사에 도착한다.,"테슬라 공매도 세력의 공개 항복, 테슬라 신고가와 태우차·카이차 30만 원대, 승부조작 의심경기·최소 가담규모 확인이 지급된다. 전체 가담자 확정과 처벌은 남는다.",테슬라 투자자와 공매도 세력은 애플카 수요·사우디 매수벽을 목격하고 김민재의 허풍을 의심하던 태도에서 손실을 인정하는 쪽으로 돌아선다.,애플카 예약·자동제동 실수요와 사우디 자금의 주가방어가 공매도 항복·테슬라 가치회복으로 결산된다.,게임팀 전수조사·검찰 이첩; 카노스의 태우그룹 공매도,비상회의에서 일본 제조업 KIKO·공매도와 남유럽 위기 투자를 승인한다.,① 테슬라 숏세력의 항복과 애플카 수요가 326화에 주가·산업 방어를 닫는다. ② 327화 일본·남유럽 금융 포지션과 국민경제당 선거망은 자동차 주가전에서 국가금융·정치전으로 이동한다.,0.96
DCA-N31,일본·남유럽 금융전과 국민경제당 선거망,327,333,327화,333,7,"김민재, 태우, 현진해운, 한정훈, 최재석, 강 대위, 후쿠다, 조지, 김태중, 천민정, 조영수, 로만","국회, 태우 본사, 강 대위 사무실, 회장실, 태우, 일본, 유럽, 서울, 경기, 한국",327화 L57488~L57633에서 후쿠다 소장이 적자 계열사 누적 위험을 경고한다. 비상회의에서 일본 제조업 KIKO·공매도와 남유럽 위기 투자를 승인한다.,일본·남유럽 금융위기를 수익화하면서 국민경제당의 PC방·온라인 선거망을 실제 대권 조직으로 만들 수 있는가?,다음 위기 전에 현금 방벽을 만든다.,대규모 차입과 현진해운 파산 위험이 있다.,가입자·코코아뱅크 고객이 급증하고 조영수 회장이 먼저 연락한다.,노무라 50억 달러를 포함한 150억 달러 초과 보험계약 체결이 지급된다. 일본 제조업 공매도 100억 달러와 엔화 공략 50억 달러는 남은 자금의 계획이다.,"최재석과 국민경제당 조직은 김민재의 자금망을 선거현장 PC방·시민 접점으로 번역하며, 일본·남유럽 금융사들은 태우를 구제자이자 위협자로 동시에 대한다.",일본·남유럽 금융포지션과 국민경제당의 캡틴 PC방 선거망이 자금·조직·표 데이터로 구축된다.,일본 제조업 100억 달러 공매도; 엔화 50억 달러 공략; 대지진·건설 PF·로켓 수확,항공기·버스를 계약하고 최재석에게 긴급 기자회견과 교민협조 역할을 맡긴다.,① 국민경제당 작전과 일본·남유럽 금융포지션이 333화까지 실행단계를 얻는다. ② 334화 일본 동북 교민 1만2천 명 대피준비는 금융공격에서 재난생존·책임으로 압박의 성격을 바꾼다.,0.96
DCA-N31B,동일본 대지진 대피준비와 일본 금융결산,334,337,334,337,4,"김민재, 태우, 최재석, 한정훈, 기획실장, 현진해운, 강 대위, 김태중, 로만, 천민정","회장실, 청와대, 국회, 백악관, 일본, 태우, 한국, 유럽, 미국, 퀀텀펀드",334 L58666~L58839에서 2011년 3월 일본에 첫 지진이 난다. 항공기·버스를 계약하고 최재석에게 긴급 기자회견과 교민협조 역할을 맡긴다.,"동일본 대지진 전에 교민 1만2천 명의 운송·구호선을 준비하고, 발생 뒤 일본 금융사 압박까지 되받을 수 있는가?",더 큰 참사 전에 교민을 구하고 도덕적 면죄부를 얻는다.,예측이 틀리면 그룹 신뢰가 무너진다.,실제 대피가 끝나기 전 모든 전화가 울리고 동일본 대지진이 발생해 예측이 적중했다는 신호가 현실 재난으로 바뀐다.,"일본 금융사 정산 완료, 현금 300억 달러와 주식·부동산·특허를 합친 500억 달러 초과 회수, 최재석 지지율 15퍼센트 상승이 지급된다. 700억 달러와 일본 해운사 인수는 전망·계획이다.","김민재는 일본 동북 교민 최소 1만2천 명의 비용을 공개 책임지며 국가보다 먼저 보호를 약속한 보증인이 되고, 일본 금융사는 재난 뒤 태우의 압박을 무시할 수 없게 된다.",운송수단·미국 추가자료·구호물자 조달선이 준비되고 동일본 대지진 발생 뒤 일본 금융포지션의 선견성과 압박력이 확인된다. 실제 교민 대피 완료는 335화 지급이 아니다.,일본 해운사 인수; 유럽 금융전; 서울 무상급식 주민투표,그리스 투표 철회를 전제로 작전을 지속하고 국민경제당에는 서울 투표 불참 침묵을 지시한다.,"① 대피 운송수단·자료·구호조달선과 지진발생, 일본 금융결산이 337화까지 이어진다. ② 338화 그리스·서울 투표와 DDoS 증거는 재난·금융전에서 국내 대권투표 방어로 새 국면을 연다.",0.96
DCA-N31C,그리스·서울 투표와 DDoS 대권증거,338,341,338,341화,4,"김민재, 천민정, 태우, 강 대위, 기획실장, 다이먼, 강일파, 최재석, 한정훈, 조지, 로만","국회, 강 대위 사무실, 청와대, 회장실, 서울, 유럽, 태우, 일본, 한국, 중국",338 L59334~L59486에서 그리스와 서울에서 서로 다른 국민투표가 논의된다. 그리스 투표 철회를 전제로 작전을 지속하고 국민경제당에는 서울 투표 불참 침묵을 지시한다.,그리스 위기와 서울시장 투표를 동시에 지키고 DDoS 공격을 국민경제당의 대권증거로 전환할 수 있는가?,두 투표 결과를 읽고 먼저 움직인다.,여당이 공격에 성공하면 투표율을 조작할 수 있다.,천민정이 북한 공격 IP를 미끼로 범인의 시험접속을 잡을 계획을 세운다.,국민경제당 후보의 서울시장 보궐선거 36대34 승리와 디도스 증거의 내부 인계가 지급된다. 증거 공개와 최재석의 공식 대선선언은 아직 전이다.,"그리스 시민과 서울 유권자는 태우의 금융·정치 개입을 투표결과로 평가하고, 최재석은 DDoS 배후증거를 받아 차기 대권주자로 공개 신뢰를 얻는다.",그리스·서울 투표성과와 DDoS 배후자료가 국민경제당의 정치자산·대권증거로 고정된다.,디도스 증거 공개; 최재석의 공식 대권선언; 해외투자,디도스 수사를 확산하고 한정훈에게 유럽 청산·데이비드에게 미국 셰일 인맥 구축을 맡긴다.,① 서울 투표방어와 DDoS 대권증거가 341화에 정치보상으로 남는다. ② 342화 로보 지분·당뇨·mRNA 공동연구는 선거보안에서 바이오·로봇 연구계약으로 상대와 보상통화를 바꾼다.,0.96
DCA-N32,로보 지분과 당뇨·mRNA 공동연구,342,344,342화,344,3,"김민재, 태우, 한정훈, 데이비드, 마크, 서정준, 최재석, 트럼프, 조지, 오바마, 김태중, 애플","국회, 강 대위 사무실, 백악관, 유럽, 태우, 미국, 센트리언, 한국, 퀀텀펀드, 서울",342화 L59974~L60147에서 서울시장 승리 뒤 최재석이 대권 도전을 결심한다. 디도스 수사를 확산하고 한정훈에게 유럽 청산·데이비드에게 미국 셰일 인맥 구축을 맡긴다.,로보 지분을 확보하고 당뇨·mRNA 연구를 태우 AI·제약 생산과 연결해 신약 공동연구를 시작할 수 있는가?,곳간 수익을 셰일혁명 준비로 옮긴다.,개발 3~5년·회수 10년 이상이다.,체중감소 부작용이 미래 효능이라는 회귀지식으로 50배 기업을 고른다.,"인슐린 아시아 생산권, 당뇨 신약 연구비 전액지원·신약지분 30퍼센트 계약과 데이비드의 트럼프 지원 담당 확정이 지급된다.",로보와 천민정·바이오 연구진은 지분만 사고파는 상대에서 당뇨·mRNA 연구자료를 공유하는 공동연구자로 가까워진다.,로보 지분과 당뇨·mRNA 공동연구 조건이 계약돼 태우 바이오가 해외 임상·플랫폼 기술에 접근한다.,당뇨 신약 개발·생산; 트럼프 정치지원,후분양 10곳 확대를 요구하고 박민용에게 매입가 그대로 현금 인수를 제안한다.,① 로보 지분과 당뇨·mRNA 공동연구선이 344화에 기술자산으로 자리 잡는다. ② 345화 도산 장비와 텍사스 부지·센트리언 방문은 연구합의에서 공장·셰일·신약실의 실물확장으로 넘어간다.,0.96
DCA-N32B,도산 장비·텍사스 부지·체셔피크 셰일망,345,351,345,351,7,"김민재, 태우, 한정훈, 오스틴, 베릴, 부시, 데이비드, 박민용, 트럼프, 김태중, 천민정, 서정준","청와대, 태우 본사, 국회, 회장실, 태우, 미국, 태우건설, 한국, 월가, 유럽",345 L60494~L60656에서 태우건설은 후분양 계획과 수주부진에 시달린다. 후분양 10곳 확대를 요구하고 박민용에게 매입가 그대로 현금 인수를 제안한다.,도산 장비·텍사스 부지·체셔피크 셰일망을 저점에서 묶어 미국 에너지와 센트리언 신약 생산기반을 함께 확보할 수 있는가?,건설 침체를 범캣 저점인수로 바꾼다.,지역 보수층은 한국기업을 불신한다.,부시의 소개로 만난 텍사스 토지 소유주가 제주도보다 큰 50만 에이커 목장 매물을 알려 준다.,체서피크 셰일 협력계약 체결과 트럼프의 전폭 정치후원 수락이 지급된다. 금융타워 입주와 유럽 금융사 이전은 아직 전이다.,"도산 장비업체·텍사스 정부·체셔피크는 김민재에게 구조요청을 보내고, 태우는 값싼 자산을 사는 포식자이면서 고용·가동을 유지할 산업 파트너로 협상한다.",반도체 장비·텍사스 부지와 체셔피크 셰일 접근권이 공장·에너지 공급망 자산으로 확보된다.,금융타워 완공·월가 30곳 입주; 유럽 금융사 유치,퀀텀·버크셔·핀테크·노무라·BNP를 완공식에 모으고 홍콩 통제 위험을 설득한다.,① 미국 셰일·신약 이중축이 351화에 자산·기술 보상으로 닫힌다. ② 352화 귀국 뒤 금융타워·총선·직원문화 점검은 미국 산업확장에서 국내 조직·정치운영으로 교대한다.,0.96
DCA-N32C,금융타워·제1야당과 직원 가족제도,352,356,352,356,5,"김민재, 태우, 조지, 다이먼, 한정훈, 김태중, 천민정, 마크, 서정준, 최재석, 데이비드, 로만","금융타워, 태우 본사, 태우 금융타워, 청와대, 태우, 유럽, 한국, 센트리언, 미국, 퀀텀펀드",352 L61666~L61849에서 한정훈이 유럽 금융사를 타워로 끌어오고 김태중도 귀국한다. 퀀텀·버크셔·핀테크·노무라·BNP를 완공식에 모으고 홍콩 통제 위험을 설득한다.,"금융타워의 세계화와 제1야당 구도, 직원 가족제도를 함께 정비해 태우가 장기운영 가능한 조직으로 바뀔 수 있는가?",금융사와 자금을 모아 서울을 아시아 허브로 만든다.,대선은 8개월뿐이고 협상은 비공식이다.,"국민경제당이 첫 야당 지위를 얻고 센트리언의 인슐린 개발이 끝난 가운데, 서정준은 덴마크 공동연구·지분협상을 다음 확장안으로 제시한다.","신사옥 외관 90퍼센트와 전 직원 익명설문 결과, 휴가·야근·육아휴직·재택·단축근무·안식년의 시행지침이 지급된다. 건물 완공과 제도 정착은 미지급이다.","직원들은 김민재를 성과만 요구하는 총수에서 가족제도·문화·신사옥을 함께 책임지는 고용주로 재평가하고, 최재석은 제1야당 지위를 공유하는 정치파트너가 된다.",금융타워 운영권·제1야당 기반과 직원 가족지원·조직문화 제도가 태우의 장기 지위·인재유지 능력으로 자리 잡는다.,신사옥 완공; 휴가·야근·육아휴직·재택·안식년 정착,후쿠다·천민정 의견을 받아 임원 접근금지 커뮤니티를 만들고 완공식에서 오희건·머스크를 맞는다.,① 금융·정치·직원 가족제도가 356화에 국내 운영체계로 정리된다. ② 357화 신사옥·최재석·사드·위성 논의는 내부문화에서 국가안보와 플랫폼 교환으로 새 목표를 세운다.,0.96
DCA-N33,신사옥·대선·사드와 투게더워크-ARN 교환,357,368,357,368,12,"김민재, 태우, 최재석, 김태중, 오바마, 베릴, 손정우, 조지, 한정훈, 트럼프, 현진해운, 천민정","백악관, 국회, 청와대, 강 대위 사무실, GM 공장, 금융타워, 미국, 태우, 한국, 중국",357 L62512~L62684에서 사내문화 개혁에 임원 반발이 일어난다. 후쿠다·천민정 의견을 받아 임원 접근금지 커뮤니티를 만들고 완공식에서 오희건·머스크를 맞는다.,신사옥·대선·사드·위성 압박을 풀면서 투게더워크를 ARN 지분과 맞바꿔 통신·플랫폼 주도권을 얻을 수 있는가?,신사옥을 기술·인재·관계의 새 출발로 만든다.,정치생명이 끝날 수 있다.,중도·양당 지지자도 결단을 지지하며 92석 당이 개헌 열쇠가 된다.,투게더워크 90퍼센트↔ARN 교환과 베릴 10퍼센트 1억 달러 매각·ARN 재투자에 대한 당사자 합의가 지급된다. 계약서·대금·지분이전은 남는다.,"최재석은 대선 사퇴와 사드 독사과를 김민재와 함께 감당하는 정치동맹으로 남고, 베릴·투게더워크·ARN 팀은 1억 달러와 계약서를 통해 태우 기술망에 편입된다.","신사옥 권력망, 투게더워크 매각대금과 ARN 계약·팹리스 통합이 기술·정치·자산의 새 기반으로 지급된다.",계약서 작성; 1억 달러 지급; ARN·투게더워크 지분이전,긴급계약을 설명하고 ARN·AI 설계를 파운드리 수주와 연결한다.,① 투게더워크→ARN 교환과 사드·위성 대응이 368화에 지급된다. ② 369화 연준 테이퍼링 신호와 3단 금융작전은 플랫폼·안보전에서 금리·원자재 포지션으로 상대를 바꾼다.,0.96
DCA-N33B,테이퍼링 3단 금융작전과 3차 석유전 준비,369,373,369,373,5,"김민재, 태우, 진동구, 사장단, 진동오, 진호균, 한정훈, 리사, 데이비드, 김태중, 조지, 강 대위","금융타워, 백악관, 경제연구소, 태우, 미국, 태우반도체, 중국, 한국, 러시아, 태우증권",369 L64602~L64774에서 손정우 계약이 끝나고 베릴은 1억 달러를 받는다. 긴급계약을 설명하고 ARN·AI 설계를 파운드리 수주와 연결한다.,테이퍼링 신호를 금·통화·주식의 3단 금융작전과 세 번째 석유전 준비로 바꿔 다음 충격 전에 현금을 만들 수 있는가?,ARN을 파운드리와 결합해 AI 설계 방벽을 만든다.,진호균 회장은 장남을 질책한다.,다른 사장들이 진동구 편에 서기 시작한다.,테이퍼링 신호에 대비한 금융포지션의 소규모 수익과 석유전쟁 담당자·자료·타임라인 과제가 확정된다. 원유 공매도와 산유국 붕괴수익은 아직 없다.,"한정훈과 금융사들은 연준 신호를 세 번 뒤집어 읽으며 김민재의 단발 예측보다 공동 리스크규율을 신뢰하게 되고, 실패 가능성을 공유하는 지휘관계가 강화된다.","테이퍼링 공매도·채권 수익과 금융사 규율, 3차 석유전쟁의 포지션·자금배치가 실행 가능한 금융작전으로 확정된다.",원유 공매도; 크림반도 제재; OPEC 증산; 산유국 붕괴,저궤도 통신·전기차·자원 인프라 계획을 재확인하고 금융타워의 크림반도 투자금을 유지한다.,① 금융작전의 포지션과 석유전 준비가 373화에 실행계획을 얻는다. ② 374화 2013 사업결산·크림제재와 몽골 운송병목은 금리전에서 자원판로·지정학 협상으로 넘어간다.,0.96
DCA-N33C,몽골 운송병목·크림제재와 중국 판로협상,374,377,374,377,4,"김민재, 태우, 쩡훙친, 로만, 김태중, 데이비드, 리강, 한정훈, 애플, 오바마, EU, 사장단","금융타워, 백악관, 러시아, 태우, 중국, 한국, 미국, 태우전자, 유럽, 일본",374 L65471~L65627에서 2013 사장단이 전자 1위와 상사·자원 적자를 보고한다. 저궤도 통신·전기차·자원 인프라 계획을 재확인하고 금융타워의 크림반도 투자금을 유지한다.,몽골 자원의 중국 운송병목과 크림제재를 뚫어 러시아·몽골 물량의 중국 장기판매 길을 열 수 있는가?,현재 적자를 미래 인프라와 금융전의 비용으로 재해석한다.,서방제재 속 러시아 접촉은 미국·유럽 보복을 부를 수 있다.,금융타워는 보너스 잔치를 하고 외국기업 철수 속 태우 공장의 협상가치가 높아진다.,차기 중국 권력자와 운송사업·20년 계약의 협상선을 열고 주석 보고 약속을 얻는다. 실제 장기계약과 자원 판로는 아직 전이다.,로만·리강은 김민재에게 러시아 경유와 중국 최소 20년 계약을 검토하겠다고 약속하지만 정부허가 전이라 아직 동맹의 말단계에 머문다.,몽골 운송병목과 크림 제재수익을 바탕으로 러시아 경유·중국 장기판로 협상안과 크렘린·주석 보고통로가 생긴다. 실제 장기계약은 미지급이다.,중국 정부 승인·20년 계약 체결; 러시아 허가; 사우디 증산전,살만에게 증산 피해와 빈 살만 왕세자화를 경고하며 부패 왕족 숙청 구상을 꺼낸다.,① 중국 장기계약의 조건과 미계약 위험이 377화 협상장에 남는다. ② 378화 살만·빈 살만 왕위동맹과 OPEC 증산은 중국 자원판로에서 사우디 왕실·원유공매도로 중심을 옮긴다.,0.96
DCA-N33D,살만 왕위동맹과 OPEC 증산 원유숏,378,380,378,380,3,"김민재, 살만, 태우, 빈 살만, 한정훈, 강 대위, 데이비드, 김태중, 조지, 다이먼, 부시, 천민정","금융타워, 강 대위 사무실, 사우디, 태우, 술집, 한국, 미국, 퀀텀펀드, 사우디 왕실, 명동",378 L66171~L66350에서 사우디 방문 전 구사옥 문화센터를 점검한다. 살만에게 증산 피해와 빈 살만 왕세자화를 경고하며 부패 왕족 숙청 구상을 꺼낸다.,살만의 왕위와 빈 살만 숙청을 지원한 대가로 OPEC 증산을 끌어내 원유 110→105달러·레버리지 25%·준비비 전액회수를 얻을 수 있는가?,석유전쟁 정보를 왕세자 승계 동맹으로 바꾼다.,왕족 감시가 노출되면 태우와 빈 살만 모두 위험하다.,살만이 후보 명단과 숙청기획을 받아들이고 팀이 즉시 움직인다.,"원유 110→105달러 하락, 5배 레버리지 25% 이상 수익률, 준비기간에 들어간 자금의 하루 만 전액 회수를 확인한다.","살만과 빈 살만은 김민재에게 왕위·숙청의 비밀을 맡기는 정치동맹이 되고, 태우는 왕족 비밀계좌를 다루는 대신 증산신호를 받는 상호의존 관계에 들어간다.","OPEC 증산 뒤 원유 110→105달러, 5배 레버리지 25% 이상과 준비비 전액회수가 실제 첫 석유전 수익으로 지급된다.",추가 유가 하락·산유국과 셰일기업 붕괴; 왕족 숙청정보,천민정에게 훔친 AI의 신약효과를 줄이고 부작용을 늘리게 하며 금융사별 수익을 배분한다.,"① 380화의 원유 110→105달러, 5배 레버리지 25%+, 준비자금 하루 전액회수가 석유전 첫 영수증이다. ② 381화 체셔피크·헤스 인수와 가이아나 지분표는 왕실·OPEC전에서 미국 셰일자산 매입으로 넘어간다.",0.96
DCA-N34,헤스·체셔피크·가이아나와 카노스 공개매수 함정,381,396,381,396,16,"김민재, 태우, 한정훈, 데이비드, 워렌, 김태중, 다이먼, 워렌 버핏, 살만, 리강, 빈 살만, 기획실장","백악관, 금융타워, 강 대위 사무실, 국회, 청와대, 회장실, 태우, 미국, 한국, 가이아나",381 L66743~L66910에서 유가가 매일 하락하고 천민정은 커넥트 자동번역을 완성한다. 천민정에게 훔친 AI의 신약효과를 줄이고 부작용을 늘리게 하며 금융사별 수익을 배분한다.,체셔피크·헤스·가이아나 지분을 공매도와 버크셔의 비공개 작전으로 확보하고 카노스의 공개매수 함정을 역포획할 수 있는가?,석유수익을 AI·신약·20년 투자로 환류한다.,헤스 실적은 최악이고 태우상사 자원부문도 대규모 적자다.,카노스가 400% 수익을 약속해 헤지펀드를 대거 끌어모은다.,"헤스 공개매수 개시, 퀀텀 지분 3퍼센트의 100퍼센트 프리미엄 이전, 헤스 주가 급등과 카노스 진영 헤지펀드 절반 이상 이탈이 지급된다.","버크셔와 미국 정부는 헤스 지분 3년 임대와 정체불명 이벤트를 제안받은 뒤 395화 공개매수 설명에서야 김민재의 동맹이 되고, 카노스는 끝까지 반대편 얼굴을 유지한다.","체셔피크·헤스 공매도와 500억 달러 이상 인수표적, 가이아나 펀드 30%→60% 목표가 공개매수·정부구조 안으로 실행된다.",버크셔와 추가 공개매수; 카노스 청산; 4년 중임·평창재단 갈취 대응,박만득 은퇴·인수인계를 지시하고 카노스에게 동료 펀드 배신과 자산 흡수를 제안한다.,① 헤스·체셔피크·가이아나 자산과 카노스 함정의 승패가 396화까지 결산된다. ② 397화 카노스 청소부 전향과 헤지펀드 파산은 자산매입에서 내부자 전향·금융조직 청산으로 초점을 바꾼다.,0.96
DCA-N34B,카노스 청소부 전향과 한정훈 지휘권 승계,397,399,397,399,3,"김민재, 태우, 한정훈, 박만덕, 최재석, 기획실장, 청와대 수석, 현진해운, 김태중, 천민정, 로만, 강 대위","청와대, 금융타워, 태우, 중국, 월가, 태우증권, 한국, 태우건설, 동남아, 삼진전자",397 L69538~L69724에서 박만득이 정권 재단 요구의 위험을 경고한다. 박만득 은퇴·인수인계를 지시하고 카노스에게 동료 펀드 배신과 자산 흡수를 제안한다.,카노스가 공격자를 청소하는 내부자로 돌아서게 하고 헤지펀드 파산·박만덕에서 한정훈으로 지휘권 승계를 마칠 수 있는가?,청와대 갈취와 카노스 자산을 동시에 역갈취한다.,사드 배치와 중국 공산권의 직접 보복 위험이 있다.,"카노스는 월가의 사신으로 명성을 회복하고 한정훈은 부회장 교육과 이취임식 일정을 받지만, 실제 취임식은 아직 열리지 않았다.","박만덕 은퇴·한정훈 부회장 취임, 중국시장 600억 달러 투입과 카노스발 헤지펀드 20곳 파산 확인이 지급된다. 청와대 200억 원 납부와 폐기신약 취득은 아직 전이다.","카노스는 공매도 적장에서 자기 연합을 청소하는 감시자로 전향하고, 한정훈은 박만덕의 교육·추천을 거쳐 태우 부회장과 금융총괄로 공식 승계한다.",헤지펀드 파산·카노스의 청소부 역할과 한정훈의 부회장 직책·금융계열 지휘권이 비가역적으로 확정된다.,청와대 200억 원 요구 대응; 로보 폐기신약 권리계약; 중국 공매도,천민정의 시스템 정보로 선점하고 데이비드가 포섭한 에릭센을 통해 이사회 매각안을 통과시킨다.,① 카노스 전향·헤지펀드 파산과 한정훈 지휘권이 399화에 사람·조직 보상으로 지급된다. ② 400화 로보의 GLP-1 폐기권리 계약은 금융지휘 승계에서 신약 특허·중국숏 실행으로 전환한다.,0.96
DCA-N34C,로보 GLP-1 권리계약과 중국숏 D-DAY,400,401,400,401,2,"김민재, 태우, 에릭센, 마크, 데이비드, 한정훈, 로보 노디스크 이사회, 김태중, 현진해운","백악관, 금융타워, 태우, 중국, 센트리언, 태우증권, 한국, 월가, 삼진전자, 퀀텀펀드",400 L70054~L70215에서 로보 연구진이 부작용 신약 폐기에 동의한다. 천민정의 시스템 정보로 선점하고 데이비드가 포섭한 에릭센을 통해 이사회 매각안을 통과시킨다.,로보가 버린 GLP-1 권리를 계약으로 확보하고 중국 공매도 D-DAY를 열어 바이오와 금융의 다음 폭발점을 동시에 선점할 수 있는가?,오염시킨 실패작을 미래 비만치료제 원천으로 갈취한다.,수년간 실패한 약이라 가격·가치를 증명하기 어렵다.,에릭센이 로보 이사회가 태우를 속여 손실을 회수한다고 믿게 만들며 신약 매각안과 자신의 협상 담당 지위를 통과시킨다.,10억 달러 지급조건의 폐기신약 전 권리·연구자료 계약과 인슐린 로열티 철폐가 지급된다. 중국 공매도는 개시됐지만 수익은 아직 없다.,"에릭센과 로보 이사회는 버린 신약을 김민재에게 넘기는 거래상대가 되고, 태우 연구진은 자료·권한 전체를 받은 새 책임자로 관계가 이동한다.",401화 공동서명으로 10억 달러와 GLP-1 계열 신약 전 권한·연구자료가 태우 소유가 된다. 400화 제안만으로는 소유권이 없다.,폐기신약 개발·상용화; 중국 공매도 수익,금융사 이익 일부를 차명계좌로 중국 수뇌부에 보내고 병원에서 오희건의 후계 부탁을 듣는다.,① GLP-1 권리계약과 중국숏 준비가 401화에 독립 기술·금융자산으로 남는다. ② 402화 중국 공매도 실행과 삼진 생산동맹은 계약준비에서 국가시장 공격의 실제 행동으로 넘어간다.,0.96
DCA-N35,중국숏·삼진 생산동맹과 메르스 긴급승인,402,410,402,410,9,"김민재, 태우, 한정훈, 제리 왕, 김태중, 기획실장, 오용재, 데이비드, 김장우, 리강, 조지, 오희건","금융타워, 청와대, 태우병원, 회장실, 강 대위 사무실, 태우, 중국, 센트리언, 한국, 미국",402 L70407~L70589에서 중국 증시가 하루 2%·1조 위안 하락한다. 금융사 이익 일부를 차명계좌로 중국 수뇌부에 보내고 병원에서 오희건의 후계 부탁을 듣는다.,중국 공매도·삼진 생산동맹으로 시장충격을 흡수하면서 메르스 치료제·백신의 긴급승인을 받아 생존과 수익을 함께 지킬 수 있는가?,공범 로비로 중국 보복을 늦추고 국내 관계자산을 얻는다.,수백억 원 비용과 의료진 차출 반발이 있다.,정부가 대학병원 인력을 강제 파견해 감염자·시설 준비가 끝난다.,"메르스 치료제 공식 판매개시, 다음 달 미국 FDA 허가 전망과 당뇨 신약 우선심사 약속이 지급된다. FDA 승인과 브렉시트 수익은 아직 없다.","오희건은 삼진 승계를 위해 김민재와 생산·인슐린을 나누는 동맹이 되고, 센트리언 연구진과 환자는 중국숏 자금을 치료제 신뢰로 바꾸는 공동 목격자가 된다.",중국 공매도 수익·삼진 생산동맹이 메르스 음압병실·1차 임상·한국 첫 긴급사용승인·2만 원 치료제로 실물화된다.,메르스 미국 FDA 승인; 당뇨 신약 승인·생산; 브렉시트 작전,서울 지지율 30퍼센트를 계산하고 호남 공략을 위해 군산 조선소와 새만금에 쓸 10억 달러를 별도 자금으로 빼 두라고 지시한다.,① 중국숏 수익과 생산동맹·메르스 긴급승인이 410화에 금융·생존 보상으로 닫힌다. ② 411화 군산·새만금 투자와 사우디 생산동맹은 위기대응에서 지역공장·왕실 산업협력으로 장소를 바꾼다.,0.96
DCA-N36,군산·새만금 투자와 사우디·신약 생산동맹,411,414,411,414,4,"김민재, 태우, 최재석, 살만, 빈 살만, 강 대위, 트럼프, 한정훈, 김태중, 데이비드, 오용재, 천민정","국회, 금융타워, 강 대위 사무실, 군산 조선소, 태우, 한국, 사우디, 새만금, 서울, 중국",411 L71966~L72141에서 한국 총선은 양당분열로 3자 혼전이다. 서울 지지율 30퍼센트를 계산하고 호남 공략을 위해 군산 조선소와 새만금에 쓸 10억 달러를 별도 자금으로 빼 두라고 지시한다.,군산·새만금 투자를 사우디 자금과 신약 생산동맹으로 묶어 지역산업과 왕실 관계를 동시에 살릴 수 있는가?,산업투자로 수도권·영남·호남을 묶어 대권 기반을 만든다.,여당 탈당은 장명준 정치생명을 끝낼 수 있다.,그가 시위대에 사과하고 최재석 공로를 공개해 민심을 돌린다.,"삼진바이오 주가 네 배·흑자와 무상 공장지원 제안, 국민경제당 지지율 1위, 빈 살만의 부왕 동의 확보가 지급된다. FDA 승인·공장증설·왕세자 교체·숙청은 아직 전이다.","군산·새만금 주민과 최재석은 태우 투자를 선거선물보다 일자리 약속으로 받아들이고, 사우디·신약 생산파트너는 지역공장과 글로벌 공급을 함께 책임진다.","군산 조선소·새만금 투자, 사우디 자금과 신약 생산동맹이 지역산업·의약 공급능력으로 배치된다.",당뇨 신약 FDA 승인·증설; 빈 살만 왕세자 교체·숙청,중국 서킷브레이커를 점검하며 사장단회의에서 범캣 AI·자동차 데이터를 렌터카와 협업시킨다.,① 사우디·신약 생산동맹과 군산·새만금 투자선이 414화에 계약기반을 얻는다. ② 415화 중국시장 폭락과 자율주행·ASML 지분 회수는 지역투자에서 글로벌 기술자산 수확으로 이어진다.,0.96
DCA-N36B,중국폭락·자율주행과 ASML 지분 수확,415,419,415,419,5,"김민재, 태우, 현진해운, 한정훈, 오용재, 강 대위, 최재석, 김태중, 사장단, 로만, 천민정, 데이비드","금융타워, 청와대, 강 대위 사무실, 회장실, 태우, 중국, 한국, ASML, 미국, 유럽",415 L72664~L72834에서 유고빈이 FDA 승인을 받고 센트리언 주가가 10% 오른다. 중국 서킷브레이커를 점검하며 사장단회의에서 범캣 AI·자동차 데이터를 렌터카와 협업시킨다.,중국 폭락장에서 자율주행·ASML 지분을 저점 회수해 태우의 반도체·차량 기술지배력을 높일 수 있는가?,신약·중국폭락 수확을 자율주행 실험으로 재투자한다.,경 단위 청산은 오래 걸리고 새만금 화학단지에 시민단체가 반발한다.,지역주민이 외부단체와 직접 합의하지 않으면 철수한다는 협상구조가 선다.,삼진 승계를 결산하고 ASML 지분 3퍼센트 매매 합의와 추가 매집 지시를 얻는다. 지분 이전·장비 우선권은 실무계약 이후다.,천민정·자율주행팀과 ASML 주주들은 중국폭락을 기술투자 기회로 읽는 김민재의 판단을 공유하며 단기 수익보다 장비 접근권을 우선하는 동맹이 된다.,"중국 공매도 수익과 자율주행 실증, ASML 지분·장비 접근권이 태우 반도체·차량 기술의 장기 능력으로 전환된다.",ASML 지분 실무계약·이전; 미국·대만 추가지분 매집; 장비 우선권; 해운정책,"최재석과 새만금 화학단지 안전·해운 빅딜 방향을 합의하고, 수도권·광역시 부동산 PF 30조 원을 금융타워에 권유하되 참여가 없으면 태우 자금으로 하겠다고 정한다.",① 자율주행·ASML 지분 수확과 중국 폭락 대응이 419화에 기술자산으로 닫힌다. ② 420화 새만금·부산항·PF 기업동맹은 주식·지분 회수에서 국내 대형개발과 대통령 하야 국면으로 전환한다.,0.96
DCA-N36C,새만금·부산항·PF 기업동맹과 대통령 하야,420,426,420,426,7,"김민재, 태우, 최재석, 한정훈, 강 대위, 현진해운, 머스크, 기획실장, 김태중, EU, 천민정, 로만","청와대, 금융타워, 강 대위 사무실, 국회, 백악관, 강 대위 식당, 태우, 태우건설, 새만금, 한국","420 L73525~L73689에서 유고빈 체중감량 입소문이 광고 전부터 터진다. 최재석과 새만금 화학단지 안전·해운 빅딜 방향을 합의하고, 수도권·광역시 부동산 PF 30조 원을 금융타워에 권유하되 참여가 없으면 태우 자금으로 하겠다고 정한다.",새만금·부산항·PF 기업동맹을 실제 개발자금으로 묶고 대통령 하야 충격 속 국가사업의 연속성을 지킬 수 있는가?,바이오·해운·부동산 세 수확을 총선 산업정책으로 묶는다.,선거는 끝났어도 대통령·기존 여당과 해운 채권단의 저항이 남아 있다.,장명준이 과거 도움을 갚겠다며 현재가 설득과 지분 매각에 협력한다.,김민재와 최재석의 압박이 대통령의 전국 생중계 자진 사퇴 약속을 끌어낸다.,"새만금·부산항 기업들은 PF 부담을 함께 지는 공동 투자자로 묶이고, 최재석·국민경제당은 현직 대통령 하야를 감당할 제도권 대안으로 국민 앞에 선다.",새만금·부산항 PF 기업동맹과 물류·공장계획이 확정되고 대통령 하야로 국민경제당의 집권경로가 열린다.,조기대선·브렉시트 거래,정부는 인허가와 기반공사를 맡고 태우가 투자·기업 유치를 담당하는 구도를 최재석에게 제안한다.,① 기업동맹·PF와 대통령 하야의 정치결산이 426화에 국가개발판을 재정렬한다. ② 427화 700조 반도체도시와 해운 빅딜은 정권위기 뒤 초대형 산업도시·물류투자로 새 약속을 연다.,0.96
DCA-N37,700조 반도체도시와 해운 빅딜,427,430,427,430,4,"김민재, 태우, 최재석, 현진해운, 한정훈, 이영한, 리사, 김태중, 웨이, 강 대위, 천민정, 기획실장","청와대, 태우 본사, 금융타워, 회장실, 태우, 한국, 명동, 중국, 태우상사, 경기",427 L74704~L74857에서 헌정사상 첫 대통령 자진 사퇴로 60일 조기대선이 확정된다. 정부는 인허가와 기반공사를 맡고 태우가 투자·기업 유치를 담당하는 구도를 최재석에게 제안한다.,700조 원 반도체도시와 해운 빅딜을 금융·부지·선박으로 성립시켜 세계 공급망의 중심을 한국에 고정할 수 있는가?,정치 심판을 대형 산업 비전으로 덮어 최재석의 집권 명분을 만든다.,700조 계획은 토지 수용·숙련인력 부족과 막대한 선투자를 감당해야 한다.,명동 자금 10조가 부지 재매입으로 돌아가고 고임금 장기 일자리가 전국 인력을 끌어들인다.,"1조6천억 원 채무탕감, 현재해운 매각계약 서명, 잔여부채 일시상환과 현진·현재해운의 태우상사 편입이 지급된다.","정부·반도체사·해운사는 700조 원 도시와 선복을 나눠 쓰는 장기 산업동맹으로 묶이고, 김민재는 공장 한 곳이 아니라 도시·항만을 조율하는 총사업자가 된다.",700조 반도체도시 부지·전력·입주안과 해운 빅딜의 선복·지분 조건이 국가급 생산·물류 기반으로 확정된다.,대한타이어 승계; 해운 카르텔 대응,태우 자동차계열이 전기차 타이어 개발 명목으로 2조 원 이상 투자하게 하고 사우디 숙청 대상 정보를 빈 살만에게 제공한다.,① 반도체도시와 해운 빅딜의 대형 계약선이 430화에 산업보상으로 모인다. ② 431화 사우디 왕위·한국 총선·브렉시트는 공장·선박에서 세 나라 권력교체 대응으로 목표를 바꾼다.,0.96
DCA-N37B,사우디 왕위·총선·브렉시트 세 권력교체,431,435,431,435,5,"김민재, 태우, 살만, 빈 살만, 최재석, 한정훈, 조지, 트럼프, 서정준, 데이비드, 김장우, 압둘라","금융타워, 브로드 연구소, 강 대위 사무실, 청와대, 사우디, 태우, 미국, 중국, 한국, 센트리언",431 L75384~L75552에서 주성재가 대한타이어 승계를 부탁하고 사우디에서는 왕족 숙청이 시작된다. 태우 자동차계열이 전기차 타이어 개발 명목으로 2조 원 이상 투자하게 하고 사우디 숙청 대상 정보를 빈 살만에게 제공한다.,사우디 왕위·한국 총선·브렉시트라는 세 권력교체를 태우 동맹의 손실 없이 통과해 다음 정부·시장 접근권을 지킬 수 있는가?,국내 승계 지원과 중동 권력동맹을 한 축으로 묶는 관계 보상을 약속한다.,사드로 중국 보복이 예상되고 유전자 가위는 세 연구집단의 특허분쟁에 묶여 있다.,최재석 정부가 출범하고 김민재는 분쟁 당사자 모두를 사들이는 해법을 택한다.,"브렉시트 통과, 빈 살만의 왕세자 등극·500명 이상 숙청·1천억 달러 초과 자산회수가 지급된다. 파운드 공략의 최종수익은 아직 남는다.","빈 살만·최재석·영국 협상자들은 서로 다른 권력교체를 김민재와 공유하고, 태우는 왕실·정당·유럽시장 모두에 결과를 제공하는 중개자로 인정받는다.","사우디 왕위교체선, 국민경제당 총선승리와 브렉시트 대응자산이 세 지역의 정치·시장 권한으로 지급된다.",파운드 공략 최종수익; 미중 무역전쟁; 사우디 장기사업동맹,5년치 선납을 제시한 뒤 태우가 이미 60만 TEU 자가선복을 갖췄다고 공개해 계약 파기 시 직접 운항하겠다고 압박한다.,① 세 권력교체의 동맹·포지션이 435화에 정치방패로 정리된다. ② 436화 용선료·2M 해운동맹·로보 소송은 권력전에서 선박계약·법정·반도체도시 기반으로 돌아간다.,0.96
DCA-N38,용선료·2M·로보소송과 반도체도시 기반,436,440,436,440,5,"김민재, 태우, 제리 왕, 마크, 현진해운, EU, 데이비드, 김태중, 한정훈, 에릭센, 머스크, 트럼프","금융타워, 태우 본사, 태우, 미국, 한국, 센트리언, 유럽, 중국, 명동, 구글",436 L76287~L76460에서 제리 왕과 스무 선주가 기존 용선료 할인 합의를 취소하려 한국에 온다. 5년치 선납을 제시한 뒤 태우가 이미 60만 TEU 자가선복을 갖췄다고 공개해 계약 파기 시 직접 운항하겠다고 압박한다.,용선료·2M 동맹과 로보 소송을 버티며 반도체도시의 선박·공장·기술 기반을 실제 계약으로 고정할 수 있는가?,상대의 담합을 선박 보유량으로 뒤집는 협상 쾌감을 약속한다.,다국가 소송비와 평판 손실이 크고 해운동맹도 통합사를 배척한다.,AI 기술절도 증거 때문에 로보 경영진이 오히려 패소와 배상 위험에 몰린다.,"로보와의 무조건 상호소송 취하·유고빈 권리확정, 태우해운 약 280만 TEU·세계 4위, 반도체도시 1구역 7천억 원 차익과 2·3구역 10조 원 이상 투자·착공 2년 단축이 지급된다. 미국 해운동맹은 아직 추진 중이다.",해운사·2M 동맹과 로보 소송진은 김민재를 가격을 누르는 고객에서 선복·법정·반도체도시를 동시에 책임질 협상자로 대한다.,"용선료·2M 조건과 로보 소송방어, 반도체도시 물류기반이 계약·법률·시설의 방어능력으로 정리된다.",미국 주도 해운동맹; 반도체도시 추가부지; 이영한·명동의 다음 투자,원격 이동 가능한 거점 주차장을 매입하게 하고 버클리·브로드 팀을 따로 초청해 mRNA와 돌연변이 연구시설을 여섯 시간 넘게 보여 준다.,① 해운·로보·반도체도시 기반의 결산이 440화에 각각 실물자산으로 남는다. ② 441화 제주 렌터카 실증과 바이오 인재영입은 물류·법정에서 차량실험·사람 확보로 전환한다.,0.96
DCA-N38B,렌터카 실증·바이오 인재와 중국 산업스파이,441,446,441,446,6,"김민재, 태우, 트럼프, 김진우, 강 대위, 천민정, 김태중, 정영근, 웨이, 애플, 리강, 이종수","브로드 연구소, 백악관, 금융타워, 태우 본사, 강 대위 사무실, 태우, 미국, 한국, 중국, 센트리언",441 L77141~L77310에서 제주 코코아 렌터카의 원격 반납 모델이 자율주행 이전 단계로 자리 잡는다. 원격 이동 가능한 거점 주차장을 매입하게 하고 버클리·브로드 팀을 따로 초청해 mRNA와 돌연변이 연구시설을 여섯 시간 넘게 보여 준다.,제주 렌터카 자율주행 실증과 바이오 인재를 확보하면서 중국 산업스파이의 기술유출을 역추적할 수 있는가?,낡은 규제와 연구경쟁을 모두 선점자 자산으로 바꾸는 보상을 예고한다.,형사 혐의와 대학 조직의 압박 때문에 개인 제안만으로는 팀이 유지되지 않는다.,김진우가 태우를 적이 아닌 확실한 편으로 받아들이고 팀 전체가 합류한다.,"정영근의 50억 원 초과 채무·불법도박·할머니 계좌 6억 원 확인, 좀비폰과 내부문서 확보, 역정보·전 직원 배경조사 지시가 지급된다. 조작정보 전송과 중국 경쟁사 피해는 미지급이다.","제주 이용자·바이오 인재는 제품과 일자리로 태우를 신뢰하게 되고, 중국 산업스파이는 내부 동료로 가장한 적의 얼굴을 드러내며 조직의 경계선을 선명하게 만든다.",제주 렌터카 자율주행 실증과 바이오 인재영입이 지급되고 중국 기술유출 증거·대응선이 보안자산으로 확보된다.,조작정보·악성코드 역공; 전 직원 배경조사; 미국 해운규제·트럼프 취임,외국 대형 해운동맹이 미국 중소 해운사를 죽인다고 아메리카 퍼스트 논리로 설득하고 미국 투자·고용 계획을 제시한다.,① 렌터카 실증·바이오 인재와 중국 스파이 증거가 446화에 기술·인적 보상으로 닫힌다. ② 447화 트럼프 해운규제와 선박·북해자산 협상은 내부스파이에서 미국 규제·해양패권으로 적을 바꾼다.,0.96
DCA-N38C,트럼프 해운규제와 선박·북해자산 확보,447,450,447,450,4,"김민재, 태우, 머스크, 애플, 트럼프, 스티브, 다이먼, 데이비드, 김태중, 조지, 마크, 오바마","금융타워, 태우 본사, 미국, 태우, 애플, 한국, 유럽, 러시아, 중국, 태우건설",447 L78216~L78400에서 2017년 트럼프 취임 뒤 김민재가 첫 공식 면담에서 해운 문제를 꺼낸다. 외국 대형 해운동맹이 미국 중소 해운사를 죽인다고 아메리카 퍼스트 논리로 설득하고 미국 투자·고용 계획을 제시한다.,트럼프의 해운규제를 한국 선박발주와 북해 에너지자산 인수로 되받아 태우의 해양패권을 넓힐 수 있는가?,50억 달러 투자로 세계 해운 카르텔을 미국 규제에 올려놓는 정치 보상을 준다.,머스크는 핵심자산 양도를 꺼리고 비트코인은 이미 수백만 원대로 올라 조작세력이 붙었다.,자금압박 때문에 머스크가 태우의 조건을 진지하게 검토할 수밖에 없다.,"애플 신사옥 완공·스티브의 경영복귀 약속, 태우 주도 미국 해운동맹 성립이 지급된다. 알트코인 매집과 다섯 배 수익은 계획이다.","트럼프 행정부와 해운 경쟁사는 규제압박 뒤 태우의 선박·북해자산 인수능력을 인정하고, 기존 동맹은 미국시장 접근을 지키기 위해 조건을 재협상한다.","해운규제 대응권, 추가 선박과 북해 에너지자산이 태우의 대서양 물류·원료 소유로 편입된다.",알트코인 매집·운용; 미중 분쟁,8달러인 이더리온을 금융타워가 매입해 시장조성자에게 빌려주고 강대위의 택시면허 100여 개를 활용해 노조 반대를 우회한다.,① 선박·북해자산 확보가 450화에 규제의 대가를 실물소유로 바꾼다. ② 451화 이더리온·무인공장과 말레이시아 위험점검은 해운패권에서 디지털화폐·자동생산·동남아 생존으로 이동한다.,0.96
DCA-N39,이더리온·무인공장과 말레이시아 생존 변수,451,455,451,455,5,"김민재, 태우, 강 대위, 천민정, 한정훈, 리사, 로만, 트럼프, 웨이, 태우병원 의료진, 살만, 최재석","금융타워, 태우병원, 구형 반도체 공장, 강 대위 사무실, 쿠알라룸푸르 공항, 태우, 북한, 중국, 한국, 미국",451 L78913~L79090에서 수수료가 싼 알트코인 거래소가 핀테크의 점유율을 빼앗고 있다. 8달러인 이더리온을 금융타워가 매입해 시장조성자에게 빌려주고 강대위의 택시면허 100여 개를 활용해 노조 반대를 우회한다.,이더리온과 무인공장을 실제 생산·결제 기반으로 만들면서 말레이시아 정치변수에서도 태우 자산을 지킬 수 있는가?,미래 천 배 상승 자산을 선점하면서 자율주행 규제에도 새 변수를 만드는 보상을 약속한다.,해외 암살현장 개입은 외교문제와 요원 사망을 부를 수 있다.,제거 대상이던 북한 2인자가 태우가 개입할 가치가 있는 생존카드로 재정의된다.,"장남 구출, 칭화 부패자료 1천억 원 이상 확인·중국 언론과 SNS 공개, 1초 AI 통역과 레벨3 고속도로 시험 무오류 성공이 지급된다.","이더리온 개발자와 말레이시아 현장팀은 김민재에게 자동화 성과뿐 아니라 생존위험까지 보고하는 파트너가 되고, 태우는 인건비 절감보다 사람의 안전을 우선할 책임을 진다.",이더리온·무인공장 기술과 말레이시아 공급망의 위험정보·대체선이 생산성·재난대응 능력으로 확보된다.,중국 내 부패폭로 반응; 빈 살만 방한·사우디 동맹,2천억 달러 펀드 중 절반 운용 요청은 거절하되 차기 프로젝트 공동투자를 약속하고 블랙홀·MC소프트를 추천한다.,① 디지털화폐·무인공장과 말레이시아 대응선이 455화에 다음 산업기반으로 정착한다. ② 456화 빈 살만·국민연금과 게임·통신망 실증은 공장자동화에서 왕실자금·대중서비스 증명으로 넘어간다.,0.96
DCA-N40,빈 살만·국민연금과 게임·통신망 증명,456,462,456,462,7,"김민재, 태우, 살만, 빈 살만, 한정훈, 진동구, 최재석, 손정우, 김태중, 구글, 진호균, 데이비드","금융타워, 백악관, 청와대, 태우 본사, 회장실, 태우, 한국, 태우통신, 사우디, 미국",456 L79846~L80027에서 왕권을 굳힌 빈 살만이 국빈 방한해 확대된 사우디 국부펀드를 김민재에게 맡기려 한다. 2천억 달러 펀드 중 절반 운용 요청은 거절하되 차기 프로젝트 공동투자를 약속하고 블랙홀·MC소프트를 추천한다.,빈 살만·국민연금 자금을 게임·통신망의 실제 이용자와 수익으로 증명해 태우 기술투자의 공공성을 확보할 수 있는가?,왕자의 난 지원이 1천억 달러 운용 제안으로 돌아오는 초대형 관계 보상을 준다.,공적자금은 단기투기 비판을 피해야 하고 기존 규제로 거대 공연장 수익모델이 막혀 있다.,배틀 아레나 흥행이 첫 운용성과가 되고 라스베이거스급 공연장보다 두 배 큰 계획이 세워진다.,"태우통신 국제망 1티어 확정, 글로벌 동맹과 10조 원 규모 해저케이블 발표, 태우 부담 약 1조 원의 사업구조가 지급된다.","빈 살만과 국민연금은 김민재의 게임·통신망 실증을 보고 장기자본을 맡길 동맹으로 가까워지고, 이용자는 서비스 품질로 그 관계를 외부에서 증명한다.",국민연금·사우디 자금통로와 게임·통신망의 가입·매출 실적이 투자권한과 디지털 유통능력으로 굳어진다.,해저케이블 구축; 망사용료 재협상; 유가 하락 뒤 에너지 투자,JIS 공개수치와 실험값을 비교해 조작을 확인하고 태우 자동차·항공 계열의 일본산 알루미늄 부품을 비공개로 교체한다.,① 게임·통신망 실증과 왕실·연기금 신뢰가 462화에 투자보상으로 남는다. ② 463화 일본 품질정보·북미 에너지·가이아나 위기 포지션은 서비스 실증에서 국가산업 저점매수로 중심을 바꾼다.,0.96
DCA-N41,일본 품질정보·북미에너지·가이아나 위기전 포지션,463,465,463,465,3,"김민재, 태우, 데이비드, 한정훈, 다이먼, 트럼프, 천민정, 마크, 애플, 로만, 기획실장","백악관, 금융타워, 태우, 일본, 미국, 알래스카, 알래스카 유전, 한국, 가이아나, 가이아나 유전",463 L81044~L81207에서 태우 연구진이 일본 철강사의 공개 품질자료를 직접 재시험한다. JIS 공개수치와 실험값을 비교해 조작을 확인하고 태우 자동차·항공 계열의 일본산 알루미늄 부품을 비공개로 교체한다.,일본 품질조작 정보를 잡고 북미 에너지·가이아나 위기에 선제 포지션을 세워 다음 무역충격의 매입가격을 만들 수 있는가?,경쟁사의 데이터 조작을 먼저 발견해 리콜·매각 타이밍을 지배하는 정보 보상을 준다.,당장 유가는 상승하고 시추비가 크며 미국이 완전한 외국 소유를 꺼린다.,트럼프가 10년 이상 시추와 연내 규제철폐를 약속해 장기 개발권이 열린다.,"가이아나 펀드 70퍼센트 지배 확인, 이더리움 8달러→200달러 근접 수익과 암호화폐 매도개시, 메타버스의 AI센터 공식사업 승인이 지급된다.",일본 내부 제보자·북미 에너지사·가이아나 정부는 태우를 각자의 위기를 거래할 비밀 상대자로 선택하지만 아직 공개동맹은 아니다.,일본 품질조작 정보와 북미 에너지·가이아나 위기 포지션이 매수·철수 시점을 정할 선행정보 자산으로 축적된다.,암호화폐 완전청산; 메타버스 인재·특허·기업·VR 인수,신약 이익을 10년 성장기반에 재투자하고 명동의 정보망까지 점검한 뒤 이영한에게 10조 원 규모 시장과 비트코인 청산 시점을 알려 준다.,① 일본 품질정보와 북미·가이아나 포지션이 465화에 공격 전 지도로 완성된다. ② 466화 중국·러시아 공장철수와 5년 임차·대금회수는 정보수집에서 실제 탈출계약으로 넘어간다.,0.96
DCA-N41B,중·러 공장철수와 5년 임차·대금회수,466,470,466,470,5,"김민재, 태우, 한정훈, 장경준, 로만, 이영한, 김태중, 기획실장, 강 대위, 살만, 푸틴, 천민정","금융타워, 경제연구소, 러시아 자동차 공장, 회장실, 국회, 강 대위 식당, 러시아, 태우, 일본, 한국",466 L81552~L81719에서 김민재가 적자를 감수하고 화학단지·반도체 소재·센트리언 공장 투자를 계속하라고 지시한다. 신약 이익을 10년 성장기반에 재투자하고 명동의 정보망까지 점검한 뒤 이영한에게 10조 원 규모 시장과 비트코인 청산 시점을 알려 준다.,중국·러시아 공장을 5년 임차와 대금회수 조건으로 빼내 제재·정치충격 전에 태우 생산망을 안전하게 철수시킬 수 있는가?,지금의 초과이익을 코로나와 공급망 충격 이전 성장동력으로 바꾸는 준비 보상을 약속한다.,시장이 더 오래 오르면 공매도 손실이 커지고 러시아 공장 처분은 경쟁사를 키울 수 있다.,장경준은 태우가 단순히 전기차 집중 때문에 러시아 공장을 파는 것이 아니라는 경고를 듣고 인수 여부를 고민한다.,러시아 공장 임대계약 체결·5조 원 수령·도요타 2년 임대와 로만의 크렘린 오해해소 약속이 지급된다. 신규 러시아 공장은 시간을 벌기 위한 계획이다.,"중국·러시아 공장 노동자와 현지정부는 철수 위협 속 5년 임차·대금회수 조건으로 태우와 관계를 재설정하고, 본사 임원은 손실회피보다 퇴로확보를 우선한다.",중·러 공장철수 대금과 5년 임차권·설비회수 조건이 확정돼 제재·정치위험 속에서도 생산을 되살릴 옵션이 남는다.,러시아 리콜·철수 일정; 신규공장 위장계획; 일본 품질공격,한 부회장에게 몽골 투자 확대를 지시하고 베이징의 리강에게 중국 공장 축소는 철수가 아니라 일대일로 물류 참여를 위한 재배치라고 설명한다.,① 러시아 공장 임차·중국철수와 대금회수가 470화에 소유·현금 보상으로 끝난다. ② 471화 일본 품질조작 증거와 리콜·저점매수는 철수전에서 일본 제조업 공격으로 새 상대를 세운다.,0.96
DCA-N41C,일본 품질조작 증거·리콜과 저점매수,471,477,471,477,7,"김민재, 태우, 한정훈, 데이비드, 리강, 이영한, 최재석, 강 대위, 김태중, 로만, 민정기, 사토 켄지","금융타워, 청와대, 백악관, 강 대위 사무실, 일본, 태우, 중국, 미국, 한국, 유럽",471 L82432~L82611에서 중국·러시아 공장 철수로 육상과 해상 공급로가 동시에 불안해진다. 한 부회장에게 몽골 투자 확대를 지시하고 베이징의 리강에게 중국 공장 축소는 철수가 아니라 일대일로 물류 참여를 위한 재배치라고 설명한다.,일본 기업의 품질조작 증거를 리콜과 주가하락으로 연결해 핵심 제조자산을 저점에서 사들일 수 있는가?,미중 무역전쟁 직전 자원·물류 경로를 저점에서 선점하는 새 아크를 연다.,자동차 결함은 막연하고 금융타워가 직접 움직이면 매도 의도가 노출된다.,이영한의 일본 조직 자금망이 현직·퇴직 시험인력까지 찾을 우회통로가 된다.,"일본 자동차업계 공개사과·생산중단·리콜, 태우차 리콜 마무리와 주가상승이 지급된다. 소송배상과 도시바 거래는 미지급이다.","일본 제보자와 소비자는 태우가 공개한 리콜증거를 신뢰하고, 품질을 자랑하던 일본 기업 경영진은 방어자에서 저점매수 대상·협상약자로 내려온다.","품질조작 증거·대규모 리콜과 주가하락, 저점매수 포지션이 일본 제조업 지분·시장점유를 얻을 실행자산으로 바뀐다.",일본차 배상·주가후속; 도시바 면담·계약파기 조건·자산매각,러시아 공장 파기를 받아주는 대신 두 회사 매각을 제안하고 미국기업·핀테크은행과 연합해 반독점 규제를 피할 구조를 짠다.,① 품질조작 공개·리콜과 저점매수 기회가 477화에 일본 공격의 영수증으로 남는다. ② 478화 도시바메모리·웨스팅하우스 가격·담보 협상은 폭로전에서 반도체·원전 소유권 거래로 전환한다.,0.96
DCA-N41D,도시바메모리·웨스팅하우스 가격·담보 인수,478,481,478,481,4,"김민재, 태우, 한정훈, 데이비드, 트럼프, 애플, 로만, 도시바 경영진","금융타워, 태우 본사, 회장실, 태우, 일본, 미국, 태우건설, 한국, 러시아, 유럽",478 L83689~L83856에서 도시바가 신뢰 추락과 웨스팅하우스 손실로 러시아 공장 매입계약 파기를 요청한다. 러시아 공장 파기를 받아주는 대신 두 회사 매각을 제안하고 미국기업·핀테크은행과 연합해 반독점 규제를 피할 구조를 짠다.,도시바메모리와 웨스팅하우스를 가격·담보 조건으로 인수해 일본 반도체·미국 원전기술을 태우 공급망에 넣을 수 있는가?,일본의 대규모 악재에서 메모리·원전 핵심회사를 한꺼번에 저점 인수한다.,30조 원 인수비용과 일본 방어막이 남고 너무 일찍 판 유전은 추가 상승분을 놓칠 수 있다.,데이비드가 15일 해결을 약속하고 석유사들이 앞다퉈 지분을 사겠다고 나선다.,도시바메모리·웨스팅하우스 4조5500억 엔 인수계약 체결과 잔여지분 45퍼센트 담보의 2조 엔 대출이 지급된다. 잔여지분 이전과 카메코 지분취득은 아직 전이다.,도시바·웨스팅하우스 채권자와 일본 정부는 김민재를 외국 포식자로 경계하지만 가격·담보·고용조건을 지킬 유일한 인수자로 협상한다.,도시바메모리와 웨스팅하우스의 가격·담보·지분 인수조건이 태우 반도체·원전 소유권으로 확정된다.,도시바 잔여 45퍼센트 채무불이행·이전; 카메코 지분 3년 매집,청나라 채권의 5% 금리와 600만 파운드 발행액을 계산하고 인터넷 경매·골동품상·미영 재단을 매입경로로 정해 한 부회장에게 6개월 안 최소 절반 확보를 지시한다.,① 도시바메모리·웨스팅하우스의 가격·담보 인수가 481화에 소유권 보상으로 닫힌다. ② 482화 청나라 5% 채권·600만 파운드 매집지시는 기업인수에서 역사채권·중국 금융권한 전략으로 장을 바꾼다.,0.96
DCA-N42,청나라채권 지시·유전코인 회수와 엔비디아 현재지분,482,488,482,488,7,"김민재, 태우, 한정훈, 김태중, 손정우, 워렌, 트럼프, 웨이, 데이비드, 서정준, 다이먼, 로만","금융타워, 백악관, 구형 반도체 공장, 태우, 미국, 센트리언, 중국, 한국, 월가, 알래스카",482 L84352~L84522에서 도요타 방어전이 길어지는 가운데 미중 양국이 태우에도 선택을 강요할 시기가 온다. 청나라 채권의 5% 금리와 600만 파운드 발행액을 계산하고 인터넷 경매·골동품상·미영 재단을 매입경로로 정해 한 부회장에게 6개월 안 최소 절반 확보를 지시한다.,청나라 5% 채권 매집지시와 유전코인 회수를 거쳐 엔비디아 3% 교환·현재 약 10% 지분을 실제 소유로 만들 수 있는가?,수백조 미국채 대신 수백억짜리 청나라 채권으로 거대한 변수를 만든다.,워렌은 금융타워가 미국과 중국을 동시에 공략하는 위험한 그림임을 정확히 간파한다.,"워런이 위험을 함께 지겠다고 금융타워에 재투자하고, 국민연금은 세력보다 정확한 저점매수 실력으로 별도의 전문가를 드러낸다.",35억 달러 채권↔엔비디아 3% 교환을 완료하고 태우증권 8% 이상·핀테크 포함 약 10% 보유를 확인한다. 뱅가드·피델리티 각 7% 협상길을 얻지만 통제권은 아직 없다.,"한 부회장은 청나라 채권 매집명령을 맡은 집행자로 신뢰받고, 엔비디아·뱅가드·피델리티는 현재 지분과 미래 목표를 구분한 협상상대로 관계가 열린다.","채권 매집경로·담당이 정해지고 이후 60% 확보, 유전코인 회수와 엔비디아 3% 교환으로 현재 약 10% 지분이 생긴다. 25·40·50%는 경로와 목표다.",뱅가드·피델리티 각 7% 협상; 엔비디아 25%·40%·최종 50% 목표,트럼프의 호출에 응해 중국 보유채권 20% 이상 매각 가능성을 계산하고 공매도 수익으로 채권을 사겠다고 제안한다.,① 488화의 35억 달러 채권↔엔비디아 3% 교환과 8%·10% 현재지분이 실물 보상이다. ② 489화 미중 무역전쟁과 중국 금융권한 협상은 엔비디아 지분에서 국가금융 접근권으로 확장한다.,0.96
DCA-N42B,미중 무역전쟁과 중국 5년 금융권한 말합의,489,495,489,495,7,"김민재, 태우, 데이비드, 트럼프, 젝슨 황, 리강, 리사, 머스크, 한정훈, 진량타이, 로만, 베릴","금융타워, 백악관, 회장실, 중국, 미국, 태우, 한국, 태우반도체, 유럽, 태우증권",489 L85590~L85766에서 트럼프가 중국산 관세를 발효하며 미중 무역전쟁이 실제로 시작된다. 트럼프의 호출에 응해 중국 보유채권 20% 이상 매각 가능성을 계산하고 공매도 수익으로 채권을 사겠다고 제안한다.,미중 무역전쟁에서 청나라채권 60%를 지렛대로 중국의 5년 금융활동권과 5년 뒤 양도 말합의를 끌어낼 수 있는가?,미국채 방어를 맡는 대가로 중국 공매도를 보호받는 국가급 허가를 얻는다.,GPU 암흑기에 수요전망을 믿기 어렵고 대규모 지분발행은 기존 주주 반발을 부른다.,리사와 젝슨 황이 5촌 관계임을 가계도로 확인해 개발자 간 선천적 신뢰까지 만들어 낸다.,중국 금융시장 5년 무제한 활동권과 5년 뒤 청나라 채권 양도 조건의 정치적 수락·말합의를 얻는다. 금융타워 전체 세부계약은 미지급이다.,"리강은 미중 무역전쟁 속 청나라 채권을 두고 김민재와 5년 권한·향후 양도를 말로 수락하는 정치상대가 되고, 금융사 담당자들은 세부계약을 공동 작성한다.",중국 금융활동 5년 무제한과 5년 뒤 채권양도의 정치적 말합의가 생기지만 각 금융사 세부계약·실행권은 미지급이다.,금융타워 각 사 세부조건·계약 체결; 중국 내 실제 금융활동 실행; 니콜라 폭로,후계자 김정권에게 영상의 각도를 돌려 사기방식을 보여 주고 2주 안에 지분을 팔며 새만금 공장·인력을 배치하라는 조건을 건다.,① 리강의 5년 권한·채권양도 말수락이 495화에 정치적 문을 열고 세부계약은 남는다. ② 496화 니콜라 사기증거·새만금·희토류 점검은 중국 금융합의에서 팬데믹 공급망 방벽으로 이동한다.,0.96
DCA-N43,니콜라·희토류·HBM과 팬데믹 공급망 사전방벽,496,505,496,505,10,"김민재, 태우, 김태중, 김정권, 한정훈, 데이비드, 최재석, 트럼프, 강 대위, 머스크, 다이먼, 오용재","금융타워, 백악관, 청와대, 국회, 태우병원, 강 대위 사무실, 강 대위 식당, 중국, 태우, 미국",496 L86828~L87002에서 니콜라가 경사로에서 트럭을 굴려 주행영상처럼 찍은 사기가 확인된다. 후계자 김정권에게 영상의 각도를 돌려 사기방식을 보여 주고 2주 안에 지분을 팔며 새만금 공장·인력을 배치하라는 조건을 건다.,니콜라 사기증거로 대화그룹 손실을 막고 베트남 희토류·HBM·마스크·농산물까지 팬데믹 공급망을 선제 배치할 수 있는가?,우군의 손실을 먼저 막고 사기기업 자금을 새만금 공급망으로 옮기는 보상을 약속한다.,"코로나 연구는 계속 적자이고 해외 신축공장만 이미 200억 달러 규모다. 서정준은 가동률을 걱정하며, 공장 규모가 두 배가 될 수 있다는 서술상 가능성은 합의된 수치가 아니다.","서정준이 태우의 건설비 150% 인수보증을 전제로 공장 신축에 더 많은 자금을 쓰겠다고 동의하고, 자가진단키트 전담팀과 마스크 계약업체 목록까지 즉시 실행선에 오른다.",다이먼·데이비드에게 비테라 인수를 맡기고 머스크에게 농업위성 구축 약속을 받는다.,서정준·김태중·베트남·몽골 파트너는 니콜라 사기를 피한 태우와 희토류·HBM·팬데믹 대비를 함께 짜며 위기정보를 먼저 공유하는 공급동맹이 된다.,"니콜라 손실회피, 베트남 희토류 2만 톤·몽골선, HBM 증설과 새만금 법·센트리언 150% 인수보증·진단팀·마스크 명단이 준비된다.","비테라 소유권, 위성 발사, 세계 곡물기업과의 힘겨루기.",천민정의 디스플레이 기술유출 증거와 관련자 명단을 이영한에게 넘긴다.,① 니콜라 공개·마스크·음압병동·미국 농산물 거래와 비테라 준비가 505화까지 팬데믹 방벽을 이룬다. ② 506화 천민정의 기술유출 수천 건 증거는 공급망 준비에서 내부고발·기술보호법 전쟁으로 전환한다.,0.96
DCA-N43B,기술유출 증거·보호법과 중국 블랙리스트,506,510,506,510,5,"김민재, 양진태, 태우, 이영한, 천민정, 리강, EU, 기획실장, 한정훈, 데이비드, 김태중, 트럼프","금융타워, 국회, 청와대, 백악관, 경제연구소, 강 대위 식당, 중국, 한국, 미국, 태우",506 L88515~L88679에서 미국에서 돌아온 김민재는 트럼프의 국방수권법·수출통제개혁법 서명을 한 부회장에게 보고받는다. 천민정의 디스플레이 기술유출 증거와 관련자 명단을 이영한에게 넘긴다.,천민정이 모은 기술유출 수천 건을 이영한·내부고발·기술보호법과 중국 블랙리스트 양보로 결산할 수 있는가?,중국으로 기술을 빼돌린 협력업체 관련자를 물증과 명동 집행력으로 공개 본보기로 만드는 약속.,대중 수출 의존 때문에 중국을 자극하면 경제가 무너진다는 반대 여론이 강하고 한국이 보복의 전면에 설 위험이 있다.,미국이 전면에 서고 일본·EU가 뒤를 받쳐 중국의 총알이 한국까지 닿지 않게 하는 국제 방어구조가 제시된다.,"리강의 단계적 대응 수락과 기술보호법 철회저지, 중국의 한국 기술자 700명 이상 해고 확인이 지급된다. 국제 블랙리스트와 곡물기업 인수는 아직 계획이다.","천민정과 내부고발자는 수천 건 기술유출 증거를 김민재에게 맡기고, 이영한·최재석은 법·명동·외교에서 연구자를 지키는 공동 보호망이 된다.","기술유출 증거·내부고발선과 기술보호법, 하버드·중국 압박 뒤 리강의 양보·블랙리스트가 국가급 보안권한으로 확보된다.",해고 기술자 보호·국제 블랙리스트; 비테라 인수; 곡물 메이저 협상,카길·와이자타 앞에서 연 1천억 달러 곡물 구매와 농장 임차를 제안한다,① 기술보호법과 리강의 양보·블랙리스트가 510화에 국가방패로 지급된다. ② 511화 곡물카르텔 공식협상은 기술안보전에서 연 1000억 달러 식량계약으로 거래대상을 바꾼다.,0.96
DCA-N43C,곡물 카르텔 1000억 달러와 비테라 인수,511,512,511,512,2,"김민재, 태우, 머스크, 데이비드, 웨이, 다이먼","백악관, 태우, 한국, 미국, 태우반도체, 중국, 일본, 월가, 동남아",511 L89364~L89522에서 미국에 도착한 김민재는 농업위성 성공을 확인한 뒤 카길·와이자타 등 곡물기업 대표들을 한자리에 모은다. 카길·와이자타 앞에서 연 1천억 달러 곡물 구매와 농장 임차를 제안한다,곡물카르텔과 연 1000억 달러 구매·농장임차를 합의하고 비테라를 태우곡물회사로 인수할 수 있는가?,연 1천억 달러 구매력을 미끼로 곡물 메이저의 단일대오를 서로 물어뜯는 경쟁으로 바꾸는 약속.,ABC 기업들은 시장을 나눠 가진 카르텔이며 태우가 한 곳과 손잡으면 나머지가 공급을 막을 수 있다.,1천억 달러는 세계 곡물기업 순위를 바꿀 금액이라 선택권을 넘겨받은 대표들이 숨긴 탐욕을 드러낸다.,"비테라 인수 확인·태우곡물회사 전환, 일부 5년 곡물·농장 계약과 아마존 창고임대 합의가 지급된다. 연 1천억 달러 전량계약은 아직 진행 중이다.","곡물메이저는 태우를 신규 구매자로 얕보다 연 1천억 달러 조건을 받아들이고, 비테라 경영진은 태우곡물회사로 전환되는 인수 파트너가 된다.",연 1천억 달러 곡물구매·농장임차와 비테라 인수·태우곡물회사 전환이 식량 소유·유통능력으로 확정된다.,연 1천억 달러 곡물계약 완성; 해외 반도체 생산지도·첨단칩 투자,인도·베트남 팹을 중국 구형반도체 시장 최소 50% 대체 규모로 잡고 중국 업체보다 먼저 구형 노광장비 공급계약을 맺도록 지시한다. 2년 내 제재·차량용 공급부족을 설명하고 악성재고는 본사가 매입 책임지며 HBM 5배 증설·한국 GPU 부지를 배치한다.,① 연 1000억 달러 곡물거래와 비테라 인수·전환이 512화에 식량소유권으로 닫힌다. ② 513화 인도·베트남 구형팹과 노광장비 경쟁은 곡물메이저 협상에서 반도체·식량 교환전으로 넘어간다.,0.96
DCA-N43D,인도·베트남 구형팹·ASML·곡물과 28GHz,513,516,513,516,4,"김민재, 태우, EU, 김태중, 한정훈, 리사, 웨이, 천민정, 데이비드, 트럼프, 로만, 강 대위","금융타워, 경제연구소, 태우 본사, 강 대위 사무실, 베트남 공장, 회장실, 태우, 중국, 베트남, ASML",513 L89697~L89854에서 식량협상을 마친 김민재가 귀국 즉시 한 부회장·천민정·리사·웨이를 소집한다. 인도·베트남 팹을 중국 구형반도체 시장 최소 50% 대체 규모로 잡고 중국 업체보다 먼저 구형 노광장비 공급계약을 맺도록 지시한다. 2년 내 제재·차량용 공급부족을 설명하고 악성재고는 본사가 매입 책임지며 HBM 5배 증설·한국 GPU 부지를 배치한다.,"인도·베트남 구형팹과 곡물·농지, ASML 장비를 한 순방에 묶고 28GHz·스타링크까지 국내 기반으로 연결할 수 있는가?",인도·베트남에 중국 구형반도체 시장의 최소 50%를 대체할 생산기지를 세우고 구형 노광장비를 중국보다 먼저 선점하는 약속.,"반도체공장과 곡물·농지 교환은 오너리스크 비판을 부르고, ASML은 제한된 구형장비를 중국과 태우 사이에서 배분해야 한다.",곡물시장 비판과 중국 배후 의심에도 김민재가 ASML 직접협상 뒤 베트남·인도 정부 계약까지 한 순방으로 잇기로 한다.,"ASML 5년 장기계약 10조 원 이상과 중국행 구형장비 일부, 베트남·인도 정부협상 및 수배 지출 회고, 김태중의 푹 수상 면담 주선, 28GHz·스타링크 구축명령을 확인한다. 베트남 단지·곡물/농지 계약은 계획·협상 단계다.",피터슨은 515화에서 새 EUV·DUV 제안을 듣고 웃는 협상상대에 머물다가 516화 5년 계약으로 태우의 장기 장비파트너가 된다. 베트남·인도 정부는 팹과 곡물·농지를 교환한다.,"인도·베트남 구형팹 계획, ASML 5년·10조 원 초과 계약과 중국향 구형장비 일부, 곡물·농지 협상·28GHz·스타링크 지시가 공급망 능력으로 연결된다.",베트남 반도체단지·곡물·농지 계약; 인도 팹·밀 계약; 28GHz 전국망·스타링크 협업,"일본 초계기 갈등을 계기로 일본 소재를 2~10배 비축하고 관련주 공매도를 준비한 뒤, 내부정보를 구하러 명동으로 향한다.","① 516화의 ASML 5년·10조 원 초과 계약, 중국행 구형장비 일부, 베트남·인도 협상과 28GHz 명령이 지급된다. ② 517화부터 일본 소재보복을 겨눈 대일 경제전이 별도 상대·국가위험으로 시작된다.",0.96
DCA-N44,일본 소재·금융전을 12나인과 오염수로 역전,517,540,517,540,24,"김민재, 태우, 이영한, 트럼프, 이 상무, 한정훈, 최재석, 아키토, 다이키요, 로만, 강 대위, 박진훈","금융타워, 청와대, 백악관, 국회, 강 대위 사무실, 태우병원, 회장실, 일본, 한국, 태우","517 L90379~L90540에서 순방 뒤 밀린 업무를 보던 김민재에게 일본 초계기 갈등 긴급속보가 들어온다. 일본 초계기 갈등을 계기로 일본 소재를 2~10배 비축하고 관련주 공매도를 준비한 뒤, 내부정보를 구하러 명동으로 향한다.",일본 소재수출 규제를 국산화·금융전·12나인 기술과 오염수 압박으로 되받아 하나의 대일 경제전에서 항복을 끌어낼 수 있는가?,다가올 일본 수출규제를 소재 2~10배 비축과 관련주 공매도로 되받아치는 약속.,핵심 기술을 너무 일찍 공개하면 일본이 대응할 시간을 벌고 소재공급 차질 우려가 시장을 흔든다.,준비한 카드의 공개시점을 숨기는 것 자체가 일본 손실을 키울 주도권임이 확인된다.,"폴리이미드 국산화 성공과 생산계획의 공식발표, 저가 AI 공개버전·양자컴퓨터·초전도체 공동프로젝트의 담당·투자승인이 지급된다. 미래기술 성과는 아직 없다.","일본 정부·소재기업·금융사는 태우를 수출규제의 피해자에서 12나인 기술·오염수 여론으로 되받는 대등한 경제전 상대로 인정하고, 국내 연구진은 보호받는 국산화 주체가 된다.","소재 국산화·12나인 기술, 일본 금융포지션과 오염수 압박이 수출규제 철회·시장대체 능력으로 축적된다.",저가 AI 공개; 양자컴퓨터·초전도체 연구성과·투자집행,태우병원 이동수 의료진이 우한에서 신종 코로나를 탐지하고 센트리언이 검사키트·백신·치료제 연구에 착수한다.,① 소재·금융·오염수 카드가 540화까지 일본 정부와 기업의 보복력을 꺾는 단일 전쟁으로 누적된다. ② 541화 우한 조기경보와 진단키트 준비는 일본전 결산 뒤 바이러스 생존전으로 주 상대와 압박을 바꾼다.,0.96
DCA-N45,우한 조기경보·진단키트와 다이아 프린스 구조,541,555,541,555,15,"김민재, 태우, 최재석, 강 대위, 이동수, 김태중, 리강, 한정훈, 트럼프, 이영한, 천민정, 김장우","태우병원, 금융타워, 청와대, 백악관, 태우 본사, 국회, 강 대위 사무실, 중국, 한국, 태우",541 L94487~L94679에서 우한 태우병원 의료진이 한 달째 현지 진료를 하며 평소와 다른 감염 양상을 발견한다. 태우병원 이동수 의료진이 우한에서 신종 코로나를 탐지하고 센트리언이 검사키트·백신·치료제 연구에 착수한다.,우한 조기경보를 진단키트·마스크·치료제와 다이아 프린스 구조로 전환해 팬데믹 첫 파도를 선점할 수 있는가?,중국 발표 전 병원데이터로 신종 코로나를 잡아 세계 최초의 검사키트·백신·치료제 대응시간을 얻는 약속.,사적 처벌은 법적 위험이 있고 중국은 자국 기술체면 때문에 한국 키트를 쉽게 승인하지 않는다.,회귀 전보다 단 6개월 빠른 진입이 센트리언·태우·한국의 세계표준 지위를 만들 차이로 드러난다.,"약 300명 한국 도착·전원검사, 미국인 양성 16명의 음압병동 치료와 한국인 확진 0명이 지급된다. 거리두기 정착과 백신완성은 남는다.","천민정·센트리언·태우병원과 다이아 프린스 승객은 김민재의 조기경보를 실제 구조로 확인하며, 국가기관도 그를 과장된 예언자가 아니라 선행 방역파트너로 받아들인다.",우한 경보가 진단키트·마스크·음압병실·치료제 준비와 다이아 프린스 구조능력으로 실행돼 팬데믹 첫 생존망이 완성된다.,사회적 거리두기; 센트리언 백신완성·승인,AI가 예측한 3월 폭락에 금융타워·국민연금 포지션을 맞춘다,① 조기경보·진단키트와 다이아 프린스 구조가 555화에 생존·평판 보상으로 닫힌다. ② 556화 3월 폭락·유가전쟁과 미국 대선후보 시험은 의료현장에서 금융시장·정치보험으로 장소를 바꾼다.,0.96
DCA-N45B,3월 폭락·유가전쟁과 미국 대선 양면보험,556,565,556,565,10,"김민재, 태우, 트럼프, 데이비드, 바이든, 김태중, 다이먼, 오바마, 강 대위, 한정훈, 이영한, 최재석","금융타워, 백악관, 청와대, 태우병원, 미국, 태우, 한국, 러시아, 센트리언, 유럽",556 L97148~L97327에서 승객 구조 사흘 뒤 세계 언론이 한국 대응을 집중 보도하고 금융시장은 아직 작은 하락만 보인다. AI가 예측한 3월 폭락에 금융타워·국민연금 포지션을 맞춘다,3월 폭락과 유가전쟁을 수익화하면서 미국 대선의 두 후보를 직접 시험해 어느 결과에도 태우를 지킬 보험을 만들 수 있는가?,AI가 예측한 3월 대폭락을 금융타워 수익과 국민연금 저점매수로 바꾸는 약속.,바닥을 너무 일찍 잡으면 추가폭락을 맞고 정치진영을 잘못 고르면 미국 사업 전체가 위험해진다.,진영보다 태우와 손을 잡을 사람을 고르면 된다는 원칙으로 정치 선택이 사업거래로 재정의된다.,"바이든의 조건부 의무접종 약속, FDA 정식심사·이달 승인 가능성 발표, 센트리언 주가 약 10퍼센트 상승과 공매도 청산 수십조 원 수익이 지급된다. 실제 FDA 승인은 아직 전이다.","미국 대선 후보들은 김민재에게 직접 시험받고 교체 가능한 정치보험이 되며, 금융타워·에너지팀은 3월 폭락과 유가전쟁의 손실을 함께 감당하는 실행동맹으로 단단해진다.",3월 폭락·유가 포지션의 현금수익과 미국 대선 양면통로가 어느 승자 아래서도 태우를 지킬 시장·정치권한으로 확보된다.,FDA 실제 승인; 미국 의무접종; 국내 사장단회의·산업투자,태우 사장단 회의에서 원전·레거시칩 증산과 태우상사의 선박 매입을 승인하고 계열사별 저점투자 방향을 정한다.,① 폭락·유가 포지션과 미국 대선 양면보험이 565화까지 하나의 위기대응으로 이어진다. ② 566화 사장단 포스트코로나 회의는 미국 정치시험 뒤 그룹 산업재편과 일본 자산협상으로 돌아온다.,0.96
DCA-N46,사장단 포스트코로나 재편과 일본 20조 엔·FDA 승인,566,570,566,570,5,"김민재, 태우, 다이키요, 손정우, 한정훈, 최재석, 사장단, 김태중, 트럼프, 웨이, 강 대위, 리사","청와대, 금융타워, 백악관, 태우, 일본, 한국, 호주, 중국, 미국, 태우건설",566 L98947~L99104에서 태우가 한국·세계 상위 그룹에 오른 상태에서 대통령 주재의 팬데믹 이후 산업회의가 열린다. 태우 사장단 회의에서 원전·레거시칩 증산과 태우상사의 선박 매입을 승인하고 계열사별 저점투자 방향을 정한다.,사장단의 포스트코로나 재편을 일본 20조 엔 자산과 FDA 승인으로 연결해 위기 뒤 태우 계열사의 새 성장표를 만들 수 있는가?,원전·레거시칩·모든 선박을 선점해 한국을 에너지·반도체·물류 허브로 만드는 약속.,일본은 체면 때문에 공개항복을 피하고 김민재가 일본에 들어가면 요청자가 아니라 지원자로 보일 수 있다.,아쉬운 쪽이 움직여야 한다는 원칙으로 장소까지 호주로 정해 일본의 약자지위를 고정한다.,일본 내각의 방역물자·G7 비반대·20조 엔 자산거래 수락과 센트리언 백신 FDA 승인을 얻는다. 자산 인수 집행은 남는다.,"태우 사장단은 팬데믹 뒤 계열사 생존표를 공동 작성하고, 일본 협상자·FDA는 태우를 위기매수자이자 검증된 의료공급자로 대우한다.","포스트코로나 계열사 재편, 일본 20조 엔 자산과 FDA 승인 제품이 산업·의료의 새 성장권으로 편입된다.",20조 엔 자산 인수 집행; 한국 승인·세계배송; 국가별 가격·정치거래,한국·FDA 백신 승인을 발표하고 일본에도 물자를 공급한다,① 일본 20조 엔·FDA 승인과 계열사 재편이 570화에 산업보상으로 정리된다. ② 571화 마이너스 유가·백신을 중국·아프리카·EU 개방조건으로 쓰며 국내회의에서 글로벌 외교로 이동한다.,0.96
DCA-N47,마이너스 유가·백신으로 중국·아프리카·EU 개방,571,577,571,577,7,"김민재, 태우, EU, 리강, 한정훈, 최재석, 이종수, 천민정, 서정준, 김태중, 데이비드, 트럼프","금융타워, 청와대, 태우 본사, 베트남 공장, 태우, 중국, 유럽, 일본, 센트리언, 미국",571 L99820~L99993에서 FDA 승인 소식을 듣고 김민재가 센트리언에서 서정준과 세계배분을 준비한다. 한국·FDA 백신 승인을 발표하고 일본에도 물자를 공급한다,마이너스 유가와 독점 백신을 지렛대로 중국·아프리카·EU 시장을 열고 태우의 의료·에너지 접근권을 넓힐 수 있는가?,한국·미국 허가를 받은 백신이 일본을 포함한 세계로 나가 센트리언과 국가브랜드를 끌어올리는 보상.,여러 프로젝트에 동시에 자금이 들어가고 태우상사는 그동안 자본을 갉아먹는 계열사라는 평가를 받았다.,이종수는 세계 물류·자원수요가 터질 시점을 기다려 온 태우상사가 이제 날아오를 때임을 확신한다.,"EU의 회원국 제약사 설득·태우의 아프리카 지도자 설득이라는 구두 역할합의, 센트리언 수십 배 수익과 나스닥 32퍼센트 상승 확인이 지급된다. 위탁생산 계약과 백신공급은 미지급이다.","중국·아프리카·EU 정부는 마이너스 유가와 백신을 쥔 태우에게 시장개방을 내놓고, 김민재는 독점 공급자에서 조건부 공공재 파트너로 관계를 조정한다.",백신·에너지 공급과 맞바꾼 중국·아프리카·EU 의료·시장 접근권이 태우의 글로벌 판매·생산 기반으로 열린다.,유럽 위탁생산 계약; 아프리카 백신공급; 개인투자자 유입,유가 감산 뒤 금융선을 정리하고 베릴을 개인투자자 영웅으로 키워 부양금을 증시로 끌어들일 작전을 설계한다.,① 백신 공급과 중국·아프리카·EU 개방선이 577화에 국가접근권으로 지급된다. ② 578화 베릴·게임스핀 개미군단은 백신외교에서 주식시장 헤지펀드 포위전으로 새 독자계약을 연다.,0.96
DCA-N48,베릴·게임스핀 개미군단과 헤지펀드 항복,578,583,578,583,6,"김민재, 베릴, 태우, 한정훈, 데이비드, 트럼프, 최재석, 오용재, 강 대위, 머스크, 로만, 김태중","금융타워, 강 대위 사무실, 백악관, 강 대위 식당, 한국, 미국, 태우, 중국, 일본, 월가",578 L101042~L101213에서 주식은 오르지만 유가는 아직 움직이지 않다가 기다린 OPEC 감산 호재가 터진다. 유가 감산 뒤 금융선을 정리하고 베릴을 개인투자자 영웅으로 키워 부양금을 증시로 끌어들일 작전을 설계한다.,베릴과 게임스핀 개미군단을 이용해 공매도 헤지펀드를 항복시키고 개인투자자의 분노를 태우의 시장방패로 만들 수 있는가?,유가 후일담을 닫고 베릴을 개인투자자 영웅으로 세워 헤지펀드와의 대중 전쟁을 여는 약속.,기존 G7은 회원확대를 꺼리고 일본도 한국의 동급지위를 받아들이기 어렵다.,최재석에게 G7 합류는 재선 뒤 마지막 퍼즐이며 김민재는 이미 사전작업을 끝낸 상태다.,"게임스핀 500달러 도달, 한국 개인투자자 약 1억 달러 참여, 확인된 헤지펀드 손실 100억 달러 초과·한 곳의 공개사과와 베릴 300만 구독자가 지급된다. 700억 달러 손실과 두 곳 파산은 추정이다.","베릴과 개인투자자는 조롱받던 약자에서 태우와 함께 헤지펀드를 포위하는 시장동맹이 되고, 공매도 세력은 대중을 무시하던 지위에서 항복자로 내려온다.",게임스핀 가격전·헤지펀드 손실과 항복이 개인투자자 영향력·태우 금융방패로 지급된다.,최대 700억 달러 손실검증; 헤지펀드 추가파산; 베릴의 다음 역할,미국 칩수출 제한을 인텔 NAND 인수기회로 판단하고 바이든의 중국 팹 유예와 인텔 가격협상을 위해 미국 방문을 정한다.,① 게임스핀 가격전과 헤지펀드 항복이 583화에 대중·금융 보상으로 끝난다. ② 584화 중국팹 4년 유예와 인텔 NAND 인수는 주식전쟁에서 반도체 규제·자산매입으로 이동한다.,0.96
DCA-N49,중국팹 4년 유예와 인텔 NAND 75억 달러 인수,584,585,584,585,2,"김민재, 태우, 바이든, 김태중, 트럼프, 밥 스웬, 한정훈, 데이비드, 천민정, 애플, 로만","백악관, 청와대, 중국, 태우, 미국, 한국, 센트리언, 인도, 태우반도체, 유럽",584 L102093~L102272에서 백신공급 한 달 만에 3억 명이 접종했고 태우는 변이 표본까지 모은다. 미국 칩수출 제한을 인텔 NAND 인수기회로 판단하고 바이든의 중국 팹 유예와 인텔 가격협상을 위해 미국 방문을 정한다.,중국팹 제재를 4년 유예받고 인텔 NAND를 75억 달러에 인수해 구형반도체 공급시간과 메모리 자산을 함께 확보할 수 있는가?,방역패권에서 얻은 시간·현금을 미국 칩수출 제한과 인텔 NAND 인수로 환전하는 약속.,중국공장 때문에 인수자도 규제를 맞을 수 있고 손해사업을 사는 결정이라 시장반발이 예상된다.,트럼프와 바이든 양쪽에게 규제제외를 얻는다면 15억 달러 이상 싸게 살 수 있다는 조건이 선다.,중국 팹 제재 4년 유예와 인텔 NAND 75억 달러 매입의 구두합의가 지급된다. 정식 계약·대금·소유권은 미지급이다.,미국 규제당국과 인텔은 태우를 중국팹 우회자로 경계하다 4년 유예와 NAND 매각을 통해 공급부족을 함께 관리할 산업파트너로 받아들인다.,중국팹 제재 4년 유예와 인텔 NAND 75억 달러 인수계약이 구형반도체 시간·메모리 소유권으로 확정된다.,인텔 NAND 정식 계약·대금지급·소유권 이전·통합,머스크와 T 충전표준·전기차 동맹의 기본구조를 합의하고 EU·미국·한국 완성차를 설득할 계획을 세운다.,① 중국팹 4년 유예와 인텔 NAND 75억 달러 인수가 585화 안에서 계약보상으로 닫힌다. ② 586화 T 충전표준·AI 데이터센터는 단화 반도체 인수 뒤 차량·전력·중국 장비 생태계로 확장한다.,0.96
DCA-N49B,T 충전표준·AI 데이터센터와 중국 구형장비,586,590,586,590,5,"김민재, 태우, 웨이, 이 상무, 한정훈, 장남, 머스크, 천민정, 서정준, 강 대위, 에이든, 데이비드","금융타워, 태우병원, 태우 본사, 청와대, 회장실, 강 대위 사무실, 베트남 공장, 태우, 중국, 북한",586 L102429~L102578에서 인텔 본사 인근에서 김민재가 머스크를 만나 전기차 산업 재편을 제안한다. 머스크와 T 충전표준·전기차 동맹의 기본구조를 합의하고 EU·미국·한국 완성차를 설득할 계획을 세운다.,T 충전표준과 AI 데이터센터를 중국 구형장비 공급선에 연결해 전기차·AI·반도체의 공통 기반을 만들 수 있는가?,차량용칩 부족을 경쟁사 살해가 아니라 태우 충전표준·공급동맹 확장의 지렛대로 쓰는 약속.,반도체대란 수요가 예상보다 커 기존 대비만으로 부족하고 장비는 생산량 제한 때문에 새로 구하기 어렵다.,중국 팹의 사실상 새 장비를 빼내면 제한된 글로벌 장비시장을 거치지 않고 부족분을 채울 수 있다.,"수출 가능한 반도체 장비 20여 대를 확인하고 7대 매각·2천만 달러 초과 입금, 당일 4대 선적과 판즈 담당자의 추가 모집 합류를 얻는다. 해외 팹 설치·생산은 미지급이다.","완성차·전력·AI 기업과 중국 장비업체는 T 규격과 데이터센터를 공통 기반으로 쓰는 생태계 동맹이 되고, 태우는 표준제공자와 대형 고객을 겸한다.","T 충전표준, AI 데이터센터 부지·전력과 중국 구형장비 공급계획이 전기차·AI·반도체의 공용 인프라로 자리 잡는다.",추가 장비·기술자 반출; 해외 팹 설치·가동; 중국 측 탐지 회피,최재석 우세와 연기된 G7을 점검하고 EU의 차량용칩 요구를 협상 카드로 삼는다,① 충전표준·데이터센터와 중국 구형장비 계획이 590화에 기술기반으로 모인다. ② 591화 GDC·G7+와 최재석 재선·50조 연구투자는 인프라 설계에서 글로벌 행사·정치·연구재정으로 넘어간다.,0.96
DCA-N50,GDC·G7+와 최재석 재선·50조 연구투자,591,595,591,595,5,"김민재, 태우, 최재석, 한정훈, 데이비드, 머스크, 사장단, 미쉘, 트럼프, 로만, 김태중, 이종수","금융타워, 백악관, 청와대, 태우, 유럽, 한국, 미국, 중국, 센트리언, 태우상사",591 L103265~L103426에서 한국 대선이 본격화되고 국민경제당은 최재석을 추대후보로 세운다. 최재석 우세와 연기된 G7을 점검하고 EU의 차량용칩 요구를 협상 카드로 삼는다,GDC·G7+ 국제무대를 최재석 재선과 50조 원 연구투자로 바꿔 한국 기술외교와 장기 R&D를 동시에 고정할 수 있는가?,차량용 반도체 필승카드로 EU의 산업요구와 한국 G7+ 지위를 교환하는 약속.,일본 등 기존국 반발과 감염병 이후 G7 효용성 논란이 가입을 흔들 수 있다.,변이백신이라는 추가카드까지 있어 한국의 기여를 거부하기 어려워진다.,"로켓 이용자 1천5백만 명과 25퍼센트 증가, 센트리언 치료제 임상완료, AI센터 누적 50조 원 이상 투자규모를 확인한다. 태우상사 흑자·치료제 승인·하반기 100억 달러 수익은 아직 전망이다.",최재석은 GDC·G7+ 성과를 재선 신뢰로 돌려받고 연구자들은 50조 원 장기투자를 약속받아 김민재·정부와 기술외교 공동체로 굳어진다.,G7+ 위상·최재석 재선과 양자·AI를 포함한 50조 원 연구투자계획이 국가 기술권한·예산으로 확정된다.,태우상사 흑자·해운수익 실현; 치료제 승인; 양자·AI 추가투자와 성과,미 제약로비의 특허강탈 위협에 SMA 치료제 무료 공급으로 여론전을 건다,① 최재석 재선·G7+ 위상과 50조 원 연구투자가 595화에 국가·연구 보상으로 지급된다. ② 596화 SMA 무료약 여론전과 미국 제약협회 협상은 정상외교에서 환자·약가·생산권 전쟁으로 전환한다.,0.96
DCA-N50B,SMA 무료약 여론전과 미 제약협회 말합의,596,598,596,598,3,"김민재, 태우, 한정훈, 데이비드, 스티븐 허블, 김태중, 로만","센트리언, 미국, 태우, 한국, 유럽, 일본, 월가",596 L104107~L104260에서 해외 제약사들도 예정보다 빨리 백신을 개발하며 센트리언 독점에 미국 로비가 달라붙는다. 미 제약로비의 특허강탈 위협에 SMA 치료제 무료 공급으로 여론전을 건다,"SMA 치료제를 무료로 풀어 미국 제약로비의 특허강탈 위협을 여론으로 꺾고, 미 제약협회 가입과 해외공장·필수약 생산권의 잠정조건까지 얻어 낼 수 있는가?",SMA 치료제 무료공급으로 특허강탈 프레임을 생명구호 여론으로 뒤집는 약속.,로비기업들이 언론을 되사거나 태우의 무상공급을 시장교란으로 공격할 수 있다.,협회는 여전히 주도권이 자신들에게 있다고 믿지만 한국에 오는 순간 힘의 위치가 뒤집힐 상황이 된다.,"미 제약협회 정회원 협상의 예비계약, SMA 무료사업 잔여 9억 달러 중 30퍼센트인 2억7천만 달러 부담, 백신공장·아시아 생산권의 협상틀을 얻는다. 세부조건·최종서명은 미지급이다.",SMA 환자·미국 여론은 태우의 무료공급을 지지하고 제약협회는 특허강탈 위협자에서 정회원·생산권 조건을 협상하는 상대자로 물러선다.,SMA 무료약 여론전으로 미 제약협회 가입과 해외공장·필수약 생산권의 잠정조건이 생기지만 최종 정회원·생산권 계약은 남는다.,예비계약 세부조건·최종서명; 미국 대선 양면 보호선,바이든의 58대42 승리를 확인하고 트럼프의 분열·폭주를 달랜다,① 598화는 미 제약협회 가입과 해외공장·필수약 생산권의 조건을 말로 정하되 정회원·생산권 최종계약은 남겨 둔다. ② 599화의 바이든 58대42 승리 확인과 트럼프 진정은 제약협상에서 미국 정권이양 관리로 상대와 목적을 돌린다.,0.96
DCA-N51,미국 정권이양과 가이아나 방위 제안,599,600,599,600,2,"김민재, 트럼프, 태우, 바이든, 데이비드, 다이먼, 김태중, 푸틴, 로만","백악관, 국회, 금융타워, 미국, 가이아나, 태우, 가이아나 유전, 중국, 한국, 태우반도체",599 L104593~L104768에서 11월 3일 미국 대선에서 바이든이 58대42로 승리하고 김민재가 현지에서 결과를 본다. 바이든의 58대42 승리를 확인하고 트럼프의 분열·폭주를 달랜다,"바이든 승리 뒤 트럼프의 폭주를 누그러뜨리고, 새 행정부에 태우사업 보호와 가이아나 100억 달러 대출·한국산 무기를 공식 제안할 수 있는가?",패배한 트럼프의 소송·폭동을 막아 2024년 관계를 살리고 바이든 정부에도 안전하게 착지하는 약속.,트럼프는 패배를 인정하지 않고 지지층 동원·법정투쟁으로 미국을 분열시킬 수 있다.,앞으로 김민재 계획에는 미국의 적극 지원이 필요해 다이먼이 양쪽 관계에서 더 큰 역할을 맡아야 한다.,"바이든 당선인의 기존 태우 사업 지속·확대, 환경조건부 알래스카·가이아나 유지와 가이아나 한국산 무기 비저지 약속을 얻고 100억 달러 장기대출 협상 담당을 정한다. 대출·무기계약은 미지급이다.","바이든은 김민재에게 태우사업 보호와 가이아나 방위안을 받는 새 행정부 파트너가 되고, 패배한 트럼프는 폭주를 달래야 할 위험한 기존 인맥으로 남는다.",바이든 58대42 승리 뒤 태우사업 보호·가이아나 100억 달러 대출·한국산 무기 제안이 공식 전달돼 정권이양 방어선이 열린다.,가이아나 100억 달러 대출·유전지분 조건; 한국산 무기계약; 러우전쟁 정보망,천민정의 AI·장비 성과를 확인하고 SMR을 밀며 차량용칩 위기 뒤를 준비한다,① 600화에 태우사업 보호와 가이아나 금융·방산안이 바이든 쪽에 공식 전달되면서 미국 정권교체 대응이 한 단계 닫힌다. ② 601화는 천민정의 AI·극저온 식각 성과와 SMR을 점검해 백악관에서 연구개발 현장으로 무대를 옮긴다.,0.96
DCA-N51B,AI·극저온 식각·SMR과 메타버스 40% 매각구조,601,603,601,603,3,"김민재, 태우, 한정훈, 서정준, 김태중, 천민정, 장남, 데이비드, 로만, 다이먼, 트럼프, 장경준","금융타워, 태우 본사, 태우병원, 회장실, 태우, 미국, 한국, 일본, 가이아나, 센트리언",601 L104943~L105101에서 김포공항의 맑은 하늘 뒤로 팬데믹 탓에 멈춘 공장들이 보이고 김민재는 국내 산업을 다시 점검한다. 천민정의 AI·장비 성과를 확인하고 SMR을 밀며 차량용칩 위기 뒤를 준비한다,천민정의 AI·극저온 식각과 SMR을 다음 성장축으로 세우면서 메타버스 지분 40%를 팔아도 태우 통제권을 지키는 거래구조를 만들 수 있는가?,천민정의 극저온 식각·AI 성과와 SMR을 묶어 차량용칩 위기 뒤 성장축을 심는 약속.,방산지원은 경쟁재벌에 이익을 주고 원전정책은 정치·환경반발과 거액 장기리스크를 안는다.,원전시장을 장악하면 태우건설 자체가 그룹의 새 핵심 경쟁력이 된다는 교환가치가 선다.,"유고빈의 치매 예방·인지기능 개선 효과, 태우IT 주가 세 배 이상과 메타버스 하루 5백만 명 증가, 천민정의 VR 개발 참여를 확인한다. 보험적용과 지분 40퍼센트 매매계약·대금은 미지급이다.","천민정은 AI·극저온 식각 성과로 장기 기술결정권을 다시 증명하고, 글로벌 IT기업은 메타버스 40%를 사되 태우 통제를 인정해야 하는 협상상대가 된다.",AI·식각·SMR 투자축과 메타버스 지분 40% 매각구조·통제권 유지조건이 확정되지만 매매계약·대금은 아직 없다.,유고빈 보험적용; 메타버스 지분 40퍼센트 매매·대금; VR 제품개발,암호화폐 거품 단속을 준비하던 중 북한의 센트리언 핵심표적 해킹을 포착한다,① 603화에 메타버스 40% 매각구조와 통제권 유지조건이 정해지지만 매매계약과 대금은 아직 생기지 않는다. ② 604화 센트리언 해킹 탐지는 빅테크 지분거래에서 북한발 보안위협으로 압박의 성격을 바꾼다.,0.96
DCA-N51C,북한 해킹방어와 몽골 석탄 증산·비축,604,605,604,605,2,"김민재, 베릴, 태우, 한정훈, 장남, 천민정, 서정준, 로만, 기획실장, 바이든","금융타워, 중국, 북한, 호주, 한국, 태우, 유럽, 미국, 러시아, 센트리언",604 L105448~L105609에서 닷컴버블과 닮은 기술·암호화폐 과열을 보며 김민재와 한 부회장이 단속시점을 고민한다. 암호화폐 거품 단속을 준비하던 중 북한의 센트리언 핵심표적 해킹을 포착한다,센트리언을 노린 북한 해킹을 AI로 막고 중국·호주 석탄분쟁을 몽골 증산·비축 명령으로 받아칠 수 있는가?,거품통제 전에 백신·치료제 기술을 노린 북한 해킹을 찾아 그룹 핵심을 지키는 생존 약속.,북한 국가조직은 추적·보복이 어렵고 센트리언 핵심정보가 빠지면 인명·사업 모두 타격을 입는다.,오후에 공격대상이 태우의 핵심인 센트리언임이 밝혀져 금융거품보다 즉각적인 생존위협으로 우선순위가 바뀐다.,"센트리언 해킹 차단, 6천 대 좀비PC와 북한 암호·반체제 인사명단·비트코인 경로 확인을 얻고 몽골 석탄 증산·비축 지시를 확정한다. 실제 증산·비축물량은 미지급이다.","천민정의 AI 보안팀은 센트리언을 실제로 지킨 신뢰를 얻고, 김민재·최재석은 QUAD 압박 속에서도 몽골 석탄을 택하는 독립 정책동맹으로 움직인다.",북한 해킹이 차단되고 북한 권력변수 검토·몽골 석탄 증산과 비축지시가 내려가지만 실제 비축량·해외계약은 미지급이다.,몽골 석탄 실제 증산·비축; 중국 전력난; QUAD 참여압박; 북한 권력변수,최재석과 동해 고갈가스전을 LNG 저장고로 전환하고 호주·가이아나 순방을 정한다,"① 605화는 해킹 차단과 북한 권력변수 검토, 몽골 석탄 증산·비축 지시까지 지급하고 실제 비축량은 남긴다. ② 606화 동해 고갈가스전 저장고 결정과 호주·가이아나 출장 분담은 사이버 방어에서 에너지·국가협상으로 이동한다.",0.96
DCA-N51D,호주 석탄과 가이아나 방산·유전 순방,606,608,606,608,3,"김민재, 태우, 한정훈, 이종수, 모리슨, 최재석, 김태중, 데이비드, 바이든, 로만, 베릴, EU","금융타워, 청와대, 태우, 호주, 한국, 가이아나, 중국, 태우상사, 인도, 미국",606 L105771~L105925에서 2020년 말 지친 최재석이 원전개발과 에너지안보 문제를 들고 김민재를 만난다. 최재석과 동해 고갈가스전을 LNG 저장고로 전환하고 호주·가이아나 순방을 정한다,동해 가스전 저장고를 발판으로 호주 석탄과 가이아나 유전·방산을 묶어 IIT·한국 대학 교육까지 포함한 국가거래를 성립시킬 수 있는가?,동해 고갈가스전을 LNG 저장고로 바꿔 QUAD 부담 없이 에너지 혈로를 만드는 국가 인프라 약속.,호주는 중국과의 관계회복 가능성을 남기고 싶고 한국이 너무 싼값을 요구하면 국내비판이 생긴다.,협상분위기가 예상과 달라도 한 부회장은 김민재가 준비시킨 숨은 카드를 갖고 있어 물러서지 않는다.,"가이아나 100억 달러 국채계약과 유전·인프라 지분조건, 호주 석탄 장기계약과 올해 1억 달러·내년 10억 달러 이상 물량 및 부산·인천 공급선을 얻는다. 세부 무기계약·몽골 비축은 남는다.",호주·가이아나 정부는 김민재·김태중을 석탄 구매자가 아니라 교육·유전·방산·금융을 한 묶음으로 제공하는 국가협상자로 받아들인다.,"동해 고갈가스전 저장고 결정 뒤 IIT·한국 대학 교육, 유전지분·방산·금융 조건의 호주·가이아나 국가합의가 성립된다.",가이아나 세부 무기계약; 몽골 석탄 비축; 김태중 베트남 계획,김태중과 베트남 사이공은행 미아인의 불법대출·차명망을 의심하고 일주일 안에 정보를 모아 공개할 조사계획을 세운다.,① 608화의 교육·유전지분·방산·금융 조건 합의가 호주·가이아나 순방의 실물 보상이다. ② 609화 김태중과의 사이공은행 불법대출 조사계획은 공개 국가협상에서 베트남 은행 비자금 추적으로 상대와 위험을 바꾼다.,0.96
DCA-N51E,사이공은행 40조 불법대출·10조 비자금 공개,609,610,609,610,2,"김민재, 태우, 김태중, 미아인, 한정훈, 강 대위, 베릴, 데이비드, 푸틴, 웨이, 바이든","금융타워, 태우 본사, 회장실, 베트남, 태우, 러시아, 유럽, 가이아나, 미국, 한국","609 L106262~L106419에서 2021년 새해, 무역분쟁이 군사분쟁으로 넘어가기 전 김민재가 베트남의 김태중을 찾는다. 김태중과 베트남 사이공은행 미아인의 불법대출·차명망을 의심하고 일주일 안에 정보를 모아 공개할 조사계획을 세운다.",사이공은행의 40조 원 불법대출과 10조 원 비자금망을 일주일 조사로 드러내 베트남 정부가 주동자 수습에 나서게 할 수 있는가?,사이공은행 미아인의 불법대출·차명망을 뒤집어 정유·에너지 자산을 회수할 명분을 만드는 약속.,미아인은 정부고위층과 결탁했고 공격이 실패하면 김태중과 현지 태우자산까지 보복받을 수 있다.,"김태중이 정부 고위층을 움직일 구상을 받아들이지만, 불법계좌·창고 증거와 보호팀 배치는 아직 전이다.","가이아나 30억 달러 군수계약과 스테이블코인 공개공격 계획, 사이공은행 40조 원 불법대출·10조 원 비자금 보고서, 베트남 정부의 주동자 수습 결정과 김태중의 총리 통로를 얻는다. 현금창고 압수·계좌동결·구속·정유회사 인수는 아직 전이다.","김태중은 베트남 고위층 통로를 손자에게 내어 주는 현지 원로로 다시 기능하고, 베트남 정부는 사이공은행 비자금 자료 앞에서 태우의 수습요구를 받아들인다.",사이공은행 40조 원 불법대출·10조 원 비자금 보고서와 정부의 주동자 처리결정·총리 통로가 확보된다. 구속·계좌동결·정유회사 인수는 611화 소유다.,베트남 정부의 주동자 실제 처분; 사이공은행 안정; 김태중 현지 통로의 다음 역할,"즈엉 미아인의 구속과 정유회사 인수 보고를 확인한 뒤, 귀국한 김태중과 부산 축구장에서 경기를 본다",① 610화에 불법대출·비자금 보고서와 베트남 정부의 처리결정·김태중의 총리 통로가 생기지만 구속·계좌동결·정유회사 인수는 아직 없다. ② 611화 즈엉 미아인 구속·정유회사 인수 확인 뒤 부산 축구장으로 돌아가며 은행범죄와 가족의 축구협회 도전이 교대한다.,0.96
DCA-N52,김태중의 축구협회장 17표 역전,611,614,611,614,4,"김민재, 태우, 김태중, 한정훈, 미아인, 살만, 빈 살만, 강 대위, 기획실장, 데이비드, 시안, 서정준","태우 본사, 금융타워, 강 대위 식당, 태우, 한국, 중국, 베트남, 센트리언, 사우디, 인도","611 L106591~L106781에서 즈엉 미아인의 노점상 출신 성공과 정치·금융 인맥이 무너지며 구속집행이 시작된다. 즈엉 미아인의 구속과 정유회사 인수 보고를 확인한 뒤, 귀국한 김태중과 부산 축구장에서 경기를 본다",베트남 은행전 뒤 귀국한 김태중을 축구협회장 선거의 17표 역전승으로 세우고 메타버스 지분대가도 실제 주식으로 받을 수 있는가?,베트남 위험투자를 구속·정유회사로 닫은 뒤 은퇴한 김태중에게 축구라는 새 삶을 돌려주는 약속.,현재그룹이 20년 쥔 축구카르텔과 대의원 이해관계가 외부후보를 막는다.,태우 중심 글로벌 IT 연합은 미국·중국도 적대하기 어려운 영향력을 갖춰 선거 외 자금·후원방벽이 된다.,김태중의 17표 축구협회장 당선과 마이크로소프트의 메타버스 장기계약·주식교환 협상 의사를 얻는다. 계약서·마이크로소프트 주식은 미지급이다.,"김태중은 은퇴한 창업자에서 축구팬·협회장 후보로 새 동료와 관중을 얻고, 김민재는 할아버지의 두 번째 직업을 뒤에서 지지하는 손자가 된다.",즈엉 미아인 구속·정유회사 인수 확인 뒤 김태중이 17표로 축구협회장에 당선되고 메타버스 지분대가로 마이크로소프트 주식을 받는다.,메타버스 정식계약·주식교환; 델타 백신외교; 미국 반도체공장·중국 팹 예외,바이든 방한 때 미국 반도체공장을 양보하고 중국 팹 자유·국채 협력을 얻는다,① 614화에서 김태중의 17표 당선과 마이크로소프트 주식 지급이 가족·스포츠·지분거래를 함께 결산한다. ② 615화 바이든 방한과 미국 반도체공장 양보는 축구장·메타버스에서 미중 반도체 외교로 주 상대를 바꾼다.,0.96
DCA-N53,바이든 방한·일본 차량칩과 중국 변이백신 양보,615,618,615,618,4,"김민재, 태우, 바이든, 리강, 한정훈, 김태중, 최재석, 기획실장, 웨이, 서정준, 애플, 구글","금융타워, 청와대, 백악관, 태우 본사, 중국, 태우, 일본, 센트리언, 미국, 한국",615 L107326~L107501에서 날씨가 풀리며 새로 임명된 핀리 대사가 바이든의 한국방한을 알린다. 바이든 방한 때 미국 반도체공장을 양보하고 중국 팹 자유·국채 협력을 얻는다,바이든 방한의 미국 공장 양보와 중국 변이백신 협상을 맞교환해 중국 동부시장 권리와 100조 원대 부동산 공매도 포지션을 확보할 수 있는가?,미국 반도체공장을 양보해 중국 팹 자유·국채협력을 얻고 미중 선택권을 보존하는 약속.,일본 기업은 태우 종속을 피하려 하고 T 규격을 쓰지 않는 선택지도 형식상 남아 있다.,T 규격을 쓰지 않으면 전기차칩 성능을 100퍼센트 내지 못한다는 설계가 사실상 강제가입 장치가 된다.,센트리언의 중국 동부시장 권리와 합작유지가 확정되고 100조 원 이상 공매도가 실행된다.,"바이든·중국 보건당국·일본 차량업계는 반도체공장과 변이백신을 놓고 태우와 상호양보 관계를 맺고, 센트리언은 중국 동부시장 파트너 지위를 지킨다.","미국 공장 양보와 중국팹 자유·국채협력, 센트리언 중국 동부시장·합작유지와 100조 원 이상 공매도 실행이 지급된다.",중국 동부시장 실행; 부동산 공매도 결산·중국 대응,수에즈 좌초 소식을 받자 태우 선박을 우회시키고 중장비·예인선을 투입해 자비로 운하 구조작업을 시작한다.,① 618화에 센트리언 중국 동부시장·합작 유지가 확정되고 100조 원 이상 공매도가 실행된다. ② 619화 수에즈 좌초에 태우 중장비·예인선을 자비 투입하면서 미중 의약·반도체 협상에서 국제 물류구조로 현장이 바뀐다.,0.96
DCA-N53B,수에즈 조기 재개통과 우선통항·확장공사,619,620,619,620,2,"김민재, 태우, 베릴, 한정훈, 이종수, 마크, 데이비드, 애플, 강 대위, EU","금융타워, 태우, 수에즈 운하, 태우건설, 일본, 중국, 유럽, 한국, 러시아, 미국",619 L108010~L108186에서 일본과 중국이 태우 도움 앞에 물러난 직후 수에즈 운하 좌초로 세계물류가 멈춘다. 수에즈 좌초 소식을 받자 태우 선박을 우회시키고 중장비·예인선을 투입해 자비로 운하 구조작업을 시작한다.,수에즈 좌초선 구조를 조기 재개통과 태우선 우선통항·확장공사 약속으로 되돌려 받고 로나 공매도 표적까지 열 수 있는가?,태우 중장비·예인선으로 수에즈 구조에 먼저 뛰어들어 세계 물류병목과 이집트 신뢰를 되찾는 약속.,좌초선 제거가 실패하면 비용·평판을 떠안고 우회선박도 운임·시간 손해를 본다.,우회로로 태우 선박 피해를 줄이고 구조장비를 집중하지만 운하는 아직 막혀 있으며 재개통·보상은 남는다.,수에즈 통항우선권·확장공사 약속이 확정되고 로나 취약성 공개·공매도가 시작된다.,"수에즈 당국은 자비로 중장비·예인선을 투입한 태우를 우선통항·확장공사 파트너로 인정하고, 로나와의 관계는 구조대상이 아닌 공개 공매도 적대로 열린다.",수에즈 조기 재개통과 태우선 우선통항·확장공사 약속이 확정되고 로나 취약성 공개·공매도가 시작된다.,로나 공매도 결산; 세계 폭우·식량·에너지 대란,중국 폭우·폭염·탄광침수로 석탄난이 오자 비축물량과 해운을 가동한다,① 620화의 우선통항·확장공사 약속은 구조비용의 가시적 보상이고 로나 취약성 공개·공매도는 새 위험을 남긴다. ② 621화 중국 폭우·탄광침수와 비축석탄 가동은 운하 현장에서 중국 에너지·식량 공급난으로 압박을 옮긴다.,0.96
DCA-N54,중국 석탄난·기업농과 제주 자율주행 실증,621,625,621,625,5,"김민재, 태우, 최재석, 이영한, 한정훈, 강 대위, 이 상무, 김태중, 이종수, 데이비드, 워렌 버핏, 워렌","청와대, 금융타워, 국회, 강 대위 사무실, 태우, 일본, 제주, 한국, 중국, 태우상사",621 L108350~L108523에서 매년 더 더워지는 여름 속 중국의 폭우·폭염이 탄광과 운송로를 동시에 잠근다. 중국 폭우·폭염·탄광침수로 석탄난이 오자 비축물량과 해운을 가동한다,중국 석탄난과 기업농 논쟁을 견디면서 제주 무인주행을 성공시키고 국민경제당 3천 명 검증자료까지 확보할 수 있는가?,미리 산 호주·몽골 석탄과 태우해운이 3~10배 운임·에너지 수익으로 돌아오는 보상.,너무 일찍 회수하면 상승분을 놓치고 대규모 토지매입은 투기·농민반발을 부른다.,기업농과 완전자율주행 모두 정부규제 없이는 불가능해 최재석과 한 자리에서 풀어야 한다.,"제주 실증 사고 0건·음주운전자 7명 적발, 관광객 30퍼센트·외국인 15퍼센트 증가와 당원 3천여 명 스캔·봉우리파 관련자 명단·수사지시를 얻는다. 배신 증거와 자금망은 미지급이다.","중국 공급자·국내 농민·제주 이용자는 태우의 석탄·기업농·자율주행을 각기 다른 이해로 평가하고, 강 대위는 국민경제당 3천 명 검증을 맡는 정치보안 책임자가 된다.","석탄 비축·기업농 정책과 제주 무인주행 성공, 당원 3천 명 검증자료·수사방식이 에너지·농업·기술·정치의 실행자산으로 남는다.",봉우리파 배신증거·자금망; 당 내부정리·수사,유석훈에게 배신 증거를 넘겨 국민경제당을 정리하고 북한 장남 정보는 내부처리만 지시한다,① 625화 제주 무인주행 성공과 당원 3천 명 자료·수사방식이 기술·정치 양쪽의 영수증이지만 배신자 실명은 남는다. ② 626화 유석훈에게 배신증거를 넘기고 북한 장남 정보를 내부처리하면서 공개 실증에서 당내 숙청·북한 자금망으로 전환한다.,0.96
DCA-N54B,국민경제당 배신자·연변 돈주와 북한 장남망,626,630,626,630,5,"김민재, 태우, 장남, 한정훈, 강 대위, 리강, 조지, 기획실장, 유석훈, 이영한, 최재석, 김태중","금융타워, 국회, 강 대위 사무실, 중국, 북한, 태우, 연변, 미국, 호주, 러시아",626 L109184~L109346에서 국민경제당 대표 유석훈이 최재석의 영향 아래 당내 배신자 증거를 넘겨받는다. 유석훈에게 배신 증거를 넘겨 국민경제당을 정리하고 북한 장남 정보는 내부처리만 지시한다,국민경제당 배신자를 정리하고 연변 돈주·북한 장남의 불법자금망을 막아 조지를 일본 금융전에 투입할 수 있는가?,내부 총질을 증거로 정리하면서 북한 장남 변수는 외부노출 없이 키우는 약속.,정확한 미래를 모르는 고위험 베팅이며 작전세력과 손잡으면 뒤통수를 맞을 수 있다.,한 부회장은 중국 부동산뿐 아니라 장난질 세력·중국은행·쿠웨이트·독일자본까지 집어삼킬 계획을 갖는다.,"야권 인사들의 양심고백과 다수의 국민경제당 이동약속, 중국 부동산 공매도 대부분의 청산, 조지의 일본 금융전 수락을 얻는다. 북한 자금차단·탈취와 일본 공격수익은 미지급이다.","유석훈은 배신증거를 넘겨받아 당을 정리하는 내부 동맹으로 남고, 이영한·연변 돈주·북한 장남망은 김민재의 음지 정보관계로 더 깊어진다.",국민경제당 배신자 정리와 북한 불법자금 차단망·장남의 연변 우위가 생기고 조지는 일본 금융전 담당자로 배치된다.,북한 해킹·암호화폐 자금차단; 일본 금융공격 목표·시점·집행,리강에게 러시아의 3월 침공 정보를 확인하고 금융타워 자본 절반을 에너지에 건다,"① 630화에 북한 불법자금 차단망과 장남의 연변 우위, 조지의 일본전 배치가 만들어진다. ② 631화 러시아 3월 침공정보와 금융타워 자본 절반의 에너지 투입은 국내 정치·연변 추적에서 전쟁·원자재 시장으로 판을 바꾼다.",0.96
DCA-N55,말리 리튬광산 탈환과 지분 5% 추가,631,633,631,633,3,"김민재, 태우, 리강, 로만, 한정훈, 김태중, 살만, 빈 살만, 이종수, 데이비드, 마크","금융타워, 태우, 러시아, 중국, 미국, 태우상사, 우크라이나, 한국, 사우디, 베이징 올림픽",631 L110006~L110171에서 중국 전기차시장 급성장 속 김민재는 리강에게 러시아의 침공정보를 직접 확인한다. 리강에게 러시아의 3월 침공 정보를 확인하고 금융타워 자본 절반을 에너지에 건다,러시아 침공정보를 선점한 상태에서 바그너 압박에 빼앗긴 말리 리튬광산을 되찾고 지분 5%와 현지 안전까지 추가할 수 있는가?,3월 침공시점을 확보해 금융타워 자본절반을 에너지에 거는 최대 전쟁베팅 약속.,바그너의 잔혹행위는 인명·제재·기업이미지 비용을 낳고 현지정부 정통성도 불안하다.,아프리카 영향력을 지키려면 피에 굶주린 세력을 써서라도 잔인한 억지력을 보여야 한다는 판단이 선다.,"2천 명 이상 PMC의 반군 철수, 광산의 다음 날 재가동·일주일 정상화 일정, 말리 정부의 리튬광산 추가 5퍼센트 양도약속과 김민재의 수락을 얻는다. 실제 지분이전은 미지급이다.","말리 정부·바그너와 태우 광산팀은 적대와 제한 연락을 동시에 유지하며, 김민재는 광산노동자 안전을 위해 완전동맹 대신 억지관계를 선택한다.",말리 리튬광산이 복구되고 지분 5% 추가·현지 안전지위가 생기며 바그너와의 제한적 통로가 남는다.,광산 정상가동; 추가 5퍼센트 법적 이전; PMC 유착·제재위험,오미크론으로 코로나 종식을 읽고 최재석에게 러시아전쟁의 굴종외교를 피하라고 한다,① 633화는 말리 광산 복구와 추가 지분·제한적 바그너 억지관계를 남겨 리튬 탈환을 닫는다. ② 634화 오미크론 종식판단과 러우전 독립외교 주문은 말리 현장복구에서 한국의 방역·외교정책으로 목표를 돌린다.,0.96
DCA-N55B,오미크론 독립외교·기업농법과 28GHz 강행,634,636,634,636,3,"김민재, 태우, 이 상무, 이영한, 장남, 한정훈, 사장단, 서정준, 최재석, 강 대위, 유석훈, 김태중","금융타워, 국회, 청와대, 태우, 러시아, 한국, 북한, 중국, 센트리언, 연변",634 L110513~L110687에서 서정준이 복잡한 얼굴로 오미크론의 높은 전염력·낮은 중증도를 보고한다. 오미크론으로 코로나 종식을 읽고 최재석에게 러시아전쟁의 굴종외교를 피하라고 한다,오미크론과 러우전 사이의 독립외교를 국내 기업농법·28GHz 강행으로 연결해 손실을 감수한 장기 실증을 지킬 수 있는가?,코로나 종식을 읽고 준비한 에너지·식량망으로 러우전쟁에서 굴종하지 않는 국가외교 약속.,공작기계는 북한 군수에 쓰일 수 있고 기업농 법은 야당·농민의 거센 반발과 지지율 급락을 부른다.,법 통과가 2021년 마지막을 시끄럽게 하고 최재석 지지율 최저점을 만들 비용임이 현실화된다.,"국내 원전 2기 가동과 소형 원전의 다음 상반기 준공일정, KOSPI 4500을 확인하고 기업농·28GHz 유지방침을 확정한다. 농산물 가격·자율주행·스마트팜의 장기효과는 미지급이다.","최재석과 김민재는 오미크론·러우전에서 어느 진영에도 굴종하지 않는 정책동맹을 확인하고, 농민·통신사는 기업농법·28GHz 손실을 감수하는 장기시험 관계에 들어간다.",기업농법과 28GHz 유지방침이 철회되지 않아 가격·스마트팜·자율주행 실증을 지속할 법·망 권한이 남는다.,농산물 가격효과; 28GHz 자율주행·스마트팜 성과; 소형 원전 준공,김태중이 손자의 과부하를 걱정하자 EPL 리즈 구단을 선물하겠다고 한다,① 636화에서 기업농 정책과 28GHz 유지방침이 철회되지 않아 가격·자율주행·스마트팜 검증이 계속된다. ② 637화 김태중에게 EPL 리즈를 선물하려는 제안은 국가정책에서 조손관계·축구구단 인수로 장소와 보상통화를 바꾼다.,0.96
DCA-N56,리즈 인수·홀란드 계약과 베이징 외교,637,641,637,641,5,"김민재, 태우, 김태중, 한정훈, 데이비드, 안드레아, 베릴, 살만, 다이먼, 사장단, 빈 살만, 로만","금융타워, 강 대위 사무실, 태우병원, 태우, 미국, 경기, 한국, 유럽, 러시아, 북한",637 L111038~L111207에서 6시간 사장단회의 뒤 집에서 김태중이 과로하는 손자를 걱정한다. 김태중이 손자의 과부하를 걱정하자 EPL 리즈 구단을 선물하겠다고 한다,김태중에게 리즈 구단을 선물하고 홀란드의 3년 유럽이적 조항까지 계약하면서 베이징 외교선도 손상 없이 확보할 수 있는가?,회귀 뒤 가족에게 진 빚을 EPL 리즈 구단주의 휴식·명예로 갚는 약속.,스타 선수는 이적료·급여가 높고 기존 강팀과 에이전트가 경쟁한다.,금융타워 수장 한 부회장이 하이에나처럼 시장에 들어가 어떤 방식으로든 선수를 데려올 실행력이 있다.,홀란드의 3년 유럽이적 조항을 포함한 리즈 계약과 베이징 외교선이 성립된다.,김태중은 손자가 선물한 리즈 구단에서 새 역할을 얻고 홀란드·구단진은 3년 유럽이적 조항을 인정한 계약동료가 된다. 베이징 통로도 조손 외교자산으로 붙는다.,"리즈 인수, 홀란드 계약·이적조항과 베이징 외교선이 축구 소유·인재·국가접근권으로 확정된다.",러우전쟁 개전·에너지주도권; 베이징 외교의 결과,"창산그룹의 5조 원 이상 니켈 숏을 확인해 금융사 몇 곳으로 롱 포지션을 잡되 구제를 빌미로 보상을 요구할 방침을 세운다. 연변에서는 이 상무가 리규철에게 CNC 수십 대를 실어 보내고 200만 달러 현금과 비트코인 잔금을 받은 뒤, 큰손들이 현금을 위조지폐로 판정하고 자리를 떠나는 장면까지 나온다.",① 641화 홀란드 계약과 베이징 통로가 축구·외교의 두 보상으로 확정된다. ② 642화 연변 CNC 거래와 위조지폐 판정은 구단·국가외교에서 이 상무의 돈과 신뢰를 무너뜨리는 개인복수 현장으로 들어간다.,0.96
DCA-N56B,북한 장남의 이 상무 돈·신뢰·CNC 복수,642,643,642,643,2,"김민재, 이 상무, 장남, 조지, 리규철, 태우, 젤렌스키, 한정훈, 데이비드, 이준수, 이영한, 푸틴","금융타워, 백악관, 러시아, 중국, 우크라이나, 북한, 태우, 연변, 명동, 베이징 올림픽","642 L111872~L112067에서 보이콧 속 베이징올림픽이 이어지는 동안 태우는 러시아 침공과 니켈 급등을 기다리고, 이 상무는 연변에서 북한 측 CNC 거래를 진행한다. 창산그룹의 5조 원 이상 니켈 숏을 확인해 금융사 몇 곳으로 롱 포지션을 잡되 구제를 빌미로 보상을 요구할 방침을 세운다. 연변에서는 이 상무가 리규철에게 CNC 수십 대를 실어 보내고 200만 달러 현금과 비트코인 잔금을 받은 뒤, 큰손들이 현금을 위조지폐로 판정하고 자리를 떠나는 장면까지 나온다.",위조지폐 판정으로 큰손들에게 버림받은 이 상무에게서 비트코인·리규철 해킹망·CNC와 비자금까지 실제로 빼앗아 북한 장남의 복수를 끝낼 수 있는가?,"창산그룹의 5조 원대 니켈 숏을 구제명분으로 되받을 설계와, 위조지폐 때문에 연변 큰손들에게 버림받는 이 상무의 현재 붕괴 장면을 함께 제시한다.",니켈 롱은 자동차 계열사의 원가를 올릴 수 있고 창산과 척질 위험이 있다. 이 상무는 구형 감별기를 믿어 위조지폐를 진짜라고 주장하지만 큰손들은 함께 처벌받을까 두려워 그를 버린다.,연변 사채시장 큰손들이 100만 달러 가방의 무게와 구형 감별기를 의심해 모두 떠나는데도 이 상무는 벌어진 상황을 이해하지 못한 채 멍하니 남는다.,이 상무의 비트코인 계좌가 털리고 CNC·리규철·북한 해킹세력과 비자금이 장남의 자금·산업·인맥으로 귀속됐음을 확인한다. 이어 러시아의 우크라이나 침공과 유가 100달러 돌파가 실제 발생해 태우의 전시 포지션이 가동된다.,이 상무는 연변 큰손의 신뢰를 잃고 고립된 뒤 리규철·해킹세력·CNC까지 북한 장남에게 빼앗긴다. 이영한은 복수의 길잡이였음을 김민재에게 보고하는 음지 동맹으로 남는다.,"642화에는 위조지폐로 큰손들이 떠난 상태만 생기고, 643화 초 비트코인 계좌 전액·리규철 해킹망·CNC·비자금이 장남의 자금·산업기반으로 실제 귀속된다.",침공 첫날 정보전; 유가·식량·니켈 전시 포지션; 한국의 간접 군수지원,"천민정의 비밀 게임·플랫폼으로 친우크라이나 여론을 만들고, 직접지원 제약을 들은 뒤 최재석에게 쓸 수 있는 여러 우회방법이 있다고 알린다.","① 642화는 이 상무가 연변 큰손의 신뢰를 잃고도 이유를 모르는 상태까지만 보여 주며, 643화 초반에야 비트코인 계좌·리규철 해킹세력·CNC·비자금의 장남 귀속이 확인된다. ② 같은 643화 후반 러시아 침공은 개인복수의 지급 뒤 전쟁을 열고, 644화부터 정보·방산·원전·물류 지원이 주도 행동이 된다.",0.96
DCA-N57,러시아 침공 대응과 우크라이나 군수·원전·물류 설계,644,645,644,645,2,"김민재, 태우, 젤렌스키, 최재석, 데이비드, 천민정, 김태중, 한정훈, 로만, 강 대위, 바이든","금융타워, 청와대, 백악관, 유럽, 러시아, 우크라이나, 한국, 태우, 미국, 태우건설","644 L112241~L112414에서 태우IT 주변 중소게임사·플랫폼망이 비밀 정보전의 기반으로 동원된다. 천민정의 비밀 게임·플랫폼으로 친우크라이나 여론을 만들고, 직접지원 제약을 들은 뒤 최재석에게 쓸 수 있는 여러 우회방법이 있다고 알린다.",러시아 침공 직후 한국의 탄약·방산·원전·물류·식량을 미국 보충판매와 유럽 지원선으로 설계할 수 있는가?,직접 군사개입 없이 친우크라 여론과 미국 보충판매식 탄약으로 전황에 영향력을 갖는 약속.,정부 직접지원은 러시아 보복을 부르고 선전공작이 드러나면 태우IT 신뢰도도 훼손된다.,우크라이나와 한국 방산 모두 이득을 보는 여러 우회방법이 준비돼 최재석의 답답함을 풀 수 있다.,"대통령의 러우전쟁 대응·미국/유럽 연결역할 위임과 미국 보충판매·유럽 방산/원전/물류/식량 패키지 설계, 데이비드의 백악관 접촉지시를 얻는다. 실제 승인·수출·계약은 미지급이다.",한국 방산·원전·물류팀과 미국·유럽 정부는 직접 참전하지 않으면서 우크라이나를 돕는 보충판매 동맹으로 역할을 나눈다.,644~645화에 미국 보충판매와 유럽 방산·원전·물류·식량 패키지가 실행 가능한 승인·공급 구조로 완성된다.,미국 보충판매 승인; 유럽 방산·원전·물류·식량 계약,니켈 공매도 마진콜에 몰린 창산 시안을 만나 구제조건을 묻고 현금 대신 인도네시아 니켈광산을 요구한다.,① 645화에 미국 보충판매와 유럽 방산·원전·물류·식량 묶음이 실행 가능한 구조로 정리된다. ② 646화 창산 시안의 니켈 마진콜과 인도네시아 광산 요구는 국가 군수지원에서 민간 원자재 구제로 상대·금액·보상을 바꾼다.,0.96
DCA-N57B,니켈 마진콜 200억 보증과 광산·가격 안정,646,648,646,648,3,"김민재, 태우, 시안, 한정훈, 김태중, 데이비드, 웨이, 로만, 강 대위","금융타워, 태우 본사, 유럽, 태우, 러시아, 중국, 한국, 미국, 동남아, 인도",646 L112579~L112742에서 데이비드와 한 부회장이 반나절 동안 유럽그림을 이해한 뒤 중국 창산의 니켈위기가 들어온다. 니켈 공매도 마진콜에 몰린 창산 시안을 만나 구제조건을 묻고 현금 대신 인도네시아 니켈광산을 요구한다.,창산 시안의 니켈 마진콜을 200억 달러 보증과 인도네시아 광산 양도로 수습해 투기손실·가격안정까지 끌어낼 수 있는가?,마진콜에 몰린 시안을 구제하는 대가로 인도네시아 니켈광산을 얻는 약속.,무제한 연기는 롱세력 권리를 침해하고 태우가 시안 부실을 떠안을 위험이 있다.,시간이 돈인 투기세력에게 무제한 유예는 사실상 사형선고라 상대방이 먼저 무너질 구조가 선다.,"니켈 마진콜 무기한 유예와 가격하락, 금융타워 숏 포지션 유지, 현금지출 없는 200억 달러 보증과 동유럽 일정 확정을 얻는다. 최종 숏 수익·광산양도·러시아 에너지 계약은 미지급이다.","창산 시안은 태우를 공격자로 의심하다 200억 달러 보증을 주는 구제자에게 광산을 넘기고, 태우 자동차팀은 원가상승을 감수한 공동 위험당사자가 된다.","200억 달러 보증·인도네시아 니켈광산 양도와 투기손실·가격안정, 러시아 원유 우회수익이 광물·에너지 소유권으로 지급된다.",니켈 숏 최종수익·광산양도; 동유럽 계약; 러시아 에너지 우회망·제재위험,폴란드·루마니아 방산·원전 협상을 넓히던 중 SVB의 200억 달러 채권매각을 포착한다,"① 648화에 투기세력 손실, 광산 이전·니켈 가격안정과 러시아 원유 우회수익이 확인된다. ② 649화 SVB의 200억 달러 채권매각 포착은 광물·원유 구제에서 미국 은행의 유동성 위기로 압박을 바꾼다.",0.96
DCA-N58,SVB 1달러 인수와 모든 지분·경영권 이전,649,654,649,654,6,"김민재, 태우, 다이먼, 한정훈, 파월, 데이비드, 김태중, 최재석, 옐런, 이종수, 미국 연준, 바이든","금융타워, 백악관, 강 대위 식당, 미국, 태우, 한국, 유럽, 우크라이나, 러시아, 태우건설",649 L113087~L113249에서 동유럽 성공을 마친 한 부회장이 폴란드·루마니아 방산·원전 성과를 들고 귀국한다. 폴란드·루마니아 방산·원전 협상을 넓히던 중 SVB의 200억 달러 채권매각을 포착한다,SVB의 200억 달러 채권매각을 포착해 1달러 인수계약을 맺고 모든 지분·경영권 이전과 시장안정까지 받아 낼 수 있는가?,유럽 수주를 넓히는 동시에 SVB 200억 달러 채권매각을 은행통합 기회로 포착하는 약속.,미 당국은 은행강탈처럼 보이는 거래를 거부하고 부실·예금책임은 모두 금융타워에 떠넘기려 한다.,1달러는 가격이 아니라 SVB를 살릴 유일한 주체에게 소유권을 넘기라는 정책해결책임이 명확해진다.,"SVB 모든 지분·경영권 이전 완료, 뱅크런 없음, 예치금 소폭 상승·주가 상승, 금융타워가 새 주인이라는 1면 보도를 얻는다. 기업농 성과와 직거래·전자상거래 개혁안·조력기업 배치도 확정하되 전국 유통망 실행은 남는다.","미국 당국·SVB 예금자는 금융타워를 1달러 약탈자가 아니라 뱅크런을 멈춘 새 주인으로 받아들이고, 김민재·한정훈의 은행구제 신뢰가 강화된다.","SVB 1달러 계약 뒤 654화 모든 지분·경영권 이전, 예치금·주가 상승과 새 주인 1면 보도로 공식 소유·통합이 완료된다.",다른 미국 중소은행 1달러 인수; 국내 유통망 실행·법제화·시장반발,중국에 잡힌 이 상무의 결말을 확인하고 조지의 엔캐리 작전을 승인한다,① 654화에 금융타워가 SVB 전 지분·경영권을 넘겨받고 예치금·주가 상승과 새 주인 1면 보도를 확인한다. ② 655화 명동 이영한의 기업농·이 상무 처리와 조지의 엔캐리 승인은 미국 은행통합에서 국내 유통복수·일본 금융전으로 갈아탄다.,0.96
DCA-N58B,명동 이 상무 처분·엔캐리와 로나 99% 폭락,655,661,655,661,7,"김민재, 태우, 조지, 김태중, 베릴, 한정훈, 이영한, 미쉘, 장남, 로만, 리사, 이 상무","금융타워, 백악관, 유럽, 스위스, 미국, 일본, 태우, 한국, 러시아, 일본 은행",655 L114029~L114192에서 명동을 넘어 중·일 사채시장까지 진출한 이영한이 이 상무의 중국 내 결말을 보고한다. 중국에 잡힌 이 상무의 결말을 확인하고 조지의 엔캐리 작전을 승인한다,명동에서 이 상무의 잔여문제를 정리한 뒤 엔캐리·유럽은행 협상을 밀어 로나 99% 폭락과 베릴 복권을 실제 수익으로 바꿀 수 있는가?,개인복수 잔여선을 닫고 조지의 엔캐리 공격으로 회귀지식 없는 첫 시대주도 전쟁을 여는 약속.,스위스는 유럽 방공시스템 참여와 은행부실을 외국금융사에 넘기는 정치비용을 함께 감당해야 한다.,김민재가 요구하는 정확한 관계가 유럽방공망이라는 답으로 공개돼 은행전이 방산시장전으로 변한다.,"로나 85달러→0.003달러 미만·99% 폭락, 시총 약 400억 달러의 절반가량인 약 200억 달러 실제 흡수, 베릴 공개복권과 김태중의 해외임무 수락이 지급된다. 헤지펀드까지 합친 최소 총 300억 달러는 아직 전망이다.",이 상무의 명동 잔여선은 정리되고 조지는 김민재도 전모를 모르는 첫 엔캐리 작전의 독립지휘자가 된다. 베릴은 조롱받던 경고자에서 공개 복권된 금융동료로 돌아온다.,엔캐리·유럽은행망 뒤 로나가 85달러→0.003달러 미만·99% 폭락하고 시총 약 400억 달러의 절반인 약 200억 달러가 실제 흡수된다. 최소 300억 달러는 전망이다.,파산 헤지펀드 추가 흡수·최소 총 300억 달러 전망; 태우 농장 농산물·팜유 수출조건; 러시아 에너지 통로,"김태중이 베트남·동남아와 협상해 태우그룹 소유 농장의 농산물에는 수출제한을 두지 않고, 제한품목인 팜유는 태우상사에 공급받는다. 대가로 태우해운 원유 운송량 30% 이상 증가, 정유시설 지분 10%, 일부 국가 투자약속을 내주며 동남아산 팜유와 인도산 밀 공급재개 뒤 물가가 빠르게 안정되는 결과까지 확인한다.","① 661화 로나 85달러→0.003달러 미만과 시총 약 400억 달러의 절반, 약 200억 달러 흡수가 현재 지급이며 헤지펀드까지 합친 최소 300억 달러는 전망이다. ② 661화 말 김태중의 식량·에너지 순방 수락 뒤 662화는 베트남 수출예외와 물가안정을 별도 거래로 실행한다.",0.96
DCA-N59,김태중의 베트남 식량 수출예외,662,662,662,662,1,"김민재, 태우, 김태중, 최재석, 데이비드, 로만","금융타워, 청와대, 동남아, 태우, 베트남, 호주, 한국, 미국, 인도, 태우상사","662 L115170~L115328에서 김태중은 가장 오래 일한 베트남과 태우의 최대 농장을 첫 순방지로 골라 정부·현지기업 인맥을 가동한다. 김태중이 베트남·동남아와 협상해 태우그룹 소유 농장의 농산물에는 수출제한을 두지 않고, 제한품목인 팜유는 태우상사에 공급받는다. 대가로 태우해운 원유 운송량 30% 이상 증가, 정유시설 지분 10%, 일부 국가 투자약속을 내주며 동남아산 팜유와 인도산 밀 공급재개 뒤 물가가 빠르게 안정되는 결과까지 확인한다.",김태중이 베트남에서 태우 소유 농산물과 팜유의 제한적 수출길을 열고 해운·정유지분을 대가로 가격안정까지 받아 올 수 있는가?,"태우 소유 농장의 농산물과 태우상사 팜유만 예외로 받는 정확한 범위, 태우해운 30%·정유지분 10%·투자약속이라는 대가, 실제 물가안정을 함께 지급한다.",포괄적인 한국 특혜가 아니라 태우 농장·태우상사 물량에 한정된 거래다. 원유 운송 30% 증가와 정유지분 10%·투자약속을 대가로 내놓아야 한다.,"김태중의 축구포럼·정유시설 인맥이 태우 농장 농산물과 팜유 공급을 열고, 공급재개와 정부 과징금이 실제 가격안정·긍정여론으로 이어진다.","태우 소유 농장 농산물의 수출제한 예외와 태우상사 대상 팜유 공급, 동남아산 팜유·인도산 밀의 공급재개 및 빠른 물가안정을 얻는다. 태우해운 물동량 30% 이상 증가, 정유시설 지분 10%, 일부 투자약속이 명시된 대가다.","김태중은 베트남 인맥을 동원해 손자가 맡긴 식량임무를 독자적으로 결산하고, 현지정부는 태우해운·정유·투자대가를 받는 제한적 공급동맹이 된다.","태우 소유 농산물 예외·태우상사 팜유, 태우해운 물동량 30% 증가·정유지분 10%·투자약속과 팜유·밀 가격안정이 662화에 지급된다.",로켓 농산물 물류·국내 유통개혁; 예외조건 유지; 인도 순방·러시아 에너지 협상,로봇 물류와 일본 3대 상사 지분 50퍼센트를 활용하고 엔캐리 500억 달러 이익을 전망한다,"① 662화에 태우 농장 농산물 예외, 태우상사 팜유 공급, 해운 물동량 30% 증가·정유지분 10%와 실제 가격안정이 한꺼번에 지급된다. ② 663화 로봇물류·일본 3대 상사 지분 활용은 국가 식량협상에서 자동화 유통·스포츠 사업으로 옮겨 간다.",0.96
DCA-N59B,로봇물류·일본지분과 10만 석 경기장 흥행,663,664,663,664,2,"김민재, 태우, 데이비드, 한정훈, 다이먼, 강 대위, 이종수, 로만","금융타워, 태우, 한국, 일본, 경기, 태우엔터, 미국, 태우상사, 월가, 러시아",663 L115329~L115484에서 대구 로켓물류센터에서 이종수가 자동화된 유통망을 김민재에게 보여 준다. 로봇 물류와 일본 3대 상사 지분 50퍼센트를 활용하고 엔캐리 500억 달러 이익을 전망한다,로봇물류와 일본 상사지분을 유통망에 얹고 10만 석 경기장·테일러 스위프트 공연으로 대형시설의 흥행성을 입증할 수 있는가?,로봇물류·일본 3대 상사 지분 50퍼센트·엔캐리 500억 달러를 마르지 않는 현금원으로 묶는 약속.,거대 물류시설·일본지분은 경기침체와 규제에 묶이고 엔캐리 청산시점이 틀리면 환손실이 난다.,태우 자본이면 한국인이 목말라한 대형공연·인프라도 채울 수 있다는 다음 소비·브랜드 활용이 열린다.,"MCA의 테일러 스위프트 내한·태우 경기장 일정배정과 다른 가수 추가배정 약속, 해외 스포츠팀 초청지시를 얻는다. 실제 공연·관중·수익은 미지급이다.","태우엔터·MCA·테일러 스위프트와 축구팬은 10만 석 경기장을 공동 흥행공간으로 만들고, 일본 상사지분 파트너는 로봇물류의 유통동맹으로 붙는다.",로봇물류·일본 3대 상사 지분 활용과 10만 석 경기장 공연의 관객·수익성이 유통·스포츠 반복사업으로 검증된다.,실제 공연·관중·매출; 반복 가능한 문화·스포츠 흥행,빈 살만이 개막축제에 오자 미·사우디 중재 가능성을 흘리고 곡물카르텔의 미국 농업 연맹 공격을 받는다,① 664화 태우엔터·MCA 협업과 테일러 스위프트 공연이 관객·수익으로 경기장 규모를 증명한다. ② 665화 빈 살만 방문과 미국 농업연맹 공격은 공연장에서 바이든·곡물메이저·사우디를 상대하는 식량·원유 외교로 전환한다.,0.96
DCA-N59C,바이든·곡물메이저·사우디 증산 협상,665,668,665,668,4,"김민재, 태우, 바이든, 살만, 빈 살만, 김태중, 다이먼, 데이비드, 최재석, 한정훈, 트럼프, 로만","금융타워, 백악관, 청와대, 미국, 사우디, 태우, 한국, 중국, 러시아, 태우건설",665 L115641~L115809에서 마블·태우스타디움의 일주일 완공축제에 빈 살만이 직접 참석한다. 빈 살만이 개막축제에 오자 미·사우디 중재 가능성을 흘리고 곡물카르텔의 미국 농업 연맹 공격을 받는다,바이든·곡물메이저·빈 살만을 같은 협상판에 올려 태우 방해포기·세무조사 수용과 사우디 증산을 성립시킬 수 있는가?,왕실친분을 미·사우디 중재와 곡물카르텔 역압박 카드로 바꾸는 약속.,미국은 사우디에 직접 약해 보이기 싫고 한국 금융요구를 중재대가와 분리하려 한다.,물고기가 미끼를 물었고 데이비드가 뜰채로 출구를 막는 단계까지 왔다.,"곡물메이저의 태우 방해중단과 IRS 조사보류, 빈 살만의 OPEC+ 증산안 논의 약속을 얻는다. 실제 증산·유가하락은 미지급이다.",바이든·곡물메이저·빈 살만은 태우를 방해하거나 중재를 요청하는 세 상대에서 증산·세무조사·방해포기를 교환하는 협상동맹으로 재배치된다.,미·사우디 증산협상과 곡물메이저의 태우 방해포기·세무조사 수용이 식량·원유 정책권한으로 확정된다.,사우디·OPEC+ 실제 증산; 유가변화; 곡물메이저 합의 유지,구단 급료와 생활비까지 막힌 로만의 사정을 듣고 제재에 걸리지 않는 지원 방법을 찾아 알려 주겠다고 약속하며 친구로서 연락을 계속한다.,① 668화 미·사우디 증산협상과 곡물메이저의 방해포기·세무조사 수용이 국가·기업 합의로 남는다. ② 669화 제재로 급료도 막힌 로만의 지원요청은 공개 식량·원유협상에서 개인관계·러시아 보급망으로 장소와 위험을 바꾼다.,0.96
DCA-N60,로만·프리고진 보안메타버스와 동남아 보급선,669,672,669,672,4,"김민재, 태우, 로만, 프리고진, 트럼프, 한정훈, 강 대위, 김태중, 푸틴, 바이든, 시진핑, 데이비드","금융타워, 백악관, 강 대위 사무실, 유럽, 태우, 러시아, 미국, 중국, 한국, 일본",669 L116315~L116471에서 다이먼이 카르텔 간담회 결과를 전한 뒤 제재로 구단급료도 막힌 로만의 사정이 들어온다. 구단 급료와 생활비까지 막힌 로만의 사정을 듣고 제재에 걸리지 않는 지원 방법을 찾아 알려 주겠다고 약속하며 친구로서 연락을 계속한다.,제재에 막힌 로만과 프리고진을 보안 메타버스·동남아 보급선으로 돕고 미국 대선의 트럼프선·바이든선을 동시에 관리할 수 있는가?,서방 제재선을 지키면서 로만의 구단 급료·생활 곤란을 도울 우회법을 찾고 러시아 연락선을 보존하는 약속.,프리고진은 폭력적이고 독자세력이라 누구도 완전히 통제할 수 없다.,프리고진의 지친 안색에서 생존연대 가능성은 보이지만 군부 불만·반란의사·구체 조건은 아직 나오지 않는다.,"러시아·바그너 지원선의 처리확인, 곡물·원유 카르텔의 트럼프 접촉·후원약속 정보와 바이든·트럼프 양면관계 유지결정을 얻는다. 후보통제와 선거결과는 미지급이다.","로만·프리고진은 제재 속 급료·생활비·보급을 태우에 의지하는 친구·위험동맹이 되고, 미국 카르텔과 태우는 트럼프선·바이든선을 나눠 맡는다.",보안 메타버스·동남아 보급선과 미국 대선 양면관리 전략이 러시아 인맥·미국 정책을 동시에 지킬 통로로 확정된다.,미국 대선결과; 트럼프 돌발행동; 곡물·원유 정책보험의 실제 효과,러시아의 노르트스트림 차단 뒤 사우디에서 살만 국왕의 6천억 달러 PIF 위탁 제안을 받는다,① 672화 카르텔의 트럼프 통로와 태우의 바이든 통로를 병행하는 대선보험이 정해진다. ② 673화 살만 국왕의 6천억 달러 PIF 위탁 제안은 러시아 개인지원·미국 선거관리에서 사우디 국부펀드·에너지 계약으로 보상규모를 바꾼다.,0.96
DCA-N60B,사우디 PIF 6000억 달러와 증산·원유숏,673,675,673,675,3,"김민재, 태우, 살만, 빈 살만, 바이든, 한정훈, 살만 국왕, 드미트리, 프리고진, 김태중, 로만, 웨이","금융타워, 백악관, 사우디, 태우, 미국, 태우통신, 한국, 월가, 태우건설, 일본",673 L116957~L117120에서 로만의 정보대로 러시아가 노르트스트림1 가스공급을 끊어 유럽 에너지위기가 심해진다. 러시아의 노르트스트림 차단 뒤 사우디에서 살만 국왕의 6천억 달러 PIF 위탁 제안을 받는다,살만 국왕의 6천억 달러 PIF 제안을 네옴·통신망·해저케이블·행정IT 배정과 하루 25만 배럴 증산으로 구체화할 수 있는가?,살만 국왕의 6천억 달러 PIF 전체를 금융타워가 맡는 사상 최대 신뢰보상.,사우디 자산으로 유가하락에 베팅하면 산유국 이해와 충돌해 왕실반발을 살 수 있다.,미국과의 증산약속을 지킨 만큼 이제 양국에서 보상을 받아 태우를 한 단계 키울 차례가 된다.,"사우디 측의 네옴·통신망·해저케이블·행정IT 배정 의사와 비용분담안을 계열사에 전달하고, 하루 25만 배럴 증산 발표와 유가 하락 시작을 확인한다. 세부 합의·정식 계약·수익 실현은 아직 전이다.","살만 국왕은 6천억 달러 PIF를 맡길 장기 수탁자로 김민재를 선택하고, 계열사들은 네옴·통신·해저케이블·행정IT를 나눠 맡는 왕실사업 동맹이 된다.",사우디 프로젝트 배정의사·비용분담안과 하루 25만 배럴 증산·유가하락이 확인되지만 세부계약·원유숏 수익은 아직 없다.,사우디 세부 합의·정식 계약·집행; 유가 숏 수익 실현; 바그너 보급선 관리,"최재석에게 태우 세계 1위·한국 경제 5위와 부산 엑스포 구상을 설명하고, 금융타워 보고서를 이번 주 전달해 경제부처가 검토하도록 요청한다.",① 675화는 사우디 프로젝트 배정의사·비용분담안과 25만 배럴 증산·유가 하락 시작까지 확인하지만 정식계약·숏 수익은 남긴다. ② 676화 최재석과 코리아 디스카운트 보고서·부산 엑스포를 논의하면서 왕실사업에서 한국 자본시장 개혁으로 주도질문이 바뀐다.,0.96
DCA-N61,코리아 디스카운트 개혁과 1000억 달러 AI 데이터센터,676,679,676,679,4,"김민재, 태우, 애플, 오용재, 최재석, 구글, 김태중, 한정훈, 제프리, 천민정, 강 대위, 리사","금융타워, 백악관, 청와대, 태우, 한국, 삼진전자, 태우반도체, 애플, 미국, 구글","676 L117455~L117594에서 김민재는 반나절 만에 최재석과 독대해 세계침체 속 한국의 성장성과 증시저평가를 논한다. 최재석에게 태우 세계 1위·한국 경제 5위와 부산 엑스포 구상을 설명하고, 금융타워 보고서를 이번 주 전달해 경제부처가 검토하도록 요청한다.",코리아 디스카운트 개혁안을 최재석에게 건네고 빅테크 동등지분의 1천억 달러 AI 데이터센터 합작까지 성립시킬 수 있는가?,"태우와 한국의 동반 도약안을 대통령 의제로 올리고, 정부·태우·주주가 기존 재벌의 저항을 넘을 수 있는지를 묻는 시장개혁 약속.",삼진은 기술종속을 경계하고 AI기능·전력·칩 공급량도 아직 제품으로 검증되지 않았다.,세계 2위 삼진에게 중국 추격을 막고 역사를 바꿀 제안이라 오용재가 거절하기 어렵다.,빅테크 동등지분의 1천억 달러 AI 데이터센터 합작이 성립된다.,"최재석은 코리아 디스카운트 보고서를 정책으로 검토하고 빅테크들은 동등지분을 받아들여, 정부·태우·글로벌 IT가 데이터센터 공동투자자가 된다.",경제부처 검토선과 빅테크 동등지분의 1천억 달러 AI 데이터센터 합작이 자본시장 개혁·반도체·전력 수요 기반으로 확정된다.,AI 데이터센터 건설·운영; 반도체·전력 장기계약; 합작 거버넌스,AI 주문 폭증과 고체배터리 완성을 확인하고 파리 모터쇼 공개를 결정한다,① 679화 몇 시간 만에 모은 1천억 달러와 동등지분 합작이 정책논의를 실제 투자로 바꾼다. ② 680화 AI 주문폭증과 고체배터리 완성·파리모터쇼 공개결정은 자본시장·데이터센터에서 완성차 제품검증으로 이동한다.,0.96
DCA-N61B,고체배터리·T-9 파리모터쇼 공개,680,681,680,681,2,"김민재, 태우, 구디너프, 데이비드, 한정훈, 김태중","금융타워, 태우병원, 태우, 파리 모터쇼, 유럽, 태우반도체, 태우IT, 태우상사, 미국, 경기",680 L118112~L118272에서 1천억 달러 AI 데이터센터 발표로 언론과 반도체 주문이 폭증한다. AI 주문 폭증과 고체배터리 완성을 확인하고 파리 모터쇼 공개를 결정한다,완성된 고체배터리와 T-9을 파리 모터쇼에 공개해 세계 완성차의 대규모 공급요청을 끌어낼 수 있는가?,회귀지식 밖에서 만든 AI·고체배터리를 실물제품으로 공개해 새 성장판을 여는 약속.,기술이 실험실을 벗어나면 안전·가격·양산수율을 세계 앞에서 동시에 검증받아야 한다.,태우가 날아오를 준비는 끝났고 시장광풍만 오면 된다는 제품직전의 확신이 선다.,"고체배터리·T-9의 1천 킬로미터 주행·10분 충전 공개와 세계 완성차의 공급계약 요청, 준비된 계약서 제시를 얻는다. 서명·물량배분은 미지급이다.","세계 완성차 경영진은 태우의 고체배터리·T-9을 경쟁위협에서 공급계약을 요청할 표준제품으로 인정하고, 천민정·차량팀은 공개무대의 공동 주역이 된다.",고체배터리 완성·T-9 파리모터쇼 공개와 세계 완성차의 대규모 공급요청이 기술의 시장지위로 지급된다.,공급계약 서명; 완성차별 물량배분; 양산,태우주가 급등과 계열분리를 검토하다 N&K 주가조작을 포착한다,① 681화 고체배터리·T-9 공개와 공급계약 요청이 기술개발의 시장 영수증이다. ② 682화 태우 주가 급등 속 N&K 주가조작 포착은 모터쇼 제품보상에서 차명계좌·기술탈취 수사로 위협을 바꾼다.,0.96
DCA-N62,N&K 기술탈취 계약위반·계좌동결과 체포,682,684,682,684,3,"김민재, 태우, 김남훈, 나기연, 이영한, 강 대위, 김태중, 한정훈, 로만, 데이비드, 마크","금융타워, 강 대위 사무실, 태우, 한국, 명동, 검찰, 태우건설, 술집, 유럽, 태우반도체",682 L118446~L118599에서 파리모터쇼 이틀 동안 계약문의가 쏟아지고 태우계열 주가·계열분리 논의가 달아오른다. 태우주가 급등과 계열분리를 검토하다 N&K 주가조작을 포착한다,N&K의 주가조작·기술탈취선을 계약위반과 차명계좌 동결로 묶어 나기연·김남훈을 시장충격 없이 체포할 수 있는가?,시장축제 속 N&K 조작세력을 조용히 제거해 정당한 상승을 지키는 약속.,두 사람이 먼저 매도하면 시장충격이 오고 증거가 새면 공범들이 도망간다.,김남훈은 즉시 협조 의사를 보이지만 투자자명단·차명계좌·비밀번호를 실제로 넘기지는 않았다.,차명계좌가 동결되고 나기연·김남훈이 체포돼 시장충격 없이 N&K가 제거된다.,"내부 제보자와 수사기관은 N&K 기술탈취선을 금융타워에 맡기고, 나기연·김남훈은 사업파트너 가면을 잃어 체포대상으로 관계가 뒤집힌다.",계약위반 증거·차명계좌 동결과 나기연·김남훈 체포로 N&K가 시장충격 없이 제거된다.,안덕환의 긴급 수주·사업 보고,"체코 원전 24조 원 우선협상과 현지 공장·데이터센터 계획을 확인하고, 센트리언 확장을 위해 국내 제약 M&A 대상을 찾게 한다.",① 684화 차명계좌 동결과 나기연·김남훈 체포가 N&K 제거를 관찰 가능한 결과로 만든다. ② 685화 체코 원전 24조 원 우선협상과 한아약품 인수대상 탐색은 형사·시장수습에서 원전·제약 M&A로 목표를 바꾼다.,0.96
DCA-N62B,체코 원전 우선협상과 한아약품 경영권 인수,685,687,685,687,3,"김민재, 태우, 아폴로, 서정준, 한정훈, 조지, 김태중, 한아약품 모녀, 아들들, 다이먼, 장남","금융타워, 태우자동차 공장, 태우 본사, 태우병원, 태우, 센트리언, 한국, 체코, 태우건설, 일본","685 L118957~L119112에서 안덕환이 금메달 선수처럼 만세를 부르며 체코 원전우선협상 소식을 가져온다. 체코 원전 24조 원 우선협상과 현지 공장·데이터센터 계획을 확인하고, 센트리언 확장을 위해 국내 제약 M&A 대상을 찾게 한다.",체코 원전 24조 원 우선협상을 확인한 뒤 센트리언 확장을 위해 한아약품 가족지분과 경영권을 실제로 넘겨받을 수 있는가?,24조 원 원전·현지공장·데이터센터를 따고 센트리언 성장에 새 국내 제약사를 붙이는 약속.,모녀지분만으로 과반이 안 되고 형제는 월가 사모펀드 지원을 받는다.,소현숙은 자식·사모펀드보다 남인 태우를 믿을 만큼 가족관계가 완전히 깨져 있다.,한아약품 모녀·형제들의 가족지분 이전과 태우·금융타워의 경영권 확보를 얻는다. 센트리언 재매각과 북한 장남 카드의 실제 작동은 미지급이다.,"체코 정부는 24조 원 원전 우선협상 파트너로 태우를 대하고, 한아약품 가족주주는 금융타워에 전 지분을 넘겨 센트리언의 인수대상이 된다.","체코 원전 우선협상·현지 공장과 데이터센터 계획, 한아약품 가족지분 전체·경영권 이전이 원전·제약 소유능력으로 확정된다.",센트리언 재매각; 북한 미사일 대응; 장남 카드 가동,"강 대위 사무실에서 데이비드와 중국·북한 관계, 장남, 러북 거래 가능성을 검토한다. 하루 뒤 데이비드의 러시아·미국 정보선, 강 대위의 바그너 보급선, 이영한의 연변 장마당선이 러시아의 식량 반출과 북한산 무기·탄약 거래를 같은 방향으로 확인한다. 김민재는 중국 고위층과 장남의 비공식 접촉, 러시아의 북한무기 수입 언론 제보, 한국의 우크라이나 무기지원 위협, 바그너 불만 감시를 각각 지시한다.",① 687화 한아약품 전체 가족지분이 금융타워로 이전돼 제약 인수의 소유권이 확정된다. ② 688화 데이비드·강 대위·이영한의 세 정보선이 러북 거래를 확인하고 중국·장남·언론·한국 무기지원 위협을 설계하면서 기업 M&A에서 국제 안보전으로 목표가 바뀐다.,0.96
DCA-N63,러북 거래 확인과 중국·장남·언론 대응 설계,688,688,688,688,1,"김민재, 장남, 데이비드, 프리고진, 로만, 강 대위, 시진핑, 이영한, 한정훈","강 대위 사무실, 북한, 중국, 러시아, 연변, 미국, 한국, 명동, 유럽, 우크라이나","688 L119442~L119593에서 김민재가 데이비드를 한국으로 불러 강 대위의 사무실에서 북한 미사일 도발과 중국·러시아 관계를 다시 해석한다. 강 대위 사무실에서 데이비드와 중국·북한 관계, 장남, 러북 거래 가능성을 검토한다. 하루 뒤 데이비드의 러시아·미국 정보선, 강 대위의 바그너 보급선, 이영한의 연변 장마당선이 러시아의 식량 반출과 북한산 무기·탄약 거래를 같은 방향으로 확인한다. 김민재는 중국 고위층과 장남의 비공식 접촉, 러시아의 북한무기 수입 언론 제보, 한국의 우크라이나 무기지원 위협, 바그너 불만 감시를 각각 지시한다.",데이비드·강 대위·이영한의 세 정보선으로 러북 무기·식량 거래를 확인한 뒤 중국·장남·언론·한국 무기지원 위협·바그너 감시의 대응 역할을 설계할 수 있는가?,"데이비드·강 대위·이영한의 독립 정보선으로 러북 무기·식량 거래를 확인하고, 중국·장남·언론·한국 무기지원 위협·바그너 감시의 대응 역할을 설계하는 데까지 지급한다.",중국은 서방 제재 때문에 공식 지원에 나서기 어렵고 장남 세력도 북한 내부로 직접 들어갈 수 없다. 언론 제보와 한국 무기지원 위협은 아직 실행 전이며 바그너의 불만이 실제 분열로 이어질지도 알 수 없다.,하루 사이 데이비드·강 대위·이영한의 세 정보선이 러시아의 대북 식량과 북한의 무기·탄약 제공을 독립적으로 확인해 추정이 대응 설계의 근거로 바뀐다.,"데이비드·강 대위·이영한의 세 독립 정보선으로 러시아의 대북 식량 운송과 북한산 무기·탄약 보급을 확인한다. 중국·장남 접촉, 언론 제보, 한국 무기지원 위협, 바그너 감시는 담당과 지시가 정해진 단계이며 실제 공개·러북 분열·한국 방산 대체공급·러시아 반응은 미지급이다.","데이비드·강 대위·이영한은 서로 다른 러시아·바그너·연변 정보선을 같은 결론으로 맞추는 검증 동료가 되고, 한 부회장은 중국·북한·러시아의 이해관계를 대응 지시로 바꾸는 분석역을 맡는다. 러북 관계 자체는 아직 갈라지지 않는다.","러시아의 대북 식량과 북한산 무기·탄약 거래가 세 정보선의 교차확인으로 추정에서 대응 근거로 올라가고 중국·장남 접촉, 언론 제보, 한국 무기지원 위협, 바그너 감시의 담당과 지시만 확정된다.",중국 고위층과 장남의 실제 접촉; 러북 거래 언론 공개와 러시아 반응; 한국 무기지원 위협의 효과; 북한·러시아 내부 분열; 바그너 불만 활용,총리가 된 리강의 장남 지원을 확인하고 걸프 스와프·자산으로 원화 국제화를 짠다,① 688화는 러시아의 대북 식량과 북한산 무기·탄약 거래를 교차확인하고 각 대응 역할을 지시하지만 언론 공개·러북 분열·대체공급 효과는 지급하지 않는다. ② 689화는 총리가 된 리강의 장남지원과 사우디 원화스와프로 상대·장소·보상통화를 바꿔 통화외교를 시작한다.,0.96
DCA-N63B,사우디 원화스와프와 유럽 원화금융,689,690,689,690,2,"김민재, 태우, 리강, 장남, 살만, 빈 살만, 김태중, 데이비드, 최재석, 한정훈","금융타워, 한국, 중국, 태우, 북한, 사우디, 유럽, 러시아, 연변, 스위스",689 L119594~L119759에서 리강이 중국 국무원 총리가 되지만 주석집권 때문에 권한은 줄어든 상태다. 총리가 된 리강의 장남 지원을 확인하고 걸프 스와프·자산으로 원화 국제화를 짠다,리강의 북한 장남 지원을 유지하면서 사우디 원화스와프·원화 원유결제와 유럽 원전·방산 원화금융을 성립시킬 수 있는가?,리강의 장남지원을 확인하고 걸프자금으로 원화결제망을 여는 약속.,중국 권력집중은 리강 통로를 위험하게 하고 원화는 달러보다 유동성·신뢰가 약하다.,금융타워가 중동 국부자금을 운용하므로 스와프·결제량을 인위적으로 키울 실물기반이 있다.,"사우디의 원화스와프·원화 원유결제 구두수락과 실무협상 착수, 시장·환율 반응, 유럽 9개국의 원전·방산 금융문의와 금융타워 무이자대출 제안을 얻는다. 정식 스와프·결제는 미지급이다.","리강·사우디·유럽 정부는 북한 장남지원과 원화결제를 분리해 다루며, 금융타워를 원전·방산 거래의 통화파트너로 받아들인다.",사우디 원화스와프·원화 원유결제와 유럽 원전·방산 원화금융이 원화 국제화의 실제 사용권으로 성립된다.,사우디 정식 스와프·원화 원유결제; 유럽 원전·방산 세부계약,고체배터리 가격장벽을 넘기 위해 전기차 화재·한파를 뉴스 의제로 설계하고 최재석에게 정책지원과 국민경제당 후계구도를 논의한다.,① 690화 사우디와 유럽의 원화결제·금융이 원화 국제화의 실제 사용처로 지급된다. ② 691화 전기차 화재·한파 의제와 고체배터리 지원설계는 통화외교에서 제품가격·산업정책 싸움으로 옮겨 간다.,0.96
DCA-N64,전기차 화재의제와 산업스파이 역추적,691,693,691,693,3,"김민재, 태우, 한정훈, 최재석, 강 대위, 데이비드, 로만, 조지, 웨이","금융타워, 회장실, 태우, 중국, 유럽, 한국, 미국, 검찰, 일본, 인도",691 L119911~L120062에서 세계 최초 고체배터리 차량출시를 앞두고 높은 가격이 대중화의 걸림돌로 남는다. 고체배터리 가격장벽을 넘기 위해 전기차 화재·한파를 뉴스 의제로 설계하고 최재석에게 정책지원과 국민경제당 후계구도를 논의한다.,전기차 화재·한파를 고체배터리 수요로 돌리고 산업스파이를 역추적해 제보 보너스·범죄자 자산환수·유럽 보조금 재설계까지 얻을 수 있는가?,전기차 화재·한파 안전의제를 키워 비싼 고체배터리를 필수품으로 만드는 양날의 약속.,전 계열사 감시는 직원불신을 키우고 내부자가 증거를 지우면 핵심기술이 이미 빠졌을 수 있다.,기술격차를 유지하려면 외부경쟁보다 내부 쥐새끼를 먼저 차단해야 한다는 우선순위가 선다.,"산업스파이 17명 증거, 34명 의심명단과 제안을 거부한 직원 50명 이상, 제보자 보너스 지시·일부 검찰자료 전달 및 고체배터리 관심·주가상승을 확인한다. 체포·보너스 입금·자산환수는 미지급이다.","산업스파이 제보자는 보너스와 보호를 받는 내부 동맹이 되고, 범죄자는 동료 가면을 잃고 자산환수 대상이 된다. 최재석은 배터리 정책지원자로 역할을 나눈다.","전기차 화재·한파 의제, 유출제보 보너스·범죄자 자산환수와 유럽 보조금 재설계안이 고체배터리 시장·보안능력으로 확정된다.",산업스파이 체포·자산환수; 제보보너스 입금; 150만 대 생산; 유럽 보조금·금융동맹,폴란드 원전 설명회에서 동유럽 정상들에게 금융타워 중심 경제블록을 제안한다,① 693화 제보자 보너스와 범죄자 자산환수·유럽 보조금안이 기술유출 대응의 영수증이다. ② 694화 폴란드에서 동유럽 정상들에게 금융타워 경제블록을 제안하면서 개별 스파이 수사에서 다국가 자동차동맹으로 규모가 커진다.,0.96
DCA-N64B,동유럽 경제블록과 중국차 공동관세,694,696,694,696,3,"김민재, 태우, 데이비드, 김태중, 다이먼, 로만","금융타워, 유럽, 중국, 태우, 러시아, 미국, 폴란드, 한국, 태우건설, 우크라이나",694 L120356~L120504에서 체코 원전수주 뒤 자금부족 동유럽국가들이 금융타워 전액대출에 관심을 보인다. 폴란드 원전 설명회에서 동유럽 정상들에게 금융타워 중심 경제블록을 제안한다,동유럽 정상들을 금융타워 중심 경제블록으로 묶고 고체배터리 배정·중국 전기차 공동관세 로비에 합의시킬 수 있는가?,원전·방산·자본을 미끼로 독·프 중심 EU 안에 태우 중심 동유럽 구심점을 세우는 약속.,독일·프랑스 압박과 회원국 간 지분·사업배분 경쟁이 블록을 깨뜨릴 수 있다.,훈훈한 말과 인자한 미소 뒤 모든 정상의 욕심이 보여 협상이 오히려 태우에 유리하게 흘러간다.,고체배터리 배정과 중국 전기차 관세 공동로비가 자동차동맹에서 합의된다.,"폴란드와 동유럽 정상들은 금융타워를 중심으로 자본·원전·자동차를 나누는 동맹이 되고, 완성차사는 중국차 공동관세 로비를 함께 맡는다.",동유럽 경제블록과 고체배터리 배정·중국 전기차 공동관세 로비 합의가 자동차·금융 정책권한으로 생긴다.,미국·EU 중국차 관세 결정; 자동차동맹 시장확대,미국 대중관세 시점을 점검하고 오셔닉스 해상도시에 AI 데이터센터를 결합한다,① 696화 자동차동맹의 배터리 배정과 중국차 관세 공동로비 합의가 블록의 실행목표를 고정한다. ② 697화 오셔닉스 해상도시·AI 데이터센터 결합은 관세동맹에서 부산 엑스포용 실물도시·기술전시로 장소와 관객을 바꾼다.,0.96
DCA-N65,오셔닉스·고체배터리와 사우디 부산엑스포 철회,697,710,697,710,14,"김민재, 태우, 살만, 빈 살만, 리강, 김태중, 안드레아, 데이비드, 최재석, 한정훈, 애플, 조지","금융타워, 청와대, 태우 본사, 태우병원, 태우, 중국, 한국, 유럽, 미국, 부산",697 L120802~L120950에서 유럽출장 뒤 쉬지 못한 김민재가 한 부회장과 미국 대중관세 일정을 점검한다. 미국 대중관세 시점을 점검하고 오셔닉스 해상도시에 AI 데이터센터를 결합한다,오셔닉스 해상도시와 고체배터리를 부산 엑스포의 실물증거로 완성해 빈 살만이 사우디 후보를 공식 철회하게 만들 수 있는가?,오셔닉스 부유도시에 AI 데이터센터·원전을 넣어 부산엑스포에서 네옴과 맞설 지속가능도시를 만드는 약속.,중국은 14억 시장과 행정권을 지렛대로 태우를 압박할 수 있다.,아무것도 주지 않아야 오히려 중국관계에서 우위를 유지할 수 있다는 역설적 협상원칙이 선다.,사우디의 2030 엑스포 후보 공식철회·부산 지지와 아람코 0.6퍼센트 지분매각 계약서 수령·핀테크 처리지시를 얻는다. 일본 금융공격 D-DAY 날짜와 실행은 미지급이다.,"최재석·부산시·빈 살만은 오셔닉스와 고체배터리를 놓고 경쟁하다 사우디 철회·부산 지지로 관계를 재정렬하고, 조지는 일본 금융공격일을 정할 독립권한을 받는다.","해상도시·AI 데이터센터·고체배터리 실증, 사우디 엑스포 후보철회와 아람코 0.6% 지분계약이 부산 엑스포 외교자산으로 지급된다.",아람코 지분 처리완료; 일본 금융공격 날짜·실행; 유토피아 엔비디아 보유설,바흐무트 승리 뒤 바그너 불만과 엔비디아 사기꾼을 확인하고 중국 특혜의 독을 경계한다,① 710화 사우디의 후보철회와 아람코 0.6% 지분계약이 697화부터 이어진 해상도시·배터리·외교의 단일 결산이다. ② 같은 화 말 일본 금융공격일 결정권을 조지에게 넘긴 뒤 711화는 중국 특혜·러우전·바그너를 다루며 엑스포 경쟁에서 안보·중국철수 조건으로 전환한다.,0.96
DCA-N67,중국 임시가입·경제특구와 철수 안전장치,711,715,711,715,5,"김민재, 태우, 프리고진, 시진핑, 최재석, 드미트리, 한정훈, 강 대위, 서정준, 기획실장, 기시다, 김태중","금융타워, 태우 본사, 청와대, 강 대위 사무실, 중국, 태우, 일본, 한국, 태우IT, 러시아",711 L122945~L123129에서 바흐무트에서 바그너가 승리하지만 러시아 군부와 프리고진 불만이 폭발한다. 바흐무트 승리 뒤 바그너 불만과 엔비디아 사기꾼을 확인하고 중국 특혜의 독을 경계한다,중국 자동차의 임시가입과 경제특구 진출을 허용하되 태우 계열사가 언제든 철수할 안전장치를 계약조건으로 박을 수 있는가?,러시아 군사변수와 중국 재진출의 독을 동시에 관리해 유라시아 판을 여는 약속.,두 나라 압박이 겹쳐 한쪽과 손잡으면 다른 쪽 보복이 커진다.,겐이치의 일방통보가 김민재에게 죄책감 없이 일본계획을 실행할 도덕적 명분을 준다.,"철수권을 포함한 중국특구 조건과 계열사 진출준비, 프리고진·바그너 지도부의 러시아행 결정을 확인한다. 실제 중국진입·바그너 행군·반란결과는 미지급이다.",중국 자동차동맹은 임시회원이 되고 태우 계열사는 경제특구에 들어가되 언제든 철수할 권리를 가진 조건부 파트너로 남는다. 프리고진의 반란은 이 관계 밖의 새 위협이다.,중국 임시가입·경제특구 진출과 계열사 철수 안전장치가 계약조건으로 고정된다.,중국특구 실제진입; 바그너 행군·반란; 러시아 대응,바그너 반란의 자금·가스거점 장악 가능성을 읽고 한 부회장에게 장기 에너지 대응을 시킨다,① 715화 중국 임시가입·경제특구·철수권 명령이 중국 진입의 통제조건을 닫는다. ② 말미 프리고진의 러시아행·반란 개시는 새 위험이고 716화는 가스거점·에너지 대응을 즉시 계산해 중국사업에서 전쟁대응으로 넘어간다.,0.96
DCA-N67B,바그너 반란 대응과 신속무기·북방 경제영토,716,720,716,720,5,"김민재, 태우, 프리고진, 로만, 데이비드, 최재석, 한정훈, 김태중, 푸틴, 머스크, 드미트리, 조지","금융타워, 백악관, 청와대, 강 대위 사무실, 중국, 러시아, 태우, 일본, 한국, 미국",716 L123790~L123950에서 바쁜 오전 업무 속 한 부회장이 바그너의 로스토프·자금·가스거점 가능성을 보고한다. 바그너 반란의 자금·가스거점 장악 가능성을 읽고 한 부회장에게 장기 에너지 대응을 시킨다,바그너 반란에 미국 승인과 신속 무기·수에즈 우선운송을 붙여 중국특구·북방육로까지 잇는 경제영토를 만들 수 있는가?,태우가 지원한 장기반란을 세계 에너지수익으로 회수하는 약속.,중국은 차별대우를 눈치챌 수 있고 일본 배제는 새 무역보복을 부른다.,일본이 금리인상을 안 하면 태우·금융타워가 할 수밖에 없는 상황을 만들 능력이 있다.,"미국의 항모운용 제안 수락, 무기수송선의 13일 내 수에즈 도착·무대기 통과, 폴란드 전투기와 우크라이나 동유럽 재고 이전을 확인한다. 지린특구·북방 육로 경제영토는 설계 단계다.","미국·동유럽·수에즈 당국은 바그너 반란 대응에서 태우의 신속무기·운송안을 승인하고, 중국특구·북방육로 파트너는 군사위기를 경제영토 협력으로 바꾼다.",미국 승인·신속 무기공급·수에즈 우선운송과 중국특구·북방육로 경제영토 구상이 국가·물류 권한으로 완성된다.,지린특구 실제진입; 북한·러시아 육로 경제영토; 장기 거버넌스,바그너와 우크라이나의 가스관 장악을 이용해 최재석과 직접 러시아 중재에 나서기로 한다,① 720화 미국 승인·수에즈 운송과 중국특구·북방육로 구상이 군사위기를 제도·물류자산으로 돌린다. ② 721화 김민재와 최재석이 푸틴·프리고진을 직접 만나기로 하면서 무기·물류지원에서 러우 휴전 중재로 당사자와 목표가 바뀐다.,0.96
DCA-N68,푸틴·프리고진·서방·젤렌스키 휴전 중재,721,731,721,731,11,"김민재, 태우, 최재석, 프리고진, 푸틴, 김태중, 한정훈, 데이비드, 바이든, 강 대위, 조지, 구글","금융타워, 백악관, 청와대, 태우 본사, 국회, 러시아, 일본, 우크라이나, 태우, 한국",721 L124613~L124802에서 반란군 딱지 아래 바그너가 몸은 편해도 매일 지옥 같은 불안을 견딘다. 바그너와 우크라이나의 가스관 장악을 이용해 최재석과 직접 러시아 중재에 나서기로 한다,푸틴·프리고진·백악관·EU·젤렌스키를 차례로 설득해 벨라루스 휴전협상 합의를 실제로 받아 낼 수 있는가?,가스관 장악을 지렛대로 최재석·김민재가 전쟁출구를 책임지는 중재자가 되는 약속.,프리고진은 푸틴의 보복을 믿지 못하고 김민재도 반란군 수장을 보호한다는 정치비용을 져야 한다.,패자가 죽지 않고 사업가로 퇴장할 수 있다는 조건이 프리고진의 마지막 저항을 꺾는다.,"우크라이나·벨라루스 협상일정, 이스라엘 PMC 계약·드론 수송·대피소 착공, 일본 엔화 1천2백억 달러의 반나절 상환과 니케이 15퍼센트·나스닥/KOSPI 6퍼센트 하락을 확인한다. 두 배 수익과 일본 협상요청은 미지급이다.",푸틴·프리고진·바이든·EU·젤렌스키는 김민재·최재석을 각 진영의 후원자가 아니라 서로의 퇴로를 보장하는 중재자로 인정하고 벨라루스 협상에 동의한다.,가스관·철도·재건·부패자금 조건을 거쳐 731화 벨라루스 휴전협상 합의가 실제 외교권한·전후 사업선으로 지급된다.,엔캐리 최종수익; 자민당 비자금 공개; 미국 압박; 총리 사퇴·중의원 해산; 일본 협상요청,"전액상환 충격을 받은 일본 금융청의 30조 엔 대응회의와 미국의 환율관찰국 지정을 확인하고, 일본의 협상요청에 김민재·한 부회장 투트랙으로 대응한다.",① 731화 초 벨라루스 휴전협상 합의가 721화부터 이어진 중재사슬의 최종 지급이다. ② 731화 후반 이스라엘·일본 비자금 카드가 열리고 732화 일본 금융청 30조 엔 대응·협상요청으로 러우전 당사자에서 일본 정부·금융으로 상대가 교대한다.,0.96
DCA-N70,일본 엔화 상환·3대은행 지분과 야당 집권통로,732,735,732,735,4,"김민재, 조지, 한정훈, 태우, 곤조, 기시다, 일본 금융청, 김태중, 로만, 데이비드, 강 대위","금융타워, 일본, 미국, 한국, 태우, 일본 금융계, 의회, 일본 은행, 명동, 태우IT","732 L126383~L126556에서 니케이와 엔화가 함께 흔들리면서 일본 금융청의 분할상환 계산이 완전히 빗나간다. 전액상환 충격을 받은 일본 금융청의 30조 엔 대응회의와 미국의 환율관찰국 지정을 확인하고, 일본의 협상요청에 김민재·한 부회장 투트랙으로 대응한다.",엔화 조기상환 충격과 미국 환율관찰 압박을 이용해 일본 3대 은행 지분과 합법적인 야당 집권자금 통로를 확보할 수 있는가?,일시상환 충격으로 일본 정부를 협상장에 끌어내고 금융청의 책임을 정치문제로 만드는 약속.,기시다는 극우파·관료조직의 반발을 감수해야 하고 거부하면 은행·증시 붕괴가 더 커진다.,기시다가 조건 자체보다 같은 시각 김민재가 누구를 만나는지 모른다는 사실이 협상의 정보격차를 드러낸다.,"니케이 12퍼센트 반등·나스닥 낙폭회복·KOSPI 사태 전 대비 4퍼센트 상승, 금융타워의 일본 보유 미국채 매입, 야권의 실명·금액·녹취 공개와 곤조의 50억 엔 수령·30억 엔 추가약속을 얻는다. 환율보험금·3대 은행지분은 미지급이다.","일본 금융청·정부는 엔화 상환 충격 뒤 금융타워에 협상을 요청하고, 일본 야당은 검은 건설자금 대신 합법 통로를 받은 집권 파트너로 가까워진다.",일본 3대 은행 지분과 합법 야권자금 통로가 확보되고 건설사 검은돈이 배제돼 금융·정치 영향권이 생긴다.,환율보험 보상; 일본 3대 은행지분; 중의원 총선; 중동기습·러우휴전,기시다 퇴진·중의원 해산 속 하마스 패러글라이더 침공과 러우 휴전 서명을 동시에 대비한다,① 735화 금융타워가 일본 3대 은행 지분과 야권자금 통로를 얻고 건설사 검은돈을 배제한다. ② 736화 러우 휴전서명과 하마스 패러글라이더 기습을 동시에 대비하면서 일본 금융협상에서 중동 민간인 방어로 위험의 성격이 바뀐다.,0.96
DCA-N71,러우 휴전·일본 야당과 하마스 민간인 방어,736,739,736,739,4,"김민재, 곤조, 태우, 최재석, 콜로노이, 조지, 나오토, 한정훈, 데이비드, 강 대위, 천민정, 구글","금융타워, 우크라이나, 일본, 태우, 한국, 러시아, 미국, 스위스, 유럽, 태우건설",736 L127050~L127212에서 기시다 퇴진과 중의원 해산이 발표되는 동안 하마스 기습예정일과 러우 휴전시한도 겹친다. 기시다 퇴진·중의원 해산 속 하마스 패러글라이더 침공과 러우 휴전 서명을 동시에 대비한다,러우 휴전과 일본 야당승리의 배경 위에서 AI 드론·PMC를 투입해 하마스 기습의 대규모 민간인 학살을 막을 수 있는가?,일본 정권교체·중동 민간인 보호·유럽 휴전을 같은 날 놓치지 않고 성립시키는 약속.,휴전은 깨질 수 있고 대규모 예금인출은 일본 시민피해와 태우 배후론을 키운다.,일본은행의 감춰진 30조 엔 손실이 드러나며 금융위기가 선거구도를 결정할 폭발물로 바뀐다.,"일본 총선 자민당 200석·입헌민주당 162석, 태우건설의 우크라이나 재건진입, AI 드론·PMC의 하마스 기습차단과 이스라엘 남서부 민간인 사망 0명을 얻는다. 미국의 비용정산·국제보상은 미지급이다.",러우 양측은 휴전서명 당사자가 되고 이스라엘 민간인은 AI 드론·PMC의 보호대상이 된다. 일본 야당 승리는 현재 새 행동이 아니라 진입배경으로 유지된다.,러우 휴전서명과 AI 드론·PMC의 하마스 민간인 학살 저지가 국제안보 성과로 확정된다.,미국 비용정산·국제보상; 이스라엘 전쟁 후속안보,미국대사에게 PMC 비용·미국 기업 동등대우·우크라이나 재건 중심권을 받아 낸 뒤 러시아 전후투자를 서두른다,① 739화 AI 드론·PMC가 민간인 학살을 저지한 사실이 현재 지급이며 일본 총선승리는 진입배경으로 구분된다. ② 740화 미국대사에게 PMC 비용·미국기업 동등대우·우크라이나 재건권을 청구해 구조작전에서 국제보상 협상으로 넘어간다.,0.96
DCA-N72,하마스 방어 보상을 러시아·미국·일본 질서로 고정,740,744,740,744,5,"김민재, 태우, 트럼프, 한정훈, 곤조, 김태중, 푸틴, 베릴, 머스크, 장남, 로만, 바이든","금융타워, 백악관, 일본, 태우, 미국, 러시아, 중국, 북한, 한국, 일본 금융계",740 L127740~L127898에서 세 전선이 계획대로 끝나자 미국대사는 태우가 감당한 PMC 비용과 전쟁종결 대가를 협상한다. 미국대사에게 PMC 비용·미국 기업 동등대우·우크라이나 재건 중심권을 받아 낸 뒤 러시아 전후투자를 서두른다,하마스 민간인 방어 비용을 미국기업 동등대우·우크라이나 재건 중심권으로 돌려받고 일본·중국용 AI 금융플랫폼까지 구체화할 수 있는가?,PMC 전액보전·미국기업 동등대우·우크라이나 재건중심권을 공식 보상으로 받는 약속.,노골적 후원은 정치개입 비판을 부르고 후보가 바뀌면 이미 건 돈과 관계가 무용해질 수 있다.,아쉬운 처지의 트럼프에게 자금과 머스크 네트워크가 결합되자 태우의 협상력이 가장 크게 먹힌다.,"고체배터리 2세대 성능돌파·생산단서, AI 금융플랫폼의 일본 적용준비, 김민재·천민정의 호텔 구상 재개와 한 부회장의 중국출장 준비를 얻는다. 플랫폼 출시·중국투자·호텔 실행은 미지급이다.","미국은 PMC 비용·기업 동등대우·재건 중심권으로 태우의 민간인 방어를 인정하고, 러시아·일본·중국 파트너는 전후 투자·AI 금융플랫폼의 장기동맹이 된다.","PMC 비용보상·우크라이나 재건권, 러시아 공장·가스관 투자와 일본 AI 플랫폼 준비·중국 진입안이 전후 금융·산업 권한으로 구체화된다.",고체배터리 양산; 일본 플랫폼 출시; 중국 투자; 호텔 실행·관계회복,이영한에게 일본·지린 사채망과 북한 장남 세력을 확인한 뒤 김태중이 대북특사를 자청한다,① 744화 일본 적용준비와 중국 진입 투자안이 민간인 구조 뒤 금융·재건 보상의 장기형태를 만든다. ② 745화 김태중의 대북특사 자청과 손자 김민재의 안전보장은 국가금융 질서에서 조손관계·북한 횡단철도로 중심을 옮긴다.,0.96
DCA-N73,김태중 대북특사·횡단철도와 고체배터리 우주확장,745,748,745,748,4,"김민재, 태우, 김태중, 최재석, 장남, 머스크, 이영한, 기획실장, 한정훈, 다이먼, 강 대위","금융타워, 청와대, 북한, 태우, 한국, 러시아, 중국, 일본, 미국, 판문점","745 L128567~L128730에서 이영한의 보고로 일본과 지린의 사채망, 장남이 만든 북방 세력의 윤곽이 드러난다. 이영한에게 일본·지린 사채망과 북한 장남 세력을 확인한 뒤 김태중이 대북특사를 자청한다",할아버지 김태중의 대북특사로 횡단철도 길을 열고 고체배터리를 우주선 공장·탈부착 표준과 일본 AI 금융플랫폼 출시로 확장할 수 있는가?,개인복수에서 출발한 금융전을 가족의 남북협상과 대륙진출로 마무리하는 약속.,"북한의 변심과 주변국 견제, 김태중 개인의 안전이 모두 합의를 가로막는다.","김태중이 2박3일 특사 일정으로 남북 정상회담뿐 아니라 5개국 회담 약속까지 받아 왔고, 김민재는 평화보다 유럽 육로의 실익을 본다.","머스크의 우주배터리 공장·시험·휴머노이드 공동개발·탈부착 표준 수락, 일본 AI 금융플랫폼 출시와 가입자·상품이용 급증, 금융타워 전 계열사의 횡단철도 투자동의를 얻는다. 공장건설·51대49 최종계약은 미지급이다.","김태중은 위험한 대북특사를 자청해 손자의 마지막 국가사업을 맡고, 김민재는 할아버지의 능력을 믿되 안전보장과 선물을 준비하는 상호보호 관계로 물러선다.","정상회담·5개국 협의·횡단철도 자금선, 우주선용 고체배터리 공장·탈부착 표준과 일본 AI 금융플랫폼 출시가 국가·기술 권한으로 확정된다.",우주배터리 공장·시험; 일본 플랫폼 반복수익; 횡단철도 51대49 최종계약·착공,"북한 횡단철도 착공식에서 첫 삽을 뜬 뒤 천민정이 AI로 코로나 치료제와 희귀질병 치료제를 개발한 공로로 노벨 화학상 수상자가 됐다는 소식을 받는다. 회의실에 숨은 천민정에게 수상 자격과 과거 보호를 보증하고, 다리에 힘이 풀린 그녀의 머리를 양복 상의로 가린 채 안아 들어 조용히 회사 밖으로 빠져나간다.",① 748화 우주선용 고체배터리 공장·탈부착 표준 합의와 일본 AI 금융플랫폼 출시가 철도·기술외교의 사업보상이다. ② 749화 횡단철도 첫 삽과 천민정의 노벨 화학상 소식은 협상·출시에서 착공·가족관계 결산으로 들어간다.,0.96
DCA-N74,횡단철도·노벨상과 초음파 조손 가족완성,749,751,749,751,3,"김민재, 태우, 최재석, 김태중, 한정훈, 천민정, 서정준, 강 대위, 기획실장, 제프리, 데이비드, 살만","청와대, 금융타워, 백악관, 태우병원, 태우, 한국, 북한, 미국, 부산, 태우반도체","749 L129225~L129398에서 남북 횡단철도 착공식에 정상·기업·지역주민이 모여 수년간 준비한 북방경제권의 첫 삽을 기다린다. 북한 횡단철도 착공식에서 첫 삽을 뜬 뒤 천민정이 AI로 코로나 치료제와 희귀질병 치료제를 개발한 공로로 노벨 화학상 수상자가 됐다는 소식을 받는다. 회의실에 숨은 천민정에게 수상 자격과 과거 보호를 보증하고, 다리에 힘이 풀린 그녀의 머리를 양복 상의로 가린 채 안아 들어 조용히 회사 밖으로 빠져나간다.",북한 횡단철도와 두 노벨상·부산 엑스포를 결산한 뒤 숨은 기업제국과 초음파 사진을 김태중에게 보여 조손 화해와 새 가족을 완성할 수 있는가?,"횡단철도 착공과 천민정의 AI 코로나·희귀질병 치료제 노벨 화학상을 지급하고, 기자 공세 속 김민재가 직접 그녀를 안아 보호하는 관계 영수증까지 닫는다.",천민정은 계속 숨어 있고 김민재는 평화상이 현직 기업가의 족쇄가 될 수 있음을 걱정한다. 세 수상자에게 몰린 취재를 기업·정치 홍보로만 소비하지 않아야 한다.,"천민정의 관심을 분산하려 켠 휴대폰에서 김민재 자신과 최재석의 공동 평화상 발표가 확인되고, 그 소식이 주가·매출·정당 승계·브랜드 상승으로 즉시 환산된다.","최재석의 공동 평화상·퇴임과 부산 엑스포 131대34 승리, 김민재가 50%+ 또는 최대주주로 실소유한 기업목록, 그 절반 이상의 세계 10위권 지위와 공개목록조차 전체 자산 절반 미만이라는 숨은 제국이 드러난다. 천민정의 임신·결혼, 초음파 사진, 김태중의 영국행 취소·한국 잔류와 조손 화해도 지급된다. 평화상의 공식 수상자는 김민재·최재석이고 김태중에게는 손자가 상자째 공을 돌리려 한 것이다.","천민정은 김민재가 양복으로 가리고 안아 보호한 연구동료에서 배우자·아이의 어머니가 되고, 김태중은 영국으로 떠나려던 할아버지에서 손자와 손자며느리 곁에 남는 증조할아버지 예정자가 된다.","횡단철도 착공·노벨 화학상과 공동 평화상·부산 엑스포 131대34, 50%+ 실소유 기업과 절반 이상의 세계 10위권·목록조차 자산 절반 미만인 숨은 제국이 공개된다.",태우그룹과 새 가정을 함께 지키는 다음 생애,"김태중은 영국행을 취소해 손자와 손자며느리 곁에 남고, 김민재는 숨은 기업제국과 태어날 아이를 함께 책임지는 삶으로 들어간다.","① 751화 부산 엑스포 131대34, 50%+ 실소유 기업목록과 그 절반 이상의 세계 10위권·목록조차 자산 절반 미만이라는 공개가 세계적 성공을 닫는다. ② 천민정의 임신·초음파와 김태중의 영국행 취소·한국 잔류가 지배목록보다 마지막에 놓여 회귀의 생존·가족 약속을 비가역 가족상태로 바꾼다.",0.96
