sequence,visible_label,title,start_line,end_line,entry_state,reader_promise,protagonist_goal,action,resistance_or_cost,turn_or_reveal,paid_reward,state_change_axis,state_change,ending_hook,closed_loops,opened_loops,arc_id,confidence
1,1화,돌아오다.,1,255,태우그룹 부도 뒤 20년을 빈곤과 복수 집착 속에 버틴 김민재가 고시원에서 각혈하며 죽는다.,17세로 돌아온 재벌 3세가 가족과 그룹을 지키고 배신자들에게 복수할 두 번째 기회를 얻는다.,김태중의 사랑받는 손자로 다시 자리 잡고 회귀와 신상명세서 능력을 감춘 채 첫 위기를 처리한다.,김택훈 앞에서 17세답게 행동하고 김태중 생일연회에서 납품가를 호소하는 협력업체 사장의 10억 원 파텍필립 시계를 폭로한다.,부모를 잃고 할아버지마저 잃었던 죄책감과 실패 기억이 남아 있으며 미성년이라 그룹 경영에 직접 개입할 수 없다.,회귀와 함께 얼굴만 보면 이름·소속·특이사항·업무 능력이 뜨는 신상명세서 능력이 생겼음이 드러난다.,협력업체 사장의 기만을 걷어 내 연회를 지키고 김태중에게 100만 달러 스위스 계좌를 입학 선물로 받는다.,관계·자원·능력,김민재와 김태중의 조손 관계가 회복되고 10억 원대 종잣돈과 인재 판별 능력이 확보된다.,통장 속 돈이 100만 원이 아니라 100만 달러라는 김태중의 말로 첫 자금 게임을 연다.,김민재의 죽음과 회귀 여부; 생일연회 훼방꾼 처리,태우그룹 부도 저지; 김태중 생존; 살생부의 배신자 복수; 신상명세서 활용,DCA-N01,0.95
2,2화,태우증권,256,497,김민재는 각종 통장에 약 70억 원이 있고 그룹 부도 당시 부채가 89조였음을 되짚는다.,미래 지식과 사람 보는 능력으로 미성년자의 용돈을 그룹을 구할 외부 자본과 인맥으로 키운다.,태우증권에서 자신의 미래 정보를 실행할 S급 투자 책임자와 A급 실무진을 확보한다.,태우증권 출입구에서 직원 능력치를 훑어 분석력 S급 한정훈과 A급 직원 세 명을 고르고 김태중에게 전담팀을 청한다.,"17세라는 나이와 직원들의 투자 놀이 취급, 김태중의 직원 동의 조건 때문에 권한과 신뢰가 부족하다.",훗날 태우증권을 인수할 전설적 투자가 한정훈이 현재는 해외주식사업부 대리로 퇴사를 고민 중이다.,김태중의 승인과 추가 10억 원을 받아 220억 원 규모의 일본 버블 붕괴 투자를 논의할 팀을 만든다.,인재·권한·자원,한정훈 등 네 명이 임시 전담팀이 되고 김민재가 220억 원의 실질 투자 의사결정자로 선다.,김민재가 일본 대출총량제 뒤 붕괴를 전제로 투자하자며 220억 원 전액을 제시한다.,전담 투자팀 선발; 김태중의 허락,일본 버블 붕괴 베팅; 한정훈의 충성 확보; 220억 원 비밀 유지,DCA-N01,0.95
3,3화,버블(1),498,722,김민재가 부모 유산까지 합친 220억 원과 아직 자신을 아이로 보는 전담팀을 마주한다.,계약과 미래 지식으로 일본 붕괴에 전액을 걸고 동시에 회사 입사 시계를 앞당긴다.,해외 법인과 성과보수 계약으로 팀을 묶고 가장 공격적인 닛케이 하락 포트폴리오를 실행한다.,홍콩 법인을 빌리고 수익 1퍼센트 보너스·실패 위로금·비밀유지 위약금을 명시한 계약을 체결한 뒤 보험·공매도 중심 3안을 선택한다.,"220억 원 전액 손실 가능성과 김태중에게 투자 규모를 숨겨야 하는 부담, 검정고시와 미국 대학 준비가 겹친다.",한정훈 팀이 닛케이 반토막 시 10배 이상을 주는 보험까지 찾아내며 투자 일 자체에 재미와 소속감을 느낀다.,"성과보수·비밀유지 계약과 보험·공매도 중심 3안 집행 지시를 확정하고, 김태중에게 다국어 실력을 증명해 검정고시와 하버드·스탠퍼드 도전을 승인받는다.",계약·교육·시간,김민재는 전담팀의 법적 고용주이자 1995년 조기 입사를 향한 교육 계획의 주도자가 된다.,검정고시 책 대신 SAT 교재를 꺼내 외환위기 3년 전 입사 계획을 본격화한다.,전담팀 계약; 검정고시 허락,일본 붕괴 수익 실현; 세계 최고 대학 입학; 1995년 태우 입사,DCA-N01,0.95
4,4화,버블(2),723,929,220억 원 전액을 일본 하락에 건 뒤 김민재는 검정고시와 투자 결과를 함께 기다린다.,실제 1990년 대출총량제와 닛케이 급락이 회귀자의 첫 대형 예측을 증명한다.,버블 수익을 현금화해 팀을 자기 사람으로 만들고 다음 걸프전 투자와 왕실 인맥을 준비한다.,"검정고시 만점 합격증을 김태중에게 보이고 사우디 동행 허락을 받은 뒤 전담팀의 예상 4,780억 원·기실현 1,210억 원을 결산하고 1퍼센트 보너스를 약속한다.",보험·증권사에서 수익을 받아 내는 데 시간이 걸리고 김태중의 세계화 확장을 정면으로 막을 권한은 아직 없다.,일본 폭락으로 팀의 의심이 충성으로 바뀌고 김민재는 이라크가 쿠웨이트를 침공할 논리를 제시한다.,"만점 검정고시, 이미 실현된 1,210억 원, 팀원당 수억 원 보너스, 사우디 왕실 접근 기회를 한꺼번에 얻는다.",돈·관계·교육,초기 자본 문제를 사실상 해결하고 전담팀이 김민재를 어린 도련님이 아닌 리더로 받아들인다.,8월 초 원유 상승에 최대 레버리지를 걸면 12배 수익도 가능하다는 계산이 나온다.,일본 버블 첫 투자; 검정고시,걸프전 원유 베팅; 사우디 인맥; 투자 수익 전액 회수,DCA-N01,0.95
5,5화,걸프전(1),930,1168,"일본 붕괴로 1,400억 원대 자본을 만든 김민재가 걸프전까지 넉 달을 앞둔다.",미래 전쟁을 돈과 국가급 인맥으로 동시에 바꾸며 미국 투자회사의 기반을 닦는다.,미국 선물거래 법인을 만들고 사우디 왕실에 결정적인 빚을 지운 뒤 원유 급등 포지션을 완성한다.,한정훈에게 사표와 미국 법인 설립을 지시하고 사우디에서 어린 무함마드 빈 살만과 놀며 살만에게 왕실 보석 절도범 끄리앙끄라이를 고발한다.,"한정훈의 퇴직 공포, 선물거래의 청산 위험, 김태중의 공격적 세계화 노선을 직접 고치지 못하는 제약이 있다.",청소기에서 실제 왕실 보석이 쏟아져 살만이 사우디 왕실의 영구 지원을 약속하고 태우건설 수주도 두 배가 된다.,사우디 왕실이라는 방패와 태우건설 추가 수주를 얻고 한정훈이 2억 달러 원유 급등 포지션을 구축한다.,국제 인맥·돈·조직,김민재가 살만 부자와 인연을 만들고 전담팀은 태우증권 밖 독립 투자회사로 이동하기 시작한다.,이라크 침공 하루 전 2억 달러를 건 한정훈에게 김민재가 다 잃어도 다시 벌면 된다고 말한다.,사우디 보석 도난 저지; 왕실 인맥 확보,걸프전 급등 수익; 미국 투자회사 정착; 김태중 세계화 리스크 완화,DCA-N01,0.95
6,6화,걸프전(2),1169,1387,이라크 침공 직전 2억 달러 원유 포지션과 미국 유학 계획이 동시에 가동된다.,전쟁 발발로 돈·인재·교육 일정이 한 번에 급상승하고 미래 배신자도 식별된다.,유가 30달러에서 수익을 확정하고 전담팀과 미국으로 옮겨 독립 회사를 세운다.,유가가 하루 만에 두 배 뛰자 30달러 매도를 지시하고 장수영의 미래 배신을 기억한 뒤 김태중에게 전담팀 동행 미국 유학을 설득한다.,김태중은 17세 손자의 단독 미국행을 걱정하고 장수영처럼 현재 충신인 미래 배신자를 당장 처벌할 근거는 없다.,유가 거래가 20억 달러·약 1.4조 원 수익으로 끝나고 네 명이 한정훈의 미국 법인 SAVE로 완전히 이직한다.,"1.4조 원과 한정훈의 절대적 신뢰, 미국 저택·호위·최고 입시진을 확보한다.",돈·조직·관계·장소,전담팀이 태우증권 소속 임시 교사에서 SAVE 핵심 직원으로 바뀌고 김민재의 활동 무대가 미국으로 옮겨진다.,미국 법인의 이름을 태우그룹과 김태중을 지킨다는 목적을 새긴 SAVE로 확정한다.,원유 상승 수익; 미국 유학 허락; 전담팀 이직,미국 참전 뒤 유가 하락 베팅; SAVE 확대; 장수영 감시,DCA-N01,0.95
7,7화,걸프전(3),1388,1608,SAVE가 20억 달러를 쥐고 네 명의 한국인 핵심 직원과 미국에서 새 출발한다.,첫 결산을 조직 확장과 두 번째 걸프전 베팅으로 재장전해 우연이 아닌 체계를 만든다.,성과 차등 보상을 도입하고 월가 인재를 채용한 뒤 미군 참전 시 유가 폭락을 공매도한다.,네 명에게 각 35억 원을 지급하고 A급 20명과 친화력 S급 한 명을 사진 능력치로 뽑아 25명 회사를 만든 뒤 1991년 1월 17일 전 직원으로 원유 공매도를 건다.,"월가 시스템 부재와 고액 연봉, 20억 달러 증거금 청산 위험, 베트남전 기억 때문에 직원들이 미군의 신속 승리를 믿지 못한다.",사막의 폭풍 작전과 F-117·B-52·토마호크 공습이 이라크를 하루 만에 초토화하며 김민재의 하락 논리를 증명한다.,"SAVE 인력 25명과 실적 경쟁 보상 체계, 세계 최고 인재 풀, 두 번째 유가 수익 직전의 우위를 얻는다.",조직·돈·능력,SAVE가 개인 전담팀에서 공격적 월가 투자회사로 변하고 김민재의 미래 지식이 연속 승리로 검증된다.,이라크 폭격 영상이 전파를 타는 순간 유가가 실제로 흔들리기 시작한다.,초기 네 직원 보너스; SAVE 1차 채용,유가 공매도 결산; 다음 시대 투자처; 미국 대학 입학,DCA-N01,0.95
8,8화,제프리(1),1609,1815,사막의 폭풍 작전 직후 SAVE가 20억 달러를 원유 하락에 걸었고 김민재는 미국 입시와 회사를 병행한다.,걸프전 최종 수익을 다음 IT 시대의 기업과 세계적 경영 인재 선점으로 전환한다.,유가 공매도를 안전하게 청산하고 인터넷 금융사 D.E의 제프리를 SAVE로 빼 온다.,유가 18달러 청산을 지시해 100억 달러를 번 뒤 D.E 인수 제의를 던지고 거절되자 친화력 S급 데이비드에게 제프리 포함 14명 스카우트를 맡긴다.,거액 청산을 따라붙는 세력 때문에 기대 수익을 포기했고 D.E 대표 리처드는 미래 성장성을 믿어 인수를 거절하며 제프리는 회사에 충성한다.,데이비드가 일주일 만에 14명 중 13명을 데려오고 김민재는 S급 능력 세 가지를 지닌 미래 세계 부자 1위 제프리와 직접 대면한다.,걸프전 하락 베팅에서 100억 달러·약 7조 원을 확정하고 SAVE가 월가의 인재 유출을 일으킬 채용력을 증명한다.,돈·조직·평판,김민재의 자본이 1997년까지 버틸 기반으로 커지고 SAVE가 선물 회사에서 IT 창업·지분 투자 회사로 방향을 넓힌다.,제프리를 낚기 위해 평범한 연봉 제안이 아닌 거대한 미래 사업 아이디어를 던져야 한다.,걸프전 유가 공매도; D.E 직원 13명 영입,제프리 영입; 인터넷 사업 투자; 1997년 외환위기 전 자본 성장,DCA-N01,0.95
9,9화,제프리(2),1816,2017,D.E 핵심 13명은 넘어왔지만 제프리만 SAVE 이직을 거부한 채 김민재와 면담한다.,미래 거인의 원래 아이디어를 정확히 건드려 사람을 선점하고 그 능력을 조직 수익으로 보상받는다.,아마존식 선순환과 메기를 미끼로 제프리를 영입하고 과로로 이탈할 SAVE 인재를 성과보수로 붙든다.,냅킨에 고객·셀러·상품·낮은 비용의 선순환을 그려 창업 전액 지원을 약속하고 제프리에게 부사장 전권을 준 뒤 투자 수익의 20~30퍼센트를 직원 성과보수로 책정한다.,제프리가 대표가 고교생 나이임을 뒤늦게 알고 경직되고 직원들을 기계처럼 굴려 네 증권맨과 A급 인재들의 사표 위험이 커진다.,제프리 투입 한 달 만에 김민재 주도 외 투자의 수익이 최소 30퍼센트 늘고 채찍은 제프리·당근은 김민재라는 조직 운영이 정착한다.,제프리·메기와 D.E 프로젝트팀을 통째로 얻고 SAVE의 독자 투자 생산성과 SAT 상위 2퍼센트 성적을 확보한다.,인재·조직·교육,SAVE에 세계적 경영자와 성과보수 체계가 결합되고 김민재는 태우 도움 없이도 대학 외부활동을 만들 위치에 선다.,태우그룹 붕괴의 시발점인 퀀텀펀드가 영국 파운드화 공매도 동참을 제안한다.,제프리·D.E팀 영입; SAVE 보상 갈등,퀀텀펀드와의 동맹 여부; 파운드 공매도; 대학 추천서,DCA-N01,0.95
10,10화,제프리(3),2018,2167,"김민재는 외환위기 원흉 퀀텀펀드와 손잡을지, 감정 대신 그룹 생존 자금을 택할지 결정해야 한다.","복수 대상의 힘까지 이용해 영국을 공격하고, 퀀텀 장기동맹·추천서 작성 약속·독자 운용자금을 얻는 첫 월가 결산.",파운드 공매도에 유리한 조건으로 참여하고 조지와 장기 동맹을 맺어 SAVE를 자율 운영 체계로 만든다.,"다니엘과 ERM 허점을 논쟁하며 10억 달러 선투자·조지 면담 조건을 제시하고, 조지에게 리라화 다음 공격까지 예측해 60억 달러 투자와 모든 전쟁의 동맹을 약속한다.","영국 정부와 싸우는 60억 달러 위험, 구두 동맹의 취약성, 대학 진학 후 김민재가 회사에 매달릴 수 없는 시간 비용이 있다.","조지가 자신과 짐의 대학 추천서를 써 주겠다고 약속하고, 한정훈은 퀀텀 자료에서 1,100억 달러가 이미 영국을 그로기 상태로 몰았다고 판단한다.","퀀텀펀드의 모든 통화전쟁 장기동맹과 파운드 공격 60억 달러 공동투자 조건, 조지·짐의 추천서 작성 약속, 남은 40억 달러 운용 여력을 얻는다. 추천서 원본과 파운드 붕괴 수익은 아직 미지급이다.",동맹·평판·교육·돈,SAVE는 월가의 신생 회사에서 국가 통화 공격 연합의 정식 동맹이 되고 한정훈·제프리가 각 투자 축을 맡는다.,"한정훈이 파운드 TF·퀀텀 대화 채널을 맡고, 대학에 갈 김민재는 굵직한 투자·영입만 직접 챙기는 SAVE 자율운영을 실제로 버티게 할 수 있는가?",제프리 영입·SAVE 운영축; 퀀텀 장기동맹·60억 달러 투자 합의; 조지·짐의 추천서 작성 약속,추천서 실제 수령; 영국 파운드화 붕괴·보험금; 대학 입학·조기졸업; 제프리의 IT 투자,DCA-N01,0.95
11,11화,인재 모집(1),2168,2352,1992년 SAVE는 제프리의 40억 달러를 48억 달러로 키울 만큼 안정됐고 김민재는 1년 6개월 만에 귀국한다.,하버드 합격이라는 가족 보상을 받고 기업 밖 장기 지지망을 직접 만들 첫 조직 권한을 얻는다.,김태중의 대선 출마 유혹을 끊고 태우그룹을 태풍에도 버틸 장학생·지지세력 양성 기관을 만든다.,하버드 경제학과 합격증을 김태중에게 보여 준 뒤 강준기 의원의 신민국당 영입 제안을 상속세·언론 검증·5년 임기 논리로 말리고 YS와 DJ 양쪽 지원을 권한다.,김태중은 군사정권에 시달린 기억 때문에 대통령 권력에 흔들리고 장학생은 즉시 수익이 없어 큰돈을 쓰기 꺼린다.,김민재가 장학재단 기부금 유치와 운영을 자청하자 김태중은 조직 운영의 어려움을 배워 보라며 사실상 첫 경영 시험을 허락한다.,"김태중의 식탁 환대와 하버드 합격 축하, 대통령 출마 철회, 태우그룹 장학재단 설립 승인을 얻는다.",가족·교육·권한·정치,김민재가 자랑스러운 손자를 넘어 김태중의 정치·경영 판단에 영향을 주고 독립 조직을 맡을 후계자로 이동한다.,김태중이 장학재단을 만들어 주며 김민재가 돈과 조직의 무게를 직접 느껴 보라고 한다.,하버드 입학; 김태중 대선 출마 차단,장학재단 운영; YS·DJ 연결; 장기 지지망 구축,DCA-N01B,0.95
12,12화,인재 모집(2),2353,2512,김민재는 200억 원 운영금과 태우그룹 직원 20명이 배정된 장학재단 이사장이 된다.,선행처럼 보이는 장학·창업 지원을 미래 핵심 인재와 공직 라인을 선점하는 제국 기반으로 바꾼다.,능력치 높은 학생·청년과 비주류 공직자를 장학금·창업금·SAVE 펀드로 장기 결속한다.,성적 상위 5퍼센트 빈곤 학생 사진을 직접 심사하고 SAVE 돈으로 청년 창업을 지원하며 한정훈·데이비드에게 검찰·경찰·공무원 명단을 펀드에 가입시키라 한다.,재단 200억 원은 장학·창업을 장기 지속하기 부족하고 학연·지연 없는 비주류 인재는 한국 조직에서 밀릴 가능성이 크다.,기존 권력 라인을 후원하는 대신 태우가 라인 없는 유능한 사람들의 새 라인이 되고 펀드 수익을 노후 안전망과 충성 축적 장치로 쓰기로 한다.,"재단 독립 보고권과 직원 20명, 장학·창업 선발 자료, 월가의 SAVE 명성을 활용한 공직자 펀드 모집 체계를 확보한다.",조직·인재·정치망·돈,장학재단이 단순 기부 기관에서 김민재가 직접 운영하는 인재·창업·공직 네트워크 허브로 바뀐다.,데이비드가 80명 이상을 모으면 50만 달러를 받는 성과계약 아래 한국 공직자 영입에 착수한다.,장학재단 설립·권한 확정,장학생 선발; 청년 창업; 공직자 펀드 라인; 기부금 조달,DCA-N01B,0.95
13,13화,인재 모집(3),2513,2676,재단이 학생 100명에게 약 3억 원을 지급했고 김민재는 연 40억 원까지 쓰겠다고 김태중에게 보고한다.,겉으로 숨긴 SAVE의 성과를 기부금 연극으로 부분 공개해 김태중의 후계자 인식을 바꾼다.,재단 자금을 보충하면서도 자신이 월가가 인정한 인물임을 김태중과 김택훈에게 단계적으로 각인시킨다.,SAVE의 100억 원을 퀀텀펀드 명의 기부금으로 꾸미고 김태중의 조사를 유도하며 한정훈·퀀텀 관계자에게 미리 맞춘 걸프전 에세이·인턴 설명을 제공한다.,김태중은 하청업체 착취와 월가가 손자를 미끼로 태우를 노릴 위험을 의심하고 김택훈은 직접 미국까지 가 사실을 검증한다.,김택훈의 조사 결과 김민재가 먼저 퀀텀에 접근해 걸프전·유가 전망으로 인정을 받았다는 서사가 확인되어 김태중이 감시 대신 신뢰를 택한다.,"100억 원 기부금, 김태중·김택훈의 능력 인정, 장학금 지속 자금과 공직자 펀드 가입자 약 30명을 얻는다.",가족 신뢰·돈·정치망,김민재는 보호받기만 하는 미성년 손자에서 월가가 100억 원 가치를 매긴 후계자로 김태중 인식 속 위치가 올라간다.,펀드 가입자는 훗날 수익이 수십·수백 배가 되면 SAVE와 김민재의 황금 동아줄임을 알게 된다.,재단 1차 장학 지급; 기부금 출처 검증,펀드 라인 확대; 추가 후계자 각인 연극; 장학생·창업자 성장,DCA-N01B,0.95
14,14화,인재 모집(4),2677,2851,SAVE 펀드 가입자가 80명을 넘고 김민재의 귀국 중 장학·공직 라인 구축이 자율화된다.,한국 인재망을 미국·러시아 정치 권력과 파운드 승리로 확장하고 동시에 월가 동맹의 배신성을 드러낸다.,클린턴과 푸틴의 가장 약한 시점에 자금을 심고 파운드 수익을 받은 뒤 조지의 프랑화 함정을 역이용할 결정을 내린다.,데이비드에게 클린턴 1천만 달러·푸틴 500만 달러 지원을 맡기고 하버드 조기졸업용 7인 대필·기출 분석팀을 둔 뒤 SAVE에서 조지와 영국 공격을 정산한다.,"미국인이 KGB 출신 푸틴에게 접근하는 위험과 대학 성적을 돈으로 사는 도덕적 비용, 조지가 동맹들을 프랑화 매수에 끌어들인 뒤 팔아치울 함정이 있다.",60억 달러 파운드 투자가 50퍼센트·30억 달러 수익으로 끝나지만 김민재는 조지의 다음 마르크 매도·프랑 매수 제안이 월가 뒤통수치기임을 알아챈다.,"공직 펀드 80명 이상, 클린턴·푸틴 미래 연결 착수, 파운드 수익 30억 달러와 하버드 조기졸업 지원팀을 얻는다.",국제 정치망·돈·교육·동맹,장학재단 기반 인재망이 한국 공직자에서 미국 대통령 후보·러시아 정치인까지 넓고 SAVE 현금도 30억 달러 늘어난다.,김민재가 한정훈·제프리에게 조지의 배신을 자신만 안다고 밝히며 어떤 선택을 할지 묻는다.,공직 펀드 80명; 파운드화 전쟁,조지의 프랑화 함정 역공; 클린턴·푸틴 유대; 하버드 조기졸업,DCA-N01B,0.95
15,15화,칼춤(1),2852,3024,조지의 프랑화 함정을 간파한 SAVE와 하버드 입학을 앞둔 김민재가 다음 금융·인재 전략을 정한다.,월가의 배신은 조용히 돈으로 바꾸고 3년을 건너 태우그룹 내부 수술을 시작한다.,퀀텀과 정면충돌하지 않고 수익을 얻으며 미래 기술·정치 인맥을 심은 뒤 조기졸업해 태우에 입사한다.,20억 달러 한도로 조지 발언의 반대 포지션을 잡고 제프리에게 아마존 이름과 창업 전액 지원을 제안한다. 배터리 교수 프로젝트 자료는 데이비드에게 건네 원하는 자금을 지원하고 능력껏 최대 지분을 협상하라고 지시한다.,월가 전체의 미움을 살 수 있어 퀀텀을 먼저 배신할 수 없고 대학 4년은 외환위기까지 남은 시간을 갉아먹는다.,푸틴이 `I NEVER FORGET IT`을 보내고 3년 뒤인 1994년 말 김민재가 하버드를 조기졸업해 귀국한다.,"푸틴의 감사 메시지, 하버드 3년 조기졸업, 귀국 뒤 김태중의 식탁 환대를 받는다. 배터리 교수 접촉·계약·지분 취득은 이 화에 없다.",시간·교육·인맥·지위,"김민재는 23세 하버드 졸업생이자 태우 입사 예정자가 되고, SAVE는 제프리 창업과 배터리 연구자 지원·지분협상을 맡길 실행 담당자를 둔다.",기획실 대신 창원 부품공장을 택해 5년 갈아 온 칼을 처음 쓰겠다고 결심한다.,하버드 과정; 푸틴 첫 지원; 퀀텀 프랑화 대응 방향,태우 내부 수술; 제프리의 아마존 창업; 배터리 교수 지원·지분협상과 실제 계약,DCA-N01B,0.95
16,16화,칼춤(2),3025,3210,1995년 1월 김민재가 태우그룹 차장으로 창원 부품공장에 첫 출근한다.,회장 손자 행세로 방심시킨 뒤 신상명세서로 공장 전체의 횡령 고리를 잡아 첫 칼춤을 연다.,현장 체험을 가장해 서우태 공장장과 총무팀의 고철·계약 횡령 구조를 확인하고 은밀한 조사팀을 투입한다.,양 대리 안내로 고철장과 총무팀을 돌며 악수해 이 부장 등 전원의 비리 특이사항을 확인하고 관리직 전체에 비싼 회식과 술을 사며 외부 인력에 자료 탈취를 지시한다.,김태중은 공장 임원보다 순진한 손자를 걱정하고 임원들은 짧게 머물 낙하산으로 보고 술과 접대로 눈을 가리려 한다.,"자동차 판넬 고철 헐값 매각과 뒷돈, 총무팀 전원의 횡령, 10개가 넘는 공장 비리가 능력치와 전생 수사 기억으로 맞물린다.",임원들의 경계가 가족 같은 신입이라 착각할 만큼 풀리고 김민재는 현장 비리의 인물·부서·거래 지점을 확보한다.,직위·정보·위장 관계,김민재가 외부 후계자에서 공장 차장으로 들어오고 창원 부품공장은 첫 전면 수술 대상으로 확정된다.,전 임원과 밤새 술잔을 주고받는 동안 비밀 조사팀이 장부와 컴퓨터 자료에 손댄다.,태우 입사·공장 배치,서우태·총무팀 비리 증거; 외부 조사팀 정체; 첫 숙청,DCA-N02,0.95
17,17화,칼춤(3),3211,3402,창원 부품공장 임원들은 회식으로 김민재를 완전히 길들였다고 믿는다.,장학·펀드로 3년간 심은 비주류 에이스들이 실제 기업 비리를 캐는 비밀 칼날로 모습을 드러낸다.,강인식과 국세청·경찰·검찰 팀을 연결해 공장 내외의 증거를 모으고 내부 제보 통로를 만든다.,사우나에서 기무사 출신 정보력 S급 강인식과 만나 탈취 자료를 검토하고 공장장 팔레트 독점 계획과 경리 한지혜·주영미와의 이중 불륜을 각각 포착한다.,자료가 아직 부족하고 조사 방식이 불법 침투·감청에 가깝다. 서로 모르는 강인식과 세 기관의 `돌아이`를 조율해야 한다.,서우태가 퇴직 장 부장의 팔레트 회사 지분 50퍼센트를 받으려 하며 한지혜·주영미 모두와 내연 관계라는 두 약점이 열린다.,"정보력 S급 강인식과 기관별 에이스 공조, 팔레트 사업·이중 불륜이라는 내부 균열 지점을 얻는다.",인재·정보·압력,재단의 추상적 인맥이 강인식 중심 비밀 정보조직으로 실전화되고 공장장 왕국의 경제·사생활 약점이 동시에 드러난다.,김민재는 두 경리 파벌을 서로 적대시켜 내부 자료를 받아 낼 계획을 세운다.,강인식 정보팀 가동,공장장 불륜 이간질; 팔레트·고철·채용 비리 전수 증거,DCA-N02,0.95
18,18화,의사가 휘두르는 칼은 수술이다. (1),3403,3587,입사 사흘 만에 외부팀이 창원 부품공장의 탈세와 관련 회사들을 찾아낸다.,국내 수술과 별개로 SAVE의 미래 지식이 일본 재난·재계 승계 분쟁까지 돈과 먹잇감으로 준비된다.,불륜 증거를 확보하는 동안 일본 폭락 파생상품과 재벌 2·3세 분열 공작을 배치한다.,강인식에게 10억 원 스카우트비와 5억 원 활동비를 주고 한정훈에게 일본 증시 15퍼센트 이상 하락 시 터지는 100억 달러 파생계약을 확대시킨 뒤 청년경제포럼에 데뷔한다.,"일본 경제가 이미 안정됐다는 통념과 100억 달러 전액 손실 위험, 공장 수술·SAVE·외환위기 준비를 동시에 해야 하는 시간 압박이 있다.",SAVE 자금이 150억 달러에서 360억 달러로 컸고 김민재는 청년경제포럼의 재벌 2·3세들 가운데 승계 분쟁을 일으킬 표적을 찾는다.,"강인식의 충성, 일본 기업·은행의 대규모 파생계약과 재계 후계자 첫 공식 인맥을 확보한다. 구체 표적 가문은 아직 고르지 않았다.",돈·평판·정보망,김민재가 태우 차장뿐 아니라 국내 재계에 공식 등장한 후계자이자 일본 금융전 설계자로 움직인다.,재벌 후계자 포럼의 우호적 얼굴들 중 누구를 갈라 계열사를 먹을지 사냥을 시작한다.,조사팀 자금·일본 파생 계약,재벌가 승계 분열 표적 선정; 고베 지진 파생 결산; 공장 내부 제보,DCA-N02,0.95
19,19화,의사가 휘두르는 칼은 수술이다.(2),3588,3812,김민재는 청년경제포럼에서 전생에 태우 몰락 뒤 전화를 끊었던 후계자들을 다시 만난다.,친구 행세를 사냥으로 뒤집고 공장장 두 내연녀의 질투를 완전한 내부 고발로 바꾼다.,CL 고영준 등 경쟁 그룹 후계자들에게 분쟁 씨앗을 심고 한지혜·주영미에게 서우태의 비리 장부를 받아 낸다.,고영준의 장자승계 불만을 부추길 친분을 만들고 현재·현진 왕자의 난 당사자들과 연결한 뒤 불륜 사진을 각 경리에게 보여 서로 배신당했다고 믿게 한다.,김민재는 회식·포럼·창원 이동으로 쉴 시간이 없고 불법 감청·호텔 매수 증거는 법정에서 쓰기 어렵다.,"한지혜가 이중장부 20봉투를, 주영미가 팔레트 회사 계약·공모 임직원 자료를 자발적으로 내놓는다.","공장 내부 핵심 회계 자료와 경리 두 명의 협조, 다섯 경쟁그룹 후계자에 대한 장기 접근점을 확보한다.",정보·관계·복수망,서우태의 연애 파벌이 무너져 그가 통제하던 장부가 김민재·강인식의 법적 수사팀으로 넘어간다.,강인식이 국세청·경찰·검찰 에이스를 움직여 내부 자료를 법적 증거로 전환한다.,불륜 증거 수집,서우태 사법 처리; 경쟁그룹 승계 분쟁; 스타벅스 한국 진출 검토,DCA-N02,0.95
20,20화,의사가 휘두르는 칼은 수술이다.(3),3813,4009,이중장부와 팔레트 자료가 모였지만 태우 비서실은 원래 비리를 조용히 감사팀에서 덮는 조직이다.,순진한 손자의 붕괴를 연기해 김택훈의 보호 본능과 그룹 권력을 수사·언론 불길로 바꾼다.,검경·국세청의 압수수색과 공개 기자회견으로 서우태 사건을 내부 징계가 아닌 전 그룹 경고로 만든다.,청담동 술집 난동·눈물을 연기해 김택훈에게 수사 지원을 얻고 압수영장 발부 즉시 세 기관을 투입해 서우태의 횡령·하청 독점 계약을 김태중 이름으로 언론에 고발한다.,20년 공신 서우태를 공개 형사처리하면 다른 공신과 그룹 평판이 흔들리고 태우 전체로 불길이 번질 수 있다.,"불륜 사진 앞에서 서우태가 무릎을 꿇고, 재벌 3세의 첫 내부고발이라는 뉴스가 전국 기자들의 관심을 장악한다.",서우태 형사처리와 재벌 3세의 공개 내부고발 주도권을 얻는다.,사법·언론 권한·후계자 평판,김민재의 비밀 조사에서 국가기관의 공개 압수수색으로 바뀌고 창원 비리가 태우 전체의 체질 문제로 격상된다.,김태중이 손자가 자기 이름을 걸고 일을 키운 기자회견을 어떻게 받아들일지가 남는다.,창원 부품공장 증거 수집; 김택훈 지원 확보,김태중과 경영관 충돌; 공신 숙청 권한; 그룹 전체 감사,DCA-N02,0.95
21,21화,감사팀(1),4010,4174,서우태 공개수사 뒤 김태중은 그룹 평판과 공신 반발을 걱정해 김민재를 본사로 부른다.,가족과 연을 끊을 위험까지 감수한 경영관 충돌 끝에 그룹 전체를 수술할 공식 칼을 얻는다.,김태중에게 관행을 남기면 태우를 버리겠다고 맞서 감사팀 본부장 권한을 받아 낸다.,`좋은 게 좋은 것`이라는 김태중 논리에 태우 몰락의 원인을 말하고 자신을 공신을 자를 이방원에 비유하며 지원을 끊겠다는 협박에도 독립 성공 능력으로 맞선다.,김태중과 관계가 깨지고 모든 재벌가 지원이 끊길 수 있으며 감사팀 본부장은 공신·명동의 실제 권력과 맞서야 한다.,김태중이 계열사 부사장급인 그룹 감사팀 본부장을 맡기고 태우를 버리지 말라는 약속만 요구한다.,"공식 감사권·부사장급 지위와 김태중의 조건부 전권, 한정훈의 돈다발 갑옷 지원을 얻는다.",권한·가족 관계·지위,김민재는 공장 차장에서 100명 본사 감사팀의 수장으로 뛰고 조손 관계는 보호·순종에서 조건부 대결과 신뢰로 변한다.,SAVE의 일본 파생상품 계약 직후 규모 7.3 고베 대지진 속보가 터진다.,첫 공개고발과 김태중 설득,고베 파생상품 결산; 감사팀·공신 숙청; 일본 금융전,DCA-N02,0.95
22,22화,감사팀(2),4175,4371,고베 대지진으로 일본 주가가 하락하고 김민재는 감사팀 취임과 SAVE 결산을 병행한다.,"재난을 막지 못한 죄책감까지 그룹 생존 자금으로 삼고, 내부 적의 명동 뒷배와 외부 월가를 동시에 상대한다.",감사팀 유착 구조를 파악하고 일본 파생상품을 퀀텀의 정치력·희귀 기업 지분과 교환한다.,"김택훈에게 이준수 상무와 명동 4인방의 연결 자료를 받아 강인식에게 넘기고, 한국에 온 조지에게 150억 달러 중 절반인 75억 달러 계약을 120억 달러와 원하는 지분에 팔겠다고 제안한다.","지진 사망을 이용해 돈을 번다는 감정 비용, 명동이 가진 태우 지분·차입금, 일본 정부가 파생 지급을 막을 정치적 위험이 겹친다.",조지가 김민재의 엔화 사냥을 알아보고 찾아오며 월가와 함께하면 수익을 2배가 아니라 3~5배로 키울 수 있다고 협상이 열린다.,"이준수의 사촌이 명동 4인방이라는 핵심 정보, 김택훈의 실질 지원, 퀀텀의 일본 공동공격 의사를 얻는다.",정보·동맹·돈,창원 개인 비리가 감사팀 이준수 상무·명동 차입금의 구조적 유착으로 넓고 SAVE는 일본 정부 상대 연합을 설계한다.,김민재가 돈으로도 사기 힘든 회사 지분을 파생계약의 대가로 요구한다.,고베 지진 발생과 파생 발동,돈으로 사기 힘든 기업지분 협상; 명동 유착 제거; 감사팀 장악,DCA-N02,0.95
23,23화,감사팀(3),4372,4561,조지는 75억 달러 일본 파생상품을 탐내고 김민재는 감사팀 100명 앞에 첫 출근한다.,"외부 금융전에서는 미래 핵심 기업 지분을, 내부에서는 깨끗한 감사조직을 동시에 선점한다.",애플·포드 지분 20퍼센트씩을 월가에서 모으고 정수철이 장악한 감사팀의 유착을 드러낸다.,"파생계약을 120억 달러와 애플·포드 각 20퍼센트 지분에 넘기고, 다섯 감사팀장에게 창원 비리 윗선을 찾으라 압박하며 정수철의 이준수 동창 관계와 아파트 세 채를 확인한다.",애플은 적자·1.5달러 주가라 조지가 가치를 의심하고 포드 대량 지분은 미국 정부 감시를 부르며 감사팀장들은 어린 낙하산 본부장을 무시한다.,"월가 보호막과 정치 후원을 이용하면 장기 지분을 살 수 있고, 감사팀 자체가 이준수의 비리를 덮어 온 고양이임이 드러난다.","장기 100억 달러 이상 가치로 보는 애플·포드 지분, 감사팀 100명의 공식 지휘권과 정수철 부패 단서를 확보한다.",지분·권한·정보,SAVE는 단기 투기 수익을 제조·IT 전략지분으로 바꾸고 김민재는 내부 감사 대상에 감사팀 자체를 포함한다.,정수철의 재산과 이준수 관계를 캐며 `고양이에게 생선`인 감사팀부터 무너뜨릴 필요가 생긴다.,애플·포드 지분 거래,감사팀 개혁; 정수철·이준수 유착; 일본 파생 최종 수익,DCA-N02,0.95
24,24화,남의 돈(1),4562,4738,이준수와 정수철은 명동 술집에서 김민재를 정보 고립시킬 계획을 세우고 김태중도 손자를 돕지 않는다고 믿는다.,부패 팀장의 고립 전술을 능력치 기반 인사권과 깨끗한 실무자 승진으로 뒤집는다.,정수철 라인을 우회해 창원 공장을 감사할 독립 TF와 새 내부 동아줄을 만든다.,A급 판단·수사 능력에 비리 특이사항이 없는 윤일섭 차장을 팀장으로 올리고 각 팀의 깨끗한 직원 세 명씩을 차출해 창원 TF를 구성한다.,정수철과 다섯 팀장이 서로 약점을 잡고 전 직원에게 비협조를 명령하며 명동 차입금 회수로 위협할 수 있다.,약점이 없어 승진에서 배제됐던 윤일섭이 성과와 인사고과를 김민재가 책임진다는 조건에 충성을 약속한다.,독립 TF·윤일섭이라는 내부 감사 칼날과 인사팀·비서실이 인정한 본부장 재량권을 얻는다.,인재·조직·권한,감사팀의 기존 다섯 팀장 카르텔 밖에 깨끗한 승진 경로와 김민재 직속 실무조직이 생긴다.,윤일섭의 충성과 김민재 직속 TF가 창원 공장에서 정수철·이준수 라인의 비협조를 실제로 뚫을 수 있는가?,창원 TF 인선,정수철 카르텔 분열; 이준수 윗선 증거; 명동 압력,DCA-N02,0.95
25,25화,남의 돈(2),4739,4931,윤일섭 TF가 가동됐지만 정수철 카르텔은 내부 제보와 성과 경쟁이 없는 감사팀 관행에 기대 버틴다.,돈·승진·내부고발 보호로 감사팀을 갈라 실제 창원 공장의 주인이 명동임을 찾아낸다.,감사팀을 스스로 고발하게 만들고 이준수의 채용비리·노조 친위대·사채 지배 구조를 입증한다.,환수금 10퍼센트·감사팀 내부비리 30퍼센트 성과금과 최우수 인사고과를 공표하고 윤일섭·강인식을 공조시켜 박권흠 공장장을 면담한다.,"내부고발자는 파멸한다는 공포, 노조까지 지배하는 이준수 친위대, 정수철과 독사 우 차장의 반발이 있다.",박권흠은 창원 공장이 명동 사채자금으로 지어졌고 김태중이 빚 상환보다 확장을 택해 공장을 빼앗긴 셈이 됐다고 밝힌다.,"채용 뇌물 2천만~4천만 원·노조 상납 증거, 감사팀 분열의 씨앗, 창원 공장 실권 구조를 얻는다.",정보·조직 균열·부채,개인 비리 퇴출 문제가 태우의 차입 확장 경영과 명동의 사실상 공장 지배 문제로 바뀐다.,명동 차입금을 갚기 전까지 김태중도 손쓸 수 없는 창원 공장의 실권을 어떻게 되찾을 것인가?,윤일섭 TF 착수; 감사팀 성과제,창원 명동 차입금 규모; 이준수·노조 증거; 박권흠 회복,DCA-N02,0.95
26,26화,남의 돈(3),4932,5107,창원 공장뿐 아니라 태우 계열사 대부분이 과도한 남의 돈으로 만들어졌다는 구조가 드러난다.,SAVE의 숨은 자본으로 명동의 현실 권력을 무력화하고 조사자들의 생명까지 보호할 조직을 만든다.,4천억 원을 제도권 대출처럼 투입하고 이준수 사법·징계 증거와 명동 조폭 위협에 대비한다.,CT은행을 앞세운 대환을 설계하고 윤일섭·강인식에게 노조 간부 포섭을 맡기며 특수부대 출신 50~100명 규모의 정식 경호회사를 만들라고 한다.,태우의 높은 부채율로 은행 대출이 막혔고 사채시장은 은행·정치권·조폭과 연결되며 이준수 임원 징계는 사장단 승인이 필요하다.,SAVE 주거래 관계와 자신의 돈을 CT은행 이름으로 쓰면 4천억을 마련할 수 있고 북파공작원 등 버려진 특수부대 인재가 평생 직장을 얻는다.,"명동 빚 상환 수단, 윤일섭·강인식 비밀 사무실, 첫 50명 이상 경호·정보 전력을 확보한다.",돈·안전·조직,김민재의 숨은 월가 자본이 태우 내부의 사채 종속을 끊는 직접 무기가 되고 비밀팀은 상설 경호회사로 발전한다.,이준수를 서울 조사실로 불러 명동과의 전쟁을 공식 선포할 준비가 끝난다.,창원 부채 구조 파악; 증거 다수 확보,이준수 면담·사장단 징계; 조폭 방어; CT 4천억 대환,DCA-N02,0.95
27,27화,명동(1),5108,5302,이준수는 명동의 돈이 태우보다 강하다고 확신하며 조사 두 시간 만에 본사로 올라온다.,상대가 숨겨 온 사채 권력과 노조 방패를 스스로 꺼내게 하고 대중 심리전으로 첫 방어선을 흔든다.,이준수에게 해고·사법처리 의지를 보인 뒤 그가 움직인 창원 공장 파업을 반대표로 꺾는다.,"본부장실에서 비리 선물세트를 열거하고 명동 앞잡이라 도발하며, 파업 공지가 뜨자 강인식에게 이준수·노조 간부 실상을 담은 삐라와 회유한 배 반장 소문전을 지시한다.",김태중은 성장통이라며 개입하지 않고 이준수는 명동이 대출을 회수할 수 있다는 현실 권력과 임금·복지라는 파업 명분을 가진다.,이준수가 본색을 드러내고 노조 파업을 지시함으로써 명동-상무-노조의 결합이 공개되며 배 반장의 말이 현장 신뢰를 얻는다.,"이준수의 선전포고와 파업까지 보이는 공격 명분, 특수부대 경호 30명, 공장 내 반대 여론을 얻는다.",적대 구도·정보전·안전,숨은 유착이 공개 파업 전쟁으로 바뀌고 김민재 직속 경호·심리전 조직이 현장에 실전 배치된다.,노동자들이 파업이 회장 대 이준수의 싸움이라는 소문을 믿기 시작한다.,이준수 조사·선전포고,파업 찬반투표; 이준수 파벌 해체; 사장단 회의,DCA-N02,0.95
28,28화,명동(2),5303,5469,삐라가 돌지만 이준수 파벌 하나가 노조와 창원 공장 여론을 장악하고 있다.,군 심리전·태우 충성·직접 악수로 파업을 깨고 사장단이라는 더 큰 결전으로 넘어간다.,반대 파벌을 만들고 노조 간부를 사법처리해 이준수 조직의 결속을 깨며 찬반투표를 이긴다.,배 반장을 중심으로 회장·태우를 지키는 파벌을 만들고 폭행·제품횡령 노조 간부를 경찰에 넘기며 술·밥값을 지원하고 김민재 자신도 현장 구심점으로 방문한다.,편 가르기는 공장을 장기 분열시키고 이준수는 박진훈 등 계열사 사장 25퍼센트와 명동 자금 위협을 사장단 회의에 준비한다.,이준수 측이 파업으로 지켜 준 노조 간부를 구하지 않자 균열이 나고 찬반투표가 반대 51퍼센트로 무산된다.,"첫 현장 파업 승리와 반이준수 노조·직원 기반, 김민재 후계자 구심점의 가시적 효과를 얻는다.",조직 관계·노조 권력·평판,이준수의 노조 방패가 깨지고 공장 내부 권력은 양분되지만 최종 처분은 사장단으로 이동한다.,이준수는 박진훈 파벌이 김민재를 교육해 줄 것이라 믿고 사장단 회의 역공을 준비한다.,파업 찬반투표,사장단 이준수 징계; 공장 파벌 봉합; 박진훈 대면,DCA-N02,0.95
29,29화,명동(3),5470,5654,파업은 막았지만 김민재는 처음 참석하는 30명 이상 사장단 회의에서 박진훈 라인과 싸워야 한다.,관행과 명동의 돈을 방패로 삼은 이준수에게 숨겨 둔 4천억 원을 공개해 소유권 논리를 뒤집는다.,연속된 정황 증거로 사장단의 자존심을 이준수에게서 떼어 놓고 창원 빚 상환 약속을 받아 낸다.,"채용비리·불량품 매각·하청 횡령 증거를 차례로 내밀어 네 번의 변명을 누적시키고, 이준수가 명동 가문이 공장을 감시한다고 폭언하자 4천억을 갚으면 떠나겠다는 말을 끌어낸다.",사장들은 확정 판결보다 관계를 보고 이준수는 각 증거에 개인채무·사과상자·장부 실수라 변명하며 명동 회수 위협으로 회의를 얼린다.,이준수가 태우를 명동 소유처럼 말해 부회장과 사장단의 자존심을 자극하고 CT은행 한동구가 회의장에 들어온다.,사장단 다수의 이준수 불신과 `4천억 상환 시 떠난다`는 공개 약속을 얻는다.,사장단 관계·명분·부채,김민재 대 애송이 구도에서 태우 사장단 대 명동의 오만 구도로 전선이 뒤집힌다.,한동구가 CT은행이 4천억 원을 대출하겠다고 발표한다.,파업 무산; 이준수 비리 공식 심의,CT 대환 실행; 이준수 축출; 명동의 대응,DCA-N02,0.95
30,30화,명동(4),5655,5818,CT은행의 4천억 대출 선언으로 이준수와 그를 돕던 사장들의 현실 전제가 무너진다.,월가 자본으로 사채 종속을 끊고 명동 최강자와 대등한 협상까지 진입한다.,창원 빚을 낮은 금리로 갚아 이준수를 축출하고 광화문 곰 이선일에게 외환위기 생존 동맹을 제안한다.,"SAVE 360억 달러 주거래와 자기 돈을 담보로 CT 이름의 5년 저리대출을 만들고, 이준수가 달아난 뒤 김택훈과 광화문 고택을 찾아 이선일에게 5년 안에 명동 주인으로 만들겠다고 말한다.",다른 계열사들도 명동 빚을 져 일시 회수 위험이 남고 이선일은 조폭 경호와 정보·현금력을 가진 노련한 사채왕이다.,CT가 미국과 국제분쟁을 방패로 명동 협박을 막고 이준수는 공개 약속대로 창원 공장에서 물러날 수밖에 없게 된다.,"창원 사채빚 상환 수단과 이준수 축출 명분, 이선일과 직접 독대할 급을 확보한다.",부채·권력·지위,태우 창원 공장의 실질 자금 주도권이 명동에서 김민재·CT로 옮겨가고 김민재가 국내 지하경제 최고위와 직접 거래한다.,이선일이 현재·삼진 회장도 못 할 명동 통일 약속이라며 명동이 우스워 보이냐고 시험한다.,CT 4천억 승인; 이준수 사장단 방어 붕괴,이선일 동맹; 이준수 패거리 47명 징계; 태우 차입 구조 수술,DCA-N02,0.95
31,31화,연구소(1),5819,6005,김민재가 이선일에게 외환위기 생존 정보를 대가로 명동 동맹을 제안한 상태다.,첫 수술을 인적 숙청으로 결산하고 적들이 유배로 고른 연구소를 다음 권력 기반으로 바꾼다.,이선일의 방패를 거두고 이준수 파벌을 일괄 징계한 뒤 사장단의 다음 인사 공세를 받아낸다.,금융실명제 뒤 명동 쇠퇴와 외환위기를 암시해 이선일의 결심을 끌어내고 윤일섭에게 47명 감봉·해고·형사조치를 지시한다.,"이선일은 아직 김민재를 호랑이 새끼로 시험하고, 징계에 겁먹은 박진훈 등 사장들은 감사권을 빼앗기 위해 승진이라는 함정을 판다.","이선일이 손을 잡기로 속으로 정하고 이준수를 박 군에게 끌고 가게 하며, 창원 공장 비리 인원 47명이 게시판에 징계된다.",명동 간섭 제거·47명 숙청과 감사팀 개혁 성과를 얻지만 기술연구소장으로 밀어낼 사장단 합의가 생긴다.,권력·조직·적대 구도,창원 공장의 이준수 성벽이 사라지고 사장단은 김민재를 감사에서 경영·기술로 옮겨 무력화하는 쪽으로 전략을 바꾼다.,박진훈이 태우전자 기술연구소장 승진안을 김태중 귀국 사장단 회의에 올리기로 한다.,이선일 동맹 실질 수락; 이준수 파벌 징계,기술·경제연구소 인사; 사장단의 유배 함정; 이선일 정보 거래,DCA-N02,0.95
32,32화,연구소(2),6006,6176,김태중 귀국 뒤 사장단은 김민재의 감사 성과를 칭찬하며 기술연구소로 보내려 한다.,유배성 승진을 기술·경제·인사 전권으로 역전해 외환위기 대응과 미래 제품의 연구 거점을 얻는다.,감사팀 개혁을 후계자에게 남기고 두 연구소 통합·독립·20명 채용권을 확보한다.,윤일섭 TF의 정식 감사6팀 승격과 부장 승진을 받아낸 뒤 기술연구소 독립권·경제연구소 총괄·20명 자기선발을 조건으로 박진훈의 제안을 수락한다.,기술은 사서 쓰면 된다는 태우 문화로 연구소는 자금·권한이 없는 유배지이며 문경일·주광일 부소장도 젊은 소장을 경계한다.,"사장단이 김민재를 감사에서 쫓아내려 모든 조건을 수락하고, 김민재는 차입금 위험 보고서를 쓴 일본인 후쿠다 고문을 찾아낸다.","통합 총괄소장 지위, 연구소 독립성과 인사 20명, 윤일섭의 정식 팀·승진을 모두 얻는다.",지위·조직·권한,공식 칼은 윤일섭에게 남고 김민재는 태우전자·경제 전망을 동시에 만질 독립 연구거점으로 이동한다.,후쿠다에게 태우그룹 차입금 문제 보고서에 동의한다고 일본어로 말해 폐기된 경고를 되살린다.,감사팀 본부장 임기; 창원 TF,차입 구조 개편; 기술연구소 재건; 박진훈 역공,DCA-N03,0.95
33,33화,연구소(3),6177,6342,후쿠다는 차입금 위험을 정확히 예측했지만 보고서가 중간에서 버려져 태우의 폐쇄성에 절망했다.,전생부터 감춰 온 태우 생존안을 처음 공유하고 기술·특허를 새 제국의 교환 무기로 만든다.,후쿠다의 S급 예측력을 얻어 40개 계열사 중 30개 이상을 팔 명분을 만들고 대량 특허팀을 세운다.,칠판에서 조선·중공업·전자까지 X표를 치고 태우자동차 중심 재편·현금 축적·태우전자 성과 후 조기 지분상속 계획을 밝힌 뒤 연구원 20명과 새 인력 20명을 특허팀에 둔다.,김태중은 계열사를 자식처럼 여겨 매각을 거부할 수 있고 외환위기까지 2년뿐이며 주광일은 기존 프로젝트 붕괴를 우려한다.,"후쿠다가 미치광이 계획에 동참해 희망적인 미래산업 보고서를 쓰고, 김민재가 특허변호사·외국인·디자이너 영입 명단을 제시한다.","S급 예측가 후쿠다와 첫 구체 생존 청사진, 40명 규모 특허 전담조직의 인력·권한을 확보한다.",전략·인재·조직,살생부식 인적 숙청이 계열사 30개 매각이라는 구조 수술로 확장되고 연구소가 그 근거·무기를 만드는 곳이 된다.,주광일이 왜 기술연구소에 변호사와 디자이너가 필요한지 납득하지 못한 채 20명 배치를 시작한다.,후쿠다 설득; 태우 생존안 최초 공유,태우전자 지분·사장 자리; 미래산업 보고서; 특허 대량 생산,DCA-N03,0.95
34,34화,연구소(4),6343,6525,기술연구소는 특허팀 인력과 휴대폰 아이디어는 있지만 세계급 법률·디자인 인재가 없다.,3년 전 심은 장학생이 세계 정상 경력을 버리고 돌아오며 장기 사람 투자가 실제 기술 조직으로 결산된다.,박준일과 조나단을 영입해 미래 휴대폰 디자인을 특허로 봉쇄하고 성과보상 경쟁을 만든다.,윌머헤일의 IP변호사 박준일 등 해외 태우장학생을 귀국시키고 애플 디자이너 조나단에게 메시지패드 중간단계인 폴더·슬라이드·스마트폰 스케치를 보여 1년 합류를 약속받는다.,박준일은 파트너 승진 경력을 포기하고 조나단은 태우·SAVE 관계와 메시지패드 실패를 의심하며 기존 연구원과 외국인 사이 언어 장벽도 있다.,김민재가 SAVE 실소유와 애플 지분 20퍼센트를 공개하고 조나단의 미니멀리즘을 정확히 짚어 실패한 디자이너가 아닌 성공자로 돌려보내겠다고 설득한다.,"세계급 특허변호사·조나단, 50명 가까운 국제 특허팀과 출원당 500만~3천만 원·수익 5~30퍼센트 제도를 얻는다.",인재·기술·조직 문화,태우장학재단의 지원자가 충성 인재로 돌아오고 연구소는 국적을 넘어 보너스·IP로 경쟁하는 미래제품 조직으로 변한다.,연구원들이 김민재의 방대한 폴더폰·스마트폰 아이디어를 노다지로 보고 먼저 특허를 잡으려 경쟁한다.,해외 장학생 회수; 조나단 영입,폴더폰 구현; 특허 선점; 조나단의 애플 금의환향,DCA-N03,0.95
35,35화,최초의 폴더폰 (1),6526,6684,박준일·조나단과 특허팀이 폴더폰 아이디어를 실제 명세서·디자인으로 바꾸기 시작한다.,내년 최초 폴더폰보다 먼저 접이식 특허·디자인·배터리·소프트웨어를 한 몸으로 완성한다.,미국 출원을 고속화하고 현재 태우가 못 만드는 핵심 기술을 외부 최고 인재와 돈으로 조달한다.,"박준일이 윌머헤일의 링켄에게 연 200~1천 건 특허를 30퍼센트 수수료로 맡기고 조나단 디자인을 채택하며 소프트웨어는 해외, 배터리는 노벨급 연구진 성과로 해결한다.",접이식 배터리와 휴대폰 소프트웨어를 태우 내부에서 만들 수 없고 최초 출시까지 1년뿐이며 연구소 예산도 부족하다.,박준일의 첫 접이식 메커니즘 명세서가 하루 만에 나오고 링켄이 대량 일감을 위해 미국 출원을 밀어주며 조나단 디자인이 감성·실현성 논쟁을 연다.,"주당 2~3건 이상 미국·한국 특허 출원 통로와 조나단의 완성도 높은 폴더 디자인, 연구소 전원의 특허 습관을 얻는다.",특허·기술·시간,연구소가 하청 기관에서 글로벌 IP 공장으로 바뀌고 제품 구현의 병목이 소프트웨어·배터리 두 축으로 좁혀진다.,김민재가 NEXT의 스티브 잡스와 손잡기 위해 미국행을 선언한다.,특허팀 출범·인센티브,스티브 잡스·NEXT 소프트웨어; 폴더폰 배터리; 최초 출시 경쟁,DCA-N03,0.95
36,36화,최초의 폴더폰 (2),6685,6859,김민재가 한 달 만에 미국으로 돌아와 SAVE·아마존·배터리 연구·NEXT를 한 일정에 묶는다.,외부 투자들이 서로 연결돼 최초 폴더폰의 핵심 부품과 창업자 동맹을 지급한다.,일본 파생을 정리하고 2차전지 상용화·스티브 잡스 협력을 확보한다.,제프리의 아마존 지분 49퍼센트와 지원을 재확인하고 구디너프에게 5억 달러 연구 성과·5퍼센트 지분을 주며 TDK 상용화를 계획한 뒤 데이비드가 잡은 채식식당 미팅에 나간다.,"일본 주가가 한 달 6퍼센트만 내려 상대 기업들이 아직 절박하지 않고 배터리 시제품 월 30개 한계, 잡스의 애플 대주주 불신이 있다.",한정훈이 현금 120억 달러·애플·포드 지분 인수를 완료하고 구디너프가 3년 연구 끝 소형 2차전지 성과를 가져온다.,"아마존 49퍼센트 지분 보호, 배터리 시제품·특허 지분, 스티브 잡스와 직접 협상 자리를 얻는다.",지분·기술·동맹,장학·투자·일본 파생의 각각 떨어진 준비가 폴더폰 부품·애플 미래·인터넷 사업으로 연결된다.,김민재가 잡스에게 애플 복귀를 돕겠다고 선언하고 미래 휴대폰 디자인을 꺼낸다.,일본 파생 1차 양도; 배터리 연구 3년,잡스 협력; TDK 기술; 폴더폰 소프트웨어,DCA-N03,0.95
37,37화,최초의 폴더폰 (3),6860,7040,스티브 잡스가 스마트폰·폴더폰 스케치를 보고 김민재의 애플 복귀 약속을 시험한다.,미래 애플의 핵심 설계자와 소프트웨어 소유권을 선점하고 구조조정 거인에게도 씨앗을 심는다.,NEXT로 폴더폰 OS를 만들고 잡스 이름을 총괄에 올리며 다이먼을 태우 구조조정 후보로 예약한다.,5천만 달러를 주고 폴더폰 소프트웨어 지분 80퍼센트를 확보하며 잡스에게 전권을 준 뒤 월가 일본 공격 분배회의에서 트래블러스 2인자 다이먼에게 독립하면 10년 내 더 큰 금융사를 만들어 주겠다고 한다.,잡스는 70퍼센트만 양보하려 하고 모든 기술을 자체 개발할 시간은 없으며 다이먼은 샌디 웨일에게 충성해 이직을 거부한다.,"잡스가 NEXT 대표로 손을 잡고 다음에는 애플 대표로 만나자며, 김민재는 월가가 일본을 더 빨리 무너뜨릴 공동공격 구조도 만든다.","NEXT OS 80퍼센트와 잡스의 이름·총괄 역량, 다이먼 마음속 후계 배신 의심, 월가 일본 보호막을 얻는다.",기술 IP·인재·동맹,김민재는 폴더폰 핵심 소프트웨어를 태우와 별도로 소유하고 미래 태우 구조조정 책임자 후보까지 선점한다.,귀국 즉시 이선일이 김민재의 외환위기 동맹 제안을 받아들이겠다고 부른다.,잡스 협상; 월가 일본 분배,이선일 동맹 실행; 다이먼 이직; 폴더폰 제작,DCA-N03,0.95
38,38화,최초의 폴더폰 (4),7041,7213,광화문 곰 이선일이 손을 잡기로 했지만 김민재의 미래 정보가 명동보다 낫다는 증명이 필요하다.,한일은행·삼풍그룹 경고로 명동의 주식 수집력을 빌리고 가족에게 휴대폰 미래를 받아들이게 한다.,이선일의 태우전자 지분·회사채 15퍼센트를 모으고 김태중의 기술 중심 전환을 준비한다.,"한일은행 대출 회수와 삼풍그룹 회사채·주식 처분을 지시한 뒤 대가로 이선일 보유 5퍼센트와 명동 전체 태우전자 지분 약 15퍼센트를 1,500억 원에 모아 달라고 한다.","은행·재계 15위 그룹 붕괴라는 말을 이선일이 쉽게 믿지 않고 삼풍 사고 정보를 이용한다는 감정 비용, 김태중 지분 30퍼센트 추가 상속이 필요하다.",CT의 한일은행 대주주 정보를 근거로 이선일이 믿기 시작하고 김민재는 올해 안 태우전자 사장이 될 성과로 폴더폰을 선택한다.,명동의 태우전자 지분 수집 약속·외환위기 정보 동맹과 김태중에게 휴대폰 시장 미끼를 던질 가족 대화를 얻는다.,지분·동맹·가족 인식,"이선일은 김민재의 정보로 명동 통일을 노리고, 김민재는 이선일의 인맥으로 태우전자 지분을 모을 약속을 얻는 상호 의존 관계가 된다.",폴더폰이 잡스를 애플로 돌리고 김민재를 태우전자 사장에 앉힐 제품이라는 목표가 명시된다.,이선일 동맹 수락,태우전자 65퍼센트 지배 계획; 폴더폰 시제품; 삼풍·한일은행 검증,DCA-N03,0.95
39,39화,최초의 폴더폰 (5),7214,7390,후쿠다의 미래산업 보고서와 배터리·잡스·특허 준비가 갖춰졌지만 김태중에게 보일 실물이 없다.,돈으로 시간을 사 24일 만에 세계 최초급 폴더폰 시제품을 만들고 창업주의 기술관을 눈앞에서 바꾼다.,최소 기능 시제품을 최대한 빨리 완성해 휴대폰 사업과 기술·특허의 수익성을 김태중에게 승인받는다.,"외주 단가를 60퍼센트 올리고 하루 단축마다 보너스를 걸어 한 달 요구를 24일로 줄이며, 통화·문자 폴더폰 두 대와 휴대폰 영업이익 보고서를 회장실에 가져간다.",맞춤 부품은 대량 주문 없이는 못 만들고 연구소 돈이 부족하며 첫 시제품은 통화·문자 외 기능이 빠져 있다.,구디너프 배터리가 최대 100시간을 버티고 잡스·조나단 디자인이 실물로 구현되자 김태중이 즉시 돈 되는 요물이라 인정한다.,"24일 폴더폰 시제품, 50개 이상 출원·출시 때 200개 목표 특허, 김태중의 장하다는 칭찬과 30퍼센트 영업이익 관심을 얻는다.",기술·평판·가족 인정,연구소의 추상 계획이 창업주가 손에 쥔 실물 제품으로 바뀌고 기술을 사 쓰던 태우가 특허료를 받을 가능성이 열린다.,김민재가 자체 특허로 기술료를 상쇄하고 남에게 기술료를 받을 날이 온다고 김태중에게 말한다.,폴더폰 핵심기술·시제품 제작,상용화·양산 권한; 태우전자 사장·지분; 최초 출시 경쟁,DCA-N03,0.95
40,40화,동상이몽 (1),7391,7563,김태중은 폴더폰의 특허료와 15퍼센트 이익률은 인정하지만 전 계열사를 끌고 가는 대마불사 확장론을 굽히지 않는다.,조손의 경영관 충돌을 실제 휴대폰 사업권과 박진훈의 오판을 이용한 독립 실행권으로 바꾼다.,기술연구소가 폴더폰 개발·생산을 전담하도록 사람·공장·자금을 확보한다.,"김태중에게 기술 중심 수익을 설득한 뒤 박진훈과 1년 성패 내기를 걸고 휴대폰 개발팀, 인천·부천 공장, 관련 부서 협조와 개발비를 요구한다.","김태중은 가전 전체 규모가 회사를 살린다고 믿고, 박진훈은 실패 책임을 김민재에게 씌워 후계자를 길들이려 한다.",박진훈이 이미 시제품이 있다는 사실을 모른 채 독박을 키우려고 김민재의 모든 요구를 수용한다.,태우전자 에이스와 장비·두 생산공장·자금을 사실상 백지위임받는다.,권한·조손관계·생산기반,김민재가 연구소장 직함을 넘어 독립 휴대폰 사업 책임자가 되고 김태중과의 경영 노선 차이는 공개 쟁점이 된다.,김민재가 더 받을 것이 있다며 박진훈의 함정을 역으로 털 준비를 한다.,시제품 승인; 연구소 독립성,1년 성패 내기; 양산 책임; 박진훈 축출,DCA-N03,0.95
41,41화,동상이몽 (2),7564,7753,"박진훈은 실패 뒤 섭정을 노리며 자원 지원을 아끼지 않고, 이선일은 명동의 태우전자 주식을 모으고 있다.",상대가 내민 함정을 최정예 인력과 경영권 지분 축적으로 전환한다.,생산팀을 실력자로 채우고 태우전자 지배력에 필요한 명동 물량을 잠근다.,신상명세서로 태우전자 에이스 30명과 생산 현장형 이석준을 선발하고 인천 공장 라인 개조를 맡기는 한편 이선일에게 월가 명의 매수 계획을 전달한다.,"학벌로 밀려난 현장 인력의 불신, 두 달 라인 개조, 이선일의 4천억 차입과 유동성 부족이 비용이다.","이석준과 공장 인력은 시제품을 본 뒤 두 달 내 라인 전환을 자신하고, 이선일은 삼풍·한일은행 종이를 넘겨 태우전자 물량을 이미 확보한다.","에이스 30명, 인천 생산파벌, 명동의 태우전자 지분·채권 매수망을 얻는다.",인재·생산·지분,실패를 기다리던 태우전자의 지원이 김민재 직속 인재와 지배지분으로 역전된다.,김민재가 이선일에게 한보를 포함해 외환위기 때 무너질 기업을 더 찍어 주기로 한다.,인력·장비 확보,한보 교환; 태우 계열사 지분 수집; 라인 개조,DCA-N03,0.95
42,42화,동상이몽 (3),7754,7933,"이선일은 삼풍·한일은행 다음 교환 대상을 기다리고, 한정훈은 일본 기업 협상 결과를 보고한다.",외환위기 정보와 일본 파생 압박을 지분·배터리·특허로 바꾸고 한국의 MP3 창업자를 선점한다.,한보 위험을 명동에 넘기고 휴대폰 이후의 배터리·음원 기술 포트폴리오를 확보한다.,"한보 제철 차입과 부도 시점을 설명하고, 한정훈에게 TDK 배터리 사업과 모바일·음향·영상 특허를 요구한 뒤 장학재단이 찾은 디지털케이스 황영철을 즉시 부른다.","일본 기업은 파생상품 손실을 줄이려 버티고, 황영철은 세계 최초 MP3 구상을 구현할 자금·생산·유통 기반이 없다.","한정훈이 SAVE 예상 이익을 400억 달러로 보고하고 TDK 인수 가능성을 열며, 황영철이 특허 공동소유 조건으로 1억 투자를 제안한다.","부도기업 교환 정보, TDK·특허 협상권, MP3 창업자와 첫 대면을 얻는다.",정보·기술·지분,휴대폰 한 제품의 양산전이 배터리와 디지털 음원 생태계 선점으로 넓어진다.,김민재가 황영철에게 시간을 끌지 않고 투자하겠다고 선언한다.,한보 위험 판단; 일본 협상 착수,디지털케이스 투자; MP3 특허; TDK 인수,DCA-N03,0.95
43,43화,100억의 가치 (1),7934,8120,황영철은 MP3 개발비 1억 원만 원하지만 김민재는 창업자와 특허의 장기 가치를 안다.,헐값 강탈이 아니라 공정한 대형 투자로 디지털케이스와 MP3 생태계의 우호 지분을 잠근다.,디지털케이스 49퍼센트와 MP3 관련 원천특허 경로를 확보한다.,개발비 10억·생산과 마케팅 전액 지원을 약속하고 98억 원에 지분 49퍼센트를 SAVE 명의로 매수한 뒤 데이비드를 프라운호퍼와 톰슨 멀티미디어로 보낸다.,"황영철은 지나치게 좋은 조건과 경영권·특허 강탈을 의심하고, MP3 원천특허는 이미 프랑스 국영기업 톰슨으로 넘어갔다.","황영철이 우호지분·상호매각동의 조건으로 계약하고, 김태중의 100프랑 톰슨 인수 추진이 오히려 특허 매입 기회임을 깨닫는다.",100억 원으로 디지털케이스 49퍼센트와 황영철의 신뢰를 얻고 톰슨 특허 매수선을 연다.,지분·신뢰·원천기술,"중소기업 아이디어가 SAVE의 자본·태우의 생산력과 결합하고, 태우의 위험한 대형 인수는 김민재의 선택적 기술 인수 기회로 분리된다.",데이비드에게 가격 불문 톰슨의 MP3 특허를 사 오라고 명령한다.,디지털케이스 투자 협상,톰슨 MP3 특허; 톰슨 2조6천억 부채 인수 위험,DCA-N03,0.95
44,44화,100억의 가치 (2),8121,8294,잡스가 계산기·메모·핀볼까지 넣은 폴더폰 소프트웨어를 끝냈고 생산 라인도 준비됐다.,발표 전 재고와 품질을 쌓아 시장 선점의 물량 우위를 만들고 다음 슬라이드폰까지 이어 간다.,10월 출시와 9월 독일 박람회를 겨냥해 인천·부천 공장을 3교대로 돌린다.,"잡스에게 슬라이드폰과 미래 음악폰을 지시하고, 구철규 공장장에게 청정설비·좋은 식사·보너스를 제공해 두 공장 생산량을 하루 1천 대에서 1천5백 대로 늘린다.","공장장은 18만 대도 위험하다 보고 27만 대 재고를 악성재고로 우려하며, 박진훈은 휴대폰 시장 경쟁을 근거로 실패를 확신한다.",김민재가 모든 책임을 지겠다고 해 3교대를 관철하고 박진훈은 오히려 인력·돈을 더 지원해 손실 규모를 키우려 한다.,"출시 전 약 27만 대 목표 재고, 개선된 공장 복지·청정 생산체계, 다음 슬라이드폰 개발 순서를 확보한다.",생산량·조직충성·제품 로드맵,시제품 단계가 대량양산과 연속 제품군 단계로 넘어가고 실패 책임도 김민재에게 집중된다.,박진훈 파벌은 폴더폰 실패 뒤 김민재를 증권으로 밀어낼 계획을 굳힌다.,폴더폰 SW 완성; 라인 개조,독일 박람회; 27만 대 판매; 슬라이드폰·음악폰,DCA-N03,0.95
45,45화,100억의 가치 (3),8295,8488,"데이비드는 경영난의 톰슨 임원진을 파고들고, 한국에서는 삼풍백화점이 붕괴한다.",미래 참사의 피해를 줄이면서 원천기술과 정부 신뢰를 동시에 선점한다.,톰슨의 MP3·음향·영상 특허를 사고 태우건설·병원을 삼풍 구조에 먼저 투입한다.,"로마네콩티와 사례금으로 톰슨 임원을 설득해 특허를 총 100억 원에 매입하고, 붕괴 소식 직후 대통령실과 조율해 크레인·중장비·의료진 전면 지원을 제안한다.","특허 대금 절반이 임원 사례금으로 들고, 정부 요청 전 민간 장비 투입은 혼선·공정 지연·정치적 오해 위험을 진다.",김민재가 현재건설보다 먼저 움직이면 구조·이미지·외환위기 때 정부관계 세 이익을 얻는다고 설득해 김태중의 전폭 지원 명령을 끌어낸다.,"MP3 원천 및 음향·영상 특허 묶음, 대통령실의 감사와 태우의 구조 주도권을 얻는다.",기술 IP·공공신뢰·정부관계,미래 지식이 돈벌이뿐 아니라 실제 사망자를 줄이는 개입으로 처음 크게 나타나고 태우의 국민기업 이미지를 준비한다.,재난본부가 태우건설을 공식 호출하고 김민재는 이선일에게 삼풍 예측의 결산을 보여 주러 간다.,톰슨 특허 매입,삼풍 구조 성과; 정부 관계; 이선일 신뢰,DCA-N03,0.95
46,46화,100억의 가치 (4),8489,8672,삼풍 붕괴로 김민재의 경고가 적중해 이선일의 신뢰가 굳고 태우는 구조 현장을 주도한다.,명동 동맹·국민기업 평판·태우전자 사장 도전이라는 세 보상으로 위기 개입을 결산한다.,이선일의 외환위기 생존 자금을 키우고 폴더폰 성공 시 태우전자 개혁권을 요구할 발판을 만든다.,"이선일에게 마이크로소프트 주식과 달러 상승의 이중 수익을 알려 주고, 김태중에게 즉시 정부 특혜를 청하지 말자고 한 뒤 강인식에게 박진훈의 횡령·비자금·부동산 증거 수집을 지시한다.","김태중은 구조 보상으로 새 사업을 원하고, 27만 대 재고 실패 시 후계 권위가 무너지며 박진훈 증거는 아직 구속 수준이 아니다.",태우 지원으로 수습 기간과 사망자가 전생의 절반 수준으로 줄고 대통령이 직접 감사하며 국민그룹 호칭이 생긴다.,"이선일의 완전한 신뢰, 마이크로소프트·달러 투자선, 김태중에게 태우전자 사장 욕심 공개, 박진훈 비리 파일을 얻는다.",평판·동맹·후계지위,재난 구호가 정부·국민의 신뢰로 결산되고 폴더폰 성공의 보상 목표가 태우전자 사장으로 명문화된다.,9월 독일 가전박람회를 김민재 성공과 박진훈 몰락의 동시 신호탄으로 정한다.,삼풍 구조; 명동 예측 검증,독일 박람회; 폴더폰 공개·판매; 박진훈 축출,DCA-N03,0.95
47,47화,가전 박람회 (1),8673,8861,인지도가 약한 태우 폴더폰은 독일 가전박람회에서 삼진·일본 기업의 로비와 자리 경쟁을 뚫어야 한다.,잡스의 복귀작이라는 서사와 완성품 시연으로 이노폰을 세계 시장의 주인공으로 만든다.,중앙 부스·발표 무대를 확보하고 미국·유럽 바이어의 주문을 끌어낸다.,"데이비드가 운영위원회를 접대해 잡스 전용 중앙 부스를 만들고, 잡스가 접이식 디자인·전화번호부·계산기·메모·달력·100시간 배터리를 시연하며 이노폰이라 명명한다.",태우전자 자체 인지도와 기술 평가는 낮고 기술연구소에는 영업팀도 없어 김민재가 직접 바이어를 상대해야 한다.,잡스가 폴더폰을 여는 순간 기자·관중이 몰리고 별도 부스가 몸싸움이 날 만큼 붐비며 해외 바이어가 대량구매 미팅을 요청한다.,"이노폰 세계 공개, 중앙 부스 흥행, 미국·유럽 주문 상담과 잡스 복귀 서사를 얻는다.",제품평판·시장·인재명예,비밀 양산 제품이 세계 언론과 바이어가 확인한 혁신 상품으로 바뀐다.,영업조직 없는 김민재 앞에 여러 대륙 바이어 협상이 한꺼번에 쏟아진다.,박람회 무대 확보; 이노폰 공개,해외 주문; 판매량; 경쟁사 대응,DCA-N03,0.95
48,48화,가전 박람회 (2),8862,9027,모토로라는 4개월 뒤 스타텍을 내려다 이노폰의 선출시와 선행 특허에 비상이 걸린다.,시장 선점과 특허 우위를 실주문·내부 발언권으로 환전한다.,국내외 판매망을 잠그고 사장단 앞에서 태우전자의 낡은 기술경영을 공개 공격한다.,"모토로라 조사와 잡스의 CES 재등판 약속을 지켜보며 해외 바이어 계약을 진행하고, 귀국 사장단 회의에서 이노폰의 높은 이익률·판매망을 근거로 박진훈에게 연구비 성과를 따진다.","모토로라는 더 나은 스타텍을 자신하고, 박진훈은 소프트웨어 로열티·낮은 태우 유통 인지도를 들어 사업을 깎아내린다.","태우가 폴더폰 특허를 먼저 잡아 모토로라가 공격할수록 스타텍이 위험해지고, 이노폰 부스와 태우전자 부스의 관객 차이가 김민재의 비판을 증명한다.","선행 폴더폰 특허의 방패, 만 단위 판매 접점, 박진훈을 공개 반박할 성과 정당성을 얻는다.",시장지위·특허·내부권력,외부 혁신 평판이 태우 내부 권력투쟁의 실증 자료로 환전된다.,김민재가 사장단 회의에서 박진훈을 노골적으로 물어뜯기 시작한다.,이노폰 세계 흥행,박진훈 반격; CES; 이노폰 실판매,DCA-N03,0.95
49,49화,가전 박람회 (3),9028,9209,회의에서 모욕당한 박진훈은 우성일 부사장에게 이노폰 결함을 언론에 흘리라고 명령한다.,내부 스파이의 공격을 역정보와 약점 장악으로 되받아 박진훈 파벌을 안에서 무너뜨린다.,허위 결함 정보가 박진훈에게 도달하게 만들고 현장 연락책 조 차장을 자기 패로 전환한다.,개발팀 접촉을 시도한 조 차장의 움직임을 미리 감시하고 파티에서 거짓 문제 자료를 넘긴 뒤 사진·녹취 증거와 준비한 파일로 그를 압박해 우성일에게 전달하게 한다.,"조 차장은 승진 욕심으로 박진훈 편에 서고, 허위 보도가 출시 전 이노폰 신뢰를 실제로 훼손할 수 있다.",김민재가 배신을 이미 예상해 거짓 자료·감시·살길을 한 세트로 준비했고 조 차장이 죽는 시늉까지 약속하며 굴복한다.,"우성일·박진훈으로 이어지는 역정보 통로, 조 차장의 약점과 강제 충성을 얻는다.",정보우위·내부관계·권력,박진훈의 비밀 공격 통로가 김민재가 통제하는 함정으로 바뀐다.,허위 결함 자료가 언론에 실리면 공개 반박과 박진훈 축출을 동시에 실행할 수 있다.,박진훈 공개 압박,허위기사 역공; 우성일 전향; 박진훈 퇴장,DCA-N03,0.95
50,50화,거짓 정보 (1),9210,9397,"우성일이 이노폰 극비 자료를 박진훈에게 넘기고, 박진훈은 거짓 결함 자료를 만들어 기자에게 전달하라고 지시한다.",우성일의 자료 전달을 촬영·녹음한 증거와 SAVE 반박자료를 세계 공개검증으로 이어 언론 공작을 되받는 보상.,이노폰 신뢰가 무너지기 전에 보도 공작 증거를 보전하고 허위 결함을 공개 검증할 무대를 준비한다.,박진훈이 우성일에게 거짓 결함 자료를 기자에게 넘기게 하자 강 대위 쪽이 전달 장면 영상과 음성 녹음을 확보한다. 1면 기사가 나온 뒤 김민재는 SAVE 반박자료를 제시하고 한국·미국·독일 동시 이벤트를 준비한다.,허위기사가 먼저 1면을 차지했고 박진훈 파벌은 그룹 내부와 언론에 걸쳐 있다. 확보한 증거만으로 배후 전부를 닫지는 못했다.,"강 대위가 우성일의 기자 접촉 장면과 음성 녹음을 이미 확보했다는 보고가 들어오고, 김민재는 기사 방어를 세 나라 공개행사로 확대한다.","우성일의 자료 전달 영상·음성 녹음, SAVE의 허위결함 반박자료, 한국·미국·독일 공개 이벤트 계획을 확보한다.",정보우위·공개대응,박진훈이 언론의 선수를 친 국면에서 김민재가 전달 증거·반박자료·세 나라 공개검증 계획으로 대응 주도권을 잡는다.,확보한 전달 증거와 세 나라 동시 공개검증으로 1면 허위기사를 소비자 앞에서 뒤집을 수 있는가?,우성일의 기자 접촉과 자료 전달 증거 확보; 기사 주장의 허위 확인; 세 나라 공개 이벤트 결정,공개 시연의 성패; 우성일·박 기자의 공개 시인과 정정 보도; 박진훈 파벌 축출,DCA-N03,0.95
51,51화,거짓 정보 (2),9398,9578,"뉴욕 타임스퀘어에는 이노폰 허위 논란을 직접 검증하려는 인파가 몰리고, 100대의 체험 기기가 이들을 기다린다",1천 대가 넘는 실제 기기와 두 내부자의 증언으로 거짓 기사를 광고와 고발로 전환하는 보상,소비자에게 이노폰을 직접 쓰게 하고 우성일과 박 기자를 사실 증언자로 돌려세운다,타임스퀘어·강남·독일에서 이노폰 1천 대 이상을 체험시키고 우성일의 공작 시인과 박 기자의 돈·거짓 자료 기사화 약속을 받아낸다.,짧은 준비 시간 안에 세 나라 행사를 운영해야 하고 기자와 부사장 모두 자기 책임을 피하려 한다,세 나라 공개 체험에서 결함이 없다는 반응이 나오고 우성일은 지시받은 공작을 시인하며 박 기자는 받은 돈과 자료를 기사로 쓰겠다고 약속한다.,1천 대 이상 실물 검증과 정정·고발로 이어질 우성일·박 기자의 협조 약속을 얻는다.,공개검증·내부전향,제품 결함 논란이 김민재의 주장 대 박진훈의 주장인 상태에서 소비자 검증과 내부 증언이 박진훈을 겨누는 상태로 바뀐다,박 기자가 약속한 정정과 돈 기사가 실제 지면에 실려 판매와 사장단 판단을 돌릴 수 있는가?,세 나라 공개 체험으로 허위 결함을 반증하고 우성일·박 기자의 협조 약속을 받아낸다,"정정기사의 파급, 밀린 판매, 박진훈 축출 여부는 다음 판단으로 남는다",DCA-N03,0.95
52,52화,거짓 정보 (3),9579,9758,"정정기사와 해외 언론의 옹호로 허위 비방은 뒤집혔고, 출시된 이노폰은 곧바로 재고 부족에 부딪힌다",30만 대 완판·해외 주문과 살생부의 박진훈 축출을 한 회차에서 실제로 회수하는 보상,정정 보도를 판매 회복으로 연결하고 박진훈을 태우전자에서 끌어내린다,정정기사 뒤 이노폰 30만 대를 즉시 팔고 미국 30만·유럽 10만·한국 10만 주문 속에 박진훈을 축출한다,즉시 공급할 재고가 한정되어 있고 박진훈 파벌을 몰아낸 뒤 전자를 책임질 후계 결정도 필요하다,국내 재고 30만 대가 팔리고 미국 30만·유럽 10만·한국 10만 주문이 들어오자 사장단이 김민재를 차기 사장으로 추천한다,"국내 재고 30만 대 완판, 미국 30만 대·유럽과 한국 각 10만 대 주문, 월 10만 대 이상 수요를 확인하고 박진훈 퇴진과 사장단의 만장일치 태우전자 사장 추천을 받는다.",판매·복수·후계지위,허위보도에 흔들리던 이노폰과 박진훈 체제가 세계 주문이 밀려드는 제품과 김민재 사장 후보 체제로 뒤집힌다,김민재가 요구한 것은 사장 직함이 아니라 지분이다. 김태중이 태우전자의 실제 소유권을 넘길 것인가?,이노폰 허위보도; 국내 재고 30만 대 완판과 해외·국내 주문; 박진훈 퇴진; 태우전자 사장 추천,태우전자 지분 상속과 소유주로서의 경영권은 요구만 제시된 채 남는다,DCA-N03,0.95
53,53화,주인이 되다 (1),9759,9940,태우전자 사장 추천을 받은 김민재가 직함이 아니라 지분을 요구한 직후,김태중의 지분과 사장단 승인을 받아 계열사를 자기 책임으로 고칠 권한을 얻는 보상,태우전자 지분과 사장 권한을 확보하고 다음 구조조정에 쓸 금융 지렛대를 찾는다,김태중에게 태우전자 지분을 상속받아 만장일치로 사장에 취임한 뒤 현재그룹 장 회장의 자금난을 듣고 SAVE 자금으로 차입을 유도할 미끼를 던진다,20대 초반 사장의 정당성을 증명해야 하고 현재그룹과의 금융 접촉에서 SAVE 실소유도 숨겨야 한다,정부가 현재그룹의 돈줄을 막은 가운데 장 회장의 차입 욕심이 SAVE 차입 미끼에 걸릴 약점으로 드러난다.,태우전자 지분과 사장 직위를 동시에 받아 생산·인사·투자 결정을 직접 책임질 수 있게 된다,소유권·직위·금융지렛대,사장 후보였던 김민재가 지분을 가진 태우전자 소유주·사장이 되고 현재그룹의 자금난까지 새 거래 기회로 읽는다,SAVE 차입 미끼가 현재그룹의 자금 위기를 더 키울 것인가?,박진훈 후임과 태우전자 지분 승계를 사장단 만장일치로 확정한다,첫 출근 생산·인사 개혁; SAVE 차입 미끼의 실제 실행과 현재그룹 반응,DCA-N04,0.95
54,54화,주인이 되다 (2),9941,10126,태우전자 지분과 사장 인사권을 처음 행사하는 출근일,공장·불량품·1천5백 명 인사를 실물 지시로 바꾸고 내부 기술 유출자까지 찾아내는 보상,생산과 고객 보상 원칙을 세우고 직원 능력을 재배치하면서 중국 산업스파이를 특정한다,"첫 출근에 공장 세 곳 전환·불량품 전면교환을 지시하고 사무직·연구원·개발팀 1,500명을 전수 검토해 적성 인사 이동 규모를 산정한다.",대규모 이동이 조직을 흔들 수 있고 이중 소속 표시는 수사·징계에 쓸 법적 증거가 아니다,직원 명부의 능력과 소속을 대조하던 중 개발3팀 직원에게 태우전자와 화이텐전자 두 소속이 함께 뜬다,"불량품 전면교환 원칙과 공장 세 곳 생산 전환, 1,500명 전수 검토에 따른 인사 이동 기준을 세운다.",생산개혁·인사·보안,상징적 사장 취임이 공장과 고객에게 적용되는 운영 명령으로 바뀌고 내부 유출이라는 첫 장애물이 특정된다,감사팀을 섣불리 움직이지 않고 강인식이 계좌·재산·접촉 증거를 찾아낼 수 있는가?,첫 출근의 생산 전환·전면교환·인사 재배치 방침을 확정한다,화이텐전자 이중 소속자의 실제 간첩 행위와 증거 확보는 미결이다,DCA-N04,0.95
55,55화,주인이 되다 (3),10127,10326,퇴근 무렵 강인식이 화이텐전자 산업스파이의 증거를 확보했다는 연락을 보내자 김민재가 그의 사무실로 향한다,계좌와 신축아파트라는 표면 증거로 유출선을 끊고 500명 넘는 직원을 적성에 맞게 돌려놓는 보상,산업스파이의 금전 증거를 확보하고 첫 인사 재배치를 실행한다,산학 협력과 아파트 지원을 내걸어 연구 인재를 모으고 정보 유출자를 찾아낸 뒤 사무직 20퍼센트인 수백 명을 적성에 맞는 새 보직으로 옮긴다.,해고·고발에는 추적 가능한 자금 증거가 필요하고 대규모 전보는 직원 불안을 키운다,샌디 웨일이 딸에게 기금과 기밀을 넘기려 하자 다이먼이 20년 충성을 부정당하고 공개적으로 결별한다,"정보 유출자 처분 근거와 사무직 20퍼센트·수백 명의 새 보직, 연구 인재 확보 조건을 얻는다.",보안·인사·핵심인재기회,태우전자 내부의 중국 유출선은 증거로 제압되고 미국에서는 김민재가 심은 다이먼 영입의 틈이 예상보다 일찍 열린다,샌드 웨일과 공개적으로 결별한 다이먼의 일이 회귀 전보다 몇 년 앞당겨졌다는 사실을 김민재는 기회로 읽는다,산업스파이의 금전 흔적을 확보하고 첫 대규모 적성 재배치를 집행한다,다이먼의 앞당겨진 결별을 김민재가 어떻게 영입 기회로 바꿀지는 아직 협상 전이다,DCA-N04,0.95
56,56화,주인이 되다 (4),10327,10491,장거리 비행 끝에 SAVE에 도착한 김민재 앞에서 뺨이 부은 다이먼이 샌드 웨일과의 결별을 토해낸다,세계급 구조조정가와 애플을 되살릴 창업자 복귀표를 한 협상에서 확보하는 보상,다이먼에게 독립성과 전권을 주어 영입하고 월가 주주들을 잡스 복귀 쪽으로 돌린다,격분한 다이먼에게 독립 금융회사와 전권을 약속해 영입하고 애플 이사회에 잡스 복귀안을 올린다,다이먼은 오랜 스승과 결별해야 하고 애플 이사들은 잡스의 독단과 주가 하락 책임을 두려워한다,SAVE가 3년 뒤 주가 하락분을 30% 얹어 사겠다고 보증하자 파생상품 이해관계까지 가진 이사들이 찬성으로 돌아선다,"잡스와 이사들의 찬성 전환, 다이먼·우성자동차 판돈, 태우전자의 이노폰 생산 계약을 얻는다.",핵심인재·주주권·경영권,영입 제안과 이사회 반대가 다이먼의 독립 금융회사 합류와 잡스 복귀안의 표 확보로 전환된다,자금이 부족한 애플 대신 누가 넥스트 인수금 5억 달러를 부담하고 어떤 권리를 가져갈 것인가?,다이먼의 전권 조건과 잡스 복귀의 주주 동의를 확보한다,넥스트 인수금 부담주체·대가; 잡스의 실제 CEO 복귀,DCA-N04,0.95
57,57화,주인이 되다 (5),10492,10663,애플 이사회에서 김민재는 SAVE가 넥스트 인수금 전액을 부담하는 대신 미래 소프트웨어 소유권을 요구한다,애플의 현금 부담 없이 잡스를 돌려보내고 다이먼을 태우 구조조정 설계자로 전환하는 보상,SAVE가 넥스트 거래를 끝내고 다이먼에게 태우의 취약한 순환지분을 해체할 판을 맡긴다,SAVE가 넥스트 5억 달러 인수금을 내고 미래 소프트웨어 권리를 받아 잡스를 애플 CEO로 복귀시킨 뒤 다이먼이 태우중공업 지분 구조를 검토한다,소프트웨어 권리를 지켜야 하고 태우중공업 적대인수는 김태중과의 관계를 돌이킬 수 없게 만들 수 있다,다이먼은 그룹 27%·김태중 개인 10%라는 취약한 지분을 보고 계열사를 통한 적대인수가 가능하다고 판단한다,NEXT 5억 달러 계약·잡스 CEO 복귀·미래 소프트웨어 권리와 다이먼이 짚은 태우 지분의 취약성을 얻는다.,기술권리·핵심인재·지배구조,애플 복귀 협상이 닫히자 다이먼의 임무가 미국 금융에서 태우중공업 지분전으로 즉시 바뀐다,김태중에게 들키지 않고 취약한 계열사 지분부터 모아 부채 사업을 떼어낼 수 있는가?,넥스트 인수·잡스 복귀·소프트웨어 권리 문제를 계약으로 닫는다,태우중공업 40% 확보와 계열사 매각을 둘러싼 조손 충돌이 열린다,DCA-N04,0.95
58,58화,주인이 되다 (6),10664,10840,"다이먼은 태우그룹의 27%보다 많은 지분이 필요하다고 계산하고, 김민재는 명동에서 모은 태우중공업 13%를 공개한다",은행 예금과 현재그룹 자금난을 이용해 공개 매수 없이 지배지분 경로를 만드는 보상,명동·은행·현재그룹의 태우중공업 주식을 김민재 쪽으로 모을 거래선을 연다,명동의 태우중공업 13퍼센트에서 시작해 현재그룹에 인수대금을 대는 조건으로 태우 주식까지 받는다,지분은 여러 기관에 흩어져 있고 거래가 김태중에게 알려지면 가족 관계와 계획이 동시에 무너진다,현재그룹에 인수대금을 대는 대신 그들이 가진 태우 주식을 받는 교환안까지 다이먼이 설계한다,명동 13%와 현재그룹·은행 지분을 연결할 비밀 매집 경로를 확보한다,지분수집·비밀금융,취약성 진단이 명동의 실물 지분과 자금난 기업·은행을 잇는 적대인수 실행판으로 바뀐다,은행 지분 술자리를 준비하면서 민재는 이번 거래가 할아버지와의 관계를 돌이킬 수 없게 만들 수도 있음을 자각한다.,태우중공업 13% 출발지분과 현재그룹 주식 교환 원칙을 정한다,6개 은행의 태우 지분 계약; 조손 관계의 비용; 살만의 사우디 협상,DCA-N04,0.95
59,59화,흑기사 (1),10841,11024,태우전자에 출근한 김민재는 우성일에게 이노폰과 가전 판매 상승을 보고받고 공장 확대와 품질 변화를 점검한다,달러 예금으로 국내 지분을 사고 왕실의 욕망에 맞는 실물 선물로 정유 동맹을 여는 보상,은행 보유 태우중공업 주식을 모으고 살만에게 아람코 협력의 문을 열 선물을 건넨다,6개 은행과 태우중공업 지분 양도 가능성·10억 달러 예금 조건을 맞추고 다음 날 계약서에 도장 찍기로 한 뒤 사우디에서 살만에게 검을 내보인다.,은행은 대가 없이 주식을 내놓지 않고 사우디의 장기 협력은 돈만으로 살 수 없다,"은행들은 10억 달러 예금과 태우중공업 지분 약 10퍼센트 양도안을 검토해 다음 날 날인하기로 하고, 살만은 민재가 가져온 검에 주목한다.",6개 은행의 계약 전 협상선과 살만 접견·검 제시까지 확보한다.,지분·왕실관계·실물상징,"국내 비밀 매집이 6개 은행의 태우중공업 지분 약 10퍼센트 양도 협상과 사우디 왕실을 향한 실물 외교로 확장되지만, 은행 지분 소유는 다음 날 날인 전이다.","은행들이 다음 날 실제 날인할지, 살만이 표트르 대제의 검에 어떻게 반응할지 아직 열려 있다.",6개 은행 접촉; 10억 달러 예금·지분 양도 조건 협의; 다음 날 날인 일정 확보,은행 지분계약 실제 날인; 살만의 검 감정과 사우디 거래,DCA-N04,0.95
60,60화,흑기사 (2),11025,11199,사우디의 살만은 표트르 대제의 검을 받아 들고도 국왕이 되고 싶은 욕망을 숨긴 채 김민재의 의도를 살핀다,왕실 호의와 다이먼의 구조조정 기술을 결합해 태우중공업 지분을 가진 세 회사를 장악하는 보상,사우디 협력의 씨앗을 심고 태우중공업 지분 보유 계열사 세 곳을 아크만 명의로 인수한다,살만에게 표트르 대제의 검을 주고 귀국해 아크만 명의로 태우 중소계열사 3곳을 적대인수한다,김태중의 순환지분 회사들은 순순히 팔리지 않고 비리 자료를 쓰면 조손 관계가 돌이킬 수 없이 깨질 수 있다,다이먼은 미국 언론과 김태중 비리 자료를 협상 지렛대로 쓸 수 있다고 제안한다,살만과의 관계 진전과 아크만 명의 중소 계열사 세 곳의 경영권을 얻는다.,왕실동맹·계열사지배,선물 외교가 사우디 협력선으로 이어지고 비밀 매집은 세 계열사의 실제 경영권 취득으로 진전한다,가족을 보호하면서도 비리 자료를 어디까지 써서 남은 지분을 가져올 수 있는가?,살만에게 차르의 검을 전달하고 첫 세 계열사 인수를 마친다,태우중공업 과반 경쟁과 비리 자료 사용의 한계는 남는다,DCA-N04,0.95
61,61화,흑기사 (3),11200,11399,아크만 펀드가 태우중공업 적대적 인수를 공시하고 주주총회를 뒤집자 김태중의 계열사 방어전도 멈춘다,지분 우위와 사우디 5조 원 정유안을 맞바꿔 조선 부채를 그룹 밖으로 떼는 보상,김태중에게 태우중공업의 현실을 인정시키고 조선 대신 정유를 선택하게 만든다,아크만이 태우중공업 36퍼센트를 모아 태우 측 20퍼센트를 앞서자 사우디 5조 정유사 안을 김태중에게 내민다,김태중은 기업 규모를 줄이는 일을 싫어하고 아람코 투자는 당장 집행되는 돈이 아니다,김민재는 SS오일·태우화학·중공업 정유부문의 합작을 제시하면서 실제 가능성 속에 시점의 허풍을 섞는다,태우 측을 앞선 36% 지분과 조선 분리안을 논의할 협상 주도권을 확보한다,지배지분·사업선택,몰래 모은 지분이 김태중에게 숨길 카드에서 조선과 정유 중 하나를 선택하게 할 공개 압박으로 바뀐다,김태중이 5조 원 정유안을 믿고 태우조선 분리매각을 허락할 것인가?,아크만의 지분 우위를 확정하고 김태중 앞에 정유 대안을 올린다,사우디 계약서 확인과 조선 분리 승인·매수자는 미결이다,DCA-N04,0.95
62,62화,흑기사 (4),11400,11547,아람코 합작 정유회사라는 미끼 앞에서 김태중은 태우화학과 중공업을 합쳐 정유시장을 잡자는 제안을 저울질한다,사우디 직인 계약서로 허풍을 거래 가능한 사실로 만들고 부채 가득한 조선을 매각 대상으로 확정하는 보상,아람코 계약의 진위를 증명해 태우조선 분할·매각 승인을 받아낸다,사우디 직인 계약서를 보여 태우중공업에서 조선을 떼고 SS오일·태우화학과 정유사를 만들자고 설득한다,"조선의 상징성과 고용, 오강철·하청비리와 막대한 부채가 매각 판단을 무겁게 만든다",사우디 직인이 찍힌 문서를 보자 사장단과 김태중이 정유 합작을 믿고 조선 매각을 김민재에게 맡긴다,태우조선을 중공업에서 떼어 부채·오강철과 함께 팔 수 있는 공식 결정권을 얻는다,계열사분리·매각권,지분을 이용한 압박이 사장단의 정식 분할매각 승인으로 바뀌어 태우조선 부채를 그룹에서 끊을 길이 열린다,다이먼이 태우조선을 얼마에 팔고 부채와 오강철까지 매수자에게 넘길 수 있는가?,아람코 계약의 진위를 입증하고 태우조선 분리 원칙을 승인받는다,실제 매매가격·매수자·노조와 하청비리 처리는 열려 있다,DCA-N04,0.95
63,63화,흑기사 (5),11548,11745,태우증권과 며칠간 협상을 마친 다이먼은 강인식 사무실에서 태우조선 매각 계약서를 김민재에게 내민다,조선 부채를 떼어내고 2조 원 전자 부채의 다음 수술 부위를 숫자로 확인하는 보상,태우조선을 현금화해 그룹 부채를 줄이고 태우전자의 이자 부담을 낮출 다음 거래를 찾는다,다이먼이 태우조선을 1조2천억 원에 사서 자금을 아람코 법인에 묶고 태우전자 2조 부채도 진단한다,매각대금은 아람코 합작법인에 묶이고 태우전자 2조 원 부채는 연 100억 원 이상 이자를 발생시킨다,다이먼의 부채 진단을 들은 김민재가 이번에는 흑자인 휴대폰 사업부를 떼어 팔겠다고 김태중에게 제안한다,태우조선을 1조2천억 원에 매각해 조선 부채를 그룹 밖으로 떼고 전자 부채의 절감 목표를 특정한다,부채분리·현금·다음매각,조선 매각이 완료되자 구조조정의 표적이 적자 계열사에서 성공한 휴대폰 사업부로 옮겨 간다,김태중은 이노폰을 성공시킨 휴대폰 사업부 매각을 받아들일 것인가?,태우조선 매매와 매각대금의 아람코 법인 배치를 끝낸다,태우전자 2조 부채와 휴대폰 사업부의 애플 교환은 새 과제로 열린다,DCA-N04,0.95
64,64화,되팔이 (1),11746,11893,김민재는 태우전자 최고 판매 부서가 된 휴대폰 사업부를 떼어 팔아 부채를 줄이자고 김태중에게 제안한다,현금매각이 아니라 애플 지분·공동브랜드를 받아 장기 기술동맹으로 바꾸는 보상,김태중에게 휴대폰 사업부 매각 검토를 받아내고 태우조선 파업 공작의 증거를 모은다,김태중에게 애플 주식 10% 교환과 공동브랜드 조건을 설명해 매각 검토를 끌어낸 뒤 오강철·하청업체의 태우조선 파업 모의를 감시한다,"김태중의 애착과 성공사업 매각 반대, 오강철의 노조·하청업체 동원이 동시에 가로막는다",강인식은 오강철이 하청업체 사장과 접촉하고 노조 간부가 회동한다는 정황을 보고한다,휴대폰 사업부를 애플 지분과 바꿀 협상안을 공식 검토 대상으로 올린다,가족협상·노사위험·기술지분,조손 설득이 조건부 검토까지 진전하지만 이미 팔린 태우조선에서는 비리 세력이 파업을 준비한다,파업 전에 오강철과 하청업체의 돈·동원 증거를 잡아 정당한 매각 절차를 지킬 수 있는가?,휴대폰 매각의 목적·애플 교환 조건을 김태중에게 설명해 검토선을 연다,"태우조선 파업 증거, 매수자 경쟁, 김태중의 최종 동의는 남아 있다",DCA-N04,0.95
65,65화,되팔이 (2),11894,12073,"오강철이 이끄는 태우조선 파업이 예상보다 일찍 시작되고, 미국 감사업체가 찾은 하청 비리가 그 배경으로 떠오른다",비리 증거로 명분 없는 파업을 끊고 현재·삼진 등 재벌의 경쟁심으로 가격을 올리는 보상,오강철의 하청 비리를 수사기관에 넘기고 복수 매수자가 서로 더 높은 값을 쓰게 만든다,태우조선 파업의 하청비리를 검찰에 넘기고 현진·삼진·현재를 잠재 매수자로 경쟁시킨다,노조가 움직이기 전에 수사해야 하며 현재와 삼진의 경쟁이 실제 인수 제안으로 이어질지는 불확실하다,현재그룹과 삼진그룹이 상대에게 조선을 내주기 싫어한다는 감정이 가장 강한 가격 지렛대로 드러난다,파업을 법적으로 제압할 자료와 태우조선 매각가를 높일 다자 경쟁구도를 확보한다,노사정리·매각경쟁,매각을 막을 파업 공작이 오히려 수사 명분이 되고 단일 매수자 협상이 재벌 간 입찰전으로 바뀐다,오강철을 실제로 제거한 뒤 어느 경쟁자가 태우조선 부채까지 떠안을 것인가?,하청 비리 자료를 넘기고 현재·삼진·현진을 매수 경쟁에 세운다,"오강철 처분과 최종 매수 계약, 애플 휴대폰 협상은 열려 있다",DCA-N04,0.95
66,66화,되팔이 (3),12074,12283,파업 중인 거제 태우조선에서 오강철은 하청업체 검찰수사에 맞서 전관 변호인단을 사장실로 불러들인다,조선 비리 세력을 법으로 떼어내는 한편 조부의 거부를 공식 주주권 승부로 바꾸는 보상,태우조선을 깨끗한 매물로 만들고 김태중에게 휴대폰 사업부의 최종 매각 승인을 요구한다,오강철과 비리 하청업체를 법적으로 제거해 태우조선 매각판을 정리한 뒤 애플 협상을 보고하지만 김태중이 휴대폰 사업부 매각을 끝내 거부한다,노조 후폭풍보다 더 큰 장애물은 그룹 창업자인 김태중의 명시적 반대다,설득이 모두 실패하자 김민재는 회장 허락과 별개로 주주총회에서 매각을 결정하겠다고 선언한다,태우조선을 비리 없이 팔 수 있는 상태와 휴대폰 매각을 표결에 부칠 법적 선택지를 얻는다,법적정리·조손충돌·주주권,오강철의 사적 방해는 닫히지만 휴대폰 매각 갈등은 가족 대화에서 지분을 겨루는 공개 절차로 격상된다,김민재가 우호 의결권을 모아 김태중의 반대표보다 많은 표를 만들 수 있는가?,오강철·비리 하청업체의 매각 방해를 수사와 법적 조치로 제거한다,휴대폰 매각 찬반과 조손 관계의 손상은 주주총회로 넘어간다,DCA-N04,0.95
67,67화,되팔이 (4),12284,12471,김태중이 휴대폰 사업부 매각을 끝내 거부하자 김민재는 회장 허락 없이 주주총회 의결로 넘기겠다고 맞선다,명동·국민연금·은행의 실제 의결권으로 총수의 감정과 독립된 회사 결정을 증명하는 보상,매각 찬성표를 모아 김태중과 같은 투표함 앞에서 공식 지배권을 겨룬다,김태중 허락 없이 주주총회 의결로 휴대폰 사업부를 팔겠다고 맞서고 우호 의결권을 모은다,김태중의 위세가 일반 주주를 압박하고 우호지분을 공개하면 가족 분쟁으로 보일 수 있다,설명 절차를 생략한 투표장에서 김태중이 첫 표를 넣고 김민재가 두 번째로 뒤따르며 대결이 가시화된다,국민연금·명동·은행을 결집해 매각안을 표결로 결정할 수 있는 의결권 블록을 만든다,의결권·가족권력,사적인 반항으로 보이던 매각안이 모든 주주가 지켜보는 공식 찬반투표로 전환된다,개표에서 찬성 30%가 김태중 쪽 반대 25%를 실제로 넘어설 것인가?,우호 의결권 확보와 주주총회 상정을 끝내고 투표를 시작한다,개표 결과·매각 승인·김태중의 독립경영 인정은 아직 나오지 않았다,DCA-N04,0.95
68,68화,실패 (1),12472,12681,휴대폰 사업부 매각 찬반투표가 끝나고 계열사 사장과 주주들은 당당히 시선을 받는 김태중 앞에서 개표를 기다린다,주총 승리와 CES 제품 반응을 함께 받아 매각할 사업부의 값을 세계 무대에서 증명하는 보상,개표로 매각권을 확정하고 CES에서 슬라이드폰·TV·엠피맨의 시장 가능성을 시험한다,국민연금·명동·은행 지분으로 찬성 30% 대 반대 25%를 만들어 매각안을 통과시킨 뒤 CES에 슬라이드폰·가전·엠피맨을 전시하고 스티브에게 엠피맨을 건넨다,조손 갈등의 감정 비용과 아직 검증되지 않은 엠피맨의 높은 가격·적은 저장량이 남는다,스티브가 엠피맨을 직접 들어 보면서 실패한 한국 제품이 애플의 다음 혁신 씨앗으로 바뀔 가능성이 열린다,"휴대폰 사업부 매각 승인과 태우전자 독립경영 원칙, CES의 세계적 관심을 얻는다",주주권·제품검증·조손관계,김태중의 거부가 주총 패배로 끝나고 매각 대상 제품들은 CES 중앙 무대에서 오히려 더 높은 가치를 증명한다,엠피맨을 본 스티브가 애플 이사회에 어떤 인수안과 미래 제품을 제시할 것인가?,주주총회 찬반 결과와 휴대폰 매각의 법적 권한을 확정한다,애플 이사회 승인·교환 조건·엠피맨 기술의 생존은 열려 있다,DCA-N04,0.95
69,69화,실패 (2),12682,12849,"CES 행사장에 클린턴을 비롯한 정재계 인사가 모이고, 김민재는 이들과 거리를 둔 채 데이비드를 따라 주차장 약속으로 향한다",현금이 부족한 애플의 문제를 SAVE 자금으로 막고 지분·브랜드 협상으로 진입하는 보상,애플 이사들에게 휴대폰 사업부 인수의 미래가치를 설명하고 자금 반대를 제거한다,스티브가 태우 휴대폰 사업부 인수안을 애플 이사회에 올리고 김민재가 SAVE에서 공장까지 포함한 인수자금을 대겠다고 약속한다,애플은 10억 달러 부채를 안고 있고 이사진은 컴퓨터 회사가 휴대폰 공장을 사는 위험을 우려한다,SAVE가 인수비 전액을 부담하겠다고 하자 이사회의 가장 큰 현금 반대가 사라진다,애플과 태우가 구체적인 주식 교환·공동브랜드 조건을 협상할 수 있는 승인을 얻는다,글로벌협상·인수금융,허황된 인수안으로 보이던 거래가 SAVE의 자금 보증으로 실행 가능한 이사회 안건이 된다,김민재는 현금 대신 애플 지분과 공동로고를 얼마나 받아낼 수 있는가?,애플의 인수자금 부족 문제를 SAVE 보증으로 해소한다,태우 측 교환 대가·최종 계약·공장과 직원 이전은 미결이다,DCA-N04,0.95
70,70화,실패 (3),12850,13024,부채뿐인 애플을 상대로 김민재는 휴대폰 사업부의 대가를 현금 대신 상호 지분 10%와 공동 로고로 요구한다,당장의 슬라이드폰 이익을 포기하고 애플 10%·구글 49%라는 장기 지분으로 바꾸는 보상,휴대폰 사업부의 대가를 현금이 아니라 세계 IT 지분과 공동브랜드로 확정한다,애플과 주식 10퍼센트 교환·공동로고를 합의하고 SAVE가 인수비를 낸 뒤 구글 49퍼센트를 10억 달러에 산다,매각 협상 중에도 슬라이드폰 주문이 폭주해 넘기는 사업의 기회비용이 계속 커진다,연속 흥행을 본 우성일도 아쉬워하지만 김민재는 더 큰 지분을 위해 현재 이익을 포기하기로 한다,"애플 주식 10%·공동로고, 구글 우호지분 49%와 SAVE가 부담하는 인수 구조를 확보한다",글로벌지분·브랜드·기회비용,국내 최고 휴대폰 사업의 소유권이 애플·구글 지배력과 장기 기술동맹으로 교환된다,슬라이드폰 주문이 폭주하자 우성일은 곧 애플로 넘어갈 휴대폰 사업부가 많이 아깝다고 털어놓는다,애플과 휴대폰 사업부의 주식 교환·공동로고·인수자금 조건을 합의한다,애플로 사업부가 완전히 넘어가기 전 생산 확대와 김민재의 태우전자 사장 이후 역할은 남는다,DCA-N04,0.95
71,71화,실패 (4),13025,13225,김민재는 우성일에게 애플 매각의 큰 그림과 태우전자 사장 승계를 설명한 뒤 500대도 못 판 엠피맨 성적을 듣는다,실패한 MP3 원천팀을 해체하지 않고 애플 제품개발과 음원 유통망으로 옮기는 보상,"황영철에게 디지털케이스 지분 전량 양도 의사를 받아 직원·기술을 보존하고, 태우전자 사장직에서 그룹 기획으로 옮길 동의를 구한다.",500대도 못 판 엠피맨의 황영철에게 디지털케이스 지분 전량 양도 의사와 직원 보너스용 50억 원 추가 지급 조건을 받아 직원·기술의 애플 이동을 마련한다. 한정훈에게 MCA 레코드 지분 협상을 맡긴 뒤 김태중에게 기획실 이동을 요청한다.,"제품 판매 실패와 음원 부족, 연속 계열사 매각으로 상한 김태중의 마음을 함께 감수해야 한다",황영철이 지분 전량을 넘기겠다고 하고 김민재가 직원 보너스용 50억 원을 당일 입금하겠다고 약속한다. 한정훈은 MCA 지분 협상을 위해 출발하고 김태중은 그룹 세계화 구상을 받아들인다.,"황영철의 디지털케이스 지분 전량 양도 의사, 직원 보너스용 50억 원 지급 약속, 직원·황영철의 애플 재출발 경로와 김태중의 세계화 구상 동의를 얻는다. 우성일 사장 임명·김민재 기획실 발령·MCA 지분 취득은 아직 실행 전이다.",기술구제·직책교대·가족화해,"실패한 MP3 팀은 해체 대신 애플 재출발 경로를 얻고, 김민재는 태우전자 사장직을 떠나 그룹 기획으로 옮길 의사를 김태중과 합의하지만 공식 인사·MCA 지분 취득은 남는다.","김태중의 동의를 실제 기획실 인사로 만들고, 한정훈이 파나소닉의 MCA 레코드 지분을 받아 첫 세계화·음원축을 열 수 있는가?",엠피맨 실패 진단; 디지털케이스 지분 양도·50억 원 지급 합의; 직원·황영철의 애플 이동 경로; 그룹 세계화 방향 동의,우성일 사장 임명·김민재 기획실 발령; MCA 레코드 지분 협상·취득; 중국 자동차 진출,DCA-N04,0.95
72,72화,진출 (1),13226,13417,태우전자 일을 우성일에게 넘긴 김민재가 새 사장급 기획본부장으로 그룹 본사 정문에 들어선다,그룹 전체 조정권과 중국 최고위 인맥의 약점을 이용해 실제 판매 허가를 여는 보상,쩡훙친을 만나 중국 진출 조건을 탐색하고 공개적 위협 없이 신뢰 지렛대를 찾는다,사장급 기획본부장이 되어 루마니아산 태우차 중국 판매를 설계하고 쩡훙친을 만난다,외국 완성차의 허가·관세 장벽이 높고 권력자의 사생활을 잘못 건드리면 거래가 끝난다,쩡훙친의 상세정보에서 숨겨진 아들이 있다는 사실이 드러나지만 김민재는 이를 협박이 아닌 보호 카드로 삼으려 한다,전 계열사 세계화 권한과 중국 판매를 결정할 쩡훙친과의 직접 협상 자리를 확보한다,직책·중국관계·정보우위,기획본부 이동이라는 직책 변화가 중국 권력자와 대면하는 첫 해외 자동차 협상으로 구체화된다,쩡훙친의 아들과 체면을 지키면서 허가·관세 우대를 얻을 수 있는가?,태우전자 이후의 그룹 기획 권한과 중국 협상 창구를 확인한다,"숨겨진 아들의 안전, 중국 판매 허가와 포드 합작 제안은 미결이다",DCA-N05,0.95
73,73화,진출 (2),13418,13604,상하이 식당에서 쩡훙친과 마주한 김민재는 그의 호위가 호적에 못 올린 숨겨진 아들이라는 상세정보를 읽는다,아들의 안전과 체면을 지켜 주는 대가로 중국 자동차 허가·관세 우대와 장기 꽌시를 얻는 보상,쩡훙친을 안심시키고 루마니아산 태우차의 중국 판매 길을 연 뒤 포드 합작 가능성을 제시한다,쩡훙친의 아들 안전과 체면을 지켜 중국 판매 허가·관세 우대를 받고 포드 합작안을 꺼낸다,"권력자의 가족 비밀과 외국 자동차 규제, 포드와 태우 사이에 기존 합작 접점이 없다는 의심이 압박한다",김민재가 포드 지분 20%를 이미 보유하고 있다는 사실이 3사 합작을 허황된 제안이 아닌 실행안으로 바꾼다,"중국 판매 허가·관세 우대와 쩡훙친의 신뢰, 포드를 협상장에 부를 지분 지렛대를 얻는다",권력관계·시장허가·지분,가족 비밀은 협박거리가 아니라 상하이방 장기 동맹과 중국 판매허가로 전환되고 포드 합작안까지 열린다,포드가 태우·상하이자동차와 생산·판매권을 나누는 3사 합작에 응할 것인가?,쩡훙친의 가족 위험과 중국 판매 허가 문제를 신뢰 거래로 닫는다,포드의 합작 동의와 중국 현지법인 조건은 아직 열려 있다,DCA-N05,0.95
74,74화,진출 (3),13605,13786,포드 지분 20%를 가진 SAVE의 영향력을 숨긴 채 김민재는 김태중에게 중국 실판매가 먼저 나와야 한다고 설명한다,루마니아차 완판과 음원·배터리 연구를 묶어 자동차·전자 세계화가 서로 돈을 벌게 하는 보상,중국 판매 실적을 만들고 포드 협상·MCA 음원 유통·전기차 배터리 연구의 조건을 갖춘다,포드 대주주 지위를 활용하며 MCA 레코드로 최초 음원구매 사이트와 전기차·배터리 연구를 준비한다,루마니아 생산량이 작고 합법 음원 확보에는 대형 유통사가 필요하며 전기차는 아직 투자 시점이 이르다,중국 정부의 관세 우대 아래 생산차가 거의 모두 팔려 포드에 내밀 수요 증거가 생긴다,"중국 완판 기록과 MCA 인수 경로, 전기차·휴대폰 배터리 선행 연구 지시를 확보한다",시장검증·콘텐츠권리·기술씨앗,허가만 있던 중국 진출이 실제 완판으로 증명되고 자동차 협상은 음원·배터리까지 잇는 그룹 세계화로 넓어진다,중국 2만 대·월 5천 대 수요가 포드를 3자 합작 계약으로 끌어들일 만큼 충분한가?,루마니아차의 중국 첫 판매 시험을 완판으로 닫는다,포드·중국 합작 파트너의 지분·공장 조건과 MCA 계약,DCA-N05,0.95
75,75화,진출 (4),13787,13971,두 달을 기다린 김민재에게 기획실장이 중국 누적 2만 대·월 5천 대 판매와 루마니아 공장의 생산 한계를 보고한다,세 회사의 공장·차종·유통망을 묶어 외환위기에도 달러를 벌 중국 수출기지를 만드는 보상,포드·태우·상하이자동차의 지분과 역할을 확정하고 중국 정치자금 통로까지 설계한다,중국 판매 2만 대·월 5천 대 실적으로 포드·태우·상하이자동차 3자 합작을 타결한다,세 회사가 이익과 의사결정권을 나눠야 하고 상하이방 자금 통로는 향후 권력교체에도 안전해야 한다,합작 합의 뒤 김민재는 쩡훙친 측에 상하이방으로 자금이 자연스럽게 흐를 구멍을 따로 만들라고 주문한다,중국 완성차 합작 조건과 미국시장 진입·외환위기 수출 현금원으로 쓸 생산기반을 얻는다,합작계약·중국정치관계·수출기반,시험 판매가 포드·태우·상하이자동차의 실제 합작안으로 올라서고 단기 판매가 장기 정치동맹과 연결된다,합의한 조건을 법인·공장으로 옮기고 상하이방 자금 통로를 노출 없이 운용할 수 있는가?,3사 합작의 기본 지분·생산·판매 조건을 타결한다,합작법인 출범과 태우 전 계열사의 인터넷 전환은 아직 실행 전이다,DCA-N05,0.95
76,76화,진출 (5),13972,14141,1996년 중반 포드·태우·상하이 합작회사가 출범해 금형과 부품을 중국으로 옮기는 동안 국내 성장률은 7%대로 내려간다,백화점 전자상거래와 법 개정 전 HTS를 미리 만들어 인터넷 시장의 선두 시간을 사는 보상,합작법인을 실제로 출범시키고 태우백화점·증권의 인터넷 전환 승인을 받는다,1996년 3자 합작회사를 출범시키고 태우백화점 전자상거래·태우증권 HTS 보고서를 김태중에게 올린다,HTS 관련법은 아직 바뀌지 않았고 기존 계열사 임원들은 인터넷 사업의 수익을 확신하지 못한다,법 개정 뒤 경쟁사에 주어질 시간이 고작 네 달이라는 설명이 김태중에게 선행개발의 필요성을 납득시킨다,"중국 합작법인과 태우 전 계열사 인터넷 전환 방침, HTS 사전 개발 승인을 확보한다",해외법인·디지털전환·개발시간,자동차 합작의 종이 합의가 법인으로 현실화되고 기획본부의 표적은 전 계열사의 인터넷 선점으로 교대한다,법이 열리기 전 네 달 동안 실사용 가능한 HTS와 전자상거래 조직을 만들 수 있는가?,중국 3사 합작법인을 출범시키고 인터넷 전환 보고를 승인받는다,IT 인재 채용·전담팀 구성·HTS 완성은 남아 있다,DCA-N05,0.95
77,77화,진출 (6),14142,14342,태우그룹이 IT 전문가 공개채용을 시작하자 기획실장은 모든 이력서를 직접 보겠다는 김민재의 지시를 만류한다,전문팀·자율 출퇴근제와 제프리의 성과 문화를 한꺼번에 넣어 낡은 IT 조직을 깨우는 보상,분야별 IT 인재를 뽑아 세 팀을 만들고 제프리에게 조직 혁신을 맡긴다,IT 인재를 뽑아 전자상거래·음원·HTS 팀과 자유출퇴근제를 만들고 제프리를 한국으로 부른다,기존 직원들은 경직된 출퇴근·연공서열에 익숙하고 제프리의 속도와 압박을 견뎌야 한다,제프리가 도착한 지 30분 만에 전자상거래팀부터 몰아붙이자 평온하던 부서가 성과 중심 전쟁터로 변한다,"전자상거래·음원·HTS 전담팀과 자유출퇴근제, 이를 실제로 밀어붙일 제프리를 확보한다",인재조직·업무문화,승인만 있던 인터넷 사업이 이름과 책임자가 있는 실행팀으로 바뀌고 조직의 작업 강도도 되돌릴 수 없이 올라간다,도착 30분 만에 전자상거래팀을 뒤엎은 제프리의 지옥훈련을 직원들이 버티고 네 프로젝트를 실제 제품으로 완성할 수 있는가?,전자상거래·음원·HTS·호텔예약/A·S 네 팀의 채용·역할·자율출퇴근제와 제프리 투입,제프리의 한 달 훈련과 직원 이탈 여부; 전자상거래·HTS·호텔예약·A/S 네 프로젝트의 완성,DCA-N05,0.95
78,78화,1997년 (1),14343,14507,1997년 새해 기획본부장실에서 김민재는 중국 10만 대와 미국 70% 성장이라는 자동차 실적을 보고받는다,좋은 실적에 취해 외화부채를 늘리지 않고 태국에서 시작될 위기를 오히려 투자 기회로 잡는 보상,일본 단기차입을 막고 조지와 태국 부동산·금융 거품 공격의 규모를 정한다,1997년 중국차 10만 대·미국 70퍼센트 성장에도 김태중이 통신사업용 일본 차입을 추진하자 막는다,김태중은 싼 일본 돈으로 통신사를 사고 싶어 하고 태국 공격은 아시아 전체를 흔들 큰 위험이다,조지가 태국의 거품을 독자적으로 찾아내 한국까지 번질 외환위기의 첫 표적을 제시한다,수출 성장으로 달러 현금원을 확인하고 일본 차입의 위험을 김태중에게 제동 걸 협상 여지를 얻는다,외화부채·시장정보·수출현금,성장 실적을 근거로 빚을 늘리려던 국면이 태국발 자본이탈에 대비해 현금을 보존하는 국면으로 뒤집힌다,SAVE와 퀀텀이 태국에 얼마를 걸어야 한국 위기 전 충분한 현금을 확보할 수 있는가?,중국·미국 자동차 실적을 확인하고 일본 차입 위험을 공식 의제로 만든다,태국 투자액·한보 부도 뒤 명동 정리·김태중의 최종 중단은 남는다,DCA-N06,0.95
79,79화,1997년 (2),14508,14696,"조지는 태국 부동산·금융 거품을 함께 먹자고 제안하고, 김민재는 SAVE의 150억 달러를 투입하겠다고 응한다",150억 달러 포지션과 이선일의 현금을 준비하고 끝내 김태중에게 국가부도를 직접 경고하는 보상,태국 붕괴에 베팅하고 국내 인수 확장을 멈추도록 김태중에게 외환위기의 실체를 밝힌다,SAVE 150억 달러와 퀀텀 자금을 태국에 걸고 이선일의 한보 부도 정리를 확인한 뒤 계속 기업을 사려는 김태중 앞에서 대한민국이 부도난다고 선언한다,한보가 무너진 뒤에도 김태중은 값싼 계열사 인수를 고집하고 국가부도 주장은 손자의 망발로 들릴 수 있다,김민재가 화이트보드의 인수 대상을 뜯어내며 지금까지 숨긴 국가부도 예측을 처음으로 가족 앞에 꺼낸다,태국 숏 포지션과 명동의 위기 현금을 준비하고 김태중의 무한 확장에 제동을 걸 공개 경고를 한다,위기투자·가족충돌·현금방어,해외 투자 준비가 국내 경영 원칙을 둘러싼 조손 정면충돌로 번지고 미래지식이 처음 국가부도라는 말로 표면화된다,김태중은 대한민국 부도 경고를 믿고 신규 기업 인수를 실제로 멈출 것인가?,태국 공격 자금과 한보 부도 직전 명동의 현금 정리를 확정한다,김태중 설득·인수중단·차기 정부를 향한 정치 방패는 미결이다,DCA-N06,0.95
80,80화,1997년 (3),14697,14870,처음으로 목소리를 높인 손자 앞에서 김태중이 손을 떨자 김민재는 다가올 위기를 파도가 아닌 쓰나미라고 설명한다,신규 인수를 멈추고 차기 정부와의 관계를 선택하되 불법 비자금 흔적은 남기지 않는 보상,외환위기 구조를 설명해 김태중의 인수를 중단시키고 야당 후보 지원 원칙을 정한다,국가부도와 대마불사의 종말을 설명해 김태중에게 신규 인수 중단과 야당 후보 지원 결정을 받아낸다,김태중은 위기에도 매물을 사고 싶어 하고 기존 정치자금은 그룹 비자금 꼬리표가 남아 감옥 위험이 있다,그룹이 매년 세탁해 둔 정치 비자금의 존재가 드러나자 김민재는 완전히 다른 합법 외형의 전달 방식을 찾기로 한다,조부의 위기 공감·신규 인수 중단·차기 정부 우호 노선이라는 방어 원칙을 얻는다,경영원칙·정치방패·법적위험,국가부도 경고가 가족 말다툼에서 실제 인수중단과 정권교체 대비로 바뀌지만 자금 전달 방식은 새 위험으로 남는다,100억 원 정치후원금을 그룹과 연결되지 않은 합법 수익처럼 만들 수 있는가?,김태중에게 국가부도 위험과 신규 인수 중단을 납득시킨다,야당 후원회장 펀드의 수익 조성·증거 단절은 아직 설계 단계다,DCA-N06,0.95
81,81화,1997년 (4),14871,15040,김민재는 비서실장·기획실장과 함께 야당 후원회장의 10억 원을 월가 펀드에서 100억 원으로 불릴 자금 전달안을 짠다,후원회장 개인 펀드의 10배 수익으로 돈과 증거를 분리하고 위기 매수용 200억 달러를 현금화하는 보상,정치자금을 합법 투자수익처럼 지급하고 SAVE의 비IT 자산을 달러 현금으로 바꾼다,야당 후원회장 펀드를 3개월 만에 10배로 만들어 100억 정치자금을 합법 수익처럼 지급한다,짧은 기간의 과도한 수익은 의심을 부를 수 있고 은행·기업 붕괴 전에 현금화를 끝내야 한다,기업 부실이 은행으로 번지는 구조가 가시화되자 김민재는 200억 달러를 2천억 달러로 불릴 매수장에 대비한다,100억 원 지원의 자금 꼬리를 끊고 야당 우호관계와 200억 달러 이상 유동성 준비를 얻는다,정치자금·유동성·증거차단,불법 비자금 전달 과제가 개인 펀드 수익이라는 외형으로 닫히고 정치 대비가 위기 자산 매수 준비로 넘어간다,현금 200억 달러를 어떤 국내 매물과 세계 IT 지분에 먼저 배치할 것인가?,야당 후원회장에게 약속한 100억 원을 펀드 수익 형태로 지급한다,외환위기 매물 인수; 김태중의 재계 역할; 세계 IT 지분 배치,DCA-N06,0.95
82,82화,1997년 (5),15041,15242,1997년 8월 스티브가 예고 없이 한국을 찾아오자 김민재는 태우전자 건물에서 그와 단둘이 마주한다,냅스터보다 먼저 합법 음원판을 준비하고 뜻밖의 김태중 전경련 회장직을 구조조정 지렛대로 바꾸는 보상,애플의 디지털음원 대응을 잡고 김태중이 재계 대표로 선출된 이유와 쓸모를 확인한다,잡스와 냅스터 조기 출현을 논의하는 동안 김태중이 뜻밖에 전경련 회장으로 추대된다,기존 음반사는 온라인 전환을 두려워하고 전경련 회원들은 위기 책임을 떠넘길 대표를 원한다,김태중이 아무 말도 하지 않았는데도 다른 총수들이 차기 전경련 회장으로 일제히 추대한다,전경련 회장단이 김태중을 차기 회장으로 미는 일제 추대안과 정부 빅딜 창구가 될 가능성을 얻는다.,산업대표·디지털음원·위기권력,개별 기업 방어가 김태중을 재계 전체 구조조정의 얼굴로 추천하는 국가급 역할 제안으로 확장된다.,일제 추천을 받은 김태중이 차기 전경련 회장직을 실제로 받아들일 것인가?,냅스터 조기 대응 방향; 전경련 회장단의 차기 회장 일제 추천,김태중의 전경련 회장직 수락·선출; 조손 화해; 매각대금 사용; 빅딜 지휘,DCA-N06,0.95
83,83화,국가 부도의 날 (1),15243,15431,"광화문 곰의 고택 앞에는 자금을 구하려는 기업 회장들의 차가 줄을 서고, 경호원은 이선일의 면담 금지 지시를 지킨다",조선·휴대폰 매각대금 약 3조 원을 새 매물 자금으로 돌려 조손 갈등을 공동 사냥으로 바꾸는 보상,김태중과 화해하고 매각대금·전경련 권한·아람코 달러를 위기 인수판에 배치한다,김태중에게 조선·휴대폰 매각대금 약 3조를 인수자금으로 쓰자고 밝히며 위기 속 역할을 되돌린다,김태중은 매각 상처가 남아 있고 정부의 빅딜은 다른 총수들의 반발까지 떠안을 자리다,김민재는 평소라면 걱정할 김태중의 탐욕이 지금은 헐값 기업을 사는 전문성이라는 점을 받아들인다,"김태중의 신뢰와 약 3조 원 인수재원, 전경련 빅딜 지휘·아람코 달러 회수 동의를 얻는다",조손화해·인수재원·재계권한,계열사를 판 손자와 지키려던 조부의 갈등이 위기 매물을 함께 고르는 역할 분담으로 바뀐다,환율 정점에 아람코 달러를 들여와 부채를 모두 갚고 정유 지분까지 얻을 수 있는가?,매각대금의 용도와 김태중의 위기 인수 역할을 합의해 조손 갈등을 닫는다,100억 달러 환전·그룹 부채상환·SS오일 협상은 남는다,DCA-N06,0.95
84,84화,국가 부도의 날 (2),15432,15607,12월 환율이 다시 치솟자 김민재는 기획실장을 불러 아람코 합작회사에 묶인 100억 달러를 당일 이동시키라고 명령한다,100억 달러로 그룹 빚을 전부 갚고 SS오일 지분 협상까지 여는 무부채 생존 보상,달러를 원화로 바꿔 모든 부채를 상환하고 박 회장에게 SS오일 교환안을 받아들이게 한다,환율 정점에 아람코 자금 100억 달러를 옮겨 태우 모든 부채를 갚고 SS오일 지분을 협상한다,"대규모 환전과 부채상환 뒤에도 박 회장의 SS오일 애착, 사우디 실제 투자 조건이 남는다",김태중과 김민재가 각본대로 식사 협상을 연기해 박 회장이 SS오일 협상과 사우디 방문을 받아들인다,국내 유일의 부채율 0% 대기업 지위와 SS오일 지분을 넘겨받을 기본 합의를 얻는다,부채·환율·정유지분,외환위기 방어자금이 장부상의 대비를 넘어 그룹 전 부채 상환과 정유 자산 교환으로 현실화된다,김태중의 사우디 방문이 말뿐인 약속을 6조 원 실계약과 원유 공급으로 바꿀 수 있는가?,100억 달러 환전과 태우그룹 부채 전액 상환을 완료한다,SS오일 지분 이전·아람코 합작 서명·안정 원유 공급은 아직 협상 중이다,DCA-N06,0.95
85,85화,국가 부도의 날 (3),15608,15801,"김태중이 사우디에서 확답을 받아 SS오일 지분을 정리한 뒤, 김민재는 아람코 투자금 규모를 기다린다",SS오일 정리와 6조 원 서명·원유 공급을 받아 무부채 태우의 생존판을 정유 현금원으로 확장하는 보상,김태중의 사우디 협상으로 SS오일 지분과 아람코 투자계약을 실제 문서로 확정한다,김태중이 사우디에서 SS오일을 정리하고 압둘라에게 태우 정유 6조 투자 계약 서명을 받는다,MOU만 받아오면 위기 때 쓸 수 없고 왕실·박 회장·태우 세 이해관계의 지분을 맞춰야 한다,압둘라가 직접 투자계약에 서명해 말뿐인 지원이 아니라 실행 의무가 있는 거래가 된다,"SS오일 재편, 태우 정유 6조 원 실계약과 장기 원유 공급선을 얻는다",정유자산·왕실계약·에너지공급,연극처럼 시작한 박 회장 설득이 사우디 왕실 서명과 안정적 원유라는 실물 계약으로 닫힌다,워싱턴의 IMF 관계자들은 태우의 무부채와 새 정유 계약을 믿고 인수 자율성을 인정할 것인가?,SS오일 지분 정리와 압둘라의 6조 원 투자 서명을 완료한다,IMF 신뢰·아이팟과 음원사이트의 소비자 검증은 다음 무대다,DCA-N06,0.95
86,86화,국가 부도의 날 (4),15802,15983,워싱턴 IMF 건물로 간 김민재는 하버드 선배인 임원들에게 태우가 한국 유일의 부채율 0% 기업이라는 평가를 듣는다,워싱턴의 제도 신뢰와 아이팟 3일 완판·애플 주가 급등을 동시에 받는 보상,IMF 임원에게 태우의 건전성을 각인시키고 CES에서 아이팟과 합법 음원사이트를 공개한다,워싱턴 IMF 임원에게 무부채 태우를 각인하고 잡스와 아이팟·음원사이트를 CES에서 공개한다,대한민국 경제주권을 쥔 IMF의 불신과 아직 시장이 없는 MP3·유료 음원이 위험이다,아이팟이 3일 만에 매진되고 애플 주가가 일주일 사이 두 배가 되면서 실패 기술이 세계 제품으로 증명된다,IMF 우호관계와 애플의 소비자·주가 보상을 얻어 국내 위기 매물을 살 명분과 자산가치를 키운다,국제신뢰·제품흥행·주가,국내 생존 준비가 IMF의 우호와 애플 제품 흥행으로 검증되어 이제 방어가 아니라 헐값 인수로 넘어갈 수 있다,귀국한 다이먼이 재계 4위 카이자동차를 어느 가격과 조건으로 가져올 것인가?,무부채 태우의 IMF 설명과 아이팟·음원사이트 첫 출시 검증을 닫는다,카이자동차 인수와 국내 음원·통신 시너지는 새 과제로 열린다,DCA-N06,0.95
87,87화,국가 부도의 날 (5),15984,16165,미국 출장에서 돌아온 김민재를 김태중이 저택에서 맞아 얼굴이 반쪽이라며 미국산 소고기까지 걱정한다,카이자동차 인수판과 베리뮤직 실시간 순위를 동시에 열어 자동차·콘텐츠·통신 확장의 출발점을 만드는 보상,다이먼에게 카이자동차 인수를 맡기고 베리뮤직의 이용 데이터를 순위로 바꾼다,다이먼을 한국으로 불러 카이자동차 인수를 시작하고 베리뮤직 실시간 순위 시스템을 지시한다,카이 채권단과 경쟁 재벌이 기다리고 있고 음원사이트만으로는 통신 가입자까지 묶을 수 없다,음원 순위와 이노폰2·아이팟 로열티를 점검하던 김민재가 자체 통신회사가 필요하다는 다음 인수 이유를 발견한다,"카이자동차 입찰팀과 국내 음원 플랫폼의 성장 장치, 통신사 인수 명분을 확보한다",인수준비·디지털콘텐츠·통신구상,위기 매수용 현금이 카이자동차라는 첫 표적과 베리뮤직·통신을 엮는 그룹 확장안으로 구체화된다,카이 채권단 앞에서 현금 조건이 현재자동차의 출자전환안보다 강한가?,다이먼의 국내 인수 임무와 베리뮤직 순위 시스템 지시를 확정한다,카이 우선협상권·지분 51%·통신사 인수는 미결이다,DCA-N07,0.95
88,88화,빅딜 (1),16166,16347,전경련과 정부 회담에 시달리던 김태중은 정부가 재계 빅딜을 자신에게 맡겼다며 손자에게 하소연한다,미래 약속이 아니라 달러 현금 3조5천억 원으로 경쟁안을 압도해 우선권을 얻는 보상,채권단에 가장 확실한 현금 회수안을 제시하고 경쟁사보다 앞선 인수 지위를 확보한다,카이자동차 채권단에 현금 3조5천억 원을 달러로 제시해 현재자동차의 출자전환안을 압도한다,현재자동차는 출자전환을 내세우고 채권단은 더 높은 가격을 받으려 줄다리기를 이어간다,김태중이 달러 현금 지급을 못 박자 다른 후보가 같은 조건을 내기 어렵다는 사실이 분명해진다,카이자동차 채권단에 3조5천억 원 현금이라는 가장 강한 조건을 내고 김태중의 후계 신뢰를 확인한다.,현금입찰·채권단·조손신뢰,여러 재벌의 구조안 경쟁이 태우의 즉시 현금 제안으로 기울어 채권단 선택지가 사실상 하나로 좁아진다,채권단이 태우를 최종 선택해 카이자동차 지분 51%를 넘길 것인가?,3조5천억 원 달러 현금이라는 최종 입찰조건을 확정한다,최종 인수계약·브랜드 통합 여부·새 사장 영입은 남는다,DCA-N07,0.95
89,89화,빅딜 (2),16348,16547,사장단은 TV 속보로 태우가 카이자동차 지분 51%와 경영권을 인수했다는 발표를 보고 환호한다,지분 51%를 확보하되 태우자동차에 흡수하지 않고 두 브랜드가 경쟁하게 하는 보상,카이자동차를 인수해 독립 체제를 정하고 회생을 맡길 S급 경영자를 찾는다,카이자동차 지분 51%를 인수하고 태우자동차와 별도 브랜드·내부경쟁 체제를 택한 뒤 S급 구조조정가 카를로스 곤을 찾아 프랑스에서 대면한다,"카이의 부채와 낮은 생산성, 태우자동차와의 조직 충돌을 해결할 외부 경영자가 필요하다",상세정보가 가리킨 카를로스 곤을 직접 보자 김민재는 그가 프랑스의 악마라 불릴 만큼 강한 개혁자임을 확인한다,"카이자동차 과반 지분과 독립경영 원칙, CEO 후보와의 첫 협상 자리를 얻는다",소유권·브랜드전략·CEO후보,현금 입찰이 실제 과반 소유로 닫히고 인수의 초점은 가격에서 회사를 되살릴 경영자 선택으로 이동한다,카를로스 곤이 한국에서 해고·공장 개혁 전권을 받는 조건을 수락할 것인가?,카이자동차 51% 인수와 별도 브랜드 원칙을 확정한다,카를로스 곤 영입·구조조정 실행·김태중의 승인은 열려 있다,DCA-N07,0.95
90,90화,빅딜 (3),16548,16721,김민재는 비대칭 눈썹과 S급 업무 능력을 지닌 카를로스 곤과 마주 앉아 카이자동차 대표 영입 협상을 연다,"카를로스 곤의 5년 이상 계약·독립경영 수락을 실제 영입으로 닫고, 고연진과의 첫 맞선에서 훗날 경영권 분쟁 가능성만 인식한다.","카를로스에게 전권을 줘 카이자동차 대표로 영입하고, 김태중이 마련한 고연진과의 첫 만남에서 상대를 파악한다.",S급 카를로스 곤에게 경영 전권을 약속해 카이자동차 사장으로 영입·소개한 뒤 고연진과 맞선에서 그녀의 미래 승계분쟁 가능성을 읽는다,"카를로스는 파격 보수와 경영전권을 요구하고, 고연진의 현재 경영 의지·불만은 아직 드러나지 않는다.",고연진이 훗날 CL을 상대로 소송할 인물이라는 회귀 기억이 맞선을 기업 내부 동맹 기회로 바꾼다,"카를로스 곤의 한국행·카이자동차 대표 수락, 5년 이상 고용·500만 달러 보수·독립경영 합의를 얻고 김태중에게 정식 소개한다. 고연진과는 첫 맞선·인사만 시작했을 뿐 승계동맹은 없다.",핵심경영자·승계정보·재벌관계,"카이자동차는 전권을 가진 회생 책임자를 얻고, 김민재는 김태중이 주선한 고연진과의 첫 만남에서 훗날 CL 경영권 분쟁 가능성만 기억한다.",고연진과의 첫 대화에서 그녀가 CL 복지재단·가족 승계에 관해 실제로 무엇을 원하는지 확인할 수 있는가?,카를로스 곤의 카이자동차 대표 수락·한국행·김태중 소개,고연진의 현재 의사 확인; CL 승계분쟁 가능성; 베리뮤직·CL 자산교환,DCA-N07,0.95
91,91화,빅딜 (4),16722,16900,CL의 장자 승계 원칙과 장남 사망을 떠올린 김민재는 맞선 자리의 고연진에게 회사 경영 욕심이 없는지 묻는다,장녀의 경영 의지와 방송 3사 팬덤을 묶어 배터리·통신 빅딜의 내부·시장 명분을 만드는 보상,고연진에게 승계 도전을 부추기고 베리뮤직이 방송 순위의 표준이 되게 한다,고연진에게 장녀 승계를 부추기고 아이돌 팬덤을 겨냥한 방송 3사 베리뮤직 후원을 지시한다,CL 총수의 장남 승계 의지와 배터리 자산 애착 때문에 직접 매각 요구는 거절될 가능성이 높다,김태중은 맞선에서 연애가 아니라 배터리 인수선만 찾은 손자의 의도를 알아차린다,CL 내부의 우호 인물과 아이돌 팬덤을 끌어올 방송 3사 후원 경로를 확보한다,승계동맹·콘텐츠시장·인수유도,개인 만남과 음원 순위 사업이 CL의 승계 균열과 미래자산을 노리는 빅딜 준비선으로 합쳐진다,CL이 배터리·통신을 내놓도록 태우 쪽에서 먼저 버릴 자산과 현금 대체재를 만들 수 있는가?,고연진의 승계 의지와 베리뮤직 방송 후원 방침을 확인한다,태우백화점·카드 교환안과 애국펀드의 실제 모금 성과는 남는다,DCA-N07B,0.95
92,92화,빅딜 (5),16901,17076,김민재는 현재 가치가 더 큰 태우백화점을 내주더라도 CL 배터리의 기술과 인재를 가져올 이유를 따진다,애국펀드라는 새 현금원을 실제 가입 폭주로 증명해 기존 소비자 계열사를 교환 가능한 자산으로 만드는 보상,태우카드·백화점 교환안을 설계하고 30초 애국펀드 광고로 증권 수익원을 띄운다,태우백화점·카드를 CL 배터리·통신과 바꾸는 빅딜을 설계하고 30초 애국 펀드 광고를 내보낸다,첫날 가입이 실패하면 카드 매출을 대신할 근거가 사라지고 CL과 협상할 내부 동의도 얻기 어렵다,광고가 나간 날 전국 지점으로 가입자가 몰리고 임원들의 휴대전화가 동시에 울린다,카드·백화점 대 배터리·통신의 거래안과 애국심에 반응하는 펀드 수요를 확인한다,금융상품·자산교환·대중반응,서류상의 빅딜 구상이 실제 고객의 펀드 가입으로 지지받아 태우카드를 놓을 수 있는 대체 현금원이 생긴다,첫날 가입 폭주가 실제 대규모 자금으로 이어져 CL을 협상장에 끌어낼 수 있는가?,애국펀드 광고를 공개하고 첫날 가입 폭주를 확인한다,최종 모금액·김태중의 카드 포기·CL의 선제 협상은 열려 있다,DCA-N07B,0.95
93,93화,WIN-WIN (1),17077,17271,애국펀드는 일주일 만에 직장인 월급·퇴직금·쌈짓돈을 모아 3조 원 목표를 채우고 박만덕까지 놀라게 한다,일주일 3조 원과 백화점 매각설로 상대가 먼저 찾아오는 협상 우위를 얻는 보상,펀드 실적을 김태중에게 보여 카드 미련을 누그러뜨리고 CL이 먼저 빅딜을 묻게 한다,애국 펀드가 일주일 만에 3조를 모으자 백화점 매각설을 흘려 CL이 먼저 협상하게 만든다,김태중은 카드에 애착이 있고 고승택은 태우가 배터리를 원한다는 사실을 알면 가격을 올릴 수 있다,김태중이 직접 넥타이를 매만지며 고승택과 맞설 손자를 지지해 조손 내부 반대가 협상 지원으로 바뀐다,"애국펀드 3조 원, 태우증권의 새 현금원과 CL통신·배터리 협상의 선제권을 얻는다",현금원·협상주도·조손지원,카드 대체안이 숫자로 증명되고 김태중의 반대가 지지로 돌아서면서 소문전이 총수 대 총수 협상으로 진입한다,고승택이 카드·백화점을 받고 통신·배터리를 내놓는 교환의 이익을 인정할 것인가?,애국펀드의 3조 원 모금과 그룹 내부의 빅딜 동의를 확정한다,"CL 총수의 수락과 교환 비율, 후속 소비유통 사업은 미결이다",DCA-N07B,0.95
94,94화,WIN-WIN (2),17272,17445,청담동 한정식집에서 고승택 회장과 식사를 마친 김민재는 태우와 CL의 계열사 교환 협상을 시작한다,현재그룹 견제 이익까지 얹어 포괄 빅딜을 합의하고 남은 유통망을 글로벌 소비사업으로 돌리는 보상,고승택에게 네 계열사의 교환을 수락시키고 스타벅스 한국 독점 협상을 연다,고승택에게 태우카드·백화점과 CL통신·배터리 교환 및 현재그룹 견제 이익을 제시해 합의를 끌어낸 뒤 스타벅스 한국법인 50대50 독점안을 준비한다,고승택은 성장자산을 내주는 위험을 계산하고 태우백화점 이후 소비 유통망의 새 수익원도 필요하다,CL 빅딜이 타결되자 김민재는 어울리지 않는다는 반론에도 데이비드를 통해 스타벅스 측과 이미 접촉 중임을 밝힌다,카드·백화점과 통신·배터리를 바꾸는 포괄 합의와 글로벌 커피 유통의 협상선을 얻는다,계열사교환·유통확장·재벌동맹,경쟁 재벌 간 자산다툼이 서로 필요한 계열사를 바꾸는 거래로 닫히고 소비사업의 빈자리는 스타벅스 협상으로 넘어간다,스타벅스가 한국법인 50대50와 태우의 독점 운영조건을 실제 계약으로 받아들일 것인가?,CL과 네 계열사의 포괄 교환 원칙을 합의한다,스타벅스 최종 계약과 각 계열사 연말 성적·태우건설 부진은 남는다,DCA-N07B,0.95
95,95화,WIN-WIN (3),17446,17615,데이비드는 스타벅스 임원과 입국해 한국법인 지분을 50%씩 나누는 독점계약까지 마친다,50대50 독점 유통권과 전자 20% 성장을 얻는 한편 부진한 건설의 책임자를 숫자로 드러내는 보상,스타벅스 계약을 확정하고 태우전자·건설의 실적 차이를 사장단 앞에서 결산한다,스타벅스 한국법인 50대50 독점권을 계약하고 태우전자 20퍼센트 성장과 태우건설 부진을 결산한다,외환위기로 건설시장이 얼어붙어 장수영은 수주할 외부 자금이 없다고 호소한다,태우전자의 국내외 성장 보고 직후 태우건설의 부진이 선명해져 장수영의 그룹 내 권력이 약해진다,"스타벅스 한국법인 50대50 독점권과 전자 20% 성장, 건설 재건의 명확한 문제표를 얻는다",유통권·계열사실적·인사권력,CL 거래 이후 소비사업 보상이 계약으로 닫히는 동시에 연말 회의가 태우건설을 다음 구조조정 표적으로 세운다,태우전자 보고가 끝나고 태우건설 차례가 오자 외환위기로 건설경기가 얼어붙은 현실이 회의실을 누른다,스타벅스 독점계약과 태우전자 연간 실적 평가를 완료한다,장수영이 수주 공백을 어떻게 설명하고 태우건설을 살릴 외부 사업을 어디서 구할지는 미결이다,DCA-N07B,0.95
96,96화,WIN-WIN (4),17616,17784,상반기 사장단 회의에서 장수영은 다른 계열사에 밀린 태우건설과 외환위기 수주 공백을 힘없는 목소리로 보고한다,퀀텀 이름과 7% 투자만으로 정부 사업의 운영권을 사고 태우건설을 시공사로 되살리는 보상,SAVE를 드러내지 않는 민자 컨소시엄 구조와 조지의 참여조건을 설계한다,장수영이 외부 자금 없이는 수주가 불가능하다고 하자 SAVE·퀀텀 7퍼센트의 비밀 민자 컨소시엄을 설계한다,정부 협상에서 무명 법인은 약하고 SAVE가 드러나면 국내 정치·세금 문제가 생길 수 있다,월가에서 가장 유명한 퀀텀펀드 이름을 컨소시엄 전면에 세우면 총알받이와 신뢰를 동시에 얻는다는 해법이 나온다,공사비 7퍼센트를 내고 장기 운영권을 노리는 해외펀드 명의 비밀 컨소시엄안을 설계한다.,민자금융·실소유은폐·건설재건,장수영의 자금 부족이 그룹 돈을 직접 쓰지 않고 해외펀드 이름으로 운영권을 노리는 설계안으로 바뀐다.,정부가 퀀텀 이름의 비밀 민자 컨소시엄에 장기 운영권을 주고 태우건설 시공을 허용할 것인가?,민자 컨소시엄의 투자비율·전면 명의·SAVE 은폐 방식을 정한다,정부 협상 결과와 40년 운영권·태우건설 수주는 열려 있다,DCA-N07C,0.95
97,97화,WIN-WIN (5),17785,17953,김민재는 다이먼 옆에서 휴대전화를 꺼내 퀀텀펀드 이름을 빌릴 조지에게 곧장 전화하려 한다,날인된 9호선 30년 운영계약과 아직 협상 전인 거가대교를 분리해 태우건설 회생의 첫 실물과 다음 표적을 보여 준다.,"퀀텀 이름·7% 자금을 끌어와 9호선 계약을 체결하고, 태우건설 주 시공·거가대교 40년 운영권 협상을 시작한다.",조지에게 퀀텀 명칭과 지분 7% 투자를 받아 컨소시엄을 세우고 정부와 9호선 3조5천억 원·30년 MRG·요금결정·운영 계약에 날인한다. 9호선 확장 변경과 거가대교 1조9천억 원 전액투자·40년 운영안은 다이먼에게 협상하라고 지시한다.,"9호선 주 시공사 지정과 확장 변경은 후속 협의가 필요하고, 거가대교는 정부 확답도 없어 90% 가능성과 높은 통행료 계산만 있다.","실제 날인된 것은 9호선 계약이고, 거가대교는 정부가 분담을 꺼리자 SAVE 전액투자·40년 운영조건을 들고 이제 협상을 시작하는 표적으로 갈린다.","퀀텀펀드의 명칭·지분 7% 참여와 9호선 총 3조5천억 원 중 9천억 원 투자, 30년 MRG·요금결정·운영권이 담긴 서명 계약을 얻는다. 태우건설 주 시공사 지정·9호선 확장 변경·거가대교 수주와 40년 운영권은 아직 미지급이다.",인프라운영권·건설지위·현금흐름,"비밀 민자구상은 9호선 서명계약으로 첫 실물을 얻지만, 태우건설의 실제 주 시공 지위와 거가대교는 후속 협상 단계에 남는다.",다이먼이 거가대교 1조9천억 원 전액투자·40년 운영안을 정부에 제시해 확답을 받고 태우건설 주 시공까지 확정할 수 있는가?,퀀텀 명칭·7% 참여 합의; 정부의 민자사업 발표; 9호선 30년 MRG·요금결정·운영 계약 날인,9호선 확장 계약변경·태우건설 주 시공사 지정; 거가대교 전액투자·40년 운영 협상; 다섯 추가 사업,DCA-N07C,0.95
98,98화,잠룡 (1),17954,18127,김민재 요청으로 열린 사장단 회의에서 그는 퀀텀 컨소시엄의 지하철 9호선·거가대교 계약부터 공개한다,건설 도급 반전과 27%짜리 통합 통신사를 함께 지급해 빅딜이 실제 운영조직으로 굳는 보상,사장단에 건설 성과를 결산하고 다이먼에게 세 통신사의 한 달 통합을 완료시킨다,사장단에 태우건설 수주를 공개하고 다이먼이 CL·신세계·태우 통신 3사를 한 달 만에 합병한다,서로 다른 조직·망을 합쳐야 하고 통합 뒤에도 시장 1·2위와의 점유율 차이가 크다,이주영이 연임 직후 김민재에게 보고하며 27% 점유율과 공격적 마케팅의 필요성을 인정한다,태우건설의 수주 신뢰와 단일 태우통신·이주영 사장 체제를 얻는다,건설지위·조직통합·통신점유율,민자 수주가 사장단의 공개 성과로 바뀌고 CL 빅딜의 통신자산도 한 회사로 되돌릴 수 없이 합쳐진다,이주영은 합병 뒤에도 1·2위보다 낮은 점유율을 공격적 마케팅으로 끌어올리겠다고 보고한다,태우건설 대형 수주 공개와 통신 3사 합병을 완료한다,27% 통합 통신사가 선두 두 업체를 따라잡을 구체적 마케팅과 애플 휴대폰 선공개의 효과는 열려 있다,DCA-N08,0.95
99,99화,잠룡 (2),18128,18314,태우통신은 CL·신세계 합산 27%로 업계 2위가 됐지만 KS텔레콤과는 여전히 15% 차이가 난다,해외 통신지분과 온라인 증권 기술을 확보한 뒤 게임을 제작하지 않고 유통하는 새 시장을 발견하는 보상,밸캐나다 전환사채를 선점하고 HTS를 완성해 IT 조직을 게임 유통으로 확장한다,태우통신 점유율을 높이려고 밸캐나다 전환사채를 일주일 만에 확보하고 HTS를 완성한다,국내 통신 상위사와 격차가 남고 임원들은 게임을 전자·IT 사업으로 보지 않는다,게임 제작을 직접 하자는 질문에 김민재가 여러 회사의 게임을 한 클라이언트에서 파는 플랫폼을 만들겠다고 밝힌다,"밸캐나다 전환사채와 완성 HTS, 게임·소프트웨어 유통에 투입할 조직 여력을 얻는다",해외지분·소프트웨어·플랫폼구상,점유율 마케팅 논의가 해외 자산과 HTS 완료를 거쳐 태우가 게임 유통망 자체를 소유하는 구상으로 넓어진다,게임사들이 플랫폼에 들어오게 하려면 어떤 독점 유통권·투자금·초기 카탈로그가 필요한가?,밸캐나다 전환사채 확보와 태우증권 HTS 완성을 닫는다,게임사 투자·독점 유통권; 전자 소프트웨어 유통 플랫폼 출시,DCA-N08,0.95
100,100화,잠룡 (3),18315,18491,"태우전자 IT부서는 250명까지 커졌지만 게임 유통은 생소한 구상이고, 플랫폼이 성립하려면 국내외 게임 권리를 대량으로 모아야 한다",CD 유통 시대에 앞서 MC소프트와 세계 게임을 묶은 전자 유통망을 실제 출시하는 선점 보상,린지를 닻으로 삼아 게임사 지분·독점 유통권과 충분한 초기 카탈로그를 확보한다,"임진태에게 100억 원·지분 20%와 린지 및 향후 전 게임 독점 유통을 제안해 계약하고, 한 팀장에게 해외 게임 권리·저작권 확보를 맡겨 5천 종을 모은 플랫폼을 출시한다","우성일은 기업 이미지 훼손을 걱정하고, 임진태는 지분 양도를 경계하며, 1만 종에 가까운 콘텐츠와 대규모 초기 투자가 필요하다",임진태는 파격 조건을 받아들일 뿐 아니라 훗날 IT 업계 거성이 될 대학 동료들을 소개하겠다고 나선다,"MC소프트 지분 20%와 장기 독점 유통권을 잡고, 5천 개 넘는 게임을 갖춘 플랫폼을 시장에 올린다",게임 IP·디지털 유통·인재망,게임 유통 아이디어가 MC소프트를 핵심 공급자로 둔 국내 최초급 ESD 서비스와 게임 인재 연결망으로 현실화된다,출시 버튼을 누른 민재는 성공을 확신하면서도 첫 사용자 반응을 기다리며 떨림을 감추지 못한다,"MC소프트가 100억 투자와 장기 독점 조건을 받을지, 플랫폼이 출시 가능한 물량을 모을지 결정된다",막 문을 연 플랫폼이 가입자·수수료를 얼마나 끌어모으고 해외로 확장할지는 아직 실적으로 증명되지 않았다,DCA-N08,0.95
101,101화,잠룡 (4),18492,18661,"플랫폼 출시 일주일 만에 가입자가 급증하고 린지 수수료만 하루 수천만 원을 벌지만, 인력·후속작·불법 복제가 성장을 가로막는다",초기 흥행을 개발사 지원·할인·통신 결합으로 증폭한 뒤 돌연 등장한 광화문 곰의 죽음으로 기업전선을 인물 미스터리와 잇는 전환,개발자와 소비자가 플랫폼을 떠날 이유를 없애고 불법 복제보다 강한 합법 구매 습관을 만든다,"얼리 액세스·후원제를 도입하고 IT 인력 500명 채용, 고전게임 50~75% 할인, 불법 CD보다 낮은 가격, 태우통신 게임 쿠폰 세 장과 전 업계 저작권 캠페인을 지시한다","미완성 게임에 대한 불만 위험, 기존 250명 조직의 과부하, 저작권 의식 부재와 장기간 적자를 감수해야 하는 치킨게임이 겹친다","북한 사업을 두고 김태중과 대화하던 중 정정하던 이선일의 급사가 전해지고, 장례식의 손자 이영한은 민재에게만 냉혈한처럼 태도를 바꾼다","린지 흥행과 플랫폼의 기하급수적 가입, 일일 수천만 원 수수료가 선행 투자 논리를 실제 매출로 입증한다",플랫폼 성장·소비 습관·명동 승계,"막 출시한 사이트는 개발사 지원과 통신 결합을 갖춘 확장 사업이 되고, 민재의 관심은 갑작스러운 이선일 사후 후계 문제까지 넓어진다",이영한과 악수한 민재의 손에는 사람 체온이 아니라 냉혈동물을 만진 듯한 차가움만 남는다,100화에서 미지급이던 플랫폼의 첫 주 성과는 가입·매출 급증으로 확인된다,"이선일이 왜 갑자기 죽었는지, 이영한의 차가운 태도가 무엇을 숨기는지, 불법 복제 공세가 효과를 낼지는 풀리지 않는다",DCA-N08,0.95
102,102화,잠룡 (5),18662,18838,"이선일 장례식에서 손자 이영한에게 불길함을 느낀 직후, 박동하 팀장이 건강했던 회장의 심장마비를 의심한다",두 후계 후보 중 누구도 성급히 밀지 않고 이선일과의 약속을 지킬 사람을 증거로 가려내는 신중한 승계전,살인 의혹과 명동 계승을 분리해 판단하면서 일본 자금이 빈자리를 차지하지 못하게 감시한다,"박 팀장에게 증거 전에는 명동 싸움에 개입하지 않겠다고 선을 긋고, 장영주에게 현재그룹 후계 다툼 불개입을 약속한 뒤 강 대위에게 명동 세력과 일본계 자금 흐름을 조용히 추적시킨다","박동하와 이영한 모두 상세정보상 살인 흔적이 없고, 이선일의 뜻을 확인할 유언도 없으며, 섣부른 지원은 집안싸움과 현재그룹 분쟁에 민재를 묶는다",박 팀장은 이선일의 심장이 건강했고 자신이 자리를 비운 사이 죽었으며 차명재산 절반은 자신만 접근할 수 있다고 밝힌다,강 대위가 이미 명동에 심어 둔 사람과 현지 후배망을 활용해 외부 자금과 세력 이동을 즉시 추적할 수 있게 된다,명동 승계·증거 기준·감시망,민재는 장례식 조문객에서 증거가 나올 때까지 중립을 지키되 명동의 외부 침투는 독자적으로 감시하는 잠정 심판자로 이동한다,"광화문 곰의 후계자가 누구인지 알 수 없는 채, 민재는 사람을 고르는 대신 명동 자체가 제대로 굴러가는지부터 보겠다고 정한다",박 팀장의 즉각 지원 요구에는 증거 전 불개입이라는 답이 내려진다,"박동하와 이영한 가운데 진짜 후계자가 누구인지, 일본 돈이 어느 편으로 들어오는지는 감시 대상이 된다",DCA-N09,0.95
103,103화,후계자 (1),18839,19009,"명동 비공식 감시가 시작된 가운데 태우 계열사는 연말 실적을 결산하고, 통신 1위 경쟁과 OTT 구상이 동시에 진행된다",플랫폼 성과를 확인하는 기업 보상 뒤에 일본 야쿠자 자금·도피 의사·거액 상속이라는 살인 단서를 연쇄로 드러내는 조사 전개,태우통신의 1위 기반을 넓히면서 일본 대부업의 국내 침투를 늦추고 이선일 사망의 실마리를 확보한다,"통신료를 KS보다 10% 낮추고 영화 스트리밍 서비스를 준비시키며, 일본계 2천억 원 유입을 확인하자 김태중을 통해 최고금리 시행령을 압박하고 SAVE 펀드 인맥·강 대위에게 카르텔과 의사를 추적시킨다","통신 출혈경쟁과 영화 배급·불법복제 문제가 남고, 정부·관련부처·정치권을 포함한 대부업 카르텔 가능성 때문에 공개 대응이 어렵다.","이선일 사망선고 의사가 필리핀으로 달아났고, 죽기 며칠 전 이영한에게 100억 원 넘는 재산이 넘어갔다는 두 단서가 겹친다","미국 플랫폼 이용자 100만 명, 태우통신의 1위 근접, 태우증권의 HTS 1위가 확인돼 디지털 결합 전략의 현금 기반이 증명된다",통신·OTT·명동 자금수사,연말 사업 점검은 일본계 사채 자금과 이선일 암살 의혹을 함께 쫓는 정부·금융·현장 정보전으로 변한다,의사와 이영한을 모두 의심해야 하는 민재는 풀을 두드려 숨어 있는 뱀이 먼저 모습을 드러내게 하기로 한다,일본 자금 유입 여부는 야쿠자를 거친 최소 2천억 원이라는 규모로 확인된다,"도피 의사의 진술, 이영한의 100억 상속 이유, 대부업 카르텔의 실체가 새 조사축으로 열린다",DCA-N09,0.95
104,104화,후계자 (2),19010,19211,"금감원의 반대로 최고금리 규제는 불투명하고, 강 대위는 필리핀에 숨은 사망선고 의사를 국내로 데려온다","막연했던 자연사 의혹을 청산가스 암살과 구체적 실행자, 후계 후보의 배신으로 좁히는 증거 지급",의사 진술과 능력 확인을 교차해 이선일을 죽인 실행망을 찾고 두 후계 세력의 진의를 판별한다,"김태중의 압박으로 법정최고금리 66%를 만들고, 의사를 심문해 박광도·청산가스를 알아낸 뒤 이준수의 공장 구매내역과 상세정보를 확인하고 그 단서를 양 진영에 흘린다","66%도 일본의 세 배인 고금리이고, 의사는 협박에 묶여 있으며, 박광도·이준수와 박 팀장의 관계는 정황을 넘어 입증해야 한다","이준수가 청산가스를 제조·주입한 사실을 확인한 뒤, 민재를 찾아온 박동하의 상세정보에 이준수 상무와 손을 잡음이 새로 뜬다","가짜 자연사 진술, 실제 사망원인, 오성파 행동대장 박광도와 실행자 이준수까지 이어지는 암살 고리가 증거로 특정된다",살인수사·후계 신뢰·대부업 규제,"원인불명 사망은 이준수·오성파가 얽힌 청산가스 암살로 바뀌고, 유력 후계자로 보였던 박동하는 배신 가능성이 큰 당사자가 된다",이영한을 범인으로 몰던 박동하의 얼굴 위로 이준수와 손을 잡음이라는 특이사항이 선명하게 떠오른다,"도피 의사의 소재와 이선일의 직접 사인은 확보되고, 이준수의 실행 관여도 확인된다","박동하가 왜 주군의 살해자와 결탁했는지, 이제 누구를 진짜 후계자로 세울지가 남는다",DCA-N09,0.95
105,105화,후계자 (3),19212,19368,"박동하가 이준수와 손잡았고 일본·오성파 자금이 그쪽으로 몰리지만, 이영한은 겉으로는 오만한 망나니처럼 보인다",냉혈한으로 의심받던 손자의 위장을 벗기고 10조 원을 실은 명동 금리전쟁을 여는 역전,이영한의 진심과 역량을 직접 시험해 광화문 곰의 약속을 이어받을 후계자인지 결정한다,"비밀 체육관에서 이영한을 몰아붙이고 미국 주식 정보를 미끼로 정체를 확인한 뒤, 이준수·박동하의 배신을 알려주고 10조 원을 대어 상대보다 계속 낮은 금리로 빌려주라고 지시한다","이영한은 차명재산 절반에 접근하지 못하고, 박동하는 명동 경험과 일본 자금을 함께 가졌으며, 출혈경쟁은 월가보다 낮은 수익을 감수해야 한다","미국 투자 사실을 아는 민재가 할아버지의 귀인임을 깨닫자 이영한은 무릎을 꿇고, 그동안의 무례가 범인을 찾기 위한 연기였다고 고백한다","민재는 광화문 곰이 숨겨 키운 진짜 후계자와 동맹을 맺고, 이영한은 일본계 자금과 맞설 10조 원의 실탄을 약속받는다",후계 선택·조손 약속·명동 자금전,"두 후보 사이의 관망은 이영한 지원으로 끝나고, 이선일과 맺은 명동 주인 약속은 손자를 통한 실행 단계에 들어간다",감사하며 머리를 조아린 이영한을 뒤로하고 민재는 하늘을 보며 광화문 곰과의 약속을 이제 지킬 수 있다고 생각한다,이영한의 망나니 태도와 이선일 사망 관여 의혹은 위장과 무관으로 풀리고 진짜 후계자가 정해진다,10조 원 금리전쟁이 박동하·이준수·일본 자금을 실제로 고갈시킬지가 새 승부가 된다,DCA-N09,0.95
106,106화,후계자 (4),19369,19527,이영한에게 10조 원을 약속했지만 민재가 명동을 직접 지휘하기엔 태우통신·OTT·차세대 전자기기 과제가 너무 많다,월가 인재를 음지 전쟁의 총지휘관으로 세우고 TV·특허·블루투스로 미래 플랫폼의 하드웨어를 미리 깔아 두는 확장,명동 가격전을 믿을 사람에게 넘기고 태우통신의 영화 서비스를 거실 TV까지 연결한다,"다이먼에게 이영한과 10조 원을 맡기고 무제한 광고비를 허용한 뒤, 우성일에게 셋톱박스형 인터넷 TV·관련 특허·무선 이어폰을 개발시키고 스크린쿼터 농성에 저작권 캠페인을 결합한다","일본 대부업은 양지 진출까지 노리고, 우성일은 인터넷 TV 수요와 과투자를 의심하며, 영화 배급·불법 다운로드·미성숙 블루투스 기술도 발목을 잡는다",다이먼은 명동 싸움을 김두한처럼 일본 자금을 몰아내는 한일전으로 받아들여 돈뿐 아니라 선전전까지 자청한다,"명동 전선에는 전담 지휘관과 한도 없는 실탄이 붙고, 태우전자는 OTT 접속 TV·특허·무선기기라는 구체 개발 명령을 확보한다",전선 위임·OTT 하드웨어·특허 선점,"민재 한 사람에게 몰렸던 명동 복수는 다이먼의 독립 작전이 되고, 컴퓨터에 갇힌 OTT는 TV·셋톱박스 생태계로 나아갈 설계도를 얻는다",미국의 배급사·애플·월가를 만나러 떠날 민재는 곧 터질 명동 전쟁을 직접 못 본다는 사실만 아쉬워한다,명동 전쟁의 현장 지휘자와 TV에서 OTT를 구현할 개발 방향이 정해진다,"인터넷 TV가 실제 제품으로 나올지, 미국에서 콘텐츠·아이폰·월가 문제를 어떻게 묶어 처리할지가 남는다",DCA-N09,0.95
107,107화,닷컴의 시대 (1),19528,19714,"SAVE는 100억 달러에 산 IT 주식이 400억 달러로 불어나 월가의 집중 압박을 받고, 민재는 폭락 전에 절반을 바꿀 기회를 맞는다",곧 거품이 될 주식을 세계적 게임·영상 IP와 아이폰 특허 우위로 치환하는 선견지명 보상,애플 지분은 지키면서 과열 IT 지분을 장기 플랫폼 자산과 현금으로 교환한다,"월가 여러 회사와 10시간 넘게 협상해 200억 달러 규모 주식을 나누고 블리야드 지분 100%를 10억 달러에 사며 넷플릭스 등 콘텐츠 지분을 받은 뒤, 애플에서 아이폰 시제품과 태우 특허 적용을 점검한다","하이에나들은 지분을 당장 내놓으라 압박하고, 교환 대상의 당대 평가는 낮으며, 아이폰은 터치·반응속도와 반도체 한계가 남아 있다",월가는 알짜 IT를 빼앗았다고 여기지만 민재는 폭락할 종이 대신 블리야드·넷플릭스와 미래 모바일 생태계를 손에 넣는다,"블리야드 100%와 영상 사업 지분, 아이폰에 들어갈 태우 특허 100건 이상의 로열티 지렛대가 장기 자산으로 굳어진다",포트폴리오·게임 IP·모바일 특허,단기 급등주 400억 달러에 치우친 자산은 폭락 방어가 된 현금·콘텐츠·게임 소유권과 애플 기술 영향력으로 재편된다,"스티브가 태우전자 없이는 시제품이 몇 년 늦었을 것이라 웃자, 민재는 아이폰에 꽂은 특허 빨대를 떠올리며 어색하게 웃는다","월가에 어떤 조건으로 IT 지분을 나눌지와 블리야드 인수 여부, 아이폰 시제품 존재가 확인된다","아이폰 완성 시점과 특허료 규모, 월가에 넘긴 급등주의 훗날 책임이 장기 루프로 남는다",DCA-N09,0.95
108,108화,닷컴의 시대 (2),19715,19880,"미국에서 게임 IP와 아이폰 진척을 확인한 민재가 귀국하자 태우통신은 근소한 1위이고, 명동 가격전에는 야쿠자가 보인다",스타크를 통신 브랜드로 선점하는 밝은 사업 전개 뒤에 이영한·민재 암살 모의가 구체화되는 위기 상승,젊은 고객층의 충성도를 e스포츠로 묶고 명동 동맹이 살해당하지 않을 최소 방어선을 친다,"태우통신에 임효한을 우선 영입한 최고 대우 게임단과 방송대회 스폰서를 지시하고, 강 대위의 200명 경호망·CCTV를 확인해 이영한을 살릴 범위의 보호를 강화한다","이주영은 e스포츠 개념조차 낯설어하고, 박동하 쪽은 치킨게임으로 돈이 마르며 오성파·야쿠자 인력이 명동에 집결한다",박동하는 김태중의 보복을 두려워하면서도 이준수의 설득에 넘어가 야쿠자로 이영한을 먼저 죽일 기회를 만들기로 한다,"민재 측에는 명동 전역 CCTV와 200명 넘는 즉응 인력이 이미 배치돼 있고, 태우통신은 스타크·플랫폼·게임단을 한 브랜드로 묶을 실행안을 얻는다",e스포츠·경호·암살위험,"통신 경쟁은 프로게임 선점전으로 넓어지고, 돈으로 싸우던 명동 분쟁은 상대 진영이 살인을 승인한 생존전으로 악화된다",박동하는 자기 조직 대신 야쿠자를 중간에 세워 이영한을 처리할 기회를 만들겠다고 답한다,귀국 뒤 e스포츠 활용법과 이영한 보호 범위가 정해진다,"야쿠자 암살 시도가 언제 닥칠지, 태우 게임단 계획이 실제 팀과 대회로 결실을 볼지는 미지급이다",DCA-N09,0.95
109,109화,닷컴의 시대 (3),19881,20080,"1998년 마지막 날, 박동하 진영은 이영한 암살을 승인했고 민재의 귀갓길에도 부산 번호판 덤프트럭이 위협적으로 스친다",상대가 넘은 살인의 선을 국가기관·명동 원로·자금 추적으로 되받아치는 전면 반격,"이영한의 목숨을 지키고 오성파의 무력, 박동하의 차명 돈줄, 이준수의 일본 자금을 동시에 끊는다","피습 소식을 듣자 특수부대 출신을 부산 반대세력에 붙이고 경찰·검찰·국세청에 차명계좌를 추적시키며, 명동 3인방을 만나 일본계 배후와 이준수의 암살 관여를 알리고 양지 금융 진출을 제안한다","이영한은 칼에 찔려 수술을 받고 강 대위도 다치며, 살인 증거는 약하고, 명동 원로들은 외환위기 때 손해를 안긴 민재에게 적개심이 있다",우연한 졸음운전처럼 보인 덤프트럭 경고가 이영한에 대한 같은 날 야쿠자 습격과 겹치면서 민재 자신도 표적임이 분명해진다,"사전 배치한 경호원이 이영한의 사망을 막고, 민재는 오성파·박동하·이준수를 칠 수사기관과 명동 원로의 대화 자리를 확보한다",생존·공권력·명동 연합,"예의를 지킨 금리전은 민재 본인까지 겨눈 암살전으로 바뀌고, 대응도 사채 경쟁에서 조직폭력·차명재산·합법 금융을 함께 치는 총공세로 커진다",민재는 명동 3인방에게 이미 음지를 떠났으니 이번 기회에 양지의 금융회사로 나오지 않겠느냐고 승부수를 던진다,"상대가 실제로 살인에 나설지는 이영한 피습과 민재에 대한 경고로 현실이 되고, 경호망은 최소한 생명을 지킨다","명동 3인방이 3금융권 제안을 받을지, 오성파와 차명 돈줄을 얼마나 빨리 무너뜨릴지가 남는다",DCA-N09,0.95
110,110화,닷컴의 시대 (4),20081,20250,"민재는 일본 대부업에 맞설 합법 금융사를 제안했지만, 명동 3인방은 과거 손실과 정부 개입, 부족한 자금 때문에 망설인다",옛 경쟁자 셋을 공동 주주로 바꾸고 피습한 이영한을 공개적으로 광화문 곰의 후계자 자리에 세우는 권력 지급,"명동은 이영한에게, 양지 대부업은 세 원로에게 나눠 일본 자금과 박동하 진영을 양면에서 고립시킨다","SAVE 자금과 각 25% 지분, 향후 주가 작업 협조를 조건으로 금융사를 설계하고, 병원의 이영한에게 명동 전념 약속을 받은 뒤 세 원로와 함께 명동을 돌게 한다","강 회장은 정부를 불신하고 세 사람 모두 일본 자금을 감당할 돈이 부족하며, 이영한은 복부 상처가 다시 번질 정도로 몸이 망가져 있다",가장 신중한 백 할매가 혼자라도 하겠다며 찬성하자 강 회장과 현금왕도 즉시 합류한다,"명동 3인방이 이영한의 후견인이 되고, 그들의 옛 구역 사람들이 광화문 곰의 손자를 새 중심으로 받아들이기 시작한다",명동 정통성·합법 금융·동맹,"부상당한 소수파 이영한은 세 원로의 공개 지지를 받은 후계자로 올라서고, 은퇴했던 원로들은 공동 소유 3금융권의 창업자로 방향을 튼다",옥상에서 이영한의 행진을 보던 박동하와 이준수에게 부산 검찰·경찰이 오성파 공격을 시작했다는 급보가 날아든다,"명동 3인방의 금융회사 참여와 이영한 지원 여부, 이영한이 양지 대신 명동에 남을지가 모두 약속으로 닫힌다","오성파 소탕이 박동하의 세력까지 무너뜨릴지, 일본 대부업의 양지 전선은 새 금융사가 막을 수 있을지가 열린다",DCA-N09,0.95
111,111화,닷컴의 시대 (5),20251,20420,"오성파는 부산 공권력의 공격을 받고 이영한은 세 원로를 등에 업어 명동 약 70%를 장악했지만, 박동하 잔당과 일본 대부업은 남아 있다","경찰 인맥과 방송 폭로로 배신자의 명분을 깨고, 동시에 e스포츠 조직을 실제 팀·대회로 세우는 이중 지급",오성파와 박동하의 조직 기반을 해체해 이영한에게 넘기고 태우통신의 게임 생태계를 제도화한다,"부산 경찰청장에게 아들 취업·향후 경찰청장 지원·활동비를 제공하고 살인 증거 USB를 넘긴 뒤, 시사고발 방송으로 이준수의 청산가스 정황을 공개하고 이영한에게 흔들린 부하들을 흡수시킨다","경찰청장은 중앙 파벌이 약하고, 박동하 부하들은 이영한과 대화조차 거부하며, OTT는 불법 다운로드 탓에 이용이 부진하다",의사 증언과 부산 공장 자료가 전국 방송에 나오면서 이준수가 사촌을 죽였고 박동하가 그와 손잡았다는 서사가 박동하 조직 안에 결정적 균열을 낸다,"오성파 두목이 체포되고 이영한은 명동 70%를 접수하며, 태우 게임단은 숙소·장비·선수 계약과 케이블 공식대회 중계까지 준비를 마친다",공권력·여론·명동 지배·e스포츠,"음지 증거에 머물던 암살 사건은 경찰 수사와 대중 여론의 압박이 되고, 태우통신의 게임 후원은 선수단·방송·협회 주도권을 갖춘 산업 기반으로 발전한다","OTT는 아직 컴퓨터 화면과 불법 다운로드에 막혀 있고, 민재는 상반기 인터넷 TV가 그 병목을 깨기만 기다린다","오성파 수사 동원, 이준수 암살 정황의 공개, 게임단의 실제 창설 준비가 결산된다","박동하의 고립이 최종 퇴장으로 이어질지, 인터넷 TV가 OTT 이용을 되살릴지는 남아 있다",DCA-N09,0.95
112,112화,열풍 (1),20421,20584,"1999년 3월 태우통신은 게임단 효과로 KS를 약 5% 앞서고, 자동차·IT·금융 계열사는 외환위기 뒤 빠르게 성장한다",회귀 직후의 태우그룹 생존 약속을 명시적으로 결산하고 반도체·배터리라는 두 번째 장기 목표로 넘어가는 전환점,과열된 IT부서를 성급히 떼지 않고 제조업의 긴 투자기간을 버틸 현금원으로 묶은 채 현재그룹 반도체를 노린다,"김태중의 IT 계열분리 제안을 주주와 폭락 방어 논리로 막고, 이준수 구속 뉴스를 확인한 뒤 왕자의 난 시점에 맞춰 현재 반도체를 빼앗고 배터리 투자를 키우겠다고 밝힌다","태우전자 주가는 반년 만에 두 배라 분리 유혹이 크고, 반도체는 하락기와 막대한 개발비를 버텨야 하며, 김태중의 결혼 압박도 민재의 개인 시간을 찌른다","민재는 외환위기에서 그룹을 살린 1차 목표가 끝났다고 스스로 선언하고, 생존 이후의 성장 목표를 처음 명확히 세운다","태우그룹은 부도를 피했고 자동차는 유럽 2위·미국 선호도 10위권, 통신은 1위가 됐으며 이준수도 구속 상태로 밀려난다",생존 약속·제조업 투자·복수 결산,"회귀 직후의 방어 경영은 완수된 과거가 되고, IT 현금흐름으로 반도체·배터리를 키워 10년 뒤 현금창구를 만드는 공격 경영이 새 중심이 된다",민재의 머릿속에는 시간과 돈을 먹는 반도체와 배터리가 10년 뒤 태우그룹의 현금창구가 되는 그림이 자리 잡는다,"외환위기에서 태우그룹을 살린다는 첫 목표와 이준수 제거, IT부서의 당장 분리 여부가 결론 난다","현재그룹 왕자의 난을 이용한 반도체 인수와 배터리 대규모 투자, 김태중에게 약속한 가족 문제는 다음 장기 과제가 된다",DCA-N10,0.95
113,113화,열풍 (2),20585,20769,"이영한의 우세와 오성파 수사로 박동하는 고립됐지만, 일본 대부업은 양지에서 저금리 경쟁을 버티고 IT 광풍은 더 거세진다","박동하의 비극적 퇴장으로 광화문 곰 승계를 끝내고, 같은 일본 자금을 두 번째 파생상품 함정에 가두는 복수 보상",명동 후계전을 종결하고 일본 대부업의 본진 자금까지 닷컴 거품에 묶어 한국에서 몰아낸다,"이영한이 박동하와 마지막 대면을 치르는 동안 민재는 다이먼과 엔화 압박·수익률 300%·만기 2년짜리 300억 달러 IT 파생상품을 설계하고, 조지의 발언과 한 팀장 영업을 붙인다","박동하는 혈통 열등감 때문에 살해자와 손잡았고, 일본 업체는 첫 파생상품에 당한 전력이 있으며, IT 주가가 무너지지 않으면 SAVE가 파산할 규모다",이영한이 살려 보내려 하자 박동하는 마지막 충고를 남기고 창밖으로 몸을 던져 스스로 생을 끝낸다,이영한은 명동의 주인이 되고 한 달도 안 돼 일본 대부업체와 100억 달러 넘는 파생상품 계약이 체결된다,명동 승계·일본 자금·파생상품,"광화문 곰의 후계 다툼은 이영한 단독 지배로 결산되고, 국내 금리전은 일본 본진의 자산을 겨눈 300억 달러 장기 함정으로 바뀐다",모델하우스 커팅식에 나타난 미국 손님이 훗날 제45대 대통령이 될 트럼프임을 알아본 민재가 경악한다,"박동하의 선택 이유와 생사, 명동의 최종 주인이 누구인지가 처절하게 닫힌다","트럼프와 김태중의 옛 인연이 어떤 관계 자산이 될지, 남은 200억 달러 파생계약이 채워질지는 새로 열린다",DCA-N10,0.95
114,114화,열풍 (3),20770,20949,"김태중의 미국 인맥으로 트럼프가 한국에 왔고, 태우전자는 셋톱박스를 쓰는 인터넷 TV 시제품을 완성했다",미래 대통령과 자연스럽게 인연을 만들고 인터넷 TV를 무료 약정 상품으로 뿌려 통신 점유율을 두 자릿수 차로 벌리는 사업 보상,TV 판매 한 번보다 통신·OTT·음원 구독이 오래 남는 생태계를 먼저 장악한다,"트럼프를 1박 2일 안내한 뒤 인터넷 TV를 직접 시험하고, LCD 공급처 다변화·3년 태우통신 약정 시 TV 무상 제공·인터넷 TV 특허 사용 대가로 태우 OTT와 음원 사용을 지시한다","셋톱박스 원가 때문에 저가 판매는 적자가 나고, CL 단일 LCD 조달과 삼진·CL 특허 충돌 가능성, 장기 약정 비용이 부담이다",TV 하드웨어 손실을 태우통신의 3년 고객 고정과 OTT·음원 수익으로 회수하면 전자·통신·IT 세 곳이 동시에 이기는 구조가 된다,출시 한 달 뒤 무료 TV 마케팅이 통하면서 KS와 격차가 두 자릿수가 되고 OTT·음원·게임 플랫폼 매출과 전자·통신 주가가 함께 오른다,통신 점유율·인터넷 TV·구독 생태계,"시제품에 불과했던 인터넷 TV가 가입자를 잠그는 무료 약정 상품이 되고, 태우통신은 엎치락뒤치락하던 1위에서 뚜렷한 선두로 나아간다",양일섭 의원이 학부모와 게임 중독을 명분 삼으면 태우통신을 때릴 수 있다고 통신 카르텔 앞에서 묘수를 꺼낸다,"인터넷 TV의 개발·출시 방식과 실제 점유율 효과, 트럼프와의 첫 개인 인연이 현재 화에서 지급된다",학부모 여론을 동원한 카르텔 공격이 태우통신의 두 자릿수 우위를 얼마나 흔들지가 열린다,DCA-N10,0.95
115,115화,열풍 (4),20950,21122,양일섭과 통신 카르텔이 게임·영화·음악을 학업 방해로 묶자 학부모 시위와 방송 보도가 태우통신을 집중 공격한다,게임 중독 프레임을 일타강사 무료 강의와 가입자 증가로 뒤집어 공격 자체를 새 현금원으로 만드는 역공,가입자 이탈 전에 학부모가 거부할 수 없는 교육 서비스를 태우통신에 붙인다,"과목별 최고 강사에게 계약금·위약금을 보장하고, 수학 강사 강민에게 기존 학원수업 유지·가입자 무료 강의·불우가정 2천 곳 무료 통신을 제안해 계약한 뒤 한 달 만에 인터넷 강의를 연다","게임 이용이 가입 이유 1위라 해명이 통하지 않고, 강민은 기존 학생 배신을 우려하며 태우 가입자가 아닌 학생도 무료로 듣게 해달라고 요구한다",상세정보에서 강민이 가족 때문에 EBS 제안을 거절한 미련을 확인한 민재가 수만 명의 수포자를 돕는다는 공익 목표로 그의 마음을 움직인다,전 과목 일타강사 계약과 서비스 출시가 끝나고 학부모 시위가 사라지며 수도권 가입자가 빠르게 늘어난다,여론전·교육 플랫폼·통신 가입자,"놀거리만 준다는 비난을 받던 태우통신은 값비싼 학원 강의를 저렴하게 제공하는 교육 채널이 되고, 카르텔의 공격은 신규 고객과 현금창구를 낳는다",민재는 통신 1위 수성과 인터넷 강의라는 새 현금창구를 안겨 준 경쟁사들에게 감사라도 해야겠다고 생각한다,"학부모 시위, 강민 영입, 인터넷 강의의 첫 반응은 모두 현재 화 안에서 해결된다",급증한 교육 수요를 어느 시험·연령대로 넓히고 무료 서비스를 어떻게 지속 수익화할지는 남는다,DCA-N10,0.95
116,116화,열풍 (5),21123,21297,"학생 강의가 대박 나 학부모가 먼저 태우통신에 가입하고, 일본 업체들은 IT 광풍을 믿은 채 파생상품 계약을 서두른다",교육 열풍을 취업 인재망으로 넓히고 300억 달러 함정을 완성한 뒤 닷컴 폭락 전 주식을 파는 이중 수확,인터넷 강의를 취업·IT 인재 선발 도구로 확장하면서 비핵심 IT 주식을 정리해 거품 붕괴를 대비한다,"공무원·자격증·리눅스·자바 강의와 대회 입상자 채용·미국 유학을 지시하고, 귀국한 한 팀장에게 300억 달러 계약을 보고받은 뒤 아마존·구글·애플만 남기고 다른 IT 주식을 매도시킨다","교수급 강사 확보가 어렵고, 한 팀장은 한 번의 예측 실패로 모든 자산을 잃을 수 있다고 경고하며, 시장은 여전히 상승해 매도 결정이 손해처럼 보인다",한 팀장이 일본에서 제안도 하기 전에 업체들이 계약 규모를 키우려 했다고 밝히면서 IT 광기가 첫 파생상품의 경계심까지 눌렀음이 드러난다,"일본 대부업체를 상대로 한 300억 달러 계약이 전량 체결되고, 태우통신은 2위와 10% 넘는 격차를 유지하며 인터넷 강의 일부 유료화까지 확정한다",교육 인재망·파생계약·거품 방어,"학생용 강의는 취업·개발자 양성 통로로 확장되고, 일본 자금 공격은 설계에서 300억 달러 계약 완료로, IT 보유 전략은 축적에서 선별 매도로 전환된다",새해가 오면 현재그룹과 태우그룹의 재계 순위가 뒤바뀔 만큼 격차가 좁혀졌다는 전망으로 1999년 회의가 끝난다,"IT 파생상품 판매 목표와 Y2K 대형사고 우려, 통신 격차·강의 수익화가 당대 결산을 얻는다","닷컴 거품이 실제로 터져 계약금이 회수될지, 2000년의 재계 1위 교대가 어떤 사건으로 확정될지가 남는다",DCA-N10,0.95
117,117화,새 시대 (1),21298,21474,"1999년 마지막 밤 태우는 가만히 있어도 재계 1위를 넘보지만, 민재는 수성하려면 10년 이상 적자를 견딜 미래산업과 거품 방어가 필요하다고 본다","새천년 조손 대화로 세계 1위 로드맵과 가족 약속을 세우고, 곧바로 현재그룹 왕자의 난을 현실로 여는 전환",AI·로봇 장기투자 승인을 얻고 태우증권 고객 돈을 닷컴 고점에서 안전하게 지킨다,"김태중에게 AI·로봇·배터리 투자의 10년 로드맵을 설득하고 올해 안 진지한 만남을 약속한 뒤, 박만덕에게 상반기 펀드를 채권 위주로 운용하라며 책임을 자신이 진다고 지시한다","김태중은 AI를 SF처럼 여기고 막대한 투자로 그룹이 10년 제자리일 수 있으며, 박만덕은 고객 이탈과 5% 수익률 때문에 안전 운용에 반대한다",3월 장경준이 장영준의 심복인 현재증권 회장을 좌천시키며 장영주의 공동회장 체제가 실제 경영권 전쟁으로 터진다,"김태중은 장기 기술투자를 허락하고, 태우 펀드는 버블 정점의 IT 종목 대신 채권을 택하는 방어 명령을 확보한다",미래산업·가족 약속·왕자의 난,"재계 1위 달성만 기다리던 그룹은 세계 1위를 겨냥한 10년 투자 체제로 방향을 잡고, 관망 대상이던 현재그룹 승계는 공개 내전이 된다","기획실장은 전자·건설·증권을 가진 육남이 우세하다고 보지만, 민재는 10년 뒤 자동차를 가진 장남이 최후의 승자임을 안다","Y2K 대형사고 우려와 미래산업 투자 허가, 상반기 펀드의 안전 운용 방침이 결정된다","왕자의 난에서 장남의 자동차가 어떻게 승리하고 태우가 반도체를 가져올지, 민재의 가족 약속은 새해 과제로 남는다",DCA-N11,0.95
118,118화,새 시대 (2),21475,21647,"장영주에게 후계 다툼 불개입을 약속한 민재 앞에 육남 장영준이 도움을 청하고, 두 형제의 만남 자체가 언론의 관심사다",승계 투표에는 손대지 않으면서 무능한 후계 뒤의 붕괴를 이용해 현재건설과 반도체를 나눠 갖는 서면 거래,장영주와의 약속을 깨지 않고 장경준을 장기 동맹으로 만들어 현재 반도체 인수 통로를 확보한다,"장영준의 지지 요청을 거절해 만남 소문을 내고, 찾아온 장경준에게 동생을 일단 회장에 앉힌 뒤 흔들리는 계열사를 흡수하자며 현재건설 지원과 현재반도체 양보를 교환한다","승계 개입 금지 약속이 있고, 현재건설·전자는 아직 건재해 장경준이 붕괴 예측을 믿기 어렵고, 장남은 아무것도 못 얻을 위험을 걱정한다",민재는 1년 안에 현재건설이 위기를 겪지 않으면 태우 보유 8%를 시가에 넘긴다는 보증서를 내밀고 장경준의 서명을 받아낸다,현재건설을 장경준에게 붙이고 현재전자의 반도체를 태우가 인수하도록 서로 지원하는 비밀 계약이 성립한다,승계 약속·M&A 동맹·반도체,경영권 다툼의 외부 관전자였던 민재는 투표에는 개입하지 않은 채 분할 이후 자산을 교환할 장남의 계약 상대가 된다,"아버지에게 버림받았다고 느끼던 장경준은 서명 뒤 얼굴이 밝아지고, 현재건설이라는 새 희망을 품고 돌아간다","두 형제 중 누구를 직접 지지할지에는 아무도 지지하지 않음이 유지되고, 장경준과의 자산 거래는 문서로 닫힌다","현재건설이 정말 1년 안에 무너질지, 장경준의 SS자동차 정상화와 반도체 양도가 약속대로 이어질지는 남는다",DCA-N11,0.95
119,119화,새 시대 (3),21648,21825,"장경준과 비밀 계약을 맺은 뒤 현재 반도체 사전작업이 필요하고, 코스닥은 2834 고점을 찍은 직후 급락 징후를 보인다",현재그룹 분할로 재계 1위를 받고 닷컴 폭락을 일본 채권 회수와 장기 IT 지분 재매수 기회로 뒤집는 지급,반도체·건설의 약점을 조사하면서 폭락한 핵심 IT 지분을 낮은 가격에 다시 모은다,"다이먼에게 현재 반도체와 건설을 조사시키고, 장영주의 기자회견 뒤 태우의 1위를 확인한 다음 한 팀장에게 더 떨어지면 IT 지분을 사며 청산 원하는 일본 업체는 정리하라고 지시한다","현재 반도체는 아직 매물이 아니고, IT 주식은 수년간 더 떨어질 수 있으며, 일본 대부업 회수 현장에는 야쿠자 위험과 월가의 책임 전가가 기다린다","장경준이 한발 물러나자 장영주가 육남 승계를 확정하고 계열사를 갈라, 태우그룹이 어부지리지만 공식 재계 1위에 오른다","태우는 처음으로 국내 1위 그룹이 되고, 아마존·애플 등은 40~50% 싸져 장기 지배지분을 다시 살 창구가 열린다",재계 서열·닷컴 폭락·채권 회수,"현재그룹을 추격하던 태우는 분할과 함께 1위 수성자가 되고, 고점에서 팔던 SAVE는 저가 매수자이자 일본 대부업의 채권자가 된다","한 팀장은 일본 회수가 끝나면 월가가 닷컴 손실 책임을 SAVE에 떠넘길 것이라 경고하고, 민재는 그들이 물어뜯을 다른 먹잇감이 필요하다고 본다","현재그룹 후계 구도와 태우의 1위 진입, 닷컴 거품 붕괴 시작 여부가 현재 화에서 확인된다","일본 대부업체의 자산을 얼마나 회수할지, 월가 비난을 누구에게 돌리고 핵심 지분을 얼마나 되찾을지가 남는다",DCA-N11,0.95
120,120화,새 시대 (4),21826,22000,"다이먼·한 팀장은 일본 대부업체 자산을 회수하고, 미국에서는 IT 주식을 떠안은 월가 회사들이 SAVE를 버블 주범으로 몰아세운다",두 번 당한 일본 사채업체의 채권을 하이에나들에게 넘겨 책임과 회수 난도를 전가하고 핵심 IT 지분을 더 크게 되찾는 월가 역전,월가와 전면전은 피하면서 애플·아마존·구글 지분을 회수하고 일본 대부업의 잔존 자산까지 턴다,"일본에서는 현금·부동산·주식·채권을 받아내고, 뉴욕 회의에서는 현재가보다 5% 높게 IT 주식을 사주겠다며 파생계약을 원가 1.5배에 팔아 그 대금을 IT 지분으로 받는다","월가는 예전 매도가를 요구하며 협박하고, 야쿠자계 대부업체는 계약금 전액 회수가 어려워 SAVE가 채권을 계속 들면 할복식 부도 위험을 떠안는다",파생상품 계약서를 본 월가 인사들의 탐욕이 살아나면서 공격 대상이 SAVE에서 일본 대부업체로 순식간에 바뀐다,"과거 넘긴 애플·아마존·구글 지분을 전량 회수하고 추가 매수해 보유량을 오히려 늘리며, 회수 어려운 일본 채권은 미국 자본에 넘긴다",월가 관계·핵심 지분·일본 자산,"닷컴 책임을 뒤집어쓸 피고였던 SAVE는 월가의 손실 구제자이자 더 큰 핵심주주가 되고, 일본 대부업은 월가 하이에나의 새 사냥감이 된다",민재는 공학을 모르는 한 팀장을 캘리포니아로 끌고 가며 아이폰을 본 그의 얼굴이 어떻게 변할지 궁금해한다,"월가의 책임 추궁과 핵심 IT 지분 재매입, 난회수 일본 계약 처리 방식이 한 번에 결산된다","아이폰 시제품이 상업 출시를 감당할 수준인지, 배터리 투자가 애플 요구를 맞출지는 애플 본사에서 확인해야 한다",DCA-N11,0.95
121,121화,새 시대 (5),22001,22200,"닷컴 폭락으로 애플 주가와 스티브의 지위가 흔들리는 가운데 아이폰 시제품은 크게 개선됐고, 러시아에서는 푸틴 취임 초청장이 도착한다","아이폰 출시 결단과 러시아 최고권력 초대를 한데 묶고, 민재의 승계를 비밀투표 90% 지지로 정당화하는 삼중 지급",아이폰을 연내 출시 일정에 올리고 러시아 협상 권한과 태우 부회장직을 실질적 내부 동의로 확보한다,"스티브에게 올해 안 출시계획을 잡게 하고, 귀국길 데이비드에게 푸틴 초청을 확인한 뒤 김태중의 부회장 제안에 80% 이상 사장단 찬성을 조건으로 내걸고 투표에서 완전히 빠진다","스티브는 완성도 부족과 재축출 공포 사이에서 망설이고, 러시아는 파산 직후라 위험하며, 20대 부회장은 세습 비판과 기존 파벌 반발을 부른다",김태중이 본부장 직을 끝내고 공동 부회장으로 올리겠다고 먼저 제안하자 민재는 임명권 대신 사장단의 비밀투표로 정당성을 시험한다,"아이폰 연내 출시 결정, 푸틴 취임식의 공식 초청과 러시아 협상 전권, 찬성 35표·반대 3표라는 90% 넘는 내부 지지를 얻는다",모바일 출시·러시아 외교·후계 정당성,"애플의 완벽주의 시제품은 출시 준비에 들어가고, 태우 기획실 본부장은 공식 임명만 남긴 압도적 지지의 부회장 후보가 된다","개표 결과를 들은 김태중의 입꼬리가 귀까지 걸리고, 사장들은 반대표가 세 장뿐이었다는 사실에 안도의 숨을 쉰다","아이폰 출시 시기와 부회장 투표 기준·결과, 푸틴 초청의 존재가 현재 화 안에서 확정된다","정식 부회장 취임 뒤 반대표 세 사람을 어떻게 다룰지, 푸틴이 왜 민재를 직접 불렀는지는 다음 대면에 남는다",DCA-N11,0.95
122,122화,폭풍전야 (1),22201,22405,"사장단 90%가 찬성한 부회장 임명이 발표될 참이고, 장수영·박혁수 등 세 반대표와 러시아 출장이 민재 앞에 동시에 놓인다","20대 부회장에게 인사권과 개혁 명분을 지급한 직후, 푸틴이 그의 비밀 정체를 아는 장면까지 직결하는 권력 상승",공식 2인자 권한으로 실력 중심 인사를 시작하고 러시아 최고권력자와 직접 협상할 자리에 들어간다,"부회장 임명을 받아들이며 파벌 해체·능력 인사·고액 보상을 선언하고, 언론 비난을 억누르지 않은 채 태우건설 인사 명령을 내린 뒤 모스크바 외곽 다차로 향한다","세습 비판 기사가 거세고 장수영의 인사권을 침범하는 월권이 되며, 러시아에서는 올리가르히 반발 때문에 군대급 경호와 몸수색까지 감수한다",별장에 직접 나타난 푸틴이 태우그룹보다 SAVE 투자회사 대표로 소개해야 하지 않느냐며 민재의 숨겨 둔 소유관계를 알고 있음을 드러낸다,"민재는 태우그룹 부회장 직함과 그룹 인사 개편 권한, 90% 지지를 업고 러시아 대통령과 외부인 없는 독대 기회를 얻는다",승계·인사권·러시아 비밀채널,"기획실을 이끌던 황태자는 공식 2인자로 올라 세계 1위 개혁을 명령하고, 러시아 후원 관계는 대통령과의 비밀 협상으로 격상된다","푸틴은 미소를 띤 채 민재가 SAVE의 주인이라는 사실을 농담처럼 찌르고, 별장의 공기가 즉시 협상장으로 바뀐다","부회장 공식 임명과 첫 조직 메시지, 러시아에서 누구를 만날지가 지급된다","푸틴이 파악한 정보의 범위와 요구 조건, 장수영이 인사 명령에 어떻게 반발할지가 동시에 열린다",DCA-N11,0.95
123,123화,폭풍전야 (2),22406,22595,"푸틴은 민재의 태우·SAVE 이중 정체와 장기 후원을 모두 알고 있고, 러시아 경제를 장악한 올리가르히를 쳐낼 자금과 경영자를 찾는다",무소속 시절 뿌린 후원금을 러시아 에너지 지분·한국 수출권·공장 혜택으로 회수하는 국가급 거래,올리가르히 제거 자금을 대되 유럽 분쟁 책임은 피하고 한국으로 오는 자원 통제권만 확보한다,"태우 자동차·전자 공장 건설을 제안하고 SAVE 단독 초기 100억 달러를 약속한 뒤, 새 에너지회사 지분 협상에서 한국 수출 물량의 전권만 요구하고 유럽 판매권은 사양한다","푸틴은 악수부터 힘으로 우위를 시험하고, 숙청 실패 시 100억 달러를 잃으며, 월가 자금의 러시아 유입은 미국 제재와 외교 책임을 부를 수 있다",푸틴은 가스프롬과 외국자본을 합친 회사의 51%만 정부가 갖고 나머지 지분은 투자액에 따라 민재에게 전부 줄 수도 있다고 제안한다,"태우는 러시아 공장 편의, 올리가르히 이후 에너지회사 대주주 기회, 한국향 천연자원 판매 전권을 약속받고 푸틴과 한배를 탄다",에너지 지분·국가동맹·책임 경계,"과거의 비공개 정치 후원은 100억 달러를 건 러시아 재건·자원 동맹으로 바뀌고, 민재는 유럽 대신 한국 범위로 권한과 위험을 제한한다",푸틴은 차갑게 식은 홍차를 들어 배부른 돼지를 위하여 건배하며 올리가르히의 몫을 나눌 의도를 노골적으로 드러낸다,"푸틴이 민재를 초대한 이유와 SAVE에 바라는 초기 역할, 민재가 요구할 대가의 범위가 합의된다","올리가르히 숙청과 에너지회사 출범이 실제로 성공할지, 미국의 동의를 어떻게 구할지는 실행 과제로 남는다",DCA-N11,0.95
124,124화,폭풍전야 (3),22596,22793,푸틴 취임식과 자원 협상이 진행되는 동안 국내에서는 민재의 태우건설 인사 명령이 25년 충신 장수영을 정면으로 밀어낸다,러시아 정상외교의 공개 위상과 그룹 세대교체의 가족 비용을 한 화에서 맞부딪치는 권력의 대가,러시아 사업 기회를 그룹에 안착시키고 김태중의 오른팔을 예외 없이 교체한다,"취임식에서 로만과 관계를 맺고 무례한 외교부 차관의 요구를 거절하며, 귀국 뒤 김태중에게 자원개발·러시아 공장·월가 공동투자를 보고하고 장수영 인사 조치의 필요성을 주장한다","러시아 권력과 가까운 모습은 관료의 간섭을 부르고, 장수영은 비자금 조성까지 해 온 충신이라 김태중이 오른팔을 잃는 상실과 손자에 대한 불편함을 느낀다",김태중은 장수영의 호소를 들으면서도 미래 총수인 손자의 앞길을 막지 않고 직접 결판내라며 보호를 거둔다,"러시아 천연자원 개발과 현지 자동차·전자 공장 혜택이 김태중에게 전달되고, 월가를 섞어 위험을 분산하는 사업안도 승인을 얻는다",세대교체·조손 관계·러시아 사업,"장수영은 회장의 보호를 받던 핵심 충신에서 사표 제출을 예고한 이탈자로 밀려나고, 민재는 러시아 성과와 함께 그로 인한 조손 갈등을 떠안는다",김태중이 방으로 들어간 뒤 민재는 미안함을 느끼면서도 새로운 태우그룹을 만들려면 물갈이가 필요하다고 결론낸다,러시아 출장 성과의 국내 보고와 장수영에 대한 김태중의 보호 여부는 현재 화에서 답을 얻는다,"마음이 상한 장수영이 실제 사표 뒤 어떤 행동을 할지, 민재와 김태중 사이의 관계 비용이 얼마나 번질지는 남는다",DCA-N11,0.95
125,125화,폭풍전야 (4),22794,22969,부회장 취임 뒤 한 달간 인사명부를 재편하는 사이 닷컴 폭락이 계열사 주가를 누르지만 통신·게임·태우증권은 선점 효과를 거둔다,다이블로2·인터넷 TV·교육의 점유율 보상과 채권 펀드의 역주행을 확인한 뒤 현재건설 부도 시계를 구체화하는 폭풍전야,통신 우위를 지키고 저가 자사주·애플 지분으로 그룹 가치를 방어하면서 현재건설 인수 시점을 확정한다,"이주영에게 추가 출혈 없이 15% 격차를 유지시키고, 박만덕에게 계열사 자사주 매입과 애플 장기 보유를 제안한 뒤 장경준에게 현재건설의 10월 어음과 1조 원대 이라크 미수금·총 2조 원대 손실을 짚어준다","IT 버블로 태우 계열사 주가도 떨어지고 자사주 매입은 신규 사업 재원을 줄이며, 현재건설은 숨긴 손실과 200억 원 어음을 돌려막고 있다","IT 종목에 들어가지 않은 태우증권 펀드만 +7%를 내고 현재증권은 약 -70%까지 무너지면서, 현재건설을 지원할 그룹 내 돈줄도 함께 마른다","태우통신은 KS와 15% 격차, 게임단 팬클럽 50만 명을 얻고, 태우증권에는 떠났던 고객과 더 큰 자금이 돌아오며 장경준은 반도체 양도 지원을 재확인한다",통신 지배·주가 방어·현재건설 인수,"닷컴 폭락은 태우의 고객 신뢰와 지분을 싸게 늘릴 기회가 되고, 막연했던 현재건설 붕괴는 10월 중순 1차 부도라는 인수 시간표로 좁혀진다",현재건설을 얻을 장경준과 반도체를 얻을 민재가 마주 웃으며 김태중이 바라던 반도체 인수 시간이 가까워졌음을 확인한다,"채권 위주 펀드 결정의 성과, 다이블로2·통신 선점 보상, 현재건설 위기의 시점이 모두 숫자로 확인된다",10월 200억 원 어음을 막지 못한 현재건설을 누가 어떤 가격에 인수하고 현재반도체를 어떻게 태우로 넘길지가 다음 전선이다,DCA-N12,0.95
126,126화,폭풍전야 (5),22970,23156,현 건설의 유동성 위기와 애플 저가 매수기가 겹친다,명동 자금과 채권 압박이 두 미래 자산으로 돌아올지 보여 준다,애플 지분 매집선을 넓히고 현 건설의 정부 보증을 끊는다,명동 원로와 이영한에게 애플 주식 매집·1년 뒤 재매수·은행 인수 기회를 약속하고 현 건설 첫 부도를 압박한다,정부 보증과 현 그룹의 버티기가 부도를 늦춘다,태우의 채권단 공개 접근에 현 그룹이 먼저 거래를 고민한다,애플 저가 매집망과 현 건설 협상 주도권을 얻는다,금융·협상,명동 자금이 민재의 장기 자산 사냥에 합류한다,현 그룹이 무엇을 내놓고 건설을 살릴지 선택해야 한다,명동 원로와의 투자 동맹,현 건설 매각 조건,DCA-N12,0.97
127,127화,아쉬운 쪽 (1),23157,23305,정부 지원이 끊긴 현 건설은 최대 채권자 SAVE에 매달린다,달러 채권이 재벌 총수의 선택까지 강제하는 장면을 지급한다,현 건설 가격을 끝까지 끌어올리고 반도체 분리 조건을 만든다,SAVE의 달러 채권을 앞세워 현 건설 처분을 다이먼에게 맡기고 장경준이 감당할 최고가를 요구한다,장경준의 구제 거절과 채권단의 손실 공포가 맞선다,최대 채권자 지위가 현 건설의 생사 결정권으로 바뀐다,현 반도체를 분리해 받을 강제력이 생긴다,채권·지배,태우가 현 그룹 구조조정의 결정권자가 된다,장영주가 경쟁 재벌에게 입찰 포기를 부탁해야 한다,현 건설의 정부 의존,현 반도체 분리 매각,DCA-N12,0.97
128,128화,아쉬운 쪽 (2),23306,23477,현 건설 입찰을 살리려면 경쟁 총수들이 빠져야 한다,장영주의 굴욕이 태우의 반도체 기회로 전환되는지를 본다,현 반도체 분리안을 채권단의 공식 해법으로 굳힌다,채권단 회의에서 현 반도체 분리를 밀고 장영주가 경쟁 총수들에게 현 건설 입찰 포기를 호소하게 한다,16조 원 부채와 그룹 해체 공포가 장영주를 압박한다,장영주가 김태중에게 그룹을 살려 달라고 직접 청한다,태우가 현 반도체 인수 조건을 고를 위치에 오른다,관계·협상,현 그룹과 태우의 갑을 관계가 뒤집힌다,부채 많은 반도체를 어떤 가격과 조건으로 받을지가 남는다,현 건설 경쟁입찰,현 반도체 인수 협상,DCA-N12,0.98
129,129화,아쉬운 쪽 (3),23478,23644,장영주가 현 반도체를 떠넘기려 하지만 민재는 급함을 숨긴다,반도체 인수와 승계 방어를 한 판에서 준비하는 계산을 보여 준다,협상 우위를 지키면서 태우 지분과 퀄컴 주식을 싼값에 모은다,장영주의 요청을 즉답하지 않고 현 건설 거래와 승계를 엮은 뒤 태우 주식 매입·소각과 퀄컴 저가매수를 준비한다,아이폰 일정은 급하지만 조급함을 보이면 부채 조건이 불리해진다,반도체 협상과 그룹 지분 방어가 하나의 자금 배치로 묶인다,"장영주가 25퍼센트 상환 조건을 채권단에 직접 설득하게 만들고, 김태중과 주가 하락기 태우 지분 매입·상속 원칙을 맞춘다.",승계·투자,"현재반도체 인수는 채권단의 대규모 탕감을 기다리는 조건부 협상으로 남고, 태우 지분과 퀄컴 매입은 준비 단계로 구체화된다.",IT 버블로 80퍼센트 가까이 하락한 퀄컴 지분을 언제 어떤 규모로 확보할 것인가?,현재반도체 인수 요청 접수와 25퍼센트 상환 조건 제시; 태우 지분 매입·상속 원칙 협의,현재반도체 채권단 결정; 태우 지분·상속 실행; 퀄컴 저가매수,DCA-N12,0.97
130,130화,아쉬운 쪽 (4),23645,23831,현 반도체를 살리려면 미국 공장 명분과 장기 고객이 필요하다,100억 달러 약속이 백악관과 애플을 동시에 움직이는 거래를 지급한다,부시의 비개입과 애플 반도체 독점 수요를 확보한다,부시 당선자에게 지정 지역 100억 달러 공장을 약속하고 잡스에게 성능·물량을 맞춘 독점 공급을 제안한다,미국 정치 개입 위험과 애플의 까다로운 납기 조건이 걸린다,공장 약속이 정치 방패가 되고 아이폰이 반도체 고정 수요처가 된다,현 반도체 인수 후 살릴 외부 수요와 보호선을 얻는다,정치·계약,태우의 반도체 계획이 미국 일자리와 애플 공급망에 연결된다,채권단이 부채를 얼마나 탕감할지가 마지막 가격 싸움이다,미국 비개입 약속과 애플 수요처,현 반도체 채무조정,DCA-N12,0.98
131,131화,아쉬운 쪽 (5),23832,24029,애플 일정이 다가오지만 채권단은 현 반도체 손실을 떠넘기려 한다,조급함을 숨긴 협상으로 부채를 크게 깎는 보상을 준다,인수 뒤 감당할 채무를 최대한 줄인다,급한 사정을 감춘 채 채권단과 현 반도체 부채 65% 탕감을 확정한다,채권단의 회수 욕심과 아이폰 생산 시한이 동시에 압박한다,채권단이 대규모 손실을 인정하고 탕감안에 도장을 찍는다,차세대 생산기지를 할인된 채무로 편입할 수 있게 된다,채무·인수,현 반도체가 감당 가능한 인수 대상으로 바뀐다,정식 인수와 수율 회복을 맡길 기술 리더가 필요하다,채무 탕감 협상,현 반도체 정상화,DCA-N12,0.98
132,132화,대폭락 (1),24030,24220,채무 조건은 정리됐지만 현 반도체의 낮은 수율과 세금 부담이 남는다,공식 인수와 S급 기술자 배치가 추락한 공장을 되살릴 출발점이 된다,태우 반도체를 출범시키고 유석재에게 수율 회복 권한을 준다,11월 21일 인수를 공식화하고 유석재를 책임자로 세운 뒤 흑자 전 세금 감면을 요구한다,누적 부실과 정부의 특혜 논란이 정상화를 가로막는다,김태중이 반도체 인수 거부 카드로 청와대를 압박해 흑자 전 세금 감면을 받아내겠다고 나선다.,태우 반도체와 기술 지휘선이 공식 출범한다,직책·제조,유석재가 실패한 공장을 되살릴 책임자가 된다,김태중의 청와대 압박이 반도체 적자기의 세금 감면을 실제로 받아낼 수 있는가?,현 반도체 인수,반도체 세제 감면 협상; 수율 회복; 공동 경영,DCA-N12,0.98
133,133화,대폭락 (2),24221,24408,태우 반도체는 출범했지만 상속과 공동 경영 인사는 아직 진행 중이다,승계 비용을 낮추면서 두 기술 축을 세우는 준비 과정을 보여 준다,상속을 서두르고 유석재·웨이의 공동 부사장 체제를 예고한다,낮은 주가를 이용해 상속 절차를 진행하고 상속 종료 뒤 유석재와 웨이를 공동 부사장으로 임명할 계획을 알린다,상속세와 제조·파운드리 조직의 균형이 부담이다,완료 전인 승계와 인사를 공개해 두 기술 리더의 역할을 고정한다,승계와 반도체 공동 경영의 실행 일정이 잡힌다,승계·직책,상속과 공동 부사장 임명이 확정된 계획으로 넘어간다,상속 작업이 거의 끝난 김태중이 자기 업무까지 넘기려 하자 민재는 할아버지의 은퇴 가능성을 막으려 한다.,상속·인사 방향 결정,상속 마무리; 김태중 은퇴 시점; 공동 경영 인사,DCA-N12,0.94
134,134화,대폭락 (3),24409,24613,반도체 인사와 상속이 진행되는 동안 아이폰이 CES 무대에 오른다,태우의 선행 투자가 300만 대 대기 수요로 증명되는 보상을 준다,아이폰 공개 반응과 태우 부품·지분 가치의 반등을 확인한다,1월 9일 CES에서 잡스가 음악·OTT·록키를 담은 아이폰을 공개하고 300만 대 대기 수요를 확인한다,새 기기에 대한 시장 불신과 폭락한 애플 주가가 시험대다,관객 반응과 예약 수요가 스마트폰 전환을 현실로 만든다,"아이폰의 CES 공개·음악·OTT 실연, 태우전자·태우통신 공식 언급, 애플 주가 반등과 최소 300만 명 대기수요를 확인하고 태우IT 50명 지원을 정한다. 정식 출시·반도체 수율 70%는 아직 남는다.",시장·자산,아이폰이 실험 제품에서 세계 수요를 가진 상품으로 바뀐다,부시 대통령 취임식장에 도착한 김민재가 새 미국 정권과 어떤 보호·거래 관계를 맺을 것인가?,아이폰 CES 공개·기능 시연; 최소 300만 명 대기수요·애플 주가 반등; 태우IT 50명 지원 결정,아이폰 정식 출시·오류 최적화; 반도체 수율 70%; 부시 정권 첫 접촉,DCA-N12,0.98
135,135화,대폭락 (4),24614,24799,민재는 부시 취임식 참석으로 이름을 알렸지만 별도 공장 협상은 하지 않았다,미국 홍보 효과와 국내 정적의 움직임이 중국 일정으로 이어진다,취임식 효과를 확인하고 윤현길·장수영의 공격에 대비해 중국 선을 다진다,부시 취임식 참석 뒤 윤현길 측의 수사 모의를 파악하고 중국의 쩡홍친을 만나러 간다,국내 정치 공격과 미국 행사 뒤 과도한 친미 인상이 부담이다,미국 인지도보다 국내 수사 위험이 더 급한 문제로 떠오른다,중국 사업과 정치 인맥을 보강할 다음 이동선이 열린다,정치·외교,민재의 시선이 미국 홍보에서 중국 성장축과 국내 방어로 옮겨 간다,차기 상무위원이 될 쩡훙친과의 관계를 어떤 중국 사업으로 이어갈 것인가?,부시 취임식 참석,쩡훙친과 중국 사업 동맹; 윤현길 수사 대응,DCA-N13,0.95
136,136화,대폭락 (5),24800,24980,중국 자동차 사업이 연 100% 가까이 성장하고 쩡홍친의 인맥이 열린다,자동차 성공을 모바일 게임 유통망으로 확장하는 결산을 준다,텐센트와 지배 가능한 합작을 만들고 한국 게임을 아이폰으로 옮긴다,마화명과 텐센트 합작 지분 51%를 구성하고 한국 게임사에 아이폰 게임 개발을 주문한다,중국 판호·현지 인맥과 아직 작은 모바일 게임 수요가 위험이다,자동차 동맹이 게임·메신저 사업의 현지 진입권으로 번진다,중국 게임 유통망과 모바일 게임 선점권을 확보한다,지분·플랫폼,태우가 중국 자동차를 넘어 모바일 콘텐츠의 문지기가 된다,모바일 게임을 무시하는 PC 게임사들을 돈과 아이폰 시장으로 설득할 수 있는가?,텐센트 합작과 개발 지시,아이폰 게임 개발; 텐센트 합작 실행,DCA-N13,0.98
137,137화,닭장 (1),24981,25166,중국 모바일 게임판을 연 직후 윤현길의 회계·뇌물 수사가 김태중을 겨눈다,해외 사업 보상이 가족 구속 위기로 뒤집히는 압박을 준다,수사 시간을 벌고 윤현길을 역으로 잡을 자료망을 가동한다,게임사에 개발 유인을 제시하다 김태중 구속 위험을 듣고 지연전과 비리 자료 수집을 명한다,검찰·국세청 동시 압박과 조부의 신병 위험이 크다,수사의 표적과 시간표를 읽고 국제 인맥을 증거 수집망으로 바꾼다,윤현길을 공격할 미국·중국·러시아 자료 수집이 시작된다,가족·정치,민재가 사업가에서 조부를 지킬 방어자로 전환한다,"강인식이 들고 온, 대한민국 전체가 뒤집힐 만한 1면 뉴스의 정체는 무엇인가?",수사 의도 파악,강인식의 1면 뉴스; 윤현길 약점 공개 시점,DCA-N13,0.98
138,138화,닭장 (2),25167,25375,김태중 구속을 막으려면 윤현길보다 강한 국제 증거가 필요하다,장례식에 모인 권력자들이 정적의 약점으로 바뀌는 역전을 지급한다,윤현길의 비리를 여러 나라에서 모아 반응을 시험한다,장영주 장례식에 온 푸틴과 중국·미국 인맥에게서 자료를 받아 가장 약한 건부터 언론에 흘린다,자료를 한꺼번에 쓰면 배후가 드러나고 수사가 격화될 수 있다,"3국 자료가 윤현길의 정치 인생을 끝낼 규모임을 확인하고, 장영주 별세 뉴스에 묻힐 가장 약한 건부터 태우 친화 언론에 제보한다.",윤현길을 단계적으로 무너뜨릴 자료 묶음과 첫 제보의 통제권을 확보한다.,정보·권력,윤현길이 공격자에서 약점을 숨기는 피의자로 바뀐다,장영주 별세 뉴스에 묻힌 약한 제보에도 윤현길이 어떤 반응을 보일 것인가?,다국적 증거 확보,윤현길의 반응; 후속 자료 공개 순서,DCA-N13,0.98
139,139화,닭장 (3),25376,25549,첫 기사 뒤 윤현길은 측근을 버릴지 고민하고 장영준은 이간질 메모를 보낸다,협박과 메모 공개가 적 진영에 균열을 내는 과정을 보여 준다,주강태를 압박하고 장경준과의 오해를 미리 차단한다,돈 사진·영상·장부로 주강태를 협박한 뒤 장영준의 윤현길·장경준 접촉 메모를 장경준에게 보여 준다,주강태는 아직 윤현길에게 돌아가고 현 그룹의 불신도 남아 있다,측근 이탈은 일어나지 않지만 윤현길 진영과 현 그룹 모두 경계한다,윤현길 측의 약점과 이간질 시도가 공개된다,정보·관계,적 조직이 붕괴하지는 않았으나 서로를 의심하는 상태가 된다,메모를 받은 장경준이 윤현길·장영준 접촉을 어떻게 해석할 것인가?,장경준과의 오해 차단,쪽지 의미; 주강태의 선택; 윤현길 진영 균열,DCA-N13,0.94
140,140화,닭장 (4),25550,25727,장경준과의 오해는 풀렸고 윤현길은 축출된 장수영에게 책임을 떠넘기려 한다,버려진 배신자가 정적의 퇴로를 막는 아이러니를 지급한다,장수영이 희생양이 되지 못하게 자기 생존을 걸게 한다,장경준과 관계를 정리하고 장수영이 윤현길을 찾아가 희생양 지목을 거부하게 만든다,장수영의 원한과 윤현길의 권력이 다시 결탁할 위험이 있다,장수영은 공멸용 보험 때문에 윤현길 편에 서지 않는다,윤현길이 책임을 떠넘길 마지막 퇴로를 잃는다,복수·관계,과거 배신자가 민재의 의도대로 정적을 압박하는 변수로 바뀐다,태우 수사 결과와 민재의 직접 대면이 남는다,장수영 희생양 계획 저지,윤현길 항복 여부,DCA-N13,0.98
141,141화,닭장 (5),25728,25921,태우는 회계 부채가 깨끗하지만 검찰 조사를 아직 치르는 중이다,윤현길이 국제 비리 자료 앞에서 무너지는 정치 복수를 지급한다,수사 방어력을 확인하고 윤현길에게 평생 쓸 족쇄를 채운다,태우의 회계·부채 자료로 혐의를 방어한 뒤 미국·중국·러시아 비리 자료를 내밀어 윤현길의 항복을 받는다,공식 무혐의 전의 검찰 수사와 조부 구속 위험이 남아 있다,윤현길이 용서를 빌고 다른 권력자를 낚는 미끼가 되겠다고 한다,김태중을 향한 수사 칼날을 꺾고 정적을 정보원으로 묶는다,가족·정치,윤현길은 공격자에서 민재에게 생사를 맡긴 도구가 된다,머리를 깨뜨리며 빈 윤현길을 민재가 어떤 용도로 사용할 것인가?,윤현길의 공격 저지,윤현길 활용; 김태중 수사 후폭풍,DCA-N13,0.96
142,142화,카르텔 (1),25922,26107,윤현길은 제압됐지만 김태중은 구속 위기 후 회장직을 놓으려 한다,조부를 살려 두면서 민재가 그룹 실권을 받는 가족 결산을 준다,김태중의 완전 은퇴를 막고 자신이 임시 경영을 맡는다,"윤현길을 태우에 반목하는 미끼로 묶고 보좌관·감시를 붙인다. 김태중의 회장직 양도·베트남 영구이주 선언을 막아 1년 체류로 받아들이고, 김태중·비서실장이 은퇴 협박으로 손자에게 일을 넘기는 속내가 독자에게 공개된다.",조부의 상처와 후계자의 갑작스러운 책임 증가가 비용이다,"윤현길은 정치통발 역할을 수락하고, 김태중의 완전은퇴 선언은 손자를 사실상 경영 전면에 세우려는 1년 베트남행 연극으로 드러난다.","윤현길의 평생 미끼·정보보고 약속과 태우 보좌관·24시간 감시선을 확보하고, 김태중의 즉시 완전은퇴 대신 1년 베트남 체류·김민재 임시 경영 구도를 얻는다. 회장 승계는 아직 공식 실행되지 않는다.",가족·직책,"윤현길은 공격자에서 태우 반대세력을 끌어들일 정치통발로 바뀌고, 김민재는 김태중이 자리를 비운 동안 그룹 경영을 맡지만 공식 회장 승계 전이다.",김태중이 베트남으로 떠난 뒤 민재 혼자 한 달 남은 아이폰 국내 출시와 그룹 경영을 감당해야 한다.,윤현길 제압·미끼 전환; 김태중의 즉시 완전은퇴 저지와 1년 베트남 체류 결정,김태중 없는 그룹 경영; 한 달 남은 아이폰 국내 출시; 공식 회장 승계 시점,DCA-N13,0.98
143,143화,카르텔 (2),26108,26283,태우 실권을 맡자 통신사·전자회사 카르텔이 무선인터넷 규제로 국내 아이폰 판매를 막으려 한다.,국내 담합을 국제 통상전으로 뒤집는 첫 수를 보여 준다,국내 통신·방송 규제 협상 실패 뒤 미국에서 외부 통상 압박 수단을 찾는다.,통신 카르텔과 직접 협상이 깨지자 데이비드를 미국으로 보내 통상 문제화를 준비한다,와이파이 수익을 잃을 통신사와 방송위원회 규정이 버틴다,국내 단말 규제가 미국 기업 차별 문제로 재정의된다,데이비드와 미국 인맥을 가동해 국내 카르텔 밖에서 압박할 경로를 연다.,통상·규제,아이폰 국내 출시전이 한국 기업끼리의 협상에서 국가 간 쟁점으로 커진다,데이비드가 미국에서 태우를 겨냥한 카르텔을 어떤 외부 압박으로 바꿀 것인가?,국내 협상 실패,미국 외부 압박 수단; 국내 통신·방송 규제전,DCA-N14,0.98
144,144화,카르텔 (3),26284,26459,미국에서 아이폰이 흥행하지만 국내 카르텔은 WIPI를 고수한다,청와대 철회 명령까지 끌어내도 현장 저항이 남는 공방을 준다,슈퍼 301조와 해외 제조사 공동성명으로 정부를 움직인다,미국 흥행을 근거로 무역 압박과 공동성명을 가동해 방송위원회 철회 지시를 끌어낸다,통신·단말 카르텔은 정치 압박을 무시하고 계속 버틴다,규정 방패가 제거된 것이 아니라 정부가 철회를 명령한 단계에 도달한다,카르텔을 흔들 공식 정치 압력을 확보한다,정치·통상,태우는 정부를 자기 편에 세웠지만 업계의 복종은 아직 얻지 못한다,강대기 위원장이 대통령실의 WIPI 규제 중단 명령을 따를 것인가?,미국 통상 압박 발동,방송위원회의 저항; WIPI 의무화 철회,DCA-N14,0.96
145,145화,카르텔 (4),26460,26621,정부 명령에도 통신·단말 카르텔이 WIPI를 고집한다,부품 매출을 미끼로 제조사 내부를 갈라놓는 역공을 지급한다,삼진·CL 부품 부문이 휴대전화 부문에 맞서게 한다,장경준의 정치망을 쓰고 아이폰 300만 대 추가 계약과 일본 대체 압박을 동시에 건다,자사 스마트폰 보호와 막대한 부품 주문이 같은 그룹 안에서 충돌한다,부품 계열사가 카르텔 유지보다 애플 주문을 택한다,삼진 회장이 WIPI 지지 철회를 검토할 내부 압력을 만든다,조직·계약,카르텔이 한 덩어리에서 매출이 갈린 이해집단으로 쪼개진다,삼진 회장의 최종 철회 지시가 남는다,부품사 이탈 유도,WIPI 지지 철회,DCA-N14,0.98
146,146화,카르텔 (5),26622,26781,삼진 내부가 흔들리고 방송위원회도 WIPI 강제를 미룰 명분을 찾는다,규제 철회와 높은 국내 조립비를 감수한 출시 길을 결산한다,WIPI 지지를 거두게 하고 국내 생산·판매 일정을 확정한다,삼진 회장이 WIPI 지지를 철회하고 방송위원회가 강제탑재를 사실상 연기하자 아이폰 판매가 시작된다. 첫 반나절 2만 대 판매·3만 명 넘는 예약 뒤 김민재는 높은 단가를 감수한 태우전자 국내 생산 협의를 지시한다.,원가 상승과 통신사의 막판 저항이 출시 이후 수익을 깎는다,"WIPI 연기로 즉시 판매가 열리자 반나절 만에 2만 대가 팔리고 3만 명 넘게 예약해 초기 10만 대 부족이 예상되며, 김민재는 높은 단가를 감수한 국내 생산 협의를 지시한다.",WIPI 강제탑재 연기라는 국내 판매허가와 판매 첫 반나절 2만 대·3만 명 넘는 예약을 얻는다. 태우전자 국내 생산은 협의 지시 단계라 실제 물량은 아직 나오지 않았다.,규제·시장,"통신 카르텔의 출시 장벽은 무너지고 태우통신은 실제 구매·예약 고객을 얻지만, 부족 물량을 메울 국내 생산은 미실행이다.",태우전자가 높은 조립단가를 감수하고 국내 생산을 실제로 시작해 초기 10만 대 부족과 태우통신 고객 전환을 감당할 수 있는가?,WIPI 강제탑재 규제 연기·국내 판매 개시; 첫 반나절 2만 대 판매·3만 명 이상 예약,태우전자 국내 생산 협의·추가 물량 확보; 태우통신 고객 전환,DCA-N14,0.97
147,147화,반등 (1),26782,26941,규제는 풀렸지만 국내 조립비와 초기 수요가 아이폰 성패를 가른다,10만 대 매진과 와이파이망이 카르텔전 승리를 실물로 증명한다,초기 품절을 이용해 태우통신의 스마트폰 생활권을 만든다,초도 10만 대가 일주일 만에 매진되자 500곳 넘는 매장에 와이파이·충전망을 설치한다,비싼 조립비와 부족한 공공 와이파이가 이용 확산을 막는다,흥행을 본 삼진이 자체 스마트폰 개발을 결정한다,태우통신이 국내 스마트폰 생태계의 기준을 선점한다,판매·인프라,아이폰이 규제 논쟁에서 일상 소비재로 넘어간다,오희건의 명령으로 삼진전자도 스마트폰 개발에 뛰어들면서 국내 경쟁이 시작된다.,국내 출시 흥행,삼진 스마트폰 경쟁; 태우 서비스 생태계 수성,DCA-N15,0.98
148,148화,반등 (2),26942,27105,아이폰 국내 흥행과 애플 지분 가치가 태우전자 주가를 끌어올린다,시장 반등을 차세대 AI 지분으로 바꾸는 협상을 지급한다,잡스와 AI 공동개발 비용·지분을 절반씩 나눈다,두 달간 주가 회복을 확인하고 AI 공동개발 비용과 지분을 50대50으로 합의한다,AI 상용화 불확실성과 양사의 지적재산권 욕심이 맞선다,태우의 자금과 애플 기기를 결합한 공동 연구 구조가 성립한다,시장가치 회복과 AI 자산 절반을 확보한다,기술·지분,태우가 부품 공급자를 넘어 애플의 공동 기술 소유자가 된다,AI 공동개발비 50퍼센트 지원 대가 외에 민재가 애플에서 받아내려는 다른 것은 무엇인가?,AI 공동개발 합의,애플의 추가 대가; AI 공동개발,DCA-N15,0.98
149,149화,반등 (3),27106,27278,AI 공동개발 뒤 민재는 아이폰 다음 화면과 생산 혁신을 노린다,애플 TV 합의와 아마존 로봇 제안을 연속으로 여는 확장을 보여 준다,아이패드·TV 협업을 계약으로 만들고 충분히 성장한 아마존에서 태우와 묶을 새 공동사업을 찾는다.,스티브에게 아이패드 개념을 제안하고 애플·태우 TV를 70대30으로 계약한 뒤 제프리를 불러 아마존의 인건비 문제를 듣고 태우와 손잡자고 제안한다.,개발비를 태우가 부담해야 하고 두 글로벌 창업자의 이해를 맞춰야 한다,태블릿·TV 협업을 끝낸 민재가 닷컴 충격을 버틴 아마존의 인건비 문제를 새 공동사업의 입구로 바꾼다.,애플·태우 TV 계약과 제프리와의 새 협상 자리를 얻는다.,제품·동맹,태우의 반등이 화면 사업과 제조 혁신으로 넓어진다,충분히 성장한 아마존에서 민재가 빼내려는 다음 공동사업은 무엇인가?,애플 TV 합의,아마존 새 공동사업; 애플·태우 TV 출시,DCA-N15,0.98
150,150화,반등 (4),27279,27463,애플 TV 합의 뒤 아마존과 제조 로봇 협상이 이어진다,공동개발 계약과 WTC 장기임차 의뢰가 서로 다른 미래 준비를 연다,아마존 로봇 동맹을 맺고 8월 전 WTC 장기리스 협상을 시작한다,아마존과 로봇·스마트팩토리 공동개발을 체결하고 데이비드에게 세계무역센터 장기임차를 알아보게 한다,로봇 개발 인력과 WTC 임대인의 동의를 모두 얻어야 한다,"아마존과 로봇 공동개발 계약을 맺고 귀국한 뒤, 기존 로봇 팔 수준과 민재가 원하는 무인 스마트팩토리 사이의 격차를 두 자동차 사장에게 제시한다.",아마존 로봇 파트너십과 데이비드의 8월 전 WTC 장기임차 성사 약속을 얻는다.,기술동맹·부동산,아마존 계약은 닫히고 뉴욕 거점은 협상 단계로 열린다,태우·카이자동차 두 사장이 기존 로봇 팔을 넘어설 스마트팩토리 협력에 응할 것인가?,아마존 공동개발 계약,스마트팩토리 설계; WTC 장기 임차,DCA-N15,0.96
151,151화,반등 (5),27464,27639,WTC 장기리스 협상이 계약으로 돌아오고 9월의 위험 시계가 다가온다,99년 사용권을 사람을 살리는 공사장으로 바꾸는 준비를 지급한다,WTC 보험·리모델링·구조 인력을 9월 전에 배치한다,99년 32억 달러 임차를 확정하고 모든 보험을 든 뒤 두 동을 비우는 리모델링과 구조 인력 배치를 지시한다,거대한 공사비와 이유를 모르는 현장 반발이 비용이다,리모델링 명목이 입주자 대피와 붕괴 대응 장비 배치를 가능하게 한다,WTC 사용권이 참사 대비 생존 장치로 전환된다,부동산·생존,WTC 두 동이 수익 부동산에서 통제 가능한 구조 현장으로 바뀐다,예정된 9·11 공격을 실제로 견뎌야 한다,WTC 임차 계약,9·11 생존 시험,DCA-N15B,0.99
152,152화,친구 혹은 적 (1),27640,27823,WTC는 비워지고 구조팀이 배치된 채 9·11 아침을 맞는다,대형 참사의 인명 피해를 줄이고 금융 공포를 기회로 바꾸는 결산을 준다,현장을 구하고 공포 매도를 막은 뒤 저점 매수를 준비한다,9·11 직후 공매도·매도를 금지하고 크레인과 구조 인력을 투입해 붕괴를 통제한다,비행기 탑승자 희생과 미국 전역의 공황은 막을 수 없다,WTC 내부 사망자가 없고 건물 붕괴도 현장 장비로 통제된다,대규모 인명 피해를 줄이고 미국의 신뢰와 보험 청구권을 얻는다,생존·신뢰,민재의 부동산 준비가 사람을 살린 국제적 공로로 바뀐다,전쟁 열기 속 미국 자산과 정치 노선을 선택해야 한다,WTC 생존 계획,전후 투자·정치 방패,DCA-N15B,0.99
153,153화,친구 혹은 적 (2),27824,28005,9·11 뒤 미국은 전쟁으로 기울고 태우는 AI 인재와 자동차 방패가 필요하다,세계급 연구자와 미국 원로의 협상을 통해 전쟁 밖 보호선을 만든다,제임스 힌톤과 AI 협력선을 만들고 반덤핑 예외를 얻는다,미국 체류 중 식당에서 제임스 힌톤을 만나 연구 협력을 제안하고 조지 슐츠와 자동차 반덤핑 예외를 협상한다,미국의 전쟁 참여 요구와 힌톤 연구팀의 독립성이 거래를 제한한다,부시 재선 지원을 대가로 태우가 전쟁에 직접 올라타지 않는 길이 열린다,AI 스승과 미국 자동차시장 방패를 동시에 얻는다,인재·정치,태우가 AI 연구축과 미국 내 비개입 보호선을 갖춘다,공화당 재선 지원 약속으로 미국시장 방패를 얻되 태우를 전쟁 소용돌이에 넣지 않는 선을 지킬 수 있는가?,미국 보호 협상,미국 정치 방패; 전쟁 불개입 경계,DCA-N15B,0.97
154,154화,친구 혹은 적 (3),28006,28171,9·11 대응과 미국 정치방패를 마련한 김민재가 귀국하자 김태중도 베트남에서 돌아와 회장실에서 기다린다.,"김태중의 승계·결혼 압박, 백악관의 미국 방패, 아이폰·TV·상여금 영수증을 받은 뒤 세이월드라는 다음 SNS 표적만 연다.",할아버지와 승계 시점을 조율하고 미국 보호선·모바일·TV 실적·직원 보상을 확인한 다음 새 SNS 후보의 면담을 잡는다.,"김태중의 회장직 제안과 베트남 귀환 뒤에도 혼자면 승계하겠다는 결혼 최후통첩을 받는다. 백악관의 명예시민권 발표와 태우자동차 반덤핑 재량을 확인하고, 아이폰 40만 대·조너선이 참여한 애플-태우 TV 진행을 보고받아 추석 상여금 200~300%와 TV 개발진 최고등급 지급을 지시한다. 마지막에 세이월드 대표 면담 약속을 알아보게 한다.","젊은 총수라는 시선 때문에 회장 취임을 미루고 싶고, 아이폰은 성능·콘텐츠 제약을 안으며 애플-태우 TV 협업에는 직원 자존심 비용도 남아 있다.","살아 있는 외국인에게 전례가 드문 미국 명예시민권 발표와 태우자동차 반덤핑 재량이 지급되고, 아이폰 40만 대·애플 핵심 디자이너 조너선의 TV 참여가 국내 사업 보상으로 이어진다.","김태중의 승계 신뢰, 백악관 명예시민권 발표, 태우자동차 반덤핑 재량, 아이폰 40만 대, 조너선이 설계에 참여한 애플-태우 TV, 추석 상여금 200~300%와 TV 개발진 최고등급 지급 지시를 얻는다. 세이월드 면담은 아직 약속을 알아보는 단계다.",시장·탐색,김민재는 김태중이 회장직을 맡길 후계자로 다시 확인되고 미국 정치·통상 보호선을 얻는다. 모바일 40만 대와 TV 협업은 실적이 되고 직원에게는 200~300% 보너스가 배정된다.,마지막에 처음 꺼낸 세이월드 대표의 약속을 실제로 잡아 SNS의 가치와 인수 가능성을 확인할 수 있는가?,회장직 제안·결혼 최후통첩; 미국 명예시민권 발표·태우차 반덤핑 재량; 아이폰 40만 대·애플-태우 TV 진행; 추석 200~300% 보너스 지시,세이월드 대표 첫 면담; 세이월드의 투자·인수 여부,DCA-N16,0.94
155,155화,친구 혹은 적 (4),28172,28345,서광수는 민재의 투자 제안을 듣고 KS 계약 때문에 흔들린다,별도 보고로 드러난 강압 계약이 SNS 복수전의 명분이 된다,서광수에게 독립 경영을 제시하고 KS의 세이월드 인수 수법을 파악한다,서광수와 투자·독립 경영을 논의한 뒤 기획실 보고로 KS의 70억 원 주식 인수와 박동희의 동문 압박을 확인한다,이미 진행된 주식 계약과 서광수의 책임감이 즉시 이탈을 막는다,민재는 세이월드를 되사는 대신 더 강한 서비스를 만들기로 한다,복수 대상과 계약 약점을 특정하고 독자 SNS 역공을 결정한다,계약·복수,세이월드 인수 기회가 KS를 겨냥한 플랫폼 전쟁으로 바뀐다,태우IT에 어떤 기능과 조직을 줄지 실행해야 한다,KS 강압 구조 확인,독자 SNS 개발,DCA-N16,0.96
156,156화,친구 혹은 적 (5),28346,28515,KS텔레콤이 세이월드를 인수하자 김민재가 태우IT로 가 기능을 선점하는 독자 SNS 반격을 시작한다.,태우IT 100명의 기능개발·재택·안식년 당근과 다이먼에게 심는 미국 부동산 파생상품·한국 카드대란의 두 금융 씨앗을 함께 보여 준다.,"세이월드의 미래 기능을 한 달 안에 특허화할 조직을 만들고, 다이먼에게 5년 뒤 미국 부동산 파생상품 위기와 당장 닥친 한국 카드업계 과열을 읽게 한다.","태우IT 대기인력 약 100명에게 미니홈피·일촌·배경음악·SNS 화폐와 미래 SNS 기능을 나눠 맡기고 최고 명절상여금, 주 1회 재택, 1,500명 증원 뒤 3개월 휴가·1년 안식년 조건을 제시한다. 이어 다이먼에게 초저금리 자금이 미국 부동산과 파생상품으로 몰려 최소 5년 뒤 터질 위험을 설명하고, 카드광고와 대학생·고등학생 발급에서 한국 카드업계 광기를 확인시킨다.","1,000명 조직의 병렬개발은 생산성 부담이 크고 장기휴가·안식년은 성장 조건부다. 다이먼은 5년 뒤 부동산 붕괴를 허황되게 여기며 카드사들은 이미 발급경쟁에 취해 있다.","SNS 복지 발표로 직원들이 개발에 뛰어든 뒤, 다이먼과의 대화가 닷컴 자금의 부동산 이동·파생상품 폭발 가능성에서 한국 카드대란이라는 즉시 실행 표적으로 좁혀진다.","SNS 기능별 개발팀 약 100명과 한 달 일정, 최고 상여금·주 1회 재택 및 조건부 장기휴가·안식년이라는 조직 동력을 확보한다. 다이먼에게 세계 최고 은행 CEO 약속을 재확인하고 미국 부동산 파생상품과 한국 카드업계 과열을 추적할 판단축을 심는다.",조직·복지,"태우IT는 세이월드 인수 실패를 독자 SNS 기능개발로 되받을 제작진을 갖추고, 방치됐던 다이먼은 미국 부동산 버블과 한국 카드대란을 겨냥할 금융 파트너로 다시 배치된다.",대학생·고등학생에게까지 카드를 내주는 과열을 이용해 CL카드와 금융시장에 어떤 인수전을 걸 것인가?,SNS 100명 기능분담·한 달 일정; 상여금·재택·조건부 휴가제 설계; 다이먼의 장기 약속 재확인,미국 부동산 파생상품 버블 추적; 한국 카드대란과 CL카드 인수전,DCA-N16,0.95
157,157화,광기. (1),28516,28676,SNS 개발이 시작되고 카드 광기를 본 민재가 다이먼에게 CL카드 인수를 맡긴다,마크 영입 제안과 삼진 특허 협상의 두 미완 거래를 병렬로 연다,페이스북 창업자를 포섭하고 삼진의 특허 의존도를 확인한다,다이먼에게 CL카드 인수를 지시하고 데이비드에게 마크 30% 지분 제안을 맡긴 뒤 오희건과 특허 협상을 시작한다,마크의 수락은 확인되지 않았고 삼진도 조건을 확정하지 않았다,삼진이 태우 핵심특허 없이는 수익성 있는 스마트폰을 만들기 어렵다고 인정한다,카드 인수 임무와 두 기술 협상의 주도권을 얻는다,인재·협상,다이먼·마크·삼진이 각기 태우가 제시한 거래 앞에 선다,직접 손을 내민 오희건에게 특허 협력 대가로 무엇을 받아낼 것인가?,CL카드 임무 배치,삼진 특허 협력 조건; 마크 투자,DCA-N16,0.96
158,158화,광기. (2),28677,28838,오희건은 특허가 필요하고 민재는 단기 로열티보다 플랫폼 확산을 원한다,경쟁사 스마트폰까지 태우 서비스의 유통망으로 만들고 카드대란 인수 준비와 새 메신저 천재 영입을 함께 연다.,삼진의 특허 요청을 태우 서비스 기본 탑재로 바꾸고 카드대란 인수 준비와 임재범 영입 협상을 연다.,"삼진 스마트폰에 태우 사이트·앱을 기본 탑재하는 조건으로 특허료를 낮추고, 다이먼과 CL카드·외환은행 인수를 검토한 뒤 임재범에게 합작회사와 전액 지원을 제안한다.",삼진 내부 반발과 카드 부채의 불투명성이 남는다,"경쟁사 단말까지 태우 서비스 배포망으로 만드는 계약 뒤, 카드·은행 인수 조사에서 메신저·금융을 잇는 천재 영입 협상으로 초점이 바뀐다.","삼진 스마트폰 기본 탑재 계약과 CL카드 인수 준비, 임재범과 합작 협상 자리를 얻는다.",특허·플랫폼,삼진은 경쟁자이면서 태우 서비스의 배포 파트너가 된다,임재범은 몸만 오면 된다는 합작 제안과 자신을 스티브에 비견한 민재의 말을 받아들일 것인가?,삼진 특허 협상,CL카드·외환은행 인수; 임재범 합작 영입,DCA-N16,0.98
159,159화,광기. (3),28839,29001,삼진 기본 앱 합의 뒤 민재는 메신저·숏폼 인재와 카드 부실을 함께 찾는다,거절당한 개발자들이 지분과 자본을 받고 태우 편에 서는 보상을 준다,임재범·서문영을 계약하고 금융 부실 조사선을 유지한다,외환은행·카드 부실을 조사시키며 임재범에게 코코아톡 합작을 제안하고 서문영에게 지분 20%·계약금 50억 원을 제시한다,기존 포털의 거절 경험과 신규 서비스의 불확실성이 두 개발자를 망설이게 한다,스티브의 설득과 태우 조건이 두 사람의 수락을 끌어낸다,메신저와 짧은 영상 SNS의 핵심 창업자·기술을 선점한다,인재·계약,태우IT의 플랫폼 축이 내부 개발에서 창업자 연합으로 확장된다,서문영의 지장으로 새 SNS를 확보한 민재가 두 소셜 서비스를 어떻게 묶어 키울 것인가?,임재범·서문영 계약,코코아톡; 하두리형 SNS 개발·결합,DCA-N16,0.98
160,160화,광기. (4),29002,29175,CL카드 부실을 싸게 인수하려면 현금서비스와 채권 유동성을 먼저 막아야 한다,명동이 카드사의 돈줄을 끊어 위기를 앞당기는 금융 역공을 보여 준다,박만덕·이영한과 카드대란의 시간표를 당긴다,박만덕과 이영한에게 CL카드 채권·10조 원대 유동성을 설명하고 대출 차단·채권 압박·부실 발급 가속을 맡긴다,시장 전체 피해와 명동 자금의 대규모 노출이 비용이다,이영한이 명동 대출·채권 유통을 막고 노숙자·부랑자 명의의 부실카드까지 만들겠다고 불법 수단을 제시한다.,대출 차단·채권 유통 중단·부실 발급을 실행할 명동 공조 약속을 얻는다.,금융·유동성,CL카드는 확장 경쟁자에서 현금서비스 중단 직전의 표적이 된다,이영한의 불법 수단이 CL카드 유동성 위기를 얼마나 앞당길 것인가?,명동 압박망 구성,CL카드 유동성 포위; 실제 자금 차단,DCA-N16B,0.96
161,161화,광기. (5),29176,29348,CL카드 현금서비스가 끊기고 외환카드까지 흔들리며 채권단이 다급해진다,2조 원과 부채 인수안을 더 유리한 조건으로 바꾸는 협상을 지급한다,CL카드와 태우카드를 부채 탕감 조건으로 되찾는다,고승택과 2조 원·부채 인수안을 협상하고 김태중을 불러 정부·채권단의 탕감을 끌어낸다,20조 원대 자금유동성 부담과 숨은 연체가 인수 뒤에도 남는다.,외환카드 중단까지 겹치자 채권단이 태우 조건을 받아들인다,업계 1위 카드사 회수 계약과 대규모 부채 탕감을 얻는다,인수·채무,태우가 카드대란의 구원자이자 새 소유자로 복귀한다,인수 뒤 숨은 부실과 연체금을 감당해야 한다,CL카드 매각 협상,CL카드 자금유동성·연체 정상화,DCA-N16B,0.98
162,162화,축제 (1),29349,29514,CL카드 계약은 끝났지만 20조 원 카드채와 숨은 부실이 드러난다,자금력과 추심망으로 위기를 버티며 카드 1위를 되찾는 결산을 준다,만기 채권을 막고 연체금을 회수해 카드사를 정상화한다,CL카드 인수를 마무리하고 태우증권 자금으로 만기를 막으며 이영한 추심망을 붙인다,2조 원 넘는 추가 부실과 대규모 현금 투입이 부담이다,드러난 손실에도 태우 자금과 명동 회수력이 버팀목이 된다,CL카드와 태우카드를 되찾고 경쟁 카드사보다 강한 현금 우위를 세운다,금융·지위,태우가 카드대란 피해자에서 업계 1위 운영자로 돌아온다,월드컵 광고와 외환은행 인수판을 준비해야 한다,CL카드 인수·응급 정상화,월드컵·외환은행 선점,DCA-N16B,0.98
163,163화,축제 (2),29515,29678,카드 정상화 뒤 민재는 2002년 월드컵 성과를 미리 브랜드 자산으로 묶으려 한다,아직 값싸게 계약 가능한 대표팀과 응원 열기를 선점하는 준비를 지급한다,히딩크·선수 광고권과 독자 응원단을 확보한다,불법 대선자금을 거절하고 대표팀·감독·선수와 미리 광고 계약을 맺으며 공식 스폰서 대신 응원단을 만든다,성적이 나오기 전 광고비와 정치 후원 거절의 후폭풍이 있다,회귀 지식이 4강 성과의 광고 권리를 싼값에 잠근다,월드컵 열기를 태우 브랜드로 회수할 독점 계약을 얻는다,브랜드·계약,태우가 경기 결과가 나오기 전 월드컵 수혜자로 자리 잡는다,외환은행 BIS 조작 증거가 금융판을 연다,월드컵 광고 선점,외환은행 매각 뒤집기,DCA-N16B,0.98
164,164화,축제 (3),29679,29858,월드컵 광고 준비 중 다이먼이 외환은행 BIS 조작 증언을 가져온다,공적 수사와 CES 제품 공개가 금융·기술 두 전선을 동시에 연다,BIS 조작을 폭로하고 애플 신제품의 실제 공개를 확인한다,이일석의 증언을 감사원·청와대 수사로 연결하고 CES에서 아이패드와 아이폰S 공개를 지켜본다,금융당국 연루와 론스타 매각 일정이 수사를 방해한다,BIS 6.16 조작이 공식 수사 대상으로 올라 기존 매각판이 흔들린다,외환은행을 정당하게 인수할 명분과 애플 공동제품의 시장 무대를 얻는다,수사·제품,론스타 우선 매각이 경쟁입찰 가능성이 있는 사건으로 바뀐다,태우그룹이 직접 이득 볼 CES 마지막 제품이 아직 무대 뒤에 남아 있다.,BIS 조작 폭로,CES 마지막 공동제품; 외환은행 수사,DCA-N16B,0.97
165,165화,축제 (4),29859,30047,BIS 수사로 외환은행 매각이 흔들리고 CES 무대에는 스마트TV가 남아 있다,제품 흥행과 은행 내부 협상선을 함께 얻는 이중 보상을 준다,스마트TV 생태계를 각인시키고 이수현을 다이먼 쪽으로 끌어온다,CES에서 애플·태우 공동 스마트TV를 공개하고 다이먼을 외환은행 경쟁 입찰자처럼 접근시킨다,론스타의 선점과 이수현의 자기보전 욕구가 거래를 비튼다,주가 반등 속 이수현이 자금과 자문직 제안에 넘어간다,스마트TV 선도 이미지와 외환은행 내부 협상선을 얻는다,제품·금융관계,태우는 가전 혁신자이자 은행의 유력 인수 후보가 된다,이수현 은행장이 다이먼·명동의 연극을 믿은 채 어떤 매각 조건을 내놓을 것인가?,스마트TV 공개,외환은행 실제 인수 제안; 애플·태우 TV 판매,DCA-N16B,0.98
166,166화,축제 (5),30048,30224,론스타 자격이 흔들리고 다이먼은 1조5천억 원을 제안하려 한다,은행 인수 9부 능선과 스마트TV 판매 보상을 함께 보여 준다,론스타를 탈락시키고 외환은행 우선협상 지위를 굳힌다,론스타의 부적격을 확인하고 다이먼에게 1조5천억 원 제안 계획과 태우 계열사 주거래 지원을 맡긴다,가격 협상과 공식 소유권 이전은 아직 끝나지 않았다,민재가 은행 인수는 거의 끝났다고 판단하고 스마트TV 판매 20% 상승을 보고받는다,외환은행 인수 우위와 가전 매출 반등을 얻는다,금융·매출,태우 금융망이 외환은행 소유 직전까지 나아간다,애플·태우 TV로 바뀐 태우전자 이미지를 신혼부부 할인과 후속 판매로 얼마나 키울 수 있는가?,론스타 우선권 붕괴,외환은행 최종 계약; 신혼부부 할인 행사,DCA-N16B,0.96
167,167화,드라마 (1),30225,30423,태우그룹은 인수와 신사업 확장으로 연간 2만 명 채용이 필요하다,학벌에 가린 천재를 민재가 직접 찾아내는 인재 선점 보상을 건다,태우전자·태우IT 지원자 속에서 계열사를 먹여 살릴 원석을 찾는다,탈락 이력서까지 보름 동안 훑어 A급 다섯 명을 인턴으로 넣고 프로그래밍·알고리즘 S급 천민정을 추적해 술집에서 만난다,5만 장이 넘는 이력서와 천민정의 고졸 학력·검사 아들과의 분쟁이 채용을 막는다,강 대위 조사로 그녀가 집안 생계 때문에 졸업 작품을 대신 만들며 경찰 감시까지 받는 처지임이 드러난다,S급 능력 두 개를 지닌 천민정과 처음 대면한다,인재·관계,종이 이력서 속 이름이 민재가 직접 설득할 핵심 인재로 바뀐다,경계심 강한 천민정이 태우의 특채 제안을 받아들일지 남는다,A급 원석 다섯 명 선발,천민정 영입·검사 아들 위협,DCA-N17,0.99
168,168화,드라마 (2),30424,30612,천민정은 돈과 권력을 불신한 채 연봉 1억 제안을 생각해 보겠다고 물러난다,채용 제안에 안전이라는 실물 조건을 붙여 닫힌 마음을 흔든다,정호영 부자의 검찰 권력에서 천민정을 보호하고 태우 울타리로 데려온다,연봉·복지·법률 보호를 제시하고 강 대위에게 정호영 일가를 감시시킨 뒤 정신수에게 차장검사 승진과 아들 유학을 맞바꿀 거래를 건다,천민정의 불신과 중앙지검 검사 부자의 보복 계획이 맞선다,현 차장검사의 성추문을 지렛대로 중립 파벌 과반 찬성을 만들 수 있다는 황금 동아줄이 제시된다,천민정을 공격할 검사 부자를 멈출 구체적 협상판을 연다,보호·권력관계,막연한 보호 약속이 정신수의 승진 욕망을 겨눈 거래로 바뀐다,정신수가 승진과 아들 유학 조건을 실제로 받아들일지 남는다,천민정 특채 조건 제시,검사 부자 제압·입사 수락,DCA-N17,0.98
169,169화,드라마 (3),30613,30819,정신수에게 차장 승진과 정호영 유학을 묶은 제안이 들어가 있다,천민정의 가족 안전과 일자리를 확정하고 비트코인 창조로 보상을 확장한다,검사 부자의 위협을 끝내고 천민정을 암호화폐 개발자로 영입한다,정호영을 미국으로 보내게 하고 졸업 작품 사건을 무마한 뒤 동생 학비·부모 병원비를 보장해 입사 승낙을 받으며 비트코인 프로젝트를 설명한다,천민정은 재벌이 자신에게 불법 일을 시키려 한다고 의심하고 가족 생계 때문에 감옥도 감수하려 한다,비트코인이라는 낯선 개념을 들은 천민정이 경계 대신 호기심을 보이며 꼭 만들겠다고 답한다,천민정 보호와 특채가 완료되고 암호학자 팀의 공동 개발이 시작된다,관계·고용·기술,보호 대상이 태우의 S급 직원이자 비트코인 핵심 개발자로 전환된다,천민정과 암호학 팀이 비트코인 프로젝트를 실제 작동하는 화폐로 만들 수 있는가?,정호영 위협·천민정 영입,비트코인 개발; 천민정의 SAVE 적응,DCA-N17,0.99
170,170화,드라마 (4),30820,31015,천민정과 암호학자들은 민재가 기억해 낸 원리를 바탕으로 비트코인을 만들고 있다,월드컵 첫 승부터 첫 16강까지 미리 산 광고권의 효력을 현장에서 터뜨린다,비트코인 개발을 진전시키면서 대표팀의 조별리그 성적을 태우 브랜드로 회수한다,분산 장부와 채굴 구조를 설명한 뒤 폴란드전·미국전·포르투갈전에 맞춘 감독·선수 다큐형 광고를 차례로 내보낸다,가상화폐의 신뢰 확보와 경기 결과가 달라질 가능성이 사업과 광고를 동시에 압박한다,한국이 2승1무로 사상 첫 16강에 오르며 히딩크의 문구를 선점한 광고가 매장 줄과 매출 상승을 만든다,조별리그 광고 계약이 국민적 관심과 태우 계열사 매출로 처음 환전된다,브랜드·기술,비트코인 실험과 월드컵 광고가 각각 개발팀과 대중 시장에서 작동하기 시작한다,16강 이후 광고와 대표팀의 더 높은 성적이 남는다,월드컵 조별리그 광고,16강 이후 결산·비트코인 완성,DCA-N17,0.99
171,171화,드라마 (5),31016,31200,한국 대표팀이 4강 신화를 끝내고 태우는 헐값에 선점한 광고권의 최대 수혜자가 된다,월드컵 국민기업 보상과 천민정의 천재성을 한 화에서 함께 확인한다,선수들의 해외 진출을 돕고 비트코인 이후에도 천민정의 능력을 계속 사업에 연결한다,광고비 보너스와 EPL 추천서를 마련하고 비트코인 디버깅 중인 천민정을 SNS·코코아톡 문제 해결에 투입해 성과급을 지급한다,선수 계약·취업비자와 천민정의 비행 공포·가족 사채 빚이 각자의 다음 선택을 묶는다,천민정은 100명이 풀지 못한 호환 문제를 며칠 만에 고치고 가장 큰 성과급을 받을 새 일을 요구한다,월드컵 4강 광고 효과와 SNS·메신저 개발 단축이라는 구체 성과를 얻는다,브랜드·인재능력,천민정은 보호받는 신입에서 프로젝트 병목을 부수는 핵심 개발자로 올라선다,민재가 실마리도 못 잡은 인공지능 프로젝트까지 맡길지 시험한다,월드컵 광고·SNS와 코코아톡 오류,AI 활용·천민정 가족 빚,DCA-N17,0.99
172,172화,소셜 네트워크 (1),31201,31388,천민정은 SNS와 코코아톡 병목을 해결한 뒤 더 어려운 인공지능 일을 원한다,천재의 자유로운 발상이 미래 플랫폼 수익 모델을 먼저 말하게 한다,힌톤 팀의 AI를 실사용 가능한 광고·알림 도구로 연결한다,천민정을 힌톤 연구에 붙이고 밤샘 통화로 이용자 데이터 기반 맞춤 광고와 댓글 푸시 알림 아이디어를 구체화한다,현재 AI는 대화형 지능에 못 미치고 데이터 분석을 사람이 하면 인력이 지나치게 든다,천민정은 수집·분석·노출 전 과정을 알고리즘으로 돌리면 된다고 스스로 해법을 제시한다,개인화 광고와 재방문 알림이라는 두 제품 후보를 얻는다,아이디어·기술,AI 연구가 먼 미래의 논문에서 SNS 매출과 체류를 높일 설계로 이동한다,밤샘 통화가 이어질 만큼 쏟아지는 천민정의 아이디어를 실제 제품으로 구현할 수 있는가?,SNS 오류 해결,천민정의 광고·푸시 아이디어; 두 사람의 관계,DCA-N17,0.98
173,173화,소셜 네트워크 (2),31389,31569,천민정과의 통화는 해 뜰 때까지 이어졌고 민재는 피곤한 채 출근한다,젊은 인재를 짓누른 임원 파벌을 드러내 조직 개혁의 칼을 세운다,서정준 고문의 퇴사를 막고 그를 괴롭힌 안상수 파벌을 본사에서 떼어낸다,서정준에게 태우증권 지분 인수와 옹호 계약을 제안하고 기획실장에게 안상수 동조자 명단과 베트남 전보안을 준비시킨다,서정준은 나이 때문에 임원들에게 눌려 사표를 냈고 명분 없는 징계는 역풍을 부를 수 있다,민재는 징계가 아니라 승진과 해외 법인 발령을 이용해 정치 임원들을 밀어낼 수 있음을 떠올린다,서정준에게 한 달의 숙고 시간과 태우 안에서 다시 설 자리를 보장한다,인사·관계,개인의 퇴사가 조직 파벌을 솎아낼 인사 개혁 사안으로 커진다,안상수 파벌을 승진·해외 발령으로 밀어내도 임원 자리 자체의 보신주의를 바꿀 수 있는가?,서정준 사표 수리 유예,안상수 파벌 전보; 임원 구조 개혁,DCA-N17,0.98
174,174화,소셜 네트워크 (3),31570,31756,안상수 일파를 본사에서 밀어낼 인사안이 준비되고 민재는 천민정과 밤마다 아이디어를 나눈다,인사 숙청의 실행과 두 사람 사이의 감정 변화를 함께 지급한다,정치 임원을 현장으로 보내고 열애설 때문에 천민정이 일에서 물러나지 않게 한다,안상수와 동조자들을 베트남 오지 법인으로 승진 발령한 뒤 기사 속 상대가 천민정임을 직접 알려 주고 메신저·금융 융합 아이디어를 듣는다,보신주의 임원들의 파벌과 천민정의 신분 불안이 각각 조직과 관계를 압박한다,자신이 열애설 상대라는 말을 들은 천민정이 처음으로 환하게 웃고 곧바로 사업 회의로 돌아간다,구태 임원을 현장에서 다시 검증하고 천민정과의 신뢰에 작은 진전을 얻는다,인사·관계·아이디어,서정준을 밀어낸 본사 파벌이 흩어지고 천민정은 숨겨야 할 소문이 아니라 민재의 공식 협업 상대가 된다,천민정의 메신저·금융 결합안을 어떤 서비스로 구현할 것인가?,안상수 파벌 본사 전보,메신저 금융; 김민재·천민정 관계,DCA-N17,0.99
175,175화,소셜 네트워크 (4),31757,31915,페이스북과 코코아톡 개발이 끝나 출시 단계에 들어간다,무료 플랫폼의 대중 확산과 그 성공이 낳는 실제 인프라 비용을 함께 보여 준다,두 서비스를 시장에 안착시키고 서버 과부하 전에 새 데이터센터 계획을 세운다,페이스북·코코아톡을 무료 출시해 초기 이용자를 모으고 숏폼 서비스 최적화를 점검한 뒤 5천억~1조 원 규모 데이터센터 후보지를 검토한다,태우통신 서버는 여러 IT 사업을 감당하기 직전이고 전력·냉각·땅값·정치 이해를 모두 맞춰야 한다,세이월드의 폐쇄 정책과 달리 이메일만으로 가입하는 페이스북의 접근성이 실제 우위로 나타난다,두 소셜 서비스의 출시와 세이월드 점유율 하락 전망을 얻는다,서비스·인프라,개발 프로젝트가 실제 이용자를 받는 플랫폼으로 바뀌고 서버 시설이 새 병목이 된다,정치적 이득까지 얻을 데이터센터 부지를 정해야 한다,페이스북·코코아톡 출시,데이터센터 입지·숏폼 출시,DCA-N17,0.99
176,176화,소셜 네트워크 (5),31916,32080,페이스북·코코아톡이 세이월드를 밀어내고 KS 내부에서는 책임 공방이 벌어진다,빼앗겼던 창업자를 되찾아 복수의 실행자를 세운다,서광수를 태우로 영입하고 세이월드 개발 인력까지 데려오게 한다,대전으로 내려가 서광수에게 페이스북 한국 법인장과 지분을 제안하고 미니홈피 특허들을 보여 주며 옛 동료들에게 즉시 연락하게 한다,서광수는 세이월드 매각 책임과 업계 평판 때문에 새 제안을 쉽게 믿지 못한다,자신이 구현하지 못한 아이디어와 태우의 법률 보호를 확인한 서광수가 올해 안에 세이월드 점유율을 반토막 내겠다고 나선다,서광수 영입을 확정하고 옛 개발진 회수와 한국형 페이스북 반격을 시작한다,인재·복수·고용,세이월드 피해자가 태우의 한국 SNS 공격을 지휘할 법인장으로 돌아온다,"김태중과 단둘이 마주한 천민정이 열애설을 부정하며 직장과 아이디어 회의까지 잃을까 떨 때, 김태중은 어떤 말로 그녀의 두려움에 답할 것인가?",서광수의 페이스북 한국 법인장 수락·세이월드 개발진 연락 시작,세이월드 개발진 회수·한국형 페이스북 반격; 김태중과 천민정의 첫 단독 식사·직장 상실 두려움,DCA-N17,0.99
177,177화,최고의 방어 (1),32081,32276,천민정은 김태중과의 식사에서 직장과 민재 곁을 잃을까 두려워한다,회귀 직후 지키려 한 가족이 민재의 새 관계까지 품는 정서적 보상을 준다,천민정의 신분 불안을 풀고 다이먼의 미국 은행 확장도 밀어 준다,김태중은 과거 결혼 압박을 사과하며 손자 곁에 있어 달라고 말하고 민재는 다이먼에게 실리콘밸리 영업 지원을 약속한 뒤 천민정과 호텔 회의실로 간다,천민정은 재벌가의 반대를 예상하고 다이먼은 웨일에게 복수할 장기 실탄을 모아야 한다,김태중이 배경을 묻지 않고 천민정을 가족 후보처럼 받아들이며 다이먼도 5년 이상 기다릴 각오를 밝힌다,천민정은 태우를 떠날 공포를 덜고 다이먼은 핀테크 은행의 후원선을 얻는다,가족·관계·금융,민재의 가족은 보호 대상에서 그의 연애 가능성을 지지하는 울타리로 넓어진다,사무실 같은 호텔 장기대여 방을 본 천민정의 실망은 무슨 뜻인가?,김태중의 천민정 승인,천민정과의 관계; 다이먼의 실리콘밸리 은행 진출·실탄 축적,DCA-N18,0.99
178,178화,최고의 방어 (2),32277,32455,다이먼은 실리콘밸리 은행 확장을 준비하고 페이팔은 이베이에 팔릴 처지다,결제 회사를 사고 미래 창업자들과 먼저 악수하는 글로벌 선점 보상을 준다,이베이보다 높은 가격으로 페이팔을 인수하고 떠나는 창업진과 투자 관계를 남긴다,20억 달러를 제시해 페이팔 인수를 확정하고 피터 일행에게 향후 창업 우선투자를 약속한 뒤 프랑스 식당에서 일론 머스크와 처음 만난다,페이팔은 적자이고 창업자들은 매각 뒤 흩어지려 하며 머스크는 원치 않은 매각에 화가 나 있다,결제망만 사는 거래가 위튜브 창업자 후보와 전기차·에너지·우주에 집착하는 머스크를 만나는 자리로 확장된다,페이팔 소유권과 미래 창업자들에게 연락받을 투자 우선권을 얻는다,인수·관계·결제망,태우의 미국 자산이 은행에서 글로벌 온라인 결제와 창업자 네트워크로 넓어진다,머스크가 꿈꾸는 세 산업에 민재가 얼마를 걸지 남는다,페이팔 인수,머스크 투자·미래 창업자 투자,DCA-N18,0.99
179,179화,최고의 방어 (3),32456,32617,민재와 머스크가 전기차·태양광·우주 사업의 자금 규모를 놓고 첫 대화를 시작한다,아직 회사도 없는 미래 산업에 장기 자금 약속을 걸고 국내 핀테크 개발을 연다,머스크의 창업을 붙잡고 페이팔 기술을 태우 플랫폼의 금융 기능으로 옮긴다,머스크가 원하는 세 사업에 1억~10억 달러 규모 우선투자를 약속하고 귀국해 코코아톡 금융 서비스 개발을 서두르라고 지시한다,사업은 구상 단계이고 코코아톡 금융은 법·정치 규제를 검토해야 출시할 수 있다,태우IT의 중국 게임·코코아톡 이익이 커져 새 투자와 핀테크 개발을 감당할 현금이 확인된다,머스크와의 장기 투자 약속과 코코아톡 핀테크 개발 착수를 얻는다,투자관계·금융개발,페이팔 인수가 미래 산업 후원과 국내 모바일 금융의 기술 기반으로 전환된다,대선 정권 교체가 태우의 무후원 원칙과 핀테크 규제를 시험한다,머스크 첫 협상,전기차·우주 투자·코코아톡 금융 출시,DCA-N18,0.99
180,180화,최고의 방어 (4),32618,32797,16대 대선 막판 단일화가 성사되고 태우는 어느 진영에도 불법 자금을 주지 않았다,AI의 첫 실용 성과를 확인하고 세계 공대를 한국에 데려올 장기 구상을 연다,힌톤 팀의 음성인식을 다음 아이폰에 넣고 해외 연구진이 올 교육 거점을 구상한다,대선 흐름을 지켜본 뒤 천민정이 시연한 전화·문자·알람 음성인식을 검수하고 인도공과대학교 한국 캠퍼스 유치 아이디어를 꺼낸다,현재 AI는 딥러닝·생성형 단계에 못 미치고 연구진은 한국 근무를 꺼린다,아이폰에서 이미 작동하는 약인공지능이 확인되자 민재는 교수직과 인재 공급을 한꺼번에 해결할 IIT 캠퍼스를 떠올린다,"영어 90% 이상·한국어 80% 이상·평균 75% 이상의 음성인식과 알람·전화·간단 메시지를 아이폰에서 실제 작동시킨 약인공지능을 확인하고, IIT 한국 캠퍼스로 힌톤팀 교수직·인재공급을 묶을 목표를 세운다. IIT 유치는 아직 계획이다.",기술·교육구상,인공지능 연구가 작동하는 스마트폰 기능으로 진전되고 해외 인재 유치 문제가 대학 설립 의제로 바뀐다,IIT 한국 캠퍼스를 실제 유치해 힌톤팀 교수직과 인재 공급을 함께 해결할 수 있는가?,아이폰 음성인식의 영어·한국어 정확도와 알람·전화·메시지 실제 작동 확인,다음 아이폰 음성비서 탑재·상용화; IIT 한국 캠퍼스 정치·교육 협상과 실제 유치,DCA-N18,0.99
181,181화,최고의 방어 (5),32798,32963,여당 후보가 2% 차로 당선되고 야당은 재검표와 재벌 자금 수사를 벼른다,돈을 주지 않은 태우가 경쟁 재벌의 불법 자금을 역공 재료로 쓰는 정치 보상을 준다,KS의 선거 자금 흐름을 잡아 태우를 향할 수사 칼날을 경쟁사로 돌린다,강 대위와 국세청 인맥을 움직여 KS해운 비자금·현금 차량을 추적하고 야당과 검찰에 정보를 흘리게 한다,임직원 계좌를 거친 돈의 최종 행선지는 아직 확증이 없고 새 여당 정부가 수사를 덮을 수 있다,기업어음 장부 누락과 막판 거액 인출 정황이 포착되어 정치권과 검찰이 물 수 있는 사건이 된다,KS 불법선거자금 단서가 검찰 수사로 전환되고 전체 대기업을 겨냥한 수사 착수까지 끌어낸다.,정치·수사·정보,태우의 무후원 선택이 방어에 그치지 않고 경쟁사를 겨누는 수사 지렛대로 바뀐다,KS에서 시작된 검찰의 전면 수사가 다른 재벌까지 어디까지 번질 것인가?,대선 결과 확인,대기업 불법선거자금 전면 수사; KS 압수수색,DCA-N18B,0.99
182,182화,합동 연설 (1),32964,33126,KS해운에서 대선 막판 빠져나간 거액과 비자금 정황을 검찰이 들여다보기 시작한다,100억 원 넘는 불법 자금과 세이월드 실패를 공개 결산해 복수의 표면을 준다,KS의 정치 방패를 무너뜨리고 박동희가 망친 세이월드의 끝을 확인한다,100억 원을 넘는 선거자금·약 2천억 원 비자금 장부와 현금차 사진을 검찰에 넘기고 태우SNS가 세이월드를 밀어낸 실적을 보고받는다,검찰이 새 정권 눈치를 보면 사건이 축소될 수 있고 세이월드 직원 피해도 남는다,언론과 야당까지 움직이자 검찰이 KS 본사 압수수색에 들어가고 박동희는 경질된다,KS의 불법 자금 수사와 세이월드 복수의 가시적 결산을 얻는다,복수·수사·시장,태우는 정치자금 수사의 표적이 아니라 증거 제공자이자 SNS 승자로 자리 잡는다,KS에서 시작된 불법자금 수사가 다른 재벌로 얼마나 번질 것인가?,KS 선거자금·세이월드 보복,재벌 전면 수사; 세이월드 폐쇄 후 이용자 이동,DCA-N18B,0.99
183,183화,합동 연설 (2),33127,33294,KS 압수수색과 박동희 경질 뒤 재벌 불법 대선자금 수사가 2003년까지 이어진다,정치적 청렴이 벌어 준 시간으로 세계용 숏폼 플랫폼을 준비한다,서광수와 서문영을 한 팀으로 묶어 틱택톡 출시를 앞당긴다,페이스북 한국 법인에 있던 서광수에게 세이월드·하두리 장점을 합친 숏폼을 제안하고 서문영과 공동대표로 즉시 합류시킨다,서광수는 자신이 세계 서비스를 이끌 능력이 있는지 망설이고 CES 관심도도 떨어졌다,서문영의 확신과 다음 달 한·미·중 동시 출시 일정이 서광수의 승부욕을 다시 깨운다,틱택톡 공동대표 두 명과 세이월드 출신 인력의 이동 선택권을 확보한다,플랫폼·인재,세이월드 복수에 머물던 서광수가 세계 숏폼 시장을 노리는 창업자로 다시 선다,천민정이 공들인 태우·애플 비밀제품을 유출 없이 폭발적으로 공개할 수 있는가?,서광수 재기,틱택톡 출시; 태우·애플 비밀제품 공개,DCA-N18B,0.99
184,184화,합동 연설 (3),33295,33460,틱택톡은 출시를 준비하고 비트코인은 개발됐지만 아직 쓸 곳과 가치가 부족하다,가상화폐를 게임 거래에 심어 첫 사용처를 만들고 WWDC 무대로 이동한다,게임사들이 비트코인을 아이템 거래와 해외 결제에 쓰도록 만든다,태우IT 회의에 게임사 대표들을 불러 채굴 보상·아이템 결제·국경 없는 거래를 제안하고 사용량 제한과 지역락 방어책을 확인한 뒤 샌프란시스코로 간다,게임사는 화폐 가치와 전문 채굴장 악용을 걱정하고 정치 규제가 언제 들어올지도 모른다,불법 대선자금 싸움에 몰린 정치권이 핀테크와 비트코인을 보지 못하는 공백이 확인된다,비트코인에 게임 사용자와 거래 수요를 붙일 초기 유통 실험을 시작한다,화폐·게임생태계,실험용 암호화폐가 게임 안에서 채굴되고 소비될 실제 매개로 바뀐다,스티브가 예고 없이 민재를 WWDC 공동 발표 무대에 세운다,비트코인 사용처 설계,WWDC 합동 연설·AI 제품 공개,DCA-N18C,0.99
185,185화,합동 연설 (4),33461,33664,스티브의 강권으로 민재는 WWDC 무대 동선과 대본을 급히 익힌다,세계 관객 앞에서 시리와 태우 가전·자동차의 결합을 실물로 터뜨린다,아이폰 음성비서를 태우 제품 전반의 원격 조종 장치로 각인시킨다,스티브의 아이폰 발표에 이어 무대에 올라 시리로 에어컨·TV·세탁기와 태우자동차 시동까지 실시간 작동시킨다,초반 관객은 태우가 혁신을 말하는 것을 비웃고 공개 시연 실패 위험도 크다,무선 음성 명령으로 집과 차가 실제 움직이자 냉담하던 개발자들이 함성과 박수를 보낸다,태우전자와 자동차를 사물인터넷 선두 제품으로 세계에 노출한다,제품·브랜드·기술,시리는 스마트폰 기능을 넘어 태우의 집·차 생태계를 묶는 개인 비서로 확장된다,폭발적 관심을 후속 제품과 생산·판매로 회수해야 한다,WWDC 시리·사물인터넷 시연,공동제품 판매·차세대 액세서리,DCA-N18C,0.99
186,186화,합동 연설 (5),33665,33838,WWDC 합동 시연이 성공하고 스티브는 다이먼의 핀테크 은행 홍보까지 돕는다,발표 성공의 관계 보상을 무선 이어폰과 스마트워치 공동 기획으로 되돌린다,다음 아이폰의 보안과 주변 기기 시장을 애플보다 먼저 설계한다,핀테크 은행장실에서 스티브와 지문·얼굴 인식과 노이즈캔슬링 무선 이어폰·심박수·지도·통화 기능 스마트워치를 세 시간 동안 논의한다,관련 특허 확보와 디자인·호환성 개발에는 애플·태우 양쪽 연구진의 협력이 필요하다,10년 뒤 제품 개념을 들은 스티브가 즉시 운동·통화 용도를 덧붙이며 한국에 전문가를 보내겠다고 한다,에어팟·스마트워치급 공동개발 의제와 애플의 지원 약속을 얻는다,제품기획·기술동맹,태우·애플 동맹의 범위가 스마트폰과 가전에서 귀와 손목의 새 시장까지 넓어진다,애플 전문가를 한국에 붙여 무선이어폰·스마트워치 아이디어를 실제 제품으로 만들 수 있는가?,WWDC 발표·핀테크 은행 홍보,무선이어폰·스마트워치 개발; 아이폰 후속 생산,DCA-N18C,0.99
187,187화,브랜드의 가치 (1),33839,34048,WWDC 시연으로 태우 가전 주문이 폭증했지만 국내 공장은 물량을 대지 못한다,세계적 브랜드 상승을 매출로 확인한 뒤 생산 병목을 해외 공장으로 푼다,품절을 끝내고 다음 혁신 제품까지 감당할 글로벌 생산능력을 만든다,우성일에게 과소 생산계획 책임을 묻고 베트남 공장 확대와 인도 대규모 가전 공장 신설을 검토시킨다,국내 증설은 땅값·인건비가 높고 해외 공장은 현지 정부의 인허가와 지원이 필요하다,아이폰·아노르 협업이 단발 홍보가 아니라 세계 주문 폭증과 브랜드 가치 상승으로 입증된다,기록적 판매 성과와 인도 생산기지라는 구체 해법을 얻는다,매출·생산기지,태우전자의 문제가 판매 부진에서 주문을 못 받는 공급 부족으로 역전된다,베트남과 인도 중 추가 생산기지를 어디에 어떤 조건으로 세울 것인가?,WWDC 판매 효과 확인,해외 가전공장 입지; 생산량 확대,DCA-N19,0.99
188,188화,브랜드의 가치 (2),34049,34214,태우전자는 인도 공장을 원하고 민재는 해외 연구진을 부를 IIT 캠퍼스도 필요하다,공장 투자와 선거 지원을 한 거래로 묶어 인도 최고위 정치 약속을 얻는다,미모안 싱의 총선 승리를 도우며 생산기지와 IIT 한국 진출을 함께 확보한다,데이비드와 인도에서 차기 총리 후보 미모안 싱을 만나 대규모 공장·고용과 선거 지원을 제시하고 IIT 캠퍼스 허용을 요구한다,IIT는 인도의 자부심이라 해외 캠퍼스 반발이 크고 미모안 싱은 아직 총리가 아니다,서로 필요한 선거 동력과 경제 투자를 맞바꾸면서 단순 공장 인허가가 교육·정치 동맹으로 커진다,인도 공장 지원과 집권 뒤 IIT 한국 캠퍼스를 추진한다는 약속을 얻는다,정치동맹·교육·생산,인도는 저가 생산 후보지에서 태우의 정치·교육 파트너로 바뀐다,미모안 싱의 청렴한 약속과 국민회의의 현실 선거자금을 함께 묶어 총선 승리·IIT 약속을 실행할 수 있는가?,인도 정부 협상 착수,IIT 인도 캠퍼스; 인도 총선; 국민회의 후원회장 접촉,DCA-N19,0.99
189,189화,브랜드의 가치 (3),34215,34387,미모안 싱은 공장과 IIT 거래에 응했지만 인도 대중의 해외 유출 반발이 남는다,허황후·한류라는 문화 표면으로 정치 거래를 국민 친선 사업으로 바꾼다,인도 여론을 우호적으로 만들고 생산 부족도 실제 증설로 해소한다,허황후 관련 다큐와 문화 사업을 지시하고 10조 원대 인도 투자 계획을 알리며 베트남·인도 생산라인 확대를 확정한다,교육 자산을 빼앗긴다는 여론과 새 공장 완공 전까지 계속될 품절이 비용이다,한국과 인도의 오래된 인연을 앞세우면 IIT 진출과 대규모 고용을 함께 설명할 수 있다는 명분이 생긴다,인도 공장·교육 거래를 받칠 문화외교와 생산 증설 계획을 얻는다,문화외교·생산,비공개 정치 거래가 양국 친선과 일자리 사업으로 공개될 기반을 갖춘다,아노르 가문에서 불가능할 만큼 빨리 도착한 손님은 누구이며 무엇을 평가하러 왔는가?,인도 투자 명분,허황후 다큐멘터리; 아노르 가문 방문자,DCA-N19,0.98
190,190화,브랜드의 가치 (4),34388,34604,태우·아노르 프리미엄 가전이 팔리고 델핀이 후속 협업을 판단하러 한국에 온다,기술 시연과 중국 최고위 인맥으로 명품가문의 신뢰를 실물화한다,델핀에게 태우의 개발력과 시장 해결 능력을 증명해 장기 파트너가 된다,미래형 가전과 AI 기능을 보여 주고 아노르 브랜드의 중국 허가 난항을 쩡칭훙 통화로 풀어 준다,델핀은 프리미엄 가전이 일회성 흥행인지 의심하고 중국 행정 장벽은 가문 사업을 막는다,민재가 한 통의 통화로 중국 문제를 해결하자 델핀은 태우뿐 아니라 민재 개인의 가치까지 다시 본다,아노르 가문의 후속 제품 협력과 유럽 상류층 시장 신뢰를 굳힌다,브랜드·관계·해외인맥,태우와 아노르의 관계가 디자인 계약에서 서로의 시장을 여는 장기 동맹으로 깊어진다,아노르 가문이 사업 동맹을 넘어 델핀과 민재의 결합 가능성까지 살핀다,프리미엄 가전 검증,아노르 장기동맹·혼인 관측,DCA-N19,0.99
191,191화,브랜드의 가치 (5),34605,34776,델핀은 태우와 민재를 높게 평가하고 아노르 가문은 한국 유통 확대를 원한다,외국 명문가와의 신뢰 뒤에 국내 정치 방벽의 빈틈을 선명하게 드러낸다,프리미엄 동맹을 굳히고 기업을 임의로 흔들지 못할 독자 정치세력을 구상한다,아노르 가문과 한국 매장·브랜드 전략을 조율한 뒤 불법 대선자금 수사 국면을 보며 깨끗한 경제인·정치인 연합을 검토한다,기존 양당에 기대면 정권이 바뀔 때마다 태우가 보복 대상이 되고 새 당은 꼭두각시 의심을 받는다,해외 명문가도 신뢰하는 태우가 국내에서는 정치권의 자금 요구를 방어할 제도적 힘이 없다는 모순이 드러난다,유럽 명품 동맹과 깨끗한 경제인·정치인 연합이라는 목표를 함께 얻는다.,글로벌관계·정치구상,민재의 방어선이 검찰 인맥과 거래를 넘어 독자 정당 설계로 이동한다,기존 이권에 얽히지 않고 오직 태우와 경제발전을 위해 일할 정치인을 어떻게 모을 것인가?,아노르 사업동맹,경제정치 연합의 인물·규모·구조,DCA-N19,0.98
192,192화,사내 복지 제도 (1),34777,34942,민재는 국회의원 20명 이상 교섭단체를 출발점으로 경제정당을 만들려 한다,거대 양당에 끌려가지 않을 정치 방벽을 설계하던 순간 천민정의 동생에게 가해진 구체적 학교폭력이 침입한다.,"최재석에게 깨끗한 정치인 후보를 추려 달라고 맡기고, 천민정의 동생에게 벌어진 학교폭력을 확인해 보호에 착수한다.",최재석에게 이번 주 안에 후보 약 50명을 추려 보고해 달라고 맡긴다. 강 대위가 보여 준 영상에서는 불량학생 4~5명이 천민정의 동생 머리를 후려치고 식판에 침을 뱉는 장면을 확인한다.,"20명 교섭단체를 만들 만큼 깨끗한 후보를 찾기 어렵고, 영상 속 가해 학생들의 이름·가족 배경은 이 화에서 아직 알 수 없다.",정치 방벽 논의가 천민정의 동생이 교실에서 반복적으로 맞고 모욕당하는 긴급 보호문제로 전환된다.,"최재석에게 후보 선별 과업을 맡기고, 불량학생 4~5명의 폭행·식판 침 장면이 담긴 대응 근거를 확보한다. 후보 50명 명단은 아직 미지급이다.",정치명분·가족보호,추상적 경제정당 계획이 태우 핵심인재의 가족을 지키는 당면 과제와 연결된다. 피해자는 이 화 표면대로 천민정의 동생이며 실명과 가해자 배경은 다음 확인으로 남는다.,영상 속 천민정의 동생을 즉시 보호하고 불량학생 4~5명의 신원과 배경을 어떻게 확인할 것인가?,교섭단체·경제정당 구상과 후보 선별 담당자 확정,후보 약 50명 보고; 천민정의 동생 보호; 가해 학생 신원·배경 확인,DCA-N20,0.99
193,193화,사내 복지 제도 (2),34943,35136,추영택이 천민우를 때리려는 순간 태우 경호원이 손목을 잡는다,직원 복지가 가족의 안전까지 실제로 작동하는 첫 장면을 지급한다,천민우를 즉시 보호하고 추영택 집안이 사건을 뒤집지 못할 증거를 모은다,경호원들이 하굣길 폭행을 막고 천민우를 집까지 지킨 뒤 기획실이 학교·추영택 부모·담임의 유착을 조사한다,천민우는 누나 직장에 피해가 갈까 숨기고 추영택 어머니는 검찰과 교장을 동원해 퇴학시키려 한다,가해자가 부장검사 아버지와 기업가 외가를 믿고 역공을 준비하면서 단순 학생 다툼이 권력 싸움으로 드러난다,천민우의 당일 안전과 추영택의 상습 폭행·학교 묵인 증거를 확보한다,가족·증거·보호,천민정이 혼자 감당하던 동생 문제가 태우 기획실의 공식 보호 사안이 된다,추영택의 어머니가 교장과 검찰을 움직여 오히려 천민우를 짓밟겠다고 전화기를 든다.,천민우 하굣길 구출,가해 부모의 권력 역공; 학교·검찰 외압,DCA-N20,0.99
194,194화,사내 복지 제도 (3),35137,35343,부장검사 남편과 중견기업 회장가 친정을 둔 조영희가 학부모회와 교장을 앞세워 천민우 퇴학을 요구한다.,김민재가 사진·영상·녹취·진술서와 몸으로 천민우를 공개 보호하고 학교·검찰 권력을 실제 행동으로 뒤집는다.,추영택의 상습폭행을 증거로 공식화하고 천민우에게 공개 보호막을 세운 뒤 가해자 가족·학폭위원·검찰선을 조사한다.,"학부모 회의에서 몇 달치 사진·영상·녹취·진술서와 경호원 바디캠을 제시해 정식 학폭위를 요구한다. 교실로 가 천민우를 안아 공개 보호하고 재폭행을 막은 뒤 학폭위원 뒷조사, 명동선 확인, 추영택 아버지의 부장검사 윗라인 압박을 지시한다.",조영희는 부장검사 남편과 중견기업 회장가 친정을 믿고 버티며 학교도 학부모회 눈치를 본다. 화원정밀 거래중단 같은 다음 화 조치는 아직 없다.,태우 부회장이 천민우를 교실에서 직접 안아 보호하자 은밀하던 피해가 공개 지위로 뒤집히고 누구도 다시 손대기 어려운 보호막이 선다.,추영택의 상습폭행을 입증할 사진·영상·녹취·진술서·바디캠을 공개하고 정식 학폭위를 요구한다. 천민우는 김민재가 교실에서 안아 준 태우 직원 가족이라는 공개 보호지위를 얻는다.,관계·권력대응,"천민우는 고립된 피해학생에서 태우 부회장이 공개 보증하는 직원 가족으로 바뀌고, 학교·학폭위원·명동·검찰선을 겨냥한 실제 조사와 압박이 시작된다.",학폭위원 뒷조사와 명동선·부장검사 윗라인 압박이 추영택 가족과 학교의 축소 대응을 어디까지 무너뜨릴 것인가?,천민우 누명 반박; 추영택의 상습폭행 증거 공개; 교실 공개보호와 재폭행 차단,정식 학폭위; 학폭위원·추영택 가족 뒷조사; 명동·검찰 윗라인 압박,DCA-N20,0.99
195,195화,사내 복지 제도 (4),35344,35519,추영택 집안은 학교·검찰·화원정밀을 방패로 삼지만 각 연결선이 태우 조사망에 잡힌다,핵심인재 가족을 건드린 대가를 거래와 직위 상실로 구체 지급한다,추영택의 폭력을 끝내고 천민우가 학교에 남을 수 있게 한다,화원정밀을 태우 협력망에서 끊고 추영택 아버지의 상급 검찰선을 움직여 가족에게 공개 사과와 전학을 받아낸다,협력사 배제는 태우에도 공급 비용을 만들고 천민정은 자신의 일 때문에 동생이 더 위험해질까 죄책감을 느낀다,민재는 기업 한 곳보다 천민정의 능력과 신뢰가 훨씬 큰 자산이라고 선을 긋는다,추영택의 사과·전학과 천민우의 안전한 학교생활을 확정한다,가족·관계·거래,사내 복지가 급여 항목이 아니라 직원 가족을 위해 그룹 거래망까지 쓰는 약속으로 증명된다,민재는 검사 100명과 척져도 천민정을 태우에 잡아두는 편이 이득이라고 결론낸다.,천민우 학교폭력,천민정의 신뢰; 딥러닝 성과,DCA-N20,0.99
196,196화,사내 복지 제도 (5),35520,35684,천민우 문제를 끝낸 천민정은 민재에게 평생 은혜를 갚겠다고 말한다,가족 보호의 정서적 결산을 AI와 정치 인프라라는 장기 자산으로 넓힌다,천민정의 딥러닝을 국가 성장축으로 키우고 경제정당을 맡을 지도자를 세운다,딥러닝 보고를 4차 산업혁명으로 규정하고 부산 데이터센터 지원을 지렛대로 김태중이 최재석에게 새 정당의 중심이 되어 달라고 설득한다,AI는 막 시작된 연구이고 최재석은 재벌 꼭두각시가 된다는 의심과 정치적 위험을 부담해야 한다,김태중이 손자의 법적 책임까지 자신이 지겠다고 나서며 가족이 민재의 정치 부담을 나눠 든다,천민정의 충성과 딥러닝 성과·최재석 설득을 위한 구체 조건을 얻는다,가족·AI·정치동맹,직원 가족 보호에서 출발한 약속이 데이터센터와 독자 정치세력 구축으로 확장된다,김태중이 데이터센터·지역사업을 조건으로 최재석 영입을 직접 마무리할 수 있는가?,천민우 보호·딥러닝 발견,최재석 영입; 경제정당 창당; 부산 데이터센터,DCA-N20,0.99
197,197화,혼란의 시대 (1),35685,35841,김태중은 최재석에게 부산 데이터센터와 법적 방패를 내걸고 경제정당 창당을 요청한다,조부가 직접 정치 위험을 짊어져 민재의 독립 방벽에 지도자를 붙인다,최재석의 동의를 얻어 깨끗한 의원 50명을 모을 당의 원칙을 세운다,델핀과 프리미엄 가전을 다듬는 동안 김태중이 최재석을 만나 국가 발전 사업만 지원하고 인사·정책에는 간섭하지 않겠다고 약속한다,최재석은 재벌의 하수인으로 보일 위험과 양당을 떠날 정치 생명을 걸어야 한다,김태중이 정경유착이 아니라 경제 발전을 위한 제한적 협력이라고 선을 긋자 최재석이 도전을 받아들인다,국민경제당 지도자와 기업이 넘지 않을 개입 경계를 확정한다,정치동맹·가족협업,민재의 구상이 김태중·최재석이 함께 움직이는 실제 창당 준비로 바뀐다,최재석이 받아든 경제정당 도전을 실제 전국 조직과 공약으로 키울 수 있는가?,최재석 설득,국민경제당 교섭단체·데이터센터,DCA-N20,0.99
198,198화,혼란의 시대 (2),35842,36008,최재석이 새 경제정당의 중심을 맡기로 하고 부산 데이터센터가 첫 지역 사업이 된다,정당 성장 엔진과 제조업 원재료 방벽을 동시에 세운다,국민경제당의 정책·홍보 조직을 만들고 뒤처진 태우상사를 자원 전문회사로 바꾼다,"김태중이 최재석에게 부산 데이터센터와 인재 명단을 건네고, 김민재가 계열사 실적을 점검해 태우상사를 미래 원자재 유통축으로 키울 필요성을 확인한다.",양당 탄핵 싸움 속 제3당은 인지도와 인력이 부족하고 태우 제조업은 해외 원재료 가격에 노출돼 있다,서비스 계열의 성장과 달리 태우상사의 정체가 그룹 공급망 약점이라는 사실이 드러난다,최재석에게 데이터센터·인재 명단을 지급하고 태우상사의 전환 필요성을 확인한다.,조직·정치기반·자원,"정치 구상은 최재석에게 데이터센터·인재 명단을 지급하는 실행으로, 상사 구조조정은 미래 원자재 유통축의 필요를 확인하는 단계로 나뉜다.",실적이 낮은 태우상사를 어떤 원자재 임무로 되살릴 것인가?,최재석에게 부산 데이터센터·인재 명단 지급; 태우상사 실적 점검,태우상사 원자재 전환; 국민경제당 조직,DCA-N20,0.98
199,199화,혼란의 시대 (3),36009,36165,태우상사는 원자재 전문회사로 임무가 바뀌고 국민경제당은 탄핵 정국의 틈을 노린다,미래 제조 원료와 경제만 말하는 제3당의 인지도를 함께 선점한다,값싼 광산 권리를 사들이고 최재석을 양당의 대안으로 띄운다,"태우상사에 희토류·리튬·식각가스·불화수소의 국가별 매장량과 생산업체 조사를 지시하고, 최재석에게 양당 정쟁과 달리 경제만 말하는 선거 전략을 제시한다.",자원 개발은 장기 비용이 들고 기존 정당들은 탄핵 찬반으로 유권자를 양분한다,양당이 정쟁에 몰두할수록 경제 공약만 내는 최재석이 차별화되는 역설이 생긴다,"희토류·리튬·식각가스·불화수소의 매장국·생산업체 조사와 광산 매입계획 담당을 태우상사·태우화학에 확정하고, 국민경제당 정치인 약 40명 영입과 경제공약 선거전략을 확인한다. 공급망 목록·광산 소유권은 아직 미지급이다.",원자재·정치인지,태우상사가 희토류·리튬·식각가스·불화수소의 전략 공급망을 조사하는 주체가 되고 국민경제당은 경제 공약으로 대안 세력의 가능성을 시험한다.,양당 정쟁과 달리 경제만 말하는 국민경제당 전략이 중도표를 실제 흡수할 수 있는가?,원자재별 조사·매입계획 지시; 국민경제당 약 40명 영입·경제공약 방향 확정,희토류·리튬 광산 실제 매입; 식각가스·고순도 불화수소 개발; 국민경제당 총선 공약·중도표 검증,DCA-N20,0.98
200,200화,혼란의 시대 (4),36166,36346,프리미엄 가전은 CES에서 주목받고 민재는 슈퍼볼 광고와 개인영상 시장을 준비한다,유튜브보다 먼저 움직인 국내 개발자를 만나 세계화의 비용과 선택을 제시한다,판타지TV 김익수의 역량을 확인하고 글로벌 플랫폼 동맹 가능성을 타진한다,투자 제안서를 다시 찾아 김익수를 부회장실로 부른 뒤 국내 서비스만으로는 서버와 저작권 비용을 버티기 어렵고 세계화에는 수백억 원이 든다고 경고한다,김익수는 국내 성공을 확신하지만 자금이 부족하고 태우도 아직 매각·합작 조건을 합의하지 않았다,유튜브보다 1년 빠른 기술적 시도에도 한국 시장만 보면 결국 해외 플랫폼에 밀린다는 미래 격차가 제시된다,김익수와 첫 대면을 성사시키고 그의 자신감·자금 병목을 정확히 확인한다,인재탐색·사업판단,판타지TV 투자 문의가 글로벌 영상 플랫폼을 함께 만들 수 있는 협상 후보로 바뀐다,민재가 ‘내 손을 잡으면 미래가 바뀐다’고 말한 첫 면담에서 김익수는 어떤 선택을 할 것인가?,김익수 첫 면담,김익수의 선택; 글로벌 영상 플랫폼의 자금 해법,DCA-N20B,0.99
201,201화,혼란의 시대 (5),36347,36522,김익수는 수백억 원 필요성을 인정하면서도 자기 회사와 꿈을 넘기는 조건을 경계한다,현금·직원 보호·세계 파트너를 한꺼번에 제시해 영상 플랫폼 팀을 확정한다,김익수와 직원을 합작사에 데려오고 태우의 선행 개발과 글로벌 주주 구성을 공개한다,판타지TV에 50억 원을 제시하고 천민정이 만든 알파 버전을 보여 준 뒤 애플·구글·아마존이 참여할 회사를 김익수가 관리하게 한다,김익수는 태우가 자기 기술을 필요로 하지 않는다는 사실과 매각 뒤 정체성 상실을 두려워한다,세계 기업들의 이름을 듣자 김익수가 기획실장이 내민 계약서에 즉시 지장을 찍는다,판타지TV 팀·김익수와 글로벌 영상 합작 계약을 완결한다,계약·콘텐츠플랫폼·인재,첫 면담 후보가 태우의 세계 영상 서비스 관리자로 확정된다,1억 명 넘는 슈퍼볼 하프타임에서 데이비드가 경악할 사건이 터진다.,판타지TV 협상,슈퍼볼 사건의 정체; 글로벌 영상 플랫폼 출시,DCA-N20B,0.99
202,202화,충격과 공포 (1),36523,36693,김익수와 글로벌 기업들을 묶은 영상 플랫폼 합작 계약이 체결된다,슈퍼볼 방송 사고를 광고·인재 선점 기회로 뒤집는다,전 세계가 개인 영상을 찾는 순간 새 플랫폼과 창업진을 앞세운다,하프타임 노출 사고 직후 보이지 않는 아름다움 광고를 내보내고 페이팔 출신 채드 헐리·스티브 첸을 영상 서비스 팀으로 영입한다,생방송 사고를 상업화한다는 반감과 아직 이름도 없는 서비스의 초기 콘텐츠 부족이 부담이다,스티브 첸이 다시보기 영상을 찾지 못한 경험에서 개인이 영상을 올리고 공유할 서비스 아이디어를 말한다.,"태우 광고의 슈퍼볼 송출과 채드·스티브 영입, 영상 공유 서비스의 발상을 얻는다.",브랜드·인재·플랫폼,영상 합작사는 계약서 속 계획에서 세계적 사건을 받을 실행팀으로 바뀐다,인도 총선·미국 대선·오바마 보고에서 확인된 결과가 다음 정치 선택에 어떤 영향을 줄 것인가?,슈퍼볼 광고 선점,영상 플랫폼 출시; 인도 총선·미국 대선 후속,DCA-N20B,0.99
203,203화,충격과 공포 (2),36694,36882,위튜브 창업진을 모은 민재는 태우전자와 반도체를 통째로 맡길 수장을 찾는다,미래 CEO에게 파격 조건을 던지고 사우디 왕가에서 프리미엄 브랜드를 노출한다,IBM의 리사 수를 설득할 선택지를 만들고 중동 최고위 고객·관계를 넓힌다,리사 수에게 태우전자 사장·반도체 개발총괄·5배 연봉을 제안한 뒤 답을 기다리며 사우디 왕궁에 프리미엄 가전을 설치하고 무함마드 왕자와 교분을 쌓는다,리사는 IBM보다 태우가 덜 매력적이라 여기고 한국행과 젊은 외국인 사장직의 위험을 저울질한다,돈보다 자신이 원하는 반도체 회사를 설계할 전권과 최고 직위가 리사 수를 깊은 숙고에 빠뜨린다,리사 수의 진지한 검토와 사우디 왕가의 비공개 명품 홍보 효과를 얻는다,영입제안·해외관계·브랜드,태우전자 수장 찾기가 후보 탐색에서 리사 수 개인의 선택을 기다리는 협상으로 진전된다,무함마드가 4년 뒤 EPL 구단을 살 돈을 직접 불리겠다고 하자 민재는 진담인지 농담인지 가늠한다.,리사 수 첫 제안·사우디 홍보,리사 수의 답변; 빈 살만의 4년 투자,DCA-N20C,0.99
204,204화,충격과 공포 (3),36883,37055,리사 수는 제안을 숙고하고 한국에서는 대통령 탄핵안과 촛불 집회가 총선을 뒤흔든다,혼란한 정치 시간을 최재석 인지도와 남미 자원 선점으로 바꾼다,국민경제당을 탄핵 찬반 너머의 대안으로 띄우고 한·칠레 FTA 전에 리튬 권리를 산다,최재석의 촛불 연설과 SNS 확산을 지원하면서 태우상사에 칠레·볼리비아 광산을 먼저 조사·계약하게 한다,탄핵 역풍을 잘못 타면 새 당이 함께 무너지고 남미 광구는 매장량과 정치 위험이 크다,기존 정당이 정쟁에 갇힌 사이 경제·민생 연설이 주목받고 FTA 발효 전 자원 가격차가 열린다,최재석의 전국적 노출과 저평가 리튬 광구 선점 기회를 얻는다,정치인지·원자재,국민경제당은 창당 조직에서 탄핵 정국의 대안으로 떠오르고 태우상사는 남미 현장으로 간다,FTA 체결 전 남미 리튬 광산 소유권을 얼마나 확보할 수 있는가?,탄핵 정국 대응,남미 리튬 광산; 한미 FTA,DCA-N20C,0.98
205,205화,충격과 공포 (4),37056,37235,탄핵 정국에서 최재석이 주목받고 태우상사는 남미 리튬 광구를 훑는다,광구 계약을 실제 권리로 잠그는 동시에 리사 수의 거절 직전까지 정직하게 보여 준다,값 오르기 전 리튬 자산을 확보하고 리사 수에게 태우의 가능성을 직접 보게 한다,우유니 염호와 리튬 트라이앵글 광구 열 곳 이상을 계약하고 방한한 리사 수에게 태우전자·반도체·IT 현장을 안내한다,자원 계약은 장기 개발비를 요구하고 리사 수는 낡은 임원 문화와 위계에 실망한다,시설과 기술보다 사람 문화가 약점으로 드러나 리사 수가 사실상 거절하려는 순간 천민정이 대화에 끼어든다,남미 핵심 리튬 권리를 잠그고 영입 협상을 되돌릴 마지막 만남을 얻는다,자원권·조직문화·인재,태우의 제조 방벽은 강해졌지만 전자회사의 리더십 문제는 더 선명해진다,천민정의 AI 아이디어를 함께 들은 리사 수가 사실상 거절 결정을 바꿀 것인가?,남미 광구 선점,리사 수 영입; 천민정과 리사 수의 대화,DCA-N20C,0.99
206,206화,충격과 공포 (5),37236,37418,리사 수는 태우 조직에 실망했지만 천민정과 밤새 그림·개발 용어로 대화한다,두 천재의 만남으로 CEO 영입을 확정하고 기존 임원 위에 실권을 세운다,리사 수의 수락을 받아 전자·반도체 혁신을 맡긴다,천민정과의 기술 토론 뒤 마음을 바꾼 리사 수와 악수하고 한 달 후 태우전자 사장에 공식 임명하며 임원 교체 전권을 공표한다,기존 임원은 30대 여성 외국인 사장을 견제할 수 있고 천민정은 영어 소통 훈련이 필요하다,말이 통하지 않아도 AI·반도체 가능성을 알아본 리사 수가 자신이 태우를 매력적인 회사로 만들겠다고 답한다,리사 수 영입·취임과 천민정과의 장기 협업축을 확정한다,직책·조직혁신·관계,공석이던 태우전자 사장 자리에 민재가 전권을 보장한 세계급 개발경영자가 선다,국민경제당이 세계 IT 거물들을 불러 총선 공개행사를 연다,리사 수 영입,태우전자 조직개혁·국민경제당 총선,DCA-N20C,0.99
207,207화,계속된 선거 (1),37419,37592,리사 수가 태우전자 사장으로 출발하고 국민경제당은 17대 총선을 앞둔다,세계 IT 수장들을 제3당 무대에 세워 경제정당의 실체를 대중에게 보여 준다,최재석의 전국 인지도를 끌어올리고 리사 수의 반도체 재편안을 승인한다,아마존·구글·애플 CEO가 참여한 경제 대담을 열어 최재석과 나란히 세우고 리사 수에게 퀄컴을 겨눌 팹리스 회사 설립과 투자 재량을 준다,국내 언론은 작은 당 행사를 외면하려 하고 새 설계회사는 수익까지 긴 시간이 필요하다,해외 거물들의 등장이 조간신문 1면을 차지하며 부산 데이터센터를 유치한 최재석의 실적까지 함께 부각된다,국민경제당의 총선 동력과 독립 반도체 설계회사 창설 결정을 얻는다,정치인지·반도체조직,리사 수는 명목상 사장이 아니라 새 회사를 만들 투자 권한까지 가진 전자·반도체 지휘자로 선다,리사 수가 민재를 대신해 태우전자의 방향을 실제로 책임지고 조직을 바꿀 수 있는가?,리사 수 권한 보장,리사 수의 태우전자 경영; 팹리스 전환; 국민경제당 총선,DCA-N20D,0.99
208,208화,계속된 선거 (2),37593,37765,IT 거물 행사로 국민경제당 인지도가 올랐지만 총선 의석은 아직 알 수 없다,개표 긴장 속 천민정의 실시간 번역을 작동시켜 정치와 기술 보상을 병치한다,국민경제당의 실제 의석을 확인하고 번역 AI의 현재 수준을 시험한다,출구조사 방송을 지켜보며 천민정이 영어 영화 음성을 곧바로 한글 자막으로 바꾸는 딥러닝 기능을 시연하고 지역별 개표를 추적한다,제3당은 거대 양당의 조직력에 밀리고 번역 알고리즘도 많은 학습 표본이 필요하다,예상 20석대에서 개표가 진행될수록 당선자가 늘어 전국 모든 권역에 의석을 내는 흐름이 나타난다,실시간 음성 번역의 실용 가능성과 국민경제당이 교섭력을 얻을 개표 추세를 확인한다,AI능력·정치지위,천민정의 AI가 실험실 기술에서 방송 음성을 번역하는 도구로 나와 총선 밤에 쓰인다,전국 모든 권역에서 의석을 얻은 국민경제당의 최종 의석수와 교섭력은 어디까지 커질 것인가?,총선 행사 홍보,국민경제당 최종 의석; 번역 AI,DCA-N20D,0.99
209,209화,계속된 선거 (3),37766,37935,개표 결과 국민경제당은 38석을 얻어 어느 양당도 무시할 수 없는 제3당이 된다,정치적 캐스팅보트와 AI 학습 확대라는 두 축의 현재 성과를 결산한다,최재석의 독립 노선을 확인하고 천민정의 번역·추천 AI에 더 많은 실제 자료를 공급한다,비밀리에 최재석을 만나 회유에도 중심을 지키겠다는 약속을 받고 천민정에게 번역 논문 2만 건과 영화·드라마·소설·만화를 학습시킨 뒤 음성인식 추가를 지시한다,양당의 회유·협박과 AI 학습 자료의 저작권·품질 차이가 각각 정치와 기술을 압박한다,여당 123석·야당 112석·국민경제당 38석이라는 숫자가 최재석의 중립만으로 정국이 움직이는 구조를 만든다,국민경제당의 독자 교섭력과 논문 중심의 대규모 AI 학습 진전을 얻는다,정치지배·AI학습,국민경제당은 선거 실험에서 국회 캐스팅보트로 바뀌고 AI는 번역을 넘어 음성 학습 단계로 간다,리사 수와 천민정 두 천재의 매일 회의가 어떤 돈 되는 아이디어를 더 만들어낼 것인가?,17대 총선 38석,리사 수·천민정 협업; 번역 AI; 최재석 독립노선,DCA-N20D,0.99
210,210화,계속된 선거 (4),37936,38099,국민경제당이 국회 중심축이 되고 인도에서는 미모안 싱 집권 가능성이 높아진다,호황을 좇는 투자 대신 미국 주택 광기의 붕괴를 먼저 확인한다,인도 약속을 이행할 투자 명분을 세우고 서브프라임 위험의 증거를 모은다,10년간 10조 원 인도 투자안을 준비하는 한편 다이먼에게 NINA 대출과 저신용 주택담보 사례를 조사하게 한다,BRIC 호황에 올라타자는 내부 의견과 당장 이익 없는 역베팅 비용이 민재의 판단을 압박한다,소득·재산을 보지 않고 개 이름으로도 대출받는 사례가 확인되어 기억 속 붕괴가 이미 시작됐음을 입증한다,인도 공장·IIT 거래를 추진할 투자안과 미국 주택시장 붕괴의 현장 증거를 얻는다,해외투자·금융판단,태우증권의 관심이 신흥국 호황 추격에서 미국 부실대출의 반대편을 잡는 준비로 이동한다,명의만 있으면 대출하는 미국 주택시장 붕괴에 어떤 방식으로 대비하고 역베팅할 것인가?,인도 투자안·서브프라임 확인,미국 주택시장 대응; IIT 유치,DCA-N20E,0.99
211,211화,계속된 선거 (5),38100,38260,미국 주택대출 광기가 확인됐지만 붕괴 시점까지 수년간 보험료를 버텨야 한다,다가올 파산을 은행 지분으로 회수하는 장기 금융 설계를 세운다,주택가격 하락에 베팅하면서 보험회사가 쓰러져도 보상을 받을 구조를 만든다,다이먼에게 하락 보험과 파생상품을 소액부터 누적하고 보험금 지급 불능 때 현금 대신 금융회사 지분을 받는 계약을 준비시킨다,3년 가까이 수익 없이 보험료를 내야 하고 상대 금융사가 부도나면 계약 자체가 무너질 수 있다,민재는 위기 때 현금보다 헐값의 은행 소유권을 받으면 손실이 더 큰 지배력으로 돌아온다고 계산한다,서브프라임 붕괴를 수익·은행 인수로 연결할 계약 원칙을 확정한다,금융전략·미래인수,막연한 위기 예측이 다이먼이 매달 실행할 보험 매집과 지분 대물변제 계획으로 구체화된다,최재석이 IIT 한국 캠퍼스의 국내 반발을 받아들일지 설득해야 한다,서브프라임 조사,하락 보험 누적·IIT 정치합의,DCA-N20E,0.99
212,212화,일방적 이득 (1),38261,38406,인도 쪽 IIT 이전 준비는 끝났지만 한국 정치권의 허가와 여론이 남아 있다,한국인 입학·채용·글로벌 연구소라는 구체 조건으로 최재석 한 사람을 납득시킨다,최재석을 IIT 유치의 정치적 우군으로 만들고 여야 협상안을 함께 찾는다,"IIT 한국 캠퍼스의 한국인 20퍼센트·태우 공채 20퍼센트 확대·빅테크 연구소 유치를 설명해 최재석의 지지를 얻고, 태우자동차의 전기차 투자와 테슬라 경쟁 구도를 점검한다.",외국 대학 특혜·일자리 침해 여론과 수도 이전을 둘러싼 양당 대립이 법안 통과를 막는다,"고용·연구 명분으로 IIT의 정치 경로가 열리고, 전기차에 본격 투자한 대형 완성차가 거의 없어 작은 테슬라가 태우의 선두 경쟁자로 드러난다.",최재석의 IIT 지지와 태우자동차의 전기차 방향을 확인한다.,정치설득·교육구상,국내 허가가 막연한 장애물에서 최재석이 직접 풀 정치 과제로 바뀐다,작은 테슬라도 태우자동차와 전기차 선두 경쟁을 벌일 수 있는가?,IIT 국내 명분 정리,IIT 여야 협조; 태우자동차·테슬라 전기차 경쟁,DCA-N20F,0.99
213,213화,일방적 이득 (2),38407,38579,최재석은 IIT에 동의했지만 양당이 수도 이전 타협안을 제대로 읽지도 않는다,아무것도 내주지 않고 얻은 정치 약속과 자율주행팀 창설을 함께 지급한다,IIT 특별법 협조를 확정하고 전기차에 필요한 자율주행 연구를 시작한다,양당 모두 국민경제당의 중립을 원한다는 점을 이용해 IIT 지원 약속을 받아내고 세이브의 테슬라 추가 투자와 천민정·엔지니어 50명 자율주행팀을 승인한다,거대 정당은 판결 뒤 말을 바꿀 수 있고 자율주행은 도로 환경을 읽을 지도 데이터가 부족하다,최재석이 중립 조건만으로 양쪽의 협조를 얻었다고 보고하고 천민정은 실시간 정밀 지도가 핵심 병목이라고 짚는다,IIT 법안 발의 약속과 한국 자율주행 연구조직을 확보한다,정치협상·기술조직,교육 유치와 전기차 투자가 각각 국회 일정과 50명 개발팀을 가진 실행 사업으로 바뀐다,50~60명 자율주행팀이 실시간 정밀지도 병목을 어떤 외부 기술로 풀 것인가?,IIT 여야협조,정밀지도 기술 확보; 자율주행 개발,DCA-N20F,0.99
214,214화,일방적 이득 (3),38580,38749,자율주행팀은 실시간 정밀 지도와 교통 데이터를 가장 먼저 요구한다,현재자동차의 금융 불안을 이용해 씽크윈 협상문을 연다,캐피탈 전쟁을 피하면서 국내 1위 내비게이션 회사에 접근한다,현재자동차 장경준에게 태우가 외국 자본을 캐피탈 시장에 끌어오지 않겠다고 약속하고 그 대가로 씽크윈 박태수와 자리를 마련받아 회사 인수를 제안한다,씽크윈은 현재자동차와 오래 거래했고 박태수는 회사를 자식처럼 여겨 500억 원·1000억 원에도 팔지 않겠다고 한다,현재자동차가 당장 두려워하는 삼진·GM·GE 금융전쟁이 내비게이션 지분 욕심보다 강한 협상 카드가 된다,현재자동차와 불필요한 출혈전을 피하고 씽크윈의 기술·데이터를 직접 논의할 자리를 얻는다,금융관계·기술협상,경쟁 완성차 회사가 방해자에서 씽크윈 연결을 돕는 제한적 동맹으로 돌아선다,회사 인수 없이 기술과 데이터를 얻고도 씽크윈이 살아남을 조건을 찾아야 한다,현재자동차 캐피탈 견제,씽크윈 기술·데이터 계약,DCA-N20F,0.99
215,215화,일방적 이득 (4),38750,38905,박태수는 씽크윈 매각을 완강히 거절하지만 민재가 필요한 것은 회사가 아니라 기술과 데이터다,현금 한 푼 없이 독점 사용권을 얻고 모바일 지도 개발을 시작한다,씽크윈 매출을 지켜 주면서 태우가 내비게이션 기반 기술을 독점 사용한다,태우·카이자동차 1차 협력사와 선택 옵션 등록을 제안해 씽크윈의 모든 기술·데이터 공유권을 받고 천민정과 초기 모바일 내비 기능을 정한다,박태수는 휴대폰 내비가 차량용 시장을 잠식할까 우려하고 실시간 교통에는 대규모 이용자가 필요하다,판매 보장과 차량용 시장 불진출 약속이 500억 원 인수안보다 양쪽에 유리한 교환으로 성립한다,씽크윈 기술·데이터 독점 사용권과 무료 배포할 모바일 내비 개발 방침을 확보한다,기술권리·공급관계,회사 인수 시도는 공급사 육성과 데이터 공유 계약으로 바뀌고 천민정 팀이 개발에 착수한다,김태중이 태우 위상에 맞는 강남 신사옥을 갖고 싶다는 새 약속을 꺼낸다,씽크윈 인수협상,태우맵 개발·신사옥 부지,DCA-N20F,0.99
216,216화,일방적 이득 (5),38906,39051,씽크윈 계약 뒤 김태중은 낡은 본사를 대신할 초고층 신사옥을 원한다,할아버지의 오랜 욕심을 받아 강남 노른자위 땅 협상판을 연다,샤롯그룹 부지를 사서 태우 신사옥 첫 삽을 준비한다,김태중의 소개로 진호균을 만나 아노르 명품 입점·1조5천억 원·한일 샤롯 지분을 제시하고 후계 안정 지원까지 거래 카드로 꺼낸다,진호균은 정부 압박에도 지킨 땅을 돈만으로 팔지 않고 경영권 분쟁 언급에 불쾌해한다,현금 거래가 막히자 샤롯 두 아들의 후계 경쟁과 태우 보유 지분이 부지보다 강한 지렛대가 된다,진호균이 재협상 여지를 남기고 샤롯 부지와 한전 부지라는 두 후보를 동시에 노릴 길이 열린다,신사옥·승계협상,태우의 신사옥 계획이 건축 구상에서 재벌 승계와 공기업 이전을 움직일 토지전으로 바뀐다,샤롯 장남·차남 중 누구와 손잡을지 판단해야 한다,신사옥 필요 확인,샤롯 부지·후계지원·한전 부지,DCA-N21,0.99
217,217화,선택의 시간 (1),39052,39226,진호균은 재협상을 미루고 두 아들은 태우가 후계전에 개입할지 촉각을 세운다,장남과 차남의 행동·경영 조건을 직접 비교해 선택의 근거를 만든다,샤롯 부지를 받을 수 있는 후계 지원 상대를 성급히 정하지 않는다,차남 진동구와 장남 진동오를 차례로 만나 같은 부지·후계 질문을 던지고 각자의 한국 애착·경영 능력·야욕과 제안 태도를 비교한다,진동구는 신중해 약속을 미루고 진동오는 즉시 손을 잡지만 누가 진호균의 내정자인지는 모른다,김태중은 쉬운 장남보다 경영 능력과 한국 애착이 있는 차남이 장기적으로 경제에도 낫다고 조언한다,두 형제의 성향과 한전 부지를 차선책으로 쓸 판단 기준을 얻는다,후계판단·가족협업,민재는 먼저 손 내민 사람을 고르는 단계에서 창업주 의중과 경영 능력을 따지는 단계로 간다,진호균의 실제 후계 선택과 부지 가계약은 아직 확인되지 않았다,샤롯 형제 면담,후계자 확정·부지 가계약,DCA-N21,0.99
218,218화,선택의 시간 (2),39227,39401,샤롯 후계 선택을 기다리는 동안 민재는 한전 부지를 얻을 별도 국가급 지렛대를 찾는다,600조 원대 한러 에너지 판과 샤롯 가계약을 한 화에서 실물화한다,한전 부지 이전 명분을 만들고 진호균이 원하는 후계자를 확인한다,러시아 로만에게 극동 유전·가스전의 한러 공동개발을 제안해 5000억 달러 규모 사업을 만들고 귀국해 진호균과 아노르·중국 지원 조건의 가계약을 맺는다,정부·한전은 거대한 사업만으로 서울 본사를 내주지 않을 수 있고 샤롯 승계 개입은 형제 갈등을 키울 위험이 있다,진호균이 둘째 진동구를 후계자로 직접 지목하며 태우가 실적을 만들어 주면 땅을 넘기겠다고 한다,한러 에너지 협력안과 샤롯 부지 가계약·후계 대상 진동구를 확보한다,국가사업·토지계약·승계관계,두 개의 땅을 쫓던 구상이 러시아 에너지 카드와 샤롯 창업주의 서명 가능한 조건을 각각 갖춘다,진동구에게 명품·중국 실적을 만들어 주고 러시아 대표단을 한국으로 불러야 한다,한러 사업 구상·샤롯 후계확인,진동구 지원·한전 이전,DCA-N21,0.99
219,219화,선택의 시간 (3),39402,39582,진호균은 둘째 진동구의 실적을 조건으로 샤롯 부지 가계약에 응했다,아노르 브랜드와 중국 인맥으로 후계 실적을 즉시 만들고 국가 협상으로 넘어간다,진동구를 샤롯 후계자로 굳히며 한러 에너지 대표단을 한전 협상에 세운다,델핀을 설득해 아노르 계열 다섯 브랜드를 샤롯면세점에 입점시키고 중국 사업 인맥을 붙인 뒤 러시아 국영 에너지 기업 대표들을 맞는다,아노르 가문은 브랜드 희소성을 지켜야 하고 샤롯 장남은 차남의 급성장을 경계할 수 있다,명품 입점과 중국 지원이 진동구의 실적으로 잡히면서 태우가 가계약 조건을 실제로 이행하기 시작한다,진동구 후계 지지와 샤롯 부지 본계약에 필요한 첫 성과를 지급한다,브랜드·승계·해외관계,진동구는 단순 후계 후보에서 태우가 해외 성과를 붙여 주는 창업주 내정자로 강화된다,김태중과 러시아 대표단이 600조 사업의 한국 거점으로 한전 부지를 요구한다,샤롯 가계약 첫 조건,러시아 대표단·한전 부지 협상,DCA-N21,0.99
220,220화,선택의 시간 (4),39583,39737,러시아 대표단은 극동 에너지 개발의 한국 거점으로 한전 강남 부지를 원한다,김태중의 협상 연기와 최재석의 지역균형 명분으로 공기업 이전 의제를 수면에 올린다,정부·한전이 부지 매각을 검토하게 하고 정치권에 본사 이전안을 맡긴다,김태중이 산업부·한전 앞에서 러시아 측 요구를 밀어붙인 뒤 결렬 가능성을 연기하고 민재는 최재석에게 행정부처와 함께 공기업도 지역으로 옮기자고 제안한다,한전 본사 직원의 반대와 여론·공개입찰 절차 때문에 부지는 당장 태우 소유가 될 수 없다,러시아의 조급한 요구와 김태중의 퇴장 연기가 사업 좌초 책임을 한전에 떠넘기는 압박으로 작동한다,정부·한전의 큰 틀 합의와 최재석이 공기업 이전 명분에 공감하는 현재 단계까지 나아간다,정치의제·토지협상,사기업의 신사옥 욕망이 한러 에너지 사업과 지역균형 정책에 얹힌 공기업 이전안으로 바뀐다,최재석이 한전 이전을 여야 모두가 받을 법안으로 만들 수 있을지 남는다,한러 에너지 첫 협상,한전 이전 법안·부지 매각,DCA-N21,0.99
221,221화,선택의 시간 (5),39738,39888,최재석의 한전 지역 이전안에 여당과 야당이 서로 다른 계산으로 동의한다,한전 이전의 정치 성과와 한 달 만에 완성된 태우맵 출시를 함께 결산한다,한전 내부·여론 압박을 시작하고 모바일 지도를 시장에 내보내 자율주행 데이터를 모은다,지방 직원·적자·성과급 여론전으로 본사를 압박하는 한편 천민정의 실시간 교통·음성·유가 기능을 검수해 태우맵을 무료 출시한다,한전 본사 직원은 파업을 예고하고 태우맵은 스마트폰 이용자만으로 전문 운전 데이터가 부족하다,출시 보름 만에 하루 이용자 10만 명을 넘지만 서울 택시회사들이 한꺼번에 데이터 계약을 취소하고 콜 업체를 장악한 서울 지부장의 압력이 드러난다.,한전 이전의 여야 합의와 실제 작동하는 무료 태우맵·첫 대중 이용자를 얻는다,공기업이전·플랫폼출시,신사옥 토지전은 법안과 여론전으로 진전되고 자율주행 기반은 출시된 지도 서비스로 전환된다,콜 업체와 택시노조를 장악한 서울 지부장의 카르텔을 어떻게 약화시킬 것인가?,한전 이전 정치합의·태우맵 개발,한전 부지 매각·택시 데이터,DCA-N21,0.99
222,222화,착한 독점 (1),39889,40044,태우맵은 이용자를 모았지만 차봉훈이 서울 택시 데이터 계약을 막는다,기존 콜망을 빌리지 않고 무료 호출망과 직접 택시회사를 만드는 역공을 연다,차봉훈 카르텔을 우회할 기사·승객·차량 시스템을 준비한다,강 대위에게 차봉훈의 횡령·상납 구조를 조사시키고 강인식의 강인운수를 거점으로 코코아택시 앱과 차량 단말기 개발을 시작한다,차봉훈은 콜 배차권과 노조·택시회사 관계를 쥐고 새 업체를 몇 달 안에 무너뜨려 왔다,데이터를 돈 주고 사려던 문제가 콜 업체 없이 승객이 기사에게 직접 요청하는 플랫폼 설계로 뒤집힌다,강인운수·코코아톡·태우맵을 묶은 카르텔 대체망의 제작에 들어간다,플랫폼·민생사업·수사,태우는 데이터 구매자에서 서울 택시 호출 구조를 새로 만들 경쟁 사업자로 위치를 바꾼다,차봉훈이 알아채기 전에 앱·단말기와 비리 증거를 모두 완성해야 한다,택시 데이터 협상,코코아택시·차봉훈 수사,DCA-N22,0.99
223,223화,착한 독점 (2),40045,40202,강 대위는 차봉훈에게 징역 3년 이상을 물릴 횡령·배임 자료를 모은다,법집행 시점과 무료 플랫폼 출시를 맞물려 카르텔의 빈자리를 선점한다,차봉훈을 수사망에 넣고 최대한 많은 기사에게 수수료 없는 호출 서비스를 알린다,경찰·검찰·국세청에 차봉훈 자료를 동시에 넘기고 새 택시 호출 앱·단말기를 완성해 무료 가맹 신청을 개인기사와 중소회사에 퍼뜨린다.,차봉훈은 영신택시와 노조를 통해 총파업을 준비하고 가맹 기사에게 보복할 수 있다,수사기관이 차봉훈을 터는 시점에 앱 개발이 예상보다 빨리 끝나 공격 일정을 앞당길 수 있게 된다,카르텔 우두머리를 칠 증거와 수수료 0% 호출망의 출시 준비를 확보한다,수사·플랫폼준비,비밀 개발이 기사 모집과 다기관 수사로 넘어가 차봉훈이 대응할 시간이 줄어든다,차봉훈이 주도한 닷새 총파업이 새 택시 호출 서비스의 첫 실전이 된다.,차봉훈 비리수집,새 택시 호출 서비스 출시·첫 실전; 차봉훈 수사·총파업,DCA-N22,0.99
224,224화,착한 독점 (3),40203,40382,차봉훈은 닷새간 택시 총파업으로 정부와 태우를 압박하려 한다,도시가 멈춘 날 독립 기사와 승객 모두가 돈을 버는 공개 시장 진입을 보여 준다,파업 기간 코코아택시를 유일하게 움직이는 호출망으로 만든다,기본요금 할인과 무료 배차를 내걸고 개인기사·중소업체에 호출을 몰아 파업 불참자의 일매출을 폭증시킨다,콜 업체가 영업을 닫고 차봉훈은 파업 불참 기사를 업계에서 쫓아내겠다고 위협한다,승객이 앱으로 바로 택시를 부르면서 콜 업체 봉쇄가 무력화되고 작은 회사들이 카르텔을 이탈한다,승객 이동과 기사 고매출을 동시에 만들고 차봉훈 구속까지 끌어낸다,시장진입·민생·수사,파업은 카르텔의 힘을 보이는 수단에서 코코아택시 효용을 전국에 알리는 광고로 역전된다,구속된 차봉훈을 버리고 중소 택시회사들이 어느 편에 설지 남는다,코코아택시 첫 출시,택시업체 대량가맹·차봉훈 배후,DCA-N22,0.99
225,225화,착한 독점 (4),40383,40561,차봉훈이 구속되자 강인운수 강인식은 겁먹은 중소 택시회사 사장들을 찾아간다,면책 약속이 아니라 살아남을 계산으로 카르텔 내부가 스스로 우두머리를 버리게 한다,차봉훈에게 죄와 증언을 몰아 가맹 회사를 빠르게 늘린다,강인식이 상납 피해와 공동 처벌 가능성을 상기시키고 양쪽 호출망을 함께 써도 된다고 설득해 사장들이 차봉훈 치부를 검찰에 내놓게 한다,사장들은 오랜 의리와 차봉훈 부자의 보복을 두려워하고 영신운수는 조직폭력을 동원한다,감옥에 같이 갈 수 있다는 생존 논리가 공식 거래 없이도 사장들의 이탈 명분이 된다,서울 택시 약 70%의 코코아택시 가맹과 차봉훈 추가 증언을 얻는다,플랫폼점유·내부붕괴,차봉훈 카르텔은 외부 공격보다 내부 업체들의 자기보전 때문에 무너지기 시작한다,영신운수 배후가 조폭 100명을 보내 강인운수를 직접 습격한다,차봉훈 구속,중소회사 이탈·강인운수 습격,DCA-N22,0.99
226,226화,착한 독점 (5),40562,40732,영신운수의 조폭 100명이 강인운수를 치지만 강 대위가 훈련한 기사들이 기다린다,물리 보복까지 꺾고 택시시장·IIT·한전 이전의 현재 결산을 한자리에 모은다,강인운수를 지키고 코코아택시가 되돌릴 수 없는 시장 우위를 잡는다,강인운수 기사들이 20분 만에 습격대를 제압하고 경찰이 영신운수 배후를 잡는 동안 가맹 지역을 수도권·광역시로 넓힌다,남은 카르텔의 보복과 스마트폰 보급 속도 때문에 전국 전환에는 시간이 더 필요하다,차씨 부자가 사라지자 강인운수가 새 구심점이 되고 서울 택시기사 80% 이상이 가맹한다,호출비 없는 플랫폼 우위·IIT 한국 캠퍼스 공식 허가·한전 이전 여야 합의를 얻는다,민생플랫폼·교육·공기업이전,서울 호출 권력은 차봉훈 부자에서 무료 앱과 강인운수 중심의 가맹망으로 넘어간다,IIT 판교 건설과 두 신사옥 부지 공개입찰이 실물 단계로 이어진다,차봉훈 카르텔·IIT 허가,한전 부지 매입·IIT 기공,DCA-N22,0.99
227,227화,첫 삽을 뜨다 (1),40733,40908,IIT 한국 캠퍼스가 판교에서 착공하지만 김태중의 태우 신사옥은 아직 땅만 쫓고 있다,교육 약속을 첫 삽으로 지급하고 샤롯 승계 선택을 장기 경영 관점으로 뒤집는다,IIT·IT 도시를 현실화하면서 샤롯 부지 매각을 성사시킬 승계 구도를 정리한다,판교 착공식에서 주변 IT 오피스 계획을 세우고 샤롯 가족회의에서 중국 사업을 장남 진동오에게 양보하도록 차남 진동구에게 신호한다,진호균은 두 아들에게 한일 회사를 나눠 주려 하고 진동구는 빼앗긴 기회라고 반발한다,중국 진출이 후계 보상이 아니라 경영 능력 부족을 드러낼 독이 든 성배가 될 수 있다는 민재의 판단이 드러난다,IIT 캠퍼스 착공과 샤롯을 쪼개지 않을 승자독식 승계 원칙을 세운다,교육거점·승계판단,오래 준비한 외국 대학이 공사 현장이 되고 샤롯 승계전은 중국 사업 성패로 검증될 국면에 들어간다,진동오의 중국 사업을 실제로 도와 준 뒤 약속한 부지를 받아야 한다,IIT 유치,샤롯 중국사업·부지 계약,DCA-N23,0.99
228,228화,첫 삽을 뜨다 (2),40909,41078,진동오가 중국 사업을 맡고 민재는 태우 인맥으로 백화점 인허가를 뚫어 준다,몇 달 묵힌 샤롯 부지 약속을 1조7400억 원 현금 계약으로 결산한다,중국 진출 지원 대가로 첫 강남 신사옥 부지를 소유한다,중국에 나흘 머물며 샤롯백화점 허가를 성사시킨 뒤 한·미·일 감정가 평균에 50%를 얹어 진호균·김태중이 계약서에 도장 찍게 한다,진호균은 군사정권 때부터 지킨 땅을 아까워하고 서명 전까지 말을 바꿀 가능성이 있다,평균가 1조1600억 원이 확정되자 민재가 1조7400억 원 당일 현금과 법무팀 현장 대기를 내걸어 협상을 끝낸다,샤롯 강남 부지 소유권과 김태중의 첫 신사옥 후보를 확정한다,토지소유·가족보상·계약,가계약과 승계 지원이 회장들의 서명·공증을 거친 실제 부동산 소유권으로 바뀐다,한전 공개입찰에서 삼진·현재자동차의 자금력을 눌러 두 번째 땅도 노린다,샤롯 중국 허가·부지 가계약,한전 부지 입찰,DCA-N23,0.99
229,229화,첫 삽을 뜨다 (3),41079,41258,샤롯 부지를 샀지만 김태중과 민재는 한전 부지까지 가지려 한다,100억 달러로 캐피탈 치킨게임을 열어 입찰 경쟁자의 현금만 태운다,삼진·현재자동차가 한전 땅에 쓸 자금을 자동차금융 시장에 묶는다,명동 3인방에게 100억 달러를 보내 저금리 신차할부·담보대출을 출시시키고 태우·카이의 새 캐피탈 제휴 예고로 경쟁사 대응 투자를 부추긴다,태우캐피탈의 불만과 명동 자금 손실 가능성·경쟁사 추가 조달력이 작전 비용이다,한 달 뒤 금리가 기존보다 3% 낮아질 만큼 치킨게임이 커지고 현재자동차가 스스로 거래안을 내놓을 조건이 만들어진다,캐피탈 자금전의 우위와 4조·6조 두 입찰 시나리오를 준비한다,자금전·입찰준비,명동 자금은 단순 금융투자에서 강남 부지 경쟁자의 현금을 말리는 전략 실탄으로 바뀐다,현재자동차가 입찰 철회와 어떤 대가를 맞바꿀지 공개입찰장에서 결정된다,캐피탈 전쟁 착수,현재자동차 철회·한전 본입찰,DCA-N23,0.99
230,230화,첫 삽을 뜨다 (4),41259,41447,한전 공개입찰에는 13개 그룹이 몰리고 현재자동차도 6조 원대 금액을 준비한다,4조 실제 투찰과 사용하지 않은 비상봉투 비교로 민재의 가격 통제를 드러낸다,현재자동차를 철회시키고 삼진만 넘을 4조 원을 실제로 낸다,현재캐피탈을 태우·카이 파트너로 3년 쓰는 조건을 받아 장경준이 입찰서를 찢게 한 뒤 4조 서류를 제출하고 6조1705억 비상안을 장경준에게 보낸다,현재캐피탈 제휴를 내주어야 하고 삼진이 시세 두 배를 넘게 쓰면 4조 투찰은 질 수 있다,장경준이 회사에서 비상봉투 6조1705억과 자신이 찢은 6조1700억을 비교하며 5억 차이의 패배까지 설계됐음을 깨닫는다,현재자동차 철회와 4조 실제 입찰·상대 가격을 꿰뚫은 비상안을 완성한다,입찰전략·금융제휴,입찰 경쟁은 현금 총력전에서 현재를 제휴로 빼고 삼진의 보수적 상한만 겨누는 가격전으로 축소된다,한전 부지 입찰 승리가 확인된 뒤 실제 낙찰가와 장경준의 반응은 어떻게 드러날 것인가?,현재자동차 입찰 철회,한전 부지 실제 낙찰가; 공군 인허가,DCA-N23,0.99
231,231화,첫 삽을 뜨다 (5),41448,41625,현재자동차는 태우가 6조 원을 썼다고 믿지만 기사는 4조 낙찰을 알린다,두 번째 강남 땅과 조부의 포옹을 지급한 뒤 군사 규제로 다음 싸움을 연다,4조 낙찰을 가족 보상으로 돌리고 두 초고층 부지의 공군 반대를 푼다,낙찰 소식을 김태중에게 직접 전해 품에 안긴 뒤 최재석 주선으로 이호 공군참모총장을 만나 활주로 이전비 전액과 러시아 수호이 기증을 제시한다,샤롯·한전 두 땅 모두 활주로 비행안전 규제에 걸리고 청렴한 이호는 돈만으로 안보 공백을 허용하지 않는다,전투기라는 말을 듣자 완강하던 이호가 수호이를 공식 도입할 수 있는지 적극 묻는다,4조 원에 한전 부지를 소유하고 공군 협상을 안보 자산 교환으로 전환한다,토지·가족·군사협상,김태중이 바라던 두 강남 부지는 태우 소유가 되고 남은 장벽은 돈이 아니라 공군이 원하는 전투기가 된다,미국과 러시아 양쪽 승인을 받아 수호이 세 대를 실제로 들여와야 한다,한전 부지 낙찰,수호이 도입·초고층 허가,DCA-N23,0.99
232,232화,예상외의 선물 (1),41626,41796,이호 장군은 수호이 세 대와 활주로 이전비를 받는다면 초고층 협조를 약속할 태세다,러시아 구매와 미국 묵인이라는 양쪽 외교 허가를 묶는다,합법적으로 수호이 세 대를 한국 공군에 기증할 거래를 확정한다,러시아 로만에게 1억3000만 달러로 수호이 세 대를 구하고 미국 정권에 비밀 반입 묵인을 요청한다,미국은 러시아 군사기술 도입을 경계하고 최신 기체 판매에는 러시아 내부 보안 문제가 있다,부시 재선에 기여한 과거 지원과 한국 공군의 연구 목적이 미국의 비공개 승인 카드로 돌아온다,"러시아 측의 1억3천만 달러 구매 추진선과 미국의 비밀 반입 확답, 공군 활주로 이전 협조 조건을 얻는다.",군사외교·인허가,건축 규제 협상이 미국의 비공개 반입 허가와 러시아 계약을 추진할 외교 경로로 진전되지만 전투기 구매 계약은 아직 체결 전이다.,미국의 비밀 반입 확답을 받은 데이비드가 러시아에서 세 전투기 계약을 실제로 마칠 수 있는가?,공군 전투기 교환안; 미국의 비공개 반입 확답,러시아 전투기 구매 계약과 실제 반입,DCA-N23,0.99
233,233화,예상외의 선물 (2),41797,41960,러시아에서 수호이 세 대를 샀지만 미국의 공식 반대가 나오면 들여올 수 없다,대선 관계 보상을 비밀 승인으로 회수하고 코코아택시를 종합 이동사업으로 넓힌다,미국의 묵인을 확정한 뒤 국내 플랫폼의 전국 확장안을 승인한다,미국 대사에게 부시의 감사와 수호이 비밀 반입 허용을 확인하고 강인식에게 코코아택시 전국 가맹·대리운전·렌터카 확장을 맡긴다,전투기 거래는 공개되면 외교 문제가 되고 코코아택시는 지역별 택시조직과 새 계약을 맺어야 한다,강인식이 호출 서비스 성공에 머물지 않고 이동 수요 전체를 묶는 사업안을 먼저 내놓는다,수호이 반입의 마지막 외교 허가와 코코아 이동 플랫폼의 전국 사업 방향을 얻는다,외교승인·플랫폼확장,공군 협상은 실행 가능한 반입 단계로 넘어가고 강인운수는 서울 택시회사에서 전국 모빌리티 거점으로 변한다,러시아에서 온 세 대 가운데 이호 장군이 호들갑을 떨 만큼 예상 밖인 실험기의 정체는 무엇인가?,미국 묵인,예상 밖 실험기; 전국 모빌리티 사업,DCA-N23,0.99
234,234화,예상외의 선물 (3),41961,42135,러시아에서 해체 운송한 구형 수호이 두 대와 실험기 한 대가 국방연구소에서 조립된다,방치 전투기로 알았던 한 대가 유일한 Su-47이라는 예상외 보상을 준다,기체의 가치를 확인하고 두 초고층 부지에 대한 공군 반대를 끝낸다,이호와 격납고에서 세 대를 살피고 로만에게 전화해 전진익 스텔스 실험기 Su-47 베르쿠트를 보낸 사실을 확인한다,러시아가 한 대뿐인 기체의 보안을 요구하고 공군 협조만으로 서울시·정부 인허가까지 자동 해결되지는 않는다,평범한 실험용 기체라는 설명이 러시아 항공기술 정점의 유일 기체를 넘긴 선물로 뒤집힌다,Su-47 군사자산과 활주로 이전·두 부지 초고층에 반대하지 않겠다는 공군 약속을 확보한다,군사자산·인허가·관계,돈으로 사려던 규제 해소가 공군의 숙원 기술을 주는 상호 신뢰 거래로 결산된다,서울시와 정부가 실제로 어느 부지에 건축 허가를 내줄지는 남는다,수호이 반입,서울시 초고층 허가,DCA-N23,0.99
235,235화,예상외의 선물 (4),42136,42292,Su-47을 얻은 민재는 미국에서 다음 정치·금융 위기와 우주 투자를 점검한다,서브프라임 면피 증거와 스페이스X 장기 지분을 동시에 준비한다,주택붕괴 때 책임을 피하고 머스크가 로켓 개발을 포기하지 않을 자금을 댄다,한 팀장에게 보험 매집을 늘리되 경고 보고서를 정부에 남기게 하고 텍사스 공장에서 머스크에게 매년 10억 달러씩 10년·첫해 최대 30억 달러 투자를 약속한다,부동산은 계속 오르고 스페이스X는 전문가 두 명과 신입 중심의 열악한 공장에서 첫 로켓도 쏘지 못했다,자금난에 몰린 머스크가 민재에게 줄 수 있는 한 많은 지분을 양도하겠다고 먼저 답한다,위기 전 경고 기록과 스페이스X의 가능한 최대 지분·10년 후원 관계를 얻는다,금융방어·우주지분·관계,미국 장기 전략은 정치 후원에서 위기 면책과 민간우주 최대 투자자로 넓어진다,머스크가 10년 지원과 추가 인력 아래 로켓·전기차 약속을 실제 성공으로 바꿀 수 있는가?,서브프라임 대비 점검,스페이스X 발사; 테슬라 전기차; 10년 장기 투자,DCA-N24,0.99
236,236화,예상외의 선물 (5),42293,42483,스페이스X 지분 약속을 받은 민재는 실리콘밸리 영상 플랫폼 개발팀을 찾는다,개발자 투표와 빅테크 기본탑재·검색 지원으로 글로벌 출시 조건을 완성한다,서비스 이름을 정하고 초기 이용자를 모을 유통망을 확정한다,김익수·채드 헐리·스티브 첸의 베타 버전을 검수하고 50명 투표로 위튜브라는 이름을 정한 뒤 애플 기본앱·구글·아마존·페이스북 홍보를 약속한다,유튜브가 18표로 한 표 차 패하고 새 이름은 아직 아무 이용자도 없는 플랫폼에 불과하다,각 제휴사가 주주이기 때문에 세계 TV·포털·스마트폰 홍보 비용과 노출을 분담할 수 있음이 확인된다,위튜브 명칭·최대주주 지위와 내년 1월 글로벌 출시 동맹을 확정한다,플랫폼·지분·글로벌유통,영상 서비스가 알파 버전에서 이름·홍보·기본탑재 일정을 가진 세계 제품으로 바뀐다,김태중이 한발 뒤에서 지원하겠다고 하자 민재는 아직 물러날 때가 아니라며 더 도와달라고 붙든다.,영상 플랫폼 개발,위튜브 글로벌 출시; 2005년 신규 사업; 김태중 은퇴 시점,DCA-N24,0.99
237,237화,나비가 되는 과정 (1),42484,42648,샤롯 부지에 초고층 허가가 나고 김태중은 3조 원대 신사옥 현장을 맡는다,새해 사장단 회의에서 제조·서비스·자원 전반의 환골탈태를 선언한다,반도체 투자를 크게 늘리고 몽골 자원까지 확보할 그룹 전환 과제를 세운다,실시간 통역 AI로 외국인 사장 회의를 돕고 리사 수의 공장 두 배 안을 다섯 배·10조~15조 원 증설로 확대하며 태우상사에 몽골 개발안을 요구한다,대규모 설비투자와 중국·러시아 협조가 필요하고 현재 성과에 안주하려는 조직 관성이 비용이다,전자 31%·반도체 40% 매출 증가에도 서비스만으로 세계 최고가 될 수 없다며 애벌레가 나비가 되는 변화를 요구한다,반도체 초격차 투자·AI 업무 활용·몽골 자원 계획을 그룹 공통 과제로 확정한다,제조투자·산업전환·자원,김태중이 현장으로 물러난 뒤 민재가 직접 그룹의 다음 변신을 지휘하는 체제로 넘어간다,반도체 5배 증설과 세계 최고 목표에 불만인 사장들이 실제 성과가 나오면 따라올 것인가?,신사옥 허가·사장단 인계,반도체 증설; 몽골 자원; 사장단 설득,DCA-N24,0.99
238,238화,나비가 되는 과정 (2),42649,42803,민재는 IT만으로 그룹 미래를 맡길 수 없다고 보고 문화·교육·금융 확장을 꺼낸다,태우엔터 출범과 봉호준의 두 작품 계약을 같은 화 안에서 실제로 지급한다,영화·음악·방송을 묶고 세계에 통할 감독을 첫 간판으로 확보한다,태우시네마·음원사이트·케이블 3사를 합쳐 태우엔터를 만든 뒤 봉호준에게 제작비 최대 200억 원과 차기작·차차기작 독점투자 계약을 제시해 악수한다,콘텐츠는 흥행 예측이 어렵고 봉호준도 모든 미래 작품을 한 회사에 묶는 조건은 부담스러워한다,전 작품 독점 요구를 두 작품과 이후 우선협상권으로 낮추자 봉호준이 받아들인다,콘텐츠 수직계열 회사와 세계적 감독의 다음 두 작품 계약을 확보한다,콘텐츠회사·감독계약,태우의 문화 사업은 조직도상의 계열사에서 실제 영화 제작 계약을 가진 스튜디오로 바뀐다,봉호준의 다음 두 작품과 이후 우선협상권이 태우엔터의 세계무대 약속을 증명할 수 있는가?,태우엔터 출범·봉호준 계약,봉호준 차기작; 태우엔터 제작,DCA-N24B,0.99
239,239화,나비가 되는 과정 (3),42804,42963,봉호준의 차기·차차기 작품 계약은 이미 끝났고 태우엔터에는 작가와 신인 풀이 부족하다,데뷔 전 작가와 대형 오디션 설계를 선점해 제작·출연 양쪽 파이프라인을 만든다,미래 흥행 작가들을 묶고 전국 단위 가수·배우 발굴전을 준비한다,임희영에게 3억 원·10년 전속과 무조건 제작을 제시하는 등 세 작가를 계약하고 전 연령·고액 상금·우승자 데뷔를 내건 오디션을 설계한다,작가들은 지나치게 좋은 장기 조건을 의심하고 기존 스타 영입만으로는 신생 엔터의 색을 만들기 어렵다,로맨스를 쓰던 임희영의 문체에서 장르물 가능성을 알아보고 남편 강호준까지 함께 지원하는 조건으로 문을 연다,미래 드라마 작가진과 자사 연습생을 만들 공개 오디션 기획을 확보한다,작가계약·인재발굴,영화 감독 한 명에 기대던 회사가 드라마 작가군과 대중 공개 선발 시스템을 함께 갖춘다,전국에서 얼마나 많은 지원자가 몰리고 방송할 원석이 나올지 시험해야 한다,봉호준 계약 후속,작가 계약·오디션 모집,DCA-N24B,0.99
240,240화,나비가 되는 과정 (4),42964,43132,태우엔터는 방송사와 계약하고 전국 여덟 지역 오디션을 준비한다,백만 지원자와 탈락자 2만 명 속에서 미래 스타 원석을 실제로 찾는다,공정한 오디션을 열고 방송 합격선 밖의 숨은 인재까지 선점한다,유명 심사위원 12명·서울 월드컵경기장 등 현장 심사를 진행해 100만 명을 받고 한 표라도 얻은 탈락자 2만 명의 프로필을 직접 훑는다,막대한 시설비와 과밀 사고 위험·조작 논란을 막아야 하고 민재도 100만 명 전체는 볼 수 없다,일곱 시간 동안 탈락자 자료를 보며 훗날 여자 아이돌·배우와 빌보드 그룹 멤버를 포함한 네 명의 어린 원석을 찾는다,오디션 대중 화제와 합격자 밖 미래 스타 네 명의 영입 목록을 얻는다,대중브랜드·인재데이터,창작자 계약 중심의 태우엔터가 백만 명을 받는 공개 인재발굴 회사로 대중 앞에 선다,첫 방송 시청률과 남은 미래 그룹 멤버를 계속 찾는 일이 남는다,오디션 모집·1차 심사,탈락자 원석 영입·방송 흥행,DCA-N24B,0.99
241,241화,나비가 되는 과정 (5),43133,43290,오디션 1화가 케이블 3%를 기록하고 탈락자 원석 네 명을 포함한 영입이 진행된다,오디션의 미공개 영상과 음악·스포츠를 위튜브 초기 콘텐츠로 공급한다,방송 흥행을 위튜브 체류와 세계 이용자 증가로 연결한다,99시간 분량 비공개 촬영물을 편집해 공개하고 MCA 뮤직비디오·스포츠 하이라이트·구글 검색 우선 노출 계약을 추진한다,위튜브는 막 출시돼 이용자가 적고 가수들은 음반 매출 감소를 우려하며 팰컨1은 30초 만에 추락한다,케이블 방송의 남은 화면과 빅테크·음악·스포츠 권리를 묶으면 개인 제작자가 적어도 초기 콘텐츠를 채울 수 있다,위튜브 정식 출시와 오디션·뮤직비디오·스포츠 공급선을 확보한다,콘텐츠플랫폼·방송흥행,오디션의 버려질 촬영분이 세계 영상 플랫폼의 첫 체류시간 자산으로 재사용된다,실패로 공장까지 옮긴 머스크 팀의 의지를 직접 지켜야 한다,오디션 첫 방송·위튜브 출시,위튜브 성장·팰컨 실패 지원,DCA-N24B,0.99
242,242화,1+1=3 (1),43291,43450,오디션은 톱10 생방송에서 11%를 넘고 위튜브는 한 달 만에 한국 100만 명을 모은다,결승 21%·톱10 계약과 실패한 머스크 팀의 신뢰를 한꺼번에 회수한다,오디션 인재를 태우엔터에 묶고 로켓 실패 뒤에도 투자를 계속한다,톱10 전원 계약과 순차 음반 제작을 확정한 뒤 100인분 음식을 전용기로 마셜제도에 날라 팰컨1 실패 팀에게 100번 실패해도 지원한다고 선언한다,오디션은 제작비가 크고 머스크는 투자자 이탈과 외딴 섬의 열악한 생활로 사기가 떨어져 있다,최종화 21%와 위튜브 세계 3000만 명이 확인되고 민재의 방문에 머스크가 반드시 성공하겠다고 다시 다짐한다,톱10 가수·오디션 국민흥행과 스페이스X의 장기 충성을 얻는다,콘텐츠흥행·인재·관계,태우엔터는 첫 국민 프로그램과 데뷔군을 얻고 우주 투자는 실패를 감수하는 동맹으로 깊어진다,팰컨1 실패 뒤 다시 성공을 맹세한 머스크가 장기 지원을 실제 발사 성공으로 갚을 수 있는가?,오디션 시즌1·톱10 계약,스페이스X 재발사; 음반 톱10 프로젝트,DCA-N24B,0.99
243,243화,1+1=3 (2),43451,43611,오디션 우승자 음반이 1위를 차지하는 동안 김다정 등 네 명이 SG엔터와 접촉한다,좋은 계약만으로 지킬 수 없는 콘텐츠 자산의 배후 위협을 특정한다,네 명의 이탈 원인과 SG엔터·조직폭력 연결을 조사한다,복지와 앨범 제작을 앞당기려 했지만 계약 해지·소송 요구가 나오자 오 사장을 현장에 남기고 강 대위에게 SG엔터 강수기 조사를 맡긴다,태우가 직접 압박하면 재벌의 갑질로 보일 수 있고 네 가수는 회사 출근조차 끊는다,강수기가 과거 조폭 소탕 명단에 있었고 SG엔터 지분과 조직폭력 배후가 이어진다는 단서가 나온다.,이적 분쟁의 핵심 상대를 강수기와 정체를 숨긴 조직폭력 배후로 좁히고 비공개 대응팀을 세운다.,콘텐츠보호·위협정보,소속 가수 문제는 앨범 지연 불만에서 조직폭력의 신생 엔터 밟기 공격으로 성격이 바뀐다,강수기와 직접 만나 그가 믿는 뒷배의 정체와 자신감을 확인할 수 있는가?,가수 복지 대응,강수기 면담; SG엔터의 조직폭력 배후,DCA-N24C,0.99
244,244화,1+1=3 (3),43612,43785,강수기는 양지파와 중국 삼합회를 믿고 태우 가수 네 명을 빼 가려 한다,국내 협박의 배후를 확인한 뒤 몽골 자원이라는 더 큰 거래로 중국 권력에 접근한다,삼합회 연결을 특정하고 쩡칭훙이 탐낼 몽골 운송·자원 이익을 제시한다,강수기를 직접 만나 허세와 삼합회 반응을 떠본 뒤 중국으로 가 쩡칭훙에게 몽골 광산 인프라·철도 지분을 상하이방과 나누자고 한다,강수기는 협박을 멈추지 않고 몽골은 중국 철도·인력 없이는 수출할 수 없어 상하이방 몫을 내줘야 한다,강수기의 표정과 조사 결과로 SG 뒤에 양지파·흑사회가 있음을 확인하고 쩡칭훙이 자원 거래에 관심을 보인다,삼합회 배후의 정체와 중국 최고위층을 움직일 몽골 사업 거래판을 확보한다,위협정보·자원외교,가수 이탈 분쟁은 국내 엔터 싸움에서 중국 권력과 몽골 자원권을 맞바꾸는 국제 협상으로 확대된다,몽골 사업 지분과 지원을 약속한 쩡칭훙에게 SG 배후의 한국 개입까지 어디까지 꺼낼 것인가?,SG 배후 확인·몽골 이익 제시,몽골 사업; SG 배후 대응,DCA-N24C,0.99
245,245화,1+1=3 (4),43786,43943,쩡칭훙은 몽골 개발 이익을 듣고 태우와 거래할 준비를 마친다,한국에 손댄 흑사회를 중국군으로 치고 그 두목을 역으로 실행자로 쓴다,SG엔터·양지파를 무너뜨릴 중국 국가권력과 내부 증거를 확보한다,흑사회 개입을 알리자 쩡칭훙이 군·탱크로 조직을 습격해 두목을 한국에 보내고 민재는 그에게 사흘 안에 양지파와 SG 비리를 터뜨리라고 명령한다,두목이 직접 지시하지 않은 사건이라 무고한 책임 전가가 될 수 있고 살인·과잉폭력은 통제해야 한다,상세정보로 두목의 비개입을 확인한 민재가 처형 대신 생존 조건부 내부 고발자로 돌린다,중국군의 배후 제거와 SG를 무너뜨릴 약점·실행자를 확보한다,국가권력·복수준비·증거,태우를 위협하던 삼합회 두목이 사흘 안에 태우의 적을 제거해야 살 수 있는 도구로 뒤집힌다,모든 지원이 끊긴 강수기가 마지막으로 믿을 사람인 민재를 찾아 명동으로 향한다.,삼합회 배후 위협,강수기와의 최종 협상; SG·양지파 결산,DCA-N24C,0.99
246,246화,1+1=3 (5),43944,44097,흑사회 두목은 이틀 만에 양지파를 꺾고 SG 비리 자료를 검찰에 보낸다,강수기의 희망을 이용해 태우 가수와 SG 전체 인재를 모두 흡수한다,강수기에게 태우 가수 네 명과 SG 전원 양도를 약속받고 태우 불개입·희망고문으로 장기 반격을 막을 구조를 만든다.,"무릎 꿇은 강수기에게 태우 가수 네 명과 SG 소속 가수 전원을 넘기면 태우가 손을 떼겠다고 제시한다. 강수기는 검찰 조사와 태우 불개입, 즉시 가수 이동 의사를 말하고 김민재는 로펌·감옥 내 보호로 희망고문할 계획을 설명한다.",강수기는 집행유예를 기대하지만 형량 감소는 없다고 명시된다. 실제 가수 계약이전·구속·판결·10년 복역은 이 화에 없다.,"강수기가 SG 전원 양도와 태우 불개입 조건을 받아들이고, 김민재는 절망 대신 살아날 희망을 주어 수감 중 움직이지 못하게 할 심리통제를 공개한다.","태우 가수 네 명과 SG 소속 가수 전원 양도 약속, 태우 불개입 의사, 로펌·감옥 내 보호를 이용한 희망고문 설계를 얻는다. 실제 계약이전·형량·복역은 미지급이다.",콘텐츠자산·복수·심리통제,SG 전원 양도 의사와 강수기 장기통제 설계가 생기지만 태우엔터의 실제 인재 소유권과 강수기의 형량은 확정되지 않는다.,"전원 양도 약속을 실제 계약이전으로 만들고, 희망고문 설계가 판결 전 강수기의 반격을 막을 수 있는가?",양지파 역공; 강수기의 SG 전원 양도·태우 불개입 약속; 희망고문 설계,가수 계약이전 실행; 강수기 수사·판결·복역; 장기 심리통제 결과,DCA-N24C,0.99
247,247화,새로운 장르 (1),44098,44251,SG엔터를 삼킨 뒤 민재는 2005년 말 금융·전기차·게임의 새 기회를 점검한다,AOS 개발자 다섯 명과 1000만 달러·40/20/40 계약을 현재 화에서 완결한다,위기 보험과 테슬라 공급망을 확인하고 새 게임 장르의 창업진을 선점한다,AAA 보험 익스포저와 테슬라 시제품·배터리 공장 계획을 점검한 뒤 부산 게임 결승에서 AOS 유즈맵 개발자들에게 블리야드 지원과 1000만 달러를 제시한다,보험금 액면 대비 실제 회수 가능액이 낮고 학생 개발진은 저작권·개발비·생계가 없다,민재 40%·블리야드 20%·개발자 40% 조건에 다섯 명이 즉시 동의해 역사적 계약이 성립한다,서브프라임 대응상태·전기차 준비를 확인하고 AOS 원천팀과 지분 계약을 얻는다,금융전략·전기차·게임IP,태우의 플랫폼 투자는 기존 서비스에서 아직 이름 없는 게임 장르의 제작사 지분으로 넓어진다,40·20·40 지분 계약을 맺은 다섯 개발자가 AOS를 독립 장르의 게임으로 완성할 수 있는가?,AOS 팀 탐색,AOS 개발; 서브프라임·테슬라 후속,DCA-N25,0.99
248,248화,새로운 장르 (2),44252,44405,AOS 계약은 끝났고 개발자들은 미국으로 돌아가 블리야드 지원을 받을 준비를 한다,행정기관 이전 결산 뒤 최재석의 수도권 도전과 깨끗한 선거자금 해법을 연다,경기도를 국민경제당 기반으로 만들 구심점과 기업 돈 없는 초기 자금을 설계한다,행정기관 이전 정치 합의를 확인하고 경기도지사 출마를 결심한 최재석에게 선거비 보전 후 돌려주는 크라우드펀딩을 제안한다,최재석은 지역 연고가 약하고 기업 후원을 거절해 전국 후보의 초기 선거비가 없다,기부가 아니라 상환 가능한 풀뿌리 펀드라면 청렴 원칙을 지키며 더 많은 시민 자금을 모을 수 있다는 길이 열린다,최재석의 경기도 도전 지원과 국민경제당 선거펀드 개발 합의를 얻는다,정치전략·금융아이디어,국민경제당의 다음 승부는 국회 캐스팅보트에서 수도권 지방권력과 대중 자금 조직으로 이동한다,태우가 만들어주기로 한 선거펀딩 시스템이 시민 자금으로 국민경제당의 청렴 선거를 실제 굴릴 수 있는가?,행정기관 이전 합의,국민경제당 선거펀딩 시스템; 지방선거,DCA-N25B,0.99
249,249화,새로운 장르 (3),44406,44567,최재석과 선거펀드 개발에 합의했지만 실제 시스템과 후보 자금은 아직 없다,천민정의 펀딩 설계와 충돌 방지 급제동 실증을 서로 다른 현재 성과로 지급한다,선거펀드를 완성하고 원격주행의 사고 위험을 줄일 차량 안전기술을 검증한다,천민정에게 P2P·증권 전문가를 붙여 펀딩을 만들게 하고 원격조종 보고를 받은 뒤 드라이빙센터에서 10대 차량의 충돌 감지·자동 급제동을 시연한다,원격조종은 통신이 끊기면 대형 사고 위험이 있고 두 자동차 계열사가 새 기술 독점을 두고 경쟁한다,운전자가 브레이크를 밟지 않은 여러 도로 상황에서 차가 충돌 직전 스스로 멈춰 임원들의 채택 경쟁을 일으킨다,양산 검토 가능한 급제동 시스템을 입증하고 2006년 초 선거펀드 완성 보고까지 받는다,차량안전·기술실증·정치플랫폼,연구실의 원격조종 구상은 차량 두 회사가 실제 차종 적용을 다투는 안전 옵션으로 진전된다,출시된 선거펀드에 시민이 얼마나 모이고 SNS·위튜브가 후보 인지도를 키울지 남는다,원격주행 1단계,선거펀드 출시·급제동 양산,DCA-N25B,0.99
250,250화,새로운 장르 (4),44568,44721,국민경제당은 전국 후보를 냈지만 기업 후원 없이 선거비를 마련해야 한다,시민 투자·SNS 맞춤공약·위튜브 채널로 깨끗한 정치를 실전 조직력으로 바꾼다,후보들의 선거비를 채우고 최재석의 7% 경기도 열세를 뒤집을 디지털 유세망을 만든다,국민경제회복펀드를 출시해 10분 만에 5만 명을 받고 개인 후보 투자·맞춤공약 알고리즘을 보강하며 미국 제작진을 붙인 위튜브 정치채널을 운영한다,선거비 보전 기준을 못 넘는 후보는 원금 상환이 어렵고 중장년층은 새 플랫폼 정치영상에 익숙하지 않다,일주일 목표액 달성 뒤 한 달 누적 400억 원·정치채널 구독자 70만 명·후보 80% 보전 가능성이 확인된다,전국 선거자금과 무료 디지털 유세망을 확보해 최재석의 경기도 역전 기반을 만든다,대중자금·정치플랫폼·인지도,국민경제당은 재벌 후원 없는 청렴 이미지를 실제 400억 원 자금과 70만 구독 조직으로 바꾼다,최재석의 7퍼센트 열세를 뒤집을 경기도 전체 대형 이슈 여러 개는 무엇인가?,선거펀드 개발,경기도지사 역전; 대형 정책 이슈,DCA-N25B,0.99
251,251,새로운 장르 (5),44722,44903,김민재가 최재석의 경기지사 선거를 해외 공장 유치 뉴스로 밀고 태우·카이 전기차 시제품 공개를 기다린다.,정치 공작의 표와 수년간 투자한 전기차의 실물을 함께 지급한다.,최재석 당선을 굳히고 태우·카이 전기차를 LA 모터쇼 수준으로 완성한다.,애플·아마존·구글·TDK 등 30조 원대 유치 발표를 최재석 공으로 포장하고 드라이빙 센터에서 쿼크형 소형차와 픽업트럭의 제로백·회생제동·주행거리·코너링을 직접 검수한다.,공장 계획은 축소·백지화 가능성이 있고 전기차는 타이어 소음·회생제동 밀림·무거운 차체의 코너링 문제가 남는다.,폴리우레탄 전용 타이어 등 보완책을 지시한 뒤 태우·카이·테슬라 세 회사가 같은 LA 모터쇼에 각기 다른 전기차를 내놓는 구도가 드러난다.,최재석 지지율이 하루 4% 뛰고 수년·조 단위 투자의 결과인 상용 전기차 두 대가 실주행 성능을 증명한다.,지위·기술,국민경제당의 경기권 장악 가능성이 커지고 태우그룹은 전기차 선도 기업으로 넘어갈 실물을 확보한다.,태우·카이·테슬라 가운데 누가 LA 모터쇼의 주인공이 되어도 김민재가 최대주주로 이긴다.,최재석 선거 막판 반전 수단과 태우·카이 전기차 시제품 개발 루프,LA 모터쇼 3사 동시 공개와 전기차 시장 선점 루프,DCA-N25B,0.95
252,252,예상외의 반응 (1),44904,45072,최재석은 2% 차로 경기지사에 당선됐고 김민재는 약속한 공장 유치와 다가올 서브프라임 위기를 동시에 계산한다.,지방선거 승리의 결산 뒤 세계 자동차 시장을 바꿀 3종 전기차 공개를 보여 준다.,경기권 정치 기반을 고정하고 LA 모터쇼의 주목을 태우·카이·테슬라가 독점하게 한다.,산장에서 최재석에게 경제위기 TF를 권하고 LA로 날아가 데이비드·머스크·개발진을 점검한 뒤 태우 쿼크·카이 픽업·테슬라 스포츠카를 연속 공개한다.,기성 완성차는 전기차를 컨셉카나 낭비로 여기고 테슬라는 신생 회사라 부스 확보부터 로비가 필요하다.,서로 다른 차급의 전기차가 세 번 연속 등장하자 관람객이 상용화 가능성을 믿기 시작하고 모터쇼 자체가 전기차 박람회로 변한다.,최재석과 국민경제당이 경기 주요 시장 10곳 이상까지 얻고 세 전기차가 기자·관람객의 환호를 끌어낸다.,지위·세계,김민재의 정치 영향력이 경기도 행정으로 굳고 전기차는 연구 과제에서 공개 시장으로 진입한다.,김민재가 이날을 자동차 시장 급변의 특이점으로 기억하라고 데이비드에게 말한다.,경기지사 당선과 LA 모터쇼 출품 루프,전기차 상용화 경쟁과 세계 경제위기 대비 루프,DCA-N25B,0.95
253,253,예상외의 반응 (2),45073,45227,전기차 공개는 호평과 함께 기존 업계의 냉소를 받고 김민재는 미국 출장 중이다.,할아버지의 신뢰라는 가족 보상과 서브프라임 붕괴의 첫 수치를 동시에 제시한다.,전기차 장기 투자를 가족에게 납득시키고 SAVE의 위기 대응 인재를 보강한다.,전기차를 걱정하는 김태중에게 장기 선점 논리를 설명해 믿음을 얻고 한 팀장·데이비드에게 연체율·파산율·평가등급 괴리를 보고받아 부동산 버블을 경고한 라잔 접촉을 지시한다.,독일·일본 완성차와 할아버지까지 전기차 수익성을 의심하고 한 팀장은 과로하며 은행·평가기관의 담합 때문에 정확한 신호를 얻기 어렵다.,지역 연방준비은행과 IMF 출신 라잔도 2005년부터 부동산 버블을 경고했고 현재 미국에 있음이 확인된다.,김태중이 실패 가능성까지 감수하고 손자를 믿겠다고 약속하며 서브프라임 조기 경보를 공유할 동료 후보를 찾는다.,관계·정보,김민재-김태중의 전기차 신뢰가 단단해지고 SAVE의 위기 대비가 개인 예지에서 외부 전문가 연대로 확장된다.,2005년부터 미국 부동산 붕괴를 경고한 라잔을 만나 SAVE의 다음 책임자로 영입할 수 있는가?,전기차 공개 직후 가족 승인 루프,라잔 첫 면담·영입; 월가 붕괴 대응 조직 구축,DCA-N25C,0.95
254,254,예상외의 반응 (3),45228,45387,김민재는 라구람 라잔이 SAVE 보고서와 같은 서브프라임 붕괴를 예측했음을 확인하고 영입하려 한다.,배척받던 최고급 경제학자들을 미래 위기의 핵심 전력으로 뒤집어 세운다.,라잔과 동료들을 SAVE에 모으고 지분 기업들까지 현금 중심 긴축으로 돌린다.,IIT 한국 캠퍼스 총장직·최고 연봉·10년 고용·자유 연구를 제시해 라잔을 설득하고 아마존·구글·페이스북·애플 경영진에게 위기 자료를 보여 준다.,라잔은 투자회사 경력이 낯설고 그와 같은 견해를 낸 학자들은 월가에서 미운털이 박혀 있다.,라잔이 7명의 석학과 돌아오고 로버트 교수의 계산이 다음 연준 금리 인상을 부도 도화선으로 지목한다.,라잔·로버트 등 희귀 인재 7명과 위기를 버틸 빅테크 긴축 동맹을 얻는다.,조직·정보,SAVE의 예측 조직이 한 팀장 중심에서 국제 석학 집단으로 커지고 보호할 기업들이 현금 확보에 들어간다.,금리 한 번이면 돌이킬 수 없는 D-DAY가 시작된다는 계산이 나온다.,라잔 개인 영입 루프,서브프라임 D-DAY 예측과 월가에 대한 공개 반격 루프,DCA-N25C,0.95
255,255,예상외의 반응 (4),45388,45569,SAVE에 합류한 라잔과 7명은 리먼 브라더스까지 무너질 수 있는 버블을 연구하지만 월가 언론에 막혀 있다.,월가가 억누른 경고를 인터넷 여론으로 폭발시키고 미국 대통령을 협상장으로 불러낸다.,SAVE의 정체를 전면에 내세우지 않고 미국 정부가 먼저 찾아오게 만든다.,별동대 ‘모럴해저드’를 창립해 위튜브·구글·페이스북 생중계와 알고리즘 노출을 밀고 버냉키의 긴급 회견을 유도한 뒤 공항 이동 직전 정부 차량의 비밀 호출에 응한다.,대형 언론은 월가 편에서 반박하고 연준은 주택 시장이 탄탄하다고 공식 부인하며 정부는 출국 직전까지 접촉하지 않는다.,논쟁 자체가 검색 1위와 대형 언론 의제로 번지고 끝내 부시 대통령이 보안을 위해 납치극 같은 방식으로 김민재를 비밀리에 부른다.,배척받던 학자들이 공식 단체와 전국적 발언권을 얻고 김민재가 먼저 가격을 부르지 않은 채 대통령 면담권을 확보한다.,지위·협상,SAVE는 숨은 투자자에서 미국 경제 의제를 흔드는 세력으로 올라서고 모럴해저드는 공개 경고 창구가 된다.,부시가 ‘가장 든든한 후원자’ 김민재를 맞지만 앞으로도 갑일 수 있느냐는 역전 예고가 붙는다.,모럴해저드 창립과 미국 정부의 선접촉 유도 루프,부시와의 구제·협박 협상 및 월가 응징 루프,DCA-N25C,0.95
256,256,예상외의 반응 (5),45570,45726,부시 대통령은 모럴해저드 배후인 김민재를 비밀리에 불러 미국 부동산 위기 경고를 캐묻는다.,대통령의 모욕적 거절마저 훗날 주도권과 면죄부로 바꾸고 국내 KIKO 하이에나를 겨눈다.,미국 정부에 충분히 경고했다는 증거를 남기고 태우 협력 중소기업의 환율 폭탄을 막는다.,죽은 사람·강아지 명의 대출과 평가기관 수익 구조를 설명하지만 일부러 더 강요하지 않고 비련의 경고자 역할을 끝낸 뒤 귀국해 태우증권의 KIKO 판매 계획을 철회시킨다.,부시는 경고를 음모론·주식 놀이라 모욕하고 한국 은행들은 안정 상품이라며 중소기업에 대출까지 권해 KIKO를 판다.,부시의 공개적 불신이 위기 후 김민재만 의지하게 할 증거가 되고 KIKO 설계 경험이 은행권을 역으로 물릴 무기가 된다.,미국 정부 상대 사전 면책과 태우 협력사 보호 방향을 동시에 확보한다.,협상·관계,부시와 김민재의 후원 관계는 신뢰에서 잠복 대립으로 바뀌고 한국 금융권이 새 응징 대상으로 편입된다.,김민재가 KIKO를 일본에 팔았던 한 팀장을 국내 은행권 처리 전문가로 지목한다.,부시에게 사전 경고를 남기는 루프,KIKO 피해 차단과 한국 은행권 역보험 루프,DCA-N25C,0.95
257,257,눈에는 눈 (1),45727,45913,한 팀장이 라잔 덕분에 미국 업무 부담을 덜고 태우증권 사장 귀환을 기다리며 한국에 돌아온다.,중소기업을 먹잇감 삼은 KIKO 판매 논리를 은행 자신에게 그대로 돌려준다.,KIKO 가입 중소기업을 보호하면서 은행권이 환율 급등 손실을 직접 부담하게 만든다.,중소기업 간담회에서 보험료를 대신 내고 보험금 60%를 받기로 한 뒤 신화은행 정태섭 부행장에게 3년·환율 60% 상승·원금 10배 보상·월 3% 보험료 조건을 강요한다.,중소기업은 보험료를 부담스러워하고 정태섭은 10배 보상을 꺼리며 상품 출시를 거부할 수 있다.,5천억 원 KIKO의 집단 취소를 압박 카드로 내밀자 정태섭은 매달 150억 원 보험료와 한 팀장의 거간 수수료만 보고 초안을 수용한다.,신화은행이 중소기업의 위험을 떠안을 KIKO 보험 출시를 약속하고 한 팀장은 태우증권 사장감 업적의 씨앗을 만든다.,돈·지위,"정태섭이 주간 상품 출시와 초안 검토를 약속해 신화은행을 환율 베팅의 문턱에 세우고, 한 팀장은 국내 금융권 복귀 명분을 쌓는다. 실제 KIKO 상품 출시·계약은 아직 전이다.",한 팀장은 자신을 벌레 보듯 한 정태섭의 높은 콧대를 기억하며 응징을 예고한다.,KIKO 가입자 설득; 신화은행의 주간 출시 약속과 상품 초안 검토,신화은행 KIKO 실제 출시·계약; 전 은행권 보험 판돈 확대; 환율 급등 결산,DCA-N25C,0.95
258,258,눈에는 눈 (2),45914,46075,한 팀장이 여러 은행을 KIKO 보험판에 끌어들이고 김민재에게 결과를 보고한다.,한국 은행권 목줄이 될 15조 원 보험 증서를 확보하고 세계위기 대비를 정치·기업 차원까지 넓힌다.,보험판을 고정하고 태우그룹은 대선 줄서기 없이 미국과 자체 체력으로 버틸 방파제를 만든다.,SAVE 페이퍼컴퍼니가 최대 2년 보험료를 내도록 하고 한 팀장을 미국으로 복귀시킨 뒤 기획실장에게 국내 대선 중립과 차기 미국 정권·국민경제당을 통한 방어 전략을 지시한다.,매달 거액 보험료가 들고 전기차 관심은 낮으며 기획실장은 한국 대통령의 표적 수사를 우려한다.,15조 원 규모 보험권이 한 팀장의 사장 승진 자산이 되고 태우 GDP 비중·오바마 인맥이 국내 권력에 줄 설 필요를 낮춘다.,은행권에 대한 환율 급등 청구권과 대선 중립이라는 장기 생존 방침을 얻는다.,돈·지위·정치,태우는 국내 대통령 자금줄에서 벗어나 세계경제 위기와 미국 정권 교체를 활용하는 독립 세력으로 이동한다.,연준이 금리를 5.25%로 또 올리고 데이비드가 오바마 지원과 스페이스X 2차 실패 소식을 전한다.,KIKO 보험판 조성과 2006년 상반기 실적 점검 루프,연준 금리 인상 후 모기지 도미노와 오바마 보험 루프,DCA-N25C,0.95
259,259,눈에는 눈 (3),46076,46253,천민정이 완성한 픽시 업그레이드와 게임·바둑 AI를 들고 부회장실에 온다.,"전국·북한 사투리와 4개 외국어 통역·방범을 갖춘 픽시, 스타크 AI의 실제 프로대전을 한 회차 안에서 보여 준다.",완성된 픽시 기능을 출시 가능한 제품으로 확인하고 스타크 AI를 용산 공개전에서 검증한다.,"픽시가 전국·북한 사투리, 영어·중국어·일본어·스페인어와 간단 통역, CCTV 방범·자동연락을 지원하며 즉시 출시 가능하다는 보고를 받는다. 래더 2위·프로 상대 승률 50%, 전용 하드웨어 전망 80%인 스타크 AI를 용산 공개전에 투입한다.","바둑 AI는 아직 정상급 프로에 못 미치고, 스타크 AI는 인간의 변칙·유인 전술을 완전히 학습하지 못했다.",스타크 AI가 1경기 초반전략을 막아 승리하지만 2경기 랭킹 2위 프로가 일부러 유닛을 흘린 덫으로 본대를 유인해 AI 승률을 20%까지 떨어뜨린다.,"출시 가능한 픽시의 사투리·4개 외국어·통역·방범 기능, 스타크 AI의 래더 2위·프로 승률 50%와 전용 하드웨어 80% 전망, 용산 공개전 1경기 승리를 확인한다.",능력·기술,태우 AI는 연구실 시제품에서 즉시 출시 가능한 생활기기와 프로게이머 앞 공개 경쟁자로 올라선다.,랭킹 2위 프로가 AI의 반응 패턴을 덫으로 역이용해 승률을 20%까지 낮춘 2경기를 인간이 가져갈 것인가?,픽시 업그레이드 기능·즉시 출시 준비; 스타크 AI 래더 성능 확인; 공개전 1경기 승리,공개전 2경기 승패·AI 약점 보완; 바둑 AI 정상급 대결,DCA-N25C,0.95
260,260,눈에는 눈 (4),46254,46423,스타크 AI 이벤트가 끝나고 태우는 반응을 집계하는 동안 미국 모기지 시장의 도미노가 눈에 보이기 시작한다.,AI 흥행의 주가 보상과 서브프라임 붕괴의 정확한 예언 확인을 교차 지급한다.,태우 IT 생태계의 인지도를 끌어올리고 금융 계열사가 위기 전에 안전 자산으로 이동하게 한다.,위튜브 200만 동시시청·태우IT 13% 상승·픽시2 문의를 확인하고 한 팀장에게 남은 AAA 보험을 사들이게 하며 박 사장에게 모럴해저드 자료를 신뢰하고 애플·구글·아마존 중심으로 펀드를 재편하라고 지시한다.,버냉키는 계속 낙관하고 보험사는 신규 계약을 닫기 시작하며 박 사장은 AI가 예측한 최대 4조 달러·리먼 파산을 믿지 못한다.,AI 예측이 모럴해저드의 자료와 결합해 리먼 파산까지 특정하고 태우증권이 46조 원 펀드 광풍에서 빠져나올 수 있게 된다.,태우 IT 3개 계열사의 주가·상품 기대가 오르고 태우증권은 위험자산 회수 명령을 받는다.,돈·정보,AI는 홍보 도구에서 그룹 위험예측 인프라로 확장되고 미국 위기는 가계 연체에서 100억 달러 모기지 회사 연쇄파산으로 커진다.,주한 미국 대사가 김민재와의 긴급 면담을 요청한다.,스타크 AI 흥행 보상과 초기 모기지 회사 붕괴 루프,백악관 재접촉과 2007년 위기 대응 루프,DCA-N25C,0.95
261,261,눈에는 눈 (5),46424,46598,모기지 회사 연쇄파산으로 백악관 내부가 갈리고 부시는 예전에 거절한 김민재를 다시 찾는다.,무시당한 경고자가 미국 경제 회의의 필수 당사자로 역전되고 가족의 전폭적 신뢰를 받는다.,백악관·재무부·연준과의 대면전을 준비하고 SAVE가 보험 주도권을 더 모은다.,크리스 대사에게 내년 초 비공식 워싱턴 회의를 수락하고 개인 자산까지 현금화하라고 조언한 뒤 김태중에게 태우를 맡기고 2007년 첫날 미국으로 날아가 약한 투자자들의 보험권 일부 매입을 지시한다.,연준은 여전히 낙관론을 고수하고 김태중은 손자가 모난 돌이 되어 공격받을 것을 걱정하며 보험사들은 계약 해지를 애원한다.,HSBC가 100억 달러 손실을 예고하고 뉴센추리 파산이 임박해 위기가 공식 신호탄을 쏘며 부시가 다음 날 당장 만나자고 재촉한다.,김민재는 김태중의 그룹 위임과 미국 대통령·연준을 상대할 주도권을 얻고 보험 매집까지 확대한다.,관계·지위·돈,손자-할아버지 관계는 걱정 속 위임으로 성숙하고 SAVE는 위기 관찰자에서 미국 구조조정 협상자로 넘어간다.,시차 적응도 없이 워싱턴으로 가서 백악관과 연준의 ‘개소리’를 들을 차례다.,백악관이 먼저 재접촉하는 보험 루프,워싱턴 책임 공방과 위기 주도권 쟁탈 루프,DCA-N25C,0.95
262,262화,카운트다운 (1),46599,46766,김민재는 부시·버냉키·연준 이사회·재무부가 모인 비밀회의에 유일한 외부 경고자로 참석한다.,미국 금융 엘리트의 오판을 스스로 책임지게 만들고 큰 금융사만 골라 먹겠다는 포식자 지위를 확인한다.,뉴센추리 폭탄을 떠안지 않으면서 연준에 위기 책임을 고정하고 월가의 현금 지원 요청을 거절한다.,채권등급·현금고갈·평가기관 담합을 공격해 연준으로부터 ‘금융 시스템 책임’ 발언을 끌어낸 뒤 조지 소로스의 퀀텀펀드만 동맹으로 남긴다.,연준·재무부 다수는 조정 국면을 주장하고 뉴센추리 인수를 떠넘기며 부시도 김민재에게 축객령을 내린다.,김민재는 작은 모기지사 대신 투자회사·보험사를 원한다고 선언하고 퀀텀펀드가 자신의 경고를 따라 안전하다는 사실을 확인한다.,향후 실패 책임은 연준에 귀속되고 SAVE·퀀텀은 월가 생존자 동맹이 된다.,지위·협상,김민재는 정부에 조언하는 후원자에서 위기 뒤 금융사를 선별할 잠재 인수자로 올라서고 연준은 스스로 책임을 진다.,월가 대부분이 SAVE의 자금을 구걸하지만 김민재는 더 큰 먹잇감이 쓰러질 때까지 기다린다.,사전 경고와 연준 책임 전가 루프,대형 금융사 파산·보험금·인수 수확 루프,DCA-N25C,0.95
263,263,카운트다운 (2),46767,46931,서브프라임 도미노가 익어 가는 동안 김민재는 캘리포니아 지분 기업들의 미래 사업을 선점한다.,애플 파크 수주와 애플 전기차 협업이라는 브랜드·사업 보상을 연속 지급한다.,경제위기 전 태우건설·자동차·IT의 초대형 협업 계약을 묶어 둔다.,스티브 잡스에게 UFO형 애플 신사옥을 태우건설이 맡겠다고 하고 태우·카이 전기차에 애플 UI·OS·디자인·구독 서비스를 결합하는 애플카 구두합의를 만든 뒤 아마존 자동화 시설을 보러 간다.,전기차는 미완성 이미지가 강하고 스티브는 애플 이름과 개발비·지분 손실에 까다로운 기준을 적용한다.,아이폰 공동 성공을 근거로 스티브가 소프트웨어 비용을 애플이 부담하고 최고 디자이너까지 투입하기로 한다.,"애플 파크 건설 요청안과 애플카 소프트웨어·디자인 협력 구두합의, 애플 최고 디자이너 투입 약속을 얻는다. 애플 파크 정식 수주 계약은 아직 전이다.",사업·브랜드,애플-태우 관계가 스마트폰·가전에서 사옥·전기차·구독 생태계로 확장된다.,제프리 베조스가 산업 혁신을 일으킬 아마존 자동화 설비를 완성했다고 선언한다.,애플카 협력·비용부담 구두합의; 애플 파크 건설 요청안,애플 파크 정식 계약; 애플카 세부조건·출시; 아마존·태우 무인공장 협업; 서브프라임 도미노,DCA-N25C,0.95
264,264,카운트다운 (3),46932,47106,김민재가 아마존 물류창고의 자동화 설비를 직접 점검한 뒤 SAVE의 서브프라임 수확 시계를 확인한다.,물류 자동화의 30% 절감 영수증과 CITI 2만 명 감원·최소 600억 달러 손실·부실자산 매각제안·리먼 파산설을 같은 화에서 지급한다.,태우 미래 제조기반을 점검하고 CITI·리먼이 보험증서의 값을 충분히 키울 때까지 기다린다.,지게차 로봇·자동검수·로봇팔·드론으로 인건비 30%를 줄인 창고를 점검하되 설비보다 인건비가 아직 싸다는 한계를 확인한다. 다이먼에게 CITI가 소진될 때까지 기다리게 하고 김태중의 ‘완벽히 끝내고 오라’는 전언을 받은 뒤 1년을 건너 리먼 파산설을 맞는다.,"자동화는 30%를 절감했어도 아직 인건비가 더 싸고, 다이먼은 복수심에 들떠 있다. CITI는 2만 명을 감원해도 최소 600억 달러 손실을 현금으로 막지 못한다.","CITI 2만 명 감원·최소 600억 달러 손실과 부실자산 매각 연락이 공개되고, 1년 뒤 미국 의회 경기부양책에도 리먼 파산설이 터진다.","아마존 창고의 인건비 30% 절감과 자동화 한계를 확인하고, CITI의 2만 명 감원·최소 600억 달러 손실·부실자산 매각 제안이라는 수확 근거를 얻는다. 김태중에게 장기 미국 체류 허락도 받는다.",사업·관계·돈,한국 운영은 김태중에게 안정적으로 위임되고 SAVE의 보험증서는 CITI의 실제 손실과 리먼 파산설로 금융사 생사를 쥘 수확도구가 된다.,"리먼 브라더스 파산설로 씨 뿌리기가 끝난 지금, 보험증서를 어느 금융사부터 수확할 것인가?",아마존 물류 자동화 검수; CITI 손실규모·자구안 확인; 김태중의 장기체류 허락,CITI 부실자산·리먼 등 위기 금융사 수확; 보험증서 행사시점,DCA-N25C,0.95
265,265,카운트다운 (4),47107,47279,리먼까지 흔들리는 가운데 CITI는 25배 레버리지와 보험 계약으로 현금이 바닥나고 후계자 제시카를 협상자로 보낸다.,다이먼을 내친 CITI 후계가 구걸하고 거절당하는 복수의 전초와 미국 정부의 정식 구조협상 요청을 지급한다.,CITI·모건스탠리·AIZ의 약점을 보험 청구권으로 묶어 정부와 최상의 조건을 협상한다.,샌디 웨일·제시카의 무책임을 관찰하고 다이먼이 보험료 5배 해지 제안을 내쫓은 뒤 한 팀장에게 모건스탠리·AIZ 보험 노출액을 확인한다.,CITI는 600억 달러 손실과 후계자 무능에도 과거 정을 요구하고 AIZ 3천억 달러 보험은 청구하면 미국 보험 시스템까지 무너뜨린다.,SAVE와 핀테크의 동의 없이는 미국 정부가 살릴 회사조차 정할 수 없다는 권력 구조가 완성되고 정부가 두 사람을 함께 워싱턴으로 간곡히 부른다.,다이먼은 샌디 웨일에게 버림받은 과거를 지위 역전으로 보상받고 김민재는 미국 구조조정의 조커 AIZ 증서를 쥔다.,지위·관계·돈,CITI가 갑에서 구제 요청자로 추락하고 SAVE·핀테크는 개별 투자자를 넘어 국가 금융구제의 필수 채권자가 된다.,정권 말기 정부를 상대로 가장 맛있는 금융 과실만 고를 협상이 열린다.,CITI의 사전 해지 시도와 대형사 노출 확인 루프,워싱턴 구제 조건 협상과 금융사 선별 인수 루프,DCA-N25C,0.95
266,266,월가의 하이에나 (1),47280,47441,김민재와 다이먼은 AIZ를 살리지 않으면 3천~4천억 달러 보험 청구로 월가 절반을 무너뜨릴 수 있는 채권자로 워싱턴에 앉는다.,무례한 연준을 사과시키고 미국 최대 보험사를 주당 4달러에 요구하는 대역전 협상을 펼친다.,보험금을 포기하는 대신 AIZ의 지배권·정부 지원·책임자 처벌을 얻는다.,연준 인사의 모욕에 다이먼과 실제 퇴장해 재무부를 굴복시키고 사전 경고 보고서로 책임 전가를 차단한 뒤 AIZ 70% 이상을 부실 공개 후 4달러에 인수하겠다고 버틴다.,연준은 김민재를 사태 주범처럼 몰고 AIZ 현 주가·경영 규모를 들어 헐값 인수에 반대한다.,버냉키가 7달러를 제시할 만큼 협상 주도권이 뒤집히지만 김민재는 손해를 감수하는 구조자라는 명분으로 ‘4달러’를 고수한다.,SAVE가 미국 최대 보험사 지배권을 얻을 실질 협상선에 도달하고 연준은 경고 무시 책임 때문에 침묵한다.,지위·돈,김민재는 정부의 구제 대상이 아니라 정부가 사과하고 자산을 내놓아야 하는 최상위 채권자로 확정된다.,다이먼의 보험 청구 압박을 등에 업고 AIZ 4달러 인수 여부를 결판낸다.,미국 정부의 구조협상 개시 루프,AIZ 가격·경영권 확정과 CITI 수확 루프,DCA-N25C,0.95
267,267,월가의 하이에나 (2),47442,47596,AIZ 인수 가격은 4달러에서 막혔고 미국 정부는 다른 부실 금융사까지 살릴 방안을 요구한다.,AIZ와 CITI를 한 회의에서 확보하고 다이먼이 샌디 웨일의 왕좌를 빼앗는다.,AIZ·태우증권·SAVE의 결합과 핀테크·CITI 합병을 정부 보증 아래 확정한다.,다이먼이 AIZ 청구를 선언해 4달러·70% 지분을 관철하고 태우증권-SAVE-AIZ 합병안을 제시하며 CITI 인수에는 전 경영진 해임과 국세청 압박을 조건으로 건다.,AIZ 직원 이탈·새우가 고래를 삼키는 경영 불안과 CITI 노욕 경영진의 저항이 남는다.,정부가 채무 탕감·공적자금·만기 연장·부실펀드 청산을 약속하고 일주일 세무·형사 조사 끝에 다이먼을 CITI 회장석에 앉힌다.,김민재는 AIZ 지배권을 얻고 다이먼은 자신을 내쫓은 샌디 웨일을 정부 관료 앞에서 끌어내리는 복수를 완성한다.,지위·관계·돈,SAVE·태우증권은 미국 보험제국으로 재편되고 핀테크 은행은 세계 최대 금융그룹 CITI를 흡수한다.,재무부 호위 속 다이먼이 샌디 웨일에게 왕좌 탈환을 선언한다.,AIZ·CITI 구제 조건 협상 루프,두 초대형 금융그룹 통합·정상화와 잔여 보험자산 수확 루프,DCA-N25C,0.95
268,268화,월가의 하이에나 (3),47597,47759,다이먼은 CITI 왕좌를 되찾았고 김민재는 AIZ·SAVE·태우증권의 복잡한 합병을 마무리해야 한다.,복수의 정서 결산과 태우그룹 금융제국의 실소유주 공개를 연속 지급한다.,두 금융그룹의 내부 이탈을 막고 태우 측 경영진에게 새 지배 구조를 인계한다.,다이먼의 경영진 물갈이·구조조정을 승인하고 핀테크로 SAVE의 비공개 자산을 넘긴 뒤 데이비드를 AIZ 회식에 투입하고 박 사장을 금융계열 총괄로 승진시키며 SAVE가 자신의 회사임을 밝힌다.,AIZ는 유대가 없어 직원 이탈 위험이 있고 세 회사 합병 규모가 지나치게 크며 박 사장·기획실장은 SAVE의 동기를 이해하지 못한다.,다이먼은 복수 후 정신과 진료까지 끝내고 평생 CITI 왕좌를 지키겠다고 충성하며 한 팀장이 ‘도련님 전담팀’의 SAVE 창업 비밀을 증언한다.,다이먼의 과거 응어리가 해소되고 태우그룹은 투자·보험·증권을 아우르는 국제 금융 계열과 신뢰 가능한 총괄 사장을 얻는다.,관계·지위·조직,숨은 SAVE가 태우그룹 공식 계열로 전환되고 김민재의 개인 금융망이 가족기업의 공개 세계 금융축으로 통합된다.,충격에 빠진 기획실장과 박 사장을 재촉하며 아직 남은 과실 수확으로 이동한다.,다이먼의 CITI 복수와 SAVE 실소유 비밀 루프,AIZ 정상화·태우 금융계열 공개와 다음 산업 인수 루프,DCA-N25C,0.95
269,269화,월가의 하이에나 (4),47760,47922,AIZ·SAVE·태우증권 합병이 끝나 김민재가 장기 미국 체류를 마치고 한국에 귀환한다.,"AIZ·SAVE·태우증권 합병과 SAVE 실소유주 공개를 국민·김태중의 수용으로 닫고, 현금·부채 제한을 건 미국 자동차 인수만 다음 질문으로 연다.",김태중의 승인을 받아 GM 또는 포드를 태우 돈 없이 인수할 준비를 한다.,"AIZ·SAVE·태우증권 합병을 마치고 귀국해 환영 인파 앞에서 SAVE 실소유주를 공개한다. 김태중에게 미국 최대 보험사의 안정과 1,700억 달러 부채 축소 구상을 설명하고, 태우·SAVE 현금을 쓰지 않으며 부채를 온전히 떠안지 않는 조건으로 GM·포드 검토 허락을 받는다.",김태중은 사전 상의 없는 거대 인수와 SAVE의 과거 공격에 화내고 GM·포드 부채가 태우 전체를 빨아들일 블랙홀이라 반대한다.,사전 상의 없는 AIZ 인수에 화낸 김태중이 합병·부채정리 결과와 현금·부채 제한조건을 듣고 웃으며 GM과 포드 중 어느 회사를 살지 묻는다.,AIZ·SAVE·태우증권 인수합병 완료와 SAVE 실소유주 공개 뒤 국민적 환대와 김태중의 수용을 얻는다. 김태중은 태우·SAVE 현금을 쓰지 않고 부채를 온전히 떠안지 않는 조건으로 GM 또는 포드 인수 검토를 허락한다.,관계·지위·사업,"AIZ·SAVE·태우증권은 공개된 금융그룹으로 합쳐지고, 비밀 투자자였던 김민재는 국민과 할아버지에게 인정받는 공개 총수로 돌아온다. 미국 완성차는 조건부 검토 대상이다.",김태중도 눈을 빛내며 GM과 포드 중 어느 회사를 삼킬지 묻는다.,AIZ·SAVE·태우증권 인수합병 완료; SAVE 실소유주 공개·국민 환대·김태중 수용; 장기 미국 체류 종료,보험증서·미국지원으로 GM/포드 무현금 인수조건 마련; 대상 자동차사 선택,DCA-N25C,0.95
270,270,월가의 하이에나 (5),47923,48088,새 보수 정권이 출범했지만 태우는 대선에 줄을 서지 않고 애플 파크 등 해외 일감으로 독립성을 유지한다.,한국 정부가 자랑하는 리먼 인수안을 김민재가 역으로 25조 원 자산 거래 기회로 바꾼다.,산업은행의 위험한 리먼 인수에서 태우의 보험증서를 최고가로 현금화·자산화한다.,강 대위 식당에서 주영곤 재무부 차관·유성민 산업은행 회장을 만나 리먼 6천억 달러 부채 위험을 경고하면서도 보험증서 대가로 AA·AA- 기업 여신 25조 원과 부동산을 요구한다.,새 정부는 태우를 국책사업 후순위로 두고 산업은행은 연준의 ‘안전자산만 인수’ 약속을 믿어 국고 규모의 위험을 과소평가한다.,곧 무가치해질 수 있는 리먼 보험증서를 산업은행이 보험금 10% 가치와 우량 여신·부동산으로 사겠다고 먼저 제시한다.,태우는 정치 줄서기 없이도 애플 신사옥 일감과 25조 원급 국가은행 자산을 얻을 협상력을 확인한다.,돈·정치,김민재의 위기 지식이 미국 금융사 인수뿐 아니라 한국 정부의 오판까지 수익·보호 기회로 바꾼다.,25조 원 여신에 더해 어떤 산업은행 부동산을 받을지 협상이 남는다.,새 정권과 태우의 거리 설정 루프,리먼 보험증서 매각·산업은행 인수 저지 또는 대가 회수 루프,DCA-N27,0.95
271,271화,난 아직 배고프다 (1),48089,48270,김민재는 리먼 보험증서를 25조 원 자산으로 바꾸고도 GM·포드 등 다음 인수를 준비하며 한국에 돌아와 있다.,회귀 전 라면으로 버티던 손자가 계열사 모두의 인정 속 태우그룹 총수로 승계되는 핵심 가족·지위 보상을 지급한다.,경제위기 자산을 계속 모으면서 김태중의 갑작스러운 은퇴 결정을 되돌리거나 감당한다.,강 대위에게 리먼 거래와 위기 대비를 설명하고 사장단 회의에 참석해 김태중 은퇴·자신의 회장 추천에 반대하지만 이사회 결정에 맡긴다.,김태중은 AIZ를 상의 없이 인수한 손자에게 더 기대지 않고 쉬려 하며 김민재는 준비 부족·젊은 총수 여론을 우려한다.,김태중이 명예회장으로 베트남 사업만 맡기고 모든 사장단이 김민재 승계를 지지해 회장 취임이 기정사실이 된다.,김민재가 보호받는 부회장에서 태우그룹 전체를 책임질 차기 회장으로 올라가고 김태중은 일선 은퇴를 결정한다.,지위·가족,회귀 직후 지키려 했던 할아버지와 태우가 이제 김민재에게 공식 승계되며 생존 약속이 주도권 보상으로 결산된다.,회장 취임을 피할 수 없게 된 김민재가 호텔에 틀어박혀 AIZ 전 직원의 상세정보를 직접 심사한다.,김태중에게 의존한 그룹 운영 루프,김민재 회장 취임·조직개편·독자 경영 루프,DCA-N27,0.95
272,272,난 아직 배고프다 (2),48271,48457,김민재는 호텔에서 AIZ 인재 전수를 검토하며 회장 취임 이사회를 피해 보려 한다.,태우 총수 취임과 충성한 실무자들의 부회장·사장 승진을 실물 직함으로 지급한다.,AIZ 구조조정을 시작하고 자신의 사람들로 금융계열 지휘선을 세워 회장 첫날을 증명한다.,AIZ 8천 명 해고·핵심 인재 승진과 연봉 인상을 지시하고 이사회에서 회장직을 수락한 뒤 박만덕을 금융 부회장으로 한정훈을 태우증권 사장으로 의결한다.,정부 지원을 받는 AIZ의 연봉 인상은 비판받을 수 있고 이사회는 한정훈의 낙하산 인사를 경계하며 김민재도 할아버지와 결별하듯 취임해야 한다.,김태중은 상석과 회장실을 손자에게 넘기고 즉시 베트남으로 떠나며 비서실장은 10년 명예고문 계약으로 곁을 지킨다.,김민재가 정식 회장이 되고 박만덕·한정훈이 금융제국의 부회장·증권사장으로 승진하며 AIZ 구조조정이 실행 단계에 든다.,지위·조직·관계,가족 승계가 완료되고 김민재 중심 경영진이 공식화되며 할아버지의 보호막 대신 스스로 평가·인사하는 총수가 된다.,한정훈이 한국에 도착해 어색한 회장실을 떠나 강 대위 사무실에서 취임 축하를 하게 된다.,회장 승계 의결과 금융 지휘선 인사 루프,AIZ 정상화·한정훈 귀환·회장 첫 성과 루프,DCA-N27,0.95
273,273,난 아직 배고프다 (3),48458,48644,김민재와 한정훈은 각각 회장·태우증권 사장이 되어 강 대위 사무실에서 다시 만난다.,굶주린 과거의 라면이 회장 취임 축하 음식으로 바뀌고 팀장이 사장으로 금의환향하는 관계 보상을 준다.,AIZ 안정화 자금을 확보하고 위기 할인으로 미국 운송 데이터망까지 사들인다.,맥주·라면으로 초심을 기념하며 한정훈의 보험금 회수·산업은행 리먼 거래를 점검하고 데이비드에게 DHL 미국 화물운송 사업부 인수를 맡긴 뒤 한정훈의 취임식을 직접 맞는다.,월가 보험금은 20%도 받기 어렵고 산업은행은 거래 번복 가능성이 있으며 한정훈의 옛 동료들은 갑작스러운 사장 귀환을 떨떠름해한다.,회귀 전 배고픔을 달래던 라면이 성공과 동료애의 치유 장면이 되고 DHL 급매는 자율주행용 미국 도로 데이터를 살 기회가 된다.,한정훈은 팀장에서 사장으로 공식 복귀하고 김민재는 회장으로서 공개 인사권과 미국 화물망 인수 계획을 행사한다.,관계·지위·자원,과거 생존 공동체인 김민재·한정훈·강 대위가 회장·사장·사업가로 성장했지만 같은 라면 식탁의 신뢰를 유지한다.,한정훈이 옛 연인을 빼앗은 도민욱 차장을 굴리겠다는 소소한 복수와 함께 본격 증권 경영을 시작한다.,한정훈 금의환향과 회귀 전 결핍 치유 루프,DHL 인수·미국 도로 데이터·AIZ 후속 구조조정 루프,DCA-N27,0.95
274,274,난 아직 배고프다 (4),48645,48809,김민재는 회장직에 적응하며 DHL 인수와 차기 미국 정권·자율주행 규제를 동시에 준비한다.,위기 급매 인수의 가격 보상과 오바마 인맥·천민정 기술의 다음 확장 기회를 연다.,DHL 트럭을 자율주행 데이터 플랫폼으로 쓰고 한국 규제를 풀 정치적 명분을 확보한다.,데이비드의 예상가 대비 30% 할인 인수를 승인하고 오바마의 면담 요청을 수락한 뒤 천민정에게 미국 트럭 충돌방지·단계적 자율주행·원격조종 실증 계획을 지시한다.,회장 취임 직후 미국 출장이 어렵고 자율주행 데이터가 부족하며 운송업 표를 의식한 정치권 규제가 기술 적용을 막는다.,DHL 사업부가 단순 물류회사가 아니라 광대한 미국 도로 데이터 수집망이 되고 청와대가 다른 재벌보다 2시간 이른 단독 면담을 긴급 요청한다.,태우는 미국 화물 운송망과 오바마 후보 직통 관계를 얻고 천민정의 연구는 미국 도로 실증 단계로 넘어간다.,기술·정치·자원,회장 김민재의 사업은 인수 자체보다 데이터를 AI·자동차에 재결합하는 플랫폼 경영으로 바뀐다.,산업은행 리먼 인수 최종 도장 전 청와대가 김민재를 부르고 그는 정권의 미운털을 뽑을 큰 선물을 준비한다.,DHL 인수 협상 루프,자율주행 규제 완화·오바마 면담·청와대 거래 루프,DCA-N27,0.95
275,275,난 아직 배고프다 (5),48810,48978,태우를 지원하지 않았던 새 정권이 김민재를 청와대로 불러 리먼 인수의 최종 판단을 묻는다.,국가적 파국을 막는 조언과 동시에 한전 부지 규제를 풀어 아시아 금융 허브라는 새 대형 사업을 성사시킨다.,산업은행의 리먼 인수를 재검토시키고 정부가 태우 마천루·금융사 유치에 법·규제·정치력을 제공하게 한다.,대통령에게 산업은행 파산·제2 IMF 가능성을 30% 이상이라고 설명해 재검토 결정을 끌어내고 한전 부지에 대형 금융사 10곳 이상을 모을 마천루·아시아 금융 허브를 제안한다.,대통령실장 우익준은 태우를 길들이려 하고 대통령은 규제 완화 명분과 임기 내 실적을 보장할 구체 계약을 요구한다.,대통령이 리먼 도박 대신 금융 허브 업적을 택하고 10개 유명 금융사 계약서를 조건으로 여당 법안·지원과 청와대 주도 발표를 약속한다.,태우는 정권의 미운털에서 대통령 직통 파트너로 바뀌고 규제에 묶인 한전 부지를 국제 금융 중심지로 개발할 길을 얻는다.,정치·사업·지위,회장 취임 직후 김민재는 국내 대통령에게 길들여지는 대신 국가 프로젝트를 설계해 정부를 태우 성장의 집행자로 전환한다.,미국 출장에서 월가 대형 금융사 10곳의 한국 이전 계약을 가져와야 한다.,산업은행 리먼 인수 판단 루프,한전 부지 금융허브 계약·규제 완화·미국 금융사 유치 루프,DCA-N27,0.95
276,276,도움을 가장한 협박 (1),48979,49144,김민재는 회장 취임 후 첫 미국 출장에서 금융허브 계약과 차기 정권 관계를 확보하려 한다.,CITI 구조조정에 지친 다이먼·데이비드에게 새 역할과 비트코인 미래 수익을 주며 숨은 미국망을 재편한다.,핀테크 은행을 SAVE의 비밀 기능 후계로 만들고 파산 위기 금융사들의 한국 이전 서명을 모은다.,다이먼에게 임원 상세정보 심사 도움을 약속하고 CITI·핀테크의 한국 이전 계약을 받은 뒤 보험 청구 완화와 4년 뒤 입주를 교환하도록 맡기며 비트코인 거래소 설립과 데이비드 부사장 배치를 지시한다.,다이먼은 CITI 정상화로 과로하고 금융사들은 당장 생존이 급하며 비트코인은 사용자·수익성이 거의 없다.,핀테크는 미국 정치 로비·차명 지분 관리·금융사 협상을 도맡는 독립 미국 축이 되고 미래 비트코인 광기의 수수료를 선점한다.,SAVE 공개합병 뒤에도 김민재의 비공개 미국 통제망이 핀테크로 이어지고 데이비드·다이먼이 한 조직에서 결합한다.,조직·돈·관계,태우의 공식 금융제국과 핀테크의 비공식 미국 활동이 분리되고도 김민재를 중심으로 연결된다.,오바마 후보와 단독 식사에서 앞으로 8년의 미국 관계를 굳혀야 한다.,SAVE 비밀 기능 이관 루프,오바마 당선 보증·금융사 한국 이전·비트코인 거래소 루프,DCA-N27B,0.95
277,277,도움을 가장한 협박 (2),49145,49297,오바마는 공화당에 지지율이 다시 밀려 최대 후원자 김민재의 확신과 도움을 원한다.,리먼 파산을 대선 승리 보증으로 바꾸고 이권을 요구하지 않는 후원자라는 대통령급 신뢰를 얻는다.,오바마 당선 후 신사업 규제 완화와 한미 사업 보호를 약속받고 금융허브 계약서를 모은다.,산업은행 인수 포기와 보유 보험 청구로 리먼은 반드시 파산한다고 설명해 오바마의 불안을 잠재우고 규제 완화를 요청한 뒤 데이비드·조지 소로스가 이틀 만에 금융사 12곳의 한국 이전 서명을 받는다.,오바마는 낙선을 두려워하고 한국 이전은 4년 뒤 약속이라 금융사 신뢰가 필요하며 버크셔는 기존 아시아 거점조차 없다.,오바마가 평생 친구가 될 수 있다고 호감을 보이고 퀀텀의 협박 지원으로 계약 목표 10곳을 넘긴 가운데 버크셔 해서웨이가 관심을 보인다.,김민재는 차기 미국 대통령과 역차별 방지·신산업 규제 완화 관계를 만들고 금융허브의 첫 12개 입주 약정을 확보한다.,정치·지위·사업,부시의 무시를 견딘 보험이 오바마 당선의 확신으로 환전되고 태우의 미국 권력 관계가 현 정권에서 차기 정권으로 갈아탄다.,귀국 비행기를 미루고 워렌 버핏을 직접 만나 버크셔 한국 지점을 설득한다.,오바마 대선 보험 루프,버크셔 계약과 금융허브의 신뢰도 증명 루프,DCA-N27B,0.95
278,278화,도움을 가장한 협박 (3),49298,49458,김민재는 오마하에서 한국 금융허브에 회의적인 워렌 버핏과 처음 단독 협상을 한다.,세계 최고 투자자의 신뢰와 버크셔 한국 지점 계약을 따내 금융허브 약속을 실체로 만든다.,한국의 리스크를 넘을 투자 비전을 증명하고 유명 금융사 계약을 청와대 허가로 환전한다.,전기차·환경·IT 비전을 제시하다 버핏의 ‘공포에 사라’ 투자관에 맞춰 골드만삭스·뱅크오브아메리카 워런티 투자를 정확히 짚어 신뢰를 얻는다.,한국은 전쟁·규제·금융시스템 리스크가 크고 버핏은 전기차와 새 산업보다 기존 산업에 관심이 많다.,투자관이 일치한 버핏이 4년간 태우 명성 유지 조건으로 버크셔 아시아 지점을 한국에 내고 빌 게이츠와의 후속 식사까지 제안한다.,태우의 개인 인맥에 워렌 버핏이 편입되고 금융허브 계약은 위기 기업의 강요가 아닌 세계적 가치투자자의 자발적 선택으로 격상된다.,관계·지위·사업,김민재의 미래지식은 버핏의 현재 투자 논리와 맞물려 외부 권위를 얻고 태우 명성이 국가 프로젝트의 담보가 된다.,귀국해 계약서를 내밀자 허가가 순조로울 듯했지만 예상 밖 정치 여론이 발목을 잡는다.,버크셔 한국 지점 설득 루프,국민 신뢰 이벤트와 한전 부지 허가 루프,DCA-N27B,0.95
279,279화,도움을 가장한 협박 (4),49459,49610,금융사 계약은 확보했지만 광우병 촛불집회 이후 정부 불신 때문에 금융허브 허가를 밀어붙이면 차기 정권의 수사 위험이 생긴다.,최재석과 국민경제당을 국가 비전 동맹으로 묶고 리먼 파산을 다음 수확·여론전의 신호탄으로 터뜨린다.,초당적·국민적 신뢰를 만들 대형 행사를 열고 KIKO 보험 수확을 시작한다.,최재석과 별장에서 청와대 발표의 역효과와 규제 완화 연대를 논의해 중립 이상의 지원을 확보하고 추석 연휴 리먼 660조 원 파산 직후 환율 1400원·15조 원 KIKO 보험 청구를 준비한다.,정부 지지율·신뢰가 낮아 국민경제당도 성급히 편들 수 없고 리먼 충격은 전 세계 ‘경’ 단위 피해와 한국 펀드·환율 악화를 부른다.,세계 최대 파산이 김민재의 경고를 증명하고 국내 은행들이 팔았던 KIKO 보험의 조건이 현실화되며 금융허브 홍보 이벤트와 시기가 맞물린다.,최재석은 당리보다 한국 금융·신산업 규제 개혁을 위해 협력하고 한정훈은 한국 금융사들을 굽히게 할 실탄을 얻는다.,정치·돈·세계,금융허브는 태우-청와대 거래에서 국민경제당까지 포함한 국가 산업 의제로 확장되고 위기는 월가에서 한국 금융권으로 본격 상륙한다.,수요일 대형 이벤트와 KIKO 보험금 회수라는 두 수확이 동시에 열린다.,금융허브 정치 연대와 리먼 생존 여부 루프,워렌 버핏 공개행사·KIKO 15조 원 수확 루프,DCA-N27B,0.95
280,280,도움을 가장한 협박 (5),49611,49802,리먼 파산 직후 금융허브 사업은 정부 쇼라는 불신을 깨뜨릴 공개 증거가 필요하다.,조지 소로스·다이먼·워렌 버핏을 태우 본사 무대에 세워 국민 여론과 건설 허가를 단번에 뒤집는다.,한국 이전 약정을 실제 세계 금융 거물의 말로 증명해 한전 부지 개발을 승인받는다.,금융허브 비전을 발표한 뒤 퀀텀·CITI·버크셔 대표를 차례로 공개하고 버핏이 한국 지점 개설과 태우증권·자동차·IT·철강·부품 투자를 직접 선언하게 한다.,추상 선언에는 기자 반응이 미지근하고 정부는 행사 주도권을 탐내며 청와대와의 소통 부족을 탓한다.,빅데이터상 찬성 여론이 급등하고 국민경제당이 청와대보다 먼저 당론 지지를 선언하며 대통령실장이 한전 부지 허가를 확약한다.,"금융허브에 대한 공개 신뢰와 여야 지지, 대통령실장의 조속한 한전 부지 허가 약속을 얻는다. 실제 개발 허가는 아직 발급 전이다.",지위·정치·사업,태우는 정부의 홍보 도구가 아니라 세계 금융인을 실제로 움직이는 국가 프로젝트 설계자로 대중 앞에 인정받는다.,대통령실장은 한전 부지 허가를 약속하면서도 태우가 만든 무대의 공을 청와대와 나누라고 요구한다.,금융허브 공개 신뢰와 여야 지지; 대통령실장의 조속한 허가 약속,한전 부지 실제 개발허가·착공; 버핏 자동차 투자,DCA-N27B,0.95
281,281,도움을 가장한 협박 (6),49803,49976,금융허브 여론전이 성공한 뒤 김민재는 워렌 버핏과 강 대위 식당에서 사적인 신뢰를 다진다.,버핏의 50억 달러 자동차 투자 약속과 한전 부지 쌍둥이 빌딩 착공을 연속 지급한다.,GM·포드 인수 자금과 외부 신뢰를 확보하고 금융허브를 물리적 공사로 전환한다.,콜라·투자 철학을 나누며 GM 또는 포드 인수 의도를 인정하자 버핏이 김민재 개인 비전을 믿고 지분 50억 달러를 약속하고 정부·국회 허가 후 에너지·금융 쌍둥이 빌딩 지반공사를 시작한다.,버핏은 전기차 자체에는 여전히 회의적이고 완공을 앞당기다 날림 공사가 생길 수 있으며 국내 금융사들은 코코아뱅크 규제를 모의한다.,돈보다 가치가 큰 버핏의 이름이 미국 자동차 인수의 신뢰 담보가 되고 수년 묶였던 한전 부지가 마침내 공사장으로 바뀐다.,태우는 금융·에너지 허브 마천루와 버핏의 자동차 투자 약속을 얻고 한정훈은 KIKO 보험으로 국내 은행 회동에 대응한다.,돈·관계·사업,회장 김민재의 외교·정치 약속이 건설 착공과 투자금으로 물질화되고 다음 적대는 월가에서 한국 은행권으로 이동한다.,코코아뱅크를 규제하려는 은행 대표들에게 한정훈이 KIKO 보험이라는 ‘도움’을 들고 간다.,금융허브 허가·착공과 버핏 투자 루프,국내 은행 KIKO 역청구·코코아뱅크 규제 저지 루프,DCA-N27B,0.95
282,282,가랑이가 찢어지는 뱁새 (1),49977,50135,국내 5대 은행은 코코아뱅크를 규제하려 하지만 자신들이 판 KIKO 보험의 환율 조건이 다가온다.,한정훈이 자신을 하이에나 취급한 신화은행을 같은 상품 논리로 공포에 빠뜨리는 복수 전초를 준다.,은행들이 환율 1400원 보험금을 피하지 못하게 하고 리먼 잔여 증서를 노무라에 비싸게 넘긴다.,정태섭에게 5조 원 지급 준비를 통보하고 은행 내에서 달러 기근·1500원 환율을 경고한 박대훈 과장을 포착한 뒤 보험료 환급·5천억 합의안을 거절하며 노무라에 리먼 보험증서를 판다.,정태섭·양성수는 환율 1400원이 불가능하다고 믿고 박대훈은 사내 정치로 만년 과장에 묶여 있으며 노무라는 AIZ 성공을 흉내 내 대규모 사업부를 사려 한다.,환율 흐름을 정확히 읽는 박대훈이 한정훈의 스카우트 후보가 되고 노무라가 더 많은 적자 사업을 안도록 보험증서를 자청해 산다.,국내 은행의 오만이 청구 리스크로 바뀌고 태우는 산업은행 뒤 남은 리먼 증서까지 현금화한다.,돈·인재·복수,월가 보험 수확이 끝난 자리에 한국 은행권 응징과 숨은 금융 인재 발굴이 들어선다.,환율 1400원 돌파 전까지 협상을 미룬 정태섭이 평생 후회할 선택을 한다.,코코아뱅크 규제 회동과 리먼 잔여보험 처분 루프,환율 1400원·KIKO 15조 청구와 박대훈 영입 루프,DCA-N27B,0.95
283,283,가랑이가 찢어지는 뱁새 (2),50136,50295,원달러 환율이 마침내 1400원을 넘어 국내 은행의 KIKO 보험금 15조 원이 지급 조건에 들어간다.,은행과 태우의 갑을을 뒤집고 코코아뱅크 규제를 즉시 철회시키는 구체 권력 보상을 준다.,정부 개입 전에 9조 원 태우 지분의 대가와 인터넷은행의 안전판을 확보한다.,김민재가 뒤에서 압박하고 한정훈이 20% 보상안을 거절하며 은행의 협력 요구와 코코아뱅크 규제 시도를 모순으로 몰아세운다.,금융사들은 세계위기를 명분으로 80% 할인과 태우 지분 포기를 요구하고 정부가 은행 붕괴를 우려해 압박할 시간도 다가온다.,정태섭이 코코아뱅크와 태우 관계를 몰랐다고 둘러대며 규제 회동을 즉시 철회하고 본협상은 한정훈에게 넘어간다.,코코아뱅크가 견제 없이 5대 은행급으로 성장할 보호막을 얻고 태우는 15조 청구권을 협상 자산으로 유지한다.,돈·지위·사업,한정훈은 월가의 숨은 실무자에서 국내 은행 대표들을 소집하는 증권사 사장으로 완전히 역전된다.,"IIT 캠퍼스를 둘러보던 김민재에게 청와대가 연락하고, 태우의 도움이 필요한 호출인지 확인할 차례가 된다.",환율 조건 충족과 코코아뱅크 규제 루프,청와대 긴급 호출·보험금 대체자산 협상,DCA-N27B,0.95
284,284,가랑이가 찢어지는 뱁새 (3),50296,50455,김민재는 금융허브 공사와 IIT 한국 캠퍼스를 확인한 직후 청와대 실세 우익준의 은밀한 호출을 받는다.,국가 통화위기 해결 요청을 태우 미래산업 규제 완화와 해외 기업 인수 비간섭 약속으로 바꾼다.,한미 통화스와프를 성사시키는 대신 AI·자율주행·전기차의 법적 길과 자동차 인수 우위를 만든다.,IIT의 무료 기숙사·세계 교수진·5년 취업 조건을 점검하고 우익준의 민간인 사찰 시인과 거친 거래에도 400억 달러 스와프를 역제안한다.,환율 1400원·코스피 급락이 국가를 압박하고 우익준은 4대강 이권으로 회유하며 스와프 실패 시 약속 파기를 명시한다.,김민재는 이권을 거절하고 미래산업 규제·해외 인수 비간섭을 얻으며 스와프 지원이 훗날 미국 정부가 자동차 인수를 먼저 부탁하게 할 빚이 된다고 계산한다.,IIT라는 자립 성장 기반이 완공되고 태우는 정권에 줄선 대가가 아닌 미래산업 법제화와 외국 인수 자유를 확보한다.,정치·기술·지위,김민재는 청와대 사찰·갑질에도 불법 이권을 받지 않아 가족 감옥 회피 약속을 지키며 국가 협조를 장기 기업 우위로 설계한다.,데이비드·다이먼·한정훈을 통해 스와프 금액을 실제로 끌어올려야 한다.,IIT 캠퍼스 건설 루프,한미 통화스와프·미래산업 규제 완화·자동차 인수 빚 루프,DCA-N27B,0.95
285,285,가랑이가 찢어지는 뱁새 (4),50456,50614,한정훈·데이비드·다이먼이 미국 의회와 백악관을 설득해 300억 달러 예상 스와프를 키우고 있다.,국가금융 해결 진행과 함께 태우 OTT 콘텐츠의 세계 흥행·아카데미 진입 약속을 지급한다.,스와프를 최대 500억 달러로 높이고 OTT 영화·드라마가 기존 영화제 배척을 뚫게 한다.,태우증권·핀테크 보증으로 스와프 증액을 지시하고 봉 감독 영화·임희영 좀비극·이서희 로맨스 성공을 확인한 뒤 데이비드에게 오스카의 공정 심사 출발선 로비를 맡긴다.,상시 스와프는 한국 신용도로 무리이고 국내외 영화제는 OTT 개봉작을 심사 제외하며 한정훈과 데이비드는 과로한다.,아카데미 회원 인맥과 위기 중 후원 부족을 이용하면 OTT 작품도 공정 심사를 받을 수 있고 스와프는 400~500억 달러 가능권에 든다.,태우엔터의 콘텐츠는 국내 극장 밖에서 세계 흥행 브랜드가 되고 금융팀은 국가 협정까지 움직이는 실무력을 증명한다.,사업·정치·문화,경제위기 대응의 영향력이 금융·산업을 넘어 한국 콘텐츠의 글로벌 제도 진입까지 확장된다.,미국 자동차사 줄파산 정보가 들어오며 기다린 과실이 익는다.,통화스와프 의회 설득과 OTT 작품 보상 루프,미국 자동차사 인수 출정·오스카 진입 루프,DCA-N27B,0.95
286,286,가랑이가 찢어지는 뱁새 (5),50615,50766,한미 500억 달러 통화스와프가 체결되어 환율이 하루 10% 이상 내리고 코스피가 반등한다.,국가위기 방어의 성과를 미래산업 특별법·탄소감축 인센티브·국민경제당 성장으로 환전한다.,AI·전기차·로봇 규제를 풀고 전기차 친화 환경정책과 장기 정치 방파제를 만든다.,최재석과 비밀 회동해 여야 거래용 탄소감축 법안을 설계하고 국민경제당 청년정치인 SNS 육성을 약속하며 천민정의 AOS 게임 ‘리그 오브 챔피언스’ 한·미 베타를 승인한다.,정권 친화 이미지가 생기면 위험하고 야당은 미래산업법을 막을 수 있으며 최재석은 경기지사 공약을 지키기 전 대권 도전을 꺼린다.,"국민경제당이 미래산업법을 당론으로 추진하고 환경법으로 야당 체면을 세우는 초당 입법 경로가 생기며, 리그 오브 챔피언스의 한·미 베타 진행이 승인된다.","실행된 500억 달러 통화스와프와 미래산업·탄소감축 법안의 초당 추진선, 청년 정치인 육성 약속, 한·미 게임 베타 승인을 얻는다. 법안 통과와 게임 출시·흥행은 아직 전이다.",세계·정치·기술,"500억 달러 통화스와프는 실행되고, 미래산업·탄소감축 법안과 청년 인재·게임은 실제 입법·출시 전 추진 단계로 구체화된다.",천민정이 리그 오브 챔피언스의 한국어 보완과 한·미 베타테스트를 곧바로 시작한다.,500억 달러 통화스와프 실행; 미래산업·탄소감축 법안의 여야 추진 경로; 한·미 게임 베타 승인,미래산업·탄소감축 법안 실제 통과; 리그 오브 챔피언스 베타·출시; 미국 자동차사 인수,DCA-N27B,0.95
287,287,기브 앤 테이크 (1),50767,50931,오바마가 압승하고 미국 빅3는 수백억 달러 적자와 구제금융 청문회를 앞둔 채 파산선에 선다.,차기 정권과 자동차 인수의 D-DAY를 확정하면서 OTT 창작자 배척을 자기 시상식으로 돌파한다.,오바마 취임 직후 노조·잡뱅크·공장이전 조건을 고치게 하고 백선 예술대상을 태우가 주최한다.,데이비드의 대선·오스카 규정 성과를 확인하고 미국 자동차의 180억 달러 임시구제를 분석한 뒤 한경신문·주안그룹의 백선 지분 인수를 지시한다.,오바마 지지층인 자동차 노조를 건드리기 어렵고 국내 영화계 원로는 OTT작 출품을 막으며 주안그룹 뒤에는 삼진그룹 혼맥이 있다.,OTT 외국어영화가 오스카 후보 등록 가능권에 들고 태우는 기존 영화제에 구걸하는 대신 백선 예술대상 주최권을 노린다.,오바마가 차기 대통령으로 확정되고 태우 콘텐츠는 흥행을 넘어 심사 제도 자체를 바꿀 힘을 얻는다.,정치·문화·사업,금융위기 다음 수확인 자동차 인수와 디지털 콘텐츠의 구제도 대체가 함께 시작된다.,백선 지분을 얻으려면 오희건의 삼진그룹과 더 큰 기브 앤 테이크가 필요하다.,오바마 당선과 OTT 오스카 진입 루프,삼진 협상·백선 주최·미국 빅3 인수 조건 루프,DCA-N28,0.95
288,288,기브 앤 테이크 (2),50932,51085,주안그룹은 오희건의 처가 관계를 믿고 백선 예술대상 지분을 내놓지 않는다.,백선 지분 거래를 OLED 선점·원천기술이라는 훨씬 큰 산업 보상으로 재조합한다.,삼진을 경쟁자가 아닌 차세대 디스플레이 개발 파트너로 묶고 백선 주최권을 얻는다.,오희건에게 OLED 개발비 30% 지원과 태우전자 우선·원가 공급을 교환하고 한경 지분을 넘겨받은 뒤 한정훈에게 코닥의 OLED 원천기술 인수까지 설명한다.,OLED는 상용화까지 10년·조 단위 투자가 필요하고 겉으로는 태우가 1조 원을 들여 작은 시상식을 사는 손해 거래처럼 보인다.,코닥 원천특허를 위기 헐값에 사면 삼진 개발비는 로열티로 회수되고 태우는 패널·특허·시상식 세 이득을 모두 얻는다.,태우-삼진 관계가 LCD 고객사에서 비공개 OLED 공동투자 관계로 확장되고 백선 예술대상은 태우 소유로 넘어온다.,기술·관계·문화,재계 1·2위 경쟁을 세계시장 공동개발로 바꾸되 김민재는 회귀지식으로 원천특허까지 선점해 우위를 남긴다.,데이비드가 코닥 OLED 원천기술 또는 사업부 전체를 사들이러 간다.,백선 지분 교착 루프,코닥 OLED 특허 확보·삼진 공동개발 루프,DCA-N28,0.95
289,289,기브 앤 테이크 (3),51086,51250,태우는 백선 주최권을 얻었고 데이비드가 코닥과 OLED 원천기술 협상을 마친다.,쉽게 산 미래 핵심특허와 게임 베타 흥행을 지급한 뒤 빅3의 오만한 청문회로 인수 가격을 더 낮춘다.,OLED·콘텐츠·게임 자산을 고정하고 자동차 구제협상 때까지 현금과 여론을 기다린다.,코닥 특허를 핀테크 명의로 인수하고 빅3 회장들의 전용기 청문회 역풍·대공황 이하 주가를 분석하며 백선에 해외 거장 시상자를 부르고 ‘리그 오브 챔피언스’ 접속 폭증을 확인한다.,빅3는 주택채권·45% 매출감소·강성 구조로 180억 달러 구제로도 못 살고 게임은 버그가 속출하며 천민정은 밤을 샌다.,OLED 특허가 싸게 넘어오고 AOS 베타가 북미·한국에서 화제가 되며 대중 여론은 빅3 경영진을 구제할 명분을 깎는다.,태우는 차세대 디스플레이 원천권·자체 시상식·글로벌 게임이라는 세 신규 자산을 확보한다.,기술·문화·돈,자동차 인수 직전 태우의 제품 생태계를 채울 화면·콘텐츠·게임 자산이 조용히 완성된다.,한국 해운 불황과 현진그룹 왕자의 난이 또 다른 10% 가격 자산 기회를 연다.,OLED 원천기술·AOS 베타 루프,현진해운 선박 담보·미국 빅3 구제 루프,DCA-N28,0.95
290,290,기브 앤 테이크 (4),51251,51425,현진해운은 조 회장 사망 뒤 추영희와 아주버니 조영호의 경영권 분쟁·세계 해운 불황으로 현금이 급하다.,지금은 위험한 선박을 5~10년 뒤 호황기의 태우 수출망으로 바꾸는 장기 자산 선점을 보여 준다.,현진해운이 버티는 동안 선박 가치 10%만 빌려주고 파산 시 선박·부동산을 모두 얻는다.,추영희와 20년 무이자·부동산 100%·선박 10% 담보자금 조건에 합의하고 한정훈에게 2~3년 뒤 조선소 경매 선박도 45% 이하에서 사도록 준비시킨다.,추영희는 대마불사를 믿고 한정훈은 10년 불황·해운 적자를 우려하며 태우도 당장 이자 수익이 없다.,현진해운이 불황을 대신 견디고 파산할 때 태우가 대형선단을 흡수해 태우상사 자원과 그룹 수출의 다음 호황을 독식하는 구조가 만들어진다.,태우는 금융·자동차뿐 아니라 장기 물류 주권까지 선점하고 김태중이 귀국해 미국 출장 동안 그룹을 맡겠다고 한다.,자원·관계·사업,김민재의 위기 수확은 즉시 돈뿐 아니라 5~10년 뒤 공급망 병목을 푸는 선박·해운 기반으로 장기화된다.,김태중의 든든한 위임 아래 오바마 취임식과 미국 자동차 협상을 위해 장기 출국한다.,현진해운 경영권 방어 자금 루프,선박 귀속·해운 호황과 미국 자동차 인수 루프,DCA-N28,0.95
291,291,기브 앤 테이크 (5),51426,51615,김태중이 그룹을 맡아 김민재·한정훈·강 대위가 전용기로 오바마 취임식에 참석한다.,오바마가 취임사로 외국 자본 구제를 직접 요청하고 재무장관이 빅3 인수를 단도직입 제안한다.,미국 정부가 부채·잡뱅크·노조·공장이전이라는 썩은 부분을 먼저 도려내게 한다.,오바마의 ‘희망과 변화’ 취임사를 들은 뒤 연준 청사에서 티모시와 첫 협상을 열어 단순 부채탕감만으로는 가치가 없다고 하고 전면 체질개선 조건을 건다.,러스트벨트 노조는 오바마 핵심 지지층이고 미국 자존심 때문에 한국 기업 매각 반대도 거세며 태우까지 적자에 빠질 위험이 있다.,취임사부터 김민재를 겨냥한 외국투자 메시지가 나오고 티모시가 미국 자동차 빅3 한 곳을 인수해 달라고 공식 요청한다.,태우는 매수 희망자가 아니라 미국 정부가 살려 달라 요청하는 협상 갑으로 출발한다.,지위·정치·사업,500억 달러 통화스와프로 만든 미국의 빚과 오바마 후원이 실제 자동차 인수 요청으로 돌아온다.,태우의 회생 능력과 미국 자존심을 놓고 전 부처·노조 앞 공개 설득전을 벌이게 된다.,오바마 당선·취임 루프,빅3 구조개혁·인수기업 선택·가격 협상 루프,DCA-N28,0.95
292,292,연합의 힘 (1),51616,51785,첫 협상 뒤에도 미국 정부는 노조 개혁을 장담하지 못하고 태우 배터리 계열사도 불황 적자에 빠져 있다.,국가·산업 위기를 기다리는 동안 배터리 수요와 빅3 매각 여론을 동시에 만들어 낸다.,잡뱅크 폐지와 공장 이전을 관철하고 태우가 감당할 수 있는 자동차 회사를 고른다.,강인혁·데이비드에게 공유 전기자전거·킥보드라는 라스트마일 사업을 맡기고 미국 내 반한 매각 기사에는 대응하지 않은 채 백악관 전 부처 회의를 기다린다.,구제금은 몇 달뿐이고 배터리는 팔수록 손해이며 미국 여론 70%가 한국 기업의 빅3 인수에 반대한다.,김민재는 공유 모빌리티를 배터리·광고의 교두보로 설계하고 반대 여론이 정점일 때 백악관이 직접 해법을 논의하게 만든다.,배터리 적자를 미래 플랫폼으로 바꾸는 새 사업축과 미국 정부를 압박할 시간표가 생긴다.,사업·정치·기술,당장 손해인 전기차 부품을 도시 이동 플랫폼으로 우회시키며 인수전의 기다림을 생산적인 준비로 채운다.,백악관 각료들이 매각과 개혁을 두고 충돌한다.,라스트마일 수요 발굴,빅3 매각 여론·백악관 합의,DCA-N28,0.95
293,293,연합의 힘 (2),51786,51967,오바마가 노조 개혁을 지지해도 각료들은 외국 매각을 거부하고 회의는 결론 없이 끝난다.,채권자 연합과 파산 카드를 써서 미국 정부 스스로 태우의 조건을 받아들이게 한다.,빅3 한 곳을 법정관리로 보내 가격과 구조를 모두 정상화한다.,핀테크가 가진 빅3 채권 약 100억 달러와 채권단·언론을 움직여 GM 파산 확률을 끌어올리고 찾아온 티모시에게 선파산 후인수를 제안한다.,정치권은 매각을 버틸 수 있고 파산 공세가 실패하면 미국의 보복과 막대한 채권 손실을 감수해야 한다.,UAW가 잡뱅크 폐지·구조조정·공장 이전과 채무의 지분 전환을 수용하고 티모시가 GM을 추천한다.,태우는 구제 신청자가 아니라 파산 여부와 인수 절차를 정하는 최종 해결사로 올라선다.,금융·정치·지위,2008년 금융위기에서 축적한 채권과 언론 영향력이 제조업 인수 조건을 강제하는 실제 무기가 된다.,GM이 먼저 챕터11을 신청하고 태우가 반드시 인수해야 하는 약속이 걸린다.,노조 개혁 교착,GM 파산·인수 확약,DCA-N28,0.95
294,294,연합의 힘 (3),51968,52141,GM이 법정관리를 신청하자 루돌프 줄리아니가 외국 매각을 미국 자존심 문제로 몰아간다.,태우 단독 인수를 미국 자본이 주도하는 연합 인수로 재구성해 반대 명분을 없앤다.,미국 여론을 되돌리고 손실·정치 위험을 나눌 우군을 확보한다.,SNS 확산을 제한하다가 줄리아니 생방송 중 태우·핀테크·버크셔 해서웨이 연합을 발표하고 정부·UAW와 지분 구조를 협상한다.,애국주의 공격이 커지면 인수 자체가 무산되고 적자 브랜드·공장·노조까지 떠안을 수 있다.,워런 버핏의 50억 달러 참여로 매각 찬성이 70%가 되고 미국 정부가 노조·공장 이전·자동화를 지원한다.,태우·핀테크·버크셔와 채권자·UAW를 묶은 67퍼센트 지분 구조 및 정부 지원안을 합의한다. 실제 인수 계약 서명과 소유권 이전은 다음 날 전이다.,관계·정치·돈,"국적 리스크를 줄인 67퍼센트 지분 구조와 정부·노조 지원선이 정리되지만, GM 경영권은 계약 서명 전 협상 상태로 남는다.",다이먼이 적자 브랜드를 잘라 GM 75%를 400억~500억 달러에 사는 계약을 준비한다.,매각 반대 여론 전환; GM 지분·정부·UAW 큰 틀 합의,GM 최종 인수가격·계약 서명·소유권 이전; 공장 이전·자동화,DCA-N28,0.95
295,295,연합의 힘 (4),52142,52302,태우·핀테크·버크셔 연합이 정부와 UAW 앞에서 GM 지분 75% 인수 계약을 맺는다.,전생에 태우자동차를 삼킨 GM을 역으로 사들이는 복수 보상과 다음 재난의 선취를 한 회차에 겹친다.,GM의 규모와 유통망을 전기차 표준 동맹에 편입하고 신종 독감 대응 자산을 확보한다.,버핏·다이먼에게 GM 선택 이유를 설명하고 태우·카이·GM·테슬라의 충전 규격 연합을 구상한 뒤 독감 검색량 급증을 확인해 천민정에게 데이터 분석을 지시한다.,GM은 파산 기업이고 신종 인플루엔자는 아직 공인되지 않아 대규모 투자 근거가 약하다.,전생의 굴욕이 GM 인수로 뒤집히고 검색량 200%·SNS 300% 급증이 팬데믹의 조기 경보로 판명된다.,태우는 세계 자동차 판매망과 차세대 전기차 표준을 얻고 제약·바이오 선점으로 이동한다.,복수·사업·기술,기업 복수의 눈에 보이는 결산 직후 더 큰 생존 위기 감지로 장르적 속도를 유지한다.,타미플루 공동생산권과 재일 과학자 김정우 영입이 새 과제가 된다.,GM 역인수 복수,독감 치료제·AI 바이오,DCA-N28,0.95
296,296,연합의 힘 (5),52303,52474,데이비드는 타미플루 공동생산권을 얻었지만 바이러스 권위자 김정우는 한국행을 망설인다.,AI와 바이오를 결합할 사람·권리·생산기반을 한꺼번에 묶어 미래 팬데믹까지 대비한다.,김정우를 센트리언 연구진으로 영입해 치료제 국산화 속도를 높인다.,김정우를 한식당에서 직접 만나 전폭 지원과 AI로 10년 연구를 5년으로 줄이는 비전을 제시하고 센트리언 서정준과 연결한다.,과학자는 기업의 구호보다 연구 자율성과 실제 인프라를 중시하고 당시 AI 바이오 융합은 낯선 발상이다.,독감 변이를 데이터로 먼저 감지했다는 실증과 한국 바이오 발전 약속에 김정우가 합류한다.,타미플루 권리·세계급 연구자·제약 생산사가 하나의 감염병 대응 축으로 결합된다.,인재·기술·생존,미국 자동차 연합의 힘을 사람·AI·제약사가 연합하는 바이오 모델로 반복한다.,태미플루 생산권을 받은 서정준과 연구자 김정우가 처음 마주해 한국 감염병 대응팀의 실행 속도가 시험대에 오른다.,신종 독감 대응 기반,AI 바이오 상용화·차기 팬데믹,DCA-N28,0.95
297,297화,로켓 (1),52475,52622,GM 계약을 마친 김민재는 귀국 전 아마존을 방문한다.,미국에서 배운 물류 혁신을 한국 전기차 생태계의 수요로 바꾼다.,한국형 아마존과 당일·익일배송망을 세운다.,제프 베이조스에게 한국 전자상거래 법인·자동화 인력·20억 달러 투자를 요청하고 자체 전기배송을 제안한다.,국내 유통은 대기업 독점이고 소셜커머스는 장기간 적자다.,아마존은 한국 실험을 미국에 역수입할 수 있어 사람과 자금을 지원한다.,태우는 전기차·배터리·물류를 묶는 신규 유통축을 얻는다.,사업·기술,손실 산업을 다른 계열사의 시장으로 쓰는 생태계 독식이 구체화된다.,미국 장기 출장을 끝내고 귀국한다.,미국 출장,한국형 아마존·당일배송,DCA-N28B,0.95
298,298화,로켓 (2),52623,52803,귀국한 김민재는 공항 인파를 뚫고 김태중과 재회한다.,GM 역인수의 가족 보상을 지급한 뒤 그룹 전 계열사의 다음 성장판을 연다.,반도체·상사·유통·전기차를 위기 이후 성장 모드로 전환한다.,김태중에게 GM 인수를 함께 기뻐하고 기획실 보고에서 파운드리 1위 가능성·상사 사기 저하를 확인한 뒤 유통 치킨게임을 승인한다.,태우상사는 이미 적자이고 신사업까지 최소 5년 무법인세가 예상된다.,태우자동차가 세계 1위가 될 수 있다는 말에 조손이 전생의 상처를 함께 씻는다.,김태중의 생존·가족 약속이 기업 복수의 가시적 결실과 결합된다.,가족·사업·복수,숫자 보고보다 조손의 눈물과 농담이 GM 결산을 인간 보상으로 만든다.,애플과 만든 전기차 시제품 보고가 시작된다.,GM 가족 보상,애플카·유통 치킨게임,DCA-N28B,0.95
299,299화,로켓 (3),52804,52960,애플카 시제품과 급속충전 기술이 양산 직전 단계다.,애플 팬덤·정부 충전망·문화콘텐츠를 묶어 낯선 전기차와 OTT를 주류로 만든다.,충전 인프라 지원을 확보하고 백선 시상식의 OTT 배척을 깨뜨린다.,태우·TDK 급속충전기와 보조금 계획을 점검하고 정치권 청문회 요구를 정면 수용한 뒤 봉 감독의 아카데미 수상을 지켜본다.,양산은 연말 이후이고 국책사업 독점 공격과 국내 영화계의 OTT 거부가 남아 있다.,봉 감독의 외국어영화상 수상이 회귀 전보다 10년 앞당겨져 OTT의 작품성을 증명한다.,태우의 전기차·OTT 모두 소비자 인식 전환을 받을 명분을 얻는다.,기술·문화·지위,산업 보고와 시상식 생중계를 붙여 제품 혁신과 문화 혁신을 같은 패턴으로 읽게 한다.,김민재가 봉호준의 수상 직후 맥주를 내려놓고 조간신문과 아침 뉴스의 반응을 확인하려 한다.,봉 감독 수상,전기차 보조금·OTT 제도권 편입,DCA-N28B,0.95
300,300,로켓 (4),52961,53125,아카데미 수상으로 태우엔터 주가와 그룹 이미지가 급등한다.,문화 명성을 실물 시설과 글로벌 게임대회라는 지속 플랫폼으로 전환한다.,OTT 배척을 끝내고 리그 오브 챔피언스 e스포츠 판을 만든다.,아이맥스 시설 600억 원 지원과 신사옥 홍보를 결정하고 천민정에게 이용자 스킨 판매로 상금을 조성하는 세계대회를 제안한다.,문화 투자는 직접 수익이 약하고 게임 매출만으로 100억 원 상금을 내기 어렵다.,태우 지원과 크라우드형 스킨 판매를 합쳐 우승상금 약 200억 원 대회를 설계한다.,태우엔터의 수상 효과가 극장·OTT·게임을 아우르는 문화 영향력으로 확장된다.,문화·사업,600억 시설과 200억 상금처럼 보상을 숫자로 보여 주되 천민정의 열정으로 정서 온도를 높인다.,천민정은 대회 전용 스킨 판매와 태우 지원을 합친 세계대회를 라스베이거스에서 열겠다고 들뜬다.,OTT 배척 약화,글로벌 e스포츠 대회·대회 전용 스킨 판매,DCA-N28B,0.95
301,301,로켓 (5),53126,53287,천민정의 바둑 AI 승률은 96%이고 여러 프로젝트가 공개 직전이다.,완벽주의를 경계하며 AI·로켓·신종플루 세 미래산업의 타이밍을 동시에 잡는다.,AI 공개와 스페이스X 성공을 앞당기고 타미플루를 최대 생산한다.,"용산 공개전을 앞둔 바둑 AI의 승률을 점검한 뒤 리그 오브 챔피언스 스킨이 하루 약 10억 원어치 팔린 실적, 스페이스X 네 번째 발사 성공, 타미플루 대량생산 성공과 일본 주문을 차례로 확인한다. 월 200만 명분 생산을 전 공장·2교대로 늘리라고 지시하지만 월 1천만 명분은 아직 생산능력 전망이다.",신종플루는 아직 팬데믹 선언 전이고 기존 약품 계약을 깨면 위약금이 든다.,타미플루 대량생산 성공 직후 일본 주문까지 도착해 준비해 둔 감염병 자산이 실제 매출선으로 바뀐다.,"리그 오브 챔피언스 스킨 하루 약 10억 원 판매, 스페이스X 네 번째 발사 성공, 타미플루 대량생산 성공과 일본 주문이 지급된다. 전 공장 월 1천만 명분 생산은 지시·전망 단계다.",기술·사업·생존,"게임·우주·바이오 투자는 각각 실제 판매, 발사 성공, 대량생산·첫 해외주문이라는 관찰 가능한 영수증을 얻는다.",세계보건기구의 팬데믹 선언이 타미플루 수요를 얼마나 키울지 기다린다.,리그 오브 챔피언스 스킨 첫날 판매; 스페이스X 네 번째 발사 성공; 타미플루 대량생산 성공·일본 주문,바둑 AI 공개전; 타미플루 전 공장·2교대 증산; WHO 팬데믹 선언과 세계 주문,DCA-N28B,0.95
302,302화,발악하다 (1),53288,53462,AIZ와 GM 인수 뒤 조직 정리로 김민재가 과로하고 정치권은 태우건설 국책사업을 공격한다.,약점 찾기식 청문회를 공개 역공과 이미지 상승 기회로 바꾼다.,9호선 과잉공사·독점 의혹을 증거로 반박한다.,GM 인사 자료를 직접 검토하다 델핀에게 청문회 전략을 자문하고 휠체어 대신 오픈카로 출석해 패널 자료를 제시한다.,국민 필수시설 요금은 선택권이 없어 사회적 책임 공격이 먹히기 쉽다.,김민재는 정부가 승인한 더 큰 공사와 자비 부담을 공개하며 정치 간섭 여부를 되묻는다.,수세적 재벌 총수 이미지가 자료와 유머로 싸우는 공개 인물로 바뀐다.,정치·지위,과로 장면 뒤 화려한 출석을 배치해 방어전의 스타성을 높인다.,김 의원이 고요금·독점 논리로 다시 압박한다.,청문회 출석 회피,9호선 혼잡도 진실게임,DCA-N29,0.95
303,303,발악하다 (2),53463,53621,김 의원은 국책시설 요금과 사회적 책임으로 태우를 몰아붙인다.,정치인의 말뿐인 책임을 의원직 내기로 되돌리고 실제 혼잡도로 판결받는다.,9호선 수요 예측이 옳음을 입증하고 공개 사과를 받아낸다.,혼잡도 120%를 넘으면 김 의원이 사퇴한다는 약속을 생방송으로 받아내고 개통 뒤 실제 자료를 공개한다.,상대 측은 인원을 투입해 수치를 조작할 수도 있고 약속 뒤에도 사퇴를 거부한다.,예측보다 높은 혼잡도가 나타나 과잉공사 프레임이 무너지고 여당·청와대 지지율까지 흔들린다.,태우는 국민을 위해 선제 투자한 기업으로 재평가되고 정치권이 화해를 청한다.,정치·평판,청문회 선언을 실제 개통 데이터로 짧게 회수해 공개 복수의 쾌감을 준다.,대통령실장이 여당 대표·의원과 비밀 사과 자리를 주선한다.,9호선 과잉공사 논란,사퇴 약속·청와대 거래,DCA-N29,0.95
304,304,발악하다 (3),53622,53793,여당 지도부와 공격 의원들이 강대위 식당에 모여 사과한다.,정치적 면죄부를 타미플루 공급과 전기차 정책이라는 합법적 교환으로 비싸게 판다.,정부의 충전소·보조금 지원과 우호적 산업정책을 얻는다.,국내 물량 20%를 원가 공급하는 대신 전기차 충전소·보조금과 태우 지원을 협상하고 김 의원의 재차 사과를 받는다.,팬데믹 전 약을 내주면 해외 고가 판매 기회를 잃고 노골적 편애 요구는 범죄 위험이 있다.,정부는 1천만 회분을 확보하고 태우는 정책 지원·신뢰·수익을 동시에 얻는다.,청문회 적대가 국가 방역 동맹과 전기차 보급 가속으로 전환된다.,정치·사업·생존,사과 자체보다 치료제 물량과 정책이라는 실물 대가로 정치 복수를 결산한다.,WHO가 신종플루를 팬데믹으로 지정한다.,청문회 정치공세,팬데믹 가격 상승·국제 주문,DCA-N29,0.95
305,305,발악하다 (4),53794,53959,팬데믹 선언 후 각국이 타미플루를 구하지만 센트리언 생산능력은 한계다.,미리 확보한 권리의 가치를 공장 인수로 확장해 짧은 수요 창을 독식한다.,GMP 공장을 가진 사천리제약을 최대한 빨리 인수한다.,사천리그룹의 LNG 발전소 욕심을 미끼로 두 회장 중 이장덕에게 제약 매각 의사를 받아낸다.,생산 공장은 즉시 늘릴 수 없고 인수 목적이 드러나면 가격이 폭등한다.,500억 원 현금 매각과 발전사업 참여 가능성에 이 회장이 유 회장 설득까지 맡는다.,태우는 치료제 권리에서 생산설비까지 수직계열화할 길을 연다.,돈·사업·생존,세계 공포를 공장 케파라는 구체적 병목으로 좁혀 인수전 긴장을 만든다.,공동회장 유 회장이 LNG 조건을 더 세게 협상한다.,타미플루 초기 생산,사천리제약 인수·LNG 동맹,DCA-N29,0.95
306,306,발악하다 (5),53960,54117,사천리 공동회장들은 LNG 사업을 원하지만 유 회장은 지분과 위험을 꼼꼼히 따진다.,겉으로는 상생하는 LNG 계약으로 제약 공장을 원가에 확보한다.,규제 해결을 맡기고 사천리제약을 500억 원에 즉시 넘겨받는다.,태우 75%·사천리 25% LNG 구조와 현지 인맥을 제시하고 규제 해결을 대가로 제약 매각을 확정한다.,재계 50위 그룹에는 투자금이 크고 매각이 늦으면 팬데믹 수요 창이 닫힌다.,이틀 만에 공장을 넘겨받아 2천만 회 생산이 가능해지고 정부도 추가 물량을 원한다.,태우의 방역 수익 기반이 두 배가 되고 미국 정부까지 직접 구매 협상에 나선다.,사업·정치·돈,미끼 거래의 세부 지분을 설명한 뒤 즉시 공장 케파 증가로 보상한다.,미국 대사가 찾아오자 김민재는 무엇을 더 받아낼지 궁리한다.,사천리제약 인수,미국 방역 협상·추가 생산,DCA-N29,0.95
307,307,재조합 (1),54118,54288,신임 미국 대사 캐서린이 타미플루 대량 공급을 요청한다.,치료제 폭리를 전기차 보조금·충전망이라는 장기 시장으로 재조합한다.,미국의 전기차 구매 장벽과 공공시설 설치 규제를 낮춘다.,현금 대신 1·2차 구매보조금과 주요 도시 충전소 허가·협조를 요구하고 센트리언 보안 현장을 점검한다.,미국 세금으로 외국 기업 차량을 돕는 반발과 제약 자료 보안 구멍이 있다.,미국이 조건을 수용하고 천민정이 보안 점검 중 AI 제약 접목 가능성을 먼저 발견한다.,팬데믹 수익이 전기차 정책 자산으로 바뀌고 AI 바이오가 자생 프로젝트가 된다.,정치·기술·사업,국가 협상과 공장 현장을 한 회차에 묶어 가치 재조합의 연쇄를 보인다.,천민정은 김민재가 지시하기 전부터 인공지능과 제약 연구의 결합 가능성을 알아보고 움직이기 시작한다.,미국 타미플루 공급,AI·제약 결합의 구체 개발과제; 미국 충전망 협상,DCA-N29,0.95
308,308,재조합 (2),54289,54453,천민정은 바이러스 데이터를 AI로 해석해 일주일 내 후보를 찾겠다고 한다.,보안 인력을 연구팀으로 바꾸고 정치 인맥을 전기차 시범도시로 바꾼다.,IIT·센트리언 공동팀과 경기도 전기차 친화도시를 출범시킨다.,암호학자·교수진을 불러 김장우와 협업시키고 최재석 도지사에게 충전소를 넘어 도시 전체의 정책 실험을 요청한다.,상업성·정확성이 검증되지 않았고 최 도지사는 대선보다 재선에 집중하려 한다.,"AI 바이오팀이 꾸려지고 최남호는 경기도 충전기 확대 지원을 약속하지만, 김민재가 제시한 경기도 전체 전기차 시범도시안은 답을 기다린다.",AI 바이오 전담팀과 경기도 충전기 확대 지원 약속을 얻는다. 경기도 전체 시범도시 지정은 아직 수락 전이다.,기술·정치·관계,"신약 연구는 AI 바이오팀이라는 실행 조직을 얻고, 전기차 정책은 충전기 지원 약속에서 경기도 전체 시범도시 제안으로 확대된다.",최남호가 경기도 전체를 전기차 시범도시로 만들자는 김민재의 제안을 받아들일 것인가?,AI 바이오팀 구성; 경기도 충전기 확대 지원 약속,경기도 전기차 시범도시 수락·실행; AI 신약개발,DCA-N29,0.95
309,309,재조합 (3),54454,54614,경기도 협약 뒤에도 전국 충전망과 9호선 요금 통합 문제가 남는다.,스타박스·택시·지하철 자산을 서울의 정책 협조로 재조합한다.,서울시 충전 인프라와 9호선 요금·8량 전환을 교환한다.,모든 스타박스 매장에 충전기 설치를 지시하고 코코아택시 자금을 동원한 뒤 오정훈 시장에게 발표 공로를 양보한다.,서울시장은 재선을 원하고 태우는 요금 인하 수익 감소를 감수해야 한다.,서울시가 충전망 투자에 나서고 시장은 9호선 개선을 자기 성과로 발표할 수 있게 된다.,경기·서울 양대 생활권이 전기차 초기시장으로 묶인다.,정치·사업·평판,과거 청문회 쟁점을 재선 거래로 회수해 갈등을 자산으로 바꾼다.,5년 전기차 인프라 약속을 실제 충전기 설치와 재선 이후 지속사업으로 만들 수 있는가?,9호선 요금 갈등,서울 전기차 인프라,DCA-N29,0.95
310,310,재조합 (4),54615,54774,태우정유 주유소와 공공 휴게소까지 충전망 계획이 확대된다.,석유 자본을 전기차 전환의 최대 동맹으로 끌어들인다.,아람코 자금으로 한국·미국·사우디 충전소를 깐다.,민간 휴게소 입찰을 준비하고 할 핀니 보안 프로젝트를 지원한 뒤 사우디에서 압둘아지즈·빈 살만에게 공동투자를 제안한다.,세계 인프라에는 수십조 원이 들고 사우디는 석유 수요 감소를 우려할 수 있다.,김민재가 사내유보금 전부를 넣겠다고 하자 압둘아지즈가 더 큰 지원을 예고한다.,태우의 전기차 전환이 단일기업 투자가 아니라 산유국과의 공동 프로젝트로 격상된다.,돈·관계·기술,국내 설치 세부에서 왕가 협상으로 스케일을 단계적으로 키운다.,석유 부자가 제시할 실제 투자 규모가 남는다.,국내 충전거점 확보,아람코·리야드 전기차 도시,DCA-N29,0.95
311,311,재조합 (5),54775,54938,압둘아지즈가 아람코의 구체적 충전망 지원액을 밝힌다.,산유국·바이오·유통의 손실 자산을 미래시장 선점으로 한꺼번에 바꾼다.,리야드 시범도시·변이 치료제·로켓 멤버십·애플카 양산을 점화한다.,"아람코의 한국 비용 절반과 미국 주유소 설치를 받고 빈 살만과 리야드 계획을 세우며 저수요 타미플루-M도 생산시키고 로켓 8,900원 멤버십을 설계한다.",변이 치료제는 환자가 적어 손해이고 유통은 재고·무료혜택 때문에 적자가 누적된다.,손해 생산은 기술 신뢰를 만들고 멤버십은 그룹 서비스 전체를 묶으며 애플카 완성이 보고된다.,전기차·바이오·유통이 각각 보조금·신뢰·잠금효과라는 장기 자산을 얻는다.,사업·기술·관계,여러 준비선을 병렬로 마감하고 완성된 애플카를 다음 대형 공개의 훅으로 둔다.,전기차 구매층을 겨냥한 애플 발표회가 열린다.,사우디 충전망 합의,로켓 런칭·애플카 공개,DCA-N29,0.95
312,312,패러다임 (1),54939,55096,로켓이 광고 물량공세와 당일배송·멤버십으로 출시된다.,첫날 폭증한 유입을 명품·식품까지 있는 생활 유통 독점으로 고정한다.,경쟁 유통사가 대응하기 전에 브랜드와 품목을 최대 확장한다.,가입자 130만 명·멤버십 30%를 확인하고 델핀을 통해 아노르 가문 중저가 명품의 VIP 온라인 입점을 성사시킨다.,혜택 비용과 블랙컨슈머가 늘고 대형마트·백화점이 견제할 수 있다.,명품·밀키트·신선식품 입점이 붙으며 집 안에서 모든 쇼핑이 가능한 구성이 완성된다.,태우상사의 적자 사업이 시장 규칙을 바꾸는 플랫폼으로 올라선다.,사업·지위,숫자 보상 뒤 곧바로 유지율·품질·견제 문제를 붙여 흥행을 과정으로 만든다.,첫 견제 기업을 본보기로 삼겠다는 선언이 나온다.,로켓 개발·런칭,유통 치킨게임·명품관,DCA-N29,0.95
313,313,패러다임 (2),55097,55276,당일·새벽배송이 입소문을 타자 샤롯·뉴월드가 공동 대응을 검토한다.,3조 원 적자를 오히려 진입을 막는 공포 신호로 사용한다.,대형마트 두 강자의 치킨게임 참가를 사전에 철회시킨다.,정보부로 적자 규모를 은밀히 흘리고 진호균 등 회장들에게 돈·동맹을 총동원하겠다고 직접 경고한다.,기존 유통사는 매장을 창고로 쓸 수 있어 물류 원가가 유리하다.,1·2위 그룹이 로켓의 자금전 규모를 보고 물러나 견제자가 사라진다.,로켓은 신규 이커머스 경쟁을 넘어 오프라인 재벌까지 억제하는 선도자로 선다.,돈·지위·사업,약점인 적자를 무기로 뒤집는 협상 반전이 중심이다.,다음 날 잡힌 장경준과의 면담에서 전기차 협약 불개입 경고를 어떻게 관철할 것인가?,대형 유통사 견제,장경준 면담; 전기차 협약 불개입 합의,DCA-N29,0.95
314,314,패러다임 (3),55277,55435,현재자동차는 하이브리드에 집중하며 태우 전기차를 시기상조로 본다.,경쟁자의 회의론을 돈 없는 무상 동맹으로 만들어 방해 가능성을 없앤다.,현재가 충전망을 지지하고 하이브리드 판매에 집중하도록 묶는다.,태우 돈으로 인프라를 깔고 현재도 이용하게 하는 구두합의를 만들고 로켓 품목·배송 인력을 과잉 확충한다.,계약서 없는 약속이고 현재는 태우 실패를 바라며 협조한다.,울산 정치권까지 충전망에 찬성하고 로켓은 해외 판매자까지 끌어들인다.,전기차 반대 연합이 약화되고 김민재 부재에도 그룹을 맡을 인재 체계가 선다.,관계·사업,경쟁자의 오판을 유지시키며 공개 충돌 없이 판을 넓힌다.,김민재가 애플카 공개를 위해 미국으로 떠난다.,국내 자동차 견제,애플카 세계 공개,DCA-N29,0.95
315,315,패러다임 (4),55436,55615,스티브는 건강이 나빠져도 개발자회의 리허설을 강행한다.,태우 기술을 애플의 무대 연출력으로 증명해 전기차를 혁신 상품으로 각인한다.,애플카의 환경·안전 기능을 세계에 성공적으로 공개한다.,김민재가 단상에 올라 애플카를 소개하고 스티브가 주행하며 충돌방지 시연을 한다.,두 달 연기된 행사 기대치와 기존 애플 제품 발표의 미지근한 반응이 부담이다.,스턴트맨 앞에서 차가 스스로 멈추자 관중이 폭발한다.,태우가 가전회사가 아니라 자동차 소프트웨어·안전기술 기업으로 재인식된다.,기술·평판,스티브의 쇠약함을 깔아 행사 성공에 관계 감정과 시간 압박을 더한다.,원격주차·아이폰 연동이라는 더 큰 시연이 남는다.,애플카 비밀 개발,원격주차·시장 반응,DCA-N29,0.95
316,316,패러다임 (5),55616,55812,충돌방지 시연 뒤 애플카의 자동·원격주차와 아이폰 연동이 공개된다.,발표 열기를 실제 보조금·주가·생산계획으로 즉시 환전한다.,미국 지원액을 늘리고 GM 유휴공장까지 전기차 라인으로 바꾼다.,"아이폰과 연결된 애플카의 원격주차·호출을 공개 시연해 검색어 1위와 조회수 800만 회를 얻고, 태우차·카이차 주가가 8퍼센트 이상 오른 것을 확인한다. 보조금 지급방침은 정해졌지만 액수는 남고, GM 공장 전기차 전환은 지시 단계다.",외국기업 지원 프레임과 최대가동 중인 기존 공장의 생산 한계가 있다.,실차 시연이 성공하며 애플카가 영상 속 구상에서 대중이 확인한 제품으로 바뀌고 자동차주가 즉시 반응한다.,"애플카 원격주차·아이폰 호출 공개시연, 검색어 1위·영상 800만 조회, 태우차·카이차 주가 8퍼센트 이상 상승과 미국 정부의 긍정 검토가 지급된다. 보조금 액수와 GM 공장 전환은 미지급이다.",기술·돈·정치,애플카는 대중 앞 실주행 제품이 되고 태우·카이 자동차주는 공개효과를 가격으로 확인한다.,네 시간만 잔 스티브가 휴식 대신 이틀짜리 아이디어 회의를 시작한다.,애플카 원격주차·호출 공개시연; 검색어 1위·800만 조회; 태우차·카이차 주가 상승,전기차 보조금 액수; GM 공장 전환·양산; 스티브의 이틀 아이디어 회의,DCA-N29,0.95
317,317,기다림 끝에 (1),55813,55972,스티브와 이틀 회의 뒤 미국·유럽 보조금이 구체화되고 중국 진출만 남는다.,애플카의 세계 시장을 열면서 비트코인이라는 장기 자산의 신뢰 기반을 준비한다.,중국 생산·보조금과 비트코인 제도권 신뢰를 확보한다.,"미국 7,500달러·유럽 6천 유로 계획을 확인하고 중국 기업형 보조금·현지 공장을 검토한 뒤 다이먼에게 비트코인 3만 달러 미래를 설명한다.",중국 구매력은 낮고 비트코인은 현재 2~3달러라 거품 취급을 받는다.,주요 시장 모두가 전기차 지원에 움직이고 GM 주가도 2달러를 돌파한다.,전기차 세계판이 열리고 금융위기 때 만든 암호자산이 다음 전쟁 자금 후보가 된다.,정치·돈·기술,보조금 성과에서 장기 투기자산의 신뢰 문제로 자연스럽게 전환한다.,비트코인의 신뢰도를 누가 어떻게 보증할지가 남는다.,글로벌 보조금 교섭,비트코인 제도권화,DCA-N30,0.95
318,318,기다림 끝에 (2),55973,56130,다이먼은 무신뢰 화폐와 기업 보증이 모순된다고 본다.,GM·은행 같은 제도권 자산과 사우디 국부펀드를 암호자산의 방패로 묶는다.,비트코인을 하이에나 공격에도 버틸 신뢰 상품으로 만든다.,GM 보유·결제 가능성을 논의하고 빈 살만이 제안한 수백조 원 국부펀드 협업을 일부러 미온적으로 받아 협상가치를 높인다.,소액주주 반발과 해킹·가격조작 위험이 있고 국부펀드는 아직 현재 규모가 작다.,미래 왕세자 빈 살만이 운용을 태우증권에 맡길 가능성이 열린다.,태우의 투자 전쟁에 국가급 우군과 암호자산 인프라가 결합할 준비가 된다.,돈·관계·기술,개념 대화가 길지만 곧 테슬라·국부펀드라는 실전 대상으로 수렴한다.,빈 살만이 사우디 국부펀드 운용과 장기 공동투자에서 어떤 제안을 내놓을 것인가?,비트코인 신뢰 설계,사우디 국부펀드 공동투자; 빈 살만 장기동맹,DCA-N30,0.95
319,319화,기다림 끝에 (3),56131,56286,머스크의 로켓 5차 성공 뒤 테슬라는 애플카와 직접 경쟁하게 된다.,경쟁사를 러닝메이트로 키우고 애플카 10만 대 재고를 세계 선주문으로 소진한다.,테슬라 차종·중국공장을 지원하고 애플카 예약 수요를 검증한다.,머스크에게 차종 분할과 경기도 공장·중국 판매를 제안하고 전 세계 애플 매장 전시와 온라인 예약을 동시에 연다.,10만 대 선생산은 실패하면 재고 재앙이고 사이트는 접속 폭주로 다운된다.,공격이 아닌 순수 수요가 서버를 터뜨리며 성공 신호가 확인된다.,태우는 경쟁과 협업으로 전기차 시장 자체를 키우는 지배자로 선다.,사업·기술·관계,로켓 성공을 예약 사이트의 서버 폭발 이미지로 반복한다.,하루 예약대수 공개를 앞두고 기대를 끌어올린다.,테슬라 러닝메이트,애플카 선주문 규모,DCA-N30,0.95
320,320화,기다림 끝에 (4),56287,56457,애플카가 하루 한국 1만·세계 10만 예약을 기록한다.,소비 열기를 테슬라 상장·배터리·반도체의 동반 폭등으로 확장한다.,테슬라 IPO를 앞당기고 전기차 부품 공급능력을 선점한다.,머스크의 상장 결정을 수용하고 배터리 기술격차·차량용 반도체 생산 확대와 조직 승진을 준비한다.,상장은 머스크 지분 희석과 공매도 노출을 만들고 그룹 자금에도 한계가 있다.,테슬라가 상장 직후 급등하고 태우 배터리 적자·반도체 수요가 동시에 개선된다.,전기차 광기가 차량 한 종이 아니라 태우 생태계 전체의 가치 상승으로 번진다.,돈·기술·지위,예약 숫자에서 부품 매출과 주가로 보상을 단계적으로 확장한다.,테슬라 첫날 종가와 김민재의 추가 지분 확보가 남는다.,애플카 수요 검증,테슬라 IPO·부품 증설,DCA-N30,0.95
321,321,기다림 끝에 (5),56458,56631,테슬라가 첫날 40% 오른 24달러에 마감하고 핀테크가 머스크 매물을 사들인다.,상장 보상을 곧 닥칠 빅쇼트 방어전과 사우디 자본 동맹으로 전환한다.,월가 공매도 세력에 맞설 국가급 자금을 확보한다.,페이퍼컴퍼니로 지분을 더 산 뒤 공매도 정보를 받고 일부러 치열한 공방을 연출하려 하며 파이드 왕자를 맞는다.,태우·핀테크 전 자금을 쓰면 기존 사업을 철수해야 하고 월가 하이에나가 몰려든다.,사우디 국부펀드 관계자들이 예상보다 빨리 본사에 도착한다.,테슬라 상장 성공이 금융전의 표적이 되고 빈 살만 인맥이 실전 우군 시험대에 오른다.,돈·관계·사업,40% 급등의 쾌감 직후 자금 부족과 공매도 위협을 붙여 다음 아크를 연다.,파이드 왕자를 어떻게 구워삶을지 협상이 시작된다.,테슬라 IPO,테슬라 공매도 방어·국부펀드 계약,DCA-N30,0.95
322,322,버티면 이기는 싸움 (1),56632,56797,사우디 국부펀드가 태우와 협업하러 온다.,국가급 자금으로 테슬라를 지키며 전기차를 무료 홍보한다.,파이드에게 손실 보증을 주고 장기 공매도전을 연다.,3년 뒤 주가가 낮으면 현재가로 전량 매수하겠다고 보증해 펀드를 참전시킨다.,카노스 연합이 동시다발 물량을 던진다.,사우디가 매물을 받아 내며 경제뉴스 1면을 전기차가 점령한다.,국부펀드 참전으로 금융전 규모가 커진다.,돈·관계,국부펀드 참전으로 금융전 규모가 커진다.,공매도 총력전이 시작된다.,사우디 자금 확보,테슬라 공방,DCA-N30,0.95
323,323,버티면 이기는 싸움 (2),56798,56981,카노스 진영은 사우디 참전을 예상하지 못한다.,버티는 동안 애플카 흥행과 보안 위기를 함께 넘긴다.,공매도전의 시간을 전기차 수요 증명으로 바꾼다.,할 핀니가 해킹을 막는 사이 전 세계 매장 앞 대기줄과 예약권 되팔이를 확인한다.,월가는 장기 적자를 근거로 버티고 해커들이 고객정보를 노린다.,출시 전부터 100명 이상 줄이 서며 수요가 과열된다.,테슬라 방어 논리가 애플카 실물 인기로 보강된다.,기술·돈,테슬라 방어 논리가 애플카 실물 인기로 보강된다.,이틀 뒤 세계 동시 출시가 열린다.,출시 준비,첫날 판매량,DCA-N30,0.95
324,324화,버티면 이기는 싸움 (3),56982,57144,애플카가 아시아부터 세계 동시 판매된다.,실물 판매로 공매도의 적자 논리를 꺾는다.,판매 모멘텀과 투자 동맹을 확대한다.,국가별 판매량을 확인하고 퀀텀펀드 조지에게 테슬라 매수·인터뷰를 맡긴다.,일본 판매가 약하고 초기 팬 수요가 꺼질 수 있다.,중국 중심 판매가 강하고 사우디에 퀀텀펀드까지 합류한다.,전기차 진영이 금융·소비 양쪽에서 우세해진다.,사업·돈,전기차 진영이 금융·소비 양쪽에서 우세해진다.,조지가 언론전까지 준비한다.,애플카 출시,퀀텀펀드 참전,DCA-N30,0.95
325,325화,버티면 이기는 싸움 (4),57145,57322,애플카는 일주일 만에 10만 대를 판다.,공매도 동맹을 내부 배신으로 무너뜨린다.,카노스 주변 펀드의 항복을 받아낸다.,사우디가 싼 테슬라 주식을 주는 조건으로 이탈 세력을 회유하고 강 대위에게 승부조작 수사도 맡긴다.,카노스의 불법 대응 가능성과 e스포츠 승부조작이 겹친다.,헤지펀드들이 다음 날 공개 철회를 약속한다.,전기차 전쟁은 승리 직전이고 낡은 스타크 리그는 퇴장한다.,돈·문화,전기차 전쟁은 승리 직전이고 낡은 스타크 리그는 퇴장한다.,배신당한 카노스의 대응이 남는다.,애플카 10만 대,공매도 항복,DCA-N30,0.95
326,326화,버티면 이기는 싸움 (5),57323,57487,공매도 세력이 사우디 앞에 무조건 항복한다.,테슬라 주가를 정상 성장 궤도로 올리고 패자의 원한을 남긴다.,방어전 수익·지분·홍보를 확정한다.,"테슬라 공매도 세력의 공개 항복과 주가 신고가, 태우차·카이차 30만 원대를 확인한다. 이어 게임팀에서 승부조작 가담자가 최소 3명, 연루자가 5명 이상이라는 경기영상·자료를 받고 전수조사와 검찰 이첩을 지시한다.",카노스는 태우 전체를 거품으로 규정한다.,전기차 공매도전이 끝난 직후 천민정이 수상한 경기영상을 내놓아 승리의 장면이 게임 승부조작 수사로 급전환된다.,"테슬라 공매도 세력의 공개 항복, 테슬라 신고가와 태우차·카이차 30만 원대, 승부조작 의심경기·최소 가담규모 확인이 지급된다. 전체 가담자 확정과 처벌은 남는다.",돈·평판,"전기차 동맹은 공매도전을 이기고, 게임팀은 내부 의혹을 영상과 인원규모로 특정해 정식 조사 단계로 들어간다.",카노스가 태우그룹 전체의 폭락을 기다리며 장기 공매도 복수를 노린다.,테슬라 공매도 세력 항복; 전기차주 상승; 게임 승부조작 의심경기·최소 인원 확인,게임팀 전수조사·검찰 이첩; 카노스의 태우그룹 공매도,DCA-N30,0.95
327,327화,곳간 채우기 (1),57488,57633,후쿠다 소장이 적자 계열사 누적 위험을 경고한다.,다음 위기 전에 현금 방벽을 만든다.,일본 대지진과 유럽 재정위기를 이중 수익원으로 삼는다.,비상회의에서 일본 제조업 KIKO·공매도와 남유럽 위기 투자를 승인한다.,두 프로젝트가 함께 실패하면 재정이 더 악화된다.,성공 시 다시는 자금 악화를 걱정하지 않을 규모라는 계산이 선다.,"일본 KIKO·공매도와 남유럽 디폴트 포지션, 퀀텀·사우디 자금의 참여 방향을 비상회의에서 승인한다. 실제 수익은 아직 전이다.",돈·생존,태우가 공격적 확장기에서 대형 위기에 대비한 현금 축적기로 전환한다.,일본에 유리해 보이는 상품을 팔아야 한다.,테슬라 방어,일본·유럽 곳간 프로젝트,DCA-N31,0.95
328,328,곳간 채우기 (2),57634,57794,2010년 새해에 곳간 프로젝트와 지방선거 준비가 병행된다.,금융 수익과 정치 방어막을 동시에 축적한다.,일본 상품을 깔고 유럽 공격 동맹을 짠다.,국민경제당 온라인 홍보를 지시하고 조지와 그리스 디폴트·유로 하락 작전을 설계한다.,판돈과 1년 사전작업이 필요하다.,조지가 유럽의 악마가 될 계획을 즉석에서 완성한다.,일본·유럽·정치 세 축이 준비 단계에 들어간다.,돈·정치,일본·유럽·정치 세 축이 준비 단계에 들어간다.,한정훈이 미국에서 세부작전을 만든다.,프로젝트 기획,유럽 재정위기 포지션,DCA-N31,0.95
329,329화,곳간 채우기 (3),57795,57962,한정훈이 유럽 계획을 세우러 떠나고 천민정은 승부조작에 상심한다.,인프라를 선거 여론전과 게임문화 기반으로 재활용한다.,무료 PC방망과 국민경제당 지방권력을 강화한다.,캡틴 PC방을 전국에 적자 확장하고 최재석에게 광역단체 다수 승리를 약속한다.,무료 운영 적자와 정치개입 흔적을 숨겨야 한다.,최재석은 국가발전 정책만 협력하겠다는 신뢰를 재확인한다.,PC방이 게임 복구와 선거 작전의 이중 거점이 된다.,정치·관계,PC방이 게임 복구와 선거 작전의 이중 거점이 된다.,지방선거 승리로 신뢰를 갚아야 한다.,승부조작 후속,국민경제당 지방선거,DCA-N31,0.95
330,330,곳간 채우기 (4),57963,58138,한정훈이 유럽 설계를 마치고 800억 달러급 판돈을 준비한다.,펀드 마케팅과 해운 부실을 곳간 자산으로 바꾼다.,자금을 모으고 현진해운 알짜만 확보한다.,펀드 가입자를 늘리는 한편 추영희에게 바지사장을 맡겨 경영권 싸움을 버티게 한다.,대규모 차입과 현진해운 파산 위험이 있다.,가입자·코코아뱅크 고객이 급증하고 조영수 회장이 먼저 연락한다.,금융 전쟁의 판돈과 해운 인수 창이 열린다.,돈·사업,금융 전쟁의 판돈과 해운 인수 창이 열린다.,현진해운 문제를 상의하자는 조영수의 요청은 어떤 자산·구조조정 협상으로 이어질 것인가?,유럽 설계,조영수 면담; 현진해운 자산·구조조정 협상,DCA-N31,0.95
331,331,곳간 채우기 (5),58139,58329,조영수는 추영희 계약을 승계해 현진해운을 살리려 한다.,대마불사 믿음을 이용해 담보권을 유지한다.,기존 저가 계약을 바꾸지 않고 800억 달러를 조달한다.,지원 요구를 거절하고 핀테크 대출을 정상금리로 받으며 캡틴 PC방 IP 작전을 가동한다.,해운 파산과 레버리지 위험이 남는다.,계약 우위가 유지되고 전국의 PC방 IP를 선거 여론전에 쓸 준비가 끝난다.,곳간 프로젝트와 선거 프로젝트가 실행 단계로 넘어간다.,돈·정치,곳간 프로젝트와 선거 프로젝트가 실행 단계로 넘어간다.,국민경제당 공격적 여론전이 시작된다.,현진 계약 유지,지방선거·대규모 차입,DCA-N31,0.95
332,332,승리의 서막 (1),58330,58495,260개 캡틴 PC방이 지방선거 여론전을 수행한다.,온라인 영향력을 제3당 승리와 금융전 시드로 바꾼다.,광역단체 다수와 서울 진입 발판을 얻는다.,국민경제당이 8개 광역단체장을 얻자 무상급식 찬성·서울 보궐 전략을 제시하고 일본에 첫 100억 달러를 투입한다.,최재석은 대권 결단이 느리고 서울은 양당 우세다.,예상보다 많은 8곳 승리와 300억 달러 송금 일정이 확정된다.,정치 방어막과 일본 금융공격이 함께 출발한다.,정치·돈,정치 방어막과 일본 금융공격이 함께 출발한다.,노무라가 상품을 얼마나 살지가 남는다.,지방선거 승리,무상급식·일본 파생상품,DCA-N31,0.95
333,333,승리의 서막 (2),58496,58665,한정훈이 노무라에 일본 주가 20% 하락 보험을 판다.,상대가 이득이라 믿는 계약으로 대지진 수익을 선점한다.,금융사 계약과 국내 PF 저점자산을 늘린다.,"노무라 50억 달러를 포함해 여러 금융사·기업과 150억 달러를 넘는 보험계약이 이미 체결됐음을 확인한다. 남은 150억 달러는 일본 제조업 공매도 100억 달러와 엔화 공략 50억 달러로 배분하고, 건설·로켓의 현금소모를 점검한다.",태우상사·전기차·인수기업 적자가 커진다.,보험계약 체결액이 150억 달러를 넘은 가운데 남은 자금의 일본 제조업·엔화 배분은 실행 전 계획으로 분리된다.,노무라 50억 달러를 포함한 150억 달러 초과 보험계약 체결이 지급된다. 일본 제조업 공매도 100억 달러와 엔화 공략 50억 달러는 남은 자금의 계획이다.,돈·사업,"태우는 대지진·금융충격에 대비한 150억 달러 초과 계약자산을 확보하고, 로켓·건설의 적자를 견디며 2011년 수확을 기다릴 현금계획을 세운다.",건설·로켓의 큰 현금소모를 감수한 채 2011년의 대지진·금융 수확을 기다린다.,노무라 50억 달러 포함 150억 달러 초과 보험계약 체결; 태우전자·반도체·IT 기록적 판매 확인,일본 제조업 100억 달러 공매도; 엔화 50억 달러 공략; 대지진·건설 PF·로켓 수확,DCA-N31,0.95
334,334,승리의 서막 (3),58666,58839,2011년 3월 일본에 첫 지진이 난다.,더 큰 참사 전에 교민을 구하고 도덕적 면죄부를 얻는다.,일본 교민 대피수단을 마련하고 최재석의 지도력을 세운다.,항공기·버스를 계약하고 최재석에게 긴급 기자회견과 교민협조 역할을 맡긴다.,과잉반응 비난과 일본 정부 마찰이 생긴다.,최재석이 직접 일본으로 가고 태우는 로켓 물류를 구호망으로 쓴다.,항공기·버스 계약과 현지 교민 협조선을 확보하고 최재석의 일본행·기자회견 역할을 정한다. 실제 대피는 아직 전이다.,생존·정치,정부가 움직이지 않는 동안 태우가 민간 대피수단을 준비하고 최재석이 현장 책임을 맡는 단계로 바뀐다.,김민재는 다음 날 자신의 기자회견에서 태풍 경고와 대피·비용 책임을 어디까지 공개할 것인가?,대지진 대비,김민재 기자회견; 교민 대피·비용 부담의 실제 발표와 실행,DCA-N31B,0.95
335,335,승리의 서막 (4),58840,59004,최재석의 대피 호소가 과잉반응 논란을 낳는다.,자기 이름과 AI 예측을 걸어 재난 경고의 책임을 진다.,일본 동북 교민 최소 1만2천 명의 대피를 지원할 운송·자료·구호물자선을 준비하고 비용 책임을 공개한다.,"최소 1만2천 명 교민의 대피지원·비용 전액 부담을 선언하고 운송수단, 미국 추가자료 요청, 구호물자 조달선을 준비한다.",예측이 틀리면 그룹 신뢰가 무너진다.,실제 대피가 끝나기 전 모든 전화가 울리고 동일본 대지진이 발생해 예측이 적중했다는 신호가 현실 재난으로 바뀐다.,"교민 대피 지원과 비용 전액 책임을 공개하고, 운송수단·미국 추가자료 요청·구호물자 조달선을 확보한다. 1만2천 명 실제 대피는 아직 미지급이다.",생존·평판,"김민재가 그룹 신뢰를 담보로 AI 재난예측과 민간 대피책임을 공식화하고, 동일본 대지진 발생으로 구조 실행단계에 들어간다.",동일본 대지진이 발생한다.,대피지원·비용책임 선언; 운송수단·미국 자료요청·구호물자 조달선 준비,교민 실제 대피·구조; 대지진 피해와 구호 실행,DCA-N31B,0.95
336,336,승리의 서막 (5),59005,59166,규모 9.1 지진·쓰나미·후쿠시마 사고가 발생한다.,생존 보상과 금융 수확을 동시에 실행한다.,일본 포지션을 청산하고 구호로 비난을 상쇄한다.,한정훈에게 공매도·상품 합의 뒤 엔화 상승 전환을 지시하고 최재석 미담·구호·성금을 확산한다.,참사를 이용한다는 비난과 일본 기업 피해가 따른다.,교민은 선대피했고 일본 금융사가 태우 조건을 받아들이려 달려든다.,가족 생존 약속이 국가 규모 생존 능력으로 확대된다.,생존·돈·평판,가족 생존 약속이 국가 규모 생존 능력으로 확대된다.,일본 정부의 침묵 여부가 협상 강도를 정한다.,대지진 예측,일본 금융수익·구호 평판,DCA-N31B,0.95
337,337,침묵하다 (1),59167,59333,일본 금융사가 보름 만에 태우 조건을 수용한다.,침묵을 이용해 700억 달러와 해운자산을 수확한다.,수익을 유럽전 시드로 옮기고 일본 선박을 저점 매수한다.,"일본 금융사들과의 계약해지·정산 협상을 15일 안에 마쳐 현금 300억 달러와 주식·부동산·특허를 합친 500억 달러 초과 자산을 회수한다. 일본 해운사 인수와 유럽전은 준비하고, 최재석의 차기 대선 지지율 15퍼센트 상승을 확인한다.",일본 정부·언론이 태우 구호를 보도하지 않는다.,일본 금융사 정산이 현금 300억 달러·총자산 500억 달러 초과라는 실제 수치로 닫히고 정치 장면은 무상급식 주민투표로 넘어간다.,"일본 금융사 정산 완료, 현금 300억 달러와 주식·부동산·특허를 합친 500억 달러 초과 회수, 최재석 지지율 15퍼센트 상승이 지급된다. 700억 달러와 일본 해운사 인수는 전망·계획이다.",돈·평판,대지진 금융포지션이 500억 달러가 넘는 실물·현금 자산으로 환산되고 최재석은 차기 대선주자 지위를 얻는다.,서울 무상급식 주민투표가 최재석 진영의 다음 정치시험으로 다가온다.,일본 금융사 정산; 현금 300억 달러·총 500억 달러 초과 회수; 최재석 지지율 상승,일본 해운사 인수; 유럽 금융전; 서울 무상급식 주민투표,DCA-N31B,0.95
338,338,침묵하다 (2),59334,59486,그리스와 서울에서 서로 다른 국민투표가 논의된다.,두 투표 결과를 읽고 먼저 움직인다.,유럽 포지션을 유지하고 서울시장 보궐을 유도한다.,그리스 투표 철회를 전제로 작전을 지속하고 국민경제당에는 서울 투표 불참 침묵을 지시한다.,그리스 탈퇴와 서울 투표율 33%가 변수다.,서울 투표소가 비며 시장 사퇴 가능성이 커진다.,국민경제당은 말하지 않고도 정국을 바꾸는 위치에 선다.,정치·돈,국민경제당은 말하지 않고도 정국을 바꾸는 위치에 선다.,최종 투표율과 유럽 위기 심화가 남는다.,무상급식 당론,서울 보궐·유럽 수확,DCA-N31C,0.95
339,339,침묵하다 (3),59487,59656,무상급식 투표율은 26% 미만으로 개표도 못 한다.,보궐판을 양당 자멸과 디도스 증거로 장악한다.,국민경제당 후보를 보호하고 유럽 수익은 1년 안에 철수한다.,천민정에게 선관위 공격용 좀비PC 경로 추적 코드를 맡긴다.,여당이 공격에 성공하면 투표율을 조작할 수 있다.,천민정이 북한 공격 IP를 미끼로 범인의 시험접속을 잡을 계획을 세운다.,정치전은 여론조작에서 범죄증명 덫으로 바뀐다.,정치·기술,정치전은 여론조작에서 범죄증명 덫으로 바뀐다.,"한정훈은 유럽 작전을 1년 안에 청산하라는 지시를 받고, 넘치는 곳간이 공격받기 전에 판에서 일어날 계획을 짠다.",주민투표 실패,선관위 공격 증거·유럽 철수,DCA-N31C,0.95
340,340화,침묵하다 (4),59657,59811,선거 29일 전 천민정이 필리핀 경로를 확보한다.,불법 공격을 확실한 배후 증거로 되돌린다.,강일파 조직 안에 직원을 심어 여당 연결을 잡는다.,"핀테크 거래기록과 좀비폰으로 필리핀 조직의 보스·조직원·사무실을 특정하고, 위장 취업 경로와 다음 날 출국할 직원·경호인력 50명을 준비한다.",조폭·총기와 태우 개입 노출 위험이 있다.,"보스와 조직원 약 30명의 휴대전화·사무실 위치·위장 취업 경로가 잡히지만, 현장 잠입과 결정적 증거 확보는 다음 날 이후로 남는다.",필리핀 조직의 자금흐름·전화·사무실 위치와 위장 잠입 경로를 확보한다. 실제 잠입과 결정적 증거는 아직 전이다.,기술·정치·관계,"온라인 추적은 다음 날 현장 잠입을 위한 인원·경로 준비로 넘어가지만, 조직 해체나 증거 공개는 완료되지 않는다.",다음 날 필리핀으로 향하는 직원과 경호팀이 보궐선거 전에 결정적 증거를 확보할 수 있는가?,불법자금·좀비폰 추적; 보스·조직원 전화와 사무실 위치 특정; 위장 취업 경로 확보,필리핀 현장 잠입; 결정적 증거 확보·공개; 조직 처벌,DCA-N31C,0.95
341,341화,침묵하다 (5),59812,59973,서울 보궐선거 당일 선관위 사이트가 마비된다.,증거를 공개해 국민경제당 승리와 대권축을 세운다.,공격 이슈를 확산하고 유럽수익을 새 산업에 배치한다.,"서울시장 선거 개표에서 국민경제당 후보가 36대34, 2퍼센트 차이로 이긴다. 디도스 증거는 개표 뒤 공개하도록 기획실장에게 넘기지만 언론·SNS 공개는 아직 없고, 최재석은 긴 침묵 끝에 이제 움직이겠다고 말한다.",높은 투표율과 3자 접전이 결과를 흔든다.,박빙 개표가 국민경제당의 2퍼센트 차 승리로 확정되며 최재석의 대권침묵이 끝날 신호가 생긴다.,국민경제당 후보의 서울시장 보궐선거 36대34 승리와 디도스 증거의 내부 인계가 지급된다. 증거 공개와 최재석의 공식 대선선언은 아직 전이다.,정치·지위,국민경제당은 서울시장직을 얻고 최재석은 대권행보를 시작할 정치적 발판을 확보한다.,최재석이 긴 침묵을 끝내고 이제 움직이겠다고 말한다.,서울시장 보궐선거 36대34 승리; 디도스 증거 내부 인계,디도스 증거 공개; 최재석의 공식 대권선언; 해외투자,DCA-N31C,0.95
342,342화,혁명의 시작 (1),59974,60147,서울시장 승리 뒤 최재석이 대권 도전을 결심한다.,곳간 수익을 셰일혁명 준비로 옮긴다.,유럽 투자금을 회수하며 저유가 때 셰일사를 살 준비를 한다.,디도스 수사를 확산하고 한정훈에게 유럽 청산·데이비드에게 미국 셰일 인맥 구축을 맡긴다.,셰일 원가는 배럴당 50달러 이상이다.,최재석의 대권 약속과 40달러 이하 셰일 독점 계획이 선다.,태우는 금융수확에서 에너지혁명 선점으로 이동한다.,정치·사업,태우는 금융수확에서 에너지혁명 선점으로 이동한다.,셰일 생산단가가 40달러 아래로 떨어질 기회를 잡기 위해 데이비드가 미국 정유업계 인맥을 미리 쌓는다.,서울시장 승리,최재석 대권·셰일가스,DCA-N32,0.95
343,343,혁명의 시작 (2),60148,60318,센트리언은 타미플루 성공 뒤 상장을 준비한다.,인슐린 권리로 장기 바이오 혁명을 선점한다.,로보 노디스크 지분과 아시아 생산권을 확보한다.,김민재가 인슐린·mRNA 투자를 제안하고 한정훈·데이비드가 로보 지분 약 30%를 모은다.,개발 3~5년·회수 10년 이상이다.,체중감소 부작용이 미래 효능이라는 회귀지식으로 50배 기업을 고른다.,"로보 노디스크 지분 약 30퍼센트와 다음 날 이사회 협상 자리를 확보하고, 인슐린·mRNA·비만치료제 연구정보를 요구할 위치에 선다. 생산·공동연구 권리는 아직 협상 전이다.",기술·돈,"지분 약 30퍼센트와 이사회 접근권은 확보되지만, 만성질환 생산·공동연구 권리는 다음 날 협상 과제로 남는다.",로보 재단 이사회 협상이 남는다.,로보 노디스크 지분 약 30퍼센트 확보; 다음 날 이사회 일정,인슐린 생산권; mRNA 공동연구; 비만치료제 정보·권리,DCA-N32,0.95
344,344,혁명의 시작 (3),60319,60493,로보 재단은 인슐린 권리 공유를 꺼린다.,재단의 공익 목표와 태우 자금을 묶어 미래 신약 권리를 산다.,아시아 생산권과 신약 공동권을 얻는다.,"로보와 인슐린 아시아 생산권, 당뇨 신약 연구비 전액지원과 신약지분 30퍼센트를 묶은 계약을 체결한다. 데이비드에게 트럼프 지원을 맡기고 덴마크 임무를 끝낸 뒤 한국으로 돌아오게 한다.",신약 실패와 FDA 승인 위험이 있다.,연구비를 전액 대는 대신 신약지분 30퍼센트와 아시아 생산권을 받는 조건이 정식 계약으로 닫힌다.,"인슐린 아시아 생산권, 당뇨 신약 연구비 전액지원·신약지분 30퍼센트 계약과 데이비드의 트럼프 지원 담당 확정이 지급된다.",기술·관계,태우는 당뇨 신약의 핵심 자금주이자 30퍼센트 권리자·아시아 생산자로 올라선다.,데이비드는 덴마크 일을 마치고 한국으로 돌아와 다음 임무를 기다린다.,인슐린 아시아 생산권; 당뇨 신약 30퍼센트 계약; 덴마크 협상,당뇨 신약 개발·생산; 트럼프 정치지원,DCA-N32,0.95
345,345,혁명의 시작 (4),60494,60656,태우건설은 후분양 계획과 수주부진에 시달린다.,건설 침체를 범캣 저점인수로 바꾼다.,도산 유동성 위기에서 범캣을 5조 원에 산다.,후분양 10곳 확대를 요구하고 박민용에게 매입가 그대로 현금 인수를 제안한다.,범캣은 적자이고 도산은 더 높은 상장가를 원한다.,도산의 다급함 때문에 5조 원이 협상 기준이 된다.,태우건설이 셰일장비 제조사로 변할 길이 열린다.,사업·돈,태우건설이 셰일장비 제조사로 변할 길이 열린다.,도산 사장단이 매각 여부를 결정한다.,후분양 기획,범캣 인수,DCA-N32B,0.95
346,346,혁명의 시작 (5),60657,60800,도산은 범캣 공을 아까워하며 매각을 주저한다.,기다릴 수 있는 현금 갑으로 5조 원 가격을 고정한다.,도산이 스스로 매각을 택하게 한다.,김민재는 5천억 원 아파트 인수 대안을 던지고 내부 비교기획을 유도한다.,범캣이 1~2년 뒤 6~7조가 될 수 있다는 반대가 거세다.,도산 회장은 매각·보유 비교보고를 지시한다.,셰일 장비 축이 협상 단계에 들어간다.,돈·사업,셰일 장비 축이 협상 단계에 들어간다.,센트리언과 미국 셰일 현장이 이어진다.,범캣 가격 고정,AI 장비·미국 셰일,DCA-N32B,0.95
347,347,투 트랙 (1),60801,60982,센트리언이 AI로 인슐린 시제품을 빠르게 만든다.,바이오와 셰일 장비에 AI를 심는다.,인슐린팀과 무인 범캣 프로젝트를 출범시킨다.,"조지 부시에게 텍사스 경제·안보 논리를 30분 동안 설명해 관심을 끌지만, 토지 소유주 설득을 직접 부탁하거나 지원 확답을 받지는 않는다.",텍사스 토지 소유주들은 외국기업의 셰일 개발 참여를 꺼리고 전직 대통령에게도 아직 구체 설득을 부탁하지 않았다.,"전직 대통령과 직통으로 논리를 전달할 통로는 열리지만, 부시가 텍사스 토지 소유주 설득에 실제 나설지는 아직 답이 없다.",조지 부시의 30분 통화와 관심을 얻는다. 텍사스 토지 소유주 설득 약속·실행은 아직 전이다.,기술·관계,텍사스 토지 문제는 백악관 압박에서 전직 대통령을 설득할 논리 전달 단계로 옮겨간다.,조지 부시가 김민재의 논리를 받아 실제로 텍사스 토지 소유주 설득에 나설 것인가?,조지 부시와 30분 통화; 텍사스 경제·안보 논리 전달,조지 부시의 실제 개입; 텍사스 토지 소유주 설득,DCA-N32B,0.95
348,348,투 트랙 (2),60983,61166,오스틴은 퍼미안 목장 사용을 거절한다.,미국 에너지독립 명분으로 지역 저항을 푼다.,셰일 거점과 더 큰 유전 매물 정보를 얻는다.,부시가 직접 와 설득하고 김민재가 임대료 50배를 약속한다.,지역 보수층은 한국기업을 불신한다.,부시의 소개로 만난 텍사스 토지 소유주가 제주도보다 큰 50만 에이커 목장 매물을 알려 준다.,셰일 실험 부지가 초대형 유전 기회로 커진다.,관계·자원,셰일 실험 부지가 초대형 유전 기회로 커진다.,이름이 아직 나오지 않은 50만 에이커 목장 매도 측을 찾아 먼저 매물을 확보할 수 있는가?,텍사스 반대,50만 에이커 목장 인수,DCA-N32B,0.95
349,349,투 트랙 (3),61167,61354,왜그너 공동경영자는 상속분쟁으로 현금이 필요하다.,대출 없이 초대형 유전을 헐값에 확보한다.,목장 전부를 7억 달러에 즉시 매입한다.,현금·즉시결제를 제시해 각 3.5억 달러를 송금한다.,겉가치가 1조 원뿐이고 공동동의가 필요하다.,계약이 당일 끝나고 베릴은 받은 돈 재투자까지 요청한다.,태우는 셰일가스·원유·부동산 거점을 얻는다.,자원·돈,태우는 셰일가스·원유·부동산 거점을 얻는다.,베릴 자금과 사업을 처리해야 한다.,왜그너 정보,베릴 자금·셰일 개발,DCA-N32B,0.95
350,350,투 트랙 (4),61355,61505,베릴이 4.5억 달러 전재산 투자를 청한다.,거품 사업은 남에게 넘기고 셰일 핵심만 취한다.,공유오피스를 키워 쇼프트뱅크 자산과 교환한다.,"와고너 목장을 시추 부지로 확보하고 베릴의 재투자·운영 참여를 정한 뒤 체서피크 협업과 우선인수 조항, 장비 확보 방안을 설계한다.",공유오피스와 체셔피크 모두 파산 위험이 높다.,손실은 파트너·정부가 지고 태우는 저점 과실만 사는 구조가 선다.,와고너 시추 부지와 베릴의 재투자·운영 참여를 확보한다. 체서피크 협업·우선인수 조항과 장비 계약은 아직 협상 전이다.,사업·돈,부지와 운영 주체는 정해졌지만 시추 장비와 체서피크 협업·우선인수는 계약 전 설계 단계로 남는다.,체서피크 협업과 우선인수 조항을 실제 계약으로 묶고 필요한 시추 장비까지 확보할 수 있는가?,와고너 목장 매입; 베릴 재투자·운영 참여,시추 장비 확보; 체서피크 협업·우선인수 계약,DCA-N32B,0.95
351,351,투 트랙 (5),61506,61665,체셔피크는 태우를 구원자로 환대한다.,미국 사업·정치·서울 금융허브를 우군망으로 묶는다.,셰일 합작과 트럼프 후원·유럽 금융사의 서울 금융허브 입주를 확정한다.,체서피크와 토지·설비·자금지원을 묶은 셰일 협력계약에 서명하고 트럼프에게 정치자금 전액지원을 약속해 수락받는다. 금융타워는 다음 달 완공 예정이고 월가 금융사 30곳은 입주를 기다린다.,체셔피크 부채와 트럼프의 낮은 현실성이 있다.,체서피크 계약서와 트럼프의 전폭 후원 수락이 에너지·정치 동맹을 말이 아닌 합의로 고정한다.,체서피크 셰일 협력계약 체결과 트럼프의 전폭 정치후원 수락이 지급된다. 금융타워 입주와 유럽 금융사 이전은 아직 전이다.,관계·사업,태우는 미국 셰일기업의 계약 파트너이자 트럼프의 핵심 후원선이 되고 금융타워에는 월가 30곳의 대기수요가 생긴다.,다음 달 완공될 금융타워에 월가 30곳과 유럽 금융사를 실제 입주시킬 수 있는가?,체서피크 셰일 협력계약; 트럼프 전폭 후원 수락,금융타워 완공·월가 30곳 입주; 유럽 금융사 유치,DCA-N32B,0.95
352,352,새로운 시작 (1),61666,61849,한정훈이 유럽 금융사를 타워로 끌어오고 김태중도 귀국한다.,금융사와 자금을 모아 서울을 아시아 허브로 만든다.,70층 타워를 홍콩·싱가포르 대안으로 연다.,퀀텀·버크셔·핀테크·노무라·BNP를 완공식에 모으고 홍콩 통제 위험을 설득한다.,서울은 국제 금융역사가 짧다.,금융사를 모은 뒤 돈이 흐르는 선순환 구조가 완성된다.,태우 곳간이 도시 금융인프라가 된다.,지위·돈,태우 곳간이 도시 금융인프라가 된다.,비트코인·총선 현황이 이어진다.,금융타워 건설,서울 금융허브 운영,DCA-N32C,0.95
353,353,새로운 시작 (2),61850,62004,다이먼은 비트코인 100달러 돌파와 AIZ 상환을 보고한다.,암호화폐·공유오피스·자동차 부채를 관리한다.,비트코인 거래소 신뢰와 GM 노조 개혁을 강화한다.,상환 속도를 조절하고 공유오피스 대출을 늘리며 UAW 연금 문제를 정부압박 카드로 준비한다.,암호화폐 사용자는 적고 노조는 오바마 지지세력이다.,핀테크 거래소가 시장을 독점하고 국민경제당 총선 승리 소식이 온다.,금융·정치 기반이 새 단계로 오른다.,돈·정치,금융·정치 기반이 새 단계로 오른다.,국민경제당 의석수가 공개된다.,금융허브 완공,제1야당·비트코인 확대,DCA-N32C,0.95
354,354,새로운 시작 (3),62005,62159,총선은 여당 119·국민경제당 92·야당 75석이다.,제1야당 지위를 대권과 바이오 혁신으로 연결한다.,최재석 대선 총력전과 로보 공동신약을 앞당긴다.,최재석을 채찍질하고 센트리언 인슐린 완성·로보 연구진의 AI 협업 요청을 승인한다.,대선은 8개월뿐이고 협상은 비공식이다.,"국민경제당이 첫 야당 지위를 얻고 센트리언의 인슐린 개발이 끝난 가운데, 서정준은 덴마크 공동연구·지분협상을 다음 확장안으로 제시한다.",국민경제당의 첫 야당 지위와 센트리언 인슐린 개발 완료를 얻는다. 덴마크 비만치료제 공동연구·지분은 아직 협상 전이다.,지위·기술,"국내 정치와 인슐린 개발은 실제 결실을 내고, 덴마크 비만치료제·지분 협력은 제안 단계로 열린다.",서정준이 덴마크 협상을 맡는다.,국민경제당 첫 야당 지위; 센트리언 인슐린 개발,대선 준비; 로보 노디스크 공동연구·지분협상; 비만치료제,DCA-N32C,0.95
355,355,새로운 시작 (4),62160,62331,센트리언은 로보 신약 지분 8%를 얻는다.,금융허브 입주사를 미래 위기 동맹으로 훈련한다.,공동임상과 크림반도 투자 테스트를 시작한다.,서정준의 공동연구를 승인하고 금융사에 러시아 확장·제재 정보를 공개한다.,제약정보 공유와 제재 예측 실패 위험이 있다.,조지만 남아 비밀 프로젝트 자격시험 의도를 이해한다.,"센트리언은 과실을, 태우는 충성 금융사를 얻는다.",기술·관계,"센트리언은 과실을, 태우는 충성 금융사를 얻는다.",조지는 크림반도 정보에 반응한 금융사만 다음 비밀 프로젝트에 참여시키는 테스트임을 알아차린다.,로보 협상,크림반도 테스트·비밀동맹,DCA-N32C,0.95
356,356,새로운 시작 (5),62332,62511,강남 신사옥이 완공 직전이지만 직원문화는 낡아 있다.,외형 성장을 사람 중심 약속으로 결산한다.,익명조사로 근무제도를 바꾼다.,완공률 90퍼센트인 신사옥을 점검하고 전 직원 익명설문을 일주일간 실시해 결과를 받는다. 연차통보·야근제한·육아휴직 1년·전환기 재택과 단축근무·안식년 제도를 지시하지만 전사 정착은 남는다.,임원 반발과 업무공백 우려가 크다.,익명설문 결과가 직원들의 실제 불만을 드러내며 성과급 중심 보상에서 시간·가족을 지키는 제도설계로 전환된다.,"신사옥 외관 90퍼센트와 전 직원 익명설문 결과, 휴가·야근·육아휴직·재택·단축근무·안식년의 시행지침이 지급된다. 건물 완공과 제도 정착은 미지급이다.",관계·문화,태우는 직원문화의 문제를 익명자료로 확인하고 가족시간·휴식을 보장할 구체 정책을 갖추지만 생활변화의 실제 효과는 아직 검증 전이다.,새 휴가·육아·근무제도가 직원들의 일상에 실제로 정착할지 남는다.,전 직원 익명설문 실시·결과 수령; 직원복지 시행지침 확정,신사옥 완공; 휴가·야근·육아휴직·재택·안식년 정착,DCA-N32C,0.95
357,357,신사옥 (1),62512,62684,사내문화 개혁에 임원 반발이 일어난다.,신사옥을 기술·인재·관계의 새 출발로 만든다.,익명 커뮤니티와 글로벌 동맹을 정착시킨다.,후쿠다·천민정 의견을 받아 임원 접근금지 커뮤니티를 만들고 완공식에서 오희건·머스크를 맞는다.,IT 야근 관행과 출산율 문제가 남는다.,머스크가 재사용 로켓 지원을 받고 동반성장을 재확인한다.,신사옥이 내부혁신과 세계 파트너의 중심이 된다.,문화·관계,신사옥이 내부혁신과 세계 파트너의 중심이 된다.,트럼프가 김태중과 등장한다.,사내제도 발표,트럼프·머스크 장기동맹,DCA-N33,0.95
358,358,신사옥 (2),62685,62878,트럼프는 아직 부동산 사업가지만 김태중의 인연으로 방문한다.,미래 대통령 우군과 김민재의 최종 목표를 가족에게 공개한다.,태우를 세계 1위보다 오래가는 질서의 편으로 만든다.,트럼프 대선을 독려하고 김태중에게 세계경제 권력자를 태우 편으로 만들겠다고 밝힌다.,목표가 권력욕으로 보이고 트럼프 가능성은 낮다.,김태중이 손자의 목표를 듣고 천민정은 원격회의까지 완성한다.,가족 약속이 세계질서 속 영속성으로 확장된다.,가족·지위,가족 약속이 세계질서 속 영속성으로 확장된다.,100억 달러급 원격회의 사업이 열린다.,트럼프 후원,세계 1위 이후·원격근무,DCA-N33,0.95
359,359,신사옥 (3),62879,63070,천민정이 원격회의 시스템을 시연한다.,문화개혁 부작용을 제품과 노동보호로 고친다.,퇴근 후 승인·야근 처리와 상용화를 병행한다.,기능 보완을 지시하고 대선에는 상대 올려치기를 쓰며 연준 테이퍼링 신호를 받는다.,직원 무급야근과 정치전 역효과 위험이 있다.,원격회의가 100억 달러 사업 후보가 되고 다음 경제변동 시점이 잡힌다.,사내 불편이 IT 사업과 금융기회로 재조합된다.,문화·기술·돈,사내 불편이 IT 사업과 금융기회로 재조합된다.,테이퍼링 비밀작전이 열린다.,재택 인프라,테이퍼링·한국 대선,DCA-N33,0.95
360,360,신사옥 (4),63071,63239,금융타워에서 조지는 양적완화 축소 파장을 논의한다.,카르텔을 사냥개로 길들이며 두 나라 대선을 관리한다.,정보유출자를 가려내고 정치 우군을 유지한다.,일부러 정보를 흘려 누설 금융사를 배제하고 미국 대선 뒤 한국 초박빙 전략을 점검한다.,연준 시점과 한국 1% 격차가 변수다.,누설자를 색출하고 오바마 재선이 예상대로 끝난다.,금융허브가 신뢰등급을 가진 작전조직이 된다.,돈·정치,금융허브가 신뢰등급을 가진 작전조직이 된다.,최재석이 전진·후퇴를 결정해야 한다.,크림반도 테스트,한국 대선·테이퍼링,DCA-N33,0.95
361,361,전진 혹은 후퇴 (1),63240,63391,대선 한 달 전 세 후보가 1% 안에서 다툰다.,당장 대통령직보다 중임제·정당 생존을 고른다.,최재석에게 사퇴 후 재보궐 입성을 제안한다.,차량에서 과열 여론전과 패배 시나리오를 설명하고 노원·영도 선택지를 준다.,최재석은 몸값 거래를 거부하고 지지자 기대가 걸려 있다.,그가 생방송 토론에서 답을 발표하기로 한다.,태우 정치전이 당선보다 제도개혁으로 이동한다.,정치·관계,태우 정치전이 당선보다 제도개혁으로 이동한다.,후보 토론의 충격 선언이 남는다.,국민경제당 제1야당,대선 사퇴·중임제,DCA-N33,0.95
362,362화,전진 혹은 후퇴 (2),63392,63562,시청률 50% 토론에서 최재석이 국민통합을 묻는다.,30% 지지율을 포기해 중임제와 캐스팅보트를 얻는다.,거대 양당의 개헌 약속을 공개로 묶는다.,중임제를 제안해 두 후보 동의를 받은 뒤 대선 사퇴·재보궐을 선언한다.,정치생명이 끝날 수 있다.,중도·양당 지지자도 결단을 지지하며 92석 당이 개헌 열쇠가 된다.,후보가 향후 정국 중재자로 격상된다.,정치·지위,후보가 향후 정국 중재자로 격상된다.,여당 승리 시 탄핵 가능성이 암시된다.,대선 출마,중임제·재보궐·탄핵,DCA-N33,0.95
363,363,전진 혹은 후퇴 (3),63563,63736,양당은 0.6% 승부 끝에 여당이 이긴다.,국민경제당·미국 대통령 두 방패로 정권압박을 막는다.,금품 요구를 차단하고 에너지·해운 자산을 지킨다.,기부금 접근을 거부하고 LNG 발전소·현진해운 계약을 변경하지 않는다.,LNG 경제성과 새 정권 개입 위험이 있다.,오바마 재선 후원 덕분에 미국 우군이 확인된다.,태우가 국내 권력교체에도 독립적으로 움직인다.,정치·사업,태우가 국내 권력교체에도 독립적으로 움직인다.,오바마 취임식 선물이 남는다.,한국 대선,미국 우군·현진해운,DCA-N33,0.95
364,364,전진 혹은 후퇴 (4),63737,63895,2013년 오바마 재선 취임 전 미국 일정을 돈다.,미국 정권과 우주기업을 에너지·통신 혁명에 투입한다.,베네수엘라 저유가 공격과 스타링크 지분을 준비한다.,조지에게 차베스 이후 제재·사우디 증산안을 주고 머스크에게 저궤도망·발사비 절반을 제안한다.,프로젝트는 1년 이상 뒤이고 비용이 막대하다.,구상 단계 스타링크에 태우가 선행 투자할 길이 열린다.,셰일·저유가·위성통신이 미국 전략과 결합한다.,자원·기술·정치,셰일·저유가·위성통신이 미국 전략과 결합한다.,스타링크와 백악관 안보 거래가 남는다.,오바마 재선,베네수엘라·스타링크,DCA-N33,0.95
365,365,전진 혹은 후퇴 (5),63896,64071,저궤도망 수요와 셰일 수익을 확인한다.,미국 안보 요구를 위성·자율주행 자산으로 교환한다.,스타링크 비용을 대고 미군 정보·부지교환을 얻는다.,오바마와 사드를 논의하며 중국 불이익만큼 미국 혜택을 약속받고 위성 공유를 꺼낸다.,사드는 한한령과 중국사업 타격을 부른다.,미국이 태우를 한국 기업 안보 파트너로 인정한다.,태우가 미국 기술·정책 보호망에 들어간다.,정치·기술,태우가 미국 기술·정책 보호망에 들어간다.,사드 부지를 다른 재벌에게 넘겨야 한다.,스타링크 제안,사드·미군위성·부지교환,DCA-N33,0.95
366,366,독사과 (1),64072,64251,오바마는 군 위성 사용과 미군부지 교환을 검토한다.,사드 보복 위험을 금싸라기 땅 미끼로 이전한다.,다른 대기업이 부지교환에 자원하게 만든다.,김태중이 회장단을 모으고 강준용이 경기도·용산 부지와 미국 보호를 제안한다.,중국 사업 그룹들은 보복을 두려워한다.,태우가 먼저 나설 듯한 자세로 경쟁을 유도할 판이 선다.,안보 부담이 재벌 자산경쟁 독사과로 변한다.,정치·자산,안보 부담이 재벌 자산경쟁 독사과로 변한다.,김민재가 선도 입찰자를 연기한다.,미국 안보협상,사드 독사과 이전,DCA-N33,0.95
367,367,독사과 (2),64252,64428,회장들은 눈치만 보다가 태우가 나서자 경쟁한다.,현재·샤롯을 사드 부담에 묶는다.,태우 부지를 지키며 미국 혜택만 확보한다.,양산 창고를 미끼로 던지자 현재와 샤롯이 더 좋은 부지를 제시한다.,두 그룹은 중국 보복을 과소평가한다.,미국은 좋은 부지를 얻고 태우는 후보에서 빠진다.,태우는 미중전쟁의 고래가 될 계획을 유지한다.,정치·자산,태우는 미중전쟁의 고래가 될 계획을 유지한다.,김민재는 미중 무역전쟁에서 새우로 버티는 대신 먹이를 삼켜 고래가 되는 길을 택한다.,사드 부지 회피,미중무역전쟁 성장,DCA-N33,0.95
368,368,독사과 (3),64429,64601,사드 부지는 경쟁 중이고 투게더워크 매각만 남는다.,거품 지분을 반도체 설계자산으로 바꾼다.,쇼프트뱅크의 ARN을 지분교환으로 얻는다.,투게더워크 지분 90퍼센트와 ARN 지분을 맞바꾸고 베릴의 10퍼센트는 1억 달러에 매각해 ARN에 재투자하는 안을 손정우에게 제시한다. 손정우가 즉시 받아들이지만 문서·대금·소유권 이전 장면은 없다.,공유오피스는 금리상승 때 무너진다.,"손정우가 투게더워크 90퍼센트와 ARN 교환, 베릴 10퍼센트 1억 달러 매각·재투자안을 곧바로 수락한다.",투게더워크 90퍼센트↔ARN 교환과 베릴 10퍼센트 1억 달러 매각·ARN 재투자에 대한 당사자 합의가 지급된다. 계약서·대금·지분이전은 남는다.,기술·돈,ARN 확보구상은 손정우가 수락한 교환·매각 합의로 올라가지만 태우의 소유권은 아직 바뀌지 않는다.,손정우가 복잡한 교환안을 곧바로 받아들여 협상이 예상보다 빠르게 끝난다.,투게더워크·ARN 교환조건 합의; 베릴 10퍼센트 1억 달러 매각·재투자 합의,계약서 작성; 1억 달러 지급; ARN·투게더워크 지분이전,DCA-N33,0.95
369,369,독사과 (4),64602,64774,손정우 계약이 끝나고 베릴은 1억 달러를 받는다.,ARN을 파운드리와 결합해 AI 설계 방벽을 만든다.,리사 반발을 풀고 팹리스 투자를 확대한다.,긴급계약을 설명하고 ARN·AI 설계를 파운드리 수주와 연결한다.,리사는 상의 없는 거래에 화가 난다.,시너지가 인정되고 연준이 테이퍼링 의사를 밝힌다.,독사과 수확 직후 준비한 금융 신호가 울린다.,기술·돈,독사과 수확 직후 준비한 금융 신호가 울린다.,조지가 포지션을 실행한다.,ARN 교환,테이퍼링 수확,DCA-N33B,0.95
370,370,독사과 (5),64775,64951,테이퍼링 발언으로 세계 증시가 하락한다.,금융사에 연습이익을 먹이고 충성을 산다.,9월까지 공매도·채권 수익을 거둔다.,조지에게 데드라인을 주고 타워 금융사와 수익을 나누며 진동구에게 샤롯 사드 반대 연기를 조언한다.,과욕과 샤롯 후계전이 변수다.,금융 하이에나가 태우 정보를 따르는 사냥개가 된다.,두 독사과가 돈과 후계구도를 바꾼다.,돈·관계,두 독사과가 돈과 후계구도를 바꾼다.,연준이 축소를 뒤집을 때 두 번째 파동이 온다.,테이퍼링 1차 수익,샤롯 왕자의 난·연준 반전,DCA-N33B,0.95
371,371,변덕 (1),64952,65120,샤롯은 사드 부지를 원하고 진동구만 반대한다.,독사과를 알아본 장남의 반대를 후계 영향력으로 바꾼다.,진동구가 임직원 지지를 모으게 한다.,진동오의 미국혜택 논리에 진동구가 중국 전사업 철수 위험을 경고한다.,진호균 회장은 장남을 질책한다.,다른 사장들이 진동구 편에 서기 시작한다.,사드 독사과가 샤롯 왕자의 난을 촉발한다.,관계·정치,사드 독사과가 샤롯 왕자의 난을 촉발한다.,연준 변덕을 이용할 준비가 끝난다.,사드부지 경쟁,샤롯 후계전·연준 반전,DCA-N33B,0.95
372,372,변덕 (2),65121,65294,연준이 테이퍼링 방침을 철회한다.,연준 변덕과 기업 욕심을 모두 함정으로 바꾼다.,반등 수익을 먹고 로보의 AI 절도를 유도한다.,금융타워에 유지 정보를 나누고 천민정을 센터장으로 승진시켜 다운그레이드 AI에 트로이목마를 심게 한다.,연준 재변경과 로보가 AI를 훔치지 않을 가능성이 있다.,로보가 시스템을 복제하면 데이터·실험기록을 원격 오염시킬 수 있다.,양적완화 반등 수익과 미래 신약 탈취 통로를 함께 얻는다.,돈·기술,태우가 거시 변덕과 기술 욕심을 선제 통제한다.,로보가 미끼를 훔칠지가 남는다.,테이퍼링 1차 하락,로보 AI 트로이목마·연말 축소,DCA-N33B,0.95
373,373,변덕 (3),65295,65470,데이비드가 베네수엘라·미국 제재 정보를 들고 온다.,연습경기 수익을 석유전쟁 본게임으로 확대한다.,체셔피크 손실을 떠넘기고 산유국 폭락을 먹는다.,연준의 테이퍼링 신호에 맞춰 준비한 포지션에서 소규모 수익을 확인한다. 베네수엘라·미국 셰일·크림반도·OPEC을 잇는 석유전쟁은 후쿠다·데이비드·다이먼과 한정훈에게 타임라인 작성을 맡긴다.,유가전쟁은 미국 셰일사도 무너뜨리고 러시아 제재와 충돌한다.,양적완화 축소의 작은 수익을 확인한 뒤 다음 승부가 원유가격과 산유국을 겨누는 3차 석유전쟁이라는 점이 드러난다.,테이퍼링 신호에 대비한 금융포지션의 소규모 수익과 석유전쟁 담당자·자료·타임라인 과제가 확정된다. 원유 공매도와 산유국 붕괴수익은 아직 없다.,돈·자원,금융타워는 양적완화 연습경기의 수익을 확인하고 원유전쟁을 실행할 국제 담당선을 편성한다.,한정훈이 후쿠다·데이비드·다이먼과 베네수엘라·셰일·크림반도·OPEC을 잇는 석유전쟁 타임라인을 짜야 한다.,테이퍼링 포지션의 소규모 수익 확인; 석유전쟁 담당선 배정,원유 공매도; 크림반도 제재; OPEC 증산; 산유국 붕괴,DCA-N33B,0.95
374,374,변덕 (4),65471,65627,2013 사장단이 전자 1위와 상사·자원 적자를 보고한다.,현재 적자를 미래 인프라와 금융전의 비용으로 재해석한다.,계열사 시스템을 유지하며 러시아 포지션을 버틴다.,저궤도 통신·전기차·자원 인프라 계획을 재확인하고 금융타워의 크림반도 투자금을 유지한다.,러시아가 움직이지 않으면 막대한 이자와 동맹 붕괴가 발생한다.,전자 세계 1위·애플카 성공이 장기 적자를 감당할 캐시카우임이 확인된다.,태우의 확장 포트폴리오가 수익축과 미래축으로 정리된다.,사업·돈,연말 결산이 다음 국제사건의 압력을 수치화한다.,러시아가 소치올림픽 직후 움직일지 남는다.,2013 사업결산,크림반도 침공·자원 채굴,DCA-N33C,0.95
375,375,변덕 (5),65628,65819,소치올림픽 직후 러시아가 크림반도를 점령한다.,제재·루블 폭락을 먹고 러시아 실물사업을 보호한다.,포지션을 청산하며 러시아와 비밀 협상한다.,루블·주가 하락에 베팅하고 반항 금융사는 내버려둔 뒤 유가자산을 정리하며 러시아 진출 계열사 대책을 세운다.,서방제재 속 러시아 접촉은 미국·유럽 보복을 부를 수 있다.,금융타워는 보너스 잔치를 하고 외국기업 철수 속 태우 공장의 협상가치가 높아진다.,크림반도 테스트가 돈과 충성도 검증에 성공한다.,돈·정치·사업,연습경기 성공이 석유전쟁 동맹을 단단하게 한다.,서방 제재를 어기거나 러시아를 직접 지원한 모양새 없이 비밀 협상을 열 상대와 조건이 필요하다.,크림반도 예측,러시아 비밀협상·석유전쟁,DCA-N33C,0.95
376,376,손을 내밀다 (1),65820,65985,러시아 경제가 제재와 유가하락으로 붕괴한다.,절박한 러시아와 손잡아 몽골 자원길과 태우 공장을 지킨다.,로만을 통해 정부 허가와 수송로를 확보한다.,축구 자선행사에 100억 원을 써 로만을 부르고 태우 철수 방지 대신 몽골 자원의 러시아 경유를 요구한다.,서방의 제재 위반 의심과 러시아 의존 위험이 있다.,로만이 지도부 허가를 자신하며 비밀 손을 잡는다.,러시아 경유 운송로와 다국적 컨소시엄안을 로만에게 받아들이게 하고 크렘린 허가를 받아오겠다는 약속을 얻는다. 실제 정부 허가·운송로 확보는 아직 전이다.,관계·자원,"태우의 러시아 잔류를 지렛대로 몽골 자원 운송로 협상선을 열지만, 로만의 크렘린 보고와 허가가 남는다.",중국의 장기 자원 구매 계약이 필요하다.,로만과 러시아 경유 운송로·컨소시엄 조건 협의; 크렘린 허가 약속,크렘린 실제 허가; 몽골-러시아 운송로 건설; 중국 경유 허가·계약,DCA-N33C,0.95
377,377,손을 내밀다 (2),65986,66170,김민재가 중국 쩡훙친과 차기 실력자를 만난다.,러시아 운송로를 중국 장기구매와 연결한다.,미중갈등 전 자원·권력 인맥을 고정한다.,"리강에게 몽골 자원 운송로와 최소 20년 장기계약을 제안하고 러시아 협의 사실을 알린 뒤, 리강이 주석 보고와 계약 성사를 위해 노력하겠다는 답을 받아낸다.",중국 권력투쟁과 미래 한한령이 계약을 깨뜨릴 수 있다.,"리강은 태자당 수익과 러시아 관계를 이유로 긍정적으로 반응하지만, 중국 정부 보고와 장기계약 체결은 아직 남는다.",차기 중국 권력자와 운송사업·20년 계약의 협상선을 열고 주석 보고 약속을 얻는다. 실제 장기계약과 자원 판로는 아직 전이다.,정치·자원,"쩡훙친의 소개로 차기 권력 보험은 얻지만, 미중분쟁에도 끊기지 않을 중국 자원 판로는 보고·계약 전 제안 단계다.",사우디 증산 시점과 왕위승계를 확인하러 간다.,리강 소개; 중국 운송사업·20년 계약 제안; 주석 보고 약속,중국 정부 승인·20년 계약 체결; 러시아 허가; 사우디 증산전,DCA-N33C,0.95
378,378,손을 내밀다 (3),66171,66350,사우디 방문 전 구사옥 문화센터를 점검한다.,석유전쟁 정보를 왕세자 승계 동맹으로 바꾼다.,살만·빈 살만과 절대 신뢰를 만든다.,살만에게 증산 피해와 빈 살만 왕세자화를 경고하며 부패 왕족 숙청 구상을 꺼낸다.,왕실 전통을 깨는 자식세습과 숙청은 목숨을 건 개입이다.,살만이 분노를 누그러뜨리고 김민재의 진심을 이해한다.,태우는 차기 국왕·왕세자 양쪽과 비밀 장기동맹을 맺는다.,관계·정치,어린 시절 인연이 왕위설계로 확장된다.,숙청 자금논리와 실행팀을 만들어야 한다.,빈 살만 인연,왕세자 숙청계획·증산,DCA-N33D,0.95
379,379,손을 내밀다 (4),66351,66547,살만은 왕실반발 때문에 아들 세습을 주저한다.,석유전쟁으로 빈 곳간을 부패자금 숙청으로 채운다.,빈 살만 왕세자 확률을 강제로 높인다.,불법 왕족 자산을 국고로 환수한다는 명분을 주고 천민정·강 대위·한정훈에게 정보수집 시스템을 맡긴다.,왕족 감시가 노출되면 태우와 빈 살만 모두 위험하다.,살만이 후보 명단과 숙청기획을 받아들이고 팀이 즉시 움직인다.,태우가 사우디 승계의 보이지 않는 설계자가 된다.,정치·정보,주사위를 던지기 전 6이 나오게 만드는 준비다.,OPEC 증산 직전 금융판돈을 배치한다.,살만 동의,왕족 정보망·석유 공매도,DCA-N33D,0.95
380,380,손을 내밀다 (5),66548,66742,금융타워가 빚까지 내 원유 공매도를 준비한다.,정확한 증산 타이밍과 왕족 정보를 동시에 포착한다.,100달러 원유 하락과 사우디 권력정보를 독식한다.,천민정이 사우디 왕족 비밀계좌를 찾고 김민재가 텍사스 관계자에게 경고한 뒤 OPEC 증산 발표와 함께 원유 공매도를 실행한다. 원유는 110달러에서 105달러로 내려간다.,하루 이자와 너무 이른 진입 위험이 크다.,OPEC 증산 직후 원유가 110달러에서 105달러로 떨어져 5배 레버리지 수익률이 25%를 넘는다.,"원유 110→105달러 하락, 5배 레버리지 25% 이상 수익률, 준비기간에 들어간 자금의 하루 만 전액 회수를 확인한다.",돈·정보·자원,오랜 석유전쟁 준비비가 하루 만에 전액 회수되고 금융타워의 원유 숏이 본게임 수익으로 전환된다.,유가 하락이 어느 기업·국가부터 무너뜨릴지 남는다.,OPEC 증산 전 준비비 전액 회수; 원유 공매도 첫 수익,추가 유가 하락·산유국과 셰일기업 붕괴; 왕족 숙청정보,DCA-N33D,0.95
381,381,전쟁 그리고 전쟁 (1),66743,66910,유가가 매일 하락하고 천민정은 커넥트 자동번역을 완성한다.,석유수익을 AI·신약·20년 투자로 환류한다.,로보 미끼를 오염시키고 장기 성장재원을 만든다.,천민정에게 훔친 AI의 신약효과를 줄이고 부작용을 늘리게 하며 금융사별 수익을 배분한다.,기술오염의 윤리·법적 위험과 유가 반등 가능성이 있다.,원유 100달러가 붕괴하고 셰일기업 주가가 15% 넘게 빠진다.,"커넥트 자동번역 완성, 로보가 훔친 신약 AI 오염, 금융사별 유가 하락 수익 배분을 실행하고 원유 100달러선 붕괴·셰일주 15퍼센트 하락을 확인한다.",돈·기술,석유 하락 포지션과 로보 바이오 역정보가 동시에 실행되는 두 전쟁으로 전환된다. 20년 뒤 대규모 투자의 정체는 아직 감춰져 있다.,마르지 않는 금융 우물을 20년 뒤 태우를 위한 어떤 대규모 투자에 쓸지는 아직 밝히지 않는다.,로보 트로이목마,셰일·해양유전 인수,DCA-N34,0.95
382,382,전쟁 그리고 전쟁 (2),66911,67084,유가가 80달러로 내려 정유·전기차는 손해를 본다.,체셔피크·헤스와 가이아나 지분이라는 고유 표적을 이름·금액·지분율로 정하되 미래 인수 완료는 유예한다.,체셔피크와 헤스를 500억 달러 이상 규모로 인수할 자금을 만들고 헤스의 가이아나 펀드 30%를 태우 목표 60%로 끌어올린다.,"체셔피크·헤스 공매도를 늘려 주가를 낮추고, 헤스가 가진 가이아나 펀드 30%와 태우 목표 60%를 확인한다. 미국 대사가 셰일업체 구조를 요청하자 두 회사를 고유 표적으로 제시한다.",체셔피크와 헤스 인수에는 500억 달러 이상이 필요하고 미국 정부 구조요청도 실제 소유권 이전을 보장하지 않는다.,"헤스의 가이아나 펀드 지분 30%가 드러나 태우의 목표가 60%로 구체화되고, 미국 대사가 셰일업체 구조를 공식 요청한다.","체셔피크·헤스라는 고유 인수표적, 500억 달러 이상 자금규모, 가이아나 펀드 30%와 목표 60%, 두 회사 공매도 실행, 미국 정부 구조요청을 확보한다. 인수·지분취득은 미지급이다.",자원·돈·정치,유가 하락의 계열사 손익표가 체셔피크·헤스·가이아나라는 국가 구조대상과 구체 매집표로 바뀐다.,공매도로 낮춘 체셔피크·헤스를 실제 인수하고 가이아나 펀드 지분을 30%에서 60%로 늘릴 수 있는가?,체셔피크·헤스·가이아나 고유표적과 자금·지분 목표 확정; 셰일업체 구조요청,체셔피크·헤스 인수협상; 가이아나 펀드 60% 확보; 공매도 수익 실현,DCA-N34,0.95
383,383,전쟁 그리고 전쟁 (3),67085,67243,김민재가 오바마의 셰일 SOS를 받으러 간다.,정부가 자금·기업을 모으게 해 인수 갑이 된다.,최소 500억 달러 컨소시엄과 좋은 매물 선별권을 얻는다.,오바마에게 태우 단독 소형인수와 정부주도 대형컨소시엄 두 안을 제시해 후자를 택하게 한다.,외국기업의 에너지 지배 우려와 가격 하락을 더 기다릴 필요가 있다.,오바마가 기업 참여를 설득하고 태우는 인수대상 결정권을 가진다.,태우 존재감이 국빈급 1시간 비공식 독대로 격상된다.,정치·자원,을이 되지 않으려 정부가 먼저 판을 만들게 한다.,오바마와 1시간 넘게 비공식 독대한 사실이 태우그룹의 커진 존재감을 증명한다.,미국 구조요청,500억 달러 컨소시엄·매물선정,DCA-N34,0.95
384,384,전쟁 그리고 전쟁 (4),67244,67404,다이먼은 핀테크 사상최대 수익과 비트코인 성장을 보고한다.,금융수익을 석유 컨소시엄과 가이아나 지분으로 옮긴다.,CNOOC가 가진 유전탐사 지분을 사온다.,핀테크 100~200억 달러 참여를 받고 중국 고위층에게 CNOOC 매각을 선의처럼 제안한다.,중국이 사드 뒤 관계를 끊으면 협상이 불가능해진다.,중국 쪽이 리강과의 친분을 위해 검토에 들어간다.,미국·중국 양쪽 자본을 같은 유전판에 묶을 준비가 된다.,돈·관계·자원,한한령 전 마지막 중국 인맥을 최대 활용한다.,사드 이후 중국 영향력이 줄기 전에 CNOOC 지분과 중국 인맥에서 얻을 수 있는 것을 최대한 거둬야 한다.,핀테크 수익,CNOOC 지분·사드 전 수확,DCA-N34,0.95
385,385,전쟁 그리고 전쟁 (5),67405,67584,유가는 절벽처럼 내려 태우 공매도 수익이 250억 달러를 향한다.,금융수익을 반도체·해양유전 실물로 바꾼다.,헤스 이사회를 인수 쪽으로 기울인다.,반년 뒤 감산 기류를 예측해 원유 재매수 타이밍을 잡고 대형 반도체단지를 완공하며 헤스 매각협상을 압박한다.,헤스 내부는 한국기업 인수와 고용불안을 우려한다.,태우 무부채·현금 수백억 달러가 알려져 이사회가 최종협상을 승인한다.,태우는 돈·반도체·유전 세 기반을 동시에 키운다.,돈·기술·자원,공매도 현금이 실물산업 보상으로 보인다.,헤스 가격·고용승계 협상이 열린다.,석유 공매도 1회전,헤스 인수·반도체 수요,DCA-N34,0.95
386,386,타이밍 (1),67585,67757,미국은 셰일 붕괴가 급해 컨소시엄을 재촉한다.,정부 압박을 헤스 고용·가격 협상 우위로 쓴다.,헤스 큰 틀 인수계약을 끝낸다.,미국 긴급항공 지원까지 약속받고 이사회에 고용승계·적정 프리미엄을 제안한다.,창업가문·경영진의 프리미엄 욕심과 친환경 이미지 충돌이 있다.,창업가가 자기 프리미엄을 직원 위로금으로 돌려 합의가 정리된다.,헤스가 태우 품으로 들어올 실무단계에 선다.,사업·관계,정부 시간표가 협상 속도를 높인다.,체셔피크·CNOOC와 후속 거래를 끝내야 한다.,헤스 이사회 승인,실무인수·다음 셰일사,DCA-N34,0.95
387,387,타이밍 (2),67758,67939,헤스 합의 뒤 데이비드·다이먼과 후속 인수를 논의한다.,체셔피크와 중국 지분을 먹고 카노스 복수전까지 유도한다.,가이아나 20%·향후 셰일사를 저점확보한다.,체셔피크 협상을 맡기고 중국에서 CNOOC 지분을 산 뒤 금융타워 석유포지션을 정리한다.,일부 손해를 감수하고 빠져야 하며 카노스가 태우상사를 공격한다.,태우상사 실제 지분이 70% 이상이라 공매도 공격을 역포획할 수 있다.,석유 인수전이 카노스 재대결의 함정으로 변한다.,돈·사업,성공 직후 새 적의 공격 타이밍을 이용한다.,카노스가 헤스부터 태우그룹까지 3단계를 준비한다.,CNOOC·체셔피크 거래,헤스·태우상사 공매도전,DCA-N34,0.95
388,388,타이밍 (3),67940,68101,다이먼의 석유기업 구조 인터뷰가 뉴욕타임스 1면에 실린다.,상대를 충분히 모아 한 번에 포획한다.,원유 50억 달러를 사고 카노스의 3단계 공격을 기다린다.,태우는 대비한 채 무대응하고 카노스는 헤스 적자에서 태우상사·그룹 도미노를 홍보한다.,헤스 실적은 최악이고 태우상사 자원부문도 대규모 적자다.,카노스가 400% 수익을 약속해 헤지펀드를 대거 끌어모은다.,태우가 의도한 거대한 어망에 월가 세력이 들어온다.,돈·정보,무대응이 공격자의 자신감을 키운다.,카노스가 전재산을 던지는 약속일이 온다.,공매도 함정 준비,헤스 첫 공격·도미노 플랜,DCA-N34,0.95
389,389,타이밍 (4),68102,68274,카노스가 전재산을 넣어 헤스 주가를 하루 7% 떨어뜨린다.,방어하지 않는 척 모든 세력을 어망 안에 넣는다.,헤스가 반토막 날 때까지 공격물량을 키운다.,사우디 개입이 없다는 확신과 컨소시엄 분열 소문을 흘리고 가이아나 지분에 자금을 쓴 척한다.,행동주의 펀드가 태우 전체를 흔들고 실제 주주가 이탈할 수 있다.,중소 헤지펀드들이 뒤늦게 합류하며 카노스가 부활을 확신한다.,공매도 세력의 쌈짓돈까지 모일 조건이 갖춰진다.,돈·심리,상대의 승리감 자체가 함정의 잠금장치다.,유전탐사·사우디 왕위라는 반격신호를 기다린다.,헤스 하락 유도,가이아나 유전·공개매수 반격,DCA-N34,0.95
390,390,타이밍 (5),68275,68451,저유가로 쉘이 가이아나 탐사권을 포기한다.,남들이 버린 권리를 1달러에 사 반격탄을 만든다.,엑슨모빌과 탐사권을 나누고 유전을 발견한다.,쉘에서 동전던지기로 태우·엑슨 지분을 1달러씩 사고 핀테크 명의 공매도 수익도 챙긴다.,헤스 파산설과 유전탐사 실패 가능성이 있다.,수십조 가치 권리를 1달러에 얻고 엑슨이 탐사에 총력을 약속한다.,태우는 공매도 세력에게 숨긴 초대형 호재를 장전한다.,자원·돈,1달러 거래가 가장 극적인 저점보상이다.,태우와 엑슨모빌은 공매도 반격과 장기 먹거리를 위해 가이아나 유전 탐사에 전력을 걸기로 한다.,쉘 탐사철수,가이아나 발견·헤스 반격,DCA-N34,0.95
391,391,반격 (1),68452,68641,사우디 국왕이 서거해 살만이 즉위한다.,유가반등·왕실승계·유전발견을 한꺼번에 반격으로 쓴다.,공매도 물량을 받고 빈 살만 숙청을 지원한다.,유가 상승에 헤스 매물을 흡수하고 사우디에서 빈 살만의 국방장관 임명·왕세자 계획을 점검한다.,새 국왕 체제 반발과 공매도 재공격이 있다.,가이아나 로건팀이 10년 만에 대형 유전을 발견한다.,헤스 주가를 뒤집을 초대형 호재와 사우디 우군이 동시에 선다.,자원·정치·돈,왕위와 유전 두 역사사건이 같은 회차에 터진다.,가이아나 현장팀의 최소 50억 배럴 추정이 실제 대형 유전으로 확인돼 헤스 공매도판을 뒤집을 수 있는가?,살만 즉위,유전발표·왕족 숙청,DCA-N34,0.95
392,392,반격 (2),68642,68807,공매도 세력이 헤스·태우상사 150억 달러를 던진다.,발표 직전까지 물량과 배신자를 최대 포획한다.,일주일 내 쌈짓돈까지 공매도로 끌어낸다.,전량을 받아 주가를 고정하고 핀테크 대출설을 흘리며 행동주의 펀드와 타워 배신사를 색출한다.,150억 달러 방어자금과 행동주의 공격 위험이 있다.,배신한 타워 헤지펀드 두 곳이 확인되고 유전 정밀조사가 끝난다.,반격은 가격상승뿐 아니라 카르텔 정화 기회가 된다.,돈·관계,발표 전 마지막 압력이 최고조다.,"금융타워 소속 헤지펀드 두 곳의 배신이 확인되고, 재발을 막을 처단 방식이 남는다.",공매도 물량 흡수,유전발표·배신자 처단,DCA-N34,0.95
393,393,반격 (3),68808,68990,가이아나 대형 유전 뉴스가 공매도 회의 중 터진다.,호재로 주가를 폭등시키고 세력 분열을 유도한다.,헤스 급등을 유지해 숏커버를 강제한다.,태우·핀테크가 지분을 사고 한정훈이 합법 매매로 상승 압력을 더한다.,카노스는 통정거래 의혹을 제기하고 유동성으로 버틴다.,헤스가 폭등해 중소 펀드가 파산권에 들어간다.,공매도 연합이 손실 앞에서 깨지기 시작한다.,돈·자원,숨긴 유전이 공개되는 순간이 반격의 쾌점이다.,눈치 빠른 펀드가 항복하러 온다.,유전발견 비공개,숏커버·공매도 분열,DCA-N34,0.95
394,394,반격 (4),68991,69182,타워 배신 펀드 두 곳이 먼저 자수한다.,배신비용을 부과하고 버크셔를 새 동맹으로 끌어들인다.,배신사를 처단하며 필요한 헤스 지분을 모은다.,"금융타워의 레일·마크 펀드에 1억 달러 프리미엄을 요구해 내보낸 뒤, 버크셔가 헤스 지분 7퍼센트 이상을 모은 이유를 확인하고 워런에게 3년 임대를 제안한다.",과한 프리미엄과 버크셔 지분이 작전을 방해할 수 있다.,버크셔의 매수 목적은 가치투자였고 워런은 민재를 지지하지만 헤스 지분 매각은 거절한다.,"배신 펀드 두 곳에 1억 달러 프리미엄 규율을 적용하고, 워런에게 헤스 지분 3년 임대와 정체를 밝히지 않은 시장 이벤트를 제안한다. 지분 임대와 참여 확답은 아직 전이다.",관계·돈,"금융타워 내부 배신자에게 퇴출성 비용이 부과되고, 버크셔는 작전 내용을 듣기 전 잠재 우군으로 이동한다.",워런은 헤스 지분을 3년 빌려 달라는 제안과 정체가 공개되지 않은 시장 이벤트에 참여할 것인가?,타워 배신자 색출,버크셔 헤스 지분 3년 임대; 정체를 밝히지 않은 시장 이벤트,DCA-N34,0.95
395,395,반격 (5),69183,69348,워런은 석유산업 발전에 도움이 될 때만 협력한다.,공매도 응징을 미국 산업구조 명분으로 포장한다.,정부·버크셔 동의 아래 헤스를 상장폐지한다.,가이아나 투자와 공개매수 후 재상장 계획을 제시해 워런·미 대사의 묵인을 얻는다.,상장폐지는 과격하고 막대한 공개매수 자금이 필요하다.,미국 정부가 석유산업 방어로 보아 모른 척하고 워런이 참여한다.,공매도 제왕을 갖고 놀 국가·기업 연합이 완성된다.,정치·돈·자원,사적 복수가 산업정책 정당성을 얻는다.,일주일 안에 공개매수 공시를 띄운다.,버크셔 설득,헤스 공개매수·카노스 파멸,DCA-N34,0.95
396,396,갈취 (1),69349,69537,상장폐지·공개매수가 일주일 만에 공시된다.,숏커버 가격을 폭발시켜 세력 자산을 갈취한다.,헤지펀드 이탈과 3~15배 손실을 강제한다.,헤스 상장폐지·공개매수를 발표하고 퀀텀 지분 3퍼센트를 100퍼센트 프리미엄에 넘겨받는 첫 거래를 실행한다. 헤스 주가는 단기간 100퍼센트 가까이 오르고 헤지펀드 절반 이상이 카노스를 떠난다. 뒤에는 최재석의 4년 중임 재선과 평창재단 지원요구를 논의한다.,SEC 절차와 막대한 매수자금이 필요하다.,공개매수 발표와 퀀텀 3퍼센트 이전이 카노스 연합을 갈라놓은 뒤 기업전이 대통령 중임·재단 갈취 문제로 전환된다.,"헤스 공개매수 개시, 퀀텀 지분 3퍼센트의 100퍼센트 프리미엄 이전, 헤스 주가 급등과 카노스 진영 헤지펀드 절반 이상 이탈이 지급된다.",돈·지위,헤스 방어는 실제 지분이전과 적 연합 붕괴 단계에 들어가고 최재석은 재선·평창재단 요구를 김민재와 상의하는 관계가 된다.,최재석이 4년 중임 재선과 평창재단 지원요구를 김민재에게 꺼낸다.,헤스 공개매수 발표; 퀀텀 3퍼센트 이전; 카노스 진영 절반 이상 이탈,버크셔와 추가 공개매수; 카노스 청산; 4년 중임·평창재단 갈취 대응,DCA-N34,0.95
397,397,갈취 (2),69538,69724,박만득이 정권 재단 요구의 위험을 경고한다.,청와대 갈취와 카노스 자산을 동시에 역갈취한다.,한정훈을 부회장 후계자로 세우고 카노스를 사냥개로 만든다.,박만득 은퇴·인수인계를 지시하고 카노스에게 동료 펀드 배신과 자산 흡수를 제안한다.,후계 공백과 카노스의 배신자 낙인이 부담이다.,선택지가 없는 카노스가 손을 잡고 의사결정을 태우에 위임한다.,"박만덕의 동남아 퇴직 후 자리와 한정훈의 부회장 인수인계·교육 경로, 카노스의 전향 약속을 얻는다. 박만덕 은퇴와 한정훈 취임은 아직 전이다.",관계·돈,"내부 승계는 인수인계·교육 단계로 열리고, 카노스는 실제 손을 잡아 월가 집행자로 전향한다.",카노스가 2주 안에 동료 펀드를 찢는다.,박만덕의 퇴직 후 동남아 역할 합의; 한정훈 인수인계·교육 개시; 카노스 전향,박만덕 실제 은퇴; 한정훈 부회장 취임; 카노스의 2주 헤지펀드 사냥,DCA-N34B,0.95
398,398,갈취 (3),69725,69890,카노스가 2주 만에 동료 펀드를 파산시킨다.,갈취 수익을 중국 공매도와 건설 회복에 재배치한다.,후강퉁을 통해 600억 달러를 중국시장에 잠입시킨다.,"카노스가 2주 만에 헤지펀드들을 파산시키자 태우 300억 달러·금융타워 총 600억 달러를 중국에 배치하고, 한정훈의 부회장 교육·다음 달 이취임식과 태우건설의 부동산 회복을 점검한다.",사드 배치와 중국 공산권의 직접 보복 위험이 있다.,"카노스는 월가의 사신으로 명성을 회복하고 한정훈은 부회장 교육과 이취임식 일정을 받지만, 실제 취임식은 아직 열리지 않았다.","공매도 연합 파산과 카노스의 집행력, 태우건설의 도급 1위·토지 가치 상승을 얻고 한정훈의 부회장 취임 일정을 확정한다.",돈·지위,"헤지펀드 파멸 수익이 중국 공매도 자금으로 이동하고, 내부 승계는 교육에서 다음 달 이취임식 준비로 진전된다.",성대한 이취임식을 실제로 열어 한정훈을 부회장으로 세우고 청와대 만찬에 보낼 수 있는가?,공매도 연합 파산; 태우건설 도급 1위·부동산 회복; 한정훈 이취임식 일정,한정훈 실제 부회장 취임·청와대 만찬; 중국 공매도,DCA-N34B,0.95
399,399,갈취 (4),69891,70053,박만득 이임·한정훈 취임 뒤 청와대가 200억 원을 요구한다.,레임덕 정권에는 최소비용만 주고 중국 자금을 먹는다.,재단 출연을 할부로 늦추며 공매도 600억 달러를 완성한다.,"박만덕의 은퇴와 한정훈 부회장 취임식을 치른 사실을 확인하고, 청와대의 200억 원 요구에 25억·25억·150억 원 분할안을 제시한다. 중국시장에 600억 달러를 안전하게 투입하고 카노스가 무너뜨린 헤지펀드 20곳의 정리를 맡긴 뒤 로보의 신약 폐기계획을 보고받는다.",정부 불이익과 중국 고위층 관계 단절 위험이 있다.,박만덕에서 한정훈으로 금융타워 지휘권이 넘어간 직후 로보가 폐기하려는 신약이 새 인수표적으로 등장한다.,"박만덕 은퇴·한정훈 부회장 취임, 중국시장 600억 달러 투입과 카노스발 헤지펀드 20곳 파산 확인이 지급된다. 청와대 200억 원 납부와 폐기신약 취득은 아직 전이다.",정치·돈·기술,금융타워 승계가 완료되고 한정훈은 중국 600억 달러 운용과 파산 헤지펀드 정리를 맡는 부회장으로 올라선다.,천민정이 로보가 폐기하려는 신약 후보를 태우가 살릴 수 있다고 보고한다.,박만덕 은퇴·한정훈 취임; 중국시장 600억 달러 투입; 카노스발 헤지펀드 20곳 파산 확인,청와대 200억 원 요구 대응; 로보 폐기신약 권리계약; 중국 공매도,DCA-N34B,0.95
400,400,갈취 (5),70054,70215,로보 연구진이 부작용 신약 폐기에 동의한다.,오염시킨 실패작을 미래 비만치료제 원천으로 갈취한다.,연구자료·권리 전부를 덴마크에서 산다.,천민정의 시스템 정보로 선점하고 데이비드가 포섭한 에릭센을 통해 이사회 매각안을 통과시킨다.,수년간 실패한 약이라 가격·가치를 증명하기 어렵다.,에릭센이 로보 이사회가 태우를 속여 손실을 회수한다고 믿게 만들며 신약 매각안과 자신의 협상 담당 지위를 통과시킨다.,태우는 경쟁자보다 먼저 신약 권리를 협상할 독점 창구와 로보 내부의 포섭된 협상 담당자를 얻는다.,기술·정보·돈,트로이목마 장기복선이 신약 권리 취득 완료가 아니라 로보 이사회의 매각 결정과 포섭된 협상창구로 전환된다.,에릭센의 마지막 미소가 태우가 아니라 자신이 속인 로보 이사회를 향했음이 드러난다.,신약 폐기 여부·로보 이사회 매각안,덴마크 가격협상·신약 권리 이전·중국 공매도,DCA-N34C,0.95
401,401,잭팟 (1),70216,70406,데이비드가 덴마크 이사회를 포섭해 협상을 준비한다.,실패 신약과 로열티를 묶어 원가 이하로 산다.,300배 가치 권리를 계약하고 중국 폭락을 실행한다.,로보와 10억 달러에 폐기신약의 모든 권리·연구자료를 넘기고 인슐린 로열티를 없애는 계약에 당일 서명한다. 귀국 직후 중국 공매도 D-DAY를 시작하지만 수익은 아직 발생 전이다.,로보가 숨은 가치를 알아채거나 중국이 태우를 지목할 수 있다.,계약서 서명으로 폐기신약 권리와 연구자료가 태우에 넘어오자 장면이 중국 공매도 개시로 전환된다.,10억 달러 지급조건의 폐기신약 전 권리·연구자료 계약과 인슐린 로열티 철폐가 지급된다. 중국 공매도는 개시됐지만 수익은 아직 없다.,기술·돈,태우는 폐기될 신약의 독점권리와 연구자료를 소유하고 중국 금융전은 실행단계에 들어간다.,중국 공매도 D-DAY가 시작되고 하루에 증발할 자금을 얼마나 포집할지 남는다.,폐기신약 전 권리·연구자료 계약; 인슐린 로열티 철폐,폐기신약 개발·상용화; 중국 공매도 수익,DCA-N34C,0.95
402,402,잭팟 (2),70407,70589,중국 증시가 하루 2%·1조 위안 하락한다.,공범 로비로 중국 보복을 늦추고 국내 관계자산을 얻는다.,고위층에 수익을 나누며 삼진 승계 거래를 연다.,금융사 이익 일부를 차명계좌로 중국 수뇌부에 보내고 병원에서 오희건의 후계 부탁을 듣는다.,금융사 반발과 오희건의 위중함이 있다.,오희건이 도움 대가로 태우그룹 지분을 넘기겠다고 한다.,"중국 수익 일부를 차명계좌로 보내 정치보험을 유지하고, 오희건으로부터 승계 조언 대가인 태우 지분을 이번 주 안에 넘기겠다는 약속을 얻는다. 실제 지분 이전은 아직 전이다.",돈·관계,"중국 작전 수익은 정치보험으로 지급되고, 삼진 승계 지원은 태우 지분 이전 약속과 오용재의 선택을 기다리는 단계로 열린다.","오용재가 승계 해법을 받아들일지, 오희건이 이번 주 실제로 태우 지분을 이전할지가 남는다.",중국 폭락 시작,오용재의 승계안 수락; 태우 지분 실제 이전,DCA-N35,0.95
403,403,잭팟 (3),70590,70762,오용재가 아버지 부탁대로 승계 도움을 청한다.,라이벌을 살려 정권 희생양 방패와 바이오 파트너로 만든다.,분식·뇌물 위험 없이 삼진 지배력을 높인다.,삼진바이오·물산 합병과 평창재단 출연 감액을 제안하고 센트리언 1공장·인슐린 생산권을 교환한다.,정권교체 뒤 분식회계·200억 원 뇌물 수사가 가능하다.,오용재가 공장부지와 추후 보상까지 약속해 거래를 받는다.,"삼진은 승계 길을, 태우는 경쟁그룹 우군과 바이오 생산망을 얻는다.",관계·사업,라이벌 구조가 상호 생존보험으로 바뀐다.,오용재는 공장부지와 함께 김민재가 나중에 청구할 합당한 추가 보상까지 받아들인다.,오희건 부탁,삼진 합병·센트리언 확장,DCA-N35,0.95
404,404,잭팟 (4),70763,70923,한정훈은 라이벌 삼진을 왜 살리는지 의문을 갖는다.,삼진을 정치 방패·팬데믹 생산 파트너로 활용한다.,신약 FDA 승인과 중국 저점자산을 병행한다.,삼진 존속 이유를 설명하고 중국 2800선까지 공매도·머오타이 매수를 지시하며 서정준에게 신약 임상을 재촉한다.,삼진이 다시 경쟁하고 중국 하락이 태우 수출에도 타격을 준다.,천민정은 폐기신약에 치명적 부작용이 없고 올해 하반기 출시 가능하다고 판정한다.,라이벌 협력과 다이어트 잭팟이 장기 생존축으로 결합한다.,기술·사업·돈,수백 배 매출 전망이 삼진 구제의 미래가치를 납득시킨다.,FDA 승인과 코로나계열 신약 준비가 열린다.,삼진 승계안,유고빈 승인·코로나 치료제,DCA-N35,0.95
405,405,잭팟 (5),70924,71095,센트리언 연구원 700명 중 mRNA 인력은 50명 미만이다.,유고빈 수익 전부터 다음 팬데믹 기술을 선점한다.,mRNA·DNA 인력·시설과 메르스 치료제를 확보한다.,연구원 대폭 증원·신축을 지시하고 위안화 절하 투자 중 국내 메르스 첫 환자를 확인해 사스 자료 인수까지 결정한다.,환자 수가 적어 치료제는 적자이고 특수시설 비용이 크다.,정부가 정보 은닉 중이라 태우의 선제 대응이 사회공헌으로 보일 기회가 된다.,비만치료제 잭팟이 코로나계열 연구 재원과 명분으로 전환된다.,생존·기술,수익 기대를 곧 감염병 준비비로 환류한다.,정부와 메르스 병상·치료 협상을 해야 한다.,유고빈 개발,메르스 치료·mRNA 기반,DCA-N35,0.95
406,406,좋은 오해 (1),71096,71268,메르스 환자 1명·의심 5명인데 정부는 공개를 미룬다.,정권이 태우 충성을 오해하게 하며 방역 인프라를 선점한다.,태우병원에 음압실·의료진·데이터 체계를 만든다.,R&D센터를 비우고 음압실 20곳·이동식 병실을 자비로 설치해 정부의 메르스 전담 요청을 받는다.,수백억 원 비용과 의료진 차출 반발이 있다.,정부가 대학병원 인력을 강제 파견해 감염자·시설 준비가 끝난다.,태우는 국가 방역 중심과 코로나 연구현장을 동시에 얻는다.,정치·생존·기술,재단 갈등이 충성 오해로 뒤집힌다.,천민정에게 모든 치료정보 수집시스템을 맡긴다.,메르스 첫 환자,방역 데이터·치료제,DCA-N35,0.95
407,407,좋은 오해 (2),71269,71428,천민정이 메르스 데이터를 AI로 수집하는 시스템을 만든다.,방역정보와 중국 공매도 협상을 장기 산업자산으로 바꾼다.,치료데이터와 해운 저가계약을 확보한다.,24시간 알고리즘을 가동하고 중국 리강을 통해 제리 왕을 만나 공매도 중단 대가를 기다린다.,중국 증발액이 경 단위이고 공매도 개입을 숨기기 어렵다.,제리 왕이 주도권을 잃고 자신의 용선료 카드를 스스로 찾기 시작한다.,"메르스 치료정보 수집망을 가동하고, 제리 왕과 용선료를 카드로 한 협상 주도권을 잡는다. 용선료 인하는 아직 제안·합의 전이다.",정보·돈·사업,병원 데이터망은 실제 가동되고 중국 협상은 제리 왕이 먼저 용선료 카드를 꺼내게 만드는 대기 단계로 넘어간다.,제리 왕이 10배 용선료를 얼마나 낮출지 남는다.,메르스 치료정보 수집망 가동; 제리 왕과 협상 주도권 확보,용선료 인하 제안·합의; 중국 공매도 중단 조건,DCA-N35,0.95
408,408,좋은 오해 (3),71429,71612,제리 왕이 한국 해운사 용선료를 협상카드로 낸다.,중국을 돕는 척 현진해운 비용구조를 고친다.,용선료 50% 인하와 공매도 통제권을 교환한다.,10% 제안을 거절해 절반 인하를 받아내고 귀국 후 독단 중단 금융사를 처벌하며 위안화 절하 수익을 이어간다.,중국 정부가 평가절하를 지속하고 타워 금융사가 이탈할 수 있다.,센트리언이 메르스 치료제 1차 임상에 성공한다.,해운 생존비용과 감염병 기술이 동시에 큰 전환점을 맞는다.,사업·생존·돈,100조 공매도보다 치료제 성공을 더 크게 반긴다.,김민재가 센트리언으로 달려간다.,용선료 협상,메르스 승인·공매도 청산,DCA-N35,0.95
409,409,좋은 오해 (4),71613,71796,센트리언이 사스 자료를 바탕으로 메르스 1차 임상에 성공한다.,국내 긴급승인을 FDA·유고빈 승인으로 연쇄시킨다.,메르스와 당뇨병 치료제를 세계시장에 올린다.,"식약처의 비난 부담을 이용해 한국 최초 메르스 치료제 긴급사용승인을 받고, FDA가 센트리언을 방문하면 메르스·당뇨병 치료제를 함께 보여 주라고 지시한다.",식약처·FDA 절차와 김장우의 비만치료 인식 거부가 있다.,"메르스 치료제가 긴급사용승인으로 즉시 출시되고 FDA 현장방문 계획이 잡히지만, 당뇨병 치료제의 FDA 승인은 아직 심사 전이다.",한국 최초 메르스 치료제 긴급사용승인·출시와 FDA 현장방문 계획을 얻는다. 당뇨병 치료제의 연내 FDA 승인은 목표로 남는다.,기술·지위,"규제 압력은 국내 긴급승인을 가속하지만, 센트리언의 글로벌 신약 지위는 FDA 현장실사·당뇨병 치료제 승인 결과를 기다린다.",FDA 현장실사에서 메르스 치료제와 당뇨병 치료제 자료를 직접 보여 주면 연내 승인을 앞당길 수 있는가?,메르스 1차 임상; 국내 긴급사용승인·출시,FDA 현장실사; 메르스·당뇨병 치료제 FDA 승인,DCA-N35,0.95
410,410,좋은 오해 (5),71797,71965,메르스 치료제가 판매되고 FDA 승인도 임박한다.,센트리언 저평가를 견디며 다음 세계정치 위기를 먹는다.,유고빈 승인까지 기다리고 브렉시트 포지션을 설계한다.,"메르스 치료제의 공식 판매를 시작하고 미국 FDA 허가가 다음 달 예상된다는 보고, 당뇨 신약 우선심사 약속을 받는다. 낮은 가격과 증권사 평가로 주가는 내려가지만 중국 금융시장은 안정됐고 브렉시트 작전은 준비한다.",환자 수가 적어 메르스 매출이 낮고 센트리언 주가가 하락한다.,메르스 치료제가 실제 판매를 시작했는데도 저가정책과 부정적 평가로 주가가 하락해 기술지급과 시장평가가 엇갈린다.,"메르스 치료제 공식 판매개시, 다음 달 미국 FDA 허가 전망과 당뇨 신약 우선심사 약속이 지급된다. FDA 승인과 브렉시트 수익은 아직 없다.",돈·기술·정치,태우는 메르스 치료제를 시장에 내놓고 당뇨 신약의 심사우선권을 얻지만 단기 주가 하락을 감수한다.,2~3월에 공개할 브렉시트 작전이 다음 금융승부로 남는다.,메르스 치료제 공식 판매개시; 당뇨 신약 우선심사 약속; 중국 금융시장 안정,메르스 미국 FDA 승인; 당뇨 신약 승인·생산; 브렉시트 작전,DCA-N35,0.95
411,411,격변의 서막 (1),71966,72141,한국 총선은 양당분열로 3자 혼전이다.,산업투자로 수도권·영남·호남을 묶어 대권 기반을 만든다.,국민경제당 과반과 최재석 대선구도를 만든다.,서울 지지율 30퍼센트를 계산하고 호남 공략을 위해 군산 조선소와 새만금에 쓸 10억 달러를 별도 자금으로 빼 두라고 지시한다.,기업자금의 정치목적 의혹과 현재중공업 장명준 설득이 필요하다.,10억 달러가 말 한마디로 집행될 태우의 규모가 선거판을 바꿀 카드가 된다.,국민경제당의 지역당 한계를 넘을 군산·새만금 산업투자 예산 10억 달러를 확보한다. 실제 발주·투자는 아직 전이다.,정치·사업,"정치자금 대신 실물 지역투자로 표심을 움직일 예산을 배정하지만, 군산 수주와 새만금 집행은 다음 협상으로 남는다.",장명준이 군산 수주와 탈당을 받아들일지 남는다.,서울 지지율 상승 확인; 호남 투자예산 10억 달러 별도 배정,군산 선박 발주; 새만금 투자; 장명준 영입,DCA-N36,0.95
412,412,격변의 서막 (2),72142,72298,장명준은 군산 조선소 폐쇄로 정치위기에 놓인다.,수주와 지역회생을 국민경제당 영입으로 바꾼다.,호남 지지율을 10% 높일 상징인물을 얻는다.,태우 선박 5억 달러를 군산 조선소에 일시불 발주하고 시위대에 사과한 뒤 최재석의 공로를 공개한다. 남은 5억 달러는 새만금 몫으로 두고 다른 기업을 끌어들여 총 20억 달러 이상을 만들 계획을 세운다.,여당 탈당은 장명준 정치생명을 끝낼 수 있다.,그가 시위대에 사과하고 최재석 공로를 공개해 민심을 돌린다.,국민경제당이 호남 산업구제 세력으로 재평가된다.,정치·사업,실업 시위가 일시불 수주 발표로 반전된다.,아직 집행 전인 새만금 5억 달러와 타기업 유치 계획을 실제 20억 달러 이상 투자로 만들 수 있는가?,군산 조선소 5억 달러 일시불 발주; 시위대 사과·최재석 공로 공개,새만금 5억 달러 실제 집행; 타기업 유치·20억 달러 조성; 장명준 영입,DCA-N36,0.95
413,413,격변의 서막 (3),72299,72490,트럼프가 예고 없이 한국을 찾아 대선불안을 털어놓는다.,미래 미국 우군과 국내 정보전을 동시에 강화한다.,트럼프 자신감을 살리고 총선 여론주도권을 얻는다.,당선 가능성을 재확인하고 강 대위·천민정의 범죄정보망으로 가짜뉴스 없이 양당 악행을 과대포장한다.,트럼프 변덕과 비밀 정치개입 노출 위험이 있다.,트럼프가 김민재 말을 무게 있게 받아들이고 북한 정보전 인력이 작전에 붙는다.,미국 대선·한국 총선 두 여론전이 태우 우군 쪽으로 정렬된다.,정치·정보,개인 격려와 시스템 여론전이 한 축으로 묶인다.,북한 상대 정보전 인력은 가짜뉴스 없이 거대 양당의 악행을 과대 포장해 국민경제당의 총선·대선 승리를 밀기 시작한다.,트럼프 후원,한한령·총선 정보전,DCA-N36,0.95
414,414,격변의 서막 (4),72491,72663,센트리언의 당뇨병 치료제 FDA 승인이 임박하고 빈 살만이 한국에 온다.,바이오 수확과 사우디 왕위변동을 동시에 확정한다.,당뇨병 치료제 생산공장을 늘리고 빈 살만을 왕세자로 올린다.,"당뇨 신약의 FDA 심사와 센트리언 증설계획을 점검하고, 주가가 네 배 오른 삼진바이오가 흑자와 무상 공장지원을 제안한 것을 확인한다. 국민경제당 지지율 1위 뒤 빈 살만은 아버지의 동의를 받았으며 1월 왕세자 교체·숙청을 준비한다고 밝힌다.",숙청에는 반란·암살 위험이 있고 신약 생산량도 부족하다.,빈 살만이 부왕의 동의와 왕세자 교체·숙청계획을 털어놓으며 사업동맹이 목숨과 왕위계획을 공유하는 우정으로 깊어진다.,"삼진바이오 주가 네 배·흑자와 무상 공장지원 제안, 국민경제당 지지율 1위, 빈 살만의 부왕 동의 확보가 지급된다. FDA 승인·공장증설·왕세자 교체·숙청은 아직 전이다.",관계·기술·정치,"신약 생산축은 흑자기업의 공장지원선을 얻고, 김민재와 빈 살만은 왕위계획을 밤새 공유하는 친구관계로 바뀐다.",숙청 뒤에는 예전처럼 돌아오기 어려운 두 사람이 친구로 밤새 이야기를 나눈다.,삼진바이오 흑자·무상 공장지원 제안; 국민경제당 지지율 1위; 빈 살만의 부왕 동의,당뇨 신약 FDA 승인·증설; 빈 살만 왕세자 교체·숙청,DCA-N36,0.95
415,415,격변의 서막 (5),72664,72834,유고빈이 FDA 승인을 받고 센트리언 주가가 10% 오른다.,신약·중국폭락 수확을 자율주행 실험으로 재투자한다.,렌터카·화물차에 원격조종·자율주행을 적용한다.,중국 서킷브레이커를 점검하며 사장단회의에서 범캣 AI·자동차 데이터를 렌터카와 협업시킨다.,유고빈 입소문에는 1년이 필요하고 자율주행 안전데이터가 부족하다.,렌터카 업체와 미국 화물망이 원격조종·자율주행 실험대상이 될 수 있다.,바이오 잭팟이 이동기술의 다음 수확 씨앗으로 이어진다.,기술·돈,FDA 보상 뒤 새 제품실험을 즉시 연다.,강 대위의 렌터카와 미국 화물망에 원격조종을 먼저 적용해 안전성을 증명할 실험선이 정해진다.,유고빈 FDA,중국 서킷·자율주행,DCA-N36B,0.95
416,416,수확의 시간 (1),72835,73014,2016년 강 대위 렌터카 25만 대에 원격기술을 붙인다.,대규모 실차데이터와 중국 공매도 수익을 동시에 수확한다.,자율주행 정보를 모으며 중국 광기를 더 공격한다.,미국 화물사까지 협업을 확대하고 중국 개장 한 시간 7%·700조 원 증발에도 주말까지 청산을 미룬다.,원격조종 사고와 늦은 숏커버 위험이 있다.,중국이 한 시간 만에 장을 닫아 공매도 수익이 폭발한다.,태우는 미래 이동기술 데이터와 국가급 군자금을 얻는다.,기술·돈,25만 대 규모와 700조 증발이 이중 스케일 보상이다.,이틀 뒤 두 번째 서킷브레이커가 기다린다.,자율주행 실험망,중국 2차 폭락·수익청산,DCA-N36B,0.95
417,417,수확의 시간 (2),73015,73175,중국은 이틀 숨고르기 뒤 10분 만에 다시 5.5% 폭락한다.,최대 1천조 수익을 새 국가산업에 투자한다.,청산을 준비하며 새만금 산업단지를 연다.,태우·핀테크 예상수익 400조를 확인하고 고위층 로비를 유지하며 200조 중 100조를 새 먹거리에 쓰겠다고 한다.,경 단위 청산은 오래 걸리고 새만금 화학단지에 시민단체가 반발한다.,지역주민이 외부단체와 직접 합의하지 않으면 철수한다는 협상구조가 선다.,금융 수확이 지역 산업·정치 대전환 자금으로 바뀐다.,돈·정치·사업,폭락 숫자 뒤 지역갈등이라는 현실비용을 붙인다.,태우의 철수 선언 앞에서 지역 주민들이 외부 시민단체와 어떤 합의를 만들지가 남는다.,중국 2차 폭락,새만금 산업·지역주민과 시민단체의 합의,DCA-N36B,0.95
418,418,수확의 시간 (3),73176,73359,태우가 숏커버해도 중국 증시는 계속 떨어진다.,수익 청산과 한국 해운·항만 구조를 결합한다.,현진해운·현재상선과 부산신항을 확보한다.,전세계 매도세를 이용해 청산하고 두 해운사 채권단 차이를 분석해 최재석에게 부산항 공약을 제시한다.,해운사는 대마불사를 믿고 인수비용도 크다.,최재석 측이 해운·항구 정책을 국민경제당 공약으로 만들기로 한다.,태우의 성장동력이 금융수익에서 세계물류 주권으로 이동한다.,돈·사업·정치,중국 수확이 한국 구조조정 기회로 환류된다.,김민재는 해운사와 부산 신항 투자의 본목적이 태우 제품을 세계에 끊김 없이 공급할 물류 주권임을 못 박는다.,중국 수익청산,해운사·부산항 인수,DCA-N36B,0.95
419,419,수확의 시간 (4),73360,73524,삼진바이오·물산 합병으로 오용재 승계가 끝난다.,도운 라이벌에게 상속세 대신 핵심 반도체 지분을 받는다.,ASML 1.6%와 장비 우선권을 확보한다.,"오용재 일가의 상속세 신용대출을 약속하고 삼진이 가진 ASML 지분 3퍼센트를 현재가에 넘기는 매매에 합의한 뒤, 미국·대만 매도물량도 사들이라고 지시한다.",상속세 규모가 크고 삼진과 태우는 국내 경쟁자다.,"오용재가 은혜를 갚아 ASML 지분 매매를 받아들이고 이번 주 실무진을 보내기로 하지만, 지분 이전과 장비 우선권의 실제 귀속은 아직 전이다.",삼진 승계를 결산하고 ASML 지분 3퍼센트 매매 합의와 추가 매집 지시를 얻는다. 지분 이전·장비 우선권은 실무계약 이후다.,기술·관계·돈,"라이벌 협력은 ASML 지분 매매 합의라는 실물 보상으로 진전되지만, 소유권과 장비 우선권은 아직 이전 전이다.",최재석이 생각을 정리한 해운업 문제를 다음 날 어떤 조건으로 풀지 남는다.,삼진 후계승계; ASML 지분 3퍼센트 매매 합의,ASML 지분 실무계약·이전; 미국·대만 추가지분 매집; 장비 우선권; 해운정책,DCA-N36B,0.95
420,420,수확의 시간 (5),73525,73689,유고빈 체중감량 입소문이 광고 전부터 터진다.,바이오·해운·부동산 세 수확을 총선 산업정책으로 묶는다.,새만금·부산신항·PF 50조 원을 집행한다.,"최재석과 새만금 화학단지 안전·해운 빅딜 방향을 합의하고, 수도권·광역시 부동산 PF 30조 원을 금융타워에 권유하되 참여가 없으면 태우 자금으로 하겠다고 정한다.",환경단체 반발과 부동산·정치 결탁 비판이 있다.,"태우증권이 움직이면 30조 원을 하루에도 채울 수 있다는 자금력은 확인되지만, 금융사 모집과 PF 투자는 아직 실행 전이다.",새만금·부산 신항·부동산 PF를 묶은 총선 정책과 30조 원 모집 경로를 설계한다. 50조 원 실제 투자나 과반 의석은 아직 지급 전이다.,정치·사업·돈,"국민경제당의 총선안은 50조 원 규모 계획으로 구체화되지만, 금융사 참여·PF 집행·표심 결과는 열려 있다.","금융타워 권유만으로 PF 30조 원을 실제 채우고, 새만금·부산 신항과 합친 50조 원 계획을 집행할 수 있는가?",새만금·해운 정책 방향 합의; 부동산 PF 30조 원 모집안 설계,금융사 PF 참여·실제 투자; 50조 정책 발표·집행; 총선 결과,DCA-N36C,0.95
421,421,미끼 상품 (1),73690,73855,최재석이 새만금·부산신항·PF 50조 정책을 발표한다.,정치적 관심을 건설·해운 빅딜 미끼로 사용한다.,민간 기업들이 PF와 공사를 먼저 요구하게 만든다.,태우건설이 일단 수주한 뒤 타건설사에 나눌 구조를 숨기고 채권단 해운빅딜은 총선까지 기다린다.,정부는 민간빅딜을 지연시키고 태우 독점 비판이 생길 수 있다.,국민경제당 정책이 검색 1위를 장악하고 건설사들이 태우 미끼에 몰릴 판이 선다.,총선 산업투자가 기업동맹 모집 플랫폼으로 변한다.,정치·사업,발표 보상이 곧 미끼의 실제 작동으로 넘어간다.,총선 후 탄핵 정국과 해운인수를 기다린다.,50조 정책 기획,건설사 컨소시엄·해운빅딜,DCA-N36C,0.95
422,422,미끼 상품 (2),73856,74020,한 부회장이 청와대 압박에도 PF를 늦추는 동안 총선 투표일과 유고빈 증산이 함께 다가온다.,정책 미끼가 표와 고수익 신약 주문으로 실제 반응하는 모습을 보여 준다.,국민경제당 승리와 해운 인수를 동시에 준비한다.,정부의 태우 압박을 버티며 현재·현진 측에 채권단 정보를 흘리고 미국이 유고빈 전량을 소화하도록 생산량을 늘린다.,정부가 민간 PF를 견제하고 총선 출구조사도 승리를 단정하지 못한다.,유고빈은 증산할수록 영업이익률이 30%에서 45%로 오르는 현금창출원이 된다.,정책 지지와 바이오 수익이라는 두 미끼가 모두 실적을 낸다.,정치·돈·사업,총선 직전까지 눌러 둔 전략이 투표 결과만 남긴다.,총선 당일 높은 투표율 속에 출구조사가 시작된다.,유고빈 대량주문 가능성,국민경제당 총선결과·해운 인수정보전,DCA-N36C,0.95
423,423,미끼 상품 (3),74021,74192,총선 개표에서 국민경제당이 양대 정당에 맞먹는 대승을 거둔다.,산업정책이 실제 의석과 협상력으로 환산되는 정치 보상을 준다.,승리 직후 현재해운 지분과 건설사까지 인수판에 끌어들인다.,최재석에게 긴장을 늦추지 말라고 한 뒤 장명준에게 군산 지원의 대가로 현재가 보유 지분과 건설계열 연결을 요구한다.,선거는 끝났어도 대통령·기존 여당과 해운 채권단의 저항이 남아 있다.,장명준이 과거 도움을 갚겠다며 현재가 설득과 지분 매각에 협력한다.,국민경제당의 표가 재벌가·해운사 협상을 움직이는 권력으로 변한다.,정치·관계·사업,총선 대승과 장명준의 상환 약속이 동시에 지급된다.,현재가 건설사들이 PF 미끼를 물도록 설계한다.,국민경제당 총선승리,현재가 지분매각·건설사 PF 참여,DCA-N36C,0.95
424,424,미끼 상품 (4),74193,74368,장명준을 통해 현재가 건설사를 PF에 끌어들일 길이 열린다.,정부의 보복을 역으로 정권 붕괴 재료로 바꾸는 반격을 약속한다.,태우 전 계열사 세무조사를 멈추고 청와대 비선 문제를 공개한다.,산업은행장 이명걸과 자연스러운 접촉을 만든 뒤 국세청 라인을 보호하려 범서북파 자료를 강대위와 명동을 통해 언론에 흘린다.,청와대가 PF·해운 지시에 불복한 태우를 전면 세무조사하려 한다.,보복성 세무조사라는 압박이 오히려 청와대 불법 권력의 증거를 폭로할 명분이 된다.,기업 방어전이 대통령 책임을 묻는 정국 전환으로 확대된다.,정치·정보·관계,국세청 조직을 소모하지 않고 언론이라는 우회로를 확보한다.,"태우그룹은 처음 정부에 반기를 들고, 범서북파 자료를 받은 언론이 청와대 불법 권력을 얼마나 파고들지 기다린다.",현재가 PF 유인 경로,범서북파 폭로·정권퇴진,DCA-N36C,0.95
425,425,미끼 상품 (5),74369,74533,범서북파 폭로가 케이블 뉴스의 추가 취재와 공무원 이탈을 부른다.,세무조사 위기를 대통령 퇴진과 조기대선 기회로 결산한다.,탄핵보다 빠른 자진 하야를 대통령에게 선택시키려 한다.,국민경제당이 보복성 세무조사를 공개 비판하게 하고 최재석과 60일 이내 조기대선 시나리오를 계산한다.,대통령은 사과로 버티거나 장기 탄핵 절차를 택할 수 있다.,정권의 불법 조직과 지지율 추락이 자진 사퇴 요구를 현실적 선택으로 만든다.,총선 승리 국면이 곧 대통령 교체 국면으로 넘어간다.,정치·지위,폭로가 추상적 비판이 아니라 조기대선 시간표를 만든다.,탄핵 대신 하야라는 선택지를 청와대에 가져갈지는 최재석의 몫으로 남는다.,총선 미끼작전,대통령 하야·60일 조기대선,DCA-N36C,0.95
426,426,역대급 (1),74534,74703,대통령 사과에도 지지율이 18%로 추락하고 여당 의원 30명이 이탈한다.,현직 대통령을 스스로 물러나게 하는 역대급 정치 전환을 지급한다.,최재석이 청와대 독대에서 자진 사퇴를 확정한다.,탄핵은 국정 공백만 길어진다고 압박하고 동시에 6월 23일 브렉시트 국민투표 투자 준비를 유지한다.,대통령은 불명예스러운 하야보다 탄핵 심판을 원한다.,대통령이 긴급 담화에서 모든 책임을 지고 물러나겠다고 선언한다.,김민재와 최재석의 압박이 대통령의 전국 생중계 자진 사퇴 약속을 끌어낸다.,정치·지위,청와대 독대의 사퇴 요구가 대통령 본인의 공개 담화로 바뀌지만 실제 하야 절차는 아직 남는다.,모든 책임을 지고 물러나겠다는 대통령의 한 문장이 실제 하야와 대선 시계를 어떻게 움직일지 남는다.,범서북파 폭로·하야 압박,조기대선·브렉시트 거래,DCA-N36C,0.95
427,427,역대급 (2),74704,74857,헌정사상 첫 대통령 자진 사퇴로 60일 조기대선이 확정된다.,정치 심판을 대형 산업 비전으로 덮어 최재석의 집권 명분을 만든다.,700조 원 반도체 도시를 최재석의 1호 공약으로 세운다.,정부는 인허가와 기반공사를 맡고 태우가 투자·기업 유치를 담당하는 구도를 최재석에게 제안한다.,어두운 탄핵 프레임과 짧은 선거기간 때문에 긍정 의제를 확산할 시간이 부족하다.,최재석이 700조 반도체 도시 공약을 즉시 받아들인다.,김민재의 기업 구상이 국가 대선의 핵심 성장서사로 승격된다.,정치·사업·지위,조기대선 위기가 압도적 규모의 미래 공약으로 전환된다.,공약을 뒷받침할 토지·자금·고용 실물을 준비한다.,대통령의 하야 선언; 60일 조기대선 시계 확정,대선까지 대통령 직 유지와 실제 이양; 700조 반도체 도시 공약·실행,DCA-N37,0.95
428,428,역대급 (3),74858,75029,명동이 반도체 도시 예정지 100만 평 이상을 평당 30만 원에 선매입해 두었다.,토지정보와 금융지원이 10조 원 재투자와 전국 고용으로 불어나는 보상을 보여 준다.,반도체 도시 1구역의 땅과 공사인력을 선점한다.,토지공사 매각으로 받은 6조 지원금과 4조 보상금을 다시 부지에 투입하고 태우건설이 평생 유지보수 일자리와 용접공·일용직 대규모 채용을 설계하게 한다.,700조 계획은 토지 수용·숙련인력 부족과 막대한 선투자를 감당해야 한다.,명동 자금 10조가 부지 재매입으로 돌아가고 고임금 장기 일자리가 전국 인력을 끌어들인다.,선거 공약이 토지·고용·공사 계약을 가진 실행사업으로 변한다.,돈·사업·고용,선취한 땅이 차익뿐 아니라 다음 구역의 투자원금이 된다.,최재석이 700조 공약을 전국에 발표한다.,반도체 도시 선매입,1구역 착공·전국 건설인력 유입,DCA-N37,0.95
429,429,역대급 (4),75030,75208,최재석의 700조 반도체 도시 발표가 전국 여론과 경기권 땅값을 뒤흔든다.,대선 흥행 뒤 곧바로 부실 해운사를 싼값에 묶는 인수 보상을 예고한다.,현재상선·현진해운의 손실을 채권단과 오너가에 분담시킨다.,채권단 회의에서 합산 약 8조 원 적자와 현진가 무상감자·사재출연을 근거로 대규모 채무조정을 요구한다.,채권단은 세금 손실을 꺼리고 오너가는 경영권과 자산을 내놓아야 한다.,정치권을 장악한 투자 발표가 채권단에게 청산보다 통합 매각이 낫다는 압력으로 작동한다.,반도체 도시의 정치자본이 해운 구조조정 협상력으로 전환된다.,정치·사업·돈,700조 발표의 열기가 곧 8조 적자 정리 협상으로 이어진다.,채권단이 제시한 10% 탕감보다 두 배 큰 손실분담을 밀어붙인다.,700조 공약 공개,해운 채무조정·통합 인수,DCA-N37,0.95
430,430,역대급 (5),75209,75383,채권단은 8천억 원 탕감만 제시하지만 김민재는 1조6천억 원을 요구한다.,부실 두 회사를 세계급 물류 계열사로 바꾸는 실물 결산을 준다.,채무·용선료를 낮춘 현재상선과 현진해운을 함께 인수한다.,현재해운 부채 20퍼센트인 1조6천억 원을 탕감받고 매각계약에 서명한다. 도장을 찍은 뒤 남은 부채를 일시상환하고 현진·현재해운을 태우상사에 편입한다.,통합 후에도 막대한 적자와 해운 카르텔의 견제를 감수해야 한다.,매각계약 날인과 잔여부채 일시상환으로 선거용 해운구상이 실제 소유권 이전으로 닫힌다.,"1조6천억 원 채무탕감, 현재해운 매각계약 서명, 잔여부채 일시상환과 현진·현재해운의 태우상사 편입이 지급된다.",사업·돈·지위,태우상사는 두 대형 해운사를 소유해 글로벌 물류망을 확장하고 부채정리를 마친다.,대한타이어 주성재 회장이 승계 문제로 면담을 청한다.,현재해운 1조6천억 원 탕감·매각서명·잔여부채 상환; 현진·현재해운 편입,대한타이어 승계; 해운 카르텔 대응,DCA-N37,0.95
431,431,왕자의 난 (1),75384,75552,주성재가 대한타이어 승계를 부탁하고 사우디에서는 왕족 숙청이 시작된다.,국내 승계 지원과 중동 권력동맹을 한 축으로 묶는 관계 보상을 약속한다.,대한타이어 후계구도를 돕고 빈 살만의 권력 장악에 협력한다.,태우 자동차계열이 전기차 타이어 개발 명목으로 2조 원 이상 투자하게 하고 사우디 숙청 대상 정보를 빈 살만에게 제공한다.,승계 개입은 재벌 간 이해충돌을 낳고 사우디 왕자의 난은 실패 시 외교관계까지 위험하다.,투자를 통한 간접 승계지원과 2천 계좌 동결·왕족 200명 구금이 동시에 진행된다.,김민재의 동맹망이 국내 재벌에서 사우디 차기 권력까지 확대된다.,관계·정치·돈,전기차 투자와 숙청 정보가 두 후계자의 권력기반을 만든다.,"빈 살만은 이름이 아직 드러나지 않은 왕자 한 명을 생포했고, 김민재는 숙청 성공과 사우디 우군화를 기다린다.",대한타이어 승계 요청,빈 살만 왕권확립·사우디 자산회수,DCA-N37B,0.95
432,432,왕자의 난 (2),75553,75753,붙잡힌 칼리드 왕자가 20억 달러만 내놓으려 하지만 실제 재산은 110억 달러로 파악된다.,미래 사우디 실권자를 확정하고 거대한 석유·투자 동맹을 선점한다.,빈 살만이 왕실자금을 회수해 절대권력을 잡도록 돕는다.,제공한 자산정보로 왕족들의 은닉재산을 끝까지 추궁하게 하고 사우디 석유기업 매각 가능성과 코로나기 저유가를 연결해 본다.,왕족 반발과 국제 비판 속에서 숙청이 실패하면 김민재도 적이 된다.,사우디가 500억 달러 이상을 회수하고 빈 살만이 차기 권력자로 공인된다.,정보 지원이 세계 최대 산유국의 절대적 신뢰로 환산된다.,정치·관계·돈,왕자의 난이 빈 살만의 승리와 500억 달러 회수로 결산된다.,한국 대선과 미국 대선이라는 두 권력 교체가 남는다.,사우디 숙청 지원,사우디 석유자산·한미 대선,DCA-N37B,0.95
433,433,왕자의 난 (3),75754,75944,최재석이 15%포인트 우세와 사드 배치 공약을 지키며 대통령에 당선된다.,총선부터 하야까지 밀어온 정치투자가 대통령 동맹으로 결산된다.,새 정부와 해운·반도체 사업을 실행하고 센트리언의 차세대 기술을 확보한다.,최재석의 국익 중심 승리 연설을 지켜본 뒤 한 달 뒤 제리 왕과 용선료 재협상을 준비하고 유전자 가위 특허 자체 인수를 지시한다.,사드로 중국 보복이 예상되고 유전자 가위는 세 연구집단의 특허분쟁에 묶여 있다.,최재석 정부가 출범하고 김민재는 분쟁 당사자 모두를 사들이는 해법을 택한다.,정치권 장악이 해운·바이오의 다음 글로벌 협상으로 연결된다.,정치·기술·관계,조기대선 승리라는 대형 보상 뒤 특허전이라는 새 난제가 열린다.,특허분쟁 중인 세 유전자 가위 진영을 각각 만나 기술·연구진을 한꺼번에 확보할 수 있는가?,최재석 대통령 당선,용선료 재협상·유전자 가위 특허전,DCA-N37B,0.95
434,434,왕자의 난 (4),75945,76117,유전자 가위 원천특허가 버클리와 브로드 등 세 진영의 소송으로 갈라져 있다.,분쟁 중인 노벨상급 기술을 돈과 연구환경으로 통째로 묶는 독식 전략을 보여 준다.,세 연구진의 특허와 인력을 센트리언으로 가져온다.,데이비드에게 각 진영 협상과 로비를 맡기고 무제한 연구비·한국 연구소를 제시하는 한편 로보의 유고빈 지분소송에는 AI 기술절도 맞소송을 준비한다.,미국·덴마크 소송과 연구진 간 감정대립 때문에 단일 합의가 어렵다.,방어해야 할 소송이 오히려 로보의 약점과 세계급 연구진 영입 명분을 제공한다.,유고빈 분쟁이 센트리언의 차세대 플랫폼 확보전으로 확대된다.,기술·법률·사업,수동 방어가 아닌 특허·사람 전체 인수라는 해법이 제시된다.,브렉시트 개표에서 탈퇴가 확정된다.,유전자 가위 인수방향,브렉시트 수익·로보 맞소송,DCA-N37B,0.95
435,435,왕자의 난 (5),76118,76286,영국의 브렉시트 찬성이 과거대로 확정되어 금융타워의 통화 포지션이 열린다.,회귀정보가 정치·환율·사우디 동맹에서 연쇄 수확되는 결산을 준다.,브렉시트 수익을 거두고 미중 무역전쟁 대비를 시작한다.,브렉시트 국민투표 통과와 파운드 공략 개시를 확인한다. 빈 살만은 왕세자에 올라 500명 이상을 숙청하고 1천억 달러가 넘는 자산을 회수한 뒤 김민재와 다시 만난다.,영국 경제 충격의 크기는 달라질 수 있고 미국 대선 결과도 아직 확정되지 않았다.,숙청을 끝낸 빈 살만이 왕세자의 위엄으로 돌아오면서 과거의 우정이 국가권력 동맹으로 바뀐다.,"브렉시트 통과, 빈 살만의 왕세자 등극·500명 이상 숙청·1천억 달러 초과 자산회수가 지급된다. 파운드 공략의 최종수익은 아직 남는다.",돈·정치·관계,빈 살만은 사우디 차기권력을 장악하고 김민재는 왕세자와 직접 연결된 국가동맹을 얻는다.,숙청을 마친 빈 살만의 위엄과 김민재를 향한 깊어진 신뢰가 다음 미중전쟁의 사우디 동맹을 연다.,브렉시트 투표 통과; 빈 살만 왕세자 등극·숙청·자산회수,파운드 공략 최종수익; 미중 무역전쟁; 사우디 장기사업동맹,DCA-N37B,0.95
436,436,재협상 (1),76287,76460,제리 왕과 스무 선주가 기존 용선료 할인 합의를 취소하려 한국에 온다.,상대의 담합을 선박 보유량으로 뒤집는 협상 쾌감을 약속한다.,기존 계약을 70% 낮추고 5년 장기계약까지 유리하게 묶는다.,5년치 선납을 제시한 뒤 태우가 이미 60만 TEU 자가선복을 갖췄다고 공개해 계약 파기 시 직접 운항하겠다고 압박한다.,선주들은 50% 인하만 받아들이며 공동전선을 유지하려 한다.,빌린 선복과 맞먹는 자가선박 60만 TEU가 드러나면서 협상 우위가 태우로 넘어간다.,부실 해운 인수의 약점이 선주들을 경쟁시키는 구매력으로 바뀐다.,사업·돈·지위,숨겨 둔 선박이 선주 카르텔의 재협상 요구를 꺾는다.,선박 회수 협박이 무력해진 제리 왕과 스무 선주가 김민재의 조건을 다시 계산해야 한다.,선박 저가매집,용선계약 확정·해운동맹 가입,DCA-N38,0.95
437,437,재협상 (2),76461,76628,통합 태우해운의 선복량은 110만 TEU이고 자가선박만으로도 빌린 규모와 맞먹는다.,부실 인수의 고정비를 반으로 줄이고 세계 해운판 진입권을 얻는다.,선주별 계약을 마감하고 2M 해운동맹 진입경로를 찾는다.,기존 용선료 50% 인하와 추가 5년 계약·미납금 선납을 묶어 당일 서명시키고 제리 왕에게 동맹 재편 정보를 받는다.,머스크가 현재상선만 원하고 현진해운을 배제해 태우 통합안을 받아들이지 않는다.,선주들은 갈라져 같은 날 서명하지만 2M의 현진 배제 의도가 새 장애로 드러난다.,원가구조는 정상화되고 경쟁축은 선주에서 글로벌 동맹으로 이동한다.,사업·돈·정보,용선료 절반이라는 확정 보상 뒤 카르텔 배제라는 더 큰 벽이 선다.,태우는 미국 정치력을 이용해 해운동맹 질서를 깨기로 한다.,용선료 재협상,2M 배제·미국 해운동맹 공략,DCA-N38,0.95
438,438,재협상 (3),76629,76807,로보가 미국과 덴마크에서 유고빈 지분소송을 동시에 제기한다.,상대의 법정공세를 기술절도 증거로 맞받아치는 기업전 보상을 준다.,로보 소송을 철회시키고 센트리언 지분을 지킨다.,과거 협업 중 로보가 AI 신약기술을 빼간 기록을 증거로 미국 대형 로펌의 맞소송을 제기하고 태우해운의 2M 가입도 병행한다.,다국가 소송비와 평판 손실이 크고 해운동맹도 통합사를 배척한다.,AI 기술절도 증거 때문에 로보 경영진이 오히려 패소와 배상 위험에 몰린다.,수세였던 바이오·해운 양쪽에서 상대 카르텔의 약점을 공격하기 시작한다.,법률·기술·사업,확실한 증거와 자금력으로 로보가 협상을 청할 처지가 된다.,"태우해운의 2M 가입 신청에 이번 달 안으로 답해야 하고, 태우는 코로나 호황까지 버틸 동맹이 필요하다.",유고빈 지분 방어,로보 합의·2M 가입,DCA-N38,0.95
439,439,재협상 (4),76808,76961,로보 대표 러스가 맞소송을 멈추기 위해 김민재를 찾아온다.,소송을 건 상대에게 지분 없이 후퇴를 받아내는 우위 보상을 약속한다.,유고빈 권리를 내주지 않고 양측 소송만 끝낸다.,AI 절도 증거와 장기전 비용을 들이밀며 지분 요구를 거절하고 상호 무조건 취하 외에는 받지 않겠다고 버틴다.,로보는 유고빈 성공에 기여했다는 명분과 글로벌 제약 네트워크를 협상 카드로 쓴다.,러스가 지분협상 대신 소송 동시취하를 받아들일 수밖에 없는 구도로 몰린다.,센트리언이 로보와의 종속적 관계를 끊고 독자 권리를 지킨다.,법률·관계·사업,맞소송 카드가 유고빈 지분 전량 보존이라는 실리를 만든다.,"러스는 태우가 50억 달러를 내고 2M에 들어오리라 믿지만, 김민재는 그 돈이면 자체 카르텔을 만들겠다고 결심한다.",로보 맞소송,상호 소취하·자체 해운 카르텔 설계,DCA-N38,0.95
440,440,재협상 (5),76962,77140,로보와 상호 무조건 소송 취하가 확정되고 태우해운은 280만 TEU로 세계 4위에 오른다.,바이오 분쟁을 닫고 국가를 동원해 해운 카르텔을 깨는 더 큰 판을 연다.,미국 해운사와 새 동맹을 만들고 태우가 주도권을 잡는다.,로보와 조건 없는 상호소송 취하에 합의해 유고빈 권리를 확정한다. 태우해운 선복량 약 280만 TEU·세계 4위를 확인하고 미국 주도 해운동맹은 추진을 맡긴다. 이영한은 반도체도시 1구역을 4조 원에 매입해 7천억 원 차익을 냈고 2·3구역에 10조 원 이상을 투입해 착공을 최소 2년 앞당긴다.,2M 두 회사는 800만 TEU가 넘고 기존 동맹들은 배신자에게 보복할 수 있다.,로보 소송이 철회된 뒤 해운 선복량과 이영한의 토지매입 수치가 드러나며 법정방어가 물류·도시 자산으로 환산된다.,"로보와의 무조건 상호소송 취하·유고빈 권리확정, 태우해운 약 280만 TEU·세계 4위, 반도체도시 1구역 7천억 원 차익과 2·3구역 10조 원 이상 투자·착공 2년 단축이 지급된다. 미국 해운동맹은 아직 추진 중이다.",사업·정치·돈,태우는 유고빈 권리를 지키고 세계 4위 해운규모와 반도체도시 선매입·착공시간 우위를 확보한다.,김민재가 이영한에게 명동 방식으로 더 큰 수익을 낼 다음 토지사업을 약속한다.,로보 상호소송 취하·유고빈 권리확정; 태우해운 세계 4위 확인; 반도체도시 토지차익·착공단축,미국 주도 해운동맹; 반도체도시 추가부지; 이영한·명동의 다음 투자,DCA-N38,0.95
441,441,규제 활용 (1),77141,77310,제주 코코아 렌터카의 원격 반납 모델이 자율주행 이전 단계로 자리 잡는다.,낡은 규제와 연구경쟁을 모두 선점자 자산으로 바꾸는 보상을 예고한다.,전국 주차장을 확보하고 유전자 가위 연구진에게 센트리언 역량을 증명한다.,원격 이동 가능한 거점 주차장을 매입하게 하고 버클리·브로드 팀을 따로 초청해 mRNA와 돌연변이 연구시설을 여섯 시간 넘게 보여 준다.,완전자율주행은 허가 전이고 양측 과학자들은 특허소송으로 서로를 불신한다.,예정된 투어를 넘긴 연구진이 센트리언 기술에 빠져 질문을 멈추지 않는다.,렌터카 실험과 바이오 시설이 각각 시장·인재 선점 플랫폼이 된다.,기술·사업·자산,규제 대기시간이 주차장과 연구진 관심이라는 선취 보상으로 돌아온다.,버클리팀과 브로드팀은 서로 만나지 않은 채 각각 센트리언 연구소에서 예정 시간을 여섯 시간 넘겨 버린다.,코코아 원격반납 실증,전국 주차장·유전자 가위 공동영입,DCA-N38B,0.95
442,442,규제 활용 (2),77311,77484,김민재가 버클리와 브로드 연구진을 의도적으로 한자리에 모은다.,특허전쟁 자체를 끝내고 권리·인력 전부를 가져오는 독식 보상을 준다.,양 진영이 소송을 접고 센트리언 공동 연구센터에 들어오게 한다.,두 배 연봉·무제한 연구비·IIT 교수직을 제시하며 모든 유전자 가위 권리를 센트리언·태우와 공유하는 합의를 끌어낸다.,오랜 감정싸움과 대학별 권리관계 때문에 단순 채용으로는 묶기 어렵다.,두 팀이 같은 달 한국 연구센터를 열고 특허를 공동 사용하기로 합의한다.,센트리언이 mRNA에 이어 유전자 가위 플랫폼까지 확보한다.,기술·인재·권리,분쟁 중이던 노벨상급 연구진과 특허가 하나의 센터로 결산된다.,편법·불법 연구 목록을 눈앞에 받은 김진우를 법적 구제와 연구 지원으로 실제 영입할 수 있는가?,해외 유전자 가위 영입,김진우 법적 구제·영입; 국내 유전자 가위 연구팀 확보,DCA-N38B,0.95
443,443,규제 활용 (3),77485,77653,김진우는 외주 연구비 때문에 횡령 누명을 쓰고 연구실 전체가 흔들린다.,억울한 과학자와 팀을 통째로 구해 충성도 높은 원천기술 인재를 얻는다.,김진우의 법적 문제를 해결하고 연구원 전원을 센트리언에 묶는다.,최정예 변호인단과 최고 수준 보수·연구비를 약속하고 핵심 연구진이 빠져나가지 못하도록 일괄 영입한다.,형사 혐의와 대학 조직의 압박 때문에 개인 제안만으로는 팀이 유지되지 않는다.,김진우가 태우를 적이 아닌 확실한 편으로 받아들이고 팀 전체가 합류한다.,김진우와 핵심 연구진이 태우의 법률 방어·최고 보수·연구비 약속을 받아들이고 팀 보존·합류를 결정한다. 누명 해소 판결은 아직 전이다.,기술·관계·법률,"김진우는 태우를 확실한 편으로 받아들이고 팀 전체 합류를 정하지만, 법적 누명 구제는 최정예 변호인단이 맡을 과제로 남는다.",사드 불매와 곧 닥칠 미중 갈등에서 국가와 동등하게 협상하려면 얼마나 더 큰 자본 카드를 쥐어야 하는가?,김진우·핵심 연구팀 합류 결정; 법률 방어·보수·연구비 약속,김진우 누명 해소; 미국 대선·해운규제; 한중·미중 무역갈등,DCA-N38B,0.95
444,444,규제 활용 (4),77654,77841,2016년 미국 대선에서 언론은 민주당 승률을 90% 이상으로 본다.,회귀정보로 역배당 수익과 차기 대통령의 직접 부채를 함께 얻는다.,트럼프 승리에 3천억 원을 걸고 해운 규제개편 약속을 현실화한다.,러스트벨트와 경합주 결과를 따라 포지션을 유지하고 50억 달러 미국 투자계획을 트럼프 캠프에 연결한다.,여론조사와 언론 전망이 압도적으로 반대이며 결과가 바뀌면 투자·로비가 모두 흔들린다.,트럼프가 핵심 주를 뒤집어 당선되고 승리 직후 김민재에게 먼저 전화한다.,금융 베팅이 미국 대통령과의 직통관계로 격상된다.,돈·정치·관계,역배당 수익보다 큰 보상으로 차기 대통령의 감사와 규제 청구권을 얻는다.,트럼프가 백악관에 들어간 뒤 감사가 옅어지기 전에 해운 카르텔 규제 도움을 어떻게 청구할 것인가?,미국 대선 포지션,트럼프 정부 출범; 해운 카르텔 규제 요청·실행,DCA-N38B,0.95
445,445,규제 활용 (5),77842,78035,트럼프 당선 뒤 태우는 미국 해운사와 항만에 50억 달러를 투자하기로 한다.,미국 규제 활용과 중국 기술침투 적발을 한 번에 보여 주는 정보전 보상을 준다.,새 해운동맹 기반을 만들고 태우반도체 내부 스파이를 특정한다.,미국 투자약속을 공식화한 뒤 리강·칭화 회장의 반도체 기술매각 요구를 거절하고 천민정의 무단접속 기록을 200명 명단의 이중소속 정보와 대조한다.,중국은 사드 보복과 시장접근을 압박수단으로 쓰고 내부 인력이 핵심자료에 접근한다.,200명 명단에서 칭화 기획조직과 태우반도체에 동시에 걸친 산업스파이 후보 한 명이 드러난다.,미국 동맹 강화와 동시에 중국과의 기술전선이 내부로 선명해진다.,정치·정보·기술,50억 달러 투자로 미국 우군을 사고 내부 산업스파이 후보를 한 명까지 좁힌다.,두 회사 소속이 함께 적힌 산업스파이 후보의 계좌·접촉선을 조사해 실제 유출 증거를 확보할 수 있는가?,미국 해운투자 약속,산업스파이 후보 조사; 미중 기술전,DCA-N38B,0.95
446,446,눈에는 눈 (1),78036,78215,정영근 가족 계좌에 칭화와 연결된 6억 원이 들어온 정황이 확인된다.,산업스파이를 체포하는 대신 더 큰 적에게 독을 먹이는 역정보 보상을 약속한다.,칭화가 조작된 반도체 기술을 훔쳐 쓰게 만든다.,"정영근의 50억 원 넘는 빚과 불법도박, 할머니 계좌 6억 원을 확인하고 휴대전화를 좀비폰으로 만들어 문서를 확보한다. 조작정보·악성코드 역공과 전 직원 배경조사를 지시하지만 중국에 실제 전송한 장면은 없다.",너무 노골적인 자료는 의심받고 실제 기술망까지 오염되면 태우가 손해를 본다.,정영근의 채무·도박·가족계좌와 휴대전화 문서가 내부침투의 동기와 증거를 동시에 드러낸다.,"정영근의 50억 원 초과 채무·불법도박·할머니 계좌 6억 원 확인, 좀비폰과 내부문서 확보, 역정보·전 직원 배경조사 지시가 지급된다. 조작정보 전송과 중국 경쟁사 피해는 미지급이다.",정보·기술·복수,막연한 스파이 의심은 신원·돈·기기증거를 갖춘 내부보안 사건으로 바뀌고 전사 배경조사가 열린다.,연말 태우상사의 적자와 한 달 뒤 트럼프 취임이 해운동맹·규제전의 다음 무대로 남는다.,정영근 채무·도박·가족계좌 확인; 좀비폰·문서 확보,조작정보·악성코드 역공; 전 직원 배경조사; 미국 해운규제·트럼프 취임,DCA-N38B,0.95
447,447,눈에는 눈 (2),78216,78400,2017년 트럼프 취임 뒤 김민재가 첫 공식 면담에서 해운 문제를 꺼낸다.,50억 달러 투자로 세계 해운 카르텔을 미국 규제에 올려놓는 정치 보상을 준다.,미국 연방해사위원회가 기존 동맹을 압박하게 한다.,외국 대형 해운동맹이 미국 중소 해운사를 죽인다고 아메리카 퍼스트 논리로 설득하고 미국 투자·고용 계획을 제시한다.,기존 동맹은 합법 계약을 주장하고 태우 역시 외국 해운사라는 약점이 있다.,트럼프가 연방해사위원회 권한강화와 카르텔 조사를 즉석에서 지지한다.,태우의 사적 가입 실패가 미국 국가규제라는 공세로 뒤집힌다.,정치·사업·지위,대통령 직통관계가 실제 규제권한으로 현금화된다.,미국 해운사들이 태우에 몰리고 머스크가 면담을 요청한다.,트럼프 당선 보답,신규 해운동맹·머스크 협상,DCA-N38C,0.95
448,448,눈에는 눈 (3),78401,78568,해운 1위 머스크는 점유율 17%지만 연속 적자로 미국 투자 50억 달러를 감당하기 어렵다.,규제에 몰린 1위사에게 선박·에너지 자산을 받아 동맹 주도권을 사는 보상을 약속한다.,머스크를 태우 중심 동맹에 끌어들이고 자산을 싸게 확보한다.,미국 투자액을 대신 부담하는 조건으로 선박 다섯 척과 북해 유전 관련 자산을 요구하며 가상화폐 과열에는 금융타워의 매도·공매도를 준비한다.,머스크는 핵심자산 양도를 꺼리고 비트코인은 이미 수백만 원대로 올라 조작세력이 붙었다.,자금압박 때문에 머스크가 태우의 조건을 진지하게 검토할 수밖에 없다.,미국 규제가 해운 1위의 자산과 동맹 참여를 사는 협상력으로 바뀐다.,사업·자산·돈,세계 1위사까지 먼저 찾아오게 만든 지위 보상이 지급된다.,머스크가 태우의 선박·투자 조건에 답한다.,미국 해운규제 공세,머스크 합류·가상화폐 청산,DCA-N38C,0.95
449,449,눈에는 눈 (4),78569,78738,머스크가 선박 다섯 척과 미국 공동투자 조건을 받아들인다.,새 해운동맹과 미래 에너지자산을 동시에 확보하는 복합 수확을 준다.,머스크를 태우 동맹의 축으로 묶고 북해 유전 지분을 장기 보유한다.,미국 항만·해운에 총 70억 달러 규모로 투자하고 러시아가 파이프라인을 무기화할 미래에 대비해 북해 유전 자산을 유지한다.,당장은 유가가 낮고 대규모 투자수익이 불확실해 데이비드와 다이먼도 의문을 제기한다.,머스크 합류로 태우 주도 글로벌 해운동맹의 실체가 생기고 유럽 에너지 보험까지 확보된다.,해운·에너지 두 장기축이 미국 규제 활용으로 태우 자산이 된다.,사업·자산·관계,카르텔에 돈을 내는 대신 1위사를 동맹원과 자산공급자로 바꾼다.,내일 열리는 애플 신사옥 완공식에 참석하기 위해 즉시 캘리포니아로 향해야 한다.,머스크 협상,애플 신사옥 완공식·스티브 재회; 태우 해운동맹·북해 유전,DCA-N38C,0.95
450,450,눈에는 눈 (5),78739,78912,애플 신사옥 준공식에서 병든 스티브가 휠체어로 김민재를 맞는다.,초기 구원과 공동성장의 관계약속을 애플의 미래 신뢰로 결산한다.,스티브에게 애플을 지키겠다는 뜻을 전하고 다음 금융전을 준비한다.,"완공된 애플 신사옥을 스티브와 둘러보고 애플을 다시 맡기며 장기협력을 확인한다. 태우가 주도한 미국 해운동맹이 이미 성립됐다는 보고를 받고, 아직 폭발 전인 알트코인 매집과 최소 다섯 배 수익계획을 금융타워에 맡긴다.",스티브의 건강은 회복 불가능하고 미국·중국과 가상화폐 시장의 변동이 다가온다.,스티브가 애플을 다시 이끌겠다고 답하고 미국 우선주의 해운동맹의 성립까지 확인되며 초기 기술동맹이 장기 기업동맹으로 굳어진다.,"애플 신사옥 완공·스티브의 경영복귀 약속, 태우 주도 미국 해운동맹 성립이 지급된다. 알트코인 매집과 다섯 배 수익은 계획이다.",관계·감정·지위,태우는 애플과의 장기 경영동맹과 미국 해운동맹을 확보하고 금융타워는 알트코인 작전의 실행권을 받는다.,금융타워가 아직 폭발 전인 알트코인 시장에서 최소 다섯 배 수익을 만들 수 있는가?,애플 신사옥 완공·스티브 경영복귀 약속; 미국 해운동맹 성립,알트코인 매집·운용; 미중 분쟁,DCA-N38C,0.95
451,451,변수 창출 (1),78913,79090,수수료가 싼 알트코인 거래소가 핀테크의 점유율을 빼앗고 있다.,미래 천 배 상승 자산을 선점하면서 자율주행 규제에도 새 변수를 만드는 보상을 약속한다.,이더리온을 대량 확보하고 자율주행 실증구역을 넓힌다.,8달러인 이더리온을 금융타워가 매입해 시장조성자에게 빌려주고 강대위의 택시면허 100여 개를 활용해 노조 반대를 우회한다.,작은 알트코인 시장은 가격충격이 크고 자율주행 허용도로는 제한적이다.,금융타워가 이자와 시세차익을 동시에 얻는 지배적 공급자가 된다.,핀테크 방어가 차세대 코인 독점으로 바뀌고 택시면허가 기술규제 돌파구가 된다.,돈·기술·사업,8달러 매집과 대여수익이라는 즉시 보상이 열린다.,태우반도체의 다음 10년 비전을 정하는 회의가 열린다.,가상화폐 거래소 방어,이더리온 매집·자율주행 실증,DCA-N39,0.95
452,452,변수 창출 (2),79091,79276,태우반도체는 연 30조 원 이상을 벌지만 구형 반도체는 중국 추격을 받는다.,현재 이익을 자동화 공장에 재투자해 미래 저가시장까지 막는 기술 보상을 준다.,전 계열 기술을 모은 무인 레거시 팹을 만든다.,리사가 제안한 기존 공장의 열 배 비용을 승인하고 웨이와 경쟁시키며 북한 해커가 노리는 소형 코인거래소에는 보안을 제공한다.,막대한 건설비와 불확실한 자동화 성과를 감수해야 하고 북한 공격도 계속된다.,"사람 없이 돌아가는 공장 구상이 중국의 가격공세를 막을 투자안으로 승인되지만, 실제 자동화 팹 완공·양산은 아직 전이다.",자동화 팹에 기존 공장의 열 배 비용을 쓰고 리사·웨이 체제를 경쟁시키는 승인을 얻는다. 범용 반도체 원가우위와 독점은 미래 성과다.,기술·사업·돈,"연 30조 원 이익은 자동화 팹과 차세대 통신기술을 위한 투자 승인으로 재배치되지만, 생산력·시장점유 보상은 아직 지급 전이다.",북한이 중소 거래소까지 계속 건드리면 김민재도 가만히 당하지 않겠다고 결심한다.,반도체 초과이익 확인; 자동화 팹·5G 투자 승인,자동화 팹 건설·양산; 리사·웨이 경쟁; 북한 해커 역공,DCA-N39,0.95
453,453,변수 창출 (3),79277,79459,최재석 대통령은 북한 미사일 도발과 성장률 8% 속 고용 불안을 함께 걱정한다.,정권교체가 외교·안보 작전의 협력권으로 확장되는 긴장 보상을 준다.,북한 체제를 흔들 수 있는 김씨 일가 장남을 살려 변수로 남긴다.,말레이시아 암살정보를 강 대위에게 주고 현장팀과 독살 대응 해독제·의료진을 준비시켜 정권교체가 아닌 협상카드 확보임을 명시한다.,해외 암살현장 개입은 외교문제와 요원 사망을 부를 수 있다.,제거 대상이던 북한 2인자가 태우가 개입할 가치가 있는 생존카드로 재정의된다.,경제성장 서사가 국가안보와 북한 내부 변수 창출로 넓어진다.,정치·정보·관계,대통령 동맹이 비밀 해외작전을 맡길 신뢰로 지급된다.,강 대위가 직접 맡은 2월 13일 말레이시아 공항 작전에서 독살 시도를 막고 표적을 살려낼 수 있는가?,최재석 정부 출범,2월 13일 말레이시아 공항 작전; 북한 장남 구출·은폐,DCA-N39,0.95
454,454,변수 창출 (4),79460,79656,금융타워가 유가·비트코인·알트코인 포지션을 점검하는 사이 말레이시아 암살일이 온다.,역사에 죽을 인물을 현장에서 빼내 회귀정보를 살아 있는 자산으로 바꾸는 액션 보상을 준다.,강대위가 VX 공격을 막고 북한 장남을 한국 측 보호로 옮긴다.,두 여성의 공격 직후 아트로핀을 투여하고 태우 의료캠프에서 완전 처치한 뒤 신분을 숨겨 철수시킨다.,VX는 접촉만으로 치명적이고 현지 정보기관과 북한 추적을 동시에 피해야 한다.,원래 사망할 표적이 생존해 김민재만 아는 정치적 변수로 확보된다.,회귀기억이 금융예측을 넘어 생명과 한반도 권력구도를 바꾸기 시작한다.,정보·액션·정치,죽을 운명이던 인물을 실제로 살리는 가시적 성과가 지급된다.,강대위의 안전귀환과 흔적 삭제가 남는다.,말레이시아 암살예고,북한 장남 생존·구출 은폐,DCA-N39,0.95
455,455,변수 창출 (5),79657,79845,강대위가 무사귀환하고 북한 장남 구출 흔적은 부인 가능한 수준으로 지워진다.,만든 변수를 안전하게 보관하고 중국·자율주행 전선으로 확장하는 결산을 준다.,구출 비밀을 봉인하고 칭화가 독기술을 실제 사용했는지 확인한다.,"북한의 장남을 안전하게 구출한 뒤 칭화 부패자료가 1천억 원 이상, 부동산까지 합치면 2천억 원을 넘을 수 있음을 확인해 중국 언론·SNS에 흘린다. AI 통역 지연을 1초로 줄이고 레벨3 자율주행 고속도로 시험을 오류 없이 마친다.",정보기관이 캐묻거나 칭화가 역정보를 의심하면 두 작전이 동시에 노출된다.,구출전 직후 부패자료 공개와 AI 통역·자율주행 시험성공이 정치공작에서 기술검증으로 장면을 바꾼다.,"장남 구출, 칭화 부패자료 1천억 원 이상 확인·중국 언론과 SNS 공개, 1초 AI 통역과 레벨3 고속도로 시험 무오류 성공이 지급된다.",정보·정치·기술,장남은 태우 보호선에 들어오고 태우 AI·자율주행은 실전시험을 통과한 기술자산이 된다.,사우디가 빈 살만의 한국 방문을 공식 예고한다.,장남 구출; 칭화 부패자료 확인·공개; AI 통역·레벨3 자율주행 시험성공,중국 내 부패폭로 반응; 빈 살만 방한·사우디 동맹,DCA-N39,0.95
456,456,거대 자본 (1),79846,80027,왕권을 굳힌 빈 살만이 국빈 방한해 확대된 사우디 국부펀드를 김민재에게 맡기려 한다.,왕자의 난 지원이 1천억 달러 운용 제안으로 돌아오는 초대형 관계 보상을 준다.,사우디 자본을 직접 떠안지 않고 태우의 미래사업 우군으로 만든다.,2천억 달러 펀드 중 절반 운용 요청은 거절하되 차기 프로젝트 공동투자를 약속하고 블랙홀·MC소프트를 추천한다.,타국 국부자금 운용은 정치책임과 손실부담이 너무 크고 중국 시장도 불안하다.,빈 살만이 즉석에서 MC소프트 지분을 사며 김민재의 판단을 절대적으로 신뢰한다.,사우디 정보동맹이 세계 최대급 장기자본 동맹으로 변한다.,관계·돈·지위,1천억 달러 위탁 요청 자체가 왕자의 난 보답과 신뢰의 수치가 된다.,사우디 자금이 금융타워 입주와 추가 공동투자로 이어진다.,빈 살만 권력확립,사우디 국부펀드·게임투자,DCA-N40,0.95
457,457,거대 자본 (2),80028,80200,빈 살만의 장시간 술자리와 대규모 투자 소식이 언론을 뒤덮는다.,사우디 1천억 달러에 이어 국민연금까지 찾아오는 자본집중 보상을 보여 준다.,국부펀드를 금융타워의 안정적 장기자금으로 묶는다.,사우디 전용층과 퀀텀펀드 연계를 검토하며 최재석의 긴급 호출을 받아 중국 피해기업 지원과 국민연금 외부운용 제안을 듣는다.,해외 국부자금과 국민 노후자금을 동시에 맡으면 성과·정치책임이 폭증한다.,사우디가 금융타워 입주를 원하고 정부도 태우에게 국민연금 운용을 요청할 만큼 신뢰가 높아진다.,기업자본이 국가자금을 움직이는 준공공 금융권력으로 커진다.,돈·지위·정치,거대자본이 스스로 태우에게 몰려오는 지위 보상이 반복된다.,국민연금 일부까지 금융타워에 맡기겠다는 최재석의 계획이 태우증권에 새 부담으로 놓인다.,사우디 방한,국민연금 외부운용·중국피해 지원,DCA-N40,0.95
458,458,거대 자본 (3),80201,80369,청와대가 정치적 전례가 없는 국민연금 대규모 외부운용을 밀어붙인다.,위험한 국가자금을 투명한 단기 실적으로 설득하는 운용 보상을 약속한다.,국민연금에 손실 없는 첫 성과를 보여 장기 기술투자로 전환한다.,출시 직전인 블랙홀의 배틀 아레나를 공개 가능한 시험대상으로 고르고 트럼프의 알래스카 유전개발 요청도 장기 전략자산으로 검토한다.,국민연금 손실은 즉시 정치공격이 되고 저유가 알래스카 투자도 당장은 비경제적이다.,흥행 가능성이 높은 게임과 규제완화된 유전이라는 두 저점자산이 운용 첫 카드로 선정된다.,사우디 자본을 다룬 신뢰가 한국 공적기금과 미국 에너지사업으로 번진다.,돈·정치·자산,막연한 위탁안이 검증 가능한 첫 투자와 장기 포트폴리오로 구체화된다.,배틀 아레나 출시 성적으로 국민연금 운용능력을 증명한다.,국민연금 위탁제안,배틀 아레나 실적·알래스카 유전,DCA-N40,0.95
459,459,거대 자본 (4),80370,80531,블랙홀의 배틀 아레나가 출시되어 2주 100만 장 판매를 향해 간다.,공적기금 첫 성과를 발판으로 미국 기술주와 엔터테인먼트 인프라까지 넓히는 보상을 준다.,국민연금을 10년 장기 미국 기술주에 배분하고 태우엔터의 실물을 만든다.,게임 수익을 투명하게 공개하고 MCA 레코드와 함께 초대형 구형 공연장 건설안을 6조 원 규모로 설계한다.,공적자금은 단기투기 비판을 피해야 하고 기존 규제로 거대 공연장 수익모델이 막혀 있다.,배틀 아레나 흥행이 첫 운용성과가 되고 라스베이거스급 공연장보다 두 배 큰 계획이 세워진다.,금융운용 신뢰가 문화산업의 독점적 기반시설 투자로 전환된다.,돈·사업·문화,게임 흥행과 장기 기술주 포트폴리오가 국민연금의 첫 답안이 된다.,6조 공연장을 위해 정부 규제를 풀어야 한다.,국민연금 첫 투자,구형 공연장·엔터테인먼트 확장,DCA-N40,0.95
460,460,거대 자본 (5),80532,80714,정부가 6조 원 구형 공연장에 걸린 규제를 풀어 5년간 연 1조2천억 원 공사가 가능해진다.,거대자본을 실물사업과 재벌 승계·통신가격전에 연결하는 결산을 준다.,공연장 사업을 확정하고 다음 재벌·통신 협상에서 주도권을 잡는다.,샤를로트의 진동우에게 승계 조언을 주고 미국 IT기업의 망사용료를 태우통신이 절반에 계약하도록 지시한다.,샤를로트 형제분쟁과 통신 3사의 반발이 정치·규제 갈등으로 번질 수 있다.,공연장 규제해소와 파격적 망사용료가 새 시장질서를 만드는 실행안으로 확정된다.,국부·연금 자본의 장이 통신 인프라와 재벌 승계라는 다음 권력전으로 이동한다.,사업·정치·돈,"공연장 규제 철폐 방향과 5년·6조 원 건설계획이 태우건설로 넘어가고, 망사용료는 반값 재계약 지시 단계로 열린다. 실제 공연장 공사와 반값 계약 체결은 아직 전이다.",태우통신이 미국 IT 기업과 반값 망사용료 계약을 실제 체결한 뒤 다른 통신사·정치권·여론은 어떻게 반응할 것인가?,구형 공연장 규제 철폐 방향; 5년·6조 원 계획의 태우건설 이관; 샤롯 승계 중립 약속,공연장 실제 착공; 반값 망사용료 계약·업계 반응; 샤롯 주주총회,DCA-N40,0.95
461,461,지분 참여 (1),80715,80890,구글·페이스북·아마존·OTT들이 일주일 만에 태우통신의 반값 망사용료 계약에 서명한다.,가격인하를 해저케이블·엔비디아 지분 같은 장기 인프라 자산으로 바꾸는 보상을 약속한다.,태우통신을 글로벌 1티어로 올리고 국제망을 직접 소유한다.,망사용료 분쟁을 여론전으로 버티고 손정우에게 엔비디아 지분 담보 35억 달러 무이자 대출과 기존 일본-미국 해저케이블 지분 매매를 제안해 협상 합의를 얻는다. 귀국 뒤 한국-미국 직통 케이블 준비를 지시한다.,경쟁사들은 생태계 파괴를 주장하고 1티어 승격에는 다수 케이블·캐시서버가 필요하다.,"손정우는 기존 해저케이블 지분 매각과 엔비디아 담보대출 제안을 받아들이지만, 새 한국-미국 케이블의 미국 IT기업 공동투자는 아직 준비·지시 단계다.",쇼프트뱅크의 기존 해저케이블 지분 매매 합의와 엔비디아 지분 담보권을 얻는다. 새 직통 케이블 공동투자 계약은 아직 전이다.,사업·기술·자산,반값 망사용료 분쟁은 쇼프트뱅크 동맹·기존 케이블 지분 합의와 새 직통 케이블 준비로 확대된다.,구글·아마존·페이스북과 한국-미국 직통 해저케이블 공동투자를 실제 계약·착공으로 만들 수 있는가?,미국 IT기업 반값 망사용료 계약; 쇼프트뱅크 기존 케이블 지분 매매 합의; 엔비디아 담보대출 합의,해저케이블 지분 실무이전; 한국-미국 직통 케이블 공동투자·착공; 엔비디아 담보권 실행,DCA-N40,0.95
462,462,지분 참여 (2),80891,81043,경쟁 통신사들이 방통위 신고와 소송으로 태우통신의 반값 계약을 막으려 한다.,과감한 기반투자가 국내 통신가격과 글로벌 등급을 동시에 바꾸는 보상을 준다.,캐시서버·해저케이블을 갖춰 태우통신을 글로벌 1티어로 승격한다.,태우통신의 국제망 1티어 진입을 확정하고 AT&T·손정우·구글·아마존·페이스북과 10조 원 규모 해저케이블 사업을 발표한다. 태우의 직접 부담은 약 1조 원이며 국내 경쟁사들은 대응하지 못한다.,동급 통신사 간 협상은 막히고 투자 실패 시 수조 원 비용만 남을 수 있다.,국내 3위권 통신사가 글로벌 플랫폼·통신사들과 해저케이블을 발표하며 국제망 가격을 사는 회사에서 정하는 회사로 올라선다.,"태우통신 국제망 1티어 확정, 글로벌 동맹과 10조 원 규모 해저케이블 발표, 태우 부담 약 1조 원의 사업구조가 지급된다.",사업·기술·지위,태우통신은 국제망 가격결정에 참여할 상위사업자와 글로벌 케이블 동맹의 주체가 된다.,한 달 사이 약 10달러 내린 국제유가가 다음 에너지 매입·공매도 기회를 연다.,국제망 1티어 진입; 10조 원 해저케이블 동맹 발표,해저케이블 구축; 망사용료 재협상; 유가 하락 뒤 에너지 투자,DCA-N40,0.95
463,463,지분 참여 (3),81044,81207,태우 연구진이 일본 철강사의 공개 품질자료를 직접 재시험한다.,경쟁사의 데이터 조작을 먼저 발견해 리콜·매각 타이밍을 지배하는 정보 보상을 준다.,문제 소재를 선제 교체하고 일본 자동차기업이 충격을 떠안게 한다.,JIS 공개수치와 실험값을 비교해 조작을 확인하고 태우 자동차·항공 계열의 일본산 알루미늄 부품을 비공개로 교체한다.,성급히 폭로하면 태우도 대규모 리콜과 공급차질을 맞을 수 있다.,일본 철강 데이터 조작이 자동차·비행기·로켓까지 번진 구조적 폭탄임이 드러난다.,단순 품질점검이 러시아 공장 매각과 일본 경쟁사 타격을 설계할 선행정보가 된다.,정보·기술·사업,태우만 피해를 피하고 경쟁자에게 폭탄을 넘길 시간우위를 얻는다.,원유 상승기에 알래스카 유전이라는 또 다른 미끼가 문다.,철강자료 검증,일본 리콜사태·러시아 공장 매각,DCA-N41,0.95
464,464,지분 참여 (4),81208,81389,트럼프가 가이아나 유전 성공을 축하하며 김민재를 백악관 행사에 초대한다.,미래 저유가를 이용해 미국 핵심 유전 지분을 싸게 축적하는 자산 보상을 약속한다.,알래스카 규제를 풀고 태우가 개발지분 대부분을 확보한다.,5년간 400억 달러 전액투자와 100% 지분을 제안한 뒤 미국 측 5% 참여안을 받아 25%만 우선 보유하고 폭락기에 재매수하는 구조를 만든다.,당장 유가는 상승하고 시추비가 크며 미국이 완전한 외국 소유를 꺼린다.,트럼프가 10년 이상 시추와 연내 규제철폐를 약속해 장기 개발권이 열린다.,대통령 인맥이 북미 에너지 저점매수권으로 전환된다.,자산·정치·돈,규제철폐와 장기 시추권이라는 회귀정보 활용 기반이 확정된다.,연말 비트코인 폭락 전 매각과 늘어난 선박 활용을 지시한다.,트럼프 투자보답,알래스카 지분 재매수·비트코인 청산,DCA-N41,0.95
465,465,지분 참여 (5),81390,81551,가이아나가 베네수엘라를 대신할 산유국으로 떠오르며 미국 석유사들이 지분을 노린다.,미래 유전·코인·메타버스 세 시장에서 먼저 지분과 이미지를 선점하는 결산을 준다.,가이아나 지분을 지키고 비트코인을 시장충격 없이 청산한다.,헤스가 가진 가이아나 펀드 지분을 합쳐 태우 측 70퍼센트 지배를 확인한다. 비트코인·알트코인 매도를 시작하고 이더리움이 8달러에서 200달러 가까이 오른 수익을 점검한 뒤 메타버스를 AI센터 공식사업으로 승인해 채용·특허·기업·VR기기 인수권을 연다.,대규모 매도는 가격을 붕괴시킬 수 있고 미국·일본 범죄자금까지 시장에 섞여 있다.,가이아나 70퍼센트와 이더리움 열 배 이상 상승이라는 기존투자 영수증이 메타버스 무제한 사업권으로 재투자된다.,"가이아나 펀드 70퍼센트 지배 확인, 이더리움 8달러→200달러 근접 수익과 암호화폐 매도개시, 메타버스의 AI센터 공식사업 승인이 지급된다.",자산·돈·기술,태우는 가이아나 지배지분과 암호화폐 현금화 통로를 갖고 메타버스팀에 인재·특허·기업·기기 인수권을 부여한다.,수익을 장담할 수 없는 메타버스에 인재·기업·VR기기를 투입해 선두 이미지를 만들 수 있는가?,가이아나 70퍼센트 확인; 이더리움 열 배 이상 상승·매도개시; 메타버스 공식사업 승인,암호화폐 완전청산; 메타버스 인재·특허·기업·VR 인수,DCA-N41,0.95
466,466,대비하다 (1),81552,81719,김민재가 적자를 감수하고 화학단지·반도체 소재·센트리언 공장 투자를 계속하라고 지시한다.,지금의 초과이익을 코로나와 공급망 충격 이전 성장동력으로 바꾸는 준비 보상을 약속한다.,그룹이 회귀정보 없이도 위기를 예측하는 시스템을 만든다.,신약 이익을 10년 성장기반에 재투자하고 명동의 정보망까지 점검한 뒤 이영한에게 10조 원 규모 시장과 비트코인 청산 시점을 알려 준다.,화학단지는 수년 적자를 견뎌야 하고 현재 시스템은 김민재 개인정보에 의존한다.,완전 소유 신약과 10년 준비한 소재가 장기투자 비용을 감당할 현금원이 된다.,개인 회귀자의 대비가 조직·정보망 차원의 선제 대응으로 확장된다.,사업·기술·정보,신약 수익이 코로나 이전 공급망 투자의 확실한 재원으로 재배치된다.,"이영한은 반도체 도시 지원의 대가로 연말 규제 전 비트코인 청산 시점을 받고, 명동 정보망은 다음 먹이를 얻는다.",유고빈 현금창출,코로나 공급망·비트코인 청산,DCA-N41B,0.95
467,467,대비하다 (2),81720,81885,최재석은 화학단지 외 호남 일자리 대책을 묻고 중국 공장 철수도 문제 삼는다.,미래 전쟁·공급망 단절을 지역 고용과 인재 확보 기회로 바꾸는 준비 보상을 준다.,새만금 배터리 공장을 짓고 중국·러시아 생산기지를 질서 있게 뺀다.,"호남 인재 가산점과 1만 명 고용을 약속하고 중국 내연기관 공장 철수·러시아 재침공 가능성을 설명한 뒤, IIT 대학원생 여섯 명의 AI 사무프로그램에 장학금·특허 매입·태우 취업 조건을 지시한다.",중국 보복과 러시아 시장상실을 감수해야 하고 당장은 철수 이유가 납득되기 어렵다.,"정부는 지역고용 명분을 받아들이고, 대학원생 여섯 명은 프로그램 성과의 대가로 장학금과 장기 취업 경로를 받는다. 실제 1만 명 채용과 특허 이전은 아직 전이다.",중러 공장 철수의 정치적 방패와 AI 사무프로그램·인재 보상 지시를 얻는다. 새만금 1만 명 채용과 특허권 확보는 실행 전이다.,정치·사업·고용,"철수 비용은 1만 명 지역채용 약속으로, 대학원생의 과로는 장학금·취업·특허 매입안으로 전환되지만 실제 채용·권리 이전은 남는다.",장학금·태우 취업 조건을 받은 여섯 대학원생과 AI 사무프로그램을 실제 특허·제품으로 묶을 수 있는가?,호남 고용약속; AI 사무프로그램 성과 확인·보상 지시,새만금 1만 명 실제 채용; 중러 공장철수; AI 특허 매입·인재 영입,DCA-N41B,0.95
468,468,대비하다 (3),81886,82070,금융타워가 비트코인·이더리온·유가 프로젝트를 동시에 돌리는 사이 불법자금까지 코인시장에 유입된다.,광기를 충분히 키운 뒤 세력의 쌈짓돈까지 회수하는 금융 복수를 약속한다.,명동과 함께 비트코인 세력을 식별하고 러시아 공장을 경쟁사에 넘긴다.,도박·범죄자금 유입을 추적하며 규제 전 마지막 상승을 기다리고 현재자동차 장경준에게 태우의 러시아 철수 이유와 매입기회를 흘린다.,시장이 더 오래 오르면 공매도 손실이 커지고 러시아 공장 처분은 경쟁사를 키울 수 있다.,장경준은 태우가 단순히 전기차 집중 때문에 러시아 공장을 파는 것이 아니라는 경고를 듣고 인수 여부를 고민한다.,금융·산업의 잠재위험을 상대에게 넘기는 두 개의 폭탄돌리기가 병행된다.,돈·사업·정보,코인 불법자금은 명동 추적망에 들어오고 현재자동차에는 러시아 공장 저가인수라는 선택지가 제시된다.,장경준은 태우의 러시아 공장 매각에 숨은 이유가 있다는 경고만 받은 채 인수 여부를 스스로 골라야 한다.,비트코인 세력추적,러시아 공장 매각·일본 철강폭탄,DCA-N41B,0.95
469,469,대비하다 (4),82071,82248,현재자동차에 이어 도요타 등 일본 두 회사가 러시아 공장 인수를 원한다.,곧 가치가 무너질 자산을 경쟁입찰로 비싸게 넘기는 사업 보상을 준다.,러시아의 자동차·전자 공장을 일본 연합에 매각하되 생산권은 당분간 유지한다.,한 부회장이 단독협상처럼 보이게 뜸을 들이고 일본업체들의 유럽진출 욕망을 자극해 공장 전체를 묶어 제시한다.,구매자들은 태우가 돈이 급하지 않다는 사실을 알고 있고 수조 원 규모 인수여력이 제한적이다.,도요타가 합리적 가격이라 평가하며 일본 기업연합을 꾸릴 시간을 요구한다.,도요타가 러시아 공장 묶음 가격을 합리적이라고 평가하고 일본 기업연합을 꾸릴 시간을 요청한다. 매각 계약·대금은 아직 전이다.,사업·돈·정보,"미래 전쟁지역 자산을 수조 원 가치로 인정받아 일본 기업연합 협상 우위를 얻지만, 현금회수는 계약 이후로 남는다.",일본 기업연합이 철강 데이터 조작 리콜을 모른 채 최종 매각계약과 대금 지급까지 들어올 것인가?,도요타 단독협상; 러시아 공장 묶음 가격 평가; 일본 기업연합 구성 요청,일본 기업연합 최종계약·대금 입금; 일본 철강 리콜,DCA-N41B,0.95
470,470,대비하다 (5),82249,82431,도요타가 일본 기업연합을 만들어 태우의 러시아 공장 전체를 인수하겠다고 나선다.,전쟁 전 자산과 리콜 위험을 경쟁자에게 넘기면서 임차 생산권까지 남기는 결산을 준다.,러시아 공장을 매각하고 최소 2년 이상 태우 제품 생산을 유지한다.,러시아 공장 임대계약에 서명해 5조 원을 받고 도요타에 2년간 빌려준다. 로만에게 러시아 철수 오해를 설명하고 신규공장 계획을 내세워 시간을 벌자 로만이 크렘린의 오해를 풀겠다고 약속한다.,일본 연합의 자금조달과 러시아 측 불신을 달래야 하며 태우도 리콜 공개를 피할 수 없다.,계약서 서명과 5조 원 입금 뒤 로만까지 해명을 받아들이며 러시아 철수계획이 현금회수·외교완충장치로 바뀐다.,러시아 공장 임대계약 체결·5조 원 수령·도요타 2년 임대와 로만의 크렘린 오해해소 약속이 지급된다. 신규 러시아 공장은 시간을 벌기 위한 계획이다.,사업·돈·위험,태우는 러시아 설비에서 5조 원을 회수하면서 생산연속성과 크렘린 완충선을 동시에 확보한다.,로만이 신규공장 설명을 받아들이고 크렘린의 오해를 직접 풀겠다고 약속한다.,러시아 공장 임대계약·5조 원 수령; 도요타 2년 임대; 로만 해명수락,러시아 리콜·철수 일정; 신규공장 위장계획; 일본 품질공격,DCA-N41B,0.95
471,471,저점 매수 (1),82432,82611,중국·러시아 공장 철수로 육상과 해상 공급로가 동시에 불안해진다.,미중 무역전쟁 직전 자원·물류 경로를 저점에서 선점하는 새 아크를 연다.,몽골 자원로를 확보하고 중국 철수 의심을 운송사업으로 돌려세운다.,한 부회장에게 몽골 투자 확대를 지시하고 베이징의 리강에게 중국 공장 축소는 철수가 아니라 일대일로 물류 참여를 위한 재배치라고 설명한다.,중국은 태우의 이탈을 경계하고 내륙 운송로는 규제·허가와 정치관계에 취약하다.,리강이 자원독점보다 운송수익을 남기는 태우의 명분을 받아들이며 즉각 충돌을 피한다.,방어적 철수가 미중전쟁기에 쓸 자원·운송망 저점매수로 재정의된다.,사업·정치·자원,중국의 의심을 누그러뜨리고 몽골·일대일로라는 새 경로를 확보한다.,리강은 시간이 지나면 한국이 중국에 굴복한다고 믿지만 김민재는 시간이 태우 편이라고 단정한다.,중러 공장 선제철수,몽골 자원로·미중 무역전쟁 저점매수,DCA-N41C,0.95
472,472,저점 매수 (2),82612,82783,중국 고위층이 상납금을 요구하지만 몽골 자원 운송과 공장 철수는 허용한다.,당장의 굴욕을 미래 중국 공매도와 자원 운송권으로 되갚는 보상을 약속한다.,몽골 개발을 늘리고 일본 철강 데이터 조작을 전 세계에 터뜨린다.,상납을 유지해 운송로를 열어 둔 채 금융타워·해외 연구소·언론을 동원하고 태우·카이·GM의 선제 리콜과 다국가 소송을 발표한다.,일본 정부가 회사채를 매입해 주가를 방어하고 한국 정부에도 외교압력을 넣는다.,조작 인정·리콜·항공사 문제제기가 이어져 일본 정부의 방어에도 사건이 세계 이슈가 된다.,중국에 숙인 굴욕이 일본 산업과 금융시장에 가하는 대규모 반격으로 전환된다.,복수·정보·돈,공매도 포지션과 자동차 안전조치가 동시에 실제 효력을 낸다.,일본 대사가 다녀간 청와대가 김민재를 긴급 호출한다.,몽골 운송협상,일본 철강 리콜·청와대 외교압박,DCA-N41C,0.95
473,473,저점 매수 (3),82784,82957,최재석은 중국에 이어 일본과도 충돌할까 우려하며 리콜 중단 압박을 전한다.,정치적 외압을 버티면서 안전과 시장점유율을 동시에 얻는 보상을 준다.,정부가 책임을 태우에 돌리게 하고 리콜을 끝까지 진행한다.,삼권·외교 부담은 대통령이 피하도록 자신이 결정을 떠안고 주말까지 전국 정비망을 돌려 문제부품을 교체한다.,일본 정부는 품질에는 이상이 없다고 버티고 대규모 리콜이 양국관계를 악화시킬 수 있다.,최재석이 원칙을 택하고 태우의 교체속도가 붙으며 다국가 소송이 일본 방어막을 흔든다.,기업의 선제 안전조치가 정부의 외교적 선택지를 지키는 방패가 된다.,정치·사업·관계,대통령의 신뢰와 빠른 리콜이라는 관계·실물 보상이 함께 지급된다.,서비스센터에 오지 않은 고객에게까지 찾아가 부품을 교체해 태우의 신뢰를 끝까지 높이기로 한다.,청와대 리콜 갈등,방문 리콜·다국가 소송,DCA-N41C,0.95
474,474,저점 매수 (4),82958,83125,일본 정부가 철강 파문을 막자 김민재는 자동차 자체 결함까지 찾으라고 명령한다.,방어막을 뚫을 더 큰 비리와 가상화폐 세력의 돈줄을 동시에 추적한다.,일본 신차 테스트 조작 증인을 포섭하고 비트코인 광기를 더 키운다.,부품연구소에 해외차 전수검사를 맡기고 명동에는 일본 테스트 관계자 접촉을 지시하며 금융타워는 세력이 빠져나가지 않도록 호재를 뿌린다.,자동차 결함은 막연하고 금융타워가 직접 움직이면 매도 의도가 노출된다.,이영한의 일본 조직 자금망이 현직·퇴직 시험인력까지 찾을 우회통로가 된다.,저점매수 준비가 산업정보전과 금융 함정이라는 두 축으로 넓어진다.,정보·돈·사업,연구소·명동의 전문성이 미래 보상을 구체화한다.,이영한은 일본 신차 테스트에 조금이라도 관여한 현직·퇴직자를 수단과 방법을 가리지 않고 찾아야 한다.,철강 파문 확대,일본 테스트 관계자 포섭·비트코인 붕괴,DCA-N41C,0.95
475,475,저점 매수 (5),83126,83318,포섭된 사토 켄지가 도요타 계열사의 충돌시험 차량 조작을 털어놓는다.,철강사 하나를 넘어 일본 자동차 1위권 전체를 무너뜨릴 증거를 얻는다.,에어백·도어패널·엔진·배출가스 결함을 실차시험으로 확정한다.,연구소장에게 회귀 전 결함정보를 주고 수백억 원 시험비에 100억 원을 추가해 일본차 여러 모델을 동시에 분해·충돌시킨다.,내부고발 하나만으로는 법적 증거가 부족하고 실험비·시간이 막대하다.,시험차만 좋은 패널과 각도를 썼다는 자백에서 장기간 조직적 조작 가능성이 드러난다.,한 회사의 품질파문이 일본 자동차산업 전체의 최악 스캔들 후보로 커진다.,정보·기술·복수,증인과 구체적 조작방식이 확보되어 막연한 의혹이 검증 가능한 표적이 된다.,"일본 자동차 업계를 겨눈 폭탄은 완성 직전이고, 금융타워가 준비되는 시점까지 폭발력을 더 키운다.",사토 켄지 포섭,일본차 전수시험·대규모 스캔들,DCA-N41C,0.95
476,476,대규모 악재 (1),83319,83505,연구소가 일본차의 배출가스·에어백·엔진출력 조작을 모두 입증한다.,30년 신뢰를 무너뜨릴 증거를 방송·금융 공세로 폭발시키는 보상을 약속한다.,전 세계가 동시에 볼 탐사보도와 공매도 공격을 준비한다.,증거 전체를 베릴에게 넘겨 제작비 열 배와 한 달 편성을 허용하고 기자회견·소송 시각까지 맞춘다.,세계 점유율 1위 일본차의 방어자금과 정부·언론 영향력이 막강하다.,베릴이 없는 이야기를 만들 필요조차 없을 정도의 자료라며 즉시 특집제작에 들어간다.,실험실 증거가 글로벌 여론과 금융시장을 움직일 대형 크레인으로 변한다.,정보·미디어·돈,엔진 ECU 조작까지 확인되어 고래급 표적을 잡을 확신이 생긴다.,"내부고발자는 미·유럽으로 피신했고, 이미 터진 폭탄이 일본 자동차업계와 경제를 얼마나 흔들지 남는다.",일본차 결함 검증,베릴 특집·글로벌 공매도,DCA-N41C,0.95
477,477,대규모 악재 (2),83506,83688,베릴 특집과 전 세계 속보 속에 일본 자동차 경영진이 30년 조작을 사과한다.,500억 원 공세비용을 주가·점유율·후속 인수기회로 회수하는 보상을 준다.,스캔들이 식지 않게 후속증거와 소송을 투입하고 태우 품질관리도 재점검한다.,"일본 자동차 품질자료 공개 뒤 하루오의 공개사과, 생산중단과 대규모 리콜을 확인한다. 태우차도 전 공정 영상을 공개하고 리콜을 거의 마쳐 주가는 오르지만 일본차의 법적배상·최종폭락은 아직 없다. 마지막에 도시바가 러시아 공장계약 파기를 요청한다.",도요타의 200조 원 유보금과 일본 정부 방어 때문에 단기 주가하락만으로는 부족하다.,일본차 생산중단·리콜과 태우차의 공정공개가 품질전의 실제 시장반응으로 나타난 뒤 도시바 자산협상으로 전환된다.,"일본 자동차업계 공개사과·생산중단·리콜, 태우차 리콜 마무리와 주가상승이 지급된다. 소송배상과 도시바 거래는 미지급이다.",복수·돈·지위,태우차는 공정영상과 선제 리콜로 신뢰를 얻고 일본차는 생산중단·리콜 상태에 들어간다.,도시바가 러시아 공장계약을 파기하고 싶다고 연락하자 김민재가 직접 만날 일정을 잡으라고 지시한다.,일본차 품질폭로·사과·생산중단·리콜; 태우차 공정공개·리콜 마무리,일본차 배상·주가후속; 도시바 면담·계약파기 조건·자산매각,DCA-N41C,0.95
478,478,대규모 악재 (3),83689,83856,도시바가 신뢰 추락과 웨스팅하우스 손실로 러시아 공장 매입계약 파기를 요청한다.,일본의 대규모 악재에서 메모리·원전 핵심회사를 한꺼번에 저점 인수한다.,미국 연합을 앞세워 도시바메모리와 웨스팅하우스를 인수한다.,러시아 공장 파기를 받아주는 대신 두 회사 매각을 제안하고 미국기업·핀테크은행과 연합해 반독점 규제를 피할 구조를 짠다.,도시바메모리는 약 2조 엔이고 웨스팅하우스는 적자 원전기업이라 총 30조 원대 부담이 생긴다.,도시바가 당일 일시불 지급 가능성에 흔들리고 협상 실무가 시작된다.,경쟁자의 위기가 태우의 낸드·원전 기술축을 채우는 인수창구가 된다.,기술·자산·돈,계약파기 요청을 두 핵심회사 매각협상으로 뒤집는다.,"웨스팅하우스를 당장은 본사가 관리하고, 태우건설 기술과 합쳐 원전시장을 장악할 합병 시점을 기다린다.",도시바 러시아 계약,도시바메모리·웨스팅하우스 인수,DCA-N41D,0.95
479,479,대규모 악재 (4),83857,84015,일본 정부가 자동차 스캔들을 방어하지만 경영진 형사책임과 다국가 소송이 좁혀 온다.,고점 유전지분을 팔아 도시바 인수대금을 만들고 미래 저점 재매수권을 남긴다.,반독점 승인을 앞당기고 알래스카·북해·가이아나 지분 절반을 경쟁입찰에 붙인다.,핀테크은행을 미국측 인수자로 세워 로비하고 3배 오른 유가를 근거로 글로벌 석유사들에 800억~1천억 달러 차익 규모의 매각 미끼를 뿌린다.,30조 원 인수비용과 일본 방어막이 남고 너무 일찍 판 유전은 추가 상승분을 놓칠 수 있다.,데이비드가 15일 해결을 약속하고 석유사들이 앞다퉈 지분을 사겠다고 나선다.,데이비드의 15일 반독점 해결 약속과 글로벌 석유사들의 유전 지분 인수 의사를 얻는다. 도시바 자산 인수와 유전 매각대금은 아직 확정 전이다.,돈·자산·정치,"유전 지분을 팔면 800억~1천억 달러를 마련할 수 있다는 추산과 경쟁수요가 확인되지만, 실제 경매·입금은 남는다.",연말 비트코인 숏을 집행하는 동안 유전 경쟁입찰과 도시바 최종가격·반독점 협상을 실제 계약으로 닫을 수 있는가?,유전 저점매입,유전 지분 경매·대금 입금; 도시바 최종가격·반독점 승인; 비트코인 숏 실행,DCA-N41D,0.95
480,480,대규모 악재 (5),84016,84191,정부의 연속 규제에도 비트코인 광기가 버티고 도시바는 현금수혈을 기다린다.,붕괴 직전 시장과 절박한 매도자를 동시에 압박해 최저 인수가를 만든다.,웨스팅하우스 가격을 거품 없이 낮추고 도시바메모리 협상으로 넘어간다.,금융타워가 코인 매수세를 더 유인하는 동안 웨스팅하우스의 매년 천문학적 적자를 근거로 사모펀드보다 약간 높은 가격만 제시한다.,도시바는 과거 17억 달러 예상가의 세 배를 썼고 기술투자비까지 회수하려 한다.,러시아 공장파기와 즉시 현금이라는 태우의 카드 때문에 도시바가 낮은 가격을 수용한다.,도시바가 러시아 공장 파기와 즉시 현금 조건 때문에 웨스팅하우스의 낮은 가격 합의를 받아들인다. 실제 소유권 이전과 도시바메모리 가격은 아직 남는다.,돈·자산·기술,웨스팅하우스 가격은 합의되지만 실제 인수계약·반독점 승인과 더 큰 도시바메모리 협상은 열려 있다.,도시바의 분식회계 전과가 더 큰 도시바메모리 협상을 유리하게 만들 약점으로 남는다.,웨스팅하우스 가격 합의,웨스팅하우스 인수계약·승인; 도시바메모리 지분·가격; 비트코인 붕괴,DCA-N41D,0.95
481,481,전문가 (1),84192,84351,도시바의 반복 분식회계 때문에 도시바메모리 신뢰와 매각구조가 쟁점이 된다.,40조 원 수혈을 제공하되 메모리 지분과 원전·우라늄까지 통제하는 전문가 보상을 준다.,도시바메모리·웨스팅하우스를 인수하고 잔여지분 담보권을 확보한다.,"도시바와 도시바메모리·웨스팅하우스를 합계 4조5500억 엔에 인수하는 계약에 당일 서명한다. 잔여지분 45퍼센트를 담보로 2조 엔을 빌려주고, 카메코 지분은 3년에 걸쳐 조용히 모으라고 지시한다.",총 4조 엔 노출과 원전 장기적자·우라늄 가격 하락을 감수해야 한다.,하루 안에 도시바메모리·웨스팅하우스 계약서가 체결되고 잔여 45퍼센트는 향후 채무불이행 때 넘겨받을 담보로 남는다.,도시바메모리·웨스팅하우스 4조5500억 엔 인수계약 체결과 잔여지분 45퍼센트 담보의 2조 엔 대출이 지급된다. 잔여지분 이전과 카메코 지분취득은 아직 전이다.,기술·자산·돈,태우는 메모리·원전 자산의 계약상 인수자가 되고 도시바 잔여지분에는 담보권을 잡는다.,카메코 지분을 3년 동안 조용히 모아 원전·우라늄 부활에 대비하라는 지시가 남는다.,도시바메모리·웨스팅하우스 인수계약; 잔여지분 담보 2조 엔 대출,도시바 잔여 45퍼센트 채무불이행·이전; 카메코 지분 3년 매집,DCA-N41D,0.95
482,482,전문가 (2),84352,84522,도요타 방어전이 길어지는 가운데 미중 양국이 태우에도 선택을 강요할 시기가 온다.,수백조 미국채 대신 수백억짜리 청나라 채권으로 거대한 변수를 만든다.,5% 금리·600만 파운드 발행 청나라 채권을 경매·골동품상·미영 재단에서 6개월 안에 최소 절반 모을 실행계획을 세운다.,청나라 채권의 5% 금리와 600만 파운드 발행액을 계산하고 인터넷 경매·골동품상·미영 재단을 매입경로로 정해 한 부회장에게 6개월 안 최소 절반 확보를 지시한다.,법적 승계 가능성은 희박하고 트럼프가 실제 무기로 써야만 효력이 생긴다.,작은 매입비용이 장래 1조 달러 주장까지 가능한 정치·금융 옵션이 될 수 있음을 계산하고 한 부회장이 담당을 맡는다.,청나라 채권의 발행조건·매입경로·6개월 일정·최소 절반 목표와 담당자를 확정한다. 실제 채권 매입·확보는 아직 없다.,정보·돈·정치,청나라 채권 아이디어가 실행경로와 책임자를 가진 저비용 전략계획으로 바뀌지만 소유권은 미지급이다.,2018년 미중 무역분쟁은 태우가 숨겨 온 힘을 펼칠 시작점이 된다.,청나라 채권 계산·매입경로·담당·목표 설정,청나라 채권 실제 매입·최소 절반 확보; 법적·정치적 사용,DCA-N42,0.95
483,483,전문가 (3),84523,84702,법무부 장관이 가상화폐 거래소 폐쇄를 선언해 비트코인이 3천만 원에서 2천100만 원 아래로 떨어진다.,몇 달간 키운 세력을 한꺼번에 청산하고 고점 유전경매를 여는 금융 보상을 준다.,개인 피해는 줄이되 범죄·조작세력의 자금을 공매도로 회수한다.,명동이 타부처 반박설을 흘려 세력을 묶고 금융타워가 숏을 집행하며 동시에 알래스카·북해·가이아나 지분 입찰을 석유사들에 연다.,급락 속 일반 투자자 손실과 대규모 포지션 청산 위험을 통제해야 한다.,금융타워가 코인전쟁에서 우위를 확정하고 글로벌 석유사들이 고점 유전에 경쟁입찰한다.,규제 악재가 코인시장 수익과 에너지자산 현금화를 동시에 만든다.,돈·자산·복수,2천100만 원 급락과 석유사 입찰경쟁이 눈에 보이는 보상으로 지급된다.,"알래스카 지분 25% 첫 경매에 쉘·엑슨모빌·쉐브론이 동시에 붙고, 김민재는 경쟁 입찰가를 더 올릴 차례다.",비트코인 세력 함정,유전지분 경매·청나라 채권 매집,DCA-N42,0.95
484,484,전문가 (4),84703,84875,유전 지분 경매에서 엑슨모빌 등 글로벌 석유사가 서로 가격을 올린다.,저점에 산 유전을 1천100억 달러에 팔고 3년 뒤 더 싸게 되사는 회귀 보상을 준다.,미중 전쟁용 현금을 만들고 핀테크은행의 코인시장 지배력을 굳힌다.,지분 매각대금을 미국·중국 포지션에 배정하고 비트코인 급락 때 중소거래소 고객을 흡수해 전액인출도 버틸 유동성을 확보한다.,유가가 더 오를 수 있어 조기매각 기회비용이 있고 미국 중간선거도 변수가 된다.,유전 지분이 1천100억 달러에 팔리고 핀테크는 다음 상승기 거래소 독점 기반을 얻는다.,에너지 고점매각이 미중 금융전 자금과 핀테크 안전판으로 결산된다.,돈·자산·지위,3배 매각과 시장 고객이탈 흡수라는 이중 보상이 지급된다.,오마하에서 워렌에게 공매도 승리 뒤 약속한 투자금을 건넨다.,유전 고점매각,워렌 투자·미국 중간선거,DCA-N42,0.95
485,485,전문가 (5),84876,85064,김민재가 오마하에서 워렌에게 약속한 유전 수익 투자금을 맡긴다.,가치투자 대가를 금융타워의 미중 전쟁 동맹으로 완전히 끌어들이는 관계 결산을 준다.,버크셔가 위험한 양국 포지션에 자금·신뢰·지원력을 보태게 한다.,"워런에게 비트코인 자체가 아니라 금융 인프라와 세계 자금흐름을 설명해 150억 달러의 금융타워 재투자를 받고, 비트코인 저점에 들어온 국민연금 운용자를 확인해 보복 대신 영입하라고 지시한다.",워렌은 금융타워가 미국과 중국을 동시에 공략하는 위험한 그림임을 정확히 간파한다.,"워런이 위험을 함께 지겠다고 금융타워에 재투자하고, 국민연금은 세력보다 정확한 저점매수 실력으로 별도의 전문가를 드러낸다.",버크셔의 150억 달러 재투자·공동책임과 국민연금의 뛰어난 운용자를 영입할 단서를 얻는다. 실제 영입은 아직 전이다.,관계·돈·지위,"세계 최고 투자자의 신뢰 보상 뒤, 금융타워를 역으로 읽은 국민연금 운용자를 포섭하는 새 과제가 열린다.",비트코인 저점을 정확히 잡은 국민연금 운용자가 누구인지 확인해 태우로 영입할 수 있는가?,워런과의 수익약속; 버크셔 150억 달러 재투자,국민연금 운용자 확인·영입; 센트리언 증설,DCA-N42,0.95
486,486,약속의 시간 (1),85065,85225,비트코인이 900만 원까지 70% 하락하고 채굴침체가 GPU 주가를 누른다.,암흑기의 엔비디아와 수익성 없는 희귀병 치료제에 미래를 걸어 약속을 지킨다.,엔비디아 지분을 저점 확보하고 환자가 적어도 유전자 치료제를 완성한다.,경영진 지분이 6% 미만임을 이용해 숏 뒤 매집하되 관심을 숨기고 1회 20억~25억 원인 치료제는 태우 자금으로 계속 개발하게 한다.,GPU 수요는 당장 줄고 치료제는 환자 1만 명당 한 명이라 수익성이 거의 없다.,AI·자율주행 미래수요와 죽을 환자를 살린다는 명분이 두 투자의 장기 가치를 확정한다.,저점매수가 돈뿐 아니라 생존 약속을 지키는 투자원칙으로 확장된다.,돈·기술·생명,코인 숏 수익과 치료제 개발비 보증이라는 두 약속이 실행된다.,유전자 치료제에서 수천억 원을 잃어도 코로나 치료제 신뢰와 수십조 원 이익을 얻을 수 있다는 계산이 선다.,비트코인 하락작전,엔비디아 지분·유전자 치료제,DCA-N42,0.95
487,487,약속의 시간 (2),85226,85414,서정준은 고가 유전자 치료제와 과잉 공장 가동률을 걱정한다.,환자 부담을 낮추면서 센트리언을 세계 1위 생산사로 키우는 사업 보상을 준다.,대형 CMO 공장과 코스피 상장을 추진하고 구형 반도체 자동화 공장을 가동한다.,외부 제약사 위탁생산으로 가동률을 채우고 상장 후 시총 10위권을 제시한 뒤 웨이·리사의 스마트 팹 완공을 검수한다.,과잉 설비와 상장 부담이 크고 자동화 공장은 기존보다 열 배 비쌌다.,스마트 팹이 일정을 앞당겨 완공되고 1단지보다 생산량이 20% 이상 늘어난다.,생명과 기술에 건 약속이 제약 생산력·반도체 원가우위라는 실물로 나온다.,기술·사업·지위,CMO 성장경로와 20% 증산이 명시적 보상으로 지급된다.,구형 반도체 생산을 중국에 넘기지 않으려면 며칠 뒤 손정우와의 엔비디아 지분 협상도 잡아야 한다.,센트리언 공장증설,엔비디아 지분교환·스마트 팹 양산,DCA-N42,0.95
488,488,약속의 시간 (3),85415,85589,손정우가 35억 달러 대출 대신 약속한 엔비디아 지분을 넘기러 온다.,과거 대출계약과 경고를 지켜 반도체 패권 지분을 확보하는 관계 보상을 준다.,엔비디아 직접지분을 25% 이상으로 늘릴 협상경로를 열고 최종 50% 목표를 추적한다.,"손정우에게 35억 달러 채권을 돌려주고 엔비디아 3%를 받는다. 기존·매집분을 합친 태우증권 8% 이상, 핀테크 포함 약 10%를 확인하고 뱅가드·피델리티 각 7%와 25~40% 경로를 협상한다.",엔비디아 관심을 드러내면 가격이 뛰고 손정우는 투게더워크 성공을 확신한다.,손정우가 약속한 3%를 실제 넘기고 뱅가드·피델리티 대주주 면담을 주선해 25%·40%·최종 50% 경로가 열린다.,35억 달러 채권↔엔비디아 3% 교환을 완료하고 태우증권 8% 이상·핀테크 포함 약 10% 보유를 확인한다. 뱅가드·피델리티 각 7% 협상길을 얻지만 통제권은 아직 없다.,관계·기술·자산,엔비디아 보유분은 실제 약 10%가 되고 25%·40%·50%는 협상경로와 목표로 남는다.,"미중 무역분쟁은 김민재가 20년 동안 기다린 마지막 초대형 기회이고, 반드시 잡아야 한다.",손정우 35억 달러 대출계약과 엔비디아 3% 교환,뱅가드·피델리티 각 7% 협상; 엔비디아 25%·40%·최종 50% 목표,DCA-N42,0.95
489,489,약속의 시간 (4),85590,85766,트럼프가 중국산 관세를 발효하며 미중 무역전쟁이 실제로 시작된다.,미국채 방어를 맡는 대가로 중국 공매도를 보호받는 국가급 허가를 얻는다.,중국이 던질 미국채를 받고 금융타워가 양국 증발자금을 포집한다.,트럼프의 호출에 응해 중국 보유채권 20% 이상 매각 가능성을 계산하고 공매도 수익으로 채권을 사겠다고 제안한다.,미국을 돕는 순간 중국과 관계가 멀어지고 수천억 달러 유동성을 감당해야 한다.,트럼프가 금융타워의 공격수익과 미국채 매입을 모두 인정해 어떤 수익방식도 보호한다.,후보 시절 50억 달러 투자약속이 무역전쟁의 살인면허로 결산된다.,정치·돈·지위,백악관 보호 아래 공매도할 공식 명분과 채권시장을 얻는다.,백악관이 금융타워의 공격적 수익과 미국채 매입을 함께 허용한 살인면허의 실제 사용법이 남는다.,트럼프 투자약속,미중 금융전·미국채 매입,DCA-N42B,0.95
490,490,약속의 시간 (5),85767,85935,금융타워는 3천억 달러까지 융통 가능하고 미국의 눈치도 사라진다.,회귀 뒤 쌓은 미국·금융 동맹을 무역전쟁 자유행동권으로 결산한다.,중국 숏을 확대하되 청나라 채권은 대만 변수로 아껴 둔다.,한 부회장에게 더 강한 공매도를 허용하고 대만 활용안을 검토한 뒤 머스크에게 니콜라 수소트럭 의혹과 스타링크 진행상황을 확인한다.,중국시장 로비망을 잃을 수 있고 니콜라가 진짜 기술이면 테슬라 경쟁우위가 흔들린다.,미국채 방어능력과 머스크의 우주·자율주행 사업이 태우의 장기동맹을 재확인한다.,과거 약속들이 금융전 권한과 미래기술 협업으로 동시에 회수된다.,정치·돈·관계,미국 보호와 머스크 동맹이라는 두 장기약속이 실제 행동권이 된다.,머스크의 열 개 프로젝트 중 하나만 성공해도 이미 거둔 테슬라·우주 이익을 잇는 투자 보상이 된다.,미국채 방어약속,니콜라 조사·청나라 채권 대만변수,DCA-N42B,0.95
491,491,장난질 (1),85936,86107,니콜라 수소트럭이 단숨에 대형차를 움직였다는 주장이 의심받는다.,성의 없는 기술사기를 폭로하고 관세전·가상화폐 저점을 모두 수익판으로 만든다.,베릴이 니콜라를 조사하고 금융타워는 1조 달러급 관세전에 대비한다.,24시간 공장감시·연구원 포섭을 데이비드에게 맡기고 미국채 160억 달러를 더 사 총 500억 달러 입장권을 완성하며 비트코인·이더리온을 재매수한다.,니콜라 폭로가 너무 이르면 대화그룹 등 우군도 손실을 보고 관세전 규모도 불확실하다.,중국 소비재 2천억 달러 이상 관세가 예고되어 양국 합산 1조 달러 전쟁 가능성이 열린다.,작은 사기조사와 세계 금융전이 모두 정보 선점이라는 같은 방식으로 묶인다.,정보·돈·기술,500억 달러 미국채와 코인 저점물량이라는 전쟁 입장권을 확보한다.,"엔비디아 대주주 모임이 한국으로 정해지고, GPU 통제권을 얻기 위해 그들의 마음을 사야 한다.",니콜라 의혹,엔비디아 지분·1조 달러 관세전,DCA-N42B,0.95
492,492,장난질 (2),86108,86288,미중이 같은 규모의 관세로 맞붙는 동안 김민재가 젝슨 황을 만난다.,저평가된 엔비디아에 시총 절반급 현금을 넣고 경영권보다 동반성장을 산다.,엔비디아 신공장과 최소 25% 지분을 확보한다.,"젝슨 황에게 200억 달러 합작공장과 생산량 70퍼센트의 5년 선납 계약, GPU 설계 200억 달러 투자를 조건으로 유상증자 지분 25퍼센트를 제안한다. 리사와의 5촌 관계를 확인시켜 대주주 회의 지원 약속을 얻는다.",GPU 암흑기에 수요전망을 믿기 어렵고 대규모 지분발행은 기존 주주 반발을 부른다.,리사와 젝슨 황이 5촌 관계임을 가계도로 확인해 개발자 간 선천적 신뢰까지 만들어 낸다.,젝슨 황의 제안 수락과 다음 날 대주주 회의에서 최대 지분 인수를 돕겠다는 약속을 얻는다. 400억 달러 투자·선납과 지분 취득은 아직 계약 전이다.,기술·자산·관계,"400억 달러 투자·5년 선납은 조건부 제안으로 남고, 리사·젝슨 황의 혈연 확인이 다음 날 지분협상의 신뢰 카드가 된다.",젝슨 황의 지원 약속을 다음 날 대주주 회의에서 실제 지분 인수와 유상증자 계약으로 바꿀 수 있는가?,젝슨 황의 400억 달러 투자안 수락; 리사와 5촌 확인; 대주주 회의 지원 약속,엔비디아 대주주 지분 매매; 25퍼센트 유상증자; 5년 선납·GPU 공장 계약,DCA-N42B,0.95
493,493,장난질 (3),86289,86462,젝슨 황의 협력으로 대주주 지분 10%를 사 태우 우호지분이 40%가 된다.,경영간섭 없이 GPU 공급망을 장악하고 청나라 채권을 대중 압박으로 쓰는 보상을 준다.,시장지분을 계속 매집하며 미중 관세전의 중국 약점을 확대한다.,한미에 공장을 반씩 짓고 35% 유통물량을 계속 사들이며 미국 재단의 청나라 채권 법안과 중국의 제한된 보복수입 규모를 활용한다.,미국은 5천억 달러 중국산을 때릴 수 있지만 중국도 국제여론·채권으로 반격한다.,중국의 대미 수입은 1천500억 달러 미만이라 관세 맞대응 한계가 명확해진다.,GPU 통제권과 금융전 정보우위가 태우의 다음 세계 1위 기반이 된다.,기술·돈·정치,엔비디아 40% 우호지분과 중국 관세열세라는 가시적 우위를 얻는다.,김민재가 데이비드를 통해 리강에게 이번 주 홍콩에서 보자고 전하고 중국 금융면허 협상을 연다.,엔비디아 지분협상,리강 협상·청나라 채권법안,DCA-N42B,0.95
494,494,장난질 (4),86463,86651,홍콩의 리강이 태우에게 미국 대신 중국 편에 서라고 압박한다.,양자택일 요구를 거부하고 값싼 청나라 채권으로 중국의 정치적 약점을 찌른다.,금융타워 중립을 지키면서 대만 민진당까지 채권전에 끌어들인다.,중국의 편을 들라는 제안을 연속 거절하고 미국 공화당의 청나라 채권 법안 속보를 보여 준 뒤 데이비드가 민진당에 채권소각 프로젝트를 제공한다.,중국은 금융타워 접근을 막을 수 있고 대만 정당도 지방선거 승리를 장담하지 못한다.,천만 달러 액면 채권 소각이 선거판과 중국 정통성 논쟁을 뒤집을 카드가 된다.,무역전쟁의 주변국이던 대만이 태우가 만든 정치변수로 올라선다.,정치·정보·돈,중국 압박을 거절해 협상주도권을 지키고 대만 실행주체를 확보한다.,진량타이와 데이비드가 손을 잡고 여러 국가가 민감하게 반응할 청나라 채권 쇼를 준비한다.,리강의 편가르기,대만 채권소각쇼·중국 금융개방,DCA-N42B,0.95
495,495,장난질 (5),86652,86827,민진당이 10만 달러도 안 든 천만 달러 액면 청나라 채권을 공개 소각한다.,장난 같은 역사채권으로 중국 금융시장 5년 무제한 진출권을 얻는 결산을 준다.,청나라 채권 과반을 지렛대로 금융타워 전체의 중국 제약을 없앤다.,대만에 추가채권 이전 가능성을 내비치고 방한한 리강에게서 5년간 금융활동 무제한 허용과 5년 뒤 채권 양도 조건의 말수락을 받는다. 금융사 담당자들은 세부조건 협상에 들어간다.,중국의 정치적 말수락을 금융타워 각 사의 세부 계약과 실제 활동권으로 내려야 하며 추가조건은 아직 협상 전이다.,리강이 5년 금융활동 무제한과 5년 뒤 채권 양도를 말로 수락해 정치적 문이 열리지만 계약서·세부 실행은 뒤에 남는다.,중국 금융시장 5년 무제한 활동권과 5년 뒤 청나라 채권 양도 조건의 정치적 수락·말합의를 얻는다. 금융타워 전체 세부계약은 미지급이다.,정치·돈·지위,청나라 채권은 중국의 5년 권한 말합의를 끌어낸 정치 지렛대가 되고 각 금융사는 세부협상 단계로 들어간다.,데이비드가 니콜라가 조작을 넘어선 사기라고 보고한다.,중국의 5년 금융활동 허용·5년 뒤 채권양도 말합의,금융타워 각 사 세부조건·계약 체결; 중국 내 실제 금융활동 실행; 니콜라 폭로,DCA-N42B,0.95
496,496,훼방꾼 (1),86828,87002,니콜라가 경사로에서 트럭을 굴려 주행영상처럼 찍은 사기가 확인된다.,우군의 손실을 먼저 막고 사기기업 자금을 새만금 공급망으로 옮기는 보상을 약속한다.,대화그룹이 니콜라 지분을 폭로 전 매각하고 화학단지에 투자하게 한다.,후계자 김정권에게 영상의 각도를 돌려 사기방식을 보여 주고 2주 안에 지분을 팔며 새만금 공장·인력을 배치하라는 조건을 건다.,정보제공은 타사 경영개입이고 매각이 늦으면 3천만 달러 이익이 같은 규모 손실로 뒤집힌다.,김성윤은 김민재의 선견을 믿어 니콜라 지분을 2주 안에 팔고 매각대금 전액과 본사 자금을 새만금에 넣으라고 결정한다. 실제 매각·투자는 아직 전이다.,대화그룹의 니콜라 지분 매각 결정과 새만금 화학단지 확대 약속을 얻는다. 매각대금과 본사 자금의 실제 투입은 남는다.,정보·관계·사업,"니콜라 사기 증거는 대화그룹의 손실회피·새만금 증설 결정으로 이어지지만, 지분 매각과 자금 집행은 다음 단계다.",김성윤은 김정권에게 니콜라 지분 매각대금 전액과 본사 자금까지 새만금에 넣으라고 지시한다.,니콜라 조사·증거 제시; 대화그룹의 2주 내 매각·새만금 투자 결정,니콜라 지분 실제 매각; 매각대금·본사 자금 새만금 투입; 소재 공동연구,DCA-N43,0.95
497,497,훼방꾼 (2),87003,87178,대화그룹이 니콜라 지분을 전량 처분하고 새만금에 수천억 원 공장을 짓는다.,일본·중국의 핵심소재와 희토류 카드를 10년 준비한 공급망으로 무력화한다.,강제징용 판결 전 소재 양산을 앞당기고 베트남 동파오 광산 규제를 푼다.,대화와 공동연구를 시작하며 일본의 10월 수출제한을 설명하고 중국의 희토류 위협에는 베트남 인맥을 가진 할아버지에게 도움을 청한다.,새만금은 규제 탓에 수익성이 낮고 베트남 광산도 환경규제로 생산을 못 한다.,할아버지가 태우 생존과 직결된 부탁을 듣고 귀국 전 동파오 문제를 해결하겠다고 약속한다.,사기기업 구출에서 시작한 동맹이 한중일 공급망 방어로 커진다.,사업·관계·자원,대화 투자와 할아버지의 해결 약속이 소재·자원 두 방어축을 만든다.,"김태중은 귀국 전에 동파오 광산 규제를 풀겠다고 약속하고, 김민재는 중국 희토류 카드를 억제할 길을 기다린다.",대화 니콜라 탈출,일본 소재분쟁·동파오 희토류,DCA-N43,0.95
498,498,훼방꾼 (3),87179,87338,할아버지가 베트남 차기 지도자 후보 쑤엉 푹과의 인맥을 꺼낸다.,가족의 오래된 해외관계가 중국 희토류 독점을 깨는 국가급 보상으로 돌아온다.,동파오를 포함한 베트남 광산의 대량생산 허가를 받는다.,국밥 육수 같은 친분과 대규모 투자·고용안을 함께 제시해 동파오 생산확대를 차기 권력자의 성과로 포장한다.,환경규제 완화는 정치적 책임이 크고 중국 반발도 감수해야 한다.,쑤엉 푹이 자신의 자리를 걸고 희토류 대량채굴을 성사시키겠다고 약속한다.,회귀 직후 지켜 온 유일한 가족관계가 세계 공급망의 실질적 방패가 된다.,가족·자원·정치,할아버지 인맥과 물량공세가 데이비드도 못 푼 규제를 움직인다.,김민재가 2~3년 안에 태우를 세계 최고로 만들겠다고 할아버지에게 선언한다.,할아버지 베트남 인맥,베트남 희토류 증산·세계 1위 약속,DCA-N43,0.95
499,499,훼방꾼 (4),87339,87506,베트남이 동파오를 포함한 희토류 광산 일곱 곳의 규제완화를 발표한다.,중국 독점비중을 낮추고 태우가 세계 희토류 25%를 쥐는 공급망 보상을 준다.,베트남·브라질·몽골 생산을 묶고 차세대 HBM을 엔비디아와 공동개발한다.,베트남 2만 톤 증산과 몽골 독점계약을 계산한 뒤 중국 소비재 공장을 옮기면서도 특허소송·금융숏을 강화하고 HBM 개발비 3조 원 이상을 승인한다.,중국 13억 시장 포기와 낮은 HBM 수율·불확실한 당장 수요를 감수해야 한다.,중국 희토류 점유율은 63%로 낮아지고 태우는 최대 25% 생산 가능성과 엔비디아 적용처를 확보한다.,한중 공급망 방어가 자원 지배와 AI 메모리 선점이라는 공세로 전환된다.,자원·기술·사업,희토류 25% 전망과 HBM 공동개발이라는 세계 1위 기반이 구체화된다.,HBM 개발비를 10조 원 이상으로 늘리고 전용공장까지 지어 AI 메모리 시장을 독점하기로 한다.,베트남 희토류 규제완화,중국 공장이전·HBM 3조 개발·일본 보복,DCA-N43,0.95
500,500,훼방꾼 (5),87507,87668,미·중 무역분쟁에 일본 강제징용 판결 보복까지 겹칠 것을 걱정하는 최재석을 밤늦게 청와대에서 만난다.,"새만금 소재 규제법, 센트리언의 코로나 연구·공장 보증, 자가진단팀과 마스크 업체 명단을 1년 뒤 생존전의 담당자·조건으로 고정한다.",일본 소재보복에 바로 대응할 법안을 준비하고 센트리언의 코로나 치료·진단·생산능력과 중소 마스크 공급선을 선제 확대한다.,"최재석에게 일본 제재 즉시 발동할 새만금 화학단지 규제완화 법안을 만들게 한다. 센트리언에는 코로나 계열 연구의 인원·장비 투자를 늘리고 미·유럽 신축공장에 더 많은 자금을 넣도록 요청하며, 가동률이 모자라면 태우가 건설비 150%로 인수한다는 보증과 계약서 작성을 제시한다. 서정준이 추가 투자를 받아들이자 항원 자가진단키트 개발팀 신설과 계약 중인 마스크 중소업체 명단 제공도 확정한다.","코로나 연구는 계속 적자이고 해외 신축공장만 이미 200억 달러 규모다. 서정준은 가동률을 걱정하며, 공장 규모가 두 배가 될 수 있다는 서술상 가능성은 합의된 수치가 아니다.","서정준이 태우의 건설비 150% 인수보증을 전제로 공장 신축에 더 많은 자금을 쓰겠다고 동의하고, 자가진단키트 전담팀과 마스크 계약업체 목록까지 즉시 실행선에 오른다.","새만금 규제완화 법안 준비 지시, 센트리언의 지속 연구·투자 확대, 가동률 미달 시 건설비 150% 인수보증 제안과 서정준의 추가 자금투입 동의, 항원 자가진단키트팀 신설, 마스크 생산업체 명단 제공 약속을 얻는다. 신축공장 두 배 확대는 확정되지 않았다.",생존·정치·기술,"일본 소재보복과 코로나 대비가 막연한 경고에서 규제법안, 150% 인수보증, 연구·진단 전담팀, 기존 마스크 계약망을 가진 실행 준비로 바뀐다.",센트리언이 넘길 마스크 업체 명단을 이용해 작은 생산사들을 누가 인수·통합하고 실제 물량을 확보할 것인가?,새만금 규제법 준비; 센트리언 추가투자 동의; 가동률 미달 150% 인수보증 제시; 자가진단키트팀 신설; 마스크 업체 명단 제공 약속,공장 증설 규모·계약서 문서화; 코로나 백신·치료제·진단키트 양산; 마스크 업체 인수·물량 확보,DCA-N43,0.95
501,501,치열한 공방 (1),87669,87841,강 대위 사무실에는 한 부회장도 없이 강 대위만 남아 밤샘 사업을 지키고 있다.,코로나와 유가 붕괴 전에 방역 설비와 금융 포지션을 먼저 잡는 회귀자 보상.,마스크·음압병동 업체를 사들이고 유가 하락에 베팅해 두 위기를 돈과 생존망으로 바꾼다.,강 대위·이영한에게 마스크·음압병동 업체 매입을 맡기고 한 부회장에게 유가 공매도를 늘린다,감염병 대비는 당장 수익이 없고 유가 공격은 석유에 민감한 미국의 눈총을 살 수 있다.,미국과 중국이 서로 죽이는 데 몰두한 지금은 금융타워의 유가·석유 공격을 살필 여력이 없다는 틈이 보인다.,강 대위·이영한에게 방역업체 인수 지시가 내려가고 한 부회장은 유가 공매도를 확대한다.,자산·정보,막연한 전염병·유가 예측이 방역기업 인수와 유가 숏이라는 실행 포지션으로 바뀐다.,미국과 중국이 전쟁에 시선을 빼앗긴 동안 태우와 금융타워가 수익을 거둘 은폐창이 열린다.,방역업체 매입과 유가 숏 확대 결정.,코로나 확산 때 확보한 업체의 가치와 마이너스 유가 때 숏의 결산.,DCA-N43,0.94
502,502,치열한 공방 (2),87842,88030,김민재와 한 부회장이 커피를 마시며 데이비드가 띄운 니콜라 사기 보도를 지켜본다.,니콜라 폭로 수익을 국내 반도체·디스플레이 동맹으로 환전하는 보상.,오용재에게 미중 충돌을 함께 버틸 생산·재고 공조를 제안한다.,데이비드가 니콜라 사기를 공개하고 김민재가 오용재·삼진과 반도체·디스플레이 공조를 제안한다,오용재는 김민재가 무엇을 할지 몰라 구체적인 협력 조건 없이는 손을 잡기 어렵다.,경쟁사를 죽이는 치킨게임이 아니라 생존용 반도체 재고를 미리 쌓아야 한다는 미래 부족 사태가 제시된다.,오용재와 느슨한 반도체 동맹을 맺고 생산량을 최대한 늘리기로 뜻을 모은다.,관계·생산능력,태우와 삼진이 경쟁사 관계에서 공급 충격에 함께 대비하는 느슨한 동맹으로 이동한다.,미중 분쟁과 코로나가 겹칠 반도체 부족 전에 생산량과 재고를 얼마나 끌어올릴지가 남는다.,니콜라 사기 공개와 오용재의 공조 참여.,"반도체 부족 전 생산 확대, 디스플레이를 포함한 추가 동맹의 구체화.",DCA-N43,0.94
503,503,치열한 공방 (3),88031,88181,오용재와 밤샘 협상을 마친 김민재가 한 부회장에게 느슨한 반도체 동맹의 성과를 설명한다.,기술유출과 일본 보복을 국가법·기업동맹·백악관 거래로 동시에 막는 약속.,기술보호법을 통과시키고 강제징용 판결 뒤 일본의 수출보복까지 되받아칠 국제 보호막을 만든다.,기술보호법과 강제징용 판결 뒤의 한일 충돌을 검토하고 트럼프 재선을 지렛대로 삼는다,중국 기술탈취와 일본의 보복 가능성이 겹치고 트럼프도 관계만으로 마음대로 움직일 수 없다.,트럼프가 가장 원하는 재선 지지율을 회복시켜 주면 미국 기술보호 협약을 원하는 방향으로 끌 수 있다는 교환점이 드러난다.,"삼진과의 동맹 범위를 반도체 밖으로 넓히기로 하고, 트럼프를 직접 설득할 전략이 확정된다.",전략·관계,국내 기업 공조만 있던 상태에서 미국 대통령의 재선 욕망까지 기술보호 카드로 쓰는 국제전으로 확대된다.,팜벨트 지지율을 살릴 대가를 무엇으로 제시해 트럼프의 기술보호 협력을 얻을지가 열린다.,오용재와의 반도체 동맹 협상.,트럼프 재선 지원과 미국 주도 기술보호 협약의 맞교환.,DCA-N43,0.94
504,504,치열한 공방 (4),88182,88346,김민재가 익숙하지 않은 골프채를 들고 트럼프와 필드에서 단독 거래를 시작한다.,미국 농산물 구매로 팜벨트 표와 백악관의 기술·무역 지원을 사는 정치 거래.,미국산 옥수수·대두를 연 220억 달러 규모로 흡수해 트럼프의 재선 지지율을 올린다.,트럼프와 골프를 치며 미국산 옥수수·대두 연 220억 달러 흡수를 약속한다,막대한 구매비용이 들고 트럼프의 호의가 실제 정책 변화로 돌아온다는 보장은 없다.,트럼프는 백악관 관료보다 김민재를 더 믿는다며 조만간 진심을 보여 주겠다고 약속한다.,미국 농산물 연 220억 달러 구매안이 합의되고 트럼프의 공개적인 신뢰와 보답 약속을 얻는다.,외교관계·거래,김민재는 친분에 기대던 트럼프 관계를 채권·농산물이라는 상호 담보가 있는 정책 거래로 바꾼다.,트럼프가 말한 보답이 기술보호와 대중국 정책에서 어떤 형태로 나올지가 남는다.,팜벨트 지원 규모와 구매 방식 합의.,"백악관 기조 변화, 대량 구매를 감당할 곡물 생산·유통망 확보.",DCA-N43,0.94
505,505,치열한 공방 (5),88347,88514,CITI그룹 VIP실에서 다이먼과 데이비드가 연 200억 달러 농업투자의 개인 수익성을 걱정한다.,비테라 인수와 농업위성으로 식량전쟁의 생산·관측·유통망을 한꺼번에 선점하는 약속.,세계 곡창지대를 시간 단위로 읽고 곡물 매입을 소화할 독자 식량망을 만든다.,다이먼·데이비드와 비테라 인수 및 머스크 농업위성 활용안을 짠다,비테라 인수에는 큰 자금이 들고 전 세계 곡창지대를 한 시간마다 스캔할 위성망도 아직 없다.,머스크는 비용만 보장되면 다음 해 안에 시간 단위 농업 관측망을 만들 수 있다고 답한다.,다이먼·데이비드에게 비테라 인수를 맡기고 머스크에게 농업위성 구축 약속을 받는다.,자산·정보망,농산물 구매 약속이 개별 수입에서 곡물회사 소유와 전 지구 관측망 구축으로 확장된다.,식량 대란이 오기 전에 비테라 계약과 위성망을 실제로 완성할 시간이 흐르기 시작한다.,비테라 인수 추진과 농업위성의 기술·비용 가능성 확인.,"비테라 소유권, 위성 발사, 세계 곡물기업과의 힘겨루기.",DCA-N43,0.94
506,506,증거 확보 (1),88515,88679,미국에서 돌아온 김민재는 트럼프의 국방수권법·수출통제개혁법 서명을 한 부회장에게 보고받는다.,중국으로 기술을 빼돌린 협력업체 관련자를 물증과 명동 집행력으로 공개 본보기로 만드는 약속.,천민정이 모은 디스플레이 기술유출 자료와 관련자 명단을 이영한에게 넘겨 재산·자금줄을 끊는다.,천민정의 디스플레이 기술유출 증거와 관련자 명단을 이영한에게 넘긴다.,관련자들은 불법자금을 숨겼고 합법기업인 태우가 직접 회수하면 수사·평판 위험이 생긴다.,경찰·검찰·국세청이 눈을 감아 줄 조건이 마련되자 이영한이 중간자금과 보유재산까지 토해 내게 할 수 있다고 한다.,천민정의 자료가 이영한에게 인계되고 수사기관 묵인 아래 명동 집행작전이 승인된다.,증거·집행권,기술유출 의심 명단이 명동과 국가기관이 함께 움직일 수 있는 처벌작전으로 전환된다.,악마의 미소를 지은 이영한이 기술유출 관련자들을 어떤 방식으로 무너뜨릴지가 걸린다.,기술유출 관련자 명단 확보와 이영한 투입 결정,"불법자금 회수, 내부고발자 확보, 기술보호법 여론 반전.",DCA-N43B,0.94
507,507,증거 확보 (2),88680,88865,탑테크 창립멤버 양진태가 삼진의 투자로 만든 생산관리 기술을 중국에 넘긴 전력이 드러난다.,탑테크 내부자를 돌려 세워 기술유출의 조직성과 피해규모를 당사자 입으로 증명하는 약속.,이영한이 양진태의 돈·약점을 눌러 내부고발 자료를 확보한다.,이영한이 탑테크 양진태를 압박해 내부고발자로 돌린다,양진태는 기술유출 공범이며 중국자금 통로도 비밀이라 자발적으로 입을 열 이유가 없다.,명동이 임원 약점과 중국 비밀자금 통로를 모두 장악해 탑테크 전체를 희생양으로 세울 수 있게 된다.,양진태가 내부고발 쪽으로 돌아서고 탑테크 임원 약점·자금통로가 확보된다.,증거·관계,공범이던 양진태가 조직을 증언할 내부자로 뒤집히고 탑테크가 국가적 본보기 대상으로 특정된다.,확보한 내부고발과 자금증거를 얼마나 크게 공개해야 기술보호법 반대 여론을 꺾을지가 남는다.,양진태 포섭과 중국자금 통로 차단.,"탑테크 공개처벌, 피해액 산정, 기술보호법 통과.",DCA-N43B,0.94
508,508,증거 확보 (3),88866,89034,명동이 확보한 내부고발자와 증거를 앞에 두고 김민재가 공개 수위를 결정한다.,암호화폐 자금과 5조 원 피해를 국민 앞에 드러내 산업스파이 처벌법을 세우는 제도 보상.,탑테크 사건을 여론 반전의 본보기로 만들어 12월 7일 기술보호법을 통과시킨다.,암호화폐 자금흐름과 5조 원 피해를 공개해 12월 7일 기술보호법 통과를 밀어붙인다,대중 수출 의존 때문에 중국을 자극하면 경제가 무너진다는 반대 여론이 강하고 한국이 보복의 전면에 설 위험이 있다.,미국이 전면에 서고 일본·EU가 뒤를 받쳐 중국의 총알이 한국까지 닿지 않게 하는 국제 방어구조가 제시된다.,암호화폐 흐름과 5조 원 피해가 공개되고 기술보호법 통과 일정·국제 블랙리스트 운용 기반이 잡힌다.,법·국제공조,개별 기업의 기술유출 사건이 국가법과 미·일·EU 공동압박의 근거로 격상된다.,기술보호 다음 과제로 비테라 연내 계약과 식량 대란 대비가 전면에 올라온다.,탑테크 공개 본보기와 기술보호법 추진 명분 확보.,"법 시행, 중국의 반발 관리, 비테라 계약.",DCA-N43B,0.94
509,509,증거 확보 (4),89035,89193,하버드라는 미국 최고 지성의 권위 뒤에 중국 연계 교수가 숨어 있는 정황이 포착된다.,미국 여론·유럽 공조·금융 공매도를 합쳐 중국 2인자 리강을 양보 협상장으로 부르는 약속.,하버드 교수의 중국 연계를 폭로하고 중국 부동산·지수에 하락 압력을 걸어 협상 명분을 만든다.,하버드 교수의 중국 연계를 터뜨리고 중국 부동산·지수 공매도와 미·일·EU 공조를 건다,여러 국가가 얽힌 공격이라 한국이 먼저 야합하면 모든 불똥이 한국으로 향할 수 있다.,미국도 납득할 증거와 명분이 있으면 중국의 일방 양보를 요구하는 협상이 가능하다는 판이 선다.,"하버드 폭로 카드와 미·일·EU 지원, 중국 공매도 압박이 결합되고 리강 면담 일정이 추진된다.",여론·금융압박,한국 단독의 기술보호 요구가 미국 권위기관 폭로와 다국가 금융압박을 동반한 협상력으로 바뀐다.,리강이 실제로 한국에 와서 어떤 양보를 내놓을지가 다음 승부다.,국제 압박 카드 구성과 리강 면담 추진.,"중국의 기술보호법 철회 요구, 중국행 기술자 블랙리스트 협상.",DCA-N43B,0.94
510,510,증거 확보 (5),89194,89363,다급해진 리강이 베이징에서 강 대위 식당 별관까지 직접 찾아온다.,증거를 쥔 김민재가 중국의 철회 요구를 꺾고 기술유출자를 국제 노동시장에서 퇴출하는 보상.,리강에게 기술보호법을 유지시키고 중국으로 간 한국 기술자의 취업 블랙리스트를 받아낸다.,리강에게 단계적 기술보호 조치를 제시해 철회요구를 막는다. 중국은 한국 기술자 700명 이상을 실제 해고하고 퇴직금도 주지 않았으며 추가해고를 준비한다. 김민재는 미국·일본·EU 취업까지 막는 블랙리스트를 추진하고 미국행 곡물협상을 준비한다.,중국은 법 철회를 요구하고 국제 블랙리스트는 인력·외교 주권을 건드려 합의가 어렵다.,중국의 700명 이상 해고가 실제 발생하며 기술보호법 논쟁이 노동자 피해와 국제 블랙리스트 계획으로 커진다.,"리강의 단계적 대응 수락과 기술보호법 철회저지, 중국의 한국 기술자 700명 이상 해고 확인이 지급된다. 국제 블랙리스트와 곡물기업 인수는 아직 계획이다.",법·국제고용,기술유출 대응은 국내법 방어에서 해고 기술자와 국제취업을 통제하는 국가간 인력전으로 확장된다.,김민재의 미국행 목표가 비테라 인수와 곡물 메이저 협상으로 구체화된다.,리강의 단계적 대응 수락; 기술보호법 철회저지; 중국의 700명 이상 해고 확인,해고 기술자 보호·국제 블랙리스트; 비테라 인수; 곡물 메이저 협상,DCA-N43B,0.94
511,511,식량 카르텔 (1),89364,89522,미국에 도착한 김민재는 농업위성 성공을 확인한 뒤 카길·와이자타 등 곡물기업 대표들을 한자리에 모은다.,연 1천억 달러 구매력을 미끼로 곡물 메이저의 단일대오를 서로 물어뜯는 경쟁으로 바꾸는 약속.,농장 임차와 대량구매 조건을 제시해 태우에 가장 좋은 생산·유통 조건을 내는 기업을 고른다.,카길·와이자타 앞에서 연 1천억 달러 곡물 구매와 농장 임차를 제안한다,ABC 기업들은 시장을 나눠 가진 카르텔이며 태우가 한 곳과 손잡으면 나머지가 공급을 막을 수 있다.,1천억 달러는 세계 곡물기업 순위를 바꿀 금액이라 선택권을 넘겨받은 대표들이 숨긴 탐욕을 드러낸다.,연 1천억 달러 구매·농장 임차 제안이 공식 테이블에 오르고 카길과 와이자타 사이 경쟁이 점화된다.,협상관계·구매력,상대가 한 덩어리 카르텔인 상태에서 태우의 구매금을 두고 경쟁하는 개별 기업들로 갈라진다.,누가 가장 큰 농장·인프라 조건을 내고 태우의 식량망 파트너가 될지가 걸린다.,곡물 메이저 경쟁 유도.,농장 임차 조건 확정과 비테라를 포함한 태우 독자 곡물축 구축.,DCA-N43C,0.94
512,512,식량 카르텔 (2),89523,89696,전체 매출의 절반에 가까운 1천억 달러를 놓고 곡물 메이저들이 서로 조건을 높인다.,비테라를 태우 소유 곡물회사로 바꾸고 세계 농업 인프라를 묶는 실물 보상.,비테라 인수를 마치고 농장·창고·항만 임차망을 태우상사의 새 축으로 세운다.,"이미 인수한 비테라를 태우곡물회사로 바꾸고 곡물 메이저들과 연 1천억 달러 구매·농장임차 협상을 진행한다. 일부 5년 계약은 순차 체결되고 아마존 창고 임대에도 합의하지만, 다음 반기 500억 달러·내년 1천억 달러는 집행계획이다.",기존 메이저가 거래를 방해할 수 있고 식량망만으로는 중국발 반도체 충격을 막을 수 없다.,비테라 소유권을 바탕으로 일부 장기계약과 아마존 창고임대가 실제 성립하며 곡물매입 계획이 운영망으로 넘어간다.,"비테라 인수 확인·태우곡물회사 전환, 일부 5년 곡물·농장 계약과 아마존 창고임대 합의가 지급된다. 연 1천억 달러 전량계약은 아직 진행 중이다.",소유·식량안보,태우는 비테라를 소유한 곡물회사와 일부 장기조달·창고망을 갖지만 전체 곡물카르텔 계약은 남는다.,태우반도체를 대체 불가능한 공급자로 만들 해외 구형팹·첨단칩 투자가 다음 과제로 열린다.,비테라 인수·태우곡물회사 전환; 일부 5년 곡물·농장 계약; 아마존 창고임대 합의,연 1천억 달러 곡물계약 완성; 해외 반도체 생산지도·첨단칩 투자,DCA-N43C,0.94
513,513,식량 카르텔 (3),89697,89854,식량협상을 마친 김민재가 귀국 즉시 한 부회장·천민정·리사·웨이를 소집한다.,인도·베트남에 중국 구형반도체 시장의 최소 50%를 대체할 생산기지를 세우고 구형 노광장비를 중국보다 먼저 선점하는 약속.,"2년 내 중국 제재와 차량용 반도체 대란 전에 인도·베트남 구형팹, 구형 노광장비 공급선, HBM·GPU 한국기지를 배치한다.",인도·베트남 팹을 중국 구형반도체 시장 최소 50% 대체 규모로 잡고 중국 업체보다 먼저 구형 노광장비 공급계약을 맺도록 지시한다. 2년 내 제재·차량용 공급부족을 설명하고 악성재고는 본사가 매입 책임지며 HBM 5배 증설·한국 GPU 부지를 배치한다.,중국 기업과 구형 노광장비를 두고 경쟁해야 하고 제재가 빗나가면 수십조 원 악성재고가 남는다. 본사가 재고 매입책임을 져야 한다.,차량용 반도체 대란과 2년 내 중국 제재를 근거로 본사가 해외팹 악성재고를 전부 사겠다고 책임져 반대를 돌려세운다.,"중국 시장 최소 50% 대체 규모, 인도·베트남 구형팹, 중국보다 앞선 구형 노광장비 공급계약 방침, 본사 악성재고 매입책임, HBM 5배 증설과 한국 GPU 부지를 확정한다. 팹 건설·장비 계약은 미지급이다.",생산능력·인재,해외 구형팹 구상이 대체규모·장비 선점·재고 책임·생산품을 갖춘 국가급 생산계획으로 바뀐다.,중국 업체보다 먼저 구형 노광장비 공급계약을 확보하고 2년 뒤 차량용 반도체 부족 전에 인도·베트남 팹을 가동할 수 있는가?,해외팹 대체규모·생산품·재고책임·HBM/GPU 투자결정,구형 노광장비 선점계약; 인도·베트남 팹 건설·양산; 중국 경쟁·악성재고 위험,DCA-N43D,0.94
514,514,식량 카르텔 (4),89855,90022,해외 팹별 생산품 배분 회의가 두 시간째 이어지고 장비 부족이 공통 병목으로 떠오른다.,"베트남 반도체공장↔쌀·농지, 인도 공장↔밀을 교환하고 ASML 구형장비를 중국 대신 태우로 돌릴 직접협상을 연다.",해외팹 생산품을 배분하고 베트남·인도 곡물·농지 조건과 ASML 구형장비 공급을 직접 협상한다.,"공장별 생산품을 배분한 뒤 베트남 공장 대가로 곡물계약·대규모 농지사용권, 인도 공장 대가로 밀을 요구하기로 한다. 1,000억 달러 곡물 비판을 버티며 ASML이 중국 대신 태우와 구형장비 계약을 맺을지 우려하자 김민재가 직접 협상하고 귀로 베트남·인도 도장을 받겠다고 정한다.","반도체공장과 곡물·농지 교환은 오너리스크 비판을 부르고, ASML은 제한된 구형장비를 중국과 태우 사이에서 배분해야 한다.",곡물시장 비판과 중국 배후 의심에도 김민재가 ASML 직접협상 뒤 베트남·인도 정부 계약까지 한 순방으로 잇기로 한다.,"해외팹 생산품 배분, 베트남의 곡물·농지와 인도의 밀이라는 교환조건, ASML 직접협상 및 베트남·인도 방문·도장 계획을 확정한다. ASML 장비공급과 정부계약은 아직 미지급이다.",설비·교섭력,해외팹은 반도체 생산계획에서 식량·농지·노광장비를 맞바꾸는 국가협상안으로 진전된다.,ASML이 중국 대신 태우와 구형장비 공급계약을 맺고 베트남·인도가 곡물·농지 교환조건에 도장 찍을 것인가?,해외팹 생산품 배분; 베트남·인도 교환조건; ASML 직접협상·순방 결정,ASML 구형장비 공급계약; 베트남 곡물·농지 계약; 인도 밀·팹 계약,DCA-N43D,0.94
515,515,식량 카르텔 (5),90023,90196,김민재가 네덜란드 ASML에서 매출 14조 원의 독점 장비사 대표 피터슨과 마주 앉는다.,현재 확보한 EUV 생산량 50%를 발판으로 50대 선금·5조 원 증설·신규 70%와 중국 제재 뒤 DUV 구매안을 피터슨 앞에 올리고 계약 여부를 다음 화로 넘긴다.,ASML 생산능력 확대비를 대는 대신 새 공장 EUV 70%와 중국 수출이 막힐 DUV를 인도·베트남 팹에 공급받는 계약을 제안한다.,"태우반도체가 이미 ASML EUV 생산량 18대 중 9대, 즉 50%를 받고 있음을 확인한다. EUV 50대 대금 10조 원 선불 또는 공장 증설비 5조 원, 새 공장 생산분 70% 우선배정, 내년 이후 중국행 DUV 매입을 차례로 제안하고 인도·베트남 대형 구형팹이라는 대체 판매처를 설명한다.",피터슨은 다른 고객사 협의와 기존 중국계 계약 때문에 지금 당장 받을 수 없다고 말한다. 신규 EUV 70%·증설비·향후 DUV는 모두 협상안이며 서명된 계약이 아니다.,"피터슨은 50대 선금안을 즉시 받지 않고 고객사 협의를 요구하지만, 인도·베트남 구형팹과 선불 DUV 구매안을 듣고 입꼬리를 감추지 못한다.","ASML EUV 현재 생산량의 50%를 태우가 확보하고 있다는 기존 배분을 확인하고, 피터슨에게 10조 원 선금·5조 원 증설·신규 70%·향후 DUV 구매안을 끝까지 제시해 호의적 반응을 끌어낸다. 새 배분·증설·DUV 계약은 아직 미지급이다.",계약·설비,"태우는 현재 EUV 50%를 받는 최대 고객에서 ASML의 증설위험과 중국 대체판매처를 함께 해결할 제안자로 올라서지만, 추가 장비의 소유권과 계약상 우선권은 생기지 않았다.",피터슨의 미소를 실제 계약으로 바꿔 새 공장 EUV 70%와 중국행 구형장비 일부를 확보할 수 있는가?,현재 EUV 생산량 50% 배분 확인; ASML 증설·선금·신규 70%·향후 DUV 구매안 제시,고객사 협의; ASML 5년 계약 체결·지출; 신규 EUV·중국행 DUV 실제 배정; 베트남·인도 팹,DCA-N43D,0.94
516,516,동맹 형성 (1),90197,90378,김민재가 베트남의 대규모 구형 반도체 단지와 김태중의 현지 역할을 확인한다.,ASML 5년 장비계약과 베트남·인도 협상·지출을 회고하고 곡물·농지 보상과 28GHz·스타링크를 한 회차의 두 축으로 지급한다.,베트남 구형반도체 단지·ASML 장비·곡물/농지·인도 협상을 묶고 귀국 뒤 28GHz·스타링크 기반을 강행한다.,베트남 대규모 구형 반도체 단지를 계획하고 이미 체결한 ASML 계약으로 중국행 구형장비 일부를 확보한다. 단지 보상으로 곡물·농지를 요구하고 김태중이 푹 수상 자리를 마련하기로 한다. 보름 뒤 네덜란드 5년 계약 10조 원 이상과 베트남·인도 수배 지출을 회고한 뒤 28GHz·스타링크 구축을 지시한다.,"베트남·인도·ASML에 10조 원과 그 몇 배를 쓰고, 28GHz는 기지국 비용이 커 10조 원 추가투자가 필요하다.","네덜란드·베트남·인도 협상을 마친 뒤 태우 재무비판을 무시하고, 수익보다 회귀 전 끊기던 5G 실패를 반복하지 않겠다고 28GHz 투자를 택한다.","ASML 5년 장기계약 10조 원 이상과 중국행 구형장비 일부, 베트남·인도 정부협상 및 수배 지출 회고, 김태중의 푹 수상 면담 주선, 28GHz·스타링크 구축명령을 확인한다. 베트남 단지·곡물/농지 계약은 계획·협상 단계다.",인프라·가족역할,해외팹·장비·식량 협상은 실제 순방과 지출을 거쳐 실행기반을 얻고 국내에서는 손실을 감수한 28GHz·위성 보완망 투자로 전환된다.,해외팹 협상과 장비계약 뒤 28GHz 전국망·스타링크 협업을 실제 통신·자율주행 기반으로 구축할 수 있는가?,ASML 5년 계약과 구형장비 일부 확보; 베트남·인도 정부협상 순방; 28GHz 유지·스타링크 보완 결정,베트남 반도체단지·곡물·농지 계약; 인도 팹·밀 계약; 28GHz 전국망·스타링크 협업,DCA-N43D,0.94
517,517,동맹 형성 (2),90379,90540,순방 뒤 밀린 업무를 보던 김민재에게 일본 초계기 갈등 긴급속보가 들어온다.,다가올 일본 수출규제를 소재 2~10배 비축과 관련주 공매도로 되받아치는 약속.,일본 의존 소재를 미리 사들이고 일본 기업 약점을 캐 규제 순간 금융·산업 양쪽에서 역공한다.,"일본 초계기 갈등을 계기로 일본 소재를 2~10배 비축하고 관련주 공매도를 준비한 뒤, 내부정보를 구하러 명동으로 향한다.",태우는 합법적 정보수집만 할 수 있고 일본 정부·야쿠자 내부 정보는 공개경로로 잡기 어렵다.,명동의 해외 암흑망이면 야쿠자와 일본 내부정보를 태우보다 먼저 확보할 수 있다는 비대칭 수단이 생긴다.,일본산 소재의 비축 배수와 관련주 공매도 방향을 정하고 명동 정보망에 접근한다. 이영한의 실제 정보수집·작전 투입은 아직 전이다.,재고·정보망,"한일 갈등을 지켜보던 상태에서 실물 재고와 금융 숏을 준비하고, 일본 내부정보를 얻기 위한 명동 접촉 단계로 이동한다.","이영한이 일본 정계·야쿠자에서 어떤 약점을 가져올지, 실제 수출규제가 언제 발동할지가 걸린다.",소재 비축·공매도 방침; 명동 방문,이영한의 일본 정보수집; 야쿠자·정계 약점; 대체소재 동맹,DCA-N44,0.94
518,518,동맹 형성 (3),90541,90722,김민재가 낮의 명동에서 이영한을 만나 해외 정보망과 방역업체 인수 진행을 점검한다.,명동·머스크·오용재를 묶어 코로나와 일본 제재를 동시에 버틸 민간 동맹을 만드는 약속.,마스크·음압병동 물량을 늘리고 통신·반도체 기업들이 일본 공격 때 서로 공급을 보장하게 한다.,이영한의 해외망으로 마스크·병동을 늘리고 머스크·오용재를 일본 제재 방어선에 묶는다,각 기업은 불필요한 투자라 여기면 태우의 손을 잡지 않을 수 있고 김민재도 일방적으로 구제할 생각이 없다.,지원은 동맹 참여를 선택한 기업에게만 돌아간다는 조건이 분명해져 협력과 탈락의 선이 그어진다.,"이영한의 해외망 증원과 방역물량 확대, 머스크·오용재를 포함한 방어선 제안이 실행된다.",동맹관계·방역자산,태우 단독 대비에서 명동·삼진·머스크가 조건부로 참여하는 민간 생존연합으로 확대된다.,"어느 기업이 손을 잡고, 일본 포토레지스트를 대체할 해외 업체가 응할지가 남는다.",방역물량 확대와 동맹 참여조건 제시.,"듀폰 현지화, 일본 대북밀수 증거 확보.",DCA-N44,0.94
519,519,동맹 형성 (4),90723,90882,일본 제재 가능성을 곱씹던 오용재가 빈 잔을 만지며 대체소재의 현실성을 묻는다.,듀폰 포토레지스트와 일본 대북밀수 증거를 동시에 확보해 소재·외교 양면에서 일본을 누르는 약속.,듀폰의 한국 생산을 타진하고 강 대위와 일본의 밀수 영상·자금흐름을 모은다.,듀폰 현지화를 타진하고 강 대위에게 자금세탁 추적장비·초소형 카메라를 건네 일본 대북밀수 증거수집 작전을 시작한다.,일본 정부는 증거 하나로 고개를 숙이지 않고 듀폰도 아직 한국 공장에 투자할 이유가 약하다.,코로나까지 겹치면 일본 정부의 버티기 비용이 급증해 지금 모은 증거와 대체선이 결정타가 될 수 있다.,듀폰 현지화 협상창과 대북밀수 증거를 모을 장비·인력·작전경로를 마련한다. 영상·자금증거 확보와 공개는 아직 전이다.,증거·대체공급망,일본 소재를 비축하는 수세에서 미국 대체업체 협상과 대북밀수 증거수집 작전을 병행하는 공세 준비로 바뀐다.,강 대위 팀이 실제 대북밀수 영상·자금흐름을 확보하고 듀폰과 한국 공장 조건을 합의할 수 있는가?,증거수집 장비·작전 준비; 듀폰 협상 착수,대북밀수 증거 확보·공개; 듀폰 계약; 일본 소재기업 한국 이전,DCA-N44,0.94
520,520,동맹 형성 (5),90883,91041,김민재가 천안 듀폰 한국지사에서 미국 경영진과 EUV 포토레지스트 생산조건을 협상한다.,2천만 달러와 지분 30퍼센트로 일본 밖의 EUV 소재공장을 한국에 세우는 실물 보상.,듀폰의 핵심 공정을 한국에 옮겨 일본 규제 때 즉시 쓸 포토레지스트를 확보한다.,"듀폰과 6천만 달러 한국 포토레지스트 공장 건설에 합의하고 태우가 2천만 달러를 대 지분 30퍼센트를 받으며, 기존 태우 공장을 임시 생산거점으로 내준다.",초기 투자와 지분을 내줘야 하고 일본 공급망이 유지되면 공장 수익성이 낮을 수 있다.,"듀폰 연구팀의 한국 이전과 신공장 건설계약은 확정되지만, 실제 공장 완공·생산은 아직 남는다.","듀폰 한국 공장 건설계약, 태우 2천만 달러 투자·지분 30퍼센트, 기존 공장의 임시 생산사용과 연구팀 이전 약속을 얻는다.",공장·지분,"대체소재 아이디어가 서명된 현지화 계약과 임시 생산거점으로 바뀌지만, 신공장이라는 실물 자산은 건설 전이다.",일본 정책이 자국 소재기업을 배신할 때 듀폰 공장과 인수카드가 실제로 작동할지가 남는다.,듀폰 현지화·투자·지분 계약; 임시 생산거점 제공,듀폰 신공장 건설·가동; 연구팀 이전; 일본 수출규제와 소재기업 이전,DCA-N44,0.94
521,521,폭풍 전야 (1),91042,91200,봄이 오고 코로나 폭풍이 가까워지자 김민재가 센트리언 연구진을 직접 찾는다.,당장 손실을 감수한 진단·백신·대형공장이 팬데믹 때 국민과 회사를 살리는 약속.,진단기술·백신 연구와 생산공장을 미리 늘려 발병 순간 물량을 쏟아낸다.,센트리언 진단·백신 연구와 대형 제약공장을 손실을 감수하고 확대한다,수요가 없는 동안 연구비와 공장 유지비가 손실로 남고 성공할 백신도 확정되지 않았다.,팬데믹 대비는 제약만이 아니라 취약한 한국 농업까지 태우가 키울 기회라는 확장 방향이 드러난다.,센트리언 연구·제약공장 증설이 승인되고 연구진에게 선행투자와 지원이 배정된다.,생산능력·방역,"진단·백신 연구와 제약공장 증설이 연구·공사 중인 선행체계로 구체화되지만, 대량생산 설비 완공은 아직 전이다.","공사 중인 제약시설과 진단·백신 연구를 실제 팬데믹 대응력으로 완성하고, 농업·식량 선행투자까지 이어 갈 수 있는가?",센트리언 연구·증설 결정과 공사 진행,제약시설 완공·가동; 백신·진단 성과; 식량·농업 강화,DCA-N44,0.94
522,522,폭풍 전야 (2),91201,91367,중국에서 줄인 사업 뒤에도 합작사와 고위층을 통해 보조금 정보가 계속 흘러온다.,감옥의 이 상무에게 가짜 기술을 쥐여 중국 돈을 빨아오게 하는 복수 겸 자금회수 보상.,이 상무의 욕심으로 중국 각지에 반도체 껍데기 공장을 만들고 정부 보조금을 소진시킨다.,수감된 이 상무의 욕심과 간접 전달경로를 이용해 중국 각지에 가짜 반도체 공장을 만들 보조금 사냥 미끼를 설계한다.,이 상무는 김민재를 원망하고 감옥에 있어 직접 접촉하면 조작 흔적과 역공 위험이 생긴다.,"실제 생산에는 쓸모없지만 보조금 심사에는 그럴듯해 보일 기술미끼와 전달경로가 필요하고, 이 상무의 반응은 남는다.",이 상무를 보조금 사냥꾼으로 쓸 기술미끼·간접 전달경로 계획을 완성한다. 실제 전달·가짜 팹 설립은 전이다.,복수·정보전,"수감된 원수를 중국 자금을 갉아먹는 대리도구로 쓸 계획이 마련되지만, 아직 미끼를 전달하지 않은 준비 상태다.",설계한 기술미끼가 이 상무에게 전달되고 그가 욕심을 부려 가짜 팹을 만들 것인가?,이 상무 활용계획; 기술미끼·간접경로 설계,기술미끼 전달; 이 상무의 수락; 가짜 팹 확산; 중국 보조금 고갈,DCA-N44,0.94
523,523,폭풍 전야 (3),91368,91543,수감 중에도 죄를 인정하지 않는 이 상무가 몰락을 김민재 탓으로 돌린다.,USB 하나로 이 상무의 탐욕을 깨우고 마스크 200~400퍼센트 증산까지 겹쳐 두 폭풍을 선점하는 약속.,조 사장·박진훈을 통해 가짜기술을 전달하고 방역업체 생산량을 극단적으로 늘린다.,조 사장·박진훈을 거친 USB로 이 상무를 움직이고 마스크 생산을 200~400퍼센트 늘린다,"접촉 경로가 드러나면 배후가 노출되고, 수요 전 증산은 재고·현금 부담을 크게 만든다.",미중 협상 결렬·일본 규제·코로나가 태우에는 태풍이 아니라 이미 준비한 순풍이 될 순서가 확정된다.,USB가 이 상무에게 들어가고 마스크 생산 200~400퍼센트 확대 지시가 집행된다.,작전·재고,가짜기술과 방역업체 인수가 잠재 카드에서 실제 전달·증산 단계로 넘어간다.,미중 협상 결렬이 며칠 안에 터질 때 공매도와 가짜 팹이 얼마나 수익을 낼지가 걸린다.,USB 전달과 마스크 증산.,"미중 협상 결렬 수익, 일본 규제, 코로나 수요 폭발.",DCA-N44,0.94
524,524,폭풍 전야 (4),91544,91711,미중 협상 결렬 속보에 한 부회장이 큰 수익을 예상하며 김민재를 찾아온다.,관세·홍콩시위 하락을 금융수익으로 바꾸고 중국 가짜 팹에 보조금을 빨아들이는 이중 보상.,중국 지수와 관련 자산을 공매도하고 천민정의 반쪽 기술을 전국 가짜 공장에 퍼뜨린다.,미중 협상 결렬·관세·홍콩시위에 맞춰 공매도하고 중국 전역에 가짜 팹을 번식시킨다,시장 반등 위험과 중국의 기술검증이 있으며 가짜기술이 들키면 이 상무를 통한 역추적도 가능하다.,천민정이 실제 생산에는 해롭지만 외관상 그럴듯한 반쪽 기술을 계속 만들어 보조금 사기의 수명을 늘린다.,미중 협상 결렬 공매도 수익이 발생하고 중국 전역에서 가짜 팹 설립·보조금 수령이 늘어난다.,금융수익·산업교란,협상 결렬을 기다리던 포지션이 실제 수익과 중국 산업정책 누수로 전환된다.,"반쪽 기술이 언제 중국 반도체를 퇴보시키며, G20 뒤 일본과의 충돌이 어떻게 시작될지가 남는다.",협상 결렬 하락수익과 가짜 팹 확산.,"중국의 사기 인지, 일본 G20·수출규제 대응.",DCA-N44,0.94
525,525,폭풍 전야 (5),91712,91878,미국과 중국이 휴전 뒤 더 큰 제재를 주고받고 G20 일본 개최가 다가온다.,GSOMIA·대북밀수·차량용 칩을 묶어 일본의 제재를 외교·산업·금융에서 역전하는 약속.,일본이 소재를 끊는 순서를 예측하고 최재석 재선에도 도움이 될 공개 카드를 배치한다.,G20를 앞두고 GSOMIA·대북밀수·차량용칩을 일본 제재 대응 카드로 묶는다,미중 무역전쟁이 잠시 숨을 고르는 사이 일본은 G20 성공에 취해 있고 한국은 먼저 공격하기 어렵다.,아직 공개하지 않은 일본 대응카드와 최재석 재선용 선물이 있어 G20의 축제를 역공 무대로 바꿀 수 있다.,GSOMIA·대북밀수 증거·차량용 반도체를 일본 대응 순서에 넣는 전략이 확정된다.,전략·외교,미중전 대비 중심에서 일본의 소재공격을 대통령 재선과 국가외교까지 연결한 별도 전쟁계획으로 이동한다.,G20 이후 일본이 수출규제를 꺼낼 때 숨겨 둔 카드가 무엇인지가 직접 훅이 된다.,한일전 대응순서와 정치적 활용안.,"일본 수출규제 발동, 불화수소·포토레지스트 대체, 규제 철회.",DCA-N44,0.94
526,526,어리석은 전쟁 (1),91879,92060,김민재와 한 부회장은 일본 G20 잔치에 들러리를 서지 않고 한국에서 정상회의를 지켜본다.,트럼프 방한을 일본 수출규제 직전의 외교 방패와 공매도 개시신호로 쓰는 약속.,트럼프를 반도체도시로 불러 미국 선거 이해와 한국 반도체 생존을 한편으로 묶는다.,G20 직후 트럼프의 방한과 반도체도시 방문을 일본 공매도 개시 신호로 삼는다,일본은 G20 성공으로 자신감이 높고 아직 규제를 공식 발표하지 않아 먼저 공매도하면 역풍을 맞을 수 있다.,G20 뒤 트럼프의 기습 방한과 반도체도시 방문이 일본 공격을 되받을 정치·금융 신호로 확정된다.,트럼프 방한 일정과 일본 관련주 숏 개시조건이 정해진다.,외교·금융작전,일본의 다음 수를 기다리던 상태에서 미국 대통령 방문을 기점으로 즉시 반격할 전시태세로 바뀐다.,7월 1일 수출규제가 나오면 일본 정부를 제대로 밟겠다는 김민재의 기대가 전면에 남는다.,트럼프 방한을 반격 신호로 삼는 계획.,일본 3대 소재 규제 발표와 금융타워의 즉시 공매도.,DCA-N44,0.94
527,527,어리석은 전쟁 (2),92061,92243,트럼프의 기습 방한이 세계 언론에 미중 압박용 한미동맹 강화로 비친다.,미국 대통령의 재선 프로젝트를 태우가 대는 대신 일본이 한국을 버리지 못하게 하는 외교 보상.,반도체도시의 미국 기업 프로젝트로 트럼프 지지율과 한국 공급망을 동시에 지킨다.,트럼프 재선용 기업 프로젝트를 약속하면서 한국 반도체를 미국 선거 이해와 묶는다,트럼프가 재선 욕심을 좇더라도 일본과의 동맹을 이유로 한국 편을 끝까지 들지는 불확실하다.,태우 프로젝트가 트럼프 재선 가능성 자체를 높일 만큼 크며 미국도 한국 반도체 이해를 외면하기 어려워진다.,트럼프가 한국 경제협력과 반도체 프로젝트를 자신의 재선 성과로 받아들인다.,동맹관계·정치,개인 친분 수준의 방패가 미국 선거와 기업투자가 걸린 구조적 이해관계로 강화된다.,트럼프 재선이라는 역사 변화 가능성과 곧 발표될 일본 규제가 맞물린다.,트럼프 재선 프로젝트와 한미 반도체 이해 결속.,일본 규제 때 미국의 실제 태도와 프로젝트의 선거효과.,DCA-N44,0.94
528,528,어리석은 전쟁 (3),92244,92424,트럼프가 돌아간 뒤 한국 언론은 경제협력 희망을 쏟아 내고 일본은 3개 핵심소재 규제를 발표한다.,예상한 공격을 6개월 재고·국산기술·정부 규제완화라는 시간과 지원으로 바꾸는 약속.,비축분으로 생산을 지키고 최재석에게 신속한 인허가·연구지원을 얻어 국산화를 앞당긴다.,일본의 3개 소재 수출규제에 6개월 재고와 국산화 기술을 내보이고 정부 규제완화를 얻는다,핵심 기술을 너무 일찍 공개하면 일본이 대응할 시간을 벌고 소재공급 차질 우려가 시장을 흔든다.,준비한 카드의 공개시점을 숨기는 것 자체가 일본 손실을 키울 주도권임이 확인된다.,"3개 소재의 6개월치 재고와 국산화 기술, 정부 규제완화 지원이 확인된다.",재고·정책지원,일본의 일방 규제를 맞은 수입국에서 공개시점과 대체기술을 통제하는 준비된 방어자로 바뀐다.,김민재가 숨긴 기술카드를 언제 공개해 일본 피해를 최대화할지가 남는다.,초기 생산중단 위험 차단과 정부지원 확보.,"국산기술 발표시점, 듀폰·삼진·연구기관의 양산 속도.",DCA-N44,0.94
529,529,어리석은 전쟁 (4),92425,92586,긴급회의에서 말을 아낀 김민재를 최재석이 따로 불러 숨긴 대책을 묻는다.,기술을 가진 쪽이 발표를 늦춰 일본 업체 손실이 가장 커질 순간에 승리를 공개하는 약속.,듀폰·삼진·국내 연구기관의 양산을 가속하면서도 보유기술은 일본이 방심할 때까지 감춘다.,최재석에게 이미 확보한 기술을 숨겨 발표 시점을 조절하고 듀폰·삼진·연구기관을 가속한다,정부와 국민은 즉시 해답을 원하지만 조기 공개는 일본의 정책수정과 업체 구제를 돕는다.,듀폰이 한국 생산에 전력을 다하자 김민재는 추가 투자라는 대형 엔진까지 달아 줄 수 있게 된다.,최재석이 공개유예 전략을 받아들이고 듀폰·삼진·연구기관 가속지원이 결정된다.,정보주도권·생산,기술 보유 여부를 숨긴 방어에서 발표시점과 투자속도를 함께 통제하는 공세적 기다림으로 바뀐다.,듀폰 생산을 얼마나 당기고 일본 업체가 손실을 견디지 못하는 시점이 언제 올지가 걸린다.,정부의 공개유예 동의와 대체소재 가속.,"대북밀수 증거 폭로, 일본 소재업체의 부채 포획.",DCA-N44,0.94
530,530,어리석은 전쟁 (5),92587,92760,수출제한 일주일째 한 부회장이 손익이 엇갈린 표정으로 금융·산업 상황을 보고한다.,대북밀수 증거로 일본의 명분을 걷고 사채망으로 소재기업 자체를 한국에 가져오는 역공.,일본의 제재 근거를 공개적으로 무너뜨리고 부채가 약한 소재업체를 이전계약으로 묶는다.,"일본 대북밀수 증거를 공개하고 이영한에게 소재기업의 부채를 사들여 한국 이전을 유도하라고 지시하며, 국산 불화수소 소량생산을 확인한다.",일본 정부는 체면 때문에 증거를 부정하고 소재업체는 국가와 거래처를 버리는 이전을 쉽게 택하지 않는다.,"대북밀수 폭로와 채무압박 작전은 시작됐지만 소재기업 이전계약은 없고, 12나인 불화수소도 대량생산·공개 전이다.",대북밀수 영상·자금증거를 공개하고 채무압박 대상 기업을 정하며 국산 불화수소 소량생산을 확인한다.,외교명분·기업포획,"일본의 제재명분과 소재기업 재무를 동시에 공격하기 시작하지만, 기업 소유권과 불화수소 대량공급은 아직 확보 전이다.","소량생산한 12나인 불화수소를 대량공급으로 키워 공개하고, 채무압박을 실제 한국 이전계약으로 바꿀 수 있는가?",대북밀수 폭로; 소재기업 채무압박 착수; 불화수소 소량생산 확인,불화수소 대량생산·공개; 일본 규제 철회; 소재기업 이전계약,DCA-N44,0.94
531,531,철통 방어 (1),92761,92938,일본이 대북제재 위반 주장을 거두고 미국을 비롯한 국제사회도 한국 편에 서기 시작한다.,국산 불화수소 양산을 국민과 시장 앞에 공개해 일본 독점의 첫 고리를 끊는 보상.,기자회견에서 국산 불화수소의 순도·생산량·공급계획을 증명한다.,미국 지지를 확인한 뒤 국산 불화수소 양산을 기자회견으로 발표한다.,양산 발표만으로 삼진과 국내 전체 수요를 즉시 채울 수 있는지는 아직 검증받아야 한다.,발표는 시작일 뿐이며 질의응답에서 공급범위와 추가 카드까지 공개할 여지가 남아 있다.,국산 불화수소 양산 성공이 기자회견으로 공인되고 일본 독점의 기술우위가 깨진다.,기술·공개지위,비공개 국산화 기술이 정부·언론·기업이 확인한 국가 공급대안으로 격상된다.,발표 뒤 질의응답에서 실제 공급범위·전량대체 시점과 남은 소재 카드를 어디까지 공개할 것인가?,국산 불화수소 양산 성공의 공개 검증,삼진 공급범위; 전량대체 일정; 남은 소재 카드; 일본 반응,DCA-N44,0.94
532,532,철통 방어 (2),92939,93115,불화수소 발표 기자회견이 질의응답의 하이라이트로 들어간다.,현재 70퍼센트 공급과 6개월 내 전량 대체를 못 박아 일본 철회와 숏 수익을 함께 받는 보상.,태우의 공급능력을 공개해 생산불안과 일본의 협상력을 동시에 없앤다.,불화수소 공급을 70퍼센트에서 100퍼센트로 끌어올리고 일본의 규제 철회를 받아낸다,일본이 규제를 일부만 풀거나 다른 두 소재로 전선을 옮기면 승리가 불완전하다.,일본은 불화수소 규제를 먼저 철회하지만 자신들에게 남은 변수를 모르고 여전히 낙관한다.,국내 수요 70퍼센트 공급·6개월 내 100퍼센트 계획이 발표되고 일본의 첫 규제철회와 공매도 이익을 얻는다.,공급지위·금융수익,규제로 생산이 멈출 수 있던 한국이 불화수소 전량 자립을 예고하고 일본의 첫 후퇴를 받아낸다.,"불화수소 70퍼센트 공급과 6개월 내 전량대체 발표 뒤, 남은 포토레지스트·폴리이미드와 일본의 다음 대응은 어떻게 바뀔 것인가?",불화수소 규제전 승리와 숏 수익.,나머지 두 소재 자립; 일본의 추가 규제철회·대응; 소재기업 이전,DCA-N44,0.94
533,533,철통 방어 (3),93116,93279,오용재가 새만금 불화수소 공장을 직접 찾아와 삼진 공급 안정성을 확인한다.,첫 규제철회에 멈추지 않고 오사카 라이킨공업의 부채를 눌러 공장·기술·지분까지 가져오는 약속.,아키토를 이영한·나무라의 사채압박에 몰아 한국 이전계약을 받는다.,오용재에게 공장을 보여 준 뒤 오사카 라이킨공업 아키토를 채무로 압박한다,아키토는 일본 정부와 거래관계에 묶여 있고 회사보다 자신의 체면과 지배권을 지키려 버틴다.,한국과 일본에서 가장 잔인한 두 사채꾼이 돈 회수보다 정신을 무너뜨리는 데 집중한다.,오용재가 불화수소 공급을 확인하고 라이킨공업의 채무망·압박방식이 완성된다.,공급관계·채권지배,국산화 확인 뒤 승부가 수입대체에서 일본 핵심기업의 소유·이전으로 한 단계 확대된다.,"아키토가 한국공장과 지분을 내놓을지, 같은 방식이 다른 업체에도 통할지가 걸린다.",삼진 공급 확인과 라이킨 압박망 구축.,"아키토 계약, 네 개 소재기업 추가 확보.",DCA-N44,0.94
534,534,철통 방어 (4),93280,93453,SDI증권 마츠이가 마련한 자리에서 지친 아키토가 이영한과 김민재 앞에 앉는다.,아키토의 공장·지분과 일본 소재업체 네 곳을 사우디 위장자금까지 써서 장기 소유하는 보상.,채무 만기를 지렛대로 한국 이전과 지분양도를 받고 포획 대상을 넓힌다.,아키토의 한국공장·지분 양도를 받고 사우디 자금을 섞어 일본 소재기업 네 곳을 같은 방식으로 포획할 계약안을 짠다.,노골적인 태우 자금은 일본 정부의 방어를 부르므로 투자주체를 감추고 계약상 선택지를 제한해야 한다.,사우디 자금까지 섞으면 일본이 태우의 포획을 알아채기 전에 입맛에 맞는 계약을 만들 수 있다.,아키토의 한국공장·지분 양도계약과 추가 네 업체 포획안을 얻는다. 네 업체의 실제 계약·소유권은 아직 없다.,소유·공급망,"아키토의 한국 생산거점과 지분은 실제 지배하게 되지만, 추가 네 업체는 계약 전 목표로 남는다.",포획한 업체를 숨긴 채 일본의 선박·금융 확전에 어떻게 활용할지가 남는다.,아키토 이전·지분 계약,추가 네 업체 협상·계약; 일본 정부의 확전 대응,DCA-N44,0.94
535,535,철통 방어 (5),93454,93619,명동이 일본 소재기업들의 한국 진출과 일본 정부의 다음 움직임을 함께 보고한다.,듀폰 성공과 GSOMIA를 지렛대로 일본이 넓힌 선박·금융전을 오히려 더 큰 인수시장으로 만드는 약속.,소재 방어를 굳힌 뒤 일본의 선박·금융 제재를 태우상사·금융타워의 수익기회로 전환한다.,듀폰 포토레지스트 성공과 GSOMIA를 묶어 일본의 선박·금융 확전 제안을 역이용한다,일본이 금융을 조이면 한국 기업 유동성과 국가시장까지 흔들려 방어비용이 커진다.,일본이 모르는 사이 금융제재를 가장 반길 금융타워가 이미 한국에 존재한다.,듀폰 포토레지스트 성과와 소재기업 이전 상황이 확인되고 금융전 대응이 승인된다.,산업·금융전환,소재전에서 밀린 일본이 전장을 넓히지만 그 새 전장이 금융타워의 강점으로 넘어온다.,일본이 선박·금융 전장으로 확전하면 소재대체선과 금융타워의 우위를 실제 방어·수익으로 바꿀 수 있는가?,소재 대체선과 이전기업 확보 확인.,일본 금융·선박 공격; 한국 유동성 방어; 일본자산 저점매수,DCA-N44,0.94
536,536,블랙홀 (1),93620,93775,강 대위 사무실에 금융타워 한 부회장과 명동 이영한이 함께 앉아 일본 금융공격을 기다린다.,100조 원 대출과 미국 통화스와프로 한국을 지키면서 일본발 폭락자산을 흡수하는 보상.,그룹·국가 유동성을 공급하고 태우상사의 단기적자를 감수해 공격이 끝난 뒤 흑자로 뒤집는다.,일본 금융공격 가능성에 50~60조 원대 국내 유동성과 미국 통화스와프 방어선을 짜고 태우상사의 손실·매입기회를 점검한다.,대규모 대출은 현금과 신용을 묶고 태우상사 손실이 오래가면 그룹 재무도 흔들린다.,숨겨 둔 자산을 쓰지 않아도 계획대로면 태우상사의 누적 적자를 한 번에 지울 수 있다는 수익경로가 선다.,"국내 유동성 공급과 미국 통화스와프 방어계획, 태우상사 매입계획을 마련한다. 실제 금융공격·집행·흑자전환은 아직 전이다.",유동성·국가방어,"일본 금융제재에 노출된 시장이 금융타워·명동·미국 달러망을 동원할 방어계획을 갖추지만, 계획은 실행 전이다.",일본 금융공격이 현실화되면 방어선을 집행하고 태우상사의 누적 적자를 수익으로 뒤집을 수 있는가?,한국 유동성·통화스와프 방어계획; 태우상사 대응안,일본 금융공격; 방어 집행; 태우상사 흑자전환,DCA-N44,0.94
537,537,블랙홀 (2),93776,93953,한일 무역분쟁이 깊어지는 가운데 G20 뒤 짧은 미중 휴전도 끝난다.,후쿠시마 오염수를 국제 블랙홀로 키워 일본 경제 전체의 버티기 비용을 폭증시키는 약속.,로만의 러시아·국제 영향력을 이용해 오염수 안전성과 책임문제를 세계 의제로 만든다.,로만에게 후쿠시마 오염수 문제를 러시아 고위층에 보고하고 국제 압박에 협력해 달라고 요청해 약속을 받는다.,원전 자료는 일본이 통제하고 러시아의 개입은 정치공세로 치부될 수 있다.,오염수는 한 번 국제 의제가 되면 일본이 돈으로도 쉽게 빠져나오기 어려운 장기비용이라는 약점이 확인된다.,로만의 협력·보고 약속과 러시아발 문제 제기 통로를 얻는다. 실제 국제 의제화·조사·압박은 아직 전이다.,외교압박·평판,"양국 소재·금융전이 일본 원전 책임을 국제문제로 만들 협력안으로 확대되지만, 다자전 실행은 시작 전이다.",중국까지 오염수 연대에 붙일 수 있는지와 일본이 받을 경제충격이 다음 문제다.,로만의 협력·보고 약속,러시아의 실제 문제 제기; 중국 공조; 국제조사·환경압박,DCA-N44,0.94
538,538,블랙홀 (3),93954,94124,러시아 일정을 마친 김민재가 중국에서 리강에게도 오염수 대응을 제안한다.,중국의 오염수 공조와 우한 의료진 파견을 맞바꿔 일본 압박과 신종병 조기감시를 동시에 얻는 약속.,리강을 한중러 환경전선에 넣고 태우병원 의료진이 우한 현장자료에 접근하게 한다.,중국에서 리강의 공조와 우한 의료진 파견 근거를 얻고 한국의 일본 금융지원도 설계한다,중국은 자국 체면과 정보통제를 우선하고 의료진 파견이 향후 감염병 위험으로 돌아올 수 있다.,최재석이 일본 정부 덕분에 억눌렀던 공격성을 국민 앞에서 표출할 정치적 여지가 커진다.,리강의 오염수 공조와 우한 태우병원 의료진 파견 근거가 확보된다.,외교관계·조기정보,일본 압박동맹을 얻는 동시에 한국이 중국 현장 감염자료를 남보다 먼저 볼 통로가 열린다.,우한 현장에서 어떤 신종 감염정보가 들어오고 최재석이 얼마나 강하게 일본을 압박할지가 남는다.,중국의 오염수 연대와 의료진 파견.,"우한 조기경보, 일본 금융지원·공세의 결산.",DCA-N44,0.94
539,539,블랙홀 (4),94125,94313,환경부 장관이 일주일 만에 한중러 오염수 대응을 공식 기자회견으로 올린다.,일본 압박을 굳히면서 러시아 전쟁·중국 가짜 팹 붕괴 때 살 자산용 현금을 쌓는 약속.,달러와 현금을 비축해 다음 세계 충격에서 기업·자원을 저점매수한다.,한·중·러 오염수 공세를 굳히고 러시아 전쟁·중국 가짜 팹에 대비해 달러와 현금을 쌓는다,현금을 오래 쌓으면 현재 수익을 포기해야 하고 가짜 팹 사기는 중국 당국이 잡아낼 수 있다.,이 상무의 선례가 다른 사기꾼들을 끌어들여 중국 반도체 굴기의 기반을 갉는 생쥐떼가 됐다.,"한중러 오염수 공동공세가 공개되고 금융타워의 달러·현금 비축, 가짜 팹 확산이 확인된다.",현금·국제공세,일본전 수익을 현재 소비하지 않고 러시아·중국의 미래 붕괴자산을 살 대기자금으로 전환한다.,가짜 팹이 중국 산업을 얼마나 무너뜨릴지와 우한 의료진의 이상보고가 기다린다.,오염수 국제공세 공식화와 현금 비축.,"중국 가짜 팹 붕괴, 우한 신종병, 미래기술 투자.",DCA-N44,0.94
540,540,블랙홀 (5),94314,94486,한중일 외교장관 회의가 성과 없이 끝나지만 일본의 강경발언은 눌린다.,소재 국산화 승리를 HBM·양자·AI의 무제한 투자재원으로 넘기고 다음 시대 주도권을 사는 약속.,김정권의 소재 성과를 띄우고 코로나 때 벌 돈을 미래기술 연구에 선투입한다.,폴리이미드 국산화 성공과 생산계획을 대외 발표한다. AI센터에 저가 공개버전을 만들라고 지시하고 양자컴퓨터·초전도체 공동프로젝트의 무제한 투자를 승인한다.,양자·AI는 실패 가능성이 높고 무제한 투자는 성과 없이 자금만 소진할 수 있다.,일본 소재공격을 막은 국산화 발표가 연구개발 성과를 대외 신뢰로 바꾸고 투자는 AI·양자·초전도체로 이동한다.,"폴리이미드 국산화 성공과 생산계획의 공식발표, 저가 AI 공개버전·양자컴퓨터·초전도체 공동프로젝트의 담당·투자승인이 지급된다. 미래기술 성과는 아직 없다.",기술투자·산업위상,대화그룹은 소재 국산화 공로를 공개적으로 확인받고 태우는 AI·양자·초전도체에 무제한 투자할 실행권을 연다.,저가 AI 공개버전과 양자컴퓨터·초전도체 공동프로젝트가 실제 제품·기술로 이어질 수 있는가?,폴리이미드 국산화 성공·생산계획 발표; 미래기술 프로젝트 승인,저가 AI 공개; 양자컴퓨터·초전도체 연구성과·투자집행,DCA-N44,0.94
541,541,폭풍의 서막 (1),94487,94679,우한 태우병원 의료진이 한 달째 현지 진료를 하며 평소와 다른 감염 양상을 발견한다.,중국 발표 전 병원데이터로 신종 코로나를 잡아 세계 최초의 검사키트·백신·치료제 대응시간을 얻는 약속.,이동수의 현장정보를 센트리언·AI센터에 보내 바이러스 분석과 제품개발을 즉시 시작한다.,태우병원 이동수 의료진이 우한에서 신종 코로나를 탐지하고 센트리언이 검사키트·백신·치료제 연구에 착수한다.,중국은 정보를 은폐하고 병원 의료진도 정체를 모르는 감염에 직접 노출된다.,공식발표를 기다릴 필요 없이 태우병원 자체 데이터만으로 세계 주도권을 잡을 시간이 확보된다.,이동수의 이상감염 보고가 센트리언에 전달되고 검사키트·백신·치료제 개발팀이 가동된다.,조기정보·연구시간,막연히 예견한 코로나가 우한 환자·검체가 있는 실제 연구과제로 전환된다.,중국보다 먼저 제품을 만들면서 현지 의료진을 안전하게 귀국시킬 수 있는지가 걸린다.,신종 코로나 조기탐지와 연구 착수.,검사키트 성공; 의료진 격리·귀국; 중국 공식발표 전 대응,DCA-N45,0.94
542,542,폭풍의 서막 (2),94680,94849,김장우가 센트리언으로 돌아와 우한 의료진·AI센터 자료로 진단키트와 백신을 개발한다.,우한 격리와 그룹 원격근무를 먼저 깔아 직원 생존과 정부 방역신뢰를 함께 지키는 약속.,태우병원 격리절차와 전 계열사 원격근무·메타버스 업무체계를 가동한다.,우한 병원 격리 절차와 원격근무·메타버스 체계를 그룹 전체에 깐다,"조기조치는 과잉대응 비판과 생산성 저하를 부르고, 현지 의료진 귀국도 감염확산 위험을 안는다.",태우병원이 중심을 잡으면 감염병 대응성과가 최재석 재선의 결정적 선물이 될 수 있다.,병원 격리동선과 그룹 원격근무·메타버스 체계가 선제 시행된다.,조직운영·정치신뢰,현장 의료정보가 연구실뿐 아니라 전 직원의 근무·방역방식과 대통령 재선전략까지 바꾼다.,귀국 의료진에게 감염자가 있는지와 진단키트가 실제 검역에 투입될지가 남는다.,그룹 선제방역체계 구축.,"귀국자 격리결과, 국가 검역도입, 최재석 방역평가.",DCA-N45,0.94
543,543,폭풍의 서막 (3),94850,95015,우한 의료진이 귀국해 세 별장에 나뉘어 격리되고 생활지원까지 받는다.,감염·시장붕괴·이동중단 세 충격을 공매도·마스크·무인택시로 모두 선점하는 약속.,"의료진을 안전격리하고 금융 숏, 마스크 원료, 자율주행 공급능력을 최대치로 끌어올린다.",귀국 의료진을 격리하고 금융타워 공매도·마스크 원료·무인택시를 최대로 늘린다,모든 투자가 코로나가 오기 전에는 손실·과잉재고로 보이고 막대한 현금이 묶인다.,마스크부터 자율주행까지 지금 쓴 돈이 코로나 시대에는 수백 배로 돌아올 것이라는 확신이 유지된다.,"의료진 격리와 공매도 확대, 마스크 원료·무인택시 최대증산이 실행된다.",방역·재고·금융포지션,우한 정보에 대응하는 연구단계에서 사회봉쇄 전체를 먹고 버틸 다층 자산배치로 확대된다.,진단키트가 완성돼 한국 검역에 들어갈지와 과잉투자가 실제 수요로 바뀔지가 걸린다.,귀국 의료진 격리와 전면 대비 실행.,"자가진단키트 성공, 국가 검역, 시장폭락 수익.",DCA-N45,0.94
544,544,폭풍의 서막 (4),95016,95182,격리를 마친 이동수가 병원 대신 센트리언으로 출근해 진단키트 연구결과를 확인한다.,자가진단키트를 국가 검역에 투입해 한국이 감염자를 가장 먼저 찾는 방역 주도권을 얻는 보상.,최재석에게 성공을 보고하고 공항·병원에 키트를 즉시 배치한다.,센트리언 자가진단키트 성공을 최재석에게 알리고 국가 검역에 투입한다,정식 명칭도 없는 바이러스 제품을 정부가 채택하려면 정확도·책임과 국제비판을 감수해야 한다.,세계가 한국만 바라보게 하려면 태우와 정부가 한 몸처럼 움직여야 한다는 정치·방역 조건이 선다.,센트리언 자가진단키트 성공이 최재석에게 보고되고 국가 검역 투입이 승인된다.,진단기술·정부협력,민간 연구성과가 한국의 공식 조기검역 도구이자 정부 신뢰자산으로 격상된다.,국가 검역 투입이 승인된 자가진단키트가 실제 첫 감염자를 잡고 태우·정부의 공조를 세계적 방역우위로 만들 수 있는가?,자가진단키트 개발과 국가채택.,자가진단키트 실제 검역 투입·첫 환자 탐지; 세계 주문; 정부·태우 공조,DCA-N45,0.94
545,545,폭풍의 서막 (5),95183,95364,2019년 말이 가까워지며 비공식 코로나 정보가 AI센터로 모이고 한중일 정상회의가 열린다.,중국의 경제압박 앞에서도 검역선을 지켜 국민 생존을 우선하는 대통령 보상.,리강천의 검역완화 요구를 최재석이 거부하게 하고 태우 방역체계를 국가 원칙으로 고정한다.,중국의 은폐 속 한중일 정상회의에서 리강천의 검역 완화 요구를 최재석이 거부한다,중국은 수출·관광·외교를 지렛대로 한국 대통령을 굴욕적인 자리까지 몰아붙인다.,최재석이 표정 하나 바꾸지 않고 자리를 지키며 태우그룹과 한국 방역능력을 믿는 관계가 확인된다.,중국의 검역완화 요구가 거절되고 한국의 선제검역 원칙이 유지된다.,국가정책·신뢰,경제보복을 우려해 흔들릴 수 있던 정부가 태우 기술을 믿고 생존우선 노선을 공식 고수한다.,한 달 안에 아무 일도 없으면 중국을 찾아 사과하라는 최후통첩 앞에서 한국의 검역거부가 실제 환자 탐지로 입증될 것인가?,검역완화 저지와 정부 신뢰 확인.,한 달 검증시한; 검역거부의 결과; 중국의 경제압박,DCA-N45,0.94
546,546,시대의 전환점 (1),95365,95529,2019년 마지막 날 중국이 코로나를 공식 보도하며 기다리던 위기가 현실이 된다.,수년간의 회귀 준비가 한국의 세계 최초 확진 탐지와 국가 가격통제로 결산되는 보상.,자가진단키트로 첫 감염자를 잡고 마스크 투기를 막아 방역 주도권을 지킨다.,12월 31일 공식 보도와 동시에 한국이 키트로 첫 환자를 잡고 마스크 가격통제에 들어간다,초기 환자를 놓치면 선행투자 전체가 의심받고 마스크 수요 폭증은 민간 유통망을 왜곡한다.,"최재석은 김민재에게 고개를 숙여 감사를 표하고, 김민재는 이제 백신·치료제라는 마지막 농사를 남긴다.",한국이 키트로 첫 환자를 탐지하고 마스크 가격통제를 시작해 회귀 준비의 공공성과를 증명한다.,국가방역·명예,비공식 경고와 민간 준비가 대통령이 감사하는 국가 조기경보·실제 환자 탐지로 바뀐다.,"첫 환자 탐지와 가격통제 뒤, 센트리언이 백신·치료제라는 마지막 수확을 실제 완성할 수 있는가?",첫 환자 탐지와 초기 가격통제.,백신·치료제 개발·승인; 방역물자 수요 확대,DCA-N45,0.94
547,547,시대의 전환점 (2),95530,95717,2020년 1월에도 세계는 코로나를 대수롭지 않게 여기지만 중국 주문은 급증한다.,내부자가 빼돌린 마스크 100만 장을 현장에서 잡아 방역물량과 원칙을 함께 지키는 약속.,강 대위가 민동규의 유출선을 적발해 재고를 회수하고 공범을 추적한다.,중국 주문 폭증 속 민동규의 마스크 100만 장 빼돌리기를 강 대위가 적발한다,쌓인 재고를 걱정하던 내부자는 중국 보따리상의 웃돈 앞에서 회사보다 사익을 택한다.,웃돈을 주며 사 가는 현장을 본 강 대위는 과잉비축이 헛된 일이 아니었다는 확신을 얻는다.,마스크 100만 장 빼돌리기가 적발되고 유출물량·관련자가 확보된다.,내부통제·재고,과잉재고로 보이던 마스크가 내부배신까지 부를 전략자산이자 실제 수요품으로 바뀐다.,"명동으로 끌려간 민동규와 공범을 어떻게 처벌하고, 추가 유출이 없는지 전 재고를 확인할 수 있는가?",마스크 유출 현장 적발.,민동규·유통선 처벌; 유출물량 회수; 전 재고 감사,DCA-N45,0.94
548,548,시대의 전환점 (3),95718,95886,강 대위 식당 별관에서 이영한과 강 대위가 전쟁 전처럼 유출자 처분을 기다린다.,도난물량을 회수하면서 센트리언 진단키트를 중국 현장에 먼저 넣는 집행·외교 이중 보상.,이영한에게 유출선을 정리시키고 리강을 통해 중국 승인·수출을 성사시킨다.,이영한이 유출선을 처벌하고 센트리언 키트의 중국 승인·수출을 성사시킨다,사적 처벌은 법적 위험이 있고 중국은 자국 기술체면 때문에 한국 키트를 쉽게 승인하지 않는다.,회귀 전보다 단 6개월 빠른 진입이 센트리언·태우·한국의 세계표준 지위를 만들 차이로 드러난다.,유출선 처벌·물량회수가 이뤄지고 센트리언 키트의 중국 승인과 첫 수출길이 열린다.,집행권·수출지위,내부 도난위기를 정리한 뒤 한국 진단제품이 발원지 중국의 공식 현장제품으로 진입한다.,키트의 중국 승인·수출 뒤 센트리언 백신 개발과 긴급승인 일정을 얼마나 앞당길 수 있는가?,마스크 유출선 정리와 중국 키트 승인.,백신 개발완료·긴급승인; 진단키트 추가 수출·생산확대,DCA-N45,0.94
549,549,시대의 전환점 (4),95887,96065,1월 열흘째 중국 첫 사망자 등 심각한 정보가 한 부회장 보고에 포함된다.,미국의 3억 개와 추가 6억 개 주문으로 세계 유일 조기진단 공급자의 지위·매출을 받는 보상.,헨더슨 미국대사에게 키트·마스크 공급량과 납기를 확정해 미국 교두보를 세운다.,"미국과 3억 개 진단키트 첫 공급계약을 맺고 추가 6억 개 수요를 논의하며, 마스크 구매 의향과 생산능력을 점검한다.",수억 개 주문은 현재 생산능력을 넘어설 수 있고 미국에 몰아주면 중국·한국 물량이 부족해진다.,미국은 공격적으로 한국 키트를 선택하지만 추가 6억 개와 마스크는 첫 계약 뒤 이어질 수요·구매계획으로 남는다.,미국 3억 개 진단키트 첫 공급계약을 얻는다. 추가 6억 개와 마스크 주문·계약은 아직 전이다.,매출·외교지위,"중국에 막 진입한 진단키트가 미국 국가수요의 첫 공급계약을 얻지만, 후속 물량과 마스크는 협의 단계다.",첫 3억 개 계약을 차질 없이 공급하고 추가 6억 개·마스크 구매계획을 실제 계약으로 닫을 수 있는가?,미국 진단키트 3억 개 첫 계약,추가 6억 개 진단키트; 마스크 구매계약; 생산증설,DCA-N45,0.94
550,550,시대의 전환점 (5),96066,96235,미국 주문 다음 날 리강이 직접 한국을 찾아 진단기술과 지식재산권을 요구한다.,중국에는 물건을 팔되 핵심기술은 지키고 키트·마스크·백신을 일본 항복카드로 키우는 약속.,리강의 기술이전 요구를 거절하면서 완제품 공급조건만 열어 둔다.,리강의 기술·IP 요구를 거절하고 키트·마스크·백신을 일본 항복 카드로 묶는다,중국은 발원지의 대규모 수요와 외교압박을 동시에 쥐고 있고 거절하면 시장을 닫을 수 있다.,미국·중국·일본 모두 자신들이 주도권을 쥐었다고 착각하지만 실제 의료물량과 기술은 한국이 통제한다.,중국에 완제품을 판매하되 기술·IP는 넘기지 않는 선이 지켜진다.,기술주권·외교주도권,수요국의 압박에 끌려갈 수 있던 한국이 세 강대국의 방역물량을 배분하는 공급자로 올라선다.,"기술·IP는 지킨 채 완제품을 팔고, 아직 봉쇄·지원거래 전인 일본에 키트·마스크·백신을 어떤 조건으로 쓸 것인가?",중국 기술이전 거부와 완제품 판매원칙.,일본 의료지원 조건; WHO 비상사태; 백신·방역물자 배분,DCA-N45,0.94
551,551,상황 역전 (1),96236,96405,춘절 전날 중국이 우한을 봉쇄하지만 WHO와 일본은 올림픽을 의식해 대응을 늦춘다.,월 10억 장 마스크와 KF94 미국인정으로 일본을 뺀 세계 방역 공급망을 장악하는 약속.,중국·미국 주문을 감당할 생산량과 인증을 확보하면서 일본의 방치가 드러나기를 기다린다.,우한 봉쇄 뒤 월 10억 장 마스크와 KF94 미국 인정을 확보한다,WHO의 지연과 일본 정부의 올림픽 집착이 감염확산을 키우고 공급량은 이미 한계에 가깝다.,다이키요는 비판에도 기존 기조를 유지해 일본이 스스로 구조 필요성을 키우는 선택을 한다.,월 10억 장 생산체계와 KF94의 미국 인정이 확보돼 대규모 수출이 가능해진다.,생산지위·국제인증,한국산 방역물자가 국내 비축품에서 미국이 인정한 세계 공급품으로 격상된다.,세계 공급품이 된 KF94와 월 10억 장 생산력을 일본의 고집과 팬데믹 확산 속에서 어디에 먼저 배분할 것인가?,마스크 증산과 미국 규격 인정.,일본의 방역정책 변화·의료수요; 미국 입국통제; 백신 배분,DCA-N45,0.94
552,552,상황 역전 (2),96406,96580,춘절 대이동으로 감염이 세계에 퍼지는데 트럼프는 여전히 바이러스를 가볍게 여긴다.,생존정책을 거부하는 현직 대통령을 설득하거나 차기 경주마로 교체하는 정치 약속.,트럼프에게 중국 입국금지와 백신지원 필요성을 납득시키고 재선지원 여부를 결정한다.,트럼프가 바이러스를 경시하자 중국 입국금지와 재선 지원을 논의하며 다른 경주마를 검토한다,텍사스의 백신 회의론자 표 때문에 트럼프는 과학적 방역보다 선거를 먼저 볼 유인이 크다.,다음 달 회동에서도 기조를 바꾸지 않으면 김민재가 경주마를 갈아탈 수 있다는 선택지가 현실화된다.,트럼프의 태도변화를 최종 확인할 시한과 대체후보 검토가 정해진다.,정치동맹·생존정책,무조건 트럼프 재선을 돕던 관계가 방역정책을 조건으로 후원을 철회할 수 있는 거래관계로 바뀐다.,다음 달 회동에서도 트럼프가 방역기조를 바꾸지 않으면 재선 지원을 철회하고 다른 후보를 검토할 것인가?,트럼프 재선지원의 조건 설정.,다음 달 트럼프 회동·태도 확인; 대체후보 검토; 미국 입국통제,DCA-N45,0.94
553,553,상황 역전 (3),96581,96746,1월 30일 WHO 비상사태 선언 뒤 다이아 프린스의 한국인 승객들이 일본 선내에 갇힌다.,일본이 방치한 약 300명을 선박·음압텐트·진단팀으로 데려와 국가 차이를 보여 주는 구조 약속.,최재석의 승인을 받아 태우상사 선박 세 척과 의료진을 요코하마에 투입한다.,WHO 비상사태 선언에 다이아 프린스 승객 구조용 선박·음압텐트·검사를 준비한다,감염선 접근은 의료진·선원의 집단감염 위험이 있고 일본 정부의 입항·이송 협조도 불확실하다.,최재석이 즉시 전권을 주면서 민간 준비가 국가 구조작전으로 올라선다.,최재석의 자국민 구조 승인과 선박·음압텐트·검사팀 준비 착수를 얻는다. 출항·접안·승객 이송은 아직 전이다.,국가구조·방역행동,"민간 구조안이 대통령 승인 아래 국가작전으로 전환되지만, 구조팀은 준비를 시작한 단계다.",준비한 선박·음압텐트·검사팀이 실제 출항해 다이아 프린스 승객을 감염 없이 데려올 수 있는가?,구조작전 승인; 선박·음압텐트·검사 준비 착수,출항·요코하마 접안; 승객 이송·격리; 일본 정부 반응,DCA-N45,0.94
554,554,상황 역전 (4),96747,96944,고가 여행을 온 가족승객들이 다이아 프린스 객실에 갇혀 감염공포를 견딘다.,구조선을 실제 출항시키면서 사우디·러시아 유가전쟁도 놓치지 않는 생명·금융 이중 약속.,승객을 음압격리해 한국으로 옮기고 4월 원유선물 만기까지 숏을 유지한다.,구조선을 출항시키는 동시에 사우디·러시아 유가전쟁을 보고 4월까지 원유 공매도를 유지한다,구조는 즉시 감염위험을 안고 유가 포지션은 산유국 합의 한 번에 막대한 손실로 뒤집힐 수 있다.,2월부터 사전준비가 빛을 보며 금융타워가 돈을 긁어모을 시점이라는 두 번째 시간표가 겹친다.,구조선이 출항하고 유가전쟁 분석 뒤 원유 공매도 유지결정이 내려진다.,인명구조·금융포지션,방역작전과 시장베팅이 별개 준비에서 같은 팬데믹 시간표를 타는 동시 실행으로 바뀐다.,승객을 무사히 귀국시키는 일과 3월 폭락·4월 유가붕괴의 실제 수익이 남는다.,구조선 출항과 유가 숏 유지.,"승객 300명 구조, 유가전쟁 결산, 대폭락 저점매수.",DCA-N45,0.94
555,555,상황 역전 (5),96945,97147,다이아 프린스가 요코하마에 일주일 정박해 고령 승객의 상태가 악화된다.,한국이 300명을 무사히 구해 국가신뢰를 얻고 석 달 안의 백신까지 약속하는 보상.,선박 격리·검사를 끝내고 최재석에게 거리두기와 백신완성 일정을 제시한다.,다이아 프린스 승객 약 300명을 한국으로 옮겨 하루 안에 전원 검사한다. 미국인 16명은 양성으로 태우 음압병동에서 치료하고 한국인은 확진자 0명을 확인한다. 최재석에게 거리두기와 석 달 안 좋은 소식을 약속하지만 백신은 미완성이다.,일본의 방치 속 감염자가 늘고 귀국자 한 명이라도 지역감염을 만들면 구조성과가 역전된다.,구조한 300명 전수검사에서 한국인 0명·미국인 16명 양성이 확인돼 구조작전이 실제 방역결과로 닫힌다.,"약 300명 한국 도착·전원검사, 미국인 양성 16명의 음압병동 치료와 한국인 확진 0명이 지급된다. 거리두기 정착과 백신완성은 남는다.",국가신뢰·생명,최재석 정부와 태우병원은 국제구조·검사·치료를 한 번에 수행한 방역능력을 증명한다.,사회적 거리두기를 준비하고 석 달 안 백신의 좋은 소식을 만들 수 있는가?,다이아 프린스 약 300명 구조·한국 도착; 전원검사; 미국인 16명 치료·한국인 확진 0명,사회적 거리두기; 센트리언 백신완성·승인,DCA-N45,0.94
556,556,게임 체인저 (1),97148,97327,승객 구조 사흘 뒤 세계 언론이 한국 대응을 집중 보도하고 금융시장은 아직 작은 하락만 보인다.,AI가 예측한 3월 대폭락을 금융타워 수익과 국민연금 저점매수로 바꾸는 약속.,공매도 포지션을 유지하고 국민연금의 매수시점을 대폭락 뒤로 늦춘다.,AI가 예측한 3월 폭락에 금융타워·국민연금 포지션을 맞춘다,초기 3퍼센트 하락만 보고 들어가면 더 큰 낙폭을 그대로 맞고 국가기금까지 손실을 본다.,지금 하락은 장난에 불과하며 이를 압도할 대폭락이 남았다는 AI·회귀 지식이 일치한다.,금융타워와 국민연금의 대기·매수조건이 3월 폭락에 맞춰 조정된다.,금융전략·국가기금,막연한 약세전망이 AI 시점에 맞춘 공매도 유지와 국민연금 저점매수 계획으로 구체화된다.,AI가 가리킨 3월 대폭락까지 공매도 포지션을 유지하고 국민연금 저점매수 시점을 정확히 잡을 수 있는가?,대폭락 전 포지션 조정.,대폭락·공매도 청산시점; 국민연금 저점매수,DCA-N45B,0.94
557,557,게임 체인저 (2),97328,97505,일주일 사이 다우가 12퍼센트 하락하고 태우의 원격근무 체계가 첫 실전을 맞는다.,직원근무를 유지하면서 종교단체 대규모 집회를 미리 막아 백신 전 집단감염을 억제하는 약속.,메타버스 업무를 가동하고 천민정에게 종교단체 SNS·연락망을 무력화하게 한다.,"태우 계열사의 원격근무가 정상 작동하는지 확인하고, 대규모 종교집회 위험을 조사하기 위해 천민정에게 SNS 잠입·해킹을 지시한다.",국가가 막지 못한 집회를 해킹으로 방해하면 불법·종교탄압 비판을 감수해야 한다.,원격근무 체계는 실제 생산성을 지키지만 종교단체 SNS 잠입과 집회 차단은 이제 막 명령된 비밀작전이다.,태우 계열사의 원격업무 실전 성공을 확인하고 종교집회 동원망을 조사할 지시를 내린다. 잠입·집회 차단은 아직 전이다.,조직생존·공중보건,"준비한 원격근무는 실제 방어력이 되고, 국내 집단감염 위험은 비밀 조사·잠입 단계로 넘어간다.",천민정의 팀이 종교단체 SNS에 잠입해 실제 집회 규모와 동원망을 확인하고 감염고리를 막을 수 있는가?,원격근무 실전검증; 종교집회 위험조사 지시,SNS 잠입·동원망 확인; 대규모 집회 차단; 법적 비용,DCA-N45B,0.94
558,558,게임 체인저 (3),97506,97678,3월이 시작돼 코로나가 아시아를 넘어 세계로 확산되고 OPEC+ 감산회의가 흔들린다.,사우디의 가격인하·증산을 읽어 원유 숏을 마이너스 가격까지 끌고 가는 금융 약속.,감산실패를 확인하고 유가 하락포지션을 유지해 산유국 전쟁의 이익을 극대화한다.,사우디·러시아 감산 실패를 확인하고 빈 살만의 20퍼센트 가격인하·증산 결정을 이용한다,러시아가 돌아서거나 사우디가 감산하면 유가가 급반등해 대규모 숏이 손실로 바뀐다.,빈 살만이 20퍼센트 가격인하와 증산을 택해 김민재가 기다린 붕괴방향이 확정된다.,유가전쟁의 방향·속도가 확인되고 금융타워는 숏을 유지할 근거를 얻는다.,금융정보·포지션,가능성이던 산유국 충돌이 사우디의 실제 증산으로 굳어져 유가붕괴 포지션의 확률이 높아진다.,서킷브레이커와 마이너스 유가까지 어디서 숏을 청산할지가 남는다.,OPEC+ 감산실패 확인.,유가 바닥·숏 청산·원유자산 저점매수.,DCA-N45B,0.94
559,559,게임 체인저 (4),97679,97865,OPEC+ 결렬 보도가 나기 전 김민재가 센트리언 임원들을 비상소집한다.,백신의 실제 효능과 한계를 정직하게 확인하고 금융·부동산 수확이 약탈로 흐르지 않게 막는 약속.,중증방지 효과를 검증해 출시조건을 정하고 이영한의 고금리 대출욕을 제어한다.,센트리언 백신이 중증은 막지만 감염은 못 막는다는 한계를 받고 이영한의 대출·부동산 탐욕을 제어한다,백신은 감염 자체를 막지 못하고 이영한은 위기 속 채무자를 쥐어짜 더 큰 이익을 얻으려 한다.,이영한에게 이미 부동산 저점매수라는 선물을 줘 약탈적 대출 없이도 이익을 얻을 출구가 생긴다.,백신의 중증예방 효능과 감염차단 한계가 확인되고 이영한은 무리한 대출확대를 접는다.,기술한계·윤리,완벽한 백신 기대가 중증을 막는 현실적 제품으로 조정되고 명동자본도 위기약탈 대신 장기자산을 택한다.,"중증은 막되 감염은 못 막는 백신을 FDA 승인과 실제 접종으로 연결하고, 명동의 저금리 부동산 매입을 약탈 없이 운용할 수 있는가?",백신 효능판정과 대출욕 제어.,FDA 승인·접종; 위드코로나 전략; 명동 부동산·대출 운용,DCA-N45B,0.94
560,560,게임 체인저 (5),97866,98046,감산합의 실패 보도로 유가와 다우에 서킷브레이커가 걸리고 금융타워가 환호한다.,폭락 수익을 실물·주식 저점자산으로 바꾸고 미국 대선의 유리한 경주마를 고르는 약속.,공매도 수익을 단계청산해 우량자산을 사고 트럼프·바이든의 백신정책을 비교한다.,유가·다우 서킷브레이커 뒤 백신 발표 직전 저점매수하고 트럼프와 바이든을 비교한다,바닥을 너무 일찍 잡으면 추가폭락을 맞고 정치진영을 잘못 고르면 미국 사업 전체가 위험해진다.,진영보다 태우와 손을 잡을 사람을 고르면 된다는 원칙으로 정치 선택이 사업거래로 재정의된다.,유가·지수 하락수익이 확정되기 시작하고 저점매수 자금과 미국 후보 평가기준이 마련된다.,자산·정치전략,위기를 공매도로 버티는 상태에서 수익을 장기자산으로 돌리고 차기 미국 권력을 선택하는 상태로 바뀐다.,방역정책을 거래조건으로 받아들일 미국 대선후보가 누구인지 직접 만나 시험할 차례다.,대폭락 1차 수익과 저점매수 전환.,미국 후보 면담·선택; 백신 의무화 조건; 공매도 잔여청산,DCA-N45B,0.94
561,561,경주마 (1),98047,98227,미국 출장 전날 김민재가 금융타워에서 폭락장 포지션과 신규 본사 계획을 점검한다.,공매도 수익으로 제2 금융타워를 세우고도 백신정책을 위해 현직 대통령을 교체할 수 있는 약속.,숏의 80퍼센트를 청산해 자산을 사고 트럼프에게 의무접종 지지를 요구한다.,공매도 80퍼센트를 청산하고 제2 금융타워를 세우며 트럼프의 백신 회의론을 확인한다,트럼프는 텍사스 백신 회의론자의 표를 잃지 않으려 하고 김민재의 최대후원도 당연하게 여긴다.,회의론자 표를 얻으려다 다른 지지자와 김민재까지 잃을 수 있다는 트럼프의 정치적 맹점이 드러난다.,"공매도 80퍼센트 청산과 제2 금융타워 건립 결정을 확정하지만, 건물 완공과 트럼프의 백신협력은 아직 없다.",금융자산·정치관계,폭락 베팅 수익을 제2 금융타워 건립계획과 저점매수 자금으로 돌리고 트럼프 동맹에 첫 균열이 난다.,김민재가 현직에게서 원유자산 이익을 회수한 뒤 바이든을 직접 시험할지가 남는다.,숏 80퍼센트 청산; 제2 금융타워 건립 결정,제2 금융타워 실제 건설; 트럼프와 거리조정; 대체후보 접촉; 나머지 숏 청산,DCA-N45B,0.94
562,562,경주마 (2),98228,98402,텍사스 백신 회의론 때문에 트럼프가 정책을 바꾸기 어렵다는 선거지형이 확인된다.,현직과 맺은 원유자산 이익은 회수하면서 바이든이라는 차기 권력선도 여는 양면 보상.,알래스카·원유자산을 트럼프에게 되팔고 데이비드에게 바이든 면담을 주선하게 한다.,트럼프에게 알래스카·원유자산 400억 달러 재매입을 받아내고 데이비드에게 바이든 접촉을 맡긴다,너무 일찍 갈아타면 현직의 보복을 받고 바이든을 만나 보지 않고 후원하면 새 정부 정책도 장담할 수 없다.,새 경주마를 직접 만나기 전에는 갈아탈 수 없다는 판단으로 탐색과 기존거래를 병행한다.,트럼프에게 원유자산을 400억 달러에 재매각하고 데이비드가 바이든 접촉에 착수한다.,현금회수·정치선택,트럼프 단일후원에서 기존 이익을 보존한 채 바이든 통로도 가진 복수 권력선으로 바뀐다.,바이든이 백신 의무화와 태우 사업보호에 어떤 답을 줄지가 열린다.,원유자산 400억 달러 회수.,바이든 면담·후원전환 여부.,DCA-N45B,0.94
563,563,경주마 (3),98403,98564,다이먼의 CITI그룹·핀테크은행이 미국 전역으로 커진 가운데 김민재가 부양책 전 자산매입을 논한다.,2~5조 달러 헬리콥터 머니가 들어오기 전에 나스닥·선박·컨테이너를 사 상승분을 선점하는 약속.,기술주와 물류자산을 저점에서 모아 팬데믹 뒤 금융·해운 회복을 모두 먹는다.,다이먼과 나스닥 저점매수를 진행하고 2~5조 달러 부양책·운임폭등 전에 선박·컨테이너를 사들이라고 지시한다.,부양책 규모·시점이 불확실하고 운임회복 전 선박·컨테이너 보유비용이 계속 든다.,태우해운과 한국 해운업의 재도약이 몇 달 남지 않아 지금의 수모가 매입기회로 바뀐다.,"나스닥 매수와 선박·컨테이너 확보 지시, 부양책 대응 포트폴리오를 세운다. 해운자산의 실제 매입·인도는 진행 전이다.",금융·물류자산,폭락 방어자에서 기술·해운자산을 선점하려는 회복기 투자자로 이동하지만 선박·컨테이너 소유권은 아직 확보 전이다.,대형 석유기업 자산과 바이든의 방역정책까지 같은 미국 일정에서 거래할지가 남는다.,나스닥 저점매수; 부양책 전 해운자산 매입 지시,선박·컨테이너 실제 계약·인도; 해운운임 폭등; 미국 에너지자산·정치협상,DCA-N45B,0.94
564,564,경주마 (4),98565,98760,백악관이 이틀 만에 대형 석유기업 대표들을 모아 김민재에게 저점자산을 내민다.,엑슨·LNG선 자산을 헐값에 받고 바이든에게 백신 의무화 약속까지 얻는 정치·실물 거래.,석유기업 자산가격을 깎고 신시내티의 바이든·오바마에게 방역조건을 제시한다.,엑슨·LNG선 자산을 흥정하고 신시내티에서 바이든·오바마에게 백신 의무화를 요구한다,석유기업은 미래회복 가치를 주장하고 바이든도 선거 전 의무화 공약의 반발을 계산해야 한다.,바이든의 답 하나가 트럼프에서 경주마를 바꿀지 결정하는 주사위가 된다.,엑슨·LNG선 자산협상이 구체화되고 바이든에게 의무접종 조건이 공식 제시된다.,자산교섭·정치신뢰,저점매수 일정이 차기 대통령 후보에게 정책대가를 요구하는 직접 후원협상으로 확대된다.,바이든이 조건을 수락할지와 트럼프 선을 완전히 끊을지가 걸린다.,석유자산 흥정과 바이든 조건 제시.,"의무접종 답변, 후보교체, 한국 백신 발표.",DCA-N45B,0.94
565,565,경주마 (5),98761,98946,바이든은 의무접종 요구를 듣자마자 자신의 신념에 따른 조건부 찬성을 답한다.,주 경주마를 바이든으로 바꾸면서도 트럼프 관계를 끊지 않아 양 진영의 사업안전을 얻는 약속.,바이든 후원을 주력으로 옮기되 현직 트럼프와의 채권·기업 거래선은 유지한다.,"바이든에게 백신효과가 확인되면 의무접종을 추진하겠다는 답을 받고 지원을 두 배로 늘린다. FDA가 정식심사와 이달 승인 가능성을 발표하자 센트리언 주가가 하루 약 10퍼센트 오르고, 공매도를 청산해 수십조 원 수익을 주식에 재투자한다. 마지막에는 주중 사장단회의를 지시한다.",후원전환이 새면 트럼프의 보복을 부르고 양쪽에 선을 걸치면 바이든의 신뢰도 잃을 수 있다.,FDA 정식심사 발표가 주가상승과 공매도 청산수익으로 즉시 환산되고 정치후원 장면은 국내 사장단회의로 넘어간다.,"바이든의 조건부 의무접종 약속, FDA 정식심사·이달 승인 가능성 발표, 센트리언 주가 약 10퍼센트 상승과 공매도 청산 수십조 원 수익이 지급된다. 실제 FDA 승인은 아직 전이다.",정치동맹·시장위상,태우는 바이든을 주 후원선으로 세우고 백신 심사발표를 시장수익으로 회수해 국내 투자재원으로 돌린다.,김민재가 이번 주 안에 태우 사장단 전체회의를 열라고 지시한다.,바이든 조건부 의무접종 약속; FDA 정식심사 발표; 주가상승·공매도 청산수익,FDA 실제 승인; 미국 의무접종; 국내 사장단회의·산업투자,DCA-N45B,0.94
566,566,고생 끝에 낙이 온다 (1),98947,99104,태우가 한국·세계 상위 그룹에 오른 상태에서 대통령 주재의 팬데믹 이후 산업회의가 열린다.,원전·레거시칩·모든 선박을 선점해 한국을 에너지·반도체·물류 허브로 만드는 약속.,정부 규제를 풀고 태우상사가 시장의 선박·컨테이너를 가능한 한 모두 사게 한다.,태우 사장단 회의에서 원전·레거시칩 증산과 태우상사의 선박 매입을 승인하고 계열사별 저점투자 방향을 정한다.,원전 반대·구형칩 저평가·해운불황 때문에 투자 반대가 크고 매입비용도 막대하다.,삼면이 바다인 한국에서 태우해운이 물류허브를 만들 수 있다는 그룹 차원의 산업지도가 선다.,사장단 회의에서 원전·레거시칩 증산과 전방위 선박매입 방침을 승인한다. 실제 증설·선박 소유는 집행 전이다.,국가산업·물류능력,개별 저점매수가 태우 계열사 전체의 에너지·반도체·해운 투자계획으로 묶이지만 국가정책 승인이나 실물 완공은 아니다.,승인한 원전·레거시칩·선박 투자를 실제 계약과 생산·운항능력으로 바꿀 수 있는가?,태우 사장단 투자방침 확정,원전·레거시칩 증설 집행; 선박 매입·인도; 해운운임 수확,DCA-N46,0.94
567,567,고생 끝에 낙이 온다 (2),99105,99284,3월 말 증시는 반등하지만 유가는 더 떨어지는 가운데 최재석과 국제방역 보상을 논한다.,일본 의료봉쇄를 풀어 주는 대가로 개도국 저가백신과 한국 G7 진입까지 묶는 국가위상 약속.,일본을 첫 타깃으로 삼아 의료물자와 백신 배분을 외교양보로 교환한다.,최재석과 일본 의료봉쇄·개도국 저가백신·한국 G7 진입을 묶는다,인도적 지원을 노골적 외교압박으로 보이게 하면 한국의 방역국가 이미지가 손상될 수 있다.,코로나라는 범세계 위기 덕분에 평소에는 얻기 힘든 주도권을 한국이 쥐고 있다는 기회가 확인된다.,일본 지원·개도국 가격·G7 지지를 하나의 순차협상으로 묶는 원칙이 최재석과 합의된다.,외교주도권·국가위상,백신 공급국 지위가 단순 매출이 아니라 일본정책과 G7 구성까지 바꿀 국가외교 카드로 전환된다.,일본을 첫 백신외교 상대로 삼아 의료지원 대가와 G7 지지를 어떤 협상으로 끌어낼 것인가?,백신외교의 순서와 대가 합의.,일본 의료지원 협상; G7 지지; 개도국 저가백신,DCA-N46,0.94
568,568,고생 끝에 낙이 온다 (3),99285,99462,일본 전역의 감염이 번지고 올림픽 집착 탓에 의료체계와 내각 신뢰가 무너진다.,일본의 비밀 구조요청을 제3국 협상으로 바꾸고 방역물자 지원의 구체 대가를 정하는 외교 담판,일본의 비밀 지원요청을 호주 회담으로 끌어내 구체 대가를 정한다.,의료붕괴 일본의 비밀 지원요청을 받고 협상 장소를 호주로 정해 일본 측과 만나기로 한다.,일본은 체면 때문에 공개항복을 피하고 김민재가 일본에 들어가면 요청자가 아니라 지원자로 보일 수 있다.,아쉬운 쪽이 움직여야 한다는 원칙으로 장소까지 호주로 정해 일본의 약자지위를 고정한다.,일본의 비밀 지원요청과 호주 회담 장소를 확보한다. 구체 대가는 아직 제시·합의 전이다.,협상지위·외교,"일본이 제재 공격자에서 제3국까지 찾아와 도움을 청하는 요청자로 바뀌지만, 구체 대가는 다음 협상에 남는다.",호주 회담에서 방역물자 지원의 대가로 무엇을 요구하고 일본이 받아들일 것인가?,일본 구조요청; 호주 회담 일정·장소,호주 회담; 방역물자 지원 조건,DCA-N46,0.94
569,569,고생 끝에 낙이 온다 (4),99463,99633,멜버른에서 손정우와 다이키요가 김민재의 의료지원 조건을 듣는다.,방역물자를 주고 지금은 암 덩어리인 일본 자산 20조 엔어치를 사 미래가치와 G7 지지를 함께 얻는 보상.,손정우 자산과 일본 기업을 인수해 유동성을 주고 한국 G7 가입 비반대를 받는다.,멜버른에서 손정우·다이키요에게 방역물자와 20조 엔 자산 인수를 제안한다,20조 엔 부실·저평가자산은 회복이 늦으면 막대한 손실이 되고 일본 내각은 국내반발을 감수해야 한다.,한일관계 개선은 명분일 뿐 1년 뒤 복덩어리가 될 자산을 태우가 가져가는 거래임이 분명해진다.,"방역물자 공급, 20조 엔대 자산 인수와 G7 비반대를 맞바꾸는 조건을 일본 측에 제시한다. 일본 내각의 최종 수락은 아직 전이다.",자산·외교위상,"한국은 무상구조자가 아니라 일본의 미래자산과 국제지지를 요구하는 우위 협상자로 서지만, 거래는 승인 전이다.",일본 내각이 귀국 뒤 최종승인할지와 센트리언 백신의 FDA 결론이 남는다.,멜버른 협상·거래조건 제시,일본 내각 승인; 20조 엔 인수계약·집행; G7 비반대; FDA 백신 승인,DCA-N46,0.94
570,570,고생 끝에 낙이 온다 (5),99634,99819,호주에서 돌아온 다이키요가 일본 내각에 방역물자·자산·G7 거래를 승인받으려 한다.,일본의 최종수락과 센트리언 FDA 승인으로 의료전·백신개발을 동시에 닫는 이중 보상.,일본 거래를 확정하고 미국 규제기관의 백신 허가를 받아 세계배분을 시작한다.,일본이 조건을 수락하고 센트리언 백신의 FDA 승인이 도착한다,일본 강경파는 한국 G7 진입을 싫어하고 FDA가 안전성 문제를 잡으면 모든 생산계획이 멈춘다.,일본 조건수락 직후 FDA 승인 연락이 도착해 방역 공급주도권이 우연이 아닌 제품권력으로 굳어진다.,일본 내각의 방역물자·G7 비반대·20조 엔 자산거래 수락과 센트리언 백신 FDA 승인을 얻는다. 자산 인수 집행은 남는다.,국제지위·의약품허가,비밀 구조거래와 개발 중 백신이 일본의 공식 양보와 미국 허가를 얻지만 20조 엔 자산의 실제 소유권 이전은 이후다.,유일한 대량생산자가 백신 가격·배송·국가별 대가를 어떻게 설계할지가 열린다.,일본 의료협상 수락; 센트리언 백신 FDA 승인,20조 엔 자산 인수 집행; 한국 승인·세계배송; 국가별 가격·정치거래,DCA-N46,0.94
571,571,글로벌 호구 (1),99820,99993,FDA 승인 소식을 듣고 김민재가 센트리언에서 서정준과 세계배분을 준비한다.,한국·미국 허가를 받은 백신이 일본을 포함한 세계로 나가 센트리언과 국가브랜드를 끌어올리는 보상.,국내 허가·대량생산·배송을 확정하고 일본과 미국에 첫 물량을 배분한다.,한국·FDA 백신 승인을 발표하고 일본에도 물자를 공급한다,국가별 수요가 생산량을 넘고 가격·우선순위를 잘못 정하면 글로벌 호구나 백신민족주의 비판을 받는다.,유가선물 마감까지 이틀밖에 남지 않아 백신배분과 석유자산 흡수를 동시에 실행해야 한다.,한국 승인과 해외공급이 시작되고 센트리언은 세계적 제약사 지위를 얻는다.,제약지위·국가브랜드,승인만 받은 백신이 실제 배송되는 국가전략물자가 되고 센트리언의 기업위상이 급상승한다.,4월 20일 마이너스 유가에서 석유자산을 얼마나 흡수하고 백신 세계배송과 동시에 결산할 것인가?,한국·미국 승인과 일본 첫 공급.,마이너스 유가 수확; 백신 세계배분·가격; 장기 에너지자산 운용,DCA-N47,0.94
572,572,글로벌 호구 (2),99994,100194,4월 20일 원유선물 만기를 김민재가 금융타워에서 직접 지켜본다.,WTI가 마이너스가 될 때 원유와 보관비를 함께 받고 즉시 롱으로 돌아서는 역사적 금융 보상.,숏을 최저점에서 청산하고 현물·선물을 매수해 반등까지 먹는다.,4월 20일 WTI 마이너스 가격에서 원유를 받아 돈까지 받고 곧바로 롱으로 전환한다,바닥시점을 놓치면 숏수익을 반납하고 저장공간이 부족하면 공짜 원유도 비용폭탄이 된다.,유가 수확 뒤에도 중국이 백신기술을 요구해 새 협상은 김민재가 직접 베이징에서 해야 한다.,마이너스 가격에서 원유와 돈을 받고 숏을 닫은 뒤 상승포지션으로 전환한다.,금융수익·에너지자산,유가붕괴를 기다리던 공매도자가 저장시설을 가진 원유소유자이자 반등 투자자로 바뀐다.,백신기술과 지배권을 지키면서 중국시장에 들어갈 합작구조를 베이징 협상에서 만들 수 있는가?,유가 숏 결산과 원유 저점매수.,중국 백신합작 지분·기술조건; 베이징 협상,DCA-N47,0.94
573,573,글로벌 호구 (3),100195,100359,백신을 먼저 맞은 김민재가 코로나 속 베이징에서 리강과 단독 담판을 연다.,기술을 지킨 80대20 합작으로 중국 동부시장과 리강 파벌의 정치 안전까지 얻는 약속.,중국에 생산·판매 몫을 주되 핵심기술과 지배지분을 태우에 남긴다.,베이징에서 리강에게 중국 백신합작 80대20과 파벌 이익을 제시한다,중국은 자국시장 접근을 대가로 기술이전을 요구하고 파벌싸움이 계약 안정성을 흔들 수 있다.,리강 개인·파벌의 이익을 합작에 묶으면 정부정책이 바뀌어도 태우를 보호할 내부 동기가 생긴다.,태우 80·중국 20 합작원칙과 리강 파벌의 보호이익이 합의된다.,지분·정치안전망,기술탈취 위험 때문에 막힌 중국시장이 태우 지배지분과 권력자 이해가 결합된 합작시장으로 열린다.,백신을 아프리카 자원권·외교관계와 바꿀 국가단위 협상이 다음으로 넘어온다.,중국 백신합작 기본합의.,"합작공장 실행, 아프리카 광물·에너지 계약.",DCA-N47,0.94
574,574,글로벌 호구 (4),100360,100529,아프리카 출발 전 천민정이 무인택시·HBM·일본 슈퍼앱 진행상황을 밝은 표정으로 보고한다.,팬데믹에서 번 돈을 미래기술과 아프리카 전략자원으로 재배치해 다음 성장판을 여는 약속.,각 기술프로젝트를 점검하고 백신·인프라와 맞바꿀 광물권 협상안을 만든다.,무인택시·HBM·일본 슈퍼앱을 점검하고 아프리카 광물 협상안을 만든다,여러 프로젝트에 동시에 자금이 들어가고 태우상사는 그동안 자본을 갉아먹는 계열사라는 평가를 받았다.,이종수는 세계 물류·자원수요가 터질 시점을 기다려 온 태우상사가 이제 날아오를 때임을 확신한다.,무인택시·HBM·슈퍼앱의 진척과 아프리카 협상용 투자·물류안이 정리된다.,포트폴리오·계열사지위,방역수익이 현금으로 머무르지 않고 기술·자원·상사의 회복을 위한 실행자본으로 배치된다.,아프리카연합이 인프라·백신 대가로 장기 광물권을 내줄지가 걸린다.,미래기술 진행점검과 아프리카 협상안.,"아프리카연합 계약, 태우상사 수익전환.",DCA-N47,0.94
575,575,글로벌 호구 (5),100530,100709,영토·종교 갈등이 심한 아프리카연합 앞에 김민재가 대륙 단위 지원안을 내놓는다.,인프라·자립·백신을 싼값에 주는 대신 광물·에너지 장기권리를 선점하는 전략적 호구 보상.,회원국별 단기이익을 넘어 태우와 장기 자원·물류계약을 맺게 한다.,아프리카연합에 인프라·자립·백신을 주고 장기 광물권을 받는다,표면상 지원액이 지나치게 커 글로벌 호구로 보이고 내부갈등 때문에 계약집행도 흔들릴 수 있다.,세계가 양적완화·지원금을 뿌리는 시대라 직접지원 손실은 금융타워의 초대형 진공청소기로 회수할 수 있다.,백신·인프라 지원과 광물·에너지 장기권리를 맞바꾸는 아프리카연합 계약이 성립한다.,자원권·외교관계,돈을 쓰는 지원국처럼 보이던 태우가 대륙의 미래자원과 유통망을 선점한 장기권리자가 된다.,시장에 풀린 막대한 개인자금을 어떻게 흡수할지와 유럽 백신계약이 다음 과제로 남는다.,아프리카 자원·지원 교환계약.,"EU 백신 가격, 양적완화 개인자금, 베릴과 헤지펀드 충돌.",DCA-N47,0.94
576,576,눈먼 돈의 시대 (1),100710,100879,5월에도 세계 확진·사망이 늘고 EU는 역내 생산 백신의 수출봉쇄를 꺼낸다.,아프리카 규탄과 충전표준·반독점 현안을 묶어 EU가 먼저 양보안을 들고 오게 하는 약속.,EU의 백신 봉쇄를 빈곤국 차별 프레임과 미래 산업협상으로 되받아친다.,EU의 백신 생산·수출 봉쇄를 아프리카연합 규탄과 충전·독점규제 협상으로 되받는다,유럽은 거대시장과 규제권을 쥐고 있어 태우 백신공장·자동차·IT 사업 모두를 압박할 수 있다.,전기차 충전표준과 반독점법 등 EU의 도움이 필요한 다음 거래가 많아 단순 보복보다 협상으로 묶을 이유가 생긴다.,아프리카연합의 공개규탄과 EU 상대 산업·정책 압박안이 실행된다.,외교압박·규제교섭,EU가 백신을 봉쇄하는 우위에서 태우의 공공재 이미지와 타 산업협력까지 잃을 수 있는 수세로 이동한다.,아프리카연합의 규탄과 산업협력 카드를 받은 EU가 생산·가격·정책에서 어떤 양보를 내놓을 것인가?,EU 봉쇄에 대한 국제여론 반격.,EU 생산·가격 협상; 전기차 충전표준·반독점 정책 호의,DCA-N47,0.94
577,577,눈먼 돈의 시대 (2),100880,101041,아프리카 차별 이미지가 커지자 EU가 하루 만에 태우의 도움을 요청한다.,1달러 백신 위탁생산으로 생산비를 유럽에 넘기고 시장·정책 호의를 함께 얻는 결산.,기술소유권을 지키며 EU 공장에서 대량생산해 아프리카에도 공급한다.,"EU가 회원국 제약사에 생산을 맡기고 태우가 아프리카 지도자들을 설득하는 정치적 역할분담에 구두 합의한다. 센트리언 수익이 수십 배, 나스닥이 32퍼센트 오른 것을 확인해 현금을 주식에 투입하지만 1달러 위탁계약·유럽과 아프리카 공급은 아직 체결·실행 전이다.",상징적 1달러 가격은 직접 이익이 없고 유럽 현지생산이 기술유출로 이어질 수 있다.,EU와 태우의 정치적 역할분담이 정해진 뒤 백신협상 장면이 양적완화 자금의 주식시장 유입으로 전환된다.,"EU의 회원국 제약사 설득·태우의 아프리카 지도자 설득이라는 구두 역할합의, 센트리언 수십 배 수익과 나스닥 32퍼센트 상승 확인이 지급된다. 위탁생산 계약과 백신공급은 미지급이다.",계약·공공이미지,태우는 유럽·아프리카 백신공급의 정치협상 역할을 얻고 금융타워는 팬데믹 수익을 주식시장에 재배치한다.,양적완화 지원금을 들고 망설이는 개인들을 주식시장으로 밀어 넣을 촉매가 필요하다.,EU·태우 백신협상 역할분담; 센트리언·나스닥 상승수익 확인,유럽 위탁생산 계약; 아프리카 백신공급; 개인투자자 유입,DCA-N47,0.94
578,578,눈먼 돈의 시대 (3),101042,101213,주식은 오르지만 유가는 아직 움직이지 않다가 기다린 OPEC 감산 호재가 터진다.,유가 후일담을 닫고 베릴을 개인투자자 영웅으로 세워 헤지펀드와의 대중 전쟁을 여는 약속.,베릴의 방송·이미지를 키워 아직 정하지 않은 공매도 표적에 소액투자자를 결집시킨다.,유가 감산 뒤 금융선을 정리하고 베릴을 개인투자자 영웅으로 키워 부양금을 증시로 끌어들일 작전을 설계한다.,개인투자자는 자금·정보가 약하고 헤지펀드가 반격하면 베릴의 신뢰와 태우 보유주식도 함께 위험해진다.,개인 대 헤지펀드라는 선명한 서사가 젊은 투자자를 시장으로 끌어들일 점화장치가 된다.,베릴을 개인투자자 영웅으로 만드는 이미지 전략을 승인한다. 구체 종목·매수 캠페인과 대중 동원은 아직 전이다.,시장서사·대중관계,산유국 전쟁 수익을 정리하던 시장에서 베릴을 소액투자자 유입의 얼굴로 만들 준비 단계로 전환된다.,베릴이 실제 개인투자자를 모을 영웅으로 성장하고 어떤 시장전쟁의 얼굴이 될 것인가?,OPEC 감산 후일담; 베릴 이미지 전략 승인,베릴 구독자 성장; 구체 투자대상·매수전; 헤지펀드 반격,DCA-N48,0.94
579,579,눈먼 돈의 시대 (4),101214,101381,한 부회장이 말하지 않아도 김민재가 찾던 게임스핀 공매도 정보를 가져온다.,태우 보유 300만 주와 베릴의 캠페인을 결합해 소액투자자 결집을 실제 주가상승으로 만드는 약속.,데이비드가 관리한 베릴 이미지를 공개매수 서사로 전환하고 태우 지분은 시장의 버팀목으로 둔다.,태우가 보유한 게임스핀 300만 주와 베릴의 이미지 성과를 확인하고 개인투자자 작전에 결합할 준비를 한다.,태우 개입이 드러나면 시세조종 비판을 받고 헤지펀드의 공매도 규모가 커지면 가격을 버티기 어렵다.,데이비드의 표정에서 베릴의 이미지 관리가 기대 이상으로 성공했다는 사실이 확인된다.,태우의 게임스핀 300만 주 보유와 베릴 홍보망을 한 작전에 쓸 기반을 확인한다. 실제 대중 매수 캠페인과 주가상승은 아직 전이다.,지분·대중영향력,베릴은 관리 대상 방송인에서 소액투자자 작전의 잠재적 얼굴로 올라서지만 시장동원은 준비 단계다.,베릴의 홍보망과 게임스핀 지분을 실제 개인투자자 매수세로 연결할 수 있는가?,게임스핀 지분·베릴 홍보성과 확인,매수 캠페인 실행; 구독자 성장; 헤지펀드 대응,DCA-N48,0.94
580,580,눈먼 돈의 시대 (5),101382,101561,유명세가 구독자 수로 측정되는 시대에 베릴의 영향력이 빠르게 커진다.,백신 성과를 한국의 독립된 G8·G9 위상과 최재석의 재선으로 환전하는 국가 약속.,G11 초청국에 머물지 않고 한국이 상설 핵심국이 되도록 미국·유럽의 지지를 묶는다.,한국의 G11 초청안 대신 독립된 G8·G9 위상을 요구하고 백신외교를 밀어붙인다,기존 G7은 회원확대를 꺼리고 일본도 한국의 동급지위를 받아들이기 어렵다.,최재석에게 G7 합류는 재선 뒤 마지막 퍼즐이며 김민재는 이미 사전작업을 끝낸 상태다.,한국의 독립 회원국 지위를 요구하는 G7+ 협상방침과 최재석 지원이 확정된다.,국가위상·정치동맹,백신외교가 초청장 수준에서 국제클럽의 구성 자체를 바꾸는 요구로 격상된다.,백신외교의 사전작업을 한국의 독립된 G7+ 상설가입과 최재석의 재선 성과로 실제 결산할 수 있는가?,G7+ 요구와 재선지원 방향.,한국 G7+ 상설가입 표결; 최재석 재선; 백신외교 결산,DCA-N48,0.94
581,581,헬리콥터 머니 (1),101562,101723,각국이 수천조 원 부양금을 뿌려 개인 자금이 시장으로 들어오기 시작한다.,베릴 100만 구독자와 게임스핀 8달러 상승으로 개미반란이 실제 사건이 되는 보상.,베릴의 매수논리를 확산시켜 헤지펀드가 더 큰 숏을 쌓게 유도한다.,헬리콥터 머니 속 베릴 100만 구독자와 게임스핀 8달러 상승을 확인한다,헤지펀드는 개인을 밟을 자본·공매도수단을 갖고 있고 상승초기에는 매수세가 쉽게 꺾일 수 있다.,오만한 헤지펀드가 반격규모를 키울수록 훗날 손실도 더 커지는 역설이 작동한다.,"베릴 구독자 100만과 게임스핀 8달러 상승, 개인투자자 유입이 확인된다.",대중지위·주가,홍보용 후보였던 베릴이 수백만 개미를 묶는 실제 시장리더로 성장한다.,베릴 100만 구독자와 게임스핀 8달러 상승에 맞서 공매도를 키운 헤지펀드가 어떤 제한·역공을 걸어올 것인가?,개미 매수세와 베릴 1차 성장.,게임스핀 숏스퀴즈; 헤지펀드 반격; 플랫폼 매수제한,DCA-N48,0.94
582,582,헬리콥터 머니 (2),101724,101897,센트리언 백신공급이 안정됐지만 세계 독점수요를 한 회사가 계속 감당하기 어렵다.,오용재에게 불리한 위탁생산을 맡긴 대가로 레거시칩 선행정보를 주는 국내 동맹 보상.,삼진바이오 생산라인을 확보하고 삼진전자가 차량·구형반도체를 미리 늘리게 한다.,삼진바이오 오용재에게 불리한 백신 위탁생산을 맡기고 레거시칩 정보를 보상한다,"오용재는 낮은 마진과 책임을 떠안고, 김민재도 너무 많은 미래정보를 주면 경쟁사를 키운다.",태우에 손해 없는 범위까지만 조언하고 선택은 오용재에게 넘겨 동맹과 경쟁의 선이 유지된다.,삼진바이오 백신 위탁생산과 레거시칩 증산 정보가 교환된다.,생산동맹·정보대가,삼진은 경쟁사에서 팬데믹 생산을 분담하는 동맹으로 이동하되 미래정보 접근은 제한된다.,"오용재가 백신 위탁생산과 레거시칩 조언을 받아 어떤 선택을 하고, 태우와 삼진의 제한된 동맹을 실행할 것인가?",백신 위탁생산 교환.,오용재의 선택·위탁생산 실행; 삼진 레거시칩 증산,DCA-N48,0.94
583,583,헬리콥터 머니 (3),101898,102092,베릴이 매일 영상을 올리며 구독자 250만·게임스핀 200달러를 돌파한다.,로빈후드 제한에도 한국 개미까지 합류해 헤지펀드를 무너뜨리고 베릴을 300만 영웅으로 만드는 결산.,매수제한의 불공정성을 여론화하고 국내 자금까지 붙여 숏세력을 항복시킨다.,게임스핀 주가가 500달러를 찍은 뒤 약 370달러로 내려오고 한국 개인투자자 약 1억 달러가 참여한 것을 확인한다. 헤지펀드 손실은 확인분만 100억 달러를 넘고 최대 700억 달러 추정이 나오며 한 곳이 공개사과한다. 베릴 구독자는 300만 명이 된다.,거래플랫폼이 매수를 막고 주가는 200~370달러로 요동쳐 개인 손실이 폭발할 수 있다.,공개사과와 300만 구독자가 베릴의 방송을 개인투자자 승리의 상징으로 바꾸지만 추가 파산규모는 아직 추정이다.,"게임스핀 500달러 도달, 한국 개인투자자 약 1억 달러 참여, 확인된 헤지펀드 손실 100억 달러 초과·한 곳의 공개사과와 베릴 300만 구독자가 지급된다. 700억 달러 손실과 두 곳 파산은 추정이다.",승패·대중명예,베릴은 300만 구독자의 월가 반대편 브랜드가 되고 헤지펀드는 최소 100억 달러의 확정손실을 공개적으로 인정한다.,게임스핀 승리로 얻은 베릴의 300만 구독자·금융브랜드를 다음 작전에 어디에 쓸지 남는다.,게임스핀 500달러; 헤지펀드 확인손실 100억 달러 초과·공개사과; 베릴 300만 구독자,최대 700억 달러 손실검증; 헤지펀드 추가파산; 베릴의 다음 역할,DCA-N48,0.94
584,584,헬리콥터 머니 (4),102093,102272,백신공급 한 달 만에 3억 명이 접종했고 태우는 변이 표본까지 모은다.,방역패권에서 얻은 시간·현금을 미국 칩수출 제한과 인텔 NAND 인수로 환전하는 약속.,중국 팹 규제예외를 받아 내고 저평가된 인텔 낸드 사업부를 매입한다.,미국 칩수출 제한을 인텔 NAND 인수기회로 판단하고 바이든의 중국 팹 유예와 인텔 가격협상을 위해 미국 방문을 정한다.,중국공장 때문에 인수자도 규제를 맞을 수 있고 손해사업을 사는 결정이라 시장반발이 예상된다.,트럼프와 바이든 양쪽에게 규제제외를 얻는다면 15억 달러 이상 싸게 살 수 있다는 조건이 선다.,미국 방문과 중국 팹 규제유예·인텔 NAND 가격협상 방침을 정한다. 유예기간·매입가격·계약은 아직 전이다.,전략자산·규제,백신공급 확대에 머무르던 투자가 메모리·중국 생산시간을 살 수 있는 인수협상 준비로 이동한다.,미국 방문에서 중국 팹 규제유예와 인텔 NAND 가격을 실제 합의할 수 있는가?,인텔 NAND 인수판단; 미국 방문·협상 결정,중국 팹 유예협상; 인텔 NAND 가격·매입계약,DCA-N49,0.94
585,585,헬리콥터 머니 (5),102273,102428,인텔 협상 전 김민재가 위장일정까지 만들어 워싱턴에서 바이든을 비밀리에 만난다.,중국 팹 4년 유예와 NAND 75억 달러 인수로 생산시간·저평가자산을 함께 받는 보상.,바이든에게 정책예외를 받고 밥 스웬과 가격·기술·인력 인수조건을 닫는다.,바이든에게 중국 팹 제재 4년 유예를 구두로 얻고 인텔 CEO와 NAND 사업부 75억 달러 매입가격을 악수로 합의한다. 정식 계약·대금지급·소유권 이전은 아직 없다.,바이든은 대중국 강경책을 훼손하기 어렵고 인텔도 반도체대란 직전 사업가치를 낮춰 팔 이유가 없다.,중국 팹 4년 유예와 인텔 CEO의 75억 달러 가격 수락이 국가규제·기업매각의 구두합의로 맞물린다.,중국 팹 제재 4년 유예와 인텔 NAND 75억 달러 매입의 구두합의가 지급된다. 정식 계약·대금·소유권은 미지급이다.,규제예외·소유권,태우는 중국 팹에 4년의 시간을 얻고 인텔 NAND 매입가격을 합의했지만 계약상 소유자는 아직 아니다.,75억 달러 구두합의를 정식 계약·소유권 이전으로 닫고 NAND를 성장자산으로 재배치할 수 있는가?,중국 팹 4년 유예; 인텔 NAND 75억 달러 가격 구두합의,인텔 NAND 정식 계약·대금지급·소유권 이전·통합,DCA-N49,0.94
586,586,마르지 않는 샘물 (1),102429,102578,인텔 본사 인근에서 김민재가 머스크를 만나 전기차 산업 재편을 제안한다.,차량용칩 부족을 경쟁사 살해가 아니라 태우 충전표준·공급동맹 확장의 지렛대로 쓰는 약속.,미국·EU·한국 완성차사를 GDC에 묶고 T 규격 충전망과 반도체 배분을 통제한다.,머스크와 T 충전표준·전기차 동맹의 기본구조를 합의하고 EU·미국·한국 완성차를 설득할 계획을 세운다.,각 자동차회사는 독자표준과 시장을 포기하기 싫어하고 태우의 공급통제를 경계한다.,반도체 부족을 해결할 유일한 공급자가 태우라 결국 다른 회사들이 손을 잡을 수밖에 없는 힘이 확인된다.,머스크와 T 충전표준·전기차 동맹 설계에 합의한다. 다른 미국·EU·한국 기업의 가입은 아직 전이다.,산업표준·동맹관계,부품공급 우위가 머스크와 함께 시장규칙을 설계할 권한으로 바뀌지만 다국적 동맹은 구성 전이다.,EU·미국·한국 완성차를 실제 설득해 T 규격 아래 다국적 전기차 동맹을 만들 수 있는가?,머스크와 충전표준·동맹 기본합의,EU·미국·한국 기업 설득·가입; 차량용칩 배정,DCA-N49B,0.94
587,587,마르지 않는 샘물 (2),102579,102728,인텔 NAND 인수보도가 터진 뒤 김민재가 귀국해 한 부회장의 투자우려를 듣는다.,NAND를 AI의 기억장치로 재정의해 60~70조 원 데이터센터를 다음 부의 샘물로 만드는 약속.,웨이·천민정에게 저장장치·AI센터 설계를 맡기고 장기투자를 승인한다.,NAND를 AI 저장장치로 재정의하고 웨이·천민정에게 초대형 데이터센터를 맡긴다,막대한 투자비가 들고 AI 수요가 예상보다 늦으면 금융타워·태우 재무를 오래 압박한다.,그 투자가 성공하면 태우와 금융계열사가 몇 배 커져 한 부회장이 세계 1위 그룹 부회장이 된다는 미래가 선다.,60~70조 원 초대형 데이터센터와 NAND 활용계획을 승인한다. 센터 건설·가동과 세계 1위 성과는 아직 전이다.,투자규모·기술능력,저평가 메모리 인수가 AI 데이터·금융정보를 축적할 투자계획으로 확대되지만 실물센터는 건설 전이다.,60~70조 원 데이터센터를 실제 건설하고 NAND·AI·금융정보를 묶은 성과로 바꿀 수 있는가?,AI 데이터센터 투자결정,데이터센터 건설·가동; NAND 통합; AI·금융정보 성과,DCA-N49B,0.94
588,588,마르지 않는 샘물 (3),102729,102918,센트리언은 코로나 뒤 주가·매출이 열 배 뛰고 변이백신·비만약·병원AI까지 확장한다.,방역수익과 중국 보조금으로 산 유휴장비를 인도·베트남 생산능력으로 바꾸는 약속.,센트리언의 후속제품을 점검하고 중국 가짜 팹의 새 장비를 해외 레거시 공장으로 반출한다.,센트리언 실적·변이백신·비만약·병원AI를 점검하고 중국 유휴 반도체 장비의 소유주·반출경로를 찾아 인도·베트남 배치를 추진한다.,반도체대란 수요가 예상보다 커 기존 대비만으로 부족하고 장비는 생산량 제한 때문에 새로 구하기 어렵다.,중국 팹의 사실상 새 장비를 빼내면 제한된 글로벌 장비시장을 거치지 않고 부족분을 채울 수 있다.,센트리언 성장성과와 중국 장비의 반출대상·배치안을 확인한다. 장비 매입·반출·인도는 아직 전이다.,장비·생산능력,가짜 팹의 중국 장비를 태우 해외공장 설비로 전환할 경로가 열리지만 실제 소유권·물류는 확보 전이다.,중국 팹 소유주들이 장비 매각·반출에 응하고 인도·베트남 공장으로 실제 옮길 수 있는가?,센트리언 후속사업 점검; 중국 장비 반출대상·배치안 확인,중국 장비 매매·소유권 이전·반출; 해외 팹 설치,DCA-N49B,0.94
589,589,마르지 않는 샘물 (4),102919,103092,6월 들어 시장은 회복하지만 코로나 공포가 남은 가운데 CIA 에이든이 북한 백신을 요구한다.,100만~2천만 회분 백신을 매개로 직접 개입하지 않고 북한 권력변수를 시험하는 약속.,요청량·배분대상을 캐 장남의 생존과 내부 권력변동 가능성을 조사한다.,CIA의 북한 백신 100만~2천만 회분 요청과 에이든의 침묵을 받아 의도를 의심하고 지원 여부를 보류한다.,백신이 주민이 아니라 권력층에만 쓰이거나 한국을 겨냥한 권력투쟁을 촉진할 수 있다.,요청량과 에이든의 반응은 확인되지만 CIA의 정확한 의도·장남 생존선은 아직 추정일 뿐이다.,북한 백신 요청 규모와 CIA 통로의 존재를 확인한다. 지원 결정과 장남 관련 정보는 아직 없다.,정보·안보,"잊힌 북한 장남 변수가 다시 의심되지만, 정보수집·지원결정 전의 미지 상태로 남는다.","CIA 요청의 실제 의도를 확인한 뒤 백신을 보낼지, 북한 권력변수에 개입할지 결정할 수 있는가?",CIA 백신요청·요청량 확인,CIA 의도·장남 생존선 확인; 백신 지원결정; 북한 권력변동,DCA-N49B,0.94
590,590,마르지 않는 샘물 (5),103093,103264,강 대위 사무실에서 김민재가 CIA 대화를 한 부회장과 공유한다.,이준수 일당의 중국 보조금 팹 장비를 암호화폐 거래로 태우가 회수하는 복수·자산 보상.,배후를 숨긴 채 팹 설비를 헐값에 사 인도·베트남으로 옮긴다.,"이준수 라인이 중국 팹에서 빼낼 수 있는 장비 20여 대를 추리고, 이미 7대를 팔아 2천만 달러가 넘는 대금을 받은 뒤 그날 4대를 선적한다. 판즈 측 담당자도 합류해 기술자와 장비를 더 모으지만 해외 팹 설치·가동은 아직 없다.",중국 당국이 매각과 가짜기술을 추적하면 태우의 배후작전과 이 상무 연결이 드러날 수 있다.,가짜 사업의 장비회수안이 실제 매각 7대·2천만 달러 초과 입금·당일 선적 4대라는 물류 영수증으로 바뀌고 판즈 인력선까지 붙는다.,"수출 가능한 반도체 장비 20여 대를 확인하고 7대 매각·2천만 달러 초과 입금, 당일 4대 선적과 판즈 담당자의 추가 모집 합류를 얻는다. 해외 팹 설치·생산은 미지급이다.",설비소유·복수,중국 보조금 장비 회수는 암호화폐 구상에서 실제 대금·선적이 발생한 반출망으로 올라가지만 해외 생산설비로서의 가동은 남는다.,중국에서 더 빼낼 장비와 기술자를 들키지 않고 해외 팹에 설치·가동할 수 있는가?,수출가능 장비 20여 대 확인; 7대 매각·2천만 달러 초과 입금; 당일 4대 선적; 판즈 담당자 합류,추가 장비·기술자 반출; 해외 팹 설치·가동; 중국 측 탐지 회피,DCA-N49B,0.94
591,591,예정된 승리 (1),103265,103426,한국 대선이 본격화되고 국민경제당은 최재석을 추대후보로 세운다.,차량용 반도체 필승카드로 EU의 산업요구와 한국 G7+ 지위를 교환하는 약속.,최재석 재선과 G7 회의 전에 유럽 완성차사를 태우 중심 동맹에 묶는다.,최재석 우세와 연기된 G7을 점검하고 EU의 차량용칩 요구를 협상 카드로 삼는다,유럽은 칩이 급하지만 한국 상설가입과 기업표준 양보를 별개 문제로 떼려 한다.,배고픈 유럽 자동차사에 차량용칩을 배분하면 좋은 결과를 끌어낼 수 있다는 교섭우위가 확인된다.,EU 완성차 대표 회동과 G7+ 협상용 반도체 카드가 준비된다.,정치·산업교섭,대선방어와 국제외교가 태우의 차량용칩 배분권 하나로 연결된 협상판으로 바뀐다.,다음 날 유럽 완성차 대표들이 차량용반도체·충전시스템을 조건으로 태우식 자동차 동맹에 들어올 것인가?,최재석 추대와 EU 협상판 형성.,유럽 완성차 동맹 협상; G7+ 가입; 최재석 재선,DCA-N50,0.94
592,592,예정된 승리 (2),103427,103586,폭스바겐·르노·FCA·재규어·벤츠 등 칩 부족 유럽 대표들이 한자리에 모인다.,칩·배터리·충전망을 조건부 공급해 미·EU·한국 완성차를 태우 규칙 아래 묶는 보상.,GDC 가입과 T 표준 채택을 대가로 차량용칩·고체배터리 우선권을 배정한다.,유럽·미국·한국 기업을 GDC로 묶고 칩·배터리·충전망을 조건부 공급한다,각 기업은 태우 종속을 두려워하고 글로벌이라는 이름 아래 중국·일본을 배제하는 정치비용을 진다.,GDC 창설은 세 지역 기업이 글로벌 자동차시장을 독점하겠다는 공개 선전포고가 된다.,유럽·미국·한국 기업의 GDC 동맹과 조건부 공급원칙이 성립된다.,동맹가입·시장규칙,태우의 부품우위가 다국적 완성차의 공식동맹과 충전표준이라는 시장제도로 굳어진다.,이번 주 안에 GDC 회원사별 차량용반도체 공급량을 공평하게 정하고 동맹을 실제 가동할 수 있는가?,GDC 창설과 공급조건.,회원사별 차량용반도체 공급량; GDC 가동; 중국·일본의 배제 반응,DCA-N50,0.94
593,593,예정된 승리 (3),103587,103760,유럽일정을 마친 김민재가 귀국하자 미쉘이 약속대로 G7 화상회의를 연다.,한국·호주를 포함한 G7+로 오랫동안 준비한 국가위상 약속을 실제 회원자격으로 결산하는 보상.,백신·차량용칩·변이대응을 대가로 기존 회원들의 지지를 확보한다.,G7 화상회의에서 한국·호주를 포함한 G7+를 만들고 변이백신을 추가 카드로 낸다,일본 등 기존국 반발과 감염병 이후 G7 효용성 논란이 가입을 흔들 수 있다.,변이백신이라는 추가카드까지 있어 한국의 기여를 거부하기 어려워진다.,한국과 호주의 G7+ 가입이 회의에서 확정된다.,국제지위,초청받는 방역모범국에서 세계 주요국 의사결정에 상설 참여하는 G7+ 회원국으로 올라선다.,이제 집중할 전쟁이 러시아·우크라이나발 에너지·식량대란으로 교대한다.,한국 G7+ 가입.,"최재석 재선, 러우 전쟁 대비, 변이백신 공급.",DCA-N50,0.94
594,594,예정된 승리 (4),103761,103927,21대 대선에서 연임제 이후 첫 현직후보 최재석이 조심스러운 선거를 치른다.,최재석 재선과 G7+를 가족식사처럼 축하하며 두 번째 임기의 원전·연금개혁을 여는 관계 보상.,국민경제당 지지율을 방어하고 원전확대·국민연금 개혁을 차기 과제로 약속받는다.,최재석 재선과 G7+를 가족식사처럼 축하하고 원전확대·국민연금 개혁을 부탁한다,현직 프리미엄만큼 구설 위험이 크고 당이 무너지면 김민재가 길러 온 정치기반도 흔들린다.,김민재가 직접 지지율을 지켜야 할 만큼 최재석·국민경제당이 그룹과 국가계획의 오래된 동맹임이 드러난다.,최재석이 재선되고 G7+ 성과를 함께 축하하며 원전·연금개혁 부탁을 받는다.,정치지위·관계,최재석은 일회성 협력 대통령에서 두 번째 임기 국가개조를 함께할 가족 같은 정치동맹으로 굳어진다.,재선 지지율을 유지하면서 원전·연금개혁과 그룹 상반기 결산을 실행할 일이 남는다.,대선 승리와 관계적 축하.,"두 번째 임기 개혁, 국민경제당 승계·지지율 방어.",DCA-N50,0.94
595,595,예정된 승리 (5),103928,104106,2020년 상반기 사장단회의에서 과거 적자였던 태우상사 이종수가 처음 웃는다.,해운·치료제 성과의 현금을 양자·AI에 50조 원 이상 넣어 회귀 지식 밖 미래도 사는 약속.,상반기 수익을 연구·인재·설비에 재배치해 영원히 마르지 않을 자금원을 만든다.,"해운운임 60퍼센트 상승과 하반기 100억 달러 이상 수익 전망, 로켓 이용자 1천5백만 명·25퍼센트 증가를 점검한다. 센트리언 치료제 임상완료와 AI센터 누적 50조 원 이상 투자를 확인하고 양자·AI에 계속 자금을 넣기로 하지만 흑자·승인·미래수익은 아직 전망이다.",양자·AI는 회귀 경험에도 정답이 없고 50조 원을 써도 실패할 수 있다.,"팬데믹 사업의 이용자·임상·누적투자라는 현재 수치가 쌓인 뒤, 김민재는 1~2년 동안 들어올 현금을 회귀지식 밖 양자·AI에 계속 태우기로 한다.","로켓 이용자 1천5백만 명과 25퍼센트 증가, 센트리언 치료제 임상완료, AI센터 누적 50조 원 이상 투자규모를 확인한다. 태우상사 흑자·치료제 승인·하반기 100억 달러 수익은 아직 전망이다.",현금흐름·미래능력,"태우의 팬데믹 자산은 이용자·임상완료·누적투자 규모를 증명했지만 흑자와 승인 전이며, 김민재는 향후 현금을 양자·AI 장기전에 배치한다.",앞으로 1~2년 동안 쏟아질 현금을 양자·AI에 계속 투입해 회귀지식 밖 성과를 만들 수 있는가?,로켓 이용자 1천5백만·25퍼센트 증가; 치료제 임상완료; AI센터 누적 50조 원 이상 투자 확인,태우상사 흑자·해운수익 실현; 치료제 승인; 양자·AI 추가투자와 성과,DCA-N50,0.94
596,596,어르고 달래기 (1),104107,104260,해외 제약사들도 예정보다 빨리 백신을 개발하며 센트리언 독점에 미국 로비가 달라붙는다.,SMA 치료제 무료공급으로 특허강탈 프레임을 생명구호 여론으로 뒤집는 약속.,환자가족·언론에게 무료약 계획을 공개해 제약협회의 공격비용을 높인다.,미 제약로비의 특허강탈 위협에 SMA 치료제 무료 공급으로 여론전을 건다,미 제약협회는 정치권·특허제도에 강한 영향력이 있어 한국 기업을 시장 밖으로 밀 수 있다.,협회는 자기 힘은 알지만 태우의 금융·여론·환자 네트워크 규모는 모른 채 과신한다.,SMA 치료제 무료공급안과 환자가족 중심 여론전이 시작된다.,여론·생명보상,특허를 빼앗길 방어전이 희귀질환 생명을 살리는 공공이미지 공세로 뒤집힌다.,SMA 무료공급과 환자가족 여론이 제약협회의 특허압박을 꺾고 어떤 협상조건을 끌어낼 것인가?,무료약 반격 개시.,미 제약협회 대응·협상; 무료약 부담분담; 특허방어,DCA-N50B,0.94
597,597,어르고 달래기 (2),104261,104422,독점기업 비판이 강한 미국에서 환자가족과 SNS가 제약협회의 탐욕을 집중공격한다.,여론역풍으로 센트리언 배제가 불가능해져 협회가 먼저 가입을 청하게 만드는 보상.,가족증언·무료약 비용을 공개하고 협회 소속사들의 책임을 비교한다.,SNS·환자 가족 여론으로 제약협회를 역풍에 몰아넣자 협회장이 한국 방문과 센트리언 정회원 제안을 결정한다.,로비기업들이 언론을 되사거나 태우의 무상공급을 시장교란으로 공격할 수 있다.,협회는 여전히 주도권이 자신들에게 있다고 믿지만 한국에 오는 순간 힘의 위치가 뒤집힐 상황이 된다.,미국 여론이 센트리언 편으로 기울고 협회장의 한국 방문 결정이 나온다. 실제 방한·정회원 계약은 아직 전이다.,평판·협상지위,"협회가 일방 압박하던 구도에서 협회장이 직접 한국 협상을 결정하는 여론 우위로 바뀌지만, 방문과 계약은 남는다.",협회장이 정회원 자격을 들고 실제 한국에 왔을 때 김민재가 어떤 역조건을 내놓을지가 열린다.,여론전 우위; 협회장의 방한 결정,협회장 실제 방한·협상; 정회원 계약,DCA-N50B,0.94
598,598,어르고 달래기 (3),104423,104592,미국 제약협회장 스티븐 허블이 한국에서 김민재와 대등한 조건을 찾는다.,해외 백신공장·필수의약품 아시아권·일본 공급사지분을 받아 로비전을 제도권 자산으로 닫는 보상.,정회원 가입과 무료약 지원을 맞바꾸며 센트리언의 생산영역을 넓힌다.,스티븐과 미 제약협회 정회원 조건을 협상해 SMA 무료 희귀질환 사업의 잔여 9억 달러 중 30퍼센트인 2억7천만 달러를 협회가 부담하게 한다. 백신공장·아시아 생산권까지 묶어 이틀 뒤 실무진이 예비계약을 마치지만 세부조건과 최종서명은 남는다.,글로벌 제약사 이익을 해치지 않으면서 무상공급 비용과 생산권을 나눠야 한다.,무료 희귀질환 사업의 비용분담과 백신공장·아시아 생산권이 말뿐인 제안에서 실무 예비계약으로 올라간다.,"미 제약협회 정회원 협상의 예비계약, SMA 무료사업 잔여 9억 달러 중 30퍼센트인 2억7천만 달러 부담, 백신공장·아시아 생산권의 협상틀을 얻는다. 세부조건·최종서명은 미지급이다.",제도권지위·생산권,센트리언은 미국 제약업계의 외부 협상자에서 정회원·공익사업·생산권을 함께 문서화할 예비계약 당사자로 올라간다.,예비계약의 세부조건과 서명을 닫으면서 미국 대선의 승자·패자 양쪽 보호선도 유지할 수 있는가?,정회원 조건 협상; SMA 무료사업 2억7천만 달러 분담; 백신공장·아시아 생산권 예비계약,예비계약 세부조건·최종서명; 미국 대선 양면 보호선,DCA-N50B,0.94
599,599,어르고 달래기 (4),104593,104768,11월 3일 미국 대선에서 바이든이 58대42로 승리하고 김민재가 현지에서 결과를 본다.,패배한 트럼프의 소송·폭동을 막아 2024년 관계를 살리고 바이든 정부에도 안전하게 착지하는 약속.,트럼프의 체면·미래를 보장해 정권이양을 설득하고 다이먼에게 새 정부 연결을 강화하게 한다.,바이든의 58대42 승리를 확인하고 트럼프의 분열·폭주를 달랜다,트럼프는 패배를 인정하지 않고 지지층 동원·법정투쟁으로 미국을 분열시킬 수 있다.,앞으로 김민재 계획에는 미국의 적극 지원이 필요해 다이먼이 양쪽 관계에서 더 큰 역할을 맡아야 한다.,"트럼프와의 직접 달래기·미래선 보존, 다이먼의 바이든 통로 강화가 실행된다.",권력이양·관계,트럼프 단일 우호정권이 끝나고 패자와 승자 모두에게 지분을 둔 이중관계로 재편된다.,트럼프의 불복을 누그러뜨리고 다이먼을 통해 바이든 당선인과 필요한 사업협력을 어떻게 열 것인가?,대선 승패 확정과 불복완화 착수.,정권이양·트럼프 달래기; 바이든 정부 협력; 다이먼 통로,DCA-N51,0.94
600,600,어르고 달래기 (5),104769,104942,다음 날 바이든 당선인과 비공식 회동이 미국 일정의 하이라이트로 열린다.,가이아나 100억 달러 금융·한국 무기를 제안해 남미 에너지·방산거점을 미리 심는 약속.,기존 태우사업 보호와 가이아나 무기수입 허용을 새 정부의 첫 거래로 확정한다.,"바이든 당선인에게 기존 태우 사업과 가이아나 사업의 지속·확대, 환경조건 아래 알래스카·가이아나 사업 유지, 가이아나의 한국산 무기구매를 막지 않겠다는 답을 받는다. 데이비드에게 유전지분을 담보로 한 장기 100억 달러 대출 협상을 맡기고 중국 팹·러우전쟁 정보망을 점검하지만 대출·무기계약은 아직 없다.",친환경 바이든은 유전·방산 거래를 꺼리고 트럼프 시절 사업을 재검토할 수 있다.,새 미국 행정부의 사업보호 원칙을 확인한 뒤 김민재는 가이아나 금융·방산과 중국·러시아 감시를 담당자별 실행과제로 넘긴다.,"바이든 당선인의 기존 태우 사업 지속·확대, 환경조건부 알래스카·가이아나 유지와 가이아나 한국산 무기 비저지 약속을 얻고 100억 달러 장기대출 협상 담당을 정한다. 대출·무기계약은 미지급이다.",정권관계·해외거점,태우는 바이든 행정부의 사업보호 원칙과 가이아나 방산 비저지선을 얻었지만 금융·무기거래는 협상 전이며 전쟁 대비 정보망을 새 과제로 세운다.,가이아나 100억 달러 금융·방산 협상을 실제 계약으로 닫고 러우전쟁 전에 정보망을 세울 수 있는가?,바이든 당선인의 태우사업 지속·확대 원칙; 가이아나 한국산 무기 비저지 약속; 대출협상 담당 확정,가이아나 100억 달러 대출·유전지분 조건; 한국산 무기계약; 러우전쟁 정보망,DCA-N51,0.94
601,601,뿌리 내리기 (1),104943,105101,김포공항의 맑은 하늘 뒤로 팬데믹 탓에 멈춘 공장들이 보이고 김민재는 국내 산업을 다시 점검한다.,천민정의 극저온 식각·AI 성과와 SMR을 묶어 차량용칩 위기 뒤 성장축을 심는 약속.,첨단장비·데이터센터·소형원전을 국가 기반으로 확정해 다음 공급충격을 버틴다.,천민정의 AI·장비 성과를 확인하고 SMR을 밀며 차량용칩 위기 뒤를 준비한다,공장가동은 아직 회복되지 않았고 원전 반대·막대한 투자비·일본 자동차업계의 경계가 남는다.,일본 업체가 먼저 손을 내밀 때만 비싼 대가를 받고 칩을 주겠다는 공급자 우위가 확인된다.,극저온 식각장비 성과가 공인되고 SMR·AI 데이터센터를 함께 키우는 투자방향이 확정된다.,기술능력·에너지기반,팬데믹 뒤 멈춘 산업에서 첨단공정·AI·SMR을 가진 장기 성장체계로 뿌리를 옮긴다.,일본 자동차업체가 차량용칩 부족 앞에서 어떤 장기계약·표준 조건을 받아들일 것인가?,극저온 식각 성과와 SMR 추진결정.,일본 차량용칩·장기계약; SMR·AI 데이터센터 투자,DCA-N51B,0.94
602,602,뿌리 내리기 (2),105102,105272,데이비드의 밝은 전화로 가이아나 쪽 진척을 확인한 뒤 현재 장 회장이 방산수출 지원을 요청한다.,로템 전차수출을 도운 대가로 현재그룹을 원전 확대편에 세우는 재벌동맹 보상.,금융·외교로 전차계약을 밀어 주고 태우건설의 원전시장 장악에 현재그룹 역량을 묶는다.,"현재 장 회장에게 가이아나 전차수출 지원과 원전 동맹을 제안하고, 가이아나 계약이 성사되면 적극 돕겠다는 조건부 약속을 얻는다.",방산지원은 경쟁재벌에 이익을 주고 원전정책은 정치·환경반발과 거액 장기리스크를 안는다.,원전시장을 장악하면 태우건설 자체가 그룹의 새 핵심 경쟁력이 된다는 교환가치가 선다.,로템 전차수출 지원과 원전 협력에 대한 현재 장 회장의 조건부 지지를 얻는다. 가이아나 계약·실제 원전 동맹 참여는 아직 전이다.,사업동맹·계열사위상,재벌 간 청탁이 방산과 원전을 맞바꿀 조건부 협력선으로 구체화되지만 장기 산업동맹은 체결 전이다.,가이아나 전차계약을 성사시켜 현재그룹의 조건부 지지를 실제 원전 동맹 참여로 바꿀 수 있는가?,현재 장 회장의 조건부 지원 약속,가이아나 전차계약; 현재그룹의 실제 원전 동맹 참여·수주,DCA-N51B,0.94
603,603,뿌리 내리기 (3),105273,105447,센트리언의 월별 최고매출을 보고받은 김민재가 메타버스 기업의 과열가치를 계산한다.,거품 전에 지분 40퍼센트를 글로벌 IT에 팔아 현금을 얻고도 플랫폼 주도권을 남기는 약속.,다수 IT기업에 소수지분을 나눠 주되 의결·기술통제는 태우가 유지한다.,센트리언의 유고빈이 치매 예방과 인지기능 개선 효과를 보였음을 확인하고 보험적용 검토선을 연다. 태우IT 주가가 세 배 넘게 오르고 메타버스 이용자가 하루 5백만 명씩 늘자 천민정이 VR 개발에 참여하기로 하지만 지분 40퍼센트 매각은 구조만 정한다.,지분분산은 향후 경영간섭을 부르고 너무 일찍 팔면 메타버스 성장분을 놓칠 수 있다.,유고빈의 인지효과와 메타버스 이용자 증가가 실제 기술성과로 지급된 뒤 천민정의 VR 참여가 다음 제품개발의 인적 동력으로 붙는다.,"유고빈의 치매 예방·인지기능 개선 효과, 태우IT 주가 세 배 이상과 메타버스 하루 5백만 명 증가, 천민정의 VR 개발 참여를 확인한다. 보험적용과 지분 40퍼센트 매매계약·대금은 미지급이다.",현금·플랫폼통제,센트리언과 태우IT은 약효·시장성장을 확인하고 천민정을 VR 개발축에 얻지만 메타버스 지분의 소유구조는 아직 바뀌지 않는다.,유고빈 보험적용과 메타버스 지분 40퍼센트 거래를 실제 계약으로 닫으면서 천민정의 VR 개발을 제품으로 만들 수 있는가?,유고빈 치매예방·인지개선 확인; 태우IT 주가·메타버스 이용자 성장; 천민정 VR 참여,유고빈 보험적용; 메타버스 지분 40퍼센트 매매·대금; VR 제품개발,DCA-N51B,0.94
604,604,뿌리 내리기 (4),105448,105609,닷컴버블과 닮은 기술·암호화폐 과열을 보며 김민재와 한 부회장이 단속시점을 고민한다.,거품통제 전에 백신·치료제 기술을 노린 북한 해킹을 찾아 그룹 핵심을 지키는 생존 약속.,AI보안으로 침입경로를 추적하고 배후·표적·내부협조 여부를 확인한다.,암호화폐 거품 단속을 준비하던 중 북한의 센트리언 핵심표적 해킹을 포착한다,북한 국가조직은 추적·보복이 어렵고 센트리언 핵심정보가 빠지면 인명·사업 모두 타격을 입는다.,오후에 공격대상이 태우의 핵심인 센트리언임이 밝혀져 금융거품보다 즉각적인 생존위협으로 우선순위가 바뀐다.,북한의 센트리언 백신·치료제 기술 탈취시도가 포착되고 비상방어가 가동된다.,정보안보·생존,시장거품 관리가 주 과제였던 상태에서 국가해킹으로 그룹 핵심 생명기술을 지키는 전시상태로 바뀐다.,AI 방어가 북한의 센트리언 해킹을 실제 차단하고 공격주체·목적을 확인할 수 있는가?,해킹시도 탐지.,해킹 차단; 공격주체·목적 확인; 핵심기술 보호,DCA-N51C,0.94
605,605,뿌리 내리기 (5),105610,105770,서정준은 울상이고 천민정은 분노한 채 센트리언 해킹상황을 김민재에게 보고한다.,북한 AI 해킹을 막고 중국 전력난에 대비해 몽골 석탄 증산·비축을 준비하는 에너지 역공,북한 해킹을 차단하고 중국 전력난에 쓸 몽골 석탄 생산량과 비축량을 늘린다.,"AI 방어가 센트리언 해킹을 막고 6천 대 좀비PC·북한 암호·반체제 인사명단·비트코인 경로를 잡아낸다. 중국의 호주산 석탄 금지에서 전력난을 읽어 몽골 증산·비축을 지시하지만 실제 물량은 없고, 마지막에는 QUAD 참여압박의 부담을 확인한다.",북한 권력개입은 군사위험을 부르고 호주·중국 QUAD 갈등 속 한국이 편을 고르면 외교부담이 커진다.,"잠시 사이트를 멈춘 해킹은 북한 내부정보를 쏟아내는 역추적으로 바뀌고, 사이버전의 성취 직후 중국 전력난과 QUAD 외교압박이 새 비용으로 들어온다.","센트리언 해킹 차단, 6천 대 좀비PC와 북한 암호·반체제 인사명단·비트코인 경로 확인을 얻고 몽골 석탄 증산·비축 지시를 확정한다. 실제 증산·비축물량은 미지급이다.",안보정보·에너지재고,"태우 AI는 방어도구에서 북한 해킹망·내부정보를 역추적하는 안보자산으로 올라가고, 에너지 대응은 몽골 증산지시 단계에 머문다.",QUAD 참여압박을 감당하면서 몽골 증산·비축을 실제 물량으로 바꿔 중국 전력난에 대응할 수 있는가?,센트리언 해킹 차단; 6천 대 좀비PC·북한 암호·명단·비트코인 경로 확인; 몽골 증산·비축 지시,몽골 석탄 실제 증산·비축; 중국 전력난; QUAD 참여압박; 북한 권력변수,DCA-N51C,0.94
606,606,물량 확보 (1),105771,105925,2020년 말 지친 최재석이 원전개발과 에너지안보 문제를 들고 김민재를 만난다.,동해 고갈가스전을 LNG 저장고로 바꿔 QUAD 부담 없이 에너지 혈로를 만드는 국가 인프라 약속.,동해 가스전의 저장고 전환을 정부사업으로 확정하고 호주·가이아나 출장 역할을 나눈다.,최재석과 동해 고갈가스전을 LNG 저장고로 전환하고 호주·가이아나 순방을 정한다,전환비용과 안전성 문제가 크고 해외공급국 계약이 정치갈등에 흔들릴 수 있다.,위드코로나부터 종식 이후까지 계속 성장하려면 이번 출장이 에너지 분기점이라는 시간이 명확해진다.,동해 고갈가스전 LNG 저장고 전환과 호주·가이아나 순방안이 승인된다.,국가인프라·에너지안보,"해외 현물구매에 의존하던 한국이 고갈가스전을 저장고로 전환할 계획과 장기공급 협상일정을 갖추지만, 저장시설 공사는 아직 전이다.",호주와 가이아나로 갈라진 두 출장에서 어떤 에너지·투자 성과를 가져올 것인가?,LNG 저장고 전환 결정; 호주·가이아나 순방 확정,LNG 저장고 공사·가동; 호주·가이아나 출장 협상,DCA-N51D,0.94
607,607,물량 확보 (2),105926,106110,캔버라공항에서 이종수에게 호주석탄 재고·가격·정부입장을 보고받는다.,중국 금수로 막힌 호주를 구하면서 향후 중국 전력난에 팔 대규모 석탄을 선점하는 약속.,모리슨에게 장기구매와 해운·저장 패키지를 제시해 물량·가격우선권을 얻는다.,모리슨에게 중국이 막은 호주 석탄을 태우가 사들이는 장기계약을 제안한다,호주는 중국과의 관계회복 가능성을 남기고 싶고 한국이 너무 싼값을 요구하면 국내비판이 생긴다.,협상분위기가 예상과 달라도 한 부회장은 김민재가 준비시킨 숨은 카드를 갖고 있어 물러서지 않는다.,호주 석탄 장기구매 제안을 공식화하고 역조건에 맞설 숨은 카드를 준비한다. 가격·물량·장기계약은 아직 확정 전이다.,공급권·외교관계,"중국에 판로를 막힌 호주 석탄이 태우의 장기계약 후보가 되지만, 계약·공급은 협상 중이다.",한 부회장이 준비한 숨은 카드로 모리슨에게서 어떤 가격·물량·기간의 석탄 조건을 받아낼지가 남는다.,호주 장기구매 제안; 협상 카드 준비,호주 석탄 가격·물량·장기계약,DCA-N51D,0.94
608,608,물량 확보 (3),106111,106261,신생산유국 가이아나의 졸부불안을 읽은 김민재가 교육·유전·방산 패키지를 내민다.,IIT·한국대학 인재양성과 싼 유전지분·한국무기를 묶어 남미 거점을 계약으로 얻는 보상.,국가가 부를 지킬 제도·인재를 제공하고 태우는 광산·해운·에너지 권리를 확보한다.,"가이아나 정부와 100억 달러 국채계약을 체결해 유전·인프라 지분조건을 확보하고, 호주와는 석탄 장기계약을 맺어 부산·인천으로 보내기로 한다. 올해 1억 달러·내년 10억 달러 이상 물량은 계약됐지만 세부 무기목록과 몽골 비축은 후속이다.",가이아나는 자원주권 상실을 경계하고 방산대출은 미국 승인·상환위험을 안는다.,"유전·교육·인프라 협상이 100억 달러 국채계약으로, 호주 석탄선이 올해 1억 달러·내년 10억 달러 이상의 실물 공급계약으로 각각 닫힌다.","가이아나 100억 달러 국채계약과 유전·인프라 지분조건, 호주 석탄 장기계약과 올해 1억 달러·내년 10억 달러 이상 물량 및 부산·인천 공급선을 얻는다. 세부 무기계약·몽골 비축은 남는다.",해외거점·자원권,태우는 가이아나에서 국채·유전·인프라 계약당사자가 되고 호주 석탄을 한국 항만으로 들이는 장기 공급선을 확보한다.,가이아나의 세부 군수조건과 몽골 비축을 닫은 뒤 김태중의 베트남 계획까지 안전하게 실행할 수 있는가?,가이아나 100억 달러 국채계약·유전/인프라 조건; 호주 석탄 장기계약·부산/인천 공급선,가이아나 세부 무기계약; 몽골 석탄 비축; 김태중 베트남 계획,DCA-N51D,0.94
609,609,물량 확보 (4),106262,106419,"2021년 새해, 무역분쟁이 군사분쟁으로 넘어가기 전 김민재가 베트남의 김태중을 찾는다.",사이공은행 미아인의 불법대출·차명망을 뒤집어 정유·에너지 자산을 회수할 명분을 만드는 약속.,40조 원 불법대출과 10조 원 비자금을 추적해 권력연결을 끊고 은행·정유거점을 장악한다.,김태중과 베트남 사이공은행 미아인의 불법대출·차명망을 의심하고 일주일 안에 정보를 모아 공개할 조사계획을 세운다.,미아인은 정부고위층과 결탁했고 공격이 실패하면 김태중과 현지 태우자산까지 보복받을 수 있다.,"김태중이 정부 고위층을 움직일 구상을 받아들이지만, 불법계좌·창고 증거와 보호팀 배치는 아직 전이다.",미아인 부패망을 조사·공개할 계획과 김태중의 동의를 얻는다. 구체 증거·계좌동결·정유회사 권리는 아직 없다.,증거·권력전,"베트남 부패재벌에 대한 의심이 일주일 정보수집·공개 작전으로 구체화되지만, 증거확보 전이다.",일주일 안에 불법대출·차명망의 실제 증거를 확보해 베트남 정부가 움직일 만큼 공개할 수 있는가?,미아인 부패망 조사·공개 계획; 김태중의 동의,불법대출·차명망 증거수집; 공개·계좌동결·구속; 정유회사 인수,DCA-N51E,0.94
610,610,물량 확보 (5),106420,106590,한국으로 돌아온 김민재와 바이든 취임식을 마친 한 부회장이 베트남 공개작전을 점검한다.,"가이아나 30억 달러 군수계약과 스테이블코인 공격 준비를 확인하고, 40조 원 불법대출·10조 원 비자금 증거를 공개해 베트남 정부의 수습선과 김태중 통로를 굳히는 보상.","미아인·사이공은행의 불법대출·비자금 증거를 공개하고, 연계 엘리트 전체가 아니라 주동자 처리선으로 베트남 경제와 김태중을 함께 보호한다.","가이아나 30억 달러 군수계약과 스테이블코인 공개공격 준비를 확인한 뒤, 40조 원 불법대출·10조 원 비자금 보고서를 터뜨려 베트남 정부가 주동자 처리에 합의하게 한다.",연계 엘리트까지 한꺼번에 잡으면 베트남 경제·정권이 흔들려 태우도 역풍을 맞을 수 있다.,"푹 수상과 웅웬 서기장이 경제를 흔들지 않도록 미아인 개인 일탈로 좁혀 이번 주 안에 주동자를 처리하기로 하고, 김태중이 현지 고위층 일부를 움직인 주도자였음이 드러난다.","가이아나 30억 달러 군수계약과 스테이블코인 공개공격 계획, 사이공은행 40조 원 불법대출·10조 원 비자금 보고서, 베트남 정부의 주동자 수습 결정과 김태중의 총리 통로를 얻는다. 현금창고 압수·계좌동결·구속·정유회사 인수는 아직 전이다.",금융권력·정치관계,"미아인 부패망에 대한 조사가 국제 신용평가 보고서와 베트남 정부의 주동자 수습 결정으로 바뀌지만, 재산 압수·구속·소유권 지급은 아직 실행 전이다.","베트남 정부가 이번 주 안에 주동자 처리를 실제 집행하고, 김태중이 얻은 현지 고위층 통로를 어떤 다음 역할로 바꿀 것인가?",가이아나 군수계약 확인; 스테이블코인 공개공격 준비; 40조 원 불법대출·10조 원 비자금 보고서 공개; 베트남 정부 수습선; 김태중 총리 통로,베트남 정부의 주동자 실제 처분; 사이공은행 안정; 김태중 현지 통로의 다음 역할,DCA-N51E,0.94
611,611,작은 부탁 (1),106591,106781,즈엉 미아인의 노점상 출신 성공과 정치·금융 인맥이 무너지며 구속집행이 시작된다.,베트남 위험투자를 구속·정유회사로 닫은 뒤 은퇴한 김태중에게 축구라는 새 삶을 돌려주는 약속.,미아인 결산을 확인하고 부산 경기장에서 김태중이 정말 원하는 역할을 듣는다.,"즈엉 미아인의 구속과 정유회사 인수 보고를 확인한 뒤, 귀국한 김태중과 부산 축구장에서 경기를 본다",미아인은 숨긴 현금으로 수습을 시도하고 김태중도 손자에게 직접 부탁하기보다 목적을 감춘다.,"미아인 재산·페이퍼컴퍼니가 모두 공격받고 정유회사 인수까지 끝난 뒤, 축구경기에서 김태중의 또 다른 목적이 암시된다.",미아인이 금융범죄로 구속되고 김태중이 베트남 정유회사를 확보해 위험투자를 실물거점으로 닫는다.,가족역할·해외자산,해외 모험을 맡던 은퇴회장이 정유거점을 남기고 부산 축구장에서 새 공적역할을 찾는 사람으로 이동한다.,베트남 결산 뒤 부산 축구장에서 김태중이 말한 '다른 목적'은 무엇이며 김민재에게 어떤 도움을 청할 것인가?,미아인 구속과 정유회사 인수.,김태중의 부산 축구장 방문 목적·새 공적역할; 구체 지원 요청,DCA-N52,0.94
612,612,작은 부탁 (2),106782,106960,경기를 함께 보던 김태중이 축구의 재미를 말하며 협회 운영에 대한 속내를 드러낸다.,매년 90억 기부·후원확대와 국제인맥으로 김태중의 명예회복을 실제 선거판으로 만드는 약속.,협회예산·선수지원·구단투자를 설계하고 메타버스 지분교환도 글로벌 연합으로 확정한다.,축구협회장 지원과 메타버스 글로벌 지분교환을 동시에 설계한다,현재그룹이 20년 쥔 축구카르텔과 대의원 이해관계가 외부후보를 막는다.,태우 중심 글로벌 IT 연합은 미국·중국도 적대하기 어려운 영향력을 갖춰 선거 외 자금·후원방벽이 된다.,"김민재가 협회장 지원을 수락하고 매년 90억 기부·후원사 확대, 메타버스 지분교환 방침을 확정한다.",가족지원·플랫폼지분,김태중의 막연한 희망이 돈·인맥·공약을 갖춘 공식 협회장 프로젝트로 바뀐다.,김태중의 축구협회장 도전을 위해 마련한 연 90억 원·후원사 자금과 인맥을 실제 선거운동·표로 바꿀 수 있는가?,출마지원 수락과 자금·후원 설계.,축구협회장 선거전략·표 확보; 메타버스 지분교환 계약,DCA-N52,0.94
613,613,작은 부탁 (3),106961,107161,범 현재그룹이 20년 가까이 축구협회를 장악한 카르텔 구조가 드러난다.,국제인맥·추가구단·중계료 300억 공약으로 돈만 쓰는 후보가 아니라 판을 바꾸는 후보를 세우는 약속.,대의원에게 늘어난 예산을 보여 표를 얻되 태우인력이 돈을 철저히 관리하게 한다.,국제 축구인맥·추가 구단·중계권 60억에서 300억 인상 공약을 대의원들에게 제시해 우호 반응을 끌어낸다.,대의원들은 개혁보다 자기 몫의 콩고물을 기대하고 기존 회장측 압박도 강하다.,예산이 커지면 이권도 커진다고 착각한 대의원들이 호응하지만 실제로는 십 원까지 감시될 덫이 깔린다.,추가구단·중계료 인상·후원확대 공약과 대의원들의 호의적 반응을 얻는다. 실제 표와 당선은 아직 전이다.,정치표·제도개혁,외부의 부자후보가 협회 수익구조를 바꿀 개혁후보로 보이기 시작하지만 카르텔 붕괴·표결은 남는다.,실제 투표에서 과반을 확보할지와 당선 뒤 이권관리를 지킬지가 남는다.,선거공약 제시; 대의원 우호 반응,실제 표결·과반 확보; 김태중 당선; 당선 뒤 이권관리,DCA-N52,0.94
614,614,작은 부탁 (4),107162,107325,김태중이 오랜만에 공식석상에서 추가구단·중계료·후원사 공약을 직접 발표한다.,17표 당선과 메타버스 지분교환을 함께 받아 가족의 새 역할·플랫폼 투자를 결산하는 보상.,협회장 표결을 이기고 글로벌 IT기업에 판 지분대가를 우량주로 바꾼다.,"김태중이 축구협회장 선거에서 17표를 얻어 당선된다. 메타버스 제휴를 두고 마이크로소프트가 장기계약·주식교환에 긍정적으로 반응하지만 계약과 주식지급은 아직 없고, 델타 변이·중국 백신실패·바이든 방한 대응을 연다.",기존 카르텔의 막판 표이탈과 글로벌 플랫폼 지분가치 변동이 남아 있다.,김태중의 17표 당선으로 가족의 새 공적역할이 확정된 뒤 메타버스 협상은 마이크로소프트의 긍정답변만 얻은 채 백신·반도체 외교로 넘어간다.,김태중의 17표 축구협회장 당선과 마이크로소프트의 메타버스 장기계약·주식교환 협상 의사를 얻는다. 계약서·마이크로소프트 주식은 미지급이다.,직책·지분,김태중은 축구협회장이라는 공식직책을 얻고 태우 메타버스는 마이크로소프트 협상선에 올라가지만 지분·주식 소유는 바뀌지 않는다.,델타 변이·중국 백신실패와 바이든 방한을 이용해 백신외교와 반도체 예외권을 얻을 수 있는가?,김태중 축구협회장 17표 당선; 마이크로소프트 장기계약·주식교환 협상의사,메타버스 정식계약·주식교환; 델타 백신외교; 미국 반도체공장·중국 팹 예외,DCA-N52,0.94
615,615,작은 부탁 (5),107326,107501,날씨가 풀리며 새로 임명된 핀리 대사가 바이든의 한국방한을 알린다.,미국 반도체공장을 양보해 중국 팹 자유·국채협력을 얻고 미중 선택권을 보존하는 약속.,바이든에게 미국 생산·고용을 주는 대신 기존 중국설비와 금융타워 활동의 예외를 받는다.,바이든 방한 때 미국 반도체공장을 양보하고 중국 팹 자유·국채 협력을 얻는다,미국은 공급망을 자국 안으로 끌어오려 하고 중국공장을 계속 쓰는 기업을 압박한다.,미국채를 사 주는 금융관계까지 묶이면 반도체뿐 아니라 양국관계의 주도권도 태우로 이동할 수 있다.,미국 반도체공장 투자와 중국 팹 자유·미국채 협력의 맞교환이 성립된다.,정책예외·공급망,태우는 미중 사이에서 선택을 강요받는 기업이 아니라 양쪽 생산권과 미국 금융관계를 동시에 가진 예외기업이 된다.,르네사스 화재로 칩이 부족해진 일본이 T 충전표준·장기계약에 굴복할지가 남는다.,바이든 방한 반도체·국채 거래.,"일본 차량용칩 협상, 중국 델타 재협상.",DCA-N53,0.94
616,616,백기를 들다 (1),107502,107680,바이든의 아시아순방이 끝나 일본은 방위비·대만공조를 주고 미국 지지를 산다.,르네사스 화재로 몰린 일본 완성차에 칩을 주되 T 충전망과 10년 전기차 계약을 받아내는 보상.,차량용칩 공급량을 미끼로 일본 업체를 태우표준·장기구매에 묶는다.,르네사스 화재 뒤 일본 완성차에 칩을 주되 T충전망·EV 10년 계약을 묶는다,일본 기업은 태우 종속을 피하려 하고 T 규격을 쓰지 않는 선택지도 형식상 남아 있다.,T 규격을 쓰지 않으면 전기차칩 성능을 100퍼센트 내지 못한다는 설계가 사실상 강제가입 장치가 된다.,일본 업체가 차량용칩 대가로 T 충전시스템과 전기차 10년 계약조건을 수용한다.,산업표준·장기계약,한국을 제재하던 일본 자동차업계가 칩 부족 앞에서 태우의 표준과 공급계약에 들어온다.,중국이 델타 변이와 센트리언 공장철거 압박 앞에 백신자존심을 접을지가 열린다.,일본 차량용칩·T 표준 계약.,"중국 동부 백신시장, 에버그란데 공매도.",DCA-N53,0.94
617,617,백기를 들다 (2),107681,107841,일본 계약이 하루도 안 돼 체결될 만큼 완성차업체의 발등에 불이 떨어진다.,센트리언 공장철거 엄포와 델타 확산으로 중국이 자국백신 자존심을 접게 만드는 약속.,중국 합작공장을 철수할 수 있다고 압박해 시장·지분조건을 다시 쓴다.,센트리언 공장 철거 엄포와 델타 실패로 중국을 다시 협상장에 세운다,중국은 체면과 산업주권 때문에 외국백신 의존을 인정하려 하지 않고 철수하면 거대시장도 잃는다.,협상장을 박차고 나오는 행동 자체가 주도권이 태우에 있음을 각인시키는 전략이 된다.,공장철거 통보가 전달되고 델타 확산 실패 속 중국이 재협상을 요청하는 단계로 물러난다.,협상주도권·방역시장,중국이 기술이전을 요구하던 우위에서 센트리언 철수를 막기 위해 시장양보를 준비하는 수세로 바뀐다.,공장철거 통보 뒤 중국이 재협상을 요청하면 센트리언의 공장·시장 권리를 어떤 조건으로 지킬 것인가?,중국 재협상 유도.,중국 재협상; 센트리언 공장 존치·시장권리; 델타 백신대응,DCA-N53,0.94
618,618,백기를 들다 (3),107842,108009,주한 중국대사 싱밍이 몽골사업 인연을 앞세워 센트리언을 붙잡는 협상에 나선다.,중국 동부 고밀도시장을 얻고 에버그란데 붕괴에 100조 원 이상 걸어 방역승리를 자본전으로 키우는 보상.,백신공급·합작유지를 대가로 시장권을 받고 중국 부동산·지수 하락포지션을 확대한다.,중국 동부 고밀도 시장을 센트리언 몫으로 받고 100조 원 이상 중국 부동산 공매도에 건다,중국 정부가 붕괴를 떠받치면 숏 손실이 막대하고 시장권도 행정명령 한 번에 흔들릴 수 있다.,어느 국가의 눈치도 보지 않는 다국적 금융타워라 대규모 공격을 숨기고 이익은 태우에 집중할 수 있다.,센트리언의 중국 동부시장 권리와 합작유지가 확정되고 100조 원 이상 공매도가 실행된다.,시장권·금융포지션,백신시장 양보가 세계 최대 부동산 붕괴에 참여할 정보·자금 우위까지 연결된다.,센트리언의 중국 동부시장 권리와 100조 원대 부동산 숏을 실제 이익으로 결산할 수 있는가?,중국 백신 재협상과 공매도 진입.,중국 동부시장 실행; 부동산 공매도 결산·중국 대응,DCA-N53,0.94
619,619,백기를 들다 (4),108010,108186,일본과 중국이 태우 도움 앞에 물러난 직후 수에즈 운하 좌초로 세계물류가 멈춘다.,태우 중장비·예인선으로 수에즈 구조에 먼저 뛰어들어 세계 물류병목과 이집트 신뢰를 되찾는 약속.,태우선박은 우회시키고 현장장비를 무상지원해 국가·아프리카연합의 마음을 산다.,수에즈 좌초 소식을 받자 태우 선박을 우회시키고 중장비·예인선을 투입해 자비로 운하 구조작업을 시작한다.,좌초선 제거가 실패하면 비용·평판을 떠안고 우회선박도 운임·시간 손해를 본다.,우회로로 태우 선박 피해를 줄이고 구조장비를 집중하지만 운하는 아직 막혀 있으며 재개통·보상은 남는다.,"태우 선박 우회와 중장비·예인선 투입, 자비 구조작전을 시작한다. 운하는 아직 막혀 있고 구조결과·보상은 없다.",물류지위·국가신뢰,우회로 피해를 피하는 선사에서 세계 물류병목을 직접 해결하려는 구조주체로 나서지만 결과는 미지급이다.,투입한 중장비·예인선이 수에즈 운하를 실제 열고 이집트의 신뢰·보상으로 이어질 수 있는가?,태우 선박 우회; 수에즈 구조장비·인력 투입,운하 구조 성공·재개통; 이집트 신뢰; 구조 뒤 보상 협상,DCA-N53B,0.94
620,620,백기를 들다 (5),108187,108349,수에즈가 나흘 만에 재개통돼 회귀 전보다 피해가 절반으로 줄고 태우 공로가 확인된다.,수에즈 우선권·확장공사를 받고 로나 스테이블코인의 구조적 허점을 미리 드러내는 이중 결산.,경제학자·이더리움 비교·공매도로 로나의 거짓안정을 깨 시장폭풍 전에 경고한다.,"수에즈 운하를 나흘 만에 열어 우선 통항권·확장공사 약속을 받고, 로나 스테이블코인의 구조적 허점을 공개한다",스테이블코인 신봉자·발행사는 여론과 가격방어에 나서고 너무 이른 공격은 숏 손실을 부른다.,금융위험보다 더 큰 세계 폭우가 곧 에너지·식량대란을 몰고 온다는 압박이 마지막에 전면화된다.,수에즈 통항우선권·확장공사 약속이 확정되고 로나 취약성 공개·공매도가 시작된다.,물류권·금융경고,물류병목 해결 보상을 받은 직후 태우의 시선이 디지털거품과 물리적 기후대란으로 이동한다.,"수에즈 보상을 확보한 뒤 막 시작한 로나 구조 공개·공매도가 언제 어떤 규모로 결산되고, 세계 폭우가 실물 공급망을 얼마나 끊을 것인가?",수에즈 재개통·우선통항·확장공사 약속,로나 공매도 결산; 세계 폭우·식량·에너지 대란,DCA-N53B,0.94
621,621,폭우 (1),108350,108523,매년 더 더워지는 여름 속 중국의 폭우·폭염이 탄광과 운송로를 동시에 잠근다.,미리 산 호주·몽골 석탄과 태우해운이 3~10배 운임·에너지 수익으로 돌아오는 보상.,비축석탄을 필요한 곳에 풀고 선박을 배치해 공급차질을 이익·영향력으로 바꾼다.,중국 폭우·폭염·탄광침수로 석탄난이 오자 비축물량과 해운을 가동한다,"구호와 폭리를 동시에 취한다는 비판, 침수된 도로·철도로 인한 실제운송 제약이 있다.",태우상사가 과거 상사맨 전성기처럼 다시 한국경제의 주요축이 될 역할이 확인된다.,호주·몽골 비축석탄 판매와 고운임 운송이 시작돼 태우상사 수익·지위가 상승한다.,에너지수익·계열사지위,저가 비축재고가 중국 전력난을 움직이는 전략물자가 되고 태우상사는 그룹 주변부에서 핵심축으로 복귀한다.,농지침수와 곡물가 상승에 맞서 한국 식량자급을 어떤 체제로 바꿀지가 열린다.,석탄 선점의 실물수익.,"식량대란, 스마트팜·기업농 법안.",DCA-N54,0.94
622,622,폭우 (2),108524,108692,중국 폭우가 농지·도로·철도까지 파괴해 곡물가격과 공급망을 함께 흔든다.,스마트팜·위성·AI와 기업농 법으로 한국 식량자급과 태우 유통지배를 동시에 키우는 약속.,생산성을 높일 대형농장과 관측·물류체계를 정부정책으로 만들 준비를 한다.,식량가 급등과 곡물메이저 압박에 스마트팜·위성·AI와 기업농 법안을 준비한다,소농은 기업농에 토지와 생계를 빼앗길 것을 두려워하고 곡물메이저도 태우의 독립망을 압박한다.,식량도 전략무기가 되는 시대라 자급률 30퍼센트 한국을 바꿀 명분과 태우상사 이익이 일치한다.,스마트팜·농업위성·AI 유통망과 기업농 법안의 기본설계가 완성된다.,식량안보·산업구조,단기 수입대응에서 토지·기술·법을 묶어 장기 생산성과 유통권을 바꾸는 국가프로젝트로 확대된다.,기업농에 필요한 농지를 어떻게 확보하고 자율주행·당 후계문제까지 청와대에서 어떻게 묶을지가 남는다.,식량체제 설계.,기업농 농지확보; 기업농 입법; 농민반발,DCA-N54,0.94
623,623,폭우 (3),108693,108858,오랜만에 명동을 찾은 김민재를 이영한이 여전히 깍듯하게 맞는다.,시장 꼭대기 전에 명동 투자금을 회수해 일본 슈퍼앱·레벨5 자율차·국내 평야라는 실물기반으로 옮기는 약속.,이익을 현금화하고 토지·모빌리티·플랫폼을 다음 국가사업의 자산으로 확보한다.,명동 투자금을 꼭대기 전에 회수하고 일본 슈퍼앱·레벨5 자율차·국내 평야 매입을 점검한다,너무 일찍 회수하면 상승분을 놓치고 대규모 토지매입은 투기·농민반발을 부른다.,기업농과 완전자율주행 모두 정부규제 없이는 불가능해 최재석과 한 자리에서 풀어야 한다.,명동 투자금 회수와 일본 플랫폼·레벨5·평야 매입현황이 확인되고 청와대 담판이 결정된다.,자산재배치·기술실증,금융차익이 현금으로 끝나지 않고 농지·자율주행·일본 플랫폼의 실물통제력으로 바뀐다.,최재석이 제주 실증·기업농 법과 함께 퇴임 뒤 당 후계문제까지 꺼낼지가 열린다.,명동 수익회수·실물자산 점검.,"자율주행 규제, 기업농 입법, 국민경제당 후계자.",DCA-N54,0.94
624,624,폭우 (4),108859,109020,청와대가 편안해질 만큼 가까워진 김민재가 최재석과 규제·퇴임문제를 솔직히 논한다.,제주 자율주행 실증·기업농을 허용받고 대통령 퇴임 뒤에도 국민경제당 협력선을 잇는 약속.,두 산업정책을 통과시키는 대가로 당 후계후보 검증과 정치기반 유지에 힘을 보탠다.,최재석에게 제주 자율주행 실증과 기업농을 요구하고 후계자 선정을 돕기로 한다,자율주행 안전사고·기업농 반발과 보수·진보 인물의 당내 충돌이 동시에 위험하다.,국민경제당이 서로 다른 진영을 모르는 사이 대화합의 장으로 만들었다는 후계구도가 드러난다.,제주 실증·기업농 추진과 후계자 선정을 함께 돕는 김민재·최재석 합의가 성립된다.,정책·정치승계,현직 대통령 개인과의 동맹이 퇴임 뒤 당의 사람·노선까지 이어 갈 장기협력으로 확대된다.,제주 무인주행이 성공할지와 3천 명 당원 속 배신자를 강 대위가 찾아낼지가 남는다.,정책허용·후계검증 합의.,"자율주행 실증, 당 내부정리, 기업농 법 통과.",DCA-N54,0.94
625,625,폭우 (5),109021,109183,김민재·한 부회장·천민정이 오랜만에 제주에서 완전자율주행 차량을 직접 본다.,무인주행 성공과 3천 명 당원 전수검증으로 기술·정치조직 두 기반을 동시에 정리하는 약속.,레벨5 안전성을 증명하고 강 대위에게 국민경제당 내부 배신자·부패선을 좁히게 한다.,"제주 무인주행 15일 실증에서 시스템 오류 사고 0건과 음주운전자 7명 적발, 관광객 30퍼센트·외국인 15퍼센트 증가를 확인한다. 당원 3천여 명을 훑어 봉우리파 관련자 이름을 추리고 강 대위에게 수사를 맡기지만 배신 증거는 아직 없다.",실증사고 한 번이면 전국확대가 막히고 수천 명 검증은 정당내 불신·반발을 키운다.,"무인주행의 안전·관광 수치가 기술실증을 닫은 직후, 3천여 명 스캔에서 봉우리파 이름들이 떠올라 성취가 내부수사로 꺾인다.","제주 실증 사고 0건·음주운전자 7명 적발, 관광객 30퍼센트·외국인 15퍼센트 증가와 당원 3천여 명 스캔·봉우리파 관련자 명단·수사지시를 얻는다. 배신 증거와 자금망은 미지급이다.",기술검증·조직통제,제주 무인주행은 안전·치안·관광 효과를 수치로 증명하고 국민경제당 검증은 막연한 의심에서 봉우리파 관련자 추적으로 좁혀진다.,봉우리파 관련자 명단에서 실제 배신증거와 자금망을 찾아 당 내부를 정리할 수 있는가?,제주 15일 실증 사고 0·음주 7명; 관광객 30퍼센트·외국인 15퍼센트 증가; 3천여 명 스캔·봉우리파 명단,봉우리파 배신증거·자금망; 당 내부정리·수사,DCA-N54,0.94
626,626,내부 총질 (1),109184,109346,국민경제당 대표 유석훈이 최재석의 영향 아래 당내 배신자 증거를 넘겨받는다.,내부 총질을 증거로 정리하면서 북한 장남 변수는 외부노출 없이 키우는 약속.,배신세력을 당에서 제거하고 북한 정보는 강 대위·이영한 선에서만 처리한다.,유석훈에게 배신 증거를 넘겨 국민경제당을 정리하고 북한 장남 정보는 내부처리만 지시한다,공개숙청은 정당분열을 부르고 북한 개입 흔적이 드러나면 국가안보 문제가 폭발한다.,국가가 아니면서 국가급 힘을 가진 태우만이 중국·북한 상대 비공식전략을 쓸 수 있다는 자신감이 확인된다.,유석훈이 배신증거를 받아 당정리에 착수하고 장남 정보는 내부처리로 봉인된다.,정치조직·비밀정보,당 내부 의심이 대표가 집행할 증거기반 숙청으로 바뀌고 북한선은 태우 비공식망 안에 남는다.,중국 전력난을 이용해 장남의 연변 자금·물류기반을 만들 수 있을지가 열린다.,당 배신자 식별과 처리권 이관.,"리강 석탄협상, 연변 돈주·북한탄 통로.",DCA-N54B,0.94
627,627,내부 총질 (2),109347,109508,중국 전력난으로 공장들이 멈추자 리강이 한국에 석탄지원을 요청한다.,장기구매를 받는 대신 연변 통로·북한탄 감시를 열어 장남의 경제기반을 만드는 약속.,"비축석탄을 공급하며 유통권과 정보접근, 북한 석탄경로를 조건으로 건다.",리강의 석탄 요청에 장기계약·연변 통로·북한탄 감시를 조건으로 건다,중국은 에너지 주권·북한관계를 외국기업에 내보이기 싫어하고 장남 직접지원은 보복을 부른다.,직접 돈을 주지 않아도 석탄유통과 연변기회를 제공하면 장남이 북한 안으로 파고들 수 있다.,중국 장기석탄 거래와 연변 물류·북한탄 감시조건이 협상에 들어간다.,에너지계약·비밀통로,단순 석탄판매가 중국 전력난 지렛대와 장남의 우회기반을 만들 조건부 협상으로 바뀌지만 장기계약·연변 기반은 아직 성립 전이다.,연변 돈주·유통망을 장남이 실제로 자기 세력으로 요리할지가 남는다.,중국 석탄지원 조건 제시,중국 장기계약; 연변 돈주·물류망; 장남의 실제 기반 형성,DCA-N54B,0.94
628,628,내부 총질 (3),109509,109656,중국 폭우 다음으로 미국 허리케인이 에너지시장을 흔들어 유가가 오른다.,회귀지식이 흐려진 구간에서도 정보망·공격세력 연합으로 유가·에버그란데 베팅을 이기는 약속.,유가 롱을 크게 잡고 중국 부동산을 공격하는 세력과 손잡아 은행·해외자본까지 노린다.,미국 허리케인으로 오른 유가에 크게 롱하고 에버그란데 공격세력과 손잡는다,정확한 미래를 모르는 고위험 베팅이며 작전세력과 손잡으면 뒤통수를 맞을 수 있다.,한 부회장은 중국 부동산뿐 아니라 장난질 세력·중국은행·쿠웨이트·독일자본까지 집어삼킬 계획을 갖는다.,유가 롱과 에버그란데 공격연합이 구축되고 상대세력까지 역포획할 판이 선다.,금융포지션·연합전,과거기억에 의존한 투자에서 실시간 정보·연합·역포획으로 수익을 만드는 단계로 이동한다.,에버그란데 주가를 먼저 띄운 뒤 숏수익을 회수하고 그 돈을 장남에게 흘릴지가 열린다.,유가 롱·공격연합 구성.,에버그란데 결산; 중국 작전세력 자금망,DCA-N54B,0.94
629,629,내부 총질 (4),109657,109844,대형 에버그란데까지 작전주처럼 급등락시키는 국제세력의 장난이 시작된다.,주가를 띄워 숏을 더 쌓은 뒤 붕괴수익을 장남의 연변 기반으로 넘기는 약속.,공격세력을 역이용해 금융수익을 거두고 돈주·석탄유통을 장남에게 제공한다.,에버그란데 주가를 띄운 뒤 공매도 수익을 거두고 연변 돈주로 장남을 지원한다,대형주 작전은 중국정부 개입과 막대한 변동성 때문에 실패할 경우 손실이 국가급이다.,태우는 재료만 주고 요리는 장남의 능력에 맡겨 직접개입 흔적을 줄인다.,에버그란데 공매도 수익이 실현되고 연변 돈주·석탄유통 기반이 장남 쪽으로 넘어간다.,금융수익·권력기반,중국 부동산 붕괴수익이 북한 대안세력의 독자 자금·물류기반으로 환전된다.,북한의 해킹·암호화폐·도박 자금을 막아 장남의 연변의존을 더 높일지가 남는다.,에버그란데 작전 결산.,"북한 불법자금 차단, 장남 기반의 성과.",DCA-N54B,0.94
630,630,내부 총질 (5),109845,110005,술에 취한 이영한이 별채로 옮겨진 뒤 강 대위가 북한 불법자금 흐름을 보고한다.,해킹·암호화폐·도박자금을 막아 장남의 연변의존을 높이고 다음 금융전장을 엔화로 옮기는 약속.,북한 기존정권의 독립수입원을 끊고 조지에게 일본 공격판을 설계하게 한다.,북한 해킹·암호화폐 자금망의 차단·탈취안을 지시하는 한편 국민경제당 야권 인사들의 양심고백과 다수의 이동약속을 확인해 폭로를 시작한다. 중국 부동산 숏을 대부분 닫고 조지에게 일본 금융공격을 제안해 수락받지만 실제 차단·일본공격은 아직 없다.,불법자금 차단은 북한의 사이버보복을 부르고 일본 공격은 세계금융까지 흔들 수 있다.,"당내 고백·이동약속과 중국 부동산 숏 정리가 실제 정치·금융 영수증으로 남고, 조지가 일본전을 받아들이며 다음 표적이 확정된다.","야권 인사들의 양심고백과 다수의 국민경제당 이동약속, 중국 부동산 공매도 대부분의 청산, 조지의 일본 금융전 수락을 얻는다. 북한 자금차단·탈취와 일본 공격수익은 미지급이다.",안보자금·금융전장,국민경제당은 야권 이탈자와 폭로선을 얻고 중국 부동산 숏은 대부분 현금화된다. 조지는 일본전 담당자가 되지만 공격은 시작 전이다.,조지가 일본 금융전의 목표·자금·공격시점을 정해 첫 행동에 나설 수 있는가?,야권 양심고백·이동약속; 중국 부동산 숏 대부분 청산; 조지의 일본전 수락,북한 해킹·암호화폐 자금차단; 일본 금융공격 목표·시점·집행,DCA-N54B,0.94
631,631,전쟁의 서막 (1),110006,110171,중국 전기차시장 급성장 속 김민재는 리강에게 러시아의 침공정보를 직접 확인한다.,3월 침공시점을 확보해 금융타워 자본절반을 에너지에 거는 최대 전쟁베팅 약속.,원유·가스·곡물 포지션과 공급망을 개전시계에 맞춰 배치한다.,리강에게 러시아의 3월 침공 정보를 확인하고 금융타워 자본 절반을 에너지에 건다,전쟁이 연기·취소되면 자본절반이 묶이고 정보가 틀리면 그룹 전체가 흔들린다.,김민재는 어떤 일이 있어도 원하는 상황을 만들고 손해보지 않겠다는 의지를 한 부회장에게 분명히 한다.,리강 정보로 3월 침공시계가 확인되고 에너지 자본배치가 승인된다.,전쟁정보·금융위험,예측만 있던 러우전쟁이 날짜가 있는 투자·공급망 작전으로 전환된다.,리강에게서 확인한 3월 침공시계와 에너지 자본배치가 실제 개전 때 어떤 수익·공급망 우위로 바뀔 것인가?,침공시점 확인과 자본배치.,러시아의 실제 침공; 에너지 포지션 결산; 공급망 대응,DCA-N55,0.94
632,632,전쟁의 서막 (2),110172,110332,러우전쟁 전 아프리카 말리 쿠데타세력이 태우의 리튬광산을 빼앗는다.,MBS·로만을 통해 바그너를 투입해 광산과 전쟁정보를 함께 얻는 약속.,PMC로 쿠데타세력을 제압하고 다시는 태우 자산을 건드리지 못할 본보기를 만든다.,말리 쿠데타가 리튬광산을 빼앗자 MBS·로만을 통해 바그너를 투입한다,바그너의 잔혹행위는 인명·제재·기업이미지 비용을 낳고 현지정부 정통성도 불안하다.,아프리카 영향력을 지키려면 피에 굶주린 세력을 써서라도 잔인한 억지력을 보여야 한다는 판단이 선다.,MBS·로만 경로로 바그너 계약이 성립되고 말리 광산탈환 작전이 시작된다.,군사억지·광물자산,빼앗긴 민간광산이 러시아 PMC를 통한 국가급 탈환전 대상으로 바뀐다.,광산을 되찾은 뒤 바그너와 어느 정도 거리를 두고 제재위험을 제한할지가 남는다.,바그너 투입계약.,"광산복구, 민간피해·제재 리스크.",DCA-N55,0.94
633,633,전쟁의 서막 (3),110333,110512,말리 대통령·총리가 구금된 혼란 속 바그너가 쿠데타세력을 밀어낸다.,광산을 복구하되 PMC와 직접 유착하지 않아 자산·평판을 함께 지키는 보상.,현지 억지력은 남기고 계약·공개관계는 필요한 수준으로 제한한다.,2천 명이 넘는 PMC가 말리 반군을 물러나게 하고 광산은 다음 날 재가동·일주일 안 정상화를 예정한다. 말리 정부가 리튬광산 지분 5퍼센트를 더 주겠다고 약속하자 김민재는 진행을 받아들이지만 법적 지분이전은 아직 없다.,너무 멀어지면 다시 공격받고 너무 가까워지면 러시아 제재와 잔혹행위 책임을 함께 진다.,PMC 투입은 반군 철수라는 현장결과를 만들고 말리 정부의 추가 5퍼센트 약속까지 끌어내지만 광산 정상화·지분이전은 다음 절차로 남는다.,"2천 명 이상 PMC의 반군 철수, 광산의 다음 날 재가동·일주일 정상화 일정, 말리 정부의 리튬광산 추가 5퍼센트 양도약속과 김민재의 수락을 얻는다. 실제 지분이전은 미지급이다.",자산회복·평판,말리 광산은 반군 점거에서 재가동 일정이 잡힌 자산으로 돌아오고 태우는 추가 5퍼센트의 정치적 약속을 얻지만 법적 소유는 아직 그대로다.,광산을 실제 정상화하고 추가 5퍼센트 지분을 이전받으면서 PMC 유착·제재위험을 피할 수 있는가?,2천 명 이상 PMC 투입·반군 철수; 광산 재가동 일정; 추가 5퍼센트 양도약속,광산 정상가동; 추가 5퍼센트 법적 이전; PMC 유착·제재위험,DCA-N55,0.94
634,634,전쟁의 서막 (4),110513,110687,서정준이 복잡한 얼굴로 오미크론의 높은 전염력·낮은 중증도를 보고한다.,코로나 종식을 읽고 준비한 에너지·식량망으로 러우전쟁에서 굴종하지 않는 국가외교 약속.,최재석에게 미국·러시아 어느 쪽에도 끌려가지 말고 한국 이익을 요구하게 한다.,오미크론으로 코로나 종식을 읽고 최재석에게 러시아전쟁의 굴종외교를 피하라고 한다,전쟁이 시작되면 동맹압력·제재·공급충격이 동시에 와 중견국의 독자행동이 어렵다.,태우와 한국이 이미 공급주도권을 쥐고 있어 얕보는 상대는 누구든 무릎 꿇릴 수 있다는 자신감이 확인된다.,오미크론을 종식전환점으로 판단하고 러우전쟁 독립외교 원칙이 최재석과 공유된다.,국가외교·방역전환,감염병 방어국가가 전쟁 속 에너지·식량카드를 가진 독자협상국으로 이동한다.,오미크론을 종식 전환점으로 삼고 러우전쟁 속에서도 최재석 정부가 굴종 없이 독자외교를 실행할 수 있는가?,코로나 종식판정·전쟁외교 원칙.,코로나 종식 전환; 러우전쟁 독자외교; 에너지·식량 카드,DCA-N55B,0.94
635,635,전쟁의 서막 (5),110688,110860,평소 직접 연락하지 않는 이영한이 이 상무의 CNC 거래를 급히 보고한다.,CNC를 장남 쪽으로 흘려 북한 기반을 키우고 국내 기업농 법도 몸싸움 속 통과시키는 약속.,거래를 일부러 허용해 추적하고 국회표를 모아 식량개혁 법안을 밀어붙인다.,이 상무의 CNC가 북한으로 흘러가는 것을 허용하고 기업농 법안을 통과시킨다,공작기계는 북한 군수에 쓰일 수 있고 기업농 법은 야당·농민의 거센 반발과 지지율 급락을 부른다.,법 통과가 2021년 마지막을 시끄럽게 하고 최재석 지지율 최저점을 만들 비용임이 현실화된다.,CNC 유입경로가 유지·감시되고 기업농 법안이 국회에서 통과된다.,법·비밀물류,장기식량개혁과 장남 지원이 모두 계획에서 실제 물자·법률 상태로 넘어간다.,통과한 기업농 법이 예상한 농민반발을 버티며 실제 생산·유통개혁으로 이어질 수 있는가?,기업농 입법과 CNC 경로확보.,기업농 법 집행; 농민시위·지지율 비용; CNC 경로의 결과,DCA-N55B,0.94
636,636,강행 돌파 (1),110861,111037,기업농 반대시위로 출근길이 두 배 걸리고 최재석 지지율이 흔들린다.,가격하락 효과와 28GHz의 자율주행·스마트팜 가치를 위해 단기 정치·적자를 감수하는 약속.,기업농 성과를 국민에게 증명하고 통신계열 손실을 그룹전체 편익으로 메운다.,국내 원전 2기가 이미 가동 중이고 소형 원전은 다음 상반기 준공예정임을 확인한다. 기업농 정책과 적자 28GHz를 철회하지 않기로 하고 KOSPI 4500의 시장상태를 점검하지만 농산물·통신효과는 아직 장기과제다.,농민 생존불안·야당공세·통신적자가 지속돼 정책을 되돌리라는 압력이 크다.,원전 2기 가동과 KOSPI 4500이라는 현재 기반을 확인한 뒤 지지율·적자 비용을 감수하고 기업농·28GHz를 끝까지 유지하는 정책선택이 굳어진다.,"국내 원전 2기 가동과 소형 원전의 다음 상반기 준공일정, KOSPI 4500을 확인하고 기업농·28GHz 유지방침을 확정한다. 농산물 가격·자율주행·스마트팜의 장기효과는 미지급이다.",정책지속·인프라,태우·정부는 가동 원전과 자본시장 기반 위에서 단기 지지율·통신적자를 감수하고 기업농·28GHz를 계속할 정책주체가 된다.,기업농·28GHz를 유지한 비용이 농산물 가격과 자율주행·스마트팜의 장기효과로 돌아올 것인가?,원전 2기 가동 확인; 소형 원전 준공일정; KOSPI 4500; 기업농·28GHz 유지결정,농산물 가격효과; 28GHz 자율주행·스마트팜 성과; 소형 원전 준공,DCA-N55B,0.94
637,637,강행 돌파 (2),111038,111207,6시간 사장단회의 뒤 집에서 김태중이 과로하는 손자를 걱정한다.,회귀 뒤 가족에게 진 빚을 EPL 리즈 구단주의 휴식·명예로 갚는 약속.,구단을 인수해 김태중에게 경영역할과 즐거움을 선물한다.,김태중이 손자의 과부하를 걱정하자 EPL 리즈 구단을 선물하겠다고 한다,구단은 적자·심사·성적위험이 크고 협상이 실패하면 이미 기대한 가족을 실망시킨다.,한 부회장도 이미 할아버지 품에 들어간 선물을 되찾을 수 없을 만큼 가족약속이 확정적이다.,리즈 인수결정과 김태중에게 줄 구단주 역할이 구체화된다.,가족관계·명예,걱정만 주고받던 조손관계가 은퇴후 삶을 되돌리는 구체적 선물 프로젝트로 바뀐다.,구단 매도 측과 어떤 성적연동 조건을 주고 EPL 심사를 넘을지가 남는다.,리즈 선물의 약속.,구단 인수계약·리그 승인·선수영입.,DCA-N56,0.94
638,638,강행 돌파 (3),111208,111361,금리인상·전쟁을 앞둔 조용한 금융타워에서 데이비드가 리즈 구단주 안드레아와 협상한다.,1억 파운드 성적연동 옵션으로 손실을 제한하면서 가족선물을 실제 소유권으로 만드는 약속.,고정가격을 낮추고 성적이 날 때만 추가 지급해 인수위험을 나눈다.,데이비드가 안드레아에게 1억 파운드 성적연동 옵션을 제시해 리즈 인수조건에 합의하고 EPL 심사를 기다린다.,안드레아는 높은 확정금을 원하고 계약 뒤에도 EPL 리그당국 심사를 통과해야 한다.,다른 구단주에 영향력이 있는 태우·금융타워라 리그심사도 일반 인수자보다 유리해진다.,안드레아와 1억 파운드 성적연동 인수조건에 합의한다. EPL 승인과 구단 소유권 이전은 아직 전이다.,구단소유·위험관리,막연한 가족선물이 조건부 인수합의로 구체화되지만 공식 EPL 구단 소유권은 심사 전이다.,EPL 심사를 통과해 인수합의를 실제 구단 소유권으로 바꾸고 선수·감독 영입을 시작할 수 있는가?,안드레아와 인수조건 합의,EPL 승인·소유권 이전; 선수·감독 영입,DCA-N56,0.94
639,639,강행 돌파 (4),111362,111532,EPL의 까다로운 재무·인성심사가 태우의 리즈 인수를 검토한다.,심사승인 뒤 홀랜드·감독 등 스타 전력을 채워 김태중의 새 무대를 실제 우승경쟁팀으로 만드는 약속.,리그 네트워크를 써 인수를 승인받고 한 부회장에게 스타영입을 맡긴다.,EPL 승인을 받고 홀랜드와 감독 등 스타 영입계획을 세운다.,스타 선수는 이적료·급여가 높고 기존 강팀과 에이전트가 경쟁한다.,금융타워 수장 한 부회장이 하이에나처럼 시장에 들어가 어떤 방식으로든 선수를 데려올 실행력이 있다.,EPL 인수승인이 나고 홀랜드·감독 등 스타 영입계획이 확정된다.,직책·전력구성,김태중의 구단은 서류상 인수대상에서 스타를 살 수 있는 공식 EPL 구단으로 바뀐다.,EPL 승인 뒤 홀랜드와 감독 등 스타 영입계획을 실제 계약으로 닫아 우승전력을 만들 수 있는가?,EPL 인수승인.,홀랜드·감독 등 스타 협상·계약; 우승전력 구축,DCA-N56,0.94
640,640,강행 돌파 (5),111533,111697,태우의 EPL 진출로 여론이 뜨겁지만 김민재와 한 부회장은 연준·유럽은행 위험을 점검한다.,금융폭풍을 준비하면서도 홀랜드 고액계약을 감수해 가족구단의 경쟁력을 지키는 약속.,금리상승·크레디트스위스·암호화폐 포지션을 조정하고 선수영입 예산을 승인한다.,연준 금리인상·크레디트스위스·암호화폐 위험을 점검하고 홀랜드 고액계약을 감수한다.,금융시장 급락과 선수 몸값 거품이 동시에 오면 투자·구단 모두 손실을 본다.,한 부회장에게 선수쇼핑은 금융스트레스를 푸는 취미라 전담동기까지 충분하다.,위험자산 대응안과 홀랜드 고액계약 허용선이 함께 정해진다.,금융방어·구단투자,가족선물이 금융위기와 별개인 사치가 아니라 위기관리 속에서도 유지할 장기프로젝트로 굳어진다.,금융위험을 관리하면서 한 달 안에 홀랜드와 감독의 실제 계약을 성사시킬 수 있는가?,금융위험 점검·영입예산 승인.,홀랜드·감독 계약; 금리·은행·암호화폐 위험 대응,DCA-N56,0.94
641,641,축제와 전쟁 (1),111698,111871,데이비드가 독일 등 유럽을 일주일 돌며 홀란드 영입조건을 협상한다.,3년 뒤 선택권을 보장해 스타를 얻고 베이징올림픽 외교로 한국의 전쟁전 주도권도 쌓는 약속.,홀란드를 리즈에 묶고 미중 모두와 관계를 유지해 에너지주도권을 준비한다.,홀란드 3년 유럽조항을 포함해 영입하고 베이징올림픽 외교를 주도한다,선수는 강팀행을 원하고 미국의 올림픽 보이콧 속 중국과 접촉하면 동맹관계가 흔들린다.,미중 양쪽에서 이득을 취하려면 어느 한편이 아니라 주도권을 계속 쥐어야 한다는 원칙이 선다.,홀란드의 3년 유럽이적 조항을 포함한 리즈 계약과 베이징 외교선이 성립된다.,스타영입·외교주도권,가족구단은 세계적 공격수를 얻고 한국은 개전 전 미중 사이 독자공간을 확보한다.,"홀란드 영입과 베이징 외교선을 확보한 뒤, 다가오는 러우전쟁에서 미중 사이 독자공간을 어떻게 지킬 것인가?",홀란드 영입계약.,러우전쟁 개전·에너지주도권; 베이징 외교의 결과,DCA-N56,0.94
642,642,축제와 전쟁 (2),111872,112067,"보이콧 속 베이징올림픽이 이어지는 동안 태우는 러시아 침공과 니켈 급등을 기다리고, 이 상무는 연변에서 북한 측 CNC 거래를 진행한다.","창산그룹의 5조 원대 니켈 숏을 구제명분으로 되받을 설계와, 위조지폐 때문에 연변 큰손들에게 버림받는 이 상무의 현재 붕괴 장면을 함께 제시한다.","창산그룹을 공격하는 척 도와 더 큰 보상을 받을 포지션을 잡고, 연변 거래에서 이 상무가 스스로 고립되는 과정을 지켜본다.","창산그룹의 5조 원 이상 니켈 숏을 확인해 금융사 몇 곳으로 롱 포지션을 잡되 구제를 빌미로 보상을 요구할 방침을 세운다. 연변에서는 이 상무가 리규철에게 CNC 수십 대를 실어 보내고 200만 달러 현금과 비트코인 잔금을 받은 뒤, 큰손들이 현금을 위조지폐로 판정하고 자리를 떠나는 장면까지 나온다.",니켈 롱은 자동차 계열사의 원가를 올릴 수 있고 창산과 척질 위험이 있다. 이 상무는 구형 감별기를 믿어 위조지폐를 진짜라고 주장하지만 큰손들은 함께 처벌받을까 두려워 그를 버린다.,연변 사채시장 큰손들이 100만 달러 가방의 무게와 구형 감별기를 의심해 모두 떠나는데도 이 상무는 벌어진 상황을 이해하지 못한 채 멍하니 남는다.,창산그룹 니켈 숏에 롱 포지션을 먼저 넣고 구제대가를 노릴 금융작전 방향을 정한다. 이 상무 쪽에서는 위조지폐 의심으로 큰손들의 신뢰를 잃고 고립된 장면까지만 지급된다. 비트코인 계좌·CNC·리규철 해킹망의 최종 소유자는 이 화에서 공개되지 않는다.,복수·자금권력,"창산은 태우가 구제자처럼 접근할 금융표적이 되고, 이 상무는 거래를 끝냈다고 믿은 사업자에서 연변 자금세탁망이 등을 돌린 고립자로 추락한다. 장남의 실제 소유·세력 영수증은 아직 공개되지 않는다.",위조지폐를 알아보지 못한 이 상무가 잃은 비트코인·CNC·인맥의 실제 행방과 이 함정을 설계한 주체는 누구인가?,창산 니켈 숏 포착·초기 롱 지시; 이 상무의 CNC 반출·현금/비트코인 수령 장면; 연변 큰손들의 신뢰 철회,위조지폐 함정의 설계자; 이 상무 비트코인 계좌·CNC 최종 귀속; 리규철·해킹세력의 편,DCA-N56B,0.94
643,643,축제와 전쟁 (3),112068,112240,이영한이 명동 국화차 자리에서 연변 작전의 실제 설계와 이 상무가 잃은 자금·세력의 행방을 김민재에게 보고한다.,"위조지폐·비트코인·CNC가 북한 장남의 자금과 산업기반으로 넘어간 복수 영수증을 먼저 지급하고, 같은 날 러시아의 우크라이나 침공으로 세계전쟁을 연다.",이 상무 복수의 실제 결과와 북한 장남 세력의 성장 정도를 확인한 뒤 러시아 침공 첫날의 유가·정보·식량 포지션으로 즉시 전환한다.,"이영한에게서 조작 감별기와 내부자 배신, 이 상무의 비트코인 계좌 전액 탈취, 리규철·북한 해킹세력의 장남 귀속, CNC와 비자금이 장남에게 넘어갔다는 보고를 받는다. 베이징올림픽 폐막 직후 러시아 침공이 시작되자 유가·전황·SNS 정보와 금융타워 포지션을 실시간 점검한다.",빈털터리가 된 이 상무도 중국 인맥을 동원할 수 있고 장남의 성장은 북한 숙청을 부를 수 있다. 침공 첫날은 거짓정보가 난무하며 유가·식량·정치 판단을 몇 시간 안에 바꿔야 한다.,명동은 길잡이였고 실제 작전은 장남과 흡수된 해킹세력·리규철이 수행했음이 확인된다. 그 복수 결산 직후 푸틴의 특별군사작전 발표가 울리며 개인 원한선이 세계전쟁으로 교대한다.,이 상무의 비트코인 계좌가 털리고 CNC·리규철·북한 해킹세력과 비자금이 장남의 자금·산업·인맥으로 귀속됐음을 확인한다. 이어 러시아의 우크라이나 침공과 유가 100달러 돌파가 실제 발생해 태우의 전시 포지션이 가동된다.,세계상태·전쟁개입,이 상무는 돈·신뢰·CNC·북한선까지 잃고 생존을 걱정할 처지가 되며 장남은 독자 자금·기계·해킹세력을 얻는다. 같은 화 후반 태우의 지배과제는 개인복수에서 전쟁의 에너지·식량·정보질서로 바뀐다.,"침공 첫날 밤 젤렌스키와 우크라이나가 버틸지, 태우가 직접 참전하지 않고 전황·정보·공급망에 어떻게 개입할지가 열린다.",이 상무 비트코인 탈취; CNC·리규철·해킹세력·비자금의 장남 귀속; 이 상무 개인복수 핵심 결산; 러시아 침공 확인,침공 첫날 정보전; 유가·식량·니켈 전시 포지션; 한국의 간접 군수지원,DCA-N56B,0.94
644,644,축제와 전쟁 (4),112241,112414,태우IT 주변 중소게임사·플랫폼망이 비밀 정보전의 기반으로 동원된다.,직접 군사개입 없이 친우크라 여론과 미국 보충판매식 탄약으로 전황에 영향력을 갖는 약속.,게임·플랫폼 서사를 퍼뜨리고 최재석에게 한국비축탄약의 우회지원안을 제시한다.,"천민정의 비밀 게임·플랫폼으로 친우크라이나 여론을 만들고, 직접지원 제약을 들은 뒤 최재석에게 쓸 수 있는 여러 우회방법이 있다고 알린다.",정부 직접지원은 러시아 보복을 부르고 선전공작이 드러나면 태우IT 신뢰도도 훼손된다.,우크라이나와 한국 방산 모두 이득을 보는 여러 우회방법이 준비돼 최재석의 답답함을 풀 수 있다.,친우크라 정보전을 시작하고 한국이 직접지원하지 않고도 도울 수 있는 대안이 있음을 최재석에게 제시한다. 구체 탄약안·승인은 아직 전이다.,정보전·간접군수,"한국·태우가 정보전으로 개입하기 시작하지만, 법적 거리를 지킬 군수지원 구조는 설계 전이다.",김민재가 가진 여러 방법 가운데 어떤 구조로 우크라이나와 한국 방산 모두를 돕고 직접지원 제약을 피할 것인가?,친우크라 정보전 개시; 직접지원 제약 확인,간접 탄약·군수지원 구조 설계; 정부·미국 승인; 전황효과,DCA-N57,0.94
645,645,축제와 전쟁 (5),112415,112578,대한민국의 전시비축·탄약생산능력이 우크라이나 지원자산으로 재평가된다.,탄약부터 방산·원전·물류·식량까지 전쟁피해를 한국 산업의 유럽진출로 바꾸는 약속.,데이비드에게 미국·EU 설득과 금융·공급 패키지를 맡긴다.,"대통령이 러우전쟁 대응과 미국·유럽 연결역할을 김민재에게 맡긴다. 김민재는 미국의 재고보충 판매, 유럽의 방산·원전·물류·식량 패키지를 설계하고 데이비드에게 백악관 접촉을 지시하지만 승인·수출·계약은 아직 없다.","전쟁수익자 비판과 러시아 제재보복, 유럽 각국의 자국산업 보호가 장벽이다.",국가의 전쟁대응 역할이 김민재에게 맡겨지고 그 권한이 미국 보충판매와 유럽 산업패키지의 담당·접촉지시로 구체화된다.,"대통령의 러우전쟁 대응·미국/유럽 연결역할 위임과 미국 보충판매·유럽 방산/원전/물류/식량 패키지 설계, 데이비드의 백악관 접촉지시를 얻는다. 실제 승인·수출·계약은 미지급이다.",산업진출·전쟁경제,김민재는 민간 공급망 운영자에서 대통령이 맡긴 전쟁 산업·외교 연결자가 되지만 군수·원전·물류 계약상 권리는 아직 생기지 않는다.,설계한 미국 보충판매와 유럽 방산·원전·물류·식량 패키지를 실제 승인·장기계약으로 바꿀 수 있는가?,대통령의 대응역할 위임; 미국 보충판매·유럽 산업패키지 설계; 백악관 접촉지시,미국 보충판매 승인; 유럽 방산·원전·물류·식량 계약,DCA-N57,0.94
646,646,전쟁의 광기 (1),112579,112742,데이비드와 한 부회장이 반나절 동안 유럽그림을 이해한 뒤 중국 창산의 니켈위기가 들어온다.,마진콜에 몰린 시안을 구제하는 대가로 인도네시아 니켈광산을 얻는 약속.,LME 지급보증 가능성을 보여 주며 핵심광물 소유권을 협상한다.,니켈 공매도 마진콜에 몰린 창산 시안을 만나 구제조건을 묻고 현금 대신 인도네시아 니켈광산을 요구한다.,니켈가격이 더 오르면 구제금이 끝없이 늘고 중국기업·정부가 광산양도를 막을 수 있다.,김민재가 현금보다 인도네시아 니켈광산을 요구해 위기구제를 장기 배터리자산으로 바꾼다.,시안에게 금융타워가 거래소·중개사·대출선을 움직이는 구제 구상을 보여 주고 대가로 인도네시아 니켈광산을 요구한다. 광산 지분율·지급보증·합의는 아직 전이다.,광물소유·금융구제,타사의 마진콜 위기가 배터리 핵심광산을 요구할 협상기회로 바뀌지만 소유권은 아직 없다.,시안이 그룹 구제의 대가로 인도네시아 니켈광산을 내놓을 것인가?,니켈광산 요구·구제조건 제시,시안의 수락; 니켈광산 지분조건; 금융타워 구제조건,DCA-N57B,0.94
647,647,전쟁의 광기 (2),112743,112917,세계 니켈을 사 모은 창산 시안이 인도네시아 대형광산까지 잃을 위기에 몰린다.,광산을 받고 200억 달러 지급보증으로 LME 유예를 관철해 가격폭등도 막는 보상.,시안의 소유권 양도와 금융타워 보증을 묶어 거래소·채권자를 설득한다.,"시안의 니켈광산 양도와 200억 달러 지급보증에 합의하고, LME에 마진콜 무기한 유예를 요청한다.",무제한 연기는 롱세력 권리를 침해하고 태우가 시안 부실을 떠안을 위험이 있다.,시간이 돈인 투기세력에게 무제한 유예는 사실상 사형선고라 상대방이 먼저 무너질 구조가 선다.,인도네시아 니켈광산 양도·200억 달러 보증 합의를 얻는다. LME의 무기한 유예 수락과 실제 소유권 이전은 아직 남는다.,광산·시장안정,태우가 광산 인수합의를 얻지만 소유권 이전·LME 유예는 집행·승인 전이다.,LME가 무기한 유예를 받아들이고 광산 소유권 이전까지 닫아 투기 롱을 시간압박에 넣을 수 있는가?,니켈광산 양도·200억 달러 보증 합의,광산 소유권 이전; LME 무기한 유예 수락; 롱세력 청산,DCA-N57B,0.94
648,648,전쟁의 광기 (3),112918,113086,LME 무제한 유예보도가 나와 니켈 롱세력의 예상이 깨진다.,헤지펀드를 물리고 동남아 정유망으로 러시아원유를 돌려 광물·에너지 양쪽을 결산하는 보상.,시간을 버티며 니켈 숏을 회수하고 제재원유를 합법적 제품으로 정제해 공급한다.,"니켈 마진콜을 무기한 유예시키고 가격이 내려가는 동안 금융타워의 숏 포지션을 유지한다. 창산에 200억 달러 보증을 서지만 실제 현금은 나가지 않고, 한 부회장·데이비드의 동유럽 일정과 동남아를 거친 러시아 에너지 전략을 점검한다.","제재회피 의혹과 정유·운송비, 장기 가격변동이 남는다.",니켈 급등의 마진콜은 무기한 유예·가격하락으로 꺾였고 200억 달러 보증은 현금유출 없이 협상력을 만든다. 이어 광물전이 동유럽·러시아 에너지 우회망으로 넘어간다.,"니켈 마진콜 무기한 유예와 가격하락, 금융타워 숏 포지션 유지, 현금지출 없는 200억 달러 보증과 동유럽 일정 확정을 얻는다. 최종 숏 수익·광산양도·러시아 에너지 계약은 미지급이다.",광물·에너지주도권,창산은 즉시청산 위기에서 태우 보증 아래 시간을 얻고 금융타워는 현금유출 없이 숏과 협상력을 유지한다. 다음 전장은 동유럽·러시아 에너지선으로 이동한다.,유예·보증으로 잡은 니켈 협상력을 광산양도와 확정수익으로 닫고 러시아 에너지 우회망을 제재 없이 운영할 수 있는가?,니켈 마진콜 무기한 유예; 가격하락·숏 유지; 현금지출 없는 200억 달러 보증; 동유럽 일정,니켈 숏 최종수익·광산양도; 동유럽 계약; 러시아 에너지 우회망·제재위험,DCA-N57B,0.94
649,649,전쟁의 광기 (4),113087,113249,동유럽 성공을 마친 한 부회장이 폴란드·루마니아 방산·원전 성과를 들고 귀국한다.,유럽 수주를 넓히는 동시에 SVB 200억 달러 채권매각을 은행통합 기회로 포착하는 약속.,동유럽 금융패키지를 굳히고 미국 장기채 손실·예금유출 정보를 즉시 추적한다.,폴란드·루마니아 방산·원전 협상을 넓히던 중 SVB의 200억 달러 채권매각을 포착한다,두 대륙의 거액리스크를 동시에 관리해야 하고 SVB 위기는 미국 전체로 번질 수 있다.,손해를 감수한 장기채 매각 자체가 공식발표보다 심각한 유동성위기의 증거가 된다.,폴란드·루마니아 수주선이 확대되고 SVB 위기신호가 금융타워 비상분석 대상으로 올라온다.,사업수주·금융정보,전쟁수주에 집중하던 금융타워가 미국 은행붕괴 신호를 포착해 분석에 들어가지만 인수·통합 전선은 아직 열리지 않았다.,SVB의 200억 달러 채권매각이 실제 뱅크런·유동성위기로 이어지는지 확인하고 어떤 조건으로 대응할 것인가?,동유럽 성과확인; SVB 위기신호 포착,SVB 위기분석·뱅크런; 미국당국 협상·인수 여부,DCA-N58,0.94
650,650,전쟁의 광기 (5),113250,113408,다이먼이 평소와 달리 이른 아침 전화해 SVB·연쇄은행의 실제상태를 보고한다.,은행실패를 금융타워의 미국통합 기회로 바꾸고 미국 금융당국에 1달러 인수를 요구하는 약속.,예금·부채를 함께 떠안을 조건과 정부 보증범위를 설계한다.,다이아몬드의 보고로 SVB·연쇄은행 실패를 금융타워 통합 기회로 정한다,인수은행의 부실·소송·예금이탈을 떠안고 미국정부가 외국계 통합을 경계할 수 있다.,김민재가 모든 전투를 자신에게 유리한 전장에서 일으킬 조건이 이미 형성됐다고 판단한다.,SVB·시그니처·리퍼블릭 등 연쇄위기 시나리오와 1달러 인수전략이 확정된다.,은행통합·협상력,외부 은행위기를 지켜보는 투자자에서 미국당국과 부실은행 처리방식을 흥정할 구제주체로 바뀐다.,뱅크런이 실제화될 때 미국 금융당국이 금융타워의 인수조건을 받을지가 열린다.,연쇄은행 인수전략 설계.,"1달러 계약, 예금보증, 미국 금융지배력 확대.",DCA-N58,0.94
651,651,1달러 (1),113409,113563,연준 회의실에 파월·옐런·FDIC 등 미국 경제실세가 모여 SVB 구제책을 찾는다.,예금자 유동성을 책임지는 대가로 SVB를 상징적 1달러에 넘겨받는 약속.,금융타워의 현금·미 국채를 담보로 정부보증과 소유권을 흥정한다.,파월·옐런·FDIC 앞에서 SVB를 1달러에 인수하겠다고 제안한다,미 당국은 은행강탈처럼 보이는 거래를 거부하고 부실·예금책임은 모두 금융타워에 떠넘기려 한다.,1달러는 가격이 아니라 SVB를 살릴 유일한 주체에게 소유권을 넘기라는 정책해결책임이 명확해진다.,금융타워가 예금유동성을 책임지는 조건과 1달러 인수안이 미국 공식협상안에 오른다.,국가협상·은행소유,외국 금융그룹의 공격적 제안이 미국 예금자를 구할 현실적 구제안으로 바뀐다.,공식 협상안에 오른 1달러 인수를 미국 당국의 승인·서명과 실제 소유권 이전으로 닫을 수 있는가?,1달러 인수안 공식화.,미국 당국 승인·SVB 인수계약; 소유권 이전; 예금보증·추가 대가,DCA-N58,0.94
652,652,1달러 (2),113564,113713,1달러 제안 뒤 연준회의장이 고성이 오가는 시장통처럼 변한다.,미 국채·유동성 지원을 주고 SVB와 400억 달러 원전진입권을 함께 얻는 이중 보상.,은행구제와 미국 에너지투자를 한 패키지로 묶어 당국의 최종승인을 받는다.,미 국채를 보유하고 유동성을 책임지는 조건으로 SVB를 받고 400억 달러 원전사업 약속을 얻는다,부실은행을 살리는 비용과 미국 원전규제·현지기업 견제가 장기부담으로 남는다.,이번 거래가 태우의 원전업계 독식과 에너지 전체 장악의 시작점이 된다는 규모가 드러난다.,"SVB 1달러 인수와 예금보호·미 국채 유지, 400억 달러 원전사업 약속을 계약으로 얻는다. 은행 통합·원전사업 집행은 남는다.",은행소유·산업진입,"금융타워가 미국 기술은행 인수자와 원전시장 약속의 수혜자가 되지만, 통합·사업수주는 집행 전이다.",SVB 인수계약을 실제 은행 통합으로 실행하고 400억 달러 원전사업 약속을 수주로 바꿀 수 있는가?,SVB 1달러 인수계약; 예금보호·미 국채 조건; 400억 달러 원전사업 약속,SVB 통합; 원전사업 실제 발주·수주; 추가 부실은행,DCA-N58,0.94
653,653,1달러 (3),113714,113857,연준회의 뒤 김민재가 핀테크은행의 다이먼에게 인수성과를 넘긴다.,미국 은행통합으로 다이먼의 충성을 굳히고 곡물·에너지 장악의 집행자로 쓰는 관계 보상.,SVB 통합과 연쇄은행 흡수를 맡기고 사우디 원유카르텔 대응을 준비한다.,다이먼에게 SVB와 연쇄은행 통합을 맡기고 김민재가 곡물·에너지 세계전략에서 그의 충성·집행역할을 확인한다.,빠른 통합은 조직·예금·부실자산 충돌을 낳고 다이먼 개인에게 권력이 과도하게 집중된다.,자신을 미국 최고 금융사 대표로 만든 김민재에게 보답하겠다는 다이먼의 충성심이 더 커진다.,다이먼이 은행통합 책임과 미국 금융망 확대역할을 받아들인다. 실제 통합과 곡물·에너지 지배성과는 아직 전이다.,관계·금융지위,다이먼은 은행 통합을 맡은 충성스러운 집행자로 굳어지지만 금융망 확대는 실행 단계에 진입했을 뿐이다.,다이먼이 부실은행 통합을 실제 완수하고 김민재의 곡물·에너지 전략에 어떤 성과로 보답할 것인가?,다이먼의 은행통합 책임 수락·충성 재확인,미국 연쇄은행 실제 통합; 곡물·에너지 전략 집행,DCA-N58,0.94
654,654,1달러 (4),113858,114028,미국 일정 뒤 귀국한 김민재가 SVB 인수결산을 받은 다음 국내 기업농·유통개혁을 점검한다.,SVB의 모든 지분·경영권 이전과 시장안정을 영수증으로 지급한 뒤 기업농을 직거래·전자상거래 개혁으로 잇는다.,SVB 1달러 인수를 소유권과 시장안정으로 닫고 태우상사에 산지계약·물류·온라인판매 유통개혁을 맡긴다.,금융타워가 SVB 모든 지분·경영권을 넘겨받아 인수를 마쳤고 뱅크런 없이 예치금·주가가 상승했으며 1면에 새 주인으로 보도됐음을 확인한다. 뒤이어 기업농 성과를 점검하고 태우상사에 직거래·전자상거래 유통개혁을 맡긴다.,"SVB 통합 뒤 다른 중소은행은 부채가 더 크고, 국내 유통개혁은 도매·소매·소상공인 반발과 태우 독식이미지를 감수해야 한다.","SVB 소유권 이전·시장안정·1면 보도로 미국 은행전이 결산된 뒤, 최재석 정부의 마지막 숙원과 태우 유통지배가 같은 국내 개혁안으로 전환된다.","SVB 모든 지분·경영권 이전 완료, 뱅크런 없음, 예치금 소폭 상승·주가 상승, 금융타워가 새 주인이라는 1면 보도를 얻는다. 기업농 성과와 직거래·전자상거래 개혁안·조력기업 배치도 확정하되 전국 유통망 실행은 남는다.",유통구조·소비자가격,"금융타워는 SVB의 공식 소유자이자 시장을 안정시킨 구제자로 고정되고, 국내에서는 기업농의 생산개혁이 소비자가격·전국물류 개편안으로 확장된다.",SVB 인수결산 뒤 직거래·전자상거래 유통개혁을 법·물류·조력기업의 실제 체계로 만들 수 있는가?,SVB 모든 지분·경영권 이전과 인수작업; 뱅크런 방지·예치금/주가 안정·1면 소유자 보도; 유통개혁 설계,다른 미국 중소은행 1달러 인수; 국내 유통망 실행·법제화·시장반발,DCA-N58,0.94
655,655,1달러 (5),114029,114192,명동을 넘어 중·일 사채시장까지 진출한 이영한이 이 상무의 중국 내 결말을 보고한다.,개인복수 잔여선을 닫고 조지의 엔캐리 공격으로 회귀지식 없는 첫 시대주도 전쟁을 여는 약속.,이 상무 처리결과를 확인한 뒤 엔화차입·미 국채·에너지 자산배치를 승인한다.,중국에 잡힌 이 상무의 결말을 확인하고 조지의 엔캐리 작전을 승인한다,미래기억이 없는 작전이라 일본정부·세계금리 반응을 예측하기 어렵다.,태우·금융타워가 충분히 커져 이제는 미래를 아는 대신 원하는 방향으로 시대를 끌 수 있다는 자신감이 선다.,이 상무 잔여복수가 닫히고 조지에게 엔캐리 작전 전권이 주어진다.,복수종결·금융능력,과거원한에 매인 비밀작전에서 스스로 미래사건을 만드는 글로벌 금융공세로 이동한다.,엔캐리 전권을 받은 조지가 미래지식 없이도 일본 금융시장에서 첫 목표와 실행안을 만들 수 있는가?,이 상무선 종결·엔캐리 승인.,조지의 엔캐리 실행안·첫 공격; 일본 금융사 차입,DCA-N58B,0.94
656,656,돈 놓고 돈 먹기 (1),114193,114366,한 부회장이 밤샌 팬더 같은 얼굴로 미국 은행통합 진행을 보고한다.,금융타워 보호를 거절한 리퍼블릭의 뱅크런을 본보기로 삼아 시그니처와 타 은행을 자발적으로 편입시키는 약속.,지원선택권을 공개하고 거절한 은행은 시장결과를 감당하게 둔다.,금융타워를 거절한 리퍼블릭은행의 뱅크런을 방치해 본보기로 만들고 시그니처를 인수한다,뱅크런 방치는 예금자피해·도덕성 비판과 금융시스템 전염을 부를 수 있다.,금융타워 요리사들이 거대한 먹잇감을 해체하고 김민재도 필요하면 직접 참여할 여지가 남는다.,시그니처은행 인수가 성립되고 리퍼블릭 뱅크런이 보호망 가입을 강제하는 본보기가 된다.,은행지배·시장규율,금융타워가 부실은행을 골라 돕는 선택적 구제자에서 미국은행들이 먼저 들어오려는 보호체계로 커진다.,시그니처 편입과 리퍼블릭 본보기를 바탕으로 일본 금융사에서 초저금리 자금을 실제 끌어올 수 있는가?,시그니처 편입·리퍼블릭 본보기.,일본 초저금리 차입협상; 엔캐리 자금배치; 미국은행 추가편입,DCA-N58B,0.94
657,657,돈 놓고 돈 먹기 (2),114367,114535,금융상생 간담회라는 포장 아래 일본 금융계와 금융타워가 각자 이익을 노린다.,70조 원대 초저금리 엔화를 미 국채·원유·에너지에 넣어 부채를 정책·실물지렛대로 바꾸는 약속.,장기차입을 확정해 미국 인수은행 유동성과 원자재 포지션을 채운다.,일본 금융사들과 대규모 엔화차입 규모·금리·담보를 협상하고 미 국채·원유·에너지 자산배분 원칙을 제시한다.,엔화가 급등하거나 일본금리가 오르면 상환액이 폭증하고 대규모 흐름이 시장을 변형한다.,미 국채매입은 은행도 살리고 미국상대 주도권까지 주므로 차입을 쓸 이유가 충분하다.,일본 금융사들과 엔화차입·자산배분의 기본원칙을 협의한다. 70조 엔 최종계약과 자산매입은 아직 전이다.,부채·정책지렛대,일본의 싼 돈을 미국은행·국채·에너지 공격자본으로 쓸 설계가 서지만 차입금·자산은 아직 소유 전이다.,차입 규모·금리·통화를 최종 합의해 실제 엔화자금을 확보하고 자산배분을 집행할 수 있는가?,엔화차입·자산배분 기본협의,70조 엔 최종계약·자금수령; 미 국채·에너지 매입,DCA-N58B,0.94
658,658,돈 놓고 돈 먹기 (3),114536,114701,금융타워 간담회에서 지금까지 시장전체와 맞먹는 70조 엔 차입계약이 닫힌다.,크레디트스위스를 1달러에 구제하는 대가로 스위스의 유럽방공망 참여를 얻는 약속.,은행 인수와 스위스 정부의 안보·산업정책 양보를 한 거래로 묶는다.,70조 엔 엔캐리 계약을 확인한 뒤 크레디트스위스 1달러 인수와 스위스의 유럽 방공망 참여를 제안한다.,스위스는 유럽 방공시스템 참여와 은행부실을 외국금융사에 넘기는 정치비용을 함께 감당해야 한다.,김민재가 요구하는 정확한 관계가 유럽방공망이라는 답으로 공개돼 은행전이 방산시장전으로 변한다.,70조 엔 차입을 확정하고 크레디트스위스 1달러 인수·유럽 방공망 참여조건을 공식 제시한다. 스위스의 수락·소유권 이전은 아직 전이다.,은행소유·안보제도,일본자금 작전이 유럽 은행구제와 한국 방산의 제도진입을 요구하는 제안으로 연결되지만 은행 소유권은 아직 없다.,스위스가 크레디트스위스 1달러 인수와 유럽 방공시스템 참여 제안을 받아들일 것인가?,70조 엔 엔캐리 차입 확정; 스위스에 인수·방공망 조건 제시,스위스의 조건 수락; 크레디트스위스 인수계약·소유권; 유럽 방공망 참여,DCA-N58B,0.94
659,659,돈 놓고 돈 먹기 (4),114702,114855,EU·NATO 밖 중립국 스위스가 방공망 참여조건을 검토한다.,스위스 지지를 지렛대로 EU 에너지·교통사업의 태우 참가를 제도적으로 보장받는 약속.,독일·프랑스 견제를 피해 동유럽부터 원전·방산·인프라 계약문을 연다.,스위스의 크레디트스위스·방공망 조건 수락을 받고 EU에서 군수·원전·에너지 운송을 포함한 태우 모든 사업의 공정경쟁 지원을 확보한다.,서유럽 대국은 자국기업을 보호하고 스위스 한 표만으로 EU 전체규칙을 바꾸기 어렵다.,원전을 필요로 하는 동유럽은 자국이익을 먼저 보므로 독·프 견제가 실제 계약을 막지 못한다.,스위스의 협상 수락과 EU의 태우 모든 사업 공정경쟁 지원을 얻는다. 폴란드 방산·체코 원전·로나 결과는 아직 전이다.,제도접근·산업계약,금융인수 협상이 은행자산을 넘어 유럽 군수·원전·에너지 운송 사업의 공정한 진입권·정치후원으로 확대된다.,EU가 약속한 공정경쟁 지원을 실제 군수·원전·에너지 사업의 계약으로 바꿀 수 있는가?,스위스 조건 수락; EU 사업 공정경쟁 지원 확보,유럽 군수·원전·에너지 사업 실제 입찰·계약; 크레디트스위스 소유권 이전,DCA-N58B,0.94
660,660,돈 놓고 돈 먹기 (5),114856,114999,유럽 방공망·금융 협상 뒤 한국 무기와 금융타워 지원이 폴란드 군수박람회의 실물계약으로 돌아온다.,폴란드 20조 원 방산계약과 미국·유럽 은행확장을 지급하되 체코 원전과 로나 규제공격은 아직 결과를 기다리는 상태로 구분한다.,폴란드 방산계약을 유럽 확장 사례로 만들고 체코 원전 입찰·금융타워 은행통합을 밀면서 로나 규제·공매도 그물의 결과를 기다린다.,"폴란드 20조 원과 노르웨이·루마니아·에스토니아 방산계약을 확인하고 체코 원전 입찰을 점검한다. 시그니처은행 인수 완료, 리퍼블릭은행 인수 진행, 크레디트스위스 공식발표 예정과 금융타워 결속을 보고받은 뒤 미국 스테이블코인 규제와 로나 공매도 그물을 마지막까지 유지한다.",체코 원전은 입찰 심사 중이고 크레디트스위스도 당일 공식발표·주중 마무리 전이다. 로나는 아직 붕괴하지 않아 베릴이 살해협박·소송·악플을 견디며 승패와 회수액은 다음 화에 남는다.,폴란드 방산과 시그니처은행은 실제 지급됐지만 체코 원전·크레디트스위스 마무리·로나 규제공격은 진행형이다. 한 부회장이 로나와 헤지펀드를 함께 잡을 그물을 공개하며 산업결산이 금융전 대기로 바뀐다.,"폴란드 20조 원과 유럽 여러 나라의 방산계약, 시그니처은행 인수 완료, 금융타워 금융사들의 공동은행 경영·소통 확대를 확인한다. 체코 원전, 크레디트스위스 최종 인수, 로나 붕괴·공매도 회수·베릴 복권은 미지급이다.",산업수주·미지급금융,한국 방산은 폴란드 20조 원 계약을 거점으로 유럽에 진입하고 금융타워는 공동은행 운영으로 결속한다. 로나 공격은 규제와 공매도망을 갖췄지만 결과가 없는 대기상태다.,미국 규제와 공매도 그물이 로나를 실제로 무너뜨려 회수액과 베릴의 명예를 지급할 것인가?,폴란드 20조 원·유럽 방산계약; 시그니처은행 인수; 금융타워 공동은행 결속,체코 원전; 크레디트스위스·리퍼블릭은행 인수 마무리; 로나 붕괴·공매도 회수·베릴 복권,DCA-N58B,0.94
661,661,특별대우 (1),115000,115169,암막커튼 뒤 숨은 베릴이 로나 지지자들의 위협과 조롱을 견디는 동안 금융타워의 공매도 포지션이 결산을 기다린다.,"로나 85달러가 0.003달러로 99% 폭락하고 시총 약 400억 달러의 절반을 금융타워가 흡수한 현재 보상과, 헤지펀드까지 합친 300억 달러 전망을 분리한 뒤 식량·에너지 외교를 연다.",로나 숏을 수익과 베릴의 명예로 닫고 김태중에게 동남아 식량·러시아 에너지 순방을 맡긴다.,"로나가 85달러에서 0.003달러 미만으로 99% 폭락하고 시가총액 약 400억 달러 가운데 절반가량, 약 200억 달러를 금융타워가 흡수한 사실을 확인한다. 파산할 가상화폐 헤지펀드 자금까지 흡수하면 최소 총 300억 달러가 될 것이라는 전망을 따로 받고, 공개 복권된 베릴 뒤 김태중에게 동남아 식량·러시아 에너지 순방을 부탁한다.","베릴은 살해위협과 조롱을 견뎠고, 고령의 김태중이 맡을 식량·에너지 순방에는 정치·신변 위험이 따른다.","로나 99% 폭락과 실제 약 200억 달러 흡수로 베릴의 경고가 사실이 된다. 최소 총 300억 달러는 헤지펀드 추가 흡수를 전제로 한 전망인 채, 김태중이 위험을 알면서도 해외임무를 받아들인다.","로나 85달러→0.003달러 미만·99% 폭락, 시총 약 400억 달러의 절반가량인 약 200억 달러 실제 흡수, 베릴 공개복권과 김태중의 해외임무 수락이 지급된다. 헤지펀드까지 합친 최소 총 300억 달러는 아직 전망이다.",명예회복·가족역할,로나 공매도는 현재 약 200억 달러 흡수로 결산되고 숨어 있던 베릴은 공개적으로 복권된다. 김태중은 동남아 식량·러시아 에너지 임무의 담당자가 되며 추가 헤지펀드 자금은 미수확으로 남는다.,김태중이 베트남을 시작으로 한국향 식량·팜유 수출예외를 실제로 받아 올 수 있는가?,로나 99% 폭락·약 200억 달러 실제 흡수; 베릴 공개복권; 김태중 순방 수락,파산 헤지펀드 추가 흡수·최소 총 300억 달러 전망; 태우 농장 농산물·팜유 수출조건; 러시아 에너지 통로,DCA-N58B,0.94
662,662,특별대우 (2),115170,115328,김태중은 가장 오래 일한 베트남과 태우의 최대 농장을 첫 순방지로 골라 정부·현지기업 인맥을 가동한다.,"태우 소유 농장의 농산물과 태우상사 팜유만 예외로 받는 정확한 범위, 태우해운 30%·정유지분 10%·투자약속이라는 대가, 실제 물가안정을 함께 지급한다.",동남아 수출제한 속 태우 소유 농산물과 제한품목 팜유의 태우상사 공급을 확보하고 그 물량을 국내 가격안정으로 연결한다.,"김태중이 베트남·동남아와 협상해 태우그룹 소유 농장의 농산물에는 수출제한을 두지 않고, 제한품목인 팜유는 태우상사에 공급받는다. 대가로 태우해운 원유 운송량 30% 이상 증가, 정유시설 지분 10%, 일부 국가 투자약속을 내주며 동남아산 팜유와 인도산 밀 공급재개 뒤 물가가 빠르게 안정되는 결과까지 확인한다.",포괄적인 한국 특혜가 아니라 태우 농장·태우상사 물량에 한정된 거래다. 원유 운송 30% 증가와 정유지분 10%·투자약속을 대가로 내놓아야 한다.,"김태중의 축구포럼·정유시설 인맥이 태우 농장 농산물과 팜유 공급을 열고, 공급재개와 정부 과징금이 실제 가격안정·긍정여론으로 이어진다.","태우 소유 농장 농산물의 수출제한 예외와 태우상사 대상 팜유 공급, 동남아산 팜유·인도산 밀의 공급재개 및 빠른 물가안정을 얻는다. 태우해운 물동량 30% 이상 증가, 정유시설 지분 10%, 일부 투자약속이 명시된 대가다.",식량공급·유통지배,태우는 자사 해외농장과 상사 물량을 국내에 안정 공급하고 가격을 낮출 유통 지렛대를 얻는다. 한국 전체가 무조건 예외인 상태가 아니라 정유·해운·투자를 맞바꾼 태우 중심 공급선이다.,확보한 태우 농장·태우상사 물량을 로켓 물류와 기업농에 결합해 국내 유통구조를 지속적으로 바꿀 수 있는가?,태우 농장 농산물 수출예외; 태우상사 팜유 공급; 태우해운 30%·정유지분 10%·투자약속 대가; 팜유·밀 공급재개와 가격안정,로켓 농산물 물류·국내 유통개혁; 예외조건 유지; 인도 순방·러시아 에너지 협상,DCA-N59,0.94
663,663,특별대우 (3),115329,115484,대구 로켓물류센터에서 이종수가 자동화된 유통망을 김민재에게 보여 준다.,로봇물류·일본 3대 상사 지분 50퍼센트·엔캐리 500억 달러를 마르지 않는 현금원으로 묶는 약속.,동남아 물량을 국내외로 흘리고 일본 상사 배당·금융수익을 장기자본으로 만든다.,로봇 물류와 일본 3대 상사 지분 50퍼센트를 활용하고 엔캐리 500억 달러 이익을 전망한다,거대 물류시설·일본지분은 경기침체와 규제에 묶이고 엔캐리 청산시점이 틀리면 환손실이 난다.,태우 자본이면 한국인이 목말라한 대형공연·인프라도 채울 수 있다는 다음 소비·브랜드 활용이 열린다.,"로봇물류 운영성과, 일본 3대 상사 지분과 엔캐리 예상이익이 확인된다.",현금흐름·물류능력,식량특혜가 일회성 가격안정에서 자동물류·일본자산·금융수익을 잇는 상시 현금원으로 바뀐다.,10만 석 경기장을 엔터·스포츠로 채워 국가브랜드까지 올릴지가 남는다.,식량·물류 수익구조 확인.,"태우스타디움 흥행, 엔캐리 최종결산.",DCA-N59B,0.94
664,664,특별대우 (4),115485,115640,한국 최대 엔터 태우엔터가 아이돌·빌보드 성과 뒤 마블·태우스타디움을 채울 콘텐츠를 준비한다.,MCA·테일러 스위프트와 10만 석 공연을 성공시켜 대형인프라를 관광·브랜드자산으로 살리는 보상.,글로벌 스타·스포츠 이벤트를 유치해 아시아 문화거점을 만든다.,"MCA 측에서 테일러 스위프트의 내한 의사와 태우 경기장 일정 확보, 다른 가수들의 추가배정을 약속받는다. 김민재는 해외 스포츠팀까지 부르라고 지시하지만 공연·관중·매출은 아직 발생하지 않는다.",공연장만으로는 지속수익이 없고 교통·숙박·흥행실패 위험이 크다.,10만 석 시설의 가능성은 테일러 스위프트 내한·일정 배정 약속으로 구체화되지만 흥행 영수증 대신 공연과 스포츠 초청이라는 열린 일정표만 남는다.,"MCA의 테일러 스위프트 내한·태우 경기장 일정배정과 다른 가수 추가배정 약속, 해외 스포츠팀 초청지시를 얻는다. 실제 공연·관중·수익은 미지급이다.",문화브랜드·인프라수익,태우 경기장은 대형 해외공연의 우선 일정과 MCA 협업선을 얻지만 아직 흥행·수익이 검증된 시설은 아니다.,테일러 스위프트와 해외 스포츠팀 일정을 실제 10만 석 흥행·관광수익으로 바꿀 수 있는가?,테일러 스위프트 내한의사·경기장 일정 약속; MCA 추가가수 배정; 해외 스포츠팀 초청지시,실제 공연·관중·매출; 반복 가능한 문화·스포츠 흥행,DCA-N59B,0.94
665,665,특별대우 (5),115641,115809,마블·태우스타디움의 일주일 완공축제에 빈 살만이 직접 참석한다.,왕실친분을 미·사우디 중재와 곡물카르텔 역압박 카드로 바꾸는 약속.,증산협상 가능성을 흘려 바이든을 움직이고 미국 농업 연맹을 쓴 카르텔 공격을 되받는다.,빈 살만이 개막축제에 오자 미·사우디 중재 가능성을 흘리고 곡물카르텔의 미국 농업 연맹 공격을 받는다,곡물메이저는 600만 회원의 미국 농업 연맹으로 태우 기업농을 공격하고 미·사우디 관계도 악화돼 있다.,농민시위보다 고유가 지속이 바이든에게 더 큰 부담이라 백악관을 움직일 미끼가 생긴다.,빈 살만의 중재가능성 언질과 미국 농업 연맹 공격정보가 확보돼 국제정치 역공안이 선다.,왕실관계·정치지렛대,문화행사 친분이 식량·원유카르텔을 동시에 누를 국가간 협상자산으로 전환된다.,바이든이 방한해 통화스와프·반도체 특별대우를 내놓을지가 남는다.,빈 살만 관계의 중재카드화.,"바이든 방한, 미국 농업 연맹·IRS 압박, 사우디 증산.",DCA-N59C,0.94
666,666,이지선다 (1),115810,115982,김민재는 데이비드를 통해 태우가 사우디 관계·증산협상을 중재할 수 있다는 소문을 백악관에 뿌린다.,바이든 방한을 끌어 한미 통화스와프·증시개혁과 곡물카르텔 압박을 한 판에서 얻는 약속.,미끼를 문 백악관이 도망가지 못하게 데이비드가 여론·일정·경제조건을 조인다.,바이든의 방한을 유도해 한미 통화스와프·증시개혁과 사우디 중재를 묶는다,미국은 사우디에 직접 약해 보이기 싫고 한국 금융요구를 중재대가와 분리하려 한다.,물고기가 미끼를 물었고 데이비드가 뜰채로 출구를 막는 단계까지 왔다.,바이든 방한검토와 사우디 중재·한국 금융안전판의 거래틀이 성립된다.,외교중재·금융안전망,소문으로 떠보던 단계에서 미국 대통령의 방문과 구체 대가를 설계하는 공식협상으로 올라선다.,백악관이 사우디 중재의 대가로 한국에 어떤 구체 양보를 내놓을지가 열린다.,백악관 유인 성공.,"통화스와프, 반도체·증시개혁, 사우디 증산.",DCA-N59C,0.94
667,667,이지선다 (2),115983,116146,바이든이 정상회담보다 먼저 금융타워를 찾아 미국 은행 세 곳을 인수한 태우의 위상을 확인한다.,반도체 특별대우와 사우디 협상 대가를 현직 대통령에게 직접 받아내는 보상.,금융타워·한국의 전략가치를 보여 주고 중국사업·금융정책의 예외를 교환한다.,바이든에게 금융타워를 보여 주고 반도체 특별대우를 받은 뒤 사우디 협상을 제안한다,바이든은 국내정치상 사우디 양보와 외국금융그룹 특혜를 공개하기 어렵다.,서로 원하는 것을 얻은 두 사람이 밝게 악수해 거래가 개인친분이 아닌 국가이해 합의로 굳어진다.,반도체 특별대우·사우디 협상추진과 한국 금융요구가 합의된다.,국가관계·특별대우,태우는 미국의 규제대상 가능 기업에서 대통령 첫 방문지이자 중동문제를 맡길 전략파트너로 올라선다.,MBS가 어떤 증산안을 내고 IRS가 곡물메이저를 굴복시킬지가 남는다.,바이든과 상호대가 합의.,"사우디 증산, 카르텔 세무압박, 공급방해 중단.",DCA-N59C,0.94
668,668,이지선다 (3),116147,116314,한미정상회담 마지막 날 김민재가 빈 살만에게 직접 전화한다.,MBS 증산안과 바이든·IRS 압박으로 곡물메이저 방해를 끝내는 식량·원유 이중 결산.,사우디 요구를 미국에 전달하고 카르텔의 세금·독점위반을 조사하게 한다.,바이든에게 곡물메이저의 압박을 알리고 IRS가 불법·탈세 혐의를 제시하자 곡물메이저가 태우 방해를 멈추기로 한다. IRS는 조사를 보류하고 빈 살만은 OPEC+ 증산안을 논의하겠다고 답하지만 실제 증산은 아직 없다.,사우디는 체면·안보대가를 원하고 곡물기업은 미국 농민을 동원해 정치저항을 벌인다.,"곡물메이저의 정치압박이 IRS 자료 앞에서 방해중단으로 뒤집히고, 사우디선은 증산 합의가 아니라 OPEC+ 논의 약속까지만 열린다.","곡물메이저의 태우 방해중단과 IRS 조사보류, 빈 살만의 OPEC+ 증산안 논의 약속을 얻는다. 실제 증산·유가하락은 미지급이다.",공급권·국가중재,태우는 곡물메이저의 직접 방해를 멈추게 하고 미국 세무압박을 일시 정지시키며 사우디 증산협상의 공식 논의선에 올라간다.,OPEC+ 논의 약속을 실제 증산으로 바꾸고 곡물메이저의 방해중단을 지속시킬 수 있는가?,곡물메이저 방해중단; IRS 조사보류; OPEC+ 증산안 논의 약속,사우디·OPEC+ 실제 증산; 유가변화; 곡물메이저 합의 유지,DCA-N59C,0.94
669,669,이지선다 (4),116315,116471,다이먼이 카르텔 간담회 결과를 전한 뒤 제재로 구단급료도 막힌 로만의 사정이 들어온다.,서방 제재선을 지키면서 로만의 구단 급료·생활 곤란을 도울 우회법을 찾고 러시아 연락선을 보존하는 약속.,제3자·구단운영 방식으로 생활·급료를 보장하고 김민재 통로를 끊지 않는다.,구단 급료와 생활비까지 막힌 로만의 사정을 듣고 제재에 걸리지 않는 지원 방법을 찾아 알려 주겠다고 약속하며 친구로서 연락을 계속한다.,지원이 드러나면 제재회피 비판을 받고 로만의 푸틴 측근지위는 이미 약해졌다.,적은 돈과 위로만으로 로만이 감격해 충성을 보이고 여전히 따르는 러시아 인맥의 가치가 확인된다.,"로만에게 지원 의사와 계속 연락할 관계를 확인하고, 로만은 언젠가 EPL에서 다시 만나겠다는 약속을 지키기 위해 버티겠다고 답한다. 급료 해결은 아직 전이다.",관계충성·제재우회,제재로 고립된 로만이 김민재의 연락과 지원 의사를 생존의 버팀목으로 받아들이지만 실제 자금 우회는 아직 실행 전이다.,로만의 구단·생활 지원을 실제로 마무리하고 그가 유지한 러시아 인맥이 어떤 다음 정보를 가져올지가 열린다.,로만의 곤란 확인; 지원 의사와 연락 지속 약속,로만 간접지원 실행; 로만의 러시아 연락선,DCA-N60,0.94
670,670,이지선다 (5),116472,116638,한 부회장이 이틀 뒤 뿌듯하게 후속상황을 보고하는 동안 로만은 튀르키예에서 프리고진을 만난다.,피로에 찌든 바그너 수장의 군부불만과 생존욕구를 확인해 러시아전쟁의 변수를 포착하는 약속.,로만이 태우 통로와 제재생존책을 제안하며 프리고진의 속내를 듣는다.,로만이 튀르키예에서 지친 프리고진을 만나 서로의 처지를 확인하고 김민재의 조언을 구해 보자고 제안한다.,프리고진은 폭력적이고 독자세력이라 누구도 완전히 통제할 수 없다.,프리고진의 지친 안색에서 생존연대 가능성은 보이지만 군부 불만·반란의사·구체 조건은 아직 나오지 않는다.,로만이 프리고진과 직접 접촉해 김민재에게 조언을 구할 통로를 제안한다. 비밀연대·지원계약은 아직 전이다.,군사변수·비밀관계,"제재로 고립된 두 러시아 인물이 생존출구를 함께 찾을 가능성을 열지만, 프리고진은 아직 태우의 카드가 아니다.",프리고진이 로만의 제안을 받아 김민재 통로에 들어오고 어떤 불만·생존조건을 내놓을 것인가?,로만·프리고진 첫 접촉; 김민재 조언 제안,프리고진의 수락·속내; 태우 비밀통로·지원조건; 반란 가능성,DCA-N60,0.94
671,671,싹이 트다 (1),116639,116798,프리고진의 작은 몸짓에도 피냄새를 느낀 로만이 강 대위와 보안 메타버스 접속을 연다.,동남아 에너지 수익·보급선을 제공해 바그너 생존을 태우의 족쇄에 묶는 약속.,현금 대신 사업·물류를 주고 강 대위가 연락·정보를 통제한다.,로만·프리고진을 보안 메타버스에서 강 대위와 연결하고 동남아 에너지 수익을 제공한다,바그너가 돈만 받고 독자행동하면 태우가 전쟁범죄·제재에 연루될 수 있다.,로만·프리고진은 유리한 제안이라 믿지만 시간이 지나면 태우 의존이 족쇄임을 알 구조가 완성된다.,세 사람이 보안 메타버스에서 합의하고 바그너의 동남아 수익·보급선이 태우 통제 아래 열린다.,보급통제·비밀동맹,통제불능 PMC가 독자생존 대신 태우가 제공하는 돈·물류에 의존하는 관리가능 세력으로 이동한다.,곡물·원유카르텔이 트럼프에게 붙을 때 미 대선 양쪽을 어떻게 보험으로 삼을지가 열린다.,바그너 생존·연락계약.,"미국 대선 카르텔 정치, PIF·원유전쟁.",DCA-N60,0.94
672,672,싹이 트다 (2),116799,116956,강 대위 라면을 먹으며 김민재와 한 부회장이 바그너·미국정치 두 전선을 점검한다.,카르텔의 트럼프 접근을 역이용해 현직 바이든과 차기 트럼프 모두에게 정치보험을 드는 약속.,두 진영에 서로 다른 이해를 걸어 어느 쪽도 태우를 함부로 대하지 못하게 한다.,러시아·바그너 지원선의 처리상태를 점검한 뒤 곡물·원유 카르텔이 트럼프를 만나 후원금을 약속한 사실을 데이비드에게서 듣는다. 김민재는 현직 바이든과 차기 트럼프 양쪽 관계를 유지하기로 하지만 트럼프를 통제할 수는 없다.,양다리 후원이 드러나면 두 후보 모두 신뢰를 거둘 수 있다.,"아프리카·바그너 지원점검이 미국 대선의 카르텔 후원정보로 이어지고, 김민재는 한 후보를 고르는 대신 양쪽 선을 남기는 불완전한 보험을 택한다.","러시아·바그너 지원선의 처리확인, 곡물·원유 카르텔의 트럼프 접촉·후원약속 정보와 바이든·트럼프 양면관계 유지결정을 얻는다. 후보통제와 선거결과는 미지급이다.",정치보험·기업권력,태우는 카르텔의 트럼프 후원선을 사전에 파악하고 미국 대선 양쪽에 접근할 정치보험을 세우지만 어느 후보도 통제하지 못한다.,바이든·트럼프 양쪽 선을 유지해 어느 후보가 이겨도 곡물·원유 정책의 피해를 막을 수 있는가?,러시아·바그너 지원선 점검; 카르텔의 트럼프 접촉·후원약속 확인; 양면관계 유지결정,미국 대선결과; 트럼프 돌발행동; 곡물·원유 정책보험의 실제 효과,DCA-N60,0.94
673,673,싹이 트다 (3),116957,117120,로만의 정보대로 러시아가 노르트스트림1 가스공급을 끊어 유럽 에너지위기가 심해진다.,살만 국왕의 6천억 달러 PIF 전체를 금융타워가 맡는 사상 최대 신뢰보상.,왕실자금의 운용원칙·위험한도를 협상해 에너지위기 자산을 선점한다.,러시아의 노르트스트림 차단 뒤 사우디에서 살만 국왕의 6천억 달러 PIF 위탁 제안을 받는다,국가자금 전체를 맡으면 손실이 곧 외교위기이고 사우디 정치변동도 금융타워를 흔든다.,예상하지 못한 전액위탁 제안에 김민재조차 말문이 막힐 만큼 신뢰규모가 압도적이다.,살만 국왕이 PIF 6천억 달러 전체운용을 공식 제안한다.,운용자산·왕실신뢰,일부 사우디 자금을 굴리던 금융사가 한 국가의 미래자산 전체를 맡을 후보로 격상된다.,성과보수·위험조건을 정하고 증산 뒤 유가숏까지 왕실이 받아들일지가 남는다.,PIF 전액위탁 제안.,"운용계약, 유가하락 포지션, 미국·사우디 보상.",DCA-N60B,0.94
674,674,싹이 트다 (4),117121,117279,기존 일부 PIF를 운용하던 금융타워 앞에 전체 6천억 달러 계약조건이 놓인다.,성과보수·위험조건으로 왕실신뢰를 지키며 바이든·MBS 증산 뒤 유가하락도 선점하는 약속.,손실한도·투자권한을 명시하고 원유 공매도와 장기산업 투자로 나눈다.,PIF를 성과보수·위험조건으로 받고 바이든·MBS 증산 뒤 원유 공매도를 건다,사우디 자산으로 유가하락에 베팅하면 산유국 이해와 충돌해 왕실반발을 살 수 있다.,미국과의 증산약속을 지킨 만큼 이제 양국에서 보상을 받아 태우를 한 단계 키울 차례가 된다.,PIF 운용계약 조건과 원유공매도 포지션이 승인된다.,국가자금·에너지포지션,왕실친분이 초대형 자산운용권과 유가하락 수익을 함께 만드는 제도적 신뢰로 바뀐다.,사우디 케이블·IT·원전·인프라 계약으로 보상을 실물화할 일이 남는다.,PIF 계약·유가숏 실행.,"사우디 산업수주, 바그너 보급관리.",DCA-N60B,0.94
675,675,싹이 트다 (5),117280,117454,한 부회장과 태우건설·통신·IT 사장들이 사우디 PIF 뒤 사업배분을 위해 모인다.,"사우디가 맡기려는 네옴·통신·해저케이블·행정IT의 범위와 비용을 계열사별로 풀고, 25만 배럴 증산이 유가 하락으로 이어지는 보상을 확인한다.",사우디가 제시한 프로젝트의 범위·비용분담·실무진을 정리하고 PIF 확대와 바그너 보급선을 점검한 뒤 증산 발표를 유가 포지션에 연결한다.,"네옴 공연장·사우디 통신망·해저케이블·행정IT의 예상 규모와 비용분담을 사장들과 정리하고 실무진 파견을 지시한 뒤, PIF 확대와 바그너 보급선을 점검하고 25만 배럴 증산 발표를 확인한다.","산업 프로젝트는 사우디가 맡기기로 한 단계지만 세부 합의와 정식 계약이 남고, 바그너 지원은 제재위험을 안으며 유가 하락 수익도 아직 실현 전이다.",미국·사우디 협상 뒤 하루 25만 배럴 증산이 발표되어 상승하던 유가가 하락하기 시작하고 금융타워의 숏 포지션에 실제 시장 신호가 들어온다.,"사우디 측의 네옴·통신망·해저케이블·행정IT 배정 의사와 비용분담안을 계열사에 전달하고, 하루 25만 배럴 증산 발표와 유가 하락 시작을 확인한다. 세부 합의·정식 계약·수익 실현은 아직 전이다.",산업수주·국가성장,"왕실의 산업 제안이 계열사별 실무 검토로 내려오고 증산 협상이 실제 발표로 바뀌지만, 산업계약과 공매도 수익은 미지급 상태다.","사우디가 맡기기로 한 프로젝트를 이번 주 세부 합의와 정식 계약으로 닫고, 시작된 유가 하락을 실제 수익으로 바꿀 수 있는가?",사우디 프로젝트 범위·예상비용·분담안 전달; 하루 25만 배럴 증산 발표,사우디 세부 합의·정식 계약·집행; 유가 숏 수익 실현; 바그너 보급선 관리,DCA-N60B,0.94
676,676,날아오르다 (1),117455,117594,김민재는 반나절 만에 최재석과 독대해 세계침체 속 한국의 성장성과 증시저평가를 논한다.,"태우와 한국의 동반 도약안을 대통령 의제로 올리고, 정부·태우·주주가 기존 재벌의 저항을 넘을 수 있는지를 묻는 시장개혁 약속.",세계 자금을 한국으로 끌어올 보고서를 최재석에게 제시해 코리아 디스카운트와 경영진의 사익 장벽을 정부 검토 의제로 만든다.,"최재석에게 태우 세계 1위·한국 경제 5위와 부산 엑스포 구상을 설명하고, 금융타워 보고서를 이번 주 전달해 경제부처가 검토하도록 요청한다.","최재석은 한국에 해가 되는 항목은 이행할 수 없다고 선을 긋고, 보고서도 아직 미전달이며 기존 대기업의 집단반발이 예상된다.","최재석이 대통령직을 걸고 판을 만들겠다고 답하고 보고서 내용을 최대한 긍정적으로 검토하겠다고 약속하자, 정부·태우·주주 연합의 가능성이 열린다.",부산 엑스포 지원과 금융타워 보고서의 긍정 검토 약속을 얻는다. 보고서 전달·경제부처 심사·시장개혁 정책은 아직 전이다.,시장제도·주주권,태우와 한국의 동반 도약 구상이 대통령의 검토 의제로 올라가지만 정부·태우·주주 연합과 제도개혁은 아직 구상 단계다.,이번 주 전달할 금융타워 보고서가 경제부처 검토를 통과하고 대기업 반발을 넘는 실제 시장개혁으로 이어질 것인가?,부산 엑스포 지원 약속; 금융타워 보고서 긍정 검토 약속,금융타워 보고서 전달·경제부처 검토; 시장개혁 정책; 대기업 반발; 일반주주 연대,DCA-N61,0.94
677,677,날아오르다 (2),117595,117765,청와대 독대 뒤 천민정이 생성형AI·영상기술을 보여 주고 김민재는 오용재에게 연락한다.,감산할 레거시칩을 AI수요와 한국형 스마트폰 혁신으로 돌리는 약속.,삼진의 단말·판매망과 태우의 AI·반도체를 결합해 AI폰을 만든다.,천민정의 생성형 AI·영상 기술을 확인하고 오용재를 만나 삼진의 역사를 바꿀 스마트폰 협업 제안을 꺼내기 시작한다.,삼진은 기술종속을 경계하고 AI기능·전력·칩 공급량도 아직 제품으로 검증되지 않았다.,세계 2위 삼진에게 중국 추격을 막고 역사를 바꿀 제안이라 오용재가 거절하기 어렵다.,생성형 AI 성과를 확인하고 오용재에게 거절하기 어려운 협업안을 예고한다. AI폰·칩 조건제시와 수락은 아직 전이다.,기술협업·제품전략,자본시장 개혁의 성장성이 생성형 AI와 스마트폰 협업 가능성으로 구체화되지만 제품동맹은 협상 전이다.,김민재가 말한 거절하기 힘든 스마트폰 제안은 무엇이며 오용재가 어떤 조건으로 받아들일 것인가?,생성형 AI 성과 확인; 오용재 면담·협업 제안 예고,AI폰·칩 구체조건; 오용재 수락; 제품개발,DCA-N61,0.94
678,678,날아오르다 (3),117766,117948,중국 업체에 쫓기는 세계 2위 삼진이 태우의 AI폰·칩 제안을 검토한다.,삼진과 다른 대기업을 끌어들여 태우 단독상승을 한국시장 전체 재평가로 넓히는 약속.,협업을 확정하고 주주환원·AI투자 동참을 다른 재벌에도 요구한다.,삼진이 AI폰·칩 협업을 수락하고 다른 한국 대기업도 증시 부흥판에 끌어들인다,각 기업은 태우가 이익을 독식하고 자신들을 추진체로 버릴 가능성을 의심한다.,일본을 초기상승을 돕다 분리·추락할 추진체로 쓰겠다는 다음 국제금융 역할이 드러난다.,삼진이 AI폰·칩 협업을 수락하고 국내 대기업들의 증시부흥 참여가 시작된다.,산업연합·시장평가,태우 한 회사의 성장이 한국 대기업 전반의 기술투자·주주환원 연합으로 번진다.,삼진의 AI폰·칩 협업과 국내기업 참여를 실제 제품·투자·주주환원 성과로 바꿀 수 있는가?,삼진 협업·국내기업 참여.,AI폰·칩 제품개발; 국내기업 투자·주주환원; 증시 재평가,DCA-N61,0.94
679,679,날아오르다 (4),117949,118111,미국 금리가 4퍼센트로 향하는 가운데 아마존·구글·MS·메타가 AI 인프라 수요를 논한다.,경쟁 빅테크의 1천억 달러 주문을 태우 반도체·전력·클라우드 수요로 결집하는 보상.,동등지분 합작으로 이해충돌을 막고 한국 데이터센터·SMR에 투자를 모은다.,아마존·구글·MS·메타와 1천억 달러 AI 데이터센터를 동등지분으로 만든다,서로 경쟁하는 기업이 데이터·지배권을 공유하기 어렵고 금리상승 속 자본비용도 크다.,메타버스 회의 몇 시간 만에 1천억 달러가 모여 태우가 중립플랫폼·핵심공급자임이 증명된다.,빅테크 동등지분의 1천억 달러 AI 데이터센터 합작이 성립된다.,투자자본·플랫폼지위,각자 경쟁하던 빅테크 수요가 태우 중심 공동인프라로 묶여 반도체·전력 장기수요가 확정된다.,몇 시간 만에 모은 1천억 달러 합작을 실제 데이터센터 건설·운영과 장기 반도체·전력수요로 만들 수 있는가?,AI 데이터센터 자본조달.,AI 데이터센터 건설·운영; 반도체·전력 장기계약; 합작 거버넌스,DCA-N61,0.94
680,680,날아오르다 (5),118112,118272,1천억 달러 AI 데이터센터 발표로 언론과 반도체 주문이 폭증한다.,회귀지식 밖에서 만든 AI·고체배터리를 실물제품으로 공개해 새 성장판을 여는 약속.,완성된 고체배터리 전기차를 파리모터쇼에서 세계 완성차에 증명한다.,AI 주문 폭증과 고체배터리 완성을 확인하고 파리 모터쇼 공개를 결정한다,기술이 실험실을 벗어나면 안전·가격·양산수율을 세계 앞에서 동시에 검증받아야 한다.,태우가 날아오를 준비는 끝났고 시장광풍만 오면 된다는 제품직전의 확신이 선다.,"고체배터리 완성과 파리모터쇼 공개일정, AI 주문생산 확대가 확정된다.",기술완성·제품출시,연구·인프라에 묶였던 미래기술이 고객주문과 공개제품을 가진 상용화 직전 상태로 바뀐다.,파리에서 구디너프와 완성된 고체배터리를 공개했을 때 공급계약이 얼마나 몰릴지가 남는다.,AI 수요확정·배터리 완성.,모터쇼 공개·글로벌 계약.,DCA-N61B,0.94
681,681,가지치기 (1),118273,118445,파리모터쇼 프레스데이에 산업·언론 관계자가 고체배터리 발표를 기다린다.,구디너프와 T-9을 공개해 세계 완성차 공급계약을 태우로 몰아오는 보상.,안전성·주행거리·양산일정을 증명하고 동맹별 물량을 협상한다.,파리 모터쇼에서 고체배터리와 T-9의 1천 킬로미터 주행·10분 충전을 공개한다. 세계 완성차들이 공급계약을 요구하자 준비한 계약서를 건네지만 서명은 아직 확인되지 않는다.,높은 가격·제한된 초기생산량 때문에 수요를 모두 받을 수 없다.,구디너프와 천민정의 고체배터리가 실차 제원으로 공개돼 완성차들의 계약요청을 끌어내고 김민재는 준비한 문서를 즉시 내민다.,"고체배터리·T-9의 1천 킬로미터 주행·10분 충전 공개와 세계 완성차의 공급계약 요청, 준비된 계약서 제시를 얻는다. 서명·물량배분은 미지급이다.",제품지위·계약수요,고체배터리는 연구성과에서 완성차들이 공급을 요청한 공개제품으로 올라가지만 계약상 공급권과 물량은 아직 정해지지 않는다.,완성차들 앞에 내민 계약서를 실제 서명과 물량배분으로 닫을 수 있는가?,고체배터리·T-9 공개; 1천 킬로미터·10분 충전 제원; 완성차 공급계약 요청·문서 제시,공급계약 서명; 완성차별 물량배분; 양산,DCA-N61B,0.94
682,682,가지치기 (2),118446,118599,파리모터쇼 이틀 동안 계약문의가 쏟아지고 태우계열 주가·계열분리 논의가 달아오른다.,시장축제 속 N&K 조작세력을 조용히 제거해 정당한 상승을 지키는 약속.,차명계좌·내부정보를 추적해 매도폭탄 전에 자금을 동결한다.,태우주가 급등과 계열분리를 검토하다 N&K 주가조작을 포착한다,공개수사로 주가가 급락하면 무고한 투자자와 태우의 배터리 성과가 함께 피해를 본다.,김민재는 시장범죄 처리는 명동의 전문영역이라 판단해 자료를 이영한에게 넘긴다.,N&K의 이상거래가 조작으로 특정되고 명동 수사가 시작된다.,시장안정·범죄추적,정당한 기술상승으로 보이던 시장 안에 제거해야 할 차명계좌 조직이 드러난다.,명동에 넘긴 N&K 이상거래 자료로 실제 조작 주체·차명계좌·내부 연결자를 찾아낼 수 있는가?,N&K 포착·명동 이관.,N&K 조작 주체·차명계좌·내부 연결자 확인; 계좌동결·처벌,DCA-N62,0.94
683,683,가지치기 (3),118600,118768,김민재가 광화문 곰의 고택에서 이영한에게 N&K 자료를 건넨다.,나기연·김남훈 계좌망과 내부배신을 확보해 검찰투입 시점을 고르는 약속.,약한 고리 김남훈을 압박해 투자자명단·계좌·비밀번호를 받는다.,이영한이 나기연 조직을 압박하자 김남훈이 배신을 결심하고 10분 안에 증거를 가져오겠다고 제안한다.,두 사람이 먼저 매도하면 시장충격이 오고 증거가 새면 공범들이 도망간다.,김남훈은 즉시 협조 의사를 보이지만 투자자명단·차명계좌·비밀번호를 실제로 넘기지는 않았다.,내부자 김남훈의 배신 의사와 10분 안에 증거를 가져오겠다는 약속을 얻는다. 증거물 확보는 아직 전이다.,증거·내부관계,결속된 주가조작 조직에 내부 배신자가 생기지만 금융망 전체는 증거 전달 전이라 아직 열리지 않았다.,김남훈이 약속한 시간 안에 투자자명단·차명계좌·비밀번호를 실제 가져올 것인가?,김남훈의 배신 결정·증거제공 약속,증거물 실제 전달; 차명계좌 동결; 나기연·김남훈 처벌,DCA-N62,0.94
684,684,가지치기 (4),118769,118956,동트기 전 N&K 건물과 차명계좌에 명동·검찰의 동시작전이 들어간다.,계좌동결과 체포로 투매 없이 주가조작 조직을 제거하는 보상.,매도권한을 먼저 막고 나기연·김남훈을 공식수사로 넘긴다.,계좌를 동결하고 검찰이 둘을 체포하게 해 시장충격 없이 제거한다,타이밍이 어긋나면 조작주식이 시장에 쏟아져 전체 증시를 흔든다.,조직제거 직후 안덕환이 대박수주를 외치며 시장전선이 건설보상으로 즉시 교대한다.,차명계좌가 동결되고 나기연·김남훈이 체포돼 시장충격 없이 N&K가 제거된다.,법집행·시장안정,은밀한 범죄조직이 자금·자유를 잃고 배터리 상승장은 조작오염 없이 유지된다.,N&K를 시장충격 없이 제거한 직후 안덕환이 외친 '대박'은 어떤 새 건설성과인가?,N&K 가지치기.,안덕환의 긴급 수주·사업 보고,DCA-N62,0.94
685,685,가지치기 (5),118957,119112,안덕환이 금메달 선수처럼 만세를 부르며 체코 원전우선협상 소식을 가져온다.,24조 원 원전·현지공장·데이터센터를 따고 센트리언 성장에 새 국내 제약사를 붙이는 약속.,대형수주를 공개해 주가·현지투자를 굳히고 인수대상 제약사를 정한다.,"체코 원전 24조 원 우선협상과 현지 공장·데이터센터 계획을 확인하고, 센트리언 확장을 위해 국내 제약 M&A 대상을 찾게 한다.",원전금융·현지의무가 크고 제약 M&A 대상·지분구조·경영권 변수는 아직 조사 전이다.,센트리언 성장은 대주주 태우의 해외자본 유입까지 키우므로 제약확장의 그룹효과가 확인된다.,체코 원전 24조 원 우선협상과 현지 공장·데이터센터 계획을 얻고 제약 M&A 탐색을 시작한다. 특정 인수대상·지분협상은 아직 전이다.,수주·인수전,태우건설의 대형 실물성과 뒤 센트리언이 추가 제약사 인수를 찾는 성장선으로 이동하지만 대상은 미정이다.,국내 제약사 가운데 센트리언과 연구·생산을 결합할 인수대상을 찾아 실제 협상에 들어갈 수 있는가?,체코 원전 우선협상·현지 투자계획,제약 M&A 대상 탐색·지분협상; 체코 최종계약,DCA-N62B,0.94
686,686,제어하기 힘든 변수 (1),119113,119275,서정준이 인수허가를 받자 한아약품을 골라 한 부회장이 가족지분을 분석한다.,20퍼센트 프리미엄과 연구독립 약속으로 모녀지분을 사고 월가 사모펀드가 붙은 형제와 맞서는 약속.,소현숙에게 고용·R&D·승계를 보장해 가족분열의 태우편을 만든다.,한아약품 모녀 지분을 20퍼센트 프리미엄에 사서 월가 사모펀드가 붙은 아들들과 맞선다.,모녀지분만으로 과반이 안 되고 형제는 월가 사모펀드 지원을 받는다.,소현숙은 자식·사모펀드보다 남인 태우를 믿을 만큼 가족관계가 완전히 깨져 있다.,소현숙 모녀가 프리미엄 조건으로 지분매각을 수락하고 태우편에 선다.,지분·가족관계,외부 인수자인 태우가 창립이념·연구를 지킬 유일한 후계자로 인정받는다.,형제와 월가 사모펀드가 가진 지분을 누가 확보해 경영권 과반을 만들 것인가?,모녀 지분계약.,형제·월가 사모펀드 지분; 고용·연구 승계,DCA-N62B,0.94
687,687,제어하기 힘든 변수 (2),119276,119441,한아약품 모녀가 태우에서 계약하는 동안 형제는 아폴로와 별도매각을 논한다.,아폴로 지분까지 금융타워로 가져와 경영권을 닫고 직후 북한미사일 위기에 대응하는 약속.,사모펀드의 차익조건을 맞춰 형제지분을 사고 NLL 남쪽 도발의 배후를 추적한다.,"한아약품 모녀·형제들의 가족지분을 태우와 금융타워로 넘겨 경영권을 확보한다. 센트리언 매각은 다음 해 계획으로 남고, 북한 미사일이 NLL 남쪽에 떨어졌다가 경보가 해제되자 장남 카드를 움직일 대응을 연다.",인수완료 순간 국가안보 충격이 증시·원화·경영통합을 동시에 흔든다.,가족지분 이전으로 한아약품 경영권이 실제 닫힌 직후 북한 미사일 남하가 기업인수를 국가안보 대응으로 뒤집는다.,한아약품 모녀·형제들의 가족지분 이전과 태우·금융타워의 경영권 확보를 얻는다. 센트리언 재매각과 북한 장남 카드의 실제 작동은 미지급이다.,기업소유·국가안보,한아약품은 가족분쟁 기업에서 태우·금융타워가 지배하는 제약자산으로 바뀌고 김민재의 다음 과제는 북한 도발 대응이 된다.,NLL 남쪽 미사일 도발 뒤 심어 둔 북한 장남 카드를 움직여 추가 충돌을 막을 수 있는가?,한아약품 가족지분 이전; 태우·금융타워 경영권 확보,센트리언 재매각; 북한 미사일 대응; 장남 카드 가동,DCA-N62B,0.94
688,688,제어하기 힘든 변수 (3),119442,119593,김민재가 데이비드를 한국으로 불러 강 대위의 사무실에서 북한 미사일 도발과 중국·러시아 관계를 다시 해석한다.,"데이비드·강 대위·이영한의 독립 정보선으로 러북 무기·식량 거래를 확인하고, 중국·장남·언론·한국 무기지원 위협·바그너 감시의 대응 역할을 설계하는 데까지 지급한다.",러시아와 북한의 거래를 독립 정보선으로 확인한 뒤 중국과 장남을 결합하고 언론·한국 무기지원 위협·바그너 감시를 지렛대로 쓸 담당자를 정한다.,"강 대위 사무실에서 데이비드와 중국·북한 관계, 장남, 러북 거래 가능성을 검토한다. 하루 뒤 데이비드의 러시아·미국 정보선, 강 대위의 바그너 보급선, 이영한의 연변 장마당선이 러시아의 식량 반출과 북한산 무기·탄약 거래를 같은 방향으로 확인한다. 김민재는 중국 고위층과 장남의 비공식 접촉, 러시아의 북한무기 수입 언론 제보, 한국의 우크라이나 무기지원 위협, 바그너 불만 감시를 각각 지시한다.",중국은 서방 제재 때문에 공식 지원에 나서기 어렵고 장남 세력도 북한 내부로 직접 들어갈 수 없다. 언론 제보와 한국 무기지원 위협은 아직 실행 전이며 바그너의 불만이 실제 분열로 이어질지도 알 수 없다.,하루 사이 데이비드·강 대위·이영한의 세 정보선이 러시아의 대북 식량과 북한의 무기·탄약 제공을 독립적으로 확인해 추정이 대응 설계의 근거로 바뀐다.,"데이비드·강 대위·이영한의 세 독립 정보선으로 러시아의 대북 식량 운송과 북한산 무기·탄약 보급을 확인한다. 중국·장남 접촉, 언론 제보, 한국 무기지원 위협, 바그너 감시는 담당과 지시가 정해진 단계이며 실제 공개·러북 분열·한국 방산 대체공급·러시아 반응은 미지급이다.",안보협상·권력변수,"러북 거래는 가능성에서 세 정보선이 교차 확인한 정보로 올라가고 데이비드·명동·한 부회장·강 대위 라인에 대응 역할이 배정된다. 중국 지원, 언론 공개, 북한·러시아 분열과 대체공급 효과는 아직 발생하지 않았다.",바그너의 불만을 이용해 러시아의 분열까지 주도할 수 있는가?,러시아의 대북 식량 운송과 북한산 무기·탄약 보급에 대한 세 독립 정보선 확인; 중국·장남·언론·한국 무기지원 위협·바그너 감시 담당과 지시 확정,중국 고위층과 장남의 실제 접촉; 러북 거래 언론 공개와 러시아 반응; 한국 무기지원 위협의 효과; 북한·러시아 내부 분열; 바그너 불만 활용,DCA-N63,0.94
689,689,제어하기 힘든 변수 (4),119594,119759,리강이 중국 국무원 총리가 되지만 주석집권 때문에 권한은 줄어든 상태다.,리강의 장남지원을 확인하고 걸프자금으로 원화결제망을 여는 약속.,중국 정치통로를 보존하면서 사우디·카타르 운용자산을 통화스와프에 쓴다.,총리가 된 리강의 장남 지원을 확인하고 걸프 스와프·자산으로 원화 국제화를 짠다,중국 권력집중은 리강 통로를 위험하게 하고 원화는 달러보다 유동성·신뢰가 약하다.,금융타워가 중동 국부자금을 운용하므로 스와프·결제량을 인위적으로 키울 실물기반이 있다.,리강의 장남지원선과 걸프 원화스와프·결제 확대안이 확인된다.,정치통로·통화전략,북한 대안세력 지원과 한국 통화주권이 중국·중동을 잇는 하나의 금융외교축에 놓인다.,사우디가 원화 원유결제와 유럽 원전금융을 실제로 받을지가 남는다.,리강 통로확인·원화망 설계.,원화 스와프·원유결제·유럽 계약.,DCA-N63B,0.94
690,690,제어하기 힘든 변수 (5),119760,119910,2022년 하반기 주식·채권이 함께 무너진 가운데 금융타워는 비달러 결제안을 실행한다.,사우디 원화스와프·원유결제와 유럽 원전·방산 원화금융으로 통화주권의 첫 실적을 얻는 보상.,국부자금·에너지계약·동유럽 대출을 원화로 묶어 거래량을 만든다.,사우디에 원화스와프와 원화 원유결제를 제안해 말로 긍정답변을 받고 실무협상을 시작한다. 시장과 환율이 반응하고 유럽 9개국이 원전·방산 금융을 문의해 금융타워가 무이자대출안을 내지만 서명된 스와프·원화결제 계약은 없다.,환율변동과 국제신뢰 부족 때문에 상대국이 달러대신 원화를 오래 들고 갈 유인이 약하다.,사우디의 구두수락과 유럽 9개국 문의가 원화금융의 가능성을 시장에 드러내지만 국가간 계약과 실제 결제는 세부협상으로 남는다.,"사우디의 원화스와프·원화 원유결제 구두수락과 실무협상 착수, 시장·환율 반응, 유럽 9개국의 원전·방산 금융문의와 금융타워 무이자대출 제안을 얻는다. 정식 스와프·결제는 미지급이다.",통화주권·국제금융,원화 국제화는 사우디·유럽의 구두협상과 시장반응을 얻었지만 실제 국가간 스와프·원유결제 권한은 아직 없다.,사우디와 유럽의 구두협상·금융문의를 실제 원화스와프·원유결제·원전/방산 계약으로 닫을 수 있는가?,사우디 구두수락·실무협상 착수; 시장·환율 반응; 유럽 9개국 금융문의,사우디 정식 스와프·원화 원유결제; 유럽 원전·방산 세부계약,DCA-N63B,0.94
691,691,양날의 검 (1),119911,120062,세계 최초 고체배터리 차량출시를 앞두고 높은 가격이 대중화의 걸림돌로 남는다.,전기차 화재·한파 안전의제를 키워 비싼 고체배터리를 필수품으로 만드는 양날의 약속.,뉴스·시험자료로 기존배터리 위험을 부각하고 태우제품의 가치를 증명한다.,고체배터리 가격장벽을 넘기 위해 전기차 화재·한파를 뉴스 의제로 설계하고 최재석에게 정책지원과 국민경제당 후계구도를 논의한다.,공포마케팅이 들키면 조작비판과 전체 전기차 수요 위축을 부를 수 있다.,안전성 의제를 정책으로 밀어 줄 최재석의 지지와 퇴임 뒤 당을 이을 정치선이 함께 드러난다.,"화재·한파 안전성 의제와 고체배터리 정책지원, 최재석의 정치적 협력선을 확보한다.",시장인식·기술보안,"비싼 혁신제품이 국가 안전·산업정책의 대상으로 재평가되고, 최재석과의 동맹은 퇴임 뒤 정치승계까지 이어진다.",안전성 의제와 정부 협력을 실제 고체배터리 지원정책·시장확대로 바꿀 수 있는가?,고체배터리 안전의제 설계; 최재석 정책협력 확인,고체배터리 정책지원·시장확대; 국민경제당 정치승계,DCA-N64,0.94
692,692,양날의 검 (2),120063,120208,한파 속 화재보도 반응과 중국의 기술요구가 이어져 내부유출 가능성이 커진다.,직원명부로 산업스파이를 찾아 고체배터리 격차를 지키는 약속.,접근기록·관계·재산변화를 대조하고 제보자보호·재발방지를 명령한다.,화재보도 반응과 중국 기술요구를 확인하다 직원명부로 산업스파이를 추적한다,전 계열사 감시는 직원불신을 키우고 내부자가 증거를 지우면 핵심기술이 이미 빠졌을 수 있다.,기술격차를 유지하려면 외부경쟁보다 내부 쥐새끼를 먼저 차단해야 한다는 우선순위가 선다.,산업스파이 후보군과 직원명부 추적체계가 가동된다.,기술보안·조직신뢰,시장홍보전이 내부기술 방어와 인사검증을 포함한 생존작전으로 확대된다.,직원명부 추적에서 실제 산업스파이와 유출경로를 특정해 핵심기술 반출을 막을 수 있는가?,스파이 추적착수.,산업스파이 신원·유출경로 특정; 증거확보·기술보호,DCA-N64,0.94
693,693,양날의 검 (3),120209,120355,김민재는 식사·화장실에서도 직원명부를 보며 전 계열사 쥐새끼 사냥에 몰두한다.,제보자 보상·범죄자 자산환수로 직원신뢰를 세우고 유럽 보조금도 고체배터리 쪽으로 바꾸는 약속.,내부고발을 보호하고 처벌수익을 정직한 직원·연구에 돌린다.,"산업스파이 17명의 증거와 34명의 의심명단, 제안을 거부한 50명 이상을 확인한다. 제보자 보너스를 지시하고 일부 증거를 검찰에 보내며 고체배터리 관심·주가상승을 보지만 체포·자산환수·150만 대 생산은 아직 없다.",과잉감시는 선량한 직원 사기와 법적절차를 해칠 수 있고 EU 정책변경도 어렵다.,직원 제보가 17명 확정·34명 의심·50명 이상 거부라는 인적지도로 바뀌고 고체배터리 시장반응까지 붙지만 처벌과 생산확대는 다음 절차로 남는다.,"산업스파이 17명 증거, 34명 의심명단과 제안을 거부한 직원 50명 이상, 제보자 보너스 지시·일부 검찰자료 전달 및 고체배터리 관심·주가상승을 확인한다. 체포·보너스 입금·자산환수는 미지급이다.",조직신뢰·정책연합,태우는 기술유출의 확정·의심·거부 인원을 구분한 수사자료를 얻고 고체배터리 수요를 확인하지만 처벌·보상·생산능력은 실행 전이다.,유출자 처벌과 제보보상을 실제 집행하면서 유럽 보조금·금융동맹을 고체배터리 시장확대로 연결할 수 있는가?,산업스파이 17명 증거·34명 의심; 거부직원 50명 이상; 보너스·검찰전달 지시; 시장관심·주가상승,산업스파이 체포·자산환수; 제보보너스 입금; 150만 대 생산; 유럽 보조금·금융동맹,DCA-N64,0.94
694,694,양날의 검 (4),120356,120504,체코 원전수주 뒤 자금부족 동유럽국가들이 금융타워 전액대출에 관심을 보인다.,원전·방산·자본을 미끼로 독·프 중심 EU 안에 태우 중심 동유럽 구심점을 세우는 약속.,폴란드 설명회에서 정상들에게 공동조달·연구·금융블록을 제안한다.,폴란드 원전 설명회에서 동유럽 정상들에게 금융타워 중심 경제블록을 제안한다,EU 분열·서유럽 보복으로 보일 수 있고 채무국들의 상환능력도 불안하다.,재정이 약한 국가들에 금융타워 자금은 거절하기 어려운 유혹이며 다른 주체는 같은 방식을 쓸 수 없다.,동유럽 정상회의와 금융타워 중심 경제블록 제안이 공식화된다.,경제블록·자본지배,개별 원전수주가 여러 국가의 산업·금융정책을 묶는 지역질서 구상으로 확대된다.,정상전원이 동의하고 독·프 견제를 감수할지가 열린다.,경제블록 제안.,"전원 동의·공식화, 자동차동맹 연계.",DCA-N64B,0.94
695,695,양날의 검 (5),120505,120655,EU 분열로 보일 위험 속 동유럽 정상들이 태우의 조건을 검토한다.,방산·원전·연구투자를 묶어 정상전원의 동의를 얻고 태우 우호권을 공식화하는 보상.,국가별 수주·고용·기술센터를 배분해 공동이익을 고정한다.,방산·원전·연구투자를 묶어 동유럽 정상 전원의 경제블록 동의를 받는다,독일·프랑스 압박과 회원국 간 지분·사업배분 경쟁이 블록을 깨뜨릴 수 있다.,훈훈한 말과 인자한 미소 뒤 모든 정상의 욕심이 보여 협상이 오히려 태우에 유리하게 흘러간다.,동유럽 정상전원이 경제블록 참여와 태우 중심 금융·산업구조에 동의한다.,국제연합·산업지위,비공식 우호관계가 독·프 견제에도 공동행동할 공식 경제권으로 바뀐다.,자동차동맹에 배터리물량을 양보해 중국차 관세공조까지 얻을지가 남는다.,동유럽 경제블록 성립.,고체배터리 배분·중국차 관세.,DCA-N64B,0.94
696,696,각개전투 (1),120656,120801,동유럽 성과를 축하하는 자동차동맹 대표들이 배터리물량을 얻으려 의도적인 인사를 건넨다.,단기물량을 양보해 중국 전기차 공동관세와 EU 내부분열을 장기시장 지렛대로 쓰는 약속.,동맹사에 공급표를 나누고 각국정부에 중국차 보조금·관세 로비를 맡긴다.,자동차동맹에 고체배터리 물량을 양보하며 중국 전기차 관세 공동로비를 이끈다,태우 자체차량 물량이 줄고 동맹사들이 기술·가격을 더 요구할 수 있다.,어느 결과든 EU 분열이 커질수록 태우가 깊이 파고들어 손해보지 않는 구조가 된다.,고체배터리 배정과 중국 전기차 관세 공동로비가 자동차동맹에서 합의된다.,공급권·통상규칙,태우 단독독점 일부가 동맹 전체의 중국배제·시장확대를 사는 정치자산으로 전환된다.,자동차동맹의 중국 전기차 관세 공동로비가 미국·EU의 실제 정책과 시장확대로 이어질 것인가?,배터리 배분·관세공조.,미국·EU 중국차 관세 결정; 자동차동맹 시장확대,DCA-N64B,0.94
697,697,각개전투 (2),120802,120950,유럽출장 뒤 쉬지 못한 김민재가 한 부회장과 미국 대중관세 일정을 점검한다.,오셔닉스 부유도시에 AI 데이터센터·원전을 넣어 부산엑스포에서 네옴과 맞설 지속가능도시를 만드는 약속.,도시를 산업·기후·관광이 공존하는 실사업으로 확대한다.,미국 대중관세 시점을 점검하고 오셔닉스 해상도시에 AI 데이터센터를 결합한다,해상구조물 안전·비용·인허가와 사우디 네옴의 자본력·표 경쟁이 크다.,보여주기식이 아니라 기후변화와 미래산업을 함께 해결하면 2030 엑스포도 이길 수 있다는 승부기준이 선다.,오셔닉스 협상안과 AI·SMR 결합 부산 해상도시 구상이 완성된다.,도시사업·엑스포전략,배터리·관세 중심 산업전이 부산이라는 장소와 미래도시를 건 국가외교전으로 교대한다.,오셔닉스 대표가 규모 세 배·데이터센터·원전 제안을 받을지가 남는다.,해상도시 사업안.,오셔닉스 투자계약·정부 인허가.,DCA-N65,0.94
698,698,각개전투 (3),120951,121094,세계 각국을 돌던 오셔닉스 대표 필립 호프만이 태우 투자제안에 즉시 본사로 온다.,부유도시를 세 배 키우고 데이터센터·원전을 넣어 아이디어를 실제 사업으로 만드는 보상.,자본·건설·에너지·입주수요를 태우가 보장하고 여름 착공일정을 제시한다.,필립 호프만에게 부유도시를 3배 키우고 데이터센터·원전을 넣는 투자를 제시한다,전례 없는 규모라 구조안전·납기·밤샘공사와 비용초과 위험이 크다.,한국은 야간작업과 확실한 보상으로 미국·유럽보다 납기를 잘 맞출 실행문화가 있다.,호프만이 확대안과 태우투자를 수락해 부산 해상도시가 실제 사업으로 전환된다.,사업계약·건설능력,홍보용 구상이 국제기술사·자본·납기조건을 가진 대형건설프로젝트로 바뀐다.,태풍 매미급 시뮬레이션과 최재석 인허가를 통과할지가 남는다.,오셔닉스 사업수락.,안전검증·여름착공·엑스포 활용.,DCA-N65,0.94
699,699,각개전투 (4),121095,121243,2023년 1월 1일에도 천민정이 AI센터에서 해상도시 안전성을 시뮬레이션한다.,태풍 매미까지 견디는 증거로 최재석의 인허가·부산 부흥 총력지원을 얻는 약속.,안전자료와 엑스포 경제효과를 제시해 규제를 한 번에 푼다.,천민정이 태풍 매미까지 시뮬레이션하고 최재석에게 엑스포용 인허가·부산 부흥을 요구한다,해상도시·SMR·데이터센터의 복합규제와 야당·환경단체 반발이 남는다.,아직 검토도 안 한 해저터널을 굳이 꺼낸 것은 김민재가 밝히지 않은 큰 그림에 필요한 요소이기 때문이다.,태풍급 안전성이 확인되고 정부가 인허가·여름착공을 총력지원하기로 한다.,안전검증·정부지원,민간사업이 국가엑스포·부산부흥의 공식 우선프로젝트로 올라선다.,김민재가 아직 밝히지 않은 해저터널의 더 큰 그림은 무엇인가?,안전검증·인허가 지원.,해저터널 구체안·숨은 목적; 여름착공·엑스포 활용,DCA-N65,0.94
700,700,각개전투 (5),121244,121402,한일 해저터널 언급에 늘 웃던 최재석의 표정이 처음 굳는다.,일본 연결은 버리고 북한·러시아 육로만 남겨 대륙물류·엑스포 장기그림을 지키는 약속.,정치적 비용이 큰 노선을 제거하고 세계 최초 고체배터리 전기차 공개로 단기혁신을 증명한다.,한일 해저터널은 거절하고 북한·러시아 육로 구상만 남긴 채 혁신 전기차 출시를 준비한다,남북관계·러시아전쟁 때문에 북방육로는 먼 미래이고 한일안을 버리면 일본표도 잃는다.,세계 최초 고체배터리 전기차가 기존 패러다임을 바꿀 준비를 마쳐 장기그림의 당장 보이는 증거가 된다.,한일터널안은 거절되고 북방육로 구상과 고체배터리 전기차 출시계획이 남는다.,대륙물류·제품출시,과도한 터널구상이 정치적으로 선별되고 엑스포전은 혁신차·해상도시 중심으로 재정렬된다.,한일터널을 버리고 남긴 북방육로 구상과 고체배터리 전기차 출시계획을 실제 시장·물류 성과로 만들 수 있는가?,터널노선 결정.,고체배터리 전기차 출시·판매; 북방육로 구체화; 고체배터리 양산,DCA-N65,0.94
701,701,태풍의 근원지 (1),121403,121548,세계 최초 고체배터리 전기차 이오닉스가 6천만 원에 판매를 시작한다.,하루 6천 대·예약 10만 대와 1년 대기열로 AI·15분 충전의 시장보상을 받는 약속.,초기고객 경험을 통해 AI 서비스·충전표준의 장기충성도를 확보한다.,세계 최초 고체배터리 전기차 이오닉스 6천 대를 하루 만에 팔고 10만 대 예약을 받는다,비싼 가격·생산량 부족으로 주문을 못 맞추면 관심이 불만으로 뒤집힐 수 있다.,고체배터리는 시작일 뿐 AI가 반복사용·서비스를 묶어 다량 충성고객을 만들 핵심임이 드러난다.,6천 대가 하루 만에 팔리고 10만 대 예약·1년 대기열이 형성된다.,판매·고객충성,혁신차가 전시품에서 즉시 매진되는 시장제품이 되고 태우는 장기고객관계를 얻는다.,10만 대 예약·1년 대기열을 감당할 생산량을 늘리고 AI 충성고객을 실제로 유지할 수 있는가?,이오닉스 초기판매 성공.,이오닉스 양산확대·예약물량 인도; AI 충성고객,DCA-N65,0.94
702,702,태풍의 근원지 (2),121549,121690,이오닉스 반응이 커지며 해외 완성차가 한국 생산·배터리 공급을 문의한다.,로열티 사업과 양산규격으로 생산을 열 배 키워 수년 독점의 현실적 길을 여는 약속.,태우 표준공장을 확산하되 핵심배터리·AI 통제는 본사가 쥔다.,완성차의 한국 진출 문의를 로열티 사업으로 받고 고체배터리 양산규격을 확정한다,너무 빠른 확장은 품질·인력·원료 병목을 만들고 외국업체가 기술접근을 요구한다.,전기차시장이 고체배터리로 교체될 미래에 더 많은 생산량이 곧 세계시장 소유권이 된다.,해외 완성차 로열티 방식과 고체배터리 공장 10배 확대·양산규격이 확정된다.,양산능력·독점지위,매진된 단일모델 성공이 세계 완성차 생산방식을 태우 규격으로 바꾸는 플랫폼사업으로 확대된다.,중국 협상단이 기술을 요구할 때 관계와 핵심기술을 모두 지킬지가 열린다.,양산·로열티 구조.,중국 기술협상·단독특례법인.,DCA-N65,0.94
703,703,태풍의 근원지 (3),121691,121850,태우 전 계열사가 돈·인력으로 공장전환에 들어간 가운데 리강 협상단이 찾아온다.,고체배터리 기술을 주지 않으면서 중국시장·정치관계도 잃지 않는 약속.,완제품·투자만 제공하고 기술이전·합작지배 요구는 거절한다.,전 계열사를 투입해 공장을 전환하면서 리강의 고체배터리 협상단을 맞는다,중국은 14억 시장과 행정권을 지렛대로 태우를 압박할 수 있다.,아무것도 주지 않아야 오히려 중국관계에서 우위를 유지할 수 있다는 역설적 협상원칙이 선다.,기술이전 거부와 중국측 대체보상 요구의 협상선이 확정된다.,기술주권·외교협상,대량생산 문제가 국가가 핵심기술을 요구하는 전략산업 협상으로 격상된다.,리강이 기술이전 거부를 받아들이면서 중국과 관계를 지킬 어떤 대가·조건을 내놓을 것인가?,기술이전 거부.,리강의 대체조건; 고체배터리 기술이전 거부와 중국 관계 유지,DCA-N65,0.94
704,704,태풍의 근원지 (4),121851,121997,정중한 리강이 기술 대신 태우의 중국사업 안전장치를 제안한다.,기술을 한 줄도 주지 않고 단독 중국법인 특례·시진핑 방한까지 얻는 보상.,합작의무·기술공유·자금규제를 면제받고 최고정치 보증을 확보한다.,리강에게 기술 대신 태우 단독 중국법인 특례를 받고 시진핑 방한 약속까지 얻는다,특례는 정권변화 때 뒤집힐 수 있고 중국진출 자체가 기술탈취 위험을 남긴다.,리강은 얻은 것이 없는데도 태우가 관계를 끊지 않아 안도하며 가벼운 발걸음으로 떠난다.,태우 단독 중국법인 특례와 시진핑 방한약속이 확정된다.,법인권리·정상관계,기술요구에 몰린 기업에서 중국이 퍼주며 붙잡는 최상급 예외기업으로 지위가 뒤집힌다.,중국에서 받은 태우 단독법인 특례와 시진핑 방한약속을 실제 인허가·사업실행으로 바꿀 수 있는가?,중국 협상 승리.,태우 단독법인 특례 실행; 시진핑 방한; 중국 사업 인허가,DCA-N65,0.94
705,705,태풍의 근원지 (5),121998,122166,김민재·한 부회장이 착공을 앞둔 부산 해상도시 현장에서 바닷바람을 맞는다.,해상도시·해저터널·빅테크 입주 영상을 공개해 네옴 추격전을 국가총력전으로 바꾸는 약속.,최재석과 함께 국제표를 설득하고 부처·부산시·기업 역할을 배치한다.,부산 해상도시·해저터널·빅테크 입주 영상을 최재석과 공개하고 엑스포 외교전을 선포한다,사우디가 압도적 선두이고 회원국마다 한 표씩 설득해야 한다.,선두의 등이 보이는 추격전이라 모두가 밝은 얼굴로 전력을 다할 동기가 생긴다.,홍보영상 공개와 최재석의 공식 엑스포 외교전 선언이 이뤄진다.,국가외교·도시브랜드,민간 미래도시사업이 대통령·정부 전체가 뛰는 부산엑스포 국가전략으로 격상된다.,최재석이 선포한 부산엑스포 총력전이 반년 동안 실제 국제표와 경쟁국 양보를 얼마나 끌어낼 것인가?,엑스포 총력전 선포.,부산엑스포 국제표 확보; 경쟁국 협상; 해상도시 공사·홍보,DCA-N65,0.94
706,706,총성 없는 전쟁 (1),122167,122316,170여 BIE 회원국 표를 두고 최재석이 아프리카까지 직접 순방한다.,조지의 50배 엔화숏과 기술자 고액보상·퇴직펀드로 일본공격·인재방어를 동시에 완성하는 약속.,금융 D-DAY를 정비하고 기술유출 유인을 돈·노후보장으로 제거한다.,조지의 50배 엔화 공매도와 인재 고액보상·퇴직펀드를 점검한다,50배 레버리지는 작은 환율역행에도 청산되고 고액보상은 계열사 비용을 높인다.,반년 뒤 표결이지만 빈 살만과의 이번 만남 하나가 승부를 사실상 결정할 수 있다.,엔화 공매도 포지션과 핵심인재 보상·퇴직펀드가 최종점검된다.,금융공격·인재유지,엑스포 외교가 일본 금융전과 그룹기술 방어까지 포함한 총성 없는 종합전으로 확대된다.,김태중과 빈 살만의 초대로 영국에서 만났을 때 엑스포 경쟁을 어떤 조건으로 풀지가 남는다.,일본전·인재방어 준비.,빈 살만과 엑스포 협상; 사우디와의 관계,DCA-N65,0.94
707,707,총성 없는 전쟁 (2),122317,122468,김민재는 김태중과 유럽여행 겸 리즈경기를 본 뒤 빈 살만과 마주 앉는다.,형제 같은 관계에서 처음으로 사우디가 양보하게 만들어 부산엑스포 길을 여는 약속.,그간 베푼 지원과 미래협력을 근거로 후보철회를 요구한다.,김태중과 리즈 경기를 본 뒤 빈 살만에게 부산 엑스포 양보를 요구한다,빈 살만은 네옴·국가체면을 걸어 쉽게 물러설 수 없고 관계파탄 위험이 크다.,언제나 김민재가 맞춰 줬던 관계가 처음 차갑게 얼어 이번에는 빈 살만이 양보할 차례라는 비용이 드러난다.,부산 지지를 위한 사우디 후보철회 요구가 공식 제시된다.,왕실관계·외교표,무조건 서로 돕던 형제관계가 한쪽이 실제 희생을 선택해야 하는 국가이익 협상으로 시험받는다.,처음 차갑게 얼어붙은 자리에서 빈 살만이 부산 엑스포 양보 요구를 받아들일 것인가?,사우디 양보요구.,사우디 후보철회 여부; 빈 살만과 관계회복,DCA-N65,0.94
708,708,총성 없는 전쟁 (3),122469,122629,어린 시절부터 서로 치부를 덮어 온 두 사람이 차가운 엑스포 협상을 이어 간다.,2034 월드컵·네옴완공 지원으로 사우디의 철회를 받아 양국 모두 실리를 얻는 보상.,엑스포 대신 더 큰 장기국가 이벤트와 기술·금융 지원을 보장한다.,2034 월드컵과 네옴 완공 지원을 대안으로 제시해 사우디의 엑스포 포기를 받아낸다,빈 살만이 교환을 국내에 패배로 보이게 하면 왕실체면을 잃는다.,대체보상이 사우디 목표를 더 잘 충족해 틀어질 뻔한 두 사람이 다시 손을 잡는다.,사우디가 부산엑스포 경쟁에서 물러나고 한국은 월드컵·네옴 지원을 약속한다.,외교승리·관계회복,제로섬 표대결이 양국의 다른 시간대 목표를 교환한 상호승리로 바뀐다.,사우디 후보철회 대가로 약속한 2034 월드컵·네옴 지원을 지키면서 부산 지지표를 실제 굳힐 수 있는가?,사우디 엑스포 협상 결산.,월드컵·네옴 지원 이행; 사우디 표·관계 유지; 부산 표확보,DCA-N65,0.94
709,709,총성 없는 전쟁 (4),122630,122798,리즈는 홀란드의 득점으로 빅4를 지키고 안드레아의 성적연동 옵션이 가치를 낸다.,리즈 옵션을 유럽 로비망으로 환전하고 중국의 돼지고기·와인 보복을 EU 분열기회로 쓰는 약속.,안드레아에게 각국 정치·기업 인맥을 맡겨 태우 프로젝트를 지원하게 한다.,리즈 옵션으로 안드레아를 유럽 로비스트로 묶고 중국의 EU 돼지고기·와인 보복을 관찰한다,유럽인은 외국기업의 정치개입을 경계하고 중국의 갈라치기는 태우 동맹도 흔들 수 있다.,중국의 전략은 예상한 대로 EU를 더 쪼개 태우가 파고들 틈을 넓힌다.,안드레아의 유럽 로비역할과 중국 보복을 활용한 국가별 접근전략이 확정된다.,인맥·지역분열,구단인수 옵션이 축구수익에서 유럽정치·산업계약을 여는 비공식 로비자산으로 변한다.,안드레아의 유럽 로비와 중국의 EU 보복이 갈라놓은 국가별 이해를 부산 지지표로 바꿀 수 있는가?,안드레아 로비망 확보.,유럽 국가별 부산 로비·표결; 중국 보복의 파급,DCA-N65,0.94
710,710,총성 없는 전쟁 (5),122799,122944,귀국 보름 뒤 사우디에서 예상보다 빠른 엑스포 거래보상이 도착한다.,아람코 0.6퍼센트를 받고 AI·엔비디아 지분시장까지 점검해 아시아 금융장악 D-DAY로 넘어가는 약속.,지분을 인수하고 유토피아 그룹의 엔비디아 보유설을 확인하며 조지의 엔화청산·미 국채매각 시간을 정한다.,사우디가 2030 엑스포 후보를 공식 철회하고 부산 지지로 돌아선다. 아람코 0.6퍼센트 지분매각 계약서를 받아 핀테크 처리에 넘긴 뒤 AI 투자광풍·유토피아의 엔비디아 보유설을 점검하고 조지에게 일본 금융공격 D-DAY 결정을 맡긴다.,AI 열풍에 과대평가·불투명한 엔비디아 보유설이 섞이고 50배 엔화작전은 사상 최대 손실도 가능하다.,"사우디 후보철회가 부산 엑스포 외교전의 핵심 경쟁자를 지우고 아람코 0.6퍼센트 계약서까지 지급한 뒤, 마지막 장면은 일본 금융공격 시계로 바뀐다.",사우디의 2030 엑스포 후보 공식철회·부산 지지와 아람코 0.6퍼센트 지분매각 계약서 수령·핀테크 처리지시를 얻는다. 일본 금융공격 D-DAY 날짜와 실행은 미지급이다.,에너지지분·금융전,부산은 사우디라는 핵심 경쟁자를 지지표로 돌리고 태우는 아람코 지분계약의 처리단계에 들어간다. 조지는 일본전 개시시점을 정할 권한을 맡는다.,조지가 일본 금융공격 D-DAY를 언제로 정하고 어떤 신호에 맞춰 실행할 것인가?,사우디 엑스포 후보철회·부산 지지; 아람코 0.6퍼센트 지분매각 계약서·처리지시,아람코 지분 처리완료; 일본 금융공격 날짜·실행; 유토피아 엔비디아 보유설,DCA-N65,0.94
711,711,전환점 (1),122945,123129,바흐무트에서 바그너가 승리하지만 러시아 군부와 프리고진 불만이 폭발한다.,러시아 군사변수와 중국 재진출의 독을 동시에 관리해 유라시아 판을 여는 약속.,바그너 움직임을 추적하고 중국 특구의 기술·자본안전장치를 검증한다.,바흐무트 승리 뒤 바그너 불만과 엔비디아 사기꾼을 확인하고 중국 특혜의 독을 경계한다,PMC는 반란할 수 있고 중국 14억 시장은 매력만큼 기술탈취 위험이 크다.,독이 든 성배에서 독만 빼면 태우가 독보적 위치에 오를 기회가 된다.,바그너 불만·엔비디아 과열과 중국 재진출의 정책위험이 확인된다. 구체 특혜안은 아직 제시되지 않는다.,군사변수·시장안전,산업확장 계획이 러시아 반란과 중국 재진출을 한 유라시아 위험판에서 다루는 단계로 넘어간다.,시진핑과 직접 대화할 때 중국 재진출의 독을 뺄 어떤 안전장치를 요구할 수 있는가?,유라시아 위험진단.,시진핑 회담; 중국 재진출 안전장치; 바그너 이동,DCA-N67,0.94
712,712,전환점 (2),123130,123300,시진핑 방한 환영행사에 미국 대통령 방문보다 드문 긴장감이 감돈다.,자동차·산업동맹 가입요구와 태우 전용특구를 놓고 한국이 미중 선택권을 지키는 약속.,중국기업의 권한을 제한하고 태우의 독립운영·철수권을 요구한다.,시진핑 방한에서 자동차·산업동맹 가입 요구를 받고 태우 전용 특수경제구역 제안을 듣는다.,중국은 동맹 내부기술·시장접근을 원하고 미국은 태우의 중국복귀를 경계한다.,중국정부 개입을 줄인 특구 제안도 김민재 욕심·안전기준에는 부족하다는 협상여지가 남는다.,시진핑이 동맹 가입과 태우 전용 특수경제구역을 공식 제시한다.,정상협상·시장선택권,중국 재진출이 추상유혹에서 최고권력의 특례제안이 있는 국가협상으로 올라선다.,시진핑의 특수경제구역 제안에서 김민재가 부족하다고 본 안전장치를 어떻게 더 요구할 것인가?,중국 공식제안.,태우 특수경제구역 추가 안전장치; 동맹 가입 판단,DCA-N67,0.94
713,713,전환점 (3),123301,123480,선전 등 기존 특구를 검토하며 태우 전업종 특례의 실익과 위험을 계산한다.,중국문은 열되 일본의 태우IT 지분위협을 금융전 명분으로 되돌리는 약속.,중국에는 철수권을 요구하고 일본의 49퍼센트 지분강제를 거절한다.,중국의 전 업종 특구 혜택을 검토하는 사이 일본이 자동차동맹 배제를 빌미로 태우IT를 위협한다,두 나라 압박이 겹쳐 한쪽과 손잡으면 다른 쪽 보복이 커진다.,겐이치의 일방통보가 김민재에게 죄책감 없이 일본계획을 실행할 도덕적 명분을 준다.,중국 특구검토와 일본 지분강제 통보·거부가 동시에 발생한다.,시장진출·보복명분,미중선택 협상이 일본과의 두 번째 무역·금융전까지 겹친 삼각전으로 확대된다.,일본의 조기상환 요구를 스스로 당길 방아쇠로 쓸지가 남는다.,일본 지분요구 거절.,차입금 조기상환·D-DAY; 중국 동맹가입 조건 검토,DCA-N67,0.94
714,714,전환점 (4),123481,123642,겐이치가 돌아가자 한 부회장이 일본 대화와 금융포지션을 맞춰 본다.,일본의 조기상환 요구를 D-DAY 방아쇠로 쓰고 중국기업은 권한 없는 임시회원으로만 달래는 약속.,엔화상환 준비를 완료하고 동맹 내부투표·기술접근권을 중국에 주지 않는다.,일본의 차입금 조기상환을 D-DAY 명분으로 쓰고 중국기업에는 권한 없는 임시가입을 설계한다,조기청산은 세계 주가·환율을 흔들고 중국은 형식가입에 불만을 품을 수 있다.,중국은 시작이 반이라 생각하지만 보이지 않는 권한벽을 넘지 못한 채 늦게 깨달을 구조가 된다.,일본 조기상환 요구가 공격명분으로 확정되고 중국 임시가입안이 설계된다.,금융방아쇠·동맹권한,일본·중국 양쪽 압박이 한쪽은 공격시키고 한쪽은 제한적으로 수용하는 비대칭 통제로 바뀐다.,일본 조기상환 요구를 실제 금융공격의 방아쇠로 쓰면서 중국 임시회원의 보이지 않는 권한벽을 지킬 수 있는가?,D-DAY 명분·임시가입 설계.,일본 D-DAY 실행; 중국 임시가입 협상·권한제한,DCA-N67,0.94
715,715,전환점 (5),123643,123789,태우엔터·IT·AI센터·센트리언 등 생소한 계열사들이 중국특구 진출회의에 모인다.,언제든 철수 가능한 중국거점을 만들면서 태우가 키운 바그너 반란을 역사변수로 활용하는 약속.,핵심기술은 밖에 두고 판매·서비스 거점만 열며 러시아행 프리고진을 감시한다.,중국 특구의 철수권 조건을 점검하고 계열사들이 진출준비를 시작한다. 마지막에는 프리고진과 바그너 지도부가 러시아로 가기로 결정하지만 행군·점령·반란결과는 아직 없다.,중국은 현지자산을 인질로 삼을 수 있고 바그너 반란은 태우지원 흔적을 폭로할 수 있다.,중국 특구사업은 철수권을 가진 준비단계에 머무는 반면 프리고진의 러시아행 결정이 회차 말미의 전쟁변수를 단번에 연다.,"철수권을 포함한 중국특구 조건과 계열사 진출준비, 프리고진·바그너 지도부의 러시아행 결정을 확인한다. 실제 중국진입·바그너 행군·반란결과는 미지급이다.",해외거점·전쟁변수,태우 계열사는 중국특구 진출 준비상태가 되고 프리고진은 불만을 품은 지휘관에서 러시아행을 택한 행동주체로 바뀌지만 반란은 결과 전이다.,러시아행을 택한 프리고진과 바그너가 실제로 무엇을 실행하고 푸틴은 어떻게 대응할 것인가?,중국특구 철수권 조건; 계열사 진출준비; 프리고진·바그너 러시아행 결정,중국특구 실제진입; 바그너 행군·반란; 러시아 대응,DCA-N67,0.94
716,716,믿는 구석 (1),123790,123950,바쁜 오전 업무 속 한 부회장이 바그너의 로스토프·자금·가스거점 가능성을 보고한다.,태우가 지원한 장기반란을 세계 에너지수익으로 회수하는 약속.,가스·원유·곡물 포지션과 러시아 대체공급망을 재배치한다.,바그너 반란의 자금·가스거점 장악 가능성을 읽고 한 부회장에게 장기 에너지 대응을 시킨다,반란이 하루 만에 끝나거나 푸틴이 태우통로를 찾으면 투자·외교 모두 역풍을 맞는다.,반란 장기화가 태우지원 덕에 가능하므로 가장 큰 수익도 태우가 받아야 한다는 대가원칙이 선다.,장기반란 시나리오와 에너지 대응포지션이 한 부회장에게 지시된다.,에너지포지션·비밀지원,바그너 지원이 위험비용에서 글로벌 에너지흐름을 바꿀 투자자산으로 전환된다.,바그너가 가스거점을 쥐고 반란을 장기화할 때 한 부회장이 에너지 포지션을 실제 수익·공급망 우위로 바꿀 수 있는가?,장기반란 대응설계.,바그너 반란 장기화·가스거점; 에너지 포지션 집행·결산,DCA-N67B,0.94
717,717,믿는 구석 (2),123951,124124,바그너가 12시간 넘게 행군해 모스크바 코앞에 이르고 프리고진·로만이 메타버스에 접속한다.,반란군 생존선과 자동차동맹의 중국 임시가입을 동시에 통제하는 약속.,보이지 않는 지원을 조건부 유지하고 동맹표결에서 권한제한을 관철한다.,프리고진·로만이 메타버스에서 태우의 보이지 않는 지원을 믿고 자동차동맹 회의가 열린다,바그너 지원은 제재폭탄이고 중국가입은 회원기업의 시장·기술이익을 충돌시킨다.,포드의 제임스가 화기애애한 회의를 이익극대화 눈치싸움으로 바꿔 실제 권한협상이 시작된다.,프리고진은 태우지원선을 믿고 행군을 지속하며 중국기업 임시가입 표결이 열린다.,비밀군사·기업동맹,태우의 유라시아 영향력이 전장과 산업회의 두 곳에서 동시에 상대의 생존·가입을 좌우한다.,자동차동맹 회의가 중국기업의 임시가입·권한·기술조건을 어디까지 허용할 것인가?,바그너 지원확인·가입회의 발화.,중국기업 임시가입 표결; 권한·기술조건; 기존 회원 이해조정,DCA-N67B,0.94
718,718,믿는 구석 (3),124125,124294,14억 시장을 버릴 수 없는 자동차회사들이 중국의 독을 알면서도 가입을 원한다.,중국은 권한 없는 임시회원으로 만족시키고 일본은 제외해 엔캐리전쟁 명분을 쌓는 약속.,중국시장 접근은 열되 기술·표결은 막고 일본의 금리정책을 흔들 공동이익을 만든다.,중국기업을 권한 없는 임시회원으로 받고 일본은 제외한 뒤 일본 금리인상 유도책을 찾는다,중국은 차별대우를 눈치챌 수 있고 일본 배제는 새 무역보복을 부른다.,일본이 금리인상을 안 하면 태우·금융타워가 할 수밖에 없는 상황을 만들 능력이 있다.,"중국 임시가입과 일본 제외, 금리인상 유도작전의 방향이 합의된다.",동맹구조·통화압박,자동차동맹은 중국을 제한적으로 흡수하고 일본을 금융공격의 제물로 고립시키는 체계로 바뀐다.,중국 임시가입·일본 배제 뒤 일본이 스스로 금리를 올릴 수밖에 없는 금융압박을 어떻게 설계할 것인가?,중국 임시가입·일본 배제.,일본 금리인상 유도책·실행; 중국 임시회원 관리,DCA-N67B,0.94
719,719,믿는 구석 (4),124295,124452,반란과 전쟁터에서 일주일이 억겁처럼 흐르며 러시아 양쪽 압박이 커진다.,동유럽 무기납기와 미7함대 부산배치로 한국이 전쟁종결을 흔들 군사·물류 레버리지를 얻는 약속.,최재석에게 미국보충전력·수에즈 우선운송·부산 군항조건을 제시한다.,바그너·우크라이나가 러시아를 압박하자 동유럽 무기 납기와 미 7함대 부산 배치를 최재석에게 제안한다.,미국·러시아·중국 반발과 대통령의 정치·건강부담이 크다.,사전작업만으로 최재석가 지칠 만큼 본작전은 국가수명을 깎는 규모가 될 것이 드러난다.,동유럽 무기납기 가속과 미 7함대 부산배치안을 청와대 의제로 올린다. 미국 승인·실제 배치는 아직 전이다.,군사물류·국가위상,한국이 무기공급국에서 전쟁출구와 동북아 미군배치를 제안할 레버리지 보유국으로 이동하지만 실행은 승인 전이다.,백악관이 동유럽 무기납기와 미 7함대 부산배치안을 승인하고 실행할 것인가?,군수·7함대 제안의 청와대 의제화,미국 승인; 무기 우선운송; 7함대 실제 부산배치,DCA-N67B,0.94
720,720,믿는 구석 (5),124453,124612,데이비드가 이틀 만에 백악관을 설득해 무기수송·부산배치 길을 연다.,수에즈 우선운송과 중국특구를 북한·러시아 육로까지 잇는 경제영토로 확장하는 보상.,군수·철도·특구·항만을 태우 영향력이 유지되는 시스템으로 묶는다.,미국이 항모운용 제안을 받아들이고 무기수송선은 13일 만에 수에즈에 도착해 대기 없이 통과한다. 전투기는 이미 폴란드에 있고 동유럽 재고도 우크라이나로 넘어간 것을 확인한 뒤 지린특구·북한·러시아 육로 경제영토를 설계한다.,전쟁·정권이 바뀌면 개별계약은 무너질 수 있어 영속구조가 필요하다.,"미국 승인과 수에즈 무대기 통과, 폴란드 전투기·우크라이나 재고라는 군수 영수증이 나온 뒤 전시물류가 유라시아 경제영토 구상으로 확장된다.","미국의 항모운용 제안 수락, 무기수송선의 13일 내 수에즈 도착·무대기 통과, 폴란드 전투기와 우크라이나 동유럽 재고 이전을 확인한다. 지린특구·북방 육로 경제영토는 설계 단계다.",경제영토·물류시스템,"태우의 간접 군수지원은 승인·수송·전진배치가 확인된 실물망이 되고, 다음 확장은 중국특구와 북한·러시아를 잇는 경제영토 구상으로 옮겨간다.",실제로 움직인 군수망을 지린특구·북한·러시아 육로의 지속 가능한 경제영토로 바꿀 수 있는가?,미국 항모운용안 수락; 무기선 13일·수에즈 무대기 통과; 폴란드 전투기·우크라이나 재고 이전,지린특구 실제진입; 북한·러시아 육로 경제영토; 장기 거버넌스,DCA-N67B,0.94
721,721,중재자 (1),124613,124802,반란군 딱지 아래 바그너가 몸은 편해도 매일 지옥 같은 불안을 견딘다.,가스관 장악을 지렛대로 최재석·김민재가 전쟁출구를 책임지는 중재자가 되는 약속.,한국 대통령·태우 회장 공동으로 푸틴·프리고진 조건을 교차 설득한다.,바그너와 우크라이나의 가스관 장악을 이용해 최재석과 직접 러시아 중재에 나서기로 한다,양측 강경파·우크라이나·미국 모두 다른 조건을 원해 실패하면 한국외교가 손상된다.,김민재 마음을 읽은 최재석이 먼저 공동중재를 제안해 못 이기는 척 받아들일 관계가 확인된다.,한국 최고권력과 태우가 직접 러시아중재에 나서기로 결정한다.,국가중재·관계,비밀리에 전쟁을 움직이던 두 사람이 공개적 전쟁출구의 책임주체로 올라선다.,직접중재를 결정한 김민재·최재석이 러시아·우크라이나·바그너의 안전과 이해를 묶은 협상조건을 만들 수 있는가?,직접중재 결정.,러우 직접중재 조건; 푸틴·프리고진·우크라이나 협상; 신변안전,DCA-N68,0.94
722,722,중재자 (2),124803,124955,우크라이나가 가스관을 완전히 장악한 보름 뒤 일본이 태우IT 지분 49퍼센트를 강제한다.,일본철수 선언으로 공격받은 자존심을 일본 디지털생태계 붕괴위기로 돌려주는 약속.,서비스·인력·데이터의 단계철수와 대체불가능 기능 중단을 예고한다.,일본의 태우IT 지분 49퍼센트 강제안에 일본 철수를 선언하도록 한다,철수는 태우도 거대 일본매출·사용자를 잃고 현지소비자 피해비판을 받는다.,태우IT 자존심을 보상받으려면 일본 업계 전체를 짓밟아야 한다는 강한 보복선이 선다.,태우IT의 일본철수 선언과 서비스축소 준비가 실행된다.,시장철수·보복,"태우IT는 일본 철수를 선언해 일본 디지털서비스에 손실위험을 만들지만, 일본 정부의 협상요청·정책변화는 아직 없다.",태우IT 철수선언이 일본 업계·소비자·정권에 어떤 실제 비용과 반응을 일으킬 것인가?,태우IT 일본철수 선언·서비스축소 준비,일본 업계·소비자·정부 반응; 실제 철수·보복·협상,DCA-N68,0.94
723,723,중재자 (3),124956,125111,기시다는 약한 당내입지 탓에 극우의 태우IT 강제안을 받아들인 대가를 치른다.,일본총리 지지율을 무너뜨리고 러우중재를 코리아 디스카운트 제거의 국가위상으로 환전하는 약속.,철수피해 여론을 키우며 일본 금융공격·한국 국제평가를 함께 설계한다.,태우IT 철수로 일본 총리 지지율을 무너뜨리고 러시아 중재의 국가위상 보상을 계산한다,일본이 보복하면 글로벌증시가 흔들리고 중재가 실패하면 국가신뢰 보상도 사라진다.,중재는 한국 위상·태우미래와 함께 러우 시장의 막대한 직접수익까지 준다.,"기시다 지지율 급락과 일본 금융보복 가능성, 한국 중재의 국가보상 계산이 확인된다.",정치교체·국가평가,IT기업 분쟁이 일본정권·한국증시 평가를 동시에 바꾸는 국가급 판으로 확대된다.,크렘린에서 푸틴에게 거절하기 힘든 휴전패키지를 내밀 일이 남는다.,일본 정치압박·중재 보상설계.,푸틴 휴전협상; 러시아·우크라이나 투자보상; 엔캐리 대응,DCA-N68,0.94
724,724,중재자 (4),125112,125254,크렘린은 반란 뒤 경호·보안이 몇 배 강화된 전시요새가 됐다.,전쟁 이전선·가스관·횡단철도·한국투자로 푸틴이 거절하기 힘든 출구를 만드는 약속.,바그너 반란종식을 조건으로 체면·경제·안보 대가를 패키지로 제시한다.,크렘린에서 푸틴에게 전쟁 이전선 휴전·가스관·횡단철도·한국투자를 제시한다,푸틴은 영토포기와 강경파 반발을 감수해야 하고 우크라이나 동의도 아직 없다.,누가 머리를 잡아 움직이는 듯 푸틴이 천천히 고개를 끄덕여 제안의 압력이 통한다.,푸틴이 전쟁 이전선 휴전안과 경제패키지를 듣고 천천히 고개를 끄덕여 수용 의사를 보인다. 구체 조건·최종 합의는 아직 전이다.,휴전조건·국가투자,전쟁을 계속하던 러시아가 바그너 정리와 한국투자를 조건으로 출구를 검토하고 수용 의사를 보이는 상태로 바뀌지만 구체 조건은 남는다.,푸틴의 고개 끄덕임을 실제 휴전합의와 바그너 반란 종식으로 바꿀 수 있는가?,푸틴의 휴전안 수용 의사 확인,푸틴의 구체 조건; 바그너 반란 종식,DCA-N68,0.94
725,725,중재자 (5),125255,125407,푸틴의 조건부 승낙만 얻은 김민재·최재석에게 러시아 강경파 개입시간이 다가온다.,흑해 프리고진을 먼저 설득해 푸틴이 생각을 바꿀 틈을 없애는 약속.,태우선박으로 급히 이동해 아프리카 사업·신변안전·명예로운 퇴장을 제시한다.,푸틴의 조건부 승낙을 받아 낸 뒤 흑해의 프리고진에게 향해 러시아 강경파보다 먼저 현장 합의를 시도한다,프리고진은 반란군 생존·권력을 포기해야 하고 현장협상 실패시 푸틴도 철회한다.,상황을 더 볼 푸틴에게 생각할 겨를조차 주지 않는 두 한국인의 속도가 전환점이 된다.,푸틴 조건부 승낙은 확보됐지만 프리고진 최종합의는 아직 미지급인 채 현장으로 이동한다.,시간압박·중재실행,궁정의 조건부 문서협상이 흑해 현장에서 반란을 실제 끝낼 초단기 행동으로 바뀐다.,흑해로 먼저 움직인 두 사람이 프리고진에게 어떤 출구를 제시해 반란을 끝낼 것인가?,푸틴 조건부 휴전.,프리고진 현장협상; 바그너 반란 종식,DCA-N68,0.94
726,726,새로운 질서 (1),125408,125577,태우해운 선박에는 프리고진과 청와대 경호팀·태우 PMC가 서로를 경계한 채 마주 앉아 있다.,아프리카 사업과 안전한 퇴장을 보장해 바그너 반란을 총성 없이 끝내는 보상.,프리고진에게 병력 철수·가스관 반환과 생존 가능한 사업출구를 맞바꾼다.,태우해운 선박에서 프리고진에게 아프리카 사업과 안전한 퇴장을 보장해 반란을 끝내고 미국으로 향한다,프리고진은 푸틴의 보복을 믿지 못하고 김민재도 반란군 수장을 보호한다는 정치비용을 져야 한다.,패자가 죽지 않고 사업가로 퇴장할 수 있다는 조건이 프리고진의 마지막 저항을 꺾는다.,프리고진이 김민재와 악수하고 바그너 반란을 끝내기로 합의한다.,반란종결·신변보장,러시아 내전위기는 프리고진의 아프리카 퇴장과 가스관 반환이 예정된 합의상태로 전환된다.,러시아 불을 끈 김민재가 백악관을 어떤 자료와 조건으로 설득할 것인가?,프리고진 퇴장계약·바그너 반란.,미국 승인; 우크라이나 설득; 러시아·우크라이나 휴전 집행,DCA-N68,0.94
727,727,새로운 질서 (2),125578,125735,백악관 독대에서 김민재는 아직 공개할 수 없는 하마스 침공정보를 바이든에게 꺼낸다.,민간인 학살을 막을 PMC 투입과 우크라이나 휴전 설득을 미국의 승인 아래 묶는 약속.,미국이 두 작전을 허용하도록 성공비용과 실패비용까지 태우가 부담한다고 제안한다.,바이든에게 하마스 사전 PMC 방어비를 태우가 대고 우크라이나 설득 실패비용까지 책임지겠다고 한다,수조 달러가 걸린 두 전쟁에 기업이 개입하며 실패하면 자금·평판·미국 신뢰를 동시에 잃는다.,바이든이 비용을 묻자 김민재는 우크라이나 설득에 실패해도 태우가 책임진다고 판돈을 키운다.,미국 대통령 앞에 하마스 사전방어와 우크라이나 휴전을 건 태우의 전액책임 조건이 올라간다.,국제개입·재무위험,태우는 조력자가 아니라 두 전쟁의 성패와 비용을 자기 장부에 거는 당사자가 된다.,수조 달러 위험을 건 약속을 실제 우크라이나 휴전과 태우그룹의 성장으로 바꿀 수 있는가?,미국에 제시할 책임조건.,바이든의 우크라이나 설득; 휴전 성사; 실패 시 태우 생산거점 이전,DCA-N68,0.94
728,728,새로운 질서 (3),125736,125883,백악관을 나온 뒤 데이비드는 위험을 걱정하고 천민정은 김민재의 다음 수를 기다린다.,유럽의 휴전지지·러시아 진출명분·일본 공매도를 한 패키지로 묶어 전쟁비용을 사업보상으로 되찾는 약속.,인도주의적 중재자 이미지를 만들면서 러시아 재건권과 일본 금융수익을 동시에 확보한다.,유럽 설득·러시아 진출 이미지·일본 공매도를 병행하며 휴전 개시 전 명분을 포장한다,어느 한 축이라도 어긋나면 평화명분은 전쟁장사 비난으로 뒤집히고 대규모 공매도도 노출된다.,국제적 선의라는 무형자산이 러시아시장과 일본전쟁의 실제 담보가 될 수 있다는 계산이 선다.,유럽·러시아·일본을 한꺼번에 움직일 휴전 보상패키지와 역할분담이 정리된다.,명분·국제사업,수조 달러 도박은 전쟁 하나의 중재가 아니라 세 지역의 정치·시장보상을 교환하는 구조가 된다.,유럽·러시아·일본 이해를 묶은 보상패키지가 실제 휴전명분과 각 지역의 협조로 작동할 것인가?,다자 보상패키지 설계.,유럽·러시아·일본의 패키지 수용; 휴전 개시·보상 집행,DCA-N68,0.94
729,729,새로운 질서 (4),125884,126045,일본 금융청의 조기상환 권고가 태우의 엔캐리 포지션을 정면으로 건드린다.,일본의 압박을 금융태풍으로 되돌리고 우크라이나 재건에서 가장 큰 장기보상을 고르는 약속.,상환시점과 공매도 충격을 재설계하면서 휴전대가를 통신·원전·자동차 재건으로 구체화한다.,일본 금융청의 조기상환 권고를 태풍으로 키우는 한편 우크라이나 재건 보상안을 고른다,일본 당국이 자금흐름을 막을 수 있고 우크라이나는 외국기업이 전후경제를 독식한다며 거부할 수 있다.,단기 현금보다 국가 인프라를 잡아야 우크라이나에 꽂은 거대한 빨대가 오래 간다는 선택이 내려진다.,일본 조기상환에 맞설 금융전 방향과 우크라이나 재건산업 우선순위가 확정된다.,금융보복·재건권,"휴전의 추상적 보상이 우크라이나에도 태우에도 이득이 될 재건사업 한 건을 고르는 단계로 바뀌지만, 사업명과 제안은 아직 나오지 않는다.",우크라이나에도 태우에도 이득인 ‘딱 하나’의 사업카드는 무엇이며 대통령을 움직일 수 있는가?,일본 대응·재건대가 선택.,우크라이나 재건카드; 대통령 방한·휴전 담판; 일본 조기상환 대응,DCA-N68,0.94
730,730,새로운 질서 (5),126046,126215,젤렌스키는 전쟁을 계속해야 정치생명을 지킬 수 있다는 유혹과 국가소모 사이에 서 있다.,부패자금 회수와 통신망·원전·자동차 재건을 내밀어 휴전 쪽이 더 큰 정치적 생존로가 되게 하는 약속.,연임을 위한 전쟁의 위험을 지적하고 회수 가능한 국고자료와 전후산업 패키지를 건넨다.,젤렌스키에게 부패자금 회수 자료·통신망·원전·자동차 재건안을 내밀고 휴전 결단을 요구한다,젤렌스키가 권력유지를 택하거나 재건권 독식조건을 거부하면 미국과 맺은 도박도 함께 무너진다.,김민재가 부패자금의 실제 흐름과 국고회수 가능액을 보여 주며 도덕론을 계산 가능한 선택으로 바꾼다.,젤렌스키에게 부패자금 회수 자료를 건네고 통신망·원전·자동차 재건 패키지와 휴전의 정치적 이득을 제시한다. 휴전 결단·사업권·부패자금 회수는 아직 전이다.,휴전결단·재건주도권,우크라이나 대통령의 선택지는 전쟁 지속 대 휴전이 아니라 부패권력 대 국고회수·재건으로 다시 짜인다.,젤렌스키가 부패자금 회수자료와 재건패키지를 검토해 어떤 협상신호·휴전결단을 보낼 것인가?,젤렌스키 설득자료 전달; 재건패키지 제안,젤렌스키의 검토·협상신호·휴전결단; 부패자금 회수·재건권,DCA-N68,0.94
731,731,나비 효과 (1),126216,126382,우크라이나에서 협상 가능신호가 오자 금융타워는 일본의 예상보다 먼저 움직일 창을 얻는다.,엔캐리 전액청산을 일주일 앞당겨 일본 금융청의 계산과 세계시장의 균형을 동시에 깨는 보상.,대출을 나눠 갚으리라는 전제를 역이용해 보유포지션을 한꺼번에 정리한다.,우크라이나·벨라루스 협상일정을 확정하고 이스라엘 PMC 계약·드론 수송·대피소 착공을 확인한다. 일본에는 1천2백억 달러 상당 엔화를 반나절 만에 상환해 니케이 15퍼센트·나스닥과 KOSPI 6퍼센트 하락을 만들고 자민당 비자금 자료를 축적한다.,조기청산은 니케이뿐 아니라 나스닥까지 떨어뜨려 미국의 환율감시와 동맹국 반발을 부른다.,"휴전협상과 중동 방어선이 지급된 뒤 일본 엔화상환이 반나절 시장충격으로 번지고, 김민재는 즉시 협상을 요구하기보다 비자금·미국압박을 장기카드로 쌓는다.","우크라이나·벨라루스 협상일정, 이스라엘 PMC 계약·드론 수송·대피소 착공, 일본 엔화 1천2백억 달러의 반나절 상환과 니케이 15퍼센트·나스닥/KOSPI 6퍼센트 하락을 확인한다. 두 배 수익과 일본 협상요청은 미지급이다.",통화전쟁·시장충격,러우 휴전선과 이스라엘 민간방어선이 실행단계에 들어가고 일본전은 대규모 엔화상환·시장충격을 낸 뒤 비자금 자료를 쌓는 장기 압박으로 바뀐다.,자민당 비자금 자료와 미국 압박 가능성을 언제 공개해 총리 사퇴·중의원 해산까지 끌어낼 것인가?,우크라이나·벨라루스 협상일정; 이스라엘 PMC·드론·대피소; 엔화 1천2백억 달러 반나절 상환·시장하락,엔캐리 최종수익; 자민당 비자금 공개; 미국 압박; 총리 사퇴·중의원 해산; 일본 협상요청,DCA-N68,0.94
732,732,나비 효과 (2),126383,126556,니케이와 엔화가 함께 흔들리면서 일본 금융청의 분할상환 계산이 완전히 빗나간다.,일시상환 충격으로 일본 정부를 협상장에 끌어내고 금융청의 책임을 정치문제로 만드는 약속.,환율감시 위험을 버티며 재차입 조건과 일본 정치통제의 두 경로를 준비한다.,"전액상환 충격을 받은 일본 금융청의 30조 엔 대응회의와 미국의 환율관찰국 지정을 확인하고, 일본의 협상요청에 김민재·한 부회장 투트랙으로 대응한다.",미국이 환율조작국 카드를 꺼낼 수 있고 일본이 국가자산을 동원하면 금융타워도 손실을 입는다.,"일본은 분할상환 시나리오가 깨진 뒤 금융청 책임론과 협상을 논의하고, 김민재는 시장기술만으로 끝내지 않고 일본 정치까지 바꾸려 한다.","일본 측 협상요청과 금융청 책임론, 한 부회장·김민재의 투트랙 대응을 얻는다. 전액상환은 이 화의 새 행동이 아니라 진입 배경이다.",정부협상·정치개입,"전액상환의 시장충격을 받은 일본이 협상을 요청하고, 금융분쟁은 현 정부의 생존과 차기권력을 겨누는 정치전으로 넘어간다.",한 부회장이 기시다에게 제시할 국가급 조건과 김민재가 만날 일본 야권인물이 갈린다.,일본 협상요청; 금융청 책임론; 대응역할 분담,한 부회장의 일본 정부 협상조건; 김민재의 야권 접촉; 일본 정권교체,DCA-N70,0.94
733,733,나비 효과 (3),126557,126729,한 부회장과 조지는 흔들리는 일본 총리관저에서 기시다와 공식협상을 시작한다.,재차입·금리정책·미국채 처리와 공식사과를 교환해 일본 국가자산을 태우의 안전판으로 만드는 약속.,금융타워가 시장충격을 멈출 수 있는 조건을 기시다에게 국가단위 청구서로 제시한다.,한 부회장·조지가 기시다에게 중앙은행 보증·우대금리·세제·핀테크 개방·자본규제 완화와 총리 사퇴·중의원 해산 약속을 받아낸다.,기시다는 극우파·관료조직의 반발을 감수해야 하고 거부하면 은행·증시 붕괴가 더 커진다.,기시다가 조건 자체보다 같은 시각 김민재가 누구를 만나는지 모른다는 사실이 협상의 정보격차를 드러낸다.,기시다가 중앙은행 보증·우대금리·세제·핀테크 개방·자본규제 완화와 총리 사퇴·중의원 해산을 약속한다. 재차입·미국채 매입과 시장 정상화는 주말 집행 전이다.,국가자산·협상력,"채무상환 협상은 일본 통화·핀테크 정책과 총리직·의회해산까지 금융타워가 조건으로 거는 국가급 거래가 되지만, 실행은 아직 남는다.",같은 시각 김민재는 기시다가 모르는 누구를 만나 무슨 다음 수를 두고 있는가?,기시다의 금융보상·사퇴·중의원 해산 약속 확보,김민재의 비공개 접촉; 일본 정부 약속 집행; 금융시장 정상화,DCA-N70,0.94
734,734,나비 효과 (4),126730,126889,김민재는 기시다 협상과 별도로 곤조를 만나 자민당 불법자금의 약점을 꺼낸다.,환율보험의 반대포지션 이익과 선거자금을 제공해 일본 금융계·야당연합을 한편으로 만드는 약속.,곤조가 자민당과 결별하고 정권교체의 얼굴이 되도록 증거·돈·금융안전을 묶어 제안한다.,곤조 의원에게 자민당 불법자금 자료와 야권 자금통로를 제시하고 환율보험 반대포지션이 보험금 지급조건에 닿았음을 확인한다.,야권이 외국기업의 꼭두각시로 보이면 선거에서 역풍을 맞고 불법자금 폭로도 태우 개입을 드러낸다.,은행·보험사를 이미 장악한 금융타워가 선거자금까지 합치면 일본 금융계를 통째로 삼킬 수 있음이 확인된다.,곤조와 야당연합에 자민당을 무너뜨릴 증거·합법적 자금통로를 제공하고 환율보험 지급조건 충족을 확인한다. 보험금·은행지분 수령은 아직 전이다.,야권연합·금융장악,"일본 금융전의 상대가 자민당 정권으로 바뀌고 곤조가 대체권력 후보로 서며, 보험보상은 청구·지급 전 단계에 들어간다.",충족된 환율보험 조건을 실제 보험금·대형은행 지분으로 지급받고 야권자금을 깨끗하게 운용할 수 있는가?,곤조 포섭; 자민당 불법자금 카드; 환율보험 지급조건 확인,보험금·은행지분 실제 지급; 합법적 선거자금; 자민당 해산,DCA-N70,0.94
735,735,나비 효과 (5),126890,127049,일본 금융기관들은 시장손실을 갚을 현금이 부족하고 야권에는 선거를 치를 깨끗한 돈이 필요하다.,보험금 대신 3대 은행 지분을 받고 불법 건설자금 없이 야당연합의 집권기반을 세우는 보상.,금융기관 소유권과 선거자금의 출처를 분리해 장기지배가 폭로로 무너지지 않게 한다.,니케이는 12퍼센트 반등하고 나스닥은 낙폭을 회복하며 KOSPI는 사태 전보다 4퍼센트 오른다. 금융타워는 일본 보유 미국채를 사들이고 야권은 정치인 이름·금액·녹취를 공개한다. 곤조는 50억 엔을 받고 30억 엔을 더 약속받지만 더러운 10억 엔은 거절한다.,은행지분 인수는 외국자본의 일본금융 잠식비판을 부르고 검은돈을 거절하면 선거동원력이 약해진다.,"금융시장의 반등과 미국채 매입이 일본전의 자금흐름을 재편하고, 야권의 실명·금액·녹취 공개와 곤조의 자금선택이 선거전의 규율을 세운다.","니케이 12퍼센트 반등·나스닥 낙폭회복·KOSPI 사태 전 대비 4퍼센트 상승, 금융타워의 일본 보유 미국채 매입, 야권의 실명·금액·녹취 공개와 곤조의 50억 엔 수령·30억 엔 추가약속을 얻는다. 환율보험금·3대 은행지분은 미지급이다.",은행소유·정치자금,금융타워는 일본 이탈 미국채를 흡수하고 일본 야권은 증거와 합법자금으로 선거전에 들어간다. 일본 은행의 소유권은 아직 바뀌지 않는다.,총리 사퇴·중의원 해산 뒤 일본 총선과 같은 시각 겹치는 중동기습·러우휴전을 함께 통제할 수 있는가?,일본·미국·한국 증시 반등; 일본 보유 미국채 매입; 야권 실명·금액·녹취 공개; 곤조 50억 엔·30억 엔 약속,환율보험 보상; 일본 3대 은행지분; 중의원 총선; 중동기습·러우휴전,DCA-N70,0.94
736,736,거짓된 평화 (1),127050,127212,기시다 퇴진과 중의원 해산이 발표되는 동안 하마스 기습예정일과 러우 휴전시한도 겹친다.,일본 정권교체·중동 민간인 보호·유럽 휴전을 같은 날 놓치지 않고 성립시키는 약속.,각 지역의 현장팀과 정치파트너를 동시에 움직여 세 사건의 실행시각을 맞춘다.,기시다 퇴진·중의원 해산 속 하마스 패러글라이더 침공과 러우 휴전 서명을 동시에 대비한다,어느 한곳에 자원이나 정보가 늦으면 선거·학살방지·휴전 가운데 하나가 무너질 수 있다.,러시아와 우크라이나 모두 출구가 절실한 지금이어서 오늘 휴전이 가능하다는 마지막 조건이 맞는다.,일본 총선의 문이 열리고 중동 방어와 러우 휴전도 실행 직전까지 준비된다.,동시작전·시간통제,서로 별개였던 일본 정치전·중동 방어·유럽 평화협상이 하나의 동시 결산일로 수렴한다.,러우의 비공식 합의가 실제 서명으로 닫히고 일본 총선·중동 방어까지 세 전선이 예정대로 결산될 것인가?,세 전선 실행준비.,러우 휴전서명; 일본 총선 결과; 하마스 기습 방어,DCA-N71,0.94
737,737,거짓된 평화 (2),127213,127367,일본 총선을 앞둔 시각 러시아와 우크라이나가 마침내 총성을 멈추는 합의에 도달한다.,전쟁종결의 세계적 신뢰를 일본은행 30조 엔 손실과 뱅크런 공개의 정치적 힘으로 전환하는 보상.,평화중재 브랜드를 굳히면서 일본 금융위기의 책임이 자민당 정권에 돌아가게 한다.,러우 휴전 체결과 태우 브랜드 상승을 확인한 뒤 일본 은행 30조 엔 폭탄·뱅크런을 공개한다,휴전은 깨질 수 있고 대규모 예금인출은 일본 시민피해와 태우 배후론을 키운다.,일본은행의 감춰진 30조 엔 손실이 드러나며 금융위기가 선거구도를 결정할 폭발물로 바뀐다.,러우 휴전이 성립하고 일본은행 손실·뱅크런이 공개돼 야권의 정권교체 동력이 급증한다.,세계평화·정권교체,김민재는 전쟁을 끝낸 기업가에서 일본 총리를 사실상 고를 수 있는 금융권력자로 올라선다.,러우 휴전과 일본 은행 30조 엔 손실 공개가 실제 전후 실행·일본 정권교체로 이어질 것인가?,러우 휴전·일본 금융위기 공개.,러우 휴전 이행; 일본 금융위기·뱅크런; 일본 총선·야권 과반,DCA-N71,0.94
738,738,거짓된 평화 (3),127368,127539,"휴전 뒤 우크라이나 재건에는 부패재벌 콜로노이가, 일본 정권교체에는 야권의 의석부족이 걸림돌로 남는다.",콜로노이의 자금망을 걷어 내고 곤조·나오토 연합이 과반을 차지하게 하는 이중 결산.,우크라이나 국고회수 자료를 집행하고 일본에서 야당 단일대오를 끝까지 유지한다.,콜로노이 수사를 시작하고 일본 총선 출구조사에서 곤조·나오토 야당연합의 50석 증가와 과반 표시를 확인한다.,부패재벌의 반격과 자민당 조직표가 살아 있어 두 나라 모두 막판에 결과가 뒤집힐 수 있다.,콜로노이가 보호막을 잃는 것과 동시에 일본 출구조사에서 야당연합이 자민당 과반을 무너뜨린다.,우크라이나 부패재벌 수사가 시작되고 일본 총선 출구조사에서 곤조·나오토 연합이 과반으로 표시된다. 최종 개표와 새 내각은 아직 전이다.,부패청산·정권교체,"우크라이나 기득권 수사가 시작되고 일본 자민당의 과반은 출구조사상 붕괴하지만, 최종 개표·정권구성은 남는다.",출구조사상 야당 과반이 최종 개표와 새 내각으로 굳어지고 우크라이나 부패수사가 자산회수로 이어질 것인가?,콜로노이 수사 착수; 출구조사상 자민당 과반 붕괴,우크라이나 부패재벌 수사·자산회수; 일본 최종 개표·새 내각; 재건사업,DCA-N71,0.94
739,739,거짓된 평화 (4),127540,127739,일본 야당연합의 약진을 확인하는 동안 하마스 대원들은 패러글라이더로 국경을 넘는다.,AI 드론과 태우 PMC가 침공정보를 실전에서 증명해 민간인 학살을 선제 차단하는 보상.,기습부대를 식별·무력화하되 민간인과 국제법 피해를 최소화한다.,일본 총선에서 자민당 200석·입헌민주당 162석을 확인하고 태우건설은 우크라이나 재건에 들어간다. 이어 하마스 기습을 AI 드론과 PMC가 막아 이스라엘 남서부 민간인 사망 0명을 만들고 이스라엘은 전쟁을 선언한다.,정보가 틀리거나 과잉공격이 발생하면 미국승인·태우 평화브랜드·현지인 생명이 모두 무너진다.,일본 야권의 의석증가·우크라이나 재건착수라는 정치·산업 결과가 지급된 직후 하마스 기습이 터지고 AI 드론·PMC가 민간인 피해 0명으로 막아낸다.,"일본 총선 자민당 200석·입헌민주당 162석, 태우건설의 우크라이나 재건진입, AI 드론·PMC의 하마스 기습차단과 이스라엘 남서부 민간인 사망 0명을 얻는다. 미국의 비용정산·국제보상은 미지급이다.",민간인보호·정보우위,일본 정계는 야권 의석이 크게 늘고 태우건설은 우크라이나 재건사업자가 된다. 태우 PMC·AI 드론은 이스라엘 민간인 방어능력을 실전에서 증명한다.,민간인 방어에 쓴 PMC 비용과 약속된 국제보상을 미국이 어느 범위까지 인정할 것인가?,일본 총선 200대162; 태우건설 우크라이나 재건진입; 하마스 기습차단·민간인 사망 0명,미국 비용정산·국제보상; 이스라엘 전쟁 후속안보,DCA-N71,0.94
740,740,거짓된 평화 (5),127740,127898,세 전선이 계획대로 끝나자 미국대사는 태우가 감당한 PMC 비용과 전쟁종결 대가를 협상한다.,PMC 전액보전·미국기업 동등대우·우크라이나 재건중심권을 공식 보상으로 받는 약속.,미국의 보증을 문서화하고 경쟁자가 몰리기 전에 러시아 전후투자 자리를 선점한다.,미국대사에게 PMC 비용·미국 기업 동등대우·우크라이나 재건 중심권을 받아 낸 뒤 러시아 전후투자를 서두른다,미국기업과 같은 권리는 경쟁을 없애 주지 않으며 러시아 강경파·제재가 자원투자를 막을 수 있다.,평화의 청구서가 현금보전뿐 아니라 우크라이나 국가재건의 중심권으로 인정된다.,미국으로부터 PMC 비용·미국기업 동등대우·우크라이나 재건중심권을 확보한다.,국제보상·재건지위,민간기업의 전쟁개입비용이 미국이 보증하는 국가급 재건권과 시장접근권으로 환전된다.,미국에서 받은 비용·동등대우·재건중심권을 실제 우크라이나 사업과 러시아 전후시장 선점으로 바꿀 수 있는가?,미국 보상협상.,미국 보상 집행; 우크라이나 재건계약; 러시아 전후투자,DCA-N72,0.94
741,741,화룡점정 (1),127899,128080,미국 보상은 받았지만 러시아 자원과 북한 접경지역을 묶을 현지 권력구조는 아직 비어 있다.,로만·푸틴과 공장 무상회수·가스관·횡단철도를 합의해 장남의 북방 영향권까지 넓히는 약속.,러시아 전후자산을 회수하고 함경북도·양강도와 이어질 산업·철도·후계지원 거래를 확정한다.,러시아에서 로만·푸틴과 공장 무상회수·가스관·횡단철도·북한 장남 지원을 합의한다,"제재와 러시아 내부권력투쟁, 북한의 경계가 계약실행과 장남 지원을 동시에 흔든다.",푸틴이 경제회복을 위해 태우 자본뿐 아니라 김민재 장남의 북방역할까지 받아들인다.,러시아 공장 회수·가스관·횡단철도 및 장남 지원의 정치적 토대가 합의된다.,북방경제·후계영향력,김민재 개인의 러시아 투자회수는 함경북도·양강도까지 잇는 가족의 동부경제권으로 확대된다.,미국 대선 양쪽과 관계를 유지해 새 북방질서를 정권교체 뒤에도 지킬지가 남는다.,러시아 전후투자 조건.,미국 대선후원·트럼프 공략.,DCA-N72,0.94
742,742,화룡점정 (2),128081,128250,북방계약을 지키려면 다음 미국정권과도 우호를 확보해야 해 김민재는 텍사스의 머스크·트럼프를 만난다.,무제한 후원으로 트럼프와 거래하면서 민주당 후보교체 가능성까지 대비하는 양쪽 보험.,선거자금·산업협력을 제시하되 어느 당이 이겨도 태우의 전쟁·재건권이 유지되게 한다.,텍사스 농장에서 머스크와 트럼프를 만나 무제한 후원·민주당 후보교체 전략을 제시한다,노골적 후원은 정치개입 비판을 부르고 후보가 바뀌면 이미 건 돈과 관계가 무용해질 수 있다.,아쉬운 처지의 트럼프에게 자금과 머스크 네트워크가 결합되자 태우의 협상력이 가장 크게 먹힌다.,트럼프에 대한 후원·협력통로가 열리고 민주당 후보교체에도 대응할 미국 대선보험이 마련된다.,미국정치·정권보험,현직 바이든과 맺은 국제거래가 차기 공화당 가능성까지 덮는 초당적 생존구조로 바뀐다.,트럼프 후원·머스크 네트워크와 바이든 정부의 기존 거래를 함께 유지해 미국 대선 뒤에도 국제약속을 지킬 수 있는가?,트럼프 협력통로·대선보험.,트럼프 후원·선거전; 민주당 후보변수; 초당적 국제약속 유지,DCA-N72,0.94
743,743,화룡점정 (3),128251,128420,곤조가 총리가 된 일본에서 금융사들은 뱅크런 손실과 높은 보험료를 동시에 떠안고 있다.,보험료를 낮춰 주는 대신 태우 금융플랫폼을 채택시켜 수십 년 고객관계를 가져오는 보상.,새 정부의 협조 아래 은행·보험의 거래기반을 태우 AI 시스템으로 교체한다.,곤조 총리 성립 뒤 일본 금융사 보험료를 깎아 주는 대신 태우 금융플랫폼 가입을 받아낸다,일본 금융사들은 데이터·고객주권을 잃을 수 있고 외국 플랫폼 종속비판도 커진다.,정권교체로 끝날 줄 알았던 일본전이 금융사의 일상업무와 고객접점까지 장악하는 단계로 넘어간다.,곤조 내각과 일본 금융사들이 보험료 인하와 태우 플랫폼 도입을 교환하는 구조가 성립한다.,금융플랫폼·고객지배,일본 정치를 흔든 일회성 공격이 수십 년간 수수료와 데이터를 거둘 상시 금융망으로 굳어진다.,보험료 인하와 맞바꾼 태우 금융플랫폼 도입을 실제 일본 고객·데이터·수수료의 장기독점으로 굳힐 수 있는가?,일본 정권교체 보상구조.,일본 금융플랫폼 구축·고객이전; 데이터·수수료; 규제통합,DCA-N72,0.94
744,744,화룡점정 (4),128421,128566,천민정은 일본 금융사들의 방대한 고객·거래 데이터를 받을 AI 플랫폼을 완성해 간다.,일본 출시를 성공시키고 한 부회장의 중국투자 압박까지 이용해 다음 거대시장으로 확장하는 약속.,AI 위험평가·거래시스템의 효율을 증명하고 중국진입에 필요한 자본·관계 조건을 만든다.,고체배터리 2세대의 성능돌파와 생산단서를 확인하고 천민정의 AI 금융플랫폼을 일본에 적용할 준비를 한다. 김민재는 소외감을 보인 천민정과 오래된 호텔 구상을 다시 논의하고 한 부회장은 중국투자 출장을 준비한다.,일본에서 오류가 나면 금융망 전체가 흔들리고 중국은 기술·데이터 통제를 요구할 수 있다.,2세대 고체배터리의 기술성과 뒤 천민정의 서운함이 드러나자 김민재가 중단됐던 호텔 구상을 함께 꺼내 관계회복과 금융영토 확장을 같은 미래계획으로 묶는다.,"고체배터리 2세대 성능돌파·생산단서, AI 금융플랫폼의 일본 적용준비, 김민재·천민정의 호텔 구상 재개와 한 부회장의 중국출장 준비를 얻는다. 플랫폼 출시·중국투자·호텔 실행은 미지급이다.",AI금융·관계온기,태우는 다음 세대 배터리 단서를 얻고 천민정은 기술개발자에서 일본 금융플랫폼·공동 호텔구상의 파트너로 역할이 넓어진다.,고체배터리 생산단서와 천민정의 AI 금융플랫폼·호텔 구상을 실제 사업과 관계회복으로 이어갈 수 있는가?,고체배터리 2세대 성능돌파·생산단서; 일본 금융플랫폼 준비; 김민재·천민정 호텔구상 재개,고체배터리 양산; 일본 플랫폼 출시; 중국 투자; 호텔 실행·관계회복,DCA-N72,0.94
745,745,화룡점정 (5),128567,128730,"이영한의 보고로 일본과 지린의 사채망, 장남이 만든 북방 세력의 윤곽이 드러난다.",개인복수에서 출발한 금융전을 가족의 남북협상과 대륙진출로 마무리하는 약속.,장남의 현지기반을 살리면서 북한이 받아들일 특사와 경제조건을 고른다.,이영한에게 일본·지린 사채망과 북한 장남 세력을 확인한 뒤 김태중이 대북특사를 자청한다,북한은 재벌가의 개입을 의심하고 김태중이 실패하면 가족과 정부 모두 정치적 타격을 입는다.,김태중이 위험한 특사역을 스스로 청하고 김민재가 할아버지의 능력과 신뢰를 다시 확인한다.,김태중이 남북협상의 특사로 나서기로 하며 가족의 북방사업이 국가외교선과 연결된다.,가족신뢰·남북외교,"지켜야 했던 할아버지가 손자의 마지막 국가사업을 맡고, 손자는 안전보장과 선물을 준비하는 상호신뢰로 관계가 바뀐다.",대북특사를 자청한 김태중이 평양에서 어떤 회담·철도·안전조건을 실제 협상선에 올릴 수 있는가?,김태중 특사결정·가족신뢰.,김태중의 평양 특사협상; 다자회담·횡단철도 조건; 신변안전,DCA-N73,0.94
746,746,부담스러운 선물 (1),128731,128901,김태중은 평양특사라는 마지막 임무를 받아 북한과 주변국을 동시에 설득해야 한다.,남북정상회담과 5개국 합의를 성사시켜 러시아·유럽으로 이어지는 육로를 여는 약속.,북한에 체면과 경제이익을 주고 한국·중국·러시아·미국의 이해를 횡단철도에 묶는다.,"김태중이 평양 특사를 마치고 다음 달 남북 정상회담과 중국·러시아·미국이 참여할 5개국 회담 약속을 확보한 동안, 고체배터리의 휴대폰·가전 적용계획을 점검한다.","북한의 변심과 주변국 견제, 김태중 개인의 안전이 모두 합의를 가로막는다.","김태중이 2박3일 특사 일정으로 남북 정상회담뿐 아니라 5개국 회담 약속까지 받아 왔고, 김민재는 평화보다 유럽 육로의 실익을 본다.",김태중의 안전한 귀환과 다음 달 남북 정상회담·5개국 회담 약속이 발표된다. 회담 개최와 철도합의는 아직 전이다.,남북외교·대륙물류,가족의 위험한 임무가 남북·5개국 회담 약속과 태우의 유럽 육로 가능성으로 진전되지만 실제 회담·철도조건은 남는다.,다음 달 남북 정상회담과 5개국 회담 약속을 실제 철도합의·통행보장으로 바꿀 수 있는가?,김태중의 평양 특사 귀환; 남북·5개국 회담 약속 확보,남북·5개국 회담 개최; 횡단철도 비용·통행보장 합의; 고체배터리 확장,DCA-N73,0.94
747,747,부담스러운 선물 (2),128902,129069,최재석은 남북정상회담에서 북한과 주변국이 감당할 철도비용·안전보장을 조율한다.,40조 원 규모 북한 횡단철도를 합의해 북방경제권을 실제 착공 가능한 계약으로 만드는 보상.,각국 분담과 태우의 건설·물류권을 확정하고 정상들의 정치적 체면을 맞춘다.,최재석과 남북 정상회담·북한횡단철도 40조 비용을 논의한 뒤 머스크를 맞는다,천문학적 비용과 제재·정권변화가 착공 전 합의를 무효로 만들 수 있다.,정상회담 성과가 발표되자 머스크가 고체배터리를 스페이스X 로켓에 쓰자며 예상 밖 수요를 제시한다.,남북 횡단철도 40조 원 합의가 성립하고 고체배터리에 우주산업 고객이 붙는다.,횡단철도·우주수요,북방육로와 배터리사업이 각각 국가인프라·우주산업이라는 더 큰 장기계약으로 도약한다.,40조 원 횡단철도 합의 뒤 머스크가 제시한 우주용 고체배터리 수요를 어떤 공장·표준·공급계약으로 묶을 것인가?,남북정상회담·횡단철도 합의.,횡단철도 집행·착공; 우주용 배터리 공장·표준·공급계약,DCA-N73,0.94
748,748,부담스러운 선물 (3),129070,129224,머스크의 우주선 배터리 제안과 천민정의 일본 금융플랫폼 출시일이 동시에 다가온다.,우주선용 고체배터리 공장·탈부착 표준과 일본 AI 금융망이라는 두 독점을 확보하는 약속.,머스크와 생산·표준 조건을 합의하고 일본 금융사 고객을 새 플랫폼으로 안전하게 이전한다.,"머스크가 우주선용 고체배터리 공장·시험과 휴머노이드 공동개발, 탈부착 배터리 표준을 받아들인다. 다음 날 일본 AI 금융플랫폼이 출시돼 가입자와 금융상품 이용이 급증하고 금융타워 계열사들은 북한 횡단철도 투자에 동의해 51대49 배분안을 짠다.",우주품질 사고는 생명을 위협하고 금융플랫폼 장애는 일본 전역의 거래를 멈출 수 있다.,"우주배터리·휴머노이드 협업 수락이 나온 직후 일본 플랫폼이 실제 이용자를 끌어모으고, 그 금융망의 다음 자금은 북한 횡단철도 공동투자로 이동한다.","머스크의 우주배터리 공장·시험·휴머노이드 공동개발·탈부착 표준 수락, 일본 AI 금융플랫폼 출시와 가입자·상품이용 급증, 금융타워 전 계열사의 횡단철도 투자동의를 얻는다. 공장건설·51대49 최종계약은 미지급이다.",기술표준·금융독점,고체배터리는 우주선·휴머노이드의 공동표준 후보가 되고 일본 금융플랫폼은 실제 고객을 얻는다. 금융타워는 횡단철도 공동투자자로 결집한다.,우주배터리 협업과 일본 플랫폼의 초기수요를 반복수익으로 키우고 횡단철도 투자동의를 현장 착공으로 바꿀 수 있는가?,머스크의 우주배터리·휴머노이드·탈부착 표준 수락; 일본 플랫폼 출시·초기이용 급증; 금융타워 횡단철도 투자동의,우주배터리 공장·시험; 일본 플랫폼 반복수익; 횡단철도 51대49 최종계약·착공,DCA-N73,0.94
749,749,부담스러운 선물 (4),129225,129398,남북 횡단철도 착공식에 정상·기업·지역주민이 모여 수년간 준비한 북방경제권의 첫 삽을 기다린다.,"횡단철도 착공과 천민정의 AI 코로나·희귀질병 치료제 노벨 화학상을 지급하고, 기자 공세 속 김민재가 직접 그녀를 안아 보호하는 관계 영수증까지 닫는다.",횡단철도 착공을 공식화하고 노벨 화학상 소식에 겁먹은 천민정을 언론 노출에서 즉시 지킨다.,"북한 횡단철도 착공식에서 첫 삽을 뜬 뒤 천민정이 AI로 코로나 치료제와 희귀질병 치료제를 개발한 공로로 노벨 화학상 수상자가 됐다는 소식을 받는다. 회의실에 숨은 천민정에게 수상 자격과 과거 보호를 보증하고, 다리에 힘이 풀린 그녀의 머리를 양복 상의로 가린 채 안아 들어 조용히 회사 밖으로 빠져나간다.","철도는 착공 뒤 제재·공사비·정권변수를 견뎌야 하고, 천민정은 과거가 드러날 공포와 쏟아지는 인터뷰 요청 때문에 수상을 감당하지 못한다.","AI 치료제 개발 공로가 노벨 화학상으로 공식화된 직후, 김민재가 상보다 천민정의 안전을 우선해 양복으로 가리고 직접 안아 회사 밖으로 데려간다.","북한 횡단철도 착공, 천민정의 AI 코로나 치료제·희귀질병 치료제 개발 공로 노벨 화학상, 김민재의 공개보증과 양복 차폐·안아 들기라는 실제 보호행동이 지급된다.",대륙착공·기술명예,북방경제 구상은 착공현장을 얻고 천민정은 세계가 인정한 연구자가 된다. 두 사람의 관계는 김민재가 공포에 굳은 천민정을 품에 안아 언론에서 빼내는 공개적 보호와 신뢰로 한 단계 굳어진다.,저택으로 데려온 천민정이 언론의 관심을 견딜 수 있도록 태우가 어떤 보호·공개방식을 마련할 것인가?,횡단철도 착공; AI 치료제 공로 노벨 화학상; 천민정 수상자격·과거 보호보증; 양복으로 가리고 안아 회사 밖으로 이동,천민정의 인터뷰·사생활 보호; 횡단철도 공사·운영; 노벨상 이후 두 사람의 관계,DCA-N74,0.94
750,750,부담스러운 선물 (5),129399,129568,김민재가 전날 안아 데려온 천민정은 저택에서 휴대폰을 끄고 언론의 노벨 화학상 취재를 피한다.,김민재·최재석 공동 노벨 평화상을 태우 주가·계열사 매출·세계 최고급 브랜드·국민경제당 후계구도라는 현재 보상으로 환산한다.,749화부터 보호 중인 천민정의 노출을 줄이고 공동 평화상 발표를 기업·정치·국가 브랜드의 실물 효과로 정리한다.,"저택에서 천민정의 휴식과 음성 인터뷰 방식을 마련하고 해상도시 공개로 관심을 분산한다. 다음 날 김민재·최재석의 노벨 평화상 공동수상을 확인한 뒤 태우 주가 급등, 계열사 매출 상승, 국민경제당 후계구도 강화와 세계 최고 수준의 태우 브랜드 이미지를 보고받는다.",천민정은 계속 숨어 있고 김민재는 평화상이 현직 기업가의 족쇄가 될 수 있음을 걱정한다. 세 수상자에게 몰린 취재를 기업·정치 홍보로만 소비하지 않아야 한다.,"천민정의 관심을 분산하려 켠 휴대폰에서 김민재 자신과 최재석의 공동 평화상 발표가 확인되고, 그 소식이 주가·매출·정당 승계·브랜드 상승으로 즉시 환산된다.","김민재·최재석의 노벨 평화상 공동수상, 태우 주가 급등과 계열사 매출 상승, 세계 최고 수준의 브랜드 이미지, 최재석이 선택할 국민경제당 후계자의 대선 우위가 현재 화에서 지급된다. 천민정 보호는 749화에 시작돼 저택에서 계속되는 상태다.",세계명예·사생활보호,러우 휴전·하마스 민간인 방어의 국제적 공로가 공동 평화상으로 공식화되고 태우는 매출·주가·브랜드에서 즉시 이익을 얻는다. 국민경제당의 다음 권력승계도 사실상 당내 경선 중심으로 굳어진다.,"최재석이 평화상과 임기 말 권력을 어떻게 결산하고, 부산 엑스포 마지막 투표까지 자신의 후계와 국가사업을 닫을 것인가?",김민재·최재석 공동 노벨 평화상; 태우 주가·계열사 매출 상승; 세계 최고급 브랜드; 국민경제당 후계구도 강화,최재석 수상·퇴임 결산; 부산 엑스포 투표; 김민재의 수상 공로 돌리기; 천민정의 장기 사생활 보호,DCA-N74,0.94
751,751,완벽한 선물,129569,129777,부산 엑스포 131대 34 승리와 노벨상 소식 뒤 최재석은 수상·퇴임의 마지막 무대에 선다.,"부산 엑스포 131대34, 김민재의 숨은 기업제국, 천민정의 임신·초음파와 김태중의 한국 잔류를 한자리에서 공개해 생존·가족·복수 약속을 닫는다.","최재석의 마지막 국가사업을 부산 엑스포로 결산하고, 할아버지 김태중에게 평화상·숨은 소유기업 목록·증손 초음파라는 세 상자를 차례로 보여 가족 곁에 남게 한다.","최재석과 공동 평화상·퇴임을 정리한 뒤 부산 엑스포 1차 투표 131대34 승리를 함께 확인한다. 2023년 마지막 날 김태중에게 평화상 상자를 건네고, 두 번째 종이에는 차명으로 50% 이상 또는 51%·최대주주 지분을 가진 여러 기업과 그 절반 이상이 세계 10위권이라는 숨은 제국을 공개한다. 그 목록도 전체 자산의 절반 미만이라고 밝힌 뒤 천민정의 임신을 알리는 초음파 사진을 세 번째 선물로 내민다.",김태중은 영국으로 떠나려 하고 김민재는 회귀 뒤 눌러 둔 감정을 드러내며 새 가정의 책임을 받아들여야 한다.,"김태중은 평화상보다 차명 50%+ 기업목록에 손자의 방어벽을 이해하고, 초음파 사진을 본 뒤 영국행 표를 취소해 손자와 손자며느리의 손을 잡는다.","최재석의 공동 평화상·퇴임과 부산 엑스포 131대34 승리, 김민재가 50%+ 또는 최대주주로 실소유한 기업목록, 그 절반 이상의 세계 10위권 지위와 공개목록조차 전체 자산 절반 미만이라는 숨은 제국이 드러난다. 천민정의 임신·결혼, 초음파 사진, 김태중의 영국행 취소·한국 잔류와 조손 화해도 지급된다. 평화상의 공식 수상자는 김민재·최재석이고 김태중에게는 손자가 상자째 공을 돌리려 한 것이다.",세대승계·가족완성,"태우를 지키던 비공개 방어벽의 실소유 구조가 할아버지에게 공개되고, 복수와 독식으로 버틴 김민재는 할아버지·천민정·태어날 아이와 함께 기업과 가정을 지킬 책임을 선택한다.","회귀 뒤 지키려던 할아버지와 사랑하는 사람이 곁에 남았고, 이후의 과제는 얻은 세계와 가정을 함께 책임지는 삶이다.",부산 엑스포 131대34; 평화상·정계퇴임; 50%+ 실소유 기업과 숨은 자산 공개; 조손 화해·김태중 한국 잔류; 천민정 임신·초음파·결혼,태우그룹과 새 가정을 함께 지키는 다음 생애,DCA-N74,0.99
