sequence,visible_label,arc_id,arc_phase,concrete_event,tension_1_10,reward_1_10,hook_1_10,information_weight,action_weight,relationship_weight,emotion_weight,material_or_status_weight,pacing_note
"1","1화","RA-001","생애 결산을 뒤집는 회귀 발단","명예의 전당이라는 완결 보상 뒤에 어깨 수술과 투수 미련을 붙이고, 2009년 입단식과 살아 있는 문창진을 확인해 한 화 안에서 28년을 되감는다. 마지막에는 당장 결과를 내는 대신 다시 던질 수 있는 160km 포심의 감각이 살아나므로 보상은 커리어급이지만 실전 성취 전이라 7이다.","6","7","7","9","4","4","8","8","보상 범위=커리어 결산에서 새 커리어 기회로 넘어가는 생애 층위; 명예의 전당이라는 완결 보상 뒤에 어깨 수술과 투수 미련을 붙이고, 2009년 입단식과 살아 있는 문창진을 확인해 한 화 안에서 28년을 되감는다. 마지막에는 당장 결과를 내는 대신 다시 던질 수 있는 160km 포심의 감각이 살아나므로 보상은 커리어급이지만 실전 성취 전이라 7이다."
"2","2화","RA-001","신체 검증과 첫 선택","권창규를 불러 30구 넘게 전력 투구해 통증 없는 어깨를 확인하는 장면은 신체 보상이 크지만, 봉황대기를 쉬겠다는 거짓말로 문창진의 불신과 우승 기회를 즉시 치른다. 마지막이 감독의 속단과 냉대라 보상 뒤 관계 비용이 남는다.","6","6","5","8","7","5","7","4","보상 범위=신체 보존과 고교 대회 출전권을 맞바꾸는 커리어 기반 층위; 권창규를 불러 30구 넘게 전력 투구해 통증 없는 어깨를 확인하는 장면은 신체 보상이 크지만, 봉황대기를 쉬겠다는 거짓말로 문창진의 불신과 우승 기회를 즉시 치른다. 마지막이 감독의 속단과 냉대라 보상 뒤 관계 비용이 남는다."
"3","3화","RA-001","첫 선택의 경기 결산과 외부 평가","투수 등판을 포기한 대가로 대림고는 8강에서 멈추지만 주혁은 14안타·5홈런과 타격상을 쓸어 담는다. 끝은 다음 행선지 요약이 아니라 앤드류 프리드먼과 스카우트가 포심 회전수 2,430회·수직 무브먼트 12.1인치를 즉시전력 근거로 검토하는 장면이어서 지위 보상이 강하다.","5","7","5","8","7","4","5","8","보상 범위=단기 대회 개인 기록과 메이저리그 즉시전력 평가 층위; 투수 등판을 포기한 대가로 대림고는 8강에서 멈추지만 주혁은 14안타·5홈런과 타격상을 쓸어 담는다. 끝은 다음 행선지 요약이 아니라 앤드류 프리드먼과 스카우트가 포심 회전수 2,430회·수직 무브먼트 12.1인치를 즉시전력 근거로 검토하는 장면이어서 지위 보상이 강하다."
"4","4화","RA-002","프로 실전 경로 설계","주혁이 패스트볼만으로는 타자가 적응한다고 판단해 힘을 빼고 제구부터 쌓는 훈련이 중심이라 긴장은 낮다. 마지막에는 월 2천만 원의 카라카스 단기 계약과 윈터리그 입성이 확정되어 실전 무대를 얻지만 아직 첫 등판 전이라 보상은 5다.","3","5","5","9","5","2","4","6","보상 범위=비시즌 훈련에서 프로 시험 무대로 옮기는 선발 준비 층위; 주혁이 패스트볼만으로는 타자가 적응한다고 판단해 힘을 빼고 제구부터 쌓는 훈련이 중심이라 긴장은 낮다. 마지막에는 월 2천만 원의 카라카스 단기 계약과 윈터리그 입성이 확정되어 실전 무대를 얻지만 아직 첫 등판 전이라 보상은 5다."
"5","5화","RA-002","프로 데뷔 승부의 점화","4대4의 7회에 올라 펠릭스 산체스에게 151·154·161km 포심을 순서대로 보여 삼구 삼진을 만든다. 화 말미는 경기 종료가 아니라 같은 구질의 완급이 왜 통하는지 되짚은 뒤 전광판이 6대4로 뒤집힌 순간이므로, 첫 승 전체가 아닌 한 이닝의 주도권 보상으로 잡았다.","7","6","6","7","9","3","6","6","보상 범위=첫 프로 경기의 타자 한 명 제압과 팀 리드 전환 층위; 4대4의 7회에 올라 펠릭스 산체스에게 151·154·161km 포심을 순서대로 보여 삼구 삼진을 만든다. 화 말미는 경기 종료가 아니라 같은 구질의 완급이 왜 통하는지 되짚은 뒤 전광판이 6대4로 뒤집힌 순간이므로, 첫 승 전체가 아닌 한 이닝의 주도권 보상으로 잡았다."
"6","6화","RA-002","데뷔 보상 뒤 관계 회복과 새 위기 투입","2이닝 무실점으로 승리 투수가 된 짧은 경기 보상 뒤, 전생에 자신을 붙든 필립 모리스를 다시 챙기겠다는 관계 보상이 길게 이어진다. 마지막은 승리 여운이 아니라 3회 11대0으로 무너진 새 경기와 ‘에이스 변수’의 가능성을 세워 훅이 강하다.","5","7","7","5","7","8","7","7","보상 범위=첫 프로 승리와 필립 모리스와의 관계, 다음 경기 팀 위기 층위; 2이닝 무실점으로 승리 투수가 된 짧은 경기 보상 뒤, 전생에 자신을 붙든 필립 모리스를 다시 챙기겠다는 관계 보상이 길게 이어진다. 마지막은 승리 여운이 아니라 3회 11대0으로 무너진 새 경기와 ‘에이스 변수’의 가능성을 세워 훅이 강하다."
"7","7화","RA-002","대패 흐름 저지","호세 멘데스를 99마일 하이 패스트볼로 삼진 잡으며 주혁 자신이 다시 던지는 행복까지 회복한다. 그러나 말미 보상은 역전이나 최종 승리가 아니라 6회까지 무실점으로 막자 침울했던 동료들이 웃고 박수치는 정도이므로 5다.","7","5","6","5","9","5","7","4","보상 범위=한 경기의 실점 억제와 팀 사기 회복 층위; 호세 멘데스를 99마일 하이 패스트볼로 삼진 잡으며 주혁 자신이 다시 던지는 행복까지 회복한다. 그러나 말미 보상은 역전이나 최종 승리가 아니라 6회까지 무실점으로 막자 침울했던 동료들이 웃고 박수치는 정도이므로 5다."
"8","8화","RA-002","추격 가속과 투타 전환 준비","70구로 6이닝 무실점 7K를 쌓는 동안 타선이 11대9까지 따라붙어 투구 보상이 팀 추격으로 환전된다. 마지막은 104마일 마무리 호르헤 페르난데스를 주혁이 누구보다 잘 아는데도 벤치가 투수를 타석에 세울 가능성은 희박하다는 장벽에서 끊는다.","7","6","8","7","8","4","7","6","보상 범위=한 경기 6이닝 구원 성과와 마지막 공격 기회 층위; 70구로 6이닝 무실점 7K를 쌓는 동안 타선이 11대9까지 따라붙어 투구 보상이 팀 추격으로 환전된다. 마지막은 104마일 마무리 호르헤 페르난데스를 주혁이 누구보다 잘 아는데도 벤치가 투수를 타석에 세울 가능성은 희박하다는 장벽에서 끊는다."
"9","9화","RA-002","기회 선택과 타석 진입","감독 카를로스 아바드가 고교 영상과 좌우 상성을 따지며 6이닝을 던진 주혁을 내야 할지 오래 망설이는 준비 화다. 실제 타격 결과를 지급하지 않고, 말미에 감독이 알 수 없는 확신으로 주혁을 지명타자 타석에 세우는 데서 멈춰 훅을 8로 뒀다.","8","4","8","7","6","3","7","4","보상 범위=경기 마지막 타석의 출전권 층위; 감독 카를로스 아바드가 고교 영상과 좌우 상성을 따지며 6이닝을 던진 주혁을 내야 할지 오래 망설이는 준비 화다. 실제 타격 결과를 지급하지 않고, 말미에 감독이 알 수 없는 확신으로 주혁을 지명타자 타석에 세우는 데서 멈춰 훅을 8로 뒀다."
"10","10화","RA-002","투타 반전 보상과 첫 피격 시험","주혁이 페르난데스의 102마일을 홈런으로 만들어 11대10까지 붙이는 고점은 크지만 다음 타자가 삼진으로 져 승리 보상은 없다. 이어 새 경기에서 투런과 2루타를 맞은 뒤 ‘실수 기억이 집중력을 흩뜨린다’는 베테랑식 복구 논리로 끝나, 화 말미의 추진력은 낮다.","8","8","3","6","9","3","7","7","보상 범위=한 경기 대타 홈런과 다음 등판의 멘탈 검증 층위; 주혁이 페르난데스의 102마일을 홈런으로 만들어 11대10까지 붙이는 고점은 크지만 다음 타자가 삼진으로 져 승리 보상은 없다. 이어 새 경기에서 투런과 2루타를 맞은 뒤 ‘실수 기억이 집중력을 흩뜨린다’는 베테랑식 복구 논리로 끝나, 화 말미의 추진력은 낮다."
"11","11화","RA-002","겨울리그 성적 결산과 미국행 전환","피홈런 뒤 회복에서 출발해 29경기 ERA 1.67, WHIP 0.89를 정리하고 좌타자·몸쪽 약점까지 특정한다. 카라카스를 떠나 플로리다에 내린 마지막 순간에는 부모가 마중 나와 기록 결산을 관계 장면으로 넘긴다.","4","7","6","9","5","5","5","8","보상 범위=겨울리그 전체 기록과 메이저리그 로스터 진입 경로 층위; 피홈런 뒤 회복에서 출발해 29경기 ERA 1.67, WHIP 0.89를 정리하고 좌타자·몸쪽 약점까지 특정한다. 카라카스를 떠나 플로리다에 내린 마지막 순간에는 부모가 마중 나와 기록 결산을 관계 장면으로 넘긴다."
"12","12화","RA-003","가족 회복 뒤 훈련 무대 진입","영어와 달라진 태도에 놀라는 부모와 며칠을 보내고, 공항에서 아버지의 몸조심 당부와 어머니의 포옹을 받는 관계 보상이 중심이다. 마지막에는 이별 뒤 몽고메리 훈련장 타격음 속으로 들어가며 정적인 회복을 다음 기술 훈련으로 전환한다.","4","7","5","5","4","10","9","5","보상 범위=가족 관계 회복과 AA 훈련 진입의 관계·커리어 층위; 영어와 달라진 태도에 놀라는 부모와 며칠을 보내고, 공항에서 아버지의 몸조심 당부와 어머니의 포옹을 받는 관계 보상이 중심이다. 마지막에는 이별 뒤 몽고메리 훈련장 타격음 속으로 들어가며 정적인 회복을 다음 기술 훈련으로 전환한다."
"13","13화","RA-003","새 구종 선택과 스승 연결","필이 슬라이더 대신 팔 부담이 적은 체인지업 그립을 가르치고, 주혁은 과거 슬라이더 집착이 포심과 어깨를 망친 악순환을 되짚는다. 끝은 성취 수치가 아니라 체인지업이 왜 잘 던지면 가장 까다로운지 기술적으로 납득하는 지점이라 정보 리본이 높다.","3","5","4","9","5","8","5","4","보상 범위=장기 건강을 지킬 기술 선택과 스승 관계 층위; 필이 슬라이더 대신 팔 부담이 적은 체인지업 그립을 가르치고, 주혁은 과거 슬라이더 집착이 포심과 어깨를 망친 악순환을 되짚는다. 끝은 성취 수치가 아니라 체인지업이 왜 잘 던지면 가장 까다로운지 기술적으로 납득하는 지점이라 정보 리본이 높다."
"14","14화","RA-003","기술 숙련과 캠프 이동","두 달 반 동안 포심과 같은 릴리스의 90마일 체인지업을 체화해 선발 가능성을 키우고, 필의 ‘자신을 믿어라’는 조언을 받는다. 마지막은 빈 구장에 먼저 도착한 주혁을 원래 역사보다 일찍 초청된 필립 모리스가 부르는 장면이라 미래 변동 훅이 세다.","4","7","8","8","7","7","6","7","보상 범위=선발 무기 완성과 스프링캠프 진입, 친구 재회 층위; 두 달 반 동안 포심과 같은 릴리스의 90마일 체인지업을 체화해 선발 가능성을 키우고, 필의 ‘자신을 믿어라’는 조언을 받는다. 마지막은 빈 구장에 먼저 도착한 주혁을 원래 역사보다 일찍 초청된 필립 모리스가 부르는 장면이라 미래 변동 훅이 세다."
"15","15화","RA-003","바뀐 미래 확인과 감독 재회","필립과 타임머신 농담을 나누며 회귀 비밀을 감추는 가벼운 압박 뒤 함께 웨이트를 한다. 말미에는 조 매든이 직접 인사하고, 주혁에게 투수·타자 두 번의 기회를 줬던 전생 인연과 탬파 재건사가 이어져 관계 보상은 높지만 당장 로스터 보상은 아직 없다.","4","6","6","8","4","9","7","5","보상 범위=친구와 감독을 앞당겨 되찾는 관계·커리어 층위; 필립과 타임머신 농담을 나누며 회귀 비밀을 감추는 가벼운 압박 뒤 함께 웨이트를 한다. 말미에는 조 매든이 직접 인사하고, 주혁에게 투수·타자 두 번의 기회를 줬던 전생 인연과 탬파 재건사가 이어져 관계 보상은 높지만 당장 로스터 보상은 아직 없다."
"16","16화","RA-003","5선발 목표 선언과 경쟁자 특정","매든 앞에서 명예의 전당과 당해 선발을 말하고, 제프 니만의 수술로 실제 5선발 자리가 열렸음을 확인한다. 마지막에는 AAA 12승의 마르코스 페레이라를 가장 강한 경쟁자로 특정해 막연한 포부가 사람과 기록을 가진 선발전으로 바뀐다.","5","5","6","9","5","6","6","6","보상 범위=스프링캠프 선발 경쟁의 공식 진입 층위; 매든 앞에서 명예의 전당과 당해 선발을 말하고, 제프 니만의 수술로 실제 5선발 자리가 열렸음을 확인한다. 마지막에는 AAA 12승의 마르코스 페레이라를 가장 강한 경쟁자로 특정해 막연한 포부가 사람과 기록을 가진 선발전으로 바뀐다."
"17","17화","RA-003","투타 재능의 공개","불펜에서 포심·체인지업은 칭찬받고 커브는 약점으로 남은 뒤, 프리배팅에서 베테랑 같은 히팅 포인트를 보여 선수들의 시선을 바꾼다. 말미에는 필립이 그 홈런 상대가 1,200만 달러 계약의 호르헤 페르난데스였다고 밝혀 주혁의 타격 가치가 소문을 넘어선다.","5","6","6","7","8","6","5","7","보상 범위=캠프 내부 평가와 투타 활용 가능성 층위; 불펜에서 포심·체인지업은 칭찬받고 커브는 약점으로 남은 뒤, 프리배팅에서 베테랑 같은 히팅 포인트를 보여 선수들의 시선을 바꾼다. 말미에는 필립이 그 홈런 상대가 1,200만 달러 계약의 호르헤 페르난데스였다고 밝혀 주혁의 타격 가치가 소문을 넘어선다."
"18","18화","RA-003","시범경기 첫 등판의 불신 조성","타격 평판을 올린 뒤 양키스전에서 프라이스가 4실점한 마운드를 이어받지만, 팬 기대와 달리 첫 두 포심이 92·93마일에 그친다. 아직 100마일이나 삼진 보상을 주지 않은 채 관중의 실망으로 끊어 실제 구속 조절 반전을 다음 화에 남긴다.","6","4","8","7","6","4","6","5","보상 범위=캠프 평판과 첫 실전 시험 진입 층위; 타격 평판을 올린 뒤 양키스전에서 프라이스가 4실점한 마운드를 이어받지만, 팬 기대와 달리 첫 두 포심이 92·93마일에 그친다. 아직 100마일이나 삼진 보상을 주지 않은 채 관중의 실망으로 끊어 실제 구속 조절 반전을 다음 화에 남긴다."
"19","19화","RA-003","완급 반전 뒤 첫 선발 고조","체인지업 뒤 96·100마일을 풀어 양키스 타자를 삼진 잡고 네 경기 7.1이닝 무실점으로 첫 선발까지 얻는다. 피츠버그전 4회 퍼펙트 6K를 만든 뒤 5회 첫 타자로 타석에 서고, 투수가 쉽게 줄 96마일 바깥 공을 장타로 볼 수 있다는 지점에서 멈춘다.","7","7","8","7","9","4","7","7","보상 범위=시범경기 연속 호투와 5선발 경쟁 층위; 체인지업 뒤 96·100마일을 풀어 양키스 타자를 삼진 잡고 네 경기 7.1이닝 무실점으로 첫 선발까지 얻는다. 피츠버그전 4회 퍼펙트 6K를 만든 뒤 5회 첫 타자로 타석에 서고, 투수가 쉽게 줄 96마일 바깥 공을 장타로 볼 수 있다는 지점에서 멈춘다."
"20","20화","RA-003","첫 선발 투타 폭발과 추가 기회 확정","타구는 464피트 반대 방향 홈런이 되고, 마운드에서는 5이닝 1피안타 무실점 7K를 기록해 투타 한 경기의 보상을 모두 받는다. 끝에서 웨이드 데이비스의 무릎 공백을 논의한 코칭스태프가 주혁을 차기 선발로 택하므로 단순 경기 보상보다 로스터 파급이 크다.","7","9","6","7","10","5","8","9","보상 범위=한 시범경기 승리에서 메이저리그 선발 커리어 기회로 확장되는 층위; 타구는 464피트 반대 방향 홈런이 되고, 마운드에서는 5이닝 1피안타 무실점 7K를 기록해 투타 한 경기의 보상을 모두 받는다. 끝에서 웨이드 데이비스의 무릎 공백을 논의한 코칭스태프가 주혁을 차기 선발로 택하므로 단순 경기 보상보다 로스터 파급이 크다."
"21","21화","RA-003","도발을 경기력으로 제압","제이크 로드리게스에게 2루타를 치고 침 뱉는 모욕을 받지만 몸쪽 보복 대신 체인지업 세 개로 삼진을 빼앗는다. 끝은 결과 요약보다 이시카와 테츠야가 주혁의 배짱과 재능, 제이크의 진짜 분노를 관찰하는 시점이라 외부 평가 보상이 남는다.","8","7","5","5","9","7","8","7","보상 범위=한 경기의 투타 우위와 동료·상대 평가 층위; 제이크 로드리게스에게 2루타를 치고 침 뱉는 모욕을 받지만 몸쪽 보복 대신 체인지업 세 개로 삼진을 빼앗는다. 끝은 결과 요약보다 이시카와 테츠야가 주혁의 배짱과 재능, 제이크의 진짜 분노를 관찰하는 시점이라 외부 평가 보상이 남는다."
"22","22화","RA-003","캠프 경쟁의 공식 결산","도발 대처를 정리한 뒤 보스턴전까지 7경기 21.1이닝 무실점 26K로 캠프를 마치고 마이너를 건너뛴 25인 로스터가 확정된다. 마지막은 곧 첫 등판을 보여주지 않고 알렉스 먼트의 우려와 ‘완성된 패스트볼’ 평가를 다음 화 첫 문장에 넘기는 기사형 여진이다.","5","9","4","9","5","5","6","10","보상 범위=스프링캠프 전체 기록과 메이저리그 개막 로스터 층위; 도발 대처를 정리한 뒤 보스턴전까지 7경기 21.1이닝 무실점 26K로 캠프를 마치고 마이너를 건너뛴 25인 로스터가 확정된다. 마지막은 곧 첫 등판을 보여주지 않고 알렉스 먼트의 우려와 ‘완성된 패스트볼’ 평가를 다음 화 첫 문장에 넘기는 기사형 여진이다."
"23","23화","RA-004","메이저리거 도착과 클럽하우스 관계 형성","트로피카나 필드에서 꿈을 이룬 감격으로 울고 브라이언 무어에게 ‘위퍼’ 별명을 얻어, 지위 보상을 생활 관계로 바꾼다. 마지막은 개막전 결승타를 친 무어가 주혁 집에 자겠다고 따라붙고 주혁이 택시비를 주겠다고 버티는 가벼운 실랑이라 훅은 낮다.","3","8","4","6","4","9","9","8","보상 범위=메이저리그 개막 체감과 팀 내부 소속감 층위; 트로피카나 필드에서 꿈을 이룬 감격으로 울고 브라이언 무어에게 ‘위퍼’ 별명을 얻어, 지위 보상을 생활 관계로 바꾼다. 마지막은 개막전 결승타를 친 무어가 주혁 집에 자겠다고 따라붙고 주혁이 택시비를 주겠다고 버티는 가벼운 실랑이라 훅은 낮다."
"24","24화","RA-004","일상 여진에서 데뷔 최대 위기로 급전환","무어의 매트리스 소동과 불펜·6선발 대기 설명으로 느슨하게 출발하지만 볼티모어전 그랜트 발포어가 무사 만루를 만들며 데뷔 조건이 극단적으로 바뀐다. 마지막은 조 매든이 주혁에게 바라는 단 한 가지를 아직 말하지 않은 채 마운드에 세워 긴장과 훅이 최고다.","9","3","10","6","8","6","8","5","보상 범위=메이저리그 데뷔 기회 자체, 아직 결과 없는 경기 층위; 무어의 매트리스 소동과 불펜·6선발 대기 설명으로 느슨하게 출발하지만 볼티모어전 그랜트 발포어가 무사 만루를 만들며 데뷔 조건이 극단적으로 바뀐다. 마지막은 조 매든이 주혁에게 바라는 단 한 가지를 아직 말하지 않은 채 마운드에 세워 긴장과 훅이 최고다."
"25","25화","RA-004","데뷔 위기 완전 보상","애덤 존스를 100마일로 삼진, 루크 스캇을 체인지업 병살로 잡아 inherited runners를 모두 지운 뒤 타선의 6득점으로 10대7 승리 투수가 된다. 말미에는 필립의 미래 아내 레이첼과 첫 인터뷰를 잘 마치고 ‘연습했느냐’는 질문을 받아 경기 고점 뒤 관계 씨앗으로 착지한다.","9","9","4","5","10","7","8","9","보상 범위=한 이닝 무사 만루 탈출에서 메이저리그 첫 승·미디어 데뷔로 확장되는 층위; 애덤 존스를 100마일로 삼진, 루크 스캇을 체인지업 병살로 잡아 inherited runners를 모두 지운 뒤 타선의 6득점으로 10대7 승리 투수가 된다. 말미에는 필립의 미래 아내 레이첼과 첫 인터뷰를 잘 마치고 ‘연습했느냐’는 질문을 받아 경기 고점 뒤 관계 씨앗으로 착지한다."
"26","26화","RA-004","불펜 정착과 생활 기반 마련","6경기 7이닝 무실점과 1승 2홀드를 정리한 뒤 장타 허용 약점을 짚고, 후반은 케빈 마이클스가 맞춤 글러브를 구해 오는 노동 관계에 머문다. 경기 압력보다 메이저리거의 생활 기반을 얻는 화라 관계 리본이 가장 높다.","3","5","2","6","4","8","5","5","보상 범위=불펜 연속 무실점과 클럽하우스 관계가 만드는 일상·보직 층위; 6경기 7이닝 무실점과 1승 2홀드를 정리한 뒤 장타 허용 약점을 짚고, 후반은 케빈 마이클스가 맞춤 글러브를 구해 오는 노동 관계에 머문다. 경기 압력보다 메이저리거의 생활 기반을 얻는 화라 관계 리본이 가장 높다."
"27","27화","RA-004","첫 선발 발탁과 비축 구속 발견","데이비스의 이탈과 마르코스의 부진으로 첫 선발이 주어지고, 윤주혁은 통증 없이 최고 출력 약 10구를 쓸 수 있음을 불펜에서 확인한다. 말미에는 애런 루이스가 장타 구장 쿠어스와 제한된 구종을 걱정해 기회와 위험을 함께 남긴다.","5","7","6","8","7","5","6","8","보상 범위=불펜에서 정규 선발로 올라서는 보직·커리어 층위; 데이비스의 이탈과 마르코스의 부진으로 첫 선발이 주어지고, 윤주혁은 통증 없이 최고 출력 약 10구를 쓸 수 있음을 불펜에서 확인한다. 말미에는 애런 루이스가 장타 구장 쿠어스와 제한된 구종을 걱정해 기회와 위험을 함께 남긴다."
"28","28화","RA-005","첫 선발 운영과 첫 홈런 지급","완급을 아껴 5이닝 9탈삼진 무실점을 만든 뒤 두 번째 타석에서 키겔의 몸쪽 높은 공을 예측한다. 마지막은 타구가 담장을 향하는 데서 멈추지 않고 최종 목적지를 본 윤주혁이 `해냈다`고 확신하므로 첫 홈런 보상을 이 화에 지급한다.","6","8","4","6","9","3","7","8","보상 범위=한 경기 선발 적응과 메이저리그 첫 타격 홈런 층위; 완급을 아껴 5이닝 9탈삼진 무실점을 만든 뒤 두 번째 타석에서 키겔의 몸쪽 높은 공을 예측한다. 마지막은 타구가 담장을 향하는 데서 멈추지 않고 최종 목적지를 본 윤주혁이 `해냈다`고 확신하므로 첫 홈런 보상을 이 화에 지급한다."
"29","29화","RA-005","첫 선발 완결과 지명타자 논의 점화","6회 마지막 타자에게 98·99·101마일을 연달아 던져 6이닝 무실점 12탈삼진을 닫고, 홈런까지 합쳐 전국적 평가를 받는다. 여진은 건강한 어깨가 준 두 번째 커리어 가능성을 짚은 뒤 조 매든과 브라이언 무어가 보스턴전 좌타 지명타자 공백을 논하는 장면으로 이동한다.","6","9","5","7","9","4","8","9","보상 범위=경기 승리·투타 기록과 다음 보직 논의 층위; 6회 마지막 타자에게 98·99·101마일을 연달아 던져 6이닝 무실점 12탈삼진을 닫고, 홈런까지 합쳐 전국적 평가를 받는다. 여진은 건강한 어깨가 준 두 번째 커리어 가능성을 짚은 뒤 조 매든과 브라이언 무어가 보스턴전 좌타 지명타자 공백을 논하는 장면으로 이동한다."
"30","30화","RA-005","지명타자 기용의 명분 확정","감독은 투수의 타격 출전이 벤치 야수의 자존심을 건드릴 비용을 계산하고, 카를로스 페냐는 자기 배트를 건네며 실력으로 선택을 납득시키라고 요구한다. 말미는 경기가 아니라 윤주혁이 피로 없는 몸을 경계하며 투수로 오래 뛰겠다고 다짐하는 낮은 압력의 준비 장면이다.","4","6","3","8","4","8","5","7","보상 범위=한 경기 지명타자 출전권과 클럽하우스 인정 층위; 감독은 투수의 타격 출전이 벤치 야수의 자존심을 건드릴 비용을 계산하고, 카를로스 페냐는 자기 배트를 건네며 실력으로 선택을 납득시키라고 요구한다. 말미는 경기가 아니라 윤주혁이 피로 없는 몸을 경계하며 투수로 오래 뛰겠다고 다짐하는 낮은 압력의 준비 장면이다."
"31","31화","RA-005","지명타자 첫 출루와 득점권 압박","구심 밥 멜슨의 성향과 마쓰자카의 흔들리는 커맨드를 이용해 첫 타석 볼넷을 얻고, 4회 1사 2루에는 강판을 부를 한 점을 책임진다. 마지막은 승부 결과를 넘기지 않고 초구 컷패스트볼이 모서리에 꽂혀 0-1이 된 순간에서 멈춘다.","6","5","7","8","7","4","6","5","보상 범위=한 타석 출루와 두 번째 득점권 기회 층위; 구심 밥 멜슨의 성향과 마쓰자카의 흔들리는 커맨드를 이용해 첫 타석 볼넷을 얻고, 4회 1사 2루에는 강판을 부를 한 점을 책임진다. 마지막은 승부 결과를 넘기지 않고 초구 컷패스트볼이 모서리에 꽂혀 0-1이 된 순간에서 멈춘다."
"32","32화","RA-005","지명타자 시험 대결산","1타점 2루타로 마쓰자카를 내리고 2사 만루에서 다시 2타점 2루타를 쳐 세 타석 전부 출루한다. 기사와 감독의 추가 제안까지 받은 뒤에도 후보 선수의 기회를 먼저 주자고 정해, 개인 성취를 팀 관계 판단으로 닫는다.","6","9","3","6","9","8","7","9","보상 범위=한 경기 3타점과 팀 공격 카드로서의 보직 층위; 1타점 2루타로 마쓰자카를 내리고 2사 만루에서 다시 2타점 2루타를 쳐 세 타석 전부 출루한다. 기사와 감독의 추가 제안까지 받은 뒤에도 후보 선수의 기회를 먼저 주자고 정해, 개인 성취를 팀 관계 판단으로 닫는다."
"33","33화","RA-006","추신우와 첫 정면 승부","같은 한국인이라는 관심보다 경기 집중을 앞세워 추신우의 체인지업 예상을 98마일 몸쪽 높은 포심으로 깨고 삼진을 잡는다. 말미에는 추신우가 무시당했다고 오해하지 않고 후배의 프로 의식을 인정한 뒤 다음 승부를 위해 눈빛을 다잡는다.","6","6","5","6","8","7","6","6","보상 범위=타자 한 명 제압과 한국인 메이저리거 사이의 경쟁 관계 층위; 같은 한국인이라는 관심보다 경기 집중을 앞세워 추신우의 체인지업 예상을 98마일 몸쪽 높은 포심으로 깨고 삼진을 잡는다. 말미에는 추신우가 무시당했다고 오해하지 않고 후배의 프로 의식을 인정한 뒤 다음 승부를 위해 눈빛을 다잡는다."
"34","34화","RA-006","피홈런 회복에서 위험구 충돌로 전환","존 제이소의 농담과 타선의 7득점으로 첫 피홈런을 흘려보낸 뒤, 제구가 거친 조나스 바르가스가 롱고리아 머리 쪽으로 공을 반복한다. 마지막 공이 실제로 머리에 맞으며 개인 성적보다 동료 보호가 앞서는 고강도 충돌로 바뀐다.","8","5","9","5","8","8","9","5","보상 범위=한 경기 투구 회복과 동료 안전 위기 층위; 존 제이소의 농담과 타선의 7득점으로 첫 피홈런을 흘려보낸 뒤, 제구가 거친 조나스 바르가스가 롱고리아 머리 쪽으로 공을 반복한다. 마지막 공이 실제로 머리에 맞으며 개인 성적보다 동료 보호가 앞서는 고강도 충돌로 바뀐다."
"35","35화","RA-006","보복 승리와 무거운 여진","윤주혁은 팀 분위기를 위해 추신우의 엉덩이에 101마일 보복구를 던지고 6이닝 2실점 9탈삼진으로 11대4 승리를 얻는다. 승리 뒤에는 페냐·롱고리아 이탈과 추신우의 3경기 결장, 직접 사과하지 못한 죄책감이 남아 보상보다 관계 비용이 오래 간다.","9","7","3","4","9","10","9","7","보상 범위=한 경기 승리와 팀 충성, 추신우에게 진 관계 비용 층위; 윤주혁은 팀 분위기를 위해 추신우의 엉덩이에 101마일 보복구를 던지고 6이닝 2실점 9탈삼진으로 11대4 승리를 얻는다. 승리 뒤에는 페냐·롱고리아 이탈과 추신우의 3경기 결장, 직접 사과하지 못한 죄책감이 남아 보상보다 관계 비용이 오래 간다."
"36","36화","RA-006","팀 공백을 메우는 출전 선택","브라이언 앞에서 프리 배팅으로 회복력을 증명하고 지명타자 출전을 자청하지만, 이 화의 핵심은 무모한 희생이 아니라 팬·중계·상품 수익과 로스터 보장을 함께 계산하는 윤주혁의 자기 관리다. 말미도 홈런 결과가 아니라 부상당한 선수를 구단이 오래 대우하지 않는다는 냉정한 결론에 머문다.","4","5","2","8","5","7","5","7","보상 범위=다음 한 경기 출전권과 구단 안에서의 장기 생존 전략 층위; 브라이언 앞에서 프리 배팅으로 회복력을 증명하고 지명타자 출전을 자청하지만, 이 화의 핵심은 무모한 희생이 아니라 팬·중계·상품 수익과 로스터 보장을 함께 계산하는 윤주혁의 자기 관리다. 말미도 홈런 결과가 아니라 부상당한 선수를 구단이 오래 대우하지 않는다는 냉정한 결론에 머문다."
"37","37화","RA-006","홈런 내기 성취와 팀 동기 전환","제이미 헨드릭스의 몸쪽 포심을 예상해 홈런을 확정하며 페냐와의 1천 달러 내기를 이긴다. 돈을 받는 대신 승리에는 듀라이거 맥주, 스윕에는 위스키를 걸어 개인 보상을 팀 전체의 놀이로 바꾸고, 마지막은 아직 승패가 아니라 공짜 고급 맥주에 들뜬 동료들의 기대다.","5","7","4","6","8","9","7","6","보상 범위=한 타석 홈런과 클럽하우스 전체의 경기 동기 층위; 제이미 헨드릭스의 몸쪽 포심을 예상해 홈런을 확정하며 페냐와의 1천 달러 내기를 이긴다. 돈을 받는 대신 승리에는 듀라이거 맥주, 스윕에는 위스키를 걸어 개인 보상을 팀 전체의 놀이로 바꾸고, 마지막은 아직 승패가 아니라 공짜 고급 맥주에 들뜬 동료들의 기대다."
"38","38화","RA-006","상대 버릇 포착과 멀티홈런 결산","로베르토 산타나가 스플리터 때 코를 만지는 버릇을 읽어 관중석의 아이에게 닿는 두 번째 홈런을 치고, 팀은 승리해 맥주를 지급받는다. 인터뷰와 술자리까지 결산한 뒤 윤주혁이 혼자 귀가하려는 순간 브라이언의 목소리가 끼어들어 경기 훅을 사적 관계 훅으로 바꾼다.","5","8","5","7","9","7","7","8","보상 범위=한 경기 멀티홈런·MVP와 팀 승리 층위; 로베르토 산타나가 스플리터 때 코를 만지는 버릇을 읽어 관중석의 아이에게 닿는 두 번째 홈런을 치고, 팀은 승리해 맥주를 지급받는다. 인터뷰와 술자리까지 결산한 뒤 윤주혁이 혼자 귀가하려는 순간 브라이언의 목소리가 끼어들어 경기 훅을 사적 관계 훅으로 바꾼다."
"39","39화","RA-006","사적 신뢰와 시리즈 화해 결산","브라이언의 약한 순간을 집에서 받아 준 뒤, 경기에서는 윤주혁의 볼넷이 모리스의 2점 홈런과 타선 연쇄 득점으로 이어진다. 마지막은 다음 시카고 경기 예고가 아니라 스윕 뒤 추신우에게 사과하고 서로 번호를 적은 포스트잇을 넣은 채 전용기에 오르는 화해의 여운이다.","3","7","2","5","6","10","8","6","보상 범위=클리블랜드 시리즈 스윕과 동료·한국인 선배 관계 층위; 브라이언의 약한 순간을 집에서 받아 준 뒤, 경기에서는 윤주혁의 볼넷이 모리스의 2점 홈런과 타선 연쇄 득점으로 이어진다. 마지막은 다음 시카고 경기 예고가 아니라 스윕 뒤 추신우에게 사과하고 서로 번호를 적은 포스트잇을 넣은 채 전용기에 오르는 화해의 여운이다."
"40","40화","RA-007","동료 성장 관찰과 새 구위 원리 제시","윤주혁은 모리스의 어깨가 빨리 열리는 문제를 알아도 신인이 가르치려 들지 않고 스스로 깨닫게 둔다. 뒤이어 화이트삭스전 준비가 시작되지만 이 화는 5회 피홈런까지 가지 않으며, 100마일 직선형 공보다 90마일대의 지저분한 포심을 타자들이 더 싫어하는 이유를 설명하는 중간에서 끊긴다.","3","4","4","9","3","7","4","4","보상 범위=동료의 자립을 지키는 관계와 다음 선발의 기술 준비 층위; 윤주혁은 모리스의 어깨가 빨리 열리는 문제를 알아도 신인이 가르치려 들지 않고 스스로 깨닫게 둔다. 뒤이어 화이트삭스전 준비가 시작되지만 이 화는 5회 피홈런까지 가지 않으며, 100마일 직선형 공보다 90마일대의 지저분한 포심을 타자들이 더 싫어하는 이유를 설명하는 중간에서 끊긴다."
"41","41화","RA-007","새 완급 실전 성공 뒤 피홈런 수 싸움","윤주혁은 92~93마일의 지저분한 포심과 99마일을 섞어 4회까지 1피안타로 막지만 폴 코너코에게 드문 밋밋한 공을 솔로포로 허용한다. 그레고리 마틴에게 패스트볼 사인을 일부러 거절하는 동작을 보여 체인지업을 믿게 만들고, 마지막은 마틴이 그 미끼를 물기로 선택한 순간에서 멈춘다.","7","6","8","8","8","4","6","5","보상 범위=한 선발 경기 초중반의 투구 패턴 검증 층위; 윤주혁은 92~93마일의 지저분한 포심과 99마일을 섞어 4회까지 1피안타로 막지만 폴 코너코에게 드문 밋밋한 공을 솔로포로 허용한다. 그레고리 마틴에게 패스트볼 사인을 일부러 거절하는 동작을 보여 체인지업을 믿게 만들고, 마지막은 마틴이 그 미끼를 물기로 선택한 순간에서 멈춘다."
"42","42화","RA-007","피홈런 복구와 호투 결산 대기","101마일 포심으로 마틴을 삼진 잡아 홈런 여파를 끊고 7이닝 1실점 11탈삼진 4피안타 무볼넷으로 마친다. 타선이 0점인 탓에 투타 겸업과 훈련 시간의 충돌을 고민하다 8회 2사 2루에서 모리스가 들어서며, 동점이나 승리는 아직 지급하지 않는다.","6","7","8","7","8","5","6","7","보상 범위=7이닝 1실점 선발 호투와 한 경기 패전 회피 기회 층위; 101마일 포심으로 마틴을 삼진 잡아 홈런 여파를 끊고 7이닝 1실점 11탈삼진 4피안타 무볼넷으로 마친다. 타선이 0점인 탓에 투타 겸업과 훈련 시간의 충돌을 고민하다 8회 2사 2루에서 모리스가 들어서며, 동점이나 승리는 아직 지급하지 않는다."
"43","43화","RA-007","동료가 지운 패전과 득점 지원 위기 재발","모리스의 동점타와 롱고리아의 적시타로 탬파가 4대2 승리를 거두어 윤주혁의 1실점 호투를 살린다. 그러나 텍사스전 첫 패와 5번째 볼티모어전 7회 무실점에도 타선이 0점을 내는 흐름이 이어지고, 화 말미는 윤주혁이 어제 10점 차 승리를 만든 타선이 자기 경기에서만 침묵한다고 답답해하는 데서 닫힌다.","6","6","3","6","7","7","7","6","보상 범위=화이트삭스전 패전 회피·팀 승리와 다음 두 선발의 득점 지원 층위; 모리스의 동점타와 롱고리아의 적시타로 탬파가 4대2 승리를 거두어 윤주혁의 1실점 호투를 살린다. 그러나 텍사스전 첫 패와 5번째 볼티모어전 7회 무실점에도 타선이 0점을 내는 흐름이 이어지고, 화 말미는 윤주혁이 어제 10점 차 승리를 만든 타선이 자기 경기에서만 침묵한다고 답답해하는 데서 닫힌다."
"44","44화","RA-007","투수가 완성한 원맨 경기 결산","7.2이닝 무실점 9탈삼진을 던진 뒤 다니엘 홀랜드 상대 대타를 자청해 유일한 득점인 솔로 홈런까지 친다. 1대0 승리와 MLB닷컴 화제를 모두 지급하고도 말미는 다음 기록을 부풀리지 않고, “혼자 야구하지?”라는 원정 팬의 야유를 윤주혁이 칭찬으로 받아치는 팬 장면에 머문다.","7","9","2","5","10","7","8","9","보상 범위=한 경기 결승 홈런·승리와 전국적 투타 스타 지위 층위; 7.2이닝 무실점 9탈삼진을 던진 뒤 다니엘 홀랜드 상대 대타를 자청해 유일한 득점인 솔로 홈런까지 친다. 1대0 승리와 MLB닷컴 화제를 모두 지급하고도 말미는 다음 기록을 부풀리지 않고, “혼자 야구하지?”라는 원정 팬의 야유를 윤주혁이 칭찬으로 받아치는 팬 장면에 머문다."
"45","45화","RA-007","강타선 기억을 조작하는 초반 전력투구","홈런 타자들이 즐비한 양키스를 상대로 97~101마일 포심을 초반부터 풀어 3이닝 동안 타순 전체를 제압한다. 하루 10구짜리 전력투구가 소진된 뒤 4회 데릭 지터가 같은 구속처럼 보여도 공의 힘이 떨어졌음을 알아채므로, 경기 보상보다 전략이 들킬 위험을 남긴다.","7","6","7","8","9","2","6","6","보상 범위=양키스전 초반 3이닝 주도권과 경기 운영 기술 층위; 홈런 타자들이 즐비한 양키스를 상대로 97~101마일 포심을 초반부터 풀어 3이닝 동안 타순 전체를 제압한다. 하루 10구짜리 전력투구가 소진된 뒤 4회 데릭 지터가 같은 구속처럼 보여도 공의 힘이 떨어졌음을 알아채므로, 경기 보상보다 전략이 들킬 위험을 남긴다."
"46","46화","RA-007","양키스 전략 완결과 다음 무기 공개","초반 강속구 기억을 이용한 체인지업으로 7이닝 2피안타 무실점 11탈삼진을 만들지만 타선과 불펜 때문에 3대0으로 진다. 회복력이 하루 전력투구 상한을 다시 생각하게 하고, 세 차례 선발과 올스타 휴식을 건너뛴 말미에는 플로리다 타자가 처음 보는 투심을 받은 순간만 제시한다.","5","6","6","8","8","3","6","6","보상 범위=양키스전 7이닝 무실점과 올스타 휴식 뒤 기술 진화 층위; 초반 강속구 기억을 이용한 체인지업으로 7이닝 2피안타 무실점 11탈삼진을 만들지만 타선과 불펜 때문에 3대0으로 진다. 회복력이 하루 전력투구 상한을 다시 생각하게 하고, 세 차례 선발과 올스타 휴식을 건너뛴 말미에는 플로리다 타자가 처음 보는 투심을 받은 순간만 제시한다."
"47","47화","RA-008","투심 실전 정착과 정규 투타 제안","새 투심으로 3회까지 퍼펙트를 이어가고 2사 만루 슬라이더를 3타점 2루타로 만들어 8대0, 시즌 5승을 거둔다. 다음 날 매든은 타선에 윤주혁이 필요하다고 공식 제안하고 선발 등판일 타격까지 허용하며, 마지막은 ‘실질적 클린업’인지 되묻는 답 직전이다.","6","9","5","7","10","5","7","9","보상 범위=한 경기 7.1이닝 무실점·3타점과 시즌 주전 보직 층위; 새 투심으로 3회까지 퍼펙트를 이어가고 2사 만루 슬라이더를 3타점 2루타로 만들어 8대0, 시즌 5승을 거둔다. 다음 날 매든은 타선에 윤주혁이 필요하다고 공식 제안하고 선발 등판일 타격까지 허용하며, 마지막은 ‘실질적 클린업’인지 되묻는 답 직전이다."
"48","48화","RA-008","정규 투타 겸업 개시와 다음 선발 교차","매든에게 다음 날부터 클린업 출전을 확정받고 곧 홈런으로 응답한다. 에인절스전 2사 만루에서 대니 머츠먼의 높은 공을 담장 쪽으로 보내지만 결과를 말하지 않은 채, 장면은 다음 토론토전 호세 바티스타가 윤주혁의 투심과 여유를 경계하는 세 번째 타석으로 넘어간다.","6","7","6","7","8","6","6","9","보상 범위=시즌 정규 클린업 보직과 서로 다른 두 경기의 결정적 승부 층위; 매든에게 다음 날부터 클린업 출전을 확정받고 곧 홈런으로 응답한다. 에인절스전 2사 만루에서 대니 머츠먼의 높은 공을 담장 쪽으로 보내지만 결과를 말하지 않은 채, 장면은 다음 토론토전 호세 바티스타가 윤주혁의 투심과 여유를 경계하는 세 번째 타석으로 넘어간다."
"49","49화","RA-008","투타 스타 성과 확장과 국내 목격 전환","앞선 만루 타구가 그랜드슬램으로 확인되고, 토론토에서는 바티스타를 비롯한 타선을 7.1이닝 무실점 12탈삼진으로 막아 13대0 승리를 만든다. 후반은 한국 식료품점 손님이 중계를 보며 윤주혁을 500년에 한 번 나올 재능이라 칭찬하고, 가게 주인이 캔커피 값을 받기 직전에 끊긴다.","5","9","4","6","9","5","7","9","보상 범위=에인절스전 그랜드슬램, 토론토전 선발승과 한국 팬층 확장 층위; 앞선 만루 타구가 그랜드슬램으로 확인되고, 토론토에서는 바티스타를 비롯한 타선을 7.1이닝 무실점 12탈삼진으로 막아 13대0 승리를 만든다. 후반은 한국 식료품점 손님이 중계를 보며 윤주혁을 500년에 한 번 나올 재능이라 칭찬하고, 가게 주인이 캔커피 값을 받기 직전에 끊긴다."
"50","50화","RA-008","아버지의 자부심과 구단 자산 계산","윤상현이 아들의 투런을 보며 “장하다, 우리 아들”이라 울고, 프리드먼은 홍보용 콜업을 마이너로 내리려던 계획이 이미 투타 성과 때문에 불가능해졌음을 계산한다. 말미는 양키스전 4대1 리드와 지구 선두 1경기 차를 확인한 단장이 시가를 태우는 안정된 전망이다.","3","8","3","9","4","9","9","9","보상 범위=미네소타전 시즌 7호 홈런, 가족 인정과 서비스타임·계약 가치 층위; 윤상현이 아들의 투런을 보며 “장하다, 우리 아들”이라 울고, 프리드먼은 홍보용 콜업을 마이너로 내리려던 계획이 이미 투타 성과 때문에 불가능해졌음을 계산한다. 말미는 양키스전 4대1 리드와 지구 선두 1경기 차를 확인한 단장이 시가를 태우는 안정된 전망이다."
"51","51화","RA-008","무사 만루 탈출과 자기 점검 축적","실책·빗맞은 안타·판정으로 만들어진 에인절스의 무사 만루를 삼진과 마쓰이 히데키 병살로 지워 팀의 12득점과 시즌 9승을 끌어낸다. 이후 세 선발의 피홈런을 기록별로 되짚고 자만하지 않는 피드백을 쌓으며, 마지막은 다음에 올 단 한 번의 기회를 놓치지 않겠다는 타격음이다.","8","8","5","7","10","7","8","8","보상 범위=한 경기 무사 만루 무실점·12대0 승리와 시즌 성장 습관 층위; 실책·빗맞은 안타·판정으로 만들어진 에인절스의 무사 만루를 삼진과 마쓰이 히데키 병살로 지워 팀의 12득점과 시즌 9승을 끌어낸다. 이후 세 선발의 피홈런을 기록별로 되짚고 자만하지 않는 피드백을 쌓으며, 마지막은 다음에 올 단 한 번의 기회를 놓치지 않겠다는 타격음이다."
"52","52화","RA-008","두 자릿수 승리 완결","롱고리아와 조브리스트의 홈런 지원에 윤주혁도 3점포를 보태고 미겔 카브레라를 삼진으로 잡는다. 100구 제한 때문에 완투는 포기하지만 9대0 승리로 시즌 10승을 확정하고 팬·동료의 축하를 받은 뒤 페냐와 브라이언이 다가오는 장면에서 멈춘다.","6","9","3","5","10","8","8","9","보상 범위=한 경기 3점 홈런과 신인 시즌 10승의 시즌 기록 층위; 롱고리아와 조브리스트의 홈런 지원에 윤주혁도 3점포를 보태고 미겔 카브레라를 삼진으로 잡는다. 100구 제한 때문에 완투는 포기하지만 9대0 승리로 시즌 10승을 확정하고 팬·동료의 축하를 받은 뒤 페냐와 브라이언이 다가오는 장면에서 멈춘다."
"53","53화","RA-008","10승 여진과 부상 복귀의 첫 타격","축하 파티가 10홈런 목표를 만들지만 훈련 중 발목 부상으로 15일 DL에 올라 팀 슬럼프를 지켜봐야 한다. 복귀 첫 볼티모어전 첫 타석에서 132미터 솔로포로 몸과 감각을 증명하되, 끝은 1점만으로는 흔들리는 제임스 실즈와 침체한 팀을 살리기 부족하다고 계산한다.","5","7","5","6","8","8","7","7","보상 범위=팀 전체의 10승 축하, 15일 부상 공백 뒤 시즌 9호 홈런 층위; 축하 파티가 10홈런 목표를 만들지만 훈련 중 발목 부상으로 15일 DL에 올라 팀 슬럼프를 지켜봐야 한다. 복귀 첫 볼티모어전 첫 타석에서 132미터 솔로포로 몸과 감각을 증명하되, 끝은 1점만으로는 흔들리는 제임스 실즈와 침체한 팀을 살리기 부족하다고 계산한다."
"54","54화","RA-008","역사 기록 직전의 스플리터 적응전","에릭 크리스의 위력적인 스플리터에 두 번 헛스윙하고도 속도와 낙폭을 학습해 다섯 번째 공의 히팅 포인트를 잡는다. 타격음까지는 확정되지만 크리스가 믿지 못해 날아가는 공을 바라보는 데서 끝나므로, 10승·10홈런의 역사적 지급은 다음 화로 유보한다.","8","6","9","7","9","3","8","6","보상 범위=한 경기 타선 반등과 시즌 10호 홈런 후보 타구 층위; 에릭 크리스의 위력적인 스플리터에 두 번 헛스윙하고도 속도와 낙폭을 학습해 다섯 번째 공의 히팅 포인트를 잡는다. 타격음까지는 확정되지만 크리스가 믿지 못해 날아가는 공을 바라보는 데서 끝나므로, 10승·10홈런의 역사적 지급은 다음 화로 유보한다."
"55","55화","RA-008","10승·10홈런 역사 결산과 더 큰 기록 압력","낮고 빠른 스플리터를 넘겨 베이브 루스 이후 처음으로 10승·10홈런을 달성하고, 아시아 전역의 관심과 신인왕 선두·스타 플레이어 평가까지 받는다. 방송의 찬사와 2년 차 부상 경고를 모두 소화한 뒤 19번째 선발의 첫 타자를 100마일 삼구 삼진으로 잡고 남은 3승·1홈런을 향한다.","5","10","6","8","9","5","9","10","보상 범위=현대 야구 최초 10승·10홈런의 역사·시즌·커리어 층위; 낮고 빠른 스플리터를 넘겨 베이브 루스 이후 처음으로 10승·10홈런을 달성하고, 아시아 전역의 관심과 신인왕 선두·스타 플레이어 평가까지 받는다. 방송의 찬사와 2년 차 부상 경고를 모두 소화한 뒤 19번째 선발의 첫 타자를 100마일 삼구 삼진으로 잡고 남은 3승·1홈런을 향한다."
"56","56화","RA-008","기록 도전 좌절과 정규시즌 최종전 준비","7이닝 1실점 10탈삼진으로 4대1을 넘기고도 불펜이 8회에 6점을 줘 시즌 11승을 잃는다. 케빈에게 5천 달러 블랑코 지갑을 선물한 뒤 시간은 보스턴전 11승과 지구 우승을 이미 마친 정규시즌 최종전으로 이동하지만, 실제 마지막은 경기 결과가 아니라 매든이 4번 타자 윤주혁에게 말을 꺼내는 바로 직전이다.","6","6","9","7","6","8","7","7","보상 범위=텍사스전 승수 상실, 뒤이은 시즌 11승·지구 우승과 최종전 4번 기용 층위; 7이닝 1실점 10탈삼진으로 4대1을 넘기고도 불펜이 8회에 6점을 줘 시즌 11승을 잃는다. 케빈에게 5천 달러 블랑코 지갑을 선물한 뒤 시간은 보스턴전 11승과 지구 우승을 이미 마친 정규시즌 최종전으로 이동하지만, 실제 마지막은 경기 결과가 아니라 매든이 4번 타자 윤주혁에게 말을 꺼내는 바로 직전이다."
"57","57화","RA-008","정규시즌 총결산과 포스트시즌 진입","1회 2사 2루에서 시즌 12호 투런을 치고 3타수 2안타 2타점 1볼넷, 팀 11대2 승리를 거둔다. 투수 11승 3패 평균자책 2.31과 타자 타율 .355를 확정한 뒤 곧바로 ALDS 1차전으로 넘어가, 데이비드 프라이스가 2점을 준 상황에서 윤주혁이 제구왕 클리프 리를 처음 상대한다.","6","10","6","8","9","7","9","10","보상 범위=최종전 승리, 11승·12홈런과 지구 우승이라는 정규시즌 층위; 1회 2사 2루에서 시즌 12호 투런을 치고 3타수 2안타 2타점 1볼넷, 팀 11대2 승리를 거둔다. 투수 11승 3패 평균자책 2.31과 타자 타율 .355를 확정한 뒤 곧바로 ALDS 1차전으로 넘어가, 데이비드 프라이스가 2점을 준 상황에서 윤주혁이 제구왕 클리프 리를 처음 상대한다."
"58","58화","RA-009","포스트시즌 전천후 반격과 불펜 위기","클리프 리의 초구를 안타로 만들고 정규시즌에 감췄던 주루로 2루를 훔친 뒤 모리스의 투런 때 홈을 밟아 2대2를 만든다. 7회 불펜이 4대3 리드를 내주지만 크로포드의 다이빙 캐치가 추가 실점을 막고, 마지막은 윤주혁이 ‘이 1점은 내가 따라잡는다’며 선두타자 배트를 드는 장면이다.","8","8","8","6","10","7","8","8","보상 범위=ALDS 1차전 한 차례 출루·도루·득점과 7회 추격 기회 층위; 클리프 리의 초구를 안타로 만들고 정규시즌에 감췄던 주루로 2루를 훔친 뒤 모리스의 투런 때 홈을 밟아 2대2를 만든다. 7회 불펜이 4대3 리드를 내주지만 크로포드의 다이빙 캐치가 추가 실점을 막고, 마지막은 윤주혁이 ‘이 1점은 내가 따라잡는다’며 선두타자 배트를 드는 장면이다."
"59","59화","RA-009","동점포 지급과 모교 파급","컷패스트볼과 체인지업을 골라낸 뒤 바깥쪽 커브를 밀어 4대4 동점포를 친다. 대림고 최승일과 후배들이 중계를 보며 1억 달러와 메이저리그를 더는 공상이 아닌 경로로 받아들이고, 마지막은 선배가 자랑스러울 대회 우승을 하자고 서로 다짐하는 관계 여운이다.","7","8","3","5","9","9","9","8","보상 범위=ALDS 1차전 동점 홈런과 한국 고교 후배들의 진로·롤모델 층위; 컷패스트볼과 체인지업을 골라낸 뒤 바깥쪽 커브를 밀어 4대4 동점포를 친다. 대림고 최승일과 후배들이 중계를 보며 1억 달러와 메이저리그를 더는 공상이 아닌 경로로 받아들이고, 마지막은 선배가 자랑스러울 대회 우승을 하자고 서로 다짐하는 관계 여운이다."
"60","60화","RA-009","1차전 패배 수습과 2차전 에이스 점화","윤주혁은 안타·동점 홈런·희생플라이로 분투하지만 탬파가 8대7로 1차전을 내준다. 다음 날 예정보다 당겨 2차전 선발로 올라 101마일 포심과 97마일 투심을 점검하고, 론 워싱턴이 투구 수를 늘리라 지시한 상위 타선 세 명을 모두 삼진으로 돌려세운다.","7","6","5","7","9","6","7","6","보상 범위=1차전 개인 2타점과 2차전 첫 이닝 타선 제압 층위; 윤주혁은 안타·동점 홈런·희생플라이로 분투하지만 탬파가 8대7로 1차전을 내준다. 다음 날 예정보다 당겨 2차전 선발로 올라 101마일 포심과 97마일 투심을 점검하고, 론 워싱턴이 투구 수를 늘리라 지시한 상위 타선 세 명을 모두 삼진으로 돌려세운다."
"61","61화","RA-009","포스트시즌 첫 선발승 완결","게레로를 100마일, 해밀턴을 시즌 최고 102마일로 잡고 중심 타선에 삼진을 몰아 7.2이닝 무실점 14탈삼진을 기록한다. 9대0으로 시리즈를 1승 1패로 돌린 뒤 국내 기사와 대표팀 감독의 찬사까지 완결되며, 회차 끝에는 다음 경기 결과를 미리 걸지 않는다.","7","10","2","6","10","8","9","10","보상 범위=ALDS 한 경기 7.2이닝 무실점 14탈삼진과 시리즈 균형 층위; 게레로를 100마일, 해밀턴을 시즌 최고 102마일로 잡고 중심 타선에 삼진을 몰아 7.2이닝 무실점 14탈삼진을 기록한다. 9대0으로 시리즈를 1승 1패로 돌린 뒤 국내 기사와 대표팀 감독의 찬사까지 완결되며, 회차 끝에는 다음 경기 결과를 미리 걸지 않는다."
"62","62화","RA-009","원정 3차전 중심타자 재투입","타자 친화적인 글로브 라이프 파크와 양 팀 선발·장타력을 비교하고, 발목이 아픈 페냐가 2차전 3점포 배트를 맡기며 그랜드슬램을 주문한다. 1회 2사 1·2루에서 C.J. 윌슨의 공 두 개를 골라낸 뒤 세 번째 포심을 정확히 맞히지만 파울 관중석으로 들어가 결과는 유보된다.","6","4","7","8","5","8","6","6","보상 범위=투구 뒤 5번 타자 출전권과 1회 선취 기회 층위; 타자 친화적인 글로브 라이프 파크와 양 팀 선발·장타력을 비교하고, 발목이 아픈 페냐가 2차전 3점포 배트를 맡기며 그랜드슬램을 주문한다. 1회 2사 1·2루에서 C.J. 윌슨의 공 두 개를 골라낸 뒤 세 번째 포심을 정확히 맞히지만 파울 관중석으로 들어가 결과는 유보된다."
"63","63화","RA-009","선취 3점에서 긴 타석의 자존심 대결로 전환","낮은 싱커를 2타점 2루타로 만들고 모리스 안타 때 홈까지 들어와 3대0을 만들지만 실즈가 1회에 5점을 내준다. 3회 2사 2루의 두 번째 타석은 12구 넘게 이어지고, 마지막에는 유인구를 거부한 윌슨이 자존심을 걸고 몸쪽 포심을 선택한다.","9","7","9","6","10","4","8","7","보상 범위=ALDS 3차전 첫 타석 2타점·득점과 두 번째 타석 결착 직전 층위; 낮은 싱커를 2타점 2루타로 만들고 모리스 안타 때 홈까지 들어와 3대0을 만들지만 실즈가 1회에 5점을 내준다. 3회 2사 2루의 두 번째 타석은 12구 넘게 이어지고, 마지막에는 유인구를 거부한 윌슨이 자존심을 걸고 몸쪽 포심을 선택한다."
"64","64화","RA-009","동점포 뒤 디비전시리즈 탈락과 귀국","12구째 몸쪽 포심을 2점 홈런으로 만들어 5대5를 만들고 8회에도 안타를 치지만, 투수진 붕괴와 모리스 병살로 3차전을 9대5로 잃고 4차전도 져 1승 3패로 탈락한다. 개인은 13타수 8안타 2홈런을 남기며, 1주 뒤 귀국해 골목 계단에서 어머니 임혜정을 끌어안는 데까지 이동한다.","8","7","3","6","9","8","9","7","보상 범위=3차전 동점 홈런·개인 포스트시즌 기록과 팀 시리즈 탈락·가족 귀환 층위; 12구째 몸쪽 포심을 2점 홈런으로 만들어 5대5를 만들고 8회에도 안타를 치지만, 투수진 붕괴와 모리스 병살로 3차전을 9대5로 잃고 4차전도 져 1승 3패로 탈락한다. 개인은 13타수 8안타 2홈런을 남기며, 1주 뒤 귀국해 골목 계단에서 어머니 임혜정을 끌어안는 데까지 이동한다."
"65","65화","RA-010","가족 화해와 믿을 계약 선택","부모에게 처음 사랑한다고 말하고, 전생에 광고비를 횡령한 PS의 황영수를 미리 경고해 쫓아낸다. 규모 대신 끝까지 남았던 사람을 택해 라온 스포츠의 원룸 사무실을 직접 찾아가 계약을 청하고, 김창섭은 아침에 들은 점괘가 윤주혁이었다며 손을 붙든다.","4","9","5","8","7","10","10","8","보상 범위=가족 관계 회복과 국내 매니지먼트라는 장기 커리어 기반 층위; 부모에게 처음 사랑한다고 말하고, 전생에 광고비를 횡령한 PS의 황영수를 미리 경고해 쫓아낸다. 규모 대신 끝까지 남았던 사람을 택해 라온 스포츠의 원룸 사무실을 직접 찾아가 계약을 청하고, 김창섭은 아침에 들은 점괘가 윤주혁이었다며 손을 붙든다."
"66","66화","RA-010","사기 경로 차단과 라온 인력 확충","황영수의 횡령·폭행이 드러나며 과거 피해 경로가 선제 차단되고, PS에서 해고된 이동호·백일규·박성현이 라온으로 옮겨 광고 문의와 매니저 공백을 메운다. 마지막에는 새 매니저 박성현이 윤주혁이 황영수의 실체를 어떻게 미리 알았는지 묻는다.","6","7","6","8","7","8","7","8","보상 범위=과거 광고 사기 회피와 국내 에이전시 운영 기반 층위; 황영수의 횡령·폭행이 드러나며 과거 피해 경로가 선제 차단되고, PS에서 해고된 이동호·백일규·박성현이 라온으로 옮겨 광고 문의와 매니저 공백을 메운다. 마지막에는 새 매니저 박성현이 윤주혁이 황영수의 실체를 어떻게 미리 알았는지 묻는다."
"67","67화","RA-010","신뢰할 매니저 정착과 대표팀 준비","박성현과 형·동생 호칭을 정하고 추신우의 제안으로 부산 자이언츠 2군 시설에서 가볍게 배팅하며 대표팀 동료를 미리 익힌다. 금메달과 병역 특례를 준비하는 공동 훈련 뒤 회차는 광저우 대표팀 24인 명단과 대만전 일정 기사로 끝난다.","3","6","3","8","5","9","6","7","보상 범위=새 매니저·훈련지 확보와 국가대표 24인 선발 층위; 박성현과 형·동생 호칭을 정하고 추신우의 제안으로 부산 자이언츠 2군 시설에서 가볍게 배팅하며 대표팀 동료를 미리 익힌다. 금메달과 병역 특례를 준비하는 공동 훈련 뒤 회차는 광저우 대표팀 24인 명단과 대만전 일정 기사로 끝난다."
"68","68화","RA-011","신인왕 지급과 광저우 첫 경기 착수","11승·12홈런의 시즌이 압도적 신인왕으로 공식 결산되고 문성욱은 윤주혁·류현준·추신우·이대훈을 대표팀 핵심으로 본다. 광저우 도착 뒤 첫 대만전은 류현준이 선발로 막고 추신우 3점포·이대훈 백투백 등으로 1회에만 7점을 내며 끝난다.","4","10","4","9","5","6","9","10","보상 범위=메이저리그 시즌 개인 최고 신인상과 국가대표 핵심 지위 층위; 11승·12홈런의 시즌이 압도적 신인왕으로 공식 결산되고 문성욱은 윤주혁·류현준·추신우·이대훈을 대표팀 핵심으로 본다. 광저우 도착 뒤 첫 대만전은 류현준이 선발로 막고 추신우 3점포·이대훈 백투백 등으로 1회에만 7점을 내며 끝난다."
"69","69화","RA-011","연속 콜드승에서 결승 마무리 등판으로 상승","대만 10대0, 홍콩 11대0, 파키스탄 17대0, 중국 18대0으로 결승에 간다. 결승에서는 류현준이 5이닝 3실점해 4대3까지 쫓기자 윤주혁이 6회에 올라 155·157·161km로 첫 타자를 삼진 잡고 뒤 타자들도 연속 삼진으로 묶는다.","6","8","6","6","10","7","8","8","보상 범위=네 경기 연속 콜드승·결승 진출과 금메달전 6회 위기 제압 층위; 대만 10대0, 홍콩 11대0, 파키스탄 17대0, 중국 18대0으로 결승에 간다. 결승에서는 류현준이 5이닝 3실점해 4대3까지 쫓기자 윤주혁이 6회에 올라 155·157·161km로 첫 타자를 삼진 잡고 뒤 타자들도 연속 삼진으로 묶는다."
"70","70화","RA-011","금메달 완결과 상업 활동 선별","박경환 2점포와 강성호 3점포로 11대3까지 달아나고 윤주혁이 6~9회를 퍼펙트 8탈삼진으로 닫아 금메달과 병역 문제를 해결한다. 귀국 뒤 부모 목에 메달을 걸고 가족사진을 계획하며, 방송은 거절하고 광고 21곳을 추리는 전화 끝에 거실로 나오자 어머니가 질문을 건넨다.","7","10","4","7","10","9","10","10","보상 범위=결승 4이닝 퍼펙트·금메달·병역 특례와 가족 귀환 층위; 박경환 2점포와 강성호 3점포로 11대3까지 달아나고 윤주혁이 6~9회를 퍼펙트 8탈삼진으로 닫아 금메달과 병역 문제를 해결한다. 귀국 뒤 부모 목에 메달을 걸고 가족사진을 계획하며, 방송은 거절하고 광고 21곳을 추리는 전화 끝에 거실로 나오자 어머니가 질문을 건넨다."
"71","71화","RA-012","스타 보상의 생활 환원과 노출 경계 확정","부모와 20년 만의 가족사진을 찍고 2주간 12개 광고와 헤네시스 차량·아버지 차량 및 5년 유류비 지원을 계약해 연봉 열 배 규모의 수입을 얻는다. 라온 사무실도 세 배로 넓어지지만 추가 방송과 다큐는 미루고, 회식 자리에서 다음 모교 일정까지 확인한 뒤 김창섭이 계산서를 든다.","2","9","2","8","5","9","8","10","보상 범위=가족사진·차량·광고 수입과 라온의 조직 성장 층위; 부모와 20년 만의 가족사진을 찍고 2주간 12개 광고와 헤네시스 차량·아버지 차량 및 5년 유류비 지원을 계약해 연봉 열 배 규모의 수입을 얻는다. 라온 사무실도 세 배로 넓어지지만 추가 방송과 다큐는 미루고, 회식 자리에서 다음 모교 일정까지 확인한 뒤 김창섭이 계산서를 든다."
"72","72화","RA-012","아버지와 화해한 뒤 모교 연설 착수","회식보다 아버지와의 맥주 약속을 지키고, 부모 취향에 맞춘 주택을 계약금으로 이미 짓기로 했다고 밝혀 윤상현의 눈물을 받는다. 대림고에서는 문창진의 과장을 참고 후배들에게 선입견을 부수는 방법과 노력의 가치를 말하다 이치로의 문장을 적은 종이를 꺼낸다.","3","8","6","7","5","10","10","9","보상 범위=부모 맞춤 주택과 후배 세대에 돌려주는 장비·경험 층위; 회식보다 아버지와의 맥주 약속을 지키고, 부모 취향에 맞춘 주택을 계약금으로 이미 짓기로 했다고 밝혀 윤상현의 눈물을 받는다. 대림고에서는 문창진의 과장을 참고 후배들에게 선입견을 부수는 방법과 노력의 가치를 말하다 이치로의 문장을 적은 종이를 꺼낸다."
"73","73화","RA-012","후배 멘토링 결산과 새 시즌 생활 준비","최승일의 릴리스 포인트를 앞으로 당기도록 직접 고치고 은퇴 전 메이저리그에서 만나자고 약속해 후배가 꿈을 입 밖으로 확정하게 한다. 가족과 하와이에서 일주일을 보낸 뒤 추신우의 부산 캠프 제안을 받아 먼저 탬파로 돌아오며, 마지막은 스티븐 킴이 추천한 레지던스의 구장 이동 시간을 묻는 장면이다.","3","8","4","8","6","10","9","7","보상 범위=최승일의 장기 진로, 가족 휴가와 미국 새 거처 준비 층위; 최승일의 릴리스 포인트를 앞으로 당기도록 직접 고치고 은퇴 전 메이저리그에서 만나자고 약속해 후배가 꿈을 입 밖으로 확정하게 한다. 가족과 하와이에서 일주일을 보낸 뒤 추신우의 부산 캠프 제안을 받아 먼저 탬파로 돌아오며, 마지막은 스티븐 킴이 추천한 레지던스의 구장 이동 시간을 묻는 장면이다."
"74","74화","RA-013","미국 생활 안정과 최종원 커브 사사","레지던스 계약과 헤네시스 차량으로 미국 생활을 정리하고 부산 캠프에서 1년 넘게 밋밋한 커브를 반복한다. 이를 본 ‘무쇠팔’ 최종원이 먼저 도움을 제안하고, 윤주혁이 절실하다고 답하자 자신의 시간을 투자하되 결국 훈련량이 성패를 가른다고 일러 준다.","4","8","7","8","7","9","8","9","보상 범위=주거·차량 스폰서 기반과 새 구종을 배울 전설적 스승 층위; 레지던스 계약과 헤네시스 차량으로 미국 생활을 정리하고 부산 캠프에서 1년 넘게 밋밋한 커브를 반복한다. 이를 본 ‘무쇠팔’ 최종원이 먼저 도움을 제안하고, 윤주혁이 절실하다고 답하자 자신의 시간을 투자하되 결국 훈련량이 성패를 가른다고 일러 준다."
"75","75화","RA-013","커브 기반 확립과 헐값 장기계약 거절","높은 릴리스와 상하체 밸런스를 반복해 실투를 줄이고, 최종원에게 처음으로 성장과 가능성을 인정받되 혹사는 금지하라는 원칙도 받는다. 캠프 뒤 탬파는 연봉을 50만 달러로 정하고 7년 5,580만 달러 연장을 내밀지만 윤주혁과 스캇 조나스는 장기 가치를 헐값에 묶지 않기로 거절한다.","4","7","5","9","8","9","8","7","보상 범위=한 달짜리 기술 기반과 7년 5,580만 달러를 거절한 커리어 선택 층위; 높은 릴리스와 상하체 밸런스를 반복해 실투를 줄이고, 최종원에게 처음으로 성장과 가능성을 인정받되 혹사는 금지하라는 원칙도 받는다. 캠프 뒤 탬파는 연봉을 50만 달러로 정하고 7년 5,580만 달러 연장을 내밀지만 윤주혁과 스캇 조나스는 장기 가치를 헐값에 묶지 않기로 거절한다."
"76","76화","RA-013","자유 선택 유지와 약해진 팀의 시범 검증 진입","페냐·크로포드·가르자·소리아노 등 대규모 이탈을 확인한 뒤 커브와 타격을 함께 끌어올려 애런 루이스의 인정을 받고 2선발·6번 지명타자로 정해진다. 마지막은 양키스와 첫 시범경기 라인업의 약한 테이블세터와 1루 공백을 팬들이 매든의 유망주 운용 능력으로 버텨 보려는 전망이다.","4","6","3","9","5","5","6","8","보상 범위=장기계약 자유와 2011년 2선발·6번 타자 보직 층위; 페냐·크로포드·가르자·소리아노 등 대규모 이탈을 확인한 뒤 커브와 타격을 함께 끌어올려 애런 루이스의 인정을 받고 2선발·6번 지명타자로 정해진다. 마지막은 양키스와 첫 시범경기 라인업의 약한 테이블세터와 1루 공백을 팬들이 매든의 유망주 운용 능력으로 버텨 보려는 전망이다."
"77","77화","RA-014","타격 약점 발견 뒤 첫 선발 대비 대조","윤주혁은 첫 타석 1타점 안타를 포함해 3타수 2안타 3타점을 내면서도 낮은 변화구에 배트가 늦는 문제를 잡아 경기 뒤까지 교정한다. 매든에게 팀 에이스라는 말을 들은 뒤 장면은 디트로이트전으로 넘어가고, 마지막에는 몸이 덜 만들어진 저스틴 벌랜더가 1회를 못 버텨 일주일 훈련 명령을 받는다.","4","6","5","7","8","7","6","6","보상 범위=첫 시범경기 2안타·3타점과 ‘팀 에이스’ 책임 확인 층위; 윤주혁은 첫 타석 1타점 안타를 포함해 3타수 2안타 3타점을 내면서도 낮은 변화구에 배트가 늦는 문제를 잡아 경기 뒤까지 교정한다. 매든에게 팀 에이스라는 말을 들은 뒤 장면은 디트로이트전으로 넘어가고, 마지막에는 몸이 덜 만들어진 저스틴 벌랜더가 1회를 못 버텨 일주일 훈련 명령을 받는다."
"78","78화","RA-014","커브 첫 검증과 시범경기 전관왕급 결산","윤주혁은 전력투구 없이 3이닝 퍼펙트 뒤 82마일 커브를 처음 섞어 5이닝 퍼펙트 7탈삼진을 만든다. 남은 시범경기까지 투수 27이닝 무실점 44탈삼진, 타자 6홈런 24타점으로 끝낸 뒤, 실제 마지막은 매든 사무실에서 한국 팬이 보낸 커피믹스를 보고 입맛에 맞느냐고 묻는 일상 장면이다.","4","9","3","8","10","6","8","9","보상 범위=시범 첫 선발 5이닝 퍼펙트와 전체 캠프 투타 성적 층위; 윤주혁은 전력투구 없이 3이닝 퍼펙트 뒤 82마일 커브를 처음 섞어 5이닝 퍼펙트 7탈삼진을 만든다. 남은 시범경기까지 투수 27이닝 무실점 44탈삼진, 타자 6홈런 24타점으로 끝낸 뒤, 실제 마지막은 매든 사무실에서 한국 팬이 보낸 커피믹스를 보고 입맛에 맞느냐고 묻는 일상 장면이다."
"79","79화","RA-014","투타 운용 계약 확정과 개막전 만루 점화","선발 다음 날 휴식, 100구 원칙, 7회 2아웃이면 이닝 완결, 올스타 전까지 타격 부진 시 투수 전념이라는 조건을 받아들인다. 토론토 개막전에서 2루타 두 개를 치고 8회 2사 만루까지 이어지며, 마지막은 싱커볼러 폴 클락의 초구가 포수 쪽으로 날아가는 도중이다.","6","6","9","9","7","8","6","8","보상 범위=시즌 투타 자율권과 개막전 8회 결승 기회 층위; 선발 다음 날 휴식, 100구 원칙, 7회 2아웃이면 이닝 완결, 올스타 전까지 타격 부진 시 투수 전념이라는 조건을 받아들인다. 토론토 개막전에서 2루타 두 개를 치고 8회 2사 만루까지 이어지며, 마지막은 싱커볼러 폴 클락의 초구가 포수 쪽으로 날아가는 도중이다."
"80","80화","RA-014","개막전 그랜드슬램 완결과 다음 날 선발 전환","두 볼을 골라낸 뒤 다섯 번째 무릎 아래 싱커를 인사이드아웃 스윙으로 퍼 올려 6대3 역전 만루홈런을 친다. 개막전 최우수 성적과 원맨쇼라는 평가까지 지급한 후, 다음 날 복수를 벼른 토론토가 공격을 시작하고 윤주혁이 선발 마운드에 오르는 데서 끝난다.","8","10","6","6","10","8","9","10","보상 범위=개막전 한 타석 역전·한 경기 3안타 4타점과 리그 화제 층위; 두 볼을 골라낸 뒤 다섯 번째 무릎 아래 싱커를 인사이드아웃 스윙으로 퍼 올려 6대3 역전 만루홈런을 친다. 개막전 최우수 성적과 원맨쇼라는 평가까지 지급한 후, 다음 날 복수를 벼른 토론토가 공격을 시작하고 윤주혁이 선발 마운드에 오르는 데서 끝난다."
"81","81화","RA-015","정교해진 제구 확인과 타선 선취 전개","겨울에 좋아진 낮고 바깥쪽 제구로 바티스타를 삼진 잡아 1회를 막고, 브렛 세실의 흔들림을 션 로드리게스·업튼·데이먼·롱고리아가 파고들어 두 점을 만든다. 마지막은 벤 조브리스트가 타석에 서자 중계진이 그의 양타·수비 능력을 설명하려는 순간이다.","5","6","5","8","8","3","5","6","보상 범위=시즌 첫 선발 1회 제압과 팀의 2점 선취 흐름 층위; 겨울에 좋아진 낮고 바깥쪽 제구로 바티스타를 삼진 잡아 1회를 막고, 브렛 세실의 흔들림을 션 로드리게스·업튼·데이먼·롱고리아가 파고들어 두 점을 만든다. 마지막은 벤 조브리스트가 타석에 서자 중계진이 그의 양타·수비 능력을 설명하려는 순간이다."
"82","82화","RA-015","몸쪽 압박을 투타 지배로 되갚는 전진","세실과 포수가 몸쪽 위협구를 반복하자 경고하되 보복은 하지 않고 가운데 몰린 공을 투런으로 넘기고 5회 적시타를 보탠다. 마운드에서는 6회 세 타자를 연속 삼진 잡고 92구를 확인한 뒤, 7회 8구 안에 두 아웃을 만들면 더 던질 수 있다고 판단하며 불펜에서 몸을 푼다.","7","8","7","7","10","5","7","8","보상 범위=한 경기 2점 홈런·적시타와 6이닝 무실점 주도권 층위; 세실과 포수가 몸쪽 위협구를 반복하자 경고하되 보복은 하지 않고 가운데 몰린 공을 투런으로 넘기고 5회 적시타를 보탠다. 마운드에서는 6회 세 타자를 연속 삼진 잡고 92구를 확인한 뒤, 7회 8구 안에 두 아웃을 만들면 더 던질 수 있다고 판단하며 불펜에서 몸을 푼다."
"83","83화","RA-015","첫 선발승 완결 뒤 팀 연패 위기 발생","7이닝 무실점 11탈삼진으로 8대0 승리와 시즌 첫 승을 거둔다. 그러나 롱고리아 한 달 이탈과 매니 라미레스 공백, 화이트삭스 스윕으로 팀이 4연패에 빠지고 볼티모어전도 5회까지 0대2인 채, 윤주혁은 작년과 달리 상대가 자신을 분석한 상황에서 타선 불꽃까지 꺼졌다고 계산한다.","6","8","4","6","9","5","7","8","보상 범위=7이닝 무실점 11탈삼진 첫 승과 이후 팀 4연패 위기 층위; 7이닝 무실점 11탈삼진으로 8대0 승리와 시즌 첫 승을 거둔다. 그러나 롱고리아 한 달 이탈과 매니 라미레스 공백, 화이트삭스 스윕으로 팀이 4연패에 빠지고 볼티모어전도 5회까지 0대2인 채, 윤주혁은 작년과 달리 상대가 자신을 분석한 상황에서 타선 불꽃까지 꺼졌다고 계산한다."
"84","84화","RA-015","연패 스토퍼 승리 뒤 3루수 자원 제안","외야 조명 시야 방해와 2루 실책으로 열린 반격을 타선이 5대2 역전으로 바꾸는 동안 윤주혁이 8이닝 12탈삼진으로 버텨 연패를 끊는다. 곧 매니의 약물 양성 은퇴와 새 4연패가 겹치자, 매든이 고민하던 3루에 자신이 서서 자니 데이먼을 지명타자로 쓰게 하겠다고 제안한다.","7","8","7","7","9","8","8","8","보상 범위=8이닝 2실점 시즌 2승·4연패 탈출과 새 수비 역할 제안 층위; 외야 조명 시야 방해와 2루 실책으로 열린 반격을 타선이 5대2 역전으로 바꾸는 동안 윤주혁이 8이닝 12탈삼진으로 버텨 연패를 끊는다. 곧 매니의 약물 양성 은퇴와 새 4연패가 겹치자, 매든이 고민하던 3루에 자신이 서서 자니 데이먼을 지명타자로 쓰게 하겠다고 제안한다."
"85","85화","RA-015","숨은 3루 수비의 실전 공개","정면 타구·라인드라이브·번트를 모두 처리해 펑고 시험을 통과하고 보스턴전 5번 3루수로 선발된다. 프랑코나와 전 동료 크로포드는 경험 부족을 확신하지만 엘스버리의 강습, 다이빙 캐치, 기습 번트까지 안정적으로 처리해 원정 팬이 ‘허점 없는 괴물’이라 탄식한다.","6","8","4","7","10","7","7","9","보상 범위=보스턴전 3루 선발권과 팀 라인업 유연성 층위; 정면 타구·라인드라이브·번트를 모두 처리해 펑고 시험을 통과하고 보스턴전 5번 3루수로 선발된다. 프랑코나와 전 동료 크로포드는 경험 부족을 확신하지만 엘스버리의 강습, 다이빙 캐치, 기습 번트까지 안정적으로 처리해 원정 팬이 ‘허점 없는 괴물’이라 탄식한다."
"86","86화","RA-015","3루 겸업 승리에서 다음 날 선발 투수전으로 전환","3루 수비를 끝까지 안정적으로 맡고 시즌 3호 3점포까지 쳐 7대1로 연패를 끊는다. 다음 날 선발에서는 애런에게 커브 뒤 포심 릴리스가 달라진다는 조언을 받고 6회까지 2피안타 무실점으로 버티며, 데이먼의 선두 2루타 뒤 베켓이 좋은 공을 피하는 윤주혁의 타석에서 멈춘다.","6","8","7","7","9","7","7","8","보상 범위=보스턴전 3루 무실책·3점 홈런·4연패 탈출과 다음 선발 0대0 승부 층위; 3루 수비를 끝까지 안정적으로 맡고 시즌 3호 3점포까지 쳐 7대1로 연패를 끊는다. 다음 날 선발에서는 애런에게 커브 뒤 포심 릴리스가 달라진다는 조언을 받고 6회까지 2피안타 무실점으로 버티며, 데이먼의 선두 2루타 뒤 베켓이 좋은 공을 피하는 윤주혁의 타석에서 멈춘다."
"87","87화","RA-016","노출된 패턴 역이용과 경기 해설 결산","페드로이아가 커브 뒤 빠른 공을 기다리는 것을 알아채고 74마일 커브를 연속으로 던져 삼진 잡은 뒤, 같은 노림수를 미끼 삼아 중심타자 셋을 연달아 돌려세운다. 경기 후 방송에서 은퇴 투수 칼 버켓이 여섯 이닝 동안 안 던진 커브를 7회에 실투 없이 쓸 수 있느냐는 질문을 받는 데서 끝난다.","7","8","4","9","9","5","7","8","보상 범위=한 경기 선취타·세 타자 연속 삼진과 상대 분석을 뒤집는 운영 기술 층위; 페드로이아가 커브 뒤 빠른 공을 기다리는 것을 알아채고 74마일 커브를 연속으로 던져 삼진 잡은 뒤, 같은 노림수를 미끼 삼아 중심타자 셋을 연달아 돌려세운다. 경기 후 방송에서 은퇴 투수 칼 버켓이 여섯 이닝 동안 안 던진 커브를 7회에 실투 없이 쓸 수 있느냐는 질문을 받는 데서 끝난다."
"88","88화","RA-016","보스턴 완승에서 6연승·주간상으로 확장","보스턴을 8이닝 무실점 12탈삼진, 타석 안타·타점·볼넷으로 5대0 이긴 뒤 팀은 마쓰자카를 1회 5실점시켜 보스턴을 스윕하고 에인절스까지 쓸어 6연승한다. 회차 끝은 윤주혁의 투수 8이닝 무실점과 타자 4홈런 11타점을 근거로 이주의 선수 선정 기사가 마감된다.","4","9","2","8","9","8","8","9","보상 범위=8이닝 무실점 12탈삼진, 두 시리즈 스윕과 아메리칸리그 이주의 선수 층위; 보스턴을 8이닝 무실점 12탈삼진, 타석 안타·타점·볼넷으로 5대0 이긴 뒤 팀은 마쓰자카를 1회 5실점시켜 보스턴을 스윕하고 에인절스까지 쓸어 6연승한다. 회차 끝은 윤주혁의 투수 8이닝 무실점과 타자 4홈런 11타점을 근거로 이주의 선수 선정 기사가 마감된다."
"89","89화","RA-016","시애틀전 선취 3점포","제이슨 바르가스의 흔들림과 업튼의 도루로 만든 2사 2·3루에서 낮은 체인지업을 당겨, 이치로가 쫓던 우측 담장을 넘긴다. 이치로 앞에서 두 경기 연속 홈런이 된 3대0 선취 보상은 확정되지만, 마운드에서의 승부는 아직 시작하지 않는다.","5","8","5","6","9","5","8","8","보상 범위=한 타석 시즌 8호 3점 홈런과 선발 등판 전 득점 지원 층위; 제이슨 바르가스의 흔들림과 업튼의 도루로 만든 2사 2·3루에서 낮은 체인지업을 당겨, 이치로가 쫓던 우측 담장을 넘긴다. 이치로 앞에서 두 경기 연속 홈런이 된 3대0 선취 보상은 확정되지만, 마운드에서의 승부는 아직 시작하지 않는다."
"90","90화","RA-016","이치로 정면 승부와 7연승 완결","이치로가 72마일 커브를 맞혀 불규칙 바운드를 만들자 직접 다이빙 캐치·송구로 간발의 아웃을 만들고 뒤 두 타석은 삼진으로 잡는다. 7이닝 3피안타 2볼넷 12탈삼진, 8대0과 평균자책 0.60까지 기사로 완결되어 다음 결과를 미리 걸지 않는다.","7","9","2","6","10","5","8","9","보상 범위=이치로 상대 호수비·연타석 삼진, 7이닝 무실점 시즌 4승과 팀 7연승 층위; 이치로가 72마일 커브를 맞혀 불규칙 바운드를 만들자 직접 다이빙 캐치·송구로 간발의 아웃을 만들고 뒤 두 타석은 삼진으로 잡는다. 7이닝 3피안타 2볼넷 12탈삼진, 8대0과 평균자책 0.60까지 기사로 완결되어 다음 결과를 미리 걸지 않는다."
"91","91화","RA-017","성적 하락 진단과 사이영상 목표 재설정","6승 2패 평균자책 2.24와 타율 .407·13홈런이라는 높은 전체 수치 안에서도 최근 3실점, 5실점 패배와 익숙해진 커브 궤적을 문제로 특정한다. 매든은 조급해하지 말라고 모자를 바로 씌워 주고, 마지막에 오늘 필라델피아 선발이 과거 악연인 제이크 로드리게스임이 드러난다.","5","5","7","10","5","8","7","7","보상 범위=두 경기 부진을 기술 과제로 바꾸는 시즌 중간 조정 층위; 6승 2패 평균자책 2.24와 타율 .407·13홈런이라는 높은 전체 수치 안에서도 최근 3실점, 5실점 패배와 익숙해진 커브 궤적을 문제로 특정한다. 매든은 조급해하지 말라고 모자를 바로 씌워 주고, 마지막에 오늘 필라델피아 선발이 과거 악연인 제이크 로드리게스임이 드러난다."
"92","92화","RA-017","인종 모욕을 경기 선취점으로 전환","원정 관중의 모욕까지 견디며 제이크의 슬라이더를 밀어 2타점 2루타로 만들고, 마운드에서는 3회 2아웃까지 6탈삼진 무출루로 누른다. 기다리던 제이크가 타석에 서자 맞추라고 던진 99마일 한가운데를 헛스윙하고, 마지막에는 윤주혁이 다시 바깥쪽 포심을 찔러 넣는다.","9","7","8","6","10","8","9","7","보상 범위=필라델피아전 첫 타석 2타점과 3회까지 무실점, 투수 대 투수 자존심 승부 층위; 원정 관중의 모욕까지 견디며 제이크의 슬라이더를 밀어 2타점 2루타로 만들고, 마운드에서는 3회 2아웃까지 6탈삼진 무출루로 누른다. 기다리던 제이크가 타석에 서자 맞추라고 던진 99마일 한가운데를 헛스윙하고, 마지막에는 윤주혁이 다시 바깥쪽 포심을 찔러 넣는다."
"93","93화","RA-017","필라델피아 투타 완승과 인터뷰 직전","제이크를 타석에서 삼진으로, 6회에는 2점 홈런으로 강판시켜 직접적인 우열을 정리한다. 8이닝 4피안타 무실점 14탈삼진과 3타수 3안타 1홈런 4타점, 7대0 시즌 7승을 모두 지급한 뒤 기자들 앞에서 질문을 받기 전에 윤주혁이 먼저 입을 여는 순간에 멈춘다.","7","10","7","5","10","6","9","10","보상 범위=한 경기 8이닝 무실점 14탈삼진·홈런 4타점과 시즌 7승 층위; 제이크를 타석에서 삼진으로, 6회에는 2점 홈런으로 강판시켜 직접적인 우열을 정리한다. 8이닝 4피안타 무실점 14탈삼진과 3타수 3안타 1홈런 4타점, 7대0 시즌 7승을 모두 지급한 뒤 기자들 앞에서 질문을 받기 전에 윤주혁이 먼저 입을 여는 순간에 멈춘다."
"94","94화","RA-018","전반기 시장가치 상승과 투타 동시 올스타 확정","제이크는 전력으로 상대할 가치도 없었다는 식으로 논란을 경기 결과에 묻고, 뒤 세 선발에서 2승을 더해 평균자책 1.91·140탈삼진을 만든다. 타자로 타율 .361·24홈런·65타점, 팬 투표 1위 지명타자이자 감독 추천 투수로 동시에 올스타에 뽑히며, 마지막은 작은 탬파 팬덤으로 오티스 팬 투표를 이긴 의미를 자부하는 장면이다.","3","10","3","10","5","6","9","10","보상 범위=전반기 9승·24홈런, 구단 수익 증가와 투수·지명타자 올스타 공식 인정 층위; 제이크는 전력으로 상대할 가치도 없었다는 식으로 논란을 경기 결과에 묻고, 뒤 세 선발에서 2승을 더해 평균자책 1.91·140탈삼진을 만든다. 타자로 타율 .361·24홈런·65타점, 팬 투표 1위 지명타자이자 감독 추천 투수로 동시에 올스타에 뽑히며, 마지막은 작은 탬파 팬덤으로 오티스 팬 투표를 이긴 의미를 자부하는 장면이다."
"95","95화","RA-018","홈런더비 1라운드 압도","후유증 우려를 자신의 세 번 우승 경험과 완성된 타격 메커니즘으로 반박하고 필립 모리스를 배팅볼 투수로 세운다. 긴장한 필립에게 어디든 던지라고 안심시킨 뒤 아웃 없이 네 개부터 시작해 10아웃 동안 16개를 넘기며 전광판 수치로 첫 라운드를 닫는다.","5","8","5","7","10","8","8","9","보상 범위=홈런더비 한 라운드 16홈런과 리그 최상급 장타자 증명 층위; 후유증 우려를 자신의 세 번 우승 경험과 완성된 타격 메커니즘으로 반박하고 필립 모리스를 배팅볼 투수로 세운다. 긴장한 필립에게 어디든 던지라고 안심시킨 뒤 아웃 없이 네 개부터 시작해 10아웃 동안 16개를 넘기며 전광판 수치로 첫 라운드를 닫는다."
"96","96화","RA-018","준결승 통과와 결승 자만 경계","카노의 12개를 의식해 흔들리는 필립에게 공을 조금 높게 달라고 구체적으로 조율하고 14개로 결승에 간다. 곤살레스가 5개에 그치자 과거 똑같은 조건에서 4개만 치고 진 기억이 돌아와, 쉬운 우승이라 여기지 않고 걱정을 지운 채 결승 타석으로 나선다.","6","8","6","7","9","9","7","8","보상 범위=홈런더비 준결승 14홈런과 결승의 6개 기준점 층위; 카노의 12개를 의식해 흔들리는 필립에게 공을 조금 높게 달라고 구체적으로 조율하고 14개로 결승에 간다. 곤살레스가 5개에 그치자 과거 똑같은 조건에서 4개만 치고 진 기억이 돌아와, 쉬운 우승이라 여기지 않고 걱정을 지운 채 결승 타석으로 나선다."
"97","97화","RA-018","홈런더비 우승 결산과 올스타전 투타 역할 선택","우승 기준을 넘긴 뒤에도 14개까지 쳐 총 44개 대회 기록을 만들고 상금 전액을 기부한다. 다음 날 올스타 선발투수 영예보다 팬이 뽑은 지명타자 전 타석을 택하고, 6회까지 앞서면 9회 마무리로도 오르기로 한 채 1회 선취점을 내준 경기를 지켜본다.","5","10","6","9","10","8","9","10","보상 범위=최연소·아시아 최초 홈런더비 우승, 총 44홈런 기록과 44만5천 달러 기부 층위; 우승 기준을 넘긴 뒤에도 14개까지 쳐 총 44개 대회 기록을 만들고 상금 전액을 기부한다. 다음 날 올스타 선발투수 영예보다 팬이 뽑은 지명타자 전 타석을 택하고, 6회까지 앞서면 9회 마무리로도 오르기로 한 채 1회 선취점을 내준 경기를 지켜본다."
"98","98화","RA-018","올스타전 역전포·마무리와 MVP 완결","할러데이 상대 적시타를 포함해 9대7 열세에서 역전 쓰리런을 치고 9회 직접 올라 1이닝 무실점 2탈삼진으로 10대9를 지킨다. 아시아 최초·역대 최연소 올스타 MVP와 월드시리즈 홈 어드밴티지를 모두 얻은 뒤, 이틀간 소진한 체력에도 커브와 문제점을 고치려고 훈련장에 나간다.","8","10","3","7","10","8","10","10","보상 범위=올스타전 한 경기 역전 3점 홈런·5타점·1이닝 무실점과 최연소 MVP 층위; 할러데이 상대 적시타를 포함해 9대7 열세에서 역전 쓰리런을 치고 9회 직접 올라 1이닝 무실점 2탈삼진으로 10대9를 지킨다. 아시아 최초·역대 최연소 올스타 MVP와 월드시리즈 홈 어드밴티지를 모두 얻은 뒤, 이틀간 소진한 체력에도 커브와 문제점을 고치려고 훈련장에 나간다."
"99","99화","RA-019","동료 연애 결실과 자기 외로움 인식 뒤 후반기 출발","자신이 건넨 와인과 조언이 두 사람의 교제로 이어진 사실을 축하하면서도, 전생 내내 진짜 자기 편 없이 버틴 외로움을 처음 구체적으로 인정한다. 불펜 투구로 감정을 누른 뒤 휴식 없는 올스타 브레이크를 마치고, 지구 우승 의지를 품은 후반기 첫 선발로 관중의 이름 연호를 받는다.","3","6","5","5","4","10","10","4","보상 범위=필립·레이첼 관계와 윤주혁 자신의 삶·후반기 커리어 목표 층위; 자신이 건넨 와인과 조언이 두 사람의 교제로 이어진 사실을 축하하면서도, 전생 내내 진짜 자기 편 없이 버틴 외로움을 처음 구체적으로 인정한다. 불펜 투구로 감정을 누른 뒤 휴식 없는 올스타 브레이크를 마치고, 지구 우승 의지를 품은 후반기 첫 선발로 관중의 이름 연호를 받는다."
"100","100화","RA-019","새 완급 운영과 베이브 루스 기록 경신","강속구에 약한 타자는 공격하고 맞히는 좌타자에게는 낮은 저속 포심·커브·체인지업을 섞어 96구 7이닝 무실점 11탈삼진을 만든다. 시즌 13승·24홈런으로 루스의 13승·11홈런 기준을 잔여 61경기에서 넘겼다는 기사와 팬 반응까지 완전 지급한다.","4","10","2","10","9","5","9","10","보상 범위=후반기 첫 승·시즌 13승과 현대 투타 단일 시즌 최고 기록 층위; 강속구에 약한 타자는 공격하고 맞히는 좌타자에게는 낮은 저속 포심·커브·체인지업을 섞어 96구 7이닝 무실점 11탈삼진을 만든다. 시즌 13승·24홈런으로 루스의 13승·11홈런 기준을 잔여 61경기에서 넘겼다는 기사와 팬 반응까지 완전 지급한다."
"101","101화","RA-020","지구 선두 직접 대결과 너클볼 약점 노출","최근 두 선발이 득점 지원과 불펜 탓에 13승에 묶이고 벌랜더는 18승으로 달아난 가운데, 윤주혁은 보스턴 3연전 첫 두 경기를 타자로 치르고 세 번째에 선발로 나서기로 한다. 1차전 4번 임무를 받고 라인업을 보던 마지막 순간, 평생 약했던 너클볼러 팀 웨이크필드의 대체 선발을 보고 얼굴이 굳는다.","6","4","7","9","5","5","7","7","보상 범위=보스턴 3연전의 4번 타자 책임과 사이영상·MVP 추격 조건 층위; 최근 두 선발이 득점 지원과 불펜 탓에 13승에 묶이고 벌랜더는 18승으로 달아난 가운데, 윤주혁은 보스턴 3연전 첫 두 경기를 타자로 치르고 세 번째에 선발로 나서기로 한다. 1차전 4번 임무를 받고 라인업을 보던 마지막 순간, 평생 약했던 너클볼러 팀 웨이크필드의 대체 선발을 보고 얼굴이 굳는다."
"102","102화","RA-020","너클볼 행운 출루와 2대1 열세 형성","궤적을 끝까지 쫓다 늦게 낸 배트에 공이 우연히 들어와 안타가 되고, 조브리스트 안타와 웨이크필드 폭투로 홈까지 밟는다. 그러나 웨이크필드는 병살로 회복하고 오티스의 2점 홈런이 2대1을 만들며, 마지막은 11연승 팀의 사기를 상대로 신인 헬릭슨이 최소 퀄리티스타트를 버텨야 한다는 압력이다.","7","4","5","8","7","3","7","4","보상 범위=첫 너클볼 타석 안타·폭투 득점과 보스턴전 초반 한 점 기여 층위; 궤적을 끝까지 쫓다 늦게 낸 배트에 공이 우연히 들어와 안타가 되고, 조브리스트 안타와 웨이크필드 폭투로 홈까지 밟는다. 그러나 웨이크필드는 병살로 회복하고 오티스의 2점 홈런이 2대1을 만들며, 마지막은 11연승 팀의 사기를 상대로 신인 헬릭슨이 최소 퀄리티스타트를 버텨야 한다는 압력이다."
"103","103화","RA-020","너클볼 학습 역전포와 불펜 전환 직전","3볼에서 웨이크필드가 스트라이크를 넣어야 한다는 조건과 미세한 회전을 읽어, 우연이 아닌 의도적인 투런으로 3대2를 만든다. 헬릭슨이 연속 병살로 위기를 넘기는 동안 6회 롱고리아가 너클볼을 안타로 쳐 윤주혁 앞에 출루하고, 프랑코나는 좌완 모랄레스 교체를 준비한다.","8","8","7","8","9","7","8","8","보상 범위=한 타석 시즌 29호 역전 2점 홈런과 보스턴전 6회 리드 층위; 3볼에서 웨이크필드가 스트라이크를 넣어야 한다는 조건과 미세한 회전을 읽어, 우연이 아닌 의도적인 투런으로 3대2를 만든다. 헬릭슨이 연속 병살로 위기를 넘기는 동안 6회 롱고리아가 너클볼을 안타로 쳐 윤주혁 앞에 출루하고, 프랑코나는 좌완 모랄레스 교체를 준비한다."
"104","104화","RA-020","보스턴 연전 우세의 확정과 3차전 재장전","모랄레스의 롱릴리프와 윤주혁의 적은 투구 수 운영이 첫 경기 승리를 지키고, 다음 경기에서는 5안타를 때리며 타격 우세까지 넓힌다. 두 경기를 빠르게 결산한 뒤 베켓과 좌타자 여섯 명이 맞서는 3차전 선발로 넘어가므로 지급은 크지만 마지막 압력은 새 경기의 시작점이다.","5","9","5","8","8","5","8","9","보상 범위=보스턴 원정 두 경기 승리와 투타 전관왕 경쟁이 겹치는 시리즈·시즌 층위; 모랄레스의 롱릴리프와 윤주혁의 적은 투구 수 운영이 첫 경기 승리를 지키고, 다음 경기에서는 5안타를 때리며 타격 우세까지 넓힌다. 두 경기를 빠르게 결산한 뒤 베켓과 좌타자 여섯 명이 맞서는 3차전 선발로 넘어가므로 지급은 크지만 마지막 압력은 새 경기의 시작점이다."
"105","105화","RA-021","퍼펙트 흐름과 득점 선택의 압축","좌타자 배치가 체인지업과 몸쪽 승부에 막히며 퍼펙트 흐름이 생기고, 타선은 비제이 업튼의 출루와 롱고리아의 장타로 윤주혁을 고의사구까지 밀어 올린다. 그러나 말미에는 조브리스트가 두 차례 헛스윙해 0볼 2스트라이크에 몰리므로 기록과 득점 모두 아직 지급 전이다.","7","6","8","6","8","4","7","6","보상 범위=한 경기 초중반의 퍼펙트 진행과 득점 기회 층위; 좌타자 배치가 체인지업과 몸쪽 승부에 막히며 퍼펙트 흐름이 생기고, 타선은 비제이 업튼의 출루와 롱고리아의 장타로 윤주혁을 고의사구까지 밀어 올린다. 그러나 말미에는 조브리스트가 두 차례 헛스윙해 0볼 2스트라이크에 몰리므로 기록과 득점 모두 아직 지급 전이다."
"106","106화","RA-021","4점 지원과 7이닝 노히트 고조","조브리스트의 희생플라이와 매트 모리스의 홈런이 4점 리드를 만들고, 윤주혁은 6회 몸에 맞는 공으로 퍼펙트만 놓친 뒤 병살로 노히트를 지킨다. 7회까지 피안타 없이 닫았지만 여섯 타자가 남았다는 마지막 자각 때문에 역사적 보상은 아직 완결되지 않는다.","7","8","8","5","9","4","8","7","보상 범위=한 경기 리드와 7이닝 노히트 진행 층위; 조브리스트의 희생플라이와 매트 모리스의 홈런이 4점 리드를 만들고, 윤주혁은 6회 몸에 맞는 공으로 퍼펙트만 놓친 뒤 병살로 노히트를 지킨다. 7회까지 피안타 없이 닫았지만 여섯 타자가 남았다는 마지막 자각 때문에 역사적 보상은 아직 완결되지 않는다."
"107","107화","RA-021","8이닝 노히트와 만루 타격의 충돌","윤주혁은 8회에 구속을 끌어올려 세 타자를 연속 삼진으로 잡고 여덟 이닝을 안타 없이 완주한다. 이는 완성 전이라도 노히터급 체감을 주는 대형 경기 보상이라 9를 지급하되, 8회 말 무사 만루에서 타격과 9회 체력 사이를 저울질하는 장면이 결산을 다시 보류한다. 107화 노히터 결산: 이 화의 지급은 `8이닝 무피안타`까지이며 만루 홈런과 9회 노히터 완성은 아직 일어나지 않았다.","8","9","9","5","10","5","9","8","보상 범위=완성 직전의 8이닝 노히트라는 한 경기 역사 기록 층위; 윤주혁은 8회에 구속을 끌어올려 세 타자를 연속 삼진으로 잡고 여덟 이닝을 안타 없이 완주한다. 이는 완성 전이라도 노히터급 체감을 주는 대형 경기 보상이라 9를 지급하되, 8회 말 무사 만루에서 타격과 9회 체력 사이를 저울질하는 장면이 결산을 다시 보류한다. 107화 노히터 결산: 이 화의 지급은 `8이닝 무피안타`까지이며 만루 홈런과 9회 노히터 완성은 아직 일어나지 않았다."
"108","108화","RA-021","시즌 30호 만루포와 기록 저지 시도","윤주혁은 무사 만루에서 시즌 30호 만루 홈런을 쳐 승부를 사실상 닫고 9회 마운드에 오른다. 0볼 2스트라이크의 케빈 유킬리스가 번트를 대자 윤주혁이 몸을 날려 아웃을 만들지만, 기록 관행을 둘러싼 양 팀 말싸움이 붙어 노히터 완결 대신 집단 충돌 직전에서 끝난다.","9","9","9","5","10","7","9","9","보상 범위=한 경기 쐐기 만루 홈런과 시즌 30홈런 기록, 노히터 마지막 수비 층위; 윤주혁은 무사 만루에서 시즌 30호 만루 홈런을 쳐 승부를 사실상 닫고 9회 마운드에 오른다. 0볼 2스트라이크의 케빈 유킬리스가 번트를 대자 윤주혁이 몸을 날려 아웃을 만들지만, 기록 관행을 둘러싼 양 팀 말싸움이 붙어 노히터 완결 대신 집단 충돌 직전에서 끝난다."
"109","109화","RA-021","벤치 충돌 통제와 노히터 완성","윤주혁은 유킬리스를 향한 보복보다 경기 완성을 택하고, 마르코 스쿠타로를 삼진으로 잡아 9이닝 무피안타 15탈삼진을 완성한다. 첫 완투·첫 완봉·시즌 14승과 보스턴 싹쓸이까지 한 장면에 겹치므로 최고 보상이며, 마지막은 동료들의 포옹과 중계진의 역사 선언이라 다음 위기보다 여운이 크다.","9","10","2","8","10","8","10","10","보상 범위=구단·한국인 최초이자 최연소 메이저리그 노히터라는 한 경기·커리어 역사 층위; 윤주혁은 유킬리스를 향한 보복보다 경기 완성을 택하고, 마르코 스쿠타로를 삼진으로 잡아 9이닝 무피안타 15탈삼진을 완성한다. 첫 완투·첫 완봉·시즌 14승과 보스턴 싹쓸이까지 한 장면에 겹치므로 최고 보상이며, 마지막은 동료들의 포옹과 중계진의 역사 선언이라 다음 위기보다 여운이 크다."
"110","110화","RA-021","대기록의 사회적 여진과 일상 복귀","미국과 한국의 기사, 광고 문의, 유명인의 접근이 노히터의 외부 보상을 구체화한다. 윤주혁은 사람을 가려 만나고 직접 요리하며 쉬다가 디트로이트전 준비에 일찍 복귀하므로, 경기 행동보다 정보·지위와 자기 관리가 중심이다.","3","8","4","8","3","6","7","9","보상 범위=대기록의 국가·광고·인지도 파급과 투수 일상 회복 층위; 미국과 한국의 기사, 광고 문의, 유명인의 접근이 노히터의 외부 보상을 구체화한다. 윤주혁은 사람을 가려 만나고 직접 요리하며 쉬다가 디트로이트전 준비에 일찍 복귀하므로, 경기 행동보다 정보·지위와 자기 관리가 중심이다."
"111","111화","RA-022","쉴즈의 동반 노히터 진입","가벼운 생활 대화 뒤 제임스 쉴즈가 디트로이트 타선을 안타 없이 막고, 매트 모리스의 시즌 20호 투런포와 내야 수비가 기록을 지원한다. 6회 말 두 아웃에서 쉴즈가 일어나는 모습에 윤주혁이 시선을 주며 개인 기록이 팀 연속 기록으로 번질 가능성을 연다.","5","8","5","6","8","7","6","8","보상 범위=동료 선발의 한 경기 노히트 진행과 팀 수비 신뢰 층위; 가벼운 생활 대화 뒤 제임스 쉴즈가 디트로이트 타선을 안타 없이 막고, 매트 모리스의 시즌 20호 투런포와 내야 수비가 기록을 지원한다. 6회 말 두 아웃에서 쉴즈가 일어나는 모습에 윤주혁이 시선을 주며 개인 기록이 팀 연속 기록으로 번질 가능성을 연다."
"112","112화","RA-022","노히터 수비 위기와 9회 진입","몸에 맞는 공과 폭투로 7회 실점 위기가 생기지만 매트 모리스가 홈에서 주자를 잡고, 8회에는 직접 2타점 2루타를 쳐 4대0을 만든다. 공격과 수비가 쉴즈의 기록을 받쳐 준 뒤 9회 첫 타자 초구로 멈춰 완결 압력이 최고점에 가깝다.","8","8","9","4","10","8","8","7","보상 범위=한 경기 노히터를 공동으로 지키는 득점·수비 층위; 몸에 맞는 공과 폭투로 7회 실점 위기가 생기지만 매트 모리스가 홈에서 주자를 잡고, 8회에는 직접 2타점 2루타를 쳐 4대0을 만든다. 공격과 수비가 쉴즈의 기록을 받쳐 준 뒤 9회 첫 타자 초구로 멈춰 완결 압력이 최고점에 가깝다."
"113","113화","RA-022","팀 연속 노히터 결산과 지구 우승 압력 전환","쉴즈는 볼넷 뒤 오스틴 잭슨을 병살로 잡아 팀 선발 두 경기 연속 노히터를 완성한다. 시간 점프 뒤 윤주혁의 15승과 팀 5연승, 동부 1위가 지급되지만 잔여 13경기와 매직넘버 11을 계산하며 두 시즌 연속 지구 우승을 위한 자기 싸움으로 압력이 이동한다.","8","10","5","9","10","9","9","10","보상 범위=메이저리그 최초 팀 선발 두 경기 연속 노히터와 시즌 15승·지구 선두라는 역사·시즌 층위; 쉴즈는 볼넷 뒤 오스틴 잭슨을 병살로 잡아 팀 선발 두 경기 연속 노히터를 완성한다. 시간 점프 뒤 윤주혁의 15승과 팀 5연승, 동부 1위가 지급되지만 잔여 13경기와 매직넘버 11을 계산하며 두 시즌 연속 지구 우승을 위한 자기 싸움으로 압력이 이동한다."
"114","114화","RA-023","시즌 막판 장타 감각 재점화","무사 2·3루가 두 타자의 범타로 2사까지 줄고, 윤주혁은 안타가 아닌 4번 타자의 장타를 택해 잭 브리튼의 가장 좋은 바깥쪽 패스트볼을 3점 홈런으로 넘긴다. 홈런 결과는 이 화 안에 분명히 지급되고 마지막은 자기 최고 공이 무너진 브리튼의 심리 붕괴다.","7","8","5","5","9","4","8","8","보상 범위=한 타석 3점 선취포가 연승·지구 우승 경쟁을 움직이는 경기·시즌 층위; 무사 2·3루가 두 타자의 범타로 2사까지 줄고, 윤주혁은 안타가 아닌 4번 타자의 장타를 택해 잭 브리튼의 가장 좋은 바깥쪽 패스트볼을 3점 홈런으로 넘긴다. 홈런 결과는 이 화 안에 분명히 지급되고 마지막은 자기 최고 공이 무너진 브리튼의 심리 붕괴다."
"115","115화","RA-023","볼티모어 7연승 결산과 보스턴 박빙 진입","브리튼을 5이닝 6실점으로 끌어내리고 제프 니만과 불펜이 6대1을 지켜 7연승을 완성한다. 보스턴 이동 뒤 선수들의 자율 관리와 헬릭슨의 성장 기록을 짚지만, 3대3인 6회 말 1사 1·3루에서 실제 경기 압력이 다시 커진다.","6","7","7","8","6","7","7","7","보상 범위=볼티모어전 승리·니만 10승과 보스턴 직접 대결의 한 시리즈 층위; 브리튼을 5이닝 6실점으로 끌어내리고 제프 니만과 불펜이 6대1을 지켜 7연승을 완성한다. 보스턴 이동 뒤 선수들의 자율 관리와 헬릭슨의 성장 기록을 짚지만, 3대3인 6회 말 1사 1·3루에서 실제 경기 압력이 다시 커진다."
"116","116화","RA-023","동료를 살린 예고 홈런","홈 태그가 먼저였는데도 판정이 번복되지 않아 4대3이 되고 헬릭슨이 패전 위기에 놓인다. 윤주혁은 7회 타석 전 좌측 담장을 가리킨 뒤 레스터의 바깥쪽 공을 그 방향으로 밀어 동점 홈런을 치고, 헬릭슨은 다음 이닝을 삼자범퇴로 닫는다. 말미는 4대4 9회 선두 타자라는 새 결승점 기회다.","8","9","7","6","10","9","9","9","보상 범위=한 타석 동점 홈런과 신인 선발의 자신감을 회복시키는 경기·팀 관계 층위; 홈 태그가 먼저였는데도 판정이 번복되지 않아 4대3이 되고 헬릭슨이 패전 위기에 놓인다. 윤주혁은 7회 타석 전 좌측 담장을 가리킨 뒤 레스터의 바깥쪽 공을 그 방향으로 밀어 동점 홈런을 치고, 헬릭슨은 다음 이닝을 삼자범퇴로 닫는다. 말미는 4대4 9회 선두 타자라는 새 결승점 기회다."
"117","117화","RA-023","출루·주루로 만든 결승점과 동료의 사적 신뢰","윤주혁은 결정구 커브를 중전 안타로 치고 도루 허락을 얻은 뒤 폭투를 읽어 3루까지 내달린다. 모리스의 희생플라이와 판스워스의 세이브로 5대4 승리가 확정되며, 마지막은 모리스가 레이첼에게 손편지를 쓴다는 사실을 들킨 뒤 윤주혁이 그의 어깨를 두드리는 온화한 관계 여운이다.","7","8","2","5","9","8","7","8","보상 범위=시리즈 첫 경기 결승 득점과 동료 관계의 일상 층위; 윤주혁은 결정구 커브를 중전 안타로 치고 도루 허락을 얻은 뒤 폭투를 읽어 3루까지 내달린다. 모리스의 희생플라이와 판스워스의 세이브로 5대4 승리가 확정되며, 마지막은 모리스가 레이첼에게 손편지를 쓴다는 사실을 들킨 뒤 윤주혁이 그의 어깨를 두드리는 온화한 관계 여운이다."
"118","118화","RA-023","패배 뒤 파워커브 첫 공개","윤주혁은 2차전 7대3 패배를 수면·유산소·근력·불펜·영상·타격 훈련으로 정리하고 3차전에서 최종원에게 배운 슬로 커브를 개조한 파워커브를 처음 꺼낸다. 5회까지 30번의 헛스윙과 11삼진을 만들며 구종 자체의 보상은 지급됐지만, 보스턴 벤치가 아무 자료 없이 대응해야 하는 중반에서 경기는 계속된다.","6","8","7","9","9","5","8","8","보상 범위=1년 가까이 다듬은 새 구종이 실전 결정구로 올라서는 기술·커리어 층위; 윤주혁은 2차전 7대3 패배를 수면·유산소·근력·불펜·영상·타격 훈련으로 정리하고 3차전에서 최종원에게 배운 슬로 커브를 개조한 파워커브를 처음 꺼낸다. 5회까지 30번의 헛스윙과 11삼진을 만들며 구종 자체의 보상은 지급됐지만, 보스턴 벤치가 아무 자료 없이 대응해야 하는 중반에서 경기는 계속된다."
"119","119화","RA-023","새 구종 승리와 중심 전력 이탈의 반전","파워커브는 오티스의 세 차례 삼진을 포함해 7이닝 3피안타 무실점 14탈삼진을 만들고, 윤주혁은 시즌 33호 투런포까지 보태 10대0 승리와 16승을 얻는다. 곧 조브리스트와 조엘 페랄타가 이탈하고 양키스전 대체 불펜이 8회에 무너져 6대3으로 패하므로 큰 지급 직후 선두 위기가 현실화된다.","7","9","8","9","10","5","8","9","보상 범위=7이닝 무실점 14탈삼진·16승·33호 홈런과 시리즈 승리의 경기·시즌 층위; 파워커브는 오티스의 세 차례 삼진을 포함해 7이닝 3피안타 무실점 14탈삼진을 만들고, 윤주혁은 시즌 33호 투런포까지 보태 10대0 승리와 16승을 얻는다. 곧 조브리스트와 조엘 페랄타가 이탈하고 양키스전 대체 불펜이 8회에 무너져 6대3으로 패하므로 큰 지급 직후 선두 위기가 현실화된다."
"120","120화","RA-024","유망주 반등 뒤 마지막 3연전 절벽","윤주혁의 1회 3점포와 맷 무어의 6이닝 1실점 7탈삼진으로 양키스를 8대1로 꺾지만, 헬릭슨과 불펜이 다시 무너지고 토론토 스윕패까지 겹쳐 보스턴에 1위를 내준다. 마지막은 정규시즌 3경기를 앞두고 팬들이 헥터 노에시보다 제프 니만과 윤주혁을 믿는 장면이라 희망보다 생존 압력이 크다.","9","7","8","9","8","5","8","6","보상 범위=윤주혁 34호 홈런과 맷 무어 첫 선발승의 하루 경기 보상, 시즌 선두 상실의 비용 층위; 윤주혁의 1회 3점포와 맷 무어의 6이닝 1실점 7탈삼진으로 양키스를 8대1로 꺾지만, 헬릭슨과 불펜이 다시 무너지고 토론토 스윕패까지 겹쳐 보스턴에 1위를 내준다. 마지막은 정규시즌 3경기를 앞두고 팬들이 헥터 노에시보다 제프 니만과 윤주혁을 믿는 장면이라 희망보다 생존 압력이 크다."
"121","121화","RA-024","고의사구를 응징한 팀 승리","3대2인 3회 윤주혁을 고의사구로 거르자 모리스의 희생플라이와 코치맨의 적시타, 윤주혁의 공격적 주루가 추가점을 만든다. 하위타선과 무실책 수비, 독기 오른 불펜이 7대2를 지켜 스타 한 명을 피하면 된다는 계산을 깨지만 보스턴도 이겨 지구 격차는 그대로다.","9","8","6","6","9","9","8","8","보상 범위=마지막 3연전 첫 승과 포스트시즌 생존 확률을 높이는 경기·시즌 층위; 3대2인 3회 윤주혁을 고의사구로 거르자 모리스의 희생플라이와 코치맨의 적시타, 윤주혁의 공격적 주루가 추가점을 만든다. 하위타선과 무실책 수비, 독기 오른 불펜이 7대2를 지켜 스타 한 명을 피하면 된다는 계산을 깨지만 보스턴도 이겨 지구 격차는 그대로다."
"122","122화","RA-024","직접 패배와 외부 결과가 남긴 마지막 하루","윤주혁이 8회 사바시아에게 적시 장타를 쳐도 모리스의 라인드라이브가 병살이 되고, 리베라가 6대3 패배를 닫는다. 윤주혁은 자책하는 모리스를 달랜 뒤 볼티모어의 7대4 승리 소식을 듣고 팀의 들뜬 감정을 눌러 마지막 날로 돌리며, 말미에는 프라이스가 뉴욕과 맞설 중계가 시작된다.","9","3","9","7","6","8","9","3","보상 범위=패배 속 동료 감정 수습과 마지막 경기 기회라는 관계·시즌 층위; 윤주혁이 8회 사바시아에게 적시 장타를 쳐도 모리스의 라인드라이브가 병살이 되고, 리베라가 6대3 패배를 닫는다. 윤주혁은 자책하는 모리스를 달랜 뒤 볼티모어의 7대4 승리 소식을 듣고 팀의 들뜬 감정을 눌러 마지막 날로 돌리며, 말미에는 프라이스가 뉴욕과 맞설 중계가 시작된다."
"123","123화","RA-024","0대8 절망 속 트리플 플레이 반전","지터의 초구 홈런부터 카노 투런, 차베스 3루타까지 이어져 프라이스가 4회 강판되고 0대8이 된다. 8회 초 무사 만루에서 롱고리아가 라인드라이브를 잡아 3루와 1루까지 연결한 트리플 플레이가 추가 실점을 지우며 처음으로 벤치를 깨우지만, 점수 차는 아직 그대로다.","10","5","10","5","9","8","10","3","보상 범위=시즌 탈락 직전 한 번의 수비가 반격 가능성을 되살리는 이닝·시즌 층위; 지터의 초구 홈런부터 카노 투런, 차베스 3루타까지 이어져 프라이스가 4회 강판되고 0대8이 된다. 8회 초 무사 만루에서 롱고리아가 라인드라이브를 잡아 3루와 1루까지 연결한 트리플 플레이가 추가 실점을 지우며 처음으로 벤치를 깨우지만, 점수 차는 아직 그대로다."
"124","124화","RA-024","8점 차를 2점 차로 줄인 집단 반격","브리냑의 안타부터 업튼 적시타, 롱고리아 3점포, 윤주혁 시즌 36호 백투백 홈런이 이어져 로버트슨을 끌어내리고, 리베라에게도 모리스·숍패치·브리냑이 출루해 8대6까지 좁힌다. 9회 판스워스가 무실점으로 막은 뒤 롱고리아가 리베라에게 0볼 1스트라이크로 몰려 있어 반격의 결산은 보류된다.","10","9","10","6","10","10","10","7","보상 범위=한 이닝 6득점과 마무리 조기 소모가 시즌 생존을 되살리는 이닝·경기 층위; 브리냑의 안타부터 업튼 적시타, 롱고리아 3점포, 윤주혁 시즌 36호 백투백 홈런이 이어져 로버트슨을 끌어내리고, 리베라에게도 모리스·숍패치·브리냑이 출루해 8대6까지 좁힌다. 9회 판스워스가 무실점으로 막은 뒤 롱고리아가 리베라에게 0볼 1스트라이크로 몰려 있어 반격의 결산은 보류된다."
"125","125화","RA-024","최고 마무리를 넘긴 2아웃 동점포","시즌 내내 안타가 없었던 리베라를 상대로 윤주혁은 97마일 컷패스트볼 두 개를 파울로 보며 궤적을 읽고, 세 번째 같은 공을 당겨 8대8 동점 홈런으로 만든다. 0대8 추격을 자기 손으로 완성한 대형 지급 뒤 모리스의 애매한 뜬공과 탄식에서 멈춰 승리 자체는 아직 열려 있다.","10","9","7","5","10","8","10","9","보상 범위=정규시즌 마지막 경기의 9회 2아웃 동점 홈런이라는 타석·시즌 생존 층위; 시즌 내내 안타가 없었던 리베라를 상대로 윤주혁은 97마일 컷패스트볼 두 개를 파울로 보며 궤적을 읽고, 세 번째 같은 공을 당겨 8대8 동점 홈런으로 만든다. 0대8 추격을 자기 손으로 완성한 대형 지급 뒤 모리스의 애매한 뜬공과 탄식에서 멈춰 승리 자체는 아직 열려 있다."
"126","126화","RA-024","에이스 자원 등판과 외부 경기 역전","불펜이 고갈되자 윤주혁은 오늘 지면 포스트시즌 선발도 없다고 조 매든을 설득해 11회에 등판하고 100마일 강속구로 뉴욕을 삼자범퇴 처리한다. 같은 시각 볼티모어가 9회 2아웃에서 보스턴을 4대3으로 뒤집어 탬파 경기는 `이기면 지구 우승`이 되지만, 마지막은 11회 말 롱고리아가 2볼 0스트라이크를 얻은 데서 멈춘다.","10","8","10","8","10","9","10","8","보상 범위=연장 한 이닝 무실점과 보스턴 패배로 지구 우승 기회가 열린 경기·시즌 층위; 불펜이 고갈되자 윤주혁은 오늘 지면 포스트시즌 선발도 없다고 조 매든을 설득해 11회에 등판하고 100마일 강속구로 뉴욕을 삼자범퇴 처리한다. 같은 시각 볼티모어가 9회 2아웃에서 보스턴을 4대3으로 뒤집어 탬파 경기는 `이기면 지구 우승`이 되지만, 마지막은 11회 말 롱고리아가 2볼 0스트라이크를 얻은 데서 멈춘다."
"127","127화","RA-024","0대8 역전과 2년 연속 지구 우승 결산","롱고리아가 몸쪽 패스트볼을 좌측 담장 밖으로 보내 끝내기 홈런을 치고, 탬파는 0대8을 9대8로 뒤집어 2년 연속 동부지구 우승을 확정한다. 승리투수 윤주혁과 동료들은 샴페인 세리머니를 하고 은퇴한 브라이언 무어를 단체사진 중앙에 세우며 한 시즌의 집단 관계까지 결산한다.","9","10","2","7","10","10","10","10","보상 범위=마지막 날 8점 차 역전·끝내기·포스트시즌 진출·지구 우승의 경기·시즌 역사 층위; 롱고리아가 몸쪽 패스트볼을 좌측 담장 밖으로 보내 끝내기 홈런을 치고, 탬파는 0대8을 9대8로 뒤집어 2년 연속 동부지구 우승을 확정한다. 승리투수 윤주혁과 동료들은 샴페인 세리머니를 하고 은퇴한 브라이언 무어를 단체사진 중앙에 세우며 한 시즌의 집단 관계까지 결산한다."
"128","128화","RA-025","가을 1차전 선발 선택의 논쟁","벌랜더·피스터·셔저를 상대할 투수진을 놓고 프런트는 신인 맷 무어의 구위와 과거 프라이스 사례를 들고, 조 매든은 부상에서 돌아온 제프 니만의 안정성을 든다. 마지막은 단장과 감독의 의견이 충돌한 채 끝나므로 맷 무어 선발 확정이나 경기 보상을 앞당기지 않는다.","5","4","7","9","3","7","5","6","보상 범위=포스트시즌 엔트리·선발 선택이라는 팀 전략 층위; 벌랜더·피스터·셔저를 상대할 투수진을 놓고 프런트는 신인 맷 무어의 구위와 과거 프라이스 사례를 들고, 조 매든은 부상에서 돌아온 제프 니만의 안정성을 든다. 마지막은 단장과 감독의 의견이 충돌한 채 끝나므로 맷 무어 선발 확정이나 경기 보상을 앞당기지 않는다."
"129","129화","RA-025","맷 무어 선택 확정과 1차전 선취점","니만이 최근 두 시즌 디트로이트에 크게 무너진 기록을 확인한 조 매든은 의견을 굽혀 맷 무어를 선택한다. 무어는 첫 타자 스트레이트 볼넷 뒤 98마일로 안정을 찾고, 조브리스트가 벌랜더에게 솔로홈런을 친 다음 롱고리아가 안타로 출루하지만 윤주혁 타석은 초구 볼에서 멈춘다.","6","6","7","9","7","6","7","7","보상 범위=신인 1차전 선발권과 벤 조브리스트의 선취 솔로포라는 전략·이닝 층위; 니만이 최근 두 시즌 디트로이트에 크게 무너진 기록을 확인한 조 매든은 의견을 굽혀 맷 무어를 선택한다. 무어는 첫 타자 스트레이트 볼넷 뒤 98마일로 안정을 찾고, 조브리스트가 벌랜더에게 솔로홈런을 친 다음 롱고리아가 안타로 출루하지만 윤주혁 타석은 초구 볼에서 멈춘다."
"130","130화","RA-025","신인 선발 도박의 1차전 압승","윤주혁의 3점 홈런을 포함해 탬파 타선이 벌랜더를 무너뜨리고, 맷 무어가 7이닝 무실점으로 막아 9대0 승리를 완성한다. 경기 뒤 윤주혁과 존 제이소는 미겔 카브레라의 코스별 약점을 맞추며 2차전 배터리를 준비하고, 조 매든은 큰 경기에서 기량을 마음껏 펼치라고 당부한다.","7","9","6","7","10","9","9","9","보상 범위=ALDS 1차전 승리·무어 7이닝 무실점·윤주혁 3점 홈런의 경기·시리즈 층위; 윤주혁의 3점 홈런을 포함해 탬파 타선이 벌랜더를 무너뜨리고, 맷 무어가 7이닝 무실점으로 막아 9대0 승리를 완성한다. 경기 뒤 윤주혁과 존 제이소는 미겔 카브레라의 코스별 약점을 맞추며 2차전 배터리를 준비하고, 조 매든은 큰 경기에서 기량을 마음껏 펼치라고 당부한다."
"131","131화","RA-025","투타 겸업 정체성 선언과 첫 타자 피홈런","윤주혁은 타격에 전념하면 더 큰 공격 성적을 얻을 수 있다는 시선에도 투타 겸업 자체가 자기 목표라고 정리하고 2차전 마운드에 오른다. 그러나 첫 타자 오스틴 잭슨이 97마일 패스트볼을 담장 밖으로 보내 0대1이 되며, 회복이나 후속 타자 결과는 이 화에서 지급되지 않는다.","7","4","8","8","6","7","8","6","보상 범위=투수와 타자를 모두 포기하지 않는 커리어 정체성 확정 층위; 윤주혁은 타격에 전념하면 더 큰 공격 성적을 얻을 수 있다는 시선에도 투타 겸업 자체가 자기 목표라고 정리하고 2차전 마운드에 오른다. 그러나 첫 타자 오스틴 잭슨이 97마일 패스트볼을 담장 밖으로 보내 0대1이 되며, 회복이나 후속 타자 결과는 이 화에서 지급되지 않는다."
"132","132화","RA-025","초반 실점 복원과 6회 선두 출루","추가 출루 뒤 윤주혁은 병살을 유도하고 카브레라를 101마일로 삼진 처리하며 첫 회를 한 점으로 막는다. 5회에는 세 타자를 연속 삼진으로 잡아 흐름을 되찾지만 피스터가 1대0을 지키고, 마지막은 6회 선두 벤 조브리스트가 안타를 치자 짐 릴랜드가 불펜을 준비시키는 장면이다.","8","6","8","7","9","6","8","6","보상 범위=5이닝 1실점으로 선발 경기를 복구한 이닝·경기 층위; 추가 출루 뒤 윤주혁은 병살을 유도하고 카브레라를 101마일로 삼진 처리하며 첫 회를 한 점으로 막는다. 5회에는 세 타자를 연속 삼진으로 잡아 흐름을 되찾지만 피스터가 1대0을 지키고, 마지막은 6회 선두 벤 조브리스트가 안타를 치자 짐 릴랜드가 불펜을 준비시키는 장면이다."
"133","133화","RA-025","선발승·결승 홈런의 투타 동시 결산","조브리스트의 도루와 송구 실책, 롱고리아 희생플라이로 동점이 되고 윤주혁은 피스터의 몸쪽 슬라이더를 솔로홈런으로 만들어 자기 승리를 직접 뒤집는다. 마운드에서는 8이닝 1실점 10탈삼진으로 막고 타선이 8점을 내 시리즈 2승을 얻은 뒤, 벌랜더 부상으로 3차전 셔저를 상대한다는 정보가 장전된다.","8","9","6","7","10","7","9","9","보상 범위=ALDS 2차전 8대1 승리와 8이닝 1실점·결승 홈런의 경기·시리즈 층위; 조브리스트의 도루와 송구 실책, 롱고리아 희생플라이로 동점이 되고 윤주혁은 피스터의 몸쪽 슬라이더를 솔로홈런으로 만들어 자기 승리를 직접 뒤집는다. 마운드에서는 8이닝 1실점 10탈삼진으로 막고 타선이 8점을 내 시리즈 2승을 얻은 뒤, 벌랜더 부상으로 3차전 셔저를 상대한다는 정보가 장전된다."
"134","134화","RA-025","디트로이트 3연승 결산과 보스턴전 재정비","윤주혁의 2점 홈런이 쉴즈의 무실점 투구와 결합해 2대0 승리, 디트로이트 3연승 마감을 만든다. 샴페인 뒤 보스턴이 5차전 혈투를 치르는 동안 탬파는 휴식과 약점 훈련을 나눠 최고 컨디션을 만들지만, 마지막은 실전 감각이 좋은 보스턴에 주도권을 내줄 때를 경계하는 물음이다.","7","10","6","8","10","9","10","10","보상 범위=ALDS 3전 전승·챔피언십시리즈 진출·포스트시즌 3경기 연속 홈런의 시리즈·커리어 층위; 윤주혁의 2점 홈런이 쉴즈의 무실점 투구와 결합해 2대0 승리, 디트로이트 3연승 마감을 만든다. 샴페인 뒤 보스턴이 5차전 혈투를 치르는 동안 탬파는 휴식과 약점 훈련을 나눠 최고 컨디션을 만들지만, 마지막은 실전 감각이 좋은 보스턴에 주도권을 내줄 때를 경계하는 물음이다."
"135","135화","RA-026","프라이스 위기 구원과 6회 반격 진입","데이비드 프라이스가 0대2에서 만루를 만들자 웨이드 데이비스가 올라와 두 타자 연속 삼진으로 추가 실점을 막는다. 6회 말 비제이 업튼이 중전 안타로 반격을 열지만, 마지막은 벤 조브리스트가 베켓의 초구 스트라이크를 본 장면이라 고의사구나 홈스틸을 미리 지급하지 않는다.","8","5","7","7","8","8","7","4","보상 범위=만루 추가 실점을 막은 구원과 6회 선두 출루의 이닝·경기 층위; 데이비드 프라이스가 0대2에서 만루를 만들자 웨이드 데이비스가 올라와 두 타자 연속 삼진으로 추가 실점을 막는다. 6회 말 비제이 업튼이 중전 안타로 반격을 열지만, 마지막은 벤 조브리스트가 베켓의 초구 스트라이크를 본 장면이라 고의사구나 홈스틸을 미리 지급하지 않는다."
"136","136화","RA-026","고의사구를 뒤집은 홈스틸과 역전타","윤주혁은 고의사구 뒤 투수와 포수의 시선을 훔치고 런다운을 유도한 뒤 송구 방향을 틀어 홈까지 내달려 2대2 동점을 만든다. 곧 케이시 코치맨이 우중간을 가르는 적시타를 쳐 경기 판도를 뒤집지만 최종 승리는 아직 이 화에서 확정되지 않는다.","9","9","6","5","10","9","10","9","보상 범위=포스트시즌 홈스틸과 0대2를 3대2로 바꾼 한 이닝 경기 보상 층위; 윤주혁은 고의사구 뒤 투수와 포수의 시선을 훔치고 런다운을 유도한 뒤 송구 방향을 틀어 홈까지 내달려 2대2 동점을 만든다. 곧 케이시 코치맨이 우중간을 가르는 적시타를 쳐 경기 판도를 뒤집지만 최종 승리는 아직 이 화에서 확정되지 않는다."
"137","137화","RA-026","1차전 승리 여진과 에이스의 2차전 첫 공","1차전 3대2 승리와 홈스틸 반응을 기사로 지급한 뒤, 계약이 불확실한 테리 프랑코나가 홈 두 경기 반격에 자기 명예를 건다. 2차전 첫 회 윤주혁이 바깥쪽 낮은 코스에 100마일 초구를 꽂자 프랑코나의 컨디션 이상 기대가 즉시 깨진다.","7","8","8","9","7","6","8","8","보상 범위=ALCS 1승 선점과 홈스틸의 포스트시즌 기록, 다음 에이스 등판 층위; 1차전 3대2 승리와 홈스틸 반응을 기사로 지급한 뒤, 계약이 불확실한 테리 프랑코나가 홈 두 경기 반격에 자기 명예를 건다. 2차전 첫 회 윤주혁이 바깥쪽 낮은 코스에 100마일 초구를 꽂자 프랑코나의 컨디션 이상 기대가 즉시 깨진다."
"138","138화","RA-026","무실점 투구와 고의사구 뒤 만루 타구","양 팀이 0대0인 동안 윤주혁은 보스턴 타선을 묶고, 5회 말 스쿠타로의 송구 실책과 출루가 겹친 뒤 자신은 고의사구로 만루를 만든다. 롱고리아가 자신을 얕본 선택을 응징하려 초구를 치지만 마지막은 타구가 높이 뜬 데서 끊기므로 만루홈런 결과를 앞당기지 않는다.","8","7","9","6","9","7","8","7","보상 범위=5이닝 무실점 8탈삼진과 2사 만루 기회의 경기 중간 층위; 양 팀이 0대0인 동안 윤주혁은 보스턴 타선을 묶고, 5회 말 스쿠타로의 송구 실책과 출루가 겹친 뒤 자신은 고의사구로 만루를 만든다. 롱고리아가 자신을 얕본 선택을 응징하려 초구를 치지만 마지막은 타구가 높이 뜬 데서 끊기므로 만루홈런 결과를 앞당기지 않는다."
"139","139화","RA-026","만루포·13탈삼진 뒤 한 점 차 승리 결산","롱고리아가 초구를 만루홈런으로 만들고 윤주혁은 7이닝 3피안타 무실점 13탈삼진으로 내려온다. 6대0 뒤 후안 크루즈와 판스워스가 5점을 내주지만 롱고리아의 다이빙 캐치와 송구가 6대5 승리를 지키며, 마지막은 기사에서 윤주혁의 7회까지 호투를 다시 확인하는 낮은 여운이다.","9","9","2","8","10","9","9","9","보상 범위=롱고리아 만루홈런·윤주혁 7이닝 무실점 13탈삼진·ALCS 2연승의 경기·시리즈 층위; 롱고리아가 초구를 만루홈런으로 만들고 윤주혁은 7이닝 3피안타 무실점 13탈삼진으로 내려온다. 6대0 뒤 후안 크루즈와 판스워스가 5점을 내주지만 롱고리아의 다이빙 캐치와 송구가 6대5 승리를 지키며, 마지막은 기사에서 윤주혁의 7회까지 호투를 다시 확인하는 낮은 여운이다."
"140","140화","RA-026","펜웨이 투수전 속 세 번째 타석 축적","윤주혁은 3번 타자로 옮겨 존 레스터의 바깥쪽 승부를 두 타석 동안 관찰하고, 롱고리아의 격려를 받은 뒤 0대0인 6회 말 2사 2루에 선다. 야유를 차단한 채 초구와 2구가 같은 바깥쪽 코스로 오는 것을 확인하는 데서 끝나 타구 결과는 아직 없다.","7","6","8","7","7","8","8","6","보상 범위=쉴즈의 무실점 투구와 윤주혁이 구장·투구 패턴을 축적한 경기 중간 층위; 윤주혁은 3번 타자로 옮겨 존 레스터의 바깥쪽 승부를 두 타석 동안 관찰하고, 롱고리아의 격려를 받은 뒤 0대0인 6회 말 2사 2루에 선다. 야유를 차단한 채 초구와 2구가 같은 바깥쪽 코스로 오는 것을 확인하는 데서 끝나 타구 결과는 아직 없다."
"141","141화","RA-026","그린 몬스터 2점포와 한 점 차 구원 투입","윤주혁은 바깥쪽 공을 억지로 당기지 않고 반대 방향으로 밀어 그린 몬스터를 넘기는 2점 홈런을 친다. 쉴즈가 7이닝을 무실점으로 닫지만 조엘 페랄타가 페드로이아에게 적시타를 맞아 2대1이 되고, 조 매든이 최근 검증된 웨이드 데이비스를 투입한 순간에 멈춘다.","8","8","9","6","10","8","9","8","보상 범위=펜웨이 맞춤 2점 홈런과 쉴즈의 7이닝 무실점이 만든 경기 리드 층위; 윤주혁은 바깥쪽 공을 억지로 당기지 않고 반대 방향으로 밀어 그린 몬스터를 넘기는 2점 홈런을 친다. 쉴즈가 7이닝을 무실점으로 닫지만 조엘 페랄타가 페드로이아에게 적시타를 맞아 2대1이 되고, 조 매든이 최근 검증된 웨이드 데이비스를 투입한 순간에 멈춘다."
"142","142화","RA-026","3연승 수성과 우천이 준 보스턴 재기회","웨이드 데이비스와 판스워스가 보스턴의 남은 반격을 막아 2대1 승리를 확정한다. 다음 날 폭우로 4차전이 취소되면서 보스턴은 휴식한 조시 베켓을 다시 쓸 수 있게 되고, 말미에는 팬들이 윤주혁을 욕하면서도 훗날 보스턴 유니폼을 입는 상상을 기분 좋게 받아들인다.","8","8","5","8","8","6","8","8","보상 범위=ALCS 3승 선점과 월드시리즈까지 한 경기만 남긴 시리즈 층위; 웨이드 데이비스와 판스워스가 보스턴의 남은 반격을 막아 2대1 승리를 확정한다. 다음 날 폭우로 4차전이 취소되면서 보스턴은 휴식한 조시 베켓을 다시 쓸 수 있게 되고, 말미에는 팬들이 윤주혁을 욕하면서도 훗날 보스턴 유니폼을 입는 상상을 기분 좋게 받아들인다."
"143","143화","RA-026","0대0 균형 파괴와 대타 댄 존슨의 인내","6회까지 0대0인 경기를 조브리스트의 2루타와 모리스의 적시타가 깨고 코치맨도 출루한다. 조 매든이 대타 댄 존슨을 내자 그는 프랭클린 모랄레스의 낮고 애매한 공을 볼로 참으며 스트라이크 하나를 기다리지만 타격 결과는 다음 화로 남는다.","9","6","8","6","8","9","8","6","보상 범위=7회 선취점과 대타가 추가 결산을 기다리는 이닝·시리즈 층위; 6회까지 0대0인 경기를 조브리스트의 2루타와 모리스의 적시타가 깨고 코치맨도 출루한다. 조 매든이 대타 댄 존슨을 내자 그는 프랭클린 모랄레스의 낮고 애매한 공을 볼로 참으며 스트라이크 하나를 기다리지만 타격 결과는 다음 화로 남는다."
"144","144화","RA-026","보스턴 4연승 결산과 월드시리즈 개막","댄 존슨이 기다린 스트라이크를 3점 홈런으로 보내 4대0을 만들고 탬파는 4대1로 이겨 보스턴을 네 경기 만에 끝낸다. 웨이드 데이비스가 4.2이닝 12탈삼진 무실점으로 ALCS MVP를 받고, 7일 휴식의 감각 저하와 홈 이점을 따진 뒤 세인트루이스와의 월드시리즈가 실제로 개막한다.","7","10","6","9","10","10","10","10","보상 범위=대타 3점포·ALCS 4전 전승·월드시리즈 진출·데이비스 시리즈 MVP의 시리즈·커리어 층위; 댄 존슨이 기다린 스트라이크를 3점 홈런으로 보내 4대0을 만들고 탬파는 4대1로 이겨 보스턴을 네 경기 만에 끝낸다. 웨이드 데이비스가 4.2이닝 12탈삼진 무실점으로 ALCS MVP를 받고, 7일 휴식의 감각 저하와 홈 이점을 따진 뒤 세인트루이스와의 월드시리즈가 실제로 개막한다."
"145","145화","RA-027","부모와 한국 팬의 현장 연결","스티븐 킴이 윤주혁의 부모를 맞이하고, 동생과 함께 윤주혁을 응원해 온 김태훈이 우연히 그들을 알아보고 이동을 돕는다. 김태훈은 2·6·7차전 표를 약속받고 트로피카나 필드에 들어가지만 마지막은 옆 탬파 팬이 한국인이냐고 묻는 장면이며 경기는 아직 시작되지 않는다.","2","7","3","5","4","10","9","7","보상 범위=부모의 월드시리즈 관람과 팬 김태훈의 홈 경기 표라는 가족·팬 관계 층위; 스티븐 킴이 윤주혁의 부모를 맞이하고, 동생과 함께 윤주혁을 응원해 온 김태훈이 우연히 그들을 알아보고 이동을 돕는다. 김태훈은 2·6·7차전 표를 약속받고 트로피카나 필드에 들어가지만 마지막은 옆 탬파 팬이 한국인이냐고 묻는 장면이며 경기는 아직 시작되지 않는다."
"146","146화","RA-027","가족·팬 앞 1차전 결승포와 2차전 선발 결정","윤주혁의 솔로홈런 공을 세상을 떠난 동생과 함께 응원해 온 김태훈이 잡고, 프라이스가 7이닝 무실점 10탈삼진으로 한 점을 지켜 1대0 첫 승을 만든다. 7차전까지 갈 때의 선발 간격을 두고 회의한 끝에 다음 날 애런 루이스가 윤주혁에게 준비하라고 통보한다.","7","9","7","7","9","10","10","9","보상 범위=월드시리즈 첫 승과 프라이스 7이닝 무실점, 팬이 잡은 윤주혁 결승 홈런의 경기·관계 층위; 윤주혁의 솔로홈런 공을 세상을 떠난 동생과 함께 응원해 온 김태훈이 잡고, 프라이스가 7이닝 무실점 10탈삼진으로 한 점을 지켜 1대0 첫 승을 만든다. 7차전까지 갈 때의 선발 간격을 두고 회의한 끝에 다음 날 애런 루이스가 윤주혁에게 준비하라고 통보한다."
"147","147화","RA-027","완급 조절로 세인트루이스 타선 봉쇄","세인트루이스가 강속구에 맞춘 훈련을 했지만 윤주혁은 포심·투심·체인지업·두 종류 커브의 속도 차와 같은 폼을 섞어 타이밍 자체를 무너뜨린다. 푸홀스마저 삼진을 당하고 라루사는 최상 컨디션의 윤주혁에게 답이 없음을 인정하되, 약점이라면 이런 상태가 늘 오지 않는다는 정도만 찾는다.","6","7","5","9","9","6","8","7","보상 범위=월드시리즈에서도 통하는 선발 초중반 완급 조절의 기술·경기 층위; 세인트루이스가 강속구에 맞춘 훈련을 했지만 윤주혁은 포심·투심·체인지업·두 종류 커브의 속도 차와 같은 폼을 섞어 타이밍 자체를 무너뜨린다. 푸홀스마저 삼진을 당하고 라루사는 최상 컨디션의 윤주혁에게 답이 없음을 인정하되, 약점이라면 이런 상태가 늘 오지 않는다는 정도만 찾는다."
"148","148화","RA-027","에이스의 3루타와 데이먼 대타 승부","7회 윤주혁이 외야 사이를 가르는 3루타를 치고 직접 선취점 위치에 서지만 롱고리아와 조브리스트가 물러나 2아웃이 된다. 조 매든이 베테랑 조니 데이먼을 대타로 내고, 데이먼이 공을 오래 보자 야디어 몰리나가 마운드에 올라 노림수를 묻는 데서 멈춘다.","8","7","8","8","9","8","8","6","보상 범위=0대0에서 윤주혁이 만든 2사 3루 선취 기회의 한 타석·이닝 층위; 7회 윤주혁이 외야 사이를 가르는 3루타를 치고 직접 선취점 위치에 서지만 롱고리아와 조브리스트가 물러나 2아웃이 된다. 조 매든이 베테랑 조니 데이먼을 대타로 내고, 데이먼이 공을 오래 보자 야디어 몰리나가 마운드에 올라 노림수를 묻는 데서 멈춘다."
"149","149화","RA-027","내야안타 선취점과 1대0 연승·가족 합류","데이먼은 힘을 빼고 1루선에 타구를 굴려 세이프가 되고, 홈이 빈 사이 윤주혁이 선취점을 밟는다. 윤주혁의 투구와 불펜이 1대0을 지켜 홈 두 경기 연승을 완성한 뒤 부모가 클럽하우스에서 필립 모리스 등 동료들과 인사하고, 마지막은 임혜정이 작은 락커를 묻자 메이저리그의 경력 문화를 설명하는 장면이다.","8","9","2","8","9","10","9","9","보상 범위=월드시리즈 2차전 1대0 승리·시리즈 2승과 부모·동료 첫 인사의 경기·관계 층위; 데이먼은 힘을 빼고 1루선에 타구를 굴려 세이프가 되고, 홈이 빈 사이 윤주혁이 선취점을 밟는다. 윤주혁의 투구와 불펜이 1대0을 지켜 홈 두 경기 연승을 완성한 뒤 부모가 클럽하우스에서 필립 모리스 등 동료들과 인사하고, 마지막은 임혜정이 작은 락커를 묻자 메이저리그의 경력 문화를 설명하는 장면이다."
"150","150화","RA-027","원정 1루수 기용 결정과 3차전 개막","조 매든은 공격력을 유지하기 위해 윤주혁의 과거 1루 경험과 연습 상태를 확인한 뒤 케이시 코치맨 대신 1루에 배치한다. 라루사는 낯선 수비의 실책을 노리지만, 마지막은 양 팀 선수들이 뉴 부시스타디움에 모여 3차전이 실제로 시작되는 장면이다.","6","6","7","9","6","7","7","8","보상 범위=지명타자 없는 원정에서도 선발 타석을 지키는 포지션·팀 전략 층위; 조 매든은 공격력을 유지하기 위해 윤주혁의 과거 1루 경험과 연습 상태를 확인한 뒤 케이시 코치맨 대신 1루에 배치한다. 라루사는 낯선 수비의 실책을 노리지만, 마지막은 양 팀 선수들이 뉴 부시스타디움에 모여 3차전이 실제로 시작되는 장면이다."
"151","151화","RA-027","1루 수비 안착과 중심타선 3점 선취","비제이 업튼이 도루로 득점권에 가고 윤주혁이 적시타로 불러들인 뒤 롱고리아가 2점 홈런을 보태 3대0을 만든다. 세인트루이스는 경기 자체를 평범한 3점 차로 보자며 멘탈을 다잡고 불펜 크리스 레들리가 초구 스트라이크를 꽂으므로 추격 결과는 아직 없다.","6","8","5","6","9","8","8","8","보상 범위=낯선 포지션 무실책과 업튼-윤주혁-롱고리아의 3득점이라는 경기 초반 층위; 비제이 업튼이 도루로 득점권에 가고 윤주혁이 적시타로 불러들인 뒤 롱고리아가 2점 홈런을 보태 3대0을 만든다. 세인트루이스는 경기 자체를 평범한 3점 차로 보자며 멘탈을 다잡고 불펜 크리스 레들리가 초구 스트라이크를 꽂으므로 추격 결과는 아직 없다."
"152","152화","RA-027","3차전 불펜 붕괴와 4차전 초반 재붕괴","탬파의 3점 리드는 연속 출루로 3대3이 되고, 라루사가 내세운 앨런 크레이그가 누적 피로를 안은 웨이드 데이비스에게 만루홈런을 쳐 7대3 역전을 완성한다. 다음 날 4차전에서 프라이스와 윤주혁을 다시 기용하지만 마지막은 세인트루이스 방망이만 연속으로 터지는 초반 장면이라 4차전 결과는 아직 확정하지 않는다.","9","2","8","7","8","7","9","2","보상 범위=세인트루이스의 대타 만루포와 시리즈 첫 패배가 부과한 경기·시리즈 비용 층위; 탬파의 3점 리드는 연속 출루로 3대3이 되고, 라루사가 내세운 앨런 크레이그가 누적 피로를 안은 웨이드 데이비스에게 만루홈런을 쳐 7대3 역전을 완성한다. 다음 날 4차전에서 프라이스와 윤주혁을 다시 기용하지만 마지막은 세인트루이스 방망이만 연속으로 터지는 초반 장면이라 4차전 결과는 아직 확정하지 않는다."
"153","153화","RA-027","연패 뒤 5차전 에이스의 패턴 해체","윤주혁의 2안타·홈런·2타점에도 푸홀스가 탬파 마운드를 무너뜨려 9대4로 지고 시리즈가 동률이 된다. 5차전 윤주혁은 조 매든에게 폭넓은 운용권을 받아 타자마다 92마일 완급, 80마일 커브, 다른 패턴을 꺼내 라루사의 예측과 푸홀스의 개인 기량 기대까지 초반부터 부순다.","8","6","6","9","9","7","8","6","보상 범위=팀 연패 뒤 윤주혁이 5차전 초반 타자별 볼 배합으로 주도권을 되찾는 경기 층위; 윤주혁의 2안타·홈런·2타점에도 푸홀스가 탬파 마운드를 무너뜨려 9대4로 지고 시리즈가 동률이 된다. 5차전 윤주혁은 조 매든에게 폭넓은 운용권을 받아 타자마다 92마일 완급, 80마일 커브, 다른 패턴을 꺼내 라루사의 예측과 푸홀스의 개인 기량 기대까지 초반부터 부순다."
"154","154화","RA-027","4점 지원과 노히트 후반 진입","제닝스 투런포와 코치맨 홈런, 업튼 적시타가 4점을 만들고 윤주혁은 승리를 우선해 주자가 나가도 병살과 삼진으로 막는다. 속구와 체인지업에 익숙해진 세인트루이스 타선에 뒤늦게 커브를 꺼내 푸홀스와 버크먼을 연속 삼진 처리하지만, 27번째 아웃은 아직 남아 있다.","8","8","8","7","10","8","9","8","보상 범위=4대0 리드와 후반 무피안타 12탈삼진 진행의 경기 기록 층위; 제닝스 투런포와 코치맨 홈런, 업튼 적시타가 4점을 만들고 윤주혁은 승리를 우선해 주자가 나가도 병살과 삼진으로 막는다. 속구와 체인지업에 익숙해진 세인트루이스 타선에 뒤늦게 커브를 꺼내 푸홀스와 버크먼을 연속 삼진 처리하지만, 27번째 아웃은 아직 남아 있다."
"155","155화","RA-027","월드시리즈 노히터 완결과 6차전 재장전","윤주혁은 몸에 맞는 공 하나만 내주고 9이닝 무피안타 무볼넷 15탈삼진으로 월드시리즈 노히터를 완성해 시리즈 3승 2패를 만든다. 6차전이 폭우로 하루 미뤄진 뒤 맑은 날 중계가 시작되고, 말미에는 패턴보다 하루 늦어진 쉴즈의 컨디션이 승리 열쇠라는 분석으로 우승 압력을 다시 건다.","9","10","5","10","10","9","10","10","보상 범위=9이닝 0피안타 0볼넷 15탈삼진·4대0 승리라는 월드시리즈·커리어 역사 층위; 윤주혁은 몸에 맞는 공 하나만 내주고 9이닝 무피안타 무볼넷 15탈삼진으로 월드시리즈 노히터를 완성해 시리즈 3승 2패를 만든다. 6차전이 폭우로 하루 미뤄진 뒤 맑은 날 중계가 시작되고, 말미에는 패턴보다 하루 늦어진 쉴즈의 컨디션이 승리 열쇠라는 분석으로 우승 압력을 다시 건다."
"156","156화","RA-027","2아웃 기습 번트가 만든 4대2 역전","2대2의 6회 2사 1루에서 두 타석 연속 삼진이던 션 로드리게스가 기습 번트를 대고, 에드윈 잭슨의 1루 악송구와 버크먼의 홈 악송구가 이어져 모리스와 로드리게스가 모두 득점한다. 4대2 역전은 확정되지만 마지막은 라루사가 마운드를 방문한 장면이라 우승까지 남은 아웃을 앞당기지 않는다.","9","8","7","6","9","9","9","8","보상 범위=하위타선의 도박과 두 차례 악송구가 만든 2득점·경기 리드 층위; 2대2의 6회 2사 1루에서 두 타석 연속 삼진이던 션 로드리게스가 기습 번트를 대고, 에드윈 잭슨의 1루 악송구와 버크먼의 홈 악송구가 이어져 모리스와 로드리게스가 모두 득점한다. 4대2 역전은 확정되지만 마지막은 라루사가 마운드를 방문한 장면이라 우승까지 남은 아웃을 앞당기지 않는다."
"157","157화","RA-027","우승 직전 동점과 노히터 투수의 긴급 구원","버크먼과 데이비드 프리즈의 연속 홈런으로 9회 4대4가 되어 세 아웃 앞이던 우승이 사라진다. 이틀 전 노히터 완투를 한 윤주혁이 포수와 함께 마운드에 올라 몰리나에게 97마일 초구 스트라이크를 꽂고, 몰리나가 예상보다 좋은 구위에 당황한 채 다시 자세를 잡는다.","10","3","10","6","9","9","10","4","보상 범위=두 점 리드 상실 뒤 가장 믿는 에이스를 연장에 투입할 기회라는 경기 위기 층위; 버크먼과 데이비드 프리즈의 연속 홈런으로 9회 4대4가 되어 세 아웃 앞이던 우승이 사라진다. 이틀 전 노히터 완투를 한 윤주혁이 포수와 함께 마운드에 올라 몰리나에게 97마일 초구 스트라이크를 꽂고, 몰리나가 예상보다 좋은 구위에 당황한 채 다시 자세를 잡는다."
"158","158화","RA-027","9·10회 봉쇄와 10회 선두 출루","윤주혁은 9회 남은 타자와 10회를 완급·제구로 무실점 처리해 동점 홈런으로 달아오른 세인트루이스를 멈춘다. 10회 말 페르난도 살라스를 상대로 데스몬드 제닝스가 1볼 1스트라이크 뒤 우전 안타로 나가 중심타선 앞에 끝내기 주자를 놓지만, 다음 타석 결과는 아직 없다.","9","8","8","6","10","9","9","8","보상 범위=짧은 휴식 뒤 두 이닝 무실점과 끝내기 선두 출루의 경기·우승 층위; 윤주혁은 9회 남은 타자와 10회를 완급·제구로 무실점 처리해 동점 홈런으로 달아오른 세인트루이스를 멈춘다. 10회 말 페르난도 살라스를 상대로 데스몬드 제닝스가 1볼 1스트라이크 뒤 우전 안타로 나가 중심타선 앞에 끝내기 주자를 놓지만, 다음 타석 결과는 아직 없다."
"159","159화","RA-027","연장 끝내기 홈런과 구단 첫 월드시리즈 우승","업튼의 번트가 병살이 되어 2아웃 주자 없음으로 바뀌지만 윤주혁이 가르시아의 덜 가라앉은 싱커를 좌측 담장 밖으로 보내 5대4 끝내기를 만든다. 홈을 밟고 동료들과 팬에게 우승의 영광을 돌린 뒤 필립 모리스·레이첼과 관계 여운을 나누고, 마지막은 우승컵 수여식이 시작되는 장면이다.","10","10","2","7","10","10","10","10","보상 범위=결승 끝내기 홈런·승리투수·탬파베이 창단 첫 월드시리즈 우승의 경기·시즌·구단 역사 층위; 업튼의 번트가 병살이 되어 2아웃 주자 없음으로 바뀌지만 윤주혁이 가르시아의 덜 가라앉은 싱커를 좌측 담장 밖으로 보내 5대4 끝내기를 만든다. 홈을 밟고 동료들과 팬에게 우승의 영광을 돌린 뒤 필립 모리스·레이첼과 관계 여운을 나누고, 마지막은 우승컵 수여식이 시작되는 장면이다."
"160","160화","RA-028","시즌 최고 수상 결산과 2억 달러 제안 개시","월드시리즈 3경기 3승, 18.2이닝 무실점 32탈삼진과 타율 .363·3홈런·6타점이 MVP로 환산되고, 시즌 뒤 골드글러브·실버슬러거·최연소 AL MVP도 받는다. 벌랜더에게 내준 사이영상을 새 목표로 세우고 부모와 여행한 뒤 프리드먼이 10년 2억 달러를 내밀며 수상 결산을 계약 선택으로 전환한다.","4","10","8","10","4","10","10","10","보상 범위=월드시리즈 MVP·골드글러브·실버슬러거·최연소 AL MVP와 장기계약 협상의 시즌·커리어 층위; 월드시리즈 3경기 3승, 18.2이닝 무실점 32탈삼진과 타율 .363·3홈런·6타점이 MVP로 환산되고, 시즌 뒤 골드글러브·실버슬러거·최연소 AL MVP도 받는다. 벌랜더에게 내준 사이영상을 새 목표로 세우고 부모와 여행한 뒤 프리드먼이 10년 2억 달러를 내밀며 수상 결산을 계약 선택으로 전환한다."
"161","161화","RA-028","장기계약 거절과 나이키 브랜드 전환","윤주혁과 에이전시는 부상 위험을 감수하더라도 알렉스 로드리게스급 최고 계약을 넘길 성장 가치가 있다고 보고 탬파의 제안을 거절한다. 대신 나이키 광고 계약을 받아 `불가능에 한계를 두지 말라`는 문구와 글러브·배트를 든 촬영을 실제로 시작한다.","5","8","4","9","6","7","8","10","보상 범위=2억 달러 안전을 포기한 미래 협상권과 세계 브랜드 후원의 커리어·상업 층위; 윤주혁과 에이전시는 부상 위험을 감수하더라도 알렉스 로드리게스급 최고 계약을 넘길 성장 가치가 있다고 보고 탬파의 제안을 거절한다. 대신 나이키 광고 계약을 받아 `불가능에 한계를 두지 말라`는 문구와 글러브·배트를 든 촬영을 실제로 시작한다."
"162","162화","RA-028","브랜드 스타의 공공 인정과 구단 기억 자산화","광고 촬영과 재난 봉사 계획을 거쳐 우승팀이 백악관을 방문하고 윤주혁은 버락 오바마와 악수·단독 촬영을 한다. 구단은 끝내기 공이 떨어진 자리에 무료 추첨 `Yoon's Seat`를 만들고 홈런 공·우승 도구를 박물관에 남겨 개인 성취를 팬 환원과 구단 기억으로 바꾼다.","2","9","3","10","5","9","9","10","보상 범위=나이키 광고·백악관 초청·대통령 단독 촬영·무료 기념 좌석과 박물관 전시의 사회적 지위 층위; 광고 촬영과 재난 봉사 계획을 거쳐 우승팀이 백악관을 방문하고 윤주혁은 버락 오바마와 악수·단독 촬영을 한다. 구단은 끝내기 공이 떨어진 자리에 무료 추첨 `Yoon's Seat`를 만들고 홈런 공·우승 도구를 박물관에 남겨 개인 성취를 팬 환원과 구단 기억으로 바꾼다."
"163","163화","RA-028","55만 달러 연봉 수용과 한국 귀국","세계적 가치와 달리 구단이 정한 다음 연봉은 55만 달러지만 윤주혁은 나이키 수입과 미래 FA 협상력을 분리해 구단과 갈등하지 않는다. 한국에 도착해 박성현과 라온 사무실로 가기로 한 뒤 임혜정에게 건강하게 도착했다고 전화하고 마지막에 아버지 안부를 묻는다.","3","6","2","8","4","8","7","5","보상 범위=서비스타임상 55만 달러 연봉을 장기 투자로 받아들이고 가족에게 귀환하는 계약·생활 층위; 세계적 가치와 달리 구단이 정한 다음 연봉은 55만 달러지만 윤주혁은 나이키 수입과 미래 FA 협상력을 분리해 구단과 갈등하지 않는다. 한국에 도착해 박성현과 라온 사무실로 가기로 한 뒤 임혜정에게 건강하게 도착했다고 전화하고 마지막에 아버지 안부를 묻는다."
"164","164화","RA-029","성장한 라온과 새 가족집의 일상 귀환","인수·확장된 라온 사무실과 김창섭을 확인하고 새 가족집에서 부모, 박성현과 인삼주를 나누며 자기 성공이 주변 삶을 바꾼 모습을 본다. 주말 내내 여행과 맛집, 반려견 허들과 평범한 시간을 보내고 마지막은 큰 개의 배설물 양에 말없이 수긍하는 낮은 일상 여운이다.","2","7","1","7","3","10","9","8","보상 범위=커진 국내 에이전시·부모의 안정된 집·집밥과 반려견이라는 가족 생활 층위; 인수·확장된 라온 사무실과 김창섭을 확인하고 새 가족집에서 부모, 박성현과 인삼주를 나누며 자기 성공이 주변 삶을 바꾼 모습을 본다. 주말 내내 여행과 맛집, 반려견 허들과 평범한 시간을 보내고 마지막은 큰 개의 배설물 양에 말없이 수긍하는 낮은 일상 여운이다."
"165","165화","RA-029","가족 복지재단 구상과 첫 보육원 방문","윤주혁은 부모가 의미 있게 참여할 복지재단의 목적과 운영을 의논하고, 라온과 연결된 태종보육원을 기자 없이 방문한다. 최경미 원장은 김창섭이 성공 전부터 아이들을 후원하고 운동 진로까지 도왔다고 말해 재단이 기대야 할 사람과 현장을 구체화한다.","3","7","3","8","5","10","8","7","보상 범위=일회 기부를 가족이 지속 운영할 복지재단과 현장 방문으로 바꾸는 사회 관계 층위; 윤주혁은 부모가 의미 있게 참여할 복지재단의 목적과 운영을 의논하고, 라온과 연결된 태종보육원을 기자 없이 방문한다. 최경미 원장은 김창섭이 성공 전부터 아이들을 후원하고 운동 진로까지 도왔다고 말해 재단이 기대야 할 사람과 현장을 구체화한다."
"166","166화","RA-029","아이들 눈높이의 스포츠 봉사와 낯선 여성","윤주혁은 낯선 젊은 여성과 짧게 말을 나누고 이름도 묻지 못한 채, 아이들을 운동장으로 데리고 나간다. 과거 체육 전공과 1일 스포츠강사 경험을 살려 우스운 동작과 동요를 섞은 준비운동을 가르치며 유명인의 방문을 실제 체험으로 바꾼다.","2","6","3","6","7","10","8","4","보상 범위=보육원 아이들과 직접 몸을 움직이는 봉사·관계 층위; 윤주혁은 낯선 젊은 여성과 짧게 말을 나누고 이름도 묻지 못한 채, 아이들을 운동장으로 데리고 나간다. 과거 체육 전공과 1일 스포츠강사 경험을 살려 우스운 동작과 동요를 섞은 준비운동을 가르치며 유명인의 방문을 실제 체험으로 바꾼다."
"167","167화","RA-029","한유라의 배경 이해와 아이들의 편지","박성현과 대화하며 낯선 여성이 김창섭과 연결된 국가대표 수영선수 한유라이고 개인 종목의 훈련 때문에 차갑게 보일 수 있음을 이해한다. 헤어질 때 어린아이들이 편지를 써 와 윤주혁이 한 명씩 머리를 쓰다듬고, 마지막에는 체험활동을 마친 초등 고학년·중학생들이 돌아온다.","2","7","3","8","5","10","9","4","보상 범위=국가대표 수영선수 한유라와 보육원 아이들의 편지가 만든 관계·감정 층위; 박성현과 대화하며 낯선 여성이 김창섭과 연결된 국가대표 수영선수 한유라이고 개인 종목의 훈련 때문에 차갑게 보일 수 있음을 이해한다. 헤어질 때 어린아이들이 편지를 써 와 윤주혁이 한 명씩 머리를 쓰다듬고, 마지막에는 체험활동을 마친 초등 고학년·중학생들이 돌아온다."
"168","168화","RA-030","국내 봉사 마감에서 은사의 병상으로 급전환","큰 아이들과의 만남까지 봉사 일정을 닫은 뒤 부산 자이언츠 캠프에서 시즌 몸을 만들던 윤주혁은 최종원의 병세가 위중하다는 연락을 받는다. 과거와 달라진 현재에 희망을 걸고 병원으로 달려가지만, 마지막에는 뼈만 남은 최종원이 괜찮다며 먼 길 오느라 수고했다고 말한다.","8","4","9","7","7","10","10","3","보상 범위=보육원 관계 마감과 은사 최종원의 마지막 만남이라는 관계·생애 층위; 큰 아이들과의 만남까지 봉사 일정을 닫은 뒤 부산 자이언츠 캠프에서 시즌 몸을 만들던 윤주혁은 최종원의 병세가 위중하다는 연락을 받는다. 과거와 달라진 현재에 희망을 걸고 병원으로 달려가지만, 마지막에는 뼈만 남은 최종원이 괜찮다며 먼 길 오느라 수고했다고 말한다."
"169","169화","RA-030","최종원의 죽음과 사이영상 맹세","최종원은 윤주혁이 모두의 꿈과 희망이라고 말한 뒤 세상을 떠나고, 윤주혁은 화창한 하늘 아래 지난 시즌 받지 못한 사이영상을 반드시 손에 넣겠다고 굳힌다. 장례 뒤 부산 선수단과 플로리다로 떠나는 비행기 안에서 타자로 이룬 정상 다음에 투수 정상에 오를 계획을 세운다.","8","5","6","7","4","10","10","3","보상 범위=은사의 유언과 상실을 투수 최고상 목표로 이어받는 관계·커리어 사명 층위; 최종원은 윤주혁이 모두의 꿈과 희망이라고 말한 뒤 세상을 떠나고, 윤주혁은 화창한 하늘 아래 지난 시즌 받지 못한 사이영상을 반드시 손에 넣겠다고 굳힌다. 장례 뒤 부산 선수단과 플로리다로 떠나는 비행기 안에서 타자로 이룬 정상 다음에 투수 정상에 오를 계획을 세운다."
"170","170화","RA-031","새 로스터·포수와 공식 1선발 승격","코치맨·제이소·숍패치가 떠난 자리에 페냐·키핑거·로드니·호세 몰리나가 들어오고 윤주혁은 새 포수와 사인·프레이밍을 맞춘다. 조 매든은 윤주혁을 개막전 1선발로 세우며, 마지막은 샬럿 시범경기에서 몰리나가 실제 100마일 공을 받고 완성도와 패스트볼의 위력에 놀라는 장면이다.","4","7","6","10","7","8","7","9","보상 범위=우승팀의 개막 1선발 지위와 호세 몰리나라는 새 배터리 파트너의 보직·시즌 층위; 코치맨·제이소·숍패치가 떠난 자리에 페냐·키핑거·로드니·호세 몰리나가 들어오고 윤주혁은 새 포수와 사인·프레이밍을 맞춘다. 조 매든은 윤주혁을 개막전 1선발로 세우며, 마지막은 샬럿 시범경기에서 몰리나가 실제 100마일 공을 받고 완성도와 패스트볼의 위력에 놀라는 장면이다."
"171","171화","RA-031","시범경기 투타 검증과 역사적 목표의 공개 평가","윤주혁은 미네소타전 4이닝 1피안타 6탈삼진과 3점 홈런으로 새 배터리와 투타 컨디션을 확인하고, 시범경기 전체에서도 투수 평균자책점 0.00과 타자 OPS 1.489를 남긴다. 방송은 20승·300탈삼진과 홈런왕·사이영상 동시 수상 가능성을 논하면서도 정규시즌 재현을 보장할 수 없다는 분석을 이어간다.","3","8","3","10","9","8","8","8","보상 범위=시범경기 19이닝 무실점 28탈삼진과 타율 .459·7홈런이 개막 준비를 증명하는 훈련 층위; 윤주혁은 미네소타전 4이닝 1피안타 6탈삼진과 3점 홈런으로 새 배터리와 투타 컨디션을 확인하고, 시범경기 전체에서도 투수 평균자책점 0.00과 타자 OPS 1.489를 남긴다. 방송은 20승·300탈삼진과 홈런왕·사이영상 동시 수상 가능성을 논하면서도 정규시즌 재현을 보장할 수 없다는 분석을 이어간다."
"172","172화","RA-031","개막전 전력 공개와 라이벌 로스터 대조","탬파는 페냐만 더해진 우승 타선을, 보스턴은 스쿠타로·레딕을 내보내고 코디 로스·숍패치·시리아코를 들인 타선을 발표한다. 중계진이 각 로스터를 비교하는 동안 아직 윤주혁의 첫 공이나 새 구종은 나오지 않으므로 경기 결과를 앞당기지 않는다.","4","5","4","10","3","5","6","7","보상 범위=공식 1선발과 새 타선·상대 로스터를 공개하는 시즌 개막 준비 층위; 탬파는 페냐만 더해진 우승 타선을, 보스턴은 스쿠타로·레딕을 내보내고 코디 로스·숍패치·시리아코를 들인 타선을 발표한다. 중계진이 각 로스터를 비교하는 동안 아직 윤주혁의 첫 공이나 새 구종은 나오지 않으므로 경기 결과를 앞당기지 않는다."
"173","173화","RA-031","93마일 고속 슬라이더 첫 공개","개막전에서 윤주혁이 93마일로 우타자 바깥쪽에 꺾이는 슬라이더를 처음 던지자 보스턴 타자와 관중이 기존 기록 영상 어디에도 없던 구종에 당황한다. 윤주혁은 팔꿈치 부담을 아는 만큼 구사 비중을 낮추고 하드웨어와 다른 구종을 활용할 때만 위험을 줄일 수 있다고 계산한다.","6","8","6","10","9","6","8","8","보상 범위=과거 부상의 원인이던 슬라이더를 제한적 결정구로 회수하는 기술·커리어 층위; 개막전에서 윤주혁이 93마일로 우타자 바깥쪽에 꺾이는 슬라이더를 처음 던지자 보스턴 타자와 관중이 기존 기록 영상 어디에도 없던 구종에 당황한다. 윤주혁은 팔꿈치 부담을 아는 만큼 구사 비중을 낮추고 하드웨어와 다른 구종을 활용할 때만 위험을 줄일 수 있다고 계산한다."
"174","174화","RA-031","개막전 투타 원맨쇼의 완결","새 슬라이더를 남발하지 않고 섞은 윤주혁은 8이닝 3피안타 무볼넷 14탈삼진을 기록하고, 6회 2점 홈런을 포함해 2안타를 친다. 9대1 승리 뒤 인터뷰에서 즐겼다고 말하지만 그 여유가 많은 훈련에서 왔음을 짚고, 구단 최연소 개막전 승리투수라는 기사로 낮게 닫는다.","7","9","2","8","10","8","9","10","보상 범위=8이닝 14탈삼진·2점 홈런·9대1 개막전 승리와 구단 최연소 개막전 승리의 경기·구단 기록 층위; 새 슬라이더를 남발하지 않고 섞은 윤주혁은 8이닝 3피안타 무볼넷 14탈삼진을 기록하고, 6회 2점 홈런을 포함해 2안타를 친다. 9대1 승리 뒤 인터뷰에서 즐겼다고 말하지만 그 여유가 많은 훈련에서 왔음을 짚고, 구단 최연소 개막전 승리투수라는 기사로 낮게 닫는다."
"175","175화","RA-031","투타 출전 기준 확립과 개막 3연승","코칭스태프와 윤주혁은 7이닝·평균 110구를 경계로 다음 날 선발 타자, 대타, 휴식을 나누는 운영 원칙을 맞춘다. 프라이스가 6대0, 쉴즈와 타선이 7대4를 만들어 보스턴을 세 경기 모두 꺾고 단독 1위로 출발하며, 마지막은 기사 결산이라 다음 경기 압력은 낮다.","4","8","2","9","7","9","8","8","보상 범위=겸업 운용 합의와 보스턴 개막 시리즈 3연승의 팀 시스템·시리즈 층위; 코칭스태프와 윤주혁은 7이닝·평균 110구를 경계로 다음 날 선발 타자, 대타, 휴식을 나누는 운영 원칙을 맞춘다. 프라이스가 6대0, 쉴즈와 타선이 7대4를 만들어 보스턴을 세 경기 모두 꺾고 단독 1위로 출발하며, 마지막은 기사 결산이라 다음 경기 압력은 낮다."
"176","176화","RA-032","무실점 배터리의 토론토 첫 회 지배","호세 몰리나의 프레이밍과 타자별 사인을 믿는 배터리 호흡이 네 경기 무실점의 자산으로 설명된다. 토론토전 첫 회 라자이 데이비스가 슬라이더를 버리라고 조언하지만 후속 타자도 93마일 슬라이더와 101마일 패스트볼에 당해 세 타자 모두 삼진으로 물러난다.","5","7","3","8","9","8","7","8","보상 범위=개막 후 무실점 행진과 토론토 첫 회 세 타자 연속 삼진의 시즌 초반 층위; 호세 몰리나의 프레이밍과 타자별 사인을 믿는 배터리 호흡이 네 경기 무실점의 자산으로 설명된다. 토론토전 첫 회 라자이 데이비스가 슬라이더를 버리라고 조언하지만 후속 타자도 93마일 슬라이더와 101마일 패스트볼에 당해 세 타자 모두 삼진으로 물러난다."
"177","177화","RA-032","10대0 대승 뒤 롱고리아 6주 이탈","탬파 타선이 10점을 쌓고 윤주혁이 7이닝 무실점으로 막아 대승하지만 롱고리아가 주루 뒤 햄스트링 통증을 호소해 최소 6주 이탈 판정을 받는다. 말미에는 윤주혁 1루, 필립 모리스 4번 지명타자, 키핑거 3루가 포함된 실제 대체 라인업을 중계진이 평가한다.","7","8","5","9","9","8","8","7","보상 범위=윤주혁 7이닝 무실점·10대0 승리와 중심타자 장기 부상의 경기·시즌 비용 층위; 탬파 타선이 10점을 쌓고 윤주혁이 7이닝 무실점으로 막아 대승하지만 롱고리아가 주루 뒤 햄스트링 통증을 호소해 최소 6주 이탈 판정을 받는다. 말미에는 윤주혁 1루, 필립 모리스 4번 지명타자, 키핑거 3루가 포함된 실제 대체 라인업을 중계진이 평가한다."
"178","178화","RA-032","모리스의 4번 부담 해소와 2홈런 폭발","윤주혁은 결과보다 후회 없는 자기 스윙을 하라고 모리스의 부담을 농담으로 풀어 주고, 제닝스 출루와 자신의 적시 2루타 뒤 타석을 넘긴다. 모리스는 1회 2점포와 6회 3점포로 9대3 승리를 이끌고 레이첼과 인터뷰를 마친 뒤, 마지막은 그녀가 모리스에게 웃으며 말을 꺼내는 관계 장면이다.","6","9","4","7","10","10","9","9","보상 범위=첫 4번 경기 2홈런 5타점·9대3 승리와 친구의 역할 승격이라는 경기·관계 층위; 윤주혁은 결과보다 후회 없는 자기 스윙을 하라고 모리스의 부담을 농담으로 풀어 주고, 제닝스 출루와 자신의 적시 2루타 뒤 타석을 넘긴다. 모리스는 1회 2점포와 6회 3점포로 9대3 승리를 이끌고 레이첼과 인터뷰를 마친 뒤, 마지막은 그녀가 모리스에게 웃으며 말을 꺼내는 관계 장면이다."
"179","179화","RA-032","모리스 정착과 43.2이닝 기록의 팀 책임 전환","모리스는 레이첼과의 관계와 청혼을 고민하며 새 4번으로 자리 잡고, 윤주혁은 캔자스시티전까지 43.2이닝 무실점으로 21세기 최장 기록을 세운다. 그러나 다른 선발들이 무너져 오클랜드 3연패를 당하자 윤주혁은 59이닝을 넘기는 대기록으로 팀 분위기를 되살리겠다고 결심한다.","6","8","6","9","6","10","8","9","보상 범위=모리스의 4번·연애 성장과 윤주혁 43.2이닝 무실점의 관계·시즌 기록 층위; 모리스는 레이첼과의 관계와 청혼을 고민하며 새 4번으로 자리 잡고, 윤주혁은 캔자스시티전까지 43.2이닝 무실점으로 21세기 최장 기록을 세운다. 그러나 다른 선발들이 무너져 오클랜드 3연패를 당하자 윤주혁은 59이닝을 넘기는 대기록으로 팀 분위기를 되살리겠다고 결심한다."
"180","180화","RA-033","기록 경기 첫 세 타자 지배와 47이닝 진입","윤주혁은 레예스 등 상위타선을 타자별 위험 구역과 몰리나의 사인으로 삼진 처리하고 4회까지 46.2이닝 무실점에 도달한다. 밥 깁슨의 47이닝을 넘기려면 두 타자가 남은 4회 선두 레예스에게 바깥쪽 초구가 볼 판정을 받는 지점에서 멈춘다.","7","7","6","8","9","7","8","8","보상 범위=마이애미 상위타선 삼진과 밥 깁슨 47이닝 기록을 눈앞에 둔 경기 진행 층위; 윤주혁은 레예스 등 상위타선을 타자별 위험 구역과 몰리나의 사인으로 삼진 처리하고 4회까지 46.2이닝 무실점에 도달한다. 밥 깁슨의 47이닝을 넘기려면 두 타자가 남은 4회 선두 레예스에게 바깥쪽 초구가 볼 판정을 받는 지점에서 멈춘다."
"181","181화","RA-033","무사 2·3루 스탠턴 장기 승부","레예스의 출루·도루와 주자 누적으로 무사 2·3루에서 스탠턴을 맞고, 윤주혁은 볼넷과 희생플라이 모두 피하려 파울을 거듭시키는 정면승부를 택한다. 몰리나의 유인구 사인을 받아들여 타이밍을 뺏는 체인지업을 던지자 스탠턴의 배트가 나오고 공이 가라앉는 순간에 끝난다.","10","5","10","6","10","8","10","6","보상 범위=연속 무실점 기록이 한 타자·한 결정구에 압축된 이닝 위기 층위; 레예스의 출루·도루와 주자 누적으로 무사 2·3루에서 스탠턴을 맞고, 윤주혁은 볼넷과 희생플라이 모두 피하려 파울을 거듭시키는 정면승부를 택한다. 몰리나의 유인구 사인을 받아들여 타이밍을 뺏는 체인지업을 던지자 스탠턴의 배트가 나오고 공이 가라앉는 순간에 끝난다."
"182","182화","RA-033","최대 위기 탈출과 페냐 3점 지원","윤주혁은 긴 승부 끝 스탠턴을 높은 101마일 공으로 삼진 처리하고 후속타도 막아 기록 위기를 넘긴다. 이어 탬파 공격에서 부진하던 카를로스 페냐가 무사 1·3루의 공을 3점 홈런으로 보내지만, 마지막은 새 투수 스티브 시섹이 추가 실점을 막을 가능성을 마이애미가 붙드는 장면이다.","9","8","5","6","10","9","9","8","보상 범위=무사 2·3루 강타자 제거와 카를로스 페냐의 3점 홈런이라는 이닝·경기 층위; 윤주혁은 긴 승부 끝 스탠턴을 높은 101마일 공으로 삼진 처리하고 후속타도 막아 기록 위기를 넘긴다. 이어 탬파 공격에서 부진하던 카를로스 페냐가 무사 1·3루의 공을 3점 홈런으로 보내지만, 마지막은 새 투수 스티브 시섹이 추가 실점을 막을 가능성을 마이애미가 붙드는 장면이다."
"183","183화","RA-033","50.2이닝 무실점 결산과 다음 신기록 등판 예고","호세 몰리나가 페냐와 백투백 홈런을 치고 윤주혁은 7이닝 무실점 13탈삼진으로 50.2이닝까지 늘린 뒤 기록을 포수와 수비진의 몫으로 돌린다. 다음 디트로이트전에서는 시즌 첫 만루홈런·9호를 쳐 원정 2승 1패를 만들고, 기사 말미가 이틀 뒤 화이트삭스전의 59이닝 경신 여부를 묻는다.","7","9","7","10","9","10","9","9","보상 범위=마이애미전 7이닝 무실점 13탈삼진·50.2이닝 기록과 다음 경기 만루포의 경기·시즌 층위; 호세 몰리나가 페냐와 백투백 홈런을 치고 윤주혁은 7이닝 무실점 13탈삼진으로 50.2이닝까지 늘린 뒤 기록을 포수와 수비진의 몫으로 돌린다. 다음 디트로이트전에서는 시즌 첫 만루홈런·9호를 쳐 원정 2승 1패를 만들고, 기사 말미가 이틀 뒤 화이트삭스전의 59이닝 경신 여부를 묻는다."
"184","184화","RA-033","기존 기록 보유자의 현장 목격과 홈런 경계","허샤이저는 친구 에릭 사이먼과 관중석에서 윤주혁의 열정·제구·노력을 이야기하며 자기 기록이 깨지는 순간을 응원한다. 두 아웃 뒤 장타자 애덤 던이 나오자 좋은 공일수록 맞으면 넘어갈 반발력이 있다며 단 한 번의 홈런이 기록을 끝낼 수 있다고 경계한다.","7","6","7","9","6","8","8","8","보상 범위=오렐 허샤이저가 직접 지켜보는 기록 계승 무대와 경기 초반 진행 층위; 허샤이저는 친구 에릭 사이먼과 관중석에서 윤주혁의 열정·제구·노력을 이야기하며 자기 기록이 깨지는 순간을 응원한다. 두 아웃 뒤 장타자 애덤 던이 나오자 좋은 공일수록 맞으면 넘어갈 반발력이 있다며 단 한 번의 홈런이 기록을 끝낼 수 있다고 경계한다."
"185","185화","RA-033","백투백 홈런 지원과 55.2이닝 진입","윤주혁이 제이크 피비에게 선취 솔로홈런을 치고 모리스가 곧바로 백투백 홈런을 보태 2대0을 만든다. 마운드에서는 5회까지 누구도 2루에 보내지 않아 55.2이닝을 채우지만, 6회 선두 알렉스 리오스가 초구 볼과 커브 헛스윙으로 1볼 1스트라이크를 만든 데서 멈춘다.","7","8","7","7","10","9","9","8","보상 범위=윤주혁·필립 모리스의 연속 홈런과 5회까지 55.2이닝 무실점의 경기·기록 층위; 윤주혁이 제이크 피비에게 선취 솔로홈런을 치고 모리스가 곧바로 백투백 홈런을 보태 2대0을 만든다. 마운드에서는 5회까지 누구도 2루에 보내지 않아 55.2이닝을 채우지만, 6회 선두 알렉스 리오스가 초구 볼과 커브 헛스윙으로 1볼 1스트라이크를 만든 데서 멈춘다."
"186","186화","RA-033","무사 3루 위기의 확률 설계","리오스가 2루타와 도루로 무사 3루를 만들자 윤주혁은 애덤 던을 내야 뜬공으로 잡고 폴 코너코는 고의사구로 내보낸다. 몰리나와 구심의 바깥쪽 존을 이용해 피어진스키를 1볼 2스트라이크로 몰고 낮은 공까지 파울로 치게 하지만 삼진 결과는 아직 나오지 않는다.","10","5","9","8","9","9","10","6","보상 범위=무사 3루에서 한 아웃과 1·3루 병살 구조를 만든 이닝 운영 층위; 리오스가 2루타와 도루로 무사 3루를 만들자 윤주혁은 애덤 던을 내야 뜬공으로 잡고 폴 코너코는 고의사구로 내보낸다. 몰리나와 구심의 바깥쪽 존을 이용해 피어진스키를 1볼 2스트라이크로 몰고 낮은 공까지 파울로 치게 하지만 삼진 결과는 아직 나오지 않는다."
"187","187화","RA-033","59.2이닝 신기록·18탈삼진 완봉 결산","피어진스키와 비시에도를 연속 삼진으로 잡아 6회 위기를 넘기고, 9회 애덤 던을 잡아 59이닝 동률, 폴 코너코를 커브 삼진으로 돌려세워 새 기록을 세운다. 9이닝 4피안타 1볼넷 18탈삼진, 6대0 승리와 100탈삼진 선착까지 기사·허샤이저 축하·댓글로 모두 지급된다.","9","10","2","10","10","9","10","10","보상 범위=9이닝 무실점 18탈삼진·59.2이닝 MLB 신기록·시즌 7승의 경기·커리어 역사 층위; 피어진스키와 비시에도를 연속 삼진으로 잡아 6회 위기를 넘기고, 9회 애덤 던을 잡아 59이닝 동률, 폴 코너코를 커브 삼진으로 돌려세워 새 기록을 세운다. 9이닝 4피안타 1볼넷 18탈삼진, 6대0 승리와 100탈삼진 선착까지 기사·허샤이저 축하·댓글로 모두 지급된다."
"188","188화","RA-033","66.2이닝 연장과 에인절스 강타선 첫 대면","신기록 뒤 윤주혁은 미네소타를 7이닝 무실점으로 막고 무리한 완투 없이 기록을 66.2이닝으로 확장한다. 다음 에인절스전에서 C.J. 윌슨이 탬파의 첫 회를 막은 뒤 윤주혁은 5툴 신인 마이크 트라웃을 가장 조심할 타자로 정하고 초구를 던져 경기를 연다.","7","8","7","10","8","8","8","9","보상 범위=미네소타전 7이닝 무실점으로 신기록을 66.2이닝까지 늘린 시즌 기록 층위; 신기록 뒤 윤주혁은 미네소타를 7이닝 무실점으로 막고 무리한 완투 없이 기록을 66.2이닝으로 확장한다. 다음 에인절스전에서 C.J. 윌슨이 탬파의 첫 회를 막은 뒤 윤주혁은 5툴 신인 마이크 트라웃을 가장 조심할 타자로 정하고 초구를 던져 경기를 연다."
"189","189화","RA-033","퍼펙트 상실 뒤 3점 홈런으로 주도권 확보","토리 헌터의 2루타로 퍼펙트는 깨지지만 윤주혁은 후속 타자를 막아 무실점을 지킨다. 6회 업튼의 3루타와 키핑거의 사구 뒤 3볼 1스트라이크에서도 C.J. 윌슨의 바깥쪽 공을 쳐 예상보다 멀리 보내 3점 홈런으로 만들고, 마지막은 윌슨이 후속 타자에게 초구 스트라이크를 던져 분위기를 다잡는다.","8","9","5","6","10","7","9","9","보상 범위=토리 헌터 출루를 무실점으로 지운 뒤 직접 친 3점 홈런의 경기·기록 층위; 토리 헌터의 2루타로 퍼펙트는 깨지지만 윤주혁은 후속 타자를 막아 무실점을 지킨다. 6회 업튼의 3루타와 키핑거의 사구 뒤 3볼 1스트라이크에서도 C.J. 윌슨의 바깥쪽 공을 쳐 예상보다 멀리 보내 3점 홈런으로 만들고, 마지막은 윌슨이 후속 타자에게 초구 스트라이크를 던져 분위기를 다잡는다."
"190","190화","RA-033","트라웃에게 끝난 72이닝과 기록 부담 해방","마이크 트라웃의 2점 홈런으로 무실점 행진이 72이닝에서 끝나지만 윤주혁은 다음 타자들을 정리해 7이닝 2실점 13탈삼진으로 승리를 지킨다. 인터뷰에서 홀가분하다고 솔직히 말하고 샤워실에서 모리스와 홈런 격차를 농담하며 기록 압력에서 일상 경쟁으로 돌아간다.","8","9","2","9","9","9","9","10","보상 범위=72이닝 연속 무실점이라는 역사 기록과 7이닝 2실점·7대2 시즌 9승의 경기·시즌 층위; 마이크 트라웃의 2점 홈런으로 무실점 행진이 72이닝에서 끝나지만 윤주혁은 다음 타자들을 정리해 7이닝 2실점 13탈삼진으로 승리를 지킨다. 인터뷰에서 홀가분하다고 솔직히 말하고 샤워실에서 모리스와 홈런 격차를 농담하며 기록 압력에서 일상 경쟁으로 돌아간다."
"191","191화","RA-034","압도적 전반기와 트레이드 소문 급부상","한 달 반 뒤 윤주혁은 18경기 14승 1패, 194탈삼진으로 전반기를 지배하고 놀란 라이언의 현대 단일 시즌 383탈삼진까지 계산한다. 텍사스·워싱턴의 대형 패키지 소문에 모리스가 이별을 걱정하고, 훈련 뒤 클러비 케빈 마이클스가 소식을 들었냐며 웃어 보여 결정 결과 직전에서 끝난다.","7","9","9","10","7","9","8","10","보상 범위=14승 1패·ERA 1.04·194탈삼진과 올스타 선발, 대형 트레이드 가치의 전반기·커리어 층위; 한 달 반 뒤 윤주혁은 18경기 14승 1패, 194탈삼진으로 전반기를 지배하고 놀란 라이언의 현대 단일 시즌 383탈삼진까지 계산한다. 텍사스·워싱턴의 대형 패키지 소문에 모리스가 이별을 걱정하고, 훈련 뒤 클러비 케빈 마이클스가 소식을 들었냐며 웃어 보여 결정 결과 직전에서 끝난다."
"192","192화","RA-034","시즌 잔류와 올스타 6연속 삼진","탬파가 대형 제안을 거절해 윤주혁과 동료들이 시즌을 함께하게 되고, 그는 올스타 선발로 두 이닝 여섯 타자를 모두 삼진 처리해 AL의 6대4 승리와 월드시리즈 홈 이점에 기여한다. 휴식일 밤 모리스와 맥주·물을 마시며 런던 올림픽을 이야기하다 한유라의 수영 종목을 답하려는 장면으로 낮게 이동한다.","6","9","4","9","10","10","9","9","보상 범위=시즌 잔류·올스타 선발 2이닝 6연속 삼진·AL 승리의 팀·리그 층위; 탬파가 대형 제안을 거절해 윤주혁과 동료들이 시즌을 함께하게 되고, 그는 올스타 선발로 두 이닝 여섯 타자를 모두 삼진 처리해 AL의 6대4 승리와 월드시리즈 홈 이점에 기여한다. 휴식일 밤 모리스와 맥주·물을 마시며 런던 올림픽을 이야기하다 한유라의 수영 종목을 답하려는 장면으로 낮게 이동한다."
"193","193화","RA-034","마감 잔류와 완전체 우승 전력 재확인","탬파는 유망주 수집보다 2연패 도전을 택해 주축을 보내지 않고, 선발진과 불펜이 회복해 7연승·동부 11경기 차를 만든다. 시즌 21번째 등판 전 몰리나는 윤주혁의 완벽한 불펜 공을 보며 자기는 리드·프레이밍·블로킹만 제대로 하면 된다고 부담을 정리한다.","5","8","6","10","5","8","8","9","보상 범위=트레이드 마감 로스터 보존·7연승·지구 11경기 차·윤주혁 15승의 시즌 층위; 탬파는 유망주 수집보다 2연패 도전을 택해 주축을 보내지 않고, 선발진과 불펜이 회복해 7연승·동부 11경기 차를 만든다. 시즌 21번째 등판 전 몰리나는 윤주혁의 완벽한 불펜 공을 보며 자기는 리드·프레이밍·블로킹만 제대로 하면 된다고 부담을 정리한다."
"194","194화","RA-034","16승·모리스 30호와 한유라 결승 관심 전환","윤주혁은 와일드카드 경쟁 중인 볼티모어를 7이닝 1실점 13탈삼진으로 막아 16승을 얻고, 모리스는 시즌 30호 홈런으로 친구의 승리를 돕는다. 경기 뒤 런던 올림픽 400m 자유형 결승에 오른 한유라 기사에 관심이 이동하고, 윤주혁은 과도한 언론 기대가 어린 선수의 멘탈에 독이 될까 걱정한다.","6","8","5","9","9","9","8","8","보상 범위=윤주혁 7이닝 1실점 13탈삼진·16승과 모리스 30홈런의 경기·시즌 층위; 윤주혁은 와일드카드 경쟁 중인 볼티모어를 7이닝 1실점 13탈삼진으로 막아 16승을 얻고, 모리스는 시즌 30호 홈런으로 친구의 승리를 돕는다. 경기 뒤 런던 올림픽 400m 자유형 결승에 오른 한유라 기사에 관심이 이동하고, 윤주혁은 과도한 언론 기대가 어린 선수의 멘탈에 독이 될까 걱정한다."
"195","195화","RA-035","한유라의 훈련 생애와 결승 직전 압박","시점이 한유라에게 옮겨가고, 가정 형편·피나는 훈련·보육원 아이들과의 만남이 차가운 표정과 수영을 다시 사랑하게 된 이유를 설명한다. 태릉선수촌과 올림픽 결승까지 올라왔지만 출발 직전 한국 여자 수영 첫 메달이라는 시선이 한꺼번에 부담으로 닥친 이유를 깨닫는 데서 멈춘다.","7","6","9","10","5","9","10","6","보상 범위=냉정한 국가대표가 보육원 아이들을 통해 수영의 즐거움과 결승 자격을 되찾은 생애·관계 층위; 시점이 한유라에게 옮겨가고, 가정 형편·피나는 훈련·보육원 아이들과의 만남이 차가운 표정과 수영을 다시 사랑하게 된 이유를 설명한다. 태릉선수촌과 올림픽 결승까지 올라왔지만 출발 직전 한국 여자 수영 첫 메달이라는 시선이 한꺼번에 부담으로 닥친 이유를 깨닫는 데서 멈춘다."
"196","196화","RA-035","역사적 동메달과 윤주혁의 감기 7실점 대조","한유라는 마지막 구간 스퍼트로 3위에 터치해 한국 여자 수영 첫 올림픽 메달을 얻는다. 시간 점프 뒤 윤주혁은 감기가 덜 나은 채 보스턴전에 복귀해 5이닝 7실점으로 무너지고, 남 탓 없이 감각과 자신감을 되찾기 위해 공보다 배팅 케이지를 먼저 선택한다.","8","9","6","8","9","8","10","9","보상 범위=한국 여자 수영 첫 올림픽 동메달의 국가·커리어 보상과 윤주혁의 건강 실패 비용 층위; 한유라는 마지막 구간 스퍼트로 3위에 터치해 한국 여자 수영 첫 올림픽 메달을 얻는다. 시간 점프 뒤 윤주혁은 감기가 덜 나은 채 보스턴전에 복귀해 5이닝 7실점으로 무너지고, 남 탓 없이 감각과 자신감을 되찾기 위해 공보다 배팅 케이지를 먼저 선택한다."
"197","197화","RA-036","타자 5홈런 회복과 양키스 강속구 반등 진입","선발 휴식 동안 윤주혁은 네 경기에서 홈런 다섯 개를 치고 불펜·검진으로 어깨가 돌아왔음을 확인한다. 양키스전에서는 완급을 줄이고 평균 97마일 패스트볼과 투심으로 4회 첫 타자 이치로까지 10개 아웃 중 8개를 삼진으로 잡아 직전 7실점과 전혀 다른 구위를 보여준다.","7","8","7","7","10","7","9","8","보상 범위=네 경기 5홈런으로 건강을 확인하고 다음 선발 4회까지 8탈삼진을 쌓은 반등·경기 층위; 선발 휴식 동안 윤주혁은 네 경기에서 홈런 다섯 개를 치고 불펜·검진으로 어깨가 돌아왔음을 확인한다. 양키스전에서는 완급을 줄이고 평균 97마일 패스트볼과 투심으로 4회 첫 타자 이치로까지 10개 아웃 중 8개를 삼진으로 잡아 직전 7실점과 전혀 다른 구위를 보여준다."
"198","198화","RA-036","17탈삼진에서 20탈삼진 문턱으로","윤주혁은 패스트볼과 고속 슬라이더로 양키스 타자를 몰아 7회 후반까지 17삼진을 쌓고 완투 잔류를 선택한다. 아웃 일곱 개 안에 삼진 세 개가 필요하다는 계산과 홈팬의 기대가 커지는 동안 어깨 피로가 다음 화의 실제 판단 비용으로 넘어간다.","9","8","9","7","10","8","9","8","보상 범위=5점 리드 아래 17탈삼진을 쌓고 정규이닝 20탈삼진에 도전하는 경기 기록 층위; 윤주혁은 패스트볼과 고속 슬라이더로 양키스 타자를 몰아 7회 후반까지 17삼진을 쌓고 완투 잔류를 선택한다. 아웃 일곱 개 안에 삼진 세 개가 필요하다는 계산과 홈팬의 기대가 커지는 동안 어깨 피로가 다음 화의 실제 판단 비용으로 넘어간다."
"199","199화","RA-036","어깨 비용을 감수한 정규이닝 20탈삼진","윤주혁은 구속·릴리스와 통증을 구분해 투구를 이어가고, 120구째 부근 라울 이바녜스에게 95마일 슬라이더를 던져 20번째 삼진을 잡는다. 뻐근함이 더해져 신기록을 억지로 좇지는 않겠다고 정리하지만, 두 아웃을 남기고 데릭 지터에게 초구 사인을 받는다.","9","9","9","7","10","9","9","9","보상 범위=메이저리그 다섯 번째 정규이닝 20탈삼진과 자기 몸 통제의 경기·커리어 층위; 윤주혁은 구속·릴리스와 통증을 구분해 투구를 이어가고, 120구째 부근 라울 이바녜스에게 95마일 슬라이더를 던져 20번째 삼진을 잡는다. 뻐근함이 더해져 신기록을 억지로 좇지는 않겠다고 정리하지만, 두 아웃을 남기고 데릭 지터에게 초구 사인을 받는다."
"200","200화","RA-036","21탈삼진 신기록과 시즌 최종 기록 경쟁 전환","지터를 속도 차로 범타 처리한 뒤 이치로와 파울 승부를 거듭하고, 마지막 99마일 투심을 스트라이크로 받아 21번째 삼진을 완성한다. 세 주 뒤 윤주혁은 22승 2패·ERA 1.80·345탈삼진과 타율 .343으로 투타 상위권에 있고, 마지막 기사 제목은 남은 세 등판에서 놀란 라이언의 383탈삼진을 넘을지 묻는다.","9","10","7","10","10","8","10","10","보상 범위=정규 9이닝 21탈삼진 신기록과 29경기 22승·345탈삼진의 경기·시즌 역사 층위; 지터를 속도 차로 범타 처리한 뒤 이치로와 파울 승부를 거듭하고, 마지막 99마일 투심을 스트라이크로 받아 21번째 삼진을 완성한다. 세 주 뒤 윤주혁은 22승 2패·ERA 1.80·345탈삼진과 타율 .343으로 투타 상위권에 있고, 마지막 기사 제목은 남은 세 등판에서 놀란 라이언의 383탈삼진을 넘을지 묻는다."
"201","201화","RA-037","마지막 3등판 로드맵과 롱고리아 복귀포","윤주혁은 몰리나·애런 루이스에게 타격을 쉬고 투수 기록에 집중하겠다고 설명하지만 미네소타 타자들이 1회 짧은 스윙으로 삼진 없이 범타 세 개를 만든다. 복귀한 롱고리아가 솔로홈런으로 1대0을 준 뒤 2회 4번 타자에게 초구를 던지려는 순간까지 진행된다.","7","6","7","10","6","9","8","7","보상 범위=경기당 최소 13탈삼진 계획과 롱고리아 복귀 첫 홈런의 기록·팀 층위; 윤주혁은 몰리나·애런 루이스에게 타격을 쉬고 투수 기록에 집중하겠다고 설명하지만 미네소타 타자들이 1회 짧은 스윙으로 삼진 없이 범타 세 개를 만든다. 복귀한 롱고리아가 솔로홈런으로 1대0을 준 뒤 2회 4번 타자에게 초구를 던지려는 순간까지 진행된다."
"202","202화","RA-037","타자별 구위 조절로 14탈삼진 확보","장타자에게 초반부터 100마일을 쓰고 콘택트형 타자에게는 이닝마다 구위를 높이는 방식으로 2회 세 타자 연속 삼진부터 계획을 수정한다. 8이닝 14탈삼진으로 목표보다 하나를 더 잡지만 경기 뒤 물건을 들기 어려울 만큼 어깨가 무거워 400탈삼진은 사실상 포기하고 383개에 집중한다.","7","8","3","9","10","9","8","8","보상 범위=8이닝 14탈삼진으로 기록까지 필요 수를 24개로 줄인 경기·시즌 층위; 장타자에게 초반부터 100마일을 쓰고 콘택트형 타자에게는 이닝마다 구위를 높이는 방식으로 2회 세 타자 연속 삼진부터 계획을 수정한다. 8이닝 14탈삼진으로 목표보다 하나를 더 잡지만 경기 뒤 물건을 들기 어려울 만큼 어깨가 무거워 400탈삼진은 사실상 포기하고 383개에 집중한다."
"203","203화","RA-037","3년 연속 지구 우승 뒤 기록 경기 초반 2실점","윤주혁의 어깨는 하룻밤 만에 회복되고 탬파는 매직넘버를 지워 3년 연속 지구 우승을 확정해 주전 휴식 모드로 전환한다. 반면 타격을 쉬고 나선 캔자스시티전에서는 첫 두 타자의 장타로 1회 2실점하고, 몰리나의 느린 공 제안 뒤 101마일 몸쪽 볼과 파울로 타자가 위축된 순간에 끊긴다.","8","10","8","9","8","9","9","10","보상 범위=탬파베이 3년 연속 동부지구 우승이라는 시즌 보상과 개인 기록전 초반 비용 층위; 윤주혁의 어깨는 하룻밤 만에 회복되고 탬파는 매직넘버를 지워 3년 연속 지구 우승을 확정해 주전 휴식 모드로 전환한다. 반면 타격을 쉬고 나선 캔자스시티전에서는 첫 두 타자의 장타로 1회 2실점하고, 몰리나의 느린 공 제안 뒤 101마일 몸쪽 볼과 파울로 타자가 위축된 순간에 끊긴다."
"204","204화","RA-037","완급 재설계로 12탈삼진·마지막 등판 진입","윤주혁과 몰리나는 커브·체인지업으로 빠른 공 타이밍을 무너뜨린 뒤 6회부터 구위를 올려 마지막 여덟 타자를 연속 삼진으로 잡는다. 모리스의 40호 홈런과 역전 지원 속에 7이닝 12탈삼진으로 목표를 채우고, 며칠 뒤 기록까지 13개 남은 토론토 최종전이 실제로 시작된다.","8","8","7","9","10","9","9","8","보상 범위=1회 2실점 뒤 8타자 연속 삼진·7이닝 12탈삼진과 모리스 40호의 경기·시즌 층위; 윤주혁과 몰리나는 커브·체인지업으로 빠른 공 타이밍을 무너뜨린 뒤 6회부터 구위를 올려 마지막 여덟 타자를 연속 삼진으로 잡는다. 모리스의 40호 홈런과 역전 지원 속에 7이닝 12탈삼진으로 목표를 채우고, 며칠 뒤 기록까지 13개 남은 토론토 최종전이 실제로 시작된다."
"205","205화","RA-037","9구 3삼진 출발과 기록 한 개 전","윤주혁은 첫 두 타자를 빠른 공·파워커브로 삼구 삼진 처리하고 42홈런 엔카나시온도 고속 슬라이더·투심·102마일 포심으로 아홉 공 세 삼진에 묶는다. 타선이 3회 6점을 내지만 토론토는 기록 희생양을 피하려 땅볼을 만들고, 7회 2아웃에서 한 개만 더 잡으면 동률인 승부의 초구 그립을 쥔다.","9","8","10","8","10","9","10","9","보상 범위=첫 회 세 타자 연속 삼구 삼진과 7회 382탈삼진까지의 경기 기록 층위; 윤주혁은 첫 두 타자를 빠른 공·파워커브로 삼구 삼진 처리하고 42홈런 엔카나시온도 고속 슬라이더·투심·102마일 포심으로 아홉 공 세 삼진에 묶는다. 타선이 3회 6점을 내지만 토론토는 기록 희생양을 피하려 땅볼을 만들고, 7회 2아웃에서 한 개만 더 잡으면 동률인 승부의 초구 그립을 쥔다."
"206","206화","RA-037","386탈삼진·25승 완봉과 정규시즌 최종 결산","린드의 체크스윙을 체인지업 삼진으로 받아 383개에 닿고, 8·9회에 더 쌓아 마지막 대타를 101마일 삼구 삼진으로 처리해 386개를 확정한다. 32경기 25승 2패·ERA 1.70·243이닝과 타율 .345·28홈런까지 정리한 뒤 새 와일드카드 단판 결과와 텍사스 ALDS 대진으로 넘어간다.","9","10","6","10","10","9","10","10","보상 범위=라이브볼 시대 단일 시즌 386탈삼진 신기록·9대0 완봉·25승과 2012 정규시즌의 시즌·커리어 역사 층위; 린드의 체크스윙을 체인지업 삼진으로 받아 383개에 닿고, 8·9회에 더 쌓아 마지막 대타를 101마일 삼구 삼진으로 처리해 386개를 확정한다. 32경기 25승 2패·ERA 1.70·243이닝과 타율 .345·28홈런까지 정리한 뒤 새 와일드카드 단판 결과와 텍사스 ALDS 대진으로 넘어간다."
"207","207화","RA-038","정규시즌 기록 모드 종료와 텍사스전 첫 타구","탬파의 윤주혁-프라이스 선발진·로드니 불펜·중심타선과 텍사스의 해밀턴-벨트레-크루즈 장타선, 뎀스터 선발 전략을 구체적으로 비교한다. 4일 휴식에도 기록전 피로가 남은 윤주혁은 탈삼진 대신 95마일 완급 조절로 돌아가지만 이안 킨슬러가 네 번째 공을 외야 깊숙이 보낸 순간에 끊긴다.","8","6","9","10","7","8","9","8","보상 범위=25승·ERA 1.70 에이스의 홈 1차전 우위와 시리즈 전력 공개 층위; 탬파의 윤주혁-프라이스 선발진·로드니 불펜·중심타선과 텍사스의 해밀턴-벨트레-크루즈 장타선, 뎀스터 선발 전략을 구체적으로 비교한다. 4일 휴식에도 기록전 피로가 남은 윤주혁은 탈삼진 대신 95마일 완급 조절로 돌아가지만 이안 킨슬러가 네 번째 공을 외야 깊숙이 보낸 순간에 끊긴다."
"208","208화","RA-038","1차전 압력 상승","텍사스가 강속구를 맞히는 불안과 탬파의 득점 실패를 길게 누른 뒤, 윤주혁의 출루·진루가 희생플라이 한 번이면 되는 장면으로 압력을 좁힌다.","7","4","8","4","8","4","6","3","보상 범위=경기 안 득점 기회. 윤주혁이 무실점 운영과 주루로 0대0을 1사 3루까지 밀어 놓는다.; 텍사스가 강속구를 맞히는 불안과 탬파의 득점 실패를 길게 누른 뒤, 윤주혁의 출루·진루가 희생플라이 한 번이면 되는 장면으로 압력을 좁힌다."
"209","209화","RA-038","1차전 결산·2차전 전환","전 회차의 한 타석을 홈런으로 폭발시킨 뒤 완봉 결산까지 빠르게 지급하고, 마지막에는 다음 경기 대체 타자를 고르는 훈련 장면으로 속도를 낮춘다.","7","9","6","5","9","7","7","8","보상 범위=경기·시리즈. 롱고리아의 투런과 윤주혁의 9이닝 무실점 11탈삼진이 홈 1차전 승리로 묶인다.; 전 회차의 한 타석을 홈런으로 폭발시킨 뒤 완봉 결산까지 빠르게 지급하고, 마지막에는 다음 경기 대체 타자를 고르는 훈련 장면으로 속도를 낮춘다."
"210","210화","RA-038","2차전 도입·선제 실점","라인업 판단과 투수전을 차분히 쌓다가 조쉬 해밀턴의 6회 솔로포로 한 점의 무게를 키우고, 말없는 감독-선수 합의로 다음 행동을 즉시 건다.","7","3","7","7","5","6","5","3","보상 범위=팀 운용. 페냐의 감각을 믿는 선택과 벤치의 윤주혁 대타 카드가 마련되지만 아직 득점 보상은 없다.; 라인업 판단과 투수전을 차분히 쌓다가 조쉬 해밀턴의 6회 솔로포로 한 점의 무게를 키우고, 말없는 감독-선수 합의로 다음 행동을 즉시 건다."
"211","211화","RA-038","2차전 반격","대타 스타의 존재감을 전면에 걸고도 동료 셋의 연쇄 행동으로 1대1을 만든 뒤, 감독이 정작 다음 타석에 그 카드를 쓰지 않는 역선택으로 끝낸다.","7","6","8","4","8","8","6","5","보상 범위=경기·팀 관계. 케핑거의 출루, 롱고리아의 번트, 모리스의 적시타가 윤주혁 없이 동점을 만든다.; 대타 스타의 존재감을 전면에 걸고도 동료 셋의 연쇄 행동으로 1대1을 만든 뒤, 감독이 정작 다음 타석에 그 카드를 쓰지 않는 역선택으로 끝낸다."
"212","212화","RA-038","감독 선택 보상·대타 승부","의심받던 베테랑의 홈런으로 즉시 한 번 터뜨린 뒤, 로비 로스의 두 헛스윙과 윤주혁의 95마일 커트로 새 미세 승부를 다시 조인다.","8","7","9","5","9","7","7","6","보상 범위=한 타석·경기. 페냐의 역전 투런이 감독 신뢰를 갚고, 윤주혁에게 추가점을 낼 대타 승부가 넘어온다.; 의심받던 베테랑의 홈런으로 즉시 한 번 터뜨린 뒤, 로비 로스의 두 헛스윙과 윤주혁의 95마일 커트로 새 미세 승부를 다시 조인다."
"213","213화","RA-038","홈 2연승 결산·부상 전조","짧은 타석 폭발로 전 회차의 약속을 갚고 홈 2연승을 정리한 뒤, 결장한 3차전의 데릭 홀랜드 분석으로 속도를 낮추며 불안을 옮긴다.","6","8","6","6","8","4","6","7","보상 범위=경기·시리즈. 대타 홈런과 2차전 승리로 탬파가 2승을 선점하지만 윤주혁의 무릎 통증이 다음 경기 가용성을 깎는다.; 짧은 타석 폭발로 전 회차의 약속을 갚고 홈 2연승을 정리한 뒤, 결장한 3차전의 데릭 홀랜드 분석으로 속도를 낮추며 불안을 옮긴다."
"214","214화","RA-039","원정 3차전 붕괴","홀랜드의 자신감과 텍사스 타선의 연속 득점을 일방적으로 누적해 탬파의 무력감을 만든 뒤, 윤주혁이 끝내 나오지 않았다는 사실로 부상 의심을 남긴다.","7","2","6","5","6","3","8","3","보상 범위=상대 팀의 경기 보상. 텍사스가 8대0까지 벌리고 윤주혁 부재의 효과를 체감한다.; 홀랜드의 자신감과 텍사스 타선의 연속 득점을 일방적으로 누적해 탬파의 무력감을 만든 뒤, 윤주혁이 끝내 나오지 않았다는 사실로 부상 의심을 남긴다."
"215","215화","RA-039","4차전 복귀·선취점","공개 의심을 불펜 테스트와 첫 이닝 강속구로 반박한 뒤 다르빗슈와의 팽팽한 맞대결을 지나, 4회 롱고리아의 한 방으로 처음 점수를 지급한다.","7","6","6","6","7","6","6","6","보상 범위=경기 초반·가용성. 윤주혁의 102마일 복귀와 롱고리아의 선제 솔로포가 부상설을 일단 누른다.; 공개 의심을 불펜 테스트와 첫 이닝 강속구로 반박한 뒤 다르빗슈와의 팽팽한 맞대결을 지나, 4회 롱고리아의 한 방으로 처음 점수를 지급한다."
"216","216화","RA-039","리드 확대·불펜 생존전","백투백 홈런과 타선 폭발로 넉넉히 벌린 경기를 손가락 통증·계투 연쇄 실점으로 한 점 차까지 급격히 압축해, 동일 경기 안 보상과 비용의 낙차가 가장 크다.","9","7","9","4","10","6","8","7","보상 범위=경기. 다르빗슈 상대 5점 리드와 윤주혁의 무실점 우세를 얻지만 강판 뒤 5대4까지 깎인다.; 백투백 홈런과 타선 폭발로 넉넉히 벌린 경기를 손가락 통증·계투 연쇄 실점으로 한 점 차까지 급격히 압축해, 동일 경기 안 보상과 비용의 낙차가 가장 크다."
"217","217화","RA-039","확정승 붕괴·부상 공개","투 스트라이크의 유리함을 동점 희생플라이와 해밀턴의 역전포로 뒤집은 뒤, 암울한 클럽하우스와 일주일 휴식 진단으로 패배 비용을 길게 체감시킨다.","9","2","6","7","9","4","9","3","보상 범위=정보·장기 생존. 골절이나 인대 손상은 아니라는 진단만 얻고, 경기와 시리즈 우위는 잃는다.; 투 스트라이크의 유리함을 동점 희생플라이와 해밀턴의 역전포로 뒤집은 뒤, 암울한 클럽하우스와 일주일 휴식 진단으로 패배 비용을 길게 체감시킨다."
"218","218화","RA-039","5차전 역할 이양","부재 불안을 선발·불펜·라인업 점검으로 정리한 뒤 프라이스의 첫 루킹 삼진을 지급하고, 마지막은 그가 구종을 늘려 온 역사 설명으로 느리게 닫는다.","6","4","4","8","5","6","6","4","보상 범위=팀 관계·준비. 윤주혁이 벤치 역할을 받아들이고 프라이스의 새 컷패스트볼이 첫 타자에게 통한다.; 부재 불안을 선발·불펜·라인업 점검으로 정리한 뒤 프라이스의 첫 루킹 삼진을 지급하고, 마지막은 그가 구종을 늘려 온 역사 설명으로 느리게 닫는다."
"219","219화","RA-039","결정전 무실점 압박·선취 전환","투수의 기술사와 0대0 투수전을 오래 쌓아 한 실수가 치명적인 상태를 만든 뒤, 폭투와 롱고리아의 큰 타구 두 번으로 선취점을 연속 전환한다.","8","6","7","8","7","7","6","6","보상 범위=경기 선취·동료 지위. 프라이스의 6회 노히트급 호투가 롱고리아의 1타점 2루타로 처음 환전된다.; 투수의 기술사와 0대0 투수전을 오래 쌓아 한 실수가 치명적인 상태를 만든 뒤, 폭투와 롱고리아의 큰 타구 두 번으로 선취점을 연속 전환한다."
"220","220화","RA-039","ALDS 결산·ALCS 다리","6회 연쇄 득점과 프라이스 8이닝, 로드니의 마지막 이닝으로 동료 집단의 결산을 크게 지급한 뒤 손가락 상태와 다음 선발 로테이션 계산으로 속도를 낮춘다.","5","9","6","6","8","9","8","8","보상 범위=경기·시리즈·회복. 4대0 승리와 ALCS 진출, 프라이스·로드니의 명예 회복, 윤주혁의 추가 회복 시간을 함께 얻는다.; 6회 연쇄 득점과 프라이스 8이닝, 로드니의 마지막 이닝으로 동료 집단의 결산을 크게 지급한 뒤 손가락 상태와 다음 선발 로테이션 계산으로 속도를 낮춘다."
"221","221화","RA-040","ALCS 1차전 탐색","변칙 라인업과 헬릭슨의 맞혀 잡기 설계를 설명한 뒤 세 타자의 타구 방향을 하나씩 확인해, 큰 폭발 없이 계획이 맞는 안도감을 준다.","5","4","4","7","5","5","4","3","보상 범위=경기 첫 이닝. 헬릭슨과 내야 수비가 디트로이트 상위 타선을 모두 땅볼로 지운다.; 변칙 라인업과 헬릭슨의 맞혀 잡기 설계를 설명한 뒤 세 타자의 타구 방향을 하나씩 확인해, 큰 폭발 없이 계획이 맞는 안도감을 준다."
"222","222화","RA-040","선취 보상·첫 출루 압력","헬릭슨의 빠른 아웃과 피스터의 덜 잡힌 투심을 대조해 모리스 홈런을 지급한 뒤, 마운드에 맞은 땅볼 하나로 완벽하던 흐름을 무사 1루로 바꾼다.","7","6","7","5","8","6","6","5","보상 범위=경기 초반. 필립 모리스의 투런으로 2대0을 얻지만 두 번째 타순 첫 타자가 출루한다.; 헬릭슨의 빠른 아웃과 피스터의 덜 잡힌 투심을 대조해 모리스 홈런을 지급한 뒤, 마운드에 맞은 땅볼 하나로 완벽하던 흐름을 무사 1루로 바꾼다."
"223","223화","RA-040","패턴 붕괴·역전","첫 타순의 땅볼 성공을 두 번째 타순의 대기 타격이 한꺼번에 무너뜨리고, 델몬 영의 거친 슬라이딩까지 보태 헬릭슨의 탈출 공간을 줄인다.","9","2","8","5","9","4","8","3","보상 범위=상대 팀의 경기 보상. 디트로이트가 카브레라의 역전 3점포와 연속타로 4대2를 만든다.; 첫 타순의 땅볼 성공을 두 번째 타순의 대기 타격이 한꺼번에 무너뜨리고, 델몬 영의 거친 슬라이딩까지 보태 헬릭슨의 탈출 공간을 줄인다."
"224","224화","RA-040","홈 2연패 결산·복귀 재장전","레이번 카드와 1차전 패배, 카브레라가 주도한 2차전 패배를 빠르게 누적한 뒤 불펜·배팅 케이지 장면으로 완전히 전환해 복귀 기대를 세운다.","8","5","7","6","7","6","7","5","보상 범위=회복·다음 경기. 두 패배의 비용 뒤 윤주혁이 손가락 통증 없는 투구와 좋은 타격감을 확인한다.; 레이번 카드와 1차전 패배, 카브레라가 주도한 2차전 패배를 빠르게 누적한 뒤 불펜·배팅 케이지 장면으로 완전히 전환해 복귀 기대를 세운다."
"225","225화","RA-040","복귀전 주도권 탈환","상대 감독의 불안에서 출발해 첫 타석 홈런과 92마일 포심 뒤 99마일 투심이라는 구속 차를 연달아 보여, 복귀 확인을 곧바로 지배감으로 키운다.","7","8","6","5","9","4","7","8","보상 범위=경기 초반·에이스 지위. 벌랜더 상대 선제 홈런과 첫 타순 압도로 부상 복귀를 투타 양쪽에서 증명한다.; 상대 감독의 불안에서 출발해 첫 타석 홈런과 92마일 포심 뒤 99마일 투심이라는 구속 차를 연달아 보여, 복귀 확인을 곧바로 지배감으로 키운다."
"226","226화","RA-040","복귀전 역사적 결산","두 번째 타순의 공포를 높은 100마일 공으로 눌러 퍼펙트·노히트 가능성을 키우고, 기록이 깨진 뒤에도 완봉과 홈런이라는 경기 승리 보상을 끝까지 보존한다.","8","10","3","5","10","7","9","10","보상 범위=경기·시리즈 반전·커리어 증명. 9이닝 1피안타 16탈삼진 완봉과 결승 홈런이 0승2패 팀을 되살린다.; 두 번째 타순의 공포를 높은 100마일 공으로 눌러 퍼펙트·노히트 가능성을 키우고, 기록이 깨진 뒤에도 완봉과 홈런이라는 경기 승리 보상을 끝까지 보존한다."
"227","227화","RA-040","동료 에이스 이양·투수전 축적","룸메이트의 친밀한 여진에서 다음 날 4차전으로 넘어가 양 선발과 두 4번 타자의 대칭을 반복하며, 단 한 점의 가치를 서서히 올린다.","7","4","6","6","5","8","6","4","보상 범위=관계·경기 유지. 모리스와 프라이스가 윤주혁의 휴식일에도 멀티히트와 무실점으로 0대0을 버틴다.; 룸메이트의 친밀한 여진에서 다음 날 4차전으로 넘어가 양 선발과 두 4번 타자의 대칭을 반복하며, 단 한 점의 가치를 서서히 올린다."
"228","228화","RA-040","4차전 마지막 타석 압축","선발 투수전의 긴 정체를 불펜 교체와 출루로 깨고, 자신을 피하지 않은 선택에 분노한 모리스가 힘을 빼고 컨택하는 세밀한 승부로 축소한다.","8","5","8","5","7","6","8","5","보상 범위=경기 선취 기회. 9회 불펜을 흔들어 먼저 한 점을 내고, 2사 1·3루에서 모리스에게 추가점 기회를 준다.; 선발 투수전의 긴 정체를 불펜 교체와 출루로 깨고, 자신을 피하지 않은 선택에 분노한 모리스가 힘을 빼고 컨택하는 세밀한 승부로 축소한다."
"229","229화","RA-040","4차전 결산·5차전 재추락","전 회차의 한 타석을 만루포로 크게 지급하고 곧바로 다음 날 헬릭슨 붕괴로 보상을 회수한 뒤, 긴급 등판한 맷 무어의 한 이닝으로 최소 희망만 남긴다.","8","8","5","5","9","8","7","7","보상 범위=경기 승리·다음 경기 생존. 모리스 만루포와 프라이스 무실점으로 2승2패를 만들지만 5차전은 0대5까지 밀린다.; 전 회차의 한 타석을 만루포로 크게 지급하고 곧바로 다음 날 헬릭슨 붕괴로 보상을 회수한 뒤, 긴급 등판한 맷 무어의 한 이닝으로 최소 희망만 남긴다."
"230","230화","RA-040","5차전 추격 시동","개인 주루로 정체된 타선에 첫 점을 넣지만 후속 2사 2·3루는 무산시켜, 남은 두 타석의 희소성과 새 불펜의 변수에 긴장을 옮긴다.","7","5","7","4","8","5","7","5","보상 범위=경기 추격. 윤주혁의 2루타·도루·득점으로 5대1을 만들고 맷 무어가 추가 시간을 번다.; 개인 주루로 정체된 타선에 첫 점을 넣지만 후속 2사 2·3루는 무산시켜, 남은 두 타석의 희소성과 새 불펜의 변수에 긴장을 옮긴다."
"231","231화","RA-040","계산된 추격·마지막 만루","신인 좌완에게 일부러 헛스윙해 공격성을 끌어낸 뒤 홈런으로 갚고, 9회에는 정면승부조차 얻지 못한 채 밀어내기로 한 점을 받으며 해결 책임을 동료에게 넘긴다.","9","8","9","5","10","5","9","7","보상 범위=한 타석·경기 반전 조건. 윤주혁의 계산된 대형 홈런과 9회 무사 만루 고의사구가 5대4까지 좁힌다.; 신인 좌완에게 일부러 헛스윙해 공격성을 끌어낸 뒤 홈런으로 갚고, 9회에는 정면승부조차 얻지 못한 채 밀어내기로 한 점을 받으며 해결 책임을 동료에게 넘긴다."
"232","232화","RA-040","5차전 대역전 결산·6차전 선택","모리스의 2타점 역전타부터 롱고리아와 후속 타선의 대량 득점을 연쇄 지급하고, 경기 뒤 윤주혁의 존재감 평가를 거쳐 선발 선택 논쟁으로 다시 낮춘다.","8","10","6","6","10","9","10","9","보상 범위=경기·시리즈 우위. 9회 8득점, 11대5 승리와 원정 3연승으로 탬파가 월드시리즈까지 한 승만 남긴다.; 모리스의 2타점 역전타부터 롱고리아와 후속 타선의 대량 득점을 연쇄 지급하고, 경기 뒤 윤주혁의 존재감 평가를 거쳐 선발 선택 논쟁으로 다시 낮춘다."
"233","233화","RA-040","6차전 팀 운용 도입","단기 필승과 월드시리즈 준비의 선택을 선수 상태로 풀어낸 뒤, 아니발 산체스의 다양한 구종 분석을 길게 거쳐 B.J. 업튼의 초구 안타로 실전 진입한다.","5","4","5","8","5","8","5","5","보상 범위=선발 지위·팀 준비. 쉴즈에게 재도전 기회를 주고 윤주혁의 다음 시리즈 체력을 보존한다.; 단기 필승과 월드시리즈 준비의 선택을 선수 상태로 풀어낸 뒤, 아니발 산체스의 다양한 구종 분석을 길게 거쳐 B.J. 업튼의 초구 안타로 실전 진입한다."
"234","234화","RA-040","ALCS 대결산·월드시리즈 도입","1회 4점부터 매 이닝 득점과 쉴즈 7이닝을 빠르게 누적해 대승으로 끝내고, 부모 회복 소식과 샴페인 뒤 다음 상대 양 팀 라인업을 전면 제시한다.","6","10","7","7","9","9","9","10","보상 범위=경기·시리즈·개인 명예. 14대2 승리, 2년 연속 월드시리즈 진출, 윤주혁 ALCS MVP를 한꺼번에 얻는다.; 1회 4점부터 매 이닝 득점과 쉴즈 7이닝을 빠르게 누적해 대승으로 끝내고, 부모 회복 소식과 샴페인 뒤 다음 상대 양 팀 라인업을 전면 제시한다."
"235","235화","RA-041","월드시리즈 1차전 선취 폭발","프라이스와 맷 케인의 무실점 투수전을 4회까지 누른 뒤, 바닥에 박힌 커브를 살린 윤주혁과 모리스의 다음 공 홈런으로 세 점을 한 번에 지급한다.","6","7","4","5","8","8","7","6","보상 범위=경기 선취·중심 타선 관계. 윤주혁의 악구 안타가 필립 모리스의 3점 홈런으로 환전된다.; 프라이스와 맷 케인의 무실점 투수전을 4회까지 누른 뒤, 바닥에 박힌 커브를 살린 윤주혁과 모리스의 다음 공 홈런으로 세 점을 한 번에 지급한다."
"236","236화","RA-041","1차전 결산·2차전 압도 도입","프라이스와 웨이드 데이비스가 리드를 보존하는 결산 뒤 곧장 다음 경기 첫 타석으로 넘어가 97마일 포심과 99마일 투심의 공포를 새로 건다.","6","8","7","5","8","6","7","7","보상 범위=경기·시리즈 선점. 3대0으로 1차전을 닫고, 윤주혁이 2차전 첫 타자를 세 공 삼진으로 압도한다.; 프라이스와 웨이드 데이비스가 리드를 보존하는 결산 뒤 곧장 다음 경기 첫 타석으로 넘어가 97마일 포심과 99마일 투심의 공포를 새로 건다."
"237","237화","RA-041","2차전 투타 지배·추가점 위기","첫 타순 연속 삼진과 선제 홈런으로 압도감을 즉시 주되 1대0을 오래 유지해 한 타구 위험을 남기고, 8회 2·3루 추가점 장면으로 다시 조인다.","8","8","8","4","10","5","8","9","보상 범위=경기·양방향 능력. 윤주혁이 범가너에게 직접 솔로포를 치고 8회까지 무실점 15탈삼진으로 자기 승리를 만든다.; 첫 타순 연속 삼진과 선제 홈런으로 압도감을 즉시 주되 1대0을 오래 유지해 한 타구 위험을 남기고, 8회 2·3루 추가점 장면으로 다시 조인다."
"238","238화","RA-041","홈 2연승 결산·원정 스윕 약속","전 회차의 투수전은 굴절 타구와 9회 완봉으로 마치고, 3차전 0대3을 윤주혁의 2타점과 6회 빅이닝으로 빠르게 뒤집어 연속 승리 보상을 겹친다.","6","10","4","6","9","8","9","9","보상 범위=경기·시리즈. 행운의 추가점과 윤주혁 완봉으로 2승, 다음 날 역전 타격으로 3승 무패까지 간다.; 전 회차의 투수전은 굴절 타구와 9회 완봉으로 마치고, 3차전 0대3을 윤주혁의 2타점과 6회 빅이닝으로 빠르게 뒤집어 연속 승리 보상을 겹친다."
"239","239화","RA-041","4차전 열세·마지막 두 이닝","지토의 느린 커브와 맷 무어의 두 실점을 길게 대비한 뒤 윤주혁의 2루타를 주지만 발목 통증이라는 비용을 붙이고, 8회 카시야 등판으로 남은 기회를 줄인다.","8","5","6","6","8","5","8","4","보상 범위=경기 추격. 윤주혁의 적시 2루타로 0대2를 한 점 차로 좁히고 불펜이 역전 기회를 보존한다.; 지토의 느린 커브와 맷 무어의 두 실점을 길게 대비한 뒤 윤주혁의 2루타를 주지만 발목 통증이라는 비용을 붙이고, 8회 카시야 등판으로 남은 기회를 줄인다."
"240","240화","RA-041","월드시리즈 우승 결산","마지막 두 이닝의 아웃을 하나씩 소모해 2사까지 몰고 간 뒤, 상대가 윤주혁을 피한 선택을 절친의 우승 홈런으로 가장 큰 팀 관계 보상에 바꾼다.","9","10","3","3","10","10","10","10","보상 범위=경기·시리즈·팀 역사. 윤주혁 고의사구 뒤 모리스의 9회 3점포가 4대2 역전과 2년 연속 우승을 확정한다.; 마지막 두 이닝의 아웃을 하나씩 소모해 2사까지 몰고 간 뒤, 상대가 윤주혁을 피한 선택을 절친의 우승 홈런으로 가장 큰 팀 관계 보상에 바꾼다."
"241","241화","RA-042","우승 공식 결산·휴가 이행","모리스의 결승포와 윤주혁의 투타 기록을 비교해 MVP를 공식화하고, 상금·백악관·휴가 대화로 긴 경기 압력을 의도적으로 풀어 여진을 길게 준다.","3","10","3","8","3","9","9","10","보상 범위=커리어·관계·물질. 2년 연속 WS MVP, 35만 달러 배당, 백악관 만찬과 동료들의 휴가 계획이 시즌을 닫는다.; 모리스의 결승포와 윤주혁의 투타 기록을 비교해 MVP를 공식화하고, 상금·백악관·휴가 대화로 긴 경기 압력을 의도적으로 풀어 여진을 길게 준다."
"242","242화","RA-042","무릎 수술·시즌 최고상 공식 지급","휴가 대화에서 검진과 WBC 불확실성으로 압력을 옮긴 뒤, 수술 성공 기사와 세 개의 수상 발표를 실제 성적·투표 점수와 함께 연속 지급한다. 마지막은 트로피를 안은 채 공식 발표 전까지 기뻐하지 않았던 윤주혁의 절제로 가라앉힌다.","5","10","4","9","6","7","9","10","보상 범위=시즌·커리어. 왼쪽 무릎 수술 성공과 개막전 복귀 전망 위에 지명타자 실버슬러거, 아시아 투수 최초 만장일치 사이영상, 2년 연속 아메리칸리그 MVP가 공식 기록으로 쌓인다.; 휴가 대화에서 검진과 WBC 불확실성으로 압력을 옮긴 뒤, 수술 성공 기사와 세 개의 수상 발표를 실제 성적·투표 점수와 함께 연속 지급한다. 마지막은 트로피를 안은 채 공식 발표 전까지 기뻐하지 않았던 윤주혁의 절제로 가라앉힌다."
"243","243화","RA-042","재활 결산·대표팀 역할 전환·귀국","수상 감격을 재활 강도로 바꾸고, 심상균 감독과의 통화에서 태극마크 욕심보다 장기 커리어를 선택한다. 공항 환대와 가족 재회로 긴장을 풀었다가 라온스포츠 사무실의 계약서와 뉴스 질문으로 다음 사회적 보상을 연다.","4","8","5","8","7","9","9","8","보상 범위=커리어 보호·가족·공적 지위. WBC 실전은 포기하지만 한 달 빠른 재활 종료와 대표팀 훈련 참여, 한국 귀국 뒤 부모·허들과의 재회를 얻는다.; 수상 감격을 재활 강도로 바꾸고, 심상균 감독과의 통화에서 태극마크 욕심보다 장기 커리어를 선택한다. 공항 환대와 가족 재회로 긴장을 풀었다가 라온스포츠 사무실의 계약서와 뉴스 질문으로 다음 사회적 보상을 연다."
"244","244화","RA-043","상업적 지위의 공익 전환","계약 액수와 섭외 목록을 빠르게 훑은 다음 선택의 기준을 돈에서 학생·보육원·재단으로 이동한다. 가족 식탁의 숙의로 속도를 늦추고, 다음 날 방송국 세트의 스탠바이 외침으로 실천 장면에 진입한다.","3","7","5","8","6","9","7","9","보상 범위=시장 지위·가족·장기 사회 환원. 높은 광고 단가를 확인하되 예능은 거르고 학생 강연을 택하며, 윤상현·임혜정이 맡을 복지재단 설립에도 합의한다.; 계약 액수와 섭외 목록을 빠르게 훑은 다음 선택의 기준을 돈에서 학생·보육원·재단으로 이동한다. 가족 식탁의 숙의로 속도를 늦추고, 다음 날 방송국 세트의 스탠바이 외침으로 실천 장면에 진입한다."
"245","245화","RA-043","강연 결산·사생활 루머 충돌","학생들의 반응과 제작진의 평가로 강연 보상을 충분히 준 뒤 아버지와 WBC 선택을 차분히 정리한다. 다음 날 황당한 기사와 부모의 충격으로 온도를 급히 올리고, 루머의 진원을 좁히다 걸려 온 전화에서 끊는다.","6","7","6","7","7","8","7","6","보상 범위=공적 관계·평판 방어. 실패와 노력을 말한 강연은 편집 없는 2회분으로 인정받지만, 연애에 응하지 않았다는 이유로 생긴 게이설에는 법적 대응을 지시한다.; 학생들의 반응과 제작진의 평가로 강연 보상을 충분히 준 뒤 아버지와 WBC 선택을 차분히 정리한다. 다음 날 황당한 기사와 부모의 충격으로 온도를 급히 올리고, 루머의 진원을 좁히다 걸려 온 전화에서 끊는다."
"246","246화","RA-044","한유라와 선수 경험 공유","선배들과의 가벼운 식사에서 발코니의 일대일 대화로 초점을 좁힌 뒤, 한유라가 메달 압박과 계산적인 접근에 마음을 닫아 온 과거를 길게 복원한다. 마지막에는 그녀가 윤주혁의 이름을 보고 뒤풀이 참석을 다시 생각한 시점까지만 밝힌다.","4","6","6","8","4","9","8","4","보상 범위=개인 관계·선수 성장. 윤주혁은 큰 무대에서 얼어붙는 한유라에게 자신의 마이너리그 실패와 재도전을 꺼내 실질적인 조언을 주고, 두 사람은 유명인끼리의 인사를 넘어선다.; 선배들과의 가벼운 식사에서 발코니의 일대일 대화로 초점을 좁힌 뒤, 한유라가 메달 압박과 계산적인 접근에 마음을 닫아 온 과거를 길게 복원한다. 마지막에는 그녀가 윤주혁의 이름을 보고 뒤풀이 참석을 다시 생각한 시점까지만 밝힌다."
"247","247화","RA-044","광고 재회·보육원 동행","한유라 시점의 호감 자각을 광고 촬영의 공적 거리로 잠시 누른 뒤, 두 사람의 미소가 베스트 컷이 되고 곧장 보육원 공동 방문으로 이어진다. 아이들과 노는 윤주혁을 관찰하는 조용한 장면 끝에 한유라의 심장 반응만 남긴다.","3","7","6","5","6","10","8","5","보상 범위=관계·공익 실천. 의류 광고에서 다시 만난 두 사람이 정훈과의 약속을 매개로 태종보육원에 함께 가고, 한유라는 윤주혁의 선행이 꾸밈없다는 것을 직접 확인한다.; 한유라 시점의 호감 자각을 광고 촬영의 공적 거리로 잠시 누른 뒤, 두 사람의 미소가 베스트 컷이 되고 곧장 보육원 공동 방문으로 이어진다. 아이들과 노는 윤주혁을 관찰하는 조용한 장면 끝에 한유라의 심장 반응만 남긴다."
"248","248화","RA-044","첫 연락망 성립·스토브리그 압력 진입","숨바꼭질과 손잡기의 가벼운 설렘을 연락처 교환까지 천천히 밀어 올린 다음, 통화를 끊지 못하는 두 사람의 여운을 가족 여행·재활·훈련을 곁들인 휴가로 확장한다. 끝에서는 탬파의 연봉조정 대상과 FA 명단을 늘어놓아 개인 관계에서 로스터 압력으로 축을 바꾼다.","4","7","5","7","5","10","8","5","보상 범위=관계·휴식. 아이들의 장난으로 손을 잡은 두 사람이 전화번호를 교환하고 다음 보육원 방문을 약속하며, 남은 휴가 동안 실제 연락을 이어 간다.; 숨바꼭질과 손잡기의 가벼운 설렘을 연락처 교환까지 천천히 밀어 올린 다음, 통화를 끊지 못하는 두 사람의 여운을 가족 여행·재활·훈련을 곁들인 휴가로 확장한다. 끝에서는 탬파의 연봉조정 대상과 FA 명단을 늘어놓아 개인 관계에서 로스터 압력으로 축을 바꾼다."
"249","249화","RA-045","탬파 해체·윤주혁 가치 협상","롱고리아 잔류와 B.J. 업튼 이탈, 쉴즈·웨이드 데이비스 트레이드로 우승 로스터가 해체되는 속도를 먼저 체감시킨다. 연봉조정의 숫자 싸움 뒤 마이크 리조의 네 선수 제안으로 선택지를 급격히 키우되, 프리드먼이 즉시 답하지 않는 곳에서 멈춘다.","7","4","8","9","6","5","7","8","보상 범위=시장 가치·소속 불안. 1,500만 달러를 요구한 윤주혁은 탬파의 1,000만 달러 주장과 맞서고, 워싱턴은 스트라스버그·렌던·브래들리·도밍게스를 묶은 4대1 제안으로 그의 교환 가치를 드러낸다.; 롱고리아 잔류와 B.J. 업튼 이탈, 쉴즈·웨이드 데이비스 트레이드로 우승 로스터가 해체되는 속도를 먼저 체감시킨다. 연봉조정의 숫자 싸움 뒤 마이크 리조의 네 선수 제안으로 선택지를 급격히 키우되, 프리드먼이 즉시 답하지 않는 곳에서 멈춘다."
"250","250화","RA-045","4대1 트레이드 확정·우승 의무 부여","연봉조정 결과 직후 4대1 트레이드 기사가 휴대전화 화면을 덮게 하고, 두 구단 팬의 환영·분노·인종차별·부상 우려를 길게 병치해 거래 가격의 무게를 체감시킨다. 마지막은 모든 반응이 요구하는 단 하나의 트로피에 초점을 모은다.","7","7","7","9","5","5","8","9","보상 범위=연봉·리그 지위·커리어 목표. 조정액은 탬파가 낸 1,000만 달러로 정해지지만, 윤주혁은 네 명과 맞바뀌어 워싱턴의 창단 첫 우승을 책임질 핵심 자산이 된다.; 연봉조정 결과 직후 4대1 트레이드 기사가 휴대전화 화면을 덮게 하고, 두 구단 팬의 환영·분노·인종차별·부상 우려를 길게 병치해 거래 가격의 무게를 체감시킨다. 마지막은 모든 반응이 요구하는 단 하나의 트로피에 초점을 모은다."
"251","251화","RA-045","대표팀 조력 결산·탬파 작별","새 팀 각오에서 WBC 캠프의 정보 공유와 불펜 피칭으로 넘어가 실전 불참의 아쉬움을 갚는다. 이후 탬파 구장·케빈 마이클스·프런트와의 인사를 사람별로 길게 배치하고, 워싱턴이 이미 준비한 비행기표로 다음 이동을 확정한다.","4","7","5","8","6","10","9","6","보상 범위=국가대표 관계·구단 관계·커리어 이동. 오키나와에서 빅리거 정보를 대표팀에 전하고 회복 상태를 확인한 뒤, 트로피카나 필드 직원들과 프리드먼에게 직접 작별한다.; 새 팀 각오에서 WBC 캠프의 정보 공유와 불펜 피칭으로 넘어가 실전 불참의 아쉬움을 갚는다. 이후 탬파 구장·케빈 마이클스·프런트와의 인사를 사람별로 길게 배치하고, 워싱턴이 이미 준비한 비행기표로 다음 이동을 확정한다."
"252","252화","RA-045","탬파 관계 이별·워싱턴 역할 협의","모리스와 레이첼의 약혼 이야기, 월드시리즈 재회 약속으로 탬파 관계를 다정하게 닫은 뒤 워싱턴 이동과 마이크 리조 면담으로 무대를 바꾼다. 수비 부담과 우승 요구를 구체화하고, 마지막은 풍족한 대우와 아직 없는 연장계약을 차분히 대조한다.","4","7","4","8","4","10","9","9","보상 범위=팀 관계·직무·생활 지원. 모리스와 서로 다른 팀의 정상에서 다시 만나기로 약속하고, 워싱턴에서는 1루와 3루를 가리지 않는 투타 겸업 및 최고 수준의 주거·의료·식사·항공 지원을 확정한다.; 모리스와 레이첼의 약혼 이야기, 월드시리즈 재회 약속으로 탬파 관계를 다정하게 닫은 뒤 워싱턴 이동과 마이크 리조 면담으로 무대를 바꾼다. 수비 부담과 우승 요구를 구체화하고, 마지막은 풍족한 대우와 아직 없는 연장계약을 차분히 대조한다."
"253","253화","RA-046","워싱턴 입단·수비 도전 제안","새집의 낯섦에서 입단 행사의 환호로 규모를 키우고, 스프링캠프에서는 선수 이름과 과거 인연을 하나씩 붙여 관계망을 만든다. 끝에서는 구단이 예정한 1루와 윤주혁이 원하는 3루가 처음 충돌한다.","3","7","6","7","5","9","7","8","보상 범위=구단 지위·새 팀 관계. 등번호 82번을 받고 대규모 환영을 거쳐 라모스·짐머맨·데스몬드·하퍼와 첫 인사를 나누며, 데이비 존슨에게 1루뿐 아니라 3루 훈련도 요청한다.; 새집의 낯섦에서 입단 행사의 환호로 규모를 키우고, 스프링캠프에서는 선수 이름과 과거 인연을 하나씩 붙여 관계망을 만든다. 끝에서는 구단이 예정한 1루와 윤주혁이 원하는 3루가 처음 충돌한다."
"254","254화","RA-046","1·3루 훈련 합의·시범경기 진입","개인 적성과 짐머맨의 기존 자리를 놓고 코치진과 훈련 비중을 조정한 뒤, 수비 동작의 빠른 적응을 보여 준다. 시범경기 라인업과 상대 선발을 차례로 소개하고 1회 초 수비만 확인한 채 워싱턴 첫 공격으로 넘긴다.","4","5","6","8","6","7","6","5","보상 범위=직무 선택·실전 준비. 팀 사정상 1루를 우선하되 3루 훈련도 병행하는 절충을 얻고, 첫 시범경기에 4번 1루수로 선발 출전한다.; 개인 적성과 짐머맨의 기존 자리를 놓고 코치진과 훈련 비중을 조정한 뒤, 수비 동작의 빠른 적응을 보여 준다. 시범경기 라인업과 상대 선발을 차례로 소개하고 1회 초 수비만 확인한 채 워싱턴 첫 공격으로 넘긴다."
"255","255화","RA-046","시범경기 타격 증명·3루 공백 해법","첫 타석 홈런을 포함한 데뷔전 성과를 짧게 폭발시킨 뒤, 재활 중인 투구 점검과 팀의 5연패로 보상의 크기를 조절한다. 짐머맨 4개월 이탈이라는 구조적 문제를 회의 장면으로 풀고, 수비 리포트 한 줄의 감탄으로 끝낸다.","5","8","5","8","8","7","7","8","보상 범위=시범경기·포지션 지위. 워싱턴 데뷔전 3안타 2홈런 4타점과 계속된 강타를 얻고, 짐머맨의 수술 공백에는 윤주혁을 3루로 옮기는 해법이 채택된다.; 첫 타석 홈런을 포함한 데뷔전 성과를 짧게 폭발시킨 뒤, 재활 중인 투구 점검과 팀의 5연패로 보상의 크기를 조절한다. 짐머맨 4개월 이탈이라는 구조적 문제를 회의 장면으로 풀고, 수비 리포트 한 줄의 감탄으로 끝낸다."
"256","256화","RA-046","친정팀 최종 점검·재활 종료 증명","3루 보직 수용과 골드글러브 욕심에서 출발해 마지막 시범경기 상대를 친정팀으로 좁힌다. 네 이닝의 무출루와 구속 수치를 개막 전 검사표처럼 지급한 다음, 경기 후 옛 동료들의 가벼운 조롱과 애정으로 압력을 푼다.","5","9","4","6","9","9","8","8","보상 범위=시범경기·개막 준비·옛 동료 관계. 탬파 타선을 4이닝 퍼펙트와 최고 100마일로 막아 수술 뒤 회복을 입증하고, 롱고리아·모리스와 농담을 주고받는다.; 3루 보직 수용과 골드글러브 욕심에서 출발해 마지막 시범경기 상대를 친정팀으로 좁힌다. 네 이닝의 무출루와 구속 수치를 개막 전 검사표처럼 지급한 다음, 경기 후 옛 동료들의 가벼운 조롱과 애정으로 압력을 푼다."
"257","257화","RA-047","친정 관계 봉합·워싱턴 개막전 입장","시범경기 뒤 세 친구의 농담과 재회 약속으로 이별의 감정을 정리한 다음, 마이애미 파이어세일과 스탠턴·하퍼의 ‘Not Nats’ 일화를 거쳐 개막 행사로 넓힌다. 마지막은 첫 공을 던지기 전 등번호 82번이 마운드에 오르는 장면이다.","5","6","6","7","4","10","8","7","보상 범위=옛 팀 관계·새 팀 선발 지위. 탬파 동료들과 정상 재회를 약속하고, 완전히 회복한 상태로 워싱턴의 마이애미 개막전 마운드에 오른다.; 시범경기 뒤 세 친구의 농담과 재회 약속으로 이별의 감정을 정리한 다음, 마이애미 파이어세일과 스탠턴·하퍼의 ‘Not Nats’ 일화를 거쳐 개막 행사로 넓힌다. 마지막은 첫 공을 던지기 전 등번호 82번이 마운드에 오르는 장면이다."
"258","258화","RA-047","개막전 완투 승리·타자 복귀 준비","새 포수 라모스와의 구종 운용, 스탠턴 장타 뒤의 수습을 실제 타석 단위로 쌓아 완투 기록으로 결산한다. 다음 날 팀의 6대2 승리를 짧게 넘긴 뒤, 완투 이틀 뒤에도 수비·타격 훈련이 정상인 몸을 하퍼의 시선으로 확인한다.","6","9","5","7","10","7","8","9","보상 범위=경기·새 구단 데뷔. 9이닝 3피안타 1볼넷 1실점 15탈삼진으로 첫 승을 직접 끝내고, 하루 휴식 뒤 3루수 선발 출전을 준비한다.; 새 포수 라모스와의 구종 운용, 스탠턴 장타 뒤의 수습을 실제 타석 단위로 쌓아 완투 기록으로 결산한다. 다음 날 팀의 6대2 승리를 짧게 넘긴 뒤, 완투 이틀 뒤에도 수비·타격 훈련이 정상인 몸을 하퍼의 시선으로 확인한다."
"259","259화","RA-047","호세 페르난데스 공략·개막 스윕","하퍼의 관찰과 페르난데스의 낯선 구위를 번갈아 보여 신인 투수의 위상을 먼저 세운다. 윤주혁도 첫 타석에서 밀린 뒤 6회 커브를 홈런으로 바꿔 접전을 뒤집고, 승리 뒤에는 스포트라이트를 상대 신인에게 돌려 여운을 남긴다.","8","8","4","7","9","7","8","8","보상 범위=한 타석·경기·시리즈. 데뷔전 10탈삼진을 쌓은 호세 페르난데스에게 역전 투런을 치고 5대2 승리와 마이애미 3연전 스윕을 만든다.; 하퍼의 관찰과 페르난데스의 낯선 구위를 번갈아 보여 신인 투수의 위상을 먼저 세운다. 윤주혁도 첫 타석에서 밀린 뒤 6회 커브를 홈런으로 바꿔 접전을 뒤집고, 승리 뒤에는 스포트라이트를 상대 신인에게 돌려 여운을 남긴다."
"260","260화","RA-047","내셔널리그 첫 완봉·호세 페레즈 등장","한 달 적응을 숫자로 압축한 뒤 한 경기의 탈삼진과 유일한 피안타를 길게 체감시켜 완봉을 지급한다. 이후 관심을 팀 부상과 낯선 체형의 페레즈로 돌리고, 음식 앞에서 망설이는 모습과 첫 타구의 힘 부족으로 새 인물의 비밀을 건다.","6","9","6","8","10","5","7","9","보상 범위=경기·리그 적응. 샌디에이고를 9이닝 1피안타 17탈삼진으로 막아 내셔널리그 첫 완봉을 얻고, 부상자가 많은 타선에는 기억 속 미래 홈런왕 호세 페레즈가 콜업된다.; 한 달 적응을 숫자로 압축한 뒤 한 경기의 탈삼진과 유일한 피안타를 길게 체감시켜 완봉을 지급한다. 이후 관심을 팀 부상과 낯선 체형의 페레즈로 돌리고, 음식 앞에서 망설이는 모습과 첫 타구의 힘 부족으로 새 인물의 비밀을 건다."
"261","261화","RA-047","젊은 중심 타선 결합·쿠어스필드 선취","계약의 불확실성과 페레즈의 생활 목표를 대화로 정리한 뒤, 윤주혁의 타율·홈런과 팀 득점 문제를 콜로라도 원정에 연결한다. 100마일과 89마일 투심을 섞는 투구를 차분히 쌓다가 하퍼의 타격음 한 번으로 경기 흐름을 바꾼다.","5","6","7","8","7","8","6","6","보상 범위=팀 전력·경기 선취. 페레즈가 아버지의 죽음 뒤 최고의 선수가 되려고 몸을 관리한다는 목표를 알게 되고, 쿠어스필드에서는 하퍼가 먼저 홈런으로 무득점 균형을 깬다.; 계약의 불확실성과 페레즈의 생활 목표를 대화로 정리한 뒤, 윤주혁의 타율·홈런과 팀 득점 문제를 콜로라도 원정에 연결한다. 100마일과 89마일 투심을 섞는 투구를 차분히 쌓다가 하퍼의 타격음 한 번으로 경기 흐름을 바꾼다."
"262","262화","RA-047","쿠어스필드 대승·페레즈 거포 점화","하퍼의 한 점에서 윤주혁 출루·도루와 페레즈 투런으로 첫 이닝을 크게 열고, 타자 친화 구장의 위험을 완봉으로 뒤집는다. 시간 압축으로 페레즈의 6홈런을 확인한 뒤 식사량·무릎·주루 훈련을 따라가며 힘의 이유를 기록 목표로 바꾼다.","5","9","6","8","10","9","8","9","보상 범위=경기·동료 성장. 하퍼 선제포 뒤 페레즈가 메이저리그 첫 홈런을 치고, 윤주혁은 12대0 완봉으로 시즌 두 번째 완봉을 올린다. 이어진 다섯 경기에서 중심 타선은 12홈런을 합작한다.; 하퍼의 한 점에서 윤주혁 출루·도루와 페레즈 투런으로 첫 이닝을 크게 열고, 타자 친화 구장의 위험을 완봉으로 뒤집는다. 시간 압축으로 페레즈의 6홈런을 확인한 뒤 식사량·무릎·주루 훈련을 따라가며 힘의 이유를 기록 목표로 바꾼다."
"263","263화","RA-048","동료 목표 수용·지구 선두전 진입","회귀 전 기억과 달라진 페레즈를 받아들이는 내적 전환 뒤 전반기 기록·부상자·트레이드 평가를 넓게 정리한다. 마지막에는 전문가 전망을 통해 모든 장기 변수를 애틀랜타 3연전 첫 경기로 압축한다.","5","5","6","9","4","9","7","6","보상 범위=동료 성장·시즌 경쟁. 윤주혁은 과거의 홈런왕 이미지 대신 지금의 페레즈가 세운 꿈을 존중하고, 부상자가 많은 워싱턴을 애틀랜타와 1경기 차 지구 선두 경쟁까지 끌고 간다.; 회귀 전 기억과 달라진 페레즈를 받아들이는 내적 전환 뒤 전반기 기록·부상자·트레이드 평가를 넓게 정리한다. 마지막에는 전문가 전망을 통해 모든 장기 변수를 애틀랜타 3연전 첫 경기로 압축한다."
"264","264화","RA-048","선두전 첫 타석 탐색","두 팀 전력과 불펜 차이를 실제 선수 이름으로 정리한 뒤, 0대0의 두 번째 타석을 공 하나씩 분해한다. 첫 잘 맞은 공이 수비에 잡힌 결과를 품고 다시 슬라이더를 강하게 파울로 만들지만 승부 결과는 지급하지 않는다.","7","3","8","9","6","4","6","4","보상 범위=정보·한 타석 진행. 마홀름의 컷패스트볼·투심·슬로 커브 운용과 애틀랜타 수비 위치를 첫 타석과 두 번째 타석에서 읽어 낸다.; 두 팀 전력과 불펜 차이를 실제 선수 이름으로 정리한 뒤, 0대0의 두 번째 타석을 공 하나씩 분해한다. 첫 잘 맞은 공이 수비에 잡힌 결과를 품고 다시 슬라이더를 강하게 파울로 만들지만 승부 결과는 지급하지 않는다."
"265","265화","RA-048","선제 홈런·불펜 동점 비용","전 회차에서 미룬 다섯 번째 공을 걷어낸 뒤 63마일 커브를 기다려 홈런으로 바꾸고, 한 점을 짐머맨이 일곱 이닝 동안 보존하게 한다. 8회 한 구로 균형을 되돌린 다음 소리아노의 무딘 변화구를 3루 시점에서 포착해 다음 위기를 건다.","8","7","8","6","9","6","8","7","보상 범위=한 타석·경기 리드. 윤주혁의 시즌 16호 솔로포와 조던 짐머맨의 7이닝 무실점으로 1대0을 만들지만, 클리파드가 헤이워드에게 동점포를 맞아 승리 지급은 유예된다.; 전 회차에서 미룬 다섯 번째 공을 걷어낸 뒤 63마일 커브를 기다려 홈런으로 바꾸고, 한 점을 짐머맨이 일곱 이닝 동안 보존하게 한다. 8회 한 구로 균형을 되돌린 다음 소리아노의 무딘 변화구를 3루 시점에서 포착해 다음 위기를 건다."
"266","266화","RA-048","1차전 역전패·2차전 마지막 추격","소리아노의 실투와 킴브럴의 삼자범퇴로 첫 경기의 한 점 리드를 완전히 회수한다. 다음 날 선발이 다섯 점을 내주는 추락을 반복한 뒤 두 중심 타자의 홈런으로 다시 한 점 차를 만들고, 9회 최강 마무리가 걸어 나오는 순간에 결말을 멈춘다.","9","6","9","5","9","7","9","6","보상 범위=개인·동료의 경기 추격. 1차전은 댄 어글라 결승포로 1대2 패배하지만, 2차전 0대5에서 윤주혁 3점포와 페레즈 솔로포가 4대5까지 좁힌다.; 소리아노의 실투와 킴브럴의 삼자범퇴로 첫 경기의 한 점 리드를 완전히 회수한다. 다음 날 선발이 다섯 점을 내주는 추락을 반복한 뒤 두 중심 타자의 홈런으로 다시 한 점 차를 만들고, 9회 최강 마무리가 걸어 나오는 순간에 결말을 멈춘다."
"267","267화","RA-048","3차전 무실점 압박·선취 연결","2연패와 킴브럴에게 막힌 타선의 기억을 윤주혁의 101마일·연속 삼진으로 밀어낸다. 0대0을 오래 유지한 뒤 하퍼의 풀카운트 밀어치기로 선취점을 주고, 바로 다음 윤주혁의 큰 타구를 공중에 띄운 채 결과를 유예한다.","8","7","9","5","10","8","8","7","보상 범위=경기 선취·팀 관계. 윤주혁이 5회까지 10탈삼진 무실점을 쌓고, 스판의 3루타를 하퍼가 적시 2루타로 불러들여 처음 한 점을 지원한다.; 2연패와 킴브럴에게 막힌 타선의 기억을 윤주혁의 101마일·연속 삼진으로 밀어낸다. 0대0을 오래 유지한 뒤 하퍼의 풀카운트 밀어치기로 선취점을 주고, 바로 다음 윤주혁의 큰 타구를 공중에 띄운 채 결과를 유예한다."
"268","268화","RA-048","전반기 결산·올스타 강제 휴식","애틀랜타전 이후 하퍼 부상과 순위 격차를 전반기 기록표에 나란히 놓아 팀 비용과 개인 보상을 분리한다. 무릎을 지키기 위해 올스타 경기를 포기한 뒤 홈런더비와 모리스·조브리스트·맷 무어 만남으로 완급을 낮추고, 마지막에 은퇴한 브라이언 무어를 등장시킨다.","6","8","5","10","4","9","7","9","보상 범위=전반기·개인 지위·회복. 타율 0.342, 29홈런, 88타점과 13승·185탈삼진으로 올스타 최다급 지지를 받지만 경미한 무릎 자극 때문에 출전은 쉬고 옛 탬파 동료들과 재회한다.; 애틀랜타전 이후 하퍼 부상과 순위 격차를 전반기 기록표에 나란히 놓아 팀 비용과 개인 보상을 분리한다. 무릎을 지키기 위해 올스타 경기를 포기한 뒤 홈런더비와 모리스·조브리스트·맷 무어 만남으로 완급을 낮추고, 마지막에 은퇴한 브라이언 무어를 등장시킨다."
"269","269화","RA-048","관계 휴식·후반기 전력 재계산","브라이언의 연애 농담과 한유라 메시지로 긴 시즌의 압력을 잠시 풀었다가, 올스타전 패배로 잃은 월드시리즈 홈 이점과 8월 순위표를 길게 제시한다. 짐머맨 복귀의 희소식에 하퍼 두 달 지연과 페레즈 자리 충돌을 붙여 결론을 회의로 넘긴다.","6","5","7","10","3","9","7","6","보상 범위=정서적 관계·회복·전력 복귀. 한유라와 꾸준히 연락한다는 사적 연결과 무릎 휴식을 얻고, 팀에는 라이언 짐머맨의 예상보다 빠른 복귀가 온다.; 브라이언의 연애 농담과 한유라 메시지로 긴 시즌의 압력을 잠시 풀었다가, 올스타전 패배로 잃은 월드시리즈 홈 이점과 8월 순위표를 길게 제시한다. 짐머맨 복귀의 희소식에 하퍼 두 달 지연과 페레즈 자리 충돌을 붙여 결론을 회의로 넘긴다."
"270","270화","RA-048","페레즈 좌익 전환·한국인 선배와 완급","신인왕 수치와 수비 적응을 통해 포지션 충돌을 실용적으로 풀고, 완전체에 가까워진 타선의 상승세를 짚는다. 이후 식사 자리에서 가장 노릇의 부담을 농담으로 낮추고 추신우·류현준까지 같은 리그에서 잘하는 현실을 관계 보상으로 확장한다.","5","6","4","9","5","9","7","7","보상 범위=팀 배치·동료 성장·정서. 짐머맨을 1루, 페레즈를 좌익으로 두어 두 타자를 모두 살리고, 윤주혁은 신시내티 원정에서 추신우와 순위·FA·한국 선수 성과를 편하게 나눈다.; 신인왕 수치와 수비 적응을 통해 포지션 충돌을 실용적으로 풀고, 완전체에 가까워진 타선의 상승세를 짚는다. 이후 식사 자리에서 가장 노릇의 부담을 농담으로 낮추고 추신우·류현준까지 같은 리그에서 잘하는 현실을 관계 보상으로 확장한다."
"271","271화","RA-048","막판 완전체 반격·포스트시즌 좌절","추신우와의 잔잔한 대화에서 한 달을 빠르게 흘려 모든 주전의 복귀와 상승세를 만든다. 애틀랜타에 7득점 승리와 5대0 승리를 지급한 뒤 스윕 실패·신시내티 승리·콜로라도 투수진 붕괴를 연달아 놓아 짧은 경기 보상이 긴 시즌 보상을 구하지 못한 낙차를 만든다.","8","6","3","7","9","8","9","5","보상 범위=경기 두 승·시즌 실패. 하퍼의 2연타석 홈런과 윤주혁의 애틀랜타전 8이닝 무실점 14탈삼진으로 마지막 희망을 살리지만, 콜로라도 2연패로 포스트시즌 진출은 무산된다.; 추신우와의 잔잔한 대화에서 한 달을 빠르게 흘려 모든 주전의 복귀와 상승세를 만든다. 애틀랜타에 7득점 승리와 5대0 승리를 지급한 뒤 스윕 실패·신시내티 승리·콜로라도 투수진 붕괴를 연달아 놓아 짧은 경기 보상이 긴 시즌 보상을 구하지 못한 낙차를 만든다."
"272","272화","RA-048","첫 가을야구 탈락 확정·관전자 전환","남은 승수 계산과 최종 순위표로 시즌 희망을 닫고, 곧바로 두 리그 와일드카드 단판의 다른 긴장을 길게 따라간다. 탬파의 연장 패배와 신시내티의 대패 뒤 디비전시리즈 결과를 압축해 우승 경쟁의 바깥으로 물러난 감각을 남긴다.","5","3","5","10","3","7","9","4","보상 범위=시즌 실패·장기 학습. 워싱턴은 애틀랜타에 7경기 뒤진 지구 2위로 윤주혁 커리어 첫 포스트시즌 탈락을 확정하고, 그는 탬파와 추신우의 단판 탈락까지 관전자 자리에서 본다.; 남은 승수 계산과 최종 순위표로 시즌 희망을 닫고, 곧바로 두 리그 와일드카드 단판의 다른 긴장을 길게 따라간다. 탬파의 연장 패배와 신시내티의 대패 뒤 디비전시리즈 결과를 압축해 우승 경쟁의 바깥으로 물러난 감각을 남긴다."
"273","273화","RA-049","2013 개인상 대결산·2014 체제 재편","다른 팀의 월드시리즈 결말로 팀 실패를 한 번 더 확인한 뒤 윤주혁의 투타 수치와 각 상을 차례로 지급해 개인 보상의 층위를 분명히 한다. 보육원·가족·하퍼와의 비시즌을 거쳐 선수단과 코칭스태프 개편으로 이동하고, 신임 감독에 대한 한 인터뷰가 팬 여론을 바꾸는 데서 닫는다.","3","10","5","10","3","8","9","10","보상 범위=시즌·커리어 역사. 타율 0.349·47홈런·139타점과 20승2패·평균자책점 1.65·316탈삼진으로 투타 트리플크라운을 동시에 달성하고, NL MVP·사이영상·3루 골드글러브·실버슬러거·행크 애런상을 받는다.; 다른 팀의 월드시리즈 결말로 팀 실패를 한 번 더 확인한 뒤 윤주혁의 투타 수치와 각 상을 차례로 지급해 개인 보상의 층위를 분명히 한다. 보육원·가족·하퍼와의 비시즌을 거쳐 선수단과 코칭스태프 개편으로 이동하고, 신임 감독에 대한 한 인터뷰가 팬 여론을 바꾸는 데서 닫는다."
"274","274화","RA-049","새 감독 건강 관리·개막전 복수 준비","신임 감독의 첫 훈련을 계약액·선수별 상태·부상 예방 원칙으로 구체화하고, 사무실 불이 꺼지지 않는 밤으로 책임을 체감시킨다. 개막 상대가 지난해 선두를 빼앗은 애틀랜타로 정해지자 락커룸의 복수심과 윤주혁의 불펜 피칭으로 실전 온도를 올린다.","5","6","7","8","6","9","7","8","보상 범위=계약·팀 준비. 윤주혁은 연봉조정 전에 2,400만 달러를 받고, 루크는 주전들의 건강과 차선책을 관리해 부상 없이 애틀랜타 개막전까지 데려간다.; 신임 감독의 첫 훈련을 계약액·선수별 상태·부상 예방 원칙으로 구체화하고, 사무실 불이 꺼지지 않는 밤으로 책임을 체감시킨다. 개막 상대가 지난해 선두를 빼앗은 애틀랜타로 정해지자 락커룸의 복수심과 윤주혁의 불펜 피칭으로 실전 온도를 올린다."
"275","275화","RA-049","개막전 투타 지배·퍼펙트 도전 진입","장기계약과 최고액 전망이라는 긴 커리어 압력을 개막 한 경기로 좁히고, 75마일 커브·83마일 파워커브·100마일 속구의 첫 타자 배합으로 실전을 연다. 5대0까지 벌어진 뒤에도 출루가 하나도 나오지 않자 타선 침묵의 반복 자체가 퍼펙트 긴장으로 바뀐다.","8","9","9","7","10","7","9","9","보상 범위=개막 경기·시장 가치. 윤주혁이 첫 타석 3점 홈런으로 리드를 만들고 7회까지 애틀랜타 타자 누구도 출루시키지 않아 평범한 첫 승을 역사 도전으로 격상한다.; 장기계약과 최고액 전망이라는 긴 커리어 압력을 개막 한 경기로 좁히고, 75마일 커브·83마일 파워커브·100마일 속구의 첫 타자 배합으로 실전을 연다. 5대0까지 벌어진 뒤에도 출루가 하나도 나오지 않자 타선 침묵의 반복 자체가 퍼펙트 긴장으로 바뀐다."
"276","276화","RA-049","퍼펙트 마지막 한 아웃 압축","홈팬의 체념과 워싱턴 팬의 노래를 교차시키며 남은 아웃을 하나씩 소모한다. 이미 19탈삼진이라는 기록 수치를 제시하되 최종 지급은 미루고, 통산 무안타 투수 마이클 재키가 마지막 타석에 서는 장면으로 극단적으로 좁힌다.","10","8","10","6","10","8","10","9","보상 범위=경기 기록 진행·구단 신뢰. 수비진과 라모스의 도움으로 8회와 9회 첫 두 타자까지 출루 없이 지워, 개막전 퍼펙트와 역대 퍼펙트 최다 탈삼진을 아웃 하나 앞에 둔다.; 홈팬의 체념과 워싱턴 팬의 노래를 교차시키며 남은 아웃을 하나씩 소모한다. 이미 19탈삼진이라는 기록 수치를 제시하되 최종 지급은 미루고, 통산 무안타 투수 마이클 재키가 마지막 타석에 서는 장면으로 극단적으로 좁힌다."
"277","277화","RA-049","개막전 퍼펙트 역사 결산·하퍼 공백 발생","마지막 타석을 공 하나씩 치러 역사상 첫 개막전 퍼펙트를 완성하고, 투타 기록·동료 축하·선물로 보상을 여러 층위에서 충분히 지급한다. 곧 4월 8할 승률과 지구 선두로 확장하지만 하퍼 손가락 수술로 계절 비용을 청구하고, 부진한 페레즈의 원인을 윤주혁이 알아챈 곳에서 멈춘다.","7","10","7","8","10","10","10","10","보상 범위=한 경기·메이저리그 역사·팀 관계. 9이닝 20탈삼진 퍼펙트와 4타수 2안타 1홈런 4타점으로 5대0을 만들고, 선수·코치 전원에게 약 5만 달러짜리 롤렉스를 선물한다.; 마지막 타석을 공 하나씩 치러 역사상 첫 개막전 퍼펙트를 완성하고, 투타 기록·동료 축하·선물로 보상을 여러 층위에서 충분히 지급한다. 곧 4월 8할 승률과 지구 선두로 확장하지만 하퍼 손가락 수술로 계절 비용을 청구하고, 부진한 페레즈의 원인을 윤주혁이 알아챈 곳에서 멈춘다."
"278","278화","RA-050","홈런 내기 처방·코리안 매치 개시","기술 지시가 아니라 둘의 성격을 아는 내기로 부담을 공격성으로 바꾸고, 페레즈의 네 홈런을 즉시 폭발시켜 처방의 효력을 보여 준다. 이어 5월 29일 다저스타디움의 한국·미국 반응과 류현준의 최근 구위를 쌓은 뒤 윤주혁의 100마일 초구로 경기 문을 연다.","6","8","7","7","8","10","8","7","보상 범위=동료 성장·공익·경기 준비. 유니세프 기부와 봉사를 건 홈런 내기로 페레즈의 승부욕을 깨워 한 경기 4홈런을 만들고, 다음 큰 무대에서는 류현준과 한국인 선발 맞대결을 연다.; 기술 지시가 아니라 둘의 성격을 아는 내기로 부담을 공격성으로 바꾸고, 페레즈의 네 홈런을 즉시 폭발시켜 처방의 효력을 보여 준다. 이어 5월 29일 다저스타디움의 한국·미국 반응과 류현준의 최근 구위를 쌓은 뒤 윤주혁의 100마일 초구로 경기 문을 연다."
"279","279화","RA-050","코리안 매치 투타 완봉 결산","두 한국인 선발의 무실점을 6회까지 대칭적으로 누적한 뒤 윤주혁이 자기 승리점을 직접 홈런으로 만든다. 페레즈의 후속포로 거리를 벌리고, 경기 뒤 8이닝 2실점의 류현준과 농담·축하를 나눠 경쟁을 존중으로 풀며 커쇼의 새 도전으로 넘긴다.","8","9","5","6","10","9","9","9","보상 범위=경기·국가적 맞대결. 윤주혁이 류현준에게 결승 솔로포를 치고 페레즈가 한 점을 보태며, 9이닝 4피안타 1볼넷 15탈삼진 무실점으로 2대0 완봉승을 거둔다.; 두 한국인 선발의 무실점을 6회까지 대칭적으로 누적한 뒤 윤주혁이 자기 승리점을 직접 홈런으로 만든다. 페레즈의 후속포로 거리를 벌리고, 경기 뒤 8이닝 2실점의 류현준과 농담·축하를 나눠 경쟁을 존중으로 풀며 커쇼의 새 도전으로 넘긴다."
"280","280화","RA-050","경쟁자 자선 연대·홈런 내기 중간 결산","커쇼와의 승부 기대보다 그가 지속한 자선 활동을 먼저 구체화해 경쟁 관계를 연대로 바꾼다. 다저스 시리즈와 6월을 압축한 뒤 홈런 내기 패자인 페레즈에게 더운 아프리카 봉사를 통보하는 익살로 쉬고, 투타 성적표를 통해 올스타 무대로 확장한다.","4","7","5","8","5","10","8","7","보상 범위=선수 관계·공익·팀 전반기. 커쇼의 아프리카 학교·고아원 활동에 동참하기로 하고, 페레즈와의 내기 패자는 기부에 더해 아프리카 봉사를 맡게 되며 워싱턴은 올스타 최다 배출 팀이 된다.; 커쇼와의 승부 기대보다 그가 지속한 자선 활동을 먼저 구체화해 경쟁 관계를 연대로 바꾼다. 다저스 시리즈와 6월을 압축한 뒤 홈런 내기 패자인 페레즈에게 더운 아프리카 봉사를 통보하는 익살로 쉬고, 투타 성적표를 통해 올스타 무대로 확장한다."
"281","281화","RA-050","올스타 최고 보상·완전체 경쟁 놀이","올스타 성적을 기사 숫자로 크게 지급한 뒤 후반기 베테랑들의 동반 부진으로 압력을 바꾼다. 윤주혁은 귀가와 월간 기부를 건 놀이로 짐머맨·페레즈·복귀한 하퍼를 끌어들이고, 하퍼의 첫 경기 2홈런과 네 사람의 락커룸 농담으로 팀 회복을 체감시킨다.","5","9","4","7","8","10","9","10","보상 범위=올스타 경기·월드시리즈 조건·팀 관계. 2홈런 3타점과 1.2이닝 4탈삼진으로 세 번째 올스타 MVP를 얻고, 내셔널리그에는 월드시리즈 홈 어드밴티지를 돌려준다.; 올스타 성적을 기사 숫자로 크게 지급한 뒤 후반기 베테랑들의 동반 부진으로 압력을 바꾼다. 윤주혁은 귀가와 월간 기부를 건 놀이로 짐머맨·페레즈·복귀한 하퍼를 끌어들이고, 하퍼의 첫 경기 2홈런과 네 사람의 락커룸 농담으로 팀 회복을 체감시킨다."
"282","282화","RA-050","23경기 차 지구 우승·양대 트리플크라운 결산","네 타자의 내기와 루크의 휴식 운용이 후반기 독주로 누적되는 과정을 빠르게 넘긴 뒤, 조기 우승의 샴페인과 최종 순위표를 길게 지급한다. 마지막은 여섯 부문 1위표를 그대로 제시해 짧은 경기 보상이 시즌 기록으로 굳는 감각을 만든다.","4","10","3","10","7","9","9","10","보상 범위=시즌·팀·커리어. 워싱턴은 2위와 23경기 차로 지구 우승하고, 윤주혁은 타율 0.352·47홈런·145타점과 23승·평균자책점 1.57·356탈삼진으로 2년 연속 투타 트리플크라운을 완성한다.; 네 타자의 내기와 루크의 휴식 운용이 후반기 독주로 누적되는 과정을 빠르게 넘긴 뒤, 조기 우승의 샴페인과 최종 순위표를 길게 지급한다. 마지막은 여섯 부문 1위표를 그대로 제시해 짧은 경기 보상이 시즌 기록으로 굳는 감각을 만든다."
"283","283화","RA-051","NLDS 홈 2연승·스윕 압박","짝수 해 샌프란시스코의 명성과 포스트시즌 대진을 충분히 소개한 뒤 1회부터 두 홈런으로 세 점을 준다. 윤주혁이 그 리드를 끝까지 지키는 동안 타선이 14점까지 쌓는 압도를 빠르게 결산하고, 다음 날 두 번째 승리를 기사 한 줄로 더해 상대의 퇴로를 닫는다.","5","9","5","7","10","9","9","9","보상 범위=경기·시리즈 선점. 워스와 하퍼의 초반 홈런, 윤주혁의 완봉 지배로 1차전을 14대0으로 이기고 2차전도 7대3으로 가져가 시리즈 두 승을 먼저 쌓는다.; 짝수 해 샌프란시스코의 명성과 포스트시즌 대진을 충분히 소개한 뒤 1회부터 두 홈런으로 세 점을 준다. 윤주혁이 그 리드를 끝까지 지키는 동안 타선이 14점까지 쌓는 압도를 빠르게 결산하고, 다음 날 두 번째 승리를 기사 한 줄로 더해 상대의 퇴로를 닫는다."
"284","284화","RA-051","NLDS 결산·커쇼와 고속 슬라이더 대결","첫 타구에서 샌프란시스코 시리즈를 즉시 닫고 다른 디비전시리즈 결과를 압축한 뒤 커쇼-윤주혁 투수전으로 새 Arc를 연다. 라모스가 제안한 슬라이더를 세 타자 연속 삼진으로 검증하고, 4회 첫 공에 시즌 주무기인 고속 투심까지 더한다.","7","8","7","8","9","9","8","8","보상 범위=시리즈·다음 경기 무기. 3연승으로 NLCS에 올라 휴식을 얻고, 커쇼와의 1차전에서는 95마일 슬라이더와 99마일 투심을 차례로 꺼내 다저스 스카우팅을 흔든다.; 첫 타구에서 샌프란시스코 시리즈를 즉시 닫고 다른 디비전시리즈 결과를 압축한 뒤 커쇼-윤주혁 투수전으로 새 Arc를 연다. 라모스가 제안한 슬라이더를 세 타자 연속 삼진으로 검증하고, 4회 첫 공에 시즌 주무기인 고속 투심까지 더한다."
"285","285화","RA-051","커쇼전 8회 두 점 전환","양 에이스의 완벽한 일곱 이닝을 반복해 한 번의 출루 가치를 높이고, 행운의 내야 출루를 윤주혁의 장타로 무사 2·3루까지 확대한다. 페레즈는 완벽한 커브를 잘 맞히지 못하고도 안타로 만들고 하퍼는 외야까지 보내, 화려함보다 팀 연결로 두 점을 지급한다.","9","8","8","5","10","9","9","8","보상 범위=한 타석·경기 리드. 불규칙 바운드로 나간 에스피노자 뒤 윤주혁이 2루타를 치고, 페레즈의 빗맞은 적시타와 하퍼의 희생플라이가 2대0을 만든다.; 양 에이스의 완벽한 일곱 이닝을 반복해 한 번의 출루 가치를 높이고, 행운의 내야 출루를 윤주혁의 장타로 무사 2·3루까지 확대한다. 페레즈는 완벽한 커브를 잘 맞히지 못하고도 안타로 만들고 하퍼는 외야까지 보내, 화려함보다 팀 연결로 두 점을 지급한다."
"286","286화","RA-051","1차전 완봉 결산·대체 3루수 시험","전 회차의 두 점을 한 문장으로 완봉승에 환전한 뒤, 윤주혁의 출전 욕심과 감독의 휴식 판단을 정면으로 부딪친다. 그레인키-조던 짐머맨 0대0을 관찰자 시점으로 낮춰 가다가 4회 2사 1·3루 불규칙 바운드를 신인의 송구로 끝내고 곧바로 그의 타석으로 넘긴다.","7","8","7","7","8","9","8","8","보상 범위=경기 승리·휴식·로스터 깊이. 커쇼에게 완봉승을 거두고, 체력 저하를 감지한 루크의 결정으로 2차전은 쉬면서 신인 필 데이비스의 좋은 3루 수비를 확인한다.; 전 회차의 두 점을 한 문장으로 완봉승에 환전한 뒤, 윤주혁의 출전 욕심과 감독의 휴식 판단을 정면으로 부딪친다. 그레인키-조던 짐머맨 0대0을 관찰자 시점으로 낮춰 가다가 4회 2사 1·3루 불규칙 바운드를 신인의 송구로 끝내고 곧바로 그의 타석으로 넘긴다."
"287","287화","RA-051","신인 기용 보상·NLCS 원정 진입","무명 신인의 첫 포스트시즌 타석을 안타와 독단적 도루로 크게 키우고, 워스의 땅볼·하퍼 안타·페레즈 홈런이 그 선택을 팀 득점으로 환전하게 한다. 경기 결산 뒤 감독이 준 자유와 두 리그 시리즈 상황을 정리하고 다저스타디움 3차전의 첫 환호로 넘긴다.","7","8","6","7","9","10","8","8","보상 범위=경기·시리즈·선수 성장. 데이비스의 2루타·3루 도루·득점이 그레인키를 흔들고 페레즈 투런으로 이어져 6대3 승리와 NLCS 2승 선점을 만든다.; 무명 신인의 첫 포스트시즌 타석을 안타와 독단적 도루로 크게 키우고, 워스의 땅볼·하퍼 안타·페레즈 홈런이 그 선택을 팀 득점으로 환전하게 한다. 경기 결산 뒤 감독이 준 자유와 두 리그 시리즈 상황을 정리하고 다저스타디움 3차전의 첫 환호로 넘긴다."
"288","288화","RA-051","NLCS 스윕·월드시리즈 대진 확정","2대2 투수전에서 류현준의 5이닝 2실점을 존중한 뒤 교체 직후 윤주혁의 한 방으로 균형을 깬다. 나머지 경기를 종합 하이라이트와 해설 대화로 압축해 선발진·타선·필 데이비스의 몫까지 지급하고, 캔자스시티와의 1차전 방송 예고로 닫는다.","7","10","4","9","9","9","9","10","보상 범위=경기·시리즈·리그 정상. 류현준 뒤 J.P. 하웰에게 윤주혁이 결승 솔로포를 치고, 워싱턴은 다저스를 4연승으로 꺾어 내셔널리그 챔피언과 월드시리즈 진출권을 얻는다.; 2대2 투수전에서 류현준의 5이닝 2실점을 존중한 뒤 교체 직후 윤주혁의 한 방으로 균형을 깬다. 나머지 경기를 종합 하이라이트와 해설 대화로 압축해 선발진·타선·필 데이비스의 몫까지 지급하고, 캔자스시티와의 1차전 방송 예고로 닫는다."
"289","289화","RA-051","월드시리즈 1차전 8이닝 지배·마무리 이양","부모와의 휴식, 캔자스시티 출루 야구와 세 불펜의 스카우팅을 거쳐 쉴즈와의 접전을 오래 유지한다. 에이스의 8이닝 보상 뒤 완봉 욕심보다 팀 승리를 택해 교체하고, 케인의 9회 타석을 공 세 개와 외야 뜬공으로 소모하며 남은 두 아웃의 불안을 보존한다.","8","8","8","8","10","8","8","8","보상 범위=월드시리즈 경기 진행. 윤주혁은 쉴즈와 0점대 불펜을 상대로 얻은 두 점을 8이닝 15탈삼진 무실점으로 지키고, 9회는 높은 투구 수 때문에 스토렌에게 맡긴다.; 부모와의 휴식, 캔자스시티 출루 야구와 세 불펜의 스카우팅을 거쳐 쉴즈와의 접전을 오래 유지한다. 에이스의 8이닝 보상 뒤 완봉 욕심보다 팀 승리를 택해 교체하고, 케인의 9회 타석을 공 세 개와 외야 뜬공으로 소모하며 남은 두 아웃의 불안을 보존한다."
"290","290화","RA-051","월드시리즈 1승1패·원정 3차전 선취","호스머·버틀러까지 막아 1차전 세이브를 지급한 즉시, 조던 짐머맨 4실점과 캔자스시티 불펜에 막힌 2차전 패배를 대조한다. 원정 3차전은 벤추라의 100마일과 판정 불만을 공 단위로 쌓고, 실투를 데스몬드가 점수로 바꾼 뒤 캔자스시티 타선의 침묵에서 멈춘다.","8","7","7","6","9","8","8","7","보상 범위=두 경기 결산·다음 경기 리드. 1차전은 스토렌이 2대0으로 닫지만 2차전은 4대7로 잃고, 코프먼스타디움 3차전에서는 윤주혁·하퍼의 홈런과 데스몬드 적시타로 벤추라를 내린다.; 호스머·버틀러까지 막아 1차전 세이브를 지급한 즉시, 조던 짐머맨 4실점과 캔자스시티 불펜에 막힌 2차전 패배를 대조한다. 원정 3차전은 벤추라의 100마일과 판정 불만을 공 단위로 쌓고, 실투를 데스몬드가 점수로 바꾼 뒤 캔자스시티 타선의 침묵에서 멈춘다."
"291","291화","RA-051","5차전 완봉·6차전 8회 정면승부","상대 불펜에 막힌 4차전 비용을 곧바로 윤주혁의 원정 완봉으로 되갚되 우승 자체는 미룬다. 하루 휴식 뒤 6차전 4대4를 8회까지 끌어와 옛 동료 웨이드 데이비스가 워스와 에스피노자를 지우게 하고, 주자 없는 윤주혁 타석으로 모든 책임을 압축한다.","9","9","9","6","10","9","9","9","보상 범위=월드시리즈 경기·우승 문턱. 윤주혁이 5차전을 9이닝 무실점으로 지배해 7대0 승리를 만들고, 워싱턴은 홈에서 한 번만 더 이기면 창단 첫 우승인 3승2패가 된다.; 상대 불펜에 막힌 4차전 비용을 곧바로 윤주혁의 원정 완봉으로 되갚되 우승 자체는 미룬다. 하루 휴식 뒤 6차전 4대4를 8회까지 끌어와 옛 동료 웨이드 데이비스가 워스와 에스피노자를 지우게 하고, 주자 없는 윤주혁 타석으로 모든 책임을 압축한다."
"292","292화","RA-051","우승 결승포·창단 첫 우승·시즌 전관왕","볼넷을 감수한 옛 동료의 승부를 풀카운트까지 늘려 결승 홈런 한 번에 압축하고, 9회 마지막 아웃과 루크의 헹가레·폭죽으로 우승을 완결한다. 카퍼레이드와 공식 상을 차례로 충분히 지급한 뒤, 백악관행 버스에서 팬들이 요구하는 장기계약 글을 읽고 라모스의 질문 직전에 멈춘다.","9","10","7","9","10","10","10","10","보상 범위=한 타석·월드시리즈·구단 역사·커리어. 풀카운트에서 95마일 컷패스트볼을 솔로포로 만들고 스토렌이 5대4를 지켜, 워싱턴 창단 첫 우승과 윤주혁의 세 번째 WS MVP를 확정한다. 이어 NL MVP·사이영상·골드글러브·실버슬러거·행크 애런상과 타격 7관왕이 지급된다.; 볼넷을 감수한 옛 동료의 승부를 풀카운트까지 늘려 결승 홈런 한 번에 압축하고, 9회 마지막 아웃과 루크의 헹가레·폭죽으로 우승을 완결한다. 카퍼레이드와 공식 상을 차례로 충분히 지급한 뒤, 백악관행 버스에서 팬들이 요구하는 장기계약 글을 읽고 라모스의 질문 직전에 멈춘다."
"293","293화","RA-052","계약 유예·공식 일정 종료·귀국 재회","계약의 침묵을 라모스·리조·팬 시선으로 확인하되 협상을 억지로 결론 내리지 않는다. 백악관 만찬과 커쇼의 잠비아 계획을 거쳐 페레즈와의 장거리 이동을 유쾌하게 풀고, 라온 빌딩 앞에서 동행을 잠시 갈라 한유라 한 사람에게 초점을 맞춘다.","4","8","7","8","4","10","8","7","보상 범위=공식 인정·우정·귀환. 오바마에게 워싱턴의 영웅이라는 인사를 받고 백악관 일정을 닫으며, 페레즈와 한국에 와 라온의 안내를 맡긴 뒤 한유라의 카페 메시지로 향한다.; 계약의 침묵을 라모스·리조·팬 시선으로 확인하되 협상을 억지로 결론 내리지 않는다. 백악관 만찬과 커쇼의 잠비아 계획을 거쳐 페레즈와의 장거리 이동을 유쾌하게 풀고, 라온 빌딩 앞에서 동행을 잠시 갈라 한유라 한 사람에게 초점을 맞춘다."
"294","294화","RA-052","연인 관계 확정·잠비아 동행 출발","장거리 연락의 여운을 카페 대화와 잠비아 제안으로 조심스럽게 풀고, 한유라의 ‘좋아하는 사람과 가는 길’이라는 답으로 고백을 완성한다. 둘만의 밤과 예방접종을 거쳐 출국 열애설로 공적 압력을 붙이되, 잠비아 공항의 커쇼 부부와 더위를 힘들어하는 페레즈로 새 생활 장면을 연다.","4","9","6","7","5","10","10","5","보상 범위=연애·정서적 회복·공익 동행. 한유라와 서로 좋아한다는 마음을 확인하고 비공개 연인이 되며, 페레즈와 함께 잠비아로 가 커쇼 부부에게 자연스럽게 여자친구로 소개한다.; 장거리 연락의 여운을 카페 대화와 잠비아 제안으로 조심스럽게 풀고, 한유라의 ‘좋아하는 사람과 가는 길’이라는 답으로 고백을 완성한다. 둘만의 밤과 예방접종을 거쳐 출국 열애설로 공적 압력을 붙이되, 잠비아 공항의 커쇼 부부와 더위를 힘들어하는 페레즈로 새 생활 장면을 연다."
"295","295화","RA-052","현지 공동생활·보테 후원 제안","보테가 백인을 경계하는 상처와 커쇼 부부의 지속적 돌봄을 먼저 보여 봉사를 사진 행사가 아닌 생활로 만든다. 네 어른이 직접 공을 던지고 받으며 일주일을 보내고, 작별 순간에 가장 불평하던 페레즈가 무릎을 꿇고 한 아이의 장기 진로를 묻는 반전으로 집중한다.","4","8","8","8","7","10","9","7","보상 범위=공익·아이 관계·동료 변화. 커쇼 부부가 돌보는 아이들과 야구하며 신뢰를 쌓고, 처음 더위를 싫어하던 페레즈가 보테의 재능을 보고 정식 야구 훈련을 전폭 지원하겠다고 제안한다.; 보테가 백인을 경계하는 상처와 커쇼 부부의 지속적 돌봄을 먼저 보여 봉사를 사진 행사가 아닌 생활로 만든다. 네 어른이 직접 공을 던지고 받으며 일주일을 보내고, 작별 순간에 가장 불평하던 페레즈가 무릎을 꿇고 한 아이의 장기 진로를 묻는 반전으로 집중한다."
"296","296화","RA-052","지속 후원 확정·연애 공개·가족 승인","한 아이를 돕겠다는 말에서 현지 시설과 투자로 지원 단위를 키우고, 귀국 기자회견의 공동 인정으로 비공개 관계를 공적 사실로 바꾼다. 부모 집에서는 음식 준비·연애 경험·‘안식처’ 대화를 길게 두어 승인 과정을 생활로 체감시키고, 입맞춤 뒤 조용한 귀가로 완전히 이완한다.","3","9","3","7","6","10","10","8","보상 범위=공익 구조·공개 연애·가족 관계. 스포츠·의료센터와 보테 후원 약속을 남기고, 귀국 공항에서 두 사람이 연인임을 인정하며 윤상현·임혜정에게 한유라를 소개해 따뜻한 승인을 받는다.; 한 아이를 돕겠다는 말에서 현지 시설과 투자로 지원 단위를 키우고, 귀국 기자회견의 공동 인정으로 비공개 관계를 공적 사실로 바꾼다. 부모 집에서는 음식 준비·연애 경험·‘안식처’ 대화를 길게 두어 승인 과정을 생활로 체감시키고, 입맞춤 뒤 조용한 귀가로 완전히 이완한다."
"297","297화","RA-053","텍사스 이적·3,500만 달러 역할 합의","밤길의 관계 여운 다음 아침에 구단주의 전화 한 통으로 소속을 뒤집고, 가족·한유라·놀란 라이언과의 통화로 변화의 파장을 넓힌다. 텍사스 도착 뒤 집·차·연봉과 투타 운용을 구체 합의하고, 이 거래를 밀어붙인 단장이 문을 여는 순간에 추가 내용을 미룬다.","6","8","6","9","5","8","8","10","보상 범위=소속·연봉·커리어 사명. 워싱턴의 계약 침묵은 텍사스 이적으로 끝나고, 윤주혁은 1차 협상에서 3,500만 달러와 최고 대우를 받으며 3루·필요시 지명타자 병행을 선택한다.; 밤길의 관계 여운 다음 아침에 구단주의 전화 한 통으로 소속을 뒤집고, 가족·한유라·놀란 라이언과의 통화로 변화의 파장을 넓힌다. 텍사스 도착 뒤 집·차·연봉과 투타 운용을 구체 합의하고, 이 거래를 밀어붙인 단장이 문을 여는 순간에 추가 내용을 미룬다."
"298","298화","RA-053","텍사스 캠프 적응·103마일 개막 초구","텍사스가 내준 유망주와 받아 온 전력을 실제 이름으로 정리하고, 신임 감독·동료·조기 훈련을 거쳐 시범경기 12위라는 불안을 남긴다. 개막 라인업 뒤 1회 득점 무산까지 눌러 두었다가 윤주혁이 시범경기에서 숨긴 103마일을 초구에 한 번에 공개한다.","6","7","9","9","8","9","8","8","보상 범위=팀 전력·공식 경기 시작. 디트와일러·가야르도 등 보강 전력과 추신우의 안내 속에 새 팀을 익히고, 오클랜드 개막전 초구를 개인 공식 최고 103마일로 정확히 꽂는다.; 텍사스가 내준 유망주와 받아 온 전력을 실제 이름으로 정리하고, 신임 감독·동료·조기 훈련을 거쳐 시범경기 12위라는 불안을 남긴다. 개막 라인업 뒤 1회 득점 무산까지 눌러 두었다가 윤주혁이 시범경기에서 숨긴 103마일을 초구에 한 번에 공개한다."
"299","299화","RA-053","개막 완봉·다르빗슈 공백과 신인 반등","개막 첫 타자를 세 구 삼진으로 끊고 필더의 3점포와 대량 득점을 더해 시범경기 불안을 완봉으로 지운다. 곧 다르빗슈 토미존 수술과 윤주혁의 첫 패배로 비용을 붙인 뒤, 다음 경기 완봉·4연타석 홈런과 21세 좌완의 제구라는 복수의 반등을 묶어 팀 전체 변화로 넓힌다.","6","9","5","9","10","8","8","9","보상 범위=경기·팀 초반 전력. 95마일 슬라이더와 103마일 속구를 앞세워 11대0 2피안타 완봉을 만들고, 다르빗슈 시즌 아웃 뒤에도 스튜어트의 두 경기 연속 8이닝 무실점과 팀 12연승을 얻는다.; 개막 첫 타자를 세 구 삼진으로 끊고 필더의 3점포와 대량 득점을 더해 시범경기 불안을 완봉으로 지운다. 곧 다르빗슈 토미존 수술과 윤주혁의 첫 패배로 비용을 붙인 뒤, 다음 경기 완봉·4연타석 홈런과 21세 좌완의 제구라는 복수의 반등을 묶어 팀 전체 변화로 넓힌다."
"300","300화","RA-053","초반 추격 차단·소니 그레이 공략","세 팀 순위와 투타 기록을 먼저 넓게 펼치고, 스튜어트의 장점·분석 위험을 과거 기억과 대조한다. 직접 맞대결 스윕으로 팀 추격을 끊은 뒤 오클랜드의 소니 그레이와 한 타석으로 좁혀, 유인용 커브를 무너진 자세로 폴대 안쪽에 넘기는 기술 보상을 준다.","7","8","7","10","9","7","7","9","보상 범위=두 달 개인 기록·팀 연승·한 타석. 윤주혁은 타율 0.377·19홈런·45타점, 8승1패·평균자책점 0.94·151탈삼진을 쌓고, 텍사스는 두 시리즈 연속 스윕으로 다시 6연승한다.; 세 팀 순위와 투타 기록을 먼저 넓게 펼치고, 스튜어트의 장점·분석 위험을 과거 기억과 대조한다. 직접 맞대결 스윕으로 팀 추격을 끊은 뒤 오클랜드의 소니 그레이와 한 타석으로 좁혀, 유인용 커브를 무너진 자세로 폴대 안쪽에 넘기는 기술 보상을 준다."
"301","301화","RA-053","7연승 결산·중간 전력 진단","전 회차의 한 홈런을 네 중심 타자의 1회 연쇄 득점과 신인 선발 호투로 확장해 한 경기 보상을 완성한다. 이후 방송 스튜디오의 타순·투수진 수치를 통해 선두의 원인을 검증하되, 윤주혁 밖 선발과 불펜의 약점을 숨기지 않고 한 달 뒤 데드라인 과제로 남긴다.","4","8","4","10","8","9","7","8","보상 범위=경기·팀 운용 평가. 스튜어트가 7이닝 1실점으로 리드를 지켜 10대2·7연승을 만들고, 데니스 킨의 타순 운용과 윤주혁 중심의 팀 반등이 방송에서 인정받는다.; 전 회차의 한 홈런을 네 중심 타자의 1회 연쇄 득점과 신인 선발 호투로 확장해 한 경기 보상을 완성한다. 이후 방송 스튜디오의 타순·투수진 수치를 통해 선두의 원인을 검증하되, 윤주혁 밖 선발과 불펜의 약점을 숨기지 않고 한 달 뒤 데드라인 과제로 남긴다."
"302","302화","RA-053","데드라인 보강·17경기 선두·한유라의 일주일","데드라인 영입 명단과 팀 격차를 먼저 제시해 전 회차의 불펜 보강 과제를 구체적으로 지급한다. 이어 윤주혁의 투타 누적 기록과 한유라의 방문을 길게 쉬어 가는 관계 장면으로 겹치고, 공항 이별 뒤 다시 야구장에 돌아와 프린스 필더와 홈런 내기를 거는 장면으로 남은 한 달의 경쟁을 작게 점화한다.","4","8","5","9","6","9","8","9","보상 범위=로스터·정규시즌 성취·연애 생활. 텍사스는 2위와 17경기 차를 만들고 윤주혁은 20승·300탈삼진, 타율 0.371·39홈런·115타점을 찍는다. 한유라와는 일주일을 함께 살며 선수 이후 감독·단장이라는 미래까지 나눈다.; 데드라인 영입 명단과 팀 격차를 먼저 제시해 전 회차의 불펜 보강 과제를 구체적으로 지급한다. 이어 윤주혁의 투타 누적 기록과 한유라의 방문을 길게 쉬어 가는 관계 장면으로 겹치고, 공항 이별 뒤 다시 야구장에 돌아와 프린스 필더와 홈런 내기를 거는 장면으로 남은 한 달의 경쟁을 작게 점화한다."
"303","303화","RA-054","양대 트리플크라운 결산·ALDS 1차전 완승·2차전 무사 만루","팀 순위와 개인 최종 기록을 한꺼번에 결산해 한 시즌의 가장 큰 보상을 먼저 지급한다. 1차전 대승 뒤에는 윤주혁을 쉬게 한 2차전으로 곧장 넘어가 스캇 카즈미어의 3이닝 호투를 쌓고, 드쉴즈의 번트 안타·추신우의 2루타·벨트레 고의사구로 단숨에 무사 만루까지 압축한다.","7","10","8","10","10","6","9","10","보상 범위=시즌·경기·포스트시즌 진입. 윤주혁은 타율 0.372·50홈런·149타점과 25승·평균자책점 1.19·358탈삼진으로 세 번째 리그의 투타 삼관왕을 동시에 차지하고, 휴스턴과의 ALDS 1차전도 16대0으로 끝낸다.; 팀 순위와 개인 최종 기록을 한꺼번에 결산해 한 시즌의 가장 큰 보상을 먼저 지급한다. 1차전 대승 뒤에는 윤주혁을 쉬게 한 2차전으로 곧장 넘어가 스캇 카즈미어의 3이닝 호투를 쌓고, 드쉴즈의 번트 안타·추신우의 2루타·벨트레 고의사구로 단숨에 무사 만루까지 압축한다."
"304","304화","RA-054","해밀턴 만루포·ALDS 스윕·ALCS 0대0 대치","필더의 사구에서 해밀턴의 만루포로 직선 가속해 감독의 비주전 기용을 보상하고, 두 경기 결과를 짧게 정리해 ALDS를 닫는다. 곧 지난해 월드시리즈 상대 캔자스시티의 적개심과 볼케스의 이례적인 제구를 쌓아, 이미 끝난 시리즈의 흥분을 7회 선두타자 승부의 팽팽함으로 바꾼다.","8","9","8","8","9","7","9","9","보상 범위=타석·디비전시리즈·다음 시리즈 전환. 해밀턴의 만루 홈런으로 2차전을 13대2로 이기고 3차전도 10대4로 잡아 휴스턴을 세 경기 만에 탈락시킨다. ALCS에서는 윤주혁과 에딘슨 볼케스가 6회까지 0대0으로 맞선다.; 필더의 사구에서 해밀턴의 만루포로 직선 가속해 감독의 비주전 기용을 보상하고, 두 경기 결과를 짧게 정리해 ALDS를 닫는다. 곧 지난해 월드시리즈 상대 캔자스시티의 적개심과 볼케스의 이례적인 제구를 쌓아, 이미 끝난 시리즈의 흥분을 7회 선두타자 승부의 팽팽함으로 바꾼다."
"305","305화","RA-054","조브리스트 선제포·해밀턴 동점포·추신우의 미확정 타구","옛 동료 조브리스트가 여러 공을 버틴 끝에 윤주혁에게 드문 실점을 안겨 에이스의 무패 감각을 흔든다. 볼케스와 강한 불펜 때문에 패색이 짙어진 순간 해밀턴의 대타 홈런으로 한 번에 균형을 복구하고, 드쉴즈의 2루타 뒤 매드슨이 추신우에게 받아 낸 약한 타구에서 결과를 끊는다.","9","8","8","8","10","8","9","7","보상 범위=한 타석·한 경기의 균형 회복. 조브리스트가 윤주혁에게 솔로 홈런을 쳐 캔자스시티가 먼저 앞서지만, 데니스 킨이 낸 대타 조쉬 해밀턴이 켈빈 에레라의 100마일 속구를 넘겨 1대1을 만든다.; 옛 동료 조브리스트가 여러 공을 버틴 끝에 윤주혁에게 드문 실점을 안겨 에이스의 무패 감각을 흔든다. 볼케스와 강한 불펜 때문에 패색이 짙어진 순간 해밀턴의 대타 홈런으로 한 번에 균형을 복구하고, 드쉴즈의 2루타 뒤 매드슨이 추신우에게 받아 낸 약한 타구에서 결과를 끊는다."
"306","306화","RA-054","나폴리 만루포·ALCS 스윕·NLCS 7차전 9회 추격","에스코바의 송구 실책과 윤주혁 고의사구로 전 회차의 약한 타구를 만루 기회로 뒤집고, 필더를 빼는 과감한 대타가 나폴리의 초구 만루포로 즉시 폭발한다. ALCS 네 경기와 텍사스의 환영은 빠르게 결산한 뒤, 워싱턴-메츠 7차전 9회에 시선을 옮겨 0대5가 4대5로 좁혀지는 연속 타격을 실시간으로 붙인다.","9","10","10","9","10","8","10","10","보상 범위=한 타석·리그 챔피언십·월드시리즈 대진. 데니스 킨이 필더 대신 낸 마이크 나폴리가 초구 만루 홈런을 치고, 텍사스는 캔자스시티를 4연승으로 꺾어 창단 두 번째 월드시리즈 진출을 확정한다.; 에스코바의 송구 실책과 윤주혁 고의사구로 전 회차의 약한 타구를 만루 기회로 뒤집고, 필더를 빼는 과감한 대타가 나폴리의 초구 만루포로 즉시 폭발한다. ALCS 네 경기와 텍사스의 환영은 빠르게 결산한 뒤, 워싱턴-메츠 7차전 9회에 시선을 옮겨 0대5가 4대5로 좁혀지는 연속 타격을 실시간으로 붙인다."
"307","307화","RA-054","워싱턴 9회 역전·옛 팀과 월드시리즈·1차전 무사 1·2루","5점 차 추격이 두 아웃 뒤 끝나는 듯한 순간 로빈슨의 풀카운트 홈런으로 대진을 뒤집는다. 워싱턴의 축제와 ‘윤주혁 더비’ 분석을 거쳐 1차전 선발표를 펼친 다음, 에스피노자의 초구 2루타와 구심의 좁은 우타자 바깥쪽 판정으로 윤주혁을 곧장 무사 1·2루에 세운다.","9","9","8","9","9","10","9","9","보상 범위=한 타석·리그 우승·옛 동료 재회. 로빈슨의 2점 역전포와 드류 스토렌의 마무리로 워싱턴이 2년 연속 월드시리즈에 오르고, 윤주혁은 하퍼·페레즈·짐머맨이 있는 전 소속팀을 최종 상대하게 된다.; 5점 차 추격이 두 아웃 뒤 끝나는 듯한 순간 로빈슨의 풀카운트 홈런으로 대진을 뒤집는다. 워싱턴의 축제와 ‘윤주혁 더비’ 분석을 거쳐 1차전 선발표를 펼친 다음, 에스피노자의 초구 2루타와 구심의 좁은 우타자 바깥쪽 판정으로 윤주혁을 곧장 무사 1·2루에 세운다."
"308","308화","RA-054","1차전 위기 탈출·홈 2연승·3차전 4대1 수비","구심 성향을 읽는 투구 조정으로 무사 위기를 세 타자 만에 닫고, 슈어저의 집요한 바깥쪽 승부는 열 번째 체인지업 홈런으로 결산한다. 두 홈 경기를 짧게 선점한 뒤 지명타자 없는 워싱턴 원정의 좌타자 여섯 명·윤주혁 3루 배치를 보여 주고, 5회 4대1에서 페레즈의 강한 타구를 몸을 날려 잡는 수비로 리드를 붙든다.","8","9","7","9","10","9","8","9","보상 범위=한 이닝·한 경기·월드시리즈 우위. 윤주혁은 하퍼·페레즈를 연속 삼진으로 잡고 짐머맨의 배트를 부러뜨려 무사 1·2루를 지운 뒤, 맥스 슈어저와 열 구를 겨뤄 홈런을 치며 1차전과 2차전을 모두 가져온다.; 구심 성향을 읽는 투구 조정으로 무사 위기를 세 타자 만에 닫고, 슈어저의 집요한 바깥쪽 승부는 열 번째 체인지업 홈런으로 결산한다. 두 홈 경기를 짧게 선점한 뒤 지명타자 없는 워싱턴 원정의 좌타자 여섯 명·윤주혁 3루 배치를 보여 주고, 5회 4대1에서 페레즈의 강한 타구를 몸을 날려 잡는 수비로 리드를 붙든다."
"309","309화","RA-054","스튜어트 6이닝 무실점·윤주혁 결승 3루타와 3이닝 마무리·텍사스 첫 우승","추신우의 조심스러운 기대와 신인 스튜어트의 떨림으로 4차전의 무게를 먼저 사람에게 싣는다. 스튜어트와 지오 곤잘레스의 투수전, 윤주혁의 결승 3루타, 선발 요원인 그가 7회부터 불펜으로 나서는 선택을 차례로 높이고, 9회 하퍼의 담장 앞 타구와 페레즈의 뜬공을 거쳐 짐머맨의 마지막 삼진까지 매 아웃을 늦춰 구단 숙원을 지급한다.","10","10","4","8","10","10","10","10","보상 범위=한 타석·한 경기·구단 역사·커리어. 스튜어트가 6이닝 무실점으로 버티고 윤주혁이 유일한 타점인 3루타를 친 뒤 7회부터 세 이닝을 직접 막아, 텍사스에 창단 첫 월드시리즈 우승을 안기고 자신의 네 번째 반지를 확정한다.; 추신우의 조심스러운 기대와 신인 스튜어트의 떨림으로 4차전의 무게를 먼저 사람에게 싣는다. 스튜어트와 지오 곤잘레스의 투수전, 윤주혁의 결승 3루타, 선발 요원인 그가 7회부터 불펜으로 나서는 선택을 차례로 높이고, 9회 하퍼의 담장 앞 타구와 페레즈의 뜬공을 거쳐 짐머맨의 마지막 삼진까지 매 아웃을 늦춰 구단 숙원을 지급한다."
"310","310화","RA-055","결혼·10년 5억2천만 달러·컵스 108년 우승·전설을 향한 완결","텍사스 우승의 팬 반응과 윤주혁의 6년 회고로 앞선 커리어를 먼저 닫고, 서랍 속 반지에서 결혼과 FA 협상으로 건너가 관계·금전 보상을 연속 지급한다. 컵스의 정규시즌 독주와 포스트시즌 7연승은 압축하지만 월드시리즈의 1·3·6차전 패배를 남겨 저주 해제의 비용을 만든 뒤, 7차전 9회 4대3에서 윤주혁이 자청한 마무리 두 타자를 투구마다 따라가며 최종 보상을 현장으로 되돌린다.","8","10","4","9","10","10","10","10","보상 범위=관계·계약·시즌·구단 역사·생애 목표. 윤주혁은 한유라와 결혼하고 시카고 컵스와 역대 최고인 10년 5억2천만 달러에 계약한 뒤, 2016년 월드시리즈 7차전의 마지막 두 아웃을 잡아 컵스의 108년 한을 푼다.; 텍사스 우승의 팬 반응과 윤주혁의 6년 회고로 앞선 커리어를 먼저 닫고, 서랍 속 반지에서 결혼과 FA 협상으로 건너가 관계·금전 보상을 연속 지급한다. 컵스의 정규시즌 독주와 포스트시즌 7연승은 압축하지만 월드시리즈의 1·3·6차전 패배를 남겨 저주 해제의 비용을 만든 뒤, 7차전 9회 4대3에서 윤주혁이 자청한 마무리 두 타자를 투구마다 따라가며 최종 보상을 현장으로 되돌린다."
