sequence,visible_label,title,start_line,end_line,entry_state,reader_promise,protagonist_goal,action,resistance_or_cost,turn_or_reveal,paid_reward,state_change_axis,state_change,ending_hook,closed_loops,opened_loops,arc_id,confidence
"1","1화","리턴 에이스 1화","1","186","명예의 전당 헌액 축하 연회장에서 80.75% 득표로 입성한 윤주혁이 지인들의 축하를 받다가 투수로 뛰지 못한 생을 회고한다.","완성된 타자의 경험을 가진 주혁이 건강한 젊은 몸으로 투수의 꿈을 다시 시험한다.","혹사와 어깨 수술로 잃었던 투수 커리어를 이번 생에서는 지켜낸다.","눈을 감았다 뜬 뒤 2009년 8월 16일, 탬파베이 레이스 계약 시점으로 돌아왔음을 확인한다.","미래의 경기 결과는 사라졌고, 같은 선택을 하면 어깨가 다시 망가질 수 있다.","죽었던 은사 문창진과 28년 젊어진 자신을 보며 회귀가 현실임을 받아들인다.","이미 이룬 타자 명예의 전당 경력과 새로운 투수 인생의 두 번째 기회를 동시에 얻는다.","팀·보직·커리어","은퇴한 전설적 타자에서 메이저리그 계약을 막 마친 고교 투수 유망주로 되돌아간다.","입단식을 빠져나온 주혁이 식었던 열정 속에서도 지금 던지면 160km가 나오겠다는 생각에 다시 설렌다.","타자로 명예의 전당에 갈 수 있는가라는 전생의 문제는 헌액식으로 닫힌다.","젊어진 어깨의 실제 상태, 포심을 다시 던질 선택, 과거와 다른 투수 생애가 열린다.","RA-001","high"
"2","2화","리턴 에이스 2화","187","414","주혁은 회귀 전 어깨 통증을 무시하다 수술과 구속 저하를 겪었던 과정을 되짚는다.","과거의 몸을 그대로 반복하지 않고 데이터처럼 점검하며 진로를 다시 설계한다.","통증 없는 어깨를 확인하고 봉황대기 혹사를 피한다.","30구 넘게 전력 투구한 뒤 문창진에게 어깨가 아프다고 거짓말해 등판을 거부한다.","문창진과 코치진의 불신을 사고, 팀의 우승 가능성과 고교 마지막 무대를 포기한다.","미래 경기 결과는 기억나지 않지만 사람과 기술의 기억은 남았음을 파악한다.","어깨가 건강하다는 확증과 스스로 투구량을 통제할 첫 권리를 얻는다.","신체·가용성·관계","감독 지시에 따르던 에이스에서 자기 몸을 우선하는 선수로 태도가 바뀐다.","문창진은 주혁의 확고한 결장을 받아들이면서도 입단 뒤 나태해졌다고 오해한다.","회귀한 몸도 이미 망가졌는가라는 공포는 전력 투구 뒤 무통으로 닫힌다.","봉황대기에서 투수 없이 무엇을 할지, 문창진의 오해, 어깨 보존 선택의 팀 성적 대가가 열린다.","RA-001","high"
"3","3화","리턴 에이스 3화","415","569","문창진이 봉황대기 운영을 걱정하는 사이 주혁은 제자의 통증보다 감독 커리어를 앞세우는 그를 냉정하게 평가하며 방을 나선다.","투수를 쉬어도 명예의 전당급 타격 경험은 즉시 경기 보상으로 환전된다.","어깨를 지키면서도 자신이 단순한 투수 유망주가 아님을 증명한다.","첫 타석 홈런을 시작으로 21타석 17타수 14안타 5홈런 15타점의 타격을 남긴다.","주혁이 던지지 않은 대림고는 8강에서 탈락하고 진선고가 우승한다.","개인 타격상은 휩쓸지만 팀 우승을 포기한 선택의 대가가 분명해진다.","압도적 타격 성적과 앤드류 프리드먼의 관심을 얻으며 투타 가능성을 예고한다.","신체·가용성·능력·기량·지위·명예","어깨 문제로 빠진 투수에서 전국대회 최고 타자로 평가 축이 넓어진다.","프리드먼 측 자료가 주혁의 포심을 메이저리그 정상급 수치와 나란히 놓는다.","봉황대기에서 어깨를 지키고도 가치를 보일 수 있는가는 개인 타격상 석권으로 닫힌다.","부상 위험과 제구 약점을 프런트가 어떻게 다룰지, 즉시전력 판단이 실제 배치로 이어질지가 열린다.","RA-001","high"
"4","4화","리턴 에이스 4화","570","708","전 화의 스카우팅 수치를 이어 받아 프리드먼이 주혁의 포심 재능과 부상·제구 위험을 함께 따진다.","곧바로 미국으로 가기보다 강한 타자를 상대로 단기 실적을 쌓아 메이저리그 경로를 당긴다.","불펜에서 시작해 선발로 올라갈 수 있는 투구 안정성과 보조 구종의 필요를 확인한다.","월 2천만 원 조건으로 베네수엘라 윈터리그 레오네스 델 카라카스에 합류한다.","낯선 리그와 AAA·메이저리그급 타자들 앞에서 프로 경험 전무가 드러날 수 있다.","단순 훈련이 아니라 즉시 성과가 요구되는 겨울리그 실전으로 들어간다.","상위 타자들을 상대로 몸과 구위를 검증할 무대, 빠른 미국 진입의 발판을 얻는다.","팀·보직·커리어","고교 유망주에서 돈을 받고 결과를 책임지는 프로 불펜 자원으로 이동한다.","베네수엘라에 도착한 주혁이 과거의 뜨거운 야구 열기를 떠올리며 웃는다.","입단 뒤 겨울을 어디서 보낼지는 레오네스 델 카라카스 합류로 닫힌다.","AAA급 타자 상대 제구, 변화구 없이 버틸 방법, 첫 프로 등판이 열린다.","RA-002","high"
"5","5화","리턴 에이스 5화","709","887","베네수엘라에 익숙한 주혁이 현지인과 자연스럽게 영어로 대화하며 카라카스 생활에 들어간다.","절대 구속만이 아니라 같은 패스트볼 안의 완급으로 타자를 지배한다.","첫 등판의 중심 타자 펠릭스 산체스를 실점 없이 막는다.","151→154→161km로 구속을 단계적으로 올려 세 공 모두 패스트볼로 삼진을 잡는다.","첫 프로 타자와 팽팽한 동점 상황이라 한 번의 실수가 곧 패전 흐름이 된다.","산체스가 같은 구종의 속도 차에 타이밍을 빼앗기며 주혁의 핵심 무기가 공개된다.","삼구 삼진과 카라카스 타선의 6대4 리드로 첫 등판의 주도권을 얻는다.","목표·상황","미지의 한국 유망주에서 100마일과 완급을 함께 쓰는 위협적 투수로 인식된다.","주혁의 첫 등판 중 카라카스가 6대4로 역전하지만 그가 리드를 지킬 이닝은 남아 있다.","포심 완급이 프로 타자에게 통하는가는 산체스 삼구 삼진으로 닫힌다.","첫 등판 최종 기록과 승리, 연속 이닝에서 같은 전략이 유지될지가 열린다.","RA-002","high"
"6","6화","리턴 에이스 6화","888","1049","7회 퍼펙트 피칭 뒤 6대4 리드를 받은 주혁이 8회 말에도 마운드에 올라 첫 승 요건을 지키려 한다.","프로 첫 승과 전생에 잃은 필립 모리스와의 우정을 되찾는 보상 뒤, 다음 경기의 11대0 붕괴를 새 압력으로 건다.","윤주혁은 6대4 리드를 두 이닝 지켜 첫 프로 승리를 얻고 필립 모리스와 다시 가까워진다.","8·9회를 무실점으로 막아 승리투수가 되고 필립 모리스와 대화하며 전생의 비극을 이번에는 막겠다고 다짐한다. 다음 경기에서 카라카스는 3회 만에 0대11로 뒤진다.","첫 등판의 승리 요건을 지켜야 하고, 필립과의 관계에는 전생에 친구를 잃은 기억이 겹친다. 다음 경기는 선수단 전체가 의지를 잃을 만큼 벌어진다.","윤주혁의 첫 등판은 2이닝 무실점 첫 승으로 끝나고 관계 보상까지 오지만, 새 경기의 11점 열세가 그 여운을 끊는다.","프로 첫 승과 동료 존중, 필립 모리스와 다시 시작할 우정을 얻는다. 11대0 경기의 구원 등판·무실점 약속은 아직 나오지 않는다.","팀·보직·커리어·경기·기록·관계","유급 불펜 신인은 첫 승을 기록하고 필립과의 관계를 복원하지만, 다음 경기에서 긴 이닝을 맡을지는 미정이다.","카라카스가 3회 만에 11대0으로 밀리고, 무너진 팀을 살릴 에이스의 등장이 유일한 변수로 제시된다.","프로 첫 등판의 승패는 주혁의 2이닝 무실점 첫 승으로 닫힌다.","11점 차 대패 흐름을 누가 멈출지, 필립과 두 번째 우정을 실제로 지킬지가 열린다.","RA-002","high"
"7","7화","리턴 에이스 7화","1050","1231","11대0으로 무너진 카라카스에는 경기를 포기하지 않는 신인 에이스의 패기가 필요하다는 팀 상황 설명으로 시작한다.","한 투수의 집중력이 이미 진 경기에서도 팀의 다음 공격을 깨울 수 있다.","술리아 강타선을 상대로 추가 실점 없이 흐름을 멈춘다.","거포 호세 멘데스를 높은 라이징 패스트볼로 삼진 처리하고 연속 이닝을 막는다.","긴 이닝과 큰 점수 차, 지친 수비진 때문에 호투가 승리로 이어질 보장은 없다.","주혁의 무실점이 계속되자 포기했던 동료들의 타석 집중력이 되살아난다.","결과와 별개로 팀 사기를 돌려세우는 투수라는 신뢰를 얻는다.","목표·상황","개인 구위 증명 단계에서 팀의 정신적 기폭제 역할로 확장된다.","6회 초를 끝낸 주혁이 살아난 벤치를 보며 과거 자신이 연타석 홈런으로 대역전을 만든 경기를 떠올린다.","11점 차에서 추가 실점 흐름을 끊을 수 있는가는 주혁의 연속 무실점으로 닫힌다.","되살아난 팀 사기가 실제 추격 득점으로 이어질지, 과거의 역전 기억을 재현할지가 열린다.","RA-002","high"
"8","8화","리턴 에이스 8화","1232","1362","주혁은 과거 10점 차를 뒤집었던 경기의 세부는 지워졌지만 지금 호투 뒤 타선이 살아날 조건은 왔다고 판단한다.","마운드의 장기 보상이 동료의 단기 득점 보상과 맞물려 불가능한 경기를 다시 연다.","6이닝째까지 술리아를 막고 팀에 마지막 역전 기회를 남긴다.","70구로 6이닝 무실점, 7탈삼진 1볼넷을 기록해 추가 실점을 차단한다.","투구를 끝낸 뒤에도 2점이 부족하고 상대 마무리 호르헤 페르난데스가 104마일을 던진다.","카라카스 벤치에 쓸 타자가 없어 투수 주혁이 대타 후보가 된다.","패전 처리 등판을 리그가 주목할 압도적 롱릴리프 쇼로 바꾼다.","경기·기록","마운드만 책임지는 투수에서 타석까지 경기의 마지막 수가 될 수 있는 선수로 이동한다.","주혁은 페르난데스를 공략할 자신은 있지만 자신에게 대타 기회가 올 가능성은 거의 없다고 본다.","세 이닝 이상 무실점 약속은 여섯 이닝 무실점으로 초과 달성한다.","11대9의 마지막 공격, 남은 야수 자원, 주혁에게 타석이 돌아올지가 열린다.","RA-002","high"
"9","9화","리턴 에이스 9화","1363","1527","야수 대타 자원을 소진한 카라카스에서 주혁은 남은 선택지가 투수뿐임을 계산하며 페르난데스를 바라본다.","야수 대타를 소진한 카라카스가 6이닝을 던진 윤주혁을 지명타자로 세우는 파격의 결과를 다음 화에 건다.","아바드는 11대9로 뒤진 마지막 공격에서 출루 가능성이 있는 타자를 고르고, 윤주혁은 뜻밖의 타격 기회를 맞는다.","아바드는 남은 투수들과 윤주혁의 고교 타격 영상·좌우 상성을 검토한 뒤 그를 지명타자 타석에 세운다.","윤주혁은 이미 6이닝을 던졌고 상대는 강속구 마무리 호르헤 페르난데스이며, 벤치에는 검증된 야수 대타가 남지 않았다.","감독의 알 수 없는 확신으로 신인 투수가 마지막 지명타자 타석을 받는다. 공과 타격 결과는 아직 나오지 않는다.","윤주혁은 11대9 추격 상황의 마지막 타격 기회와 감독의 신뢰를 얻지만 홈런·득점 보상은 유예된다.","관계","롱릴리프 신인이 비상 대타 후보까지 역할을 넓히지만 투타 겸업 가능성은 아직 실전 타구로 증명되지 않았다.","아바드가 6이닝을 던진 신인 주혁을 페르난데스 상대 지명타자로 세운다.","남은 대타가 없는 상황에서 누가 타석에 설지는 주혁의 기용으로 닫힌다.","104마일 마무리 상대 타격 결과와 11대9 경기의 결말이 열린다.","RA-002","high"
"10","10화","리턴 에이스 10화","1528","1682","아바드는 타석으로 걸어가는 신인 주혁에게서 뭔가 해낼 듯한 여유와 아우라를 느낀다.","한 번의 영웅적 장면보다 실패 뒤 평정심이 장기 커리어를 결정한다.","대타 홈런이 우연이 아님을 확인하고 첫 난조에서도 자기 투구를 회복한다.","전성기 타격의 약 80%가 남았다고 판단하고, 뒤이은 경기에서 2점 홈런과 2루타를 맞은 뒤 다음 타자를 차분히 처리한다.","회귀로 달라진 몸과 기억의 규칙이 불명확하고 첫 실점이 현지 평가를 흔들 수 있다.","피홈런 뒤에도 감정이 아니라 다음 타자에 집중하는 베테랑의 멘탈이 작동한다.","투타 능력이 일회성이 아니라는 자기 확신과 위기 복구 능력을 얻는다.","목표·상황","완벽한 등장만 보여준 투수에서 맞고도 무너지지 않는 실전형 투수로 검증된다.","연속 장타를 맞은 주혁이 실책과 실패를 붙들면 다음 플레이의 집중까지 무너진다고 되새긴다.","페르난데스를 상대로 타격이 통하는가는 102마일 홈런으로 닫히지만 대역전은 11대10 패배로 끝난다.","피홈런 뒤 다음 타자를 실제로 막을지, 장타를 허용한 높이 문제와 시즌 적응이 열린다.","RA-002","high"
"11","11화","리턴 에이스 11화","1683","1812","전 화의 멘탈 성찰을 이어 받아 실패를 오래 품으면 수비와 타격까지 슬럼프가 번진다는 교훈을 정리한다.","화려한 장면은 구체 기록과 약점 진단으로 장기 성장의 재료가 된다.","미국으로 가기 전 자신의 구위·제구·상대별 취약점을 확정한다.","29경기 ERA 1.67, 48.1이닝 44탈삼진 10볼넷, WHIP 0.89를 남기고 분석한다.","몸쪽 승부와 좌타자 상대가 미흡하고 필립 모리스 및 팀과 헤어져야 한다.","성공적인 현지 마무리와 함께 탬파베이가 주혁을 AA 몽고메리 훈련으로 보낸다.","프로에서 통하는 성적, 속도 조절의 확신, 구체적인 다음 보완 과제를 얻는다.","목표·상황","겨울리그 시험생에서 탬파베이 조직이 본격 육성할 상위 레벨 자원으로 이동한다.","플로리다 땅을 밟아 새 투구 원칙을 세운 주혁 앞에 젊어진 부모가 나타난다.","베네수엘라 실전 검증은 48.1이닝 1점대 ERA라는 시즌 기록으로 닫힌다.","부모와 다시 만난 관계, 미국에서 변화구를 보완해 25인 로스터에 버틸 길이 열린다.","RA-002","high"
"12","12화","리턴 에이스 12화","1813","1991","주혁은 노쇠하기 전의 밝은 부모와 고급 레스토랑에서 식사하며 그들의 낯선 미국 적응을 돕는다.","야구 성공만이 아니라 과거에 놓친 가족 관계도 회귀의 장기 보상이 된다.","부모에게 안심을 주고 AA 몽고메리에서 새 훈련을 시작한다.","과거의 정서적 거리를 반성하고 더 넓은 삶을 약속한 뒤 몽고메리 비스킷스에 합류한다.","가족에게 회귀 사실을 말할 수 없고 곧 다시 긴 이별을 해야 한다.","가족 식탁의 화해에서 미국 구단 시설의 경쟁 환경으로 무대가 바뀐다.","부모와의 첫 관계 회복, AA 훈련 기회, 안정된 심리적 기반을 얻는다.","신체·가용성·능력·기량·관계","홀로 성공을 좇던 과거의 선수에서 가족을 의식하는 신인으로 달라진다.","부모를 배웅한 주혁이 더블A 몽고메리 훈련장에 들어선다.","회귀 뒤 부모와 다시 정을 나눌 수 있는가는 식사·포옹·대화로 닫힌다.","몽고메리에서 만날 지도자, 부족한 변화구, 가족과 다시 벌어지는 물리적 거리가 열린다.","RA-003","high"
"13","13화","리턴 에이스 13화","1992","2170","몽고메리 훈련장에서 주혁은 전생의 은인인 투수코치 필 브랫과 처음 만나는 척 악수한다.","과거의 은인이 이번에는 망가진 뒤가 아니라 망가지기 전에 주혁의 투구를 바꾼다.","약한 슬라이더·커브를 대신해 건강과 선발 생존에 유리한 결정구를 만든다.","필의 지도 아래 팔 부담이 적고 과거 자신의 주무기였던 체인지업을 택한다.","현재 몸에는 익숙하지 않아 구속·낙폭·패스트볼과의 터널링을 새로 맞춰야 한다.","구위 욕심보다 어깨 보존을 우선해 슬라이더 집착을 버린다.","이미 머리와 손끝에 경험이 남은 체인지업이라는 빠른 성장 경로를 확보한다.","능력·기량·팀·보직·커리어·경기·기록","패스트볼 단일 투수에서 건강한 두 구종 선발 후보로 발전하기 시작한다.","주혁은 패스트볼처럼 오다가 가라앉는 체인지업을 이번 생의 건강한 무기로 택한다.","어떤 변화구를 우선 배울지는 필 브랫의 체인지업으로 닫힌다.","젊은 몸에서 그립과 릴리스를 얼마나 빨리 재현할지, 필과의 재구축된 사제 관계가 열린다.","RA-003","high"
"14","14화","리턴 에이스 14화","2171","2329","체인지업의 타이밍 교란 원리와, 과거 주혁이 더 빠른 슬라이더를 택했던 이유를 이어 설명한다.","전생의 기술 기억이 올바른 코칭과 만나면 성장 시간을 압축한다.","체인지업을 실전급으로 만들고 스프링캠프 초청을 따낸다.","2개월 반 동안 필 브랫과 반복 훈련하며 패스트볼과 같은 팔 스윙을 완성한다.","커브는 여전히 밋밋하고 빠른 성장은 주변의 경계와 더 높은 기대를 부른다.","필이 자기 자신을 믿으라는 조언을 남기고 주혁은 탬파 캠프로 이동한다.","고속 체인지업과 스프링캠프 초청, 선발 경쟁에 필요한 두 번째 무기를 얻는다.","능력·기량·팀·보직·커리어","AA 훈련생에서 메이저리그 캠프가 직접 확인할 초청 선수로 올라선다.","탬파의 빈 홈구장에서 예상하지 못한 필립 모리스가 주혁을 부른다.","체인지업을 실전 후보 구종으로 만들 수 있는가는 두 달 반의 제구·터널링 숙련으로 닫힌다.","필립이 왜 스프링캠프에 왔는지, 달라진 미래와 5선발 경쟁이 열린다.","RA-003","high"
"15","15화","리턴 에이스 15화","2330","2494","주혁은 전생에는 마이너리그에서 만난 필립이 이번에는 스프링캠프 초청을 받은 사실에 미래가 이미 달라졌음을 느낀다.","회귀자가 움직일수록 주변 인물의 경로도 바뀌어 미래 지식의 안전망은 약해진다.","필립과 관계를 다시 잇고 바뀐 미래 속에서도 캠프 기회를 잡는다.","서로 반갑게 교류하고 조 매든 감독의 접근을 받으며 훈련에 들어간다.","경기 결과 기억이 사라진 데다 필립의 경로까지 변해 예측 가능성이 낮아진다.","주혁은 과거 재현이 아니라 매 선택으로 새 미래를 만든다는 사실을 체감한다.","가장 소중했던 친구를 일찍 곁에 두고 메이저리그 감독에게 직접 평가받는다.","지위·명예·관계","기억에 의존하는 회귀자에서 현재의 사람과 선택을 기준으로 움직이는 선수로 바뀐다.","조 매든과 마주한 뒤, 약체 탬파를 기적으로 바꾼 그의 과거가 길게 제시되며 이번 면담의 무게를 높인다.","필립과 다시 만나는 시점은 같은 캠프의 초청 선수로 앞당겨졌음이 확인된다.","조 매든이 주혁을 어떻게 평가할지, 필립의 달라진 경로, 회귀 비밀 노출 위험이 열린다.","RA-003","high"
"16","16화","리턴 에이스 16화","2495","2635","탬파가 이름·데이터 운영·조 매든의 지도력으로 약체를 벗어난 역사를 이어 받아 감독의 판단 기준을 세운다.","터무니없어 보이는 장기 포부를 구체적인 로스터 공백과 단기 경쟁으로 연결한다.","2010시즌 안에 탬파베이 선발 로테이션에 들어간다.","즉시 선발을 원한다고 말하고, 제프 니만의 부상·수술로 열린 5선발 경쟁을 파악한다.","주 경쟁자 마르코스 페레이라는 AAA 경험과 조직 내 우선순위를 갖고 있다.","매든이 시범경기 선발 기회를 암시하며 목표가 선언에서 실제 경쟁으로 바뀐다.","5선발 자리를 직접 겨룰 수 있는 공식적인 시험 기회를 얻는다.","팀·보직·커리어","초청 유망주에서 메이저리그 개막 로스터의 잠재 경쟁자로 격상된다.","주혁은 미래가 달라질 수 있음을 알면서도 마르코스 페레이라보다 눈에 띄어야 한다고 판단한다.","캠프에서 노릴 보직은 당해 5선발로 구체화된다.","페레이라와의 경쟁, 니만 공백을 누가 차지할지, 코칭스태프 앞 첫 시험이 열린다.","RA-003","high"
"17","17화","리턴 에이스 17화","2636","2799","주혁은 반드시 올 선발 기회에서 페레이라보다 더 강한 인상을 남기겠다고 다짐한다.","투수 경쟁 중에도 타격 능력이 별도의 로스터 가치를 만든다.","애런 루이스의 요구에 맞춰 투구를 안정시키고 숨겨둔 타격도 증명한다.","청백전 피칭을 소화한 뒤 조 매든이 데려간 타격 훈련에서 베테랑 같은 스윙을 보인다.","변화구 완성도가 낮아 선발로서 세 번째 선택지가 부족하다.","투수 평가 자리였던 캠프에서 코칭스태프가 주혁의 타격을 본격 자산으로 보기 시작한다.","선발 후보에 더해 대타·지명타자 가능성까지 로스터 활용 폭이 커진다.","능력·기량·팀·보직·커리어","두 구종 투수 경쟁자에서 투타 양쪽으로 계산 가능한 특이 자원으로 바뀐다.","동료들이 주혁이 홈런 친 투수가 텍사스의 고액 마무리 호르헤 페르난데스였음을 안다.","캠프 코치와 선수들이 주혁의 타격을 알아보는가는 프리배팅과 필립의 증언으로 닫힌다.","실제 시범경기 투구, 커브 약점, 투타 재능이 로스터 결정에 미칠 영향이 열린다.","RA-003","high"
"18","18화","리턴 에이스 18화","2800","2929","동료들은 페르난데스가 윈터리그에서 허용한 유일한 피홈런이 주혁의 타구였음을 확인한다.","양키스전 첫 시범 등판에서 소문난 100마일 대신 92·93마일로 시작한 이유를 다음 화의 완급 승부에 건다.","데이비드 프라이스가 3이닝 4실점한 뒤 올라 첫 메이저리그 캠프 실전에서 자기 공을 시험한다.","윤주혁은 양키스전 구원으로 등판해 첫 포심을 92마일, 두 번째 포심을 93마일로 던지고 두 번째 공은 파울을 만든다.","팬들은 100마일 신인을 기대했으나 낮은 초반 구속에 웅성거리고, 양키스 타자는 곧바로 타이밍을 맞추려 한다.","기대와 다른 두 개의 저속 포심이 첫 등판의 초점을 구속 부족인지 의도된 완급인지로 바꾼다.","메이저리그 타자를 상대로 첫 두 공을 던질 실전 기회만 지급되며 96·100마일과 삼진은 아직 나오지 않는다.","목표·상황","초청 투수가 실제 시범경기 마운드에 올랐지만 소문난 강속구의 진위와 완급 조절 능력은 열린 상태다.","‘100마일 신인’이 첫 두 공을 92·93마일로 던지자 팬들이 웅성거린다.","페르난데스 홈런의 상대와 희소성은 그의 유일한 피홈런이라는 사실로 닫힌다.","낮은 초반 구속의 의도, 양키스 타자 상대 체인지업·완급 효과, 첫 시범 등판 결과가 열린다.","RA-003","high"
"19","19화","리턴 에이스 19화","2930","3106","팬들은 주혁의 평균 구속이 92마일뿐인지, 몸이 아픈 것인지 의심한다.","선발 경기 운영과 직접 타석까지 한 경기 안에서 검증한다.","존 제이소와 세운 계획대로 긴 이닝을 효율적으로 막고 5선발 경쟁을 뒤집는다.","4회까지 퍼펙트와 6탈삼진을 만들고, 첫 타석 몸맞는공 뒤 두 번째 타석에 들어선다.","마르코스 페레이라도 좋은 성적을 내고 있어 단순 호투만으로는 우위를 보장받기 어렵다.","투수로 이미 압도한 상황에서 96마일 바깥쪽 공을 읽고 장타 스윙을 건다.","완급·제구·이닝 운영이 모두 선발급임을 코칭스태프에게 증명한다.","능력·기량·팀·보직·커리어","불펜에서 빛난 신인에서 경기 전체를 설계하는 선발 후보로 진입한다.","4회까지 퍼펙트인 주혁이 두 번째 타석에서 힘껏 치면 멀리 갈 96마일 바깥 공을 읽는다.","느린 초반 포심이 약점인가라는 의문은 체인지업과 100마일을 잇는 완급으로 닫힌다.","두 번째 타석의 타구, 첫 선발 최종 기록, 페레이라와의 로스터 경쟁이 열린다.","RA-003","high"
"20","20화","리턴 에이스 20화","3107","3266","주혁은 피츠버그 투수가 자신을 얕보고 던진 96마일 바깥 공을 힘껏 밀어 칠 수 있다고 판단한다.","투수의 호투와 타자의 장타가 같은 경기에서 로스터 가치를 배가한다.","피츠버그전 선발을 완성하고 다음 시험 기회를 확보한다.","5이닝 무실점 7탈삼진 1피안타를 기록하고 타석에서는 홈런을 남긴다.","한 경기의 센세이션이 장기 선발 능력이나 건강을 보장하지는 않는다.","언론이 투타 재능을 동시에 조명하고 매든이 추가 선발 기회를 준다.","시범경기 승리, 전국적 화제, 5선발 경쟁에서의 결정적 우위를 얻는다.","신체·가용성·팀·보직·커리어·경기·기록","선발 후보 중 한 명에서 탬파베이 캠프의 중심 화제로 부상한다.","조 매든이 웨이드 데이비스의 공백을 대비할 다음 선발로 주혁을 직접 지명한다.","첫 시범 선발과 미완의 타구는 464피트 홈런·5이닝 무실점으로 닫힌다.","추가 선발에서 성과를 재현할지, 데이비스 부상 공백과 최종 로스터 결정이 열린다.","RA-003","high"
"21","21화","리턴 에이스 21화","3267","3461","필라델피아 캠프 구장에서 주혁은 웨이드 데이비스 대신 두 번째 시범 선발 기회를 맞는다.","상대의 도발을 폭력 대신 마운드와 타석의 결과로 되갚는다.","강한 필라델피아 타선을 막고 제이크의 기세를 꺾는다.","제이크에게 2루타를 친 뒤 침 뱉는 도발을 받고, 그를 세 번 연속 체인지업으로 헛스윙시킨다.","제이크의 공개적 모욕과 팀 간 긴장, 선발 경쟁의 마지막 압박이 겹친다.","감정적으로 몸쪽 승부를 하지 않고 같은 변화구를 반복해 상대의 자존심을 무너뜨린다.","타격과 투구 양쪽에서 제이크를 이기고 일본인 투수 이시카와 테츠야의 감탄을 얻는다.","능력·기량","재능만 강한 신인에서 도발에도 계산을 유지하는 노련한 경쟁자로 인식된다.","이시카와가 제이크의 분노 원인과 주혁의 대응을 알고 있다는 관찰 장면에서 끊긴다.","제이크의 도발에 흔들릴지는 투타 양쪽의 냉정한 우위로 닫힌다.","이시카와가 본 침 뱉기 전말, 캠프 최종 성적과 25인 로스터가 열린다.","RA-003","high"
"22","22화","리턴 에이스 22화","3462","3596","이시카와는 3회에 제이크가 주혁을 향해 침을 뱉고도 주혁이 곧바로 폭력적으로 반응하지 않은 장면을 되짚는다.","긴 캠프 경쟁의 결과가 숫자와 로스터 결정으로 결산된다.","보스턴전 마지막 선발까지 안정적으로 마치고 25인 로스터에 든다.","마지막 시범경기를 소화해 전체 7경기 21.1이닝 무실점 26탈삼진, 2승을 기록한다.","마이너 경험이 전혀 없는 신인을 바로 올리는 결정에는 구단 안팎의 우려가 따른다.","조 매든과 코칭스태프가 성적·멘탈·투타 활용도를 근거로 주혁을 개막 로스터에 포함한다.","마이너리그를 거치지 않고 메이저리그 25인 로스터에 진입한다.","팀·보직·커리어","스프링캠프 초청 선수에서 정식 메이저리거로 지위가 확정된다.","마이너 교육이 필요하다는 칼럼이 주혁의 완성된 포심과 경험 부족을 동시에 문제 삼으며 다음 평가 문장을 남긴다.","5선발 경쟁과 개막 로스터 진입은 무실점 캠프 기록으로 확정된다.","정규시즌 보직, 경험 없는 신인의 빅리그 적응, 비판을 실전에서 뒤집을지가 열린다.","RA-003","high"
"23","23화","리턴 에이스 23화","3597","3767","알렉스 먼트의 칼럼이 주혁의 패스트볼은 완성됐지만 넓은 빅리그 무대에서 위축될 수 있다고 평가한다.","커리어의 거대한 이정표도 팀 내부의 사소한 관계와 별명으로 생활감 있게 이어진다.","개막 로스터의 감격을 추스르고 팀의 일원으로 자리 잡는다.","주장 브라이언 무어에게 울보라는 뜻의 ‘위퍼’ 별명을 얻고, 그를 자기 아파트에서 재우기로 한다.","신인 신분이라 베테랑의 장난과 생활 침범을 감수해야 한다.","엄숙한 꿈의 달성이 무어와의 친근한 농담·동거 소동으로 바뀐다.","팀 주장과 빠르게 가까워지고 메이저리그 클럽하우스에 정서적 자리를 얻는다.","팀·보직·커리어·관계","로스터에 든 외부자에서 별명과 관계를 가진 탬파베이 동료가 된다.","집까지 따라오려는 무어에게 주혁이 택시비를 주겠다며 선을 긋는다.","개막 로스터가 추상적 명단이 아니라 홈구장과 동료에게 받아들여지는 현실로 닫힌다.","무어와의 동거 소동, 첫 정규시즌 등판과 실제 보직이 열린다.","RA-004","high"
"24","24화","리턴 에이스 24화","3768","3952","무어가 자신은 이성애자라며 하루만 재워 달라고 조르고 주혁은 그의 집 침입을 막으려 한다.","준비된 신인의 데뷔는 가장 불리한 위기에서 갑작스럽게 온다.","정규시즌 첫 기회를 기다리며 불펜 역할을 수행한다.","볼티모어전 7회, 그랜트 발포어가 무사 만루를 만들자 조 매든의 호출을 받고 마운드에 오른다.","6대4로 뒤진 무사 만루라 안타 하나면 데뷔가 대량 실점으로 기록될 수 있다.","평범한 데뷔가 아니라 승부의 중심을 책임지는 극한 상황으로 첫 등판 조건이 바뀐다.","메이저리그에서 즉시 신뢰를 얻을 수 있는 가장 큰 시험대를 받는다.","팀·보직·커리어","대기 중인 6선발에서 실제 빅리그 위기를 책임질 구원 투수로 들어선다.","6대4 열세 무사 만루에서 데뷔한 주혁에게 매든이 오직 한 가지를 바라는 장면에서 멈춘다.","첫 등판 기회가 언제 오는가는 볼티모어전 무사 만루 호출로 닫힌다.","매든의 요구가 무엇인지, 애덤 존스부터 세 주자를 무실점으로 막을지, 데뷔 승패가 열린다.","RA-004","high"
"25","25화","리턴 에이스 25화","3953","4149","매든이 바란 것은 자신감을 잃지 않는 것이며, 주혁은 무사 만루 데뷔에서 그 이유를 보여준다.","강속구와 체인지업, 내야 수비를 엮어 최악의 위기를 가장 큰 첫 보상으로 바꾼다.","한 점도 허용하지 않고 이닝을 끝낸다.","100마일 몸쪽 높은 공으로 존스를 삼진 잡고 루크 스캇에게 중앙 체인지업을 던져 병살을 만든다.","한 공의 실투가 세 주자를 모두 불러들일 수 있는 데뷔 압박이 있다.","무사 만루 무실점 뒤 탬파 타선이 6점을 내며 패전 흐름을 10대7 승리로 뒤집는다.","메이저리그 데뷔전 승리 투수와 첫 인터뷰, 리포터 레이첼 데이비스와의 만남을 얻는다.","팀·보직·커리어·경기·기록","무등판 신인에서 위기를 지우고 승리까지 얻은 검증된 불펜 카드가 된다.","첫 인터뷰를 능숙하게 마친 주혁에게 레이첼이 어디서 연습했느냐고 묻는다.","무사 만루 데뷔 위기와 첫 승 여부는 삼진·병살, 타선 역전으로 완전히 닫힌다.","레이첼과 필립의 달라질 관계, 주혁의 지속적인 불펜 성적과 선발 전환이 열린다.","RA-004","high"
"26","26화","리턴 에이스 26화","4150","4350","첫 승 인터뷰를 마친 윤주혁이 라커룸에서 브라이언 무어를 비롯한 동료들의 축하를 받는다.","짧은 성공 뒤에는 숫자 속 약점과 클럽하우스 노동 관계까지 따라붙는다.","구원 성적을 유지하면서 피안타가 모두 2루타인 문제를 해결한다.","매든의 격려를 받고 타격 훈련을 이어가며 클러비 케빈 마이클스와 신뢰를 쌓는다.","실점은 없지만 장타 허용은 선발로 이닝을 늘릴 때 치명적일 수 있다.","경기 밖에서 장비와 생활을 챙기는 케빈이 주혁의 집중력을 지탱하는 인물로 자리 잡는다.","불펜 신뢰와 안정적 생활 지원, 타격 감각을 유지할 환경을 얻는다.","능력·기량·팀·보직·커리어","한 경기의 영웅에서 매일 준비와 지원 체계를 갖춘 빅리거로 정착한다.","케빈에게 300달러 팁을 건넨 윤주혁이 `YOON`이 수놓인 새 글러브를 왼손에 끼워 본다.","첫 승 뒤에도 불펜에서 통하는지는 6경기 연속 무실점으로 확인된다.","피안타가 모두 장타인 이유, 케빈과 쌓을 신뢰, 새 글러브의 다음 실전이 남는다.","RA-004","high"
"27","27화","리턴 에이스 27화","4351","4574","새 글러브를 확인한 윤주혁이 클러비들의 심상치 않은 표정을 보고 웨이드 데이비스의 수술 소식을 듣는다.","가장 위험한 쿠어스 필드가 신인의 선발 자격과 자기 몸의 새 한계를 동시에 시험한다.","사흘 뒤 콜로라도 원정에서 패스트볼·체인지업만으로 첫 선발을 성공시킨다.","불펜에서 평소보다 강한 전력 투구를 시험해 통증 없이 약 10구는 최고 출력이 가능함을 확인한다.","장타가 잘 나는 쿠어스, 제한된 구종, 선발 투구량이 어깨에 부담을 줄 수 있다.","회귀한 몸이 과거보다 더 강해 전력 투구를 비장의 후반 카드로 쓸 수 있음을 발견한다.","첫 정규 선발 기회와 경기 후반을 지배할 10구 안팎의 최고 출력 자원을 얻는다.","팀·보직·커리어","6선발 대기 불펜에서 공식 메이저리그 선발 투수로 역할이 바뀐다.","애런 루이스와 윤주혁이 장타가 잘 나는 쿠어스 필드에서 패스트볼·체인지업만으로 첫 선발을 치러야 한다는 불리함을 확인한다.","웨이드 데이비스의 빈 선발 자리는 윤주혁의 발탁으로 채워진다.","쿠어스 첫 선발, 10구짜리 최고 출력의 사용 시점, 선발 투구량을 견딜 어깨가 남는다.","RA-004","high"
"28","28화","리턴 에이스 28화","4575","4782","윤주혁이 투수들의 무덤 쿠어스 필드도 자기 타격에는 유리하다고 받아들이며 첫 선발을 시작한다.","구속을 아껴 쓰는 운영과 명예의 전당 타격이 한 경기 안에서 교차한다.","초반 힘을 비축하며 5이닝 이상 실점 없이 버틴다.","다양한 구속의 패스트볼과 체인지업으로 5이닝 9탈삼진 2피안타 무실점을 만들고 직접 타석에 선다.","쿠어스의 장타 환경과 선발 투구 뒤 타격이 체력·집중력을 동시에 요구한다.","첫 타석 뜬공 뒤 두 번째 타석에서 하비에르 키겔의 몸쪽 높은 공을 예측한다.","선발로 이미 승리 조건을 만들고 타석에서도 장타 기회를 포착한다.","팀·보직·커리어·경기·기록","구원에서 선발 운영을 해내는 투수로 한 단계 올라선다.","담장을 넘긴 타구의 목적지를 확인한 윤주혁이 첫 메이저리그 홈런을 해냈다고 느끼며 베이스를 돈다.","쿠어스에서 초반 선발 운영이 통하는지는 5이닝 무실점 9탈삼진으로, 두 번째 타석의 노림수는 홈런으로 답한다.","6회까지 선발승을 지킬지, 비축한 최고 구속을 언제 풀지, 최종 투타 기록이 남는다.","RA-005","high"
"29","29화","리턴 에이스 29화","4783","4997","윤주혁의 메이저리그 타석이 적었는데도 홈런이 반복되자 투수의 타격이라는 점까지 겹쳐 화제가 된다.","체력을 비축한 선발이 마지막 이닝에 최고 구속을 풀어 경기의 결산을 직접 한다.","88구를 던진 6회까지 무실점으로 끝내 첫 선발승을 확정한다.","98·99·101마일 전력 투구로 마지막 타자를 삼진 처리한다.","첫 선발의 투구 수와 고지대 피로 속에서 전력 투구를 감당해야 한다.","관리형 완급 투구에서 6회 결정구로 최고 출력을 공개한다.","6이닝 무실점 12탈삼진 3피안타, 2타수 1홈런 1타점과 전국적 화제를 얻는다.","팀·보직·커리어·경기·기록","선발 대체재에서 투타 모두 한 경기를 지배한 메이저리그 센세이션으로 급상승한다.","프리 배팅 중인 윤주혁을 보던 브라이언 무어가 보스턴 선발 마쓰자카를 상대로 좌타자를 더 넣어야 하지 않느냐고 조 매든에게 묻는다.","첫 정규 선발은 6이닝 무실점 12탈삼진과 홈런, 첫 선발승으로 완결된다.","윤주혁을 지명타자로 쓸지, 전문 타자들의 자리를 어떻게 설명할지, 건강한 어깨의 장기 한계가 열린다.","RA-005","high"
"30","30화","리턴 에이스 30화","4998","5201","조 매든과 브라이언 무어가 마쓰자카를 상대할 좌타 지명타자 부족과 윤주혁의 휴식일을 함께 따진다.","투수 주혁의 타격이 일회성 이벤트에서 팀 전술의 정식 선택지로 넘어간다.","벤치 자원의 자존심을 해치지 않으면서 지명타자 출전 명분을 만든다.","매든·무어와 논의해 ‘좌완·우완 균형상 필요한 좌타자’라는 이유를 세우고 출전을 받아들인다.","전문 타자를 제치고 투수가 타석에 서면 클럽하우스 불만이 생길 수 있다.","카를로스 페냐가 배트를 빌려주며 실력으로 선택을 정당화하라고 도전한다.","메이저리그 첫 지명타자 선발 기회와 베테랑의 조건부 지지를 얻는다.","팀·보직·커리어","타석에 서는 선발 투수에서 타선 구성에 영향을 주는 지명타자 후보로 이동한다.","페냐의 붉은 배트를 든 윤주혁이 넘치는 체력에 기대어 혹사하지 않고 어깨와 컨디션을 관리하겠다고 마음먹는다.","쿠어스 홈런을 팀이 어떻게 활용할지는 보스턴전 지명타자 선발로 결론 난다.","마쓰자카 상대 타격 결과, 페냐와 후보 타자들이 납득할 성과, 투타 병행의 체력 관리가 남는다.","RA-005","high"
"31","31화","리턴 에이스 31화","5202","5412","지명타자 윤주혁이 개인 타격 기록보다 팀 출루를 우선하겠다고 정하고 페냐의 배트를 손질한다.","첫 타석 볼넷으로 확인한 존·심판 읽기를 4회 1사 2루의 두 번째 타석에 다시 적용한다.","윤주혁은 마쓰자카를 상대로 2루 주자를 불러들여 선발 강판 조건을 만든다.","구심 밥 멜슨의 성향을 이용해 첫 타석 볼넷을 얻고, 4회 두 번째 타석에서는 초구 컷패스트볼이 바깥쪽 모서리에 들어오는 것을 본다.","마쓰자카는 컷패스트볼·투심 등 여러 궤적을 섞고, 1사 2루에서 한 점을 못 내면 선발을 끌어내릴 기회가 사라진다.","첫 타석의 출루 시험이 득점권 해결 시험으로 바뀌고, 예리한 초구 컷패스트볼이 0볼 1스트라이크를 만든다.","첫 타석 볼넷과 4회 1사 2루의 해결 기회를 얻지만 타구·타점은 다음 화로 남는다.","능력·기량·팀·보직·커리어","윤주혁은 심판과 존을 활용하는 지명타자 가능성을 보였으나 득점권 장타 능력은 아직 판정 전이다.","4회 1사 2루, 마쓰자카의 예리한 초구 컷패스트볼이 바깥쪽 모서리에 들어와 윤주혁이 0-1에서 다음 공을 기다린다.","지명타자 첫 타석에서 팀 출루를 만들 수 있는지는 볼넷으로 확인된다.","득점권 두 번째 타석, 마쓰자카 강판, 윤주혁의 정식 지명타자 가치가 남는다.","RA-005","high"
"32","32화","리턴 에이스 32화","5413","5634","0-1에서 마쓰자카의 높은 93마일 패스트볼을 본 윤주혁이 다음 구질을 침착하게 기다린다.","한 번의 기회를 여러 득점권 타석에서 반복해야 정식 역할이 된다.","후속 투수까지 공략해 지명타자 선택을 완전히 납득시킨다.","2사 만루에서 다시 펜스를 때리는 2타점 2루타를 치고 세 타석 모두 출루한다.","계속 지명타자로 나서면 벤치 타자들의 기회와 주혁의 투수 훈련 시간이 줄어든다.","페냐가 자신의 배트를 선물하며 주혁의 타격을 팀 전력으로 인정한다.","2타수 2안타 3타점 1볼넷, 매든의 추가 지명타자 제안을 얻는다.","목표·상황","임시 지명타자에서 성적 부진 시 팀이 꺼낼 최우선 공격 카드가 된다.","조 매든은 후보 타자들이 계속 주눅 든다면 자신감과 최상급 타격을 갖춘 윤주혁을 다시 써야 한다는 현실을 받아들인다.","지명타자 선택은 2타수 2안타 3타점 1볼넷으로 납득되고 페냐의 배트도 공식 선물이 된다.","후보 타자들의 반등, 팀 성적이 하락할 때 윤주혁을 다시 부를 조건, 투수 훈련과 타격 출장 균형이 열린다.","RA-005","high"
"33","33화","리턴 에이스 33화","5635","5847","후보 타자들을 우선 믿겠다고 답한 윤주혁이 그날 저녁 클리블랜드전에 선발 등판할 준비를 한다.","국적의 반가움보다 팀 승부를 우선하는 프로 간 정면 대결이 펼쳐진다.","장타·출루 능력이 뛰어난 추신우를 첫 타석부터 제압한다.","예상 밖의 98마일 몸쪽 높은 패스트볼을 던져 추신우를 삼진 처리한다.","같은 한국인이라는 관심과 추신우의 경험이 주혁의 구종 선택을 읽을 수 있다.","인사 대신 가장 공격적인 몸쪽 승부를 택하며 관계의 출발점을 경쟁으로 세운다.","대표 한국인 타자를 상대로 첫 승부 우위와 상호 인정을 얻는다.","경기·기록·지위·명예","한국의 유망주에서 기존 한국인 스타와 동등하게 겨루는 메이저리거가 된다.","첫 삼진을 당한 추신우가 후배 앞에서 부끄러운 선배가 되지 않겠다고 웃음을 지우고 매서운 눈빛으로 외야에 나간다.","윤주혁과 추신우의 첫 투타 승부는 몸쪽 높은 강속구 삼진으로 끝난다.","추신우의 다음 타석 반격, 경기 뒤 두 선수의 첫 대화, 클리블랜드전 승패가 남는다.","RA-006","high"
"34","34화","리턴 에이스 34화","5848","6065","셸리 던컨의 정확한 타격이 담장을 넘어 윤주혁이 시즌 첫 투런 홈런을 허용한다.","개인 피홈런보다 팀 동료를 겨냥한 위험구가 더 큰 감정적 시험이 된다.","실점 뒤 무너지지 않고 탬파의 7득점 반격을 지킨다.","존 제이소의 젓가락 농담으로 긴장을 풀고 다음 타자들을 처리한다.","클리블랜드 투수들이 카를로스 페냐와 에반 롱고리아의 머리를 맞혀 부상 위험을 만든다.","야구 승부가 선수 안전과 보복 여부가 걸린 벤치 간 대치로 바뀐다.","피홈런 뒤에도 마운드를 안정시키고 타선의 7점 지원을 받는다.","팀·보직·커리어·경기·기록·관계","개인 기록을 관리하던 선발에서 동료 보호 책임을 느끼는 팀 구성원으로 감정이 이동한다.","조나스 바르가스의 네 번째 공이 에반 롱고리아의 머리를 때린다.","첫 피홈런 뒤 윤주혁이 무너지는지는 다음 타자를 정리하고 7점 지원을 받으며 답한다.","롱고리아의 상태, 벤치클리어링, 윤주혁이 위험구에 어떻게 대응할지가 열린다.","RA-006","high"
"35","35화","리턴 에이스 35화","6066","6266","롱고리아의 머리에 공이 맞자 탬파 선수들이 뛰어나와 클리블랜드 선수들과 욕설과 몸싸움을 벌인다.","팀 충성의 보복은 통쾌함과 죄책감·징계 위험을 동시에 남긴다.","동료를 보호한다는 신호를 보내되 경기 승리는 지킨다.","다음 이닝 선두 추신우의 엉덩이에 101마일 공을 맞혀 두 번째 벤치클리어링을 부른다.","추신우가 3경기 결장할 만큼 다치고 주혁은 같은 한국인 선배에게 죄책감을 진다.","우발적 충돌이 의도적 보복구로 변하며 주혁의 팀 내 충성은 확실해진다.","탬파는 11대4로 이기고 주혁은 6이닝 2실점 9탈삼진으로 시즌 3승을 얻는다.","경기·기록·관계","차분한 신인에서 동료를 위해 위험을 감수하는 강경한 팀원으로 인식된다.","추신우가 병원으로 갔다는 소식을 들은 윤주혁이 시리즈 뒤 연락하겠다고 마음먹고 무거운 걸음으로 호텔방에 향한다.","클리블랜드의 위험구에 대한 팀의 대응과 경기 승패는 보복구와 11대4 승리로 끝난다.","추신우와의 사과·화해, 페냐와 롱고리아의 결장, 보복구의 징계와 팀 공백이 남는다.","RA-006","high"
"36","36화","리턴 에이스 36화","6267","6478","페냐와 롱고리아의 결장으로 흉흉한 벤치에서 동료들이 전날 97구를 던진 윤주혁만큼은 쉬어야 한다고 말한다.","영웅적 헌신은 감정만이 아니라 로스터·팬·미래 계약까지 계산한 선택으로 그려진다.","몸 상태를 증명하고 지명타자로 출전해 시리즈 승리를 돕는다.","무어 앞에서 피로가 없음을 보이고 매든에게 지명타자 출전을 자청한다.","투구 다음 날 타격은 부상·혹사 비판과 전문 타자의 자리 문제를 부른다.","공개적으로는 팀과 팬을 위한 헌신, 내적으로는 건강·입지·경제적 안전까지 고려한 결정임이 드러난다.","팀이 어려울 때 스스로 역할을 확장하는 핵심 선수 이미지를 얻는다.","팀·보직·커리어","선발 등판일 중심 선수에서 연속 경기의 공격 공백까지 메우는 멀티 자원으로 확대된다.","윤주혁은 팀을 위한 희생 때문에 다치더라도 구단은 금세 잊고 특별히 대우하지 않을 것이라고 단정한다.","97구를 던진 다음 날 타격할 몸 상태인지는 프리 배팅과 본인의 감각으로 확인된다.","지명타자 출전의 실제 성과, 페냐·롱고리아 없이 시리즈를 이길 방법, 투타 병행과 부상 회피의 경계가 남는다.","RA-006","high"
"37","37화","리턴 에이스 37화","6479","6688","윤주혁이 전생에서 혹사와 자기 관리 실패로 사라진 스타들을 떠올리며 몸을 지키는 원칙을 재확인한다.","개인 내기가 동료들의 사기와 팀 문화로 번지며 경기 보상을 관계 보상으로 바꾼다.","제이미 헨드릭스의 패턴을 읽어 홈런을 친다.","첫 타석 뜬공으로 물러난 뒤 투구를 관찰하고 다음 타석 몸쪽 패스트볼을 예측해 넘긴다.","첫 실패와 상대의 변화구 배합, 전날 투구 뒤 타격 감각을 이겨내야 한다.","돈을 받는 대신 페냐에게 맥주·위스키를 걸게 해 팀 전체의 동기부여 내기로 바꾼다.","홈런과 동료들의 활력, 페냐와의 장난스러운 신뢰를 얻는다.","경기·기록·관계","공백을 메우는 타자에서 클럽하우스 분위기를 설계하는 선수로 역할이 넓어진다.","무료로 마시는 듀라이거 맥주가 평소 제공되는 엘빈스키 맥주보다 낫다는 설명과 함께 동료들의 승리 욕구가 달아오른다.","페냐에게 건 홈런 약속은 헨드릭스의 포심을 넘겨 윤주혁의 승리로 끝난다.","탬파가 오늘 이겨 맥주를 받을지, 시리즈를 쓸어 위스키까지 얻을지, 윤주혁의 추가 타석이 남는다.","RA-006","high"
"38","38화","리턴 에이스 38화","6689","6843","탬파 선수들이 듀라이거 맥주를 공짜로 마실 기회에 들떠 페냐의 지갑을 열겠다고 의욕을 보인다.","전생의 경험뿐 아니라 현재 경기의 세밀한 관찰도 즉각적인 장타 보상으로 이어진다.","보험점을 만들어 클리블랜드의 추격을 끊는다.","산타나의 코 터치를 확인하고 스플리터를 기다려 두 번째 홈런을 친다.","잘못 읽으면 헛스윙이 되고, 투수의 버릇을 공개적으로 드러낼 수는 없다.","개인 내기의 첫 홈런이 경기 승리를 굳히는 멀티홈런으로 확장된다.","경기 MVP와 팀 승리, 동료들의 맥주 파티를 얻는다.","경기·기록·지위·명예·관계","임시 지명타자에서 경기 흐름과 상대 버릇을 읽는 중심 타자로 신뢰가 커진다.","술자리에 가지 않고 집으로 걷던 윤주혁을 누군가 “헤이, 윤!” 하고 부른다.","맥주 내기의 당일 승리 조건은 멀티홈런과 소리아노의 세이브로 충족된다.","윤주혁을 부른 브라이언의 용건, 스윕 시 위스키 지급, 산타나의 투구 버릇이 남긴 후속이 열린다.","RA-006","high"
"39","39화","리턴 에이스 39화","6844","7088","집 앞에서 윤주혁을 부른 브라이언 무어가 스포츠카를 세우고 아내와 다퉜다며 하룻밤 묵기를 청한다.","팀 결속은 경기장 영웅담만이 아니라 동료의 약한 순간을 받아주는 데서도 생긴다.","시리즈 마지막 경기에서 클리블랜드의 주혁 회피 승부를 팀 득점으로 연결한다.","볼넷을 얻고, 슬럼프이던 필립 모리스의 2점 홈런을 격려하며 롱고리아까지 이어지는 공격을 만든다.","상대가 좋은 공을 주지 않아 주혁이 직접 장타로 해결하기 어렵다.","주혁을 피한 선택이 모리스의 회복과 탬파 타선의 연쇄 출루로 돌아온다.","클리블랜드 시리즈 스윕, 모리스의 자신감, 추신우와의 사과·연락처 교환을 얻는다.","관계","보복구로 상처 낸 추신우와 ‘형’ 관계로 화해하고 동료들의 정신적 지지점이 된다.","추신우와 연락처를 교환한 윤주혁이 동료들과 양복을 입고 공항 버스에서 내려 메이저리거 ID만으로 전용기에 오른다.","위험구와 보복구로 틀어진 추신우와의 관계는 사과·악수·형 호칭으로 풀리고, 클리블랜드 3연전은 스윕으로 끝난다.","추신우와 따로 식사할 약속, 브라이언과 깊어진 사적 신뢰, 모리스가 되찾은 타격 자신감이 남는다.","RA-006","high"
"40","40화","리턴 에이스 40화","7089","7293","클리블랜드 스윕 뒤 전용기 안에서 포커를 하던 윤주혁이 필립 모리스와 조용한 곳으로 자리를 옮긴다.","필립 모리스가 스스로 타격 문제를 찾게 두는 관계 선택과, 저속 포심의 지저분한 무브먼트를 다음 선발 무기로 검토하는 준비를 겹친다.","윤주혁은 모리스의 자립을 해치지 않고, 미완성 커브 대신 포심의 속도와 무브먼트를 활용할 경기 계획을 세운다.","모리스의 어깨가 일찍 열리는 문제를 알아도 직접 정답을 주지 않고 타격 코치와 본인의 수정을 지켜본다. 이후 존 제이소와 빠른 포심·느리고 지저분한 포심의 차이를 논의한다.","신인이 동료의 타격폼을 가르치면 자존심을 건드릴 수 있고, 윤주혁의 커브는 실전 결정구로 쓰기엔 아직 배팅볼 위험이 크다.","100마일 직선형 공보다 90마일대의 끝이 지저분한 포심을 타자들이 더 싫어한다는 원리가 새 선발 계획의 핵심이 된다.","모리스에게 스스로 해답을 찾을 여지를 주고 다음 선발에 적용할 포심 운용 원리를 얻는다. 4회 1피안타 봉쇄는 아직 발생하지 않는다.","능력·기량·팀·보직·커리어·경기·기록","관계에서는 과잉 개입을 삼가고, 투구에서는 완급 조절을 구속 차뿐 아니라 공 끝의 움직임까지 넓히는 준비 단계에 들어간다.","패스트볼이라도 투수에 따라 포수 미트로 가는 동안 요란한 움직임을 보인다는 설명이 다음 화로 이어진다.","모리스에게 당장 정답을 알려 줄지는 과도한 간섭을 삼가고 타격 코치에게 맡기는 선택으로 닫힌다.","모리스가 스스로 스윙 문제를 고칠지, 지저분한 저속 포심을 윤주혁이 실전 무기로 쓸지, 화이트삭스 선발 결과가 열린다.","RA-007","high"
"41","41화","리턴 에이스 41화","7294","7497","메이저리그 타자들이 직선형 100마일보다 배트 중심을 빗나가게 하는 지저분한 포심을 더 까다로워한다는 설명이 이어진다.","92~93마일의 지저분한 포심으로 4회까지 막은 보상 뒤, 코너코 피홈런 직후 그레고리 마틴에게 심리 미끼를 건다.","윤주혁은 솔로홈런 뒤 추가 실점을 막기 위해 마틴이 체인지업을 기다리도록 유도한다.","저속 포심과 99마일을 섞어 4회까지 1피안타로 막지만 폴 코너코에게 솔로홈런을 허용한다. 마틴에게 패스트볼 사인을 두 번 거절하는 동작을 보여 변화구를 예상하게 한다.","드물게 밋밋하게 들어간 공이 홈런이 됐고, 마틴이 사인 연출을 미끼로 간파하면 다음 공이 읽힌다.","노볼 2스트라이크에서 마틴은 신인이 이중 수까지 쓰지 못했을 것이라 믿고 체인지업 미끼를 물기로 한다.","새 포심 패턴의 4회 1피안타 성과는 확인되지만 피홈런 뒤 삼진과 흐름 차단은 아직 지급되지 않는다.","팀·보직·커리어·경기·기록","저속 포심 활용은 실전에서 통했으나, 피홈런 뒤 심리전이 실제 아웃으로 이어질지는 다음 공에 남는다.","노볼 2스트라이크의 그레고리 마틴이 신인 윤주혁은 이중 수까지 생각하지 못했을 것이라 믿고 체인지업을 기다린다.","속도와 무브먼트를 함께 바꾼 포심이 통하는지는 4회까지 1피안타 봉쇄로 확인된다.","윤주혁이 실제로 던질 세 번째 공, 피홈런 직후 추가 실점 여부, 화이트삭스전 최종 기록이 남는다.","RA-007","high"
"42","42화","리턴 에이스 42화","7498","7660","체인지업을 확신한 그레고리 마틴 앞에서 윤주혁이 포수가 아니라 타자의 예상과 정반대인 공을 뿌린다.","개인 호투의 보상은 팀 동료가 마지막 순간 한 점을 만들어야 비로소 승리와 연결된다.","패전은 피하고 투타 겸업 확대 여부를 냉정하게 결정한다.","마운드를 내려와 타격 훈련 시간과 투수 성장의 충돌을 고민하고, 2사 2루 모리스의 타석을 지켜본다.","타격을 늘리면 투수 훈련이 줄고, 팀 타선은 호투를 승리로 환전하지 못한다.","혼자 모든 것을 해결할 수 없다는 현실 속에서 슬럼프를 겪던 모리스에게 결말이 맡겨진다.","최소 실점·무볼넷 호투로 선발의 장기 신뢰는 더 강해진다.","팀·보직·커리어","투타 재능을 무조건 늘리려던 단계에서 시간 배분이라는 커리어 비용을 자각한다.","8회 2사 2루, 조금씩 스윙 문제를 고친 필립 모리스가 안타 하나면 윤주혁의 패전을 지울 타석에 선다.","코너코의 피홈런 뒤 흔들리는지는 마틴 삼진과 이후 무실점으로 닫힌다.","모리스의 타석 결과, 윤주혁의 승패, 투타 겸업과 새 구종 훈련 사이의 선택이 열린다.","RA-007","high"
"43","43화","리턴 에이스 43화","7661","7812","필립 모리스가 가빈 플로이드의 어려운 공을 억지로 갖다 댄 타구가 빗맞은 채 내야를 통과한다.","완벽한 타격이 아니어도 동료의 한 번의 연결이 선발의 패전을 지우고 팀 승리로 이어진다.","화이트삭스전을 이기고 다음 선발들에서 드러난 약점을 보완한다.","탬파는 4대2로 승리하고, 주혁은 새 구종으로 투심 패스트볼 연습을 시작한다.","텍사스전에는 6이닝 3실점으로 첫 패, 볼티모어전에는 7이닝 무실점에도 0대0이 이어진다.","무볼넷·낮은 피안타율만으로 승리가 보장되지 않아 투심 개발 필요가 구체화된다.","화이트삭스전 패전을 피하고 팀 승리, 시즌 26이닝 무볼넷이라는 통제력을 얻는다.","능력·기량·경기·기록","기존 세 무기의 정교화에서 네 번째 무기 투심을 만드는 성장 단계로 들어간다.","볼티모어전 7회까지 0대0이 이어지자 윤주혁은 미안해하기만 하는 타선이 한 점도 만들지 못하는 상황에 속이 막힌다.","모리스가 화이트삭스전 패전을 지울지는 빗맞은 동점타와 후속 역전으로 해결된다.","볼티모어전에서 윤주혁의 무실점이 승리로 바뀔지, 세 경기째 이어진 득점 지원 부재, 직접 타석에 설 욕구가 열린다.","RA-007","high"
"44","44화","리턴 에이스 44화","7813","7985","7회까지 0대0인 볼티모어전에서 윤주혁은 자신의 호투를 승리로 만들려면 직접 배트를 들어야겠다고 생각한다.","투수가 자기 승리를 타석에서 직접 만들어 ‘원맨 게임’의 극단을 보여준다.","오른손 투수 다니엘 홀랜드를 상대로 대타 출전을 얻어 결승점을 만든다.","좌타자 필요 논리로 매든에게 타석을 요청하고 솔로 홈런을 친다.","장시간 투구 직후 타석이며 실패하면 불필요한 욕심으로 비칠 수 있다.","팀의 무득점 문제가 투수 본인의 홈런 한 방으로 해소된다.","1대0 승리, 7.2이닝 무실점 9탈삼진 4피안타 1볼넷과 결승 홈런을 함께 기록한다.","신체·가용성·경기·기록","투타 겸업 가능성을 보인 선수에서 한 경기의 모든 득점·실점을 직접 책임진 스타로 부상한다.","윤주혁은 볼티모어 팬의 “그냥 너 혼자 야구하지 그래?”라는 외침에 화내는 홈 팬들을 말리며 그것은 칭찬이라고 웃는다.","무득점 경기의 한 점과 윤주혁의 승리는 본인의 대타 홈런과 불펜의 1대0 수성으로 완결된다.","투심을 실전에 올릴 시점, 투타 겸업을 정례화할지, 여전히 불안한 타선이 남는다.","RA-007","high"
"45","45화","리턴 에이스 45화","7986","8164","볼티모어전 원맨쇼로 윤주혁과 그를 발굴한 프리드먼의 평가가 오르는 가운데 뉴욕 양키스 상대 6번째 선발이 열린다.","후반 최고 출력이 아니라 초반 전력 투구로 타자의 기억을 조작하는 새 경기 설계가 나온다.","데릭 지터·마크 테세이라를 시작부터 압도해 양키스 타선에 강속구 공포를 심는다.","97~101마일 포심 비율을 90% 가까이 높여 초반 세 이닝을 지배한다.","초반 힘을 쓰면 4회 이후 구속 하락과 체력 소모가 빨라진다.","지터가 속도 하락을 포착하지만 그것 자체가 주혁이 의도한 다음 단계의 미끼다.","양키스 중심 타선의 타이밍을 초반부터 뒤로 밀어 경기 주도권을 잡는다.","목표·상황","이닝 후반에 힘을 쓰는 투수에서 경기 전체의 인상을 먼저 설계하는 전략가로 확장된다.","4회 다시 타석에 선 데릭 지터가 앞선 타석의 강속구와 지금 공의 힘이 다르다는 사실을 감지한다.","양키스 거포들을 초반에 압도할 수 있는지는 포심 비율 90%의 세 이닝 무안타로 답한다.","지터의 감지가 타선 전체 공략으로 번질지, 떨어진 구속 뒤 체인지업이 먹힐지, 윤주혁의 체력과 최종 승패가 남는다.","RA-007","high"
"46","46화","리턴 에이스 46화","8165","8381","데릭 지터가 윤주혁이 초반에 전력을 다 쓴 것인지 의심하지만 불펜이 약한 탬파의 사정을 떠올리고 스스로 가능성을 지운다.","완벽한 개인 전략도 팀 타선과 불펜이 받쳐주지 않으면 승리로 닫히지 않는다.","양키스전을 무실점으로 넘기고 공식적인 지명타자 병행을 준비한다.","7이닝 무실점 2피안타 11탈삼진을 기록한 뒤 타격 확대와 투심 승인을 계획한다.","탬파는 0점을 내고 불펜이 3실점해 3대0으로 패하며 주혁의 호투가 승리 없이 사라진다.","경기 결과와 별개로 몸이 예상보다 빠르게 회복됨을 확인해 투타 병행 자신감이 커진다.","양키스 상대 전략 성공과 회복력 검증, 정식 지명타자 요청의 근거를 얻는다.","신체·가용성·능력·기량·팀·보직·커리어","임시 타격 카드에서 선발·지명타자를 계획적으로 병행할 준비 단계로 이동한다.","시트러스 시리즈 마지막 경기에서 윤주혁의 새 공이 포수 미트에 꽂히자 플로리다 타자가 예상 밖 움직임에 반응하지 못한다.","지터가 알아챈 구속 저하가 약점인지는 체인지업 유인과 7이닝 무실점으로 뒤집힌다.","새 투심의 정체와 실전 성능, 올스타 뒤 선발 결과, 타선·불펜이 호투를 승리로 바꿀지가 열린다.","RA-007","high"
"47","47화","리턴 에이스 47화","8382","8586","플로리다 타자들이 스카우팅 자료에 없던 96마일 투심의 큰 무브먼트에 연달아 배트를 헛돈다.","훈련에서 만든 새 구종이 즉시 선발 성적과 타석의 대량 득점으로 이중 보상을 낸다.","96마일 투심을 실전에 정착시키고 팀의 빈약한 득점을 직접 보충한다.","3이닝 퍼펙트로 새 투심을 보여주고, 1사 만루에서 제러미 던스의 흔들림을 읽어 3타점 2루타를 친다.","새 구종은 실전 제구가 검증되지 않았고, 투수로 던지면서 타석까지 결과를 내야 한다.","투심이 타자들의 배트를 피해가고 주혁의 3타점이 경기 승부를 일찍 기울인다.","7.1이닝 무실점 9탈삼진 3피안타 1볼넷, 8대0 승리와 다섯 번째 승리를 얻는다.","능력·기량·팀·보직·커리어·경기·기록","실험 중인 투심 투수에서 네 구종을 운용하는 선발, 임시 타자에서 공식 전력 후보로 진화한다.","선발일 타석까지 허락받은 윤주혁이 매든의 제안이 사실상 클린업 히터 역할을 뜻하는지 확인하려 한다.","올스타 기간 다듬은 투심은 7.1이닝 무실점의 주력 구종으로, 플로리다전은 8대0 승리로 검증된다.","매든이 부여할 실제 타순, 선발과 지명타자를 함께 맡는 일정, 두 역할의 체력 비용이 열린다.","RA-008","high"
"48","48화","리턴 에이스 48화","8587","8836","윤주혁이 매든에게 사실상 4번 타자라는 뜻인지 묻고, 매든은 자신 있느냐고 되묻는다.","임시 기용이 시즌 전체를 가르는 공식 투타 겸업 계약으로 바뀐다.","선발 등판일에도 타석에 서며 투타 모두 주전 성적을 유지한다.","제안을 받아들이고 다음 경기 홈런을 친 뒤, 에인절스 에이스 대니 머츠먼 상대 경기에 나선다.","두 역할의 훈련 시간·체력 부담과 팀이 주혁에게 의존하는 정도가 함께 커진다.","머츠먼의 제구 난조로 만든 2사 만루에서 주혁이 결정적 공을 걷어 올린다.","공식 투타 겸업 지위와 중심 타순의 반복 기회를 얻는다.","팀·보직·커리어","상황별 지명타자에서 탬파 타선의 정규 핵심이자 선발 투수로 격상된다.","토론토의 39홈런 타자 호세 바티스타가 몸쪽으로 크게 휘는 투심을 보고도 무표정하게 경기를 즐기는 윤주혁을 노려본다.","매든의 클린업 제안은 윤주혁의 수락과 다음 경기 홈런으로 보직 실행까지 이어진다.","에인절스전 만루 타구의 공식 결과, 바티스타의 세 번째 대결, 토론토전 선발 결산이 남는다.","RA-008","high"
"49","49화","리턴 에이스 49화","8837","9054","호세 바티스타는 포심·투심·체인지업이 같은 투구폼과 릴리스에서 나와 구종을 미리 읽을 길이 없다고 판단한다.","한 경기의 만루포가 다음 선발의 압도적 호투와 겹쳐 전국적 스타 이미지를 강화한다.","호세 바티스타가 이끄는 토론토 타선을 실점 없이 막는다.","세 가지 위력적 공으로 바티스타를 삼진 처리하고 7.1이닝 무실점 12탈삼진을 기록한다.","토론토는 주혁의 구종을 이미 여러 번 본 팀이고 높은 기대가 매 경기 따라붙는다.","11대0의 큰 리드에서도 집중을 잃지 않고 최종 13대0 승리를 완성한다.","그랜드슬램과 무실점 선발승이 연속 보도되며 투타 스타 지위가 커진다.","팀·보직·커리어·경기·기록","탬파 지역 화제 선수에서 한국 식당 손님들까지 실시간으로 응원하는 국민적 스타로 확장된다.","윤주혁의 연속 삼진에 신이 난 손님이 식료품점 주인에게 캔커피 값을 내려 하자 주인이 말을 건다.","에인절스전 타구는 만루홈런으로, 토론토 선발은 7.1이닝 무실점과 13대0 승리로 결산된다.","윤주혁을 유난히 세밀하게 응원하는 가게 주인의 정체, 미네소타전 승패, 국내 가족의 반응이 열린다.","RA-008","high"
"50","50화","리턴 에이스 50화","9055","9243","한국 식료품점 주인이 윤주혁의 팬인 손님에게 캔커피는 그냥 마시라며 중계를 함께 본다.","경기의 짧은 홈런 보상이 멀리 떨어진 가족의 자부심과 구단의 장기 자산 계산으로 갈라진다.","가족에게 자랑스러운 선수로 남는 한편 구단 내 입지를 굳힌다.","윤상현은 아들을 보며 눈물을 흘리고, 앤드류 프리드먼은 양키스전 중 주혁의 계약·트레이드 가치를 계산한다.","탬파는 원래 서비스타임을 조절하려 했고 스캇 조나스·스티븐 킴이 있는 만큼 값싸게 묶기 어렵다.","단기 홍보용 콜업 구상이 투타 성과 때문에 ‘빼기 어려운 핵심·고가 트레이드 자산’으로 바뀐다.","가족의 인정, 구단 내 불가결한 지위, 향후 대형 계약 가능성을 얻는다.","팀·보직·커리어·지위·명예","싼 신인 자원에서 프런트가 미래 페이롤과 거래를 고민해야 하는 스타로 올라선다.","프리드먼은 윤주혁이 5회까지 양키스를 4대1로 앞서게 하자 다음 날이면 지구 1위에 오를 수 있다고 생각하며 사무실에서 시가를 피운다.","식료품점 주인의 정체는 아버지 윤상현으로 밝혀지고, 미네소타전 타격 보상은 시즌 7호 투런으로 지급된다.","양키스와의 지구 선두 경쟁, 스캇 조나스가 나설 장기계약, 탬파가 값싼 서비스타임 뒤 윤주혁을 어떻게 다룰지가 남는다.","RA-008","high"
"51","51화","리턴 에이스 51화","9244","9434","공 하나가 승패를 가르는 만루에서 투수가 압박을 이기고 타자의 약점을 읽어야 한다는 에이스의 조건이 제시된다.","기록상 위기와 실제 투구 내용의 차이를 에이스의 집중력으로 지운다.","무사 만루를 최소 실점으로 막아 시즌 9승과 팀 분위기를 지킨다.","첫 타자를 삼진 처리하고 마쓰이 히데키에게 병살을 유도해 무실점 탈출한다.","수비와 판정이 만든 위기라 투수 혼자 통제하기 어렵고 한 점이면 흐름이 바뀐다.","무사 만루 무실점이 동료들의 신뢰를 폭발시켜 탬파 타선의 12득점으로 이어진다.","12대0 승리와 시즌 9승, 위기에서 팀 전체를 들어 올리는 에이스 평가를 얻는다.","팀·보직·커리어·경기·기록·지위·명예·관계","좋은 성적의 선발에서 동료가 ‘막아줄 것’이라 믿는 팀 중심으로 굳어진다.","세 경기의 실투를 복기한 윤주혁이 준비해 온 기회를 잡는 순간 묵직한 타격음이 울린다.","에인절스전 무사 만루는 마쓰이의 병살로 무실점 탈출하고 경기는 12대0, 시즌 9승으로 끝난다.","늘어난 피홈런을 줄일 교정, 방금 잡은 타격 기회의 결과, 시즌 10승 도전이 열린다.","RA-008","high"
"52","52화","리턴 에이스 52화","9435","9643","트로피카나 필드의 팬과 타자들이 윤주혁의 시즌 10승을 돕겠다며 디트로이트전 초반부터 출루한다.","팀의 득점 지원과 자기 타격이 모일 때 선발 승수라는 단기 보상이 확정된다.","미겔 카브레라를 막고 두 자릿수 승리를 달성한다.","롱고리아 3점포·조브리스트 솔로포 뒤 직접 3점 홈런을 치고 카브레라를 삼진 처리한다.","7회 2사 100구에서 완투 욕심이 있지만 시즌 건강 관리상 더 던질 수 없다.","조 매든이 주혁을 교체하며 개인 완투보다 장기 시즌을 우선한다.","9대0 승리, 시즌 10승과 관중의 기립박수를 얻는다.","팀·보직·커리어·경기·기록","신인 선발 성공에서 두 자릿수 승리를 가진 리그 핵심 투수로 올라선다.","10승과 시즌 8호 홈런을 축하받는 윤주혁에게 카를로스 페냐와 브라이언 무어가 함께 다가온다.","세 경기째 미뤄진 10승은 디트로이트전 9대0 승리로 달성되고, 완투 욕심은 매든의 장기 관리로 접힌다.","두 사람이 준비한 축하, 시즌 10호 홈런, 10승·10홈런이라는 새 기록 목표가 남는다.","RA-008","high"
"53","53화","리턴 에이스 53화","9644","9809","페냐가 10승 기념으로 듀라이거 맥주를 사라고 놀리고, 브라이언은 클럽하우스 전 직원 몫을 이미 준비했다고 알린다.","기록 도전은 부상 공백과 팀 슬럼프를 거쳐야 장기 가치가 생긴다.","시즌 막판 두 자릿수 홈런을 채우고 탬파의 양키스 추격을 되살린다.","훈련 중 발목 부상으로 15일 DL에 갔다가 복귀 첫 볼티모어전 타석에서 132m 솔로 홈런을 친다.","주혁의 이탈 동안 팀이 흔들리고, 복귀 직후 몸 상태와 타격감이 검증되지 않았다.","복귀 첫 스윙의 홈런이 침체된 타선을 깨우고 기록을 9호까지 당긴다.","건강한 복귀 확인, 시즌 9호 홈런, 팀 사기의 재점화를 얻는다.","신체·가용성·경기·기록","부상으로 멈춘 핵심에서 돌아오자마자 팀 흐름을 바꾸는 복귀 에이스가 된다.","복귀 첫 홈런으로 1대0을 만들고도 윤주혁은 4회 안에 적어도 두 점을 더 내야 경기 흐름을 붙들 수 있다고 본다.","발목 부상 뒤 정상 타격이 가능한지는 복귀 첫 타석 시즌 9호 홈런으로 확인된다.","볼티모어전 추가 득점, 시즌 10호 홈런, 부상 뒤 선발 투구와 팀의 양키스 추격이 열린다.","RA-008","high"
"54","54화","리턴 에이스 54화","9810","10052","윤주혁의 선취 솔로포 뒤 칼 크로포드부터 롱고리아까지 출루와 장타를 이어 탬파가 4대0으로 달아난다.","역사 기록의 마지막 한 걸음은 상대 투수의 가장 자신 있는 변화구를 학습해 넘어야 한다.","에릭 크리스에게 시즌 10호 홈런을 쳐 10승-10홈런을 완성한다.","첫 두 스플리터에는 타이밍을 잃지만 궤적과 속도를 수정해 다섯 번째 스플리터를 걷어 올린다.","더 빠르고 낮게 떨어지는 스플리터라 앞선 헛스윙 기억이 타석을 압박한다.","같은 구종에 연속 실패한 주혁이 마지막 공의 히팅 포인트를 정확히 잡는다.","담장을 향하는 기록 후보 타구와 상대 에이스의 심리적 동요를 만든다.","경기·기록","기록을 기다리는 타자에서 자신의 적응력으로 마지막 조건을 만들어낸 도전자로 이동한다.","완벽하게 떨어진 90마일 스플리터가 배트에 맞자 에릭 크리스가 믿지 못한 채 타구의 행방을 좇는다.","복귀 홈런 뒤 침체한 탬파 타선이 반응할지는 4대0 리드로 답한다.","타구가 담장을 넘을지, 10승·10홈런 달성 여부, 볼티모어전 최종 승패가 남는다.","RA-008","high"
"55","55화","리턴 에이스 55화","10053","10185","에릭 크리스의 가장 좋은 스플리터를 퍼 올린 타구가 담장을 넘어 윤주혁의 시즌 10호 홈런이 된다.","한 경기의 홈런이 야구사 기록, 국가적 관심, 다음 시즌 검증 압력으로 증폭된다.","10승-10홈런을 공식 달성하고 베이브 루스의 13승-11홈런 기록까지 추격한다.","경기를 이긴 뒤 ABC 스포츠 ‘What's the issue?’가 주혁의 투타 기술과 미래를 집중 분석한다.","유명세가 폭발하고 전문가 그렉 바우어는 체력·부상·2년 차 분석 대응을 경고한다.","‘한국의 베이브 루스’라는 일회성 화제가 신인왕 유력·스타 플레이어라는 공적 지위로 바뀐다.","현대 야구 첫 10승-10홈런, 아시아 전역의 관심, 신인왕 선두 평가를 얻는다.","경기·기록·지위·명예","탬파 신인 스타에서 메이저리그 역사를 새로 쓴 국제적 투타 스타로 올라선다.","시즌 19번째 선발을 삼구 삼진으로 연 윤주혁 앞에는 베이브 루스의 13승·11홈런까지 세 번의 선발승과 홈런 하나가 남아 있다.","54화의 타구는 시즌 10호 홈런으로 확정되어 10승·10홈런 기록을 완성한다.","남은 세 선발을 모두 이겨 13승에 닿을지, 시즌 11호 홈런과 신인왕, 다음 해 분석·부상 압력이 열린다.","RA-008","high"
"56","56화","리턴 에이스 56화","10186","10366","베이브 루스 기록까지 세 승이 남았어도 승수는 수비와 불펜이 함께 지켜야 한다는 부담 속에서 텍사스전이 시작된다.","개인 기록은 불펜·수비·타선의 공동 결과라 에이스 혼자 완성할 수 없다.","시즌 11승을 확보하고 팀의 지구 우승 경쟁을 지킨다.","100구 제한으로 내려간 뒤 호아킨 베노아와 불펜의 8회 투구를 지켜본다.","불펜이 6점을 내줘 7대4 역전패를 당하고 주혁의 승리가 사라진다.","개인 기록의 분노가 ‘이 집중력으로는 월드시리즈 우승이 불가능하다’는 팀 진단으로 바뀐다.","승수는 잃지만 팀 에이스로서의 존재감과 투구수 제한 논쟁이 더 커진다.","경기·기록·지위·명예","자기 성적을 좇는 스타에서 팀 전체의 우승 준비도를 냉정히 보는 리더로 이동한다.","56화 말미 재확인: 미네소타와의 정규시즌 최종전 시작 전, 조 매든이 4번 타자 윤주혁에게 무엇인가 말하려는 순간에서 회차가 끝난다.","시즌 19번째 선발에서 11승을 얻으려던 시도는 불펜의 7대4 역전패로 실패하고, 21번째 보스턴전에서 11승 자체는 뒤늦게 채워졌다고 같은 화 안에서 확인된다.","매든이 4번 타자에게 내릴 주문, 시즌 마지막 타격 결과, 포스트시즌을 앞둔 부상자 많은 라인업이 열린다.","RA-008","high"
"57","57화","리턴 에이스 57화","10367","10525","조 매든은 윤주혁을 4번에 놓은 이유가 출루보다 유감없는 풀스윙으로 정규시즌을 끝내게 하려는 것이라고 밝힌다.","긴 정규시즌의 투타 실험이 공식 기록표와 포스트시즌 선발 라인업으로 결산된다.","2주간 멈춘 홈런을 다시 치고 정규시즌을 강하게 마친다.","1회 2사 2루에서 시즌 12호 투런 홈런을 치고 4타석 3타수 2안타 2타점 1볼넷을 기록한다.","무어·조브리스트 등 부상자가 있고 주전 휴식으로 라인업의 깊이가 얕다.","필립 모리스도 연타석 홈런·5타점으로 시즌 10홈런을 채워 신인 동료의 성장이 함께 결산된다.","팀 11대2 승리, 투수 11승 3패 ERA 2.31·타자 .355 12홈런의 정규시즌 성적을 확정한다.","팀·보직·커리어·경기·기록·지위·명예","실험적 신인에서 지구 우승팀의 포스트시즌 6번 지명타자·핵심 선발로 자리 잡는다.","ALDS 1차전 2회 말, 윤주혁이 가장 싫어하는 정교한 제구와 디셉션을 가진 클리프 리 앞에서 첫 타격을 준비한다.","신인 정규시즌의 투타 실험은 11승·12홈런, 동부지구 우승과 포스트시즌 핵심 선발·지명타자 지위로 완결된다.","클리프 리 상대 첫 타석, 2점 차 추격, 텍사스와의 5전제 시리즈가 열린다.","RA-008","high"
"58","58화","리턴 에이스 58화","10526","10745","윤주혁은 클리프 리에게 투스트라이크를 내주기 전에 승부해야 한다고 판단해 초구를 노린다.","정규시즌에 아낀 주루 능력까지 단기전에서 해방해 한 점의 가치를 극대화한다.","제구왕 클리프 리에게 출루하고 텍사스의 예상을 깨 득점권을 만든다.","초구 패스트볼을 안타로 만든 뒤 단독 도루로 2루를 훔친다.","클리프 리의 디셉션·정교한 제구, 실패 시 1점 추격 기회를 날리는 도루 위험이 있다.","시즌 도루 0개였던 주혁이 가장 중요한 경기에서 주루 경험을 공개한다.","필립 모리스의 2점 홈런으로 홈을 밟아 2대2 동점을 만든다.","능력·기량·경기·기록","투타 선수에서 주루까지 상황별로 꺼내는 포스트시즌 전천후 자원으로 확장된다.","7회 말 4대3으로 뒤진 탬파의 선두타자 윤주혁이 자신이 한 점을 되찾겠다고 배트를 든다.","클리프 리에게 첫 출루와 득점을 만들 수 있는지는 초구 안타·도루·모리스 투런으로 해결된다.","클리프 리와 두 번째 승부, 한 점 추격의 결과, 발포어 이후 불펜과 1차전 승패가 남는다.","RA-009","high"
"59","59화","리턴 에이스 59화","10746","10958","90구를 넘기고도 코너워크가 살아 있는 클리프 리가 7회 말 윤주혁의 두 번째 중요한 승부를 맞는다.","메이저리그 포스트시즌의 한 방이 한국 고교 후배의 꿈과도 연결된다.","선두타자 홈런으로 경기를 원점으로 돌린다.","컷패스트볼과 체인지업을 골라낸 뒤 커브를 밀어쳐 동점 홈런을 만든다.","90구를 넘겼어도 코너워크가 살아 있는 클리프 리라 실투를 기다리기 어렵다.","대림고 최승일과 후배들이 그 홈런을 생중계로 보며 메이저리그 꿈을 구체화한다.","4대4 동점과 모교의 우상·롤모델이라는 세대적 영향력을 얻는다.","목표·상황","팀의 포스트시즌 해결사에서 한국 야구 꿈나무의 실재하는 경로로 의미가 확대된다.","대림고 후배들이 언젠가 윤주혁이 모교를 찾을 때 자랑스러울 수 있도록 자신들도 대회에서 우승하자고 뜻을 모은다.","7회 한 점을 자신이 따라잡겠다는 약속은 클리프 리 상대 동점 홈런으로 지켜진다.","4대4가 된 1차전 최종 승패, 최승일의 장기 성장, 탬파 불펜의 버티기가 남는다.","RA-009","high"
"60","60화","리턴 에이스 60화","10959","11196","윤주혁의 홈런을 본 대림고 후배들이 모교 선배를 롤모델로 삼고, 최승일은 받은 조언을 되새긴다.","단기전의 한 경기 패배를 다음 날 에이스 선발이 직접 뒤집는 구조가 선명해진다.","예정보다 하루 당겨진 2차전 선발에서 시리즈를 1승 1패로 만든다.","불펜에서 101마일 포심·90마일 체인지업·97마일 투심을 점검하고 1회 텍사스 상위 타선을 연속 삼진 처리한다.","1차전 역전패의 침체와 짧아진 준비일, 팀 중간계투 불안이 있다.","텍사스 감독 론 워싱턴의 철저한 분석도 첫 이닝 세 타자 삼진 앞에서 무력해진다.","팀에 ‘분위기를 바꿀 수 있다’는 즉각적 확신과 압도적 2차전 출발을 준다.","팀·보직·커리어","포스트시즌 중심 타자에서 탈락 위기 흐름을 책임지는 에이스 선발로 역할이 전환된다.","엘비스 앤드루스와 마이클 영에 이어 타율 1위 조시 해밀턴까지 삼진을 당해 텍사스의 첫 이닝 전략이 무너진다.","4대4 이후 1차전은 윤주혁의 추가 타점에도 8대7 패배로 끝난다.","2차전에서 삼진 출발을 몇 이닝 유지할지, 타선의 득점 지원, 시리즈를 1승 1패로 되돌릴지가 열린다.","RA-009","high"
"61","61화","리턴 에이스 61화","11197","11380","카를로스 페냐가 1할대 비판을 뒤집는 3점 홈런을 쳐 윤주혁의 2차전 마운드에 리드를 준다.","에이스의 무실점 투구가 타선의 추가점과 맞물려 전날 패배를 완전히 지운다.","텍사스 중심 타선을 봉쇄하고 최대한 긴 이닝을 책임진다.","게레로를 100마일로 삼진, 해밀턴을 102마일로 삼진 잡고 7.2이닝까지 던진다.","리그 최고 타선이 홈런 한 방으로 분위기를 바꿀 수 있고 전날 팀 불펜 붕괴의 기억이 남아 있다.","6회 5대0, 8회 7대0으로 점수 차가 벌어져 불펜도 부담 없이 이어받는다.","9대0 승리, 포스트시즌 첫 승, 7.2이닝 무실점 14탈삼진이라는 대표 경기를 얻는다.","경기·기록·지위·명예","신인왕 후보를 넘어 단기전에서 상대 에이스 타선을 지워내는 확실한 포스트시즌 에이스가 된다.","국내 기사는 윤주혁의 첫 디비전시리즈 선발승과 남은 포스트시즌에서의 추가 활약이 기대된다는 평가로 끝난다.","전날 패배를 지울 2차전은 7.2이닝 무실점과 9대0 대승으로 완결된다.","텍사스 원정 3·4차전, 투구 이틀 뒤 타격 출전 여부, 대표팀 합류 전까지의 일정이 남는다.","RA-009","high"
"62","62화","리턴 에이스 62화","11381","11540","2차전 완벽투 기사 댓글에서 한국 팬들이 14탈삼진과 해밀턴 상대 3삼진을 되짚는다.","포스트시즌 에이스가 하루 휴식 뒤 다시 중심 타자로 팀의 가장 중요한 경기를 책임진다.","글로브 라이프 파크에서 C.J. 윌슨을 조기 공략해 3차전 주도권을 잡는다.","타자 친화 구장·좌타 홈런 파크팩터와 양 팀 장타력을 분석하고 페냐의 배트를 받는다.","텍사스 장타선은 더 강하고, 제임스 쉴즈는 C.J. 윌슨보다 정규시즌 성적·피홈런이 불리하다.","부상으로 빠진 페냐가 2차전 3점포 배트를 맡기며 ‘그랜드슬램’을 주문한다.","팀 중심 타순과 베테랑의 믿음, 1회 2사 1·2루 첫 득점 기회를 얻는다.","팀·보직·커리어·경기·기록·관계","선발승 직후 휴식하는 투수가 아니라 시리즈의 매 경기 핵심 역할을 수행하는 투타 에이스가 된다.","2볼에서 C.J. 윌슨의 포심을 크게 때린 윤주혁의 타구가 파울이 되어 첫 타석 승부가 계속된다.","선발승 이틀 뒤 몸이 타격 출전을 견딜지는 3차전 5번 지명타자 기용으로 확인된다.","페냐의 배트로 만든 첫 타석 결과, 제임스 실즈의 피홈런 억제, 원정 3차전 승패가 열린다.","RA-009","high"
"63","63화","리턴 에이스 63화","11541","11747","C.J. 윌슨의 바깥쪽 포심을 정확히 맞히고도 파울이 된 뒤 배터리가 다음 구종을 고심한다.","중심 타자의 선취점도 선발 투수가 곧바로 지키지 못하면 다시 같은 부담으로 돌아온다.","초반 3점을 만들고 흔들리는 제임스 쉴즈를 타선에서 보조한다.","2루타 뒤 필립 모리스 안타 때 홈까지 들어와 3대0을 만든다.","쉴즈가 1회에 연속 안타·폭투·높은 변화구로 5점을 내주며 리드를 즉시 잃는다.","3대0 선취가 3대5 열세로 바뀌고, 3회 주혁은 12구가 넘는 끈질긴 두 번째 타석을 벌인다.","첫 타석 2타점과 득점, C.J. 윌슨의 투구 수·감정을 소모시키는 승부를 만든다.","팀·보직·커리어·경기·기록","선취점을 만드는 해결사에서 무너지는 선발을 대신해 경기 전체를 붙드는 타자로 압박이 커진다.","포수의 커브 유인구 사인을 거절한 C.J. 윌슨이 2사 2루에서 윤주혁에게 몸쪽 전력 포심으로 끝내겠다고 정한다.","첫 타석 선취점은 2타점 2루타와 모리스의 적시타로 3점까지 만들어진다.","길어진 두 번째 타석의 결과, 3대5 열세 반전, 실즈 뒤 투수진이 추가 실점을 막을지가 남는다.","RA-009","high"
"64","64화","리턴 에이스 64화","11748","11952","C.J. 윌슨이 가장 후회 없는 공으로 택한 몸쪽 포심을 던지자 윤주혁의 배트가 즉시 나온다.","한 선수의 최고 타격에도 투수진 전체가 무너지면 포스트시즌은 닫힌다.","추가 출루와 장타로 3차전을 붙들고 시리즈 탈락을 막는다.","8회 대런 오데이에게 안타를 치지만 모리스의 병살로 마지막 반격이 끊긴다.","쉴즈와 댄 윌러가 실점을 이어가 9대5가 되고 텍사스 불펜은 단단하다.","3차전 패배 뒤 4차전도 5대3으로 져 탬파가 1승 3패로 탈락한다.","개인적으로 17타석 13타수 8안타 2홈런 7타점 6득점 5볼넷의 포스트시즌 성적을 남긴다.","경기·기록","포스트시즌 영웅이지만 팀 구조의 한계를 혼자 넘지 못한 선수로 첫 가을 실패를 경험한다.","1년 만에 고향 빌라로 돌아온 윤주혁이 문 앞에서 두 팔을 벌린 어머니 임혜정을 꼭 안는다.","텍사스 ALDS는 윤주혁의 원맨 분투에도 1승 3패 탈락으로, 3차전 긴 승부는 동점 홈런으로 각각 끝난다.","가족에게 전할 말, 포스트시즌 실패의 후속, 광저우 대표팀 합류와 국내 계약 정리가 남는다.","RA-009","high"
"65","65화","리턴 에이스 65화","11953","12175","어머니에게 고생했다는 말을 들은 윤주혁이 부모를 소파에 앉히고 건강히 돌아왔다며 큰절한다.","시즌 성취가 가족 화해와 위험한 과거 계약을 선제적으로 피하는 장기 보상으로 이어진다.","부모와 관계를 회복하고 믿을 수 있는 국내 매니지먼트를 선택한다.","PS 에이전시 황영수를 사기꾼이라 경고하고 과거 끝까지 함께한 라온 스포츠의 김창섭을 직접 찾아간다.","황영수는 이미 부모에게 접근했고 라온은 직원 3명의 작은 회사라 영향력이 약하다.","대형 PS의 제안을 버리고 인간성과 신뢰를 기준으로 라온과 계약한다.","부모에게 사랑을 전하고 과거의 광고비 횡령·이미지 실추 경로를 사전에 차단한다.","팀·보직·커리어·관계","가족과 계약에서 수동적으로 당했던 과거의 선수에서 사람을 선별하는 주체가 된다.","뜻밖의 방문자를 놓치지 말라는 점괘를 떠올린 김창섭이 윤주혁의 손을 잡고 자신을 라온 스포츠 대표라고 소개한다.","귀국 뒤 가족 재회는 사랑과 감사의 말로, 국내 대리인 선택은 라온을 직접 찾아간 행동으로 닫힌다.","라온과 체결할 구체 계약, 황영수의 반응, 대표팀 합류 전 일정과 가족 지원이 열린다.","RA-010","high"
"66","66화","리턴 에이스 66화","12176","12438","PS 대표 황영수가 윤주혁의 라온 계약 기사를 보고 이미 광고주에게 받은 선금을 되돌릴 처지에 놓인다.","과거의 사기 피해를 피한 한 선택이 악인의 조기 몰락과 선한 조직의 성장으로 번진다.","라온은 밀려드는 광고 문의를 선수 우선 원칙으로 처리한다.","김창섭은 방송·촬영을 대표팀 뒤로 미루고, PS에서 부당 해고된 이동호 팀을 채용한다.","라온은 인력이 턱없이 부족하고 황영수는 자금 횡령 상태에서 직원에게 폭력을 쓴다.","PS가 버린 숙련 인력들이 라온으로 옮겨와 업무와 매니저 공백을 동시에 메운다.","라온은 즉시 운영 역량을 확보하고 박성현이 주혁의 전담 매니저가 된다.","목표·상황","소규모 에이전시가 스타 한 명에 의존하는 조직에서 경험 인력을 갖춘 성장 조직으로 바뀐다.","윤주혁이 황영수의 본모습을 다 알고 있었다고 하자 박성현이 “어떻게” 알았느냐고 묻는다.","라온이 스타 계약 뒤 밀려든 업무를 감당할지는 PS 출신 숙련 인력 세 명의 즉시 채용으로 해결된다.","윤주혁이 사기 정보를 설명할 수 있을지, 박성현과의 신뢰, 황영수의 횡령 후속이 남는다.","RA-010","high"
"67","67화","리턴 에이스 67화","12439","12691","윤주혁은 황영수 이야기를 더 묻지 말라며 굶은 박성현과 먼저 밥을 먹으러 나간다.","신뢰할 관리 체계가 야구 집중과 대표팀 준비를 실제 일정으로 받쳐준다.","광저우 소집 전 몸을 유지하고 병역 특례가 걸린 금메달 준비를 시작한다.","추신우의 제안을 받아 부산 자이언츠 2군 시설에서 함께 훈련하고 대표팀 동료들을 미리 익힌다.","시즌 뒤 피로와 새 매니저·훈련지 이동, 도하 대회의 실패 기억이 압박한다.","혼자 러닝만 하려던 계획이 추신우와 실전 감각을 유지하는 공동 훈련으로 바뀐다.","믿을 매니저, 추신우라는 선배, 부산 시설과 24인 대표팀 자리까지 확보한다.","경기·기록·관계","귀국한 개인 스타에서 국가대표 우완투수이자 한국 야구 선배들과 연결된 선수로 이동한다.","기사에 윤주혁을 포함한 광저우 대표팀 24명이 공개되고 첫 경기가 11월 13일 대만전임이 확정된다.","소집 전 훈련 장소와 매니저 관계는 추신우의 부산 시설 제안과 박성현의 전담 배치로 닫힌다.","대표팀에서 윤주혁의 보직, 대만전 출전, 금메달과 병역 특례가 남는다.","RA-010","high"
"68","68화","리턴 에이스 68화","12692","12877","윤주혁이 1위표 26장으로 한국인 최초 아메리칸리그 신인왕을 수상했다는 기사가 발표된다.","메이저리그 개인 최고 신인 보상이 국가대표의 금메달 과제로 즉시 이어진다.","신인왕의 흥분을 접고 대표팀 훈련·전술에 맞춰 대만전을 준비한다.","문성욱 감독 아래 연습경기를 소화하고 광저우로 이동해 현지 적응을 한다.","긴 시즌과 포스트시즌 뒤 또 대회를 치러야 하고 국가대표 경험이 처음이다.","문성욱은 주혁·류현준·추신우·이대훈을 투타 핵심 열쇠로 분류한다.","공식 신인왕 타이틀과 국가대표 핵심 전력이라는 지위를 얻는다.","지위·명예","유력 후보에서 수상자로 확정되고, 클럽 스타에서 국가대표 에이스 후보로 확장된다.","대만 선발 링 쉬안이 수비 실책과 연속 안타까지 겹쳐 1회에 7실점하며 첫 경기가 일찍 기운다.","시즌 내내 남았던 신인왕 여부는 141점 압도적 수상으로 확정된다.","첫 대만전의 콜드게임 여부, 윤주혁의 실제 등판, 결승까지 금메달 경로가 열린다.","RA-011","high"
"69","69화","리턴 에이스 69화","12878","13107","대만이 1회 7실점 뒤 불펜을 올리지만 한국은 도하 대회 역전패를 경계해 집중을 늦추지 않는다.","스타 한 명이 아니라 대표팀의 압도적 층위가 짧은 국제대회 보상을 빠르게 쌓는다.","자만 없이 예선·준결승을 통과하고 결승 대만전을 준비한다.","한국은 대만 10대0, 홍콩 11대0, 파키스탄 17대0, 중국 18대0으로 네 경기 연속 5회 콜드승한다.","압승이 계속될수록 도하 실패를 잊고 집중력을 놓칠 위험이 있다.","결승에서는 류현준이 5이닝 3실점해 4대3 한 점 차가 되고 주혁이 6회에 등판한다.","전승 결승 진출, 팀 전체 신뢰, 금메달을 마무리할 직접 기회를 얻는다.","팀·보직·커리어·경기·기록·지위·명예","등판 없이 대기하던 불펜 에이스에서 결승의 가장 중요한 네 이닝을 맡는 투수로 전환된다.","윤주혁의 연속 강속구와 삼진 앞에서 다시 달아오르던 대만 벤치와 타자들이 침묵한다.","예선부터 결승 진출까지의 길은 네 경기 연속 5회 콜드승으로 끝난다.","결승 4대3 리드를 9회까지 지킬지, 타선의 추가점, 금메달과 병역 해결이 남는다.","RA-011","high"
"70","70화","리턴 에이스 70화","13108","13330","윤주혁의 160km대 포심을 받은 포수 박경환이 붉게 부은 손으로도 지금껏 잡은 최고의 공이라 감탄한다.","투수의 무실점 압박과 타선의 도망가는 점수가 합쳐져 국가적 장기 보상을 확정한다.","4대3 리드를 끝까지 지켜 금메달과 병역 문제를 해결한다.","6~9회를 퍼펙트로 막아 8탈삼진을 기록하고 마지막 타자를 체인지업 땅볼로 처리한다.","한 점 차에서 시작해 단 한 명의 출루도 허용할 수 없는 결승 압박이 있다.","박경환 2점포와 강성호 3점포로 스코어가 11대3까지 벌어져 금메달이 확정권에 든다.","광저우 금메달, 병역 특례, 4이닝 퍼펙트 8탈삼진과 부모에게 보여줄 메달을 얻는다.","경기·기록·지위·명예·관계","메이저리그 신인왕에서 국가대표 금메달리스트로 커리어 타이틀이 하나 더 쌓인다.","광고·방송 선별 통화를 마치고 거실로 나온 윤주혁에게 어머니 임혜정이 무엇을 상의했는지 묻는다.","광저우 금메달과 병역 특례는 대만 결승 11대3 승리, 윤주혁의 4이닝 퍼펙트로 완결된다.","부모와 찍을 첫 가족사진, 선택한 광고 계약 조건, 어머니에게 설명할 국내 일정이 남는다.","RA-011","high"
"71","71화","리턴 에이스 71화","13331","13504","어머니가 방에서 무슨 전화를 했느냐고 묻자 윤주혁은 여자친구가 아니라 에이전시와 광고 계약을 상의했다고 답한다.","스타의 상업적 보상이 가족·에이전시·야구 정체성을 훼손하지 않는 방식으로 관리된다.","과도한 방송 노출을 피하면서 신뢰할 광고만 소화하고 가족 시간을 지킨다.","2주간 12개 광고와 헤네시스 스폰서 계약을 맺되 방송은 거절하고 다큐는 보류한다.","21개 광고·9개 방송 제안이 몰리고 촬영이 야구 준비 시간을 잠식할 수 있다.","광고 수입은 연봉의 10배가 넘고 라온 사무실은 세 배로 확장되지만 추가 촬영을 중단한다.","가족사진, 부모 차량·유류비, 큰 광고 수익과 라온의 성장이라는 현실적 보상을 얻는다.","지위·명예·관계","신인왕 스타에서 자기 브랜드와 노출 경계를 직접 통제하는 프로로 성장한다.","모교 후배 장비와 3일 뒤 방문 일정을 확인한 김창섭이 빈 접시와 술병을 보고 먼저 계산하러 일어난다.","몰린 상업 제안은 선수 이미지에 맞는 12개 광고만 택하고 방송을 끊는 방식으로 정리된다.","모교 후배들에게 장비를 건넬 방문, 가족 여행과 부모의 새 생활, 내년 다큐 여부가 남는다.","RA-012","high"
"72","72화","리턴 에이스 72화","13505","13720","김창섭이 1차부터 3차까지 쏘겠다고 외치자 윤주혁이 횟집 계산은 이미 자신이 했고 다음 자리는 빠지겠다고 말한다.","돈과 명성이 과거에 하지 못한 효도와 후배 지원으로 전환된다.","부모에게 더 나은 생활을 주고 모교 후배들에게 성공 경로를 설명한다.","부모 취향의 마당 있는 주택 건설을 이미 준비했다고 밝히고 대림고를 방문해 연설한다.","부모는 아들에게 부담 주기 싫어 집을 거절하고 문창진은 주혁 성공을 자기 공으로 포장한다.","주혁은 감독의 자랑을 참는 대신 후배들에게 선입견·노력·몸 보호의 메시지를 직접 준다.","아버지와의 진솔한 화해, 부모를 위한 집, 후배들에게 장비와 가능성의 언어를 남긴다.","관계","가족에게 성공을 보여주는 아들에서 성공 자원을 구체적으로 환원하는 후원자·선배가 된다.","윤주혁이 한계를 정하지 말라는 연설의 근거로 이치로의 발언을 적어 온 종이를 펼쳐 읽기 시작한다.","성공 보상을 부모에게 어떻게 돌릴지는 두 사람만을 위한 마당 있는 주택 건설로 답한다.","연설의 결론, 최승일을 비롯한 후배들의 반응, 장비 지원과 개인 코칭이 열린다.","RA-012","high"
"73","73화","리턴 에이스 73화","13721","13897","윤주혁이 이치로가 타고난 재능보다 누구보다 많이 연습했다고 한 말을 후배들에게 읽어 준다.","한 선수의 성공은 다음 세대의 구체적 기술·목표·버티는 이유로 이어진다.","최승일의 투구를 고치고 메이저리그 꿈을 부끄러워하지 않게 만든다.","릴리스 포인트를 앞으로 당기라고 개인 코칭하고 은퇴 전 메이저리그에서 만나자고 약속한다.","최승일은 재능 차이와 낮은 구속 때문에 자신의 큰 꿈을 자신 있게 말하지 못한다.","주혁의 ‘내가 남아 있을 테니 꼭 와라’는 약속이 최승일의 의지를 확정한다.","후배의 장기 목표와 자기 관리 의지를 살리고, 가족과 하와이 1주 휴가를 보낸다.","목표·상황","롤모델이라는 추상적 지위에서 특정 후배의 커리어를 밀어주는 실제 멘토로 바뀐다.","새 거처 후보를 보는 윤주혁이 스티븐 킴에게 그 레지던스에서 구장까지 차로 얼마나 걸리는지 묻는다.","모교 방문은 장비 지원, 최승일 코칭과 메이저리그 약속으로 끝나고 가족 여행도 하와이 일주일로 실현된다.","탬파의 새 집과 차량, 부산 자이언츠 플로리다 캠프, 2011년 새 구종 준비가 남는다.","RA-012","high"
"74","74화","리턴 에이스 74화","13898","14114","구장까지 약 20분이라는 답을 들은 윤주혁이 방범과 기본 옵션을 보고 새 레지던스를 고른다.","시즌 성과가 주거·스폰서 같은 생활 안정으로 이어지고, 그 기반 위에서 새 구종 훈련이 시작된다.","캠프 전 거처를 정하고 2011년 대비 커브를 실전급으로 끌어올린다.","레지던스를 계약하고 헤네시스를 받은 뒤 부산 자이언츠 캠프에서 커브를 반복한다.","커브는 1년 넘게 연습해도 밋밋하고 제구·상하체 밸런스가 불안하다.","전설적 ‘무쇠팔’ 최종원이 주혁의 문제를 보고 직접 도와주겠다고 제안한다.","안정된 미국 생활과 한국 최고의 커브 노하우를 배울 스승을 얻는다.","능력·기량·경기·기록","혼자 새 구종을 붙잡던 선수에서 검증된 대선배에게 배우는 제자로 바뀐다.","최종원이 커브 코칭에 들어가기 직전 윤주혁에게 준비됐느냐고 묻는다.","스프링캠프 전 거처와 훈련지는 새 레지던스와 부산 자이언츠 전지훈련 합류로 해결된다.","최종원의 교정으로 커브가 실제로 달라질지, 한 달 훈련의 결과, 탬파 연봉·연장계약이 열린다.","RA-013","high"
"75","75화","리턴 에이스 75화","14115","14289","윤주혁이 준비됐다고 답하자 최종원이 커브 그립과 스핀, 떨어지는 각도의 위험부터 설명한다.","단기 코칭은 즉각적인 마구가 아니라 반복 가능한 자세와 장기 성장 방향을 남긴다.","부산 캠프 한 달 동안 실투를 줄이고 커브의 기본 궤적을 안정시킨다.","자투리 시간마다 최종원의 교정을 받아 릴리스와 컨트롤을 반복한다.","한 달 뒤에도 위력은 미약하며 투타 훈련과 회복 시간을 나눠야 한다.","최종원이 처음으로 밸런스·릴리스·실투 감소를 칭찬하고 가능성을 인정한다.","실전 사용 직전의 커브 기반과 전설적 스승의 믿음, 혹사 금지라는 원칙을 얻는다.","능력·기량·경기·기록·관계","결과를 급히 원하는 선수에서 감각이 익을 때까지 반복하는 장기 수련자로 성장한다.","윤주혁과 스캇 조나스가 인센티브를 포함한 탬파의 7년 5,580만 달러 연장 제안을 받아들이지 않는다.","최종원에게 배운 커브는 아직 완성 전이지만 릴리스·밸런스·실투 감소라는 실전 기반을 얻는다.","거절 뒤 탬파와의 관계, 2011년 커브 실전 투입, 50만 달러 시즌에서 가치를 얼마나 더 올릴지가 남는다.","RA-013","high"
"76","76화","리턴 에이스 76화","14290","14469","롱고리아가 노예계약을 감수한 것과 달리 윤주혁은 탬파가 주축 16명 이상을 내보낸 뒤 장기 애정이 더 식었다고 판단한다.","팀의 기회에 감사하되 헐값에 묶이지 않고 최고 선수·최고 계약이라는 장기 목표를 지킨다.","2011년에도 투타 가치를 높여 연봉조정 뒤 더 큰 시장으로 갈 선택권을 만든다.","카를로스 페냐 등 16명 넘는 이탈을 확인하고, 캠프에서 커브와 타격을 동시에 끌어올린다.","전력 유출로 팀 경쟁력이 약해지고 투타 훈련량 때문에 감각 회복 부담이 커진다.","애런 루이스가 크게 좋아진 커브를 인정하고 매든이 주혁을 2선발·6번 타자로 확정한다.","50만 달러의 낮은 연봉 대신 장기 자유와 팀 내 2선발·중심 타순 지위를 얻는다.","팀·보직·커리어·경기·기록","보호받는 신인에서 팀 성패와 자기 시장가치를 동시에 책임지는 스타로 격상된다.","전력이 얇아진 첫 시범경기 라인업을 본 탬파 팬들은 그래도 조 매든이 신인을 잘 써 공백을 메울 것이라고 믿는다.","헐값 장기계약 여부는 거절로, 새 시즌 기본 보직은 2선발과 6번 지명타자로 확정된다.","약한 라인업이 실제 시범경기에서 버틸지, 커브와 타격의 실전 감각, 투타 성적 조건이 남는다.","RA-013","high"
"77","77화","리턴 에이스 77화","14470","14660","양키스와의 첫 시범경기에서 데이비드 프라이스가 위력적인 구위를 보이다 1회에 5점을 잃는다.","시범경기는 승패보다 자기 문제를 빠르게 찾아 고치는 반복 훈련의 무대가 된다.","퍼렐 젠킨스를 상대로 6번 타자 역할과 낮은 공 대처를 점검한다.","1회 2사 1·3루에서 바깥쪽 패스트볼을 밀어 1타점 안타를 친다.","스플리터·슬라이더 등 낮은 변화구에 배트 반응이 늦고 팀은 5점 차로 시작한다.","안타 결과보다 낮은 공 배트 스피드 저하를 더 중요한 훈련 과제로 잡는다.","첫 경기 3타수 2안타 3타점 1볼넷과 명확한 보완 항목을 얻는다.","목표·상황","자리 확보를 위해 결과만 내던 전년 캠프에서 문제를 실험·수정하는 주전으로 달라진다.","짐 릴랜드가 1회도 채우지 못한 저스틴 벌랜더에게 일주일 동안 경기에 나서지 말고 몸과 투구폼을 다시 만들라고 지시한다.","6번 타자 첫 실전은 2안타 3타점으로 통과하고, 낮은 공 대응은 추가 훈련 과제로 구체화된다.","벌랜더와 대비되는 윤주혁의 준비 상태, 첫 시범 선발, 커브의 실전 공개가 열린다.","RA-014","high"
"78","78화","리턴 에이스 78화","14661","14824","저스틴 벌랜더가 릴랜드의 일주일 훈련 지시를 받아들이고 마이너 투수 에디 가렛이 급히 이닝을 이어받는다.","준비의 차이와 새 커브가 2년 차 징크스 우려를 정면으로 지운다.","전력 투구 없이 디트로이트 타선을 막고 커브를 실전에서 처음 검증한다.","3이닝 퍼펙트 뒤 4회 82마일 커브를 섞어 최종 5이닝 퍼펙트 7탈삼진을 기록한다.","상대는 주혁 자료를 충분히 축적했고 커브는 아직 결정구 완성도가 낮다.","강속구만 대비하던 타자들이 같은 릴리스의 느린 커브에 연속 헛스윙한다.","짐 릴랜드의 극찬과 시범경기 투수 27이닝 무실점 44K·타자 6홈런 24타점 성적을 얻는다.","경기·기록·지위·명예","2년 차 검증 대상에서 이미 준비를 끝낸 리그 에이스 후보로 평가가 바뀐다.","시즌 운영 면담을 위해 매든 사무실에 온 윤주혁이 감독이 타는 한국 인스턴트 커피가 입맛에 맞는지 묻는다.","최종원에게 배운 커브의 첫 실전성은 디트로이트 5이닝 퍼펙트와 캠프 무실점으로 확인된다.","매든이 제시할 정규시즌 투타 운용 조건, 커브 사용률, 개막전 보직과 책임이 남는다.","RA-014","high"
"79","79화","리턴 에이스 79화","14825","15005","매든은 한국 팬이 보낸 커피믹스가 달고 간편하다며 윤주혁에게 고맙다는 뜻을 전해 달라고 한다.","투타 겸업의 자유는 성적 기준·휴식일·100구 제한이라는 명시적 관리 조건과 함께 주어진다.","올스타 브레이크까지 타격을 유지하고 선발 투구량도 건강하게 늘린다.","선발 다음 날 휴식, 100구 원칙, 7회 100구 미만이면 완투 도전 가능 조건을 받아들인다.","타격 부진 시 투수 전념으로 전환되고 스타의 사생활·행실도 평가 대상이 된다.","개막 토론토전에서 2루타 두 개를 친 주혁이 8회 2사 만루 마지막 승부를 맡는다.","신인이 아니라 팀 스타라는 공식 책임과 완투 도전의 제한적 자율권을 얻는다.","팀·보직·커리어·경기·기록","파격적으로 쓰이는 선수에서 수치화된 운영 계약 아래 투타를 책임지는 주전이 된다.","개막전 8회 2사 만루, 병살을 노리는 폴 클락의 첫 싱커가 윤주혁을 향해 날아온다.","2011년 투타 겸업의 휴식·투구 수·타격 유지 조건은 매든과의 면담으로 명시된다.","만루 첫 공과 타석 결과, 3대2 열세 반전, 다음 날 첫 선발까지 회복할지가 열린다.","RA-014","high"
"80","80화","리턴 에이스 80화","15006","15170","2사 만루의 윤주혁이 폴 클락을 교체하지 않는 선택에서 낮은 싱커 승부를 예상한다.","겨울에 보완한 인사이드아웃 스윙이 가장 낮은 공을 역사적 개막 보상으로 바꾼다.","3대2 열세를 한 번에 뒤집는다.","볼 두 개를 골라낸 뒤 다섯 번째 몸쪽 낮은 싱커를 퍼올려 그랜드슬램을 친다.","빗맞으면 병살·이닝 종료이며 폴 클락의 싱커는 무릎 아래로 날카롭게 떨어진다.","정교한 노년 타법과 전성기 파워가 결합해 6대3 역전이 완성된다.","5타석 4타수 3안타 1홈런 4타점, 개막전 역전승과 리그 최고의 첫날 화제를 얻는다.","경기·기록","투타 겸업 스타에서 개막전 한 경기의 서사를 지배한 팀 간판으로 올라선다.","개막전 그랜드슬램의 다음 날, 복수를 준비한 토론토 타선을 상대하기 위해 윤주혁이 시즌 첫 선발 마운드에 오른다.","79화의 만루 승부는 2011년 리그 첫 그랜드슬램과 6대3 역전승으로 완결된다.","전날 전력 타격 뒤 첫 선발 성적, 토론토의 분석 대응, 몸 회복과 투구 수가 남는다.","RA-014","high"
"81","81화","리턴 에이스 81화","15171","15346","토론토 타자들은 1년치 분석 자료를 갖고도 포심·투심·체인지업과 완급을 모두 상대해야 하는 부담을 느낀다.","타자로 만든 하루짜리 열기를 정교해진 제구의 선발 승리로 이어 가는 투타 겸업의 연속 보상을 보여 준다.","호세 바티스타를 중심으로 한 토론토 타선을 초반부터 눌러 첫 승의 흐름을 만든다.","낮고 바깥쪽 코스를 집요하게 찌르고, 바티스타에게도 유인구와 결정구를 순서대로 배치해 삼진을 잡는다.","개막 직후라 타자의 눈과 심판 존이 불안정하고, 전날 전력 타격을 한 몸으로 곧바로 선발 임무를 치러야 한다.","주혁이 1회를 잠그는 사이 토론토 선발 브렛 세실의 제구가 흔들리며 탬파 타선이 먼저 점수를 뽑는다.","겨울 동안 다듬은 코너워크가 강타자에게 통한다는 첫 실전 확인과 초반 리드를 얻는다.","능력·기량·팀·보직·커리어","개막전 영웅에서 타격 다음 날에도 경기 계획을 지배하는 선발로 역할이 전환된다.","1사 1·3루에서 벤 조브리스트가 좌타석에 서고, 래리 허드슨이 그 승부를 설명하려 입을 연다.","토론토가 분석한 새 시즌 첫 이닝은 윤주혁의 코너워크와 바티스타 삼진으로 막힌다.","조브리스트 뒤 윤주혁의 첫 타석, 브렛 세실의 몸쪽 대응, 시즌 첫 승 완성이 남는다.","RA-015","high"
"82","82화","리턴 에이스 82화","15347","15555","중계진이 좌우 타석 성적 차이가 적은 슈퍼 유틸리티 벤 조브리스트의 강점을 설명한다.","보복보다 배트로 답하는 주혁의 원칙이 한 경기 안에서 투구 지배와 장타 보상을 함께 만든다.","몸에 맞는 공을 피하면서 세실의 실투를 놓치지 않고 점수 차를 벌린다.","포수에게 고의 사구성 승부를 경고한 뒤 가운데 몰린 공을 2점 홈런으로 보내고, 5회에는 적시타를 더한다.","흥분해 맞대응하면 퇴장이나 부상으로 투타 임무를 모두 잃을 수 있고, 마운드에서는 긴 타석 뒤 집중력을 다시 세워야 한다.","몸쪽 위협이 주혁을 흔드는 대신 세실의 제구를 무너뜨려 6회까지 8대0의 일방적 흐름이 된다.","타석에서 2안타·홈런·3타점·볼넷을 쌓고, 6회에는 세 타자를 연속 삼진으로 잡는다.","경기·기록","상대가 견제해야 할 신예에서 위협을 곧바로 득점과 삼진으로 되갚는 중심 선수로 굳어진다.","6이닝 92구의 윤주혁이 어깨에 여유가 있다고 확인하고 7회까지 무실점으로 마칠 준비를 한다.","토론토의 몸쪽 압박은 윤주혁의 홈런·적시타와 8대0 리드로 되돌아간다.","7회 8구 안에 두 아웃을 잡을지, 최종 투구 기록과 시즌 첫 승, 100구 규칙의 실제 적용이 남는다.","RA-015","high"
"83","83화","리턴 에이스 83화","15556","15700","탬파 타구가 중견수 글러브에 들어가 이닝이 끝나자 윤주혁이 다시 마운드로 가 100마일 초구를 꽂는다.","개인의 완벽한 출발 뒤 곧바로 팀 전력 공백이 닥쳐, 긴 시즌 보상은 한 명의 기록만으로 지킬 수 없음을 드러낸다.","첫 승의 기세를 팀의 연승과 안정된 시즌 출발로 연결한다.","7이닝 동안 7안타와 1볼넷만 허용한 채 위기마다 삼진으로 막고, 이후 경기에서도 타선의 한 축으로 나선다.","토론토 3차전 패배 뒤 에반 롱고리아가 옆구리 부상으로 한 달 이탈하고 매니 라미레스까지 빠지며 타선 구조가 무너진다.","화이트삭스에 스윕당해 4연패에 빠진 뒤, 볼티모어전에서는 마크 레이놀즈에게 2점 홈런을 맞고 타선도 5회까지 침묵한다.","개인 첫 승과 선발로서의 압도적 수치를 확보하지만 팀 성적 보상은 즉시 소진된다.","신체·가용성·팀·보직·커리어·경기·기록","좋은 출발을 즐기는 2년 차 에이스에서 부상과 연패를 끊어야 하는 위기 해결사로 처지가 바뀐다.","볼티모어전 5회까지 0대2로 뒤진 윤주혁은 분석당한 자신 혼자 경기를 뒤집기 어려운데 롱고리아 이탈 뒤 타선마저 식었다고 본다.","토론토 상대 시즌 첫 선발은 7이닝 무실점 11탈삼진, 8대0 첫 승으로 끝난다.","볼티모어전 반격과 4연패 탈출, 롱고리아·라미레스의 공격 공백, 윤주혁의 긴 이닝 버티기가 열린다.","RA-015","high"
"84","84화","리턴 에이스 84화","15701","15884","윤주혁은 더 내주면 역전이 어렵다고 판단하고 볼티모어전에서 추가 실점만큼은 막기로 한다.","우연히 열린 짧은 기회를 끝까지 붙들면 에이스의 이닝 소화가 연패 탈출이라는 팀 보상으로 환산된다.","추가 실점을 막고 뒤늦게 살아난 타선이 역전할 시간을 번다.","홈런 이후 투구를 재정비해 8이닝을 책임지고 12개의 삼진으로 볼티모어의 후속 득점을 차단한다.","6안타·2볼넷과 홈런 하나를 허용했고, 타선의 도움을 확신할 수 없는 상태에서 매 이닝 긴장을 유지해야 한다.","수비 실수로 시작한 반격이 실제 득점으로 이어져 탬파가 5대2로 뒤집고 주혁에게 시즌 2승을 안긴다.","8이닝 2실점 12K와 4연패 탈출을 동시에 얻는다.","팀·보직·커리어·경기·기록","개인 기록을 쌓는 선발에서 붕괴 직전 팀을 긴 이닝으로 붙드는 스토퍼가 된다.","윤주혁은 자신이 지명타자 자리를 비우고 3루를 맡으면 매든이 원하던 자니 데이먼을 타선에 넣을 수 있다고 설명한다.","볼티모어전 0대2 열세와 팀 4연패는 8이닝 2실점, 5대2 역전승으로 끝난다.","매든이 3루수 제안을 받아들일지, 윤주혁의 실제 내야 수비, 투수·타격·수비의 체력 비용이 남는다.","RA-015","high"
"85","85화","리턴 에이스 85화","15885","16118","조 매든이 3루는 쉬운 자리가 아니라고 막자 윤주혁이 한 개라도 놓치면 다시 말하지 않겠다며 펑고 시험을 청한다.","회귀 전 다섯 차례 골드글러브를 받은 주혁의 숨은 야수 경력이 현재 팀의 막힌 로스터를 푸는 새 역할로 되살아난다.","자신이 3루를 맡아 조니 데이먼을 지명타자로 돌리고 팀 공격력을 복구한다.","고교 시절 3루 경험을 내세운 뒤 펑고 테스트에서 정면 타구, 라인드라이브, 번트 타구를 모두 안정적으로 처리한다.","투수와 타격만으로도 과부하인 선수가 핫코너까지 맡으면 부상·체력 위험이 커지고, 실수 한 번이면 제안의 신뢰가 무너진다.","매든이 제안을 받아들여 주혁을 보스턴전 5번 타자·3루수로 선발 배치하고, 보스턴이 의도적으로 3루를 공략한다.","조니 데이먼을 지명타자로 살리는 라인업 유연성과 세 번째 포지션의 실전 기회를 얻는다.","능력·기량","투타 겸업 선수에서 팀 필요에 따라 수비 포지션까지 바꾸는 다기능 핵심으로 확장된다.","보스턴 팬들은 강습 타구와 번트까지 막는 윤주혁을 보며 어떻게 허점이 하나도 없느냐고 욕한다.","윤주혁이 메이저리그 3루 수비를 맡을 수 있는지는 펑고 테스트와 경기 초반 연속 처리로 확인된다.","보스턴전 전체 무실책과 타격 결과, 다음 날 선발 회복, 3루 겸업을 롱고리아 복귀까지 유지할지가 남는다.","RA-015","high"
"86","86화","리턴 에이스 86화","16119","16301","3루 수비에 실패하길 바라던 보스턴 원정 팬들이 윤주혁에게 욕하지만 그는 20년 경력을 떠올리며 글러브를 벗는다.","임시 3루수 선택이 한 경기 승리에 그치지 않고 다음 날 선발 반등으로 이어지는 겹보상을 예고한다.","4연패를 끊고, 하루 뒤 마운드에서는 강한 보스턴 타선을 무실점으로 막는다.","3루 수비와 3점 홈런으로 7대1 승리를 만들고, 다음 날 불펜 회의에서 투심 계획과 애런의 릴리스 포인트 조언을 점검한다.","애런은 커브 뒤 패스트볼 때 릴리스가 달라져 구종이 읽힌다고 경고하고, 조시 베켓과의 투수전에서는 한 점이 치명적이다.","6회까지 2안타 무실점으로 버틴 가운데 조니 데이먼이 선두 2루타를 치고 주혁이 타석에 들어선다.","4연패 탈출, 3루수 전환 성공, 홈런과 선발 무실점 흐름을 연속해서 확보한다.","팀·보직·커리어·경기·기록·지위·명예","로스터 응급처치였던 3루 기용이 팀의 연패를 끊는 실전 해법으로 인정된다.","보스턴전 6회 말 무사 2루, 조시 베켓이 아직 출루하지 못한 윤주혁에게 결정적인 공을 주지 않으려 한다.","임시 3루수 기용은 무실책과 3점 홈런, 7대1 승리로 팀에 실제 이익을 준다.","데이먼을 불러들일지, 베켓과의 0대0 투수전, 커브 뒤 노출되는 릴리스 버릇을 경기 중 고칠지가 남는다.","RA-015","high"
"87","87화","리턴 에이스 87화","16302","16518","2대2에서 조시 베켓이 몸쪽 커브를 결정구로 던지지만 윤주혁이 당겨 1타점 2루타로 선취점을 만든다.","상대가 읽어 낸 투구 패턴을 경기 도중 역으로 이용하는 에이스의 두뇌 싸움이 승리의 핵심 보상이 된다.","3대0 리드를 지키며 커브 뒤 패스트볼이라는 노출된 습관을 보스턴 타자 앞에서 무력화한다.","페드로이아가 나쁜 커브 뒤 빠른 공을 기다린다는 사실을 깨닫고, 예상과 달리 커브를 연속해 던진 뒤 타자별 기대를 거꾸로 이용한다.","구종이 읽힌 상태에서 습관대로 던지면 장타를 허용하고, 경기 중 즉석 수정은 제구 실패 위험도 키운다.","미끼가 된 첫 커브 뒤 또 커브를 던져 페드로이아를 삼진 처리하고, 이어 세 타자를 연속 삼진으로 돌려세운다.","선취 적시타와 함께 상대 스카우팅을 역이용하는 새 경기 운영법을 얻는다.","목표·상황","좋은 구위로 누르는 투수에서 상대의 예측 자체를 조종하는 수싸움형 에이스로 성장한다.","ASBC 진행자가 6회까지 한 번도 안 쓴 커브로 7회 세 타자를 모두 삼진 잡는 것이 가능한지 칼 버켓에게 묻는다.","보스턴이 읽은 릴리스 버릇은 같은 커브를 거듭 던지는 역이용으로 무력화되고, 0대0 균형도 윤주혁의 적시타에서 깨진다.","전문가의 평가, 최종 투구 성적과 승리, 이 패턴 수정이 다음 팀 분석에도 버틸지가 남는다.","RA-016","high"
"88","88화","리턴 에이스 88화","16519","16680","칼 버켓이 빠른 공만 던지다 7회 처음 잡은 커브는 감각이 무뎌져 실투가 나기 쉬운데 윤주혁은 한 번도 그러지 않았다고 설명한다.","한 경기의 투타 해결이 팀 전체의 연승과 주간 리그 보상으로 증폭되는 구간이다.","보스턴전을 완승으로 닫고 팀이 연패의 심리를 완전히 벗어나게 한다.","4안타·1볼넷만 허용해 5대0 승리를 지키고, 타석에서도 안타·타점·볼넷을 보탠다.","다음 경기부터는 다른 선발과 타선이 흐름을 이어야 하며, 주혁 개인의 활약만으로 시리즈 스윕을 보장할 수 없다.","3차전 제임스 실즈와 타선이 1회 5점을 내며 보스턴을 스윕하고, 이어 에인절스까지 스윕해 6연승을 만든다.","투수 8이닝 무실점 12K, 타자 17타수 10안타 4홈런 11타점으로 주간 최우수선수에 뽑힌다.","경기·기록","연패를 끊은 개인 해결사에서 팀 전체의 6연승을 촉발한 리그 대표 스타로 올라선다.","메이저리그 사무국이 윤주혁을 아메리칸리그 이주의 선수로, 안드레스 가르시아를 내셔널리그 수상자로 발표한다.","연패 탈출이 일시적이었는지는 보스턴·에인절스 연속 스윕과 6연승으로 답하고, 윤주혁의 기여는 주간상으로 공식화된다.","연승을 다음 시애틀 시리즈까지 이어갈지, 주간 폭발 뒤 체력, 롱고리아 복귀가 남는다.","RA-016","high"
"89","89화","리턴 에이스 89화","16681","16898","6연승 동안 활기와 자신감을 회복한 탬파 선수들을 보며 윤주혁이 흡족해한다.","팀의 상승세가 주혁의 빠른 선취 장타와 이치로를 의식한 한일 스타 대결로 구체화된다.","제이슨 바르가스가 흔들린 초반 득점권 기회를 대량 득점으로 바꾼다.","2·3루 주자를 두고 바르가스의 공을 강하게 받아쳐 중견 담장을 넘기는 3점 홈런을 친다.","이치로가 펜스 앞까지 따라붙어 타구를 잡을 듯 압박하고, 시애틀은 초반부터 주혁에게 정면 승부를 피하려 한다.","이치로가 담장 앞에서 멈추며 타구가 넘어가고, 시즌 8호 홈런으로 경기가 탬파 쪽으로 크게 기운다.","시즌 8호 3점 홈런과 선발 등판 전에 충분한 득점 지원을 얻는다.","팀·보직·커리어·경기·기록","주간 최우수선수의 일시적 폭발이 아니라 다음 시리즈에도 장타를 이어 가는 중심타자로 확인된다.","이치로가 우익수로 지켜보는 앞에서 윤주혁의 시즌 8호 쓰리런이 확정되어 한국 팬들의 한일 비교 열기가 달아오른다.","시애틀 첫 경기 초반 득점권은 윤주혁의 3점 홈런으로 환전된다.","선발 투수 윤주혁과 타자 이치로의 직접 대결, 3점 리드 수성, 팀 7연승이 열린다.","RA-016","high"
"90","90화","리턴 에이스 90화","16899","17092","윤주혁은 앞선 타석에서 바르가스의 체인지업을 노린 것이 적중해 자기 선발 경기에 3점을 만들었다고 되짚는다.","홈런으로 만든 짧은 득점 보상이 에이스 수비와 무실점 투구를 거쳐 7연승·시즌 4승이라는 누적 보상으로 이어진다.","이치로의 정교한 콘택트를 봉쇄하고 시애틀 타선에 실점하지 않는다.","긴 승부 끝에 커브로 땅볼을 유도하고 직접 몸을 날려 잡아 아웃시키며, 이후에는 두 차례 삼진까지 빼앗는다.","이치로는 파울로 공을 걷어 내며 투구 수를 늘리고 약한 타구도 안타로 만드는 주력을 갖췄다.","주혁이 타구 처리까지 스스로 끝내면서 이치로의 출루 계획이 꺾이고 시애틀 타선 전체가 위축된다.","7이닝 3피안타 2볼넷 12K 무실점, 팀 8대0과 7연승, 시즌 4승·평균자책점 0.60을 기록한다.","경기·기록","반등의 불씨를 만든 선수에서 연승을 기록으로 고정한 투타 에이스가 된다.","시애틀전 기사에서 윤주혁이 투타 양쪽으로 8대0 승리와 무적의 7연승을 만들었다는 최종 기록이 정리된다.","이치로와의 직접 승부와 시애틀전은 호수비·2삼진, 7이닝 무실점 시즌 4승으로 끝난다.","리그 타자들이 윤주혁의 패턴에 적응할 시점, 커브 완성도, 긴 시즌 사이영상 경쟁이 남는다.","RA-016","high"
"91","91화","리턴 에이스 91화","17093","17223","5월 말 탬파가 30승 25패로 양키스에 한 경기 뒤지고 선발진의 개인 성적이 함께 정리된다.","리그의 적응으로 꺾인 단기 성적을 커브 재설계와 사이영상 목표로 되돌리는 장기 성장 구간이 시작된다.","최근 두 경기의 실점 증가 원인을 고쳐 투수로서 압도적인 흐름을 회복한다.","73과 3분의 1이닝 88K와 타율 0.407·13홈런을 점검하면서, 타자들이 익숙해진 기존 커브의 궤적과 사용법을 집중 훈련한다.","최근 등판은 6과 3분의 2이닝 3실점, 이어 7이닝 5실점 패배였고 리그 타자들의 분석 속도가 빨라졌다.","단순한 슬럼프로 넘기지 않고 사이영상을 위해 변화구 완성도를 다시 끌어올리기로 결심한다.","부진을 수치와 구종 문제로 특정하고 다음 등판에 시험할 명확한 수정 과제를 얻는다.","능력·기량","압도적 초반 성적을 지키는 선수에서 상대 적응을 다시 앞질러야 하는 조정 단계의 에이스가 된다.","새 커브를 시험할 인터리그 경기의 맞상대가 작년에 침을 뱉어 도발했던 제이크 로드리게스임을 윤주혁이 떠올린다.","4월 압도력이 저절로 계속될지는 아니라는 답이 나오고, 하락 원인은 커브의 익숙한 궤적과 최근 실투로 좁혀진다.","제이크가 이번에 한 말, 필라델피아 원정 맞대결, 수정한 커브와 사이영상 목표가 열린다.","RA-017","high"
"92","92화","리턴 에이스 92화","17224","17471","윤주혁이 제이크가 무슨 말을 했는지 묻자 존 제이소가 한국과 개고기를 깎아내린 발언을 전한다.","인종적 도발을 말싸움이 아니라 타석과 마운드의 직접 성적으로 되갚는 경기 보상을 예고한다.","내셔널리그 경기의 5번 타자이자 선발 투수로 제이크를 무너뜨리고 팀을 앞세운다.","첫 타석에서 끈질기게 공을 골라 2타점 2루타를 치고, 마운드에서는 3이닝 동안 필라델피아 타선을 봉쇄한다.","적지의 야유와 모욕을 견뎌야 하고, 투수 타석에서도 제이크의 100마일이 넘는 강속구를 상대해야 한다.","투수 대 투수 타석에서 주혁이 제이크의 강속구를 상대로 물러서지 않으며 개인 승부가 경기 중심으로 떠오른다.","선취 2타점과 초반 무실점으로 감정적 도발을 실제 리드로 바꾼다.","목표·상황","조정 중인 투수에서 적대적 원정 분위기까지 경기 에너지로 돌리는 중심 인물로 전환된다.","첫 99마일을 헛돈 제이크 로드리게스에게 윤주혁이 두 번째 포심을 바깥쪽 코스로 던진다.","모욕에 흔들릴지는 1회 2타점 2루타와 초반 무출루 피칭으로 즉시 답한다.","투수 타석의 삼진 결말, 제이크 상대 다음 타석, 수정한 커브와 경기 최종 성적이 남는다.","RA-017","high"
"93","93화","리턴 에이스 93화","17472","17644","윤주혁의 두 번째 포심이 바깥쪽 낮은 스트라이크로 들어가 제이크가 꼼짝하지 못한다.","커브 재정비와 모욕에 대한 응답이 투타 양면의 완승 기록으로 한꺼번에 결산된다.","필라델피아 타선을 끝까지 봉쇄하고 제이크에게 타격으로도 결정타를 날린다.","5회까지 1안타 10K로 압도하고, 6회에는 제이크의 공을 2점 홈런으로 보내 강판시킨다.","강타선과 원정 분위기를 상대하며 투구와 중심타선 임무를 동시에 수행해야 한다.","투수 주혁에게 삼진을 당한 제이크가 타자 주혁에게 홈런까지 허용하며 맞대결의 우열이 완전히 갈린다.","8이닝 4피안타 14K 무실점, 3타수 3안타 1홈런 4타점 1볼넷, 팀 7대0과 시즌 7승을 얻는다.","능력·기량·경기·기록·지위·명예","최근 실점이 늘었던 조정 대상에서 개선한 커브와 투타 지배력을 입증한 사이영상 후보로 복귀한다.","제이크의 도발과 완패를 묻기 위해 모인 기자들 앞에서 윤주혁이 질문을 받기 전 먼저 할 말이 있다며 입을 연다.","제이크와의 투수·타자 맞대결과 필라델피아전은 삼진, 강판 홈런, 7대0 완승으로 끝난다.","윤주혁이 인터뷰에서 제이크를 어떻게 다룰지, 경기 평가의 여파, 다음 선발과 올스타 경쟁이 남는다.","RA-017","high"
"94","94화","리턴 에이스 94화","17645","17810","윤주혁은 여러 기자와 이야기해야 하니 질문을 짧게 해 달라고 먼저 요청한다.","압도적인 전반기 성적이 관중·상품·계약 협상·올스타 선발이라는 커리어 보상으로 동시에 환산된다.","전반기를 에이스와 중심타자 양쪽에서 마치고 자신의 시장 가치를 지킨다.","필라델피아전 이후 세 차례 선발에서 2승을 더해 9승을 만들고, 대리인 스콧 조나스를 통해 탬파의 낮은 장기계약 제안을 거절한다.","저예산 구단 탬파는 급증한 관중과 유니폼 판매에도 합당한 조건을 내놓기 어렵고, 투타 성적을 동시에 유지해야 협상력이 산다.","타율 0.361·24홈런·65타점의 지명타자 선발이자 평균자책점 1.91·140K의 투수 올스타로 함께 뽑힌다.","데이비드 프라이스·제임스 실즈와 함께 올스타 무대에 오르고, 투타 양쪽의 공식 리그 인정을 얻는다.","팀·보직·커리어·지위·명예","팀 내 파격 선수에서 구단 수익과 계약 구조까지 움직이는 메이저리그 대표 스타가 된다.","윤주혁은 탬파 소속 타자로 유일하게 올스타 팬 투표 1위를 차지하고 보스턴의 큰 팬덤을 이겼다는 데 자부심을 느낀다.","전반기 투타 가치는 9승·24홈런, 관중·유니폼 수익과 투수·지명타자 동시 올스타로 공식화된다.","홈런더비 참가와 올스타전 실제 역할, 후반기 커브·사이영상, 합당한 장기계약 조건이 남는다.","RA-018","high"
"95","95화","리턴 에이스 95화","17811","17994","올스타 투표가 많은 사람의 인정이라는 사실을 받아들이면서도 윤주혁은 사이영상 가능성과 최근 마운드 하락을 함께 따진다.","투수 훈련을 놓지 않는 선수가 홈런더비에서는 순수 장타 능력으로 세계 무대를 장악하는 이중 보상을 보여 준다.","홈런더비 1라운드를 통과하면서도 자신의 스윙 리듬을 잃지 않는다.","필립 모리스를 배팅볼 투수로 세우고 익숙한 높이와 박자에 맞춰 홈런을 연속 생산한다.","낯선 큰 무대와 장시간 전력 스윙은 후반기 피로·타격 밸런스 붕괴 위험을 만든다.","주혁이 1라운드에서 16개의 홈런을 쏘아 올려 단숨에 대회 선두권으로 올라선다.","준결승 진출과 함께 투수라는 꼬리표를 넘어 리그 최상급 홈런 타자라는 시각적 증거를 만든다.","경기·기록·지위·명예","투타 동시 올스타에서 홈런더비 우승 후보로 대중적 위상이 커진다.","10아웃이 모두 찼을 때 전광판 윤주혁 옆에 홈런 16개가 떠 선수와 팬들이 말을 잃는다.","첫 홈런더비에서 자기 스윙을 할 수 있는지는 1라운드 16홈런으로 입증된다.","준결승 상대와 최종 우승, 필립 모리스의 배팅볼 리듬, 다음 날 올스타전 투타 출전이 남는다.","RA-018","high"
"96","96화","리턴 에이스 96화","17995","18225","홈런더비는 타자보다 배팅볼 투수의 제구가 좌우한다는 점과 윤주혁·필립 모리스가 첫 라운드에서 호흡을 맞춘 과정을 짚는다.","개인 기량뿐 아니라 배팅볼 투수 필립의 긴장을 읽고 조율하는 관계 능력이 결승 진출 보상으로 돌아온다.","13개 이상을 쳐 카노를 넘고 애드리안 곤살레스가 기다리는 결승에 오른다.","제구가 흔들리는 필립을 다독이고 공을 조금 높게 던져 달라고 요청한 뒤 자신의 스윙 궤적을 조정한다.","필립의 긴장으로 공 높이가 일정하지 않고, 12개라는 숫자를 의식하면 힘이 들어갈 수 있다.","주혁이 14홈런을 채워 카노를 넘고, 결승 상대 곤살레스는 먼저 5홈런에 그친다.","홈런더비 결승 진출과 우승에 유리한 6개 기준점을 얻는다.","경기·기록·지위·명예","혼자 치는 강타자에서 파트너의 상태까지 살려 결과를 만드는 경기 운영자로 확장된다.","아드리안 곤살레스가 5홈런만 기록한 결승에서 윤주혁이 과거의 1개 차 패배 기억을 밀어내고 타석으로 걸어간다.","로빈슨 카노의 12홈런 준결승은 필립과 높이를 조정한 14홈런으로 통과한다.","결승에서 6개 이상을 칠지, 대회 총 홈런 기록, 우승 상금의 쓰임이 남는다.","RA-018","high"
"97","97화","리턴 에이스 97화","18226","18388","윤주혁은 곤살레스의 5개와 동률이면 쇼다운에 가므로 집중해서 최소 6개를 치겠다고 정한다.","홈런더비 우승을 개인 명예로 끝내지 않고 기록·기부·올스타전 역할 선택으로 넓힌다.","최연소·아시아 최초 우승을 확정하고 다음 날 올스타전에서도 타석 기회를 지킨다.","결승 14홈런으로 총 44개 대회 기록을 세우고 상금 44만5천 달러를 기부하며, 선발 투수 기회 대신 5번 지명타자로 남는다.","선발 등판 명예를 포기해야 하고, 전날 홈런더비 피로를 안은 채 올스타전 전 타석을 소화해야 한다.","아메리칸리그가 6회까지 앞서면 9회 마무리 등판도 맡는 조건이 더해져 투타 활약의 길이 동시에 열린다.","홈런더비 우승, 총 44홈런 기록, 최연소·아시아 최초 타이틀과 기부에 따른 사회적 명성을 얻는다.","경기·기록·지위·명예","뛰어난 선수에서 기록과 상금의 쓰임까지 스스로 설계하는 글로벌 스타가 된다.","올스타전 1회 내셔널리그가 먼저 한 점을 내자 윤주혁은 9회 투수 등판과 월드시리즈 홈 어드밴티지를 위해 반드시 이겨야 한다고 마음먹는다.","홈런더비는 결승 14홈런·총 44홈런으로 우승하고 상금의 용도도 전액 기부로 정한다.","로이 할러데이 상대 첫 타석, 6회까지 리드 조건, 9회 마무리와 올스타 승패가 열린다.","RA-018","high"
"98","98화","리턴 에이스 98화","18389","18569","보스턴의 추격 때문에 탬파가 여전히 지구 2위인 상황을 떠올리지만 윤주혁은 올스타전 승리가 최선이라고 결론낸다.","타자로 뒤집고 투수로 닫는 투타 겸업의 가장 압축된 한 경기 보상이 올스타 MVP로 결산된다.","내셔널리그에 빼앗긴 리드를 되찾고 마지막 이닝을 직접 지킨다.","9대7로 뒤진 상황에서 3점 홈런을 쳐 10대9로 역전한 뒤 9회 마운드에 올라 세 타자를 막고 2K를 잡는다.","아메리칸리그는 중반 9대5까지 밀리고, 홈런더비 다음 날 전력 타격과 마무리 투구를 연속 수행해야 한다.","추격의 타석이 역전 3점 홈런이 되고, 타자가 만든 한 점 리드를 같은 선수가 투수로 지킨다.","4타수 2안타 1홈런 5타점·희생플라이, 1이닝 무실점 2K와 올스타전 MVP를 얻는다.","능력·기량·경기·기록·지위·명예","투수도 하고 타격도 하는 희귀 선수에서 리그 최대 무대의 승패를 양쪽 역할로 완결한 상징적 스타가 된다.","홈런더비와 올스타 MVP를 이틀 연속 얻은 윤주혁이 휴식 대신 훈련장을 찾아 커브와 전반기 문제를 다시 손본다.","지명타자 출전과 조건부 9회 등판은 역전 홈런, 무실점 세이브와 올스타 MVP로 최대 보상을 낸다.","휴식을 반납한 체력 비용, 후반기 첫 선발에서 새 커브가 통할지, 지구 우승과 양대 개인상이 남는다.","RA-018","high"
"99","99화","리턴 에이스 99화","18570","18793","필립 모리스가 윤주혁이 준 와인을 레이첼과 올스타전을 보며 이미 마셨다고 털어놓는다.","동료에게 건넨 작은 관계 지원이 결실을 맺는 한편, 성공한 주혁 자신의 고독이라는 장기 비용을 드러낸다.","친구의 연애를 축하하고 자신이 원하는 삶과 관계를 돌아본 뒤 후반기 모드로 전환한다.","필립의 이야기를 듣고 진심으로 축하하면서, 이전 생과 현재의 외로움을 비교해 이번에는 진짜 동반자를 만나고 싶다고 인정한다.","훈련과 경기 중심의 삶은 대기록을 주지만 사적인 관계를 만들 시간과 감정적 여유를 빼앗는다.","타인의 행복을 도운 보람이 자기 삶의 빈자리 인식으로 바뀌고, 곧바로 후반기 첫 선발 준비가 시작된다.","필립·레이첼 관계의 진전과 주혁 자신의 감정적 목표를 분명히 얻는다.","경기·기록·관계","기록만 좇는 회귀자에서 커리어 밖의 동반자도 원하는 인간으로 내면 목표가 확장된다.","후반기 첫 경기 시작과 함께 트로피카나 필드 관중이 선발 투수 윤주혁의 이름을 연호한다.","필립에게 건넨 관계 조언과 와인은 레이첼과의 실제 교제로 결실을 맺는다.","윤주혁도 진짜 동반자를 만날지, 휴식 없는 몸의 후반기 상태, 첫 선발 결과가 열린다.","RA-019","high"
"100","100화","리턴 에이스 100화","18794","18934","후반기 첫 선발에서 윤주혁은 제한된 투타 훈련 시간을 집중해 다듬은 커브로 캔자스시티 타자의 헛스윙을 끌어낸다.","올스타 휴식을 훈련에 쓴 비용이 무실점 승리와 베이브 루스 기록 경신이라는 장·단기 보상으로 돌아온다.","캔자스시티를 적은 투구 수로 제압하고 후반기 첫 승을 챙긴다.","완성도를 높인 커브와 과감한 존 공략, 구속 차를 섞어 96구로 7이닝을 막고 타석에서는 4타수 1안타를 보탠다.","전반기 분석 자료를 가진 타자들을 상대로 새로운 패턴이 즉시 통해야 하며, 휴식 없는 일정의 피로도 누적된다.","효율적 공격 투구가 7이닝 5피안타 11K 무실점으로 이어져 시즌 13승을 확정한다.","후반기 첫 승과 시즌 13승·24홈런으로 베이브 루스의 단일 시즌 13승·11홈런을 넘어선다.","경기·기록","루스와 비교되는 현대의 투타 겸업 선수에서 수치상 기존 기준을 넘어선 새 기록 보유자로 올라선다.","한국 팬들은 루스 기록을 넘어선 윤주혁의 남은 61경기에서 20승·40홈런과 MVP까지 기대한다.","휴식기 훈련과 새 피칭 배합은 7이닝 무실점으로 통하고, 루스의 한 시즌 투타 기록도 수치상 넘어선다.","남은 61경기의 누적 기록, 후반기 체력, 보스턴과 지구 우승 및 사이영상·MVP 경쟁이 남는다.","RA-019","high"
"101","101화","리턴 에이스 101화","18935","19130","탬파가 연패 뒤 곧바로 연승하며 분위기를 유지했지만 동부 1위는 11연승의 보스턴이 차지한다.","루스 기록을 넘은 개인 성취가 곧바로 포스트시즌 경쟁과 사이영상·MVP를 건 팀 단위 압력으로 전환된다.","보스턴 3연전에서 격차를 줄이고 개인 승수 정체도 끊는다.","첫 두 경기는 지명타자, 세 번째는 선발로 나서는 일정을 받아들여 1차전 팀 4번 타자로 팀 웨이크필드를 분석한다.","최근 두 선발은 득점 지원과 불펜 때문에 13승에 묶였고 저스틴 벌랜더는 18승, 주혁은 너클볼에 유독 약하다.","보스턴이 웨이크필드를 내세우고 주혁이 공의 불규칙한 움직임 앞에서 평소보다 긴장한다.","MVP와 사이영상에 필요한 조건이 포스트시즌 진출·보스턴 격파·승수 회복으로 구체화된다.","신체·가용성·경기·기록·지위·명예","기록 경신의 축하 국면에서 팀 순위와 양대 개인상을 동시에 지켜야 하는 추격자 위치로 바뀐다.","보스턴 선발 명단에서 갑자기 복귀한 너클볼러 팀 웨이크필드의 이름을 확인한 윤주혁의 표정이 굳는다.","루스 기록 뒤 다음 목표는 보스턴 직접 격파, 팀 포스트시즌과 사이영상·MVP 조건으로 구체화된다.","윤주혁이 한 번도 상대하지 않은 웨이크필드의 너클볼, 4번 첫 타석, 보스턴 11연승을 끊을지가 열린다.","RA-020","high"
"102","102화","리턴 에이스 102화","19131","19342","웨이크필드가 당초 선발을 대신해 복귀하자 윤주혁은 전생부터 가장 까다로웠던 너클볼을 한 번도 직접 본 적 없다고 긴장한다.","완전히 읽지 못하는 공도 끈질긴 대응과 주루로 단기 득점 기여를 만들 수 있음을 보여 준다.","너클볼에 삼진당하지 않고 출루해 보스턴 선발의 흐름을 흔든다.","변화 방향을 끝까지 좇아 운 좋게 안타를 만들고, 출루 뒤 폭투를 틈타 홈까지 들어온다.","회전이 거의 없는 공은 궤적 예측이 불가능하고, 웨이크필드는 주혁의 약점을 활용해 빼어난 투구를 이어 간다.","주혁의 행운성 안타와 폭투 득점에도 데이비드 오티스가 2점 홈런을 쳐 보스턴이 2대1로 앞선다.","약점 상대 첫 출루와 팀의 첫 득점을 만들어 완전 봉쇄는 피한다.","목표·상황","모든 투수를 압도하던 타자에서 해법을 현장에서 찾아야 하는 약점 노출 상태가 된다.","4회 보스턴이 2대1로 뒤집은 뒤 탬파는 불펜을 쓰기 전까지 제러미 헬릭슨이 강한 타선과 11연승의 기세를 버텨 주기만을 바라본다.","첫 너클볼 타석에서 살아나갈지는 행운성 안타와 폭투 득점으로 해결된다.","윤주혁이 의도적으로 너클볼을 공략할 방법, 헬릭슨의 추가 실점 여부, 1차전 역전이 남는다.","RA-020","high"
"103","103화","리턴 에이스 103화","19343","19582","보스턴의 11연승 상대가 하위권 팀들이었다는 점을 확인한 윤주혁이 탬파라면 기선을 잡을 수 있다고 본다.","평생의 약점이던 너클볼을 회전 관찰로 풀어내는 즉석 성장과 역전 홈런 보상이 겹친다.","스트라이크를 넣어야 하는 웨이크필드의 너클볼을 정확히 읽어 경기 리드를 되찾는다.","공의 미세한 회전을 끝까지 식별하고 타이밍을 맞춰 2점 홈런을 쳐 시즌 29호를 기록한다.","무회전 공의 변화를 확신하기 어렵고, 잘못 노리면 3볼의 이점을 버린 채 병살이나 범타가 될 수 있다.","우연한 첫 안타와 달리 두 번째 타석은 관찰과 판단으로 담장을 넘겨 탬파가 3대2로 역전한다.","시즌 29호 2점 홈런, 너클볼 공략의 실마리, 보스턴 선두 추격전의 리드를 얻는다.","경기·기록","너클볼에 약한 타자에서 회전 단서를 이용해 약점을 경기 중 수정한 중심타자로 변한다.","6회 말 선두 롱고리아의 우전 안타로 윤주혁 타석이 돌아오자 보스턴은 웨이크필드를 내리고 좌완 프랭클린 모랄레스를 올릴 준비를 한다.","너클볼을 우연이 아니라 읽어서 칠 수 있는지는 시즌 29호 역전 2점 홈런으로 답한다.","모랄레스 상대 추가점, 3대2 리드와 보스턴 11연승을 실제로 끝낼지, 3연전 세 번째 선발이 남는다.","RA-020","high"
"104","104화","리턴 에이스 104화","19583","19810","팀 웨이크필드가 내려간 자리에 훌리오 모랄레스가 올라오고, 투구 수를 아껴야 하는 윤주혁이 보스턴전 등판을 시작한다.","너클볼을 이겨낸 타격 결산, 보스턴 11연승 저지와 탬파베이의 동부 1위 탈환을 지급한다.","윤주혁은 1차전을 확실히 끝내고, 2·3차전까지 이겨 시리즈 스윕과 선두 굳히기를 노린다.","낮은 공 유도에 두 번 헛돈 뒤 몸쪽 공을 퍼 올려 2루타를 만들고, 1차전 5안타를 완성한다. 2차전에는 세 볼넷 후 대주자로 교체되어 체력을 아끼고, 3차전 선발을 앞두고 존 제이소·애런 루이스와 불펜·영상·타격 훈련을 마친다.","보스턴은 정면승부를 피하고 3차전에는 좌타자 6명을 배치한다. 윤주혁의 체인지업 무브먼트도 평소보다 덜하다.","1차전 8-3, 2차전까지 연승하며 보스턴의 11연승이 끝나고 탬파베이가 시즌 처음 동부 1위가 된다. 투심과 커브 컨디션은 좋다.","윤주혁은 데뷔 첫 5안타, 29호 홈런, AL 홈런 2위 및 타율·출루율·장타율 1위를 얻는다.","팀·보직·커리어·경기·기록","팀은 추격자에서 동부 선두로, 윤주혁은 승부를 피해야 할 4번 타자에서 스윕을 책임질 선발 투수로 역할이 전환된다.","보스턴이 좌타자 여섯 명을 내세운 선발 명단이 공개되자 윤주혁은 어떤 수를 써도 탬파베이가 이긴다고 생각하며 3차전 첫 공을 준비한다.","웨이크필드 강판 뒤 첫 경기는 모랄레스의 구원과 윤주혁의 투타 활약으로, 두 번째 경기는 윤주혁의 5안타로 탬파베이 승리가 된다.","베켓과 좌타 일색 타선의 공략, 보스턴 3연전 싹쓸이, 윤주혁의 다음 선발 결과가 남는다.","RA-020","high"
"105","105화","리턴 에이스 105화","19811","20017","윤주혁이 좌타자 여섯 명을 배치한 보스턴 타선을 상대로 3차전 첫 회를 연다.","보스턴의 맞춤 라인업을 투심으로 역이용하고 스윕 주도권을 쥐는 장면을 준다.","윤주혁은 선취점을 얻을 때까지 출루 자체를 봉쇄하고 보스턴에 자신감을 주지 않으려 한다.","포심보다 전력 투심과 커브 비중을 높여 제이코비 엘스버리를 삼구 삼진으로 잡고 타순 한 바퀴를 사실상 무출루로 묶는다.","조시 베켓도 3회까지 무실점으로 버티며 0-0이고, 좌타자들은 윤주혁의 우타자 바깥쪽 강점을 없애려 한다.","투심이 경기 중 더 빨라지고 날카로워져 좌타 라인업이 오히려 헛스윙을 반복한다. 4회 B.J. 업튼 볼넷·에반 롱고리아 장타로 무사 2·3루가 된다.","보스턴이 윤주혁을 고의사구로 거를 만큼 투·타 양면의 위압감이 확인되고 무사 만루가 만들어진다.","경기·기록","보스턴의 좌타 전략은 무력화되고, 윤주혁의 등판은 평범한 호투에서 퍼펙트 흐름으로 올라선다.","무사 만루를 피하려 윤주혁을 고의사구로 거른 베켓이 벤 조브리스트를 0볼 2스트라이크로 몰아 선택이 옳았다고 확신한다.","보스턴의 좌타자 집중 배치는 윤주혁의 초반 퍼펙트 투구를 막지 못한다.","조브리스트가 만루 기회를 살릴지, 윤주혁의 퍼펙트·노히트 흐름이 얼마나 이어질지 남는다.","RA-021","high"
"106","106화","리턴 에이스 106화","20018","20248","0볼 2스트라이크에 몰린 벤 조브리스트가 베켓의 다음 공을 기다린다.","윤주혁을 피한 대가를 동료 타선이 치르게 하고, 개인 에이스가 팀 성장으로 보상받는 장면이다.","윤주혁은 득점 지원을 얻어 자신의 무실점 흐름을 승리로 환전하려 한다.","조브리스트의 희생플라이로 홈을 밟고, 필립 모리스의 홈런으로 4-0을 얻는다. 벤치에서 모리스의 19호를 축하하고 다시 마운드에서 데이비드 오티스부터 삼진으로 누른다.","베켓의 싱커는 좋고, 모리스는 이전 윤주혁 등판 때 병살 두 번을 친 일을 마음에 두고 있었다. 윤주혁은 6회 사구로 퍼펙트를 잃는다.","모리스가 사과하고 윤주혁이 받아주며, 사구 직후 병살로 노히트는 지킨다.","모리스는 20홈런까지 하나 남은 확고한 주전으로 성장하고 윤주혁은 4점 리드와 7회 노히트 흐름을 얻는다.","경기·기록·관계","윤주혁-모리스 관계는 성적 부담을 숨기는 동료에서 실수를 말하고 격려하는 친구로 깊어진다.","7이닝 노히트를 끝낸 윤주혁이 남은 타자 여섯 명을 떠올리며 미소 짓는다.","0볼 2스트라이크의 만루 기회는 희생플라이와 후속 홈런으로 4점 지원이 된다.","남은 6아웃, 몸에 맞는 공 하나뿐인 노히터 도전, 보스턴의 마지막 반격이 열린다.","RA-021","high"
"107","107화","리턴 에이스 107화","20249","20469","4대0으로 앞선 탬파베이 더그아웃이 윤주혁의 7이닝 노히트를 의식해 말을 아낀다.","기록 압박을 베테랑 멘탈로 다루고 후반 구속을 끌어올리는 투수 보상이다.","윤주혁은 노히터가 팀 사기를 높인다는 이익을 알면서도 기록보다 스윕을 우선한다.","기록 생각을 지우고 8회부터 전력 투구해 엘스버리·오티스·칼 크로포드·조쉬 레딕 등 세 타자를 모두 삼진 처리하며 101마일까지 찍는다.","보스턴 불펜은 추가점을 막고 타자들은 굴욕을 피하려 버틴다. 윤주혁은 전력 투구로 체력을 쓰는 대신 공격적으로 투구수를 줄여야 한다.","후반 구속이 오히려 올라 보스턴의 마지막 저항을 압도하고 8회까지 노히터를 보존한다.","개인 기록이 선두 경쟁을 위한 팀 사기 자산으로 의미가 커지고, 하위 타선 세 명만 남는다.","경기·기록","윤주혁의 무관심했던 노히터 욕심이 `팀을 위해 완성할 기록`이라는 절제된 집념으로 바뀐다.","매트 조이스의 2루타, 비제이 업튼의 내야안타, 롱고리아의 몸에 맞는 공으로 무사 만루가 되자 다음 타자 윤주혁은 전력 스윙이 9회 투구에 미칠 비용을 계산한다.","7회 뒤 남았던 여섯 아웃 가운데 세 개는 8회 세 타자 연속 삼진으로 지워진다.","무사 만루 타석의 선택, 남은 9회 세 아웃, 윤주혁의 첫 노히터 완성이 남는다.","RA-021","high"
"108","108화","리턴 에이스 108화","20470","20691","무사 만루에서 타석에 들어서는 윤주혁이 9회 체력보다 눈앞의 득점을 택한다.","투·타 양쪽에서 한 경기의 역사를 동시에 쓰는 이중 결산을 준다.","체력 보존보다 만루 기회를 살려 9회를 안전하게 만들고 30호 홈런까지 노린다.","다니엘 바드의 한가운데 속구를 풀스윙해 시즌 30호 그랜드슬램을 만들고, 10-0이 된 9회에는 케빈 유킬리스를 0-2로 몰아붙인다.","바깥쪽 강속구를 파울로 만들며 떨어진 타격 감각을 되찾아야 하고 큰 스윙은 완투 직전 체력을 쓴다.","유킬리스가 정상 타격 대신 체인지업에 기습 번트를 대며 노히터를 불문율 충돌로 바꾼다.","30홈런, 만루홈런, 10점 리드와 `노히터 중 그랜드슬램`이라는 전례 없는 기록 후보를 얻는다.","경기·기록","노히터는 불안한 4점 차 개인 도전에서 타선까지 폭발한 10점 차 구단 축제로 바뀐다.","번트 아웃 뒤 케빈 유킬리스가 탬파베이도 큰 점수 차에서 공격했다며 기록을 위해 협조할 의무는 없다고 케이시 코치맨과 맞선다.","8회 말 무사 만루 타석은 윤주혁의 시즌 30호 만루 홈런으로 결산된다.","유킬리스의 번트가 부른 벤치 충돌, 남은 두 타자, 노히터의 최종 성립 여부가 남는다.","RA-021","high"
"109","109화","리턴 에이스 109화","20692","20900","유킬리스의 번트를 둘러싼 언쟁에 양 팀 선수들이 더그아웃에서 쏟아져 나온다.","윤주혁이 기록뿐 아니라 분노까지 통제해 `완벽한 승리`로 갚는 장면이다.","번트를 직접 막고 보복구 없이 노히터·스윕을 끝내 보스턴을 더 크게 굴복시키려 한다.","몸을 던져 번트를 잡아 불안정한 자세로 1루에 송구한다. 케이시 코치맨-유킬리스 언쟁과 벤치 클리어링 때 필립 모리스 등의 보호를 받고, 제이슨 베리텍과 마르코 스쿠타로를 연속 삼진 처리한다.","난투와 스쿠타로의 타임·파울이 흐름을 끊고, 윤주혁은 모욕감과 보복 욕구를 참아야 한다.","보복구 대신 신사적인 노히터를 선택한 감정 통제가 마지막 강속구의 집중력으로 환전된다.","9이닝 무실점 무안타 1사구 15K, 구단·한국인 최초 및 MLB 최연소 노히터, 생애 첫 완투·완봉, 14승과 스윕을 얻는다.","경기·기록","윤주혁은 뛰어난 2년차를 넘어 탬파베이 구단 역사와 한국 야구 역사를 동시에 바꾼 투수가 된다.","노히터를 확인한 탬파베이 선수들이 윤주혁을 끌어안고 중계진은 새 역사가 쓰였다고 외친다.","벤치 충돌, 남은 두 타자, 윤주혁의 노히터 도전은 보복을 거부한 마지막 삼진과 대기록으로 모두 닫힌다.","노히터와 시즌 30호 만루 홈런이 불러올 전국적 평가, 기록 뒤 남은 정규시즌 경쟁이 열린다.","RA-021","high"
"110","110화","리턴 에이스 110화","20901","21064","기사와 방송이 윤주혁의 노히터와 시즌 30호 만루 홈런을 동시에 역사적 사건으로 보도한다.","기록을 숫자·평판·상업 가치로 확정하고 다음 시즌 목표를 재장전한다.","윤주혁은 급증한 관심에 휘둘리지 않고 건강을 회복하며 지구 우승·MVP·사이영상을 노린다.","기사로 14승·ERA 2.20·최연소/구단 최초 기록을 확인하고, 김창섭에게 연예인의 사적 접근 차단을 맡긴다. 호텔에서 회복 후 디트로이트전을 보러 일찍 경기장에 나간다.","완투 뒤 피로, 광고 문의 폭증, 연예인 연락과 사생활 노출 유혹, 아직 끝나지 않은 선두 경쟁이 새 비용이다.","윤주혁은 노히터가 운과 야수 수비도 필요한 집단 기록임을 인정하고 개인 자랑을 팀 우승 동력으로 돌린다.","포털 검색어 장악, 라온 광고 문의 폭증, 조 매든의 `현존하는 메이저리그 역사` 평가가 국민적 스타 지위를 확정한다.","경기·기록·지위·명예","윤주혁의 목표가 한 경기·한 기록에서 지구 우승과 최연소 MVP·사이영상이라는 시즌 전체 보상으로 확대된다.","훈련장에 먼저 나온 롱고리아가 또 일찍 온 윤주혁에게 오늘은 좀 쉬라고 말을 건다.","노히터와 30호 만루 홈런의 외부 평가는 기사·광고·대중 반응으로 지급된다.","기록 이후의 몸 상태, 롱고리아와의 대화, 디트로이트전 준비가 남는다.","RA-021","high"
"111","111화","리턴 에이스 111화","21065","21298","롱고리아가 쉬지 않는 윤주혁에게 피로가 없는지 묻고, 두 사람은 혼자 사는 생활까지 이야기한다.","윤주혁의 개인 기록이 제임스 쉴즈와 전 야수진의 집단 각성으로 번지는 보상이다.","디트로이트를 이기고 노히터로 오른 팀 사기를 월드시리즈 경쟁력으로 굳히려 한다.","벤치에서 쉴즈의 피칭, 조 매든의 시프트, 내·외야 호수비를 관찰하며 팀 완성도를 평가한다. 필립 모리스의 6회 투런을 축하한다.","강타선 디트로이트와 미겔 카브레라가 상대이고, 쉴즈는 5회 볼넷으로 퍼펙트는 잃는다.","쉴즈가 6회까지 노히트, 야수진은 윤주혁 경기보다 더 빈틈없는 수비를 보이고 모리스가 0-0을 깬다.","모리스의 시즌 20호 투런, 쉴즈의 노히트와 `탬파도 월드시리즈 우승이 가능하다`는 윤주혁의 확신이 지급된다.","경기·기록·지위·명예","팀 목표가 동부지구 우승에서 월드시리즈 우승까지 상향되고, 모리스는 20홈런 주전으로 굳어진다.","6회 말 두 아웃이 되자 다음 이닝을 준비해 일어나는 쉴즈를 윤주혁이 바라본다.","롱고리아가 걱정한 윤주혁의 피로는 없다는 답과 훈련 수행으로 확인된다.","쉴즈의 노히터 도전, 탬파베이의 두 경기 연속 노히터, 남은 이닝의 수비가 남는다.","RA-022","high"
"112","112화","리턴 에이스 112화","21299","21543","윤주혁이 기록을 의식한 쉴즈의 표정을 보고 더 큰 점수 차를 만들어 주려 한다.","모리스·존 제이소·수비진이 투수 기록을 실제 플레이로 공동 생산하는 장면이다.","윤주혁은 벤치에서 쉴즈의 심리와 번트 가능성을 읽고 추가점·무실점을 응원한다.","7회 사구·희생번트·폭투로 1사 3루가 되고 미겔 카브레라가 우익수 희생플라이성 타구를 치는 전 과정을 지켜본다.","라이언 레이번의 홈 쇄도, 노히트 최대 난적 카브레라, 브레넌 보쉬의 호수비로 무산된 코치맨의 추가타가 쉴즈를 압박한다.","모리스가 빨랫줄 홈 송구를 던지고 존 제이소가 태그해 레이번을 잡는다. 이어 모리스가 8회 2타점 2루타까지 친다.","모리스는 20호 투런·홈 보살·2타점 2루타로 4-0을 만들고 친구·팀의 독자적 성장 보상을 준다.","경기·기록·관계","윤주혁이 직접 해결하지 않아도 탬파 야수진과 모리스가 대기록을 지킬 만큼 팀 역량이 상승한다.","4점 리드를 안은 쉴즈가 9회 선두 타자 알렉스 아빌라에게 자신 있게 첫 공을 던진다.","7회 주자 3루 위기는 모리스의 홈 보살로, 추가 득점 필요는 8회 2타점 2루타로 해결된다.","쉴즈가 9회 세 아웃을 지켜 팀의 두 경기 연속 노히터를 완성할지가 남는다.","RA-022","high"
"113","113화","리턴 에이스 113화","21544","21723","4대0으로 앞선 9회, 쉴즈가 아빌라를 잡고 노히터까지 두 아웃만 남긴다.","팀 대기록을 완성한 뒤 시간 점프로 정규시즌 최종 우승 문제를 다시 장전한다.","쉴즈·수비진은 노히터를 끝내고, 이후 윤주혁은 LA 에인절스전 패배를 털어 15승과 팀 선두를 지키려 한다.","쉴즈는 브랜든 인지에게 볼넷을 주지만 오스틴 잭슨의 싱커 땅볼을 유격수-벤 조브리스트-케이시 코치맨 병살로 끝낸다. 시간 점프 뒤 윤주혁은 볼티모어전 1회 투런을 맞고도 7이닝 2실점 7K로 버티고 직접 2루타로 역전 공격을 연다.","쉴즈의 9회 제구 흔들림과 대주자 아벨 페르난데스, 윤주혁의 9월 6일 LA전 5.1이닝 5실점 패배가 단기 실패로 놓인다.","MLB 사상 첫 한 팀 선발 두 경기 연속 노히터가 병살로 완성되고, 곧 잔여 13경기·매직넘버 11의 시즌 최종전으로 시간이 뛴다.","쉴즈의 노히터, 윤주혁 시즌 15승, 팀 7-4 승리·5연승과 양키스 +2.0/보스턴 +3.0 선두가 지급된다.","경기·기록·지위·명예","개인·팀 대기록 국면이 끝나고 모든 동부지구 상대와 싸워 두 시즌 연속 지구 우승을 확정해야 하는 국면으로 바뀐다.","잔여 경기가 모두 동부지구전인 상황에서 탬파베이는 매직넘버 11을 줄여 두 시즌 연속 지구 우승을 확정하려 집중하지만 매 경기 이길 수는 없다는 현실이 남는다.","쉴즈의 노히터와 팀 선발 두 경기 연속 노히터, 윤주혁의 시즌 15승은 모두 확정된다.","잔여 13경기, 매직넘버 11, 양키스·보스턴과의 지구 우승 및 와일드카드 경쟁이 열린다.","RA-022","high"
"114","114화","리턴 에이스 114화","21724","21915","두 경기 연속 노히터 뒤 6연승을 달린 탬파베이가 잔여 13경기와 매직넘버 11을 안고 볼티모어 최종전을 치른다.","4번 타자 윤주혁의 한 스윙이 하루치 매직넘버와 팀 연승으로 환전되는 보상이다.","우천 재개 경기에서 선취점을 내고 잭 브리튼의 좋은 구위를 무너뜨린다.","브랜든 가이어 사구·B.J. 업튼 장타 뒤 조브리스트와 롱고리아가 물러난 2사 2·3루에서 브리튼의 바깥쪽 패스트볼을 읽어 3점 홈런으로 넘긴다.","무사 2·3루가 2사로 줄고, 신인 브리튼의 이날 패스트볼은 포수도 놀랄 만큼 묵직하다. 윤주혁은 안타 위주 안전한 스윙과 4번다운 장타 사이에서 선택해야 한다.","드물게 히팅 포인트와 결과가 완전히 보이는 감각이 발현되어 잘 제구된 최고 공까지 홈런으로 만든다.","30호 뒤 잠잠했던 홈런 흐름을 되살리는 3점 선취포와 상대 선발의 자신감 붕괴를 얻는다.","팀·보직·커리어·경기·기록·지위·명예","윤주혁의 개인 장타 감각이 시즌 막판 팀 우승을 움직이는 직접 자원으로 다시 활성화된다.","윤주혁에게 잘 제구된 패스트볼을 홈런으로 맞은 잭 브리튼의 얼굴이 굳고 자신감이 무너진다.","무사 2·3루 무득점 위험과 윤주혁의 최근 홈런 정체는 3점 선취포로 해소된다.","브리튼의 추가 붕괴, 탬파베이 7연승, 보스턴 직접 대결로 이어질 우승 경쟁이 남는다.","RA-023","high"
"115","115화","리턴 에이스 115화","21916","22105","윤주혁의 3점 홈런 뒤 잭 브리튼의 제구와 자신감이 함께 무너진다.","선취 홈런의 연쇄 효과가 7연승과 보스턴 직접대결 준비로 이어지는 장면이다.","볼티모어를 확실히 꺾고 펜웨이 파크 첫 경기까지 우승 경쟁의 기세를 유지한다.","타선과 함께 브리튼을 5이닝 6실점으로 강판시키고, 제프 니만·조엘 페랄타·카일 판스워스가 6-1을 지키는 것을 확인한다. 보스턴 이동 뒤 유흥을 절제하고 훈련한 후 4번 지명타자로 제레미 헬릭슨을 응원한다.","브리튼의 공 자체는 여전히 위력적이고, 보스턴전 존 레스터와 헬릭슨은 5회까지 3-3 박빙을 만든다.","니만은 10승, 팀은 7연승을 완성하지만 펜웨이 6회 헬릭슨이 볼넷·안타로 1사 1·3루 위기를 맞는다.","니만의 두 자릿수 승리와 선수단 전체의 자발적 자기관리, 헬릭슨의 신인왕급 성장 상태가 확인된다.","능력·기량·경기·기록·지위·명예","탬파는 순간 폭발팀이 아니라 비행·숙소·훈련까지 우승에 맞추는 집단으로 바뀐다.","3대3의 6회 말 1사 1·3루에서 제레미 헬릭슨이 베테랑 제이슨 베리텍을 막아야 한다.","잭 브리튼을 흔든 선취 홈런은 6대1 승리, 팀 7연승, 제프 니만의 10승으로 환전된다.","헬릭슨의 실점 위기, 보스턴 시리즈 첫 경기, 직접 대결을 통한 지구 선두 수성이 남는다.","RA-023","high"
"116","116화","리턴 에이스 116화","22106","22304","3대3의 6회 말 1사 1·3루에서 헬릭슨이 베리텍을 상대하고 윤주혁은 점수를 직접 만들겠다고 다짐한다.","신인 선발을 에이스 타자의 예고 홈런으로 구하고 팀의 첫 경기 승리를 되찾는 보상이다.","헬릭슨의 자신감을 지키고 4-3 열세를 직접 동점으로 바꾼다.","오심성 홈 세이프로 1점을 내준 헬릭슨을 지켜본 뒤, 7회 타석 전 그에게 좌측 담장을 가리키고 존 레스터의 바깥쪽 공을 그대로 밀어 예고한 방향에 홈런을 친다.","필립 모리스의 홈 송구가 태그 먼저였지만 비디오 번복 대상이 아니라 4-3이 되고, 헬릭슨은 흔들릴 위험에 놓인다.","예고 홈런이 4-4 동점을 만들고 헬릭슨은 다음 이닝 삼자범퇴로 자신감을 회복한다.","`베이브 루스의 귀환`으로 기사화되는 예고 홈런, 신인 선발의 심리 회복, 9회 첫 타자로 다시 올 기회를 얻는다.","신체·가용성·팀·보직·커리어·경기·기록·관계","윤주혁은 단순 해결사를 넘어 동료의 경기력을 행동으로 끌어올리는 팀 리더가 된다.","4대4인 9회 초, 선두 타자 윤주혁이 크리스 맥그레인을 상대로 연장 전에 결승점을 만들려 한다.","오심성 홈 세이프로 생긴 1점 열세와 헬릭슨의 흔들림은 윤주혁의 예고 동점포와 다음 이닝 삼자범퇴로 닫힌다.","9회 결승점, 판스워스에게 넘길 리드, 보스턴 첫 경기 승리가 남는다.","RA-023","high"
"117","117화","리턴 에이스 117화","22305","22544","4대4의 9회 초, 윤주혁이 맥그레인을 상대로 최소 출루를 목표로 타석에 선다.","홈런뿐 아니라 분석·주루·동료 희생플라이로 결승점을 만드는 완성형 야수 보상이다.","첫 경기 승리를 위해 출루하고 스스로 득점권을 만든다.","스카우팅 리포트대로 결정구 커브를 중전 안타로 치고, 벤치 허락 아래 도루한다. 폭투가 옆으로 새자 멈추지 않고 3루까지 달려 세이프가 되고, 필립 모리스의 희생플라이에 홈을 밟는다.","맥그레인의 컷패스트볼이 예상보다 더 휘고 견제도 받으며, 한 번의 주루 실패면 9회 기회가 사라진다.","투구 폭투를 즉시 읽은 공격적 주루가 무사 3루를 만들고 5-4 결승점으로 이어진다.","카일 판스워스의 1이닝 무실점 2K 세이브, 시리즈 첫 경기 승리, 예고 홈런으로 더 두꺼워진 팬층을 얻는다.","능력·기량·경기·기록·관계","벤치는 시즌 도루 1개뿐인 윤주혁에게도 9회 자유 주루를 맡길 만큼 전적으로 신뢰한다. 모리스-레이첼의 손편지 연애가 드러나 친구 관계도 사적으로 깊어진다.","레이첼에게 손편지를 쓰는 일을 들킨 필립 모리스가 쑥스러워하자 윤주혁이 천생연분이라 생각하며 어깨를 토닥인다.","9회 출루와 결승점, 판스워스에게 넘긴 1점 리드, 보스턴 시리즈 첫 경기는 5대4 승리로 끝난다.","남은 보스턴 두 경기, 모리스와 레이첼의 관계, 지구 우승 격차 확대가 남는다.","RA-023","high"
"118","118화","리턴 에이스 118화","22545","22740","보스턴 첫 경기 뒤 필립 모리스가 레이첼의 손편지를 이야기하고, 다음 경기에서는 조시 베켓이 반격한다.","패배를 하루 만에 되갚는 윤주혁의 준비와 1년 가까이 감춘 새 구종 공개를 약속한다.","시리즈 1-1에서 마지막 선발 경기로 2승 1패를 만들고 우승 격차를 벌린다.","2차전 3타수 1안타 1타점 1볼넷에도 7-3으로 진 뒤 곧장 수면·유산소·근력·캐치볼·불펜·영상·타격 훈련을 순서대로 수행한다. 3차전 첫 타자 엘스버리에게 79마일 파워커브를 던져 삼진을 잡는다.","조시 베켓의 복수 호투와 보스턴 야수 수비로 2차전을 잃고, 새 파워커브는 올스타 휴식기부터 준비했지만 가운데 실투 위험 때문에 공개를 미뤄왔다.","최종원에게 배운 슬로우 커브를 속도·힘·낙차를 함께 갖춘 파워커브로 개조해 실전 첫 공개한다.","보스턴 스카우팅 리포트에 없는 결정구로 5회까지 30헛스윙·11삼진을 끌어내며 새 투구 층위를 얻는다.","능력·기량","윤주혁의 투구 레퍼토리가 강속구·고속 체인지업 중심에서 완성형 파워커브까지 확장된다.","6회로 갈수록 윤주혁의 파워커브가 더 날카로워지는데 보스턴 벤치에는 실전 대응 자료가 전혀 없다.","올스타 휴식기부터 실투 때문에 미뤄 둔 파워커브는 메이저리그 실전에서 위력을 증명하기 시작한다.","파워커브의 7이닝 완성도, 보스턴 3차전 결과, 포스트시즌 결정구로 쓸 수 있을지가 남는다.","RA-023","high"
"119","119화","리턴 에이스 119화","22741","22913","윤주혁이 파워커브를 포스트시즌에서도 자유롭게 쓸 수 있을지 시험하며 보스턴 타선을 상대한다.","새 구종의 실전 성적, 16승과 우승 격차라는 투·타 동시 보상을 준다.","8-0 리드를 지키며 보스턴 시리즈를 2승 1패로 끝내고 파워커브를 가을 무기로 확정한다.","7이닝 동안 오티스 3삼진을 포함해 14K, 3피안타 1볼넷 무실점으로 막고, 8회 타석에서는 시즌 33호 투런으로 10-0을 만든다.","104구를 던져 완투는 포기하고, 보스턴은 윤주혁이 자기 팀에만 사력을 다한다며 분노한다.","커브가 저스틴 벌랜더와 비교될 수준으로 평가되고 윤주혁은 시즌 16승·ERA 2.39를 얻는다. 그러나 벤 조브리스트 발목 부상과 조엘 페랄타 통증으로 둘 다 이탈한다.","보스턴전 10-0, 시리즈 2승 1패, 양키스 +3.0·보스턴 +5.0, 16승·33호 홈런 및 한국인 18승 기록 도전이 열린다.","능력·기량·경기·기록·지위·명예","투수 윤주혁은 파워커브까지 갖춘 사이영상 후보로 올라서지만, 팀 전력은 중심 타자와 셋업맨을 동시에 잃는다.","양키스 원정 첫 패배와 보스턴 경기 결과를 태블릿으로 확인한 윤주혁의 표정이 차갑게 굳으며 `빌어먹을`이라고 삼킨다.","파워커브의 첫 실전 검증과 보스턴 3차전은 7이닝 무실점 14탈삼진, 10대0 승리, 윤주혁의 16승으로 끝난다.","조브리스트·페랄타의 공백, 2경기로 좁혀진 양키스와의 격차, 남은 정규시즌 선두 수성이 열린다.","RA-023","high"
"120","120화","리턴 에이스 120화","22914","23098","양키스 패배에 이어 보스턴이 볼티모어를 11대4로 꺾고, 니만도 컨디션 난조로 선발에서 빠진다.","부상·부진으로 무너지는 기존 전력을 팜 유망주와 윤주혁의 장타가 한 번 되살리고, 그 뒤 최종 3연전의 절벽을 제시한다.","양키스를 이겨 선두를 지키고 마지막 일정까지 버틸 새 전력을 찾는다.","1회 1사 1·2루에서 이반 노바의 몰린 공을 시즌 34호 3점포로 만들고, 맷 무어의 첫 선발 6이닝 1실점 7K를 8-1 승리로 지원한다.","조브리스트·페랄타·니만 공백, 다음 날 헬릭슨 붕괴, 이후 토론토전 불펜 붕괴로 스윕패까지 이어진다.","탑 유망주 맷 무어와 데스몬드 제닝스 기용은 성공하지만 팀은 결국 보스턴에 1위를 빼앗겨 잔여 3경기에서 보스턴·탬파·양키스가 1경기 차로 몰린다.","맷 무어라는 새 좌완 선발 자원과 윤주혁 34호 홈런을 얻지만 이는 하루짜리 보상으로 끝난다.","신체·가용성·팀·보직·커리어·경기·기록","탬파는 여유 있는 선두에서 부상·불펜 붕괴로 2위, 포스트시즌 티켓조차 뉴욕과 직접 다투는 팀으로 추락한다.","마지막 뉴욕 3연전을 앞둔 탬파베이 팬들이 불안한 불펜을 걱정하면서도 선발 제프 니만과 `보배` 윤주혁에게 기대를 건다.","니만의 빈자리를 메운 맷 무어는 첫 선발 6이닝 1실점으로 성공하고 윤주혁은 시즌 34호 홈런을 친다.","보스턴에 빼앗긴 1위, 양키스와의 와일드카드 경쟁, 마지막 3연전과 무너진 불펜 문제가 남는다.","RA-024","high"
"121","121화","리턴 에이스 121화","23099","23329","잔여 3경기에서 보스턴이 1위, 탬파베이가 2위, 양키스가 3위인 가운데 첫 경기가 열린다.","윤주혁을 거른 선택을 필립 모리스·케이시 코치맨·하위타선이 응징하고 수비·불펜이 리드를 지키는 팀 보상이다.","다른 경기 결과를 보지 않고 뉴욕 첫 경기를 먼저 승리한다.","3회 3-2, 1사 3루에서 고의사구로 출루한 뒤 모리스 희생플라이 때 2루로, 코치맨 적시타 때 홈까지 달린다. 벤치에서 마운드와 수비를 독려한다.","헥터 노에시에게 초반 1-2로 뒤지고, 보스턴은 약체 볼티모어와 경기해 자력 우승은 불가능하다.","하위타선 추가점과 무실책 수비, 독기 오른 불펜이 뉴욕 반격을 끊어 7-2 승리를 완성한다.","탬파는 양키스와 2경기 차, 최소 포스트시즌에 가까워지고 윤주혁을 피할 수 없는 중심타선 구조가 증명된다.","목표·상황","팀은 스타 한 명 의존을 넘어 고의사구 뒤 타자와 하위타선까지 점수를 내는 집단으로 반등한다.","보스턴의 패배를 이상하게 예감한 윤주혁이 내일 경기 승리에 집중하며 평소보다 일찍 호텔 불을 끈다.","마지막 3연전 첫 경기와 양키스의 고의사구 선택은 탬파베이의 7대2 팀 승리로 결산된다.","남은 두 경기, 볼티모어가 보스턴을 막아야 가능한 지구 우승, 윤주혁의 MVP 목표가 남는다.","RA-024","high"
"122","122화","리턴 에이스 122화","23330","23509","3연전 2차전에서 헬릭슨이 사바시아와 맞서지만 러셀 마틴의 3점포를 포함해 4회 6대2까지 밀린다.","패배 속에서도 마지막 하루의 희망이 외부 경기 결과로 살아나는 시즌 말 압박을 준다.","윤주혁은 사바시아를 흔들어 추격하고, 경기 뒤 필립 모리스와 팀의 멘탈을 마지막 경기로 돌린다.","8회 사바시아에게 장타성 적시타를 쳐 6-3을 만들지만 모리스의 라인드라이브가 2루수에게 잡혀 병살되자 그를 진정시킨다. 패배 뒤 볼티모어의 보스턴 7-4 승리를 듣고도 들뜨지 말라고 경고한다.","러셀 마틴의 3점포, 사바시아의 디셉션·묵직한 공, 마리아노 리베라의 9회가 탬파를 막는다. 모리스는 결정적 병살로 죄책감을 느낀다.","탬파는 6-3으로 지지만 볼티모어가 보스턴을 꺾어 1경기 차 우승 희망과 마지막 날 포스트시즌 결정권이 남는다.","직접 경기 보상은 없고, 외부 승리로 `내일 이기면 최소 포스트시즌`이라는 마지막 기회만 지급된다.","경기·기록","시즌 장기 레이스가 사실상 단판 승부로 압축되고 윤주혁·조 매든이 팀의 감정을 차갑게 재정렬한다.","정규시즌 마지막 경기 중계가 열리고 해설진은 뉴욕 상대 성적이 좋은 데이비드 프라이스의 첫 등판을 기다린다.","2차전 추격과 모리스의 병살 자책은 6대3 패배와 윤주혁의 위로로 정리되고, 보스턴도 질 수 있다는 가능성은 볼티모어 승리로 확인된다.","이기면 포스트시즌인 마지막 경기, 동시 진행될 보스턴전, 지구 우승과 탈락의 갈림길이 남는다.","RA-024","high"
"123","123화","리턴 에이스 123화","23510","23713","이기면 포스트시즌, 보스턴까지 지면 지구 우승인 마지막 경기에서 데이비드 프라이스가 뉴욕 타선을 맞는다.","1회부터 무너진 절망을 끝까지 포기하지 않는 팀의 기적으로 뒤집겠다는 극단적 재약속이다.","데이비드 프라이스가 뉴욕을 막고 타선이 이반 노바를 공략해 시즌을 연장한다.","윤주혁은 4번 타자로 벤치에서 프라이스의 투구와 0-8로 벌어지는 과정을 지켜보며 반격 기회를 기다린다.","데릭 지터 초구 홈런, 로빈슨 카노 투런, 닉 스위셔 볼넷·에릭 차베스 3루타 등으로 프라이스가 4회 강판되고 8-0이 된다. 노바는 7이닝 무실점이다.","8회 초 무사 만루에서 러셀 마틴의 라인드라이브를 에반 롱고리아가 잡아 3루를 밟고 1루 송구까지 연결, 트리플 플레이로 추가 실점을 막는다.","점수는 없지만 세 아웃을 한 번에 잡은 수비가 죽은 경기의 정서와 벤치 사기를 되살린다.","능력·기량","`사실상 탈락`이던 0-8 경기에 처음으로 집단 각성의 신호가 생긴다.","0대8 경기에서 에반 롱고리아의 트리플 플레이가 완성되고, 뉴욕 벤치가 침묵한 가운데 이 수비가 흐름을 바꿀 것이라는 문장으로 끝난다.","8회 초 무사 만루의 추가 실점 위험은 롱고리아의 트리플 플레이로 한 번에 제거된다.","8점 차 추격, 로버트슨과 리베라 공략, 동시 경기의 보스턴 결과, 마지막 날의 시즌 생존이 남는다.","RA-024","high"
"124","124화","리턴 에이스 124화","23714","23930","0대8에서 롱고리아의 트리플 플레이로 8회 말을 맞자 뉴욕이 평균자책점 0.51인 데이비드 로버트슨을 올린다.","리드 브리냑부터 시작한 하위타선이 특급 셋업맨과 마리아노 리베라를 무너뜨려 기적을 현실로 만드는 연쇄 보상이다.","윤주혁과 동료들은 한 이닝에 최대한 격차를 줄여 9회 역전 가능성을 남긴다.","브리냑 안타·데스몬드 제닝스 볼넷·B.J. 업튼 적시타·롱고리아 3점포 뒤 윤주혁이 바깥쪽 2구를 밀어 시즌 36호 백투백 솔로홈런을 친다. 리베라 등판 뒤 모리스 안타·숍패치 사구·브리냑 적시타로 8-6까지 쫓는다.","리그 최강 로버트슨과 조기 등판한 리베라, 8점 차와 아웃카운트가 저항이다. 8회에만 타순 전체가 극도의 집중력을 써야 한다.","롱고리아-윤주혁 백투백 홈런이 뉴욕의 `끝난 경기` 확신을 깨고 엔터 샌드맨을 한 이닝 일찍 불러낸다.","한 이닝 6점, 윤주혁 36호, 마무리 투수 조기 소모, 트로피카나 필드의 완전한 분위기 반전을 얻는다.","목표·상황","0-8의 탈락 직전 팀이 8-6, 한 번의 장타면 동점인 집단으로 변한다.","9회 말 2아웃, 8대6에서 롱고리아가 리베라의 95마일 초구를 놓치고 이를 악문다.","0대8 무득점과 로버트슨의 무실점 신화는 한 이닝 6득점으로 깨지고 뉴욕은 리베라를 조기 투입한다.","롱고리아의 2아웃 승부, 윤주혁에게 타석이 이어질지, 두 점 차 역전과 시즌 생존이 남는다.","RA-024","high"
"125","125화","리턴 에이스 125화","23931","24155","9회 말 2아웃 8대6에서 롱고리아가 2루타로 살아나고 윤주혁이 마리아노 리베라와 맞선다.","시즌 내내 불리했던 특급 마무리를 가장 큰 순간에 넘어뜨리는 최상급 타격 결산이다.","윤주혁은 상대전적을 믿고 정면승부한 리베라의 선택을 후회시키고 경기를 연장한다.","97마일 컷패스트볼 두 개를 파울로 보며 타이밍·히팅 포인트를 완전히 읽고, 리베라가 유인구 대신 세 번째 컷패스트볼을 던지자 당겨 2점 동점 홈런을 친다.","0-2, 시즌 무안타 상대전적, 리베라의 독기 어린 주무기와 마지막 아웃이라는 압력이 겹친다.","윤주혁의 `위력적인 공도 칠 수 있다는 감각`이 발현되어 최고 마무리의 결정구가 배팅볼처럼 읽힌다.","9회 2아웃 8-8 동점포, 시즌 37호에 준하는 결정적 장타(원문은 이 장면에서 번호를 재명시하지 않음), 연장전과 포스트시즌 생존 기회를 얻는다.","목표·상황","윤주혁은 리베라 상대 무안타 약점을 가장 큰 경기에서 끝내며 팀의 역사적 기적을 개인 손으로 현실화한다.","동점 뒤 필립 모리스가 때린 타구가 어중간하게 높이 뜨자 윤주혁과 동료들의 입에서 작은 탄식이 나온다.","리베라 상대 무안타와 8점 차 추격, 정규 9이닝 안의 패배 위기는 윤주혁의 2점 홈런으로 닫힌다.","모리스의 뜬공 결과와 연장전, 고갈되는 불펜, 보스턴-볼티모어 동시 경기 결과가 남는다.","RA-024","high"
"126","126화","리턴 에이스 126화","24156","24406","모리스의 뜬공으로 9회가 끝나 8대8 연장전에 들어가고 웨이드 데이비스가 10회를 맡는다.","타자로 경기를 살린 윤주혁이 투수로 우승 기회를 지키고, 외부 경기까지 같은 순간 뒤집히는 이중 기적이다.","윤주혁은 조 매든에게 자원 등판해 연장 실점을 막고 포스트시즌·지구 우승 가능성을 자기 손으로 보존한다.","`오늘 지면 포스트시즌 첫 선발도 없다`고 설득해 등판 허락을 얻고, 11회 초 100마일 강속구로 뉴욕을 삼자범퇴 처리한다.","등판하면 포스트시즌 1차전 선발 순서가 바뀌고 피로가 남는다. 동시에 보스턴은 9회 2아웃까지 3-2로 앞선다.","볼티모어가 조나단 파펠본에게 크리스 데이비스·놀란 레이몰드 연속 2루타와 로버트 안디노 끝내기 안타로 4-3 역전, 탬파-뉴욕전이 지구 우승 결정전으로 승격된다.","윤주혁의 11회 무실점, 보스턴 우승 좌절, `이기면 지구 우승`이라는 최고 보상이 눈앞에 놓인다.","팀·보직·커리어·경기·기록·지위·명예","윤주혁은 예정된 선발 역할보다 당일 팀 생존을 택하는 실질적 에이스가 되고, 와일드카드 결정전은 우승 결정전이 된다.","11회 말 2아웃, 스캇 프록터가 롱고리아에게 두 공 연속 볼을 던지고 다음 타자 윤주혁이 대기타석에서 승부를 지켜본다.","윤주혁의 자원 등판 허락과 11회 초 뉴욕 공격, 보스턴의 지구 우승 가능성은 삼자범퇴와 볼티모어 끝내기 승리로 정리된다.","롱고리아의 2볼 승부, 끝내기 득점, 탬파베이의 2년 연속 동부지구 우승이 남는다.","RA-024","high"
"127","127화","리턴 에이스 127화","24407","24660","11회 말 2아웃, 스캇 프록터가 롱고리아에게 스트라이크 하나를 잡고 승부를 이어간다.","0-8에서 살아난 팀의 시즌 전체 노력을 롱고리아 끝내기와 샴페인으로 결산한다.","롱고리아는 직접 경기를 끝내고, 윤주혁과 팀은 포스트시즌 진출이 아니라 지구 우승까지 차지한다.","롱고리아가 몸쪽 패스트볼을 좌측 담장 밖으로 보내 끝내기 홈런을 친다. 윤주혁은 샴페인 세리머니에서 롱고리아·모리스·레이첼과 기쁨을 나누고 은퇴한 전 주장 브라이언 무어와 재회해 연락처를 교환한다.","두 아웃과 2-1 카운트, 시즌 내내 누적된 부상·불펜 붕괴·8점 차가 마지막 한 스윙 전까지 남아 있다.","롱고리아 끝내기로 `Good bye, New York Yankees / Congratulations, Tampa Bay Rays`가 선언되고 탬파가 2년 연속 동부 우승한다.","지구 우승·포스트시즌 티켓·승리투수 윤주혁, 샴페인 축제와 팀 단체사진이라는 관계·감정 보상이 지급된다.","경기·기록·지위·명예·관계","윤주혁은 신인급 에이스에서 리그 대표 선수·MVP 유력 후보가 되고, 브라이언 무어의 은퇴 세대에서 새 리더 세대로 바통을 넘겨받는다.","기적 같은 역전승의 단체사진이 브라이언 무어의 개인 SNS에 올라 메이저리그 역사의 한 페이지로 남는다.","8점 차, 뉴욕 최종전, 보스턴 추격, 포스트시즌 티켓과 2년 연속 지구 우승이 모두 끝내기 홈런으로 닫힌다.","디비전시리즈 상대와 선발 운용, 포스트시즌 우승, 윤주혁의 MVP 결과가 새로 열린다.","RA-024","high"
"128","128화","리턴 에이스 128화","24661","24841","동부 우승 다음 날 디트로이트와의 디비전시리즈 일정과 상대 선발진이 공개된다.","정규시즌 서열 대신 디트로이트 상대 적합성을 따져 맷 무어와 제프 니만 중 1차전 선발을 고르는 논쟁을 건다.","프런트와 코칭스태프는 벌랜더·피스터·셔저를 상대할 1차전 선발과 회복한 야수 자원을 확정하려 한다.","프리드먼과 스카우트는 맷 무어의 구위와 프라이스의 과거 사례를, 조 매든은 제프 니만의 큰 경기 운영과 경험을 근거로 제시한다.","니만은 부상 복귀와 디트로이트 상대 전적이 불안하고, 무어는 메이저리그 선발 경험이 거의 없다.","프리드먼은 무어를, 매든은 니만을 밀며 단장과 감독의 의견이 정면으로 갈린다.","두 후보와 판단 기준, 회복한 외야 자원을 확인하지만 1차전 선발권은 아직 누구에게도 지급되지 않는다.","신체·가용성·팀·보직·커리어","탬파는 단기전 적합성을 놓고 기존 서열을 재검토하는 단계에 들어가며 실제 선발 결정은 미정이다.","앤드류 프리드먼은 맷 무어를, 조 매든은 제프 니만을 1차전 선발로 밀며 단장과 감독의 선택이 갈린다.","부상 야수들의 포스트시즌 활용 가능성과 윤주혁을 1차전 선발로 쓰지 않을 이유는 확인된다.","무어와 니만 중 1차전 선발, 조 매든을 설득할 기준, 벌랜더 상대 홈 1차전이 남는다.","RA-025","high"
"129","129화","리턴 에이스 129화","24842","25042","제프 니만의 디트로이트 상대 부진 기록을 두고 코칭스태프와 스카우트가 1차전 선발 논의를 계속한다.","제프 니만의 디트로이트 상대 부진 기록이 맷 무어 선택으로 이어지고, 그 도박의 첫 이닝을 실제로 검증한다.","맷 무어는 첫 큰 선발 무대의 긴장을 넘기고, 탬파 타선은 저스틴 벌랜더에게 먼저 점수를 낸다.","조 매든은 니만의 상대 기록을 확인한 뒤 무어를 1차전 선발로 정한다. 무어는 첫 타자 볼넷 뒤 98마일로 안정을 찾고, 조브리스트가 선제 솔로홈런을 친다.","무어는 선발 경험이 거의 없고 첫 타자를 스트레이트 볼넷으로 보내며, 상대는 벌랜더와 디트로이트 중심타선이다.","선발 논쟁은 무어로 결론 나고 조브리스트의 홈런으로 1대0이 되지만, 1사 1루 윤주혁 타석은 벌랜더의 초구 볼에서 멈춘다.","맷 무어의 1차전 선발권과 조브리스트의 1대0 선취점만 지급된다. 4점 리드와 무어의 장기 성공은 아직 없다.","팀·보직·커리어","맷 무어는 후보에서 실제 포스트시즌 1차전 선발로 올라섰고, 그의 긴 이닝 검증과 윤주혁 타석 결과는 열린 채다.","1대0의 1회 말 1사 1루, 윤주혁이 벌랜더의 초구를 볼로 골라 내며 첫 포스트시즌 타석을 연다.","맷 무어와 제프 니만의 1차전 선발 논쟁은 조 매든의 동의와 무어 선택으로 끝나고 탬파는 조브리스트 홈런으로 선취한다.","윤주혁과 벌랜더의 첫 승부, 무어의 긴 이닝 검증, 디비전시리즈 1차전 승패가 남는다.","RA-025","high"
"130","130화","리턴 에이스 130화","25043","25215","1회 1사 1루에서 윤주혁이 컨디션이 떨어진 벌랜더와 첫 타석 승부를 이어간다.","신인 선발의 무실점 호투와 윤주혁의 3점포로 1차전을 압승하는 결산이다.","추격 여지를 없애고 윤주혁은 다음 날 선발 등판에 지장 없이 공격 보상까지 챙긴다.","윤주혁은 주자 둘을 둔 타석에서 가운데로 몰린 공을 3점 홈런으로 보내고, 무어·불펜이 남은 아웃을 처리하는 동안 경기 뒤 존 제이소와 2차전 배터리 준비를 시작한다.","투타 겸업 때문에 윤주혁은 대승 속 타격과 다음 경기 선발 회복을 동시에 관리해야 한다.","맷 무어가 7이닝 무실점으로 기대를 넘어서는 순간 9-0 승리가 사실상 확정된다.","ALDS 1승, 무어 7이닝 무실점, 윤주혁 3점포와 디트로이트 홈 분위기 제압을 얻는다.","팀·보직·커리어·경기·기록","탬파는 에이스를 쓰지 않고도 상대 1선발을 꺾었고, 윤주혁은 2차전에서 시리즈를 끝낼 투수로 넘어간다.","조 매든이 2차전 선발 윤주혁에게 첫 경기를 잃은 디트로이트에 지금까지처럼 지옥을 보여 주라고 주문한다.","맷 무어 선발 도박, 벌랜더 공략, ALDS 1차전은 7이닝 무실점과 9대0 승리로 결산된다.","윤주혁과 존 제이소의 2차전 배터리 계획, 카브레라 공략, 시리즈 2연승이 남는다.","RA-025","high"
"131","131화","리턴 에이스 131화","25216","25408","조 매든이 윤주혁의 긴장을 풀어 주고 디트로이트에 자기 기량을 모두 보이라고 말한다.","타자 전념 유혹을 거절하고 투타 겸업을 자기 목표로 확정한 직후, 포스트시즌 첫 선발의 초구 홈런 비용을 맞는다.","윤주혁은 타격과 투구를 모두 포기하지 않는 선택을 2차전 선발 경기에서 증명한다.","조 매든에게 투타 양쪽을 계속하겠다는 뜻을 분명히 하고 마운드에 오르지만, 첫 타자 오스틴 잭슨에게 97마일 패스트볼 선두타자 홈런을 허용한다.","타격에 전념하면 더 큰 공격 성적을 얻을 수 있다는 시선이 있고, 2차전은 시작 한 타자 만에 0대1이 된다.","투타 겸업 정체성을 확정한 직후 잭슨의 홈런이 첫 선발 임무를 즉시 추격전으로 바꾼다.","두 역할을 계속할 커리어 선택은 확정되지만 투구 보상은 없고, 초구 피홈런 뒤 회복도 아직 시작되지 않는다.","능력·기량","윤주혁은 투타 겸업을 자발적 커리어 정체성으로 굳히지만 2차전 마운드에서는 0대1 열세와 오도녜스 타석을 맞는다.","디트로이트의 첫 타자 오스틴 잭슨이 간발의 차로 선두타자 홈런을 치고, 윤주혁 앞에 2번 매글리오 오도녜스가 들어선다.","윤주혁이 포스트시즌에서 타격만 할 가능성은 투타 양쪽을 계속하겠다는 본인의 선택으로 닫힌다.","초구 피홈런 뒤 회복, 오도녜스와 카브레라가 이어질 1회, 피스터 상대 타선 반격이 남는다.","RA-025","high"
"132","132화","리턴 에이스 132화","25409","25612","오스틴 잭슨의 선두타자 홈런으로 0대1이 된 뒤 오도녜스가 타석에 들어선다.","101마일 강속구와 병살로 초반 붕괴를 끊고 에이스의 복원력을 보여준다.","미겔 카브레라를 포함한 중심타선에 추가점을 주지 않고 타선이 반격할 시간을 번다.","땅볼 병살을 유도하고 카브레라에게는 101마일 승부구로 삼진을 잡은 뒤, 구종을 섞어 5회까지 1실점으로 묶는다.","피스터가 탬파 타선을 0점으로 막고 윤주혁은 한 번 더 실수하면 패전 위기에 놓인다.","초반 장타를 허용한 패스트볼도 피하지 않고 카브레라를 힘으로 제압하면서 마운드 주도권을 되찾는다.","5이닝 1실점의 회복과 디트로이트 강타선도 재조정으로 막을 수 있다는 확신을 얻는다.","신체·가용성·경기·기록","윤주혁은 완벽하게 시작해야 강한 투수가 아니라, 실패한 이닝 안에서 경기 계획을 다시 세우는 에이스로 성장한다.","6회 선두 벤 조브리스트가 안타로 나가자 짐 릴랜드가 중심타선 실점을 막기 위해 좌·우 불펜을 동시에 준비시킨다.","첫 타자 홈런과 연속 출루로 생긴 1회 추가 실점 위기는 병살과 카브레라 삼진으로 막힌다.","조브리스트의 선두 출루, 피스터의 1점 리드, 윤주혁의 승패와 남은 이닝이 열린다.","RA-025","high"
"133","133화","리턴 에이스 133화","25613","25840","6회 선두 조브리스트가 출루한 상황에서 짐 릴랜드는 롱고리아만 잡고 윤주혁은 피하려 한다.","롱고리아의 희생플라이와 윤주혁의 홈런으로 투수가 자기 승리를 직접 뒤집는 보상이다.","동점 뒤 피스터를 넘어 2차전을 가져오고 3차전 스윕 기회를 만든다.","롱고리아가 희생플라이로 1대1을 만든 뒤 윤주혁은 피스터의 공을 솔로홈런으로 보내 2대1을 만들고, 마운드에서는 8이닝 1실점 10탈삼진으로 막는다.","피스터의 제구와 디트로이트 수비가 탬파 타선을 오래 묶고 윤주혁은 투타 양쪽에 집중력을 써야 한다.","동점 직후 윤주혁의 장타가 결승점이 되고 타선이 8점까지 쌓아 경기 흐름을 완전히 뒤집는다.","8대1 승리, 8이닝 1실점 10탈삼진, 포스트시즌 연속 홈런과 시리즈 2승 무패를 얻는다.","팀·보직·커리어·경기·기록","윤주혁은 가을야구에서 선발승과 결승 홈런을 한 경기 안에 결산하는 절대 중심이 된다.","3차전 선발이 맥스 셔저로 정해지자 윤주혁은 과거 0볼 2스트라이크에서 만루 홈런으로 그를 강판시킨 타석을 떠올린다.","피스터의 1대0 봉쇄와 윤주혁의 2차전 선발 임무는 결승 홈런, 8이닝 1실점, 8대1 승리로 끝난다.","맥스 셔저 상대 3차전, ALDS 3연승 마감, 윤주혁의 과거 만루 홈런 재현 여부가 남는다.","RA-025","high"
"134","134화","리턴 에이스 134화","25841","26029","ALDS 2승을 선점한 탬파베이가 맥스 셔저와 제임스 쉴즈의 3차전으로 시리즈 마감을 노린다.","윤주혁의 3경기 연속 홈런과 쉴즈의 무실점 호투로 디트로이트를 스윕한다.","시리즈를 길게 끌지 않고 선발·불펜 체력을 아껴 ALCS에 진출한다.","윤주혁은 셔저에게 2점 홈런을 치고, 쉴즈는 8회까지 무실점으로 버티며 웨이드 데이비스가 마지막 위기를 닫는다.","디트로이트는 탈락 직전 집중력을 끌어올리고 9회에야 추격 기회를 만든다.","윤주혁의 선취 2점이 끝까지 유일한 득점으로 남아 투수전의 의미가 결승타로 굳어진다.","2-0 승리, ALDS 3전 전승, 윤주혁의 포스트시즌 3경기 연속 홈런과 충분한 휴식을 얻는다.","경기·기록·지위·명예","탬파는 정규시즌 기적의 팀에서 압도적으로 시리즈를 닫는 우승 후보가 되고, 다음 상대는 보스턴으로 확정된다.","충분히 쉰 탬파와 5차전 혈투를 통과한 보스턴의 ALCS를 앞두고 윤주혁은 초반 주도권을 빼앗길 경우를 경계한다.","맷 무어 1차전 도박에서 시작한 디트로이트 ALDS는 3전 전승과 윤주혁의 세 경기 연속 홈런으로 완결된다.","보스턴과의 ALCS 1차전, 휴식과 실전 감각의 충돌, 월드시리즈 티켓이 열린다.","RA-025","high"
"135","135화","리턴 에이스 135화","26030","26235","정규시즌 상대 전적을 버리고 보스턴을 다시 보겠다고 다짐한 탬파가 ALCS 1차전에 들어간다.","선발이 흔들린 경기를 웨이드 데이비스의 만루 구원과 윤주혁의 주루로 되살린다.","추가 실점을 막고 베켓에게 동점을 만들어 홈 첫 경기를 가져온다.","조 매든은 만루 위기에 웨이드 데이비스를 투입하고, 윤주혁은 보스턴 배터리의 고의사구·견제 패턴을 관찰한다.","보스턴은 윤주혁과 정면승부를 피하고 프라이스가 만든 만루 위기는 한 점이면 경기 흐름이 기운다.","웨이드 데이비스가 만루에서 삼진과 범타를 잡아 0-2를 유지하면서 역전 여지가 살아난다.","불펜의 새 필승 카드와 베켓을 압박할 다음 공격 기회를 얻는다.","팀·보직·커리어·경기·기록","웨이드 데이비스는 선발 후보에서 가을야구의 고레버리지 구원 핵심으로 자리 잡기 시작한다.","0대2의 6회 말 무사 1루, 벤 조브리스트가 베켓의 바깥쪽 높은 초구를 스트라이크로 지켜본다.","프라이스가 만든 만루 추가 실점 위기는 웨이드 데이비스의 연속 삼진으로 끝난다.","업튼의 선두 출루, 조브리스트와 윤주혁으로 이어질 중심타선, ALCS 첫 경기 역전이 남는다.","RA-026","high"
"136","136화","리턴 에이스 136화","26236","26419","0대2의 6회 말, 조브리스트가 출루하고 보스턴 배터리는 윤주혁과의 정면승부를 피한다.","배터리의 시선을 훔친 홈스틸과 코치맨 적시타로 0-2를 3-2로 뒤집는다.","윤주혁은 출루를 득점으로 바꾸고 탬파는 베켓의 경기 운영을 붕괴시킨다.","윤주혁은 투수·포수의 습관을 읽어 홈으로 쇄도해 2-2 동점을 만들고, 이어 케이시 코치맨의 적시타가 역전점을 낸다.","홈스틸 실패는 이닝 종료와 부상 위험까지 동반하며 보스턴 내야가 경계한다.","정면승부 회피가 오히려 윤주혁에게 홈을 훔칠 시간을 주며 보스턴의 안전한 선택이 역전 원인이 된다.","3-2 리드, 포스트시즌 홈스틸이라는 희귀한 개인 기록과 관중의 폭발적 반응을 얻는다.","능력·기량·경기·기록","윤주혁은 홈런을 거르면 잠잠해지는 타자가 아니라 출루만으로 수비 체계를 흔드는 선수로 확장된다.","윤주혁의 홈스틸 직후 케이시 코치맨의 우중간 타구가 나오며 6회가 끝나기 전에 경기 판도가 탬파 쪽으로 바뀐다.","윤주혁을 고의사구로 막으려던 보스턴의 선택과 0대2 열세는 홈스틸·코치맨 적시타로 역전된다.","3대2 리드 수성, 탬파 불펜의 후반 운용, ALCS 1차전 최종 승리가 남는다.","RA-026","high"
"137","137화","리턴 에이스 137화","26420","26566","기사에서 윤주혁의 홈스틸과 케이시 코치맨의 역전 적시타로 거둔 3대2 ALCS 1차전 승리를 결산한다.","단기 승리와 함께 프랑코나의 계약·거취 문제까지 드러내 라이벌 팀의 장기 압박을 겹친다.","탬파는 1승의 기세를 2차전 윤주혁 선발로 연결하고, 보스턴은 반격책을 세운다.","윤주혁은 홈스틸 장면을 동료들과 복기한 뒤 다음 선발 준비로 전환하고, 프랑코나는 연장 계약 불확실성 속 라인업과 투수 운용을 다시 짠다.","보스턴은 홈 패배와 감독 거취가 겹쳐 있으며 윤주혁을 피하는 전략도 실패했다.","1차전이 단순 1패가 아니라 보스턴 감독·선수단의 신뢰와 미래를 압박하는 결과가 된다.","탬파 1-0 선점, 윤주혁의 심리 우위와 다음 날 선발을 위한 준비 시간을 얻는다.","팀·보직·커리어","두 팀의 격차가 전력뿐 아니라 조직 안정성에서도 탬파 쪽으로 벌어진다.","2차전 첫 공이 100마일로 정확히 꽂히자 윤주혁의 이상을 빌던 테리 프랑코나의 표정이 굳는다.","1차전 3대2 승리와 윤주혁의 홈스틸은 공식 경기 결과와 기사 반응으로 결산된다.","윤주혁의 ALCS 첫 선발, 보스턴의 모든 카드 투입, 시리즈 2연승이 남는다.","RA-026","high"
"138","138화","리턴 에이스 138화","26567","26777","윤주혁이 2차전에서 보스턴 타선을 상대로 묵직한 공을 이어가며 5회까지 무실점 8탈삼진을 쌓는다.","에이스의 봉쇄를 수비 실책과 고의사구가 만루 기회로 바꾸는 중반 전환이다.","윤주혁은 무실점을 유지하고 타자로 출루해 롱고리아에게 승부를 연결한다.","구종을 섞어 보스턴 타선을 제압하고, 공격에서는 상대 실책 뒤 고의사구를 받아 만루를 만든다.","보스턴 선발도 탬파 타선을 막고 있으며 윤주혁을 거르면 직접 타점 기회가 사라진다.","보스턴 수비의 작은 실수와 윤주혁 고의사구가 에반 롱고리아 앞 만루라는 더 큰 위험으로 변한다.","5이닝 8K 무실점과 중심타선이 결산할 만루 기회를 얻는다.","목표·상황","보스턴의 윤주혁 회피 전략은 이제 뒤의 롱고리아까지 함께 상대해야 하는 구조적 딜레마가 된다.","2사 만루에서 에반 롱고리아가 알프레도 아세베스의 초구를 쳐 높이 띄운다.","2차전 초반 윤주혁의 몸 상태와 보스턴의 정면승부 회피는 무실점 투구와 고의사구로 확인된다.","롱고리아의 만루 타구 결과, 윤주혁의 승리 요건, 후반 불펜이 남는다.","RA-026","high"
"139","139화","리턴 에이스 139화","26778","26956","2사 2·3루에서 윤주혁이 고의사구로 걸어나가고 롱고리아가 만루 승부를 받는다.","고의사구를 만루홈런으로 응징하고 윤주혁의 13K 무실점을 승리로 환전한다.","큰 리드를 만들고 2차전까지 잡아 시리즈를 2-0으로 벌린다.","롱고리아가 그랜드슬램을 치고 윤주혁은 7이닝 13K 무실점으로 내려온다. 벤치에서는 불펜의 연속 실점을 끝까지 독려한다.","6-0 리드 뒤 불펜이 5점을 내주며 완승이 한 점 차 위기로 바뀐다.","보스턴의 윤주혁 고의사구가 롱고리아 만루포라는 최대 손실로 돌아오고, 마지막 불펜은 간신히 추가점을 막는다.","6-5 승리, 윤주혁의 7이닝 13K 무실점 선발승과 ALCS 2-0을 얻는다.","신체·가용성·팀·보직·커리어·경기·기록","롱고리아가 윤주혁을 보호하는 해결사로 복귀하지만 탬파 불펜의 피로·불안은 공개된다.","경기 기사에서 다섯 점 지원을 받은 윤주혁이 7회까지 위력적인 무실점 피칭을 이어갔다고 정리한다.","롱고리아의 만루 타구, 윤주혁의 선발 임무, 9회 한 점 차 위기는 6대5 승리와 ALCS 첫 승리투수 기록으로 닫힌다.","2승을 안고 떠날 펜웨이 원정, 흔들린 불펜, 보스턴의 홈 반격이 남는다.","RA-026","high"
"140","140화","리턴 에이스 140화","26957","27139","전 화의 기사 결산이 6대5 승리와 윤주혁의 한국인 최초 ALCS 승리를 확정한 뒤 펜웨이 3차전으로 넘어간다.","2차전 승리 결산 뒤 펜웨이 3차전으로 넘어가, 존 레스터의 바깥쪽 패턴을 두 타석 동안 축적한다.","0대0인 6회 2사 2루에서 2루 주자를 불러 쉴즈의 무실점 투구를 리드로 바꾼다.","3번 타자로 레스터의 바깥쪽 승부를 두 타석 동안 보고, 6회 득점권 세 번째 타석에서 초구와 2구가 같은 바깥쪽 코스에 들어오는 것을 확인한다.","레스터의 좌완 각도와 정교한 바깥쪽 제구, 2사 득점권 압력이 겹친다.","초구와 2구가 반복된 코스에 들어오며 세 번째 공을 어떻게 공략할지가 한 타석의 핵심으로 좁혀진다.","쉴즈의 무실점과 상대 패턴을 읽을 두 공을 얻지만 타구·선취점은 아직 지급되지 않는다.","능력·기량","윤주혁은 레스터의 반복 패턴을 축적한 상태로 결정구를 기다리며, 구장 맞춤 밀어치기의 실행 여부는 열린 채다.","0대0의 6회 말 2사 2루, 윤주혁이 존 레스터의 바깥쪽 공 두 개를 연달아 확인한다.","불펜이 흔들렸던 2차전 결과와 윤주혁의 ALCS 선발승은 기사로 확정된다.","세 번째 같은 코스에 대한 윤주혁의 선택, 2루 주자 득점, 펜웨이 3차전 선취점이 남는다.","RA-026","high"
"141","141화","리턴 에이스 141화","27140","27314","0대0의 6회 말 2사 2루에서 존 레스터가 윤주혁에게 바깥쪽 체인지업을 던진다.","펜웨이의 상징인 그린 몬스터를 넘긴 2점포와 쉴즈의 7이닝 무실점을 결합한다.","2점 리드를 끝까지 지켜 보스턴을 탈락 직전으로 몰아넣는다.","윤주혁은 밀어친 타구로 그린 몬스터를 넘기고, 쉴즈가 7회를 막은 뒤 웨이드 데이비스의 구원을 지켜본다.","2점 차는 보스턴 강타선과 펜웨이에서 안전하지 않고 탬파 불펜은 전날 흔들렸다.","윤주혁의 구장 맞춤 2점포가 투수전의 유일한 균형 파괴가 되고 데이비스가 필승 구원으로 호출된다.","2-0 리드, 쉴즈의 7이닝 무실점과 윤주혁의 펜웨이 장타를 얻는다.","목표·상황","웨이드 데이비스의 역할이 긴 이닝용 구원에서 시리즈를 닫는 핵심 셋업으로 굳어진다.","2대1로 좁혀진 8회, 조 매든이 동점 위험을 감수하고 웨이드 데이비스를 마운드에 세운다.","존 레스터의 반복된 바깥쪽 승부와 0대0 투수전은 윤주혁의 그린 몬스터 2점포로 깨진다.","웨이드 데이비스가 보스턴 중심타선을 막을지, 한 점 리드와 ALCS 3연승이 남는다.","RA-026","high"
"142","142화","리턴 에이스 142화","27315","27491","2대1에서 웨이드 데이비스가 최근의 좋은 감각까지 흔들릴 수 있는 구원 압력을 안고 보스턴 중심타선을 맞는다.","구원 삼진으로 3연승을 완성한 뒤 우천 취소가 보스턴에 베켓 재등판 기회를 주는 재압박이다.","펜웨이 첫 경기를 닫고 한 경기만 더 이기면 월드시리즈에 진출하는 상태를 만든다.","데이비스가 곤살레스를 포함한 타자들을 삼진으로 돌려세우고, 탬파는 2-1 승리를 확정한 뒤 비로 미뤄진 4차전 일정을 재계산한다.","보스턴이 한 점을 따라붙고, 우천 취소로 휴식을 얻은 베켓을 다시 상대해야 한다.","데이비스의 결정구가 마지막 추격을 끊지만 날씨가 보스턴 선발 운용을 유리하게 바꾼다.","ALCS 3-0, 웨이드 데이비스의 필승조 신뢰와 스윕까지 한 경기라는 우위를 얻는다.","경기·기록","탬파는 패배 없는 가을 팀이 되지만, 보스턴은 에이스 재투입이라는 마지막 반격 카드를 얻는다.","우천 뒤 4차전을 기다리는 보스턴 팬들이 윤주혁을 막고 싶어 하면서도 언젠가 그가 자기 팀에 올 가능성을 상상한다.","웨이드 데이비스 구원과 3차전 한 점 리드는 2대1 승리, ALCS 3연승으로 끝난다.","휴식한 조시 베켓과 제레미 헬릭슨의 4차전, 탬파의 시리즈 4연승 마감이 남는다.","RA-026","high"
"143","143화","리턴 에이스 143화","27492","27694","보스턴 팬들이 윤주혁을 경계하는 가운데 베켓과 헬릭슨의 ALCS 4차전이 시작된다.","주전이 막힌 경기에서 조브리스트·모리스·코치맨과 대타 댄 존슨이 시리즈를 끝낸다.","한 번의 득점 기회를 살려 4연승으로 월드시리즈에 진출한다.","7회 조브리스트가 2루타로 출루하고 모리스가 적시타를 치며 코치맨까지 안타로 연결하자 조 매든은 댄 존슨을 대타로 낸다.","베켓의 무실점 투구와 0-0의 단기전 압박 때문에 대타 한 타석이 시리즈 전체를 좌우한다.","주전 중심타선이 만든 주자 상황에 시즌 내내 결정적 대타였던 댄 존슨이 등장한다.","1-0 선취점과 추가 장타가 가능한 주자 둘, 최적의 대타 매치업을 얻는다.","경기·기록·지위·명예","탬파의 우승 전력은 윤주혁 개인뿐 아니라 벤치 카드까지 결산 가능한 두꺼운 구조로 확인된다.","주전 자리가 바로 오지 않는다는 것을 아는 댄 존슨이 낮은 공을 참아 내고 담장을 넘길 단 하나의 스트라이크를 기다린다.","베켓과 헬릭슨의 0대0 균형은 조브리스트·모리스·코치맨의 연속 공격으로 깨진다.","댄 존슨의 대타 결과, 1점 리드 수성, ALCS 4연승과 월드시리즈 진출이 남는다.","RA-026","high"
"144","144화","리턴 에이스 144화","27695","27876","7회 주자 둘을 둔 대타 댄 존슨이 프랭클린 모랄레스의 낮은 공을 골라 내며 자기 공을 기다린다.","대타 3점포, 4전 전승, 웨이드 데이비스의 ALCS MVP로 팀형 승리를 결산한다.","4차전을 확실히 닫고 체력을 보존한 채 월드시리즈로 간다.","댄 존슨이 3점 홈런을 쳐 4-0을 만들고 헬릭슨·불펜이 한 점만 내주며 4-1 승리를 완성한다.","보스턴은 탈락 직전 마지막 공격을 걸고 탬파는 큰 리드에서도 불펜을 소모해야 한다.","벤치의 한 장이 1점 차 경기를 4점 차로 벌려 보스턴의 역전 의지를 꺾는다.","ALCS 4-0 스윕, 포스트시즌 7연승, 웨이드 데이비스의 4.2이닝 12K 무실점 ALCS MVP와 월드시리즈 티켓을 얻는다.","경기·기록·지위·명예","윤주혁 중심의 팀 서사에 데이비스·댄 존슨 같은 역할 선수의 독립적 영웅 서사가 더해진다.","탬파와 세인트루이스 선수들이 구단 첫 우승과 시즌 최종 목표를 걸고 2011년 월드시리즈 첫 경기를 연다.","댄 존슨의 대타 타석, 보스턴 ALCS, 웨이드 데이비스의 구원 활약은 4전 전승과 시리즈 MVP로 닫힌다.","세인트루이스 월드시리즈 1차전, 탬파의 7일 휴식에 따른 감각, 구단 첫 우승이 열린다.","RA-026","high"
"145","145화","리턴 에이스 145화","27877","28118","월드시리즈 1차전 아침, 윤주혁의 부모 윤상현과 임혜정이 플로리다 공항에서 아들을 만나러 온다.","경기 기록 바깥의 가족·팬 관계를 구체적 인물과 표 한 장으로 연결한다.","부모는 낯선 미국에서 안전하게 경기를 관람하고 윤주혁은 가족을 경기 집중의 힘으로 바꾼다.","오랜 팬 김태훈이 스티븐 김과 함께 부모를 알아보고 이동·관람을 돕고, 윤주혁 측은 표와 편의를 넉넉히 마련한다.","부모에게 메이저리그 현장은 낯설고 경기 표는 귀하며 윤주혁은 가족 방문에도 루틴을 흐트러뜨릴 수 없다.","일방향 팬이던 김태훈이 윤주혁 가족을 실제로 돕는 관계자가 되어 월드시리즈 관람 공동체에 들어온다.","부모의 현장 응원, 팬에 대한 직접 감사와 가족의 안심을 얻는다.","관계","윤주혁의 성공은 개인 커리어에서 부모·팬이 함께 체감하는 사회적 사건으로 확장된다.","윤주혁 유니폼을 드러낸 김태훈에게 옆자리 탬파베이 팬이 한국인이냐고 먼저 말을 건다.","윤상현·임혜정의 미국 도착과 경기장 이동, 김태훈의 표 문제는 스티븐 킴의 도움으로 해결된다.","김태훈과 현지 팬의 만남, 부모가 볼 윤주혁의 첫 월드시리즈 경기, 가족 앞 성과가 남는다.","RA-027","high"
"146","146화","리턴 에이스 146화","28119","28313","김태훈이 옆자리 탬파 팬에게 한국인이라고 답하고 월드시리즈 관중석의 환대를 받는다.","세상을 떠난 동생을 기억하는 팬이 윤주혁의 결승 홈런 공을 잡는 감정 보상과 1-0 승리를 겹친다.","윤주혁은 가족 앞에서 선취점을 만들고 프라이스는 그 한 점을 지킨다.","윤주혁이 솔로홈런을 치고 그 공을 김태훈이 잡는다. 프라이스는 7이닝 무실점 10K로 리드를 넘긴다.","세인트루이스 투수진이 추가점을 봉쇄해 홈런 한 점이 끝까지 위험한 리드로 남는다.","홈런 공이 김태훈에게 가며 늦은 동생과 함께 응원해 온 시간까지 한 장면에 결산된다.","1-0 월드시리즈 첫 승, 프라이스의 호투, 가족·팬에게 남을 홈런 공과 기억을 얻는다.","경기·기록·관계","윤주혁의 경기 성취가 모르는 팬의 상실을 위로하는 관계 보상으로 확장된다.","월드시리즈 선발 순서를 고심한 코칭스태프가 윤주혁을 2차전 선발로 확정하고 애런 루이스가 `준비해라`라고 말한다.","부모와 김태훈이 지켜본 1차전, 윤주혁의 홈런 공, 프라이스의 한 점 리드는 1대0 승리로 결산된다.","윤주혁의 월드시리즈 첫 선발, 홈 두 경기 연승, 세인트루이스 강타선 공략이 남는다.","RA-027","high"
"147","147화","리턴 에이스 147화","28314","28503","홈 두 경기를 모두 잡으려는 탬파와 바로 반격하려는 세인트루이스가 월드시리즈 2차전을 시작한다.","빠른 공만이 아니라 속도 차와 볼 배합으로 라루사의 강타선을 지배하는 투수 성장 보상이다.","초반 실점을 막고 탬파 타선이 한 점을 만들 때까지 경기를 0-0으로 유지한다.","윤주혁과 포수는 패스트볼·체인지업·커브의 속도를 번갈아 타자의 히팅 포인트를 흐트러뜨린다.","토니 라루사는 타석마다 대응책을 바꾸고 세인트루이스 타선은 실투 하나를 장타로 바꿀 수 있다.","라루사조차 윤주혁의 힘보다 경험 많은 완급 조절과 경기 읽기에 감탄하며 단순 강속구 대응책이 무력화된다.","무실점 이닝과 월드시리즈에서도 통하는 완급 조절의 검증을 얻는다.","지위·명예·관계","윤주혁은 어린 강속구 투수가 아니라 상대 감독이 운영 능력을 인정하는 완성형 에이스가 된다.","푸홀스까지 완급 조절에 삼진을 당한 뒤 라루사는 윤주혁이 최상 컨디션이 아닐 때만 이런 피칭이 불가능하다는 희박한 약점을 떠올린다.","세인트루이스의 강속구 대비는 윤주혁의 넓은 구속대와 완급 조절 앞에서 무력화된다.","0점대 투수전의 선취점, 윤주혁의 투구 수와 타격, 2차전 최종 결과가 남는다.","RA-027","high"
"148","148화","리턴 에이스 148화","28504","28727","라루사가 윤주혁의 장기 성장까지 두려워하는 가운데 2차전 투수전이 후반으로 간다.","투수가 3루타로 자기 득점권을 만들고 베테랑 조니 데이먼이 긴 승부로 이를 살리는 약속이다.","윤주혁은 출루를 넘어 홈까지 갈 수 있는 선취점 상황을 만든다.","외야 사이를 가르는 타구를 치고 전력 질주해 3루에 도달한 뒤 롱고리아·조브리스트의 후속타를 기다린다.","롱고리아와 조브리스트가 연달아 해결하지 못해 2아웃이 되고 무득점 위기가 커진다.","조 매든이 경험 많은 조니 데이먼을 대타로 내며 힘 대 힘이 아니라 긴 승부와 콘택트로 전략을 바꾼다.","2사 3루에서 베테랑이 투구 수를 늘리고 실수를 끌어낼 마지막 기회를 얻는다.","관계","윤주혁의 투타 활약을 완성하려면 동료의 한 번의 콘택트가 필요한 팀형 보상 구조가 선명해진다.","2사 3루에서 조니 데이먼이 다섯 공을 참아 내자 야디어 몰리나가 마운드를 찾아 도대체 무엇을 노리느냐고 투수와 상의한다.","0대0 후반 윤주혁의 득점권 진입은 3루타로 이뤄지고 조 매든은 대타 카드를 꺼낸다.","몰리나가 고를 다음 공, 데이먼의 인플레이 타구, 윤주혁의 선취 득점이 남는다.","RA-027","high"
"149","149화","리턴 에이스 149화","28728","28931","야디어 몰리나와 투수가 실투처럼 보이는 높은 공 뒤 낮은 결정구로 데이먼을 잡을 계획을 맞춘다.","내야안타 한 개로 에이스의 3루타·무실점을 1-0 승리로 바꾼다.","윤주혁은 홈을 밟고 마운드에서 최소 리드를 끝까지 지킨다.","데이먼의 내야안타 때 득점한 뒤 남은 타자를 봉쇄하고, 경기 뒤 부모에게 동료들을 소개하며 승리의 관계 보상을 나눈다.","단 한 점뿐이라 세인트루이스의 출루 한 번이 동점 위기이며 윤주혁은 투구 피로를 안고 타격·주루까지 수행했다.","빠른 발과 데이먼의 베테랑 콘택트가 0-0을 깨고 윤주혁의 무실점 투구에 승리 요건을 붙인다.","1-0 승리와 시리즈 2-0, 투타가 함께 만든 선취점, 부모와 팀 동료의 첫 만남을 얻는다.","경기·기록·관계","윤주혁 가족과 탬파 동료들이 인사하며 야구장 안팎의 두 관계망이 합쳐진다.","임혜정이 팀 에이스인 아들의 락커가 작다고 걱정하자 윤주혁은 큰 락커가 베테랑에게 돌아가는 문화를 설명하며 속으로 씁쓸해한다.","데이먼의 긴 타석, 윤주혁의 3루타와 선취점, 월드시리즈 2차전은 1대0 승리와 시리즈 2승으로 닫힌다.","세인트루이스 원정의 지명타자 부재, 윤주혁의 사라진 과거 경력과 현재 대우, 3차전 라인업이 남는다.","RA-027","high"
"150","150화","리턴 에이스 150화","28932","29142","윤주혁이 현재 경력보다 훨씬 긴 과거의 기억을 떠올리며 작은 락커에 대한 씁쓸함을 삼킨다.","투타 겸업을 1루 수비까지 확장해 공격력을 유지하는 조 매든의 단기전 도박이다.","윤주혁을 선발 타선에 넣되 낯선 1루 수비에서 실점을 만들지 않는다.","코칭스태프는 연습 결과와 과거 경험을 검토해 윤주혁을 1루수로 배치하고, 그는 부모·코치의 기대 속에서 기본 수비 동작을 반복한다.","월드시리즈에서 익숙하지 않은 포지션을 맡는 실책 위험과 체력 부담이 생긴다.","공격력 손실보다 윤주혁의 다재다능성을 믿는 쪽으로 라인업이 확정된다.","지명타자 없는 원정에서도 윤주혁의 중심타선 화력을 유지한다.","팀·보직·커리어","윤주혁의 팀 내 역할이 선발투수·지명타자에서 필요하면 내야수까지 맡는 전술 자원으로 넓어진다.","세인트루이스 홈팬의 함성 속에서 1루수 윤주혁이 포함된 월드시리즈 3차전이 막을 올린다.","원정에서 윤주혁을 선발로 쓸 수 있는지는 1루수 기용으로 결론 난다.","윤주혁의 첫 1루 수비 실전, 3차전 타격과 체력 비용, 세인트루이스의 홈 반격이 남는다.","RA-027","high"
"151","151화","리턴 에이스 151화","29143","29369","1루 수비가 비교적 부담 적은 윤주혁이 과거 골드글러브 경험을 바탕으로 초반 타구를 처리한다.","수비 도박 성공과 중심타선 연속 득점으로 원정에서도 3-0 리드를 만든다.","B.J. 업튼의 빠른 발을 홈으로 불러들이고 롱고리아에게 추가점 기회를 잇는다.","업튼이 도루로 득점권에 가자 윤주혁이 적시타를 치고, 롱고리아가 이어 2점 홈런을 보탠다.","세인트루이스 홈 분위기와 낯선 수비가 집중력을 분산시키지만 작은 실책도 허용할 수 없다.","윤주혁의 적시타 직후 롱고리아의 장타가 한 점 승부를 3점 차로 벌린다.","3-0 리드, 1루 수비 무사고와 업튼-윤주혁-롱고리아의 연결 득점을 얻는다.","능력·기량·경기·기록","탬파 타선은 홈런 한 명 의존이 아니라 주루·적시타·장타가 이어지는 구조로 작동한다.","3대0에서 세인트루이스 포수 야디어 몰리나가 크리스 레들리에게 흔들리지 말라고 당부하고, 레들리가 바깥쪽 낮은 초구 스트라이크를 던진다.","윤주혁의 1루 수비와 선취 타점은 무실책 처리와 적시타로 검증된다.","3점 리드를 지킬 탬파 투수진, 크리스 레들리 이후 세인트루이스 반격, 3차전 승패가 남는다.","RA-027","high"
"152","152화","리턴 에이스 152화","29370","29603","크리스 레들리의 초구 스트라이크에 야디어 몰리나가 지금처럼만 던지라고 신호한다.","탬파 불펜의 첫 큰 붕괴와 앨런 크레이그의 대타 만루포로 시리즈에 실제 패배 비용을 부과한다.","탬파는 3점 리드를 지키고 세인트루이스는 홈 팬 앞에서 시리즈를 되살린다.","세인트루이스가 연속 출루로 3-3을 만들고 라루사는 앨런 크레이그를 대타로 투입한다. 조 매든은 웨이드 데이비스에게 위기 탈출을 맡긴다.","앞선 시리즈 영웅 데이비스도 누적 피로와 만루 압박을 피하지 못한다.","크레이그가 데이비스의 공을 만루홈런으로 보내 3-3을 7-3으로 뒤집는다.","세인트루이스는 첫 승과 홈 분위기를 얻고, 탬파에는 불펜이 무적이 아니라는 경고가 남는다.","신체·가용성·팀·보직·커리어·경기·기록","시리즈는 탬파의 일방적 우세에서 불펜·체력까지 시험하는 장기전으로 바뀐다.","월드시리즈 4차전 초반, 탬파의 투수전 기대와 달리 세인트루이스 타선만 연달아 강한 타구를 만든다.","3차전 3점 리드와 웨이드 데이비스의 포스트시즌 무실점 신뢰는 앨런 크레이그의 만루홈런과 7대3 패배로 깨진다.","4차전 프라이스의 실점 규모, 윤주혁의 1루수 타격, 시리즈가 2대2가 될지가 남는다.","RA-027","high"
"153","153화","리턴 에이스 153화","29604","29807","기사에서 푸홀스의 2홈런 4타점과 세인트루이스의 9대4 4차전 승리, 시리즈 2승 2패를 확정한다.","푸홀스의 홈런 두 개와 9-4 패배로 2-2 동률을 만들고 윤주혁에게 5차전 전권을 넘긴다.","윤주혁은 타자로 추격점을 만들고, 팀은 최소한 불펜 소모를 줄여 다음 선발전을 준비한다.","윤주혁이 2안타·홈런·2타점을 기록하지만 알버트 푸홀스가 2홈런 4타점으로 탬파 투수진을 압도한다.","선발과 불펜이 함께 무너지며 타선의 4점으로는 추격할 수 없고 시리즈 우위가 사라진다.","9-4 패배로 2승 2패가 되자 조 매든은 5차전 윤주혁에게 평소보다 넓은 투구 권한을 준다.","개인 타격감과 다음 경기 에이스 카드만 남고, 팀 보상은 사실상 없다.","능력·기량·팀·보직·커리어·경기·기록","윤주혁은 타자로 메우는 역할에서 연패를 직접 끊어야 하는 선발 에이스로 다시 전환된다.","5차전 초반 윤주혁이 푸홀스까지 삼진으로 돌려세우며 라루사의 마지막 믿음인 타자 개인 기량도 무너뜨린다.","월드시리즈 4차전은 9대4 패배와 2승 2패로 결산되고 윤주혁은 5차전 에이스 역할을 맡는다.","윤주혁의 타자별 패턴이 9이닝까지 유지될지, 5차전 선취점과 시리즈 3승이 남는다.","RA-027","high"
"154","154화","리턴 에이스 154화","29808","30038","5차전 3회 데스몬드 제닝스가 0대0을 깨는 2점 홈런을 치고 윤주혁에게 득점 지원을 준다.","제닝스·코치맨·업튼의 득점 지원과 윤주혁의 노히트 행진으로 연패를 끊는다.","승리를 최우선으로 세인트루이스 타선을 막고 시리즈 3승째를 선점한다.","제닝스의 2점포, 코치맨 홈런, 업튼 적시타로 4점을 얻은 뒤 윤주혁은 6회까지 안타를 허용하지 않는다.","노히터 의식이 커지지만 투구 수와 월드시리즈 승리를 함께 관리해야 한다.","윤주혁은 개인 기록에 매달리지 않고 주자가 나가도 병살·삼진으로 처리하며 `우선은 승리`를 선택한다.","4-0 리드와 6이닝 노히트, 타선 전체의 지원을 얻는다.","경기·기록","5차전은 연패 후 불안한 팀 경기에서 구단 역사에 남을 기록 경기로 변한다.","푸홀스를 커브로, 버크먼을 97마일 투심으로 삼진 처리한 윤주혁이 월드시리즈 노히터의 남은 아웃을 향한다.","3·4차전 연패 뒤 5차전 득점 지원은 하위타선의 홈런과 적시타로 4점까지 확보된다.","윤주혁의 월드시리즈 노히터 완성, 남은 이닝 투구 수, 시리즈 3승 선점이 남는다.","RA-027","high"
"155","155화","리턴 에이스 155화","30039","30173","조용해진 뉴 부시스타디움에서 윤주혁이 생애 두 번째이자 월드시리즈 노히터 완성을 향해 후반을 던진다.","월드시리즈 노히터를 15삼진·무볼넷에 가까운 지배력으로 완성한다.","안타 없이 27번째 아웃까지 잡고 탬파를 우승까지 1승 남긴다.","몸에 맞는 공 하나만 허용한 채 패스트볼·변화구를 끝까지 공격적으로 던져 9이닝을 책임진다.","마지막 이닝의 기록 압박, 세인트루이스 대타와 한 번의 실투 가능성이 누적된다.","마지막 타자까지 안타 대신 삼진·범타로 처리하면서 월드시리즈 무대의 노히터가 현실이 된다.","9이닝 0피안타 0볼넷 15K·1사구, 4-0 승리와 시리즈 3-2 리드를 얻는다.","경기·기록·지위·명예","윤주혁은 구단 우승 에이스를 넘어 월드시리즈 역사에 직접 이름을 남긴다.","6차전 중계진은 하루 미뤄진 등판 간격이 선발 제임스 쉴즈의 컨디션에 어떤 영향을 줄지를 승부의 첫 열쇠로 짚는다.","5차전 노히터와 3·4차전 연패는 4대0 승리, 시리즈 3승 2패, 월드시리즈 역사 기록으로 결산된다.","쉴즈의 하루 늦은 등판, 6차전에서 끝낼 구단 첫 우승, 윤주혁의 타격과 재등판 가능성이 남는다.","RA-027","high"
"156","156화","리턴 에이스 156화","30174","30344","6차전 중계진이 하루 미뤄져도 쉴즈를 내세운 조 매든의 선택과 세인트루이스의 승리 열쇠를 분석한다.","션 로드리게스의 2아웃 번트와 연속 송구 실책이 두 점짜리 기상천외한 보상으로 이어진다.","정면 장타가 막힌 상황에서 수비 허점을 찔러 9회 전에 리드를 만든다.","션 로드리게스가 기습 번트를 대고 전력 질주하며, 세인트루이스의 1루·후속 송구가 연달아 빗나가는 동안 주자들과 함께 홈까지 파고든다.","2아웃이라 평범한 처리면 이닝이 끝나고 번트 실패는 득점 기회를 허무하게 소모한다.","단타도 어려운 번트가 두 번의 송구 실책으로 사실상 그라운드 홈런 같은 2득점이 된다.","탬파가 4-2로 앞서며 월드시리즈 우승까지 마지막 세 아웃만 남긴다.","경기·기록·지위·명예","우승 결산의 주역이 스타 타자에서 하위타선 션 로드리게스로 이동해 팀 전체 서사가 강화된다.","션 로드리게스의 번트와 두 차례 악송구로 4대2가 되자 표정이 굳은 토니 라루사가 추가 실점을 막으러 마운드에 오른다.","2대2 균형과 션 로드리게스의 두 차례 삼진은 기습 번트에서 나온 두 득점으로 뒤집힌다.","라루사의 불펜 운용, 두 점 리드 수성, 탬파베이의 우승까지 남은 이닝이 남는다.","RA-027","high"
"157","157화","리턴 에이스 157화","30345","30524","세인트루이스가 여러 투수를 써 추가점을 막고 4대2로 뒤진 채 9회 반격을 맞는다.","버크먼·프리즈의 연속 홈런으로 우승 직전 리드를 지운 뒤 윤주혁의 긴급 구원이라는 최고 압박을 건다.","불펜은 두 점을 지키고, 실패하면 윤주혁이 이틀 휴식만으로 연장을 버틴다.","버크먼과 데이비드 프리즈가 연속 홈런으로 4-4를 만들자 윤주혁이 자원해 불펜에서 몸을 풀고 마운드에 오른다.","노히터 완투 뒤 이틀밖에 쉬지 않아 팔·체력 위험이 크고, 한 점을 주면 시리즈가 7차전으로 간다.","세인트루이스의 극적 동점이 탬파 불펜 계획을 무너뜨리고 윤주혁을 선발에서 우승 구원자로 바꾼다.","아직 경기를 잃지 않았고 가장 믿을 수 있는 투수가 연장 마운드를 맡는다.","팀·보직·커리어·관계","윤주혁의 에이스 역할은 정해진 선발 간격보다 팀 역사상 가장 중요한 순간을 우선하는 단계로 확장된다.","이틀 전 9이닝 노히터를 던진 윤주혁의 97마일 초구에 당황한 야디어 몰리나가 4대4 승부에서 출루 의지를 다잡는다.","4대2 리드를 정규이닝에 지켜 우승한다는 계획은 두 타자 연속 홈런으로 무너지고 윤주혁의 긴급 구원이 결정된다.","몰리나부터 시작할 구원 승부, 짧은 휴식의 체력 비용, 연장 끝내기와 7차전 회피가 남는다.","RA-027","high"
"158","158화","리턴 에이스 158화","30525","30751","몰리나는 노히터 뒤 이틀만 쉰 윤주혁도 사람이라며 체력 허점을 파고들려 한다.","9·10회를 직접 봉쇄해 타선에 끝내기 한 번의 기회를 더 준다.","체력 한계를 넘지 않으면서 세인트루이스의 기세를 끊고 6차전 안에 우승한다.","윤주혁은 완급과 제구를 우선해 9회 남은 타자와 10회를 무실점으로 처리하고, 벤치로 돌아와 데스몬드 제닝스의 선두 타석을 지켜본다.","짧은 휴식 탓에 평소 구위를 모두 쓸 수 없고 실점 시 다음 경기 선발 계획까지 흔들린다.","동점 홈런으로 들끓던 세인트루이스 타선이 윤주혁 앞에서 멈추며 경기 분위기가 다시 탬파로 돌아온다.","두 이닝 무실점과 10회 말 끝내기 기회, 우승을 자력으로 결정할 타순을 얻는다.","경기·기록·지위·명예","탬파 선수들은 윤주혁이 마운드를 지키는 동안 공격 한 번이면 된다는 절대적 신뢰를 갖는다.","10회 말 선두 데스몬드 제닝스가 1루수 키를 넘기는 안타로 출루하고 비제이 업튼이 타석으로 향한다.","윤주혁의 긴급 구원과 9·10회 세인트루이스 공격은 두 이닝 무실점으로 끝난다.","업튼의 번트 선택, 제닝스의 끝내기 득점, 윤주혁에게 돌아올 타석과 구단 첫 우승이 남는다.","RA-027","high"
"159","159화","리턴 에이스 159화","30752","30943","10회 말 선두 제닝스가 나간 뒤 비제이 업튼이 희생번트를 시도한다.","투수로 연장을 막은 윤주혁이 타자로 끝내기 홈런을 쳐 구단 첫 우승을 완결한다.","이닝이 끝나기 전 단 한 번의 정타로 7차전 없이 시리즈를 끝낸다.","윤주혁은 2아웃에서 상대 투수의 승부구를 읽어 담장 밖으로 보내고 홈을 돌아 동료들의 환영을 받는다.","병살로 주자가 사라지고 윤주혁의 피로와 2아웃 압박 때문에 출루만으로는 우승할 수 없다.","끝내기 솔로홈런이 5-4를 만들며 노히터·긴급 구원·타격이 하나의 우승 서사로 합쳐진다.","탬파베이 구단 첫 월드시리즈 우승, 윤주혁의 승리투수와 연장 끝내기 홈런을 얻는다.","경기·기록·지위·명예","윤주혁은 팀의 유망주·에이스 단계를 넘어 구단 역사를 창조한 프랜차이즈 상징이 된다.","고글을 쓴 선수들 앞에 버드 셀릭, 앤드류 프리드먼, 조 매든이 자리하며 창단 첫 월드시리즈 우승컵 수여식이 시작된다.","10회 끝내기 기회, 세인트루이스와의 월드시리즈, 탬파베이의 첫 우승은 윤주혁의 2아웃 솔로홈런으로 완결된다.","월드시리즈 MVP, 우승컵 수여와 시즌 개인상, 구단이 윤주혁의 가치를 계약으로 어떻게 환산할지가 남는다.","RA-027","high"
"160","160화","리턴 에이스 160화","30944","31095","우승컵 수여식에 앞서 월드시리즈 MVP 수상자로 윤주혁이 호명된다.","단기전 영웅 보상을 MVP·골드글러브·실버슬러거·리그 MVP와 2억 달러 제안으로 장기 가치에 연결한다.","윤주혁은 우승 성적을 공식 인정받고 다음 시즌 투수 최고상 목표를 세운다.","월드시리즈 3경기 3승·18.2이닝 무실점 32K, 타율 .363·3홈런·6타점으로 MVP를 받고 우승컵과 여러 상을 가족·동료와 나눈다.","사이영상은 벌랜더에게 돌아가 유일하게 비어 있는 투수 최고상으로 남는다.","최연소 AL MVP까지 받은 직후 윤주혁은 만족 대신 `다음에는 사이영상`을 선언하고 가족 여행 뒤 탬파의 10년 2억 달러 제안을 받는다.","월드시리즈 MVP, 골드글러브·실버슬러거·최연소 AL MVP, 우승컵과 10년 2억 달러 협상 출발점을 얻는다.","팀·보직·커리어·경기·기록·지위·명예","커리어가 저연봉 신예에서 리그 얼굴이자 2억 달러 장기계약 대상자로 도약한다.","스몰마켓 탬파가 내놓은 최고 조건 10년 2억 달러에 스캇 조나스와 윤주혁이 냉담한 반응을 보이자 앤드류 프리드먼이 설명을 이어가려 한다.","월드시리즈 MVP와 2011시즌 개인상, 가족과 나눌 우승 여행은 모두 공식 수상과 추억으로 지급된다.","10년 2억 달러 계약의 세부 조건과 수락 여부, 다음 시즌 사이영상 도전이 남는다.","RA-028","high"
"161","161화","리턴 에이스 161화","31096","31278","프리드먼이 10년 2억 달러에 FA 전 4년간 2천만 달러와 6년 뒤 옵트아웃 등 탬파의 최선 조건을 설명한다.","당장의 천문학적 안전보다 역사상 최고 몸값을 노리는 장기 커리어 선택을 보여준다.","윤주혁은 자신의 투타 가치와 성장 여지를 계약서에 온전히 반영한다.","연평균 2천만 달러·옵트아웃 조항을 검토하고 가족·에이전시와 논의한 뒤 장기계약을 거절한다.","부상이나 부진이 오면 2억 달러 보장을 잃고, 저연봉 기간을 더 버텨야 한다.","윤주혁은 알렉스 로드리게스급 최고 계약을 넘어설 수 있다는 확신을 이유로 안전한 제안을 내려놓는다.","계약 자유와 미래 협상력, 자신의 가치를 스스로 정하는 주도권을 유지한다.","팀·보직·커리어","윤주혁은 구단이 가격을 정하는 신예에서 시장 최고가를 목표로 시간을 선택하는 스타가 된다.","나이키 세트장에서 윤주혁이 왼손에 글러브, 오른손에 배트를 들고 세계 광고 촬영의 첫 모션에 들어간다.","탬파의 10년 2억 달러 제안은 윤주혁의 거절로, 새 상업 파트너는 나이키로 결정된다.","나이키 광고의 공개 파급, 장기계약을 거절한 저연봉 위험, 스타의 공공 활동이 남는다.","RA-028","high"
"162","162화","리턴 에이스 162화","31279","31418","윤주혁이 나이키 세트장의 출발선부터 걸어 감독의 `Turn` 지시에 고개를 돌리는 촬영을 반복한다.","경기 성취를 광고·백악관·기부 좌석·박물관으로 확장해 스타의 사회적 지위를 구체화한다.","브랜드 가치를 키우면서도 팬·지역사회에 실질적으로 환원할 장치를 만든다.","나이키 화보·광고를 촬영하고 자선 계획을 논의하며, 백악관에서 오바마의 축하를 받고 구단과 `Yoon’s Seat` 및 기념 전시를 추진한다.","대외 일정이 훈련 시간을 잠식하고 상업 이미지가 야구선수 정체성을 덮을 수 있다.","후원 수입과 명성을 개인 소비가 아니라 팬 좌석·기부·구단 기억으로 되돌리는 방향이 확정된다.","글로벌 브랜드 계약, 대통령의 공개 인정, 전용 좌석과 박물관 전시라는 상징 자산을 얻는다.","팀·보직·커리어·지위·명예","윤주혁은 팀 스타에서 미국 공공무대와 세계 브랜드가 활용하는 스포츠 아이콘이 된다.","`Yoon's Seat`와 월드시리즈 박물관 기사 아래에 데뷔 두 시즌 만의 구단 전설을 두고 네티즌 코멘트가 달리기 시작한다.","나이키 촬영, 우승팀 백악관 방문, 끝내기 홈런을 팬과 구단에 남길 방식은 모두 구체적 공공 자산으로 실현된다.","기사 반응, 2억 달러를 거절한 윤주혁의 실제 다음 연봉, 한국 귀국 일정이 남는다.","RA-028","high"
"163","163화","리턴 에이스 163화","31419","31613","네티즌들이 21세에 구단 전설이 된 윤주혁의 나이와 삶을 비교하며 기념 좌석 기사에 댓글을 단다.","세계적 가치와 55만 달러 연봉의 역설을 다음 대형계약을 위한 비용으로 받아들인다.","불만으로 팀 관계를 해치지 않고 장기 가치 상승을 위해 다음 시즌 성적에 집중한다.","55만 달러 연봉 통보를 받아들이고 후원 수입과 미래 계약을 분리해 판단한 뒤 한국 귀국 일정을 잡는다.","동료·시장 평가와 현금 연봉의 격차가 크고 부상 위험은 선수에게 남는다.","윤주혁은 연봉 숫자에 흔들리지 않고 지금의 저평가를 최고액 계약으로 가는 투자 기간으로 해석한다.","구단과 갈등 없이 계약 권리를 보존하고 한국에서 가족·비시즌 일정을 시작한다.","팀·보직·커리어","돈은 즉시 보상이 아니라 커리어 시기를 설계하는 장기 지표가 된다.","귀국 차 안에서 어머니와 통화하던 윤주혁이 `아버지는요?`라고 묻는다.","장기계약 거절의 즉시 연봉 비용은 55만 달러로 확정되고 윤주혁은 이를 받아들여 한국 비시즌을 시작한다.","윤상현의 근황, 박성현이 예고한 라온 사무실의 변화, 국내 가족·재단 일정이 남는다.","RA-028","high"
"164","164화","리턴 에이스 164화","31614","31822","어머니와 통화한 윤주혁이 서울에 들렀다 저녁을 먹으러 가겠다고 말한다.","미국의 거대한 수상·계약 보상을 집밥과 가족 안부라는 작은 정서 보상으로 환원한다.","김창섭과 국내 일정을 정리하고 부모와 평범한 시간을 보낸다.","성장한 라온 사무실과 김창섭을 만나 향후 일정을 확인한 뒤 새 가족 집에서 따뜻한 식사를 한다.","비시즌도 광고·행사·훈련으로 빽빽해 가족과 보낼 시간이 제한된다.","윤주혁은 커진 조직과 집을 보며 자신의 성공이 주변 사람의 삶까지 바꿨음을 체감한다.","안정된 가족 주거, 신뢰할 에이전시와 오랜만의 집밥을 얻는다.","목표·상황","개인 성공의 수혜자가 본인에서 가족과 국내 파트너 조직으로 넓어진다.","윤상현이 허들은 먹는 것보다 싸는 양이 더 많다고 하자 이미 본 윤주혁이 말없이 고개를 끄덕인다.","귀국 뒤 라온의 변화, 부모의 새 집과 건강, 오랜만의 가족 식사가 모두 직접 확인된다.","남은 국내 비시즌 일정, 가족의 성공을 사회에 돌릴 방식, 윤주혁의 훈련 복귀가 남는다.","RA-029","high"
"165","165화","리턴 에이스 165화","31823","32014","윤상현이 큰 개를 택한 일을 투덜거리면서도 허들을 다정하게 바라본다.","연봉·후원 보상을 부모의 새 역할과 도움이 필요한 아이들의 실제 현장으로 연결한다.","가족이 감당할 수 있는 방식으로 재단 운영 원칙을 세우고 첫 지원 대상을 확인한다.","부모와 재단의 목적·운영을 논의하고 보육원을 직접 찾아 아이들과 시설 상황을 살핀다.","이름만 빌려주는 기부가 되지 않으려면 가족의 시간·책임과 지속적인 재원이 필요하다.","서류상의 재단 구상에서 보육원 얼굴과 필요를 본 구체적 약속으로 바뀐다.","부모에게 새로운 사회적 역할, 윤주혁에게 성공을 환원할 실제 경로가 생긴다.","관계","윤주혁 가족은 수혜자·응원자에서 다른 사람을 돕는 운영 주체로 전환된다.","태종보육원 원장 최경미의 말을 들은 윤주혁이 성공 전부터 꾸준히 후원한 김창섭을 다시 높이 평가한다.","가족의 비시즌 역할과 지속 가능한 환원 방식은 복지재단 구상과 첫 보육원 방문으로 구체화된다.","아이들과의 실제 활동, 재단의 운영 실무, 보육원에서 만날 자선 네트워크가 남는다.","RA-029","high"
"166","166화","리턴 에이스 166화","32015","32255","최경미가 라온과 윤주혁 덕분에 `아름다운 영혼들` 후원이 늘었다며 감사를 전한다.","겉은 차갑지만 아이들에게 다정한 한유라를 만나 야구 밖 관계와 올림픽 서사를 연다.","윤주혁은 모임의 취지를 파악하고 보여주기식이 아닌 실제 봉사에 참여한다.","회원들과 인사하고 아이들을 대하는 한유라의 행동을 관찰하며 직접 대화를 시도한다.","한유라는 낯선 유명인에게 냉담하고 윤주혁도 사적 관계에 서툴다.","차가운 말투와 달리 아이를 세심하게 돌보는 모습을 보고 윤주혁의 첫인상이 호기심으로 바뀐다.","자선 네트워크와 야구계 밖 또래 인물 한유라라는 새 관계 가능성을 얻는다.","관계","윤주혁의 인간관계가 가족·야구팀·팬을 넘어 다른 종목 엘리트 선수에게 확장된다.","태종보육원 운동장에 동요가 흐르고 아이들이 윤주혁의 우스운 준비운동 동작을 따라 한다.","윤주혁이 보여주기식 방문에 그치지 않고 아이들과 무엇을 할지는 준비운동 수업으로 답한다.","이름을 묻지 못한 여성의 정체, 더 나이 든 아이들과의 만남, 아름다운 영혼들과의 연결이 남는다.","RA-029","high"
"167","167화","리턴 에이스 167화","32256","32479","준비운동이 끝난 뒤 아이들이 보육원으로 돌아가면서 배운 체조를 계속 따라 한다.","김창섭의 조카이자 런던 올림픽을 준비하는 19세 국가대표라는 구체적 전제를 공개한다.","윤주혁은 한유라와의 연결을 이해하고 그녀의 훈련·진로를 방해하지 않는 선에서 관계를 이어간다.","김창섭에게 한유라의 가족관계와 태릉선수촌 생활, 주 종목·올림픽 준비 상황을 듣는다.","한유라는 고3 나이에 국가대표 압박을 견디며 사적 친분에 쓸 여유가 거의 없다.","무뚝뚝함이 성격 결함이 아니라 극도의 훈련 생활과 경계심에서 나온다는 해석이 생긴다.","한유라의 목표와 배경을 알고 다음 만남을 기다릴 정서적 연결고리를 얻는다.","관계","한유라는 단순한 로맨스 후보가 아니라 윤주혁과 다른 종목에서 최고를 좇는 평행 인물로 자리 잡는다.","어린아이들의 편지를 받은 직후 체험활동을 다녀온 초등학교 고학년과 중학생들이 태종보육원에 들어온다.","이름을 묻지 못했던 여성의 배경과 무뚝뚝한 태도는 한유라의 국가대표 훈련 생활로 이해되고 어린아이들과의 활동은 편지로 결산된다.","나이 든 아이들과의 만남, 한유라와의 다음 접점, 재단 설립 실무가 남는다.","RA-029","high"
"168","168화","리턴 에이스 168화","32480","32683","체험활동에서 돌아온 초등 고학년·중학생들이 윤주혁을 알아보고 영웅을 본 듯 반긴다.","현재의 훈련을 과거 은사 최종원 감독과 연결해 커리어 동기의 뿌리를 다시 불러낸다.","캠프를 무사히 끝내고 미국 스프링캠프에 맞춘 투타 컨디션을 만든다.","자이언츠 선수들과 훈련하고 자신의 성장 과정을 복기하던 중 최종원의 건강이 위중하다는 소식을 듣는다.","비시즌 일정과 이동 때문에 은사를 자주 찾지 못했고, 병세는 기다려주지 않는다.","다음 시즌을 향한 평범한 훈련이 은사와 마지막 인사를 해야 하는 시간으로 급변한다.","캠프 성과보다 자신을 믿어준 사람의 의미를 재확인하는 내적 보상이 중심이 된다.","지위·명예·관계","사이영상은 개인 욕망이 아니라 은사에게 증명하고 싶은 약속으로 바뀔 준비를 한다.","병실의 최종원이 힘없는 목소리로 윤주혁을 반기며 바쁠 텐데 괜히 오게 했다고 말한다.","태종보육원 방문과 국내 공식 일정, 부산 캠프의 기본 훈련은 마무리된다.","최종원과의 마지막 대화, 병세의 결말, 윤주혁이 은사의 믿음을 어떤 목표로 이어갈지가 남는다.","RA-030","high"
"169","169화","리턴 에이스 169화","32684","32878","윤주혁이 병상 옆 의자에 앉자 최종원이 흐뭇한 미소로 마지막 말을 시작한다.","`너는 모두의 꿈과 희망`이라는 유언과 죽음을 다음 시즌 사이영상 목표의 감정 엔진으로 만든다.","윤주혁은 은사의 믿음을 헛되게 하지 않고 야구선수로 오래 기억될 성취를 만든다.","최종원의 말을 듣고 작별한 뒤 장례와 애도를 견디며 미국행 준비를 다시 시작한다.","가장 중요한 스승을 잃은 슬픔과 죄책감이 훈련 집중을 흔든다.","최종원의 죽음 뒤 윤주혁은 지난 시즌 놓친 사이영상을 반드시 받겠다고 결심한다.","슬픔 자체는 보상되지 않지만 커리어 목표에 흔들리지 않을 이유와 은사의 유산을 얻는다.","지위·명예·관계","2012년 목표가 막연한 더 나은 성적에서 `사이영상으로 은사의 믿음에 답한다`는 명시적 사명으로 고정된다.","최종원 없이 떠난 비행기에서 윤주혁이 2012년에는 투수로 정상에 오르겠다는 목표를 품고 눈을 감는다.","최종원과의 마지막 만남과 죽음, 윤주혁이 슬픔을 이어갈 방식은 사이영상 맹세로 닫힌다.","플로리다 전지훈련, 최종원의 가르침을 증명할 2012시즌, 사이영상 도전이 열린다.","RA-030","high"
"170","170화","리턴 에이스 170화","32879","33032","부산 자이언츠의 플로리다 캠프에서 준비를 마친 윤주혁이 탬파베이 스프링캠프로 이동한다.","우승팀의 인적 변화를 새 포수와의 배터리 훈련, 개막 1선발 승격으로 연결한다.","새 동료와 호흡을 맞추고 처음 맡는 공식 에이스 역할을 준비한다.","윤주혁은 몰리나의 프레이밍·사인 성향을 불펜에서 시험하고 신입 선수들과 역할을 조율한다.","익숙한 포수·1루수가 빠져 배터리와 수비 조직을 처음부터 다시 맞춰야 한다.","조 매든이 윤주혁을 개막전 포함 로테이션 1선발로 지명하고 몰리나를 전담에 가깝게 붙인다.","팀의 공식 에이스 지위와 뛰어난 프레이밍을 가진 새 포수 파트너를 얻는다.","팀·보직·커리어·경기·기록·지위·명예","윤주혁은 우승 주역 중 한 명에서 시즌 계획의 출발점인 1선발로 승격된다.","첫 실전에서 호세 몰리나가 윤주혁의 두 번째 묵직한 패스트볼을 받아 들며 손으로 구위를 확인한다.","2012 로스터 이탈·영입과 개막 1선발 결정, 새 포수 선택은 윤주혁-호세 몰리나 배터리로 정리된다.","몰리나와 첫 시범경기 호흡, 새 구종과 타격 상태, 개막전 준비가 남는다.","RA-031","high"
"171","171화","리턴 에이스 171화","33033","33225","호세 몰리나가 오랜만에 받은 100마일 공에 손이 얼얼하면서도 윤주혁의 실전 구위를 평가한다.","100마일에 가까운 투심과 3점포로 투타 컨디션을 확인하고 공개 목표를 수치로 건다.","무리 없이 구위·제구를 점검하고 시즌 운용 기준을 세운다.","4이닝 1피안타 6K로 던지고 타석에서 3점 홈런을 친 뒤 20승·2점 미만 ERA·300K와 50홈런·130타점을 목표로 밝힌다.","시범경기부터 투타 모두 전력으로 뛰면 시즌 전에 피로와 부상 위험이 커진다.","코칭스태프는 검증이 끝났다고 보고 윤주혁의 남은 시범경기 출전·훈련량을 제한한다.","새 투심과 몰리나 호흡, 4이닝 6K·3점포라는 개막 준비 완료 신호를 얻는다.","신체·가용성·능력·기량","훈련의 초점이 실력 증명에서 긴 시즌 체력 보존과 세부 개발로 바뀐다.","전문가는 윤주혁의 성실한 조기 준비를 먼저 칭찬한 뒤 시범경기 성적을 정규시즌에 그대로 적용하기 어려운 이유를 설명하려 한다.","몰리나와의 첫 실전, 윤주혁의 시범경기 투타 상태와 개막 준비는 압도적 수치로 검증된다.","정규시즌에서 시범경기 감각이 이어질지, 20승·300탈삼진·50홈런 목표, 개막 1선발이 남는다.","RA-031","high"
"172","172화","리턴 에이스 172화","33226","33391","전문가는 윤주혁이 다른 선수보다 일찍 몸을 완성해 시범경기에서 유리했다면서도 정규시즌 기대는 유지한다.","시범경기 평가를 마친 뒤 탬파와 보스턴의 개막 로스터를 실제 이름으로 비교해 정규시즌 첫 승부의 조건을 세운다.","탬파는 우승 타선의 유지와 새 1선발을 확인하고, 보스턴의 영입 선수들이 만들 변화를 파악한다.","중계진은 페냐가 합류한 탬파 타선과 스쿠타로·레딕이 빠지고 코디 로스·숍패치·시리아코가 들어온 보스턴 타선을 차례로 해설한다.","보스턴은 전년도 연패 뒤 타선을 재편했고, 탬파는 1선발 윤주혁에게 큰 시즌 목표와 개막 부담이 집중돼 있다.","탬파의 적은 변화와 보스턴의 큰 로스터 변화가 대비되며 중계진이 새 선수들을 본격적으로 설명하기 시작한다.","개막 라인업과 상대 전력 정보가 지급되지만 윤주혁의 첫 공·첫 아웃·승리는 아직 나오지 않는다.","능력·기량·팀·보직·커리어·경기·기록","비시즌 준비는 공식 개막 명단 공개까지 왔고, 실제 2012 정규시즌 경기는 첫 투구 전이다.","중계진이 변화가 큰 보스턴 타선에서 새로 들어온 선수를 하나씩 짚으며 개막전 상대 전력을 해설한다.","윤주혁이 개막 1선발에 맞춰 몸을 올렸는지는 시범경기 평가와 선발 명단으로 확인된다.","보스턴 새 타선의 실제 위력, 윤주혁의 개막 첫 공, 숨긴 구종과 시즌 첫 승이 남는다.","RA-031","high"
"173","173화","리턴 에이스 173화","33392","33575","중계진이 코디 로스·켈리 숍패치·페드로 시리아코가 들어온 보스턴 타선의 변화를 설명한다.","투구폼·릴리스 조정으로 만든 고속 슬라이더를 새 결정구로 공개한다.","팔 부담을 통제하면서 강속구 대비 타자에게 또 다른 속도·궤적을 심는다.","윤주혁은 익스텐션과 팔 스윙을 조절해 만든 슬라이더를 필요한 카운트에만 던지고 패스트볼·체인지업과 섞는다.","고속 슬라이더는 팔에 부담이 크고 제구가 어긋나면 장타 또는 부상 위험이 있다.","타자들은 패스트볼 타이밍에서 벗어나고도 93마일 변화량을 따라가지 못해 볼 배합 전체가 더 강해진다.","우타자 바깥쪽을 지배할 새 헛스윙 구종과 보스턴의 스카우팅 공백을 얻는다.","능력·기량","윤주혁의 레퍼토리는 빠른 공·체인지업·커브에서 고속 슬라이더까지 갖춘 다축 구조가 된다.","윤주혁은 과거 투수 꿈을 접게 한 슬라이더도 강한 몸과 낮은 구사 비율이라는 조건 아래 다시 쓸 수 있다고 판단한다.","시범경기에서 숨겨 둔 개발 과제와 93마일 변화구의 정체는 고속 슬라이더로 공개된다.","제한적 슬라이더가 개막전 전체에서 통할지, 팔꿈치 내구성, 보스턴 상대 첫 승과 타격이 남는다.","RA-031","high"
"174","174화","리턴 에이스 174화","33576","33747","윤주혁은 슬라이더가 팔꿈치에 부담을 주는 구종임을 알면서 다른 구종 중심의 제한적 사용을 이어간다.","8이닝 14K와 홈런을 한 경기 안에서 지급하는 개막전 투타 원맨쇼다.","불필요한 완투는 피하면서 첫 승을 확실히 만들고 타석에서도 득점을 보탠다.","슬라이더를 남발하지 않고 구종을 배합해 8이닝 3피안타 0볼넷 14K로 던지며, 타석에서는 홈런을 쳐 대승에 기여한다.","개막전부터 많은 삼진을 잡느라 투구 수와 팔 부담이 쌓여 9회까지 갈 실익이 없다.","탬파 타선이 점수를 쌓자 윤주혁은 기록 욕심보다 시즌 전체를 택해 8회에서 마친다.","보스턴전 9-1 승리, 시즌 1승·14K·홈런과 새 구종의 성공적 데뷔를 얻는다.","능력·기량·팀·보직·커리어·경기·기록","개막전 1선발 지명이 기대가 아니라 투타 성적으로 즉시 정당화된다.","기사 제목이 윤주혁을 탬파베이 구단 역사상 최연소 개막전 승리투수로 기록한다.","고속 슬라이더의 첫 실전, 보스턴 개막전, 공식 1선발 검증은 투타 원맨쇼와 9대1 승리로 끝난다.","개막전 112구 뒤 다음 날 타자 출전, 슬라이더의 시즌 장기 운용, 보스턴 남은 두 경기가 남는다.","RA-031","high"
"175","175화","리턴 에이스 175화","33748","33926","개막전 다음 날 탬파는 연승을 위해 얼리 워크를 하고 보스턴은 무너진 분위기를 되살리려 한다.","등판 이닝·투구 수에 따라 다음 날 타격 여부를 정하는 겸업 운용 계약을 만든다.","타격 생산성을 잃지 않으면서 선발 에이스의 팔과 시즌 체력을 보호한다.","7이닝 이하·평균 110구 이하면 다음 날 타자 출전, 7.1이닝 이상이면 대타 또는 휴식이라는 원칙에 합의한다.","고정 휴식보다 판단이 복잡하고 선수의 욕심이 기준을 넘을 가능성이 있다.","투타 겸업이 즉흥적 출전이 아니라 수치에 기반한 팀 공식 운용 체계가 된다.","윤주혁은 더 많은 타석을 얻고 팀은 에이스 보호 기준을 확보하며 보스턴 3연전 스윕까지 완성한다.","목표·상황","윤주혁의 개인 특수성이 로테이션·라인업 전체에 내장된 지속 가능한 팀 시스템으로 바뀐다.","개막 시리즈 3연승 기사에서 탬파베이가 이 기세를 텍사스 원정까지 이어갈지 관심이 모인다.","등판 다음 날 윤주혁의 타자 출전 기준과 보스턴 개막 3연전은 운용 합의와 스윕으로 마무리된다.","투타 병행 규칙의 장기 체력 효과, 텍사스 원정, 시즌 선두 수성이 남는다.","RA-031","high"
"176","176화","리턴 에이스 176화","33927","34099","개막 3주 뒤 탬파가 동부 1위를 지키고 윤주혁은 네 차례 등판에서 3승 무패·무실점으로 달린다.","개막전의 단발 보상을 몰리나와의 배터리 호흡·팀 선두라는 시즌 흐름으로 확장한다.","토론토전에서도 무실점을 이어가며 초반 선두를 굳힌다.","윤주혁은 몰리나의 프레이밍과 타자별 사인을 신뢰해 빠르게 카운트를 잡고, 타선 동료들의 상승세까지 점검한다.","타자들은 새 구종과 패턴 자료를 축적하고 투타 병행 피로도 매일 누적된다.","네 경기 표본을 넘어 몰리나와의 호흡이 일관된 무실점 운영 자산으로 확인된다.","3승·무실점, 리그 선두급 세부 지표와 팀 동부 1위를 얻는다.","경기·기록","윤주혁-몰리나 배터리는 시험 조합에서 팀의 가장 안정적인 승리 공식으로 굳어진다.","윤주혁에게 세 타자가 연속 삼진을 당하자 토론토 벤치가 고요해진다.","몰리나와의 시험 조합은 개막 후 네 경기 무실점과 토론토 첫 회 삼진 세 개로 안정성을 증명한다.","토론토전 득점 지원, 윤주혁의 연속 무실점 이닝, 중심타선의 다음 공격과 부상 변수가 남는다.","RA-032","high"
"177","177화","리턴 에이스 177화","34100","34287","더 좋아진 윤주혁의 구위에 눌린 토론토가 첫 회를 세 타자 연속 삼진으로 끝내고 탬파 공격이 시작된다.","10-0 완승이라는 짧은 보상 직후 중심타자 6주 이탈이라는 긴 시즌 비용을 부과한다.","윤주혁은 큰 리드를 효율적으로 지키고 팀은 부상 없이 경기를 끝낸다.","윤주혁이 7이닝 무실점으로 막는 동안 타선이 10점을 쌓지만, 롱고리아가 주루 뒤 햄스트링 통증을 호소해 검진을 받는다.","롱고리아의 부상은 최소 6주 이탈 판정으로 3루 수비와 중심타선을 동시에 비운다.","10-0 승리의 축제가 진단 결과 한 번으로 대체 라인업을 짜야 하는 위기로 바뀐다.","윤주혁의 연속 무실점·팀 대승을 얻지만 핵심 타자의 장기 공백이라는 더 큰 비용이 남는다.","경기·기록","탬파는 완전체 선두에서 대체 선수와 타순 재편으로 버텨야 하는 팀이 된다.","새 라인업을 본 중계진이 롱고리아 공백은 뼈아프지만 윤주혁이 있어 축복이라고 말한다.","토론토전과 윤주혁의 연속 무실점은 10대0 승리로 끝나지만 롱고리아의 통증은 6주 이탈로 확정된다.","윤주혁의 1루 수비, 필립 모리스의 첫 4번, 롱고리아 없이 6주를 버틸 공격력이 남는다.","RA-032","high"
"178","178화","리턴 에이스 178화","34288","34465","중계진이 부진한 카를로스 페냐가 빠지고 윤주혁·모리스·조이스가 이동한 대체 라인업을 분석한다.","윤주혁 1루·모리스 지명타자 4번·키핑거 3루 등 구체적 대체 라인업으로 위기에 답한다.","기존 선수의 포지션 이동으로 득점 생산과 수비 안정성을 모두 유지한다.","조 매든은 윤주혁 1루, 필립 모리스 DH·4번, 맷 조이스 우익수, 제프 키핑거 3루, 엘리엇 존슨 유격수로 역할을 배분한다.","모리스는 처음 맡는 4번 책임에 눌리고 여러 선수가 익숙하지 않은 역할을 수행해야 한다.","윤주혁이 친구 모리스에게 결과보다 자기 스윙을 믿으라고 북돋우며 타순 변화가 관계 시험으로 이어진다.","외부 영입 없이 즉시 가동 가능한 대체 라인업과 모리스의 성장 기회를 얻는다.","신체·가용성·경기·기록","필립 모리스는 보호받는 하위·중심 타자에서 부상 난 팀을 책임질 4번으로 승격된다.","두 홈런 뒤 인터뷰를 끝낸 필립 모리스에게 레이첼이 미소 지으며 사적인 말을 꺼내려 한다.","새 4번의 부담과 대체 라인업 첫 검증은 모리스의 2홈런 5타점, 9대3 승리로 결산된다.","모리스와 레이첼의 대화, 4번 장기 정착, 롱고리아 복귀 전 팀 성적이 남는다.","RA-032","high"
"179","179화","리턴 에이스 179화","34466","34658","필립 모리스가 윤주혁의 조언 덕에 부담을 내려놓고 자기 스윙을 했다고 고마워한다.","2홈런 5타점으로 부담을 돌파하고 윤주혁의 무실점 행진을 팀 분위기 회복 목표로 잇는다.","모리스는 새 타순을 자기 자리로 만들고 윤주혁은 흔들린 로테이션 대신 승리를 공급한다.","모리스가 두 차례 담장을 넘겨 9-3 승리를 이끌고, 경기 밖에서는 레이첼과의 관계·청혼을 고민한다. 윤주혁은 이후 43.2이닝 무실점까지 기록을 쌓는다.","다른 선발들의 부진으로 팀은 윤주혁 경기 밖에서 3연패를 당하고, 개인 기록이 팀 사기를 살려야 한다는 부담이 커진다.","모리스의 4번 성공으로 부상 공백을 메우는 한편 윤주혁은 무실점 기록을 개인 과시가 아니라 동료 분위기를 끌어올릴 수단으로 본다.","모리스 2홈런 5타점·9-3 승리, 4번 정착과 윤주혁 43.2이닝 무실점을 얻는다.","경기·기록","모리스는 야구·연애 양쪽에서 다음 단계로 가고, 윤주혁의 기록 목표는 팀 심리 관리와 결합된다.","3연패한 선수단 비행기가 플로리다 상공에 들어오자 윤주혁은 언제나처럼 자신이 흐름을 바꾸겠다고 입술에 힘을 준다.","모리스의 첫 4번 부담은 4월 11홈런 정착으로, 윤주혁의 무실점 흐름은 43.2이닝과 브랜든 웹 기록 경신으로 확인된다.","마이애미전 7번째 등판, 59이닝 기록 도전, 다른 선발들의 부진과 모리스의 청혼이 남는다.","RA-032","high"
"180","180화","리턴 에이스 180화","34659","34884","윤주혁의 시즌 7번째 마이애미전 등판을 앞두고 중계진이 43.2이닝 무실점과 장칼로 스탠턴의 장타를 짚는다.","투수 기록이 B.J. 업튼의 홈런 도둑 수비와 결합돼 팀 공동 기록으로 자라는 장면이다.","스탠턴을 포함한 중심타선에 장타를 주지 않고 무실점 행진을 이어간다.","윤주혁은 타자별 위험 구역을 피하며 승부하고, 외야 깊은 타구에는 업튼의 수비 위치를 믿는다.","스탠턴은 실투 하나로 기록을 끝낼 수 있고 마이애미 상위타선은 발까지 빠르다.","담장을 향한 타구를 B.J. 업튼이 잡아내며 투수 혼자 만들 수 없는 무실점 기록의 성격이 드러난다.","장타 실점 위기 제거와 외야수에 대한 확신을 얻는다.","능력·기량","윤주혁의 연속 무실점은 개인 구위보다 수비진의 참여까지 포함하는 팀 프로젝트가 된다.","46.2이닝 무실점에서 기록까지 두 타자를 남기고 윤주혁의 레예스 상대 바깥쪽 초구가 볼이 된다.","마이애미전 초반과 스탠턴의 첫 타석은 상위타선 삼진과 무실점으로 넘어간다.","레예스의 4회 출루 여부, 밥 깁슨 기록 경신, 스탠턴에게 다시 돌아갈 주자 상황이 남는다.","RA-033","high"
"181","181화","리턴 에이스 181화","34885","35099","4회 레예스를 상대로 초구 볼 뒤 윤주혁이 두 번째 공을 던진다.","기록과 경기 모두를 지키려면 가장 강한 타자와 피할 수 없는 승부를 해야 한다.","장타는 물론 희생플라이도 주지 않고 무실점으로 이닝을 탈출한다.","윤주혁과 몰리나는 내야 수비 위치를 확인하고 스탠턴에게 빠른 공·변화구를 경계선에 던지며 카운트를 쌓는다.","볼넷으로 피하면 만루가 되고 정면승부 실투는 단숨에 여러 점을 잃는다.","스탠턴이 계속 파울로 버티며 승부가 열 구 가까이 늘어나 체력·집중력 싸움이 된다.","아직 무실점을 유지한 채 가장 중요한 타자에게 결정구를 던질 2스트라이크 상황을 만든다.","경기·기록","연속 무실점 기록의 압력이 추상적 숫자에서 한 타자·한 공의 선택으로 압축된다.","무사 2·3루의 긴 승부 끝 윤주혁의 체인지업이 홈 앞에서 가라앉고 장칼로 스탠턴의 배트가 힘껏 돌아간다.","스탠턴을 피할지 정면으로 상대할지는 볼넷보다 승부를 택하는 것으로 결정된다.","체인지업 타구의 결과, 무사 2·3루 탈출, 연속 무실점과 밥 깁슨 기록이 남는다.","RA-033","high"
"182","182화","리턴 에이스 182화","35100","35291","스탠턴이 가라앉는 체인지업을 엉거주춤한 자세로 걷어 내 다시 파울을 만든다.","가장 위험한 순간에 101마일 높은 공으로 강타자의 배트를 꺾고 위기를 전환한다.","스탠턴을 삼진으로 잡아 장타와 외야 뜬공 가능성을 동시에 제거한다.","앞선 공으로 눈높이를 흔든 뒤 높은 101마일 패스트볼을 던져 헛스윙 삼진을 만든다.","파울이 계속되며 투구 수가 늘고 높은 공이 낮게 몰리면 결정적 장타가 된다.","스탠턴의 삼진으로 무사에서 1사가 되고 후속 타자에게 병살·삼진 선택지가 생긴다.","경기 최대 난적 제거, 관중·수비의 사기 상승과 무실점 탈출 경로를 얻는다.","능력·기량·경기·기록","윤주혁은 기록 때문에 피하는 투수가 아니라 기록이 걸릴수록 최고 타자와 힘으로 승부하는 에이스로 각인된다.","3점 홈런을 맞은 마이애미가 스티브 시섹에게 아직 아웃이 없는 이닝의 추가 실점을 막아 달라고 기대한다.","스탠턴과의 장기 승부와 무사 2·3루 위기는 삼진과 후속 처리로 끝나고 윤주혁은 득점 지원 3점을 얻는다.","시섹 상대 탬파 하위타선, 윤주혁의 남은 무실점 이닝, 마이애미전 최종 기록이 남는다.","RA-033","high"
"183","183화","리턴 에이스 183화","35292","35481","마이애미는 사이드암 스티브 시섹이 몰리나·엘리엇 존슨·제닝스를 잡아 추가 실점을 막을 수 있다고 본다.","위기 탈출·동료 홈런·포수 몰리나의 연속 홈런으로 50.2이닝 무실점을 팀 승리로 결산한다.","리드를 효율적으로 지키고 기록의 공을 수비·타선 동료에게 돌린다.","윤주혁은 7이닝 무실점 13K로 마치고 몰리나는 페냐와 백투백 홈런을 친다. 인터뷰에서 수비와 포수의 기여를 먼저 말한다.","무사 2·3루 위기와 많은 삼진 투구로 완투 대신 7회에서 내려와야 한다.","50.2이닝 무실점이 확정되자 언론은 개인 신기록 후보로 띄우지만 윤주혁은 팀의 기록이라고 선을 긋는다.","마이애미전 승리, 7이닝 13K·50.2이닝 무실점, 페냐-몰리나 백투백 홈런을 얻는다.","경기·기록","몰리나는 받기만 하는 포수에서 장타와 프레이밍으로 기록을 함께 만드는 파트너로 강화된다.","디트로이트전 만루홈런 기사에서 윤주혁이 이틀 뒤 화이트삭스를 상대로 오렐 허샤이저의 59이닝을 넘길지 주목한다.","마이애미전 무실점과 페냐의 부진, 몰리나의 타격 기여는 7이닝 무실점·백투백 홈런·승리로 결산되고 디트로이트 시리즈도 2승 1패로 끝난다.","50.2이닝에서 시작할 화이트삭스전, 59이닝 신기록, 윤주혁의 만루홈런 뒤 타격 상승세가 남는다.","RA-033","high"
"184","184화","리턴 에이스 184화","35482","35659","시즌 8번째 등판 날 윤주혁이 차분히 화이트삭스전과 59이닝 무실점 기록 도전을 기다린다.","기존 기록 보유자 오렐 허샤이저가 현장에서 지켜보는 계승 장면을 실제 경기 압력으로 만든다.","평소 루틴을 유지해 먼저 59이닝에 도달하고 팀 승리도 놓치지 않는다.","윤주혁은 허샤이저의 방문과 언론 관심에도 몰리나와 타자별 계획만 확인하며 불펜 투구를 마친다.","매 아웃이 역사 기록과 연결돼 평범한 주자 한 명도 과도한 심리 부담이 된다.","기록 보유자가 경쟁자가 아니라 새 기록을 응원하는 목격자로 자리해 압박이 계승 의식으로 바뀐다.","공식 도전 무대와 기록의 역사적 맥락, 홈 관중의 집중된 응원을 얻는다.","경기·기록","무실점 행진은 시즌 뉴스에서 야구사 세대교체 사건으로 격상된다.","2아웃에서 애덤 던이 타석에 서자 오렐 허샤이저가 윤주혁의 위력적인 공도 장타자의 배트에 맞는 순간 홈런이 될 수 있다고 말한다.","허샤이저의 현장 참석 여부와 신기록 도전의 역사적 의미는 본인의 관전·응원으로 확인된다.","애덤 던의 첫 승부, 시카고전 선취점, 윤주혁이 59이닝을 넘길지가 남는다.","RA-033","high"
"185","185화","리턴 에이스 185화","35660","35907","허샤이저가 친구의 말을 자기 자랑이라고 웃고 윤주혁이 애덤 던에게 다음 공을 던진다.","윤주혁-필립 모리스 백투백 홈런으로 기록 도전 투수에게 2점의 안전망을 지급한다.","스스로 선취점을 만들고 5회까지 무실점 행진을 이어간다.","윤주혁이 홈런을 치고 모리스가 연속 홈런으로 뒤를 잇는다. 마운드에서는 힘 조절과 삼진을 섞어 5회를 닫는다.","투타에 집중력을 분산하면서 기록 압박까지 감당해야 한다.","친구 두 명의 연속 홈런이 0-0 기록 경기를 2-0 팀 경기로 바꿔 수비 여유를 만든다.","2점 리드와 55.2이닝 연속 무실점, 모리스와의 공동 장타 보상을 얻는다.","경기·기록","윤주혁의 개인 기록 도전은 모리스가 공격에서 직접 지원하는 우정·팀 서사와 결합된다.","신기록까지 3.2이닝을 남긴 6회, 선두 알렉스 리오스가 초구를 고른 뒤 커브에 크게 헛스윙한다.","화이트삭스전 선취점과 5회까지 기록 유지는 윤주혁·모리스의 백투백 홈런과 55.2이닝으로 지급된다.","리오스의 6회 타석, 예상된 첫 큰 위기, 59이닝 동률과 경신이 남는다.","RA-033","high"
"186","186화","리턴 에이스 186화","35908","36176","1볼 1스트라이크에서 윤주혁이 로진백을 내려놓고 알렉스 리오스에게 세 번째 공을 던진다.","삼진·고의사구·수비 시프트를 차례로 써 점수 대신 아웃을 설계한다.","애덤 던·폴 코너코·A.J. 피어진스키를 상대로 주자를 홈에 들이지 않는다.","던을 내야 뜬공으로 잡고 코너코를 고의사구로 내보낸 뒤, 피어진스키의 성향에 맞춰 내야 위치와 결정구를 조정한다.","고의사구는 병살 기회를 주지만 주자 둘과 장타 위험을 함께 늘린다.","최고 타자를 억지로 삼진 잡기보다 경기 상황에 맞춘 고의사구를 선택하며 기록 욕심보다 무실점 확률을 높인다.","1아웃과 병살 가능한 1·3루 구조, 피어진스키를 삼진으로 노릴 유리한 계획을 얻는다.","능력·기량·경기·기록","윤주혁의 기록 도전은 구위 과시에서 확률·수비를 동원하는 경기 운영 시험으로 진화한다.","1사 1·3루에서 바깥쪽 낮은 공까지 걷어 낸 A.J. 피어진스키를 보며 허샤이저는 승부를 윤주혁이 지배하고 있다고 말한다.","무사 3루의 첫 타자와 코너코 승부 선택은 던의 뜬공·고의사구로 정리된다.","피어진스키의 결말, 다음 비시에도, 6회 무실점 탈출과 59이닝 신기록이 남는다.","RA-033","high"
"187","187화","리턴 에이스 187화","36177","36420","1사 1·3루에서 윤주혁이 피어진스키를 몰아가는 모습에 허샤이저와 에릭 사이먼이 집중한다.","위기를 넘은 뒤 9회 던·코너코를 잡으며 59이닝을 넘어 새 기록을 확정한다.","9회까지 무실점으로 끝내고 허샤이저의 59이닝을 한 아웃 이상 넘긴다.","9회 애덤 던을 삼진으로 잡아 59이닝 동률, 폴 코너코를 커브로 삼진 처리해 59.1이닝 신기록에 도달하고 마지막 타자까지 닫는다.","무사 3루 위기와 9회 중심타선, 누적 투구 수 속에서 102마일 공까지 끌어내야 한다.","코너코의 헛스윙 순간 종전 기록이 과거가 되고 윤주혁의 이름이 새 기준이 된다.","9이닝 무실점 18K·4피안타 1볼넷, 6-0 승리, 59.2이닝 연속 무실점과 시즌 7승을 얻는다.","경기·기록","윤주혁은 기록을 좇는 선수에서 메이저리그 연속 이닝 무실점 기록 보유자로 올라선다.","신기록 기사 댓글에서 팬들이 윤주혁의 무실점 행진이 어디까지 갈지와 시즌 MVP·사이영상을 점친다.","무사 3루 위기, 화이트삭스전, 허샤이저의 59이닝 기록은 59.2이닝과 완봉승으로 완결된다.","신기록 이후의 첫 등판, 무실점 기록의 연장 길이, 피로와 시즌 전체 성적이 남는다.","RA-033","high"
"188","188화","리턴 에이스 188화","36421","36606","윤주혁의 신기록이 팀 분위기를 끌어올려 탬파가 양키스와 10경기 차 선두로 달린다.","기록 돌파 뒤에도 7이닝을 더 쌓아 66.2이닝으로 확장하고 다음 상대를 에인절스로 바꾼다.","역사적 순간의 흥분을 내려놓고 평소처럼 승리 가능한 이닝을 만든다.","미네소타 타선을 7이닝 무실점으로 막고 무리한 완투 대신 불펜에 넘긴 뒤 LA 에인절스의 타순을 분석한다.","매 경기 상대는 기록을 끝낼 타자가 되려 하고, 윤주혁은 이전 완봉의 피로를 안고 있다.","기록 달성 후 첫 선발까지 무실점으로 마쳐 우연한 한 경기의 대기록이 아니라 지속 가능한 지배력임을 보인다.","66.2이닝 연속 무실점과 체력 보존, 에인절스전 준비 시간을 얻는다.","신체·가용성·경기·기록","목표가 `기록을 깨기`에서 `기록이 끝날 때까지 자기 투구를 유지하기`로 바뀐다.","1회 말, 윤주혁이 기록을 끝낼 후보로 꼽힌 마이크 트라웃에게 묵직한 초구를 던진다.","신기록 달성 뒤 첫 미네소타 등판은 7이닝 무실점과 66.2이닝으로 안정적으로 마무리된다.","트라웃과 첫 승부, 푸홀스가 포함된 에인절스 타선, 70이닝 진입과 기록 종료 방식이 남는다.","RA-033","high"
"189","189화","리턴 에이스 189화","36607","36817","에인절스전에서 윤주혁이 4회까지 한 명도 출루시키지 않고 70.2이닝 무실점에 도달한다.","퍼펙트는 잃어도 무실점은 지키고 타자로 3점포를 쳐 승리 안전망을 만든다.","헌터의 출루를 실점 없이 지우고 70이닝을 넘어선다.","후속 타자를 범타로 처리하고, 6회 B.J. 업튼의 3루타와 키핑거 사구 뒤 3점 홈런을 친다.","에인절스 중심타선은 기록 종료와 추격을 동시에 노리고 한 주자만 살아도 압박이 크다.","퍼펙트 실패에 흔들리지 않은 뒤 자기 홈런으로 점수 차를 벌려 기록 경기의 주도권을 되찾는다.","3점 홈런, 넉넉한 리드와 70이닝대 무실점 진입을 얻는다.","능력·기량·경기·기록","윤주혁은 기록의 수동적 수비자가 아니라 타격으로 승리 조건까지 직접 만드는 주체로 남는다.","3점 홈런을 맞은 C.J. 윌슨이 로진백을 내려놓고 다음 타자에게 묵직한 초구 스트라이크를 꽂는다.","4회 퍼펙트와 토리 헌터 출루, 0대0 균형은 무실점 위기 탈출과 윤주혁의 3점 홈런으로 정리된다.","에인절스 중심타선의 다음 공격, 윤주혁의 연속 무실점 최종 수치, 3점 리드 수성이 남는다.","RA-033","high"
"190","190화","리턴 에이스 190화","36818","37022","C.J. 윌슨이 윤주혁의 3점 홈런 뒤 세 타자를 삼진으로 잡아 3대0에서 6회 말로 넘긴다.","기록 종료를 실패가 아니라 72이닝의 완결과 다음 승리로 받아들이는 성장 보상이다.","홈런 충격을 즉시 끊고 남은 타자와 경기를 정상적으로 마무리한다.","윤주혁은 트라웃에게 감정을 드러내지 않고 다음 타자들을 삼진으로 처리해 7이닝 2실점 13K로 등판을 끝낸다.","긴 기록이 끝난 허탈감과 홈런 직후 연쇄 실점 위험이 있다.","오히려 기록 부담이 사라지자 윤주혁의 투구가 가벼워지고 경기 자체에 다시 집중한다.","최종 72이닝 연속 무실점, 에인절스전 7-2 승리와 시즌 9승 무패를 얻는다.","경기·기록","윤주혁은 숫자를 지켜야 하는 압박에서 벗어나 기록을 자산으로 남기고 긴 시즌 경쟁으로 돌아간다.","샤워를 마친 필립 모리스가 기록 종료를 기념해 숙소에서 가볍게 먹자며 말을 꺼낸다.","연속 이닝 무실점 행진, 에인절스전과 기록 종료 주체는 트라웃의 홈런, 최종 72이닝, 7대2 승리로 완결된다.","투수 기록에서 풀린 윤주혁의 타격 추격, 시즌 중반 탈삼진 페이스, 모리스와의 홈런 경쟁이 남는다.","RA-033","high"
"191","191화","리턴 에이스 191화","37023","37177","필립 모리스가 서로 잘되는 이번 시즌이 즐겁다며 투수 부문은 윤주혁이 가져가도 홈런왕은 양보하지 않겠다고 말한다.","무실점 기록 다음 장기 목표를 놀란 라이언의 현대 단일 시즌 383K와 올스타 선발로 갈아 끼운다.","올스타 휴식기 전 성적을 굳히고 시즌 후반 탈삼진 페이스를 설계한다.","경기당 삼진·이닝을 계산해 383K 가능성을 검토하고 올스타 선발 준비를 하며 텍사스·워싱턴의 트레이드 관심을 듣는다.","탬파의 낮은 연봉 구조와 향후 계약 문제 때문에 경쟁 구단이 유망주 묶음을 제시하고 동료들은 이별을 걱정한다.","개인 기록 경쟁과 팀의 자산 판단이 겹치며 `올해 우승`과 `미래 전력` 사이 선택이 구단 문제로 떠오른다.","AL 올스타 선발 지위와 383K 도전이 가능한 압도적 전반기 수치를 얻는다.","팀·보직·커리어·경기·기록·지위·명예","윤주혁은 팀의 에이스를 넘어 다른 우승 후보가 대형 패키지를 내놓을 시장 최고 자산이 된다.","트레이드 건을 떠올린 윤주혁 앞에서 케빈 마이클스가 `소식 들었어요?`라고 묻고 갑자기 웃는다.","무실점 기록 뒤 전반기 성적과 올스타 선발 여부는 압도적 수치와 선발 지명으로 확정된다.","프리드먼이 실제 트레이드 제안을 받아들였는지, 동료와의 결별 가능성, 올스타전 선발 투구가 남는다.","RA-034","high"
"192","192화","리턴 에이스 192화","37178","37360","케빈 마이클스가 실제 트레이드 제안이 있었지만 프리드먼이 거절해 결렬됐다고 알려준다.","구단의 시즌 잔류 결정과 올스타전 6타자 연속 삼진으로 현재 우승 의지를 확인한다.","윤주혁은 동료를 안심시키고 올스타 선발 무대에서 리그 최고 투수임을 보여준다.","구단이 올해는 트레이드하지 않겠다는 방침을 전하고, 윤주혁은 올스타전 2이닝 동안 여섯 타자를 연속 삼진으로 잡는다.","미래 유망주 가치와 고액 계약 위험을 포기해야 잔류가 가능하고, 올스타전 강타선은 모두 한 방이 있다.","2이닝 6연속 삼진과 AL 6-4 승리로 개인 명예가 월드시리즈 홈 어드밴티지라는 팀 자산으로 바뀐다.","시즌 잔류, 동료들의 안도, 올스타 선발 2이닝 퍼펙트 6K와 AL의 월드시리즈 홈 이점을 얻는다.","팀·보직·커리어·경기·기록·지위·명예·관계","모리스와 탬파 선수단은 윤주혁을 임시 자산이 아니라 연속 우승을 함께할 중심으로 다시 믿는다.","필립 모리스가 한유라의 종목을 묻자 윤주혁이 잠시 뜸을 들인다.","시즌 중 트레이드 소문과 올스타 선발 임무는 구단의 거절, 2이닝 6탈삼진, AL 승리로 결산된다.","한유라의 런던 올림픽, 트레이드 마감일까지의 최종 로스터, 후반기 우승·탈삼진 경쟁이 남는다.","RA-034","high"
"193","193화","리턴 에이스 193화","37361","37502","윤주혁이 한유라의 종목은 수영이라고 답하고, 모리스가 박태환을 아는 모습에 놀란다.","유망주 수집보다 2연패를 택해 선수단을 유지하고 7연승·11경기 차로 그 선택을 보상한다.","프런트는 현재 전력의 결속을 지키고 선수단은 압도적 지구 우승 페이스를 이어간다.","탬파는 윤주혁과 만기 예정 주축을 거래하지 않고 로스터를 보존하며, 윤주혁은 20경기 15승 1패·ERA 1.06·208K까지 성적을 쌓는다.","시즌 뒤 이탈 가능 선수들의 트레이드 가치를 포기하고 가을야구 실패 시 미래 손실을 감수한다.","마감 시한이 지나며 소문이 끝나고 선수단의 에너지가 온전히 경기와 연속 우승으로 모인다.","7연승, 지구 11경기 차, 완전체 로스터와 윤주혁의 15승·208K를 얻는다.","팀·보직·커리어·경기·기록·지위·명예","탬파의 조직 목표가 지속적 리빌딩에서 `지금 이 구성으로 다시 우승`으로 명확히 고정된다.","시즌 21번째 등판을 앞둔 호세 몰리나가 스스로 해야 할 일은 좋은 리드·프레이밍·블로킹이라고 되새긴다.","트레이드 마감 결정과 윤주혁의 시즌 잔류, 팀이 현재 전력으로 우승을 노릴지는 로스터 보존과 11경기 차 선두로 확정된다.","윤주혁과 몰리나의 21번째 등판, 16승·탈삼진 기록, 모리스의 홈런 경쟁이 남는다.","RA-034","high"
"194","194화","리턴 에이스 194화","37503","37671","베테랑 호세 몰리나가 부담까지 즐기며 윤주혁과의 볼티모어전 배터리 호흡을 시작한다.","7이닝 1실점 13K와 모리스의 30호 홈런으로 잔류 결정의 단기 보상을 지급한다.","지구 경쟁팀을 직접 꺾고 동료의 홈런왕 경쟁을 지원한다.","윤주혁이 7이닝 동안 볼티모어를 1점으로 막고 13삼진을 잡으며, 모리스가 시즌 30호 홈런으로 득점을 보탠다.","볼티모어는 와일드카드 경쟁 중이라 쉽게 물러서지 않고 윤주혁은 후반기 누적 피로를 관리해야 한다.","투수 윤주혁과 4번 모리스가 각자 기록을 팀 승리 안에서 동시에 올린다.","윤주혁 시즌 16승, 모리스 30호 홈런과 지구 선두 유지가 지급된다.","경기·기록·지위·명예·관계","둘의 우정은 감정적 지지에서 사이영상·홈런왕을 함께 밀어주는 중심축 관계로 성장한다.","한유라가 큰 무대를 지배할 자신감을 가질지 염려한 윤주혁은 어린 선수가 그 압력을 이겨낼 거라고 낙관하지만은 않는다.","시즌 21번째 볼티모어 등판과 윤주혁의 16승, 필립 모리스의 30호 홈런은 같은 경기에서 함께 완성된다.","한유라의 여자 400m 자유형 결승과 첫 메달, 언론 기대가 줄 멘탈 압력, 윤주혁의 후반기 체력 관리가 남는다.","RA-034","high"
"195","195화","리턴 에이스 195화","37672","37865","윤주혁은 철저한 대비와 훈련이 있다면 한유라도 큰 무대를 지배할 자신감을 낼 수 있다고 생각한다.","한유라의 냉정한 표정 뒤에 있는 가정 형편·훈련·보육원 경험을 복원하고 올림픽 결승 직전의 두려움까지 들어간다.","한유라는 한국 여자 수영 첫 올림픽 메달을 노리는 결승에서 기대의 압력을 이겨내려 한다.","가정 형편 속에서 수영을 시작해 태릉선수촌과 보육원 아이들을 거쳐 올림픽 결승 출발대에 서고, 자신감이 꺾인 원인을 모두의 기대에서 찾는다.","세계 정상급 경쟁자와 400m 체력 부담에 한국 여자 수영 첫 메달이라는 시선이 한꺼번에 얹힌다.","출발 직전 심장이 뛰고 자신감이 바닥나자, 한유라는 자신을 두렵게 한 것이 기대에 찬 모든 시선임을 깨닫는다.","한유라가 독립된 목표와 과거를 가진 엘리트 선수로 드러나지만 결승 레이스·추월·메달은 아직 지급되지 않는다.","경기·기록·관계","한유라는 윤주혁의 관심 대상에서 자기 역사와 압박을 짊어진 결승 진출자로 서며, 결과는 출발 전 상태로 남는다.","런던 올림픽 결승 출발대에서 한유라의 자신감이 바닥으로 떨어지고 심장이 뛰자, 기대에 찬 모든 시선이 두려움의 원인임을 알아챈다.","한유라가 냉정해 보였던 이유와 태종보육원에 꾸준히 온 배경, 올림픽 결승까지 간 훈련 과정이 밝혀진다.","결승 출발과 400m 레이스, 압력을 이겨낼지, 한국 여자 수영 첫 메달이 남는다.","RA-035","high"
"196","196화","리턴 에이스 196화","37866","38053","한유라가 기대의 무게를 깨닫고도 이를 이겨내야 한다며 결승 출발 자세를 잡는다.","한국 여자 수영 첫 올림픽 메달의 장기 보상 뒤 윤주혁에게 감기·7실점이라는 신체 비용을 대조한다.","한유라는 동메달을 확정하고, 윤주혁은 늦여름 감기에서 회복해 로테이션을 지킨다.","한유라가 자유형 400m 동메달을 따고 윤주혁은 소식을 보며 관심을 키운다. 시간 점프 뒤 독감성 증상에도 보스턴전에 조기 복귀한다.","한유라는 체력 한계를 넘고, 윤주혁은 몸이 덜 회복된 상태에서 강행해 5이닝 7실점 패전을 당한다.","늘 빠르게 회복하던 몸도 시즌 누적 피로와 질병 앞에서는 무너지며 무적 이미지가 깨진다.","한유라는 역사적 동메달을 얻지만 윤주혁에게는 패배와 몸 관리 경고만 남는다.","신체·가용성·경기·기록·관계","윤주혁은 기록을 위해 계속 던질 수 있는 선수에서 회복 시간을 잘못 판단하면 크게 무너지는 인간적 에이스로 재조정된다.","윤주혁은 7실점으로 상대 타자들의 공포가 약해졌다고 보고, 타자로 정상 컨디션을 먼저 증명해 다시 그 공포를 세우려 한다.","한유라의 결승과 한국 여자 수영 첫 메달은 동메달로 완결되고, 윤주혁의 감기 복귀전은 5이닝 7실점 패배로 끝난다.","타격을 통한 윤주혁의 자신감 복구, 다음 선발에서 투구 감각 회복, 한유라와의 후속 관계가 남는다.","RA-035","high"
"197","197화","리턴 에이스 197화","38054","38256","보스턴 타자들이 윤주혁의 타격감도 돌아오지 않았다고 볼 것을 예상하며 그는 전날 빼앗긴 분위기를 되찾으려 한다.","4경기 5홈런의 공격 반등을 양키스전 투구 복귀로 이어 실패를 빠르게 복구한다.","몸이 정상임을 투타 성적으로 확인하고 양키스에게 압도적 승리를 거둔다.","네 경기에서 홈런 다섯 개를 친 뒤 불펜·검진으로 어깨 상태를 점검하고, 양키스전에는 체인지업을 줄인 강속구 중심 계획을 세운다.","직전 대량 실점과 감기 후유증 때문에 강속구 위주 투구는 어깨 피로를 키울 수 있다.","타격 반응과 구속이 정상으로 돌아오자 윤주혁은 숨기기보다 힘으로 컨디션을 증명하기로 한다.","4경기 5홈런과 건강 회복 확신, 양키스전 선발 복귀를 얻는다.","신체·가용성·팀·보직·커리어·경기·기록","대량 실점이 슬럼프의 시작이 아니라 관리 실패 한 번으로 한정되고 공격이 회복 지표 역할을 한다.","4회 초까지 아웃 10개 중 8개가 삼진이 되자 중계진이 오늘은 완급 없이 빠른 공으로 밀어붙이는 차이를 설명한다.","감기 뒤 타격·건강 회복 여부는 네 경기 5홈런과 정상 구속, 양키스전 초반 지배로 확인된다.","양키스 상대 한 경기 탈삼진 수, 전력 투구의 어깨 비용, 5점 리드를 어디까지 지킬지가 남는다.","RA-036","high"
"198","198화","리턴 에이스 198화","38257","38457","중계진은 5대0 득점 지원이 윤주혁의 공격적인 강속구 피칭을 가능하게 했다고 분석한다.","20탈삼진을 넘어 정규이닝 최다 기록까지 시야에 넣는 폭발적 반등이다.","승리를 지키면서 한 경기 탈삼진 기록에 도전한다.","패스트볼·고속 슬라이더로 카운트를 선점해 7회 후반까지 17삼진을 쌓고 마운드 잔류를 요청한다.","삼진마다 투구 수와 어깨 부담이 늘고 양키스 타자들은 짧은 스윙으로 버티기 시작한다.","대량 득점 덕분에 실점 억제보다 삼진 결정구에 힘을 집중할 수 있게 된다.","5점 리드와 17K, 역사적 20K 도전 기회를 얻는다.","경기·기록","보스턴전 7실점의 서사가 한 경기 만에 역사 기록 도전으로 완전히 반전된다.","홈팬들이 20탈삼진을 바라보는 가운데 윤주혁은 남은 일곱 아웃 중 세 개를 삼진으로 잡아야 하는 후반 승부를 계속한다.","감기 뒤 구위가 완전히 돌아왔는지는 5점 리드와 17탈삼진으로 확인된다.","어깨 뻐근함의 정도, 20번째와 21번째 삼진, 양키스전 완투가 남는다.","RA-036","high"
"199","199화","리턴 에이스 199화","38458","38634","벤치에서 어깨를 돌린 윤주혁이 심한 통증은 아니지만 무리한 뻐근함과 며칠 타격 휴식 가능성을 점검한다.","부상 위험을 자각한 상태에서 정규 9이닝 20K라는 역사적 문턱에 도달한다.","몸을 망가뜨리지 않는 선에서 20번째 삼진을 잡고 남은 아웃도 처리한다.","구속·릴리스 변화를 스스로 확인하고 몰리나와 결정구를 줄인 뒤 9회 라울 이바녜스를 95마일 슬라이더로 삼진 잡는다.","어깨 피로, 누적 투구 수와 한 공 잘못 던지면 장타·부상으로 이어질 9회 압박이 있다.","이바녜스의 헛스윙으로 윤주혁은 정규이닝 20K를 달성한 메이저리그 다섯 번째 투수가 된다.","20탈삼진 대기록과 몸 상태를 읽으며 기록에 접근했다는 자기 통제를 얻는다.","경기·기록","목표가 20K 동률권에서 전인미답의 21K 신기록으로 즉시 한 단계 높아진다.","20탈삼진을 완성한 윤주혁이 뻐근한 어깨로 다음 타자 데릭 지터에게 초구를 던지기 위해 고개를 끄덕인다.","어깨가 손상인지 단순 피로인지와 20탈삼진 가능성은 자기 점검과 이바녜스 삼진으로 답한다.","데릭 지터와 스즈키 이치로를 상대로 21번째 삼진이 나올지, 마지막 두 아웃과 어깨 회복이 남는다.","RA-036","high"
"200","200화","리턴 에이스 200화","38635","38819","윤주혁이 삼진 하나를 더 잡으면 신기록인 상황에서 데릭 지터에게 첫 공을 던진다.","커브·체인지업으로 지터를 범타 처리한 뒤 이치로를 99마일 투심으로 잡아 21K를 완성한다.","경기를 끝내는 마지막 아웃을 삼진으로 잡아 정규이닝 최다 탈삼진 기록을 새로 쓴다.","지터에게 속도 차를 보여 외야 플라이를 만들고, 이치로와 파울 승부를 거듭한 뒤 몸쪽에서 바깥으로 휘는 99마일 투심을 던진다.","이치로가 세 공을 커트하고 발등에 파울을 맞고도 버티며 윤주혁의 어깨 피로도 끝까지 남는다.","이치로가 마지막 투심을 지켜보고 구심이 스트라이크를 선언해 전광판에 `21K`가 뜬다.","정규 9이닝 21탈삼진 신기록과 `닥터 K`라는 별명을 얻는다. 3주 뒤 29경기 22승 2패·345K, 타율 .343의 투타 1위권 성적도 제시된다.","경기·기록","7실점 복귀 실패는 메이저리그 단일경기 탈삼진 기준을 바꾼 반등 서사로 완전히 덮인다.","정규시즌 2주를 남기고 기사는 윤주혁이 놀란 라이언의 라이브볼 시대 단일 시즌 383탈삼진을 넘어설 수 있느냐고 묻는다.","양키스전 20·21번째 삼진과 감기 후 반등은 정규이닝 최다 21탈삼진 기록으로 완결된다.","세 번 남은 선발에서 필요한 38탈삼진, 383탈삼진 경신, 사이영상·MVP와 팀 지구 우승이 남는다.","RA-036","high"
"201","201화","리턴 에이스 201화","38820","38978","윤주혁이 글러브를 끼고 불펜으로 가며 383탈삼진까지 38개, 선발 세 번만 남았다고 계산한다.","방어율·승수 일부를 내려놓고 탈삼진에 집중하는 선택과 집중을 실제 로테이션 목표로 만든다.","미네소타전에서 최소 13K를 잡아 남은 두 경기 부담을 줄인다.","경기당 필요 삼진을 계산하고 몰리나·애런 루이스에게 몸 상태와 장기 목표를 설명한 뒤, 타격을 쉬고 마운드에 집중한다.","타자들이 간결한 스윙으로 삼진을 피하고 전력 투구는 누적 피로를 키운다. 방어율 최저 기록도 사실상 내려놓는다.","1회는 삼진 없이 범타 세 개로 끝내지만 윤주혁은 실패로 보지 않고 타자별 적응 속도를 측정한 표본으로 삼는다.","명확한 38K 로드맵과 장기 건강을 함께 감시하는 몰리나·코치의 보호망을 얻는다.","경기·기록·관계","시즌 막판 투구 목적이 경기별 최적 효율에서 역사적 탈삼진 기록에 맞춘 제한적 전력투구로 바뀐다.","롱고리아의 복귀 홈런으로 1대0이 된 2회 초, 윤주혁이 호세 몰리나의 초구 사인을 확인한다.","남은 등판 수와 383탈삼진까지 필요한 수, 타격 휴식 원칙은 세 경기 38개라는 명시적 로드맵으로 정리된다.","1회 삼진이 없던 미네소타 타선을 2회부터 어떻게 바꿀지, 목표 13탈삼진과 피로가 남는다.","RA-037","high"
"202","202화","리턴 에이스 202화","38979","39179","1대0인 2회 초, 윤주혁이 미네소타 4번 타자에게 첫 공을 던진다.","타자 유형마다 구위 상승 시점을 달리해 8이닝 14K를 수확하는 전략 보상이다.","승리를 지키면서 목표치 13개 이상의 삼진을 잡는다.","장타형 타자에게는 초반부터 100마일 강속구를, 콘택트형 타자에게는 점차 구위를 올리는 패턴을 써 2회 세 타자 연속 삼진부터 흐름을 만든다.","전력 투구와 이번 시즌 늘어난 타자 출전으로 경기 뒤 어깨가 무겁고 물건을 들기 어려울 만큼 피로가 누적된다.","7회까지 미네소타가 패턴 차이를 풀지 못하고 대타도 삼진당해 계획이 목표치를 넘어선다.","8이닝 14K로 필요 삼진을 38개에서 24개로 줄이고 사이영상 확실시라는 장기 성과를 확인한다.","능력·기량·지위·명예","윤주혁은 타격 욕심보다 투수로 오래 뛰고 싶은 욕망이 더 커졌음을 자각한다.","383탈삼진까지 24개를 남긴 윤주혁이 태블릿에서 비슷한 칭찬 기사와 댓글을 훑어본다.","미네소타전 최소 13탈삼진 목표와 1회 무삼진은 타자 유형별 패턴으로 14개를 잡으며 해결된다.","무거운 어깨의 회복, 남은 두 경기 24탈삼진, 400탈삼진을 내려놓은 기록 선택이 남는다.","RA-037","high"
"203","203화","리턴 에이스 203화","39180","39367","윤주혁이 인터넷에서 본 `익숙함에 속아 소중함을 잃지 말자`를 되새기고 남은 일정표를 닫는다.","팀의 3년 연속 동부 우승이라는 시즌 보상 뒤 캔자스시티전 1회 2실점으로 기록 압박을 재가동한다.","탬파는 매직넘버 1을 지우고, 윤주혁은 다음 선발에서 최소 12K를 잡는다.","팀이 지구 우승을 확정하자 주전들이 휴식하고 백업·콜업 선수가 기회를 받는다. 며칠 뒤 윤주혁은 타석을 쉬고 캔자스시티에 선발한다.","첫 두 타자가 99마일 공을 장타로 연결해 1회 2실점하고 삼진도 나오지 않는다.","여유로운 우승팀 운영과 달리 윤주혁 개인의 대기록 경기는 초반부터 계획이 어긋난다.","3년 연속 동부 우승, 건강한 선발·불펜·중심타선과 포스트시즌 준비 시간을 얻는다.","팀·보직·커리어·경기·기록·지위·명예","팀의 정규시즌 목표는 완결돼 로테이션이 휴식 모드로 가지만 윤주혁만 개인 기록을 위해 경쟁 강도를 유지한다.","1회 2실점 뒤 2볼 1스트라이크에서 윤주혁의 강속구를 겨우 파울로 만든 캔자스시티 타자의 표정이 어두워진다.","팀의 정규시즌 지구 우승 목표와 윤주혁의 어깨 회복은 3년 연속 동부 우승·정상 컨디션으로 확정된다.","캔자스시티 1회 2실점 이후 반등, 이 경기 최소 12탈삼진, 383탈삼진까지 남은 수가 남는다.","RA-037","high"
"204","204화","리턴 에이스 204화","39368","39559","캔자스시티 타자가 99마일 공에서도 직전 몸쪽 강속구와 달리 살기가 덜하다고 느끼며 타이밍을 맞춘다.","초반 느린 공으로 타이밍을 흐린 뒤 후반 강속구를 되살려 8타자 연속 삼진과 목표 12K를 만든다.","추가 실점을 막고 승부를 뒤집으며 마지막 등판에 필요한 삼진을 13개로 줄인다.","커브·체인지업을 반복해 속도 감각을 무너뜨리고 6회부터 100마일 결정구를 올린다. 모리스의 시즌 40호 홈런과 타선 역전을 지원받는다.","초반 타선의 좋은 감각, 많은 투구 수와 2실점 때문에 7회까지만 던질 수 있다.","5회부터 시작된 삼진 행진이 7회 마지막 타자까지 8명 연속으로 이어지며 부족했던 수치를 한꺼번에 채운다.","7이닝 12K, 역전승 기반, 남은 목표 13K와 모리스 40호 홈런을 얻는다.","경기·기록","윤주혁의 압도력은 처음부터 최고 구위를 던지는 방식뿐 아니라 타자의 적응을 역이용하는 설계 능력으로 확장된다.","383탈삼진까지 13개를 남긴 윤주혁의 시즌 32번째이자 정규시즌 마지막 토론토전이 시작된다.","캔자스시티전 1회 2실점과 12탈삼진 목표는 완급 조절·8타자 연속 삼진·7이닝 12탈삼진으로 해결된다.","토론토전 13탈삼진, 1점대 평균자책점과 승리를 함께 지킬지, 포스트시즌 전 피로가 남는다.","RA-037","high"
"205","205화","리턴 에이스 205화","39560","39761","371탈삼진의 윤주혁이 토론토와의 정규시즌 마지막 경기에 올라 라이브볼 시대 383탈삼진을 겨냥한다.","첫 이닝 세 타자 연속 삼구 삼진으로 기록 경기의 압도적 출발을 지급한다.","8회 이전 383K 동률·384K 신기록에 도달하고 무리 없이 경기를 끝낸다.","첫 두 타자를 빠른 공·파워커브로 삼구 삼진, 42홈런의 엔카나시온을 고속 슬라이더·투심·102마일 포심으로 삼구 삼진 잡는다.","토론토 타자들은 기록의 희생양이 되지 않으려 2스트라이크 뒤 땅볼·커트에 집중하고 6회부터 윤주혁의 힘도 조금 빠진다.","탬파 타선이 3회 6점을 내 승패 부담을 지우고 윤주혁은 7회 선두타자 삼진으로 종전 기록까지 한 개만 남긴다.","6-0 이상 리드, 7회까지 382K와 첫 이닝 9구 3K라는 기록 경기의 지배력을 얻는다.","경기·기록","정규시즌 마지막 경기는 팀 승패보다 야구사 한 줄을 확정하는 공개 의식으로 변한다.","7회 2아웃, 383탈삼진 동률까지 하나 남은 윤주혁이 소음을 차단하고 몰리나의 초구 사인에 따라 그립을 쥔다.","마지막 등판의 압도적 출발과 경기 승패 부담은 첫 회 9구 3삼진·3회 6득점으로 해결된다.","383번째와 384번째 탈삼진, 8회 전 기록 경신, 완봉과 최종 투타 성적이 남는다.","RA-037","high"
"206","206화","리턴 에이스 206화","39762","39985","7회 2아웃에서 앞선 두 타석 1삼진인 애덤 린드가 윤주혁의 기록 동률 상대가 된다.","체인지업 체크스윙 삼진으로 타이를 만들고 9회 386K·완봉까지 밀어 최종 성적을 확정한다.","놀란 라이언의 383K를 넘어 새 기록을 세우고 정규시즌을 건강하게 마친다.","린드에게 체인지업을 던져 3루심 스윙 판정을 받고, 8·9회 두 삼진을 더한 뒤 마지막 대타를 101마일 포심 삼구 삼진으로 끝낸다.","9회 구위가 떨어지고 완봉·기록을 함께 노리느라 시즌 마지막까지 힘을 써 포스트시즌 피로가 남는다.","마지막 포심이 스트라이크가 되며 라이브볼 시대 단일 시즌 기록이 386K로 새로 고정된다.","9-0 완봉, 최종 투수 32경기 25승 2패·243이닝·386K·ERA 1.70, 타자 .345·28홈런·107타점·OPS 1.056을 얻는다.","경기·기록·지위·명예","사이영상 목표는 사실상 달성 단계가 되고 윤주혁은 3년 차에 리그 투타 최고급 성적을 동시에 확정한 역사적 선수로 올라선다.","텍사스와 세인트루이스가 와일드카드 단판을 통과하고 탬파베이 대 텍사스의 ALDS 대진과 함께 2012 포스트시즌 본편이 열린다.","383·384·386탈삼진, 토론토 마지막 경기, 2012 정규시즌과 3년 연속 지구 우승은 9대0 완봉과 최종 성적으로 완결된다.","정규시즌 기록전 피로를 안고 치를 텍사스 ALDS, 탬파의 월드시리즈 2연패 도전이 남는다.","RA-037","high"
"207","207화","리턴 에이스 207화","39986","40150","ALDS 1차전 날 트로피카나 필드에 탬파와 와일드카드 승자 텍사스 팬들이 모인다.","양 팀 선발·불펜·타선을 실제 이름과 시즌 성적으로 비교하고 `투수 싸움`이라는 새 시리즈 계약을 건다.","윤주혁은 라이언 뎀스터를 상대하는 1차전에서 정규시즌 피로를 관리하며 선승한다.","탬파는 윤주혁-프라이스 중심 선발진과 로드니 불펜, 윤주혁-모리스-롱고리아 타선을 배치한다. 텍사스는 다르빗슈를 와일드카드에 쓴 탓에 뎀스터를 1차전 카드로 낸다.","해밀턴·벨트레·크루즈의 장타선, 텍사스의 강한 불펜과 윤주혁에게 남은 정규시즌 피로가 있다.","텍사스는 1차전 패배 가능성을 감수하고 해리슨을 프라이스와 붙이는 시리즈 단위 전략을 택한다.","탬파는 25승·ERA 1.70의 에이스를 홈 1차전에 내는 명확한 선발 우위를 가진다.","팀·보직·커리어·경기·기록","386K를 위한 탈삼진 피칭이 끝나고 윤주혁의 모드는 승리 확률을 높이는 95마일대 완급 조절로 되돌아간다.","1회 선두 이안 킨슬러가 윤주혁의 네 번째 공을 받아쳐 외야 깊숙이 타구를 날린다.","ALDS 대진과 1차전 선발, 윤주혁이 탈삼진 기록 모드에서 벗어날지는 텍사스 상대 완급 조절 선택으로 정리된다.","킨슬러의 타구 결과, 정규시즌 피로를 안은 1차전, 텍사스 장타선과 월드시리즈 2연패 도전이 남는다.","RA-038","high"
"208","208화","리턴 에이스 208화","40151","40342","텍사스의 이안 킨슬러와 데이비드 머피가 윤주혁의 97~99마일 공을 연달아 외야 깊숙이 보내며 1차전 초반부터 맞혀 낸다.","탈삼진 쇼가 막혀도 윤주혁이 경기 운영과 투타 겸업으로 포스트시즌 승리를 만들 수 있는지 보여준다.","윤주혁은 적은 투구로 텍사스를 무실점 봉쇄하고, 6회 선두 타자로 출루해 답답한 균형을 깨려 한다.","완급 조절과 땅볼 유도로 6회까지 3루 진루를 허용하지 않고, 스트레이트 볼넷 뒤 필립 모리스의 뜬공 때 2루, 폭투 때 3루까지 뛴다.","이안 킨슬러·데이비드 머피·조쉬 해밀턴은 공을 맞혀 투구 패턴을 압박하고, 탬파 타선은 거듭 득점권을 날린다. 에반 롱고리아도 삼진과 병살 뒤 0-2에 몰린다.","윤주혁이 폭투를 즉시 읽고 1사 3루를 만들자 롱고리아에게 희생 플라이만으로도 되는 새 선택지가 열린다.","윤주혁은 위력 대신 노련한 무실점 운영, 출루와 두 차례 진루로 혼자 승리 조건을 조성한다.","경기·기록","0-0은 유지되지만 탬파의 정체된 공격이 1사 3루의 확실한 선취점 기회로 바뀐다.","폭투 때 3루를 훔친 윤주혁 앞에서 0-2에 몰렸던 에반 롱고리아의 눈빛이 확연히 달라진다.","윤주혁이 텍사스의 초반 강한 타구를 실점 없이 버틸 수 있는지는 6회까지 무실점 운영으로 답한다.","달라진 롱고리아가 1사 3루를 선취점으로 바꿀지, 그 한 점을 윤주혁이 지킬지가 남는다.","RA-038","high"
"209","209화","리턴 에이스 209화","40343","40528","6회 1사 3루, 롱고리아가 장타를 노리지만 뎀스터가 유인구 두 개로 풀카운트를 만든다.","앞선 찬스를 망친 프랜차이즈 스타와 에이스가 결정적 한 번으로 1차전을 결산한다.","윤주혁은 2점을 지키며 디비전 시리즈 선승을 따내고, 탬파는 낮은 득점 집중력이라는 약점을 넘으려 한다.","롱고리아가 라이언 뎀스터의 6구를 투런 홈런으로 만들고, 윤주혁은 이후 구위를 끌어올려 9회까지 던진다.","탬파는 한 번을 제외한 득점 기회를 모두 놓쳤고, 텍사스 투수진은 패배 속에서도 경기 분위기를 완전히 넘기지 않는다.","롱고리아의 홈런 직후 윤주혁의 운영 피칭이 탈삼진 피칭으로 변하며 텍사스의 추격 가능성을 지운다.","탬파가 2-0으로 이기고 윤주혁은 9이닝 무실점 11탈삼진 완봉으로 경기 수훈 선수가 된다.","경기·기록","시리즈 전적은 탬파 1승, 텍사스 1패가 된다. 윤주혁은 기록형 에이스뿐 아니라 낮은 득점도 지키는 포스트시즌 에이스임을 재확인한다.","윤주혁과 조 매든이 훈련에서 정확도가 살아난 카를로스 페냐를 발견하지만, 곧바로 ""문제가 하나"" 있다고 남긴다.","0대0 균형과 롱고리아의 부진, 1차전 승패가 투런 홈런과 완봉으로 끝난다.","좋은 감각의 페냐를 실제 선발로 쓸 수 없는 문제가 무엇인지와 2차전 라인업이 열린다.","RA-038","high"
"210","210화","리턴 에이스 210화","40529","40738","페냐에게 불리한 좌완 맷 해리슨이 2차전 선발이라는 문제가 밝혀지고, 조 매든은 대안 부재 끝에 페냐를 선발로 택한다.","윤주혁 없이도 탬파가 강팀답게 이길지, 필요할 때 투타 에이스가 대타 한 장으로 흐름을 바꿀지 시험한다.","윤주혁은 체력을 아끼되 승부처가 오면 대타로 동점 또는 역전의 계기를 만들 준비를 한다.","벤치에서 프라이스와 타선을 지켜보다 6회 조쉬 해밀턴의 솔로 홈런으로 0-1이 되자 배트를 들고 몸을 푼다.","프라이스가 완벽한 코스의 공을 해밀턴에게 홈런으로 맞고, 맷 해리슨은 낮은 코스 승부로 탬파 타선을 묶는다.","조 매든과 윤주혁이 말없이 같은 판단을 내려, 6회 말부터 주혁을 결정적 대타 카드로 준비한다.","주혁의 등장이 아직 타석 결과를 내지는 않지만 텍사스 벤치와 배터리의 운용 자체를 압박한다.","목표·상황","0-0 투수전이 텍사스의 1-0 리드로 바뀌고, 휴식 중이던 윤주혁이 실전 개입 태세로 전환한다.","0대1이 된 6회 말, 조 매든이 윤주혁을 부르고 두 사람은 눈빛만으로 ""이제 내가 준비할 차례""라는 결론을 공유한다.","좌완 상대 페냐 기용 여부는 선발 출전으로 결정되고, 먼저 흔들린 투수는 프라이스로 판명된다.","윤주혁 앞에 주자가 쌓일지, 정확한 대타 시점과 결과가 무엇일지가 남는다.","RA-038","high"
"211","211화","리턴 에이스 211화","40739","40929","윤주혁이 배트를 들고 벤치 밖에서 스윙하자 관중과 텍사스 벤치가 동시에 술렁인다.","주혁의 존재감에만 기대지 않고 롱고리아·필립 모리스가 팀 플레이로 승부를 다시 만들 수 있음을 지급한다.","윤주혁은 동료들이 동점 기반을 닦으면 적절한 타순에서 결정타를 치려 하고, 탬파 타선은 최소 동점을 만든다.","제프 케핑거가 내야안타로 출루하고, 롱고리아가 거포의 욕심을 접고 희생번트를 댄다. 모리스가 중전 적시타로 케핑거를 불러들인다.","맷 해리슨은 낮은 유인구로 긴 승부를 강제하고, 벤 조브리스트를 뜬공으로 잡아 2사 2루까지 버틴다.","롱고리아의 예상 밖 번트와 모리스의 동점타가 텍사스 쪽으로 가던 흐름을 끊는다.","1-1 동점, 롱고리아의 희생과 모리스의 해결사 역할이라는 팀 관계 보상을 받는다.","관계","탬파는 주혁이 타석에 서기 전에 열세를 지우며, 중심 타선이 에이스의 부담을 나눌 수 있다는 신뢰를 얻는다.","2사 2루에서 부진한 페냐가 그대로 들어서자 홈팬이 ""윤 안 나와?""라고 묻는다.","해밀턴 홈런으로 빼앗긴 흐름은 롱고리아의 희생과 모리스의 동점타로 원점에 돌아온다.","조 매든이 페냐를 남긴 이유와 윤주혁이 실제로 들어설 타순이 남는다.","RA-038","high"
"212","212화","리턴 에이스 212화","40930","41127","팬들은 윤주혁이 아닌 페냐가 타석에 남은 이유와 그의 몸 상태를 두고 웅성거린다.","감독의 신뢰가 페냐의 반전 장타로 보상된 뒤 윤주혁과 신인 좌완 로비 로스의 정면승부가 열린다.","윤주혁은 앞 타선이 만든 리드를 굳힐 추가점을 대타로 내고, 몸 상태가 나쁘다는 의심도 지우려 한다.","페냐가 체인지업을 퍼 올려 역전 투런 홈런을 친 뒤, 윤주혁이 데스몬드 제닝스 대신 타석에 선다. 첫 두 패스트볼에는 타이밍을 놓치지만 세 번째를 커트한다.","론 워싱턴은 맷 해리슨을 내리고 5승 무패, 평균자책점 2.18의 좌완 로비 로스를 투입한다. 윤주혁의 연속 헛스윙은 컨디션 우려를 키운다.","로비 로스가 0-2에서 유인구 대신 계속 정면승부를 택하고, 주혁이 세 번째 공부터 정확한 타이밍을 되찾는다.","페냐의 역전 홈런으로 탬파가 3-1을 만들고, 윤주혁에게 한 방이면 흐름을 완전히 닫는 승부가 주어진다.","경기·기록","맷 해리슨의 호투와 텍사스 리드는 붕괴하고, 로비 로스의 패기와 윤주혁의 몸 상태가 새 핵심 변수로 바뀐다.","두 번 헛돈 윤주혁이 세 번째 95마일 공은 너무 가볍게 커트하고, 로스는 공격적 승부를 멈추지 않는다.","페냐를 교체하지 않은 조 매든의 선택은 역전 투런으로 완전히 보상된다.","타이밍을 되찾은 윤주혁이 로스의 다음 공을 어디까지 보낼지가 남는다.","RA-038","high"
"213","213화","리턴 에이스 213화","41128","41330","로비 로스가 들뜬 마음을 다잡고 윤주혁에게 던질 네 번째 패스트볼 사인을 확인한다.","윤주혁이 타격 한 번으로 2차전을 잠그는 짧은 보상 뒤, 처음 겪는 몸의 이상으로 대가를 제시한다.","윤주혁은 대타 홈런으로 홈 2연승을 확실히 하고, 이틀 뒤 4차전 선발 등판까지 준비하려 한다.","몸쪽 패스트볼을 솔로 홈런으로 넘겨 4-1을 만들고 2차전 승리를 이끈다. 휴식일 뒤 3차전에는 다시 선발 명단에서 빠져 왼쪽 무릎 통증을 관찰한다.","통증은 휴식 뒤 오히려 강해지고 과거 부상·재활의 기억을 되살린다. 병원 방문이 상대 사기를 올릴 수 있다는 계산 때문에 즉시 정밀검사를 받지 않는다.","2승으로 시리즈가 거의 기운 직후, 윤주혁 본인도 4차전 등판을 장담할 수 없는 신체 경고가 전면화한다.","탬파는 2차전도 이겨 시리즈 2승 무패가 되고, 주혁은 대타 솔로포로 상대의 희망을 지운다.","신체·가용성·경기·기록","텍사스는 탈락 직전, 탬파는 1승만 남긴다. 반면 윤주혁은 절대적인 승리 보증수표에서 출전 여부가 불확실한 부상 위험자로 바뀐다.","윤주혁이 컨디션 좋은 데릭 홀랜드는 초반부터 흔들어야 한다고 판단한 순간, B.J. 업튼과의 첫 타석에서 다음 포구음만 울리고 판정은 나오지 않는다.","로스와 윤주혁의 대타 승부 및 홈 두 경기 목표는 홈런과 2승으로 닫힌다.","윤주혁 없는 3차전에서 탬파가 홀랜드를 흔들 수 있는지, 무릎 통증이 등판을 막을지가 열린다.","RA-038","high"
"214","214화","리턴 에이스 214화","41331","41544","홀랜드의 몸쪽 공에 B.J. 업튼이 루킹 삼진을 당하고 윤주혁은 선두 타자 삼진이 투수에게 자신감을 줄 것을 경계한다.","2패 뒤 벼랑에 몰린 텍사스의 절박함과 윤주혁 부재가 시리즈를 다시 위험하게 만드는 과정을 보여준다.","윤주혁은 벤치에서 제임스 쉴즈와 타선이 3차전을 끝내 주어 회복 시간을 벌기를 바란다.","데릭 홀랜드의 구종 운용과 양 팀 흐름을 읽지만 출전하지 못하고, 동료들의 반격을 기다린다.","아드리안 벨트레가 1회 투런 홈런을 치고 텍사스 타선이 제임스 쉴즈를 4.1이닝 6실점으로 무너뜨린다. 탬파의 수비와 타격 집중력도 주혁 부재 속에 떨어진다.","홈에서 마음을 비운 텍사스가 초반부터 폭발하고, 5회 8-0까지 벌리며 예정된 시리즈 종결을 연장한다.","텍사스는 데릭 홀랜드의 호투와 타선 폭발로 시즌 생존 가능성을 되찾는다. 윤주혁 쪽에는 자신의 팀 내 영향력을 상대 감독 론 워싱턴의 시선으로 확인하는 관계·지위 보상이 지급된다.","경기·기록·관계","시리즈가 탬파 2승 1패로 좁혀지고, 윤주혁의 결장은 단순 휴식이 아니라 팀 전체 사기를 흔드는 변수로 인식된다.","론 워싱턴이 윤주혁 한 명이면 흐름이 바뀔까 두려워하지만, 경기 끝까지 대타로 나오지 않자 그 불안이 해소된다.","제임스 쉴즈가 선발 우위를 지킬 가능성은 4.1이닝 6실점 강판과 이어진 8대0 리드로 닫히지만, 3차전 최종 승패는 아직 확정되지 않는다.","윤주혁의 결장이 단순 휴식인지 부상인지, 다음 경기에는 실제로 등판할지가 남는다.","RA-039","high"
"215","215화","리턴 에이스 215화","41545","41689","12대2 대패 뒤 언론이 탬파의 간절함과 윤주혁의 몸 상태를 집중 비판한다.","부상설을 102마일 초구로 지우는 복귀와, 윤주혁 대 다르빗슈 유의 한일 에이스 맞대결을 지급한다.","윤주혁은 4차전 마운드에서 몸이 건재함을 증명하고 탬파의 챔피언십 시리즈 진출을 확정하려 한다.","불펜 피칭에서 101마일을 확인한 뒤 타석은 포기하고 선발 등판한다. 1회 102마일을 던지고 3회까지 무실점으로 간다.","남은 통증과 투타 겸업 부상 논란을 안고 강속구를 계속 선택한다. 김동명은 장기적으로 완급 조절과 새 발전이 필요하다고 우려한다.","4회 에반 롱고리아가 다르빗슈 유에게 선제 솔로 홈런을 쳐 윤주혁에게 첫 리드를 준다.","102마일 공으로 부상 루머를 일단 잠재우고, 롱고리아의 지원으로 1-0 우세를 얻는다.","신체·가용성·경기·기록","윤주혁은 결장 선수에서 다시 마운드의 주인으로 복귀하고, 텍사스는 패하면 탈락하는 경기에서 먼저 뒤진다.","1대0이 된 직후 다르빗슈가 로진 백을 내려놓고 다음 타자 필립 모리스를 향해 다시 투구 동작을 시작한다.","윤주혁이 4차전에 설 수 있는지는 실제 등판과 102마일 구속으로 답한다.","롱고리아 뒤 모리스가 연속 장타를 보탤지, 윤주혁이 몸 상태를 유지해 경기를 끝낼지가 남는다.","RA-039","high"
"216","216화","리턴 에이스 216화","41690","41898","롱고리아 홈런 직후 다르빗슈의 높게 뜬 공을 필립 모리스가 노릴 수 있는 코스로 받는다.","탬파 타선이 다르빗슈를 무너뜨리는 큰 보상 뒤, 윤주혁의 갑작스러운 강판이 만든 불펜 생존전을 겹친다.","윤주혁은 넉넉한 리드를 지켜 시리즈를 끝내려 하지만, 손가락 상태가 나빠지자 더 큰 부상을 막고 팀에 승리를 넘겨야 한다.","모리스의 백투백 홈런, 조브리스트의 안타·도루와 후속 적시타를 지원받아 5-0까지 앞선다. 손가락 통증과 공의 질 저하를 느껴 6회 뒤 조 매든에게 교체를 요청한다.","통증을 참으며 던진 대가로 7회부터 조엘 페랄타가 3실점, 8회 제이크 맥기가 1실점해 5-4까지 쫓긴다.","완투가 예상되던 윤주혁이 스스로 내려간 순간 텍사스 타선이 살아나고, 페르난도 로드니가 8회 2사 2루에서 긴급 투입된다.","다르빗슈는 6.1이닝 5실점, 9피안타, 3피홈런으로 무너지고 윤주혁은 건강한 동안 상대를 무실점 봉쇄한다. 로드니도 8회 위기를 삼구삼진으로 끊는다.","신체·가용성·경기·기록","5-0의 사실상 확정승이 5-4 한 점 차로 축소되고, 윤주혁의 부상은 팀 전체의 포스트시즌 생존 문제로 변한다.","9회 말, 로드니가 한 점을 못 지키면 텍사스가 살아나는 상황에서 마이크 나폴리에게 초구를 던진다.","윤주혁과 다르빗슈의 선발 맞대결은 탬파 우세로 판정되고 다르빗슈는 5실점 강판된다.","로드니의 세이브, 윤주혁의 손가락 상태, 4차전 최종 승패가 모두 마지막 이닝에 걸린다.","RA-039","high"
"217","217화","리턴 에이스 217화","41899","42149","로드니가 나폴리에게 95마일 공 두 개를 연속 스트라이크로 꽂아 0-2를 만든다.","철옹성 같던 마무리까지 무너지며 확정승이 역전패로 바뀌는 비용과 윤주혁 부상의 실체를 공개한다.","윤주혁은 벤치에서 로드니가 리드를 지켜 자신의 강판 비용을 최소화하고 시리즈를 끝내길 바란다.","로드니가 마이크 나폴리를 삼진 처리하지만 지오바니 소토를 출루시키고, 이안 킨슬러에게 동점 희생플라이를 허용한다. 이후 데이비드 머피를 볼넷으로 내보낸 뒤 조쉬 해밀턴에게 결승 투런 홈런을 맞는다.","윤주혁은 5회부터 오른손 손가락 통증이 심해져 6회 구위가 떨어졌고, 정밀검사 결과 골절·인대 손상은 없지만 약 1주 휴식이 필요하다는 소견을 받는다.","5-5 동점 뒤 해밀턴의 타구가 좌측 담장을 넘어가며 탬파의 챔피언십 시리즈 확정이 5차전 생존전으로 바뀐다.","텍사스는 7-5 역전승과 시리즈 2승 2패를 만들며 벼랑에서 살아난다. 독자에게는 부상 위치와 회복 기간이 명확히 공개된다.","신체·가용성·팀·보직·커리어·경기·기록","탬파의 불펜 신뢰와 자신감이 붕괴하고 윤주혁은 5차전 출전 불가 상태가 된다.","윤주혁이 자만도 전력 열세도 아니라면 무엇이 5점 리드를 무너뜨렸는지 스스로 묻는다.","로드니가 한 점을 지킬지는 7대5 역전패로 끝나고, 손가락의 즉시 진단도 일주일 휴식으로 나온다.","윤주혁 없이 치를 5차전과 붕괴한 불펜·자신감의 회복이 남는다.","RA-039","high"
"218","218화","리턴 에이스 218화","42150","42343","윤주혁은 자신의 갑작스러운 강판 때문에 팀 전체 경기력이 떨어졌다는 의심을 먼저 부정한다.","에이스 의존 논란을 동료들의 경기력으로 검증하고, 데이비드 프라이스가 자신의 이름으로 팀을 살리는 기회를 연다.","윤주혁은 벤치에서 선수 상태와 전략을 점검해 동료들이 자신의 빈자리를 메우고 챔피언십 시리즈 티켓을 따도록 돕는다.","얼리 워크와 불펜 피칭을 관찰하고, 프라이스가 최소 7이닝을 맡고 웨이드 데이비스·로드니가 뒤를 잇는 승리 경로를 그린다. 카를로스 페냐의 느린 배트 대신 루크 스캇이 지명타자로 선발되는 결정을 받아들인다.","전날 페랄타·맥기·로드니가 모두 흔들렸고, 텍사스는 역전승으로 기세가 올랐다. 윤주혁은 통증과 무력감을 견뎌야 한다.","조 매든이 컨디션 위주로 라인업을 재편하고, 프라이스가 이안 킨슬러를 컷 패스트볼 루킹 삼진으로 잡으며 5차전을 연다.","윤주혁은 팀이 자신 한 명에게만 의존하지 않는다는 믿음을 행동 계획으로 바꾸고, 프라이스의 날카로운 첫 승부를 확인한다.","팀·보직·커리어·경기·기록·관계","중심축이 출전 불가인 윤주혁에서 선발 데이비드 프라이스와 집단 타선으로 이동한다.","프라이스가 2009년의 투피치 한계를 넘어 투심과 커브를 더해 온 과정이 이어지며, 오늘 컷패스트볼의 장기 효과를 기다리게 한다.","윤주혁의 5차전 출전 여부는 불가능으로 정리되고 역할은 벤치 지원으로 확정된다.","프라이스의 발전한 구종이 결정전 전체를 버틸지와 탬파 타선이 득점할지가 남는다.","RA-039","high"
"219","219화","리턴 에이스 219화","42344","42524","프라이스가 2009년 투피치에서 2011년 포심·투심·체인지업 조합으로 변해 온 과정이 계속 설명된다.","윤주혁의 그림자에 가렸던 20승 투수가 결정전의 주인공이 되고, 동료 타선이 그 호투를 결산할 순간을 만든다.","윤주혁은 프라이스가 무실점으로 버티는 동안 타선이 선취점을 내주길 바라며 동료 승리를 확인하려 한다.","벤치에서 프라이스의 포심·투심·커터 발전 과정과 구심의 존, 몰리나의 프레이밍이 맞물리는 것을 읽는다.","프라이스는 6회까지 노히트와 10탈삼진을 만들지만 0-0이라 한 번의 실수가 패배로 연결될 수 있다. 맷 해리슨도 낮은 공으로 탬파를 막는다.","6회 말 제프 케핑거가 선두 안타로 나가고 폭투로 2루에 간 뒤, 에반 롱고리아가 적시 2루타를 친다.","프라이스는 윤주혁 대신 큰 경기를 지배하고, 탬파는 기다리던 1-0 선취점을 얻는다.","경기·기록","0-0 결정전이 탬파 우세로 움직이며 프라이스의 '2인자' 지위가 독립적인 포스트시즌 에이스로 상승한다.","제프 케핑거가 폭투로 2루에 간 뒤 롱고리아의 타구가 외야로 뻗어 선취 득점이 확정된다.","프라이스에게 타선이 점수를 줄지는 6회 롱고리아의 적시 2루타로 답한다.","필립 모리스부터 이어질 추가 득점과 프라이스의 노히트·완주가 남는다.","RA-039","high"
"220","220화","리턴 에이스 220화","42525","42706","롱고리아의 선취 2루타 뒤 모리스의 2루타, 조브리스트의 진루타, 제닝스의 희생플라이가 연달아 터진다.","윤주혁 없이도 타선·프라이스·로드니가 각자 몫을 해 디비전 시리즈를 결산하고 다음 강적 디트로이트를 연다.","윤주혁은 동료들이 리드를 굳히고 지켜 회복 시간을 얻는 동시에 챔피언십 시리즈 진출을 확정하길 바란다.","모리스가 연속 적시 2루타, 조브리스트가 진루타, 제닝스가 희생플라이, 루크 스캇이 초구 솔로 홈런을 더한다. 프라이스는 8이닝 무실점, 로드니는 9회를 삼자범퇴로 닫는다.","맷 해리슨에 대한 론 워싱턴의 신뢰와 전날 무너진 로드니에 대한 불안이 마지막 저항으로 남지만 둘 다 결과를 뒤집지 못한다.","루크 스캇의 홈런으로 한 이닝 4점이 완성되고, 로드니가 첫 두 타자를 연속 삼진 처리하며 전날의 실패를 지운다.","탬파가 4-0으로 승리해 챔피언십 시리즈에 진출한다. 프라이스는 8이닝 무실점, 로드니는 세이브 상황을 완벽히 막고 클럽하우스에서 샴페인 축하를 받는다.","신체·가용성·경기·기록","디비전 시리즈가 탬파 3승 2패로 끝난다. 다음 상대는 디트로이트 타이거즈이고, 윤주혁은 빠르면 챔피언십 시리즈 4차전 안에 복귀할 회복 단계로 넘어간다.","원투펀치를 ALCS 홈 1·2차전에 쓸 수 없는 상황에서, 불펜 피칭 중인 제레미 헬릭슨이 1차전 책임자로 지목된다.","윤주혁 없는 5차전, 프라이스의 대체 에이스 역할, 로드니의 회복, 텍사스 시리즈가 4대0 승리로 모두 끝난다.","헬릭슨이 디트로이트 강타선을 막을지와 윤주혁이 시리즈 후반에 복귀할 수 있을지가 열린다.","RA-039","high"
"221","221화","리턴 에이스 221화","42707","42894","ALCS 1차전 선발 명단에서 탬파는 부진한 페냐 대신 루크 스캇을 유지하고, 디트로이트는 우타 후보들을 섞는다.","절대 에이스 없이 맞춰 잡는 투수와 수비 시프트가 미겔 카브레라·프린스 필더의 강타선을 버틸지 시험한다.","윤주혁은 벤치에서 헬릭슨과 내야진이 홈 1차전을 잡아 자신의 회복 시간을 지켜주길 바란다.","데이비드 프라이스와 헬릭슨의 장점과 사이영상 욕망을 이야기하고, 조 매든의 수비 시프트와 호세 몰리나의 리드를 지켜본다.","짐 릴랜드는 좌타 브레넌 보쉬 대신 우타 라이언 레이번, 알렉스 아빌라 대신 제럴드 레어드를 넣는 변칙 라인업을 쓴다.","헬릭슨이 오스틴 잭슨·오마 인판테·미겔 카브레라를 모두 땅볼로 잡아 공 10개 안팎의 삼자범퇴를 만든다.","헬릭슨의 제구와 탬파 내야 수비가 계획대로 맞물리는 안정적인 첫 이닝을 얻는다.","능력·기량·관계","윤주혁 부재의 불안 속에서도 탬파 벤치가 헬릭슨을 믿을 수 있는 초기 근거가 생긴다.","미겔 카브레라의 잘 맞은 공마저 내야로 향해 아웃되며 헬릭슨이 첫 이닝을 삼자범퇴로 끝낸다.","디트로이트의 우타자 중심 배치가 첫 타순부터 통할지는 일단 실패로 판정된다.","같은 땅볼 패턴이 두 번째 타순에도 유지될지와 덕 피스터 상대 득점이 남는다.","RA-040","high"
"222","222화","리턴 에이스 222화","42895","43073","첫 이닝을 깔끔히 끝낸 헬릭슨이 잠깐 웃었다가, 강타선을 아직 한 번 상대했을 뿐이라며 표정을 거둔다.","필립 모리스의 장타와 헬릭슨의 맞춰 잡기로 윤주혁 없는 1차전 선취 우세를 지급한다.","윤주혁은 동료 타선이 피스터의 흔들리는 투심을 일찍 공략하고 헬릭슨에게 리드를 주길 바란다.","롱고리아가 2사 안타로 나가고 필립 모리스가 낮은 공을 퍼 올려 투런 홈런을 친다. 윤주혁은 벤치에서 양 선발의 조정을 읽는다.","자니 페랄타와 오마 인판테의 호수비가 추가 득점을 막고, 피스터가 3회부터 제구와 무브먼트를 회복한다.","3이닝 연속 삼자범퇴 뒤 오스틴 잭슨의 4회 땅볼이 마운드를 맞고 내야안타가 된다.","탬파가 2-0 선취 리드를 얻고 헬릭슨은 첫 타순을 출루 없이 지운다.","목표·상황","순조로운 홈 우세가 두 번째 타순의 무사 1루라는 첫 실전 위기로 바뀐다.","오스틴 잭슨이 행운의 내야안타로 나가고, 헬릭슨은 그의 도루를 경계하며 인판테에게 병살을 노린다.","피스터의 초반 흔들림을 탬파가 이용할지는 모리스의 2점 홈런으로 답한다.","빠른 잭슨이 2루를 훔칠지, 디트로이트가 두 번째 타순에서 낮은 공을 읽을지가 남는다.","RA-040","high"
"223","223화","리턴 에이스 223화","43074","43265","헬릭슨이 무사 1루의 잭슨에게 견제구를 던져 도루 타이밍부터 억제한다.","처음 세 이닝의 완벽한 패턴이 강타선의 적응 한 번에 붕괴하는 포스트시즌 비용을 보여준다.","윤주혁은 헬릭슨이 잭슨을 묶고 미겔 카브레라 앞 위기를 병살로 끝내기를 바란다.","벤치에서 디트로이트 타자들의 간 보기 종료와 수비 위치를 읽고, 델몬 영의 거친 슬라이딩에도 흥분보다 위기 탈출을 우선한다.","인판테의 안타 뒤 카브레라가 무사 2·3루에서 역전 3점 홈런을 치고, 연속 안타로 4-2가 된다. 병살 송구도 델몬 영의 슬라이딩에 깨진다.","헬릭슨의 낮은 공을 기다린 디트로이트 타선이 한꺼번에 정확히 맞히며 짐 릴랜드의 라인업 설계가 작동한다.","디트로이트는 4-2 역전과 카브레라의 해결사 보상을 얻는다. 윤주혁은 상대 적응이 얼마나 빠른지 구체적으로 확인한다.","팀·보직·커리어","헬릭슨은 자신감 있는 맞춰 잡기 투수에서 강판 직전의 흔들리는 선발로 내려가고 탬파가 추격자가 된다.","2사 1·3루, 앞선 타석에서 유일하게 삼진당한 라이언 레이번이 의외의 선발 기용 이유를 증명할 차례가 된다.","디트로이트가 헬릭슨의 패턴에 적응할지는 카브레라 홈런과 연속 안타로 명확해진다.","레이번이 추가점을 낼지와 헬릭슨이 이 이닝을 끝낼 수 있을지가 남는다.","RA-040","high"
"224","224화","리턴 에이스 224화","43266","43434","4대2로 앞선 2사 1·3루에서 라이언 레이번이 헬릭슨을 상대로 짐 릴랜드의 선택을 검증받는다.","상대 감독의 하위 타선 한 수가 1차전을 닫고, 홈 2연패 위기 끝에 윤주혁의 복귀를 재장전한다.","윤주혁은 헬릭슨의 추가 실점을 막고 타선이 역전하길 바라지만, 두 경기 패배 뒤 직접 3차전에서 분위기를 바꾸기로 한다.","레이번의 바깥쪽 낮은 공 밀어치기 적시타와 후속 실점을 지켜본다. 2차전 9-6 패배 뒤 불펜 피칭·배팅 케이지를 통과하고 조 매든에게 투타 출전을 요청한다.","1차전은 카브레라의 4타점과 피스터의 회복으로 7-3(기사 본문 후술 7-2 표기 혼재) 패배, 2차전은 제임스 쉴즈 5이닝 5실점과 카브레라 4안타·1홈런으로 9-6 패배다.","시리즈 0승 2패 뒤 윤주혁의 손가락 통증이 사라지고, 코메리카 파크 3차전 선발 및 타자 출전이 확정된다.","부상 회복과 투타 감각 정상화가 공식 확인되고, 팀은 120구 제한 안에서 에이스 카드를 다시 얻는다.","신체·가용성·팀·보직·커리어·경기·기록","탬파는 홈 2연패로 벼랑에 몰리지만 윤주혁은 결장자에서 시리즈 반전의 선발·3번 타자로 복귀한다.","조 매든이 120구를 넘기지 말라고 하자 윤주혁은 ""그 안에 끝낼 겁니다""라고 답하고, 감독은 농담이 아님을 안다.","ALCS 홈 1·2차전과 레이번 기용 이유는 디트로이트의 2연승으로 결산된다.","복귀 첫날 투타를 함께 맡은 윤주혁이 실제로 120구 안에 3차전을 끝낼지가 열린다.","RA-040","high"
"225","225화","리턴 에이스 225화","43435","43684","2승을 앞선 짐 릴랜드가 코메리카 파크인데도 윤주혁 복귀전의 불길함을 느끼며 벌랜더를 바라본다.","복귀 첫 타석 홈런과 구속 차를 이용한 새 투구 패턴으로 에이스 귀환을 즉시 보상한다.","윤주혁은 타격으로 선취점을 내고, 투구로 디트로이트 타선을 봉쇄해 시리즈 분위기를 되찾는다.","벌랜더의 바닥으로 떨어지는 커브를 우측 폴대에 맞는 솔로 홈런으로 만들고, 92마일 포심 두 개 뒤 99마일 투심을 결정구로 던진다.","벌랜더는 1-2의 유리한 카운트와 완성도 높은 커브를 만들고, 디트로이트 타자들은 낮은 구속을 부상 잔존으로 오해하며 적응하려 한다.","윤주혁이 느린 포심과 고속 투심의 간격을 한 타석 안에 공개해 오스틴 잭슨을 삼진 처리하고 타순 전체를 혼란시킨다.","1-0 선취 홈런, 복귀 건강 증명, 첫 타순 동안 누구도 평균 97마일 투심을 제대로 맞히지 못하는 압도감이 지급된다.","능력·기량·경기·기록","디트로이트의 2연승 자신감이 흔들리고, 탬파 원정팬과 벤치에 윤주혁이 출전하면 이긴다는 신뢰가 돌아온다.","디트로이트 타순이 평균 97마일 투심을 미리 보고도 한 바퀴 내내 제대로 건드리지 못한다.","손가락과 타격감이 돌아왔는지는 선제 홈런과 첫 타순 투구로 답한다.","두 번째 타순부터도 패턴이 통할지와 한 점 리드가 충분할지가 남는다.","RA-040","high"
"226","226화","리턴 에이스 226화","43685","43889","탬파 팬들은 3이닝 퍼펙트를 보고도 1차전처럼 두 번째 타순부터 무너질까 먼저 경계한다.","완급 조절에서 100마일 높은 공으로 패턴을 갈아끼우고, 120구 약속 안에 완봉하는 경기 단위 대보상을 준다.","윤주혁은 기록 욕심보다 3차전 승리와 팀 사기 회복을 우선하며 9이닝을 직접 닫는다.","4회부터 높은 코스 100마일 포심을 섞어 6회까지 11탈삼진·무출루, 8회 첫 안타 뒤에도 흔들리지 않고 9회까지 던진다.","1차전처럼 두 번째 타순부터 무너질 수 있다는 경계, 8회 퍼펙트·노히트 무산, 경기 뒤 손가락 후유증과 전신 피로를 감수한다.","디트로이트의 어퍼스윙 성향을 역이용한 높은 공 패턴이 적중해 카브레라까지 헛스윙시키고 벌랜더와의 투수전을 장악한다.","탬파가 3-0으로 이기고 윤주혁은 9이닝 1피안타, 16탈삼진, 120구 이내 완봉에 타자로 결승 솔로 홈런까지 기록한다.","신체·가용성·경기·기록","시리즈는 탬파 1승 2패. 침울했던 벤치가 열정과 신뢰를 되찾고 윤주혁은 부상 복귀를 완전히 증명한다.","완봉 뒤 호텔에서 잠든 윤주혁이 문소리에 깨고, 씻고 나온 필립 모리스가 자신 때문에 깼느냐고 묻는다.","120구 제한, 복귀 건강, 3차전 승패는 3대0 완봉과 홈런으로 모두 닫힌다.","손가락 후유증이 남은 윤주혁의 휴식과 다음 날 모리스·프라이스의 자립 경기가 남는다.","RA-040","high"
"227","227화","리턴 에이스 227화","43890","44064","필립 모리스가 잠을 깨운 일을 사과하고, 윤주혁은 씻을 수 있게 됐다며 가벼운 농담으로 받는다.","에이스가 만든 흐름을 두 동료가 자립적으로 이어 시리즈를 2-2로 돌릴지 보여준다.","윤주혁은 모리스의 타격 의지와 프라이스의 선발 역량이 자신의 빈자리를 메워 최소 6차전을 확보하길 바란다.","모리스의 이른 아침 산책과 집중을 확인하고 벤치에서 프라이스 대 맥스 슈어저의 0-0 투수전을 분석한다.","슈어저는 6회가 지나도록 탈삼진 능력으로 탬파를 막고, 프라이스도 미겔 카브레라를 포함한 중심 타선을 한 번의 실수 없이 상대해야 한다.","양 팀 4번 모리스와 프린스 필더만 2안타씩 치지만 7회 두 선발이 모두 승부를 피하며 결산이 후반 불펜으로 넘어간다.","프라이스와 모리스가 윤주혁 없이도 최고 투수·타자 역할을 해 0-0 긴장을 끝까지 유지한다.","관계","윤주혁 중심의 단독 반전이 동료 에이스 두 명의 집단 반전으로 확장된다.","7회까지 무득점인 가운데 프라이스는 흔들리는 미겔 카브레라에게도 몸쪽 승부를 하되 끝까지 조심한다.","윤주혁 없이 프라이스와 모리스가 초반 역할을 할 수 있는지는 무실점·멀티히트로 확인된다.","선발들이 피한 중심 타선 승부를 누가 후반에 결산할지와 첫 득점이 남는다.","RA-040","high"
"228","228화","리턴 에이스 228화","44065","44258","미겔 카브레라가 판정 불만과 타격 실패로 감정을 다스리지 못하면서 탬파 쪽으로 미세하게 흐름이 기운다.","선발들의 무실점 유예 끝에 9회 불펜 승부와 모리스의 자존심이 결승 보상으로 폭발할 조건을 만든다.","윤주혁은 프라이스의 호투가 헛되지 않도록 탬파 타선이 9회 최소 한 점을 내길 바란다.","하위 타선의 출루와 슈어저 강판, 호세 발베르드 투입을 지켜보고, 2사 1·3루에서 디트로이트가 모리스를 거르지 않는 선택을 읽는다.","슈어저는 8회까지 무실점에 가깝게 버티고, 발베르드는 모리스가 시즌 상대 전적에서 약했던 디셉션 패스트볼을 낮게 던진다.","짐 릴랜드가 만루 위험을 피하려 모리스와 정면승부하고, 무시당했다고 느낀 모리스가 큰 스윙 대신 컨택에 집중한다.","탬파는 앞선 타자들의 출루로 1-0 선취점을 얻고 2사 1·3루 추가점 기회를 만든다.","팀·보직·커리어","선발 투수전이 디트로이트 마무리의 블론 위기와 필립 모리스의 해결사 시험으로 전환된다.","호세 발베르드가 낮은 코스로 1-2를 만들고, 필립 모리스는 홈런 욕심을 버린 채 다음 공을 기다린다.","양 선발의 0대0 균형은 디트로이트 불펜이 먼저 한 점을 내주며 끝난다.","모리스가 자신에게 강했던 발베르드의 낮은 결정구를 이길지와 9회 말 수비가 남는다.","RA-040","high"
"229","229화","리턴 에이스 229화","44259","44461","1-2에서 발베르드는 자신에게 약했던 모리스를 끝낼 수 있다는 자신감으로 결정구를 준비한다.","모리스의 한 방으로 긴 투수전 보상을 한꺼번에 지급하고, 5차전 헬릭슨의 재도전으로 곧바로 새 압력을 건다.","윤주혁은 모리스가 프라이스에게 안전한 리드를 주고, 4차전 승리 뒤 5차전까지 잡아 시리즈 우위를 만들길 원한다.","모리스의 만루 홈런으로 4-0이 되자 프라이스가 완투 욕심을 내려놓고 로드니에게 9회를 넘기는 선택을 지켜본다. 다음 날 타자로 5차전에 복귀한다.","프라이스는 완봉 기회를 포기해 마무리의 감각과 팀 전체를 살리고, 5차전에는 헬릭슨이 다시 제구를 잃어 미겔 카브레라에게 투런을 맞으며 0-5가 된다.","로드니가 4-0을 깔끔히 지켜 시리즈를 2-2로 만들지만, 제레미 헬릭슨은 4회도 채우지 못하고 맷 무어로 교체된다.","4차전 4-0 승리, 프라이스의 무실점 호투, 모리스의 만루포, 로드니의 무실점 마무리가 지급된다. 5차전에서는 맷 무어가 긴급 등판 첫 이닝을 막는다.","신체·가용성·팀·보직·커리어·경기·기록","시리즈 균형은 회복되지만 5차전 선발 축이 헬릭슨에서 맷 무어로 이동하고 헬릭슨의 월드시리즈 로테이션 지위가 흔들린다.","맷 무어가 96마일 몸쪽 승부로 추가 실점을 막자 윤주혁은 그가 월드시리즈 선발 기회까지 잡을 재목임을 본다.","프라이스·모리스의 4차전은 4대0 승리로 완결되고 헬릭슨의 5차전 임무는 조기 강판으로 실패한다.","0대5를 뒤집을 타선과 맷 무어의 장기 이닝, 헬릭슨 대신 다음 로테이션 자리가 남는다.","RA-040","high"
"230","230화","리턴 에이스 230화","44462","44643","0대5인 5회, 맷 무어가 위기를 끈 뒤 제프 케핑거 다음 타석의 윤주혁이 추격 준비를 한다.","윤주혁이 안타·도루·득점으로 막힌 타선을 움직이고, 남은 두 타석을 대역전 약속으로 바꾼다.","윤주혁은 점수 차를 이닝마다 줄여 불펜 승부에서 뒤집고 코메리카 3연승을 완성하려 한다.","변화가 걸린 타구로 2루타를 만들고 3루 도루까지 성공한 뒤, 롱고리아의 적시타로 득점한다.","덕 피스터의 낮은 투심이 장타를 억제하고, 모리스·롱고리아·조브리스트가 만든 2사 2·3루에서 제닝스가 땅볼로 물러나 1점에 그친다.","맷 무어가 6회까지 무실점으로 추가 시간을 벌고 피스터가 내려가면서 강속구 불펜 브레이언 비야레알이 등장한다.","윤주혁의 단독 주루로 5-1 추격점과 팀 분위기 회복을 얻고, 맷 무어는 차기 선발 기회를 잡는다.","신체·가용성·능력·기량·팀·보직·커리어","일방적 0-5가 1-5 추격전으로 바뀌며 남은 윤주혁 타석 두 번이 경기의 핵심 자원이 된다.","덕 피스터가 내려가고 정면승부형 비야레알이 제프 케핑거를 상대하며, 그를 올린 이유를 곧 보여주려 한다.","맷 무어가 급한 추가 실점을 막을 수 있는지는 6회까지 무실점으로 답한다.","케핑거가 윤주혁 앞에서 출루할지와 윤주혁의 남은 두 타석이 4점 차를 지울지가 남는다.","RA-040","high"
"231","231화","리턴 에이스 231화","44644","44786","비야레알이 95마일 몸쪽 공으로 케핑거를 루킹 삼진 처리하고 곧바로 교체를 기다린다.","의도적 헛스윙으로 신인의 공격성을 유도한 윤주혁이 장외성 홈런을 치고, 9회 무사 만루까지 역전 식탁을 차린다.","윤주혁은 자신과 처음 붙는 좌완의 자신감을 역이용해 홈런으로 추격하고 마지막 타석에 승부를 뒤집는다.","제이슨 헨리의 패스트볼 두 개에 일부러 크게 헛스윙한 뒤 네 번째 공을 쉐보레 전시차 쪽으로 넘긴다. 9회 무사 만루에서는 고의사구를 받아 밀어내기 타점을 올린다.","짐 릴랜드는 좌타 피안타율 0.177의 신인을 붙이고, 이후 옥타비오 도텔·호세 발베르드·저스틴 루크를 차례로 동원해 윤주혁과의 정면승부를 피한다.","7회 솔로포 뒤 모리스의 안타와 롱고리아의 2루타로 5-3, 9회 주혁의 고의사구로 5-4까지 좁혀진다.","계산된 홈런, 상대 불펜의 공포, 무사 만루 밀어내기 타점이 지급된다.","팀·보직·커리어·경기·기록","4점 열세가 한 점 차 무사 만루로 바뀌고, 디트로이트 마무리진은 주혁을 아웃시키는 대신 리드를 한 점씩 내주는 상태가 된다.","고의사구로 1루에 간 윤주혁 뒤 무사 만루가 유지되고, 필립 모리스가 저스틴 루크를 상대할 차례다.","제이슨 헨리 원포인트 카드는 윤주혁의 대형 홈런으로 실패한다.","모리스가 역전타를 칠지와 되찾은 리드를 불펜이 지킬지가 열린다.","RA-040","high"
"232","232화","리턴 에이스 232화","44787","44950","윤주혁은 자신에게 숟가락이 없었다고 아쉬워하다가, 아웃 없이 밀어내기 한 점을 얻은 이득을 받아들인다.","동료 중심 타선이 윤주혁이 만든 기회를 8점 빅이닝과 코메리카 3연승으로 결산한다.","윤주혁은 모리스와 롱고리아가 최소 동점, 가능하면 다점 리드를 만들어 로드니에게 경기를 넘기길 바란다.","3루에서 모리스의 바깥쪽 공 밀어치기를 지켜보고, 그의 2타점 2루타에 이어 롱고리아의 2타점 2루타 때 홈을 밟는다.","저스틴 루크는 스트라이크를 넣지 못하고도 교체 가능한 더 나은 투수가 없어 계속 던진다. 코메리카 홈팬의 야유와 오물 투척도 발생한다.","모리스가 3-0에서 기다리지 않고 2타점 2루타를 쳐 6-5로 역전하고, 롱고리아가 9-5까지 벌린다.","탬파가 9회에 8득점해 11-5 승리, 시리즈 3승 2패, 원정 3연승을 얻는다. 로드니도 9회를 무실점으로 닫는다.","경기·기록·지위·명예","홈 2연패 팀이 월드시리즈 진출까지 1승 남긴 우세 팀으로 바뀌고, 윤주혁은 세 경기 모두 승리를 불러온 보증수표로 평가된다.","언론은 6차전에 윤주혁을 써 즉시 끝낼지, 2차전에서 무너진 제임스 쉴즈를 다시 믿을지 갈리지만 구단은 답하지 않는다.","0대5였던 5차전과 모리스의 해결사 역할은 11대5 역전승으로 완전히 닫힌다.","6차전 선발, 쉴즈의 명예 회복, 윤주혁의 월드시리즈 체력 비축이 남는다.","RA-040","high"
"233","233화","리턴 에이스 233화","44951","45118","앤드류 프리드먼은 윤주혁 6차전 선발을 주장하고, 조 매든은 쉴즈의 컨디션이 좋다면 윤주혁을 타자로 쓰자고 설득한다.","단기 필승 카드인 윤주혁을 아끼고 무너졌던 쉴즈를 믿는 팀 운용이 타선의 초반 폭발로 보상될지 시험한다.","윤주혁은 지명타자로 아니발 산체스를 공략하고, 쉴즈가 자신감을 회복해 월드시리즈 로테이션까지 살리도록 돕는다.","쉴즈의 훈련 상태를 확인해 선발 결정을 지지하고, B.J. 업튼의 초구 중전안타로 시작된 공격에 3번 타자로 들어갈 준비를 한다.","아니발 산체스는 포스트시즌 12.2이닝 무실점이며 다양한 속구와 체인지업을 섞는 FA 쇼케이스를 벌인다.","업튼이 변칙 구종을 기다리지 않고 초구를 쳐 출루해 1·2차전과 다른 공격적 팀 상태를 증명한다.","제임스 쉴즈에게 명예 회복 기회, 윤주혁에게 월드시리즈 1·2차전 타격까지 이어갈 체력 보상이 생긴다.","신체·가용성·능력·기량·팀·보직·커리어","팀 운영 목표가 당장 한 경기만 이기는 데서 선발진 회복과 월드시리즈 준비까지 확장된다.","1·2차전과 달리 B.J. 업튼이 산체스의 초구를 곧장 중전안타로 만들며 달라진 탬파 타선을 보인다.","6차전 선발 논쟁은 제임스 쉴즈로 결론 난다.","선두 출루가 초반 대량 득점으로 이어질지와 쉴즈가 2차전 패배를 씻을지가 남는다.","RA-040","high"
"234","234화","리턴 에이스 234화","45119","45275","홈팀의 초반 대량 득점이 선발의 어깨와 원정팀 사기를 어떻게 바꾸는지 설명하며 6차전 흐름을 연다.","회복된 집단 타선과 쉴즈의 반등이 14-2 대승, 월드시리즈 진출, 윤주혁의 ALCS MVP로 한꺼번에 결산된다.","윤주혁은 타자로 조기 대량 득점을 이끌고 쉴즈가 편한 리드에서 2차전 패배를 씻도록 한다.","탬파 타선이 1회 4점, 이후 매 이닝 점수를 보태고 윤주혁은 2홈런을 친다. 쉴즈는 7이닝 2실점으로 버틴다.","호세 몰리나의 홈런 뒤에도 디트로이트가 알렉스 아빌라 솔로포와 프린스 필더 희생플라이로 추격하지만 모든 투수가 실점한다.","윤주혁의 5회 선두 홈런으로 디트로이트의 마지막 추격 의지가 꺾이고, 탬파가 7회 다시 4득점한다.","14-2 승리와 2년 연속 월드시리즈 진출. 윤주혁은 3경기 투수 9이닝 1피안타 완봉, 타자 13타수 9안타·4홈런·10타점으로 ALCS MVP를 받는다.","신체·가용성·경기·기록·지위·명예","탬파는 아메리칸리그 챔피언, 윤주혁은 부상 복귀자에서 시리즈 최우수선수로 상승한다. 아버지 윤상현의 다리 골절 회복 소식도 받는다.","탬파의 프라이스와 샌프란시스코의 맷 케인을 포함한 월드시리즈 1차전 선발 명단이 맞붙은 채 장면이 닫힌다.","홈 2연패 뒤 ALCS 역전, 쉴즈의 재도전, 윤주혁 복귀와 MVP가 모두 4승2패로 결산된다.","프라이스-맷 케인의 1차전과 탬파의 2년 연속 우승 도전이 열린다.","RA-040","high"
"235","235화","리턴 에이스 235화","45276","45484","조 매든과 앤드류 프리드먼이 윤주혁을 두 홈 경기 모두 타석에 쓰려고 1차전 선발을 프라이스로 정한다.","프라이스와 맷 케인의 투수전 한가운데서 윤주혁이 출루하고 필립 모리스가 장타로 홈 이점을 현실화한다.","윤주혁은 3번 지명타자로 맷 케인의 변화구를 깨고 프라이스에게 먼저 리드를 안긴다.","4회 제프 케핑거가 몸에 맞는 공으로 나간 뒤, 바운드된 커브를 유격수 키 너머로 보내 안타를 만든다.","프라이스와 케인이 초반을 무실점으로 지우고, 케인의 커브는 땅에 박힐 만큼 낮아 정상적인 스윙으로 치기 어렵다.","윤주혁이 악구를 안타로 바꿔 1사 1·2루를 만들자 모리스가 실투를 놓치지 않고 3점 홈런을 친다.","탬파가 3-0 선취점을 얻고 윤주혁-모리스 중심 타선의 단기 보상 구조가 다시 작동한다.","목표·상황","팽팽한 0-0이 탬파의 3점 리드로 바뀌고, 샌프란시스코는 케인의 호투만으로 버틸 수 없게 된다.","엉성해 보인 모리스의 스윙이 좌측 담장을 넘어 전광판을 3대0으로 바꾼다.","윤주혁의 타격을 살리려고 프라이스를 먼저 낸 선택은 1차전 첫 득점으로 보상된다.","프라이스가 세 점을 끝까지 지켜 1차전을 가져갈지가 남는다.","RA-041","high"
"236","236화","리턴 에이스 236화","45485","45725","세 점을 받은 프라이스가 자신감을 높여 샌프란시스코의 출루형 타선을 빠른 공으로 묶는다.","선발-불펜이 3점을 지킨 뒤, 윤주혁이 2차전 첫 타자 앙헬 파간부터 압도하며 연승을 이어간다.","탬파는 1차전을 무실점으로 닫고, 윤주혁은 다음 경기의 에이스로 홈 2연승 기반을 만든다.","프라이스가 7회까지 실점하지 않고 웨이드 데이비스가 8회 파간의 3루타 뒤 후속타를 막는다. 2차전에서는 윤주혁이 97마일 포심 뒤 99마일 투심으로 파간을 삼진 처리한다.","8회 파간의 3루타가 한 번의 적시타면 추격이 시작될 위기를 만들고, 2차전부터는 매디슨 범가너의 좌완 피칭도 넘어야 한다.","데이비스가 득점권 위기를 무실점으로 지운 뒤 마무리까지 버텨 1차전 3-0 승리를 확정한다.","탬파가 월드시리즈 첫 승과 두 경기 연속 무실점 출발의 기세를 얻는다.","팀·보직·커리어·경기·기록","시리즈가 탬파 1승 우세로 이동하고, 윤주혁은 지명타자에서 2차전 선발투수로 역할을 전환한다.","앙헬 파간이 두 속구의 다른 움직임에 헛돌고 루킹 삼진까지 당한 뒤 99마일 전광판을 보며 새 공포를 느낀다.","1차전 세 점 리드는 선발·불펜의 무실점으로 3대0 승리가 된다.","윤주혁의 속구 조합이 샌프란시스코 타선 전체에 통할지와 범가너 상대 득점이 남는다.","RA-041","high"
"237","237화","리턴 에이스 237화","45726","45910","샌프란시스코 첫 세 타자가 연속 삼진을 당해 누구도 1루를 밟지 못한다.","윤주혁이 자기 방망이로 선취점을 내고 마운드에서는 범가너보다 더 많은 삼진을 쌓는 양방향 지배를 보여준다.","윤주혁은 최소 득점만으로도 샌프란시스코를 봉쇄해 시리즈 2승을 선점하려 한다.","1회 범가너에게 솔로 홈런을 치고, 8회까지 109구를 던지며 위기에서는 삼진 일변도 대신 맞혀 잡는 방식으로 투구수를 아낀다.","범가너도 7회까지 10탈삼진으로 탬파 타선을 막고, 윤주혁은 8회까지 15탈삼진을 잡는 동안 100구를 넘긴다.","8회 탬파가 모리스의 2루타로 1사 2·3루를 만들지만 롱고리아가 뜬공으로 물러나 조브리스트에게 추가점 책임이 넘어간다.","윤주혁은 홈런 한 점을 직접 만들고 8이닝 무실점·15탈삼진으로 승리 문턱까지 간다.","경기·기록","투수전의 균형이 윤주혁의 투타 단독 우세로 기울지만 점수는 여전히 1-0이라 한 타구가 승패를 가를 상태다.","롱고리아가 포수 뜬공으로 물러난 뒤 2사 2·3루에서 조브리스트가 0-2에 몰리고 카시야가 유인구를 준비한다.","윤주혁의 2차전 투타 겸업이 통할지는 홈런과 8이닝 무실점으로 입증된다.","조브리스트의 추가점과 윤주혁의 9회 완봉이 남는다.","RA-041","high"
"238","238화","리턴 에이스 238화","45911","46039","카시야가 2루·3루 주자를 확인하고 0-2에서 조브리스트에게 슬라이드 스텝으로 세 번째 공을 던진다.","행운까지 붙은 추가점과 윤주혁의 완봉으로 홈 2연승을 만든 뒤, 원정 3차전에서도 그의 타격이 연승을 확장한다.","윤주혁은 2차전을 직접 닫고, AT&T 파크에서는 1루수로 타선을 이끌어 시리즈를 조기에 장악한다.","조브리스트의 타구가 브랜던 벨트 쪽에서 굴절되는 사이 홈을 밟아 2-0을 만들고 9회를 무실점으로 끝낸다. 3차전에서는 5회 2타점 2루타로 0-3 추격을 시작한다.","범가너와 자이언츠 수비가 2차전 타선을 억제하고, 3차전 제임스 쉴즈는 초반 3점을 내준다.","윤주혁의 2타점 뒤 탬파 타선이 6회 네 점을 몰아치며 3차전을 6-3으로 뒤집는다.","2차전 2-0 완봉승과 3차전 6-3 승리, 시리즈 3승 무패. 윤주혁은 3차전 4타수 2안타·3타점·1볼넷을 기록한다.","팀·보직·커리어·경기·기록·지위·명예","탬파는 우승까지 한 승만 남기고, 윤주혁은 선발승과 중심타자 역전 기여를 모두 보유한 MVP 선두가 된다.","우승까지 한 승 남은 탬파가 4차전 선발 맷 무어와 상대 베테랑 배리 지토의 현재 구위를 저울질한다.","2차전 한 점 리드와 3차전 초반 열세는 각각 2대0·6대3 승리로 닫힌다.","맷 무어가 지토와의 좌완전에서 스윕을 완성할지와 윤주혁의 마지막 경기 몸 상태가 남는다.","RA-041","high"
"239","239화","리턴 에이스 239화","46040","46249","베테랑 지토의 포스트시즌 호투를 의식한 탬파가 불펜의 맷 무어 상태를 세밀하게 확인한다.","0-2로 밀린 경기를 윤주혁이 장타로 한 점 차까지 좁히고, 불펜 승부에서 마지막 역전을 준비한다.","윤주혁은 지토의 큰 커브를 공략해 무어가 버티는 동안 추격점을 만들고 스윕 기회를 살린다.","버스터 포지의 홈런과 헌터 펜스의 2루타·벨트의 적시타로 0-2가 된 뒤, 6회 B.J. 업튼의 볼넷과 도루를 1타점 2루타로 불러들인다.","지토의 12-6 커브가 탬파 타선을 묶고, 윤주혁은 2루 슬라이딩 과정에서 오른발목에 가벼운 통증을 얻는다.","윤주혁이 교체 없이 계속 뛰고 무어가 6회까지 2-1을 지킨 뒤 제이크 맥기와 불펜이 추가 실점을 막는다.","탬파는 1점 차로 8회까지 따라붙어 세르히오 로모를 불러낼 마지막 한 이닝을 얻는다.","신체·가용성","편안한 스윕 예상이 부상 위험을 안은 1점 차 추격전으로 바뀐다.","맥기가 7회를 지운 뒤 8회에는 지토 대신 산티아고 카시야가 올라와 탬파의 역전 기회가 두 이닝으로 줄어든다.","0대2에서도 탬파가 추격할 수 있는지는 윤주혁의 1타점 2루타로 답한다.","오른발목 통증, 카시야·로모 공략, 4차전 우승 확정 여부가 남는다.","RA-041","high"
"240","240화","리턴 에이스 240화","46250","46448","8회 카시야를 상대로 탬파 첫 타자가 땅볼 아웃돼 역전 기회가 더 줄어든다.","상대가 윤주혁을 피한 대가를 모리스가 우승 결승포로 받아내며 팀 관계의 장기 투자를 최고 무대에서 결산한다.","윤주혁과 모리스는 마지막 아웃 전에 동점 또는 역전을 만들어 4차전에서 시리즈를 끝낸다.","윤주혁은 승부를 얻지 못한 채 1루로 가고, 모리스는 끝까지 공을 골라 풀카운트를 만든 뒤 외야 담장을 넘기는 3점 홈런을 친다.","로모의 정교한 슬라이더, 2사 상황, 한 점 열세가 겹치고 윤주혁은 직접 해결할 기회를 박탈당한다.","모리스의 타구가 외야수의 추격과 글러브를 넘어가며 1-2가 4-2로 뒤집힌다.","탬파가 4차전 4-2 승리로 월드시리즈 스윕과 2년 연속 우승을 확정한다.","경기·기록·지위·명예","윤주혁 개인 의존으로 보이던 승리 공식이 모리스의 결승포로 팀 공동 결산으로 바뀐다.","블랑코의 마지막 추격이 닿지 않은 타구 뒤 탬파 선수들이 ""We are the Winner""를 외치며 2012 월드시리즈 우승팀이 확정된다.","4차전 역전, 샌프란시스코 스윕, 2년 연속 월드시리즈 우승이 모두 끝난다.","공식 MVP와 우승 기여도, 시즌 뒤 검진·휴가가 다음 결산으로 남는다.","RA-041","high"
"241","241화","리턴 에이스 241화","46449","46659","2년 연속 커미셔너 트로피를 든 현실을 탬파 선수들이 꿈처럼 받아들이고, 윤주혁은 첫 회귀 때를 떠올린다.","윤주혁의 투타 기록과 모리스의 결승 홈런이 각각 개인 명예와 관계 보상으로 돌아오고, 긴 시즌이 공식 행사까지 닫힌다.","윤주혁은 동료의 공을 인정하면서도 2년 연속 우승과 MVP라는 역사적 결과를 받아들인다.","모리스에게 자신에게는 그가 MVP라고 말하고, 우승 상금과 휴가 계획을 나누며 백악관 초청 행사까지 소화한다.","모리스가 타율 0.400·2홈런·9타점과 우승 결승포를 기록해 MVP 경쟁이 생기고, 긴 시즌 뒤 검진과 휴식 조율이 필요하다.","투수로 16탈삼진 완봉, 타자로 타율 0.538·1홈런·5타점·7볼넷을 기록한 윤주혁이 공식 MVP로 선정된다.","탬파의 2년 연속 우승, 윤주혁의 역사상 첫 2년 연속 월드시리즈 MVP, 선수당 약 35만 달러 우승 배당금이 지급된다.","경기·기록·지위·명예","윤주혁은 우승을 만드는 신인 스타에서 반복 가능한 왕조의 핵심이 되고, 모리스는 레이첼에게 청혼할 집과 반지를 준비하는 단계로 간다.","임신한 여자친구의 입덧 때문에 울상인 롱고리아에게 호세 몰리나가 웃으며 한마디 하려 한다.","월드시리즈 MVP, 우승 배당, 공식 행사 일정이 모두 지급되고 끝난다.","휴가 전 받기로 한 윤주혁의 검진, 무릎 상태, WBC와 다음 시즌 준비가 남는다.","RA-042","medium"
"242","242화","리턴 에이스 242화","46660","46831","호세 몰리나가 임신한 여자친구의 입덧을 걱정하는 에반 롱고리아에게 농담을 건넨 뒤, 검사 이야기를 윤주혁에게 돌린다.","과거처럼 통증을 참지 않고 조기 수술을 택한 자기 관리가 수상 기록과 다음 시즌 복귀로 보상된다.","윤주혁은 위험 요소를 미리 제거하고 2013년 개막전까지 완전한 몸을 되찾는다.","WBC보다 몸을 우선하겠다고 모리스에게 말하고 왼쪽 무릎 관절 수술을 받은 뒤 재활에 들어간다.","WBC 출전이 불투명해지고 휴가를 병원과 트레이너에게 써야 하며, 재활을 소홀히 하면 재수술 가능성도 있다.","수술이 성공해 개막전 출전에는 이상이 없다는 진단과 함께 실버슬러거·사이영상·MVP 발표가 연달아 나온다.","2년 연속 지명타자 실버슬러거, 아시아 투수 최초이자 만장일치 사이영상, 405점으로 미겔 카브레라를 누른 2년 연속 AL MVP를 얻는다.","신체·가용성·경기·기록·지위·명예","우승 직후의 부상 우려가 성공적 조기 치료로 관리되고, 윤주혁은 25승·386탈삼진·ERA 1.70의 시즌을 공식 역사로 고정한다.","트로피들을 품은 윤주혁은 압도적 성적 때문에 결과를 예상했어도 공식 사이영상 발표 전에는 한 번도 미리 기뻐하지 않았음을 되짚는다.","포스트시즌부터 거슬리던 왼쪽 무릎은 관절 수술과 개막전 복귀 가능 진단으로, 2012년 개인상 경쟁은 실버슬러거·사이영상·MVP 수상으로 끝난다.","사이영상 확정 순간의 윤주혁 반응, 재활 진척, WBC 출전 여부가 남는다.","RA-042","medium"
"243","243화","리턴 에이스 243화","46832","47038","공식 사이영상 수상자가 자신으로 확정되자 윤주혁은 의사들 앞에서 꿈에도 사치였던 상을 얻은 기쁨에 눈물을 흘린다.","국가대표 출전 포기를 장기 커리어 보호로 바꾸고, 훈련 참여를 통해 대표팀에는 다른 방식으로 기여한다.","윤주혁은 개막전에 맞춰 몸을 만들면서 WBC 대표팀에 메이저리거 정보와 훈련 자극을 제공한다.","심상균과 통화해 대회 출전은 접되 대표팀 훈련에는 참가하기로 하고, 2013년 초 재활센터 일정을 조기 종료해 귀국한다.","의사는 시범경기 무렵 완전 회복을 예상하지만 WBC 일정은 무리라고 권고하고, 주혁은 태극마크 실전 기회를 포기해야 한다.","심상균이 “오래 뛰어 메이저리그의 역사가 되라”고 출전 욕심을 막는 대신 훈련 동행을 청한다.","약 한 달 빠른 재활 종료, 한국 귀국, 공항의 대규모 환대와 부모 윤상현·임혜정 및 반려견 허들과의 재회가 주어진다.","능력·기량·관계","윤주혁의 국가대표 역할이 출전 선수에서 정보 제공자·훈련 기준점으로 바뀌고, 생활 무대도 미국 재활센터에서 한국 가정으로 이동한다.","라온 빌딩의 김창섭이 광고 계약금이 더 올랐다고 말한 뒤, 윤주혁에게 아직 보지 못한 뉴스가 있느냐고 묻는다.","무릎 재활은 예상보다 한 달 빨리 끝나고 WBC 출전 여부는 불참, 대표팀 훈련 동행으로 정리된다.","김창섭이 꺼낸 뉴스, 광고 계약 선별, 귀국 뒤 윤주혁이 명성과 수입을 어디에 쓸지가 열린다.","RA-042","medium"
"244","244화","리턴 에이스 244화","47039","47265","김창섭이 윤주혁이 상품 이미지·인성·모델 가치에서 연예인들까지 제치고 CF 몸값 1위가 됐다고 알린다.","야구로 얻은 명성과 돈이 단순 소비가 아니라 학생 강연, 보육원 봉사, 복지재단 구상으로 환원된다.","윤주혁은 상업 일정을 필요한 만큼만 받고 자신의 경험과 수입을 공익적 활동에 연결한다.","일반 예능은 거절하되 학생 대상 꿈·희망 강연은 수락하고, 부모와 익명 기부 및 부모가 맡을 복지재단 설립을 상의한다.","광고·화보·인터뷰가 휴가를 채우고, 재단은 초심을 잃거나 유명세를 이용한다는 오해를 살 위험이 있다.","“살아온 인생이 준비”라며 강연을 즉시 수락하고 윤상현·임혜정도 재단 운영을 맡는 데 동의한다.","CF 가치 1위의 시장 보상과 가족이 함께 관리할 장기 사회 환원 경로가 동시에 생긴다.","목표·상황","윤주혁의 지위가 뛰어난 선수·광고 모델을 넘어 경험과 부를 배분하는 공인으로 확장된다.","방송국 세트 준비가 끝났다는 외침이 나오자 강윤석 PD가 윤주혁의 강연을 시작하려 입을 연다.","귀국 뒤 쏟아진 광고·방송 제안은 선별 광고와 학생 강연으로, 익명 기부의 확장안은 부모가 운영할 복지재단으로 결정된다.","윤주혁의 첫 공개 강연이 학생들에게 통할지, 태종보육원 봉사와 재단 설립이 실제로 이어질지가 남는다.","RA-043","high"
"245","245화","리턴 에이스 245화","47266","47524","리허설을 시작한 윤주혁이 강윤석 PD에게 마이크를 받고 학생들이 기다리는 무대로 올라간다.","야구에서 쌓은 경험이 편집 없는 2회분 방송으로 인정받고, 공식 일정 뒤에는 사생활 루머라는 새 압력이 들어온다.","윤주혁은 학생들에게 실질적 자신감을 전하고 남은 비시즌을 봉사와 대표팀 훈련에 쓴다.","강연을 성공적으로 마쳐 뒤풀이 초대를 받고, 지인들과 만난 뒤 아버지에게 WBC 불참과 훈련 참여 결정을 설명한다.","야구와 봉사만 우선해 연애를 멀리한 생활이 여자 연예인들의 헛소문을 거쳐 ‘게이설’ 기사로 왜곡된다.","김창섭에게 최초 보도자를 명예훼손으로 고소하고 소문의 진원을 조사해 달라고 지시한다.","강연이 최고 평가를 받아 무편집 2회분으로 편성되고, 가족과의 대화에서도 장기 커리어 우선 선택을 지지받는다.","지위·명예","윤주혁의 공적 이미지는 꿈의 멘토로 넓어지는 동시에 사생활을 소비하는 언론의 공격 대상도 된다.","여자 연예인들 사이의 헛소문과 최초 보도 기자를 조사하게 한 윤주혁의 휴대전화에 강윤석 PD의 전화가 걸려 온다.","꿈과 노력에 관한 강연은 학생 박수와 무편집 2회 편성으로 성공하고, WBC 불참 결정도 아버지의 지지를 받는다.","강윤석의 전화 용건, 강연 뒤풀이, 게이설 최초 유포자와 고소 후속이 남는다.","RA-043","high"
"246","246화","리턴 에이스 246화","47525","47747","윤주혁은 강윤석의 전화가 루머 때문인지 의심하지만, 실제 용건은 그날 강연 출연진이 모이는 뒤풀이 초대다.","경기 밖에서 처음 마주한 한유라가 윤주혁의 실패와 재도전 이야기를 자기 선수 생활의 돌파구로 받아들이며 관계선이 열린다.","윤주혁은 최동국·양한석·임태진 등 선배들과 편하게 어울리고, 큰 무대에서 기량을 다 보이지 못한다는 한유라의 고민에 실질적으로 답한다.","발코니로 나온 한유라에게 첫 생에서 마이너리그의 고생과 큰 무대의 압박을 견딘 경험을 들려주고, 지금 눈앞의 한 사람에게 이야기하듯 경기하라고 조언한다.","한유라는 올림픽 메달 압박 때문에 마음을 닫았고 접근하는 남자들의 계산된 태도에 지쳐 있으며, 주혁도 사생활 루머 직후라 관계에 조심스럽다.","방송 강연을 몰래 들었던 한유라가 일부러 뒤풀이에 와 윤주혁과 단둘이 대화할 기회를 만든 사실이 드러난다.","한유라는 냉정한 메달리스트의 외피 아래 있던 불안을 이해받고, 윤주혁은 자신의 과거가 한 선수에게 즉시 힘이 되는 경험을 얻는다.","경기·기록·관계","두 사람은 방송에서 스친 유명인 관계를 넘어 서로의 선수 생활과 실패를 공유한 개인적 관계로 이동한다.","귀가하려던 한유라는 강윤석 PD의 다음 강연자 명단에 적힌 ‘윤주혁’을 떠올리고 그에게 다시 돌아갔던 순간을 회상한다.","강윤석의 전화 용건은 뒤풀이였고, 한유라가 큰 무대에서 기량을 다 못 낸다는 고민에는 윤주혁의 경험 기반 조언이 돌아간다.","한유라가 윤주혁의 이름 때문에 뒤풀이 참석을 바꾼 이유와 두 사람의 다음 만남이 남는다.","RA-044","high"
"247","247화","리턴 에이스 247화","47748","47952","한유라는 태종보육원에서 서툴지만 진심으로 아이들을 대했던 윤주혁을 떠올리고, 그의 강연을 듣고 싶어 뒤풀이에 나온 이유를 인정한다.","우연히 성사된 의류 광고 동반 촬영이 두 사람의 호감을 태종보육원 공동 방문이라는 실제 약속으로 바꾼다.","한유라는 윤주혁이 유명세용 이미지가 아니라 믿을 만한 사람인지 확인하고, 윤주혁은 보육원 아이 정훈과의 약속을 지킨다.","광고 촬영 중 정훈 이야기를 꺼내 함께 태종보육원에 가자고 합의하고, 현장에서 아이들과 격의 없이 놀며 봉사한다.","한유라는 먼저 다가가는 데 익숙하지 않고 윤주혁은 연애 신호에 둔감해, 촬영이라는 공적 자리에서 사적인 관심을 드러내기 어렵다.","보육원에서 아이들을 대하는 윤주혁의 꾸밈없는 태도를 본 한유라의 관심이 호감에서 신뢰로 깊어진다.","두 사람은 광고라는 일회성 접점을 공동 봉사와 반복 가능한 만남으로 확장하고, 정훈을 비롯한 아이들도 약속의 방문을 받는다.","관계","한유라는 윤주혁을 동경하는 후배 선수에서 그의 생활 반경 안으로 들어온 동행자로 바뀐다.","아이들을 진심으로 바라보는 윤주혁을 본 한유라의 가슴이 순간 두근거리고, 고개를 돌린 그녀에게 누군가 했던 말이 떠오른다.","한유라가 뒤풀이에 일부러 온 까닭은 윤주혁의 강연과 사람됨을 더 알고 싶어서였고, 두 사람의 재회 희망은 광고 촬영과 보육원 동행으로 실현된다.","한유라가 떠올린 말의 뜻, 보육원에서 생긴 설렘을 받아들일지, 윤주혁도 그녀의 변화를 알아챌지가 남는다.","RA-044","high"
"248","248화","리턴 에이스 248화","47953","48208","한유라는 관심이 설렘과 사랑으로 변한다는 말을 떠올리면서도 지금은 올림픽 금메달이 우선이라며 마음을 다잡는다.","한유라와의 손잡기·번호 교환을 사적 연락망으로 닫고, 마지막에는 프리드먼의 우승 로스터 판단으로 압력을 전환한다.","윤주혁과 한유라는 시즌 전에도 연락을 이어갈 연결을 만들고, 프리드먼은 연봉조정·FA 대상의 우선순위를 정하려 한다.","아이들의 장난으로 손을 잡은 뒤 전화번호를 교환하고 다음 보육원 방문을 약속한다. 휴가 동안 실제 연락을 이어가며, 말미에는 프리드먼이 우승 핵심 선수 명단을 검토한다.","두 선수는 훈련과 시즌 때문에 곧 떨어져야 하고, 탬파는 윤주혁·프라이스·모리스·웨이드 데이비스의 연봉조정과 여러 FA를 동시에 감당해야 한다.","관계 장면은 번호 교환과 연락으로 결산되고, 시점이 어느 선수를 붙잡을지 결정하지 못한 프리드먼에게 넘어간다.","윤주혁과 한유라는 연락처와 다음 만남 약속을 얻지만, 1,500만 달러 요구나 워싱턴 4대1 제안은 아직 나오지 않는다.","팀·보직·커리어·지위·명예·관계","두 사람은 보육원에서 이어질 사적 연락 관계가 되고, 탬파 로스터는 결정을 앞둔 미정 상태로 남는다.","프리드먼은 윤주혁·프라이스·모리스·웨이드 데이비스의 연봉조정과 로드니·B.J. 업튼·케핑거의 FA를 한꺼번에 판단해야 하는 비시즌을 맞고, 어느 선수를 붙잡을지 쉽게 결론 내리지 못한다.","보육원에서 싹튼 호감은 손잡기와 번호 교환, 다음 방문 약속으로 실제 연락 관계에 닿는다.","탬파가 우승 핵심 선수들의 몸값을 감당해 어떤 로스터를 만들지와 윤주혁·한유라가 시즌 전 관계를 더 진전시킬지가 열린다.","RA-044","high"
"249","249화","리턴 에이스 249화","48209","48352","탬파 선수들이 흔히 헐값 장기계약을 택하지 않는 가운데 에반 롱고리아가 6년 1억 달러 연장계약을 맺는다.","연봉조정의 1,500만 대 1,000만 달러 가격표와 워싱턴의 네 선수 제안이 윤주혁의 시장가치를 동시에 시험한다.","윤주혁 측은 2년 연속 우승·MVP에 맞는 1,500만 달러를 주장하고, 프리드먼은 전력과 비용 사이에서 거래 여부를 판단한다.","스캇 조나스는 1,500만 달러, 탬파는 1,000만 달러 근거를 제출한다. 마이크 리조는 스트라스버그·렌던·브래들리·도밍게스를 묶어 윤주혁을 요구한다.","탬파는 프라이스 등 다른 선수의 연봉과 로스터 해체도 감당해야 하고, 리조의 4대1 제안은 워싱턴에도 큰 도박이다.","프리드먼은 제안에 마음이 기울면서도 리조가 왜 이런 대가를 내는지 의심해 즉답하지 않고, 비서의 노크를 받는다.","윤주혁의 요구액과 네 명짜리 교환가치는 확인되지만 조정 결과와 트레이드 성립은 아직 지급되지 않는다.","팀·보직·커리어·경기·기록·지위·명예","윤주혁은 저비용 우승 핵심에서 연봉조정·초대형 트레이드의 대상이 되었으나 소속과 연봉은 미정이다.","탬파의 정책에 꼭 맞는 4대1 제안을 받은 프리드먼은 윤주혁을 보낼 생각에 마음이 기울면서도 리조의 큰 도박을 의심해 답을 미룬다.","탬파가 기존 우승 전력을 그대로 보존할 가능성은 B.J. 업튼의 이탈과 쉴즈·웨이드 데이비스 트레이드로 닫힌다.","연봉조정위원회의 1,500만 달러와 1,000만 달러 중 선택, 프리드먼의 4대1 제안 수락 여부, 윤주혁의 소속이 남는다.","RA-045","high"
"250","250화","리턴 에이스 250화","48353","48508","프리드먼은 비서가 건넨 연봉조정 결과 서류를 확인하고 표정을 굳힌다.","한 명의 우승 청부사를 위해 네 명을 내준 워싱턴이 월드시리즈 우승이라는 분명한 장기 보상을 요구한다.","윤주혁은 탬파에서 받은 성장과 우승을 존중하면서도 새 팀 팬들에게 최고의 성적으로 거래 가치를 증명한다.","스트라스버그·렌던·브래들리·도밍게스와 맞바뀌어 워싱턴 선수가 되고, 한국 기자회견에서 탬파에 감사를 표한 뒤 워싱턴을 정상으로 이끌겠다고 말한다.","탬파 팬들은 왕조 핵심을 내준 구단을 비판하고, 워싱턴 팬들도 네 명을 희생한 거래가 과도한지 불안해한다.","윤주혁이 “가장 높은 곳”을 약속하면서 거래의 평가 기준이 개인 기록이 아니라 워싱턴의 첫 우승으로 고정된다.","윤주혁은 더 큰 시장과 우승 의지가 강한 전력에 합류하고, 워싱턴은 검증된 투타 에이스를 얻는다.","팀·보직·커리어·경기·기록·지위·명예","윤주혁의 소속은 탬파베이 레이스에서 워싱턴 내셔널스로, 역할은 왕조 수성자에서 창단 첫 우승 해결사로 바뀐다.","찬반으로 갈린 워싱턴 팬들도 윤주혁에게 커미셔너 트로피 하나만은 약속해 달라고 요구하고, 리조의 도박은 창단 첫 월드시리즈 우승으로만 판정받게 된다.","윤주혁의 연봉조정은 구단 측 1,000만 달러로, 프리드먼이 고민하던 워싱턴 제안은 공식 4대1 트레이드로 결론 난다.","윤주혁이 새 리그와 수비 포지션에 적응해 우승 요구를 감당할지, 탬파 팬과 옛 동료들에게 어떻게 작별할지가 남는다.","RA-045","high"
"251","251화","리턴 에이스 251화","48509","48718","트레이드 기자회견에 선 윤주혁이 탬파에 대한 감사와 워싱턴을 가장 높은 곳으로 이끌겠다는 각오를 밝힌다.","WBC 실전 포기의 아쉬움을 동료들의 준비를 돕는 보상으로 바꾸고, 회복 중인 구속도 개막에 맞춰 끌어올린다.","대표팀 타자와 투수들에게 빅리거 상대법을 전하고 자신의 몸은 무리 없이 100마일 수준으로 되돌린다.","상대 선수별 습관과 공략법을 공유하고 불펜 피칭을 하며, 훈련 뒤 미국으로 건너가 트로피카나 필드와 케빈 마이클스에게 작별한다.","현 구속은 95마일 정도로 완전 회복 전이며, 자신이 우승시킨 홈구장과 오랜 직원·동료를 떠나야 한다.","대표팀 조력 임무를 마친 뒤 탬파 클럽하우스에서 마지막 인사를 시작하면서 이적이 감정적으로도 현실이 된다.","대표팀은 현역 최고 선수의 실전 정보를 얻고, 윤주혁은 계획보다 빠른 회복과 탬파 인연의 존중을 확인한다.","신체·가용성·팀·보직·커리어","윤주혁은 국가대표 조력자 역할을 닫고 새 구단 합류를 앞둔 전직 탬파 에이스가 된다.","이틀 뒤 워싱턴으로 갈 비행기를 부탁한 윤주혁에게 스티븐 킴은 새 구단이 언제든 탈 수 있는 표를 이미 끊어 두었다고 알려 준다.","WBC 대표팀 훈련 참여 약속은 오키나와 정보 공유로, 탬파의 구단 직원들과 프리드먼에 대한 작별은 직접 인사로 이행된다.","필립 모리스 등 선수들과의 마지막 만남, 워싱턴 도착 뒤 생활·수비 포지션·새 배터리 구성이 남는다.","RA-045","high"
"252","252화","리턴 에이스 252화","48719","48933","플로리다를 떠나기 전날 밤, 윤주혁은 술을 멀리하는 필립 모리스와 식사하며 마지막 동료 작별을 나눈다.","탬파에서 맺은 팀 관계를 경쟁 관계로 보존하고, 워싱턴은 윤주혁이 투타 겸업을 지속할 수 있도록 생활과 포지션을 지원한다.","윤주혁은 감정적인 작별을 끝내고 마이크 리조에게 내야 수비까지 맡겠다는 의사를 분명히 한다.","약혼한 모리스와 재회를 약속한 뒤 워싱턴으로 이동하고, 1루와 3루 중 필요한 곳을 맡겠다고 답한다.","지명타자 제도가 없는 내셔널리그에서는 투수 외 날에도 수비 부담을 져야 하고, 새 도시와 팀에 다시 적응해야 한다.","리조가 라이언 짐머맨의 부담까지 고려해 1루·3루 훈련을 요청하고 윤주혁이 즉시 받아들인다.","구단 제공 주택·의료진·한국인 요리사·가족 티켓 등 최상급 지원과 수비 선택권을 얻는다.","능력·기량","윤주혁은 지명타자 중심 투타 겸업에서 내야 수비까지 수행하는 완전한 양방향 선수로 역할이 확장된다.","집·의료진·한국인 요리사·퍼스트클래스 표까지 받은 윤주혁에게 워싱턴은 연장계약만은 꺼내지 않지만, 그는 FA 전 성적으로 최고액을 만들면 된다며 조급해하지 않는다.","탬파 선수들과의 작별은 모리스와 정상에서 다시 만나자는 약속으로, 워싱턴의 투타 겸업 요구는 1루·3루 어디든 맡겠다는 합의로 정리된다.","공식 입단식과 등번호, 실제 주 수비 포지션, 새 동료들과의 호흡, 장기계약 가치 증명이 남는다.","RA-045","high"
"253","253화","리턴 에이스 253화","48934","49111","윤주혁은 워싱턴이 제공한 집을 둘러본 뒤 가족과 한유라에게 안부를 전하고 공식 입단식을 준비한다.","워싱턴 82번 입단과 새 동료 첫 인사를 마친 뒤, 구단이 예정한 1루에 더해 윤주혁이 3루 훈련을 요청한다.","윤주혁은 대형 트레이드 기대에 답할 투타·수비 역할을 정하고 새 선수단에 인사한다.","제공 주택에서 가족·한유라에게 안부를 전하고 입단식에서 82번을 받은 뒤, 라모스·짐머맨·데스몬드·하퍼와 처음 인사한다. 데이비 존슨에게 3루 훈련도 하고 싶다고 말한다.","전문 내야 경험이 짧고 투수 훈련도 병행해야 하며, 워싱턴에는 6년 1억 달러의 주전 3루수 라이언 짐머맨이 있다.","존슨이 1루 훈련 보강 계획을 설명하자 윤주혁이 3루도 원한다고 요청하고, 감독은 뜻밖의 말에 '3루?'라고 되묻는다.","공식 입단, 등번호 82번, 새 동료들과 첫 인사는 얻지만 1·3루 병행 합의와 수비 훈련 성과는 아직 없다.","능력·기량·팀·보직·커리어·지위·명예","윤주혁은 워싱턴 신입 선수로 합류하고 예정된 1루 역할에 3루 희망을 제시했을 뿐, 실제 포지션은 확정 전이다.","데이비 존슨이 1루 훈련을 보강하겠다고 하자 윤주혁은 3루 수비도 하고 싶다고 요청하고, 감독은 뜻밖의 제안에 되묻는다.","워싱턴 공식 입단과 82번 배정, 새 선수들과의 첫 인사는 완료된다.","윤주혁이 왜 체력 부담이 더 큰 3루를 원하는지, 존슨이 허락할지, 두 포지션 중 실제 자리가 어디일지가 남는다.","RA-046","high"
"254","254화","리턴 에이스 254화","49112","49315","윤주혁은 라이언 짐머맨이 있는 데도 3루를 원한 이유가 그 자리가 자신의 적성에 가장 맞기 때문이라고 생각한다.","3루 요청의 이유를 설명해 1루 우선·3루 병행 훈련 합의를 얻고, 첫 시범경기에서 1회 초 수비까지 확인한다.","윤주혁은 팀 사정상 1루를 우선하면서 3루 적성도 살리고 세인트루이스전 첫 수비를 안정적으로 끝낸다.","루크 다니엘스와 1루·3루 훈련 비중을 조정하고 빠르게 기본 동작을 익힌다. 시범경기에는 4번 1루수로 나서 데스몬드의 송구를 받아 1회 초를 끝낸다.","짐머맨의 기존 3루 자리와 햄스트링 위험, 투타 병행의 체력 부담 때문에 3루 훈련을 집중하기 어렵다.","1루 기본에 3루를 병행하는 절충이 정해지고, 첫 수비는 안정적으로 끝나지만 1회 말 윤주혁 타순 전 랜스 린이 스판을 잡고 워스를 상대한다.","1·3루 병행 허가, 빠른 훈련 적응과 첫 시범경기 수비 완료만 지급된다. 첫 타석 홈런은 아직 나오지 않는다.","팀·보직·커리어","윤주혁은 두 내야 포지션 훈련생에서 첫 경기 1루수로 이동했지만 공격 성과와 주 포지션 확정은 열린 채다.","벨트란의 솔로포 뒤 이안 데스몬드의 송구를 윤주혁이 안정적으로 받아 첫 수비를 끝내고, 랜스 린은 1회 말 스판을 잡은 뒤 제이슨 워스를 상대한다.","3루 훈련 요청은 1루를 기본으로 하되 두 포지션을 병행하는 계획으로 받아들여진다.","네 번째 타순인 윤주혁의 워싱턴 첫 타석, 랜스 린 공략, 연습에서 보인 수비가 실전에 이어질지가 남는다.","RA-046","high"
"255","255화","리턴 에이스 255화","49316","49548","랜스 린이 제이슨 워스에게 초구 스트라이크를 던지며 윤주혁 앞 워싱턴 상위 타선을 계속 막는다.","워싱턴 첫 타석 홈런과 3안타 2홈런 4타점이 새 팀 공격 적응을 증명하고, 짐머맨 수술이 3루 보직을 현실로 만든다.","윤주혁은 첫 시범경기에서 타격 가치를 보여주고, 코치진은 짐머맨의 네 달 공백을 메울 내야 배치를 찾는다.","랜스 린을 상대로 첫 타석 홈런을 치고 데뷔전을 3안타 2홈런 4타점으로 마친다. 구원 등판과 타격 점검을 이어가며, 회의에서 윤주혁 3루·호세 페레즈 1루 배치가 논의된다.","워싱턴은 시범경기 5연패 중이고, 짐머맨이 수술로 약 4개월 이탈해 3루와 1루 계획을 다시 짜야 한다. 윤주혁의 투구 구속도 아직 회복 중이다.","첫 타석 장타가 새 유니폼에서도 이어지고, 짐머맨 장기 이탈 뒤 코치진은 수비 리포트를 근거로 윤주혁을 주전 3루 해법으로 택한다.","워싱턴 데뷔전 3안타 2홈런 4타점과 주전 3루수 기회가 지급되며, 팀은 호세 페레즈를 1루에 둘 대안을 얻는다.","능력·기량·지위·명예","윤주혁은 1·3루 병행 후보에서 워싱턴 주전 3루수로 전환되고, 타격 적응도 첫 경기 장타로 공식 확인된다.","리조는 윤주혁의 3루 수비 리포트를 다시 읽고 ‘미친 재능’이라고 평가하며, 짐머맨 이탈로 덮인 팀의 먹구름이 걷히기 시작한다고 느낀다.","워싱턴 첫 타석과 타격 적응은 3안타·2홈런·4타점으로, 짐머맨 공백의 우선 해법은 윤주혁 3루·호세 페레즈 1루로 정리된다.","갑작스러운 3루 주전 임무의 체력 비용, 수비 리포트가 정규시즌에도 맞을지, 아직 완전히 돌아오지 않은 투구 구속이 남는다.","RA-046","high"
"256","256화","리턴 에이스 256화","49549","49778","갑작스러운 3루 전환을 통보받은 윤주혁은 불만 대신 고향 포지션으로 돌아온 듯한 즐거움을 느낀다.","친정팀 상대 4이닝 퍼펙트와 100마일 회복이 무릎 수술과 이적에 따른 모든 경기력 의문을 닫는다.","개막 전에 투수로 완전한 구속·제구를 확인하고 롱고리아·모리스 등 옛 동료에게 자신이 건재함을 보인다.","4이닝 동안 단 한 명도 출루시키지 않고 100마일을 던진 뒤, 경기 후 롱고리아와 모리스에게 인사한다.","친정팀 타선을 직접 눌러야 하고, 수술 뒤 첫 고강도 투구인 만큼 무리하면 재발 위험이 있다.","전광판에 100마일이 찍히고 퍼펙트 피칭을 끝내면서 재활 단계가 완전히 종료된다.","새 구단은 건강한 에이스를 확인하고, 윤주혁은 옛 동료들과 다시 월드시리즈 정상에서 만나자는 약속을 나눈다.","신체·가용성·팀·보직·커리어·관계","윤주혁은 회복 중인 트레이드 스타에서 개막전 선발과 주전 3루를 모두 맡을 준비가 된 워싱턴 핵심으로 바뀐다.","두 타석 모두 삼진당한 모리스가 윤주혁의 옆구리 장난에 진정한 뒤 그에게 다시 말을 꺼낸다.","무릎 수술 뒤 구속·변화구 회복과 새 구단의 투수 적응은 탬파 상대 4이닝 퍼펙트·100마일로 확인된다.","모리스가 하려는 말, 내셔널리그 첫 정규시즌 등판, 3루 수비와 투타 병행의 실제 체력 부담이 남는다.","RA-046","high"
"257","257화","리턴 에이스 257화","49779","49927","모리스가 같은 시즌 그라운드에서 윤주혁과 맞설 줄 몰랐다고 하자 롱고리아는 월드시리즈 재회를 왜 빼느냐고 발끈한다.","완전히 회복한 에이스가 워싱턴 개막전 선발로 지명되어 내셔널리그 첫 승과 새 우승 여정에 들어간다.","윤주혁은 마이애미와의 개막전에서 이적료와 재활에 관한 의문을 없애고 워싱턴에 첫 공식 승리를 안긴다.","모리스와 월드시리즈 재회를 약속한 뒤 마이애미의 전력과 타선을 분석하고, 개막전 마운드에서 후안 피에르부터 상대한다.","마이애미가 대대적인 파이어세일로 약해졌다고 해도 새 리그·새 포수·타자 겸업 규칙에 즉시 적응해야 한다.","시범경기 회복 증명을 마치자마자 개막전 선발 발표가 나며 준비의 기준이 연습이 아닌 공식 기록으로 바뀐다.","윤주혁은 워싱턴 팬의 전폭적 환영과 가장 유리한 개막전 매치업을 얻는다.","팀·보직·커리어·관계","친정팀과 작별하던 이적생이 워싱턴의 개막을 책임지는 공식 1선발이 된다.","국가 제창과 시구가 끝나자 내셔널스 파크의 팬들이 등번호 82번을 연호하고, 윤주혁의 워싱턴 첫 공식 등판이 시작된다.","친정팀 마지막 시범경기의 인사는 롱고리아·모리스와 월드시리즈에서 다시 만나자는 약속으로 끝난다.","내셔널리그 첫 공식 투구, 지안카를로 스탠턴과의 승부, 약체로 여긴 마이애미를 방심 없이 꺾을지가 남는다.","RA-047","high"
"258","258화","리턴 에이스 258화","49928","50112","한국 MBS 중계석에서도 윤주혁의 워싱턴 개막전 첫 등판을 생중계하며 새 리그 적응을 지켜본다.","첫 등판의 단기 보상이 완투 승리와 대량 득점으로 주어지고, 곧바로 3루수로 호세 페르난데스와 맞붙는 타자 시험이 이어진다.","마운드에서 끝까지 경기를 책임진 뒤 휴식일을 거쳐 타자로도 워싱턴의 시리즈 스윕을 완성한다.","스탠턴에게 장타를 허용한 뒤 흔들리지 않고 9이닝을 소화하고, 다음 날 쉰 뒤 3차전에 3루수로 선발 출전한다.","지안카를로 스탠턴의 홈런성 타격과 한 차례 실점, 공식 경기에서 투구와 수비를 번갈아 해야 하는 체력 부담이 있다.","9이닝 1실점·15탈삼진·3피안타·1볼넷으로 첫 승을 확정한 뒤, 상대가 특급 신인 호세 페르난데스로 바뀐다.","워싱턴은 개막전 대승과 2차전 6대2 승리로 시리즈 우위를 잡고, 윤주혁은 새 팀 첫 공식 승리를 기록한다.","경기·기록","윤주혁의 워싱턴 적응은 기대에서 승리 기록으로 바뀌며 투수와 3루수 역할이 본격 순환한다.","브라이스 하퍼는 완투를 한 지 이틀밖에 지나지 않은 윤주혁이 펑고와 배팅 케이지에서 아무렇지 않게 움직이는 모습을 초롱초롱한 눈으로 바라본다.","워싱턴 개막전 선발 임무와 수술 뒤 공식 경기 체력은 9이닝 1실점·15탈삼진 승리로 증명된다.","하퍼가 윤주혁에게서 무엇을 배우려는지, 3차전 3루수·타자 데뷔, 마이애미의 특급 신인 선발이 남는다.","RA-047","high"
"259","259화","리턴 에이스 259화","50113","50376","브라이스 하퍼는 윤주혁의 금주·절식·규칙적인 생활 외에도 압도적인 회복을 만든 비결이 더 있을 것이라 생각한다.","선배 에이스의 해결사 능력이 접전 한 타석에서 드러나고, 하퍼 같은 젊은 핵심에게 학습 가능한 기준으로 남는다.","윤주혁은 0대1로 끌려가는 경기에서 페르난데스의 호투를 무너뜨려 개막 시리즈 스윕을 만든다.","페르난데스의 구질과 피로를 읽고 6회 결정구를 받아쳐 역전 2점 홈런을 날린다.","페르난데스가 5⅓이닝 2실점·10탈삼진으로 데뷔전답지 않은 위력을 보여 워싱턴 타선이 묶인다.","윤주혁의 2점 홈런이 0대1을 2대1로 뒤집고 마이애미 선발의 데뷔 호투를 패전 위기로 바꾼다.","워싱턴은 5대2로 승리해 개막 3연전을 스윕하고, 윤주혁은 새 팀 첫 결승 홈런을 얻는다.","경기·기록","윤주혁은 투수 승리뿐 아니라 3루수·중심 타자로도 팀의 즉각적 승리 공식을 증명한다.","워싱턴이 5대2로 이겼어도 언론의 관심은 5.1이닝 2실점 10탈삼진으로 이름을 각인한 호세 페르난데스에게 향한다.","윤주혁의 정규시즌 첫 타자·3루수 출전과 페르난데스 맞대결은 역전 투런으로, 개막 3연전은 워싱턴 스윕으로 끝난다.","페르난데스가 이후 어떤 투수로 자랄지, 윤주혁의 4월 투타 기록, 워싱턴 타선의 부상 변수가 남는다.","RA-047","high"
"260","260화","리턴 에이스 260화","50377","50567","4월 동안 윤주혁은 마운드에서는 계속 압도했지만 타격에서는 기대보다 조금 낮은 흐름을 받아들인다.","개인의 17탈삼진·1피안타 완봉이라는 즉시 보상과, 부상 많은 팀에 새 거포 호세 페레즈가 합류하는 장기 보강이 겹친다.","윤주혁은 한 경기 전체를 지배해 불펜 소모를 막고, 콜업된 페레즈가 중심 타선에 정착하도록 돕는다.","샌디에이고 타선을 9이닝 동안 한 안타로 막고 17탈삼진 완봉을 만든 뒤, 페레즈의 체형과 타격을 관찰한다.","워싱턴 주전들의 부상이 이어지고, 기억 속 홈런왕과 달리 날씬해진 페레즈가 첫 경기에서 즉시 장타를 내지 못한다.","윤주혁이 미래의 명예의 전당급 홈런 경쟁자로 기억하는 호세 페레즈가 예상 밖의 체형으로 메이저리그에 등장한다.","윤주혁은 내셔널리그 첫 완봉과 17탈삼진 기록을 얻고, 팀은 장타 잠재력이 큰 신인을 올린다.","신체·가용성·팀·보직·커리어·경기·기록","개인 투구는 완전 회복 단계에 도달하고, 팀 공격은 윤주혁·하퍼에 페레즈가 합류하는 세대 교체 국면으로 간다.","미래에는 거구의 홈런왕이었던 호세 페레즈가 빅리그 첫날에도 식사를 자제하고 타구를 담장까지 보내지 못하자 윤주혁은 체중 감량이 그의 야구에 도움이 될지 의문을 품는다.","수술 뒤 투구가 완전히 돌아왔는지는 1피안타 17탈삼진 완봉으로 답한다.","페레즈가 체중을 줄이는 이유와 장타력을 되찾을지, 부상 공백 속 워싱턴 중심 타선이 어떻게 재편될지가 남는다.","RA-047","high"
"261","261화","리턴 에이스 261화","50568","50748","워싱턴이 아직 연장계약을 꺼내지 않은 가운데 윤주혁은 언젠가 최고액 계약을 위해 떠날 수도 있다는 현실을 생각한다.","윤주혁 혼자 버티던 공격에서 페레즈가 자기 목표를 가진 동료로 성장하고, 쿠어스필드에서 새 중심 타선의 폭발을 예고한다.","윤주혁은 타율 0.340·11홈런의 개인 성과를 팀 득점으로 연결하고, 페레즈의 강점을 실제 승리 자원으로 깨운다.","페레즈의 생활 습관과 타격을 관찰한 뒤 콜로라도 원정에서 속도 차를 크게 둔 투구를 준비하고 하퍼의 선제 홈런을 발판으로 삼는다.","워싱턴 타선은 윤주혁 외 득점 생산이 약하고 부상자가 많으며, 페레즈는 데뷔 직후 홈런을 만들지 못한다.","타자 친화적인 쿠어스필드에서 하퍼가 먼저 홈런을 치고 페레즈에게 첫 장타 기회가 이어진다.","윤주혁은 자신의 기록 경쟁을 넘어 젊은 중심 타자 둘과 함께 공격을 확장할 조건을 얻는다.","경기·기록","워싱턴의 득점 구조가 윤주혁 단독 해결에서 하퍼·페레즈가 연결되는 중심 타선으로 이동하기 시작한다.","득점 없이 중반으로 넘어가던 쿠어스필드에서 브라이스 하퍼의 타구가 홈런으로 이어지며 경기의 첫 균열이 난다.","호세 페레즈의 체형 변화는 아버지를 잃은 뒤 최고의 선수가 되려 택한 자기 관리라는 목표로 설명된다.","하퍼의 홈런 뒤 윤주혁과 페레즈가 중심 타선 보상을 이어갈지, 쿠어스필드에서 윤주혁의 완급 조절이 끝까지 통할지가 남는다.","RA-047","high"
"262","262화","리턴 에이스 262화","50749","50942","윤주혁은 쿠어스필드의 장타 위험 때문에 평소 강속구 일변도 대신 타자별 완급 조절로 콜로라도 타선을 상대한다.","신인의 첫 홈런과 윤주혁의 두 번째 완봉이 같은 경기에서 터지며 투타·팀 관계 보상이 한꺼번에 지급된다.","워싱턴은 초반 대량 득점으로 경기를 잠그고, 윤주혁은 타자 친화 구장에서 실점을 막으며 페레즈의 자신감을 굳힌다.","페레즈가 2점 홈런을 날려 1회 4득점을 만들고, 윤주혁은 완급 조절로 콜로라도 타선을 막아 12대0을 완성한다.","쿠어스필드의 장타 위험과 페레즈의 데뷔 부담, 빠른 발을 얻기 위해 무리한 체중 감량을 한 몸 상태가 변수다.","이후 5경기에서 중심 타선이 홈런 12개, 그중 페레즈가 6개를 몰아치며 일회성 첫 홈런이 지속 가능한 화력으로 바뀐다.","윤주혁은 시즌 두 번째 완봉을, 페레즈는 첫 홈런과 중심 타선 자리, 워싱턴은 연속 장타 생산을 얻는다.","신체·가용성·경기·기록","페레즈는 콜업 신인에서 즉시 전력 거포로 올라서고, 윤주혁은 그의 무릎 보호와 40홈런·40도루 꿈을 알게 된다.","미래에는 느린 거포였던 페레즈가 원래 빠른 주자였고 40홈런·40도루가 꿈이라는 말을 들은 윤주혁이 말문을 잃는다.","페레즈의 첫 장타와 쿠어스필드 경기 승패는 첫 홈런·12대0 완봉으로, 새 중심 타선의 화력은 이어진 다섯 경기 12홈런으로 확인된다.","페레즈가 무릎을 지키며 40-40에 도전할지, 윤주혁이 과거와 달라진 동료의 꿈을 어떻게 대할지가 남는다.","RA-047","high"
"263","263화","리턴 에이스 263화","50943","51108","데릭 젠슨이 페레즈가 아직 도루 욕심을 버리지 못했다고 말하지만, 윤주혁은 처음 듣는 40-40 목표에 생각이 멈춘다.","동료의 기록을 돕는 관계 선택과 자신의 홈런왕 목표가 애틀랜타와의 지구 선두 경쟁 속에서 함께 시험받는다.","윤주혁은 페레즈의 주루 도전을 지원하면서도 내셔널리그 홈런왕을 노리고, 워싱턴을 애틀랜타보다 위로 올린다.","페레즈에게 체중과 무릎을 무리하지 않는 범위에서 도전하라고 응원하고, 3루 수비를 다듬으며 애틀랜타 3연전을 준비한다.","워싱턴은 전반기 내내 애틀랜타에 1~2경기 뒤지고, 투타 겸업과 3루 적응까지 겹쳐 윤주혁의 체력 관리가 필요하다.","개인 기록 경쟁의 초점이 투타 트리플크라운뿐 아니라 페레즈 지원과 팀 지구 우승으로 넓어진다.","윤주혁은 새 리그 3루 수비에 안정적으로 정착하고 페레즈와 경쟁 아닌 동반 성장 관계를 만든다.","신체·가용성·능력·기량·관계","워싱턴의 시즌 목표가 적응·전력 회복에서 애틀랜타를 직접 꺾는 순위 추격전으로 전환된다.","하루를 쉬며 대비를 마친 워싱턴과 애틀랜타가 1경기 차 지구 판도를 걸고 3연전 첫 경기를 시작한다.","페레즈의 체중 감량과 도루 훈련을 윤주혁이 막을지는 당사자의 현재 목표를 존중하고 돕는 쪽으로 정리된다.","애틀랜타 3연전 결과, 워싱턴의 부상 공백, 윤주혁이 등판하는 마지막 경기까지 순위가 어떻게 움직일지가 남는다.","RA-048","high"
"264","264화","리턴 에이스 264화","51109","51288","윤주혁은 애틀랜타의 헤이워드·업튼·프리먼·맥캔 타선과 선발 폴 마홀름, 마무리 킴브럴을 경기 전 다시 확인한다.","정규시즌의 짧은 한 타석들이 지구 순위라는 긴 보상에 어떻게 누적되는지를 선두 맞대결로 보여준다.","윤주혁은 마홀름의 완급과 애틀랜타 불펜을 공략해 1차전 선취점을 만들고 추격의 기세를 잡는다.","스카우팅 리포트를 소화하고 첫 타석 잘 맞은 공이 수비에 잡힌 뒤에도 조급해하지 않은 채 3회 두 번째 타석에 선다.","마홀름의 느린 변화구와 킴브럴의 마무리 능력, 애틀랜타의 탄탄한 수비가 워싱턴의 득점 경로를 막는다.","첫 타석의 강한 타구가 아웃이 되면서 힘보다 구속 차를 읽는 조정이 필요하다는 사실이 분명해진다.","윤주혁은 상대 배터리의 느린 승부 패턴을 한 타석 먼저 체득하고 다음 공략의 단서를 얻는다.","경기·기록","애틀랜타 추격은 추상적 순위 경쟁에서 마홀름과의 한 구 단위 승부로 좁혀진다.","3회 1사 0대0, 윤주혁이 마홀름의 슬라이더를 잘 맞혀 파울로 만든 뒤 볼카운트 2-2에서 다섯 번째 공을 기다린다.","사전 리포트에 적힌 마홀름의 구종은 실제 두 타석에서 컷패스트볼·투심·느린 커브·슬라이더로 확인된다.","2-2 승부의 결정구와 선취점, 조던 짐머맨의 무실점 흐름, 후반 킴브럴까지 갈지가 남는다.","RA-048","high"
"265","265화","리턴 에이스 265화","51289","51485","맥캔은 2-2에서 좌타자에게 잘 먹힌 몸쪽 투심을 다시 요구하고, 마홀름은 윤주혁을 끝내려 한다.","한 점을 짜낸 단기 보상이 조던 짐머맨의 7이닝 무실점과 맞물리지만, 불펜 한 구가 경기 전체를 뒤집을 수 있음을 드러낸다.","워싱턴은 1대0 리드를 끝까지 지켜 애틀랜타와의 첫 경기를 가져간다.","윤주혁이 느린 공을 담장 밖으로 넘기고, 짐머맨은 7이닝을 막으며 타일러 클리파드에게 리드를 넘긴다.","8회 클리파드가 제이슨 헤이워드에게 동점 홈런을 허용하고, 9회 라파엘 소리아노의 변화구가 흔들린다.","7이닝 동안 지킨 1점 리드가 헤이워드의 한 방으로 1대1이 되면서 승리 공식이 선발 개인 능력만으로 완성되지 않음이 확인된다.","윤주혁은 홈런 경쟁에 16호를 보태고 짐머맨은 에이스급 호투를 증명하지만 팀 승리는 아직 유예된다.","팀·보직·커리어·경기·기록","워싱턴의 강점인 선발·중심 타선과 약점인 후반 불펜의 격차가 선두 맞대결에서 노출된다.","1대1의 9회에 올라온 소리아노가 연습구 여섯 개 동안 슬라이더와 컷패스트볼을 포심과 같은 미트 위치에만 던지자 윤주혁이 무브먼트 이상을 걱정한다.","마홀름과의 2-2 승부와 느린 공 공략은 선제 솔로 홈런으로 끝나고, 짐머맨의 선발 임무는 7이닝 무실점으로 완수된다.","소리아노가 무딘 변화구로 9회를 버틸지, 1차전 결말, 워싱턴이 애틀랜타 불펜을 공략할지가 남는다.","RA-048","high"
"266","266화","리턴 에이스 266화","51486","51686","윤주혁은 소리아노의 경험을 믿어 보려 하지만 9회 첫 승부부터 불안이 현실화한다.","첫 패배 뒤 5점 열세에서도 중심 타선이 추격하는 보상을 주지만, 강한 마무리를 넘지 못하면 순위 보상은 오지 않는다.","워싱턴은 2차전 로스 디트와일러의 조기 5실점을 만회해 시리즈 균형을 맞춘다.","윤주혁이 3점 홈런을 치고 호세 페레즈가 솔로 홈런을 보태 0대5를 4대5까지 좁힌다.","선발 붕괴로 시작부터 5점을 빚지고, 마지막 한 점 앞에서 킴브럴의 강속구·슬라이더 조합을 넘어야 한다.","대패 흐름을 두 거포의 연속 장타로 한 점 차까지 바꾸지만 킴브럴이 마지막 아웃을 잡아 추격을 봉쇄한다.","윤주혁과 페레즈의 중심 타선 화력은 선두팀에도 통한다는 증거를 얻는다.","팀·보직·커리어·경기·기록","워싱턴은 시리즈 0승2패로 몰리고, 3차전 윤주혁의 선발 승리가 스윕 방지와 시즌 추격의 필수 조건이 된다.","워싱턴이 4대5까지 추격한 9회 말, 애틀랜타의 크레이그 킴브럴이 한 점 리드를 지키러 마운드로 걸어온다.","1차전의 9회와 최종 승패는 어글라 홈런·킴브럴 세이브로 1대2 패배가 되며, 2차전 로스 디트와일러의 선발 임무도 3회 5실점 강판으로 끝난다.","킴브럴을 상대로 2차전 동점 또는 역전을 만들지, 시리즈 세 번째 경기에서 윤주혁이 스윕을 막을지가 남는다.","RA-048","high"
"267","267화","리턴 에이스 267화","51687","51904","애틀랜타에 홈 두 경기를 내준 워싱턴이 실망한 가운데 윤주혁이 스윕을 막을 마지막 선발로 나선다.","에이스의 압도적 투구와 하퍼의 적시타가 스윕을 막는 최소한의 팀 보상으로 연결된다.","윤주혁은 실점을 허용하지 않고 두 패배로 꺾인 팀 분위기를 되돌릴 한 경기를 만든다.","5회까지 10탈삼진을 쌓고, 덴어드 스팬의 3루타 뒤 하퍼가 바깥쪽 슬라이더를 2루타로 보내 선취점을 만든다.","타선이 앞선 두 경기에서 킴브럴에게 막혀 득점 확신이 없고, 윤주혁은 한 점도 허용할 수 없는 압박을 진다.","하퍼가 0대0 균형을 깨는 적시 2루타를 치며 에이스의 투구가 팀 승리 가능성으로 전환된다.","워싱턴은 시리즈 스윕을 피할 기반을 만들고, 윤주혁은 결정적 경기에서 두 자릿수 탈삼진과 무실점 흐름을 세운다.","경기·기록","하퍼는 관찰하는 젊은 스타에서 에이스를 실제 득점으로 지원하는 파트너로 한 단계 올라선다.","하퍼의 적시 2루타로 1대0이 된 직후 타석에 선 윤주혁이 큰 타구를 외야 깊숙이 날려 보내고, 낙하지점은 아직 드러나지 않는다.","2차전 9회 킴브럴을 넘을 가능성은 패배로 닫히고, 3차전에서 누가 먼저 점수를 낼지는 스판·하퍼의 연결로 워싱턴이 답한다.","윤주혁의 큰 타구 결과, 무실점 투구의 최종 기록, 워싱턴이 실제로 스윕을 피할지가 남는다.","RA-048","high"
"268","268화","리턴 에이스 268화","51905","52047","애틀랜타 3연전은 윤주혁이 선발로 나선 마지막 경기만 이긴 1승2패로 끝나고, 워싱턴은 선두 추격을 계속한다.","팀 추격의 비용으로 하퍼 부상과 윤주혁 무릎 관리가 발생하는 한편, 개인 기록은 올스타 최다 득표라는 보상으로 돌아온다.","윤주혁은 수술한 무릎의 작은 자극을 악화시키지 않고 후반기 지구 추격을 준비한다.","타율 0.342·29홈런·88타점으로 올스타 3루수에 압도적 선정되지만 경미한 무릎 통증 때문에 경기를 쉬고 뉴욕에서 옛 동료들을 만난다.","하퍼가 약 한 달 이탈하고 윤주혁도 올스타전 출전 기회를 포기해야 해 워싱턴의 전력과 리그 홈 어드밴티지에 손해가 생긴다.","경기 출전 대신 모리스·조브리스트·맷 무어, 브라이언 무어와 재회하며 몸 관리와 관계 회복이 우선순위가 된다.","윤주혁은 팬 투표로 리그 최고 3루수 지위를 확인하고, 탬파 시절 동료들과의 우정을 이어간다.","신체·가용성·관계","전반기 순위 추격 국면이 부상 관리와 후반기 재정비 국면으로 바뀐다.","홈런더비 뒤 옛 동료들과 헤어져 숙소로 가려는 윤주혁을 은퇴 후 해설가가 된 브라이언 무어가 반갑게 불러 세운다.","애틀랜타 첫 3연전은 워싱턴 1승2패로, 윤주혁의 올스타전 출전 여부는 경미한 무릎 통증에 따른 휴식으로 결론 난다.","브라이언 무어와 나눌 이야기, 하퍼의 복귀 시점, 6경기 안팎으로 벌어진 후반기 지구·와일드카드 추격이 남는다.","RA-048","high"
"269","269화","리턴 에이스 269화","52048","52235","윤주혁은 오랜만에 만난 브라이언 무어의 과격한 포옹을 받고, 한유라와의 관계를 묻는 장난에 아직 여자친구는 아니라고 답한다.","사적인 연락이 시즌 피로를 견디는 관계 보상으로 기능하는 동안, 올스타전 패배가 월드시리즈 홈 어드밴티지라는 장기 비용으로 남는다.","윤주혁은 무릎을 회복하고 후반기 6경기 차 지구 선두와 4경기 차 와일드카드를 동시에 추격한다.","한유라와 메시지를 주고받고 휴식 뒤 훈련을 재개하며, 8월 16일 현재 순위와 복귀 선수 일정을 점검한다.","내셔널리그가 올스타전에서 3대5로 져 월드시리즈 홈 이점을 잃고, 짐머맨은 돌아오지만 하퍼 복귀가 두 달 더 미뤄진다.","워싱턴이 완전체가 되리라는 기대가 하퍼의 장기 지연으로 무너지면서 남은 선수들이 추격을 책임져야 한다.","윤주혁은 무릎 휴식과 옛 동료·한유라와의 정서적 연결을 얻고 후반기 준비를 마친다.","신체·가용성·경기·기록·지위·명예·관계","팀은 지구 우승 단독 목표에서 와일드카드까지 병행해 계산해야 하는 추격자 처지로 굳어진다.","짐머맨이 돌아오자 24홈런 신인 호세 페레즈를 벤치로 보낼 수 없던 리조와 코칭스태프가 두 선수를 함께 쓰는 방안을 논의하기 시작한다.","올스타 휴식과 윤주혁의 무릎 자극은 후반기 훈련 재개로 정리되고, 짐머맨의 시즌 아웃 우려도 로스터 복귀로 닫힌다.","페레즈의 새 수비 자리, 하퍼의 실제 복귀, 6경기 차 지구 선두와 4경기 차 와일드카드 추격이 남는다.","RA-048","high"
"270","270화","리턴 에이스 270화","52236","52412","호세 페레즈는 타율 0.257·24홈런·66타점으로 페르난데스 다음 신인왕 후보에 올라, 짐머맨 복귀 뒤에도 빼기 어려운 타자가 된다.","선수 한 명의 복귀가 페레즈의 좌익수 전환과 짐머맨의 1루 안착으로 팀 전력을 넓히며 막판 추격의 새 조합을 만든다.","워싱턴은 짐머맨·페레즈를 동시에 타선에 남겨 장타력을 유지하고, 윤주혁은 시즌 막판 자기 과부하를 줄인다.","페레즈가 좌익수 훈련을 받아 무난히 적응하고 홈런을 이어가며, 윤주혁은 신시내티 원정에서 추신우와 식사한다.","낯선 외야 수비가 페레즈에게 추가 부담이고, 팀은 이미 벌어진 순위 차 때문에 매 경기 결과에 쫓긴다.","추신우가 타율 0.282·17홈런·15도루의 자기 시즌을 이야기하며 윤주혁에게 팀 전체를 혼자 짊어지지 말라고 충고한다.","워싱턴은 짐머맨 1루·페레즈 좌익수라는 공격적 배치를 얻고, 윤주혁은 한국인 선배에게 정신적 완급 조절 조언을 받는다.","경기·기록","페레즈는 1루 대체자에서 외야까지 맡는 주전으로 확장되고, 윤주혁은 기록·순위를 모두 통제하려는 태도를 내려놓기 시작한다.","출루율 경쟁과 FA 대박을 농담으로 주고받은 추신우가 웃으며 맥주를 한 모금 마시고, 두 한국인 타자의 편안한 대화가 계속된다.","짐머맨과 페레즈의 자리 충돌은 짐머맨 1루·페레즈 좌익수 전환으로 해결된다.","전력 복귀가 너무 늦지 않았는지, 하퍼까지 돌아온 완전체 타선이 막판 순위 차를 줄일지, 신시내티와의 와일드카드 경쟁이 남는다.","RA-048","high"
"271","271화","리턴 에이스 271화","52413","52583","추신우는 워싱턴과 신시내티의 차이가 오늘 승리 뒤에도 네 경기라며, 내년이 더 기대되는 팀이라고 윤주혁을 달랜다.","완전체가 된 타선과 에이스의 호투가 애틀랜타전 두 승이라는 단기 보상을 주지만, 한 경기와 다음 시리즈의 패배가 긴 시즌 보상을 막는다.","워싱턴은 애틀랜타와의 마지막 직접 대결을 쓸어 지구 우승 가능성을 되살리고 이후 하위 팀 상대 승리를 이어간다.","복귀한 하퍼가 두 경기에서 홈런을 치고, 윤주혁은 8이닝 무실점·14탈삼진으로 두 번째 승리를 책임진다.","3차전은 2대3으로 내주고, 이어진 콜로라도전에서 연패해 직접 맞대결로 줄인 격차를 다시 잃는다.","애틀랜타에 2승1패를 거두고도 콜로라도에 두 경기를 잃으면서 포스트시즌 희망이 사실상 꺾인다.","하퍼의 건강한 복귀, 윤주혁의 에이스 피칭, 완전체 타선의 잠재력은 확인된다.","경기·기록·지위·명예","시즌 막판의 상승 서사가 지구 우승 역전에서 탈락을 받아들이는 결산 국면으로 급변한다.","정규시즌 여섯 경기만 남긴 시점의 콜로라도 원정 2연패로 워싱턴의 포스트시즌 희망이 산산조각 났다는 사실이 확정된다.","하퍼의 복귀와 애틀랜타 마지막 맞대결은 2승1패로 성과를 내지만, 지구 우승·와일드카드 추격은 콜로라도 연패로 끝난다.","최종 순위와 윤주혁의 개인 기록·수상, 포스트시즌에 나가지 못한 첫 시즌의 평가가 남는다.","RA-048","high"
"272","272화","리턴 에이스 272화","52584","52780","콜로라도의 홈런에 뒤집힌 워싱턴은 신시내티가 한 경기만 더 이기면 와일드카드도 끝나는 처지에서 남은 일정을 치른다.","개인 최정상 기록만으로 팀의 긴 시즌 보상을 보장할 수 없다는 비용을 남기고, 옛 팀들의 단판 승부가 다른 형태의 실패를 비춘다.","윤주혁은 직접 뛸 가을야구가 사라진 뒤 포스트시즌을 관찰하며 다음 시즌에 필요한 팀 조건을 읽는다.","탬파와 클리블랜드의 아메리칸리그 와일드카드전을 팬 입장에서 보고, 신시내티의 내셔널리그 와일드카드 탈락까지 확인한다.","탬파는 연장 11회 접전 끝에 6대7로 지고, 추신우의 신시내티도 단판에서 탈락해 가까운 인연들이 모두 일찍 시즌을 끝낸다.","선수로 참가하지 못한 윤주혁이 포스트시즌을 관전자 위치에서 보며 우승은 개인 기록과 별개라는 사실을 체감한다.","실패의 원인이 체력·부상·팀 깊이·불펜과 연결된다는 장기 학습을 얻고, 몸을 회복할 시간을 확보한다.","신체·가용성·팀·보직·커리어·경기·기록·지위·명예","매년 우승을 경험하던 윤주혁의 커리어에 처음으로 ‘가을야구 없음’이 기록되고, 워싱턴은 재편 필요성을 안는다.","디비전시리즈가 끝나고 보스턴-디트로이트, 세인트루이스-애틀랜타의 챔피언십시리즈 대진이 확정된다.","워싱턴의 2013 지구·와일드카드 가능성은 7경기 차 지구 2위로, 탬파와 신시내티의 단판 생존도 각각 클리블랜드·피츠버그전 패배로 끝난다.","두 리그 챔피언과 월드시리즈 우승팀, 가을야구 밖에서도 남아 있는 윤주혁의 개인 기록·수상이 남는다.","RA-048","high"
"273","273화","리턴 에이스 273화","52781","52921","보스턴이 디트로이트를 4승2패로, 세인트루이스가 애틀랜타를 4연승으로 꺾어 월드시리즈에 오른다.","포스트시즌 탈락의 팀 비용과 양대 투타 트리플크라운의 개인 보상이 선명하게 대비되고, 2014년 재도전의 발판이 깔린다.","윤주혁은 수상에 안주하지 않고 조용한 휴가와 훈련으로 다음 시즌 팀 우승을 준비한다.","타율 0.349·47홈런·139타점, 20승2패·ERA 1.65·316탈삼진으로 NL MVP·사이영상·골드글러브·실버슬러거·행크 애런상을 받은 뒤 보육원과 가족에게 시간을 쓴다.","역사적인 개인 성적에도 워싱턴이 가을야구에 못 갔다는 공백이 남고, 감독 데이비 존슨도 은퇴한다.","윤주혁이 양대 리그에서 투수·타자 트리플크라운을 모두 달성한 선수로 공인되면서 다음 시즌 기준이 우승으로 더 높아진다.","개인상 전 부문과 두 개의 트리플크라운, 안정적인 휴식, 하퍼와의 조기 미국 훈련이라는 보상을 얻는다.","능력·기량","윤주혁은 내셔널리그 적응을 끝낸 최고 선수로 굳고, 팀 지휘봉은 루크 다니엘스에게 넘어간다.","윤주혁이 루크 다니엘스는 선수의 특징을 잘 살리는 좋은 감독이 될 것이라고 진심으로 평가하자, 신인 감독을 걱정하던 팬들의 지지가 급격히 늘어난다.","2013 월드시리즈는 보스턴 우승으로, 윤주혁의 워싱턴 첫해 개인 성적과 수상은 양대 투타 트리플크라운 및 주요 트로피로 완결된다.","루크 다니엘스가 감독으로서 전술 운용까지 해낼지, 큰 보강 없이도 2014 워싱턴이 우승 경쟁을 할지가 남는다.","RA-049","high"
"274","274화","리턴 에이스 274화","52922","53056","윤주혁과 동료들의 지지로 루크 다니엘스 감독에 대한 기대가 높아진 가운데 2014 스프링캠프가 시작된다.","전년도 실패를 감독·로스터·훈련 방식의 변화로 보완해 개막부터 지구 판도를 잡겠다는 팀 약속이 구체화된다.","루크는 투타 겸업과 3루 수비를 효율적으로 배치하고, 윤주혁은 새 체제에서 건강과 성과를 동시에 유지한다.","코치진은 선수별 역할을 재정리하고 윤주혁·하퍼·페레즈·짐머맨 중심 타선을 점검해 애틀랜타 개막전에 대비한다.","높은 연봉과 전년도 양대 트리플크라운 때문에 윤주혁에게 기대가 집중되고, 팀은 2013년 부상·불펜 문제를 반복할 수 없다.","루크가 이름값보다 컨디션과 조합을 우선하는 운영을 내세우며 워싱턴의 전력 사용 방식이 달라진다.","윤주혁은 자신을 무리하게 소모하지 않으면서도 핵심 역할을 보장하는 감독을 만나고 팀은 완성도 높은 개막 로스터를 만든다.","팀·보직·커리어·경기·기록·지위·명예·관계","워싱턴은 스타 의존 팀에서 감독이 역할과 휴식을 설계하는 우승 후보로 재출발한다.","터너필드 원정 개막전의 승패가 자신에게 달렸다고 느낀 윤주혁이 연속 포구음을 울리며 선발 준비를 마친다.","데이비 존슨 은퇴 뒤 감독 공백은 루크 다니엘스 체제로, 윤주혁의 새 연봉은 2,400만 달러 합의로 정리된다.","신임 감독의 첫 공식 경기, 애틀랜타에 대한 개막전 복수, 윤주혁이 팀의 과도한 의존을 승리로 바꿀지가 남는다.","RA-049","high"
"275","275화","리턴 에이스 275화","53057","53208","워싱턴의 전력이 윤주혁에게 크게 기대는 가운데 팬들은 장기계약을 요구하고, 시장에서는 그의 미래 가치가 5억 달러까지 거론된다.","장기 시장가치 논쟁을 개막전의 즉각적인 투타 지배로 답하며 2014년 재도전의 강도를 보여준다.","윤주혁은 애틀랜타 원정 개막전에서 지난해의 순위 패배를 되갚고 새 시즌 첫 승을 직접 만든다.","1회 첫 타석에서 3점 홈런을 치고 마운드에서는 7회까지 단 한 명도 출루시키지 않는다.","애틀랜타 홈 관중의 압력, 퍼펙트게임이 길어질수록 커지는 긴장, 투타 동시 수행에 따른 체력 소모가 쌓인다.","선제 3점 홈런 뒤 퍼펙트 피칭이 7회까지 이어져 평범한 개막 승리가 역사 도전으로 바뀐다.","워싱턴은 넉넉한 리드를 얻고, 윤주혁은 FA 가치 전망을 한 경기에서 증명할 무대를 잡는다.","팀·보직·커리어","전년도 추격자였던 워싱턴이 개막 첫날부터 애틀랜타를 압도하는 선도자 위치로 이동한다.","7회까지 안타와 출루가 하나도 없자 애틀랜타 팬들은 개막전 퍼펙트만은 막아야 한다고 말하고, 남은 두 이닝에 모든 시선이 모인다.","개막전 첫 득점과 윤주혁의 타격 가치 증명은 3점 홈런으로 지급된다.","8·9회에도 퍼펙트가 유지될지, 경기 최종 스코어와 탈삼진 수, 워싱턴의 개막 승리가 남는다.","RA-049","high"
"276","276화","리턴 에이스 276화","53209","53363","7회부터 자리를 뜨는 애틀랜타 팬들은 윤주혁의 퍼펙트게임조차 이제 놀랍지 않다고 자조한다.","반복 타순의 적응과 체력 저하를 이겨내야만 ‘개막전’이라는 특수성이 붙은 역사적 보상을 얻을 수 있다.","남은 타자들을 출루시키지 않고 승리와 퍼펙트게임, 두 자릿수 탈삼진을 한꺼번에 완성한다.","속구·투심·슬라이더·체인지업의 배합을 바꾸고 수비진과 호흡해 후반 타자들의 노림수를 지운다.","투구 수와 긴장이 쌓이고 애틀랜타는 번트·초구 공략 등 어떤 방식으로든 출루하려 한다.","8회까지 퍼펙트를 보존하며 도전이 마지막 이닝의 세 타자로 압축된다.","워싱턴 수비와 배터리가 한 경기 전체를 함께 지킨다는 팀 결속이 강화되고 관중의 관심이 기록 하나에 모인다.","능력·기량·경기·기록","윤주혁의 개막 등판은 시즌 첫 승을 넘어 메이저리그 역사에 남을 단일 경기로 격상된다.","9회 말 2사, 19탈삼진을 기록한 윤주혁 앞에 통산 12타수 무안타 9삼진의 투수 마이클 재키가 퍼펙트게임의 마지막 타자로 선다.","8회와 9회 첫 두 타자까지의 출루 저지는 성공해 퍼펙트 도전이 마지막 한 아웃으로 압축된다.","마이클 재키와의 최종 승부, 메이저리그 최초 개막전 퍼펙트와 퍼펙트게임 최다 탈삼진의 실제 완성이 남는다.","RA-049","high"
"277","277화","리턴 에이스 277화","53364","53531","마지막 한 아웃 앞에서도 윤주혁은 긴장이나 불안 없이 마이클 재키에게 던질 공을 고른다.","한 경기의 역사적 보상이 팀 전체 선물과 4월 연승으로 확장되지만, 하퍼 부상이 곧바로 시즌 비용을 청구한다.","기록을 개인 자랑으로 끝내지 않고 함께 뛴 선수·코치에게 돌려 팀의 장기 동력을 만든다.","9이닝 20탈삼진 퍼펙트, 타석 4타수2안타·1홈런·4타점으로 5대0 승리를 만든 뒤 전 선수·코치에게 5만 달러 롤렉스를 선물한다.","워싱턴은 애틀랜타를 스윕하고 4월 승률 8할에 가깝게 달리지만 하퍼가 손가락 수술로 두 달 이탈한다.","하퍼 공백 직후 호세 페레즈가 한 경기 4홈런을 칠 기회를 맞으며 팀의 다음 해결사 시험이 열린다.","메이저리그 최초 개막전 퍼펙트게임, 20탈삼진, 투타 원맨쇼와 팀원 전체 선물이라는 기록·관계 보상이 겹친다.","경기·기록·관계","윤주혁은 양대 트리플크라운 수상자에서 개막전 역사를 새로 쓴 리그 상징으로 올라서고, 워싱턴은 초반 선두를 잡는다.","하퍼 이탈 뒤 5번으로 올라간 페레즈가 떨어지는 변화구에 위축되자, 한 달간 지켜본 윤주혁은 그가 왜 자기 장점을 잃었는지 대강 짚어 낸다.","퍼펙트 마지막 아웃과 개막전 승패는 20탈삼진 퍼펙트·5대0 승리로, 기록을 동료에게 돌릴지는 전원 롤렉스 선물로 완결된다.","하퍼의 두 달 공백, 페레즈의 타격 위축을 윤주혁이 어떤 방식으로 풀지, 4월 선두 기세가 유지될지가 남는다.","RA-049","high"
"278","278화","리턴 에이스 278화","53532","53752","윤주혁은 과거 장타만 살렸던 페레즈와 지금 타율·삼진을 의식해 자기 스윙을 잃은 페레즈가 너무 다르다고 판단한다.","둘만의 홈런 내기를 유니세프 기부와 봉사에 연결해 개인 경쟁을 팀 타선·공익 보상으로 전환한다.","윤주혁은 페레즈가 실패를 두려워하지 않고 자기 스윙을 하게 만들며 하퍼 공백을 메운다.","홈런 수를 놓고 내기를 제안하고 패자가 기부와 봉사를 더 맡는 조건을 걸어 페레즈의 승부욕을 자극한다.","페레즈는 타율과 삼진을 의식해 장점을 잃고 있으며, 내기가 과욕으로 바뀌면 타격 밸런스와 팀 득점을 해칠 수 있다.","페레즈가 한 경기 4홈런을 몰아치며 윤주혁의 자극이 즉시 폭발적인 결과를 낸다.","워싱턴은 하퍼 없는 경기에서 네 개의 홈런을 얻고, 페레즈는 자신감, 유니세프는 예정된 기부·봉사 약속을 얻는다.","경기·기록","페레즈는 보호받는 신인 거포에서 윤주혁과 기록 경쟁을 나누는 중심 타자로 올라선다.","8년 만의 한국인 메이저리그 선발 맞대결에서 윤주혁이 다저스 첫 타자에게 100마일 포심을 스트라이크로 꽂는다.","페레즈가 부진에서 벗어날 방법은 기부·봉사를 건 홈런 내기로 작동하고, 그 결과 한 경기 4홈런이 터진다.","윤주혁과 류현준 중 누가 투수전을 이길지, 윤주혁이 타석에서 선배의 공까지 공략할지, 홈런 내기의 시즌 결산이 남는다.","RA-050","high"
"279","279화","리턴 에이스 279화","53753","53965","한국 중계진은 윤주혁뿐 아니라 커브·슬라이더 로케이션이 살아난 류현준도 예상 이상이라며 0대0 투수전을 평가한다.","투수전의 긴장을 윤주혁 자신의 홈런과 페레즈의 후속 홈런이 깨면서 투타 겸업의 즉시 보상이 선명해진다.","윤주혁은 마운드에서 류현준에게 뒤지지 않고 타석에서 직접 승리 점수를 만든다.","6회 류현준을 상대로 선제 솔로 홈런을 치고, 페레즈가 추가 홈런을 보탠 뒤 9이닝을 끝까지 막는다.","류현준이 8이닝 2실점으로 호투하고 다저스 타선도 출루를 만들어, 한 번의 실수가 패전으로 직결되는 흐름이다.","윤주혁이 투수 맞대결 상대의 공을 직접 담장 밖으로 넘겨 0대0을 깨고 승리 책임을 투타 모두 떠맡는다.","워싱턴은 2대0 승리, 윤주혁은 9이닝 무실점·15탈삼진·4피안타·1볼넷 완봉과 결승 홈런을 얻는다.","경기·기록·지위·명예","류현준과 윤주혁의 한국인 맞대결은 경쟁보다 서로의 호투를 인정하는 빅리그 대표 경기로 남는다.","완봉을 축하한 류현준은 클레이튼 커쇼가 다음에는 윤주혁과 선발 맞대결을 하고 싶어 벼르고 있다고 알려 준다.","한국인 선발 맞대결과 다저스전 승패는 윤주혁의 결승 홈런·15탈삼진 완봉과 2대0 승리로 끝난다.","커쇼가 원하는 선발 맞대결, 다저스 원정 남은 경기, 페레즈와의 홈런 내기 및 자선 조건이 남는다.","RA-050","high"
"280","280화","리턴 에이스 280화","53966","54199","류현준은 커쇼가 지난 시즌 잘 던지고도 윤주혁에게 사이영상을 빼앗겼기 때문에 맞대결을 원한다고 설명한다.","경쟁 상대와의 관계 보상이 자선 연대로 넓어지고, 한 시리즈 스윕이 6월의 안정된 선두 질주로 이어진다.","윤주혁은 커쇼의 제안을 긍정적으로 검토하면서 팀의 상승세와 페레즈의 타격 성장을 유지한다.","다저스와 남은 경기를 모두 이겨 스윕하고, 페레즈에게 홈런 경쟁과 훈련 피드백을 계속 제공한다.","장거리 원정과 하퍼 공백이 이어지고, 페레즈는 빠른 성장만큼 투수들의 집중 분석을 받기 시작한다.","6월 10일 페레즈가 타율 0.264·13홈런까지 올라서며 한 경기 4홈런이 일회성 폭발이 아니었음이 확인된다.","워싱턴은 다저스 스윕과 선두 안정, 윤주혁은 커쇼와의 공익 네트워크, 페레즈는 중심 타자 지위를 얻는다.","목표·상황","팀의 하퍼 공백 대응은 위기 관리에서 페레즈의 독립적 성장과 두꺼운 타선으로 전환된다.","윤주혁을 포함해 워싱턴 선수 여덟 자리가 올스타 명단에 오르고, 잠시 휴식할 별들의 잔치가 시작된다.","커쇼와 윤주혁의 첫 직접 대화는 향후 선발 맞대결과 자선 활동 동행 약속으로, 페레즈와의 홈런 내기 중간 결과는 아프리카 봉사 부담으로 정리된다.","2014 올스타전 승패와 윤주혁의 투타 역할, 하퍼 복귀 뒤 중심 타선 경쟁, 실제 자선 일정이 남는다.","RA-050","high"
"281","281화","리턴 에이스 281화","54200","54373","기사로 내셔널리그의 11대4 올스타전 승리와 윤주혁의 생애 세 번째 올스타 MVP가 발표된다.","2홈런·3타점과 1⅔이닝 4탈삼진이라는 단기 쇼케이스가 월드시리즈 홈 이점이라는 시즌 보상으로 환전된다.","내셔널리그를 승리로 이끌고 후반기에는 팀 내 슬럼프를 놀이와 경쟁으로 돌파한다.","투타에서 활약해 11대4 승리를 만들고, 후반기 부진한 소리아노·지오·워스·데스몬드 등에게 매일 패자 귀가·월간 최소 홈런 기부 내기를 적용한다.","올스타 이후 여러 베테랑의 동반 부진이 시작되고, 하퍼도 복귀 직후 감각을 다시 찾아야 한다.","하퍼가 복귀 경기에서 곧바로 홈런을 치고 라이언 짐머맨도 벌칙 다음 날 3안타·홈런으로 반응한다.","윤주혁은 세 번째 올스타 MVP, 내셔널리그는 월드시리즈 홈 어드밴티지, 팀은 경쟁 놀이로 살아난 타격감을 얻는다.","능력·기량·경기·기록·지위·명예","윤주혁의 리더십은 자기 기록 생산에서 팀 분위기를 설계하고 베테랑까지 움직이는 방식으로 확대된다.","복귀전 두 홈런으로 내기 첫날을 이긴 브라이스 하퍼가 동료들의 칭찬에 쑥스럽게 웃고, 네 중심 타자의 경쟁이 본격화한다.","올스타전 승패와 전년도에 잃었던 월드시리즈 홈 이점은 11대4 승리로, 윤주혁의 개인 쇼케이스는 세 번째 MVP로 결산된다.","내기가 베테랑들의 슬럼프를 얼마나 오래 끊을지, 완전체 워싱턴이 지구 우승을 언제 확정할지, 시즌 최종 기록이 남는다.","RA-050","high"
"282","282화","리턴 에이스 282화","54374","54589","짐머맨과 페레즈는 하퍼에게 지금만 내기에서 빠질 기회를 주지만, 하퍼는 경쟁이 성적을 올린다는 도발을 받아들인다.","한 시즌 동안 쌓은 경기 승리들이 23경기 차 우승과 윤주혁의 2년 연속 양대 트리플크라운이라는 장기 보상으로 결산된다.","윤주혁과 워싱턴은 압도적 정규시즌을 포스트시즌 컨디션과 홈 이점으로 연결한다.","루크 다니엘스의 휴식 운용 속에서 마지막까지 기록을 관리하고, 선수들은 조기 우승 뒤에도 경기 감각을 유지한다.","너무 일찍 확정된 우승은 긴장 저하를 부를 수 있고 윤주혁은 투수 34경기와 타자 616타수의 큰 workload를 견뎌야 한다.","최종 성적이 타율 0.352·47홈런·145타점, 23승·ERA 1.57·356탈삼진으로 굳으며 개인·팀 목표가 동시에 충족된다.","워싱턴은 23경기 차 지구 우승, 윤주혁은 2년 연속 투타 트리플크라운과 포스트시즌 1선발 지위를 얻는다.","팀·보직·커리어·경기·기록·지위·명예","전년도 가을야구 탈락 팀이 내셔널리그 최강팀으로, 윤주혁은 개인 기록만 남긴 스타에서 팀 독주를 만든 중심으로 바뀐다.","내셔널리그 최종 기록표의 타격 세 부문과 투수 세 부문 맨 위를 모두 윤주혁의 이름이 차지하며 정규시즌이 닫힌다.","하퍼 복귀 뒤 중심 타선 경쟁, 2014 지구 우승, 윤주혁의 정규시즌 개인 기록은 23경기 차 우승과 2년 연속 양대 트리플크라운으로 모두 결산된다.","압도적 정규시즌 전력이 단기 포스트시즌에서도 통할지, 디비전시리즈 대진과 윤주혁의 첫 선발이 남는다.","RA-050","high"
"283","283화","리턴 에이스 283화","54590","54802","양 리그 와일드카드 결과와 디비전시리즈 대진이 확정된 뒤 워싱턴은 샌프란시스코를 홈으로 불러 1차전을 시작한다.","정규시즌 독주가 단기전에서도 통하는지 첫 경기 대량 득점과 에이스 투구로 즉시 검증한다.","윤주혁은 샌프란시스코의 짝수 해 강세를 초반부터 눌러 시리즈 주도권과 불펜 휴식을 확보한다.","1회 워스와 하퍼의 홈런으로 얻은 3점 리드를 지키며 타선을 봉쇄하고, 워싱턴 타선도 계속 장타를 쌓는다.","경험 많은 샌프란시스코는 단기전 반등 능력이 있고, 윤주혁은 타석과 선발 등판을 한꺼번에 수행해야 한다.","1차전이 14대0 대승으로 끝나며 접전 예상이 압도적 전력 차로 바뀐다.","워싱턴은 1차전 완승과 투수진 휴식, 이어진 2차전 7대3 승리로 시리즈 2승을 선점한다.","경기·기록","정규시즌 최강 전력은 포스트시즌에서도 실체를 얻고 샌프란시스코는 한 경기만 더 지면 탈락하는 위치로 몰린다.","14대0 완봉 뒤 워싱턴이 2차전까지 7대3으로 이겨, 샌프란시스코는 한 경기만 더 지면 탈락하는 0승2패가 된다.","정규시즌 독주가 단기전에 이어질지는 홈 두 경기의 14대0·7대3 승리로 답한다.","샌프란시스코 원정 3차전 스윕, 조기 휴식 확보, 챔피언십시리즈 상대가 남는다.","RA-051","high"
"284","284화","리턴 에이스 284화","54803","55002","샌프란시스코 3차전 9회 2사에서 스토렌의 공이 중견수에게 잡혀 워싱턴이 6대3 승리와 NLDS 스윕을 확정한다.","조기 스윕으로 비축한 체력을 커쇼가 기다리는 다저스와의 NLCS에서 선발 맞대결 우위로 바꾼다.","윤주혁은 클레이튼 커쇼와의 1차전에서 새로운 구종 배합으로 다저스 타선을 먼저 제압한다.","윌슨 라모스의 제안을 받아 초반부터 평소 적게 던지던 슬라이더를 집중 구사하고 세 타자 연속 삼진을 잡는다.","커쇼 역시 포스트시즌 약점을 벗고 호투해 타선 지원을 기대하기 어렵고, 다저스 타선은 고속 공에 익숙하다.","슬라이더 구속이 93~95마일까지 찍히며 다저스의 기존 스카우팅 계획이 무력화된다.","워싱턴은 디비전시리즈 스윕으로 휴식을 얻고, 윤주혁은 커쇼전에 쓸 고속 슬라이더라는 추가 지배 수단을 확보한다.","능력·기량","포스트시즌 단계가 샌프란시스코 압살에서 두 리그 최고 투수의 0점대 직접 대결로 바뀐다.","3이닝 동안 고속 슬라이더만 의식하게 된 다저스 첫 타자 디 고든에게 윤주혁이 처음 꺼낸 99마일 투심이 바깥쪽으로 휘어진다.","샌프란시스코 디비전시리즈는 원정 3차전 6대3 승리와 3연승 스윕으로 끝난다.","커쇼와의 0대0 균형을 누가 먼저 깰지, 윤주혁의 다른 주무기들이 다저스 타순에 얼마나 통할지, NLCS 첫 승이 남는다.","RA-051","high"
"285","285화","리턴 에이스 285화","55003","55202","윤주혁과 커쇼가 7회까지 0대0을 유지해 내셔널스 파크 관중도 한 점을 기다린다.","투수전에서 한 번의 출루와 한 번의 실투가 짧은 경기 보상을 결정하고, 중심 타선의 연결이 에이스 승리로 환전된다.","워싱턴은 커쇼가 내려가기 전 한 점을 만들고, 윤주혁은 타석에서도 자기 승리 조건을 마련한다.","대니 에스피노자의 불규칙 바운드 출루 뒤 윤주혁이 바깥쪽 슬라이더를 2루타로 보내 무사 2·3루를 만든다.","커쇼의 구위가 8회까지 유지되고 윤주혁도 앞선 타석 무안타여서, 타선 전체가 단 한 번의 실수만 기다려야 한다.","호세 페레즈의 빗맞은 안타로 첫 점이 들어오고 하퍼의 희생플라이까지 이어져 2대0이 된다.","윤주혁의 장타와 페레즈·하퍼의 팀 배팅으로 완봉 승리에 충분한 두 점을 얻는다.","경기·기록","개인 투수전이 워싱턴 중심 타선의 연결 승부로 변하고 커쇼는 완벽한 피칭 뒤 패전 위기에 놓인다.","하퍼의 희생플라이가 두 번째 주자를 불러들여 2대0이 되고, 커쇼는 고개를 떨군 채 워싱턴의 마지막 수비를 바라보게 된다.","7이닝 0대0과 커쇼 상대 첫 득점 과제는 윤주혁·페레즈·하퍼의 8회 연결로 두 점을 얻으며 끝난다.","윤주혁이 9회까지 두 점을 지켜 완봉할지, 1차전 최종 승패와 다음 날 체력 상태가 남는다.","RA-051","high"
"286","286화","리턴 에이스 286화","55203","55427","윤주혁은 역전을 허용하지 않고 2대0 완봉으로 커쇼와의 NLCS 1차전을 끝까지 책임진다.","에이스에게 휴식을 주는 감독 판단과 신인 필 데이비스 기용이 2차전의 새 승리 경로로 시험받는다.","루크 다니엘스는 윤주혁의 누적 피로를 줄이면서도 조던 짐머맨·대체 3루수로 홈 두 경기를 모두 잡는다.","컨디션 저하를 느낀 윤주혁을 벤치에 두고 필 데이비스를 1번 3루수로 내세워 그레인키를 상대한다.","핵심 타자의 부재로 득점력이 떨어질 수 있고, 필 데이비스는 포스트시즌 경험이 적은 신인이다.","4회 2사 1·3루 위기에서 필 데이비스가 어려운 바운드를 안정적으로 잡아 실점을 막는다.","윤주혁은 필요한 휴식을 얻고, 워싱턴은 신인의 수비로 0대0 흐름과 감독의 선수 운용 신뢰를 지킨다.","능력·기량·팀·보직·커리어·경기·기록·관계","승리 공식이 윤주혁 단독 지배에서 조던 짐머맨·필 데이비스 등 로스터 깊이를 활용하는 방식으로 확장된다.","위기 타구를 망설임 없이 1루로 던져 잡은 필 데이비스가 동료들과 하이파이브한 뒤 4회 말 선두 타자로 배트를 들고 나간다.","커쇼와의 1차전, 윤주혁의 완봉 여부, 워싱턴 첫 승은 2대0으로 모두 닫힌다.","필 데이비스가 타석에서도 역할을 할지, 그레인키와 짐머맨의 0대0 투수전, 윤주혁이 쉰 2차전 결과가 남는다.","RA-051","high"
"287","287화","리턴 에이스 287화","55428","55613","윤주혁은 좋은 3루 수비를 마친 필 데이비스가 이제 타석에서도 한 건 하기를 마음속으로 응원한다.","이름값보다 준비된 신인을 믿은 감독 선택이 선취점과 중심 타선 폭발로 보상된다.","워싱턴은 무사 3루를 반드시 득점으로 연결해 그레인키를 흔들고 시리즈 2승을 잡는다.","제이슨 워스의 땅볼 때 데이비스가 홈을 밟고, 하퍼의 안타 뒤 페레즈가 2점 홈런을 친다.","데이비스의 무사 2루 도루는 실패하면 큰 비난을 받을 독단적 위험이고 그레인키는 앞선 3이닝 퍼펙트였다.","신인의 과감한 주루가 그레인키의 리듬을 깨뜨린 뒤 중심 타선이 연속 득점으로 압박한다.","워싱턴은 6대3 승리로 NLCS 2승을 선점하고, 필 데이비스는 수비·타격·주루 모두에서 주전 후보 가치를 증명한다.","신체·가용성·능력·기량·경기·기록","윤주혁이 쉬어도 이기는 팀 깊이가 확인되고, 데이비스는 향후 3루 공백을 메울 실질적 후보로 부상한다.","워싱턴이 홈 두 경기를 모두 잡은 뒤 다저스타디움에서 NLCS 3차전이 시작되고, 양 리그 월드시리즈 대진을 가를 밤이 열린다.","필 데이비스 기용과 그레인키-짐머맨 2차전은 신인의 수비·2루타·도루·득점 및 6대3 승리로 완결된다.","덕 피스터와 류현준의 3차전, 워싱턴이 원정에서 시리즈를 조기에 끝낼지, 아메리칸리그 상대가 누가 될지가 남는다.","RA-051","high"
"288","288화","리턴 에이스 288화","55614","55752","NLCS 3차전은 예상과 달리 덕 피스터와 류현준이 5회까지 2점씩만 내줘 2대2로 맞선다.","한국인 투수의 호투를 존중하면서도 윤주혁의 한 방이 불펜 교체 직후 승부를 갈라 워싱턴의 스윕을 연다.","윤주혁은 류현준이 내려간 뒤 J.P. 하웰을 공략해 동점 균형을 깨고 시리즈를 조기에 끝낸다.","하웰의 바깥쪽 94마일 패스트볼을 밀어쳐 솔로 홈런을 만들고 이후 타선의 추가 득점을 촉발한다.","류현준은 5이닝 2실점·3피안타로 버티고 워싱턴은 원정에서 예상보다 팽팽한 승부를 치른다.","윤주혁의 3대2 결승 홈런이 역전패의 시발점이 되어 워싱턴이 최종 4연승으로 다저스를 탈락시킨다.","워싱턴은 NLCS 스윕과 충분한 휴식, 윤주혁은 결정적 홈런과 월드시리즈 진출을 얻는다.","팀·보직·커리어·경기·기록","필 데이비스까지 활약한 워싱턴은 에이스와 로스터 깊이를 모두 갖춘 내셔널리그 챔피언이 된다.","한국 방송의 챔피언십시리즈 분석이 끝나고, 이틀 뒤 내셔널스 파크에서 워싱턴과 캔자스시티의 월드시리즈 1차전이 열린다는 클로징 멘트와 함께 온에어 불이 꺼진다.","다저스와의 NLCS는 4연승 스윕으로, 류현준과 맞선 3차전 균형은 윤주혁의 결승 홈런으로, 월드시리즈 상대는 캔자스시티로 확정된다.","쉴즈와 웨이드 데이비스를 다시 상대할 월드시리즈, 캔자스시티의 후반 불펜 트리오 공략, 워싱턴 창단 첫 우승이 남는다.","RA-051","high"
"289","289화","리턴 에이스 289화","55753","55928","두 월드시리즈 팀이 나흘 동안 준비하는 동안 윤주혁은 루크 다니엘스 지시에 따라 추가 훈련보다 충분한 휴식으로 컨디션을 맞춘다.","자기 관리로 만든 최상 컨디션이 제임스 쉴즈와 캔자스시티의 출루 야구를 8이닝 무실점으로 제압한다.","7회 이전 두 점 이상을 얻고 상대의 강철 불펜이 힘을 쓰기 전에 1차전 리드를 굳힌다.","윌슨 라모스와 스카우팅 리포트를 맞춘 뒤 스트라이크 존을 공격해 8회까지 15탈삼진을 잡고 2대0을 지킨다.","쉴즈도 6⅔이닝 2실점·8탈삼진으로 버티고, 에레라·웨이드 데이비스·홀랜드의 0점대 불펜이 추가 득점을 막는다.","높은 투구 수 때문에 9회 마무리를 드류 스토렌에게 넘기면서 개인 완봉보다 팀 승리를 우선한다.","워싱턴은 2점 리드와 불펜 트리오를 일찍 경험한 정보를 얻고, 윤주혁은 월드시리즈 첫 등판을 지배한다.","팀·보직·커리어·경기·기록·지위·명예·관계","탬파 시절 동료 쉴즈·웨이드 데이비스는 우승 동료에서 월드시리즈를 가로막는 직접 경쟁자가 된다.","스토렌이 로렌조 케인을 중견수 뜬공으로 잡지만 캔자스시티 팬들은 다음 타자 에릭 호스머와 그 뒤 빌리 버틀러의 장타에 마지막 희망을 건다.","월드시리즈 전 휴식 선택과 윤주혁의 선발 임무는 8이닝 무실점·15탈삼진으로 보상되고 끝난다.","스토렌이 남은 두 아웃을 잡아 2대0을 확정할지, 캔자스시티 중심 타선의 9회 반격이 남는다.","RA-051","high"
"290","290화","리턴 에이스 290화","55929","56121","2점 차 9회에 원정 팬들이 일어나 힘을 모으자고 외치며 스토렌 상대 역전을 바란다.","윤주혁이 없는 선발 경기에서 캔자스시티 불펜의 위력이 실제 패배 비용으로 드러나고, 원정 반격 과제가 생긴다.","워싱턴은 1승1패로 맞선 채 코프먼 스타디움 세 경기 중 둘을 가져와 홈 복귀 전에 우위를 만든다.","2차전 4대7 패배를 분석하고, 3차전 덕 피스터의 제구를 믿으며 요다노 벤추라에게 초반 투구 수를 쌓게 한다.","조던 짐머맨이 3회까지 4실점하고 7회 전 추격에 실패해 에레라·데이비스·홀랜드를 넘지 못한다.","3차전 6회 윤주혁과 하퍼가 솔로 홈런을 연속으로 치고 벤추라가 심판 판정 뒤 흔들리며 데스몬드의 적시타까지 나온다.","워싱턴은 원정 첫 경기에서 3점 리드와 벤추라 조기 강판을 만들어 시리즈 재주도권을 잡는다.","팀·보직·커리어·경기·기록","월드시리즈는 에이스 한 명의 압승에서 양 팀 불펜과 선발 깊이가 맞붙는 장기전으로 변한다.","판정에 흔들린 벤추라가 강판된 뒤에도 캔자스시티 타선은 워싱턴 불펜을 상대로 다시 범타로 물러나 반격을 만들지 못한다.","1차전은 스토렌의 두 아웃으로 2대0 승리, 2차전은 조던 짐머맨 조기 실점과 상대 불펜에 막혀 4대7 패배로 끝난다.","3차전의 현재 리드를 덕 피스터와 불펜이 지킬지, 원정 세 경기에서 몇 승을 가져갈지가 남는다.","RA-051","high"
"291","291화","리턴 에이스 291화","56122","56310","워싱턴은 3차전을 넉넉히 이겼지만 4차전에서 캔자스시티의 불펜에 막혀 2대4로 져 시리즈가 2승2패가 된다.","원정 마지막 5차전에 다시 등판한 윤주혁의 원맨쇼가 우승까지 한 승만 남기는 확실한 단기 보상으로 돌아온다.","윤주혁은 제임스 쉴즈와의 재대결에서 캔자스시티 타선과 홈 분위기를 완전히 눌러 3승째를 확보한다.","1회부터 100마일 속구와 고속 변화구를 던지고 타선 지원까지 받아 9이닝을 책임져 7대0 승리를 만든다.","4차전 패배로 시리즈가 원점이 되고, 완봉 뒤 하루 휴식만으로 6차전 3루수 출전을 준비해야 한다.","5차전 완봉으로 워싱턴이 3승2패가 되고 윤주혁은 완전하지 않은 컨디션에도 6차전 선발 라인업에 든다.","7대0 원정 완봉, ‘수호자’라는 팬의 호칭, 홈에서 우승을 확정할 두 번의 기회를 얻는다.","경기·기록·지위·명예","윤주혁은 1차전 에이스를 넘어 시리즈 흐름이 꺾일 때마다 승리를 복원하는 우승 청부사로 자리 잡는다.","8회 말 2사 주자 없음, 웨이드 데이비스가 앞선 두 타자를 잡은 뒤 윤주혁이 동점 경기를 끝낼 한 타석에 들어선다.","원정 3~5차전은 워싱턴 2승1패로, 윤주혁의 5차전 임무는 7대0 완봉으로 결산된다.","윤주혁이 웨이드 데이비스의 컷패스트볼을 공략할지, 6차전 결승점과 워싱턴 창단 첫 우승이 남는다.","RA-051","high"
"292","292화","리턴 에이스 292화","56311","56490","8회 말 2사에서 윤주혁은 뒤 타자에게 맡기지 않고 웨이드 데이비스의 공을 반드시 담장 밖으로 넘기겠다고 정한다.","풀카운트 끝의 한 방이 창단 첫 우승·세 번째 월드시리즈 MVP·시즌 전관왕이라는 겹친 보상으로 폭발한다.","윤주혁은 볼넷을 노리지 않고 웨이드 데이비스의 가장 자신 있는 컷패스트볼을 넘겨 그날 시리즈를 끝낸다.","3볼에서 스트라이크 두 개를 지켜 풀카운트를 만든 뒤 몸쪽 낮은 95마일 컷패스트볼을 당겨 솔로 홈런을 친다.","웨이드 데이비스는 볼넷도 감수하며 좋은 공을 주지 않고, 5대4 한 점 차를 스토렌이 9회 지켜야 한다.","낮은 공이 담장을 넘고 스토렌이 에릭 호스머의 마지막 타구를 잡게 하면서 워싱턴의 46년 우승 공백이 끝난다.","워싱턴 창단 첫 우승, 윤주혁의 세 번째 월드시리즈 MVP, 카퍼레이드와 NL MVP·사이영상·3루 골드글러브·실버슬러거·행크 애런상이 주어진다.","능력·기량·경기·기록·지위·명예","윤주혁은 탬파와 워싱턴 두 무관 구단을 우승시킨 역대 최다 3회 WS MVP이자 2년 연속 투타 트리플크라운·최초 타격 7관왕이 된다.","팬들이 4천만 달러 이상 장기계약을 요구하는 글을 읽던 윤주혁에게 윌슨 라모스가 몸을 돌려 무언가를 묻는다.","웨이드 데이비스와의 한 타석, 6차전, 2014 포스트시즌과 워싱턴의 46년 우승 공백은 5대4 승리·창단 첫 우승으로 완결되고, 개인 수상도 전관왕으로 지급된다.","라모스가 묻는 장기계약 여부, 마이크 리조의 제안, 우승 뒤 백악관 일정과 비시즌이 남는다.","RA-051","high"
"293","293화","리턴 에이스 293화","56491","56718","윌슨 라모스는 버스에서 워싱턴이 윤주혁에게 장기계약을 제시했는지 직접 묻지만 아직 아무 연락도 없다는 답을 듣는다.","계약 불확실성 속에서도 백악관 영웅 대우, 귀국, 동료와의 여행, 한유라 재회가 시즌 밖의 관계 보상으로 이어진다.","윤주혁은 최고액 계약 기준을 낮추지 않되 우승 행사를 마치고 한국·잠비아에서 사람들에게 시간을 쓴다.","오바마와 두 번째로 만나 워싱턴의 영웅이라는 말을 듣고, 커쇼와 잠비아 일정을 확인한 뒤 호세 페레즈와 한국행 비행기에 오른다.","마이크 리조는 휴가 출발 때까지 아무 제안을 하지 않고, 4천만 달러급 몸값과 부상 위험 때문에 구단들이 장기계약을 주저한다.","인천공항 도착 뒤 호세 페레즈를 라온 에이전시에 맡긴 윤주혁이 부모 집 근처 카페의 한유라를 먼저 만나러 간다.","백악관의 공식 인정, 호세 페레즈와의 여행 우정, 한유라가 기다리는 사적 귀환을 얻는다.","팀·보직·커리어·경기·기록·지위·명예·관계","시즌의 중심이 우승·수상·계약에서 귀국 관계선과 잠비아 봉사로 이동한다.","페레즈를 라온 에이전시에 내려 준 윤주혁은 부모 집 근처 카페에서 기다린다는 한유라의 메시지를 확인하고 그녀를 먼저 만나러 간다.","월드시리즈 뒤 공식 일정은 오바마와의 백악관 만찬으로 끝나고, 페레즈와의 한국 여행 약속도 실제 귀국으로 이행된다.","한유라와 직접 만난 뒤 두 사람의 관계가 어디까지 나아갈지, 잠비아 봉사 동행, 아직 오지 않은 워싱턴 계약 제안이 남는다.","RA-052","high"
"294","294화","리턴 에이스 294화","56719","56920","윤주혁은 가장 힘든 시즌 중 한유라의 연락이 왜 자꾸 안식처럼 떠올랐는지 생각하며 카페로 들어간다.","장거리 연락으로 쌓인 감정이 연인 관계와 잠비아 봉사 동행이라는 구체적 약속으로 바뀐다.","윤주혁은 한유라에게 일주일 잠비아 여행을 제안하고 관계를 서두르지 않으면서도 진심을 표현한다.","봉사 목적의 잠비아행을 제안하고, 한유라가 “좋아하는 사람과 같이 가는 길”이라 답하자 집에서 와인을 나누며 밤새 서로의 온기를 확인한다.","두 사람 모두 유명 스포츠 스타여서 공개 연애가 곧 기사화될 수 있고, 잠비아는 예방접종과 안전 준비가 필요한 먼 여정이다.","한유라가 공개 발표는 미루자고 하되 커쇼 부부 앞에서는 자연스럽게 여자친구로 소개되며 관계가 사실상 확정된다.","윤주혁은 과거에 놓쳤던 진실한 연애와 정서적 안식처를 얻고, 한유라는 존경하던 선수와 동등한 연인이 된다.","관계","두 사람은 연락하는 동료 선수에서 비공개 연인으로 바뀌고, 호세 페레즈와 함께 잠비아 봉사팀이 된다.","잠비아 숙소에 도착하자 더위에 지친 페레즈가 물만 들이켜고, 윤주혁은 불평하는 친구를 보며 웃는다.","한유라와의 장거리 연락이 연애로 이어질지는 서로의 고백과 잠비아 동행으로 답하고, 커쇼 자선 활동 합류 약속도 현지 도착으로 이행된다.","잠비아에서 실제로 만날 아이들과 봉사 내용, 열애설을 언제 공식화할지, 페레즈가 더위에 적응할지가 남는다.","RA-052","high"
"295","295화","리턴 에이스 295화","56921","57165","잠비아의 더위를 못 견디는 페레즈가 윤주혁의 놀림에 짜증 내고, 윤주혁은 힘들어하는 한유라에게 젖은 수건을 건넨다.","시즌에서 얻은 돈·기술·명성이 아이들의 교육과 꿈이라는 장기 보상으로 이전된다.","세 선수는 단순 방문 사진을 남기기보다 아이들과 신뢰를 쌓고 지속 가능한 도움 방식을 찾는다.","보테를 비롯한 아이들과 공을 주고받고, 윤주혁과 커쇼가 투구를 보여주며 호세 페레즈도 포구와 타격을 함께한다.","더운 환경과 짧은 일주일 일정, 보테가 과거 백인 때문에 어머니를 잃어 낯선 사람을 경계하는 상처가 있다.","보테가 호세에게 먼저 마음을 열고, 호세는 아이의 야구 재능을 보고 전폭 지원을 제안한다.","아이들은 세계 최고 선수들과 야구하고, 호세는 한국 여행보다 더 큰 의미를 잠비아에서 발견하며, 한유라도 봉사라는 공통 가치로 주혁과 가까워진다.","관계","커쇼와 윤주혁의 경쟁 관계는 공익 동료로, 호세는 유쾌한 동행자에서 한 아이의 후원자로 확장된다.","페레즈가 보테의 눈높이에 무릎을 꿇고 제대로 야구를 해 보겠다면 자신이 전폭 지원하겠다고 하자 아이의 두 눈이 커진다.","페레즈가 잠비아 더위와 봉사에 적응할지는 아이들과 헤어지기 싫어하는 모습으로, 커쇼와 윤주혁의 자선 동행은 일주일 공동생활로 답한다.","보테가 후원을 받아들일지, 커쇼가 준비하는 스포츠센터와 페레즈의 지원을 어떻게 연결할지가 남는다.","RA-052","high"
"296","296화","리턴 에이스 296화","57166","57397","페레즈는 커쇼가 잠비아에 세울 소규모 스포츠센터를 통해 보테의 훈련을 돕는 계획이 이미 합의됐다고 밝힌다.","일주일 봉사의 감정적 보상이 시설·투자라는 지속 가능한 구조로 바뀌고, 연애도 공개와 가족 승인으로 다음 단계에 간다.","윤주혁 일행은 현지 지원의 후속을 남긴 채 귀국하고, 주혁과 한유라는 관계를 숨길지 결정한다.","호세가 투자자로 합류하고, 귀국 공항에서 두 사람이 연인 관계임을 공식 인정한 뒤 윤주혁이 한유라를 부모에게 소개한다.","기자들은 봉사보다 열애에 집중하고, 한유라는 첫 공개 연애와 부모 인사를 한꺼번에 감당해야 한다.","“네, 맞습니다”라는 공동 답변으로 열애를 공개하고 윤상현·임혜정이 한유라를 따뜻하게 가족으로 받아들인다.","보테와 현지 아이들은 스포츠·의료 인프라 약속을, 두 연인은 대중의 축하와 부모의 승인, 첫 가족 저녁을 얻는다.","경기·기록·관계","비공개 연인은 공인된 스포츠 스타 커플이 되고, 한유라는 임혜정에게 주혁의 안식처가 되어 달라는 신뢰를 받는다.","한유라가 집 앞에서 먼저 입맞춤하고 다음에는 자기 집에 오라고 한 뒤, 윤주혁은 그녀가 앉았던 자리의 온기를 느끼며 한적한 밤길을 운전한다.","보테 지원은 스포츠·의료센터 투자 계획으로, 잠비아 동행에서 불거진 열애설은 공동 인정으로, 부모 소개는 첫 가족 저녁과 임혜정의 신뢰로 마무리된다.","한유라의 가족과 만날 다음 단계, 장거리 연애의 지속, 여전히 답이 없는 워싱턴 장기계약은 다음 생활·커리어 과제로 남는다.","RA-052","high"
"297","297화","리턴 에이스 297화","57398","57597","아침 조깅을 마친 윤주혁에게 마이크 리조가 직접 전화해 텍사스 레인저스로 트레이드하게 됐다고 알린다.","또 다른 무관 구단이 ‘우승 청부사’에게 FA 직전 한 해와 3,500만 달러를 맡기며 세 번째 창단 첫 우승 도전을 연다.","윤주혁은 갑작스러운 이적을 받아들이고 텍사스에서 투타 겸업·3루 수비를 유지해 최고액 FA 가치를 만든다.","놀란 라이언과 통화하고 가족·한유라에게 이적을 알린 뒤 텍사스로 건너가 1차 협상에서 3,500만 달러 연봉에 합의한다.","텍사스는 전년도 서부지구 꼴찌이고, 윤주혁은 또 새 도시·선수단·수비 체계에 적응해야 하며 한유라와 다시 떨어진다.","놀란 라이언에게 체력이 떨어질 때만 지명타자를 맡고 평소에는 3루수로 뛰겠다고 선택한다.","리그 최고 단년 연봉과 집·차 등 최상급 지원, 한국인 동료 추신우가 있는 팀, FA 전 마지막 가치 증명 기회를 얻는다.","팀·보직·커리어·경기·기록·지위·명예·관계","워싱턴의 창단 첫 우승 영웅이 텍사스 재건의 1선발·3번 타자·3루수로 이동한다.","놀란 라이언과 3루·지명타자 운용을 합의한 직후 집무실 문이 열리고, 윤주혁 영입을 주도한 존 다니엘스 단장이 들어온다.","워싱턴의 장기계약 침묵은 텍사스 트레이드로, 새해 연봉과 투타 수비 역할은 3,500만 달러 및 3루 우선·필요시 지명타자로 정리된다.","존 다니엘스가 이적 대가와 추가 보강을 어떻게 설명할지, 전년도 서부 꼴찌 텍사스의 새 로스터와 우승 가능성이 남는다.","RA-053","high"
"298","298화","리턴 에이스 298화","57598","57818","놀란 라이언은 존 다니엘스가 윤주혁 트레이드에 가장 적극적이었다고 소개하고, 단장은 추가 거래도 곧 발표된다고 답한다.","꼴찌 팀의 대대적 재편과 윤주혁의 성실한 준비가 불안한 시범경기를 지나 개막전 진짜 구위로 보상된다.","윤주혁은 새 감독 데니스 킨과 로스터에 적응하고, 2015 개막전에서 시범경기 부진 우려를 지운다.","개인 트레이너와 조기 훈련하고 추신우에게 동료들을 소개받으며, 워싱턴에서 함께 온 로스 디트와일러와 가야르도 등 보강 전력을 점검한다.","팀은 유망주 셋과 벤치 자원 하나를 내줬고, 프린스 필더·추신우의 부활이 불확실한 채 캑터스리그 12위로 시범경기를 마친다.","오클랜드 개막전 첫 투구에서 시범경기 때 숨긴 103마일을 정확히 꽂아 모든 건강 우려를 뒤집는다.","텍사스는 윤주혁·디트와일러·가야르도 등 강화된 로스터와 신임 감독 체제, 윤주혁은 새 팀 첫 역사 무대를 얻는다.","팀·보직·커리어·관계","시범경기에서 평범해 보이던 고액 이적생이 공식 경기 시작과 함께 더 빨라진 완성형 에이스로 드러난다.","오클랜드 첫 타자 젠트리가 경험하지 못한 103마일에 얼어붙은 가운데, 태연한 윤주혁이 두 번째 공을 던지려 다시 와인드업한다.","텍사스 합류와 캠프 적응, 개막전 1선발·3번 타자 역할은 실제 라인업과 마운드 입장으로 확정된다.","103마일 다음에 어떤 구종이 올지, 개막전 최종 투타 기록, 시범경기 부진 우려가 공식 경기에서 완전히 지워질지가 남는다.","RA-053","high"
"299","299화","리턴 에이스 299화","57819","58034","모든 시선이 공으로 쏠린 가운데 윤주혁의 두 번째 투구가 젠트리 몸쪽으로 공기를 가르며 날아든다.","개막전 11대0·2피안타 완봉이라는 즉시 보상 뒤, 다르빗슈 수술이라는 팀 비용을 신인 대니 스튜어트와 타선 부활로 메운다.","텍사스는 아시아인 원투펀치 계획이 깨져도 선발 로테이션과 초반 선두를 유지한다.","프린스 필더가 3점 홈런을 치고 윤주혁이 완봉한 뒤, 구단은 토미존 수술을 받는 다르빗슈 대신 21세 좌완 스튜어트를 콜업한다.","다르빗슈는 시즌 아웃되고 나머지 선발들의 검증된 성적이 약하며, 윤주혁도 세 번째 등판에서 3실점 패전을 겪는다.","윤주혁이 다음 경기 9이닝 완봉과 4연타석 홈런으로 반등하고 스튜어트도 두 경기 연속 8이닝 무실점으로 등장한다.","개막 12연승, 필더·추신우의 부활 조짐, 스튜어트라는 예상 밖 5선발과 윤주혁의 투타 폭발을 얻는다.","팀·보직·커리어·경기·기록","전년도 꼴찌 텍사스가 윤주혁 한 명뿐 아니라 신인·베테랑이 함께 살아나는 선두 팀으로 변한다.","놀란 라이언은 완성형이 된 윤주혁과 살아나는 필더·신인 스튜어트를 보며 일이 너무 잘 풀려 오히려 불안하다면서도 이들이 텍사스 역사가 되기를 바란다.","시범경기 때의 구속·컨디션 우려와 텍사스 개막전은 103마일, 11대0 2피안타 완봉으로 완전히 닫힌다.","다르빗슈가 사라진 선발진에서 스튜어트가 버틸지, 12연승 이후 첫 위기를 텍사스가 견딜지, 필더·추신우의 부활이 남는다.","RA-053","high"
"300","300화","리턴 에이스 300화","58035","58234","개막 두 달 뒤 텍사스·휴스턴·에인절스가 두 경기 안에 몰려 아메리칸리그 서부 선두 경쟁을 벌인다.","개인의 압도적 월간 기록이 팀의 두 시리즈 연속 스윕으로 이어지고, 신인 스튜어트의 장기 가능성까지 밝혀진다.","윤주혁은 2위권과의 직접 대결에서 연승을 늘리고 스튜어트가 분석당해도 버틸 성장 기반을 확인한다.","타율 0.377·19홈런·45타점, 8승1패·ERA 0.94·151탈삼진을 쌓고 스튜어트의 제구·멘탈과 과거 커리어를 관찰한다.","초반 12연승 뒤 패배가 늘어 1경기 차까지 좁혀지고, 스튜어트는 구속·변화구 완성도 부족으로 곧 분석당할 위험이 있다.","텍사스가 6월 두 시리즈 연속 스윕으로 다시 격차를 벌리고, 윤주혁이 소니 그레이의 유인 커브까지 홈런으로 만든다.","팀은 6연승과 선두 안정, 윤주혁은 타자·투수 삼관왕 페이스, 스튜어트는 5선발 신뢰를 얻는다.","팀·보직·커리어·경기·기록","텍사스의 선두는 개막 반짝임에서 위기를 넘긴 반복 가능한 상승세로 바뀐다.","윤주혁의 커브 공략 홈런으로 분위기가 기울자 소니 그레이가 주름진 미간으로 다음 타자 프린스 필더의 사인을 확인한다.","초반 12연승 뒤 1경기 차까지 좁혀졌던 선두 불안은 두 시리즈 스윕과 6연승으로 한 차례 차단된다.","필더·벨트레·추신우가 소니 그레이를 더 흔들지, 스튜어트의 성장과 선두 격차, 약한 불펜을 어떻게 보강할지가 남는다.","RA-053","high"
"301","301화","리턴 에이스 301화","58235","58381","윤주혁 홈런 뒤 필더가 출루하고 벨트레·추신우가 연속 2루타를 쳐 텍사스가 1회부터 소니 그레이에게 세 점을 얻는다.","신인 선발의 7이닝 1실점과 팀의 10대2 승리가 ‘에이스 카드의 가치도 동료 활용에 달린다’는 시즌 공식을 증명한다.","데니스 킨은 윤주혁 중심 타선과 유동적 테이블세터를 최적화하고, 구단은 포스트시즌 전에 마운드 약점을 보강한다.","스튜어트가 7이닝을 책임지고 팀은 7연승을 달성하며, 방송 분석은 윤주혁·필더·벨트레와 감독의 타순 운용을 세부 수치로 평가한다.","윤주혁 외 선발은 3~4점대, 불펜도 결정력이 부족해 강한 타선이 무너지면 포스트시즌에서 버티기 어렵다.","중간 결산에서 윤주혁 15승1패·ERA 1.04·239탈삼진과 달리 불펜 보강이 우승의 마지막 조건으로 지목된다.","10대2 승리, 7연승, 스튜어트 7이닝 1실점, 데니스 킨의 선수 활용 능력에 대한 외부 인정이 주어진다.","경기·기록·지위·명예·관계","텍사스는 윤주혁 원맨팀이 아니라 감독·신인·부활한 베테랑이 역할을 나누는 우승 후보로 평가받는다.","중간 분석 방송은 텍사스가 올스타전 뒤 불펜을 보강해야 창단 첫 우승을 노릴 수 있다고 결론 내리고, 다른 서부 팀의 성적으로 화제를 돌린 채 계속된다.","소니 그레이전과 스튜어트의 선발 임무는 7이닝 1실점·10대2 승리·7연승으로 결산된다.","존 다니엘스가 데드라인에 어떤 투수 카드를 구할지, 올스타전과 후반기 선두 유지, 윤주혁 외 마운드의 약점이 남는다.","RA-053","high"
"302","302화","리턴 에이스 302화","58382","58584","존 다니엘스는 샘 다이슨·콜 해멀스·제이크 디크먼을 데려와 중반까지 드러난 텍사스 마운드의 약점을 데드라인에서 메운다.","프런트의 과감한 투자가 17경기 차 선두와 포스트시즌 깊이로 돌아오고, 윤주혁의 시즌 속 관계·미래 보상도 겹친다.","윤주혁은 지구 우승을 확정하고 20승·300탈삼진과 타자 7관왕 페이스를 유지하면서 한유라와의 관계도 지킨다.","휴스턴 원정 스윕 뒤 숙소에서 미래의 감독·단장 꿈을 이야기하고, 일주일 방문한 한유라를 공항에 배웅한 뒤 필더와 홈런 내기를 한다.","시즌과 장거리 연애를 병행해야 하고 홈런 부문은 크리스 데이비스와 39개 동률이며, 한유라와 다시 한 달 떨어진다.","2위와 17경기 차, 투수 20승·300탈삼진, 타율 0.371·39홈런·115타점이 동시에 확인되며 정규시즌 목표가 사실상 포스트시즌 준비로 바뀐다.","강화된 선발·불펜·벤치, 한유라와의 짧은 동거 휴식, 20승·300탈삼진과 압도적 타격 기록을 얻는다.","능력·기량·팀·보직·커리어·경기·기록·지위·명예·관계","텍사스는 추격받는 선두에서 우승 확정이 유력한 완성형 로스터로, 윤주혁은 선수 이후 삶까지 꿈꾸는 안정된 성인으로 이동한다.","윤주혁이 오늘 듀라이거 맥주를 걸고 홈런 내기를 하자고 제안하자 프린스 필더는 지난 시리즈에서 자신이 홈런 네 개를 쳤다며 긴장하라고 받아친다.","올스타전 뒤 약점으로 지목된 선발·불펜은 해멀스·디크먼·다이슨 영입으로 보강되고, 한유라의 미국 방문은 일주일 동거와 공항 배웅으로 끝난다.","윤주혁과 크리스 데이비스가 39개로 맞선 홈런왕 경쟁, 텍사스의 지구 우승 확정, 필더와의 당일 홈런 내기가 남는다.","RA-053","high"
"303","303화","리턴 에이스 303화","58585","58846","정규시즌이 끝나자 텍사스는 휴스턴에 19경기 앞서 서부지구 우승을 확정하고, 윤주혁의 투타 성적도 최종 숫자로 굳어진다.","시즌 내내 쌓은 투타 지배가 양대 트리플크라운과 디비전시리즈 16대0 완승이라는 장단기 보상으로 결산된다.","윤주혁은 휴스턴과의 지구 라이벌전을 빠르게 끝내 체력을 아끼고 월드시리즈까지 최상 컨디션을 유지한다.","타율 0.372·50홈런·149타점, 25승·ERA 1.19·358탈삼진으로 양 부문 삼관왕을 확정하고 ALDS 1차전을 완봉한다.","와일드카드에서 양키스를 꺾은 휴스턴은 단기전 반전을 노리고, 윤주혁은 시즌 내내 투타를 겸한 누적 피로가 있다.","텍사스가 1차전을 16대0으로 이기자 데니스 킨은 윤주혁을 2차전 라인업에서도 빼 월드시리즈까지의 장기 체력을 우선한다.","윤주혁은 타자 7개 부문 중 도루를 제외한 전 부문 1위와 투수 트리플크라운, 팀은 지구 우승·ALDS 첫 승을 얻는다.","경기·기록·지위·명예","전년도 꼴찌 텍사스는 리그 최고 승률권 팀으로, 윤주혁은 세 번째 리그에서도 양대 트리플크라운을 만든 선수가 된다.","무사 만루에서 병살을 노린 스캇 카즈미어가 프린스 필더에게 몸쪽 낮은 91마일 속구를 초구로 던진다.","남은 한 달의 서부지구 우승, 홈런왕과 투타 삼관왕 경쟁은 19경기 차 우승 및 윤주혁의 최종 투타 수치로 확정되고, ALDS 1차전은 16대0으로 끝난다.","카즈미어의 초구를 받은 필더가 무사 만루를 해결할지, 윤주혁 없이 치르는 2차전과 휴스턴 시리즈의 최종 승패가 남는다.","RA-054","high"
"304","304화","리턴 에이스 304화","58847","59060","스캇 카즈미어의 공이 프린스 필더의 몸에 맞아 텍사스가 밀어내기 선취점을 얻고, 무사 만루에서 조쉬 해밀턴이 타석에 선다.","감독의 비주전·베테랑 기용이 만루 홈런과 두 자릿수 득점으로 보상되어 윤주혁이 쉬어도 이기는 로스터를 증명한다.","텍사스는 휴스턴의 에이스 스캇 카즈미어를 무너뜨리고 2차전부터 스윕 흐름을 굳힌다.","해밀턴이 체인지업을 중앙 담장 너머로 보내 만루 홈런을 치고, 팀은 13대2 승리 뒤 원정 3차전도 10대4로 이긴다.","카즈미어가 초반 3이닝을 잘 막고, 윤주혁을 뺀 라인업과 부진했던 해밀턴·나폴리 카드에 팬의 불신이 크다.","해밀턴의 만루포가 감독의 도박을 적중시키고 휴스턴의 마지막 반격 의지를 꺾는다.","텍사스는 세 경기 연속 두 자릿수 득점과 3연승 스윕, 윤주혁은 충분한 휴식을 얻는다.","경기·기록·지위·명예","텍사스의 우승 전력은 에이스 의존에서 벤치 베테랑까지 결정타를 만드는 깊은 팀으로 확인된다.","0대0인 7회 초 선두타자 벤 조브리스트가 윤주혁의 바깥쪽 97마일 투심 초구와 이어진 2구에 모두 배트를 내지 않은 채 승부를 이어 간다.","휴스턴과의 ALDS는 16대0·13대2·10대4의 3연승으로 끝나고, 윤주혁을 뺀 라인업의 해밀턴·나폴리 기용도 대량 득점으로 답을 낸다.","조브리스트가 세 번째 공부터 어떻게 대응할지, 윤주혁과 볼케스 중 누가 0대0을 먼저 깨뜨릴지, 캔자스시티와의 ALCS 승자가 남는다.","RA-054","high"
"305","305화","리턴 에이스 305화","59061","59264","0볼 2스트라이크에서 벤 조브리스트가 윤주혁의 공을 걷어 내며 7회 선두타자 승부를 버틴다.","에이스의 드문 실점과 상대 강철 불펜이라는 최대 저항을 조쉬 해밀턴의 대타 홈런과 하위 타선 출루로 되받아친다.","텍사스는 1점 뒤진 7회에 에레라를 공략해 윤주혁의 패전을 지우고 홈 1차전을 뒤집는다.","데니스 킨이 해밀턴을 대타로 내고, 해밀턴이 100마일 속구를 담장 밖으로 보내 1대1 동점을 만든다.","조브리스트가 유일하게 윤주혁을 무너뜨리고, 에레라·라이언 매드슨·웨이드 데이비스로 이어지는 불펜은 정규시즌보다 더 강하다.","아무도 기대하지 않던 해밀턴의 대타 홈런 뒤 델리노 드쉴즈가 2루타를 쳐 역전 주자를 득점권에 둔다.","윤주혁의 패전 위기는 지워지고, 해밀턴은 부진한 베테랑에서 포스트시즌 승부수로 재평가된다.","팀·보직·커리어·경기·기록·지위·명예·관계","캔자스시티가 믿는 후반 불펜 우위가 흔들리고 텍사스 벤치의 다양한 해결사가 시리즈 전면에 나온다.","2사 2루에서 라이언 매드슨의 공을 친 추신우의 타구가 힘없이 내야로 굴러가자, 캔자스시티가 선택한 우완 투입 수가 통한 듯한 순간에서 회차가 끝난다.","조브리스트의 선제 솔로포로 생긴 윤주혁의 패전 위기는 해밀턴의 대타 솔로포로 지워지고, 6회까지의 0대0은 1대1로 다시 맞춰진다.","추신우의 약한 타구가 실제 아웃으로 끝날지, 2루 주자 드쉴즈와 1차전 승부가 어떻게 결산될지가 남는다.","RA-054","high"
"306","306화","리턴 에이스 306화","59265","59416","추신우의 땅볼을 잡은 알시데스 에스코바가 1루로 악송구해 2사 1·2루가 되고, 캔자스시티는 윤주혁을 고의사구로 내보낸다.","상대의 좌완 교체에 맞춘 마이크 나폴리 대타가 만루 홈런을 쳐 감독의 한 수를 시리즈 승리와 스윕으로 확대한다.","텍사스는 1차전 역전을 확정하고 캔자스시티의 불펜 신뢰를 무너뜨려 짧은 시리즈를 만든다.","데니스 킨이 필더 대신 나폴리를 내고, 나폴리가 프랭클린 모랄레스의 초구를 밀어 우측 담장 밖으로 보낸다.","필더라는 4번 타자를 빼는 큰 결단이 필요하고, 캔자스시티는 홈 3경기에서 반전하지 못하면 탈락한다.","나폴리의 만루포 뒤 텍사스가 1·2차전을 모두 이기고, 원정 3차전 윤주혁 홈런을 시작으로 타선이 연속 폭발한다.","텍사스는 캔자스시티를 4연승으로 스윕해 창단 두 번째 월드시리즈 진출과 주 전체의 환영을 얻는다.","신체·가용성·팀·보직·커리어·경기·기록","강철 불펜을 가진 캔자스시티는 에이스 부재로 무너지고, 텍사스는 여러 ‘별’이 위기를 복원하는 유일한 팀으로 부상한다.","9회 초 유넬 에스코바의 2점포와 브라이스 하퍼의 솔로포에 이어 라이언 짐머맨·호세 페레즈가 연속 안타를 쳐 워싱턴이 무사에서 4대5까지 따라붙고, 뉴욕 메츠 팬들이 울상으로 한숨을 쉰다.","캔자스시티와의 ALCS는 나폴리 만루포를 기점으로 한 4연승과 텍사스의 월드시리즈 진출로 완결된다.","아웃카운트 없이 한 점 차까지 추격한 워싱턴의 9회가 역전으로 끝날지, 텍사스의 월드시리즈 상대와 창단 첫 우승이 남는다.","RA-054","high"
"307","307화","리턴 에이스 307화","59417","59641","메츠가 두 타자를 잡아 워싱턴의 9회 추격을 2사 4대5까지 몰아붙이고, 대타 클린트 로빈슨이 마지막 타석에 들어선다.","클린트 로빈슨의 대타 역전포가 윤주혁 없이도 버틴 옛 팀을 월드시리즈로 올리고, ‘윤주혁 더비’라는 관계 결산을 만든다.","워싱턴은 마지막 아웃 전에 역전해 2년 연속 월드시리즈에 가고, 텍사스는 자신을 잘 아는 전 소속팀을 넘어선다.","로빈슨이 파밀리아의 풀카운트 싱커를 2점 홈런으로 보내고 스토렌이 9회 말을 막은 뒤, 양 팀은 1차전 라인업과 분석을 맞춘다.","워싱턴은 2사까지 몰리고 메츠 마무리 파밀리아를 상대로 5점 차를 뒤집어야 하며, 윤주혁은 자신을 철저히 분석한 하퍼·페레즈·짐머맨을 상대한다.","워싱턴의 기적적 역전으로 월드시리즈가 텍사스 대 워싱턴이 되고, 1차전 첫 두 타자가 2루타·볼넷으로 윤주혁을 압박한다.","워싱턴은 2년 연속 월드시리즈, 텍사스는 전국적 관심과 전 구단을 직접 꺾을 무대를 얻는다.","경기·기록·지위·명예·관계","옛 동료 관계는 우승을 함께했던 협력에서 서로의 왕조를 가로막는 최종 경쟁으로 바뀐다.","무사 1·2루에서 브라이스 하퍼가 타석에 서자 윤주혁은 좌타자 바깥쪽을 넓게 잡는 구심의 존을 읽고 101마일 속구 두 개를 연속 스트라이크로 꽂는다.","워싱턴-메츠 NLCS 7차전은 클린트 로빈슨의 역전 2점 홈런과 스토렌의 9회 말 마무리로 끝나고 월드시리즈 대진이 확정된다.","0볼 2스트라이크의 하퍼 승부와 무사 1·2루 실점 위기, 윤주혁을 잘 아는 워싱턴과 텍사스의 월드시리즈가 남는다.","RA-054","high"
"308","308화","리턴 에이스 308화","59642","59859","브라이스 하퍼는 평소보다 넓은 바깥쪽 스트라이크 판정에 표정을 찌푸리고, 윤주혁은 그 존을 이용해 초반 위기를 풀기 시작한다.","한 이닝의 위기 탈출과 맥스 슈어저 상대 10구 홈런이 1차전 승리, 두 경기 선점, 원정 3차전 우위로 겹친다.","텍사스는 워싱턴의 초반 득점 기회를 지우고 홈 두 경기를 모두 잡은 뒤 지명타자 없는 원정에서도 전력을 유지한다.","하퍼·페레즈를 변화구로 잡고 짐머맨의 배트를 부러뜨린 뒤, 슈어저의 스트라이크존 밖 체인지업을 퍼 올려 솔로 홈런을 친다.","슈어저의 구위와 워싱턴의 윤주혁 분석, 내셔널리그 원정에서 지명타자가 사라지는 라인업 손실이 있다.","텍사스가 1·2차전을 이긴 뒤 데니스 킨이 3차전에 좌타자 여섯 명과 윤주혁 3루수 카드를 배치해 제도 차이까지 상쇄한다.","홈 2연승, 원정 5회까지 4대1 리드, 페레즈의 강한 타구를 잡는 윤주혁의 3루 호수비가 주어진다.","능력·기량·경기·기록","워싱턴은 윤주혁을 분석한 팀에서 그가 빠지자 경기 분위기를 바꿀 에이스가 없는 팀으로 드러난다.","윤주혁이 호세 페레즈의 라인드라이브를 잡은 뒤 콜비 루이스가 제구를 되찾고, 5회 말 워싱턴의 다음 타자까지 내야 땅볼로 물러나며 4대1 경기가 계속된다.","1차전 무사 1·2루는 무실점으로, 텍사스의 홈 두 경기는 2연승으로 끝나고 지명타자 없는 3차전의 라인업 선택도 네 점으로 효력을 낸다.","5회 이후 워싱턴이 세 점 차를 뒤집을지, 텍사스가 3승 무패를 만들지, 시리즈 최종 우승팀이 남는다.","RA-054","high"
"309","309화","리턴 에이스 309화","59860","60186","텍사스가 3차전까지 이겨 3승 무패가 되자 추신우는 생애 첫 우승 반지를 기대하고, 데니스 킨은 신인 대니 스튜어트를 4차전 선발로 내세운다.","신인의 6이닝 무실점, 윤주혁의 결승 3루타와 3이닝 세이브가 세대·포지션을 넘나드는 우승 결산으로 모인다.","텍사스는 1대0 한 점을 지켜 원정에서 스윕하고, 윤주혁은 네 번째 월드시리즈 MVP 경쟁까지 끝낸다.","스튜어트가 정교한 코너워크로 버티고 윤주혁이 유일한 타점 3루타를 친 뒤 7회부터 불펜 등판해 9회까지 책임진다.","지오 곤잘레스도 강타자와 승부를 피하며 1실점만 하고, 하퍼의 9회 타구가 담장 직전까지 날아가 한 점 리드가 위협받는다.","윤주혁이 하퍼를 뜬공, 페레즈를 외야 플라이, 짐머맨을 삼진으로 잡아 1대0 승리를 확정한다.","텍사스 창단 첫 월드시리즈 우승, 추신우·놀란 라이언·팬들의 숙원 해소, 윤주혁의 네 번째 우승과 네 번째 WS MVP가 주어진다.","팀·보직·커리어·경기·기록·지위·명예","윤주혁은 선발·3루수·결승타자·3이닝 마무리를 한 시리즈에 수행하며 세 무관 구단을 우승시킨 ‘우승 청부사’로 완성된다.","윤주혁의 3구째 공이 바깥쪽에서 몸쪽으로 꺾여 라이언 짐머맨을 삼진 처리하고, 1대0 승리와 텍사스 레인저스의 창단 첫 월드시리즈 우승이 확정된다.","월드시리즈 4차전과 2015 포스트시즌은 윤주혁의 결승타·3이닝 무실점 마무리, 1대0 승리, 텍사스의 4연승 스윕과 창단 첫 우승으로 완결된다.","마지막 아웃 직후 텍사스 선수단과 팬들이 맞을 축하, 시리즈 MVP 발표와 우승 다음 날의 행보가 남는다.","RA-054","high"
"310","310화","리턴 에이스 310화","60187","60397","텍사스 팬들은 창단 첫 우승과 네 번째 월드시리즈 MVP를 얻은 윤주혁에게 감사를 보내고, 그는 우승 당일 밤 지난 6년의 기록과 땀을 돌아본다.","네 번의 우승으로 쌓은 시장가치가 결혼과 10년 5억2천만 달러 계약으로 결산되고, 새 계약은 컵스의 108년 우승 공백 해소로 다시 환전된다.","윤주혁은 역대 최고액 FA 기록을 세우고 한유라와 가정을 꾸린 뒤, 시카고 컵스까지 정상에 올려 베이브 루스를 넘는 전설로 간다.","한유라에게 반지를 건네 결혼하고, 조 매든·테오 엡스타인의 컵스와 계약하며, 2016년 정규시즌 독주와 포스트시즌 7연승을 이끈다.","2016 월드시리즈에서 컵스는 1·3·6차전을 잃어 3승3패까지 몰리고, 7차전 9회 채프먼이 홈런을 맞아 4대3 한 점 차가 된다.","윤주혁이 조 매든에게 직접 마무리 등판을 요청해 라자이 데이비스를 삼진, 코코 크리스프를 내야 뜬공으로 잡는다.","역대 최고 10년 5억2천만 달러, 한유라와의 결혼, 컵스의 108년 만의 월드시리즈 우승과 다섯 번째 반지가 한 장에 겹친다.","신체·가용성·경기·기록·지위·명예·관계","첫 생의 어깨 부상으로 투수 꿈을 접었던 명예의 전당 타자는 탬파·워싱턴·텍사스·컵스의 우승을 만든 투타 전설이자 가족을 가진 선수로 완결된다.","코코 크리스프의 내야 뜬공을 벤 조브리스트가 잡아 컵스의 108년 만의 우승이 확정되고, 동료들에게 덮인 윤주혁은 베이브 루스를 넘어 메이저리그의 전설이 되겠다는 다음 포부를 품은 채 웃는다.","한유라와의 관계는 결혼으로, 역대 최고액 FA 목표는 10년 5억2천만 달러로, 무관 구단을 우승시키는 커리어는 컵스의 108년 저주 해제로 결산되며 작품도 완결된다.","서사상 미결 사건은 없고, 윤주혁의 더 긴 선수 생활과 베이브 루스 초월이라는 완결 뒤 미래만 열린 채 남는다.","RA-055","medium"
