sequence,visible_label,title,start_line,end_line,entry_state,reader_promise,protagonist_goal,action,resistance_or_cost,turn_or_reveal,paid_reward,state_change_axis,state_change,ending_hook,closed_loops,opened_loops,arc_id,confidence
681,성공시대 681화,석탄 게이트,95534,95689,"앞 구간에서 누적된 김종필–김재규 권력 충돌 위에, 이 화 안의 원문 #석탄 게이트 전환이 새 사건을 연다.",‘대국일보가 석탄 비리를 폭로하고 종일은 치앙마이 농장 바나나·파인애플 판로를 함께 점검한다’까지 가기 전에 ‘김용태 비리 폭로가 김종필의 당권과 차기 구도를 함께 무너뜨린다’라는 압력을 넘을 수 있는가가 이 화의 독자 질문이다.,김재규·김정렴의 공세에서 김종필계와 국정 안정의 손실을 제한한다.,김정렴과 김재규가 김용태의 석탄 통합 뇌물 문건을 대국일보 이재형 기자에게 넘긴다.,김용태 비리 폭로가 김종필의 당권과 차기 구도를 함께 무너뜨린다.,정치 권력 축이 석탄 게이트와 김용태 낙마의 다음 단계로 이동한다.,유예: 정치적 생존 공간과 대응 시한을 번다.,politics,다음 판단의 기준이 ‘대국일보가 석탄 비리를 폭로하고 종일은 치앙마이 농장 바나나·파인애플 판로를 함께 점검한다’로 옮겨 간다.,다음 회차에는 대국일보가 석탄 비리를 폭로하고 종일은 치앙마이 농장 바나나·파인애플 판로를 함께 점검한다,앞 구간에서 열린 권력 충돌이 석탄 문건의 언론 전달까지 진행된다.,대국일보가 석탄 비리를 폭로하고 종일은 치앙마이 농장 바나나·파인애플 판로를 함께 점검한다; 석탄 게이트와 김용태 낙마,L01,high
682,성공시대 682화,석탄 게이트,95690,95843,직전 화의 ‘김정렴과 김재규가 김용태의 석탄 통합 뇌물 문건을 대국일보 이재형 기자에게 넘긴다’가 만든 조건에서 석탄 게이트와 김용태 낙마의 압박 단계가 시작된다.,‘김재규가 보도 무마 청탁을 거절하자 김용태 아들의 병역 비리와 시위가 연쇄 폭발한다’까지 가기 전에 ‘김용태 비리 폭로가 김종필의 당권과 차기 구도를 함께 무너뜨린다’라는 압력을 넘을 수 있는가가 이 화의 독자 질문이다.,김재규·김정렴의 공세에서 김종필계와 국정 안정의 손실을 제한한다.,대국일보가 석탄 비리를 폭로하고 종일은 치앙마이 농장 바나나·파인애플 판로를 함께 점검한다.,김용태 비리 폭로가 김종필의 당권과 차기 구도를 함께 무너뜨린다.,정치 권력 축이 석탄 게이트와 김용태 낙마의 다음 단계로 이동한다.,유예: 동맹 또는 공적 명분을 확보한다.,politics,다음 판단의 기준이 ‘김재규가 보도 무마 청탁을 거절하자 김용태 아들의 병역 비리와 시위가 연쇄 폭발한다’로 옮겨 간다.,다음 회차에는 김재규가 보도 무마 청탁을 거절하자 김용태 아들의 병역 비리와 시위가 연쇄 폭발한다,직전 화의 ‘김정렴과 김재규가 김용태의 석탄 통합 뇌물 문건을 대국일보 이재형 기자에게 넘긴다’가 남긴 즉시 과제는 이번 실행으로 결론을 미룬 채 다음 압력으로 넘어간다.,김재규가 보도 무마 청탁을 거절하자 김용태 아들의 병역 비리와 시위가 연쇄 폭발한다; 석탄 게이트와 김용태 낙마,L01,high
683,성공시대 683화,석탄 게이트,95844,95993,직전 화의 ‘대국일보가 석탄 비리를 폭로하고 종일은 치앙마이 농장 바나나·파인애플 판로를 함께 점검한다’가 만든 조건에서 석탄 게이트와 김용태 낙마의 전환 단계가 시작된다.,‘신직수가 청와대의 김용태 희생 가능성을 전하고 대통령은 김종필과 선거 피해를 계산한다’까지 가기 전에 ‘김용태 비리 폭로가 김종필의 당권과 차기 구도를 함께 무너뜨린다’라는 압력을 넘을 수 있는가가 이 화의 독자 질문이다.,김재규·김정렴의 공세에서 김종필계와 국정 안정의 손실을 제한한다.,김재규가 보도 무마 청탁을 거절하자 김용태 아들의 병역 비리와 시위가 연쇄 폭발한다.,김용태 비리 폭로가 김종필의 당권과 차기 구도를 함께 무너뜨린다.,정치 권력 축이 석탄 게이트와 김용태 낙마의 다음 단계로 이동한다.,유예: 상대의 거짓말과 취약점이 가시화된다.,politics,다음 판단의 기준이 ‘신직수가 청와대의 김용태 희생 가능성을 전하고 대통령은 김종필과 선거 피해를 계산한다’로 옮겨 간다.,다음 회차에는 신직수가 청와대의 김용태 희생 가능성을 전하고 대통령은 김종필과 선거 피해를 계산한다,직전 화의 ‘대국일보가 석탄 비리를 폭로하고 종일은 치앙마이 농장 바나나·파인애플 판로를 함께 점검한다’가 남긴 즉시 과제는 이번 실행으로 결론을 미룬 채 다음 압력으로 넘어간다.,신직수가 청와대의 김용태 희생 가능성을 전하고 대통령은 김종필과 선거 피해를 계산한다; 석탄 게이트와 김용태 낙마,L01,high
684,성공시대 684화,석탄 게이트,95994,96127,직전 화의 ‘김재규가 보도 무마 청탁을 거절하자 김용태 아들의 병역 비리와 시위가 연쇄 폭발한다’가 만든 조건에서 석탄 게이트와 김용태 낙마의 전환 단계가 시작된다.,‘대통령이 사퇴를 요구하고 김종필이 김용태에게 의원직 사퇴와 검찰 출두를 받아낸다’까지 가기 전에 ‘김용태 비리 폭로가 김종필의 당권과 차기 구도를 함께 무너뜨린다’라는 압력을 넘을 수 있는가가 이 화의 독자 질문이다.,김재규·김정렴의 공세에서 김종필계와 국정 안정의 손실을 제한한다.,신직수가 청와대의 김용태 희생 가능성을 전하고 대통령은 김종필과 선거 피해를 계산한다.,김용태 비리 폭로가 김종필의 당권과 차기 구도를 함께 무너뜨린다.,정치 권력 축이 석탄 게이트와 김용태 낙마의 다음 단계로 이동한다.,유예: 공격 주체와 권력선이 선명해진다.,politics,다음 판단의 기준이 ‘대통령이 사퇴를 요구하고 김종필이 김용태에게 의원직 사퇴와 검찰 출두를 받아낸다’로 옮겨 간다.,다음 회차에는 대통령이 사퇴를 요구하고 김종필이 김용태에게 의원직 사퇴와 검찰 출두를 받아낸다,직전 화의 ‘김재규가 보도 무마 청탁을 거절하자 김용태 아들의 병역 비리와 시위가 연쇄 폭발한다’가 남긴 즉시 과제는 이번 실행으로 결론을 미룬 채 다음 압력으로 넘어간다.,대통령이 사퇴를 요구하고 김종필이 김용태에게 의원직 사퇴와 검찰 출두를 받아낸다; 석탄 게이트와 김용태 낙마,L01,high
685,성공시대 685화,석탄 게이트,96128,96263,직전 화의 ‘신직수가 청와대의 김용태 희생 가능성을 전하고 대통령은 김종필과 선거 피해를 계산한다’가 만든 조건에서 석탄 게이트와 김용태 낙마의 결산 단계가 시작된다.,‘김용태와 김종필이 잇달아 물러난 뒤 대성은 50억 달러 아라비아 횡단 파이프라인 견적에 들어간다’까지 가기 전에 ‘김용태 비리 폭로가 김종필의 당권과 차기 구도를 함께 무너뜨린다’라는 압력을 넘을 수 있는가가 이 화의 독자 질문이다.,김재규·김정렴의 공세에서 김종필계와 국정 안정의 손실을 제한한다.,대통령이 사퇴를 요구하고 김종필이 김용태에게 의원직 사퇴와 검찰 출두를 받아낸다.,김용태 비리 폭로가 김종필의 당권과 차기 구도를 함께 무너뜨린다.,정치 권력 축이 석탄 게이트와 김용태 낙마의 가시적 결산으로 이동한다.,지급: 정치적 생존 공간과 대응 시한을 번다.,politics,다음 판단의 기준이 ‘김용태와 김종필이 잇달아 물러난 뒤 대성은 50억 달러 아라비아 횡단 파이프라인 견적에 들어간다’로 옮겨 간다.,다음 회차에는 김용태와 김종필이 잇달아 물러난 뒤 대성은 50억 달러 아라비아 횡단 파이프라인 견적에 들어간다,직전 화의 ‘신직수가 청와대의 김용태 희생 가능성을 전하고 대통령은 김종필과 선거 피해를 계산한다’가 남긴 즉시 과제는 이번 실행으로 구체 성과로 확인된다.,김용태와 김종필이 잇달아 물러난 뒤 대성은 50억 달러 아라비아 횡단 파이프라인 견적에 들어간다; 다음 소제목 #아라비아 횡단 파이프라인 프로젝트,L01,high
686,성공시대 686화,아라비아 횡단 파이프라인 프로젝트,96264,96384,"직전 화의 ‘대통령이 사퇴를 요구하고 김종필이 김용태에게 의원직 사퇴와 검찰 출두를 받아낸다’가 한 국면을 닫은 뒤, 이 화 안의 원문 #아라비아 횡단 파이프라인 프로젝트 전환이 50억 달러 횡단관 보증과 역습의 씨앗을 연다.",‘수출입은행 보증 한계가 드러나고 김재규계는 김종필의 서산·제주 자산을 추적한다’까지 가기 전에 ‘대규모 보증 공백과 김종필계 자산 폭로가 사업·정치 양쪽의 신용을 훼손한다’라는 압력을 넘을 수 있는가가 이 화의 독자 질문이다.,아라비아 횡단 파이프라인 입찰 보증을 확보하면서 정치 리스크를 견딘다.,김용태와 김종필이 잇달아 물러난 뒤 대성은 50억 달러 아라비아 횡단 파이프라인 견적에 들어간다.,대규모 보증 공백과 김종필계 자산 폭로가 사업·정치 양쪽의 신용을 훼손한다.,사업 규모 축이 50억 달러 횡단관 보증과 역습의 씨앗의 다음 단계로 이동한다.,유예: 경쟁자보다 먼저 물류·현장·시장 거점을 선점한다.,business,다음 판단의 기준이 ‘수출입은행 보증 한계가 드러나고 김재규계는 김종필의 서산·제주 자산을 추적한다’로 옮겨 간다.,다음 회차에는 수출입은행 보증 한계가 드러나고 김재규계는 김종필의 서산·제주 자산을 추적한다,직전 화의 ‘대통령이 사퇴를 요구하고 김종필이 김용태에게 의원직 사퇴와 검찰 출두를 받아낸다’가 남긴 즉시 과제는 이번 실행으로 결론을 미룬 채 다음 압력으로 넘어간다.,수출입은행 보증 한계가 드러나고 김재규계는 김종필의 서산·제주 자산을 추적한다; 50억 달러 횡단관 보증과 역습의 씨앗,L02,high
687,성공시대 687화,아라비아 횡단 파이프라인 프로젝트,96385,96519,직전 화의 ‘김용태와 김종필이 잇달아 물러난 뒤 대성은 50억 달러 아라비아 횡단 파이프라인 견적에 들어간다’가 만든 조건에서 50억 달러 횡단관 보증과 역습의 씨앗의 압박 단계가 시작된다.,‘리먼브라더스가 1백만 달러 수수료로 5억 달러 보증을 제안하고 종일은 원유 선물 1억 달러 포지션을 유지한다’까지 가기 전에 ‘대규모 보증 공백과 김종필계 자산 폭로가 사업·정치 양쪽의 신용을 훼손한다’라는 압력을 넘을 수 있는가가 이 화의 독자 질문이다.,아라비아 횡단 파이프라인 입찰 보증을 확보하면서 정치 리스크를 견딘다.,수출입은행 보증 한계가 드러나고 김재규계는 김종필의 서산·제주 자산을 추적한다.,대규모 보증 공백과 김종필계 자산 폭로가 사업·정치 양쪽의 신용을 훼손한다.,사업 규모 축이 50억 달러 횡단관 보증과 역습의 씨앗의 다음 단계로 이동한다.,유예: 계약·자금·기술 가운데 하나가 실제 자산으로 남는다.,business,다음 판단의 기준이 ‘리먼브라더스가 1백만 달러 수수료로 5억 달러 보증을 제안하고 종일은 원유 선물 1억 달러 포지션을 유지한다’로 옮겨 간다.,다음 회차에는 리먼브라더스가 1백만 달러 수수료로 5억 달러 보증을 제안하고 종일은 원유 선물 1억 달러 포지션을 유지한다,직전 화의 ‘김용태와 김종필이 잇달아 물러난 뒤 대성은 50억 달러 아라비아 횡단 파이프라인 견적에 들어간다’가 남긴 즉시 과제는 이번 실행으로 결론을 미룬 채 다음 압력으로 넘어간다.,리먼브라더스가 1백만 달러 수수료로 5억 달러 보증을 제안하고 종일은 원유 선물 1억 달러 포지션을 유지한다; 50억 달러 횡단관 보증과 역습의 씨앗,L02,high
688,성공시대 688화,아라비아 횡단 파이프라인 프로젝트,96520,96657,직전 화의 ‘수출입은행 보증 한계가 드러나고 김재규계는 김종필의 서산·제주 자산을 추적한다’가 만든 조건에서 50억 달러 횡단관 보증과 역습의 씨앗의 압박 단계가 시작된다.,‘종희가 아영을 돌보다 루시 인형과 기저귀 소동을 겪어 권력전의 긴장을 가족 희극으로 환기한다’까지 가기 전에 ‘대규모 보증 공백과 김종필계 자산 폭로가 사업·정치 양쪽의 신용을 훼손한다’라는 압력을 넘을 수 있는가가 이 화의 독자 질문이다.,아라비아 횡단 파이프라인 입찰 보증을 확보하면서 정치 리스크를 견딘다.,리먼브라더스가 1백만 달러 수수료로 5억 달러 보증을 제안하고 종일은 원유 선물 1억 달러 포지션을 유지한다.,대규모 보증 공백과 김종필계 자산 폭로가 사업·정치 양쪽의 신용을 훼손한다.,사업 규모 축이 50억 달러 횡단관 보증과 역습의 씨앗의 다음 단계로 이동한다.,유예: 다음 투자 판단에 필요한 가격과 위험을 확보한다.,business,다음 판단의 기준이 ‘종희가 아영을 돌보다 루시 인형과 기저귀 소동을 겪어 권력전의 긴장을 가족 희극으로 환기한다’로 옮겨 간다.,다음 회차에는 종희가 아영을 돌보다 루시 인형과 기저귀 소동을 겪어 권력전의 긴장을 가족 희극으로 환기한다,직전 화의 ‘수출입은행 보증 한계가 드러나고 김재규계는 김종필의 서산·제주 자산을 추적한다’가 남긴 즉시 과제는 이번 실행으로 결론을 미룬 채 다음 압력으로 넘어간다.,종희가 아영을 돌보다 루시 인형과 기저귀 소동을 겪어 권력전의 긴장을 가족 희극으로 환기한다; 50억 달러 횡단관 보증과 역습의 씨앗,L02,high
689,성공시대 689화,아라비아 횡단 파이프라인 프로젝트,96658,96837,직전 화의 ‘리먼브라더스가 1백만 달러 수수료로 5억 달러 보증을 제안하고 종일은 원유 선물 1억 달러 포지션을 유지한다’가 만든 조건에서 50억 달러 횡단관 보증과 역습의 씨앗의 전환 단계가 시작된다.,‘보증 업무를 마친 종일이 직원들과 과음해 귀가하고 현영의 돌봄 속에서 숨을 고른다’까지 가기 전에 ‘대규모 보증 공백과 김종필계 자산 폭로가 사업·정치 양쪽의 신용을 훼손한다’라는 압력을 넘을 수 있는가가 이 화의 독자 질문이다.,아라비아 횡단 파이프라인 입찰 보증을 확보하면서 정치 리스크를 견딘다.,종희가 아영을 돌보다 루시 인형과 기저귀 소동을 겪어 권력전의 긴장을 가족 희극으로 환기한다.,대규모 보증 공백과 김종필계 자산 폭로가 사업·정치 양쪽의 신용을 훼손한다.,사업 규모 축이 50억 달러 횡단관 보증과 역습의 씨앗의 다음 단계로 이동한다.,유예: 조직 실행력과 장기 현금흐름의 기반을 넓힌다.,business,다음 판단의 기준이 ‘보증 업무를 마친 종일이 직원들과 과음해 귀가하고 현영의 돌봄 속에서 숨을 고른다’로 옮겨 간다.,다음 회차에는 보증 업무를 마친 종일이 직원들과 과음해 귀가하고 현영의 돌봄 속에서 숨을 고른다,직전 화의 ‘리먼브라더스가 1백만 달러 수수료로 5억 달러 보증을 제안하고 종일은 원유 선물 1억 달러 포지션을 유지한다’가 남긴 즉시 과제는 이번 실행으로 결론을 미룬 채 다음 압력으로 넘어간다.,보증 업무를 마친 종일이 직원들과 과음해 귀가하고 현영의 돌봄 속에서 숨을 고른다; 50억 달러 횡단관 보증과 역습의 씨앗,L02,high
690,성공시대 690화,아라비아 횡단 파이프라인 프로젝트,96838,97008,직전 화의 ‘종희가 아영을 돌보다 루시 인형과 기저귀 소동을 겪어 권력전의 긴장을 가족 희극으로 환기한다’가 만든 조건에서 50억 달러 횡단관 보증과 역습의 씨앗의 전환 단계가 시작된다.,‘김종필은 김재규가 석탄 게이트를 키웠다는 정보를 얻고 성태정을 통한 반격의 실마리를 잡는다’까지 가기 전에 ‘대규모 보증 공백과 김종필계 자산 폭로가 사업·정치 양쪽의 신용을 훼손한다’라는 압력을 넘을 수 있는가가 이 화의 독자 질문이다.,아라비아 횡단 파이프라인 입찰 보증을 확보하면서 정치 리스크를 견딘다.,보증 업무를 마친 종일이 직원들과 과음해 귀가하고 현영의 돌봄 속에서 숨을 고른다.,대규모 보증 공백과 김종필계 자산 폭로가 사업·정치 양쪽의 신용을 훼손한다.,사업 규모 축이 50억 달러 횡단관 보증과 역습의 씨앗의 다음 단계로 이동한다.,유예: 경쟁자보다 먼저 물류·현장·시장 거점을 선점한다.,business,다음 판단의 기준이 ‘김종필은 김재규가 석탄 게이트를 키웠다는 정보를 얻고 성태정을 통한 반격의 실마리를 잡는다’로 옮겨 간다.,다음 회차에는 김종필은 김재규가 석탄 게이트를 키웠다는 정보를 얻고 성태정을 통한 반격의 실마리를 잡는다,직전 화의 ‘종희가 아영을 돌보다 루시 인형과 기저귀 소동을 겪어 권력전의 긴장을 가족 희극으로 환기한다’가 남긴 즉시 과제는 이번 실행으로 결론을 미룬 채 다음 압력으로 넘어간다.,김종필은 김재규가 석탄 게이트를 키웠다는 정보를 얻고 성태정을 통한 반격의 실마리를 잡는다; 50억 달러 횡단관 보증과 역습의 씨앗,L02,high
691,성공시대 691화,아라비아 횡단 파이프라인 프로젝트,97009,97173,직전 화의 ‘보증 업무를 마친 종일이 직원들과 과음해 귀가하고 현영의 돌봄 속에서 숨을 고른다’가 만든 조건에서 50억 달러 횡단관 보증과 역습의 씨앗의 결산 단계가 시작된다.,‘김용태가 검찰에 출두하고 종일이 청와대 훈장을 받는 날 DMZ 미군 피격으로 전쟁 위기가 터진다’까지 가기 전에 ‘대규모 보증 공백과 김종필계 자산 폭로가 사업·정치 양쪽의 신용을 훼손한다’라는 압력을 넘을 수 있는가가 이 화의 독자 질문이다.,아라비아 횡단 파이프라인 입찰 보증을 확보하면서 정치 리스크를 견딘다.,김종필은 김재규가 석탄 게이트를 키웠다는 정보를 얻고 성태정을 통한 반격의 실마리를 잡는다.,대규모 보증 공백과 김종필계 자산 폭로가 사업·정치 양쪽의 신용을 훼손한다.,사업 규모 축이 50억 달러 횡단관 보증과 역습의 씨앗의 가시적 결산으로 이동한다.,부분 지급: 계약·자금·기술 가운데 하나가 실제 자산으로 남는다.,business,다음 판단의 기준이 ‘김용태가 검찰에 출두하고 종일이 청와대 훈장을 받는 날 DMZ 미군 피격으로 전쟁 위기가 터진다’로 옮겨 간다.,다음 회차에는 김용태가 검찰에 출두하고 종일이 청와대 훈장을 받는 날 DMZ 미군 피격으로 전쟁 위기가 터진다,직전 화의 ‘보증 업무를 마친 종일이 직원들과 과음해 귀가하고 현영의 돌봄 속에서 숨을 고른다’가 남긴 즉시 과제는 이번 실행으로 일부 결과를 얻고 남은 비용만 다음 화로 넘긴다.,김용태가 검찰에 출두하고 종일이 청와대 훈장을 받는 날 DMZ 미군 피격으로 전쟁 위기가 터진다; 다음 소제목 #평행선,L02,high
692,성공시대 692화,평행선,97174,97319,"직전 화의 ‘김종필은 김재규가 석탄 게이트를 키웠다는 정보를 얻고 성태정을 통한 반격의 실마리를 잡는다’가 한 국면을 닫은 뒤, 이 화 안의 원문 #평행선 전환이 DMZ 총격과 전쟁 직전의 평행선을 연다.",‘공습훈련과 약물 밀수 현안 속에서 횡단관 입찰이 흔들리고 종일은 김재규의 정치 의도를 읽는다’까지 가기 전에 ‘예비군 동원과 미군 보복이 제3차 세계대전 및 대성의 입찰 탈락으로 번질 수 있다’라는 압력을 넘을 수 있는가가 이 화의 독자 질문이다.,DMZ 총격을 전면전으로 번지지 않게 막고 경제·입찰 피해를 줄인다.,김용태가 검찰에 출두하고 종일이 청와대 훈장을 받는 날 DMZ 미군 피격으로 전쟁 위기가 터진다.,예비군 동원과 미군 보복이 제3차 세계대전 및 대성의 입찰 탈락으로 번질 수 있다.,시대 질서 축이 DMZ 총격과 전쟁 직전의 평행선의 다음 단계로 이동한다.,유예: 역사의 큰 사건에서 종일의 개입 결과가 즉시 확인된다.,era,다음 판단의 기준이 ‘공습훈련과 약물 밀수 현안 속에서 횡단관 입찰이 흔들리고 종일은 김재규의 정치 의도를 읽는다’로 옮겨 간다.,다음 회차에는 공습훈련과 약물 밀수 현안 속에서 횡단관 입찰이 흔들리고 종일은 김재규의 정치 의도를 읽는다,직전 화의 ‘김종필은 김재규가 석탄 게이트를 키웠다는 정보를 얻고 성태정을 통한 반격의 실마리를 잡는다’가 남긴 즉시 과제는 이번 실행으로 결론을 미룬 채 다음 압력으로 넘어간다.,공습훈련과 약물 밀수 현안 속에서 횡단관 입찰이 흔들리고 종일은 김재규의 정치 의도를 읽는다; DMZ 총격과 전쟁 직전의 평행선,L03,high
693,성공시대 693화,평행선,97320,97450,직전 화의 ‘김용태가 검찰에 출두하고 종일이 청와대 훈장을 받는 날 DMZ 미군 피격으로 전쟁 위기가 터진다’가 만든 조건에서 DMZ 총격과 전쟁 직전의 평행선의 압박 단계가 시작된다.,‘국가안보회의에서 즉시 예비군 동원론과 남덕우의 준비 후 유보안이 맞선다’까지 가기 전에 ‘예비군 동원과 미군 보복이 제3차 세계대전 및 대성의 입찰 탈락으로 번질 수 있다’라는 압력을 넘을 수 있는가가 이 화의 독자 질문이다.,DMZ 총격을 전면전으로 번지지 않게 막고 경제·입찰 피해를 줄인다.,공습훈련과 약물 밀수 현안 속에서 횡단관 입찰이 흔들리고 종일은 김재규의 정치 의도를 읽는다.,예비군 동원과 미군 보복이 제3차 세계대전 및 대성의 입찰 탈락으로 번질 수 있다.,시대 질서 축이 DMZ 총격과 전쟁 직전의 평행선의 다음 단계로 이동한다.,유예: 시대 위험을 사업·외교의 장기 기회로 전환한다.,era,다음 판단의 기준이 ‘국가안보회의에서 즉시 예비군 동원론과 남덕우의 준비 후 유보안이 맞선다’로 옮겨 간다.,다음 회차에는 국가안보회의에서 즉시 예비군 동원론과 남덕우의 준비 후 유보안이 맞선다,직전 화의 ‘김용태가 검찰에 출두하고 종일이 청와대 훈장을 받는 날 DMZ 미군 피격으로 전쟁 위기가 터진다’가 남긴 즉시 과제는 이번 실행으로 결론을 미룬 채 다음 압력으로 넘어간다.,국가안보회의에서 즉시 예비군 동원론과 남덕우의 준비 후 유보안이 맞선다; DMZ 총격과 전쟁 직전의 평행선,L03,high
694,성공시대 694화,평행선,97451,97558,직전 화의 ‘공습훈련과 약물 밀수 현안 속에서 횡단관 입찰이 흔들리고 종일은 김재규의 정치 의도를 읽는다’가 만든 조건에서 DMZ 총격과 전쟁 직전의 평행선의 전환 단계가 시작된다.,‘대통령은 공개 핵 카드와 성급한 전쟁론을 거부하고 종일은 현영에게 가족 안전을 약속한다’까지 가기 전에 ‘예비군 동원과 미군 보복이 제3차 세계대전 및 대성의 입찰 탈락으로 번질 수 있다’라는 압력을 넘을 수 있는가가 이 화의 독자 질문이다.,DMZ 총격을 전면전으로 번지지 않게 막고 경제·입찰 피해를 줄인다.,국가안보회의에서 즉시 예비군 동원론과 남덕우의 준비 후 유보안이 맞선다.,예비군 동원과 미군 보복이 제3차 세계대전 및 대성의 입찰 탈락으로 번질 수 있다.,시대 질서 축이 DMZ 총격과 전쟁 직전의 평행선의 다음 단계로 이동한다.,유예: 전쟁·냉전·권력교체의 흐름이 다음 질서로 방향을 튼다.,era,다음 판단의 기준이 ‘대통령은 공개 핵 카드와 성급한 전쟁론을 거부하고 종일은 현영에게 가족 안전을 약속한다’로 옮겨 간다.,다음 회차에는 대통령은 공개 핵 카드와 성급한 전쟁론을 거부하고 종일은 현영에게 가족 안전을 약속한다,직전 화의 ‘공습훈련과 약물 밀수 현안 속에서 횡단관 입찰이 흔들리고 종일은 김재규의 정치 의도를 읽는다’가 남긴 즉시 과제는 이번 실행으로 결론을 미룬 채 다음 압력으로 넘어간다.,대통령은 공개 핵 카드와 성급한 전쟁론을 거부하고 종일은 현영에게 가족 안전을 약속한다; DMZ 총격과 전쟁 직전의 평행선,L03,high
695,성공시대 695화,평행선,97559,97671,직전 화의 ‘국가안보회의에서 즉시 예비군 동원론과 남덕우의 준비 후 유보안이 맞선다’가 만든 조건에서 DMZ 총격과 전쟁 직전의 평행선의 전환 단계가 시작된다.,‘포드 행정부가 일본 전력 활용과 북한 사과를 검토하며 비공식 특사 카드가 떠오른다’까지 가기 전에 ‘예비군 동원과 미군 보복이 제3차 세계대전 및 대성의 입찰 탈락으로 번질 수 있다’라는 압력을 넘을 수 있는가가 이 화의 독자 질문이다.,DMZ 총격을 전면전으로 번지지 않게 막고 경제·입찰 피해를 줄인다.,대통령은 공개 핵 카드와 성급한 전쟁론을 거부하고 종일은 현영에게 가족 안전을 약속한다.,예비군 동원과 미군 보복이 제3차 세계대전 및 대성의 입찰 탈락으로 번질 수 있다.,시대 질서 축이 DMZ 총격과 전쟁 직전의 평행선의 다음 단계로 이동한다.,유예: 국가적 파국을 피하고 새로운 협상 창을 연다.,era,다음 판단의 기준이 ‘포드 행정부가 일본 전력 활용과 북한 사과를 검토하며 비공식 특사 카드가 떠오른다’로 옮겨 간다.,다음 회차에는 포드 행정부가 일본 전력 활용과 북한 사과를 검토하며 비공식 특사 카드가 떠오른다,직전 화의 ‘국가안보회의에서 즉시 예비군 동원론과 남덕우의 준비 후 유보안이 맞선다’가 남긴 즉시 과제는 이번 실행으로 결론을 미룬 채 다음 압력으로 넘어간다.,포드 행정부가 일본 전력 활용과 북한 사과를 검토하며 비공식 특사 카드가 떠오른다; DMZ 총격과 전쟁 직전의 평행선,L03,high
696,성공시대 696화,평행선,97672,97807,직전 화의 ‘대통령은 공개 핵 카드와 성급한 전쟁론을 거부하고 종일은 현영에게 가족 안전을 약속한다’가 만든 조건에서 DMZ 총격과 전쟁 직전의 평행선의 결산 단계가 시작된다.,‘미국이 종일에게 평양 특사를 요청하며 조총련 송금과 탄약 지원을 협상 지렛대로 제시한다’까지 가기 전에 ‘예비군 동원과 미군 보복이 제3차 세계대전 및 대성의 입찰 탈락으로 번질 수 있다’라는 압력을 넘을 수 있는가가 이 화의 독자 질문이다.,DMZ 총격을 전면전으로 번지지 않게 막고 경제·입찰 피해를 줄인다.,포드 행정부가 일본 전력 활용과 북한 사과를 검토하며 비공식 특사 카드가 떠오른다.,예비군 동원과 미군 보복이 제3차 세계대전 및 대성의 입찰 탈락으로 번질 수 있다.,시대 질서 축이 DMZ 총격과 전쟁 직전의 평행선의 가시적 결산으로 이동한다.,부분 지급: 역사의 큰 사건에서 종일의 개입 결과가 즉시 확인된다.,era,다음 판단의 기준이 ‘미국이 종일에게 평양 특사를 요청하며 조총련 송금과 탄약 지원을 협상 지렛대로 제시한다’로 옮겨 간다.,다음 회차에는 미국이 종일에게 평양 특사를 요청하며 조총련 송금과 탄약 지원을 협상 지렛대로 제시한다,직전 화의 ‘대통령은 공개 핵 카드와 성급한 전쟁론을 거부하고 종일은 현영에게 가족 안전을 약속한다’가 남긴 즉시 과제는 이번 실행으로 일부 결과를 얻고 남은 비용만 다음 화로 넘긴다.,미국이 종일에게 평양 특사를 요청하며 조총련 송금과 탄약 지원을 협상 지렛대로 제시한다; 다음 소제목 #방북,L03,high
697,성공시대 697화,방북,97808,97941,"직전 화의 ‘포드 행정부가 일본 전력 활용과 북한 사과를 검토하며 비공식 특사 카드가 떠오른다’가 한 국면을 닫은 뒤, 이 화 안의 원문 #방북 전환이 방북 특사 수락과 평양 입성을 연다.",‘종일은 부산 출장이라고 둘러대고 현영과 작별한 뒤 이한승과 북행 길에 오른다’까지 가기 전에 ‘특사 신분 노출이나 협상 실패가 종일의 신변과 한반도 평화를 동시에 위협한다’라는 압력을 넘을 수 있는가가 이 화의 독자 질문이다.,미국·한국의 요구를 짊어지고 북한에서 사과와 출구를 받아낸다.,미국이 종일에게 평양 특사를 요청하며 조총련 송금과 탄약 지원을 협상 지렛대로 제시한다.,특사 신분 노출이나 협상 실패가 종일의 신변과 한반도 평화를 동시에 위협한다.,정치 권력 축이 방북 특사 수락과 평양 입성의 다음 단계로 이동한다.,유예: 공격 주체와 권력선이 선명해진다.,politics,다음 판단의 기준이 ‘종일은 부산 출장이라고 둘러대고 현영과 작별한 뒤 이한승과 북행 길에 오른다’로 옮겨 간다.,다음 회차에는 종일은 부산 출장이라고 둘러대고 현영과 작별한 뒤 이한승과 북행 길에 오른다,직전 화의 ‘포드 행정부가 일본 전력 활용과 북한 사과를 검토하며 비공식 특사 카드가 떠오른다’가 남긴 즉시 과제는 이번 실행으로 결론을 미룬 채 다음 압력으로 넘어간다.,종일은 부산 출장이라고 둘러대고 현영과 작별한 뒤 이한승과 북행 길에 오른다; 방북 특사 수락과 평양 입성,L04,high
698,성공시대 698화,방북,97942,98093,직전 화의 ‘미국이 종일에게 평양 특사를 요청하며 조총련 송금과 탄약 지원을 협상 지렛대로 제시한다’가 만든 조건에서 방북 특사 수락과 평양 입성의 압박 단계가 시작된다.,‘30킬로톤 핵무기 사진과 김정일·소련 특사 정보를 브리핑받는 동안 북한 수뇌부도 대응책을 논의한다’까지 가기 전에 ‘특사 신분 노출이나 협상 실패가 종일의 신변과 한반도 평화를 동시에 위협한다’라는 압력을 넘을 수 있는가가 이 화의 독자 질문이다.,미국·한국의 요구를 짊어지고 북한에서 사과와 출구를 받아낸다.,종일은 부산 출장이라고 둘러대고 현영과 작별한 뒤 이한승과 북행 길에 오른다.,특사 신분 노출이나 협상 실패가 종일의 신변과 한반도 평화를 동시에 위협한다.,정치 권력 축이 방북 특사 수락과 평양 입성의 다음 단계로 이동한다.,유예: 정치적 생존 공간과 대응 시한을 번다.,politics,다음 판단의 기준이 ‘30킬로톤 핵무기 사진과 김정일·소련 특사 정보를 브리핑받는 동안 북한 수뇌부도 대응책을 논의한다’로 옮겨 간다.,다음 회차에는 30킬로톤 핵무기 사진과 김정일·소련 특사 정보를 브리핑받는 동안 북한 수뇌부도 대응책을 논의한다,직전 화의 ‘미국이 종일에게 평양 특사를 요청하며 조총련 송금과 탄약 지원을 협상 지렛대로 제시한다’가 남긴 즉시 과제는 이번 실행으로 결론을 미룬 채 다음 압력으로 넘어간다.,30킬로톤 핵무기 사진과 김정일·소련 특사 정보를 브리핑받는 동안 북한 수뇌부도 대응책을 논의한다; 방북 특사 수락과 평양 입성,L04,high
699,성공시대 699화,방북,98094,98212,직전 화의 ‘종일은 부산 출장이라고 둘러대고 현영과 작별한 뒤 이한승과 북행 길에 오른다’가 만든 조건에서 방북 특사 수락과 평양 입성의 전환 단계가 시작된다.,‘종일이 판문점을 넘어 감시 속에 평양으로 들어가며 개인 사업가의 역할이 국가 특사로 바뀐다’까지 가기 전에 ‘특사 신분 노출이나 협상 실패가 종일의 신변과 한반도 평화를 동시에 위협한다’라는 압력을 넘을 수 있는가가 이 화의 독자 질문이다.,미국·한국의 요구를 짊어지고 북한에서 사과와 출구를 받아낸다.,30킬로톤 핵무기 사진과 김정일·소련 특사 정보를 브리핑받는 동안 북한 수뇌부도 대응책을 논의한다.,특사 신분 노출이나 협상 실패가 종일의 신변과 한반도 평화를 동시에 위협한다.,정치 권력 축이 방북 특사 수락과 평양 입성의 다음 단계로 이동한다.,유예: 동맹 또는 공적 명분을 확보한다.,politics,다음 판단의 기준이 ‘종일이 판문점을 넘어 감시 속에 평양으로 들어가며 개인 사업가의 역할이 국가 특사로 바뀐다’로 옮겨 간다.,다음 회차에는 종일이 판문점을 넘어 감시 속에 평양으로 들어가며 개인 사업가의 역할이 국가 특사로 바뀐다,직전 화의 ‘종일은 부산 출장이라고 둘러대고 현영과 작별한 뒤 이한승과 북행 길에 오른다’가 남긴 즉시 과제는 이번 실행으로 결론을 미룬 채 다음 압력으로 넘어간다.,종일이 판문점을 넘어 감시 속에 평양으로 들어가며 개인 사업가의 역할이 국가 특사로 바뀐다; 방북 특사 수락과 평양 입성,L04,high
700,성공시대 700화,방북,98213,98322,직전 화의 ‘30킬로톤 핵무기 사진과 김정일·소련 특사 정보를 브리핑받는 동안 북한 수뇌부도 대응책을 논의한다’가 만든 조건에서 방북 특사 수락과 평양 입성의 결산 단계가 시작된다.,‘종일이 오진우·김정일에게 사과를 요구하지만 첫 회담은 고성과 퇴장으로 결렬된다’까지 가기 전에 ‘특사 신분 노출이나 협상 실패가 종일의 신변과 한반도 평화를 동시에 위협한다’라는 압력을 넘을 수 있는가가 이 화의 독자 질문이다.,미국·한국의 요구를 짊어지고 북한에서 사과와 출구를 받아낸다.,종일이 판문점을 넘어 감시 속에 평양으로 들어가며 개인 사업가의 역할이 국가 특사로 바뀐다.,특사 신분 노출이나 협상 실패가 종일의 신변과 한반도 평화를 동시에 위협한다.,정치 권력 축이 방북 특사 수락과 평양 입성의 가시적 결산으로 이동한다.,부분 지급: 상대의 거짓말과 취약점이 가시화된다.,politics,다음 판단의 기준이 ‘종일이 오진우·김정일에게 사과를 요구하지만 첫 회담은 고성과 퇴장으로 결렬된다’로 옮겨 간다.,다음 회차에는 종일이 오진우·김정일에게 사과를 요구하지만 첫 회담은 고성과 퇴장으로 결렬된다,직전 화의 ‘30킬로톤 핵무기 사진과 김정일·소련 특사 정보를 브리핑받는 동안 북한 수뇌부도 대응책을 논의한다’가 남긴 즉시 과제는 이번 실행으로 일부 결과를 얻고 남은 비용만 다음 화로 넘긴다.,종일이 오진우·김정일에게 사과를 요구하지만 첫 회담은 고성과 퇴장으로 결렬된다; 다음 소제목 #평양,L04,high
701,성공시대 701화,평양,98323,98452,"직전 화의 ‘종일이 판문점을 넘어 감시 속에 평양으로 들어가며 개인 사업가의 역할이 국가 특사로 바뀐다’가 한 국면을 닫은 뒤, 이 화 안의 원문 #평양 전환이 평양 결렬과 B-1A 충격전을 연다.",‘북한은 시간을 끌고 종일은 가족 영상을 보며 고립을 버틴다’까지 가기 전에 ‘김정일의 오판과 미군 폭격기 침투가 실제 미사일 교전으로 번질 수 있다’라는 압력을 넘을 수 있는가가 이 화의 독자 질문이다.,북한의 통미봉남 지연전을 깨고 사과 결정을 강제한다.,종일이 오진우·김정일에게 사과를 요구하지만 첫 회담은 고성과 퇴장으로 결렬된다.,김정일의 오판과 미군 폭격기 침투가 실제 미사일 교전으로 번질 수 있다.,시대 질서 축이 평양 결렬과 B-1A 충격전의 다음 단계로 이동한다.,지급: 국가적 파국을 피하고 새로운 협상 창을 연다.,era,다음 판단의 기준이 ‘북한은 시간을 끌고 종일은 가족 영상을 보며 고립을 버틴다’로 옮겨 간다.,다음 회차에는 북한은 시간을 끌고 종일은 가족 영상을 보며 고립을 버틴다,직전 화의 ‘종일이 판문점을 넘어 감시 속에 평양으로 들어가며 개인 사업가의 역할이 국가 특사로 바뀐다’가 남긴 즉시 과제는 이번 실행으로 구체 성과로 확인된다.,북한은 시간을 끌고 종일은 가족 영상을 보며 고립을 버틴다; 평양 결렬과 B-1A 충격전,L05,high
702,성공시대 702화,평양,98453,98595,직전 화의 ‘종일이 오진우·김정일에게 사과를 요구하지만 첫 회담은 고성과 퇴장으로 결렬된다’가 만든 조건에서 평양 결렬과 B-1A 충격전의 압박 단계가 시작된다.,‘황남건과의 식사에서 통미봉남 속셈을 확인한 종일은 감시원을 속여 평양 거리를 살핀다’까지 가기 전에 ‘김정일의 오판과 미군 폭격기 침투가 실제 미사일 교전으로 번질 수 있다’라는 압력을 넘을 수 있는가가 이 화의 독자 질문이다.,북한의 통미봉남 지연전을 깨고 사과 결정을 강제한다.,북한은 시간을 끌고 종일은 가족 영상을 보며 고립을 버틴다.,김정일의 오판과 미군 폭격기 침투가 실제 미사일 교전으로 번질 수 있다.,시대 질서 축이 평양 결렬과 B-1A 충격전의 다음 단계로 이동한다.,유예: 역사의 큰 사건에서 종일의 개입 결과가 즉시 확인된다.,era,다음 판단의 기준이 ‘황남건과의 식사에서 통미봉남 속셈을 확인한 종일은 감시원을 속여 평양 거리를 살핀다’로 옮겨 간다.,다음 회차에는 황남건과의 식사에서 통미봉남 속셈을 확인한 종일은 감시원을 속여 평양 거리를 살핀다,직전 화의 ‘종일이 오진우·김정일에게 사과를 요구하지만 첫 회담은 고성과 퇴장으로 결렬된다’가 남긴 즉시 과제는 이번 실행으로 결론을 미룬 채 다음 압력으로 넘어간다.,황남건과의 식사에서 통미봉남 속셈을 확인한 종일은 감시원을 속여 평양 거리를 살핀다; 평양 결렬과 B-1A 충격전,L05,high
703,성공시대 703화,평양,98596,98725,직전 화의 ‘북한은 시간을 끌고 종일은 가족 영상을 보며 고립을 버틴다’가 만든 조건에서 평양 결렬과 B-1A 충격전의 압박 단계가 시작된다.,‘종일이 B-1A 폭격기의 평양 저공비행 시위를 착안해 서울과 미국에 위험한 승부수를 건다’까지 가기 전에 ‘김정일의 오판과 미군 폭격기 침투가 실제 미사일 교전으로 번질 수 있다’라는 압력을 넘을 수 있는가가 이 화의 독자 질문이다.,북한의 통미봉남 지연전을 깨고 사과 결정을 강제한다.,황남건과의 식사에서 통미봉남 속셈을 확인한 종일은 감시원을 속여 평양 거리를 살핀다.,김정일의 오판과 미군 폭격기 침투가 실제 미사일 교전으로 번질 수 있다.,시대 질서 축이 평양 결렬과 B-1A 충격전의 다음 단계로 이동한다.,유예: 시대 위험을 사업·외교의 장기 기회로 전환한다.,era,다음 판단의 기준이 ‘종일이 B-1A 폭격기의 평양 저공비행 시위를 착안해 서울과 미국에 위험한 승부수를 건다’로 옮겨 간다.,다음 회차에는 종일이 B-1A 폭격기의 평양 저공비행 시위를 착안해 서울과 미국에 위험한 승부수를 건다,직전 화의 ‘북한은 시간을 끌고 종일은 가족 영상을 보며 고립을 버틴다’가 남긴 즉시 과제는 이번 실행으로 결론을 미룬 채 다음 압력으로 넘어간다.,종일이 B-1A 폭격기의 평양 저공비행 시위를 착안해 서울과 미국에 위험한 승부수를 건다; 평양 결렬과 B-1A 충격전,L05,high
704,성공시대 704화,평양,98726,98864,직전 화의 ‘황남건과의 식사에서 통미봉남 속셈을 확인한 종일은 감시원을 속여 평양 거리를 살핀다’가 만든 조건에서 평양 결렬과 B-1A 충격전의 압박 단계가 시작된다.,‘괌에서 B-1A 세 대가 발진해 북한 방공망을 향해 저고도 침투를 시작한다’까지 가기 전에 ‘김정일의 오판과 미군 폭격기 침투가 실제 미사일 교전으로 번질 수 있다’라는 압력을 넘을 수 있는가가 이 화의 독자 질문이다.,북한의 통미봉남 지연전을 깨고 사과 결정을 강제한다.,종일이 B-1A 폭격기의 평양 저공비행 시위를 착안해 서울과 미국에 위험한 승부수를 건다.,김정일의 오판과 미군 폭격기 침투가 실제 미사일 교전으로 번질 수 있다.,시대 질서 축이 평양 결렬과 B-1A 충격전의 다음 단계로 이동한다.,유예: 전쟁·냉전·권력교체의 흐름이 다음 질서로 방향을 튼다.,era,다음 판단의 기준이 ‘괌에서 B-1A 세 대가 발진해 북한 방공망을 향해 저고도 침투를 시작한다’로 옮겨 간다.,다음 회차에는 괌에서 B-1A 세 대가 발진해 북한 방공망을 향해 저고도 침투를 시작한다,직전 화의 ‘황남건과의 식사에서 통미봉남 속셈을 확인한 종일은 감시원을 속여 평양 거리를 살핀다’가 남긴 즉시 과제는 이번 실행으로 결론을 미룬 채 다음 압력으로 넘어간다.,괌에서 B-1A 세 대가 발진해 북한 방공망을 향해 저고도 침투를 시작한다; 평양 결렬과 B-1A 충격전,L05,high
705,성공시대 705화,평양,98865,98996,직전 화의 ‘종일이 B-1A 폭격기의 평양 저공비행 시위를 착안해 서울과 미국에 위험한 승부수를 건다’가 만든 조건에서 평양 결렬과 B-1A 충격전의 전환 단계가 시작된다.,‘폭격기 편대가 계기비행으로 레이더 사각을 파고들자 평양 방공 지휘부가 혼란에 빠진다’까지 가기 전에 ‘김정일의 오판과 미군 폭격기 침투가 실제 미사일 교전으로 번질 수 있다’라는 압력을 넘을 수 있는가가 이 화의 독자 질문이다.,북한의 통미봉남 지연전을 깨고 사과 결정을 강제한다.,괌에서 B-1A 세 대가 발진해 북한 방공망을 향해 저고도 침투를 시작한다.,김정일의 오판과 미군 폭격기 침투가 실제 미사일 교전으로 번질 수 있다.,시대 질서 축이 평양 결렬과 B-1A 충격전의 다음 단계로 이동한다.,유예: 국가적 파국을 피하고 새로운 협상 창을 연다.,era,다음 판단의 기준이 ‘폭격기 편대가 계기비행으로 레이더 사각을 파고들자 평양 방공 지휘부가 혼란에 빠진다’로 옮겨 간다.,다음 회차에는 폭격기 편대가 계기비행으로 레이더 사각을 파고들자 평양 방공 지휘부가 혼란에 빠진다,직전 화의 ‘종일이 B-1A 폭격기의 평양 저공비행 시위를 착안해 서울과 미국에 위험한 승부수를 건다’가 남긴 즉시 과제는 이번 실행으로 결론을 미룬 채 다음 압력으로 넘어간다.,폭격기 편대가 계기비행으로 레이더 사각을 파고들자 평양 방공 지휘부가 혼란에 빠진다; 평양 결렬과 B-1A 충격전,L05,high
706,성공시대 706화,평양,98997,99145,직전 화의 ‘괌에서 B-1A 세 대가 발진해 북한 방공망을 향해 저고도 침투를 시작한다’가 만든 조건에서 평양 결렬과 B-1A 충격전의 전환 단계가 시작된다.,‘공습경보와 SAM 발사 속에서 김정일이 공포에 질리고 미군 편대는 회피기동에 들어간다’까지 가기 전에 ‘김정일의 오판과 미군 폭격기 침투가 실제 미사일 교전으로 번질 수 있다’라는 압력을 넘을 수 있는가가 이 화의 독자 질문이다.,북한의 통미봉남 지연전을 깨고 사과 결정을 강제한다.,폭격기 편대가 계기비행으로 레이더 사각을 파고들자 평양 방공 지휘부가 혼란에 빠진다.,김정일의 오판과 미군 폭격기 침투가 실제 미사일 교전으로 번질 수 있다.,시대 질서 축이 평양 결렬과 B-1A 충격전의 다음 단계로 이동한다.,유예: 역사의 큰 사건에서 종일의 개입 결과가 즉시 확인된다.,era,다음 판단의 기준이 ‘공습경보와 SAM 발사 속에서 김정일이 공포에 질리고 미군 편대는 회피기동에 들어간다’로 옮겨 간다.,다음 회차에는 공습경보와 SAM 발사 속에서 김정일이 공포에 질리고 미군 편대는 회피기동에 들어간다,직전 화의 ‘괌에서 B-1A 세 대가 발진해 북한 방공망을 향해 저고도 침투를 시작한다’가 남긴 즉시 과제는 이번 실행으로 결론을 미룬 채 다음 압력으로 넘어간다.,공습경보와 SAM 발사 속에서 김정일이 공포에 질리고 미군 편대는 회피기동에 들어간다; 평양 결렬과 B-1A 충격전,L05,high
707,성공시대 707화,평양,99146,99300,직전 화의 ‘폭격기 편대가 계기비행으로 레이더 사각을 파고들자 평양 방공 지휘부가 혼란에 빠진다’가 만든 조건에서 평양 결렬과 B-1A 충격전의 결산 단계가 시작된다.,‘플레어로 미사일을 피한 폭격기가 평양에 전단을 뿌리고 김일성의 건강까지 흔든다’까지 가기 전에 ‘김정일의 오판과 미군 폭격기 침투가 실제 미사일 교전으로 번질 수 있다’라는 압력을 넘을 수 있는가가 이 화의 독자 질문이다.,북한의 통미봉남 지연전을 깨고 사과 결정을 강제한다.,공습경보와 SAM 발사 속에서 김정일이 공포에 질리고 미군 편대는 회피기동에 들어간다.,김정일의 오판과 미군 폭격기 침투가 실제 미사일 교전으로 번질 수 있다.,시대 질서 축이 평양 결렬과 B-1A 충격전의 가시적 결산으로 이동한다.,부분 지급: 시대 위험을 사업·외교의 장기 기회로 전환한다.,era,다음 판단의 기준이 ‘플레어로 미사일을 피한 폭격기가 평양에 전단을 뿌리고 김일성의 건강까지 흔든다’로 옮겨 간다.,다음 회차에는 플레어로 미사일을 피한 폭격기가 평양에 전단을 뿌리고 김일성의 건강까지 흔든다,직전 화의 ‘폭격기 편대가 계기비행으로 레이더 사각을 파고들자 평양 방공 지휘부가 혼란에 빠진다’가 남긴 즉시 과제는 이번 실행으로 일부 결과를 얻고 남은 비용만 다음 화로 넘긴다.,플레어로 미사일을 피한 폭격기가 평양에 전단을 뿌리고 김일성의 건강까지 흔든다; 평양 결렬과 B-1A 충격전,L05,high
708,성공시대 708화,평양,99301,99450,직전 화의 ‘공습경보와 SAM 발사 속에서 김정일이 공포에 질리고 미군 편대는 회피기동에 들어간다’가 만든 조건에서 평양 결렬과 B-1A 충격전의 결산 단계가 시작된다.,‘김일성이 김정일의 복수론을 제어하고 소련·중국의 미온적 태도 속에서 황남건을 다시 보낸다’까지 가기 전에 ‘김정일의 오판과 미군 폭격기 침투가 실제 미사일 교전으로 번질 수 있다’라는 압력을 넘을 수 있는가가 이 화의 독자 질문이다.,북한의 통미봉남 지연전을 깨고 사과 결정을 강제한다.,플레어로 미사일을 피한 폭격기가 평양에 전단을 뿌리고 김일성의 건강까지 흔든다.,김정일의 오판과 미군 폭격기 침투가 실제 미사일 교전으로 번질 수 있다.,시대 질서 축이 평양 결렬과 B-1A 충격전의 가시적 결산으로 이동한다.,부분 지급: 전쟁·냉전·권력교체의 흐름이 다음 질서로 방향을 튼다.,era,다음 판단의 기준이 ‘김일성이 김정일의 복수론을 제어하고 소련·중국의 미온적 태도 속에서 황남건을 다시 보낸다’로 옮겨 간다.,다음 회차에는 김일성이 김정일의 복수론을 제어하고 소련·중국의 미온적 태도 속에서 황남건을 다시 보낸다,직전 화의 ‘공습경보와 SAM 발사 속에서 김정일이 공포에 질리고 미군 편대는 회피기동에 들어간다’가 남긴 즉시 과제는 이번 실행으로 일부 결과를 얻고 남은 비용만 다음 화로 넘긴다.,김일성이 김정일의 복수론을 제어하고 소련·중국의 미온적 태도 속에서 황남건을 다시 보낸다; 다음 소제목 #담판,L05,high
709,성공시대 709화,담판,99451,99589,"직전 화의 ‘플레어로 미사일을 피한 폭격기가 평양에 전단을 뿌리고 김일성의 건강까지 흔든다’가 한 국면을 닫은 뒤, 이 화 안의 원문 #담판 전환이 북한 사과·푸에블로호 담판을 연다.",‘종일이 핵 보복과 체제 붕괴를 직설적으로 경고하며 북한에 최종 시한을 건다’까지 가기 전에 ‘김정일의 복수심이나 강대국의 모호한 태도가 협상 창을 다시 닫는다’라는 압력을 넘을 수 있는가가 이 화의 독자 질문이다.,군사 시위가 만든 우위를 공식 사과와 억류 자산 반환으로 전환한다.,김일성이 김정일의 복수론을 제어하고 소련·중국의 미온적 태도 속에서 황남건을 다시 보낸다.,김정일의 복수심이나 강대국의 모호한 태도가 협상 창을 다시 닫는다.,정치 권력 축이 북한 사과·푸에블로호 담판의 다음 단계로 이동한다.,유예: 동맹 또는 공적 명분을 확보한다.,politics,다음 판단의 기준이 ‘종일이 핵 보복과 체제 붕괴를 직설적으로 경고하며 북한에 최종 시한을 건다’로 옮겨 간다.,다음 회차에는 종일이 핵 보복과 체제 붕괴를 직설적으로 경고하며 북한에 최종 시한을 건다,직전 화의 ‘플레어로 미사일을 피한 폭격기가 평양에 전단을 뿌리고 김일성의 건강까지 흔든다’가 남긴 즉시 과제는 이번 실행으로 결론을 미룬 채 다음 압력으로 넘어간다.,종일이 핵 보복과 체제 붕괴를 직설적으로 경고하며 북한에 최종 시한을 건다; 북한 사과·푸에블로호 담판,L06,high
710,성공시대 710화,담판,99590,99732,직전 화의 ‘김일성이 김정일의 복수론을 제어하고 소련·중국의 미온적 태도 속에서 황남건을 다시 보낸다’가 만든 조건에서 북한 사과·푸에블로호 담판의 압박 단계가 시작된다.,‘북한이 유엔사 사과와 USS 푸에블로호 반환에 합의하고 미 항모 철수로 교환된다’까지 가기 전에 ‘김정일의 복수심이나 강대국의 모호한 태도가 협상 창을 다시 닫는다’라는 압력을 넘을 수 있는가가 이 화의 독자 질문이다.,군사 시위가 만든 우위를 공식 사과와 억류 자산 반환으로 전환한다.,종일이 핵 보복과 체제 붕괴를 직설적으로 경고하며 북한에 최종 시한을 건다.,김정일의 복수심이나 강대국의 모호한 태도가 협상 창을 다시 닫는다.,정치 권력 축이 북한 사과·푸에블로호 담판의 다음 단계로 이동한다.,유예: 상대의 거짓말과 취약점이 가시화된다.,politics,다음 판단의 기준이 ‘북한이 유엔사 사과와 USS 푸에블로호 반환에 합의하고 미 항모 철수로 교환된다’로 옮겨 간다.,다음 회차에는 북한이 유엔사 사과와 USS 푸에블로호 반환에 합의하고 미 항모 철수로 교환된다,직전 화의 ‘김일성이 김정일의 복수론을 제어하고 소련·중국의 미온적 태도 속에서 황남건을 다시 보낸다’가 남긴 즉시 과제는 이번 실행으로 결론을 미룬 채 다음 압력으로 넘어간다.,북한이 유엔사 사과와 USS 푸에블로호 반환에 합의하고 미 항모 철수로 교환된다; 북한 사과·푸에블로호 담판,L06,high
711,성공시대 711화,담판,99733,99892,직전 화의 ‘종일이 핵 보복과 체제 붕괴를 직설적으로 경고하며 북한에 최종 시한을 건다’가 만든 조건에서 북한 사과·푸에블로호 담판의 압박 단계가 시작된다.,‘귀환한 종일이 연락을 끊었던 일을 현영에게 꾸중 듣고 부부 관계를 회복한다’까지 가기 전에 ‘김정일의 복수심이나 강대국의 모호한 태도가 협상 창을 다시 닫는다’라는 압력을 넘을 수 있는가가 이 화의 독자 질문이다.,군사 시위가 만든 우위를 공식 사과와 억류 자산 반환으로 전환한다.,북한이 유엔사 사과와 USS 푸에블로호 반환에 합의하고 미 항모 철수로 교환된다.,김정일의 복수심이나 강대국의 모호한 태도가 협상 창을 다시 닫는다.,정치 권력 축이 북한 사과·푸에블로호 담판의 다음 단계로 이동한다.,지급: 공격 주체와 권력선이 선명해진다.,politics,다음 판단의 기준이 ‘귀환한 종일이 연락을 끊었던 일을 현영에게 꾸중 듣고 부부 관계를 회복한다’로 옮겨 간다.,다음 회차에는 귀환한 종일이 연락을 끊었던 일을 현영에게 꾸중 듣고 부부 관계를 회복한다,직전 화의 ‘종일이 핵 보복과 체제 붕괴를 직설적으로 경고하며 북한에 최종 시한을 건다’가 남긴 즉시 과제는 이번 실행으로 구체 성과로 확인된다.,귀환한 종일이 연락을 끊었던 일을 현영에게 꾸중 듣고 부부 관계를 회복한다; 북한 사과·푸에블로호 담판,L06,high
712,성공시대 712화,담판,99893,100052,직전 화의 ‘북한이 유엔사 사과와 USS 푸에블로호 반환에 합의하고 미 항모 철수로 교환된다’가 만든 조건에서 북한 사과·푸에블로호 담판의 전환 단계가 시작된다.,‘횡단관 경쟁자 제국건설이 할리드 왕자를 등에 업자 종일과 정명주가 52억9천만 달러 입찰안을 정한다’까지 가기 전에 ‘김정일의 복수심이나 강대국의 모호한 태도가 협상 창을 다시 닫는다’라는 압력을 넘을 수 있는가가 이 화의 독자 질문이다.,군사 시위가 만든 우위를 공식 사과와 억류 자산 반환으로 전환한다.,귀환한 종일이 연락을 끊었던 일을 현영에게 꾸중 듣고 부부 관계를 회복한다.,김정일의 복수심이나 강대국의 모호한 태도가 협상 창을 다시 닫는다.,정치 권력 축이 북한 사과·푸에블로호 담판의 다음 단계로 이동한다.,지급: 정치적 생존 공간과 대응 시한을 번다.,politics,다음 판단의 기준이 ‘횡단관 경쟁자 제국건설이 할리드 왕자를 등에 업자 종일과 정명주가 52억9천만 달러 입찰안을 정한다’로 옮겨 간다.,다음 회차에는 횡단관 경쟁자 제국건설이 할리드 왕자를 등에 업자 종일과 정명주가 52억9천만 달러 입찰안을 정한다,직전 화의 ‘북한이 유엔사 사과와 USS 푸에블로호 반환에 합의하고 미 항모 철수로 교환된다’가 남긴 즉시 과제는 이번 실행으로 구체 성과로 확인된다.,횡단관 경쟁자 제국건설이 할리드 왕자를 등에 업자 종일과 정명주가 52억9천만 달러 입찰안을 정한다; 북한 사과·푸에블로호 담판,L06,high
713,성공시대 713화,담판,100053,100181,직전 화의 ‘귀환한 종일이 연락을 끊었던 일을 현영에게 꾸중 듣고 부부 관계를 회복한다’가 만든 조건에서 북한 사과·푸에블로호 담판의 전환 단계가 시작된다.,‘종일이 왈리드의 지원을 거절당하고 왕실 연줄로 기울어진 입찰판을 확인한다’까지 가기 전에 ‘김정일의 복수심이나 강대국의 모호한 태도가 협상 창을 다시 닫는다’라는 압력을 넘을 수 있는가가 이 화의 독자 질문이다.,군사 시위가 만든 우위를 공식 사과와 억류 자산 반환으로 전환한다.,횡단관 경쟁자 제국건설이 할리드 왕자를 등에 업자 종일과 정명주가 52억9천만 달러 입찰안을 정한다.,김정일의 복수심이나 강대국의 모호한 태도가 협상 창을 다시 닫는다.,정치 권력 축이 북한 사과·푸에블로호 담판의 다음 단계로 이동한다.,유예: 동맹 또는 공적 명분을 확보한다.,politics,다음 판단의 기준이 ‘종일이 왈리드의 지원을 거절당하고 왕실 연줄로 기울어진 입찰판을 확인한다’로 옮겨 간다.,다음 회차에는 종일이 왈리드의 지원을 거절당하고 왕실 연줄로 기울어진 입찰판을 확인한다,직전 화의 ‘귀환한 종일이 연락을 끊었던 일을 현영에게 꾸중 듣고 부부 관계를 회복한다’가 남긴 즉시 과제는 이번 실행으로 결론을 미룬 채 다음 압력으로 넘어간다.,종일이 왈리드의 지원을 거절당하고 왕실 연줄로 기울어진 입찰판을 확인한다; 북한 사과·푸에블로호 담판,L06,high
714,성공시대 714화,담판,100182,100324,직전 화의 ‘횡단관 경쟁자 제국건설이 할리드 왕자를 등에 업자 종일과 정명주가 52억9천만 달러 입찰안을 정한다’가 만든 조건에서 북한 사과·푸에블로호 담판의 결산 단계가 시작된다.,‘박영주를 다독인 종일이 무하마드에게서 파이잘 국왕의 신의의 반지를 다시 확인한다’까지 가기 전에 ‘김정일의 복수심이나 강대국의 모호한 태도가 협상 창을 다시 닫는다’라는 압력을 넘을 수 있는가가 이 화의 독자 질문이다.,군사 시위가 만든 우위를 공식 사과와 억류 자산 반환으로 전환한다.,종일이 왈리드의 지원을 거절당하고 왕실 연줄로 기울어진 입찰판을 확인한다.,김정일의 복수심이나 강대국의 모호한 태도가 협상 창을 다시 닫는다.,정치 권력 축이 북한 사과·푸에블로호 담판의 가시적 결산으로 이동한다.,부분 지급: 상대의 거짓말과 취약점이 가시화된다.,politics,다음 판단의 기준이 ‘박영주를 다독인 종일이 무하마드에게서 파이잘 국왕의 신의의 반지를 다시 확인한다’로 옮겨 간다.,다음 회차에는 박영주를 다독인 종일이 무하마드에게서 파이잘 국왕의 신의의 반지를 다시 확인한다,직전 화의 ‘횡단관 경쟁자 제국건설이 할리드 왕자를 등에 업자 종일과 정명주가 52억9천만 달러 입찰안을 정한다’가 남긴 즉시 과제는 이번 실행으로 일부 결과를 얻고 남은 비용만 다음 화로 넘긴다.,박영주를 다독인 종일이 무하마드에게서 파이잘 국왕의 신의의 반지를 다시 확인한다; 다음 소제목 #신의의 반지,L06,high
715,성공시대 715화,신의의 반지,100325,100459,"직전 화의 ‘종일이 왈리드의 지원을 거절당하고 왕실 연줄로 기울어진 입찰판을 확인한다’가 한 국면을 닫은 뒤, 이 화 안의 원문 #신의의 반지 전환이 신의의 반지와 파이잘 구명을 연다.",‘반지가 왕에게 단 한 번 청할 권리임을 알고 종일이 컨소시엄 지분과 알현 전략을 조정한다’까지 가기 전에 ‘왕실 부패와 무사드의 총격이 국왕의 생명과 대성 컨소시엄을 함께 끝낼 수 있다’라는 압력을 넘을 수 있는가가 이 화의 독자 질문이다.,과거의 신의를 왕실 신뢰로 바꾸고 횡단관 계약의 기울기를 뒤집는다.,박영주를 다독인 종일이 무하마드에게서 파이잘 국왕의 신의의 반지를 다시 확인한다.,왕실 부패와 무사드의 총격이 국왕의 생명과 대성 컨소시엄을 함께 끝낼 수 있다.,국제 지위 축이 신의의 반지와 파이잘 구명의 다음 단계로 이동한다.,유예: 말뿐이던 지지·명예가 표나 계약으로 환원된다.,status,다음 판단의 기준이 ‘반지가 왕에게 단 한 번 청할 권리임을 알고 종일이 컨소시엄 지분과 알현 전략을 조정한다’로 옮겨 간다.,다음 회차에는 반지가 왕에게 단 한 번 청할 권리임을 알고 종일이 컨소시엄 지분과 알현 전략을 조정한다,직전 화의 ‘종일이 왈리드의 지원을 거절당하고 왕실 연줄로 기울어진 입찰판을 확인한다’가 남긴 즉시 과제는 이번 실행으로 결론을 미룬 채 다음 압력으로 넘어간다.,반지가 왕에게 단 한 번 청할 권리임을 알고 종일이 컨소시엄 지분과 알현 전략을 조정한다; 신의의 반지와 파이잘 구명,L07,high
716,성공시대 716화,신의의 반지,100460,100593,직전 화의 ‘박영주를 다독인 종일이 무하마드에게서 파이잘 국왕의 신의의 반지를 다시 확인한다’가 만든 조건에서 신의의 반지와 파이잘 구명의 압박 단계가 시작된다.,‘파이잘은 노골적 특혜를 거부하지만 종일의 과거 횃불 공사 신의를 기억하고 무사드를 소개한다’까지 가기 전에 ‘왕실 부패와 무사드의 총격이 국왕의 생명과 대성 컨소시엄을 함께 끝낼 수 있다’라는 압력을 넘을 수 있는가가 이 화의 독자 질문이다.,과거의 신의를 왕실 신뢰로 바꾸고 횡단관 계약의 기울기를 뒤집는다.,반지가 왕에게 단 한 번 청할 권리임을 알고 종일이 컨소시엄 지분과 알현 전략을 조정한다.,왕실 부패와 무사드의 총격이 국왕의 생명과 대성 컨소시엄을 함께 끝낼 수 있다.,국제 지위 축이 신의의 반지와 파이잘 구명의 다음 단계로 이동한다.,유예: 적대 인물이 우군으로 바뀌어 영향력의 외연이 넓어진다.,status,다음 판단의 기준이 ‘파이잘은 노골적 특혜를 거부하지만 종일의 과거 횃불 공사 신의를 기억하고 무사드를 소개한다’로 옮겨 간다.,다음 회차에는 파이잘은 노골적 특혜를 거부하지만 종일의 과거 횃불 공사 신의를 기억하고 무사드를 소개한다,직전 화의 ‘박영주를 다독인 종일이 무하마드에게서 파이잘 국왕의 신의의 반지를 다시 확인한다’가 남긴 즉시 과제는 이번 실행으로 결론을 미룬 채 다음 압력으로 넘어간다.,파이잘은 노골적 특혜를 거부하지만 종일의 과거 횃불 공사 신의를 기억하고 무사드를 소개한다; 신의의 반지와 파이잘 구명,L07,high
717,성공시대 717화,신의의 반지,100594,100719,직전 화의 ‘반지가 왕에게 단 한 번 청할 권리임을 알고 종일이 컨소시엄 지분과 알현 전략을 조정한다’가 만든 조건에서 신의의 반지와 파이잘 구명의 전환 단계가 시작된다.,‘무사드가 부패 추궁 중 총을 뽑자 종일이 파이잘을 구하고 왕실의 절대 신뢰를 얻는다’까지 가기 전에 ‘왕실 부패와 무사드의 총격이 국왕의 생명과 대성 컨소시엄을 함께 끝낼 수 있다’라는 압력을 넘을 수 있는가가 이 화의 독자 질문이다.,과거의 신의를 왕실 신뢰로 바꾸고 횡단관 계약의 기울기를 뒤집는다.,파이잘은 노골적 특혜를 거부하지만 종일의 과거 횃불 공사 신의를 기억하고 무사드를 소개한다.,왕실 부패와 무사드의 총격이 국왕의 생명과 대성 컨소시엄을 함께 끝낼 수 있다.,국제 지위 축이 신의의 반지와 파이잘 구명의 다음 단계로 이동한다.,유예: 국가적 성취가 종일과 실무진의 공적 보상으로 돌아온다.,status,다음 판단의 기준이 ‘무사드가 부패 추궁 중 총을 뽑자 종일이 파이잘을 구하고 왕실의 절대 신뢰를 얻는다’로 옮겨 간다.,다음 회차에는 무사드가 부패 추궁 중 총을 뽑자 종일이 파이잘을 구하고 왕실의 절대 신뢰를 얻는다,직전 화의 ‘반지가 왕에게 단 한 번 청할 권리임을 알고 종일이 컨소시엄 지분과 알현 전략을 조정한다’가 남긴 즉시 과제는 이번 실행으로 결론을 미룬 채 다음 압력으로 넘어간다.,무사드가 부패 추궁 중 총을 뽑자 종일이 파이잘을 구하고 왕실의 절대 신뢰를 얻는다; 신의의 반지와 파이잘 구명,L07,high
718,성공시대 718화,신의의 반지,100720,100864,직전 화의 ‘파이잘은 노골적 특혜를 거부하지만 종일의 과거 횃불 공사 신의를 기억하고 무사드를 소개한다’가 만든 조건에서 신의의 반지와 파이잘 구명의 전환 단계가 시작된다.,‘무사드 처형과 함께 종일은 아미르·왕실 양자 지위를 받고 50억 달러 횡단관을 수의계약한다’까지 가기 전에 ‘왕실 부패와 무사드의 총격이 국왕의 생명과 대성 컨소시엄을 함께 끝낼 수 있다’라는 압력을 넘을 수 있는가가 이 화의 독자 질문이다.,과거의 신의를 왕실 신뢰로 바꾸고 횡단관 계약의 기울기를 뒤집는다.,무사드가 부패 추궁 중 총을 뽑자 종일이 파이잘을 구하고 왕실의 절대 신뢰를 얻는다.,왕실 부패와 무사드의 총격이 국왕의 생명과 대성 컨소시엄을 함께 끝낼 수 있다.,국제 지위 축이 신의의 반지와 파이잘 구명의 다음 단계로 이동한다.,지급: 서울 또는 대성의 국제 신뢰와 협상력이 한 단계 오른다.,status,다음 판단의 기준이 ‘무사드 처형과 함께 종일은 아미르·왕실 양자 지위를 받고 50억 달러 횡단관을 수의계약한다’로 옮겨 간다.,다음 회차에는 무사드 처형과 함께 종일은 아미르·왕실 양자 지위를 받고 50억 달러 횡단관을 수의계약한다,직전 화의 ‘파이잘은 노골적 특혜를 거부하지만 종일의 과거 횃불 공사 신의를 기억하고 무사드를 소개한다’가 남긴 즉시 과제는 이번 실행으로 구체 성과로 확인된다.,무사드 처형과 함께 종일은 아미르·왕실 양자 지위를 받고 50억 달러 횡단관을 수의계약한다; 신의의 반지와 파이잘 구명,L07,high
719,성공시대 719화,신의의 반지,100865,101003,직전 화의 ‘무사드가 부패 추궁 중 총을 뽑자 종일이 파이잘을 구하고 왕실의 절대 신뢰를 얻는다’가 만든 조건에서 신의의 반지와 파이잘 구명의 결산 단계가 시작된다.,‘귀국한 종일은 무사드 참수 소식을 듣고 일본의 요구에 반발한 아디다스 회장 다슬러를 주목한다’까지 가기 전에 ‘왕실 부패와 무사드의 총격이 국왕의 생명과 대성 컨소시엄을 함께 끝낼 수 있다’라는 압력을 넘을 수 있는가가 이 화의 독자 질문이다.,과거의 신의를 왕실 신뢰로 바꾸고 횡단관 계약의 기울기를 뒤집는다.,무사드 처형과 함께 종일은 아미르·왕실 양자 지위를 받고 50억 달러 횡단관을 수의계약한다.,왕실 부패와 무사드의 총격이 국왕의 생명과 대성 컨소시엄을 함께 끝낼 수 있다.,국제 지위 축이 신의의 반지와 파이잘 구명의 가시적 결산으로 이동한다.,지급: 말뿐이던 지지·명예가 표나 계약으로 환원된다.,status,다음 판단의 기준이 ‘귀국한 종일은 무사드 참수 소식을 듣고 일본의 요구에 반발한 아디다스 회장 다슬러를 주목한다’로 옮겨 간다.,다음 회차에는 귀국한 종일은 무사드 참수 소식을 듣고 일본의 요구에 반발한 아디다스 회장 다슬러를 주목한다,직전 화의 ‘무사드가 부패 추궁 중 총을 뽑자 종일이 파이잘을 구하고 왕실의 절대 신뢰를 얻는다’가 남긴 즉시 과제는 이번 실행으로 구체 성과로 확인된다.,귀국한 종일은 무사드 참수 소식을 듣고 일본의 요구에 반발한 아디다스 회장 다슬러를 주목한다; 다음 소제목 #다슬러,L07,high
720,성공시대 720화,다슬러,101004,101145,"직전 화의 ‘무사드 처형과 함께 종일은 아미르·왕실 양자 지위를 받고 50억 달러 횡단관을 수의계약한다’가 한 국면을 닫은 뒤, 이 화 안의 원문 #다슬러 전환이 다슬러와 올림픽 35표 연합을 연다.",‘다슬러가 서울 지지로 움직일 수 있는 IOC 35표를 제시하고 종일에게 협상 기회가 열린다’까지 가기 전에 ‘아디다스의 상업권 요구나 일본의 경제력이 서울의 명분을 압도할 수 있다’라는 압력을 넘을 수 있는가가 이 화의 독자 질문이다.,다슬러의 국제 스포츠 인맥을 서울 올림픽 지지표로 묶는다.,귀국한 종일은 무사드 참수 소식을 듣고 일본의 요구에 반발한 아디다스 회장 다슬러를 주목한다.,아디다스의 상업권 요구나 일본의 경제력이 서울의 명분을 압도할 수 있다.,국제 지위 축이 다슬러와 올림픽 35표 연합의 다음 단계로 이동한다.,유예: 국가적 성취가 종일과 실무진의 공적 보상으로 돌아온다.,status,다음 판단의 기준이 ‘다슬러가 서울 지지로 움직일 수 있는 IOC 35표를 제시하고 종일에게 협상 기회가 열린다’로 옮겨 간다.,다음 회차에는 다슬러가 서울 지지로 움직일 수 있는 IOC 35표를 제시하고 종일에게 협상 기회가 열린다,직전 화의 ‘무사드 처형과 함께 종일은 아미르·왕실 양자 지위를 받고 50억 달러 횡단관을 수의계약한다’가 남긴 즉시 과제는 이번 실행으로 결론을 미룬 채 다음 압력으로 넘어간다.,다슬러가 서울 지지로 움직일 수 있는 IOC 35표를 제시하고 종일에게 협상 기회가 열린다; 다슬러와 올림픽 35표 연합,L08,high
721,성공시대 721화,다슬러,101146,101295,직전 화의 ‘귀국한 종일은 무사드 참수 소식을 듣고 일본의 요구에 반발한 아디다스 회장 다슬러를 주목한다’가 만든 조건에서 다슬러와 올림픽 35표 연합의 압박 단계가 시작된다.,‘대통령이 전권을 주자 종일은 홍콩에서 다슬러의 의류 독점·휘장 사업 요구를 듣는다’까지 가기 전에 ‘아디다스의 상업권 요구나 일본의 경제력이 서울의 명분을 압도할 수 있다’라는 압력을 넘을 수 있는가가 이 화의 독자 질문이다.,다슬러의 국제 스포츠 인맥을 서울 올림픽 지지표로 묶는다.,다슬러가 서울 지지로 움직일 수 있는 IOC 35표를 제시하고 종일에게 협상 기회가 열린다.,아디다스의 상업권 요구나 일본의 경제력이 서울의 명분을 압도할 수 있다.,국제 지위 축이 다슬러와 올림픽 35표 연합의 다음 단계로 이동한다.,지급: 서울 또는 대성의 국제 신뢰와 협상력이 한 단계 오른다.,status,다음 판단의 기준이 ‘대통령이 전권을 주자 종일은 홍콩에서 다슬러의 의류 독점·휘장 사업 요구를 듣는다’로 옮겨 간다.,다음 회차에는 대통령이 전권을 주자 종일은 홍콩에서 다슬러의 의류 독점·휘장 사업 요구를 듣는다,직전 화의 ‘귀국한 종일은 무사드 참수 소식을 듣고 일본의 요구에 반발한 아디다스 회장 다슬러를 주목한다’가 남긴 즉시 과제는 이번 실행으로 구체 성과로 확인된다.,대통령이 전권을 주자 종일은 홍콩에서 다슬러의 의류 독점·휘장 사업 요구를 듣는다; 다슬러와 올림픽 35표 연합,L08,high
722,성공시대 722화,다슬러,101296,101437,직전 화의 ‘다슬러가 서울 지지로 움직일 수 있는 IOC 35표를 제시하고 종일에게 협상 기회가 열린다’가 만든 조건에서 다슬러와 올림픽 35표 연합의 압박 단계가 시작된다.,‘종일이 휘장 합작 지분을 7대3에서 조정하며 아디다스와 서울 지지 35표를 맞바꾼다’까지 가기 전에 ‘아디다스의 상업권 요구나 일본의 경제력이 서울의 명분을 압도할 수 있다’라는 압력을 넘을 수 있는가가 이 화의 독자 질문이다.,다슬러의 국제 스포츠 인맥을 서울 올림픽 지지표로 묶는다.,대통령이 전권을 주자 종일은 홍콩에서 다슬러의 의류 독점·휘장 사업 요구를 듣는다.,아디다스의 상업권 요구나 일본의 경제력이 서울의 명분을 압도할 수 있다.,국제 지위 축이 다슬러와 올림픽 35표 연합의 다음 단계로 이동한다.,유예: 말뿐이던 지지·명예가 표나 계약으로 환원된다.,status,다음 판단의 기준이 ‘종일이 휘장 합작 지분을 7대3에서 조정하며 아디다스와 서울 지지 35표를 맞바꾼다’로 옮겨 간다.,다음 회차에는 종일이 휘장 합작 지분을 7대3에서 조정하며 아디다스와 서울 지지 35표를 맞바꾼다,직전 화의 ‘다슬러가 서울 지지로 움직일 수 있는 IOC 35표를 제시하고 종일에게 협상 기회가 열린다’가 남긴 즉시 과제는 이번 실행으로 결론을 미룬 채 다음 압력으로 넘어간다.,종일이 휘장 합작 지분을 7대3에서 조정하며 아디다스와 서울 지지 35표를 맞바꾼다; 다슬러와 올림픽 35표 연합,L08,high
723,성공시대 723화,다슬러,101438,101546,직전 화의 ‘대통령이 전권을 주자 종일은 홍콩에서 다슬러의 의류 독점·휘장 사업 요구를 듣는다’가 만든 조건에서 다슬러와 올림픽 35표 연합의 전환 단계가 시작된다.,‘다슬러가 사마란치를 설득하고 종일은 파이잘 구명 사건의 국제 신뢰 효과까지 얻는다’까지 가기 전에 ‘아디다스의 상업권 요구나 일본의 경제력이 서울의 명분을 압도할 수 있다’라는 압력을 넘을 수 있는가가 이 화의 독자 질문이다.,다슬러의 국제 스포츠 인맥을 서울 올림픽 지지표로 묶는다.,종일이 휘장 합작 지분을 7대3에서 조정하며 아디다스와 서울 지지 35표를 맞바꾼다.,아디다스의 상업권 요구나 일본의 경제력이 서울의 명분을 압도할 수 있다.,국제 지위 축이 다슬러와 올림픽 35표 연합의 다음 단계로 이동한다.,지급: 적대 인물이 우군으로 바뀌어 영향력의 외연이 넓어진다.,status,다음 판단의 기준이 ‘다슬러가 사마란치를 설득하고 종일은 파이잘 구명 사건의 국제 신뢰 효과까지 얻는다’로 옮겨 간다.,다음 회차에는 다슬러가 사마란치를 설득하고 종일은 파이잘 구명 사건의 국제 신뢰 효과까지 얻는다,직전 화의 ‘대통령이 전권을 주자 종일은 홍콩에서 다슬러의 의류 독점·휘장 사업 요구를 듣는다’가 남긴 즉시 과제는 이번 실행으로 구체 성과로 확인된다.,다슬러가 사마란치를 설득하고 종일은 파이잘 구명 사건의 국제 신뢰 효과까지 얻는다; 다슬러와 올림픽 35표 연합,L08,high
724,성공시대 724화,다슬러,101547,101666,직전 화의 ‘종일이 휘장 합작 지분을 7대3에서 조정하며 아디다스와 서울 지지 35표를 맞바꾼다’가 만든 조건에서 다슬러와 올림픽 35표 연합의 전환 단계가 시작된다.,‘스페인 표가 서울로 굳어지는 사이 대국일보가 김종필 부정축재 의혹을 다시 터뜨린다’까지 가기 전에 ‘아디다스의 상업권 요구나 일본의 경제력이 서울의 명분을 압도할 수 있다’라는 압력을 넘을 수 있는가가 이 화의 독자 질문이다.,다슬러의 국제 스포츠 인맥을 서울 올림픽 지지표로 묶는다.,다슬러가 사마란치를 설득하고 종일은 파이잘 구명 사건의 국제 신뢰 효과까지 얻는다.,아디다스의 상업권 요구나 일본의 경제력이 서울의 명분을 압도할 수 있다.,국제 지위 축이 다슬러와 올림픽 35표 연합의 다음 단계로 이동한다.,지급: 국가적 성취가 종일과 실무진의 공적 보상으로 돌아온다.,status,다음 판단의 기준이 ‘스페인 표가 서울로 굳어지는 사이 대국일보가 김종필 부정축재 의혹을 다시 터뜨린다’로 옮겨 간다.,다음 회차에는 스페인 표가 서울로 굳어지는 사이 대국일보가 김종필 부정축재 의혹을 다시 터뜨린다,직전 화의 ‘종일이 휘장 합작 지분을 7대3에서 조정하며 아디다스와 서울 지지 35표를 맞바꾼다’가 남긴 즉시 과제는 이번 실행으로 구체 성과로 확인된다.,스페인 표가 서울로 굳어지는 사이 대국일보가 김종필 부정축재 의혹을 다시 터뜨린다; 다슬러와 올림픽 35표 연합,L08,high
725,성공시대 725화,다슬러,101667,101797,직전 화의 ‘다슬러가 사마란치를 설득하고 종일은 파이잘 구명 사건의 국제 신뢰 효과까지 얻는다’가 만든 조건에서 다슬러와 올림픽 35표 연합의 결산 단계가 시작된다.,‘김종필 부정축재 보도가 재점화되고 청와대는 비밀 자산 때문에 그를 해외로 내보낸다’까지 가기 전에 ‘아디다스의 상업권 요구나 일본의 경제력이 서울의 명분을 압도할 수 있다’라는 압력을 넘을 수 있는가가 이 화의 독자 질문이다.,다슬러의 국제 스포츠 인맥을 서울 올림픽 지지표로 묶는다.,스페인 표가 서울로 굳어지는 사이 대국일보가 김종필 부정축재 의혹을 다시 터뜨린다.,아디다스의 상업권 요구나 일본의 경제력이 서울의 명분을 압도할 수 있다.,국제 지위 축이 다슬러와 올림픽 35표 연합의 가시적 결산으로 이동한다.,부분 지급: 서울 또는 대성의 국제 신뢰와 협상력이 한 단계 오른다.,status,다음 판단의 기준이 ‘김종필 부정축재 보도가 재점화되고 청와대는 비밀 자산 때문에 그를 해외로 내보낸다’로 옮겨 간다.,다음 회차에는 김종필 부정축재 보도가 재점화되고 청와대는 비밀 자산 때문에 그를 해외로 내보낸다,직전 화의 ‘다슬러가 사마란치를 설득하고 종일은 파이잘 구명 사건의 국제 신뢰 효과까지 얻는다’가 남긴 즉시 과제는 이번 실행으로 일부 결과를 얻고 남은 비용만 다음 화로 넘긴다.,김종필 부정축재 보도가 재점화되고 청와대는 비밀 자산 때문에 그를 해외로 내보낸다; 다음 소제목 #다가오는 위기,L08,high
726,성공시대 726화,다가오는 위기,101798,101933,"직전 화의 ‘스페인 표가 서울로 굳어지는 사이 대국일보가 김종필 부정축재 의혹을 다시 터뜨린다’가 한 국면을 닫은 뒤, 이 화 안의 원문 #다가오는 위기 전환이 김종필 축출과 공화당 당권 전쟁을 연다.",‘김종필이 귀국 전 당 조직 보전을 지시하고 종일에게 김재규의 당권 야심을 알린다’까지 가기 전에 ‘비밀 국유재산 성격의 자산 의혹이 공개되면 대통령과 공화당까지 붕괴한다’라는 압력을 넘을 수 있는가가 이 화의 독자 질문이다.,김종필계가 제거되는 것을 막고 김재규의 여당 장악을 차단한다.,김종필 부정축재 보도가 재점화되고 청와대는 비밀 자산 때문에 그를 해외로 내보낸다.,비밀 국유재산 성격의 자산 의혹이 공개되면 대통령과 공화당까지 붕괴한다.,정치 권력 축이 김종필 축출과 공화당 당권 전쟁의 다음 단계로 이동한다.,유예: 동맹 또는 공적 명분을 확보한다.,politics,다음 판단의 기준이 ‘김종필이 귀국 전 당 조직 보전을 지시하고 종일에게 김재규의 당권 야심을 알린다’로 옮겨 간다.,다음 회차에는 김종필이 귀국 전 당 조직 보전을 지시하고 종일에게 김재규의 당권 야심을 알린다,직전 화의 ‘스페인 표가 서울로 굳어지는 사이 대국일보가 김종필 부정축재 의혹을 다시 터뜨린다’가 남긴 즉시 과제는 이번 실행으로 결론을 미룬 채 다음 압력으로 넘어간다.,김종필이 귀국 전 당 조직 보전을 지시하고 종일에게 김재규의 당권 야심을 알린다; 김종필 축출과 공화당 당권 전쟁,L09,high
727,성공시대 727화,다가오는 위기,101934,102119,직전 화의 ‘김종필 부정축재 보도가 재점화되고 청와대는 비밀 자산 때문에 그를 해외로 내보낸다’가 만든 조건에서 김종필 축출과 공화당 당권 전쟁의 압박 단계가 시작된다.,‘김종필이 동맹을 청하자 종일과 신직수는 공천 열 자리로 김재규 진입을 막기로 한다’까지 가기 전에 ‘비밀 국유재산 성격의 자산 의혹이 공개되면 대통령과 공화당까지 붕괴한다’라는 압력을 넘을 수 있는가가 이 화의 독자 질문이다.,김종필계가 제거되는 것을 막고 김재규의 여당 장악을 차단한다.,김종필이 귀국 전 당 조직 보전을 지시하고 종일에게 김재규의 당권 야심을 알린다.,비밀 국유재산 성격의 자산 의혹이 공개되면 대통령과 공화당까지 붕괴한다.,정치 권력 축이 김종필 축출과 공화당 당권 전쟁의 다음 단계로 이동한다.,유예: 상대의 거짓말과 취약점이 가시화된다.,politics,다음 판단의 기준이 ‘김종필이 동맹을 청하자 종일과 신직수는 공천 열 자리로 김재규 진입을 막기로 한다’로 옮겨 간다.,다음 회차에는 김종필이 동맹을 청하자 종일과 신직수는 공천 열 자리로 김재규 진입을 막기로 한다,직전 화의 ‘김종필 부정축재 보도가 재점화되고 청와대는 비밀 자산 때문에 그를 해외로 내보낸다’가 남긴 즉시 과제는 이번 실행으로 결론을 미룬 채 다음 압력으로 넘어간다.,김종필이 동맹을 청하자 종일과 신직수는 공천 열 자리로 김재규 진입을 막기로 한다; 김종필 축출과 공화당 당권 전쟁,L09,high
728,성공시대 728화,다가오는 위기,102120,102272,직전 화의 ‘김종필이 귀국 전 당 조직 보전을 지시하고 종일에게 김재규의 당권 야심을 알린다’가 만든 조건에서 김종필 축출과 공화당 당권 전쟁의 전환 단계가 시작된다.,‘김정렴의 카지노 비자금 공작과 성태정 해외 도피 뒤 야당에 정치사찰 녹음테이프가 접근한다’까지 가기 전에 ‘비밀 국유재산 성격의 자산 의혹이 공개되면 대통령과 공화당까지 붕괴한다’라는 압력을 넘을 수 있는가가 이 화의 독자 질문이다.,김종필계가 제거되는 것을 막고 김재규의 여당 장악을 차단한다.,김종필이 동맹을 청하자 종일과 신직수는 공천 열 자리로 김재규 진입을 막기로 한다.,비밀 국유재산 성격의 자산 의혹이 공개되면 대통령과 공화당까지 붕괴한다.,정치 권력 축이 김종필 축출과 공화당 당권 전쟁의 다음 단계로 이동한다.,유예: 공격 주체와 권력선이 선명해진다.,politics,다음 판단의 기준이 ‘김정렴의 카지노 비자금 공작과 성태정 해외 도피 뒤 야당에 정치사찰 녹음테이프가 접근한다’로 옮겨 간다.,다음 회차에는 김정렴의 카지노 비자금 공작과 성태정 해외 도피 뒤 야당에 정치사찰 녹음테이프가 접근한다,직전 화의 ‘김종필이 귀국 전 당 조직 보전을 지시하고 종일에게 김재규의 당권 야심을 알린다’가 남긴 즉시 과제는 이번 실행으로 결론을 미룬 채 다음 압력으로 넘어간다.,김정렴의 카지노 비자금 공작과 성태정 해외 도피 뒤 야당에 정치사찰 녹음테이프가 접근한다; 김종필 축출과 공화당 당권 전쟁,L09,high
729,성공시대 729화,다가오는 위기,102273,102434,직전 화의 ‘김종필이 동맹을 청하자 종일과 신직수는 공천 열 자리로 김재규 진입을 막기로 한다’가 만든 조건에서 김종필 축출과 공화당 당권 전쟁의 결산 단계가 시작된다.,‘성태정 측 녹음테이프가 김대중에게 넘어가고 종일은 가족 수영장 장면 뒤 반격 시한을 듣는다’까지 가기 전에 ‘비밀 국유재산 성격의 자산 의혹이 공개되면 대통령과 공화당까지 붕괴한다’라는 압력을 넘을 수 있는가가 이 화의 독자 질문이다.,김종필계가 제거되는 것을 막고 김재규의 여당 장악을 차단한다.,김정렴의 카지노 비자금 공작과 성태정 해외 도피 뒤 야당에 정치사찰 녹음테이프가 접근한다.,비밀 국유재산 성격의 자산 의혹이 공개되면 대통령과 공화당까지 붕괴한다.,정치 권력 축이 김종필 축출과 공화당 당권 전쟁의 가시적 결산으로 이동한다.,부분 지급: 정치적 생존 공간과 대응 시한을 번다.,politics,다음 판단의 기준이 ‘성태정 측 녹음테이프가 김대중에게 넘어가고 종일은 가족 수영장 장면 뒤 반격 시한을 듣는다’로 옮겨 간다.,다음 회차에는 성태정 측 녹음테이프가 김대중에게 넘어가고 종일은 가족 수영장 장면 뒤 반격 시한을 듣는다,직전 화의 ‘김종필이 동맹을 청하자 종일과 신직수는 공천 열 자리로 김재규 진입을 막기로 한다’가 남긴 즉시 과제는 이번 실행으로 일부 결과를 얻고 남은 비용만 다음 화로 넘긴다.,성태정 측 녹음테이프가 김대중에게 넘어가고 종일은 가족 수영장 장면 뒤 반격 시한을 듣는다; 다음 소제목 #반격,L09,high
730,성공시대 730화,반격,102435,102597,"직전 화의 ‘김정렴의 카지노 비자금 공작과 성태정 해외 도피 뒤 야당에 정치사찰 녹음테이프가 접근한다’가 한 국면을 닫은 뒤, 이 화 안의 원문 #반격 전환이 정치사찰 테이프와 강남 투기 역공을 연다.",‘김종필계가 국회 폭로를 준비하며 정치사찰 테이프 공개까지 사흘의 카운트다운에 들어간다’까지 가기 전에 ‘테이프 탈취와 권력기관 개입이 야당 테러 및 역풍으로 이어진다’라는 압력을 넘을 수 있는가가 이 화의 독자 질문이다.,김재규의 불법 사찰을 드러내고 청와대의 공격 축을 부동산 투기로 돌린다.,성태정 측 녹음테이프가 김대중에게 넘어가고 종일은 가족 수영장 장면 뒤 반격 시한을 듣는다.,테이프 탈취와 권력기관 개입이 야당 테러 및 역풍으로 이어진다.,정치 권력 축이 정치사찰 테이프와 강남 투기 역공의 다음 단계로 이동한다.,유예: 상대의 거짓말과 취약점이 가시화된다.,politics,다음 판단의 기준이 ‘김종필계가 국회 폭로를 준비하며 정치사찰 테이프 공개까지 사흘의 카운트다운에 들어간다’로 옮겨 간다.,다음 회차에는 김종필계가 국회 폭로를 준비하며 정치사찰 테이프 공개까지 사흘의 카운트다운에 들어간다,직전 화의 ‘김정렴의 카지노 비자금 공작과 성태정 해외 도피 뒤 야당에 정치사찰 녹음테이프가 접근한다’가 남긴 즉시 과제는 이번 실행으로 결론을 미룬 채 다음 압력으로 넘어간다.,김종필계가 국회 폭로를 준비하며 정치사찰 테이프 공개까지 사흘의 카운트다운에 들어간다; 정치사찰 테이프와 강남 투기 역공,L10,high
731,성공시대 731화,반격,102598,102756,직전 화의 ‘성태정 측 녹음테이프가 김대중에게 넘어가고 종일은 가족 수영장 장면 뒤 반격 시한을 듣는다’가 만든 조건에서 정치사찰 테이프와 강남 투기 역공의 압박 단계가 시작된다.,‘김재규·김정렴이 테이프 존재를 파악해 탈취를 지시하고 신직수가 종일에게 사찰 내용을 전한다’까지 가기 전에 ‘테이프 탈취와 권력기관 개입이 야당 테러 및 역풍으로 이어진다’라는 압력을 넘을 수 있는가가 이 화의 독자 질문이다.,김재규의 불법 사찰을 드러내고 청와대의 공격 축을 부동산 투기로 돌린다.,김종필계가 국회 폭로를 준비하며 정치사찰 테이프 공개까지 사흘의 카운트다운에 들어간다.,테이프 탈취와 권력기관 개입이 야당 테러 및 역풍으로 이어진다.,정치 권력 축이 정치사찰 테이프와 강남 투기 역공의 다음 단계로 이동한다.,유예: 공격 주체와 권력선이 선명해진다.,politics,다음 판단의 기준이 ‘김재규·김정렴이 테이프 존재를 파악해 탈취를 지시하고 신직수가 종일에게 사찰 내용을 전한다’로 옮겨 간다.,다음 회차에는 김재규·김정렴이 테이프 존재를 파악해 탈취를 지시하고 신직수가 종일에게 사찰 내용을 전한다,직전 화의 ‘성태정 측 녹음테이프가 김대중에게 넘어가고 종일은 가족 수영장 장면 뒤 반격 시한을 듣는다’가 남긴 즉시 과제는 이번 실행으로 결론을 미룬 채 다음 압력으로 넘어간다.,김재규·김정렴이 테이프 존재를 파악해 탈취를 지시하고 신직수가 종일에게 사찰 내용을 전한다; 정치사찰 테이프와 강남 투기 역공,L10,high
732,성공시대 732화,반격,102757,102907,직전 화의 ‘김종필계가 국회 폭로를 준비하며 정치사찰 테이프 공개까지 사흘의 카운트다운에 들어간다’가 만든 조건에서 정치사찰 테이프와 강남 투기 역공의 전환 단계가 시작된다.,‘종일은 토지개발 금융안을 내고 대통령에게 강남 투기 단속이라는 새 정치 의제를 제시한다’까지 가기 전에 ‘테이프 탈취와 권력기관 개입이 야당 테러 및 역풍으로 이어진다’라는 압력을 넘을 수 있는가가 이 화의 독자 질문이다.,김재규의 불법 사찰을 드러내고 청와대의 공격 축을 부동산 투기로 돌린다.,김재규·김정렴이 테이프 존재를 파악해 탈취를 지시하고 신직수가 종일에게 사찰 내용을 전한다.,테이프 탈취와 권력기관 개입이 야당 테러 및 역풍으로 이어진다.,정치 권력 축이 정치사찰 테이프와 강남 투기 역공의 다음 단계로 이동한다.,유예: 정치적 생존 공간과 대응 시한을 번다.,politics,다음 판단의 기준이 ‘종일은 토지개발 금융안을 내고 대통령에게 강남 투기 단속이라는 새 정치 의제를 제시한다’로 옮겨 간다.,다음 회차에는 종일은 토지개발 금융안을 내고 대통령에게 강남 투기 단속이라는 새 정치 의제를 제시한다,직전 화의 ‘김종필계가 국회 폭로를 준비하며 정치사찰 테이프 공개까지 사흘의 카운트다운에 들어간다’가 남긴 즉시 과제는 이번 실행으로 결론을 미룬 채 다음 압력으로 넘어간다.,종일은 토지개발 금융안을 내고 대통령에게 강남 투기 단속이라는 새 정치 의제를 제시한다; 정치사찰 테이프와 강남 투기 역공,L10,high
733,성공시대 733화,반격,102908,103058,직전 화의 ‘김재규·김정렴이 테이프 존재를 파악해 탈취를 지시하고 신직수가 종일에게 사찰 내용을 전한다’가 만든 조건에서 정치사찰 테이프와 강남 투기 역공의 결산 단계가 시작된다.,‘대통령이 강남 투기 단속을 지시한 직후 김정렴 쪽이 울산 행동대장 나운봉을 투입한다’까지 가기 전에 ‘테이프 탈취와 권력기관 개입이 야당 테러 및 역풍으로 이어진다’라는 압력을 넘을 수 있는가가 이 화의 독자 질문이다.,김재규의 불법 사찰을 드러내고 청와대의 공격 축을 부동산 투기로 돌린다.,종일은 토지개발 금융안을 내고 대통령에게 강남 투기 단속이라는 새 정치 의제를 제시한다.,테이프 탈취와 권력기관 개입이 야당 테러 및 역풍으로 이어진다.,정치 권력 축이 정치사찰 테이프와 강남 투기 역공의 가시적 결산으로 이동한다.,부분 지급: 동맹 또는 공적 명분을 확보한다.,politics,다음 판단의 기준이 ‘대통령이 강남 투기 단속을 지시한 직후 김정렴 쪽이 울산 행동대장 나운봉을 투입한다’로 옮겨 간다.,다음 회차에는 대통령이 강남 투기 단속을 지시한 직후 김정렴 쪽이 울산 행동대장 나운봉을 투입한다,직전 화의 ‘김재규·김정렴이 테이프 존재를 파악해 탈취를 지시하고 신직수가 종일에게 사찰 내용을 전한다’가 남긴 즉시 과제는 이번 실행으로 일부 결과를 얻고 남은 비용만 다음 화로 넘긴다.,대통령이 강남 투기 단속을 지시한 직후 김정렴 쪽이 울산 행동대장 나운봉을 투입한다; 다음 소제목 #테러,L10,high
734,성공시대 734화,테러,103059,103219,"직전 화의 ‘종일은 토지개발 금융안을 내고 대통령에게 강남 투기 단속이라는 새 정치 의제를 제시한다’가 한 국면을 닫은 뒤, 이 화 안의 원문 #테러 전환이 DJ 테러와 사찰 폭로의 역류을 연다.",‘나운봉 일당이 김대중 차량 행렬을 습격해 정치사찰 테이프를 빼앗는다’까지 가기 전에 ‘피습 책임이 야당 내부로 뒤집히면 김재규·김정렴이 오히려 살아난다’라는 압력을 넘을 수 있는가가 이 화의 독자 질문이다.,테이프 탈취 테러의 진상을 살리고 김재규의 사찰 조직을 공론화한다.,대통령이 강남 투기 단속을 지시한 직후 김정렴 쪽이 울산 행동대장 나운봉을 투입한다.,피습 책임이 야당 내부로 뒤집히면 김재규·김정렴이 오히려 살아난다.,정치 권력 축이 DJ 테러와 사찰 폭로의 역류의 다음 단계로 이동한다.,유예: 공격 주체와 권력선이 선명해진다.,politics,다음 판단의 기준이 ‘나운봉 일당이 김대중 차량 행렬을 습격해 정치사찰 테이프를 빼앗는다’로 옮겨 간다.,다음 회차에는 나운봉 일당이 김대중 차량 행렬을 습격해 정치사찰 테이프를 빼앗는다,직전 화의 ‘종일은 토지개발 금융안을 내고 대통령에게 강남 투기 단속이라는 새 정치 의제를 제시한다’가 남긴 즉시 과제는 이번 실행으로 결론을 미룬 채 다음 압력으로 넘어간다.,나운봉 일당이 김대중 차량 행렬을 습격해 정치사찰 테이프를 빼앗는다; DJ 테러와 사찰 폭로의 역류,L11,high
735,성공시대 735화,테러,103220,103383,직전 화의 ‘대통령이 강남 투기 단속을 지시한 직후 김정렴 쪽이 울산 행동대장 나운봉을 투입한다’가 만든 조건에서 DJ 테러와 사찰 폭로의 역류의 압박 단계가 시작된다.,‘부상한 김대중이 특별검사와 사찰 폭로를 고수하며 여권의 계산을 깨뜨린다’까지 가기 전에 ‘피습 책임이 야당 내부로 뒤집히면 김재규·김정렴이 오히려 살아난다’라는 압력을 넘을 수 있는가가 이 화의 독자 질문이다.,테이프 탈취 테러의 진상을 살리고 김재규의 사찰 조직을 공론화한다.,나운봉 일당이 김대중 차량 행렬을 습격해 정치사찰 테이프를 빼앗는다.,피습 책임이 야당 내부로 뒤집히면 김재규·김정렴이 오히려 살아난다.,정치 권력 축이 DJ 테러와 사찰 폭로의 역류의 다음 단계로 이동한다.,유예: 정치적 생존 공간과 대응 시한을 번다.,politics,다음 판단의 기준이 ‘부상한 김대중이 특별검사와 사찰 폭로를 고수하며 여권의 계산을 깨뜨린다’로 옮겨 간다.,다음 회차에는 부상한 김대중이 특별검사와 사찰 폭로를 고수하며 여권의 계산을 깨뜨린다,직전 화의 ‘대통령이 강남 투기 단속을 지시한 직후 김정렴 쪽이 울산 행동대장 나운봉을 투입한다’가 남긴 즉시 과제는 이번 실행으로 결론을 미룬 채 다음 압력으로 넘어간다.,부상한 김대중이 특별검사와 사찰 폭로를 고수하며 여권의 계산을 깨뜨린다; DJ 테러와 사찰 폭로의 역류,L11,high
736,성공시대 736화,테러,103384,103549,직전 화의 ‘나운봉 일당이 김대중 차량 행렬을 습격해 정치사찰 테이프를 빼앗는다’가 만든 조건에서 DJ 테러와 사찰 폭로의 역류의 전환 단계가 시작된다.,‘김대중의 기자회견으로 중앙정보부 사찰이 드러나고 김정렴은 김재규에게 버림 가능성을 경고한다’까지 가기 전에 ‘피습 책임이 야당 내부로 뒤집히면 김재규·김정렴이 오히려 살아난다’라는 압력을 넘을 수 있는가가 이 화의 독자 질문이다.,테이프 탈취 테러의 진상을 살리고 김재규의 사찰 조직을 공론화한다.,부상한 김대중이 특별검사와 사찰 폭로를 고수하며 여권의 계산을 깨뜨린다.,피습 책임이 야당 내부로 뒤집히면 김재규·김정렴이 오히려 살아난다.,정치 권력 축이 DJ 테러와 사찰 폭로의 역류의 다음 단계로 이동한다.,유예: 동맹 또는 공적 명분을 확보한다.,politics,다음 판단의 기준이 ‘김대중의 기자회견으로 중앙정보부 사찰이 드러나고 김정렴은 김재규에게 버림 가능성을 경고한다’로 옮겨 간다.,다음 회차에는 김대중의 기자회견으로 중앙정보부 사찰이 드러나고 김정렴은 김재규에게 버림 가능성을 경고한다,직전 화의 ‘나운봉 일당이 김대중 차량 행렬을 습격해 정치사찰 테이프를 빼앗는다’가 남긴 즉시 과제는 이번 실행으로 결론을 미룬 채 다음 압력으로 넘어간다.,김대중의 기자회견으로 중앙정보부 사찰이 드러나고 김정렴은 김재규에게 버림 가능성을 경고한다; DJ 테러와 사찰 폭로의 역류,L11,high
737,성공시대 737화,테러,103550,103701,직전 화의 ‘부상한 김대중이 특별검사와 사찰 폭로를 고수하며 여권의 계산을 깨뜨린다’가 만든 조건에서 DJ 테러와 사찰 폭로의 역류의 전환 단계가 시작된다.,‘김재규가 대통령에게 거짓 보고하고 야당 자작극 프레임을 흘려 진상 규명을 흐린다’까지 가기 전에 ‘피습 책임이 야당 내부로 뒤집히면 김재규·김정렴이 오히려 살아난다’라는 압력을 넘을 수 있는가가 이 화의 독자 질문이다.,테이프 탈취 테러의 진상을 살리고 김재규의 사찰 조직을 공론화한다.,김대중의 기자회견으로 중앙정보부 사찰이 드러나고 김정렴은 김재규에게 버림 가능성을 경고한다.,피습 책임이 야당 내부로 뒤집히면 김재규·김정렴이 오히려 살아난다.,정치 권력 축이 DJ 테러와 사찰 폭로의 역류의 다음 단계로 이동한다.,유예: 상대의 거짓말과 취약점이 가시화된다.,politics,다음 판단의 기준이 ‘김재규가 대통령에게 거짓 보고하고 야당 자작극 프레임을 흘려 진상 규명을 흐린다’로 옮겨 간다.,다음 회차에는 김재규가 대통령에게 거짓 보고하고 야당 자작극 프레임을 흘려 진상 규명을 흐린다,직전 화의 ‘부상한 김대중이 특별검사와 사찰 폭로를 고수하며 여권의 계산을 깨뜨린다’가 남긴 즉시 과제는 이번 실행으로 결론을 미룬 채 다음 압력으로 넘어간다.,김재규가 대통령에게 거짓 보고하고 야당 자작극 프레임을 흘려 진상 규명을 흐린다; DJ 테러와 사찰 폭로의 역류,L11,high
738,성공시대 738화,테러,103702,103851,직전 화의 ‘김대중의 기자회견으로 중앙정보부 사찰이 드러나고 김정렴은 김재규에게 버림 가능성을 경고한다’가 만든 조건에서 DJ 테러와 사찰 폭로의 역류의 결산 단계가 시작된다.,‘김대중 병상 동정 여론이 커지고 김종필은 종일에게 공개 개입을 자제하라고 한다’까지 가기 전에 ‘피습 책임이 야당 내부로 뒤집히면 김재규·김정렴이 오히려 살아난다’라는 압력을 넘을 수 있는가가 이 화의 독자 질문이다.,테이프 탈취 테러의 진상을 살리고 김재규의 사찰 조직을 공론화한다.,김재규가 대통령에게 거짓 보고하고 야당 자작극 프레임을 흘려 진상 규명을 흐린다.,피습 책임이 야당 내부로 뒤집히면 김재규·김정렴이 오히려 살아난다.,정치 권력 축이 DJ 테러와 사찰 폭로의 역류의 가시적 결산으로 이동한다.,부분 지급: 공격 주체와 권력선이 선명해진다.,politics,다음 판단의 기준이 ‘김대중 병상 동정 여론이 커지고 김종필은 종일에게 공개 개입을 자제하라고 한다’로 옮겨 간다.,다음 회차에는 김대중 병상 동정 여론이 커지고 김종필은 종일에게 공개 개입을 자제하라고 한다,직전 화의 ‘김대중의 기자회견으로 중앙정보부 사찰이 드러나고 김정렴은 김재규에게 버림 가능성을 경고한다’가 남긴 즉시 과제는 이번 실행으로 일부 결과를 얻고 남은 비용만 다음 화로 넘긴다.,김대중 병상 동정 여론이 커지고 김종필은 종일에게 공개 개입을 자제하라고 한다; 다음 소제목 #혼란,L11,high
739,성공시대 739화,혼란,103852,104009,"직전 화의 ‘김재규가 대통령에게 거짓 보고하고 야당 자작극 프레임을 흘려 진상 규명을 흐린다’가 한 국면을 닫은 뒤, 이 화 안의 원문 #혼란 전환이 특검 혼란과 김정렴 수사 무산을 연다.",‘김정렴이 검찰 인맥으로 수사 정보를 빼내고 특검 국면을 역이용할 준비를 한다’까지 가기 전에 ‘증거 인멸과 야당 연루 폭로가 김대중 동정 여론까지 반전시킨다’라는 압력을 넘을 수 있는가가 이 화의 독자 질문이다.,피습·부동산 수사의 왜곡을 막고 김재규계의 책임을 고정한다.,김대중 병상 동정 여론이 커지고 김종필은 종일에게 공개 개입을 자제하라고 한다.,증거 인멸과 야당 연루 폭로가 김대중 동정 여론까지 반전시킨다.,정치 권력 축이 특검 혼란과 김정렴 수사 무산의 다음 단계로 이동한다.,유예: 동맹 또는 공적 명분을 확보한다.,politics,다음 판단의 기준이 ‘김정렴이 검찰 인맥으로 수사 정보를 빼내고 특검 국면을 역이용할 준비를 한다’로 옮겨 간다.,다음 회차에는 김정렴이 검찰 인맥으로 수사 정보를 빼내고 특검 국면을 역이용할 준비를 한다,직전 화의 ‘김재규가 대통령에게 거짓 보고하고 야당 자작극 프레임을 흘려 진상 규명을 흐린다’가 남긴 즉시 과제는 이번 실행으로 결론을 미룬 채 다음 압력으로 넘어간다.,김정렴이 검찰 인맥으로 수사 정보를 빼내고 특검 국면을 역이용할 준비를 한다; 특검 혼란과 김정렴 수사 무산,L12,high
740,성공시대 740화,혼란,104010,104165,직전 화의 ‘김대중 병상 동정 여론이 커지고 김종필은 종일에게 공개 개입을 자제하라고 한다’가 만든 조건에서 특검 혼란과 김정렴 수사 무산의 압박 단계가 시작된다.,‘김종필계가 특검을 지지해 김재규의 당권 야심을 까려는 동안 가족은 보약 소동으로 긴장을 누그러뜨린다’까지 가기 전에 ‘증거 인멸과 야당 연루 폭로가 김대중 동정 여론까지 반전시킨다’라는 압력을 넘을 수 있는가가 이 화의 독자 질문이다.,피습·부동산 수사의 왜곡을 막고 김재규계의 책임을 고정한다.,김정렴이 검찰 인맥으로 수사 정보를 빼내고 특검 국면을 역이용할 준비를 한다.,증거 인멸과 야당 연루 폭로가 김대중 동정 여론까지 반전시킨다.,정치 권력 축이 특검 혼란과 김정렴 수사 무산의 다음 단계로 이동한다.,유예: 상대의 거짓말과 취약점이 가시화된다.,politics,다음 판단의 기준이 ‘김종필계가 특검을 지지해 김재규의 당권 야심을 까려는 동안 가족은 보약 소동으로 긴장을 누그러뜨린다’로 옮겨 간다.,다음 회차에는 김종필계가 특검을 지지해 김재규의 당권 야심을 까려는 동안 가족은 보약 소동으로 긴장을 누그러뜨린다,직전 화의 ‘김대중 병상 동정 여론이 커지고 김종필은 종일에게 공개 개입을 자제하라고 한다’가 남긴 즉시 과제는 이번 실행으로 결론을 미룬 채 다음 압력으로 넘어간다.,김종필계가 특검을 지지해 김재규의 당권 야심을 까려는 동안 가족은 보약 소동으로 긴장을 누그러뜨린다; 특검 혼란과 김정렴 수사 무산,L12,high
741,성공시대 741화,혼란,104166,104323,직전 화의 ‘김정렴이 검찰 인맥으로 수사 정보를 빼내고 특검 국면을 역이용할 준비를 한다’가 만든 조건에서 특검 혼란과 김정렴 수사 무산의 압박 단계가 시작된다.,‘김정렴이 구속 수사를 받지만 최창봉을 통해 핵심 증거가 지워진다’까지 가기 전에 ‘증거 인멸과 야당 연루 폭로가 김대중 동정 여론까지 반전시킨다’라는 압력을 넘을 수 있는가가 이 화의 독자 질문이다.,피습·부동산 수사의 왜곡을 막고 김재규계의 책임을 고정한다.,김종필계가 특검을 지지해 김재규의 당권 야심을 까려는 동안 가족은 보약 소동으로 긴장을 누그러뜨린다.,증거 인멸과 야당 연루 폭로가 김대중 동정 여론까지 반전시킨다.,정치 권력 축이 특검 혼란과 김정렴 수사 무산의 다음 단계로 이동한다.,지급: 공격 주체와 권력선이 선명해진다.,politics,다음 판단의 기준이 ‘김정렴이 구속 수사를 받지만 최창봉을 통해 핵심 증거가 지워진다’로 옮겨 간다.,다음 회차에는 김정렴이 구속 수사를 받지만 최창봉을 통해 핵심 증거가 지워진다,직전 화의 ‘김정렴이 검찰 인맥으로 수사 정보를 빼내고 특검 국면을 역이용할 준비를 한다’가 남긴 즉시 과제는 이번 실행으로 구체 성과로 확인된다.,김정렴이 구속 수사를 받지만 최창봉을 통해 핵심 증거가 지워진다; 특검 혼란과 김정렴 수사 무산,L12,high
742,성공시대 742화,혼란,104324,104500,직전 화의 ‘김종필계가 특검을 지지해 김재규의 당권 야심을 까려는 동안 가족은 보약 소동으로 긴장을 누그러뜨린다’가 만든 조건에서 특검 혼란과 김정렴 수사 무산의 압박 단계가 시작된다.,‘검찰이 수위를 낮추고 윤상중이 신민당원 가담을 폭로해 테러 책임선을 야권으로 돌린다’까지 가기 전에 ‘증거 인멸과 야당 연루 폭로가 김대중 동정 여론까지 반전시킨다’라는 압력을 넘을 수 있는가가 이 화의 독자 질문이다.,피습·부동산 수사의 왜곡을 막고 김재규계의 책임을 고정한다.,김정렴이 구속 수사를 받지만 최창봉을 통해 핵심 증거가 지워진다.,증거 인멸과 야당 연루 폭로가 김대중 동정 여론까지 반전시킨다.,정치 권력 축이 특검 혼란과 김정렴 수사 무산의 다음 단계로 이동한다.,유예: 정치적 생존 공간과 대응 시한을 번다.,politics,다음 판단의 기준이 ‘검찰이 수위를 낮추고 윤상중이 신민당원 가담을 폭로해 테러 책임선을 야권으로 돌린다’로 옮겨 간다.,다음 회차에는 검찰이 수위를 낮추고 윤상중이 신민당원 가담을 폭로해 테러 책임선을 야권으로 돌린다,직전 화의 ‘김종필계가 특검을 지지해 김재규의 당권 야심을 까려는 동안 가족은 보약 소동으로 긴장을 누그러뜨린다’가 남긴 즉시 과제는 이번 실행으로 결론을 미룬 채 다음 압력으로 넘어간다.,검찰이 수위를 낮추고 윤상중이 신민당원 가담을 폭로해 테러 책임선을 야권으로 돌린다; 특검 혼란과 김정렴 수사 무산,L12,high
743,성공시대 743화,혼란,104501,104655,직전 화의 ‘김정렴이 구속 수사를 받지만 최창봉을 통해 핵심 증거가 지워진다’가 만든 조건에서 특검 혼란과 김정렴 수사 무산의 전환 단계가 시작된다.,‘신민당이 당원 연루를 인정하자 김영삼이 김대중의 동정 독주를 경계하며 야권 공조를 흔든다’까지 가기 전에 ‘증거 인멸과 야당 연루 폭로가 김대중 동정 여론까지 반전시킨다’라는 압력을 넘을 수 있는가가 이 화의 독자 질문이다.,피습·부동산 수사의 왜곡을 막고 김재규계의 책임을 고정한다.,검찰이 수위를 낮추고 윤상중이 신민당원 가담을 폭로해 테러 책임선을 야권으로 돌린다.,증거 인멸과 야당 연루 폭로가 김대중 동정 여론까지 반전시킨다.,정치 권력 축이 특검 혼란과 김정렴 수사 무산의 다음 단계로 이동한다.,지급: 동맹 또는 공적 명분을 확보한다.,politics,다음 판단의 기준이 ‘신민당이 당원 연루를 인정하자 김영삼이 김대중의 동정 독주를 경계하며 야권 공조를 흔든다’로 옮겨 간다.,다음 회차에는 신민당이 당원 연루를 인정하자 김영삼이 김대중의 동정 독주를 경계하며 야권 공조를 흔든다,직전 화의 ‘김정렴이 구속 수사를 받지만 최창봉을 통해 핵심 증거가 지워진다’가 남긴 즉시 과제는 이번 실행으로 구체 성과로 확인된다.,신민당이 당원 연루를 인정하자 김영삼이 김대중의 동정 독주를 경계하며 야권 공조를 흔든다; 특검 혼란과 김정렴 수사 무산,L12,high
744,성공시대 744화,혼란,104656,104783,직전 화의 ‘검찰이 수위를 낮추고 윤상중이 신민당원 가담을 폭로해 테러 책임선을 야권으로 돌린다’가 만든 조건에서 특검 혼란과 김정렴 수사 무산의 결산 단계가 시작된다.,‘김정렴이 불기소로 풀려나고 강남 수사 역풍까지 받아 종일의 정치 반격이 실패로 끝난다’까지 가기 전에 ‘증거 인멸과 야당 연루 폭로가 김대중 동정 여론까지 반전시킨다’라는 압력을 넘을 수 있는가가 이 화의 독자 질문이다.,피습·부동산 수사의 왜곡을 막고 김재규계의 책임을 고정한다.,신민당이 당원 연루를 인정하자 김영삼이 김대중의 동정 독주를 경계하며 야권 공조를 흔든다.,증거 인멸과 야당 연루 폭로가 김대중 동정 여론까지 반전시킨다.,정치 권력 축이 특검 혼란과 김정렴 수사 무산의 가시적 결산으로 이동한다.,부분 지급: 상대의 거짓말과 취약점이 가시화된다.,politics,다음 판단의 기준이 ‘김정렴이 불기소로 풀려나고 강남 수사 역풍까지 받아 종일의 정치 반격이 실패로 끝난다’로 옮겨 간다.,다음 회차에는 김정렴이 불기소로 풀려나고 강남 수사 역풍까지 받아 종일의 정치 반격이 실패로 끝난다,직전 화의 ‘검찰이 수위를 낮추고 윤상중이 신민당원 가담을 폭로해 테러 책임선을 야권으로 돌린다’가 남긴 즉시 과제는 이번 실행으로 일부 결과를 얻고 남은 비용만 다음 화로 넘긴다.,김정렴이 불기소로 풀려나고 강남 수사 역풍까지 받아 종일의 정치 반격이 실패로 끝난다; 특검 혼란과 김정렴 수사 무산,L12,high
745,성공시대 745화,혼란,104784,104930,직전 화의 ‘신민당이 당원 연루를 인정하자 김영삼이 김대중의 동정 독주를 경계하며 야권 공조를 흔든다’가 만든 조건에서 특검 혼란과 김정렴 수사 무산의 결산 단계가 시작된다.,‘종일이 정치전에서 한발 물러나 워크맨용 충전지 50만 개 조달과 연구개발로 축을 돌린다’까지 가기 전에 ‘증거 인멸과 야당 연루 폭로가 김대중 동정 여론까지 반전시킨다’라는 압력을 넘을 수 있는가가 이 화의 독자 질문이다.,피습·부동산 수사의 왜곡을 막고 김재규계의 책임을 고정한다.,김정렴이 불기소로 풀려나고 강남 수사 역풍까지 받아 종일의 정치 반격이 실패로 끝난다.,증거 인멸과 야당 연루 폭로가 김대중 동정 여론까지 반전시킨다.,정치 권력 축이 특검 혼란과 김정렴 수사 무산의 가시적 결산으로 이동한다.,부분 지급: 공격 주체와 권력선이 선명해진다.,politics,다음 판단의 기준이 ‘종일이 정치전에서 한발 물러나 워크맨용 충전지 50만 개 조달과 연구개발로 축을 돌린다’로 옮겨 간다.,다음 회차에는 종일이 정치전에서 한발 물러나 워크맨용 충전지 50만 개 조달과 연구개발로 축을 돌린다,직전 화의 ‘신민당이 당원 연루를 인정하자 김영삼이 김대중의 동정 독주를 경계하며 야권 공조를 흔든다’가 남긴 즉시 과제는 이번 실행으로 일부 결과를 얻고 남은 비용만 다음 화로 넘긴다.,종일이 정치전에서 한발 물러나 워크맨용 충전지 50만 개 조달과 연구개발로 축을 돌린다; 다음 소제목 #일보 후퇴,L12,high
746,성공시대 746화,일보 후퇴,104931,105059,"직전 화의 ‘김정렴이 불기소로 풀려나고 강남 수사 역풍까지 받아 종일의 정치 반격이 실패로 끝난다’가 한 국면을 닫은 뒤, 이 화 안의 원문 #일보 후퇴 전환이 일보 후퇴와 기술·왕실 신뢰 축적을 연다.",‘배터리 양산안을 정하고 김대중은 강남 투기 단속을 정치 탄압으로 맞받는다’까지 가기 전에 ‘김재규의 사조직과 불안한 입찰·배터리 공급이 동시에 발목을 잡는다’라는 압력을 넘을 수 있는가가 이 화의 독자 질문이다.,정치 패배 뒤 사업·기술·왕실 외교에서 다음 승부의 기반을 만든다.,종일이 정치전에서 한발 물러나 워크맨용 충전지 50만 개 조달과 연구개발로 축을 돌린다.,김재규의 사조직과 불안한 입찰·배터리 공급이 동시에 발목을 잡는다.,사업 규모 축이 일보 후퇴와 기술·왕실 신뢰 축적의 다음 단계로 이동한다.,지급: 조직 실행력과 장기 현금흐름의 기반을 넓힌다.,business,다음 판단의 기준이 ‘배터리 양산안을 정하고 김대중은 강남 투기 단속을 정치 탄압으로 맞받는다’로 옮겨 간다.,다음 회차에는 배터리 양산안을 정하고 김대중은 강남 투기 단속을 정치 탄압으로 맞받는다,직전 화의 ‘김정렴이 불기소로 풀려나고 강남 수사 역풍까지 받아 종일의 정치 반격이 실패로 끝난다’가 남긴 즉시 과제는 이번 실행으로 구체 성과로 확인된다.,배터리 양산안을 정하고 김대중은 강남 투기 단속을 정치 탄압으로 맞받는다; 일보 후퇴와 기술·왕실 신뢰 축적,L13,high
747,성공시대 747화,일보 후퇴,105060,105214,직전 화의 ‘종일이 정치전에서 한발 물러나 워크맨용 충전지 50만 개 조달과 연구개발로 축을 돌린다’가 만든 조건에서 일보 후퇴와 기술·왕실 신뢰 축적의 압박 단계가 시작된다.,‘안순표의 보고로 대통령이 중앙정보부 비밀 사조직을 알고 선거 뒤 김재규 제거를 결심한다’까지 가기 전에 ‘김재규의 사조직과 불안한 입찰·배터리 공급이 동시에 발목을 잡는다’라는 압력을 넘을 수 있는가가 이 화의 독자 질문이다.,정치 패배 뒤 사업·기술·왕실 외교에서 다음 승부의 기반을 만든다.,배터리 양산안을 정하고 김대중은 강남 투기 단속을 정치 탄압으로 맞받는다.,김재규의 사조직과 불안한 입찰·배터리 공급이 동시에 발목을 잡는다.,사업 규모 축이 일보 후퇴와 기술·왕실 신뢰 축적의 다음 단계로 이동한다.,지급: 경쟁자보다 먼저 물류·현장·시장 거점을 선점한다.,business,다음 판단의 기준이 ‘안순표의 보고로 대통령이 중앙정보부 비밀 사조직을 알고 선거 뒤 김재규 제거를 결심한다’로 옮겨 간다.,다음 회차에는 안순표의 보고로 대통령이 중앙정보부 비밀 사조직을 알고 선거 뒤 김재규 제거를 결심한다,직전 화의 ‘종일이 정치전에서 한발 물러나 워크맨용 충전지 50만 개 조달과 연구개발로 축을 돌린다’가 남긴 즉시 과제는 이번 실행으로 구체 성과로 확인된다.,안순표의 보고로 대통령이 중앙정보부 비밀 사조직을 알고 선거 뒤 김재규 제거를 결심한다; 일보 후퇴와 기술·왕실 신뢰 축적,L13,high
748,성공시대 748화,일보 후퇴,105215,105370,직전 화의 ‘배터리 양산안을 정하고 김대중은 강남 투기 단속을 정치 탄압으로 맞받는다’가 만든 조건에서 일보 후퇴와 기술·왕실 신뢰 축적의 전환 단계가 시작된다.,‘김정렴이 김재규의 공포를 부추기는 동안 종일은 사우디에서 아미르 예우와 무사드 저택을 받는다’까지 가기 전에 ‘김재규의 사조직과 불안한 입찰·배터리 공급이 동시에 발목을 잡는다’라는 압력을 넘을 수 있는가가 이 화의 독자 질문이다.,정치 패배 뒤 사업·기술·왕실 외교에서 다음 승부의 기반을 만든다.,안순표의 보고로 대통령이 중앙정보부 비밀 사조직을 알고 선거 뒤 김재규 제거를 결심한다.,김재규의 사조직과 불안한 입찰·배터리 공급이 동시에 발목을 잡는다.,사업 규모 축이 일보 후퇴와 기술·왕실 신뢰 축적의 다음 단계로 이동한다.,유예: 계약·자금·기술 가운데 하나가 실제 자산으로 남는다.,business,다음 판단의 기준이 ‘김정렴이 김재규의 공포를 부추기는 동안 종일은 사우디에서 아미르 예우와 무사드 저택을 받는다’로 옮겨 간다.,다음 회차에는 김정렴이 김재규의 공포를 부추기는 동안 종일은 사우디에서 아미르 예우와 무사드 저택을 받는다,직전 화의 ‘배터리 양산안을 정하고 김대중은 강남 투기 단속을 정치 탄압으로 맞받는다’가 남긴 즉시 과제는 이번 실행으로 결론을 미룬 채 다음 압력으로 넘어간다.,김정렴이 김재규의 공포를 부추기는 동안 종일은 사우디에서 아미르 예우와 무사드 저택을 받는다; 일보 후퇴와 기술·왕실 신뢰 축적,L13,high
749,성공시대 749화,일보 후퇴,105371,105509,직전 화의 ‘안순표의 보고로 대통령이 중앙정보부 비밀 사조직을 알고 선거 뒤 김재규 제거를 결심한다’가 만든 조건에서 일보 후퇴와 기술·왕실 신뢰 축적의 전환 단계가 시작된다.,‘파이잘이 서울 올림픽을 지지하고 종일은 횡단관 현장기지 확대를 주문한다’까지 가기 전에 ‘김재규의 사조직과 불안한 입찰·배터리 공급이 동시에 발목을 잡는다’라는 압력을 넘을 수 있는가가 이 화의 독자 질문이다.,정치 패배 뒤 사업·기술·왕실 외교에서 다음 승부의 기반을 만든다.,김정렴이 김재규의 공포를 부추기는 동안 종일은 사우디에서 아미르 예우와 무사드 저택을 받는다.,김재규의 사조직과 불안한 입찰·배터리 공급이 동시에 발목을 잡는다.,사업 규모 축이 일보 후퇴와 기술·왕실 신뢰 축적의 다음 단계로 이동한다.,지급: 다음 투자 판단에 필요한 가격과 위험을 확보한다.,business,다음 판단의 기준이 ‘파이잘이 서울 올림픽을 지지하고 종일은 횡단관 현장기지 확대를 주문한다’로 옮겨 간다.,다음 회차에는 파이잘이 서울 올림픽을 지지하고 종일은 횡단관 현장기지 확대를 주문한다,직전 화의 ‘안순표의 보고로 대통령이 중앙정보부 비밀 사조직을 알고 선거 뒤 김재규 제거를 결심한다’가 남긴 즉시 과제는 이번 실행으로 구체 성과로 확인된다.,파이잘이 서울 올림픽을 지지하고 종일은 횡단관 현장기지 확대를 주문한다; 일보 후퇴와 기술·왕실 신뢰 축적,L13,high
750,성공시대 750화,일보 후퇴,105510,105617,직전 화의 ‘김정렴이 김재규의 공포를 부추기는 동안 종일은 사우디에서 아미르 예우와 무사드 저택을 받는다’가 만든 조건에서 일보 후퇴와 기술·왕실 신뢰 축적의 결산 단계가 시작된다.,‘종일이 쿠웨이트 IOC 위원 파하드를 찾지만 왕족의 냉대와 한국 불신을 마주한다’까지 가기 전에 ‘김재규의 사조직과 불안한 입찰·배터리 공급이 동시에 발목을 잡는다’라는 압력을 넘을 수 있는가가 이 화의 독자 질문이다.,정치 패배 뒤 사업·기술·왕실 외교에서 다음 승부의 기반을 만든다.,파이잘이 서울 올림픽을 지지하고 종일은 횡단관 현장기지 확대를 주문한다.,김재규의 사조직과 불안한 입찰·배터리 공급이 동시에 발목을 잡는다.,사업 규모 축이 일보 후퇴와 기술·왕실 신뢰 축적의 가시적 결산으로 이동한다.,지급: 조직 실행력과 장기 현금흐름의 기반을 넓힌다.,business,다음 판단의 기준이 ‘종일이 쿠웨이트 IOC 위원 파하드를 찾지만 왕족의 냉대와 한국 불신을 마주한다’로 옮겨 간다.,다음 회차에는 종일이 쿠웨이트 IOC 위원 파하드를 찾지만 왕족의 냉대와 한국 불신을 마주한다,직전 화의 ‘김정렴이 김재규의 공포를 부추기는 동안 종일은 사우디에서 아미르 예우와 무사드 저택을 받는다’가 남긴 즉시 과제는 이번 실행으로 구체 성과로 확인된다.,종일이 쿠웨이트 IOC 위원 파하드를 찾지만 왕족의 냉대와 한국 불신을 마주한다; 다음 소제목 #셰이크 파하드,L13,high
751,성공시대 751화,셰이크 파하드,105618,105764,"직전 화의 ‘파이잘이 서울 올림픽을 지지하고 종일은 횡단관 현장기지 확대를 주문한다’가 한 국면을 닫은 뒤, 이 화 안의 원문 #셰이크 파하드 전환이 셰이크 파하드의 냉각관 위기을 연다.",‘파하드에게 거절당한 종일은 쿠웨이트 지사의 무기력을 꾸짖고 공사 기회를 찾는다’까지 가기 전에 ‘일본 업체보다 늦거나 실패하면 세 배 배상과 한국 건설사의 국제 망신을 떠안는다’라는 압력을 넘을 수 있는가가 이 화의 독자 질문이다.,쿠웨이트 담수화 시설을 살려 파하드의 반한 감정을 실력 신뢰로 바꾼다.,종일이 쿠웨이트 IOC 위원 파하드를 찾지만 왕족의 냉대와 한국 불신을 마주한다.,일본 업체보다 늦거나 실패하면 세 배 배상과 한국 건설사의 국제 망신을 떠안는다.,사업 규모 축이 셰이크 파하드의 냉각관 위기의 다음 단계로 이동한다.,유예: 계약·자금·기술 가운데 하나가 실제 자산으로 남는다.,business,다음 판단의 기준이 ‘파하드에게 거절당한 종일은 쿠웨이트 지사의 무기력을 꾸짖고 공사 기회를 찾는다’로 옮겨 간다.,다음 회차에는 파하드에게 거절당한 종일은 쿠웨이트 지사의 무기력을 꾸짖고 공사 기회를 찾는다,직전 화의 ‘파이잘이 서울 올림픽을 지지하고 종일은 횡단관 현장기지 확대를 주문한다’가 남긴 즉시 과제는 이번 실행으로 결론을 미룬 채 다음 압력으로 넘어간다.,파하드에게 거절당한 종일은 쿠웨이트 지사의 무기력을 꾸짖고 공사 기회를 찾는다; 셰이크 파하드의 냉각관 위기,L14,high
752,성공시대 752화,셰이크 파하드,105765,105917,직전 화의 ‘종일이 쿠웨이트 IOC 위원 파하드를 찾지만 왕족의 냉대와 한국 불신을 마주한다’가 만든 조건에서 셰이크 파하드의 냉각관 위기의 압박 단계가 시작된다.,‘일본이 한 달을 요구한 48인치 냉각관을 2주에 고치겠다고 제안했다가 모욕을 받고 나온다’까지 가기 전에 ‘일본 업체보다 늦거나 실패하면 세 배 배상과 한국 건설사의 국제 망신을 떠안는다’라는 압력을 넘을 수 있는가가 이 화의 독자 질문이다.,쿠웨이트 담수화 시설을 살려 파하드의 반한 감정을 실력 신뢰로 바꾼다.,파하드에게 거절당한 종일은 쿠웨이트 지사의 무기력을 꾸짖고 공사 기회를 찾는다.,일본 업체보다 늦거나 실패하면 세 배 배상과 한국 건설사의 국제 망신을 떠안는다.,사업 규모 축이 셰이크 파하드의 냉각관 위기의 다음 단계로 이동한다.,유예: 다음 투자 판단에 필요한 가격과 위험을 확보한다.,business,다음 판단의 기준이 ‘일본이 한 달을 요구한 48인치 냉각관을 2주에 고치겠다고 제안했다가 모욕을 받고 나온다’로 옮겨 간다.,다음 회차에는 일본이 한 달을 요구한 48인치 냉각관을 2주에 고치겠다고 제안했다가 모욕을 받고 나온다,직전 화의 ‘종일이 쿠웨이트 IOC 위원 파하드를 찾지만 왕족의 냉대와 한국 불신을 마주한다’가 남긴 즉시 과제는 이번 실행으로 결론을 미룬 채 다음 압력으로 넘어간다.,일본이 한 달을 요구한 48인치 냉각관을 2주에 고치겠다고 제안했다가 모욕을 받고 나온다; 셰이크 파하드의 냉각관 위기,L14,high
753,성공시대 753화,셰이크 파하드,105918,106059,직전 화의 ‘파하드에게 거절당한 종일은 쿠웨이트 지사의 무기력을 꾸짖고 공사 기회를 찾는다’가 만든 조건에서 셰이크 파하드의 냉각관 위기의 전환 단계가 시작된다.,‘일본 일정이 6주로 늘자 파하드는 종일의 보름 수리 제안을 다시 검토한다’까지 가기 전에 ‘일본 업체보다 늦거나 실패하면 세 배 배상과 한국 건설사의 국제 망신을 떠안는다’라는 압력을 넘을 수 있는가가 이 화의 독자 질문이다.,쿠웨이트 담수화 시설을 살려 파하드의 반한 감정을 실력 신뢰로 바꾼다.,일본이 한 달을 요구한 48인치 냉각관을 2주에 고치겠다고 제안했다가 모욕을 받고 나온다.,일본 업체보다 늦거나 실패하면 세 배 배상과 한국 건설사의 국제 망신을 떠안는다.,사업 규모 축이 셰이크 파하드의 냉각관 위기의 다음 단계로 이동한다.,유예: 조직 실행력과 장기 현금흐름의 기반을 넓힌다.,business,다음 판단의 기준이 ‘일본 일정이 6주로 늘자 파하드는 종일의 보름 수리 제안을 다시 검토한다’로 옮겨 간다.,다음 회차에는 일본 일정이 6주로 늘자 파하드는 종일의 보름 수리 제안을 다시 검토한다,직전 화의 ‘파하드에게 거절당한 종일은 쿠웨이트 지사의 무기력을 꾸짖고 공사 기회를 찾는다’가 남긴 즉시 과제는 이번 실행으로 결론을 미룬 채 다음 압력으로 넘어간다.,일본 일정이 6주로 늘자 파하드는 종일의 보름 수리 제안을 다시 검토한다; 셰이크 파하드의 냉각관 위기,L14,high
754,성공시대 754화,셰이크 파하드,106060,106214,직전 화의 ‘일본이 한 달을 요구한 48인치 냉각관을 2주에 고치겠다고 제안했다가 모욕을 받고 나온다’가 만든 조건에서 셰이크 파하드의 냉각관 위기의 결산 단계가 시작된다.,‘파하드가 보름 기한과 세 배 배상 조건을 걸자 종일이 대규모 인력 투입을 수락한다’까지 가기 전에 ‘일본 업체보다 늦거나 실패하면 세 배 배상과 한국 건설사의 국제 망신을 떠안는다’라는 압력을 넘을 수 있는가가 이 화의 독자 질문이다.,쿠웨이트 담수화 시설을 살려 파하드의 반한 감정을 실력 신뢰로 바꾼다.,일본 일정이 6주로 늘자 파하드는 종일의 보름 수리 제안을 다시 검토한다.,일본 업체보다 늦거나 실패하면 세 배 배상과 한국 건설사의 국제 망신을 떠안는다.,사업 규모 축이 셰이크 파하드의 냉각관 위기의 가시적 결산으로 이동한다.,부분 지급: 경쟁자보다 먼저 물류·현장·시장 거점을 선점한다.,business,다음 판단의 기준이 ‘파하드가 보름 기한과 세 배 배상 조건을 걸자 종일이 대규모 인력 투입을 수락한다’로 옮겨 간다.,다음 회차에는 파하드가 보름 기한과 세 배 배상 조건을 걸자 종일이 대규모 인력 투입을 수락한다,직전 화의 ‘일본이 한 달을 요구한 48인치 냉각관을 2주에 고치겠다고 제안했다가 모욕을 받고 나온다’가 남긴 즉시 과제는 이번 실행으로 일부 결과를 얻고 남은 비용만 다음 화로 넘긴다.,파하드가 보름 기한과 세 배 배상 조건을 걸자 종일이 대규모 인력 투입을 수락한다; 다음 소제목 #물량전,L14,high
755,성공시대 755화,물량전,106215,106375,"직전 화의 ‘일본 일정이 6주로 늘자 파하드는 종일의 보름 수리 제안을 다시 검토한다’가 한 국면을 닫은 뒤, 이 화 안의 원문 #물량전 전환이 쿠웨이트 보름 물량전을 연다.",‘사흘 만에 기존 관 철거를 끝내지만 U자형 냉각관 운송 지연이 새 병목으로 떠오른다’까지 가기 전에 ‘하루만 늦어도 세 배 벌금이고 부품·인력 부족이 시시각각 공기를 잠식한다’라는 압력을 넘을 수 있는가가 이 화의 독자 질문이다.,보름 안에 냉각관을 교체해 한국 건설사의 실행력을 증명한다.,파하드가 보름 기한과 세 배 배상 조건을 걸자 종일이 대규모 인력 투입을 수락한다.,하루만 늦어도 세 배 벌금이고 부품·인력 부족이 시시각각 공기를 잠식한다.,사업 규모 축이 쿠웨이트 보름 물량전의 다음 단계로 이동한다.,유예: 다음 투자 판단에 필요한 가격과 위험을 확보한다.,business,다음 판단의 기준이 ‘사흘 만에 기존 관 철거를 끝내지만 U자형 냉각관 운송 지연이 새 병목으로 떠오른다’로 옮겨 간다.,다음 회차에는 사흘 만에 기존 관 철거를 끝내지만 U자형 냉각관 운송 지연이 새 병목으로 떠오른다,직전 화의 ‘일본 일정이 6주로 늘자 파하드는 종일의 보름 수리 제안을 다시 검토한다’가 남긴 즉시 과제는 이번 실행으로 결론을 미룬 채 다음 압력으로 넘어간다.,사흘 만에 기존 관 철거를 끝내지만 U자형 냉각관 운송 지연이 새 병목으로 떠오른다; 쿠웨이트 보름 물량전,L15,high
756,성공시대 756화,물량전,106376,106532,직전 화의 ‘파하드가 보름 기한과 세 배 배상 조건을 걸자 종일이 대규모 인력 투입을 수락한다’가 만든 조건에서 쿠웨이트 보름 물량전의 압박 단계가 시작된다.,‘직원 부족과 마감 압박 속에서 파하드가 8일째 현장을 직접 관찰한다’까지 가기 전에 ‘하루만 늦어도 세 배 벌금이고 부품·인력 부족이 시시각각 공기를 잠식한다’라는 압력을 넘을 수 있는가가 이 화의 독자 질문이다.,보름 안에 냉각관을 교체해 한국 건설사의 실행력을 증명한다.,사흘 만에 기존 관 철거를 끝내지만 U자형 냉각관 운송 지연이 새 병목으로 떠오른다.,하루만 늦어도 세 배 벌금이고 부품·인력 부족이 시시각각 공기를 잠식한다.,사업 규모 축이 쿠웨이트 보름 물량전의 다음 단계로 이동한다.,유예: 조직 실행력과 장기 현금흐름의 기반을 넓힌다.,business,다음 판단의 기준이 ‘직원 부족과 마감 압박 속에서 파하드가 8일째 현장을 직접 관찰한다’로 옮겨 간다.,다음 회차에는 직원 부족과 마감 압박 속에서 파하드가 8일째 현장을 직접 관찰한다,직전 화의 ‘파하드가 보름 기한과 세 배 배상 조건을 걸자 종일이 대규모 인력 투입을 수락한다’가 남긴 즉시 과제는 이번 실행으로 결론을 미룬 채 다음 압력으로 넘어간다.,직원 부족과 마감 압박 속에서 파하드가 8일째 현장을 직접 관찰한다; 쿠웨이트 보름 물량전,L15,high
757,성공시대 757화,물량전,106533,106689,직전 화의 ‘사흘 만에 기존 관 철거를 끝내지만 U자형 냉각관 운송 지연이 새 병목으로 떠오른다’가 만든 조건에서 쿠웨이트 보름 물량전의 전환 단계가 시작된다.,‘수에즈 지연과 모래폭풍으로 하역이 막히자 종일은 부두에서 부품을 직접 옮길 방안을 짠다’까지 가기 전에 ‘하루만 늦어도 세 배 벌금이고 부품·인력 부족이 시시각각 공기를 잠식한다’라는 압력을 넘을 수 있는가가 이 화의 독자 질문이다.,보름 안에 냉각관을 교체해 한국 건설사의 실행력을 증명한다.,직원 부족과 마감 압박 속에서 파하드가 8일째 현장을 직접 관찰한다.,하루만 늦어도 세 배 벌금이고 부품·인력 부족이 시시각각 공기를 잠식한다.,사업 규모 축이 쿠웨이트 보름 물량전의 다음 단계로 이동한다.,유예: 경쟁자보다 먼저 물류·현장·시장 거점을 선점한다.,business,다음 판단의 기준이 ‘수에즈 지연과 모래폭풍으로 하역이 막히자 종일은 부두에서 부품을 직접 옮길 방안을 짠다’로 옮겨 간다.,다음 회차에는 수에즈 지연과 모래폭풍으로 하역이 막히자 종일은 부두에서 부품을 직접 옮길 방안을 짠다,직전 화의 ‘사흘 만에 기존 관 철거를 끝내지만 U자형 냉각관 운송 지연이 새 병목으로 떠오른다’가 남긴 즉시 과제는 이번 실행으로 결론을 미룬 채 다음 압력으로 넘어간다.,수에즈 지연과 모래폭풍으로 하역이 막히자 종일은 부두에서 부품을 직접 옮길 방안을 짠다; 쿠웨이트 보름 물량전,L15,high
758,성공시대 758화,물량전,106690,106849,직전 화의 ‘직원 부족과 마감 압박 속에서 파하드가 8일째 현장을 직접 관찰한다’가 만든 조건에서 쿠웨이트 보름 물량전의 결산 단계가 시작된다.,‘종일이 남은 48시간의 이동·조립 순서를 다시 짜며 하면 된다는 총력전을 선포한다’까지 가기 전에 ‘하루만 늦어도 세 배 벌금이고 부품·인력 부족이 시시각각 공기를 잠식한다’라는 압력을 넘을 수 있는가가 이 화의 독자 질문이다.,보름 안에 냉각관을 교체해 한국 건설사의 실행력을 증명한다.,수에즈 지연과 모래폭풍으로 하역이 막히자 종일은 부두에서 부품을 직접 옮길 방안을 짠다.,하루만 늦어도 세 배 벌금이고 부품·인력 부족이 시시각각 공기를 잠식한다.,사업 규모 축이 쿠웨이트 보름 물량전의 가시적 결산으로 이동한다.,부분 지급: 계약·자금·기술 가운데 하나가 실제 자산으로 남는다.,business,다음 판단의 기준이 ‘종일이 남은 48시간의 이동·조립 순서를 다시 짜며 하면 된다는 총력전을 선포한다’로 옮겨 간다.,다음 회차에는 종일이 남은 48시간의 이동·조립 순서를 다시 짜며 하면 된다는 총력전을 선포한다,직전 화의 ‘직원 부족과 마감 압박 속에서 파하드가 8일째 현장을 직접 관찰한다’가 남긴 즉시 과제는 이번 실행으로 일부 결과를 얻고 남은 비용만 다음 화로 넘긴다.,종일이 남은 48시간의 이동·조립 순서를 다시 짜며 하면 된다는 총력전을 선포한다; 다음 소제목 #하면 된다,L15,high
759,성공시대 759화,하면 된다,106850,107022,"직전 화의 ‘수에즈 지연과 모래폭풍으로 하역이 막히자 종일은 부두에서 부품을 직접 옮길 방안을 짠다’가 한 국면을 닫은 뒤, 이 화 안의 원문 #하면 된다 전환이 48시간 총력전과 파이프라인 착공을 연다.",‘직원 3백 명과 트럭을 집중해 밤낮없는 냉각관 설치가 시작된다’까지 가기 전에 ‘속도를 택하면 균열 사고가 나고 품질을 택하면 계약 시한을 넘긴다’라는 압력을 넘을 수 있는가가 이 화의 독자 질문이다.,최종 48시간 안에 품질을 지키며 담수화 시설을 재가동한다.,종일이 남은 48시간의 이동·조립 순서를 다시 짜며 하면 된다는 총력전을 선포한다.,속도를 택하면 균열 사고가 나고 품질을 택하면 계약 시한을 넘긴다.,국제 지위 축이 48시간 총력전과 파이프라인 착공의 다음 단계로 이동한다.,유예: 적대 인물이 우군으로 바뀌어 영향력의 외연이 넓어진다.,status,다음 판단의 기준이 ‘직원 3백 명과 트럭을 집중해 밤낮없는 냉각관 설치가 시작된다’로 옮겨 간다.,다음 회차에는 직원 3백 명과 트럭을 집중해 밤낮없는 냉각관 설치가 시작된다,직전 화의 ‘수에즈 지연과 모래폭풍으로 하역이 막히자 종일은 부두에서 부품을 직접 옮길 방안을 짠다’가 남긴 즉시 과제는 이번 실행으로 결론을 미룬 채 다음 압력으로 넘어간다.,직원 3백 명과 트럭을 집중해 밤낮없는 냉각관 설치가 시작된다; 48시간 총력전과 파이프라인 착공,L16,high
760,성공시대 760화,하면 된다,107023,107170,직전 화의 ‘종일이 남은 48시간의 이동·조립 순서를 다시 짜며 하면 된다는 총력전을 선포한다’가 만든 조건에서 48시간 총력전과 파이프라인 착공의 압박 단계가 시작된다.,‘용접 균열이 나오자 종일은 마감 손해를 감수하고 전면 재작업을 명령한다’까지 가기 전에 ‘속도를 택하면 균열 사고가 나고 품질을 택하면 계약 시한을 넘긴다’라는 압력을 넘을 수 있는가가 이 화의 독자 질문이다.,최종 48시간 안에 품질을 지키며 담수화 시설을 재가동한다.,직원 3백 명과 트럭을 집중해 밤낮없는 냉각관 설치가 시작된다.,속도를 택하면 균열 사고가 나고 품질을 택하면 계약 시한을 넘긴다.,국제 지위 축이 48시간 총력전과 파이프라인 착공의 다음 단계로 이동한다.,유예: 국가적 성취가 종일과 실무진의 공적 보상으로 돌아온다.,status,다음 판단의 기준이 ‘용접 균열이 나오자 종일은 마감 손해를 감수하고 전면 재작업을 명령한다’로 옮겨 간다.,다음 회차에는 용접 균열이 나오자 종일은 마감 손해를 감수하고 전면 재작업을 명령한다,직전 화의 ‘종일이 남은 48시간의 이동·조립 순서를 다시 짜며 하면 된다는 총력전을 선포한다’가 남긴 즉시 과제는 이번 실행으로 결론을 미룬 채 다음 압력으로 넘어간다.,용접 균열이 나오자 종일은 마감 손해를 감수하고 전면 재작업을 명령한다; 48시간 총력전과 파이프라인 착공,L16,high
761,성공시대 761화,하면 된다,107171,107304,직전 화의 ‘직원 3백 명과 트럭을 집중해 밤낮없는 냉각관 설치가 시작된다’가 만든 조건에서 48시간 총력전과 파이프라인 착공의 압박 단계가 시작된다.,‘기한 안에 담수가 다시 흐르고 파하드는 한국의 실력을 인정해 약속한 세 배 공사비를 지급한다’까지 가기 전에 ‘속도를 택하면 균열 사고가 나고 품질을 택하면 계약 시한을 넘긴다’라는 압력을 넘을 수 있는가가 이 화의 독자 질문이다.,최종 48시간 안에 품질을 지키며 담수화 시설을 재가동한다.,용접 균열이 나오자 종일은 마감 손해를 감수하고 전면 재작업을 명령한다.,속도를 택하면 균열 사고가 나고 품질을 택하면 계약 시한을 넘긴다.,국제 지위 축이 48시간 총력전과 파이프라인 착공의 다음 단계로 이동한다.,유예: 서울 또는 대성의 국제 신뢰와 협상력이 한 단계 오른다.,status,다음 판단의 기준이 ‘기한 안에 담수가 다시 흐르고 파하드는 한국의 실력을 인정해 약속한 세 배 공사비를 지급한다’로 옮겨 간다.,다음 회차에는 기한 안에 담수가 다시 흐르고 파하드는 한국의 실력을 인정해 약속한 세 배 공사비를 지급한다,직전 화의 ‘직원 3백 명과 트럭을 집중해 밤낮없는 냉각관 설치가 시작된다’가 남긴 즉시 과제는 이번 실행으로 결론을 미룬 채 다음 압력으로 넘어간다.,기한 안에 담수가 다시 흐르고 파하드는 한국의 실력을 인정해 약속한 세 배 공사비를 지급한다; 48시간 총력전과 파이프라인 착공,L16,high
762,성공시대 762화,하면 된다,107305,107447,직전 화의 ‘용접 균열이 나오자 종일은 마감 손해를 감수하고 전면 재작업을 명령한다’가 만든 조건에서 48시간 총력전과 파이프라인 착공의 전환 단계가 시작된다.,‘현장 직원들이 특별 보상을 받고 대성의 중동 신뢰가 조직적 자부심으로 환원된다’까지 가기 전에 ‘속도를 택하면 균열 사고가 나고 품질을 택하면 계약 시한을 넘긴다’라는 압력을 넘을 수 있는가가 이 화의 독자 질문이다.,최종 48시간 안에 품질을 지키며 담수화 시설을 재가동한다.,기한 안에 담수가 다시 흐르고 파하드는 한국의 실력을 인정해 약속한 세 배 공사비를 지급한다.,속도를 택하면 균열 사고가 나고 품질을 택하면 계약 시한을 넘긴다.,국제 지위 축이 48시간 총력전과 파이프라인 착공의 다음 단계로 이동한다.,지급: 말뿐이던 지지·명예가 표나 계약으로 환원된다.,status,다음 판단의 기준이 ‘현장 직원들이 특별 보상을 받고 대성의 중동 신뢰가 조직적 자부심으로 환원된다’로 옮겨 간다.,다음 회차에는 현장 직원들이 특별 보상을 받고 대성의 중동 신뢰가 조직적 자부심으로 환원된다,직전 화의 ‘용접 균열이 나오자 종일은 마감 손해를 감수하고 전면 재작업을 명령한다’가 남긴 즉시 과제는 이번 실행으로 구체 성과로 확인된다.,현장 직원들이 특별 보상을 받고 대성의 중동 신뢰가 조직적 자부심으로 환원된다; 48시간 총력전과 파이프라인 착공,L16,high
763,성공시대 763화,하면 된다,107448,107556,직전 화의 ‘기한 안에 담수가 다시 흐르고 파하드는 한국의 실력을 인정해 약속한 세 배 공사비를 지급한다’가 만든 조건에서 48시간 총력전과 파이프라인 착공의 전환 단계가 시작된다.,‘파이잘이 횡단관 착공식에서 20억 달러 선금을 지급하고 대성의 현금 규모가 갱신된다’까지 가기 전에 ‘속도를 택하면 균열 사고가 나고 품질을 택하면 계약 시한을 넘긴다’라는 압력을 넘을 수 있는가가 이 화의 독자 질문이다.,최종 48시간 안에 품질을 지키며 담수화 시설을 재가동한다.,현장 직원들이 특별 보상을 받고 대성의 중동 신뢰가 조직적 자부심으로 환원된다.,속도를 택하면 균열 사고가 나고 품질을 택하면 계약 시한을 넘긴다.,국제 지위 축이 48시간 총력전과 파이프라인 착공의 다음 단계로 이동한다.,유예: 적대 인물이 우군으로 바뀌어 영향력의 외연이 넓어진다.,status,다음 판단의 기준이 ‘파이잘이 횡단관 착공식에서 20억 달러 선금을 지급하고 대성의 현금 규모가 갱신된다’로 옮겨 간다.,다음 회차에는 파이잘이 횡단관 착공식에서 20억 달러 선금을 지급하고 대성의 현금 규모가 갱신된다,직전 화의 ‘기한 안에 담수가 다시 흐르고 파하드는 한국의 실력을 인정해 약속한 세 배 공사비를 지급한다’가 남긴 즉시 과제는 이번 실행으로 결론을 미룬 채 다음 압력으로 넘어간다.,파이잘이 횡단관 착공식에서 20억 달러 선금을 지급하고 대성의 현금 규모가 갱신된다; 48시간 총력전과 파이프라인 착공,L16,high
764,성공시대 764화,하면 된다,107557,107682,직전 화의 ‘현장 직원들이 특별 보상을 받고 대성의 중동 신뢰가 조직적 자부심으로 환원된다’가 만든 조건에서 48시간 총력전과 파이프라인 착공의 결산 단계가 시작된다.,‘김영삼이 독자 노선을 택하고 종일은 워크맨 판매·성과금 뒤 가족 별장 휴가를 정한다’까지 가기 전에 ‘속도를 택하면 균열 사고가 나고 품질을 택하면 계약 시한을 넘긴다’라는 압력을 넘을 수 있는가가 이 화의 독자 질문이다.,최종 48시간 안에 품질을 지키며 담수화 시설을 재가동한다.,파이잘이 횡단관 착공식에서 20억 달러 선금을 지급하고 대성의 현금 규모가 갱신된다.,속도를 택하면 균열 사고가 나고 품질을 택하면 계약 시한을 넘긴다.,국제 지위 축이 48시간 총력전과 파이프라인 착공의 가시적 결산으로 이동한다.,지급: 국가적 성취가 종일과 실무진의 공적 보상으로 돌아온다.,status,다음 판단의 기준이 ‘김영삼이 독자 노선을 택하고 종일은 워크맨 판매·성과금 뒤 가족 별장 휴가를 정한다’로 옮겨 간다.,다음 회차에는 김영삼이 독자 노선을 택하고 종일은 워크맨 판매·성과금 뒤 가족 별장 휴가를 정한다,직전 화의 ‘현장 직원들이 특별 보상을 받고 대성의 중동 신뢰가 조직적 자부심으로 환원된다’가 남긴 즉시 과제는 이번 실행으로 구체 성과로 확인된다.,김영삼이 독자 노선을 택하고 종일은 워크맨 판매·성과금 뒤 가족 별장 휴가를 정한다; 다음 소제목 #휴식,L16,high
765,성공시대 765화,휴식,107683,107818,"직전 화의 ‘파이잘이 횡단관 착공식에서 20억 달러 선금을 지급하고 대성의 현금 규모가 갱신된다’가 한 국면을 닫은 뒤, 이 화 안의 원문 #휴식 전환이 가족 휴식과 1981 총선 진입을 연다.",‘산을 싫어하는 종희까지 별장 여행에 따라오며 가족·최승필의 동행이 시작된다’까지 가기 전에 ‘종일의 부재와 최승필에 대한 경계가 가족 내부 신뢰를 깨뜨릴 수 있다’라는 압력을 넘을 수 있는가가 이 화의 독자 질문이다.,사업과 정치 사이에서 가족 관계를 회복하고 다음 선거 국면을 준비한다.,김영삼이 독자 노선을 택하고 종일은 워크맨 판매·성과금 뒤 가족 별장 휴가를 정한다.,종일의 부재와 최승필에 대한 경계가 가족 내부 신뢰를 깨뜨릴 수 있다.,가족·관계 축이 가족 휴식과 1981 총선 진입의 다음 단계로 이동한다.,유예: 부재와 오해 뒤 돌봄·신뢰가 구체적 행동으로 돌아온다.,relationship,다음 판단의 기준이 ‘산을 싫어하는 종희까지 별장 여행에 따라오며 가족·최승필의 동행이 시작된다’로 옮겨 간다.,다음 회차에는 산을 싫어하는 종희까지 별장 여행에 따라오며 가족·최승필의 동행이 시작된다,직전 화의 ‘파이잘이 횡단관 착공식에서 20억 달러 선금을 지급하고 대성의 현금 규모가 갱신된다’가 남긴 즉시 과제는 이번 실행으로 결론을 미룬 채 다음 압력으로 넘어간다.,산을 싫어하는 종희까지 별장 여행에 따라오며 가족·최승필의 동행이 시작된다; 가족 휴식과 1981 총선 진입,L17,high
766,성공시대 766화,휴식,107819,107957,직전 화의 ‘김영삼이 독자 노선을 택하고 종일은 워크맨 판매·성과금 뒤 가족 별장 휴가를 정한다’가 만든 조건에서 가족 휴식과 1981 총선 진입의 압박 단계가 시작된다.,‘종희가 겨울 장비를 과하게 챙기고 최승필은 가족 여행의 애인 자리에 부담을 느낀다’까지 가기 전에 ‘종일의 부재와 최승필에 대한 경계가 가족 내부 신뢰를 깨뜨릴 수 있다’라는 압력을 넘을 수 있는가가 이 화의 독자 질문이다.,사업과 정치 사이에서 가족 관계를 회복하고 다음 선거 국면을 준비한다.,산을 싫어하는 종희까지 별장 여행에 따라오며 가족·최승필의 동행이 시작된다.,종일의 부재와 최승필에 대한 경계가 가족 내부 신뢰를 깨뜨릴 수 있다.,가족·관계 축이 가족 휴식과 1981 총선 진입의 다음 단계로 이동한다.,유예: 성취의 대가였던 거리감이 함께 보내는 시간으로 보상된다.,relationship,다음 판단의 기준이 ‘종희가 겨울 장비를 과하게 챙기고 최승필은 가족 여행의 애인 자리에 부담을 느낀다’로 옮겨 간다.,다음 회차에는 종희가 겨울 장비를 과하게 챙기고 최승필은 가족 여행의 애인 자리에 부담을 느낀다,직전 화의 ‘김영삼이 독자 노선을 택하고 종일은 워크맨 판매·성과금 뒤 가족 별장 휴가를 정한다’가 남긴 즉시 과제는 이번 실행으로 결론을 미룬 채 다음 압력으로 넘어간다.,종희가 겨울 장비를 과하게 챙기고 최승필은 가족 여행의 애인 자리에 부담을 느낀다; 가족 휴식과 1981 총선 진입,L17,high
767,성공시대 767화,휴식,107958,108120,직전 화의 ‘산을 싫어하는 종희까지 별장 여행에 따라오며 가족·최승필의 동행이 시작된다’가 만든 조건에서 가족 휴식과 1981 총선 진입의 전환 단계가 시작된다.,‘폭설 속 별장 생활에서 종일은 최승필의 진심을 살피며 사실상 가족으로 받아들인다’까지 가기 전에 ‘종일의 부재와 최승필에 대한 경계가 가족 내부 신뢰를 깨뜨릴 수 있다’라는 압력을 넘을 수 있는가가 이 화의 독자 질문이다.,사업과 정치 사이에서 가족 관계를 회복하고 다음 선거 국면을 준비한다.,종희가 겨울 장비를 과하게 챙기고 최승필은 가족 여행의 애인 자리에 부담을 느낀다.,종일의 부재와 최승필에 대한 경계가 가족 내부 신뢰를 깨뜨릴 수 있다.,가족·관계 축이 가족 휴식과 1981 총선 진입의 다음 단계로 이동한다.,유예: 다음 세대의 탄생·진로·결혼이 가족의 미래를 갱신한다.,relationship,다음 판단의 기준이 ‘폭설 속 별장 생활에서 종일은 최승필의 진심을 살피며 사실상 가족으로 받아들인다’로 옮겨 간다.,다음 회차에는 폭설 속 별장 생활에서 종일은 최승필의 진심을 살피며 사실상 가족으로 받아들인다,직전 화의 ‘산을 싫어하는 종희까지 별장 여행에 따라오며 가족·최승필의 동행이 시작된다’가 남긴 즉시 과제는 이번 실행으로 결론을 미룬 채 다음 압력으로 넘어간다.,폭설 속 별장 생활에서 종일은 최승필의 진심을 살피며 사실상 가족으로 받아들인다; 가족 휴식과 1981 총선 진입,L17,high
768,성공시대 768화,휴식,108121,108259,직전 화의 ‘종희가 겨울 장비를 과하게 챙기고 최승필은 가족 여행의 애인 자리에 부담을 느낀다’가 만든 조건에서 가족 휴식과 1981 총선 진입의 전환 단계가 시작된다.,‘1981년 선거를 앞두고 종일이 신직수에게 전국구 두 석 몫 16억 원을 사과 상자로 건넨다’까지 가기 전에 ‘종일의 부재와 최승필에 대한 경계가 가족 내부 신뢰를 깨뜨릴 수 있다’라는 압력을 넘을 수 있는가가 이 화의 독자 질문이다.,사업과 정치 사이에서 가족 관계를 회복하고 다음 선거 국면을 준비한다.,폭설 속 별장 생활에서 종일은 최승필의 진심을 살피며 사실상 가족으로 받아들인다.,종일의 부재와 최승필에 대한 경계가 가족 내부 신뢰를 깨뜨릴 수 있다.,가족·관계 축이 가족 휴식과 1981 총선 진입의 다음 단계로 이동한다.,유예: 가족과 연인이 서로의 선택을 확인한다.,relationship,다음 판단의 기준이 ‘1981년 선거를 앞두고 종일이 신직수에게 전국구 두 석 몫 16억 원을 사과 상자로 건넨다’로 옮겨 간다.,다음 회차에는 1981년 선거를 앞두고 종일이 신직수에게 전국구 두 석 몫 16억 원을 사과 상자로 건넨다,직전 화의 ‘종희가 겨울 장비를 과하게 챙기고 최승필은 가족 여행의 애인 자리에 부담을 느낀다’가 남긴 즉시 과제는 이번 실행으로 결론을 미룬 채 다음 압력으로 넘어간다.,1981년 선거를 앞두고 종일이 신직수에게 전국구 두 석 몫 16억 원을 사과 상자로 건넨다; 가족 휴식과 1981 총선 진입,L17,high
769,성공시대 769화,휴식,108260,108412,직전 화의 ‘폭설 속 별장 생활에서 종일은 최승필의 진심을 살피며 사실상 가족으로 받아들인다’가 만든 조건에서 가족 휴식과 1981 총선 진입의 결산 단계가 시작된다.,‘김대중이 윤보선을 끌어들이고 김영삼이 통합 카드로 맞서자 종일은 그 bluff를 간파한다’까지 가기 전에 ‘종일의 부재와 최승필에 대한 경계가 가족 내부 신뢰를 깨뜨릴 수 있다’라는 압력을 넘을 수 있는가가 이 화의 독자 질문이다.,사업과 정치 사이에서 가족 관계를 회복하고 다음 선거 국면을 준비한다.,1981년 선거를 앞두고 종일이 신직수에게 전국구 두 석 몫 16억 원을 사과 상자로 건넨다.,종일의 부재와 최승필에 대한 경계가 가족 내부 신뢰를 깨뜨릴 수 있다.,가족·관계 축이 가족 휴식과 1981 총선 진입의 가시적 결산으로 이동한다.,부분 지급: 부재와 오해 뒤 돌봄·신뢰가 구체적 행동으로 돌아온다.,relationship,다음 판단의 기준이 ‘김대중이 윤보선을 끌어들이고 김영삼이 통합 카드로 맞서자 종일은 그 bluff를 간파한다’로 옮겨 간다.,다음 회차에는 김대중이 윤보선을 끌어들이고 김영삼이 통합 카드로 맞서자 종일은 그 bluff를 간파한다,직전 화의 ‘폭설 속 별장 생활에서 종일은 최승필의 진심을 살피며 사실상 가족으로 받아들인다’가 남긴 즉시 과제는 이번 실행으로 일부 결과를 얻고 남은 비용만 다음 화로 넘긴다.,김대중이 윤보선을 끌어들이고 김영삼이 통합 카드로 맞서자 종일은 그 bluff를 간파한다; 다음 소제목 #한국의 봄Ⅰ,L17,high
770,성공시대 770화,한국의 봄Ⅰ,108413,108557,"직전 화의 ‘1981년 선거를 앞두고 종일이 신직수에게 전국구 두 석 몫 16억 원을 사과 상자로 건넨다’가 한 국면을 닫은 뒤, 이 화 안의 원문 #한국의 봄Ⅰ 전환이 야권 주도권전과 롱비치 기회을 연다.",‘대통령 공천위원회와 차지철 명단이 굳어지자 김재규는 자기 사람 배제에 분노한다’까지 가기 전에 ‘야권 합당과 김재규의 쿠데타 준비가 선거·기업 확장 모두를 불안정하게 만든다’라는 압력을 넘을 수 있는가가 이 화의 독자 질문이다.,총선 판세를 읽고 대성의 의석·해운 확장 기회를 함께 확보한다.,김대중이 윤보선을 끌어들이고 김영삼이 통합 카드로 맞서자 종일은 그 bluff를 간파한다.,야권 합당과 김재규의 쿠데타 준비가 선거·기업 확장 모두를 불안정하게 만든다.,정치 권력 축이 야권 주도권전과 롱비치 기회의 다음 단계로 이동한다.,유예: 상대의 거짓말과 취약점이 가시화된다.,politics,다음 판단의 기준이 ‘대통령 공천위원회와 차지철 명단이 굳어지자 김재규는 자기 사람 배제에 분노한다’로 옮겨 간다.,다음 회차에는 대통령 공천위원회와 차지철 명단이 굳어지자 김재규는 자기 사람 배제에 분노한다,직전 화의 ‘1981년 선거를 앞두고 종일이 신직수에게 전국구 두 석 몫 16억 원을 사과 상자로 건넨다’가 남긴 즉시 과제는 이번 실행으로 결론을 미룬 채 다음 압력으로 넘어간다.,대통령 공천위원회와 차지철 명단이 굳어지자 김재규는 자기 사람 배제에 분노한다; 야권 주도권전과 롱비치 기회,L18,high
771,성공시대 771화,한국의 봄Ⅰ,108558,108689,직전 화의 ‘김대중이 윤보선을 끌어들이고 김영삼이 통합 카드로 맞서자 종일은 그 bluff를 간파한다’가 만든 조건에서 야권 주도권전과 롱비치 기회의 압박 단계가 시작된다.,‘김정렴이 김재규에게 쿠데타를 부추기는 동안 종희는 회사 과업 과부하에 시달린다’까지 가기 전에 ‘야권 합당과 김재규의 쿠데타 준비가 선거·기업 확장 모두를 불안정하게 만든다’라는 압력을 넘을 수 있는가가 이 화의 독자 질문이다.,총선 판세를 읽고 대성의 의석·해운 확장 기회를 함께 확보한다.,대통령 공천위원회와 차지철 명단이 굳어지자 김재규는 자기 사람 배제에 분노한다.,야권 합당과 김재규의 쿠데타 준비가 선거·기업 확장 모두를 불안정하게 만든다.,정치 권력 축이 야권 주도권전과 롱비치 기회의 다음 단계로 이동한다.,유예: 공격 주체와 권력선이 선명해진다.,politics,다음 판단의 기준이 ‘김정렴이 김재규에게 쿠데타를 부추기는 동안 종희는 회사 과업 과부하에 시달린다’로 옮겨 간다.,다음 회차에는 김정렴이 김재규에게 쿠데타를 부추기는 동안 종희는 회사 과업 과부하에 시달린다,직전 화의 ‘김대중이 윤보선을 끌어들이고 김영삼이 통합 카드로 맞서자 종일은 그 bluff를 간파한다’가 남긴 즉시 과제는 이번 실행으로 결론을 미룬 채 다음 압력으로 넘어간다.,김정렴이 김재규에게 쿠데타를 부추기는 동안 종희는 회사 과업 과부하에 시달린다; 야권 주도권전과 롱비치 기회,L18,high
772,성공시대 772화,한국의 봄Ⅰ,108690,108820,직전 화의 ‘대통령 공천위원회와 차지철 명단이 굳어지자 김재규는 자기 사람 배제에 분노한다’가 만든 조건에서 야권 주도권전과 롱비치 기회의 압박 단계가 시작된다.,‘종희와 최승필이 야근 후 식사하고 신민당·민정당 합당 협상도 본격화된다’까지 가기 전에 ‘야권 합당과 김재규의 쿠데타 준비가 선거·기업 확장 모두를 불안정하게 만든다’라는 압력을 넘을 수 있는가가 이 화의 독자 질문이다.,총선 판세를 읽고 대성의 의석·해운 확장 기회를 함께 확보한다.,김정렴이 김재규에게 쿠데타를 부추기는 동안 종희는 회사 과업 과부하에 시달린다.,야권 합당과 김재규의 쿠데타 준비가 선거·기업 확장 모두를 불안정하게 만든다.,정치 권력 축이 야권 주도권전과 롱비치 기회의 다음 단계로 이동한다.,유예: 정치적 생존 공간과 대응 시한을 번다.,politics,다음 판단의 기준이 ‘종희와 최승필이 야근 후 식사하고 신민당·민정당 합당 협상도 본격화된다’로 옮겨 간다.,다음 회차에는 종희와 최승필이 야근 후 식사하고 신민당·민정당 합당 협상도 본격화된다,직전 화의 ‘대통령 공천위원회와 차지철 명단이 굳어지자 김재규는 자기 사람 배제에 분노한다’가 남긴 즉시 과제는 이번 실행으로 결론을 미룬 채 다음 압력으로 넘어간다.,종희와 최승필이 야근 후 식사하고 신민당·민정당 합당 협상도 본격화된다; 야권 주도권전과 롱비치 기회,L18,high
773,성공시대 773화,한국의 봄Ⅰ,108821,108966,직전 화의 ‘김정렴이 김재규에게 쿠데타를 부추기는 동안 종희는 회사 과업 과부하에 시달린다’가 만든 조건에서 야권 주도권전과 롱비치 기회의 전환 단계가 시작된다.,‘인턴 정민지가 최승필에게 마음을 품고 종희의 직장 일상에 새 관계 긴장을 만든다’까지 가기 전에 ‘야권 합당과 김재규의 쿠데타 준비가 선거·기업 확장 모두를 불안정하게 만든다’라는 압력을 넘을 수 있는가가 이 화의 독자 질문이다.,총선 판세를 읽고 대성의 의석·해운 확장 기회를 함께 확보한다.,종희와 최승필이 야근 후 식사하고 신민당·민정당 합당 협상도 본격화된다.,야권 합당과 김재규의 쿠데타 준비가 선거·기업 확장 모두를 불안정하게 만든다.,정치 권력 축이 야권 주도권전과 롱비치 기회의 다음 단계로 이동한다.,유예: 동맹 또는 공적 명분을 확보한다.,politics,다음 판단의 기준이 ‘인턴 정민지가 최승필에게 마음을 품고 종희의 직장 일상에 새 관계 긴장을 만든다’로 옮겨 간다.,다음 회차에는 인턴 정민지가 최승필에게 마음을 품고 종희의 직장 일상에 새 관계 긴장을 만든다,직전 화의 ‘김정렴이 김재규에게 쿠데타를 부추기는 동안 종희는 회사 과업 과부하에 시달린다’가 남긴 즉시 과제는 이번 실행으로 결론을 미룬 채 다음 압력으로 넘어간다.,인턴 정민지가 최승필에게 마음을 품고 종희의 직장 일상에 새 관계 긴장을 만든다; 야권 주도권전과 롱비치 기회,L18,high
774,성공시대 774화,한국의 봄Ⅰ,108967,109102,직전 화의 ‘종희와 최승필이 야근 후 식사하고 신민당·민정당 합당 협상도 본격화된다’가 만든 조건에서 야권 주도권전과 롱비치 기회의 전환 단계가 시작된다.,‘대성해운이 1억 달러급 롱비치 전용터미널 투자를 요청하고 종일이 확장 승부를 승인한다’까지 가기 전에 ‘야권 합당과 김재규의 쿠데타 준비가 선거·기업 확장 모두를 불안정하게 만든다’라는 압력을 넘을 수 있는가가 이 화의 독자 질문이다.,총선 판세를 읽고 대성의 의석·해운 확장 기회를 함께 확보한다.,인턴 정민지가 최승필에게 마음을 품고 종희의 직장 일상에 새 관계 긴장을 만든다.,야권 합당과 김재규의 쿠데타 준비가 선거·기업 확장 모두를 불안정하게 만든다.,정치 권력 축이 야권 주도권전과 롱비치 기회의 다음 단계로 이동한다.,유예: 상대의 거짓말과 취약점이 가시화된다.,politics,다음 판단의 기준이 ‘대성해운이 1억 달러급 롱비치 전용터미널 투자를 요청하고 종일이 확장 승부를 승인한다’로 옮겨 간다.,다음 회차에는 대성해운이 1억 달러급 롱비치 전용터미널 투자를 요청하고 종일이 확장 승부를 승인한다,직전 화의 ‘종희와 최승필이 야근 후 식사하고 신민당·민정당 합당 협상도 본격화된다’가 남긴 즉시 과제는 이번 실행으로 결론을 미룬 채 다음 압력으로 넘어간다.,대성해운이 1억 달러급 롱비치 전용터미널 투자를 요청하고 종일이 확장 승부를 승인한다; 야권 주도권전과 롱비치 기회,L18,high
775,성공시대 775화,한국의 봄Ⅰ,109103,109226,직전 화의 ‘인턴 정민지가 최승필에게 마음을 품고 종희의 직장 일상에 새 관계 긴장을 만든다’가 만든 조건에서 야권 주도권전과 롱비치 기회의 결산 단계가 시작된다.,‘김재규가 정보 누설자를 색출하는 사이 종희가 영국 IOC 조사관 제임스를 안내한다’까지 가기 전에 ‘야권 합당과 김재규의 쿠데타 준비가 선거·기업 확장 모두를 불안정하게 만든다’라는 압력을 넘을 수 있는가가 이 화의 독자 질문이다.,총선 판세를 읽고 대성의 의석·해운 확장 기회를 함께 확보한다.,대성해운이 1억 달러급 롱비치 전용터미널 투자를 요청하고 종일이 확장 승부를 승인한다.,야권 합당과 김재규의 쿠데타 준비가 선거·기업 확장 모두를 불안정하게 만든다.,정치 권력 축이 야권 주도권전과 롱비치 기회의 가시적 결산으로 이동한다.,지급: 공격 주체와 권력선이 선명해진다.,politics,다음 판단의 기준이 ‘김재규가 정보 누설자를 색출하는 사이 종희가 영국 IOC 조사관 제임스를 안내한다’로 옮겨 간다.,다음 회차에는 김재규가 정보 누설자를 색출하는 사이 종희가 영국 IOC 조사관 제임스를 안내한다,직전 화의 ‘인턴 정민지가 최승필에게 마음을 품고 종희의 직장 일상에 새 관계 긴장을 만든다’가 남긴 즉시 과제는 이번 실행으로 구체 성과로 확인된다.,김재규가 정보 누설자를 색출하는 사이 종희가 영국 IOC 조사관 제임스를 안내한다; 다음 소제목 #한국의 봄Ⅱ,L18,high
776,성공시대 776화,한국의 봄Ⅱ,109227,109376,"직전 화의 ‘대성해운이 1억 달러급 롱비치 전용터미널 투자를 요청하고 종일이 확장 승부를 승인한다’가 한 국면을 닫은 뒤, 이 화 안의 원문 #한국의 봄Ⅱ 전환이 쿠데타 씨앗과 관계 오해을 연다.",‘제임스와 종희가 친해지고 종일은 계열사 대출로 롱비치 자금을 조달한다’까지 가기 전에 ‘김재규의 내부 단속과 정민지의 일방적 감정이 정치·가족 축에 동시에 균열을 낸다’라는 압력을 넘을 수 있는가가 이 화의 독자 질문이다.,올림픽 시찰과 해운 자금 계획을 진척시키며 종희·최승필 관계의 오해를 넘긴다.,김재규가 정보 누설자를 색출하는 사이 종희가 영국 IOC 조사관 제임스를 안내한다.,김재규의 내부 단속과 정민지의 일방적 감정이 정치·가족 축에 동시에 균열을 낸다.,가족·관계 축이 쿠데타 씨앗과 관계 오해의 다음 단계로 이동한다.,유예: 성취의 대가였던 거리감이 함께 보내는 시간으로 보상된다.,relationship,다음 판단의 기준이 ‘제임스와 종희가 친해지고 종일은 계열사 대출로 롱비치 자금을 조달한다’로 옮겨 간다.,다음 회차에는 제임스와 종희가 친해지고 종일은 계열사 대출로 롱비치 자금을 조달한다,직전 화의 ‘대성해운이 1억 달러급 롱비치 전용터미널 투자를 요청하고 종일이 확장 승부를 승인한다’가 남긴 즉시 과제는 이번 실행으로 결론을 미룬 채 다음 압력으로 넘어간다.,제임스와 종희가 친해지고 종일은 계열사 대출로 롱비치 자금을 조달한다; 쿠데타 씨앗과 관계 오해,L19,high
777,성공시대 777화,한국의 봄Ⅱ,109377,109509,직전 화의 ‘김재규가 정보 누설자를 색출하는 사이 종희가 영국 IOC 조사관 제임스를 안내한다’가 만든 조건에서 쿠데타 씨앗과 관계 오해의 압박 단계가 시작된다.,‘최승필이 넘어진 민지를 받아 주자 오해가 싹트고 유정회가 공화당에 합류한다’까지 가기 전에 ‘김재규의 내부 단속과 정민지의 일방적 감정이 정치·가족 축에 동시에 균열을 낸다’라는 압력을 넘을 수 있는가가 이 화의 독자 질문이다.,올림픽 시찰과 해운 자금 계획을 진척시키며 종희·최승필 관계의 오해를 넘긴다.,제임스와 종희가 친해지고 종일은 계열사 대출로 롱비치 자금을 조달한다.,김재규의 내부 단속과 정민지의 일방적 감정이 정치·가족 축에 동시에 균열을 낸다.,가족·관계 축이 쿠데타 씨앗과 관계 오해의 다음 단계로 이동한다.,유예: 다음 세대의 탄생·진로·결혼이 가족의 미래를 갱신한다.,relationship,다음 판단의 기준이 ‘최승필이 넘어진 민지를 받아 주자 오해가 싹트고 유정회가 공화당에 합류한다’로 옮겨 간다.,다음 회차에는 최승필이 넘어진 민지를 받아 주자 오해가 싹트고 유정회가 공화당에 합류한다,직전 화의 ‘김재규가 정보 누설자를 색출하는 사이 종희가 영국 IOC 조사관 제임스를 안내한다’가 남긴 즉시 과제는 이번 실행으로 결론을 미룬 채 다음 압력으로 넘어간다.,최승필이 넘어진 민지를 받아 주자 오해가 싹트고 유정회가 공화당에 합류한다; 쿠데타 씨앗과 관계 오해,L19,high
778,성공시대 778화,한국의 봄Ⅱ,109510,109647,직전 화의 ‘제임스와 종희가 친해지고 종일은 계열사 대출로 롱비치 자금을 조달한다’가 만든 조건에서 쿠데타 씨앗과 관계 오해의 전환 단계가 시작된다.,‘민지가 최승필에게 다가가며 종희와의 관계를 모른 채 감정선을 밀어붙인다’까지 가기 전에 ‘김재규의 내부 단속과 정민지의 일방적 감정이 정치·가족 축에 동시에 균열을 낸다’라는 압력을 넘을 수 있는가가 이 화의 독자 질문이다.,올림픽 시찰과 해운 자금 계획을 진척시키며 종희·최승필 관계의 오해를 넘긴다.,최승필이 넘어진 민지를 받아 주자 오해가 싹트고 유정회가 공화당에 합류한다.,김재규의 내부 단속과 정민지의 일방적 감정이 정치·가족 축에 동시에 균열을 낸다.,가족·관계 축이 쿠데타 씨앗과 관계 오해의 다음 단계로 이동한다.,유예: 가족과 연인이 서로의 선택을 확인한다.,relationship,다음 판단의 기준이 ‘민지가 최승필에게 다가가며 종희와의 관계를 모른 채 감정선을 밀어붙인다’로 옮겨 간다.,다음 회차에는 민지가 최승필에게 다가가며 종희와의 관계를 모른 채 감정선을 밀어붙인다,직전 화의 ‘제임스와 종희가 친해지고 종일은 계열사 대출로 롱비치 자금을 조달한다’가 남긴 즉시 과제는 이번 실행으로 결론을 미룬 채 다음 압력으로 넘어간다.,민지가 최승필에게 다가가며 종희와의 관계를 모른 채 감정선을 밀어붙인다; 쿠데타 씨앗과 관계 오해,L19,high
779,성공시대 779화,한국의 봄Ⅱ,109648,109795,직전 화의 ‘최승필이 넘어진 민지를 받아 주자 오해가 싹트고 유정회가 공화당에 합류한다’가 만든 조건에서 쿠데타 씨앗과 관계 오해의 전환 단계가 시작된다.,‘종일이 애플 지분을 팔아 해운 증자를 준비하고 종희는 제임스의 호의를 견딘다’까지 가기 전에 ‘김재규의 내부 단속과 정민지의 일방적 감정이 정치·가족 축에 동시에 균열을 낸다’라는 압력을 넘을 수 있는가가 이 화의 독자 질문이다.,올림픽 시찰과 해운 자금 계획을 진척시키며 종희·최승필 관계의 오해를 넘긴다.,민지가 최승필에게 다가가며 종희와의 관계를 모른 채 감정선을 밀어붙인다.,김재규의 내부 단속과 정민지의 일방적 감정이 정치·가족 축에 동시에 균열을 낸다.,가족·관계 축이 쿠데타 씨앗과 관계 오해의 다음 단계로 이동한다.,유예: 부재와 오해 뒤 돌봄·신뢰가 구체적 행동으로 돌아온다.,relationship,다음 판단의 기준이 ‘종일이 애플 지분을 팔아 해운 증자를 준비하고 종희는 제임스의 호의를 견딘다’로 옮겨 간다.,다음 회차에는 종일이 애플 지분을 팔아 해운 증자를 준비하고 종희는 제임스의 호의를 견딘다,직전 화의 ‘최승필이 넘어진 민지를 받아 주자 오해가 싹트고 유정회가 공화당에 합류한다’가 남긴 즉시 과제는 이번 실행으로 결론을 미룬 채 다음 압력으로 넘어간다.,종일이 애플 지분을 팔아 해운 증자를 준비하고 종희는 제임스의 호의를 견딘다; 쿠데타 씨앗과 관계 오해,L19,high
780,성공시대 780화,한국의 봄Ⅱ,109796,109915,직전 화의 ‘민지가 최승필에게 다가가며 종희와의 관계를 모른 채 감정선을 밀어붙인다’가 만든 조건에서 쿠데타 씨앗과 관계 오해의 결산 단계가 시작된다.,‘김재규·김정렴이 미국의 태도를 시험하며 쿠데타 먹구름을 드리운다’까지 가기 전에 ‘김재규의 내부 단속과 정민지의 일방적 감정이 정치·가족 축에 동시에 균열을 낸다’라는 압력을 넘을 수 있는가가 이 화의 독자 질문이다.,올림픽 시찰과 해운 자금 계획을 진척시키며 종희·최승필 관계의 오해를 넘긴다.,종일이 애플 지분을 팔아 해운 증자를 준비하고 종희는 제임스의 호의를 견딘다.,김재규의 내부 단속과 정민지의 일방적 감정이 정치·가족 축에 동시에 균열을 낸다.,가족·관계 축이 쿠데타 씨앗과 관계 오해의 가시적 결산으로 이동한다.,부분 지급: 성취의 대가였던 거리감이 함께 보내는 시간으로 보상된다.,relationship,다음 판단의 기준이 ‘김재규·김정렴이 미국의 태도를 시험하며 쿠데타 먹구름을 드리운다’로 옮겨 간다.,다음 회차에는 김재규·김정렴이 미국의 태도를 시험하며 쿠데타 먹구름을 드리운다,직전 화의 ‘민지가 최승필에게 다가가며 종희와의 관계를 모른 채 감정선을 밀어붙인다’가 남긴 즉시 과제는 이번 실행으로 일부 결과를 얻고 남은 비용만 다음 화로 넘긴다.,김재규·김정렴이 미국의 태도를 시험하며 쿠데타 먹구름을 드리운다; 다음 소제목 #먹구름,L19,high
781,성공시대 781화,먹구름,109916,110051,"직전 화의 ‘종일이 애플 지분을 팔아 해운 증자를 준비하고 종희는 제임스의 호의를 견딘다’가 한 국면을 닫은 뒤, 이 화 안의 원문 #먹구름 전환이 쿠데타 먹구름과 종희의 선택을 연다.",‘김재규가 한국 핵무기를 미국에 넘기는 거래를 구상하고 종일은 여야에 정치자금을 분산한다’까지 가기 전에 ‘핵 거래를 내건 김재규의 거사와 삼각 오해가 국가·가족의 미래를 함께 흔든다’라는 압력을 넘을 수 있는가가 이 화의 독자 질문이다.,미국까지 얽힌 쿠데타 위험을 읽고 종희·최승필의 관계를 확정한다.,김재규·김정렴이 미국의 태도를 시험하며 쿠데타 먹구름을 드리운다.,핵 거래를 내건 김재규의 거사와 삼각 오해가 국가·가족의 미래를 함께 흔든다.,가족·관계 축이 쿠데타 먹구름과 종희의 선택의 다음 단계로 이동한다.,유예: 가족과 연인이 서로의 선택을 확인한다.,relationship,다음 판단의 기준이 ‘김재규가 한국 핵무기를 미국에 넘기는 거래를 구상하고 종일은 여야에 정치자금을 분산한다’로 옮겨 간다.,다음 회차에는 김재규가 한국 핵무기를 미국에 넘기는 거래를 구상하고 종일은 여야에 정치자금을 분산한다,직전 화의 ‘종일이 애플 지분을 팔아 해운 증자를 준비하고 종희는 제임스의 호의를 견딘다’가 남긴 즉시 과제는 이번 실행으로 결론을 미룬 채 다음 압력으로 넘어간다.,김재규가 한국 핵무기를 미국에 넘기는 거래를 구상하고 종일은 여야에 정치자금을 분산한다; 쿠데타 먹구름과 종희의 선택,L20,high
782,성공시대 782화,먹구름,110052,110189,직전 화의 ‘김재규·김정렴이 미국의 태도를 시험하며 쿠데타 먹구름을 드리운다’가 만든 조건에서 쿠데타 먹구름과 종희의 선택의 압박 단계가 시작된다.,‘민지가 고백하지만 최승필이 단호히 거절하고 종일은 그에게 종희를 공항까지 데려다주라 한다’까지 가기 전에 ‘핵 거래를 내건 김재규의 거사와 삼각 오해가 국가·가족의 미래를 함께 흔든다’라는 압력을 넘을 수 있는가가 이 화의 독자 질문이다.,미국까지 얽힌 쿠데타 위험을 읽고 종희·최승필의 관계를 확정한다.,김재규가 한국 핵무기를 미국에 넘기는 거래를 구상하고 종일은 여야에 정치자금을 분산한다.,핵 거래를 내건 김재규의 거사와 삼각 오해가 국가·가족의 미래를 함께 흔든다.,가족·관계 축이 쿠데타 먹구름과 종희의 선택의 다음 단계로 이동한다.,유예: 부재와 오해 뒤 돌봄·신뢰가 구체적 행동으로 돌아온다.,relationship,다음 판단의 기준이 ‘민지가 고백하지만 최승필이 단호히 거절하고 종일은 그에게 종희를 공항까지 데려다주라 한다’로 옮겨 간다.,다음 회차에는 민지가 고백하지만 최승필이 단호히 거절하고 종일은 그에게 종희를 공항까지 데려다주라 한다,직전 화의 ‘김재규·김정렴이 미국의 태도를 시험하며 쿠데타 먹구름을 드리운다’가 남긴 즉시 과제는 이번 실행으로 결론을 미룬 채 다음 압력으로 넘어간다.,민지가 고백하지만 최승필이 단호히 거절하고 종일은 그에게 종희를 공항까지 데려다주라 한다; 쿠데타 먹구름과 종희의 선택,L20,high
783,성공시대 783화,먹구름,110190,110348,직전 화의 ‘김재규가 한국 핵무기를 미국에 넘기는 거래를 구상하고 종일은 여야에 정치자금을 분산한다’가 만든 조건에서 쿠데타 먹구름과 종희의 선택의 전환 단계가 시작된다.,‘제임스가 종희에게 고백했다가 거절당하고 종희는 최승필을 선택해 오해를 끝낸다’까지 가기 전에 ‘핵 거래를 내건 김재규의 거사와 삼각 오해가 국가·가족의 미래를 함께 흔든다’라는 압력을 넘을 수 있는가가 이 화의 독자 질문이다.,미국까지 얽힌 쿠데타 위험을 읽고 종희·최승필의 관계를 확정한다.,민지가 고백하지만 최승필이 단호히 거절하고 종일은 그에게 종희를 공항까지 데려다주라 한다.,핵 거래를 내건 김재규의 거사와 삼각 오해가 국가·가족의 미래를 함께 흔든다.,가족·관계 축이 쿠데타 먹구름과 종희의 선택의 다음 단계로 이동한다.,유예: 성취의 대가였던 거리감이 함께 보내는 시간으로 보상된다.,relationship,다음 판단의 기준이 ‘제임스가 종희에게 고백했다가 거절당하고 종희는 최승필을 선택해 오해를 끝낸다’로 옮겨 간다.,다음 회차에는 제임스가 종희에게 고백했다가 거절당하고 종희는 최승필을 선택해 오해를 끝낸다,직전 화의 ‘김재규가 한국 핵무기를 미국에 넘기는 거래를 구상하고 종일은 여야에 정치자금을 분산한다’가 남긴 즉시 과제는 이번 실행으로 결론을 미룬 채 다음 압력으로 넘어간다.,제임스가 종희에게 고백했다가 거절당하고 종희는 최승필을 선택해 오해를 끝낸다; 쿠데타 먹구름과 종희의 선택,L20,high
784,성공시대 784화,먹구름,110349,110493,직전 화의 ‘민지가 고백하지만 최승필이 단호히 거절하고 종일은 그에게 종희를 공항까지 데려다주라 한다’가 만든 조건에서 쿠데타 먹구름과 종희의 선택의 전환 단계가 시작된다.,‘가족이 둘의 관계를 확인하는 사이 김영삼·김대중 합당 협상이 끝내 결렬된다’까지 가기 전에 ‘핵 거래를 내건 김재규의 거사와 삼각 오해가 국가·가족의 미래를 함께 흔든다’라는 압력을 넘을 수 있는가가 이 화의 독자 질문이다.,미국까지 얽힌 쿠데타 위험을 읽고 종희·최승필의 관계를 확정한다.,제임스가 종희에게 고백했다가 거절당하고 종희는 최승필을 선택해 오해를 끝낸다.,핵 거래를 내건 김재규의 거사와 삼각 오해가 국가·가족의 미래를 함께 흔든다.,가족·관계 축이 쿠데타 먹구름과 종희의 선택의 다음 단계로 이동한다.,지급: 다음 세대의 탄생·진로·결혼이 가족의 미래를 갱신한다.,relationship,다음 판단의 기준이 ‘가족이 둘의 관계를 확인하는 사이 김영삼·김대중 합당 협상이 끝내 결렬된다’로 옮겨 간다.,다음 회차에는 가족이 둘의 관계를 확인하는 사이 김영삼·김대중 합당 협상이 끝내 결렬된다,직전 화의 ‘민지가 고백하지만 최승필이 단호히 거절하고 종일은 그에게 종희를 공항까지 데려다주라 한다’가 남긴 즉시 과제는 이번 실행으로 구체 성과로 확인된다.,가족이 둘의 관계를 확인하는 사이 김영삼·김대중 합당 협상이 끝내 결렬된다; 쿠데타 먹구름과 종희의 선택,L20,high
785,성공시대 785화,먹구름,110494,110651,직전 화의 ‘제임스가 종희에게 고백했다가 거절당하고 종희는 최승필을 선택해 오해를 끝낸다’가 만든 조건에서 쿠데타 먹구름과 종희의 선택의 결산 단계가 시작된다.,‘야권 합당이 무너지고 박태준이 김종필 후계를 밀자 김재규가 김경수·송진석을 암살조로 고른다’까지 가기 전에 ‘핵 거래를 내건 김재규의 거사와 삼각 오해가 국가·가족의 미래를 함께 흔든다’라는 압력을 넘을 수 있는가가 이 화의 독자 질문이다.,미국까지 얽힌 쿠데타 위험을 읽고 종희·최승필의 관계를 확정한다.,가족이 둘의 관계를 확인하는 사이 김영삼·김대중 합당 협상이 끝내 결렬된다.,핵 거래를 내건 김재규의 거사와 삼각 오해가 국가·가족의 미래를 함께 흔든다.,가족·관계 축이 쿠데타 먹구름과 종희의 선택의 가시적 결산으로 이동한다.,부분 지급: 가족과 연인이 서로의 선택을 확인한다.,relationship,다음 판단의 기준이 ‘야권 합당이 무너지고 박태준이 김종필 후계를 밀자 김재규가 김경수·송진석을 암살조로 고른다’로 옮겨 간다.,다음 회차에는 야권 합당이 무너지고 박태준이 김종필 후계를 밀자 김재규가 김경수·송진석을 암살조로 고른다,직전 화의 ‘제임스가 종희에게 고백했다가 거절당하고 종희는 최승필을 선택해 오해를 끝낸다’가 남긴 즉시 과제는 이번 실행으로 일부 결과를 얻고 남은 비용만 다음 화로 넘긴다.,야권 합당이 무너지고 박태준이 김종필 후계를 밀자 김재규가 김경수·송진석을 암살조로 고른다; 다음 소제목 #궁정동(宮井洞)의 밤Ⅰ,L20,high
786,성공시대 786화,궁정동(宮井洞)의 밤Ⅰ,110652,110820,"직전 화의 ‘가족이 둘의 관계를 확인하는 사이 김영삼·김대중 합당 협상이 끝내 결렬된다’가 한 국면을 닫은 뒤, 이 화 안의 원문 #궁정동(宮井洞)의 밤Ⅰ 전환이 암살조 확보와 종일의 정치 퇴장을 연다.",‘김경수와 송진석이 충성을 맹세하고 종일은 파하드에게 7백만 달러 빌라 계약을 받는다’까지 가기 전에 ‘김재규의 충성조가 대통령 암살과 군 장악을 현실 계획으로 바꾼다’라는 압력을 넘을 수 있는가가 이 화의 독자 질문이다.,후계 구도와 김재규의 움직임을 감지하면서 종일을 정권 내부에서 빼낸다.,야권 합당이 무너지고 박태준이 김종필 후계를 밀자 김재규가 김경수·송진석을 암살조로 고른다.,김재규의 충성조가 대통령 암살과 군 장악을 현실 계획으로 바꾼다.,정치 권력 축이 암살조 확보와 종일의 정치 퇴장의 다음 단계로 이동한다.,유예: 동맹 또는 공적 명분을 확보한다.,politics,다음 판단의 기준이 ‘김경수와 송진석이 충성을 맹세하고 종일은 파하드에게 7백만 달러 빌라 계약을 받는다’로 옮겨 간다.,다음 회차에는 김경수와 송진석이 충성을 맹세하고 종일은 파하드에게 7백만 달러 빌라 계약을 받는다,직전 화의 ‘가족이 둘의 관계를 확인하는 사이 김영삼·김대중 합당 협상이 끝내 결렬된다’가 남긴 즉시 과제는 이번 실행으로 결론을 미룬 채 다음 압력으로 넘어간다.,김경수와 송진석이 충성을 맹세하고 종일은 파하드에게 7백만 달러 빌라 계약을 받는다; 암살조 확보와 종일의 정치 퇴장,L21,high
787,성공시대 787화,궁정동(宮井洞)의 밤Ⅰ,110821,110979,직전 화의 ‘야권 합당이 무너지고 박태준이 김종필 후계를 밀자 김재규가 김경수·송진석을 암살조로 고른다’가 만든 조건에서 암살조 확보와 종일의 정치 퇴장의 압박 단계가 시작된다.,‘김종필 후계 논의가 진척되는 사이 종일과 현영은 미술관 데이트로 숨을 돌린다’까지 가기 전에 ‘김재규의 충성조가 대통령 암살과 군 장악을 현실 계획으로 바꾼다’라는 압력을 넘을 수 있는가가 이 화의 독자 질문이다.,후계 구도와 김재규의 움직임을 감지하면서 종일을 정권 내부에서 빼낸다.,김경수와 송진석이 충성을 맹세하고 종일은 파하드에게 7백만 달러 빌라 계약을 받는다.,김재규의 충성조가 대통령 암살과 군 장악을 현실 계획으로 바꾼다.,정치 권력 축이 암살조 확보와 종일의 정치 퇴장의 다음 단계로 이동한다.,지급: 상대의 거짓말과 취약점이 가시화된다.,politics,다음 판단의 기준이 ‘김종필 후계 논의가 진척되는 사이 종일과 현영은 미술관 데이트로 숨을 돌린다’로 옮겨 간다.,다음 회차에는 김종필 후계 논의가 진척되는 사이 종일과 현영은 미술관 데이트로 숨을 돌린다,직전 화의 ‘야권 합당이 무너지고 박태준이 김종필 후계를 밀자 김재규가 김경수·송진석을 암살조로 고른다’가 남긴 즉시 과제는 이번 실행으로 구체 성과로 확인된다.,김종필 후계 논의가 진척되는 사이 종일과 현영은 미술관 데이트로 숨을 돌린다; 암살조 확보와 종일의 정치 퇴장,L21,high
788,성공시대 788화,궁정동(宮井洞)의 밤Ⅰ,110980,111125,직전 화의 ‘김경수와 송진석이 충성을 맹세하고 종일은 파하드에게 7백만 달러 빌라 계약을 받는다’가 만든 조건에서 암살조 확보와 종일의 정치 퇴장의 압박 단계가 시작된다.,‘종일이 전 연인 황혜미와 선을 긋고 김재규는 김계원을 은밀히 만난다’까지 가기 전에 ‘김재규의 충성조가 대통령 암살과 군 장악을 현실 계획으로 바꾼다’라는 압력을 넘을 수 있는가가 이 화의 독자 질문이다.,후계 구도와 김재규의 움직임을 감지하면서 종일을 정권 내부에서 빼낸다.,김종필 후계 논의가 진척되는 사이 종일과 현영은 미술관 데이트로 숨을 돌린다.,김재규의 충성조가 대통령 암살과 군 장악을 현실 계획으로 바꾼다.,정치 권력 축이 암살조 확보와 종일의 정치 퇴장의 다음 단계로 이동한다.,지급: 공격 주체와 권력선이 선명해진다.,politics,다음 판단의 기준이 ‘종일이 전 연인 황혜미와 선을 긋고 김재규는 김계원을 은밀히 만난다’로 옮겨 간다.,다음 회차에는 종일이 전 연인 황혜미와 선을 긋고 김재규는 김계원을 은밀히 만난다,직전 화의 ‘김경수와 송진석이 충성을 맹세하고 종일은 파하드에게 7백만 달러 빌라 계약을 받는다’가 남긴 즉시 과제는 이번 실행으로 구체 성과로 확인된다.,종일이 전 연인 황혜미와 선을 긋고 김재규는 김계원을 은밀히 만난다; 암살조 확보와 종일의 정치 퇴장,L21,high
789,성공시대 789화,궁정동(宮井洞)의 밤Ⅰ,111126,111281,직전 화의 ‘김종필 후계 논의가 진척되는 사이 종일과 현영은 미술관 데이트로 숨을 돌린다’가 만든 조건에서 암살조 확보와 종일의 정치 퇴장의 전환 단계가 시작된다.,‘김계원이 김종필 후계를 알리며 야심을 접으라 하지만 김재규는 김정렴과 거사를 앞당긴다’까지 가기 전에 ‘김재규의 충성조가 대통령 암살과 군 장악을 현실 계획으로 바꾼다’라는 압력을 넘을 수 있는가가 이 화의 독자 질문이다.,후계 구도와 김재규의 움직임을 감지하면서 종일을 정권 내부에서 빼낸다.,종일이 전 연인 황혜미와 선을 긋고 김재규는 김계원을 은밀히 만난다.,김재규의 충성조가 대통령 암살과 군 장악을 현실 계획으로 바꾼다.,정치 권력 축이 암살조 확보와 종일의 정치 퇴장의 다음 단계로 이동한다.,유예: 정치적 생존 공간과 대응 시한을 번다.,politics,다음 판단의 기준이 ‘김계원이 김종필 후계를 알리며 야심을 접으라 하지만 김재규는 김정렴과 거사를 앞당긴다’로 옮겨 간다.,다음 회차에는 김계원이 김종필 후계를 알리며 야심을 접으라 하지만 김재규는 김정렴과 거사를 앞당긴다,직전 화의 ‘김종필 후계 논의가 진척되는 사이 종일과 현영은 미술관 데이트로 숨을 돌린다’가 남긴 즉시 과제는 이번 실행으로 결론을 미룬 채 다음 압력으로 넘어간다.,김계원이 김종필 후계를 알리며 야심을 접으라 하지만 김재규는 김정렴과 거사를 앞당긴다; 암살조 확보와 종일의 정치 퇴장,L21,high
790,성공시대 790화,궁정동(宮井洞)의 밤Ⅰ,111282,111426,직전 화의 ‘종일이 전 연인 황혜미와 선을 긋고 김재규는 김계원을 은밀히 만난다’가 만든 조건에서 암살조 확보와 종일의 정치 퇴장의 전환 단계가 시작된다.,‘종일이 특임장관을 사임해 정치권에서 물러나고 김재규는 쿠데타 자금을 확정한다’까지 가기 전에 ‘김재규의 충성조가 대통령 암살과 군 장악을 현실 계획으로 바꾼다’라는 압력을 넘을 수 있는가가 이 화의 독자 질문이다.,후계 구도와 김재규의 움직임을 감지하면서 종일을 정권 내부에서 빼낸다.,김계원이 김종필 후계를 알리며 야심을 접으라 하지만 김재규는 김정렴과 거사를 앞당긴다.,김재규의 충성조가 대통령 암살과 군 장악을 현실 계획으로 바꾼다.,정치 권력 축이 암살조 확보와 종일의 정치 퇴장의 다음 단계로 이동한다.,유예: 동맹 또는 공적 명분을 확보한다.,politics,다음 판단의 기준이 ‘종일이 특임장관을 사임해 정치권에서 물러나고 김재규는 쿠데타 자금을 확정한다’로 옮겨 간다.,다음 회차에는 종일이 특임장관을 사임해 정치권에서 물러나고 김재규는 쿠데타 자금을 확정한다,직전 화의 ‘종일이 전 연인 황혜미와 선을 긋고 김재규는 김계원을 은밀히 만난다’가 남긴 즉시 과제는 이번 실행으로 결론을 미룬 채 다음 압력으로 넘어간다.,종일이 특임장관을 사임해 정치권에서 물러나고 김재규는 쿠데타 자금을 확정한다; 암살조 확보와 종일의 정치 퇴장,L21,high
791,성공시대 791화,궁정동(宮井洞)의 밤Ⅰ,111427,111564,직전 화의 ‘김계원이 김종필 후계를 알리며 야심을 접으라 하지만 김재규는 김정렴과 거사를 앞당긴다’가 만든 조건에서 암살조 확보와 종일의 정치 퇴장의 결산 단계가 시작된다.,‘대성해운 상장과 제주 젖소 사업이 진행되는 사이 김재규가 수도방위 헌병대장 최정식을 포섭한다’까지 가기 전에 ‘김재규의 충성조가 대통령 암살과 군 장악을 현실 계획으로 바꾼다’라는 압력을 넘을 수 있는가가 이 화의 독자 질문이다.,후계 구도와 김재규의 움직임을 감지하면서 종일을 정권 내부에서 빼낸다.,종일이 특임장관을 사임해 정치권에서 물러나고 김재규는 쿠데타 자금을 확정한다.,김재규의 충성조가 대통령 암살과 군 장악을 현실 계획으로 바꾼다.,정치 권력 축이 암살조 확보와 종일의 정치 퇴장의 가시적 결산으로 이동한다.,부분 지급: 상대의 거짓말과 취약점이 가시화된다.,politics,다음 판단의 기준이 ‘대성해운 상장과 제주 젖소 사업이 진행되는 사이 김재규가 수도방위 헌병대장 최정식을 포섭한다’로 옮겨 간다.,다음 회차에는 대성해운 상장과 제주 젖소 사업이 진행되는 사이 김재규가 수도방위 헌병대장 최정식을 포섭한다,직전 화의 ‘김계원이 김종필 후계를 알리며 야심을 접으라 하지만 김재규는 김정렴과 거사를 앞당긴다’가 남긴 즉시 과제는 이번 실행으로 일부 결과를 얻고 남은 비용만 다음 화로 넘긴다.,대성해운 상장과 제주 젖소 사업이 진행되는 사이 김재규가 수도방위 헌병대장 최정식을 포섭한다; 다음 소제목 #궁정동(宮井洞)의 밤Ⅱ,L21,high
792,성공시대 792화,궁정동(宮井洞)의 밤Ⅱ,111565,111717,"직전 화의 ‘종일이 특임장관을 사임해 정치권에서 물러나고 김재규는 쿠데타 자금을 확정한다’가 한 국면을 닫은 뒤, 이 화 안의 원문 #궁정동(宮井洞)의 밤Ⅱ 전환이 미국 묵인과 궁정동 연회 포위을 연다.",‘대통령의 역감시가 군 접촉을 잡아내고 김재규는 감시 꼬리가 붙었음을 안다’까지 가기 전에 ‘미국의 묵인과 군 지휘관 포섭으로 거사가 성공하면 국가 지휘선이 한밤에 끊긴다’라는 압력을 넘을 수 있는가가 이 화의 독자 질문이다.,궁정동의 이상 징후를 포착해 대통령을 암살 계획에서 구한다.,대성해운 상장과 제주 젖소 사업이 진행되는 사이 김재규가 수도방위 헌병대장 최정식을 포섭한다.,미국의 묵인과 군 지휘관 포섭으로 거사가 성공하면 국가 지휘선이 한밤에 끊긴다.,정치 권력 축이 미국 묵인과 궁정동 연회 포위의 다음 단계로 이동한다.,유예: 정치적 생존 공간과 대응 시한을 번다.,politics,다음 판단의 기준이 ‘대통령의 역감시가 군 접촉을 잡아내고 김재규는 감시 꼬리가 붙었음을 안다’로 옮겨 간다.,다음 회차에는 대통령의 역감시가 군 접촉을 잡아내고 김재규는 감시 꼬리가 붙었음을 안다,직전 화의 ‘종일이 특임장관을 사임해 정치권에서 물러나고 김재규는 쿠데타 자금을 확정한다’가 남긴 즉시 과제는 이번 실행으로 결론을 미룬 채 다음 압력으로 넘어간다.,대통령의 역감시가 군 접촉을 잡아내고 김재규는 감시 꼬리가 붙었음을 안다; 미국 묵인과 궁정동 연회 포위,L22,high
793,성공시대 793화,궁정동(宮井洞)의 밤Ⅱ,111718,111872,직전 화의 ‘대성해운 상장과 제주 젖소 사업이 진행되는 사이 김재규가 수도방위 헌병대장 최정식을 포섭한다’가 만든 조건에서 미국 묵인과 궁정동 연회 포위의 압박 단계가 시작된다.,‘김재규가 거사를 앞당기고 보안사령관 김진기는 종일의 사설 감시를 추궁하다 청와대 승인 사실을 알려 준다’까지 가기 전에 ‘미국의 묵인과 군 지휘관 포섭으로 거사가 성공하면 국가 지휘선이 한밤에 끊긴다’라는 압력을 넘을 수 있는가가 이 화의 독자 질문이다.,궁정동의 이상 징후를 포착해 대통령을 암살 계획에서 구한다.,대통령의 역감시가 군 접촉을 잡아내고 김재규는 감시 꼬리가 붙었음을 안다.,미국의 묵인과 군 지휘관 포섭으로 거사가 성공하면 국가 지휘선이 한밤에 끊긴다.,정치 권력 축이 미국 묵인과 궁정동 연회 포위의 다음 단계로 이동한다.,유예: 동맹 또는 공적 명분을 확보한다.,politics,다음 판단의 기준이 ‘김재규가 거사를 앞당기고 보안사령관 김진기는 종일의 사설 감시를 추궁하다 청와대 승인 사실을 알려 준다’로 옮겨 간다.,다음 회차에는 김재규가 거사를 앞당기고 보안사령관 김진기는 종일의 사설 감시를 추궁하다 청와대 승인 사실을 알려 준다,직전 화의 ‘대성해운 상장과 제주 젖소 사업이 진행되는 사이 김재규가 수도방위 헌병대장 최정식을 포섭한다’가 남긴 즉시 과제는 이번 실행으로 결론을 미룬 채 다음 압력으로 넘어간다.,김재규가 거사를 앞당기고 보안사령관 김진기는 종일의 사설 감시를 추궁하다 청와대 승인 사실을 알려 준다; 미국 묵인과 궁정동 연회 포위,L22,high
794,성공시대 794화,궁정동(宮井洞)의 밤Ⅱ,111873,112009,직전 화의 ‘대통령의 역감시가 군 접촉을 잡아내고 김재규는 감시 꼬리가 붙었음을 안다’가 만든 조건에서 미국 묵인과 궁정동 연회 포위의 압박 단계가 시작된다.,‘보안팀이 청와대의 인지를 확인하는 동안 김재규는 최정식에게 돈을 주고 미국 대사 태처를 만난다’까지 가기 전에 ‘미국의 묵인과 군 지휘관 포섭으로 거사가 성공하면 국가 지휘선이 한밤에 끊긴다’라는 압력을 넘을 수 있는가가 이 화의 독자 질문이다.,궁정동의 이상 징후를 포착해 대통령을 암살 계획에서 구한다.,김재규가 거사를 앞당기고 보안사령관 김진기는 종일의 사설 감시를 추궁하다 청와대 승인 사실을 알려 준다.,미국의 묵인과 군 지휘관 포섭으로 거사가 성공하면 국가 지휘선이 한밤에 끊긴다.,정치 권력 축이 미국 묵인과 궁정동 연회 포위의 다음 단계로 이동한다.,지급: 상대의 거짓말과 취약점이 가시화된다.,politics,다음 판단의 기준이 ‘보안팀이 청와대의 인지를 확인하는 동안 김재규는 최정식에게 돈을 주고 미국 대사 태처를 만난다’로 옮겨 간다.,다음 회차에는 보안팀이 청와대의 인지를 확인하는 동안 김재규는 최정식에게 돈을 주고 미국 대사 태처를 만난다,직전 화의 ‘대통령의 역감시가 군 접촉을 잡아내고 김재규는 감시 꼬리가 붙었음을 안다’가 남긴 즉시 과제는 이번 실행으로 구체 성과로 확인된다.,보안팀이 청와대의 인지를 확인하는 동안 김재규는 최정식에게 돈을 주고 미국 대사 태처를 만난다; 미국 묵인과 궁정동 연회 포위,L22,high
795,성공시대 795화,궁정동(宮井洞)의 밤Ⅱ,112010,112158,직전 화의 ‘김재규가 거사를 앞당기고 보안사령관 김진기는 종일의 사설 감시를 추궁하다 청와대 승인 사실을 알려 준다’가 만든 조건에서 미국 묵인과 궁정동 연회 포위의 압박 단계가 시작된다.,‘김재규가 핵무기 양도를 조건으로 쿠데타 묵인을 미국에 제안한다’까지 가기 전에 ‘미국의 묵인과 군 지휘관 포섭으로 거사가 성공하면 국가 지휘선이 한밤에 끊긴다’라는 압력을 넘을 수 있는가가 이 화의 독자 질문이다.,궁정동의 이상 징후를 포착해 대통령을 암살 계획에서 구한다.,보안팀이 청와대의 인지를 확인하는 동안 김재규는 최정식에게 돈을 주고 미국 대사 태처를 만난다.,미국의 묵인과 군 지휘관 포섭으로 거사가 성공하면 국가 지휘선이 한밤에 끊긴다.,정치 권력 축이 미국 묵인과 궁정동 연회 포위의 다음 단계로 이동한다.,유예: 공격 주체와 권력선이 선명해진다.,politics,다음 판단의 기준이 ‘김재규가 핵무기 양도를 조건으로 쿠데타 묵인을 미국에 제안한다’로 옮겨 간다.,다음 회차에는 김재규가 핵무기 양도를 조건으로 쿠데타 묵인을 미국에 제안한다,직전 화의 ‘김재규가 거사를 앞당기고 보안사령관 김진기는 종일의 사설 감시를 추궁하다 청와대 승인 사실을 알려 준다’가 남긴 즉시 과제는 이번 실행으로 결론을 미룬 채 다음 압력으로 넘어간다.,김재규가 핵무기 양도를 조건으로 쿠데타 묵인을 미국에 제안한다; 미국 묵인과 궁정동 연회 포위,L22,high
796,성공시대 796화,궁정동(宮井洞)의 밤Ⅱ,112159,112283,직전 화의 ‘보안팀이 청와대의 인지를 확인하는 동안 김재규는 최정식에게 돈을 주고 미국 대사 태처를 만난다’가 만든 조건에서 미국 묵인과 궁정동 연회 포위의 압박 단계가 시작된다.,‘레이건 행정부가 핵 회수를 위해 사실상 중립을 택하고 김재규에게 신호가 전달된다’까지 가기 전에 ‘미국의 묵인과 군 지휘관 포섭으로 거사가 성공하면 국가 지휘선이 한밤에 끊긴다’라는 압력을 넘을 수 있는가가 이 화의 독자 질문이다.,궁정동의 이상 징후를 포착해 대통령을 암살 계획에서 구한다.,김재규가 핵무기 양도를 조건으로 쿠데타 묵인을 미국에 제안한다.,미국의 묵인과 군 지휘관 포섭으로 거사가 성공하면 국가 지휘선이 한밤에 끊긴다.,정치 권력 축이 미국 묵인과 궁정동 연회 포위의 다음 단계로 이동한다.,유예: 정치적 생존 공간과 대응 시한을 번다.,politics,다음 판단의 기준이 ‘레이건 행정부가 핵 회수를 위해 사실상 중립을 택하고 김재규에게 신호가 전달된다’로 옮겨 간다.,다음 회차에는 레이건 행정부가 핵 회수를 위해 사실상 중립을 택하고 김재규에게 신호가 전달된다,직전 화의 ‘보안팀이 청와대의 인지를 확인하는 동안 김재규는 최정식에게 돈을 주고 미국 대사 태처를 만난다’가 남긴 즉시 과제는 이번 실행으로 결론을 미룬 채 다음 압력으로 넘어간다.,레이건 행정부가 핵 회수를 위해 사실상 중립을 택하고 김재규에게 신호가 전달된다; 미국 묵인과 궁정동 연회 포위,L22,high
797,성공시대 797화,궁정동(宮井洞)의 밤Ⅱ,112284,112415,직전 화의 ‘김재규가 핵무기 양도를 조건으로 쿠데타 묵인을 미국에 제안한다’가 만든 조건에서 미국 묵인과 궁정동 연회 포위의 전환 단계가 시작된다.,‘대통령이 김재규·종일과의 작별 만찬을 잡자 거사와 보호 계획이 같은 장소로 모인다’까지 가기 전에 ‘미국의 묵인과 군 지휘관 포섭으로 거사가 성공하면 국가 지휘선이 한밤에 끊긴다’라는 압력을 넘을 수 있는가가 이 화의 독자 질문이다.,궁정동의 이상 징후를 포착해 대통령을 암살 계획에서 구한다.,레이건 행정부가 핵 회수를 위해 사실상 중립을 택하고 김재규에게 신호가 전달된다.,미국의 묵인과 군 지휘관 포섭으로 거사가 성공하면 국가 지휘선이 한밤에 끊긴다.,정치 권력 축이 미국 묵인과 궁정동 연회 포위의 다음 단계로 이동한다.,유예: 동맹 또는 공적 명분을 확보한다.,politics,다음 판단의 기준이 ‘대통령이 김재규·종일과의 작별 만찬을 잡자 거사와 보호 계획이 같은 장소로 모인다’로 옮겨 간다.,다음 회차에는 대통령이 김재규·종일과의 작별 만찬을 잡자 거사와 보호 계획이 같은 장소로 모인다,직전 화의 ‘김재규가 핵무기 양도를 조건으로 쿠데타 묵인을 미국에 제안한다’가 남긴 즉시 과제는 이번 실행으로 결론을 미룬 채 다음 압력으로 넘어간다.,대통령이 김재규·종일과의 작별 만찬을 잡자 거사와 보호 계획이 같은 장소로 모인다; 미국 묵인과 궁정동 연회 포위,L22,high
798,성공시대 798화,궁정동(宮井洞)의 밤Ⅱ,112416,112573,직전 화의 ‘레이건 행정부가 핵 회수를 위해 사실상 중립을 택하고 김재규에게 신호가 전달된다’가 만든 조건에서 미국 묵인과 궁정동 연회 포위의 전환 단계가 시작된다.,‘궁정동 안가에 총기·병력이 배치되고 종일이 예상 밖으로 초대돼 보안팀이 급히 감시한다’까지 가기 전에 ‘미국의 묵인과 군 지휘관 포섭으로 거사가 성공하면 국가 지휘선이 한밤에 끊긴다’라는 압력을 넘을 수 있는가가 이 화의 독자 질문이다.,궁정동의 이상 징후를 포착해 대통령을 암살 계획에서 구한다.,대통령이 김재규·종일과의 작별 만찬을 잡자 거사와 보호 계획이 같은 장소로 모인다.,미국의 묵인과 군 지휘관 포섭으로 거사가 성공하면 국가 지휘선이 한밤에 끊긴다.,정치 권력 축이 미국 묵인과 궁정동 연회 포위의 다음 단계로 이동한다.,유예: 상대의 거짓말과 취약점이 가시화된다.,politics,다음 판단의 기준이 ‘궁정동 안가에 총기·병력이 배치되고 종일이 예상 밖으로 초대돼 보안팀이 급히 감시한다’로 옮겨 간다.,다음 회차에는 궁정동 안가에 총기·병력이 배치되고 종일이 예상 밖으로 초대돼 보안팀이 급히 감시한다,직전 화의 ‘레이건 행정부가 핵 회수를 위해 사실상 중립을 택하고 김재규에게 신호가 전달된다’가 남긴 즉시 과제는 이번 실행으로 결론을 미룬 채 다음 압력으로 넘어간다.,궁정동 안가에 총기·병력이 배치되고 종일이 예상 밖으로 초대돼 보안팀이 급히 감시한다; 미국 묵인과 궁정동 연회 포위,L22,high
799,성공시대 799화,궁정동(宮井洞)의 밤Ⅱ,112574,112720,직전 화의 ‘대통령이 김재규·종일과의 작별 만찬을 잡자 거사와 보호 계획이 같은 장소로 모인다’가 만든 조건에서 미국 묵인과 궁정동 연회 포위의 결산 단계가 시작된다.,‘김재규가 발터 PPK를 품고 군 지휘부를 묶은 채 대통령의 마지막 제안을 듣는다’까지 가기 전에 ‘미국의 묵인과 군 지휘관 포섭으로 거사가 성공하면 국가 지휘선이 한밤에 끊긴다’라는 압력을 넘을 수 있는가가 이 화의 독자 질문이다.,궁정동의 이상 징후를 포착해 대통령을 암살 계획에서 구한다.,궁정동 안가에 총기·병력이 배치되고 종일이 예상 밖으로 초대돼 보안팀이 급히 감시한다.,미국의 묵인과 군 지휘관 포섭으로 거사가 성공하면 국가 지휘선이 한밤에 끊긴다.,정치 권력 축이 미국 묵인과 궁정동 연회 포위의 가시적 결산으로 이동한다.,부분 지급: 공격 주체와 권력선이 선명해진다.,politics,다음 판단의 기준이 ‘김재규가 발터 PPK를 품고 군 지휘부를 묶은 채 대통령의 마지막 제안을 듣는다’로 옮겨 간다.,다음 회차에는 김재규가 발터 PPK를 품고 군 지휘부를 묶은 채 대통령의 마지막 제안을 듣는다,직전 화의 ‘대통령이 김재규·종일과의 작별 만찬을 잡자 거사와 보호 계획이 같은 장소로 모인다’가 남긴 즉시 과제는 이번 실행으로 일부 결과를 얻고 남은 비용만 다음 화로 넘긴다.,김재규가 발터 PPK를 품고 군 지휘부를 묶은 채 대통령의 마지막 제안을 듣는다; 미국 묵인과 궁정동 연회 포위,L22,high
800,성공시대 800화,궁정동(宮井洞)의 밤Ⅱ,112721,112863,직전 화의 ‘궁정동 안가에 총기·병력이 배치되고 종일이 예상 밖으로 초대돼 보안팀이 급히 감시한다’가 만든 조건에서 미국 묵인과 궁정동 연회 포위의 결산 단계가 시작된다.,‘김재규가 암살 명령을 내리자 종일이 최승필과 보안사에 긴급 신호를 보낸다’까지 가기 전에 ‘미국의 묵인과 군 지휘관 포섭으로 거사가 성공하면 국가 지휘선이 한밤에 끊긴다’라는 압력을 넘을 수 있는가가 이 화의 독자 질문이다.,궁정동의 이상 징후를 포착해 대통령을 암살 계획에서 구한다.,김재규가 발터 PPK를 품고 군 지휘부를 묶은 채 대통령의 마지막 제안을 듣는다.,미국의 묵인과 군 지휘관 포섭으로 거사가 성공하면 국가 지휘선이 한밤에 끊긴다.,정치 권력 축이 미국 묵인과 궁정동 연회 포위의 가시적 결산으로 이동한다.,부분 지급: 정치적 생존 공간과 대응 시한을 번다.,politics,다음 판단의 기준이 ‘김재규가 암살 명령을 내리자 종일이 최승필과 보안사에 긴급 신호를 보낸다’로 옮겨 간다.,다음 회차에는 김재규가 암살 명령을 내리자 종일이 최승필과 보안사에 긴급 신호를 보낸다,직전 화의 ‘궁정동 안가에 총기·병력이 배치되고 종일이 예상 밖으로 초대돼 보안팀이 급히 감시한다’가 남긴 즉시 과제는 이번 실행으로 일부 결과를 얻고 남은 비용만 다음 화로 넘긴다.,김재규가 암살 명령을 내리자 종일이 최승필과 보안사에 긴급 신호를 보낸다; 다음 소제목 #피로 물든 궁정동Ⅰ,L22,high
801,성공시대 801화,피로 물든 궁정동Ⅰ,112864,113036,"직전 화의 ‘김재규가 발터 PPK를 품고 군 지휘부를 묶은 채 대통령의 마지막 제안을 듣는다’가 한 국면을 닫은 뒤, 이 화 안의 원문 #피로 물든 궁정동Ⅰ 전환이 암살 개시와 대통령 방어을 연다.",‘김재규가 전화기 앞 종일을 붙잡지만 종일은 의심을 피하고 최승필은 이재전에게 경보한다’까지 가기 전에 ‘전화 한 통이 막히면 대통령·종일·경호진이 밀폐된 안가에서 몰살된다’라는 압력을 넘을 수 있는가가 이 화의 독자 질문이다.,거사 개시 신호를 외부에 전하고 대통령을 총격선에서 빼낸다.,김재규가 암살 명령을 내리자 종일이 최승필과 보안사에 긴급 신호를 보낸다.,전화 한 통이 막히면 대통령·종일·경호진이 밀폐된 안가에서 몰살된다.,시대 질서 축이 암살 개시와 대통령 방어의 다음 단계로 이동한다.,유예: 시대 위험을 사업·외교의 장기 기회로 전환한다.,era,다음 판단의 기준이 ‘김재규가 전화기 앞 종일을 붙잡지만 종일은 의심을 피하고 최승필은 이재전에게 경보한다’로 옮겨 간다.,다음 회차에는 김재규가 전화기 앞 종일을 붙잡지만 종일은 의심을 피하고 최승필은 이재전에게 경보한다,직전 화의 ‘김재규가 발터 PPK를 품고 군 지휘부를 묶은 채 대통령의 마지막 제안을 듣는다’가 남긴 즉시 과제는 이번 실행으로 결론을 미룬 채 다음 압력으로 넘어간다.,김재규가 전화기 앞 종일을 붙잡지만 종일은 의심을 피하고 최승필은 이재전에게 경보한다; 암살 개시와 대통령 방어,L23,high
802,성공시대 802화,피로 물든 궁정동Ⅰ,113037,113182,직전 화의 ‘김재규가 암살 명령을 내리자 종일이 최승필과 보안사에 긴급 신호를 보낸다’가 만든 조건에서 암살 개시와 대통령 방어의 압박 단계가 시작된다.,‘구조 병력이 움직이는 동안 종일이 대통령에게 위험을 알리려다 김재규의 귀환에 막힌다’까지 가기 전에 ‘전화 한 통이 막히면 대통령·종일·경호진이 밀폐된 안가에서 몰살된다’라는 압력을 넘을 수 있는가가 이 화의 독자 질문이다.,거사 개시 신호를 외부에 전하고 대통령을 총격선에서 빼낸다.,김재규가 전화기 앞 종일을 붙잡지만 종일은 의심을 피하고 최승필은 이재전에게 경보한다.,전화 한 통이 막히면 대통령·종일·경호진이 밀폐된 안가에서 몰살된다.,시대 질서 축이 암살 개시와 대통령 방어의 다음 단계로 이동한다.,유예: 전쟁·냉전·권력교체의 흐름이 다음 질서로 방향을 튼다.,era,다음 판단의 기준이 ‘구조 병력이 움직이는 동안 종일이 대통령에게 위험을 알리려다 김재규의 귀환에 막힌다’로 옮겨 간다.,다음 회차에는 구조 병력이 움직이는 동안 종일이 대통령에게 위험을 알리려다 김재규의 귀환에 막힌다,직전 화의 ‘김재규가 암살 명령을 내리자 종일이 최승필과 보안사에 긴급 신호를 보낸다’가 남긴 즉시 과제는 이번 실행으로 결론을 미룬 채 다음 압력으로 넘어간다.,구조 병력이 움직이는 동안 종일이 대통령에게 위험을 알리려다 김재규의 귀환에 막힌다; 암살 개시와 대통령 방어,L23,high
803,성공시대 803화,피로 물든 궁정동Ⅰ,113183,113339,직전 화의 ‘김재규가 전화기 앞 종일을 붙잡지만 종일은 의심을 피하고 최승필은 이재전에게 경보한다’가 만든 조건에서 암살 개시와 대통령 방어의 전환 단계가 시작된다.,‘김재규가 총을 쏘자 종일이 조준을 흐트러뜨려 대통령은 치명상을 피하고 안가 총격전이 열린다’까지 가기 전에 ‘전화 한 통이 막히면 대통령·종일·경호진이 밀폐된 안가에서 몰살된다’라는 압력을 넘을 수 있는가가 이 화의 독자 질문이다.,거사 개시 신호를 외부에 전하고 대통령을 총격선에서 빼낸다.,구조 병력이 움직이는 동안 종일이 대통령에게 위험을 알리려다 김재규의 귀환에 막힌다.,전화 한 통이 막히면 대통령·종일·경호진이 밀폐된 안가에서 몰살된다.,시대 질서 축이 암살 개시와 대통령 방어의 다음 단계로 이동한다.,유예: 국가적 파국을 피하고 새로운 협상 창을 연다.,era,다음 판단의 기준이 ‘김재규가 총을 쏘자 종일이 조준을 흐트러뜨려 대통령은 치명상을 피하고 안가 총격전이 열린다’로 옮겨 간다.,다음 회차에는 김재규가 총을 쏘자 종일이 조준을 흐트러뜨려 대통령은 치명상을 피하고 안가 총격전이 열린다,직전 화의 ‘김재규가 전화기 앞 종일을 붙잡지만 종일은 의심을 피하고 최승필은 이재전에게 경보한다’가 남긴 즉시 과제는 이번 실행으로 결론을 미룬 채 다음 압력으로 넘어간다.,김재규가 총을 쏘자 종일이 조준을 흐트러뜨려 대통령은 치명상을 피하고 안가 총격전이 열린다; 암살 개시와 대통령 방어,L23,high
804,성공시대 804화,피로 물든 궁정동Ⅰ,113340,113484,직전 화의 ‘구조 병력이 움직이는 동안 종일이 대통령에게 위험을 알리려다 김재규의 귀환에 막힌다’가 만든 조건에서 암살 개시와 대통령 방어의 결산 단계가 시작된다.,‘경호원과 중앙정보부 요원이 교전하고 종일 일행은 방 안을 요새로 삼는다’까지 가기 전에 ‘전화 한 통이 막히면 대통령·종일·경호진이 밀폐된 안가에서 몰살된다’라는 압력을 넘을 수 있는가가 이 화의 독자 질문이다.,거사 개시 신호를 외부에 전하고 대통령을 총격선에서 빼낸다.,김재규가 총을 쏘자 종일이 조준을 흐트러뜨려 대통령은 치명상을 피하고 안가 총격전이 열린다.,전화 한 통이 막히면 대통령·종일·경호진이 밀폐된 안가에서 몰살된다.,시대 질서 축이 암살 개시와 대통령 방어의 가시적 결산으로 이동한다.,부분 지급: 역사의 큰 사건에서 종일의 개입 결과가 즉시 확인된다.,era,다음 판단의 기준이 ‘경호원과 중앙정보부 요원이 교전하고 종일 일행은 방 안을 요새로 삼는다’로 옮겨 간다.,다음 회차에는 경호원과 중앙정보부 요원이 교전하고 종일 일행은 방 안을 요새로 삼는다,직전 화의 ‘구조 병력이 움직이는 동안 종일이 대통령에게 위험을 알리려다 김재규의 귀환에 막힌다’가 남긴 즉시 과제는 이번 실행으로 일부 결과를 얻고 남은 비용만 다음 화로 넘긴다.,경호원과 중앙정보부 요원이 교전하고 종일 일행은 방 안을 요새로 삼는다; 다음 소제목 #피로 물든 궁정동Ⅱ,L23,high
805,성공시대 805화,피로 물든 궁정동Ⅱ,113485,113631,"직전 화의 ‘김재규가 총을 쏘자 종일이 조준을 흐트러뜨려 대통령은 치명상을 피하고 안가 총격전이 열린다’가 한 국면을 닫은 뒤, 이 화 안의 원문 #피로 물든 궁정동Ⅱ 전환이 안가 혈전과 대통령 탈출을 연다.",‘보안사 구조조가 안가로 진입하며 양측의 마지막 근접전이 벌어진다’까지 가기 전에 ‘김재규 측 병력과 오인 교전 속에서 대통령의 생존 사실 자체가 사라질 수 있다’라는 압력을 넘을 수 있는가가 이 화의 독자 질문이다.,경호진과 함께 포위망을 뚫어 부상한 대통령을 병원으로 옮긴다.,경호원과 중앙정보부 요원이 교전하고 종일 일행은 방 안을 요새로 삼는다.,김재규 측 병력과 오인 교전 속에서 대통령의 생존 사실 자체가 사라질 수 있다.,시대 질서 축이 안가 혈전과 대통령 탈출의 다음 단계로 이동한다.,유예: 전쟁·냉전·권력교체의 흐름이 다음 질서로 방향을 튼다.,era,다음 판단의 기준이 ‘보안사 구조조가 안가로 진입하며 양측의 마지막 근접전이 벌어진다’로 옮겨 간다.,다음 회차에는 보안사 구조조가 안가로 진입하며 양측의 마지막 근접전이 벌어진다,직전 화의 ‘김재규가 총을 쏘자 종일이 조준을 흐트러뜨려 대통령은 치명상을 피하고 안가 총격전이 열린다’가 남긴 즉시 과제는 이번 실행으로 결론을 미룬 채 다음 압력으로 넘어간다.,보안사 구조조가 안가로 진입하며 양측의 마지막 근접전이 벌어진다; 안가 혈전과 대통령 탈출,L24,high
806,성공시대 806화,피로 물든 궁정동Ⅱ,113632,113786,직전 화의 ‘경호원과 중앙정보부 요원이 교전하고 종일 일행은 방 안을 요새로 삼는다’가 만든 조건에서 안가 혈전과 대통령 탈출의 압박 단계가 시작된다.,‘종일과 최승필이 대통령을 업어 탈출하고 최승필은 총상을 입는다’까지 가기 전에 ‘김재규 측 병력과 오인 교전 속에서 대통령의 생존 사실 자체가 사라질 수 있다’라는 압력을 넘을 수 있는가가 이 화의 독자 질문이다.,경호진과 함께 포위망을 뚫어 부상한 대통령을 병원으로 옮긴다.,보안사 구조조가 안가로 진입하며 양측의 마지막 근접전이 벌어진다.,김재규 측 병력과 오인 교전 속에서 대통령의 생존 사실 자체가 사라질 수 있다.,시대 질서 축이 안가 혈전과 대통령 탈출의 다음 단계로 이동한다.,유예: 국가적 파국을 피하고 새로운 협상 창을 연다.,era,다음 판단의 기준이 ‘종일과 최승필이 대통령을 업어 탈출하고 최승필은 총상을 입는다’로 옮겨 간다.,다음 회차에는 종일과 최승필이 대통령을 업어 탈출하고 최승필은 총상을 입는다,직전 화의 ‘경호원과 중앙정보부 요원이 교전하고 종일 일행은 방 안을 요새로 삼는다’가 남긴 즉시 과제는 이번 실행으로 결론을 미룬 채 다음 압력으로 넘어간다.,종일과 최승필이 대통령을 업어 탈출하고 최승필은 총상을 입는다; 안가 혈전과 대통령 탈출,L24,high
807,성공시대 807화,피로 물든 궁정동Ⅱ,113787,113941,직전 화의 ‘보안사 구조조가 안가로 진입하며 양측의 마지막 근접전이 벌어진다’가 만든 조건에서 안가 혈전과 대통령 탈출의 전환 단계가 시작된다.,‘차량이 정문을 들이받아 병원으로 빠져나가고 김재규는 대통령 사망을 전제로 군 장악에 나선다’까지 가기 전에 ‘김재규 측 병력과 오인 교전 속에서 대통령의 생존 사실 자체가 사라질 수 있다’라는 압력을 넘을 수 있는가가 이 화의 독자 질문이다.,경호진과 함께 포위망을 뚫어 부상한 대통령을 병원으로 옮긴다.,종일과 최승필이 대통령을 업어 탈출하고 최승필은 총상을 입는다.,김재규 측 병력과 오인 교전 속에서 대통령의 생존 사실 자체가 사라질 수 있다.,시대 질서 축이 안가 혈전과 대통령 탈출의 다음 단계로 이동한다.,유예: 역사의 큰 사건에서 종일의 개입 결과가 즉시 확인된다.,era,다음 판단의 기준이 ‘차량이 정문을 들이받아 병원으로 빠져나가고 김재규는 대통령 사망을 전제로 군 장악에 나선다’로 옮겨 간다.,다음 회차에는 차량이 정문을 들이받아 병원으로 빠져나가고 김재규는 대통령 사망을 전제로 군 장악에 나선다,직전 화의 ‘보안사 구조조가 안가로 진입하며 양측의 마지막 근접전이 벌어진다’가 남긴 즉시 과제는 이번 실행으로 결론을 미룬 채 다음 압력으로 넘어간다.,차량이 정문을 들이받아 병원으로 빠져나가고 김재규는 대통령 사망을 전제로 군 장악에 나선다; 안가 혈전과 대통령 탈출,L24,high
808,성공시대 808화,피로 물든 궁정동Ⅱ,113942,114073,직전 화의 ‘종일과 최승필이 대통령을 업어 탈출하고 최승필은 총상을 입는다’가 만든 조건에서 안가 혈전과 대통령 탈출의 결산 단계가 시작된다.,‘김재규가 대통령 사망을 속여 최정식·도병욱을 움직이지만 보안사가 대응을 시작한다’까지 가기 전에 ‘김재규 측 병력과 오인 교전 속에서 대통령의 생존 사실 자체가 사라질 수 있다’라는 압력을 넘을 수 있는가가 이 화의 독자 질문이다.,경호진과 함께 포위망을 뚫어 부상한 대통령을 병원으로 옮긴다.,차량이 정문을 들이받아 병원으로 빠져나가고 김재규는 대통령 사망을 전제로 군 장악에 나선다.,김재규 측 병력과 오인 교전 속에서 대통령의 생존 사실 자체가 사라질 수 있다.,시대 질서 축이 안가 혈전과 대통령 탈출의 가시적 결산으로 이동한다.,부분 지급: 시대 위험을 사업·외교의 장기 기회로 전환한다.,era,다음 판단의 기준이 ‘김재규가 대통령 사망을 속여 최정식·도병욱을 움직이지만 보안사가 대응을 시작한다’로 옮겨 간다.,다음 회차에는 김재규가 대통령 사망을 속여 최정식·도병욱을 움직이지만 보안사가 대응을 시작한다,직전 화의 ‘종일과 최승필이 대통령을 업어 탈출하고 최승필은 총상을 입는다’가 남긴 즉시 과제는 이번 실행으로 일부 결과를 얻고 남은 비용만 다음 화로 넘긴다.,김재규가 대통령 사망을 속여 최정식·도병욱을 움직이지만 보안사가 대응을 시작한다; 다음 소제목 #과욕의 끝,L24,high
809,성공시대 809화,과욕의 끝,114074,114226,"직전 화의 ‘차량이 정문을 들이받아 병원으로 빠져나가고 김재규는 대통령 사망을 전제로 군 장악에 나선다’가 한 국면을 닫은 뒤, 이 화 안의 원문 #과욕의 끝 전환이 김재규 군 장악 실패와 체포을 연다.",‘보안사가 제3헌병대대와 중앙정보부 거점을 장악하고 김재규의 B2 위치를 좁힌다’까지 가기 전에 ‘허위 사망 보고와 계엄 발동이 군부 내전 및 병원 재습격으로 번진다’라는 압력을 넘을 수 있는가가 이 화의 독자 질문이다.,대통령 생존을 숨긴 채 김재규가 동원한 군·정보 조직을 역으로 제압한다.,김재규가 대통령 사망을 속여 최정식·도병욱을 움직이지만 보안사가 대응을 시작한다.,허위 사망 보고와 계엄 발동이 군부 내전 및 병원 재습격으로 번진다.,정치 권력 축이 김재규 군 장악 실패와 체포의 다음 단계로 이동한다.,유예: 정치적 생존 공간과 대응 시한을 번다.,politics,다음 판단의 기준이 ‘보안사가 제3헌병대대와 중앙정보부 거점을 장악하고 김재규의 B2 위치를 좁힌다’로 옮겨 간다.,다음 회차에는 보안사가 제3헌병대대와 중앙정보부 거점을 장악하고 김재규의 B2 위치를 좁힌다,직전 화의 ‘차량이 정문을 들이받아 병원으로 빠져나가고 김재규는 대통령 사망을 전제로 군 장악에 나선다’가 남긴 즉시 과제는 이번 실행으로 결론을 미룬 채 다음 압력으로 넘어간다.,보안사가 제3헌병대대와 중앙정보부 거점을 장악하고 김재규의 B2 위치를 좁힌다; 김재규 군 장악 실패와 체포,L25,high
810,성공시대 810화,과욕의 끝,114227,114362,직전 화의 ‘김재규가 대통령 사망을 속여 최정식·도병욱을 움직이지만 보안사가 대응을 시작한다’가 만든 조건에서 김재규 군 장악 실패와 체포의 압박 단계가 시작된다.,‘대통령 생존 소식이 퍼지자 김정렴은 병원 습격을 준비하고 종일은 수술실을 지킨다’까지 가기 전에 ‘허위 사망 보고와 계엄 발동이 군부 내전 및 병원 재습격으로 번진다’라는 압력을 넘을 수 있는가가 이 화의 독자 질문이다.,대통령 생존을 숨긴 채 김재규가 동원한 군·정보 조직을 역으로 제압한다.,보안사가 제3헌병대대와 중앙정보부 거점을 장악하고 김재규의 B2 위치를 좁힌다.,허위 사망 보고와 계엄 발동이 군부 내전 및 병원 재습격으로 번진다.,정치 권력 축이 김재규 군 장악 실패와 체포의 다음 단계로 이동한다.,유예: 동맹 또는 공적 명분을 확보한다.,politics,다음 판단의 기준이 ‘대통령 생존 소식이 퍼지자 김정렴은 병원 습격을 준비하고 종일은 수술실을 지킨다’로 옮겨 간다.,다음 회차에는 대통령 생존 소식이 퍼지자 김정렴은 병원 습격을 준비하고 종일은 수술실을 지킨다,직전 화의 ‘김재규가 대통령 사망을 속여 최정식·도병욱을 움직이지만 보안사가 대응을 시작한다’가 남긴 즉시 과제는 이번 실행으로 결론을 미룬 채 다음 압력으로 넘어간다.,대통령 생존 소식이 퍼지자 김정렴은 병원 습격을 준비하고 종일은 수술실을 지킨다; 김재규 군 장악 실패와 체포,L25,high
811,성공시대 811화,과욕의 끝,114363,114524,직전 화의 ‘보안사가 제3헌병대대와 중앙정보부 거점을 장악하고 김재규의 B2 위치를 좁힌다’가 만든 조건에서 김재규 군 장악 실패와 체포의 압박 단계가 시작된다.,‘김정렴이 폭력배와 잔여 요원을 모아 병원 방어선을 뚫을 계획을 세운다’까지 가기 전에 ‘허위 사망 보고와 계엄 발동이 군부 내전 및 병원 재습격으로 번진다’라는 압력을 넘을 수 있는가가 이 화의 독자 질문이다.,대통령 생존을 숨긴 채 김재규가 동원한 군·정보 조직을 역으로 제압한다.,대통령 생존 소식이 퍼지자 김정렴은 병원 습격을 준비하고 종일은 수술실을 지킨다.,허위 사망 보고와 계엄 발동이 군부 내전 및 병원 재습격으로 번진다.,정치 권력 축이 김재규 군 장악 실패와 체포의 다음 단계로 이동한다.,유예: 상대의 거짓말과 취약점이 가시화된다.,politics,다음 판단의 기준이 ‘김정렴이 폭력배와 잔여 요원을 모아 병원 방어선을 뚫을 계획을 세운다’로 옮겨 간다.,다음 회차에는 김정렴이 폭력배와 잔여 요원을 모아 병원 방어선을 뚫을 계획을 세운다,직전 화의 ‘보안사가 제3헌병대대와 중앙정보부 거점을 장악하고 김재규의 B2 위치를 좁힌다’가 남긴 즉시 과제는 이번 실행으로 결론을 미룬 채 다음 압력으로 넘어간다.,김정렴이 폭력배와 잔여 요원을 모아 병원 방어선을 뚫을 계획을 세운다; 김재규 군 장악 실패와 체포,L25,high
812,성공시대 812화,과욕의 끝,114525,114662,직전 화의 ‘대통령 생존 소식이 퍼지자 김정렴은 병원 습격을 준비하고 종일은 수술실을 지킨다’가 만든 조건에서 김재규 군 장악 실패와 체포의 전환 단계가 시작된다.,‘김재규가 국방장관에게 전화로 대통령 사망과 비상조치 필요성을 속인다’까지 가기 전에 ‘허위 사망 보고와 계엄 발동이 군부 내전 및 병원 재습격으로 번진다’라는 압력을 넘을 수 있는가가 이 화의 독자 질문이다.,대통령 생존을 숨긴 채 김재규가 동원한 군·정보 조직을 역으로 제압한다.,김정렴이 폭력배와 잔여 요원을 모아 병원 방어선을 뚫을 계획을 세운다.,허위 사망 보고와 계엄 발동이 군부 내전 및 병원 재습격으로 번진다.,정치 권력 축이 김재규 군 장악 실패와 체포의 다음 단계로 이동한다.,유예: 공격 주체와 권력선이 선명해진다.,politics,다음 판단의 기준이 ‘김재규가 국방장관에게 전화로 대통령 사망과 비상조치 필요성을 속인다’로 옮겨 간다.,다음 회차에는 김재규가 국방장관에게 전화로 대통령 사망과 비상조치 필요성을 속인다,직전 화의 ‘대통령 생존 소식이 퍼지자 김정렴은 병원 습격을 준비하고 종일은 수술실을 지킨다’가 남긴 즉시 과제는 이번 실행으로 결론을 미룬 채 다음 압력으로 넘어간다.,김재규가 국방장관에게 전화로 대통령 사망과 비상조치 필요성을 속인다; 김재규 군 장악 실패와 체포,L25,high
813,성공시대 813화,과욕의 끝,114663,114803,직전 화의 ‘김정렴이 폭력배와 잔여 요원을 모아 병원 방어선을 뚫을 계획을 세운다’가 만든 조건에서 김재규 군 장악 실패와 체포의 전환 단계가 시작된다.,‘국방장관이 잠정 경계령을 허가하고 김정렴 일당이 병원 외곽에 침투한다’까지 가기 전에 ‘허위 사망 보고와 계엄 발동이 군부 내전 및 병원 재습격으로 번진다’라는 압력을 넘을 수 있는가가 이 화의 독자 질문이다.,대통령 생존을 숨긴 채 김재규가 동원한 군·정보 조직을 역으로 제압한다.,김재규가 국방장관에게 전화로 대통령 사망과 비상조치 필요성을 속인다.,허위 사망 보고와 계엄 발동이 군부 내전 및 병원 재습격으로 번진다.,정치 권력 축이 김재규 군 장악 실패와 체포의 다음 단계로 이동한다.,유예: 정치적 생존 공간과 대응 시한을 번다.,politics,다음 판단의 기준이 ‘국방장관이 잠정 경계령을 허가하고 김정렴 일당이 병원 외곽에 침투한다’로 옮겨 간다.,다음 회차에는 국방장관이 잠정 경계령을 허가하고 김정렴 일당이 병원 외곽에 침투한다,직전 화의 ‘김정렴이 폭력배와 잔여 요원을 모아 병원 방어선을 뚫을 계획을 세운다’가 남긴 즉시 과제는 이번 실행으로 결론을 미룬 채 다음 압력으로 넘어간다.,국방장관이 잠정 경계령을 허가하고 김정렴 일당이 병원 외곽에 침투한다; 김재규 군 장악 실패와 체포,L25,high
814,성공시대 814화,과욕의 끝,114804,114943,직전 화의 ‘김재규가 국방장관에게 전화로 대통령 사망과 비상조치 필요성을 속인다’가 만든 조건에서 김재규 군 장악 실패와 체포의 결산 단계가 시작된다.,‘김정렴 일당이 병원 공격을 시작하고 종일 측 경호진이 입구를 봉쇄한다’까지 가기 전에 ‘허위 사망 보고와 계엄 발동이 군부 내전 및 병원 재습격으로 번진다’라는 압력을 넘을 수 있는가가 이 화의 독자 질문이다.,대통령 생존을 숨긴 채 김재규가 동원한 군·정보 조직을 역으로 제압한다.,국방장관이 잠정 경계령을 허가하고 김정렴 일당이 병원 외곽에 침투한다.,허위 사망 보고와 계엄 발동이 군부 내전 및 병원 재습격으로 번진다.,정치 권력 축이 김재규 군 장악 실패와 체포의 가시적 결산으로 이동한다.,부분 지급: 동맹 또는 공적 명분을 확보한다.,politics,다음 판단의 기준이 ‘김정렴 일당이 병원 공격을 시작하고 종일 측 경호진이 입구를 봉쇄한다’로 옮겨 간다.,다음 회차에는 김정렴 일당이 병원 공격을 시작하고 종일 측 경호진이 입구를 봉쇄한다,직전 화의 ‘김재규가 국방장관에게 전화로 대통령 사망과 비상조치 필요성을 속인다’가 남긴 즉시 과제는 이번 실행으로 일부 결과를 얻고 남은 비용만 다음 화로 넘긴다.,김정렴 일당이 병원 공격을 시작하고 종일 측 경호진이 입구를 봉쇄한다; 다음 소제목 #결말,L25,high
815,성공시대 815화,결말,114944,115091,"직전 화의 ‘국방장관이 잠정 경계령을 허가하고 김정렴 일당이 병원 외곽에 침투한다’가 한 국면을 닫은 뒤, 이 화 안의 원문 #결말 전환이 병원 방어와 반란 종결을 연다.",‘종일이 날아온 수류탄을 되던지고 김정렴은 도주 중 사살된다’까지 가기 전에 ‘병원 폭발물과 군 오판 하나가 살아 있는 대통령을 두 번째로 죽일 수 있다’라는 압력을 넘을 수 있는가가 이 화의 독자 질문이다.,병원 습격을 막고 합법 지휘선을 복원해 김재규 세력을 끝낸다.,김정렴 일당이 병원 공격을 시작하고 종일 측 경호진이 입구를 봉쇄한다.,병원 폭발물과 군 오판 하나가 살아 있는 대통령을 두 번째로 죽일 수 있다.,정치 권력 축이 병원 방어와 반란 종결의 다음 단계로 이동한다.,유예: 공격 주체와 권력선이 선명해진다.,politics,다음 판단의 기준이 ‘종일이 날아온 수류탄을 되던지고 김정렴은 도주 중 사살된다’로 옮겨 간다.,다음 회차에는 종일이 날아온 수류탄을 되던지고 김정렴은 도주 중 사살된다,직전 화의 ‘국방장관이 잠정 경계령을 허가하고 김정렴 일당이 병원 외곽에 침투한다’가 남긴 즉시 과제는 이번 실행으로 결론을 미룬 채 다음 압력으로 넘어간다.,종일이 날아온 수류탄을 되던지고 김정렴은 도주 중 사살된다; 병원 방어와 반란 종결,L26,high
816,성공시대 816화,결말,115092,115229,직전 화의 ‘김정렴 일당이 병원 공격을 시작하고 종일 측 경호진이 입구를 봉쇄한다’가 만든 조건에서 병원 방어와 반란 종결의 압박 단계가 시작된다.,‘국방장관이 대통령 생존을 확인해 경계령을 취소하고 군 충돌을 피한다’까지 가기 전에 ‘병원 폭발물과 군 오판 하나가 살아 있는 대통령을 두 번째로 죽일 수 있다’라는 압력을 넘을 수 있는가가 이 화의 독자 질문이다.,병원 습격을 막고 합법 지휘선을 복원해 김재규 세력을 끝낸다.,종일이 날아온 수류탄을 되던지고 김정렴은 도주 중 사살된다.,병원 폭발물과 군 오판 하나가 살아 있는 대통령을 두 번째로 죽일 수 있다.,정치 권력 축이 병원 방어와 반란 종결의 다음 단계로 이동한다.,유예: 정치적 생존 공간과 대응 시한을 번다.,politics,다음 판단의 기준이 ‘국방장관이 대통령 생존을 확인해 경계령을 취소하고 군 충돌을 피한다’로 옮겨 간다.,다음 회차에는 국방장관이 대통령 생존을 확인해 경계령을 취소하고 군 충돌을 피한다,직전 화의 ‘김정렴 일당이 병원 공격을 시작하고 종일 측 경호진이 입구를 봉쇄한다’가 남긴 즉시 과제는 이번 실행으로 결론을 미룬 채 다음 압력으로 넘어간다.,국방장관이 대통령 생존을 확인해 경계령을 취소하고 군 충돌을 피한다; 병원 방어와 반란 종결,L26,high
817,성공시대 817화,결말,115230,115372,직전 화의 ‘종일이 날아온 수류탄을 되던지고 김정렴은 도주 중 사살된다’가 만든 조건에서 병원 방어와 반란 종결의 압박 단계가 시작된다.,‘종일은 김정렴의 죽음을 확인하고 병원과 청와대 지휘선 회복을 점검한다’까지 가기 전에 ‘병원 폭발물과 군 오판 하나가 살아 있는 대통령을 두 번째로 죽일 수 있다’라는 압력을 넘을 수 있는가가 이 화의 독자 질문이다.,병원 습격을 막고 합법 지휘선을 복원해 김재규 세력을 끝낸다.,국방장관이 대통령 생존을 확인해 경계령을 취소하고 군 충돌을 피한다.,병원 폭발물과 군 오판 하나가 살아 있는 대통령을 두 번째로 죽일 수 있다.,정치 권력 축이 병원 방어와 반란 종결의 다음 단계로 이동한다.,유예: 동맹 또는 공적 명분을 확보한다.,politics,다음 판단의 기준이 ‘종일은 김정렴의 죽음을 확인하고 병원과 청와대 지휘선 회복을 점검한다’로 옮겨 간다.,다음 회차에는 종일은 김정렴의 죽음을 확인하고 병원과 청와대 지휘선 회복을 점검한다,직전 화의 ‘종일이 날아온 수류탄을 되던지고 김정렴은 도주 중 사살된다’가 남긴 즉시 과제는 이번 실행으로 결론을 미룬 채 다음 압력으로 넘어간다.,종일은 김정렴의 죽음을 확인하고 병원과 청와대 지휘선 회복을 점검한다; 병원 방어와 반란 종결,L26,high
818,성공시대 818화,결말,115373,115503,직전 화의 ‘국방장관이 대통령 생존을 확인해 경계령을 취소하고 군 충돌을 피한다’가 만든 조건에서 병원 방어와 반란 종결의 전환 단계가 시작된다.,‘김재규가 계엄과 총리 억류를 밀어붙이지만 장성들이 그의 거짓말을 의심한다’까지 가기 전에 ‘병원 폭발물과 군 오판 하나가 살아 있는 대통령을 두 번째로 죽일 수 있다’라는 압력을 넘을 수 있는가가 이 화의 독자 질문이다.,병원 습격을 막고 합법 지휘선을 복원해 김재규 세력을 끝낸다.,종일은 김정렴의 죽음을 확인하고 병원과 청와대 지휘선 회복을 점검한다.,병원 폭발물과 군 오판 하나가 살아 있는 대통령을 두 번째로 죽일 수 있다.,정치 권력 축이 병원 방어와 반란 종결의 다음 단계로 이동한다.,지급: 상대의 거짓말과 취약점이 가시화된다.,politics,다음 판단의 기준이 ‘김재규가 계엄과 총리 억류를 밀어붙이지만 장성들이 그의 거짓말을 의심한다’로 옮겨 간다.,다음 회차에는 김재규가 계엄과 총리 억류를 밀어붙이지만 장성들이 그의 거짓말을 의심한다,직전 화의 ‘국방장관이 대통령 생존을 확인해 경계령을 취소하고 군 충돌을 피한다’가 남긴 즉시 과제는 이번 실행으로 구체 성과로 확인된다.,김재규가 계엄과 총리 억류를 밀어붙이지만 장성들이 그의 거짓말을 의심한다; 병원 방어와 반란 종결,L26,high
819,성공시대 819화,결말,115504,115652,직전 화의 ‘종일은 김정렴의 죽음을 확인하고 병원과 청와대 지휘선 회복을 점검한다’가 만든 조건에서 병원 방어와 반란 종결의 전환 단계가 시작된다.,‘보안사가 김재규를 회유해 벙커 밖으로 끌어내 체포하면서 쿠데타가 끝난다’까지 가기 전에 ‘병원 폭발물과 군 오판 하나가 살아 있는 대통령을 두 번째로 죽일 수 있다’라는 압력을 넘을 수 있는가가 이 화의 독자 질문이다.,병원 습격을 막고 합법 지휘선을 복원해 김재규 세력을 끝낸다.,김재규가 계엄과 총리 억류를 밀어붙이지만 장성들이 그의 거짓말을 의심한다.,병원 폭발물과 군 오판 하나가 살아 있는 대통령을 두 번째로 죽일 수 있다.,정치 권력 축이 병원 방어와 반란 종결의 다음 단계로 이동한다.,유예: 공격 주체와 권력선이 선명해진다.,politics,다음 판단의 기준이 ‘보안사가 김재규를 회유해 벙커 밖으로 끌어내 체포하면서 쿠데타가 끝난다’로 옮겨 간다.,다음 회차에는 보안사가 김재규를 회유해 벙커 밖으로 끌어내 체포하면서 쿠데타가 끝난다,직전 화의 ‘종일은 김정렴의 죽음을 확인하고 병원과 청와대 지휘선 회복을 점검한다’가 남긴 즉시 과제는 이번 실행으로 결론을 미룬 채 다음 압력으로 넘어간다.,보안사가 김재규를 회유해 벙커 밖으로 끌어내 체포하면서 쿠데타가 끝난다; 병원 방어와 반란 종결,L26,high
820,성공시대 820화,결말,115653,115791,직전 화의 ‘김재규가 계엄과 총리 억류를 밀어붙이지만 장성들이 그의 거짓말을 의심한다’가 만든 조건에서 병원 방어와 반란 종결의 결산 단계가 시작된다.,‘김재규 추종 세력이 무장해제되고 반란이 공식 종결되자 미국은 개입 노출을 우려한다’까지 가기 전에 ‘병원 폭발물과 군 오판 하나가 살아 있는 대통령을 두 번째로 죽일 수 있다’라는 압력을 넘을 수 있는가가 이 화의 독자 질문이다.,병원 습격을 막고 합법 지휘선을 복원해 김재규 세력을 끝낸다.,보안사가 김재규를 회유해 벙커 밖으로 끌어내 체포하면서 쿠데타가 끝난다.,병원 폭발물과 군 오판 하나가 살아 있는 대통령을 두 번째로 죽일 수 있다.,정치 권력 축이 병원 방어와 반란 종결의 가시적 결산으로 이동한다.,지급: 정치적 생존 공간과 대응 시한을 번다.,politics,다음 판단의 기준이 ‘김재규 추종 세력이 무장해제되고 반란이 공식 종결되자 미국은 개입 노출을 우려한다’로 옮겨 간다.,다음 회차에는 김재규 추종 세력이 무장해제되고 반란이 공식 종결되자 미국은 개입 노출을 우려한다,직전 화의 ‘김재규가 계엄과 총리 억류를 밀어붙이지만 장성들이 그의 거짓말을 의심한다’가 남긴 즉시 과제는 이번 실행으로 구체 성과로 확인된다.,김재규 추종 세력이 무장해제되고 반란이 공식 종결되자 미국은 개입 노출을 우려한다; 다음 소제목 #수습,L26,high
821,성공시대 821화,수습,115792,115932,"직전 화의 ‘보안사가 김재규를 회유해 벙커 밖으로 끌어내 체포하면서 쿠데타가 끝난다’가 한 국면을 닫은 뒤, 이 화 안의 원문 #수습 전환이 쿠데타 수습과 미국의 은폐 거래을 연다.",‘미국이 묵인 책임을 덮기 위한 보상안을 검토하는 가운데 최승필이 의식을 되찾는다’까지 가기 전에 ‘미국 개입 정황과 대통령 피격 소문이 동맹·올림픽·대형 계약을 동시에 무너뜨린다’라는 압력을 넘을 수 있는가가 이 화의 독자 질문이다.,반란의 잔여 조직을 정리하고 국내외 신뢰·계약을 정상화한다.,김재규 추종 세력이 무장해제되고 반란이 공식 종결되자 미국은 개입 노출을 우려한다.,미국 개입 정황과 대통령 피격 소문이 동맹·올림픽·대형 계약을 동시에 무너뜨린다.,정치 권력 축이 쿠데타 수습과 미국의 은폐 거래의 다음 단계로 이동한다.,유예: 상대의 거짓말과 취약점이 가시화된다.,politics,다음 판단의 기준이 ‘미국이 묵인 책임을 덮기 위한 보상안을 검토하는 가운데 최승필이 의식을 되찾는다’로 옮겨 간다.,다음 회차에는 미국이 묵인 책임을 덮기 위한 보상안을 검토하는 가운데 최승필이 의식을 되찾는다,직전 화의 ‘보안사가 김재규를 회유해 벙커 밖으로 끌어내 체포하면서 쿠데타가 끝난다’가 남긴 즉시 과제는 이번 실행으로 결론을 미룬 채 다음 압력으로 넘어간다.,미국이 묵인 책임을 덮기 위한 보상안을 검토하는 가운데 최승필이 의식을 되찾는다; 쿠데타 수습과 미국의 은폐 거래,L27,high
822,성공시대 822화,수습,115933,116057,직전 화의 ‘김재규 추종 세력이 무장해제되고 반란이 공식 종결되자 미국은 개입 노출을 우려한다’가 만든 조건에서 쿠데타 수습과 미국의 은폐 거래의 압박 단계가 시작된다.,‘종일이 최승필 병실을 지킨 뒤 회사로 복귀해 해외 계약 상대의 불안을 진정시킨다’까지 가기 전에 ‘미국 개입 정황과 대통령 피격 소문이 동맹·올림픽·대형 계약을 동시에 무너뜨린다’라는 압력을 넘을 수 있는가가 이 화의 독자 질문이다.,반란의 잔여 조직을 정리하고 국내외 신뢰·계약을 정상화한다.,미국이 묵인 책임을 덮기 위한 보상안을 검토하는 가운데 최승필이 의식을 되찾는다.,미국 개입 정황과 대통령 피격 소문이 동맹·올림픽·대형 계약을 동시에 무너뜨린다.,정치 권력 축이 쿠데타 수습과 미국의 은폐 거래의 다음 단계로 이동한다.,유예: 공격 주체와 권력선이 선명해진다.,politics,다음 판단의 기준이 ‘종일이 최승필 병실을 지킨 뒤 회사로 복귀해 해외 계약 상대의 불안을 진정시킨다’로 옮겨 간다.,다음 회차에는 종일이 최승필 병실을 지킨 뒤 회사로 복귀해 해외 계약 상대의 불안을 진정시킨다,직전 화의 ‘김재규 추종 세력이 무장해제되고 반란이 공식 종결되자 미국은 개입 노출을 우려한다’가 남긴 즉시 과제는 이번 실행으로 결론을 미룬 채 다음 압력으로 넘어간다.,종일이 최승필 병실을 지킨 뒤 회사로 복귀해 해외 계약 상대의 불안을 진정시킨다; 쿠데타 수습과 미국의 은폐 거래,L27,high
823,성공시대 823화,수습,116058,116201,직전 화의 ‘미국이 묵인 책임을 덮기 위한 보상안을 검토하는 가운데 최승필이 의식을 되찾는다’가 만든 조건에서 쿠데타 수습과 미국의 은폐 거래의 압박 단계가 시작된다.,‘정부는 미국 개입 증거를 확보하고도 정면 충돌을 미루며 올림픽 외교를 우선한다’까지 가기 전에 ‘미국 개입 정황과 대통령 피격 소문이 동맹·올림픽·대형 계약을 동시에 무너뜨린다’라는 압력을 넘을 수 있는가가 이 화의 독자 질문이다.,반란의 잔여 조직을 정리하고 국내외 신뢰·계약을 정상화한다.,종일이 최승필 병실을 지킨 뒤 회사로 복귀해 해외 계약 상대의 불안을 진정시킨다.,미국 개입 정황과 대통령 피격 소문이 동맹·올림픽·대형 계약을 동시에 무너뜨린다.,정치 권력 축이 쿠데타 수습과 미국의 은폐 거래의 다음 단계로 이동한다.,지급: 정치적 생존 공간과 대응 시한을 번다.,politics,다음 판단의 기준이 ‘정부는 미국 개입 증거를 확보하고도 정면 충돌을 미루며 올림픽 외교를 우선한다’로 옮겨 간다.,다음 회차에는 정부는 미국 개입 증거를 확보하고도 정면 충돌을 미루며 올림픽 외교를 우선한다,직전 화의 ‘미국이 묵인 책임을 덮기 위한 보상안을 검토하는 가운데 최승필이 의식을 되찾는다’가 남긴 즉시 과제는 이번 실행으로 구체 성과로 확인된다.,정부는 미국 개입 증거를 확보하고도 정면 충돌을 미루며 올림픽 외교를 우선한다; 쿠데타 수습과 미국의 은폐 거래,L27,high
824,성공시대 824화,수습,116202,116335,직전 화의 ‘종일이 최승필 병실을 지킨 뒤 회사로 복귀해 해외 계약 상대의 불안을 진정시킨다’가 만든 조건에서 쿠데타 수습과 미국의 은폐 거래의 전환 단계가 시작된다.,‘현영과 가족이 최승필의 부상을 알고 병문안을 준비하고 종일은 보안조사를 통보받는다’까지 가기 전에 ‘미국 개입 정황과 대통령 피격 소문이 동맹·올림픽·대형 계약을 동시에 무너뜨린다’라는 압력을 넘을 수 있는가가 이 화의 독자 질문이다.,반란의 잔여 조직을 정리하고 국내외 신뢰·계약을 정상화한다.,정부는 미국 개입 증거를 확보하고도 정면 충돌을 미루며 올림픽 외교를 우선한다.,미국 개입 정황과 대통령 피격 소문이 동맹·올림픽·대형 계약을 동시에 무너뜨린다.,정치 권력 축이 쿠데타 수습과 미국의 은폐 거래의 다음 단계로 이동한다.,지급: 동맹 또는 공적 명분을 확보한다.,politics,다음 판단의 기준이 ‘현영과 가족이 최승필의 부상을 알고 병문안을 준비하고 종일은 보안조사를 통보받는다’로 옮겨 간다.,다음 회차에는 현영과 가족이 최승필의 부상을 알고 병문안을 준비하고 종일은 보안조사를 통보받는다,직전 화의 ‘종일이 최승필 병실을 지킨 뒤 회사로 복귀해 해외 계약 상대의 불안을 진정시킨다’가 남긴 즉시 과제는 이번 실행으로 구체 성과로 확인된다.,현영과 가족이 최승필의 부상을 알고 병문안을 준비하고 종일은 보안조사를 통보받는다; 쿠데타 수습과 미국의 은폐 거래,L27,high
825,성공시대 825화,수습,116336,116495,직전 화의 ‘정부는 미국 개입 증거를 확보하고도 정면 충돌을 미루며 올림픽 외교를 우선한다’가 만든 조건에서 쿠데타 수습과 미국의 은폐 거래의 전환 단계가 시작된다.,‘종일의 조사 준비와 함께 CIA가 암살 묵인 사실이 드러날까 패닉에 빠진다’까지 가기 전에 ‘미국 개입 정황과 대통령 피격 소문이 동맹·올림픽·대형 계약을 동시에 무너뜨린다’라는 압력을 넘을 수 있는가가 이 화의 독자 질문이다.,반란의 잔여 조직을 정리하고 국내외 신뢰·계약을 정상화한다.,현영과 가족이 최승필의 부상을 알고 병문안을 준비하고 종일은 보안조사를 통보받는다.,미국 개입 정황과 대통령 피격 소문이 동맹·올림픽·대형 계약을 동시에 무너뜨린다.,정치 권력 축이 쿠데타 수습과 미국의 은폐 거래의 다음 단계로 이동한다.,지급: 상대의 거짓말과 취약점이 가시화된다.,politics,다음 판단의 기준이 ‘종일의 조사 준비와 함께 CIA가 암살 묵인 사실이 드러날까 패닉에 빠진다’로 옮겨 간다.,다음 회차에는 종일의 조사 준비와 함께 CIA가 암살 묵인 사실이 드러날까 패닉에 빠진다,직전 화의 ‘정부는 미국 개입 증거를 확보하고도 정면 충돌을 미루며 올림픽 외교를 우선한다’가 남긴 즉시 과제는 이번 실행으로 구체 성과로 확인된다.,종일의 조사 준비와 함께 CIA가 암살 묵인 사실이 드러날까 패닉에 빠진다; 쿠데타 수습과 미국의 은폐 거래,L27,high
826,성공시대 826화,수습,116496,116631,직전 화의 ‘현영과 가족이 최승필의 부상을 알고 병문안을 준비하고 종일은 보안조사를 통보받는다’가 만든 조건에서 쿠데타 수습과 미국의 은폐 거래의 결산 단계가 시작된다.,‘종일이 조사에서 궁정동 상황을 증언하는 동안 캘리포니아가 롱비치 계약을 재심사한다’까지 가기 전에 ‘미국 개입 정황과 대통령 피격 소문이 동맹·올림픽·대형 계약을 동시에 무너뜨린다’라는 압력을 넘을 수 있는가가 이 화의 독자 질문이다.,반란의 잔여 조직을 정리하고 국내외 신뢰·계약을 정상화한다.,종일의 조사 준비와 함께 CIA가 암살 묵인 사실이 드러날까 패닉에 빠진다.,미국 개입 정황과 대통령 피격 소문이 동맹·올림픽·대형 계약을 동시에 무너뜨린다.,정치 권력 축이 쿠데타 수습과 미국의 은폐 거래의 가시적 결산으로 이동한다.,부분 지급: 공격 주체와 권력선이 선명해진다.,politics,다음 판단의 기준이 ‘종일이 조사에서 궁정동 상황을 증언하는 동안 캘리포니아가 롱비치 계약을 재심사한다’로 옮겨 간다.,다음 회차에는 종일이 조사에서 궁정동 상황을 증언하는 동안 캘리포니아가 롱비치 계약을 재심사한다,직전 화의 ‘현영과 가족이 최승필의 부상을 알고 병문안을 준비하고 종일은 보안조사를 통보받는다’가 남긴 즉시 과제는 이번 실행으로 일부 결과를 얻고 남은 비용만 다음 화로 넘긴다.,종일이 조사에서 궁정동 상황을 증언하는 동안 캘리포니아가 롱비치 계약을 재심사한다; 다음 소제목 #롱비치 컨테이너 터미널,L27,high
827,성공시대 827화,롱비치 컨테이너 터미널,116632,116774,"직전 화의 ‘종일의 조사 준비와 함께 CIA가 암살 묵인 사실이 드러날까 패닉에 빠진다’가 한 국면을 닫은 뒤, 이 화 안의 원문 #롱비치 컨테이너 터미널 전환이 롱비치 재심사와 캘리포니아 거래을 연다.",‘대성해운 전병일이 교통 책임자 코스시나와 골프장 인수·터미널 지원을 맞교환한다’까지 가기 전에 ‘일본 해운사의 개입과 주정부의 변심으로 1억 달러 물류 거점이 사라진다’라는 압력을 넘을 수 있는가가 이 화의 독자 질문이다.,쿠데타로 멈춘 롱비치 전용터미널 심사를 다시 살리고 미국 정치권을 묶는다.,종일이 조사에서 궁정동 상황을 증언하는 동안 캘리포니아가 롱비치 계약을 재심사한다.,일본 해운사의 개입과 주정부의 변심으로 1억 달러 물류 거점이 사라진다.,사업 규모 축이 롱비치 재심사와 캘리포니아 거래의 다음 단계로 이동한다.,유예: 조직 실행력과 장기 현금흐름의 기반을 넓힌다.,business,다음 판단의 기준이 ‘대성해운 전병일이 교통 책임자 코스시나와 골프장 인수·터미널 지원을 맞교환한다’로 옮겨 간다.,다음 회차에는 대성해운 전병일이 교통 책임자 코스시나와 골프장 인수·터미널 지원을 맞교환한다,직전 화의 ‘종일의 조사 준비와 함께 CIA가 암살 묵인 사실이 드러날까 패닉에 빠진다’가 남긴 즉시 과제는 이번 실행으로 결론을 미룬 채 다음 압력으로 넘어간다.,대성해운 전병일이 교통 책임자 코스시나와 골프장 인수·터미널 지원을 맞교환한다; 롱비치 재심사와 캘리포니아 거래,L28,high
828,성공시대 828화,롱비치 컨테이너 터미널,116775,116914,직전 화의 ‘종일이 조사에서 궁정동 상황을 증언하는 동안 캘리포니아가 롱비치 계약을 재심사한다’가 만든 조건에서 롱비치 재심사와 캘리포니아 거래의 압박 단계가 시작된다.,‘종일이 1천만 달러 골프장 부담을 따져 보고 터미널을 위해 2천만 달러까지 승인한다’까지 가기 전에 ‘일본 해운사의 개입과 주정부의 변심으로 1억 달러 물류 거점이 사라진다’라는 압력을 넘을 수 있는가가 이 화의 독자 질문이다.,쿠데타로 멈춘 롱비치 전용터미널 심사를 다시 살리고 미국 정치권을 묶는다.,대성해운 전병일이 교통 책임자 코스시나와 골프장 인수·터미널 지원을 맞교환한다.,일본 해운사의 개입과 주정부의 변심으로 1억 달러 물류 거점이 사라진다.,사업 규모 축이 롱비치 재심사와 캘리포니아 거래의 다음 단계로 이동한다.,지급: 경쟁자보다 먼저 물류·현장·시장 거점을 선점한다.,business,다음 판단의 기준이 ‘종일이 1천만 달러 골프장 부담을 따져 보고 터미널을 위해 2천만 달러까지 승인한다’로 옮겨 간다.,다음 회차에는 종일이 1천만 달러 골프장 부담을 따져 보고 터미널을 위해 2천만 달러까지 승인한다,직전 화의 ‘종일이 조사에서 궁정동 상황을 증언하는 동안 캘리포니아가 롱비치 계약을 재심사한다’가 남긴 즉시 과제는 이번 실행으로 구체 성과로 확인된다.,종일이 1천만 달러 골프장 부담을 따져 보고 터미널을 위해 2천만 달러까지 승인한다; 롱비치 재심사와 캘리포니아 거래,L28,high
829,성공시대 829화,롱비치 컨테이너 터미널,116915,117046,직전 화의 ‘대성해운 전병일이 교통 책임자 코스시나와 골프장 인수·터미널 지원을 맞교환한다’가 만든 조건에서 롱비치 재심사와 캘리포니아 거래의 전환 단계가 시작된다.,‘종일 측이 그레이든 주지사의 골프장과 해변 호텔까지 사겠다고 제안해 일본 견제를 뚫는다’까지 가기 전에 ‘일본 해운사의 개입과 주정부의 변심으로 1억 달러 물류 거점이 사라진다’라는 압력을 넘을 수 있는가가 이 화의 독자 질문이다.,쿠데타로 멈춘 롱비치 전용터미널 심사를 다시 살리고 미국 정치권을 묶는다.,종일이 1천만 달러 골프장 부담을 따져 보고 터미널을 위해 2천만 달러까지 승인한다.,일본 해운사의 개입과 주정부의 변심으로 1억 달러 물류 거점이 사라진다.,사업 규모 축이 롱비치 재심사와 캘리포니아 거래의 다음 단계로 이동한다.,지급: 계약·자금·기술 가운데 하나가 실제 자산으로 남는다.,business,다음 판단의 기준이 ‘종일 측이 그레이든 주지사의 골프장과 해변 호텔까지 사겠다고 제안해 일본 견제를 뚫는다’로 옮겨 간다.,다음 회차에는 종일 측이 그레이든 주지사의 골프장과 해변 호텔까지 사겠다고 제안해 일본 견제를 뚫는다,직전 화의 ‘대성해운 전병일이 교통 책임자 코스시나와 골프장 인수·터미널 지원을 맞교환한다’가 남긴 즉시 과제는 이번 실행으로 구체 성과로 확인된다.,종일 측이 그레이든 주지사의 골프장과 해변 호텔까지 사겠다고 제안해 일본 견제를 뚫는다; 롱비치 재심사와 캘리포니아 거래,L28,high
830,성공시대 830화,롱비치 컨테이너 터미널,117047,117173,직전 화의 ‘종일이 1천만 달러 골프장 부담을 따져 보고 터미널을 위해 2천만 달러까지 승인한다’가 만든 조건에서 롱비치 재심사와 캘리포니아 거래의 결산 단계가 시작된다.,‘일본 해운사의 항의가 묵살되고 주지사가 대성 선정을 지시하지만 계약 체결이 다시 늦어진다’까지 가기 전에 ‘일본 해운사의 개입과 주정부의 변심으로 1억 달러 물류 거점이 사라진다’라는 압력을 넘을 수 있는가가 이 화의 독자 질문이다.,쿠데타로 멈춘 롱비치 전용터미널 심사를 다시 살리고 미국 정치권을 묶는다.,종일 측이 그레이든 주지사의 골프장과 해변 호텔까지 사겠다고 제안해 일본 견제를 뚫는다.,일본 해운사의 개입과 주정부의 변심으로 1억 달러 물류 거점이 사라진다.,사업 규모 축이 롱비치 재심사와 캘리포니아 거래의 가시적 결산으로 이동한다.,부분 지급: 다음 투자 판단에 필요한 가격과 위험을 확보한다.,business,다음 판단의 기준이 ‘일본 해운사의 항의가 묵살되고 주지사가 대성 선정을 지시하지만 계약 체결이 다시 늦어진다’로 옮겨 간다.,다음 회차에는 일본 해운사의 항의가 묵살되고 주지사가 대성 선정을 지시하지만 계약 체결이 다시 늦어진다,직전 화의 ‘종일이 1천만 달러 골프장 부담을 따져 보고 터미널을 위해 2천만 달러까지 승인한다’가 남긴 즉시 과제는 이번 실행으로 일부 결과를 얻고 남은 비용만 다음 화로 넘긴다.,일본 해운사의 항의가 묵살되고 주지사가 대성 선정을 지시하지만 계약 체결이 다시 늦어진다; 다음 소제목 #계약Ⅰ,L28,high
831,성공시대 831화,계약Ⅰ,117174,117326,"직전 화의 ‘종일 측이 그레이든 주지사의 골프장과 해변 호텔까지 사겠다고 제안해 일본 견제를 뚫는다’가 한 국면을 닫은 뒤, 이 화 안의 원문 #계약Ⅰ 전환이 주지사 압박과 롱비치 계약전을 연다.",‘종일은 그레이든의 배후 거래를 확인하라 지시하고 쿠데타 중간보고서는 그를 구국 공로자로 발표한다’까지 가기 전에 ‘미쓰이의 더 큰 뇌물과 종일의 출국금지가 이미 열린 계약을 다시 닫는다’라는 압력을 넘을 수 있는가가 이 화의 독자 질문이다.,그레이든의 이중거래를 막고 터미널 운영권을 서명까지 끌고 간다.,일본 해운사의 항의가 묵살되고 주지사가 대성 선정을 지시하지만 계약 체결이 다시 늦어진다.,미쓰이의 더 큰 뇌물과 종일의 출국금지가 이미 열린 계약을 다시 닫는다.,사업 규모 축이 주지사 압박과 롱비치 계약전의 다음 단계로 이동한다.,유예: 경쟁자보다 먼저 물류·현장·시장 거점을 선점한다.,business,다음 판단의 기준이 ‘종일은 그레이든의 배후 거래를 확인하라 지시하고 쿠데타 중간보고서는 그를 구국 공로자로 발표한다’로 옮겨 간다.,다음 회차에는 종일은 그레이든의 배후 거래를 확인하라 지시하고 쿠데타 중간보고서는 그를 구국 공로자로 발표한다,직전 화의 ‘종일 측이 그레이든 주지사의 골프장과 해변 호텔까지 사겠다고 제안해 일본 견제를 뚫는다’가 남긴 즉시 과제는 이번 실행으로 결론을 미룬 채 다음 압력으로 넘어간다.,종일은 그레이든의 배후 거래를 확인하라 지시하고 쿠데타 중간보고서는 그를 구국 공로자로 발표한다; 주지사 압박과 롱비치 계약전,L29,high
832,성공시대 832화,계약Ⅰ,117327,117464,직전 화의 ‘일본 해운사의 항의가 묵살되고 주지사가 대성 선정을 지시하지만 계약 체결이 다시 늦어진다’가 만든 조건에서 주지사 압박과 롱비치 계약전의 압박 단계가 시작된다.,‘종희가 입원 중인 최승필과 재회하고 종일은 주지사에게 압력을 가할 자료 수집을 승인한다’까지 가기 전에 ‘미쓰이의 더 큰 뇌물과 종일의 출국금지가 이미 열린 계약을 다시 닫는다’라는 압력을 넘을 수 있는가가 이 화의 독자 질문이다.,그레이든의 이중거래를 막고 터미널 운영권을 서명까지 끌고 간다.,종일은 그레이든의 배후 거래를 확인하라 지시하고 쿠데타 중간보고서는 그를 구국 공로자로 발표한다.,미쓰이의 더 큰 뇌물과 종일의 출국금지가 이미 열린 계약을 다시 닫는다.,사업 규모 축이 주지사 압박과 롱비치 계약전의 다음 단계로 이동한다.,유예: 계약·자금·기술 가운데 하나가 실제 자산으로 남는다.,business,다음 판단의 기준이 ‘종희가 입원 중인 최승필과 재회하고 종일은 주지사에게 압력을 가할 자료 수집을 승인한다’로 옮겨 간다.,다음 회차에는 종희가 입원 중인 최승필과 재회하고 종일은 주지사에게 압력을 가할 자료 수집을 승인한다,직전 화의 ‘일본 해운사의 항의가 묵살되고 주지사가 대성 선정을 지시하지만 계약 체결이 다시 늦어진다’가 남긴 즉시 과제는 이번 실행으로 결론을 미룬 채 다음 압력으로 넘어간다.,종희가 입원 중인 최승필과 재회하고 종일은 주지사에게 압력을 가할 자료 수집을 승인한다; 주지사 압박과 롱비치 계약전,L29,high
833,성공시대 833화,계약Ⅰ,117465,117615,직전 화의 ‘종일은 그레이든의 배후 거래를 확인하라 지시하고 쿠데타 중간보고서는 그를 구국 공로자로 발표한다’가 만든 조건에서 주지사 압박과 롱비치 계약전의 전환 단계가 시작된다.,‘미쓰이가 더 큰 대가를 제시하자 대성 측은 주지사의 사생활 사진과 타블로이드 카드를 준비한다’까지 가기 전에 ‘미쓰이의 더 큰 뇌물과 종일의 출국금지가 이미 열린 계약을 다시 닫는다’라는 압력을 넘을 수 있는가가 이 화의 독자 질문이다.,그레이든의 이중거래를 막고 터미널 운영권을 서명까지 끌고 간다.,종희가 입원 중인 최승필과 재회하고 종일은 주지사에게 압력을 가할 자료 수집을 승인한다.,미쓰이의 더 큰 뇌물과 종일의 출국금지가 이미 열린 계약을 다시 닫는다.,사업 규모 축이 주지사 압박과 롱비치 계약전의 다음 단계로 이동한다.,지급: 다음 투자 판단에 필요한 가격과 위험을 확보한다.,business,다음 판단의 기준이 ‘미쓰이가 더 큰 대가를 제시하자 대성 측은 주지사의 사생활 사진과 타블로이드 카드를 준비한다’로 옮겨 간다.,다음 회차에는 미쓰이가 더 큰 대가를 제시하자 대성 측은 주지사의 사생활 사진과 타블로이드 카드를 준비한다,직전 화의 ‘종일은 그레이든의 배후 거래를 확인하라 지시하고 쿠데타 중간보고서는 그를 구국 공로자로 발표한다’가 남긴 즉시 과제는 이번 실행으로 구체 성과로 확인된다.,미쓰이가 더 큰 대가를 제시하자 대성 측은 주지사의 사생활 사진과 타블로이드 카드를 준비한다; 주지사 압박과 롱비치 계약전,L29,high
834,성공시대 834화,계약Ⅰ,117616,117756,직전 화의 ‘종희가 입원 중인 최승필과 재회하고 종일은 주지사에게 압력을 가할 자료 수집을 승인한다’가 만든 조건에서 주지사 압박과 롱비치 계약전의 전환 단계가 시작된다.,‘종일이 압박 계획을 확정하는 동안 종희는 최승필의 재활을 돌보며 두 사람의 미래를 확인한다’까지 가기 전에 ‘미쓰이의 더 큰 뇌물과 종일의 출국금지가 이미 열린 계약을 다시 닫는다’라는 압력을 넘을 수 있는가가 이 화의 독자 질문이다.,그레이든의 이중거래를 막고 터미널 운영권을 서명까지 끌고 간다.,미쓰이가 더 큰 대가를 제시하자 대성 측은 주지사의 사생활 사진과 타블로이드 카드를 준비한다.,미쓰이의 더 큰 뇌물과 종일의 출국금지가 이미 열린 계약을 다시 닫는다.,사업 규모 축이 주지사 압박과 롱비치 계약전의 다음 단계로 이동한다.,유예: 조직 실행력과 장기 현금흐름의 기반을 넓힌다.,business,다음 판단의 기준이 ‘종일이 압박 계획을 확정하는 동안 종희는 최승필의 재활을 돌보며 두 사람의 미래를 확인한다’로 옮겨 간다.,다음 회차에는 종일이 압박 계획을 확정하는 동안 종희는 최승필의 재활을 돌보며 두 사람의 미래를 확인한다,직전 화의 ‘종희가 입원 중인 최승필과 재회하고 종일은 주지사에게 압력을 가할 자료 수집을 승인한다’가 남긴 즉시 과제는 이번 실행으로 결론을 미룬 채 다음 압력으로 넘어간다.,종일이 압박 계획을 확정하는 동안 종희는 최승필의 재활을 돌보며 두 사람의 미래를 확인한다; 주지사 압박과 롱비치 계약전,L29,high
835,성공시대 835화,계약Ⅰ,117757,117896,직전 화의 ‘미쓰이가 더 큰 대가를 제시하자 대성 측은 주지사의 사생활 사진과 타블로이드 카드를 준비한다’가 만든 조건에서 주지사 압박과 롱비치 계약전의 결산 단계가 시작된다.,‘타블로이드 압박과 주의회 경쟁자 그로브스의 교통채권 거래가 그레이든을 궁지로 몬다’까지 가기 전에 ‘미쓰이의 더 큰 뇌물과 종일의 출국금지가 이미 열린 계약을 다시 닫는다’라는 압력을 넘을 수 있는가가 이 화의 독자 질문이다.,그레이든의 이중거래를 막고 터미널 운영권을 서명까지 끌고 간다.,종일이 압박 계획을 확정하는 동안 종희는 최승필의 재활을 돌보며 두 사람의 미래를 확인한다.,미쓰이의 더 큰 뇌물과 종일의 출국금지가 이미 열린 계약을 다시 닫는다.,사업 규모 축이 주지사 압박과 롱비치 계약전의 가시적 결산으로 이동한다.,부분 지급: 경쟁자보다 먼저 물류·현장·시장 거점을 선점한다.,business,다음 판단의 기준이 ‘타블로이드 압박과 주의회 경쟁자 그로브스의 교통채권 거래가 그레이든을 궁지로 몬다’로 옮겨 간다.,다음 회차에는 타블로이드 압박과 주의회 경쟁자 그로브스의 교통채권 거래가 그레이든을 궁지로 몬다,직전 화의 ‘미쓰이가 더 큰 대가를 제시하자 대성 측은 주지사의 사생활 사진과 타블로이드 카드를 준비한다’가 남긴 즉시 과제는 이번 실행으로 일부 결과를 얻고 남은 비용만 다음 화로 넘긴다.,타블로이드 압박과 주의회 경쟁자 그로브스의 교통채권 거래가 그레이든을 궁지로 몬다; 다음 소제목 #계약Ⅱ,L29,high
836,성공시대 836화,계약Ⅱ,117897,118034,"직전 화의 ‘종일이 압박 계획을 확정하는 동안 종희는 최승필의 재활을 돌보며 두 사람의 미래를 확인한다’가 한 국면을 닫은 뒤, 이 화 안의 원문 #계약Ⅱ 전환이 롱비치 60퍼센트 지분 확보을 연다.",‘그레이든이 일본 지원을 접고 항만 당국에 대성 계약 재개를 지시한다’까지 가기 전에 ‘주지사가 끝까지 버티거나 일본 측이 공사 단계에서 보복하면 승인이 무력화된다’라는 압력을 넘을 수 있는가가 이 화의 독자 질문이다.,언론·의회 압박을 실제 터미널 지분과 운영권으로 바꾼다.,타블로이드 압박과 주의회 경쟁자 그로브스의 교통채권 거래가 그레이든을 궁지로 몬다.,주지사가 끝까지 버티거나 일본 측이 공사 단계에서 보복하면 승인이 무력화된다.,국제 지위 축이 롱비치 60퍼센트 지분 확보의 다음 단계로 이동한다.,유예: 말뿐이던 지지·명예가 표나 계약으로 환원된다.,status,다음 판단의 기준이 ‘그레이든이 일본 지원을 접고 항만 당국에 대성 계약 재개를 지시한다’로 옮겨 간다.,다음 회차에는 그레이든이 일본 지원을 접고 항만 당국에 대성 계약 재개를 지시한다,직전 화의 ‘종일이 압박 계획을 확정하는 동안 종희는 최승필의 재활을 돌보며 두 사람의 미래를 확인한다’가 남긴 즉시 과제는 이번 실행으로 결론을 미룬 채 다음 압력으로 넘어간다.,그레이든이 일본 지원을 접고 항만 당국에 대성 계약 재개를 지시한다; 롱비치 60퍼센트 지분 확보,L30,high
837,성공시대 837화,계약Ⅱ,118035,118186,직전 화의 ‘타블로이드 압박과 주의회 경쟁자 그로브스의 교통채권 거래가 그레이든을 궁지로 몬다’가 만든 조건에서 롱비치 60퍼센트 지분 확보의 압박 단계가 시작된다.,‘대성해운이 터미널 60퍼센트 지분과 1억 달러 선투자 계약을 맺고 미쓰이는 보복을 다짐한다’까지 가기 전에 ‘주지사가 끝까지 버티거나 일본 측이 공사 단계에서 보복하면 승인이 무력화된다’라는 압력을 넘을 수 있는가가 이 화의 독자 질문이다.,언론·의회 압박을 실제 터미널 지분과 운영권으로 바꾼다.,그레이든이 일본 지원을 접고 항만 당국에 대성 계약 재개를 지시한다.,주지사가 끝까지 버티거나 일본 측이 공사 단계에서 보복하면 승인이 무력화된다.,국제 지위 축이 롱비치 60퍼센트 지분 확보의 다음 단계로 이동한다.,유예: 적대 인물이 우군으로 바뀌어 영향력의 외연이 넓어진다.,status,다음 판단의 기준이 ‘대성해운이 터미널 60퍼센트 지분과 1억 달러 선투자 계약을 맺고 미쓰이는 보복을 다짐한다’로 옮겨 간다.,다음 회차에는 대성해운이 터미널 60퍼센트 지분과 1억 달러 선투자 계약을 맺고 미쓰이는 보복을 다짐한다,직전 화의 ‘타블로이드 압박과 주의회 경쟁자 그로브스의 교통채권 거래가 그레이든을 궁지로 몬다’가 남긴 즉시 과제는 이번 실행으로 결론을 미룬 채 다음 압력으로 넘어간다.,대성해운이 터미널 60퍼센트 지분과 1억 달러 선투자 계약을 맺고 미쓰이는 보복을 다짐한다; 롱비치 60퍼센트 지분 확보,L30,high
838,성공시대 838화,계약Ⅱ,118187,118317,직전 화의 ‘그레이든이 일본 지원을 접고 항만 당국에 대성 계약 재개를 지시한다’가 만든 조건에서 롱비치 60퍼센트 지분 확보의 압박 단계가 시작된다.,‘터미널 공사 지원이 시작되고 국내 선거전이 다시 달아오르는 사이 일본 임원이 LA에 온다’까지 가기 전에 ‘주지사가 끝까지 버티거나 일본 측이 공사 단계에서 보복하면 승인이 무력화된다’라는 압력을 넘을 수 있는가가 이 화의 독자 질문이다.,언론·의회 압박을 실제 터미널 지분과 운영권으로 바꾼다.,대성해운이 터미널 60퍼센트 지분과 1억 달러 선투자 계약을 맺고 미쓰이는 보복을 다짐한다.,주지사가 끝까지 버티거나 일본 측이 공사 단계에서 보복하면 승인이 무력화된다.,국제 지위 축이 롱비치 60퍼센트 지분 확보의 다음 단계로 이동한다.,유예: 국가적 성취가 종일과 실무진의 공적 보상으로 돌아온다.,status,다음 판단의 기준이 ‘터미널 공사 지원이 시작되고 국내 선거전이 다시 달아오르는 사이 일본 임원이 LA에 온다’로 옮겨 간다.,다음 회차에는 터미널 공사 지원이 시작되고 국내 선거전이 다시 달아오르는 사이 일본 임원이 LA에 온다,직전 화의 ‘그레이든이 일본 지원을 접고 항만 당국에 대성 계약 재개를 지시한다’가 남긴 즉시 과제는 이번 실행으로 결론을 미룬 채 다음 압력으로 넘어간다.,터미널 공사 지원이 시작되고 국내 선거전이 다시 달아오르는 사이 일본 임원이 LA에 온다; 롱비치 60퍼센트 지분 확보,L30,high
839,성공시대 839화,계약Ⅱ,118318,118457,직전 화의 ‘대성해운이 터미널 60퍼센트 지분과 1억 달러 선투자 계약을 맺고 미쓰이는 보복을 다짐한다’가 만든 조건에서 롱비치 60퍼센트 지분 확보의 전환 단계가 시작된다.,‘일본 측이 현지 방해 수단을 찾고 종일은 김종필의 귀국 소식을 듣는다’까지 가기 전에 ‘주지사가 끝까지 버티거나 일본 측이 공사 단계에서 보복하면 승인이 무력화된다’라는 압력을 넘을 수 있는가가 이 화의 독자 질문이다.,언론·의회 압박을 실제 터미널 지분과 운영권으로 바꾼다.,터미널 공사 지원이 시작되고 국내 선거전이 다시 달아오르는 사이 일본 임원이 LA에 온다.,주지사가 끝까지 버티거나 일본 측이 공사 단계에서 보복하면 승인이 무력화된다.,국제 지위 축이 롱비치 60퍼센트 지분 확보의 다음 단계로 이동한다.,유예: 서울 또는 대성의 국제 신뢰와 협상력이 한 단계 오른다.,status,다음 판단의 기준이 ‘일본 측이 현지 방해 수단을 찾고 종일은 김종필의 귀국 소식을 듣는다’로 옮겨 간다.,다음 회차에는 일본 측이 현지 방해 수단을 찾고 종일은 김종필의 귀국 소식을 듣는다,직전 화의 ‘대성해운이 터미널 60퍼센트 지분과 1억 달러 선투자 계약을 맺고 미쓰이는 보복을 다짐한다’가 남긴 즉시 과제는 이번 실행으로 결론을 미룬 채 다음 압력으로 넘어간다.,일본 측이 현지 방해 수단을 찾고 종일은 김종필의 귀국 소식을 듣는다; 롱비치 60퍼센트 지분 확보,L30,high
840,성공시대 840화,계약Ⅱ,118458,118614,직전 화의 ‘터미널 공사 지원이 시작되고 국내 선거전이 다시 달아오르는 사이 일본 임원이 LA에 온다’가 만든 조건에서 롱비치 60퍼센트 지분 확보의 전환 단계가 시작된다.,‘종일은 차기 권력과 거리를 두려 정치헌금을 줄이고 김종필은 귀국길에 오른다’까지 가기 전에 ‘주지사가 끝까지 버티거나 일본 측이 공사 단계에서 보복하면 승인이 무력화된다’라는 압력을 넘을 수 있는가가 이 화의 독자 질문이다.,언론·의회 압박을 실제 터미널 지분과 운영권으로 바꾼다.,일본 측이 현지 방해 수단을 찾고 종일은 김종필의 귀국 소식을 듣는다.,주지사가 끝까지 버티거나 일본 측이 공사 단계에서 보복하면 승인이 무력화된다.,국제 지위 축이 롱비치 60퍼센트 지분 확보의 다음 단계로 이동한다.,유예: 말뿐이던 지지·명예가 표나 계약으로 환원된다.,status,다음 판단의 기준이 ‘종일은 차기 권력과 거리를 두려 정치헌금을 줄이고 김종필은 귀국길에 오른다’로 옮겨 간다.,다음 회차에는 종일은 차기 권력과 거리를 두려 정치헌금을 줄이고 김종필은 귀국길에 오른다,직전 화의 ‘터미널 공사 지원이 시작되고 국내 선거전이 다시 달아오르는 사이 일본 임원이 LA에 온다’가 남긴 즉시 과제는 이번 실행으로 결론을 미룬 채 다음 압력으로 넘어간다.,종일은 차기 권력과 거리를 두려 정치헌금을 줄이고 김종필은 귀국길에 오른다; 롱비치 60퍼센트 지분 확보,L30,high
841,성공시대 841화,계약Ⅱ,118615,118740,직전 화의 ‘일본 측이 현지 방해 수단을 찾고 종일은 김종필의 귀국 소식을 듣는다’가 만든 조건에서 롱비치 60퍼센트 지분 확보의 결산 단계가 시작된다.,‘김종필 귀국 환영 속 LA타임스가 주지사 자산을 파고들며 새 협상 여지가 생긴다’까지 가기 전에 ‘주지사가 끝까지 버티거나 일본 측이 공사 단계에서 보복하면 승인이 무력화된다’라는 압력을 넘을 수 있는가가 이 화의 독자 질문이다.,언론·의회 압박을 실제 터미널 지분과 운영권으로 바꾼다.,종일은 차기 권력과 거리를 두려 정치헌금을 줄이고 김종필은 귀국길에 오른다.,주지사가 끝까지 버티거나 일본 측이 공사 단계에서 보복하면 승인이 무력화된다.,국제 지위 축이 롱비치 60퍼센트 지분 확보의 가시적 결산으로 이동한다.,부분 지급: 적대 인물이 우군으로 바뀌어 영향력의 외연이 넓어진다.,status,다음 판단의 기준이 ‘김종필 귀국 환영 속 LA타임스가 주지사 자산을 파고들며 새 협상 여지가 생긴다’로 옮겨 간다.,다음 회차에는 김종필 귀국 환영 속 LA타임스가 주지사 자산을 파고들며 새 협상 여지가 생긴다,직전 화의 ‘일본 측이 현지 방해 수단을 찾고 종일은 김종필의 귀국 소식을 듣는다’가 남긴 즉시 과제는 이번 실행으로 일부 결과를 얻고 남은 비용만 다음 화로 넘긴다.,김종필 귀국 환영 속 LA타임스가 주지사 자산을 파고들며 새 협상 여지가 생긴다; 다음 소제목 #뜻밖의 행운,L30,high
842,성공시대 842화,뜻밖의 행운,118741,118868,"직전 화의 ‘종일은 차기 권력과 거리를 두려 정치헌금을 줄이고 김종필은 귀국길에 오른다’가 한 국면을 닫은 뒤, 이 화 안의 원문 #뜻밖의 행운 전환이 LA 야적장 획득과 정치 거리두기을 연다.",‘그레이든이 호텔·골프장을 지키는 대신 롱비치 야적장 우선권을 대성에 제안한다’까지 가기 전에 ‘주지사 자산 수사와 차기 권력의 압력이 기업·개인의 독립을 동시에 잠식한다’라는 압력을 넘을 수 있는가가 이 화의 독자 질문이다.,롱비치 배후 부지를 확보하고 김종필의 정치 참여 요구에는 선을 긋는다.,김종필 귀국 환영 속 LA타임스가 주지사 자산을 파고들며 새 협상 여지가 생긴다.,주지사 자산 수사와 차기 권력의 압력이 기업·개인의 독립을 동시에 잠식한다.,사업 규모 축이 LA 야적장 획득과 정치 거리두기의 다음 단계로 이동한다.,유예: 계약·자금·기술 가운데 하나가 실제 자산으로 남는다.,business,다음 판단의 기준이 ‘그레이든이 호텔·골프장을 지키는 대신 롱비치 야적장 우선권을 대성에 제안한다’로 옮겨 간다.,다음 회차에는 그레이든이 호텔·골프장을 지키는 대신 롱비치 야적장 우선권을 대성에 제안한다,직전 화의 ‘종일은 차기 권력과 거리를 두려 정치헌금을 줄이고 김종필은 귀국길에 오른다’가 남긴 즉시 과제는 이번 실행으로 결론을 미룬 채 다음 압력으로 넘어간다.,그레이든이 호텔·골프장을 지키는 대신 롱비치 야적장 우선권을 대성에 제안한다; LA 야적장 획득과 정치 거리두기,L31,high
843,성공시대 843화,뜻밖의 행운,118869,119001,직전 화의 ‘김종필 귀국 환영 속 LA타임스가 주지사 자산을 파고들며 새 협상 여지가 생긴다’가 만든 조건에서 LA 야적장 획득과 정치 거리두기의 압박 단계가 시작된다.,‘종일이 임대보다 매입을 택하고 황혜미에게 과거에서 벗어나 자기 삶을 살라고 말한다’까지 가기 전에 ‘주지사 자산 수사와 차기 권력의 압력이 기업·개인의 독립을 동시에 잠식한다’라는 압력을 넘을 수 있는가가 이 화의 독자 질문이다.,롱비치 배후 부지를 확보하고 김종필의 정치 참여 요구에는 선을 긋는다.,그레이든이 호텔·골프장을 지키는 대신 롱비치 야적장 우선권을 대성에 제안한다.,주지사 자산 수사와 차기 권력의 압력이 기업·개인의 독립을 동시에 잠식한다.,사업 규모 축이 LA 야적장 획득과 정치 거리두기의 다음 단계로 이동한다.,유예: 다음 투자 판단에 필요한 가격과 위험을 확보한다.,business,다음 판단의 기준이 ‘종일이 임대보다 매입을 택하고 황혜미에게 과거에서 벗어나 자기 삶을 살라고 말한다’로 옮겨 간다.,다음 회차에는 종일이 임대보다 매입을 택하고 황혜미에게 과거에서 벗어나 자기 삶을 살라고 말한다,직전 화의 ‘김종필 귀국 환영 속 LA타임스가 주지사 자산을 파고들며 새 협상 여지가 생긴다’가 남긴 즉시 과제는 이번 실행으로 결론을 미룬 채 다음 압력으로 넘어간다.,종일이 임대보다 매입을 택하고 황혜미에게 과거에서 벗어나 자기 삶을 살라고 말한다; LA 야적장 획득과 정치 거리두기,L31,high
844,성공시대 844화,뜻밖의 행운,119002,119156,직전 화의 ‘그레이든이 호텔·골프장을 지키는 대신 롱비치 야적장 우선권을 대성에 제안한다’가 만든 조건에서 LA 야적장 획득과 정치 거리두기의 전환 단계가 시작된다.,‘김종필이 정치적 지원을 청하지만 종일은 참여를 거절하고 출국금지 해제를 요구한다’까지 가기 전에 ‘주지사 자산 수사와 차기 권력의 압력이 기업·개인의 독립을 동시에 잠식한다’라는 압력을 넘을 수 있는가가 이 화의 독자 질문이다.,롱비치 배후 부지를 확보하고 김종필의 정치 참여 요구에는 선을 긋는다.,종일이 임대보다 매입을 택하고 황혜미에게 과거에서 벗어나 자기 삶을 살라고 말한다.,주지사 자산 수사와 차기 권력의 압력이 기업·개인의 독립을 동시에 잠식한다.,사업 규모 축이 LA 야적장 획득과 정치 거리두기의 다음 단계로 이동한다.,유예: 조직 실행력과 장기 현금흐름의 기반을 넓힌다.,business,다음 판단의 기준이 ‘김종필이 정치적 지원을 청하지만 종일은 참여를 거절하고 출국금지 해제를 요구한다’로 옮겨 간다.,다음 회차에는 김종필이 정치적 지원을 청하지만 종일은 참여를 거절하고 출국금지 해제를 요구한다,직전 화의 ‘그레이든이 호텔·골프장을 지키는 대신 롱비치 야적장 우선권을 대성에 제안한다’가 남긴 즉시 과제는 이번 실행으로 결론을 미룬 채 다음 압력으로 넘어간다.,김종필이 정치적 지원을 청하지만 종일은 참여를 거절하고 출국금지 해제를 요구한다; LA 야적장 획득과 정치 거리두기,L31,high
845,성공시대 845화,뜻밖의 행운,119157,119284,직전 화의 ‘종일이 임대보다 매입을 택하고 황혜미에게 과거에서 벗어나 자기 삶을 살라고 말한다’가 만든 조건에서 LA 야적장 획득과 정치 거리두기의 전환 단계가 시작된다.,‘종일은 총선 기간 현영과 해외에 나가기로 하고 김종필은 공화당 총재로 선거를 지휘한다’까지 가기 전에 ‘주지사 자산 수사와 차기 권력의 압력이 기업·개인의 독립을 동시에 잠식한다’라는 압력을 넘을 수 있는가가 이 화의 독자 질문이다.,롱비치 배후 부지를 확보하고 김종필의 정치 참여 요구에는 선을 긋는다.,김종필이 정치적 지원을 청하지만 종일은 참여를 거절하고 출국금지 해제를 요구한다.,주지사 자산 수사와 차기 권력의 압력이 기업·개인의 독립을 동시에 잠식한다.,사업 규모 축이 LA 야적장 획득과 정치 거리두기의 다음 단계로 이동한다.,유예: 경쟁자보다 먼저 물류·현장·시장 거점을 선점한다.,business,다음 판단의 기준이 ‘종일은 총선 기간 현영과 해외에 나가기로 하고 김종필은 공화당 총재로 선거를 지휘한다’로 옮겨 간다.,다음 회차에는 종일은 총선 기간 현영과 해외에 나가기로 하고 김종필은 공화당 총재로 선거를 지휘한다,직전 화의 ‘종일이 임대보다 매입을 택하고 황혜미에게 과거에서 벗어나 자기 삶을 살라고 말한다’가 남긴 즉시 과제는 이번 실행으로 결론을 미룬 채 다음 압력으로 넘어간다.,종일은 총선 기간 현영과 해외에 나가기로 하고 김종필은 공화당 총재로 선거를 지휘한다; LA 야적장 획득과 정치 거리두기,L31,high
846,성공시대 846화,뜻밖의 행운,119285,119415,직전 화의 ‘김종필이 정치적 지원을 청하지만 종일은 참여를 거절하고 출국금지 해제를 요구한다’가 만든 조건에서 LA 야적장 획득과 정치 거리두기의 결산 단계가 시작된다.,‘총선 비방전 속 미쓰이의 대성 뇌물 폭로가 힘을 잃고 종일 부부는 파리행을 준비한다’까지 가기 전에 ‘주지사 자산 수사와 차기 권력의 압력이 기업·개인의 독립을 동시에 잠식한다’라는 압력을 넘을 수 있는가가 이 화의 독자 질문이다.,롱비치 배후 부지를 확보하고 김종필의 정치 참여 요구에는 선을 긋는다.,종일은 총선 기간 현영과 해외에 나가기로 하고 김종필은 공화당 총재로 선거를 지휘한다.,주지사 자산 수사와 차기 권력의 압력이 기업·개인의 독립을 동시에 잠식한다.,사업 규모 축이 LA 야적장 획득과 정치 거리두기의 가시적 결산으로 이동한다.,부분 지급: 계약·자금·기술 가운데 하나가 실제 자산으로 남는다.,business,다음 판단의 기준이 ‘총선 비방전 속 미쓰이의 대성 뇌물 폭로가 힘을 잃고 종일 부부는 파리행을 준비한다’로 옮겨 간다.,다음 회차에는 총선 비방전 속 미쓰이의 대성 뇌물 폭로가 힘을 잃고 종일 부부는 파리행을 준비한다,직전 화의 ‘김종필이 정치적 지원을 청하지만 종일은 참여를 거절하고 출국금지 해제를 요구한다’가 남긴 즉시 과제는 이번 실행으로 일부 결과를 얻고 남은 비용만 다음 화로 넘긴다.,총선 비방전 속 미쓰이의 대성 뇌물 폭로가 힘을 잃고 종일 부부는 파리행을 준비한다; 다음 소제목 #파리,L31,high
847,성공시대 847화,파리,119416,119535,"직전 화의 ‘종일은 총선 기간 현영과 해외에 나가기로 하고 김종필은 공화당 총재로 선거를 지휘한다’가 한 국면을 닫은 뒤, 이 화 안의 원문 #파리 전환이 파리 휴식과 미쓰이 역공 좌절을 연다.",‘캘리포니아가 일본 선박 텐유호를 안전검사로 붙잡아 미쓰이의 보복에 맞선다’까지 가기 전에 ‘미쓰이의 로비와 국내 총선 진흙탕이 해외 휴식과 롱비치 확장을 동시에 침범한다’라는 압력을 넘을 수 있는가가 이 화의 독자 질문이다.,선거판에서 거리를 둔 채 부부 시간을 회복하고 미국 물류 자산을 방어한다.,총선 비방전 속 미쓰이의 대성 뇌물 폭로가 힘을 잃고 종일 부부는 파리행을 준비한다.,미쓰이의 로비와 국내 총선 진흙탕이 해외 휴식과 롱비치 확장을 동시에 침범한다.,가족·관계 축이 파리 휴식과 미쓰이 역공 좌절의 다음 단계로 이동한다.,유예: 성취의 대가였던 거리감이 함께 보내는 시간으로 보상된다.,relationship,다음 판단의 기준이 ‘캘리포니아가 일본 선박 텐유호를 안전검사로 붙잡아 미쓰이의 보복에 맞선다’로 옮겨 간다.,다음 회차에는 캘리포니아가 일본 선박 텐유호를 안전검사로 붙잡아 미쓰이의 보복에 맞선다,직전 화의 ‘종일은 총선 기간 현영과 해외에 나가기로 하고 김종필은 공화당 총재로 선거를 지휘한다’가 남긴 즉시 과제는 이번 실행으로 결론을 미룬 채 다음 압력으로 넘어간다.,캘리포니아가 일본 선박 텐유호를 안전검사로 붙잡아 미쓰이의 보복에 맞선다; 파리 휴식과 미쓰이 역공 좌절,L32,high
848,성공시대 848화,파리,119536,119676,직전 화의 ‘총선 비방전 속 미쓰이의 대성 뇌물 폭로가 힘을 잃고 종일 부부는 파리행을 준비한다’가 만든 조건에서 파리 휴식과 미쓰이 역공 좌절의 압박 단계가 시작된다.,‘그레이든의 강경 검사 방침 속 종일 가족은 부모 방문과 출국 준비로 북적인다’까지 가기 전에 ‘미쓰이의 로비와 국내 총선 진흙탕이 해외 휴식과 롱비치 확장을 동시에 침범한다’라는 압력을 넘을 수 있는가가 이 화의 독자 질문이다.,선거판에서 거리를 둔 채 부부 시간을 회복하고 미국 물류 자산을 방어한다.,캘리포니아가 일본 선박 텐유호를 안전검사로 붙잡아 미쓰이의 보복에 맞선다.,미쓰이의 로비와 국내 총선 진흙탕이 해외 휴식과 롱비치 확장을 동시에 침범한다.,가족·관계 축이 파리 휴식과 미쓰이 역공 좌절의 다음 단계로 이동한다.,유예: 다음 세대의 탄생·진로·결혼이 가족의 미래를 갱신한다.,relationship,다음 판단의 기준이 ‘그레이든의 강경 검사 방침 속 종일 가족은 부모 방문과 출국 준비로 북적인다’로 옮겨 간다.,다음 회차에는 그레이든의 강경 검사 방침 속 종일 가족은 부모 방문과 출국 준비로 북적인다,직전 화의 ‘총선 비방전 속 미쓰이의 대성 뇌물 폭로가 힘을 잃고 종일 부부는 파리행을 준비한다’가 남긴 즉시 과제는 이번 실행으로 결론을 미룬 채 다음 압력으로 넘어간다.,그레이든의 강경 검사 방침 속 종일 가족은 부모 방문과 출국 준비로 북적인다; 파리 휴식과 미쓰이 역공 좌절,L32,high
849,성공시대 849화,파리,119677,119817,직전 화의 ‘캘리포니아가 일본 선박 텐유호를 안전검사로 붙잡아 미쓰이의 보복에 맞선다’가 만든 조건에서 파리 휴식과 미쓰이 역공 좌절의 압박 단계가 시작된다.,‘주지사가 야적장 매각은 거부하고 10년 임대안을 내놓자 종일은 새 손익을 계산한다’까지 가기 전에 ‘미쓰이의 로비와 국내 총선 진흙탕이 해외 휴식과 롱비치 확장을 동시에 침범한다’라는 압력을 넘을 수 있는가가 이 화의 독자 질문이다.,선거판에서 거리를 둔 채 부부 시간을 회복하고 미국 물류 자산을 방어한다.,그레이든의 강경 검사 방침 속 종일 가족은 부모 방문과 출국 준비로 북적인다.,미쓰이의 로비와 국내 총선 진흙탕이 해외 휴식과 롱비치 확장을 동시에 침범한다.,가족·관계 축이 파리 휴식과 미쓰이 역공 좌절의 다음 단계로 이동한다.,유예: 가족과 연인이 서로의 선택을 확인한다.,relationship,다음 판단의 기준이 ‘주지사가 야적장 매각은 거부하고 10년 임대안을 내놓자 종일은 새 손익을 계산한다’로 옮겨 간다.,다음 회차에는 주지사가 야적장 매각은 거부하고 10년 임대안을 내놓자 종일은 새 손익을 계산한다,직전 화의 ‘캘리포니아가 일본 선박 텐유호를 안전검사로 붙잡아 미쓰이의 보복에 맞선다’가 남긴 즉시 과제는 이번 실행으로 결론을 미룬 채 다음 압력으로 넘어간다.,주지사가 야적장 매각은 거부하고 10년 임대안을 내놓자 종일은 새 손익을 계산한다; 파리 휴식과 미쓰이 역공 좌절,L32,high
850,성공시대 850화,파리,119818,119977,직전 화의 ‘그레이든의 강경 검사 방침 속 종일 가족은 부모 방문과 출국 준비로 북적인다’가 만든 조건에서 파리 휴식과 미쓰이 역공 좌절의 압박 단계가 시작된다.,‘종일이 임대 절충안을 받아들이고 김종필은 쿠데타 보고서 공개 시점과 선거자금을 통제한다’까지 가기 전에 ‘미쓰이의 로비와 국내 총선 진흙탕이 해외 휴식과 롱비치 확장을 동시에 침범한다’라는 압력을 넘을 수 있는가가 이 화의 독자 질문이다.,선거판에서 거리를 둔 채 부부 시간을 회복하고 미국 물류 자산을 방어한다.,주지사가 야적장 매각은 거부하고 10년 임대안을 내놓자 종일은 새 손익을 계산한다.,미쓰이의 로비와 국내 총선 진흙탕이 해외 휴식과 롱비치 확장을 동시에 침범한다.,가족·관계 축이 파리 휴식과 미쓰이 역공 좌절의 다음 단계로 이동한다.,유예: 부재와 오해 뒤 돌봄·신뢰가 구체적 행동으로 돌아온다.,relationship,다음 판단의 기준이 ‘종일이 임대 절충안을 받아들이고 김종필은 쿠데타 보고서 공개 시점과 선거자금을 통제한다’로 옮겨 간다.,다음 회차에는 종일이 임대 절충안을 받아들이고 김종필은 쿠데타 보고서 공개 시점과 선거자금을 통제한다,직전 화의 ‘그레이든의 강경 검사 방침 속 종일 가족은 부모 방문과 출국 준비로 북적인다’가 남긴 즉시 과제는 이번 실행으로 결론을 미룬 채 다음 압력으로 넘어간다.,종일이 임대 절충안을 받아들이고 김종필은 쿠데타 보고서 공개 시점과 선거자금을 통제한다; 파리 휴식과 미쓰이 역공 좌절,L32,high
851,성공시대 851화,파리,119978,120109,직전 화의 ‘주지사가 야적장 매각은 거부하고 10년 임대안을 내놓자 종일은 새 손익을 계산한다’가 만든 조건에서 파리 휴식과 미쓰이 역공 좌절의 전환 단계가 시작된다.,‘종일과 현영이 총선을 피해 파리로 떠나 부부만의 장기 여행을 시작한다’까지 가기 전에 ‘미쓰이의 로비와 국내 총선 진흙탕이 해외 휴식과 롱비치 확장을 동시에 침범한다’라는 압력을 넘을 수 있는가가 이 화의 독자 질문이다.,선거판에서 거리를 둔 채 부부 시간을 회복하고 미국 물류 자산을 방어한다.,종일이 임대 절충안을 받아들이고 김종필은 쿠데타 보고서 공개 시점과 선거자금을 통제한다.,미쓰이의 로비와 국내 총선 진흙탕이 해외 휴식과 롱비치 확장을 동시에 침범한다.,가족·관계 축이 파리 휴식과 미쓰이 역공 좌절의 다음 단계로 이동한다.,유예: 성취의 대가였던 거리감이 함께 보내는 시간으로 보상된다.,relationship,다음 판단의 기준이 ‘종일과 현영이 총선을 피해 파리로 떠나 부부만의 장기 여행을 시작한다’로 옮겨 간다.,다음 회차에는 종일과 현영이 총선을 피해 파리로 떠나 부부만의 장기 여행을 시작한다,직전 화의 ‘주지사가 야적장 매각은 거부하고 10년 임대안을 내놓자 종일은 새 손익을 계산한다’가 남긴 즉시 과제는 이번 실행으로 결론을 미룬 채 다음 압력으로 넘어간다.,종일과 현영이 총선을 피해 파리로 떠나 부부만의 장기 여행을 시작한다; 파리 휴식과 미쓰이 역공 좌절,L32,high
852,성공시대 852화,파리,120110,120253,직전 화의 ‘종일이 임대 절충안을 받아들이고 김종필은 쿠데타 보고서 공개 시점과 선거자금을 통제한다’가 만든 조건에서 파리 휴식과 미쓰이 역공 좌절의 결산 단계가 시작된다.,‘파리 호텔에 도착한 두 사람이 권력·사업의 소음에서 벗어나 관계 보상을 누린다’까지 가기 전에 ‘미쓰이의 로비와 국내 총선 진흙탕이 해외 휴식과 롱비치 확장을 동시에 침범한다’라는 압력을 넘을 수 있는가가 이 화의 독자 질문이다.,선거판에서 거리를 둔 채 부부 시간을 회복하고 미국 물류 자산을 방어한다.,종일과 현영이 총선을 피해 파리로 떠나 부부만의 장기 여행을 시작한다.,미쓰이의 로비와 국내 총선 진흙탕이 해외 휴식과 롱비치 확장을 동시에 침범한다.,가족·관계 축이 파리 휴식과 미쓰이 역공 좌절의 가시적 결산으로 이동한다.,부분 지급: 다음 세대의 탄생·진로·결혼이 가족의 미래를 갱신한다.,relationship,다음 판단의 기준이 ‘파리 호텔에 도착한 두 사람이 권력·사업의 소음에서 벗어나 관계 보상을 누린다’로 옮겨 간다.,다음 회차에는 파리 호텔에 도착한 두 사람이 권력·사업의 소음에서 벗어나 관계 보상을 누린다,직전 화의 ‘종일이 임대 절충안을 받아들이고 김종필은 쿠데타 보고서 공개 시점과 선거자금을 통제한다’가 남긴 즉시 과제는 이번 실행으로 일부 결과를 얻고 남은 비용만 다음 화로 넘긴다.,파리 호텔에 도착한 두 사람이 권력·사업의 소음에서 벗어나 관계 보상을 누린다; 파리 휴식과 미쓰이 역공 좌절,L32,high
853,성공시대 853화,파리,120254,120390,직전 화의 ‘종일과 현영이 총선을 피해 파리로 떠나 부부만의 장기 여행을 시작한다’가 만든 조건에서 파리 휴식과 미쓰이 역공 좌절의 결산 단계가 시작된다.,‘일본이 파하드를 만났다는 소식에 종일은 일본 잡지의 중동 졸부 비하 인터뷰를 찾아낸다’까지 가기 전에 ‘미쓰이의 로비와 국내 총선 진흙탕이 해외 휴식과 롱비치 확장을 동시에 침범한다’라는 압력을 넘을 수 있는가가 이 화의 독자 질문이다.,선거판에서 거리를 둔 채 부부 시간을 회복하고 미국 물류 자산을 방어한다.,파리 호텔에 도착한 두 사람이 권력·사업의 소음에서 벗어나 관계 보상을 누린다.,미쓰이의 로비와 국내 총선 진흙탕이 해외 휴식과 롱비치 확장을 동시에 침범한다.,가족·관계 축이 파리 휴식과 미쓰이 역공 좌절의 가시적 결산으로 이동한다.,지급: 가족과 연인이 서로의 선택을 확인한다.,relationship,다음 판단의 기준이 ‘일본이 파하드를 만났다는 소식에 종일은 일본 잡지의 중동 졸부 비하 인터뷰를 찾아낸다’로 옮겨 간다.,다음 회차에는 일본이 파하드를 만났다는 소식에 종일은 일본 잡지의 중동 졸부 비하 인터뷰를 찾아낸다,직전 화의 ‘종일과 현영이 총선을 피해 파리로 떠나 부부만의 장기 여행을 시작한다’가 남긴 즉시 과제는 이번 실행으로 구체 성과로 확인된다.,일본이 파하드를 만났다는 소식에 종일은 일본 잡지의 중동 졸부 비하 인터뷰를 찾아낸다; 다음 소제목 #설득,L32,high
854,성공시대 854화,설득,120391,120523,"직전 화의 ‘파리 호텔에 도착한 두 사람이 권력·사업의 소음에서 벗어나 관계 보상을 누린다’가 한 국면을 닫은 뒤, 이 화 안의 원문 #설득 전환이 파하드 설득과 핸드볼 회장 카드을 연다.",‘종일이 잡지를 보여 주자 파하드는 분노하지만 서울 지지는 마음을 움직일 대가가 필요하다고 한다’까지 가기 전에 ‘일본의 중동 비하 발언과 파하드의 자존심이 표를 얻기 전 외교 갈등으로만 끝날 수 있다’라는 압력을 넘을 수 있는가가 이 화의 독자 질문이다.,일본의 회유를 깨고 파하드를 서울 올림픽의 적극 지지자로 만든다.,일본이 파하드를 만났다는 소식에 종일은 일본 잡지의 중동 졸부 비하 인터뷰를 찾아낸다.,일본의 중동 비하 발언과 파하드의 자존심이 표를 얻기 전 외교 갈등으로만 끝날 수 있다.,국제 지위 축이 파하드 설득과 핸드볼 회장 카드의 다음 단계로 이동한다.,유예: 적대 인물이 우군으로 바뀌어 영향력의 외연이 넓어진다.,status,다음 판단의 기준이 ‘종일이 잡지를 보여 주자 파하드는 분노하지만 서울 지지는 마음을 움직일 대가가 필요하다고 한다’로 옮겨 간다.,다음 회차에는 종일이 잡지를 보여 주자 파하드는 분노하지만 서울 지지는 마음을 움직일 대가가 필요하다고 한다,직전 화의 ‘파리 호텔에 도착한 두 사람이 권력·사업의 소음에서 벗어나 관계 보상을 누린다’가 남긴 즉시 과제는 이번 실행으로 결론을 미룬 채 다음 압력으로 넘어간다.,종일이 잡지를 보여 주자 파하드는 분노하지만 서울 지지는 마음을 움직일 대가가 필요하다고 한다; 파하드 설득과 핸드볼 회장 카드,L33,high
855,성공시대 855화,설득,120524,120645,직전 화의 ‘일본이 파하드를 만났다는 소식에 종일은 일본 잡지의 중동 졸부 비하 인터뷰를 찾아낸다’가 만든 조건에서 파하드 설득과 핸드볼 회장 카드의 압박 단계가 시작된다.,‘부부가 루브르를 돌아보는 동안 파하드는 일본 관계를 끊고 종일의 다음 제안을 기다린다’까지 가기 전에 ‘일본의 중동 비하 발언과 파하드의 자존심이 표를 얻기 전 외교 갈등으로만 끝날 수 있다’라는 압력을 넘을 수 있는가가 이 화의 독자 질문이다.,일본의 회유를 깨고 파하드를 서울 올림픽의 적극 지지자로 만든다.,종일이 잡지를 보여 주자 파하드는 분노하지만 서울 지지는 마음을 움직일 대가가 필요하다고 한다.,일본의 중동 비하 발언과 파하드의 자존심이 표를 얻기 전 외교 갈등으로만 끝날 수 있다.,국제 지위 축이 파하드 설득과 핸드볼 회장 카드의 다음 단계로 이동한다.,지급: 국가적 성취가 종일과 실무진의 공적 보상으로 돌아온다.,status,다음 판단의 기준이 ‘부부가 루브르를 돌아보는 동안 파하드는 일본 관계를 끊고 종일의 다음 제안을 기다린다’로 옮겨 간다.,다음 회차에는 부부가 루브르를 돌아보는 동안 파하드는 일본 관계를 끊고 종일의 다음 제안을 기다린다,직전 화의 ‘일본이 파하드를 만났다는 소식에 종일은 일본 잡지의 중동 졸부 비하 인터뷰를 찾아낸다’가 남긴 즉시 과제는 이번 실행으로 구체 성과로 확인된다.,부부가 루브르를 돌아보는 동안 파하드는 일본 관계를 끊고 종일의 다음 제안을 기다린다; 파하드 설득과 핸드볼 회장 카드,L33,high
856,성공시대 856화,설득,120646,120770,직전 화의 ‘종일이 잡지를 보여 주자 파하드는 분노하지만 서울 지지는 마음을 움직일 대가가 필요하다고 한다’가 만든 조건에서 파하드 설득과 핸드볼 회장 카드의 압박 단계가 시작된다.,‘일본 대표단이 잡지 원문을 확인하고 파하드 설득 실패를 깨닫는다’까지 가기 전에 ‘일본의 중동 비하 발언과 파하드의 자존심이 표를 얻기 전 외교 갈등으로만 끝날 수 있다’라는 압력을 넘을 수 있는가가 이 화의 독자 질문이다.,일본의 회유를 깨고 파하드를 서울 올림픽의 적극 지지자로 만든다.,부부가 루브르를 돌아보는 동안 파하드는 일본 관계를 끊고 종일의 다음 제안을 기다린다.,일본의 중동 비하 발언과 파하드의 자존심이 표를 얻기 전 외교 갈등으로만 끝날 수 있다.,국제 지위 축이 파하드 설득과 핸드볼 회장 카드의 다음 단계로 이동한다.,유예: 서울 또는 대성의 국제 신뢰와 협상력이 한 단계 오른다.,status,다음 판단의 기준이 ‘일본 대표단이 잡지 원문을 확인하고 파하드 설득 실패를 깨닫는다’로 옮겨 간다.,다음 회차에는 일본 대표단이 잡지 원문을 확인하고 파하드 설득 실패를 깨닫는다,직전 화의 ‘종일이 잡지를 보여 주자 파하드는 분노하지만 서울 지지는 마음을 움직일 대가가 필요하다고 한다’가 남긴 즉시 과제는 이번 실행으로 결론을 미룬 채 다음 압력으로 넘어간다.,일본 대표단이 잡지 원문을 확인하고 파하드 설득 실패를 깨닫는다; 파하드 설득과 핸드볼 회장 카드,L33,high
857,성공시대 857화,설득,120771,120930,직전 화의 ‘부부가 루브르를 돌아보는 동안 파하드는 일본 관계를 끊고 종일의 다음 제안을 기다린다’가 만든 조건에서 파하드 설득과 핸드볼 회장 카드의 전환 단계가 시작된다.,‘종일은 쿠웨이트 지사와 대책을 짜 파하드를 세계핸드볼연맹 회장으로 밀 방안을 찾는다’까지 가기 전에 ‘일본의 중동 비하 발언과 파하드의 자존심이 표를 얻기 전 외교 갈등으로만 끝날 수 있다’라는 압력을 넘을 수 있는가가 이 화의 독자 질문이다.,일본의 회유를 깨고 파하드를 서울 올림픽의 적극 지지자로 만든다.,일본 대표단이 잡지 원문을 확인하고 파하드 설득 실패를 깨닫는다.,일본의 중동 비하 발언과 파하드의 자존심이 표를 얻기 전 외교 갈등으로만 끝날 수 있다.,국제 지위 축이 파하드 설득과 핸드볼 회장 카드의 다음 단계로 이동한다.,유예: 말뿐이던 지지·명예가 표나 계약으로 환원된다.,status,다음 판단의 기준이 ‘종일은 쿠웨이트 지사와 대책을 짜 파하드를 세계핸드볼연맹 회장으로 밀 방안을 찾는다’로 옮겨 간다.,다음 회차에는 종일은 쿠웨이트 지사와 대책을 짜 파하드를 세계핸드볼연맹 회장으로 밀 방안을 찾는다,직전 화의 ‘부부가 루브르를 돌아보는 동안 파하드는 일본 관계를 끊고 종일의 다음 제안을 기다린다’가 남긴 즉시 과제는 이번 실행으로 결론을 미룬 채 다음 압력으로 넘어간다.,종일은 쿠웨이트 지사와 대책을 짜 파하드를 세계핸드볼연맹 회장으로 밀 방안을 찾는다; 파하드 설득과 핸드볼 회장 카드,L33,high
858,성공시대 858화,설득,120931,121055,직전 화의 ‘일본 대표단이 잡지 원문을 확인하고 파하드 설득 실패를 깨닫는다’가 만든 조건에서 파하드 설득과 핸드볼 회장 카드의 전환 단계가 시작된다.,‘파하드 회장 만들기 카드가 구체화되자 일본은 현직 회장 블랭크를 통한 역공을 준비한다’까지 가기 전에 ‘일본의 중동 비하 발언과 파하드의 자존심이 표를 얻기 전 외교 갈등으로만 끝날 수 있다’라는 압력을 넘을 수 있는가가 이 화의 독자 질문이다.,일본의 회유를 깨고 파하드를 서울 올림픽의 적극 지지자로 만든다.,종일은 쿠웨이트 지사와 대책을 짜 파하드를 세계핸드볼연맹 회장으로 밀 방안을 찾는다.,일본의 중동 비하 발언과 파하드의 자존심이 표를 얻기 전 외교 갈등으로만 끝날 수 있다.,국제 지위 축이 파하드 설득과 핸드볼 회장 카드의 다음 단계로 이동한다.,유예: 적대 인물이 우군으로 바뀌어 영향력의 외연이 넓어진다.,status,다음 판단의 기준이 ‘파하드 회장 만들기 카드가 구체화되자 일본은 현직 회장 블랭크를 통한 역공을 준비한다’로 옮겨 간다.,다음 회차에는 파하드 회장 만들기 카드가 구체화되자 일본은 현직 회장 블랭크를 통한 역공을 준비한다,직전 화의 ‘일본 대표단이 잡지 원문을 확인하고 파하드 설득 실패를 깨닫는다’가 남긴 즉시 과제는 이번 실행으로 결론을 미룬 채 다음 압력으로 넘어간다.,파하드 회장 만들기 카드가 구체화되자 일본은 현직 회장 블랭크를 통한 역공을 준비한다; 파하드 설득과 핸드볼 회장 카드,L33,high
859,성공시대 859화,설득,121056,121190,직전 화의 ‘종일은 쿠웨이트 지사와 대책을 짜 파하드를 세계핸드볼연맹 회장으로 밀 방안을 찾는다’가 만든 조건에서 파하드 설득과 핸드볼 회장 카드의 결산 단계가 시작된다.,‘종일이 다슬러를 찾아 아디다스 후원과 인맥으로 파하드의 세계핸드볼연맹 도전을 지원해 달라 한다’까지 가기 전에 ‘일본의 중동 비하 발언과 파하드의 자존심이 표를 얻기 전 외교 갈등으로만 끝날 수 있다’라는 압력을 넘을 수 있는가가 이 화의 독자 질문이다.,일본의 회유를 깨고 파하드를 서울 올림픽의 적극 지지자로 만든다.,파하드 회장 만들기 카드가 구체화되자 일본은 현직 회장 블랭크를 통한 역공을 준비한다.,일본의 중동 비하 발언과 파하드의 자존심이 표를 얻기 전 외교 갈등으로만 끝날 수 있다.,국제 지위 축이 파하드 설득과 핸드볼 회장 카드의 가시적 결산으로 이동한다.,부분 지급: 국가적 성취가 종일과 실무진의 공적 보상으로 돌아온다.,status,다음 판단의 기준이 ‘종일이 다슬러를 찾아 아디다스 후원과 인맥으로 파하드의 세계핸드볼연맹 도전을 지원해 달라 한다’로 옮겨 간다.,다음 회차에는 종일이 다슬러를 찾아 아디다스 후원과 인맥으로 파하드의 세계핸드볼연맹 도전을 지원해 달라 한다,직전 화의 ‘종일은 쿠웨이트 지사와 대책을 짜 파하드를 세계핸드볼연맹 회장으로 밀 방안을 찾는다’가 남긴 즉시 과제는 이번 실행으로 일부 결과를 얻고 남은 비용만 다음 화로 넘긴다.,종일이 다슬러를 찾아 아디다스 후원과 인맥으로 파하드의 세계핸드볼연맹 도전을 지원해 달라 한다; 다음 소제목 #성과,L33,high
860,성공시대 860화,성과,121191,121327,"직전 화의 ‘파하드 회장 만들기 카드가 구체화되자 일본은 현직 회장 블랭크를 통한 역공을 준비한다’가 한 국면을 닫은 뒤, 이 화 안의 원문 #성과 전환이 다슬러 연합과 파하드 서울 지지을 연다.",‘다슬러가 파하드 지원을 받아들이고 국내에서는 공화당의 총선 공세가 거세진다’까지 가기 전에 ‘일본이 블랭크와 손잡으면 약속이 깨지고 쿠웨이트 관계도 다시 적대로 돌아선다’라는 압력을 넘을 수 있는가가 이 화의 독자 질문이다.,다슬러의 후원망으로 파하드의 핸드볼 회장 도전을 성사시켜 지지표를 확정한다.,종일이 다슬러를 찾아 아디다스 후원과 인맥으로 파하드의 세계핸드볼연맹 도전을 지원해 달라 한다.,일본이 블랭크와 손잡으면 약속이 깨지고 쿠웨이트 관계도 다시 적대로 돌아선다.,국제 지위 축이 다슬러 연합과 파하드 서울 지지의 다음 단계로 이동한다.,유예: 말뿐이던 지지·명예가 표나 계약으로 환원된다.,status,다음 판단의 기준이 ‘다슬러가 파하드 지원을 받아들이고 국내에서는 공화당의 총선 공세가 거세진다’로 옮겨 간다.,다음 회차에는 다슬러가 파하드 지원을 받아들이고 국내에서는 공화당의 총선 공세가 거세진다,직전 화의 ‘파하드 회장 만들기 카드가 구체화되자 일본은 현직 회장 블랭크를 통한 역공을 준비한다’가 남긴 즉시 과제는 이번 실행으로 결론을 미룬 채 다음 압력으로 넘어간다.,다슬러가 파하드 지원을 받아들이고 국내에서는 공화당의 총선 공세가 거세진다; 다슬러 연합과 파하드 서울 지지,L34,high
861,성공시대 861화,성과,121328,121461,직전 화의 ‘종일이 다슬러를 찾아 아디다스 후원과 인맥으로 파하드의 세계핸드볼연맹 도전을 지원해 달라 한다’가 만든 조건에서 다슬러 연합과 파하드 서울 지지의 압박 단계가 시작된다.,‘검찰이 홍세진·방의정 선거조직을 덮치는 사이 종일은 파하드에게 연맹 지원안을 꺼낸다’까지 가기 전에 ‘일본이 블랭크와 손잡으면 약속이 깨지고 쿠웨이트 관계도 다시 적대로 돌아선다’라는 압력을 넘을 수 있는가가 이 화의 독자 질문이다.,다슬러의 후원망으로 파하드의 핸드볼 회장 도전을 성사시켜 지지표를 확정한다.,다슬러가 파하드 지원을 받아들이고 국내에서는 공화당의 총선 공세가 거세진다.,일본이 블랭크와 손잡으면 약속이 깨지고 쿠웨이트 관계도 다시 적대로 돌아선다.,국제 지위 축이 다슬러 연합과 파하드 서울 지지의 다음 단계로 이동한다.,유예: 적대 인물이 우군으로 바뀌어 영향력의 외연이 넓어진다.,status,다음 판단의 기준이 ‘검찰이 홍세진·방의정 선거조직을 덮치는 사이 종일은 파하드에게 연맹 지원안을 꺼낸다’로 옮겨 간다.,다음 회차에는 검찰이 홍세진·방의정 선거조직을 덮치는 사이 종일은 파하드에게 연맹 지원안을 꺼낸다,직전 화의 ‘종일이 다슬러를 찾아 아디다스 후원과 인맥으로 파하드의 세계핸드볼연맹 도전을 지원해 달라 한다’가 남긴 즉시 과제는 이번 실행으로 결론을 미룬 채 다음 압력으로 넘어간다.,검찰이 홍세진·방의정 선거조직을 덮치는 사이 종일은 파하드에게 연맹 지원안을 꺼낸다; 다슬러 연합과 파하드 서울 지지,L34,high
862,성공시대 862화,성과,121462,121610,직전 화의 ‘다슬러가 파하드 지원을 받아들이고 국내에서는 공화당의 총선 공세가 거세진다’가 만든 조건에서 다슬러 연합과 파하드 서울 지지의 전환 단계가 시작된다.,‘다슬러의 확약을 확인한 파하드가 서울 지지를 선언하고 일본은 대체 역공을 찾는다’까지 가기 전에 ‘일본이 블랭크와 손잡으면 약속이 깨지고 쿠웨이트 관계도 다시 적대로 돌아선다’라는 압력을 넘을 수 있는가가 이 화의 독자 질문이다.,다슬러의 후원망으로 파하드의 핸드볼 회장 도전을 성사시켜 지지표를 확정한다.,검찰이 홍세진·방의정 선거조직을 덮치는 사이 종일은 파하드에게 연맹 지원안을 꺼낸다.,일본이 블랭크와 손잡으면 약속이 깨지고 쿠웨이트 관계도 다시 적대로 돌아선다.,국제 지위 축이 다슬러 연합과 파하드 서울 지지의 다음 단계로 이동한다.,유예: 국가적 성취가 종일과 실무진의 공적 보상으로 돌아온다.,status,다음 판단의 기준이 ‘다슬러의 확약을 확인한 파하드가 서울 지지를 선언하고 일본은 대체 역공을 찾는다’로 옮겨 간다.,다음 회차에는 다슬러의 확약을 확인한 파하드가 서울 지지를 선언하고 일본은 대체 역공을 찾는다,직전 화의 ‘다슬러가 파하드 지원을 받아들이고 국내에서는 공화당의 총선 공세가 거세진다’가 남긴 즉시 과제는 이번 실행으로 결론을 미룬 채 다음 압력으로 넘어간다.,다슬러의 확약을 확인한 파하드가 서울 지지를 선언하고 일본은 대체 역공을 찾는다; 다슬러 연합과 파하드 서울 지지,L34,high
863,성공시대 863화,성과,121611,121758,직전 화의 ‘검찰이 홍세진·방의정 선거조직을 덮치는 사이 종일은 파하드에게 연맹 지원안을 꺼낸다’가 만든 조건에서 다슬러 연합과 파하드 서울 지지의 결산 단계가 시작된다.,‘일본이 세계핸드볼연맹 회장 블랭크를 만나 파하드의 도전을 막을 지원을 제안한다’까지 가기 전에 ‘일본이 블랭크와 손잡으면 약속이 깨지고 쿠웨이트 관계도 다시 적대로 돌아선다’라는 압력을 넘을 수 있는가가 이 화의 독자 질문이다.,다슬러의 후원망으로 파하드의 핸드볼 회장 도전을 성사시켜 지지표를 확정한다.,다슬러의 확약을 확인한 파하드가 서울 지지를 선언하고 일본은 대체 역공을 찾는다.,일본이 블랭크와 손잡으면 약속이 깨지고 쿠웨이트 관계도 다시 적대로 돌아선다.,국제 지위 축이 다슬러 연합과 파하드 서울 지지의 가시적 결산으로 이동한다.,지급: 서울 또는 대성의 국제 신뢰와 협상력이 한 단계 오른다.,status,다음 판단의 기준이 ‘일본이 세계핸드볼연맹 회장 블랭크를 만나 파하드의 도전을 막을 지원을 제안한다’로 옮겨 간다.,다음 회차에는 일본이 세계핸드볼연맹 회장 블랭크를 만나 파하드의 도전을 막을 지원을 제안한다,직전 화의 ‘검찰이 홍세진·방의정 선거조직을 덮치는 사이 종일은 파하드에게 연맹 지원안을 꺼낸다’가 남긴 즉시 과제는 이번 실행으로 구체 성과로 확인된다.,일본이 세계핸드볼연맹 회장 블랭크를 만나 파하드의 도전을 막을 지원을 제안한다; 다음 소제목 #요동치는 판세,L34,high
864,성공시대 864화,요동치는 판세,121759,121899,"직전 화의 ‘다슬러의 확약을 확인한 파하드가 서울 지지를 선언하고 일본은 대체 역공을 찾는다’가 한 국면을 닫은 뒤, 이 화 안의 원문 #요동치는 판세 전환이 총선 북풍과 일본의 파하드 역공을 연다.","‘김대중계 후보들이 검찰 수사 대응 기자회견을 준비하며 총선판의 긴장이 최고조로 오른다’까지 가기 전에 ‘야권 자금 스캔들과 인위적 북풍, 일본의 금권 공세가 확보한 표를 흔든다’라는 압력을 넘을 수 있는가가 이 화의 독자 질문이다.",일본의 블랭크 회유를 차단하면서 총선 급변과 올림픽 지지선을 함께 지킨다.,일본이 세계핸드볼연맹 회장 블랭크를 만나 파하드의 도전을 막을 지원을 제안한다.,"야권 자금 스캔들과 인위적 북풍, 일본의 금권 공세가 확보한 표를 흔든다.",정치 권력 축이 총선 북풍과 일본의 파하드 역공의 다음 단계로 이동한다.,유예: 동맹 또는 공적 명분을 확보한다.,politics,다음 판단의 기준이 ‘김대중계 후보들이 검찰 수사 대응 기자회견을 준비하며 총선판의 긴장이 최고조로 오른다’로 옮겨 간다.,다음 회차에는 김대중계 후보들이 검찰 수사 대응 기자회견을 준비하며 총선판의 긴장이 최고조로 오른다,직전 화의 ‘다슬러의 확약을 확인한 파하드가 서울 지지를 선언하고 일본은 대체 역공을 찾는다’가 남긴 즉시 과제는 이번 실행으로 결론을 미룬 채 다음 압력으로 넘어간다.,김대중계 후보들이 검찰 수사 대응 기자회견을 준비하며 총선판의 긴장이 최고조로 오른다; 총선 북풍과 일본의 파하드 역공,L35,high
865,성공시대 865화,요동치는 판세,121900,122064,직전 화의 ‘일본이 세계핸드볼연맹 회장 블랭크를 만나 파하드의 도전을 막을 지원을 제안한다’가 만든 조건에서 총선 북풍과 일본의 파하드 역공의 압박 단계가 시작된다.,"‘김대중 기자회견에 고지헌 폭로가 끼어들고 종일 부부는 프랑스 남부 승마 여행으로 대비된다’까지 가기 전에 ‘야권 자금 스캔들과 인위적 북풍, 일본의 금권 공세가 확보한 표를 흔든다’라는 압력을 넘을 수 있는가가 이 화의 독자 질문이다.",일본의 블랭크 회유를 차단하면서 총선 급변과 올림픽 지지선을 함께 지킨다.,김대중계 후보들이 검찰 수사 대응 기자회견을 준비하며 총선판의 긴장이 최고조로 오른다.,"야권 자금 스캔들과 인위적 북풍, 일본의 금권 공세가 확보한 표를 흔든다.",정치 권력 축이 총선 북풍과 일본의 파하드 역공의 다음 단계로 이동한다.,유예: 상대의 거짓말과 취약점이 가시화된다.,politics,다음 판단의 기준이 ‘김대중 기자회견에 고지헌 폭로가 끼어들고 종일 부부는 프랑스 남부 승마 여행으로 대비된다’로 옮겨 간다.,다음 회차에는 김대중 기자회견에 고지헌 폭로가 끼어들고 종일 부부는 프랑스 남부 승마 여행으로 대비된다,직전 화의 ‘일본이 세계핸드볼연맹 회장 블랭크를 만나 파하드의 도전을 막을 지원을 제안한다’가 남긴 즉시 과제는 이번 실행으로 결론을 미룬 채 다음 압력으로 넘어간다.,김대중 기자회견에 고지헌 폭로가 끼어들고 종일 부부는 프랑스 남부 승마 여행으로 대비된다; 총선 북풍과 일본의 파하드 역공,L35,high
866,성공시대 866화,요동치는 판세,122065,122201,직전 화의 ‘김대중계 후보들이 검찰 수사 대응 기자회견을 준비하며 총선판의 긴장이 최고조로 오른다’가 만든 조건에서 총선 북풍과 일본의 파하드 역공의 압박 단계가 시작된다.,"‘라벤더 농장과 승마 데이트가 이어지는 한편 고지헌이 검찰 조사실에 들어간다’까지 가기 전에 ‘야권 자금 스캔들과 인위적 북풍, 일본의 금권 공세가 확보한 표를 흔든다’라는 압력을 넘을 수 있는가가 이 화의 독자 질문이다.",일본의 블랭크 회유를 차단하면서 총선 급변과 올림픽 지지선을 함께 지킨다.,김대중 기자회견에 고지헌 폭로가 끼어들고 종일 부부는 프랑스 남부 승마 여행으로 대비된다.,"야권 자금 스캔들과 인위적 북풍, 일본의 금권 공세가 확보한 표를 흔든다.",정치 권력 축이 총선 북풍과 일본의 파하드 역공의 다음 단계로 이동한다.,유예: 공격 주체와 권력선이 선명해진다.,politics,다음 판단의 기준이 ‘라벤더 농장과 승마 데이트가 이어지는 한편 고지헌이 검찰 조사실에 들어간다’로 옮겨 간다.,다음 회차에는 라벤더 농장과 승마 데이트가 이어지는 한편 고지헌이 검찰 조사실에 들어간다,직전 화의 ‘김대중계 후보들이 검찰 수사 대응 기자회견을 준비하며 총선판의 긴장이 최고조로 오른다’가 남긴 즉시 과제는 이번 실행으로 결론을 미룬 채 다음 압력으로 넘어간다.,라벤더 농장과 승마 데이트가 이어지는 한편 고지헌이 검찰 조사실에 들어간다; 총선 북풍과 일본의 파하드 역공,L35,high
867,성공시대 867화,요동치는 판세,122202,122327,직전 화의 ‘김대중 기자회견에 고지헌 폭로가 끼어들고 종일 부부는 프랑스 남부 승마 여행으로 대비된다’가 만든 조건에서 총선 북풍과 일본의 파하드 역공의 압박 단계가 시작된다.,"‘고지헌의 증언이 김대중 정치자금 의혹으로 번지고 다슬러가 블랭크 매수 시도를 종일에게 알린다’까지 가기 전에 ‘야권 자금 스캔들과 인위적 북풍, 일본의 금권 공세가 확보한 표를 흔든다’라는 압력을 넘을 수 있는가가 이 화의 독자 질문이다.",일본의 블랭크 회유를 차단하면서 총선 급변과 올림픽 지지선을 함께 지킨다.,라벤더 농장과 승마 데이트가 이어지는 한편 고지헌이 검찰 조사실에 들어간다.,"야권 자금 스캔들과 인위적 북풍, 일본의 금권 공세가 확보한 표를 흔든다.",정치 권력 축이 총선 북풍과 일본의 파하드 역공의 다음 단계로 이동한다.,유예: 정치적 생존 공간과 대응 시한을 번다.,politics,다음 판단의 기준이 ‘고지헌의 증언이 김대중 정치자금 의혹으로 번지고 다슬러가 블랭크 매수 시도를 종일에게 알린다’로 옮겨 간다.,다음 회차에는 고지헌의 증언이 김대중 정치자금 의혹으로 번지고 다슬러가 블랭크 매수 시도를 종일에게 알린다,직전 화의 ‘김대중 기자회견에 고지헌 폭로가 끼어들고 종일 부부는 프랑스 남부 승마 여행으로 대비된다’가 남긴 즉시 과제는 이번 실행으로 결론을 미룬 채 다음 압력으로 넘어간다.,고지헌의 증언이 김대중 정치자금 의혹으로 번지고 다슬러가 블랭크 매수 시도를 종일에게 알린다; 총선 북풍과 일본의 파하드 역공,L35,high
868,성공시대 868화,요동치는 판세,122328,122462,직전 화의 ‘라벤더 농장과 승마 데이트가 이어지는 한편 고지헌이 검찰 조사실에 들어간다’가 만든 조건에서 총선 북풍과 일본의 파하드 역공의 전환 단계가 시작된다.,"‘블랭크가 다슬러 사람임이 드러나 일본의 공작은 무산되고 종일 부부는 파리 경매를 즐긴다’까지 가기 전에 ‘야권 자금 스캔들과 인위적 북풍, 일본의 금권 공세가 확보한 표를 흔든다’라는 압력을 넘을 수 있는가가 이 화의 독자 질문이다.",일본의 블랭크 회유를 차단하면서 총선 급변과 올림픽 지지선을 함께 지킨다.,고지헌의 증언이 김대중 정치자금 의혹으로 번지고 다슬러가 블랭크 매수 시도를 종일에게 알린다.,"야권 자금 스캔들과 인위적 북풍, 일본의 금권 공세가 확보한 표를 흔든다.",정치 권력 축이 총선 북풍과 일본의 파하드 역공의 다음 단계로 이동한다.,유예: 동맹 또는 공적 명분을 확보한다.,politics,다음 판단의 기준이 ‘블랭크가 다슬러 사람임이 드러나 일본의 공작은 무산되고 종일 부부는 파리 경매를 즐긴다’로 옮겨 간다.,다음 회차에는 블랭크가 다슬러 사람임이 드러나 일본의 공작은 무산되고 종일 부부는 파리 경매를 즐긴다,직전 화의 ‘라벤더 농장과 승마 데이트가 이어지는 한편 고지헌이 검찰 조사실에 들어간다’가 남긴 즉시 과제는 이번 실행으로 결론을 미룬 채 다음 압력으로 넘어간다.,블랭크가 다슬러 사람임이 드러나 일본의 공작은 무산되고 종일 부부는 파리 경매를 즐긴다; 총선 북풍과 일본의 파하드 역공,L35,high
869,성공시대 869화,요동치는 판세,122463,122620,직전 화의 ‘고지헌의 증언이 김대중 정치자금 의혹으로 번지고 다슬러가 블랭크 매수 시도를 종일에게 알린다’가 만든 조건에서 총선 북풍과 일본의 파하드 역공의 결산 단계가 시작된다.,"‘파하드가 일본을 응징하며 서울 지지를 강화하고 김영삼계는 김종필 부정축재 재공세를 검토한다’까지 가기 전에 ‘야권 자금 스캔들과 인위적 북풍, 일본의 금권 공세가 확보한 표를 흔든다’라는 압력을 넘을 수 있는가가 이 화의 독자 질문이다.",일본의 블랭크 회유를 차단하면서 총선 급변과 올림픽 지지선을 함께 지킨다.,블랭크가 다슬러 사람임이 드러나 일본의 공작은 무산되고 종일 부부는 파리 경매를 즐긴다.,"야권 자금 스캔들과 인위적 북풍, 일본의 금권 공세가 확보한 표를 흔든다.",정치 권력 축이 총선 북풍과 일본의 파하드 역공의 가시적 결산으로 이동한다.,지급: 상대의 거짓말과 취약점이 가시화된다.,politics,다음 판단의 기준이 ‘파하드가 일본을 응징하며 서울 지지를 강화하고 김영삼계는 김종필 부정축재 재공세를 검토한다’로 옮겨 간다.,다음 회차에는 파하드가 일본을 응징하며 서울 지지를 강화하고 김영삼계는 김종필 부정축재 재공세를 검토한다,직전 화의 ‘고지헌의 증언이 김대중 정치자금 의혹으로 번지고 다슬러가 블랭크 매수 시도를 종일에게 알린다’가 남긴 즉시 과제는 이번 실행으로 구체 성과로 확인된다.,파하드가 일본을 응징하며 서울 지지를 강화하고 김영삼계는 김종필 부정축재 재공세를 검토한다; 총선 북풍과 일본의 파하드 역공,L35,high
870,성공시대 870화,요동치는 판세,122621,122753,직전 화의 ‘블랭크가 다슬러 사람임이 드러나 일본의 공작은 무산되고 종일 부부는 파리 경매를 즐긴다’가 만든 조건에서 총선 북풍과 일본의 파하드 역공의 결산 단계가 시작된다.,"‘김종필이 부정축재 해명 기자회견을 열자 DMZ 수색대가 새 남침땅굴 흔적을 발견한다’까지 가기 전에 ‘야권 자금 스캔들과 인위적 북풍, 일본의 금권 공세가 확보한 표를 흔든다’라는 압력을 넘을 수 있는가가 이 화의 독자 질문이다.",일본의 블랭크 회유를 차단하면서 총선 급변과 올림픽 지지선을 함께 지킨다.,파하드가 일본을 응징하며 서울 지지를 강화하고 김영삼계는 김종필 부정축재 재공세를 검토한다.,"야권 자금 스캔들과 인위적 북풍, 일본의 금권 공세가 확보한 표를 흔든다.",정치 권력 축이 총선 북풍과 일본의 파하드 역공의 가시적 결산으로 이동한다.,지급: 공격 주체와 권력선이 선명해진다.,politics,다음 판단의 기준이 ‘김종필이 부정축재 해명 기자회견을 열자 DMZ 수색대가 새 남침땅굴 흔적을 발견한다’로 옮겨 간다.,다음 회차에는 김종필이 부정축재 해명 기자회견을 열자 DMZ 수색대가 새 남침땅굴 흔적을 발견한다,직전 화의 ‘블랭크가 다슬러 사람임이 드러나 일본의 공작은 무산되고 종일 부부는 파리 경매를 즐긴다’가 남긴 즉시 과제는 이번 실행으로 구체 성과로 확인된다.,김종필이 부정축재 해명 기자회견을 열자 DMZ 수색대가 새 남침땅굴 흔적을 발견한다; 다음 소제목 #북풍(北風),L35,high
871,성공시대 871화,북풍(北風),122754,122891,"직전 화의 ‘파하드가 일본을 응징하며 서울 지지를 강화하고 김영삼계는 김종필 부정축재 재공세를 검토한다’가 한 국면을 닫은 뒤, 이 화 안의 원문 #북풍(北風) 전환이 제4땅굴 북풍과 공화당 총선 승리을 연다.",‘국방부가 북한 유류품과 굴착 방향을 공개해 제4땅굴 북풍이 모든 선거 이슈를 덮는다’까지 가기 전에 ‘북풍 조작 의혹과 검찰 정치수사가 정권의 승리를 정당성 위기로 바꿀 수 있다’라는 압력을 넘을 수 있는가가 이 화의 독자 질문이다.,김종필의 자산 의혹을 정리하고 돌발 안보 이슈 속 총선 주도권을 확보한다.,김종필이 부정축재 해명 기자회견을 열자 DMZ 수색대가 새 남침땅굴 흔적을 발견한다.,북풍 조작 의혹과 검찰 정치수사가 정권의 승리를 정당성 위기로 바꿀 수 있다.,정치 권력 축이 제4땅굴 북풍과 공화당 총선 승리의 다음 단계로 이동한다.,유예: 동맹 또는 공적 명분을 확보한다.,politics,다음 판단의 기준이 ‘국방부가 북한 유류품과 굴착 방향을 공개해 제4땅굴 북풍이 모든 선거 이슈를 덮는다’로 옮겨 간다.,다음 회차에는 국방부가 북한 유류품과 굴착 방향을 공개해 제4땅굴 북풍이 모든 선거 이슈를 덮는다,직전 화의 ‘파하드가 일본을 응징하며 서울 지지를 강화하고 김영삼계는 김종필 부정축재 재공세를 검토한다’가 남긴 즉시 과제는 이번 실행으로 결론을 미룬 채 다음 압력으로 넘어간다.,국방부가 북한 유류품과 굴착 방향을 공개해 제4땅굴 북풍이 모든 선거 이슈를 덮는다; 제4땅굴 북풍과 공화당 총선 승리,L36,high
872,성공시대 872화,북풍(北風),122892,123017,직전 화의 ‘김종필이 부정축재 해명 기자회견을 열자 DMZ 수색대가 새 남침땅굴 흔적을 발견한다’가 만든 조건에서 제4땅굴 북풍과 공화당 총선 승리의 압박 단계가 시작된다.,‘종일은 기억보다 10년 빠른 땅굴을 의심하고 일본에서는 파하드 보복으로 후지모리 차관이 잘린다’까지 가기 전에 ‘북풍 조작 의혹과 검찰 정치수사가 정권의 승리를 정당성 위기로 바꿀 수 있다’라는 압력을 넘을 수 있는가가 이 화의 독자 질문이다.,김종필의 자산 의혹을 정리하고 돌발 안보 이슈 속 총선 주도권을 확보한다.,국방부가 북한 유류품과 굴착 방향을 공개해 제4땅굴 북풍이 모든 선거 이슈를 덮는다.,북풍 조작 의혹과 검찰 정치수사가 정권의 승리를 정당성 위기로 바꿀 수 있다.,정치 권력 축이 제4땅굴 북풍과 공화당 총선 승리의 다음 단계로 이동한다.,유예: 상대의 거짓말과 취약점이 가시화된다.,politics,다음 판단의 기준이 ‘종일은 기억보다 10년 빠른 땅굴을 의심하고 일본에서는 파하드 보복으로 후지모리 차관이 잘린다’로 옮겨 간다.,다음 회차에는 종일은 기억보다 10년 빠른 땅굴을 의심하고 일본에서는 파하드 보복으로 후지모리 차관이 잘린다,직전 화의 ‘김종필이 부정축재 해명 기자회견을 열자 DMZ 수색대가 새 남침땅굴 흔적을 발견한다’가 남긴 즉시 과제는 이번 실행으로 결론을 미룬 채 다음 압력으로 넘어간다.,종일은 기억보다 10년 빠른 땅굴을 의심하고 일본에서는 파하드 보복으로 후지모리 차관이 잘린다; 제4땅굴 북풍과 공화당 총선 승리,L36,high
873,성공시대 873화,북풍(北風),123018,123144,직전 화의 ‘국방부가 북한 유류품과 굴착 방향을 공개해 제4땅굴 북풍이 모든 선거 이슈를 덮는다’가 만든 조건에서 제4땅굴 북풍과 공화당 총선 승리의 압박 단계가 시작된다.,‘민간 전문가도 땅굴을 확인하고 병상 대통령의 등장으로 공화당 지지가 더 오른다’까지 가기 전에 ‘북풍 조작 의혹과 검찰 정치수사가 정권의 승리를 정당성 위기로 바꿀 수 있다’라는 압력을 넘을 수 있는가가 이 화의 독자 질문이다.,김종필의 자산 의혹을 정리하고 돌발 안보 이슈 속 총선 주도권을 확보한다.,종일은 기억보다 10년 빠른 땅굴을 의심하고 일본에서는 파하드 보복으로 후지모리 차관이 잘린다.,북풍 조작 의혹과 검찰 정치수사가 정권의 승리를 정당성 위기로 바꿀 수 있다.,정치 권력 축이 제4땅굴 북풍과 공화당 총선 승리의 다음 단계로 이동한다.,유예: 공격 주체와 권력선이 선명해진다.,politics,다음 판단의 기준이 ‘민간 전문가도 땅굴을 확인하고 병상 대통령의 등장으로 공화당 지지가 더 오른다’로 옮겨 간다.,다음 회차에는 민간 전문가도 땅굴을 확인하고 병상 대통령의 등장으로 공화당 지지가 더 오른다,직전 화의 ‘국방부가 북한 유류품과 굴착 방향을 공개해 제4땅굴 북풍이 모든 선거 이슈를 덮는다’가 남긴 즉시 과제는 이번 실행으로 결론을 미룬 채 다음 압력으로 넘어간다.,민간 전문가도 땅굴을 확인하고 병상 대통령의 등장으로 공화당 지지가 더 오른다; 제4땅굴 북풍과 공화당 총선 승리,L36,high
874,성공시대 874화,북풍(北風),123145,123282,직전 화의 ‘종일은 기억보다 10년 빠른 땅굴을 의심하고 일본에서는 파하드 보복으로 후지모리 차관이 잘린다’가 만든 조건에서 제4땅굴 북풍과 공화당 총선 승리의 압박 단계가 시작된다.,‘검찰이 방의정을 압박하는 사이 종일 부부는 뉴욕으로 이동할 준비를 한다’까지 가기 전에 ‘북풍 조작 의혹과 검찰 정치수사가 정권의 승리를 정당성 위기로 바꿀 수 있다’라는 압력을 넘을 수 있는가가 이 화의 독자 질문이다.,김종필의 자산 의혹을 정리하고 돌발 안보 이슈 속 총선 주도권을 확보한다.,민간 전문가도 땅굴을 확인하고 병상 대통령의 등장으로 공화당 지지가 더 오른다.,북풍 조작 의혹과 검찰 정치수사가 정권의 승리를 정당성 위기로 바꿀 수 있다.,정치 권력 축이 제4땅굴 북풍과 공화당 총선 승리의 다음 단계로 이동한다.,지급: 정치적 생존 공간과 대응 시한을 번다.,politics,다음 판단의 기준이 ‘검찰이 방의정을 압박하는 사이 종일 부부는 뉴욕으로 이동할 준비를 한다’로 옮겨 간다.,다음 회차에는 검찰이 방의정을 압박하는 사이 종일 부부는 뉴욕으로 이동할 준비를 한다,직전 화의 ‘종일은 기억보다 10년 빠른 땅굴을 의심하고 일본에서는 파하드 보복으로 후지모리 차관이 잘린다’가 남긴 즉시 과제는 이번 실행으로 구체 성과로 확인된다.,검찰이 방의정을 압박하는 사이 종일 부부는 뉴욕으로 이동할 준비를 한다; 제4땅굴 북풍과 공화당 총선 승리,L36,high
875,성공시대 875화,북풍(北風),123283,123419,직전 화의 ‘민간 전문가도 땅굴을 확인하고 병상 대통령의 등장으로 공화당 지지가 더 오른다’가 만든 조건에서 제4땅굴 북풍과 공화당 총선 승리의 압박 단계가 시작된다.,‘대통령이 김종필에게 김대중 본인까지 치지 말라고 선을 긋고 종일 부부는 플라자 호텔에 도착한다’까지 가기 전에 ‘북풍 조작 의혹과 검찰 정치수사가 정권의 승리를 정당성 위기로 바꿀 수 있다’라는 압력을 넘을 수 있는가가 이 화의 독자 질문이다.,김종필의 자산 의혹을 정리하고 돌발 안보 이슈 속 총선 주도권을 확보한다.,검찰이 방의정을 압박하는 사이 종일 부부는 뉴욕으로 이동할 준비를 한다.,북풍 조작 의혹과 검찰 정치수사가 정권의 승리를 정당성 위기로 바꿀 수 있다.,정치 권력 축이 제4땅굴 북풍과 공화당 총선 승리의 다음 단계로 이동한다.,유예: 동맹 또는 공적 명분을 확보한다.,politics,다음 판단의 기준이 ‘대통령이 김종필에게 김대중 본인까지 치지 말라고 선을 긋고 종일 부부는 플라자 호텔에 도착한다’로 옮겨 간다.,다음 회차에는 대통령이 김종필에게 김대중 본인까지 치지 말라고 선을 긋고 종일 부부는 플라자 호텔에 도착한다,직전 화의 ‘민간 전문가도 땅굴을 확인하고 병상 대통령의 등장으로 공화당 지지가 더 오른다’가 남긴 즉시 과제는 이번 실행으로 결론을 미룬 채 다음 압력으로 넘어간다.,대통령이 김종필에게 김대중 본인까지 치지 말라고 선을 긋고 종일 부부는 플라자 호텔에 도착한다; 제4땅굴 북풍과 공화당 총선 승리,L36,high
876,성공시대 876화,북풍(北風),123420,123556,직전 화의 ‘검찰이 방의정을 압박하는 사이 종일 부부는 뉴욕으로 이동할 준비를 한다’가 만든 조건에서 제4땅굴 북풍과 공화당 총선 승리의 전환 단계가 시작된다.,‘종일이 해들리의 연락을 받고 종희는 파리에서 온 명품 소포를 연다’까지 가기 전에 ‘북풍 조작 의혹과 검찰 정치수사가 정권의 승리를 정당성 위기로 바꿀 수 있다’라는 압력을 넘을 수 있는가가 이 화의 독자 질문이다.,김종필의 자산 의혹을 정리하고 돌발 안보 이슈 속 총선 주도권을 확보한다.,대통령이 김종필에게 김대중 본인까지 치지 말라고 선을 긋고 종일 부부는 플라자 호텔에 도착한다.,북풍 조작 의혹과 검찰 정치수사가 정권의 승리를 정당성 위기로 바꿀 수 있다.,정치 권력 축이 제4땅굴 북풍과 공화당 총선 승리의 다음 단계로 이동한다.,지급: 상대의 거짓말과 취약점이 가시화된다.,politics,다음 판단의 기준이 ‘종일이 해들리의 연락을 받고 종희는 파리에서 온 명품 소포를 연다’로 옮겨 간다.,다음 회차에는 종일이 해들리의 연락을 받고 종희는 파리에서 온 명품 소포를 연다,직전 화의 ‘검찰이 방의정을 압박하는 사이 종일 부부는 뉴욕으로 이동할 준비를 한다’가 남긴 즉시 과제는 이번 실행으로 구체 성과로 확인된다.,종일이 해들리의 연락을 받고 종희는 파리에서 온 명품 소포를 연다; 제4땅굴 북풍과 공화당 총선 승리,L36,high
877,성공시대 877화,북풍(北風),123557,123697,직전 화의 ‘대통령이 김종필에게 김대중 본인까지 치지 말라고 선을 긋고 종일 부부는 플라자 호텔에 도착한다’가 만든 조건에서 제4땅굴 북풍과 공화당 총선 승리의 전환 단계가 시작된다.,‘공화당 예상 의석이 과반을 넘고 대통령은 김종필 자산을 일사부재리로 정리할 검찰 수를 놓는다’까지 가기 전에 ‘북풍 조작 의혹과 검찰 정치수사가 정권의 승리를 정당성 위기로 바꿀 수 있다’라는 압력을 넘을 수 있는가가 이 화의 독자 질문이다.,김종필의 자산 의혹을 정리하고 돌발 안보 이슈 속 총선 주도권을 확보한다.,종일이 해들리의 연락을 받고 종희는 파리에서 온 명품 소포를 연다.,북풍 조작 의혹과 검찰 정치수사가 정권의 승리를 정당성 위기로 바꿀 수 있다.,정치 권력 축이 제4땅굴 북풍과 공화당 총선 승리의 다음 단계로 이동한다.,유예: 공격 주체와 권력선이 선명해진다.,politics,다음 판단의 기준이 ‘공화당 예상 의석이 과반을 넘고 대통령은 김종필 자산을 일사부재리로 정리할 검찰 수를 놓는다’로 옮겨 간다.,다음 회차에는 공화당 예상 의석이 과반을 넘고 대통령은 김종필 자산을 일사부재리로 정리할 검찰 수를 놓는다,직전 화의 ‘대통령이 김종필에게 김대중 본인까지 치지 말라고 선을 긋고 종일 부부는 플라자 호텔에 도착한다’가 남긴 즉시 과제는 이번 실행으로 결론을 미룬 채 다음 압력으로 넘어간다.,공화당 예상 의석이 과반을 넘고 대통령은 김종필 자산을 일사부재리로 정리할 검찰 수를 놓는다; 제4땅굴 북풍과 공화당 총선 승리,L36,high
878,성공시대 878화,북풍(北風),123698,123827,직전 화의 ‘종일이 해들리의 연락을 받고 종희는 파리에서 온 명품 소포를 연다’가 만든 조건에서 제4땅굴 북풍과 공화당 총선 승리의 결산 단계가 시작된다.,‘파하드 포섭 성과가 청와대에 보고되고 종일은 해들리에게서 월마트 투자 기회를 듣는다’까지 가기 전에 ‘북풍 조작 의혹과 검찰 정치수사가 정권의 승리를 정당성 위기로 바꿀 수 있다’라는 압력을 넘을 수 있는가가 이 화의 독자 질문이다.,김종필의 자산 의혹을 정리하고 돌발 안보 이슈 속 총선 주도권을 확보한다.,공화당 예상 의석이 과반을 넘고 대통령은 김종필 자산을 일사부재리로 정리할 검찰 수를 놓는다.,북풍 조작 의혹과 검찰 정치수사가 정권의 승리를 정당성 위기로 바꿀 수 있다.,정치 권력 축이 제4땅굴 북풍과 공화당 총선 승리의 가시적 결산으로 이동한다.,부분 지급: 정치적 생존 공간과 대응 시한을 번다.,politics,다음 판단의 기준이 ‘파하드 포섭 성과가 청와대에 보고되고 종일은 해들리에게서 월마트 투자 기회를 듣는다’로 옮겨 간다.,다음 회차에는 파하드 포섭 성과가 청와대에 보고되고 종일은 해들리에게서 월마트 투자 기회를 듣는다,직전 화의 ‘종일이 해들리의 연락을 받고 종희는 파리에서 온 명품 소포를 연다’가 남긴 즉시 과제는 이번 실행으로 일부 결과를 얻고 남은 비용만 다음 화로 넘긴다.,파하드 포섭 성과가 청와대에 보고되고 종일은 해들리에게서 월마트 투자 기회를 듣는다; 제4땅굴 북풍과 공화당 총선 승리,L36,high
879,성공시대 879화,북풍(北風),123828,123948,직전 화의 ‘공화당 예상 의석이 과반을 넘고 대통령은 김종필 자산을 일사부재리로 정리할 검찰 수를 놓는다’가 만든 조건에서 제4땅굴 북풍과 공화당 총선 승리의 결산 단계가 시작된다.,‘종일이 월마트 전환사채 구조를 파악해 투자 결정을 내리고 플라자 합의 전 엔화를 사 모은다’까지 가기 전에 ‘북풍 조작 의혹과 검찰 정치수사가 정권의 승리를 정당성 위기로 바꿀 수 있다’라는 압력을 넘을 수 있는가가 이 화의 독자 질문이다.,김종필의 자산 의혹을 정리하고 돌발 안보 이슈 속 총선 주도권을 확보한다.,파하드 포섭 성과가 청와대에 보고되고 종일은 해들리에게서 월마트 투자 기회를 듣는다.,북풍 조작 의혹과 검찰 정치수사가 정권의 승리를 정당성 위기로 바꿀 수 있다.,정치 권력 축이 제4땅굴 북풍과 공화당 총선 승리의 가시적 결산으로 이동한다.,부분 지급: 동맹 또는 공적 명분을 확보한다.,politics,다음 판단의 기준이 ‘종일이 월마트 전환사채 구조를 파악해 투자 결정을 내리고 플라자 합의 전 엔화를 사 모은다’로 옮겨 간다.,다음 회차에는 종일이 월마트 전환사채 구조를 파악해 투자 결정을 내리고 플라자 합의 전 엔화를 사 모은다,직전 화의 ‘공화당 예상 의석이 과반을 넘고 대통령은 김종필 자산을 일사부재리로 정리할 검찰 수를 놓는다’가 남긴 즉시 과제는 이번 실행으로 일부 결과를 얻고 남은 비용만 다음 화로 넘긴다.,종일이 월마트 전환사채 구조를 파악해 투자 결정을 내리고 플라자 합의 전 엔화를 사 모은다; 다음 소제목 #서울종합운동장,L36,high
880,성공시대 880화,서울종합운동장,123949,124090,"직전 화의 ‘파하드 포섭 성과가 청와대에 보고되고 종일은 해들리에게서 월마트 투자 기회를 듣는다’가 한 국면을 닫은 뒤, 이 화 안의 원문 #서울종합운동장 전환이 월마트 투자와 잠실 주경기장 수주을 연다.",‘종일이 월마트 전환사채 1천만 달러를 인수하고 종희는 투표 후 최승필 병원으로 향한다’까지 가기 전에 ‘유동자금이 분산되고 무상 시공 논란이 대성건설 재무와 특혜 시비를 부른다’라는 압력을 넘을 수 있는가가 이 화의 독자 질문이다.,미래 유통 지분과 올림픽 랜드마크 공사를 동시에 선점한다.,종일이 월마트 전환사채 구조를 파악해 투자 결정을 내리고 플라자 합의 전 엔화를 사 모은다.,유동자금이 분산되고 무상 시공 논란이 대성건설 재무와 특혜 시비를 부른다.,사업 규모 축이 월마트 투자와 잠실 주경기장 수주의 다음 단계로 이동한다.,지급: 계약·자금·기술 가운데 하나가 실제 자산으로 남는다.,business,다음 판단의 기준이 ‘종일이 월마트 전환사채 1천만 달러를 인수하고 종희는 투표 후 최승필 병원으로 향한다’로 옮겨 간다.,다음 회차에는 종일이 월마트 전환사채 1천만 달러를 인수하고 종희는 투표 후 최승필 병원으로 향한다,직전 화의 ‘파하드 포섭 성과가 청와대에 보고되고 종일은 해들리에게서 월마트 투자 기회를 듣는다’가 남긴 즉시 과제는 이번 실행으로 구체 성과로 확인된다.,종일이 월마트 전환사채 1천만 달러를 인수하고 종희는 투표 후 최승필 병원으로 향한다; 월마트 투자와 잠실 주경기장 수주,L37,high
881,성공시대 881화,서울종합운동장,124091,124226,직전 화의 ‘종일이 월마트 전환사채 구조를 파악해 투자 결정을 내리고 플라자 합의 전 엔화를 사 모은다’가 만든 조건에서 월마트 투자와 잠실 주경기장 수주의 압박 단계가 시작된다.,‘공화당이 167석으로 과반 승리하고 종일 부부는 미국 일정을 마치고 귀국한다’까지 가기 전에 ‘유동자금이 분산되고 무상 시공 논란이 대성건설 재무와 특혜 시비를 부른다’라는 압력을 넘을 수 있는가가 이 화의 독자 질문이다.,미래 유통 지분과 올림픽 랜드마크 공사를 동시에 선점한다.,종일이 월마트 전환사채 1천만 달러를 인수하고 종희는 투표 후 최승필 병원으로 향한다.,유동자금이 분산되고 무상 시공 논란이 대성건설 재무와 특혜 시비를 부른다.,사업 규모 축이 월마트 투자와 잠실 주경기장 수주의 다음 단계로 이동한다.,지급: 다음 투자 판단에 필요한 가격과 위험을 확보한다.,business,다음 판단의 기준이 ‘공화당이 167석으로 과반 승리하고 종일 부부는 미국 일정을 마치고 귀국한다’로 옮겨 간다.,다음 회차에는 공화당이 167석으로 과반 승리하고 종일 부부는 미국 일정을 마치고 귀국한다,직전 화의 ‘종일이 월마트 전환사채 구조를 파악해 투자 결정을 내리고 플라자 합의 전 엔화를 사 모은다’가 남긴 즉시 과제는 이번 실행으로 구체 성과로 확인된다.,공화당이 167석으로 과반 승리하고 종일 부부는 미국 일정을 마치고 귀국한다; 월마트 투자와 잠실 주경기장 수주,L37,high
882,성공시대 882화,서울종합운동장,124227,124345,직전 화의 ‘종일이 월마트 전환사채 1천만 달러를 인수하고 종희는 투표 후 최승필 병원으로 향한다’가 만든 조건에서 월마트 투자와 잠실 주경기장 수주의 전환 단계가 시작된다.,‘최승필의 회복을 확인한 종일이 가족에게 선물을 풀며 장기 부재의 관계 보상을 지급한다’까지 가기 전에 ‘유동자금이 분산되고 무상 시공 논란이 대성건설 재무와 특혜 시비를 부른다’라는 압력을 넘을 수 있는가가 이 화의 독자 질문이다.,미래 유통 지분과 올림픽 랜드마크 공사를 동시에 선점한다.,공화당이 167석으로 과반 승리하고 종일 부부는 미국 일정을 마치고 귀국한다.,유동자금이 분산되고 무상 시공 논란이 대성건설 재무와 특혜 시비를 부른다.,사업 규모 축이 월마트 투자와 잠실 주경기장 수주의 다음 단계로 이동한다.,지급: 조직 실행력과 장기 현금흐름의 기반을 넓힌다.,business,다음 판단의 기준이 ‘최승필의 회복을 확인한 종일이 가족에게 선물을 풀며 장기 부재의 관계 보상을 지급한다’로 옮겨 간다.,다음 회차에는 최승필의 회복을 확인한 종일이 가족에게 선물을 풀며 장기 부재의 관계 보상을 지급한다,직전 화의 ‘종일이 월마트 전환사채 1천만 달러를 인수하고 종희는 투표 후 최승필 병원으로 향한다’가 남긴 즉시 과제는 이번 실행으로 구체 성과로 확인된다.,최승필의 회복을 확인한 종일이 가족에게 선물을 풀며 장기 부재의 관계 보상을 지급한다; 월마트 투자와 잠실 주경기장 수주,L37,high
883,성공시대 883화,서울종합운동장,124346,124490,직전 화의 ‘공화당이 167석으로 과반 승리하고 종일 부부는 미국 일정을 마치고 귀국한다’가 만든 조건에서 월마트 투자와 잠실 주경기장 수주의 전환 단계가 시작된다.,‘대성건설이 잠실 주경기장을 공사비 대신 침수지 토지로 받는 제안을 승인받는다’까지 가기 전에 ‘유동자금이 분산되고 무상 시공 논란이 대성건설 재무와 특혜 시비를 부른다’라는 압력을 넘을 수 있는가가 이 화의 독자 질문이다.,미래 유통 지분과 올림픽 랜드마크 공사를 동시에 선점한다.,최승필의 회복을 확인한 종일이 가족에게 선물을 풀며 장기 부재의 관계 보상을 지급한다.,유동자금이 분산되고 무상 시공 논란이 대성건설 재무와 특혜 시비를 부른다.,사업 규모 축이 월마트 투자와 잠실 주경기장 수주의 다음 단계로 이동한다.,지급: 경쟁자보다 먼저 물류·현장·시장 거점을 선점한다.,business,다음 판단의 기준이 ‘대성건설이 잠실 주경기장을 공사비 대신 침수지 토지로 받는 제안을 승인받는다’로 옮겨 간다.,다음 회차에는 대성건설이 잠실 주경기장을 공사비 대신 침수지 토지로 받는 제안을 승인받는다,직전 화의 ‘공화당이 167석으로 과반 승리하고 종일 부부는 미국 일정을 마치고 귀국한다’가 남긴 즉시 과제는 이번 실행으로 구체 성과로 확인된다.,대성건설이 잠실 주경기장을 공사비 대신 침수지 토지로 받는 제안을 승인받는다; 월마트 투자와 잠실 주경기장 수주,L37,high
884,성공시대 884화,서울종합운동장,124491,124609,직전 화의 ‘최승필의 회복을 확인한 종일이 가족에게 선물을 풀며 장기 부재의 관계 보상을 지급한다’가 만든 조건에서 월마트 투자와 잠실 주경기장 수주의 결산 단계가 시작된다.,‘종일이 서울종합운동장 기초를 점검하고 새 설계 역량 확보를 지시한다’까지 가기 전에 ‘유동자금이 분산되고 무상 시공 논란이 대성건설 재무와 특혜 시비를 부른다’라는 압력을 넘을 수 있는가가 이 화의 독자 질문이다.,미래 유통 지분과 올림픽 랜드마크 공사를 동시에 선점한다.,대성건설이 잠실 주경기장을 공사비 대신 침수지 토지로 받는 제안을 승인받는다.,유동자금이 분산되고 무상 시공 논란이 대성건설 재무와 특혜 시비를 부른다.,사업 규모 축이 월마트 투자와 잠실 주경기장 수주의 가시적 결산으로 이동한다.,지급: 계약·자금·기술 가운데 하나가 실제 자산으로 남는다.,business,다음 판단의 기준이 ‘종일이 서울종합운동장 기초를 점검하고 새 설계 역량 확보를 지시한다’로 옮겨 간다.,다음 회차에는 종일이 서울종합운동장 기초를 점검하고 새 설계 역량 확보를 지시한다,직전 화의 ‘최승필의 회복을 확인한 종일이 가족에게 선물을 풀며 장기 부재의 관계 보상을 지급한다’가 남긴 즉시 과제는 이번 실행으로 구체 성과로 확인된다.,종일이 서울종합운동장 기초를 점검하고 새 설계 역량 확보를 지시한다; 다음 소제목 #바나나,L37,high
885,성공시대 885화,바나나,124610,124739,"직전 화의 ‘대성건설이 잠실 주경기장을 공사비 대신 침수지 토지로 받는 제안을 승인받는다’가 한 국면을 닫은 뒤, 이 화 안의 원문 #바나나 전환이 치앙마이 바나나 보상과 대보건설 도발을 연다.",‘최승필이 퇴원하고 종일이 종희와의 교제를 인정하되 결혼 전 경계를 세운다’까지 가기 전에 ‘수입 제한과 농민 반발을 조작한 경쟁사의 공세가 그룹 이미지를 망친다’라는 압력을 넘을 수 있는가가 이 화의 독자 질문이다.,치앙마이 첫 수확을 직원 보상으로 전환하고 대보건설의 여론전을 막는다.,종일이 서울종합운동장 기초를 점검하고 새 설계 역량 확보를 지시한다.,수입 제한과 농민 반발을 조작한 경쟁사의 공세가 그룹 이미지를 망친다.,사업 규모 축이 치앙마이 바나나 보상과 대보건설 도발의 다음 단계로 이동한다.,지급: 조직 실행력과 장기 현금흐름의 기반을 넓힌다.,business,다음 판단의 기준이 ‘최승필이 퇴원하고 종일이 종희와의 교제를 인정하되 결혼 전 경계를 세운다’로 옮겨 간다.,다음 회차에는 최승필이 퇴원하고 종일이 종희와의 교제를 인정하되 결혼 전 경계를 세운다,직전 화의 ‘대성건설이 잠실 주경기장을 공사비 대신 침수지 토지로 받는 제안을 승인받는다’가 남긴 즉시 과제는 이번 실행으로 구체 성과로 확인된다.,최승필이 퇴원하고 종일이 종희와의 교제를 인정하되 결혼 전 경계를 세운다; 치앙마이 바나나 보상과 대보건설 도발,L38,high
886,성공시대 886화,바나나,124740,124876,직전 화의 ‘종일이 서울종합운동장 기초를 점검하고 새 설계 역량 확보를 지시한다’가 만든 조건에서 치앙마이 바나나 보상과 대보건설 도발의 압박 단계가 시작된다.,‘치앙마이 바나나 7천 톤이 도착하자 종일은 수입 쿼터와 숙성 운송 방식을 확인한다’까지 가기 전에 ‘수입 제한과 농민 반발을 조작한 경쟁사의 공세가 그룹 이미지를 망친다’라는 압력을 넘을 수 있는가가 이 화의 독자 질문이다.,치앙마이 첫 수확을 직원 보상으로 전환하고 대보건설의 여론전을 막는다.,최승필이 퇴원하고 종일이 종희와의 교제를 인정하되 결혼 전 경계를 세운다.,수입 제한과 농민 반발을 조작한 경쟁사의 공세가 그룹 이미지를 망친다.,사업 규모 축이 치앙마이 바나나 보상과 대보건설 도발의 다음 단계로 이동한다.,유예: 경쟁자보다 먼저 물류·현장·시장 거점을 선점한다.,business,다음 판단의 기준이 ‘치앙마이 바나나 7천 톤이 도착하자 종일은 수입 쿼터와 숙성 운송 방식을 확인한다’로 옮겨 간다.,다음 회차에는 치앙마이 바나나 7천 톤이 도착하자 종일은 수입 쿼터와 숙성 운송 방식을 확인한다,직전 화의 ‘종일이 서울종합운동장 기초를 점검하고 새 설계 역량 확보를 지시한다’가 남긴 즉시 과제는 이번 실행으로 결론을 미룬 채 다음 압력으로 넘어간다.,치앙마이 바나나 7천 톤이 도착하자 종일은 수입 쿼터와 숙성 운송 방식을 확인한다; 치앙마이 바나나 보상과 대보건설 도발,L38,high
887,성공시대 887화,바나나,124877,125020,직전 화의 ‘최승필이 퇴원하고 종일이 종희와의 교제를 인정하되 결혼 전 경계를 세운다’가 만든 조건에서 치앙마이 바나나 보상과 대보건설 도발의 압박 단계가 시작된다.,‘종일이 바나나를 그룹 직원들에게 무상 배포해 농장 적자를 조직 사기 보상으로 바꾼다’까지 가기 전에 ‘수입 제한과 농민 반발을 조작한 경쟁사의 공세가 그룹 이미지를 망친다’라는 압력을 넘을 수 있는가가 이 화의 독자 질문이다.,치앙마이 첫 수확을 직원 보상으로 전환하고 대보건설의 여론전을 막는다.,치앙마이 바나나 7천 톤이 도착하자 종일은 수입 쿼터와 숙성 운송 방식을 확인한다.,수입 제한과 농민 반발을 조작한 경쟁사의 공세가 그룹 이미지를 망친다.,사업 규모 축이 치앙마이 바나나 보상과 대보건설 도발의 다음 단계로 이동한다.,지급: 계약·자금·기술 가운데 하나가 실제 자산으로 남는다.,business,다음 판단의 기준이 ‘종일이 바나나를 그룹 직원들에게 무상 배포해 농장 적자를 조직 사기 보상으로 바꾼다’로 옮겨 간다.,다음 회차에는 종일이 바나나를 그룹 직원들에게 무상 배포해 농장 적자를 조직 사기 보상으로 바꾼다,직전 화의 ‘최승필이 퇴원하고 종일이 종희와의 교제를 인정하되 결혼 전 경계를 세운다’가 남긴 즉시 과제는 이번 실행으로 구체 성과로 확인된다.,종일이 바나나를 그룹 직원들에게 무상 배포해 농장 적자를 조직 사기 보상으로 바꾼다; 치앙마이 바나나 보상과 대보건설 도발,L38,high
888,성공시대 888화,바나나,125021,125152,직전 화의 ‘치앙마이 바나나 7천 톤이 도착하자 종일은 수입 쿼터와 숙성 운송 방식을 확인한다’가 만든 조건에서 치앙마이 바나나 보상과 대보건설 도발의 압박 단계가 시작된다.,‘직원 김상섭 가족이 처음 바나나를 나누는 동안 대보건설은 고속도로 입찰 경쟁을 경계한다’까지 가기 전에 ‘수입 제한과 농민 반발을 조작한 경쟁사의 공세가 그룹 이미지를 망친다’라는 압력을 넘을 수 있는가가 이 화의 독자 질문이다.,치앙마이 첫 수확을 직원 보상으로 전환하고 대보건설의 여론전을 막는다.,종일이 바나나를 그룹 직원들에게 무상 배포해 농장 적자를 조직 사기 보상으로 바꾼다.,수입 제한과 농민 반발을 조작한 경쟁사의 공세가 그룹 이미지를 망친다.,사업 규모 축이 치앙마이 바나나 보상과 대보건설 도발의 다음 단계로 이동한다.,유예: 다음 투자 판단에 필요한 가격과 위험을 확보한다.,business,다음 판단의 기준이 ‘직원 김상섭 가족이 처음 바나나를 나누는 동안 대보건설은 고속도로 입찰 경쟁을 경계한다’로 옮겨 간다.,다음 회차에는 직원 김상섭 가족이 처음 바나나를 나누는 동안 대보건설은 고속도로 입찰 경쟁을 경계한다,직전 화의 ‘치앙마이 바나나 7천 톤이 도착하자 종일은 수입 쿼터와 숙성 운송 방식을 확인한다’가 남긴 즉시 과제는 이번 실행으로 결론을 미룬 채 다음 압력으로 넘어간다.,직원 김상섭 가족이 처음 바나나를 나누는 동안 대보건설은 고속도로 입찰 경쟁을 경계한다; 치앙마이 바나나 보상과 대보건설 도발,L38,high
889,성공시대 889화,바나나,125153,125299,직전 화의 ‘종일이 바나나를 그룹 직원들에게 무상 배포해 농장 적자를 조직 사기 보상으로 바꾼다’가 만든 조건에서 치앙마이 바나나 보상과 대보건설 도발의 전환 단계가 시작된다.,‘옥무철이 농민단체를 앞세워 대성의 바나나 수입을 공격할 여론전을 꾸민다’까지 가기 전에 ‘수입 제한과 농민 반발을 조작한 경쟁사의 공세가 그룹 이미지를 망친다’라는 압력을 넘을 수 있는가가 이 화의 독자 질문이다.,치앙마이 첫 수확을 직원 보상으로 전환하고 대보건설의 여론전을 막는다.,직원 김상섭 가족이 처음 바나나를 나누는 동안 대보건설은 고속도로 입찰 경쟁을 경계한다.,수입 제한과 농민 반발을 조작한 경쟁사의 공세가 그룹 이미지를 망친다.,사업 규모 축이 치앙마이 바나나 보상과 대보건설 도발의 다음 단계로 이동한다.,유예: 조직 실행력과 장기 현금흐름의 기반을 넓힌다.,business,다음 판단의 기준이 ‘옥무철이 농민단체를 앞세워 대성의 바나나 수입을 공격할 여론전을 꾸민다’로 옮겨 간다.,다음 회차에는 옥무철이 농민단체를 앞세워 대성의 바나나 수입을 공격할 여론전을 꾸민다,직전 화의 ‘종일이 바나나를 그룹 직원들에게 무상 배포해 농장 적자를 조직 사기 보상으로 바꾼다’가 남긴 즉시 과제는 이번 실행으로 결론을 미룬 채 다음 압력으로 넘어간다.,옥무철이 농민단체를 앞세워 대성의 바나나 수입을 공격할 여론전을 꾸민다; 치앙마이 바나나 보상과 대보건설 도발,L38,high
890,성공시대 890화,바나나,125300,125463,직전 화의 ‘직원 김상섭 가족이 처음 바나나를 나누는 동안 대보건설은 고속도로 입찰 경쟁을 경계한다’가 만든 조건에서 치앙마이 바나나 보상과 대보건설 도발의 결산 단계가 시작된다.,‘본사 앞 시위가 시작되자 종일은 청와대 우려까지 받으며 배후 추적을 명령한다’까지 가기 전에 ‘수입 제한과 농민 반발을 조작한 경쟁사의 공세가 그룹 이미지를 망친다’라는 압력을 넘을 수 있는가가 이 화의 독자 질문이다.,치앙마이 첫 수확을 직원 보상으로 전환하고 대보건설의 여론전을 막는다.,옥무철이 농민단체를 앞세워 대성의 바나나 수입을 공격할 여론전을 꾸민다.,수입 제한과 농민 반발을 조작한 경쟁사의 공세가 그룹 이미지를 망친다.,사업 규모 축이 치앙마이 바나나 보상과 대보건설 도발의 가시적 결산으로 이동한다.,부분 지급: 경쟁자보다 먼저 물류·현장·시장 거점을 선점한다.,business,다음 판단의 기준이 ‘본사 앞 시위가 시작되자 종일은 청와대 우려까지 받으며 배후 추적을 명령한다’로 옮겨 간다.,다음 회차에는 본사 앞 시위가 시작되자 종일은 청와대 우려까지 받으며 배후 추적을 명령한다,직전 화의 ‘직원 김상섭 가족이 처음 바나나를 나누는 동안 대보건설은 고속도로 입찰 경쟁을 경계한다’가 남긴 즉시 과제는 이번 실행으로 일부 결과를 얻고 남은 비용만 다음 화로 넘긴다.,본사 앞 시위가 시작되자 종일은 청와대 우려까지 받으며 배후 추적을 명령한다; 치앙마이 바나나 보상과 대보건설 도발,L38,high
891,성공시대 891화,바나나,125464,125612,직전 화의 ‘옥무철이 농민단체를 앞세워 대성의 바나나 수입을 공격할 여론전을 꾸민다’가 만든 조건에서 치앙마이 바나나 보상과 대보건설 도발의 결산 단계가 시작된다.,‘대성이 시위대 돈거래를 덮치고 조덕출이 이윤구의 지시를 현장에서 자백한다’까지 가기 전에 ‘수입 제한과 농민 반발을 조작한 경쟁사의 공세가 그룹 이미지를 망친다’라는 압력을 넘을 수 있는가가 이 화의 독자 질문이다.,치앙마이 첫 수확을 직원 보상으로 전환하고 대보건설의 여론전을 막는다.,본사 앞 시위가 시작되자 종일은 청와대 우려까지 받으며 배후 추적을 명령한다.,수입 제한과 농민 반발을 조작한 경쟁사의 공세가 그룹 이미지를 망친다.,사업 규모 축이 치앙마이 바나나 보상과 대보건설 도발의 가시적 결산으로 이동한다.,부분 지급: 계약·자금·기술 가운데 하나가 실제 자산으로 남는다.,business,다음 판단의 기준이 ‘대성이 시위대 돈거래를 덮치고 조덕출이 이윤구의 지시를 현장에서 자백한다’로 옮겨 간다.,다음 회차에는 대성이 시위대 돈거래를 덮치고 조덕출이 이윤구의 지시를 현장에서 자백한다,직전 화의 ‘옥무철이 농민단체를 앞세워 대성의 바나나 수입을 공격할 여론전을 꾸민다’가 남긴 즉시 과제는 이번 실행으로 일부 결과를 얻고 남은 비용만 다음 화로 넘긴다.,대성이 시위대 돈거래를 덮치고 조덕출이 이윤구의 지시를 현장에서 자백한다; 다음 소제목 #그러게 왜 건드려,L38,high
892,성공시대 892화,그러게 왜 건드려,125613,125752,"직전 화의 ‘본사 앞 시위가 시작되자 종일은 청와대 우려까지 받으며 배후 추적을 명령한다’가 한 국면을 닫은 뒤, 이 화 안의 원문 #그러게 왜 건드려 전환이 대보건설 배후 폭로와 검찰 역공을 연다.",‘검찰이 이윤구를 국가보안법 카드로 압박하고 종일은 바나나의 일본 수출 전환을 지시한다’까지 가기 전에 ‘약자인 농민을 공격하는 모양이 되면 사실을 밝혀도 대성만 여론 손해를 본다’라는 압력을 넘을 수 있는가가 이 화의 독자 질문이다.,조작 시위의 배후를 입증해 대성의 평판을 회복하고 경쟁사를 입찰에서 밀어낸다.,대성이 시위대 돈거래를 덮치고 조덕출이 이윤구의 지시를 현장에서 자백한다.,약자인 농민을 공격하는 모양이 되면 사실을 밝혀도 대성만 여론 손해를 본다.,국제 지위 축이 대보건설 배후 폭로와 검찰 역공의 다음 단계로 이동한다.,유예: 적대 인물이 우군으로 바뀌어 영향력의 외연이 넓어진다.,status,다음 판단의 기준이 ‘검찰이 이윤구를 국가보안법 카드로 압박하고 종일은 바나나의 일본 수출 전환을 지시한다’로 옮겨 간다.,다음 회차에는 검찰이 이윤구를 국가보안법 카드로 압박하고 종일은 바나나의 일본 수출 전환을 지시한다,직전 화의 ‘본사 앞 시위가 시작되자 종일은 청와대 우려까지 받으며 배후 추적을 명령한다’가 남긴 즉시 과제는 이번 실행으로 결론을 미룬 채 다음 압력으로 넘어간다.,검찰이 이윤구를 국가보안법 카드로 압박하고 종일은 바나나의 일본 수출 전환을 지시한다; 대보건설 배후 폭로와 검찰 역공,L39,high
893,성공시대 893화,그러게 왜 건드려,125753,125880,직전 화의 ‘대성이 시위대 돈거래를 덮치고 조덕출이 이윤구의 지시를 현장에서 자백한다’가 만든 조건에서 대보건설 배후 폭로와 검찰 역공의 압박 단계가 시작된다.,‘김종필이 사건을 야권 수사 후폭풍 완화에 활용하고 옥무철까지 조사하라고 힘을 보탠다’까지 가기 전에 ‘약자인 농민을 공격하는 모양이 되면 사실을 밝혀도 대성만 여론 손해를 본다’라는 압력을 넘을 수 있는가가 이 화의 독자 질문이다.,조작 시위의 배후를 입증해 대성의 평판을 회복하고 경쟁사를 입찰에서 밀어낸다.,검찰이 이윤구를 국가보안법 카드로 압박하고 종일은 바나나의 일본 수출 전환을 지시한다.,약자인 농민을 공격하는 모양이 되면 사실을 밝혀도 대성만 여론 손해를 본다.,국제 지위 축이 대보건설 배후 폭로와 검찰 역공의 다음 단계로 이동한다.,유예: 국가적 성취가 종일과 실무진의 공적 보상으로 돌아온다.,status,다음 판단의 기준이 ‘김종필이 사건을 야권 수사 후폭풍 완화에 활용하고 옥무철까지 조사하라고 힘을 보탠다’로 옮겨 간다.,다음 회차에는 김종필이 사건을 야권 수사 후폭풍 완화에 활용하고 옥무철까지 조사하라고 힘을 보탠다,직전 화의 ‘대성이 시위대 돈거래를 덮치고 조덕출이 이윤구의 지시를 현장에서 자백한다’가 남긴 즉시 과제는 이번 실행으로 결론을 미룬 채 다음 압력으로 넘어간다.,김종필이 사건을 야권 수사 후폭풍 완화에 활용하고 옥무철까지 조사하라고 힘을 보탠다; 대보건설 배후 폭로와 검찰 역공,L39,high
894,성공시대 894화,그러게 왜 건드려,125881,126015,직전 화의 ‘검찰이 이윤구를 국가보안법 카드로 압박하고 종일은 바나나의 일본 수출 전환을 지시한다’가 만든 조건에서 대보건설 배후 폭로와 검찰 역공의 압박 단계가 시작된다.,‘서울종합운동장 현장에서 종일은 고속도로를 직접 따기보다 헌대건설을 지원할 우회책을 듣는다’까지 가기 전에 ‘약자인 농민을 공격하는 모양이 되면 사실을 밝혀도 대성만 여론 손해를 본다’라는 압력을 넘을 수 있는가가 이 화의 독자 질문이다.,조작 시위의 배후를 입증해 대성의 평판을 회복하고 경쟁사를 입찰에서 밀어낸다.,김종필이 사건을 야권 수사 후폭풍 완화에 활용하고 옥무철까지 조사하라고 힘을 보탠다.,약자인 농민을 공격하는 모양이 되면 사실을 밝혀도 대성만 여론 손해를 본다.,국제 지위 축이 대보건설 배후 폭로와 검찰 역공의 다음 단계로 이동한다.,유예: 서울 또는 대성의 국제 신뢰와 협상력이 한 단계 오른다.,status,다음 판단의 기준이 ‘서울종합운동장 현장에서 종일은 고속도로를 직접 따기보다 헌대건설을 지원할 우회책을 듣는다’로 옮겨 간다.,다음 회차에는 서울종합운동장 현장에서 종일은 고속도로를 직접 따기보다 헌대건설을 지원할 우회책을 듣는다,직전 화의 ‘검찰이 이윤구를 국가보안법 카드로 압박하고 종일은 바나나의 일본 수출 전환을 지시한다’가 남긴 즉시 과제는 이번 실행으로 결론을 미룬 채 다음 압력으로 넘어간다.,서울종합운동장 현장에서 종일은 고속도로를 직접 따기보다 헌대건설을 지원할 우회책을 듣는다; 대보건설 배후 폭로와 검찰 역공,L39,high
895,성공시대 895화,그러게 왜 건드려,126016,126157,직전 화의 ‘김종필이 사건을 야권 수사 후폭풍 완화에 활용하고 옥무철까지 조사하라고 힘을 보탠다’가 만든 조건에서 대보건설 배후 폭로와 검찰 역공의 전환 단계가 시작된다.,‘옥무철 측이 이윤구에게 책임을 떠넘기려 하자 배신감을 품은 이윤구가 조건부 자백을 택한다’까지 가기 전에 ‘약자인 농민을 공격하는 모양이 되면 사실을 밝혀도 대성만 여론 손해를 본다’라는 압력을 넘을 수 있는가가 이 화의 독자 질문이다.,조작 시위의 배후를 입증해 대성의 평판을 회복하고 경쟁사를 입찰에서 밀어낸다.,서울종합운동장 현장에서 종일은 고속도로를 직접 따기보다 헌대건설을 지원할 우회책을 듣는다.,약자인 농민을 공격하는 모양이 되면 사실을 밝혀도 대성만 여론 손해를 본다.,국제 지위 축이 대보건설 배후 폭로와 검찰 역공의 다음 단계로 이동한다.,유예: 말뿐이던 지지·명예가 표나 계약으로 환원된다.,status,다음 판단의 기준이 ‘옥무철 측이 이윤구에게 책임을 떠넘기려 하자 배신감을 품은 이윤구가 조건부 자백을 택한다’로 옮겨 간다.,다음 회차에는 옥무철 측이 이윤구에게 책임을 떠넘기려 하자 배신감을 품은 이윤구가 조건부 자백을 택한다,직전 화의 ‘김종필이 사건을 야권 수사 후폭풍 완화에 활용하고 옥무철까지 조사하라고 힘을 보탠다’가 남긴 즉시 과제는 이번 실행으로 결론을 미룬 채 다음 압력으로 넘어간다.,옥무철 측이 이윤구에게 책임을 떠넘기려 하자 배신감을 품은 이윤구가 조건부 자백을 택한다; 대보건설 배후 폭로와 검찰 역공,L39,high
896,성공시대 896화,그러게 왜 건드려,126158,126301,직전 화의 ‘서울종합운동장 현장에서 종일은 고속도로를 직접 따기보다 헌대건설을 지원할 우회책을 듣는다’가 만든 조건에서 대보건설 배후 폭로와 검찰 역공의 전환 단계가 시작된다.,‘올림픽 지지표가 크게 늘어난 날 옥무철이 검찰 출두를 앞두고 증언 방식을 준비한다’까지 가기 전에 ‘약자인 농민을 공격하는 모양이 되면 사실을 밝혀도 대성만 여론 손해를 본다’라는 압력을 넘을 수 있는가가 이 화의 독자 질문이다.,조작 시위의 배후를 입증해 대성의 평판을 회복하고 경쟁사를 입찰에서 밀어낸다.,옥무철 측이 이윤구에게 책임을 떠넘기려 하자 배신감을 품은 이윤구가 조건부 자백을 택한다.,약자인 농민을 공격하는 모양이 되면 사실을 밝혀도 대성만 여론 손해를 본다.,국제 지위 축이 대보건설 배후 폭로와 검찰 역공의 다음 단계로 이동한다.,유예: 적대 인물이 우군으로 바뀌어 영향력의 외연이 넓어진다.,status,다음 판단의 기준이 ‘올림픽 지지표가 크게 늘어난 날 옥무철이 검찰 출두를 앞두고 증언 방식을 준비한다’로 옮겨 간다.,다음 회차에는 올림픽 지지표가 크게 늘어난 날 옥무철이 검찰 출두를 앞두고 증언 방식을 준비한다,직전 화의 ‘서울종합운동장 현장에서 종일은 고속도로를 직접 따기보다 헌대건설을 지원할 우회책을 듣는다’가 남긴 즉시 과제는 이번 실행으로 결론을 미룬 채 다음 압력으로 넘어간다.,올림픽 지지표가 크게 늘어난 날 옥무철이 검찰 출두를 앞두고 증언 방식을 준비한다; 대보건설 배후 폭로와 검찰 역공,L39,high
897,성공시대 897화,그러게 왜 건드려,126302,126451,직전 화의 ‘옥무철 측이 이윤구에게 책임을 떠넘기려 하자 배신감을 품은 이윤구가 조건부 자백을 택한다’가 만든 조건에서 대보건설 배후 폭로와 검찰 역공의 결산 단계가 시작된다.,‘대보건설이 보증을 구하지 못해 입찰에서 흔들리는 사이 일본 정부가 다슬러 회유에 나선다’까지 가기 전에 ‘약자인 농민을 공격하는 모양이 되면 사실을 밝혀도 대성만 여론 손해를 본다’라는 압력을 넘을 수 있는가가 이 화의 독자 질문이다.,조작 시위의 배후를 입증해 대성의 평판을 회복하고 경쟁사를 입찰에서 밀어낸다.,올림픽 지지표가 크게 늘어난 날 옥무철이 검찰 출두를 앞두고 증언 방식을 준비한다.,약자인 농민을 공격하는 모양이 되면 사실을 밝혀도 대성만 여론 손해를 본다.,국제 지위 축이 대보건설 배후 폭로와 검찰 역공의 가시적 결산으로 이동한다.,지급: 국가적 성취가 종일과 실무진의 공적 보상으로 돌아온다.,status,다음 판단의 기준이 ‘대보건설이 보증을 구하지 못해 입찰에서 흔들리는 사이 일본 정부가 다슬러 회유에 나선다’로 옮겨 간다.,다음 회차에는 대보건설이 보증을 구하지 못해 입찰에서 흔들리는 사이 일본 정부가 다슬러 회유에 나선다,직전 화의 ‘옥무철 측이 이윤구에게 책임을 떠넘기려 하자 배신감을 품은 이윤구가 조건부 자백을 택한다’가 남긴 즉시 과제는 이번 실행으로 구체 성과로 확인된다.,대보건설이 보증을 구하지 못해 입찰에서 흔들리는 사이 일본 정부가 다슬러 회유에 나선다; 다음 소제목 #일본의 반격,L39,high
898,성공시대 898화,일본의 반격,126452,126583,"직전 화의 ‘올림픽 지지표가 크게 늘어난 날 옥무철이 검찰 출두를 앞두고 증언 방식을 준비한다’가 한 국면을 닫은 뒤, 이 화 안의 원문 #일본의 반격 전환이 IOC 금권 매수와 평화 선언 역공을 연다.",‘다나카가 아디다스에 더 큰 조건을 제시하지만 다슬러는 서울과의 신뢰를 택해 거절한다’까지 가기 전에 ‘일본의 경제원조 규모가 한국의 민간 외교 자원을 압도해 과반을 굳힌다’라는 압력을 넘을 수 있는가가 이 화의 독자 질문이다.,일본의 아프리카·남미 표 매수를 드러내고 서울 지지 연합을 다시 세운다.,대보건설이 보증을 구하지 못해 입찰에서 흔들리는 사이 일본 정부가 다슬러 회유에 나선다.,일본의 경제원조 규모가 한국의 민간 외교 자원을 압도해 과반을 굳힌다.,국제 지위 축이 IOC 금권 매수와 평화 선언 역공의 다음 단계로 이동한다.,지급: 말뿐이던 지지·명예가 표나 계약으로 환원된다.,status,다음 판단의 기준이 ‘다나카가 아디다스에 더 큰 조건을 제시하지만 다슬러는 서울과의 신뢰를 택해 거절한다’로 옮겨 간다.,다음 회차에는 다나카가 아디다스에 더 큰 조건을 제시하지만 다슬러는 서울과의 신뢰를 택해 거절한다,직전 화의 ‘올림픽 지지표가 크게 늘어난 날 옥무철이 검찰 출두를 앞두고 증언 방식을 준비한다’가 남긴 즉시 과제는 이번 실행으로 구체 성과로 확인된다.,다나카가 아디다스에 더 큰 조건을 제시하지만 다슬러는 서울과의 신뢰를 택해 거절한다; IOC 금권 매수와 평화 선언 역공,L40,high
899,성공시대 899화,일본의 반격,126584,126716,직전 화의 ‘대보건설이 보증을 구하지 못해 입찰에서 흔들리는 사이 일본 정부가 다슬러 회유에 나선다’가 만든 조건에서 IOC 금권 매수와 평화 선언 역공의 압박 단계가 시작된다.,‘일본이 아프리카 IOC 위원 열 명을 원조·현금으로 회유하고 대통령은 남북 평화 선언문을 종일에게 보여 준다’까지 가기 전에 ‘일본의 경제원조 규모가 한국의 민간 외교 자원을 압도해 과반을 굳힌다’라는 압력을 넘을 수 있는가가 이 화의 독자 질문이다.,일본의 아프리카·남미 표 매수를 드러내고 서울 지지 연합을 다시 세운다.,다나카가 아디다스에 더 큰 조건을 제시하지만 다슬러는 서울과의 신뢰를 택해 거절한다.,일본의 경제원조 규모가 한국의 민간 외교 자원을 압도해 과반을 굳힌다.,국제 지위 축이 IOC 금권 매수와 평화 선언 역공의 다음 단계로 이동한다.,유예: 적대 인물이 우군으로 바뀌어 영향력의 외연이 넓어진다.,status,다음 판단의 기준이 ‘일본이 아프리카 IOC 위원 열 명을 원조·현금으로 회유하고 대통령은 남북 평화 선언문을 종일에게 보여 준다’로 옮겨 간다.,다음 회차에는 일본이 아프리카 IOC 위원 열 명을 원조·현금으로 회유하고 대통령은 남북 평화 선언문을 종일에게 보여 준다,직전 화의 ‘대보건설이 보증을 구하지 못해 입찰에서 흔들리는 사이 일본 정부가 다슬러 회유에 나선다’가 남긴 즉시 과제는 이번 실행으로 결론을 미룬 채 다음 압력으로 넘어간다.,일본이 아프리카 IOC 위원 열 명을 원조·현금으로 회유하고 대통령은 남북 평화 선언문을 종일에게 보여 준다; IOC 금권 매수와 평화 선언 역공,L40,high
900,성공시대 900화,일본의 반격,126717,126840,직전 화의 ‘다나카가 아디다스에 더 큰 조건을 제시하지만 다슬러는 서울과의 신뢰를 택해 거절한다’가 만든 조건에서 IOC 금권 매수와 평화 선언 역공의 압박 단계가 시작된다.,‘종일이 평화 선언의 올림픽 효과와 농축산업 안보를 대통령에게 설명하는 사이 일본은 와리스를 매수한다’까지 가기 전에 ‘일본의 경제원조 규모가 한국의 민간 외교 자원을 압도해 과반을 굳힌다’라는 압력을 넘을 수 있는가가 이 화의 독자 질문이다.,일본의 아프리카·남미 표 매수를 드러내고 서울 지지 연합을 다시 세운다.,일본이 아프리카 IOC 위원 열 명을 원조·현금으로 회유하고 대통령은 남북 평화 선언문을 종일에게 보여 준다.,일본의 경제원조 규모가 한국의 민간 외교 자원을 압도해 과반을 굳힌다.,국제 지위 축이 IOC 금권 매수와 평화 선언 역공의 다음 단계로 이동한다.,유예: 국가적 성취가 종일과 실무진의 공적 보상으로 돌아온다.,status,다음 판단의 기준이 ‘종일이 평화 선언의 올림픽 효과와 농축산업 안보를 대통령에게 설명하는 사이 일본은 와리스를 매수한다’로 옮겨 간다.,다음 회차에는 종일이 평화 선언의 올림픽 효과와 농축산업 안보를 대통령에게 설명하는 사이 일본은 와리스를 매수한다,직전 화의 ‘다나카가 아디다스에 더 큰 조건을 제시하지만 다슬러는 서울과의 신뢰를 택해 거절한다’가 남긴 즉시 과제는 이번 실행으로 결론을 미룬 채 다음 압력으로 넘어간다.,종일이 평화 선언의 올림픽 효과와 농축산업 안보를 대통령에게 설명하는 사이 일본은 와리스를 매수한다; IOC 금권 매수와 평화 선언 역공,L40,high
901,성공시대 901화,일본의 반격,126841,126967,직전 화의 ‘일본이 아프리카 IOC 위원 열 명을 원조·현금으로 회유하고 대통령은 남북 평화 선언문을 종일에게 보여 준다’가 만든 조건에서 IOC 금권 매수와 평화 선언 역공의 압박 단계가 시작된다.,‘아프리카·남미 열 표가 나고야로 이동하고 유학성이 일본의 체육계 집중 원조를 포착한다’까지 가기 전에 ‘일본의 경제원조 규모가 한국의 민간 외교 자원을 압도해 과반을 굳힌다’라는 압력을 넘을 수 있는가가 이 화의 독자 질문이다.,일본의 아프리카·남미 표 매수를 드러내고 서울 지지 연합을 다시 세운다.,종일이 평화 선언의 올림픽 효과와 농축산업 안보를 대통령에게 설명하는 사이 일본은 와리스를 매수한다.,일본의 경제원조 규모가 한국의 민간 외교 자원을 압도해 과반을 굳힌다.,국제 지위 축이 IOC 금권 매수와 평화 선언 역공의 다음 단계로 이동한다.,유예: 서울 또는 대성의 국제 신뢰와 협상력이 한 단계 오른다.,status,다음 판단의 기준이 ‘아프리카·남미 열 표가 나고야로 이동하고 유학성이 일본의 체육계 집중 원조를 포착한다’로 옮겨 간다.,다음 회차에는 아프리카·남미 열 표가 나고야로 이동하고 유학성이 일본의 체육계 집중 원조를 포착한다,직전 화의 ‘일본이 아프리카 IOC 위원 열 명을 원조·현금으로 회유하고 대통령은 남북 평화 선언문을 종일에게 보여 준다’가 남긴 즉시 과제는 이번 실행으로 결론을 미룬 채 다음 압력으로 넘어간다.,아프리카·남미 열 표가 나고야로 이동하고 유학성이 일본의 체육계 집중 원조를 포착한다; IOC 금권 매수와 평화 선언 역공,L40,high
902,성공시대 902화,일본의 반격,126968,127094,직전 화의 ‘종일이 평화 선언의 올림픽 효과와 농축산업 안보를 대통령에게 설명하는 사이 일본은 와리스를 매수한다’가 만든 조건에서 IOC 금권 매수와 평화 선언 역공의 전환 단계가 시작된다.,‘일본이 49표 확보를 자축하자 종일은 다슬러와 돈 공세의 오만을 역이용할 계획을 세운다’까지 가기 전에 ‘일본의 경제원조 규모가 한국의 민간 외교 자원을 압도해 과반을 굳힌다’라는 압력을 넘을 수 있는가가 이 화의 독자 질문이다.,일본의 아프리카·남미 표 매수를 드러내고 서울 지지 연합을 다시 세운다.,아프리카·남미 열 표가 나고야로 이동하고 유학성이 일본의 체육계 집중 원조를 포착한다.,일본의 경제원조 규모가 한국의 민간 외교 자원을 압도해 과반을 굳힌다.,국제 지위 축이 IOC 금권 매수와 평화 선언 역공의 다음 단계로 이동한다.,유예: 말뿐이던 지지·명예가 표나 계약으로 환원된다.,status,다음 판단의 기준이 ‘일본이 49표 확보를 자축하자 종일은 다슬러와 돈 공세의 오만을 역이용할 계획을 세운다’로 옮겨 간다.,다음 회차에는 일본이 49표 확보를 자축하자 종일은 다슬러와 돈 공세의 오만을 역이용할 계획을 세운다,직전 화의 ‘종일이 평화 선언의 올림픽 효과와 농축산업 안보를 대통령에게 설명하는 사이 일본은 와리스를 매수한다’가 남긴 즉시 과제는 이번 실행으로 결론을 미룬 채 다음 압력으로 넘어간다.,일본이 49표 확보를 자축하자 종일은 다슬러와 돈 공세의 오만을 역이용할 계획을 세운다; IOC 금권 매수와 평화 선언 역공,L40,high
903,성공시대 903화,일본의 반격,127095,127223,직전 화의 ‘아프리카·남미 열 표가 나고야로 이동하고 유학성이 일본의 체육계 집중 원조를 포착한다’가 만든 조건에서 IOC 금권 매수와 평화 선언 역공의 결산 단계가 시작된다.,‘대통령이 한반도 평화 선언을 발표해 분단 위험을 올림픽 평화 명분으로 전환한다’까지 가기 전에 ‘일본의 경제원조 규모가 한국의 민간 외교 자원을 압도해 과반을 굳힌다’라는 압력을 넘을 수 있는가가 이 화의 독자 질문이다.,일본의 아프리카·남미 표 매수를 드러내고 서울 지지 연합을 다시 세운다.,일본이 49표 확보를 자축하자 종일은 다슬러와 돈 공세의 오만을 역이용할 계획을 세운다.,일본의 경제원조 규모가 한국의 민간 외교 자원을 압도해 과반을 굳힌다.,국제 지위 축이 IOC 금권 매수와 평화 선언 역공의 가시적 결산으로 이동한다.,지급: 적대 인물이 우군으로 바뀌어 영향력의 외연이 넓어진다.,status,다음 판단의 기준이 ‘대통령이 한반도 평화 선언을 발표해 분단 위험을 올림픽 평화 명분으로 전환한다’로 옮겨 간다.,다음 회차에는 대통령이 한반도 평화 선언을 발표해 분단 위험을 올림픽 평화 명분으로 전환한다,직전 화의 ‘아프리카·남미 열 표가 나고야로 이동하고 유학성이 일본의 체육계 집중 원조를 포착한다’가 남긴 즉시 과제는 이번 실행으로 구체 성과로 확인된다.,대통령이 한반도 평화 선언을 발표해 분단 위험을 올림픽 평화 명분으로 전환한다; IOC 금권 매수와 평화 선언 역공,L40,high
904,성공시대 904화,일본의 반격,127224,127331,직전 화의 ‘일본이 49표 확보를 자축하자 종일은 다슬러와 돈 공세의 오만을 역이용할 계획을 세운다’가 만든 조건에서 IOC 금권 매수와 평화 선언 역공의 결산 단계가 시작된다.,‘종일 가족이 최승필 복귀를 논하고 대보건설이 내놓은 경기고 인근 9700평을 검토한다’까지 가기 전에 ‘일본의 경제원조 규모가 한국의 민간 외교 자원을 압도해 과반을 굳힌다’라는 압력을 넘을 수 있는가가 이 화의 독자 질문이다.,일본의 아프리카·남미 표 매수를 드러내고 서울 지지 연합을 다시 세운다.,대통령이 한반도 평화 선언을 발표해 분단 위험을 올림픽 평화 명분으로 전환한다.,일본의 경제원조 규모가 한국의 민간 외교 자원을 압도해 과반을 굳힌다.,국제 지위 축이 IOC 금권 매수와 평화 선언 역공의 가시적 결산으로 이동한다.,부분 지급: 국가적 성취가 종일과 실무진의 공적 보상으로 돌아온다.,status,다음 판단의 기준이 ‘종일 가족이 최승필 복귀를 논하고 대보건설이 내놓은 경기고 인근 9700평을 검토한다’로 옮겨 간다.,다음 회차에는 종일 가족이 최승필 복귀를 논하고 대보건설이 내놓은 경기고 인근 9700평을 검토한다,직전 화의 ‘일본이 49표 확보를 자축하자 종일은 다슬러와 돈 공세의 오만을 역이용할 계획을 세운다’가 남긴 즉시 과제는 이번 실행으로 일부 결과를 얻고 남은 비용만 다음 화로 넘긴다.,종일 가족이 최승필 복귀를 논하고 대보건설이 내놓은 경기고 인근 9700평을 검토한다; 다음 소제목 #여파,L40,high
905,성공시대 905화,여파,127332,127483,"직전 화의 ‘대통령이 한반도 평화 선언을 발표해 분단 위험을 올림픽 평화 명분으로 전환한다’가 한 국면을 닫은 뒤, 이 화 안의 원문 #여파 전환이 평화 선언 여파와 야권 원내 복귀을 연다.",‘김영삼이 명분을 만들어 장외투쟁에서 빠질 길을 찾고 대통령은 북한에 평화 친서를 보낸다’까지 가기 전에 ‘야권의 장외투쟁과 근거 부족한 매수 의혹이 국내외 신뢰를 동시에 깎는다’라는 압력을 넘을 수 있는가가 이 화의 독자 질문이다.,평화 선언의 외교 성과를 지키면서 정치 수사와 올림픽 폭로전의 후폭풍을 정리한다.,종일 가족이 최승필 복귀를 논하고 대보건설이 내놓은 경기고 인근 9700평을 검토한다.,야권의 장외투쟁과 근거 부족한 매수 의혹이 국내외 신뢰를 동시에 깎는다.,정치 권력 축이 평화 선언 여파와 야권 원내 복귀의 다음 단계로 이동한다.,지급: 정치적 생존 공간과 대응 시한을 번다.,politics,다음 판단의 기준이 ‘김영삼이 명분을 만들어 장외투쟁에서 빠질 길을 찾고 대통령은 북한에 평화 친서를 보낸다’로 옮겨 간다.,다음 회차에는 김영삼이 명분을 만들어 장외투쟁에서 빠질 길을 찾고 대통령은 북한에 평화 친서를 보낸다,직전 화의 ‘대통령이 한반도 평화 선언을 발표해 분단 위험을 올림픽 평화 명분으로 전환한다’가 남긴 즉시 과제는 이번 실행으로 구체 성과로 확인된다.,김영삼이 명분을 만들어 장외투쟁에서 빠질 길을 찾고 대통령은 북한에 평화 친서를 보낸다; 평화 선언 여파와 야권 원내 복귀,L41,high
906,성공시대 906화,여파,127484,127618,직전 화의 ‘종일 가족이 최승필 복귀를 논하고 대보건설이 내놓은 경기고 인근 9700평을 검토한다’가 만든 조건에서 평화 선언 여파와 야권 원내 복귀의 압박 단계가 시작된다.,‘신민당이 국회 복귀를 선언해 민정당을 고립시키고 일본은 매수 의혹에 물증이 없다고 버틴다’까지 가기 전에 ‘야권의 장외투쟁과 근거 부족한 매수 의혹이 국내외 신뢰를 동시에 깎는다’라는 압력을 넘을 수 있는가가 이 화의 독자 질문이다.,평화 선언의 외교 성과를 지키면서 정치 수사와 올림픽 폭로전의 후폭풍을 정리한다.,김영삼이 명분을 만들어 장외투쟁에서 빠질 길을 찾고 대통령은 북한에 평화 친서를 보낸다.,야권의 장외투쟁과 근거 부족한 매수 의혹이 국내외 신뢰를 동시에 깎는다.,정치 권력 축이 평화 선언 여파와 야권 원내 복귀의 다음 단계로 이동한다.,유예: 동맹 또는 공적 명분을 확보한다.,politics,다음 판단의 기준이 ‘신민당이 국회 복귀를 선언해 민정당을 고립시키고 일본은 매수 의혹에 물증이 없다고 버틴다’로 옮겨 간다.,다음 회차에는 신민당이 국회 복귀를 선언해 민정당을 고립시키고 일본은 매수 의혹에 물증이 없다고 버틴다,직전 화의 ‘종일 가족이 최승필 복귀를 논하고 대보건설이 내놓은 경기고 인근 9700평을 검토한다’가 남긴 즉시 과제는 이번 실행으로 결론을 미룬 채 다음 압력으로 넘어간다.,신민당이 국회 복귀를 선언해 민정당을 고립시키고 일본은 매수 의혹에 물증이 없다고 버틴다; 평화 선언 여파와 야권 원내 복귀,L41,high
907,성공시대 907화,여파,127619,127745,직전 화의 ‘김영삼이 명분을 만들어 장외투쟁에서 빠질 길을 찾고 대통령은 북한에 평화 친서를 보낸다’가 만든 조건에서 평화 선언 여파와 야권 원내 복귀의 전환 단계가 시작된다.,‘다나카가 스캔들을 발악으로 치부하는 사이 다슬러는 사마란치와 IOC 위기 해법을 논의한다’까지 가기 전에 ‘야권의 장외투쟁과 근거 부족한 매수 의혹이 국내외 신뢰를 동시에 깎는다’라는 압력을 넘을 수 있는가가 이 화의 독자 질문이다.,평화 선언의 외교 성과를 지키면서 정치 수사와 올림픽 폭로전의 후폭풍을 정리한다.,신민당이 국회 복귀를 선언해 민정당을 고립시키고 일본은 매수 의혹에 물증이 없다고 버틴다.,야권의 장외투쟁과 근거 부족한 매수 의혹이 국내외 신뢰를 동시에 깎는다.,정치 권력 축이 평화 선언 여파와 야권 원내 복귀의 다음 단계로 이동한다.,지급: 상대의 거짓말과 취약점이 가시화된다.,politics,다음 판단의 기준이 ‘다나카가 스캔들을 발악으로 치부하는 사이 다슬러는 사마란치와 IOC 위기 해법을 논의한다’로 옮겨 간다.,다음 회차에는 다나카가 스캔들을 발악으로 치부하는 사이 다슬러는 사마란치와 IOC 위기 해법을 논의한다,직전 화의 ‘김영삼이 명분을 만들어 장외투쟁에서 빠질 길을 찾고 대통령은 북한에 평화 친서를 보낸다’가 남긴 즉시 과제는 이번 실행으로 구체 성과로 확인된다.,다나카가 스캔들을 발악으로 치부하는 사이 다슬러는 사마란치와 IOC 위기 해법을 논의한다; 평화 선언 여파와 야권 원내 복귀,L41,high
908,성공시대 908화,여파,127746,127902,직전 화의 ‘신민당이 국회 복귀를 선언해 민정당을 고립시키고 일본은 매수 의혹에 물증이 없다고 버틴다’가 만든 조건에서 평화 선언 여파와 야권 원내 복귀의 결산 단계가 시작된다.,‘다슬러가 매수 증거를 사마란치에게 넘겨 IOC 위원 열 명을 상벌위원회에 세울 결단을 요구한다’까지 가기 전에 ‘야권의 장외투쟁과 근거 부족한 매수 의혹이 국내외 신뢰를 동시에 깎는다’라는 압력을 넘을 수 있는가가 이 화의 독자 질문이다.,평화 선언의 외교 성과를 지키면서 정치 수사와 올림픽 폭로전의 후폭풍을 정리한다.,다나카가 스캔들을 발악으로 치부하는 사이 다슬러는 사마란치와 IOC 위기 해법을 논의한다.,야권의 장외투쟁과 근거 부족한 매수 의혹이 국내외 신뢰를 동시에 깎는다.,정치 권력 축이 평화 선언 여파와 야권 원내 복귀의 가시적 결산으로 이동한다.,부분 지급: 공격 주체와 권력선이 선명해진다.,politics,다음 판단의 기준이 ‘다슬러가 매수 증거를 사마란치에게 넘겨 IOC 위원 열 명을 상벌위원회에 세울 결단을 요구한다’로 옮겨 간다.,다음 회차에는 다슬러가 매수 증거를 사마란치에게 넘겨 IOC 위원 열 명을 상벌위원회에 세울 결단을 요구한다,직전 화의 ‘신민당이 국회 복귀를 선언해 민정당을 고립시키고 일본은 매수 의혹에 물증이 없다고 버틴다’가 남긴 즉시 과제는 이번 실행으로 일부 결과를 얻고 남은 비용만 다음 화로 넘긴다.,다슬러가 매수 증거를 사마란치에게 넘겨 IOC 위원 열 명을 상벌위원회에 세울 결단을 요구한다; 다음 소제목 #상벌위원회,L41,high
909,성공시대 909화,상벌위원회,127903,128016,"직전 화의 ‘다나카가 스캔들을 발악으로 치부하는 사이 다슬러는 사마란치와 IOC 위기 해법을 논의한다’가 한 국면을 닫은 뒤, 이 화 안의 원문 #상벌위원회 전환이 IOC 열 명 상벌위와 도덕성 승부을 연다.",‘종일은 열 명이 빠져도 원래 서울 표가 사라진 것뿐이라며 기업인들에게 직접 설득전을 주문한다’까지 가기 전에 ‘전례 없는 집단 징계가 IOC 위상을 무너뜨리고도 표 격차는 그대로 남을 수 있다’라는 압력을 넘을 수 있는가가 이 화의 독자 질문이다.,매수된 IOC 위원 열 명의 표를 무효화하되 조직 붕괴 없이 서울의 명분을 강화한다.,다슬러가 매수 증거를 사마란치에게 넘겨 IOC 위원 열 명을 상벌위원회에 세울 결단을 요구한다.,전례 없는 집단 징계가 IOC 위상을 무너뜨리고도 표 격차는 그대로 남을 수 있다.,국제 지위 축이 IOC 열 명 상벌위와 도덕성 승부의 다음 단계로 이동한다.,유예: 적대 인물이 우군으로 바뀌어 영향력의 외연이 넓어진다.,status,다음 판단의 기준이 ‘종일은 열 명이 빠져도 원래 서울 표가 사라진 것뿐이라며 기업인들에게 직접 설득전을 주문한다’로 옮겨 간다.,다음 회차에는 종일은 열 명이 빠져도 원래 서울 표가 사라진 것뿐이라며 기업인들에게 직접 설득전을 주문한다,직전 화의 ‘다나카가 스캔들을 발악으로 치부하는 사이 다슬러는 사마란치와 IOC 위기 해법을 논의한다’가 남긴 즉시 과제는 이번 실행으로 결론을 미룬 채 다음 압력으로 넘어간다.,종일은 열 명이 빠져도 원래 서울 표가 사라진 것뿐이라며 기업인들에게 직접 설득전을 주문한다; IOC 열 명 상벌위와 도덕성 승부,L42,high
910,성공시대 910화,상벌위원회,128017,128131,직전 화의 ‘다슬러가 매수 증거를 사마란치에게 넘겨 IOC 위원 열 명을 상벌위원회에 세울 결단을 요구한다’가 만든 조건에서 IOC 열 명 상벌위와 도덕성 승부의 압박 단계가 시작된다.,‘최승필의 어머니가 종희를 만나겠다고 해 두 사람의 결혼 시기 갈등이 현실화된다’까지 가기 전에 ‘전례 없는 집단 징계가 IOC 위상을 무너뜨리고도 표 격차는 그대로 남을 수 있다’라는 압력을 넘을 수 있는가가 이 화의 독자 질문이다.,매수된 IOC 위원 열 명의 표를 무효화하되 조직 붕괴 없이 서울의 명분을 강화한다.,종일은 열 명이 빠져도 원래 서울 표가 사라진 것뿐이라며 기업인들에게 직접 설득전을 주문한다.,전례 없는 집단 징계가 IOC 위상을 무너뜨리고도 표 격차는 그대로 남을 수 있다.,국제 지위 축이 IOC 열 명 상벌위와 도덕성 승부의 다음 단계로 이동한다.,유예: 국가적 성취가 종일과 실무진의 공적 보상으로 돌아온다.,status,다음 판단의 기준이 ‘최승필의 어머니가 종희를 만나겠다고 해 두 사람의 결혼 시기 갈등이 현실화된다’로 옮겨 간다.,다음 회차에는 최승필의 어머니가 종희를 만나겠다고 해 두 사람의 결혼 시기 갈등이 현실화된다,직전 화의 ‘다슬러가 매수 증거를 사마란치에게 넘겨 IOC 위원 열 명을 상벌위원회에 세울 결단을 요구한다’가 남긴 즉시 과제는 이번 실행으로 결론을 미룬 채 다음 압력으로 넘어간다.,최승필의 어머니가 종희를 만나겠다고 해 두 사람의 결혼 시기 갈등이 현실화된다; IOC 열 명 상벌위와 도덕성 승부,L42,high
911,성공시대 911화,상벌위원회,128132,128258,직전 화의 ‘종일은 열 명이 빠져도 원래 서울 표가 사라진 것뿐이라며 기업인들에게 직접 설득전을 주문한다’가 만든 조건에서 IOC 열 명 상벌위와 도덕성 승부의 전환 단계가 시작된다.,‘종희와 최승필이 어머니를 만나 결혼은 하되 당장 서두르지 않겠다고 공동 경계를 세운다’까지 가기 전에 ‘전례 없는 집단 징계가 IOC 위상을 무너뜨리고도 표 격차는 그대로 남을 수 있다’라는 압력을 넘을 수 있는가가 이 화의 독자 질문이다.,매수된 IOC 위원 열 명의 표를 무효화하되 조직 붕괴 없이 서울의 명분을 강화한다.,최승필의 어머니가 종희를 만나겠다고 해 두 사람의 결혼 시기 갈등이 현실화된다.,전례 없는 집단 징계가 IOC 위상을 무너뜨리고도 표 격차는 그대로 남을 수 있다.,국제 지위 축이 IOC 열 명 상벌위와 도덕성 승부의 다음 단계로 이동한다.,유예: 서울 또는 대성의 국제 신뢰와 협상력이 한 단계 오른다.,status,다음 판단의 기준이 ‘종희와 최승필이 어머니를 만나 결혼은 하되 당장 서두르지 않겠다고 공동 경계를 세운다’로 옮겨 간다.,다음 회차에는 종희와 최승필이 어머니를 만나 결혼은 하되 당장 서두르지 않겠다고 공동 경계를 세운다,직전 화의 ‘종일은 열 명이 빠져도 원래 서울 표가 사라진 것뿐이라며 기업인들에게 직접 설득전을 주문한다’가 남긴 즉시 과제는 이번 실행으로 결론을 미룬 채 다음 압력으로 넘어간다.,종희와 최승필이 어머니를 만나 결혼은 하되 당장 서두르지 않겠다고 공동 경계를 세운다; IOC 열 명 상벌위와 도덕성 승부,L42,high
912,성공시대 912화,상벌위원회,128259,128398,직전 화의 ‘최승필의 어머니가 종희를 만나겠다고 해 두 사람의 결혼 시기 갈등이 현실화된다’가 만든 조건에서 IOC 열 명 상벌위와 도덕성 승부의 전환 단계가 시작된다.,‘일본은 징계 위기에 야스마사 차관을 스위스로 급파하고 한국은 그 틈에 반대편 위원을 시찰에 끌어온다’까지 가기 전에 ‘전례 없는 집단 징계가 IOC 위상을 무너뜨리고도 표 격차는 그대로 남을 수 있다’라는 압력을 넘을 수 있는가가 이 화의 독자 질문이다.,매수된 IOC 위원 열 명의 표를 무효화하되 조직 붕괴 없이 서울의 명분을 강화한다.,종희와 최승필이 어머니를 만나 결혼은 하되 당장 서두르지 않겠다고 공동 경계를 세운다.,전례 없는 집단 징계가 IOC 위상을 무너뜨리고도 표 격차는 그대로 남을 수 있다.,국제 지위 축이 IOC 열 명 상벌위와 도덕성 승부의 다음 단계로 이동한다.,유예: 말뿐이던 지지·명예가 표나 계약으로 환원된다.,status,다음 판단의 기준이 ‘일본은 징계 위기에 야스마사 차관을 스위스로 급파하고 한국은 그 틈에 반대편 위원을 시찰에 끌어온다’로 옮겨 간다.,다음 회차에는 일본은 징계 위기에 야스마사 차관을 스위스로 급파하고 한국은 그 틈에 반대편 위원을 시찰에 끌어온다,직전 화의 ‘최승필의 어머니가 종희를 만나겠다고 해 두 사람의 결혼 시기 갈등이 현실화된다’가 남긴 즉시 과제는 이번 실행으로 결론을 미룬 채 다음 압력으로 넘어간다.,일본은 징계 위기에 야스마사 차관을 스위스로 급파하고 한국은 그 틈에 반대편 위원을 시찰에 끌어온다; IOC 열 명 상벌위와 도덕성 승부,L42,high
913,성공시대 913화,상벌위원회,128399,128524,직전 화의 ‘종희와 최승필이 어머니를 만나 결혼은 하되 당장 서두르지 않겠다고 공동 경계를 세운다’가 만든 조건에서 IOC 열 명 상벌위와 도덕성 승부의 결산 단계가 시작된다.,‘북한의 평화안 거부를 공개한 뒤 종일은 부다페스트에서 무트코를 만나기로 하고 현영은 산부인과로 간다’까지 가기 전에 ‘전례 없는 집단 징계가 IOC 위상을 무너뜨리고도 표 격차는 그대로 남을 수 있다’라는 압력을 넘을 수 있는가가 이 화의 독자 질문이다.,매수된 IOC 위원 열 명의 표를 무효화하되 조직 붕괴 없이 서울의 명분을 강화한다.,일본은 징계 위기에 야스마사 차관을 스위스로 급파하고 한국은 그 틈에 반대편 위원을 시찰에 끌어온다.,전례 없는 집단 징계가 IOC 위상을 무너뜨리고도 표 격차는 그대로 남을 수 있다.,국제 지위 축이 IOC 열 명 상벌위와 도덕성 승부의 가시적 결산으로 이동한다.,부분 지급: 적대 인물이 우군으로 바뀌어 영향력의 외연이 넓어진다.,status,다음 판단의 기준이 ‘북한의 평화안 거부를 공개한 뒤 종일은 부다페스트에서 무트코를 만나기로 하고 현영은 산부인과로 간다’로 옮겨 간다.,다음 회차에는 북한의 평화안 거부를 공개한 뒤 종일은 부다페스트에서 무트코를 만나기로 하고 현영은 산부인과로 간다,직전 화의 ‘종희와 최승필이 어머니를 만나 결혼은 하되 당장 서두르지 않겠다고 공동 경계를 세운다’가 남긴 즉시 과제는 이번 실행으로 일부 결과를 얻고 남은 비용만 다음 화로 넘긴다.,북한의 평화안 거부를 공개한 뒤 종일은 부다페스트에서 무트코를 만나기로 하고 현영은 산부인과로 간다; 다음 소제목 #무트코,L42,high
914,성공시대 914화,무트코,128525,128656,"직전 화의 ‘일본은 징계 위기에 야스마사 차관을 스위스로 급파하고 한국은 그 틈에 반대편 위원을 시찰에 끌어온다’가 한 국면을 닫은 뒤, 이 화 안의 원문 #무트코 전환이 현영의 임신과 소련 무트코 접근을 연다.",‘현영이 임신 4주 진단을 받고 종일은 둘째 소식에 기뻐하는 한편 일본 시찰단은 냉담한 반응을 받는다’까지 가기 전에 ‘일본의 동구권 선점과 소련의 대미 보복 구상이 올림픽 외교를 냉전 도구로 만든다’라는 압력을 넘을 수 있는가가 이 화의 독자 질문이다.,가족의 새 생명을 맞으면서 동구권 표와 사할린 사업의 연결고리를 찾는다.,북한의 평화안 거부를 공개한 뒤 종일은 부다페스트에서 무트코를 만나기로 하고 현영은 산부인과로 간다.,일본의 동구권 선점과 소련의 대미 보복 구상이 올림픽 외교를 냉전 도구로 만든다.,가족·관계 축이 현영의 임신과 소련 무트코 접근의 다음 단계로 이동한다.,유예: 가족과 연인이 서로의 선택을 확인한다.,relationship,다음 판단의 기준이 ‘현영이 임신 4주 진단을 받고 종일은 둘째 소식에 기뻐하는 한편 일본 시찰단은 냉담한 반응을 받는다’로 옮겨 간다.,다음 회차에는 현영이 임신 4주 진단을 받고 종일은 둘째 소식에 기뻐하는 한편 일본 시찰단은 냉담한 반응을 받는다,직전 화의 ‘일본은 징계 위기에 야스마사 차관을 스위스로 급파하고 한국은 그 틈에 반대편 위원을 시찰에 끌어온다’가 남긴 즉시 과제는 이번 실행으로 결론을 미룬 채 다음 압력으로 넘어간다.,현영이 임신 4주 진단을 받고 종일은 둘째 소식에 기뻐하는 한편 일본 시찰단은 냉담한 반응을 받는다; 현영의 임신과 소련 무트코 접근,L43,high
915,성공시대 915화,무트코,128657,128789,직전 화의 ‘북한의 평화안 거부를 공개한 뒤 종일은 부다페스트에서 무트코를 만나기로 하고 현영은 산부인과로 간다’가 만든 조건에서 현영의 임신과 소련 무트코 접근의 압박 단계가 시작된다.,‘종희가 해외 홍보 책임을 맡고 현영은 친정어머니의 돌봄을 받으며 출산 준비에 들어간다’까지 가기 전에 ‘일본의 동구권 선점과 소련의 대미 보복 구상이 올림픽 외교를 냉전 도구로 만든다’라는 압력을 넘을 수 있는가가 이 화의 독자 질문이다.,가족의 새 생명을 맞으면서 동구권 표와 사할린 사업의 연결고리를 찾는다.,현영이 임신 4주 진단을 받고 종일은 둘째 소식에 기뻐하는 한편 일본 시찰단은 냉담한 반응을 받는다.,일본의 동구권 선점과 소련의 대미 보복 구상이 올림픽 외교를 냉전 도구로 만든다.,가족·관계 축이 현영의 임신과 소련 무트코 접근의 다음 단계로 이동한다.,지급: 부재와 오해 뒤 돌봄·신뢰가 구체적 행동으로 돌아온다.,relationship,다음 판단의 기준이 ‘종희가 해외 홍보 책임을 맡고 현영은 친정어머니의 돌봄을 받으며 출산 준비에 들어간다’로 옮겨 간다.,다음 회차에는 종희가 해외 홍보 책임을 맡고 현영은 친정어머니의 돌봄을 받으며 출산 준비에 들어간다,직전 화의 ‘북한의 평화안 거부를 공개한 뒤 종일은 부다페스트에서 무트코를 만나기로 하고 현영은 산부인과로 간다’가 남긴 즉시 과제는 이번 실행으로 구체 성과로 확인된다.,종희가 해외 홍보 책임을 맡고 현영은 친정어머니의 돌봄을 받으며 출산 준비에 들어간다; 현영의 임신과 소련 무트코 접근,L43,high
916,성공시대 916화,무트코,128790,128953,직전 화의 ‘현영이 임신 4주 진단을 받고 종일은 둘째 소식에 기뻐하는 한편 일본 시찰단은 냉담한 반응을 받는다’가 만든 조건에서 현영의 임신과 소련 무트코 접근의 전환 단계가 시작된다.,‘종희가 최승필이 챙긴 상비약을 들고 출국하고 모스크바에서는 곡물·원유 압박에 시달린 소련이 반격을 모색한다’까지 가기 전에 ‘일본의 동구권 선점과 소련의 대미 보복 구상이 올림픽 외교를 냉전 도구로 만든다’라는 압력을 넘을 수 있는가가 이 화의 독자 질문이다.,가족의 새 생명을 맞으면서 동구권 표와 사할린 사업의 연결고리를 찾는다.,종희가 해외 홍보 책임을 맡고 현영은 친정어머니의 돌봄을 받으며 출산 준비에 들어간다.,일본의 동구권 선점과 소련의 대미 보복 구상이 올림픽 외교를 냉전 도구로 만든다.,가족·관계 축이 현영의 임신과 소련 무트코 접근의 다음 단계로 이동한다.,지급: 성취의 대가였던 거리감이 함께 보내는 시간으로 보상된다.,relationship,다음 판단의 기준이 ‘종희가 최승필이 챙긴 상비약을 들고 출국하고 모스크바에서는 곡물·원유 압박에 시달린 소련이 반격을 모색한다’로 옮겨 간다.,다음 회차에는 종희가 최승필이 챙긴 상비약을 들고 출국하고 모스크바에서는 곡물·원유 압박에 시달린 소련이 반격을 모색한다,직전 화의 ‘현영이 임신 4주 진단을 받고 종일은 둘째 소식에 기뻐하는 한편 일본 시찰단은 냉담한 반응을 받는다’가 남긴 즉시 과제는 이번 실행으로 구체 성과로 확인된다.,종희가 최승필이 챙긴 상비약을 들고 출국하고 모스크바에서는 곡물·원유 압박에 시달린 소련이 반격을 모색한다; 현영의 임신과 소련 무트코 접근,L43,high
917,성공시대 917화,무트코,128954,129090,직전 화의 ‘종희가 해외 홍보 책임을 맡고 현영은 친정어머니의 돌봄을 받으며 출산 준비에 들어간다’가 만든 조건에서 현영의 임신과 소련 무트코 접근의 전환 단계가 시작된다.,‘종일 일행이 부다페스트에 도착하고 무트코는 루마니아·유고의 이탈 조짐에 분노한다’까지 가기 전에 ‘일본의 동구권 선점과 소련의 대미 보복 구상이 올림픽 외교를 냉전 도구로 만든다’라는 압력을 넘을 수 있는가가 이 화의 독자 질문이다.,가족의 새 생명을 맞으면서 동구권 표와 사할린 사업의 연결고리를 찾는다.,종희가 최승필이 챙긴 상비약을 들고 출국하고 모스크바에서는 곡물·원유 압박에 시달린 소련이 반격을 모색한다.,일본의 동구권 선점과 소련의 대미 보복 구상이 올림픽 외교를 냉전 도구로 만든다.,가족·관계 축이 현영의 임신과 소련 무트코 접근의 다음 단계로 이동한다.,유예: 다음 세대의 탄생·진로·결혼이 가족의 미래를 갱신한다.,relationship,다음 판단의 기준이 ‘종일 일행이 부다페스트에 도착하고 무트코는 루마니아·유고의 이탈 조짐에 분노한다’로 옮겨 간다.,다음 회차에는 종일 일행이 부다페스트에 도착하고 무트코는 루마니아·유고의 이탈 조짐에 분노한다,직전 화의 ‘종희가 해외 홍보 책임을 맡고 현영은 친정어머니의 돌봄을 받으며 출산 준비에 들어간다’가 남긴 즉시 과제는 이번 실행으로 결론을 미룬 채 다음 압력으로 넘어간다.,종일 일행이 부다페스트에 도착하고 무트코는 루마니아·유고의 이탈 조짐에 분노한다; 현영의 임신과 소련 무트코 접근,L43,high
918,성공시대 918화,무트코,129091,129235,직전 화의 ‘종희가 최승필이 챙긴 상비약을 들고 출국하고 모스크바에서는 곡물·원유 압박에 시달린 소련이 반격을 모색한다’가 만든 조건에서 현영의 임신과 소련 무트코 접근의 결산 단계가 시작된다.,‘무트코가 종일의 면담 요청을 듣고 동구권 IOC 회의에서 LA 올림픽 보이콧을 제안한다’까지 가기 전에 ‘일본의 동구권 선점과 소련의 대미 보복 구상이 올림픽 외교를 냉전 도구로 만든다’라는 압력을 넘을 수 있는가가 이 화의 독자 질문이다.,가족의 새 생명을 맞으면서 동구권 표와 사할린 사업의 연결고리를 찾는다.,종일 일행이 부다페스트에 도착하고 무트코는 루마니아·유고의 이탈 조짐에 분노한다.,일본의 동구권 선점과 소련의 대미 보복 구상이 올림픽 외교를 냉전 도구로 만든다.,가족·관계 축이 현영의 임신과 소련 무트코 접근의 가시적 결산으로 이동한다.,지급: 가족과 연인이 서로의 선택을 확인한다.,relationship,다음 판단의 기준이 ‘무트코가 종일의 면담 요청을 듣고 동구권 IOC 회의에서 LA 올림픽 보이콧을 제안한다’로 옮겨 간다.,다음 회차에는 무트코가 종일의 면담 요청을 듣고 동구권 IOC 회의에서 LA 올림픽 보이콧을 제안한다,직전 화의 ‘종희가 최승필이 챙긴 상비약을 들고 출국하고 모스크바에서는 곡물·원유 압박에 시달린 소련이 반격을 모색한다’가 남긴 즉시 과제는 이번 실행으로 구체 성과로 확인된다.,무트코가 종일의 면담 요청을 듣고 동구권 IOC 회의에서 LA 올림픽 보이콧을 제안한다; 다음 소제목 #담판,L43,high
919,성공시대 919화,담판,129236,129380,"직전 화의 ‘종일 일행이 부다페스트에 도착하고 무트코는 루마니아·유고의 이탈 조짐에 분노한다’가 한 국면을 닫은 뒤, 이 화 안의 원문 #담판 전환이 쿠릴열도 지도와 동구권 표 담판을 연다.",‘무트코가 별도 국제대회까지 꺼낸 밤 종일은 비밀리에 그의 호텔로 들어간다’까지 가기 전에 ‘LA 올림픽 보이콧 구상이 IOC 전체를 갈라 서울 유치전까지 집어삼킬 수 있다’라는 압력을 넘을 수 있는가가 이 화의 독자 질문이다.,무트코의 반일 감정과 소련 경제 수요를 서울 지지·사할린 개발로 묶는다.,무트코가 종일의 면담 요청을 듣고 동구권 IOC 회의에서 LA 올림픽 보이콧을 제안한다.,LA 올림픽 보이콧 구상이 IOC 전체를 갈라 서울 유치전까지 집어삼킬 수 있다.,시대 질서 축이 쿠릴열도 지도와 동구권 표 담판의 다음 단계로 이동한다.,유예: 역사의 큰 사건에서 종일의 개입 결과가 즉시 확인된다.,era,다음 판단의 기준이 ‘무트코가 별도 국제대회까지 꺼낸 밤 종일은 비밀리에 그의 호텔로 들어간다’로 옮겨 간다.,다음 회차에는 무트코가 별도 국제대회까지 꺼낸 밤 종일은 비밀리에 그의 호텔로 들어간다,직전 화의 ‘종일 일행이 부다페스트에 도착하고 무트코는 루마니아·유고의 이탈 조짐에 분노한다’가 남긴 즉시 과제는 이번 실행으로 결론을 미룬 채 다음 압력으로 넘어간다.,무트코가 별도 국제대회까지 꺼낸 밤 종일은 비밀리에 그의 호텔로 들어간다; 쿠릴열도 지도와 동구권 표 담판,L44,high
920,성공시대 920화,담판,129381,129505,직전 화의 ‘무트코가 종일의 면담 요청을 듣고 동구권 IOC 회의에서 LA 올림픽 보이콧을 제안한다’가 만든 조건에서 쿠릴열도 지도와 동구권 표 담판의 압박 단계가 시작된다.,‘종일이 나고야 팸플릿의 쿠릴열도 일본 영토 표기를 보여 무트코의 분노를 끌어낸다’까지 가기 전에 ‘LA 올림픽 보이콧 구상이 IOC 전체를 갈라 서울 유치전까지 집어삼킬 수 있다’라는 압력을 넘을 수 있는가가 이 화의 독자 질문이다.,무트코의 반일 감정과 소련 경제 수요를 서울 지지·사할린 개발로 묶는다.,무트코가 별도 국제대회까지 꺼낸 밤 종일은 비밀리에 그의 호텔로 들어간다.,LA 올림픽 보이콧 구상이 IOC 전체를 갈라 서울 유치전까지 집어삼킬 수 있다.,시대 질서 축이 쿠릴열도 지도와 동구권 표 담판의 다음 단계로 이동한다.,유예: 시대 위험을 사업·외교의 장기 기회로 전환한다.,era,다음 판단의 기준이 ‘종일이 나고야 팸플릿의 쿠릴열도 일본 영토 표기를 보여 무트코의 분노를 끌어낸다’로 옮겨 간다.,다음 회차에는 종일이 나고야 팸플릿의 쿠릴열도 일본 영토 표기를 보여 무트코의 분노를 끌어낸다,직전 화의 ‘무트코가 종일의 면담 요청을 듣고 동구권 IOC 회의에서 LA 올림픽 보이콧을 제안한다’가 남긴 즉시 과제는 이번 실행으로 결론을 미룬 채 다음 압력으로 넘어간다.,종일이 나고야 팸플릿의 쿠릴열도 일본 영토 표기를 보여 무트코의 분노를 끌어낸다; 쿠릴열도 지도와 동구권 표 담판,L44,high
921,성공시대 921화,담판,129506,129647,직전 화의 ‘무트코가 별도 국제대회까지 꺼낸 밤 종일은 비밀리에 그의 호텔로 들어간다’가 만든 조건에서 쿠릴열도 지도와 동구권 표 담판의 전환 단계가 시작된다.,‘종일이 사할린 유전 투자와 한국의 대회 역량을 제시하자 무트코는 일본 지지 철회를 시사한다’까지 가기 전에 ‘LA 올림픽 보이콧 구상이 IOC 전체를 갈라 서울 유치전까지 집어삼킬 수 있다’라는 압력을 넘을 수 있는가가 이 화의 독자 질문이다.,무트코의 반일 감정과 소련 경제 수요를 서울 지지·사할린 개발로 묶는다.,종일이 나고야 팸플릿의 쿠릴열도 일본 영토 표기를 보여 무트코의 분노를 끌어낸다.,LA 올림픽 보이콧 구상이 IOC 전체를 갈라 서울 유치전까지 집어삼킬 수 있다.,시대 질서 축이 쿠릴열도 지도와 동구권 표 담판의 다음 단계로 이동한다.,유예: 전쟁·냉전·권력교체의 흐름이 다음 질서로 방향을 튼다.,era,다음 판단의 기준이 ‘종일이 사할린 유전 투자와 한국의 대회 역량을 제시하자 무트코는 일본 지지 철회를 시사한다’로 옮겨 간다.,다음 회차에는 종일이 사할린 유전 투자와 한국의 대회 역량을 제시하자 무트코는 일본 지지 철회를 시사한다,직전 화의 ‘무트코가 별도 국제대회까지 꺼낸 밤 종일은 비밀리에 그의 호텔로 들어간다’가 남긴 즉시 과제는 이번 실행으로 결론을 미룬 채 다음 압력으로 넘어간다.,종일이 사할린 유전 투자와 한국의 대회 역량을 제시하자 무트코는 일본 지지 철회를 시사한다; 쿠릴열도 지도와 동구권 표 담판,L44,high
922,성공시대 922화,담판,129648,129799,직전 화의 ‘종일이 나고야 팸플릿의 쿠릴열도 일본 영토 표기를 보여 무트코의 분노를 끌어낸다’가 만든 조건에서 쿠릴열도 지도와 동구권 표 담판의 전환 단계가 시작된다.,‘무트코가 동구권 15개국의 LA 보이콧을 발표하고 종일은 귀국 뒤 탐사업체 인수를 승인한다’까지 가기 전에 ‘LA 올림픽 보이콧 구상이 IOC 전체를 갈라 서울 유치전까지 집어삼킬 수 있다’라는 압력을 넘을 수 있는가가 이 화의 독자 질문이다.,무트코의 반일 감정과 소련 경제 수요를 서울 지지·사할린 개발로 묶는다.,종일이 사할린 유전 투자와 한국의 대회 역량을 제시하자 무트코는 일본 지지 철회를 시사한다.,LA 올림픽 보이콧 구상이 IOC 전체를 갈라 서울 유치전까지 집어삼킬 수 있다.,시대 질서 축이 쿠릴열도 지도와 동구권 표 담판의 다음 단계로 이동한다.,지급: 국가적 파국을 피하고 새로운 협상 창을 연다.,era,다음 판단의 기준이 ‘무트코가 동구권 15개국의 LA 보이콧을 발표하고 종일은 귀국 뒤 탐사업체 인수를 승인한다’로 옮겨 간다.,다음 회차에는 무트코가 동구권 15개국의 LA 보이콧을 발표하고 종일은 귀국 뒤 탐사업체 인수를 승인한다,직전 화의 ‘종일이 나고야 팸플릿의 쿠릴열도 일본 영토 표기를 보여 무트코의 분노를 끌어낸다’가 남긴 즉시 과제는 이번 실행으로 구체 성과로 확인된다.,무트코가 동구권 15개국의 LA 보이콧을 발표하고 종일은 귀국 뒤 탐사업체 인수를 승인한다; 쿠릴열도 지도와 동구권 표 담판,L44,high
923,성공시대 923화,담판,129800,129927,직전 화의 ‘종일이 사할린 유전 투자와 한국의 대회 역량을 제시하자 무트코는 일본 지지 철회를 시사한다’가 만든 조건에서 쿠릴열도 지도와 동구권 표 담판의 결산 단계가 시작된다.,‘무트코가 체르넨코에게 사할린 외자개발과 서울 지지를 함께 제안해 추진 승인을 받는다’까지 가기 전에 ‘LA 올림픽 보이콧 구상이 IOC 전체를 갈라 서울 유치전까지 집어삼킬 수 있다’라는 압력을 넘을 수 있는가가 이 화의 독자 질문이다.,무트코의 반일 감정과 소련 경제 수요를 서울 지지·사할린 개발로 묶는다.,무트코가 동구권 15개국의 LA 보이콧을 발표하고 종일은 귀국 뒤 탐사업체 인수를 승인한다.,LA 올림픽 보이콧 구상이 IOC 전체를 갈라 서울 유치전까지 집어삼킬 수 있다.,시대 질서 축이 쿠릴열도 지도와 동구권 표 담판의 가시적 결산으로 이동한다.,지급: 역사의 큰 사건에서 종일의 개입 결과가 즉시 확인된다.,era,다음 판단의 기준이 ‘무트코가 체르넨코에게 사할린 외자개발과 서울 지지를 함께 제안해 추진 승인을 받는다’로 옮겨 간다.,다음 회차에는 무트코가 체르넨코에게 사할린 외자개발과 서울 지지를 함께 제안해 추진 승인을 받는다,직전 화의 ‘종일이 사할린 유전 투자와 한국의 대회 역량을 제시하자 무트코는 일본 지지 철회를 시사한다’가 남긴 즉시 과제는 이번 실행으로 구체 성과로 확인된다.,무트코가 체르넨코에게 사할린 외자개발과 서울 지지를 함께 제안해 추진 승인을 받는다; 다음 소제목 #사할린 유전,L44,high
924,성공시대 924화,사할린 유전,129928,130054,"직전 화의 ‘무트코가 동구권 15개국의 LA 보이콧을 발표하고 종일은 귀국 뒤 탐사업체 인수를 승인한다’가 한 국면을 닫은 뒤, 이 화 안의 원문 #사할린 유전 전환이 사할린 개발 제안과 미국 보상 협상을 연다.",‘종일이 대통령에게 소련의 동구권 표와 사할린 투자를 설명하지만 청와대는 안보 위험을 우려한다’까지 가기 전에 ‘공산권 투자 금지와 3억 달러 조달 공백이 탐사권 협상 전부터 사업을 끝낸다’라는 압력을 넘을 수 있는가가 이 화의 독자 질문이다.,소련의 동부 개발 수요와 미국의 쿠데타 책임을 유전 자금·허가로 전환한다.,무트코가 체르넨코에게 사할린 외자개발과 서울 지지를 함께 제안해 추진 승인을 받는다.,공산권 투자 금지와 3억 달러 조달 공백이 탐사권 협상 전부터 사업을 끝낸다.,사업 규모 축이 사할린 개발 제안과 미국 보상 협상의 다음 단계로 이동한다.,지급: 계약·자금·기술 가운데 하나가 실제 자산으로 남는다.,business,다음 판단의 기준이 ‘종일이 대통령에게 소련의 동구권 표와 사할린 투자를 설명하지만 청와대는 안보 위험을 우려한다’로 옮겨 간다.,다음 회차에는 종일이 대통령에게 소련의 동구권 표와 사할린 투자를 설명하지만 청와대는 안보 위험을 우려한다,직전 화의 ‘무트코가 동구권 15개국의 LA 보이콧을 발표하고 종일은 귀국 뒤 탐사업체 인수를 승인한다’가 남긴 즉시 과제는 이번 실행으로 구체 성과로 확인된다.,종일이 대통령에게 소련의 동구권 표와 사할린 투자를 설명하지만 청와대는 안보 위험을 우려한다; 사할린 개발 제안과 미국 보상 협상,L45,high
925,성공시대 925화,사할린 유전,130055,130182,직전 화의 ‘무트코가 체르넨코에게 사할린 외자개발과 서울 지지를 함께 제안해 추진 승인을 받는다’가 만든 조건에서 사할린 개발 제안과 미국 보상 협상의 압박 단계가 시작된다.,‘대통령이 미국의 암살 묵인 책임을 지렛대로 쓸지 밤늦게 고심한다’까지 가기 전에 ‘공산권 투자 금지와 3억 달러 조달 공백이 탐사권 협상 전부터 사업을 끝낸다’라는 압력을 넘을 수 있는가가 이 화의 독자 질문이다.,소련의 동부 개발 수요와 미국의 쿠데타 책임을 유전 자금·허가로 전환한다.,종일이 대통령에게 소련의 동구권 표와 사할린 투자를 설명하지만 청와대는 안보 위험을 우려한다.,공산권 투자 금지와 3억 달러 조달 공백이 탐사권 협상 전부터 사업을 끝낸다.,사업 규모 축이 사할린 개발 제안과 미국 보상 협상의 다음 단계로 이동한다.,유예: 다음 투자 판단에 필요한 가격과 위험을 확보한다.,business,다음 판단의 기준이 ‘대통령이 미국의 암살 묵인 책임을 지렛대로 쓸지 밤늦게 고심한다’로 옮겨 간다.,다음 회차에는 대통령이 미국의 암살 묵인 책임을 지렛대로 쓸지 밤늦게 고심한다,직전 화의 ‘무트코가 체르넨코에게 사할린 외자개발과 서울 지지를 함께 제안해 추진 승인을 받는다’가 남긴 즉시 과제는 이번 실행으로 결론을 미룬 채 다음 압력으로 넘어간다.,대통령이 미국의 암살 묵인 책임을 지렛대로 쓸지 밤늦게 고심한다; 사할린 개발 제안과 미국 보상 협상,L45,high
926,성공시대 926화,사할린 유전,130183,130320,직전 화의 ‘종일이 대통령에게 소련의 동구권 표와 사할린 투자를 설명하지만 청와대는 안보 위험을 우려한다’가 만든 조건에서 사할린 개발 제안과 미국 보상 협상의 압박 단계가 시작된다.,‘미국은 한국 정부의 뒤늦은 추궁에 당황하고 대성개발은 3억 달러 조달 방식을 놓고 논쟁한다’까지 가기 전에 ‘공산권 투자 금지와 3억 달러 조달 공백이 탐사권 협상 전부터 사업을 끝낸다’라는 압력을 넘을 수 있는가가 이 화의 독자 질문이다.,소련의 동부 개발 수요와 미국의 쿠데타 책임을 유전 자금·허가로 전환한다.,대통령이 미국의 암살 묵인 책임을 지렛대로 쓸지 밤늦게 고심한다.,공산권 투자 금지와 3억 달러 조달 공백이 탐사권 협상 전부터 사업을 끝낸다.,사업 규모 축이 사할린 개발 제안과 미국 보상 협상의 다음 단계로 이동한다.,유예: 조직 실행력과 장기 현금흐름의 기반을 넓힌다.,business,다음 판단의 기준이 ‘미국은 한국 정부의 뒤늦은 추궁에 당황하고 대성개발은 3억 달러 조달 방식을 놓고 논쟁한다’로 옮겨 간다.,다음 회차에는 미국은 한국 정부의 뒤늦은 추궁에 당황하고 대성개발은 3억 달러 조달 방식을 놓고 논쟁한다,직전 화의 ‘종일이 대통령에게 소련의 동구권 표와 사할린 투자를 설명하지만 청와대는 안보 위험을 우려한다’가 남긴 즉시 과제는 이번 실행으로 결론을 미룬 채 다음 압력으로 넘어간다.,미국은 한국 정부의 뒤늦은 추궁에 당황하고 대성개발은 3억 달러 조달 방식을 놓고 논쟁한다; 사할린 개발 제안과 미국 보상 협상,L45,high
927,성공시대 927화,사할린 유전,130321,130450,직전 화의 ‘대통령이 미국의 암살 묵인 책임을 지렛대로 쓸지 밤늦게 고심한다’가 만든 조건에서 사할린 개발 제안과 미국 보상 협상의 전환 단계가 시작된다.,‘종희가 새 홍보팀을 꾸리는 동안 종일은 미국 측에 5억 달러 차관과 1억 달러 회사채 보증을 요구한다’까지 가기 전에 ‘공산권 투자 금지와 3억 달러 조달 공백이 탐사권 협상 전부터 사업을 끝낸다’라는 압력을 넘을 수 있는가가 이 화의 독자 질문이다.,소련의 동부 개발 수요와 미국의 쿠데타 책임을 유전 자금·허가로 전환한다.,미국은 한국 정부의 뒤늦은 추궁에 당황하고 대성개발은 3억 달러 조달 방식을 놓고 논쟁한다.,공산권 투자 금지와 3억 달러 조달 공백이 탐사권 협상 전부터 사업을 끝낸다.,사업 규모 축이 사할린 개발 제안과 미국 보상 협상의 다음 단계로 이동한다.,유예: 경쟁자보다 먼저 물류·현장·시장 거점을 선점한다.,business,다음 판단의 기준이 ‘종희가 새 홍보팀을 꾸리는 동안 종일은 미국 측에 5억 달러 차관과 1억 달러 회사채 보증을 요구한다’로 옮겨 간다.,다음 회차에는 종희가 새 홍보팀을 꾸리는 동안 종일은 미국 측에 5억 달러 차관과 1억 달러 회사채 보증을 요구한다,직전 화의 ‘대통령이 미국의 암살 묵인 책임을 지렛대로 쓸지 밤늦게 고심한다’가 남긴 즉시 과제는 이번 실행으로 결론을 미룬 채 다음 압력으로 넘어간다.,종희가 새 홍보팀을 꾸리는 동안 종일은 미국 측에 5억 달러 차관과 1억 달러 회사채 보증을 요구한다; 사할린 개발 제안과 미국 보상 협상,L45,high
928,성공시대 928화,사할린 유전,130451,130594,직전 화의 ‘미국은 한국 정부의 뒤늦은 추궁에 당황하고 대성개발은 3억 달러 조달 방식을 놓고 논쟁한다’가 만든 조건에서 사할린 개발 제안과 미국 보상 협상의 전환 단계가 시작된다.,‘박종규가 워싱턴 비밀협상에 나서며 종일의 두 가지 요구 조건을 확정한다’까지 가기 전에 ‘공산권 투자 금지와 3억 달러 조달 공백이 탐사권 협상 전부터 사업을 끝낸다’라는 압력을 넘을 수 있는가가 이 화의 독자 질문이다.,소련의 동부 개발 수요와 미국의 쿠데타 책임을 유전 자금·허가로 전환한다.,종희가 새 홍보팀을 꾸리는 동안 종일은 미국 측에 5억 달러 차관과 1억 달러 회사채 보증을 요구한다.,공산권 투자 금지와 3억 달러 조달 공백이 탐사권 협상 전부터 사업을 끝낸다.,사업 규모 축이 사할린 개발 제안과 미국 보상 협상의 다음 단계로 이동한다.,유예: 계약·자금·기술 가운데 하나가 실제 자산으로 남는다.,business,다음 판단의 기준이 ‘박종규가 워싱턴 비밀협상에 나서며 종일의 두 가지 요구 조건을 확정한다’로 옮겨 간다.,다음 회차에는 박종규가 워싱턴 비밀협상에 나서며 종일의 두 가지 요구 조건을 확정한다,직전 화의 ‘미국은 한국 정부의 뒤늦은 추궁에 당황하고 대성개발은 3억 달러 조달 방식을 놓고 논쟁한다’가 남긴 즉시 과제는 이번 실행으로 결론을 미룬 채 다음 압력으로 넘어간다.,박종규가 워싱턴 비밀협상에 나서며 종일의 두 가지 요구 조건을 확정한다; 사할린 개발 제안과 미국 보상 협상,L45,high
929,성공시대 929화,사할린 유전,130595,130716,직전 화의 ‘종희가 새 홍보팀을 꾸리는 동안 종일은 미국 측에 5억 달러 차관과 1억 달러 회사채 보증을 요구한다’가 만든 조건에서 사할린 개발 제안과 미국 보상 협상의 결산 단계가 시작된다.,‘종희와 민지가 인사동에서 다도 차·기념품을 고르고 황혜미에게 고급 다기를 빌린다’까지 가기 전에 ‘공산권 투자 금지와 3억 달러 조달 공백이 탐사권 협상 전부터 사업을 끝낸다’라는 압력을 넘을 수 있는가가 이 화의 독자 질문이다.,소련의 동부 개발 수요와 미국의 쿠데타 책임을 유전 자금·허가로 전환한다.,박종규가 워싱턴 비밀협상에 나서며 종일의 두 가지 요구 조건을 확정한다.,공산권 투자 금지와 3억 달러 조달 공백이 탐사권 협상 전부터 사업을 끝낸다.,사업 규모 축이 사할린 개발 제안과 미국 보상 협상의 가시적 결산으로 이동한다.,부분 지급: 다음 투자 판단에 필요한 가격과 위험을 확보한다.,business,다음 판단의 기준이 ‘종희와 민지가 인사동에서 다도 차·기념품을 고르고 황혜미에게 고급 다기를 빌린다’로 옮겨 간다.,다음 회차에는 종희와 민지가 인사동에서 다도 차·기념품을 고르고 황혜미에게 고급 다기를 빌린다,직전 화의 ‘종희가 새 홍보팀을 꾸리는 동안 종일은 미국 측에 5억 달러 차관과 1억 달러 회사채 보증을 요구한다’가 남긴 즉시 과제는 이번 실행으로 일부 결과를 얻고 남은 비용만 다음 화로 넘긴다.,종희와 민지가 인사동에서 다도 차·기념품을 고르고 황혜미에게 고급 다기를 빌린다; 다음 소제목 #모스크바Ⅰ,L45,high
930,성공시대 930화,모스크바Ⅰ,130717,130840,"직전 화의 ‘박종규가 워싱턴 비밀협상에 나서며 종일의 두 가지 요구 조건을 확정한다’가 한 국면을 닫은 뒤, 이 화 안의 원문 #모스크바Ⅰ 전환이 모스크바 입성 전 다도 외교와 소련 재정위기을 연다.",‘황혜미가 매난국죽 찻잔까지 내주고 종일 일행은 철통 경비 속 모스크바에 도착한다’까지 가기 전에 ‘고급 다기 조달 실패와 소련의 저유가·곡물 위기가 협력 대신 강압으로 나타날 수 있다’라는 압력을 넘을 수 있는가가 이 화의 독자 질문이다.,IOC 부인 대상 다도 외교를 완성하고 소련의 재정 절박함을 협상력으로 읽는다.,종희와 민지가 인사동에서 다도 차·기념품을 고르고 황혜미에게 고급 다기를 빌린다.,고급 다기 조달 실패와 소련의 저유가·곡물 위기가 협력 대신 강압으로 나타날 수 있다.,사업 규모 축이 모스크바 입성 전 다도 외교와 소련 재정위기의 다음 단계로 이동한다.,유예: 경쟁자보다 먼저 물류·현장·시장 거점을 선점한다.,business,다음 판단의 기준이 ‘황혜미가 매난국죽 찻잔까지 내주고 종일 일행은 철통 경비 속 모스크바에 도착한다’로 옮겨 간다.,다음 회차에는 황혜미가 매난국죽 찻잔까지 내주고 종일 일행은 철통 경비 속 모스크바에 도착한다,직전 화의 ‘박종규가 워싱턴 비밀협상에 나서며 종일의 두 가지 요구 조건을 확정한다’가 남긴 즉시 과제는 이번 실행으로 결론을 미룬 채 다음 압력으로 넘어간다.,황혜미가 매난국죽 찻잔까지 내주고 종일 일행은 철통 경비 속 모스크바에 도착한다; 모스크바 입성 전 다도 외교와 소련 재정위기,L46,high
931,성공시대 931화,모스크바Ⅰ,130841,130965,직전 화의 ‘종희와 민지가 인사동에서 다도 차·기념품을 고르고 황혜미에게 고급 다기를 빌린다’가 만든 조건에서 모스크바 입성 전 다도 외교와 소련 재정위기의 압박 단계가 시작된다.,‘체르넨코가 유가 20달러·50억 달러 적자 전망과 곡물 부족에 몰려 외자 필요성을 절감한다’까지 가기 전에 ‘고급 다기 조달 실패와 소련의 저유가·곡물 위기가 협력 대신 강압으로 나타날 수 있다’라는 압력을 넘을 수 있는가가 이 화의 독자 질문이다.,IOC 부인 대상 다도 외교를 완성하고 소련의 재정 절박함을 협상력으로 읽는다.,황혜미가 매난국죽 찻잔까지 내주고 종일 일행은 철통 경비 속 모스크바에 도착한다.,고급 다기 조달 실패와 소련의 저유가·곡물 위기가 협력 대신 강압으로 나타날 수 있다.,사업 규모 축이 모스크바 입성 전 다도 외교와 소련 재정위기의 다음 단계로 이동한다.,지급: 계약·자금·기술 가운데 하나가 실제 자산으로 남는다.,business,다음 판단의 기준이 ‘체르넨코가 유가 20달러·50억 달러 적자 전망과 곡물 부족에 몰려 외자 필요성을 절감한다’로 옮겨 간다.,다음 회차에는 체르넨코가 유가 20달러·50억 달러 적자 전망과 곡물 부족에 몰려 외자 필요성을 절감한다,직전 화의 ‘종희와 민지가 인사동에서 다도 차·기념품을 고르고 황혜미에게 고급 다기를 빌린다’가 남긴 즉시 과제는 이번 실행으로 구체 성과로 확인된다.,체르넨코가 유가 20달러·50억 달러 적자 전망과 곡물 부족에 몰려 외자 필요성을 절감한다; 모스크바 입성 전 다도 외교와 소련 재정위기,L46,high
932,성공시대 932화,모스크바Ⅰ,130966,131104,직전 화의 ‘황혜미가 매난국죽 찻잔까지 내주고 종일 일행은 철통 경비 속 모스크바에 도착한다’가 만든 조건에서 모스크바 입성 전 다도 외교와 소련 재정위기의 전환 단계가 시작된다.,‘무트코가 종일과의 조기 담판을 준비하고 종희·민지는 홍보 실무 파트너로 가까워진다’까지 가기 전에 ‘고급 다기 조달 실패와 소련의 저유가·곡물 위기가 협력 대신 강압으로 나타날 수 있다’라는 압력을 넘을 수 있는가가 이 화의 독자 질문이다.,IOC 부인 대상 다도 외교를 완성하고 소련의 재정 절박함을 협상력으로 읽는다.,체르넨코가 유가 20달러·50억 달러 적자 전망과 곡물 부족에 몰려 외자 필요성을 절감한다.,고급 다기 조달 실패와 소련의 저유가·곡물 위기가 협력 대신 강압으로 나타날 수 있다.,사업 규모 축이 모스크바 입성 전 다도 외교와 소련 재정위기의 다음 단계로 이동한다.,유예: 다음 투자 판단에 필요한 가격과 위험을 확보한다.,business,다음 판단의 기준이 ‘무트코가 종일과의 조기 담판을 준비하고 종희·민지는 홍보 실무 파트너로 가까워진다’로 옮겨 간다.,다음 회차에는 무트코가 종일과의 조기 담판을 준비하고 종희·민지는 홍보 실무 파트너로 가까워진다,직전 화의 ‘황혜미가 매난국죽 찻잔까지 내주고 종일 일행은 철통 경비 속 모스크바에 도착한다’가 남긴 즉시 과제는 이번 실행으로 결론을 미룬 채 다음 압력으로 넘어간다.,무트코가 종일과의 조기 담판을 준비하고 종희·민지는 홍보 실무 파트너로 가까워진다; 모스크바 입성 전 다도 외교와 소련 재정위기,L46,high
933,성공시대 933화,모스크바Ⅰ,131105,131255,직전 화의 ‘체르넨코가 유가 20달러·50억 달러 적자 전망과 곡물 부족에 몰려 외자 필요성을 절감한다’가 만든 조건에서 모스크바 입성 전 다도 외교와 소련 재정위기의 결산 단계가 시작된다.,‘무트코가 방문 기간 안 계약 윤곽을 만들자고 제안하고 종일은 체르넨코 선물용 롤스로이스를 확인한다’까지 가기 전에 ‘고급 다기 조달 실패와 소련의 저유가·곡물 위기가 협력 대신 강압으로 나타날 수 있다’라는 압력을 넘을 수 있는가가 이 화의 독자 질문이다.,IOC 부인 대상 다도 외교를 완성하고 소련의 재정 절박함을 협상력으로 읽는다.,무트코가 종일과의 조기 담판을 준비하고 종희·민지는 홍보 실무 파트너로 가까워진다.,고급 다기 조달 실패와 소련의 저유가·곡물 위기가 협력 대신 강압으로 나타날 수 있다.,사업 규모 축이 모스크바 입성 전 다도 외교와 소련 재정위기의 가시적 결산으로 이동한다.,부분 지급: 조직 실행력과 장기 현금흐름의 기반을 넓힌다.,business,다음 판단의 기준이 ‘무트코가 방문 기간 안 계약 윤곽을 만들자고 제안하고 종일은 체르넨코 선물용 롤스로이스를 확인한다’로 옮겨 간다.,다음 회차에는 무트코가 방문 기간 안 계약 윤곽을 만들자고 제안하고 종일은 체르넨코 선물용 롤스로이스를 확인한다,직전 화의 ‘체르넨코가 유가 20달러·50억 달러 적자 전망과 곡물 부족에 몰려 외자 필요성을 절감한다’가 남긴 즉시 과제는 이번 실행으로 일부 결과를 얻고 남은 비용만 다음 화로 넘긴다.,무트코가 방문 기간 안 계약 윤곽을 만들자고 제안하고 종일은 체르넨코 선물용 롤스로이스를 확인한다; 다음 소제목 #모스크바Ⅱ,L46,high
934,성공시대 934화,모스크바Ⅱ,131256,131380,"직전 화의 ‘무트코가 종일과의 조기 담판을 준비하고 종희·민지는 홍보 실무 파트너로 가까워진다’가 한 국면을 닫은 뒤, 이 화 안의 원문 #모스크바Ⅱ 전환이 체르넨코 담판과 사할린 2광구 실무협상을 연다.",‘민지가 최승필에 대한 과거 감정을 종희에게 고백하고 종희는 관계 신뢰로 받아낸다’까지 가기 전에 ‘선불 투자금과 60대40 지분 충돌이 독점 탐사권을 협상장에서 깨뜨린다’라는 압력을 넘을 수 있는가가 이 화의 독자 질문이다.,소련 최고지도부의 승인을 10년 탐사권·지분 조건으로 구체화한다.,무트코가 방문 기간 안 계약 윤곽을 만들자고 제안하고 종일은 체르넨코 선물용 롤스로이스를 확인한다.,선불 투자금과 60대40 지분 충돌이 독점 탐사권을 협상장에서 깨뜨린다.,사업 규모 축이 체르넨코 담판과 사할린 2광구 실무협상의 다음 단계로 이동한다.,유예: 계약·자금·기술 가운데 하나가 실제 자산으로 남는다.,business,다음 판단의 기준이 ‘민지가 최승필에 대한 과거 감정을 종희에게 고백하고 종희는 관계 신뢰로 받아낸다’로 옮겨 간다.,다음 회차에는 민지가 최승필에 대한 과거 감정을 종희에게 고백하고 종희는 관계 신뢰로 받아낸다,직전 화의 ‘무트코가 종일과의 조기 담판을 준비하고 종희·민지는 홍보 실무 파트너로 가까워진다’가 남긴 즉시 과제는 이번 실행으로 결론을 미룬 채 다음 압력으로 넘어간다.,민지가 최승필에 대한 과거 감정을 종희에게 고백하고 종희는 관계 신뢰로 받아낸다; 체르넨코 담판과 사할린 2광구 실무협상,L47,high
935,성공시대 935화,모스크바Ⅱ,131381,131533,직전 화의 ‘무트코가 방문 기간 안 계약 윤곽을 만들자고 제안하고 종일은 체르넨코 선물용 롤스로이스를 확인한다’가 만든 조건에서 체르넨코 담판과 사할린 2광구 실무협상의 압박 단계가 시작된다.,‘종희·최승필이 오해를 끝내고 종일은 체르넨코에게 사재 투입 의지까지 담은 사업계획을 제시한다’까지 가기 전에 ‘선불 투자금과 60대40 지분 충돌이 독점 탐사권을 협상장에서 깨뜨린다’라는 압력을 넘을 수 있는가가 이 화의 독자 질문이다.,소련 최고지도부의 승인을 10년 탐사권·지분 조건으로 구체화한다.,민지가 최승필에 대한 과거 감정을 종희에게 고백하고 종희는 관계 신뢰로 받아낸다.,선불 투자금과 60대40 지분 충돌이 독점 탐사권을 협상장에서 깨뜨린다.,사업 규모 축이 체르넨코 담판과 사할린 2광구 실무협상의 다음 단계로 이동한다.,유예: 다음 투자 판단에 필요한 가격과 위험을 확보한다.,business,다음 판단의 기준이 ‘종희·최승필이 오해를 끝내고 종일은 체르넨코에게 사재 투입 의지까지 담은 사업계획을 제시한다’로 옮겨 간다.,다음 회차에는 종희·최승필이 오해를 끝내고 종일은 체르넨코에게 사재 투입 의지까지 담은 사업계획을 제시한다,직전 화의 ‘무트코가 방문 기간 안 계약 윤곽을 만들자고 제안하고 종일은 체르넨코 선물용 롤스로이스를 확인한다’가 남긴 즉시 과제는 이번 실행으로 결론을 미룬 채 다음 압력으로 넘어간다.,종희·최승필이 오해를 끝내고 종일은 체르넨코에게 사재 투입 의지까지 담은 사업계획을 제시한다; 체르넨코 담판과 사할린 2광구 실무협상,L47,high
936,성공시대 936화,모스크바Ⅱ,131534,131655,직전 화의 ‘민지가 최승필에 대한 과거 감정을 종희에게 고백하고 종희는 관계 신뢰로 받아낸다’가 만든 조건에서 체르넨코 담판과 사할린 2광구 실무협상의 압박 단계가 시작된다.,‘소련이 40퍼센트 지분을 문제 삼자 종일은 철수 가능성을 보여 협상 주도권을 잡는다’까지 가기 전에 ‘선불 투자금과 60대40 지분 충돌이 독점 탐사권을 협상장에서 깨뜨린다’라는 압력을 넘을 수 있는가가 이 화의 독자 질문이다.,소련 최고지도부의 승인을 10년 탐사권·지분 조건으로 구체화한다.,종희·최승필이 오해를 끝내고 종일은 체르넨코에게 사재 투입 의지까지 담은 사업계획을 제시한다.,선불 투자금과 60대40 지분 충돌이 독점 탐사권을 협상장에서 깨뜨린다.,사업 규모 축이 체르넨코 담판과 사할린 2광구 실무협상의 다음 단계로 이동한다.,유예: 조직 실행력과 장기 현금흐름의 기반을 넓힌다.,business,다음 판단의 기준이 ‘소련이 40퍼센트 지분을 문제 삼자 종일은 철수 가능성을 보여 협상 주도권을 잡는다’로 옮겨 간다.,다음 회차에는 소련이 40퍼센트 지분을 문제 삼자 종일은 철수 가능성을 보여 협상 주도권을 잡는다,직전 화의 ‘민지가 최승필에 대한 과거 감정을 종희에게 고백하고 종희는 관계 신뢰로 받아낸다’가 남긴 즉시 과제는 이번 실행으로 결론을 미룬 채 다음 압력으로 넘어간다.,소련이 40퍼센트 지분을 문제 삼자 종일은 철수 가능성을 보여 협상 주도권을 잡는다; 체르넨코 담판과 사할린 2광구 실무협상,L47,high
937,성공시대 937화,모스크바Ⅱ,131656,131776,직전 화의 ‘종희·최승필이 오해를 끝내고 종일은 체르넨코에게 사재 투입 의지까지 담은 사업계획을 제시한다’가 만든 조건에서 체르넨코 담판과 사할린 2광구 실무협상의 전환 단계가 시작된다.,‘종일이 저유가와 소련 재정난을 협상 근거로 설명하고 사할린 2광구 실무회의가 열린다’까지 가기 전에 ‘선불 투자금과 60대40 지분 충돌이 독점 탐사권을 협상장에서 깨뜨린다’라는 압력을 넘을 수 있는가가 이 화의 독자 질문이다.,소련 최고지도부의 승인을 10년 탐사권·지분 조건으로 구체화한다.,소련이 40퍼센트 지분을 문제 삼자 종일은 철수 가능성을 보여 협상 주도권을 잡는다.,선불 투자금과 60대40 지분 충돌이 독점 탐사권을 협상장에서 깨뜨린다.,사업 규모 축이 체르넨코 담판과 사할린 2광구 실무협상의 다음 단계로 이동한다.,유예: 경쟁자보다 먼저 물류·현장·시장 거점을 선점한다.,business,다음 판단의 기준이 ‘종일이 저유가와 소련 재정난을 협상 근거로 설명하고 사할린 2광구 실무회의가 열린다’로 옮겨 간다.,다음 회차에는 종일이 저유가와 소련 재정난을 협상 근거로 설명하고 사할린 2광구 실무회의가 열린다,직전 화의 ‘종희·최승필이 오해를 끝내고 종일은 체르넨코에게 사재 투입 의지까지 담은 사업계획을 제시한다’가 남긴 즉시 과제는 이번 실행으로 결론을 미룬 채 다음 압력으로 넘어간다.,종일이 저유가와 소련 재정난을 협상 근거로 설명하고 사할린 2광구 실무회의가 열린다; 체르넨코 담판과 사할린 2광구 실무협상,L47,high
938,성공시대 938화,모스크바Ⅱ,131777,131917,직전 화의 ‘소련이 40퍼센트 지분을 문제 삼자 종일은 철수 가능성을 보여 협상 주도권을 잡는다’가 만든 조건에서 체르넨코 담판과 사할린 2광구 실무협상의 전환 단계가 시작된다.,‘소련은 15억 배럴 추정치를 내세워 1억 달러를 거부하고 양측은 1억5천만 달러 상한을 놓고 멈춘다’까지 가기 전에 ‘선불 투자금과 60대40 지분 충돌이 독점 탐사권을 협상장에서 깨뜨린다’라는 압력을 넘을 수 있는가가 이 화의 독자 질문이다.,소련 최고지도부의 승인을 10년 탐사권·지분 조건으로 구체화한다.,종일이 저유가와 소련 재정난을 협상 근거로 설명하고 사할린 2광구 실무회의가 열린다.,선불 투자금과 60대40 지분 충돌이 독점 탐사권을 협상장에서 깨뜨린다.,사업 규모 축이 체르넨코 담판과 사할린 2광구 실무협상의 다음 단계로 이동한다.,유예: 계약·자금·기술 가운데 하나가 실제 자산으로 남는다.,business,다음 판단의 기준이 ‘소련은 15억 배럴 추정치를 내세워 1억 달러를 거부하고 양측은 1억5천만 달러 상한을 놓고 멈춘다’로 옮겨 간다.,다음 회차에는 소련은 15억 배럴 추정치를 내세워 1억 달러를 거부하고 양측은 1억5천만 달러 상한을 놓고 멈춘다,직전 화의 ‘소련이 40퍼센트 지분을 문제 삼자 종일은 철수 가능성을 보여 협상 주도권을 잡는다’가 남긴 즉시 과제는 이번 실행으로 결론을 미룬 채 다음 압력으로 넘어간다.,소련은 15억 배럴 추정치를 내세워 1억 달러를 거부하고 양측은 1억5천만 달러 상한을 놓고 멈춘다; 체르넨코 담판과 사할린 2광구 실무협상,L47,high
939,성공시대 939화,모스크바Ⅱ,131918,132037,직전 화의 ‘종일이 저유가와 소련 재정난을 협상 근거로 설명하고 사할린 2광구 실무회의가 열린다’가 만든 조건에서 체르넨코 담판과 사할린 2광구 실무협상의 결산 단계가 시작된다.,‘종일이 민지의 유치단 배치를 알고 최승필에게 관계 오해가 없는지 재확인한다’까지 가기 전에 ‘선불 투자금과 60대40 지분 충돌이 독점 탐사권을 협상장에서 깨뜨린다’라는 압력을 넘을 수 있는가가 이 화의 독자 질문이다.,소련 최고지도부의 승인을 10년 탐사권·지분 조건으로 구체화한다.,소련은 15억 배럴 추정치를 내세워 1억 달러를 거부하고 양측은 1억5천만 달러 상한을 놓고 멈춘다.,선불 투자금과 60대40 지분 충돌이 독점 탐사권을 협상장에서 깨뜨린다.,사업 규모 축이 체르넨코 담판과 사할린 2광구 실무협상의 가시적 결산으로 이동한다.,부분 지급: 다음 투자 판단에 필요한 가격과 위험을 확보한다.,business,다음 판단의 기준이 ‘종일이 민지의 유치단 배치를 알고 최승필에게 관계 오해가 없는지 재확인한다’로 옮겨 간다.,다음 회차에는 종일이 민지의 유치단 배치를 알고 최승필에게 관계 오해가 없는지 재확인한다,직전 화의 ‘종일이 저유가와 소련 재정난을 협상 근거로 설명하고 사할린 2광구 실무회의가 열린다’가 남긴 즉시 과제는 이번 실행으로 일부 결과를 얻고 남은 비용만 다음 화로 넘긴다.,종일이 민지의 유치단 배치를 알고 최승필에게 관계 오해가 없는지 재확인한다; 다음 소제목 #사할린 2광구 프로젝트,L47,high
940,성공시대 940화,사할린 2광구 프로젝트,132038,132205,"직전 화의 ‘소련은 15억 배럴 추정치를 내세워 1억 달러를 거부하고 양측은 1억5천만 달러 상한을 놓고 멈춘다’가 한 국면을 닫은 뒤, 이 화 안의 원문 #사할린 2광구 프로젝트 전환이 한미 5억 달러 지원과 프로젝트 출범을 연다.",‘상현과 민지가 야근 뒤 가까워져 과거 삼각관계가 새 연애 가능성으로 이동한다’까지 가기 전에 ‘관계 오해와 국가 간 비밀 합의가 한 축만 무너져도 조달 신뢰가 사라진다’라는 압력을 넘을 수 있는가가 이 화의 독자 질문이다.,소련과의 권리 협상을 한국 정부·미국 자금이 받치는 실행 프로젝트로 바꾼다.,종일이 민지의 유치단 배치를 알고 최승필에게 관계 오해가 없는지 재확인한다.,관계 오해와 국가 간 비밀 합의가 한 축만 무너져도 조달 신뢰가 사라진다.,사업 규모 축이 한미 5억 달러 지원과 프로젝트 출범의 다음 단계로 이동한다.,유예: 경쟁자보다 먼저 물류·현장·시장 거점을 선점한다.,business,다음 판단의 기준이 ‘상현과 민지가 야근 뒤 가까워져 과거 삼각관계가 새 연애 가능성으로 이동한다’로 옮겨 간다.,다음 회차에는 상현과 민지가 야근 뒤 가까워져 과거 삼각관계가 새 연애 가능성으로 이동한다,직전 화의 ‘소련은 15억 배럴 추정치를 내세워 1억 달러를 거부하고 양측은 1억5천만 달러 상한을 놓고 멈춘다’가 남긴 즉시 과제는 이번 실행으로 결론을 미룬 채 다음 압력으로 넘어간다.,상현과 민지가 야근 뒤 가까워져 과거 삼각관계가 새 연애 가능성으로 이동한다; 한미 5억 달러 지원과 프로젝트 출범,L48,high
941,성공시대 941화,사할린 2광구 프로젝트,132206,132362,직전 화의 ‘종일이 민지의 유치단 배치를 알고 최승필에게 관계 오해가 없는지 재확인한다’가 만든 조건에서 한미 5억 달러 지원과 프로젝트 출범의 압박 단계가 시작된다.,‘모스크바 텔렉스가 협상 진전을 알리고 종일은 박종규의 워싱턴 귀환을 기다린다’까지 가기 전에 ‘관계 오해와 국가 간 비밀 합의가 한 축만 무너져도 조달 신뢰가 사라진다’라는 압력을 넘을 수 있는가가 이 화의 독자 질문이다.,소련과의 권리 협상을 한국 정부·미국 자금이 받치는 실행 프로젝트로 바꾼다.,상현과 민지가 야근 뒤 가까워져 과거 삼각관계가 새 연애 가능성으로 이동한다.,관계 오해와 국가 간 비밀 합의가 한 축만 무너져도 조달 신뢰가 사라진다.,사업 규모 축이 한미 5억 달러 지원과 프로젝트 출범의 다음 단계로 이동한다.,유예: 계약·자금·기술 가운데 하나가 실제 자산으로 남는다.,business,다음 판단의 기준이 ‘모스크바 텔렉스가 협상 진전을 알리고 종일은 박종규의 워싱턴 귀환을 기다린다’로 옮겨 간다.,다음 회차에는 모스크바 텔렉스가 협상 진전을 알리고 종일은 박종규의 워싱턴 귀환을 기다린다,직전 화의 ‘종일이 민지의 유치단 배치를 알고 최승필에게 관계 오해가 없는지 재확인한다’가 남긴 즉시 과제는 이번 실행으로 결론을 미룬 채 다음 압력으로 넘어간다.,모스크바 텔렉스가 협상 진전을 알리고 종일은 박종규의 워싱턴 귀환을 기다린다; 한미 5억 달러 지원과 프로젝트 출범,L48,high
942,성공시대 942화,사할린 2광구 프로젝트,132363,132538,직전 화의 ‘상현과 민지가 야근 뒤 가까워져 과거 삼각관계가 새 연애 가능성으로 이동한다’가 만든 조건에서 한미 5억 달러 지원과 프로젝트 출범의 전환 단계가 시작된다.,‘박종규가 미국의 5억 달러 차관과 그중 석유공사 2억 달러 직접투자를 전한다’까지 가기 전에 ‘관계 오해와 국가 간 비밀 합의가 한 축만 무너져도 조달 신뢰가 사라진다’라는 압력을 넘을 수 있는가가 이 화의 독자 질문이다.,소련과의 권리 협상을 한국 정부·미국 자금이 받치는 실행 프로젝트로 바꾼다.,모스크바 텔렉스가 협상 진전을 알리고 종일은 박종규의 워싱턴 귀환을 기다린다.,관계 오해와 국가 간 비밀 합의가 한 축만 무너져도 조달 신뢰가 사라진다.,사업 규모 축이 한미 5억 달러 지원과 프로젝트 출범의 다음 단계로 이동한다.,유예: 다음 투자 판단에 필요한 가격과 위험을 확보한다.,business,다음 판단의 기준이 ‘박종규가 미국의 5억 달러 차관과 그중 석유공사 2억 달러 직접투자를 전한다’로 옮겨 간다.,다음 회차에는 박종규가 미국의 5억 달러 차관과 그중 석유공사 2억 달러 직접투자를 전한다,직전 화의 ‘상현과 민지가 야근 뒤 가까워져 과거 삼각관계가 새 연애 가능성으로 이동한다’가 남긴 즉시 과제는 이번 실행으로 결론을 미룬 채 다음 압력으로 넘어간다.,박종규가 미국의 5억 달러 차관과 그중 석유공사 2억 달러 직접투자를 전한다; 한미 5억 달러 지원과 프로젝트 출범,L48,high
943,성공시대 943화,사할린 2광구 프로젝트,132539,132693,직전 화의 ‘모스크바 텔렉스가 협상 진전을 알리고 종일은 박종규의 워싱턴 귀환을 기다린다’가 만든 조건에서 한미 5억 달러 지원과 프로젝트 출범의 전환 단계가 시작된다.,‘석유공사 5퍼센트 조건이 2억 달러 조달·안정판을 만들자 일본은 사할린 선점에 경악한다’까지 가기 전에 ‘관계 오해와 국가 간 비밀 합의가 한 축만 무너져도 조달 신뢰가 사라진다’라는 압력을 넘을 수 있는가가 이 화의 독자 질문이다.,소련과의 권리 협상을 한국 정부·미국 자금이 받치는 실행 프로젝트로 바꾼다.,박종규가 미국의 5억 달러 차관과 그중 석유공사 2억 달러 직접투자를 전한다.,관계 오해와 국가 간 비밀 합의가 한 축만 무너져도 조달 신뢰가 사라진다.,사업 규모 축이 한미 5억 달러 지원과 프로젝트 출범의 다음 단계로 이동한다.,유예: 조직 실행력과 장기 현금흐름의 기반을 넓힌다.,business,다음 판단의 기준이 ‘석유공사 5퍼센트 조건이 2억 달러 조달·안정판을 만들자 일본은 사할린 선점에 경악한다’로 옮겨 간다.,다음 회차에는 석유공사 5퍼센트 조건이 2억 달러 조달·안정판을 만들자 일본은 사할린 선점에 경악한다,직전 화의 ‘모스크바 텔렉스가 협상 진전을 알리고 종일은 박종규의 워싱턴 귀환을 기다린다’가 남긴 즉시 과제는 이번 실행으로 결론을 미룬 채 다음 압력으로 넘어간다.,석유공사 5퍼센트 조건이 2억 달러 조달·안정판을 만들자 일본은 사할린 선점에 경악한다; 한미 5억 달러 지원과 프로젝트 출범,L48,high
944,성공시대 944화,사할린 2광구 프로젝트,132694,132805,직전 화의 ‘박종규가 미국의 5억 달러 차관과 그중 석유공사 2억 달러 직접투자를 전한다’가 만든 조건에서 한미 5억 달러 지원과 프로젝트 출범의 결산 단계가 시작된다.,‘일본 내각이 한국의 사할린 진출을 논쟁하는 동안 대성은 1억6천만 달러 선불 조건을 검토한다’까지 가기 전에 ‘관계 오해와 국가 간 비밀 합의가 한 축만 무너져도 조달 신뢰가 사라진다’라는 압력을 넘을 수 있는가가 이 화의 독자 질문이다.,소련과의 권리 협상을 한국 정부·미국 자금이 받치는 실행 프로젝트로 바꾼다.,석유공사 5퍼센트 조건이 2억 달러 조달·안정판을 만들자 일본은 사할린 선점에 경악한다.,관계 오해와 국가 간 비밀 합의가 한 축만 무너져도 조달 신뢰가 사라진다.,사업 규모 축이 한미 5억 달러 지원과 프로젝트 출범의 가시적 결산으로 이동한다.,부분 지급: 경쟁자보다 먼저 물류·현장·시장 거점을 선점한다.,business,다음 판단의 기준이 ‘일본 내각이 한국의 사할린 진출을 논쟁하는 동안 대성은 1억6천만 달러 선불 조건을 검토한다’로 옮겨 간다.,다음 회차에는 일본 내각이 한국의 사할린 진출을 논쟁하는 동안 대성은 1억6천만 달러 선불 조건을 검토한다,직전 화의 ‘박종규가 미국의 5억 달러 차관과 그중 석유공사 2억 달러 직접투자를 전한다’가 남긴 즉시 과제는 이번 실행으로 일부 결과를 얻고 남은 비용만 다음 화로 넘긴다.,일본 내각이 한국의 사할린 진출을 논쟁하는 동안 대성은 1억6천만 달러 선불 조건을 검토한다; 다음 소제목 #탐사권 획득,L48,high
945,성공시대 945화,탐사권 획득,132806,132939,"직전 화의 ‘석유공사 5퍼센트 조건이 2억 달러 조달·안정판을 만들자 일본은 사할린 선점에 경악한다’가 한 국면을 닫은 뒤, 이 화 안의 원문 #탐사권 획득 전환이 1억6천만 달러 탐사권 서명과 방미을 연다.",‘종일이 지연 위험을 더 크게 보고 계약서에 서명해 10년 독점 탐사권을 승인한다’까지 가기 전에 ‘달러 선불 조건과 일본의 미국 로비가 서명 직후 프로젝트를 좌초시킬 수 있다’라는 압력을 넘을 수 있는가가 이 화의 독자 질문이다.,사할린 2광구 독점 탐사권을 확정하고 국제 신용을 실행 자금으로 연결한다.,일본 내각이 한국의 사할린 진출을 논쟁하는 동안 대성은 1억6천만 달러 선불 조건을 검토한다.,달러 선불 조건과 일본의 미국 로비가 서명 직후 프로젝트를 좌초시킬 수 있다.,국제 지위 축이 1억6천만 달러 탐사권 서명과 방미의 다음 단계로 이동한다.,유예: 말뿐이던 지지·명예가 표나 계약으로 환원된다.,status,다음 판단의 기준이 ‘종일이 지연 위험을 더 크게 보고 계약서에 서명해 10년 독점 탐사권을 승인한다’로 옮겨 간다.,다음 회차에는 종일이 지연 위험을 더 크게 보고 계약서에 서명해 10년 독점 탐사권을 승인한다,직전 화의 ‘석유공사 5퍼센트 조건이 2억 달러 조달·안정판을 만들자 일본은 사할린 선점에 경악한다’가 남긴 즉시 과제는 이번 실행으로 결론을 미룬 채 다음 압력으로 넘어간다.,종일이 지연 위험을 더 크게 보고 계약서에 서명해 10년 독점 탐사권을 승인한다; 1억6천만 달러 탐사권 서명과 방미,L49,high
946,성공시대 946화,탐사권 획득,132940,133061,직전 화의 ‘일본 내각이 한국의 사할린 진출을 논쟁하는 동안 대성은 1억6천만 달러 선불 조건을 검토한다’가 만든 조건에서 1억6천만 달러 탐사권 서명과 방미의 압박 단계가 시작된다.,‘소련 계약 발표 뒤 종일은 대통령 방미 수행단에 지명되고 3억 달러 탐사 준비비를 점검한다’까지 가기 전에 ‘달러 선불 조건과 일본의 미국 로비가 서명 직후 프로젝트를 좌초시킬 수 있다’라는 압력을 넘을 수 있는가가 이 화의 독자 질문이다.,사할린 2광구 독점 탐사권을 확정하고 국제 신용을 실행 자금으로 연결한다.,종일이 지연 위험을 더 크게 보고 계약서에 서명해 10년 독점 탐사권을 승인한다.,달러 선불 조건과 일본의 미국 로비가 서명 직후 프로젝트를 좌초시킬 수 있다.,국제 지위 축이 1억6천만 달러 탐사권 서명과 방미의 다음 단계로 이동한다.,지급: 적대 인물이 우군으로 바뀌어 영향력의 외연이 넓어진다.,status,다음 판단의 기준이 ‘소련 계약 발표 뒤 종일은 대통령 방미 수행단에 지명되고 3억 달러 탐사 준비비를 점검한다’로 옮겨 간다.,다음 회차에는 소련 계약 발표 뒤 종일은 대통령 방미 수행단에 지명되고 3억 달러 탐사 준비비를 점검한다,직전 화의 ‘일본 내각이 한국의 사할린 진출을 논쟁하는 동안 대성은 1억6천만 달러 선불 조건을 검토한다’가 남긴 즉시 과제는 이번 실행으로 구체 성과로 확인된다.,소련 계약 발표 뒤 종일은 대통령 방미 수행단에 지명되고 3억 달러 탐사 준비비를 점검한다; 1억6천만 달러 탐사권 서명과 방미,L49,high
947,성공시대 947화,탐사권 획득,133062,133199,직전 화의 ‘종일이 지연 위험을 더 크게 보고 계약서에 서명해 10년 독점 탐사권을 승인한다’가 만든 조건에서 1억6천만 달러 탐사권 서명과 방미의 전환 단계가 시작된다.,‘일본은 미국 압박을 기대하고 현영은 둘째 태몽으로 오색 용과 구슬을 본다’까지 가기 전에 ‘달러 선불 조건과 일본의 미국 로비가 서명 직후 프로젝트를 좌초시킬 수 있다’라는 압력을 넘을 수 있는가가 이 화의 독자 질문이다.,사할린 2광구 독점 탐사권을 확정하고 국제 신용을 실행 자금으로 연결한다.,소련 계약 발표 뒤 종일은 대통령 방미 수행단에 지명되고 3억 달러 탐사 준비비를 점검한다.,달러 선불 조건과 일본의 미국 로비가 서명 직후 프로젝트를 좌초시킬 수 있다.,국제 지위 축이 1억6천만 달러 탐사권 서명과 방미의 다음 단계로 이동한다.,유예: 국가적 성취가 종일과 실무진의 공적 보상으로 돌아온다.,status,다음 판단의 기준이 ‘일본은 미국 압박을 기대하고 현영은 둘째 태몽으로 오색 용과 구슬을 본다’로 옮겨 간다.,다음 회차에는 일본은 미국 압박을 기대하고 현영은 둘째 태몽으로 오색 용과 구슬을 본다,직전 화의 ‘종일이 지연 위험을 더 크게 보고 계약서에 서명해 10년 독점 탐사권을 승인한다’가 남긴 즉시 과제는 이번 실행으로 결론을 미룬 채 다음 압력으로 넘어간다.,일본은 미국 압박을 기대하고 현영은 둘째 태몽으로 오색 용과 구슬을 본다; 1억6천만 달러 탐사권 서명과 방미,L49,high
948,성공시대 948화,탐사권 획득,133200,133340,직전 화의 ‘소련 계약 발표 뒤 종일은 대통령 방미 수행단에 지명되고 3억 달러 탐사 준비비를 점검한다’가 만든 조건에서 1억6천만 달러 탐사권 서명과 방미의 전환 단계가 시작된다.,‘대통령 전용기에서 종일은 퇴임 후 평범한 삶을 바라는 대통령의 속내를 듣고 워싱턴에 도착한다’까지 가기 전에 ‘달러 선불 조건과 일본의 미국 로비가 서명 직후 프로젝트를 좌초시킬 수 있다’라는 압력을 넘을 수 있는가가 이 화의 독자 질문이다.,사할린 2광구 독점 탐사권을 확정하고 국제 신용을 실행 자금으로 연결한다.,일본은 미국 압박을 기대하고 현영은 둘째 태몽으로 오색 용과 구슬을 본다.,달러 선불 조건과 일본의 미국 로비가 서명 직후 프로젝트를 좌초시킬 수 있다.,국제 지위 축이 1억6천만 달러 탐사권 서명과 방미의 다음 단계로 이동한다.,유예: 서울 또는 대성의 국제 신뢰와 협상력이 한 단계 오른다.,status,다음 판단의 기준이 ‘대통령 전용기에서 종일은 퇴임 후 평범한 삶을 바라는 대통령의 속내를 듣고 워싱턴에 도착한다’로 옮겨 간다.,다음 회차에는 대통령 전용기에서 종일은 퇴임 후 평범한 삶을 바라는 대통령의 속내를 듣고 워싱턴에 도착한다,직전 화의 ‘소련 계약 발표 뒤 종일은 대통령 방미 수행단에 지명되고 3억 달러 탐사 준비비를 점검한다’가 남긴 즉시 과제는 이번 실행으로 결론을 미룬 채 다음 압력으로 넘어간다.,대통령 전용기에서 종일은 퇴임 후 평범한 삶을 바라는 대통령의 속내를 듣고 워싱턴에 도착한다; 1억6천만 달러 탐사권 서명과 방미,L49,high
949,성공시대 949화,탐사권 획득,133341,133464,직전 화의 ‘일본은 미국 압박을 기대하고 현영은 둘째 태몽으로 오색 용과 구슬을 본다’가 만든 조건에서 1억6천만 달러 탐사권 서명과 방미의 결산 단계가 시작된다.,‘타이세이 일본 대사가 도건 상원의원에게 소련 동부 팽창 위협을 내세워 사할린 반대를 로비한다’까지 가기 전에 ‘달러 선불 조건과 일본의 미국 로비가 서명 직후 프로젝트를 좌초시킬 수 있다’라는 압력을 넘을 수 있는가가 이 화의 독자 질문이다.,사할린 2광구 독점 탐사권을 확정하고 국제 신용을 실행 자금으로 연결한다.,대통령 전용기에서 종일은 퇴임 후 평범한 삶을 바라는 대통령의 속내를 듣고 워싱턴에 도착한다.,달러 선불 조건과 일본의 미국 로비가 서명 직후 프로젝트를 좌초시킬 수 있다.,국제 지위 축이 1억6천만 달러 탐사권 서명과 방미의 가시적 결산으로 이동한다.,지급: 말뿐이던 지지·명예가 표나 계약으로 환원된다.,status,다음 판단의 기준이 ‘타이세이 일본 대사가 도건 상원의원에게 소련 동부 팽창 위협을 내세워 사할린 반대를 로비한다’로 옮겨 간다.,다음 회차에는 타이세이 일본 대사가 도건 상원의원에게 소련 동부 팽창 위협을 내세워 사할린 반대를 로비한다,직전 화의 ‘일본은 미국 압박을 기대하고 현영은 둘째 태몽으로 오색 용과 구슬을 본다’가 남긴 즉시 과제는 이번 실행으로 구체 성과로 확인된다.,타이세이 일본 대사가 도건 상원의원에게 소련 동부 팽창 위협을 내세워 사할린 반대를 로비한다; 다음 소제목 #방해 공작Ⅰ,L49,high
950,성공시대 950화,방해 공작Ⅰ,133465,133611,"직전 화의 ‘대통령 전용기에서 종일은 퇴임 후 평범한 삶을 바라는 대통령의 속내를 듣고 워싱턴에 도착한다’가 한 국면을 닫은 뒤, 이 화 안의 원문 #방해 공작Ⅰ 전환이 일본의 워싱턴 로비와 조달 위기을 연다.",‘종일은 하워드와 저유가 전망을 논하고 대성 회사채가 투기등급 금리를 요구받자 발행을 보류한다’까지 가기 전에 ‘도건 상원의원의 압박으로 백악관이 비밀 합의를 파기하면 자금 구조가 붕괴한다’라는 압력을 넘을 수 있는가가 이 화의 독자 질문이다.,미국 정치권의 사할린 반대를 막고 차관·회사채 약속을 지킨다.,타이세이 일본 대사가 도건 상원의원에게 소련 동부 팽창 위협을 내세워 사할린 반대를 로비한다.,도건 상원의원의 압박으로 백악관이 비밀 합의를 파기하면 자금 구조가 붕괴한다.,사업 규모 축이 일본의 워싱턴 로비와 조달 위기의 다음 단계로 이동한다.,유예: 경쟁자보다 먼저 물류·현장·시장 거점을 선점한다.,business,다음 판단의 기준이 ‘종일은 하워드와 저유가 전망을 논하고 대성 회사채가 투기등급 금리를 요구받자 발행을 보류한다’로 옮겨 간다.,다음 회차에는 종일은 하워드와 저유가 전망을 논하고 대성 회사채가 투기등급 금리를 요구받자 발행을 보류한다,직전 화의 ‘대통령 전용기에서 종일은 퇴임 후 평범한 삶을 바라는 대통령의 속내를 듣고 워싱턴에 도착한다’가 남긴 즉시 과제는 이번 실행으로 결론을 미룬 채 다음 압력으로 넘어간다.,종일은 하워드와 저유가 전망을 논하고 대성 회사채가 투기등급 금리를 요구받자 발행을 보류한다; 일본의 워싱턴 로비와 조달 위기,L50,high
951,성공시대 951화,방해 공작Ⅰ,133612,133744,직전 화의 ‘타이세이 일본 대사가 도건 상원의원에게 소련 동부 팽창 위협을 내세워 사할린 반대를 로비한다’가 만든 조건에서 일본의 워싱턴 로비와 조달 위기의 압박 단계가 시작된다.,‘도건이 레이건에게 사할린 중단을 요구해 백악관의 쿠데타 묵인 약점을 다시 흔든다’까지 가기 전에 ‘도건 상원의원의 압박으로 백악관이 비밀 합의를 파기하면 자금 구조가 붕괴한다’라는 압력을 넘을 수 있는가가 이 화의 독자 질문이다.,미국 정치권의 사할린 반대를 막고 차관·회사채 약속을 지킨다.,종일은 하워드와 저유가 전망을 논하고 대성 회사채가 투기등급 금리를 요구받자 발행을 보류한다.,도건 상원의원의 압박으로 백악관이 비밀 합의를 파기하면 자금 구조가 붕괴한다.,사업 규모 축이 일본의 워싱턴 로비와 조달 위기의 다음 단계로 이동한다.,유예: 계약·자금·기술 가운데 하나가 실제 자산으로 남는다.,business,다음 판단의 기준이 ‘도건이 레이건에게 사할린 중단을 요구해 백악관의 쿠데타 묵인 약점을 다시 흔든다’로 옮겨 간다.,다음 회차에는 도건이 레이건에게 사할린 중단을 요구해 백악관의 쿠데타 묵인 약점을 다시 흔든다,직전 화의 ‘타이세이 일본 대사가 도건 상원의원에게 소련 동부 팽창 위협을 내세워 사할린 반대를 로비한다’가 남긴 즉시 과제는 이번 실행으로 결론을 미룬 채 다음 압력으로 넘어간다.,도건이 레이건에게 사할린 중단을 요구해 백악관의 쿠데타 묵인 약점을 다시 흔든다; 일본의 워싱턴 로비와 조달 위기,L50,high
952,성공시대 952화,방해 공작Ⅰ,133745,133863,직전 화의 ‘종일은 하워드와 저유가 전망을 논하고 대성 회사채가 투기등급 금리를 요구받자 발행을 보류한다’가 만든 조건에서 일본의 워싱턴 로비와 조달 위기의 압박 단계가 시작된다.,‘도건이 한미 회담 합의안을 빼내는 동안 종일은 미 연방조달청의 비상 라디오 60만 대 기회를 얻는다’까지 가기 전에 ‘도건 상원의원의 압박으로 백악관이 비밀 합의를 파기하면 자금 구조가 붕괴한다’라는 압력을 넘을 수 있는가가 이 화의 독자 질문이다.,미국 정치권의 사할린 반대를 막고 차관·회사채 약속을 지킨다.,도건이 레이건에게 사할린 중단을 요구해 백악관의 쿠데타 묵인 약점을 다시 흔든다.,도건 상원의원의 압박으로 백악관이 비밀 합의를 파기하면 자금 구조가 붕괴한다.,사업 규모 축이 일본의 워싱턴 로비와 조달 위기의 다음 단계로 이동한다.,유예: 다음 투자 판단에 필요한 가격과 위험을 확보한다.,business,다음 판단의 기준이 ‘도건이 한미 회담 합의안을 빼내는 동안 종일은 미 연방조달청의 비상 라디오 60만 대 기회를 얻는다’로 옮겨 간다.,다음 회차에는 도건이 한미 회담 합의안을 빼내는 동안 종일은 미 연방조달청의 비상 라디오 60만 대 기회를 얻는다,직전 화의 ‘종일은 하워드와 저유가 전망을 논하고 대성 회사채가 투기등급 금리를 요구받자 발행을 보류한다’가 남긴 즉시 과제는 이번 실행으로 결론을 미룬 채 다음 압력으로 넘어간다.,도건이 한미 회담 합의안을 빼내는 동안 종일은 미 연방조달청의 비상 라디오 60만 대 기회를 얻는다; 일본의 워싱턴 로비와 조달 위기,L50,high
953,성공시대 953화,방해 공작Ⅰ,133864,133995,직전 화의 ‘도건이 레이건에게 사할린 중단을 요구해 백악관의 쿠데타 묵인 약점을 다시 흔든다’가 만든 조건에서 일본의 워싱턴 로비와 조달 위기의 전환 단계가 시작된다.,‘조지 하원의원이 도건의 개입을 경고하고 종일은 미국과 정면 충돌할 수 없는 제약을 확인한다’까지 가기 전에 ‘도건 상원의원의 압박으로 백악관이 비밀 합의를 파기하면 자금 구조가 붕괴한다’라는 압력을 넘을 수 있는가가 이 화의 독자 질문이다.,미국 정치권의 사할린 반대를 막고 차관·회사채 약속을 지킨다.,도건이 한미 회담 합의안을 빼내는 동안 종일은 미 연방조달청의 비상 라디오 60만 대 기회를 얻는다.,도건 상원의원의 압박으로 백악관이 비밀 합의를 파기하면 자금 구조가 붕괴한다.,사업 규모 축이 일본의 워싱턴 로비와 조달 위기의 다음 단계로 이동한다.,지급: 조직 실행력과 장기 현금흐름의 기반을 넓힌다.,business,다음 판단의 기준이 ‘조지 하원의원이 도건의 개입을 경고하고 종일은 미국과 정면 충돌할 수 없는 제약을 확인한다’로 옮겨 간다.,다음 회차에는 조지 하원의원이 도건의 개입을 경고하고 종일은 미국과 정면 충돌할 수 없는 제약을 확인한다,직전 화의 ‘도건이 레이건에게 사할린 중단을 요구해 백악관의 쿠데타 묵인 약점을 다시 흔든다’가 남긴 즉시 과제는 이번 실행으로 구체 성과로 확인된다.,조지 하원의원이 도건의 개입을 경고하고 종일은 미국과 정면 충돌할 수 없는 제약을 확인한다; 일본의 워싱턴 로비와 조달 위기,L50,high
954,성공시대 954화,방해 공작Ⅰ,133996,134109,직전 화의 ‘도건이 한미 회담 합의안을 빼내는 동안 종일은 미 연방조달청의 비상 라디오 60만 대 기회를 얻는다’가 만든 조건에서 일본의 워싱턴 로비와 조달 위기의 전환 단계가 시작된다.,‘종일이 미시간 일본차 공장 반대 여론을 이용해 도건의 지역구 약점을 찌르는 해법을 제시한다’까지 가기 전에 ‘도건 상원의원의 압박으로 백악관이 비밀 합의를 파기하면 자금 구조가 붕괴한다’라는 압력을 넘을 수 있는가가 이 화의 독자 질문이다.,미국 정치권의 사할린 반대를 막고 차관·회사채 약속을 지킨다.,조지 하원의원이 도건의 개입을 경고하고 종일은 미국과 정면 충돌할 수 없는 제약을 확인한다.,도건 상원의원의 압박으로 백악관이 비밀 합의를 파기하면 자금 구조가 붕괴한다.,사업 규모 축이 일본의 워싱턴 로비와 조달 위기의 다음 단계로 이동한다.,유예: 경쟁자보다 먼저 물류·현장·시장 거점을 선점한다.,business,다음 판단의 기준이 ‘종일이 미시간 일본차 공장 반대 여론을 이용해 도건의 지역구 약점을 찌르는 해법을 제시한다’로 옮겨 간다.,다음 회차에는 종일이 미시간 일본차 공장 반대 여론을 이용해 도건의 지역구 약점을 찌르는 해법을 제시한다,직전 화의 ‘도건이 한미 회담 합의안을 빼내는 동안 종일은 미 연방조달청의 비상 라디오 60만 대 기회를 얻는다’가 남긴 즉시 과제는 이번 실행으로 결론을 미룬 채 다음 압력으로 넘어간다.,종일이 미시간 일본차 공장 반대 여론을 이용해 도건의 지역구 약점을 찌르는 해법을 제시한다; 일본의 워싱턴 로비와 조달 위기,L50,high
955,성공시대 955화,방해 공작Ⅰ,134110,134221,직전 화의 ‘조지 하원의원이 도건의 개입을 경고하고 종일은 미국과 정면 충돌할 수 없는 제약을 확인한다’가 만든 조건에서 일본의 워싱턴 로비와 조달 위기의 결산 단계가 시작된다.,‘한미 정상회담이 차관 확대를 발표한 날 디트로이트 신문이 일본차 공장을 제2의 진주만으로 규정한다’까지 가기 전에 ‘도건 상원의원의 압박으로 백악관이 비밀 합의를 파기하면 자금 구조가 붕괴한다’라는 압력을 넘을 수 있는가가 이 화의 독자 질문이다.,미국 정치권의 사할린 반대를 막고 차관·회사채 약속을 지킨다.,종일이 미시간 일본차 공장 반대 여론을 이용해 도건의 지역구 약점을 찌르는 해법을 제시한다.,도건 상원의원의 압박으로 백악관이 비밀 합의를 파기하면 자금 구조가 붕괴한다.,사업 규모 축이 일본의 워싱턴 로비와 조달 위기의 가시적 결산으로 이동한다.,부분 지급: 계약·자금·기술 가운데 하나가 실제 자산으로 남는다.,business,다음 판단의 기준이 ‘한미 정상회담이 차관 확대를 발표한 날 디트로이트 신문이 일본차 공장을 제2의 진주만으로 규정한다’로 옮겨 간다.,다음 회차에는 한미 정상회담이 차관 확대를 발표한 날 디트로이트 신문이 일본차 공장을 제2의 진주만으로 규정한다,직전 화의 ‘조지 하원의원이 도건의 개입을 경고하고 종일은 미국과 정면 충돌할 수 없는 제약을 확인한다’가 남긴 즉시 과제는 이번 실행으로 일부 결과를 얻고 남은 비용만 다음 화로 넘긴다.,한미 정상회담이 차관 확대를 발표한 날 디트로이트 신문이 일본차 공장을 제2의 진주만으로 규정한다; 다음 소제목 #방해 공작Ⅱ,L50,high
956,성공시대 956화,방해 공작Ⅱ,134222,134338,"직전 화의 ‘종일이 미시간 일본차 공장 반대 여론을 이용해 도건의 지역구 약점을 찌르는 해법을 제시한다’가 한 국면을 닫은 뒤, 이 화 안의 원문 #방해 공작Ⅱ 전환이 디트로이트 역공과 도건 후퇴을 연다.",‘미시간 반일 여론이 시위로 번지고 도건은 지역구로 내려가며 사할린 반대를 멈춘다’까지 가기 전에 ‘백악관 공작이 드러나면 미국 의회·일본·한국 사이의 외교전이 폭발한다’라는 압력을 넘을 수 있는가가 이 화의 독자 질문이다.,일본 자동차 진출 반발로 도건의 로비 동기를 제거하고 한미 합의를 공개한다.,한미 정상회담이 차관 확대를 발표한 날 디트로이트 신문이 일본차 공장을 제2의 진주만으로 규정한다.,백악관 공작이 드러나면 미국 의회·일본·한국 사이의 외교전이 폭발한다.,국제 지위 축이 디트로이트 역공과 도건 후퇴의 다음 단계로 이동한다.,유예: 적대 인물이 우군으로 바뀌어 영향력의 외연이 넓어진다.,status,다음 판단의 기준이 ‘미시간 반일 여론이 시위로 번지고 도건은 지역구로 내려가며 사할린 반대를 멈춘다’로 옮겨 간다.,다음 회차에는 미시간 반일 여론이 시위로 번지고 도건은 지역구로 내려가며 사할린 반대를 멈춘다,직전 화의 ‘종일이 미시간 일본차 공장 반대 여론을 이용해 도건의 지역구 약점을 찌르는 해법을 제시한다’가 남긴 즉시 과제는 이번 실행으로 결론을 미룬 채 다음 압력으로 넘어간다.,미시간 반일 여론이 시위로 번지고 도건은 지역구로 내려가며 사할린 반대를 멈춘다; 디트로이트 역공과 도건 후퇴,L51,high
957,성공시대 957화,방해 공작Ⅱ,134339,134478,직전 화의 ‘한미 정상회담이 차관 확대를 발표한 날 디트로이트 신문이 일본차 공장을 제2의 진주만으로 규정한다’가 만든 조건에서 디트로이트 역공과 도건 후퇴의 압박 단계가 시작된다.,‘귀국한 종일이 아영의 선물을 풀고 미시간에서는 일본 제품 불매 움직임이 커진다’까지 가기 전에 ‘백악관 공작이 드러나면 미국 의회·일본·한국 사이의 외교전이 폭발한다’라는 압력을 넘을 수 있는가가 이 화의 독자 질문이다.,일본 자동차 진출 반발로 도건의 로비 동기를 제거하고 한미 합의를 공개한다.,미시간 반일 여론이 시위로 번지고 도건은 지역구로 내려가며 사할린 반대를 멈춘다.,백악관 공작이 드러나면 미국 의회·일본·한국 사이의 외교전이 폭발한다.,국제 지위 축이 디트로이트 역공과 도건 후퇴의 다음 단계로 이동한다.,유예: 국가적 성취가 종일과 실무진의 공적 보상으로 돌아온다.,status,다음 판단의 기준이 ‘귀국한 종일이 아영의 선물을 풀고 미시간에서는 일본 제품 불매 움직임이 커진다’로 옮겨 간다.,다음 회차에는 귀국한 종일이 아영의 선물을 풀고 미시간에서는 일본 제품 불매 움직임이 커진다,직전 화의 ‘한미 정상회담이 차관 확대를 발표한 날 디트로이트 신문이 일본차 공장을 제2의 진주만으로 규정한다’가 남긴 즉시 과제는 이번 실행으로 결론을 미룬 채 다음 압력으로 넘어간다.,귀국한 종일이 아영의 선물을 풀고 미시간에서는 일본 제품 불매 움직임이 커진다; 디트로이트 역공과 도건 후퇴,L51,high
958,성공시대 958화,방해 공작Ⅱ,134479,134634,직전 화의 ‘미시간 반일 여론이 시위로 번지고 도건은 지역구로 내려가며 사할린 반대를 멈춘다’가 만든 조건에서 디트로이트 역공과 도건 후퇴의 전환 단계가 시작된다.,‘도건이 자동차노조 이탈에 몰려 일본 공장 반대를 선언하고 타이세이 대사는 백악관 경고를 받는다’까지 가기 전에 ‘백악관 공작이 드러나면 미국 의회·일본·한국 사이의 외교전이 폭발한다’라는 압력을 넘을 수 있는가가 이 화의 독자 질문이다.,일본 자동차 진출 반발로 도건의 로비 동기를 제거하고 한미 합의를 공개한다.,귀국한 종일이 아영의 선물을 풀고 미시간에서는 일본 제품 불매 움직임이 커진다.,백악관 공작이 드러나면 미국 의회·일본·한국 사이의 외교전이 폭발한다.,국제 지위 축이 디트로이트 역공과 도건 후퇴의 다음 단계로 이동한다.,유예: 서울 또는 대성의 국제 신뢰와 협상력이 한 단계 오른다.,status,다음 판단의 기준이 ‘도건이 자동차노조 이탈에 몰려 일본 공장 반대를 선언하고 타이세이 대사는 백악관 경고를 받는다’로 옮겨 간다.,다음 회차에는 도건이 자동차노조 이탈에 몰려 일본 공장 반대를 선언하고 타이세이 대사는 백악관 경고를 받는다,직전 화의 ‘미시간 반일 여론이 시위로 번지고 도건은 지역구로 내려가며 사할린 반대를 멈춘다’가 남긴 즉시 과제는 이번 실행으로 결론을 미룬 채 다음 압력으로 넘어간다.,도건이 자동차노조 이탈에 몰려 일본 공장 반대를 선언하고 타이세이 대사는 백악관 경고를 받는다; 디트로이트 역공과 도건 후퇴,L51,high
959,성공시대 959화,방해 공작Ⅱ,134635,134769,직전 화의 ‘귀국한 종일이 아영의 선물을 풀고 미시간에서는 일본 제품 불매 움직임이 커진다’가 만든 조건에서 디트로이트 역공과 도건 후퇴의 결산 단계가 시작된다.,‘백악관이 도건에게 자동차세 감면을 주는 대신 사할린 반대를 접게 하고 산업부 차관 공문이 도착한다’까지 가기 전에 ‘백악관 공작이 드러나면 미국 의회·일본·한국 사이의 외교전이 폭발한다’라는 압력을 넘을 수 있는가가 이 화의 독자 질문이다.,일본 자동차 진출 반발로 도건의 로비 동기를 제거하고 한미 합의를 공개한다.,도건이 자동차노조 이탈에 몰려 일본 공장 반대를 선언하고 타이세이 대사는 백악관 경고를 받는다.,백악관 공작이 드러나면 미국 의회·일본·한국 사이의 외교전이 폭발한다.,국제 지위 축이 디트로이트 역공과 도건 후퇴의 가시적 결산으로 이동한다.,지급: 말뿐이던 지지·명예가 표나 계약으로 환원된다.,status,다음 판단의 기준이 ‘백악관이 도건에게 자동차세 감면을 주는 대신 사할린 반대를 접게 하고 산업부 차관 공문이 도착한다’로 옮겨 간다.,다음 회차에는 백악관이 도건에게 자동차세 감면을 주는 대신 사할린 반대를 접게 하고 산업부 차관 공문이 도착한다,직전 화의 ‘귀국한 종일이 아영의 선물을 풀고 미시간에서는 일본 제품 불매 움직임이 커진다’가 남긴 즉시 과제는 이번 실행으로 구체 성과로 확인된다.,백악관이 도건에게 자동차세 감면을 주는 대신 사할린 반대를 접게 하고 산업부 차관 공문이 도착한다; 다음 소제목 #운명의 카운트다운,L51,high
960,성공시대 960화,운명의 카운트다운,134770,134906,"직전 화의 ‘도건이 자동차노조 이탈에 몰려 일본 공장 반대를 선언하고 타이세이 대사는 백악관 경고를 받는다’가 한 국면을 닫은 뒤, 이 화 안의 원문 #운명의 카운트다운 전환이 차관 집행과 바덴바덴 한 달 카운트다운을 연다.",‘대성이 차관 서류를 접수해 유전 자금을 확보하고 올림픽 투표 한 달 전 총력전으로 전환한다’까지 가기 전에 ‘일본의 3천만 달러 기부 카드와 한국 기술 인력 부족이 두 대형 프로젝트를 동시에 압박한다’라는 압력을 넘을 수 있는가가 이 화의 독자 질문이다.,사할린 자금을 실제 집행하고 남은 한 달 동안 올림픽 열세를 뒤집는다.,백악관이 도건에게 자동차세 감면을 주는 대신 사할린 반대를 접게 하고 산업부 차관 공문이 도착한다.,일본의 3천만 달러 기부 카드와 한국 기술 인력 부족이 두 대형 프로젝트를 동시에 압박한다.,국제 지위 축이 차관 집행과 바덴바덴 한 달 카운트다운의 다음 단계로 이동한다.,지급: 국가적 성취가 종일과 실무진의 공적 보상으로 돌아온다.,status,다음 판단의 기준이 ‘대성이 차관 서류를 접수해 유전 자금을 확보하고 올림픽 투표 한 달 전 총력전으로 전환한다’로 옮겨 간다.,다음 회차에는 대성이 차관 서류를 접수해 유전 자금을 확보하고 올림픽 투표 한 달 전 총력전으로 전환한다,직전 화의 ‘도건이 자동차노조 이탈에 몰려 일본 공장 반대를 선언하고 타이세이 대사는 백악관 경고를 받는다’가 남긴 즉시 과제는 이번 실행으로 구체 성과로 확인된다.,대성이 차관 서류를 접수해 유전 자금을 확보하고 올림픽 투표 한 달 전 총력전으로 전환한다; 차관 집행과 바덴바덴 한 달 카운트다운,L52,high
961,성공시대 961화,운명의 카운트다운,134907,135035,직전 화의 ‘백악관이 도건에게 자동차세 감면을 주는 대신 사할린 반대를 접게 하고 산업부 차관 공문이 도착한다’가 만든 조건에서 차관 집행과 바덴바덴 한 달 카운트다운의 압박 단계가 시작된다.,‘유학성이 IOC 증원론의 불리함을 설명하고 일본은 나고야 공사를 미리 발주해 정치헌금을 챙긴다’까지 가기 전에 ‘일본의 3천만 달러 기부 카드와 한국 기술 인력 부족이 두 대형 프로젝트를 동시에 압박한다’라는 압력을 넘을 수 있는가가 이 화의 독자 질문이다.,사할린 자금을 실제 집행하고 남은 한 달 동안 올림픽 열세를 뒤집는다.,대성이 차관 서류를 접수해 유전 자금을 확보하고 올림픽 투표 한 달 전 총력전으로 전환한다.,일본의 3천만 달러 기부 카드와 한국 기술 인력 부족이 두 대형 프로젝트를 동시에 압박한다.,국제 지위 축이 차관 집행과 바덴바덴 한 달 카운트다운의 다음 단계로 이동한다.,지급: 서울 또는 대성의 국제 신뢰와 협상력이 한 단계 오른다.,status,다음 판단의 기준이 ‘유학성이 IOC 증원론의 불리함을 설명하고 일본은 나고야 공사를 미리 발주해 정치헌금을 챙긴다’로 옮겨 간다.,다음 회차에는 유학성이 IOC 증원론의 불리함을 설명하고 일본은 나고야 공사를 미리 발주해 정치헌금을 챙긴다,직전 화의 ‘백악관이 도건에게 자동차세 감면을 주는 대신 사할린 반대를 접게 하고 산업부 차관 공문이 도착한다’가 남긴 즉시 과제는 이번 실행으로 구체 성과로 확인된다.,유학성이 IOC 증원론의 불리함을 설명하고 일본은 나고야 공사를 미리 발주해 정치헌금을 챙긴다; 차관 집행과 바덴바덴 한 달 카운트다운,L52,high
962,성공시대 962화,운명의 카운트다운,135036,135148,직전 화의 ‘대성이 차관 서류를 접수해 유전 자금을 확보하고 올림픽 투표 한 달 전 총력전으로 전환한다’가 만든 조건에서 차관 집행과 바덴바덴 한 달 카운트다운의 압박 단계가 시작된다.,‘일본이 IOC 발전기금 3천만 달러를 내겠다는 급보가 다슬러를 통해 종일에게 온다’까지 가기 전에 ‘일본의 3천만 달러 기부 카드와 한국 기술 인력 부족이 두 대형 프로젝트를 동시에 압박한다’라는 압력을 넘을 수 있는가가 이 화의 독자 질문이다.,사할린 자금을 실제 집행하고 남은 한 달 동안 올림픽 열세를 뒤집는다.,유학성이 IOC 증원론의 불리함을 설명하고 일본은 나고야 공사를 미리 발주해 정치헌금을 챙긴다.,일본의 3천만 달러 기부 카드와 한국 기술 인력 부족이 두 대형 프로젝트를 동시에 압박한다.,국제 지위 축이 차관 집행과 바덴바덴 한 달 카운트다운의 다음 단계로 이동한다.,유예: 말뿐이던 지지·명예가 표나 계약으로 환원된다.,status,다음 판단의 기준이 ‘일본이 IOC 발전기금 3천만 달러를 내겠다는 급보가 다슬러를 통해 종일에게 온다’로 옮겨 간다.,다음 회차에는 일본이 IOC 발전기금 3천만 달러를 내겠다는 급보가 다슬러를 통해 종일에게 온다,직전 화의 ‘대성이 차관 서류를 접수해 유전 자금을 확보하고 올림픽 투표 한 달 전 총력전으로 전환한다’가 남긴 즉시 과제는 이번 실행으로 결론을 미룬 채 다음 압력으로 넘어간다.,일본이 IOC 발전기금 3천만 달러를 내겠다는 급보가 다슬러를 통해 종일에게 온다; 차관 집행과 바덴바덴 한 달 카운트다운,L52,high
963,성공시대 963화,운명의 카운트다운,135149,135293,직전 화의 ‘유학성이 IOC 증원론의 불리함을 설명하고 일본은 나고야 공사를 미리 발주해 정치헌금을 챙긴다’가 만든 조건에서 차관 집행과 바덴바덴 한 달 카운트다운의 압박 단계가 시작된다.,‘문준호가 포기를 권하지만 종일은 중국의 장기 위협과 올림픽 필요성을 들어 대통령을 설득한다’까지 가기 전에 ‘일본의 3천만 달러 기부 카드와 한국 기술 인력 부족이 두 대형 프로젝트를 동시에 압박한다’라는 압력을 넘을 수 있는가가 이 화의 독자 질문이다.,사할린 자금을 실제 집행하고 남은 한 달 동안 올림픽 열세를 뒤집는다.,일본이 IOC 발전기금 3천만 달러를 내겠다는 급보가 다슬러를 통해 종일에게 온다.,일본의 3천만 달러 기부 카드와 한국 기술 인력 부족이 두 대형 프로젝트를 동시에 압박한다.,국제 지위 축이 차관 집행과 바덴바덴 한 달 카운트다운의 다음 단계로 이동한다.,유예: 적대 인물이 우군으로 바뀌어 영향력의 외연이 넓어진다.,status,다음 판단의 기준이 ‘문준호가 포기를 권하지만 종일은 중국의 장기 위협과 올림픽 필요성을 들어 대통령을 설득한다’로 옮겨 간다.,다음 회차에는 문준호가 포기를 권하지만 종일은 중국의 장기 위협과 올림픽 필요성을 들어 대통령을 설득한다,직전 화의 ‘유학성이 IOC 증원론의 불리함을 설명하고 일본은 나고야 공사를 미리 발주해 정치헌금을 챙긴다’가 남긴 즉시 과제는 이번 실행으로 결론을 미룬 채 다음 압력으로 넘어간다.,문준호가 포기를 권하지만 종일은 중국의 장기 위협과 올림픽 필요성을 들어 대통령을 설득한다; 차관 집행과 바덴바덴 한 달 카운트다운,L52,high
964,성공시대 964화,운명의 카운트다운,135294,135419,직전 화의 ‘일본이 IOC 발전기금 3천만 달러를 내겠다는 급보가 다슬러를 통해 종일에게 온다’가 만든 조건에서 차관 집행과 바덴바덴 한 달 카운트다운의 전환 단계가 시작된다.,‘민간 유치단 재벌들이 갈라지자 종일이 일본에 질 수 없다며 마지막 결속을 만든다’까지 가기 전에 ‘일본의 3천만 달러 기부 카드와 한국 기술 인력 부족이 두 대형 프로젝트를 동시에 압박한다’라는 압력을 넘을 수 있는가가 이 화의 독자 질문이다.,사할린 자금을 실제 집행하고 남은 한 달 동안 올림픽 열세를 뒤집는다.,문준호가 포기를 권하지만 종일은 중국의 장기 위협과 올림픽 필요성을 들어 대통령을 설득한다.,일본의 3천만 달러 기부 카드와 한국 기술 인력 부족이 두 대형 프로젝트를 동시에 압박한다.,국제 지위 축이 차관 집행과 바덴바덴 한 달 카운트다운의 다음 단계로 이동한다.,유예: 국가적 성취가 종일과 실무진의 공적 보상으로 돌아온다.,status,다음 판단의 기준이 ‘민간 유치단 재벌들이 갈라지자 종일이 일본에 질 수 없다며 마지막 결속을 만든다’로 옮겨 간다.,다음 회차에는 민간 유치단 재벌들이 갈라지자 종일이 일본에 질 수 없다며 마지막 결속을 만든다,직전 화의 ‘일본이 IOC 발전기금 3천만 달러를 내겠다는 급보가 다슬러를 통해 종일에게 온다’가 남긴 즉시 과제는 이번 실행으로 결론을 미룬 채 다음 압력으로 넘어간다.,민간 유치단 재벌들이 갈라지자 종일이 일본에 질 수 없다며 마지막 결속을 만든다; 차관 집행과 바덴바덴 한 달 카운트다운,L52,high
965,성공시대 965화,운명의 카운트다운,135420,135537,직전 화의 ‘문준호가 포기를 권하지만 종일은 중국의 장기 위협과 올림픽 필요성을 들어 대통령을 설득한다’가 만든 조건에서 차관 집행과 바덴바덴 한 달 카운트다운의 결산 단계가 시작된다.,‘사할린 탐사 인력 부족을 확인한 종일은 업체 인수와 올림픽 기금 1천만 달러 마련을 병행한다’까지 가기 전에 ‘일본의 3천만 달러 기부 카드와 한국 기술 인력 부족이 두 대형 프로젝트를 동시에 압박한다’라는 압력을 넘을 수 있는가가 이 화의 독자 질문이다.,사할린 자금을 실제 집행하고 남은 한 달 동안 올림픽 열세를 뒤집는다.,민간 유치단 재벌들이 갈라지자 종일이 일본에 질 수 없다며 마지막 결속을 만든다.,일본의 3천만 달러 기부 카드와 한국 기술 인력 부족이 두 대형 프로젝트를 동시에 압박한다.,국제 지위 축이 차관 집행과 바덴바덴 한 달 카운트다운의 가시적 결산으로 이동한다.,부분 지급: 서울 또는 대성의 국제 신뢰와 협상력이 한 단계 오른다.,status,다음 판단의 기준이 ‘사할린 탐사 인력 부족을 확인한 종일은 업체 인수와 올림픽 기금 1천만 달러 마련을 병행한다’로 옮겨 간다.,다음 회차에는 사할린 탐사 인력 부족을 확인한 종일은 업체 인수와 올림픽 기금 1천만 달러 마련을 병행한다,직전 화의 ‘문준호가 포기를 권하지만 종일은 중국의 장기 위협과 올림픽 필요성을 들어 대통령을 설득한다’가 남긴 즉시 과제는 이번 실행으로 일부 결과를 얻고 남은 비용만 다음 화로 넘긴다.,사할린 탐사 인력 부족을 확인한 종일은 업체 인수와 올림픽 기금 1천만 달러 마련을 병행한다; 차관 집행과 바덴바덴 한 달 카운트다운,L52,high
966,성공시대 966화,운명의 카운트다운,135538,135660,직전 화의 ‘민간 유치단 재벌들이 갈라지자 종일이 일본에 질 수 없다며 마지막 결속을 만든다’가 만든 조건에서 차관 집행과 바덴바덴 한 달 카운트다운의 결산 단계가 시작된다.,‘종희의 해외 홍보팀이 꾸려지고 일본 건설사들은 다나카에게 나고야 공사 뇌물과 선거후원을 약속한다’까지 가기 전에 ‘일본의 3천만 달러 기부 카드와 한국 기술 인력 부족이 두 대형 프로젝트를 동시에 압박한다’라는 압력을 넘을 수 있는가가 이 화의 독자 질문이다.,사할린 자금을 실제 집행하고 남은 한 달 동안 올림픽 열세를 뒤집는다.,사할린 탐사 인력 부족을 확인한 종일은 업체 인수와 올림픽 기금 1천만 달러 마련을 병행한다.,일본의 3천만 달러 기부 카드와 한국 기술 인력 부족이 두 대형 프로젝트를 동시에 압박한다.,국제 지위 축이 차관 집행과 바덴바덴 한 달 카운트다운의 가시적 결산으로 이동한다.,지급: 말뿐이던 지지·명예가 표나 계약으로 환원된다.,status,다음 판단의 기준이 ‘종희의 해외 홍보팀이 꾸려지고 일본 건설사들은 다나카에게 나고야 공사 뇌물과 선거후원을 약속한다’로 옮겨 간다.,다음 회차에는 종희의 해외 홍보팀이 꾸려지고 일본 건설사들은 다나카에게 나고야 공사 뇌물과 선거후원을 약속한다,직전 화의 ‘민간 유치단 재벌들이 갈라지자 종일이 일본에 질 수 없다며 마지막 결속을 만든다’가 남긴 즉시 과제는 이번 실행으로 구체 성과로 확인된다.,종희의 해외 홍보팀이 꾸려지고 일본 건설사들은 다나카에게 나고야 공사 뇌물과 선거후원을 약속한다; 다음 소제목 #약속의 땅 바덴바덴Ⅰ,L52,high
967,성공시대 967화,약속의 땅 바덴바덴Ⅰ,135661,135796,"직전 화의 ‘사할린 탐사 인력 부족을 확인한 종일은 업체 인수와 올림픽 기금 1천만 달러 마련을 병행한다’가 한 국면을 닫은 뒤, 이 화 안의 원문 #약속의 땅 바덴바덴Ⅰ 전환이 중국 협상과 바덴바덴 홈그라운드화을 연다.",‘종일이 왕자춘에게 일본 전쟁 책임을 거론하고 중국 광산 5천만 달러 투자로 표를 설득한다’까지 가기 전에 ‘중국의 수교 요구와 일본의 매수·사전 공사 카드가 서울의 자원 한계를 드러낸다’라는 압력을 넘을 수 있는가가 이 화의 독자 질문이다.,막판 부동표를 지키고 바덴바덴 도시 전체를 서울의 의지로 채운다.,종희의 해외 홍보팀이 꾸려지고 일본 건설사들은 다나카에게 나고야 공사 뇌물과 선거후원을 약속한다.,중국의 수교 요구와 일본의 매수·사전 공사 카드가 서울의 자원 한계를 드러낸다.,국제 지위 축이 중국 협상과 바덴바덴 홈그라운드화의 다음 단계로 이동한다.,유예: 국가적 성취가 종일과 실무진의 공적 보상으로 돌아온다.,status,다음 판단의 기준이 ‘종일이 왕자춘에게 일본 전쟁 책임을 거론하고 중국 광산 5천만 달러 투자로 표를 설득한다’로 옮겨 간다.,다음 회차에는 종일이 왕자춘에게 일본 전쟁 책임을 거론하고 중국 광산 5천만 달러 투자로 표를 설득한다,직전 화의 ‘사할린 탐사 인력 부족을 확인한 종일은 업체 인수와 올림픽 기금 1천만 달러 마련을 병행한다’가 남긴 즉시 과제는 이번 실행으로 결론을 미룬 채 다음 압력으로 넘어간다.,종일이 왕자춘에게 일본 전쟁 책임을 거론하고 중국 광산 5천만 달러 투자로 표를 설득한다; 중국 협상과 바덴바덴 홈그라운드화,L53,high
968,성공시대 968화,약속의 땅 바덴바덴Ⅰ,135797,135909,직전 화의 ‘종희의 해외 홍보팀이 꾸려지고 일본 건설사들은 다나카에게 나고야 공사 뇌물과 선거후원을 약속한다’가 만든 조건에서 중국 협상과 바덴바덴 홈그라운드화의 압박 단계가 시작된다.,‘중국의 수교 요구를 거절한 종일이 아시아·남미 IOC 위원을 순회하고 서울 34 대 나고야 40을 확인한다’까지 가기 전에 ‘중국의 수교 요구와 일본의 매수·사전 공사 카드가 서울의 자원 한계를 드러낸다’라는 압력을 넘을 수 있는가가 이 화의 독자 질문이다.,막판 부동표를 지키고 바덴바덴 도시 전체를 서울의 의지로 채운다.,종일이 왕자춘에게 일본 전쟁 책임을 거론하고 중국 광산 5천만 달러 투자로 표를 설득한다.,중국의 수교 요구와 일본의 매수·사전 공사 카드가 서울의 자원 한계를 드러낸다.,국제 지위 축이 중국 협상과 바덴바덴 홈그라운드화의 다음 단계로 이동한다.,유예: 서울 또는 대성의 국제 신뢰와 협상력이 한 단계 오른다.,status,다음 판단의 기준이 ‘중국의 수교 요구를 거절한 종일이 아시아·남미 IOC 위원을 순회하고 서울 34 대 나고야 40을 확인한다’로 옮겨 간다.,다음 회차에는 중국의 수교 요구를 거절한 종일이 아시아·남미 IOC 위원을 순회하고 서울 34 대 나고야 40을 확인한다,직전 화의 ‘종희의 해외 홍보팀이 꾸려지고 일본 건설사들은 다나카에게 나고야 공사 뇌물과 선거후원을 약속한다’가 남긴 즉시 과제는 이번 실행으로 결론을 미룬 채 다음 압력으로 넘어간다.,중국의 수교 요구를 거절한 종일이 아시아·남미 IOC 위원을 순회하고 서울 34 대 나고야 40을 확인한다; 중국 협상과 바덴바덴 홈그라운드화,L53,high
969,성공시대 969화,약속의 땅 바덴바덴Ⅰ,135910,136034,직전 화의 ‘종일이 왕자춘에게 일본 전쟁 책임을 거론하고 중국 광산 5천만 달러 투자로 표를 설득한다’가 만든 조건에서 중국 협상과 바덴바덴 홈그라운드화의 압박 단계가 시작된다.,‘종일이 마지막 날까지 기부 카드를 숨기고 박철 민단 단장에게 일본인 반대 시위 협조를 구한다’까지 가기 전에 ‘중국의 수교 요구와 일본의 매수·사전 공사 카드가 서울의 자원 한계를 드러낸다’라는 압력을 넘을 수 있는가가 이 화의 독자 질문이다.,막판 부동표를 지키고 바덴바덴 도시 전체를 서울의 의지로 채운다.,중국의 수교 요구를 거절한 종일이 아시아·남미 IOC 위원을 순회하고 서울 34 대 나고야 40을 확인한다.,중국의 수교 요구와 일본의 매수·사전 공사 카드가 서울의 자원 한계를 드러낸다.,국제 지위 축이 중국 협상과 바덴바덴 홈그라운드화의 다음 단계로 이동한다.,유예: 말뿐이던 지지·명예가 표나 계약으로 환원된다.,status,다음 판단의 기준이 ‘종일이 마지막 날까지 기부 카드를 숨기고 박철 민단 단장에게 일본인 반대 시위 협조를 구한다’로 옮겨 간다.,다음 회차에는 종일이 마지막 날까지 기부 카드를 숨기고 박철 민단 단장에게 일본인 반대 시위 협조를 구한다,직전 화의 ‘종일이 왕자춘에게 일본 전쟁 책임을 거론하고 중국 광산 5천만 달러 투자로 표를 설득한다’가 남긴 즉시 과제는 이번 실행으로 결론을 미룬 채 다음 압력으로 넘어간다.,종일이 마지막 날까지 기부 카드를 숨기고 박철 민단 단장에게 일본인 반대 시위 협조를 구한다; 중국 협상과 바덴바덴 홈그라운드화,L53,high
970,성공시대 970화,약속의 땅 바덴바덴Ⅰ,136035,136172,직전 화의 ‘중국의 수교 요구를 거절한 종일이 아시아·남미 IOC 위원을 순회하고 서울 34 대 나고야 40을 확인한다’가 만든 조건에서 중국 협상과 바덴바덴 홈그라운드화의 압박 단계가 시작된다.,‘대통령이 전폭 지원을 약속하고 종일은 가족과 작별한 뒤 바덴바덴으로 출발한다’까지 가기 전에 ‘중국의 수교 요구와 일본의 매수·사전 공사 카드가 서울의 자원 한계를 드러낸다’라는 압력을 넘을 수 있는가가 이 화의 독자 질문이다.,막판 부동표를 지키고 바덴바덴 도시 전체를 서울의 의지로 채운다.,종일이 마지막 날까지 기부 카드를 숨기고 박철 민단 단장에게 일본인 반대 시위 협조를 구한다.,중국의 수교 요구와 일본의 매수·사전 공사 카드가 서울의 자원 한계를 드러낸다.,국제 지위 축이 중국 협상과 바덴바덴 홈그라운드화의 다음 단계로 이동한다.,유예: 적대 인물이 우군으로 바뀌어 영향력의 외연이 넓어진다.,status,다음 판단의 기준이 ‘대통령이 전폭 지원을 약속하고 종일은 가족과 작별한 뒤 바덴바덴으로 출발한다’로 옮겨 간다.,다음 회차에는 대통령이 전폭 지원을 약속하고 종일은 가족과 작별한 뒤 바덴바덴으로 출발한다,직전 화의 ‘중국의 수교 요구를 거절한 종일이 아시아·남미 IOC 위원을 순회하고 서울 34 대 나고야 40을 확인한다’가 남긴 즉시 과제는 이번 실행으로 결론을 미룬 채 다음 압력으로 넘어간다.,대통령이 전폭 지원을 약속하고 종일은 가족과 작별한 뒤 바덴바덴으로 출발한다; 중국 협상과 바덴바덴 홈그라운드화,L53,high
971,성공시대 971화,약속의 땅 바덴바덴Ⅰ,136173,136335,직전 화의 ‘종일이 마지막 날까지 기부 카드를 숨기고 박철 민단 단장에게 일본인 반대 시위 협조를 구한다’가 만든 조건에서 중국 협상과 바덴바덴 홈그라운드화의 전환 단계가 시작된다.,‘다나카가 승리를 확신하는 동안 한국 유치단은 바덴바덴에 도착해 일본과 기싸움을 시작한다’까지 가기 전에 ‘중국의 수교 요구와 일본의 매수·사전 공사 카드가 서울의 자원 한계를 드러낸다’라는 압력을 넘을 수 있는가가 이 화의 독자 질문이다.,막판 부동표를 지키고 바덴바덴 도시 전체를 서울의 의지로 채운다.,대통령이 전폭 지원을 약속하고 종일은 가족과 작별한 뒤 바덴바덴으로 출발한다.,중국의 수교 요구와 일본의 매수·사전 공사 카드가 서울의 자원 한계를 드러낸다.,국제 지위 축이 중국 협상과 바덴바덴 홈그라운드화의 다음 단계로 이동한다.,유예: 국가적 성취가 종일과 실무진의 공적 보상으로 돌아온다.,status,다음 판단의 기준이 ‘다나카가 승리를 확신하는 동안 한국 유치단은 바덴바덴에 도착해 일본과 기싸움을 시작한다’로 옮겨 간다.,다음 회차에는 다나카가 승리를 확신하는 동안 한국 유치단은 바덴바덴에 도착해 일본과 기싸움을 시작한다,직전 화의 ‘종일이 마지막 날까지 기부 카드를 숨기고 박철 민단 단장에게 일본인 반대 시위 협조를 구한다’가 남긴 즉시 과제는 이번 실행으로 결론을 미룬 채 다음 압력으로 넘어간다.,다나카가 승리를 확신하는 동안 한국 유치단은 바덴바덴에 도착해 일본과 기싸움을 시작한다; 중국 협상과 바덴바덴 홈그라운드화,L53,high
972,성공시대 972화,약속의 땅 바덴바덴Ⅰ,136336,136471,직전 화의 ‘대통령이 전폭 지원을 약속하고 종일은 가족과 작별한 뒤 바덴바덴으로 출발한다’가 만든 조건에서 중국 협상과 바덴바덴 홈그라운드화의 전환 단계가 시작된다.,‘기차역 호돌이·한복·사물놀이 홍보가 도시를 선점해 일본 대표단을 당황시킨다’까지 가기 전에 ‘중국의 수교 요구와 일본의 매수·사전 공사 카드가 서울의 자원 한계를 드러낸다’라는 압력을 넘을 수 있는가가 이 화의 독자 질문이다.,막판 부동표를 지키고 바덴바덴 도시 전체를 서울의 의지로 채운다.,다나카가 승리를 확신하는 동안 한국 유치단은 바덴바덴에 도착해 일본과 기싸움을 시작한다.,중국의 수교 요구와 일본의 매수·사전 공사 카드가 서울의 자원 한계를 드러낸다.,국제 지위 축이 중국 협상과 바덴바덴 홈그라운드화의 다음 단계로 이동한다.,지급: 서울 또는 대성의 국제 신뢰와 협상력이 한 단계 오른다.,status,다음 판단의 기준이 ‘기차역 호돌이·한복·사물놀이 홍보가 도시를 선점해 일본 대표단을 당황시킨다’로 옮겨 간다.,다음 회차에는 기차역 호돌이·한복·사물놀이 홍보가 도시를 선점해 일본 대표단을 당황시킨다,직전 화의 ‘대통령이 전폭 지원을 약속하고 종일은 가족과 작별한 뒤 바덴바덴으로 출발한다’가 남긴 즉시 과제는 이번 실행으로 구체 성과로 확인된다.,기차역 호돌이·한복·사물놀이 홍보가 도시를 선점해 일본 대표단을 당황시킨다; 중국 협상과 바덴바덴 홈그라운드화,L53,high
973,성공시대 973화,약속의 땅 바덴바덴Ⅰ,136472,136631,직전 화의 ‘다나카가 승리를 확신하는 동안 한국 유치단은 바덴바덴에 도착해 일본과 기싸움을 시작한다’가 만든 조건에서 중국 협상과 바덴바덴 홈그라운드화의 결산 단계가 시작된다.,‘민단이 나고야 반대 시위를 시작하고 일본 측은 자국민 시위라는 외형 때문에 손을 쓰지 못한다’까지 가기 전에 ‘중국의 수교 요구와 일본의 매수·사전 공사 카드가 서울의 자원 한계를 드러낸다’라는 압력을 넘을 수 있는가가 이 화의 독자 질문이다.,막판 부동표를 지키고 바덴바덴 도시 전체를 서울의 의지로 채운다.,기차역 호돌이·한복·사물놀이 홍보가 도시를 선점해 일본 대표단을 당황시킨다.,중국의 수교 요구와 일본의 매수·사전 공사 카드가 서울의 자원 한계를 드러낸다.,국제 지위 축이 중국 협상과 바덴바덴 홈그라운드화의 가시적 결산으로 이동한다.,부분 지급: 말뿐이던 지지·명예가 표나 계약으로 환원된다.,status,다음 판단의 기준이 ‘민단이 나고야 반대 시위를 시작하고 일본 측은 자국민 시위라는 외형 때문에 손을 쓰지 못한다’로 옮겨 간다.,다음 회차에는 민단이 나고야 반대 시위를 시작하고 일본 측은 자국민 시위라는 외형 때문에 손을 쓰지 못한다,직전 화의 ‘다나카가 승리를 확신하는 동안 한국 유치단은 바덴바덴에 도착해 일본과 기싸움을 시작한다’가 남긴 즉시 과제는 이번 실행으로 일부 결과를 얻고 남은 비용만 다음 화로 넘긴다.,민단이 나고야 반대 시위를 시작하고 일본 측은 자국민 시위라는 외형 때문에 손을 쓰지 못한다; 중국 협상과 바덴바덴 홈그라운드화,L53,high
974,성공시대 974화,약속의 땅 바덴바덴Ⅰ,136632,136766,직전 화의 ‘기차역 호돌이·한복·사물놀이 홍보가 도시를 선점해 일본 대표단을 당황시킨다’가 만든 조건에서 중국 협상과 바덴바덴 홈그라운드화의 결산 단계가 시작된다.,‘일본이 민단 시위 설득에 실패하고 다나카는 뒤늦게 한국 홍보물 대응을 다그친다’까지 가기 전에 ‘중국의 수교 요구와 일본의 매수·사전 공사 카드가 서울의 자원 한계를 드러낸다’라는 압력을 넘을 수 있는가가 이 화의 독자 질문이다.,막판 부동표를 지키고 바덴바덴 도시 전체를 서울의 의지로 채운다.,민단이 나고야 반대 시위를 시작하고 일본 측은 자국민 시위라는 외형 때문에 손을 쓰지 못한다.,중국의 수교 요구와 일본의 매수·사전 공사 카드가 서울의 자원 한계를 드러낸다.,국제 지위 축이 중국 협상과 바덴바덴 홈그라운드화의 가시적 결산으로 이동한다.,부분 지급: 적대 인물이 우군으로 바뀌어 영향력의 외연이 넓어진다.,status,다음 판단의 기준이 ‘일본이 민단 시위 설득에 실패하고 다나카는 뒤늦게 한국 홍보물 대응을 다그친다’로 옮겨 간다.,다음 회차에는 일본이 민단 시위 설득에 실패하고 다나카는 뒤늦게 한국 홍보물 대응을 다그친다,직전 화의 ‘기차역 호돌이·한복·사물놀이 홍보가 도시를 선점해 일본 대표단을 당황시킨다’가 남긴 즉시 과제는 이번 실행으로 일부 결과를 얻고 남은 비용만 다음 화로 넘긴다.,일본이 민단 시위 설득에 실패하고 다나카는 뒤늦게 한국 홍보물 대응을 다그친다; 다음 소제목 #약속의 땅 바덴바덴Ⅱ,L53,high
975,성공시대 975화,약속의 땅 바덴바덴Ⅱ,136767,136909,"직전 화의 ‘민단이 나고야 반대 시위를 시작하고 일본 측은 자국민 시위라는 외형 때문에 손을 쓰지 못한다’가 한 국면을 닫은 뒤, 이 화 안의 원문 #약속의 땅 바덴바덴Ⅱ 전환이 민단 시위와 라자 왈리 위기을 연다.",‘일본이 언론 반박과 홍보 대응을 세우는 순간 라자 왈리의 불참 소식이 종일에게 온다’까지 가기 전에 ‘핵심 원로 위원의 결석 소문이 연쇄 이탈을 불러 마지막 판세를 일본으로 굳힌다’라는 압력을 넘을 수 있는가가 이 화의 독자 질문이다.,일본의 대응을 무력화하고 불참하려는 라자 왈리의 한 표를 다시 데려온다.,일본이 민단 시위 설득에 실패하고 다나카는 뒤늦게 한국 홍보물 대응을 다그친다.,핵심 원로 위원의 결석 소문이 연쇄 이탈을 불러 마지막 판세를 일본으로 굳힌다.,국제 지위 축이 민단 시위와 라자 왈리 위기의 다음 단계로 이동한다.,유예: 서울 또는 대성의 국제 신뢰와 협상력이 한 단계 오른다.,status,다음 판단의 기준이 ‘일본이 언론 반박과 홍보 대응을 세우는 순간 라자 왈리의 불참 소식이 종일에게 온다’로 옮겨 간다.,다음 회차에는 일본이 언론 반박과 홍보 대응을 세우는 순간 라자 왈리의 불참 소식이 종일에게 온다,직전 화의 ‘민단이 나고야 반대 시위를 시작하고 일본 측은 자국민 시위라는 외형 때문에 손을 쓰지 못한다’가 남긴 즉시 과제는 이번 실행으로 결론을 미룬 채 다음 압력으로 넘어간다.,일본이 언론 반박과 홍보 대응을 세우는 순간 라자 왈리의 불참 소식이 종일에게 온다; 민단 시위와 라자 왈리 위기,L54,high
976,성공시대 976화,약속의 땅 바덴바덴Ⅱ,136910,137047,직전 화의 ‘일본이 민단 시위 설득에 실패하고 다나카는 뒤늦게 한국 홍보물 대응을 다그친다’가 만든 조건에서 민단 시위와 라자 왈리 위기의 압박 단계가 시작된다.,‘종일이 유학성의 만류를 뿌리치고 즉시 자카르타 국립병원으로 날아간다’까지 가기 전에 ‘핵심 원로 위원의 결석 소문이 연쇄 이탈을 불러 마지막 판세를 일본으로 굳힌다’라는 압력을 넘을 수 있는가가 이 화의 독자 질문이다.,일본의 대응을 무력화하고 불참하려는 라자 왈리의 한 표를 다시 데려온다.,일본이 언론 반박과 홍보 대응을 세우는 순간 라자 왈리의 불참 소식이 종일에게 온다.,핵심 원로 위원의 결석 소문이 연쇄 이탈을 불러 마지막 판세를 일본으로 굳힌다.,국제 지위 축이 민단 시위와 라자 왈리 위기의 다음 단계로 이동한다.,유예: 말뿐이던 지지·명예가 표나 계약으로 환원된다.,status,다음 판단의 기준이 ‘종일이 유학성의 만류를 뿌리치고 즉시 자카르타 국립병원으로 날아간다’로 옮겨 간다.,다음 회차에는 종일이 유학성의 만류를 뿌리치고 즉시 자카르타 국립병원으로 날아간다,직전 화의 ‘일본이 민단 시위 설득에 실패하고 다나카는 뒤늦게 한국 홍보물 대응을 다그친다’가 남긴 즉시 과제는 이번 실행으로 결론을 미룬 채 다음 압력으로 넘어간다.,종일이 유학성의 만류를 뿌리치고 즉시 자카르타 국립병원으로 날아간다; 민단 시위와 라자 왈리 위기,L54,high
977,성공시대 977화,약속의 땅 바덴바덴Ⅱ,137048,137186,직전 화의 ‘일본이 언론 반박과 홍보 대응을 세우는 순간 라자 왈리의 불참 소식이 종일에게 온다’가 만든 조건에서 민단 시위와 라자 왈리 위기의 압박 단계가 시작된다.,‘종일이 의료진을 실은 대한항공 전세기와 독일 치료를 내세워 라자 왈리를 설득하고 병원 복도에서 밤을 샌다’까지 가기 전에 ‘핵심 원로 위원의 결석 소문이 연쇄 이탈을 불러 마지막 판세를 일본으로 굳힌다’라는 압력을 넘을 수 있는가가 이 화의 독자 질문이다.,일본의 대응을 무력화하고 불참하려는 라자 왈리의 한 표를 다시 데려온다.,종일이 유학성의 만류를 뿌리치고 즉시 자카르타 국립병원으로 날아간다.,핵심 원로 위원의 결석 소문이 연쇄 이탈을 불러 마지막 판세를 일본으로 굳힌다.,국제 지위 축이 민단 시위와 라자 왈리 위기의 다음 단계로 이동한다.,유예: 적대 인물이 우군으로 바뀌어 영향력의 외연이 넓어진다.,status,다음 판단의 기준이 ‘종일이 의료진을 실은 대한항공 전세기와 독일 치료를 내세워 라자 왈리를 설득하고 병원 복도에서 밤을 샌다’로 옮겨 간다.,다음 회차에는 종일이 의료진을 실은 대한항공 전세기와 독일 치료를 내세워 라자 왈리를 설득하고 병원 복도에서 밤을 샌다,직전 화의 ‘일본이 언론 반박과 홍보 대응을 세우는 순간 라자 왈리의 불참 소식이 종일에게 온다’가 남긴 즉시 과제는 이번 실행으로 결론을 미룬 채 다음 압력으로 넘어간다.,종일이 의료진을 실은 대한항공 전세기와 독일 치료를 내세워 라자 왈리를 설득하고 병원 복도에서 밤을 샌다; 민단 시위와 라자 왈리 위기,L54,high
978,성공시대 978화,약속의 땅 바덴바덴Ⅱ,137187,137313,직전 화의 ‘종일이 유학성의 만류를 뿌리치고 즉시 자카르타 국립병원으로 날아간다’가 만든 조건에서 민단 시위와 라자 왈리 위기의 전환 단계가 시작된다.,‘현영·아영의 전화가 종일을 지탱하고 정명주가 바덴바덴의 이탈표를 막는다’까지 가기 전에 ‘핵심 원로 위원의 결석 소문이 연쇄 이탈을 불러 마지막 판세를 일본으로 굳힌다’라는 압력을 넘을 수 있는가가 이 화의 독자 질문이다.,일본의 대응을 무력화하고 불참하려는 라자 왈리의 한 표를 다시 데려온다.,종일이 의료진을 실은 대한항공 전세기와 독일 치료를 내세워 라자 왈리를 설득하고 병원 복도에서 밤을 샌다.,핵심 원로 위원의 결석 소문이 연쇄 이탈을 불러 마지막 판세를 일본으로 굳힌다.,국제 지위 축이 민단 시위와 라자 왈리 위기의 다음 단계로 이동한다.,유예: 국가적 성취가 종일과 실무진의 공적 보상으로 돌아온다.,status,다음 판단의 기준이 ‘현영·아영의 전화가 종일을 지탱하고 정명주가 바덴바덴의 이탈표를 막는다’로 옮겨 간다.,다음 회차에는 현영·아영의 전화가 종일을 지탱하고 정명주가 바덴바덴의 이탈표를 막는다,직전 화의 ‘종일이 유학성의 만류를 뿌리치고 즉시 자카르타 국립병원으로 날아간다’가 남긴 즉시 과제는 이번 실행으로 결론을 미룬 채 다음 압력으로 넘어간다.,현영·아영의 전화가 종일을 지탱하고 정명주가 바덴바덴의 이탈표를 막는다; 민단 시위와 라자 왈리 위기,L54,high
979,성공시대 979화,약속의 땅 바덴바덴Ⅱ,137314,137447,직전 화의 ‘종일이 의료진을 실은 대한항공 전세기와 독일 치료를 내세워 라자 왈리를 설득하고 병원 복도에서 밤을 샌다’가 만든 조건에서 민단 시위와 라자 왈리 위기의 전환 단계가 시작된다.,‘정명주가 브라질 바치스타의 시장 선거를 지원하는 조건으로 일본 표를 서울로 돌린다’까지 가기 전에 ‘핵심 원로 위원의 결석 소문이 연쇄 이탈을 불러 마지막 판세를 일본으로 굳힌다’라는 압력을 넘을 수 있는가가 이 화의 독자 질문이다.,일본의 대응을 무력화하고 불참하려는 라자 왈리의 한 표를 다시 데려온다.,현영·아영의 전화가 종일을 지탱하고 정명주가 바덴바덴의 이탈표를 막는다.,핵심 원로 위원의 결석 소문이 연쇄 이탈을 불러 마지막 판세를 일본으로 굳힌다.,국제 지위 축이 민단 시위와 라자 왈리 위기의 다음 단계로 이동한다.,유예: 서울 또는 대성의 국제 신뢰와 협상력이 한 단계 오른다.,status,다음 판단의 기준이 ‘정명주가 브라질 바치스타의 시장 선거를 지원하는 조건으로 일본 표를 서울로 돌린다’로 옮겨 간다.,다음 회차에는 정명주가 브라질 바치스타의 시장 선거를 지원하는 조건으로 일본 표를 서울로 돌린다,직전 화의 ‘종일이 의료진을 실은 대한항공 전세기와 독일 치료를 내세워 라자 왈리를 설득하고 병원 복도에서 밤을 샌다’가 남긴 즉시 과제는 이번 실행으로 결론을 미룬 채 다음 압력으로 넘어간다.,정명주가 브라질 바치스타의 시장 선거를 지원하는 조건으로 일본 표를 서울로 돌린다; 민단 시위와 라자 왈리 위기,L54,high
980,성공시대 980화,약속의 땅 바덴바덴Ⅱ,137448,137567,직전 화의 ‘현영·아영의 전화가 종일을 지탱하고 정명주가 바덴바덴의 이탈표를 막는다’가 만든 조건에서 민단 시위와 라자 왈리 위기의 결산 단계가 시작된다.,‘병원 복도 밤샘 끝 라자 왈리가 종일의 정성에 져 전세기 탑승을 결정한다’까지 가기 전에 ‘핵심 원로 위원의 결석 소문이 연쇄 이탈을 불러 마지막 판세를 일본으로 굳힌다’라는 압력을 넘을 수 있는가가 이 화의 독자 질문이다.,일본의 대응을 무력화하고 불참하려는 라자 왈리의 한 표를 다시 데려온다.,정명주가 브라질 바치스타의 시장 선거를 지원하는 조건으로 일본 표를 서울로 돌린다.,핵심 원로 위원의 결석 소문이 연쇄 이탈을 불러 마지막 판세를 일본으로 굳힌다.,국제 지위 축이 민단 시위와 라자 왈리 위기의 가시적 결산으로 이동한다.,지급: 말뿐이던 지지·명예가 표나 계약으로 환원된다.,status,다음 판단의 기준이 ‘병원 복도 밤샘 끝 라자 왈리가 종일의 정성에 져 전세기 탑승을 결정한다’로 옮겨 간다.,다음 회차에는 병원 복도 밤샘 끝 라자 왈리가 종일의 정성에 져 전세기 탑승을 결정한다,직전 화의 ‘현영·아영의 전화가 종일을 지탱하고 정명주가 바덴바덴의 이탈표를 막는다’가 남긴 즉시 과제는 이번 실행으로 구체 성과로 확인된다.,병원 복도 밤샘 끝 라자 왈리가 종일의 정성에 져 전세기 탑승을 결정한다; 다음 소제목 #바덴바덴의 기적Ⅰ,L54,high
981,성공시대 981화,바덴바덴의 기적Ⅰ,137568,137712,"직전 화의 ‘정명주가 브라질 바치스타의 시장 선거를 지원하는 조건으로 일본 표를 서울로 돌린다’가 한 국면을 닫은 뒤, 이 화 안의 원문 #바덴바덴의 기적Ⅰ 전환이 라자 왈리 전세기와 판세 반전을 연다.",‘라자 왈리가 지인 IOC 위원들에게 직접 전화를 돌리고 의료진 검진 뒤 전세기에 오른다’까지 가기 전에 ‘장거리 비행 중 건강 악화나 일본의 마지막 금권 회유가 반전을 무효화한다’라는 압력을 넘을 수 있는가가 이 화의 독자 질문이다.,라자 왈리를 안전하게 총회에 데려와 아시아 원로표와 연쇄 지지를 복구한다.,병원 복도 밤샘 끝 라자 왈리가 종일의 정성에 져 전세기 탑승을 결정한다.,장거리 비행 중 건강 악화나 일본의 마지막 금권 회유가 반전을 무효화한다.,국제 지위 축이 라자 왈리 전세기와 판세 반전의 다음 단계로 이동한다.,지급: 국가적 성취가 종일과 실무진의 공적 보상으로 돌아온다.,status,다음 판단의 기준이 ‘라자 왈리가 지인 IOC 위원들에게 직접 전화를 돌리고 의료진 검진 뒤 전세기에 오른다’로 옮겨 간다.,다음 회차에는 라자 왈리가 지인 IOC 위원들에게 직접 전화를 돌리고 의료진 검진 뒤 전세기에 오른다,직전 화의 ‘정명주가 브라질 바치스타의 시장 선거를 지원하는 조건으로 일본 표를 서울로 돌린다’가 남긴 즉시 과제는 이번 실행으로 구체 성과로 확인된다.,라자 왈리가 지인 IOC 위원들에게 직접 전화를 돌리고 의료진 검진 뒤 전세기에 오른다; 라자 왈리 전세기와 판세 반전,L55,high
982,성공시대 982화,바덴바덴의 기적Ⅰ,137713,137847,직전 화의 ‘병원 복도 밤샘 끝 라자 왈리가 종일의 정성에 져 전세기 탑승을 결정한다’가 만든 조건에서 라자 왈리 전세기와 판세 반전의 압박 단계가 시작된다.,‘캐나다의 영공 통과 협조로 직항 시간을 줄이고 종희 팀은 IOC 부인 선물 외교를 마무리한다’까지 가기 전에 ‘장거리 비행 중 건강 악화나 일본의 마지막 금권 회유가 반전을 무효화한다’라는 압력을 넘을 수 있는가가 이 화의 독자 질문이다.,라자 왈리를 안전하게 총회에 데려와 아시아 원로표와 연쇄 지지를 복구한다.,라자 왈리가 지인 IOC 위원들에게 직접 전화를 돌리고 의료진 검진 뒤 전세기에 오른다.,장거리 비행 중 건강 악화나 일본의 마지막 금권 회유가 반전을 무효화한다.,국제 지위 축이 라자 왈리 전세기와 판세 반전의 다음 단계로 이동한다.,유예: 서울 또는 대성의 국제 신뢰와 협상력이 한 단계 오른다.,status,다음 판단의 기준이 ‘캐나다의 영공 통과 협조로 직항 시간을 줄이고 종희 팀은 IOC 부인 선물 외교를 마무리한다’로 옮겨 간다.,다음 회차에는 캐나다의 영공 통과 협조로 직항 시간을 줄이고 종희 팀은 IOC 부인 선물 외교를 마무리한다,직전 화의 ‘병원 복도 밤샘 끝 라자 왈리가 종일의 정성에 져 전세기 탑승을 결정한다’가 남긴 즉시 과제는 이번 실행으로 결론을 미룬 채 다음 압력으로 넘어간다.,캐나다의 영공 통과 협조로 직항 시간을 줄이고 종희 팀은 IOC 부인 선물 외교를 마무리한다; 라자 왈리 전세기와 판세 반전,L55,high
983,성공시대 983화,바덴바덴의 기적Ⅰ,137848,137991,직전 화의 ‘라자 왈리가 지인 IOC 위원들에게 직접 전화를 돌리고 의료진 검진 뒤 전세기에 오른다’가 만든 조건에서 라자 왈리 전세기와 판세 반전의 압박 단계가 시작된다.,‘바치스타 이탈에 다나카가 격분하고 일본은 민단의 여권 말소까지 지시한다’까지 가기 전에 ‘장거리 비행 중 건강 악화나 일본의 마지막 금권 회유가 반전을 무효화한다’라는 압력을 넘을 수 있는가가 이 화의 독자 질문이다.,라자 왈리를 안전하게 총회에 데려와 아시아 원로표와 연쇄 지지를 복구한다.,캐나다의 영공 통과 협조로 직항 시간을 줄이고 종희 팀은 IOC 부인 선물 외교를 마무리한다.,장거리 비행 중 건강 악화나 일본의 마지막 금권 회유가 반전을 무효화한다.,국제 지위 축이 라자 왈리 전세기와 판세 반전의 다음 단계로 이동한다.,유예: 말뿐이던 지지·명예가 표나 계약으로 환원된다.,status,다음 판단의 기준이 ‘바치스타 이탈에 다나카가 격분하고 일본은 민단의 여권 말소까지 지시한다’로 옮겨 간다.,다음 회차에는 바치스타 이탈에 다나카가 격분하고 일본은 민단의 여권 말소까지 지시한다,직전 화의 ‘라자 왈리가 지인 IOC 위원들에게 직접 전화를 돌리고 의료진 검진 뒤 전세기에 오른다’가 남긴 즉시 과제는 이번 실행으로 결론을 미룬 채 다음 압력으로 넘어간다.,바치스타 이탈에 다나카가 격분하고 일본은 민단의 여권 말소까지 지시한다; 라자 왈리 전세기와 판세 반전,L55,high
984,성공시대 984화,바덴바덴의 기적Ⅰ,137992,138110,직전 화의 ‘캐나다의 영공 통과 협조로 직항 시간을 줄이고 종희 팀은 IOC 부인 선물 외교를 마무리한다’가 만든 조건에서 라자 왈리 전세기와 판세 반전의 전환 단계가 시작된다.,‘정명주가 라자 왈리를 공항에서 맞고 박철은 일본 정부의 국적 협박을 종일에게 알린다’까지 가기 전에 ‘장거리 비행 중 건강 악화나 일본의 마지막 금권 회유가 반전을 무효화한다’라는 압력을 넘을 수 있는가가 이 화의 독자 질문이다.,라자 왈리를 안전하게 총회에 데려와 아시아 원로표와 연쇄 지지를 복구한다.,바치스타 이탈에 다나카가 격분하고 일본은 민단의 여권 말소까지 지시한다.,장거리 비행 중 건강 악화나 일본의 마지막 금권 회유가 반전을 무효화한다.,국제 지위 축이 라자 왈리 전세기와 판세 반전의 다음 단계로 이동한다.,유예: 적대 인물이 우군으로 바뀌어 영향력의 외연이 넓어진다.,status,다음 판단의 기준이 ‘정명주가 라자 왈리를 공항에서 맞고 박철은 일본 정부의 국적 협박을 종일에게 알린다’로 옮겨 간다.,다음 회차에는 정명주가 라자 왈리를 공항에서 맞고 박철은 일본 정부의 국적 협박을 종일에게 알린다,직전 화의 ‘캐나다의 영공 통과 협조로 직항 시간을 줄이고 종희 팀은 IOC 부인 선물 외교를 마무리한다’가 남긴 즉시 과제는 이번 실행으로 결론을 미룬 채 다음 압력으로 넘어간다.,정명주가 라자 왈리를 공항에서 맞고 박철은 일본 정부의 국적 협박을 종일에게 알린다; 라자 왈리 전세기와 판세 반전,L55,high
985,성공시대 985화,바덴바덴의 기적Ⅰ,138111,138240,직전 화의 ‘바치스타 이탈에 다나카가 격분하고 일본은 민단의 여권 말소까지 지시한다’가 만든 조건에서 라자 왈리 전세기와 판세 반전의 전환 단계가 시작된다.,‘종일이 민단의 희생을 받아들이고 라자 왈리를 총회장에 등장시켜 일본의 우세를 무너뜨린다’까지 가기 전에 ‘장거리 비행 중 건강 악화나 일본의 마지막 금권 회유가 반전을 무효화한다’라는 압력을 넘을 수 있는가가 이 화의 독자 질문이다.,라자 왈리를 안전하게 총회에 데려와 아시아 원로표와 연쇄 지지를 복구한다.,정명주가 라자 왈리를 공항에서 맞고 박철은 일본 정부의 국적 협박을 종일에게 알린다.,장거리 비행 중 건강 악화나 일본의 마지막 금권 회유가 반전을 무효화한다.,국제 지위 축이 라자 왈리 전세기와 판세 반전의 다음 단계로 이동한다.,유예: 국가적 성취가 종일과 실무진의 공적 보상으로 돌아온다.,status,다음 판단의 기준이 ‘종일이 민단의 희생을 받아들이고 라자 왈리를 총회장에 등장시켜 일본의 우세를 무너뜨린다’로 옮겨 간다.,다음 회차에는 종일이 민단의 희생을 받아들이고 라자 왈리를 총회장에 등장시켜 일본의 우세를 무너뜨린다,직전 화의 ‘바치스타 이탈에 다나카가 격분하고 일본은 민단의 여권 말소까지 지시한다’가 남긴 즉시 과제는 이번 실행으로 결론을 미룬 채 다음 압력으로 넘어간다.,종일이 민단의 희생을 받아들이고 라자 왈리를 총회장에 등장시켜 일본의 우세를 무너뜨린다; 라자 왈리 전세기와 판세 반전,L55,high
986,성공시대 986화,바덴바덴의 기적Ⅰ,138241,138384,직전 화의 ‘정명주가 라자 왈리를 공항에서 맞고 박철은 일본 정부의 국적 협박을 종일에게 알린다’가 만든 조건에서 라자 왈리 전세기와 판세 반전의 결산 단계가 시작된다.,‘라자 왈리가 원로 위원들을 규합하고 사마란치는 일본의 휘장·스폰서 독점안에 실망한다’까지 가기 전에 ‘장거리 비행 중 건강 악화나 일본의 마지막 금권 회유가 반전을 무효화한다’라는 압력을 넘을 수 있는가가 이 화의 독자 질문이다.,라자 왈리를 안전하게 총회에 데려와 아시아 원로표와 연쇄 지지를 복구한다.,종일이 민단의 희생을 받아들이고 라자 왈리를 총회장에 등장시켜 일본의 우세를 무너뜨린다.,장거리 비행 중 건강 악화나 일본의 마지막 금권 회유가 반전을 무효화한다.,국제 지위 축이 라자 왈리 전세기와 판세 반전의 가시적 결산으로 이동한다.,부분 지급: 서울 또는 대성의 국제 신뢰와 협상력이 한 단계 오른다.,status,다음 판단의 기준이 ‘라자 왈리가 원로 위원들을 규합하고 사마란치는 일본의 휘장·스폰서 독점안에 실망한다’로 옮겨 간다.,다음 회차에는 라자 왈리가 원로 위원들을 규합하고 사마란치는 일본의 휘장·스폰서 독점안에 실망한다,직전 화의 ‘정명주가 라자 왈리를 공항에서 맞고 박철은 일본 정부의 국적 협박을 종일에게 알린다’가 남긴 즉시 과제는 이번 실행으로 일부 결과를 얻고 남은 비용만 다음 화로 넘긴다.,라자 왈리가 원로 위원들을 규합하고 사마란치는 일본의 휘장·스폰서 독점안에 실망한다; 다음 소제목 #바덴바덴의 기적Ⅱ,L55,high
987,성공시대 987화,바덴바덴의 기적Ⅱ,138385,138516,"직전 화의 ‘종일이 민단의 희생을 받아들이고 라자 왈리를 총회장에 등장시켜 일본의 우세를 무너뜨린다’가 한 국면을 닫은 뒤, 이 화 안의 원문 #바덴바덴의 기적Ⅱ 전환이 IOC 상업권 균열과 최종 프레젠테이션을 연다.",‘사마란치가 다슬러와 서울 쪽으로 기울고 대통령은 1986 아시안게임 유치 가능성도 보고받는다’까지 가기 전에 ‘영국·벨기에·네덜란드 표 상실과 일본의 5천만 달러 증액이 최종 발표를 압도한다’라는 압력을 넘을 수 있는가가 이 화의 독자 질문이다.,일본의 약한 상업권 제안을 드러내고 마지막 유동표를 서울로 끌어온다.,라자 왈리가 원로 위원들을 규합하고 사마란치는 일본의 휘장·스폰서 독점안에 실망한다.,영국·벨기에·네덜란드 표 상실과 일본의 5천만 달러 증액이 최종 발표를 압도한다.,국제 지위 축이 IOC 상업권 균열과 최종 프레젠테이션의 다음 단계로 이동한다.,유예: 적대 인물이 우군으로 바뀌어 영향력의 외연이 넓어진다.,status,다음 판단의 기준이 ‘사마란치가 다슬러와 서울 쪽으로 기울고 대통령은 1986 아시안게임 유치 가능성도 보고받는다’로 옮겨 간다.,다음 회차에는 사마란치가 다슬러와 서울 쪽으로 기울고 대통령은 1986 아시안게임 유치 가능성도 보고받는다,직전 화의 ‘종일이 민단의 희생을 받아들이고 라자 왈리를 총회장에 등장시켜 일본의 우세를 무너뜨린다’가 남긴 즉시 과제는 이번 실행으로 결론을 미룬 채 다음 압력으로 넘어간다.,사마란치가 다슬러와 서울 쪽으로 기울고 대통령은 1986 아시안게임 유치 가능성도 보고받는다; IOC 상업권 균열과 최종 프레젠테이션,L56,high
988,성공시대 988화,바덴바덴의 기적Ⅱ,138517,138654,직전 화의 ‘라자 왈리가 원로 위원들을 규합하고 사마란치는 일본의 휘장·스폰서 독점안에 실망한다’가 만든 조건에서 IOC 상업권 균열과 최종 프레젠테이션의 압박 단계가 시작된다.,‘다슬러가 유럽 세 표 상실을 알리지만 일본 발표 시간이 10분뿐이라는 새 약점을 전한다’까지 가기 전에 ‘영국·벨기에·네덜란드 표 상실과 일본의 5천만 달러 증액이 최종 발표를 압도한다’라는 압력을 넘을 수 있는가가 이 화의 독자 질문이다.,일본의 약한 상업권 제안을 드러내고 마지막 유동표를 서울로 끌어온다.,사마란치가 다슬러와 서울 쪽으로 기울고 대통령은 1986 아시안게임 유치 가능성도 보고받는다.,영국·벨기에·네덜란드 표 상실과 일본의 5천만 달러 증액이 최종 발표를 압도한다.,국제 지위 축이 IOC 상업권 균열과 최종 프레젠테이션의 다음 단계로 이동한다.,지급: 국가적 성취가 종일과 실무진의 공적 보상으로 돌아온다.,status,다음 판단의 기준이 ‘다슬러가 유럽 세 표 상실을 알리지만 일본 발표 시간이 10분뿐이라는 새 약점을 전한다’로 옮겨 간다.,다음 회차에는 다슬러가 유럽 세 표 상실을 알리지만 일본 발표 시간이 10분뿐이라는 새 약점을 전한다,직전 화의 ‘라자 왈리가 원로 위원들을 규합하고 사마란치는 일본의 휘장·스폰서 독점안에 실망한다’가 남긴 즉시 과제는 이번 실행으로 구체 성과로 확인된다.,다슬러가 유럽 세 표 상실을 알리지만 일본 발표 시간이 10분뿐이라는 새 약점을 전한다; IOC 상업권 균열과 최종 프레젠테이션,L56,high
989,성공시대 989화,바덴바덴의 기적Ⅱ,138655,138787,직전 화의 ‘사마란치가 다슬러와 서울 쪽으로 기울고 대통령은 1986 아시안게임 유치 가능성도 보고받는다’가 만든 조건에서 IOC 상업권 균열과 최종 프레젠테이션의 전환 단계가 시작된다.,‘종일이 미들턴 경에게 마지막 설득을 건 뒤 한국 대표단 프레젠테이션 연단으로 향한다’까지 가기 전에 ‘영국·벨기에·네덜란드 표 상실과 일본의 5천만 달러 증액이 최종 발표를 압도한다’라는 압력을 넘을 수 있는가가 이 화의 독자 질문이다.,일본의 약한 상업권 제안을 드러내고 마지막 유동표를 서울로 끌어온다.,다슬러가 유럽 세 표 상실을 알리지만 일본 발표 시간이 10분뿐이라는 새 약점을 전한다.,영국·벨기에·네덜란드 표 상실과 일본의 5천만 달러 증액이 최종 발표를 압도한다.,국제 지위 축이 IOC 상업권 균열과 최종 프레젠테이션의 다음 단계로 이동한다.,유예: 서울 또는 대성의 국제 신뢰와 협상력이 한 단계 오른다.,status,다음 판단의 기준이 ‘종일이 미들턴 경에게 마지막 설득을 건 뒤 한국 대표단 프레젠테이션 연단으로 향한다’로 옮겨 간다.,다음 회차에는 종일이 미들턴 경에게 마지막 설득을 건 뒤 한국 대표단 프레젠테이션 연단으로 향한다,직전 화의 ‘사마란치가 다슬러와 서울 쪽으로 기울고 대통령은 1986 아시안게임 유치 가능성도 보고받는다’가 남긴 즉시 과제는 이번 실행으로 결론을 미룬 채 다음 압력으로 넘어간다.,종일이 미들턴 경에게 마지막 설득을 건 뒤 한국 대표단 프레젠테이션 연단으로 향한다; IOC 상업권 균열과 최종 프레젠테이션,L56,high
990,성공시대 990화,바덴바덴의 기적Ⅱ,138788,138932,직전 화의 ‘다슬러가 유럽 세 표 상실을 알리지만 일본 발표 시간이 10분뿐이라는 새 약점을 전한다’가 만든 조건에서 IOC 상업권 균열과 최종 프레젠테이션의 결산 단계가 시작된다.,‘일본의 지루한 10분 발표 뒤 한국 영상이 한강의 기적과 잠실 공사 현장을 전면에 내세운다’까지 가기 전에 ‘영국·벨기에·네덜란드 표 상실과 일본의 5천만 달러 증액이 최종 발표를 압도한다’라는 압력을 넘을 수 있는가가 이 화의 독자 질문이다.,일본의 약한 상업권 제안을 드러내고 마지막 유동표를 서울로 끌어온다.,종일이 미들턴 경에게 마지막 설득을 건 뒤 한국 대표단 프레젠테이션 연단으로 향한다.,영국·벨기에·네덜란드 표 상실과 일본의 5천만 달러 증액이 최종 발표를 압도한다.,국제 지위 축이 IOC 상업권 균열과 최종 프레젠테이션의 가시적 결산으로 이동한다.,부분 지급: 말뿐이던 지지·명예가 표나 계약으로 환원된다.,status,다음 판단의 기준이 ‘일본의 지루한 10분 발표 뒤 한국 영상이 한강의 기적과 잠실 공사 현장을 전면에 내세운다’로 옮겨 간다.,다음 회차에는 일본의 지루한 10분 발표 뒤 한국 영상이 한강의 기적과 잠실 공사 현장을 전면에 내세운다,직전 화의 ‘다슬러가 유럽 세 표 상실을 알리지만 일본 발표 시간이 10분뿐이라는 새 약점을 전한다’가 남긴 즉시 과제는 이번 실행으로 일부 결과를 얻고 남은 비용만 다음 화로 넘긴다.,일본의 지루한 10분 발표 뒤 한국 영상이 한강의 기적과 잠실 공사 현장을 전면에 내세운다; 다음 소제목 #서울,L56,high
991,성공시대 991화,서울,138933,139058,"직전 화의 ‘종일이 미들턴 경에게 마지막 설득을 건 뒤 한국 대표단 프레젠테이션 연단으로 향한다’가 한 국면을 닫은 뒤, 이 화 안의 원문 #서울 전환이 5천만 달러 승부와 서울 호명을 연다.",‘종일이 성장률·경기장·숙박·안전 질문을 받아치자 팔롬보가 기금 약속 보증을 요구한다’까지 가기 전에 ‘일본의 5천만 달러 기금과 한국 후진국 프레임이 마지막 순간 유동표를 빼앗는다’라는 압력을 넘을 수 있는가가 이 화의 독자 질문이다.,서울의 성장·준비·안전성을 증명하고 투표함에서 개최권을 얻는다.,일본의 지루한 10분 발표 뒤 한국 영상이 한강의 기적과 잠실 공사 현장을 전면에 내세운다.,일본의 5천만 달러 기금과 한국 후진국 프레임이 마지막 순간 유동표를 빼앗는다.,국제 지위 축이 5천만 달러 승부와 서울 호명의 다음 단계로 이동한다.,유예: 국가적 성취가 종일과 실무진의 공적 보상으로 돌아온다.,status,다음 판단의 기준이 ‘종일이 성장률·경기장·숙박·안전 질문을 받아치자 팔롬보가 기금 약속 보증을 요구한다’로 옮겨 간다.,다음 회차에는 종일이 성장률·경기장·숙박·안전 질문을 받아치자 팔롬보가 기금 약속 보증을 요구한다,직전 화의 ‘종일이 미들턴 경에게 마지막 설득을 건 뒤 한국 대표단 프레젠테이션 연단으로 향한다’가 남긴 즉시 과제는 이번 실행으로 결론을 미룬 채 다음 압력으로 넘어간다.,종일이 성장률·경기장·숙박·안전 질문을 받아치자 팔롬보가 기금 약속 보증을 요구한다; 5천만 달러 승부와 서울 호명,L57,high
992,성공시대 992화,서울,139059,139149,직전 화의 ‘일본의 지루한 10분 발표 뒤 한국 영상이 한강의 기적과 잠실 공사 현장을 전면에 내세운다’가 만든 조건에서 5천만 달러 승부와 서울 호명의 압박 단계가 시작된다.,"‘종일이 개최 즉시 3천만 달러와 다음 해 잔액, 불이행 시 개최권 반납을 걸어 일본 5천만 달러에 맞선다’까지 가기 전에 ‘일본의 5천만 달러 기금과 한국 후진국 프레임이 마지막 순간 유동표를 빼앗는다’라는 압력을 넘을 수 있는가가 이 화의 독자 질문이다.",서울의 성장·준비·안전성을 증명하고 투표함에서 개최권을 얻는다.,종일이 성장률·경기장·숙박·안전 질문을 받아치자 팔롬보가 기금 약속 보증을 요구한다.,일본의 5천만 달러 기금과 한국 후진국 프레임이 마지막 순간 유동표를 빼앗는다.,국제 지위 축이 5천만 달러 승부와 서울 호명의 다음 단계로 이동한다.,유예: 서울 또는 대성의 국제 신뢰와 협상력이 한 단계 오른다.,status,"다음 판단의 기준이 ‘종일이 개최 즉시 3천만 달러와 다음 해 잔액, 불이행 시 개최권 반납을 걸어 일본 5천만 달러에 맞선다’로 옮겨 간다.","다음 회차에는 종일이 개최 즉시 3천만 달러와 다음 해 잔액, 불이행 시 개최권 반납을 걸어 일본 5천만 달러에 맞선다",직전 화의 ‘일본의 지루한 10분 발표 뒤 한국 영상이 한강의 기적과 잠실 공사 현장을 전면에 내세운다’가 남긴 즉시 과제는 이번 실행으로 결론을 미룬 채 다음 압력으로 넘어간다.,"종일이 개최 즉시 3천만 달러와 다음 해 잔액, 불이행 시 개최권 반납을 걸어 일본 5천만 달러에 맞선다; 5천만 달러 승부와 서울 호명",L57,high
993,성공시대 993화,서울,139150,139283,직전 화의 ‘종일이 성장률·경기장·숙박·안전 질문을 받아치자 팔롬보가 기금 약속 보증을 요구한다’가 만든 조건에서 5천만 달러 승부와 서울 호명의 압박 단계가 시작된다.,‘투표 직전 정명주가 실패해도 자책하지 말라 하지만 종일은 서울 승리를 단언한다’까지 가기 전에 ‘일본의 5천만 달러 기금과 한국 후진국 프레임이 마지막 순간 유동표를 빼앗는다’라는 압력을 넘을 수 있는가가 이 화의 독자 질문이다.,서울의 성장·준비·안전성을 증명하고 투표함에서 개최권을 얻는다.,"종일이 개최 즉시 3천만 달러와 다음 해 잔액, 불이행 시 개최권 반납을 걸어 일본 5천만 달러에 맞선다.",일본의 5천만 달러 기금과 한국 후진국 프레임이 마지막 순간 유동표를 빼앗는다.,국제 지위 축이 5천만 달러 승부와 서울 호명의 다음 단계로 이동한다.,유예: 말뿐이던 지지·명예가 표나 계약으로 환원된다.,status,다음 판단의 기준이 ‘투표 직전 정명주가 실패해도 자책하지 말라 하지만 종일은 서울 승리를 단언한다’로 옮겨 간다.,다음 회차에는 투표 직전 정명주가 실패해도 자책하지 말라 하지만 종일은 서울 승리를 단언한다,직전 화의 ‘종일이 성장률·경기장·숙박·안전 질문을 받아치자 팔롬보가 기금 약속 보증을 요구한다’가 남긴 즉시 과제는 이번 실행으로 결론을 미룬 채 다음 압력으로 넘어간다.,투표 직전 정명주가 실패해도 자책하지 말라 하지만 종일은 서울 승리를 단언한다; 5천만 달러 승부와 서울 호명,L57,high
994,성공시대 994화,서울,139284,139410,"직전 화의 ‘종일이 개최 즉시 3천만 달러와 다음 해 잔액, 불이행 시 개최권 반납을 걸어 일본 5천만 달러에 맞선다’가 만든 조건에서 5천만 달러 승부와 서울 호명의 압박 단계가 시작된다.",‘사마란치가 서울을 호명하자 종일과 정명주가 환호하고 일본 대표단은 붕괴한다’까지 가기 전에 ‘일본의 5천만 달러 기금과 한국 후진국 프레임이 마지막 순간 유동표를 빼앗는다’라는 압력을 넘을 수 있는가가 이 화의 독자 질문이다.,서울의 성장·준비·안전성을 증명하고 투표함에서 개최권을 얻는다.,투표 직전 정명주가 실패해도 자책하지 말라 하지만 종일은 서울 승리를 단언한다.,일본의 5천만 달러 기금과 한국 후진국 프레임이 마지막 순간 유동표를 빼앗는다.,국제 지위 축이 5천만 달러 승부와 서울 호명의 다음 단계로 이동한다.,지급: 적대 인물이 우군으로 바뀌어 영향력의 외연이 넓어진다.,status,다음 판단의 기준이 ‘사마란치가 서울을 호명하자 종일과 정명주가 환호하고 일본 대표단은 붕괴한다’로 옮겨 간다.,다음 회차에는 사마란치가 서울을 호명하자 종일과 정명주가 환호하고 일본 대표단은 붕괴한다,"직전 화의 ‘종일이 개최 즉시 3천만 달러와 다음 해 잔액, 불이행 시 개최권 반납을 걸어 일본 5천만 달러에 맞선다’가 남긴 즉시 과제는 이번 실행으로 구체 성과로 확인된다.",사마란치가 서울을 호명하자 종일과 정명주가 환호하고 일본 대표단은 붕괴한다; 5천만 달러 승부와 서울 호명,L57,high
995,성공시대 995화,서울,139411,139525,직전 화의 ‘투표 직전 정명주가 실패해도 자책하지 말라 하지만 종일은 서울 승리를 단언한다’가 만든 조건에서 5천만 달러 승부와 서울 호명의 전환 단계가 시작된다.,‘청와대가 민간 유치단의 공을 인정하고 성공적 개최 준비를 새 국가 과제로 전환한다’까지 가기 전에 ‘일본의 5천만 달러 기금과 한국 후진국 프레임이 마지막 순간 유동표를 빼앗는다’라는 압력을 넘을 수 있는가가 이 화의 독자 질문이다.,서울의 성장·준비·안전성을 증명하고 투표함에서 개최권을 얻는다.,사마란치가 서울을 호명하자 종일과 정명주가 환호하고 일본 대표단은 붕괴한다.,일본의 5천만 달러 기금과 한국 후진국 프레임이 마지막 순간 유동표를 빼앗는다.,국제 지위 축이 5천만 달러 승부와 서울 호명의 다음 단계로 이동한다.,유예: 국가적 성취가 종일과 실무진의 공적 보상으로 돌아온다.,status,다음 판단의 기준이 ‘청와대가 민간 유치단의 공을 인정하고 성공적 개최 준비를 새 국가 과제로 전환한다’로 옮겨 간다.,다음 회차에는 청와대가 민간 유치단의 공을 인정하고 성공적 개최 준비를 새 국가 과제로 전환한다,직전 화의 ‘투표 직전 정명주가 실패해도 자책하지 말라 하지만 종일은 서울 승리를 단언한다’가 남긴 즉시 과제는 이번 실행으로 결론을 미룬 채 다음 압력으로 넘어간다.,청와대가 민간 유치단의 공을 인정하고 성공적 개최 준비를 새 국가 과제로 전환한다; 5천만 달러 승부와 서울 호명,L57,high
996,성공시대 996화,서울,139526,139675,직전 화의 ‘사마란치가 서울을 호명하자 종일과 정명주가 환호하고 일본 대표단은 붕괴한다’가 만든 조건에서 5천만 달러 승부와 서울 호명의 결산 단계가 시작된다.,‘귀국 유치단이 국민 환영 속 개선하듯 김포공항 트랩을 내려간다’까지 가기 전에 ‘일본의 5천만 달러 기금과 한국 후진국 프레임이 마지막 순간 유동표를 빼앗는다’라는 압력을 넘을 수 있는가가 이 화의 독자 질문이다.,서울의 성장·준비·안전성을 증명하고 투표함에서 개최권을 얻는다.,청와대가 민간 유치단의 공을 인정하고 성공적 개최 준비를 새 국가 과제로 전환한다.,일본의 5천만 달러 기금과 한국 후진국 프레임이 마지막 순간 유동표를 빼앗는다.,국제 지위 축이 5천만 달러 승부와 서울 호명의 가시적 결산으로 이동한다.,부분 지급: 서울 또는 대성의 국제 신뢰와 협상력이 한 단계 오른다.,status,다음 판단의 기준이 ‘귀국 유치단이 국민 환영 속 개선하듯 김포공항 트랩을 내려간다’로 옮겨 간다.,다음 회차에는 귀국 유치단이 국민 환영 속 개선하듯 김포공항 트랩을 내려간다,직전 화의 ‘사마란치가 서울을 호명하자 종일과 정명주가 환호하고 일본 대표단은 붕괴한다’가 남긴 즉시 과제는 이번 실행으로 일부 결과를 얻고 남은 비용만 다음 화로 넘긴다.,귀국 유치단이 국민 환영 속 개선하듯 김포공항 트랩을 내려간다; 5천만 달러 승부와 서울 호명,L57,high
997,성공시대 997화,서울,139676,139803,직전 화의 ‘청와대가 민간 유치단의 공을 인정하고 성공적 개최 준비를 새 국가 과제로 전환한다’가 만든 조건에서 5천만 달러 승부와 서울 호명의 결산 단계가 시작된다.,‘저유가에도 종일이 유전 개발 속도를 유지하고 종희·최승필의 동반 승진과 가족 시간을 돌아본다’까지 가기 전에 ‘일본의 5천만 달러 기금과 한국 후진국 프레임이 마지막 순간 유동표를 빼앗는다’라는 압력을 넘을 수 있는가가 이 화의 독자 질문이다.,서울의 성장·준비·안전성을 증명하고 투표함에서 개최권을 얻는다.,귀국 유치단이 국민 환영 속 개선하듯 김포공항 트랩을 내려간다.,일본의 5천만 달러 기금과 한국 후진국 프레임이 마지막 순간 유동표를 빼앗는다.,국제 지위 축이 5천만 달러 승부와 서울 호명의 가시적 결산으로 이동한다.,부분 지급: 말뿐이던 지지·명예가 표나 계약으로 환원된다.,status,다음 판단의 기준이 ‘저유가에도 종일이 유전 개발 속도를 유지하고 종희·최승필의 동반 승진과 가족 시간을 돌아본다’로 옮겨 간다.,다음 회차에는 저유가에도 종일이 유전 개발 속도를 유지하고 종희·최승필의 동반 승진과 가족 시간을 돌아본다,직전 화의 ‘청와대가 민간 유치단의 공을 인정하고 성공적 개최 준비를 새 국가 과제로 전환한다’가 남긴 즉시 과제는 이번 실행으로 일부 결과를 얻고 남은 비용만 다음 화로 넘긴다.,저유가에도 종일이 유전 개발 속도를 유지하고 종희·최승필의 동반 승진과 가족 시간을 돌아본다; 다음 소제목 #행복이란 이런 거지,L57,high
998,성공시대 998화,행복이란 이런 거지,139804,139940,"직전 화의 ‘귀국 유치단이 국민 환영 속 개선하듯 김포공항 트랩을 내려간다’가 한 국면을 닫은 뒤, 이 화 안의 원문 #행복이란 이런 거지 전환이 가족 결실과 사할린 첫 시추을 연다.","‘최승필이 반지를 내밀어 종희에게 청혼하고 휴가 나온 종수가 가족과 재회한다’까지 가기 전에 ‘저유가와 계속된 탐사 실패, 세대별 진로 선택이 성공 이후의 삶을 다시 흔든다’라는 압력을 넘을 수 있는가가 이 화의 독자 질문이다.",올림픽 성취 뒤 가족·후계·에너지 사업의 장기 결실을 삶의 행복으로 묶는다.,저유가에도 종일이 유전 개발 속도를 유지하고 종희·최승필의 동반 승진과 가족 시간을 돌아본다.,"저유가와 계속된 탐사 실패, 세대별 진로 선택이 성공 이후의 삶을 다시 흔든다.",가족·관계 축이 가족 결실과 사할린 첫 시추의 다음 단계로 이동한다.,유예: 다음 세대의 탄생·진로·결혼이 가족의 미래를 갱신한다.,relationship,다음 판단의 기준이 ‘최승필이 반지를 내밀어 종희에게 청혼하고 휴가 나온 종수가 가족과 재회한다’로 옮겨 간다.,다음 회차에는 최승필이 반지를 내밀어 종희에게 청혼하고 휴가 나온 종수가 가족과 재회한다,직전 화의 ‘귀국 유치단이 국민 환영 속 개선하듯 김포공항 트랩을 내려간다’가 남긴 즉시 과제는 이번 실행으로 결론을 미룬 채 다음 압력으로 넘어간다.,최승필이 반지를 내밀어 종희에게 청혼하고 휴가 나온 종수가 가족과 재회한다; 가족 결실과 사할린 첫 시추,L58,high
999,성공시대 999화,행복이란 이런 거지,139941,140095,직전 화의 ‘저유가에도 종일이 유전 개발 속도를 유지하고 종희·최승필의 동반 승진과 가족 시간을 돌아본다’가 만든 조건에서 가족 결실과 사할린 첫 시추의 압박 단계가 시작된다.,"‘종희의 약혼이 가족에게 공개되고 종일은 종수에게 전역 후 해외 유학 선택지를 제안한다’까지 가기 전에 ‘저유가와 계속된 탐사 실패, 세대별 진로 선택이 성공 이후의 삶을 다시 흔든다’라는 압력을 넘을 수 있는가가 이 화의 독자 질문이다.",올림픽 성취 뒤 가족·후계·에너지 사업의 장기 결실을 삶의 행복으로 묶는다.,최승필이 반지를 내밀어 종희에게 청혼하고 휴가 나온 종수가 가족과 재회한다.,"저유가와 계속된 탐사 실패, 세대별 진로 선택이 성공 이후의 삶을 다시 흔든다.",가족·관계 축이 가족 결실과 사할린 첫 시추의 다음 단계로 이동한다.,지급: 가족과 연인이 서로의 선택을 확인한다.,relationship,다음 판단의 기준이 ‘종희의 약혼이 가족에게 공개되고 종일은 종수에게 전역 후 해외 유학 선택지를 제안한다’로 옮겨 간다.,다음 회차에는 종희의 약혼이 가족에게 공개되고 종일은 종수에게 전역 후 해외 유학 선택지를 제안한다,직전 화의 ‘저유가에도 종일이 유전 개발 속도를 유지하고 종희·최승필의 동반 승진과 가족 시간을 돌아본다’가 남긴 즉시 과제는 이번 실행으로 구체 성과로 확인된다.,종희의 약혼이 가족에게 공개되고 종일은 종수에게 전역 후 해외 유학 선택지를 제안한다; 가족 결실과 사할린 첫 시추,L58,high
1000,성공시대 1000화,행복이란 이런 거지,140096,140252,직전 화의 ‘최승필이 반지를 내밀어 종희에게 청혼하고 휴가 나온 종수가 가족과 재회한다’가 만든 조건에서 가족 결실과 사할린 첫 시추의 압박 단계가 시작된다.,"‘종일이 최승필의 청혼을 허락한 날 서울이 1986 아시안게임 개최지로 결정되고 대성1호가 출항한다’까지 가기 전에 ‘저유가와 계속된 탐사 실패, 세대별 진로 선택이 성공 이후의 삶을 다시 흔든다’라는 압력을 넘을 수 있는가가 이 화의 독자 질문이다.",올림픽 성취 뒤 가족·후계·에너지 사업의 장기 결실을 삶의 행복으로 묶는다.,종희의 약혼이 가족에게 공개되고 종일은 종수에게 전역 후 해외 유학 선택지를 제안한다.,"저유가와 계속된 탐사 실패, 세대별 진로 선택이 성공 이후의 삶을 다시 흔든다.",가족·관계 축이 가족 결실과 사할린 첫 시추의 다음 단계로 이동한다.,유예: 부재와 오해 뒤 돌봄·신뢰가 구체적 행동으로 돌아온다.,relationship,다음 판단의 기준이 ‘종일이 최승필의 청혼을 허락한 날 서울이 1986 아시안게임 개최지로 결정되고 대성1호가 출항한다’로 옮겨 간다.,다음 회차에는 종일이 최승필의 청혼을 허락한 날 서울이 1986 아시안게임 개최지로 결정되고 대성1호가 출항한다,직전 화의 ‘최승필이 반지를 내밀어 종희에게 청혼하고 휴가 나온 종수가 가족과 재회한다’가 남긴 즉시 과제는 이번 실행으로 결론을 미룬 채 다음 압력으로 넘어간다.,종일이 최승필의 청혼을 허락한 날 서울이 1986 아시안게임 개최지로 결정되고 대성1호가 출항한다; 가족 결실과 사할린 첫 시추,L58,high
1001,성공시대 1001화,행복이란 이런 거지,140253,140375,직전 화의 ‘종희의 약혼이 가족에게 공개되고 종일은 종수에게 전역 후 해외 유학 선택지를 제안한다’가 만든 조건에서 가족 결실과 사할린 첫 시추의 압박 단계가 시작된다.,"‘현영이 아들 종현을 낳고 종일 부부는 서로를 인생 최고의 선택으로 확인한다’까지 가기 전에 ‘저유가와 계속된 탐사 실패, 세대별 진로 선택이 성공 이후의 삶을 다시 흔든다’라는 압력을 넘을 수 있는가가 이 화의 독자 질문이다.",올림픽 성취 뒤 가족·후계·에너지 사업의 장기 결실을 삶의 행복으로 묶는다.,종일이 최승필의 청혼을 허락한 날 서울이 1986 아시안게임 개최지로 결정되고 대성1호가 출항한다.,"저유가와 계속된 탐사 실패, 세대별 진로 선택이 성공 이후의 삶을 다시 흔든다.",가족·관계 축이 가족 결실과 사할린 첫 시추의 다음 단계로 이동한다.,지급: 성취의 대가였던 거리감이 함께 보내는 시간으로 보상된다.,relationship,다음 판단의 기준이 ‘현영이 아들 종현을 낳고 종일 부부는 서로를 인생 최고의 선택으로 확인한다’로 옮겨 간다.,다음 회차에는 현영이 아들 종현을 낳고 종일 부부는 서로를 인생 최고의 선택으로 확인한다,직전 화의 ‘종희의 약혼이 가족에게 공개되고 종일은 종수에게 전역 후 해외 유학 선택지를 제안한다’가 남긴 즉시 과제는 이번 실행으로 구체 성과로 확인된다.,현영이 아들 종현을 낳고 종일 부부는 서로를 인생 최고의 선택으로 확인한다; 가족 결실과 사할린 첫 시추,L58,high
1002,성공시대 1002화,행복이란 이런 거지,140376,140528,직전 화의 ‘종일이 최승필의 청혼을 허락한 날 서울이 1986 아시안게임 개최지로 결정되고 대성1호가 출항한다’가 만든 조건에서 가족 결실과 사할린 첫 시추의 전환 단계가 시작된다.,"‘종희·최승필의 결혼 준비가 본가 동거와 직장 지속 합의로 이어지고 종일은 사할린 시추선에 오른다’까지 가기 전에 ‘저유가와 계속된 탐사 실패, 세대별 진로 선택이 성공 이후의 삶을 다시 흔든다’라는 압력을 넘을 수 있는가가 이 화의 독자 질문이다.",올림픽 성취 뒤 가족·후계·에너지 사업의 장기 결실을 삶의 행복으로 묶는다.,현영이 아들 종현을 낳고 종일 부부는 서로를 인생 최고의 선택으로 확인한다.,"저유가와 계속된 탐사 실패, 세대별 진로 선택이 성공 이후의 삶을 다시 흔든다.",가족·관계 축이 가족 결실과 사할린 첫 시추의 다음 단계로 이동한다.,지급: 다음 세대의 탄생·진로·결혼이 가족의 미래를 갱신한다.,relationship,다음 판단의 기준이 ‘종희·최승필의 결혼 준비가 본가 동거와 직장 지속 합의로 이어지고 종일은 사할린 시추선에 오른다’로 옮겨 간다.,다음 회차에는 종희·최승필의 결혼 준비가 본가 동거와 직장 지속 합의로 이어지고 종일은 사할린 시추선에 오른다,직전 화의 ‘종일이 최승필의 청혼을 허락한 날 서울이 1986 아시안게임 개최지로 결정되고 대성1호가 출항한다’가 남긴 즉시 과제는 이번 실행으로 구체 성과로 확인된다.,종희·최승필의 결혼 준비가 본가 동거와 직장 지속 합의로 이어지고 종일은 사할린 시추선에 오른다; 가족 결실과 사할린 첫 시추,L58,high
1003,성공시대 1003화,행복이란 이런 거지,140529,140637,직전 화의 ‘현영이 아들 종현을 낳고 종일 부부는 서로를 인생 최고의 선택으로 확인한다’가 만든 조건에서 가족 결실과 사할린 첫 시추의 전환 단계가 시작된다.,"‘16개 시추공과 1억 달러 넘는 손실에도 종일은 새 지점의 최대 7천 미터 시추를 계속하되 안전을 최우선하라고 지시한다’까지 가기 전에 ‘저유가와 계속된 탐사 실패, 세대별 진로 선택이 성공 이후의 삶을 다시 흔든다’라는 압력을 넘을 수 있는가가 이 화의 독자 질문이다.",올림픽 성취 뒤 가족·후계·에너지 사업의 장기 결실을 삶의 행복으로 묶는다.,종희·최승필의 결혼 준비가 본가 동거와 직장 지속 합의로 이어지고 종일은 사할린 시추선에 오른다.,"저유가와 계속된 탐사 실패, 세대별 진로 선택이 성공 이후의 삶을 다시 흔든다.",가족·관계 축이 가족 결실과 사할린 첫 시추의 다음 단계로 이동한다.,지급: 가족과 연인이 서로의 선택을 확인한다.,relationship,다음 판단의 기준이 ‘16개 시추공과 1억 달러 넘는 손실에도 종일은 새 지점의 최대 7천 미터 시추를 계속하되 안전을 최우선하라고 지시한다’로 옮겨 간다.,다음 회차에는 16개 시추공과 1억 달러 넘는 손실에도 종일은 새 지점의 최대 7천 미터 시추를 계속하되 안전을 최우선하라고 지시한다,직전 화의 ‘현영이 아들 종현을 낳고 종일 부부는 서로를 인생 최고의 선택으로 확인한다’가 남긴 즉시 과제는 이번 실행으로 구체 성과로 확인된다.,16개 시추공과 1억 달러 넘는 손실에도 종일은 새 지점의 최대 7천 미터 시추를 계속하되 안전을 최우선하라고 지시한다; 가족 결실과 사할린 첫 시추,L58,high
1004,성공시대 1004화,행복이란 이런 거지,140638,140750,"종희·최승필의 결혼식 뒤 시간이 1983년 5월로 건너뛰고, 종일은 사할린 대성1호의 누적 손실과 새 시추 계획을 대면한다.",독자는 16개 시추공 실패와 1억 달러 넘는 손실에도 종일이 탐사를 지속할 근거와 방식을 확인한다.,대성1호의 새 시추 지점을 검토하고 비용 압박 속에서도 안전을 해치지 않는 탐사 원칙을 세운다.,16개 시추공과 1억 달러 넘는 손실에도 종일은 새 지점의 최대 7천 미터 시추를 계속하되 안전을 최우선하라고 지시한다.,"가스·유전을 일부 찾았어도 경제성이 없었고, 그룹 안팎에서 프로젝트 재검토론이 커진 상태다.","야들린은 새 퇴적층의 가능성을 보고하지만 4,500미터에서 최대 7천 미터, 여섯 시추공이라는 추가 비용도 제시한다.",부분 지급: 실패 누적에도 탐사 중단 대신 기술·안전 기준을 지키는 다음 시추가 시작된다.,business,사할린 프로젝트가 성과 없는 장기 투자에서 마지막 유망 지점을 시험하는 결산 단계로 들어간다.,"다음 날 떠나기 전, 시추공 압력이 비정상적으로 치솟을 조건이 갖춰진다.",누적 손실 때문에 탐사를 접을지의 질문은 종일의 지속 결정으로 닫힌다.,"새 지점이 경제성 있는 원유를 내놓을지, 안전 우선 지시가 실제 위기를 견딜지가 열린다.",L58,high
1005,성공시대 1005화,행복이란 이런 거지,140751,140889,"안전 우선으로 새 시추를 이어 가던 대성1호에서, 종일의 정치 거절과 유정 압력 이상이 한 위기로 맞물린다.",독자는 정치 진출을 거절한 종일이 대성1호의 마지막 압력 위기를 직접 넘길 수 있는지를 확인한다.,정치 권유를 거절하고 시추선에 남아 폭주하는 유정 압력을 통제한다.,종일은 김종필의 정치 제안을 단호히 거절한 뒤 현장으로 복귀해 압력계와 시추공 상태를 점검한다.,압력이 통제 범위를 벗어나면 폭발과 인명 피해로 사할린 탐사 전체가 끝날 수 있다.,상승하던 압력이 한계를 넘으며 시추선 전체가 폭발 직전의 카운트다운에 들어간다.,유예: 정치 대신 현장을 택한 결단은 확인되지만 원유 발견의 물질적 보상은 압력 통제 뒤로 미뤄진다.,business,정치인 후보였던 종일이 대성1호의 생사를 책임지는 현장 경영자로 다시 자리 잡는다.,"대성1호는 폭발할 것인가, 아니면 원유를 터뜨릴 것인가.",김종필의 정치 영입 제안이 종일의 거절로 닫힌다.,폭주한 압력의 결과와 사할린 원유 발견 여부가 최종 미결로 열린다.,L58,high
1006,성공시대 1006화,에필로그,140890,141017,원문 소제목 #에필로그 전환으로 1006화 중간에서 새 사건 계약이 열린다,"독자는 대성1호의 폭발 위기가 원유 발견으로 전환되는지, 종일의 성공이 마지막에 누구의 삶으로 환원되는지 확인한다.",유전 발견으로 산업의 장기 약속을 닫고 과거의 자신과 닮은 청년에게 다시 살 기회를 건넨다.,"대성1호가 압력을 낮춘 뒤 60억 배럴 넘는 유전을 터뜨리고, 노년의 종일은 마포대교 청년에게 명함과 재출발 기회를 건넨다.","시추선은 한계 압력과 폭발 위험에 놓이고, 에필로그의 청년은 백 번째 취업 거절 뒤 난간을 넘으려 한다.","압력이 2천 아래로 내려간 뒤 원유가 솟고, 수십 년 뒤 재계 1위가 된 종일은 자살하려는 청년에게 자기 이름이 적힌 명함을 내민다.","지급: 2년간 16개 시추공과 1억 달러 넘는 비용 끝에 60억 배럴 이상 유전을 얻고, 종일은 한 사람의 재출발까지 돕는다.",era,"대성의 장기 자원 투자는 세계적 그룹의 토대가 되고, 종일 개인의 성공은 다음 세대에게 기회를 주는 행동으로 재정의된다.","청년이 난간에서 물러나 종일의 명함을 쥐고, 종일은 옛날을 떠올리며 완결된다.","사할린 원유 발견, 종일의 직업 선택, 작품 첫 절망과 닮은 자살 위기가 모두 닫힌다.",청년이 종일이 준 기회를 붙들고 다시 시작할 삶이 여운으로 남는다.,L59,high
