sequence,visible_label,source_lines,semantic_status,score_status,ribbon_status,old_tension,new_tension,old_reward,new_reward,old_hook,new_hook,old_ribbon,new_ribbon,actual_action,actual_paid_reward,actual_ending_hook,concrete_event_before,concrete_event_after,pacing_note_before,pacing_note_after,adjudication
1,1화,L1~L255,PASS,EDIT,PASS,9,9,9,6,10,8,0.20/0.25/0.20/0.20/0.15,0.20/0.25/0.20/0.20/0.15,김택훈 앞에서 17세답게 행동하고 김태중 생일연회에서 납품가를 호소하는 협력업체 사장의 10억 원 파텍필립 시계를 폭로한다.,협력업체 사장의 기만을 걷어 내 연회를 지키고 김태중에게 100만 달러 스위스 계좌를 입학 선물로 받는다.,통장 속 돈이 100만 원이 아니라 100만 달러라는 김태중의 말로 첫 자금 게임을 연다.,고시원에서 죽은 김민재가 17세로 회귀해 김태중 생일연회의 사기 협력업체를 파텍필립 시계로 쫓고 100만 달러를 받는다.,김택훈 앞에서 17세답게 행동하고 김태중 생일연회에서 납품가를 호소하는 협력업체 사장의 10억 원 파텍필립 시계를 폭로한다; 회귀와 함께 얼굴만 보면 이름·소속·특이사항·업무 능력이 뜨는 신상명세서 능력이 생겼음이 드러난다; 협력업체 사장의 기만을 걷어 내 연회를 지키고 김태중에게 100만 달러 스위스 계좌를 입학 선물로 받는다,고시원 죽음·17세 회귀·시계 폭로·김태중의 100만 달러가 연달아 벌어져 행동과 상실·회복 감정에 오래 머문다.,고시원 죽음·17세 회귀·시계 폭로·김태중의 100만 달러가 연달아 벌어져 행동과 상실·회복 감정에 오래 머문다.,보상은 실제 지급만 세어 9→6 판정; 훅은 마지막 프레임의 열린 질문만 세어 10→8 판정
2,2화,L256~L497,PASS,EDIT,PASS,6,6,7,6,8,8,0.30/0.18/0.24/0.10/0.18,0.30/0.18/0.24/0.10/0.18,태우증권 출입구에서 직원 능력치를 훑어 분석력 S급 한정훈과 A급 직원 세 명을 고르고 김태중에게 전담팀을 청한다.,김태중의 승인과 추가 10억 원을 받아 220억 원 규모의 일본 버블 붕괴 투자를 논의할 팀을 만든다.,김민재가 일본 대출총량제 뒤 붕괴를 전제로 투자하자며 220억 원 전액을 제시한다.,태우증권 앞에서 능력치를 훑어 한정훈과 A급 직원 세 명을 선발하고 220억 원 일본 붕괴 투자를 제안한다.,태우증권 출입구에서 직원 능력치를 훑어 분석력 S급 한정훈과 A급 직원 세 명을 고르고 김태중에게 전담팀을 청한다; 훗날 태우증권을 인수할 전설적 투자가 한정훈이 현재는 해외주식사업부 대리로 퇴사를 고민 중이다; 김태중의 승인과 추가 10억 원을 받아 220억 원 규모의 일본 버블 붕괴 투자를 논의할 팀을 만든다,한정훈과 A급 세 명의 능력표를 읽고 220억 원 팀을 세우므로 인재 정보와 고용 관계가 중심이다.,한정훈과 A급 인재 세 명의 능력표를 하나씩 읽은 뒤 220억 원짜리 초기 팀을 세운다. 사람을 고르는 느린 검토가 실제 고용으로 넘어가며 김민재의 첫 조직이 형태를 얻는다.,보상은 실제 지급만 세어 7→6 판정; L256~L497 수동 재독; 범용 중심·비중 문구를 장면 리듬으로 교체; L256~L497 수동 재독; 범용 중심·비중 문구를 장면 리듬으로 교체; L256~L497 수동 재독; 범용 중심·비중 문구를 장면 리듬으로 교체; L256~L497 수동 재독; 범용 중심·비중 문구를 장면 리듬으로 교체; L256~L497 수동 재독; 범용 중심·비중 문구를 장면 리듬으로 교체; L256~L497 수동 재독; 범용 중심·비중 문구를 장면 리듬으로 교체; L256~L497 수동 재독; 범용 중심·비중 문구를 장면 리듬으로 교체; L256~L497 수동 재독; 범용 중심·비중 문구를 장면 리듬으로 교체; L256~L497 수동 재독; 범용 중심·비중 문구를 장면 리듬으로 교체; L256~L497 수동 재독; 범용 중심·비중 문구를 장면 리듬으로 교체; L256~L497 수동 재독; 범용 중심·비중 문구를 장면 리듬으로 교체
3,3화,L498~L722,EDIT,EDIT,PASS,8,8,6,5,9,6,0.27/0.29/0.17/0.09/0.18,0.27/0.29/0.17/0.09/0.18,홍콩 법인을 빌리고 수익 1퍼센트 보너스·실패 위로금·비밀유지 위약금을 명시한 계약을 체결한 뒤 보험·공매도 중심 3안을 선택한다.,"성과보수·비밀유지 계약과 보험·공매도 중심 3안 집행 지시를 확정하고, 김태중에게 다국어 실력을 증명해 검정고시와 하버드·스탠퍼드 도전을 승인받는다.",검정고시 책 대신 SAT 교재를 꺼내 외환위기 3년 전 입사 계획을 본격화한다.,홍콩 법인과 성과계약을 묶고 닛케이 반토막 보험·공매도 3안에 전액을 건 뒤 검정고시 허락을 받는다.,"홍콩 법인을 빌리고 수익 1퍼센트 보너스·실패 위로금·비밀유지 위약금을 명시한 계약을 체결한 뒤 보험·공매도 중심 3안을 선택한다; 한정훈 팀이 닛케이 반토막 시 10배 이상을 주는 보험까지 찾아내며 투자 일 자체에 재미와 소속감을 느낀다; 성과보수·비밀유지 계약과 보험·공매도 중심 3안 집행 지시를 확정하고, 김태중에게 다국어 실력을 증명해 검정고시와 하버드·스탠퍼드 도전을 승인받는다",홍콩 법인·성과계약·닛케이 세 전략을 정한 뒤 전액을 거는 실행과 위험 설명이 팽팽하다.,"220억 원 홍콩법인 계약과 닛케이 보험·공매도 3안 선택이 앞쪽의 금융 긴장을 끌고, 뒤쪽에서는 김태중 앞에서 세 외국어 신문을 읽어 검정고시와 해외대학 허락을 받아낸다. SAT 교재를 꺼내는 마지막 동작은 지급된 허락을 외환위기 전 입사 계획으로 곧장 잇는다.","보상은 실제 지급만 세어 6→5 판정; 훅은 마지막 프레임의 열린 질문만 세어 9→6 판정; L498~L722 수동 재독; 점수·리본 유지, 기계적 note만 장면별 편집문으로 교체; L498~L722 수동 재독; 기계적 note를 장면별 편집문으로 교체; L498~L722 수동 재독; 기계적 note를 장면별 편집문으로 교체; L498~L722 수동 재독; 기계적 note를 장면별 편집문으로 교체; L498~L722 수동 재독; 기계적 note를 장면별 편집문으로 교체; L498~L722 수동 재독; 기계적 note를 장면별 편집문으로 교체; L498~L722 수동 재독; 기계적 note를 장면별 편집문으로 교체; L498~L722 수동 재독; 기계적 note를 장면별 편집문으로 교체; L498~L722 수동 재독; 기계적 note를 장면별 편집문으로 교체; L498~L722 수동 재독; 기계적 note를 장면별 편집문으로 교체; L498~L722 수동 재독; 기계적 note를 장면별 편집문으로 교체; L498~L722 수동 재독; 기계적 note를 장면별 편집문으로 교체; L498~L722 수동 재독; 기계적 note를 장면별 편집문으로 교체"
4,4화,L723~L929,PASS,EDIT,PASS,8,8,9,7,9,7,0.22/0.26/0.12/0.10/0.30,0.22/0.26/0.12/0.10/0.30,"검정고시 만점 합격증을 김태중에게 보이고 사우디 동행 허락을 받은 뒤 전담팀의 예상 4,780억 원·기실현 1,210억 원을 결산하고 1퍼센트 보너스를 약속한다.","만점 검정고시, 이미 실현된 1,210억 원, 팀원당 수억 원 보너스, 사우디 왕실 접근 기회를 한꺼번에 얻는다.",8월 초 원유 상승에 최대 레버리지를 걸면 12배 수익도 가능하다는 계산이 나온다.,"대출총량제로 닛케이가 폭락해 예상 4,780억 원·실현 1,210억 원을 확인하고 걸프전 12배 베팅으로 넘어간다.","검정고시 만점 합격증을 김태중에게 보이고 사우디 동행 허락을 받은 뒤 전담팀의 예상 4,780억 원·기실현 1,210억 원을 결산하고 1퍼센트 보너스를 약속한다; 일본 폭락으로 팀의 의심이 충성으로 바뀌고 김민재는 이라크가 쿠웨이트를 침공할 논리를 제시한다; 만점 검정고시, 이미 실현된 1,210억 원, 팀원당 수억 원 보너스, 사우디 왕실 접근 기회를 한꺼번에 얻는다","닛케이 폭락으로 1,210억 원을 실현하고 곧바로 걸프전 12배 베팅으로 넘어가 현금 보상과 재투자가 솟는다.","닛케이 폭락으로 1,210억 원을 실현하고 곧바로 걸프전 12배 베팅으로 넘어가 현금 보상과 재투자가 솟는다.",보상은 실제 지급만 세어 9→7 판정; 훅은 마지막 프레임의 열린 질문만 세어 9→7 판정
5,5화,L930~L1168,PASS,EDIT,PASS,8,8,8,7,9,9,0.18/0.31/0.28/0.11/0.12,0.18/0.31/0.28/0.11/0.12,한정훈에게 사표와 미국 법인 설립을 지시하고 사우디에서 어린 무함마드 빈 살만과 놀며 살만에게 왕실 보석 절도범 끄리앙끄라이를 고발한다.,사우디 왕실이라는 방패와 태우건설 추가 수주를 얻고 한정훈이 2억 달러 원유 급등 포지션을 구축한다.,이라크 침공 하루 전 2억 달러를 건 한정훈에게 김민재가 다 잃어도 다시 벌면 된다고 말한다.,한정훈을 미국으로 보내고 사우디 왕실 보석 절도를 막아 살만의 약속과 건설 수주를 얻은 뒤 2억 달러 원유 상승에 건다.,한정훈에게 사표와 미국 법인 설립을 지시하고 사우디에서 어린 무함마드 빈 살만과 놀며 살만에게 왕실 보석 절도범 끄리앙끄라이를 고발한다; 청소기에서 실제 왕실 보석이 쏟아져 살만이 사우디 왕실의 영구 지원을 약속하고 태우건설 수주도 두 배가 된다; 사우디 왕실이라는 방패와 태우건설 추가 수주를 얻고 한정훈이 2억 달러 원유 급등 포지션을 구축한다,왕실 보석 절도를 막아 살만의 약속을 얻고 2억 달러 원유 포지션을 잡아 행동과 왕실 관계가 앞선다.,왕실 보석 절도를 막아 살만의 약속을 얻고 2억 달러 원유 포지션을 잡아 행동과 왕실 관계가 앞선다.,보상은 실제 지급만 세어 8→7 판정; L930~L1168 수동 재독; 회차 필드 경계 교정; L930~L1168 수동 재독; 회차 필드 경계 교정; L930~L1168 수동 재독; 회차 필드 경계 교정; L930~L1168 수동 재독; 회차 필드 경계 교정; L930~L1168 수동 재독; 회차 필드 경계 교정; L930~L1168 수동 재독; 회차 필드 경계 교정; L930~L1168 수동 재독; 회차 필드 경계 교정; L930~L1168 수동 재독; 회차 필드 경계 교정
6,6화,L1169~L1387,PASS,EDIT,PASS,9,9,10,9,8,6,0.13/0.27/0.19/0.12/0.29,0.13/0.27/0.19/0.12/0.29,유가가 하루 만에 두 배 뛰자 30달러 매도를 지시하고 장수영의 미래 배신을 기억한 뒤 김태중에게 전담팀 동행 미국 유학을 설득한다.,"1.4조 원과 한정훈의 절대적 신뢰, 미국 저택·호위·최고 입시진을 확보한다.",미국 법인의 이름을 태우그룹과 김태중을 지킨다는 목적을 새긴 SAVE로 확정한다.,이라크 침공으로 유가가 두 배 뛰어 20억 달러를 만들고 김민재와 네 직원이 미국 SAVE로 옮긴다.,"유가가 하루 만에 두 배 뛰자 30달러 매도를 지시하고 장수영의 미래 배신을 기억한 뒤 김태중에게 전담팀 동행 미국 유학을 설득한다; 유가 거래가 20억 달러·약 1.4조 원 수익으로 끝나고 네 명이 한정훈의 미국 법인 SAVE로 완전히 이직한다; 1.4조 원과 한정훈의 절대적 신뢰, 미국 저택·호위·최고 입시진을 확보한다",이라크 침공 뒤 20억 달러가 확정되고 네 직원이 SAVE로 이동해 자산과 조직 지위가 큰 봉우리를 만든다.,이라크 침공 뒤 20억 달러가 확정되고 네 직원이 SAVE로 이동해 자산과 조직 지위가 큰 봉우리를 만든다.,보상은 실제 지급만 세어 10→9 판정; 훅은 마지막 프레임의 열린 질문만 세어 8→6 판정
7,7화,L1388~L1608,PASS,EDIT,PASS,7,7,7,6,9,9,0.22/0.26/0.25/0.08/0.19,0.22/0.26/0.25/0.08/0.19,네 명에게 각 35억 원을 지급하고 A급 20명과 친화력 S급 한 명을 사진 능력치로 뽑아 25명 회사를 만든 뒤 1991년 1월 17일 전 직원으로 원유 공매도를 건다.,"SAVE 인력 25명과 실적 경쟁 보상 체계, 세계 최고 인재 풀, 두 번째 유가 수익 직전의 우위를 얻는다.",이라크 폭격 영상이 전파를 타는 순간 유가가 실제로 흔들리기 시작한다.,각 35억 원 보너스와 월가 21명 채용 뒤 사막의 폭풍 작전에 맞춰 20억 달러 유가 공매도를 건다.,"네 명에게 각 35억 원을 지급하고 A급 20명과 친화력 S급 한 명을 사진 능력치로 뽑아 25명 회사를 만든 뒤 1991년 1월 17일 전 직원으로 원유 공매도를 건다; 사막의 폭풍 작전과 F-117·B-52·토마호크 공습이 이라크를 하루 만에 초토화하며 김민재의 하락 논리를 증명한다; SAVE 인력 25명과 실적 경쟁 보상 체계, 세계 최고 인재 풀, 두 번째 유가 수익 직전의 우위를 얻는다",35억 원 보너스와 월가 21명 채용 뒤 유가 공매도를 집행해 인재 조직과 다음 포지션에 체류한다.,35억 원 보너스와 월가 21명 채용 뒤 유가 공매도를 집행해 인재 조직과 다음 포지션에 체류한다.,보상은 실제 지급만 세어 7→6 판정
8,8화,L1609~L1815,PASS,EDIT,PASS,7,7,10,9,8,7,0.17/0.26/0.24/0.08/0.25,0.17/0.26/0.24/0.08/0.25,유가 18달러 청산을 지시해 100억 달러를 번 뒤 D.E 인수 제의를 던지고 거절되자 친화력 S급 데이비드에게 제프리 포함 14명 스카우트를 맡긴다.,걸프전 하락 베팅에서 100억 달러·약 7조 원을 확정하고 SAVE가 월가의 인재 유출을 일으킬 채용력을 증명한다.,제프리를 낚기 위해 평범한 연봉 제안이 아닌 거대한 미래 사업 아이디어를 던져야 한다.,유가 18달러에 청산해 100억 달러를 벌고 D.E 인수 실패 뒤 데이비드가 직원 13명을 빼 와 제프리와 대면한다.,유가 18달러 청산을 지시해 100억 달러를 번 뒤 D.E 인수 제의를 던지고 거절되자 친화력 S급 데이비드에게 제프리 포함 14명 스카우트를 맡긴다; 데이비드가 일주일 만에 14명 중 13명을 데려오고 김민재는 S급 능력 세 가지를 지닌 미래 세계 부자 1위 제프리와 직접 대면한다; 걸프전 하락 베팅에서 100억 달러·약 7조 원을 확정하고 SAVE가 월가의 인재 유출을 일으킬 채용력을 증명한다,유가 청산 100억 달러와 D.E 인재 13명 이탈이 겹쳐 현금 보상·영입 행동·제프리 대면이 균형을 이룬다.,유가 청산 100억 달러와 D.E 인재 13명 이탈이 겹쳐 현금 보상·영입 행동·제프리 대면이 균형을 이룬다.,보상은 실제 지급만 세어 10→9 판정; 훅은 마지막 프레임의 열린 질문만 세어 8→7 판정
9,9화,L1816~L2017,PASS,EDIT,PASS,6,6,7,6,8,9,0.24/0.15/0.32/0.17/0.12,0.24/0.15/0.32/0.17/0.12,냅킨에 고객·셀러·상품·낮은 비용의 선순환을 그려 창업 전액 지원을 약속하고 제프리에게 부사장 전권을 준 뒤 투자 수익의 20~30퍼센트를 직원 성과보수로 책정한다.,제프리·메기와 D.E 프로젝트팀을 통째로 얻고 SAVE의 독자 투자 생산성과 SAT 상위 2퍼센트 성적을 확보한다.,태우그룹 붕괴의 시발점인 퀀텀펀드가 영국 파운드화 공매도 동참을 제안한다.,냅킨 선순환과 메기로 제프리를 영입하지만 그의 혹독한 운영에 직원 이탈 위험이 생겨 20~30퍼센트 성과보수를 준다.,냅킨에 고객·셀러·상품·낮은 비용의 선순환을 그려 창업 전액 지원을 약속하고 제프리에게 부사장 전권을 준 뒤 투자 수익의 20~30퍼센트를 직원 성과보수로 책정한다; 제프리 투입 한 달 만에 김민재 주도 외 투자의 수익이 최소 30퍼센트 늘고 채찍은 제프리·당근은 김민재라는 조직 운영이 정착한다; 제프리·메기와 D.E 프로젝트팀을 통째로 얻고 SAVE의 독자 투자 생산성과 SAT 상위 2퍼센트 성적을 확보한다,냅킨 선순환으로 제프리를 설득하지만 혹독한 운영과 성과보수 갈등이 생겨 관계와 감정 비용이 크다.,제프리는 냅킨에 그린 재투자 선순환을 보고 합류하지만 혹독한 운영 방식과 성과보수 조건에서 곧바로 한정훈과 부딪힌다. 첫 설득의 들뜸이 새 조직 내부의 갈등으로 식어 인재 영입의 비용을 남긴다.,보상은 실제 지급만 세어 7→6 판정; 훅은 마지막 프레임의 열린 질문만 세어 8→9 판정; L1816~L2017 수동 재독; 편집 메타어를 실제 장면·숫자·사람 반응으로 교체; L1816~L2017 수동 재독; 편집 메타어를 실제 장면·숫자·사람 반응으로 교체
10,10화,L2018~L2167,PASS,EDIT,PASS,7,7,8,7,9,6,0.27/0.22/0.30/0.08/0.13,0.27/0.22/0.30/0.08/0.13,"다니엘과 ERM 허점을 논쟁하며 10억 달러 선투자·조지 면담 조건을 제시하고, 조지에게 리라화 다음 공격까지 예측해 60억 달러 투자와 모든 전쟁의 동맹을 약속한다.","퀀텀펀드 장기 동맹, 조지·짐 추천서, 파운드 공격의 마지막 일격 지위와 40억 달러의 독자 운용 여력을 얻는다.",한정훈이 파운드 TF와 퀀텀 대화 채널을 만들고 김민재는 대학 입학 뒤에도 굵직한 투자·영입만 직접 개입하려 한다.,조지에게 리라화 다음 공격을 맞혀 모든 전쟁 동맹과 추천서를 얻고 파운드 공매도 60억 달러 TF를 세운다.,"다니엘과 ERM 허점을 논쟁하며 10억 달러 선투자·조지 면담 조건을 제시하고, 조지에게 리라화 다음 공격까지 예측해 60억 달러 투자와 모든 전쟁의 동맹을 약속한다; 조지가 짐과 자신의 대학 추천서를 써 주고 한정훈은 퀀텀 자료를 분석해 1,100억 달러가 이미 영국을 그로기 상태로 몰았다고 확신한다; 퀀텀펀드 장기 동맹, 조지·짐 추천서, 파운드 공격의 마지막 일격 지위와 40억 달러의 독자 운용 여력을 얻는다",리라화 표적을 맞혀 조지의 추천과 동맹을 얻고 60억 달러 파운드 TF를 세워 정보·관계가 주도한다.,리라화 표적을 맞혀 조지의 추천과 동맹을 얻고 60억 달러 파운드 TF를 세워 정보·관계가 주도한다.,보상은 실제 지급만 세어 8→7 판정; 훅은 마지막 프레임의 열린 질문만 세어 9→6 판정
11,11화,L2168~L2352,PASS,EDIT,PASS,7,7,8,7,8,6,0.21/0.20/0.31/0.20/0.08,0.21/0.20/0.31/0.20/0.08,하버드 경제학과 합격증을 김태중에게 보여 준 뒤 강준기 의원의 신민국당 영입 제안을 상속세·언론 검증·5년 임기 논리로 말리고 YS와 DJ 양쪽 지원을 권한다.,"김태중의 식탁 환대와 하버드 합격 축하, 대통령 출마 철회, 태우그룹 장학재단 설립 승인을 얻는다.",김태중이 장학재단을 만들어 주며 김민재가 돈과 조직의 무게를 직접 느껴 보라고 한다.,하버드 합격으로 김태중을 기쁘게 하고 그의 대선 출마를 막은 뒤 태우그룹 장학재단 운영을 허락받는다.,"하버드 경제학과 합격증을 김태중에게 보여 준 뒤 강준기 의원의 신민국당 영입 제안을 상속세·언론 검증·5년 임기 논리로 말리고 YS와 DJ 양쪽 지원을 권한다; 김민재가 장학재단 기부금 유치와 운영을 자청하자 김태중은 조직 운영의 어려움을 배워 보라며 사실상 첫 경영 시험을 허락한다; 김태중의 식탁 환대와 하버드 합격 축하, 대통령 출마 철회, 태우그룹 장학재단 설립 승인을 얻는다",하버드 합격으로 김태중을 기쁘게 한 뒤 대선 출마를 막고 재단 허락을 받아 조손 관계와 감정이 길다.,하버드 합격으로 김태중을 기쁘게 한 뒤 대선 출마를 막고 재단 허락을 받아 조손 관계와 감정이 길다.,보상은 실제 지급만 세어 8→7 판정; 훅은 마지막 프레임의 열린 질문만 세어 8→6 판정
12,12화,L2353~L2512,PASS,EDIT,PASS,5,5,7,6,8,7,0.34/0.18/0.23/0.07/0.18,0.34/0.18/0.23/0.07/0.18,성적 상위 5퍼센트 빈곤 학생 사진을 직접 심사하고 SAVE 돈으로 청년 창업을 지원하며 한정훈·데이비드에게 검찰·경찰·공무원 명단을 펀드에 가입시키라 한다.,"재단 독립 보고권과 직원 20명, 장학·창업 선발 자료, 월가의 SAVE 명성을 활용한 공직자 펀드 모집 체계를 확보한다.",데이비드가 80명 이상을 모으면 50만 달러를 받는 성과계약 아래 한국 공직자 영입에 착수한다.,200억 원 재단으로 학생·창업자를 선발하고 비주류 공직자 100명을 SAVE 펀드로 묶는 새 라인을 설계한다.,"성적 상위 5퍼센트 빈곤 학생 사진을 직접 심사하고 SAVE 돈으로 청년 창업을 지원하며 한정훈·데이비드에게 검찰·경찰·공무원 명단을 펀드에 가입시키라 한다; 기존 권력 라인을 후원하는 대신 태우가 라인 없는 유능한 사람들의 새 라인이 되고 펀드 수익을 노후 안전망과 충성 축적 장치로 쓰기로 한다; 재단 독립 보고권과 직원 20명, 장학·창업 선발 자료, 월가의 SAVE 명성을 활용한 공직자 펀드 모집 체계를 확보한다",200억 원 장학재단과 비주류 공직자 100명 펀드의 선발 구조를 설명해 정보·제도 설계 비중이 높다.,성적 상위 5퍼센트 빈곤 학생 자료와 200억 원 장학재단의 선발 체계를 직접 점검하고 청년창업 지원까지 넓힌다. 후반에는 라인 없는 검찰·경찰·공무원 명단과 펀드 모집 보상을 설계하지만 실제 가입 인원은 아직 없다.,"보상은 실제 지급만 세어 7→6 판정; 훅은 마지막 프레임의 열린 질문만 세어 8→7 판정; L2353~L2512 수동 재독; 회차 필드 경계 교정, 표본 note를 현재 화 표면으로 교정; L2353~L2512 수동 재독; 회차 필드 경계 교정, 표본 note를 현재 화 표면으로 교정; L2353~L2512 수동 재독; 회차 필드 경계 교정, 표본 note를 현재 화 표면으로 교정; L2353~L2512 수동 재독; 회차 필드 경계 교정, 표본 note를 현재 화 표면으로 교정; L2353~L2512 수동 재독; 회차 필드 경계 교정, 표본 note를 현재 화 표면으로 교정; L2353~L2512 수동 재독; 회차 필드 경계 교정, 표본 note를 현재 화 표면으로 교정; L2353~L2512 수동 재독; 회차 필드 경계 교정, 표본 note를 현재 화 표면으로 교정; L2353~L2512 수동 재독; 회차 필드 경계 교정, 표본 note를 현재 화 표면으로 교정; L2353~L2512 수동 재독; 회차 필드 경계 교정, 표본 note를 현재 화 표면으로 교정; L2353~L2512 수동 재독; 회차 필드 경계 교정, 표본 note를 현재 화 표면으로 교정; L2353~L2512 수동 재독; 회차 필드 경계 교정, 표본 note를 현재 화 표면으로 교정; L2353~L2512 수동 재독; 회차 필드 경계 교정, 표본 note를 현재 화 표면으로 교정"
13,13화,L2513~L2676,PASS,EDIT,PASS,7,7,8,7,8,6,0.23/0.29/0.26/0.12/0.10,0.23/0.29/0.26/0.12/0.10,SAVE의 100억 원을 퀀텀펀드 명의 기부금으로 꾸미고 김태중의 조사를 유도하며 한정훈·퀀텀 관계자에게 미리 맞춘 걸프전 에세이·인턴 설명을 제공한다.,"100억 원 기부금, 김태중·김택훈의 능력 인정, 장학금 지속 자금과 공직자 펀드 가입자 약 30명을 얻는다.",펀드 가입자는 훗날 수익이 수십·수백 배가 되면 SAVE와 김민재의 황금 동아줄임을 알게 된다.,100억 원 퀀텀 명의 기부를 미끼로 김택훈의 미국 조사를 유도해 김태중에게 월가가 인정한 자신의 가치를 각인시킨다.,"SAVE의 100억 원을 퀀텀펀드 명의 기부금으로 꾸미고 김태중의 조사를 유도하며 한정훈·퀀텀 관계자에게 미리 맞춘 걸프전 에세이·인턴 설명을 제공한다; 김택훈의 조사 결과 김민재가 먼저 퀀텀에 접근해 걸프전·유가 전망으로 인정을 받았다는 서사가 확인되어 김태중이 감시 대신 신뢰를 택한다; 100억 원 기부금, 김태중·김택훈의 능력 인정, 장학금 지속 자금과 공직자 펀드 가입자 약 30명을 얻는다",퀀텀 100억 원 기부를 미끼로 김택훈을 움직이고 김태중에게 월가 가치를 입증해 행동·가족 권력관계가 앞선다.,퀀텀 100억 원 기부를 미끼로 김택훈을 움직이고 김태중에게 월가 가치를 입증해 행동·가족 권력관계가 앞선다.,보상은 실제 지급만 세어 8→7 판정; 훅은 마지막 프레임의 열린 질문만 세어 8→6 판정
14,14화,L2677~L2851,PASS,EDIT,PASS,8,8,9,8,9,9,0.29/0.25/0.23/0.08/0.15,0.29/0.25/0.23/0.08/0.15,데이비드에게 클린턴 1천만 달러·푸틴 500만 달러 지원을 맡기고 하버드 조기졸업용 7인 대필·기출 분석팀을 둔 뒤 SAVE에서 조지와 영국 공격을 정산한다.,"공직 펀드 80명 이상, 클린턴·푸틴 미래 연결 착수, 파운드 수익 30억 달러와 하버드 조기졸업 지원팀을 얻는다.",김민재가 한정훈·제프리에게 조지의 배신을 자신만 안다고 밝히며 어떤 선택을 할지 묻는다.,클린턴·푸틴 지원을 지시하고 파운드 전쟁에서 30억 달러를 받은 직후 조지의 프랑화 배신 계획을 간파한다.,"데이비드에게 클린턴 1천만 달러·푸틴 500만 달러 지원을 맡기고 하버드 조기졸업용 7인 대필·기출 분석팀을 둔 뒤 SAVE에서 조지와 영국 공격을 정산한다; 60억 달러 파운드 투자가 50퍼센트·30억 달러 수익으로 끝나지만 김민재는 조지의 다음 마르크 매도·프랑 매수 제안이 월가 뒤통수치기임을 알아챈다; 공직 펀드 80명 이상, 클린턴·푸틴 미래 연결 착수, 파운드 수익 30억 달러와 하버드 조기졸업 지원팀을 얻는다",클린턴·푸틴 지원과 30억 달러 지급 뒤 조지의 프랑화 배신 계획을 읽어 정보와 다음 대응 훅이 강하다.,클린턴·푸틴 지원과 30억 달러 지급 뒤 조지의 프랑화 배신 계획을 읽어 정보와 다음 대응 훅이 강하다.,보상은 실제 지급만 세어 9→8 판정
15,15화,L2852~L3024,PASS,EDIT,PASS,6,6,9,8,9,8,0.20/0.18/0.28/0.17/0.17,0.20/0.18/0.28/0.17/0.17,20억 달러 한도로 조지 발언의 반대 포지션을 잡고 제프리에게 아마존 이름과 창업 전액 지원을 제안하며 데이비드에게 배터리 연구자 지원을 맡긴다.,"푸틴의 감사, 노벨급 배터리 기술 지분 선점, 하버드 3년 졸업과 김태중의 귀국 식탁 환대를 받는다.",기획실 대신 창원 부품공장을 택해 5년 갈아 온 칼을 처음 쓰겠다고 결심한다.,퀀텀 역이용·푸틴 감사·배터리 지원을 배치하고 3년 뒤 하버드를 졸업해 창원 공장 입사를 선택한다.,"20억 달러 한도로 조지 발언의 반대 포지션을 잡고 제프리에게 아마존 이름과 창업 전액 지원을 제안하며 데이비드에게 배터리 연구자 지원을 맡긴다; 푸틴이 `I NEVER FORGET IT`을 보내고 3년 뒤인 1994년 말 김민재가 하버드를 조기졸업해 귀국한다; 푸틴의 감사, 노벨급 배터리 기술 지분 선점, 하버드 3년 졸업과 김태중의 귀국 식탁 환대를 받는다",퀀텀 역이용과 푸틴 감사 뒤 3년을 건너 하버드 졸업·창원 입사를 택해 관계 보상과 새 장소 기대가 높다.,퀀텀 역이용과 푸틴 감사 뒤 3년을 건너 하버드 졸업·창원 입사를 택해 관계 보상과 새 장소 기대가 높다.,보상은 실제 지급만 세어 9→8 판정; 훅은 마지막 프레임의 열린 질문만 세어 9→8 판정
16,16화,L3025~L3210,PASS,EDIT,PASS,6,6,5,4,8,8,0.29/0.27/0.20/0.14/0.10,0.29/0.27/0.20/0.14/0.10,양 대리 안내로 고철장과 총무팀을 돌며 악수해 이 부장 등 전원의 비리 특이사항을 확인하고 관리직 전체에 비싼 회식과 술을 사며 외부 인력에 자료 탈취를 지시한다.,임원들의 경계가 가족 같은 신입이라 착각할 만큼 풀리고 김민재는 현장 비리의 인물·부서·거래 지점을 확보한다.,전 임원과 밤새 술잔을 주고받는 동안 비밀 조사팀이 장부와 컴퓨터 자료에 손댄다.,차장으로 창원 부품공장에 들어가 고철·총무팀 횡령을 확인하고 밤샘 회식 뒤 외부팀을 투입한다.,"양 대리 안내로 고철장과 총무팀을 돌며 악수해 이 부장 등 전원의 비리 특이사항을 확인하고 관리직 전체에 비싼 회식과 술을 사며 외부 인력에 자료 탈취를 지시한다; 자동차 판넬 고철 헐값 매각과 뒷돈, 총무팀 전원의 횡령, 10개가 넘는 공장 비리가 능력치와 전생 수사 기억으로 맞물린다; 임원들의 경계가 가족 같은 신입이라 착각할 만큼 풀리고 김민재는 현장 비리의 인물·부서·거래 지점을 확보한다",차장으로 들어가 고철·총무팀 횡령을 관찰하고 밤샘 회식 뒤 조사팀을 투입해 정보 수집과 잠입 행동이 중심이다.,차장 신분으로 고철·총무팀 횡령을 지켜보다 밤샘 회식이 끝난 순간 조사팀을 들이민다. 오래 참은 잠입이 급습으로 바뀌어 증거가 조직 안에서 실제 힘을 얻는다.,보상은 실제 지급만 세어 5→4 판정; L3025~L3210 수동 재독; 범용 중심·비중 문구를 장면 리듬으로 교체; L3025~L3210 수동 재독; 범용 중심·비중 문구를 장면 리듬으로 교체; L3025~L3210 수동 재독; 범용 중심·비중 문구를 장면 리듬으로 교체; L3025~L3210 수동 재독; 범용 중심·비중 문구를 장면 리듬으로 교체; L3025~L3210 수동 재독; 범용 중심·비중 문구를 장면 리듬으로 교체; L3025~L3210 수동 재독; 범용 중심·비중 문구를 장면 리듬으로 교체; L3025~L3210 수동 재독; 범용 중심·비중 문구를 장면 리듬으로 교체; L3025~L3210 수동 재독; 범용 중심·비중 문구를 장면 리듬으로 교체; L3025~L3210 수동 재독; 범용 중심·비중 문구를 장면 리듬으로 교체; L3025~L3210 수동 재독; 범용 중심·비중 문구를 장면 리듬으로 교체; L3025~L3210 수동 재독; 범용 중심·비중 문구를 장면 리듬으로 교체
17,17화,L3211~L3402,PASS,EDIT,PASS,7,7,5,5,8,7,0.32/0.27/0.23/0.10/0.08,0.32/0.27/0.23/0.10/0.08,사우나에서 기무사 출신 정보력 S급 강인식과 만나 탈취 자료를 검토하고 공장장 팔레트 독점 계획과 경리 한지혜·주영미와의 이중 불륜을 각각 포착한다.,"정보력 S급 강인식과 기관별 에이스 공조, 팔레트 사업·이중 불륜이라는 내부 균열 지점을 얻는다.",김민재는 두 경리 파벌을 서로 적대시켜 내부 자료를 받아 낼 계획을 세운다.,강인식·기관 에이스 팀을 가동하고 팔레트 독점과 공장장·두 경리의 불륜을 찾아낸다.,"사우나에서 기무사 출신 정보력 S급 강인식과 만나 탈취 자료를 검토하고 공장장 팔레트 독점 계획과 경리 한지혜·주영미와의 이중 불륜을 각각 포착한다; 서우태가 퇴직 장 부장의 팔레트 회사 지분 50퍼센트를 받으려 하며 한지혜·주영미 모두와 내연 관계라는 두 약점이 열린다; 정보력 S급 강인식과 기관별 에이스 공조, 팔레트 사업·이중 불륜이라는 내부 균열 지점을 얻는다",팔레트 독점과 공장장·두 경리의 불륜을 연쇄 확인해 비리 정보와 강인식 팀의 추적 행동에 머문다.,팔레트 독점과 공장장·두 경리의 불륜을 연쇄 확인해 비리 정보와 강인식 팀의 추적 행동에 머문다.,훅은 마지막 프레임의 열린 질문만 세어 8→7 판정
18,18화,L3403~L3587,PASS,EDIT,PASS,6,6,6,6,8,7,0.30/0.23/0.16/0.08/0.23,0.30/0.23/0.16/0.08/0.23,강인식에게 10억 원 스카우트비와 5억 원 활동비를 주고 한정훈에게 일본 증시 15퍼센트 이상 하락 시 터지는 100억 달러 파생계약을 확대시킨 뒤 청년경제포럼에 데뷔한다.,"강인식의 충성, 일본 기업·은행의 대규모 파생계약과 재계 후계자 첫 공식 인맥을 확보한다. 구체 표적 가문은 아직 고르지 않았다.",재벌 후계자 포럼의 우호적 얼굴들 중 누구를 갈라 계열사를 먹을지 사냥을 시작한다.,강인식 조사비를 지급하고 일본 폭락 파생상품 100억 달러와 재벌 후계 분열 표적 다섯 곳을 배치한다.,"강인식에게 10억 원 스카우트비와 5억 원 활동비를 주고 한정훈에게 일본 증시 15퍼센트 이상 하락 시 터지는 100억 달러 파생계약을 확대시킨 뒤 청년경제포럼에 데뷔한다; SAVE 자금이 150억 달러에서 360억 달러로 컸고 김민재는 청년경제포럼의 재벌 2·3세들 가운데 승계 분쟁을 일으킬 표적을 찾는다; 강인식의 충성, 일본 기업·은행의 대규모 파생계약과 재계 후계자 첫 공식 인맥을 확보한다. 구체 표적 가문은 아직 고르지 않았다",조사비를 지급하면서 일본 파생 100억 달러와 다섯 재벌 승계 표적을 배치해 전략 정보와 자금 규모가 앞선다.,조사비를 지급하면서 일본 파생 100억 달러를 늘리고 청년경제포럼의 재벌 2·3세들을 다음 승계 표적으로 바라본다. 구체 가문과 계열사는 아직 고르지 않아 전략 정보와 자금 규모만 앞선다.,"훅은 마지막 프레임의 열린 질문만 세어 8→7 판정; L3403~L3587 수동 재독; 회차 필드 경계 교정, 표본 note를 현재 화 표면으로 교정; L3403~L3587 수동 재독; 회차 필드 경계 교정, 표본 note를 현재 화 표면으로 교정; L3403~L3587 수동 재독; 회차 필드 경계 교정, 표본 note를 현재 화 표면으로 교정; L3403~L3587 수동 재독; 회차 필드 경계 교정, 표본 note를 현재 화 표면으로 교정; L3403~L3587 수동 재독; 회차 필드 경계 교정, 표본 note를 현재 화 표면으로 교정; L3403~L3587 수동 재독; 회차 필드 경계 교정, 표본 note를 현재 화 표면으로 교정; L3403~L3587 수동 재독; 회차 필드 경계 교정, 표본 note를 현재 화 표면으로 교정; L3403~L3587 수동 재독; 회차 필드 경계 교정, 표본 note를 현재 화 표면으로 교정"
19,19화,L3588~L3812,PASS,EDIT,PASS,7,7,7,6,8,8,0.21/0.31/0.28/0.13/0.07,0.21/0.31/0.28/0.13/0.07,고영준의 장자승계 불만을 부추길 친분을 만들고 현재·현진 왕자의 난 당사자들과 연결한 뒤 불륜 사진을 각 경리에게 보여 서로 배신당했다고 믿게 한다.,"공장 내부 핵심 회계 자료와 경리 두 명의 협조, 다섯 경쟁그룹 후계자에 대한 장기 접근점을 확보한다.",강인식이 국세청·경찰·검찰 에이스를 움직여 내부 자료를 법적 증거로 전환한다.,고영준 등에게 승계 분쟁 씨앗을 심고 불륜 이간질로 한지혜·주영미에게 이중장부와 팔레트 자료를 받는다.,"고영준의 장자승계 불만을 부추길 친분을 만들고 현재·현진 왕자의 난 당사자들과 연결한 뒤 불륜 사진을 각 경리에게 보여 서로 배신당했다고 믿게 한다; 한지혜가 이중장부 20봉투를, 주영미가 팔레트 회사 계약·공모 임직원 자료를 자발적으로 내놓는다; 공장 내부 핵심 회계 자료와 경리 두 명의 협조, 다섯 경쟁그룹 후계자에 대한 장기 접근점을 확보한다",후계 분쟁 씨앗과 불륜 이간질을 실행해 한지혜·주영미에게 장부를 받아 행동과 관계 조작이 두드러진다.,후계 분쟁 씨앗과 불륜 이간질을 실행해 한지혜·주영미에게 장부를 받아 행동과 관계 조작이 두드러진다.,보상은 실제 지급만 세어 7→6 판정
20,20화,L3813~L4009,PASS,EDIT,PASS,8,8,8,7,9,8,0.18/0.39/0.18/0.15/0.10,0.18/0.39/0.18/0.15/0.10,청담동 술집 난동·눈물을 연기해 김택훈에게 수사 지원을 얻고 압수영장 발부 즉시 세 기관을 투입해 서우태의 횡령·하청 독점 계약을 김태중 이름으로 언론에 고발한다.,서우태 형사처리와 재벌 3세의 공개 내부고발 주도권을 얻는다.,김태중이 손자가 자기 이름을 걸고 일을 키운 기자회견을 어떻게 받아들일지가 남는다.,술집 난동 연기로 김택훈을 움직여 세 기관 압수수색과 재벌 3세 기자회견으로 서우태를 공개 고발한다.,"청담동 술집 난동·눈물을 연기해 김택훈에게 수사 지원을 얻고 압수영장 발부 즉시 세 기관을 투입해 서우태의 횡령·하청 독점 계약을 김태중 이름으로 언론에 고발한다; 불륜 사진 앞에서 서우태가 무릎을 꿇고, 재벌 3세의 첫 내부고발이라는 뉴스가 전국 기자들의 관심을 장악한다; 서우태 형사처리와 재벌 3세의 공개 내부고발 주도권을 얻는다",술집 난동 연기·압수수색·기자회견으로 서우태를 공개 고발하는 연속 행동이 회차 대부분을 차지한다.,술집 난동 연기·압수수색·기자회견으로 서우태를 공개 고발하는 연속 행동이 회차 대부분을 차지한다.,보상은 실제 지급만 세어 8→7 판정; 훅은 마지막 프레임의 열린 질문만 세어 9→8 판정
21,21화,L4010~L4174,PASS,EDIT,PASS,9,9,8,7,9,10,0.16/0.28/0.27/0.20/0.09,0.16/0.28/0.27/0.20/0.09,`좋은 게 좋은 것`이라는 김태중 논리에 태우 몰락의 원인을 말하고 자신을 공신을 자를 이방원에 비유하며 지원을 끊겠다는 협박에도 독립 성공 능력으로 맞선다.,"공식 감사권·부사장급 지위와 김태중의 조건부 전권, 한정훈의 돈다발 갑옷 지원을 얻는다.",SAVE의 일본 파생상품 계약 직후 규모 7.3 고베 대지진 속보가 터진다.,태우를 버릴 수 있다는 배수진으로 김태중과 맞서 그룹 감사팀 본부장 자리를 얻고 고베 대지진을 맞는다.,"`좋은 게 좋은 것`이라는 김태중 논리에 태우 몰락의 원인을 말하고 자신을 공신을 자를 이방원에 비유하며 지원을 끊겠다는 협박에도 독립 성공 능력으로 맞선다; 김태중이 계열사 부사장급인 그룹 감사팀 본부장을 맡기고 태우를 버리지 말라는 약속만 요구한다; 공식 감사권·부사장급 지위와 김태중의 조건부 전권, 한정훈의 돈다발 갑옷 지원을 얻는다",태우를 버릴 수 있다는 배수진으로 김태중과 충돌해 감사본부장 자리를 얻고 고베 지진 훅으로 급전한다.,태우를 버릴 수 있다는 배수진으로 김태중과 충돌해 감사본부장 자리를 얻고 고베 지진 훅으로 급전한다.,보상은 실제 지급만 세어 8→7 판정; 훅은 마지막 프레임의 열린 질문만 세어 9→10 판정
22,22화,L4175~L4371,PASS,EDIT,PASS,7,7,8,7,9,8,0.31/0.21/0.25/0.08/0.15,0.31/0.21/0.25/0.08/0.15,"김택훈에게 이준수 상무와 명동 4인방의 연결 자료를 받아 강인식에게 넘기고, 한국에 온 조지에게 150억 달러 중 절반인 75억 달러 계약을 120억 달러와 원하는 지분에 팔겠다고 제안한다.","이준수의 사촌이 명동 4인방이라는 핵심 정보, 김택훈의 실질 지원, 퀀텀의 일본 공동공격 의사를 얻는다.",김민재가 돈으로도 사기 힘든 회사 지분을 파생계약의 대가로 요구한다.,고베 파생이 발동하고 이준수-정수철-명동 연결을 파악한 뒤 조지에게 75억 달러 계약과 희귀 지분 교환을 제안한다.,"김택훈에게 이준수 상무와 명동 4인방의 연결 자료를 받아 강인식에게 넘기고, 한국에 온 조지에게 150억 달러 중 절반인 75억 달러 계약을 120억 달러와 원하는 지분에 팔겠다고 제안한다; 조지가 김민재의 엔화 사냥을 알아보고 찾아오며 월가와 함께하면 수익을 2배가 아니라 3~5배로 키울 수 있다고 협상이 열린다; 이준수의 사촌이 명동 4인방이라는 핵심 정보, 김택훈의 실질 지원, 퀀텀의 일본 공동공격 의사를 얻는다",고베 수익 조건과 이준수·정수철·명동 연결을 읽고 조지에게 75억 달러·희귀 지분을 제시해 정보 협상이 길다.,고베 수익 조건과 이준수·명동 연결을 읽고 조지에게 75억 달러 파생상품과 돈으로 사기 힘든 기업지분의 교환을 제시한다. 감사팀의 다른 인물과 실제 지분 대상은 아직 이름을 주지 않아 정보 협상이 길다.,"보상은 실제 지급만 세어 8→7 판정; 훅은 마지막 프레임의 열린 질문만 세어 9→8 판정; L4175~L4371 수동 재독; 회차 필드 경계 교정, 표본 note를 현재 화 표면으로 교정; L4175~L4371 수동 재독; 회차 필드 경계 교정, 표본 note를 현재 화 표면으로 교정; L4175~L4371 수동 재독; 회차 필드 경계 교정, 표본 note를 현재 화 표면으로 교정; L4175~L4371 수동 재독; 회차 필드 경계 교정, 표본 note를 현재 화 표면으로 교정; L4175~L4371 수동 재독; 회차 필드 경계 교정, 표본 note를 현재 화 표면으로 교정; L4175~L4371 수동 재독; 회차 필드 경계 교정, 표본 note를 현재 화 표면으로 교정; L4175~L4371 수동 재독; 회차 필드 경계 교정, 표본 note를 현재 화 표면으로 교정; L4175~L4371 수동 재독; 회차 필드 경계 교정, 표본 note를 현재 화 표면으로 교정"
23,23화,L4372~L4561,PASS,EDIT,PASS,6,6,9,8,8,7,0.22/0.17/0.24/0.07/0.30,0.22/0.17/0.24/0.07/0.30,"파생계약을 120억 달러와 애플·포드 각 20퍼센트 지분에 넘기고, 다섯 감사팀장에게 창원 비리 윗선을 찾으라 압박하며 정수철의 이준수 동창 관계와 아파트 세 채를 확인한다.","장기 100억 달러 이상 가치로 보는 애플·포드 지분, 감사팀 100명의 공식 지휘권과 정수철 부패 단서를 확보한다.",정수철의 재산과 이준수 관계를 캐며 `고양이에게 생선`인 감사팀부터 무너뜨릴 필요가 생긴다.,애플·포드 각 20퍼센트 지분을 얻고 감사팀 첫날 정수철의 이준수 유착과 수상한 재산을 확인한다.,"파생계약을 120억 달러와 애플·포드 각 20퍼센트 지분에 넘기고, 다섯 감사팀장에게 창원 비리 윗선을 찾으라 압박하며 정수철의 이준수 동창 관계와 아파트 세 채를 확인한다; 월가 보호막과 정치 후원을 이용하면 장기 지분을 살 수 있고, 감사팀 자체가 이준수의 비리를 덮어 온 고양이임이 드러난다; 장기 100억 달러 이상 가치로 보는 애플·포드 지분, 감사팀 100명의 공식 지휘권과 정수철 부패 단서를 확보한다",애플·포드 각 20퍼센트 지분을 받은 직후 정수철 재산을 살펴 자산 보상과 새 감사 표적이 중심이다.,애플·포드 지분 각 20퍼센트를 받은 직후 정수철의 재산내역을 펼친다. 큰 자산 지급을 축하할 틈 없이 다음 감사 표적을 고르는 건조한 전환이 회차를 당긴다.,보상은 실제 지급만 세어 9→8 판정; 훅은 마지막 프레임의 열린 질문만 세어 8→7 판정; L4372~L4561 수동 재독; 범용 중심·비중 문구를 장면 리듬으로 교체; L4372~L4561 수동 재독; 범용 중심·비중 문구를 장면 리듬으로 교체; L4372~L4561 수동 재독; 범용 중심·비중 문구를 장면 리듬으로 교체; L4372~L4561 수동 재독; 범용 중심·비중 문구를 장면 리듬으로 교체; L4372~L4561 수동 재독; 범용 중심·비중 문구를 장면 리듬으로 교체; L4372~L4561 수동 재독; 범용 중심·비중 문구를 장면 리듬으로 교체; L4372~L4561 수동 재독; 범용 중심·비중 문구를 장면 리듬으로 교체; L4372~L4561 수동 재독; 범용 중심·비중 문구를 장면 리듬으로 교체; L4372~L4561 수동 재독; 범용 중심·비중 문구를 장면 리듬으로 교체; L4372~L4561 수동 재독; 범용 중심·비중 문구를 장면 리듬으로 교체; L4372~L4561 수동 재독; 범용 중심·비중 문구를 장면 리듬으로 교체
24,24화,L4562~L4738,EDIT,EDIT,PASS,6,6,7,6,7,7,0.22/0.25/0.35/0.10/0.08,0.22/0.25/0.35/0.10/0.08,A급 판단·수사 능력에 비리 특이사항이 없는 윤일섭 차장을 팀장으로 올리고 각 팀의 깨끗한 직원 세 명씩을 차출해 창원 TF를 구성한다.,독립 TF·윤일섭이라는 내부 감사 칼날과 인사팀·비서실이 인정한 본부장 재량권을 얻는다.,윤일섭의 충성과 김민재 직속 TF가 창원 공장에서 정수철·이준수 라인의 비협조를 실제로 뚫을 수 있는가?,정수철의 고립 지시를 무시하고 깨끗한 윤일섭을 승진시켜 창원 공장 직속 TF를 만든다.,A급 판단·수사 능력에 비리 특이사항이 없는 윤일섭 차장을 팀장으로 올리고 각 팀의 깨끗한 직원 세 명씩을 차출해 창원 TF를 구성한다; 약점이 없어 승진에서 배제됐던 윤일섭이 성과와 인사고과를 김민재가 책임진다는 조건에 충성을 약속한다; 독립 TF·윤일섭이라는 내부 감사 칼날과 인사팀·비서실이 인정한 본부장 재량권을 얻는다,정수철의 고립 지시를 거슬러 윤일섭을 승진시키고 창원 직속 TF를 만들어 인사 관계 변화가 가장 크다.,정수철이 고립시키려 한 윤일섭을 오히려 승진시키고 창원 직속 TF를 세운다. 한 사람을 살리는 인사 결정이 기존 감사선과 다른 독립 수사조직으로 굳어진다.,보상은 실제 지급만 세어 7→6 판정; L4562~L4738 수동 재독; 편집 메타어를 실제 장면·숫자·사람 반응으로 교체; L4562~L4738 수동 재독; 편집 메타어를 실제 장면·숫자·사람 반응으로 교체
25,25화,L4739~L4931,EDIT,EDIT,PASS,7,7,5,5,9,8,0.36/0.18/0.25/0.11/0.10,0.36/0.18/0.25/0.11/0.10,환수금 10퍼센트·감사팀 내부비리 30퍼센트 성과금과 최우수 인사고과를 공표하고 윤일섭·강인식을 공조시켜 박권흠 공장장을 면담한다.,"채용 뇌물 2천만~4천만 원·노조 상납 증거, 감사팀 분열의 씨앗, 창원 공장 실권 구조를 얻는다.",명동 차입금을 갚기 전까지 김태중도 손쓸 수 없는 창원 공장의 실권을 어떻게 되찾을 것인가?,성과금·내부고발로 감사팀을 흔들고 창원 공장이 명동 돈 4천억 원에 지배된다는 박권흠의 설명을 듣는다.,"환수금 10퍼센트·감사팀 내부비리 30퍼센트 성과금과 최우수 인사고과를 공표하고 윤일섭·강인식을 공조시켜 박권흠 공장장을 면담한다; 박권흠은 창원 공장이 명동 사채자금으로 지어졌고 김태중이 빚 상환보다 확장을 택해 공장을 빼앗긴 셈이 됐다고 밝힌다; 채용 뇌물 2천만~4천만 원·노조 상납 증거, 감사팀 분열의 씨앗, 창원 공장 실권 구조를 얻는다",성과금·내부고발책 뒤 박권흠에게 창원 공장이 명동 4천억 원에 묶였다는 구조를 듣는 정보 회차다.,"환수금 10퍼센트·내부비리 30퍼센트 성과금 공지가 감사팀의 침묵을 깨고 윤일섭과 강인식을 움직인다. 박권흠 면담에서 채용 뇌물 2천만~4천만 원과 명동 돈 4천억 원에 묶인 창원공장 실권이 드러나며, 후반의 구조 폭로가 더 긴 잔상을 남긴다.","훅은 마지막 프레임의 열린 질문만 세어 9→8 판정; L4739~L4931 수동 재독; 점수·리본 유지, 기계적 note만 장면별 편집문으로 교체; L4739~L4931 수동 재독; 기계적 note를 장면별 편집문으로 교체; L4739~L4931 수동 재독; 기계적 note를 장면별 편집문으로 교체; L4739~L4931 수동 재독; 기계적 note를 장면별 편집문으로 교체; L4739~L4931 수동 재독; 기계적 note를 장면별 편집문으로 교체; L4739~L4931 수동 재독; 기계적 note를 장면별 편집문으로 교체; L4739~L4931 수동 재독; 기계적 note를 장면별 편집문으로 교체; L4739~L4931 수동 재독; 기계적 note를 장면별 편집문으로 교체; L4739~L4931 수동 재독; 기계적 note를 장면별 편집문으로 교체; L4739~L4931 수동 재독; 기계적 note를 장면별 편집문으로 교체; L4739~L4931 수동 재독; 기계적 note를 장면별 편집문으로 교체; L4739~L4931 수동 재독; 기계적 note를 장면별 편집문으로 교체; L4739~L4931 수동 재독; 기계적 note를 장면별 편집문으로 교체"
26,26화,L4932~L5107,PASS,EDIT,PASS,7,7,7,6,8,8,0.26/0.27/0.19/0.06/0.22,0.26/0.27/0.19/0.06/0.22,CT은행을 앞세운 대환을 설계하고 윤일섭·강인식에게 노조 간부 포섭을 맡기며 특수부대 출신 50~100명 규모의 정식 경호회사를 만들라고 한다.,"명동 빚 상환 수단, 윤일섭·강인식 비밀 사무실, 첫 50명 이상 경호·정보 전력을 확보한다.",이준수를 서울 조사실로 불러 명동과의 전쟁을 공식 선포할 준비가 끝난다.,"CT를 통한 4천억 대환, 노조 포섭, 특수부대 50~100명 경호회사로 명동과 싸울 돈·증거·안전을 갖춘다.","CT은행을 앞세운 대환을 설계하고 윤일섭·강인식에게 노조 간부 포섭을 맡기며 특수부대 출신 50~100명 규모의 정식 경호회사를 만들라고 한다; SAVE 주거래 관계와 자신의 돈을 CT은행 이름으로 쓰면 4천억을 마련할 수 있고 북파공작원 등 버려진 특수부대 인재가 평생 직장을 얻는다; 명동 빚 상환 수단, 윤일섭·강인식 비밀 사무실, 첫 50명 이상 경호·정보 전력을 확보한다",CT 대환과 노조 포섭·특수부대 경호사를 동시에 준비해 실행 수단과 돈·안전장치에 무게가 간다.,CT 대환과 노조 포섭·특수부대 경호사를 동시에 준비해 실행 수단과 돈·안전장치에 무게가 간다.,보상은 실제 지급만 세어 7→6 판정
27,27화,L5108~L5302,PASS,EDIT,PASS,8,8,5,5,8,7,0.19/0.38/0.25/0.11/0.07,0.19/0.38/0.25/0.11/0.07,"본부장실에서 비리 선물세트를 열거하고 명동 앞잡이라 도발하며, 파업 공지가 뜨자 강인식에게 이준수·노조 간부 실상을 담은 삐라와 회유한 배 반장 소문전을 지시한다.","이준수의 선전포고와 파업까지 보이는 공격 명분, 특수부대 경호 30명, 공장 내 반대 여론을 얻는다.",노동자들이 파업이 회장 대 이준수의 싸움이라는 소문을 믿기 시작한다.,이준수를 명동 앞잡이라 도발해 노조 파업을 끌어내고 삐라·배 반장 소문전으로 현장을 흔든다.,"본부장실에서 비리 선물세트를 열거하고 명동 앞잡이라 도발하며, 파업 공지가 뜨자 강인식에게 이준수·노조 간부 실상을 담은 삐라와 회유한 배 반장 소문전을 지시한다; 이준수가 본색을 드러내고 노조 파업을 지시함으로써 명동-상무-노조의 결합이 공개되며 배 반장의 말이 현장 신뢰를 얻는다; 이준수의 선전포고와 파업까지 보이는 공격 명분, 특수부대 경호 30명, 공장 내 반대 여론을 얻는다",이준수를 도발하고 삐라·배 반장 소문전으로 파업을 끌어내는 현장 행동과 군중 관계가 지배한다.,이준수를 일부러 자극하고 삐라와 배 반장 소문을 퍼뜨려 파업을 끌어낸다. 조용한 장부조사가 군중이 움직이는 현장전으로 바뀌면서 이준수 쪽이 먼저 모습을 드러낸다.,훅은 마지막 프레임의 열린 질문만 세어 8→7 판정; L5108~L5302 수동 재독; 편집 메타어를 실제 장면·숫자·사람 반응으로 교체; L5108~L5302 수동 재독; 편집 메타어를 실제 장면·숫자·사람 반응으로 교체
28,28화,L5303~L5469,PASS,EDIT,PASS,8,8,8,7,8,7,0.18/0.36/0.22/0.10/0.14,0.18/0.36/0.22/0.10/0.14,배 반장을 중심으로 회장·태우를 지키는 파벌을 만들고 폭행·제품횡령 노조 간부를 경찰에 넘기며 술·밥값을 지원하고 김민재 자신도 현장 구심점으로 방문한다.,"첫 현장 파업 승리와 반이준수 노조·직원 기반, 김민재 후계자 구심점의 가시적 효과를 얻는다.",이준수는 박진훈 파벌이 김민재를 교육해 줄 것이라 믿고 사장단 회의 역공을 준비한다.,반대 파벌과 노조 간부 사법처리로 파업 투표를 반대 51퍼센트로 무산시키지만 박진훈 사장단이 남는다.,"배 반장을 중심으로 회장·태우를 지키는 파벌을 만들고 폭행·제품횡령 노조 간부를 경찰에 넘기며 술·밥값을 지원하고 김민재 자신도 현장 구심점으로 방문한다; 이준수 측이 파업으로 지켜 준 노조 간부를 구하지 않자 균열이 나고 찬반투표가 반대 51퍼센트로 무산된다; 첫 현장 파업 승리와 반이준수 노조·직원 기반, 김민재 후계자 구심점의 가시적 효과를 얻는다",노조 간부 사법처리와 반대 파벌 결집으로 반대 51퍼센트를 만들어 투표 행동과 수치 보상이 솟는다.,노조 간부 사법처리와 반대 파벌 결집으로 반대 51퍼센트를 만들어 투표 행동과 수치 보상이 솟는다.,보상은 실제 지급만 세어 8→7 판정; 훅은 마지막 프레임의 열린 질문만 세어 8→7 판정
29,29화,L5470~L5654,PASS,EDIT,PASS,7,7,6,6,9,8,0.24/0.20/0.36/0.12/0.08,0.24/0.20/0.36/0.12/0.08,"채용비리·불량품 매각·하청 횡령 증거를 차례로 내밀어 네 번의 변명을 누적시키고, 이준수가 명동 가문이 공장을 감시한다고 폭언하자 4천억을 갚으면 떠나겠다는 말을 끌어낸다.",사장단 다수의 이준수 불신과 `4천억 상환 시 떠난다`는 공개 약속을 얻는다.,한동구가 CT은행이 4천억 원을 대출하겠다고 발표한다.,이준수의 네 번 변명과 명동 오만을 쌓아 사장단 자존심을 돌린 뒤 CT은행 법인장을 회의장에 들인다.,"채용비리·불량품 매각·하청 횡령 증거를 차례로 내밀어 네 번의 변명을 누적시키고, 이준수가 명동 가문이 공장을 감시한다고 폭언하자 4천억을 갚으면 떠나겠다는 말을 끌어낸다; 이준수가 태우를 명동 소유처럼 말해 부회장과 사장단의 자존심을 자극하고 CT은행 한동구가 회의장에 들어온다; 사장단 다수의 이준수 불신과 `4천억 상환 시 떠난다`는 공개 약속을 얻는다",이준수의 변명과 명동 오만을 노출해 사장단 마음을 돌리고 CT 법인장을 들여 관계 전환에 오래 머문다.,이준수의 변명과 명동 오만을 노출해 사장단 마음을 돌리고 CT 법인장을 들여 관계 전환에 오래 머문다.,훅은 마지막 프레임의 열린 질문만 세어 9→8 판정
30,30화,L5655~L5818,PASS,EDIT,PASS,8,8,9,8,8,7,0.17/0.29/0.21/0.08/0.25,0.17/0.29/0.21/0.08/0.25,"SAVE 360억 달러 주거래와 자기 돈을 담보로 CT 이름의 5년 저리대출을 만들고, 이준수가 달아난 뒤 김택훈과 광화문 고택을 찾아 이선일에게 5년 안에 명동 주인으로 만들겠다고 말한다.","창원 사채빚 상환 수단과 이준수 축출 명분, 이선일과 직접 독대할 급을 확보한다.",이선일이 현재·삼진 회장도 못 할 명동 통일 약속이라며 명동이 우스워 보이냐고 시험한다.,CT 저리대출로 명동 4천억을 갚아 이준수를 몰아내고 광화문 곰에게 5년 내 명동 통일을 제안한다.,"SAVE 360억 달러 주거래와 자기 돈을 담보로 CT 이름의 5년 저리대출을 만들고, 이준수가 달아난 뒤 김택훈과 광화문 고택을 찾아 이선일에게 5년 안에 명동 주인으로 만들겠다고 말한다; CT가 미국과 국제분쟁을 방패로 명동 협박을 막고 이준수는 공개 약속대로 창원 공장에서 물러날 수밖에 없게 된다; 창원 사채빚 상환 수단과 이준수 축출 명분, 이선일과 직접 독대할 급을 확보한다",CT 저리대출로 명동 4천억을 갚고 이준수를 끌어내린 뒤 광화문 곰에게 통일을 제안해 행동·지위 보상이 크다.,CT은행 저리대출로 명동 차입금 4천억 원을 갚고 이준수를 공장에서 끌어낸다. 곧바로 광화문 곰을 찾아 통일 문제를 꺼내 실물 승리가 다음 정치·북방 거래로 이어진다.,보상은 실제 지급만 세어 9→8 판정; 훅은 마지막 프레임의 열린 질문만 세어 8→7 판정; L5655~L5818 수동 재독; 편집 메타어를 실제 장면·숫자·사람 반응으로 교체; L5655~L5818 수동 재독; 편집 메타어를 실제 장면·숫자·사람 반응으로 교체
31,31화,L5819~L6005,PASS,EDIT,PASS,6,6,6,5,9,7,0.20/0.18/0.31/0.18/0.13,0.20/0.18/0.31/0.18/0.13,금융실명제 뒤 명동 쇠퇴와 외환위기를 암시해 이선일의 결심을 끌어내고 윤일섭에게 47명 감봉·해고·형사조치를 지시한다.,명동 간섭 제거·47명 숙청과 감사팀 개혁 성과를 얻지만 기술연구소장으로 밀어낼 사장단 합의가 생긴다.,박진훈이 태우전자 기술연구소장 승진안을 김태중 귀국 사장단 회의에 올리기로 한다.,이선일이 이준수를 거두고 창원 47명이 징계되자 사장단은 김민재를 기술연구소로 보내려 모의한다.,"금융실명제 뒤 명동 쇠퇴와 외환위기를 암시해 이선일의 결심을 끌어내고 윤일섭에게 47명 감봉·해고·형사조치를 지시한다; 이선일이 손을 잡기로 속으로 정하고 이준수를 박 군에게 끌고 가게 하며, 창원 공장 비리 인원 47명이 게시판에 징계된다; 명동 간섭 제거·47명 숙청과 감사팀 개혁 성과를 얻지만 기술연구소장으로 밀어낼 사장단 합의가 생긴다",이선일이 이준수를 거두고 47명 징계가 확정된 뒤 사장단이 연구소 유배를 모의해 관계 후폭풍과 다음 훅이 높다.,이선일이 이준수를 거두고 47명 징계가 확정된 뒤 사장단이 연구소 유배를 모의해 관계 후폭풍과 다음 훅이 높다.,보상은 실제 지급만 세어 6→5 판정; 훅은 마지막 프레임의 열린 질문만 세어 9→7 판정
32,32화,L6006~L6176,PASS,PASS,PASS,5,5,7,7,8,8,0.28/0.18/0.31/0.08/0.15,0.28/0.18/0.31/0.08/0.15,윤일섭 TF의 정식 감사6팀 승격과 부장 승진을 받아낸 뒤 기술연구소 독립권·경제연구소 총괄·20명 자기선발을 조건으로 박진훈의 제안을 수락한다.,"통합 총괄소장 지위, 연구소 독립성과 인사 20명, 윤일섭의 정식 팀·승진을 모두 얻는다.",후쿠다에게 태우그룹 차입금 문제 보고서에 동의한다고 일본어로 말해 폐기된 경고를 되살린다.,기술·경제연구소 통합과 독립성·20명 채용권을 받아내고 차입금 경고자 후쿠다를 만난다.,"윤일섭 TF의 정식 감사6팀 승격과 부장 승진을 받아낸 뒤 기술연구소 독립권·경제연구소 총괄·20명 자기선발을 조건으로 박진훈의 제안을 수락한다; 사장단이 김민재를 감사에서 쫓아내려 모든 조건을 수락하고, 김민재는 차입금 위험 보고서를 쓴 일본인 후쿠다 고문을 찾아낸다; 통합 총괄소장 지위, 연구소 독립성과 인사 20명, 윤일섭의 정식 팀·승진을 모두 얻는다",연구소 독립성과 20명 채용권을 받아 후쿠다를 만나므로 조직 조건과 새 인재 관계가 중심이다.,연구소 독립성과 20명 채용권을 확보한 뒤 후쿠다를 직접 만난다. 조직의 빈칸을 채울 첫 인재 앞에서 조건표가 사람의 선택 문제로 바뀐다.,기존 점수·리본 유지; 원문 하드 경계와 인접 회차 대비 재확인; L6006~L6176 수동 재독; 범용 중심·비중 문구를 장면 리듬으로 교체; L6006~L6176 수동 재독; 범용 중심·비중 문구를 장면 리듬으로 교체; L6006~L6176 수동 재독; 범용 중심·비중 문구를 장면 리듬으로 교체; L6006~L6176 수동 재독; 범용 중심·비중 문구를 장면 리듬으로 교체; L6006~L6176 수동 재독; 범용 중심·비중 문구를 장면 리듬으로 교체; L6006~L6176 수동 재독; 범용 중심·비중 문구를 장면 리듬으로 교체; L6006~L6176 수동 재독; 범용 중심·비중 문구를 장면 리듬으로 교체; L6006~L6176 수동 재독; 범용 중심·비중 문구를 장면 리듬으로 교체; L6006~L6176 수동 재독; 범용 중심·비중 문구를 장면 리듬으로 교체; L6006~L6176 수동 재독; 범용 중심·비중 문구를 장면 리듬으로 교체; L6006~L6176 수동 재독; 범용 중심·비중 문구를 장면 리듬으로 교체
33,33화,L6177~L6342,PASS,EDIT,PASS,6,6,7,6,8,6,0.32/0.22/0.22/0.06/0.18,0.32/0.22/0.22/0.06/0.18,칠판에서 조선·중공업·전자까지 X표를 치고 태우자동차 중심 재편·현금 축적·태우전자 성과 후 조기 지분상속 계획을 밝힌 뒤 연구원 20명과 새 인력 20명을 특허팀에 둔다.,"S급 예측가 후쿠다와 첫 구체 생존 청사진, 40명 규모 특허 전담조직의 인력·권한을 확보한다.",주광일이 왜 기술연구소에 변호사와 디자이너가 필요한지 납득하지 못한 채 20명 배치를 시작한다.,후쿠다에게 계열사 30개 이상 매각과 태우자동차 중심 재편안을 밝히고 40명 특허팀을 만든다.,"칠판에서 조선·중공업·전자까지 X표를 치고 태우자동차 중심 재편·현금 축적·태우전자 성과 후 조기 지분상속 계획을 밝힌 뒤 연구원 20명과 새 인력 20명을 특허팀에 둔다; 후쿠다가 미치광이 계획에 동참해 희망적인 미래산업 보고서를 쓰고, 김민재가 특허변호사·외국인·디자이너 영입 명단을 제시한다; S급 예측가 후쿠다와 첫 구체 생존 청사진, 40명 규모 특허 전담조직의 인력·권한을 확보한다",30개 계열사 매각·자동차 중심 재편을 밝히고 40명 특허팀을 꾸려 전략 정보와 조직 구축에 체류한다.,30개 계열사 매각·자동차 중심 재편을 밝히고 40명 특허팀을 꾸려 전략 정보와 조직 구축에 체류한다.,보상은 실제 지급만 세어 7→6 판정; 훅은 마지막 프레임의 열린 질문만 세어 8→6 판정
34,34화,L6343~L6525,PASS,EDIT,PASS,6,6,8,7,8,7,0.24/0.20/0.39/0.08/0.09,0.24/0.20/0.39/0.08/0.09,윌머헤일의 IP변호사 박준일 등 해외 태우장학생을 귀국시키고 애플 디자이너 조나단에게 메시지패드 중간단계인 폴더·슬라이드·스마트폰 스케치를 보여 1년 합류를 약속받는다.,"세계급 특허변호사·조나단, 50명 가까운 국제 특허팀과 출원당 500만~3천만 원·수익 5~30퍼센트 제도를 얻는다.",연구원들이 김민재의 방대한 폴더폰·스마트폰 아이디어를 노다지로 보고 먼저 특허를 잡으려 경쟁한다.,박준일·해외 장학생과 애플 디자이너 조나단을 영입해 50명 국제 특허팀과 폰 디자인 경쟁을 시작한다.,"윌머헤일의 IP변호사 박준일 등 해외 태우장학생을 귀국시키고 애플 디자이너 조나단에게 메시지패드 중간단계인 폴더·슬라이드·스마트폰 스케치를 보여 1년 합류를 약속받는다; 김민재가 SAVE 실소유와 애플 지분 20퍼센트를 공개하고 조나단의 미니멀리즘을 정확히 짚어 실패한 디자이너가 아닌 성공자로 돌려보내겠다고 설득한다; 세계급 특허변호사·조나단, 50명 가까운 국제 특허팀과 출원당 500만~3천만 원·수익 5~30퍼센트 제도를 얻는다",박준일·장학생·조나단을 50명 특허팀에 묶고 폰 디자인 경쟁을 시작해 인재 관계가 가장 크다.,박준일·장학생·조나단을 50명 특허팀에 묶고 폰 디자인 경쟁을 시작한다. 연구소의 빈자리가 이름 있는 사람과 팀으로 채워지며 기술개발이 실제 조직의 속도를 얻는다.,보상은 실제 지급만 세어 8→7 판정; 훅은 마지막 프레임의 열린 질문만 세어 8→7 판정; L6343~L6525 수동 재독; 편집 메타어를 실제 장면·숫자·사람 반응으로 교체; L6343~L6525 수동 재독; 편집 메타어를 실제 장면·숫자·사람 반응으로 교체
35,35화,L6526~L6684,PASS,EDIT,PASS,5,5,7,6,8,8,0.37/0.19/0.18/0.05/0.21,0.37/0.19/0.18/0.05/0.21,"박준일이 윌머헤일의 링켄에게 연 200~1천 건 특허를 30퍼센트 수수료로 맡기고 조나단 디자인을 채택하며 소프트웨어는 해외, 배터리는 노벨급 연구진 성과로 해결한다.","주당 2~3건 이상 미국·한국 특허 출원 통로와 조나단의 완성도 높은 폴더 디자인, 연구소 전원의 특허 습관을 얻는다.",김민재가 NEXT의 스티브 잡스와 손잡기 위해 미국행을 선언한다.,윌머헤일 대량 출원과 조나단 디자인을 확보하고 소프트웨어·배터리를 외부에서 해결하기로 한다.,"박준일이 윌머헤일의 링켄에게 연 200~1천 건 특허를 30퍼센트 수수료로 맡기고 조나단 디자인을 채택하며 소프트웨어는 해외, 배터리는 노벨급 연구진 성과로 해결한다; 박준일의 첫 접이식 메커니즘 명세서가 하루 만에 나오고 링켄이 대량 일감을 위해 미국 출원을 밀어주며 조나단 디자인이 감성·실현성 논쟁을 연다; 주당 2~3건 이상 미국·한국 특허 출원 통로와 조나단의 완성도 높은 폴더 디자인, 연구소 전원의 특허 습관을 얻는다",대량 특허와 조나단 디자인을 확보한 뒤 소프트웨어·배터리 외부조달을 결정해 기술 정보와 자산 선택이 앞선다.,대량 특허와 조나단 디자인을 확보한 뒤 소프트웨어·배터리 외부조달을 결정해 기술 정보와 자산 선택이 앞선다.,보상은 실제 지급만 세어 7→6 판정
36,36화,L6685~L6859,PASS,EDIT,PASS,6,6,8,7,9,9,0.27/0.17/0.35/0.08/0.13,0.27/0.17/0.35/0.08/0.13,제프리의 아마존 지분 49퍼센트와 지원을 재확인하고 구디너프에게 5억 달러 연구 성과·5퍼센트 지분을 주며 TDK 상용화를 계획한 뒤 데이비드가 잡은 채식식당 미팅에 나간다.,"아마존 49퍼센트 지분 보호, 배터리 시제품·특허 지분, 스티브 잡스와 직접 협상 자리를 얻는다.",김민재가 잡스에게 애플 복귀를 돕겠다고 선언하고 미래 휴대폰 디자인을 꺼낸다.,아마존 49퍼센트를 점검하고 구디너프의 2차전지 성과를 받은 뒤 잡스에게 애플 복귀를 제안한다.,"제프리의 아마존 지분 49퍼센트와 지원을 재확인하고 구디너프에게 5억 달러 연구 성과·5퍼센트 지분을 주며 TDK 상용화를 계획한 뒤 데이비드가 잡은 채식식당 미팅에 나간다; 한정훈이 현금 120억 달러·애플·포드 지분 인수를 완료하고 구디너프가 3년 연구 끝 소형 2차전지 성과를 가져온다; 아마존 49퍼센트 지분 보호, 배터리 시제품·특허 지분, 스티브 잡스와 직접 협상 자리를 얻는다",아마존 지분을 점검하고 구디너프 성과를 받은 뒤 잡스 복귀를 제안해 인재 관계와 기술 정보에 머문다.,아마존 지분을 점검하고 구디너프 성과를 받은 뒤 잡스 복귀를 제안해 인재 관계와 기술 정보에 머문다.,보상은 실제 지급만 세어 8→7 판정
37,37화,L6860~L7040,PASS,EDIT,PASS,7,7,9,8,9,8,0.23/0.24/0.29/0.06/0.18,0.23/0.24/0.29/0.06/0.18,5천만 달러를 주고 폴더폰 소프트웨어 지분 80퍼센트를 확보하며 잡스에게 전권을 준 뒤 월가 일본 공격 분배회의에서 트래블러스 2인자 다이먼에게 독립하면 10년 내 더 큰 금융사를 만들어 주겠다고 한다.,"NEXT OS 80퍼센트와 잡스의 이름·총괄 역량, 다이먼 마음속 후계 배신 의심, 월가 일본 보호막을 얻는다.",귀국 즉시 이선일이 김민재의 외환위기 동맹 제안을 받아들이겠다고 부른다.,잡스와 NEXT OS 지분 80퍼센트 계약을 맺고 다이먼 영입 씨앗·월가 일본 공동공격을 심는다.,"5천만 달러를 주고 폴더폰 소프트웨어 지분 80퍼센트를 확보하며 잡스에게 전권을 준 뒤 월가 일본 공격 분배회의에서 트래블러스 2인자 다이먼에게 독립하면 10년 내 더 큰 금융사를 만들어 주겠다고 한다; 잡스가 NEXT 대표로 손을 잡고 다음에는 애플 대표로 만나자며, 김민재는 월가가 일본을 더 빨리 무너뜨릴 공동공격 구조도 만든다; NEXT OS 80퍼센트와 잡스의 이름·총괄 역량, 다이먼 마음속 후계 배신 의심, 월가 일본 보호막을 얻는다",잡스와 NEXT OS 80퍼센트 계약을 체결하고 다이먼·일본 공격 씨앗을 심어 계약 관계와 다음 확장이 강하다.,잡스와 NEXT OS 80퍼센트 계약을 체결하고 다이먼·일본 공격 씨앗을 심어 계약 관계와 다음 확장이 강하다.,보상은 실제 지급만 세어 9→8 판정; 훅은 마지막 프레임의 열린 질문만 세어 9→8 판정
38,38화,L7041~L7213,EDIT,EDIT,PASS,7,7,7,6,9,7,0.31/0.24/0.20/0.08/0.17,0.31/0.24/0.20/0.08/0.17,"한일은행 대출 회수와 삼풍그룹 회사채·주식 처분을 지시한 뒤 대가로 이선일 보유 5퍼센트와 명동 전체 태우전자 지분 약 15퍼센트를 1,500억 원에 모아 달라고 한다.",명동의 태우전자 지분 수집 약속·외환위기 정보 동맹과 김태중에게 휴대폰 시장 미끼를 던질 가족 대화를 얻는다.,폴더폰이 잡스를 애플로 돌리고 김민재를 태우전자 사장에 앉힐 제품이라는 목표가 명시된다.,한일은행·삼풍 붕괴 정보를 이선일에게 주고 태우전자 지분 15퍼센트 수집과 휴대폰 미끼를 건다.,"한일은행 대출 회수와 삼풍그룹 회사채·주식 처분을 지시한 뒤 대가로 이선일 보유 5퍼센트와 명동 전체 태우전자 지분 약 15퍼센트를 1,500억 원에 모아 달라고 한다; CT의 한일은행 대주주 정보를 근거로 이선일이 믿기 시작하고 김민재는 올해 안 태우전자 사장이 될 성과로 폴더폰을 선택한다; 명동의 태우전자 지분 수집 약속·외환위기 정보 동맹과 김태중에게 휴대폰 시장 미끼를 던질 가족 대화를 얻는다",한일은행·삼풍 정보를 이선일에게 넘기며 태우전자 15퍼센트 수집과 휴대폰 미끼를 걸어 정보전이 중심이다.,"한일은행·삼풍 붕괴 정보를 건넨 대가로 이선일의 5퍼센트와 명동의 태우전자 지분 약 15퍼센트를 1,500억 원에 모으는 거래를 오래 맞춘다. 집으로 돌아온 뒤 폴더폰을 김태중에게 보여 줄 성과이자 사장 취임 카드로 정하는 짧은 가족 장면이 다음 목표를 연다.","보상은 실제 지급만 세어 7→6 판정; 훅은 마지막 프레임의 열린 질문만 세어 9→7 판정; L7041~L7213 수동 재독; 점수·리본 유지, 기계적 note만 장면별 편집문으로 교체; L7041~L7213 수동 재독; 기계적 note를 장면별 편집문으로 교체; L7041~L7213 수동 재독; 기계적 note를 장면별 편집문으로 교체; L7041~L7213 수동 재독; 기계적 note를 장면별 편집문으로 교체; L7041~L7213 수동 재독; 기계적 note를 장면별 편집문으로 교체; L7041~L7213 수동 재독; 기계적 note를 장면별 편집문으로 교체; L7041~L7213 수동 재독; 기계적 note를 장면별 편집문으로 교체; L7041~L7213 수동 재독; 기계적 note를 장면별 편집문으로 교체; L7041~L7213 수동 재독; 기계적 note를 장면별 편집문으로 교체; L7041~L7213 수동 재독; 기계적 note를 장면별 편집문으로 교체; L7041~L7213 수동 재독; 기계적 note를 장면별 편집문으로 교체; L7041~L7213 수동 재독; 기계적 note를 장면별 편집문으로 교체; L7041~L7213 수동 재독; 기계적 note를 장면별 편집문으로 교체"
39,39화,L7214~L7390,PASS,EDIT,PASS,7,7,8,7,8,7,0.19/0.31/0.21/0.10/0.19,0.19/0.31/0.21/0.10/0.19,"외주 단가를 60퍼센트 올리고 하루 단축마다 보너스를 걸어 한 달 요구를 24일로 줄이며, 통화·문자 폴더폰 두 대와 휴대폰 영업이익 보고서를 회장실에 가져간다.","24일 폴더폰 시제품, 50개 이상 출원·출시 때 200개 목표 특허, 김태중의 장하다는 칭찬과 30퍼센트 영업이익 관심을 얻는다.",김민재가 자체 특허로 기술료를 상쇄하고 남에게 기술료를 받을 날이 온다고 김태중에게 말한다.,돈과 보너스로 제작을 24일로 당겨 폴더폰을 김태중 손에 쥐여 주고 특허료를 받을 미래를 설명한다.,"외주 단가를 60퍼센트 올리고 하루 단축마다 보너스를 걸어 한 달 요구를 24일로 줄이며, 통화·문자 폴더폰 두 대와 휴대폰 영업이익 보고서를 회장실에 가져간다; 구디너프 배터리가 최대 100시간을 버티고 잡스·조나단 디자인이 실물로 구현되자 김태중이 즉시 돈 되는 요물이라 인정한다; 24일 폴더폰 시제품, 50개 이상 출원·출시 때 200개 목표 특허, 김태중의 장하다는 칭찬과 30퍼센트 영업이익 관심을 얻는다",보너스로 제작을 24일로 당겨 실물 폴더폰을 김태중에게 보여 주므로 실행과 제품 보상이 높다.,보너스로 제작을 24일로 당겨 실물 폴더폰을 김태중에게 보여 주므로 실행과 제품 보상이 높다.,보상은 실제 지급만 세어 8→7 판정; 훅은 마지막 프레임의 열린 질문만 세어 8→7 판정
40,40화,L7391~L7563,PASS,EDIT,PASS,8,8,8,7,9,8,0.18/0.26/0.34/0.13/0.09,0.18/0.26/0.34/0.13/0.09,"김태중에게 기술 중심 수익을 설득한 뒤 박진훈과 1년 성패 내기를 걸고 휴대폰 개발팀, 인천·부천 공장, 관련 부서 협조와 개발비를 요구한다.",태우전자 에이스와 장비·두 생산공장·자금을 사실상 백지위임받는다.,김민재가 더 받을 것이 있다며 박진훈의 함정을 역으로 털 준비를 한다.,김태중과 기술·규모 경영을 두고 맞선 뒤 박진훈에게서 휴대폰팀·두 공장·자금을 백지위임받는다.,"김태중에게 기술 중심 수익을 설득한 뒤 박진훈과 1년 성패 내기를 걸고 휴대폰 개발팀, 인천·부천 공장, 관련 부서 협조와 개발비를 요구한다; 박진훈이 이미 시제품이 있다는 사실을 모른 채 독박을 키우려고 김민재의 모든 요구를 수용한다; 태우전자 에이스와 장비·두 생산공장·자금을 사실상 백지위임받는다",김태중과 기술·규모 경영을 충돌시킨 끝에 박진훈에게 팀·공장·자금 전권을 받아 권력관계 변화가 크다.,기술과 규모를 두고 김태중과 부딪친 끝에 박진훈에게 팀·공장·자금 전권을 받아낸다. 말싸움의 승리가 독립 개발조건으로 바뀌지만 박진훈과의 권력 충돌은 더 선명해진다.,보상은 실제 지급만 세어 8→7 판정; 훅은 마지막 프레임의 열린 질문만 세어 9→8 판정; L7391~L7563 수동 재독; 편집 메타어를 실제 장면·숫자·사람 반응으로 교체; L7391~L7563 수동 재독; 편집 메타어를 실제 장면·숫자·사람 반응으로 교체
41,41화,L7564~L7753,PASS,EDIT,PASS,6,6,6,5,8,7,0.30/0.21/0.31/0.07/0.11,0.30/0.21/0.31/0.07/0.11,신상명세서로 태우전자 에이스 30명과 생산 현장형 이석준을 선발하고 인천 공장 라인 개조를 맡기는 한편 이선일에게 월가 명의 매수 계획을 전달한다.,"에이스 30명, 인천 생산파벌, 명동의 태우전자 지분·채권 매수망을 얻는다.",김민재가 이선일에게 한보를 포함해 외환위기 때 무너질 기업을 더 찍어 주기로 한다.,에이스 30명과 이석준을 직속으로 묶고 이선일이 명동의 태우전자 주식을 모았음을 확인한다.,"신상명세서로 태우전자 에이스 30명과 생산 현장형 이석준을 선발하고 인천 공장 라인 개조를 맡기는 한편 이선일에게 월가 명의 매수 계획을 전달한다; 이석준과 공장 인력은 시제품을 본 뒤 두 달 내 라인 전환을 자신하고, 이선일은 삼풍·한일은행 종이를 넘겨 태우전자 물량을 이미 확보한다; 에이스 30명, 인천 생산파벌, 명동의 태우전자 지분·채권 매수망을 얻는다",에이스 30명·이석준을 직속으로 묶고 이선일의 태우전자 주식 수집을 확인해 조직 관계와 지분 정보가 앞선다.,에이스 30명·이석준을 직속으로 묶고 이선일의 태우전자 주식 수집을 확인해 조직 관계와 지분 정보가 앞선다.,보상은 실제 지급만 세어 6→5 판정; 훅은 마지막 프레임의 열린 질문만 세어 8→7 판정
42,42화,L7754~L7933,PASS,EDIT,PASS,6,6,7,6,9,8,0.29/0.24/0.20/0.06/0.21,0.29/0.24/0.20/0.06/0.21,"한보 제철 차입과 부도 시점을 설명하고, 한정훈에게 TDK 배터리 사업과 모바일·음향·영상 특허를 요구한 뒤 장학재단이 찾은 디지털케이스 황영철을 즉시 부른다.","부도기업 교환 정보, TDK·특허 협상권, MP3 창업자와 첫 대면을 얻는다.",김민재가 황영철에게 시간을 끌지 않고 투자하겠다고 선언한다.,한보 부도 정보를 이선일에게 주고 TDK·일본 특허 협상 뒤 황영철의 MP3 구상을 즉시 선점한다.,"한보 제철 차입과 부도 시점을 설명하고, 한정훈에게 TDK 배터리 사업과 모바일·음향·영상 특허를 요구한 뒤 장학재단이 찾은 디지털케이스 황영철을 즉시 부른다; 한정훈이 SAVE 예상 이익을 400억 달러로 보고하고 TDK 인수 가능성을 열며, 황영철이 특허 공동소유 조건으로 1억 투자를 제안한다; 부도기업 교환 정보, TDK·특허 협상권, MP3 창업자와 첫 대면을 얻는다",한보 부도와 일본 특허 협상을 배치한 뒤 황영철의 MP3 구상을 잡아 기술 정보와 선점 행동에 체류한다.,한보 부도와 일본 특허 협상을 배치한 뒤 황영철의 MP3 구상을 잡아 기술 정보와 선점 행동에 체류한다.,보상은 실제 지급만 세어 7→6 판정; 훅은 마지막 프레임의 열린 질문만 세어 9→8 판정
43,43화,L7934~L8120,PASS,EDIT,PASS,5,5,8,7,8,7,0.18/0.20/0.32/0.07/0.23,0.18/0.20/0.32/0.07/0.23,개발비 10억·생산과 마케팅 전액 지원을 약속하고 98억 원에 지분 49퍼센트를 SAVE 명의로 매수한 뒤 데이비드를 프라운호퍼와 톰슨 멀티미디어로 보낸다.,100억 원으로 디지털케이스 49퍼센트와 황영철의 신뢰를 얻고 톰슨 특허 매수선을 연다.,데이비드에게 가격 불문 톰슨의 MP3 특허를 사 오라고 명령한다.,황영철에게 10억 개발비와 98억 지분대금을 지급해 49퍼센트를 사고 톰슨의 MP3 특허로 향한다.,"개발비 10억·생산과 마케팅 전액 지원을 약속하고 98억 원에 지분 49퍼센트를 SAVE 명의로 매수한 뒤 데이비드를 프라운호퍼와 톰슨 멀티미디어로 보낸다; 황영철이 우호지분·상호매각동의 조건으로 계약하고, 김태중의 100프랑 톰슨 인수 추진이 오히려 특허 매입 기회임을 깨닫는다; 100억 원으로 디지털케이스 49퍼센트와 황영철의 신뢰를 얻고 톰슨 특허 매수선을 연다",황영철에게 개발비 10억 원과 지분대금 98억 원을 지급해 49퍼센트를 얻으므로 계약 관계와 자산 보상이 크다.,황영철에게 개발비 10억 원과 지분대금 98억 원을 지급해 49퍼센트를 얻으므로 계약 관계와 자산 보상이 크다.,보상은 실제 지급만 세어 8→7 판정; 훅은 마지막 프레임의 열린 질문만 세어 8→7 판정
44,44화,L8121~L8294,PASS,EDIT,PASS,7,7,6,5,9,7,0.23/0.32/0.16/0.08/0.21,0.23/0.32/0.16/0.08/0.21,"잡스에게 슬라이드폰과 미래 음악폰을 지시하고, 구철규 공장장에게 청정설비·좋은 식사·보너스를 제공해 두 공장 생산량을 하루 1천 대에서 1천5백 대로 늘린다.","출시 전 약 27만 대 목표 재고, 개선된 공장 복지·청정 생산체계, 다음 슬라이드폰 개발 순서를 확보한다.",박진훈 파벌은 폴더폰 실패 뒤 김민재를 증권으로 밀어낼 계획을 굳힌다.,잡스의 소프트웨어를 받아 인천·부천 공장을 3교대로 돌리고 출시 전 27만 대 재고를 선택한다.,"잡스에게 슬라이드폰과 미래 음악폰을 지시하고, 구철규 공장장에게 청정설비·좋은 식사·보너스를 제공해 두 공장 생산량을 하루 1천 대에서 1천5백 대로 늘린다; 김민재가 모든 책임을 지겠다고 해 3교대를 관철하고 박진훈은 오히려 인력·돈을 더 지원해 손실 규모를 키우려 한다; 출시 전 약 27만 대 목표 재고, 개선된 공장 복지·청정 생산체계, 다음 슬라이드폰 개발 순서를 확보한다",잡스 소프트웨어를 받아 두 공장을 3교대로 돌리고 출시 전 27만 대를 쌓는 생산 행동과 재고 위험이 중심이다.,잡스 소프트웨어를 받은 두 공장을 3교대로 돌려 출시 전 재고 27만 대를 쌓는다. 생산 숫자가 빠르게 불어날수록 아직 팔지 못한 물량의 위험도 함께 커진다.,보상은 실제 지급만 세어 6→5 판정; 훅은 마지막 프레임의 열린 질문만 세어 9→7 판정; L8121~L8294 수동 재독; 범용 중심·비중 문구를 장면 리듬으로 교체; L8121~L8294 수동 재독; 범용 중심·비중 문구를 장면 리듬으로 교체; L8121~L8294 수동 재독; 범용 중심·비중 문구를 장면 리듬으로 교체; L8121~L8294 수동 재독; 범용 중심·비중 문구를 장면 리듬으로 교체; L8121~L8294 수동 재독; 범용 중심·비중 문구를 장면 리듬으로 교체; L8121~L8294 수동 재독; 범용 중심·비중 문구를 장면 리듬으로 교체; L8121~L8294 수동 재독; 범용 중심·비중 문구를 장면 리듬으로 교체; L8121~L8294 수동 재독; 범용 중심·비중 문구를 장면 리듬으로 교체; L8121~L8294 수동 재독; 범용 중심·비중 문구를 장면 리듬으로 교체; L8121~L8294 수동 재독; 범용 중심·비중 문구를 장면 리듬으로 교체; L8121~L8294 수동 재독; 범용 중심·비중 문구를 장면 리듬으로 교체
45,45화,L8295~L8488,PASS,EDIT,PASS,9,9,8,7,9,9,0.18/0.39/0.18/0.17/0.08,0.18/0.39/0.18/0.17/0.08,"로마네콩티와 사례금으로 톰슨 임원을 설득해 특허를 총 100억 원에 매입하고, 붕괴 소식 직후 대통령실과 조율해 크레인·중장비·의료진 전면 지원을 제안한다.","MP3 원천 및 음향·영상 특허 묶음, 대통령실의 감사와 태우의 구조 주도권을 얻는다.",재난본부가 태우건설을 공식 호출하고 김민재는 이선일에게 삼풍 예측의 결산을 보여 주러 간다.,데이비드가 톰슨 특허를 100억에 사고 김민재는 삼풍 붕괴 직후 태우건설·병원의 선제 구조를 관철한다.,"로마네콩티와 사례금으로 톰슨 임원을 설득해 특허를 총 100억 원에 매입하고, 붕괴 소식 직후 대통령실과 조율해 크레인·중장비·의료진 전면 지원을 제안한다; 김민재가 현재건설보다 먼저 움직이면 구조·이미지·외환위기 때 정부관계 세 이익을 얻는다고 설득해 김태중의 전폭 지원 명령을 끌어낸다; MP3 원천 및 음향·영상 특허 묶음, 대통령실의 감사와 태우의 구조 주도권을 얻는다",톰슨 특허 매입 직후 태우건설·병원을 밀어 삼풍 붕괴 구조에 들어가 긴박한 행동과 생존 감정이 솟는다.,톰슨 특허 매입 직후 태우건설·병원을 밀어 삼풍 붕괴 구조에 들어가 긴박한 행동과 생존 감정이 솟는다.,보상은 실제 지급만 세어 8→7 판정
46,46화,L8489~L8672,PASS,EDIT,PASS,8,8,9,8,9,8,0.17/0.24/0.20/0.20/0.19,0.17/0.24/0.20/0.20/0.19,"이선일에게 마이크로소프트 주식과 달러 상승의 이중 수익을 알려 주고, 김태중에게 즉시 정부 특혜를 청하지 말자고 한 뒤 강인식에게 박진훈의 횡령·비자금·부동산 증거 수집을 지시한다.","이선일의 완전한 신뢰, 마이크로소프트·달러 투자선, 김태중에게 태우전자 사장 욕심 공개, 박진훈 비리 파일을 얻는다.",9월 독일 가전박람회를 김민재 성공과 박진훈 몰락의 동시 신호탄으로 정한다.,삼풍 사망자를 전생의 절반으로 줄여 국민그룹 평판을 얻고 태우전자 사장 도전과 박진훈 수사를 선언한다.,"이선일에게 마이크로소프트 주식과 달러 상승의 이중 수익을 알려 주고, 김태중에게 즉시 정부 특혜를 청하지 말자고 한 뒤 강인식에게 박진훈의 횡령·비자금·부동산 증거 수집을 지시한다; 태우 지원으로 수습 기간과 사망자가 전생의 절반 수준으로 줄고 대통령이 직접 감사하며 국민그룹 호칭이 생긴다; 이선일의 완전한 신뢰, 마이크로소프트·달러 투자선, 김태중에게 태우전자 사장 욕심 공개, 박진훈 비리 파일을 얻는다",삼풍 사망자를 전생의 절반으로 줄인 보상과 태우전자 사장 도전 선언이 감정·평판·지위 봉우리를 만든다.,삼풍 사망자를 전생의 절반으로 줄인 보상과 태우전자 사장 도전 선언이 감정·평판·지위 봉우리를 만든다.,보상은 실제 지급만 세어 9→8 판정; 훅은 마지막 프레임의 열린 질문만 세어 9→8 판정; L8489~L8672 수동 재독; 회차 필드 경계 교정; L8489~L8672 수동 재독; 회차 필드 경계 교정; L8489~L8672 수동 재독; 회차 필드 경계 교정; L8489~L8672 수동 재독; 회차 필드 경계 교정; L8489~L8672 수동 재독; 회차 필드 경계 교정; L8489~L8672 수동 재독; 회차 필드 경계 교정; L8489~L8672 수동 재독; 회차 필드 경계 교정; L8489~L8672 수동 재독; 회차 필드 경계 교정; L8489~L8672 수동 재독; 회차 필드 경계 교정; L8489~L8672 수동 재독; 회차 필드 경계 교정
47,47화,L8673~L8861,PASS,EDIT,PASS,6,6,9,8,8,7,0.16/0.35/0.18/0.09/0.22,0.16/0.35/0.18/0.09/0.22,"데이비드가 운영위원회를 접대해 잡스 전용 중앙 부스를 만들고, 잡스가 접이식 디자인·전화번호부·계산기·메모·달력·100시간 배터리를 시연하며 이노폰이라 명명한다.","이노폰 세계 공개, 중앙 부스 흥행, 미국·유럽 주문 상담과 잡스 복귀 서사를 얻는다.",영업조직 없는 김민재 앞에 여러 대륙 바이어 협상이 한꺼번에 쏟아진다.,잡스가 독일 무대에서 이노폰을 시연하자 중앙 부스와 해외 바이어 상담이 폭발한다.,"데이비드가 운영위원회를 접대해 잡스 전용 중앙 부스를 만들고, 잡스가 접이식 디자인·전화번호부·계산기·메모·달력·100시간 배터리를 시연하며 이노폰이라 명명한다; 잡스가 폴더폰을 여는 순간 기자·관중이 몰리고 별도 부스가 몸싸움이 날 만큼 붐비며 해외 바이어가 대량구매 미팅을 요청한다; 이노폰 세계 공개, 중앙 부스 흥행, 미국·유럽 주문 상담과 잡스 복귀 서사를 얻는다",잡스의 이노폰 시연 뒤 중앙 부스와 바이어 상담이 폭발해 공개 행동과 주문 기대에 오래 머문다.,잡스의 이노폰 시연 뒤 중앙 부스와 바이어 상담이 폭발해 공개 행동과 주문 기대에 오래 머문다.,보상은 실제 지급만 세어 9→8 판정; 훅은 마지막 프레임의 열린 질문만 세어 8→7 판정
48,48화,L8862~L9027,PASS,EDIT,PASS,7,7,7,6,8,8,0.22/0.33/0.27/0.11/0.07,0.22/0.33/0.27/0.11/0.07,"모토로라 조사와 잡스의 CES 재등판 약속을 지켜보며 해외 바이어 계약을 진행하고, 귀국 사장단 회의에서 이노폰의 높은 이익률·판매망을 근거로 박진훈에게 연구비 성과를 따진다.","선행 폴더폰 특허의 방패, 만 단위 판매 접점, 박진훈을 공개 반박할 성과 정당성을 얻는다.",김민재가 사장단 회의에서 박진훈을 노골적으로 물어뜯기 시작한다.,모토로라가 선행특허에 막힌 사이 김민재가 사장단 앞에서 박진훈의 구식 기술경영을 공격한다.,"모토로라 조사와 잡스의 CES 재등판 약속을 지켜보며 해외 바이어 계약을 진행하고, 귀국 사장단 회의에서 이노폰의 높은 이익률·판매망을 근거로 박진훈에게 연구비 성과를 따진다; 태우가 폴더폰 특허를 먼저 잡아 모토로라가 공격할수록 스타텍이 위험해지고, 이노폰 부스와 태우전자 부스의 관객 차이가 김민재의 비판을 증명한다; 선행 폴더폰 특허의 방패, 만 단위 판매 접점, 박진훈을 공개 반박할 성과 정당성을 얻는다",선행특허 승리 뒤 사장단 앞에서 박진훈의 기술경영을 공격해 공개 논쟁과 권력관계가 지배한다.,선행특허 판정으로 기술 우위를 확인한 뒤 사장단 앞에서 박진훈의 경영방식을 정면으로 공격한다. 법적 승리를 누릴 틈 없이 공개 권력투쟁으로 넘어가 누가 태우전자를 이끌지가 전면에 선다.,보상은 실제 지급만 세어 7→6 판정; L8862~L9027 수동 재독; 편집 메타어를 실제 장면·숫자·사람 반응으로 교체; L8862~L9027 수동 재독; 편집 메타어를 실제 장면·숫자·사람 반응으로 교체
49,49화,L9028~L9209,PASS,EDIT,PASS,8,8,6,5,9,8,0.30/0.28/0.24/0.11/0.07,0.30/0.28/0.24/0.11/0.07,개발팀 접촉을 시도한 조 차장의 움직임을 미리 감시하고 파티에서 거짓 문제 자료를 넘긴 뒤 사진·녹취 증거와 준비한 파일로 그를 압박해 우성일에게 전달하게 한다.,"우성일·박진훈으로 이어지는 역정보 통로, 조 차장의 약점과 강제 충성을 얻는다.",허위 결함 자료가 언론에 실리면 공개 반박과 박진훈 축출을 동시에 실행할 수 있다.,박진훈이 결함 유포를 명령하자 김민재는 거짓 자료와 감시 증거로 조 차장을 이중 통로로 만든다.,"개발팀 접촉을 시도한 조 차장의 움직임을 미리 감시하고 파티에서 거짓 문제 자료를 넘긴 뒤 사진·녹취 증거와 준비한 파일로 그를 압박해 우성일에게 전달하게 한다; 김민재가 배신을 이미 예상해 거짓 자료·감시·살길을 한 세트로 준비했고 조 차장이 죽는 시늉까지 약속하며 굴복한다; 우성일·박진훈으로 이어지는 역정보 통로, 조 차장의 약점과 강제 충성을 얻는다",박진훈의 결함 유포를 거짓 자료·감시 증거로 되받아 조 차장을 이중 통로로 만드는 정보전이 중심이다.,박진훈의 결함 유포를 거짓 자료와 감시증거로 되받고 조 차장을 이중 통로로 만든다. 공개반박보다 누가 돈과 자료를 건넸는지 좁혀 가는 추적이 긴장을 붙든다.,보상은 실제 지급만 세어 6→5 판정; 훅은 마지막 프레임의 열린 질문만 세어 9→8 판정; L9028~L9209 수동 재독; 범용 중심·비중 문구를 장면 리듬으로 교체; L9028~L9209 수동 재독; 범용 중심·비중 문구를 장면 리듬으로 교체; L9028~L9209 수동 재독; 범용 중심·비중 문구를 장면 리듬으로 교체; L9028~L9209 수동 재독; 범용 중심·비중 문구를 장면 리듬으로 교체; L9028~L9209 수동 재독; 범용 중심·비중 문구를 장면 리듬으로 교체; L9028~L9209 수동 재독; 범용 중심·비중 문구를 장면 리듬으로 교체; L9028~L9209 수동 재독; 범용 중심·비중 문구를 장면 리듬으로 교체; L9028~L9209 수동 재독; 범용 중심·비중 문구를 장면 리듬으로 교체; L9028~L9209 수동 재독; 범용 중심·비중 문구를 장면 리듬으로 교체; L9028~L9209 수동 재독; 범용 중심·비중 문구를 장면 리듬으로 교체; L9028~L9209 수동 재독; 범용 중심·비중 문구를 장면 리듬으로 교체
50,50화,L9210~L9397,EDIT,EDIT,PASS,9,8,6,6,9,9,0.28/0.35/0.19/0.11/0.07,0.28/0.35/0.19/0.11/0.07,"박진훈이 우성일에게 거짓 결함 자료를 만들고 기자에게 넘기라고 지시한 뒤 1면 기사가 나오자, 김민재는 SAVE 반박자료를 제시하고 한국·미국·독일 동시 이벤트를 준비한다.",허위 결함을 반박할 SAVE 자료와 세 나라 공개 이벤트 계획을 확보한다. 돈·자료 전달의 사진과 녹취는 아직 없다.,세 나라 동시 시연이 1면 허위기사를 실제 소비자 반응으로 뒤집을 수 있는가?,박진훈이 거짓 결함 자료를 기자에게 넘기자 강인식이 사진·녹취를 확보하고 김민재가 3국 공개 시연을 준비한다; 기획실이 기사 대응을 맡는 사이 김민재는 한국·미국·독일 동시 행사를 열겠다고 밝힌다; SAVE의 반박 자료와 돈 전달 사진·녹취를 확보해 허위보도를 뒤집을 수단을 갖춘다,"박진훈이 우성일에게 거짓 결함 자료를 만들고 기자에게 넘기라고 지시한 뒤 1면 기사가 나오자, 김민재는 SAVE 반박자료를 제시하고 한국·미국·독일 동시 이벤트를 준비한다; 기획실이 기사 대응을 맡는 사이 김민재는 한국·미국·독일 동시 행사를 열겠다고 밝힌다; 허위 결함을 반박할 SAVE 자료와 세 나라 공개 이벤트 계획을 확보한다. 돈·자료 전달의 사진과 녹취는 아직 없다",거짓 결함 보도와 사진·녹취를 선점하고 3국 공개 시연을 준비해 공작 대응 행동과 긴장이 높다.,"1면 허위 결함 기사와 SAVE의 반박자료가 맞붙고, 김태중은 배후가 박진훈인지 재차 확인한다. 김민재가 한국·미국·독일에서 동시에 큰 이벤트를 열겠다고 밝히는 데서 끝나며 돈·자료 전달의 사진과 녹취는 아직 확보되지 않았다.","긴장은 이 화에서 실제 맞닥뜨린 압박을 기준으로 9→8 판정; L9210~L9397 수동 재독; 점수·리본 유지, 기계적 note만 장면별 편집문으로 교체; L9210~L9397 수동 재독; 기계적 note를 장면별 편집문으로 교체; L9210~L9397 수동 재독; 기계적 note를 장면별 편집문으로 교체; L9210~L9397 수동 재독; 기계적 note를 장면별 편집문으로 교체; L9210~L9397 수동 재독; 기계적 note를 장면별 편집문으로 교체; L9210~L9397 수동 재독; 기계적 note를 장면별 편집문으로 교체; L9210~L9397 수동 재독; 회차 필드 경계 교정, 기계적 note를 장면별 편집문으로 교체; L9210~L9397 수동 재독; 회차 필드 경계 교정, 기계적 note를 장면별 편집문으로 교체; L9210~L9397 수동 재독; 회차 필드 경계 교정, 기계적 note를 장면별 편집문으로 교체; L9210~L9397 수동 재독; 회차 필드 경계 교정, 기계적 note를 장면별 편집문으로 교체; L9210~L9397 수동 재독; 회차 필드 경계 교정, 기계적 note를 장면별 편집문으로 교체; L9210~L9397 수동 재독; 회차 필드 경계 교정, 기계적 note를 장면별 편집문으로 교체; L9210~L9397 수동 재독; 회차 필드 경계 교정, 기계적 note를 장면별 편집문으로 교체"
51,51화,L9398~L9578,EDIT,EDIT,PASS,8,8,9,8,8,8,0.16/0.38/0.24/0.10/0.12,0.16/0.38/0.24/0.10/0.12,타임스퀘어·강남·독일에서 이노폰 1천 대 이상을 체험시키고 우성일의 공작 시인과 박 기자의 돈·거짓 자료 기사화 약속을 받아낸다.,1천 대 이상 실물 검증과 정정·고발로 이어질 우성일·박 기자의 협조 약속을 얻는다.,박 기자가 약속한 정정과 돈 기사가 실제 지면에 실려 판매와 사장단 판단을 돌릴 수 있는가?,타임스퀘어·강남·독일에서 이노폰 1천 대 이상을 체험시키고 우성일과 박 기자를 박진훈 고발 증인으로 돌린다; 체험장에서 결함이 재현되지 않자 우성일이 공작을 증언하고 박 기자도 돈을 받은 사실을 기사에 넣기로 한다; 허위보도의 신빙성을 무너뜨리고 정정기사·박진훈 고발로 이어질 두 증언 통로를 확보한다,타임스퀘어·강남·독일에서 이노폰 1천 대 이상을 체험시키고 우성일의 공작 시인과 박 기자의 돈·거짓 자료 기사화 약속을 받아낸다; 세 나라 공개 체험에서 결함이 없다는 반응이 나오고 우성일은 지시받은 공작을 시인하며 박 기자는 받은 돈과 자료를 기사로 쓰겠다고 약속한다; 1천 대 이상 실물 검증과 정정·고발로 이어질 우성일·박 기자의 협조 약속을 얻는다,타임스퀘어·강남·독일에서 1천 대를 체험시키고 두 증인을 돌려세워 공개 행동과 관계 역전이 크다.,"타임스퀘어·강남·독일에서 이노폰 1천 대 이상을 동시에 만지게 하는 공개 실험이 빠르게 이어진다. 결함이 재현되지 않자 우성일이 공작을 시인하고 박 기자도 받은 돈을 기사화하겠다고 돌아서지만, 실제 정정 지면은 아직 남겨 둔다.","보상은 실제 지급만 세어 9→8 판정; L9398~L9578 수동 재독; 점수·리본 유지, 기계적 note만 장면별 편집문으로 교체; L9398~L9578 수동 재독; 기계적 note를 장면별 편집문으로 교체; L9398~L9578 수동 재독; 기계적 note를 장면별 편집문으로 교체; L9398~L9578 수동 재독; 기계적 note를 장면별 편집문으로 교체; L9398~L9578 수동 재독; 기계적 note를 장면별 편집문으로 교체; L9398~L9578 수동 재독; 기계적 note를 장면별 편집문으로 교체; L9398~L9578 수동 재독; 기계적 note를 장면별 편집문으로 교체; L9398~L9578 수동 재독; 기계적 note를 장면별 편집문으로 교체; L9398~L9578 수동 재독; 기계적 note를 장면별 편집문으로 교체; L9398~L9578 수동 재독; 기계적 note를 장면별 편집문으로 교체; L9398~L9578 수동 재독; 기계적 note를 장면별 편집문으로 교체; L9398~L9578 수동 재독; 기계적 note를 장면별 편집문으로 교체; L9398~L9578 수동 재독; 기계적 note를 장면별 편집문으로 교체"
52,52화,L9579~L9758,PASS,PASS,PASS,8,8,10,10,9,9,0.14/0.28/0.22/0.10/0.26,0.14/0.28/0.22/0.10/0.26,정정기사 뒤 이노폰 30만 대를 즉시 팔고 미국 30만·유럽 10만·한국 10만 주문 속에 박진훈을 축출한다,박진훈을 축출하고 이노폰의 월 10만 대 이상 수요와 태우전자 사장 추천을 얻는다,김민재가 요구한 것은 사장 직함이 아니라 지분이다. 김태중이 태우전자의 실제 소유권을 넘길 것인가?,정정기사 뒤 이노폰 30만 대를 즉시 팔고 미국 30만·유럽 10만·한국 10만 주문 속에 박진훈을 축출한다; 국내 재고 30만 대가 팔리고 미국 30만·유럽 10만·한국 10만 주문이 들어오자 사장단이 김민재를 차기 사장으로 추천한다; 박진훈을 축출하고 이노폰의 월 10만 대 이상 수요와 태우전자 사장 추천을 얻는다,정정기사 뒤 이노폰 30만 대를 즉시 팔고 미국 30만·유럽 10만·한국 10만 주문 속에 박진훈을 축출한다; 국내 재고 30만 대가 팔리고 미국 30만·유럽 10만·한국 10만 주문이 들어오자 사장단이 김민재를 차기 사장으로 추천한다; 박진훈을 축출하고 이노폰의 월 10만 대 이상 수요와 태우전자 사장 추천을 얻는다,이노폰 30만 대 완판·해외 주문·박진훈 축출·사장 추천이 겹쳐 판매와 지위 보상이 절정이다.,"정정기사 뒤 이노폰 국내 재고 30만 대가 팔리고 미국 30만·유럽 10만·한국 10만 주문이 붙는다. 박진훈 축출과 사장 추천까지 받은 뒤 김민재가 사장직이 아니라 지분을 요구해, 판매 절정이 곧 소유권 질문으로 꺾인다.",기존 점수·리본 유지; 원문 하드 경계와 인접 회차 대비 재확인; L9579~L9758 수동 재독; 고정 39화 표본 note를 원문 장면·말미 기준으로 교정; L9579~L9758 수동 재독; 고정 39화 표본 note를 원문 장면·말미 기준으로 교정; L9579~L9758 수동 재독; 고정 39화 표본 note를 원문 장면·말미 기준으로 교정
53,53화,L9759~L9940,EDIT,EDIT,PASS,6,6,10,10,8,7,0.13/0.17/0.28/0.14/0.28,0.13/0.17/0.28/0.14/0.28,김태중에게 태우전자 지분을 상속받아 만장일치로 사장에 취임한 뒤 현재그룹 장 회장의 자금난을 듣고 SAVE 자금으로 차입을 유도할 미끼를 던진다,태우전자 지분과 사장 직위를 동시에 받아 생산·인사·투자 결정을 직접 책임질 수 있게 된다,SAVE 차입 미끼가 현재그룹의 자금 위기를 더 키울 것인가?,김태중에게 태우전자 지분을 상속받아 만장일치로 사장에 취임한 뒤 현재그룹 장 회장의 자금난을 듣고 SAVE 자금으로 차입을 유도할 미끼를 던진다; 정부가 막은 현재그룹의 돈줄과 장 회장의 차입 욕심이 장차 태우 지분·계열사 거래에 쓸 약점으로 드러난다; 태우전자 지분과 사장 직위를 동시에 받아 생산·인사·투자 결정을 직접 책임질 수 있게 된다,김태중에게 태우전자 지분을 상속받아 만장일치로 사장에 취임한 뒤 현재그룹 장 회장의 자금난을 듣고 SAVE 자금으로 차입을 유도할 미끼를 던진다; 정부가 현재그룹의 돈줄을 막은 가운데 장 회장의 차입 욕심이 SAVE 차입 미끼에 걸릴 약점으로 드러난다; 태우전자 지분과 사장 직위를 동시에 받아 생산·인사·투자 결정을 직접 책임질 수 있게 된다,태우전자 지분을 상속받고 만장일치 사장이 되어 소유·직책과 조손 승인 보상이 회차를 이끈다.,"김태중의 지분 상속과 이사회 만장일치로 태우전자 사장 자리가 한꺼번에 지급되어 조손 승인과 지위 상승이 가장 무겁다. 후반의 현재그룹 자금난과 SAVE 차입 미끼는 이미 받은 경영권 다음에 붙는 새 위험일 뿐, 태우 지분 회수 결과까지 나아가지는 않는다.","훅은 마지막 프레임의 열린 질문만 세어 8→7 판정; L9759~L9940 수동 재독; 점수·리본 유지, 기계적 note만 장면별 편집문으로 교체; L9759~L9940 수동 재독; 기계적 note를 장면별 편집문으로 교체; L9759~L9940 수동 재독; 기계적 note를 장면별 편집문으로 교체; L9759~L9940 수동 재독; 기계적 note를 장면별 편집문으로 교체; L9759~L9940 수동 재독; 기계적 note를 장면별 편집문으로 교체; L9759~L9940 수동 재독; 기계적 note를 장면별 편집문으로 교체; L9759~L9940 수동 재독; 기계적 note를 장면별 편집문으로 교체; L9759~L9940 수동 재독; 기계적 note를 장면별 편집문으로 교체; L9759~L9940 수동 재독; 기계적 note를 장면별 편집문으로 교체; L9759~L9940 수동 재독; 기계적 note를 장면별 편집문으로 교체; L9759~L9940 수동 재독; 기계적 note를 장면별 편집문으로 교체; L9759~L9940 수동 재독; 기계적 note를 장면별 편집문으로 교체; L9759~L9940 수동 재독; 기계적 note를 장면별 편집문으로 교체"
54,54화,L9941~L10126,EDIT,EDIT,EDIT,7,7,7,6,9,8,0.23/0.34/0.24/0.07/0.12,0.25/0.26/0.30/0.11/0.08,"첫 출근에 공장 세 곳 전환·불량품 전면교환을 지시하고 사무직·연구원·개발팀 1,500명을 전수 검토해 적성 인사 이동 규모를 산정한다.","불량품 전면교환 원칙과 공장 세 곳 생산 전환, 1,500명 전수 검토에 따른 인사 이동 기준을 세운다.",감사팀을 섣불리 움직이지 않고 강인식이 계좌·재산·접촉 증거를 찾아낼 수 있는가?,첫 출근에 공장 세 곳 전환·불량품 전면교환·직원 1천5백 명 능력 재배치를 지시한다; 직원 명부의 능력과 소속을 대조하던 중 개발3팀 직원에게 태우전자와 화이텐전자 두 소속이 함께 뜬다; 공장 세 곳 전환·불량품 전면교환·적성 인사라는 개혁 기준과 산업스파이 후보를 확보한다,"첫 출근에 공장 세 곳 전환·불량품 전면교환을 지시하고 사무직·연구원·개발팀 1,500명을 전수 검토해 적성 인사 이동 규모를 산정한다; 직원 명부의 능력과 소속을 대조하던 중 개발3팀 직원에게 태우전자와 화이텐전자 두 소속이 함께 뜬다; 불량품 전면교환 원칙과 공장 세 곳 생산 전환, 1,500명 전수 검토에 따른 인사 이동 기준을 세운다",공장 세 곳·불량품 교환·1천5백 명 재배치를 지시하다 산업스파이를 발견해 실행과 조직 정보가 앞선다.,"공장 세 곳 전환과 불량품 교환을 지시한 뒤 사무직·연구원·개발팀 1,500명을 전수 검토한다. 실제 이동 규모는 아직 산정 단계라 조직 정보와 관계 체류가 앞선다.",보상은 실제 지급만 세어 7→6 판정; 훅은 마지막 프레임의 열린 질문만 세어 9→8 판정; 리본은 실제 장면 체류에 맞춰 재배분
55,55화,L10127~L10326,EDIT,EDIT,EDIT,7,7,8,7,8,8,0.25/0.30/0.27/0.07/0.11,0.20/0.22/0.34/0.16/0.08,산학 협력과 아파트 지원을 내걸어 연구 인재를 모으고 정보 유출자를 찾아낸 뒤 사무직 20퍼센트인 수백 명을 적성에 맞는 새 보직으로 옮긴다.,"정보 유출자 처분 근거와 사무직 20퍼센트·수백 명의 새 보직, 연구 인재 확보 조건을 얻는다.",샌드 웨일과 공개적으로 결별한 다이먼의 일이 회귀 전보다 몇 년 앞당겨졌다는 사실을 김민재는 기회로 읽는다,강인식이 산업스파이의 계좌·신축아파트를 찾아 중국 유출선을 입증하고 김민재가 500명 넘는 직원을 적성에 맞게 옮기는 사이 샌디 웨일과 다이먼의 후계 갈등이 폭발한다; 샌디 웨일이 딸에게 기금과 기밀을 넘기려 하자 다이먼이 20년 충성을 부정당하고 공개적으로 결별한다; 유출자 처분 근거와 500명 이상의 새 보직을 마련해 태우전자 내부 보안·인사 정비를 실제로 시작한다,"산학 협력과 아파트 지원을 내걸어 연구 인재를 모으고 정보 유출자를 찾아낸 뒤 사무직 20퍼센트인 수백 명을 적성에 맞는 새 보직으로 옮긴다; 샌디 웨일이 딸에게 기금과 기밀을 넘기려 하자 다이먼이 20년 충성을 부정당하고 공개적으로 결별한다; 정보 유출자 처분 근거와 사무직 20퍼센트·수백 명의 새 보직, 연구 인재 확보 조건을 얻는다",계좌·아파트 증거로 중국 유출선을 끊고 500명을 적성 재배치해 조사 행동과 인사 관계 변화가 크다.,"산업스파이의 금전 흔적을 잡고 사무직 20퍼센트, 원문 표현 수백 명을 적성에 맞춰 옮긴다. 조사 결과가 실제 자리 이동으로 이어지지만 스파이 배후와 후속 처벌은 남는다.",보상은 실제 지급만 세어 8→7 판정; 리본은 실제 장면 체류에 맞춰 재배분; L10127~L10326 수동 재독; 편집 메타어를 실제 장면·숫자·사람 반응으로 교체; L10127~L10326 수동 재독; 편집 메타어를 실제 장면·숫자·사람 반응으로 교체
56,56화,L10327~L10491,EDIT,PASS,PASS,6,6,9,9,8,8,0.19/0.18/0.40/0.12/0.11,0.19/0.18/0.40/0.12/0.11,격분한 다이먼에게 독립 금융회사와 전권을 약속해 영입하고 애플 이사회에 잡스 복귀안을 올린다,"잡스와 이사들의 찬성 전환, 다이먼·우성자동차 판돈, 태우전자의 이노폰 생산 계약을 얻는다.",자금이 부족한 애플 대신 누가 넥스트 인수금 5억 달러를 부담하고 어떤 권리를 가져갈 것인가?,격분한 다이먼에게 독립 금융회사와 전권을 약속해 영입하고 애플 이사회에 잡스 복귀안을 올린다; SAVE가 3년 뒤 주가 하락분을 30% 얹어 사겠다고 보증하자 파생상품 이해관계까지 가진 이사들이 찬성으로 돌아선다; 다이먼의 합류 약속과 잡스 복귀에 필요한 이사회 과반을 얻는다,"격분한 다이먼에게 독립 금융회사와 전권을 약속해 영입하고 애플 이사회에 잡스 복귀안을 올린다; SAVE가 3년 뒤 주가 하락분을 30% 얹어 사겠다고 보증하자 파생상품 이해관계까지 가진 이사들이 찬성으로 돌아선다; 잡스와 이사들의 찬성 전환, 다이먼·우성자동차 판돈, 태우전자의 이노폰 생산 계약을 얻는다",웨일과 결별한 다이먼에게 독립회사 전권을 주고 잡스 복귀 표를 모아 인재 관계가 중심이다.,"웨일에서 모욕당한 다이먼에게 독립 금융회사와 전권을 내밀어 영입하고, 곧바로 애플 이사회에서 잡스 복귀 표를 모은다. SAVE의 3년 뒤 주가 보증이 이사들을 돌려세운 뒤 넥스트 인수금 5억 달러의 부담 주체가 미지급 질문으로 남는다.","기존 점수·리본 유지; 원문 하드 경계와 인접 회차 대비 재확인; L10327~L10491 수동 재독; 점수·리본 유지, 기계적 note만 장면별 편집문으로 교체; L10327~L10491 수동 재독; 회차 필드 경계 교정, 기계적 note를 장면별 편집문으로 교체; L10327~L10491 수동 재독; 회차 필드 경계 교정, 기계적 note를 장면별 편집문으로 교체; L10327~L10491 수동 재독; 회차 필드 경계 교정, 기계적 note를 장면별 편집문으로 교체; L10327~L10491 수동 재독; 회차 필드 경계 교정, 기계적 note를 장면별 편집문으로 교체; L10327~L10491 수동 재독; 회차 필드 경계 교정, 기계적 note를 장면별 편집문으로 교체; L10327~L10491 수동 재독; 회차 필드 경계 교정, 기계적 note를 장면별 편집문으로 교체; L10327~L10491 수동 재독; 회차 필드 경계 교정, 기계적 note를 장면별 편집문으로 교체; L10327~L10491 수동 재독; 회차 필드 경계 교정, 기계적 note를 장면별 편집문으로 교체; L10327~L10491 수동 재독; 회차 필드 경계 교정, 기계적 note를 장면별 편집문으로 교체; L10327~L10491 수동 재독; 회차 필드 경계 교정, 기계적 note를 장면별 편집문으로 교체; L10327~L10491 수동 재독; 회차 필드 경계 교정, 기계적 note를 장면별 편집문으로 교체; L10327~L10491 수동 재독; 회차 필드 경계 교정, 기계적 note를 장면별 편집문으로 교체"
57,57화,L10492~L10663,EDIT,EDIT,PASS,6,6,9,8,9,9,0.19/0.22/0.31/0.07/0.21,0.19/0.22/0.31/0.07/0.21,SAVE가 넥스트 5억 달러 인수금을 내고 미래 소프트웨어 권리를 받아 잡스를 애플 CEO로 복귀시킨 뒤 다이먼이 태우중공업 지분 구조를 검토한다,NEXT 5억 달러 계약·잡스 CEO 복귀·미래 소프트웨어 권리와 다이먼이 짚은 태우 지분의 취약성을 얻는다.,김태중에게 들키지 않고 취약한 계열사 지분부터 모아 부채 사업을 떼어낼 수 있는가?,"SAVE가 넥스트 5억 달러 인수금을 내고 미래 소프트웨어 권리를 받아 잡스를 애플 CEO로 복귀시킨 뒤 다이먼이 태우중공업 지분 구조를 검토한다; 다이먼은 그룹 27%·김태중 개인 10%라는 취약한 지분을 보고 계열사를 통한 적대인수가 가능하다고 판단한다; 잡스의 CEO 복귀와 애플 미래 소프트웨어 권리, 태우 구조조정 설계자를 모두 확보한다",SAVE가 넥스트 5억 달러 인수금을 내고 미래 소프트웨어 권리를 받아 잡스를 애플 CEO로 복귀시킨 뒤 다이먼이 태우중공업 지분 구조를 검토한다; 다이먼은 그룹 27%·김태중 개인 10%라는 취약한 지분을 보고 계열사를 통한 적대인수가 가능하다고 판단한다; NEXT 5억 달러 계약·잡스 CEO 복귀·미래 소프트웨어 권리와 다이먼이 짚은 태우 지분의 취약성을 얻는다,SAVE가 NEXT 5억 달러를 내고 잡스를 애플 CEO로 복귀시켜 계약·동맹과 소프트웨어 권리가 지급된다.,SAVE가 넥스트 인수금 5억 달러를 내고 미래 소프트웨어 권리를 챙기는 계약으로 잡스의 CEO 복귀를 결산한다. 귀국 뒤 다이먼이 태우중공업의 그룹 27퍼센트·김태중 개인 10퍼센트 지분을 훑는 후반은 축하보다 적대인수 설계에 빠르게 무게를 옮긴다.,"보상은 실제 지급만 세어 9→8 판정; L10492~L10663 수동 재독; 점수·리본 유지, 기계적 note만 장면별 편집문으로 교체; L10492~L10663 수동 재독; 기계적 note를 장면별 편집문으로 교체; L10492~L10663 수동 재독; 기계적 note를 장면별 편집문으로 교체; L10492~L10663 수동 재독; 기계적 note를 장면별 편집문으로 교체; L10492~L10663 수동 재독; 기계적 note를 장면별 편집문으로 교체; L10492~L10663 수동 재독; 기계적 note를 장면별 편집문으로 교체; L10492~L10663 수동 재독; 기계적 note를 장면별 편집문으로 교체; L10492~L10663 수동 재독; 기계적 note를 장면별 편집문으로 교체; L10492~L10663 수동 재독; 기계적 note를 장면별 편집문으로 교체; L10492~L10663 수동 재독; 기계적 note를 장면별 편집문으로 교체; L10492~L10663 수동 재독; 기계적 note를 장면별 편집문으로 교체; L10492~L10663 수동 재독; 기계적 note를 장면별 편집문으로 교체; L10492~L10663 수동 재독; 기계적 note를 장면별 편집문으로 교체"
58,58화,L10664~L10840,EDIT,PASS,EDIT,7,7,6,6,9,9,0.29/0.23/0.20/0.06/0.22,0.28/0.17/0.28/0.13/0.14,명동의 태우중공업 13퍼센트에서 시작해 현재그룹에 인수대금을 대는 조건으로 태우 주식까지 받는다,명동 13%와 현재그룹·은행 지분을 연결할 비밀 매집 경로를 확보한다,은행 지분 술자리를 준비하면서 민재는 이번 거래가 할아버지와의 관계를 돌이킬 수 없게 만들 수도 있음을 자각한다.,명동의 태우중공업 13퍼센트에서 시작해 현재그룹에 인수대금을 대는 조건으로 태우 주식까지 받는다; 현재그룹에 인수대금을 대는 대신 그들이 가진 태우 주식을 받는 교환안까지 다이먼이 설계한다; 명동 13%와 현재그룹·은행 지분을 연결할 비밀 매집 경로를 확보한다,명동의 태우중공업 13퍼센트에서 시작해 현재그룹에 인수대금을 대는 조건으로 태우 주식까지 받는다; 현재그룹에 인수대금을 대는 대신 그들이 가진 태우 주식을 받는 교환안까지 다이먼이 설계한다; 명동 13%와 현재그룹·은행 지분을 연결할 비밀 매집 경로를 확보한다,명동 13퍼센트와 현재그룹 구매력·태우 주식 교환을 설계해 지분 정보와 40퍼센트 인수전 준비가 앞선다.,명동 13퍼센트와 현재그룹 구매력·태우 주식 교환을 설계해 지분 정보와 40퍼센트 인수전 준비가 앞선다.,리본은 실제 장면 체류에 맞춰 재배분
59,59화,L10841~L11024,EDIT,EDIT,EDIT,6,6,7,5,8,7,0.24/0.21/0.24/0.06/0.25,0.29/0.13/0.30/0.09/0.19,6개 은행과 태우중공업 지분 양도 가능성·10억 달러 예금 조건을 맞추고 다음 날 계약서에 도장 찍기로 한 뒤 사우디에서 살만에게 검을 내보인다.,6개 은행의 계약 전 협상선과 살만 접견·검 제시까지 확보한다.,"은행들이 다음 날 실제 날인할지, 살만이 표트르 대제의 검에 어떻게 반응할지 아직 열려 있다.",은행마다 10억 달러를 예금해 태우중공업 주식 약 10%를 모은 뒤 사우디로 가 살만에게 표트르 대제의 검을 내보인다; 살만의 왕위 욕망을 읽은 김민재가 러시아 차르의 검을 선물로 택한다; 은행 지분 협조와 살만에게 직접 정유 협력을 제안할 왕실 접견을 얻는다,"6개 은행과 태우중공업 지분 양도 가능성·10억 달러 예금 조건을 맞추고 다음 날 계약서에 도장 찍기로 한 뒤 사우디에서 살만에게 검을 내보인다; 은행들은 10억 달러 예금과 태우중공업 지분 약 10퍼센트 양도안을 검토해 다음 날 날인하기로 하고, 살만은 민재가 가져온 검에 주목한다; 6개 은행의 계약 전 협상선과 살만 접견·검 제시까지 확보한다",은행마다 10억 달러를 예금해 중공업 지분을 모으고 살만 접견으로 넘어가 돈과 금융 관계가 균형을 이룬다.,6개 은행과 지분 양도 가능성·10억 달러 예금 조건·다음 날 날인 일정을 맞추는 장면이다. 소유권 지급 전이라 협상 정보와 관계에 오래 머문다.,보상은 실제 지급만 세어 7→5 판정; 훅은 마지막 프레임의 열린 질문만 세어 8→7 판정; 리본은 실제 장면 체류에 맞춰 재배분
60,60화,L11025~L11199,EDIT,PASS,PASS,6,6,8,8,8,8,0.18/0.26/0.31/0.08/0.17,0.18/0.26/0.31/0.08/0.17,살만에게 표트르 대제의 검을 주고 귀국해 아크만 명의로 태우 중소계열사 3곳을 적대인수한다,살만과의 관계 진전과 아크만 명의 중소 계열사 세 곳의 경영권을 얻는다.,가족을 보호하면서도 비리 자료를 어디까지 써서 남은 지분을 가져올 수 있는가?,살만에게 표트르 대제의 검을 주고 귀국해 아크만 명의로 태우 중소계열사 3곳을 적대인수한다; 다이먼은 미국 언론과 김태중 비리 자료를 협상 지렛대로 쓸 수 있다고 제안한다; 아람코 협력 가능성과 태우중공업 지분을 가진 중소계열사 세 곳의 경영권을 확보한다,살만에게 표트르 대제의 검을 주고 귀국해 아크만 명의로 태우 중소계열사 3곳을 적대인수한다; 다이먼은 미국 언론과 김태중 비리 자료를 협상 지렛대로 쓸 수 있다고 제안한다; 살만과의 관계 진전과 아크만 명의 중소 계열사 세 곳의 경영권을 얻는다,살만에게 표트르 검을 주고 아크만 명의로 계열사 셋을 인수해 왕실 관계와 경영권 행동이 중심이다.,"살만에게 표트르 대제의 검을 건네 아람코 협력의 온도를 올린 뒤, 아크만 명의로 태우 중소계열사 세 곳의 경영권을 실제 가져온다. 다이먼이 비리 자료를 지렛대로 제안하는 끝에서는 가족을 다치지 않게 하면서 남은 지분을 얻어야 한다는 제약이 승리감을 눌러 준다.","기존 점수·리본 유지; 원문 하드 경계와 인접 회차 대비 재확인; L11025~L11199 수동 재독; 점수·리본 유지, 기계적 note만 장면별 편집문으로 교체; L11025~L11199 수동 재독; 기계적 note를 장면별 편집문으로 교체; L11025~L11199 수동 재독; 기계적 note를 장면별 편집문으로 교체; L11025~L11199 수동 재독; 기계적 note를 장면별 편집문으로 교체; L11025~L11199 수동 재독; 기계적 note를 장면별 편집문으로 교체; L11025~L11199 수동 재독; 기계적 note를 장면별 편집문으로 교체; L11025~L11199 수동 재독; 기계적 note를 장면별 편집문으로 교체; L11025~L11199 수동 재독; 기계적 note를 장면별 편집문으로 교체; L11025~L11199 수동 재독; 기계적 note를 장면별 편집문으로 교체; L11025~L11199 수동 재독; 기계적 note를 장면별 편집문으로 교체; L11025~L11199 수동 재독; 기계적 note를 장면별 편집문으로 교체; L11025~L11199 수동 재독; 기계적 note를 장면별 편집문으로 교체; L11025~L11199 수동 재독; 기계적 note를 장면별 편집문으로 교체"
61,61화,L11200~L11399,PASS,EDIT,PASS,8,8,8,7,9,8,0.22/0.22/0.20/0.07/0.29,0.22/0.22/0.20/0.07/0.29,아크만이 태우중공업 36퍼센트를 모아 태우 측 20퍼센트를 앞서자 사우디 5조 정유사 안을 김태중에게 내민다,태우 측을 앞선 36% 지분과 조선 분리안을 논의할 협상 주도권을 확보한다,김태중이 5조 원 정유안을 믿고 태우조선 분리매각을 허락할 것인가?,아크만이 태우중공업 36퍼센트를 모아 태우 측 20퍼센트를 앞서자 사우디 5조 정유사 안을 김태중에게 내민다; 김민재는 SS오일·태우화학·중공업 정유부문의 합작을 제시하면서 실제 가능성 속에 시점의 허풍을 섞는다; 태우 측을 앞선 36% 지분과 조선 분리안을 논의할 협상 주도권을 확보한다,아크만이 태우중공업 36퍼센트를 모아 태우 측 20퍼센트를 앞서자 사우디 5조 정유사 안을 김태중에게 내민다; 김민재는 SS오일·태우화학·중공업 정유부문의 합작을 제시하면서 실제 가능성 속에 시점의 허풍을 섞는다; 태우 측을 앞선 36% 지분과 조선 분리안을 논의할 협상 주도권을 확보한다,아크만 36퍼센트 지분 우위와 사우디 5조 정유사 안을 동시에 내밀어 지분·사업 규모가 압박을 만든다.,아크만 36퍼센트 지분 우위와 사우디 5조 정유사 안을 동시에 내밀어 지분·사업 규모가 압박을 만든다.,보상은 실제 지급만 세어 8→7 판정; 훅은 마지막 프레임의 열린 질문만 세어 9→8 판정
62,62화,L11400~L11547,PASS,EDIT,PASS,7,7,9,8,8,8,0.20/0.25/0.27/0.08/0.20,0.20/0.25/0.27/0.08/0.20,사우디 직인 계약서를 보여 태우중공업에서 조선을 떼고 SS오일·태우화학과 정유사를 만들자고 설득한다,태우조선을 중공업에서 떼어 부채·오강철과 함께 팔 수 있는 공식 결정권을 얻는다,다이먼이 태우조선을 얼마에 팔고 부채와 오강철까지 매수자에게 넘길 수 있는가?,사우디 직인 계약서를 보여 태우중공업에서 조선을 떼고 SS오일·태우화학과 정유사를 만들자고 설득한다; 사우디 직인이 찍힌 문서를 보자 사장단과 김태중이 정유 합작을 믿고 조선 매각을 김민재에게 맡긴다; 태우조선을 중공업에서 떼어 부채·오강철과 함께 팔 수 있는 공식 결정권을 얻는다,사우디 직인 계약서를 보여 태우중공업에서 조선을 떼고 SS오일·태우화학과 정유사를 만들자고 설득한다; 사우디 직인이 찍힌 문서를 보자 사장단과 김태중이 정유 합작을 믿고 조선 매각을 김민재에게 맡긴다; 태우조선을 중공업에서 떼어 부채·오강철과 함께 팔 수 있는 공식 결정권을 얻는다,사우디 직인 계약서로 김태중을 설득해 태우조선 분리와 오강철 처리권을 얻어 협상·권력관계가 앞선다.,사우디 직인 계약서로 김태중을 설득해 태우조선 분리와 오강철 처리권을 얻어 협상·권력관계가 앞선다.,보상은 실제 지급만 세어 9→8 판정
63,63화,L11548~L11745,PASS,EDIT,PASS,6,6,8,7,8,7,0.28/0.18/0.15/0.06/0.33,0.28/0.18/0.15/0.06/0.33,다이먼이 태우조선을 1조2천억 원에 사서 자금을 아람코 법인에 묶고 태우전자 2조 부채도 진단한다,태우조선을 1조2천억 원에 매각해 조선 부채를 그룹 밖으로 떼고 전자 부채의 절감 목표를 특정한다,김태중은 이노폰을 성공시킨 휴대폰 사업부 매각을 받아들일 것인가?,다이먼이 태우조선을 1조2천억 원에 사서 자금을 아람코 법인에 묶고 태우전자 2조 부채도 진단한다; 다이먼의 부채 진단을 들은 김민재가 이번에는 흑자인 휴대폰 사업부를 떼어 팔겠다고 김태중에게 제안한다; 태우조선을 1조2천억 원에 매각해 조선 부채를 그룹 밖으로 떼고 전자 부채의 절감 목표를 특정한다,다이먼이 태우조선을 1조2천억 원에 사서 자금을 아람코 법인에 묶고 태우전자 2조 부채도 진단한다; 다이먼의 부채 진단을 들은 김민재가 이번에는 흑자인 휴대폰 사업부를 떼어 팔겠다고 김태중에게 제안한다; 태우조선을 1조2천억 원에 매각해 조선 부채를 그룹 밖으로 떼고 전자 부채의 절감 목표를 특정한다,다이먼이 조선을 1조2천억 원에 사며 부채와 전자 이자절감 수치를 진단해 금융 정보·자산 비중이 높다.,다이먼이 태우조선을 1조2천억 원에 사들이며 부채와 태우전자의 이자절감 수치를 바로 계산한다. 인수금보다 숫자를 해부하는 속도가 빨라 새 자산이 그룹 현금흐름에 어떻게 꽂히는지가 선명해진다.,보상은 실제 지급만 세어 8→7 판정; 훅은 마지막 프레임의 열린 질문만 세어 8→7 판정; L11548~L11745 수동 재독; 범용 중심·비중 문구를 장면 리듬으로 교체; L11548~L11745 수동 재독; 범용 중심·비중 문구를 장면 리듬으로 교체; L11548~L11745 수동 재독; 범용 중심·비중 문구를 장면 리듬으로 교체; L11548~L11745 수동 재독; 범용 중심·비중 문구를 장면 리듬으로 교체; L11548~L11745 수동 재독; 범용 중심·비중 문구를 장면 리듬으로 교체; L11548~L11745 수동 재독; 범용 중심·비중 문구를 장면 리듬으로 교체; L11548~L11745 수동 재독; 범용 중심·비중 문구를 장면 리듬으로 교체; L11548~L11745 수동 재독; 범용 중심·비중 문구를 장면 리듬으로 교체; L11548~L11745 수동 재독; 범용 중심·비중 문구를 장면 리듬으로 교체; L11548~L11745 수동 재독; 범용 중심·비중 문구를 장면 리듬으로 교체; L11548~L11745 수동 재독; 범용 중심·비중 문구를 장면 리듬으로 교체
64,64화,L11746~L11893,PASS,EDIT,PASS,7,7,6,5,9,8,0.27/0.21/0.34/0.12/0.06,0.27/0.21/0.34/0.12/0.06,김태중에게 애플 주식 10% 교환과 공동브랜드 조건을 설명해 매각 검토를 끌어낸 뒤 오강철·하청업체의 태우조선 파업 모의를 감시한다,휴대폰 사업부를 애플 지분과 바꿀 협상안을 공식 검토 대상으로 올린다,파업 전에 오강철과 하청업체의 돈·동원 증거를 잡아 정당한 매각 절차를 지킬 수 있는가?,김태중에게 애플 주식 10% 교환과 공동브랜드 조건을 설명해 매각 검토를 끌어낸 뒤 오강철·하청업체의 태우조선 파업 모의를 감시한다; 강인식은 오강철이 하청업체 사장과 접촉하고 노조 간부가 회동한다는 정황을 보고한다; 휴대폰 사업부를 애플 지분과 바꿀 협상안을 공식 검토 대상으로 올린다,김태중에게 애플 주식 10% 교환과 공동브랜드 조건을 설명해 매각 검토를 끌어낸 뒤 오강철·하청업체의 태우조선 파업 모의를 감시한다; 강인식은 오강철이 하청업체 사장과 접촉하고 노조 간부가 회동한다는 정황을 보고한다; 휴대폰 사업부를 애플 지분과 바꿀 협상안을 공식 검토 대상으로 올린다,애플 주식 교환·공동브랜드로 김태중의 검토 승인을 얻지만 오강철 파업이 떠 관계 협상과 훅이 강하다.,애플 주식 교환·공동브랜드로 김태중의 검토 승인을 얻지만 오강철 파업이 떠 관계 협상과 훅이 강하다.,보상은 실제 지급만 세어 6→5 판정; 훅은 마지막 프레임의 열린 질문만 세어 9→8 판정
65,65화,L11894~L12073,PASS,EDIT,PASS,8,8,7,6,8,8,0.18/0.36/0.25/0.08/0.13,0.18/0.36/0.25/0.08/0.13,태우조선 파업의 하청비리를 검찰에 넘기고 현진·삼진·현재를 잠재 매수자로 경쟁시킨다,파업을 법적으로 제압할 자료와 태우조선 매각가를 높일 다자 경쟁구도를 확보한다,오강철을 실제로 제거한 뒤 어느 경쟁자가 태우조선 부채까지 떠안을 것인가?,태우조선 파업의 하청비리를 검찰에 넘기고 현진·삼진·현재를 잠재 매수자로 경쟁시킨다; 현재그룹과 삼진그룹이 상대에게 조선을 내주기 싫어한다는 감정이 가장 강한 가격 지렛대로 드러난다; 파업을 법적으로 제압할 자료와 태우조선 매각가를 높일 다자 경쟁구도를 확보한다,태우조선 파업의 하청비리를 검찰에 넘기고 현진·삼진·현재를 잠재 매수자로 경쟁시킨다; 현재그룹과 삼진그룹이 상대에게 조선을 내주기 싫어한다는 감정이 가장 강한 가격 지렛대로 드러난다; 파업을 법적으로 제압할 자료와 태우조선 매각가를 높일 다자 경쟁구도를 확보한다,하청비리를 검찰에 넘기고 현진·삼진·현재를 경쟁시켜 파업 진압과 입찰 행동에 오래 머문다.,하청비리를 검찰에 넘기고 현진·삼진·현재를 경쟁시켜 파업 진압과 입찰 행동에 오래 머문다.,보상은 실제 지급만 세어 7→6 판정
66,66화,L12074~L12283,PASS,EDIT,PASS,7,7,7,6,9,8,0.18/0.32/0.27/0.13/0.10,0.18/0.32/0.27/0.13/0.10,오강철과 비리 하청업체를 법적으로 제거해 태우조선 매각판을 정리한 뒤 애플 협상을 보고하지만 김태중이 휴대폰 사업부 매각을 끝내 거부한다,태우조선을 비리 없이 팔 수 있는 상태와 휴대폰 매각을 표결에 부칠 법적 선택지를 얻는다,김민재가 우호 의결권을 모아 김태중의 반대표보다 많은 표를 만들 수 있는가?,오강철과 비리 하청업체를 법적으로 제거해 태우조선 매각판을 정리한 뒤 애플 협상을 보고하지만 김태중이 휴대폰 사업부 매각을 끝내 거부한다; 설득이 모두 실패하자 김민재는 회장 허락과 별개로 주주총회에서 매각을 결정하겠다고 선언한다; 태우조선을 비리 없이 팔 수 있는 상태와 휴대폰 매각을 표결에 부칠 법적 선택지를 얻는다,오강철과 비리 하청업체를 법적으로 제거해 태우조선 매각판을 정리한 뒤 애플 협상을 보고하지만 김태중이 휴대폰 사업부 매각을 끝내 거부한다; 설득이 모두 실패하자 김민재는 회장 허락과 별개로 주주총회에서 매각을 결정하겠다고 선언한다; 태우조선을 비리 없이 팔 수 있는 상태와 휴대폰 매각을 표결에 부칠 법적 선택지를 얻는다,오강철·하청업체를 제거해 조선을 정리했지만 김태중이 휴대폰 매각을 거부해 행동 보상 뒤 관계 긴장이 남는다.,오강철·하청업체를 제거해 조선을 정리했지만 김태중이 휴대폰 매각을 거부해 행동 보상 뒤 관계 긴장이 남는다.,보상은 실제 지급만 세어 7→6 판정; 훅은 마지막 프레임의 열린 질문만 세어 9→8 판정
67,67화,L12284~L12471,PASS,PASS,PASS,8,8,5,5,9,9,0.23/0.25/0.36/0.12/0.04,0.23/0.25/0.36/0.12/0.04,김태중 허락 없이 주주총회 의결로 휴대폰 사업부를 팔겠다고 맞서고 우호 의결권을 모은다,국민연금·명동·은행을 결집해 매각안을 표결로 결정할 수 있는 의결권 블록을 만든다,개표에서 찬성 30%가 김태중 쪽 반대 25%를 실제로 넘어설 것인가?,김태중 허락 없이 주주총회 의결로 휴대폰 사업부를 팔겠다고 맞서고 우호 의결권을 모은다; 설명 절차를 생략한 투표장에서 김태중이 첫 표를 넣고 김민재가 두 번째로 뒤따르며 대결이 가시화된다; 국민연금·명동·은행을 결집해 매각안을 표결로 결정할 수 있는 의결권 블록을 만든다,김태중 허락 없이 주주총회 의결로 휴대폰 사업부를 팔겠다고 맞서고 우호 의결권을 모은다; 설명 절차를 생략한 투표장에서 김태중이 첫 표를 넣고 김민재가 두 번째로 뒤따르며 대결이 가시화된다; 국민연금·명동·은행을 결집해 매각안을 표결로 결정할 수 있는 의결권 블록을 만든다,김태중 허락 없이 주총 의결을 택하고 우호표를 모아 조손 감정보다 공식 권력관계 대결에 체류한다.,김태중 허락 없이 주총 의결을 택하고 우호표를 모아 조손 감정보다 공식 권력관계 대결에 체류한다.,기존 점수·리본 유지; 원문 하드 경계와 인접 회차 대비 재확인
68,68화,L12472~L12681,PASS,EDIT,PASS,9,9,9,8,8,7,0.16/0.27/0.29/0.10/0.18,0.16/0.27/0.29/0.10/0.18,국민연금·명동·은행 지분으로 찬성 30% 대 반대 25%를 만들어 매각안을 통과시킨 뒤 CES에 슬라이드폰·가전·엠피맨을 전시하고 스티브에게 엠피맨을 건넨다,"휴대폰 사업부 매각 승인과 태우전자 독립경영 원칙, CES의 세계적 관심을 얻는다",엠피맨을 본 스티브가 애플 이사회에 어떤 인수안과 미래 제품을 제시할 것인가?,"국민연금·명동·은행 지분으로 찬성 30% 대 반대 25%를 만들어 매각안을 통과시킨 뒤 CES에 슬라이드폰·가전·엠피맨을 전시하고 스티브에게 엠피맨을 건넨다; 스티브가 엠피맨을 직접 들어 보면서 실패한 한국 제품이 애플의 다음 혁신 씨앗으로 바뀔 가능성이 열린다; 휴대폰 사업부 매각 승인과 태우전자 독립경영 원칙, CES의 세계적 관심을 얻는다","국민연금·명동·은행 지분으로 찬성 30% 대 반대 25%를 만들어 매각안을 통과시킨 뒤 CES에 슬라이드폰·가전·엠피맨을 전시하고 스티브에게 엠피맨을 건넨다; 스티브가 엠피맨을 직접 들어 보면서 실패한 한국 제품이 애플의 다음 혁신 씨앗으로 바뀔 가능성이 열린다; 휴대폰 사업부 매각 승인과 태우전자 독립경영 원칙, CES의 세계적 관심을 얻는다",국민연금·명동·은행 표로 30대25를 만들어 김태중을 이기고 독립 경영을 얻어 의결 행동과 지위 보상이 크다.,국민연금·명동·은행 표를 합쳐 이사회에서 30대25를 만들고 김태중의 반대를 넘어선다. 표결 숫자가 김민재의 독립경영권으로 환전돼 조손 대립의 결론을 눈앞에서 보여 준다.,보상은 실제 지급만 세어 9→8 판정; 훅은 마지막 프레임의 열린 질문만 세어 8→7 판정; L12472~L12681 수동 재독; 편집 메타어를 실제 장면·숫자·사람 반응으로 교체; L12472~L12681 수동 재독; 편집 메타어를 실제 장면·숫자·사람 반응으로 교체
69,69화,L12682~L12849,PASS,EDIT,PASS,5,5,9,8,8,7,0.17/0.29/0.20/0.08/0.26,0.17/0.29/0.20/0.08/0.26,스티브가 태우 휴대폰 사업부 인수안을 애플 이사회에 올리고 김민재가 SAVE에서 공장까지 포함한 인수자금을 대겠다고 약속한다,애플과 태우가 구체적인 주식 교환·공동브랜드 조건을 협상할 수 있는 승인을 얻는다,김민재는 현금 대신 애플 지분과 공동로고를 얼마나 받아낼 수 있는가?,스티브가 태우 휴대폰 사업부 인수안을 애플 이사회에 올리고 김민재가 SAVE에서 공장까지 포함한 인수자금을 대겠다고 약속한다; SAVE가 인수비 전액을 부담하겠다고 하자 이사회의 가장 큰 현금 반대가 사라진다; 애플과 태우가 구체적인 주식 교환·공동브랜드 조건을 협상할 수 있는 승인을 얻는다,스티브가 태우 휴대폰 사업부 인수안을 애플 이사회에 올리고 김민재가 SAVE에서 공장까지 포함한 인수자금을 대겠다고 약속한다; SAVE가 인수비 전액을 부담하겠다고 하자 이사회의 가장 큰 현금 반대가 사라진다; 애플과 태우가 구체적인 주식 교환·공동브랜드 조건을 협상할 수 있는 승인을 얻는다,슬라이드폰·TV·엠피맨 수상과 주문 폭주 뒤 애플 인수안이 올라 제품 행동과 시장 지위가 중심이다.,슬라이드폰·TV·엠피맨 수상과 주문폭주가 연달아 터진 뒤 애플 인수안이 올라온다. 제품 승리의 환호를 길게 누리지 않고 훨씬 큰 소유권 질문으로 회차를 꺾는다.,보상은 실제 지급만 세어 9→8 판정; 훅은 마지막 프레임의 열린 질문만 세어 8→7 판정; L12682~L12849 수동 재독; 범용 중심·비중 문구를 장면 리듬으로 교체; L12682~L12849 수동 재독; 범용 중심·비중 문구를 장면 리듬으로 교체; L12682~L12849 수동 재독; 범용 중심·비중 문구를 장면 리듬으로 교체; L12682~L12849 수동 재독; 범용 중심·비중 문구를 장면 리듬으로 교체; L12682~L12849 수동 재독; 범용 중심·비중 문구를 장면 리듬으로 교체; L12682~L12849 수동 재독; 범용 중심·비중 문구를 장면 리듬으로 교체; L12682~L12849 수동 재독; 범용 중심·비중 문구를 장면 리듬으로 교체; L12682~L12849 수동 재독; 범용 중심·비중 문구를 장면 리듬으로 교체; L12682~L12849 수동 재독; 범용 중심·비중 문구를 장면 리듬으로 교체; L12682~L12849 수동 재독; 범용 중심·비중 문구를 장면 리듬으로 교체; L12682~L12849 수동 재독; 범용 중심·비중 문구를 장면 리듬으로 교체
70,70화,L12850~L13024,PASS,EDIT,PASS,6,6,10,9,8,6,0.18/0.18/0.21/0.06/0.37,0.18/0.18/0.21/0.06/0.37,애플과 주식 10퍼센트 교환·공동로고를 합의하고 SAVE가 인수비를 낸 뒤 구글 49퍼센트를 10억 달러에 산다,"애플 주식 10%·공동로고, 구글 우호지분 49%와 SAVE가 부담하는 인수 구조를 확보한다",슬라이드폰 주문이 폭주하자 우성일은 곧 애플로 넘어갈 휴대폰 사업부가 많이 아깝다고 털어놓는다,"애플과 주식 10퍼센트 교환·공동로고를 합의하고 SAVE가 인수비를 낸 뒤 구글 49퍼센트를 10억 달러에 산다; 연속 흥행을 본 우성일도 아쉬워하지만 김민재는 더 큰 지분을 위해 현재 이익을 포기하기로 한다; 애플 주식 10%·공동로고, 구글 우호지분 49%와 SAVE가 부담하는 인수 구조를 확보한다","애플과 주식 10퍼센트 교환·공동로고를 합의하고 SAVE가 인수비를 낸 뒤 구글 49퍼센트를 10억 달러에 산다; 연속 흥행을 본 우성일도 아쉬워하지만 김민재는 더 큰 지분을 위해 현재 이익을 포기하기로 한다; 애플 주식 10%·공동로고, 구글 우호지분 49%와 SAVE가 부담하는 인수 구조를 확보한다",애플 10퍼센트 교환·공동로고와 구글 49퍼센트 매입이 이어져 계약 자산과 지배블록 지급이 절정이다.,애플 10퍼센트 교환·공동로고와 구글 49퍼센트 매입이 이어져 계약 자산과 지배블록 지급이 절정이다.,보상은 실제 지급만 세어 10→9 판정; 훅은 마지막 프레임의 열린 질문만 세어 8→6 판정
71,71화,L13025~L13225,PASS,EDIT,PASS,5,5,8,7,9,7,0.20/0.19/0.31/0.12/0.18,0.20/0.19/0.31/0.12/0.18,500대도 못 판 엠피맨의 황영철을 구해 디지털케이스를 인수하고 팀을 애플 MP3 개발로 옮긴다,황영철 팀·MP3 기술을 애플 개발로 살리고 전 계열사를 조정할 사장급 기획본부장 역할을 얻는다,그룹 기획본부장으로서 첫 세계화 표적을 어느 나라와 어떤 제품으로 잡을 것인가?,500대도 못 판 엠피맨의 황영철을 구해 디지털케이스를 인수하고 팀을 애플 MP3 개발로 옮긴다; 김민재는 디지털케이스 100%와 MCA 레코드 인수선을 마련한 뒤 김태중에게 기획실 이동과 세계화를 약속한다; 황영철 팀·MP3 기술을 애플 개발로 살리고 전 계열사를 조정할 사장급 기획본부장 역할을 얻는다,500대도 못 판 엠피맨의 황영철을 구해 디지털케이스를 인수하고 팀을 애플 MP3 개발로 옮긴다; 김민재는 디지털케이스 100%와 MCA 레코드 인수선을 마련한 뒤 김태중에게 기획실 이동과 세계화를 약속한다; 황영철 팀·MP3 기술을 애플 개발로 살리고 전 계열사를 조정할 사장급 기획본부장 역할을 얻는다,황영철을 구해 회사를 인수하고 팀을 애플 MP3로 옮기며 기획본부 이동 명분을 얻어 관계·지위가 앞선다.,황영철을 구해 회사를 인수하고 팀을 애플 MP3로 옮기며 기획본부 이동 명분을 얻어 관계·지위가 앞선다.,보상은 실제 지급만 세어 8→7 판정; 훅은 마지막 프레임의 열린 질문만 세어 9→7 판정
72,72화,L13226~L13417,PASS,EDIT,PASS,6,6,7,6,9,7,0.31/0.19/0.29/0.07/0.14,0.31/0.19/0.29/0.07/0.14,사장급 기획본부장이 되어 루마니아산 태우차 중국 판매를 설계하고 쩡훙친을 만난다,전 계열사 세계화 권한과 중국 판매를 결정할 쩡훙친과의 직접 협상 자리를 확보한다,쩡훙친의 아들과 체면을 지키면서 허가·관세 우대를 얻을 수 있는가?,사장급 기획본부장이 되어 루마니아산 태우차 중국 판매를 설계하고 쩡훙친을 만난다; 쩡훙친의 상세정보에서 숨겨진 아들이 있다는 사실이 드러나지만 김민재는 이를 협박이 아닌 보호 카드로 삼으려 한다; 전 계열사 세계화 권한과 중국 판매를 결정할 쩡훙친과의 직접 협상 자리를 확보한다,사장급 기획본부장이 되어 루마니아산 태우차 중국 판매를 설계하고 쩡훙친을 만난다; 쩡훙친의 상세정보에서 숨겨진 아들이 있다는 사실이 드러나지만 김민재는 이를 협박이 아닌 보호 카드로 삼으려 한다; 전 계열사 세계화 권한과 중국 판매를 결정할 쩡훙친과의 직접 협상 자리를 확보한다,사장급 본부장으로 루마니아차 중국 판매를 설계하고 쩡훙친의 숨은 아들을 읽어 정보·인맥이 중심이다.,사장급 본부장 자리에서 루마니아차의 중국 판매를 설계하다 쩡훙친의 숨겨진 아들을 읽어 낸다. 자동차 유통회의가 중국 권력층의 가족비밀을 쥔 인맥전으로 변한다.,보상은 실제 지급만 세어 7→6 판정; 훅은 마지막 프레임의 열린 질문만 세어 9→7 판정; L13226~L13417 수동 재독; 범용 중심·비중 문구를 장면 리듬으로 교체; L13226~L13417 수동 재독; 범용 중심·비중 문구를 장면 리듬으로 교체; L13226~L13417 수동 재독; 범용 중심·비중 문구를 장면 리듬으로 교체; L13226~L13417 수동 재독; 범용 중심·비중 문구를 장면 리듬으로 교체; L13226~L13417 수동 재독; 범용 중심·비중 문구를 장면 리듬으로 교체; L13226~L13417 수동 재독; 범용 중심·비중 문구를 장면 리듬으로 교체; L13226~L13417 수동 재독; 범용 중심·비중 문구를 장면 리듬으로 교체; L13226~L13417 수동 재독; 범용 중심·비중 문구를 장면 리듬으로 교체; L13226~L13417 수동 재독; 범용 중심·비중 문구를 장면 리듬으로 교체; L13226~L13417 수동 재독; 범용 중심·비중 문구를 장면 리듬으로 교체; L13226~L13417 수동 재독; 범용 중심·비중 문구를 장면 리듬으로 교체
73,73화,L13418~L13604,PASS,EDIT,PASS,6,6,8,7,8,8,0.20/0.21/0.41/0.09/0.09,0.20/0.21/0.41/0.09/0.09,쩡훙친의 아들 안전과 체면을 지켜 중국 판매 허가·관세 우대를 받고 포드 합작안을 꺼낸다,"중국 판매 허가·관세 우대와 쩡훙친의 신뢰, 포드를 협상장에 부를 지분 지렛대를 얻는다",포드가 태우·상하이자동차와 생산·판매권을 나누는 3사 합작에 응할 것인가?,"쩡훙친의 아들 안전과 체면을 지켜 중국 판매 허가·관세 우대를 받고 포드 합작안을 꺼낸다; 김민재가 포드 지분 20%를 이미 보유하고 있다는 사실이 3사 합작을 허황된 제안이 아닌 실행안으로 바꾼다; 중국 판매 허가·관세 우대와 쩡훙친의 신뢰, 포드를 협상장에 부를 지분 지렛대를 얻는다","쩡훙친의 아들 안전과 체면을 지켜 중국 판매 허가·관세 우대를 받고 포드 합작안을 꺼낸다; 김민재가 포드 지분 20%를 이미 보유하고 있다는 사실이 3사 합작을 허황된 제안이 아닌 실행안으로 바꾼다; 중국 판매 허가·관세 우대와 쩡훙친의 신뢰, 포드를 협상장에 부를 지분 지렛대를 얻는다",아들의 안전과 체면을 지켜 판매 허가·관세 우대를 받고 포드 합작을 꺼내 중국 권력관계가 지배한다.,중국 권력자의 아들 안전과 체면을 지켜 준 대가로 판매허가와 관세우대를 받는다. 이어 포드 합작을 꺼내 가족비밀에서 시작한 거래를 자동차 시장의 공식 조건으로 넓힌다.,보상은 실제 지급만 세어 8→7 판정; L13418~L13604 수동 재독; 편집 메타어를 실제 장면·숫자·사람 반응으로 교체; L13418~L13604 수동 재독; 편집 메타어를 실제 장면·숫자·사람 반응으로 교체
74,74화,L13605~L13786,PASS,EDIT,PASS,5,5,7,6,8,7,0.34/0.20/0.18/0.05/0.23,0.34/0.20/0.18/0.05/0.23,포드 대주주 지위를 활용하며 MCA 레코드로 최초 음원구매 사이트와 전기차·배터리 연구를 준비한다,"중국 완판 기록과 MCA 인수 경로, 전기차·휴대폰 배터리 선행 연구 지시를 확보한다",중국 2만 대·월 5천 대 수요가 포드를 3자 합작 계약으로 끌어들일 만큼 충분한가?,"포드 대주주 지위를 활용하며 MCA 레코드로 최초 음원구매 사이트와 전기차·배터리 연구를 준비한다; 중국 정부의 관세 우대 아래 생산차가 거의 모두 팔려 포드에 내밀 수요 증거가 생긴다; 중국 완판 기록과 MCA 인수 경로, 전기차·휴대폰 배터리 선행 연구 지시를 확보한다","포드 대주주 지위를 활용하며 MCA 레코드로 최초 음원구매 사이트와 전기차·배터리 연구를 준비한다; 중국 정부의 관세 우대 아래 생산차가 거의 모두 팔려 포드에 내밀 수요 증거가 생긴다; 중국 완판 기록과 MCA 인수 경로, 전기차·휴대폰 배터리 선행 연구 지시를 확보한다",포드 지위와 MCA 레코드로 음원구매·전기차·배터리 연구를 설계해 사업 정보와 자산 기반에 머문다.,포드 지위와 MCA 레코드로 음원구매·전기차·배터리 연구를 설계해 사업 정보와 자산 기반에 머문다.,보상은 실제 지급만 세어 7→6 판정; 훅은 마지막 프레임의 열린 질문만 세어 8→7 판정; L13605~L13786 수동 재독; 회차 필드 경계 교정; L13605~L13786 수동 재독; 회차 필드 경계 교정; L13605~L13786 수동 재독; 회차 필드 경계 교정; L13605~L13786 수동 재독; 회차 필드 경계 교정; L13605~L13786 수동 재독; 회차 필드 경계 교정; L13605~L13786 수동 재독; 회차 필드 경계 교정; L13605~L13786 수동 재독; 회차 필드 경계 교정; L13605~L13786 수동 재독; 회차 필드 경계 교정
75,75화,L13787~L13971,PASS,EDIT,PASS,6,6,9,8,8,7,0.18/0.24/0.30/0.06/0.22,0.18/0.24/0.30/0.06/0.22,중국 판매 2만 대·월 5천 대 실적으로 포드·태우·상하이자동차 3자 합작을 타결한다,중국 완성차 합작 조건과 미국시장 진입·외환위기 수출 현금원으로 쓸 생산기반을 얻는다,합의한 조건을 법인·공장으로 옮기고 상하이방 자금 통로를 노출 없이 운용할 수 있는가?,중국 판매 2만 대·월 5천 대 실적으로 포드·태우·상하이자동차 3자 합작을 타결한다; 합작 합의 뒤 김민재는 쩡훙친 측에 상하이방으로 자금이 자연스럽게 흐를 구멍을 따로 만들라고 주문한다; 중국 완성차 합작 조건과 미국시장 진입·외환위기 수출 현금원으로 쓸 생산기반을 얻는다,중국 판매 2만 대·월 5천 대 실적으로 포드·태우·상하이자동차 3자 합작을 타결한다; 합작 합의 뒤 김민재는 쩡훙친 측에 상하이방으로 자금이 자연스럽게 흐를 구멍을 따로 만들라고 주문한다; 중국 완성차 합작 조건과 미국시장 진입·외환위기 수출 현금원으로 쓸 생산기반을 얻는다,중국 판매 실적을 근거로 포드·태우·상하이차 합작을 체결해 계약 관계와 공장·수출 지위가 크다.,중국 판매실적을 근거로 포드·태우·상하이차 합작을 체결한다. 앞서 쥔 허가와 관세우대가 공장·수출 계약으로 굳어져 중국 진입의 영수증이 된다.,보상은 실제 지급만 세어 9→8 판정; 훅은 마지막 프레임의 열린 질문만 세어 8→7 판정; L13787~L13971 수동 재독; 편집 메타어를 실제 장면·숫자·사람 반응으로 교체; L13787~L13971 수동 재독; 편집 메타어를 실제 장면·숫자·사람 반응으로 교체
76,76화,L13972~L14141,PASS,EDIT,PASS,5,5,8,7,8,7,0.32/0.18/0.24/0.06/0.20,0.32/0.18/0.24/0.06/0.20,1996년 3자 합작회사를 출범시키고 태우백화점 전자상거래·태우증권 HTS 보고서를 김태중에게 올린다,"중국 합작법인과 태우 전 계열사 인터넷 전환 방침, HTS 사전 개발 승인을 확보한다",법이 열리기 전 네 달 동안 실사용 가능한 HTS와 전자상거래 조직을 만들 수 있는가?,"1996년 3자 합작회사를 출범시키고 태우백화점 전자상거래·태우증권 HTS 보고서를 김태중에게 올린다; 법 개정 뒤 경쟁사에 주어질 시간이 고작 네 달이라는 설명이 김태중에게 선행개발의 필요성을 납득시킨다; 중국 합작법인과 태우 전 계열사 인터넷 전환 방침, HTS 사전 개발 승인을 확보한다","1996년 3자 합작회사를 출범시키고 태우백화점 전자상거래·태우증권 HTS 보고서를 김태중에게 올린다; 법 개정 뒤 경쟁사에 주어질 시간이 고작 네 달이라는 설명이 김태중에게 선행개발의 필요성을 납득시킨다; 중국 합작법인과 태우 전 계열사 인터넷 전환 방침, HTS 사전 개발 승인을 확보한다",합작 출범 뒤 전자상거래·HTS 보고서를 김태중에게 올려 계열사 인터넷 전환과 개발 승인을 받는다.,합작 출범 뒤 전자상거래·HTS 보고서를 김태중에게 올려 계열사 인터넷 전환과 개발 승인을 받는다.,보상은 실제 지급만 세어 8→7 판정; 훅은 마지막 프레임의 열린 질문만 세어 8→7 판정
77,77화,L14142~L14342,PASS,EDIT,PASS,6,6,8,7,8,7,0.18/0.28/0.40/0.08/0.06,0.18/0.28/0.40/0.08/0.06,IT 인재를 뽑아 전자상거래·음원·HTS 팀과 자유출퇴근제를 만들고 제프리를 한국으로 부른다,"전자상거래·음원·HTS 전담팀과 자유출퇴근제, 이를 실제로 밀어붙일 제프리를 확보한다",제프리의 방식이 직원 이탈 없이 제품을 내고 다가오는 외환위기 전 현금원을 만들 수 있는가?,"IT 인재를 뽑아 전자상거래·음원·HTS 팀과 자유출퇴근제를 만들고 제프리를 한국으로 부른다; 제프리가 도착한 지 30분 만에 전자상거래팀부터 몰아붙이자 평온하던 부서가 성과 중심 전쟁터로 변한다; 전자상거래·음원·HTS 전담팀과 자유출퇴근제, 이를 실제로 밀어붙일 제프리를 확보한다","IT 인재를 뽑아 전자상거래·음원·HTS 팀과 자유출퇴근제를 만들고 제프리를 한국으로 부른다; 제프리가 도착한 지 30분 만에 전자상거래팀부터 몰아붙이자 평온하던 부서가 성과 중심 전쟁터로 변한다; 전자상거래·음원·HTS 전담팀과 자유출퇴근제, 이를 실제로 밀어붙일 제프리를 확보한다",IT 인재와 자유출퇴근 팀을 만든 뒤 제프리가 낡은 조직을 30분 만에 뒤집어 조직 관계 변화가 가장 크다.,IT 인재와 자유출퇴근 팀을 만든 뒤 제프리가 낡은 보고·결재 구조를 30분 만에 뒤엎는다. 새 사람을 뽑는 데서 멈추지 않고 일하는 방식 자체가 즉시 바뀐다.,보상은 실제 지급만 세어 8→7 판정; 훅은 마지막 프레임의 열린 질문만 세어 8→7 판정; L14142~L14342 수동 재독; 편집 메타어를 실제 장면·숫자·사람 반응으로 교체; L14142~L14342 수동 재독; 편집 메타어를 실제 장면·숫자·사람 반응으로 교체
78,78화,L14343~L14507,PASS,EDIT,PASS,7,7,6,5,9,8,0.31/0.21/0.27/0.08/0.13,0.31/0.21/0.27/0.08/0.13,1997년 중국차 10만 대·미국 70퍼센트 성장에도 김태중이 통신사업용 일본 차입을 추진하자 막는다,수출 성장으로 달러 현금원을 확인하고 일본 차입의 위험을 김태중에게 제동 걸 협상 여지를 얻는다,SAVE와 퀀텀이 태국에 얼마를 걸어야 한국 위기 전 충분한 현금을 확보할 수 있는가?,1997년 중국차 10만 대·미국 70퍼센트 성장에도 김태중이 통신사업용 일본 차입을 추진하자 막는다; 조지가 태국의 거품을 독자적으로 찾아내 한국까지 번질 외환위기의 첫 표적을 제시한다; 수출 성장으로 달러 현금원을 확인하고 일본 차입의 위험을 김태중에게 제동 걸 협상 여지를 얻는다,1997년 중국차 10만 대·미국 70퍼센트 성장에도 김태중이 통신사업용 일본 차입을 추진하자 막는다; 조지가 태국의 거품을 독자적으로 찾아내 한국까지 번질 외환위기의 첫 표적을 제시한다; 수출 성장으로 달러 현금원을 확인하고 일본 차입의 위험을 김태중에게 제동 걸 협상 여지를 얻는다,중국·미국 판매 성과와 일본 차입 위험을 김태중에게 대조하고 조지의 태국 공격 제안을 받아 정보 압박이 높다.,중국·미국 판매성과와 일본 차입위험을 김태중에게 한 표에서 대조한다. 가족 경영보고가 끝나자 조지가 태국 공격을 제안해 자동차 성장의 여운이 다시 환율전 경계로 꺾인다.,보상은 실제 지급만 세어 6→5 판정; 훅은 마지막 프레임의 열린 질문만 세어 9→8 판정; L14343~L14507 수동 재독; 편집 메타어를 실제 장면·숫자·사람 반응으로 교체; L14343~L14507 수동 재독; 편집 메타어를 실제 장면·숫자·사람 반응으로 교체
79,79화,L14508~L14696,PASS,EDIT,PASS,8,8,7,6,8,7,0.27/0.25/0.25/0.06/0.17,0.27/0.25/0.25/0.06/0.17,SAVE 150억 달러와 퀀텀 자금을 태국에 걸고 이선일의 한보 부도 정리를 확인한 뒤 계속 기업을 사려는 김태중 앞에서 대한민국이 부도난다고 선언한다,태국 숏 포지션과 명동의 위기 현금을 준비하고 김태중의 무한 확장에 제동을 걸 공개 경고를 한다,김태중은 대한민국 부도 경고를 믿고 신규 기업 인수를 실제로 멈출 것인가?,SAVE 150억 달러와 퀀텀 자금을 태국에 걸고 이선일의 한보 부도 정리를 확인한 뒤 계속 기업을 사려는 김태중 앞에서 대한민국이 부도난다고 선언한다; 김민재가 화이트보드의 인수 대상을 뜯어내며 지금까지 숨긴 국가부도 예측을 처음으로 가족 앞에 꺼낸다; 태국 숏 포지션과 명동의 위기 현금을 준비하고 김태중의 무한 확장에 제동을 걸 공개 경고를 한다,SAVE 150억 달러와 퀀텀 자금을 태국에 걸고 이선일의 한보 부도 정리를 확인한 뒤 계속 기업을 사려는 김태중 앞에서 대한민국이 부도난다고 선언한다; 김민재가 화이트보드의 인수 대상을 뜯어내며 지금까지 숨긴 국가부도 예측을 처음으로 가족 앞에 꺼낸다; 태국 숏 포지션과 명동의 위기 현금을 준비하고 김태중의 무한 확장에 제동을 걸 공개 경고를 한다,SAVE 150억 달러와 퀀텀 자금을 태국에 걸고 이선일의 한보 전 정리를 확인해 투자 행동·명동 관계가 균형을 이룬다.,SAVE 150억 달러와 퀀텀 자금을 태국에 걸고 이선일의 한보 전 정리를 확인해 투자 행동·명동 관계가 균형을 이룬다.,보상은 실제 지급만 세어 7→6 판정; 훅은 마지막 프레임의 열린 질문만 세어 8→7 판정
80,80화,L14697~L14870,PASS,EDIT,PASS,8,8,7,6,8,7,0.38/0.18/0.29/0.11/0.04,0.38/0.18/0.29/0.11/0.04,국가부도와 대마불사의 종말을 설명해 김태중에게 신규 인수 중단과 야당 후보 지원 결정을 받아낸다,조부의 위기 공감·신규 인수 중단·차기 정부 우호 노선이라는 방어 원칙을 얻는다,100억 원 정치후원금을 그룹과 연결되지 않은 합법 수익처럼 만들 수 있는가?,국가부도와 대마불사의 종말을 설명해 김태중에게 신규 인수 중단과 야당 후보 지원 결정을 받아낸다; 그룹이 매년 세탁해 둔 정치 비자금의 존재가 드러나자 김민재는 완전히 다른 합법 외형의 전달 방식을 찾기로 한다; 조부의 위기 공감·신규 인수 중단·차기 정부 우호 노선이라는 방어 원칙을 얻는다,국가부도와 대마불사의 종말을 설명해 김태중에게 신규 인수 중단과 야당 후보 지원 결정을 받아낸다; 그룹이 매년 세탁해 둔 정치 비자금의 존재가 드러나자 김민재는 완전히 다른 합법 외형의 전달 방식을 찾기로 한다; 조부의 위기 공감·신규 인수 중단·차기 정부 우호 노선이라는 방어 원칙을 얻는다,대마불사 종말과 국가부도를 김태중에게 설명해 인수 중단·야당 지원을 끌어내므로 정보와 조손 설득이 중심이다.,대마불사 신화와 국가부도 가능성을 김태중에게 설명해 무리한 인수를 멈추고 야당 지원을 끌어낸다. 조손 설득이 국가위기 판단과 맞물려 돈을 쓰지 않는 결정 자체가 보상이 된다.,보상은 실제 지급만 세어 7→6 판정; 훅은 마지막 프레임의 열린 질문만 세어 8→7 판정; L14697~L14870 수동 재독; 범용 중심·비중 문구를 장면 리듬으로 교체; L14697~L14870 수동 재독; 범용 중심·비중 문구를 장면 리듬으로 교체; L14697~L14870 수동 재독; 범용 중심·비중 문구를 장면 리듬으로 교체; L14697~L14870 수동 재독; 범용 중심·비중 문구를 장면 리듬으로 교체; L14697~L14870 수동 재독; 범용 중심·비중 문구를 장면 리듬으로 교체; L14697~L14870 수동 재독; 범용 중심·비중 문구를 장면 리듬으로 교체; L14697~L14870 수동 재독; 범용 중심·비중 문구를 장면 리듬으로 교체; L14697~L14870 수동 재독; 범용 중심·비중 문구를 장면 리듬으로 교체; L14697~L14870 수동 재독; 범용 중심·비중 문구를 장면 리듬으로 교체; L14697~L14870 수동 재독; 범용 중심·비중 문구를 장면 리듬으로 교체; L14697~L14870 수동 재독; 범용 중심·비중 문구를 장면 리듬으로 교체
81,81화,L14871~L15040,PASS,EDIT,PASS,6,6,9,8,8,7,0.22/0.20/0.24/0.06/0.28,0.22/0.20/0.24/0.06/0.28,야당 후원회장 펀드를 3개월 만에 10배로 만들어 100억 정치자금을 합법 수익처럼 지급한다,100억 원 지원의 자금 꼬리를 끊고 야당 우호관계와 200억 달러 이상 유동성 준비를 얻는다,현금 200억 달러를 어떤 국내 매물과 세계 IT 지분에 먼저 배치할 것인가?,야당 후원회장 펀드를 3개월 만에 10배로 만들어 100억 정치자금을 합법 수익처럼 지급한다; 기업 부실이 은행으로 번지는 구조가 가시화되자 김민재는 200억 달러를 2천억 달러로 불릴 매수장에 대비한다; 100억 원 지원의 자금 꼬리를 끊고 야당 우호관계와 200억 달러 이상 유동성 준비를 얻는다,야당 후원회장 펀드를 3개월 만에 10배로 만들어 100억 정치자금을 합법 수익처럼 지급한다; 기업 부실이 은행으로 번지는 구조가 가시화되자 김민재는 200억 달러를 2천억 달러로 불릴 매수장에 대비한다; 100억 원 지원의 자금 꼬리를 끊고 야당 우호관계와 200억 달러 이상 유동성 준비를 얻는다,후원회장 펀드를 열 배로 키워 100억 원을 합법 수익처럼 지급하고 200억 달러를 현금화해 자금 보상이 크다.,후원회장 펀드를 열 배로 키워 100억 원을 합법 수익처럼 지급하고 200억 달러를 현금화해 자금 보상이 크다.,보상은 실제 지급만 세어 9→8 판정; 훅은 마지막 프레임의 열린 질문만 세어 8→7 판정; L14871~L15040 수동 재독; 회차 필드 경계 교정; L14871~L15040 수동 재독; 회차 필드 경계 교정; L14871~L15040 수동 재독; 회차 필드 경계 교정; L14871~L15040 수동 재독; 회차 필드 경계 교정; L14871~L15040 수동 재독; 회차 필드 경계 교정; L14871~L15040 수동 재독; 회차 필드 경계 교정; L14871~L15040 수동 재독; 회차 필드 경계 교정; L14871~L15040 수동 재독; 회차 필드 경계 교정; L14871~L15040 수동 재독; 회차 필드 경계 교정; L14871~L15040 수동 재독; 회차 필드 경계 교정
82,82화,L15041~L15242,EDIT,EDIT,PASS,5,5,8,7,8,7,0.28/0.16/0.34/0.12/0.10,0.28/0.16/0.34/0.12/0.10,잡스와 냅스터 조기 출현을 논의하는 동안 김태중이 뜻밖에 전경련 회장으로 추대된다,전경련 회장단이 김태중을 차기 회장으로 미는 일제 추대안과 정부 빅딜 창구가 될 가능성을 얻는다.,일제 추천을 받은 김태중이 차기 전경련 회장직을 실제로 받아들일 것인가?,잡스와 냅스터 조기 출현을 논의하는 동안 김태중이 뜻밖에 전경련 회장으로 추대된다; 김태중이 아무 말도 하지 않았는데도 다른 총수들이 차기 전경련 회장으로 일제히 추대한다; 애플 음원전략의 선행 논의와 정부 빅딜 창구가 될 김태중의 재계 대표 지위를 얻는다,잡스와 냅스터 조기 출현을 논의하는 동안 김태중이 뜻밖에 전경련 회장으로 추대된다; 김태중이 아무 말도 하지 않았는데도 다른 총수들이 차기 전경련 회장으로 일제히 추대한다; 전경련 회장단이 김태중을 차기 회장으로 미는 일제 추대안과 정부 빅딜 창구가 될 가능성을 얻는다,냅스터 대응을 논의하다 김태중의 전경련 회장 추대를 맞아 사업 정보보다 조손·정부 관계 변화에 머문다.,"잡스와 냅스터를 먼저 띄우는 음원전략 논의는 비교적 짧고, 재계 총수들이 침묵한 김태중을 차기 전경련 회장으로 일제히 추대하는 반전이 후반을 차지한다. 정부 빅딜 창구가 될 가능성은 열리지만 당사자의 수락은 아직 들리지 않는다.","보상은 실제 지급만 세어 8→7 판정; 훅은 마지막 프레임의 열린 질문만 세어 8→7 판정; L15041~L15242 수동 재독; 점수·리본 유지, 기계적 note만 장면별 편집문으로 교체; L15041~L15242 수동 재독; 기계적 note를 장면별 편집문으로 교체; L15041~L15242 수동 재독; 기계적 note를 장면별 편집문으로 교체; L15041~L15242 수동 재독; 기계적 note를 장면별 편집문으로 교체; L15041~L15242 수동 재독; 기계적 note를 장면별 편집문으로 교체; L15041~L15242 수동 재독; 기계적 note를 장면별 편집문으로 교체; L15041~L15242 수동 재독; 기계적 note를 장면별 편집문으로 교체; L15041~L15242 수동 재독; 기계적 note를 장면별 편집문으로 교체; L15041~L15242 수동 재독; 기계적 note를 장면별 편집문으로 교체; L15041~L15242 수동 재독; 기계적 note를 장면별 편집문으로 교체; L15041~L15242 수동 재독; 기계적 note를 장면별 편집문으로 교체; L15041~L15242 수동 재독; 기계적 note를 장면별 편집문으로 교체; L15041~L15242 수동 재독; 기계적 note를 장면별 편집문으로 교체"
83,83화,L15243~L15431,PASS,EDIT,PASS,6,6,9,8,8,8,0.18/0.16/0.40/0.18/0.08,0.18/0.16/0.40/0.18/0.08,김태중에게 조선·휴대폰 매각대금 약 3조를 인수자금으로 쓰자고 밝히며 위기 속 역할을 되돌린다,"김태중의 신뢰와 약 3조 원 인수재원, 전경련 빅딜 지휘·아람코 달러 회수 동의를 얻는다",환율 정점에 아람코 달러를 들여와 부채를 모두 갚고 정유 지분까지 얻을 수 있는가?,"김태중에게 조선·휴대폰 매각대금 약 3조를 인수자금으로 쓰자고 밝히며 위기 속 역할을 되돌린다; 김민재는 평소라면 걱정할 김태중의 탐욕이 지금은 헐값 기업을 사는 전문성이라는 점을 받아들인다; 김태중의 신뢰와 약 3조 원 인수재원, 전경련 빅딜 지휘·아람코 달러 회수 동의를 얻는다","김태중에게 조선·휴대폰 매각대금 약 3조를 인수자금으로 쓰자고 밝히며 위기 속 역할을 되돌린다; 김민재는 평소라면 걱정할 김태중의 탐욕이 지금은 헐값 기업을 사는 전문성이라는 점을 받아들인다; 김태중의 신뢰와 약 3조 원 인수재원, 전경련 빅딜 지휘·아람코 달러 회수 동의를 얻는다",조선·휴대폰 매각대금 3조 원을 위기 인수금으로 돌리며 김태중의 지휘권을 되살려 관계·감정 보상이 높다.,조선·휴대폰 매각대금 3조 원을 위기기업 인수금으로 돌리고 김태중의 지휘권을 되살린다. 자산매각의 상실감보다 살아난 총수가 다시 선택하는 장면이 외환위기 반전을 확인한다.,보상은 실제 지급만 세어 9→8 판정; L15243~L15431 수동 재독; 편집 메타어를 실제 장면·숫자·사람 반응으로 교체; L15243~L15431 수동 재독; 편집 메타어를 실제 장면·숫자·사람 반응으로 교체
84,84화,L15432~L15607,PASS,EDIT,PASS,7,7,10,9,8,9,0.18/0.22/0.16/0.07/0.37,0.18/0.22/0.16/0.07/0.37,환율 정점에 아람코 자금 100억 달러를 옮겨 태우 모든 부채를 갚고 SS오일 지분을 협상한다,국내 유일의 부채율 0% 대기업 지위와 SS오일 지분을 넘겨받을 기본 합의를 얻는다,김태중의 사우디 방문이 말뿐인 약속을 6조 원 실계약과 원유 공급으로 바꿀 수 있는가?,환율 정점에 아람코 자금 100억 달러를 옮겨 태우 모든 부채를 갚고 SS오일 지분을 협상한다; 김태중과 김민재가 각본대로 식사 협상을 연기해 박 회장이 SS오일 협상과 사우디 방문을 받아들인다; 국내 유일의 부채율 0% 대기업 지위와 SS오일 지분을 넘겨받을 기본 합의를 얻는다,환율 정점에 아람코 자금 100억 달러를 옮겨 태우 모든 부채를 갚고 SS오일 지분을 협상한다; 김태중과 김민재가 각본대로 식사 협상을 연기해 박 회장이 SS오일 협상과 사우디 방문을 받아들인다; 국내 유일의 부채율 0% 대기업 지위와 SS오일 지분을 넘겨받을 기본 합의를 얻는다,환율 정점에 100억 달러를 옮겨 모든 부채를 갚고 SS오일을 협상해 재무 지위 보상이 절정이다.,환율 정점에 100억 달러를 옮겨 모든 부채를 갚고 SS오일을 협상해 재무 지위 보상이 절정이다.,보상은 실제 지급만 세어 10→9 판정; 훅은 마지막 프레임의 열린 질문만 세어 8→9 판정
85,85화,L15608~L15801,PASS,EDIT,PASS,6,6,9,8,8,8,0.20/0.22/0.31/0.06/0.21,0.20/0.22/0.31/0.06/0.21,김태중이 사우디에서 SS오일을 정리하고 압둘라에게 태우 정유 6조 투자 계약 서명을 받는다,"SS오일 재편, 태우 정유 6조 원 실계약과 장기 원유 공급선을 얻는다",워싱턴의 IMF 관계자들은 태우의 무부채와 새 정유 계약을 믿고 인수 자율성을 인정할 것인가?,"김태중이 사우디에서 SS오일을 정리하고 압둘라에게 태우 정유 6조 투자 계약 서명을 받는다; 압둘라가 직접 투자계약에 서명해 말뿐인 지원이 아니라 실행 의무가 있는 거래가 된다; SS오일 재편, 태우 정유 6조 원 실계약과 장기 원유 공급선을 얻는다","김태중이 사우디에서 SS오일을 정리하고 압둘라에게 태우 정유 6조 투자 계약 서명을 받는다; 압둘라가 직접 투자계약에 서명해 말뿐인 지원이 아니라 실행 의무가 있는 거래가 된다; SS오일 재편, 태우 정유 6조 원 실계약과 장기 원유 공급선을 얻는다",김태중이 압둘라에게 6조 정유 실계약과 원유 공급을 받아 왕실 관계와 계약 자산이 중심이다.,김태중이 압둘라에게서 6조 원 정유계약과 원유 공급을 받아낸다. 왕실 친분이 말뿐인 환대가 아니라 계약서와 물량으로 환전되는 회차다.,보상은 실제 지급만 세어 9→8 판정; L15608~L15801 수동 재독; 범용 중심·비중 문구를 장면 리듬으로 교체; L15608~L15801 수동 재독; 범용 중심·비중 문구를 장면 리듬으로 교체; L15608~L15801 수동 재독; 범용 중심·비중 문구를 장면 리듬으로 교체; L15608~L15801 수동 재독; 범용 중심·비중 문구를 장면 리듬으로 교체; L15608~L15801 수동 재독; 범용 중심·비중 문구를 장면 리듬으로 교체; L15608~L15801 수동 재독; 범용 중심·비중 문구를 장면 리듬으로 교체; L15608~L15801 수동 재독; 범용 중심·비중 문구를 장면 리듬으로 교체; L15608~L15801 수동 재독; 범용 중심·비중 문구를 장면 리듬으로 교체; L15608~L15801 수동 재독; 범용 중심·비중 문구를 장면 리듬으로 교체; L15608~L15801 수동 재독; 범용 중심·비중 문구를 장면 리듬으로 교체; L15608~L15801 수동 재독; 범용 중심·비중 문구를 장면 리듬으로 교체
86,86화,L15802~L15983,PASS,EDIT,PASS,5,5,10,9,9,8,0.19/0.27/0.24/0.07/0.23,0.19/0.27/0.24/0.07/0.23,워싱턴 IMF 임원에게 무부채 태우를 각인하고 잡스와 아이팟·음원사이트를 CES에서 공개한다,IMF 우호관계와 애플의 소비자·주가 보상을 얻어 국내 위기 매물을 살 명분과 자산가치를 키운다,귀국한 다이먼이 재계 4위 카이자동차를 어느 가격과 조건으로 가져올 것인가?,워싱턴 IMF 임원에게 무부채 태우를 각인하고 잡스와 아이팟·음원사이트를 CES에서 공개한다; 아이팟이 3일 만에 매진되고 애플 주가가 일주일 사이 두 배가 되면서 실패 기술이 세계 제품으로 증명된다; IMF 우호관계와 애플의 소비자·주가 보상을 얻어 국내 위기 매물을 살 명분과 자산가치를 키운다,워싱턴 IMF 임원에게 무부채 태우를 각인하고 잡스와 아이팟·음원사이트를 CES에서 공개한다; 아이팟이 3일 만에 매진되고 애플 주가가 일주일 사이 두 배가 되면서 실패 기술이 세계 제품으로 증명된다; IMF 우호관계와 애플의 소비자·주가 보상을 얻어 국내 위기 매물을 살 명분과 자산가치를 키운다,IMF에 무부채 신뢰를 심고 아이팟 3일 완판·애플 주가 두 배를 얻어 공개 제품 행동과 지위 보상이 크다.,IMF 앞에서 무부채 신뢰를 얻는 동안 아이팟은 사흘 만에 완판되고 애플 주가는 두 배가 된다. 장부상의 생존과 매장 안 제품반응이 동시에 나타나 태우의 선택이 시장에서 검증된다.,보상은 실제 지급만 세어 10→9 판정; 훅은 마지막 프레임의 열린 질문만 세어 9→8 판정; L15802~L15983 수동 재독; 편집 메타어를 실제 장면·숫자·사람 반응으로 교체; L15802~L15983 수동 재독; 편집 메타어를 실제 장면·숫자·사람 반응으로 교체
87,87화,L15984~L16165,PASS,EDIT,PASS,6,6,7,6,9,8,0.27/0.24/0.27/0.06/0.16,0.27/0.24/0.27/0.06/0.16,다이먼을 한국으로 불러 카이자동차 인수를 시작하고 베리뮤직 실시간 순위 시스템을 지시한다,"카이자동차 입찰팀과 국내 음원 플랫폼의 성장 장치, 통신사 인수 명분을 확보한다",카이 채권단 앞에서 현금 조건이 현재자동차의 출자전환안보다 강한가?,"다이먼을 한국으로 불러 카이자동차 인수를 시작하고 베리뮤직 실시간 순위 시스템을 지시한다; 음원 순위와 이노폰2·아이팟 로열티를 점검하던 김민재가 자체 통신회사가 필요하다는 다음 인수 이유를 발견한다; 카이자동차 입찰팀과 국내 음원 플랫폼의 성장 장치, 통신사 인수 명분을 확보한다","다이먼을 한국으로 불러 카이자동차 인수를 시작하고 베리뮤직 실시간 순위 시스템을 지시한다; 음원 순위와 이노폰2·아이팟 로열티를 점검하던 김민재가 자체 통신회사가 필요하다는 다음 인수 이유를 발견한다; 카이자동차 입찰팀과 국내 음원 플랫폼의 성장 장치, 통신사 인수 명분을 확보한다",다이먼을 불러 카이자동차 인수를 시작하고 베리뮤직 순위를 지시해 전략 정보·실행팀 관계가 균형을 이룬다.,다이먼을 불러 카이자동차 인수를 시작하고 베리뮤직 순위를 지시해 전략 정보·실행팀 관계가 균형을 이룬다.,보상은 실제 지급만 세어 7→6 판정; 훅은 마지막 프레임의 열린 질문만 세어 9→8 판정
88,88화,L16166~L16347,EDIT,EDIT,PASS,7,7,9,8,8,9,0.17/0.25/0.24/0.06/0.28,0.17/0.25/0.24/0.06/0.28,카이자동차 채권단에 현금 3조5천억 원을 달러로 제시해 현재자동차의 출자전환안을 압도한다,카이자동차 채권단에 3조5천억 원 현금이라는 가장 강한 조건을 내고 김태중의 후계 신뢰를 확인한다.,채권단이 태우를 최종 선택해 카이자동차 지분 51%를 넘길 것인가?,카이자동차 채권단에 현금 3조5천억 원을 달러로 제시해 현재자동차의 출자전환안을 압도한다; 김태중이 달러 현금 지급을 못 박자 다른 후보가 같은 조건을 내기 어렵다는 사실이 분명해진다; 카이자동차의 유력·우선 인수자 지위와 김태중의 후계자 신뢰를 얻는다,카이자동차 채권단에 현금 3조5천억 원을 달러로 제시해 현재자동차의 출자전환안을 압도한다; 김태중이 달러 현금 지급을 못 박자 다른 후보가 같은 조건을 내기 어렵다는 사실이 분명해진다; 카이자동차 채권단에 3조5천억 원 현금이라는 가장 강한 조건을 내고 김태중의 후계 신뢰를 확인한다,채권단에 달러 현금 3조5천억 원을 제시해 현재차 안을 누르고 우선권을 얻어 자금·협상 보상이 높다.,현재자동차의 출자전환안과 맞붙은 채권단 회의에서 김태중이 달러 현금 3조5천억 원을 못 박는 순간이 협상의 봉우리다. 가장 강한 조건과 후계 신뢰는 얻었으나 카이자동차 지분 51퍼센트의 최종 이전은 다음 판단으로 남는다.,"보상은 실제 지급만 세어 9→8 판정; 훅은 마지막 프레임의 열린 질문만 세어 8→9 판정; L16166~L16347 수동 재독; 점수·리본 유지, 기계적 note만 장면별 편집문으로 교체; L16166~L16347 수동 재독; 기계적 note를 장면별 편집문으로 교체; L16166~L16347 수동 재독; 기계적 note를 장면별 편집문으로 교체; L16166~L16347 수동 재독; 기계적 note를 장면별 편집문으로 교체; L16166~L16347 수동 재독; 기계적 note를 장면별 편집문으로 교체; L16166~L16347 수동 재독; 기계적 note를 장면별 편집문으로 교체; L16166~L16347 수동 재독; 기계적 note를 장면별 편집문으로 교체; L16166~L16347 수동 재독; 기계적 note를 장면별 편집문으로 교체; L16166~L16347 수동 재독; 기계적 note를 장면별 편집문으로 교체; L16166~L16347 수동 재독; 기계적 note를 장면별 편집문으로 교체; L16166~L16347 수동 재독; 기계적 note를 장면별 편집문으로 교체; L16166~L16347 수동 재독; 기계적 note를 장면별 편집문으로 교체; L16166~L16347 수동 재독; 기계적 note를 장면별 편집문으로 교체"
89,89화,L16348~L16547,PASS,EDIT,PASS,5,5,9,8,8,8,0.24/0.17/0.20/0.06/0.33,0.24/0.17/0.20/0.06/0.33,카이자동차 지분 51%를 인수하고 태우자동차와 별도 브랜드·내부경쟁 체제를 택한 뒤 S급 구조조정가 카를로스 곤을 찾아 프랑스에서 대면한다,"카이자동차 과반 지분과 독립경영 원칙, CEO 후보와의 첫 협상 자리를 얻는다",카를로스 곤이 한국에서 해고·공장 개혁 전권을 받는 조건을 수락할 것인가?,"카이자동차 지분 51%를 인수하고 태우자동차와 별도 브랜드·내부경쟁 체제를 택한 뒤 S급 구조조정가 카를로스 곤을 찾아 프랑스에서 대면한다; 상세정보가 가리킨 카를로스 곤을 직접 보자 김민재는 그가 프랑스의 악마라 불릴 만큼 강한 개혁자임을 확인한다; 카이자동차 과반 지분과 독립경영 원칙, CEO 후보와의 첫 협상 자리를 얻는다","카이자동차 지분 51%를 인수하고 태우자동차와 별도 브랜드·내부경쟁 체제를 택한 뒤 S급 구조조정가 카를로스 곤을 찾아 프랑스에서 대면한다; 상세정보가 가리킨 카를로스 곤을 직접 보자 김민재는 그가 프랑스의 악마라 불릴 만큼 강한 개혁자임을 확인한다; 카이자동차 과반 지분과 독립경영 원칙, CEO 후보와의 첫 협상 자리를 얻는다",카이차 지분 51퍼센트를 인수하고 별도 브랜드·내부경쟁 원칙을 정해 소유권과 조직 설계가 앞선다.,카이차 지분 51퍼센트를 인수하고 별도 브랜드·내부경쟁 원칙을 정해 소유권과 조직 설계가 앞선다.,보상은 실제 지급만 세어 9→8 판정
90,90화,L16548~L16721,PASS,EDIT,PASS,5,5,9,8,9,7,0.19/0.18/0.42/0.11/0.10,0.19/0.18/0.42/0.11/0.10,S급 카를로스 곤에게 경영 전권을 약속해 카이자동차 사장으로 영입·소개한 뒤 고연진과 맞선에서 그녀의 미래 승계분쟁 가능성을 읽는다,카이차 회생 책임자와 CL 승계판을 흔들 수 있는 장녀의 불만·접근권을 확보한다,고연진에게 장녀 승계를 독려하면 CL이 먼저 자산 교환을 고민하게 만들 수 있는가?,S급 카를로스 곤에게 경영 전권을 약속해 카이자동차 사장으로 영입·소개한 뒤 고연진과 맞선에서 그녀의 미래 승계분쟁 가능성을 읽는다; 고연진이 훗날 CL을 상대로 소송할 인물이라는 회귀 기억이 맞선을 기업 내부 동맹 기회로 바꾼다; 카이차 회생 책임자와 CL 승계판을 흔들 수 있는 장녀의 불만·접근권을 확보한다,S급 카를로스 곤에게 경영 전권을 약속해 카이자동차 사장으로 영입·소개한 뒤 고연진과 맞선에서 그녀의 미래 승계분쟁 가능성을 읽는다; 고연진이 훗날 CL을 상대로 소송할 인물이라는 회귀 기억이 맞선을 기업 내부 동맹 기회로 바꾼다; 카이차 회생 책임자와 CL 승계판을 흔들 수 있는 장녀의 불만·접근권을 확보한다,카를로스 곤에게 전권을 주어 사장으로 세우고 김태중에게 소개해 세계급 인재 관계가 중심이다.,카를로스 곤에게 전권을 주어 사장으로 세운 뒤 김태중에게 직접 소개한다. 세계급 경영자를 데려오는 결정과 새 총수의 승인이 한 자리에서 맞물린다.,보상은 실제 지급만 세어 9→8 판정; 훅은 마지막 프레임의 열린 질문만 세어 9→7 판정; L16548~L16721 수동 재독; 범용 중심·비중 문구를 장면 리듬으로 교체; L16548~L16721 수동 재독; 범용 중심·비중 문구를 장면 리듬으로 교체; L16548~L16721 수동 재독; 범용 중심·비중 문구를 장면 리듬으로 교체; L16548~L16721 수동 재독; 범용 중심·비중 문구를 장면 리듬으로 교체; L16548~L16721 수동 재독; 범용 중심·비중 문구를 장면 리듬으로 교체; L16548~L16721 수동 재독; 범용 중심·비중 문구를 장면 리듬으로 교체; L16548~L16721 수동 재독; 범용 중심·비중 문구를 장면 리듬으로 교체; L16548~L16721 수동 재독; 범용 중심·비중 문구를 장면 리듬으로 교체; L16548~L16721 수동 재독; 범용 중심·비중 문구를 장면 리듬으로 교체; L16548~L16721 수동 재독; 범용 중심·비중 문구를 장면 리듬으로 교체; L16548~L16721 수동 재독; 범용 중심·비중 문구를 장면 리듬으로 교체
91,91화,L16722~L16900,PASS,EDIT,PASS,6,6,6,5,8,7,0.29/0.20/0.38/0.08/0.05,0.29/0.20/0.38/0.08/0.05,고연진에게 장녀 승계를 부추기고 아이돌 팬덤을 겨냥한 방송 3사 베리뮤직 후원을 지시한다,CL 내부의 우호 인물과 아이돌 팬덤을 끌어올 방송 3사 후원 경로를 확보한다,CL이 배터리·통신을 내놓도록 태우 쪽에서 먼저 버릴 자산과 현금 대체재를 만들 수 있는가?,고연진에게 장녀 승계를 부추기고 아이돌 팬덤을 겨냥한 방송 3사 베리뮤직 후원을 지시한다; 김태중은 맞선에서 연애가 아니라 배터리 인수선만 찾은 손자의 의도를 알아차린다; CL 내부의 우호 인물과 아이돌 팬덤을 끌어올 방송 3사 후원 경로를 확보한다,고연진에게 장녀 승계를 부추기고 아이돌 팬덤을 겨냥한 방송 3사 베리뮤직 후원을 지시한다; 김태중은 맞선에서 연애가 아니라 배터리 인수선만 찾은 손자의 의도를 알아차린다; CL 내부의 우호 인물과 아이돌 팬덤을 끌어올 방송 3사 후원 경로를 확보한다,고연진에게 장녀 승계를 부추기고 아이돌 팬덤 후원을 지시해 CL 내부 관계 조작과 시장 정보가 길다.,고연진에게 장녀 승계를 부추기고 아이돌 팬덤 후원을 지시해 CL 내부 관계 조작과 시장 정보가 길다.,보상은 실제 지급만 세어 6→5 판정; 훅은 마지막 프레임의 열린 질문만 세어 8→7 판정
92,92화,L16901~L17076,EDIT,EDIT,PASS,6,6,8,7,9,7,0.25/0.28/0.22/0.06/0.19,0.25/0.28/0.22/0.06/0.19,태우백화점·카드를 CL 배터리·통신과 바꾸는 빅딜을 설계하고 30초 애국 펀드 광고를 내보낸다,카드·백화점 대 배터리·통신의 거래안과 애국심에 반응하는 펀드 수요를 확인한다,첫날 가입 폭주가 실제 대규모 자금으로 이어져 CL을 협상장에 끌어낼 수 있는가?,태우백화점·카드를 CL 배터리·통신과 바꾸는 빅딜을 설계하고 30초 애국 펀드 광고를 내보낸다; 광고가 나간 날 전국 지점으로 가입자가 몰리고 임원들의 휴대전화가 동시에 울린다; 카드·백화점 대 배터리·통신의 거래안과 애국심에 반응하는 펀드 수요를 확인한다,태우백화점·카드를 CL 배터리·통신과 바꾸는 빅딜을 설계하고 30초 애국 펀드 광고를 내보낸다; 광고가 나간 날 전국 지점으로 가입자가 몰리고 임원들의 휴대전화가 동시에 울린다; 카드·백화점 대 배터리·통신의 거래안과 애국심에 반응하는 펀드 수요를 확인한다,백화점·카드와 배터리·통신 교환을 설계하고 30초 광고로 가입을 폭주시켜 거래 행동과 현금 유입이 앞선다.,백화점·카드와 배터리·통신 교환을 설계하고 30초 광고로 가입을 폭주시켜 거래 행동과 현금 유입이 앞선다.,보상은 실제 지급만 세어 8→7 판정; 훅은 마지막 프레임의 열린 질문만 세어 9→7 판정
93,93화,L17077~L17271,PASS,EDIT,PASS,6,6,9,8,8,7,0.17/0.27/0.26/0.06/0.24,0.17/0.27/0.26/0.06/0.24,애국 펀드가 일주일 만에 3조를 모으자 백화점 매각설을 흘려 CL이 먼저 협상하게 만든다,"애국펀드 3조 원, 태우증권의 새 현금원과 CL통신·배터리 협상의 선제권을 얻는다",고승택이 카드·백화점을 받고 통신·배터리를 내놓는 교환의 이익을 인정할 것인가?,"애국 펀드가 일주일 만에 3조를 모으자 백화점 매각설을 흘려 CL이 먼저 협상하게 만든다; 김태중이 직접 넥타이를 매만지며 고승택과 맞설 손자를 지지해 조손 내부 반대가 협상 지원으로 바뀐다; 애국펀드 3조 원, 태우증권의 새 현금원과 CL통신·배터리 협상의 선제권을 얻는다","애국 펀드가 일주일 만에 3조를 모으자 백화점 매각설을 흘려 CL이 먼저 협상하게 만든다; 김태중이 직접 넥타이를 매만지며 고승택과 맞설 손자를 지지해 조손 내부 반대가 협상 지원으로 바뀐다; 애국펀드 3조 원, 태우증권의 새 현금원과 CL통신·배터리 협상의 선제권을 얻는다",애국펀드 3조 원을 만든 뒤 매각설로 CL이 먼저 오게 해 현금·협상 관계 보상이 크다.,애국펀드 3조 원을 만든 뒤 일부러 매각설을 흘려 CL이 먼저 협상장에 오게 한다. 현금을 쌓는 준비가 상대의 방문과 조건 제시로 바뀌면서 인수전의 주도권을 잡는다.,보상은 실제 지급만 세어 9→8 판정; 훅은 마지막 프레임의 열린 질문만 세어 8→7 판정; L17077~L17271 수동 재독; 편집 메타어를 실제 장면·숫자·사람 반응으로 교체; L17077~L17271 수동 재독; 편집 메타어를 실제 장면·숫자·사람 반응으로 교체
94,94화,L17272~L17445,PASS,EDIT,PASS,6,6,9,8,8,8,0.23/0.21/0.34/0.06/0.16,0.23/0.21/0.34/0.06/0.16,고승택에게 태우카드·백화점과 CL통신·배터리 교환 및 현재그룹 견제 이익을 제시해 합의를 끌어낸 뒤 스타벅스 한국법인 50대50 독점안을 준비한다,카드·백화점과 통신·배터리를 바꾸는 포괄 합의와 글로벌 커피 유통의 협상선을 얻는다,스타벅스가 한국법인 50대50와 태우의 독점 운영조건을 실제 계약으로 받아들일 것인가?,고승택에게 태우카드·백화점과 CL통신·배터리 교환 및 현재그룹 견제 이익을 제시해 합의를 끌어낸 뒤 스타벅스 한국법인 50대50 독점안을 준비한다; CL 빅딜이 타결되자 김민재는 어울리지 않는다는 반론에도 데이비드를 통해 스타벅스 측과 이미 접촉 중임을 밝힌다; 카드·백화점과 통신·배터리를 바꾸는 포괄 합의와 글로벌 커피 유통의 협상선을 얻는다,고승택에게 태우카드·백화점과 CL통신·배터리 교환 및 현재그룹 견제 이익을 제시해 합의를 끌어낸 뒤 스타벅스 한국법인 50대50 독점안을 준비한다; CL 빅딜이 타결되자 김민재는 어울리지 않는다는 반론에도 데이비드를 통해 스타벅스 측과 이미 접촉 중임을 밝힌다; 카드·백화점과 통신·배터리를 바꾸는 포괄 합의와 글로벌 커피 유통의 협상선을 얻는다,고승택에게 카드·백화점과 통신·배터리를 맞바꾸고 현재 견제 이익을 제시해 거래 관계가 지배한다.,고승택에게 카드·백화점과 통신·배터리를 맞바꾸고 현재그룹을 견제할 이익까지 제시한다. 계열사 목록을 주고받는 대화가 서로의 적을 이용하는 재벌 동맹으로 굳어진다.,보상은 실제 지급만 세어 9→8 판정; L17272~L17445 수동 재독; 편집 메타어를 실제 장면·숫자·사람 반응으로 교체; L17272~L17445 수동 재독; 편집 메타어를 실제 장면·숫자·사람 반응으로 교체
95,95화,L17446~L17615,PASS,EDIT,PASS,5,5,8,7,8,5,0.20/0.18/0.27/0.06/0.29,0.20/0.18/0.27/0.06/0.29,스타벅스 한국법인 50대50 독점권을 계약하고 태우전자 20퍼센트 성장과 태우건설 부진을 결산한다,"스타벅스 한국법인 50대50 독점권과 전자 20% 성장, 건설 재건의 명확한 문제표를 얻는다",태우전자 보고가 끝나고 태우건설 차례가 오자 외환위기로 건설경기가 얼어붙은 현실이 회의실을 누른다,"스타벅스 한국법인 50대50 독점권을 계약하고 태우전자 20퍼센트 성장과 태우건설 부진을 결산한다; 태우전자의 국내외 성장 보고 직후 태우건설의 부진이 선명해져 장수영의 그룹 내 권력이 약해진다; 스타벅스 한국법인 50대50 독점권과 전자 20% 성장, 건설 재건의 명확한 문제표를 얻는다","스타벅스 한국법인 50대50 독점권을 계약하고 태우전자 20퍼센트 성장과 태우건설 부진을 결산한다; 태우전자의 국내외 성장 보고 직후 태우건설의 부진이 선명해져 장수영의 그룹 내 권력이 약해진다; 스타벅스 한국법인 50대50 독점권과 전자 20% 성장, 건설 재건의 명확한 문제표를 얻는다",스타벅스 50대50 독점권과 전자 성장·건설 부진을 결산해 유통 자산과 계열사 지위 대비가 중심이다.,스타벅스 50대50 독점권을 닫은 뒤 태우전자 성장과 태우건설 부진을 같은 표에서 결산한다. 유통권 획득의 단맛을 계열사 격차가 바로 눌러 다음 구조조정 질문을 남긴다.,보상은 실제 지급만 세어 8→7 판정; 훅은 마지막 프레임의 열린 질문만 세어 8→5 판정; L17446~L17615 수동 재독; 범용 중심·비중 문구를 장면 리듬으로 교체; L17446~L17615 수동 재독; 범용 중심·비중 문구를 장면 리듬으로 교체; L17446~L17615 수동 재독; 범용 중심·비중 문구를 장면 리듬으로 교체; L17446~L17615 수동 재독; 범용 중심·비중 문구를 장면 리듬으로 교체; L17446~L17615 수동 재독; 범용 중심·비중 문구를 장면 리듬으로 교체; L17446~L17615 수동 재독; 범용 중심·비중 문구를 장면 리듬으로 교체; L17446~L17615 수동 재독; 범용 중심·비중 문구를 장면 리듬으로 교체; L17446~L17615 수동 재독; 범용 중심·비중 문구를 장면 리듬으로 교체; L17446~L17615 수동 재독; 범용 중심·비중 문구를 장면 리듬으로 교체; L17446~L17615 수동 재독; 범용 중심·비중 문구를 장면 리듬으로 교체; L17446~L17615 수동 재독; 범용 중심·비중 문구를 장면 리듬으로 교체
96,96화,L17616~L17784,EDIT,EDIT,PASS,6,6,6,5,9,8,0.35/0.18/0.20/0.06/0.21,0.35/0.18/0.20/0.06/0.21,장수영이 외부 자금 없이는 수주가 불가능하다고 하자 SAVE·퀀텀 7퍼센트의 비밀 민자 컨소시엄을 설계한다,공사비 7퍼센트를 내고 장기 운영권을 노리는 해외펀드 명의 비밀 컨소시엄안을 설계한다.,정부가 퀀텀 이름의 비밀 민자 컨소시엄에 장기 운영권을 주고 태우건설 시공을 허용할 것인가?,장수영이 외부 자금 없이는 수주가 불가능하다고 하자 SAVE·퀀텀 7퍼센트의 비밀 민자 컨소시엄을 설계한다; 월가에서 가장 유명한 퀀텀펀드 이름을 컨소시엄 전면에 세우면 총알받이와 신뢰를 동시에 얻는다는 해법이 나온다; 공사비 7% 투자로 장기 운영권을 노리는 퀀텀 컨소시엄의 자금·명칭·위장 구조를 완성한다,장수영이 외부 자금 없이는 수주가 불가능하다고 하자 SAVE·퀀텀 7퍼센트의 비밀 민자 컨소시엄을 설계한다; 월가에서 가장 유명한 퀀텀펀드 이름을 컨소시엄 전면에 세우면 총알받이와 신뢰를 동시에 얻는다는 해법이 나온다; 공사비 7퍼센트를 내고 장기 운영권을 노리는 해외펀드 명의 비밀 컨소시엄안을 설계한다,SAVE·퀀텀 7퍼센트를 숨긴 민자 컨소시엄과 태우건설 반전 구조를 설계해 정보·금융 구조에 머문다.,장수영의 자금 부족 설명에서 출발해 SAVE와 퀀텀이 공사비 7퍼센트를 내고 장기 운영권을 노리는 민자 구조를 한 항목씩 맞춘다. 월가의 퀀텀 이름을 방패로 세우는 계산까지만 나오며 어떤 인프라 사업을 맡을지는 다음 화 협상에서 정해진다.,"보상은 실제 지급만 세어 6→5 판정; 훅은 마지막 프레임의 열린 질문만 세어 9→8 판정; L17616~L17784 수동 재독; 점수·리본 유지, 기계적 note만 장면별 편집문으로 교체; L17616~L17784 수동 재독; 회차 필드 경계 교정, 기계적 note를 장면별 편집문으로 교체; L17616~L17784 수동 재독; 회차 필드 경계 교정, 기계적 note를 장면별 편집문으로 교체; L17616~L17784 수동 재독; 회차 필드 경계 교정, 기계적 note를 장면별 편집문으로 교체; L17616~L17784 수동 재독; 회차 필드 경계 교정, 기계적 note를 장면별 편집문으로 교체; L17616~L17784 수동 재독; 회차 필드 경계 교정, 기계적 note를 장면별 편집문으로 교체; L17616~L17784 수동 재독; 회차 필드 경계 교정, 기계적 note를 장면별 편집문으로 교체; L17616~L17784 수동 재독; 회차 필드 경계 교정, 기계적 note를 장면별 편집문으로 교체; L17616~L17784 수동 재독; 회차 필드 경계 교정, 기계적 note를 장면별 편집문으로 교체; L17616~L17784 수동 재독; 회차 필드 경계 교정, 기계적 note를 장면별 편집문으로 교체; L17616~L17784 수동 재독; 회차 필드 경계 교정, 기계적 note를 장면별 편집문으로 교체; L17616~L17784 수동 재독; 회차 필드 경계 교정, 기계적 note를 장면별 편집문으로 교체; L17616~L17784 수동 재독; 회차 필드 경계 교정, 기계적 note를 장면별 편집문으로 교체"
97,97화,L17785~L17953,PASS,EDIT,PASS,6,6,10,9,8,7,0.17/0.28/0.18/0.06/0.31,0.17/0.28/0.18/0.06/0.31,퀀텀 컨소시엄으로 지하철 9호선·거가대교를 따내고 태우건설을 시공사로 정한다,지하철 9호선·거가대교 운영권과 태우건설의 대형 시공물량·도급 1위 반전 기반을 얻는다,사장단 앞에 이 수주를 공개하면 장수영과 태우건설의 위상이 어떻게 바뀔 것인가?,퀀텀 컨소시엄으로 지하철 9호선·거가대교를 따내고 태우건설을 시공사로 정한다; 대체 교통보다 싸면 이용자가 생긴다는 계산 아래 두 사업 외에도 다섯 사업이 추가 협상 대상으로 드러난다; 지하철 9호선·거가대교 운영권과 태우건설의 대형 시공물량·도급 1위 반전 기반을 얻는다,퀀텀 컨소시엄으로 지하철 9호선·거가대교를 따내고 태우건설을 시공사로 정한다; 대체 교통보다 싸면 이용자가 생긴다는 계산 아래 두 사업 외에도 다섯 사업이 추가 협상 대상으로 드러난다; 지하철 9호선·거가대교 운영권과 태우건설의 대형 시공물량·도급 1위 반전 기반을 얻는다,지하철 9호선·거가대교를 따내고 태우건설을 시공사로 세워 사업권·도급 지위 보상이 크다.,9호선과 거가대교 운영권을 받아 태우건설을 시공사로 세운다. 전 화의 민자 구조가 두 사업명과 도급 지위로 구체화되며 건설 회생의 첫 실물이 나온다.,보상은 실제 지급만 세어 10→9 판정; 훅은 마지막 프레임의 열린 질문만 세어 8→7 판정; L17785~L17953 수동 재독; 편집 메타어를 실제 장면·숫자·사람 반응으로 교체; L17785~L17953 수동 재독; 편집 메타어를 실제 장면·숫자·사람 반응으로 교체
98,98화,L17954~L18127,PASS,EDIT,PASS,5,5,9,8,8,5,0.25/0.19/0.30/0.06/0.20,0.25/0.19/0.30/0.06/0.20,사장단에 태우건설 수주를 공개하고 다이먼이 CL·신세계·태우 통신 3사를 한 달 만에 합병한다,태우건설의 수주 신뢰와 단일 태우통신·이주영 사장 체제를 얻는다,이주영은 합병 뒤에도 1·2위보다 낮은 점유율을 공격적 마케팅으로 끌어올리겠다고 보고한다,사장단에 태우건설 수주를 공개하고 다이먼이 CL·신세계·태우 통신 3사를 한 달 만에 합병한다; 이주영이 연임 직후 김민재에게 보고하며 27% 점유율과 공격적 마케팅의 필요성을 인정한다; 태우건설의 수주 신뢰와 단일 태우통신·이주영 사장 체제를 얻는다,사장단에 태우건설 수주를 공개하고 다이먼이 CL·신세계·태우 통신 3사를 한 달 만에 합병한다; 이주영이 연임 직후 김민재에게 보고하며 27% 점유율과 공격적 마케팅의 필요성을 인정한다; 태우건설의 수주 신뢰와 단일 태우통신·이주영 사장 체제를 얻는다,건설 수주를 사장단에 공개하고 한 달 만에 통신 3사를 합병해 조직 관계와 시장 지위가 앞선다.,건설 수주를 사장단에 공개하고 한 달 만에 통신 3사를 합병해 조직 관계와 시장 지위가 앞선다.,보상은 실제 지급만 세어 9→8 판정; 훅은 마지막 프레임의 열린 질문만 세어 8→5 판정
99,99화,L18128~L18314,PASS,EDIT,PASS,5,5,8,7,8,7,0.28/0.23/0.18/0.05/0.26,0.28/0.23/0.18/0.05/0.26,태우통신 점유율을 높이려고 밸캐나다 전환사채를 일주일 만에 확보하고 HTS를 완성한다,"밸캐나다 전환사채와 완성 HTS, 게임·소프트웨어 유통에 투입할 조직 여력을 얻는다",게임사들이 플랫폼에 들어오게 하려면 어떤 독점 유통권·투자금·초기 카탈로그가 필요한가?,"태우통신 점유율을 높이려고 밸캐나다 전환사채를 일주일 만에 확보하고 HTS를 완성한다; 게임 제작을 직접 하자는 질문에 김민재가 여러 회사의 게임을 한 클라이언트에서 파는 플랫폼을 만들겠다고 밝힌다; 밸캐나다 전환사채와 완성 HTS, 게임·소프트웨어 유통에 투입할 조직 여력을 얻는다","태우통신 점유율을 높이려고 밸캐나다 전환사채를 일주일 만에 확보하고 HTS를 완성한다; 게임 제작을 직접 하자는 질문에 김민재가 여러 회사의 게임을 한 클라이언트에서 파는 플랫폼을 만들겠다고 밝힌다; 밸캐나다 전환사채와 완성 HTS, 게임·소프트웨어 유통에 투입할 조직 여력을 얻는다",밸캐나다 전환사채를 확보하고 HTS를 완성해 기술·지분 정보와 다음 게임 유통 자산에 체류한다.,밸캐나다 전환사채를 확보하고 HTS를 완성해 기술·지분 정보와 다음 게임 유통 자산에 체류한다.,보상은 실제 지급만 세어 8→7 판정; 훅은 마지막 프레임의 열린 질문만 세어 8→7 판정; L18128~L18314 수동 재독; 회차 필드 경계 교정; L18128~L18314 수동 재독; 회차 필드 경계 교정; L18128~L18314 수동 재독; 회차 필드 경계 교정; L18128~L18314 수동 재독; 회차 필드 경계 교정; L18128~L18314 수동 재독; 회차 필드 경계 교정; L18128~L18314 수동 재독; 회차 필드 경계 교정; L18128~L18314 수동 재독; 회차 필드 경계 교정; L18128~L18314 수동 재독; 회차 필드 경계 교정; L18128~L18314 수동 재독; 회차 필드 경계 교정; L18128~L18314 수동 재독; 회차 필드 경계 교정
100,100화,L18315~L18491,PASS,EDIT,PASS,6,6,9,8,8,8,0.24/0.24/0.24/0.05/0.23,0.24/0.24/0.24/0.05/0.23,"임진태에게 100억 원·지분 20%와 린지 및 향후 전 게임 독점 유통을 제안해 계약하고, 한 팀장에게 해외 게임 권리·저작권 확보를 맡겨 5천 종을 모은 플랫폼을 출시한다","MC소프트 지분 20%와 장기 독점 유통권을 잡고, 5천 개 넘는 게임을 갖춘 플랫폼을 시장에 올린다",출시 버튼을 누른 민재는 성공을 확신하면서도 첫 사용자 반응을 기다리며 떨림을 감추지 못한다,"임진태에게 100억 원·지분 20%와 린지 및 향후 전 게임 독점 유통을 제안해 계약하고, 한 팀장에게 해외 게임 권리·저작권 확보를 맡겨 5천 종을 모은 플랫폼을 출시한다; 임진태는 파격 조건을 받아들일 뿐 아니라 훗날 IT 업계 거성이 될 대학 동료들을 소개하겠다고 나선다; MC소프트 지분 20%와 장기 독점 유통권을 잡고, 5천 개 넘는 게임을 갖춘 플랫폼을 시장에 올린다","임진태에게 100억 원·지분 20%와 린지 및 향후 전 게임 독점 유통을 제안해 계약하고, 한 팀장에게 해외 게임 권리·저작권 확보를 맡겨 5천 종을 모은 플랫폼을 출시한다; 임진태는 파격 조건을 받아들일 뿐 아니라 훗날 IT 업계 거성이 될 대학 동료들을 소개하겠다고 나선다; MC소프트 지분 20%와 장기 독점 유통권을 잡고, 5천 개 넘는 게임을 갖춘 플랫폼을 시장에 올린다",MC소프트에 100억 원을 투자하고 5천 게임 ESD를 출시해 계약·플랫폼 행동·독점 자산이 균형을 이룬다.,MC소프트에 100억 원을 투자하고 5천 게임 ESD를 출시해 계약·플랫폼 행동·독점 자산이 균형을 이룬다.,보상은 실제 지급만 세어 9→8 판정
101,101화,L18492~L18661,PASS,EDIT,PASS,6,6,8,7,10,8,0.18/0.21/0.29/0.18/0.14,0.18/0.21/0.29/0.18/0.14,"얼리 액세스·후원제를 도입하고 IT 인력 500명 채용, 고전게임 50~75% 할인, 불법 CD보다 낮은 가격, 태우통신 게임 쿠폰 세 장과 전 업계 저작권 캠페인을 지시한다","린지 흥행과 플랫폼의 기하급수적 가입, 일일 수천만 원 수수료가 선행 투자 논리를 실제 매출로 입증한다",이영한과 악수한 민재의 손에는 사람 체온이 아니라 냉혈동물을 만진 듯한 차가움만 남는다,"얼리 액세스·후원제를 도입하고 IT 인력 500명 채용, 고전게임 50~75% 할인, 불법 CD보다 낮은 가격, 태우통신 게임 쿠폰 세 장과 전 업계 저작권 캠페인을 지시한다; 북한 사업을 두고 김태중과 대화하던 중 정정하던 이선일의 급사가 전해지고, 장례식의 손자 이영한은 민재에게만 냉혈한처럼 태도를 바꾼다; 린지 흥행과 플랫폼의 기하급수적 가입, 일일 수천만 원 수수료가 선행 투자 논리를 실제 매출로 입증한다","얼리 액세스·후원제를 도입하고 IT 인력 500명 채용, 고전게임 50~75% 할인, 불법 CD보다 낮은 가격, 태우통신 게임 쿠폰 세 장과 전 업계 저작권 캠페인을 지시한다; 북한 사업을 두고 김태중과 대화하던 중 정정하던 이선일의 급사가 전해지고, 장례식의 손자 이영한은 민재에게만 냉혈한처럼 태도를 바꾼다; 린지 흥행과 플랫폼의 기하급수적 가입, 일일 수천만 원 수수료가 선행 투자 논리를 실제 매출로 입증한다",게임 쿠폰·가입자 보상 뒤 이선일 장례에서 이영한을 만나므로 관계·감정이 솟고 후반 브리지 훅이 가장 높다.,게임 쿠폰·가입자 보상 뒤 이선일 장례에서 이영한을 만나므로 관계·감정이 솟고 후반 브리지 훅이 가장 높다.,보상은 실제 지급만 세어 8→7 판정; 훅은 마지막 프레임의 열린 질문만 세어 10→8 판정
102,102화,L18662~L18838,PASS,EDIT,PASS,6,6,5,5,8,7,0.34/0.26/0.27/0.08/0.05,0.34/0.26/0.27/0.08/0.05,"박 팀장에게 증거 전에는 명동 싸움에 개입하지 않겠다고 선을 긋고, 장영주에게 현재그룹 후계 다툼 불개입을 약속한 뒤 강 대위에게 명동 세력과 일본계 자금 흐름을 조용히 추적시킨다",강 대위가 이미 명동에 심어 둔 사람과 현지 후배망을 활용해 외부 자금과 세력 이동을 즉시 추적할 수 있게 된다,"광화문 곰의 후계자가 누구인지 알 수 없는 채, 민재는 사람을 고르는 대신 명동 자체가 제대로 굴러가는지부터 보겠다고 정한다","박 팀장에게 증거 전에는 명동 싸움에 개입하지 않겠다고 선을 긋고, 장영주에게 현재그룹 후계 다툼 불개입을 약속한 뒤 강 대위에게 명동 세력과 일본계 자금 흐름을 조용히 추적시킨다; 박 팀장은 이선일의 심장이 건강했고 자신이 자리를 비운 사이 죽었으며 차명재산 절반은 자신만 접근할 수 있다고 밝힌다; 강 대위가 이미 명동에 심어 둔 사람과 현지 후배망을 활용해 외부 자금과 세력 이동을 즉시 추적할 수 있게 된다","박 팀장에게 증거 전에는 명동 싸움에 개입하지 않겠다고 선을 긋고, 장영주에게 현재그룹 후계 다툼 불개입을 약속한 뒤 강 대위에게 명동 세력과 일본계 자금 흐름을 조용히 추적시킨다; 박 팀장은 이선일의 심장이 건강했고 자신이 자리를 비운 사이 죽었으며 차명재산 절반은 자신만 접근할 수 있다고 밝힌다; 강 대위가 이미 명동에 심어 둔 사람과 현지 후배망을 활용해 외부 자금과 세력 이동을 즉시 추적할 수 있게 된다",일본계 자금과 이영한 주변을 추적하도록 강 반장을 별도 가동해 정보 수집과 비공식 신뢰선이 중심이다.,일본계 자금과 이영한 주변을 추적하도록 강 반장을 별도로 움직인다. 공식 조직 밖에서 신뢰할 사람 한 명에게 정보선을 맡기는 조용한 준비가 이후 충돌의 토대를 만든다.,훅은 마지막 프레임의 열린 질문만 세어 8→7 판정; L18662~L18838 수동 재독; 범용 중심·비중 문구를 장면 리듬으로 교체; L18662~L18838 수동 재독; 범용 중심·비중 문구를 장면 리듬으로 교체; L18662~L18838 수동 재독; 범용 중심·비중 문구를 장면 리듬으로 교체; L18662~L18838 수동 재독; 범용 중심·비중 문구를 장면 리듬으로 교체; L18662~L18838 수동 재독; 범용 중심·비중 문구를 장면 리듬으로 교체; L18662~L18838 수동 재독; 범용 중심·비중 문구를 장면 리듬으로 교체; L18662~L18838 수동 재독; 범용 중심·비중 문구를 장면 리듬으로 교체; L18662~L18838 수동 재독; 범용 중심·비중 문구를 장면 리듬으로 교체; L18662~L18838 수동 재독; 범용 중심·비중 문구를 장면 리듬으로 교체; L18662~L18838 수동 재독; 범용 중심·비중 문구를 장면 리듬으로 교체; L18662~L18838 수동 재독; 범용 중심·비중 문구를 장면 리듬으로 교체
103,103화,L18839~L19009,PASS,EDIT,PASS,7,7,5,5,9,8,0.43/0.16/0.19/0.13/0.09,0.43/0.16/0.19/0.13/0.09,"통신료를 KS보다 10% 낮추고 영화 스트리밍 서비스를 준비시키며, 일본계 2천억 원 유입을 확인하자 김태중을 통해 최고금리 시행령을 압박하고 SAVE 펀드 인맥·강 대위에게 카르텔과 의사를 추적시킨다","미국 플랫폼 이용자 100만 명, 태우통신의 1위 근접, 태우증권의 HTS 1위가 확인돼 디지털 결합 전략의 현금 기반이 증명된다",의사와 이영한을 모두 의심해야 하는 민재는 풀을 두드려 숨어 있는 뱀이 먼저 모습을 드러내게 하기로 한다,"통신료를 KS보다 10% 낮추고 영화 스트리밍 서비스를 준비시키며, 일본계 2천억 원 유입을 확인하자 김태중을 통해 최고금리 시행령을 압박하고 SAVE 펀드 인맥·강 대위에게 카르텔과 의사를 추적시킨다; 이선일 사망선고 의사가 필리핀으로 달아났고, 죽기 며칠 전 이영한에게 100억 원 넘는 재산이 넘어갔다는 두 단서가 겹친다; 미국 플랫폼 이용자 100만 명, 태우통신의 1위 근접, 태우증권의 HTS 1위가 확인돼 디지털 결합 전략의 현금 기반이 증명된다","통신료를 KS보다 10% 낮추고 영화 스트리밍 서비스를 준비시키며, 일본계 2천억 원 유입을 확인하자 김태중을 통해 최고금리 시행령을 압박하고 SAVE 펀드 인맥·강 대위에게 카르텔과 의사를 추적시킨다; 이선일 사망선고 의사가 필리핀으로 달아났고, 죽기 며칠 전 이영한에게 100억 원 넘는 재산이 넘어갔다는 두 단서가 겹친다; 미국 플랫폼 이용자 100만 명, 태우통신의 1위 근접, 태우증권의 HTS 1위가 확인돼 디지털 결합 전략의 현금 기반이 증명된다",도주 의사와 사망 직전 100억 원대 상속을 추적하며 곰 죽음의 의혹 정보에 오래 머문다.,도주 의사와 사망 직전 100억 원대 상속을 추적하며 곰 죽음의 의혹 정보에 오래 머문다.,훅은 마지막 프레임의 열린 질문만 세어 9→8 판정; L18839~L19009 수동 재독; 회차 필드 경계 교정; L18839~L19009 수동 재독; 회차 필드 경계 교정; L18839~L19009 수동 재독; 회차 필드 경계 교정; L18839~L19009 수동 재독; 회차 필드 경계 교정; L18839~L19009 수동 재독; 회차 필드 경계 교정; L18839~L19009 수동 재독; 회차 필드 경계 교정; L18839~L19009 수동 재독; 회차 필드 경계 교정; L18839~L19009 수동 재독; 회차 필드 경계 교정; L18839~L19009 수동 재독; 회차 필드 경계 교정; L18839~L19009 수동 재독; 회차 필드 경계 교정
104,104화,L19010~L19211,PASS,PASS,PASS,8,8,6,6,9,9,0.36/0.25/0.24/0.10/0.05,0.36/0.25/0.24/0.10/0.05,"김태중의 압박으로 법정최고금리 66%를 만들고, 의사를 심문해 박광도·청산가스를 알아낸 뒤 이준수의 공장 구매내역과 상세정보를 확인하고 그 단서를 양 진영에 흘린다","가짜 자연사 진술, 실제 사망원인, 오성파 행동대장 박광도와 실행자 이준수까지 이어지는 암살 고리가 증거로 특정된다",이영한을 범인으로 몰던 박동하의 얼굴 위로 이준수와 손을 잡음이라는 특이사항이 선명하게 떠오른다,"김태중의 압박으로 법정최고금리 66%를 만들고, 의사를 심문해 박광도·청산가스를 알아낸 뒤 이준수의 공장 구매내역과 상세정보를 확인하고 그 단서를 양 진영에 흘린다; 이준수가 청산가스를 제조·주입한 사실을 확인한 뒤, 민재를 찾아온 박동하의 상세정보에 이준수 상무와 손을 잡음이 새로 뜬다; 가짜 자연사 진술, 실제 사망원인, 오성파 행동대장 박광도와 실행자 이준수까지 이어지는 암살 고리가 증거로 특정된다","김태중의 압박으로 법정최고금리 66%를 만들고, 의사를 심문해 박광도·청산가스를 알아낸 뒤 이준수의 공장 구매내역과 상세정보를 확인하고 그 단서를 양 진영에 흘린다; 이준수가 청산가스를 제조·주입한 사실을 확인한 뒤, 민재를 찾아온 박동하의 상세정보에 이준수 상무와 손을 잡음이 새로 뜬다; 가짜 자연사 진술, 실제 사망원인, 오성파 행동대장 박광도와 실행자 이준수까지 이어지는 암살 고리가 증거로 특정된다",의사 진술로 박광도의 강요와 박 팀 배신을 한꺼번에 확인해 폭로 정보와 추적 긴장이 높다.,의사 진술로 박광도의 강요와 박 팀 배신을 한꺼번에 확인해 폭로 정보와 추적 긴장이 높다.,기존 점수·리본 유지; 원문 하드 경계와 인접 회차 대비 재확인
105,105화,L19212~L19368,PASS,EDIT,PASS,7,7,8,7,8,6,0.23/0.19/0.38/0.10/0.10,0.23/0.19/0.38/0.10/0.10,"비밀 체육관에서 이영한을 몰아붙이고 미국 주식 정보를 미끼로 정체를 확인한 뒤, 이준수·박동하의 배신을 알려주고 10조 원을 대어 상대보다 계속 낮은 금리로 빌려주라고 지시한다","민재는 광화문 곰이 숨겨 키운 진짜 후계자와 동맹을 맺고, 이영한은 일본계 자금과 맞설 10조 원의 실탄을 약속받는다",감사하며 머리를 조아린 이영한을 뒤로하고 민재는 하늘을 보며 광화문 곰과의 약속을 이제 지킬 수 있다고 생각한다,"비밀 체육관에서 이영한을 몰아붙이고 미국 주식 정보를 미끼로 정체를 확인한 뒤, 이준수·박동하의 배신을 알려주고 10조 원을 대어 상대보다 계속 낮은 금리로 빌려주라고 지시한다; 미국 투자 사실을 아는 민재가 할아버지의 귀인임을 깨닫자 이영한은 무릎을 꿇고, 그동안의 무례가 범인을 찾기 위한 연기였다고 고백한다; 민재는 광화문 곰이 숨겨 키운 진짜 후계자와 동맹을 맺고, 이영한은 일본계 자금과 맞설 10조 원의 실탄을 약속받는다","비밀 체육관에서 이영한을 몰아붙이고 미국 주식 정보를 미끼로 정체를 확인한 뒤, 이준수·박동하의 배신을 알려주고 10조 원을 대어 상대보다 계속 낮은 금리로 빌려주라고 지시한다; 미국 투자 사실을 아는 민재가 할아버지의 귀인임을 깨닫자 이영한은 무릎을 꿇고, 그동안의 무례가 범인을 찾기 위한 연기였다고 고백한다; 민재는 광화문 곰이 숨겨 키운 진짜 후계자와 동맹을 맺고, 이영한은 일본계 자금과 맞설 10조 원의 실탄을 약속받는다",이영한의 오만이 위장이었음을 듣고 10조 원 금리전을 맡겨 후계자 동맹 관계가 지배한다.,이영한의 오만이 위장이었다는 속내를 듣고 10조 원 금리전을 맡긴다. 시험하던 관계가 실제 자금을 움직이는 후계 동맹으로 바뀌어 명동 승계의 무게가 생긴다.,보상은 실제 지급만 세어 8→7 판정; 훅은 마지막 프레임의 열린 질문만 세어 8→6 판정; L19212~L19368 수동 재독; 편집 메타어를 실제 장면·숫자·사람 반응으로 교체; L19212~L19368 수동 재독; 편집 메타어를 실제 장면·숫자·사람 반응으로 교체
106,106화,L19369~L19527,PASS,EDIT,PASS,5,5,7,6,8,6,0.37/0.19/0.24/0.05/0.15,0.37/0.19/0.24/0.05/0.15,"다이먼에게 이영한과 10조 원을 맡기고 무제한 광고비를 허용한 뒤, 우성일에게 셋톱박스형 인터넷 TV·관련 특허·무선 이어폰을 개발시키고 스크린쿼터 농성에 저작권 캠페인을 결합한다","명동 전선에는 전담 지휘관과 한도 없는 실탄이 붙고, 태우전자는 OTT 접속 TV·특허·무선기기라는 구체 개발 명령을 확보한다",미국의 배급사·애플·월가를 만나러 떠날 민재는 곧 터질 명동 전쟁을 직접 못 본다는 사실만 아쉬워한다,"다이먼에게 이영한과 10조 원을 맡기고 무제한 광고비를 허용한 뒤, 우성일에게 셋톱박스형 인터넷 TV·관련 특허·무선 이어폰을 개발시키고 스크린쿼터 농성에 저작권 캠페인을 결합한다; 다이먼은 명동 싸움을 김두한처럼 일본 자금을 몰아내는 한일전으로 받아들여 돈뿐 아니라 선전전까지 자청한다; 명동 전선에는 전담 지휘관과 한도 없는 실탄이 붙고, 태우전자는 OTT 접속 TV·특허·무선기기라는 구체 개발 명령을 확보한다","다이먼에게 이영한과 10조 원을 맡기고 무제한 광고비를 허용한 뒤, 우성일에게 셋톱박스형 인터넷 TV·관련 특허·무선 이어폰을 개발시키고 스크린쿼터 농성에 저작권 캠페인을 결합한다; 다이먼은 명동 싸움을 김두한처럼 일본 자금을 몰아내는 한일전으로 받아들여 돈뿐 아니라 선전전까지 자청한다; 명동 전선에는 전담 지휘관과 한도 없는 실탄이 붙고, 태우전자는 OTT 접속 TV·특허·무선기기라는 구체 개발 명령을 확보한다",다이먼에게 명동을 맡긴 뒤 셋톱박스·IPTV·OTT·영화 유통을 설계해 사업 정보 비중이 높다.,명동을 다이먼에게 맡긴 뒤 셋톱박스·IPTV·OTT·영화유통을 한 화면에 놓는다. 서비스 하나를 고르는 대신 콘텐츠가 안방까지 흐르는 통로 전체를 설계하는 데 시간을 쓴다.,보상은 실제 지급만 세어 7→6 판정; 훅은 마지막 프레임의 열린 질문만 세어 8→6 판정; L19369~L19527 수동 재독; 범용 중심·비중 문구를 장면 리듬으로 교체; L19369~L19527 수동 재독; 범용 중심·비중 문구를 장면 리듬으로 교체; L19369~L19527 수동 재독; 범용 중심·비중 문구를 장면 리듬으로 교체; L19369~L19527 수동 재독; 범용 중심·비중 문구를 장면 리듬으로 교체; L19369~L19527 수동 재독; 범용 중심·비중 문구를 장면 리듬으로 교체; L19369~L19527 수동 재독; 범용 중심·비중 문구를 장면 리듬으로 교체; L19369~L19527 수동 재독; 범용 중심·비중 문구를 장면 리듬으로 교체; L19369~L19527 수동 재독; 범용 중심·비중 문구를 장면 리듬으로 교체; L19369~L19527 수동 재독; 범용 중심·비중 문구를 장면 리듬으로 교체; L19369~L19527 수동 재독; 범용 중심·비중 문구를 장면 리듬으로 교체; L19369~L19527 수동 재독; 범용 중심·비중 문구를 장면 리듬으로 교체
107,107화,L19528~L19714,PASS,EDIT,PASS,5,5,9,8,8,5,0.22/0.18/0.18/0.04/0.38,0.22/0.18/0.18/0.04/0.38,"월가 여러 회사와 10시간 넘게 협상해 200억 달러 규모 주식을 나누고 블리야드 지분 100%를 10억 달러에 사며 넷플릭스 등 콘텐츠 지분을 받은 뒤, 애플에서 아이폰 시제품과 태우 특허 적용을 점검한다","블리야드 100%와 영상 사업 지분, 아이폰에 들어갈 태우 특허 100건 이상의 로열티 지렛대가 장기 자산으로 굳어진다","스티브가 태우전자 없이는 시제품이 몇 년 늦었을 것이라 웃자, 민재는 아이폰에 꽂은 특허 빨대를 떠올리며 어색하게 웃는다","월가 여러 회사와 10시간 넘게 협상해 200억 달러 규모 주식을 나누고 블리야드 지분 100%를 10억 달러에 사며 넷플릭스 등 콘텐츠 지분을 받은 뒤, 애플에서 아이폰 시제품과 태우 특허 적용을 점검한다; 월가는 알짜 IT를 빼앗았다고 여기지만 민재는 폭락할 종이 대신 블리야드·넷플릭스와 미래 모바일 생태계를 손에 넣는다; 블리야드 100%와 영상 사업 지분, 아이폰에 들어갈 태우 특허 100건 이상의 로열티 지렛대가 장기 자산으로 굳어진다","월가 여러 회사와 10시간 넘게 협상해 200억 달러 규모 주식을 나누고 블리야드 지분 100%를 10억 달러에 사며 넷플릭스 등 콘텐츠 지분을 받은 뒤, 애플에서 아이폰 시제품과 태우 특허 적용을 점검한다; 월가는 알짜 IT를 빼앗았다고 여기지만 민재는 폭락할 종이 대신 블리야드·넷플릭스와 미래 모바일 생태계를 손에 넣는다; 블리야드 100%와 영상 사업 지분, 아이폰에 들어갈 태우 특허 100건 이상의 로열티 지렛대가 장기 자산으로 굳어진다",고평가 IT 주식으로 블리자드 100퍼센트와 아이폰 특허 100건 이상을 사 자산 보상이 회차를 이끈다.,고평가 IT 주식으로 블리자드 100퍼센트와 아이폰 특허 100건 이상을 사 자산 보상이 회차를 이끈다.,보상은 실제 지급만 세어 9→8 판정; 훅은 마지막 프레임의 열린 질문만 세어 8→5 판정
108,108화,L19715~L19880,PASS,EDIT,PASS,8,8,5,5,9,8,0.33/0.27/0.26/0.10/0.04,0.33/0.27/0.26/0.10/0.04,"태우통신에 임효한을 우선 영입한 최고 대우 게임단과 방송대회 스폰서를 지시하고, 강 대위의 200명 경호망·CCTV를 확인해 이영한을 살릴 범위의 보호를 강화한다","민재 측에는 명동 전역 CCTV와 200명 넘는 즉응 인력이 이미 배치돼 있고, 태우통신은 스타크·플랫폼·게임단을 한 브랜드로 묶을 실행안을 얻는다",박동하는 자기 조직 대신 야쿠자를 중간에 세워 이영한을 처리할 기회를 만들겠다고 답한다,"태우통신에 임효한을 우선 영입한 최고 대우 게임단과 방송대회 스폰서를 지시하고, 강 대위의 200명 경호망·CCTV를 확인해 이영한을 살릴 범위의 보호를 강화한다; 박동하는 김태중의 보복을 두려워하면서도 이준수의 설득에 넘어가 야쿠자로 이영한을 먼저 죽일 기회를 만들기로 한다; 민재 측에는 명동 전역 CCTV와 200명 넘는 즉응 인력이 이미 배치돼 있고, 태우통신은 스타크·플랫폼·게임단을 한 브랜드로 묶을 실행안을 얻는다","태우통신에 임효한을 우선 영입한 최고 대우 게임단과 방송대회 스폰서를 지시하고, 강 대위의 200명 경호망·CCTV를 확인해 이영한을 살릴 범위의 보호를 강화한다; 박동하는 김태중의 보복을 두려워하면서도 이준수의 설득에 넘어가 야쿠자로 이영한을 먼저 죽일 기회를 만들기로 한다; 민재 측에는 명동 전역 CCTV와 200명 넘는 즉응 인력이 이미 배치돼 있고, 태우통신은 스타크·플랫폼·게임단을 한 브랜드로 묶을 실행안을 얻는다",이준수·박 팀의 야쿠자 동원을 포착하고 경호 200명을 가동해 위협 정보와 방어 행동이 중심이다.,이준수 일당의 야쿠자 동원을 포착하자 경호원 200명을 즉시 배치한다. 위협의 실체를 읽는 순간 인원과 위치가 움직여 정보전이 물리적 방어로 전환된다.,훅은 마지막 프레임의 열린 질문만 세어 9→8 판정; L19715~L19880 수동 재독; 범용 중심·비중 문구를 장면 리듬으로 교체; L19715~L19880 수동 재독; 범용 중심·비중 문구를 장면 리듬으로 교체; L19715~L19880 수동 재독; 범용 중심·비중 문구를 장면 리듬으로 교체; L19715~L19880 수동 재독; 범용 중심·비중 문구를 장면 리듬으로 교체; L19715~L19880 수동 재독; 범용 중심·비중 문구를 장면 리듬으로 교체; L19715~L19880 수동 재독; 범용 중심·비중 문구를 장면 리듬으로 교체; L19715~L19880 수동 재독; 범용 중심·비중 문구를 장면 리듬으로 교체; L19715~L19880 수동 재독; 범용 중심·비중 문구를 장면 리듬으로 교체; L19715~L19880 수동 재독; 범용 중심·비중 문구를 장면 리듬으로 교체; L19715~L19880 수동 재독; 범용 중심·비중 문구를 장면 리듬으로 교체; L19715~L19880 수동 재독; 범용 중심·비중 문구를 장면 리듬으로 교체
109,109화,L19881~L20080,PASS,EDIT,PASS,9,9,8,7,8,8,0.18/0.39/0.27/0.10/0.06,0.18/0.39/0.27/0.10/0.06,"피습 소식을 듣자 특수부대 출신을 부산 반대세력에 붙이고 경찰·검찰·국세청에 차명계좌를 추적시키며, 명동 3인방을 만나 일본계 배후와 이준수의 암살 관여를 알리고 양지 금융 진출을 제안한다","사전 배치한 경호원이 이영한의 사망을 막고, 민재는 오성파·박동하·이준수를 칠 수사기관과 명동 원로의 대화 자리를 확보한다",민재는 명동 3인방에게 이미 음지를 떠났으니 이번 기회에 양지의 금융회사로 나오지 않겠느냐고 승부수를 던진다,"피습 소식을 듣자 특수부대 출신을 부산 반대세력에 붙이고 경찰·검찰·국세청에 차명계좌를 추적시키며, 명동 3인방을 만나 일본계 배후와 이준수의 암살 관여를 알리고 양지 금융 진출을 제안한다; 우연한 졸음운전처럼 보인 덤프트럭 경고가 이영한에 대한 같은 날 야쿠자 습격과 겹치면서 민재 자신도 표적임이 분명해진다; 사전 배치한 경호원이 이영한의 사망을 막고, 민재는 오성파·박동하·이준수를 칠 수사기관과 명동 원로의 대화 자리를 확보한다","피습 소식을 듣자 특수부대 출신을 부산 반대세력에 붙이고 경찰·검찰·국세청에 차명계좌를 추적시키며, 명동 3인방을 만나 일본계 배후와 이준수의 암살 관여를 알리고 양지 금융 진출을 제안한다; 우연한 졸음운전처럼 보인 덤프트럭 경고가 이영한에 대한 같은 날 야쿠자 습격과 겹치면서 민재 자신도 표적임이 분명해진다; 사전 배치한 경호원이 이영한의 사망을 막고, 민재는 오성파·박동하·이준수를 칠 수사기관과 명동 원로의 대화 자리를 확보한다",경찰·검찰·특수부대·국세청으로 오성파 재산을 치고 원로 셋을 끌어들여 행동과 연합 관계가 크다.,경찰·검찰·특수부대·국세청을 동시에 움직여 오성파 재산을 치고 명동 원로 셋을 끌어들인다. 여러 기관과 세대가 한 시각에 움직여 사채판의 세력교체를 실행한다.,보상은 실제 지급만 세어 8→7 판정; L19881~L20080 수동 재독; 편집 메타어를 실제 장면·숫자·사람 반응으로 교체; L19881~L20080 수동 재독; 편집 메타어를 실제 장면·숫자·사람 반응으로 교체
110,110화,L20081~L20250,PASS,EDIT,PASS,9,9,9,8,8,9,0.15/0.34/0.32/0.13/0.06,0.15/0.34/0.32/0.13/0.06,"SAVE 자금과 각 25% 지분, 향후 주가 작업 협조를 조건으로 금융사를 설계하고, 병원의 이영한에게 명동 전념 약속을 받은 뒤 세 원로와 함께 명동을 돌게 한다","명동 3인방이 이영한의 후견인이 되고, 그들의 옛 구역 사람들이 광화문 곰의 손자를 새 중심으로 받아들이기 시작한다",옥상에서 이영한의 행진을 보던 박동하와 이준수에게 부산 검찰·경찰이 오성파 공격을 시작했다는 급보가 날아든다,"SAVE 자금과 각 25% 지분, 향후 주가 작업 협조를 조건으로 금융사를 설계하고, 병원의 이영한에게 명동 전념 약속을 받은 뒤 세 원로와 함께 명동을 돌게 한다; 가장 신중한 백 할매가 혼자라도 하겠다며 찬성하자 강 회장과 현금왕도 즉시 합류한다; 명동 3인방이 이영한의 후견인이 되고, 그들의 옛 구역 사람들이 광화문 곰의 손자를 새 중심으로 받아들이기 시작한다","SAVE 자금과 각 25% 지분, 향후 주가 작업 협조를 조건으로 금융사를 설계하고, 병원의 이영한에게 명동 전념 약속을 받은 뒤 세 원로와 함께 명동을 돌게 한다; 가장 신중한 백 할매가 혼자라도 하겠다며 찬성하자 강 회장과 현금왕도 즉시 합류한다; 명동 3인방이 이영한의 후견인이 되고, 그들의 옛 구역 사람들이 광화문 곰의 손자를 새 중심으로 받아들이기 시작한다",야쿠자 습격을 버틴 이영한을 원로 앞에 세워 공식 후계 승인을 받아 행동·관계 보상이 절정이다.,야쿠자 습격을 버틴 이영한을 원로 앞에 세워 공식 후계 승인을 받아 행동·관계 보상이 절정이다.,보상은 실제 지급만 세어 9→8 판정; 훅은 마지막 프레임의 열린 질문만 세어 8→9 판정
111,111화,L20251~L20420,PASS,EDIT,PASS,6,6,9,8,9,6,0.19/0.22/0.29/0.08/0.22,0.19/0.22/0.29/0.08/0.22,"부산 경찰청장에게 아들 취업·향후 경찰청장 지원·활동비를 제공하고 살인 증거 USB를 넘긴 뒤, 시사고발 방송으로 이준수의 청산가스 정황을 공개하고 이영한에게 흔들린 부하들을 흡수시킨다","오성파 두목이 체포되고 이영한은 명동 70%를 접수하며, 태우 게임단은 숙소·장비·선수 계약과 케이블 공식대회 중계까지 준비를 마친다","OTT는 아직 컴퓨터 화면과 불법 다운로드에 막혀 있고, 민재는 상반기 인터넷 TV가 그 병목을 깨기만 기다린다","부산 경찰청장에게 아들 취업·향후 경찰청장 지원·활동비를 제공하고 살인 증거 USB를 넘긴 뒤, 시사고발 방송으로 이준수의 청산가스 정황을 공개하고 이영한에게 흔들린 부하들을 흡수시킨다; 의사 증언과 부산 공장 자료가 전국 방송에 나오면서 이준수가 사촌을 죽였고 박동하가 그와 손잡았다는 서사가 박동하 조직 안에 결정적 균열을 낸다; 오성파 두목이 체포되고 이영한은 명동 70%를 접수하며, 태우 게임단은 숙소·장비·선수 계약과 케이블 공식대회 중계까지 준비를 마친다","부산 경찰청장에게 아들 취업·향후 경찰청장 지원·활동비를 제공하고 살인 증거 USB를 넘긴 뒤, 시사고발 방송으로 이준수의 청산가스 정황을 공개하고 이영한에게 흔들린 부하들을 흡수시킨다; 의사 증언과 부산 공장 자료가 전국 방송에 나오면서 이준수가 사촌을 죽였고 박동하가 그와 손잡았다는 서사가 박동하 조직 안에 결정적 균열을 낸다; 오성파 두목이 체포되고 이영한은 명동 70%를 접수하며, 태우 게임단은 숙소·장비·선수 계약과 케이블 공식대회 중계까지 준비를 마친다",이영한의 명동 70퍼센트 장악과 e스포츠 협회 출범이 약속 결산·플랫폼 확장을 함께 지급한다.,이영한의 명동 70퍼센트 장악과 e스포츠 협회 출범이 약속 결산·플랫폼 확장을 함께 지급한다.,보상은 실제 지급만 세어 9→8 판정; 훅은 마지막 프레임의 열린 질문만 세어 9→6 판정
112,112화,L20421~L20584,PASS,EDIT,PASS,5,5,8,7,8,5,0.29/0.17/0.17/0.05/0.32,0.29/0.17/0.17/0.05/0.32,"김태중의 IT 계열분리 제안을 주주와 폭락 방어 논리로 막고, 이준수 구속 뉴스를 확인한 뒤 왕자의 난 시점에 맞춰 현재 반도체를 빼앗고 배터리 투자를 키우겠다고 밝힌다","태우그룹은 부도를 피했고 자동차는 유럽 2위·미국 선호도 10위권, 통신은 1위가 됐으며 이준수도 구속 상태로 밀려난다",민재의 머릿속에는 시간과 돈을 먹는 반도체와 배터리가 10년 뒤 태우그룹의 현금창구가 되는 그림이 자리 잡는다,"김태중의 IT 계열분리 제안을 주주와 폭락 방어 논리로 막고, 이준수 구속 뉴스를 확인한 뒤 왕자의 난 시점에 맞춰 현재 반도체를 빼앗고 배터리 투자를 키우겠다고 밝힌다; 민재는 외환위기에서 그룹을 살린 1차 목표가 끝났다고 스스로 선언하고, 생존 이후의 성장 목표를 처음 명확히 세운다; 태우그룹은 부도를 피했고 자동차는 유럽 2위·미국 선호도 10위권, 통신은 1위가 됐으며 이준수도 구속 상태로 밀려난다","김태중의 IT 계열분리 제안을 주주와 폭락 방어 논리로 막고, 이준수 구속 뉴스를 확인한 뒤 왕자의 난 시점에 맞춰 현재 반도체를 빼앗고 배터리 투자를 키우겠다고 밝힌다; 민재는 외환위기에서 그룹을 살린 1차 목표가 끝났다고 스스로 선언하고, 생존 이후의 성장 목표를 처음 명확히 세운다; 태우그룹은 부도를 피했고 자동차는 유럽 2위·미국 선호도 10위권, 통신은 1위가 됐으며 이준수도 구속 상태로 밀려난다",KS보다 5퍼센트 앞선 통신 1위와 IT 가치를 반도체·배터리 투자 재원으로 묶어 지위·재무 정보가 중심이다.,KS보다 5퍼센트 앞선 통신 1위와 태우IT 가치를 반도체·배터리 투자재원으로 묶는다. 순위 자랑보다 번 돈을 다음 산업의 체력으로 돌리는 계산이 회차를 채운다.,보상은 실제 지급만 세어 8→7 판정; 훅은 마지막 프레임의 열린 질문만 세어 8→5 판정; L20421~L20584 수동 재독; 범용 중심·비중 문구를 장면 리듬으로 교체; L20421~L20584 수동 재독; 범용 중심·비중 문구를 장면 리듬으로 교체; L20421~L20584 수동 재독; 범용 중심·비중 문구를 장면 리듬으로 교체; L20421~L20584 수동 재독; 범용 중심·비중 문구를 장면 리듬으로 교체; L20421~L20584 수동 재독; 범용 중심·비중 문구를 장면 리듬으로 교체; L20421~L20584 수동 재독; 범용 중심·비중 문구를 장면 리듬으로 교체; L20421~L20584 수동 재독; 범용 중심·비중 문구를 장면 리듬으로 교체; L20421~L20584 수동 재독; 범용 중심·비중 문구를 장면 리듬으로 교체; L20421~L20584 수동 재독; 범용 중심·비중 문구를 장면 리듬으로 교체; L20421~L20584 수동 재독; 범용 중심·비중 문구를 장면 리듬으로 교체; L20421~L20584 수동 재독; 범용 중심·비중 문구를 장면 리듬으로 교체
113,113화,L20585~L20769,PASS,EDIT,PASS,6,6,7,6,9,9,0.27/0.20/0.37/0.07/0.09,0.27/0.20/0.37/0.07/0.09,"이영한이 박동하와 마지막 대면을 치르는 동안 민재는 다이먼과 엔화 압박·수익률 300%·만기 2년짜리 300억 달러 IT 파생상품을 설계하고, 조지의 발언과 한 팀장 영업을 붙인다",이영한은 명동의 주인이 되고 한 달도 안 돼 일본 대부업체와 100억 달러 넘는 파생상품 계약이 체결된다,모델하우스 커팅식에 나타난 미국 손님이 훗날 제45대 대통령이 될 트럼프임을 알아본 민재가 경악한다,"이영한이 박동하와 마지막 대면을 치르는 동안 민재는 다이먼과 엔화 압박·수익률 300%·만기 2년짜리 300억 달러 IT 파생상품을 설계하고, 조지의 발언과 한 팀장 영업을 붙인다; 이영한이 살려 보내려 하자 박동하는 마지막 충고를 남기고 창밖으로 몸을 던져 스스로 생을 끝낸다; 이영한은 명동의 주인이 되고 한 달도 안 돼 일본 대부업체와 100억 달러 넘는 파생상품 계약이 체결된다","이영한이 박동하와 마지막 대면을 치르는 동안 민재는 다이먼과 엔화 압박·수익률 300%·만기 2년짜리 300억 달러 IT 파생상품을 설계하고, 조지의 발언과 한 팀장 영업을 붙인다; 이영한이 살려 보내려 하자 박동하는 마지막 충고를 남기고 창밖으로 몸을 던져 스스로 생을 끝낸다; 이영한은 명동의 주인이 되고 한 달도 안 돼 일본 대부업체와 100억 달러 넘는 파생상품 계약이 체결된다",엔화·금리 양면 공격을 정하고 모델하우스에서 트럼프를 맞아 금융 전략과 새 인맥 관계가 앞선다.,엔화·금리 양면 공격을 정하고 모델하우스에서 트럼프를 맞아 금융 전략과 새 인맥 관계가 앞선다.,보상은 실제 지급만 세어 7→6 판정
114,114화,L20770~L20949,PASS,EDIT,PASS,7,7,7,6,9,8,0.29/0.29/0.20/0.08/0.14,0.29/0.29/0.20/0.08/0.14,"트럼프를 1박 2일 안내한 뒤 인터넷 TV를 직접 시험하고, LCD 공급처 다변화·3년 태우통신 약정 시 TV 무상 제공·인터넷 TV 특허 사용 대가로 태우 OTT와 음원 사용을 지시한다",출시 한 달 뒤 무료 TV 마케팅이 통하면서 KS와 격차가 두 자릿수가 되고 OTT·음원·게임 플랫폼 매출과 전자·통신 주가가 함께 오른다,양일섭 의원이 학부모와 게임 중독을 명분 삼으면 태우통신을 때릴 수 있다고 통신 카르텔 앞에서 묘수를 꺼낸다,"트럼프를 1박 2일 안내한 뒤 인터넷 TV를 직접 시험하고, LCD 공급처 다변화·3년 태우통신 약정 시 TV 무상 제공·인터넷 TV 특허 사용 대가로 태우 OTT와 음원 사용을 지시한다; TV 하드웨어 손실을 태우통신의 3년 고객 고정과 OTT·음원 수익으로 회수하면 전자·통신·IT 세 곳이 동시에 이기는 구조가 된다; 출시 한 달 뒤 무료 TV 마케팅이 통하면서 KS와 격차가 두 자릿수가 되고 OTT·음원·게임 플랫폼 매출과 전자·통신 주가가 함께 오른다","트럼프를 1박 2일 안내한 뒤 인터넷 TV를 직접 시험하고, LCD 공급처 다변화·3년 태우통신 약정 시 TV 무상 제공·인터넷 TV 특허 사용 대가로 태우 OTT와 음원 사용을 지시한다; TV 하드웨어 손실을 태우통신의 3년 고객 고정과 OTT·음원 수익으로 회수하면 전자·통신·IT 세 곳이 동시에 이기는 구조가 된다; 출시 한 달 뒤 무료 TV 마케팅이 통하면서 KS와 격차가 두 자릿수가 되고 OTT·음원·게임 플랫폼 매출과 전자·통신 주가가 함께 오른다",셋톱박스·인터넷TV를 무료 보급하고 LCD 공급을 나누자 관료·통신사가 규제를 모의해 정보와 실행 압박이 높다.,셋톱박스·인터넷TV를 무료 보급하고 LCD 공급을 나누자 관료·통신사가 규제를 모의해 정보와 실행 압박이 높다.,보상은 실제 지급만 세어 7→6 판정; 훅은 마지막 프레임의 열린 질문만 세어 9→8 판정
115,115화,L20950~L21122,PASS,EDIT,PASS,7,7,8,7,8,6,0.20/0.29/0.33/0.09/0.09,0.20/0.29/0.33/0.09/0.09,"과목별 최고 강사에게 계약금·위약금을 보장하고, 수학 강사 강민에게 기존 학원수업 유지·가입자 무료 강의·불우가정 2천 곳 무료 통신을 제안해 계약한 뒤 한 달 만에 인터넷 강의를 연다",전 과목 일타강사 계약과 서비스 출시가 끝나고 학부모 시위가 사라지며 수도권 가입자가 빠르게 늘어난다,민재는 통신 1위 수성과 인터넷 강의라는 새 현금창구를 안겨 준 경쟁사들에게 감사라도 해야겠다고 생각한다,"과목별 최고 강사에게 계약금·위약금을 보장하고, 수학 강사 강민에게 기존 학원수업 유지·가입자 무료 강의·불우가정 2천 곳 무료 통신을 제안해 계약한 뒤 한 달 만에 인터넷 강의를 연다; 상세정보에서 강민이 가족 때문에 EBS 제안을 거절한 미련을 확인한 민재가 수만 명의 수포자를 돕는다는 공익 목표로 그의 마음을 움직인다; 전 과목 일타강사 계약과 서비스 출시가 끝나고 학부모 시위가 사라지며 수도권 가입자가 빠르게 늘어난다","과목별 최고 강사에게 계약금·위약금을 보장하고, 수학 강사 강민에게 기존 학원수업 유지·가입자 무료 강의·불우가정 2천 곳 무료 통신을 제안해 계약한 뒤 한 달 만에 인터넷 강의를 연다; 상세정보에서 강민이 가족 때문에 EBS 제안을 거절한 미련을 확인한 민재가 수만 명의 수포자를 돕는다는 공익 목표로 그의 마음을 움직인다; 전 과목 일타강사 계약과 서비스 출시가 끝나고 학부모 시위가 사라지며 수도권 가입자가 빠르게 늘어난다",유해론 시위에 맞서 강민을 영입하고 저가 강의를 내놓아 인재 관계와 역공 행동이 중심이다.,유해론 시위에 강민 영입과 저가 강의로 맞선다. 거리의 비난을 교육상품과 새 강사의 얼굴로 되받아 여론전의 방향을 바꾼다.,보상은 실제 지급만 세어 8→7 판정; 훅은 마지막 프레임의 열린 질문만 세어 8→6 판정; L20950~L21122 수동 재독; 범용 중심·비중 문구를 장면 리듬으로 교체; L20950~L21122 수동 재독; 범용 중심·비중 문구를 장면 리듬으로 교체; L20950~L21122 수동 재독; 범용 중심·비중 문구를 장면 리듬으로 교체; L20950~L21122 수동 재독; 범용 중심·비중 문구를 장면 리듬으로 교체; L20950~L21122 수동 재독; 범용 중심·비중 문구를 장면 리듬으로 교체; L20950~L21122 수동 재독; 범용 중심·비중 문구를 장면 리듬으로 교체; L20950~L21122 수동 재독; 범용 중심·비중 문구를 장면 리듬으로 교체; L20950~L21122 수동 재독; 범용 중심·비중 문구를 장면 리듬으로 교체; L20950~L21122 수동 재독; 범용 중심·비중 문구를 장면 리듬으로 교체; L20950~L21122 수동 재독; 범용 중심·비중 문구를 장면 리듬으로 교체; L20950~L21122 수동 재독; 범용 중심·비중 문구를 장면 리듬으로 교체
116,116화,L21123~L21297,PASS,EDIT,PASS,5,5,9,8,8,5,0.24/0.18/0.15/0.05/0.38,0.24/0.18/0.15/0.05/0.38,"공무원·자격증·리눅스·자바 강의와 대회 입상자 채용·미국 유학을 지시하고, 귀국한 한 팀장에게 300억 달러 계약을 보고받은 뒤 아마존·구글·애플만 남기고 다른 IT 주식을 매도시킨다","일본 대부업체를 상대로 한 300억 달러 계약이 전량 체결되고, 태우통신은 2위와 10% 넘는 격차를 유지하며 인터넷 강의 일부 유료화까지 확정한다",새해가 오면 현재그룹과 태우그룹의 재계 순위가 뒤바뀔 만큼 격차가 좁혀졌다는 전망으로 1999년 회의가 끝난다,"공무원·자격증·리눅스·자바 강의와 대회 입상자 채용·미국 유학을 지시하고, 귀국한 한 팀장에게 300억 달러 계약을 보고받은 뒤 아마존·구글·애플만 남기고 다른 IT 주식을 매도시킨다; 한 팀장이 일본에서 제안도 하기 전에 업체들이 계약 규모를 키우려 했다고 밝히면서 IT 광기가 첫 파생상품의 경계심까지 눌렀음이 드러난다; 일본 대부업체를 상대로 한 300억 달러 계약이 전량 체결되고, 태우통신은 2위와 10% 넘는 격차를 유지하며 인터넷 강의 일부 유료화까지 확정한다","공무원·자격증·리눅스·자바 강의와 대회 입상자 채용·미국 유학을 지시하고, 귀국한 한 팀장에게 300억 달러 계약을 보고받은 뒤 아마존·구글·애플만 남기고 다른 IT 주식을 매도시킨다; 한 팀장이 일본에서 제안도 하기 전에 업체들이 계약 규모를 키우려 했다고 밝히면서 IT 광기가 첫 파생상품의 경계심까지 눌렀음이 드러난다; 일본 대부업체를 상대로 한 300억 달러 계약이 전량 체결되고, 태우통신은 2위와 10% 넘는 격차를 유지하며 인터넷 강의 일부 유료화까지 확정한다",강의를 수익화하고 대부업 파생 400억~800억 달러 회수 가능성을 점검해 현금·시장 지위 보상이 크다.,온라인 강의를 수익사업으로 만들면서 대부업 파생상품에서 400억~800억 달러를 회수할 가능성을 점검한다. 작은 교육사업의 현금흐름과 훨씬 큰 금융판이 한 자리에서 연결된다.,보상은 실제 지급만 세어 9→8 판정; 훅은 마지막 프레임의 열린 질문만 세어 8→5 판정; L21123~L21297 수동 재독; 편집 메타어를 실제 장면·숫자·사람 반응으로 교체; L21123~L21297 수동 재독; 편집 메타어를 실제 장면·숫자·사람 반응으로 교체
117,117화,L21298~L21474,PASS,EDIT,PASS,5,5,6,5,9,6,0.34/0.12/0.31/0.16/0.07,0.34/0.12/0.31/0.16/0.07,"김태중에게 AI·로봇·배터리 투자의 10년 로드맵을 설득하고 올해 안 진지한 만남을 약속한 뒤, 박만덕에게 상반기 펀드를 채권 위주로 운용하라며 책임을 자신이 진다고 지시한다","김태중은 장기 기술투자를 허락하고, 태우 펀드는 버블 정점의 IT 종목 대신 채권을 택하는 방어 명령을 확보한다","기획실장은 전자·건설·증권을 가진 육남이 우세하다고 보지만, 민재는 10년 뒤 자동차를 가진 장남이 최후의 승자임을 안다","김태중에게 AI·로봇·배터리 투자의 10년 로드맵을 설득하고 올해 안 진지한 만남을 약속한 뒤, 박만덕에게 상반기 펀드를 채권 위주로 운용하라며 책임을 자신이 진다고 지시한다; 3월 장경준이 장영준의 심복인 현재증권 회장을 좌천시키며 장영주의 공동회장 체제가 실제 경영권 전쟁으로 터진다; 김태중은 장기 기술투자를 허락하고, 태우 펀드는 버블 정점의 IT 종목 대신 채권을 택하는 방어 명령을 확보한다","김태중에게 AI·로봇·배터리 투자의 10년 로드맵을 설득하고 올해 안 진지한 만남을 약속한 뒤, 박만덕에게 상반기 펀드를 채권 위주로 운용하라며 책임을 자신이 진다고 지시한다; 3월 장경준이 장영준의 심복인 현재증권 회장을 좌천시키며 장영주의 공동회장 체제가 실제 경영권 전쟁으로 터진다; 김태중은 장기 기술투자를 허락하고, 태우 펀드는 버블 정점의 IT 종목 대신 채권을 택하는 방어 명령을 확보한다",김태중의 결혼 압박과 현 그룹 여섯 아들 분할을 함께 분석해 가족 관계·승계 정보에 머문다.,김태중의 결혼 압박과 현 그룹 여섯 아들 분할을 함께 분석해 가족 관계·승계 정보에 머문다.,보상은 실제 지급만 세어 6→5 판정; 훅은 마지막 프레임의 열린 질문만 세어 9→6 판정
118,118화,L21475~L21647,PASS,EDIT,PASS,6,6,8,7,8,6,0.24/0.19/0.38/0.06/0.13,0.24/0.19/0.38/0.06/0.13,"장영준의 지지 요청을 거절해 만남 소문을 내고, 찾아온 장경준에게 동생을 일단 회장에 앉힌 뒤 흔들리는 계열사를 흡수하자며 현재건설 지원과 현재반도체 양보를 교환한다",현재건설을 장경준에게 붙이고 현재전자의 반도체를 태우가 인수하도록 서로 지원하는 비밀 계약이 성립한다,"아버지에게 버림받았다고 느끼던 장경준은 서명 뒤 얼굴이 밝아지고, 현재건설이라는 새 희망을 품고 돌아간다","장영준의 지지 요청을 거절해 만남 소문을 내고, 찾아온 장경준에게 동생을 일단 회장에 앉힌 뒤 흔들리는 계열사를 흡수하자며 현재건설 지원과 현재반도체 양보를 교환한다; 민재는 1년 안에 현재건설이 위기를 겪지 않으면 태우 보유 8%를 시가에 넘긴다는 보증서를 내밀고 장경준의 서명을 받아낸다; 현재건설을 장경준에게 붙이고 현재전자의 반도체를 태우가 인수하도록 서로 지원하는 비밀 계약이 성립한다","장영준의 지지 요청을 거절해 만남 소문을 내고, 찾아온 장경준에게 동생을 일단 회장에 앉힌 뒤 흔들리는 계열사를 흡수하자며 현재건설 지원과 현재반도체 양보를 교환한다; 민재는 1년 안에 현재건설이 위기를 겪지 않으면 태우 보유 8%를 시가에 넘긴다는 보증서를 내밀고 장경준의 서명을 받아낸다; 현재건설을 장경준에게 붙이고 현재전자의 반도체를 태우가 인수하도록 서로 지원하는 비밀 계약이 성립한다",장경준과 장영준 선총수·현 건설·반도체 교환 계약을 맺어 후계 동맹 관계와 계약 보상이 중심이다.,장경준·장영준과 선총수·현건설·반도체를 맞바꾸는 계약을 맺는다. 후계자끼리의 대화가 각 가문의 지배권과 산업자산을 교환하는 동맹으로 굳어진다.,보상은 실제 지급만 세어 8→7 판정; 훅은 마지막 프레임의 열린 질문만 세어 8→6 판정; L21475~L21647 수동 재독; 범용 중심·비중 문구를 장면 리듬으로 교체; L21475~L21647 수동 재독; 범용 중심·비중 문구를 장면 리듬으로 교체; L21475~L21647 수동 재독; 범용 중심·비중 문구를 장면 리듬으로 교체; L21475~L21647 수동 재독; 범용 중심·비중 문구를 장면 리듬으로 교체; L21475~L21647 수동 재독; 범용 중심·비중 문구를 장면 리듬으로 교체; L21475~L21647 수동 재독; 범용 중심·비중 문구를 장면 리듬으로 교체; L21475~L21647 수동 재독; 범용 중심·비중 문구를 장면 리듬으로 교체; L21475~L21647 수동 재독; 범용 중심·비중 문구를 장면 리듬으로 교체; L21475~L21647 수동 재독; 범용 중심·비중 문구를 장면 리듬으로 교체; L21475~L21647 수동 재독; 범용 중심·비중 문구를 장면 리듬으로 교체; L21475~L21647 수동 재독; 범용 중심·비중 문구를 장면 리듬으로 교체
119,119화,L21648~L21825,PASS,EDIT,PASS,5,5,7,6,8,7,0.36/0.17/0.17/0.04/0.26,0.36/0.17/0.17/0.04/0.26,"다이먼에게 현재 반도체와 건설을 조사시키고, 장영주의 기자회견 뒤 태우의 1위를 확인한 다음 한 팀장에게 더 떨어지면 IT 지분을 사며 청산 원하는 일본 업체는 정리하라고 지시한다","태우는 처음으로 국내 1위 그룹이 되고, 아마존·애플 등은 40~50% 싸져 장기 지배지분을 다시 살 창구가 열린다","한 팀장은 일본 회수가 끝나면 월가가 닷컴 손실 책임을 SAVE에 떠넘길 것이라 경고하고, 민재는 그들이 물어뜯을 다른 먹잇감이 필요하다고 본다","다이먼에게 현재 반도체와 건설을 조사시키고, 장영주의 기자회견 뒤 태우의 1위를 확인한 다음 한 팀장에게 더 떨어지면 IT 지분을 사며 청산 원하는 일본 업체는 정리하라고 지시한다; 장경준이 한발 물러나자 장영주가 육남 승계를 확정하고 계열사를 갈라, 태우그룹이 어부지리지만 공식 재계 1위에 오른다; 태우는 처음으로 국내 1위 그룹이 되고, 아마존·애플 등은 40~50% 싸져 장기 지배지분을 다시 살 창구가 열린다","다이먼에게 현재 반도체와 건설을 조사시키고, 장영주의 기자회견 뒤 태우의 1위를 확인한 다음 한 팀장에게 더 떨어지면 IT 지분을 사며 청산 원하는 일본 업체는 정리하라고 지시한다; 장경준이 한발 물러나자 장영주가 육남 승계를 확정하고 계열사를 갈라, 태우그룹이 어부지리지만 공식 재계 1위에 오른다; 태우는 처음으로 국내 1위 그룹이 되고, 아마존·애플 등은 40~50% 싸져 장기 지배지분을 다시 살 창구가 열린다",현 반도체 인수 준비와 40~50퍼센트 급락한 IT 종목 재매수 시점을 잡아 시장 정보·자산 판단이 앞선다.,현 반도체 인수 준비와 40~50퍼센트 급락한 IT 종목 재매수 시점을 잡아 시장 정보·자산 판단이 앞선다.,보상은 실제 지급만 세어 7→6 판정; 훅은 마지막 프레임의 열린 질문만 세어 8→7 판정
120,120화,L21826~L22000,PASS,EDIT,PASS,7,7,9,8,8,6,0.20/0.27/0.19/0.05/0.29,0.20/0.27/0.19/0.05/0.29,"일본에서는 현금·부동산·주식·채권을 받아내고, 뉴욕 회의에서는 현재가보다 5% 높게 IT 주식을 사주겠다며 파생계약을 원가 1.5배에 팔아 그 대금을 IT 지분으로 받는다","과거 넘긴 애플·아마존·구글 지분을 전량 회수하고 추가 매수해 보유량을 오히려 늘리며, 회수 어려운 일본 채권은 미국 자본에 넘긴다",민재는 공학을 모르는 한 팀장을 캘리포니아로 끌고 가며 아이폰을 본 그의 얼굴이 어떻게 변할지 궁금해한다,"일본에서는 현금·부동산·주식·채권을 받아내고, 뉴욕 회의에서는 현재가보다 5% 높게 IT 주식을 사주겠다며 파생계약을 원가 1.5배에 팔아 그 대금을 IT 지분으로 받는다; 파생상품 계약서를 본 월가 인사들의 탐욕이 살아나면서 공격 대상이 SAVE에서 일본 대부업체로 순식간에 바뀐다; 과거 넘긴 애플·아마존·구글 지분을 전량 회수하고 추가 매수해 보유량을 오히려 늘리며, 회수 어려운 일본 채권은 미국 자본에 넘긴다","일본에서는 현금·부동산·주식·채권을 받아내고, 뉴욕 회의에서는 현재가보다 5% 높게 IT 주식을 사주겠다며 파생계약을 원가 1.5배에 팔아 그 대금을 IT 지분으로 받는다; 파생상품 계약서를 본 월가 인사들의 탐욕이 살아나면서 공격 대상이 SAVE에서 일본 대부업체로 순식간에 바뀐다; 과거 넘긴 애플·아마존·구글 지분을 전량 회수하고 추가 매수해 보유량을 오히려 늘리며, 회수 어려운 일본 채권은 미국 자본에 넘긴다",일본계 자산 압류와 IT 지분 재매수·파생 1.5배 재판매를 병행해 금융 행동과 자산 보상이 높다.,일본계 자산 압류와 IT 지분 재매수·파생 1.5배 재판매를 병행해 금융 행동과 자산 보상이 높다.,보상은 실제 지급만 세어 9→8 판정; 훅은 마지막 프레임의 열린 질문만 세어 8→6 판정
121,121화,L22001~L22200,PASS,EDIT,PASS,6,6,8,7,9,5,0.23/0.22/0.26/0.07/0.22,0.23/0.22/0.26/0.07/0.22,"스티브에게 올해 안 출시계획을 잡게 하고, 귀국길 데이비드에게 푸틴 초청을 확인한 뒤 김태중의 부회장 제안에 80% 이상 사장단 찬성을 조건으로 내걸고 투표에서 완전히 빠진다","아이폰 연내 출시 결정, 푸틴 취임식의 공식 초청과 러시아 협상 전권, 찬성 35표·반대 3표라는 90% 넘는 내부 지지를 얻는다","개표 결과를 들은 김태중의 입꼬리가 귀까지 걸리고, 사장들은 반대표가 세 장뿐이었다는 사실에 안도의 숨을 쉰다","스티브에게 올해 안 출시계획을 잡게 하고, 귀국길 데이비드에게 푸틴 초청을 확인한 뒤 김태중의 부회장 제안에 80% 이상 사장단 찬성을 조건으로 내걸고 투표에서 완전히 빠진다; 김태중이 본부장 직을 끝내고 공동 부회장으로 올리겠다고 먼저 제안하자 민재는 임명권 대신 사장단의 비밀투표로 정당성을 시험한다; 아이폰 연내 출시 결정, 푸틴 취임식의 공식 초청과 러시아 협상 전권, 찬성 35표·반대 3표라는 90% 넘는 내부 지지를 얻는다","스티브에게 올해 안 출시계획을 잡게 하고, 귀국길 데이비드에게 푸틴 초청을 확인한 뒤 김태중의 부회장 제안에 80% 이상 사장단 찬성을 조건으로 내걸고 투표에서 완전히 빠진다; 김태중이 본부장 직을 끝내고 공동 부회장으로 올리겠다고 먼저 제안하자 민재는 임명권 대신 사장단의 비밀투표로 정당성을 시험한다; 아이폰 연내 출시 결정, 푸틴 취임식의 공식 초청과 러시아 협상 전권, 찬성 35표·반대 3표라는 90% 넘는 내부 지지를 얻는다",아이폰 시제품·푸틴 초청 뒤 사장단 35대3 표결을 받아 기술 기대와 공식 지위가 함께 상승한다.,아이폰 시제품·푸틴 초청 뒤 사장단 35대3 표결을 받아 기술 기대와 공식 지위가 함께 상승한다.,보상은 실제 지급만 세어 8→7 판정; 훅은 마지막 프레임의 열린 질문만 세어 9→5 판정
122,122화,L22201~L22405,PASS,EDIT,PASS,6,6,9,8,8,9,0.18/0.18/0.39/0.10/0.15,0.18/0.18/0.39/0.10/0.15,"부회장 임명을 받아들이며 파벌 해체·능력 인사·고액 보상을 선언하고, 언론 비난을 억누르지 않은 채 태우건설 인사 명령을 내린 뒤 모스크바 외곽 다차로 향한다","민재는 태우그룹 부회장 직함과 그룹 인사 개편 권한, 90% 지지를 업고 러시아 대통령과 외부인 없는 독대 기회를 얻는다","푸틴은 미소를 띤 채 민재가 SAVE의 주인이라는 사실을 농담처럼 찌르고, 별장의 공기가 즉시 협상장으로 바뀐다","부회장 임명을 받아들이며 파벌 해체·능력 인사·고액 보상을 선언하고, 언론 비난을 억누르지 않은 채 태우건설 인사 명령을 내린 뒤 모스크바 외곽 다차로 향한다; 별장에 직접 나타난 푸틴이 태우그룹보다 SAVE 투자회사 대표로 소개해야 하지 않느냐며 민재의 숨겨 둔 소유관계를 알고 있음을 드러낸다; 민재는 태우그룹 부회장 직함과 그룹 인사 개편 권한, 90% 지지를 업고 러시아 대통령과 외부인 없는 독대 기회를 얻는다","부회장 임명을 받아들이며 파벌 해체·능력 인사·고액 보상을 선언하고, 언론 비난을 억누르지 않은 채 태우건설 인사 명령을 내린 뒤 모스크바 외곽 다차로 향한다; 별장에 직접 나타난 푸틴이 태우그룹보다 SAVE 투자회사 대표로 소개해야 하지 않느냐며 민재의 숨겨 둔 소유관계를 알고 있음을 드러낸다; 민재는 태우그룹 부회장 직함과 그룹 인사 개편 권한, 90% 지지를 업고 러시아 대통령과 외부인 없는 독대 기회를 얻는다",90퍼센트 지지로 부회장이 된 뒤 푸틴의 다차에 들어가 그룹·국가 최고권력 관계가 중심이다.,90퍼센트 지지로 부회장이 된 직후 푸틴의 다차에 들어간다. 그룹 안 승진의 여운이 가시기도 전에 국가 최고권력과 마주해 지위 상승의 체감이 커진다.,보상은 실제 지급만 세어 9→8 판정; 훅은 마지막 프레임의 열린 질문만 세어 8→9 판정; L22201~L22405 수동 재독; 범용 중심·비중 문구를 장면 리듬으로 교체; L22201~L22405 수동 재독; 범용 중심·비중 문구를 장면 리듬으로 교체; L22201~L22405 수동 재독; 범용 중심·비중 문구를 장면 리듬으로 교체; L22201~L22405 수동 재독; 범용 중심·비중 문구를 장면 리듬으로 교체; L22201~L22405 수동 재독; 범용 중심·비중 문구를 장면 리듬으로 교체; L22201~L22405 수동 재독; 범용 중심·비중 문구를 장면 리듬으로 교체; L22201~L22405 수동 재독; 범용 중심·비중 문구를 장면 리듬으로 교체; L22201~L22405 수동 재독; 범용 중심·비중 문구를 장면 리듬으로 교체; L22201~L22405 수동 재독; 범용 중심·비중 문구를 장면 리듬으로 교체; L22201~L22405 수동 재독; 범용 중심·비중 문구를 장면 리듬으로 교체; L22201~L22405 수동 재독; 범용 중심·비중 문구를 장면 리듬으로 교체
123,123화,L22406~L22595,PASS,EDIT,PASS,7,7,9,8,8,8,0.31/0.17/0.31/0.06/0.15,0.31/0.17/0.31/0.06/0.15,"태우 자동차·전자 공장 건설을 제안하고 SAVE 단독 초기 100억 달러를 약속한 뒤, 새 에너지회사 지분 협상에서 한국 수출 물량의 전권만 요구하고 유럽 판매권은 사양한다","태우는 러시아 공장 편의, 올리가르히 이후 에너지회사 대주주 기회, 한국향 천연자원 판매 전권을 약속받고 푸틴과 한배를 탄다",푸틴은 차갑게 식은 홍차를 들어 배부른 돼지를 위하여 건배하며 올리가르히의 몫을 나눌 의도를 노골적으로 드러낸다,"태우 자동차·전자 공장 건설을 제안하고 SAVE 단독 초기 100억 달러를 약속한 뒤, 새 에너지회사 지분 협상에서 한국 수출 물량의 전권만 요구하고 유럽 판매권은 사양한다; 푸틴은 가스프롬과 외국자본을 합친 회사의 51%만 정부가 갖고 나머지 지분은 투자액에 따라 민재에게 전부 줄 수도 있다고 제안한다; 태우는 러시아 공장 편의, 올리가르히 이후 에너지회사 대주주 기회, 한국향 천연자원 판매 전권을 약속받고 푸틴과 한배를 탄다","태우 자동차·전자 공장 건설을 제안하고 SAVE 단독 초기 100억 달러를 약속한 뒤, 새 에너지회사 지분 협상에서 한국 수출 물량의 전권만 요구하고 유럽 판매권은 사양한다; 푸틴은 가스프롬과 외국자본을 합친 회사의 51%만 정부가 갖고 나머지 지분은 투자액에 따라 민재에게 전부 줄 수도 있다고 제안한다; 태우는 러시아 공장 편의, 올리가르히 이후 에너지회사 대주주 기회, 한국향 천연자원 판매 전권을 약속받고 푸틴과 한배를 탄다",올리가르히 해체 지원 범위와 한국 에너지 권리를 교섭해 자원 조건과 푸틴 동맹에 오래 머문다.,올리가르히 해체 지원 범위와 한국 에너지 권리를 교섭해 자원 조건과 푸틴 동맹에 오래 머문다.,보상은 실제 지급만 세어 9→8 판정
124,124화,L22596~L22793,PASS,EDIT,PASS,7,7,9,8,8,6,0.16/0.26/0.32/0.19/0.07,0.16/0.26/0.32/0.19/0.07,"취임식에서 로만과 관계를 맺고 무례한 외교부 차관의 요구를 거절하며, 귀국 뒤 김태중에게 자원개발·러시아 공장·월가 공동투자를 보고하고 장수영 인사 조치의 필요성을 주장한다","러시아 천연자원 개발과 현지 자동차·전자 공장 혜택이 김태중에게 전달되고, 월가를 섞어 위험을 분산하는 사업안도 승인을 얻는다",김태중이 방으로 들어간 뒤 민재는 미안함을 느끼면서도 새로운 태우그룹을 만들려면 물갈이가 필요하다고 결론낸다,"취임식에서 로만과 관계를 맺고 무례한 외교부 차관의 요구를 거절하며, 귀국 뒤 김태중에게 자원개발·러시아 공장·월가 공동투자를 보고하고 장수영 인사 조치의 필요성을 주장한다; 김태중은 장수영의 호소를 들으면서도 미래 총수인 손자의 앞길을 막지 않고 직접 결판내라며 보호를 거둔다; 러시아 천연자원 개발과 현지 자동차·전자 공장 혜택이 김태중에게 전달되고, 월가를 섞어 위험을 분산하는 사업안도 승인을 얻는다","취임식에서 로만과 관계를 맺고 무례한 외교부 차관의 요구를 거절하며, 귀국 뒤 김태중에게 자원개발·러시아 공장·월가 공동투자를 보고하고 장수영 인사 조치의 필요성을 주장한다; 김태중은 장수영의 호소를 들으면서도 미래 총수인 손자의 앞길을 막지 않고 직접 결판내라며 보호를 거둔다; 러시아 천연자원 개발과 현지 자동차·전자 공장 혜택이 김태중에게 전달되고, 월가를 섞어 위험을 분산하는 사업안도 승인을 얻는다",인사권으로 장수영을 밀어내 복수를 지급하지만 김태중의 상실감을 감수해 관계·감정 비용이 크다.,푸틴 취임식과 러시아 자원·현지공장 성과를 김태중에게 보고한 뒤 장수영 인사 문제로 조손 대화가 무거워진다. 김태중은 직접 결판내라고 보호를 거둘 뿐 사표 제출이나 해임은 아직 실행되지 않아 성과보다 관계 비용이 길게 남는다.,보상은 실제 지급만 세어 9→8 판정; 훅은 마지막 프레임의 열린 질문만 세어 8→6 판정; L22596~L22793 수동 재독; 표본 note를 현재 화 표면으로 교정; L22596~L22793 수동 재독; 표본 note를 현재 화 표면으로 교정; L22596~L22793 수동 재독; 표본 note를 현재 화 표면으로 교정; L22596~L22793 수동 재독; 표본 note를 현재 화 표면으로 교정; L22596~L22793 수동 재독; 표본 note를 현재 화 표면으로 교정; L22596~L22793 수동 재독; 표본 note를 현재 화 표면으로 교정; L22596~L22793 수동 재독; 표본 note를 현재 화 표면으로 교정; L22596~L22793 수동 재독; 표본 note를 현재 화 표면으로 교정; L22596~L22793 수동 재독; 표본 note를 현재 화 표면으로 교정; L22596~L22793 수동 재독; 표본 note를 현재 화 표면으로 교정; L22596~L22793 수동 재독; 표본 note를 현재 화 표면으로 교정; L22596~L22793 수동 재독; 표본 note를 현재 화 표면으로 교정
125,125화,L22794~L22969,PASS,EDIT,PASS,6,6,7,6,9,7,0.39/0.14/0.25/0.05/0.17,0.39/0.14/0.25/0.05/0.17,"이주영에게 추가 출혈 없이 15% 격차를 유지시키고, 박만덕에게 계열사 자사주 매입과 애플 장기 보유를 제안한 뒤 장경준에게 현재건설의 10월 어음과 1조 원대 이라크 미수금·총 2조 원대 손실을 짚어준다","태우통신은 KS와 15% 격차, 게임단 팬클럽 50만 명을 얻고, 태우증권에는 떠났던 고객과 더 큰 자금이 돌아오며 장경준은 반도체 양도 지원을 재확인한다",현재건설을 얻을 장경준과 반도체를 얻을 민재가 마주 웃으며 김태중이 바라던 반도체 인수 시간이 가까워졌음을 확인한다,"이주영에게 추가 출혈 없이 15% 격차를 유지시키고, 박만덕에게 계열사 자사주 매입과 애플 장기 보유를 제안한 뒤 장경준에게 현재건설의 10월 어음과 1조 원대 이라크 미수금·총 2조 원대 손실을 짚어준다; IT 종목에 들어가지 않은 태우증권 펀드만 +7%를 내고 현재증권은 약 -70%까지 무너지면서, 현재건설을 지원할 그룹 내 돈줄도 함께 마른다; 태우통신은 KS와 15% 격차, 게임단 팬클럽 50만 명을 얻고, 태우증권에는 떠났던 고객과 더 큰 자금이 돌아오며 장경준은 반도체 양도 지원을 재확인한다","이주영에게 추가 출혈 없이 15% 격차를 유지시키고, 박만덕에게 계열사 자사주 매입과 애플 장기 보유를 제안한 뒤 장경준에게 현재건설의 10월 어음과 1조 원대 이라크 미수금·총 2조 원대 손실을 짚어준다; IT 종목에 들어가지 않은 태우증권 펀드만 +7%를 내고 현재증권은 약 -70%까지 무너지면서, 현재건설을 지원할 그룹 내 돈줄도 함께 마른다; 태우통신은 KS와 15% 격차, 게임단 팬클럽 50만 명을 얻고, 태우증권에는 떠났던 고객과 더 큰 자금이 돌아오며 장경준은 반도체 양도 지원을 재확인한다",디아블로2 실적 뒤 장경준에게 미수금 1조·손실 2조·10월 부도를 제시해 재무 정보와 거래 시간표가 중심이다.,디아블로2 실적을 확인한 뒤 장경준에게 미수금 1조 원·손실 2조 원·10월 부도 전망을 펼친다. 게임 성과의 경쾌함을 건설사의 시한부 장부가 단숨에 걷어 낸다.,보상은 실제 지급만 세어 7→6 판정; 훅은 마지막 프레임의 열린 질문만 세어 9→7 판정; L22794~L22969 수동 재독; 범용 중심·비중 문구를 장면 리듬으로 교체; L22794~L22969 수동 재독; 범용 중심·비중 문구를 장면 리듬으로 교체; L22794~L22969 수동 재독; 범용 중심·비중 문구를 장면 리듬으로 교체; L22794~L22969 수동 재독; 범용 중심·비중 문구를 장면 리듬으로 교체; L22794~L22969 수동 재독; 범용 중심·비중 문구를 장면 리듬으로 교체; L22794~L22969 수동 재독; 범용 중심·비중 문구를 장면 리듬으로 교체; L22794~L22969 수동 재독; 범용 중심·비중 문구를 장면 리듬으로 교체; L22794~L22969 수동 재독; 범용 중심·비중 문구를 장면 리듬으로 교체; L22794~L22969 수동 재독; 범용 중심·비중 문구를 장면 리듬으로 교체; L22794~L22969 수동 재독; 범용 중심·비중 문구를 장면 리듬으로 교체; L22794~L22969 수동 재독; 범용 중심·비중 문구를 장면 리듬으로 교체
126,126화,L22970~L23156,PASS,EDIT,PASS,7,7,6,6,8,7,0.29/0.23/0.29/0.05/0.14,0.29/0.23/0.29/0.05/0.14,명동 원로와 이영한에게 애플 주식 매집·1년 뒤 재매수·은행 인수 기회를 약속하고 현 건설 첫 부도를 압박한다,애플 저가 매집망과 현 건설 협상 주도권을 얻는다,현 그룹이 무엇을 내놓고 건설을 살릴지 선택해야 한다,명동 원로와 이영한에게 애플 주식 매집·1년 뒤 재매수·은행 인수 기회를 약속하고 현 건설 첫 부도를 압박한다; 태우의 채권단 공개 접근에 현 그룹이 먼저 거래를 고민한다; 애플 저가 매집망과 현 건설 협상 주도권을 얻는다,명동 원로와 이영한에게 애플 주식 매집·1년 뒤 재매수·은행 인수 기회를 약속하고 현 건설 첫 부도를 압박한다; 태우의 채권단 공개 접근에 현 그룹이 먼저 거래를 고민한다; 애플 저가 매집망과 현 건설 협상 주도권을 얻는다,명동 원로에게 애플을 모으게 하고 은행 기회를 약속한 뒤 현 건설 첫 부도를 압박해 정보·동맹이 균형을 이룬다.,명동 원로에게 애플을 모으게 하고 은행 기회를 약속한 뒤 현 건설 첫 부도를 압박해 정보·동맹이 균형을 이룬다.,훅은 마지막 프레임의 열린 질문만 세어 8→7 판정
127,127화,L23157~L23305,PASS,EDIT,PASS,8,8,7,7,9,6,0.25/0.25/0.20/0.05/0.25,0.25/0.25/0.20/0.05/0.25,SAVE의 달러 채권을 앞세워 현 건설 처분을 다이먼에게 맡기고 장경준이 감당할 최고가를 요구한다,현 반도체를 분리해 받을 강제력이 생긴다,장영주가 경쟁 재벌에게 입찰 포기를 부탁해야 한다,SAVE의 달러 채권을 앞세워 현 건설 처분을 다이먼에게 맡기고 장경준이 감당할 최고가를 요구한다; 최대 채권자 지위가 현 건설의 생사 결정권으로 바뀐다; 현 반도체를 분리해 받을 강제력이 생긴다,SAVE의 달러 채권을 앞세워 현 건설 처분을 다이먼에게 맡기고 장경준이 감당할 최고가를 요구한다; 최대 채권자 지위가 현 건설의 생사 결정권으로 바뀐다; 현 반도체를 분리해 받을 강제력이 생긴다,SAVE 달러채권으로 현 건설 생사를 쥐고 최고가 매각·반도체 계약을 강제해 금융 권력과 실행 압박이 높다.,SAVE 달러채권으로 현 건설 생사를 쥐고 최고가 매각·반도체 계약을 강제해 금융 권력과 실행 압박이 높다.,훅은 마지막 프레임의 열린 질문만 세어 9→6 판정
128,128화,L23306~L23477,PASS,EDIT,PASS,7,7,7,6,8,7,0.23/0.22/0.39/0.10/0.06,0.23/0.22/0.39/0.10/0.06,채권단 회의에서 현 반도체 분리를 밀고 장영주가 경쟁 총수들에게 현 건설 입찰 포기를 호소하게 한다,태우가 현 반도체 인수 조건을 고를 위치에 오른다,부채 많은 반도체를 어떤 가격과 조건으로 받을지가 남는다,채권단 회의에서 현 반도체 분리를 밀고 장영주가 경쟁 총수들에게 현 건설 입찰 포기를 호소하게 한다; 장영주가 김태중에게 그룹을 살려 달라고 직접 청한다; 태우가 현 반도체 인수 조건을 고를 위치에 오른다,채권단 회의에서 현 반도체 분리를 밀고 장영주가 경쟁 총수들에게 현 건설 입찰 포기를 호소하게 한다; 장영주가 김태중에게 그룹을 살려 달라고 직접 청한다; 태우가 현 반도체 인수 조건을 고를 위치에 오른다,장영주가 다른 총수에게 입찰 포기를 호소하고 김태중에게 살려 달라 청해 재벌 권력관계 역전이 중심이다.,장영주가 다른 총수들에게 입찰 포기를 호소하고 김태중에게 살려 달라고 청한다. 한때 우위였던 재벌가가 선택권을 잃고 태우의 판단을 기다리는 장면이 권력역전을 보여 준다.,보상은 실제 지급만 세어 7→6 판정; 훅은 마지막 프레임의 열린 질문만 세어 8→7 판정; L23306~L23477 수동 재독; 범용 중심·비중 문구를 장면 리듬으로 교체; L23306~L23477 수동 재독; 범용 중심·비중 문구를 장면 리듬으로 교체; L23306~L23477 수동 재독; 범용 중심·비중 문구를 장면 리듬으로 교체; L23306~L23477 수동 재독; 범용 중심·비중 문구를 장면 리듬으로 교체; L23306~L23477 수동 재독; 범용 중심·비중 문구를 장면 리듬으로 교체; L23306~L23477 수동 재독; 범용 중심·비중 문구를 장면 리듬으로 교체; L23306~L23477 수동 재독; 범용 중심·비중 문구를 장면 리듬으로 교체; L23306~L23477 수동 재독; 범용 중심·비중 문구를 장면 리듬으로 교체; L23306~L23477 수동 재독; 범용 중심·비중 문구를 장면 리듬으로 교체; L23306~L23477 수동 재독; 범용 중심·비중 문구를 장면 리듬으로 교체; L23306~L23477 수동 재독; 범용 중심·비중 문구를 장면 리듬으로 교체
129,129화,L23478~L23644,EDIT,EDIT,PASS,6,6,6,5,9,7,0.36/0.17/0.25/0.04/0.18,0.36/0.17/0.25/0.04/0.18,장영주의 요청을 즉답하지 않고 현 건설 거래와 승계를 엮은 뒤 태우 주식 매입·소각과 퀄컴 저가매수를 준비한다,"장영주가 25퍼센트 상환 조건을 채권단에 직접 설득하게 만들고, 김태중과 주가 하락기 태우 지분 매입·상속 원칙을 맞춘다.",IT 버블로 80퍼센트 가까이 하락한 퀄컴 지분을 언제 어떤 규모로 확보할 것인가?,장영주의 요청을 즉답하지 않고 현 건설 거래와 승계를 엮은 뒤 태우 주식 매입·소각과 퀄컴 저가매수를 준비한다; 반도체 협상과 그룹 지분 방어가 하나의 자금 배치로 묶인다; 태우 지배력과 스마트폰 특허 투자 기반이 두꺼워진다,"장영주의 요청을 즉답하지 않고 현 건설 거래와 승계를 엮은 뒤 태우 주식 매입·소각과 퀄컴 저가매수를 준비한다; 반도체 협상과 그룹 지분 방어가 하나의 자금 배치로 묶인다; 장영주가 25퍼센트 상환 조건을 채권단에 직접 설득하게 만들고, 김태중과 주가 하락기 태우 지분 매입·상속 원칙을 맞춘다",장영주의 반도체 요청에도 서두름을 숨기며 주식 소각·퀄컴 매수를 준비해 전략 정보와 협상 관계가 앞선다.,"장영주의 반도체 요청에 즉답하지 않은 채 현 건설 거래, 태우 주식 매입·소각, 김태중의 상속 원칙을 한 자금판에 배치한다. IT 버블로 80퍼센트 가까이 빠진 퀄컴을 언제 얼마나 살지가 마지막에 붙어 협상 회차를 저점매수 준비로 전환한다.","보상은 실제 지급만 세어 6→5 판정; 훅은 마지막 프레임의 열린 질문만 세어 9→7 판정; L23478~L23644 수동 재독; 점수·리본 유지, 기계적 note만 장면별 편집문으로 교체; L23478~L23644 수동 재독; 기계적 note를 장면별 편집문으로 교체; L23478~L23644 수동 재독; 기계적 note를 장면별 편집문으로 교체; L23478~L23644 수동 재독; 기계적 note를 장면별 편집문으로 교체; L23478~L23644 수동 재독; 기계적 note를 장면별 편집문으로 교체; L23478~L23644 수동 재독; 기계적 note를 장면별 편집문으로 교체; L23478~L23644 수동 재독; 기계적 note를 장면별 편집문으로 교체; L23478~L23644 수동 재독; 기계적 note를 장면별 편집문으로 교체; L23478~L23644 수동 재독; 기계적 note를 장면별 편집문으로 교체; L23478~L23644 수동 재독; 기계적 note를 장면별 편집문으로 교체; L23478~L23644 수동 재독; 기계적 note를 장면별 편집문으로 교체; L23478~L23644 수동 재독; 기계적 note를 장면별 편집문으로 교체; L23478~L23644 수동 재독; 기계적 note를 장면별 편집문으로 교체"
130,130화,L23645~L23831,PASS,EDIT,PASS,6,6,8,7,8,7,0.27/0.19/0.30/0.05/0.19,0.27/0.19/0.30/0.05/0.19,부시 당선자에게 지정 지역 100억 달러 공장을 약속하고 잡스에게 성능·물량을 맞춘 독점 공급을 제안한다,현 반도체 인수 후 살릴 외부 수요와 보호선을 얻는다,채권단이 부채를 얼마나 탕감할지가 마지막 가격 싸움이다,부시 당선자에게 지정 지역 100억 달러 공장을 약속하고 잡스에게 성능·물량을 맞춘 독점 공급을 제안한다; 공장 약속이 정치 방패가 되고 아이폰이 반도체 고정 수요처가 된다; 현 반도체 인수 후 살릴 외부 수요와 보호선을 얻는다,부시 당선자에게 지정 지역 100억 달러 공장을 약속하고 잡스에게 성능·물량을 맞춘 독점 공급을 제안한다; 공장 약속이 정치 방패가 되고 아이폰이 반도체 고정 수요처가 된다; 현 반도체 인수 후 살릴 외부 수요와 보호선을 얻는다,부시에게 100억 달러 공장을 약속하고 잡스에게 독점 공급을 제시해 정치·수요처 관계와 투자 규모가 크다.,부시에게 100억 달러 공장을 약속하고 잡스에게 독점 공급을 제시해 정치·수요처 관계와 투자 규모가 크다.,보상은 실제 지급만 세어 8→7 판정; 훅은 마지막 프레임의 열린 질문만 세어 8→7 판정
131,131화,L23832~L24029,PASS,EDIT,PASS,7,7,9,8,8,7,0.26/0.20/0.20/0.05/0.29,0.26/0.20/0.20/0.05/0.29,급한 사정을 감춘 채 채권단과 현 반도체 부채 65% 탕감을 확정한다,차세대 생산기지를 할인된 채무로 편입할 수 있게 된다,정식 인수와 수율 회복을 맡길 기술 리더가 필요하다,급한 사정을 감춘 채 채권단과 현 반도체 부채 65% 탕감을 확정한다; 채권단이 대규모 손실을 인정하고 탕감안에 도장을 찍는다; 차세대 생산기지를 할인된 채무로 편입할 수 있게 된다,급한 사정을 감춘 채 채권단과 현 반도체 부채 65% 탕감을 확정한다; 채권단이 대규모 손실을 인정하고 탕감안에 도장을 찍는다; 차세대 생산기지를 할인된 채무로 편입할 수 있게 된다,아이폰 일정의 조급함을 감춘 채 현 반도체 부채 65퍼센트 탕감을 받아 금융 조건 보상이 높다.,아이폰 일정의 조급함을 감춘 채 현 반도체 부채 65퍼센트 탕감을 받아 금융 조건 보상이 높다.,보상은 실제 지급만 세어 9→8 판정; 훅은 마지막 프레임의 열린 질문만 세어 8→7 판정
132,132화,L24030~L24220,EDIT,EDIT,PASS,6,6,9,8,8,8,0.22/0.21/0.31/0.05/0.21,0.22/0.21/0.31/0.05/0.21,11월 21일 인수를 공식화하고 유석재를 책임자로 세운 뒤 흑자 전 세금 감면을 요구한다,태우 반도체와 기술 지휘선이 공식 출범한다,김태중의 청와대 압박이 반도체 적자기의 세금 감면을 실제로 받아낼 수 있는가?,11월 21일 인수를 공식화하고 유석재를 책임자로 세운 뒤 흑자 전 세금 감면을 요구한다; 철수 가능성을 내비친 협상 카드가 세제 지원을 끌어낸다; 태우 반도체와 기술 지휘선이 공식 출범한다,11월 21일 인수를 공식화하고 유석재를 책임자로 세운 뒤 흑자 전 세금 감면을 요구한다; 김태중이 반도체 인수 거부 카드로 청와대를 압박해 흑자 전 세금 감면을 받아내겠다고 나선다; 태우 반도체와 기술 지휘선이 공식 출범한다,현 반도체 인수를 공식화하고 유석재를 책임자로 세우며 세금 감면을 요구해 인재·조직 지위가 앞선다.,11월 21일 현 반도체 인수를 공식화하고 유석재를 책임자로 세우는 조직 출범이 먼저 지급된다. 김태중이 인수 거부까지 거론하며 청와대에 흑자 전 세금 감면을 요구하는 후반은 확정된 지휘선 위에 아직 미결인 정책 혜택을 얹는다.,"보상은 실제 지급만 세어 9→8 판정; L24030~L24220 수동 재독; 점수·리본 유지, 기계적 note만 장면별 편집문으로 교체; L24030~L24220 수동 재독; 기계적 note를 장면별 편집문으로 교체; L24030~L24220 수동 재독; 기계적 note를 장면별 편집문으로 교체; L24030~L24220 수동 재독; 기계적 note를 장면별 편집문으로 교체; L24030~L24220 수동 재독; 기계적 note를 장면별 편집문으로 교체; L24030~L24220 수동 재독; 기계적 note를 장면별 편집문으로 교체; L24030~L24220 수동 재독; 기계적 note를 장면별 편집문으로 교체; L24030~L24220 수동 재독; 기계적 note를 장면별 편집문으로 교체; L24030~L24220 수동 재독; 기계적 note를 장면별 편집문으로 교체; L24030~L24220 수동 재독; 기계적 note를 장면별 편집문으로 교체; L24030~L24220 수동 재독; 기계적 note를 장면별 편집문으로 교체; L24030~L24220 수동 재독; 기계적 note를 장면별 편집문으로 교체; L24030~L24220 수동 재독; 기계적 note를 장면별 편집문으로 교체"
133,133화,L24221~L24408,EDIT,EDIT,PASS,5,5,9,6,8,6,0.22/0.14/0.38/0.08/0.18,0.22/0.14/0.38/0.08/0.18,낮은 주가를 이용해 상속 절차를 진행하고 상속 종료 뒤 유석재와 웨이를 공동 부사장으로 임명할 계획을 알린다,승계와 반도체 공동 경영의 실행 일정이 잡힌다,상속 작업이 거의 끝난 김태중이 자기 업무까지 넘기려 하자 민재는 할아버지의 은퇴 가능성을 막으려 한다.,낮은 주가를 이용해 상속 절차를 진행하고 상속 종료 뒤 유석재와 웨이를 공동 부사장으로 임명할 계획을 알린다; 완료 전인 승계와 인사를 공개해 두 기술 리더의 역할을 고정한다; 승계와 반도체 공동 경영의 실행 일정이 잡힌다,낮은 주가를 이용해 상속 절차를 진행하고 상속 종료 뒤 유석재와 웨이를 공동 부사장으로 임명할 계획을 알린다; 완료 전인 승계와 인사를 공개해 두 기술 리더의 역할을 고정한다; 승계와 반도체 공동 경영의 실행 일정이 잡힌다,낮은 주가에 상속을 마치고 유석재·웨이를 공동 부사장으로 세워 승계 자산과 리더십 관계가 중심이다.,낮은 주가를 이용한 상속 절차가 거의 끝나 가고 유석재·웨이 공동 부사장 임명 계획이 공개된다. 실제 명의이전과 인사는 남은 상태에서 김태중이 자기 업무까지 넘기려 하자 민재가 은퇴 가능성을 붙드는 가족 장면으로 닫힌다.,"보상은 실제 지급만 세어 9→8 판정; 훅은 마지막 프레임의 열린 질문만 세어 8→6 판정; L24221~L24408 수동 재독; 점수 재판정, 표본 note를 현재 화 표면으로 교정; L24221~L24408 수동 재독; 점수 재판정, 표본 note를 현재 화 표면으로 교정; L24221~L24408 수동 재독; 점수 재판정, 표본 note를 현재 화 표면으로 교정; L24221~L24408 수동 재독; 점수 재판정, 표본 note를 현재 화 표면으로 교정; L24221~L24408 수동 재독; 점수 재판정, 표본 note를 현재 화 표면으로 교정; L24221~L24408 수동 재독; 점수 재판정, 표본 note를 현재 화 표면으로 교정; L24221~L24408 수동 재독; 점수 재판정, 표본 note를 현재 화 표면으로 교정; L24221~L24408 수동 재독; 점수 재판정, 표본 note를 현재 화 표면으로 교정; L24221~L24408 수동 재독; 점수 재판정, 표본 note를 현재 화 표면으로 교정; L24221~L24408 수동 재독; 점수 재판정, 표본 note를 현재 화 표면으로 교정; L24221~L24408 수동 재독; 점수 재판정, 표본 note를 현재 화 표면으로 교정; L24221~L24408 수동 재독; 점수 재판정, 표본 note를 현재 화 표면으로 교정"
134,134화,L24409~L24613,PASS,EDIT,PASS,5,5,10,9,9,6,0.16/0.30/0.20/0.08/0.26,0.16/0.30/0.20/0.08/0.26,1월 9일 CES에서 잡스가 음악·OTT·록키를 담은 아이폰을 공개하고 300만 대 대기 수요를 확인한다,애플 주가와 태우 반도체 수요 회복의 근거를 얻는다,미국 취임식 이후 정치 관계와 국내 공격 조짐을 살펴야 한다,1월 9일 CES에서 잡스가 음악·OTT·록키를 담은 아이폰을 공개하고 300만 대 대기 수요를 확인한다; 관객 반응과 예약 수요가 스마트폰 전환을 현실로 만든다; 애플 주가와 태우 반도체 수요 회복의 근거를 얻는다,1월 9일 CES에서 잡스가 음악·OTT·록키를 담은 아이폰을 공개하고 300만 대 대기 수요를 확인한다; 관객 반응과 예약 수요가 스마트폰 전환을 현실로 만든다; 애플 주가와 태우 반도체 수요 회복의 근거를 얻는다,CES 공개와 300만 대 대기 수요·애플 주가 반등이 한꺼번에 터져 제품 행동과 시장 보상이 솟는다.,CES 공개와 300만 대 대기 수요·애플 주가 반등이 한꺼번에 터져 제품 행동과 시장 보상이 솟는다.,보상은 실제 지급만 세어 10→9 판정; 훅은 마지막 프레임의 열린 질문만 세어 9→6 판정
135,135화,L24614~L24799,EDIT,EDIT,PASS,5,5,7,6,8,7,0.27/0.17/0.38/0.05/0.13,0.27/0.17/0.38/0.05/0.13,부시 취임식 참석 뒤 윤현길 측의 수사 모의를 파악하고 중국의 쩡홍친을 만나러 간다,중국 사업과 정치 인맥을 보강할 다음 이동선이 열린다,차기 상무위원이 될 쩡훙친과의 관계를 어떤 중국 사업으로 이어갈 것인가?,부시 취임식 참석 뒤 윤현길 측의 수사 모의를 파악하고 중국의 쩡홍친을 만나러 간다; 미국 인지도보다 국내 수사 위험이 더 급한 문제로 떠오른다; 중국 사업과 정치 인맥을 보강할 다음 이동선이 열린다,부시 취임식 참석 뒤 윤현길 측의 수사 모의를 파악하고 중국의 쩡홍친을 만나러 간다; 미국 인지도보다 국내 수사 위험이 더 급한 문제로 떠오른다; 중국 사업과 정치 인맥을 보강할 다음 이동선이 열린다,부시의 공장 약속을 고정하고 쩡홍친을 만나러 가며 미·중 최고위 관계 관리에 오래 머문다.,부시의 공장 약속을 고정하고 쩡홍친을 만나러 가며 미·중 최고위 관계 관리에 오래 머문다.,보상은 실제 지급만 세어 7→6 판정; 훅은 마지막 프레임의 열린 질문만 세어 8→7 판정
136,136화,L24800~L24980,EDIT,EDIT,PASS,5,5,9,8,8,7,0.27/0.23/0.28/0.04/0.18,0.27/0.23/0.28/0.04/0.18,마화명과 텐센트 합작 지분 51%를 구성하고 한국 게임사에 아이폰 게임 개발을 주문한다,중국 게임 유통망과 모바일 게임 선점권을 확보한다,모바일 게임을 무시하는 PC 게임사들을 돈과 아이폰 시장으로 설득할 수 있는가?,마화명과 텐센트 합작 지분 51%를 구성하고 한국 게임사에 아이폰 게임 개발을 주문한다; 자동차 동맹이 게임·메신저 사업의 현지 진입권으로 번진다; 중국 게임 유통망과 모바일 게임 선점권을 확보한다,마화명과 텐센트 합작 지분 51%를 구성하고 한국 게임사에 아이폰 게임 개발을 주문한다; 자동차 동맹이 게임·메신저 사업의 현지 진입권으로 번진다; 중국 게임 유통망과 모바일 게임 선점권을 확보한다,중국차 성장 확인 뒤 마화명과 51퍼센트 합작을 만들고 게임을 주문해 계약 관계와 모바일 선점이 크다.,중국차 성장 확인 뒤 마화명과 51퍼센트 합작을 만들고 게임을 주문해 계약 관계와 모바일 선점이 크다.,보상은 실제 지급만 세어 9→8 판정; 훅은 마지막 프레임의 열린 질문만 세어 8→7 판정
137,137화,L24981~L25166,EDIT,EDIT,PASS,8,8,5,5,9,10,0.33/0.25/0.25/0.13/0.04,0.33/0.25/0.25/0.13/0.04,게임사에 개발 유인을 제시하다 김태중 구속 위험을 듣고 지연전과 비리 자료 수집을 명한다,윤현길을 공격할 미국·중국·러시아 자료 수집이 시작된다,"강인식이 들고 온, 대한민국 전체가 뒤집힐 만한 1면 뉴스의 정체는 무엇인가?",게임사에 개발 유인을 제시하다 김태중 구속 위험을 듣고 지연전과 비리 자료 수집을 명한다; 수사의 표적과 시간표를 읽고 국제 인맥을 증거 수집망으로 바꾼다; 윤현길을 공격할 미국·중국·러시아 자료 수집이 시작된다,게임사에 개발 유인을 제시하다 김태중 구속 위험을 듣고 지연전과 비리 자료 수집을 명한다; 수사의 표적과 시간표를 읽고 국제 인맥을 증거 수집망으로 바꾼다; 윤현길을 공격할 미국·중국·러시아 자료 수집이 시작된다,게임 투자 도중 윤현길 수사와 김태중 구속 위험이 터져 공격 시간표 정보와 역공 준비가 중심이다.,게임 투자 이야기가 이어지다 윤현길 수사와 김태중 구속 위험이 끼어든다. 성장사업을 보던 시선이 가족과 그룹을 지킬 역공 시한표로 급히 돌아선다.,훅은 마지막 프레임의 열린 질문만 세어 9→10 판정; L24981~L25166 수동 재독; 범용 중심·비중 문구를 장면 리듬으로 교체; L24981~L25166 수동 재독; 범용 중심·비중 문구를 장면 리듬으로 교체; L24981~L25166 수동 재독; 범용 중심·비중 문구를 장면 리듬으로 교체; L24981~L25166 수동 재독; 범용 중심·비중 문구를 장면 리듬으로 교체; L24981~L25166 수동 재독; 범용 중심·비중 문구를 장면 리듬으로 교체; L24981~L25166 수동 재독; 범용 중심·비중 문구를 장면 리듬으로 교체; L24981~L25166 수동 재독; 범용 중심·비중 문구를 장면 리듬으로 교체; L24981~L25166 수동 재독; 범용 중심·비중 문구를 장면 리듬으로 교체; L24981~L25166 수동 재독; 범용 중심·비중 문구를 장면 리듬으로 교체; L24981~L25166 수동 재독; 범용 중심·비중 문구를 장면 리듬으로 교체; L24981~L25166 수동 재독; 범용 중심·비중 문구를 장면 리듬으로 교체
138,138화,L25167~L25375,EDIT,EDIT,PASS,7,7,7,6,8,8,0.37/0.17/0.31/0.08/0.07,0.37/0.17/0.31/0.08/0.07,장영주 장례식에 온 푸틴과 중국·미국 인맥에게서 자료를 받아 가장 약한 건부터 언론에 흘린다,윤현길을 단계적으로 무너뜨릴 자료 묶음과 첫 제보의 통제권을 확보한다.,장영주 별세 뉴스에 묻힌 약한 제보에도 윤현길이 어떤 반응을 보일 것인가?,장영주 장례식에 온 푸틴과 중국·미국 인맥에게서 자료를 받아 가장 약한 건부터 언론에 흘린다; 약한 기사 하나에도 윤현길 진영이 희생양을 찾기 시작한다; 상대 반응을 보며 단계적으로 압박할 증거 우위를 얻는다,"장영주 장례식에 온 푸틴과 중국·미국 인맥에게서 자료를 받아 가장 약한 건부터 언론에 흘린다; 3국 자료가 윤현길의 정치 인생을 끝낼 규모임을 확인하고, 장영주 별세 뉴스에 묻힐 가장 약한 건부터 태우 친화 언론에 제보한다; 윤현길을 단계적으로 무너뜨릴 자료 묶음과 첫 제보의 통제권을 확보한다",장례식에 모인 푸틴·중국·미국 인맥의 비리 자료를 받아 약한 건부터 흘려 정보·외교 관계가 앞선다.,장영주 장례식에 모인 푸틴과 중국·미국 인맥에게서 윤현길 비리 자료가 차례로 들어오며 외교 관계가 증거 묶음으로 바뀐다. 가장 약한 건 하나만 언론에 흘린 뒤 상대 반응을 기다리는 절제가 전면 폭로보다 긴장을 오래 붙든다.,"보상은 실제 지급만 세어 7→6 판정; L25167~L25375 수동 재독; 점수·리본 유지, 기계적 note만 장면별 편집문으로 교체; L25167~L25375 수동 재독; 기계적 note를 장면별 편집문으로 교체; L25167~L25375 수동 재독; 기계적 note를 장면별 편집문으로 교체; L25167~L25375 수동 재독; 기계적 note를 장면별 편집문으로 교체; L25167~L25375 수동 재독; 기계적 note를 장면별 편집문으로 교체; L25167~L25375 수동 재독; 기계적 note를 장면별 편집문으로 교체; L25167~L25375 수동 재독; 기계적 note를 장면별 편집문으로 교체; L25167~L25375 수동 재독; 기계적 note를 장면별 편집문으로 교체; L25167~L25375 수동 재독; 기계적 note를 장면별 편집문으로 교체; L25167~L25375 수동 재독; 기계적 note를 장면별 편집문으로 교체; L25167~L25375 수동 재독; 기계적 note를 장면별 편집문으로 교체; L25167~L25375 수동 재독; 기계적 note를 장면별 편집문으로 교체; L25167~L25375 수동 재독; 기계적 note를 장면별 편집문으로 교체"
139,139화,L25376~L25549,EDIT,EDIT,PASS,8,8,7,6,8,7,0.27/0.29/0.33/0.07/0.04,0.27/0.29/0.33/0.07/0.04,돈 사진·영상·장부로 주강태를 협박한 뒤 장영준의 윤현길·장경준 접촉 메모를 장경준에게 보여 준다,윤현길 측의 약점과 이간질 시도가 공개된다,메모를 받은 장경준이 윤현길·장영준 접촉을 어떻게 해석할 것인가?,돈 사진·영상·장부로 주강태를 협박한 뒤 장영준의 윤현길·장경준 접촉 메모를 장경준에게 보여 준다; 측근 이탈은 일어나지 않지만 윤현길 진영과 현 그룹 모두 경계한다; 윤현길 측의 약점과 이간질 시도가 공개된다,돈 사진·영상·장부로 주강태를 협박한 뒤 장영준의 윤현길·장경준 접촉 메모를 장경준에게 보여 준다; 측근 이탈은 일어나지 않지만 윤현길 진영과 현 그룹 모두 경계한다; 윤현길 측의 약점과 이간질 시도가 공개된다,사진·영상·장부로 측근을 빼내고 장영준 메모를 장경준에게 보여 주어 행동과 관계 역공이 크다.,사진·영상·장부를 차례로 내밀어 윤현길 측근을 떼어 내고 장영준 메모를 장경준에게 보여 준다. 증거가 사람의 충성을 실제로 바꾸며 복수작전이 내부 붕괴 단계로 들어간다.,보상은 실제 지급만 세어 7→6 판정; 훅은 마지막 프레임의 열린 질문만 세어 8→7 판정; L25376~L25549 수동 재독; 편집 메타어를 실제 장면·숫자·사람 반응으로 교체; L25376~L25549 수동 재독; 편집 메타어를 실제 장면·숫자·사람 반응으로 교체
140,140화,L25550~L25727,PASS,EDIT,PASS,7,7,6,5,8,7,0.24/0.21/0.42/0.09/0.04,0.24/0.21/0.42/0.09/0.04,장경준과 관계를 정리하고 장수영이 윤현길을 찾아가 희생양 지목을 거부하게 만든다,윤현길이 책임을 떠넘길 마지막 퇴로를 잃는다,태우 수사 결과와 민재의 직접 대면이 남는다,장경준과 관계를 정리하고 장수영이 윤현길을 찾아가 희생양 지목을 거부하게 만든다; 장수영은 공멸용 보험 때문에 윤현길 편에 서지 않는다; 윤현길이 책임을 떠넘길 마지막 퇴로를 잃는다,장경준과 관계를 정리하고 장수영이 윤현길을 찾아가 희생양 지목을 거부하게 만든다; 장수영은 공멸용 보험 때문에 윤현길 편에 서지 않는다; 윤현길이 책임을 떠넘길 마지막 퇴로를 잃는다,장경준과 오해를 풀고 축출된 장수영이 희생양을 거부하게 해 배신자 관계의 역설이 중심이다.,"장경준과 오해를 풀고, 축출된 장수영에게 희생양 역할을 거부하게 만든다. 배신자로 몰린 사람이 오히려 민재를 지키는 선택을 하며 관계의 방향이 뒤집힌다.",보상은 실제 지급만 세어 6→5 판정; 훅은 마지막 프레임의 열린 질문만 세어 8→7 판정; L25550~L25727 수동 재독; 범용 중심·비중 문구를 장면 리듬으로 교체; L25550~L25727 수동 재독; 범용 중심·비중 문구를 장면 리듬으로 교체; L25550~L25727 수동 재독; 범용 중심·비중 문구를 장면 리듬으로 교체; L25550~L25727 수동 재독; 범용 중심·비중 문구를 장면 리듬으로 교체; L25550~L25727 수동 재독; 범용 중심·비중 문구를 장면 리듬으로 교체; L25550~L25727 수동 재독; 범용 중심·비중 문구를 장면 리듬으로 교체; L25550~L25727 수동 재독; 범용 중심·비중 문구를 장면 리듬으로 교체; L25550~L25727 수동 재독; 범용 중심·비중 문구를 장면 리듬으로 교체; L25550~L25727 수동 재독; 범용 중심·비중 문구를 장면 리듬으로 교체; L25550~L25727 수동 재독; 범용 중심·비중 문구를 장면 리듬으로 교체; L25550~L25727 수동 재독; 범용 중심·비중 문구를 장면 리듬으로 교체
141,141화,L25728~L25921,EDIT,EDIT,PASS,8,8,10,9,8,7,0.20/0.28/0.30/0.10/0.12,0.20/0.28/0.30/0.10/0.12,태우의 회계·부채 자료로 혐의를 방어한 뒤 미국·중국·러시아 비리 자료를 내밀어 윤현길의 항복을 받는다,김태중을 향한 수사 칼날을 꺾고 정적을 정보원으로 묶는다,머리를 깨뜨리며 빈 윤현길을 민재가 어떤 용도로 사용할 것인가?,태우의 회계·부채 자료로 혐의를 방어한 뒤 미국·중국·러시아 비리 자료를 내밀어 윤현길의 항복을 받는다; 윤현길이 용서를 빌고 다른 권력자를 낚는 미끼가 되겠다고 한다; 김태중을 향한 수사 칼날을 꺾고 정적을 정보원으로 묶는다,태우의 회계·부채 자료로 혐의를 방어한 뒤 미국·중국·러시아 비리 자료를 내밀어 윤현길의 항복을 받는다; 윤현길이 용서를 빌고 다른 권력자를 낚는 미끼가 되겠다고 한다; 김태중을 향한 수사 칼날을 꺾고 정적을 정보원으로 묶는다,태우 무혐의를 확인하고 국제 비리 자료로 윤현길을 항복시켜 가족 보호·정치 복수 보상이 절정이다.,태우 무혐의를 확인하고 국제 비리 자료로 윤현길을 항복시켜 가족 보호·정치 복수 보상이 절정이다.,보상은 실제 지급만 세어 10→9 판정; 훅은 마지막 프레임의 열린 질문만 세어 8→7 판정
142,142화,L25922~L26107,EDIT,EDIT,PASS,6,6,8,7,9,7,0.19/0.17/0.41/0.17/0.06,0.19/0.17/0.41/0.17/0.06,김태중을 설득해 베트남 체류만 허용하고 민재가 그룹을 사실상 맡는다,가족 생존과 태우의 경영 승계를 함께 지킨다,김태중이 베트남으로 떠난 뒤 민재 혼자 한 달 남은 아이폰 국내 출시와 그룹 경영을 감당해야 한다.,김태중을 설득해 베트남 체류만 허용하고 민재가 그룹을 사실상 맡는다; 김태중이 손자에게 권한을 넘기되 베트남에서 회복하기로 한다; 가족 생존과 태우의 경영 승계를 함께 지킨다,김태중을 설득해 베트남 체류만 허용하고 민재가 그룹을 사실상 맡는다; 김태중이 손자에게 권한을 넘기되 베트남에서 회복하기로 한다; 가족 생존과 태우의 경영 승계를 함께 지킨다,윤현길을 미끼로 묶고 은퇴하려는 김태중에게 베트남 체류를 허용해 총수권과 조손 감정이 중심이다.,윤현길을 미끼로 묶은 뒤 은퇴하려는 김태중에게 베트남 체류를 허용한다. 총수권 싸움의 날선 계산 끝에 조손이 서로의 퇴로를 인정하는 감정이 남는다.,보상은 실제 지급만 세어 8→7 판정; 훅은 마지막 프레임의 열린 질문만 세어 9→7 판정; L25922~L26107 수동 재독; 범용 중심·비중 문구를 장면 리듬으로 교체; L25922~L26107 수동 재독; 범용 중심·비중 문구를 장면 리듬으로 교체; L25922~L26107 수동 재독; 범용 중심·비중 문구를 장면 리듬으로 교체; L25922~L26107 수동 재독; 범용 중심·비중 문구를 장면 리듬으로 교체; L25922~L26107 수동 재독; 범용 중심·비중 문구를 장면 리듬으로 교체; L25922~L26107 수동 재독; 범용 중심·비중 문구를 장면 리듬으로 교체; L25922~L26107 수동 재독; 범용 중심·비중 문구를 장면 리듬으로 교체; L25922~L26107 수동 재독; 범용 중심·비중 문구를 장면 리듬으로 교체; L25922~L26107 수동 재독; 범용 중심·비중 문구를 장면 리듬으로 교체; L25922~L26107 수동 재독; 범용 중심·비중 문구를 장면 리듬으로 교체; L25922~L26107 수동 재독; 범용 중심·비중 문구를 장면 리듬으로 교체
143,143화,L26108~L26283,EDIT,EDIT,PASS,7,7,5,5,9,7,0.38/0.23/0.25/0.07/0.07,0.38/0.23/0.25/0.07/0.07,통신 카르텔과 직접 협상이 깨지자 데이비드를 미국으로 보내 통상 문제화를 준비한다,데이비드와 미국 인맥을 가동해 국내 카르텔 밖에서 압박할 경로를 연다.,데이비드가 미국에서 태우를 겨냥한 카르텔을 어떤 외부 압박으로 바꿀 것인가?,통신 카르텔과 직접 협상이 깨지자 데이비드를 미국으로 보내 통상 문제화를 준비한다; 국내 단말 규제가 미국 기업 차별 문제로 재정의된다; 카르텔 밖에서 압박할 슈퍼 301조 경로를 연다,통신 카르텔과 직접 협상이 깨지자 데이비드를 미국으로 보내 통상 문제화를 준비한다; 국내 단말 규제가 미국 기업 차별 문제로 재정의된다; 데이비드와 미국 인맥을 가동해 국내 카르텔 밖에서 압박할 경로를 연다,통신 카르텔 협상 실패 뒤 데이비드를 미국으로 보내 무역 압박을 설계해 제도 정보와 대응 행동이 앞선다.,통신사·방송위원회 카르텔과의 직접 해법이 막히자 데이비드를 미국으로 보내 외부 통상 압박을 찾게 한다. 구체 법·조치는 밝히지 않은 채 자신도 카르텔을 갖췄다는 마지막 독백으로 국내 협상 실패를 국외 반격 준비로 바꾼다.,"훅은 마지막 프레임의 열린 질문만 세어 9→7 판정; L26108~L26283 수동 재독; 점수·리본 유지, 기계적 note만 장면별 편집문으로 교체; L26108~L26283 수동 재독; 기계적 note를 장면별 편집문으로 교체; L26108~L26283 수동 재독; 기계적 note를 장면별 편집문으로 교체; L26108~L26283 수동 재독; 회차 필드 경계 교정, 기계적 note를 장면별 편집문으로 교체; L26108~L26283 수동 재독; 회차 필드 경계 교정, 기계적 note를 장면별 편집문으로 교체; L26108~L26283 수동 재독; 회차 필드 경계 교정, 기계적 note를 장면별 편집문으로 교체; L26108~L26283 수동 재독; 회차 필드 경계 교정, 기계적 note를 장면별 편집문으로 교체; L26108~L26283 수동 재독; 회차 필드 경계 교정, 기계적 note를 장면별 편집문으로 교체; L26108~L26283 수동 재독; 회차 필드 경계 교정, 기계적 note를 장면별 편집문으로 교체; L26108~L26283 수동 재독; 회차 필드 경계 교정, 기계적 note를 장면별 편집문으로 교체; L26108~L26283 수동 재독; 회차 필드 경계 교정, 기계적 note를 장면별 편집문으로 교체; L26108~L26283 수동 재독; 회차 필드 경계 교정, 기계적 note를 장면별 편집문으로 교체; L26108~L26283 수동 재독; 회차 필드 경계 교정, 기계적 note를 장면별 편집문으로 교체"
144,144화,L26284~L26459,EDIT,EDIT,PASS,8,8,9,8,8,8,0.26/0.31/0.25/0.06/0.12,0.26/0.31/0.25/0.06/0.12,미국 흥행을 근거로 무역 압박과 공동성명을 가동해 방송위원회 철회 지시를 끌어낸다,카르텔을 흔들 공식 정치 압력을 확보한다,강대기 위원장이 대통령실의 WIPI 규제 중단 명령을 따를 것인가?,미국 흥행을 근거로 무역 압박과 공동성명을 가동해 방송위원회 철회 지시를 끌어낸다; 규정 방패가 제거된 것이 아니라 정부가 철회를 명령한 단계에 도달한다; 카르텔을 흔들 공식 정치 압력을 확보한다,미국 흥행을 근거로 무역 압박과 공동성명을 가동해 방송위원회 철회 지시를 끌어낸다; 규정 방패가 제거된 것이 아니라 정부가 철회를 명령한 단계에 도달한다; 카르텔을 흔들 공식 정치 압력을 확보한다,아이폰 흥행·슈퍼 301조·공동성명을 가동해 방송위원회 철회 지시를 받아 정치 행동과 관계 보상이 크다.,"아이폰 흥행과 슈퍼 301조 압박, 한미 공동성명을 한꺼번에 가동해 방송위원회의 철회 지시를 받아낸다. 국내 규제를 해외 통상카드로 되받아 판매길을 공식적으로 연다.",보상은 실제 지급만 세어 9→8 판정; L26284~L26459 수동 재독; 편집 메타어를 실제 장면·숫자·사람 반응으로 교체; L26284~L26459 수동 재독; 편집 메타어를 실제 장면·숫자·사람 반응으로 교체
145,145화,L26460~L26621,PASS,EDIT,PASS,7,7,7,6,8,7,0.24/0.29/0.37/0.05/0.05,0.24/0.29/0.37/0.05/0.05,장경준의 정치망을 쓰고 아이폰 300만 대 추가 계약과 일본 대체 압박을 동시에 건다,삼진 회장이 WIPI 지지 철회를 검토할 내부 압력을 만든다,삼진 회장의 최종 철회 지시가 남는다,장경준의 정치망을 쓰고 아이폰 300만 대 추가 계약과 일본 대체 압박을 동시에 건다; 부품 계열사가 카르텔 유지보다 애플 주문을 택한다; 삼진 회장이 WIPI 지지 철회를 검토할 내부 압력을 만든다,장경준의 정치망을 쓰고 아이폰 300만 대 추가 계약과 일본 대체 압박을 동시에 건다; 부품 계열사가 카르텔 유지보다 애플 주문을 택한다; 삼진 회장이 WIPI 지지 철회를 검토할 내부 압력을 만든다,장경준 정치망과 300만 대 부품계약·일본 대체 압박으로 삼진·CL 내부 이해를 갈라 관계전이 지배한다.,"장경준의 정치망과 300만 대 부품계약, 일본 대체압박을 이용해 삼진과 CL 내부 이해를 갈라놓는다. 같은 편이던 기업들이 서로 다른 손익표를 보며 흔들려 다음 계약의 틈이 생긴다.",보상은 실제 지급만 세어 7→6 판정; 훅은 마지막 프레임의 열린 질문만 세어 8→7 판정; L26460~L26621 수동 재독; 편집 메타어를 실제 장면·숫자·사람 반응으로 교체; L26460~L26621 수동 재독; 편집 메타어를 실제 장면·숫자·사람 반응으로 교체
146,146화,L26622~L26781,EDIT,EDIT,PASS,6,6,9,8,8,7,0.20/0.25/0.26/0.06/0.23,0.20/0.25/0.26/0.06/0.23,삼진 회장의 WIPI 지지 철회와 방송위원회 적용 연기를 받아내고 태우가 높은 국내 조립비를 감수한다,국내 아이폰 생산·판매가 가능한 규제 환경을 얻는다,한국 생산 단가 부담을 감수한 물량 확보가 아이폰 판매와 태우통신 고객 전환으로 돌아올 수 있는가?,삼진 회장의 WIPI 지지 철회와 방송위원회 적용 연기를 받아내고 태우가 높은 국내 조립비를 감수한다; 스마트폰 개발 결정은 아직 나오지 않지만 아이폰 국내 판매 장벽은 열린다; 국내 아이폰 생산·판매가 가능한 규제 환경을 얻는다,삼진 회장의 WIPI 지지 철회와 방송위원회 적용 연기를 받아내고 태우가 높은 국내 조립비를 감수한다; 스마트폰 개발 결정은 아직 나오지 않지만 아이폰 국내 판매 장벽은 열린다; 국내 아이폰 생산·판매가 가능한 규제 환경을 얻는다,삼진의 WIPI 철회와 국내 조립비 부담을 받아 판매 길을 열어 계약 행동과 시장 지위 보상이 크다.,삼진의 WIPI 철회와 국내 조립비 부담을 받아 아이폰 판매길을 연다. 기술규제와 비용 문제를 계약조건으로 닫아 소비자가 제품을 만날 수 있는 단계까지 전진한다.,보상은 실제 지급만 세어 9→8 판정; 훅은 마지막 프레임의 열린 질문만 세어 8→7 판정; L26622~L26781 수동 재독; 편집 메타어를 실제 장면·숫자·사람 반응으로 교체; L26622~L26781 수동 재독; 편집 메타어를 실제 장면·숫자·사람 반응으로 교체
147,147화,L26782~L26941,EDIT,EDIT,PASS,5,5,9,8,8,6,0.18/0.31/0.18/0.07/0.26,0.18/0.31/0.18/0.07/0.26,초도 10만 대가 일주일 만에 매진되자 500곳 넘는 매장에 와이파이·충전망을 설치한다,태우통신이 국내 스마트폰 생태계의 기준을 선점한다,오희건의 명령으로 삼진전자도 스마트폰 개발에 뛰어들면서 국내 경쟁이 시작된다.,초도 10만 대가 일주일 만에 매진되자 500곳 넘는 매장에 와이파이·충전망을 설치한다; 흥행을 본 삼진이 자체 스마트폰 개발을 결정한다; 태우통신이 국내 스마트폰 생태계의 기준을 선점한다,초도 10만 대가 일주일 만에 매진되자 500곳 넘는 매장에 와이파이·충전망을 설치한다; 흥행을 본 삼진이 자체 스마트폰 개발을 결정한다; 태우통신이 국내 스마트폰 생태계의 기준을 선점한다,아이폰 10만 대 일주일 완판 뒤 500곳 와이파이·충전망을 깔아 제품·인프라 행동이 중심이다.,아이폰 10만 대가 일주일 만에 팔리자 500곳 와이파이·충전망을 깐다. 판매 숫자가 즉시 거리의 인프라 행동으로 이어져 다음 수요를 스스로 만드는 속도가 난다.,보상은 실제 지급만 세어 9→8 판정; 훅은 마지막 프레임의 열린 질문만 세어 8→6 판정; L26782~L26941 수동 재독; 범용 중심·비중 문구를 장면 리듬으로 교체; L26782~L26941 수동 재독; 범용 중심·비중 문구를 장면 리듬으로 교체; L26782~L26941 수동 재독; 범용 중심·비중 문구를 장면 리듬으로 교체; L26782~L26941 수동 재독; 범용 중심·비중 문구를 장면 리듬으로 교체; L26782~L26941 수동 재독; 범용 중심·비중 문구를 장면 리듬으로 교체; L26782~L26941 수동 재독; 범용 중심·비중 문구를 장면 리듬으로 교체; L26782~L26941 수동 재독; 범용 중심·비중 문구를 장면 리듬으로 교체; L26782~L26941 수동 재독; 범용 중심·비중 문구를 장면 리듬으로 교체; L26782~L26941 수동 재독; 범용 중심·비중 문구를 장면 리듬으로 교체; L26782~L26941 수동 재독; 범용 중심·비중 문구를 장면 리듬으로 교체; L26782~L26941 수동 재독; 범용 중심·비중 문구를 장면 리듬으로 교체
148,148화,L26942~L27105,EDIT,EDIT,PASS,5,5,9,8,8,7,0.25/0.16/0.29/0.05/0.25,0.25/0.16/0.29/0.05/0.25,두 달간 주가 회복을 확인하고 AI 공동개발 비용과 지분을 50대50으로 합의한다,시장가치 회복과 AI 자산 절반을 확보한다,AI 공동개발비 50퍼센트 지원 대가 외에 민재가 애플에서 받아내려는 다른 것은 무엇인가?,두 달간 주가 회복을 확인하고 AI 공동개발 비용과 지분을 50대50으로 합의한다; 태우의 자금과 애플 기기를 결합한 공동 연구 구조가 성립한다; 시장가치 회복과 AI 자산 절반을 확보한다,두 달간 주가 회복을 확인하고 AI 공동개발 비용과 지분을 50대50으로 합의한다; 태우의 자금과 애플 기기를 결합한 공동 연구 구조가 성립한다; 시장가치 회복과 AI 자산 절반을 확보한다,전자 주가 회복을 확인하고 잡스와 AI 비용·지분을 절반씩 나눠 기술 정보·동맹·지분이 균형을 이룬다.,전자 주가 회복을 확인하고 잡스와 AI 비용·지분을 절반씩 나눠 기술 정보·동맹·지분이 균형을 이룬다.,보상은 실제 지급만 세어 9→8 판정; 훅은 마지막 프레임의 열린 질문만 세어 8→7 판정
149,149화,L27106~L27278,EDIT,EDIT,PASS,5,5,7,6,9,7,0.35/0.20/0.27/0.04/0.14,0.35/0.20/0.27/0.04/0.14,스티브에게 아이패드 개념을 제안하고 애플·태우 TV를 70대30으로 계약한 뒤 제프리를 불러 아마존의 인건비 문제를 듣고 태우와 손잡자고 제안한다.,애플·태우 TV 계약과 제프리와의 새 협상 자리를 얻는다.,충분히 성장한 아마존에서 민재가 빼내려는 다음 공동사업은 무엇인가?,태블릿과 애플·태우 TV를 제안해 70대30 지분·수익 구조를 합의하고 베조스에게 로봇 공장을 제안한다; 전자 콘텐츠 협상이 자동차 공장 자동화 제안으로 확장된다; 애플 TV 공동사업과 아마존 협상판을 얻는다,스티브에게 아이패드 개념을 제안하고 애플·태우 TV를 70대30으로 계약한 뒤 제프리를 불러 아마존의 인건비 문제를 듣고 태우와 손잡자고 제안한다; 태블릿·TV 협업을 끝낸 민재가 닷컴 충격을 버틴 아마존의 인건비 문제를 새 공동사업의 입구로 바꾼다; 애플·태우 TV 계약과 제프리와의 새 협상 자리를 얻는다,애플 TV 70대30 조건과 베조스 로봇 공장을 연달아 제안해 사업 설계 정보와 파트너 관계가 앞선다.,"스티브와 아이패드 개념을 나누고 애플·태우 TV의 70대30 계약을 닫는 첫 협상 뒤, 제프리의 아마존 인건비 문제로 자리가 바뀐다. 전자 콘텐츠의 지급을 받은 직후 로봇 공장이라는 새 제안만 꺼내므로 후반은 성과보다 파트너 탐색의 박자로 읽힌다.","보상은 실제 지급만 세어 7→6 판정; 훅은 마지막 프레임의 열린 질문만 세어 9→7 판정; L27106~L27278 수동 재독; 점수·리본 유지, 기계적 note만 장면별 편집문으로 교체; L27106~L27278 수동 재독; 기계적 note를 장면별 편집문으로 교체; L27106~L27278 수동 재독; 기계적 note를 장면별 편집문으로 교체; L27106~L27278 수동 재독; 기계적 note를 장면별 편집문으로 교체; L27106~L27278 수동 재독; 기계적 note를 장면별 편집문으로 교체; L27106~L27278 수동 재독; 기계적 note를 장면별 편집문으로 교체; L27106~L27278 수동 재독; 기계적 note를 장면별 편집문으로 교체; L27106~L27278 수동 재독; 기계적 note를 장면별 편집문으로 교체; L27106~L27278 수동 재독; 기계적 note를 장면별 편집문으로 교체; L27106~L27278 수동 재독; 기계적 note를 장면별 편집문으로 교체; L27106~L27278 수동 재독; 기계적 note를 장면별 편집문으로 교체; L27106~L27278 수동 재독; 기계적 note를 장면별 편집문으로 교체; L27106~L27278 수동 재독; 기계적 note를 장면별 편집문으로 교체"
150,150화,L27279~L27463,EDIT,EDIT,PASS,6,6,8,7,9,7,0.22/0.23/0.27/0.05/0.23,0.22/0.23/0.27/0.05/0.23,아마존과 로봇·스마트팩토리 공동개발을 체결하고 데이비드에게 세계무역센터 장기임차를 알아보게 한다,아마존 로봇 파트너십과 데이비드의 8월 전 WTC 장기임차 성사 약속을 얻는다.,태우·카이자동차 두 사장이 기존 로봇 팔을 넘어설 스마트팩토리 협력에 응할 것인가?,아마존과 로봇·스마트팩토리 공동개발을 체결하고 데이비드에게 세계무역센터 장기임차를 알아보게 한다; 자동차 공장 전문가 파견은 확정되지만 99년·32억 달러 계약은 아직 체결 전이다; 스마트공장 파트너와 WTC 협상 창구를 확보한다,"아마존과 로봇·스마트팩토리 공동개발을 체결하고 데이비드에게 세계무역센터 장기임차를 알아보게 한다; 아마존과 로봇 공동개발 계약을 맺고 귀국한 뒤, 기존 로봇 팔 수준과 민재가 원하는 무인 스마트팩토리 사이의 격차를 두 자동차 사장에게 제시한다; 아마존 로봇 파트너십과 데이비드의 8월 전 WTC 장기임차 성사 약속을 얻는다",로봇 공동개발과 WTC 99년·32억 달러 임차를 체결해 글로벌 관계와 실물 거점 보상이 크다.,아마존과 로봇·스마트팩토리 공동개발을 체결한 다음 데이비드에게 8월 전 세계무역센터 장기임차를 알아보게 한다. 귀국해 기존 로봇 팔과 무인공장의 격차를 두 자동차 사장에게 보여 주는 끝은 계약 두 건을 자랑하기보다 현장 협력을 요구하는 쪽에 힘을 싣는다.,"보상은 실제 지급만 세어 8→7 판정; 훅은 마지막 프레임의 열린 질문만 세어 9→7 판정; L27279~L27463 수동 재독; 점수·리본 유지, 기계적 note만 장면별 편집문으로 교체; L27279~L27463 수동 재독; 기계적 note를 장면별 편집문으로 교체; L27279~L27463 수동 재독; 기계적 note를 장면별 편집문으로 교체; L27279~L27463 수동 재독; 기계적 note를 장면별 편집문으로 교체; L27279~L27463 수동 재독; 기계적 note를 장면별 편집문으로 교체; L27279~L27463 수동 재독; 기계적 note를 장면별 편집문으로 교체; L27279~L27463 수동 재독; 기계적 note를 장면별 편집문으로 교체; L27279~L27463 수동 재독; 기계적 note를 장면별 편집문으로 교체; L27279~L27463 수동 재독; 기계적 note를 장면별 편집문으로 교체; L27279~L27463 수동 재독; 기계적 note를 장면별 편집문으로 교체; L27279~L27463 수동 재독; 기계적 note를 장면별 편집문으로 교체; L27279~L27463 수동 재독; 기계적 note를 장면별 편집문으로 교체; L27279~L27463 수동 재독; 기계적 note를 장면별 편집문으로 교체"
151,151화,L27464~L27639,PASS,EDIT,PASS,7,7,7,6,9,10,0.27/0.34/0.18/0.10/0.11,0.27/0.34/0.18/0.10/0.11,99년 32억 달러 임차를 확정하고 모든 보험을 든 뒤 두 동을 비우는 리모델링과 구조 인력 배치를 지시한다,WTC 사용권이 참사 대비 생존 장치로 전환된다,예정된 9·11 공격을 실제로 견뎌야 한다,99년 32억 달러 임차를 확정하고 모든 보험을 든 뒤 두 동을 비우는 리모델링과 구조 인력 배치를 지시한다; 리모델링 명목이 입주자 대피와 붕괴 대응 장비 배치를 가능하게 한다; WTC 사용권이 참사 대비 생존 장치로 전환된다,99년 32억 달러 임차를 확정하고 모든 보험을 든 뒤 두 동을 비우는 리모델링과 구조 인력 배치를 지시한다; 리모델링 명목이 입주자 대피와 붕괴 대응 장비 배치를 가능하게 한다; WTC 사용권이 참사 대비 생존 장치로 전환된다,보험·전면 리모델링·입주자 비우기·구조 인력과 장비 배치가 이어져 준비 행동과 위험 정보가 중심이다.,"보험, 전면 리모델링, 입주자 비우기와 구조장비 배치를 차례로 점검한다. 세계무역센터의 위험을 아는 독자에게 준비항목 하나하나가 카운트다운처럼 작동한다.",보상은 실제 지급만 세어 7→6 판정; 훅은 마지막 프레임의 열린 질문만 세어 9→10 판정; L27464~L27639 수동 재독; 범용 중심·비중 문구를 장면 리듬으로 교체; L27464~L27639 수동 재독; 범용 중심·비중 문구를 장면 리듬으로 교체; L27464~L27639 수동 재독; 범용 중심·비중 문구를 장면 리듬으로 교체; L27464~L27639 수동 재독; 범용 중심·비중 문구를 장면 리듬으로 교체; L27464~L27639 수동 재독; 범용 중심·비중 문구를 장면 리듬으로 교체; L27464~L27639 수동 재독; 범용 중심·비중 문구를 장면 리듬으로 교체; L27464~L27639 수동 재독; 범용 중심·비중 문구를 장면 리듬으로 교체; L27464~L27639 수동 재독; 범용 중심·비중 문구를 장면 리듬으로 교체; L27464~L27639 수동 재독; 범용 중심·비중 문구를 장면 리듬으로 교체; L27464~L27639 수동 재독; 범용 중심·비중 문구를 장면 리듬으로 교체; L27464~L27639 수동 재독; 범용 중심·비중 문구를 장면 리듬으로 교체
152,152화,L27640~L27823,PASS,EDIT,PASS,10,9,10,9,9,6,0.14/0.39/0.16/0.22/0.09,0.14/0.39/0.16/0.22/0.09,9·11 직후 공매도·매도를 금지하고 크레인과 구조 인력을 투입해 붕괴를 통제한다,대규모 인명 피해를 줄이고 미국의 신뢰와 보험 청구권을 얻는다,전쟁 열기 속 미국 자산과 정치 노선을 선택해야 한다,9·11 직후 공매도·매도를 금지하고 크레인과 구조 인력을 투입해 붕괴를 통제한다; WTC 내부 사망자가 없고 건물 붕괴도 현장 장비로 통제된다; 대규모 인명 피해를 줄이고 미국의 신뢰와 보험 청구권을 얻는다,9·11 직후 공매도·매도를 금지하고 크레인과 구조 인력을 투입해 붕괴를 통제한다; WTC 내부 사망자가 없고 건물 붕괴도 현장 장비로 통제된다; 대규모 인명 피해를 줄이고 미국의 신뢰와 보험 청구권을 얻는다,9·11 직후 크레인·구조대를 투입해 건물 내부 사망을 막고 붕괴를 통제해 행동·생존 감정이 최고점이다.,9·11 직후 크레인·구조대를 투입해 건물 내부 사망을 막고 붕괴를 통제해 행동·생존 감정이 최고점이다.,긴장은 이 화에서 실제 맞닥뜨린 압박을 기준으로 10→9 판정; 보상은 실제 지급만 세어 10→9 판정; 훅은 마지막 프레임의 열린 질문만 세어 9→6 판정
153,153화,L27824~L28005,EDIT,EDIT,PASS,6,6,9,8,9,7,0.26/0.16/0.39/0.05/0.14,0.26/0.16/0.39/0.05/0.14,미국 체류 중 식당에서 제임스 힌톤을 만나 연구 협력을 제안하고 조지 슐츠와 자동차 반덤핑 예외를 협상한다,AI 스승과 미국 자동차시장 방패를 동시에 얻는다,공화당 재선 지원 약속으로 미국시장 방패를 얻되 태우를 전쟁 소용돌이에 넣지 않는 선을 지킬 수 있는가?,미국 체류 중 식당에서 제임스 힌톤을 만나 연구 협력을 제안하고 조지 슐츠와 자동차 반덤핑 예외를 협상한다; 부시 재선 지원을 대가로 태우가 전쟁에 직접 올라타지 않는 길이 열린다; AI 스승과 미국 자동차시장 방패를 동시에 얻는다,미국 체류 중 식당에서 제임스 힌톤을 만나 연구 협력을 제안하고 조지 슐츠와 자동차 반덤핑 예외를 협상한다; 부시 재선 지원을 대가로 태우가 전쟁에 직접 올라타지 않는 길이 열린다; AI 스승과 미국 자동차시장 방패를 동시에 얻는다,토론토대 교수 제임스 힌톤을 영입하고 미국 식당에서 조지 슐츠와 반덤핑 예외·SAVE 보호를 교환해 세계급 인재와 미국 정치 관계가 중심이다.,토론토대의 제임스 힌톤을 영입한 뒤 미국 식당에서 조지 슐츠와 반덤핑 예외·SAVE 보호를 맞바꾼다. 연구인재 확보와 미국 정치거래가 연속해 김민재의 활동반경을 넓힌다.,보상은 실제 지급만 세어 9→8 판정; 훅은 마지막 프레임의 열린 질문만 세어 9→7 판정; L27824~L28005 수동 재독; 범용 중심·비중 문구를 장면 리듬으로 교체; L27824~L28005 수동 재독; 범용 중심·비중 문구를 장면 리듬으로 교체; L27824~L28005 수동 재독; 범용 중심·비중 문구를 장면 리듬으로 교체; L27824~L28005 수동 재독; 범용 중심·비중 문구를 장면 리듬으로 교체; L27824~L28005 수동 재독; 범용 중심·비중 문구를 장면 리듬으로 교체; L27824~L28005 수동 재독; 범용 중심·비중 문구를 장면 리듬으로 교체; L27824~L28005 수동 재독; 범용 중심·비중 문구를 장면 리듬으로 교체; L27824~L28005 수동 재독; 범용 중심·비중 문구를 장면 리듬으로 교체; L27824~L28005 수동 재독; 범용 중심·비중 문구를 장면 리듬으로 교체; L27824~L28005 수동 재독; 범용 중심·비중 문구를 장면 리듬으로 교체; L27824~L28005 수동 재독; 범용 중심·비중 문구를 장면 리듬으로 교체
154,154화,L28006~L28171,EDIT,EDIT,EDIT,5,5,7,6,8,6,0.30/0.15/0.37/0.07/0.11,0.30/0.17/0.20/0.11/0.22,아이폰·스마트TV 현황을 보고받고 세이월드 대표를 만나고 싶다고 지시한다.,모바일 반등을 SNS 사업으로 이을 회사와 대표 면담 대상을 특정한다.,세이월드 대표와 약속을 잡아 회사의 현재 가치와 활용법을 직접 확인할 수 있는가?,아이폰·스마트TV 현황을 보고받고 세이월드 창업자 서광수를 만나고 싶다고 지시한다; 태우의 다음 확장점이 SNS라는 판단이 서지만 면담은 다음 화로 넘어간다; 모바일 반등을 SNS 사업으로 이을 후보를 특정한다,아이폰·스마트TV 현황을 보고받고 세이월드 대표를 만나고 싶다고 지시한다; 태우의 다음 확장점이 SNS라는 판단이 서지만 면담은 다음 화로 넘어간다; 모바일 반등을 SNS 사업으로 이을 회사와 대표 면담 대상을 특정한다,아이폰·스마트TV 실적을 받은 뒤 서광수에게 투자·독립경영을 제안하고 KS 계약 변수를 들어 관계 협상에 머문다.,"김태중과 회장직·결혼을 주고받는 귀국 대화 뒤 백악관 명예시민권, 아이폰 40만 대, TV 디자인과 추석 보너스를 차례로 확인한다. 세이월드는 마지막 다섯 줄에서 면담 후보로만 떠오르므로 실적·지위 지급을 길게 받고 새 사업 질문은 짧게 연다.",이전 감사에서 pacing_note before/after가 같아 다음 화 서광수 협상 누출을 놓침; L28006~L28171 재독 후 면담 요청까지만 복구하고 관계 리본 0.37→0.20 재판정
155,155화,L28172~L28345,PASS,EDIT,PASS,7,7,6,5,9,6,0.31/0.25/0.31/0.09/0.04,0.31/0.25/0.31/0.09/0.04,서광수와 투자·독립 경영을 논의한 뒤 기획실 보고로 KS의 70억 원 주식 인수와 박동희의 동문 압박을 확인한다,복수 대상과 계약 약점을 특정하고 독자 SNS 역공을 결정한다,태우IT에 어떤 기능과 조직을 줄지 실행해야 한다,서광수와 투자·독립 경영을 논의한 뒤 기획실 보고로 KS의 70억 원 주식 인수와 박동희의 동문 압박을 확인한다; 민재는 세이월드를 되사는 대신 더 강한 서비스를 만들기로 한다; 복수 대상과 계약 약점을 특정하고 독자 SNS 역공을 결정한다,서광수와 투자·독립 경영을 논의한 뒤 기획실 보고로 KS의 70억 원 주식 인수와 박동희의 동문 압박을 확인한다; 민재는 세이월드를 되사는 대신 더 강한 서비스를 만들기로 한다; 복수 대상과 계약 약점을 특정하고 독자 SNS 역공을 결정한다,70억 원 계약과 박동희 강압을 확인하고 독자 SNS로 계약을 독으로 만들겠다고 선언해 정보·관계·행동이 팽팽하다.,70억 원 계약과 박동희 강압을 확인하고 독자 SNS로 계약을 독으로 만들겠다고 선언해 정보·관계·행동이 팽팽하다.,보상은 실제 지급만 세어 6→5 판정; 훅은 마지막 프레임의 열린 질문만 세어 9→6 판정
156,156화,L28346~L28515,PASS,EDIT,PASS,6,6,7,6,8,6,0.24/0.25/0.37/0.06/0.08,0.24/0.25/0.37/0.06/0.08,태우IT 100명에게 미니홈피·일촌·배경음악·미래 기능을 나눠 맡기고 재택·안식년 복지를 제시한다,SNS 복수전의 개발 조직과 충성 기반을 얻는다,카드대란을 이용할 금융 임무가 아직 배치되지 않았다,태우IT 100명에게 미니홈피·일촌·배경음악·미래 기능을 나눠 맡기고 재택·안식년 복지를 제시한다; 직원들은 파격 복지와 기능별 책임을 받고 개발에 뛰어든다; SNS 복수전의 개발 조직과 충성 기반을 얻는다,태우IT 100명에게 미니홈피·일촌·배경음악·미래 기능을 나눠 맡기고 재택·안식년 복지를 제시한다; 직원들은 파격 복지와 기능별 책임을 받고 개발에 뛰어든다; SNS 복수전의 개발 조직과 충성 기반을 얻는다,태우IT 100명에게 기능과 복지를 나누고 다이먼에게 CL카드를 맡겨 조직 관계와 임무 배치가 중심이다.,태우IT 100명에게 기능과 복지를 나눠 조직을 세우고 다이먼에게 CL카드 임무를 맡긴다. 새 회사의 자리배치가 끝나자 곧바로 금융 인수전의 책임선이 그어진다.,보상은 실제 지급만 세어 7→6 판정; 훅은 마지막 프레임의 열린 질문만 세어 8→6 판정; L28346~L28515 수동 재독; 범용 중심·비중 문구를 장면 리듬으로 교체; L28346~L28515 수동 재독; 범용 중심·비중 문구를 장면 리듬으로 교체; L28346~L28515 수동 재독; 범용 중심·비중 문구를 장면 리듬으로 교체; L28346~L28515 수동 재독; 범용 중심·비중 문구를 장면 리듬으로 교체; L28346~L28515 수동 재독; 범용 중심·비중 문구를 장면 리듬으로 교체; L28346~L28515 수동 재독; 범용 중심·비중 문구를 장면 리듬으로 교체; L28346~L28515 수동 재독; 범용 중심·비중 문구를 장면 리듬으로 교체; L28346~L28515 수동 재독; 범용 중심·비중 문구를 장면 리듬으로 교체; L28346~L28515 수동 재독; 범용 중심·비중 문구를 장면 리듬으로 교체; L28346~L28515 수동 재독; 범용 중심·비중 문구를 장면 리듬으로 교체; L28346~L28515 수동 재독; 범용 중심·비중 문구를 장면 리듬으로 교체
157,157화,L28516~L28676,EDIT,EDIT,PASS,6,6,8,5,8,7,0.24/0.17/0.43/0.05/0.11,0.24/0.17/0.43/0.05/0.11,다이먼에게 CL카드 인수를 지시하고 데이비드에게 마크 30% 지분 제안을 맡긴 뒤 오희건과 특허 협상을 시작한다,카드 인수 임무와 두 기술 협상의 주도권을 얻는다,직접 손을 내민 오희건에게 특허 협력 대가로 무엇을 받아낼 것인가?,다이먼에게 CL카드 인수를 지시하고 데이비드에게 마크 30% 지분 제안을 맡긴 뒤 오희건과 특허 협상을 시작한다; 삼진이 태우 핵심특허 없이는 수익성 있는 스마트폰을 만들기 어렵다고 인정한다; 카드 인수 임무와 두 기술 협상의 주도권을 얻는다,다이먼에게 CL카드 인수를 지시하고 데이비드에게 마크 30% 지분 제안을 맡긴 뒤 오희건과 특허 협상을 시작한다; 삼진이 태우 핵심특허 없이는 수익성 있는 스마트폰을 만들기 어렵다고 인정한다; 카드 인수 임무와 두 기술 협상의 주도권을 얻는다,마크를 30퍼센트 장학생으로 묶고 오희건과 핵심특허를 협상해 창업자·경쟁사 관계에 오래 머문다.,다이먼에게 CL카드 인수를 맡기고 데이비드에게 마크 지분 30퍼센트 제안을 전달하게 한 뒤 오희건과 스마트폰 특허 협상을 시작한다. 지시와 협상판만 열린 회차라 투자·특허 계약을 지급처럼 소비하지 않고 세 상대의 답을 기다린다.,"보상은 실제 지급만 세어 8→7 판정; 훅은 마지막 프레임의 열린 질문만 세어 8→7 판정; L28516~L28676 수동 재독; 점수 재판정, 표본 note를 현재 화 표면으로 교정; L28516~L28676 수동 재독; 점수 재판정, 표본 note를 현재 화 표면으로 교정; L28516~L28676 수동 재독; 점수 재판정, 표본 note를 현재 화 표면으로 교정; L28516~L28676 수동 재독; 점수 재판정, 표본 note를 현재 화 표면으로 교정; L28516~L28676 수동 재독; 점수 재판정, 표본 note를 현재 화 표면으로 교정; L28516~L28676 수동 재독; 점수 재판정, 표본 note를 현재 화 표면으로 교정; L28516~L28676 수동 재독; 점수 재판정, 표본 note를 현재 화 표면으로 교정; L28516~L28676 수동 재독; 점수 재판정, 표본 note를 현재 화 표면으로 교정; L28516~L28676 수동 재독; 점수 재판정, 표본 note를 현재 화 표면으로 교정; L28516~L28676 수동 재독; 점수 재판정, 표본 note를 현재 화 표면으로 교정; L28516~L28676 수동 재독; 점수 재판정, 표본 note를 현재 화 표면으로 교정; L28516~L28676 수동 재독; 점수 재판정, 표본 note를 현재 화 표면으로 교정"
158,158화,L28677~L28838,EDIT,EDIT,PASS,5,5,8,7,8,7,0.32/0.16/0.29/0.04/0.19,0.32/0.16/0.29/0.04/0.19,"삼진 스마트폰에 태우 사이트·앱을 기본 탑재하는 조건으로 특허료를 낮추고, 다이먼과 CL카드·외환은행 인수를 검토한 뒤 임재범에게 합작회사와 전액 지원을 제안한다.","삼진 스마트폰 기본 탑재 계약과 CL카드 인수 준비, 임재범과 합작 협상 자리를 얻는다.",임재범은 몸만 오면 된다는 합작 제안과 자신을 스티브에 비견한 민재의 말을 받아들일 것인가?,삼진 스마트폰에 태우 사이트·앱을 기본 탑재하는 조건으로 특허료를 낮추고 카드업계 부실을 재확인한다; 애플과 삼진 어느 쪽이 팔려도 태우가 수수료를 얻는 구조가 성립한다; 경쟁사 단말을 태우 플랫폼의 고객 유입로로 바꾼다,"삼진 스마트폰에 태우 사이트·앱을 기본 탑재하는 조건으로 특허료를 낮추고, 다이먼과 CL카드·외환은행 인수를 검토한 뒤 임재범에게 합작회사와 전액 지원을 제안한다; 경쟁사 단말까지 태우 서비스 배포망으로 만드는 계약 뒤, 카드·은행 인수 조사에서 메신저·금융을 잇는 천재 영입 협상으로 초점이 바뀐다; 삼진 스마트폰 기본 탑재 계약과 CL카드 인수 준비, 임재범과 합작 협상 자리를 얻는다",특허료를 낮추는 대신 태우 앱 기본탑재를 얻고 카드 부실을 재확인해 장기 수익 구조 정보가 앞선다.,"삼진 스마트폰 기본탑재와 특허료를 조정하고, 다이먼에게 CL카드·외환은행을 검토시킨 뒤 임재범에게 합작을 제안한다. 돈과 회사를 모두 대겠다는 말과 스티브에 빗댄 인정이 임재범의 대답을 붙들어 세 협상 중 마지막 사람의 선택이 오래 남는다.","보상은 실제 지급만 세어 8→7 판정; 훅은 마지막 프레임의 열린 질문만 세어 8→7 판정; L28677~L28838 수동 재독; 점수·리본 유지, 기계적 note만 장면별 편집문으로 교체; L28677~L28838 수동 재독; 기계적 note를 장면별 편집문으로 교체; L28677~L28838 수동 재독; 기계적 note를 장면별 편집문으로 교체; L28677~L28838 수동 재독; 기계적 note를 장면별 편집문으로 교체; L28677~L28838 수동 재독; 기계적 note를 장면별 편집문으로 교체; L28677~L28838 수동 재독; 기계적 note를 장면별 편집문으로 교체; L28677~L28838 수동 재독; 기계적 note를 장면별 편집문으로 교체; L28677~L28838 수동 재독; 기계적 note를 장면별 편집문으로 교체; L28677~L28838 수동 재독; 기계적 note를 장면별 편집문으로 교체; L28677~L28838 수동 재독; 기계적 note를 장면별 편집문으로 교체; L28677~L28838 수동 재독; 기계적 note를 장면별 편집문으로 교체; L28677~L28838 수동 재독; 기계적 note를 장면별 편집문으로 교체, 편집 메타어를 실제 장면·숫자·사람 반응으로 교체; L28677~L28838 수동 재독; 기계적 note를 장면별 편집문으로 교체, 편집 메타어를 실제 장면·숫자·사람 반응으로 교체"
159,159화,L28839~L29001,EDIT,EDIT,PASS,5,5,9,8,8,6,0.22/0.17/0.44/0.05/0.12,0.22/0.17/0.44/0.05/0.12,외환은행·카드 부실을 조사시키며 임재범에게 코코아톡 합작을 제안하고 서문영에게 지분 20%·계약금 50억 원을 제시한다,메신저와 짧은 영상 SNS의 핵심 창업자·기술을 선점한다,서문영의 지장으로 새 SNS를 확보한 민재가 두 소셜 서비스를 어떻게 묶어 키울 것인가?,외환은행·카드 부실을 조사시키며 임재범에게 코코아톡 합작을 제안하고 서문영에게 지분 20%·계약금 50억 원을 제시한다; 스티브의 설득과 태우 조건이 두 사람의 수락을 끌어낸다; 메신저와 짧은 영상 SNS의 핵심 창업자·기술을 선점한다,외환은행·카드 부실을 조사시키며 임재범에게 코코아톡 합작을 제안하고 서문영에게 지분 20%·계약금 50억 원을 제시한다; 스티브의 설득과 태우 조건이 두 사람의 수락을 끌어낸다; 메신저와 짧은 영상 SNS의 핵심 창업자·기술을 선점한다,임재범과 서문영에게 지분·50억 원을 제시해 메신저·숏폼 핵심 개발자를 묶으므로 인재 관계가 지배한다.,임재범과 서문영에게 지분과 50억 원을 내밀어 메신저·숏폼 개발을 맡긴다. 아이디어만 있던 서비스가 두 개발자와 소유조건을 얻어 실제 팀으로 출발한다.,보상은 실제 지급만 세어 9→8 판정; 훅은 마지막 프레임의 열린 질문만 세어 8→6 판정; L28839~L29001 수동 재독; 편집 메타어를 실제 장면·숫자·사람 반응으로 교체; L28839~L29001 수동 재독; 편집 메타어를 실제 장면·숫자·사람 반응으로 교체
160,160화,L29002~L29175,EDIT,EDIT,PASS,7,7,6,5,9,8,0.32/0.30/0.24/0.05/0.09,0.32/0.30/0.24/0.05/0.09,박만덕과 이영한에게 CL카드 채권·10조 원대 유동성을 설명하고 대출 차단·채권 압박·부실 발급 가속을 맡긴다,대출 차단·채권 유통 중단·부실 발급을 실행할 명동 공조 약속을 얻는다.,이영한의 불법 수단이 CL카드 유동성 위기를 얼마나 앞당길 것인가?,박만덕과 이영한에게 CL카드 채권·10조 원대 유동성을 설명하고 대출 차단·채권 압박·부실 발급 가속을 맡긴다; 명동이 대출과 채권 유통을 막으며 CL카드의 현금 흐름이 급격히 마른다; 채권단 인수 가격을 떨어뜨릴 금융 포위망을 만든다,박만덕과 이영한에게 CL카드 채권·10조 원대 유동성을 설명하고 대출 차단·채권 압박·부실 발급 가속을 맡긴다; 이영한이 명동 대출·채권 유통을 막고 노숙자·부랑자 명의의 부실카드까지 만들겠다고 불법 수단을 제시한다; 대출 차단·채권 유통 중단·부실 발급을 실행할 명동 공조 약속을 얻는다,10조 원 유동성 문제를 설명하고 명동에 대출 차단·채권 압박을 맡겨 금융 정보와 포위 행동이 중심이다.,박만덕과 이영한 앞에서 CL카드 채권과 10조 원대 유동성 구멍을 펼쳐 놓고 대출 차단·채권 유통 중단·부실 발급 가속을 역할별로 나눈다. 명동의 공조 약속은 확보되지만 이영한이 예고한 불법 수단의 실제 충격은 보여 주지 않아 실행 직전의 날을 세운다.,"보상은 실제 지급만 세어 6→5 판정; 훅은 마지막 프레임의 열린 질문만 세어 9→8 판정; L29002~L29175 수동 재독; 점수·리본 유지, 기계적 note만 장면별 편집문으로 교체; L29002~L29175 수동 재독; 기계적 note를 장면별 편집문으로 교체; L29002~L29175 수동 재독; 기계적 note를 장면별 편집문으로 교체; L29002~L29175 수동 재독; 기계적 note를 장면별 편집문으로 교체; L29002~L29175 수동 재독; 기계적 note를 장면별 편집문으로 교체; L29002~L29175 수동 재독; 기계적 note를 장면별 편집문으로 교체; L29002~L29175 수동 재독; 기계적 note를 장면별 편집문으로 교체; L29002~L29175 수동 재독; 기계적 note를 장면별 편집문으로 교체; L29002~L29175 수동 재독; 기계적 note를 장면별 편집문으로 교체; L29002~L29175 수동 재독; 기계적 note를 장면별 편집문으로 교체; L29002~L29175 수동 재독; 기계적 note를 장면별 편집문으로 교체; L29002~L29175 수동 재독; 기계적 note를 장면별 편집문으로 교체; L29002~L29175 수동 재독; 기계적 note를 장면별 편집문으로 교체"
161,161화,L29176~L29348,PASS,EDIT,PASS,8,8,8,7,8,7,0.23/0.27/0.31/0.06/0.13,0.23/0.27/0.31/0.06/0.13,고승택과 2조 원·부채 인수안을 협상하고 김태중을 불러 정부·채권단의 탕감을 끌어낸다,업계 1위 카드사 회수 계약과 대규모 부채 탕감을 얻는다,인수 뒤 숨은 부실과 연체금을 감당해야 한다,고승택과 2조 원·부채 인수안을 협상하고 김태중을 불러 정부·채권단의 탕감을 끌어낸다; 외환카드 중단까지 겹치자 채권단이 태우 조건을 받아들인다; 업계 1위 카드사 회수 계약과 대규모 부채 탕감을 얻는다,고승택과 2조 원·부채 인수안을 협상하고 김태중을 불러 정부·채권단의 탕감을 끌어낸다; 외환카드 중단까지 겹치자 채권단이 태우 조건을 받아들인다; 업계 1위 카드사 회수 계약과 대규모 부채 탕감을 얻는다,현금서비스 중단 뒤 2조 원·부채 조건과 정부 탕감을 협상해 채권단 관계와 인수 행동이 앞선다.,현금서비스 중단 뒤 2조 원·부채 조건과 정부 탕감을 협상해 채권단 관계와 인수 행동이 앞선다.,보상은 실제 지급만 세어 8→7 판정; 훅은 마지막 프레임의 열린 질문만 세어 8→7 판정; L29176~L29348 수동 재독; 회차 필드 경계 교정; L29176~L29348 수동 재독; 회차 필드 경계 교정; L29176~L29348 수동 재독; 회차 필드 경계 교정; L29176~L29348 수동 재독; 회차 필드 경계 교정; L29176~L29348 수동 재독; 회차 필드 경계 교정; L29176~L29348 수동 재독; 회차 필드 경계 교정; L29176~L29348 수동 재독; 회차 필드 경계 교정; L29176~L29348 수동 재독; 회차 필드 경계 교정; L29176~L29348 수동 재독; 회차 필드 경계 교정; L29176~L29348 수동 재독; 회차 필드 경계 교정
162,162화,L29349~L29514,PASS,EDIT,PASS,7,7,8,7,8,6,0.27/0.24/0.19/0.05/0.25,0.27/0.24/0.19/0.05/0.25,CL카드 인수를 마무리하고 태우증권 자금으로 만기를 막으며 이영한 추심망을 붙인다,CL카드와 태우카드를 되찾고 경쟁 카드사보다 강한 현금 우위를 세운다,월드컵 광고와 외환은행 인수판을 준비해야 한다,CL카드 인수를 마무리하고 태우증권 자금으로 만기를 막으며 이영한 추심망을 붙인다; 드러난 손실에도 태우 자금과 명동 회수력이 버팀목이 된다; CL카드와 태우카드를 되찾고 경쟁 카드사보다 강한 현금 우위를 세운다,CL카드 인수를 마무리하고 태우증권 자금으로 만기를 막으며 이영한 추심망을 붙인다; 드러난 손실에도 태우 자금과 명동 회수력이 버팀목이 된다; CL카드와 태우카드를 되찾고 경쟁 카드사보다 강한 현금 우위를 세운다,CL카드를 인수하고 숨은 부실 2조·카드채 20조를 태우증권과 추심망으로 버텨 금융 정보·자금 압박이 크다.,CL카드를 인수한 뒤 숨은 부실 2조 원과 카드채 20조 원을 태우증권·추심망으로 버틴다. 인수의 환호보다 장부를 해부하고 자금구멍을 막는 시간이 길어 금융회사를 떠안은 대가를 보여 준다.,보상은 실제 지급만 세어 8→7 판정; 훅은 마지막 프레임의 열린 질문만 세어 8→6 판정; L29349~L29514 수동 재독; 편집 메타어를 실제 장면·숫자·사람 반응으로 교체; L29349~L29514 수동 재독; 편집 메타어를 실제 장면·숫자·사람 반응으로 교체
163,163화,L29515~L29678,PASS,EDIT,PASS,5,5,7,6,8,7,0.28/0.20/0.27/0.06/0.19,0.28/0.20/0.27/0.06/0.19,불법 대선자금을 거절하고 대표팀·감독·선수와 미리 광고 계약을 맺으며 공식 스폰서 대신 응원단을 만든다,월드컵 열기를 태우 브랜드로 회수할 독점 계약을 얻는다,외환은행 BIS 조작 증거가 금융판을 연다,불법 대선자금을 거절하고 대표팀·감독·선수와 미리 광고 계약을 맺으며 공식 스폰서 대신 응원단을 만든다; 회귀 지식이 4강 성과의 광고 권리를 싼값에 잠근다; 월드컵 열기를 태우 브랜드로 회수할 독점 계약을 얻는다,불법 대선자금을 거절하고 대표팀·감독·선수와 미리 광고 계약을 맺으며 공식 스폰서 대신 응원단을 만든다; 회귀 지식이 4강 성과의 광고 권리를 싼값에 잠근다; 월드컵 열기를 태우 브랜드로 회수할 독점 계약을 얻는다,불법 정치자금을 끊고 대표팀·히딩크·선수 광고권을 미리 잠가 계약 정보와 브랜드 관계가 중심이다.,불법 정치자금은 끊고 대표팀·히딩크·선수 광고권은 미리 잠근다. 돈이 새는 구멍을 막는 조치와 월드컵 브랜드 선점이 같은 계약표에서 대비된다.,보상은 실제 지급만 세어 7→6 판정; 훅은 마지막 프레임의 열린 질문만 세어 8→7 판정; L29515~L29678 수동 재독; 범용 중심·비중 문구를 장면 리듬으로 교체; L29515~L29678 수동 재독; 범용 중심·비중 문구를 장면 리듬으로 교체; L29515~L29678 수동 재독; 범용 중심·비중 문구를 장면 리듬으로 교체; L29515~L29678 수동 재독; 범용 중심·비중 문구를 장면 리듬으로 교체; L29515~L29678 수동 재독; 범용 중심·비중 문구를 장면 리듬으로 교체; L29515~L29678 수동 재독; 범용 중심·비중 문구를 장면 리듬으로 교체; L29515~L29678 수동 재독; 범용 중심·비중 문구를 장면 리듬으로 교체; L29515~L29678 수동 재독; 범용 중심·비중 문구를 장면 리듬으로 교체; L29515~L29678 수동 재독; 범용 중심·비중 문구를 장면 리듬으로 교체; L29515~L29678 수동 재독; 범용 중심·비중 문구를 장면 리듬으로 교체; L29515~L29678 수동 재독; 범용 중심·비중 문구를 장면 리듬으로 교체
164,164화,L29679~L29858,EDIT,EDIT,PASS,8,8,8,6,9,6,0.29/0.31/0.22/0.07/0.11,0.29/0.31/0.22/0.07/0.11,이일석의 증언을 감사원·청와대 수사로 연결하고 CES에서 아이패드와 아이폰S 공개를 지켜본다,외환은행을 정당하게 인수할 명분과 애플 공동제품의 시장 무대를 얻는다,태우그룹이 직접 이득 볼 CES 마지막 제품이 아직 무대 뒤에 남아 있다.,이일석의 증언을 감사원·청와대 수사로 연결하고 CES에서 아이패드와 아이폰S 공개를 지켜본다; BIS 6.16 조작이 공식 수사 대상으로 올라 기존 매각판이 흔들린다; 외환은행을 정당하게 인수할 명분과 애플 공동제품의 시장 무대를 얻는다,이일석의 증언을 감사원·청와대 수사로 연결하고 CES에서 아이패드와 아이폰S 공개를 지켜본다; BIS 6.16 조작이 공식 수사 대상으로 올라 기존 매각판이 흔들린다; 외환은행을 정당하게 인수할 명분과 애플 공동제품의 시장 무대를 얻는다,이일석 증언을 감사원·청와대 수사로 연결해 론스타 매각판을 깨고 CES를 준비해 정보·행동 압박이 높다.,이일석의 BIS 조작 증언이 감사원·청와대 수사로 올라가 론스타 우선매각판을 흔든 뒤 CES의 아이패드·아이폰S 공개를 지켜본다. 외환은행 매각은 아직 깨지거나 재계약되지 않았고 마지막 공동제품이 무대 뒤에 남아 있다.,"보상은 실제 지급만 세어 8→7 판정; 훅은 마지막 프레임의 열린 질문만 세어 9→6 판정; L29679~L29858 수동 재독; 점수 재판정, 표본 note를 현재 화 표면으로 교정; L29679~L29858 수동 재독; 점수 재판정, 표본 note를 현재 화 표면으로 교정; L29679~L29858 수동 재독; 점수 재판정, 표본 note를 현재 화 표면으로 교정; L29679~L29858 수동 재독; 점수 재판정, 표본 note를 현재 화 표면으로 교정; L29679~L29858 수동 재독; 점수 재판정, 표본 note를 현재 화 표면으로 교정; L29679~L29858 수동 재독; 점수 재판정, 표본 note를 현재 화 표면으로 교정; L29679~L29858 수동 재독; 점수 재판정, 표본 note를 현재 화 표면으로 교정; L29679~L29858 수동 재독; 점수 재판정, 표본 note를 현재 화 표면으로 교정; L29679~L29858 수동 재독; 점수 재판정, 표본 note를 현재 화 표면으로 교정; L29679~L29858 수동 재독; 점수 재판정, 표본 note를 현재 화 표면으로 교정; L29679~L29858 수동 재독; 점수 재판정, 표본 note를 현재 화 표면으로 교정; L29679~L29858 수동 재독; 점수 재판정, 표본 note를 현재 화 표면으로 교정"
165,165화,L29859~L30047,EDIT,EDIT,PASS,6,6,8,7,8,7,0.18/0.27/0.34/0.05/0.16,0.18/0.27/0.34/0.05/0.16,CES에서 애플·태우 공동 스마트TV를 공개하고 다이먼을 외환은행 경쟁 입찰자처럼 접근시킨다,스마트TV 선도 이미지와 외환은행 내부 협상선을 얻는다,이수현 은행장이 다이먼·명동의 연극을 믿은 채 어떤 매각 조건을 내놓을 것인가?,CES에서 애플·태우 공동 스마트TV를 공개하고 다이먼을 외환은행 경쟁 입찰자처럼 접근시킨다; 주가 반등 속 이수현이 자금과 자문직 제안에 넘어간다; 스마트TV 선도 이미지와 외환은행 내부 협상선을 얻는다,CES에서 애플·태우 공동 스마트TV를 공개하고 다이먼을 외환은행 경쟁 입찰자처럼 접근시킨다; 주가 반등 속 이수현이 자금과 자문직 제안에 넘어간다; 스마트TV 선도 이미지와 외환은행 내부 협상선을 얻는다,CES 공동제품 공개와 이수현 회유를 병행해 발표 행동과 외환은행 내부 관계가 앞선다.,CES 공동제품 공개와 이수현 회유를 병행해 발표 행동과 외환은행 내부 관계가 앞선다.,보상은 실제 지급만 세어 8→7 판정; 훅은 마지막 프레임의 열린 질문만 세어 8→7 판정
166,166화,L30048~L30224,EDIT,EDIT,PASS,7,7,10,7,9,6,0.16/0.25/0.22/0.06/0.31,0.16/0.25/0.22/0.06/0.31,론스타의 부적격을 확인하고 다이먼에게 1조5천억 원 제안 계획과 태우 계열사 주거래 지원을 맡긴다,외환은행 인수 우위와 가전 매출 반등을 얻는다,애플·태우 TV로 바뀐 태우전자 이미지를 신혼부부 할인과 후속 판매로 얼마나 키울 수 있는가?,론스타의 부적격을 확인하고 다이먼에게 1조5천억 원 제안 계획과 태우 계열사 주거래 지원을 맡긴다; 민재가 은행 인수는 거의 끝났다고 판단하고 스마트TV 판매 20% 상승을 보고받는다; 외환은행 인수 우위와 가전 매출 반등을 얻는다,론스타의 부적격을 확인하고 다이먼에게 1조5천억 원 제안 계획과 태우 계열사 주거래 지원을 맡긴다; 민재가 은행 인수는 거의 끝났다고 판단하고 스마트TV 판매 20% 상승을 보고받는다; 외환은행 인수 우위와 가전 매출 반등을 얻는다,다이먼이 1조5천억 원으로 론스타를 누르고 외환은행·글로벌 결제거점을 얻어 소유·지위 보상이 절정이다.,론스타의 부적격과 외환은행 재입찰 가능성을 확인하고 다이먼에게 1조5천억 원 제안과 태우 계열사 주거래 지원을 준비시킨다. 뒤의 애플·태우 TV 판매 반등은 확인되지만 외환은행 계약·소유권은 아직 없어 보상은 인수 우위에 한정된다.,"훅은 마지막 프레임의 열린 질문만 세어 9→6 판정; L30048~L30224 수동 재독; 점수 재판정, 표본 note를 현재 화 표면으로 교정; L30048~L30224 수동 재독; 점수 재판정, 표본 note를 현재 화 표면으로 교정; L30048~L30224 수동 재독; 점수 재판정, 표본 note를 현재 화 표면으로 교정; L30048~L30224 수동 재독; 점수 재판정, 표본 note를 현재 화 표면으로 교정; L30048~L30224 수동 재독; 점수 재판정, 표본 note를 현재 화 표면으로 교정; L30048~L30224 수동 재독; 점수 재판정, 표본 note를 현재 화 표면으로 교정; L30048~L30224 수동 재독; 점수 재판정, 표본 note를 현재 화 표면으로 교정; L30048~L30224 수동 재독; 점수 재판정, 표본 note를 현재 화 표면으로 교정; L30048~L30224 수동 재독; 점수 재판정, 표본 note를 현재 화 표면으로 교정; L30048~L30224 수동 재독; 점수 재판정, 표본 note를 현재 화 표면으로 교정; L30048~L30224 수동 재독; 점수 재판정, 표본 note를 현재 화 표면으로 교정; L30048~L30224 수동 재독; 점수 재판정, 표본 note를 현재 화 표면으로 교정"
167,167화,L30225~L30423,PASS,EDIT,PASS,7,7,7,5,9,7,0.26/0.29/0.30/0.11/0.04,0.26/0.29/0.30/0.11/0.04,탈락 이력서까지 보름 동안 훑어 A급 다섯 명을 인턴으로 넣고 프로그래밍·알고리즘 S급 천민정을 추적해 술집에서 만난다,S급 능력 두 개를 지닌 천민정과 처음 대면한다,경계심 강한 천민정이 태우의 특채 제안을 받아들일지 남는다,탈락 이력서까지 보름 동안 훑어 A급 다섯 명을 인턴으로 넣고 프로그래밍·알고리즘 S급 천민정을 추적해 술집에서 만난다; 강 대위 조사로 그녀가 집안 생계 때문에 졸업 작품을 대신 만들며 경찰 감시까지 받는 처지임이 드러난다; S급 능력 두 개를 지닌 천민정과 처음 대면한다,탈락 이력서까지 보름 동안 훑어 A급 다섯 명을 인턴으로 넣고 프로그래밍·알고리즘 S급 천민정을 추적해 술집에서 만난다; 강 대위 조사로 그녀가 집안 생계 때문에 졸업 작품을 대신 만들며 경찰 감시까지 받는 처지임이 드러난다; S급 능력 두 개를 지닌 천민정과 처음 대면한다,S급 천민정을 채용자료에서 찾아 술집 위험에서 즉시 구하고 영입해 추적 행동과 보호 관계가 중심이다.,5만여 지원서를 다시 훑어 A급 다섯 명을 인턴으로 넣고 프로그래밍·알고리즘 두 항목 S급인 천민정을 찾아 술집에서 처음 마주한다. 악수와 대면만 성립했으므로 구조·특채·입사수락은 다음 회차의 관계 과제다.,"보상은 실제 지급만 세어 7→6 판정; 훅은 마지막 프레임의 열린 질문만 세어 9→7 판정; L30225~L30423 수동 재독; 점수 재판정, 표본 note를 현재 화 표면으로 교정; L30225~L30423 수동 재독; 점수 재판정, 표본 note를 현재 화 표면으로 교정; L30225~L30423 수동 재독; 점수 재판정, 표본 note를 현재 화 표면으로 교정; L30225~L30423 수동 재독; 점수 재판정, 표본 note를 현재 화 표면으로 교정; L30225~L30423 수동 재독; 점수 재판정, 표본 note를 현재 화 표면으로 교정; L30225~L30423 수동 재독; 점수 재판정, 표본 note를 현재 화 표면으로 교정; L30225~L30423 수동 재독; 점수 재판정, 표본 note를 현재 화 표면으로 교정; L30225~L30423 수동 재독; 점수 재판정, 표본 note를 현재 화 표면으로 교정; L30225~L30423 수동 재독; 점수 재판정, 표본 note를 현재 화 표면으로 교정; L30225~L30423 수동 재독; 점수 재판정, 표본 note를 현재 화 표면으로 교정; L30225~L30423 수동 재독; 점수 재판정, 표본 note를 현재 화 표면으로 교정; L30225~L30423 수동 재독; 점수 재판정, 표본 note를 현재 화 표면으로 교정"
168,168화,L30424~L30612,PASS,EDIT,PASS,8,8,9,5,8,7,0.16/0.32/0.34/0.13/0.05,0.16/0.32/0.34/0.13/0.05,연봉·복지·법률 보호를 제시하고 강 대위에게 정호영 일가를 감시시킨 뒤 정신수에게 차장검사 승진과 아들 유학을 맞바꿀 거래를 건다,천민정을 공격할 검사 부자를 멈출 구체적 협상판을 연다,정신수가 승진과 아들 유학 조건을 실제로 받아들일지 남는다,연봉·복지·법률 보호를 제시하고 강 대위에게 정호영 일가를 감시시킨 뒤 정신수에게 차장검사 승진과 아들 유학을 맞바꿀 거래를 건다; 현 차장검사의 성추문을 지렛대로 중립 파벌 과반 찬성을 만들 수 있다는 황금 동아줄이 제시된다; 천민정을 공격할 검사 부자를 멈출 구체적 협상판을 연다,연봉·복지·법률 보호를 제시하고 강 대위에게 정호영 일가를 감시시킨 뒤 정신수에게 차장검사 승진과 아들 유학을 맞바꿀 거래를 건다; 현 차장검사의 성추문을 지렛대로 중립 파벌 과반 찬성을 만들 수 있다는 황금 동아줄이 제시된다; 천민정을 공격할 검사 부자를 멈출 구체적 협상판을 연다,강 대위·검찰 인맥으로 가해 검사 가족을 눌러 아들을 해외로 보내 천민정 가족 보호가 실제 권력으로 지급된다.,"천민정에게 연봉·복지·법률 보호를 제시하고 강 대위에게 정호영 일가 감시를 맡긴 뒤, 정신수에게 차장검사 승진과 아들 유학을 맞바꿀 거래를 건다. 보호판은 구체화됐지만 상대 수락과 실제 출국은 아직 일어나지 않는다.","보상은 실제 지급만 세어 9→8 판정; 훅은 마지막 프레임의 열린 질문만 세어 8→7 판정; L30424~L30612 수동 재독; 점수 재판정, 표본 note를 현재 화 표면으로 교정; L30424~L30612 수동 재독; 점수 재판정, 표본 note를 현재 화 표면으로 교정; L30424~L30612 수동 재독; 점수 재판정, 표본 note를 현재 화 표면으로 교정; L30424~L30612 수동 재독; 점수 재판정, 표본 note를 현재 화 표면으로 교정; L30424~L30612 수동 재독; 점수 재판정, 표본 note를 현재 화 표면으로 교정; L30424~L30612 수동 재독; 점수 재판정, 표본 note를 현재 화 표면으로 교정; L30424~L30612 수동 재독; 점수 재판정, 표본 note를 현재 화 표면으로 교정; L30424~L30612 수동 재독; 점수 재판정, 표본 note를 현재 화 표면으로 교정; L30424~L30612 수동 재독; 점수 재판정, 표본 note를 현재 화 표면으로 교정; L30424~L30612 수동 재독; 점수 재판정, 표본 note를 현재 화 표면으로 교정; L30424~L30612 수동 재독; 점수 재판정, 표본 note를 현재 화 표면으로 교정; L30424~L30612 수동 재독; 점수 재판정, 표본 note를 현재 화 표면으로 교정"
169,169화,L30613~L30819,EDIT,EDIT,PASS,5,5,8,7,8,7,0.36/0.19/0.33/0.05/0.07,0.36/0.19/0.33/0.05/0.07,정호영을 미국으로 보내게 하고 졸업 작품 사건을 무마한 뒤 동생 학비·부모 병원비를 보장해 입사 승낙을 받으며 비트코인 프로젝트를 설명한다,천민정 보호와 특채가 완료되고 암호학자 팀의 공동 개발이 시작된다,천민정과 암호학 팀이 비트코인 프로젝트를 실제 작동하는 화폐로 만들 수 있는가?,정호영을 미국으로 보내게 하고 졸업 작품 사건을 무마한 뒤 동생 학비·부모 병원비를 보장해 입사 승낙을 받으며 비트코인 프로젝트를 설명한다; 비트코인이라는 낯선 개념을 들은 천민정이 경계 대신 호기심을 보이며 꼭 만들겠다고 답한다; 천민정 보호와 특채가 완료되고 암호학자 팀의 공동 개발이 시작된다,정호영을 미국으로 보내게 하고 졸업 작품 사건을 무마한 뒤 동생 학비·부모 병원비를 보장해 입사 승낙을 받으며 비트코인 프로젝트를 설명한다; 비트코인이라는 낯선 개념을 들은 천민정이 경계 대신 호기심을 보이며 꼭 만들겠다고 답한다; 천민정 보호와 특채가 완료되고 암호학자 팀의 공동 개발이 시작된다,천민정·암호학자에게 채굴·분산장부 구조를 설명하고 극비팀을 시작해 기술 정보와 인재 관계가 지배한다.,천민정과 암호학자들에게 채굴·분산장부 구조를 설명하고 극비팀을 시작한다. 낯선 기술설명이 사람과 보안조직을 얻으면서 비트코인 구상이 연구실 안 실제 과제로 내려온다.,보상은 실제 지급만 세어 8→7 판정; 훅은 마지막 프레임의 열린 질문만 세어 8→7 판정; L30613~L30819 수동 재독; 편집 메타어를 실제 장면·숫자·사람 반응으로 교체; L30613~L30819 수동 재독; 편집 메타어를 실제 장면·숫자·사람 반응으로 교체
170,170화,L30820~L31015,PASS,EDIT,PASS,6,6,9,8,8,6,0.17/0.35/0.19/0.19/0.10,0.17/0.35/0.19/0.19/0.10,분산 장부와 채굴 구조를 설명한 뒤 폴란드전·미국전·포르투갈전에 맞춘 감독·선수 다큐형 광고를 차례로 내보낸다,조별리그 광고 계약이 국민적 관심과 태우 계열사 매출로 처음 환전된다,16강 이후 광고와 대표팀의 더 높은 성적이 남는다,분산 장부와 채굴 구조를 설명한 뒤 폴란드전·미국전·포르투갈전에 맞춘 감독·선수 다큐형 광고를 차례로 내보낸다; 한국이 2승1무로 사상 첫 16강에 오르며 히딩크의 문구를 선점한 광고가 매장 줄과 매출 상승을 만든다; 조별리그 광고 계약이 국민적 관심과 태우 계열사 매출로 처음 환전된다,분산 장부와 채굴 구조를 설명한 뒤 폴란드전·미국전·포르투갈전에 맞춘 감독·선수 다큐형 광고를 차례로 내보낸다; 한국이 2승1무로 사상 첫 16강에 오르며 히딩크의 문구를 선점한 광고가 매장 줄과 매출 상승을 만든다; 조별리그 광고 계약이 국민적 관심과 태우 계열사 매출로 처음 환전된다,대표팀 승리와 실시간 광고·붉은 응원단이 함께 폭발해 대중 행동과 전국적 감정 보상이 높다.,"대표팀 승리와 실시간 광고, 붉은 응원단의 함성이 연달아 터진다. 경기 결과와 전국의 거리반응이 한꺼번에 돌아와 앞서 선점한 광고권의 가치를 현장에서 확인한다.",보상은 실제 지급만 세어 9→8 판정; 훅은 마지막 프레임의 열린 질문만 세어 8→6 판정; L30820~L31015 수동 재독; 편집 메타어를 실제 장면·숫자·사람 반응으로 교체; L30820~L31015 수동 재독; 편집 메타어를 실제 장면·숫자·사람 반응으로 교체
171,171화,L31016~L31200,PASS,EDIT,PASS,5,5,9,8,8,6,0.15/0.18/0.34/0.22/0.11,0.15/0.18/0.34/0.22/0.11,광고비 보너스와 EPL 추천서를 마련하고 비트코인 디버깅 중인 천민정을 SNS·코코아톡 문제 해결에 투입해 성과급을 지급한다,월드컵 4강 광고 효과와 SNS·메신저 개발 단축이라는 구체 성과를 얻는다,민재가 실마리도 못 잡은 인공지능 프로젝트까지 맡길지 시험한다,광고비 보너스와 EPL 추천서를 마련하고 비트코인 디버깅 중인 천민정을 SNS·코코아톡 문제 해결에 투입해 성과급을 지급한다; 천민정은 100명이 풀지 못한 호환 문제를 며칠 만에 고치고 가장 큰 성과급을 받을 새 일을 요구한다; 월드컵 4강 광고 효과와 SNS·메신저 개발 단축이라는 구체 성과를 얻는다,광고비 보너스와 EPL 추천서를 마련하고 비트코인 디버깅 중인 천민정을 SNS·코코아톡 문제 해결에 투입해 성과급을 지급한다; 천민정은 100명이 풀지 못한 호환 문제를 며칠 만에 고치고 가장 큰 성과급을 받을 새 일을 요구한다; 월드컵 4강 광고 효과와 SNS·메신저 개발 단축이라는 구체 성과를 얻는다,4강 광고를 결산하고 천민정 부친의 사채를 정리해 회사가 가족 안전망이 되는 관계·감정 보상이 크다.,4강 광고를 결산한 뒤 천민정 부친의 사채를 정리해 준다. 국가적 축제의 소음이 가족 빚을 조용히 없애는 장면으로 가라앉아 회사가 개인의 안전망이 되는 순간을 남긴다.,보상은 실제 지급만 세어 9→8 판정; 훅은 마지막 프레임의 열린 질문만 세어 8→6 판정; L31016~L31200 수동 재독; 편집 메타어를 실제 장면·숫자·사람 반응으로 교체; L31016~L31200 수동 재독; 편집 메타어를 실제 장면·숫자·사람 반응으로 교체
172,172화,L31201~L31388,EDIT,EDIT,PASS,5,5,8,6,8,6,0.36/0.19/0.32/0.05/0.08,0.36/0.19/0.32/0.05/0.08,천민정을 힌톤 연구에 붙이고 밤샘 통화로 이용자 데이터 기반 맞춤 광고와 댓글 푸시 알림 아이디어를 구체화한다,개인화 광고와 재방문 알림이라는 두 제품 후보를 얻는다,밤샘 통화가 이어질 만큼 쏟아지는 천민정의 아이디어를 실제 제품으로 구현할 수 있는가?,천민정을 힌톤 연구에 붙이고 밤샘 통화로 이용자 데이터 기반 맞춤 광고와 댓글 푸시 알림 아이디어를 구체화한다; 천민정은 수집·분석·노출 전 과정을 알고리즘으로 돌리면 된다고 스스로 해법을 제시한다; 개인화 광고와 재방문 알림이라는 두 제품 후보를 얻는다,천민정을 힌톤 연구에 붙이고 밤샘 통화로 이용자 데이터 기반 맞춤 광고와 댓글 푸시 알림 아이디어를 구체화한다; 천민정은 수집·분석·노출 전 과정을 알고리즘으로 돌리면 된다고 스스로 해법을 제시한다; 개인화 광고와 재방문 알림이라는 두 제품 후보를 얻는다,밤샘 통화로 추천·광고·푸시 알고리즘을 제품화해 AI 정보와 민재·천민정 협업 관계에 오래 머문다.,천민정을 힌톤 연구에 붙인 뒤 밤샘 통화로 이용자 데이터 기반 맞춤광고와 댓글 푸시 알림 아이디어를 구체화한다. 두 제품 후보와 협업 관계는 얻었지만 알고리즘 구현·배포·매출은 전혀 지급되지 않았다.,"보상은 실제 지급만 세어 8→7 판정; 훅은 마지막 프레임의 열린 질문만 세어 8→6 판정; L31201~L31388 수동 재독; 점수 재판정, 표본 note를 현재 화 표면으로 교정; L31201~L31388 수동 재독; 점수 재판정, 표본 note를 현재 화 표면으로 교정; L31201~L31388 수동 재독; 점수 재판정, 표본 note를 현재 화 표면으로 교정; L31201~L31388 수동 재독; 점수 재판정, 표본 note를 현재 화 표면으로 교정; L31201~L31388 수동 재독; 점수 재판정, 표본 note를 현재 화 표면으로 교정; L31201~L31388 수동 재독; 점수 재판정, 표본 note를 현재 화 표면으로 교정; L31201~L31388 수동 재독; 점수 재판정, 표본 note를 현재 화 표면으로 교정; L31201~L31388 수동 재독; 점수 재판정, 표본 note를 현재 화 표면으로 교정; L31201~L31388 수동 재독; 점수 재판정, 표본 note를 현재 화 표면으로 교정; L31201~L31388 수동 재독; 점수 재판정, 표본 note를 현재 화 표면으로 교정; L31201~L31388 수동 재독; 점수 재판정, 표본 note를 현재 화 표면으로 교정; L31201~L31388 수동 재독; 점수 재판정, 표본 note를 현재 화 표면으로 교정"
173,173화,L31389~L31569,EDIT,EDIT,PASS,6,6,7,5,8,7,0.22/0.28/0.38/0.08/0.04,0.22/0.28/0.38/0.08/0.04,서정준에게 태우증권 지분 인수와 옹호 계약을 제안하고 기획실장에게 안상수 동조자 명단과 베트남 전보안을 준비시킨다,서정준에게 한 달의 숙고 시간과 태우 안에서 다시 설 자리를 보장한다,안상수 파벌을 승진·해외 발령으로 밀어내도 임원 자리 자체의 보신주의를 바꿀 수 있는가?,서정준에게 태우증권 지분 인수와 옹호 계약을 제안하고 기획실장에게 안상수 동조자 명단과 베트남 전보안을 준비시킨다; 민재는 징계가 아니라 승진과 해외 법인 발령을 이용해 정치 임원들을 밀어낼 수 있음을 떠올린다; 서정준에게 한 달의 숙고 시간과 태우 안에서 다시 설 자리를 보장한다,서정준에게 태우증권 지분 인수와 옹호 계약을 제안하고 기획실장에게 안상수 동조자 명단과 베트남 전보안을 준비시킨다; 민재는 징계가 아니라 승진과 해외 법인 발령을 이용해 정치 임원들을 밀어낼 수 있음을 떠올린다; 서정준에게 한 달의 숙고 시간과 태우 안에서 다시 설 자리를 보장한다,서정준을 내친 안상수와 임원을 조사해 베트남으로 보내고 젊은 인재를 살려 조직 관계 변화가 중심이다.,"서정준에게 태우증권 지분 인수와 옹호 계약을 제안해 한 달의 숙고 시간을 주고, 안상수 동조 임원 명단과 베트남 전보안을 준비시킨다. 사람을 실제 옮기거나 서정준을 영입하지 않은 채 제안과 인사설계만 열린다.","보상은 실제 지급만 세어 7→6 판정; 훅은 마지막 프레임의 열린 질문만 세어 8→7 판정; L31389~L31569 수동 재독; 점수 재판정, 표본 note를 현재 화 표면으로 교정; L31389~L31569 수동 재독; 점수 재판정, 표본 note를 현재 화 표면으로 교정; L31389~L31569 수동 재독; 점수 재판정, 표본 note를 현재 화 표면으로 교정; L31389~L31569 수동 재독; 점수 재판정, 표본 note를 현재 화 표면으로 교정; L31389~L31569 수동 재독; 점수 재판정, 표본 note를 현재 화 표면으로 교정; L31389~L31569 수동 재독; 점수 재판정, 표본 note를 현재 화 표면으로 교정; L31389~L31569 수동 재독; 점수 재판정, 표본 note를 현재 화 표면으로 교정; L31389~L31569 수동 재독; 점수 재판정, 표본 note를 현재 화 표면으로 교정; L31389~L31569 수동 재독; 점수 재판정, 표본 note를 현재 화 표면으로 교정; L31389~L31569 수동 재독; 점수 재판정, 표본 note를 현재 화 표면으로 교정; L31389~L31569 수동 재독; 점수 재판정, 표본 note를 현재 화 표면으로 교정; L31389~L31569 수동 재독; 점수 재판정, 표본 note를 현재 화 표면으로 교정"
174,174화,L31570~L31756,EDIT,EDIT,PASS,4,4,8,7,8,7,0.17/0.13/0.42/0.24/0.04,0.17/0.13/0.42/0.24/0.04,안상수와 동조자들을 베트남 오지 법인으로 승진 발령한 뒤 기사 속 상대가 천민정임을 직접 알려 주고 메신저·금융 융합 아이디어를 듣는다,구태 임원을 현장에서 다시 검증하고 천민정과의 신뢰에 작은 진전을 얻는다,천민정의 메신저·금융 결합안을 어떤 서비스로 구현할 것인가?,안상수와 동조자들을 베트남 오지 법인으로 승진 발령한 뒤 기사 속 상대가 천민정임을 직접 알려 주고 메신저·금융 융합 아이디어를 듣는다; 자신이 열애설 상대라는 말을 들은 천민정이 처음으로 환하게 웃고 곧바로 사업 회의로 돌아간다; 구태 임원을 현장에서 다시 검증하고 천민정과의 신뢰에 작은 진전을 얻는다,안상수와 동조자들을 베트남 오지 법인으로 승진 발령한 뒤 기사 속 상대가 천민정임을 직접 알려 주고 메신저·금융 융합 아이디어를 듣는다; 자신이 열애설 상대라는 말을 들은 천민정이 처음으로 환하게 웃고 곧바로 사업 회의로 돌아간다; 구태 임원을 현장에서 다시 검증하고 천민정과의 신뢰에 작은 진전을 얻는다,천민정에게 열애설 상대가 자신임을 밝혀 불안을 풀고 코코아톡 금융안을 받아 관계·감정 체류가 가장 길다.,천민정에게 열애설 상대가 자신임을 밝혀 불안을 풀고 코코아톡 금융안을 받아 관계·감정 체류가 가장 길다.,보상은 실제 지급만 세어 8→7 판정; 훅은 마지막 프레임의 열린 질문만 세어 8→7 판정
175,175화,L31757~L31915,PASS,EDIT,PASS,5,5,8,7,8,7,0.34/0.20/0.22/0.05/0.19,0.34/0.20/0.22/0.05/0.19,페이스북·코코아톡을 무료 출시해 초기 이용자를 모으고 숏폼 서비스 최적화를 점검한 뒤 5천억~1조 원 규모 데이터센터 후보지를 검토한다,두 소셜 서비스의 출시와 세이월드 점유율 하락 전망을 얻는다,정치적 이득까지 얻을 데이터센터 부지를 정해야 한다,페이스북·코코아톡을 무료 출시해 초기 이용자를 모으고 숏폼 서비스 최적화를 점검한 뒤 5천억~1조 원 규모 데이터센터 후보지를 검토한다; 세이월드의 폐쇄 정책과 달리 이메일만으로 가입하는 페이스북의 접근성이 실제 우위로 나타난다; 두 소셜 서비스의 출시와 세이월드 점유율 하락 전망을 얻는다,페이스북·코코아톡을 무료 출시해 초기 이용자를 모으고 숏폼 서비스 최적화를 점검한 뒤 5천억~1조 원 규모 데이터센터 후보지를 검토한다; 세이월드의 폐쇄 정책과 달리 이메일만으로 가입하는 페이스북의 접근성이 실제 우위로 나타난다; 두 소셜 서비스의 출시와 세이월드 점유율 하락 전망을 얻는다,페이스북·코코아톡 무료 출시와 5천억~1조 원 데이터센터 입지를 설계해 플랫폼 정보·실물 규모가 앞선다.,페이스북·코코아톡 무료 출시와 5천억~1조 원 데이터센터 입지를 설계해 플랫폼 정보·실물 규모가 앞선다.,보상은 실제 지급만 세어 8→7 판정; 훅은 마지막 프레임의 열린 질문만 세어 8→7 판정
176,176화,L31916~L32080,PASS,PASS,PASS,6,6,10,10,8,8,0.15/0.26/0.40/0.11/0.08,0.15/0.26/0.40/0.11/0.08,대전으로 내려가 서광수에게 페이스북 한국 법인장과 지분을 제안하고 미니홈피 특허들을 보여 주며 옛 동료들에게 즉시 연락하게 한다,서광수 영입을 확정하고 옛 개발진 회수와 한국형 페이스북 반격을 시작한다,김태중이 천민정을 따로 불러 손자와의 관계를 묻는다,대전으로 내려가 서광수에게 페이스북 한국 법인장과 지분을 제안하고 미니홈피 특허들을 보여 주며 옛 동료들에게 즉시 연락하게 한다; 자신이 구현하지 못한 아이디어와 태우의 법률 보호를 확인한 서광수가 올해 안에 세이월드 점유율을 반토막 내겠다고 나선다; 서광수 영입을 확정하고 옛 개발진 회수와 한국형 페이스북 반격을 시작한다,대전으로 내려가 서광수에게 페이스북 한국 법인장과 지분을 제안하고 미니홈피 특허들을 보여 주며 옛 동료들에게 즉시 연락하게 한다; 자신이 구현하지 못한 아이디어와 태우의 법률 보호를 확인한 서광수가 올해 안에 세이월드 점유율을 반토막 내겠다고 나선다; 서광수 영입을 확정하고 옛 개발진 회수와 한국형 페이스북 반격을 시작한다,서광수와 핵심 직원을 페이스북으로 되찾아 박동희 강탈을 독으로 만들므로 관계 회수와 복수 보상이 절정이다.,서광수와 핵심 직원을 페이스북으로 되찾아 박동희 강탈을 독으로 만들므로 관계 회수와 복수 보상이 절정이다.,기존 점수·리본 유지; 원문 하드 경계와 인접 회차 대비 재확인
177,177화,L32081~L32276,EDIT,EDIT,PASS,4,4,9,8,8,6,0.14/0.11/0.43/0.27/0.05,0.14/0.11/0.43/0.27/0.05,김태중은 과거 결혼 압박을 사과하며 손자 곁에 있어 달라고 말하고 민재는 다이먼에게 실리콘밸리 영업 지원을 약속한 뒤 천민정과 호텔 회의실로 간다,천민정은 태우를 떠날 공포를 덜고 다이먼은 핀테크 은행의 후원선을 얻는다,사무실 같은 호텔 장기대여 방을 본 천민정의 실망은 무슨 뜻인가?,김태중은 과거 결혼 압박을 사과하며 손자 곁에 있어 달라고 말하고 민재는 다이먼에게 실리콘밸리 영업 지원을 약속한 뒤 천민정과 호텔 회의실로 간다; 김태중이 배경을 묻지 않고 천민정을 가족 후보처럼 받아들이며 다이먼도 5년 이상 기다릴 각오를 밝힌다; 천민정은 태우를 떠날 공포를 덜고 다이먼은 핀테크 은행의 후원선을 얻는다,김태중은 과거 결혼 압박을 사과하며 손자 곁에 있어 달라고 말하고 민재는 다이먼에게 실리콘밸리 영업 지원을 약속한 뒤 천민정과 호텔 회의실로 간다; 김태중이 배경을 묻지 않고 천민정을 가족 후보처럼 받아들이며 다이먼도 5년 이상 기다릴 각오를 밝힌다; 천민정은 태우를 떠날 공포를 덜고 다이먼은 핀테크 은행의 후원선을 얻는다,김태중이 천민정의 배경을 따지지 않고 손자 곁을 허락해 새 가족 수용의 관계·감정 보상이 회차를 지배한다.,김태중은 천민정의 배경을 따지지 않고 손자 곁에 있는 사람으로 받아들인다. 사업보고가 아니라 가족 식탁의 허락이 지급되며 천민정과 조손 사이의 거리가 눈에 띄게 줄어든다.,"보상은 실제 지급만 세어 9→8 판정; 훅은 마지막 프레임의 열린 질문만 세어 8→6 판정; L32081~L32276 수동 재독; 회차 필드 경계 교정; L32081~L32276 수동 재독; 회차 필드 경계 교정; L32081~L32276 수동 재독; 회차 필드 경계 교정; L32081~L32276 수동 재독; 회차 필드 경계 교정; L32081~L32276 수동 재독; 회차 필드 경계 교정; L32081~L32276 수동 재독; 회차 필드 경계 교정; L32081~L32276 수동 재독; 회차 필드 경계 교정; L32081~L32276 수동 재독; 회차 필드 경계 교정; L32081~L32276 수동 재독; 회차 필드 경계 교정, 편집 메타어를 실제 장면·숫자·사람 반응으로 교체; L32081~L32276 수동 재독; 회차 필드 경계 교정, 편집 메타어를 실제 장면·숫자·사람 반응으로 교체"
178,178화,L32277~L32455,PASS,EDIT,PASS,6,6,9,8,9,7,0.23/0.19/0.37/0.05/0.16,0.23/0.19/0.37/0.05/0.16,20억 달러를 제시해 페이팔 인수를 확정하고 피터 일행에게 향후 창업 우선투자를 약속한 뒤 프랑스 식당에서 일론 머스크와 처음 만난다,페이팔 소유권과 미래 창업자들에게 연락받을 투자 우선권을 얻는다,머스크가 꿈꾸는 세 산업에 민재가 얼마를 걸지 남는다,20억 달러를 제시해 페이팔 인수를 확정하고 피터 일행에게 향후 창업 우선투자를 약속한 뒤 프랑스 식당에서 일론 머스크와 처음 만난다; 결제망만 사는 거래가 위튜브 창업자 후보와 전기차·에너지·우주에 집착하는 머스크를 만나는 자리로 확장된다; 페이팔 소유권과 미래 창업자들에게 연락받을 투자 우선권을 얻는다,20억 달러를 제시해 페이팔 인수를 확정하고 피터 일행에게 향후 창업 우선투자를 약속한 뒤 프랑스 식당에서 일론 머스크와 처음 만난다; 결제망만 사는 거래가 위튜브 창업자 후보와 전기차·에너지·우주에 집착하는 머스크를 만나는 자리로 확장된다; 페이팔 소유권과 미래 창업자들에게 연락받을 투자 우선권을 얻는다,20억 달러로 페이팔을 사고 머스크와 직접 만나 전기차·에너지·우주 동맹을 열어 인재 관계와 자산이 크다.,20억 달러로 페이팔을 사고 머스크를 직접 만나 전기차·에너지·우주 동맹을 연다. 회사 인수 직후 창업자의 다음 야심까지 붙잡아 하나의 자산이 장기 파트너십으로 커진다.,보상은 실제 지급만 세어 9→8 판정; 훅은 마지막 프레임의 열린 질문만 세어 9→7 판정; L32277~L32455 수동 재독; 편집 메타어를 실제 장면·숫자·사람 반응으로 교체; L32277~L32455 수동 재독; 편집 메타어를 실제 장면·숫자·사람 반응으로 교체
179,179화,L32456~L32617,PASS,EDIT,PASS,6,6,8,7,8,7,0.28/0.17/0.28/0.04/0.23,0.28/0.17/0.28/0.04/0.23,머스크가 원하는 세 사업에 1억~10억 달러 규모 우선투자를 약속하고 귀국해 코코아톡 금융 서비스 개발을 서두르라고 지시한다,머스크와의 장기 투자 약속과 코코아톡 핀테크 개발 착수를 얻는다,대선 정권 교체가 태우의 무후원 원칙과 핀테크 규제를 시험한다,머스크가 원하는 세 사업에 1억~10억 달러 규모 우선투자를 약속하고 귀국해 코코아톡 금융 서비스 개발을 서두르라고 지시한다; 태우IT의 중국 게임·코코아톡 이익이 커져 새 투자와 핀테크 개발을 감당할 현금이 확인된다; 머스크와의 장기 투자 약속과 코코아톡 핀테크 개발 착수를 얻는다,머스크가 원하는 세 사업에 1억~10억 달러 규모 우선투자를 약속하고 귀국해 코코아톡 금융 서비스 개발을 서두르라고 지시한다; 태우IT의 중국 게임·코코아톡 이익이 커져 새 투자와 핀테크 개발을 감당할 현금이 확인된다; 머스크와의 장기 투자 약속과 코코아톡 핀테크 개발 착수를 얻는다,머스크에게 100억 달러 장기 투자를 약속하고 페이팔을 코코아톡 은행과 결합해 금융 구조·자산이 앞선다.,머스크에게 100억 달러 장기 투자를 약속하고 페이팔을 코코아톡 은행과 결합해 금융 구조·자산이 앞선다.,보상은 실제 지급만 세어 8→7 판정; 훅은 마지막 프레임의 열린 질문만 세어 8→7 판정
180,180화,L32618~L32797,EDIT,EDIT,PASS,5,5,7,6,9,7,0.42/0.14/0.27/0.05/0.12,0.42/0.14/0.27/0.05/0.12,대선 흐름을 지켜본 뒤 천민정이 시연한 전화·문자·알람 음성인식을 검수하고 인도공과대학교 한국 캠퍼스 유치 아이디어를 꺼낸다,다음 아이폰에 넣을 음성비서 성과와 IIT 유치의 명확한 목표를 얻는다,IIT 한국 캠퍼스를 실제 유치해 힌톤팀 교수직과 인재 공급을 함께 해결할 수 있는가?,대선 흐름을 지켜본 뒤 천민정이 시연한 전화·문자·알람 음성인식을 검수하고 인도공과대학교 한국 캠퍼스 유치 아이디어를 꺼낸다; 아이폰에서 이미 작동하는 약인공지능이 확인되자 민재는 교수직과 인재 공급을 한꺼번에 해결할 IIT 캠퍼스를 떠올린다; 다음 아이폰에 넣을 음성비서 성과와 IIT 유치의 명확한 목표를 얻는다,대선 흐름을 지켜본 뒤 천민정이 시연한 전화·문자·알람 음성인식을 검수하고 인도공과대학교 한국 캠퍼스 유치 아이디어를 꺼낸다; 아이폰에서 이미 작동하는 약인공지능이 확인되자 민재는 교수직과 인재 공급을 한꺼번에 해결할 IIT 캠퍼스를 떠올린다; 다음 아이폰에 넣을 음성비서 성과와 IIT 유치의 명확한 목표를 얻는다,힌톤 교수진과 IIT 한국 캠퍼스로 장기 인재 공급을 설계해 교육 정보와 제도 구상이 중심이다.,힌톤 교수진과 IIT 한국 캠퍼스를 연결해 장기 인재공급선을 설계한다. 당장 채용 몇 명보다 교육기관 자체를 들여오는 큰 호흡이 이어진다.,보상은 실제 지급만 세어 7→6 판정; 훅은 마지막 프레임의 열린 질문만 세어 9→7 판정; L32618~L32797 수동 재독; 범용 중심·비중 문구를 장면 리듬으로 교체; L32618~L32797 수동 재독; 범용 중심·비중 문구를 장면 리듬으로 교체; L32618~L32797 수동 재독; 범용 중심·비중 문구를 장면 리듬으로 교체; L32618~L32797 수동 재독; 범용 중심·비중 문구를 장면 리듬으로 교체; L32618~L32797 수동 재독; 범용 중심·비중 문구를 장면 리듬으로 교체; L32618~L32797 수동 재독; 범용 중심·비중 문구를 장면 리듬으로 교체; L32618~L32797 수동 재독; 범용 중심·비중 문구를 장면 리듬으로 교체; L32618~L32797 수동 재독; 범용 중심·비중 문구를 장면 리듬으로 교체; L32618~L32797 수동 재독; 범용 중심·비중 문구를 장면 리듬으로 교체; L32618~L32797 수동 재독; 범용 중심·비중 문구를 장면 리듬으로 교체; L32618~L32797 수동 재독; 범용 중심·비중 문구를 장면 리듬으로 교체
181,181화,L32798~L32963,EDIT,EDIT,PASS,8,8,8,7,9,8,0.27/0.29/0.32/0.07/0.05,0.27/0.29/0.32/0.07/0.05,강 대위와 국세청 인맥을 움직여 KS해운 비자금·현금 차량을 추적하고 야당과 검찰에 정보를 흘리게 한다,KS 불법선거자금 단서가 검찰 수사로 전환되고 전체 대기업을 겨냥한 수사 착수까지 끌어낸다.,KS에서 시작된 검찰의 전면 수사가 다른 재벌까지 어디까지 번질 것인가?,강 대위와 국세청 인맥을 움직여 KS해운 비자금·현금 차량을 추적하고 야당과 검찰에 정보를 흘리게 한다; 기업어음 장부 누락과 막판 거액 인출 정황이 포착되어 정치권과 검찰이 물 수 있는 사건이 된다; KS 비자금 수사를 점화할 자금 흐름과 사진 증거 수집선을 확보한다,강 대위와 국세청 인맥을 움직여 KS해운 비자금·현금 차량을 추적하고 야당과 검찰에 정보를 흘리게 한다; 기업어음 장부 누락과 막판 거액 인출 정황이 포착되어 정치권과 검찰이 물 수 있는 사건이 된다; KS 불법선거자금 단서가 검찰 수사로 전환되고 전체 대기업을 겨냥한 수사 착수까지 끌어낸다,KS 불법자금을 조사하고 검찰총장 라인으로 재벌 수사를 점화해 정치 행동과 권력관계가 팽팽하다.,"강 대위의 추적과 국세청 인맥이 KS해운 비자금, 현금 운반 차량, 불법선거자금 단서를 한 줄로 잇는다. 야당과 검찰에 흘린 정보가 KS 한 곳을 넘어 전 대기업 수사로 번지는 순간, 복수 작전의 행동보다 관계망의 확산이 더 큰 압박으로 바뀐다.","보상은 실제 지급만 세어 8→7 판정; 훅은 마지막 프레임의 열린 질문만 세어 9→8 판정; L32798~L32963 수동 재독; 점수·리본 유지, 기계적 note만 장면별 편집문으로 교체; L32798~L32963 수동 재독; 기계적 note를 장면별 편집문으로 교체; L32798~L32963 수동 재독; 기계적 note를 장면별 편집문으로 교체; L32798~L32963 수동 재독; 기계적 note를 장면별 편집문으로 교체; L32798~L32963 수동 재독; 기계적 note를 장면별 편집문으로 교체; L32798~L32963 수동 재독; 기계적 note를 장면별 편집문으로 교체; L32798~L32963 수동 재독; 기계적 note를 장면별 편집문으로 교체; L32798~L32963 수동 재독; 기계적 note를 장면별 편집문으로 교체; L32798~L32963 수동 재독; 기계적 note를 장면별 편집문으로 교체; L32798~L32963 수동 재독; 기계적 note를 장면별 편집문으로 교체; L32798~L32963 수동 재독; 기계적 note를 장면별 편집문으로 교체; L32798~L32963 수동 재독; 기계적 note를 장면별 편집문으로 교체; L32798~L32963 수동 재독; 기계적 note를 장면별 편집문으로 교체"
182,182화,L32964~L33126,EDIT,EDIT,PASS,8,8,10,9,8,8,0.20/0.32/0.30/0.11/0.07,0.20/0.32/0.30/0.11/0.07,100억 원을 넘는 선거자금·약 2천억 원 비자금 장부와 현금차 사진을 검찰에 넘기고 태우SNS가 세이월드를 밀어낸 실적을 보고받는다,KS의 불법 자금 수사와 세이월드 복수의 가시적 결산을 얻는다,KS에서 시작된 불법자금 수사가 다른 재벌로 얼마나 번질 것인가?,100억 원을 넘는 선거자금·약 2천억 원 비자금 장부와 현금차 사진을 검찰에 넘기고 태우SNS가 세이월드를 밀어낸 실적을 보고받는다; 언론과 야당까지 움직이자 검찰이 KS 본사 압수수색에 들어가고 박동희는 경질된다; KS의 불법 자금 수사와 세이월드 복수의 가시적 결산을 얻는다,100억 원을 넘는 선거자금·약 2천억 원 비자금 장부와 현금차 사진을 검찰에 넘기고 태우SNS가 세이월드를 밀어낸 실적을 보고받는다; 언론과 야당까지 움직이자 검찰이 KS 본사 압수수색에 들어가고 박동희는 경질된다; KS의 불법 자금 수사와 세이월드 복수의 가시적 결산을 얻는다,100억 원이 넘는 정치자금과 총 2천억 원 비자금·현금차량 사진을 넘기고 세이월드 몰락을 확인해 행동·복수 보상이 크다.,"100억 원이 넘는 정치자금과 총 2천억 원 비자금, 현금차량 사진을 수사선에 넘긴다. 증거가 실제로 이동한 뒤 세이월드 몰락까지 확인돼 정경유착 역공과 사업 정리가 함께 닫힌다.",보상은 실제 지급만 세어 10→9 판정; L32964~L33126 수동 재독; 편집 메타어를 실제 장면·숫자·사람 반응으로 교체; L32964~L33126 수동 재독; 편집 메타어를 실제 장면·숫자·사람 반응으로 교체
183,183화,L33127~L33294,EDIT,EDIT,PASS,5,5,7,6,8,9,0.35/0.17/0.32/0.05/0.11,0.35/0.17/0.32/0.05/0.11,페이스북 한국 법인에 있던 서광수에게 세이월드·하두리 장점을 합친 숏폼을 제안하고 서문영과 공동대표로 즉시 합류시킨다,틱택톡 공동대표 두 명과 세이월드 출신 인력의 이동 선택권을 확보한다,천민정이 공들인 태우·애플 비밀제품을 유출 없이 폭발적으로 공개할 수 있는가?,페이스북 한국 법인에 있던 서광수에게 세이월드·하두리 장점을 합친 숏폼을 제안하고 서문영과 공동대표로 즉시 합류시킨다; 서문영의 확신과 다음 달 한·미·중 동시 출시 일정이 서광수의 승부욕을 다시 깨운다; 틱택톡 공동대표 두 명과 세이월드 출신 인력의 이동 선택권을 확보한다,페이스북 한국 법인에 있던 서광수에게 세이월드·하두리 장점을 합친 숏폼을 제안하고 서문영과 공동대표로 즉시 합류시킨다; 서문영의 확신과 다음 달 한·미·중 동시 출시 일정이 서광수의 승부욕을 다시 깨운다; 틱택톡 공동대표 두 명과 세이월드 출신 인력의 이동 선택권을 확보한다,깨끗한 태우의 위치를 굳힌 뒤 서문영 팀에 숏폼 SNS를 맡겨 기술 정보와 인재 협업에 머문다.,깨끗한 태우의 위치를 굳힌 뒤 서문영 팀에 숏폼 SNS를 맡겨 기술 정보와 인재 협업에 머문다.,보상은 실제 지급만 세어 7→6 판정; 훅은 마지막 프레임의 열린 질문만 세어 8→9 판정
184,184화,L33295~L33460,PASS,EDIT,PASS,5,5,8,7,9,8,0.31/0.24/0.26/0.04/0.15,0.31/0.24/0.26/0.04/0.15,태우IT 회의에 게임사 대표들을 불러 채굴 보상·아이템 결제·국경 없는 거래를 제안하고 사용량 제한과 지역락 방어책을 확인한 뒤 샌프란시스코로 간다,비트코인에 게임 사용자와 거래 수요를 붙일 초기 유통 실험을 시작한다,스티브가 예고 없이 민재를 WWDC 공동 발표 무대에 세운다,태우IT 회의에 게임사 대표들을 불러 채굴 보상·아이템 결제·국경 없는 거래를 제안하고 사용량 제한과 지역락 방어책을 확인한 뒤 샌프란시스코로 간다; 불법 대선자금 싸움에 몰린 정치권이 핀테크와 비트코인을 보지 못하는 공백이 확인된다; 비트코인에 게임 사용자와 거래 수요를 붙일 초기 유통 실험을 시작한다,태우IT 회의에 게임사 대표들을 불러 채굴 보상·아이템 결제·국경 없는 거래를 제안하고 사용량 제한과 지역락 방어책을 확인한 뒤 샌프란시스코로 간다; 불법 대선자금 싸움에 몰린 정치권이 핀테크와 비트코인을 보지 못하는 공백이 확인된다; 비트코인에 게임 사용자와 거래 수요를 붙일 초기 유통 실험을 시작한다,게임 아이템·국경 없는 결제로 비트코인 첫 수요를 만들고 WWDC로 가 기술 정보와 생태계 행동이 앞선다.,게임 아이템·국경 없는 결제로 비트코인 첫 수요를 만들고 WWDC로 가 기술 정보와 생태계 행동이 앞선다.,보상은 실제 지급만 세어 8→7 판정; 훅은 마지막 프레임의 열린 질문만 세어 9→8 판정
185,185화,L33461~L33664,PASS,EDIT,PASS,6,6,10,9,9,6,0.18/0.37/0.21/0.08/0.16,0.18/0.37/0.21/0.08/0.16,스티브의 아이폰 발표에 이어 무대에 올라 시리로 에어컨·TV·세탁기와 태우자동차 시동까지 실시간 작동시킨다,태우전자와 자동차를 사물인터넷 선두 제품으로 세계에 노출한다,폭발적 관심을 후속 제품과 생산·판매로 회수해야 한다,스티브의 아이폰 발표에 이어 무대에 올라 시리로 에어컨·TV·세탁기와 태우자동차 시동까지 실시간 작동시킨다; 무선 음성 명령으로 집과 차가 실제 움직이자 냉담하던 개발자들이 함성과 박수를 보낸다; 태우전자와 자동차를 사물인터넷 선두 제품으로 세계에 노출한다,스티브의 아이폰 발표에 이어 무대에 올라 시리로 에어컨·TV·세탁기와 태우자동차 시동까지 실시간 작동시킨다; 무선 음성 명령으로 집과 차가 실제 움직이자 냉담하던 개발자들이 함성과 박수를 보낸다; 태우전자와 자동차를 사물인터넷 선두 제품으로 세계에 노출한다,시리·가전 IoT·자동차 원격 시동을 세계 무대에서 실시간 시연해 공개 행동과 기업 지위 보상이 솟는다.,시리·가전 IoT·자동차 원격 시동을 세계 무대에서 실시간 시연해 공개 행동과 기업 지위 보상이 솟는다.,보상은 실제 지급만 세어 10→9 판정; 훅은 마지막 프레임의 열린 질문만 세어 9→6 판정
186,186화,L33665~L33838,EDIT,EDIT,PASS,4,4,9,8,8,7,0.34/0.15/0.32/0.04/0.15,0.34/0.15/0.32/0.04/0.15,핀테크 은행장실에서 스티브와 지문·얼굴 인식과 노이즈캔슬링 무선 이어폰·심박수·지도·통화 기능 스마트워치를 세 시간 동안 논의한다,에어팟·스마트워치급 공동개발 의제와 애플의 지원 약속을 얻는다,애플 전문가를 한국에 붙여 무선이어폰·스마트워치 아이디어를 실제 제품으로 만들 수 있는가?,핀테크 은행장실에서 스티브와 지문·얼굴 인식과 노이즈캔슬링 무선 이어폰·심박수·지도·통화 기능 스마트워치를 세 시간 동안 논의한다; 10년 뒤 제품 개념을 들은 스티브가 즉시 운동·통화 용도를 덧붙이며 한국에 전문가를 보내겠다고 한다; 에어팟·스마트워치급 공동개발 의제와 애플의 지원 약속을 얻는다,핀테크 은행장실에서 스티브와 지문·얼굴 인식과 노이즈캔슬링 무선 이어폰·심박수·지도·통화 기능 스마트워치를 세 시간 동안 논의한다; 10년 뒤 제품 개념을 들은 스티브가 즉시 운동·통화 용도를 덧붙이며 한국에 전문가를 보내겠다고 한다; 에어팟·스마트워치급 공동개발 의제와 애플의 지원 약속을 얻는다,잡스와 노이즈캔슬링 이어폰·건강·지도·음성 시계를 기획해 기술 정보와 공동개발 관계가 중심이다.,"잡스와 노이즈캔슬링 이어폰, 건강·지도·음성 기능의 시계를 차례로 떠올린다. 완제품 지급 없이 아이디어가 서로의 말을 받아 커지는 공동개발 리듬이 재미를 만든다.",보상은 실제 지급만 세어 9→8 판정; 훅은 마지막 프레임의 열린 질문만 세어 8→7 판정; L33665~L33838 수동 재독; 범용 중심·비중 문구를 장면 리듬으로 교체; L33665~L33838 수동 재독; 범용 중심·비중 문구를 장면 리듬으로 교체; L33665~L33838 수동 재독; 범용 중심·비중 문구를 장면 리듬으로 교체; L33665~L33838 수동 재독; 범용 중심·비중 문구를 장면 리듬으로 교체; L33665~L33838 수동 재독; 범용 중심·비중 문구를 장면 리듬으로 교체; L33665~L33838 수동 재독; 범용 중심·비중 문구를 장면 리듬으로 교체; L33665~L33838 수동 재독; 범용 중심·비중 문구를 장면 리듬으로 교체; L33665~L33838 수동 재독; 범용 중심·비중 문구를 장면 리듬으로 교체; L33665~L33838 수동 재독; 범용 중심·비중 문구를 장면 리듬으로 교체; L33665~L33838 수동 재독; 범용 중심·비중 문구를 장면 리듬으로 교체; L33665~L33838 수동 재독; 범용 중심·비중 문구를 장면 리듬으로 교체
187,187화,L33839~L34048,EDIT,EDIT,PASS,6,6,8,7,9,7,0.29/0.26/0.23/0.07/0.15,0.29/0.26/0.23/0.07/0.15,우성일에게 과소 생산계획 책임을 묻고 베트남 공장 확대와 인도 대규모 가전 공장 신설을 검토시킨다,기록적 판매 성과와 인도 생산기지라는 구체 해법을 얻는다,베트남과 인도 중 추가 생산기지를 어디에 어떤 조건으로 세울 것인가?,우성일에게 과소 생산계획 책임을 묻고 베트남 공장 확대와 인도 대규모 가전 공장 신설을 검토시킨다; 아이폰·아노르 협업이 단발 홍보가 아니라 세계 주문 폭증과 브랜드 가치 상승으로 입증된다; 기록적 판매 성과와 인도 생산기지라는 구체 해법을 얻는다,우성일에게 과소 생산계획 책임을 묻고 베트남 공장 확대와 인도 대규모 가전 공장 신설을 검토시킨다; 아이폰·아노르 협업이 단발 홍보가 아니라 세계 주문 폭증과 브랜드 가치 상승으로 입증된다; 기록적 판매 성과와 인도 생산기지라는 구체 해법을 얻는다,세계 주문 폭증을 확인하고 우성일에게 책임을 물어 베트남·인도 증설을 지시해 생산 정보·행동 압박이 앞선다.,세계 주문 폭증을 확인하고 우성일에게 책임을 물어 베트남·인도 증설을 지시해 생산 정보·행동 압박이 앞선다.,보상은 실제 지급만 세어 8→7 판정; 훅은 마지막 프레임의 열린 질문만 세어 9→7 판정
188,188화,L34049~L34214,EDIT,EDIT,PASS,6,6,8,7,8,7,0.32/0.16/0.39/0.04/0.09,0.32/0.16/0.39/0.04/0.09,데이비드와 인도에서 차기 총리 후보 미모안 싱을 만나 대규모 공장·고용과 선거 지원을 제시하고 IIT 캠퍼스 허용을 요구한다,인도 공장 지원과 집권 뒤 IIT 한국 캠퍼스를 추진한다는 약속을 얻는다,미모안 싱의 청렴한 약속과 국민회의의 현실 선거자금을 함께 묶어 총선 승리·IIT 약속을 실행할 수 있는가?,데이비드와 인도에서 차기 총리 후보 미모안 싱을 만나 대규모 공장·고용과 선거 지원을 제시하고 IIT 캠퍼스 허용을 요구한다; 서로 필요한 선거 동력과 경제 투자를 맞바꾸면서 단순 공장 인허가가 교육·정치 동맹으로 커진다; 인도 공장 지원과 집권 뒤 IIT 한국 캠퍼스를 추진한다는 약속을 얻는다,데이비드와 인도에서 차기 총리 후보 미모안 싱을 만나 대규모 공장·고용과 선거 지원을 제시하고 IIT 캠퍼스 허용을 요구한다; 서로 필요한 선거 동력과 경제 투자를 맞바꾸면서 단순 공장 인허가가 교육·정치 동맹으로 커진다; 인도 공장 지원과 집권 뒤 IIT 한국 캠퍼스를 추진한다는 약속을 얻는다,미모안 싱에게 공장·선거 지원과 IIT 캠퍼스를 교환해 국제 정치 관계와 협상 정보에 오래 머문다.,미모안 싱에게 공장·선거 지원과 IIT 캠퍼스를 교환해 국제 정치 관계와 협상 정보에 오래 머문다.,보상은 실제 지급만 세어 8→7 판정; 훅은 마지막 프레임의 열린 질문만 세어 8→7 판정
189,189화,L34215~L34387,EDIT,EDIT,PASS,5,5,7,6,8,8,0.38/0.22/0.24/0.08/0.08,0.38/0.22/0.24/0.08/0.08,허황후 관련 다큐와 문화 사업을 지시하고 10조 원대 인도 투자 계획을 알리며 베트남·인도 생산라인 확대를 확정한다,인도 공장·교육 거래를 받칠 문화외교와 생산 증설 계획을 얻는다,아노르 가문에서 불가능할 만큼 빨리 도착한 손님은 누구이며 무엇을 평가하러 왔는가?,허황후 관련 다큐와 문화 사업을 지시하고 10조 원대 인도 투자 계획을 알리며 베트남·인도 생산라인 확대를 확정한다; 한국과 인도의 오래된 인연을 앞세우면 IIT 진출과 대규모 고용을 함께 설명할 수 있다는 명분이 생긴다; 인도 공장·교육 거래를 받칠 문화외교와 생산 증설 계획을 얻는다,허황후 관련 다큐와 문화 사업을 지시하고 10조 원대 인도 투자 계획을 알리며 베트남·인도 생산라인 확대를 확정한다; 한국과 인도의 오래된 인연을 앞세우면 IIT 진출과 대규모 고용을 함께 설명할 수 있다는 명분이 생긴다; 인도 공장·교육 거래를 받칠 문화외교와 생산 증설 계획을 얻는다,허준·허황후 다큐와 한류 캠페인으로 IIT 여론을 만들고 아노르 협업을 타진해 문화 전략 정보가 중심이다.,허준·허황후 다큐와 한류 캠페인으로 IIT 여론을 만들고 아노르 협업까지 타진한다. 교육기관 유치가 문화콘텐츠와 인도 인맥을 함께 움직이는 여론전으로 확장된다.,보상은 실제 지급만 세어 7→6 판정; L34215~L34387 수동 재독; 범용 중심·비중 문구를 장면 리듬으로 교체; L34215~L34387 수동 재독; 범용 중심·비중 문구를 장면 리듬으로 교체; L34215~L34387 수동 재독; 범용 중심·비중 문구를 장면 리듬으로 교체; L34215~L34387 수동 재독; 범용 중심·비중 문구를 장면 리듬으로 교체; L34215~L34387 수동 재독; 범용 중심·비중 문구를 장면 리듬으로 교체; L34215~L34387 수동 재독; 범용 중심·비중 문구를 장면 리듬으로 교체; L34215~L34387 수동 재독; 범용 중심·비중 문구를 장면 리듬으로 교체; L34215~L34387 수동 재독; 범용 중심·비중 문구를 장면 리듬으로 교체; L34215~L34387 수동 재독; 범용 중심·비중 문구를 장면 리듬으로 교체; L34215~L34387 수동 재독; 범용 중심·비중 문구를 장면 리듬으로 교체; L34215~L34387 수동 재독; 범용 중심·비중 문구를 장면 리듬으로 교체
190,190화,L34388~L34604,PASS,EDIT,PASS,5,5,8,7,8,5,0.25/0.17/0.43/0.10/0.05,0.25/0.17/0.43/0.10/0.05,미래형 가전과 AI 기능을 보여 주고 아노르 브랜드의 중국 허가 난항을 쩡칭훙 통화로 풀어 준다,아노르 가문의 후속 제품 협력과 유럽 상류층 시장 신뢰를 굳힌다,아노르 가문이 사업 동맹을 넘어 델핀과 민재의 결합 가능성까지 살핀다,미래형 가전과 AI 기능을 보여 주고 아노르 브랜드의 중국 허가 난항을 쩡칭훙 통화로 풀어 준다; 민재가 한 통의 통화로 중국 문제를 해결하자 델핀은 태우뿐 아니라 민재 개인의 가치까지 다시 본다; 아노르 가문의 후속 제품 협력과 유럽 상류층 시장 신뢰를 굳힌다,미래형 가전과 AI 기능을 보여 주고 아노르 브랜드의 중국 허가 난항을 쩡칭훙 통화로 풀어 준다; 민재가 한 통의 통화로 중국 문제를 해결하자 델핀은 태우뿐 아니라 민재 개인의 가치까지 다시 본다; 아노르 가문의 후속 제품 협력과 유럽 상류층 시장 신뢰를 굳힌다,델핀에게 미래 가전·AI를 보여 주고 중국 허가를 해결해 가문 파트너·혼인 후보 관계가 부각된다.,델핀에게 미래 가전·AI를 보여 주고 중국 허가를 해결해 가문 파트너·혼인 후보 관계가 부각된다.,보상은 실제 지급만 세어 8→7 판정; 훅은 마지막 프레임의 열린 질문만 세어 8→5 판정
191,191화,L34605~L34776,EDIT,EDIT,PASS,6,6,9,8,10,7,0.31/0.13/0.29/0.12/0.15,0.31/0.13/0.29/0.12/0.15,아노르 가문과 한국 매장·브랜드 전략을 조율한 뒤 불법 대선자금 수사 국면을 보며 깨끗한 경제인·정치인 연합을 검토한다,유럽 명품 동맹과 깨끗한 경제인·정치인 연합이라는 목표를 함께 얻는다.,기존 이권에 얽히지 않고 오직 태우와 경제발전을 위해 일할 정치인을 어떻게 모을 것인가?,아노르 가문과 한국 매장·브랜드 전략을 조율한 뒤 불법 대선자금 수사 국면을 보며 깨끗한 경제인·정치인 연합을 검토한다; 해외 명문가도 신뢰하는 태우가 국내에서는 정치권의 자금 요구를 방어할 제도적 힘이 없다는 모순이 드러난다; 유럽 명품 동맹과 50명 규모 경제정치 연합의 목표를 함께 얻는다,아노르 가문과 한국 매장·브랜드 전략을 조율한 뒤 불법 대선자금 수사 국면을 보며 깨끗한 경제인·정치인 연합을 검토한다; 해외 명문가도 신뢰하는 태우가 국내에서는 정치권의 자금 요구를 방어할 제도적 힘이 없다는 모순이 드러난다; 유럽 명품 동맹과 깨끗한 경제인·정치인 연합이라는 목표를 함께 얻는다,아노르 유통·협업과 태우 청렴을 확인한 뒤 독자 정치세력 필요가 명시돼 결산 정보와 다음 훅이 강하다.,아노르 유통·협업과 태우 청렴을 확인한 뒤 독자 정치세력 필요가 명시돼 결산 정보와 다음 훅이 강하다.,보상은 실제 지급만 세어 9→8 판정; 훅은 마지막 프레임의 열린 질문만 세어 10→7 판정; L34605~L34776 수동 재독; 회차 필드 경계 교정; L34605~L34776 수동 재독; 회차 필드 경계 교정; L34605~L34776 수동 재독; 회차 필드 경계 교정; L34605~L34776 수동 재독; 회차 필드 경계 교정; L34605~L34776 수동 재독; 회차 필드 경계 교정; L34605~L34776 수동 재독; 회차 필드 경계 교정; L34605~L34776 수동 재독; 회차 필드 경계 교정; L34605~L34776 수동 재독; 회차 필드 경계 교정; L34605~L34776 수동 재독; 회차 필드 경계 교정; L34605~L34776 수동 재독; 회차 필드 경계 교정
192,192화,L34777~L34942,EDIT,EDIT,PASS,7,7,5,5,10,8,0.33/0.17/0.29/0.17/0.04,0.33/0.17/0.29/0.17/0.04,"최재석 중심 50명 정치연합을 설계하고, 강인식이 보여 준 영상에서 불량학생들이 천민정의 동생을 폭행하는 장면을 확인한다.",정치인 후보 50명 명단과 천민정의 동생에게 벌어진 폭력 영상이라는 즉시 대응 근거를 확보한다.,폭행 영상 속 천민정의 동생을 즉시 어떻게 보호하고 가해 학생들을 확인할 것인가?,최재석을 중심으로 50명 규모 연합을 구상하던 중 경호 영상에서 검사 아들 추영택이 천민우를 상습 폭행하는 장면을 확인한다; 거시 정치 구상의 명분이 직원 한 사람의 가족조차 권력형 폭력에서 지켜야 한다는 현실로 구체화된다; 천민우의 위험을 조기에 발견하고 즉시 경호를 붙일 근거를 얻는다,"최재석 중심 50명 정치연합을 설계하고, 강인식이 보여 준 영상에서 불량학생들이 천민정의 동생을 폭행하는 장면을 확인한다; 정치 방벽 논의가 핵심 인재의 가족이 학교폭력을 당하는 긴급 보호문제로 전환된다; 정치인 후보 50명 명단과 천민정의 동생에게 벌어진 폭력 영상이라는 즉시 대응 근거를 확보한다",30명 정치연합을 설계하는 중 민우 학교폭력 보고가 들어와 제도 정보와 직원 가족 보호 감정이 겹친다.,최재석을 중심으로 50명 정치연합을 짜던 업무 리듬이 경호 영상 한 편에서 끊긴다. 불량학생 네댓 명이 천민정의 동생 머리를 때리고 식판에 침을 뱉는 화면만 확인하므로 이름·가해자 배경은 다음 화에 남긴다.,"훅은 마지막 프레임의 열린 질문만 세어 10→8 판정; L34777~L34942 수동 재독; 점수·리본 유지, 기계적 note만 장면별 편집문으로 교체; L34777~L34942 수동 재독; 회차 필드 경계 교정, 기계적 note를 장면별 편집문으로 교체; L34777~L34942 수동 재독; 회차 필드 경계 교정, 기계적 note를 장면별 편집문으로 교체; L34777~L34942 수동 재독; 회차 필드 경계 교정, 기계적 note를 장면별 편집문으로 교체; L34777~L34942 수동 재독; 회차 필드 경계 교정, 기계적 note를 장면별 편집문으로 교체; L34777~L34942 수동 재독; 회차 필드 경계 교정, 기계적 note를 장면별 편집문으로 교체; L34777~L34942 수동 재독; 회차 필드 경계 교정, 기계적 note를 장면별 편집문으로 교체; L34777~L34942 수동 재독; 회차 필드 경계 교정, 기계적 note를 장면별 편집문으로 교체; L34777~L34942 수동 재독; 회차 필드 경계 교정, 기계적 note를 장면별 편집문으로 교체; L34777~L34942 수동 재독; 회차 필드 경계 교정, 기계적 note를 장면별 편집문으로 교체; L34777~L34942 수동 재독; 회차 필드 경계 교정, 기계적 note를 장면별 편집문으로 교체; L34777~L34942 수동 재독; 회차 필드 경계 교정, 기계적 note를 장면별 편집문으로 교체; L34777~L34942 수동 재독; 회차 필드 경계 교정, 기계적 note를 장면별 편집문으로 교체"
193,193화,L34943~L35136,EDIT,EDIT,PASS,8,8,6,6,8,9,0.24/0.34/0.25/0.13/0.04,0.24/0.34/0.25/0.13/0.04,경호원들이 하굣길 폭행을 막고 천민우를 집까지 지킨 뒤 기획실이 학교·추영택 부모·담임의 유착을 조사한다,천민우의 당일 안전과 추영택의 상습 폭행·학교 묵인 증거를 확보한다,추영택의 어머니가 교장과 검찰을 움직여 오히려 천민우를 짓밟겠다고 전화기를 든다.,경호원들이 하굣길 폭행을 막고 천민우를 집까지 지킨 뒤 기획실이 학교·추영택 부모·담임의 유착을 조사한다; 가해자가 부장검사 아버지와 기업가 외가를 믿고 역공을 준비하면서 단순 학생 다툼이 권력 싸움으로 드러난다; 천민우의 당일 안전과 추영택의 상습 폭행·학교 묵인 증거를 확보한다,경호원들이 하굣길 폭행을 막고 천민우를 집까지 지킨 뒤 기획실이 학교·추영택 부모·담임의 유착을 조사한다; 가해자가 부장검사 아버지와 기업가 외가를 믿고 역공을 준비하면서 단순 학생 다툼이 권력 싸움으로 드러난다; 천민우의 당일 안전과 추영택의 상습 폭행·학교 묵인 증거를 확보한다,경호원을 보내 민우를 구하고 추영택의 폭행·교사 묵인을 모아 현장 행동과 권력 배후 정보가 중심이다.,경호원을 보내 천민정의 동생을 구하고 추영택의 폭행과 교사 묵인 증거를 모은다. 구조행동이 끝나자 가해 학생 뒤 권력배경을 추적하는 더 큰 싸움이 열린다.,훅은 마지막 프레임의 열린 질문만 세어 8→9 판정; L34943~L35136 수동 재독; 범용 중심·비중 문구를 장면 리듬으로 교체; L34943~L35136 수동 재독; 범용 중심·비중 문구를 장면 리듬으로 교체; L34943~L35136 수동 재독; 범용 중심·비중 문구를 장면 리듬으로 교체; L34943~L35136 수동 재독; 범용 중심·비중 문구를 장면 리듬으로 교체; L34943~L35136 수동 재독; 범용 중심·비중 문구를 장면 리듬으로 교체; L34943~L35136 수동 재독; 범용 중심·비중 문구를 장면 리듬으로 교체; L34943~L35136 수동 재독; 범용 중심·비중 문구를 장면 리듬으로 교체; L34943~L35136 수동 재독; 범용 중심·비중 문구를 장면 리듬으로 교체; L34943~L35136 수동 재독; 범용 중심·비중 문구를 장면 리듬으로 교체; L34943~L35136 수동 재독; 범용 중심·비중 문구를 장면 리듬으로 교체; L34943~L35136 수동 재독; 범용 중심·비중 문구를 장면 리듬으로 교체
194,194화,L35137~L35343,PASS,EDIT,PASS,8,8,7,7,9,8,0.18/0.30/0.35/0.14/0.03,0.18/0.30/0.35/0.14/0.03,천민정과 학부모 회의에 참석해 경호 영상·상습폭행 자료를 내놓고 학교 조사와 가해 학생 가족·학교폭력위원의 배경조사를 동시에 지시한다.,천민우의 피해 사실을 공식화하고 추영택 집안의 경제·검찰 약점을 특정한다,가해 학생 가족과 학교폭력위원의 배경을 확인해 학교의 축소 대응을 뒤집을 수 있는가?,천민정과 학부모 회의에 참석해 경호 영상·상습폭행 자료를 내놓고 학교 조사와 추영택 아버지의 검찰 라인·외가 화원정밀 거래를 동시에 캐게 한다; 태우 부회장이 평범한 직원 동생을 위해 직접 왔다는 사실이 공개되며 회의장의 힘 관계가 뒤집힌다; 천민우의 피해 사실을 공식화하고 추영택 집안의 경제·검찰 약점을 특정한다,천민정과 학부모 회의에 참석해 경호 영상·상습폭행 자료를 내놓고 학교 조사와 가해 학생 가족·학교폭력위원의 배경조사를 동시에 지시한다; 태우 부회장이 평범한 직원 동생을 위해 직접 왔다는 사실이 공개되며 회의장의 힘 관계가 뒤집힌다; 천민우의 피해 사실을 공식화하고 추영택 집안의 경제·검찰 약점을 특정한다,민재가 학부모 회의에 나타나 학교·동문·검찰선을 움직여 공개 보호 행동과 권력관계 대결이 크다.,김민재가 학부모 회의에 직접 나타나 학교·동문·검찰선을 차례로 압박한다. 은밀하던 학교폭력이 공개 보호행동으로 바뀌며 가해자 뒤 권력과 정면으로 맞선다.,"훅은 마지막 프레임의 열린 질문만 세어 9→8 판정; L35137~L35343 수동 재독; 회차 필드 경계 교정; L35137~L35343 수동 재독; 회차 필드 경계 교정; L35137~L35343 수동 재독; 회차 필드 경계 교정; L35137~L35343 수동 재독; 회차 필드 경계 교정; L35137~L35343 수동 재독; 회차 필드 경계 교정; L35137~L35343 수동 재독; 회차 필드 경계 교정; L35137~L35343 수동 재독; 회차 필드 경계 교정; L35137~L35343 수동 재독; 회차 필드 경계 교정; L35137~L35343 수동 재독; 회차 필드 경계 교정, 편집 메타어를 실제 장면·숫자·사람 반응으로 교체; L35137~L35343 수동 재독; 회차 필드 경계 교정, 편집 메타어를 실제 장면·숫자·사람 반응으로 교체"
195,195화,L35344~L35519,EDIT,EDIT,PASS,8,8,10,10,8,5,0.12/0.31/0.38/0.15/0.04,0.12/0.31/0.38/0.15/0.04,화원정밀을 태우 협력망에서 끊고 추영택 아버지의 상급 검찰선을 움직여 가족에게 공개 사과와 전학을 받아낸다,추영택의 사과·전학과 천민우의 안전한 학교생활을 확정한다,민재는 검사 100명과 척져도 천민정을 태우에 잡아두는 편이 이득이라고 결론낸다.,화원정밀을 태우 협력망에서 끊고 추영택 아버지의 상급 검찰선을 움직여 가족에게 공개 사과와 전학을 받아낸다; 민재는 기업 한 곳보다 천민정의 능력과 신뢰가 훨씬 큰 자산이라고 선을 긋는다; 추영택의 사과·전학과 천민우의 안전한 학교생활을 확정한다,화원정밀을 태우 협력망에서 끊고 추영택 아버지의 상급 검찰선을 움직여 가족에게 공개 사과와 전학을 받아낸다; 민재는 기업 한 곳보다 천민정의 능력과 신뢰가 훨씬 큰 자산이라고 선을 긋는다; 추영택의 사과·전학과 천민우의 안전한 학교생활을 확정한다,화원정밀 거래를 끊고 검사 상급자를 압박해 무릎 사과·전학을 받아 천민정의 신뢰와 보호 보상이 절정이다.,화원정밀 거래를 끊고 검사 상급자를 압박해 무릎 사과·전학을 받아 천민정의 신뢰와 보호 보상이 절정이다.,훅은 마지막 프레임의 열린 질문만 세어 8→5 판정
196,196화,L35520~L35684,EDIT,EDIT,PASS,6,6,8,7,9,8,0.36/0.14/0.37/0.07/0.06,0.36/0.14/0.37/0.07/0.06,딥러닝 보고를 4차 산업혁명으로 규정하고 부산 데이터센터 지원을 지렛대로 김태중이 최재석에게 새 정당의 중심이 되어 달라고 설득한다,천민정의 충성과 딥러닝 성과·최재석 설득을 위한 구체 조건을 얻는다,김태중이 데이터센터·지역사업을 조건으로 최재석 영입을 직접 마무리할 수 있는가?,딥러닝 보고를 4차 산업혁명으로 규정하고 부산 데이터센터 지원을 지렛대로 김태중이 최재석에게 새 정당의 중심이 되어 달라고 설득한다; 김태중이 손자의 법적 책임까지 자신이 지겠다고 나서며 가족이 민재의 정치 부담을 나눠 든다; 천민정의 충성과 딥러닝 성과·최재석 설득을 위한 구체 조건을 얻는다,딥러닝 보고를 4차 산업혁명으로 규정하고 부산 데이터센터 지원을 지렛대로 김태중이 최재석에게 새 정당의 중심이 되어 달라고 설득한다; 김태중이 손자의 법적 책임까지 자신이 지겠다고 나서며 가족이 민재의 정치 부담을 나눠 든다; 천민정의 충성과 딥러닝 성과·최재석 설득을 위한 구체 조건을 얻는다,딥러닝·부산 데이터센터·최재석 정당을 연결하고 김태중이 위험을 나눠 기술 정보와 정치 관계가 중심이다.,"딥러닝 연구, 부산 데이터센터와 최재석의 정당 구상을 한 판에 연결한다. 김태중이 위험을 함께 지겠다고 나서며 기술계획이 가족과 정치의 공동책임으로 넓어진다.",보상은 실제 지급만 세어 8→7 판정; 훅은 마지막 프레임의 열린 질문만 세어 9→8 판정; L35520~L35684 수동 재독; 범용 중심·비중 문구를 장면 리듬으로 교체; L35520~L35684 수동 재독; 범용 중심·비중 문구를 장면 리듬으로 교체; L35520~L35684 수동 재독; 범용 중심·비중 문구를 장면 리듬으로 교체; L35520~L35684 수동 재독; 범용 중심·비중 문구를 장면 리듬으로 교체; L35520~L35684 수동 재독; 범용 중심·비중 문구를 장면 리듬으로 교체; L35520~L35684 수동 재독; 범용 중심·비중 문구를 장면 리듬으로 교체; L35520~L35684 수동 재독; 범용 중심·비중 문구를 장면 리듬으로 교체; L35520~L35684 수동 재독; 범용 중심·비중 문구를 장면 리듬으로 교체; L35520~L35684 수동 재독; 범용 중심·비중 문구를 장면 리듬으로 교체; L35520~L35684 수동 재독; 범용 중심·비중 문구를 장면 리듬으로 교체; L35520~L35684 수동 재독; 범용 중심·비중 문구를 장면 리듬으로 교체
197,197화,L35685~L35841,EDIT,EDIT,PASS,5,5,8,7,8,7,0.24/0.14/0.50/0.06/0.06,0.24/0.14/0.50/0.06/0.06,델핀과 프리미엄 가전을 다듬는 동안 김태중이 최재석을 만나 국가 발전 사업만 지원하고 인사·정책에는 간섭하지 않겠다고 약속한다,국민경제당 지도자와 기업이 넘지 않을 개입 경계를 확정한다,최재석이 받아든 경제정당 도전을 실제 전국 조직과 공약으로 키울 수 있는가?,델핀과 프리미엄 가전을 다듬는 동안 김태중이 최재석을 만나 국가 발전 사업만 지원하고 인사·정책에는 간섭하지 않겠다고 약속한다; 김태중이 정경유착이 아니라 경제 발전을 위한 제한적 협력이라고 선을 긋자 최재석이 도전을 받아들인다; 국민경제당 지도자와 기업이 넘지 않을 개입 경계를 확정한다,델핀과 프리미엄 가전을 다듬는 동안 김태중이 최재석을 만나 국가 발전 사업만 지원하고 인사·정책에는 간섭하지 않겠다고 약속한다; 김태중이 정경유착이 아니라 경제 발전을 위한 제한적 협력이라고 선을 긋자 최재석이 도전을 받아들인다; 국민경제당 지도자와 기업이 넘지 않을 개입 경계를 확정한다,김태중이 최재석에게 깨끗한 의원 50명과 국가사업 지원 원칙을 맡겨 조부·정치 지도자 관계가 지배한다.,델핀과 프리미엄 가전을 점검하는 앞 장면 뒤 김태중이 최재석에게 깨끗한 정치인 50명과 국가사업 지원 원칙을 제안한다. 인사·정책에는 간섭하지 않겠다는 선을 듣고 최재석이 도전을 받아들이며 두 사람의 소주잔이 창당 준비를 실제 관계로 굳힌다.,보상은 실제 지급만 세어 8→7 판정; 훅은 마지막 프레임의 열린 질문만 세어 8→7 판정; L35685~L35841 수동 재독; 고정 39화 표본 note를 원문 장면·말미 기준으로 교정; L35685~L35841 수동 재독; 고정 39화 표본 note를 원문 장면·말미 기준으로 교정; L35685~L35841 수동 재독; 고정 39화 표본 note를 원문 장면·말미 기준으로 교정
198,198화,L35842~L36008,EDIT,EDIT,PASS,6,6,7,5,8,6,0.35/0.19/0.24/0.05/0.17,0.35/0.19/0.24/0.05/0.17,"김태중이 최재석에게 부산 데이터센터와 인재 명단을 건네고, 김민재가 계열사 실적을 점검해 태우상사를 미래 원자재 유통축으로 키울 필요성을 확인한다.",최재석에게 데이터센터·인재 명단을 지급하고 태우상사의 전환 필요성을 확인한다.,실적이 낮은 태우상사를 어떤 원자재 임무로 되살릴 것인가?,미국식 정책팀과 선거 전문가를 최재석에게 붙이고 계열사 실적을 점검한 뒤 태우상사에 배터리·반도체 원료 확보 임무를 준다; 서비스 계열의 성장과 달리 태우상사의 정체가 그룹 공급망 약점이라는 사실이 드러난다; 국민경제당의 실무 조직과 원자재 확보 전담 계열사를 만든다,"김태중이 최재석에게 부산 데이터센터와 인재 명단을 건네고, 김민재가 계열사 실적을 점검해 태우상사를 미래 원자재 유통축으로 키울 필요성을 확인한다; 서비스 계열의 성장과 달리 태우상사의 정체가 그룹 공급망 약점이라는 사실이 드러난다; 최재석에게 데이터센터·인재 명단을 지급하고 태우상사의 전환 필요성을 확인한다",부산 데이터센터·정책팀을 붙이고 태우상사를 원자재 회사로 바꿔 조직 설계 정보가 가장 크다.,"김태중이 최재석에게 부산 데이터센터와 인재 명단을 넘기는 지급 뒤, 김민재가 계열사 실적표를 차례로 훑는다. 낮은 실적의 태우상사를 미래 원자재 유통축으로 바꿔야 한다는 판단에서 멈춰 구체 품목과 실행은 다음 회차에 넘긴다.","보상은 실제 지급만 세어 7→5 판정; 훅은 마지막 프레임의 열린 질문만 세어 8→6 판정; L35842~L36008 수동 재독; 점수·리본 유지, 기계적 note만 장면별 편집문으로 교체; L35842~L36008 수동 재독; 기계적 note를 장면별 편집문으로 교체; L35842~L36008 수동 재독; 기계적 note를 장면별 편집문으로 교체; L35842~L36008 수동 재독; 기계적 note를 장면별 편집문으로 교체; L35842~L36008 수동 재독; 기계적 note를 장면별 편집문으로 교체; L35842~L36008 수동 재독; 기계적 note를 장면별 편집문으로 교체; L35842~L36008 수동 재독; 기계적 note를 장면별 편집문으로 교체; L35842~L36008 수동 재독; 기계적 note를 장면별 편집문으로 교체; L35842~L36008 수동 재독; 기계적 note를 장면별 편집문으로 교체; L35842~L36008 수동 재독; 기계적 note를 장면별 편집문으로 교체; L35842~L36008 수동 재독; 기계적 note를 장면별 편집문으로 교체; L35842~L36008 수동 재독; 기계적 note를 장면별 편집문으로 교체; L35842~L36008 수동 재독; 기계적 note를 장면별 편집문으로 교체"
199,199화,L36009~L36165,EDIT,EDIT,PASS,6,6,7,6,9,7,0.31/0.25/0.22/0.05/0.17,0.31/0.25/0.22/0.05/0.17,"태우상사에 희토류·리튬·식각가스·불화수소의 국가별 매장량과 생산업체 조사를 지시하고, 최재석에게 양당 정쟁과 달리 경제만 말하는 선거 전략을 제시한다.",미래 공급망 목록과 국민경제당의 전국 노출 기회를 얻는다,양당 정쟁과 달리 경제만 말하는 국민경제당 전략이 중도표를 실제 흡수할 수 있는가?,리튬·코발트·니켈·반도체 소재 광산 조사를 지시하고 미국 선거 전문가의 정책·홍보 방식을 국민경제당에 투입한다; 양당이 정쟁에 몰두할수록 경제 공약만 내는 최재석이 차별화되는 역설이 생긴다; 미래 공급망 목록과 국민경제당의 전국 노출 기회를 얻는다,"태우상사에 희토류·리튬·식각가스·불화수소의 국가별 매장량과 생산업체 조사를 지시하고, 최재석에게 양당 정쟁과 달리 경제만 말하는 선거 전략을 제시한다; 양당이 정쟁에 몰두할수록 경제 공약만 내는 최재석이 차별화되는 역설이 생긴다; 미래 공급망 목록과 국민경제당의 전국 노출 기회를 얻는다",리튬·코발트·니켈 광산 매입과 미국 선거 전문가·경제공약을 동시에 지시해 정보·실행이 앞선다.,태우상사에 희토류·리튬·식각가스·불화수소의 매장국과 생산업체를 조사시키는 공급망 목록이 앞을 차지한다. 최재석에게 양당 정쟁 대신 경제만 말하라고 제안하는 뒤쪽은 같은 정보 우위를 선거 노출로 바꾸며 중도표 반응을 기다린다.,"보상은 실제 지급만 세어 7→6 판정; 훅은 마지막 프레임의 열린 질문만 세어 9→7 판정; L36009~L36165 수동 재독; 점수·리본 유지, 기계적 note만 장면별 편집문으로 교체; L36009~L36165 수동 재독; 기계적 note를 장면별 편집문으로 교체; L36009~L36165 수동 재독; 기계적 note를 장면별 편집문으로 교체; L36009~L36165 수동 재독; 기계적 note를 장면별 편집문으로 교체; L36009~L36165 수동 재독; 기계적 note를 장면별 편집문으로 교체; L36009~L36165 수동 재독; 기계적 note를 장면별 편집문으로 교체; L36009~L36165 수동 재독; 기계적 note를 장면별 편집문으로 교체; L36009~L36165 수동 재독; 기계적 note를 장면별 편집문으로 교체; L36009~L36165 수동 재독; 기계적 note를 장면별 편집문으로 교체; L36009~L36165 수동 재독; 기계적 note를 장면별 편집문으로 교체; L36009~L36165 수동 재독; 기계적 note를 장면별 편집문으로 교체; L36009~L36165 수동 재독; 기계적 note를 장면별 편집문으로 교체; L36009~L36165 수동 재독; 기계적 note를 장면별 편집문으로 교체"
200,200화,L36166~L36346,EDIT,EDIT,PASS,6,6,7,5,9,8,0.32/0.18/0.35/0.05/0.10,0.32/0.18/0.35/0.05/0.10,투자 제안서를 다시 찾아 김익수를 부회장실로 부른 뒤 국내 서비스만으로는 서버와 저작권 비용을 버티기 어렵고 세계화에는 수백억 원이 든다고 경고한다,김익수와 첫 대면을 성사시키고 그의 자신감·자금 병목을 정확히 확인한다,민재가 ‘내 손을 잡으면 미래가 바뀐다’고 말한 첫 면담에서 김익수는 어떤 선택을 할 것인가?,투자 제안서를 다시 찾아 김익수를 부회장실로 부른 뒤 국내 서비스만으로는 서버와 저작권 비용을 버티기 어렵고 세계화에는 수백억 원이 든다고 경고한다; 유튜브보다 1년 빠른 기술적 시도에도 한국 시장만 보면 결국 해외 플랫폼에 밀린다는 미래 격차가 제시된다; 김익수와 첫 대면을 성사시키고 그의 자신감·자금 병목을 정확히 확인한다,투자 제안서를 다시 찾아 김익수를 부회장실로 부른 뒤 국내 서비스만으로는 서버와 저작권 비용을 버티기 어렵고 세계화에는 수백억 원이 든다고 경고한다; 유튜브보다 1년 빠른 기술적 시도에도 한국 시장만 보면 결국 해외 플랫폼에 밀린다는 미래 격차가 제시된다; 김익수와 첫 대면을 성사시키고 그의 자신감·자금 병목을 정확히 확인한다,CES 가전 지급 뒤 김익수에게 수천억 원 글로벌 영상 연합을 제시하고 답을 남겨 사업 정보·협상 관계와 훅이 크다.,"김익수와 첫 면담을 갖고 서버비·망사용료·저작권, 수백억 원 세계화 비용을 듣는다. 숫자를 확인하는 데서 멈추므로 50억 원 매각·합작 제안은 아직 이 회차의 보상이 아니다.",보상은 실제 지급만 세어 7→5 판정; 훅은 마지막 프레임의 열린 질문만 세어 9→8 판정; L36166~L36346 수동 재독; 범용 중심·비중 문구를 장면 리듬으로 교체; L36166~L36346 수동 재독; 범용 중심·비중 문구를 장면 리듬으로 교체; L36166~L36346 수동 재독; 범용 중심·비중 문구를 장면 리듬으로 교체; L36166~L36346 수동 재독; 범용 중심·비중 문구를 장면 리듬으로 교체; L36166~L36346 수동 재독; 범용 중심·비중 문구를 장면 리듬으로 교체; L36166~L36346 수동 재독; 범용 중심·비중 문구를 장면 리듬으로 교체; L36166~L36346 수동 재독; 범용 중심·비중 문구를 장면 리듬으로 교체; L36166~L36346 수동 재독; 범용 중심·비중 문구를 장면 리듬으로 교체; L36166~L36346 수동 재독; 범용 중심·비중 문구를 장면 리듬으로 교체; L36166~L36346 수동 재독; 범용 중심·비중 문구를 장면 리듬으로 교체; L36166~L36346 수동 재독; 범용 중심·비중 문구를 장면 리듬으로 교체
201,201화,L36347~L36522,EDIT,EDIT,EDIT,4,4,8,8,8,8,0.27/0.19/0.24/0.10/0.20,0.20/0.17/0.28/0.10/0.25,판타지TV에 50억 원을 제시하고 천민정이 만든 알파 버전을 보여 준 뒤 애플·구글·아마존이 참여할 회사를 김익수가 관리하게 한다,판타지TV 팀·김익수와 글로벌 영상 합작 계약을 완결한다,1억 명 넘는 슈퍼볼 하프타임에서 데이비드가 경악할 사건이 터진다.,판타지TV에 50억 원을 제시하고 천민정이 만든 알파 버전을 보여 준 뒤 애플·구글·아마존이 참여할 회사를 김익수가 관리하게 한다; 세계 기업들의 이름을 듣자 김익수가 기획실장이 내민 계약서에 즉시 지장을 찍는다; 판타지TV 팀·김익수와 글로벌 영상 합작 계약을 완결한다,판타지TV에 50억 원을 제시하고 천민정이 만든 알파 버전을 보여 준 뒤 애플·구글·아마존이 참여할 회사를 김익수가 관리하게 한다; 세계 기업들의 이름을 듣자 김익수가 기획실장이 내민 계약서에 즉시 지장을 찍는다; 판타지TV 팀·김익수와 글로벌 영상 합작 계약을 완결한다,김익수의 합류 결정과 빅테크 합작 조건을 따라가며 계약·관계·기술 정보에 오래 머문다.,50억 원과 글로벌 합작 조건을 제시하고 김익수가 계약서에 지장을 찍는다. 제안이 서명으로 넘어가는 계약·관계·지위 지급이 봉우리를 만든다.,훅은 마지막 프레임의 사건 발생만 세어 8로 유지; 리본은 실제 장면 체류에 맞춰 재배분
202,202화,L36523~L36693,EDIT,EDIT,PASS,5,5,8,7,7,6,0.20/0.30/0.18/0.14/0.18,0.20/0.30/0.18/0.14/0.18,하프타임 노출 사고 직후 보이지 않는 아름다움 광고를 내보내고 페이팔 출신 채드 헐리·스티브 첸을 영상 서비스 팀으로 영입한다,"태우 광고의 슈퍼볼 송출과 채드·스티브 영입, 영상 공유 서비스의 발상을 얻는다.",인도 총선·미국 대선·오바마 보고에서 확인된 결과가 다음 정치 선택에 어떤 영향을 줄 것인가?,하프타임 노출 사고 직후 보이지 않는 아름다움 광고를 내보내고 페이팔 출신 채드 헐리·스티브 첸을 영상 서비스 팀으로 영입한다; 방송사가 지우려는 영상이 인터넷에서 복제될수록 개인 업로드·검색 수요가 폭발한다; 글로벌 바이럴 광고와 훗날 위튜브를 이끌 두 창업자를 확보한다,"하프타임 노출 사고 직후 보이지 않는 아름다움 광고를 내보내고 페이팔 출신 채드 헐리·스티브 첸을 영상 서비스 팀으로 영입한다; 스티브 첸이 다시보기 영상을 찾지 못한 경험에서 개인이 영상을 올리고 공유할 서비스 아이디어를 말한다; 태우 광고의 슈퍼볼 송출과 채드·스티브 영입, 영상 공유 서비스의 발상을 얻는다",슈퍼볼 사고와 광고 확산 뒤 채드·스티브를 잡는 움직임이 중심이라 행동 리본이 솟는다.,"하프타임 노출 사고 직후 ‘보이지 않는 아름다움’ 광고를 붙여 위기를 역이용하고, 페이팔 출신 채드 헐리와 스티브 첸을 영상서비스 팀으로 데려온다. 광고·영입의 경쾌한 지급 뒤 인도 총선과 미국 대선 보고로 화면이 넘어가 다음 정치 선택은 낮은 강도로 열어 둔다.","보상은 실제 지급만 세어 8→7 판정; 훅은 마지막 프레임의 열린 질문만 세어 7→6 판정; L36523~L36693 수동 재독; 점수·리본 유지, 기계적 note만 장면별 편집문으로 교체; L36523~L36693 수동 재독; 기계적 note를 장면별 편집문으로 교체; L36523~L36693 수동 재독; 기계적 note를 장면별 편집문으로 교체; L36523~L36693 수동 재독; 기계적 note를 장면별 편집문으로 교체; L36523~L36693 수동 재독; 기계적 note를 장면별 편집문으로 교체; L36523~L36693 수동 재독; 기계적 note를 장면별 편집문으로 교체; L36523~L36693 수동 재독; 기계적 note를 장면별 편집문으로 교체; L36523~L36693 수동 재독; 기계적 note를 장면별 편집문으로 교체; L36523~L36693 수동 재독; 기계적 note를 장면별 편집문으로 교체; L36523~L36693 수동 재독; 기계적 note를 장면별 편집문으로 교체; L36523~L36693 수동 재독; 기계적 note를 장면별 편집문으로 교체; L36523~L36693 수동 재독; 기계적 note를 장면별 편집문으로 교체; L36523~L36693 수동 재독; 기계적 note를 장면별 편집문으로 교체"
203,203화,L36694~L36882,EDIT,EDIT,PASS,5,5,8,6,8,6,0.22/0.18/0.27/0.13/0.20,0.22/0.18/0.27/0.13/0.20,리사 수에게 태우전자 사장·반도체 개발총괄·5배 연봉을 제안한 뒤 답을 기다리며 사우디 왕궁에 프리미엄 가전을 설치하고 무함마드 왕자와 교분을 쌓는다,리사 수의 진지한 검토와 사우디 왕가의 비공개 명품 홍보 효과를 얻는다,무함마드가 4년 뒤 EPL 구단을 살 돈을 직접 불리겠다고 하자 민재는 진담인지 농담인지 가늠한다.,리사 수에게 태우전자 사장·반도체 개발총괄·5배 연봉을 제안한 뒤 답을 기다리며 사우디 왕궁에 프리미엄 가전을 설치하고 무함마드 왕자와 교분을 쌓는다; 돈보다 자신이 원하는 반도체 회사를 설계할 전권과 최고 직위가 리사 수를 깊은 숙고에 빠뜨린다; 리사 수의 진지한 검토와 사우디 왕가의 비공개 명품 홍보 효과를 얻는다,리사 수에게 태우전자 사장·반도체 개발총괄·5배 연봉을 제안한 뒤 답을 기다리며 사우디 왕궁에 프리미엄 가전을 설치하고 무함마드 왕자와 교분을 쌓는다; 돈보다 자신이 원하는 반도체 회사를 설계할 전권과 최고 직위가 리사 수를 깊은 숙고에 빠뜨린다; 리사 수의 진지한 검토와 사우디 왕가의 비공개 명품 홍보 효과를 얻는다,리사 수의 전권과 사우디 왕자의 장기 약속이 인재 관계와 지위 보상에 무게를 준다.,리사 수에게 태우전자 사장·반도체 개발총괄·5배 연봉을 제안해 진지한 검토를 끌어낸 뒤 사우디 왕궁의 프리미엄 가전 설치와 무함마드 왕자 교분으로 이동한다. 리사의 수락과 왕자의 4년 투자결과는 모두 남아 있다.,"보상은 실제 지급만 세어 8→7 판정; 훅은 마지막 프레임의 열린 질문만 세어 8→6 판정; L36694~L36882 수동 재독; 점수 재판정, 표본 note를 현재 화 표면으로 교정; L36694~L36882 수동 재독; 점수 재판정, 표본 note를 현재 화 표면으로 교정; L36694~L36882 수동 재독; 점수 재판정, 표본 note를 현재 화 표면으로 교정; L36694~L36882 수동 재독; 점수 재판정, 표본 note를 현재 화 표면으로 교정; L36694~L36882 수동 재독; 점수 재판정, 표본 note를 현재 화 표면으로 교정; L36694~L36882 수동 재독; 점수 재판정, 표본 note를 현재 화 표면으로 교정; L36694~L36882 수동 재독; 점수 재판정, 표본 note를 현재 화 표면으로 교정; L36694~L36882 수동 재독; 점수 재판정, 표본 note를 현재 화 표면으로 교정; L36694~L36882 수동 재독; 점수 재판정, 표본 note를 현재 화 표면으로 교정; L36694~L36882 수동 재독; 점수 재판정, 표본 note를 현재 화 표면으로 교정; L36694~L36882 수동 재독; 점수 재판정, 표본 note를 현재 화 표면으로 교정; L36694~L36882 수동 재독; 점수 재판정, 표본 note를 현재 화 표면으로 교정"
204,204화,L36883~L37055,EDIT,EDIT,PASS,7,7,6,6,8,7,0.25/0.24/0.18/0.15/0.18,0.25/0.24/0.18/0.15/0.18,최재석의 촛불 연설과 SNS 확산을 지원하면서 태우상사에 칠레·볼리비아 광산을 먼저 조사·계약하게 한다,최재석의 전국적 노출과 저평가 리튬 광구 선점 기회를 얻는다,FTA 체결 전 남미 리튬 광산 소유권을 얼마나 확보할 수 있는가?,최재석의 촛불 연설과 SNS 확산을 지원하면서 태우상사에 칠레·볼리비아 광산을 먼저 조사·계약하게 한다; 기존 정당이 정쟁에 갇힌 사이 경제·민생 연설이 주목받고 FTA 발효 전 자원 가격차가 열린다; 최재석의 전국적 노출과 저평가 리튬 광구 선점 기회를 얻는다,최재석의 촛불 연설과 SNS 확산을 지원하면서 태우상사에 칠레·볼리비아 광산을 먼저 조사·계약하게 한다; 기존 정당이 정쟁에 갇힌 사이 경제·민생 연설이 주목받고 FTA 발효 전 자원 가격차가 열린다; 최재석의 전국적 노출과 저평가 리튬 광구 선점 기회를 얻는다,탄핵 표결·촛불 연설과 리튬 선점이 병행되어 정치 정보와 실행 압박이 높다.,탄핵 표결·촛불 연설과 리튬 선점이 병행되어 정치 정보와 실행 압박이 높다.,훅은 마지막 프레임의 열린 질문만 세어 8→7 판정
205,205화,L37056~L37235,EDIT,PASS,PASS,6,6,6,6,8,8,0.23/0.18/0.27/0.20/0.12,0.23/0.18/0.27/0.20/0.12,우유니 염호와 리튬 트라이앵글 광구 열 곳 이상을 계약하고 방한한 리사 수에게 태우전자·반도체·IT 현장을 안내한다,남미 핵심 리튬 권리를 잠그고 영입 협상을 되돌릴 마지막 만남을 얻는다,천민정의 AI 아이디어를 함께 들은 리사 수가 사실상 거절 결정을 바꿀 것인가?,우유니 염호와 리튬 트라이앵글 광구 열 곳 이상을 계약하고 방한한 리사 수에게 태우전자·반도체·IT 현장을 안내한다; 시설과 기술보다 사람 문화가 약점으로 드러나 리사 수가 사실상 거절하려는 순간 천민정이 대화에 끼어든다; 남미 핵심 리튬 권리를 잠그고 영입 협상을 되돌릴 마지막 만남을 얻는다,우유니 염호와 리튬 트라이앵글 광구 열 곳 이상을 계약하고 방한한 리사 수에게 태우전자·반도체·IT 현장을 안내한다; 시설과 기술보다 사람 문화가 약점으로 드러나 리사 수가 사실상 거절하려는 순간 천민정이 대화에 끼어든다; 남미 핵심 리튬 권리를 잠그고 영입 협상을 되돌릴 마지막 만남을 얻는다,광구는 확보하지만 리사 수가 조직문화에 실망해 떠나려 하므로 관계·감정 체류가 길다.,광구는 확보하지만 리사 수가 조직문화에 실망해 떠나려 하므로 관계·감정 체류가 길다.,기존 점수·리본 유지; 원문 하드 경계와 인접 회차 대비 재확인
206,206화,L37236~L37418,PASS,PASS,PASS,5,5,9,9,7,7,0.18/0.18/0.32/0.17/0.15,0.18/0.18/0.32/0.17/0.15,천민정과의 기술 토론 뒤 마음을 바꾼 리사 수와 악수하고 한 달 후 태우전자 사장에 공식 임명하며 임원 교체 전권을 공표한다,리사 수 영입·취임과 천민정과의 장기 협업축을 확정한다,국민경제당이 세계 IT 거물들을 불러 총선 공개행사를 연다,천민정과의 기술 토론 뒤 마음을 바꾼 리사 수와 악수하고 한 달 후 태우전자 사장에 공식 임명하며 임원 교체 전권을 공표한다; 말이 통하지 않아도 AI·반도체 가능성을 알아본 리사 수가 자신이 태우를 매력적인 회사로 만들겠다고 답한다; 리사 수 영입·취임과 천민정과의 장기 협업축을 확정한다,천민정과의 기술 토론 뒤 마음을 바꾼 리사 수와 악수하고 한 달 후 태우전자 사장에 공식 임명하며 임원 교체 전권을 공표한다; 말이 통하지 않아도 AI·반도체 가능성을 알아본 리사 수가 자신이 태우를 매력적인 회사로 만들겠다고 답한다; 리사 수 영입·취임과 천민정과의 장기 협업축을 확정한다,천민정과의 밤샘 토론이 리사 수 취임으로 뒤집혀 관계 변화와 승진 보상이 봉우리를 만든다.,천민정과의 밤샘 토론이 리사 수 취임으로 뒤집혀 관계 변화와 승진 보상이 봉우리를 만든다.,기존 점수·리본 유지; 원문 하드 경계와 인접 회차 대비 재확인
207,207화,L37419~L37592,EDIT,EDIT,PASS,5,5,8,8,8,7,0.24/0.22/0.24/0.10/0.20,0.24/0.22/0.24/0.10/0.20,아마존·구글·애플 CEO가 참여한 경제 대담을 열어 최재석과 나란히 세우고 리사 수에게 퀄컴을 겨눌 팹리스 회사 설립과 투자 재량을 준다,국민경제당의 총선 동력과 독립 반도체 설계회사 창설 결정을 얻는다,리사 수가 민재를 대신해 태우전자의 방향을 실제로 책임지고 조직을 바꿀 수 있는가?,아마존·구글·애플 CEO가 참여한 경제 대담을 열어 최재석과 나란히 세우고 리사 수에게 퀄컴을 겨눌 팹리스 회사 설립과 투자 재량을 준다; 해외 거물들의 등장이 조간신문 1면을 차지하며 부산 데이터센터를 유치한 최재석의 실적까지 함께 부각된다; 국민경제당의 총선 동력과 독립 반도체 설계회사 창설 결정을 얻는다,아마존·구글·애플 CEO가 참여한 경제 대담을 열어 최재석과 나란히 세우고 리사 수에게 퀄컴을 겨눌 팹리스 회사 설립과 투자 재량을 준다; 해외 거물들의 등장이 조간신문 1면을 차지하며 부산 데이터센터를 유치한 최재석의 실적까지 함께 부각된다; 국민경제당의 총선 동력과 독립 반도체 설계회사 창설 결정을 얻는다,글로벌 CEO들이 최재석을 세우고 팹리스 전권을 승인해 관계와 사업 지위가 함께 전진한다.,글로벌 CEO들이 최재석을 세우고 팹리스 전권을 승인해 관계와 사업 지위가 함께 전진한다.,훅은 마지막 프레임의 열린 질문만 세어 8→7 판정
208,208화,L37593~L37765,EDIT,PASS,PASS,7,7,5,5,8,8,0.25/0.30/0.16/0.14/0.15,0.25/0.30/0.16/0.14/0.15,출구조사 방송을 지켜보며 천민정이 영어 영화 음성을 곧바로 한글 자막으로 바꾸는 딥러닝 기능을 시연하고 지역별 개표를 추적한다,실시간 음성 번역의 실용 가능성과 국민경제당이 교섭력을 얻을 개표 추세를 확인한다,전국 모든 권역에서 의석을 얻은 국민경제당의 최종 의석수와 교섭력은 어디까지 커질 것인가?,출구조사 방송을 지켜보며 천민정이 영어 영화 음성을 곧바로 한글 자막으로 바꾸는 딥러닝 기능을 시연하고 지역별 개표를 추적한다; 예상 20석대에서 개표가 진행될수록 당선자가 늘어 전국 모든 권역에 의석을 내는 흐름이 나타난다; 실시간 음성 번역의 실용 가능성과 국민경제당이 교섭력을 얻을 개표 추세를 확인한다,출구조사 방송을 지켜보며 천민정이 영어 영화 음성을 곧바로 한글 자막으로 바꾸는 딥러닝 기능을 시연하고 지역별 개표를 추적한다; 예상 20석대에서 개표가 진행될수록 당선자가 늘어 전국 모든 권역에 의석을 내는 흐름이 나타난다; 실시간 음성 번역의 실용 가능성과 국민경제당이 교섭력을 얻을 개표 추세를 확인한다,출구조사와 실시간 개표가 엇갈리는 관찰·반응 장면이라 정보와 진행 행동이 앞선다.,출구조사와 실시간 개표가 엇갈리는 관찰·반응 장면이라 정보와 진행 행동이 앞선다.,기존 점수·리본 유지; 원문 하드 경계와 인접 회차 대비 재확인
209,209화,L37766~L37935,EDIT,EDIT,PASS,6,6,9,9,7,6,0.24/0.16/0.20/0.12/0.28,0.24/0.16/0.20/0.12/0.28,비밀리에 최재석을 만나 회유에도 중심을 지키겠다는 약속을 받고 천민정에게 번역 논문 2만 건과 영화·드라마·소설·만화를 학습시킨 뒤 음성인식 추가를 지시한다,국민경제당의 독자 교섭력과 논문 중심의 대규모 AI 학습 진전을 얻는다,리사 수와 천민정 두 천재의 매일 회의가 어떤 돈 되는 아이디어를 더 만들어낼 것인가?,비밀리에 최재석을 만나 회유에도 중심을 지키겠다는 약속을 받고 천민정에게 번역 논문 2만 건과 영화·드라마·소설·만화를 학습시킨 뒤 음성인식 추가를 지시한다; 여당 123석·야당 112석·국민경제당 38석이라는 숫자가 최재석의 중립만으로 정국이 움직이는 구조를 만든다; 국민경제당의 독자 교섭력과 논문 중심의 대규모 AI 학습 진전을 얻는다,비밀리에 최재석을 만나 회유에도 중심을 지키겠다는 약속을 받고 천민정에게 번역 논문 2만 건과 영화·드라마·소설·만화를 학습시킨 뒤 음성인식 추가를 지시한다; 여당 123석·야당 112석·국민경제당 38석이라는 숫자가 최재석의 중립만으로 정국이 움직이는 구조를 만든다; 국민경제당의 독자 교섭력과 논문 중심의 대규모 AI 학습 진전을 얻는다,38석 캐스팅보트와 AI 학습자산 2만 편이 확정되어 지위·자산 지급이 가장 크다.,38석 캐스팅보트와 AI 학습자산 2만 편이 확정되어 지위·자산 지급이 가장 크다.,훅은 마지막 프레임의 열린 질문만 세어 7→6 판정
210,210화,L37936~L38099,EDIT,EDIT,PASS,6,6,6,6,8,7,0.34/0.16/0.15/0.10/0.25,0.34/0.16/0.15/0.10/0.25,10년간 10조 원 인도 투자안을 준비하는 한편 다이먼에게 NINA 대출과 저신용 주택담보 사례를 조사하게 한다,인도 공장·IIT 거래를 추진할 투자안과 미국 주택시장 붕괴의 현장 증거를 얻는다,명의만 있으면 대출하는 미국 주택시장 붕괴에 어떤 방식으로 대비하고 역베팅할 것인가?,10년간 10조 원 인도 투자안을 준비하는 한편 다이먼에게 NINA 대출과 저신용 주택담보 사례를 조사하게 한다; 소득·재산을 보지 않고 개 이름으로도 대출받는 사례가 확인되어 기억 속 붕괴가 이미 시작됐음을 입증한다; 인도 공장·IIT 거래를 추진할 투자안과 미국 주택시장 붕괴의 현장 증거를 얻는다,10년간 10조 원 인도 투자안을 준비하는 한편 다이먼에게 NINA 대출과 저신용 주택담보 사례를 조사하게 한다; 소득·재산을 보지 않고 개 이름으로도 대출받는 사례가 확인되어 기억 속 붕괴가 이미 시작됐음을 입증한다; 인도 공장·IIT 거래를 추진할 투자안과 미국 주택시장 붕괴의 현장 증거를 얻는다,인도 투자안과 NINA 대출 광기를 읽고 붕괴 보험을 고르는 회차라 정보·금융자산 중심이다.,인도 투자안을 검토하다 NINA의 대출광기를 읽고 붕괴에 대비한 보험을 고른다. 성장시장 낙관을 곧바로 부실채권 위험으로 뒤집어 투자보다 방어설계에 힘을 준다.,훅은 마지막 프레임의 열린 질문만 세어 8→7 판정; L37936~L38099 수동 재독; 범용 중심·비중 문구를 장면 리듬으로 교체; L37936~L38099 수동 재독; 범용 중심·비중 문구를 장면 리듬으로 교체; L37936~L38099 수동 재독; 범용 중심·비중 문구를 장면 리듬으로 교체; L37936~L38099 수동 재독; 범용 중심·비중 문구를 장면 리듬으로 교체; L37936~L38099 수동 재독; 범용 중심·비중 문구를 장면 리듬으로 교체; L37936~L38099 수동 재독; 범용 중심·비중 문구를 장면 리듬으로 교체; L37936~L38099 수동 재독; 범용 중심·비중 문구를 장면 리듬으로 교체; L37936~L38099 수동 재독; 범용 중심·비중 문구를 장면 리듬으로 교체; L37936~L38099 수동 재독; 범용 중심·비중 문구를 장면 리듬으로 교체; L37936~L38099 수동 재독; 범용 중심·비중 문구를 장면 리듬으로 교체; L37936~L38099 수동 재독; 범용 중심·비중 문구를 장면 리듬으로 교체
211,211화,L38100~L38260,PASS,EDIT,PASS,6,6,5,5,7,6,0.33/0.17/0.22/0.10/0.18,0.33/0.17/0.22/0.10/0.18,다이먼에게 하락 보험과 파생상품을 소액부터 누적하고 보험금 지급 불능 때 현금 대신 금융회사 지분을 받는 계약을 준비시킨다,서브프라임 붕괴를 수익·은행 인수로 연결할 계약 원칙을 확정한다,최재석이 IIT 한국 캠퍼스의 국내 반발을 받아들일지 설득해야 한다,다이먼에게 하락 보험과 파생상품을 소액부터 누적하고 보험금 지급 불능 때 현금 대신 금융회사 지분을 받는 계약을 준비시킨다; 민재는 위기 때 현금보다 헐값의 은행 소유권을 받으면 손실이 더 큰 지배력으로 돌아온다고 계산한다; 서브프라임 붕괴를 수익·은행 인수로 연결할 계약 원칙을 확정한다,다이먼에게 하락 보험과 파생상품을 소액부터 누적하고 보험금 지급 불능 때 현금 대신 금융회사 지분을 받는 계약을 준비시킨다; 민재는 위기 때 현금보다 헐값의 은행 소유권을 받으면 손실이 더 큰 지배력으로 돌아온다고 계산한다; 서브프라임 붕괴를 수익·은행 인수로 연결할 계약 원칙을 확정한다,보험 구조를 설계한 뒤 최재석에게 IIT를 제안해 설명과 협상 관계에 독자 시선이 머문다.,보험 구조를 설계한 뒤 최재석에게 IIT를 제안해 설명과 협상 관계에 독자 시선이 머문다.,훅은 마지막 프레임의 열린 질문만 세어 7→6 판정
212,212화,L38261~L38406,EDIT,EDIT,PASS,5,5,8,7,6,7,0.27/0.19/0.25/0.10/0.19,0.27/0.19/0.25/0.10/0.19,"IIT 한국 캠퍼스의 한국인 20퍼센트·태우 공채 20퍼센트 확대·빅테크 연구소 유치를 설명해 최재석의 지지를 얻고, 태우자동차의 전기차 투자와 테슬라 경쟁 구도를 점검한다.",최재석의 IIT 지지와 태우자동차의 전기차 방향을 확인한다.,작은 테슬라도 태우자동차와 전기차 선두 경쟁을 벌일 수 있는가?,입학생 20%를 한국인으로 뽑고 태우 공채를 20% 늘리며 애플·구글·아마존 연구소를 유치하겠다고 설명한 뒤 행정기관 이전 절충안을 제안한다; 경제·고용 명분에 최재석이 IIT 필요성을 인정하고 수도 대신 행정기관만 옮기는 타협 가능성을 검토한다; 최재석 개인의 IIT 지지와 여야 협상에 들어갈 정책 명분을 얻는다,"IIT 한국 캠퍼스의 한국인 20퍼센트·태우 공채 20퍼센트 확대·빅테크 연구소 유치를 설명해 최재석의 지지를 얻고, 태우자동차의 전기차 투자와 테슬라 경쟁 구도를 점검한다; 고용·연구 명분으로 IIT의 정치 경로가 열리고, 전기차에 본격 투자한 대형 완성차가 거의 없어 작은 테슬라가 태우의 선두 경쟁자로 드러난다; 최재석의 IIT 지지와 태우자동차의 전기차 방향을 확인한다",한국인 20%·전원취업·행정분산 조건으로 최재석의 동의를 얻는 정책 협상이 중심이다.,"IIT 한국 캠퍼스의 한국인 20퍼센트, 태우 공채 20퍼센트 확대와 빅테크 연구소 유치를 설명해 최재석의 지지를 얻는다. 곧이어 태우자동차의 전기차 투자를 점검하고 작은 테슬라까지 경쟁자로 세우면서 교육정책 회차를 산업 경주로 닫는다.","보상은 실제 지급만 세어 8→7 판정; 훅은 마지막 프레임의 열린 질문만 세어 6→7 판정; L38261~L38406 수동 재독; 점수·리본 유지, 기계적 note만 장면별 편집문으로 교체; L38261~L38406 수동 재독; 기계적 note를 장면별 편집문으로 교체; L38261~L38406 수동 재독; 기계적 note를 장면별 편집문으로 교체; L38261~L38406 수동 재독; 기계적 note를 장면별 편집문으로 교체; L38261~L38406 수동 재독; 기계적 note를 장면별 편집문으로 교체; L38261~L38406 수동 재독; 기계적 note를 장면별 편집문으로 교체; L38261~L38406 수동 재독; 기계적 note를 장면별 편집문으로 교체; L38261~L38406 수동 재독; 기계적 note를 장면별 편집문으로 교체; L38261~L38406 수동 재독; 기계적 note를 장면별 편집문으로 교체; L38261~L38406 수동 재독; 기계적 note를 장면별 편집문으로 교체; L38261~L38406 수동 재독; 기계적 note를 장면별 편집문으로 교체; L38261~L38406 수동 재독; 기계적 note를 장면별 편집문으로 교체; L38261~L38406 수동 재독; 기계적 note를 장면별 편집문으로 교체"
213,213화,L38407~L38579,EDIT,EDIT,PASS,5,5,8,7,6,7,0.25/0.21/0.18/0.10/0.26,0.25/0.21/0.18/0.10/0.26,양당 모두 국민경제당의 중립을 원한다는 점을 이용해 IIT 지원 약속을 받아내고 세이브의 테슬라 추가 투자와 천민정·엔지니어 50명 자율주행팀을 승인한다,IIT 법안 발의 약속과 한국 자율주행 연구조직을 확보한다,50~60명 자율주행팀이 실시간 정밀지도 병목을 어떤 외부 기술로 풀 것인가?,양당 모두 국민경제당의 중립을 원한다는 점을 이용해 IIT 지원 약속을 받아내고 세이브의 테슬라 추가 투자와 천민정·엔지니어 50명 자율주행팀을 승인한다; 최재석이 중립 조건만으로 양쪽의 협조를 얻었다고 보고하고 천민정은 실시간 정밀 지도가 핵심 병목이라고 짚는다; IIT 법안 발의 약속과 한국 자율주행 연구조직을 확보한다,양당 모두 국민경제당의 중립을 원한다는 점을 이용해 IIT 지원 약속을 받아내고 세이브의 테슬라 추가 투자와 천민정·엔지니어 50명 자율주행팀을 승인한다; 최재석이 중립 조건만으로 양쪽의 협조를 얻었다고 보고하고 천민정은 실시간 정밀 지도가 핵심 병목이라고 짚는다; IIT 법안 발의 약속과 한국 자율주행 연구조직을 확보한다,테슬라 지분과 50명 자율주행팀이 실물 능력으로 붙어 기술정보와 자산 비중이 높다.,테슬라 지분과 50명 자율주행팀이 보고서상의 가능성이 아니라 실제 사람·주식으로 붙는다. 작은 전기차 회사를 미래 경쟁자로 본 판단이 손에 잡히는 연구자산을 얻는다.,보상은 실제 지급만 세어 8→7 판정; 훅은 마지막 프레임의 열린 질문만 세어 6→7 판정; L38407~L38579 수동 재독; 범용 중심·비중 문구를 장면 리듬으로 교체; L38407~L38579 수동 재독; 범용 중심·비중 문구를 장면 리듬으로 교체; L38407~L38579 수동 재독; 범용 중심·비중 문구를 장면 리듬으로 교체; L38407~L38579 수동 재독; 범용 중심·비중 문구를 장면 리듬으로 교체; L38407~L38579 수동 재독; 범용 중심·비중 문구를 장면 리듬으로 교체; L38407~L38579 수동 재독; 범용 중심·비중 문구를 장면 리듬으로 교체; L38407~L38579 수동 재독; 범용 중심·비중 문구를 장면 리듬으로 교체; L38407~L38579 수동 재독; 범용 중심·비중 문구를 장면 리듬으로 교체; L38407~L38579 수동 재독; 범용 중심·비중 문구를 장면 리듬으로 교체; L38407~L38579 수동 재독; 범용 중심·비중 문구를 장면 리듬으로 교체; L38407~L38579 수동 재독; 범용 중심·비중 문구를 장면 리듬으로 교체
214,214화,L38580~L38749,PASS,PASS,PASS,6,6,4,4,7,7,0.24/0.23/0.27/0.13/0.13,0.24/0.23/0.27/0.13/0.13,현재자동차 장경준에게 태우가 외국 자본을 캐피탈 시장에 끌어오지 않겠다고 약속하고 그 대가로 씽크윈 박태수와 자리를 마련받아 회사 인수를 제안한다,현재자동차와 불필요한 출혈전을 피하고 씽크윈의 기술·데이터를 직접 논의할 자리를 얻는다,회사 인수 없이 기술과 데이터를 얻고도 씽크윈이 살아남을 조건을 찾아야 한다,현재자동차 장경준에게 태우가 외국 자본을 캐피탈 시장에 끌어오지 않겠다고 약속하고 그 대가로 씽크윈 박태수와 자리를 마련받아 회사 인수를 제안한다; 현재자동차가 당장 두려워하는 삼진·GM·GE 금융전쟁이 내비게이션 지분 욕심보다 강한 협상 카드가 된다; 현재자동차와 불필요한 출혈전을 피하고 씽크윈의 기술·데이터를 직접 논의할 자리를 얻는다,현재자동차 장경준에게 태우가 외국 자본을 캐피탈 시장에 끌어오지 않겠다고 약속하고 그 대가로 씽크윈 박태수와 자리를 마련받아 회사 인수를 제안한다; 현재자동차가 당장 두려워하는 삼진·GM·GE 금융전쟁이 내비게이션 지분 욕심보다 강한 협상 카드가 된다; 현재자동차와 불필요한 출혈전을 피하고 씽크윈의 기술·데이터를 직접 논의할 자리를 얻는다,현대와의 거래 뒤 씽크윈 창업자가 현금 인수를 거절해 협상 관계와 저항이 앞선다.,현대와의 거래 뒤 씽크윈 창업자가 현금 인수를 거절해 협상 관계와 저항이 앞선다.,기존 점수·리본 유지; 원문 하드 경계와 인접 회차 대비 재확인
215,215화,L38750~L38905,PASS,EDIT,PASS,4,4,7,7,8,7,0.24/0.20/0.22/0.11/0.23,0.24/0.20/0.22/0.11/0.23,태우·카이자동차 1차 협력사와 선택 옵션 등록을 제안해 씽크윈의 모든 기술·데이터 공유권을 받고 천민정과 초기 모바일 내비 기능을 정한다,씽크윈 기술·데이터 독점 사용권과 무료 배포할 모바일 내비 개발 방침을 확보한다,김태중이 태우 위상에 맞는 강남 신사옥을 갖고 싶다는 새 약속을 꺼낸다,태우·카이자동차 1차 협력사와 선택 옵션 등록을 제안해 씽크윈의 모든 기술·데이터 공유권을 받고 천민정과 초기 모바일 내비 기능을 정한다; 판매 보장과 차량용 시장 불진출 약속이 500억 원 인수안보다 양쪽에 유리한 교환으로 성립한다; 씽크윈 기술·데이터 독점 사용권과 무료 배포할 모바일 내비 개발 방침을 확보한다,태우·카이자동차 1차 협력사와 선택 옵션 등록을 제안해 씽크윈의 모든 기술·데이터 공유권을 받고 천민정과 초기 모바일 내비 기능을 정한다; 판매 보장과 차량용 시장 불진출 약속이 500억 원 인수안보다 양쪽에 유리한 교환으로 성립한다; 씽크윈 기술·데이터 독점 사용권과 무료 배포할 모바일 내비 개발 방침을 확보한다,씽크윈의 기술·데이터 독점 사용권과 태우·카이 우선 공급 조건을 교환하고 천민정에게 한 달 안의 무료 앱 개발·배포를 지시한 뒤 김태중의 신사옥 욕심이 새 훅을 연다.,씽크윈의 기술·데이터 독점 사용권과 태우·카이 우선 공급 조건을 교환하고 천민정에게 한 달 안의 무료 앱 개발·배포를 지시한 뒤 김태중의 신사옥 욕심이 새 훅을 연다.,훅은 마지막 프레임의 열린 질문만 세어 8→7 판정
216,216화,L38906~L39051,PASS,PASS,PASS,5,5,5,5,7,7,0.22/0.22/0.26/0.12/0.18,0.22/0.22/0.26/0.12/0.18,김태중의 소개로 진호균을 만나 아노르 명품 입점·1조5천억 원·한일 샤롯 지분을 제시하고 후계 안정 지원까지 거래 카드로 꺼낸다,진호균이 재협상 여지를 남기고 샤롯 부지와 한전 부지라는 두 후보를 동시에 노릴 길이 열린다,샤롯 장남·차남 중 누구와 손잡을지 판단해야 한다,김태중의 소개로 진호균을 만나 아노르 명품 입점·1조5천억 원·한일 샤롯 지분을 제시하고 후계 안정 지원까지 거래 카드로 꺼낸다; 현금 거래가 막히자 샤롯 두 아들의 후계 경쟁과 태우 보유 지분이 부지보다 강한 지렛대가 된다; 진호균이 재협상 여지를 남기고 샤롯 부지와 한전 부지라는 두 후보를 동시에 노릴 길이 열린다,김태중의 소개로 진호균을 만나 아노르 명품 입점·1조5천억 원·한일 샤롯 지분을 제시하고 후계 안정 지원까지 거래 카드로 꺼낸다; 현금 거래가 막히자 샤롯 두 아들의 후계 경쟁과 태우 보유 지분이 부지보다 강한 지렛대가 된다; 진호균이 재협상 여지를 남기고 샤롯 부지와 한전 부지라는 두 후보를 동시에 노릴 길이 열린다,김태중의 꿈을 받고 샤롯 부지·명품·지분을 제안하는 가족 동기와 협상이 중심이다.,김태중의 신사옥 꿈을 이어받아 샤롯 부지·명품·지분 조건을 제시한다. 가족의 미완성 약속이 부동산과 브랜드 협상으로 바뀌어 감정과 거래가 함께 움직인다.,기존 점수·리본 유지; 원문 하드 경계와 인접 회차 대비 재확인; L38906~L39051 수동 재독; 범용 중심·비중 문구를 장면 리듬으로 교체; L38906~L39051 수동 재독; 범용 중심·비중 문구를 장면 리듬으로 교체; L38906~L39051 수동 재독; 범용 중심·비중 문구를 장면 리듬으로 교체; L38906~L39051 수동 재독; 범용 중심·비중 문구를 장면 리듬으로 교체; L38906~L39051 수동 재독; 범용 중심·비중 문구를 장면 리듬으로 교체; L38906~L39051 수동 재독; 범용 중심·비중 문구를 장면 리듬으로 교체; L38906~L39051 수동 재독; 범용 중심·비중 문구를 장면 리듬으로 교체; L38906~L39051 수동 재독; 범용 중심·비중 문구를 장면 리듬으로 교체; L38906~L39051 수동 재독; 범용 중심·비중 문구를 장면 리듬으로 교체; L38906~L39051 수동 재독; 범용 중심·비중 문구를 장면 리듬으로 교체; L38906~L39051 수동 재독; 범용 중심·비중 문구를 장면 리듬으로 교체
217,217화,L39052~L39226,PASS,EDIT,PASS,5,5,6,6,7,6,0.21/0.20/0.31/0.14/0.14,0.21/0.20/0.31/0.14/0.14,차남 진동구와 장남 진동오를 차례로 만나 같은 부지·후계 질문을 던지고 각자의 한국 애착·경영 능력·야욕과 제안 태도를 비교한다,두 형제의 성향과 한전 부지를 차선책으로 쓸 판단 기준을 얻는다,진호균의 실제 후계 선택과 부지 가계약은 아직 확인되지 않았다,차남 진동구와 장남 진동오를 차례로 만나 같은 부지·후계 질문을 던지고 각자의 한국 애착·경영 능력·야욕과 제안 태도를 비교한다; 김태중은 쉬운 장남보다 경영 능력과 한국 애착이 있는 차남이 장기적으로 경제에도 낫다고 조언한다; 두 형제의 성향과 한전 부지를 차선책으로 쓸 판단 기준을 얻는다,차남 진동구와 장남 진동오를 차례로 만나 같은 부지·후계 질문을 던지고 각자의 한국 애착·경영 능력·야욕과 제안 태도를 비교한다; 김태중은 쉬운 장남보다 경영 능력과 한국 애착이 있는 차남이 장기적으로 경제에도 낫다고 조언한다; 두 형제의 성향과 한전 부지를 차선책으로 쓸 판단 기준을 얻는다,샤롯 두 아들을 비교하고 조부의 판단으로 차남을 고르는 관계·승계 장면에 무게가 실린다.,샤롯 두 아들을 비교하고 조부의 판단으로 차남을 고르는 관계·승계 장면에 무게가 실린다.,훅은 마지막 프레임의 열린 질문만 세어 7→6 판정
218,218화,L39227~L39401,PASS,EDIT,PASS,5,5,7,7,7,6,0.30/0.19/0.18/0.08/0.25,0.30/0.19/0.18/0.08/0.25,러시아 로만에게 극동 유전·가스전의 한러 공동개발을 제안해 5000억 달러 규모 사업을 만들고 귀국해 진호균과 아노르·중국 지원 조건의 가계약을 맺는다,한러 에너지 협력안과 샤롯 부지 가계약·후계 대상 진동구를 확보한다,진동구에게 명품·중국 실적을 만들어 주고 러시아 대표단을 한국으로 불러야 한다,러시아 로만에게 극동 유전·가스전의 한러 공동개발을 제안해 5000억 달러 규모 사업을 만들고 귀국해 진호균과 아노르·중국 지원 조건의 가계약을 맺는다; 진호균이 둘째 진동구를 후계자로 직접 지목하며 태우가 실적을 만들어 주면 땅을 넘기겠다고 한다; 한러 에너지 협력안과 샤롯 부지 가계약·후계 대상 진동구를 확보한다,러시아 로만에게 극동 유전·가스전의 한러 공동개발을 제안해 5000억 달러 규모 사업을 만들고 귀국해 진호균과 아노르·중국 지원 조건의 가계약을 맺는다; 진호균이 둘째 진동구를 후계자로 직접 지목하며 태우가 실적을 만들어 주면 땅을 넘기겠다고 한다; 한러 에너지 협력안과 샤롯 부지 가계약·후계 대상 진동구를 확보한다,600조 원 한러 에너지안을 한전 부지와 묶어 규모·정책 정보와 자산 구상이 크다.,600조 원 한러 에너지안을 한전 부지와 묶어 규모·정책 정보와 자산 구상이 크다.,훅은 마지막 프레임의 열린 질문만 세어 7→6 판정
219,219화,L39402~L39582,PASS,EDIT,PASS,5,5,7,7,7,8,0.22/0.20/0.29/0.10/0.19,0.22/0.20/0.29/0.10/0.19,델핀을 설득해 아노르 계열 다섯 브랜드를 샤롯면세점에 입점시키고 중국 사업 인맥을 붙인 뒤 러시아 국영 에너지 기업 대표들을 맞는다,진동구 후계 지지와 샤롯 부지 본계약에 필요한 첫 성과를 지급한다,김태중과 러시아 대표단이 600조 사업의 한국 거점으로 한전 부지를 요구한다,델핀을 설득해 아노르 계열 다섯 브랜드를 샤롯면세점에 입점시키고 중국 사업 인맥을 붙인 뒤 러시아 국영 에너지 기업 대표들을 맞는다; 명품 입점과 중국 지원이 진동구의 실적으로 잡히면서 태우가 가계약 조건을 실제로 이행하기 시작한다; 진동구 후계 지지와 샤롯 부지 본계약에 필요한 첫 성과를 지급한다,델핀을 설득해 아노르 계열 다섯 브랜드를 샤롯면세점에 입점시키고 중국 사업 인맥을 붙인 뒤 러시아 국영 에너지 기업 대표들을 맞는다; 명품 입점과 중국 지원이 진동구의 실적으로 잡히면서 태우가 가계약 조건을 실제로 이행하기 시작한다; 진동구 후계 지지와 샤롯 부지 본계약에 필요한 첫 성과를 지급한다,명품 입점·중국 인맥을 차남의 부지 약속과 바꾸므로 관계 협상과 거래 지급이 앞선다.,명품 입점·중국 인맥을 차남의 부지 약속과 바꾸므로 관계 협상과 거래 지급이 앞선다.,훅은 마지막 프레임의 열린 질문만 세어 7→8 판정
220,220화,L39583~L39737,PASS,PASS,PASS,6,6,6,6,7,7,0.27/0.24/0.22/0.11/0.16,0.27/0.24/0.22/0.11/0.16,김태중이 산업부·한전 앞에서 러시아 측 요구를 밀어붙인 뒤 결렬 가능성을 연기하고 민재는 최재석에게 행정부처와 함께 공기업도 지역으로 옮기자고 제안한다,정부·한전의 큰 틀 합의와 최재석이 공기업 이전 명분에 공감하는 현재 단계까지 나아간다,최재석이 한전 이전을 여야 모두가 받을 법안으로 만들 수 있을지 남는다,김태중이 산업부·한전 앞에서 러시아 측 요구를 밀어붙인 뒤 결렬 가능성을 연기하고 민재는 최재석에게 행정부처와 함께 공기업도 지역으로 옮기자고 제안한다; 러시아의 조급한 요구와 김태중의 퇴장 연기가 사업 좌초 책임을 한전에 떠넘기는 압박으로 작동한다; 정부·한전의 큰 틀 합의와 최재석이 공기업 이전 명분에 공감하는 현재 단계까지 나아간다,김태중이 산업부·한전 앞에서 러시아 측 요구를 밀어붙인 뒤 결렬 가능성을 연기하고 민재는 최재석에게 행정부처와 함께 공기업도 지역으로 옮기자고 제안한다; 러시아의 조급한 요구와 김태중의 퇴장 연기가 사업 좌초 책임을 한전에 떠넘기는 압박으로 작동한다; 정부·한전의 큰 틀 합의와 최재석이 공기업 이전 명분에 공감하는 현재 단계까지 나아간다,김태중의 강경 연기와 최재석의 캐스팅보트가 한전 이전을 정책 의제로 밀어 올린다.,김태중의 강경 연기와 최재석의 캐스팅보트가 한전 이전을 정책 의제로 밀어 올린다.,기존 점수·리본 유지; 원문 하드 경계와 인접 회차 대비 재확인
221,221화,L39738~L39888,PASS,PASS,PASS,6,6,7,7,8,8,0.23/0.22/0.21/0.10/0.24,0.23/0.22/0.21/0.10/0.24,지방 직원·적자·성과급 여론전으로 본사를 압박하는 한편 천민정의 실시간 교통·음성·유가 기능을 검수해 태우맵을 무료 출시한다,한전 이전의 여야 합의와 실제 작동하는 무료 태우맵·첫 대중 이용자를 얻는다,콜 업체와 택시노조를 장악한 서울 지부장의 카르텔을 어떻게 약화시킬 것인가?,지방 직원·적자·성과급 여론전으로 본사를 압박하는 한편 천민정의 실시간 교통·음성·유가 기능을 검수해 태우맵을 무료 출시한다; 출시 보름 만에 하루 이용자 10만 명을 넘지만 서울 택시회사들이 차봉훈의 압력으로 데이터 계약을 동시에 취소한다; 한전 이전의 여야 합의와 실제 작동하는 무료 태우맵·첫 대중 이용자를 얻는다,지방 직원·적자·성과급 여론전으로 본사를 압박하는 한편 천민정의 실시간 교통·음성·유가 기능을 검수해 태우맵을 무료 출시한다; 출시 보름 만에 하루 이용자 10만 명을 넘지만 서울 택시회사들이 한꺼번에 데이터 계약을 취소하고 콜 업체를 장악한 서울 지부장의 압력이 드러난다; 한전 이전의 여야 합의와 실제 작동하는 무료 태우맵·첫 대중 이용자를 얻는다,한전 이전·태우맵 10만 명은 지급되지만 차봉훈의 데이터 거부가 새 상대를 세운다.,"한전 이전을 둘러싼 여론전 뒤 천민정이 만든 태우맵을 무료로 출시하고 보름 만의 이용자 증가를 확인한다. 마지막에는 서울 택시회사들의 데이터 계약이 동시에 끊기며 호출망을 장악한 지부장의 압력이 드러나지만, 그 사람의 이름과 직접 대결은 다음 화로 남는다.","기존 점수·리본 유지; 원문 하드 경계와 인접 회차 대비 재확인; L39738~L39888 수동 재독; 회차 필드 경계 교정, 표본 note를 현재 화 표면으로 교정; L39738~L39888 수동 재독; 회차 필드 경계 교정, 표본 note를 현재 화 표면으로 교정; L39738~L39888 수동 재독; 회차 필드 경계 교정, 표본 note를 현재 화 표면으로 교정; L39738~L39888 수동 재독; 회차 필드 경계 교정, 표본 note를 현재 화 표면으로 교정; L39738~L39888 수동 재독; 회차 필드 경계 교정, 표본 note를 현재 화 표면으로 교정; L39738~L39888 수동 재독; 회차 필드 경계 교정, 표본 note를 현재 화 표면으로 교정; L39738~L39888 수동 재독; 회차 필드 경계 교정, 표본 note를 현재 화 표면으로 교정; L39738~L39888 수동 재독; 회차 필드 경계 교정, 표본 note를 현재 화 표면으로 교정; L39738~L39888 수동 재독; 회차 필드 경계 교정, 표본 note를 현재 화 표면으로 교정; L39738~L39888 수동 재독; 회차 필드 경계 교정, 표본 note를 현재 화 표면으로 교정"
222,222화,L39889~L40044,PASS,PASS,PASS,6,6,5,5,7,7,0.24/0.29/0.19/0.09/0.19,0.24/0.29/0.19/0.09/0.19,강 대위에게 차봉훈의 횡령·상납 구조를 조사시키고 강인식의 강인운수를 거점으로 코코아택시 앱과 차량 단말기 개발을 시작한다,강인운수·코코아톡·태우맵을 묶은 카르텔 대체망의 제작에 들어간다,차봉훈이 알아채기 전에 앱·단말기와 비리 증거를 모두 완성해야 한다,강 대위에게 차봉훈의 횡령·상납 구조를 조사시키고 강인식의 강인운수를 거점으로 코코아택시 앱과 차량 단말기 개발을 시작한다; 데이터를 돈 주고 사려던 문제가 콜 업체 없이 승객이 기사에게 직접 요청하는 플랫폼 설계로 뒤집힌다; 강인운수·코코아톡·태우맵을 묶은 카르텔 대체망의 제작에 들어간다,강 대위에게 차봉훈의 횡령·상납 구조를 조사시키고 강인식의 강인운수를 거점으로 코코아택시 앱과 차량 단말기 개발을 시작한다; 데이터를 돈 주고 사려던 문제가 콜 업체 없이 승객이 기사에게 직접 요청하는 플랫폼 설계로 뒤집힌다; 강인운수·코코아톡·태우맵을 묶은 카르텔 대체망의 제작에 들어간다,횡령 조사와 택시회사·앱·단말 동시 구축으로 대체망을 만드는 행동이 주 리본이다.,횡령 조사를 진행하면서 택시회사·호출앱·단말기를 동시에 구축한다. 기존 호출망의 방해를 설명하는 데 머물지 않고 대체망을 실제로 깔아 다음 충돌의 기반을 만든다.,기존 점수·리본 유지; 원문 하드 경계와 인접 회차 대비 재확인; L39889~L40044 수동 재독; 편집 메타어를 실제 장면·숫자·사람 반응으로 교체; L39889~L40044 수동 재독; 편집 메타어를 실제 장면·숫자·사람 반응으로 교체
223,223화,L40045~L40202,PASS,EDIT,PASS,7,7,6,6,8,9,0.21/0.32/0.18/0.09/0.20,0.21/0.32/0.18/0.09/0.20,경찰·검찰·국세청에 차봉훈 자료를 동시에 넘기고 새 택시 호출 앱·단말기를 완성해 무료 가맹 신청을 개인기사와 중소회사에 퍼뜨린다.,카르텔 우두머리를 칠 증거와 수수료 0% 호출망의 출시 준비를 확보한다,차봉훈이 주도한 닷새 총파업이 새 택시 호출 서비스의 첫 실전이 된다.,경찰·검찰·국세청에 자료를 동시에 넘기고 코코아택시 앱·단말기를 완성해 무료 가맹 신청을 개인기사와 중소회사에 퍼뜨린다; 수사기관이 차봉훈을 터는 시점에 앱 개발이 예상보다 빨리 끝나 공격 일정을 앞당길 수 있게 된다; 카르텔 우두머리를 칠 증거와 수수료 0% 호출망의 출시 준비를 확보한다,경찰·검찰·국세청에 차봉훈 자료를 동시에 넘기고 새 택시 호출 앱·단말기를 완성해 무료 가맹 신청을 개인기사와 중소회사에 퍼뜨린다; 수사기관이 차봉훈을 터는 시점에 앱 개발이 예상보다 빨리 끝나 공격 일정을 앞당길 수 있게 된다; 카르텔 우두머리를 칠 증거와 수수료 0% 호출망의 출시 준비를 확보한다,무료 단말 보급과 수사기관 제보에 조폭 반격이 붙어 실행과 긴장이 빠르게 오른다.,무료 단말 보급과 수사기관 제보에 조폭 반격이 붙어 실행과 긴장이 빠르게 오른다.,훅은 마지막 프레임의 열린 질문만 세어 8→9 판정; L40045~L40202 수동 재독; 회차 필드 경계 교정; L40045~L40202 수동 재독; 회차 필드 경계 교정; L40045~L40202 수동 재독; 회차 필드 경계 교정; L40045~L40202 수동 재독; 회차 필드 경계 교정; L40045~L40202 수동 재독; 회차 필드 경계 교정; L40045~L40202 수동 재독; 회차 필드 경계 교정; L40045~L40202 수동 재독; 회차 필드 경계 교정; L40045~L40202 수동 재독; 회차 필드 경계 교정; L40045~L40202 수동 재독; 회차 필드 경계 교정; L40045~L40202 수동 재독; 회차 필드 경계 교정
224,224화,L40203~L40382,PASS,EDIT,PASS,8,8,8,8,8,7,0.16/0.38/0.15/0.13/0.18,0.16/0.38/0.15/0.13/0.18,기본요금 할인과 무료 배차를 내걸고 개인기사·중소업체에 호출을 몰아 파업 불참자의 일매출을 폭증시킨다,승객 이동과 기사 고매출을 동시에 만들고 차봉훈 구속까지 끌어낸다,구속된 차봉훈을 버리고 중소 택시회사들이 어느 편에 설지 남는다,기본요금 할인과 무료 배차를 내걸고 개인기사·중소업체에 호출을 몰아 파업 불참자의 일매출을 폭증시킨다; 승객이 앱으로 바로 택시를 부르면서 콜 업체 봉쇄가 무력화되고 작은 회사들이 카르텔을 이탈한다; 승객 이동과 기사 고매출을 동시에 만들고 차봉훈 구속까지 끌어낸다,기본요금 할인과 무료 배차를 내걸고 개인기사·중소업체에 호출을 몰아 파업 불참자의 일매출을 폭증시킨다; 승객이 앱으로 바로 택시를 부르면서 콜 업체 봉쇄가 무력화되고 작은 회사들이 카르텔을 이탈한다; 승객 이동과 기사 고매출을 동시에 만들고 차봉훈 구속까지 끌어낸다,닷새 파업을 할인 출시로 뒤집고 기사 매출·업체 이탈을 끌어내 행동과 공개 보상이 강하다.,닷새 파업을 할인 출시로 뒤집고 기사 매출·업체 이탈을 끌어내 행동과 공개 보상이 강하다.,훅은 마지막 프레임의 열린 질문만 세어 8→7 판정
225,225화,L40383~L40561,PASS,PASS,PASS,9,9,7,7,9,9,0.15/0.36/0.20/0.14/0.15,0.15/0.36/0.20/0.14/0.15,강인식이 상납 피해와 공동 처벌 가능성을 상기시키고 양쪽 호출망을 함께 써도 된다고 설득해 사장들이 차봉훈 치부를 검찰에 내놓게 한다,서울 택시 약 70%의 코코아택시 가맹과 차봉훈 추가 증언을 얻는다,영신운수 배후가 조폭 100명을 보내 강인운수를 직접 습격한다,강인식이 상납 피해와 공동 처벌 가능성을 상기시키고 양쪽 호출망을 함께 써도 된다고 설득해 사장들이 차봉훈 치부를 검찰에 내놓게 한다; 감옥에 같이 갈 수 있다는 생존 논리가 공식 거래 없이도 사장들의 이탈 명분이 된다; 서울 택시 약 70%의 코코아택시 가맹과 차봉훈 추가 증언을 얻는다,강인식이 상납 피해와 공동 처벌 가능성을 상기시키고 양쪽 호출망을 함께 써도 된다고 설득해 사장들이 차봉훈 치부를 검찰에 내놓게 한다; 감옥에 같이 갈 수 있다는 생존 논리가 공식 거래 없이도 사장들의 이탈 명분이 된다; 서울 택시 약 70%의 코코아택시 가맹과 차봉훈 추가 증언을 얻는다,70% 편입 뒤 조폭 100명 습격이 다가와 행동 대기와 관계 배신의 압력이 최고조다.,70% 편입 뒤 조폭 100명 습격이 다가와 행동 대기와 관계 배신의 압력이 최고조다.,기존 점수·리본 유지; 원문 하드 경계와 인접 회차 대비 재확인
226,226화,L40562~L40732,PASS,EDIT,PASS,9,9,10,10,7,6,0.13/0.42/0.14/0.12/0.19,0.13/0.42/0.14/0.12/0.19,강인운수 기사들이 20분 만에 습격대를 제압하고 경찰이 영신운수 배후를 잡는 동안 가맹 지역을 수도권·광역시로 넓힌다,호출비 없는 플랫폼 우위·IIT 한국 캠퍼스 공식 허가·한전 이전 여야 합의를 얻는다,IIT 판교 건설과 두 신사옥 부지 공개입찰이 실물 단계로 이어진다,강인운수 기사들이 20분 만에 습격대를 제압하고 경찰이 영신운수 배후를 잡는 동안 가맹 지역을 수도권·광역시로 넓힌다; 차씨 부자가 사라지자 강인운수가 새 구심점이 되고 서울 택시기사 80% 이상이 가맹한다; 호출비 없는 플랫폼 우위·IIT 한국 캠퍼스 공식 허가·한전 이전 여야 합의를 얻는다,강인운수 기사들이 20분 만에 습격대를 제압하고 경찰이 영신운수 배후를 잡는 동안 가맹 지역을 수도권·광역시로 넓힌다; 차씨 부자가 사라지자 강인운수가 새 구심점이 되고 서울 택시기사 80% 이상이 가맹한다; 호출비 없는 플랫폼 우위·IIT 한국 캠퍼스 공식 허가·한전 이전 여야 합의를 얻는다,20분 제압·배후 구속·80% 편입이 한꺼번에 터져 행동과 지위 보상이 가장 크게 솟는다.,20분 제압·배후 구속·80% 편입이 한꺼번에 터져 행동과 지위 보상이 가장 크게 솟는다.,훅은 마지막 프레임의 열린 질문만 세어 7→6 판정
227,227화,L40733~L40908,PASS,PASS,PASS,5,5,7,7,7,7,0.22/0.24/0.24/0.10/0.20,0.22/0.24/0.24/0.10/0.20,판교 착공식에서 주변 IT 오피스 계획을 세우고 샤롯 가족회의에서 중국 사업을 장남 진동오에게 양보하도록 차남 진동구에게 신호한다,IIT 캠퍼스 착공과 샤롯을 쪼개지 않을 승자독식 승계 원칙을 세운다,진동오의 중국 사업을 실제로 도와 준 뒤 약속한 부지를 받아야 한다,판교 착공식에서 주변 IT 오피스 계획을 세우고 샤롯 가족회의에서 중국 사업을 장남 진동오에게 양보하도록 차남 진동구에게 신호한다; 중국 진출이 후계 보상이 아니라 경영 능력 부족을 드러낼 독이 든 성배가 될 수 있다는 민재의 판단이 드러난다; IIT 캠퍼스 착공과 샤롯을 쪼개지 않을 승자독식 승계 원칙을 세운다,판교 착공식에서 주변 IT 오피스 계획을 세우고 샤롯 가족회의에서 중국 사업을 장남 진동오에게 양보하도록 차남 진동구에게 신호한다; 중국 진출이 후계 보상이 아니라 경영 능력 부족을 드러낼 독이 든 성배가 될 수 있다는 민재의 판단이 드러난다; IIT 캠퍼스 착공과 샤롯을 쪼개지 않을 승자독식 승계 원칙을 세운다,IIT 첫 삽과 샤롯 차남의 승계 수가 교육 약속을 부지 취득 행동으로 되돌린다.,IIT 첫 삽과 샤롯 차남의 승계 수가 교육 약속을 부지 취득 행동으로 되돌린다.,기존 점수·리본 유지; 원문 하드 경계와 인접 회차 대비 재확인
228,228화,L40909~L41078,PASS,EDIT,PASS,5,5,9,9,7,8,0.18/0.22/0.18/0.12/0.30,0.18/0.22/0.18/0.12/0.30,중국에 나흘 머물며 샤롯백화점 허가를 성사시킨 뒤 한·미·일 감정가 평균에 50%를 얹어 진호균·김태중이 계약서에 도장 찍게 한다,샤롯 강남 부지 소유권과 김태중의 첫 신사옥 후보를 확정한다,한전 공개입찰에서 삼진·현재자동차의 자금력을 눌러 두 번째 땅도 노린다,중국에 나흘 머물며 샤롯백화점 허가를 성사시킨 뒤 한·미·일 감정가 평균에 50%를 얹어 진호균·김태중이 계약서에 도장 찍게 한다; 평균가 1조1600억 원이 확정되자 민재가 1조7400억 원 당일 현금과 법무팀 현장 대기를 내걸어 협상을 끝낸다; 샤롯 강남 부지 소유권과 김태중의 첫 신사옥 후보를 확정한다,중국에 나흘 머물며 샤롯백화점 허가를 성사시킨 뒤 한·미·일 감정가 평균에 50%를 얹어 진호균·김태중이 계약서에 도장 찍게 한다; 평균가 1조1600억 원이 확정되자 민재가 1조7400억 원 당일 현금과 법무팀 현장 대기를 내걸어 협상을 끝낸다; 샤롯 강남 부지 소유권과 김태중의 첫 신사옥 후보를 확정한다,중국 허가 뒤 1조7400억 원 계약서에 도장을 찍어 물질 보상과 가족 약속이 선명하다.,중국 허가 뒤 1조7400억 원 계약서에 도장을 찍어 물질 보상과 가족 약속이 선명하다.,훅은 마지막 프레임의 열린 질문만 세어 7→8 판정
229,229화,L41079~L41258,PASS,EDIT,PASS,6,6,7,7,7,8,0.21/0.24/0.28/0.09/0.18,0.21/0.24/0.28/0.09/0.18,명동 3인방에게 100억 달러를 보내 저금리 신차할부·담보대출을 출시시키고 태우·카이의 새 캐피탈 제휴 예고로 경쟁사 대응 투자를 부추긴다,캐피탈 자금전의 우위와 4조·6조 두 입찰 시나리오를 준비한다,현재자동차가 입찰 철회와 어떤 대가를 맞바꿀지 공개입찰장에서 결정된다,명동 3인방에게 100억 달러를 보내 저금리 신차할부·담보대출을 출시시키고 태우·카이의 새 캐피탈 제휴 예고로 경쟁사 대응 투자를 부추긴다; 한 달 뒤 금리가 기존보다 3% 낮아질 만큼 치킨게임이 커지고 현재자동차가 스스로 거래안을 내놓을 조건이 만들어진다; 캐피탈 자금전의 우위와 4조·6조 두 입찰 시나리오를 준비한다,명동 3인방에게 100억 달러를 보내 저금리 신차할부·담보대출을 출시시키고 태우·카이의 새 캐피탈 제휴 예고로 경쟁사 대응 투자를 부추긴다; 한 달 뒤 금리가 기존보다 3% 낮아질 만큼 치킨게임이 커지고 현재자동차가 스스로 거래안을 내놓을 조건이 만들어진다; 캐피탈 자금전의 우위와 4조·6조 두 입찰 시나리오를 준비한다,현대를 가격 경쟁자가 아닌 자동차금융 동맹으로 바꾸는 협상 관계가 회차를 지배한다.,현재자동차에 가격경쟁 대신 자동차금융 제휴를 내민다. 입찰 상대가 캐피탈을 함께 쓰는 파트너로 돌아서며 부지 경쟁의 규칙 자체가 바뀐다.,훅은 마지막 프레임의 열린 질문만 세어 7→8 판정; L41079~L41258 수동 재독; 편집 메타어를 실제 장면·숫자·사람 반응으로 교체; L41079~L41258 수동 재독; 편집 메타어를 실제 장면·숫자·사람 반응으로 교체
230,230화,L41259~L41447,PASS,PASS,PASS,8,8,7,7,8,8,0.20/0.34/0.13/0.10/0.23,0.20/0.34/0.13/0.10/0.23,현재캐피탈을 태우·카이 파트너로 3년 쓰는 조건을 받아 장경준이 입찰서를 찢게 한 뒤 4조 서류를 제출하고 6조1705억 비상안을 장경준에게 보낸다,현재자동차 철회와 4조 실제 입찰·상대 가격을 꿰뚫은 비상안을 완성한다,한전 부지 입찰 승리가 확인된 뒤 실제 낙찰가와 장경준의 반응은 어떻게 드러날 것인가?,현재캐피탈을 태우·카이 파트너로 3년 쓰는 조건을 받아 장경준이 입찰서를 찢게 한 뒤 4조 서류를 제출하고 6조1705억 비상안을 장경준에게 보낸다; 장경준이 회사에서 비상봉투 6조1705억과 자신이 찢은 6조1700억을 비교하며 5억 차이의 패배까지 설계됐음을 깨닫는다; 현재자동차 철회와 4조 실제 입찰·상대 가격을 꿰뚫은 비상안을 완성한다,현재캐피탈을 태우·카이 파트너로 3년 쓰는 조건을 받아 장경준이 입찰서를 찢게 한 뒤 4조 서류를 제출하고 6조1705억 비상안을 장경준에게 보낸다; 장경준이 회사에서 비상봉투 6조1705억과 자신이 찢은 6조1700억을 비교하며 5억 차이의 패배까지 설계됐음을 깨닫는다; 현재자동차 철회와 4조 실제 입찰·상대 가격을 꿰뚫은 비상안을 완성한다,4조·6조 두 봉투를 놓고 실시간 가격 판단을 하므로 행동 긴장과 금액 체류가 높다.,"현재자동차가 태우·카이와의 캐피탈 제휴를 받고 입찰을 철회한 뒤, 장경준은 자신이 찢은 6조1700억 원 계획서와 김민재가 보낸 6조1705억 원 비상안을 맞대어 5억 원 차이를 확인한다. 마지막 통보는 태우의 입찰 승리까지만 밝히며 실제 낙찰가는 아직 공개하지 않는다.","기존 점수·리본 유지; 원문 하드 경계와 인접 회차 대비 재확인; L41259~L41447 수동 재독; 회차 필드 경계 교정, 표본 note를 현재 화 표면으로 교정; L41259~L41447 수동 재독; 회차 필드 경계 교정, 표본 note를 현재 화 표면으로 교정; L41259~L41447 수동 재독; 회차 필드 경계 교정, 표본 note를 현재 화 표면으로 교정; L41259~L41447 수동 재독; 회차 필드 경계 교정, 표본 note를 현재 화 표면으로 교정; L41259~L41447 수동 재독; 회차 필드 경계 교정, 표본 note를 현재 화 표면으로 교정; L41259~L41447 수동 재독; 회차 필드 경계 교정, 표본 note를 현재 화 표면으로 교정; L41259~L41447 수동 재독; 회차 필드 경계 교정, 표본 note를 현재 화 표면으로 교정"
231,231화,L41448~L41625,PASS,PASS,PASS,6,6,9,9,8,8,0.17/0.23/0.24/0.13/0.23,0.17/0.23/0.24/0.13/0.23,낙찰 소식을 김태중에게 직접 전해 품에 안긴 뒤 최재석 주선으로 이호 공군참모총장을 만나 활주로 이전비 전액과 러시아 수호이 기증을 제시한다,4조 원에 한전 부지를 소유하고 공군 협상을 안보 자산 교환으로 전환한다,미국과 러시아 양쪽 승인을 받아 수호이 세 대를 실제로 들여와야 한다,낙찰 소식을 김태중에게 직접 전해 품에 안긴 뒤 최재석 주선으로 이호 공군참모총장을 만나 활주로 이전비 전액과 러시아 수호이 기증을 제시한다; 전투기라는 말을 듣자 완강하던 이호가 수호이를 공식 도입할 수 있는지 적극 묻는다; 4조 원에 한전 부지를 소유하고 공군 협상을 안보 자산 교환으로 전환한다,낙찰 소식을 김태중에게 직접 전해 품에 안긴 뒤 최재석 주선으로 이호 공군참모총장을 만나 활주로 이전비 전액과 러시아 수호이 기증을 제시한다; 전투기라는 말을 듣자 완강하던 이호가 수호이를 공식 도입할 수 있는지 적극 묻는다; 4조 원에 한전 부지를 소유하고 공군 협상을 안보 자산 교환으로 전환한다,4조 낙찰과 조손의 기쁨 뒤 공군 고도제한이 새 병목으로 솟는다.,4조 낙찰과 조손의 기쁨 뒤 공군 고도제한이 새 병목으로 솟는다.,기존 점수·리본 유지; 원문 하드 경계와 인접 회차 대비 재확인
232,232화,L41626~L41796,EDIT,PASS,PASS,6,6,8,8,8,8,0.25/0.22/0.22/0.08/0.23,0.25/0.22/0.22/0.08/0.23,러시아 로만에게 1억3000만 달러로 수호이 세 대를 구하고 미국 정권에 비밀 반입 묵인을 요청한다,"러시아 측의 1억3천만 달러 구매 추진선과 미국의 비밀 반입 확답, 공군 활주로 이전 협조 조건을 얻는다.",미국의 비밀 반입 확답을 받은 데이비드가 러시아에서 세 전투기 계약을 실제로 마칠 수 있는가?,러시아 로만에게 1억3000만 달러로 수호이 세 대를 구하고 미국 정권에 비밀 반입 묵인을 요청한다; 부시 재선에 기여한 과거 지원과 한국 공군의 연구 목적이 미국의 비공개 승인 카드로 돌아온다; 러시아 구매 계약과 공군 활주로 이전·초고층 협조 약속을 얻는다,"러시아 로만에게 1억3000만 달러로 수호이 세 대를 구하고 미국 정권에 비밀 반입 묵인을 요청한다; 부시 재선에 기여한 과거 지원과 한국 공군의 연구 목적이 미국의 비공개 승인 카드로 돌아온다; 러시아 측의 1억3천만 달러 구매 추진선과 미국의 비밀 반입 확답, 공군 활주로 이전 협조 조건을 얻는다",전투기 세 대·활주로 이전비·미국 승인 조건이 얽혀 정보와 거래 자산 비중이 크다.,로만에게 1억3천만 달러로 수호이 세 대를 구하게 하고 미국 정권에는 비밀 반입 묵인을 요청하는 양쪽 통화가 교차한다. 미국의 확답과 공군 활주로 이전 협조 조건은 받아냈지만 러시아 계약은 데이비드의 현지 마무리를 기다린다.,"기존 점수·리본 유지; 원문 하드 경계와 인접 회차 대비 재확인; L41626~L41796 수동 재독; 점수·리본 유지, 기계적 note만 장면별 편집문으로 교체; L41626~L41796 수동 재독; 기계적 note를 장면별 편집문으로 교체; L41626~L41796 수동 재독; 기계적 note를 장면별 편집문으로 교체; L41626~L41796 수동 재독; 기계적 note를 장면별 편집문으로 교체; L41626~L41796 수동 재독; 기계적 note를 장면별 편집문으로 교체; L41626~L41796 수동 재독; 기계적 note를 장면별 편집문으로 교체; L41626~L41796 수동 재독; 기계적 note를 장면별 편집문으로 교체; L41626~L41796 수동 재독; 기계적 note를 장면별 편집문으로 교체; L41626~L41796 수동 재독; 기계적 note를 장면별 편집문으로 교체; L41626~L41796 수동 재독; 기계적 note를 장면별 편집문으로 교체; L41626~L41796 수동 재독; 기계적 note를 장면별 편집문으로 교체; L41626~L41796 수동 재독; 기계적 note를 장면별 편집문으로 교체; L41626~L41796 수동 재독; 기계적 note를 장면별 편집문으로 교체"
233,233화,L41797~L41960,EDIT,EDIT,PASS,4,4,7,7,8,9,0.23/0.20/0.24/0.10/0.23,0.23/0.20/0.24/0.10/0.23,미국 대사에게 부시의 감사와 수호이 비밀 반입 허용을 확인하고 강인식에게 코코아택시 전국 가맹·대리운전·렌터카 확장을 맡긴다,수호이 반입의 마지막 외교 허가와 코코아 이동 플랫폼의 전국 사업 방향을 얻는다,러시아에서 온 세 대 가운데 이호 장군이 호들갑을 떨 만큼 예상 밖인 실험기의 정체는 무엇인가?,미국 대사에게 부시의 감사와 수호이 비밀 반입 허용을 확인하고 강인식에게 코코아택시 전국 가맹·대리운전·렌터카 확장을 맡긴다; 강인식이 호출 서비스 성공에 머물지 않고 이동 수요 전체를 묶는 사업안을 먼저 내놓는다; 수호이 반입의 마지막 외교 허가와 코코아 이동 플랫폼의 전국 사업 방향을 얻는다,미국 대사에게 부시의 감사와 수호이 비밀 반입 허용을 확인하고 강인식에게 코코아택시 전국 가맹·대리운전·렌터카 확장을 맡긴다; 강인식이 호출 서비스 성공에 머물지 않고 이동 수요 전체를 묶는 사업안을 먼저 내놓는다; 수호이 반입의 마지막 외교 허가와 코코아 이동 플랫폼의 전국 사업 방향을 얻는다,부시 승인 확인과 코코아 전국 확장을 지나 수호이 도착을 기다리는 연결 회차다.,부시 승인 확인과 코코아 전국 확장을 지나 수호이 도착을 기다리는 연결 회차다.,훅은 마지막 프레임의 열린 질문만 세어 8→9 판정
234,234화,L41961~L42135,PASS,EDIT,PASS,6,6,9,9,8,7,0.20/0.24/0.18/0.14/0.24,0.20/0.24/0.18/0.14/0.24,이호와 격납고에서 세 대를 살피고 로만에게 전화해 전진익 스텔스 실험기 Su-47 베르쿠트를 보낸 사실을 확인한다,Su-47 군사자산과 활주로 이전·두 부지 초고층에 반대하지 않겠다는 공군 약속을 확보한다,서울시와 정부가 실제로 어느 부지에 건축 허가를 내줄지는 남는다,이호와 격납고에서 세 대를 살피고 로만에게 전화해 전진익 스텔스 실험기 Su-47 베르쿠트를 보낸 사실을 확인한다; 평범한 실험용 기체라는 설명이 러시아 항공기술 정점의 유일 기체를 넘긴 선물로 뒤집힌다; Su-47 군사자산과 활주로 이전·두 부지 초고층에 반대하지 않겠다는 공군 약속을 확보한다,이호와 격납고에서 세 대를 살피고 로만에게 전화해 전진익 스텔스 실험기 Su-47 베르쿠트를 보낸 사실을 확인한다; 평범한 실험용 기체라는 설명이 러시아 항공기술 정점의 유일 기체를 넘긴 선물로 뒤집힌다; Su-47 군사자산과 활주로 이전·두 부지 초고층에 반대하지 않겠다는 공군 약속을 확보한다,실사용 Su-47 확인과 공군 무반대 약속이 놀람·행동·군사자산 보상을 함께 높인다.,실사용 Su-47 확인과 공군 무반대 약속이 놀람·행동·군사자산 보상을 함께 높인다.,훅은 마지막 프레임의 열린 질문만 세어 8→7 판정
235,235화,L42136~L42292,EDIT,PASS,PASS,6,6,7,7,7,7,0.30/0.20/0.21/0.09/0.20,0.30/0.20/0.21/0.09/0.20,한 팀장에게 보험 매집을 늘리되 경고 보고서를 정부에 남기게 하고 텍사스 공장에서 머스크에게 매년 10억 달러씩 10년·첫해 최대 30억 달러 투자를 약속한다,위기 전 경고 기록과 스페이스X의 가능한 최대 지분·10년 후원 관계를 얻는다,머스크가 10년 지원과 추가 인력 아래 로켓·전기차 약속을 실제 성공으로 바꿀 수 있는가?,한 팀장에게 보험 매집을 늘리되 경고 보고서를 정부에 남기게 하고 텍사스 공장에서 머스크에게 매년 10억 달러씩 10년·첫해 최대 30억 달러 투자를 약속한다; 자금난에 몰린 머스크가 민재에게 줄 수 있는 한 많은 지분을 양도하겠다고 먼저 답한다; 위기 전 경고 기록과 스페이스X의 가능한 최대 지분·10년 후원 관계를 얻는다,한 팀장에게 보험 매집을 늘리되 경고 보고서를 정부에 남기게 하고 텍사스 공장에서 머스크에게 매년 10억 달러씩 10년·첫해 최대 30억 달러 투자를 약속한다; 자금난에 몰린 머스크가 민재에게 줄 수 있는 한 많은 지분을 양도하겠다고 먼저 답한다; 위기 전 경고 기록과 스페이스X의 가능한 최대 지분·10년 후원 관계를 얻는다,서브프라임 면책 보고와 스페이스X 10년 투자조건을 판단해 정보·관계 비중이 앞선다.,서브프라임 면책 보고서를 검토한 뒤 스페이스X에 10년 자금을 댈 조건을 머스크와 맞춘다. 당장의 매출보다 오래 버틸 사람과 기간을 고르는 판단이 두 장면을 잇는다.,기존 점수·리본 유지; 원문 하드 경계와 인접 회차 대비 재확인; L42136~L42292 수동 재독; 편집 메타어를 실제 장면·숫자·사람 반응으로 교체; L42136~L42292 수동 재독; 편집 메타어를 실제 장면·숫자·사람 반응으로 교체
236,236화,L42293~L42483,EDIT,EDIT,PASS,4,4,9,9,8,6,0.19/0.18/0.23/0.10/0.30,0.19/0.18/0.23/0.10/0.30,김익수·채드 헐리·스티브 첸의 베타 버전을 검수하고 50명 투표로 위튜브라는 이름을 정한 뒤 애플 기본앱·구글·아마존·페이스북 홍보를 약속한다,위튜브 명칭·최대주주 지위와 내년 1월 글로벌 출시 동맹을 확정한다,김태중이 한발 뒤에서 지원하겠다고 하자 민재는 아직 물러날 때가 아니라며 더 도와달라고 붙든다.,김익수·채드 헐리·스티브 첸의 베타 버전을 검수하고 50명 투표로 위튜브라는 이름을 정한 뒤 애플 기본앱·구글·아마존·페이스북 홍보를 약속한다; 각 제휴사가 주주이기 때문에 세계 TV·포털·스마트폰 홍보 비용과 노출을 분담할 수 있음이 확인된다; 위튜브 명칭·최대주주 지위와 내년 1월 글로벌 출시 동맹을 확정한다,김익수·채드 헐리·스티브 첸의 베타 버전을 검수하고 50명 투표로 위튜브라는 이름을 정한 뒤 애플 기본앱·구글·아마존·페이스북 홍보를 약속한다; 각 제휴사가 주주이기 때문에 세계 TV·포털·스마트폰 홍보 비용과 노출을 분담할 수 있음이 확인된다; 위튜브 명칭·최대주주 지위와 내년 1월 글로벌 출시 동맹을 확정한다,위튜브 이름·빅테크 유통·첫 초고층 허가가 확정되어 물질·지위 보상이 가장 높다.,"위튜브 이름과 빅테크 유통망, 첫 초고층 허가가 한꺼번에 확정된다. 브랜드·판매통로·건축허가가 문서와 이름으로 지급돼 여러 준비가 실제 사업의 형태를 얻는다.",훅은 마지막 프레임의 열린 질문만 세어 8→6 판정; L42293~L42483 수동 재독; 편집 메타어를 실제 장면·숫자·사람 반응으로 교체; L42293~L42483 수동 재독; 편집 메타어를 실제 장면·숫자·사람 반응으로 교체
237,237화,L42484~L42648,EDIT,PASS,PASS,5,5,6,6,7,7,0.31/0.20/0.18/0.08/0.23,0.31/0.20/0.18/0.08/0.23,실시간 통역 AI로 외국인 사장 회의를 돕고 리사 수의 공장 두 배 안을 다섯 배·10조~15조 원 증설로 확대하며 태우상사에 몽골 개발안을 요구한다,반도체 초격차 투자·AI 업무 활용·몽골 자원 계획을 그룹 공통 과제로 확정한다,반도체 5배 증설과 세계 최고 목표에 불만인 사장들이 실제 성과가 나오면 따라올 것인가?,실시간 통역 AI로 외국인 사장 회의를 돕고 리사 수의 공장 두 배 안을 다섯 배·10조~15조 원 증설로 확대하며 태우상사에 몽골 개발안을 요구한다; 전자 31%·반도체 40% 매출 증가에도 서비스만으로 세계 최고가 될 수 없다며 애벌레가 나비가 되는 변화를 요구한다; 반도체 초격차 투자·AI 업무 활용·몽골 자원 계획을 그룹 공통 과제로 확정한다,실시간 통역 AI로 외국인 사장 회의를 돕고 리사 수의 공장 두 배 안을 다섯 배·10조~15조 원 증설로 확대하며 태우상사에 몽골 개발안을 요구한다; 전자 31%·반도체 40% 매출 증가에도 서비스만으로 세계 최고가 될 수 없다며 애벌레가 나비가 되는 변화를 요구한다; 반도체 초격차 투자·AI 업무 활용·몽골 자원 계획을 그룹 공통 과제로 확정한다,사장단 수치와 5배 증설·몽골 자원 계획을 펼쳐 정보와 투자 규모에 머문다.,사장단 수치와 5배 증설·몽골 자원 계획을 펼쳐 정보와 투자 규모에 머문다.,기존 점수·리본 유지; 원문 하드 경계와 인접 회차 대비 재확인
238,238화,L42649~L42803,EDIT,PASS,PASS,4,4,6,6,7,7,0.27/0.21/0.19/0.09/0.24,0.27/0.21/0.19/0.09/0.24,태우시네마·음원사이트·케이블 3사를 합쳐 태우엔터를 만든 뒤 봉호준에게 제작비 최대 200억 원과 차기작·차차기작 독점투자 계약을 제시해 악수한다,콘텐츠 수직계열 회사와 세계적 감독의 다음 두 작품 계약을 확보한다,봉호준의 다음 두 작품과 이후 우선협상권이 태우엔터의 세계무대 약속을 증명할 수 있는가?,태우시네마·음원사이트·케이블 3사를 합쳐 태우엔터를 만든 뒤 봉호준에게 제작비 최대 200억 원과 차기작·차차기작 독점투자 계약을 제시해 악수한다; 전 작품 독점 요구를 두 작품과 이후 우선협상권으로 낮추자 봉호준이 받아들인다; 콘텐츠 수직계열 회사와 세계적 감독의 다음 두 작품 계약을 확보한다,태우시네마·음원사이트·케이블 3사를 합쳐 태우엔터를 만든 뒤 봉호준에게 제작비 최대 200억 원과 차기작·차차기작 독점투자 계약을 제시해 악수한다; 전 작품 독점 요구를 두 작품과 이후 우선협상권으로 낮추자 봉호준이 받아들인다; 콘텐츠 수직계열 회사와 세계적 감독의 다음 두 작품 계약을 확보한다,계열사 통합과 오디션 상금·채널 구조를 설계해 사업정보와 자산 배치가 중심이다.,흩어진 엔터 계열사를 묶고 오디션 상금·채널 구조를 정한다. 작품 한 편보다 원석을 계속 찾고 데뷔시킬 제작판을 만드는 데 회차를 쓴다.,기존 점수·리본 유지; 원문 하드 경계와 인접 회차 대비 재확인; L42649~L42803 수동 재독; 범용 중심·비중 문구를 장면 리듬으로 교체; L42649~L42803 수동 재독; 범용 중심·비중 문구를 장면 리듬으로 교체; L42649~L42803 수동 재독; 범용 중심·비중 문구를 장면 리듬으로 교체; L42649~L42803 수동 재독; 범용 중심·비중 문구를 장면 리듬으로 교체; L42649~L42803 수동 재독; 범용 중심·비중 문구를 장면 리듬으로 교체; L42649~L42803 수동 재독; 범용 중심·비중 문구를 장면 리듬으로 교체; L42649~L42803 수동 재독; 범용 중심·비중 문구를 장면 리듬으로 교체; L42649~L42803 수동 재독; 범용 중심·비중 문구를 장면 리듬으로 교체; L42649~L42803 수동 재독; 범용 중심·비중 문구를 장면 리듬으로 교체; L42649~L42803 수동 재독; 범용 중심·비중 문구를 장면 리듬으로 교체; L42649~L42803 수동 재독; 범용 중심·비중 문구를 장면 리듬으로 교체
239,239화,L42804~L42963,PASS,PASS,PASS,4,4,8,8,6,6,0.18/0.18/0.31/0.13/0.20,0.18/0.18/0.31/0.13/0.20,임희영에게 3억 원·10년 전속과 무조건 제작을 제시하는 등 세 작가를 계약하고 전 연령·고액 상금·우승자 데뷔를 내건 오디션을 설계한다,미래 드라마 작가진과 자사 연습생을 만들 공개 오디션 기획을 확보한다,전국에서 얼마나 많은 지원자가 몰리고 방송할 원석이 나올지 시험해야 한다,임희영에게 3억 원·10년 전속과 무조건 제작을 제시하는 등 세 작가를 계약하고 전 연령·고액 상금·우승자 데뷔를 내건 오디션을 설계한다; 로맨스를 쓰던 임희영의 문체에서 장르물 가능성을 알아보고 남편 강호준까지 함께 지원하는 조건으로 문을 연다; 미래 드라마 작가진과 자사 연습생을 만들 공개 오디션 기획을 확보한다,임희영에게 3억 원·10년 전속과 무조건 제작을 제시하는 등 세 작가를 계약하고 전 연령·고액 상금·우승자 데뷔를 내건 오디션을 설계한다; 로맨스를 쓰던 임희영의 문체에서 장르물 가능성을 알아보고 남편 강호준까지 함께 지원하는 조건으로 문을 연다; 미래 드라마 작가진과 자사 연습생을 만들 공개 오디션 기획을 확보한다,감독·작가에게 제작비와 장기계약을 주는 인재 관계와 선점 보상이 주축이다.,감독·작가에게 제작비와 장기계약을 주는 인재 관계와 선점 보상이 주축이다.,기존 점수·리본 유지; 원문 하드 경계와 인접 회차 대비 재확인
240,240화,L42964~L43132,PASS,EDIT,PASS,5,5,8,8,7,6,0.20/0.28/0.18/0.13/0.21,0.20/0.28/0.18/0.13/0.21,유명 심사위원 12명·서울 월드컵경기장 등 현장 심사를 진행해 100만 명을 받고 한 표라도 얻은 탈락자 2만 명의 프로필을 직접 훑는다,오디션 대중 화제와 합격자 밖 미래 스타 네 명의 영입 목록을 얻는다,첫 방송 시청률과 남은 미래 그룹 멤버를 계속 찾는 일이 남는다,유명 심사위원 12명·서울 월드컵경기장 등 현장 심사를 진행해 100만 명을 받고 한 표라도 얻은 탈락자 2만 명의 프로필을 직접 훑는다; 일곱 시간 동안 탈락자 자료를 보며 훗날 여자 아이돌·배우와 빌보드 그룹 멤버를 포함한 네 명의 어린 원석을 찾는다; 오디션 대중 화제와 합격자 밖 미래 스타 네 명의 영입 목록을 얻는다,유명 심사위원 12명·서울 월드컵경기장 등 현장 심사를 진행해 100만 명을 받고 한 표라도 얻은 탈락자 2만 명의 프로필을 직접 훑는다; 일곱 시간 동안 탈락자 자료를 보며 훗날 여자 아이돌·배우와 빌보드 그룹 멤버를 포함한 네 명의 어린 원석을 찾는다; 오디션 대중 화제와 합격자 밖 미래 스타 네 명의 영입 목록을 얻는다,100만 지원자와 탈락자 2만 명을 직접 훑어 숨은 스타를 찾는 실행·데이터 회차다.,100만 지원자와 탈락자 2만 명을 직접 훑어 숨은 스타를 찾는 실행·데이터 회차다.,훅은 마지막 프레임의 열린 질문만 세어 7→6 판정
241,241화,L43133~L43290,PASS,EDIT,PASS,6,6,7,7,8,7,0.21/0.29/0.16/0.10/0.24,0.21/0.29/0.16/0.10/0.24,99시간 분량 비공개 촬영물을 편집해 공개하고 MCA 뮤직비디오·스포츠 하이라이트·구글 검색 우선 노출 계약을 추진한다,위튜브 정식 출시와 오디션·뮤직비디오·스포츠 공급선을 확보한다,실패로 공장까지 옮긴 머스크 팀의 의지를 직접 지켜야 한다,99시간 분량 비공개 촬영물을 편집해 공개하고 MCA 뮤직비디오·스포츠 하이라이트·구글 검색 우선 노출 계약을 추진한다; 케이블 방송의 남은 화면과 빅테크·음악·스포츠 권리를 묶으면 개인 제작자가 적어도 초기 콘텐츠를 채울 수 있다; 위튜브 정식 출시와 오디션·뮤직비디오·스포츠 공급선을 확보한다,99시간 분량 비공개 촬영물을 편집해 공개하고 MCA 뮤직비디오·스포츠 하이라이트·구글 검색 우선 노출 계약을 추진한다; 케이블 방송의 남은 화면과 빅테크·음악·스포츠 권리를 묶으면 개인 제작자가 적어도 초기 콘텐츠를 채울 수 있다; 위튜브 정식 출시와 오디션·뮤직비디오·스포츠 공급선을 확보한다,99시간 원본과 검색·뮤직비디오를 엮어 방송과 위튜브 수치를 함께 끌어올린다.,99시간 원본과 검색·뮤직비디오를 엮어 방송과 위튜브 수치를 함께 끌어올린다.,훅은 마지막 프레임의 열린 질문만 세어 8→7 판정
242,242화,L43291~L43450,EDIT,EDIT,PASS,7,7,10,10,9,8,0.13/0.31/0.20/0.18/0.18,0.13/0.31/0.20/0.18/0.18,톱10 전원 계약과 순차 음반 제작을 확정한 뒤 100인분 음식을 전용기로 마셜제도에 날라 팰컨1 실패 팀에게 100번 실패해도 지원한다고 선언한다,톱10 가수·오디션 국민흥행과 스페이스X의 장기 충성을 얻는다,팰컨1 실패 뒤 다시 성공을 맹세한 머스크가 장기 지원을 실제 발사 성공으로 갚을 수 있는가?,톱10 전원 계약과 순차 음반 제작을 확정한 뒤 100인분 음식을 전용기로 마셜제도에 날라 팰컨1 실패 팀에게 100번 실패해도 지원한다고 선언한다; 최종화 21%와 위튜브 세계 3000만 명이 확인되고 민재의 방문에 머스크가 반드시 성공하겠다고 다시 다짐한다; 톱10 가수·오디션 국민흥행과 스페이스X의 장기 충성을 얻는다,톱10 전원 계약과 순차 음반 제작을 확정한 뒤 100인분 음식을 전용기로 마셜제도에 날라 팰컨1 실패 팀에게 100번 실패해도 지원한다고 선언한다; 최종화 21%와 위튜브 세계 3000만 명이 확인되고 민재의 방문에 머스크가 반드시 성공하겠다고 다시 다짐한다; 톱10 가수·오디션 국민흥행과 스페이스X의 장기 충성을 얻는다,결승 21%·톱10 음반·세계 3천만과 머스크 격려가 대중 환호와 관계 보상을 폭발시킨다.,결승 21%·톱10 음반·세계 3천만과 머스크 격려가 대중 환호와 관계 보상을 폭발시킨다.,훅은 마지막 프레임의 열린 질문만 세어 9→8 판정
243,243화,L43451~L43611,EDIT,EDIT,PASS,7,7,4,4,8,7,0.20/0.25/0.28/0.16/0.11,0.20/0.25/0.28/0.16/0.11,복지와 앨범 제작을 앞당기려 했지만 계약 해지·소송 요구가 나오자 오 사장을 현장에 남기고 강 대위에게 SG엔터 강수기 조사를 맡긴다,이적 분쟁의 핵심 상대를 강수기와 정체를 숨긴 조직폭력 배후로 좁히고 비공개 대응팀을 세운다.,강수기와 직접 만나 그가 믿는 뒷배의 정체와 자신감을 확인할 수 있는가?,복지와 앨범 제작을 앞당기려 했지만 계약 해지·소송 요구가 나오자 오 사장을 현장에 남기고 강 대위에게 SG엔터 강수기 조사를 맡긴다; 강수기가 과거 조폭 소탕 명단에 있었고 SG 지분·양지파 관계까지 이어진다는 단서가 나온다; 이적 분쟁의 핵심 상대를 강수기와 양지파로 좁히고 비공개 대응팀을 세운다,복지와 앨범 제작을 앞당기려 했지만 계약 해지·소송 요구가 나오자 오 사장을 현장에 남기고 강 대위에게 SG엔터 강수기 조사를 맡긴다; 강수기가 과거 조폭 소탕 명단에 있었고 SG엔터 지분과 조직폭력 배후가 이어진다는 단서가 나온다; 이적 분쟁의 핵심 상대를 강수기와 정체를 숨긴 조직폭력 배후로 좁히고 비공개 대응팀을 세운다,네 가수의 계약해지와 SG·양지파 배후가 드러나 관계 배신과 조사 압력이 앞선다.,"가수 네 명의 계약해지 요구를 따라가 SG엔터 강수기와 조직폭력 배후의 연결 단서를 잡고 강 대위를 비공개 대응자로 세운다. 배후 조직의 이름은 아직 나오지 않아, 지급은 상대 범주를 좁힌 조사선과 강수기 면담 준비에 그친다.","훅은 마지막 프레임의 열린 질문만 세어 8→7 판정; L43451~L43611 수동 재독; 회차 필드 경계 교정, 표본 note를 현재 화 표면으로 교정; L43451~L43611 수동 재독; 회차 필드 경계 교정, 표본 note를 현재 화 표면으로 교정; L43451~L43611 수동 재독; 회차 필드 경계 교정, 표본 note를 현재 화 표면으로 교정; L43451~L43611 수동 재독; 회차 필드 경계 교정, 표본 note를 현재 화 표면으로 교정; L43451~L43611 수동 재독; 회차 필드 경계 교정, 표본 note를 현재 화 표면으로 교정; L43451~L43611 수동 재독; 회차 필드 경계 교정, 표본 note를 현재 화 표면으로 교정; L43451~L43611 수동 재독; 회차 필드 경계 교정, 표본 note를 현재 화 표면으로 교정; L43451~L43611 수동 재독; 회차 필드 경계 교정, 표본 note를 현재 화 표면으로 교정; L43451~L43611 수동 재독; 회차 필드 경계 교정, 표본 note를 현재 화 표면으로 교정; L43451~L43611 수동 재독; 회차 필드 경계 교정, 표본 note를 현재 화 표면으로 교정"
244,244화,L43612~L43785,EDIT,EDIT,PASS,8,8,6,6,9,7,0.23/0.31/0.23/0.10/0.13,0.23/0.31/0.23/0.10/0.13,강수기를 직접 만나 허세와 삼합회 반응을 떠본 뒤 중국으로 가 쩡칭훙에게 몽골 광산 인프라·철도 지분을 상하이방과 나누자고 한다,삼합회 배후의 정체와 중국 최고위층을 움직일 몽골 사업 거래판을 확보한다,몽골 사업 지분과 지원을 약속한 쩡칭훙에게 SG 배후의 한국 개입까지 어디까지 꺼낼 것인가?,강수기를 직접 만나 허세와 삼합회 반응을 떠본 뒤 중국으로 가 쩡칭훙에게 몽골 광산 인프라·철도 지분을 상하이방과 나누자고 한다; 강수기의 표정과 조사 결과로 SG 뒤에 양지파·흑사회가 있음을 확인하고 쩡칭훙이 자원 거래에 관심을 보인다; 삼합회 배후의 정체와 중국 최고위층을 움직일 몽골 사업 거래판을 확보한다,강수기를 직접 만나 허세와 삼합회 반응을 떠본 뒤 중국으로 가 쩡칭훙에게 몽골 광산 인프라·철도 지분을 상하이방과 나누자고 한다; 강수기의 표정과 조사 결과로 SG 뒤에 양지파·흑사회가 있음을 확인하고 쩡칭훙이 자원 거래에 관심을 보인다; 삼합회 배후의 정체와 중국 최고위층을 움직일 몽골 사업 거래판을 확보한다,강수기 협박을 확인하고 중국 최고위 권력과 거래해 삼합회를 치는 공세가 커진다.,강수기 협박을 확인하고 중국 최고위 권력과 거래해 삼합회를 치는 공세가 커진다.,훅은 마지막 프레임의 열린 질문만 세어 9→7 판정
245,245화,L43786~L43943,EDIT,EDIT,PASS,9,9,8,8,9,8,0.14/0.42/0.16/0.12/0.16,0.14/0.42/0.16/0.12/0.16,흑사회 개입을 알리자 쩡칭훙이 군·탱크로 조직을 습격해 두목을 한국에 보내고 민재는 그에게 사흘 안에 양지파와 SG 비리를 터뜨리라고 명령한다,중국군의 배후 제거와 SG를 무너뜨릴 약점·실행자를 확보한다,모든 지원이 끊긴 강수기가 마지막으로 믿을 사람인 민재를 찾아 명동으로 향한다.,흑사회 개입을 알리자 쩡칭훙이 군·탱크로 조직을 습격해 두목을 한국에 보내고 민재는 그에게 사흘 안에 양지파와 SG 비리를 터뜨리라고 명령한다; 상세정보로 두목의 비개입을 확인한 민재가 처형 대신 생존 조건부 내부 고발자로 돌린다; 중국군의 배후 제거와 SG를 무너뜨릴 약점·실행자를 확보한다,흑사회 개입을 알리자 쩡칭훙이 군·탱크로 조직을 습격해 두목을 한국에 보내고 민재는 그에게 사흘 안에 양지파와 SG 비리를 터뜨리라고 명령한다; 상세정보로 두목의 비개입을 확인한 민재가 처형 대신 생존 조건부 내부 고발자로 돌린다; 중국군의 배후 제거와 SG를 무너뜨릴 약점·실행자를 확보한다,삼합회 두목을 역이용해 양지파·SG를 사흘 안에 무너뜨리는 행동 쾌감이 지배한다.,삼합회 두목을 역으로 이용해 양지파와 SG를 사흘 안에 무너뜨린다. 상대 조직의 힘을 서로 부딪치게 한 뒤 결과를 빠르게 회수해 폭력판을 직접 장악하지 않고 끝낸다.,훅은 마지막 프레임의 열린 질문만 세어 9→8 판정; L43786~L43943 수동 재독; 편집 메타어를 실제 장면·숫자·사람 반응으로 교체; L43786~L43943 수동 재독; 편집 메타어를 실제 장면·숫자·사람 반응으로 교체
246,246화,L43944~L44097,EDIT,EDIT,PASS,8,8,10,10,8,5,0.13/0.31/0.23/0.15/0.18,0.13/0.31/0.23/0.15/0.18,무릎 꿇은 강수기에게 태우 가수 네 명과 SG 소속 가수 전원을 넘기면 태우가 손을 떼겠다고 말한 뒤 로펌과 부드러운 대우로 희망고문을 설계한다,빼앗긴 네 명과 SG 가수 전체·10년 동안 잠잠할 강수기라는 복수 결산을 얻는다,강수기에게 주입한 희망고문이 10년 수감 동안 반격을 막을 수 있는가?,무릎 꿇은 강수기에게 태우 가수 네 명과 SG 소속 가수 전원을 넘기면 태우가 손을 떼겠다고 말한 뒤 로펌과 부드러운 대우로 희망고문을 설계한다; 절망시키면 발악하지만 보호받는다고 믿게 하면 수감 중 움직이지 않는다는 민재의 의도가 강 대위에게 공개된다; 빼앗긴 네 명과 SG 가수 전체·10년 동안 잠잠할 강수기라는 복수 결산을 얻는다,무릎 꿇은 강수기에게 태우 가수 네 명과 SG 소속 가수 전원을 넘기면 태우가 손을 떼겠다고 말한 뒤 로펌과 부드러운 대우로 희망고문을 설계한다; 절망시키면 발악하지만 보호받는다고 믿게 하면 수감 중 움직이지 않는다는 민재의 의도가 강 대위에게 공개된다; 빼앗긴 네 명과 SG 가수 전체·10년 동안 잠잠할 강수기라는 복수 결산을 얻는다,강수기가 실형을 택하고 SG 전원이 넘어와 복수·인재·지위 보상이 동시에 닫힌다.,강수기가 실형을 택하고 SG 전원이 넘어와 복수·인재·지위 보상이 동시에 닫힌다.,훅은 마지막 프레임의 열린 질문만 세어 8→5 판정
247,247화,L44098~L44251,EDIT,PASS,PASS,5,5,7,7,7,7,0.31/0.20/0.16/0.08/0.25,0.31/0.20/0.16/0.08/0.25,AAA 보험 익스포저와 테슬라 시제품·배터리 공장 계획을 점검한 뒤 부산 게임 결승에서 AOS 유즈맵 개발자들에게 블리야드 지원과 1000만 달러를 제시한다,서브프라임 대응상태·전기차 준비를 확인하고 AOS 원천팀과 지분 계약을 얻는다,40·20·40 지분 계약을 맺은 다섯 개발자가 AOS를 독립 장르의 게임으로 완성할 수 있는가?,AAA 보험 익스포저와 테슬라 시제품·배터리 공장 계획을 점검한 뒤 부산 게임 결승에서 AOS 유즈맵 개발자들에게 블리야드 지원과 1000만 달러를 제시한다; 민재 40%·블리야드 20%·개발자 40% 조건에 다섯 명이 즉시 동의해 역사적 계약이 성립한다; 서브프라임 대응상태·전기차 준비를 확인하고 AOS 원천팀과 지분 계약을 얻는다,AAA 보험 익스포저와 테슬라 시제품·배터리 공장 계획을 점검한 뒤 부산 게임 결승에서 AOS 유즈맵 개발자들에게 블리야드 지원과 1000만 달러를 제시한다; 민재 40%·블리야드 20%·개발자 40% 조건에 다섯 명이 즉시 동의해 역사적 계약이 성립한다; 서브프라임 대응상태·전기차 준비를 확인하고 AOS 원천팀과 지분 계약을 얻는다,보험 노출·전기차 일정·AOS 관중을 점검해 세 미래자산 정보가 넓게 제시된다.,보험 노출·전기차 일정·AOS 관중을 점검해 세 미래자산 정보가 넓게 제시된다.,기존 점수·리본 유지; 원문 하드 경계와 인접 회차 대비 재확인
248,248화,L44252~L44405,EDIT,PASS,PASS,4,4,7,7,7,7,0.23/0.20/0.29/0.09/0.19,0.23/0.20/0.29/0.09/0.19,행정기관 이전 정치 합의를 확인하고 경기도지사 출마를 결심한 최재석에게 선거비 보전 후 돌려주는 크라우드펀딩을 제안한다,최재석의 경기도 도전 지원과 국민경제당 선거펀드 개발 합의를 얻는다,태우가 만들어주기로 한 선거펀딩 시스템이 시민 자금으로 국민경제당의 청렴 선거를 실제 굴릴 수 있는가?,행정기관 이전 정치 합의를 확인하고 경기도지사 출마를 결심한 최재석에게 선거비 보전 후 돌려주는 크라우드펀딩을 제안한다; 기부가 아니라 상환 가능한 풀뿌리 펀드라면 청렴 원칙을 지키며 더 많은 시민 자금을 모을 수 있다는 길이 열린다; 최재석의 경기도 도전 지원과 국민경제당 선거펀드 개발 합의를 얻는다,행정기관 이전 정치 합의를 확인하고 경기도지사 출마를 결심한 최재석에게 선거비 보전 후 돌려주는 크라우드펀딩을 제안한다; 기부가 아니라 상환 가능한 풀뿌리 펀드라면 청렴 원칙을 지키며 더 많은 시민 자금을 모을 수 있다는 길이 열린다; 최재석의 경기도 도전 지원과 국민경제당 선거펀드 개발 합의를 얻는다,AOS 지분 협상과 최재석의 선거자금 고민이 인재·정치 관계를 함께 움직인다.,AOS 지분 협상과 최재석의 선거자금 고민이 인재·정치 관계를 함께 움직인다.,기존 점수·리본 유지; 원문 하드 경계와 인접 회차 대비 재확인
249,249화,L44406~L44567,PASS,EDIT,PASS,6,6,8,8,8,7,0.20/0.34/0.16/0.10/0.20,0.20/0.34/0.16/0.10/0.20,천민정에게 P2P·증권 전문가를 붙여 펀딩을 만들게 하고 원격조종 보고를 받은 뒤 드라이빙센터에서 10대 차량의 충돌 감지·자동 급제동을 시연한다,양산 검토 가능한 급제동 시스템을 입증하고 2006년 초 선거펀드 완성 보고까지 받는다,출시된 선거펀드에 시민이 얼마나 모이고 SNS·위튜브가 후보 인지도를 키울지 남는다,천민정에게 P2P·증권 전문가를 붙여 펀딩을 만들게 하고 원격조종 보고를 받은 뒤 드라이빙센터에서 10대 차량의 충돌 감지·자동 급제동을 시연한다; 운전자가 브레이크를 밟지 않은 여러 도로 상황에서 차가 충돌 직전 스스로 멈춰 임원들의 채택 경쟁을 일으킨다; 양산 검토 가능한 급제동 시스템을 입증하고 2006년 초 선거펀드 완성 보고까지 받는다,천민정에게 P2P·증권 전문가를 붙여 펀딩을 만들게 하고 원격조종 보고를 받은 뒤 드라이빙센터에서 10대 차량의 충돌 감지·자동 급제동을 시연한다; 운전자가 브레이크를 밟지 않은 여러 도로 상황에서 차가 충돌 직전 스스로 멈춰 임원들의 채택 경쟁을 일으킨다; 양산 검토 가능한 급제동 시스템을 입증하고 2006년 초 선거펀드 완성 보고까지 받는다,일주일 펀딩 개발과 원격주행·비상제동 성공이 연속되어 행동과 실물 능력이 높다.,일주일 펀딩 개발과 원격주행·비상제동 성공이 연속되어 행동과 실물 능력이 높다.,훅은 마지막 프레임의 열린 질문만 세어 8→7 판정
250,250화,L44568~L44721,EDIT,EDIT,PASS,5,5,9,9,8,7,0.18/0.27/0.20/0.10/0.25,0.18/0.27/0.20/0.10/0.25,국민경제회복펀드를 출시해 10분 만에 5만 명을 받고 개인 후보 투자·맞춤공약 알고리즘을 보강하며 미국 제작진을 붙인 위튜브 정치채널을 운영한다,전국 선거자금과 무료 디지털 유세망을 확보해 최재석의 경기도 역전 기반을 만든다,최재석의 7퍼센트 열세를 뒤집을 경기도 전체 대형 이슈 여러 개는 무엇인가?,국민경제회복펀드를 출시해 10분 만에 5만 명을 받고 개인 후보 투자·맞춤공약 알고리즘을 보강하며 미국 제작진을 붙인 위튜브 정치채널을 운영한다; 일주일 목표액 달성 뒤 한 달 누적 400억 원·정치채널 구독자 70만 명·후보 80% 보전 가능성이 확인된다; 전국 선거자금과 무료 디지털 유세망을 확보해 최재석의 경기도 역전 기반을 만든다,국민경제회복펀드를 출시해 10분 만에 5만 명을 받고 개인 후보 투자·맞춤공약 알고리즘을 보강하며 미국 제작진을 붙인 위튜브 정치채널을 운영한다; 일주일 목표액 달성 뒤 한 달 누적 400억 원·정치채널 구독자 70만 명·후보 80% 보전 가능성이 확인된다; 전국 선거자금과 무료 디지털 유세망을 확보해 최재석의 경기도 역전 기반을 만든다,400억 원·70만 구독자가 깨끗한 선거조직으로 바뀌어 행동과 지위 보상이 크게 지급된다.,400억 원·70만 구독자가 깨끗한 선거조직으로 바뀌어 행동과 지위 보상이 크게 지급된다.,훅은 마지막 프레임의 열린 질문만 세어 8→7 판정
251,251,L44722~L44903,PASS,EDIT,PASS,5,5,8,7,7,5,0.24/0.28/0.15/0.12/0.21,0.24/0.28/0.15/0.12/0.21,애플·아마존·구글·TDK 등 30조 원대 유치 발표를 최재석 공으로 포장하고 드라이빙 센터에서 쿼크형 소형차와 픽업트럭의 제로백·회생제동·주행거리·코너링을 직접 검수한다.,최재석 지지율이 하루 4% 뛰고 수년·조 단위 투자의 결과인 상용 전기차 두 대가 실주행 성능을 증명한다.,태우·카이·테슬라 가운데 누가 LA 모터쇼의 주인공이 되어도 김민재가 최대주주로 이긴다.,최재석 공장 유치 여론전이 지지율을 끌어올리고 태우·카이 전기차 시제품이 드라이빙 센터 시험을 통과한다.,애플·아마존·구글·TDK 등 30조 원대 유치 발표를 최재석 공으로 포장하고 드라이빙 센터에서 쿼크형 소형차와 픽업트럭의 제로백·회생제동·주행거리·코너링을 직접 검수한다; 폴리우레탄 전용 타이어 등 보완책을 지시한 뒤 태우·카이·테슬라 세 회사가 같은 LA 모터쇼에 각기 다른 전기차를 내놓는 구도가 드러난다; 최재석 지지율이 하루 4% 뛰고 수년·조 단위 투자의 결과인 상용 전기차 두 대가 실주행 성능을 증명한다,투자유치 발표와 쿼크·픽업의 제로백·제동·코너링 실주행이 행동과 제품 보상을 끌어올린다.,투자유치 발표와 쿼크·픽업의 제로백·제동·코너링 실주행이 행동과 제품 보상을 끌어올린다.,보상은 실제 지급만 세어 8→7 판정; 훅은 마지막 프레임의 열린 질문만 세어 7→5 판정
252,252,L44904~L45072,PASS,EDIT,PASS,6,6,9,8,7,6,0.17/0.35/0.16/0.12/0.20,0.17/0.35/0.16/0.12/0.20,산장에서 최재석에게 경제위기 TF를 권하고 LA로 날아가 데이비드·머스크·개발진을 점검한 뒤 태우 쿼크·카이 픽업·테슬라 스포츠카를 연속 공개한다.,최재석과 국민경제당이 경기 주요 시장 10곳 이상까지 얻고 세 전기차가 기자·관람객의 환호를 끌어낸다.,김민재가 이날을 자동차 시장 급변의 특이점으로 기억하라고 데이비드에게 말한다.,최재석이 경기지사가 되고 LA 모터쇼에서 쿼크·카이 픽업·테슬라 스포츠카가 연속 공개된다.,산장에서 최재석에게 경제위기 TF를 권하고 LA로 날아가 데이비드·머스크·개발진을 점검한 뒤 태우 쿼크·카이 픽업·테슬라 스포츠카를 연속 공개한다; 서로 다른 차급의 전기차가 세 번 연속 등장하자 관람객이 상용화 가능성을 믿기 시작하고 모터쇼 자체가 전기차 박람회로 변한다; 최재석과 국민경제당이 경기 주요 시장 10곳 이상까지 얻고 세 전기차가 기자·관람객의 환호를 끌어낸다,세 회사 전기차를 연달아 공개해 LA 모터쇼를 전기차 무대로 바꾸는 행동·환호가 중심이다.,세 회사의 전기차가 연달아 무대에 올라 LA 모터쇼의 공기를 바꾼다. 공개 순서마다 관객 반응이 커져 기술설명보다 현장 환호가 속도를 끌어올린다.,보상은 실제 지급만 세어 9→8 판정; 훅은 마지막 프레임의 열린 질문만 세어 7→6 판정; L44904~L45072 수동 재독; 범용 중심·비중 문구를 장면 리듬으로 교체; L44904~L45072 수동 재독; 범용 중심·비중 문구를 장면 리듬으로 교체; L44904~L45072 수동 재독; 범용 중심·비중 문구를 장면 리듬으로 교체; L44904~L45072 수동 재독; 범용 중심·비중 문구를 장면 리듬으로 교체; L44904~L45072 수동 재독; 범용 중심·비중 문구를 장면 리듬으로 교체; L44904~L45072 수동 재독; 범용 중심·비중 문구를 장면 리듬으로 교체; L44904~L45072 수동 재독; 범용 중심·비중 문구를 장면 리듬으로 교체; L44904~L45072 수동 재독; 범용 중심·비중 문구를 장면 리듬으로 교체; L44904~L45072 수동 재독; 범용 중심·비중 문구를 장면 리듬으로 교체; L44904~L45072 수동 재독; 범용 중심·비중 문구를 장면 리듬으로 교체; L44904~L45072 수동 재독; 범용 중심·비중 문구를 장면 리듬으로 교체
253,253,L45073~L45227,PASS,EDIT,PASS,5,5,8,7,8,7,0.28/0.16/0.26/0.17/0.13,0.28/0.16/0.26/0.17/0.13,전기차를 걱정하는 김태중에게 장기 선점 논리를 설명해 믿음을 얻고 한 팀장·데이비드에게 연체율·파산율·평가등급 괴리를 보고받아 부동산 버블을 경고한 라잔 접촉을 지시한다.,김태중이 실패 가능성까지 감수하고 손자를 믿겠다고 약속하며 서브프라임 조기 경보를 공유할 동료 후보를 찾는다.,2005년부터 미국 부동산 붕괴를 경고한 라잔을 만나 SAVE의 다음 책임자로 영입할 수 있는가?,김태중이 전기차 투자를 믿어 주고 한 팀장의 연체·파산 지표가 라구람 라잔 영입으로 이어진다.,전기차를 걱정하는 김태중에게 장기 선점 논리를 설명해 믿음을 얻고 한 팀장·데이비드에게 연체율·파산율·평가등급 괴리를 보고받아 부동산 버블을 경고한 라잔 접촉을 지시한다; 지역 연방준비은행과 IMF 출신 라잔도 2005년부터 부동산 버블을 경고했고 현재 미국에 있음이 확인된다; 김태중이 실패 가능성까지 감수하고 손자를 믿겠다고 약속하며 서브프라임 조기 경보를 공유할 동료 후보를 찾는다,김태중이 실패까지 감수해 손자를 믿고 라잔 정보를 찾으면서 관계 보상과 위기 정보가 교대한다.,김태중이 실패까지 감수해 손자를 믿고 라잔 정보를 찾으면서 관계 보상과 위기 정보가 교대한다.,보상은 실제 지급만 세어 8→7 판정; 훅은 마지막 프레임의 열린 질문만 세어 8→7 판정; L45073~L45227 수동 재독; 회차 필드 경계 교정; L45073~L45227 수동 재독; 회차 필드 경계 교정; L45073~L45227 수동 재독; 회차 필드 경계 교정; L45073~L45227 수동 재독; 회차 필드 경계 교정; L45073~L45227 수동 재독; 회차 필드 경계 교정; L45073~L45227 수동 재독; 회차 필드 경계 교정; L45073~L45227 수동 재독; 회차 필드 경계 교정; L45073~L45227 수동 재독; 회차 필드 경계 교정; L45073~L45227 수동 재독; 회차 필드 경계 교정; L45073~L45227 수동 재독; 회차 필드 경계 교정
254,254,L45228~L45387,PASS,EDIT,PASS,6,6,9,8,9,8,0.32/0.18/0.25/0.10/0.15,0.32/0.18/0.25/0.10/0.15,IIT 한국 캠퍼스 총장직·최고 연봉·10년 고용·자유 연구를 제시해 라잔을 설득하고 아마존·구글·페이스북·애플 경영진에게 위기 자료를 보여 준다.,라잔·로버트 등 희귀 인재 7명과 위기를 버틸 빅테크 긴축 동맹을 얻는다.,금리 한 번이면 돌이킬 수 없는 D-DAY가 시작된다는 계산이 나온다.,김민재가 라잔과 7명의 석학을 영입하고 로버트가 다음 금리 인상을 D-DAY 도화선으로 계산한다.,IIT 한국 캠퍼스 총장직·최고 연봉·10년 고용·자유 연구를 제시해 라잔을 설득하고 아마존·구글·페이스북·애플 경영진에게 위기 자료를 보여 준다; 라잔이 7명의 석학과 돌아오고 로버트 교수의 계산이 다음 연준 금리 인상을 부도 도화선으로 지목한다; 라잔·로버트 등 희귀 인재 7명과 위기를 버틸 빅테크 긴축 동맹을 얻는다,라잔 등 석학 7명과 금리 도화선 계산을 얻어 위기정보와 인재 동맹이 강하게 지급된다.,라잔 등 석학 7명과 금리 도화선 계산을 얻어 위기정보와 인재 동맹이 강하게 지급된다.,보상은 실제 지급만 세어 9→8 판정; 훅은 마지막 프레임의 열린 질문만 세어 9→8 판정
255,255,L45388~L45569,PASS,EDIT,PASS,7,7,7,6,9,8,0.25/0.28/0.24/0.12/0.11,0.25/0.28/0.24/0.12/0.11,별동대 ‘모럴해저드’를 창립해 위튜브·구글·페이스북 생중계와 알고리즘 노출을 밀고 버냉키의 긴급 회견을 유도한 뒤 공항 이동 직전 정부 차량의 비밀 호출에 응한다.,배척받던 학자들이 공식 단체와 전국적 발언권을 얻고 김민재가 먼저 가격을 부르지 않은 채 대통령 면담권을 확보한다.,부시가 ‘가장 든든한 후원자’ 김민재를 맞지만 앞으로도 갑일 수 있느냐는 역전 예고가 붙는다.,모럴해저드 생중계가 버냉키의 부인 회견을 끌어내고 부시 대통령이 출국 직전 김민재를 비밀 소환한다.,별동대 ‘모럴해저드’를 창립해 위튜브·구글·페이스북 생중계와 알고리즘 노출을 밀고 버냉키의 긴급 회견을 유도한 뒤 공항 이동 직전 정부 차량의 비밀 호출에 응한다; 논쟁 자체가 검색 1위와 대형 언론 의제로 번지고 끝내 부시 대통령이 보안을 위해 납치극 같은 방식으로 김민재를 비밀리에 부른다; 배척받던 학자들이 공식 단체와 전국적 발언권을 얻고 김민재가 먼저 가격을 부르지 않은 채 대통령 면담권을 확보한다,모럴해저드 생중계가 버냉키와 부시의 비밀 호출을 끌어내 행동·정치 관계의 긴장이 높다.,모럴해저드 자료를 생중계하자 버냉키와 부시가 비밀리에 김민재를 부른다. 공개 폭로가 미국 최고 정책라인의 호출로 돌아오며 월가 비판이 정부 협상으로 넘어간다.,보상은 실제 지급만 세어 7→6 판정; 훅은 마지막 프레임의 열린 질문만 세어 9→8 판정; L45388~L45569 수동 재독; 편집 메타어를 실제 장면·숫자·사람 반응으로 교체; L45388~L45569 수동 재독; 편집 메타어를 실제 장면·숫자·사람 반응으로 교체
256,256,L45570~L45726,PASS,EDIT,PASS,6,6,7,6,8,7,0.31/0.18/0.20/0.12/0.19,0.31/0.18/0.20/0.12/0.19,죽은 사람·강아지 명의 대출과 평가기관 수익 구조를 설명하지만 일부러 더 강요하지 않고 비련의 경고자 역할을 끝낸 뒤 귀국해 태우증권의 KIKO 판매 계획을 철회시킨다.,미국 정부 상대 사전 면책과 태우 협력사 보호 방향을 동시에 확보한다.,김민재가 KIKO를 일본에 팔았던 한 팀장을 국내 은행권 처리 전문가로 지목한다.,부시가 위기 경고를 음모론이라 모욕하자 김민재는 이를 미래 면책으로 남기고 국내 KIKO 판매를 포착한다.,죽은 사람·강아지 명의 대출과 평가기관 수익 구조를 설명하지만 일부러 더 강요하지 않고 비련의 경고자 역할을 끝낸 뒤 귀국해 태우증권의 KIKO 판매 계획을 철회시킨다; 부시의 공개적 불신이 위기 후 김민재만 의지하게 할 증거가 되고 KIKO 설계 경험이 은행권을 역으로 물릴 무기가 된다; 미국 정부 상대 사전 면책과 태우 협력사 보호 방향을 동시에 확보한다,부시의 불신을 사전 면책으로 남기고 KIKO 판매를 막아 정보판단과 금융 방패에 머문다.,부시의 불신을 사전 면책으로 남기고 KIKO 판매를 막아 정보판단과 금융 방패에 머문다.,보상은 실제 지급만 세어 7→6 판정; 훅은 마지막 프레임의 열린 질문만 세어 8→7 판정
257,257,L45727~L45913,EDIT,EDIT,PASS,7,7,7,7,8,6,0.23/0.27/0.27/0.10/0.13,0.23/0.27/0.27/0.10/0.13,중소기업 간담회에서 보험료를 대신 내고 보험금 60%를 받기로 한 뒤 신화은행 정태섭 부행장에게 3년·환율 60% 상승·원금 10배 보상·월 3% 보험료 조건을 강요한다.,신화은행이 중소기업의 위험을 떠안을 KIKO 보험 출시를 약속하고 한 팀장은 태우증권 사장감 업적의 씨앗을 만든다.,한 팀장은 자신을 벌레 보듯 한 정태섭의 높은 콧대를 기억하며 응징을 예고한다.,한 팀장이 중소기업의 집단 취소권으로 신화은행에 10배 보상 KIKO 보험을 출시하게 만든다.,중소기업 간담회에서 보험료를 대신 내고 보험금 60%를 받기로 한 뒤 신화은행 정태섭 부행장에게 3년·환율 60% 상승·원금 10배 보상·월 3% 보험료 조건을 강요한다; 5천억 원 KIKO의 집단 취소를 압박 카드로 내밀자 정태섭은 매달 150억 원 보험료와 한 팀장의 거간 수수료만 보고 초안을 수용한다; 신화은행이 중소기업의 위험을 떠안을 KIKO 보험 출시를 약속하고 한 팀장은 태우증권 사장감 업적의 씨앗을 만든다,중소기업 동의서와 월 3% 조건으로 정태섭을 몰아붙여 협상 행동·권력관계가 중심이다.,"중소기업 보험료를 대신 내는 대가로 보험금 60퍼센트를 받는 구조를 깔고, 정태섭에게 3년·환율 60퍼센트 상승·원금 열 배 보상·월 3퍼센트라는 KIKO 조건을 몰아붙인다. 출시 약속 뒤 한 팀장이 자신을 벌레 보듯 한 부행장을 기억하는 마지막 감정이 금융 설계에 사적인 응징 맛을 붙인다.","훅은 마지막 프레임의 열린 질문만 세어 8→6 판정; L45727~L45913 수동 재독; 점수·리본 유지, 기계적 note만 장면별 편집문으로 교체; L45727~L45913 수동 재독; 기계적 note를 장면별 편집문으로 교체; L45727~L45913 수동 재독; 기계적 note를 장면별 편집문으로 교체; L45727~L45913 수동 재독; 기계적 note를 장면별 편집문으로 교체; L45727~L45913 수동 재독; 기계적 note를 장면별 편집문으로 교체; L45727~L45913 수동 재독; 기계적 note를 장면별 편집문으로 교체; L45727~L45913 수동 재독; 기계적 note를 장면별 편집문으로 교체; L45727~L45913 수동 재독; 기계적 note를 장면별 편집문으로 교체; L45727~L45913 수동 재독; 기계적 note를 장면별 편집문으로 교체; L45727~L45913 수동 재독; 기계적 note를 장면별 편집문으로 교체; L45727~L45913 수동 재독; 기계적 note를 장면별 편집문으로 교체; L45727~L45913 수동 재독; 기계적 note를 장면별 편집문으로 교체; L45727~L45913 수동 재독; 기계적 note를 장면별 편집문으로 교체"
258,258,L45914~L46075,PASS,EDIT,PASS,6,6,7,6,8,7,0.31/0.17/0.19/0.11/0.22,0.31/0.17/0.19/0.11/0.22,SAVE 페이퍼컴퍼니가 최대 2년 보험료를 내도록 하고 한 팀장을 미국으로 복귀시킨 뒤 기획실장에게 국내 대선 중립과 차기 미국 정권·국민경제당을 통한 방어 전략을 지시한다.,은행권에 대한 환율 급등 청구권과 대선 중립이라는 장기 생존 방침을 얻는다.,연준이 금리를 5.25%로 또 올리고 데이비드가 오바마 지원과 스페이스X 2차 실패 소식을 전한다.,KIKO 보험판이 15조 원으로 커지고 태우그룹은 국내 대선 중립과 미국 방파제 전략을 정한다.,SAVE 페이퍼컴퍼니가 최대 2년 보험료를 내도록 하고 한 팀장을 미국으로 복귀시킨 뒤 기획실장에게 국내 대선 중립과 차기 미국 정권·국민경제당을 통한 방어 전략을 지시한다; 15조 원 규모 보험권이 한 팀장의 사장 승진 자산이 되고 태우 GDP 비중·오바마 인맥이 국내 권력에 줄 설 필요를 낮춘다; 은행권에 대한 환율 급등 청구권과 대선 중립이라는 장기 생존 방침을 얻는다,15조 청구권·대선 중립·오바마 축을 설계해 정보와 장기 금융지위에 비중이 실린다.,"15조 원 청구권과 대선 중립, 오바마 연결선을 한 판에 배치한다. 지금 받을 돈과 다음 정권에서 지킬 위치를 함께 설계해 단기 수확이 정치보험으로 이어진다.",보상은 실제 지급만 세어 7→6 판정; 훅은 마지막 프레임의 열린 질문만 세어 8→7 판정; L45914~L46075 수동 재독; 편집 메타어를 실제 장면·숫자·사람 반응으로 교체; L45914~L46075 수동 재독; 편집 메타어를 실제 장면·숫자·사람 반응으로 교체
259,259,L46076~L46253,PASS,EDIT,PASS,8,8,6,6,9,8,0.19/0.36/0.17/0.18/0.10,0.19/0.36/0.17/0.18/0.10,천민정에게 차세대 스마트 셋톱박스와 바둑 AI 진행을 보고받고 스타크 AI를 용산 프로게이머 이벤트전에 투입한다.,천민정의 연구가 연구실을 벗어나 차세대 스마트 셋톱박스 준비와 대중 앞 인간-AI 대결로 진입한다.,한국 정상급 프로가 AI의 반응 패턴을 역이용해 인간 역전 가능성을 만든다.,천민정의 픽시2·바둑 AI·스타크 AI가 공개되고 정상급 프로가 덫으로 AI를 몰아붙인다.,천민정에게 차세대 스마트 셋톱박스와 바둑 AI 진행을 보고받고 스타크 AI를 용산 프로게이머 이벤트전에 투입한다; AI가 초반 날빌을 압도하지만 랭킹 2위 선수가 일부러 유닛을 흘린 덫으로 AI 본대를 유인해 승률을 20%까지 떨어뜨린다; 천민정의 연구가 연구실을 벗어나 차세대 스마트 셋톱박스 준비와 대중 앞 인간-AI 대결로 진입한다,스타크 AI가 프로의 덫에 걸려 승률 20%로 내려가 대결 행동과 역전 불안이 크게 솟는다.,스타크 AI가 프로의 덫에 걸려 승률 20%로 내려가 대결 행동과 역전 불안이 크게 솟는다.,훅은 마지막 프레임의 열린 질문만 세어 9→8 판정; L46076~L46253 수동 재독; 회차 필드 경계 교정; L46076~L46253 수동 재독; 회차 필드 경계 교정; L46076~L46253 수동 재독; 회차 필드 경계 교정; L46076~L46253 수동 재독; 회차 필드 경계 교정; L46076~L46253 수동 재독; 회차 필드 경계 교정; L46076~L46253 수동 재독; 회차 필드 경계 교정; L46076~L46253 수동 재독; 회차 필드 경계 교정; L46076~L46253 수동 재독; 회차 필드 경계 교정; L46076~L46253 수동 재독; 회차 필드 경계 교정; L46076~L46253 수동 재독; 회차 필드 경계 교정
260,260,L46254~L46423,PASS,EDIT,PASS,6,6,7,6,8,8,0.34/0.17/0.16/0.08/0.25,0.34/0.17/0.16/0.08/0.25,위튜브 200만 동시시청·태우IT 13% 상승·픽시2 문의를 확인하고 한 팀장에게 남은 AAA 보험을 사들이게 하며 박 사장에게 모럴해저드 자료를 신뢰하고 애플·구글·아마존 중심으로 펀드를 재편하라고 지시한다.,태우 IT 3개 계열사의 주가·상품 기대가 오르고 태우증권은 위험자산 회수 명령을 받는다.,주한 미국 대사가 김민재와의 긴급 면담을 요청한다.,AI 이벤트가 200만 시청·태우IT 13% 상승을 만들고 모기지 파산·리먼 붕괴 예측이 현실권에 든다.,위튜브 200만 동시시청·태우IT 13% 상승·픽시2 문의를 확인하고 한 팀장에게 남은 AAA 보험을 사들이게 하며 박 사장에게 모럴해저드 자료를 신뢰하고 애플·구글·아마존 중심으로 펀드를 재편하라고 지시한다; AI 예측이 모럴해저드의 자료와 결합해 리먼 파산까지 특정하고 태우증권이 46조 원 펀드 광풍에서 빠져나올 수 있게 된다; 태우 IT 3개 계열사의 주가·상품 기대가 오르고 태우증권은 위험자산 회수 명령을 받는다,모럴해저드 자료로 리먼을 특정하고 46조 펀드를 옮겨 정보·금융자산 판단이 지배한다.,모럴해저드 자료에서 리먼을 다음 붕괴점으로 특정하고 46조 원 펀드를 옮긴다. 위험을 설명한 직후 실제 자금이 이동해 예측이 방어행동으로 바뀐다.,보상은 실제 지급만 세어 7→6 판정; L46254~L46423 수동 재독; 편집 메타어를 실제 장면·숫자·사람 반응으로 교체; L46254~L46423 수동 재독; 편집 메타어를 실제 장면·숫자·사람 반응으로 교체
261,261,L46424~L46598,PASS,EDIT,PASS,8,8,8,7,9,8,0.24/0.28/0.24/0.13/0.11,0.24/0.28/0.24/0.13/0.11,크리스 대사에게 내년 초 비공식 워싱턴 회의를 수락하고 개인 자산까지 현금화하라고 조언한 뒤 김태중에게 태우를 맡기고 2007년 첫날 미국으로 날아가 약한 투자자들의 보험권 일부 매입을 지시한다.,김민재는 김태중의 그룹 위임과 미국 대통령·연준을 상대할 주도권을 얻고 보험 매집까지 확대한다.,시차 적응도 없이 워싱턴으로 가서 백악관과 연준의 ‘개소리’를 들을 차례다.,부시가 워싱턴 재면담을 청하고 김태중이 그룹을 맡긴 가운데 HSBC·뉴센추리가 위기 신호탄을 쏜다.,크리스 대사에게 내년 초 비공식 워싱턴 회의를 수락하고 개인 자산까지 현금화하라고 조언한 뒤 김태중에게 태우를 맡기고 2007년 첫날 미국으로 날아가 약한 투자자들의 보험권 일부 매입을 지시한다; HSBC가 100억 달러 손실을 예고하고 뉴센추리 파산이 임박해 위기가 공식 신호탄을 쏘며 부시가 다음 날 당장 만나자고 재촉한다; 김민재는 김태중의 그룹 위임과 미국 대통령·연준을 상대할 주도권을 얻고 보험 매집까지 확대한다,HSBC·뉴센추리 신호와 김태중의 그룹 위임 뒤 곧장 워싱턴행이라 긴장·행동·관계가 함께 높다.,HSBC와 뉴센추리의 이상신호를 확인하고 김태중에게 그룹을 위임받은 뒤 곧장 워싱턴으로 향한다. 가족의 권한 이양을 축하할 틈 없이 미국 금융위기 현장으로 속도를 높인다.,보상은 실제 지급만 세어 8→7 판정; 훅은 마지막 프레임의 열린 질문만 세어 9→8 판정; L46424~L46598 수동 재독; 편집 메타어를 실제 장면·숫자·사람 반응으로 교체; L46424~L46598 수동 재독; 편집 메타어를 실제 장면·숫자·사람 반응으로 교체
262,262화,L46599~L46766,PASS,EDIT,PASS,8,8,7,6,8,7,0.31/0.28/0.20/0.10/0.11,0.31/0.28/0.20/0.10/0.11,채권등급·현금고갈·평가기관 담합을 공격해 연준으로부터 ‘금융 시스템 책임’ 발언을 끌어낸 뒤 조지 소로스의 퀀텀펀드만 동맹으로 남긴다.,향후 실패 책임은 연준에 귀속되고 SAVE·퀀텀은 월가 생존자 동맹이 된다.,월가 대부분이 SAVE의 자금을 구걸하지만 김민재는 더 큰 먹잇감이 쓰러질 때까지 기다린다.,김민재가 미 경제 수뇌부 앞에서 연준의 책임 발언을 끌어내고 뉴센추리 인수를 거절한다.,채권등급·현금고갈·평가기관 담합을 공격해 연준으로부터 ‘금융 시스템 책임’ 발언을 끌어낸 뒤 조지 소로스의 퀀텀펀드만 동맹으로 남긴다; 김민재는 작은 모기지사 대신 투자회사·보험사를 원한다고 선언하고 퀀텀펀드가 자신의 경고를 따라 안전하다는 사실을 확인한다; 향후 실패 책임은 연준에 귀속되고 SAVE·퀀텀은 월가 생존자 동맹이 된다,연준의 책임을 박고 작은 회사 대신 보험사를 요구하는 논증과 협상 공세가 중심이다.,연준의 책임을 정면으로 박고 작은 회사 대신 보험사를 내놓으라고 요구한다. 원인 논증이 끝나자 보상 규모를 키우는 협상공세가 바로 이어진다.,보상은 실제 지급만 세어 7→6 판정; 훅은 마지막 프레임의 열린 질문만 세어 8→7 판정; L46599~L46766 수동 재독; 범용 중심·비중 문구를 장면 리듬으로 교체; L46599~L46766 수동 재독; 범용 중심·비중 문구를 장면 리듬으로 교체; L46599~L46766 수동 재독; 범용 중심·비중 문구를 장면 리듬으로 교체; L46599~L46766 수동 재독; 범용 중심·비중 문구를 장면 리듬으로 교체; L46599~L46766 수동 재독; 범용 중심·비중 문구를 장면 리듬으로 교체; L46599~L46766 수동 재독; 범용 중심·비중 문구를 장면 리듬으로 교체; L46599~L46766 수동 재독; 범용 중심·비중 문구를 장면 리듬으로 교체; L46599~L46766 수동 재독; 범용 중심·비중 문구를 장면 리듬으로 교체; L46599~L46766 수동 재독; 범용 중심·비중 문구를 장면 리듬으로 교체; L46599~L46766 수동 재독; 범용 중심·비중 문구를 장면 리듬으로 교체; L46599~L46766 수동 재독; 범용 중심·비중 문구를 장면 리듬으로 교체
263,263,L46767~L46931,EDIT,EDIT,PASS,4,4,8,7,8,6,0.25/0.19/0.29/0.08/0.19,0.25/0.19/0.29/0.08/0.19,스티브 잡스에게 UFO형 애플 신사옥을 태우건설이 맡겠다고 하고 태우·카이 전기차에 애플 UI·OS·디자인·구독 서비스를 결합하는 애플카 구두합의를 만든 뒤 아마존 자동화 시설을 보러 간다.,"애플 파크 건설 요청안과 애플카 소프트웨어·디자인 협력 구두합의, 애플 최고 디자이너 투입 약속을 얻는다. 애플 파크 정식 수주 계약은 아직 전이다.",제프리 베조스가 산업 혁신을 일으킬 아마존 자동화 설비를 완성했다고 선언한다.,애플 파크 수주와 애플-태우 전기차·구독 서비스 협업을 스티브 잡스와 구두 합의한다.,"스티브 잡스에게 UFO형 애플 신사옥을 태우건설이 맡겠다고 하고 태우·카이 전기차에 애플 UI·OS·디자인·구독 서비스를 결합하는 애플카 구두합의를 만든 뒤 아마존 자동화 시설을 보러 간다; 아이폰 공동 성공을 근거로 스티브가 소프트웨어 비용을 애플이 부담하고 최고 디자이너까지 투입하기로 한다; 애플 파크 건설 요청안과 애플카 소프트웨어·디자인 협력 구두합의, 애플 최고 디자이너 투입 약속을 얻는다. 애플 파크 정식 수주 계약은 아직 전이다",스티브와 사옥·UI·디자인·구독을 교환해 브랜드 관계와 장기 계약 보상이 크다.,"스티브에게 UFO형 애플 신사옥과 태우·카이 전기차의 UI·OS·디자인·구독 결합을 제시해 애플카 구두합의를 만든다. 정식 사옥 수주는 남긴 채 아마존 자동화 시설로 이동하고, 제프리가 완성을 선언하는 마지막 화면이 다음 산업 현장을 선명하게 바꾼다.","보상은 실제 지급만 세어 8→7 판정; 훅은 마지막 프레임의 열린 질문만 세어 8→6 판정; L46767~L46931 수동 재독; 점수·리본 유지, 기계적 note만 장면별 편집문으로 교체; L46767~L46931 수동 재독; 기계적 note를 장면별 편집문으로 교체; L46767~L46931 수동 재독; 기계적 note를 장면별 편집문으로 교체; L46767~L46931 수동 재독; 기계적 note를 장면별 편집문으로 교체; L46767~L46931 수동 재독; 기계적 note를 장면별 편집문으로 교체; L46767~L46931 수동 재독; 기계적 note를 장면별 편집문으로 교체; L46767~L46931 수동 재독; 기계적 note를 장면별 편집문으로 교체; L46767~L46931 수동 재독; 기계적 note를 장면별 편집문으로 교체; L46767~L46931 수동 재독; 기계적 note를 장면별 편집문으로 교체; L46767~L46931 수동 재독; 기계적 note를 장면별 편집문으로 교체; L46767~L46931 수동 재독; 기계적 note를 장면별 편집문으로 교체; L46767~L46931 수동 재독; 기계적 note를 장면별 편집문으로 교체; L46767~L46931 수동 재독; 기계적 note를 장면별 편집문으로 교체"
264,264,L46932~L47106,PASS,EDIT,PASS,7,7,8,7,9,9,0.32/0.22/0.20/0.12/0.14,0.32/0.22/0.20/0.12/0.14,지게차 로봇·자동검수·로봇팔·드론을 점검해 10년 내 무인공장을 약속하고 다이먼에게 CITI가 완전히 소진될 때까지 기다리게 한 뒤 김태중의 ‘완벽히 끝내고 오라’는 전언을 받는다.,태우는 자동화 투자·국제 협업 수십조 원을 묶고 김민재는 할아버지에게 그룹 규모를 두 배로 키워 돌아오겠다고 약속한다.,1년 뒤 리먼 브라더스가 흔들리며 씨 뿌리기가 끝나고 수확기가 시작된다.,아마존 무인물류를 확인한 뒤 뉴센추리·베어스턴스·CITI를 거쳐 1년 후 리먼 파산설까지 간다.,지게차 로봇·자동검수·로봇팔·드론을 점검해 10년 내 무인공장을 약속하고 다이먼에게 CITI가 완전히 소진될 때까지 기다리게 한 뒤 김태중의 ‘완벽히 끝내고 오라’는 전언을 받는다; 뉴센추리 파산과 베어스턴스 손실이 신용등급 하락을 촉발하고 1년 시간 점프 끝에 리먼 파산설까지 현실화한다; 태우는 자동화 투자·국제 협업 수십조 원을 묶고 김민재는 할아버지에게 그룹 규모를 두 배로 키워 돌아오겠다고 약속한다,무인공장 구상과 조부의 약속 뒤 1년을 건너 리먼 파산설이 현실화되어 정보 압박이 급상승한다.,"아마존 물류자동화와 장기 무인공장 구상을 점검하고, 김태중의 전언을 들은 김민재가 그룹을 두 배로 키워 돌아오겠다고 답한다. 1년을 건너 베어스턴스·모기지 부실과 리먼 파산설이 현실화하면서 기다리던 금융 수확기의 문턱에 선다.","보상은 실제 지급만 세어 8→7 판정; L46932~L47106 수동 재독; 회차 필드 경계 교정; L46932~L47106 수동 재독; 회차 필드 경계 교정; L46932~L47106 수동 재독; 회차 필드 경계 교정; L46932~L47106 수동 재독; 회차 필드 경계 교정, 표본 note를 현재 화 표면으로 교정; L46932~L47106 수동 재독; 회차 필드 경계 교정, 표본 note를 현재 화 표면으로 교정; L46932~L47106 수동 재독; 회차 필드 경계 교정, 표본 note를 현재 화 표면으로 교정; L46932~L47106 수동 재독; 회차 필드 경계 교정, 표본 note를 현재 화 표면으로 교정; L46932~L47106 수동 재독; 회차 필드 경계 교정, 표본 note를 현재 화 표면으로 교정; L46932~L47106 수동 재독; 회차 필드 경계 교정, 표본 note를 현재 화 표면으로 교정; L46932~L47106 수동 재독; 회차 필드 경계 교정, 표본 note를 현재 화 표면으로 교정"
265,265,L47107~L47279,PASS,EDIT,PASS,7,7,8,7,9,8,0.24/0.25/0.26/0.13/0.12,0.24/0.25/0.26/0.13/0.12,샌디 웨일·제시카의 무책임을 관찰하고 다이먼이 보험료 5배 해지 제안을 내쫓은 뒤 한 팀장에게 모건스탠리·AIZ 보험 노출액을 확인한다.,다이먼은 샌디 웨일에게 버림받은 과거를 지위 역전으로 보상받고 김민재는 미국 구조조정의 조커 AIZ 증서를 쥔다.,정권 말기 정부를 상대로 가장 맛있는 금융 과실만 고를 협상이 열린다.,제시카의 보험 해지 구걸을 다이먼이 거절하고 AIZ 3천억 달러 증서 때문에 미국 정부가 워싱턴 협상을 청한다.,샌디 웨일·제시카의 무책임을 관찰하고 다이먼이 보험료 5배 해지 제안을 내쫓은 뒤 한 팀장에게 모건스탠리·AIZ 보험 노출액을 확인한다; SAVE와 핀테크의 동의 없이는 미국 정부가 살릴 회사조차 정할 수 없다는 권력 구조가 완성되고 정부가 두 사람을 함께 워싱턴으로 간곡히 부른다; 다이먼은 샌디 웨일에게 버림받은 과거를 지위 역전으로 보상받고 김민재는 미국 구조조정의 조커 AIZ 증서를 쥔다,다이먼의 과거 굴욕과 AIZ 보험 노출이 정부의 구조 요청으로 역전되어 관계 긴장이 높다.,다이먼이 겪은 과거 굴욕과 AIZ의 보험노출이 미국 정부의 구조요청으로 뒤집힌다. 밀려났던 금융가가 국가가 찾는 협상통로가 되며 오래 묵은 감정이 실무권으로 돌아온다.,보상은 실제 지급만 세어 8→7 판정; 훅은 마지막 프레임의 열린 질문만 세어 9→8 판정; L47107~L47279 수동 재독; 편집 메타어를 실제 장면·숫자·사람 반응으로 교체; L47107~L47279 수동 재독; 편집 메타어를 실제 장면·숫자·사람 반응으로 교체
266,266,L47280~L47441,PASS,EDIT,PASS,9,9,7,6,9,8,0.26/0.34/0.22/0.09/0.09,0.26/0.34/0.22/0.09/0.09,연준 인사의 모욕에 다이먼과 실제 퇴장해 재무부를 굴복시키고 사전 경고 보고서로 책임 전가를 차단한 뒤 AIZ 70% 이상을 부실 공개 후 4달러에 인수하겠다고 버틴다.,SAVE가 미국 최대 보험사 지배권을 얻을 실질 협상선에 도달하고 연준은 경고 무시 책임 때문에 침묵한다.,다이먼의 보험 청구 압박을 등에 업고 AIZ 4달러 인수 여부를 결판낸다.,김민재·다이먼이 회의장을 퇴장시켜 연준을 사과시키고 AIZ 70%를 주당 4달러에 요구한다.,연준 인사의 모욕에 다이먼과 실제 퇴장해 재무부를 굴복시키고 사전 경고 보고서로 책임 전가를 차단한 뒤 AIZ 70% 이상을 부실 공개 후 4달러에 인수하겠다고 버틴다; 버냉키가 7달러를 제시할 만큼 협상 주도권이 뒤집히지만 김민재는 손해를 감수하는 구조자라는 명분으로 ‘4달러’를 고수한다; SAVE가 미국 최대 보험사 지배권을 얻을 실질 협상선에 도달하고 연준은 경고 무시 책임 때문에 침묵한다,연준 모욕에 실제 퇴장하고 주당 4달러를 고수해 협상 행동과 압박이 최고조에 가깝다.,연준 모욕에 실제 퇴장하고 주당 4달러를 고수해 협상 행동과 압박이 최고조에 가깝다.,보상은 실제 지급만 세어 7→6 판정; 훅은 마지막 프레임의 열린 질문만 세어 9→8 판정
267,267,L47442~L47596,PASS,EDIT,PASS,9,9,10,9,9,8,0.18/0.33/0.20/0.12/0.17,0.18/0.33/0.20/0.12/0.17,다이먼이 AIZ 청구를 선언해 4달러·70% 지분을 관철하고 태우증권-SAVE-AIZ 합병안을 제시하며 CITI 인수에는 전 경영진 해임과 국세청 압박을 조건으로 건다.,김민재는 AIZ 지배권을 얻고 다이먼은 자신을 내쫓은 샌디 웨일을 정부 관료 앞에서 끌어내리는 복수를 완성한다.,재무부 호위 속 다이먼이 샌디 웨일에게 왕좌 탈환을 선언한다.,정부가 AIZ 4달러 인수와 CITI 경영진 축출을 보증하고 다이먼이 샌디 웨일의 왕좌를 빼앗는다.,다이먼이 AIZ 청구를 선언해 4달러·70% 지분을 관철하고 태우증권-SAVE-AIZ 합병안을 제시하며 CITI 인수에는 전 경영진 해임과 국세청 압박을 조건으로 건다; 정부가 채무 탕감·공적자금·만기 연장·부실펀드 청산을 약속하고 일주일 세무·형사 조사 끝에 다이먼을 CITI 회장석에 앉힌다; 김민재는 AIZ 지배권을 얻고 다이먼은 자신을 내쫓은 샌디 웨일을 정부 관료 앞에서 끌어내리는 복수를 완성한다,AIZ 70%와 CITI 왕좌를 관철해 다이먼의 복수·지분·정부지원이 한꺼번에 폭발한다.,AIZ 70%와 CITI 왕좌를 관철해 다이먼의 복수·지분·정부지원이 한꺼번에 폭발한다.,보상은 실제 지급만 세어 10→9 판정; 훅은 마지막 프레임의 열린 질문만 세어 9→8 판정
268,268화,L47597~L47759,PASS,EDIT,PASS,6,6,9,8,7,6,0.19/0.22/0.30/0.15/0.14,0.19/0.22/0.30/0.15/0.14,다이먼의 경영진 물갈이·구조조정을 승인하고 핀테크로 SAVE의 비공개 자산을 넘긴 뒤 데이비드를 AIZ 회식에 투입하고 박 사장을 금융계열 총괄로 승진시키며 SAVE가 자신의 회사임을 밝힌다.,다이먼의 과거 응어리가 해소되고 태우그룹은 투자·보험·증권을 아우르는 국제 금융 계열과 신뢰 가능한 총괄 사장을 얻는다.,충격에 빠진 기획실장과 박 사장을 재촉하며 아직 남은 과실 수확으로 이동한다.,다이먼의 복수를 정서적으로 결산하고 SAVE·태우증권·AIZ 지배 구조와 실소유 비밀을 태우 경영진에게 공개한다.,다이먼의 경영진 물갈이·구조조정을 승인하고 핀테크로 SAVE의 비공개 자산을 넘긴 뒤 데이비드를 AIZ 회식에 투입하고 박 사장을 금융계열 총괄로 승진시키며 SAVE가 자신의 회사임을 밝힌다; 다이먼은 복수 후 정신과 진료까지 끝내고 평생 CITI 왕좌를 지키겠다고 충성하며 한 팀장이 ‘도련님 전담팀’의 SAVE 창업 비밀을 증언한다; 다이먼의 과거 응어리가 해소되고 태우그룹은 투자·보험·증권을 아우르는 국제 금융 계열과 신뢰 가능한 총괄 사장을 얻는다,"다이먼 치료·충성과 박만덕 승진, SAVE 정체 공개가 사람과 조직의 지위를 재편한다.","다이먼 치료·충성과 박만덕 승진, SAVE 정체 공개가 사람과 조직의 지위를 재편한다.",보상은 실제 지급만 세어 9→8 판정; 훅은 마지막 프레임의 열린 질문만 세어 7→6 판정
269,269화,L47760~L47922,PASS,EDIT,PASS,5,5,9,8,8,7,0.19/0.18/0.33/0.17/0.13,0.19/0.18/0.33/0.17/0.13,공항 군중과 취재진을 통과해 김태중에게 SAVE 정체·AIZ 부채상환 계획을 설명하고 1700억 달러 부채에서 불필요 자산을 덜어 자동차사를 인수하겠다고 설득한다.,김민재는 국민적 지위와 할아버지의 자랑·승인을 얻고 태우는 금융 1위 도약 다음으로 자동차 세계 1위를 노린다.,김태중도 눈을 빛내며 GM과 포드 중 어느 회사를 삼킬지 묻는다.,김민재가 영웅처럼 귀국해 AIZ를 김태중에게 선물하고 GM·포드 무자본 인수 승인을 얻는다.,공항 군중과 취재진을 통과해 김태중에게 SAVE 정체·AIZ 부채상환 계획을 설명하고 1700억 달러 부채에서 불필요 자산을 덜어 자동차사를 인수하겠다고 설득한다; 태우·SAVE 현금은 쓰지 않고 보험증서와 미국 지원으로 부채를 줄이겠다는 조건에 김태중이 인수를 허락한다; 김민재는 국민적 지위와 할아버지의 자랑·승인을 얻고 태우는 금융 1위 도약 다음으로 자동차 세계 1위를 노린다,공항 환대 뒤 김태중이 자동차 인수를 허락해 조손 승인과 국민적 지위 보상이 중심이다.,공항 환대 뒤 김태중이 자동차 인수를 허락한다. 국민적 기대와 조손 승인이 겹쳐 해외기업 인수가 개인 야심에서 그룹의 공식 선택으로 올라선다.,보상은 실제 지급만 세어 9→8 판정; 훅은 마지막 프레임의 열린 질문만 세어 8→7 판정; L47760~L47922 수동 재독; 범용 중심·비중 문구를 장면 리듬으로 교체; L47760~L47922 수동 재독; 범용 중심·비중 문구를 장면 리듬으로 교체; L47760~L47922 수동 재독; 범용 중심·비중 문구를 장면 리듬으로 교체; L47760~L47922 수동 재독; 범용 중심·비중 문구를 장면 리듬으로 교체; L47760~L47922 수동 재독; 범용 중심·비중 문구를 장면 리듬으로 교체; L47760~L47922 수동 재독; 범용 중심·비중 문구를 장면 리듬으로 교체; L47760~L47922 수동 재독; 범용 중심·비중 문구를 장면 리듬으로 교체; L47760~L47922 수동 재독; 범용 중심·비중 문구를 장면 리듬으로 교체; L47760~L47922 수동 재독; 범용 중심·비중 문구를 장면 리듬으로 교체; L47760~L47922 수동 재독; 범용 중심·비중 문구를 장면 리듬으로 교체; L47760~L47922 수동 재독; 범용 중심·비중 문구를 장면 리듬으로 교체
270,270,L47923~L48088,PASS,EDIT,PASS,6,6,7,6,8,7,0.30/0.24/0.23/0.08/0.15,0.30/0.24/0.23/0.08/0.15,강 대위 식당에서 주영곤 재무부 차관·유성민 산업은행 회장을 만나 리먼 6천억 달러 부채 위험을 경고하면서도 보험증서 대가로 AA·AA- 기업 여신 25조 원과 부동산을 요구한다.,태우는 정치 줄서기 없이도 애플 신사옥 일감과 25조 원급 국가은행 자산을 얻을 협상력을 확인한다.,25조 원 여신에 더해 어떤 산업은행 부동산을 받을지 협상이 남는다.,산업은행이 리먼 인수를 위해 김민재의 보험증서를 25조 원 우량 여신과 부동산으로 사겠다고 제안한다.,강 대위 식당에서 주영곤 재무부 차관·유성민 산업은행 회장을 만나 리먼 6천억 달러 부채 위험을 경고하면서도 보험증서 대가로 AA·AA- 기업 여신 25조 원과 부동산을 요구한다; 곧 무가치해질 수 있는 리먼 보험증서를 산업은행이 보험금 10% 가치와 우량 여신·부동산으로 사겠다고 먼저 제시한다; 태우는 정치 줄서기 없이도 애플 신사옥 일감과 25조 원급 국가은행 자산을 얻을 협상력을 확인한다,리먼 6000억 달러 위험과 25조 우량여신 교환을 놓고 국가은행과 새 협상을 연다.,리먼 6000억 달러 위험과 25조 우량여신 교환을 놓고 국가은행과 새 협상을 연다.,보상은 실제 지급만 세어 7→6 판정; 훅은 마지막 프레임의 열린 질문만 세어 8→7 판정
271,271화,L48089~L48270,PASS,EDIT,PASS,7,7,7,6,8,7,0.17/0.20/0.31/0.22/0.10,0.17/0.20/0.31/0.22/0.10,강 대위에게 리먼 거래와 위기 대비를 설명하고 사장단 회의에 참석해 김태중 은퇴·자신의 회장 추천에 반대하지만 이사회 결정에 맡긴다.,김민재가 보호받는 부회장에서 태우그룹 전체를 책임질 차기 회장으로 올라가고 김태중은 일선 은퇴를 결정한다.,회장 취임을 피할 수 없게 된 김민재가 호텔에 틀어박혀 AIZ 전 직원의 상세정보를 직접 심사한다.,김태중이 긴급 사장단 회의에서 은퇴와 김민재 회장 승계를 기습 선언한다.,강 대위에게 리먼 거래와 위기 대비를 설명하고 사장단 회의에 참석해 김태중 은퇴·자신의 회장 추천에 반대하지만 이사회 결정에 맡긴다; 김태중이 명예회장으로 베트남 사업만 맡기고 모든 사장단이 김민재 승계를 지지해 회장 취임이 기정사실이 된다; 김민재가 보호받는 부회장에서 태우그룹 전체를 책임질 차기 회장으로 올라가고 김태중은 일선 은퇴를 결정한다,김태중 은퇴와 전 사장단 추천을 거부하지 못해 가족·조직 관계와 책임 감정이 무겁다.,김태중 은퇴와 전 사장단 추천을 거부하지 못해 가족·조직 관계와 책임 감정이 무겁다.,보상은 실제 지급만 세어 7→6 판정; 훅은 마지막 프레임의 열린 질문만 세어 8→7 판정
272,272,L48271~L48457,PASS,EDIT,PASS,6,6,10,9,7,6,0.16/0.23/0.31/0.16/0.14,0.16/0.23/0.31/0.16/0.14,AIZ 8천 명 해고·핵심 인재 승진과 연봉 인상을 지시하고 이사회에서 회장직을 수락한 뒤 박만덕을 금융 부회장으로 한정훈을 태우증권 사장으로 의결한다.,김민재가 정식 회장이 되고 박만덕·한정훈이 금융제국의 부회장·증권사장으로 승진하며 AIZ 구조조정이 실행 단계에 든다.,한정훈이 한국에 도착해 어색한 회장실을 떠나 강 대위 사무실에서 취임 축하를 하게 된다.,김민재가 회장에 취임해 박만덕 부회장·한정훈 태우증권 사장 인사와 AIZ 8천 명 구조조정을 단행한다.,AIZ 8천 명 해고·핵심 인재 승진과 연봉 인상을 지시하고 이사회에서 회장직을 수락한 뒤 박만덕을 금융 부회장으로 한정훈을 태우증권 사장으로 의결한다; 김태중은 상석과 회장실을 손자에게 넘기고 즉시 베트남으로 떠나며 비서실장은 10년 명예고문 계약으로 곁을 지킨다; 김민재가 정식 회장이 되고 박만덕·한정훈이 금융제국의 부회장·증권사장으로 승진하며 AIZ 구조조정이 실행 단계에 든다,"정식 회장 취임과 박만덕·한정훈 승진, 김태중의 자리 이양이 관계·지위 봉우리다.","정식 회장 취임과 박만덕·한정훈 승진, 김태중의 자리 이양이 관계·지위 봉우리다.",보상은 실제 지급만 세어 10→9 판정; 훅은 마지막 프레임의 열린 질문만 세어 7→6 판정
273,273,L48458~L48644,PASS,EDIT,PASS,3,3,9,8,7,6,0.14/0.13/0.34/0.29/0.10,0.14/0.13/0.34/0.29/0.10,맥주·라면으로 초심을 기념하며 한정훈의 보험금 회수·산업은행 리먼 거래를 점검하고 데이비드에게 DHL 미국 화물운송 사업부 인수를 맡긴 뒤 한정훈의 취임식을 직접 맞는다.,한정훈은 팀장에서 사장으로 공식 복귀하고 김민재는 회장으로서 공개 인사권과 미국 화물망 인수 계획을 행사한다.,한정훈이 옛 연인을 빼앗은 도민욱 차장을 굴리겠다는 소소한 복수와 함께 본격 증권 경영을 시작한다.,김민재·한정훈·강 대위가 라면으로 승진을 축하하고 DHL 미국 화물사업부 인수를 추진한다.,맥주·라면으로 초심을 기념하며 한정훈의 보험금 회수·산업은행 리먼 거래를 점검하고 데이비드에게 DHL 미국 화물운송 사업부 인수를 맡긴 뒤 한정훈의 취임식을 직접 맞는다; 회귀 전 배고픔을 달래던 라면이 성공과 동료애의 치유 장면이 되고 DHL 급매는 자율주행용 미국 도로 데이터를 살 기회가 된다; 한정훈은 팀장에서 사장으로 공식 복귀하고 김민재는 회장으로서 공개 인사권과 미국 화물망 인수 계획을 행사한다,회귀 전 배고픔의 라면을 강 대위·한정훈과 나눠 먹어 동료애와 치유 감정에 오래 머문다.,회귀 전 배고픔의 라면을 강 대위·한정훈과 나눠 먹어 동료애와 치유 감정에 오래 머문다.,보상은 실제 지급만 세어 9→8 판정; 훅은 마지막 프레임의 열린 질문만 세어 7→6 판정
274,274,L48645~L48809,PASS,EDIT,PASS,6,6,8,7,8,8,0.27/0.21/0.24/0.10/0.18,0.27/0.21/0.24/0.10/0.18,데이비드의 예상가 대비 30% 할인 인수를 승인하고 오바마의 면담 요청을 수락한 뒤 천민정에게 미국 트럭 충돌방지·단계적 자율주행·원격조종 실증 계획을 지시한다.,태우는 미국 화물 운송망과 오바마 후보 직통 관계를 얻고 천민정의 연구는 미국 도로 실증 단계로 넘어간다.,산업은행 리먼 인수 최종 도장 전 청와대가 김민재를 부르고 그는 정권의 미운털을 뽑을 큰 선물을 준비한다.,DHL을 30% 싸게 사고 천민정과 미국 트럭 자율주행 실증을 정한 뒤 청와대 긴급 초청을 받는다.,데이비드의 예상가 대비 30% 할인 인수를 승인하고 오바마의 면담 요청을 수락한 뒤 천민정에게 미국 트럭 충돌방지·단계적 자율주행·원격조종 실증 계획을 지시한다; DHL 사업부가 단순 물류회사가 아니라 광대한 미국 도로 데이터 수집망이 되고 청와대가 다른 재벌보다 2시간 이른 단독 면담을 긴급 요청한다; 태우는 미국 화물 운송망과 오바마 후보 직통 관계를 얻고 천민정의 연구는 미국 도로 실증 단계로 넘어간다,DHL 도로망·오바마 면담·천민정 자율주행 실증을 묶어 정보와 동맹 관계가 확장된다.,DHL 도로망·오바마 면담·천민정 자율주행 실증을 묶어 정보와 동맹 관계가 확장된다.,보상은 실제 지급만 세어 8→7 판정
275,275,L48810~L48978,PASS,EDIT,PASS,8,8,9,8,9,8,0.27/0.28/0.23/0.09/0.13,0.27/0.28/0.23/0.09/0.13,대통령에게 산업은행 파산·제2 IMF 가능성을 30% 이상이라고 설명해 재검토 결정을 끌어내고 한전 부지에 대형 금융사 10곳 이상을 모을 마천루·아시아 금융 허브를 제안한다.,태우는 정권의 미운털에서 대통령 직통 파트너로 바뀌고 규제에 묶인 한전 부지를 국제 금융 중심지로 개발할 길을 얻는다.,미국 출장에서 월가 대형 금융사 10곳의 한국 이전 계약을 가져와야 한다.,김민재가 대통령에게 리먼 인수를 재검토시키고 한전 부지 아시아 금융허브 규제 완화를 약속받는다.,대통령에게 산업은행 파산·제2 IMF 가능성을 30% 이상이라고 설명해 재검토 결정을 끌어내고 한전 부지에 대형 금융사 10곳 이상을 모을 마천루·아시아 금융 허브를 제안한다; 대통령이 리먼 도박 대신 금융 허브 업적을 택하고 10개 유명 금융사 계약서를 조건으로 여당 법안·지원과 청와대 주도 발표를 약속한다; 태우는 정권의 미운털에서 대통령 직통 파트너로 바뀌고 규제에 묶인 한전 부지를 국제 금융 중심지로 개발할 길을 얻는다,대통령에게 제2 IMF를 경고해 리먼을 막고 금융허브 허가 거래까지 끌어내 협상 밀도가 높다.,대통령에게 제2 IMF를 경고해 리먼을 막고 금융허브 허가 거래까지 끌어내 협상 밀도가 높다.,보상은 실제 지급만 세어 9→8 판정; 훅은 마지막 프레임의 열린 질문만 세어 9→8 판정
276,276,L48979~L49144,PASS,EDIT,PASS,5,5,8,7,8,8,0.33/0.18/0.22/0.08/0.19,0.33/0.18/0.22/0.08/0.19,다이먼에게 임원 상세정보 심사 도움을 약속하고 CITI·핀테크의 한국 이전 계약을 받은 뒤 보험 청구 완화와 4년 뒤 입주를 교환하도록 맡기며 비트코인 거래소 설립과 데이비드 부사장 배치를 지시한다.,SAVE 공개합병 뒤에도 김민재의 비공개 미국 통제망이 핀테크로 이어지고 데이비드·다이먼이 한 조직에서 결합한다.,오바마 후보와 단독 식사에서 앞으로 8년의 미국 관계를 굳혀야 한다.,핀테크 은행이 금융사 한국 이전·비밀 지분·정치 로비를 승계하고 비트코인 거래소를 준비한다.,다이먼에게 임원 상세정보 심사 도움을 약속하고 CITI·핀테크의 한국 이전 계약을 받은 뒤 보험 청구 완화와 4년 뒤 입주를 교환하도록 맡기며 비트코인 거래소 설립과 데이비드 부사장 배치를 지시한다; 핀테크는 미국 정치 로비·차명 지분 관리·금융사 협상을 도맡는 독립 미국 축이 되고 미래 비트코인 광기의 수수료를 선점한다; SAVE 공개합병 뒤에도 김민재의 비공개 미국 통제망이 핀테크로 이어지고 데이비드·다이먼이 한 조직에서 결합한다,CITI·핀테크 이전과 비트코인 거래소·데이비드 배치를 설계해 조직정보와 자산 비중이 높다.,"CITI·핀테크 이전과 비트코인 거래소, 데이비드 배치를 한꺼번에 설계한다. 돈이 흐를 장소와 이를 움직일 사람을 함께 정해 미국 금융거점이 조직도로 구체화된다.",보상은 실제 지급만 세어 8→7 판정; L48979~L49144 수동 재독; 범용 중심·비중 문구를 장면 리듬으로 교체; L48979~L49144 수동 재독; 범용 중심·비중 문구를 장면 리듬으로 교체; L48979~L49144 수동 재독; 범용 중심·비중 문구를 장면 리듬으로 교체; L48979~L49144 수동 재독; 범용 중심·비중 문구를 장면 리듬으로 교체; L48979~L49144 수동 재독; 범용 중심·비중 문구를 장면 리듬으로 교체; L48979~L49144 수동 재독; 범용 중심·비중 문구를 장면 리듬으로 교체; L48979~L49144 수동 재독; 범용 중심·비중 문구를 장면 리듬으로 교체; L48979~L49144 수동 재독; 범용 중심·비중 문구를 장면 리듬으로 교체; L48979~L49144 수동 재독; 범용 중심·비중 문구를 장면 리듬으로 교체; L48979~L49144 수동 재독; 범용 중심·비중 문구를 장면 리듬으로 교체; L48979~L49144 수동 재독; 범용 중심·비중 문구를 장면 리듬으로 교체
277,277,L49145~L49297,PASS,EDIT,PASS,6,6,9,8,8,8,0.25/0.25/0.31/0.09/0.10,0.25/0.25/0.31/0.09/0.10,산업은행 인수 포기와 보유 보험 청구로 리먼은 반드시 파산한다고 설명해 오바마의 불안을 잠재우고 규제 완화를 요청한 뒤 데이비드·조지 소로스가 이틀 만에 금융사 12곳의 한국 이전 서명을 받는다.,김민재는 차기 미국 대통령과 역차별 방지·신산업 규제 완화 관계를 만들고 금융허브의 첫 12개 입주 약정을 확보한다.,귀국 비행기를 미루고 워렌 버핏을 직접 만나 버크셔 한국 지점을 설득한다.,김민재가 리먼 파산으로 오바마 당선을 보증하고 이틀 만에 금융사 12곳 이전 계약을 얻는다.,산업은행 인수 포기와 보유 보험 청구로 리먼은 반드시 파산한다고 설명해 오바마의 불안을 잠재우고 규제 완화를 요청한 뒤 데이비드·조지 소로스가 이틀 만에 금융사 12곳의 한국 이전 서명을 받는다; 오바마가 평생 친구가 될 수 있다고 호감을 보이고 퀀텀의 협박 지원으로 계약 목표 10곳을 넘긴 가운데 버크셔 해서웨이가 관심을 보인다; 김민재는 차기 미국 대통령과 역차별 방지·신산업 규제 완화 관계를 만들고 금융허브의 첫 12개 입주 약정을 확보한다,오바마의 신뢰와 금융사 12곳 서명을 이틀 만에 얻어 외교 관계 보상이 크게 오른다.,오바마의 신뢰와 금융사 12곳 서명을 이틀 만에 얻어 외교 관계 보상이 크게 오른다.,보상은 실제 지급만 세어 9→8 판정
278,278화,L49298~L49458,PASS,EDIT,PASS,5,5,9,8,8,7,0.27/0.18/0.31/0.10/0.14,0.27/0.18/0.31/0.10/0.14,전기차·환경·IT 비전을 제시하다 버핏의 ‘공포에 사라’ 투자관에 맞춰 골드만삭스·뱅크오브아메리카 워런티 투자를 정확히 짚어 신뢰를 얻는다.,태우의 개인 인맥에 워렌 버핏이 편입되고 금융허브 계약은 위기 기업의 강요가 아닌 세계적 가치투자자의 자발적 선택으로 격상된다.,귀국해 계약서를 내밀자 허가가 순조로울 듯했지만 예상 밖 정치 여론이 발목을 잡는다.,워렌 버핏과 투자관을 맞춰 버크셔 한국 지점 계약과 빌 게이츠 후속 만남을 얻는다.,전기차·환경·IT 비전을 제시하다 버핏의 ‘공포에 사라’ 투자관에 맞춰 골드만삭스·뱅크오브아메리카 워런티 투자를 정확히 짚어 신뢰를 얻는다; 투자관이 일치한 버핏이 4년간 태우 명성 유지 조건으로 버크셔 아시아 지점을 한국에 내고 빌 게이츠와의 후속 식사까지 제안한다; 태우의 개인 인맥에 워렌 버핏이 편입되고 금융허브 계약은 위기 기업의 강요가 아닌 세계적 가치투자자의 자발적 선택으로 격상된다,투자관을 맞춰 버핏의 한국 지점과 후속 인맥을 얻는 대화·관계 보상이 중심이다.,투자관을 맞춘 끝에 버핏의 한국 지점과 후속 인맥을 얻는다. 숫자 흥정보다 서로 장기투자자를 알아보는 대화가 다음 거래를 여는 보상으로 남는다.,보상은 실제 지급만 세어 9→8 판정; 훅은 마지막 프레임의 열린 질문만 세어 8→7 판정; L49298~L49458 수동 재독; 범용 중심·비중 문구를 장면 리듬으로 교체; L49298~L49458 수동 재독; 범용 중심·비중 문구를 장면 리듬으로 교체; L49298~L49458 수동 재독; 범용 중심·비중 문구를 장면 리듬으로 교체; L49298~L49458 수동 재독; 범용 중심·비중 문구를 장면 리듬으로 교체; L49298~L49458 수동 재독; 범용 중심·비중 문구를 장면 리듬으로 교체; L49298~L49458 수동 재독; 범용 중심·비중 문구를 장면 리듬으로 교체; L49298~L49458 수동 재독; 범용 중심·비중 문구를 장면 리듬으로 교체; L49298~L49458 수동 재독; 범용 중심·비중 문구를 장면 리듬으로 교체; L49298~L49458 수동 재독; 범용 중심·비중 문구를 장면 리듬으로 교체; L49298~L49458 수동 재독; 범용 중심·비중 문구를 장면 리듬으로 교체; L49298~L49458 수동 재독; 범용 중심·비중 문구를 장면 리듬으로 교체
279,279화,L49459~L49610,PASS,EDIT,PASS,8,8,8,7,9,8,0.31/0.24/0.21/0.10/0.14,0.31/0.24/0.21/0.10/0.14,최재석과 별장에서 청와대 발표의 역효과와 규제 완화 연대를 논의해 중립 이상의 지원을 확보하고 추석 연휴 리먼 660조 원 파산 직후 환율 1400원·15조 원 KIKO 보험 청구를 준비한다.,최재석은 당리보다 한국 금융·신산업 규제 개혁을 위해 협력하고 한정훈은 한국 금융사들을 굽히게 할 실탄을 얻는다.,수요일 대형 이벤트와 KIKO 보험금 회수라는 두 수확이 동시에 열린다.,정부 불신을 해결할 공개행사를 준비하는 순간 리먼이 660조 원 부채로 파산하고 KIKO 수확이 열린다.,최재석과 별장에서 청와대 발표의 역효과와 규제 완화 연대를 논의해 중립 이상의 지원을 확보하고 추석 연휴 리먼 660조 원 파산 직후 환율 1400원·15조 원 KIKO 보험 청구를 준비한다; 세계 최대 파산이 김민재의 경고를 증명하고 국내 은행들이 팔았던 KIKO 보험의 조건이 현실화되며 금융허브 홍보 이벤트와 시기가 맞물린다; 최재석은 당리보다 한국 금융·신산업 규제 개혁을 위해 협력하고 한정훈은 한국 금융사들을 굽히게 할 실탄을 얻는다,정치 여론을 조율하는 사이 리먼 파산·환율·15조 KIKO가 동시에 현실화되어 정보 긴장이 높다.,"정치권 여론을 맞추는 사이 리먼 파산, 환율 급등, 15조 원 KIKO가 동시에 현실이 된다. 준비하던 숫자들이 같은 날 사건으로 터져 금융타워가 어느 불부터 끌지 선택해야 한다.",보상은 실제 지급만 세어 8→7 판정; 훅은 마지막 프레임의 열린 질문만 세어 9→8 판정; L49459~L49610 수동 재독; 편집 메타어를 실제 장면·숫자·사람 반응으로 교체; L49459~L49610 수동 재독; 편집 메타어를 실제 장면·숫자·사람 반응으로 교체
280,280,L49611~L49802,EDIT,EDIT,PASS,7,7,10,9,8,7,0.18/0.26/0.22/0.16/0.18,0.18/0.26/0.22/0.16/0.18,금융허브 비전을 발표한 뒤 퀀텀·CITI·버크셔 대표를 차례로 공개하고 버핏이 한국 지점 개설과 태우증권·자동차·IT·철강·부품 투자를 직접 선언하게 한다.,"금융허브에 대한 공개 신뢰와 여야 지지, 대통령실장의 조속한 한전 부지 허가 약속을 얻는다. 실제 개발 허가는 아직 발급 전이다.",대통령실장은 한전 부지 허가를 약속하면서도 태우가 만든 무대의 공을 청와대와 나누라고 요구한다.,금융허브 비전을 발표한 뒤 퀀텀·CITI·버크셔 대표를 차례로 공개하고 버핏이 한국 지점 개설과 태우증권·자동차·IT·철강·부품 투자를 직접 선언하게 한다.; 빅데이터상 찬성 여론이 급등하고 국민경제당이 청와대보다 먼저 당론 지지를 선언하며 대통령실장이 한전 부지 허가를 확약한다.; 김민재의 계약은 국민이 믿는 공개 약속으로 바뀌고 금융허브는 초당 지지·정부 인허가를 모두 얻는다.,"금융허브 비전을 발표한 뒤 퀀텀·CITI·버크셔 대표를 차례로 공개하고 버핏이 한국 지점 개설과 태우증권·자동차·IT·철강·부품 투자를 직접 선언하게 한다; 빅데이터상 찬성 여론이 급등하고 국민경제당이 청와대보다 먼저 당론 지지를 선언하며 대통령실장이 한전 부지 허가를 확약한다; 금융허브에 대한 공개 신뢰와 여야 지지, 대통령실장의 조속한 한전 부지 허가 약속을 얻는다. 실제 개발 허가는 아직 발급 전이다",퀀텀·CITI·버크셔가 무대에 서고 여론·허가가 뒤집혀 공개 행동과 환호 보상이 크다.,"금융허브 발표 무대에서 퀀텀·CITI·버크셔 대표를 차례로 공개하고 버핏이 한국 지점과 태우 계열 투자까지 직접 선언한다. 여야 지지와 한전 부지의 조속한 허가 약속은 받았지만, 대통령실장이 공을 청와대와 나누라고 요구해 개발허가 전 정치 대가를 남긴다.","보상은 실제 지급만 세어 10→9 판정; 훅은 마지막 프레임의 열린 질문만 세어 8→7 판정; L49611~L49802 수동 재독; 점수·리본 유지, 기계적 note만 장면별 편집문으로 교체; L49611~L49802 수동 재독; 기계적 note를 장면별 편집문으로 교체; L49611~L49802 수동 재독; 기계적 note를 장면별 편집문으로 교체; L49611~L49802 수동 재독; 기계적 note를 장면별 편집문으로 교체; L49611~L49802 수동 재독; 기계적 note를 장면별 편집문으로 교체; L49611~L49802 수동 재독; 기계적 note를 장면별 편집문으로 교체; L49611~L49802 수동 재독; 기계적 note를 장면별 편집문으로 교체; L49611~L49802 수동 재독; 기계적 note를 장면별 편집문으로 교체; L49611~L49802 수동 재독; 기계적 note를 장면별 편집문으로 교체; L49611~L49802 수동 재독; 기계적 note를 장면별 편집문으로 교체; L49611~L49802 수동 재독; 기계적 note를 장면별 편집문으로 교체; L49611~L49802 수동 재독; 기계적 note를 장면별 편집문으로 교체; L49611~L49802 수동 재독; 기계적 note를 장면별 편집문으로 교체"
281,281,L49803~L49976,PASS,EDIT,PASS,5,5,9,8,8,8,0.16/0.18/0.34/0.17/0.15,0.16/0.18/0.34/0.17/0.15,콜라·투자 철학을 나누며 GM 또는 포드 인수 의도를 인정하자 버핏이 김민재 개인 비전을 믿고 지분 50억 달러를 약속하고 정부·국회 허가 후 에너지·금융 쌍둥이 빌딩 지반공사를 시작한다.,태우는 금융·에너지 허브 마천루와 버핏의 자동차 투자 약속을 얻고 한정훈은 KIKO 보험으로 국내 은행 회동에 대응한다.,코코아뱅크를 규제하려는 은행 대표들에게 한정훈이 KIKO 보험이라는 ‘도움’을 들고 간다.,버핏이 미국 자동차에 50억 달러 투자를 약속하고 금융·에너지 쌍둥이 빌딩이 착공한다.,콜라·투자 철학을 나누며 GM 또는 포드 인수 의도를 인정하자 버핏이 김민재 개인 비전을 믿고 지분 50억 달러를 약속하고 정부·국회 허가 후 에너지·금융 쌍둥이 빌딩 지반공사를 시작한다; 돈보다 가치가 큰 버핏의 이름이 미국 자동차 인수의 신뢰 담보가 되고 수년 묶였던 한전 부지가 마침내 공사장으로 바뀐다; 태우는 금융·에너지 허브 마천루와 버핏의 자동차 투자 약속을 얻고 한정훈은 KIKO 보험으로 국내 은행 회동에 대응한다,버핏의 50억 달러 약속과 지반공사 뒤 한정훈의 은행 회동으로 관계·지위가 이어진다.,버핏의 50억 달러 약속과 지반공사 뒤 한정훈의 은행 회동으로 관계·지위가 이어진다.,보상은 실제 지급만 세어 9→8 판정
282,282,L49977~L50135,PASS,PASS,PASS,7,7,6,6,8,8,0.30/0.26/0.25/0.08/0.11,0.30/0.26/0.25/0.08/0.11,정태섭에게 5조 원 지급 준비를 통보하고 은행 내에서 달러 기근·1500원 환율을 경고한 박대훈 과장을 포착한 뒤 보험료 환급·5천억 합의안을 거절하며 노무라에 리먼 보험증서를 판다.,국내 은행의 오만이 청구 리스크로 바뀌고 태우는 산업은행 뒤 남은 리먼 증서까지 현금화한다.,환율 1400원 돌파 전까지 협상을 미룬 정태섭이 평생 후회할 선택을 한다.,한정훈이 신화은행에 5조 원 KIKO 보험 청구를 경고하고 박대훈을 발견하며 리먼 증서를 노무라에 판다.,정태섭에게 5조 원 지급 준비를 통보하고 은행 내에서 달러 기근·1500원 환율을 경고한 박대훈 과장을 포착한 뒤 보험료 환급·5천억 합의안을 거절하며 노무라에 리먼 보험증서를 판다; 환율 흐름을 정확히 읽는 박대훈이 한정훈의 스카우트 후보가 되고 노무라가 더 많은 적자 사업을 안도록 보험증서를 자청해 산다; 국내 은행의 오만이 청구 리스크로 바뀌고 태우는 산업은행 뒤 남은 리먼 증서까지 현금화한다,5조 지급과 환율 전망을 놓고 정태섭·박대훈·노무라를 읽는 금융정보와 협상이 중심이다.,5조 원 지급과 환율 전망을 놓고 정태섭·박대훈·노무라의 속내를 번갈아 읽는다. 같은 돈을 두고 각자가 다른 계산을 하는 협상이라 현금보다 표정과 조건이 오래 남는다.,기존 점수·리본 유지; 원문 하드 경계와 인접 회차 대비 재확인; L49977~L50135 수동 재독; 범용 중심·비중 문구를 장면 리듬으로 교체; L49977~L50135 수동 재독; 범용 중심·비중 문구를 장면 리듬으로 교체; L49977~L50135 수동 재독; 범용 중심·비중 문구를 장면 리듬으로 교체; L49977~L50135 수동 재독; 범용 중심·비중 문구를 장면 리듬으로 교체; L49977~L50135 수동 재독; 범용 중심·비중 문구를 장면 리듬으로 교체; L49977~L50135 수동 재독; 범용 중심·비중 문구를 장면 리듬으로 교체; L49977~L50135 수동 재독; 범용 중심·비중 문구를 장면 리듬으로 교체; L49977~L50135 수동 재독; 범용 중심·비중 문구를 장면 리듬으로 교체; L49977~L50135 수동 재독; 범용 중심·비중 문구를 장면 리듬으로 교체; L49977~L50135 수동 재독; 범용 중심·비중 문구를 장면 리듬으로 교체; L49977~L50135 수동 재독; 범용 중심·비중 문구를 장면 리듬으로 교체
283,283,L50136~L50295,PASS,EDIT,PASS,8,8,8,7,7,6,0.22/0.31/0.27/0.10/0.10,0.22/0.31/0.27/0.10/0.10,김민재가 뒤에서 압박하고 한정훈이 20% 보상안을 거절하며 은행의 협력 요구와 코코아뱅크 규제 시도를 모순으로 몰아세운다.,코코아뱅크가 견제 없이 5대 은행급으로 성장할 보호막을 얻고 태우는 15조 청구권을 협상 자산으로 유지한다.,"IIT 캠퍼스를 둘러보던 김민재에게 청와대가 연락하고, 태우의 도움이 필요한 호출인지 확인할 차례가 된다.",김민재가 뒤에서 압박하고 한정훈이 20% 보상안을 거절하며 은행의 협력 요구와 코코아뱅크 규제 시도를 모순으로 몰아세운다.; 정태섭이 코코아뱅크와 태우 관계를 몰랐다고 둘러대며 규제 회동을 즉시 철회하고 본협상은 한정훈에게 넘어간다.; 코코아뱅크가 견제 없이 5대 은행급으로 성장할 보호막을 얻고 태우는 15조 청구권을 협상 자산으로 유지한다.,김민재가 뒤에서 압박하고 한정훈이 20% 보상안을 거절하며 은행의 협력 요구와 코코아뱅크 규제 시도를 모순으로 몰아세운다; 정태섭이 코코아뱅크와 태우 관계를 몰랐다고 둘러대며 규제 회동을 즉시 철회하고 본협상은 한정훈에게 넘어간다; 코코아뱅크가 견제 없이 5대 은행급으로 성장할 보호막을 얻고 태우는 15조 청구권을 협상 자산으로 유지한다,15조 청구권으로 코코아뱅크 규제 회동을 철회시켜 행동과 권력관계의 역전이 강하다.,15조 청구권으로 코코아뱅크 규제 회동을 철회시켜 행동과 권력관계의 역전이 강하다.,보상은 실제 지급만 세어 8→7 판정; 훅은 마지막 프레임의 열린 질문만 세어 7→6 판정
284,284,L50296~L50455,PASS,EDIT,PASS,7,7,8,7,8,7,0.32/0.24/0.22/0.08/0.14,0.32/0.24/0.22/0.08/0.14,IIT의 무료 기숙사·세계 교수진·5년 취업 조건을 점검하고 우익준의 민간인 사찰 시인과 거친 거래에도 400억 달러 스와프를 역제안한다.,IIT라는 자립 성장 기반이 완공되고 태우는 정권에 줄선 대가가 아닌 미래산업 법제화와 외국 인수 자유를 확보한다.,데이비드·다이먼·한정훈을 통해 스와프 금액을 실제로 끌어올려야 한다.,우익준이 300억 달러 통화스와프를 요구하고 김민재는 미래산업 규제·해외 인수 비간섭으로 거래한다.,IIT의 무료 기숙사·세계 교수진·5년 취업 조건을 점검하고 우익준의 민간인 사찰 시인과 거친 거래에도 400억 달러 스와프를 역제안한다; 김민재는 이권을 거절하고 미래산업 규제·해외 인수 비간섭을 얻으며 스와프 지원이 훗날 미국 정부가 자동차 인수를 먼저 부탁하게 할 빚이 된다고 계산한다; IIT라는 자립 성장 기반이 완공되고 태우는 정권에 줄선 대가가 아닌 미래산업 법제화와 외국 인수 자유를 확보한다,IIT 완공을 확인하고 사찰 시인·400억 달러 스와프·법제를 맞바꾸는 정책정보가 크다.,"IIT 완공을 확인한 뒤 미국의 사찰 시인과 400억 달러 통화스와프, 후속 법제를 맞바꾼다. 캠퍼스라는 실물성과가 국가 간 사과와 안전망 계약으로 이어져 협상의 범위를 넓힌다.",보상은 실제 지급만 세어 8→7 판정; 훅은 마지막 프레임의 열린 질문만 세어 8→7 판정; L50296~L50455 수동 재독; 편집 메타어를 실제 장면·숫자·사람 반응으로 교체; L50296~L50455 수동 재독; 편집 메타어를 실제 장면·숫자·사람 반응으로 교체
285,285,L50456~L50614,PASS,EDIT,PASS,5,5,8,7,8,8,0.28/0.20/0.23/0.09/0.20,0.28/0.20/0.23/0.09/0.20,태우증권·핀테크 보증으로 스와프 증액을 지시하고 봉 감독 영화·임희영 좀비극·이서희 로맨스 성공을 확인한 뒤 데이비드에게 오스카의 공정 심사 출발선 로비를 맡긴다.,태우엔터의 콘텐츠는 국내 극장 밖에서 세계 흥행 브랜드가 되고 금융팀은 국가 협정까지 움직이는 실무력을 증명한다.,미국 자동차사 줄파산 정보가 들어오며 기다린 과실이 익는다.,스와프가 500억 달러 가능권에 들고 태우 OTT 흥행작의 오스카 공정 심사 로비를 시작한다.,태우증권·핀테크 보증으로 스와프 증액을 지시하고 봉 감독 영화·임희영 좀비극·이서희 로맨스 성공을 확인한 뒤 데이비드에게 오스카의 공정 심사 출발선 로비를 맡긴다; 아카데미 회원 인맥과 위기 중 후원 부족을 이용하면 OTT 작품도 공정 심사를 받을 수 있고 스와프는 400~500억 달러 가능권에 든다; 태우엔터의 콘텐츠는 국내 극장 밖에서 세계 흥행 브랜드가 되고 금융팀은 국가 협정까지 움직이는 실무력을 증명한다,스와프 증액과 콘텐츠 흥행·오스카 로비를 병행해 정보·관계·지위가 고르게 쌓인다.,스와프 증액과 콘텐츠 흥행·오스카 로비를 병행해 정보·관계·지위가 고르게 쌓인다.,보상은 실제 지급만 세어 8→7 판정
286,286,L50615~L50766,EDIT,EDIT,PASS,5,5,9,8,8,6,0.27/0.21/0.24/0.08/0.20,0.27/0.21/0.24/0.08/0.20,최재석과 비밀 회동해 여야 거래용 탄소감축 법안을 설계하고 국민경제당 청년정치인 SNS 육성을 약속하며 천민정의 AOS 게임 ‘리그 오브 챔피언스’ 한·미 베타를 승인한다.,"실행된 500억 달러 통화스와프와 미래산업·탄소감축 법안의 초당 추진선, 청년 정치인 육성 약속, 한·미 게임 베타 승인을 얻는다. 법안 통과와 게임 출시·흥행은 아직 전이다.",천민정이 리그 오브 챔피언스의 한국어 보완과 한·미 베타테스트를 곧바로 시작한다.,최재석과 비밀 회동해 여야 거래용 탄소감축 법안을 설계하고 국민경제당 청년정치인 SNS 육성을 약속하며 천민정의 AOS 게임 ‘리그 오브 챔피언스’ 한·미 베타를 승인한다.; 국민경제당이 미래산업법을 주도하고 환경법으로 야당 체면을 세우는 초당 통과 경로가 생기며 태우IT에 장기 캐시카우 게임이 완성된다.; 태우의 협상은 500억 달러 국가 안전판·미래산업 법제·차세대 정치인 육성·신작 게임으로 다중 결실을 낸다.,"최재석과 비밀 회동해 여야 거래용 탄소감축 법안을 설계하고 국민경제당 청년정치인 SNS 육성을 약속하며 천민정의 AOS 게임 ‘리그 오브 챔피언스’ 한·미 베타를 승인한다; 국민경제당이 미래산업법을 당론으로 추진하고 환경법으로 야당 체면을 세우는 초당 입법 경로가 생기며, 리그 오브 챔피언스의 한·미 베타 진행이 승인된다; 실행된 500억 달러 통화스와프와 미래산업·탄소감축 법안의 초당 추진선, 청년 정치인 육성 약속, 한·미 게임 베타 승인을 얻는다. 법안 통과와 게임 출시·흥행은 아직 전이다",500억 달러 스와프·미래산업법·청년정치·AOS 베타가 제도와 지위 보상으로 묶인다.,"500억 달러 통화스와프 성과를 짚은 뒤 최재석과 탄소감축 법안의 여야 거래선, 청년 정치인의 SNS 육성을 맞춘다. 천민정의 ‘리그 오브 챔피언스’ 한·미 베타 승인으로 끝나며 정책 협상에서 게임 실행으로 속도를 가볍게 전환한다.","보상은 실제 지급만 세어 9→8 판정; 훅은 마지막 프레임의 열린 질문만 세어 8→6 판정; L50615~L50766 수동 재독; 점수·리본 유지, 기계적 note만 장면별 편집문으로 교체; L50615~L50766 수동 재독; 기계적 note를 장면별 편집문으로 교체; L50615~L50766 수동 재독; 기계적 note를 장면별 편집문으로 교체; L50615~L50766 수동 재독; 기계적 note를 장면별 편집문으로 교체; L50615~L50766 수동 재독; 기계적 note를 장면별 편집문으로 교체; L50615~L50766 수동 재독; 기계적 note를 장면별 편집문으로 교체; L50615~L50766 수동 재독; 기계적 note를 장면별 편집문으로 교체; L50615~L50766 수동 재독; 기계적 note를 장면별 편집문으로 교체; L50615~L50766 수동 재독; 기계적 note를 장면별 편집문으로 교체; L50615~L50766 수동 재독; 기계적 note를 장면별 편집문으로 교체; L50615~L50766 수동 재독; 기계적 note를 장면별 편집문으로 교체; L50615~L50766 수동 재독; 기계적 note를 장면별 편집문으로 교체; L50615~L50766 수동 재독; 기계적 note를 장면별 편집문으로 교체"
287,287,L50767~L50931,PASS,EDIT,PASS,5,5,7,6,8,7,0.31/0.18/0.19/0.10/0.22,0.31/0.18/0.19/0.10/0.22,데이비드의 대선·오스카 규정 성과를 확인하고 미국 자동차의 180억 달러 임시구제를 분석한 뒤 한경신문·주안그룹의 백선 지분 인수를 지시한다.,오바마가 차기 대통령으로 확정되고 태우 콘텐츠는 흥행을 넘어 심사 제도 자체를 바꿀 힘을 얻는다.,백선 지분을 얻으려면 오희건의 삼진그룹과 더 큰 기브 앤 테이크가 필요하다.,오바마 승리·빅3 청문회·OTT 오스카 규정과 백선 예술대상 인수 문제가 동시에 열린다.,데이비드의 대선·오스카 규정 성과를 확인하고 미국 자동차의 180억 달러 임시구제를 분석한 뒤 한경신문·주안그룹의 백선 지분 인수를 지시한다; OTT 외국어영화가 오스카 후보 등록 가능권에 들고 태우는 기존 영화제에 구걸하는 대신 백선 예술대상 주최권을 노린다; 오바마가 차기 대통령으로 확정되고 태우 콘텐츠는 흥행을 넘어 심사 제도 자체를 바꿀 힘을 얻는다,오바마 승리·빅3 구제·오스카 규정을 읽고 백선 지분을 노려 정보와 자산 구상이 앞선다.,오바마 승리·빅3 구제·오스카 규정을 읽고 백선 지분을 노려 정보와 자산 구상이 앞선다.,보상은 실제 지급만 세어 7→6 판정; 훅은 마지막 프레임의 열린 질문만 세어 8→7 판정
288,288,L50932~L51085,PASS,EDIT,PASS,5,5,9,8,8,7,0.27/0.20/0.27/0.08/0.18,0.27/0.20/0.27/0.08/0.18,오희건에게 OLED 개발비 30% 지원과 태우전자 우선·원가 공급을 교환하고 한경 지분을 넘겨받은 뒤 한정훈에게 코닥의 OLED 원천기술 인수까지 설명한다.,태우-삼진 관계가 LCD 고객사에서 비공개 OLED 공동투자 관계로 확장되고 백선 예술대상은 태우 소유로 넘어온다.,데이비드가 코닥 OLED 원천기술 또는 사업부 전체를 사들이러 간다.,오희건에게 OLED 공동개발을 주고 백선 지분·우선 공급을 받아 코닥 특허까지 노린다.,오희건에게 OLED 개발비 30% 지원과 태우전자 우선·원가 공급을 교환하고 한경 지분을 넘겨받은 뒤 한정훈에게 코닥의 OLED 원천기술 인수까지 설명한다; 코닥 원천특허를 위기 헐값에 사면 삼진 개발비는 로열티로 회수되고 태우는 패널·특허·시상식 세 이득을 모두 얻는다; 태우-삼진 관계가 LCD 고객사에서 비공개 OLED 공동투자 관계로 확장되고 백선 예술대상은 태우 소유로 넘어온다,오희건과 개발비·우선공급·한경 지분을 교환해 동맹 관계와 원천권리 보상이 크다.,오희건과 개발비·우선공급·한경 지분을 교환해 동맹 관계와 원천권리 보상이 크다.,보상은 실제 지급만 세어 9→8 판정; 훅은 마지막 프레임의 열린 질문만 세어 8→7 판정
289,289,L51086~L51250,PASS,EDIT,PASS,6,6,8,7,8,7,0.29/0.22/0.18/0.10/0.21,0.29/0.22/0.18/0.10/0.21,코닥 특허를 핀테크 명의로 인수하고 빅3 회장들의 전용기 청문회 역풍·대공황 이하 주가를 분석하며 백선에 해외 거장 시상자를 부르고 ‘리그 오브 챔피언스’ 접속 폭증을 확인한다.,태우는 차세대 디스플레이 원천권·자체 시상식·글로벌 게임이라는 세 신규 자산을 확보한다.,한국 해운 불황과 현진그룹 왕자의 난이 또 다른 10% 가격 자산 기회를 연다.,코닥 OLED 특허와 AOS 흥행을 얻는 동안 빅3 전용기 청문회가 주가를 대공황 이하로 떨어뜨린다.,코닥 특허를 핀테크 명의로 인수하고 빅3 회장들의 전용기 청문회 역풍·대공황 이하 주가를 분석하며 백선에 해외 거장 시상자를 부르고 ‘리그 오브 챔피언스’ 접속 폭증을 확인한다; OLED 특허가 싸게 넘어오고 AOS 베타가 북미·한국에서 화제가 되며 대중 여론은 빅3 경영진을 구제할 명분을 깎는다; 태우는 차세대 디스플레이 원천권·자체 시상식·글로벌 게임이라는 세 신규 자산을 확보한다,코닥 특허·빅3 여론·게임 접속·해운 불황을 한꺼번에 읽어 정보와 자산 비중이 높다.,"코닥 특허, 미국 빅3 여론, 게임 접속자와 해운 불황을 한 회의에서 훑는다. 서로 먼 산업 신호를 빠르게 넘기며 다음 인수·공매도 후보를 고르는 사장단 점검의 박자가 난다.",보상은 실제 지급만 세어 8→7 판정; 훅은 마지막 프레임의 열린 질문만 세어 8→7 판정; L51086~L51250 수동 재독; 범용 중심·비중 문구를 장면 리듬으로 교체; L51086~L51250 수동 재독; 범용 중심·비중 문구를 장면 리듬으로 교체; L51086~L51250 수동 재독; 범용 중심·비중 문구를 장면 리듬으로 교체; L51086~L51250 수동 재독; 범용 중심·비중 문구를 장면 리듬으로 교체; L51086~L51250 수동 재독; 범용 중심·비중 문구를 장면 리듬으로 교체; L51086~L51250 수동 재독; 범용 중심·비중 문구를 장면 리듬으로 교체; L51086~L51250 수동 재독; 범용 중심·비중 문구를 장면 리듬으로 교체; L51086~L51250 수동 재독; 범용 중심·비중 문구를 장면 리듬으로 교체; L51086~L51250 수동 재독; 범용 중심·비중 문구를 장면 리듬으로 교체; L51086~L51250 수동 재독; 범용 중심·비중 문구를 장면 리듬으로 교체; L51086~L51250 수동 재독; 범용 중심·비중 문구를 장면 리듬으로 교체
290,290,L51251~L51425,PASS,EDIT,PASS,5,5,8,7,8,6,0.26/0.19/0.28/0.09/0.18,0.26/0.19/0.28/0.09/0.18,추영희와 20년 무이자·부동산 100%·선박 10% 담보자금 조건에 합의하고 한정훈에게 2~3년 뒤 조선소 경매 선박도 45% 이하에서 사도록 준비시킨다.,태우는 금융·자동차뿐 아니라 장기 물류 주권까지 선점하고 김태중이 귀국해 미국 출장 동안 그룹을 맡겠다고 한다.,김태중의 든든한 위임 아래 오바마 취임식과 미국 자동차 협상을 위해 장기 출국한다.,추영희와 20년 무이자·부동산 100%·선박 10% 담보자금 조건에 합의하고 한정훈에게 2~3년 뒤 조선소 경매 선박도 45% 이하에서 사도록 준비시킨다.; 현진해운이 불황을 대신 견디고 파산할 때 태우가 대형선단을 흡수해 태우상사 자원과 그룹 수출의 다음 호황을 독식하는 구조가 만들어진다.; 태우는 금융·자동차뿐 아니라 장기 물류 주권까지 선점하고 김태중이 귀국해 미국 출장 동안 그룹을 맡겠다고 한다.,추영희와 20년 무이자·부동산 100%·선박 10% 담보자금 조건에 합의하고 한정훈에게 2~3년 뒤 조선소 경매 선박도 45% 이하에서 사도록 준비시킨다; 현진해운이 불황을 대신 견디고 파산할 때 태우가 대형선단을 흡수해 태우상사 자원과 그룹 수출의 다음 호황을 독식하는 구조가 만들어진다; 태우는 금융·자동차뿐 아니라 장기 물류 주권까지 선점하고 김태중이 귀국해 미국 출장 동안 그룹을 맡겠다고 한다,추영희가 20년 무이자·부동산·선박 담보 조건을 받아들이고 계약서 작성을 약속받아 관계·물류자산의 씨앗이 생긴다.,추영희가 20년 무이자·부동산·선박 담보 조건을 받아들이고 계약서 작성을 약속받아 관계·물류자산의 씨앗이 생긴다.,보상은 실제 지급만 세어 8→7 판정; 훅은 마지막 프레임의 열린 질문만 세어 8→6 판정
291,291,L51426~L51615,PASS,PASS,PASS,7,7,6,6,8,8,0.29/0.28/0.25/0.10/0.08,0.29/0.28/0.25/0.10/0.08,오바마의 ‘희망과 변화’ 취임사를 들은 뒤 연준 청사에서 티모시와 첫 협상을 열어 단순 부채탕감만으로는 가치가 없다고 하고 전면 체질개선 조건을 건다.,태우는 매수 희망자가 아니라 미국 정부가 살려 달라 요청하는 협상 갑으로 출발한다.,태우의 회생 능력과 미국 자존심을 놓고 전 부처·노조 앞 공개 설득전을 벌이게 된다.,오바마 취임 직후 티모시가 빅3 인수를 요청하고 김민재가 노조·잡뱅크 전면개혁을 조건으로 건다.,오바마의 ‘희망과 변화’ 취임사를 들은 뒤 연준 청사에서 티모시와 첫 협상을 열어 단순 부채탕감만으로는 가치가 없다고 하고 전면 체질개선 조건을 건다; 취임사부터 김민재를 겨냥한 외국투자 메시지가 나오고 티모시가 미국 자동차 빅3 한 곳을 인수해 달라고 공식 요청한다; 태우는 매수 희망자가 아니라 미국 정부가 살려 달라 요청하는 협상 갑으로 출발한다,오바마 취임 직후 전 부처 앞에서 빅3 인수 요청과 체질개선을 맞붙여 협상 압력이 높다.,오바마 취임 직후 전 부처 앞에서 빅3 인수 요청과 체질개선을 맞붙여 협상 압력이 높다.,기존 점수·리본 유지; 원문 하드 경계와 인접 회차 대비 재확인
292,292,L51616~L51785,PASS,PASS,PASS,5,5,6,6,7,7,0.28/0.21/0.22/0.09/0.20,0.28/0.21/0.22/0.09/0.20,강인혁·데이비드에게 공유 전기자전거·킥보드라는 라스트마일 사업을 맡기고 미국 내 반한 매각 기사에는 대응하지 않은 채 백악관 전 부처 회의를 기다린다.,배터리 적자를 미래 플랫폼으로 바꾸는 새 사업축과 미국 정부를 압박할 시간표가 생긴다.,백악관 각료들이 매각과 개혁을 두고 충돌한다.,공유 라스트마일로 배터리 수요를 만들고 반한 여론에는 침묵한 채 백악관 충돌을 기다린다.,강인혁·데이비드에게 공유 전기자전거·킥보드라는 라스트마일 사업을 맡기고 미국 내 반한 매각 기사에는 대응하지 않은 채 백악관 전 부처 회의를 기다린다; 김민재는 공유 모빌리티를 배터리·광고의 교두보로 설계하고 반대 여론이 정점일 때 백악관이 직접 해법을 논의하게 만든다; 배터리 적자를 미래 플랫폼으로 바꾸는 새 사업축과 미국 정부를 압박할 시간표가 생긴다,공유 모빌리티를 설계하고 반한 기사를 방치하며 백악관 논쟁을 기다려 정보·판짜기가 중심이다.,공유 모빌리티를 설계하고 반한 기사를 일부러 방치한 채 백악관 논쟁을 기다린다. 당장 반박하지 않는 선택이 여론을 더 키워 상대가 스스로 협상장에 들어오게 만든다.,기존 점수·리본 유지; 원문 하드 경계와 인접 회차 대비 재확인; L51616~L51785 수동 재독; 범용 중심·비중 문구를 장면 리듬으로 교체; L51616~L51785 수동 재독; 범용 중심·비중 문구를 장면 리듬으로 교체; L51616~L51785 수동 재독; 범용 중심·비중 문구를 장면 리듬으로 교체; L51616~L51785 수동 재독; 범용 중심·비중 문구를 장면 리듬으로 교체; L51616~L51785 수동 재독; 범용 중심·비중 문구를 장면 리듬으로 교체; L51616~L51785 수동 재독; 범용 중심·비중 문구를 장면 리듬으로 교체; L51616~L51785 수동 재독; 범용 중심·비중 문구를 장면 리듬으로 교체; L51616~L51785 수동 재독; 범용 중심·비중 문구를 장면 리듬으로 교체; L51616~L51785 수동 재독; 범용 중심·비중 문구를 장면 리듬으로 교체; L51616~L51785 수동 재독; 범용 중심·비중 문구를 장면 리듬으로 교체; L51616~L51785 수동 재독; 범용 중심·비중 문구를 장면 리듬으로 교체
293,293,L51786~L51967,PASS,EDIT,PASS,9,9,8,7,9,8,0.22/0.34/0.24/0.09/0.11,0.22/0.34/0.24/0.09/0.11,핀테크가 가진 빅3 채권 약 100억 달러와 채권단·언론을 움직여 GM 파산 확률을 끌어올리고 찾아온 티모시에게 선파산 후인수를 제안한다.,태우는 구제 신청자가 아니라 파산 여부와 인수 절차를 정하는 최종 해결사로 올라선다.,GM이 먼저 챕터11을 신청하고 태우가 반드시 인수해야 하는 약속이 걸린다.,100억 달러 채권단으로 GM을 파산 문턱에 세우고 UAW 개혁과 선파산 후인수를 받아낸다.,핀테크가 가진 빅3 채권 약 100억 달러와 채권단·언론을 움직여 GM 파산 확률을 끌어올리고 찾아온 티모시에게 선파산 후인수를 제안한다; UAW가 잡뱅크 폐지·구조조정·공장 이전과 채무의 지분 전환을 수용하고 티모시가 GM을 추천한다; 태우는 구제 신청자가 아니라 파산 여부와 인수 절차를 정하는 최종 해결사로 올라선다,채권·언론으로 GM 파산 확률을 올리고 UAW 양보를 받아 선파산 후인수를 관철한다.,채권·언론으로 GM 파산 확률을 올리고 UAW 양보를 받아 선파산 후인수를 관철한다.,보상은 실제 지급만 세어 8→7 판정; 훅은 마지막 프레임의 열린 질문만 세어 9→8 판정
294,294,L51968~L52141,EDIT,EDIT,PASS,8,8,9,8,9,7,0.20/0.31/0.25/0.10/0.14,0.20/0.31/0.25/0.10/0.14,SNS 확산을 제한하다가 줄리아니 생방송 중 태우·핀테크·버크셔 해서웨이 연합을 발표하고 정부·UAW와 지분 구조를 협상한다.,태우·핀테크·버크셔와 채권자·UAW를 묶은 67퍼센트 지분 구조 및 정부 지원안을 합의한다. 실제 인수 계약 서명과 소유권 이전은 다음 날 전이다.,다이먼이 적자 브랜드를 잘라 GM 75%를 400억~500억 달러에 사는 계약을 준비한다.,줄리아니의 애국주의 공격을 버핏·핀테크 연합 발표로 뒤집어 매각 찬성 70%를 만든다.,SNS 확산을 제한하다가 줄리아니 생방송 중 태우·핀테크·버크셔 해서웨이 연합을 발표하고 정부·UAW와 지분 구조를 협상한다; 워런 버핏의 50억 달러 참여로 매각 찬성이 70%가 되고 미국 정부가 노조·공장 이전·자동화를 지원한다; 태우·핀테크·버크셔와 채권자·UAW를 묶은 67퍼센트 지분 구조 및 정부 지원안을 합의한다. 실제 인수 계약 서명과 소유권 이전은 다음 날 전이다,생방송 연합 발표와 버핏 참여로 찬성 70%·실질 경영권을 얻어 행동·관계 보상이 크다.,줄리아니 생방송에서 태우·핀테크·버크셔 연합을 공개하고 정부·UAW·채권자의 67퍼센트 지분 구조를 실시간 협상으로 묶는다. 여론 확산과 합의가 동시에 달리지만 실제 GM 인수 서명은 다음 날 전이라 다이먼의 400억~500억 달러 계약 준비가 끝을 맡는다.,"보상은 실제 지급만 세어 9→8 판정; 훅은 마지막 프레임의 열린 질문만 세어 9→7 판정; L51968~L52141 수동 재독; 점수·리본 유지, 기계적 note만 장면별 편집문으로 교체; L51968~L52141 수동 재독; 기계적 note를 장면별 편집문으로 교체; L51968~L52141 수동 재독; 기계적 note를 장면별 편집문으로 교체; L51968~L52141 수동 재독; 기계적 note를 장면별 편집문으로 교체; L51968~L52141 수동 재독; 기계적 note를 장면별 편집문으로 교체; L51968~L52141 수동 재독; 기계적 note를 장면별 편집문으로 교체; L51968~L52141 수동 재독; 기계적 note를 장면별 편집문으로 교체; L51968~L52141 수동 재독; 기계적 note를 장면별 편집문으로 교체; L51968~L52141 수동 재독; 기계적 note를 장면별 편집문으로 교체; L51968~L52141 수동 재독; 기계적 note를 장면별 편집문으로 교체; L51968~L52141 수동 재독; 기계적 note를 장면별 편집문으로 교체; L51968~L52141 수동 재독; 기계적 note를 장면별 편집문으로 교체; L51968~L52141 수동 재독; 기계적 note를 장면별 편집문으로 교체"
295,295,L52142~L52302,PASS,EDIT,PASS,7,7,9,8,9,7,0.25/0.23/0.22/0.16/0.14,0.25/0.23/0.22/0.16/0.14,버핏·다이먼에게 GM 선택 이유를 설명하고 태우·카이·GM·테슬라의 충전 규격 연합을 구상한 뒤 독감 검색량 급증을 확인해 천민정에게 데이터 분석을 지시한다.,태우는 세계 자동차 판매망과 차세대 전기차 표준을 얻고 제약·바이오 선점으로 이동한다.,타미플루 공동생산권과 재일 과학자 김정우 영입이 새 과제가 된다.,GM 75%를 인수해 전생의 역인수 굴욕을 갚고 곧바로 신종 독감 신호를 잡는다.,버핏·다이먼에게 GM 선택 이유를 설명하고 태우·카이·GM·테슬라의 충전 규격 연합을 구상한 뒤 독감 검색량 급증을 확인해 천민정에게 데이터 분석을 지시한다; 전생의 굴욕이 GM 인수로 뒤집히고 검색량 200%·SNS 300% 급증이 팬데믹의 조기 경보로 판명된다; 태우는 세계 자동차 판매망과 차세대 전기차 표준을 얻고 제약·바이오 선점으로 이동한다,GM 승리가 전생 굴욕을 씻는 동시에 독감 검색 폭증이 새 생존 압박을 연다.,GM 승리가 전생 굴욕을 씻는 동시에 독감 검색 폭증이 새 생존 압박을 연다.,보상은 실제 지급만 세어 9→8 판정; 훅은 마지막 프레임의 열린 질문만 세어 9→7 판정
296,296,L52303~L52474,PASS,EDIT,PASS,5,5,9,8,8,7,0.23/0.18/0.34/0.14/0.11,0.23/0.18/0.34/0.14/0.11,김정우를 한식당에서 직접 만나 전폭 지원과 AI로 10년 연구를 5년으로 줄이는 비전을 제시하고 센트리언 서정준과 연결한다.,타미플루 권리·세계급 연구자·제약 생산사가 하나의 감염병 대응 축으로 결합된다.,태미플루 생산권을 받은 서정준과 연구자 김정우가 처음 마주해 한국 감염병 대응팀의 실행 속도가 시험대에 오른다.,김정우를 한식당에서 직접 만나 전폭 지원과 AI로 10년 연구를 5년으로 줄이는 비전을 제시하고 센트리언 서정준과 연결한다.; 독감 변이를 데이터로 먼저 감지했다는 실증과 한국 바이오 발전 약속에 김정우가 합류한다.; 타미플루 권리·세계급 연구자·제약 생산사가 하나의 감염병 대응 축으로 결합된다.,김정우를 한식당에서 직접 만나 전폭 지원과 AI로 10년 연구를 5년으로 줄이는 비전을 제시하고 센트리언 서정준과 연결한다; 독감 변이를 데이터로 먼저 감지했다는 실증과 한국 바이오 발전 약속에 김정우가 합류한다; 타미플루 권리·세계급 연구자·제약 생산사가 하나의 감염병 대응 축으로 결합된다,김정우에게 AI 연구비전을 주고 센트리언과 연결해 인재 관계·감염병 권리가 지급된다.,김정우에게 AI 연구비전을 주고 센트리언과 연결해 인재 관계·감염병 권리가 지급된다.,보상은 실제 지급만 세어 9→8 판정; 훅은 마지막 프레임의 열린 질문만 세어 8→7 판정
297,297화,L52475~L52622,PASS,EDIT,PASS,4,4,7,6,7,5,0.24/0.20/0.28/0.09/0.19,0.24/0.20/0.28/0.09/0.19,제프 베이조스에게 한국 전자상거래 법인·자동화 인력·20억 달러 투자를 요청하고 자체 전기배송을 제안한다.,태우는 전기차·배터리·물류를 묶는 신규 유통축을 얻는다.,미국 장기 출장을 끝내고 귀국한다.,아마존 지원을 받아 당일배송·전기배송 기반 한국 전자상거래사를 세운다.,제프 베이조스에게 한국 전자상거래 법인·자동화 인력·20억 달러 투자를 요청하고 자체 전기배송을 제안한다; 아마존은 한국 실험을 미국에 역수입할 수 있어 사람과 자금을 지원한다; 태우는 전기차·배터리·물류를 묶는 신규 유통축을 얻는다,베이조스에게 한국 자동화·전기배송을 제안해 유통 동맹과 투자자산을 여는 연결 회차다.,베이조스에게 한국 자동화·전기배송을 제안해 유통 동맹과 투자자산을 여는 연결 회차다.,보상은 실제 지급만 세어 7→6 판정; 훅은 마지막 프레임의 열린 질문만 세어 7→5 판정
298,298화,L52623~L52803,PASS,EDIT,PASS,4,4,9,8,7,6,0.18/0.16/0.34/0.22/0.10,0.18/0.16/0.34/0.22/0.10,김태중에게 GM 인수를 함께 기뻐하고 기획실 보고에서 파운드리 1위 가능성·상사 사기 저하를 확인한 뒤 유통 치킨게임을 승인한다.,김태중의 생존·가족 약속이 기업 복수의 가시적 결실과 결합된다.,애플과 만든 전기차 시제품 보고가 시작된다.,김태중과 GM 역인수를 기뻐하고 계열사 보고 뒤 유통 치킨게임을 승인한다.,김태중에게 GM 인수를 함께 기뻐하고 기획실 보고에서 파운드리 1위 가능성·상사 사기 저하를 확인한 뒤 유통 치킨게임을 승인한다; 태우자동차가 세계 1위가 될 수 있다는 말에 조손이 전생의 상처를 함께 씻는다; 김태중의 생존·가족 약속이 기업 복수의 가시적 결실과 결합된다,김태중과 GM 인수를 기뻐하며 전생의 상처를 씻어 가족 관계와 감정 보상이 두드러진다.,김태중과 GM 인수를 기뻐하며 전생의 상처를 씻어 가족 관계와 감정 보상이 두드러진다.,보상은 실제 지급만 세어 9→8 판정; 훅은 마지막 프레임의 열린 질문만 세어 7→6 판정
299,299화,L52804~L52960,PASS,EDIT,PASS,5,5,8,7,8,6,0.22/0.22/0.22/0.13/0.21,0.22/0.22/0.22/0.13/0.21,태우·TDK 급속충전기와 보조금 계획을 점검하고 정치권 청문회 요구를 정면 수용한 뒤 봉 감독의 아카데미 수상을 지켜본다.,태우의 전기차·OTT 모두 소비자 인식 전환을 받을 명분을 얻는다.,김민재가 봉호준의 수상 직후 맥주를 내려놓고 조간신문과 아침 뉴스의 반응을 확인하려 한다.,태우·TDK 급속충전기와 보조금 계획을 점검하고 정치권 청문회 요구를 정면 수용한 뒤 봉 감독의 아카데미 수상을 지켜본다.; 봉 감독의 외국어영화상 수상이 회귀 전보다 10년 앞당겨져 OTT의 작품성을 증명한다.; 태우의 전기차·OTT 모두 소비자 인식 전환을 받을 명분을 얻는다.,태우·TDK 급속충전기와 보조금 계획을 점검하고 정치권 청문회 요구를 정면 수용한 뒤 봉 감독의 아카데미 수상을 지켜본다; 봉 감독의 외국어영화상 수상이 회귀 전보다 10년 앞당겨져 OTT의 작품성을 증명한다; 태우의 전기차·OTT 모두 소비자 인식 전환을 받을 명분을 얻는다,급속충전 계획·청문회 수용·봉 감독 수상이 기술과 문화 지위를 균형 있게 올린다.,급속충전 계획·청문회 수용·봉 감독 수상이 기술과 문화 지위를 균형 있게 올린다.,보상은 실제 지급만 세어 8→7 판정; 훅은 마지막 프레임의 열린 질문만 세어 8→6 판정
300,300,L52961~L53125,PASS,EDIT,PASS,4,4,7,6,7,6,0.27/0.22/0.19/0.08/0.24,0.27/0.22/0.19/0.08/0.24,아이맥스 시설 600억 원 지원과 신사옥 홍보를 결정하고 천민정에게 이용자 스킨 판매로 상금을 조성하는 세계대회를 제안한다.,태우엔터의 수상 효과가 극장·OTT·게임을 아우르는 문화 영향력으로 확장된다.,천민정은 대회 전용 스킨 판매와 태우 지원을 합친 세계대회를 라스베이거스에서 열겠다고 들뜬다.,아이맥스 시설 600억 원 지원과 신사옥 홍보를 결정하고 천민정에게 이용자 스킨 판매로 상금을 조성하는 세계대회를 제안한다.; 태우 지원과 크라우드형 스킨 판매를 합쳐 우승상금 약 200억 원 대회를 설계한다.; 태우엔터의 수상 효과가 극장·OTT·게임을 아우르는 문화 영향력으로 확장된다.,아이맥스 시설 600억 원 지원과 신사옥 홍보를 결정하고 천민정에게 이용자 스킨 판매로 상금을 조성하는 세계대회를 제안한다; 태우 지원과 크라우드형 스킨 판매를 합쳐 우승상금 약 200억 원 대회를 설계한다; 태우엔터의 수상 효과가 극장·OTT·게임을 아우르는 문화 영향력으로 확장된다,아이맥스 지원과 200억 원 e스포츠 상금을 설계해 사업정보와 물질 규모에 머문다.,아이맥스 지원과 200억 원 e스포츠 상금을 설계해 사업정보와 물질 규모에 머문다.,보상은 실제 지급만 세어 7→6 판정; 훅은 마지막 프레임의 열린 질문만 세어 7→6 판정
301,301,L53126~L53287,PASS,EDIT,PASS,6,6,9,8,9,7,0.22/0.28/0.22/0.12/0.16,0.22/0.28/0.22/0.12/0.16,10시간 회의로 AI 공개와 e스포츠를 밀어붙이고 머스크의 로켓 발사 성공을 축하한 뒤 센트리언에 주야 2교대 생산을 지시한다.,태우의 미래 포트폴리오가 지상 이동·AI·우주·바이오로 분기한다.,WHO 팬데믹 선언이 무료 광고가 될 전망이다.,10시간 회의로 AI 공개와 e스포츠를 밀어붙이고 머스크의 로켓 발사 성공을 축하한 뒤 센트리언에 주야 2교대 생산을 지시한다.; 스페이스X가 실패론을 깨고 발사에 성공하며 타미플루 수요가 세계적으로 급증한다.; 태우의 미래 포트폴리오가 지상 이동·AI·우주·바이오로 분기한다.,10시간 회의로 AI 공개와 e스포츠를 밀어붙이고 머스크의 로켓 발사 성공을 축하한 뒤 센트리언에 주야 2교대 생산을 지시한다; 스페이스X가 실패론을 깨고 발사에 성공하며 타미플루 수요가 세계적으로 급증한다; 태우의 미래 포트폴리오가 지상 이동·AI·우주·바이오로 분기한다,스페이스X 발사 성공과 타미플루 2교대 명령이 우주·바이오 보상과 팬데믹 훅을 함께 올린다.,스페이스X 발사 성공과 타미플루 2교대 명령이 우주·바이오 보상과 팬데믹 훅을 함께 올린다.,보상은 실제 지급만 세어 9→8 판정; 훅은 마지막 프레임의 열린 질문만 세어 9→7 판정
302,302화,L53288~L53462,PASS,EDIT,PASS,7,7,5,5,8,7,0.27/0.30/0.22/0.13/0.08,0.27/0.30/0.22/0.13/0.08,GM 인사 자료를 직접 검토하다 델핀에게 청문회 전략을 자문하고 휠체어 대신 오픈카로 출석해 패널 자료를 제시한다.,수세적 재벌 총수 이미지가 자료와 유머로 싸우는 공개 인물로 바뀐다.,김 의원이 고요금·독점 논리로 다시 압박한다.,오픈카로 청문회에 출석해 9호선 과잉공사 공격을 자료로 반박한다.,GM 인사 자료를 직접 검토하다 델핀에게 청문회 전략을 자문하고 휠체어 대신 오픈카로 출석해 패널 자료를 제시한다; 김민재는 정부가 승인한 더 큰 공사와 자비 부담을 공개하며 정치 간섭 여부를 되묻는다; 수세적 재벌 총수 이미지가 자료와 유머로 싸우는 공개 인물로 바뀐다,오픈카로 출석해 패널자료와 정부 승인을 내미는 공개 공방이라 행동·정보 압박이 높다.,오픈카를 타고 청문회에 출석해 패널자료와 정부 승인문서를 공개한다. 공격받던 제품을 실제 차와 서류로 증명해 말싸움을 현장 시연으로 뒤집는다.,훅은 마지막 프레임의 열린 질문만 세어 8→7 판정; L53288~L53462 수동 재독; 편집 메타어를 실제 장면·숫자·사람 반응으로 교체; L53288~L53462 수동 재독; 편집 메타어를 실제 장면·숫자·사람 반응으로 교체
303,303,L53463~L53621,PASS,EDIT,PASS,9,9,10,9,8,6,0.19/0.35/0.19/0.15/0.12,0.19/0.35/0.19/0.15/0.12,혼잡도 120%를 넘으면 김 의원이 사퇴한다는 약속을 생방송으로 받아내고 개통 뒤 실제 자료를 공개한다.,태우는 국민을 위해 선제 투자한 기업으로 재평가되고 정치권이 화해를 청한다.,대통령실장이 여당 대표·의원과 비밀 사과 자리를 주선한다.,김 의원의 의원직 약속을 받아 개통 혼잡도 자료로 공격 프레임을 무너뜨린다.,혼잡도 120%를 넘으면 김 의원이 사퇴한다는 약속을 생방송으로 받아내고 개통 뒤 실제 자료를 공개한다; 예측보다 높은 혼잡도가 나타나 과잉공사 프레임이 무너지고 여당·청와대 지지율까지 흔들린다; 태우는 국민을 위해 선제 투자한 기업으로 재평가되고 정치권이 화해를 청한다,사퇴 약속 뒤 실제 혼잡도 120% 초과가 생방송 프레임을 깨 행동·환호 보상이 폭발한다.,사퇴 약속 뒤 실제 혼잡도 120% 초과가 생방송 프레임을 깨 행동·환호 보상이 폭발한다.,보상은 실제 지급만 세어 10→9 판정; 훅은 마지막 프레임의 열린 질문만 세어 8→6 판정
304,304,L53622~L53793,PASS,EDIT,PASS,5,5,9,8,8,7,0.21/0.22/0.30/0.12/0.15,0.21/0.22/0.30/0.12/0.15,국내 물량 20%를 원가 공급하는 대신 전기차 충전소·보조금과 태우 지원을 협상하고 김 의원의 재차 사과를 받는다.,청문회 적대가 국가 방역 동맹과 전기차 보급 가속으로 전환된다.,WHO가 신종플루를 팬데믹으로 지정한다.,여당의 사과를 받고 타미플루 원가 공급과 전기차 정책 지원을 교환한다.,국내 물량 20%를 원가 공급하는 대신 전기차 충전소·보조금과 태우 지원을 협상하고 김 의원의 재차 사과를 받는다; 정부는 1천만 회분을 확보하고 태우는 정책 지원·신뢰·수익을 동시에 얻는다; 청문회 적대가 국가 방역 동맹과 전기차 보급 가속으로 전환된다,김 의원 사과와 타미플루 원가공급을 충전소·보조금으로 바꿔 관계 역전이 중심이다.,김 의원의 사과와 타미플루 원가공급을 충전소·보조금 약속으로 바꾼다. 체면을 세워 준 대가가 전기차 인프라로 돌아오며 관계역전이 실물정책을 낳는다.,보상은 실제 지급만 세어 9→8 판정; 훅은 마지막 프레임의 열린 질문만 세어 8→7 판정; L53622~L53793 수동 재독; 범용 중심·비중 문구를 장면 리듬으로 교체; L53622~L53793 수동 재독; 범용 중심·비중 문구를 장면 리듬으로 교체; L53622~L53793 수동 재독; 범용 중심·비중 문구를 장면 리듬으로 교체; L53622~L53793 수동 재독; 범용 중심·비중 문구를 장면 리듬으로 교체; L53622~L53793 수동 재독; 범용 중심·비중 문구를 장면 리듬으로 교체; L53622~L53793 수동 재독; 범용 중심·비중 문구를 장면 리듬으로 교체; L53622~L53793 수동 재독; 범용 중심·비중 문구를 장면 리듬으로 교체; L53622~L53793 수동 재독; 범용 중심·비중 문구를 장면 리듬으로 교체; L53622~L53793 수동 재독; 범용 중심·비중 문구를 장면 리듬으로 교체; L53622~L53793 수동 재독; 범용 중심·비중 문구를 장면 리듬으로 교체; L53622~L53793 수동 재독; 범용 중심·비중 문구를 장면 리듬으로 교체
305,305,L53794~L53959,PASS,EDIT,PASS,6,6,6,6,8,7,0.25/0.24/0.27/0.08/0.16,0.25/0.24/0.27/0.08/0.16,사천리그룹의 LNG 발전소 욕심을 미끼로 두 회장 중 이장덕에게 제약 매각 의사를 받아낸다.,태우는 치료제 권리에서 생산설비까지 수직계열화할 길을 연다.,공동회장 유 회장이 LNG 조건을 더 세게 협상한다.,사천리그룹의 LNG 발전소 욕심을 미끼로 두 회장 중 이장덕에게 제약 매각 의사를 받아낸다.; 500억 원 현금 매각과 발전사업 참여 가능성에 이 회장이 유 회장 설득까지 맡는다.; 태우는 치료제 권리에서 생산설비까지 수직계열화할 길을 연다.,사천리그룹의 LNG 발전소 욕심을 미끼로 두 회장 중 이장덕에게 제약 매각 의사를 받아낸다; 500억 원 현금 매각과 발전사업 참여 가능성에 이 회장이 유 회장 설득까지 맡는다; 태우는 치료제 권리에서 생산설비까지 수직계열화할 길을 연다,사천리 두 회장의 LNG 욕심을 읽어 제약공장 매각 의사를 끌어내는 정보·관계 협상이다.,사천리 두 회장의 LNG 욕심을 읽어 제약공장 매각 의사를 끌어내는 정보·관계 협상이다.,훅은 마지막 프레임의 열린 질문만 세어 8→7 판정
306,306,L53960~L54117,PASS,EDIT,PASS,6,6,9,8,8,7,0.18/0.26/0.25/0.09/0.22,0.18/0.26/0.25/0.09/0.22,태우 75%·사천리 25% LNG 구조와 현지 인맥을 제시하고 규제 해결을 대가로 제약 매각을 확정한다.,태우의 방역 수익 기반이 두 배가 되고 미국 정부까지 직접 구매 협상에 나선다.,미국 대사가 찾아오자 김민재는 무엇을 더 받아낼지 궁리한다.,LNG 지분·규제를 교환해 제약 공장을 500억 원에 사고 미국 대사의 방문을 받는다.,태우 75%·사천리 25% LNG 구조와 현지 인맥을 제시하고 규제 해결을 대가로 제약 매각을 확정한다; 이틀 만에 공장을 넘겨받아 2천만 회 생산이 가능해지고 정부도 추가 물량을 원한다; 태우의 방역 수익 기반이 두 배가 되고 미국 정부까지 직접 구매 협상에 나선다,LNG 지분 조건으로 공장을 넘겨받아 2천만 회분 생산력을 확보하므로 실물 보상이 높다.,LNG 지분 조건으로 공장을 넘겨받아 2천만 회분 생산력을 확보하므로 실물 보상이 높다.,보상은 실제 지급만 세어 9→8 판정; 훅은 마지막 프레임의 열린 질문만 세어 8→7 판정
307,307,L54118~L54288,EDIT,EDIT,PASS,5,5,8,7,8,6,0.25/0.22/0.20/0.08/0.25,0.25/0.22/0.20/0.08/0.25,현금 대신 1·2차 구매보조금과 주요 도시 충전소 허가·협조를 요구하고 센트리언 보안 현장을 점검한다.,팬데믹 수익이 전기차 정책 자산으로 바뀌고 AI 바이오가 자생 프로젝트가 된다.,천민정은 김민재가 지시하기 전부터 인공지능과 제약 연구의 결합 가능성을 알아보고 움직이기 시작한다.,현금 대신 1·2차 구매보조금과 주요 도시 충전소 허가·협조를 요구하고 센트리언 보안 현장을 점검한다.; 미국이 조건을 수용하고 천민정이 보안 점검 중 AI 제약 접목 가능성을 먼저 발견한다.; 팬데믹 수익이 전기차 정책 자산으로 바뀌고 AI 바이오가 자생 프로젝트가 된다.,현금 대신 1·2차 구매보조금과 주요 도시 충전소 허가·협조를 요구하고 센트리언 보안 현장을 점검한다; 미국이 조건을 수용하고 천민정이 보안 점검 중 AI 제약 접목 가능성을 먼저 발견한다; 팬데믹 수익이 전기차 정책 자산으로 바뀌고 AI 바이오가 자생 프로젝트가 된다,미국 약값을 보조금·도시 충전 허가와 바꾸고 AI 바이오 가능성을 찾아 정책·자산이 앞선다.,미국 약값을 보조금·도시 충전 허가와 바꾸고 AI 바이오 가능성을 찾아 정책·자산이 앞선다.,보상은 실제 지급만 세어 8→7 판정; 훅은 마지막 프레임의 열린 질문만 세어 8→6 판정
308,308,L54289~L54453,EDIT,EDIT,PASS,5,5,7,6,7,7,0.28/0.20/0.29/0.08/0.15,0.28/0.20/0.29/0.08/0.15,암호학자·교수진을 불러 김장우와 협업시키고 최재석 도지사에게 충전소를 넘어 도시 전체의 정책 실험을 요청한다.,AI 바이오 전담팀과 경기도 충전기 확대 지원 약속을 얻는다. 경기도 전체 시범도시 지정은 아직 수락 전이다.,최남호가 경기도 전체를 전기차 시범도시로 만들자는 김민재의 제안을 받아들일 것인가?,암호학자·교수진을 불러 김장우와 협업시키고 최재석 도지사에게 충전소를 넘어 도시 전체의 정책 실험을 요청한다.; 연구진이 즉시 결합하고 경기도가 위험을 낮춘 단계적 시범도시를 수용한다.; 태우의 인재 네트워크와 국민경제당 지방권력이 산업 실험 인프라로 전환된다.,"암호학자·교수진을 불러 김장우와 협업시키고 최재석 도지사에게 충전소를 넘어 도시 전체의 정책 실험을 요청한다; AI 바이오팀이 꾸려지고 최남호는 경기도 충전기 확대 지원을 약속하지만, 김민재가 제시한 경기도 전체 전기차 시범도시안은 답을 기다린다; AI 바이오 전담팀과 경기도 충전기 확대 지원 약속을 얻는다. 경기도 전체 시범도시 지정은 아직 수락 전이다",암호학자·김장우·천민정과 최재석 지방권력을 묶어 인재 관계와 실험 정보에 머문다.,"암호학자와 교수진을 김장우의 AI 바이오 팀에 붙이는 연구진 구성 뒤, 최재석에게 충전소 지원을 넘어 경기도 전체를 정책 실험장으로 달라고 요구한다. 전담팀과 충전기 확대 약속은 얻었으나 시범도시 수락은 최남호의 답 앞에서 멈춘다.","보상은 실제 지급만 세어 7→6 판정; L54289~L54453 수동 재독; 점수·리본 유지, 기계적 note만 장면별 편집문으로 교체; L54289~L54453 수동 재독; 기계적 note를 장면별 편집문으로 교체; L54289~L54453 수동 재독; 기계적 note를 장면별 편집문으로 교체; L54289~L54453 수동 재독; 기계적 note를 장면별 편집문으로 교체; L54289~L54453 수동 재독; 기계적 note를 장면별 편집문으로 교체; L54289~L54453 수동 재독; 기계적 note를 장면별 편집문으로 교체; L54289~L54453 수동 재독; 기계적 note를 장면별 편집문으로 교체; L54289~L54453 수동 재독; 기계적 note를 장면별 편집문으로 교체; L54289~L54453 수동 재독; 기계적 note를 장면별 편집문으로 교체; L54289~L54453 수동 재독; 기계적 note를 장면별 편집문으로 교체; L54289~L54453 수동 재독; 기계적 note를 장면별 편집문으로 교체; L54289~L54453 수동 재독; 기계적 note를 장면별 편집문으로 교체; L54289~L54453 수동 재독; 기계적 note를 장면별 편집문으로 교체"
309,309,L54454~L54614,PASS,EDIT,PASS,4,4,8,7,7,7,0.19/0.28/0.27/0.08/0.18,0.19/0.28/0.27/0.08/0.18,모든 스타박스 매장에 충전기 설치를 지시하고 코코아택시 자금을 동원한 뒤 오정훈 시장에게 발표 공로를 양보한다.,경기·서울 양대 생활권이 전기차 초기시장으로 묶인다.,5년 전기차 인프라 약속을 실제 충전기 설치와 재선 이후 지속사업으로 만들 수 있는가?,스타박스·택시를 충전망으로 쓰고 9호선 개선 공로를 서울시장에게 양보한다.,모든 스타박스 매장에 충전기 설치를 지시하고 코코아택시 자금을 동원한 뒤 오정훈 시장에게 발표 공로를 양보한다; 서울시가 충전망 투자에 나서고 시장은 9호선 개선을 자기 성과로 발표할 수 있게 된다; 경기·서울 양대 생활권이 전기차 초기시장으로 묶인다,스타박스 충전기와 서울시장 공로 양보로 경기·서울망을 넓혀 행동·정치 관계가 중심이다.,스타박스 충전기를 늘리고 서울시장 공로는 최재석에게 양보한다. 인프라 확장과 정치적 빚을 동시에 쌓아 경기·서울 두 지역의 길을 넓힌다.,"보상은 실제 지급만 세어 8→7 판정; L54454~L54614 수동 재독; 범용 중심·비중 문구를 장면 리듬으로 교체; L54454~L54614 수동 재독; 회차 필드 경계 교정, 범용 중심·비중 문구를 장면 리듬으로 교체; L54454~L54614 수동 재독; 회차 필드 경계 교정, 범용 중심·비중 문구를 장면 리듬으로 교체; L54454~L54614 수동 재독; 회차 필드 경계 교정, 범용 중심·비중 문구를 장면 리듬으로 교체; L54454~L54614 수동 재독; 회차 필드 경계 교정, 범용 중심·비중 문구를 장면 리듬으로 교체; L54454~L54614 수동 재독; 회차 필드 경계 교정, 범용 중심·비중 문구를 장면 리듬으로 교체; L54454~L54614 수동 재독; 회차 필드 경계 교정, 범용 중심·비중 문구를 장면 리듬으로 교체; L54454~L54614 수동 재독; 회차 필드 경계 교정, 범용 중심·비중 문구를 장면 리듬으로 교체; L54454~L54614 수동 재독; 회차 필드 경계 교정, 범용 중심·비중 문구를 장면 리듬으로 교체; L54454~L54614 수동 재독; 회차 필드 경계 교정, 범용 중심·비중 문구를 장면 리듬으로 교체; L54454~L54614 수동 재독; 회차 필드 경계 교정, 범용 중심·비중 문구를 장면 리듬으로 교체"
310,310,L54615~L54774,PASS,EDIT,PASS,5,5,7,6,8,7,0.20/0.21/0.34/0.08/0.17,0.20/0.21/0.34/0.08/0.17,민간 휴게소 입찰을 준비하고 할 핀니 보안 프로젝트를 지원한 뒤 사우디에서 압둘아지즈·빈 살만에게 공동투자를 제안한다.,태우의 전기차 전환이 단일기업 투자가 아니라 산유국과의 공동 프로젝트로 격상된다.,석유 부자가 제시할 실제 투자 규모가 남는다.,주유소·휴게소 계획을 사우디 아람코와 세계 충전망 협상으로 키운다.,민간 휴게소 입찰을 준비하고 할 핀니 보안 프로젝트를 지원한 뒤 사우디에서 압둘아지즈·빈 살만에게 공동투자를 제안한다; 김민재가 사내유보금 전부를 넣겠다고 하자 압둘아지즈가 더 큰 지원을 예고한다; 태우의 전기차 전환이 단일기업 투자가 아니라 산유국과의 공동 프로젝트로 격상된다,할 핀니 지원 뒤 산유국 왕족에게 전기차 공동투자를 청해 장기 동맹 관계가 크게 작동한다.,할 핀니 지원 뒤 산유국 왕족에게 전기차 공동투자를 청해 장기 동맹 관계가 크게 작동한다.,보상은 실제 지급만 세어 7→6 판정; 훅은 마지막 프레임의 열린 질문만 세어 8→7 판정
311,311,L54775~L54938,PASS,EDIT,PASS,5,5,9,8,9,6,0.28/0.20/0.18/0.08/0.26,0.28/0.20/0.18/0.08/0.26,"아람코의 한국 비용 절반과 미국 주유소 설치를 받고 빈 살만과 리야드 계획을 세우며 저수요 타미플루-M도 생산시키고 로켓 8,900원 멤버십을 설계한다.",전기차·바이오·유통이 각각 보조금·신뢰·잠금효과라는 장기 자산을 얻는다.,전기차 구매층을 겨냥한 애플 발표회가 열린다.,아람코 지원·리야드 시범도시·타미플루-M·로켓 멤버십을 확정하고 애플카 완성을 받는다.,"아람코의 한국 비용 절반과 미국 주유소 설치를 받고 빈 살만과 리야드 계획을 세우며 저수요 타미플루-M도 생산시키고 로켓 8,900원 멤버십을 설계한다; 손해 생산은 기술 신뢰를 만들고 멤버십은 그룹 서비스 전체를 묶으며 애플카 완성이 보고된다; 전기차·바이오·유통이 각각 보조금·신뢰·잠금효과라는 장기 자산을 얻는다",아람코 충전망·타미플루-M·로켓 멤버십을 묶고 애플카 완성을 받아 정보·자산 지급이 크다.,"아람코 충전망과 타미플루-M, 로켓 멤버십 조건을 한 자리에서 맞춘 뒤 애플카 완성 보고를 받는다. 서로 먼 사업들이 계약과 완제품으로 동시에 돌아와 장기 준비가 눈앞의 자산이 된다.",보상은 실제 지급만 세어 9→8 판정; 훅은 마지막 프레임의 열린 질문만 세어 9→6 판정; L54775~L54938 수동 재독; 편집 메타어를 실제 장면·숫자·사람 반응으로 교체; L54775~L54938 수동 재독; 편집 메타어를 실제 장면·숫자·사람 반응으로 교체
312,312,L54939~L55096,PASS,EDIT,PASS,4,4,9,8,7,8,0.20/0.22/0.21/0.10/0.27,0.20/0.22/0.21/0.10/0.27,가입자 130만 명·멤버십 30%를 확인하고 델핀을 통해 아노르 가문 중저가 명품의 VIP 온라인 입점을 성사시킨다.,태우상사의 적자 사업이 시장 규칙을 바꾸는 플랫폼으로 올라선다.,첫 견제 기업을 본보기로 삼겠다는 선언이 나온다.,로켓이 첫날 130만 가입자를 모으고 명품·식품 입점을 확장한다.,가입자 130만 명·멤버십 30%를 확인하고 델핀을 통해 아노르 가문 중저가 명품의 VIP 온라인 입점을 성사시킨다; 명품·밀키트·신선식품 입점이 붙으며 집 안에서 모든 쇼핑이 가능한 구성이 완성된다; 태우상사의 적자 사업이 시장 규칙을 바꾸는 플랫폼으로 올라선다,130만 가입자와 아노르 명품 입점으로 적자 유통이 플랫폼 지위를 얻어 물질 보상이 앞선다.,130만 가입자와 아노르 명품 입점으로 적자 유통이 플랫폼 지위를 얻어 물질 보상이 앞선다.,보상은 실제 지급만 세어 9→8 판정; 훅은 마지막 프레임의 열린 질문만 세어 7→8 판정
313,313,L55097~L55276,EDIT,EDIT,PASS,7,7,8,7,7,8,0.19/0.35/0.24/0.10/0.12,0.19/0.35/0.24/0.10/0.12,정보부로 적자 규모를 은밀히 흘리고 진호균 등 회장들에게 돈·동맹을 총동원하겠다고 직접 경고한다.,로켓은 신규 이커머스 경쟁을 넘어 오프라인 재벌까지 억제하는 선도자로 선다.,다음 날 잡힌 장경준과의 면담에서 전기차 협약 불개입 경고를 어떻게 관철할 것인가?,3조 원 적자를 흘리고 재벌 회장들을 압박해 대형 유통사의 참전을 막는다.,정보부로 적자 규모를 은밀히 흘리고 진호균 등 회장들에게 돈·동맹을 총동원하겠다고 직접 경고한다; 1·2위 그룹이 로켓의 자금전 규모를 보고 물러나 견제자가 사라진다; 로켓은 신규 이커머스 경쟁을 넘어 오프라인 재벌까지 억제하는 선도자로 선다,적자 규모를 흘리고 재벌 회장들에게 직접 경고해 견제자를 물리는 행동·권력관계가 강하다.,적자 규모를 흘리고 재벌 회장들에게 직접 경고해 견제자를 물리는 행동·권력관계가 강하다.,보상은 실제 지급만 세어 8→7 판정; 훅은 마지막 프레임의 열린 질문만 세어 7→8 판정
314,314,L55277~L55435,PASS,EDIT,PASS,5,5,8,7,7,6,0.21/0.26/0.25/0.08/0.20,0.21/0.26/0.25/0.08/0.20,태우 돈으로 인프라를 깔고 현재도 이용하게 하는 구두합의를 만들고 로켓 품목·배송 인력을 과잉 확충한다.,전기차 반대 연합이 약화되고 김민재 부재에도 그룹을 맡을 인재 체계가 선다.,김민재가 애플카 공개를 위해 미국으로 떠난다.,현재자동차에 무상 충전망 이용을 주어 하이브리드 노선과 불개입을 유도한다.,태우 돈으로 인프라를 깔고 현재도 이용하게 하는 구두합의를 만들고 로켓 품목·배송 인력을 과잉 확충한다; 울산 정치권까지 충전망에 찬성하고 로켓은 해외 판매자까지 끌어들인다; 전기차 반대 연합이 약화되고 김민재 부재에도 그룹을 맡을 인재 체계가 선다,현재와 충전망을 공유하고 로켓 품목·인력을 늘려 협력 관계와 실행 자산을 굳힌다.,현재와 충전망을 공유하고 로켓 품목·인력을 늘려 협력 관계와 실행 자산을 굳힌다.,보상은 실제 지급만 세어 8→7 판정; 훅은 마지막 프레임의 열린 질문만 세어 7→6 판정
315,315,L55436~L55615,PASS,EDIT,PASS,7,7,9,8,9,8,0.14/0.41/0.18/0.16/0.11,0.14/0.41/0.18/0.16/0.11,김민재가 단상에 올라 애플카를 소개하고 스티브가 주행하며 충돌방지 시연을 한다.,태우가 가전회사가 아니라 자동차 소프트웨어·안전기술 기업으로 재인식된다.,원격주차·아이폰 연동이라는 더 큰 시연이 남는다.,스티브와 애플카를 공개해 충돌방지 시연으로 관중을 뒤집는다.,김민재가 단상에 올라 애플카를 소개하고 스티브가 주행하며 충돌방지 시연을 한다; 스턴트맨 앞에서 차가 스스로 멈추자 관중이 폭발한다; 태우가 가전회사가 아니라 자동차 소프트웨어·안전기술 기업으로 재인식된다,스턴트맨 앞에서 차량이 스스로 멈추는 현장 시연이 행동과 관중 감정을 압도한다.,스턴트맨 앞에서 달리던 차량이 스스로 멈추자 현장 반응이 기술설명을 대신한다. 사람의 몸을 건 시연이 자동제동의 가치를 한 번에 증명해 관중의 안도와 놀람을 끌어낸다.,보상은 실제 지급만 세어 9→8 판정; 훅은 마지막 프레임의 열린 질문만 세어 9→8 판정; L55436~L55615 수동 재독; 편집 메타어를 실제 장면·숫자·사람 반응으로 교체; L55436~L55615 수동 재독; 편집 메타어를 실제 장면·숫자·사람 반응으로 교체
316,316,L55616~L55812,PASS,EDIT,PASS,6,6,10,9,8,6,0.18/0.34/0.18/0.12/0.18,0.18/0.34/0.18/0.12/0.18,스티브가 원격주차를 시연하는 동안 데이비드가 여론을 정치권에 밀어 넣고 GM의 멈춘 공장에 생산설비를 투입한다.,애플카는 제품 발표를 넘어 미국 제조업 회생과 전기차 정책의 지렛대가 된다.,스티브가 휴식 대신 이틀짜리 아이디어 회의를 시작한다.,원격주차·아이폰 연동을 시연하고 보조금 증액·GM 공장 전환을 끌어낸다.,스티브가 원격주차를 시연하는 동안 데이비드가 여론을 정치권에 밀어 넣고 GM의 멈춘 공장에 생산설비를 투입한다; 검색어 1위와 태우·카이 주가 급등으로 정부가 보조금 증액을 긍정 검토한다; 애플카는 제품 발표를 넘어 미국 제조업 회생과 전기차 정책의 지렛대가 된다,원격주차·검색어 1위·주가상승과 GM 공장 재가동이 제품 약속을 큰 행동 보상으로 닫는다.,원격주차·검색어 1위·주가상승과 GM 공장 재가동이 제품 약속을 큰 행동 보상으로 닫는다.,보상은 실제 지급만 세어 10→9 판정; 훅은 마지막 프레임의 열린 질문만 세어 8→6 판정
317,317,L55813~L55972,PASS,EDIT,PASS,5,5,8,7,8,7,0.34/0.17/0.18/0.08/0.23,0.34/0.17/0.18/0.08/0.23,"미국 7,500달러·유럽 6천 유로 계획을 확인하고 중국 기업형 보조금·현지 공장을 검토한 뒤 다이먼에게 비트코인 3만 달러 미래를 설명한다.",전기차 세계판이 열리고 금융위기 때 만든 암호자산이 다음 전쟁 자금 후보가 된다.,비트코인의 신뢰도를 누가 어떻게 보증할지가 남는다.,미국·유럽 보조금을 확정하며 중국과 비트코인 신뢰 문제로 이동한다.,"미국 7,500달러·유럽 6천 유로 계획을 확인하고 중국 기업형 보조금·현지 공장을 검토한 뒤 다이먼에게 비트코인 3만 달러 미래를 설명한다; 주요 시장 모두가 전기차 지원에 움직이고 GM 주가도 2달러를 돌파한다; 전기차 세계판이 열리고 금융위기 때 만든 암호자산이 다음 전쟁 자금 후보가 된다",각국 보조금·중국 공장·비트코인 미래를 점검해 시장정보와 금융자산 리본이 높다.,"각국 전기차 보조금과 중국 공장, 비트코인 미래를 차례로 점검한다. 당장 한 계약을 닫기보다 세 시장의 시점을 비교해 다음 자금배치 순서를 고른다.",보상은 실제 지급만 세어 8→7 판정; 훅은 마지막 프레임의 열린 질문만 세어 8→7 판정; L55813~L55972 수동 재독; 편집 메타어를 실제 장면·숫자·사람 반응으로 교체; L55813~L55972 수동 재독; 편집 메타어를 실제 장면·숫자·사람 반응으로 교체
318,318,L55973~L56130,EDIT,EDIT,PASS,5,5,7,6,8,7,0.25/0.18/0.34/0.09/0.14,0.25/0.18/0.34/0.09/0.14,GM 보유·결제 가능성을 논의하고 빈 살만이 제안한 수백조 원 국부펀드 협업을 일부러 미온적으로 받아 협상가치를 높인다.,태우의 투자 전쟁에 국가급 우군과 암호자산 인프라가 결합할 준비가 된다.,빈 살만이 사우디 국부펀드 운용과 장기 공동투자에서 어떤 제안을 내놓을 것인가?,GM을 비트코인 신뢰 기반으로 쓰고 사우디 국부펀드 협업을 저울질한다.,GM 보유·결제 가능성을 논의하고 빈 살만이 제안한 수백조 원 국부펀드 협업을 일부러 미온적으로 받아 협상가치를 높인다; 미래 왕세자 빈 살만이 운용을 태우증권에 맡길 가능성이 열린다; 태우의 투자 전쟁에 국가급 우군과 암호자산 인프라가 결합할 준비가 된다,비트코인 결제와 빈 살만 국부펀드를 일부러 미온적으로 받아 관계 협상에 오래 머문다.,비트코인 결제와 빈 살만 국부펀드를 일부러 미온적으로 받아 관계 협상에 오래 머문다.,보상은 실제 지급만 세어 7→6 판정; 훅은 마지막 프레임의 열린 질문만 세어 8→7 판정
319,319화,L56131~L56286,PASS,EDIT,PASS,6,6,9,8,8,6,0.18/0.31/0.24/0.12/0.15,0.18/0.31/0.24/0.12/0.15,머스크에게 차종 분할과 경기도 공장·중국 판매를 제안하고 전 세계 애플 매장 전시와 온라인 예약을 동시에 연다.,태우는 경쟁과 협업으로 전기차 시장 자체를 키우는 지배자로 선다.,하루 예약대수 공개를 앞두고 기대를 끌어올린다.,머스크와 시장을 나누고 애플카 선주문 사이트가 순수 접속으로 다운된다.,머스크에게 차종 분할과 경기도 공장·중국 판매를 제안하고 전 세계 애플 매장 전시와 온라인 예약을 동시에 연다; 공격이 아닌 순수 수요가 서버를 터뜨리며 성공 신호가 확인된다; 태우는 경쟁과 협업으로 전기차 시장 자체를 키우는 지배자로 선다,머스크와 차종을 나눈 뒤 예약 서버가 터져 행동·소비자 반응·동맹 보상이 함께 오른다.,머스크와 차종을 나눈 뒤 예약 서버가 터져 행동·소비자 반응·동맹 보상이 함께 오른다.,보상은 실제 지급만 세어 9→8 판정; 훅은 마지막 프레임의 열린 질문만 세어 8→6 판정
320,320화,L56287~L56457,PASS,EDIT,PASS,6,6,9,8,8,7,0.23/0.26/0.18/0.08/0.25,0.23/0.26/0.18/0.08/0.25,머스크의 상장 결정을 수용하고 배터리 기술격차·차량용 반도체 생산 확대와 조직 승진을 준비한다.,전기차 광기가 차량 한 종이 아니라 태우 생태계 전체의 가치 상승으로 번진다.,테슬라 첫날 종가와 김민재의 추가 지분 확보가 남는다.,하루 10만 예약을 확인하고 테슬라 IPO·배터리·반도체 상승을 준비한다.,머스크의 상장 결정을 수용하고 배터리 기술격차·차량용 반도체 생산 확대와 조직 승진을 준비한다; 테슬라가 상장 직후 급등하고 태우 배터리 적자·반도체 수요가 동시에 개선된다; 전기차 광기가 차량 한 종이 아니라 태우 생태계 전체의 가치 상승으로 번진다,테슬라 상장 급등이 배터리·반도체·GM 가치로 번져 행동과 물질 지위 보상이 크다.,테슬라 상장 급등이 배터리·반도체·GM 가치까지 끌어올린다. 한 회사의 주가반응이 태우가 먼저 쌓은 공급망 자산의 가격표로 번져 선점의 대가를 보여 준다.,보상은 실제 지급만 세어 9→8 판정; 훅은 마지막 프레임의 열린 질문만 세어 8→7 판정; L56287~L56457 수동 재독; 편집 메타어를 실제 장면·숫자·사람 반응으로 교체; L56287~L56457 수동 재독; 편집 메타어를 실제 장면·숫자·사람 반응으로 교체
321,321,L56458~L56631,PASS,EDIT,PASS,7,7,6,6,9,7,0.24/0.25/0.26/0.10/0.15,0.24/0.25/0.26/0.10/0.15,페이퍼컴퍼니로 지분을 더 산 뒤 공매도 정보를 받고 일부러 치열한 공방을 연출하려 하며 파이드 왕자를 맞는다.,테슬라 상장 성공이 금융전의 표적이 되고 빈 살만 인맥이 실전 우군 시험대에 오른다.,파이드 왕자를 어떻게 구워삶을지 협상이 시작된다.,테슬라 40% 급등 뒤 공매도 세력을 감지하고 사우디 국부펀드를 맞는다.,페이퍼컴퍼니로 지분을 더 산 뒤 공매도 정보를 받고 일부러 치열한 공방을 연출하려 하며 파이드 왕자를 맞는다; 사우디 국부펀드 관계자들이 예상보다 빨리 본사에 도착한다; 테슬라 상장 성공이 금융전의 표적이 되고 빈 살만 인맥이 실전 우군 시험대에 오른다,공매도 정보를 받고 사우디 인물이 예상보다 빨리 도착해 정보·행동·관계 긴장이 맞물린다.,공매도 정보를 받고 사우디 인물이 예상보다 빨리 도착해 정보·행동·관계 긴장이 맞물린다.,훅은 마지막 프레임의 열린 질문만 세어 9→7 판정
322,322,L56632~L56797,PASS,EDIT,PASS,8,8,8,7,9,8,0.17/0.35/0.25/0.10/0.13,0.17/0.35/0.25/0.10/0.13,3년 뒤 주가가 낮으면 현재가로 전량 매수하겠다고 보증해 펀드를 참전시킨다.,국부펀드 참전으로 금융전 규모가 커진다.,공매도 총력전이 시작된다.,손실보증으로 사우디를 테슬라 공매도전에 끌어들인다.,3년 뒤 주가가 낮으면 현재가로 전량 매수하겠다고 보증해 펀드를 참전시킨다; 사우디가 매물을 받아 내며 경제뉴스 1면을 전기차가 점령한다; 국부펀드 참전으로 금융전 규모가 커진다,3년 뒤 현재가 매입보증으로 파이드를 끌어들여 사우디가 즉시 매물을 받는 행동전이다.,3년 뒤 현재가 매입보증으로 파이드를 끌어들여 사우디가 즉시 매물을 받는 행동전이다.,보상은 실제 지급만 세어 8→7 판정; 훅은 마지막 프레임의 열린 질문만 세어 9→8 판정
323,323,L56798~L56981,PASS,EDIT,PASS,7,7,8,7,8,8,0.17/0.32/0.19/0.14/0.18,0.17/0.32/0.19/0.14/0.18,할 핀니가 해킹을 막는 사이 전 세계 매장 앞 대기줄과 예약권 되팔이를 확인한다.,테슬라 방어 논리가 애플카 실물 인기로 보강된다.,이틀 뒤 세계 동시 출시가 열린다.,해킹을 막는 사이 애플카 매장 대기줄이 생긴다.,할 핀니가 해킹을 막는 사이 전 세계 매장 앞 대기줄과 예약권 되팔이를 확인한다; 출시 전부터 100명 이상 줄이 서며 수요가 과열된다; 테슬라 방어 논리가 애플카 실물 인기로 보강된다,해킹을 막는 동안 세계 매장 대기줄이 형성되어 행동과 대중 기대가 공매도 논리를 압박한다.,해킹을 막는 동안 세계 매장 대기줄이 형성되어 행동과 대중 기대가 공매도 논리를 압박한다.,보상은 실제 지급만 세어 8→7 판정
324,324화,L56982~L57144,PASS,EDIT,PASS,7,7,8,7,8,7,0.22/0.29/0.24/0.09/0.16,0.22/0.29/0.24/0.09/0.16,국가별 판매량을 확인하고 퀀텀펀드 조지에게 테슬라 매수·인터뷰를 맡긴다.,전기차 진영이 금융·소비 양쪽에서 우세해진다.,조지가 언론전까지 준비한다.,애플카 세계판매와 퀀텀펀드 참전으로 테슬라를 방어한다.,국가별 판매량을 확인하고 퀀텀펀드 조지에게 테슬라 매수·인터뷰를 맡긴다; 중국 중심 판매가 강하고 사우디에 퀀텀펀드까지 합류한다; 전기차 진영이 금융·소비 양쪽에서 우세해진다,국가별 판매를 확인하고 조지에게 매수·언론전을 맡겨 정보와 금융 행동이 함께 전진한다.,국가별 판매를 확인하고 조지에게 매수·언론전을 맡겨 정보와 금융 행동이 함께 전진한다.,보상은 실제 지급만 세어 8→7 판정; 훅은 마지막 프레임의 열린 질문만 세어 8→7 판정
325,325화,L57145~L57322,PASS,EDIT,PASS,8,8,8,7,9,8,0.18/0.31/0.27/0.11/0.13,0.18/0.31/0.27/0.11/0.13,사우디가 싼 테슬라 주식을 주는 조건으로 이탈 세력을 회유하고 강 대위에게 승부조작 수사도 맡긴다.,전기차 전쟁은 승리 직전이고 낡은 스타크 리그는 퇴장한다.,배신당한 카노스의 대응이 남는다.,10만 대 판매 뒤 공매도 동맹 일부를 회유한다.,사우디가 싼 테슬라 주식을 주는 조건으로 이탈 세력을 회유하고 강 대위에게 승부조작 수사도 맡긴다; 헤지펀드들이 다음 날 공개 철회를 약속한다; 전기차 전쟁은 승리 직전이고 낡은 스타크 리그는 퇴장한다,사우디가 싼 주식으로 이탈 펀드를 회유해 공개 철회 약속을 받아 관계전 긴장이 높다.,사우디가 싼 주식을 내밀어 이탈하려던 펀드를 회유하고 공개 철회 약속을 받아낸다. 공매도 연합의 균열을 돈으로 봉합하면서도 카노스의 적의는 남아 다음 반격을 예고한다.,보상은 실제 지급만 세어 8→7 판정; 훅은 마지막 프레임의 열린 질문만 세어 9→8 판정; L57145~L57322 수동 재독; 편집 메타어를 실제 장면·숫자·사람 반응으로 교체; L57145~L57322 수동 재독; 편집 메타어를 실제 장면·숫자·사람 반응으로 교체
326,326화,L57323~L57487,PASS,EDIT,PASS,6,6,10,9,8,7,0.17/0.23/0.26/0.18/0.16,0.17/0.23/0.26/0.18/0.16,사우디가 항복 사진을 1면에 싣고 태우는 카드·펀드 고객을 모은다.,전기차 동맹이 완승하고 카노스가 장기 적으로 남는다.,카노스가 태우 폭락을 기다린다.,공매도 세력이 항복하지만 카노스는 태우 전체를 노린다.,사우디가 항복 사진을 1면에 싣고 태우는 카드·펀드 고객을 모은다; 테슬라는 역사보다 일찍 공매도 족쇄를 벗는다; 전기차 동맹이 완승하고 카노스가 장기 적으로 남는다,항복 사진·고객 유입·테슬라 족쇄 해제가 환호를 주지만 카노스의 원한을 남긴다.,항복 사진·고객 유입·테슬라 족쇄 해제가 환호를 주지만 카노스의 원한을 남긴다.,보상은 실제 지급만 세어 10→9 판정; 훅은 마지막 프레임의 열린 질문만 세어 8→7 판정
327,327화,L57488~L57633,PASS,EDIT,PASS,5,5,6,6,8,6,0.38/0.19/0.16/0.08/0.19,0.38/0.19/0.16/0.08/0.19,비상회의에서 일본 제조업 KIKO·공매도와 남유럽 위기 투자를 승인한다.,"일본 KIKO·공매도와 남유럽 디폴트 포지션, 퀀텀·사우디 자금의 참여 방향을 비상회의에서 승인한다. 실제 수익은 아직 전이다.",일본에 유리해 보이는 상품을 팔아야 한다.,적자 누적을 막으려 일본·유럽 이중 프로젝트를 연다.,"비상회의에서 일본 제조업 KIKO·공매도와 남유럽 위기 투자를 승인한다; 성공 시 다시는 자금 악화를 걱정하지 않을 규모라는 계산이 선다; 일본 KIKO·공매도와 남유럽 디폴트 포지션, 퀀텀·사우디 자금의 참여 방향을 비상회의에서 승인한다. 실제 수익은 아직 전이다",일본 KIKO·남유럽 디폴트·정치자금을 회의에서 펼쳐 정보와 자금배치가 지배한다.,"후쿠다의 적자 누적 경고를 받은 비상회의에서 일본 KIKO·공매도와 남유럽 디폴트 포지션을 승인하고 퀀텀·사우디 자금을 얼굴로 세운다. 박만덕이 동시 실패 위험을 묻자 김민재가 모든 책임을 지겠다고 답해, 현금축적 전환은 수익이 아니라 대형 배치 결정으로 지급된다.","훅은 마지막 프레임의 열린 질문만 세어 8→6 판정; L57488~L57633 수동 재독; 회차 필드 경계 교정, 고정 39화 표본 note를 원문 장면·말미 기준으로 교정; L57488~L57633 수동 재독; 회차 필드 경계 교정, 고정 39화 표본 note를 원문 장면·말미 기준으로 교정; L57488~L57633 수동 재독; 회차 필드 경계 교정, 고정 39화 표본 note를 원문 장면·말미 기준으로 교정"
328,328,L57634~L57794,PASS,EDIT,PASS,5,5,6,6,7,6,0.34/0.20/0.22/0.08/0.16,0.34/0.20/0.22/0.08/0.16,국민경제당 온라인 홍보를 지시하고 조지와 그리스 디폴트·유로 하락 작전을 설계한다.,일본·유럽·정치 세 축이 준비 단계에 들어간다.,한정훈이 미국에서 세부작전을 만든다.,조지와 유럽 재정위기 작전을 짜고 지방선거 여론전을 준비한다.,국민경제당 온라인 홍보를 지시하고 조지와 그리스 디폴트·유로 하락 작전을 설계한다; 조지가 유럽의 악마가 될 계획을 즉석에서 완성한다; 일본·유럽·정치 세 축이 준비 단계에 들어간다,그리스·유로·국민경제당 홍보를 조지와 설계하는 회차라 전략정보와 협업 관계가 앞선다.,그리스·유로·국민경제당 홍보를 조지와 설계하는 회차라 전략정보와 협업 관계가 앞선다.,훅은 마지막 프레임의 열린 질문만 세어 7→6 판정
329,329화,L57795~L57962,PASS,EDIT,PASS,4,4,7,6,7,7,0.20/0.20/0.34/0.12/0.14,0.20/0.20/0.34/0.12/0.14,캡틴 PC방을 전국에 적자 확장하고 최재석에게 광역단체 다수 승리를 약속한다.,PC방이 게임 복구와 선거 작전의 이중 거점이 된다.,지방선거 승리로 신뢰를 갚아야 한다.,무료 PC방망을 게임회복·선거작전 거점으로 만든다.,캡틴 PC방을 전국에 적자 확장하고 최재석에게 광역단체 다수 승리를 약속한다; 최재석은 국가발전 정책만 협력하겠다는 신뢰를 재확인한다; PC방이 게임 복구와 선거 작전의 이중 거점이 된다,적자 PC방 확장과 최재석의 국가발전 원칙 확인이 정치 동맹의 신뢰를 재확인한다.,적자 PC방 확장과 최재석의 국가발전 원칙 확인이 정치 동맹의 신뢰를 재확인한다.,보상은 실제 지급만 세어 7→6 판정
330,330,L57963~L58138,EDIT,EDIT,PASS,5,5,7,6,8,7,0.24/0.21/0.27/0.08/0.20,0.24/0.21/0.27/0.08/0.20,펀드 가입자를 늘리는 한편 추영희에게 바지사장을 맡겨 경영권 싸움을 버티게 한다.,금융 전쟁의 판돈과 해운 인수 창이 열린다.,현진해운 문제를 상의하자는 조영수의 요청은 어떤 자산·구조조정 협상으로 이어질 것인가?,800억 달러 조달과 현진해운 바지사장안을 진행한다.,펀드 가입자를 늘리는 한편 추영희에게 바지사장을 맡겨 경영권 싸움을 버티게 한다; 가입자·코코아뱅크 고객이 급증하고 조영수 회장이 먼저 연락한다; 금융 전쟁의 판돈과 해운 인수 창이 열린다,펀드 고객을 늘리고 추영희·조영수와 해운 경영권 창을 열어 관계·자산이 쌓인다.,펀드 고객을 늘리고 추영희·조영수와 해운 경영권 창을 열어 관계·자산이 쌓인다.,보상은 실제 지급만 세어 7→6 판정; 훅은 마지막 프레임의 열린 질문만 세어 8→7 판정
331,331,L58139~L58329,PASS,EDIT,PASS,6,6,7,7,8,7,0.20/0.30/0.25/0.09/0.16,0.20/0.30/0.25/0.09/0.16,지원 요구를 거절하고 핀테크 대출을 정상금리로 받으며 캡틴 PC방 IP 작전을 가동한다.,곳간 프로젝트와 선거 프로젝트가 실행 단계로 넘어간다.,국민경제당 공격적 여론전이 시작된다.,현진 계약을 유지하고 260개 PC방 선거작전을 가동한다.,지원 요구를 거절하고 핀테크 대출을 정상금리로 받으며 캡틴 PC방 IP 작전을 가동한다; 계약 우위가 유지되고 전국의 PC방 IP를 선거 여론전에 쓸 준비가 끝난다; 곳간 프로젝트와 선거 프로젝트가 실행 단계로 넘어간다,지원 요구를 거절하고 260개 PC방 IP를 가동해 금융·선거 행동이 실행 단계로 들어간다.,현진해운의 지원 요구를 거절하고 기존 담보계약을 지킨 뒤 핀테크 대출과 캡틴 PC방 IP 여론전을 가동한다. 전국 PC방망을 선거판에 쓸 준비까지만 보이며 정확한 점포 수와 실제 여론 반응은 다음 화에서 확인된다.,"훅은 마지막 프레임의 열린 질문만 세어 8→7 판정; L58139~L58329 수동 재독; 회차 필드 경계 교정, 표본 note를 현재 화 표면으로 교정; L58139~L58329 수동 재독; 회차 필드 경계 교정, 표본 note를 현재 화 표면으로 교정; L58139~L58329 수동 재독; 회차 필드 경계 교정, 표본 note를 현재 화 표면으로 교정; L58139~L58329 수동 재독; 회차 필드 경계 교정, 표본 note를 현재 화 표면으로 교정; L58139~L58329 수동 재독; 회차 필드 경계 교정, 표본 note를 현재 화 표면으로 교정; L58139~L58329 수동 재독; 회차 필드 경계 교정, 표본 note를 현재 화 표면으로 교정; L58139~L58329 수동 재독; 회차 필드 경계 교정, 표본 note를 현재 화 표면으로 교정; L58139~L58329 수동 재독; 회차 필드 경계 교정, 표본 note를 현재 화 표면으로 교정; L58139~L58329 수동 재독; 회차 필드 경계 교정, 표본 note를 현재 화 표면으로 교정; L58139~L58329 수동 재독; 회차 필드 경계 교정, 표본 note를 현재 화 표면으로 교정"
332,332,L58330~L58495,PASS,EDIT,PASS,5,5,9,8,8,6,0.23/0.25/0.24/0.11/0.17,0.23/0.25/0.24/0.11/0.17,국민경제당이 8개 광역단체장을 얻자 무상급식 찬성·서울 보궐 전략을 제시하고 일본에 첫 100억 달러를 투입한다.,정치 방어막과 일본 금융공격이 함께 출발한다.,노무라가 상품을 얼마나 살지가 남는다.,광역 8곳을 얻고 일본에 첫 100억 달러를 투입한다.,국민경제당이 8개 광역단체장을 얻자 무상급식 찬성·서울 보궐 전략을 제시하고 일본에 첫 100억 달러를 투입한다; 예상보다 많은 8곳 승리와 300억 달러 송금 일정이 확정된다; 정치 방어막과 일본 금융공격이 함께 출발한다,광역 8곳 승리 직후 일본에 100억 달러를 넣어 정치 보상과 새 행동을 맞물린다.,광역 8곳 승리 직후 일본에 100억 달러를 넣어 정치 보상과 새 행동을 맞물린다.,보상은 실제 지급만 세어 9→8 판정; 훅은 마지막 프레임의 열린 질문만 세어 8→6 판정
333,333,L58496~L58665,PASS,EDIT,PASS,5,5,7,6,8,9,0.29/0.18/0.25/0.08/0.20,0.29/0.18/0.25/0.08/0.20,노무라 50억 달러를 시작으로 소개망을 넓히고 미분양 후분양 인수도 준비한다.,태우는 2011년 수확까지 적자를 감수한다.,대지진 시점이 다가온다.,노무라 50억 달러 계약과 PF 저점매수를 넓힌다.,노무라 50억 달러를 시작으로 소개망을 넓히고 미분양 후분양 인수도 준비한다; 리먼 전우라는 신뢰로 계약이 확산되고 건설 저점 물량이 쌓인다; 태우는 2011년 수확까지 적자를 감수한다,노무라 계약망과 후분양 자산을 늘리며 대지진 시점을 기다려 정보·관계·자산이 앞선다.,노무라 계약망과 후분양 자산을 늘리며 대지진 시점을 기다려 정보·관계·자산이 앞선다.,보상은 실제 지급만 세어 7→6 판정; 훅은 마지막 프레임의 열린 질문만 세어 8→9 판정
334,334,L58666~L58839,EDIT,EDIT,PASS,8,8,8,7,9,8,0.18/0.38/0.24/0.12/0.08,0.18/0.38/0.24/0.12/0.08,항공기·버스를 계약하고 최재석에게 긴급 기자회견과 교민협조 역할을 맡긴다.,항공기·버스 계약과 현지 교민 협조선을 확보하고 최재석의 일본행·기자회견 역할을 정한다. 실제 대피는 아직 전이다.,김민재는 다음 날 자신의 기자회견에서 태풍 경고와 대피·비용 책임을 어디까지 공개할 것인가?,첫 지진 뒤 항공기·버스로 교민을 대피시킨다.,항공기·버스를 계약하고 최재석에게 긴급 기자회견과 교민협조 역할을 맡긴다; 최재석이 직접 일본으로 가고 태우는 로켓 물류를 구호망으로 쓴다; 항공기·버스 계약과 현지 교민 협조선을 확보하고 최재석의 일본행·기자회견 역할을 정한다. 실제 대피는 아직 전이다,항공기·버스·전용기를 움직이고 최재석이 현장으로 가 생명구조 행동과 신뢰가 급상승한다.,일본의 첫 지진 직후 태우는 항공기·버스와 현지 협조선을 준비하고 최재석은 기자회견과 교민협조를 맡아 직접 일본행을 택한다. 실제 대피와 비용발표는 아직 전이라 장비·역할 배치와 정치적 책임선이 회차의 중심이다.,"보상은 실제 지급만 세어 8→7 판정; 훅은 마지막 프레임의 열린 질문만 세어 9→8 판정; L58666~L58839 수동 재독; 회차 필드 경계 교정; L58666~L58839 수동 재독; 회차 필드 경계 교정; L58666~L58839 수동 재독; 회차 필드 경계 교정; L58666~L58839 수동 재독; 회차 필드 경계 교정, 표본 note를 현재 화 표면으로 교정; L58666~L58839 수동 재독; 회차 필드 경계 교정, 표본 note를 현재 화 표면으로 교정; L58666~L58839 수동 재독; 회차 필드 경계 교정, 표본 note를 현재 화 표면으로 교정; L58666~L58839 수동 재독; 회차 필드 경계 교정, 표본 note를 현재 화 표면으로 교정; L58666~L58839 수동 재독; 회차 필드 경계 교정, 표본 note를 현재 화 표면으로 교정; L58666~L58839 수동 재독; 회차 필드 경계 교정, 표본 note를 현재 화 표면으로 교정; L58666~L58839 수동 재독; 회차 필드 경계 교정, 표본 note를 현재 화 표면으로 교정"
335,335,L58840~L59004,PASS,EDIT,PASS,10,10,9,8,10,10,0.15/0.36/0.19/0.20/0.10,0.15/0.36/0.19/0.20/0.10,김민재가 1만2천 명 대피·비용 전액 부담을 선언하고 미·일 정부에 자료를 보낸다.,"교민 1만2천 명 대피 지원과 비용 전액 부담, 미·일 자료 전달·미국 추가자료 요청·구호물자 조달선을 실제로 확보한다.",동일본 대지진이 발생한다.,1만2천 명 대피와 AI 재난예측에 이름을 건다.,"김민재가 1만2천 명 대피·비용 전액 부담을 선언하고 미·일 정부에 자료를 보낸다; 대피를 끝낸 직후 모든 전화가 울리며 본진이 시작된다; 교민 1만2천 명 대피 지원과 비용 전액 부담, 미·일 자료 전달·미국 추가자료 요청·구호물자 조달선을 실제로 확보한다",1만2천 명 대피 직후 모든 전화가 울리고 대지진이 발생해 행동·공포·훅이 최고다.,"김민재가 수백억 원 대피비와 회장직을 걸고 규모 9 지진 예측을 공개한 기자회견이 압박을 길게 쌓는다. 미국·일본 자료 전달과 구호물자 조달 뒤 시계를 보는 순간 전화가 동시에 울려, 예측 적중 신호를 지급으로 소비하지 않고 재난 발생 훅으로 터뜨린다.","동일본 지진 발생은 예측 적중 신호·훅으로 보존; 지급은 대피·자료·조달선, 상태변화는 회장직을 건 공식 책임으로 분리"
336,336,L59005~L59166,PASS,EDIT,PASS,8,8,10,10,8,7,0.21/0.29/0.26/0.14/0.10,0.21/0.29/0.26/0.14/0.10,한정훈에게 공매도·상품 합의 뒤 엔화 상승 전환을 지시하고 최재석 미담·구호·성금을 확산한다.,가족 생존 약속이 국가 규모 생존 능력으로 확대된다.,일본 정부의 침묵 여부가 협상 강도를 정한다.,규모 9.1 지진 뒤 구조·구호·금융청산을 병행한다.,한정훈에게 공매도·상품 합의 뒤 엔화 상승 전환을 지시하고 최재석 미담·구호·성금을 확산한다; 교민은 선대피했고 일본 금융사가 태우 조건을 받아들이려 달려든다; 가족 생존 약속이 국가 규모 생존 능력으로 확대된다,교민 생존·구호·최재석 미담과 금융사 투항이 생명·관계·승패를 한꺼번에 지급한다.,교민 생존·구호·최재석 미담과 금융사 투항이 생명·관계·승패를 한꺼번에 지급한다.,훅은 마지막 프레임의 열린 질문만 세어 8→7 판정
337,337,L59167~L59333,PASS,EDIT,PASS,5,5,9,8,7,6,0.24/0.23/0.25/0.10/0.18,0.24/0.23/0.25/0.10/0.18,한정훈이 계약·공매도·엔화 포지션을 정리하고 일본 해운사까지 사들인다.,일본 수확이 유럽전과 물류망을 강화한다.,서울 무상급식 주민투표가 다가온다.,일본 포지션을 700억 달러 전망과 선박으로 바꾼다.,한정훈이 계약·공매도·엔화 포지션을 정리하고 일본 해운사까지 사들인다; 구호 미담과 최재석 인기가 뒤늦게 커지고 자금이 700억 달러 전망에 이른다; 일본 수확이 유럽전과 물류망을 강화한다,계약·공매도·엔화·해운사를 정리해 한정훈의 집행과 금융자산 보상이 중심이다.,"계약, 공매도, 엔화와 해운사 자산을 한정훈이 차례로 정리한다. 위기 직전 뿌린 자금이 숫자로 돌아오는 결산이라 빠른 보고마다 집행력의 보상이 쌓인다.",보상은 실제 지급만 세어 9→8 판정; 훅은 마지막 프레임의 열린 질문만 세어 7→6 판정; L59167~L59333 수동 재독; 범용 중심·비중 문구를 장면 리듬으로 교체; L59167~L59333 수동 재독; 범용 중심·비중 문구를 장면 리듬으로 교체; L59167~L59333 수동 재독; 범용 중심·비중 문구를 장면 리듬으로 교체; L59167~L59333 수동 재독; 범용 중심·비중 문구를 장면 리듬으로 교체; L59167~L59333 수동 재독; 범용 중심·비중 문구를 장면 리듬으로 교체; L59167~L59333 수동 재독; 범용 중심·비중 문구를 장면 리듬으로 교체; L59167~L59333 수동 재독; 범용 중심·비중 문구를 장면 리듬으로 교체; L59167~L59333 수동 재독; 범용 중심·비중 문구를 장면 리듬으로 교체; L59167~L59333 수동 재독; 범용 중심·비중 문구를 장면 리듬으로 교체; L59167~L59333 수동 재독; 범용 중심·비중 문구를 장면 리듬으로 교체; L59167~L59333 수동 재독; 범용 중심·비중 문구를 장면 리듬으로 교체
338,338,L59334~L59486,PASS,EDIT,PASS,6,6,7,6,8,7,0.27/0.24/0.27/0.10/0.12,0.27/0.24/0.27/0.10/0.12,그리스 투표 철회를 전제로 작전을 지속하고 국민경제당에는 서울 투표 불참 침묵을 지시한다.,국민경제당은 말하지 않고도 정국을 바꾸는 위치에 선다.,최종 투표율과 유럽 위기 심화가 남는다.,그리스·서울 국민투표를 읽고 유럽전과 보궐판을 유지한다.,그리스 투표 철회를 전제로 작전을 지속하고 국민경제당에는 서울 투표 불참 침묵을 지시한다; 서울 투표소가 비며 시장 사퇴 가능성이 커진다; 국민경제당은 말하지 않고도 정국을 바꾸는 위치에 선다,그리스 조건과 서울 투표 불참을 말없이 조율해 정보·정치 행동·관계가 균형을 이룬다.,그리스 조건과 서울 투표 불참을 말없이 조율해 정보·정치 행동·관계가 균형을 이룬다.,보상은 실제 지급만 세어 7→6 판정; 훅은 마지막 프레임의 열린 질문만 세어 8→7 판정
339,339,L59487~L59656,PASS,EDIT,PASS,7,7,6,6,9,6,0.25/0.31/0.22/0.13/0.09,0.25/0.31/0.22/0.13/0.09,천민정에게 선관위 공격용 좀비PC 경로 추적 코드를 맡긴다.,정치전은 여론조작에서 범죄증명 덫으로 바뀐다.,"한정훈은 유럽 작전을 1년 안에 청산하라는 지시를 받고, 넘치는 곳간이 공격받기 전에 판에서 일어날 계획을 짠다.",천민정에게 선관위 공격용 좀비PC 경로 추적 코드를 맡긴다.; 천민정이 북한 공격 IP를 미끼로 범인의 시험접속을 잡을 계획을 세운다.; 정치전은 여론조작에서 범죄증명 덫으로 바뀐다.,천민정에게 선관위 공격용 좀비PC 경로 추적 코드를 맡긴다; 천민정이 북한 공격 IP를 미끼로 범인의 시험접속을 잡을 계획을 세운다; 정치전은 여론조작에서 범죄증명 덫으로 바뀐다,천민정이 북한 IP를 미끼로 시험접속을 유도해 추적 행동과 은밀한 긴장이 높다.,천민정이 북한 IP를 미끼로 시험접속을 유도해 추적 행동과 은밀한 긴장이 높다.,훅은 마지막 프레임의 열린 질문만 세어 9→6 판정
340,340화,L59657~L59811,EDIT,EDIT,PASS,8,8,7,7,9,8,0.19/0.39/0.22/0.11/0.09,0.19/0.39/0.22/0.11/0.09,"핀테크 거래기록과 좀비폰으로 필리핀 조직의 보스·조직원·사무실을 특정하고, 위장 취업 경로와 다음 날 출국할 직원·경호인력 50명을 준비한다.",필리핀 조직의 자금흐름·전화·사무실 위치와 위장 잠입 경로를 확보한다. 실제 잠입과 결정적 증거는 아직 전이다.,다음 날 필리핀으로 향하는 직원과 경호팀이 보궐선거 전에 결정적 증거를 확보할 수 있는가?,필리핀 강일파에 직원을 심고 경호원 50명을 투입한다.,"핀테크 거래기록과 좀비폰으로 필리핀 조직의 보스·조직원·사무실을 특정하고, 위장 취업 경로와 다음 날 출국할 직원·경호인력 50명을 준비한다; 보스와 조직원 약 30명의 휴대전화·사무실 위치·위장 취업 경로가 잡히지만, 현장 잠입과 결정적 증거 확보는 다음 날 이후로 남는다; 필리핀 조직의 자금흐름·전화·사무실 위치와 위장 잠입 경로를 확보한다. 실제 잠입과 결정적 증거는 아직 전이다",금융기록으로 강일파를 특정하고 50명을 필리핀에 투입해 행동 리본이 크게 솟는다.,"핀테크 거래기록과 좀비폰을 맞춰 필리핀 조직의 보스·전화·사무실을 특정하고 위장 취업 경로까지 좁힌다. 다음 날 출국할 직원과 경호인력 50명을 준비하는 행동이 길지만, 잠입과 결정적 증거는 보궐선거 시한 밖에 남겨 둔다.","훅은 마지막 프레임의 열린 질문만 세어 9→8 판정; L59657~L59811 수동 재독; 점수·리본 유지, 기계적 note만 장면별 편집문으로 교체; L59657~L59811 수동 재독; 기계적 note를 장면별 편집문으로 교체; L59657~L59811 수동 재독; 기계적 note를 장면별 편집문으로 교체; L59657~L59811 수동 재독; 기계적 note를 장면별 편집문으로 교체; L59657~L59811 수동 재독; 기계적 note를 장면별 편집문으로 교체; L59657~L59811 수동 재독; 기계적 note를 장면별 편집문으로 교체; L59657~L59811 수동 재독; 기계적 note를 장면별 편집문으로 교체; L59657~L59811 수동 재독; 기계적 note를 장면별 편집문으로 교체; L59657~L59811 수동 재독; 기계적 note를 장면별 편집문으로 교체; L59657~L59811 수동 재독; 기계적 note를 장면별 편집문으로 교체; L59657~L59811 수동 재독; 기계적 note를 장면별 편집문으로 교체; L59657~L59811 수동 재독; 기계적 note를 장면별 편집문으로 교체; L59657~L59811 수동 재독; 기계적 note를 장면별 편집문으로 교체"
341,341화,L59812~L59973,PASS,EDIT,PASS,8,8,8,7,9,7,0.21/0.30/0.26/0.13/0.10,0.21/0.30/0.26/0.13/0.10,천민정 증거를 언론·SNS에 풀고 기획실과 중국 철수·건설 부진·해외투자를 논의한다.,"국민경제당 후보가 서울시장 보궐선거에서 36대34, 2퍼센트 차이로 당선된다.",서울시장 승리를 발판으로 최재석이 오랜 침묵을 깨고 실제 대권 도전에 나설 것인가?,선관위 마비 증거를 풀고 국민경제당 우세를 만든다.,"천민정 증거를 언론·SNS에 풀고 기획실과 중국 철수·건설 부진·해외투자를 논의한다; 국민경제당 후보가 앞서고 최재석이 정당의 중심이 된다; 국민경제당 후보가 서울시장 보궐선거에서 36대34, 2퍼센트 차이로 당선된다",DDoS 증거를 언론에 풀어 선거를 뒤집고 최재석 대권 기반을 만들어 행동·관계 보상이 크다.,"서울시장 보궐선거 당일 DDoS 증거를 언론과 SNS에 풀고 새벽 4시까지 개표를 지켜본다. 국민경제당 후보가 36대34로 당선된 뒤 김민재가 오래 침묵한 최재석을 대권 중심으로 세울 때, 실제 선거 보상과 다음 정치 질문이 맞닿는다.","보상은 실제 지급만 세어 8→7 판정; 훅은 마지막 프레임의 열린 질문만 세어 9→7 판정; L59812~L59973 수동 재독; 회차 필드 경계 교정, 고정 39화 표본 note를 원문 장면·말미 기준으로 교정; L59812~L59973 수동 재독; 회차 필드 경계 교정, 고정 39화 표본 note를 원문 장면·말미 기준으로 교정; L59812~L59973 수동 재독; 회차 필드 경계 교정, 고정 39화 표본 note를 원문 장면·말미 기준으로 교정"
342,342화,L59974~L60147,PASS,EDIT,PASS,6,6,7,6,8,6,0.34/0.22/0.21/0.08/0.15,0.34/0.22/0.21/0.08/0.15,디도스 수사를 확산하고 한정훈에게 유럽 청산·데이비드에게 미국 셰일 인맥 구축을 맡긴다.,태우는 금융수확에서 에너지혁명 선점으로 이동한다.,셰일 생산단가가 40달러 아래로 떨어질 기회를 잡기 위해 데이비드가 미국 정유업계 인맥을 미리 쌓는다.,디도스 수사를 확산하고 한정훈에게 유럽 청산·데이비드에게 미국 셰일 인맥 구축을 맡긴다.; 최재석의 대권 약속과 40달러 이하 셰일 독점 계획이 선다.; 태우는 금융수확에서 에너지혁명 선점으로 이동한다.,디도스 수사를 확산하고 한정훈에게 유럽 청산·데이비드에게 미국 셰일 인맥 구축을 맡긴다; 최재석의 대권 약속과 40달러 이하 셰일 독점 계획이 선다; 태우는 금융수확에서 에너지혁명 선점으로 이동한다,유럽 청산·셰일 40달러·최재석 대권을 배치해 새 장기계획 정보가 중심이다.,"유럽 포지션 청산, 셰일 40달러와 최재석 대권을 차례로 배치한다. 재난 결산 직후 에너지와 정치의 다음 몇 년을 설계해 호흡을 길게 바꾼다.",보상은 실제 지급만 세어 7→6 판정; 훅은 마지막 프레임의 열린 질문만 세어 8→6 판정; L59974~L60147 수동 재독; 범용 중심·비중 문구를 장면 리듬으로 교체; L59974~L60147 수동 재독; 범용 중심·비중 문구를 장면 리듬으로 교체; L59974~L60147 수동 재독; 범용 중심·비중 문구를 장면 리듬으로 교체; L59974~L60147 수동 재독; 범용 중심·비중 문구를 장면 리듬으로 교체; L59974~L60147 수동 재독; 범용 중심·비중 문구를 장면 리듬으로 교체; L59974~L60147 수동 재독; 범용 중심·비중 문구를 장면 리듬으로 교체; L59974~L60147 수동 재독; 범용 중심·비중 문구를 장면 리듬으로 교체; L59974~L60147 수동 재독; 범용 중심·비중 문구를 장면 리듬으로 교체; L59974~L60147 수동 재독; 범용 중심·비중 문구를 장면 리듬으로 교체; L59974~L60147 수동 재독; 범용 중심·비중 문구를 장면 리듬으로 교체; L59974~L60147 수동 재독; 범용 중심·비중 문구를 장면 리듬으로 교체
343,343,L60148~L60318,EDIT,EDIT,PASS,5,5,8,7,8,7,0.35/0.17/0.20/0.08/0.20,0.35/0.17/0.20/0.08/0.20,김민재가 인슐린·mRNA 투자를 제안하고 한정훈·데이비드가 로보 지분 약 30%를 모은다.,"로보 노디스크 지분 약 30퍼센트와 다음 날 이사회 협상 자리를 확보하고, 인슐린·mRNA·비만치료제 연구정보를 요구할 위치에 선다. 생산·공동연구 권리는 아직 협상 전이다.",로보 재단 이사회 협상이 남는다.,로보 지분 30%를 모아 인슐린·비만치료제 권리를 노린다.,"김민재가 인슐린·mRNA 투자를 제안하고 한정훈·데이비드가 로보 지분 약 30%를 모은다; 체중감소 부작용이 미래 효능이라는 회귀지식으로 50배 기업을 고른다; 로보 노디스크 지분 약 30퍼센트와 다음 날 이사회 협상 자리를 확보하고, 인슐린·mRNA·비만치료제 연구정보를 요구할 위치에 선다. 생산·공동연구 권리는 아직 협상 전이다",인슐린·mRNA와 체중감소 부작용의 미래가치를 읽어 로보 지분 30%를 모은다.,한정훈과 데이비드가 로보 노디스크 지분 약 30퍼센트를 모으는 과정에 인슐린·mRNA·비만치료제 연구정보 요구가 얹힌다. 이사회 자리를 확보한 보상은 크지만 생산권과 공동연구는 다음 날 협상 전이어서 지분 숫자가 곧 성과 전체가 되지는 않는다.,"보상은 실제 지급만 세어 8→7 판정; 훅은 마지막 프레임의 열린 질문만 세어 8→7 판정; L60148~L60318 수동 재독; 점수·리본 유지, 기계적 note만 장면별 편집문으로 교체; L60148~L60318 수동 재독; 기계적 note를 장면별 편집문으로 교체; L60148~L60318 수동 재독; 기계적 note를 장면별 편집문으로 교체; L60148~L60318 수동 재독; 기계적 note를 장면별 편집문으로 교체; L60148~L60318 수동 재독; 기계적 note를 장면별 편집문으로 교체; L60148~L60318 수동 재독; 기계적 note를 장면별 편집문으로 교체; L60148~L60318 수동 재독; 기계적 note를 장면별 편집문으로 교체; L60148~L60318 수동 재독; 기계적 note를 장면별 편집문으로 교체; L60148~L60318 수동 재독; 기계적 note를 장면별 편집문으로 교체; L60148~L60318 수동 재독; 기계적 note를 장면별 편집문으로 교체; L60148~L60318 수동 재독; 기계적 note를 장면별 편집문으로 교체; L60148~L60318 수동 재독; 기계적 note를 장면별 편집문으로 교체; L60148~L60318 수동 재독; 기계적 note를 장면별 편집문으로 교체"
344,344,L60319~L60493,PASS,EDIT,PASS,5,5,8,7,7,6,0.25/0.18/0.34/0.08/0.15,0.25/0.18/0.34/0.08/0.15,연 5억 달러 지원과 모든 당뇨 임상비용 부담을 제시해 동의를 받는다.,태우가 세계 제약 연구비를 대는 핵심 주주로 오른다.,데이비드가 트럼프 후원을 시작한다.,연 5억 달러 임상지원으로 아시아 권리를 얻는다.,연 5억 달러 지원과 모든 당뇨 임상비용 부담을 제시해 동의를 받는다; 재단이 제안을 받아들여 미래 다이어트 치료제 과실까지 열린다; 태우가 세계 제약 연구비를 대는 핵심 주주로 오른다,연 5억 달러·임상비 전액을 제시해 로보 재단 동의를 얻으므로 협력 관계가 앞선다.,연 5억 달러·임상비 전액을 제시해 로보 재단 동의를 얻으므로 협력 관계가 앞선다.,보상은 실제 지급만 세어 8→7 판정; 훅은 마지막 프레임의 열린 질문만 세어 7→6 판정
345,345,L60494~L60656,PASS,EDIT,PASS,6,6,6,6,8,7,0.22/0.27/0.28/0.07/0.16,0.22/0.27/0.28/0.07/0.16,후분양 10곳 확대를 요구하고 박민용에게 매입가 그대로 현금 인수를 제안한다.,태우건설이 셰일장비 제조사로 변할 길이 열린다.,도산 사장단이 매각 여부를 결정한다.,도산에 범캣 5조 원 현금인수를 제안한다.,후분양 10곳 확대를 요구하고 박민용에게 매입가 그대로 현금 인수를 제안한다; 도산의 다급함 때문에 5조 원이 협상 기준이 된다; 태우건설이 셰일장비 제조사로 변할 길이 열린다,도산의 현금 사정을 이용해 5조 원 매입선을 만들며 협상 행동과 기업 관계가 중심이다.,도산의 현금 사정을 파고들어 5조 원 규모의 매입선을 만든다. 상대의 급한 장부를 읽는 대화가 대형 자산을 싸게 살 조건으로 변한다.,훅은 마지막 프레임의 열린 질문만 세어 8→7 판정; L60494~L60656 수동 재독; 범용 중심·비중 문구를 장면 리듬으로 교체; L60494~L60656 수동 재독; 범용 중심·비중 문구를 장면 리듬으로 교체; L60494~L60656 수동 재독; 범용 중심·비중 문구를 장면 리듬으로 교체; L60494~L60656 수동 재독; 범용 중심·비중 문구를 장면 리듬으로 교체; L60494~L60656 수동 재독; 범용 중심·비중 문구를 장면 리듬으로 교체; L60494~L60656 수동 재독; 범용 중심·비중 문구를 장면 리듬으로 교체; L60494~L60656 수동 재독; 범용 중심·비중 문구를 장면 리듬으로 교체; L60494~L60656 수동 재독; 범용 중심·비중 문구를 장면 리듬으로 교체; L60494~L60656 수동 재독; 범용 중심·비중 문구를 장면 리듬으로 교체; L60494~L60656 수동 재독; 범용 중심·비중 문구를 장면 리듬으로 교체; L60494~L60656 수동 재독; 범용 중심·비중 문구를 장면 리듬으로 교체
346,346,L60657~L60800,PASS,EDIT,PASS,5,5,6,6,7,6,0.28/0.21/0.28/0.08/0.15,0.28/0.21/0.28/0.08/0.15,김민재는 5천억 원 아파트 인수 대안을 던지고 내부 비교기획을 유도한다.,셰일 장비 축이 협상 단계에 들어간다.,센트리언과 미국 셰일 현장이 이어진다.,5천억 원 대안을 던져 도산이 스스로 범캣을 고르게 한다.,김민재는 5천억 원 아파트 인수 대안을 던지고 내부 비교기획을 유도한다; 도산 회장은 매각·보유 비교보고를 지시한다; 셰일 장비 축이 협상 단계에 들어간다,5천억 원 아파트 대안을 던져 도산 내부 비교를 유도하는 정보·관계 판짜기 회차다.,5천억 원 아파트 대안을 던져 도산 내부 비교를 유도하는 정보·관계 판짜기 회차다.,훅은 마지막 프레임의 열린 질문만 세어 7→6 판정
347,347,L60801~L60982,EDIT,EDIT,PASS,5,5,8,7,8,7,0.27/0.21/0.30/0.08/0.14,0.27/0.21/0.30/0.08/0.14,"조지 부시에게 텍사스 경제·안보 논리를 30분 동안 설명해 관심을 끌지만, 토지 소유주 설득을 직접 부탁하거나 지원 확답을 받지는 않는다.",조지 부시의 30분 통화와 관심을 얻는다. 텍사스 토지 소유주 설득 약속·실행은 아직 전이다.,조지 부시가 김민재의 논리를 받아 실제로 텍사스 토지 소유주 설득에 나설 것인가?,인슐린과 무인 범캣을 추진하고 부시에게 도움을 청한다.,"조지 부시에게 텍사스 경제·안보 논리를 30분 동안 설명해 관심을 끌지만, 토지 소유주 설득을 직접 부탁하거나 지원 확답을 받지는 않는다; 전직 대통령과 직통으로 논리를 전달할 통로는 열리지만, 부시가 텍사스 토지 소유주 설득에 실제 나설지는 아직 답이 없다; 조지 부시의 30분 통화와 관심을 얻는다. 텍사스 토지 소유주 설득 약속·실행은 아직 전이다",서정준·천민정·부시에게 약·무인장비·텍사스 역할을 나눠 인재 관계와 기술정보가 크다.,"조지 부시에게 텍사스의 경제·안보 논리를 30분 동안 설명하는 통화가 거의 전부를 차지한다. 관심은 끌었어도 토지 소유주 설득을 부탁하거나 확답받은 장면은 없으므로, 마지막은 전직 대통령의 실제 행동을 기다리는 낮은 속도의 관계 훅이다.","보상은 실제 지급만 세어 8→7 판정; 훅은 마지막 프레임의 열린 질문만 세어 8→7 판정; L60801~L60982 수동 재독; 점수·리본 유지, 기계적 note만 장면별 편집문으로 교체; L60801~L60982 수동 재독; 기계적 note를 장면별 편집문으로 교체; L60801~L60982 수동 재독; 기계적 note를 장면별 편집문으로 교체; L60801~L60982 수동 재독; 회차 필드 경계 교정, 기계적 note를 장면별 편집문으로 교체; L60801~L60982 수동 재독; 회차 필드 경계 교정, 기계적 note를 장면별 편집문으로 교체; L60801~L60982 수동 재독; 회차 필드 경계 교정, 기계적 note를 장면별 편집문으로 교체; L60801~L60982 수동 재독; 회차 필드 경계 교정, 기계적 note를 장면별 편집문으로 교체; L60801~L60982 수동 재독; 회차 필드 경계 교정, 기계적 note를 장면별 편집문으로 교체; L60801~L60982 수동 재독; 회차 필드 경계 교정, 기계적 note를 장면별 편집문으로 교체; L60801~L60982 수동 재독; 회차 필드 경계 교정, 기계적 note를 장면별 편집문으로 교체; L60801~L60982 수동 재독; 회차 필드 경계 교정, 기계적 note를 장면별 편집문으로 교체; L60801~L60982 수동 재독; 회차 필드 경계 교정, 기계적 note를 장면별 편집문으로 교체; L60801~L60982 수동 재독; 회차 필드 경계 교정, 기계적 note를 장면별 편집문으로 교체"
348,348,L60983~L61166,PASS,EDIT,PASS,6,6,8,7,8,7,0.23/0.25/0.31/0.10/0.11,0.23/0.25/0.31/0.10/0.11,부시가 직접 와 설득하고 김민재가 임대료 50배를 약속한다.,셰일 실험 부지가 초대형 유전 기회로 커진다.,이름이 아직 나오지 않은 50만 에이커 목장 매도 측을 찾아 먼저 매물을 확보할 수 있는가?,부시가 오스틴을 설득해 50만 에이커 매물을 연다.,부시가 직접 와 설득하고 김민재가 임대료 50배를 약속한다; 부시의 소개로 만난 텍사스 토지 소유주가 제주도보다 큰 50만 에이커 목장 매물을 알려 준다; 셰일 실험 부지가 초대형 유전 기회로 커진다,부시가 직접 오스틴을 설득하고 왜그너 50만 에이커를 알려 관계 행동이 기회를 키운다.,부시가 직접 텍사스 토지 소유주를 설득하고 김민재가 임대료 50배를 제시해 셰일 실험부지의 저항을 푼다. 마지막에는 제주도보다 큰 50만 에이커 목장 매물만 알려질 뿐 목장 이름과 매도 측 협상은 다음 화에 나온다.,"보상은 실제 지급만 세어 8→7 판정; 훅은 마지막 프레임의 열린 질문만 세어 8→7 판정; L60983~L61166 수동 재독; 회차 필드 경계 교정, 표본 note를 현재 화 표면으로 교정; L60983~L61166 수동 재독; 회차 필드 경계 교정, 표본 note를 현재 화 표면으로 교정; L60983~L61166 수동 재독; 회차 필드 경계 교정, 표본 note를 현재 화 표면으로 교정; L60983~L61166 수동 재독; 회차 필드 경계 교정, 표본 note를 현재 화 표면으로 교정; L60983~L61166 수동 재독; 회차 필드 경계 교정, 표본 note를 현재 화 표면으로 교정; L60983~L61166 수동 재독; 회차 필드 경계 교정, 표본 note를 현재 화 표면으로 교정; L60983~L61166 수동 재독; 회차 필드 경계 교정, 표본 note를 현재 화 표면으로 교정; L60983~L61166 수동 재독; 회차 필드 경계 교정, 표본 note를 현재 화 표면으로 교정; L60983~L61166 수동 재독; 회차 필드 경계 교정, 표본 note를 현재 화 표면으로 교정; L60983~L61166 수동 재독; 회차 필드 경계 교정, 표본 note를 현재 화 표면으로 교정"
349,349,L61167~L61354,PASS,EDIT,PASS,5,5,9,8,7,6,0.17/0.27/0.25/0.10/0.21,0.17/0.27/0.25/0.10/0.21,현금·즉시결제를 제시해 각 3.5억 달러를 송금한다.,태우는 셰일가스·원유·부동산 거점을 얻는다.,베릴 자금과 사업을 처리해야 한다.,왜그너 50만 에이커를 7억 달러 현금으로 산다.,현금·즉시결제를 제시해 각 3.5억 달러를 송금한다; 계약이 당일 끝나고 베릴은 받은 돈 재투자까지 요청한다; 태우는 셰일가스·원유·부동산 거점을 얻는다,7억 달러 즉시 송금으로 거대 목장을 사고 베릴 재투자까지 얻어 계약 보상이 높다.,7억 달러 즉시 송금으로 거대 목장을 사고 베릴 재투자까지 얻어 계약 보상이 높다.,보상은 실제 지급만 세어 9→8 판정; 훅은 마지막 프레임의 열린 질문만 세어 7→6 판정
350,350,L61355~L61505,EDIT,EDIT,PASS,5,5,8,7,8,7,0.30/0.20/0.25/0.08/0.17,0.30/0.20/0.25/0.08/0.17,"와고너 목장을 시추 부지로 확보하고 베릴의 재투자·운영 참여를 정한 뒤 체서피크 협업과 우선인수 조항, 장비 확보 방안을 설계한다.",와고너 시추 부지와 베릴의 재투자·운영 참여를 확보한다. 체서피크 협업·우선인수 조항과 장비 계약은 아직 협상 전이다.,체서피크 협업과 우선인수 조항을 실제 계약으로 묶고 필요한 시추 장비까지 확보할 수 있는가?,공유오피스를 키워 넘기고 체셔피크 파산과실을 노린다.,"와고너 목장을 시추 부지로 확보하고 베릴의 재투자·운영 참여를 정한 뒤 체서피크 협업과 우선인수 조항, 장비 확보 방안을 설계한다; 손실은 파트너·정부가 지고 태우는 저점 과실만 사는 구조가 선다; 와고너 시추 부지와 베릴의 재투자·운영 참여를 확보한다. 체서피크 협업·우선인수 조항과 장비 계약은 아직 협상 전이다",금리상승 파산 구조를 읽고 베릴·체셔피크를 묶어 정보와 운영동맹에 머문다.,"와고너 목장을 시추 부지로 확보하고 베릴의 재투자·운영 참여를 정해 사람과 땅을 먼저 고정한다. 체서피크 협업·우선인수 조항과 장비 조달은 설계만 펼쳐 놓아, 실물 지급 뒤 계약 과제가 연이어 남는 리듬이다.","보상은 실제 지급만 세어 8→7 판정; 훅은 마지막 프레임의 열린 질문만 세어 8→7 판정; L61355~L61505 수동 재독; 점수·리본 유지, 기계적 note만 장면별 편집문으로 교체; L61355~L61505 수동 재독; 기계적 note를 장면별 편집문으로 교체; L61355~L61505 수동 재독; 기계적 note를 장면별 편집문으로 교체; L61355~L61505 수동 재독; 기계적 note를 장면별 편집문으로 교체; L61355~L61505 수동 재독; 기계적 note를 장면별 편집문으로 교체; L61355~L61505 수동 재독; 기계적 note를 장면별 편집문으로 교체; L61355~L61505 수동 재독; 기계적 note를 장면별 편집문으로 교체; L61355~L61505 수동 재독; 기계적 note를 장면별 편집문으로 교체; L61355~L61505 수동 재독; 기계적 note를 장면별 편집문으로 교체; L61355~L61505 수동 재독; 기계적 note를 장면별 편집문으로 교체; L61355~L61505 수동 재독; 기계적 note를 장면별 편집문으로 교체; L61355~L61505 수동 재독; 기계적 note를 장면별 편집문으로 교체; L61355~L61505 수동 재독; 기계적 note를 장면별 편집문으로 교체"
351,351,L61506~L61665,PASS,EDIT,PASS,5,5,7,6,8,7,0.29/0.20/0.28/0.08/0.15,0.29/0.20/0.28/0.08/0.15,부지·장비·자금을 지원하고 트럼프에게 대통령 가능성을 말한 뒤 유럽 금융사의 서울 이전을 압박한다.,태우 동맹이 에너지·정치·금융으로 입체화된다.,유럽 금융사를 더 끌어와야 한다.,체셔피크 합작·트럼프 후원·금융사 입주를 묶는다.,부지·장비·자금을 지원하고 트럼프에게 대통령 가능성을 말한 뒤 유럽 금융사의 서울 이전을 압박한다; 트럼프가 후원을 받고 월가 30곳이 입주를 기다린다; 태우 동맹이 에너지·정치·금융으로 입체화된다,체셔피크 지원·트럼프 후원·유럽 금융사 압박을 이어 관계와 사업정보가 다음 지급을 준비한다.,체셔피크 지원·트럼프 후원·유럽 금융사 압박을 이어 관계와 사업정보가 다음 지급을 준비한다.,보상은 실제 지급만 세어 7→6 판정; 훅은 마지막 프레임의 열린 질문만 세어 8→7 판정; L61506~L61665 수동 재독; 회차 필드 경계 교정; L61506~L61665 수동 재독; 회차 필드 경계 교정; L61506~L61665 수동 재독; 회차 필드 경계 교정; L61506~L61665 수동 재독; 회차 필드 경계 교정; L61506~L61665 수동 재독; 회차 필드 경계 교정; L61506~L61665 수동 재독; 회차 필드 경계 교정; L61506~L61665 수동 재독; 회차 필드 경계 교정; L61506~L61665 수동 재독; 회차 필드 경계 교정; L61506~L61665 수동 재독; 회차 필드 경계 교정; L61506~L61665 수동 재독; 회차 필드 경계 교정
352,352,L61666~L61849,PASS,EDIT,PASS,4,4,10,9,7,6,0.23/0.19/0.27/0.11/0.20,0.23/0.19/0.27/0.11/0.20,퀀텀·버크셔·핀테크·노무라·BNP를 완공식에 모으고 홍콩 통제 위험을 설득한다.,태우 곳간이 도시 금융인프라가 된다.,비트코인·총선 현황이 이어진다.,세계 금융사를 모아 70층 서울 금융타워를 연다.,퀀텀·버크셔·핀테크·노무라·BNP를 완공식에 모으고 홍콩 통제 위험을 설득한다; 금융사를 모은 뒤 돈이 흐르는 선순환 구조가 완성된다; 태우 곳간이 도시 금융인프라가 된다,퀀텀·버크셔·노무라·BNP가 완공식에 모여 도시 금융인프라와 동맹 지위가 크게 지급된다.,퀀텀·버크셔·노무라·BNP가 완공식에 모여 도시 금융인프라와 동맹 지위가 크게 지급된다.,보상은 실제 지급만 세어 10→9 판정; 훅은 마지막 프레임의 열린 질문만 세어 7→6 판정
353,353,L61850~L62004,PASS,EDIT,PASS,5,5,8,7,8,6,0.31/0.18/0.20/0.08/0.23,0.31/0.18/0.20/0.08/0.23,상환 속도를 조절하고 공유오피스 대출을 늘리며 UAW 연금 문제를 정부압박 카드로 준비한다.,금융·정치 기반이 새 단계로 오른다.,국민경제당 의석수가 공개된다.,비트코인 100달러·AIZ 상환·UAW 문제를 점검한다.,상환 속도를 조절하고 공유오피스 대출을 늘리며 UAW 연금 문제를 정부압박 카드로 준비한다; 핀테크 거래소가 시장을 독점하고 국민경제당 총선 승리 소식이 온다; 금융·정치 기반이 새 단계로 오른다,상환속도·공유오피스·UAW 카드와 비트코인 독점·총선 소식이 정보와 자산을 쌓는다.,상환속도·공유오피스·UAW 카드와 비트코인 독점·총선 소식이 정보와 자산을 쌓는다.,보상은 실제 지급만 세어 8→7 판정; 훅은 마지막 프레임의 열린 질문만 세어 8→6 판정
354,354,L62005~L62159,EDIT,EDIT,PASS,5,5,9,8,7,6,0.28/0.18/0.25/0.11/0.18,0.28/0.18/0.25/0.11/0.18,최재석을 채찍질하고 센트리언 인슐린 완성·로보 연구진의 AI 협업 요청을 승인한다.,국민경제당의 첫 야당 지위와 센트리언 인슐린 개발 완료를 얻는다. 덴마크 비만치료제 공동연구·지분은 아직 협상 전이다.,서정준이 덴마크 협상을 맡는다.,92석 제1야당과 로보 신약 협업 기회를 얻는다.,"최재석을 채찍질하고 센트리언 인슐린 완성·로보 연구진의 AI 협업 요청을 승인한다; 국민경제당이 첫 야당 지위를 얻고 센트리언의 인슐린 개발이 끝난 가운데, 서정준은 덴마크 공동연구·지분협상을 다음 확장안으로 제시한다; 국민경제당의 첫 야당 지위와 센트리언 인슐린 개발 완료를 얻는다. 덴마크 비만치료제 공동연구·지분은 아직 협상 전이다",제1야당 지위와 센트리언 인슐린·로보 협업이 동시에 익어 정보·관계 보상이 크다.,최재석을 몰아붙인 끝에 국민경제당이 첫 야당 지위를 얻었다는 정치 지급과 센트리언 인슐린 개발 완료가 나란히 놓인다. 로보 연구진의 AI 협업 요청을 승인하고 서정준에게 덴마크 협상을 넘기는 끝은 비만치료제 공동연구를 아직 실행 전으로 남긴다.,"보상은 실제 지급만 세어 9→8 판정; 훅은 마지막 프레임의 열린 질문만 세어 7→6 판정; L62005~L62159 수동 재독; 점수·리본 유지, 기계적 note만 장면별 편집문으로 교체; L62005~L62159 수동 재독; 기계적 note를 장면별 편집문으로 교체; L62005~L62159 수동 재독; 기계적 note를 장면별 편집문으로 교체; L62005~L62159 수동 재독; 기계적 note를 장면별 편집문으로 교체; L62005~L62159 수동 재독; 기계적 note를 장면별 편집문으로 교체; L62005~L62159 수동 재독; 기계적 note를 장면별 편집문으로 교체; L62005~L62159 수동 재독; 기계적 note를 장면별 편집문으로 교체; L62005~L62159 수동 재독; 기계적 note를 장면별 편집문으로 교체; L62005~L62159 수동 재독; 기계적 note를 장면별 편집문으로 교체; L62005~L62159 수동 재독; 기계적 note를 장면별 편집문으로 교체; L62005~L62159 수동 재독; 기계적 note를 장면별 편집문으로 교체; L62005~L62159 수동 재독; 기계적 note를 장면별 편집문으로 교체; L62005~L62159 수동 재독; 기계적 note를 장면별 편집문으로 교체"
355,355,L62160~L62331,PASS,EDIT,PASS,6,6,8,7,8,7,0.28/0.20/0.28/0.10/0.14,0.28/0.20/0.28/0.10/0.14,서정준의 공동연구를 승인하고 금융사에 러시아 확장·제재 정보를 공개한다.,"센트리언은 과실을, 태우는 충성 금융사를 얻는다.",조지는 크림반도 정보에 반응한 금융사만 다음 비밀 프로젝트에 참여시키는 테스트임을 알아차린다.,"서정준의 공동연구를 승인하고 금융사에 러시아 확장·제재 정보를 공개한다.; 조지만 남아 비밀 프로젝트 자격시험 의도를 이해한다.; 센트리언은 과실을, 태우는 충성 금융사를 얻는다.","서정준의 공동연구를 승인하고 금융사에 러시아 확장·제재 정보를 공개한다; 조지만 남아 비밀 프로젝트 자격시험 의도를 이해한다; 센트리언은 과실을, 태우는 충성 금융사를 얻는다",공동연구를 승인하고 크림 정보를 공개해 남는 금융사를 가리는 정보·관계 시험이다.,공동연구를 승인하고 크림 정보를 공개해 남는 금융사를 가리는 정보·관계 시험이다.,보상은 실제 지급만 세어 8→7 판정; 훅은 마지막 프레임의 열린 질문만 세어 8→7 판정
356,356,L62332~L62511,PASS,EDIT,PASS,4,4,10,9,7,6,0.18/0.20/0.31/0.21/0.10,0.18/0.20/0.31/0.21/0.10,휴가·육아 실태를 확인해 재택·4시간 출근·5년 6개월·10년 1년 안식년을 지시한다.,성공 보상이 직원 가족의 삶으로 내려간다.,정책을 실제 정착시켜야 한다.,익명조사로 재택·육아·안식년 제도를 만든다.,휴가·육아 실태를 확인해 재택·4시간 출근·5년 6개월·10년 1년 안식년을 지시한다; 익명조사가 숨은 문제를 실제 제도로 바꾼다; 성공 보상이 직원 가족의 삶으로 내려간다,익명 설문을 휴가·육아·4시간 근무·안식년으로 바꿔 직원 관계와 생활 감정이 중심이다.,익명 설문을 휴가·육아·4시간 근무·안식년 제도로 하나씩 바꾼다. 직원들이 말하지 못했던 생활문제가 규정으로 지급되는 과정이 잔잔한 보상을 만든다.,보상은 실제 지급만 세어 10→9 판정; 훅은 마지막 프레임의 열린 질문만 세어 7→6 판정; L62332~L62511 수동 재독; 범용 중심·비중 문구를 장면 리듬으로 교체; L62332~L62511 수동 재독; 범용 중심·비중 문구를 장면 리듬으로 교체; L62332~L62511 수동 재독; 범용 중심·비중 문구를 장면 리듬으로 교체; L62332~L62511 수동 재독; 범용 중심·비중 문구를 장면 리듬으로 교체; L62332~L62511 수동 재독; 범용 중심·비중 문구를 장면 리듬으로 교체; L62332~L62511 수동 재독; 범용 중심·비중 문구를 장면 리듬으로 교체; L62332~L62511 수동 재독; 범용 중심·비중 문구를 장면 리듬으로 교체; L62332~L62511 수동 재독; 범용 중심·비중 문구를 장면 리듬으로 교체; L62332~L62511 수동 재독; 범용 중심·비중 문구를 장면 리듬으로 교체; L62332~L62511 수동 재독; 범용 중심·비중 문구를 장면 리듬으로 교체; L62332~L62511 수동 재독; 범용 중심·비중 문구를 장면 리듬으로 교체
357,357,L62512~L62684,PASS,EDIT,PASS,4,4,9,8,8,8,0.18/0.20/0.33/0.17/0.12,0.18/0.20/0.33/0.17/0.12,후쿠다·천민정 의견을 받아 임원 접근금지 커뮤니티를 만들고 완공식에서 오희건·머스크를 맞는다.,신사옥이 내부혁신과 세계 파트너의 중심이 된다.,트럼프가 김태중과 등장한다.,내부반발을 조율하고 신사옥에서 머스크를 맞는다.,후쿠다·천민정 의견을 받아 임원 접근금지 커뮤니티를 만들고 완공식에서 오희건·머스크를 맞는다; 머스크가 재사용 로켓 지원을 받고 동반성장을 재확인한다; 신사옥이 내부혁신과 세계 파트너의 중심이 된다,임원 접근금지 커뮤니티와 완공식에서 머스크 동맹을 재확인해 관계·환대 보상이 앞선다.,임원 접근금지 커뮤니티와 완공식에서 머스크 동맹을 재확인해 관계·환대 보상이 앞선다.,보상은 실제 지급만 세어 9→8 판정
358,358,L62685~L62878,PASS,EDIT,PASS,4,4,8,7,8,7,0.18/0.16/0.36/0.20/0.10,0.18/0.16/0.36/0.20/0.10,트럼프 대선을 독려하고 김태중에게 세계경제 권력자를 태우 편으로 만들겠다고 밝힌다.,가족 약속이 세계질서 속 영속성으로 확장된다.,100억 달러급 원격회의 사업이 열린다.,트럼프를 독려하고 김태중에게 세계질서 목표를 말한다.,트럼프 대선을 독려하고 김태중에게 세계경제 권력자를 태우 편으로 만들겠다고 밝힌다; 김태중이 손자의 목표를 듣고 천민정은 원격회의까지 완성한다; 가족 약속이 세계질서 속 영속성으로 확장된다,김태중에게 세계 권력자를 태우 편으로 만들겠다고 약속해 조손 관계와 영속 감정이 크다.,김태중 앞에서 세계 권력자들을 태우 편으로 만들겠다고 약속한다. 사업계획의 거대한 말이 조손 사이의 영속 약속으로 내려앉아 신사옥 이후 무엇을 지킬지가 분명해진다.,보상은 실제 지급만 세어 8→7 판정; 훅은 마지막 프레임의 열린 질문만 세어 8→7 판정; L62685~L62878 수동 재독; 편집 메타어를 실제 장면·숫자·사람 반응으로 교체; L62685~L62878 수동 재독; 편집 메타어를 실제 장면·숫자·사람 반응으로 교체
359,359,L62879~L63070,PASS,EDIT,PASS,5,5,7,6,8,8,0.32/0.19/0.20/0.08/0.21,0.32/0.19/0.20/0.08/0.21,기능 보완을 지시하고 대선에는 상대 올려치기를 쓰며 연준 테이퍼링 신호를 받는다.,사내 불편이 IT 사업과 금융기회로 재조합된다.,테이퍼링 비밀작전이 열린다.,원격회의를 노동보호 제품으로 고치고 테이퍼링을 감지한다.,기능 보완을 지시하고 대선에는 상대 올려치기를 쓰며 연준 테이퍼링 신호를 받는다; 원격회의가 100억 달러 사업 후보가 되고 다음 경제변동 시점이 잡힌다; 사내 불편이 IT 사업과 금융기회로 재조합된다,원격회의 사업성과 테이퍼링 시점을 함께 읽어 정보와 미래사업 가치가 중심이다.,원격회의 사업성과를 확인하면서 연준 테이퍼링 시점을 함께 읽는다. 미래업무의 성장 기대가 금리변화 경계와 나란히 놓여 낙관만으로 달리지 않게 한다.,보상은 실제 지급만 세어 7→6 판정; L62879~L63070 수동 재독; 범용 중심·비중 문구를 장면 리듬으로 교체; L62879~L63070 수동 재독; 범용 중심·비중 문구를 장면 리듬으로 교체; L62879~L63070 수동 재독; 범용 중심·비중 문구를 장면 리듬으로 교체; L62879~L63070 수동 재독; 범용 중심·비중 문구를 장면 리듬으로 교체; L62879~L63070 수동 재독; 범용 중심·비중 문구를 장면 리듬으로 교체; L62879~L63070 수동 재독; 범용 중심·비중 문구를 장면 리듬으로 교체; L62879~L63070 수동 재독; 범용 중심·비중 문구를 장면 리듬으로 교체; L62879~L63070 수동 재독; 범용 중심·비중 문구를 장면 리듬으로 교체; L62879~L63070 수동 재독; 범용 중심·비중 문구를 장면 리듬으로 교체; L62879~L63070 수동 재독; 범용 중심·비중 문구를 장면 리듬으로 교체; L62879~L63070 수동 재독; 범용 중심·비중 문구를 장면 리듬으로 교체
360,360,L63071~L63239,PASS,EDIT,PASS,7,7,7,6,8,7,0.29/0.27/0.24/0.09/0.11,0.29/0.27/0.24/0.09/0.11,일부러 정보를 흘려 누설 금융사를 배제하고 미국 대선 뒤 한국 초박빙 전략을 점검한다.,금융허브가 신뢰등급을 가진 작전조직이 된다.,최재석이 전진·후퇴를 결정해야 한다.,정보유출 금융사를 솎고 오바마 재선을 확인한다.,일부러 정보를 흘려 누설 금융사를 배제하고 미국 대선 뒤 한국 초박빙 전략을 점검한다; 누설자를 색출하고 오바마 재선이 예상대로 끝난다; 금융허브가 신뢰등급을 가진 작전조직이 된다,거짓 정보를 흘려 배신 금융사를 걸러내고 대선 결과를 점검해 정보·행동 긴장이 높다.,거짓 정보를 흘려 반응한 금융사를 골라내고 대선 결과까지 점검한다. 누가 배신했는지 확인하는 작은 시험과 국가권력 교체가 같은 정보망에서 이어진다.,보상은 실제 지급만 세어 7→6 판정; 훅은 마지막 프레임의 열린 질문만 세어 8→7 판정; L63071~L63239 수동 재독; 편집 메타어를 실제 장면·숫자·사람 반응으로 교체; L63071~L63239 수동 재독; 편집 메타어를 실제 장면·숫자·사람 반응으로 교체
361,361,L63240~L63391,PASS,EDIT,PASS,7,7,6,5,9,8,0.22/0.24/0.34/0.14/0.06,0.22/0.24/0.34/0.14/0.06,차량에서 과열 여론전과 패배 시나리오를 설명하고 노원·영도 선택지를 준다.,태우 정치전이 당선보다 제도개혁으로 이동한다.,후보 토론의 충격 선언이 남는다.,최재석에게 대선 사퇴·중임제·재보궐을 제안한다.,차량에서 과열 여론전과 패배 시나리오를 설명하고 노원·영도 선택지를 준다; 그가 생방송 토론에서 답을 발표하기로 한다; 태우 정치전이 당선보다 제도개혁으로 이동한다,차량 밀담에서 최재석에게 패배·재보궐 선택을 맡겨 정치 관계와 결단 압력이 앞선다.,차량 밀담에서 최재석에게 패배·재보궐 선택을 맡겨 정치 관계와 결단 압력이 앞선다.,보상은 실제 지급만 세어 6→5 판정; 훅은 마지막 프레임의 열린 질문만 세어 9→8 판정
362,362화,L63392~L63562,PASS,EDIT,PASS,8,8,9,8,9,8,0.18/0.33/0.28/0.13/0.08,0.18/0.33/0.28/0.13/0.08,중임제를 제안해 두 후보 동의를 받은 뒤 대선 사퇴·재보궐을 선언한다.,후보가 향후 정국 중재자로 격상된다.,여당 승리 시 탄핵 가능성이 암시된다.,최재석이 30% 지지율을 버리고 중임제·사퇴를 선언한다.,중임제를 제안해 두 후보 동의를 받은 뒤 대선 사퇴·재보궐을 선언한다; 중도·양당 지지자도 결단을 지지하며 92석 당이 개헌 열쇠가 된다; 후보가 향후 정국 중재자로 격상된다,생방송 중임제 합의와 후보 사퇴가 즉시 여론을 뒤집어 행동·정치 지위 보상이 강하다.,생방송 중임제 합의와 후보 사퇴가 즉시 여론을 뒤집어 행동·정치 지위 보상이 강하다.,보상은 실제 지급만 세어 9→8 판정; 훅은 마지막 프레임의 열린 질문만 세어 9→8 판정
363,363,L63563~L63736,PASS,EDIT,PASS,5,5,7,6,7,6,0.24/0.21/0.32/0.11/0.12,0.24/0.21/0.32/0.11/0.12,기부금 접근을 거부하고 LNG 발전소·현진해운 계약을 변경하지 않는다.,태우가 국내 권력교체에도 독립적으로 움직인다.,오바마 취임식 선물이 남는다.,한국 신정부 압력을 미국·국민경제당 우군으로 막는다.,기부금 접근을 거부하고 LNG 발전소·현진해운 계약을 변경하지 않는다; 오바마 재선 후원 덕분에 미국 우군이 확인된다; 태우가 국내 권력교체에도 독립적으로 움직인다,기부금 접근을 거절하고 기존 계약을 지켜 국내 정권보다 미국 우군과 원칙 관계를 확인한다.,기부금 접근을 거절하고 기존 계약을 지켜 국내 정권보다 미국 우군과 원칙 관계를 확인한다.,보상은 실제 지급만 세어 7→6 판정; 훅은 마지막 프레임의 열린 질문만 세어 7→6 판정
364,364,L63737~L63895,PASS,EDIT,PASS,5,5,8,7,8,7,0.31/0.19/0.28/0.08/0.14,0.31/0.19/0.28/0.08/0.14,조지에게 차베스 이후 제재·사우디 증산안을 주고 머스크에게 저궤도망·발사비 절반을 제안한다.,셰일·저유가·위성통신이 미국 전략과 결합한다.,스타링크와 백악관 안보 거래가 남는다.,베네수엘라 저유가전과 스타링크를 설계한다.,조지에게 차베스 이후 제재·사우디 증산안을 주고 머스크에게 저궤도망·발사비 절반을 제안한다; 구상 단계 스타링크에 태우가 선행 투자할 길이 열린다; 셰일·저유가·위성통신이 미국 전략과 결합한다,제재·증산·저궤도망을 조지·머스크와 설계해 전략정보와 장기 동맹이 중심이다.,대러 제재·증산과 저궤도 통신망을 조지·머스크와 맞춘다. 금융과 우주 인프라의 서로 다른 카드를 한 동맹 안에서 조립하는 협상에 시간을 쓴다.,보상은 실제 지급만 세어 8→7 판정; 훅은 마지막 프레임의 열린 질문만 세어 8→7 판정; L63737~L63895 수동 재독; 범용 중심·비중 문구를 장면 리듬으로 교체; L63737~L63895 수동 재독; 범용 중심·비중 문구를 장면 리듬으로 교체; L63737~L63895 수동 재독; 범용 중심·비중 문구를 장면 리듬으로 교체; L63737~L63895 수동 재독; 범용 중심·비중 문구를 장면 리듬으로 교체; L63737~L63895 수동 재독; 범용 중심·비중 문구를 장면 리듬으로 교체; L63737~L63895 수동 재독; 범용 중심·비중 문구를 장면 리듬으로 교체; L63737~L63895 수동 재독; 범용 중심·비중 문구를 장면 리듬으로 교체; L63737~L63895 수동 재독; 범용 중심·비중 문구를 장면 리듬으로 교체; L63737~L63895 수동 재독; 범용 중심·비중 문구를 장면 리듬으로 교체; L63737~L63895 수동 재독; 범용 중심·비중 문구를 장면 리듬으로 교체; L63737~L63895 수동 재독; 범용 중심·비중 문구를 장면 리듬으로 교체
365,365,L63896~L64071,PASS,EDIT,PASS,7,7,8,7,9,8,0.29/0.25/0.28/0.09/0.09,0.29/0.25/0.28/0.09/0.09,오바마와 사드를 논의하며 중국 불이익만큼 미국 혜택을 약속받고 위성 공유를 꺼낸다.,태우가 미국 기술·정책 보호망에 들어간다.,사드 부지를 다른 재벌에게 넘겨야 한다.,사드 협력 대가로 위성·미국 혜택을 요구한다.,오바마와 사드를 논의하며 중국 불이익만큼 미국 혜택을 약속받고 위성 공유를 꺼낸다; 미국이 태우를 한국 기업 안보 파트너로 인정한다; 태우가 미국 기술·정책 보호망에 들어간다,오바마에게 중국 손실만큼 혜택과 위성 공유를 요구해 외교 정보·행동·관계가 팽팽하다.,오바마에게 중국 손실만큼 혜택과 위성 공유를 요구해 외교 정보·행동·관계가 팽팽하다.,보상은 실제 지급만 세어 8→7 판정; 훅은 마지막 프레임의 열린 질문만 세어 9→8 판정
366,366,L64072~L64251,PASS,EDIT,PASS,6,6,7,6,8,7,0.23/0.26/0.31/0.10/0.10,0.23/0.26/0.31/0.10/0.10,김태중이 회장단을 모으고 강준용이 경기도·용산 부지와 미국 보호를 제안한다.,안보 부담이 재벌 자산경쟁 독사과로 변한다.,김민재가 선도 입찰자를 연기한다.,서울 미군부지와 미국 보호를 사드 부담의 미끼로 던진다.,김태중이 회장단을 모으고 강준용이 경기도·용산 부지와 미국 보호를 제안한다; 태우가 먼저 나설 듯한 자세로 경쟁을 유도할 판이 선다; 안보 부담이 재벌 자산경쟁 독사과로 변한다,재벌 회장단을 모아 사드 부지를 경쟁시키는 판을 세워 관계 조종과 실행이 중심이다.,재벌 회장단을 모아 사드 부지를 서로 내놓게 만든다. 애국 명분과 그룹별 이해득실을 경쟁시켜 직접 명령 없이도 행동을 끌어낸다.,보상은 실제 지급만 세어 7→6 판정; 훅은 마지막 프레임의 열린 질문만 세어 8→7 판정; L64072~L64251 수동 재독; 범용 중심·비중 문구를 장면 리듬으로 교체; L64072~L64251 수동 재독; 범용 중심·비중 문구를 장면 리듬으로 교체; L64072~L64251 수동 재독; 범용 중심·비중 문구를 장면 리듬으로 교체; L64072~L64251 수동 재독; 범용 중심·비중 문구를 장면 리듬으로 교체; L64072~L64251 수동 재독; 범용 중심·비중 문구를 장면 리듬으로 교체; L64072~L64251 수동 재독; 범용 중심·비중 문구를 장면 리듬으로 교체; L64072~L64251 수동 재독; 범용 중심·비중 문구를 장면 리듬으로 교체; L64072~L64251 수동 재독; 범용 중심·비중 문구를 장면 리듬으로 교체; L64072~L64251 수동 재독; 범용 중심·비중 문구를 장면 리듬으로 교체; L64072~L64251 수동 재독; 범용 중심·비중 문구를 장면 리듬으로 교체; L64072~L64251 수동 재독; 범용 중심·비중 문구를 장면 리듬으로 교체
367,367,L64252~L64428,PASS,EDIT,PASS,5,5,8,7,7,5,0.18/0.29/0.30/0.10/0.13,0.18/0.29/0.30/0.10/0.13,양산 창고를 미끼로 던지자 현재와 샤롯이 더 좋은 부지를 제시한다.,태우는 미중전쟁의 고래가 될 계획을 유지한다.,김민재는 미중 무역전쟁에서 새우로 버티는 대신 먹이를 삼켜 고래가 되는 길을 택한다.,양산 창고를 미끼로 던지자 현재와 샤롯이 더 좋은 부지를 제시한다.; 미국은 좋은 부지를 얻고 태우는 후보에서 빠진다.; 태우는 미중전쟁의 고래가 될 계획을 유지한다.,양산 창고를 미끼로 던지자 현재와 샤롯이 더 좋은 부지를 제시한다; 미국은 좋은 부지를 얻고 태우는 후보에서 빠진다; 태우는 미중전쟁의 고래가 될 계획을 유지한다,양산 창고 미끼로 현재·샤롯이 더 좋은 땅을 내게 해 행동·재벌 관계 보상이 두드러진다.,양산 창고 미끼로 현재·샤롯이 더 좋은 땅을 내게 해 행동·재벌 관계 보상이 두드러진다.,보상은 실제 지급만 세어 8→7 판정; 훅은 마지막 프레임의 열린 질문만 세어 7→5 판정
368,368,L64429~L64601,PASS,EDIT,PASS,6,6,9,8,8,6,0.22/0.25/0.25/0.08/0.20,0.22/0.25/0.25/0.08/0.20,베릴을 앞세워 투게더워크 10%를 1억 달러에 팔고 태우 지분은 ARN과 맞바꾼다.,태우는 독사과를 넘기고 미래 600억 달러 설계사를 얻는다.,리사에게 사후 통보해야 한다.,공유오피스 지분을 ARN과 맞바꾼다.,베릴을 앞세워 투게더워크 10%를 1억 달러에 팔고 태우 지분은 ARN과 맞바꾼다; 손정우가 수시간 만에 100억 달러급 계약을 승인한다; 태우는 독사과를 넘기고 미래 600억 달러 설계사를 얻는다,투게더워크 지분을 넘기고 ARN을 받아 수시간 만에 100억 달러급 계약 자산을 얻는다.,투게더워크 지분을 넘기고 ARN을 받아 수시간 만에 100억 달러급 계약 자산을 얻는다.,보상은 실제 지급만 세어 9→8 판정; 훅은 마지막 프레임의 열린 질문만 세어 8→6 판정
369,369,L64602~L64774,PASS,EDIT,PASS,6,6,8,7,8,7,0.29/0.22/0.26/0.08/0.15,0.29/0.22/0.26/0.08/0.15,긴급계약을 설명하고 ARN·AI 설계를 파운드리 수주와 연결한다.,독사과 수확 직후 준비한 금융 신호가 울린다.,조지가 포지션을 실행한다.,리사 반발을 풀고 테이퍼링 신호를 받는다.,긴급계약을 설명하고 ARN·AI 설계를 파운드리 수주와 연결한다; 시너지가 인정되고 연준이 테이퍼링 의사를 밝힌다; 독사과 수확 직후 준비한 금융 신호가 울린다,리사 수에게 사후 설명해 ARN·AI·파운드리 결합을 인정받고 테이퍼링 신호를 맞는다.,리사 수에게 사후 설명해 ARN·AI·파운드리 결합을 인정받고 테이퍼링 신호를 맞는다.,보상은 실제 지급만 세어 8→7 판정; 훅은 마지막 프레임의 열린 질문만 세어 8→7 판정
370,370,L64775~L64951,PASS,EDIT,PASS,6,6,8,7,9,7,0.27/0.25/0.27/0.08/0.13,0.27/0.25/0.27/0.08/0.13,조지에게 데드라인을 주고 타워 금융사와 수익을 나누며 진동구에게 샤롯 사드 반대 연기를 조언한다.,두 독사과가 돈과 후계구도를 바꾼다.,연준이 축소를 뒤집을 때 두 번째 파동이 온다.,테이퍼링 하락을 먹고 샤롯 후계전 조언을 한다.,조지에게 데드라인을 주고 타워 금융사와 수익을 나누며 진동구에게 샤롯 사드 반대 연기를 조언한다; 금융 하이에나가 태우 정보를 따르는 사냥개가 된다; 두 독사과가 돈과 후계구도를 바꾼다,조지에게 시한을 주고 수익을 나누며 진동구에게 사드 연기를 시켜 금융·승계 관계를 조종한다.,조지에게 시한을 주고 수익을 나누며 진동구에게 사드 연기를 시켜 금융·승계 관계를 조종한다.,보상은 실제 지급만 세어 8→7 판정; 훅은 마지막 프레임의 열린 질문만 세어 9→7 판정
371,371,L64952~L65120,PASS,EDIT,PASS,7,7,7,6,8,6,0.23/0.24/0.35/0.12/0.06,0.23/0.24/0.35/0.12/0.06,진동오의 미국혜택 논리에 진동구가 중국 전사업 철수 위험을 경고한다.,사드 독사과가 샤롯 왕자의 난을 촉발한다.,연준 변덕을 이용할 준비가 끝난다.,진동구가 사드 중국철수 위험을 외쳐 조직 지지를 얻는다.,진동오의 미국혜택 논리에 진동구가 중국 전사업 철수 위험을 경고한다; 다른 사장들이 진동구 편에 서기 시작한다; 사드 독사과가 샤롯 왕자의 난을 촉발한다,진동구·진동오 논쟁에서 사장단이 장남 편으로 이동해 가족 승계관계의 균열이 중심이다.,진동구·진동오의 말다툼 속에서 사장단이 장남 편으로 기운다. 사업보고보다 누가 다음 권력을 잡는지 눈치를 보는 침묵이 가족 승계균열을 드러낸다.,보상은 실제 지급만 세어 7→6 판정; 훅은 마지막 프레임의 열린 질문만 세어 8→6 판정; L64952~L65120 수동 재독; 범용 중심·비중 문구를 장면 리듬으로 교체; L64952~L65120 수동 재독; 범용 중심·비중 문구를 장면 리듬으로 교체; L64952~L65120 수동 재독; 범용 중심·비중 문구를 장면 리듬으로 교체; L64952~L65120 수동 재독; 범용 중심·비중 문구를 장면 리듬으로 교체; L64952~L65120 수동 재독; 범용 중심·비중 문구를 장면 리듬으로 교체; L64952~L65120 수동 재독; 범용 중심·비중 문구를 장면 리듬으로 교체; L64952~L65120 수동 재독; 범용 중심·비중 문구를 장면 리듬으로 교체; L64952~L65120 수동 재독; 범용 중심·비중 문구를 장면 리듬으로 교체; L64952~L65120 수동 재독; 범용 중심·비중 문구를 장면 리듬으로 교체; L64952~L65120 수동 재독; 범용 중심·비중 문구를 장면 리듬으로 교체; L64952~L65120 수동 재독; 범용 중심·비중 문구를 장면 리듬으로 교체
372,372,L65121~L65294,PASS,EDIT,PASS,6,6,8,7,9,7,0.34/0.20/0.27/0.08/0.11,0.34/0.20/0.27/0.08/0.11,금융타워에 유지 정보를 나누고 천민정을 센터장으로 승진시켜 다운그레이드 AI에 트로이목마를 심게 한다.,양적완화 반등 수익과 미래 신약 탈취 통로를 함께 얻는다.,로보가 미끼를 훔칠지가 남는다.,양적완화 유지 반등을 먹고 로보 AI에 트로이목마를 심는다.,금융타워에 유지 정보를 나누고 천민정을 센터장으로 승진시켜 다운그레이드 AI에 트로이목마를 심게 한다; 로보가 시스템을 복제하면 데이터·실험기록을 원격 오염시킬 수 있다; 양적완화 반등 수익과 미래 신약 탈취 통로를 함께 얻는다,양적완화 정보를 나누고 천민정을 승진시켜 로보 AI 오염 통로를 설계해 정보 비중이 높다.,양적완화 정보를 나눈 뒤 천민정을 승진시키고 로보 AI 자료의 오염 통로를 설계한다. 인사 보상 직후 연구데이터를 역으로 흘릴 작전이 붙어 축하보다 계산이 오래 간다.,보상은 실제 지급만 세어 8→7 판정; 훅은 마지막 프레임의 열린 질문만 세어 9→7 판정; L65121~L65294 수동 재독; 범용 중심·비중 문구를 장면 리듬으로 교체; L65121~L65294 수동 재독; 범용 중심·비중 문구를 장면 리듬으로 교체; L65121~L65294 수동 재독; 범용 중심·비중 문구를 장면 리듬으로 교체; L65121~L65294 수동 재독; 범용 중심·비중 문구를 장면 리듬으로 교체; L65121~L65294 수동 재독; 범용 중심·비중 문구를 장면 리듬으로 교체; L65121~L65294 수동 재독; 범용 중심·비중 문구를 장면 리듬으로 교체; L65121~L65294 수동 재독; 범용 중심·비중 문구를 장면 리듬으로 교체; L65121~L65294 수동 재독; 범용 중심·비중 문구를 장면 리듬으로 교체; L65121~L65294 수동 재독; 범용 중심·비중 문구를 장면 리듬으로 교체; L65121~L65294 수동 재독; 범용 중심·비중 문구를 장면 리듬으로 교체; L65121~L65294 수동 재독; 범용 중심·비중 문구를 장면 리듬으로 교체
373,373,L65295~L65470,PASS,EDIT,PASS,5,5,8,7,8,7,0.37/0.18/0.23/0.07/0.15,0.37/0.18/0.23/0.07/0.15,러시아 관계는 유지하되 미국을 달래고 한정훈·후쿠다에게 금융타워 전체 작전을 설계시킨다.,금융사 전부가 먹어도 남을 새 프로젝트가 열린다.,한정훈은 양적완화 연습경기보다 훨씬 큰 3차 석유전쟁 타임라인을 후쿠다·데이비드·다이먼과 짜야 한다.,러시아 관계는 유지하되 미국을 달래고 한정훈·후쿠다에게 금융타워 전체 작전을 설계시킨다.; 산유국 치킨게임이 체셔피크 저점인수와 수익의 이중 기회로 확정된다.; 금융사 전부가 먹어도 남을 새 프로젝트가 열린다.,러시아 관계는 유지하되 미국을 달래고 한정훈·후쿠다에게 금융타워 전체 작전을 설계시킨다; 산유국 치킨게임이 체셔피크 저점인수와 수익의 이중 기회로 확정된다; 금융사 전부가 먹어도 남을 새 프로젝트가 열린다,미국·러시아 균형과 산유국 치킨게임·체셔피크 저점 구조를 설명해 전략정보가 지배한다.,"미국·러시아 균형, 산유국 치킨게임, 체셔피크 저점 구조를 한정훈과 차례로 맞춘다. 금융수익을 어디에 쓸지 설명하는 동안 다음 석유전의 매입시점이 구체적으로 잡힌다.",보상은 실제 지급만 세어 8→7 판정; 훅은 마지막 프레임의 열린 질문만 세어 8→7 판정; L65295~L65470 수동 재독; 편집 메타어를 실제 장면·숫자·사람 반응으로 교체; L65295~L65470 수동 재독; 편집 메타어를 실제 장면·숫자·사람 반응으로 교체
374,374,L65471~L65627,PASS,EDIT,PASS,4,4,8,7,7,7,0.35/0.16/0.20/0.07/0.22,0.35/0.16/0.20/0.07/0.22,저궤도 통신·전기차·자원 인프라 계획을 재확인하고 금융타워의 크림반도 투자금을 유지한다.,태우의 확장 포트폴리오가 수익축과 미래축으로 정리된다.,러시아가 소치올림픽 직후 움직일지 남는다.,전자 1위와 상사·자원 적자를 결산하며 크림 포지션을 유지한다.,저궤도 통신·전기차·자원 인프라 계획을 재확인하고 금융타워의 크림반도 투자금을 유지한다; 전자 세계 1위·애플카 성공이 장기 적자를 감당할 캐시카우임이 확인된다; 태우의 확장 포트폴리오가 수익축과 미래축으로 정리된다,저궤도·전기차·자원 장기적자와 전자 캐시카우를 결산해 정보·사업자산에 머문다.,저궤도·전기차·자원 장기적자와 전자 캐시카우를 결산해 정보·사업자산에 머문다.,보상은 실제 지급만 세어 8→7 판정
375,375,L65628~L65819,PASS,EDIT,PASS,6,6,9,8,8,7,0.30/0.23/0.24/0.08/0.15,0.30/0.23/0.24/0.08/0.15,루블·주가 하락에 베팅하고 반항 금융사는 내버려둔 뒤 유가자산을 정리하며 러시아 진출 계열사 대책을 세운다.,크림반도 테스트가 돈과 충성도 검증에 성공한다.,서방 제재를 어기거나 러시아를 직접 지원한 모양새 없이 비밀 협상을 열 상대와 조건이 필요하다.,루블·주가 하락에 베팅하고 반항 금융사는 내버려둔 뒤 유가자산을 정리하며 러시아 진출 계열사 대책을 세운다.; 금융타워는 보너스 잔치를 하고 외국기업 철수 속 태우 공장의 협상가치가 높아진다.; 크림반도 테스트가 돈과 충성도 검증에 성공한다.,루블·주가 하락에 베팅하고 반항 금융사는 내버려둔 뒤 유가자산을 정리하며 러시아 진출 계열사 대책을 세운다; 금융타워는 보너스 잔치를 하고 외국기업 철수 속 태우 공장의 협상가치가 높아진다; 크림반도 테스트가 돈과 충성도 검증에 성공한다,루블·주가 포지션과 철수 협상가치를 확인해 금융정보·동맹 충성·수익을 함께 지급한다.,루블·주가 포지션과 철수 협상가치를 확인해 금융정보·동맹 충성·수익을 함께 지급한다.,보상은 실제 지급만 세어 9→8 판정; 훅은 마지막 프레임의 열린 질문만 세어 8→7 판정
376,376,L65820~L65985,EDIT,EDIT,PASS,6,6,8,7,8,7,0.22/0.23/0.36/0.11/0.08,0.22/0.23/0.36/0.11/0.08,축구 자선행사에 100억 원을 써 로만을 부르고 태우 철수 방지 대신 몽골 자원의 러시아 경유를 요구한다.,러시아 경유 운송로와 다국적 컨소시엄안을 로만에게 받아들이게 하고 크렘린 허가를 받아오겠다는 약속을 얻는다. 실제 정부 허가·운송로 확보는 아직 전이다.,중국의 장기 자원 구매 계약이 필요하다.,로만에게 공장 유지와 몽골 자원 수송허가를 교환한다.,축구 자선행사에 100억 원을 써 로만을 부르고 태우 철수 방지 대신 몽골 자원의 러시아 경유를 요구한다; 로만이 지도부 허가를 자신하며 비밀 손을 잡는다; 러시아 경유 운송로와 다국적 컨소시엄안을 로만에게 받아들이게 하고 크렘린 허가를 받아오겠다는 약속을 얻는다. 실제 정부 허가·운송로 확보는 아직 전이다,100억 원 자선행사로 로만을 불러 공장 유지와 몽골 수송로를 바꿔 관계 리본이 크다.,"축구 자선행사에 100억 원을 써 로만을 불러낸 뒤 태우 철수 방지와 몽골 자원의 러시아 경유를 맞바꾼다. 로만이 다국적 컨소시엄안을 받아 크렘린 허가를 구하겠다고 약속하는 관계 장면이 길고, 중국 구매자가 없다는 실물 구멍이 마지막에 남는다.","보상은 실제 지급만 세어 8→7 판정; 훅은 마지막 프레임의 열린 질문만 세어 8→7 판정; L65820~L65985 수동 재독; 점수·리본 유지, 기계적 note만 장면별 편집문으로 교체; L65820~L65985 수동 재독; 기계적 note를 장면별 편집문으로 교체; L65820~L65985 수동 재독; 기계적 note를 장면별 편집문으로 교체; L65820~L65985 수동 재독; 기계적 note를 장면별 편집문으로 교체; L65820~L65985 수동 재독; 기계적 note를 장면별 편집문으로 교체; L65820~L65985 수동 재독; 기계적 note를 장면별 편집문으로 교체; L65820~L65985 수동 재독; 기계적 note를 장면별 편집문으로 교체; L65820~L65985 수동 재독; 기계적 note를 장면별 편집문으로 교체; L65820~L65985 수동 재독; 기계적 note를 장면별 편집문으로 교체; L65820~L65985 수동 재독; 기계적 note를 장면별 편집문으로 교체; L65820~L65985 수동 재독; 기계적 note를 장면별 편집문으로 교체; L65820~L65985 수동 재독; 기계적 note를 장면별 편집문으로 교체; L65820~L65985 수동 재독; 기계적 note를 장면별 편집문으로 교체"
377,377,L65986~L66170,EDIT,EDIT,PASS,5,5,9,8,8,6,0.26/0.21/0.32/0.08/0.13,0.26/0.21/0.32/0.08/0.13,"리강에게 몽골 자원 운송로와 최소 20년 장기계약을 제안하고 러시아 협의 사실을 알린 뒤, 리강이 주석 보고와 계약 성사를 위해 노력하겠다는 답을 받아낸다.",차기 중국 권력자와 운송사업·20년 계약의 협상선을 열고 주석 보고 약속을 얻는다. 실제 장기계약과 자원 판로는 아직 전이다.,사우디 증산 시점과 왕위승계를 확인하러 간다.,중국 차기 권력과 러시아 경유 자원 장기계약을 묶는다.,"리강에게 몽골 자원 운송로와 최소 20년 장기계약을 제안하고 러시아 협의 사실을 알린 뒤, 리강이 주석 보고와 계약 성사를 위해 노력하겠다는 답을 받아낸다; 리강은 태자당 수익과 러시아 관계를 이유로 긍정적으로 반응하지만, 중국 정부 보고와 장기계약 체결은 아직 남는다; 차기 중국 권력자와 운송사업·20년 계약의 협상선을 열고 주석 보고 약속을 얻는다. 실제 장기계약과 자원 판로는 아직 전이다",몽골 자원을 러시아·중국 양쪽에 장기계약해 외교 관계와 공급망 보상이 높다.,"리강에게 러시아 경유안과 최소 20년 몽골 자원 구매계약을 함께 제시해 중국 권력선의 반응을 살핀다. 주석 보고와 성사 노력 약속까지만 받은 뒤 사우디 증산·왕위승계 확인으로 시선을 돌려, 판로 계약은 일부러 미지급 상태로 둔다.","보상은 실제 지급만 세어 9→8 판정; 훅은 마지막 프레임의 열린 질문만 세어 8→6 판정; L65986~L66170 수동 재독; 점수·리본 유지, 기계적 note만 장면별 편집문으로 교체; L65986~L66170 수동 재독; 기계적 note를 장면별 편집문으로 교체; L65986~L66170 수동 재독; 기계적 note를 장면별 편집문으로 교체; L65986~L66170 수동 재독; 기계적 note를 장면별 편집문으로 교체; L65986~L66170 수동 재독; 기계적 note를 장면별 편집문으로 교체; L65986~L66170 수동 재독; 기계적 note를 장면별 편집문으로 교체; L65986~L66170 수동 재독; 기계적 note를 장면별 편집문으로 교체; L65986~L66170 수동 재독; 기계적 note를 장면별 편집문으로 교체; L65986~L66170 수동 재독; 기계적 note를 장면별 편집문으로 교체; L65986~L66170 수동 재독; 기계적 note를 장면별 편집문으로 교체; L65986~L66170 수동 재독; 기계적 note를 장면별 편집문으로 교체; L65986~L66170 수동 재독; 기계적 note를 장면별 편집문으로 교체; L65986~L66170 수동 재독; 기계적 note를 장면별 편집문으로 교체"
378,378,L66171~L66350,PASS,EDIT,PASS,7,7,8,7,8,6,0.21/0.22/0.37/0.15/0.05,0.21/0.22/0.37/0.15/0.05,살만에게 증산 피해와 빈 살만 왕세자화를 경고하며 부패 왕족 숙청 구상을 꺼낸다.,태우는 차기 국왕·왕세자 양쪽과 비밀 장기동맹을 맺는다.,숙청 자금논리와 실행팀을 만들어야 한다.,살만에게 빈 살만 세습·왕족숙청 구상을 꺼낸다.,살만에게 증산 피해와 빈 살만 왕세자화를 경고하며 부패 왕족 숙청 구상을 꺼낸다; 살만이 분노를 누그러뜨리고 김민재의 진심을 이해한다; 태우는 차기 국왕·왕세자 양쪽과 비밀 장기동맹을 맺는다,살만의 분노를 누그러뜨리고 빈 살만 왕세자·숙청을 논의해 비밀 가족·권력 관계가 지배한다.,살만의 분노를 누그러뜨리고 빈 살만을 왕세자로 올릴 방법과 왕족 숙청을 논의한다. 가족 내부의 감정대화가 곧 국가 권력승계와 계좌작전으로 이어져 둘의 동맹 위험을 키운다.,보상은 실제 지급만 세어 8→7 판정; 훅은 마지막 프레임의 열린 질문만 세어 8→6 판정; L66171~L66350 수동 재독; 편집 메타어를 실제 장면·숫자·사람 반응으로 교체; L66171~L66350 수동 재독; 편집 메타어를 실제 장면·숫자·사람 반응으로 교체
379,379,L66351~L66547,PASS,EDIT,PASS,7,7,8,7,9,7,0.25/0.25/0.32/0.10/0.08,0.25/0.25/0.32/0.10/0.08,불법 왕족 자산을 국고로 환수한다는 명분을 주고 천민정·강 대위·한정훈에게 정보수집 시스템을 맡긴다.,태우가 사우디 승계의 보이지 않는 설계자가 된다.,OPEC 증산 직전 금융판돈을 배치한다.,부패자금 환수 명분과 왕족 정보팀을 만든다.,불법 왕족 자산을 국고로 환수한다는 명분을 주고 천민정·강 대위·한정훈에게 정보수집 시스템을 맡긴다; 살만이 후보 명단과 숙청기획을 받아들이고 팀이 즉시 움직인다; 태우가 사우디 승계의 보이지 않는 설계자가 된다,왕족 자산 환수 명분과 천민정·강 대위 팀을 붙여 관계·정보·실행 압력을 끌어올린다.,왕족 자산 환수 명분과 천민정·강 대위 팀을 붙여 관계·정보·실행 압력을 끌어올린다.,보상은 실제 지급만 세어 8→7 판정; 훅은 마지막 프레임의 열린 질문만 세어 9→7 판정
380,380,L66548~L66742,PASS,EDIT,PASS,9,9,9,8,9,7,0.20/0.36/0.22/0.10/0.12,0.20/0.36/0.22/0.10/0.12,천민정이 왕족 비밀계좌를 찾고 김민재가 텍사스 관계자에게 경고한 뒤 OPEC 발표와 함께 공매도를 실행한다.,금융타워는 본게임 수익 구간에 들어간다.,유가 하락이 어느 기업·국가부터 무너뜨릴지 남는다.,OPEC 증산 발표와 함께 원유 공매도를 실행한다.,천민정이 왕족 비밀계좌를 찾고 김민재가 텍사스 관계자에게 경고한 뒤 OPEC 발표와 함께 공매도를 실행한다; 사우디가 증산을 발표해 70달러 차익 구조가 현실화된다; 금융타워는 본게임 수익 구간에 들어간다,비밀계좌 확보와 OPEC 증산·원유 공매도가 동시에 실행되어 행동·승패가 큰 봉우리다.,비밀계좌 확보와 OPEC 증산·원유 공매도가 동시에 실행되어 행동·승패가 큰 봉우리다.,보상은 실제 지급만 세어 9→8 판정; 훅은 마지막 프레임의 열린 질문만 세어 9→7 판정
381,381,L66743~L66910,PASS,EDIT,PASS,7,7,8,7,8,6,0.30/0.27/0.17/0.08/0.18,0.30/0.27/0.17/0.08/0.18,천민정에게 훔친 AI의 신약효과를 줄이고 부작용을 늘리게 하며 금융사별 수익을 배분한다.,"커넥트 자동번역 완성, 로보가 훔친 신약 AI 오염, 금융사별 유가 하락 수익 배분을 실행하고 원유 100달러선 붕괴·셰일주 15퍼센트 하락을 확인한다.",마르지 않는 금융 우물을 20년 뒤 태우를 위한 어떤 대규모 투자에 쓸지는 아직 밝히지 않는다.,천민정에게 훔친 AI의 신약효과를 줄이고 부작용을 늘리게 하며 금융사별 수익을 배분한다.; 원유 100달러가 붕괴하고 셰일기업 주가가 15% 넘게 빠진다.; 태우는 마르지 않는 투자우물을 확보한다.,"천민정에게 훔친 AI의 신약효과를 줄이고 부작용을 늘리게 하며 금융사별 수익을 배분한다; 원유 100달러가 붕괴하고 셰일기업 주가가 15% 넘게 빠진다; 커넥트 자동번역 완성, 로보가 훔친 신약 AI 오염, 금융사별 유가 하락 수익 배분을 실행하고 원유 100달러선 붕괴·셰일주 15퍼센트 하락을 확인한다",유가 붕괴 수익을 배분하고 로보 AI를 오염시키며 셰일 저점을 여는 정보·행동 회차다.,"커넥트 자동번역 완성 뒤 로보가 훔친 신약 AI에 효과 저하와 부작용 증가를 심고, 금융사별 유가 하락 수익을 나눈다. 원유 100달러선 붕괴와 셰일주 15퍼센트 하락은 보이지만 ‘스케일이 다른 투자’의 정체는 감춘 채 금융·바이오 두 전선을 함께 연다.","보상은 실제 지급만 세어 8→7 판정; 훅은 마지막 프레임의 열린 질문만 세어 8→6 판정; L66743~L66910 수동 재독; 회차 필드 경계 교정, 고정 39화 표본 note를 원문 장면·말미 기준으로 교정; L66743~L66910 수동 재독; 회차 필드 경계 교정, 고정 39화 표본 note를 원문 장면·말미 기준으로 교정; L66743~L66910 수동 재독; 회차 필드 경계 교정, 고정 39화 표본 note를 원문 장면·말미 기준으로 교정"
382,382,L66911~L67084,PASS,EDIT,PASS,7,7,8,7,8,7,0.29/0.24/0.26/0.08/0.13,0.29/0.24/0.26/0.08/0.13,셰일업체 공매도를 늘리고 미국 대사의 구조요청을 받은 뒤 알짜 업체·지분만 골라 인수할 뜻을 밝힌다.,태우가 미국 미래산업 구조자로서 알짜 선택권을 얻는다.,백악관이 어떤 회사를 어떤 조건으로 줄지 남는다.,헤스·체셔피크를 공격하다 미국의 셰일 인수요청을 받는다.,셰일업체 공매도를 늘리고 미국 대사의 구조요청을 받은 뒤 알짜 업체·지분만 골라 인수할 뜻을 밝힌다; 미국 정부가 태우에 셰일업체 일부 인수를 공식 부탁한다; 태우가 미국 미래산업 구조자로서 알짜 선택권을 얻는다,헤스·체셔피크 숏과 가이아나 지분을 노리자 미국 정부가 공식 인수를 부탁해 관계가 역전된다.,유가 하락으로 계열사 손실이 커진 가운데 셰일업체 공매도를 늘리고 미국 대사의 구조요청을 받는다. 정부가 부탁한 업체들 가운데 알짜 자산·지분만 고르겠다는 원칙까지만 세우므로 구체 회사명과 인수조건은 다음 화 몫이다.,"보상은 실제 지급만 세어 8→7 판정; 훅은 마지막 프레임의 열린 질문만 세어 8→7 판정; L66911~L67084 수동 재독; 회차 필드 경계 교정, 표본 note를 현재 화 표면으로 교정; L66911~L67084 수동 재독; 회차 필드 경계 교정, 표본 note를 현재 화 표면으로 교정; L66911~L67084 수동 재독; 회차 필드 경계 교정, 표본 note를 현재 화 표면으로 교정; L66911~L67084 수동 재독; 회차 필드 경계 교정, 표본 note를 현재 화 표면으로 교정; L66911~L67084 수동 재독; 회차 필드 경계 교정, 표본 note를 현재 화 표면으로 교정; L66911~L67084 수동 재독; 회차 필드 경계 교정, 표본 note를 현재 화 표면으로 교정; L66911~L67084 수동 재독; 회차 필드 경계 교정, 표본 note를 현재 화 표면으로 교정; L66911~L67084 수동 재독; 회차 필드 경계 교정, 표본 note를 현재 화 표면으로 교정; L66911~L67084 수동 재독; 회차 필드 경계 교정, 표본 note를 현재 화 표면으로 교정; L66911~L67084 수동 재독; 회차 필드 경계 교정, 표본 note를 현재 화 표면으로 교정"
383,383,L67085~L67243,PASS,EDIT,PASS,6,6,8,7,8,5,0.27/0.23/0.32/0.09/0.09,0.27/0.23/0.32/0.09/0.09,오바마에게 태우 단독 소형인수와 정부주도 대형컨소시엄 두 안을 제시해 후자를 택하게 한다.,태우 존재감이 국빈급 1시간 비공식 독대로 격상된다.,오바마와 1시간 넘게 비공식 독대한 사실이 태우그룹의 커진 존재감을 증명한다.,오바마에게 태우 단독 소형인수와 정부주도 대형컨소시엄 두 안을 제시해 후자를 택하게 한다.; 오바마가 기업 참여를 설득하고 태우는 인수대상 결정권을 가진다.; 태우 존재감이 국빈급 1시간 비공식 독대로 격상된다.,오바마에게 태우 단독 소형인수와 정부주도 대형컨소시엄 두 안을 제시해 후자를 택하게 한다; 오바마가 기업 참여를 설득하고 태우는 인수대상 결정권을 가진다; 태우 존재감이 국빈급 1시간 비공식 독대로 격상된다,오바마에게 두 인수안을 주고 대상 결정권을 얻어 국빈급 관계와 정책협상이 앞선다.,오바마에게 두 인수안을 주고 대상 결정권을 얻어 국빈급 관계와 정책협상이 앞선다.,보상은 실제 지급만 세어 8→7 판정; 훅은 마지막 프레임의 열린 질문만 세어 8→5 판정
384,384,L67244~L67404,PASS,EDIT,PASS,5,5,7,6,8,6,0.32/0.20/0.30/0.07/0.11,0.32/0.20/0.30/0.07/0.11,핀테크 100~200억 달러 참여를 받고 중국 고위층에게 CNOOC 매각을 선의처럼 제안한다.,미국·중국 양쪽 자본을 같은 유전판에 묶을 준비가 된다.,사드 이후 중국 영향력이 줄기 전에 CNOOC 지분과 중국 인맥에서 얻을 수 있는 것을 최대한 거둬야 한다.,핀테크 100~200억 달러 참여를 받고 중국 고위층에게 CNOOC 매각을 선의처럼 제안한다.; 중국 쪽이 리강과의 친분을 위해 검토에 들어간다.; 미국·중국 양쪽 자본을 같은 유전판에 묶을 준비가 된다.,핀테크 100~200억 달러 참여를 받고 중국 고위층에게 CNOOC 매각을 선의처럼 제안한다; 중국 쪽이 리강과의 친분을 위해 검토에 들어간다; 미국·중국 양쪽 자본을 같은 유전판에 묶을 준비가 된다,핀테크 자금과 중국 CNOOC 매각을 한 판에 묶어 정보·외교 관계에 오래 머문다.,핀테크 자금과 중국 CNOOC 매각을 한 판에 묶어 정보·외교 관계에 오래 머문다.,보상은 실제 지급만 세어 7→6 판정; 훅은 마지막 프레임의 열린 질문만 세어 8→6 판정
385,385,L67405~L67584,PASS,EDIT,PASS,6,6,9,8,8,7,0.30/0.23/0.19/0.08/0.20,0.30/0.23/0.19/0.08/0.20,반년 뒤 감산 기류를 예측해 원유 재매수 타이밍을 잡고 대형 반도체단지를 완공하며 헤스 매각협상을 압박한다.,태우는 돈·반도체·유전 세 기반을 동시에 키운다.,헤스 가격·고용승계 협상이 열린다.,250억 달러 공매도 수익·반도체단지·헤스 협상을 묶는다.,반년 뒤 감산 기류를 예측해 원유 재매수 타이밍을 잡고 대형 반도체단지를 완공하며 헤스 매각협상을 압박한다; 태우 무부채·현금 수백억 달러가 알려져 이사회가 최종협상을 승인한다; 태우는 돈·반도체·유전 세 기반을 동시에 키운다,감산 타이밍·반도체단지·무부채 현금을 제시해 헤스 이사회 승인을 끌어내 정보·자산이 높다.,"감산 시점과 반도체단지, 무부채 현금을 제시해 헤스 이사회의 승인을 끌어낸다. 미래 유가논리가 이사회 표와 자산 인수 허가로 바뀌어 첫 관문을 닫는다.",보상은 실제 지급만 세어 9→8 판정; 훅은 마지막 프레임의 열린 질문만 세어 8→7 판정; L67405~L67584 수동 재독; 편집 메타어를 실제 장면·숫자·사람 반응으로 교체; L67405~L67584 수동 재독; 편집 메타어를 실제 장면·숫자·사람 반응으로 교체
386,386,L67585~L67757,PASS,EDIT,PASS,6,6,9,8,8,7,0.22/0.22/0.34/0.11/0.11,0.22/0.22/0.34/0.11/0.11,미국 긴급항공 지원까지 약속받고 이사회에 고용승계·적정 프리미엄을 제안한다.,헤스가 태우 품으로 들어올 실무단계에 선다.,체셔피크·CNOOC와 후속 거래를 끝내야 한다.,미국의 재촉을 이용해 고용승계·프리미엄 합의를 만든다.,미국 긴급항공 지원까지 약속받고 이사회에 고용승계·적정 프리미엄을 제안한다; 창업가가 자기 프리미엄을 직원 위로금으로 돌려 합의가 정리된다; 헤스가 태우 품으로 들어올 실무단계에 선다,창업가가 자기 프리미엄을 직원 위로금으로 돌려 헤스 인수 관계와 인간적 보상이 중심이다.,창업가가 자기 프리미엄을 직원 위로금으로 돌린다. 헤스 인수조건을 맞추는 숫자 협상 속에서 직원에게 남길 몫이 관계의 온도를 바꾼다.,보상은 실제 지급만 세어 9→8 판정; 훅은 마지막 프레임의 열린 질문만 세어 8→7 판정; L67585~L67757 수동 재독; 범용 중심·비중 문구를 장면 리듬으로 교체; L67585~L67757 수동 재독; 범용 중심·비중 문구를 장면 리듬으로 교체; L67585~L67757 수동 재독; 범용 중심·비중 문구를 장면 리듬으로 교체; L67585~L67757 수동 재독; 범용 중심·비중 문구를 장면 리듬으로 교체; L67585~L67757 수동 재독; 범용 중심·비중 문구를 장면 리듬으로 교체; L67585~L67757 수동 재독; 범용 중심·비중 문구를 장면 리듬으로 교체; L67585~L67757 수동 재독; 범용 중심·비중 문구를 장면 리듬으로 교체; L67585~L67757 수동 재독; 범용 중심·비중 문구를 장면 리듬으로 교체; L67585~L67757 수동 재독; 범용 중심·비중 문구를 장면 리듬으로 교체; L67585~L67757 수동 재독; 범용 중심·비중 문구를 장면 리듬으로 교체; L67585~L67757 수동 재독; 범용 중심·비중 문구를 장면 리듬으로 교체
387,387,L67758~L67939,PASS,EDIT,PASS,7,7,8,7,9,8,0.29/0.24/0.22/0.07/0.18,0.29/0.24/0.22/0.07/0.18,체셔피크 협상을 맡기고 중국에서 CNOOC 지분을 산 뒤 금융타워 석유포지션을 정리한다.,석유 인수전이 카노스 재대결의 함정으로 변한다.,카노스가 헤스부터 태우그룹까지 3단계를 준비한다.,체셔피크·CNOOC 거래 뒤 카노스의 태우상사 공격을 유도한다.,체셔피크 협상을 맡기고 중국에서 CNOOC 지분을 산 뒤 금융타워 석유포지션을 정리한다; 태우상사 실제 지분이 70% 이상이라 공매도 공격을 역포획할 수 있다; 석유 인수전이 카노스 재대결의 함정으로 변한다,체셔피크·CNOOC를 정리하고 실제 지분 70%를 숨겨 카노스의 3단계 공격을 유도한다.,체셔피크·CNOOC를 정리하고 실제 지분 70%를 숨겨 카노스의 3단계 공격을 유도한다.,보상은 실제 지급만 세어 8→7 판정; 훅은 마지막 프레임의 열린 질문만 세어 9→8 판정
388,388,L67940~L68101,PASS,EDIT,PASS,8,8,7,6,9,8,0.22/0.34/0.25/0.12/0.07,0.22/0.34/0.25/0.12/0.07,태우는 대비한 채 무대응하고 카노스는 헤스 적자에서 태우상사·그룹 도미노를 홍보한다.,태우가 의도한 거대한 어망에 월가 세력이 들어온다.,카노스가 전재산을 던지는 약속일이 온다.,카노스가 400% 수익을 약속해 헤지펀드를 모은다.,태우는 대비한 채 무대응하고 카노스는 헤스 적자에서 태우상사·그룹 도미노를 홍보한다; 카노스가 400% 수익을 약속해 헤지펀드를 대거 끌어모은다; 태우가 의도한 거대한 어망에 월가 세력이 들어온다,태우는 무대응하고 카노스는 400% 수익을 외쳐 펀드를 모아 행동 긴장과 적 관계가 높다.,태우는 반응을 숨긴 채 버티고 카노스는 400퍼센트 수익을 외치며 새 펀드 자금을 모은다. 한쪽의 침묵과 다른 쪽의 과신이 맞물려 이후 역포획에 필요한 물량이 스스로 쌓인다.,보상은 실제 지급만 세어 7→6 판정; 훅은 마지막 프레임의 열린 질문만 세어 9→8 판정; L67940~L68101 수동 재독; 편집 메타어를 실제 장면·숫자·사람 반응으로 교체; L67940~L68101 수동 재독; 편집 메타어를 실제 장면·숫자·사람 반응으로 교체
389,389,L68102~L68274,PASS,EDIT,PASS,7,7,7,6,9,7,0.25/0.27/0.26/0.11/0.11,0.25/0.27/0.26/0.11/0.11,사우디 개입이 없다는 확신과 컨소시엄 분열 소문을 흘리고 가이아나 지분에 자금을 쓴 척한다.,공매도 세력의 쌈짓돈까지 모일 조건이 갖춰진다.,유전탐사·사우디 왕위라는 반격신호를 기다린다.,헤스 7% 하락을 방치하고 컨소시엄 분열설을 푼다.,사우디 개입이 없다는 확신과 컨소시엄 분열 소문을 흘리고 가이아나 지분에 자금을 쓴 척한다; 중소 헤지펀드들이 뒤늦게 합류하며 카노스가 부활을 확신한다; 공매도 세력의 쌈짓돈까지 모일 조건이 갖춰진다,사우디 불개입·컨소시엄 균열 소문으로 중소 펀드 쌈짓돈까지 끌어 관계전 압박을 높인다.,사우디 불개입·컨소시엄 균열 소문으로 중소 펀드 쌈짓돈까지 끌어 관계전 압박을 높인다.,보상은 실제 지급만 세어 7→6 판정; 훅은 마지막 프레임의 열린 질문만 세어 9→7 판정
390,390,L68275~L68451,PASS,EDIT,PASS,5,5,10,9,9,6,0.20/0.24/0.18/0.17/0.21,0.20/0.24/0.18/0.17/0.21,쉘에서 동전던지기로 태우·엑슨 지분을 1달러씩 사고 핀테크 명의 공매도 수익도 챙긴다.,태우는 공매도 세력에게 숨긴 초대형 호재를 장전한다.,태우와 엑슨모빌은 공매도 반격과 장기 먹거리를 위해 가이아나 유전 탐사에 전력을 걸기로 한다.,쉘에서 동전던지기로 태우·엑슨 지분을 1달러씩 사고 핀테크 명의 공매도 수익도 챙긴다.; 수십조 가치 권리를 1달러에 얻고 엑슨이 탐사에 총력을 약속한다.; 태우는 공매도 세력에게 숨긴 초대형 호재를 장전한다.,쉘에서 동전던지기로 태우·엑슨 지분을 1달러씩 사고 핀테크 명의 공매도 수익도 챙긴다; 수십조 가치 권리를 1달러에 얻고 엑슨이 탐사에 총력을 약속한다; 태우는 공매도 세력에게 숨긴 초대형 호재를 장전한다,동전던지기로 수십조 원 유전권을 1달러에 얻는 놀람과 물질 보상이 크게 솟는다.,동전던지기로 수십조 원 유전권을 1달러에 얻는 놀람과 물질 보상이 크게 솟는다.,보상은 실제 지급만 세어 10→9 판정; 훅은 마지막 프레임의 열린 질문만 세어 9→6 판정
391,391,L68452~L68641,PASS,EDIT,PASS,8,8,10,9,9,7,0.22/0.30/0.24/0.13/0.11,0.22/0.30/0.24/0.13/0.11,유가 상승에 헤스 매물을 흡수하고 사우디에서 빈 살만의 국방장관 임명·왕세자 계획을 점검한다.,헤스 주가를 뒤집을 초대형 호재와 사우디 우군이 동시에 선다.,가이아나 현장팀의 최소 50억 배럴 추정이 실제 대형 유전으로 확인돼 헤스 공매도판을 뒤집을 수 있는가?,살만 즉위·유가상승·가이아나 유전발견이 동시에 터진다.,유가 상승에 헤스 매물을 흡수하고 사우디에서 빈 살만의 국방장관 임명·왕세자 계획을 점검한다; 가이아나 로건팀이 10년 만에 대형 유전을 발견한다; 헤스 주가를 뒤집을 초대형 호재와 사우디 우군이 동시에 선다,가이아나 대형 유전 발견과 빈 살만 승계 확인이 공매도 함정을 실제 반격으로 바꾼다.,"살만 즉위와 빈 살만의 국방장관 임명·왕세자 계획을 점검하는 사이, 가이아나 로건팀이 최소 50억 배럴로 추정되는 대형 유전을 발견한다. 헤스 공매도판을 뒤집을 호재가 태어난 것이 지급이며 정밀조사와 시장공개는 아직 다음 단계다.","보상은 실제 지급만 세어 10→9 판정; 훅은 마지막 프레임의 열린 질문만 세어 9→7 판정; L68452~L68641 수동 재독; 회차 필드 경계 교정, 표본 note를 현재 화 표면으로 교정; L68452~L68641 수동 재독; 회차 필드 경계 교정, 표본 note를 현재 화 표면으로 교정; L68452~L68641 수동 재독; 회차 필드 경계 교정, 표본 note를 현재 화 표면으로 교정; L68452~L68641 수동 재독; 회차 필드 경계 교정, 표본 note를 현재 화 표면으로 교정; L68452~L68641 수동 재독; 회차 필드 경계 교정, 표본 note를 현재 화 표면으로 교정; L68452~L68641 수동 재독; 회차 필드 경계 교정, 표본 note를 현재 화 표면으로 교정; L68452~L68641 수동 재독; 회차 필드 경계 교정, 표본 note를 현재 화 표면으로 교정"
392,392,L68642~L68807,PASS,EDIT,PASS,8,8,8,7,9,8,0.28/0.31/0.21/0.08/0.12,0.28/0.31/0.21/0.08/0.12,전량을 받아 주가를 고정하고 핀테크 대출설을 흘리며 행동주의 펀드와 타워 배신사를 색출한다.,반격은 가격상승뿐 아니라 카르텔 정화 기회가 된다.,"금융타워 소속 헤지펀드 두 곳의 배신이 확인되고, 재발을 막을 처단 방식이 남는다.",전량을 받아 주가를 고정하고 핀테크 대출설을 흘리며 행동주의 펀드와 타워 배신사를 색출한다.; 배신한 타워 헤지펀드 두 곳이 확인되고 유전 정밀조사가 끝난다.; 반격은 가격상승뿐 아니라 카르텔 정화 기회가 된다.,전량을 받아 주가를 고정하고 핀테크 대출설을 흘리며 행동주의 펀드와 타워 배신사를 색출한다; 배신한 타워 헤지펀드 두 곳이 확인되고 유전 정밀조사가 끝난다; 반격은 가격상승뿐 아니라 카르텔 정화 기회가 된다,전량 매수·대출설·배신 타워사 색출을 병행해 정보와 금융 행동 리본이 높다.,헤스 매도물량을 전부 받아 내면서 대출설을 흘린 타워사를 추적해 배신자를 좁힌다. 시장 방어와 내부 색출을 동시에 진행해 주가판의 압박이 조직 신뢰 문제로 번진다.,보상은 실제 지급만 세어 8→7 판정; 훅은 마지막 프레임의 열린 질문만 세어 9→8 판정; L68642~L68807 수동 재독; 편집 메타어를 실제 장면·숫자·사람 반응으로 교체; L68642~L68807 수동 재독; 편집 메타어를 실제 장면·숫자·사람 반응으로 교체
393,393,L68808~L68990,PASS,EDIT,PASS,9,9,9,8,9,7,0.18/0.41/0.18/0.11/0.12,0.18/0.41/0.18/0.11/0.12,태우·핀테크가 지분을 사고 한정훈이 합법 매매로 상승 압력을 더한다.,공매도 연합이 손실 앞에서 깨지기 시작한다.,눈치 빠른 펀드가 항복하러 온다.,유전발표로 헤스가 폭등하고 중소 펀드가 파산권에 든다.,태우·핀테크가 지분을 사고 한정훈이 합법 매매로 상승 압력을 더한다; 헤스가 폭등해 중소 펀드가 파산권에 들어간다; 공매도 연합이 손실 앞에서 깨지기 시작한다,합법 매수 뒤 헤스가 폭등하고 중소 펀드가 파산권에 들어가 시장 행동이 압도한다.,합법적으로 매수한 헤스 주가가 폭등하고 공매도에 낀 중소 펀드들이 파산선에 들어간다. 공격하던 물량이 되돌아가 상대 장부를 무너뜨리며 역포획의 결과가 숫자로 보인다.,보상은 실제 지급만 세어 9→8 판정; 훅은 마지막 프레임의 열린 질문만 세어 9→7 판정; L68808~L68990 수동 재독; 편집 메타어를 실제 장면·숫자·사람 반응으로 교체; L68808~L68990 수동 재독; 편집 메타어를 실제 장면·숫자·사람 반응으로 교체
394,394,L68991~L69182,EDIT,EDIT,PASS,7,7,8,7,8,8,0.20/0.26/0.35/0.10/0.09,0.20/0.26/0.35/0.10/0.09,"금융타워의 레일·마크 펀드에 1억 달러 프리미엄을 요구해 내보낸 뒤, 버크셔가 헤스 지분 7퍼센트 이상을 모은 이유를 확인하고 워런에게 3년 임대를 제안한다.","배신 펀드 두 곳에 1억 달러 프리미엄 규율을 적용하고, 워런에게 헤스 지분 3년 임대와 정체를 밝히지 않은 시장 이벤트를 제안한다. 지분 임대와 참여 확답은 아직 전이다.",워런은 헤스 지분을 3년 빌려 달라는 제안과 정체가 공개되지 않은 시장 이벤트에 참여할 것인가?,배신사에 1억 달러 프리미엄을 요구하고 버크셔를 끌어들인다.,"금융타워의 레일·마크 펀드에 1억 달러 프리미엄을 요구해 내보낸 뒤, 버크셔가 헤스 지분 7퍼센트 이상을 모은 이유를 확인하고 워런에게 3년 임대를 제안한다; 버크셔의 매수 목적은 가치투자였고 워런은 민재를 지지하지만 헤스 지분 매각은 거절한다; 배신 펀드 두 곳에 1억 달러 프리미엄 규율을 적용하고, 워런에게 헤스 지분 3년 임대와 정체를 밝히지 않은 시장 이벤트를 제안한다. 지분 임대와 참여 확답은 아직 전이다",반환 요구를 거절하고 버핏의 헤스 지분을 협상해 적과 우군의 관계전이 중심이다.,"레일·마크 펀드가 요구한 헤스 주식 반환을 거절하고 1억 달러 프리미엄을 매긴 뒤, 버크셔의 매수 이유를 확인하는 데 회차가 오래 머문다. 워런에게는 헤스 지분 3년 임대와 정체를 밝히지 않은 시장 이벤트만 제안하므로 작전명과 참여 확답은 다음 화 몫이다.","보상은 실제 지급만 세어 8→7 판정; L68991~L69182 수동 재독; 점수·리본 유지, 기계적 note만 장면별 편집문으로 교체; L68991~L69182 수동 재독; 회차 필드 경계 교정, 기계적 note를 장면별 편집문으로 교체; L68991~L69182 수동 재독; 회차 필드 경계 교정, 기계적 note를 장면별 편집문으로 교체; L68991~L69182 수동 재독; 회차 필드 경계 교정, 기계적 note를 장면별 편집문으로 교체; L68991~L69182 수동 재독; 회차 필드 경계 교정, 기계적 note를 장면별 편집문으로 교체; L68991~L69182 수동 재독; 회차 필드 경계 교정, 기계적 note를 장면별 편집문으로 교체; L68991~L69182 수동 재독; 회차 필드 경계 교정, 기계적 note를 장면별 편집문으로 교체; L68991~L69182 수동 재독; 회차 필드 경계 교정, 기계적 note를 장면별 편집문으로 교체; L68991~L69182 수동 재독; 회차 필드 경계 교정, 기계적 note를 장면별 편집문으로 교체; L68991~L69182 수동 재독; 회차 필드 경계 교정, 기계적 note를 장면별 편집문으로 교체; L68991~L69182 수동 재독; 회차 필드 경계 교정, 기계적 note를 장면별 편집문으로 교체; L68991~L69182 수동 재독; 회차 필드 경계 교정, 기계적 note를 장면별 편집문으로 교체; L68991~L69182 수동 재독; 회차 필드 경계 교정, 기계적 note를 장면별 편집문으로 교체"
395,395,L69183~L69348,PASS,EDIT,PASS,7,7,9,8,9,8,0.27/0.23/0.32/0.08/0.10,0.27/0.23/0.32/0.08/0.10,가이아나 투자와 공개매수 후 재상장 계획을 제시해 워런·미 대사의 묵인을 얻는다.,공매도 제왕을 갖고 놀 국가·기업 연합이 완성된다.,일주일 안에 공개매수 공시를 띄운다.,워런·미국정부와 헤스 공개매수 후 재상장을 합의한다.,가이아나 투자와 공개매수 후 재상장 계획을 제시해 워런·미 대사의 묵인을 얻는다; 미국 정부가 석유산업 방어로 보아 모른 척하고 워런이 참여한다; 공매도 제왕을 갖고 놀 국가·기업 연합이 완성된다,공개매수 후 재상장안을 버핏·미 대사가 묵인해 국가·기업 연합 관계가 완성된다.,공개매수 후 재상장안을 버핏·미 대사가 묵인해 국가·기업 연합 관계가 완성된다.,보상은 실제 지급만 세어 9→8 판정; 훅은 마지막 프레임의 열린 질문만 세어 9→8 판정
396,396,L69349~L69537,PASS,EDIT,PASS,9,9,10,9,9,7,0.18/0.40/0.20/0.12/0.10,0.18/0.40/0.20/0.12/0.10,퀀텀·버크셔 지분 공개와 100% 프리미엄 공개매수를 발표해 카노스 회의를 붕괴시킨다.,헤스 방어가 월가자산 흡수 단계로 넘어간다.,최재석은 중임제와 평창재단 갈취를 상의한다.,100% 프리미엄 공시로 카노스 동맹 절반이 이탈한다.,퀀텀·버크셔 지분 공개와 100% 프리미엄 공개매수를 발표해 카노스 회의를 붕괴시킨다; 절반 이상 펀드가 카노스를 버리고 강제청산 위기에 든다; 헤스 방어가 월가자산 흡수 단계로 넘어간다,퀀텀·버크셔 지분과 100% 프리미엄 발표가 펀드 이탈·강제청산을 일으켜 행동 보상이 최고다.,"헤스의 상장폐지와 100퍼센트 프리미엄 공개매수가 공시되자 카노스 진영의 절반 이상이 이탈하고 강제청산 위험이 번진다. 금융 역포획을 지급한 뒤 최재석과 중임제·평창재단 요구를 논의해, 월가 전쟁이 국내 정치의 오염 위험으로 넘어간다.",보상은 실제 지급만 세어 10→9 판정; 훅은 마지막 프레임의 열린 질문만 세어 9→7 판정; L69349~L69537 수동 재독; 고정 39화 표본 note를 원문 장면·말미 기준으로 교정; L69349~L69537 수동 재독; 고정 39화 표본 note를 원문 장면·말미 기준으로 교정; L69349~L69537 수동 재독; 고정 39화 표본 note를 원문 장면·말미 기준으로 교정
397,397,L69538~L69724,EDIT,EDIT,PASS,8,8,9,8,9,7,0.19/0.27/0.37/0.10/0.07,0.19/0.27/0.37/0.10/0.07,박만득 은퇴·인수인계를 지시하고 카노스에게 동료 펀드 배신과 자산 흡수를 제안한다.,"박만덕의 동남아 퇴직 후 자리와 한정훈의 부회장 인수인계·교육 경로, 카노스의 전향 약속을 얻는다. 박만덕 은퇴와 한정훈 취임은 아직 전이다.",카노스가 2주 안에 동료 펀드를 찢는다.,카노스를 사냥개로 만들고 한정훈을 부회장 후계자로 세운다.,"박만득 은퇴·인수인계를 지시하고 카노스에게 동료 펀드 배신과 자산 흡수를 제안한다; 선택지가 없는 카노스가 손을 잡고 의사결정을 태우에 위임한다; 박만덕의 동남아 퇴직 후 자리와 한정훈의 부회장 인수인계·교육 경로, 카노스의 전향 약속을 얻는다. 박만덕 은퇴와 한정훈 취임은 아직 전이다",동료 펀드를 찢으라는 선택 앞에서 카노스가 태우에 의사결정을 맡겨 관계 역전이 지배한다.,"박만덕의 동남아 퇴직 자리와 한정훈의 인수인계·교육 경로를 정하는 승계 대화가 한 축이다. 다른 축에서는 카노스에게 동료 헤지펀드를 배신하고 자산을 흡수하라고 제안해 전향 약속을 받되, 실제 은퇴·취임과 2주 작전은 아직 앞에 둔다.","보상은 실제 지급만 세어 9→8 판정; 훅은 마지막 프레임의 열린 질문만 세어 9→7 판정; L69538~L69724 수동 재독; 점수·리본 유지, 기계적 note만 장면별 편집문으로 교체; L69538~L69724 수동 재독; 기계적 note를 장면별 편집문으로 교체; L69538~L69724 수동 재독; 기계적 note를 장면별 편집문으로 교체; L69538~L69724 수동 재독; 기계적 note를 장면별 편집문으로 교체; L69538~L69724 수동 재독; 기계적 note를 장면별 편집문으로 교체; L69538~L69724 수동 재독; 기계적 note를 장면별 편집문으로 교체; L69538~L69724 수동 재독; 기계적 note를 장면별 편집문으로 교체; L69538~L69724 수동 재독; 기계적 note를 장면별 편집문으로 교체; L69538~L69724 수동 재독; 기계적 note를 장면별 편집문으로 교체; L69538~L69724 수동 재독; 기계적 note를 장면별 편집문으로 교체; L69538~L69724 수동 재독; 기계적 note를 장면별 편집문으로 교체; L69538~L69724 수동 재독; 기계적 note를 장면별 편집문으로 교체; L69538~L69724 수동 재독; 기계적 note를 장면별 편집문으로 교체"
398,398,L69725~L69890,EDIT,EDIT,PASS,6,6,9,8,8,8,0.23/0.21/0.34/0.11/0.11,0.23/0.21/0.34/0.11/0.11,"카노스가 2주 만에 헤지펀드들을 파산시키자 태우 300억 달러·금융타워 총 600억 달러를 중국에 배치하고, 한정훈의 부회장 교육·다음 달 이취임식과 태우건설의 부동산 회복을 점검한다.","공매도 연합 파산과 카노스의 집행력, 태우건설의 도급 1위·토지 가치 상승을 얻고 한정훈의 부회장 취임 일정을 확정한다.",성대한 이취임식을 실제로 열어 한정훈을 부회장으로 세우고 청와대 만찬에 보낼 수 있는가?,카노스가 펀드를 파산시키고 중국에 600억 달러를 잠입시킨다.,"카노스가 2주 만에 헤지펀드들을 파산시키자 태우 300억 달러·금융타워 총 600억 달러를 중국에 배치하고, 한정훈의 부회장 교육·다음 달 이취임식과 태우건설의 부동산 회복을 점검한다; 카노스는 월가의 사신으로 명성을 회복하고 한정훈은 부회장 교육과 이취임식 일정을 받지만, 실제 취임식은 아직 열리지 않았다; 공매도 연합 파산과 카노스의 집행력, 태우건설의 도급 1위·토지 가치 상승을 얻고 한정훈의 부회장 취임 일정을 확정한다",카노스가 사신이 되고 한정훈이 부회장 교육을 받아 적·측근의 지위 관계가 재편된다.,"카노스가 약속한 2주 안에 헤지펀드들을 파산시킨 결과를 확인하고 태우 300억 달러·금융타워 총 600억 달러를 중국에 배치한다. 태우건설의 도급 1위와 토지 반등을 짚은 뒤 다음 달 이취임식 날짜를 잡아, 시장 승리를 한정훈의 지위 이전으로 넘긴다.","보상은 실제 지급만 세어 9→8 판정; L69725~L69890 수동 재독; 점수·리본 유지, 기계적 note만 장면별 편집문으로 교체; L69725~L69890 수동 재독; 기계적 note를 장면별 편집문으로 교체; L69725~L69890 수동 재독; 기계적 note를 장면별 편집문으로 교체; L69725~L69890 수동 재독; 기계적 note를 장면별 편집문으로 교체; L69725~L69890 수동 재독; 기계적 note를 장면별 편집문으로 교체; L69725~L69890 수동 재독; 기계적 note를 장면별 편집문으로 교체; L69725~L69890 수동 재독; 기계적 note를 장면별 편집문으로 교체; L69725~L69890 수동 재독; 기계적 note를 장면별 편집문으로 교체; L69725~L69890 수동 재독; 기계적 note를 장면별 편집문으로 교체; L69725~L69890 수동 재독; 기계적 note를 장면별 편집문으로 교체; L69725~L69890 수동 재독; 기계적 note를 장면별 편집문으로 교체; L69725~L69890 수동 재독; 기계적 note를 장면별 편집문으로 교체; L69725~L69890 수동 재독; 기계적 note를 장면별 편집문으로 교체"
399,399,L69891~L70053,PASS,EDIT,PASS,7,7,8,7,10,7,0.27/0.23/0.30/0.10/0.10,0.27/0.23/0.30/0.10/0.10,한정훈이 만찬에서 갈취 의도를 파악해 절반만 내고 나머지는 늦추며 카노스를 기업청소부로 훈련한다.,정권·중국·바이오 세 갈취판 중 가장 큰 신약 기회가 열린다.,로보가 폐기하려는 신약을 태우가 헐값에 확보할 수 있는가?,재단출연을 늦추고 중국 포지션을 깐 뒤 폐기신약 정보를 받는다.,한정훈이 만찬에서 갈취 의도를 파악해 절반만 내고 나머지는 늦추며 카노스를 기업청소부로 훈련한다; 천민정이 로보가 신약을 폐기한다는 내부정보를 들고 뛰어온다; 정권·중국·바이오 세 갈취판 중 가장 큰 신약 기회가 열린다,한정훈이 재단 갈취를 읽고 카노스를 청소부로 돌리자 천민정의 신약 폐기 정보가 급습한다.,한정훈이 만찬의 재단 갈취를 읽고 절반만 낸 뒤 카노스를 경쟁 펀드 청소부로 돌리는 장면이 승계자의 판단을 보여 준다. 끝에서는 천민정이 로보가 폐기하려는 신약 정보를 들고 뛰어올 뿐 약 이름·권리계약은 아직 없다.,"보상은 실제 지급만 세어 8→7 판정; 훅은 마지막 프레임의 열린 질문만 세어 10→7 판정; L69891~L70053 수동 재독; 회차 필드 경계 교정, 표본 note를 현재 화 표면으로 교정; L69891~L70053 수동 재독; 회차 필드 경계 교정, 표본 note를 현재 화 표면으로 교정; L69891~L70053 수동 재독; 회차 필드 경계 교정, 표본 note를 현재 화 표면으로 교정; L69891~L70053 수동 재독; 회차 필드 경계 교정, 표본 note를 현재 화 표면으로 교정; L69891~L70053 수동 재독; 회차 필드 경계 교정, 표본 note를 현재 화 표면으로 교정; L69891~L70053 수동 재독; 회차 필드 경계 교정, 표본 note를 현재 화 표면으로 교정; L69891~L70053 수동 재독; 회차 필드 경계 교정, 표본 note를 현재 화 표면으로 교정; L69891~L70053 수동 재독; 회차 필드 경계 교정, 표본 note를 현재 화 표면으로 교정; L69891~L70053 수동 재독; 회차 필드 경계 교정, 표본 note를 현재 화 표면으로 교정; L69891~L70053 수동 재독; 회차 필드 경계 교정, 표본 note를 현재 화 표면으로 교정; L69891~L70053 수동 재독; 회차 필드 경계 교정, 표본 note를 현재 화 표면으로 교정; L69891~L70053 수동 재독; 회차 필드 경계 교정, 표본 note를 현재 화 표면으로 교정"
400,400,L70054~L70215,PASS,EDIT,PASS,7,7,6,5,10,5,0.31/0.24/0.30/0.08/0.07,0.31/0.24/0.30/0.08/0.07,천민정의 시스템 정보로 선점하고 데이비드가 포섭한 에릭센을 통해 이사회 매각안을 통과시킨다.,태우는 경쟁자보다 먼저 신약 권리를 협상할 독점 창구와 로보 내부의 포섭된 협상 담당자를 얻는다.,에릭센의 마지막 미소가 태우가 아니라 자신이 속인 로보 이사회를 향했음이 드러난다.,천민정의 시스템 정보로 선점하고 데이비드가 포섭한 에릭센을 통해 이사회 매각안을 통과시킨다.; 에릭센이 로보 이사회가 태우를 속여 손실을 회수한다고 믿게 만들며 신약 매각안과 자신의 협상 담당 지위를 통과시킨다.; 태우는 경쟁자보다 먼저 신약 권리를 협상할 독점 창구와 로보 내부의 포섭된 협상 담당자를 얻는다.,천민정의 시스템 정보로 선점하고 데이비드가 포섭한 에릭센을 통해 이사회 매각안을 통과시킨다; 에릭센이 로보 이사회가 태우를 속여 손실을 회수한다고 믿게 만들며 신약 매각안과 자신의 협상 담당 지위를 통과시킨다; 태우는 경쟁자보다 먼저 신약 권리를 협상할 독점 창구와 로보 내부의 포섭된 협상 담당자를 얻는다,폐기 보고·덴마크행·에릭센 매각안은 완성되지만 서명 전이라 정보·관계와 훅이 최고다.,폐기 보고·덴마크행·에릭센 매각안은 완성되지만 서명 전이라 정보·관계와 훅이 최고다.,보상은 실제 지급만 세어 6→5 판정; 훅은 마지막 프레임의 열린 질문만 세어 10→5 판정
401,401,L70216~L70406,PASS,EDIT,PASS,7,7,9,9,8,7,0.24/0.16/0.18/0.07/0.35,0.24/0.16/0.18/0.07/0.35,14억 달러 개발비를 깎고 로열티 포함 조건으로 태우에 유리한 계약을 체결한 뒤 위장 소속으로 중국 공매도를 시작한다.,바이오 독점과 국가급 금융작전이 동시에 실행된다.,중국 하루 증발자금을 얼마나 포집할지가 남는다.,폐기신약을 원가 이하로 사고 중국 공매도를 시작한다.,14억 달러 개발비를 깎고 로열티 포함 조건으로 태우에 유리한 계약을 체결한 뒤 위장 소속으로 중국 공매도를 시작한다; 이사회가 손실 회수라 믿는 계약으로 태우가 미래 잭팟을 확보한다; 바이오 독점과 국가급 금융작전이 동시에 실행된다,폐기 신약 계약조건과 중국 숏 실행보다 독점권·개발비라는 물질 보상에 독자가 오래 머문다,폐기 신약 계약조건과 중국 숏 실행보다 독점권·개발비라는 물질 보상에 독자가 오래 머문다,훅은 마지막 프레임의 열린 질문만 세어 8→7 판정
402,402,L70407~L70589,EDIT,PASS,PASS,7,7,7,7,8,8,0.16/0.12/0.34/0.20/0.18,0.16/0.12/0.34/0.20/0.18,금융사 이익 일부를 차명계좌로 중국 수뇌부에 보내고 병원에서 오희건의 후계 부탁을 듣는다.,"중국 수익 일부를 차명계좌로 보내 정치보험을 유지하고, 오희건으로부터 승계 조언 대가인 태우 지분을 이번 주 안에 넘기겠다는 약속을 얻는다. 실제 지분 이전은 아직 전이다.","오용재가 승계 해법을 받아들일지, 오희건이 이번 주 실제로 태우 지분을 이전할지가 남는다.",중국 1조 위안 증발 뒤 오희건의 삼진 승계 부탁을 받는다.,"금융사 이익 일부를 차명계좌로 중국 수뇌부에 보내고 병원에서 오희건의 후계 부탁을 듣는다; 오희건이 도움 대가로 태우그룹 지분을 넘기겠다고 한다; 중국 수익 일부를 차명계좌로 보내 정치보험을 유지하고, 오희건으로부터 승계 조언 대가인 태우 지분을 이번 주 안에 넘기겠다는 약속을 얻는다. 실제 지분 이전은 아직 전이다",차명 정치보험보다 병상의 오희건이 후계를 부탁하고 지분 신뢰를 건네는 관계와 정서가 중심이다,"중국 금융수익 일부를 차명계좌로 수뇌부에 보내는 정치보험 처리 뒤 병원 장면으로 자리가 바뀐다. 오희건이 승계 조언을 청하며 이번 주 태우 지분 이전을 약속하지만 실제 명의이전은 없어, 노인의 부탁과 오용재의 선택이 물질 지급보다 앞선다.","기존 점수·리본 유지; 원문 하드 경계와 인접 회차 대비 재확인; L70407~L70589 수동 재독; 점수·리본 유지, 기계적 note만 장면별 편집문으로 교체; L70407~L70589 수동 재독; 기계적 note를 장면별 편집문으로 교체; L70407~L70589 수동 재독; 기계적 note를 장면별 편집문으로 교체; L70407~L70589 수동 재독; 기계적 note를 장면별 편집문으로 교체; L70407~L70589 수동 재독; 기계적 note를 장면별 편집문으로 교체; L70407~L70589 수동 재독; 기계적 note를 장면별 편집문으로 교체; L70407~L70589 수동 재독; 기계적 note를 장면별 편집문으로 교체; L70407~L70589 수동 재독; 기계적 note를 장면별 편집문으로 교체; L70407~L70589 수동 재독; 기계적 note를 장면별 편집문으로 교체; L70407~L70589 수동 재독; 기계적 note를 장면별 편집문으로 교체; L70407~L70589 수동 재독; 기계적 note를 장면별 편집문으로 교체; L70407~L70589 수동 재독; 기계적 note를 장면별 편집문으로 교체; L70407~L70589 수동 재독; 기계적 note를 장면별 편집문으로 교체"
403,403,L70590~L70762,PASS,EDIT,PASS,7,7,8,8,7,6,0.18/0.15/0.32/0.10/0.25,0.18/0.15/0.32/0.10/0.25,삼진바이오·물산 합병과 평창재단 출연 감액을 제안하고 센트리언 1공장·인슐린 생산권을 교환한다.,"삼진은 승계 길을, 태우는 경쟁그룹 우군과 바이오 생산망을 얻는다.",오용재는 공장부지와 함께 김민재가 나중에 청구할 합당한 추가 보상까지 받아들인다.,"삼진바이오·물산 합병과 평창재단 출연 감액을 제안하고 센트리언 1공장·인슐린 생산권을 교환한다.; 오용재가 공장부지와 추후 보상까지 약속해 거래를 받는다.; 삼진은 승계 길을, 태우는 경쟁그룹 우군과 바이오 생산망을 얻는다.","삼진바이오·물산 합병과 평창재단 출연 감액을 제안하고 센트리언 1공장·인슐린 생산권을 교환한다; 오용재가 공장부지와 추후 보상까지 약속해 거래를 받는다; 삼진은 승계 길을, 태우는 경쟁그룹 우군과 바이오 생산망을 얻는다",삼진 합병·공장·인슐린 권리를 맞바꾸는 승계 협상이라 관계와 자산 비중이 함께 높다,"삼진 합병과 공장, 인슐린 권리를 놓고 오희건과 승계조건을 맞바꾼다. 회사와 연구자산의 숫자가 가족 후계 선택에 묶이면서 인수협상이 사람의 결단을 기다린다.",훅은 마지막 프레임의 열린 질문만 세어 7→6 판정; L70590~L70762 수동 재독; 편집 메타어를 실제 장면·숫자·사람 반응으로 교체; L70590~L70762 수동 재독; 편집 메타어를 실제 장면·숫자·사람 반응으로 교체
404,404,L70763~L70923,PASS,PASS,PASS,5,5,8,8,7,7,0.34/0.15/0.10/0.08/0.33,0.34/0.15/0.10/0.08/0.33,삼진 존속 이유를 설명하고 중국 2800선까지 공매도·머오타이 매수를 지시하며 서정준에게 신약 임상을 재촉한다.,라이벌 협력과 다이어트 잭팟이 장기 생존축으로 결합한다.,FDA 승인과 코로나계열 신약 준비가 열린다.,삼진 구제논리를 설명하고 신약 연내 출시 가능 판정을 받는다.,삼진 존속 이유를 설명하고 중국 2800선까지 공매도·머오타이 매수를 지시하며 서정준에게 신약 임상을 재촉한다; 천민정은 폐기신약에 치명적 부작용이 없고 올해 하반기 출시 가능하다고 판정한다; 라이벌 협력과 다이어트 잭팟이 장기 생존축으로 결합한다,중국 지수 전략과 신약 안전성·출시 가능성을 해석하고 미래 잭팟을 계산하는 회차다,중국 지수 전략과 신약 안전성·출시 가능성을 해석하고 미래 잭팟을 계산하는 회차다,기존 점수·리본 유지; 원문 하드 경계와 인접 회차 대비 재확인
405,405,L70924~L71095,PASS,EDIT,PASS,9,9,3,3,9,8,0.32/0.28/0.08/0.20/0.12,0.32/0.28/0.08/0.20/0.12,연구원 대폭 증원·신축을 지시하고 위안화 절하 투자 중 국내 메르스 첫 환자를 확인해 사스 자료 인수까지 결정한다.,비만치료제 잭팟이 코로나계열 연구 재원과 명분으로 전환된다.,정부와 메르스 병상·치료 협상을 해야 한다.,mRNA 인력·시설을 늘리며 메르스 첫 환자를 포착한다.,연구원 대폭 증원·신축을 지시하고 위안화 절하 투자 중 국내 메르스 첫 환자를 확인해 사스 자료 인수까지 결정한다; 정부가 정보 은닉 중이라 태우의 선제 대응이 사회공헌으로 보일 기회가 된다; 비만치료제 잭팟이 코로나계열 연구 재원과 명분으로 전환된다,메르스 첫 환자 정보가 연구 증원과 사스 자료 인수 행동을 촉발해 정보·행동·불안이 솟는다,메르스 첫 환자 정보가 연구 증원과 사스 자료 인수 행동을 촉발해 정보·행동·불안이 솟는다,훅은 마지막 프레임의 열린 질문만 세어 9→8 판정
406,406,L71096~L71268,PASS,EDIT,PASS,9,9,6,6,8,7,0.20/0.42/0.12/0.18/0.08,0.20/0.42/0.12/0.18/0.08,R&D센터를 비우고 음압실 20곳·이동식 병실을 자비로 설치해 정부의 메르스 전담 요청을 받는다.,태우는 국가 방역 중심과 코로나 연구현장을 동시에 얻는다.,천민정에게 모든 치료정보 수집시스템을 맡긴다.,음압실 20곳을 만들고 정부의 메르스 전담요청을 받는다.,R&D센터를 비우고 음압실 20곳·이동식 병실을 자비로 설치해 정부의 메르스 전담 요청을 받는다; 정부가 대학병원 인력을 강제 파견해 감염자·시설 준비가 끝난다; 태우는 국가 방역 중심과 코로나 연구현장을 동시에 얻는다,R&D센터를 비우고 음압실과 이동식 병실을 설치하는 현장 실행이 독서 시간을 지배한다,R&D센터를 비우고 음압실과 이동식 병실을 설치한다. 메르스 정보를 읽는 즉시 건물과 장비가 움직여 연구거점이 환자를 받을 현장으로 바뀐다.,훅은 마지막 프레임의 열린 질문만 세어 8→7 판정; L71096~L71268 수동 재독; 편집 메타어를 실제 장면·숫자·사람 반응으로 교체; L71096~L71268 수동 재독; 편집 메타어를 실제 장면·숫자·사람 반응으로 교체
407,407,L71269~L71428,EDIT,EDIT,PASS,8,8,6,6,8,7,0.27/0.23/0.20/0.08/0.22,0.27/0.23/0.20/0.08/0.22,24시간 알고리즘을 가동하고 중국 리강을 통해 제리 왕을 만나 공매도 중단 대가를 기다린다.,"메르스 치료정보 수집망을 가동하고, 제리 왕과 용선료를 카드로 한 협상 주도권을 잡는다. 용선료 인하는 아직 제안·합의 전이다.",제리 왕이 10배 용선료를 얼마나 낮출지 남는다.,메르스 AI망을 만들고 제리 왕에게 용선료 카드를 내게 한다.,"24시간 알고리즘을 가동하고 중국 리강을 통해 제리 왕을 만나 공매도 중단 대가를 기다린다; 제리 왕이 주도권을 잃고 자신의 용선료 카드를 스스로 찾기 시작한다; 메르스 치료정보 수집망을 가동하고, 제리 왕과 용선료를 카드로 한 협상 주도권을 잡는다. 용선료 인하는 아직 제안·합의 전이다",치료정보 알고리즘과 중국 숏을 돌리면서 제리 왕의 용선료 카드를 끌어내는 복합 협상이다,"메르스 치료정보를 모으는 24시간 알고리즘을 먼저 돌리고, 리강을 통해 만난 제리 왕에게 공매도 중단의 대가를 묻는다. 10배로 뛴 용선료를 협상 카드로 쥔 채 구체 인하폭은 듣지 못해 정보수집과 협상 대기가 비슷한 길이로 맞물린다.","훅은 마지막 프레임의 열린 질문만 세어 8→7 판정; L71269~L71428 수동 재독; 점수·리본 유지, 기계적 note만 장면별 편집문으로 교체; L71269~L71428 수동 재독; 기계적 note를 장면별 편집문으로 교체; L71269~L71428 수동 재독; 기계적 note를 장면별 편집문으로 교체; L71269~L71428 수동 재독; 기계적 note를 장면별 편집문으로 교체; L71269~L71428 수동 재독; 기계적 note를 장면별 편집문으로 교체; L71269~L71428 수동 재독; 기계적 note를 장면별 편집문으로 교체; L71269~L71428 수동 재독; 기계적 note를 장면별 편집문으로 교체; L71269~L71428 수동 재독; 기계적 note를 장면별 편집문으로 교체; L71269~L71428 수동 재독; 기계적 note를 장면별 편집문으로 교체; L71269~L71428 수동 재독; 기계적 note를 장면별 편집문으로 교체; L71269~L71428 수동 재독; 기계적 note를 장면별 편집문으로 교체; L71269~L71428 수동 재독; 기계적 note를 장면별 편집문으로 교체; L71269~L71428 수동 재독; 기계적 note를 장면별 편집문으로 교체"
408,408,L71429~L71612,PASS,EDIT,PASS,8,8,9,9,9,8,0.16/0.29/0.17/0.15/0.23,0.16/0.29/0.17/0.15/0.23,10% 제안을 거절해 절반 인하를 받아내고 귀국 후 독단 중단 금융사를 처벌하며 위안화 절하 수익을 이어간다.,해운 생존비용과 감염병 기술이 동시에 큰 전환점을 맞는다.,김민재가 센트리언으로 달려간다.,용선료 50% 인하를 얻고 메르스 1차 임상 성공을 듣는다.,10% 제안을 거절해 절반 인하를 받아내고 귀국 후 독단 중단 금융사를 처벌하며 위안화 절하 수익을 이어간다; 센트리언이 메르스 치료제 1차 임상에 성공한다; 해운 생존비용과 감염병 기술이 동시에 큰 전환점을 맞는다,용선료 절반 인하와 이탈 금융사 처벌 뒤 메르스 임상 성공이 터져 행동과 보상이 동시에 오른다,용선료 절반 인하와 이탈 금융사 처벌 뒤 메르스 임상 성공이 터져 행동과 보상이 동시에 오른다,훅은 마지막 프레임의 열린 질문만 세어 9→8 판정
409,409,L71613~L71796,EDIT,PASS,PASS,8,8,9,9,7,7,0.21/0.29/0.18/0.12/0.20,0.21/0.29/0.18/0.12/0.20,"식약처의 비난 부담을 이용해 한국 최초 메르스 치료제 긴급사용승인을 받고, FDA가 센트리언을 방문하면 메르스·당뇨병 치료제를 함께 보여 주라고 지시한다.",한국 최초 메르스 치료제 긴급사용승인·출시와 FDA 현장방문 계획을 얻는다. 당뇨병 치료제의 연내 FDA 승인은 목표로 남는다.,FDA 현장실사에서 메르스 치료제와 당뇨병 치료제 자료를 직접 보여 주면 연내 승인을 앞당길 수 있는가?,한국 최초 긴급사용승인과 FDA 실사를 끌어낸다.,"식약처의 비난 부담을 이용해 한국 최초 메르스 치료제 긴급사용승인을 받고, FDA가 센트리언을 방문하면 메르스·당뇨병 치료제를 함께 보여 주라고 지시한다; 메르스 치료제가 긴급사용승인으로 즉시 출시되고 FDA 현장방문 계획이 잡히지만, 당뇨병 치료제의 FDA 승인은 아직 심사 전이다; 한국 최초 메르스 치료제 긴급사용승인·출시와 FDA 현장방문 계획을 얻는다. 당뇨병 치료제의 연내 FDA 승인은 목표로 남는다",식약처 압박과 FDA 실사를 밀어붙여 한국 첫 긴급사용승인을 얻는 제도 실행 회차다,식약처가 공개적으로 비난했던 부담을 되받아 한국 최초 메르스 치료제 긴급사용승인과 출시를 끌어낸다. FDA 방문 때 메르스·당뇨병 자료를 함께 보여 주라는 후반 지시는 국내 지급의 흥분을 연내 미국 승인이라는 새 심사로 낮춘다.,"기존 점수·리본 유지; 원문 하드 경계와 인접 회차 대비 재확인; L71613~L71796 수동 재독; 점수·리본 유지, 기계적 note만 장면별 편집문으로 교체; L71613~L71796 수동 재독; 기계적 note를 장면별 편집문으로 교체; L71613~L71796 수동 재독; 기계적 note를 장면별 편집문으로 교체; L71613~L71796 수동 재독; 기계적 note를 장면별 편집문으로 교체; L71613~L71796 수동 재독; 기계적 note를 장면별 편집문으로 교체; L71613~L71796 수동 재독; 기계적 note를 장면별 편집문으로 교체; L71613~L71796 수동 재독; 기계적 note를 장면별 편집문으로 교체; L71613~L71796 수동 재독; 기계적 note를 장면별 편집문으로 교체; L71613~L71796 수동 재독; 기계적 note를 장면별 편집문으로 교체; L71613~L71796 수동 재독; 기계적 note를 장면별 편집문으로 교체; L71613~L71796 수동 재독; 기계적 note를 장면별 편집문으로 교체; L71613~L71796 수동 재독; 기계적 note를 장면별 편집문으로 교체; L71613~L71796 수동 재독; 기계적 note를 장면별 편집문으로 교체"
410,410,L71797~L71965,PASS,EDIT,PASS,5,5,6,6,8,6,0.37/0.08/0.08/0.20/0.27,0.37/0.08/0.08/0.20/0.27,악성 애널리스트 리포트에 무대응하고 로보의 권리주장을 대비하며 영국 과반정권·국민투표 통과를 예측한다.,태우는 단기 주가 대신 팬데믹 기술·거시수익을 선택한다.,2~3월 브렉시트 작전 공개가 예정된다.,센트리언 저평가를 버티며 브렉시트 작전을 설계한다.,악성 애널리스트 리포트에 무대응하고 로보의 권리주장을 대비하며 영국 과반정권·국민투표 통과를 예측한다; 치료제 실효는 확인되고 브렉시트가 새 군자금 기회로 확정된다; 태우는 단기 주가 대신 팬데믹 기술·거시수익을 선택한다,낮은 매출과 악성 리포트를 감수할 이유를 코로나와 브렉시트 미래가치로 해석하는 숨 고르기다,낮은 매출과 악성 리포트를 감수할 이유를 코로나와 브렉시트 미래가치로 해석하는 숨 고르기다,훅은 마지막 프레임의 열린 질문만 세어 8→6 판정
411,411,L71966~L72141,EDIT,EDIT,PASS,6,6,5,5,8,7,0.25/0.15/0.22/0.08/0.30,0.25/0.15/0.22/0.08/0.30,서울 지지율 30퍼센트를 계산하고 호남 공략을 위해 군산 조선소와 새만금에 쓸 10억 달러를 별도 자금으로 빼 두라고 지시한다.,국민경제당의 지역당 한계를 넘을 군산·새만금 산업투자 예산 10억 달러를 확보한다. 실제 발주·투자는 아직 전이다.,장명준이 군산 수주와 탈당을 받아들일지 남는다.,호남 공략에 군산·새만금 10억 달러를 배치한다.,서울 지지율 30퍼센트를 계산하고 호남 공략을 위해 군산 조선소와 새만금에 쓸 10억 달러를 별도 자금으로 빼 두라고 지시한다; 10억 달러가 말 한마디로 집행될 태우의 규모가 선거판을 바꿀 카드가 된다; 국민경제당의 지역당 한계를 넘을 군산·새만금 산업투자 예산 10억 달러를 확보한다. 실제 발주·투자는 아직 전이다,호남 표와 새만금·군산 10억 달러를 한 선거판에 배치해 정책정보와 자금 약속이 중심이다,"서울 지지율 30퍼센트를 계산한 뒤 호남 돌파구로 군산 조선소와 새만금에 쓸 10억 달러를 떼어 놓는다. 숫자와 지역정치 설명이 길고 실제 발주 전이라, 마지막에는 장명준이 수주와 탈당을 함께 받아들일지가 사람의 선택으로 남는다.","훅은 마지막 프레임의 열린 질문만 세어 8→7 판정; L71966~L72141 수동 재독; 점수·리본 유지, 기계적 note만 장면별 편집문으로 교체; L71966~L72141 수동 재독; 기계적 note를 장면별 편집문으로 교체; L71966~L72141 수동 재독; 기계적 note를 장면별 편집문으로 교체; L71966~L72141 수동 재독; 기계적 note를 장면별 편집문으로 교체; L71966~L72141 수동 재독; 기계적 note를 장면별 편집문으로 교체; L71966~L72141 수동 재독; 기계적 note를 장면별 편집문으로 교체; L71966~L72141 수동 재독; 기계적 note를 장면별 편집문으로 교체; L71966~L72141 수동 재독; 기계적 note를 장면별 편집문으로 교체; L71966~L72141 수동 재독; 기계적 note를 장면별 편집문으로 교체; L71966~L72141 수동 재독; 기계적 note를 장면별 편집문으로 교체; L71966~L72141 수동 재독; 기계적 note를 장면별 편집문으로 교체; L71966~L72141 수동 재독; 기계적 note를 장면별 편집문으로 교체; L71966~L72141 수동 재독; 기계적 note를 장면별 편집문으로 교체"
412,412,L72142~L72298,EDIT,EDIT,PASS,7,7,7,7,6,7,0.12/0.27/0.24/0.18/0.19,0.12/0.27/0.24/0.18/0.19,태우 선박 5억 달러를 군산 조선소에 일시불 발주하고 시위대에 사과한 뒤 최재석의 공로를 공개한다. 남은 5억 달러는 새만금 몫으로 두고 다른 기업을 끌어들여 총 20억 달러 이상을 만들 계획을 세운다.,국민경제당이 호남 산업구제 세력으로 재평가된다.,아직 집행 전인 새만금 5억 달러와 타기업 유치 계획을 실제 20억 달러 이상 투자로 만들 수 있는가?,군산 5억 달러 일시불 수주로 장명준·호남민심을 얻는다.,태우 선박 5억 달러를 군산 조선소에 일시불 발주하고 시위대에 사과한 뒤 최재석의 공로를 공개한다. 남은 5억 달러는 새만금 몫으로 두고 다른 기업을 끌어들여 총 20억 달러 이상을 만들 계획을 세운다; 그가 시위대에 사과하고 최재석 공로를 공개해 민심을 돌린다; 국민경제당이 호남 산업구제 세력으로 재평가된다,선박 발주와 새만금 투자가 장명준의 사과·탈당 결단으로 이어져 행동과 관계 반응이 크다,태우 선박 5억 달러를 군산 조선소에 일시불 발주하고 시위대에 직접 사과한 뒤 최재석의 공로를 공개한다. 현장 반응으로 호남 구제 이미지는 지급되지만 새만금 5억 달러와 타기업 자금을 합쳐 20억 달러로 키우는 계획은 아직 실행 전이다.,"훅은 마지막 프레임의 열린 질문만 세어 6→7 판정; L72142~L72298 수동 재독; 점수·리본 유지, 기계적 note만 장면별 편집문으로 교체; L72142~L72298 수동 재독; 기계적 note를 장면별 편집문으로 교체; L72142~L72298 수동 재독; 기계적 note를 장면별 편집문으로 교체; L72142~L72298 수동 재독; 기계적 note를 장면별 편집문으로 교체; L72142~L72298 수동 재독; 기계적 note를 장면별 편집문으로 교체; L72142~L72298 수동 재독; 기계적 note를 장면별 편집문으로 교체; L72142~L72298 수동 재독; 기계적 note를 장면별 편집문으로 교체; L72142~L72298 수동 재독; 기계적 note를 장면별 편집문으로 교체; L72142~L72298 수동 재독; 기계적 note를 장면별 편집문으로 교체; L72142~L72298 수동 재독; 기계적 note를 장면별 편집문으로 교체; L72142~L72298 수동 재독; 기계적 note를 장면별 편집문으로 교체; L72142~L72298 수동 재독; 기계적 note를 장면별 편집문으로 교체; L72142~L72298 수동 재독; 기계적 note를 장면별 편집문으로 교체"
413,413,L72299~L72490,PASS,EDIT,PASS,8,8,6,6,8,5,0.27/0.30/0.15/0.13/0.15,0.27/0.30/0.15/0.13/0.15,당선 가능성을 재확인하고 강 대위·천민정의 범죄정보망으로 가짜뉴스 없이 양당 악행을 과대포장한다.,미국 대선·한국 총선 두 여론전이 태우 우군 쪽으로 정렬된다.,북한 상대 정보전 인력은 가짜뉴스 없이 거대 양당의 악행을 과대 포장해 국민경제당의 총선·대선 승리를 밀기 시작한다.,당선 가능성을 재확인하고 강 대위·천민정의 범죄정보망으로 가짜뉴스 없이 양당 악행을 과대포장한다.; 트럼프가 김민재 말을 무게 있게 받아들이고 북한 정보전 인력이 작전에 붙는다.; 미국 대선·한국 총선 두 여론전이 태우 우군 쪽으로 정렬된다.,당선 가능성을 재확인하고 강 대위·천민정의 범죄정보망으로 가짜뉴스 없이 양당 악행을 과대포장한다; 트럼프가 김민재 말을 무게 있게 받아들이고 북한 정보전 인력이 작전에 붙는다; 미국 대선·한국 총선 두 여론전이 태우 우군 쪽으로 정렬된다,범죄정보망과 여론전을 실제 가동하고 트럼프까지 움직이는 정보전 행동이 전면에 선다,범죄정보망과 여론전을 실제 가동하고 트럼프까지 움직이는 정보전 행동이 전면에 선다,훅은 마지막 프레임의 열린 질문만 세어 8→5 판정
414,414,L72491~L72663,PASS,EDIT,PASS,8,8,7,7,9,7,0.26/0.14/0.30/0.16/0.14,0.26/0.14/0.30/0.16/0.14,삼진바이오의 공장 지원을 받고 빈 살만에게 1월 나예프 축출·부패자산 환수 계획을 최종 브리핑한다.,태우는 글로벌 신약 생산동맹과 사우디 차기권력을 확보한다.,김민재는 숙청 뒤에는 돌아오지 못할 빈 살만의 옛 모습을 기억하며 그와 밤새 이야기하기로 한다.,삼진바이오의 공장 지원을 받고 빈 살만에게 1월 나예프 축출·부패자산 환수 계획을 최종 브리핑한다.; 왕실 자금난이 숙청 명분을 강화하고 빈 살만은 실행 의지를 되찾는다.; 태우는 글로벌 신약 생산동맹과 사우디 차기권력을 확보한다.,삼진바이오의 공장 지원을 받고 빈 살만에게 1월 나예프 축출·부패자산 환수 계획을 최종 브리핑한다; 왕실 자금난이 숙청 명분을 강화하고 빈 살만은 실행 의지를 되찾는다; 태우는 글로벌 신약 생산동맹과 사우디 차기권력을 확보한다,오용재 생산동맹과 빈 살만 숙청 브리핑 모두 신뢰를 걸고 사람을 움직이는 관계 협상이다,오용재 생산동맹과 빈 살만 숙청 브리핑 모두 신뢰를 걸고 사람을 움직이는 관계 협상이다,훅은 마지막 프레임의 열린 질문만 세어 9→7 판정; L72491~L72663 수동 재독; 회차 필드 경계 교정; L72491~L72663 수동 재독; 회차 필드 경계 교정; L72491~L72663 수동 재독; 회차 필드 경계 교정; L72491~L72663 수동 재독; 회차 필드 경계 교정; L72491~L72663 수동 재독; 회차 필드 경계 교정; L72491~L72663 수동 재독; 회차 필드 경계 교정; L72491~L72663 수동 재독; 회차 필드 경계 교정; L72491~L72663 수동 재독; 회차 필드 경계 교정; L72491~L72663 수동 재독; 회차 필드 경계 교정; L72491~L72663 수동 재독; 회차 필드 경계 교정
415,415,L72664~L72834,PASS,EDIT,PASS,5,5,6,6,8,7,0.36/0.20/0.11/0.08/0.25,0.36/0.20/0.11/0.08/0.25,중국 서킷브레이커를 점검하며 사장단회의에서 범캣 AI·자동차 데이터를 렌터카와 협업시킨다.,바이오 잭팟이 이동기술의 다음 수확 씨앗으로 이어진다.,강 대위의 렌터카와 미국 화물망에 원격조종을 먼저 적용해 안전성을 증명할 실험선이 정해진다.,중국 서킷브레이커를 점검하며 사장단회의에서 범캣 AI·자동차 데이터를 렌터카와 협업시킨다.; 25만 대 렌터카와 미국 화물망이 실험대상이 된다.; 바이오 잭팟이 이동기술의 다음 수확 씨앗으로 이어진다.,중국 서킷브레이커를 점검하며 사장단회의에서 범캣 AI·자동차 데이터를 렌터카와 협업시킨다; 렌터카 업체와 미국 화물망이 원격조종·자율주행 실험대상이 될 수 있다; 바이오 잭팟이 이동기술의 다음 수확 씨앗으로 이어진다,중국 서킷브레이커와 자율주행 실차 데이터의 미래 효용을 설명하고 투자처를 정하는 기획 회차다,중국 서킷브레이커와 자율주행 실차 데이터의 미래 효용을 설명하고 투자처를 정하는 기획 회차다,훅은 마지막 프레임의 열린 질문만 세어 8→7 판정; L72664~L72834 수동 재독; 회차 필드 경계 교정; L72664~L72834 수동 재독; 회차 필드 경계 교정; L72664~L72834 수동 재독; 회차 필드 경계 교정; L72664~L72834 수동 재독; 회차 필드 경계 교정; L72664~L72834 수동 재독; 회차 필드 경계 교정; L72664~L72834 수동 재독; 회차 필드 경계 교정; L72664~L72834 수동 재독; 회차 필드 경계 교정; L72664~L72834 수동 재독; 회차 필드 경계 교정; L72664~L72834 수동 재독; 회차 필드 경계 교정; L72664~L72834 수동 재독; 회차 필드 경계 교정
416,416,L72835~L73014,PASS,PASS,PASS,9,9,9,9,9,9,0.18/0.32/0.06/0.19/0.25,0.18/0.32/0.06/0.19/0.25,미국 화물사까지 협업을 확대하고 중국 개장 한 시간 7%·700조 원 증발에도 주말까지 청산을 미룬다.,태우는 미래 이동기술 데이터와 국가급 군자금을 얻는다.,이틀 뒤 두 번째 서킷브레이커가 기다린다.,렌터카 25만 대 데이터와 중국 한 시간 7% 폭락을 얻는다.,미국 화물사까지 협업을 확대하고 중국 개장 한 시간 7%·700조 원 증발에도 주말까지 청산을 미룬다; 중국이 한 시간 만에 장을 닫아 공매도 수익이 폭발한다; 태우는 미래 이동기술 데이터와 국가급 군자금을 얻는다,중국 장중 7퍼센트 폭락을 견디며 청산을 늦추는 금융 행동과 위험·수익 체감이 높다,중국 장중 7퍼센트 폭락을 견디며 청산을 늦추는 금융 행동과 위험·수익 체감이 높다,기존 점수·리본 유지; 원문 하드 경계와 인접 회차 대비 재확인
417,417,L73015~L73175,PASS,EDIT,PASS,7,7,9,8,8,7,0.24/0.16/0.12/0.11/0.37,0.24/0.16/0.12/0.11/0.37,태우·핀테크 예상수익 400조를 확인하고 고위층 로비를 유지하며 200조 중 100조를 새 먹거리에 쓰겠다고 한다.,금융 수확이 지역 산업·정치 대전환 자금으로 바뀐다.,태우의 철수 선언 앞에서 지역 주민들이 외부 시민단체와 어떤 합의를 만들지가 남는다.,태우·핀테크 예상수익 400조를 확인하고 고위층 로비를 유지하며 200조 중 100조를 새 먹거리에 쓰겠다고 한다.; 지역주민이 외부단체와 직접 합의하지 않으면 철수한다는 협상구조가 선다.; 금융 수확이 지역 산업·정치 대전환 자금으로 바뀐다.,태우·핀테크 예상수익 400조를 확인하고 고위층 로비를 유지하며 200조 중 100조를 새 먹거리에 쓰겠다고 한다; 지역주민이 외부단체와 직접 합의하지 않으면 철수한다는 협상구조가 선다; 금융 수확이 지역 산업·정치 대전환 자금으로 바뀐다,400조 예상수익과 100조 재투자 규모가 새만금 갈등보다 강한 물질적 전환점으로 읽힌다,400조 예상수익과 100조 재투자 규모가 새만금 갈등보다 강한 물질적 전환점으로 읽힌다,보상은 실제 지급만 세어 9→8 판정; 훅은 마지막 프레임의 열린 질문만 세어 8→7 판정
418,418,L73176~L73359,PASS,EDIT,PASS,7,7,8,7,8,6,0.25/0.20/0.17/0.08/0.30,0.25/0.20/0.17/0.08/0.30,전세계 매도세를 이용해 청산하고 두 해운사 채권단 차이를 분석해 최재석에게 부산항 공약을 제시한다.,태우의 성장동력이 금융수익에서 세계물류 주권으로 이동한다.,김민재는 해운사와 부산 신항 투자의 본목적이 태우 제품을 세계에 끊김 없이 공급할 물류 주권임을 못 박는다.,전세계 매도세를 이용해 청산하고 두 해운사 채권단 차이를 분석해 최재석에게 부산항 공약을 제시한다.; 최재석 측이 해운·항구 정책을 국민경제당 공약으로 만들기로 한다.; 태우의 성장동력이 금융수익에서 세계물류 주권으로 이동한다.,전세계 매도세를 이용해 청산하고 두 해운사 채권단 차이를 분석해 최재석에게 부산항 공약을 제시한다; 최재석 측이 해운·항구 정책을 국민경제당 공약으로 만들기로 한다; 태우의 성장동력이 금융수익에서 세계물류 주권으로 이동한다,세계 매도세 청산 뒤 해운사·부산항 정책을 설계해 금융수확을 물류자산으로 옮긴다,세계 매도세 청산 뒤 해운사·부산항 정책을 설계해 금융수확을 물류자산으로 옮긴다,보상은 실제 지급만 세어 8→7 판정; 훅은 마지막 프레임의 열린 질문만 세어 8→6 판정
419,419,L73360~L73524,EDIT,EDIT,PASS,4,4,9,8,6,6,0.14/0.11/0.33/0.12/0.30,0.14/0.11/0.33/0.12/0.30,"오용재 일가의 상속세 신용대출을 약속하고 삼진이 가진 ASML 지분 3퍼센트를 현재가에 넘기는 매매에 합의한 뒤, 미국·대만 매도물량도 사들이라고 지시한다.",삼진 승계를 결산하고 ASML 지분 3퍼센트 매매 합의와 추가 매집 지시를 얻는다. 지분 이전·장비 우선권은 실무계약 이후다.,최재석이 생각을 정리한 해운업 문제를 다음 날 어떤 조건으로 풀지 남는다.,삼진 승계 보답으로 ASML 1.6%·장비 우선권을 받는다.,"오용재 일가의 상속세 신용대출을 약속하고 삼진이 가진 ASML 지분 3퍼센트를 현재가에 넘기는 매매에 합의한 뒤, 미국·대만 매도물량도 사들이라고 지시한다; 오용재가 은혜를 갚아 ASML 지분 매매를 받아들이고 이번 주 실무진을 보내기로 하지만, 지분 이전과 장비 우선권의 실제 귀속은 아직 전이다; 삼진 승계를 결산하고 ASML 지분 3퍼센트 매매 합의와 추가 매집 지시를 얻는다. 지분 이전·장비 우선권은 실무계약 이후다",오용재의 상속세를 돕고 ASML 지분·장비 우선권으로 은혜를 갚는 관계와 자산 지급이 중심이다,"오용재 일가의 상속세 신용대출을 약속하고 삼진의 ASML 지분 3퍼센트 매매 합의를 얻은 뒤, 미국·대만 매도물량 추가 매집까지 지시한다. 지분 이전은 실무계약 전이고 마지막 연락은 최재석과 해운업 문제를 논의할 다음 날 약속만 연다.","보상은 실제 지급만 세어 9→8 판정; L73360~L73524 수동 재독; 점수·리본 유지, 기계적 note만 장면별 편집문으로 교체; L73360~L73524 수동 재독; 회차 필드 경계 교정, 기계적 note를 장면별 편집문으로 교체; L73360~L73524 수동 재독; 회차 필드 경계 교정, 기계적 note를 장면별 편집문으로 교체; L73360~L73524 수동 재독; 회차 필드 경계 교정, 기계적 note를 장면별 편집문으로 교체; L73360~L73524 수동 재독; 회차 필드 경계 교정, 기계적 note를 장면별 편집문으로 교체; L73360~L73524 수동 재독; 회차 필드 경계 교정, 기계적 note를 장면별 편집문으로 교체; L73360~L73524 수동 재독; 회차 필드 경계 교정, 기계적 note를 장면별 편집문으로 교체; L73360~L73524 수동 재독; 회차 필드 경계 교정, 기계적 note를 장면별 편집문으로 교체; L73360~L73524 수동 재독; 회차 필드 경계 교정, 기계적 note를 장면별 편집문으로 교체; L73360~L73524 수동 재독; 회차 필드 경계 교정, 기계적 note를 장면별 편집문으로 교체; L73360~L73524 수동 재독; 회차 필드 경계 교정, 기계적 note를 장면별 편집문으로 교체; L73360~L73524 수동 재독; 회차 필드 경계 교정, 기계적 note를 장면별 편집문으로 교체; L73360~L73524 수동 재독; 회차 필드 경계 교정, 기계적 note를 장면별 편집문으로 교체"
420,420,L73525~L73689,EDIT,EDIT,PASS,7,7,8,7,8,7,0.20/0.17/0.24/0.08/0.31,0.20/0.17/0.24/0.08/0.31,"최재석과 새만금 화학단지 안전·해운 빅딜 방향을 합의하고, 수도권·광역시 부동산 PF 30조 원을 금융타워에 권유하되 참여가 없으면 태우 자금으로 하겠다고 정한다.",새만금·부산 신항·부동산 PF를 묶은 총선 정책과 30조 원 모집 경로를 설계한다. 50조 원 실제 투자나 과반 의석은 아직 지급 전이다.,"금융타워 권유만으로 PF 30조 원을 실제 채우고, 새만금·부산 신항과 합친 50조 원 계획을 집행할 수 있는가?",최재석과 화학단지 안전·해운빅딜을 합의하고 수도권·광역시 PF에 30조 원을 태우·금융타워가 투자한다.; 금융사들이 하루 만에 30조 이상을 채울 자금구조가 완성된다.; 국민경제당 과반과 태우 산업기반이 같은 투자로 강화된다.,"최재석과 새만금 화학단지 안전·해운 빅딜 방향을 합의하고, 수도권·광역시 부동산 PF 30조 원을 금융타워에 권유하되 참여가 없으면 태우 자금으로 하겠다고 정한다; 태우증권이 움직이면 30조 원을 하루에도 채울 수 있다는 자금력은 확인되지만, 금융사 모집과 PF 투자는 아직 실행 전이다; 새만금·부산 신항·부동산 PF를 묶은 총선 정책과 30조 원 모집 경로를 설계한다. 50조 원 실제 투자나 과반 의석은 아직 지급 전이다",최재석과 안전·해운 조건을 합의하고 PF 30조를 모으는 정치관계와 자금 동원이 크다,"최재석과 새만금 화학단지 안전, 부산 신항, 해운 빅딜을 총선 정책으로 묶고 수도권·광역시 PF 30조 원 모집안을 펼친다. 금융타워가 참여하지 않으면 태우가 대겠다는 결심은 선명하지만 50조 원 실투자는 없어, 회차의 재미는 자금판을 조립하는 데 있다.","보상은 실제 지급만 세어 8→7 판정; 훅은 마지막 프레임의 열린 질문만 세어 8→7 판정; L73525~L73689 수동 재독; 점수·리본 유지, 기계적 note만 장면별 편집문으로 교체; L73525~L73689 수동 재독; 기계적 note를 장면별 편집문으로 교체; L73525~L73689 수동 재독; 기계적 note를 장면별 편집문으로 교체; L73525~L73689 수동 재독; 기계적 note를 장면별 편집문으로 교체; L73525~L73689 수동 재독; 기계적 note를 장면별 편집문으로 교체; L73525~L73689 수동 재독; 기계적 note를 장면별 편집문으로 교체; L73525~L73689 수동 재독; 기계적 note를 장면별 편집문으로 교체; L73525~L73689 수동 재독; 기계적 note를 장면별 편집문으로 교체; L73525~L73689 수동 재독; 기계적 note를 장면별 편집문으로 교체; L73525~L73689 수동 재독; 기계적 note를 장면별 편집문으로 교체; L73525~L73689 수동 재독; 기계적 note를 장면별 편집문으로 교체; L73525~L73689 수동 재독; 기계적 note를 장면별 편집문으로 교체; L73525~L73689 수동 재독; 기계적 note를 장면별 편집문으로 교체"
421,421,L73690~L73855,PASS,EDIT,PASS,5,5,7,6,8,7,0.27/0.18/0.14/0.08/0.33,0.27/0.18/0.14/0.08/0.33,태우건설이 일단 수주한 뒤 타건설사에 나눌 구조를 숨기고 채권단 해운빅딜은 총선까지 기다린다.,총선 산업투자가 기업동맹 모집 플랫폼으로 변한다.,총선 후 탄핵 정국과 해운인수를 기다린다.,최재석이 50조 정책을 발표해 건설사·채권단을 끌어들인다.,태우건설이 일단 수주한 뒤 타건설사에 나눌 구조를 숨기고 채권단 해운빅딜은 총선까지 기다린다; 국민경제당 정책이 검색 1위를 장악하고 건설사들이 태우 미끼에 몰릴 판이 선다; 총선 산업투자가 기업동맹 모집 플랫폼으로 변한다,PF 미끼 구조와 해운빅딜 시점을 설명하며 검색 1위 정책을 기업동맹 자산으로 바꾼다,PF 미끼 구조와 해운빅딜 시점을 설명하며 검색 1위 정책을 기업동맹 자산으로 바꾼다,보상은 실제 지급만 세어 7→6 판정; 훅은 마지막 프레임의 열린 질문만 세어 8→7 판정
422,422,L73856~L74020,PASS,PASS,PASS,8,8,7,7,9,9,0.23/0.15/0.11/0.22/0.29,0.23/0.15/0.11/0.22/0.29,정부의 태우 압박을 버티며 현재·현진 측에 채권단 정보를 흘리고 미국이 유고빈 전량을 소화하도록 생산량을 늘린다.,정책 지지와 바이오 수익이라는 두 미끼가 모두 실적을 낸다.,총선 당일 높은 투표율 속에 출구조사가 시작된다.,PF 압박을 버티는 동안 유고빈 수익과 총선 투표가 동시에 무르익는다.,정부의 태우 압박을 버티며 현재·현진 측에 채권단 정보를 흘리고 미국이 유고빈 전량을 소화하도록 생산량을 늘린다; 유고빈은 증산할수록 영업이익률이 30%에서 45%로 오르는 현금창출원이 된다; 정책 지지와 바이오 수익이라는 두 미끼가 모두 실적을 낸다,정부 압박 속 유고빈 이익이 커지고 총선 출구조사를 기다려 보상과 선거 긴장이 함께 높다,정부 압박 속 유고빈 이익이 커지고 총선 출구조사를 기다려 보상과 선거 긴장이 함께 높다,기존 점수·리본 유지; 원문 하드 경계와 인접 회차 대비 재확인
423,423,L74021~L74192,PASS,EDIT,PASS,8,8,10,9,8,7,0.13/0.11/0.22/0.22/0.32,0.13/0.11/0.22/0.22/0.32,최재석에게 긴장을 늦추지 말라고 한 뒤 장명준에게 군산 지원의 대가로 현재가 보유 지분과 건설계열 연결을 요구한다.,국민경제당의 표가 재벌가·해운사 협상을 움직이는 권력으로 변한다.,현재가 건설사들이 PF 미끼를 물도록 설계한다.,국민경제당이 대승하고 장명준이 현재가 지분·건설사 설득을 맡는다.,최재석에게 긴장을 늦추지 말라고 한 뒤 장명준에게 군산 지원의 대가로 현재가 보유 지분과 건설계열 연결을 요구한다; 장명준이 과거 도움을 갚겠다며 현재가 설득과 지분 매각에 협력한다; 국민경제당의 표가 재벌가·해운사 협상을 움직이는 권력으로 변한다,151석 승리 뒤 장명준의 보은과 현재가 지분 협상으로 표가 권력·자산이 되는 지급 회차다,151석 승리 뒤 장명준의 보은과 현재가 지분 협상으로 표가 권력·자산이 되는 지급 회차다,보상은 실제 지급만 세어 10→9 판정; 훅은 마지막 프레임의 열린 질문만 세어 8→7 판정
424,424,L74193~L74368,PASS,EDIT,PASS,9,9,7,7,9,8,0.18/0.35/0.12/0.22/0.13,0.18/0.35/0.12/0.22/0.13,산업은행장 이명걸과 자연스러운 접촉을 만든 뒤 국세청 라인을 보호하려 범서북파 자료를 강대위와 명동을 통해 언론에 흘린다.,기업 방어전이 대통령 책임을 묻는 정국 전환으로 확대된다.,"태우그룹은 처음 정부에 반기를 들고, 범서북파 자료를 받은 언론이 청와대 불법 권력을 얼마나 파고들지 기다린다.",산업은행장 이명걸과 자연스러운 접촉을 만든 뒤 국세청 라인을 보호하려 범서북파 자료를 강대위와 명동을 통해 언론에 흘린다.; 보복성 세무조사라는 압박이 오히려 청와대 불법 권력의 증거를 폭로할 명분이 된다.; 기업 방어전이 대통령 책임을 묻는 정국 전환으로 확대된다.,산업은행장 이명걸과 자연스러운 접촉을 만든 뒤 국세청 라인을 보호하려 범서북파 자료를 강대위와 명동을 통해 언론에 흘린다; 보복성 세무조사라는 압박이 오히려 청와대 불법 권력의 증거를 폭로할 명분이 된다; 기업 방어전이 대통령 책임을 묻는 정국 전환으로 확대된다,세무조사에 맞서 범서북파 자료를 언론에 터뜨리는 반격 행동과 정치적 긴장이 지배한다,세무조사 압박에 맞서 범서북파 자료를 언론에 공개한다. 방어 설명보다 증거를 먼저 터뜨려 청와대의 공격을 대중 앞 역공으로 돌린다.,훅은 마지막 프레임의 열린 질문만 세어 9→8 판정; L74193~L74368 수동 재독; 편집 메타어를 실제 장면·숫자·사람 반응으로 교체; L74193~L74368 수동 재독; 편집 메타어를 실제 장면·숫자·사람 반응으로 교체
425,425,L74369~L74533,PASS,EDIT,PASS,9,9,5,5,10,8,0.26/0.15/0.19/0.27/0.13,0.26/0.15/0.19/0.27/0.13,국민경제당이 보복성 세무조사를 공개 비판하게 하고 최재석과 60일 이내 조기대선 시나리오를 계산한다.,총선 승리 국면이 곧 대통령 교체 국면으로 넘어간다.,탄핵 대신 하야라는 선택지를 청와대에 가져갈지는 최재석의 몫으로 남는다.,국민경제당이 보복성 세무조사를 공개 비판하게 하고 최재석과 60일 이내 조기대선 시나리오를 계산한다.; 정권의 불법 조직과 지지율 추락이 자진 사퇴 요구를 현실적 선택으로 만든다.; 총선 승리 국면이 곧 대통령 교체 국면으로 넘어간다.,국민경제당이 보복성 세무조사를 공개 비판하게 하고 최재석과 60일 이내 조기대선 시나리오를 계산한다; 정권의 불법 조직과 지지율 추락이 자진 사퇴 요구를 현실적 선택으로 만든다; 총선 승리 국면이 곧 대통령 교체 국면으로 넘어간다,정권 불법과 지지율을 따져 자진 하야를 압박하는 계산 속 최재석의 결단 긴장이 커진다,정권 불법과 지지율을 따져 자진 하야를 압박하는 계산 속 최재석의 결단 긴장이 커진다,훅은 마지막 프레임의 열린 질문만 세어 10→8 판정
426,426,L74534~L74703,PASS,PASS,PASS,10,10,10,10,10,10,0.11/0.24/0.17/0.27/0.21,0.11/0.24/0.17/0.27/0.21,탄핵은 국정 공백만 길어진다고 압박하고 동시에 6월 23일 브렉시트 국민투표 투자 준비를 유지한다.,김민재와 최재석의 압박이 대통령의 전국 생중계 자진 사퇴 약속을 끌어낸다.,모든 책임을 지고 물러나겠다는 대통령의 한 문장이 실제 하야와 대선 시계를 어떻게 움직일지 남는다.,탄핵은 국정 공백만 길어진다고 압박하고 동시에 6월 23일 브렉시트 국민투표 투자 준비를 유지한다.; 대통령이 긴급 담화에서 모든 책임을 지고 물러나겠다고 선언한다.; 김민재와 최재석의 압박이 대통령의 전국 생중계 자진 사퇴 약속을 끌어낸다.,탄핵은 국정 공백만 길어진다고 압박하고 동시에 6월 23일 브렉시트 국민투표 투자 준비를 유지한다; 대통령이 긴급 담화에서 모든 책임을 지고 물러나겠다고 선언한다; 김민재와 최재석의 압박이 대통령의 전국 생중계 자진 사퇴 약속을 끌어낸다,청와대 압박 끝 대통령이 실제 사퇴해 행동·충격·권력 상태 변화가 한꺼번에 봉우리 친다,"최재석과 김민재의 하야 압박, 6월 23일 브렉시트 포지션 점검이 교차하다 마지막 TV 담화에서 대통령이 모든 책임을 지고 물러나겠다고 공개 선언한다. 퇴임 절차 전이지만 국가 최고권력의 자진 사퇴 약속이 생중계로 고정되어 세 점수가 함께 드문 절정에 오른다.",기존 점수·리본 유지; 원문 하드 경계와 인접 회차 대비 재확인; L74534~L74703 수동 재독; 표본 note를 현재 화 표면으로 교정; L74534~L74703 수동 재독; 표본 note를 현재 화 표면으로 교정; L74534~L74703 수동 재독; 표본 note를 현재 화 표면으로 교정; L74534~L74703 수동 재독; 표본 note를 현재 화 표면으로 교정; L74534~L74703 수동 재독; 표본 note를 현재 화 표면으로 교정; L74534~L74703 수동 재독; 표본 note를 현재 화 표면으로 교정; L74534~L74703 수동 재독; 표본 note를 현재 화 표면으로 교정; L74534~L74703 수동 재독; 표본 note를 현재 화 표면으로 교정; L74534~L74703 수동 재독; 표본 note를 현재 화 표면으로 교정; L74534~L74703 수동 재독; 표본 note를 현재 화 표면으로 교정; L74534~L74703 수동 재독; 표본 note를 현재 화 표면으로 교정; L74534~L74703 수동 재독; 표본 note를 현재 화 표면으로 교정
427,427,L74704~L74857,EDIT,EDIT,PASS,8,8,8,8,9,6,0.23/0.13/0.27/0.10/0.27,0.23/0.13/0.27/0.10/0.27,정부는 인허가와 기반공사를 맡고 태우가 투자·기업 유치를 담당하는 구도를 최재석에게 제안한다.,김민재의 기업 구상이 국가 대선의 핵심 성장서사로 승격된다.,공약을 뒷받침할 토지·자금·고용 실물을 준비한다.,김민재가 700조 반도체 도시를 최재석의 1호 공약으로 만든다.,정부는 인허가와 기반공사를 맡고 태우가 투자·기업 유치를 담당하는 구도를 최재석에게 제안한다; 최재석이 700조 반도체 도시 공약을 즉시 받아들인다; 김민재의 기업 구상이 국가 대선의 핵심 성장서사로 승격된다,60일 대선에서 700조 반도체 도시를 최재석에게 맡기는 정책·동맹·지위 설계가 중심이다,"정부가 인허가·기반공사를 맡고 태우가 투자·기업 유치를 책임지는 역할표를 최재석에게 건넨다. 기업인의 구상이 대선 성장서사로 승격되는 관계·지위 보상 뒤, 토지와 고용을 실제 공약 영수증으로 바꾸는 일이 짧게 열린다.","훅은 마지막 프레임의 열린 질문만 세어 9→6 판정; L74704~L74857 수동 재독; 점수·리본 유지, 기계적 note만 장면별 편집문으로 교체; L74704~L74857 수동 재독; 기계적 note를 장면별 편집문으로 교체; L74704~L74857 수동 재독; 기계적 note를 장면별 편집문으로 교체; L74704~L74857 수동 재독; 기계적 note를 장면별 편집문으로 교체; L74704~L74857 수동 재독; 기계적 note를 장면별 편집문으로 교체; L74704~L74857 수동 재독; 기계적 note를 장면별 편집문으로 교체; L74704~L74857 수동 재독; 기계적 note를 장면별 편집문으로 교체; L74704~L74857 수동 재독; 기계적 note를 장면별 편집문으로 교체; L74704~L74857 수동 재독; 기계적 note를 장면별 편집문으로 교체; L74704~L74857 수동 재독; 기계적 note를 장면별 편집문으로 교체; L74704~L74857 수동 재독; 기계적 note를 장면별 편집문으로 교체; L74704~L74857 수동 재독; 기계적 note를 장면별 편집문으로 교체; L74704~L74857 수동 재독; 기계적 note를 장면별 편집문으로 교체"
428,428,L74858~L75029,PASS,EDIT,PASS,5,5,8,7,7,7,0.22/0.23/0.14/0.13/0.28,0.22/0.23/0.14/0.13/0.28,토지공사 매각으로 받은 6조 지원금과 4조 보상금을 다시 부지에 투입하고 태우건설이 평생 유지보수 일자리와 용접공·일용직 대규모 채용을 설계하게 한다.,선거 공약이 토지·고용·공사 계약을 가진 실행사업으로 변한다.,최재석이 700조 공약을 전국에 발표한다.,명동의 선매입 토지와 10조 재투자로 부지·고용을 선점한다.,토지공사 매각으로 받은 6조 지원금과 4조 보상금을 다시 부지에 투입하고 태우건설이 평생 유지보수 일자리와 용접공·일용직 대규모 채용을 설계하게 한다; 명동 자금 10조가 부지 재매입으로 돌아가고 고임금 장기 일자리가 전국 인력을 끌어들인다; 선거 공약이 토지·고용·공사 계약을 가진 실행사업으로 변한다,토지 10조와 평생 일자리 계획을 실제 부지·채용 행동으로 내려 물질 비중이 선명하다,토지 10조 원과 평생 일자리 계획을 부지·채용안으로 내려보낸다. 선거구호에 머물던 개발 약속이 실제 땅과 사람의 배치로 바뀐다.,보상은 실제 지급만 세어 8→7 판정; L74858~L75029 수동 재독; 편집 메타어를 실제 장면·숫자·사람 반응으로 교체; L74858~L75029 수동 재독; 편집 메타어를 실제 장면·숫자·사람 반응으로 교체
429,429,L75030~L75208,PASS,EDIT,PASS,8,8,5,5,8,7,0.24/0.12/0.29/0.08/0.27,0.24/0.12/0.29/0.08/0.27,채권단 회의에서 합산 약 8조 원 적자와 현진가 무상감자·사재출연을 근거로 대규모 채무조정을 요구한다.,반도체 도시의 정치자본이 해운 구조조정 협상력으로 전환된다.,채권단이 제시한 10% 탕감보다 두 배 큰 손실분담을 밀어붙인다.,700조 발표 직후 채권단에 해운사 8조 적자 분담을 요구한다.,채권단 회의에서 합산 약 8조 원 적자와 현진가 무상감자·사재출연을 근거로 대규모 채무조정을 요구한다; 정치권을 장악한 투자 발표가 채권단에게 청산보다 통합 매각이 낫다는 압력으로 작동한다; 반도체 도시의 정치자본이 해운 구조조정 협상력으로 전환된다,8조 부채와 손실분담 계산을 놓고 채권단·오너가를 압박하는 숫자 중심 관계 협상이다,8조 부채와 손실분담 계산을 놓고 채권단·오너가를 압박하는 숫자 중심 관계 협상이다,훅은 마지막 프레임의 열린 질문만 세어 8→7 판정
430,430,L75209~L75383,PASS,EDIT,PASS,7,7,9,8,7,7,0.15/0.15/0.24/0.11/0.35,0.15/0.15/0.24/0.11/0.35,청산 시 회수액이 더 줄어든다는 계산과 이미 확보한 용선료 50% 인하안을 들이밀어 채권단의 두 배 탕감을 받아낸다.,선거용 해운빅딜이 태우의 장기 글로벌 유통망으로 결산된다.,대한타이어 주성재 회장이 승계 문제로 면담을 청한다.,1조6천억 탕감과 용선료 절반으로 두 해운사 통합을 확정한다.,청산 시 회수액이 더 줄어든다는 계산과 이미 확보한 용선료 50% 인하안을 들이밀어 채권단의 두 배 탕감을 받아낸다; 1조6천억 원 채무 감면과 용선료 절반 인하가 확정되고 태우무역이 핵심 물류축으로 올라선다; 선거용 해운빅딜이 태우의 장기 글로벌 유통망으로 결산된다,1조6천억 채무감면과 용선료 절반을 확정해 해운빅딜의 실물 보상이 가장 크게 남는다,1조6천억 채무감면과 용선료 절반을 확정해 해운빅딜의 실물 보상이 가장 크게 남는다,보상은 실제 지급만 세어 9→8 판정
431,431,L75384~L75552,PASS,EDIT,PASS,9,9,7,7,9,8,0.18/0.28/0.25/0.16/0.13,0.18/0.28/0.25/0.16/0.13,태우 자동차계열이 전기차 타이어 개발 명목으로 2조 원 이상 투자하게 하고 사우디 숙청 대상 정보를 빈 살만에게 제공한다.,김민재의 동맹망이 국내 재벌에서 사우디 차기 권력까지 확대된다.,"빈 살만은 이름이 아직 드러나지 않은 왕자 한 명을 생포했고, 김민재는 숙청 성공과 사우디 우군화를 기다린다.",태우 자동차계열이 전기차 타이어 개발 명목으로 2조 원 이상 투자하게 하고 사우디 숙청 대상 정보를 빈 살만에게 제공한다.; 투자를 통한 간접 승계지원과 2천 계좌 동결·왕족 200명 구금이 동시에 진행된다.; 김민재의 동맹망이 국내 재벌에서 사우디 차기 권력까지 확대된다.,태우 자동차계열이 전기차 타이어 개발 명목으로 2조 원 이상 투자하게 하고 사우디 숙청 대상 정보를 빈 살만에게 제공한다; 투자를 통한 간접 승계지원과 2천 계좌 동결·왕족 200명 구금이 동시에 진행된다; 김민재의 동맹망이 국내 재벌에서 사우디 차기 권력까지 확대된다,대한타이어 승계 지원과 사우디 왕족 체포가 병렬로 실행돼 행동·동맹·위험이 높다,대한타이어 승계를 지원하는 국내 협상과 사우디 왕족 체포 소식이 번갈아 온다. 한쪽에서는 후계자를 세우고 다른 쪽에서는 왕실 반대파가 제거돼 두 동맹의 안전판이 동시에 움직인다.,훅은 마지막 프레임의 열린 질문만 세어 9→8 판정; L75384~L75552 수동 재독; 편집 메타어를 실제 장면·숫자·사람 반응으로 교체; L75384~L75552 수동 재독; 편집 메타어를 실제 장면·숫자·사람 반응으로 교체
432,432,L75553~L75753,PASS,EDIT,PASS,8,8,9,8,8,7,0.17/0.18/0.24/0.16/0.25,0.17/0.18/0.24/0.16/0.25,제공한 자산정보로 왕족들의 은닉재산을 끝까지 추궁하게 하고 사우디 석유기업 매각 가능성과 코로나기 저유가를 연결해 본다.,정보 지원이 세계 최대 산유국의 절대적 신뢰로 환산된다.,한국 대선과 미국 대선이라는 두 권력 교체가 남는다.,사우디가 500억 달러 이상을 회수하고 빈 살만이 차기 권력자가 된다.,제공한 자산정보로 왕족들의 은닉재산을 끝까지 추궁하게 하고 사우디 석유기업 매각 가능성과 코로나기 저유가를 연결해 본다; 사우디가 500억 달러 이상을 회수하고 빈 살만이 차기 권력자로 공인된다; 정보 지원이 세계 최대 산유국의 절대적 신뢰로 환산된다,왕족 은닉재산 회수와 빈 살만의 권력 공인이 정보 지원을 신뢰와 자산으로 환산한다,왕족 은닉재산 회수와 빈 살만의 권력 공인이 정보 지원을 신뢰와 자산으로 환산한다,보상은 실제 지급만 세어 9→8 판정; 훅은 마지막 프레임의 열린 질문만 세어 8→7 판정
433,433,L75754~L75944,PASS,EDIT,PASS,8,8,10,9,8,8,0.15/0.12/0.20/0.23/0.30,0.15/0.12/0.20/0.23/0.30,최재석의 국익 중심 승리 연설을 지켜본 뒤 한 달 뒤 제리 왕과 용선료 재협상을 준비하고 유전자 가위 특허 자체 인수를 지시한다.,정치권 장악이 해운·바이오의 다음 글로벌 협상으로 연결된다.,특허분쟁 중인 세 유전자 가위 진영을 각각 만나 기술·연구진을 한꺼번에 확보할 수 있는가?,최재석이 대통령에 당선되고 유전자 가위 원천기술 인수가 시작된다.,최재석의 국익 중심 승리 연설을 지켜본 뒤 한 달 뒤 제리 왕과 용선료 재협상을 준비하고 유전자 가위 특허 자체 인수를 지시한다; 최재석 정부가 출범하고 김민재는 분쟁 당사자 모두를 사들이는 해법을 택한다; 정치권 장악이 해운·바이오의 다음 글로벌 협상으로 연결된다,최재석 정부 출범의 감정적 승리와 유전자 가위 특허 선점이 지위 보상 뒤 새 판을 연다,최재석 정부 출범의 감정적 승리와 유전자 가위 특허 선점이 지위 보상 뒤 새 판을 연다,보상은 실제 지급만 세어 10→9 판정; L75754~L75944 수동 재독; 회차 필드 경계 교정; L75754~L75944 수동 재독; 회차 필드 경계 교정; L75754~L75944 수동 재독; 회차 필드 경계 교정; L75754~L75944 수동 재독; 회차 필드 경계 교정; L75754~L75944 수동 재독; 회차 필드 경계 교정; L75754~L75944 수동 재독; 회차 필드 경계 교정; L75754~L75944 수동 재독; 회차 필드 경계 교정; L75754~L75944 수동 재독; 회차 필드 경계 교정; L75754~L75944 수동 재독; 회차 필드 경계 교정; L75754~L75944 수동 재독; 회차 필드 경계 교정
434,434,L75945~L76117,PASS,PASS,PASS,8,8,7,7,9,9,0.27/0.15/0.18/0.13/0.27,0.27/0.15/0.18/0.13/0.27,데이비드에게 각 진영 협상과 로비를 맡기고 무제한 연구비·한국 연구소를 제시하는 한편 로보의 유고빈 지분소송에는 AI 기술절도 맞소송을 준비한다.,유고빈 분쟁이 센트리언의 차세대 플랫폼 확보전으로 확대된다.,브렉시트 개표에서 탈퇴가 확정된다.,데이비드에게 각 진영 협상과 로비를 맡기고 무제한 연구비·한국 연구소를 제시하는 한편 로보의 유고빈 지분소송에는 AI 기술절도 맞소송을 준비한다.; 방어해야 할 소송이 오히려 로보의 약점과 세계급 연구진 영입 명분을 제공한다.; 유고빈 분쟁이 센트리언의 차세대 플랫폼 확보전으로 확대된다.,데이비드에게 각 진영 협상과 로비를 맡기고 무제한 연구비·한국 연구소를 제시하는 한편 로보의 유고빈 지분소송에는 AI 기술절도 맞소송을 준비한다; 방어해야 할 소송이 오히려 로보의 약점과 세계급 연구진 영입 명분을 제공한다; 유고빈 분쟁이 센트리언의 차세대 플랫폼 확보전으로 확대된다,특허분쟁·노보 맞소송을 설계하는 동안 브렉시트 결과가 나와 정보와 금융 보상이 균형을 이룬다,특허분쟁·노보 맞소송을 설계하는 동안 브렉시트 결과가 나와 정보와 금융 보상이 균형을 이룬다,기존 점수·리본 유지; 원문 하드 경계와 인접 회차 대비 재확인
435,435,L76118~L76286,PASS,EDIT,PASS,7,7,9,8,9,5,0.14/0.14/0.25/0.19/0.28,0.14/0.14/0.25/0.19/0.28,영국 성장률 하락폭을 재계산해 통화 거래를 집행하고 빈 살만의 왕세자 등극 축하전화를 받으며 향후 1년 이상 미중 분쟁 포지션을 준비한다.,권력교체 세 건이 금융·외교 자산으로 결산되고 다음 세계분쟁으로 넘어간다.,숙청을 마친 빈 살만의 위엄과 김민재를 향한 더 깊은 신뢰가 사우디를 미중전쟁의 확실한 아군으로 만든다.,영국 성장률 하락폭을 재계산해 통화 거래를 집행하고 빈 살만의 왕세자 등극 축하전화를 받으며 향후 1년 이상 미중 분쟁 포지션을 준비한다.; 조지의 모델이 다시 맞아떨어지고 빈 살만이 절대적 신뢰를 확인한다.; 권력교체 세 건이 금융·외교 자산으로 결산되고 다음 세계분쟁으로 넘어간다.,영국 성장률 하락폭을 재계산해 통화 거래를 집행하고 빈 살만의 왕세자 등극 축하전화를 받으며 향후 1년 이상 미중 분쟁 포지션을 준비한다; 조지의 모델이 다시 맞아떨어지고 빈 살만이 절대적 신뢰를 확인한다; 권력교체 세 건이 금융·외교 자산으로 결산되고 다음 세계분쟁으로 넘어간다,브렉시트 모델 적중과 빈 살만의 왕세자 신뢰 확인이 관계·권력·수익을 함께 결산한다,브렉시트 모델 적중과 빈 살만의 왕세자 신뢰 확인이 관계·권력·수익을 함께 결산한다,보상은 실제 지급만 세어 9→8 판정; 훅은 마지막 프레임의 열린 질문만 세어 9→5 판정
436,436,L76287~L76460,PASS,EDIT,PASS,8,8,6,6,8,7,0.16/0.28/0.26/0.12/0.18,0.16/0.28/0.26/0.12/0.18,5년치 선납을 제시한 뒤 태우가 이미 60만 TEU 자가선복을 갖췄다고 공개해 계약 파기 시 직접 운항하겠다고 압박한다.,부실 해운 인수의 약점이 선주들을 경쟁시키는 구매력으로 바뀐다.,선박 회수 협박이 무력해진 제리 왕과 스무 선주가 김민재의 조건을 다시 계산해야 한다.,5년치 선납을 제시한 뒤 태우가 이미 60만 TEU 자가선복을 갖췄다고 공개해 계약 파기 시 직접 운항하겠다고 압박한다.; 빌린 선복과 맞먹는 자가선박 60만 TEU가 드러나면서 협상 우위가 태우로 넘어간다.; 부실 해운 인수의 약점이 선주들을 경쟁시키는 구매력으로 바뀐다.,5년치 선납을 제시한 뒤 태우가 이미 60만 TEU 자가선복을 갖췄다고 공개해 계약 파기 시 직접 운항하겠다고 압박한다; 빌린 선복과 맞먹는 자가선박 60만 TEU가 드러나면서 협상 우위가 태우로 넘어간다; 부실 해운 인수의 약점이 선주들을 경쟁시키는 구매력으로 바뀐다,60만 TEU 자가선복을 공개해 선주 20명의 공동전선을 깨는 대면 협상 행동이 강하다,60만 TEU 자가선복을 공개해 선주 20명의 공동전선을 깨는 대면 협상 행동이 강하다,훅은 마지막 프레임의 열린 질문만 세어 8→7 판정
437,437,L76461~L76628,PASS,EDIT,PASS,8,8,8,7,8,6,0.24/0.20/0.23/0.08/0.25,0.24/0.20/0.23/0.08/0.25,기존 용선료 50% 인하와 추가 5년 계약·미납금 선납을 묶어 당일 서명시키고 제리 왕에게 동맹 재편 정보를 받는다.,원가구조는 정상화되고 경쟁축은 선주에서 글로벌 동맹으로 이동한다.,태우는 미국 정치력을 이용해 해운동맹 질서를 깨기로 한다.,용선료 50% 인하를 서명시키지만 2M은 통합사를 배척한다.,기존 용선료 50% 인하와 추가 5년 계약·미납금 선납을 묶어 당일 서명시키고 제리 왕에게 동맹 재편 정보를 받는다; 선주들은 갈라져 같은 날 서명하지만 2M의 현진 배제 의도가 새 장애로 드러난다; 원가구조는 정상화되고 경쟁축은 선주에서 글로벌 동맹으로 이동한다,용선료 계약을 끝낸 직후 2M 배제 구조를 알아내 원가 보상과 새 동맹 문제가 교차한다,용선료 계약을 끝낸 직후 2M 배제 구조를 알아내 원가 보상과 새 동맹 문제가 교차한다,보상은 실제 지급만 세어 8→7 판정; 훅은 마지막 프레임의 열린 질문만 세어 8→6 판정
438,438,L76629~L76807,PASS,EDIT,PASS,9,9,6,6,9,7,0.20/0.31/0.15/0.14/0.20,0.20/0.31/0.15/0.14/0.20,과거 협업 중 로보가 AI 신약기술을 빼간 기록을 증거로 미국 대형 로펌의 맞소송을 제기하고 태우해운의 2M 가입도 병행한다.,수세였던 바이오·해운 양쪽에서 상대 카르텔의 약점을 공격하기 시작한다.,"태우해운의 2M 가입 신청에 이번 달 안으로 답해야 하고, 태우는 코로나 호황까지 버틸 동맹이 필요하다.",과거 협업 중 로보가 AI 신약기술을 빼간 기록을 증거로 미국 대형 로펌의 맞소송을 제기하고 태우해운의 2M 가입도 병행한다.; AI 기술절도 증거 때문에 로보 경영진이 오히려 패소와 배상 위험에 몰린다.; 수세였던 바이오·해운 양쪽에서 상대 카르텔의 약점을 공격하기 시작한다.,과거 협업 중 로보가 AI 신약기술을 빼간 기록을 증거로 미국 대형 로펌의 맞소송을 제기하고 태우해운의 2M 가입도 병행한다; AI 기술절도 증거 때문에 로보 경영진이 오히려 패소와 배상 위험에 몰린다; 수세였던 바이오·해운 양쪽에서 상대 카르텔의 약점을 공격하기 시작한다,노보 AI 절도 증거로 맞소송을 제기하고 2M 가입도 병행해 양면 반격 행동이 솟는다,노보 AI 절도 증거로 맞소송을 제기하고 2M 가입도 병행해 양면 반격 행동이 솟는다,훅은 마지막 프레임의 열린 질문만 세어 9→7 판정
439,439,L76808~L76961,PASS,EDIT,PASS,8,8,8,7,8,7,0.17/0.16/0.35/0.14/0.18,0.17/0.16/0.35/0.14/0.18,AI 절도 증거와 장기전 비용을 들이밀며 지분 요구를 거절하고 상호 무조건 취하 외에는 받지 않겠다고 버틴다.,센트리언이 로보와의 종속적 관계를 끊고 독자 권리를 지킨다.,"러스는 태우가 50억 달러를 내고 2M에 들어오리라 믿지만, 김민재는 그 돈이면 자체 카르텔을 만들겠다고 결심한다.",AI 절도 증거와 장기전 비용을 들이밀며 지분 요구를 거절하고 상호 무조건 취하 외에는 받지 않겠다고 버틴다.; 러스가 지분협상 대신 소송 동시취하를 받아들일 수밖에 없는 구도로 몰린다.; 센트리언이 로보와의 종속적 관계를 끊고 독자 권리를 지킨다.,AI 절도 증거와 장기전 비용을 들이밀며 지분 요구를 거절하고 상호 무조건 취하 외에는 받지 않겠다고 버틴다; 러스가 지분협상 대신 소송 동시취하를 받아들일 수밖에 없는 구도로 몰린다; 센트리언이 로보와의 종속적 관계를 끊고 독자 권리를 지킨다,러스와 지분 요구를 밀어내고 소송 동시취하를 받아내는 힘겨루기 관계가 중심이다,러스의 지분요구를 밀어내고 양측 소송 동시취하를 받아낸다. 누가 먼저 물러서느냐는 힘겨루기가 법적 전선을 닫는 상호양보로 바뀐다.,보상은 실제 지급만 세어 8→7 판정; 훅은 마지막 프레임의 열린 질문만 세어 8→7 판정; L76808~L76961 수동 재독; 범용 중심·비중 문구를 장면 리듬으로 교체; L76808~L76961 수동 재독; 범용 중심·비중 문구를 장면 리듬으로 교체; L76808~L76961 수동 재독; 범용 중심·비중 문구를 장면 리듬으로 교체; L76808~L76961 수동 재독; 범용 중심·비중 문구를 장면 리듬으로 교체; L76808~L76961 수동 재독; 범용 중심·비중 문구를 장면 리듬으로 교체; L76808~L76961 수동 재독; 범용 중심·비중 문구를 장면 리듬으로 교체; L76808~L76961 수동 재독; 범용 중심·비중 문구를 장면 리듬으로 교체; L76808~L76961 수동 재독; 범용 중심·비중 문구를 장면 리듬으로 교체; L76808~L76961 수동 재독; 범용 중심·비중 문구를 장면 리듬으로 교체; L76808~L76961 수동 재독; 범용 중심·비중 문구를 장면 리듬으로 교체; L76808~L76961 수동 재독; 범용 중심·비중 문구를 장면 리듬으로 교체
440,440,L76962~L77140,EDIT,EDIT,PASS,7,7,5,5,9,7,0.32/0.18/0.15/0.08/0.27,0.32/0.18/0.15/0.08/0.27,태우해운의 전체 선복량이 약 280만 TEU·세계 4위임을 확인하고 50억 달러를 미국 해운·항만에 쓰는 독자 동맹안을 데이비드에게 맡긴다. 유전자 가위 연구진의 센트리언 방문을 재촉한 뒤 명동과 반도체 도시 토지·인력 확보를 점검한다.,태우해운의 세계 4위 규모와 반도체 도시 1구역의 선매입·7천억 원 차익·빠른 착공 기반을 확인한다. 미국 주도 해운동맹과 연구진 영입은 아직 진행 중이다.,명동이 2·3구역과 주변 토지를 더 확보하되 기존 주민의 사연을 해치지 않고 반도체 도시를 확장할 수 있는가?,2M 가입비 50억 달러 대신 그 돈을 미국 항만·해운에 투자하겠다고 정하고 데이비드에게 트럼프 캠프와 미국 해운사 포섭을 맡긴다.; 미국 우선주의와 50억 달러 투자 약속이 카르텔을 상대할 국가급 망치가 된다.; 태우해운의 규모가 독립적인 글로벌 동맹 설계력으로 승격된다.,"태우해운의 전체 선복량이 약 280만 TEU·세계 4위임을 확인하고 50억 달러를 미국 해운·항만에 쓰는 독자 동맹안을 데이비드에게 맡긴다. 유전자 가위 연구진의 센트리언 방문을 재촉한 뒤 명동과 반도체 도시 토지·인력 확보를 점검한다; 2M 가입비 대신 미국을 움직이는 동맹안이 시작되고, 명동의 선매입 덕분에 반도체 도시 1구역 착공이 2년 이상 앞당겨진다; 태우해운의 세계 4위 규모와 반도체 도시 1구역의 선매입·7천억 원 차익·빠른 착공 기반을 확인한다. 미국 주도 해운동맹과 연구진 영입은 아직 진행 중이다",50억 달러 가입비를 미국 투자·트럼프 규제 카드로 바꾸는 전략 설명과 자금 설계가 크다,"태우해운의 약 280만 TEU·세계 4위 선복량을 확인하고 미국 해운·항만에 50억 달러를 쓰는 독자 동맹을 데이비드에게 맡긴다. 유전자 가위 연구진과 명동의 반도체도시 토지까지 훑는 사장단식 점검이 빠르게 이어지다가, 기존 주민을 해치지 않는 2·3구역 확장이 마지막 제약으로 남는다.","훅은 마지막 프레임의 열린 질문만 세어 9→7 판정; L76962~L77140 수동 재독; 점수·리본 유지, 기계적 note만 장면별 편집문으로 교체; L76962~L77140 수동 재독; 기계적 note를 장면별 편집문으로 교체; L76962~L77140 수동 재독; 기계적 note를 장면별 편집문으로 교체; L76962~L77140 수동 재독; 기계적 note를 장면별 편집문으로 교체; L76962~L77140 수동 재독; 기계적 note를 장면별 편집문으로 교체; L76962~L77140 수동 재독; 기계적 note를 장면별 편집문으로 교체; L76962~L77140 수동 재독; 기계적 note를 장면별 편집문으로 교체; L76962~L77140 수동 재독; 기계적 note를 장면별 편집문으로 교체; L76962~L77140 수동 재독; 기계적 note를 장면별 편집문으로 교체; L76962~L77140 수동 재독; 기계적 note를 장면별 편집문으로 교체; L76962~L77140 수동 재독; 기계적 note를 장면별 편집문으로 교체; L76962~L77140 수동 재독; 기계적 note를 장면별 편집문으로 교체; L76962~L77140 수동 재독; 기계적 note를 장면별 편집문으로 교체"
441,441,L77141~L77310,PASS,EDIT,PASS,4,4,6,6,7,6,0.26/0.16/0.34/0.12/0.12,0.26/0.16/0.34/0.12/0.12,원격 이동 가능한 거점 주차장을 매입하게 하고 버클리·브로드 팀을 따로 초청해 mRNA와 돌연변이 연구시설을 여섯 시간 넘게 보여 준다.,렌터카 실험과 바이오 시설이 각각 시장·인재 선점 플랫폼이 된다.,버클리팀과 브로드팀은 서로 만나지 않은 채 각각 센트리언 연구소에서 예정 시간을 여섯 시간 넘겨 버린다.,원격 이동 가능한 거점 주차장을 매입하게 하고 버클리·브로드 팀을 따로 초청해 mRNA와 돌연변이 연구시설을 여섯 시간 넘게 보여 준다.; 예정된 투어를 넘긴 연구진이 센트리언 기술에 빠져 질문을 멈추지 않는다.; 렌터카 실험과 바이오 시설이 각각 시장·인재 선점 플랫폼이 된다.,원격 이동 가능한 거점 주차장을 매입하게 하고 버클리·브로드 팀을 따로 초청해 mRNA와 돌연변이 연구시설을 여섯 시간 넘게 보여 준다; 예정된 투어를 넘긴 연구진이 센트리언 기술에 빠져 질문을 멈추지 않는다; 렌터카 실험과 바이오 시설이 각각 시장·인재 선점 플랫폼이 된다,버클리·브로드 연구진에게 시설을 보여 주며 호기심과 신뢰를 쌓는 영입 관계 회차다,버클리와 브로드 연구진에게 시설을 직접 보여 주고 질문을 받아 준다. 연봉표보다 실험실과 장비를 함께 보는 시간이 길어 낯선 연구자들의 호기심이 신뢰로 바뀐다.,훅은 마지막 프레임의 열린 질문만 세어 7→6 판정; L77141~L77310 수동 재독; 편집 메타어를 실제 장면·숫자·사람 반응으로 교체; L77141~L77310 수동 재독; 편집 메타어를 실제 장면·숫자·사람 반응으로 교체
442,442,L77311~L77484,EDIT,EDIT,PASS,6,6,8,7,8,8,0.20/0.12/0.40/0.12/0.16,0.20/0.12/0.40/0.12/0.16,두 배 연봉·무제한 연구비·IIT 교수직을 제시하며 모든 유전자 가위 권리를 센트리언·태우와 공유하는 합의를 끌어낸다.,센트리언이 mRNA에 이어 유전자 가위 플랫폼까지 확보한다.,편법·불법 연구 목록을 눈앞에 받은 김진우를 법적 구제와 연구 지원으로 실제 영입할 수 있는가?,버클리·브로드가 소송을 접고 특허·인력을 공동센터에 넣는다.,두 배 연봉·무제한 연구비·IIT 교수직을 제시하며 모든 유전자 가위 권리를 센트리언·태우와 공유하는 합의를 끌어낸다; 두 팀이 같은 달 한국 연구센터를 열고 특허를 공동 사용하기로 합의한다; 센트리언이 mRNA에 이어 유전자 가위 플랫폼까지 확보한다,연봉·무제한 연구비·공동 특허조건으로 원수인 두 팀을 합의시키는 관계 협상이 지배한다,연봉·무제한 연구비·공동특허 조건을 내밀어 원수처럼 맞서던 두 연구팀을 한 표에 앉힌다. 개인 감정을 누를 만큼 구체적인 연구환경이 제시되며 합의가 성립한다.,보상은 실제 지급만 세어 8→7 판정; L77311~L77484 수동 재독; 편집 메타어를 실제 장면·숫자·사람 반응으로 교체; L77311~L77484 수동 재독; 편집 메타어를 실제 장면·숫자·사람 반응으로 교체
443,443,L77485~L77653,EDIT,EDIT,PASS,4,4,8,7,8,7,0.17/0.13/0.40/0.19/0.11,0.17/0.13/0.40/0.19/0.11,최정예 변호인단과 최고 수준 보수·연구비를 약속하고 핵심 연구진이 빠져나가지 못하도록 일괄 영입한다.,김진우와 핵심 연구진이 태우의 법률 방어·최고 보수·연구비 약속을 받아들이고 팀 보존·합류를 결정한다. 누명 해소 판결은 아직 전이다.,사드 불매와 곧 닥칠 미중 갈등에서 국가와 동등하게 협상하려면 얼마나 더 큰 자본 카드를 쥐어야 하는가?,김진우의 횡령 누명을 막고 연구팀 전원을 영입한다.,최정예 변호인단과 최고 수준 보수·연구비를 약속하고 핵심 연구진이 빠져나가지 못하도록 일괄 영입한다; 김진우가 태우를 적이 아닌 확실한 편으로 받아들이고 팀 전체가 합류한다; 김진우와 핵심 연구진이 태우의 법률 방어·최고 보수·연구비 약속을 받아들이고 팀 보존·합류를 결정한다. 누명 해소 판결은 아직 전이다,김진우와 팀 전체가 태우를 확실한 편으로 받아들이는 인재 영입과 안도감이 중심이다,"최정예 변호인단과 최고 수준 보수·연구비를 한꺼번에 내걸어 김진우와 핵심 연구진의 이탈을 막는다. 팀 보존과 합류는 그 자리에서 지급되지만 누명 해소 판결은 없고, 끝은 사드 불매와 미중 갈등을 버틸 자본 규모로 시야를 넓힌다.","보상은 실제 지급만 세어 8→7 판정; 훅은 마지막 프레임의 열린 질문만 세어 8→7 판정; L77485~L77653 수동 재독; 점수·리본 유지, 기계적 note만 장면별 편집문으로 교체; L77485~L77653 수동 재독; 기계적 note를 장면별 편집문으로 교체; L77485~L77653 수동 재독; 기계적 note를 장면별 편집문으로 교체; L77485~L77653 수동 재독; 기계적 note를 장면별 편집문으로 교체; L77485~L77653 수동 재독; 기계적 note를 장면별 편집문으로 교체; L77485~L77653 수동 재독; 기계적 note를 장면별 편집문으로 교체; L77485~L77653 수동 재독; 기계적 note를 장면별 편집문으로 교체; L77485~L77653 수동 재독; 기계적 note를 장면별 편집문으로 교체; L77485~L77653 수동 재독; 기계적 note를 장면별 편집문으로 교체; L77485~L77653 수동 재독; 기계적 note를 장면별 편집문으로 교체; L77485~L77653 수동 재독; 기계적 note를 장면별 편집문으로 교체; L77485~L77653 수동 재독; 기계적 note를 장면별 편집문으로 교체; L77485~L77653 수동 재독; 기계적 note를 장면별 편집문으로 교체"
444,444,L77654~L77841,EDIT,EDIT,PASS,9,9,9,9,10,8,0.16/0.17/0.19/0.25/0.23,0.16/0.17/0.19/0.25/0.23,러스트벨트와 경합주 결과를 따라 포지션을 유지하고 50억 달러 미국 투자계획을 트럼프 캠프에 연결한다.,금융 베팅이 미국 대통령과의 직통관계로 격상된다.,트럼프가 백악관에 들어간 뒤 감사가 옅어지기 전에 해운 카르텔 규제 도움을 어떻게 청구할 것인가?,트럼프 역배당이 적중하고 당선자가 김민재에게 먼저 전화한다.,러스트벨트와 경합주 결과를 따라 포지션을 유지하고 50억 달러 미국 투자계획을 트럼프 캠프에 연결한다; 트럼프가 핵심 주를 뒤집어 당선되고 승리 직후 김민재에게 먼저 전화한다; 금융 베팅이 미국 대통령과의 직통관계로 격상된다,예측을 거슬러 트럼프가 당선되고 먼저 전화하는 선거 긴장·환희·권력 보상이 봉우리다,예측을 거슬러 트럼프가 당선되고 먼저 전화하는 선거 긴장·환희·권력 보상이 봉우리다,훅은 마지막 프레임의 열린 질문만 세어 10→8 판정
445,445,L77842~L78035,PASS,EDIT,PASS,9,9,6,6,9,8,0.24/0.23/0.13/0.16/0.24,0.24/0.23/0.13/0.16/0.24,미국 투자약속을 공식화한 뒤 리강·칭화 회장의 반도체 기술매각 요구를 거절하고 천민정의 무단접속 기록을 200명 명단의 이중소속 정보와 대조한다.,미국 동맹 강화와 동시에 중국과의 기술전선이 내부로 선명해진다.,두 회사 소속이 함께 적힌 산업스파이 후보의 계좌·접촉선을 조사해 실제 유출 증거를 확보할 수 있는가?,미국 투자약속을 공식화한 뒤 리강·칭화 회장의 반도체 기술매각 요구를 거절하고 천민정의 무단접속 기록을 정영근의 칭화 연계 정보와 대조한다.; 정영근이 칭화 기획조직과 태우반도체에 동시에 걸친 산업스파이로 드러난다.; 미국 동맹 강화와 동시에 중국과의 기술전선이 내부로 선명해진다.,미국 투자약속을 공식화한 뒤 리강·칭화 회장의 반도체 기술매각 요구를 거절하고 천민정의 무단접속 기록을 200명 명단의 이중소속 정보와 대조한다; 200명 명단에서 칭화 기획조직과 태우반도체에 동시에 걸친 산업스파이 후보 한 명이 드러난다; 미국 동맹 강화와 동시에 중국과의 기술전선이 내부로 선명해진다,미국 투자 뒤 칭화 요구를 거절하고 정영근의 산업스파이 정체를 밝혀내 정보와 행동이 오른다,"미국 해운투자 약속을 공식화하고 중국 측 반도체 기술매각 요구를 거절한 뒤, 천민정의 무단접속 기록을 200명 이중소속 명단과 대조한다. 한 산업스파이 후보를 좁힌 것이 지급이며 이름·계좌·접촉선과 실제 유출증거는 다음 화부터 확인한다.","훅은 마지막 프레임의 열린 질문만 세어 9→8 판정; L77842~L78035 수동 재독; 회차 필드 경계 교정, 표본 note를 현재 화 표면으로 교정; L77842~L78035 수동 재독; 회차 필드 경계 교정, 표본 note를 현재 화 표면으로 교정; L77842~L78035 수동 재독; 회차 필드 경계 교정, 표본 note를 현재 화 표면으로 교정; L77842~L78035 수동 재독; 회차 필드 경계 교정, 표본 note를 현재 화 표면으로 교정; L77842~L78035 수동 재독; 회차 필드 경계 교정, 표본 note를 현재 화 표면으로 교정; L77842~L78035 수동 재독; 회차 필드 경계 교정, 표본 note를 현재 화 표면으로 교정; L77842~L78035 수동 재독; 회차 필드 경계 교정, 표본 note를 현재 화 표면으로 교정; L77842~L78035 수동 재독; 회차 필드 경계 교정, 표본 note를 현재 화 표면으로 교정; L77842~L78035 수동 재독; 회차 필드 경계 교정, 표본 note를 현재 화 표면으로 교정; L77842~L78035 수동 재독; 회차 필드 경계 교정, 표본 note를 현재 화 표면으로 교정"
446,446,L78036~L78215,EDIT,EDIT,PASS,8,8,5,5,9,8,0.28/0.30/0.10/0.12/0.20,0.28/0.30/0.10/0.12/0.20,천민정에게 접근 가능한 자료를 그럴듯하게 오염시키고 추가 스파이 전수조사와 연말 성과점검을 함께 지시한다.,내부 침투 피해가 중국 경쟁사의 자멸을 유도하는 공격자산이 된다.,한 달 뒤 트럼프 취임식에서 해운 동맹 문제를 실제 규제 카드로 바꿀 수 있는가?,6억 원 자금증거를 잡고 정영근에게 조작 기술을 먹이기로 한다.,천민정에게 접근 가능한 자료를 그럴듯하게 오염시키고 추가 스파이 전수조사와 연말 성과점검을 함께 지시한다; 정영근의 배후·대가가 확인되어 통제 가능한 이중통로로 전환된다; 내부 침투 피해가 중국 경쟁사의 자멸을 유도하는 공격자산이 된다,조작 기술을 미끼로 넣고 배후 스파이를 전수조사하는 통제된 역정보 작전이 중심이다,조작기술을 미끼로 심고 배후 스파이를 전수조사한다. 가짜 정보를 일부러 흘린 뒤 누가 움직이는지 기다리는 통제된 역정보전이라 행동을 서두르지 않는다.,훅은 마지막 프레임의 열린 질문만 세어 9→8 판정; L78036~L78215 수동 재독; 범용 중심·비중 문구를 장면 리듬으로 교체; L78036~L78215 수동 재독; 범용 중심·비중 문구를 장면 리듬으로 교체; L78036~L78215 수동 재독; 범용 중심·비중 문구를 장면 리듬으로 교체; L78036~L78215 수동 재독; 범용 중심·비중 문구를 장면 리듬으로 교체; L78036~L78215 수동 재독; 범용 중심·비중 문구를 장면 리듬으로 교체; L78036~L78215 수동 재독; 범용 중심·비중 문구를 장면 리듬으로 교체; L78036~L78215 수동 재독; 범용 중심·비중 문구를 장면 리듬으로 교체; L78036~L78215 수동 재독; 범용 중심·비중 문구를 장면 리듬으로 교체; L78036~L78215 수동 재독; 범용 중심·비중 문구를 장면 리듬으로 교체; L78036~L78215 수동 재독; 범용 중심·비중 문구를 장면 리듬으로 교체; L78036~L78215 수동 재독; 범용 중심·비중 문구를 장면 리듬으로 교체
447,447,L78216~L78400,PASS,EDIT,PASS,8,8,9,8,9,7,0.17/0.26/0.29/0.10/0.18,0.17/0.26/0.29/0.10/0.18,외국 대형 해운동맹이 미국 중소 해운사를 죽인다고 아메리카 퍼스트 논리로 설득하고 미국 투자·고용 계획을 제시한다.,태우의 사적 가입 실패가 미국 국가규제라는 공세로 뒤집힌다.,미국 해운사들이 태우에 몰리고 머스크가 면담을 요청한다.,트럼프가 연방해사위의 외국 해운카르텔 규제를 지지한다.,외국 대형 해운동맹이 미국 중소 해운사를 죽인다고 아메리카 퍼스트 논리로 설득하고 미국 투자·고용 계획을 제시한다; 트럼프가 연방해사위원회 권한강화와 카르텔 조사를 즉석에서 지지한다; 태우의 사적 가입 실패가 미국 국가규제라는 공세로 뒤집힌다,취임한 트럼프에게 미국 고용 논리로 카르텔 조사를 받아내는 정치관계와 실행이 강하다,취임한 트럼프에게 미국 고용 논리로 카르텔 조사를 받아내는 정치관계와 실행이 강하다,보상은 실제 지급만 세어 9→8 판정; 훅은 마지막 프레임의 열린 질문만 세어 9→7 판정
448,448,L78401~L78568,PASS,EDIT,PASS,7,7,5,5,8,6,0.20/0.18/0.28/0.08/0.26,0.20/0.18/0.28/0.08/0.26,미국 투자액을 대신 부담하는 조건으로 선박 다섯 척과 북해 유전 관련 자산을 요구하며 가상화폐 과열에는 금융타워의 매도·공매도를 준비한다.,미국 규제가 해운 1위의 자산과 동맹 참여를 사는 협상력으로 바뀐다.,머스크가 태우의 선박·투자 조건에 답한다.,적자 머스크에 미국 투자 대신 선박·에너지 자산을 요구한다.,미국 투자액을 대신 부담하는 조건으로 선박 다섯 척과 북해 유전 관련 자산을 요구하며 가상화폐 과열에는 금융타워의 매도·공매도를 준비한다; 자금압박 때문에 머스크가 태우의 조건을 진지하게 검토할 수밖에 없다; 미국 규제가 해운 1위의 자산과 동맹 참여를 사는 협상력으로 바뀐다,머스크에 미국 투자 대신 선박·북해 유전을 요구하는 자산 중심 대면 협상이다,머스크에 미국 투자 대신 선박·북해 유전을 요구하는 자산 중심 대면 협상이다,훅은 마지막 프레임의 열린 질문만 세어 8→6 판정
449,449,L78569~L78738,EDIT,EDIT,PASS,7,7,9,8,7,7,0.14/0.19/0.24/0.10/0.33,0.14/0.19/0.24/0.10/0.33,미국 항만·해운에 총 70억 달러 규모로 투자하고 러시아가 파이프라인을 무기화할 미래에 대비해 북해 유전 자산을 유지한다.,해운·에너지 두 장기축이 미국 규제 활용으로 태우 자산이 된다.,내일 열리는 애플 신사옥 완공식에 참석하기 위해 즉시 캘리포니아로 향해야 한다.,머스크가 선박 다섯 척과 미국 공동투자를 수락한다.,미국 항만·해운에 총 70억 달러 규모로 투자하고 러시아가 파이프라인을 무기화할 미래에 대비해 북해 유전 자산을 유지한다; 머스크 합류로 태우 주도 글로벌 해운동맹의 실체가 생기고 유럽 에너지 보험까지 확보된다; 해운·에너지 두 장기축이 미국 규제 활용으로 태우 자산이 된다,70억 달러 투자와 선박·유전·해운동맹이 계약으로 굳어 실물 보상 비중이 가장 높다,70억 달러 투자와 선박·북해 유전·해운동맹 조건이 계약으로 굳어진다. 협상에서 오간 숫자가 실제 자산과 운송권으로 묶여 북유럽 진입의 영수증이 된다.,보상은 실제 지급만 세어 9→8 판정; L78569~L78738 수동 재독; 편집 메타어를 실제 장면·숫자·사람 반응으로 교체; L78569~L78738 수동 재독; 편집 메타어를 실제 장면·숫자·사람 반응으로 교체
450,450,L78739~L78912,EDIT,EDIT,PASS,3,3,8,7,8,7,0.15/0.06/0.37/0.34/0.08,0.15/0.06/0.37/0.34/0.08,완공된 사옥을 함께 돌며 애플을 부탁하는 스티브를 안심시키고 조지와 미중 충돌 시점·알트코인 투자 대상을 검토한다.,회귀 초반의 기술동맹이 세계기업의 보호자 지위로 완성된다.,금융타워 금융사들이 아직 폭발 전인 알트코인 시장에 올라타 최소 다섯 배 차익 항로를 실제 열 수 있는가?,스티브가 애플의 미래를 김민재에게 맡기고 작별에 가까운 신뢰를 준다.,완공된 사옥을 함께 돌며 애플을 부탁하는 스티브를 안심시키고 조지와 미중 충돌 시점·알트코인 투자 대상을 검토한다; 스티브가 애플의 미래를 김민재에게 맡기며 오랜 동업관계가 정서적으로 결산된다; 회귀 초반의 기술동맹이 세계기업의 보호자 지위로 완성된다,완공 사옥을 돌며 병든 스티브가 애플을 부탁해 오랜 동업관계의 정서적 결산에 머문다,완공 사옥을 돌며 병든 스티브가 애플을 부탁해 오랜 동업관계의 정서적 결산에 머문다,보상은 실제 지급만 세어 8→7 판정; 훅은 마지막 프레임의 열린 질문만 세어 8→7 판정
451,451,L78913~L79090,PASS,EDIT,PASS,4,4,7,7,8,6,0.28/0.20/0.08/0.05/0.39,0.28/0.20/0.08/0.05/0.39,8달러인 이더리온을 금융타워가 매입해 시장조성자에게 빌려주고 강대위의 택시면허 100여 개를 활용해 노조 반대를 우회한다.,핀테크 방어가 차세대 코인 독점으로 바뀌고 택시면허가 기술규제 돌파구가 된다.,태우반도체의 다음 10년 비전을 정하는 회의가 열린다.,8달러 이더리온과 택시면허를 각각 금융·자율주행 변수로 쓴다.,8달러인 이더리온을 금융타워가 매입해 시장조성자에게 빌려주고 강대위의 택시면허 100여 개를 활용해 노조 반대를 우회한다; 금융타워가 이자와 시세차익을 동시에 얻는 지배적 공급자가 된다; 핀테크 방어가 차세대 코인 독점으로 바뀌고 택시면허가 기술규제 돌파구가 된다,8달러 이더리온과 택시 면허를 선점해 시장 지배와 미래 자산의 물질적 기대가 크게 남는다,8달러 이더리온과 택시 면허를 선점해 시장 지배와 미래 자산의 물질적 기대가 크게 남는다,훅은 마지막 프레임의 열린 질문만 세어 8→6 판정
452,452,L79091~L79276,EDIT,EDIT,PASS,8,8,6,6,9,7,0.31/0.27/0.10/0.12/0.20,0.31/0.27/0.10/0.12/0.20,리사가 제안한 기존 공장의 열 배 비용을 승인하고 웨이와 경쟁시키며 북한 해커가 노리는 소형 코인거래소에는 보안을 제공한다.,자동화 팹에 기존 공장의 열 배 비용을 쓰고 리사·웨이 체제를 경쟁시키는 승인을 얻는다. 범용 반도체 원가우위와 독점은 미래 성과다.,북한이 중소 거래소까지 계속 건드리면 김민재도 가만히 당하지 않겠다고 결심한다.,리사가 제안한 기존 공장의 열 배 비용을 승인하고 웨이와 경쟁시키며 북한 해커가 노리는 소형 코인거래소에는 보안을 제공한다.; 사람 없이 돌아가는 공장 구상이 중국의 가격공세를 원천봉쇄할 카드가 된다.; 반도체 독점이 첨단제품에서 구형 범용제품까지 확대된다.,"리사가 제안한 기존 공장의 열 배 비용을 승인하고 웨이와 경쟁시키며 북한 해커가 노리는 소형 코인거래소에는 보안을 제공한다; 사람 없이 돌아가는 공장 구상이 중국의 가격공세를 막을 투자안으로 승인되지만, 실제 자동화 팹 완공·양산은 아직 전이다; 자동화 팹에 기존 공장의 열 배 비용을 쓰고 리사·웨이 체제를 경쟁시키는 승인을 얻는다. 범용 반도체 원가우위와 독점은 미래 성과다",무인 스마트 팹 설계를 승인하는 중 북한 해킹이 터져 기술 설명과 즉각 대응 행동이 교차한다,"리사가 요구한 기존 공장 열 배 비용을 승인하고 웨이와 경쟁시키는 팹 투자 판단이 회차의 큰 덩어리다. 소형 코인거래소에 보안을 제공한 뒤 북한의 반복 공격을 더는 두고 보지 않겠다는 결심으로 닫아, 반도체 설계가 사이버 응징으로 급히 전환된다.","훅은 마지막 프레임의 열린 질문만 세어 9→7 판정; L79091~L79276 수동 재독; 점수·리본 유지, 기계적 note만 장면별 편집문으로 교체; L79091~L79276 수동 재독; 기계적 note를 장면별 편집문으로 교체; L79091~L79276 수동 재독; 기계적 note를 장면별 편집문으로 교체; L79091~L79276 수동 재독; 기계적 note를 장면별 편집문으로 교체; L79091~L79276 수동 재독; 기계적 note를 장면별 편집문으로 교체; L79091~L79276 수동 재독; 기계적 note를 장면별 편집문으로 교체; L79091~L79276 수동 재독; 기계적 note를 장면별 편집문으로 교체; L79091~L79276 수동 재독; 기계적 note를 장면별 편집문으로 교체; L79091~L79276 수동 재독; 기계적 note를 장면별 편집문으로 교체; L79091~L79276 수동 재독; 기계적 note를 장면별 편집문으로 교체; L79091~L79276 수동 재독; 기계적 note를 장면별 편집문으로 교체; L79091~L79276 수동 재독; 기계적 note를 장면별 편집문으로 교체; L79091~L79276 수동 재독; 기계적 note를 장면별 편집문으로 교체"
453,453,L79277~L79459,EDIT,EDIT,PASS,9,9,4,4,10,9,0.28/0.22/0.16/0.23/0.11,0.28/0.22/0.16/0.23/0.11,말레이시아 암살정보를 강 대위에게 주고 현장팀과 독살 대응 해독제·의료진을 준비시켜 정권교체가 아닌 협상카드 확보임을 명시한다.,경제성장 서사가 국가안보와 북한 내부 변수 창출로 넓어진다.,강 대위가 직접 맡은 2월 13일 말레이시아 공항 작전에서 독살 시도를 막고 표적을 살려낼 수 있는가?,강대위가 VX 해독제를 들고 북한 장남 암살일을 기다린다.,말레이시아 암살정보를 강 대위에게 주고 현장팀과 독살 대응 해독제·의료진을 준비시켜 정권교체가 아닌 협상카드 확보임을 명시한다; 제거 대상이던 북한 2인자가 태우가 개입할 가치가 있는 생존카드로 재정의된다; 경제성장 서사가 국가안보와 북한 내부 변수 창출로 넓어진다,북한 도발을 억제할 생존 변수를 고르고 VX 해독·의료팀을 배치해 계획과 암살 긴장이 높다,"북한 장남 암살정보를 강 대위에게 넘기고 말레이시아 현장팀·독살 대응 해독제·의료진을 준비시킨다. 이 화는 생존카드를 남길 목적과 구조 준비를 소유하며, 독극물 종류와 공항에서 벌어질 구체 수법은 아직 독자에게 공개되지 않는다.","훅은 마지막 프레임의 열린 질문만 세어 10→9 판정; L79277~L79459 수동 재독; 회차 필드 경계 교정, 표본 note를 현재 화 표면으로 교정; L79277~L79459 수동 재독; 회차 필드 경계 교정, 표본 note를 현재 화 표면으로 교정; L79277~L79459 수동 재독; 회차 필드 경계 교정, 표본 note를 현재 화 표면으로 교정; L79277~L79459 수동 재독; 회차 필드 경계 교정, 표본 note를 현재 화 표면으로 교정; L79277~L79459 수동 재독; 회차 필드 경계 교정, 표본 note를 현재 화 표면으로 교정; L79277~L79459 수동 재독; 회차 필드 경계 교정, 표본 note를 현재 화 표면으로 교정; L79277~L79459 수동 재독; 회차 필드 경계 교정, 표본 note를 현재 화 표면으로 교정; L79277~L79459 수동 재독; 회차 필드 경계 교정, 표본 note를 현재 화 표면으로 교정; L79277~L79459 수동 재독; 회차 필드 경계 교정, 표본 note를 현재 화 표면으로 교정; L79277~L79459 수동 재독; 회차 필드 경계 교정, 표본 note를 현재 화 표면으로 교정"
454,454,L79460~L79656,PASS,EDIT,PASS,10,10,9,9,9,8,0.12/0.48/0.08/0.27/0.05,0.12/0.48/0.08/0.27/0.05,두 여성의 공격 직후 아트로핀을 투여하고 태우 의료캠프에서 완전 처치한 뒤 신분을 숨겨 철수시킨다.,회귀기억이 금융예측을 넘어 생명과 한반도 권력구도를 바꾸기 시작한다.,강대위의 안전귀환과 흔적 삭제가 남는다.,VX 공격 직후 해독·치료해 원래 죽을 북한 장남을 살린다.,두 여성의 공격 직후 아트로핀을 투여하고 태우 의료캠프에서 완전 처치한 뒤 신분을 숨겨 철수시킨다; 원래 사망할 표적이 생존해 김민재만 아는 정치적 변수로 확보된다; 회귀기억이 금융예측을 넘어 생명과 한반도 권력구도를 바꾸기 시작한다,공항 공격 직후 아트로핀 투여와 의료캠프 처치·철수가 이어지는 물리적 구조 봉우리다,공항 공격 직후 아트로핀 투여와 의료캠프 처치·철수가 이어지는 물리적 구조 봉우리다,훅은 마지막 프레임의 열린 질문만 세어 9→8 판정
455,455,L79657~L79845,EDIT,EDIT,PASS,7,7,7,7,8,7,0.26/0.22/0.14/0.20/0.18,0.26/0.22/0.14/0.20/0.18,참여자 기억과 기록을 정리한 뒤 정영근 통로의 반응을 추적하고 자동번역·레벨3 자율주행을 연말 목표로 당긴다.,즉석 구출전이 장기 지정학 보험으로 안정화된다.,사우디 정부가 예고한 빈 살만의 방한이 숙청 뒤 우애와 장기 사업동맹을 어떻게 이어갈 것인가?,강대위가 귀환하고 구출 흔적을 지운 채 칭화 반응을 기다린다.,참여자 기억과 기록을 정리한 뒤 정영근 통로의 반응을 추적하고 자동번역·레벨3 자율주행을 연말 목표로 당긴다; 북한 장남이라는 비상카드를 누구도 모르게 확보한 채 중국의 반응을 기다릴 수 있게 된다; 즉석 구출전이 장기 지정학 보험으로 안정화된다,작전 흔적을 지우고 살아난 장남의 파장을 기다려 정보 정리와 불안한 여운이 중심이다,작전 흔적을 지운 뒤 살아난 북한 장남이 만들 파장을 기다린다. 이미 끝낸 구조보다 아무도 모르게 남은 변수가 어디로 번질지가 불안을 붙든다.,훅은 마지막 프레임의 열린 질문만 세어 8→7 판정; L79657~L79845 수동 재독; 범용 중심·비중 문구를 장면 리듬으로 교체; L79657~L79845 수동 재독; 범용 중심·비중 문구를 장면 리듬으로 교체; L79657~L79845 수동 재독; 범용 중심·비중 문구를 장면 리듬으로 교체; L79657~L79845 수동 재독; 범용 중심·비중 문구를 장면 리듬으로 교체; L79657~L79845 수동 재독; 범용 중심·비중 문구를 장면 리듬으로 교체; L79657~L79845 수동 재독; 범용 중심·비중 문구를 장면 리듬으로 교체; L79657~L79845 수동 재독; 범용 중심·비중 문구를 장면 리듬으로 교체; L79657~L79845 수동 재독; 범용 중심·비중 문구를 장면 리듬으로 교체; L79657~L79845 수동 재독; 범용 중심·비중 문구를 장면 리듬으로 교체; L79657~L79845 수동 재독; 범용 중심·비중 문구를 장면 리듬으로 교체; L79657~L79845 수동 재독; 범용 중심·비중 문구를 장면 리듬으로 교체
456,456,L79846~L80027,PASS,EDIT,PASS,6,6,8,8,8,6,0.18/0.12/0.37/0.11/0.22,0.18/0.12/0.37/0.11/0.22,2천억 달러 펀드 중 절반 운용 요청은 거절하되 차기 프로젝트 공동투자를 약속하고 블랙홀·MC소프트를 추천한다.,사우디 정보동맹이 세계 최대급 장기자본 동맹으로 변한다.,사우디 자금이 금융타워 입주와 추가 공동투자로 이어진다.,빈 살만이 1천억 달러 운용을 제안하고 MC소프트 지분을 산다.,2천억 달러 펀드 중 절반 운용 요청은 거절하되 차기 프로젝트 공동투자를 약속하고 블랙홀·MC소프트를 추천한다; 빈 살만이 즉석에서 MC소프트 지분을 사며 김민재의 판단을 절대적으로 신뢰한다; 사우디 정보동맹이 세계 최대급 장기자본 동맹으로 변한다,빈 살만의 2천억 달러 운용 부탁을 조정하고 즉석 투자를 끌어내 개인 신뢰가 가장 강하다,"빈 살만이 2천억 달러 펀드의 절반을 맡기려 하자 김민재는 운용책임을 거절하고 차기 사업 공동투자와 MC소프트를 권한다. 몇 시간 뒤 빈 살만이 MC소프트 지분 10억 달러 계약을 끝내, 왕실 신뢰가 말이 아니라 즉석 투자로 확인된다.",훅은 마지막 프레임의 열린 질문만 세어 8→6 판정; L79846~L80027 수동 재독; 고정 39화 표본 note를 원문 장면·말미 기준으로 교정; L79846~L80027 수동 재독; 고정 39화 표본 note를 원문 장면·말미 기준으로 교정; L79846~L80027 수동 재독; 고정 39화 표본 note를 원문 장면·말미 기준으로 교정
457,457,L80028~L80200,PASS,EDIT,PASS,7,7,6,6,8,6,0.25/0.10/0.27/0.10/0.28,0.25/0.10/0.27/0.10/0.28,사우디 전용층과 퀀텀펀드 연계를 검토하며 최재석의 긴급 호출을 받아 중국 피해기업 지원과 국민연금 외부운용 제안을 듣는다.,기업자본이 국가자금을 움직이는 준공공 금융권력으로 커진다.,국민연금 일부까지 금융타워에 맡기겠다는 최재석의 계획이 태우증권에 새 부담으로 놓인다.,사우디 전용층과 퀀텀펀드 연계를 검토하며 최재석의 긴급 호출을 받아 중국 피해기업 지원과 국민연금 외부운용 제안을 듣는다.; 사우디가 금융타워 입주를 원하고 정부도 태우에게 국민연금 운용을 요청할 만큼 신뢰가 높아진다.; 기업자본이 국가자금을 움직이는 준공공 금융권력으로 커진다.,사우디 전용층과 퀀텀펀드 연계를 검토하며 최재석의 긴급 호출을 받아 중국 피해기업 지원과 국민연금 외부운용 제안을 듣는다; 사우디가 금융타워 입주를 원하고 정부도 태우에게 국민연금 운용을 요청할 만큼 신뢰가 높아진다; 기업자본이 국가자금을 움직이는 준공공 금융권력으로 커진다,사우디 입주와 국민연금 외부운용 규모를 논의해 국가·왕실 신뢰와 거대 자금이 균형을 이룬다,사우디 입주와 국민연금 외부운용 규모를 논의해 국가·왕실 신뢰와 거대 자금이 균형을 이룬다,훅은 마지막 프레임의 열린 질문만 세어 8→6 판정
458,458,L80201~L80369,PASS,EDIT,PASS,4,4,6,6,8,6,0.32/0.11/0.12/0.08/0.37,0.32/0.11/0.12/0.08/0.37,출시 직전인 블랙홀의 배틀 아레나를 공개 가능한 시험대상으로 고르고 트럼프의 알래스카 유전개발 요청도 장기 전략자산으로 검토한다.,사우디 자본을 다룬 신뢰가 한국 공적기금과 미국 에너지사업으로 번진다.,배틀 아레나 출시 성적으로 국민연금 운용능력을 증명한다.,배틀 아레나와 알래스카 유전을 공적자금의 검증 카드로 고른다.,출시 직전인 블랙홀의 배틀 아레나를 공개 가능한 시험대상으로 고르고 트럼프의 알래스카 유전개발 요청도 장기 전략자산으로 검토한다; 흥행 가능성이 높은 게임과 규제완화된 유전이라는 두 저점자산이 운용 첫 카드로 선정된다; 사우디 자본을 다룬 신뢰가 한국 공적기금과 미국 에너지사업으로 번진다,배틀 아레나와 알래스카 유전을 첫 운용 카드로 비교해 저점자산 판단에 독자가 머문다,배틀 아레나와 알래스카 유전을 첫 운용 카드로 비교해 저점자산 판단에 독자가 머문다,훅은 마지막 프레임의 열린 질문만 세어 8→6 판정
459,459,L80370~L80531,PASS,EDIT,PASS,4,4,9,9,8,7,0.18/0.14/0.10/0.10/0.48,0.18/0.14/0.10/0.10/0.48,게임 수익을 투명하게 공개하고 MCA 레코드와 함께 초대형 구형 공연장 건설안을 6조 원 규모로 설계한다.,금융운용 신뢰가 문화산업의 독점적 기반시설 투자로 전환된다.,6조 공연장을 위해 정부 규제를 풀어야 한다.,게임 흥행을 발판으로 장기 기술주와 6조 구형 공연장을 설계한다.,게임 수익을 투명하게 공개하고 MCA 레코드와 함께 초대형 구형 공연장 건설안을 6조 원 규모로 설계한다; 배틀 아레나 흥행이 첫 운용성과가 되고 라스베이거스급 공연장보다 두 배 큰 계획이 세워진다; 금융운용 신뢰가 문화산업의 독점적 기반시설 투자로 전환된다,게임 흥행 수익이 공개되고 6조 원 공연장 구상이 붙어 가시적 보상과 규모감이 압도한다,"배틀 아레나 출시 반응과 국민연금 수익을 투명하게 공개한 뒤 MCA 레코드와 공연장 부지를 논의한다. 라스베이거스 계획의 두 배인 6조 원 구형 공연장을 꺼내는 순간, 지급된 게임 수익이 아직 규제를 풀어야 할 장기 실물사업으로 커진다.",훅은 마지막 프레임의 열린 질문만 세어 8→7 판정; L80370~L80531 수동 재독; 고정 39화 표본 note를 원문 장면·말미 기준으로 교정; L80370~L80531 수동 재독; 고정 39화 표본 note를 원문 장면·말미 기준으로 교정; L80370~L80531 수동 재독; 고정 39화 표본 note를 원문 장면·말미 기준으로 교정
460,460,L80532~L80714,EDIT,EDIT,PASS,6,6,7,7,8,7,0.22/0.18/0.25/0.08/0.27,0.22/0.18/0.25/0.08/0.27,샤를로트의 진동우에게 승계 조언을 주고 미국 IT기업의 망사용료를 태우통신이 절반에 계약하도록 지시한다.,국부·연금 자본의 장이 통신 인프라와 재벌 승계라는 다음 권력전으로 이동한다.,태우통신이 미국 IT 기업과 반값 망사용료 계약을 실제 체결한 뒤 다른 통신사·정치권·여론은 어떻게 반응할 것인가?,샤를로트의 진동우에게 승계 조언을 주고 미국 IT기업의 망사용료를 태우통신이 절반에 계약하도록 지시한다.; 공연장 규제해소와 파격적 망사용료가 새 시장질서를 만드는 실행안으로 확정된다.; 국부·연금 자본의 장이 통신 인프라와 재벌 승계라는 다음 권력전으로 이동한다.,샤를로트의 진동우에게 승계 조언을 주고 미국 IT기업의 망사용료를 태우통신이 절반에 계약하도록 지시한다; 공연장 규제해소와 파격적 망사용료가 새 시장질서를 만드는 실행안으로 확정된다; 국부·연금 자본의 장이 통신 인프라와 재벌 승계라는 다음 권력전으로 이동한다,진동우에게 승계를 조언하고 글로벌 IT기업에 반값 망 계약을 제시해 관계·시장조건이 중심이다,"샤를로트의 진동우에게 승계 해법을 조언하는 대화와 미국 IT기업 망사용료를 절반으로 계약하라는 지시가 이어진다. 실제 반값 계약은 아직 없으며, 국부·연금 자본의 다음 전장이 통신 인프라와 재벌 승계라는 선언이 두 사건을 느슨하게 잇는다.","훅은 마지막 프레임의 열린 질문만 세어 8→7 판정; L80532~L80714 수동 재독; 점수·리본 유지, 기계적 note만 장면별 편집문으로 교체; L80532~L80714 수동 재독; 기계적 note를 장면별 편집문으로 교체; L80532~L80714 수동 재독; 기계적 note를 장면별 편집문으로 교체; L80532~L80714 수동 재독; 기계적 note를 장면별 편집문으로 교체; L80532~L80714 수동 재독; 기계적 note를 장면별 편집문으로 교체; L80532~L80714 수동 재독; 기계적 note를 장면별 편집문으로 교체; L80532~L80714 수동 재독; 기계적 note를 장면별 편집문으로 교체; L80532~L80714 수동 재독; 기계적 note를 장면별 편집문으로 교체; L80532~L80714 수동 재독; 기계적 note를 장면별 편집문으로 교체; L80532~L80714 수동 재독; 기계적 note를 장면별 편집문으로 교체; L80532~L80714 수동 재독; 기계적 note를 장면별 편집문으로 교체; L80532~L80714 수동 재독; 기계적 note를 장면별 편집문으로 교체; L80532~L80714 수동 재독; 기계적 note를 장면별 편집문으로 교체"
461,461,L80715~L80890,EDIT,EDIT,PASS,7,7,7,7,8,7,0.22/0.19/0.31/0.08/0.20,0.22/0.19/0.31/0.08/0.20,망사용료 분쟁을 여론전으로 버티고 손정우에게 엔비디아 지분 담보 35억 달러 무이자 대출과 기존 일본-미국 해저케이블 지분 매매를 제안해 협상 합의를 얻는다. 귀국 뒤 한국-미국 직통 케이블 준비를 지시한다.,쇼프트뱅크의 기존 해저케이블 지분 매매 합의와 엔비디아 지분 담보권을 얻는다. 새 직통 케이블 공동투자 계약은 아직 전이다.,구글·아마존·페이스북과 한국-미국 직통 해저케이블 공동투자를 실제 계약·착공으로 만들 수 있는가?,경쟁 통신사의 방통위 제소는 여론압박으로 버티며 손정우에게 해저케이블 협력과 엔비디아 주식 담보형 투자·대출을 제안한다.; 손정우가 저평가한 엔비디아 지분을 넘기는 대가로 미국·일본 직결 케이블 비용을 함께 부담한다.; 반값 계약이 국제망 지위와 미래 반도체 지분을 사는 레버리지로 변한다.,"망사용료 분쟁을 여론전으로 버티고 손정우에게 엔비디아 지분 담보 35억 달러 무이자 대출과 기존 일본-미국 해저케이블 지분 매매를 제안해 협상 합의를 얻는다. 귀국 뒤 한국-미국 직통 케이블 준비를 지시한다; 손정우는 기존 해저케이블 지분 매각과 엔비디아 담보대출 제안을 받아들이지만, 새 한국-미국 케이블의 미국 IT기업 공동투자는 아직 준비·지시 단계다; 쇼프트뱅크의 기존 해저케이블 지분 매매 합의와 엔비디아 지분 담보권을 얻는다. 새 직통 케이블 공동투자 계약은 아직 전이다",규제 반발 속 손정우와 해저케이블·엔비디아 담보를 맞바꾸는 동맹 협상이 지배한다,"망사용료 여론전을 버틴 뒤 손정우에게 엔비디아 지분 담보 35억 달러 무이자 대출과 기존 일본-미국 해저케이블 지분 매매를 맞바꾼다. 귀국 즉시 한국-미국 직통선을 준비시키지만 구글·아마존·페이스북 공동투자는 계약 전이라, 손에 든 담보권과 앞으로 깔 선로가 분리된다.","훅은 마지막 프레임의 열린 질문만 세어 8→7 판정; L80715~L80890 수동 재독; 점수·리본 유지, 기계적 note만 장면별 편집문으로 교체; L80715~L80890 수동 재독; 기계적 note를 장면별 편집문으로 교체; L80715~L80890 수동 재독; 기계적 note를 장면별 편집문으로 교체; L80715~L80890 수동 재독; 기계적 note를 장면별 편집문으로 교체; L80715~L80890 수동 재독; 기계적 note를 장면별 편집문으로 교체; L80715~L80890 수동 재독; 기계적 note를 장면별 편집문으로 교체; L80715~L80890 수동 재독; 기계적 note를 장면별 편집문으로 교체; L80715~L80890 수동 재독; 기계적 note를 장면별 편집문으로 교체; L80715~L80890 수동 재독; 기계적 note를 장면별 편집문으로 교체; L80715~L80890 수동 재독; 기계적 note를 장면별 편집문으로 교체; L80715~L80890 수동 재독; 기계적 note를 장면별 편집문으로 교체; L80715~L80890 수동 재독; 기계적 note를 장면별 편집문으로 교체; L80715~L80890 수동 재독; 기계적 note를 장면별 편집문으로 교체"
462,462,L80891~L81043,PASS,EDIT,PASS,5,5,8,8,6,7,0.26/0.22/0.18/0.09/0.25,0.26/0.22/0.18/0.09/0.25,이주영 사장의 소극적 투자안을 뒤집어 수조 원대 인프라와 실패 가능성이 큰 차세대 통신기술까지 승인한다.,국내 3사 중 하나였던 통신사가 국제망 가격을 정할 상위사업자가 된다.,국제유가가 한 달 새 약 10달러 빠진 가운데 곧 50달러를 회복할 시점과 코로나기의 재폭락 가능성이 함께 열린다.,이주영 사장의 소극적 투자안을 뒤집어 수조 원대 인프라와 실패 가능성이 큰 차세대 통신기술까지 승인한다.; 글로벌 회사들과 계약한 인프라를 바탕으로 태우통신의 1티어 승격이 확정된다.; 국내 3사 중 하나였던 통신사가 국제망 가격을 정할 상위사업자가 된다.,이주영 사장의 소극적 투자안을 뒤집어 수조 원대 인프라와 실패 가능성이 큰 차세대 통신기술까지 승인한다; 글로벌 회사들과 계약한 인프라를 바탕으로 태우통신의 1티어 승격이 확정된다; 국내 3사 중 하나였던 통신사가 국제망 가격을 정할 상위사업자가 된다,수조 원 인프라와 실패 위험 기술까지 승인해 1티어 통신망의 비용·실행 판단이 크게 읽힌다,"경쟁 통신사와 방통위의 압박 속에서도 수조 원 인프라와 실패 위험이 큰 차세대 기술 투자를 승인한다. 태우통신의 1티어 승격과 요금동결 여력이 지급된 뒤 한 달 새 10달러 빠진 유가가 언급돼, 통신 결산이 다음 원자재 판으로 자연스럽게 넘어간다.",훅은 마지막 프레임의 열린 질문만 세어 6→7 판정; L80891~L81043 수동 재독; 고정 39화 표본 note를 원문 장면·말미 기준으로 교정; L80891~L81043 수동 재독; 고정 39화 표본 note를 원문 장면·말미 기준으로 교정; L80891~L81043 수동 재독; 고정 39화 표본 note를 원문 장면·말미 기준으로 교정
463,463,L81044~L81207,PASS,EDIT,PASS,9,9,4,4,9,8,0.42/0.23/0.08/0.18/0.09,0.42/0.23/0.08/0.18/0.09,JIS 공개수치와 실험값을 비교해 조작을 확인하고 태우 자동차·항공 계열의 일본산 알루미늄 부품을 비공개로 교체한다.,단순 품질점검이 러시아 공장 매각과 일본 경쟁사 타격을 설계할 선행정보가 된다.,원유 상승기에 알래스카 유전이라는 또 다른 미끼가 문다.,일본 철강 데이터 조작을 재시험으로 확인하고 선제교체한다.,JIS 공개수치와 실험값을 비교해 조작을 확인하고 태우 자동차·항공 계열의 일본산 알루미늄 부품을 비공개로 교체한다; 일본 철강 데이터 조작이 자동차·비행기·로켓까지 번진 구조적 폭탄임이 드러난다; 단순 품질점검이 러시아 공장 매각과 일본 경쟁사 타격을 설계할 선행정보가 된다,JIS 수치와 실험값의 불일치가 드러나고 부품을 은밀히 교체해 정보 충격이 최고조다,"연구소 재시험에서 JIS 공개수치와 실제 알루미늄 값이 어긋나자 자동차·항공 부품을 조용히 교체한다. 일본 품질조작이라는 시간우위를 잡은 뒤 데이비드가 알래스카 유전 참여기업이 나타났다고 알려, 실험실의 위험이 미국 자산 미끼로 이어진다.",훅은 마지막 프레임의 열린 질문만 세어 9→8 판정; L81044~L81207 수동 재독; 고정 39화 표본 note를 원문 장면·말미 기준으로 교정; L81044~L81207 수동 재독; 고정 39화 표본 note를 원문 장면·말미 기준으로 교정; L81044~L81207 수동 재독; 고정 39화 표본 note를 원문 장면·말미 기준으로 교정
464,464,L81208~L81389,PASS,PASS,PASS,5,5,7,7,7,7,0.23/0.13/0.31/0.08/0.25,0.23/0.13/0.31/0.08/0.25,5년간 400억 달러 전액투자와 100% 지분을 제안한 뒤 미국 측 5% 참여안을 받아 25%만 우선 보유하고 폭락기에 재매수하는 구조를 만든다.,대통령 인맥이 북미 에너지 저점매수권으로 전환된다.,연말 비트코인 폭락 전 매각과 늘어난 선박 활용을 지시한다.,트럼프가 알래스카 규제철폐와 10년 시추권을 약속한다.,5년간 400억 달러 전액투자와 100% 지분을 제안한 뒤 미국 측 5% 참여안을 받아 25%만 우선 보유하고 폭락기에 재매수하는 구조를 만든다; 트럼프가 10년 이상 시추와 연내 규제철폐를 약속해 장기 개발권이 열린다; 대통령 인맥이 북미 에너지 저점매수권으로 전환된다,알래스카 400억 달러 투자와 미국 5퍼센트 참여안을 흥정해 정책관계와 지분 구조가 중심이다,알래스카 400억 달러 투자와 미국 측 5퍼센트 참여안을 흥정한다. 거대한 개발비를 누가 내고 어느 만큼 소유할지 숫자를 맞추는 동안 국가정책이 지분표로 바뀐다.,기존 점수·리본 유지; 원문 하드 경계와 인접 회차 대비 재확인; L81208~L81389 수동 재독; 범용 중심·비중 문구를 장면 리듬으로 교체; L81208~L81389 수동 재독; 범용 중심·비중 문구를 장면 리듬으로 교체; L81208~L81389 수동 재독; 범용 중심·비중 문구를 장면 리듬으로 교체; L81208~L81389 수동 재독; 범용 중심·비중 문구를 장면 리듬으로 교체; L81208~L81389 수동 재독; 범용 중심·비중 문구를 장면 리듬으로 교체; L81208~L81389 수동 재독; 범용 중심·비중 문구를 장면 리듬으로 교체; L81208~L81389 수동 재독; 범용 중심·비중 문구를 장면 리듬으로 교체; L81208~L81389 수동 재독; 범용 중심·비중 문구를 장면 리듬으로 교체; L81208~L81389 수동 재독; 범용 중심·비중 문구를 장면 리듬으로 교체; L81208~L81389 수동 재독; 범용 중심·비중 문구를 장면 리듬으로 교체; L81208~L81389 수동 재독; 범용 중심·비중 문구를 장면 리듬으로 교체
465,465,L81390~L81551,PASS,EDIT,PASS,5,5,8,8,8,6,0.31/0.18/0.10/0.06/0.35,0.31/0.18/0.10/0.06/0.35,헤스와 중국기업 지분에 300억 달러 이상을 투입해 70%를 확보하고 금융타워에는 세력에게 첫 이익을 준 뒤 하락장에서 탈탈 털 계획을 세운다.,지분 참여 전략이 에너지·금융·신기술 브랜드 전반의 선점 방식으로 굳어진다.,수익성을 장담할 수 없어도 인재·기업·VR 기기를 동원해 태우를 메타버스 선두주자로 보이게 만들기로 한다.,헤스와 중국기업 지분에 300억 달러 이상을 투입해 70%를 확보하고 금융타워에는 세력에게 첫 이익을 준 뒤 하락장에서 탈탈 털 계획을 세운다.; 가이아나 지배지분과 비트코인 무손실 탈출계획이 확정되고 천민정은 메타버스 선도 이미지를 즉시 받아든다.; 지분 참여 전략이 에너지·금융·신기술 브랜드 전반의 선점 방식으로 굳어진다.,헤스와 중국기업 지분에 300억 달러 이상을 투입해 70%를 확보하고 금융타워에는 세력에게 첫 이익을 준 뒤 하락장에서 탈탈 털 계획을 세운다; 가이아나 지배지분과 비트코인 무손실 탈출계획이 확정되고 천민정은 메타버스 선도 이미지를 즉시 받아든다; 지분 참여 전략이 에너지·금융·신기술 브랜드 전반의 선점 방식으로 굳어진다,가이아나 70퍼센트 지분과 비트코인 청산·메타버스 선점을 한꺼번에 계산하는 자산 설계 회차다,가이아나 70퍼센트 지분과 비트코인 청산·메타버스 선점을 한꺼번에 계산하는 자산 설계 회차다,훅은 마지막 프레임의 열린 질문만 세어 8→6 판정
466,466,L81552~L81719,PASS,EDIT,PASS,6,6,6,6,8,7,0.33/0.20/0.10/0.07/0.30,0.33/0.20/0.10/0.07/0.30,신약 이익을 10년 성장기반에 재투자하고 명동의 정보망까지 점검한 뒤 이영한에게 10조 원 규모 시장과 비트코인 청산 시점을 알려 준다.,개인 회귀자의 대비가 조직·정보망 차원의 선제 대응으로 확장된다.,"이영한은 반도체 도시 지원의 대가로 연말 규제 전 비트코인 청산 시점을 받고, 명동 정보망은 다음 먹이를 얻는다.",신약 이익을 10년 성장기반에 재투자하고 명동의 정보망까지 점검한 뒤 이영한에게 10조 원 규모 시장과 비트코인 청산 시점을 알려 준다.; 완전 소유 신약과 10년 준비한 소재가 장기투자 비용을 감당할 현금원이 된다.; 개인 회귀자의 대비가 조직·정보망 차원의 선제 대응으로 확장된다.,신약 이익을 10년 성장기반에 재투자하고 명동의 정보망까지 점검한 뒤 이영한에게 10조 원 규모 시장과 비트코인 청산 시점을 알려 준다; 완전 소유 신약과 10년 준비한 소재가 장기투자 비용을 감당할 현금원이 된다; 개인 회귀자의 대비가 조직·정보망 차원의 선제 대응으로 확장된다,신약 현금을 소재·제약·화학에 재배치하고 정보망과 코인 청산시점을 점검하는 준비 회차다,신약 현금을 소재·제약·화학에 재배치하고 정보망과 코인 청산시점을 점검하는 준비 회차다,훅은 마지막 프레임의 열린 질문만 세어 8→7 판정
467,467,L81720~L81885,EDIT,EDIT,PASS,7,7,6,6,8,7,0.28/0.15/0.20/0.11/0.26,0.28/0.15/0.20/0.11/0.26,"호남 인재 가산점과 1만 명 고용을 약속하고 중국 내연기관 공장 철수·러시아 재침공 가능성을 설명한 뒤, IIT 대학원생 여섯 명의 AI 사무프로그램에 장학금·특허 매입·태우 취업 조건을 지시한다.",중러 공장 철수의 정치적 방패와 AI 사무프로그램·인재 보상 지시를 얻는다. 새만금 1만 명 채용과 특허권 확보는 실행 전이다.,장학금·태우 취업 조건을 받은 여섯 대학원생과 AI 사무프로그램을 실제 특허·제품으로 묶을 수 있는가?,중러 철수비용을 새만금 1만 명 배터리 일자리로 전환한다.,"호남 인재 가산점과 1만 명 고용을 약속하고 중국 내연기관 공장 철수·러시아 재침공 가능성을 설명한 뒤, IIT 대학원생 여섯 명의 AI 사무프로그램에 장학금·특허 매입·태우 취업 조건을 지시한다; 정부는 지역고용 명분을 받아들이고, 대학원생 여섯 명은 프로그램 성과의 대가로 장학금과 장기 취업 경로를 받는다. 실제 1만 명 채용과 특허 이전은 아직 전이다; 중러 공장 철수의 정치적 방패와 AI 사무프로그램·인재 보상 지시를 얻는다. 새만금 1만 명 채용과 특허권 확보는 실행 전이다",새만금 고용과 중러 공장 철수를 정부에 설명해 산업정보·정치 합의·투자비중이 고르게 높다,호남 인재 가산점·1만 명 고용과 중국 내연기관 공장 철수의 정치 방패를 먼저 최재석과 맞춘다. IIT 대학원생 여섯 명의 AI 사무프로그램에 장학금·특허 매입·태우 취업을 지시하는 후반은 실제 채용과 특허 이전 전이라 인재 발견의 기대를 길게 남긴다.,"훅은 마지막 프레임의 열린 질문만 세어 8→7 판정; L81720~L81885 수동 재독; 점수·리본 유지, 기계적 note만 장면별 편집문으로 교체; L81720~L81885 수동 재독; 기계적 note를 장면별 편집문으로 교체; L81720~L81885 수동 재독; 기계적 note를 장면별 편집문으로 교체; L81720~L81885 수동 재독; 기계적 note를 장면별 편집문으로 교체; L81720~L81885 수동 재독; 기계적 note를 장면별 편집문으로 교체; L81720~L81885 수동 재독; 기계적 note를 장면별 편집문으로 교체; L81720~L81885 수동 재독; 기계적 note를 장면별 편집문으로 교체; L81720~L81885 수동 재독; 기계적 note를 장면별 편집문으로 교체; L81720~L81885 수동 재독; 기계적 note를 장면별 편집문으로 교체; L81720~L81885 수동 재독; 기계적 note를 장면별 편집문으로 교체; L81720~L81885 수동 재독; 기계적 note를 장면별 편집문으로 교체; L81720~L81885 수동 재독; 기계적 note를 장면별 편집문으로 교체; L81720~L81885 수동 재독; 기계적 note를 장면별 편집문으로 교체"
468,468,L81886~L82070,PASS,EDIT,PASS,7,7,5,5,9,8,0.26/0.22/0.20/0.12/0.20,0.26/0.22/0.20/0.12/0.20,도박·범죄자금 유입을 추적하며 규제 전 마지막 상승을 기다리고 현재자동차 장경준에게 태우의 러시아 철수 이유와 매입기회를 흘린다.,금융·산업의 잠재위험을 상대에게 넘기는 두 개의 폭탄돌리기가 병행된다.,장경준은 태우의 러시아 공장 매각에 숨은 이유가 있다는 경고만 받은 채 인수 여부를 스스로 골라야 한다.,도박·범죄자금 유입을 추적하며 규제 전 마지막 상승을 기다리고 현재자동차 장경준에게 태우의 러시아 철수 이유와 매입기회를 흘린다.; 장경준은 태우가 단순히 전기차 집중 때문에 러시아 공장을 파는 것이 아니라는 경고를 듣고 인수 여부를 고민한다.; 금융·산업의 잠재위험을 상대에게 넘기는 두 개의 폭탄돌리기가 병행된다.,도박·범죄자금 유입을 추적하며 규제 전 마지막 상승을 기다리고 현재자동차 장경준에게 태우의 러시아 철수 이유와 매입기회를 흘린다; 장경준은 태우가 단순히 전기차 집중 때문에 러시아 공장을 파는 것이 아니라는 경고를 듣고 인수 여부를 고민한다; 금융·산업의 잠재위험을 상대에게 넘기는 두 개의 폭탄돌리기가 병행된다,범죄자금 추적과 장경준에게 흘린 공장 정보가 인수경쟁을 불러 전략 행동과 관계 압박이 맞선다,범죄자금 추적과 장경준에게 흘린 공장 정보가 인수경쟁을 불러 전략 행동과 관계 압박이 맞선다,훅은 마지막 프레임의 열린 질문만 세어 9→8 판정
469,469,L82071~L82248,EDIT,EDIT,PASS,8,8,5,5,9,8,0.22/0.17/0.32/0.09/0.20,0.22/0.17/0.32/0.09/0.20,한 부회장이 단독협상처럼 보이게 뜸을 들이고 일본업체들의 유럽진출 욕망을 자극해 공장 전체를 묶어 제시한다.,도요타가 러시아 공장 묶음 가격을 합리적이라고 평가하고 일본 기업연합을 꾸릴 시간을 요청한다. 매각 계약·대금은 아직 전이다.,일본 기업연합이 철강 데이터 조작 리콜을 모른 채 최종 매각계약과 대금 지급까지 들어올 것인가?,도요타 등 일본 연합이 러시아 공장 전체 인수에 다가온다.,한 부회장이 단독협상처럼 보이게 뜸을 들이고 일본업체들의 유럽진출 욕망을 자극해 공장 전체를 묶어 제시한다; 도요타가 합리적 가격이라 평가하며 일본 기업연합을 꾸릴 시간을 요구한다; 도요타가 러시아 공장 묶음 가격을 합리적이라고 평가하고 일본 기업연합을 꾸릴 시간을 요청한다. 매각 계약·대금은 아직 전이다,일본 기업의 유럽 욕망을 자극해 연합 협상을 만들므로 대면 힘겨루기와 신뢰 위장이 중심이다,"한 부회장은 단독협상처럼 보이도록 답을 늦추고 일본 업체들의 유럽 진출 욕망을 자극해 러시아 공장 묶음을 내민다. 도요타가 가격을 받아들이고 연합 구성 시간을 요청하는 데서 멈춰, 계약금보다 누가 먼저 동료를 모아 올지가 마지막에 남는다.","훅은 마지막 프레임의 열린 질문만 세어 9→8 판정; L82071~L82248 수동 재독; 점수·리본 유지, 기계적 note만 장면별 편집문으로 교체; L82071~L82248 수동 재독; 기계적 note를 장면별 편집문으로 교체; L82071~L82248 수동 재독; 기계적 note를 장면별 편집문으로 교체; L82071~L82248 수동 재독; 기계적 note를 장면별 편집문으로 교체; L82071~L82248 수동 재독; 기계적 note를 장면별 편집문으로 교체; L82071~L82248 수동 재독; 기계적 note를 장면별 편집문으로 교체; L82071~L82248 수동 재독; 기계적 note를 장면별 편집문으로 교체; L82071~L82248 수동 재독; 기계적 note를 장면별 편집문으로 교체; L82071~L82248 수동 재독; 기계적 note를 장면별 편집문으로 교체; L82071~L82248 수동 재독; 기계적 note를 장면별 편집문으로 교체; L82071~L82248 수동 재독; 기계적 note를 장면별 편집문으로 교체; L82071~L82248 수동 재독; 기계적 note를 장면별 편집문으로 교체, 편집 메타어를 실제 장면·숫자·사람 반응으로 교체; L82071~L82248 수동 재독; 기계적 note를 장면별 편집문으로 교체, 편집 메타어를 실제 장면·숫자·사람 반응으로 교체"
470,470,L82249~L82431,PASS,EDIT,PASS,8,8,9,9,8,6,0.15/0.22/0.17/0.09/0.37,0.15/0.22/0.17/0.09/0.37,모든 자동차·전자공장을 매각하되 5년 임차를 제시하고 도요타에는 2년 특례를 주어 계약·대금 입금을 완료한 뒤 선제 리콜 범위를 5천 대로 줄인다.,중러 철수 대비가 현금회수·생산연속성·경쟁사 부담 전가로 완성된다.,방한한 러시아 측이 철수 의혹을 묻자 더 큰 신규공장을 약속한다.,러시아 공장을 팔고 임차생산권·제한적 리콜만 남긴다.,모든 자동차·전자공장을 매각하되 5년 임차를 제시하고 도요타에는 2년 특례를 주어 계약·대금 입금을 완료한 뒤 선제 리콜 범위를 5천 대로 줄인다; 일본 측 대출까지 동원된 매각이 끝나고 태우는 점검차량을 제외한 약 5천 대만 리콜하면 된다; 중러 철수 대비가 현금회수·생산연속성·경쟁사 부담 전가로 완성된다,러시아 공장 매각대금 입금과 5년 임차·리콜 축소가 확정돼 실물 보상 비중이 크게 솟는다,러시아 공장 매각대금이 입금되고 5년 임차와 리콜 축소 조건이 확정된다. 일본 업체의 급한 선택이 현금·공장 운영권·피해 축소로 돌아와 앞선 협상의 결과를 한꺼번에 보여 준다.,훅은 마지막 프레임의 열린 질문만 세어 8→6 판정; L82249~L82431 수동 재독; 편집 메타어를 실제 장면·숫자·사람 반응으로 교체; L82249~L82431 수동 재독; 편집 메타어를 실제 장면·숫자·사람 반응으로 교체
471,471,L82432~L82611,PASS,PASS,PASS,6,6,7,7,7,7,0.29/0.12/0.34/0.08/0.17,0.29/0.12/0.34/0.08/0.17,한 부회장에게 몽골 투자 확대를 지시하고 베이징의 리강에게 중국 공장 축소는 철수가 아니라 일대일로 물류 참여를 위한 재배치라고 설명한다.,방어적 철수가 미중전쟁기에 쓸 자원·운송망 저점매수로 재정의된다.,리강은 시간이 지나면 한국이 중국에 굴복한다고 믿지만 김민재는 시간이 태우 편이라고 단정한다.,한 부회장에게 몽골 투자 확대를 지시하고 베이징의 리강에게 중국 공장 축소는 철수가 아니라 일대일로 물류 참여를 위한 재배치라고 설명한다.; 리강이 자원독점보다 운송수익을 남기는 태우의 명분을 받아들이며 즉각 충돌을 피한다.; 방어적 철수가 미중전쟁기에 쓸 자원·운송망 저점매수로 재정의된다.,한 부회장에게 몽골 투자 확대를 지시하고 베이징의 리강에게 중국 공장 축소는 철수가 아니라 일대일로 물류 참여를 위한 재배치라고 설명한다; 리강이 자원독점보다 운송수익을 남기는 태우의 명분을 받아들이며 즉각 충돌을 피한다; 방어적 철수가 미중전쟁기에 쓸 자원·운송망 저점매수로 재정의된다,리강에게 중국 공장 축소를 일대일로 재배치로 설득하는 외교적 관계 조율이 중심이다,리강에게 중국 공장 축소를 일대일로 재배치로 설명한다. 철수를 모욕이 아니라 중국의 대외사업을 돕는 이동으로 포장해 관계를 깨지 않고 출구를 만든다.,기존 점수·리본 유지; 원문 하드 경계와 인접 회차 대비 재확인; L82432~L82611 수동 재독; 범용 중심·비중 문구를 장면 리듬으로 교체; L82432~L82611 수동 재독; 범용 중심·비중 문구를 장면 리듬으로 교체; L82432~L82611 수동 재독; 범용 중심·비중 문구를 장면 리듬으로 교체; L82432~L82611 수동 재독; 범용 중심·비중 문구를 장면 리듬으로 교체; L82432~L82611 수동 재독; 범용 중심·비중 문구를 장면 리듬으로 교체; L82432~L82611 수동 재독; 범용 중심·비중 문구를 장면 리듬으로 교체; L82432~L82611 수동 재독; 범용 중심·비중 문구를 장면 리듬으로 교체; L82432~L82611 수동 재독; 범용 중심·비중 문구를 장면 리듬으로 교체; L82432~L82611 수동 재독; 범용 중심·비중 문구를 장면 리듬으로 교체; L82432~L82611 수동 재독; 범용 중심·비중 문구를 장면 리듬으로 교체; L82432~L82611 수동 재독; 범용 중심·비중 문구를 장면 리듬으로 교체
472,472,L82612~L82783,PASS,EDIT,PASS,10,10,8,8,9,8,0.18/0.37/0.12/0.22/0.11,0.18/0.37/0.12/0.22/0.11,상납을 유지해 운송로를 열어 둔 채 금융타워·해외 연구소·언론을 동원하고 태우·카이·GM의 선제 리콜과 다국가 소송을 발표한다.,중국에 숙인 굴욕이 일본 산업과 금융시장에 가하는 대규모 반격으로 전환된다.,일본 대사가 다녀간 청와대가 김민재를 긴급 호출한다.,몽골 운송권을 받고 일본 철강 조작을 세계 언론·리콜로 터뜨린다.,상납을 유지해 운송로를 열어 둔 채 금융타워·해외 연구소·언론을 동원하고 태우·카이·GM의 선제 리콜과 다국가 소송을 발표한다; 조작 인정·리콜·항공사 문제제기가 이어져 일본 정부의 방어에도 사건이 세계 이슈가 된다; 중국에 숙인 굴욕이 일본 산업과 금융시장에 가하는 대규모 반격으로 전환된다,다국가 언론·소송·선제 리콜을 동시에 터뜨려 일본 품질조작 공개 행동과 충격이 봉우리 친다,다국가 언론·소송·선제 리콜을 동시에 터뜨려 일본 품질조작 공개 행동과 충격이 봉우리 친다,훅은 마지막 프레임의 열린 질문만 세어 9→8 판정
473,473,L82784~L82957,PASS,EDIT,PASS,9,9,7,7,8,7,0.16/0.32/0.22/0.20/0.10,0.16/0.32/0.22/0.20/0.10,삼권·외교 부담은 대통령이 피하도록 자신이 결정을 떠안고 주말까지 전국 정비망을 돌려 문제부품을 교체한다.,기업의 선제 안전조치가 정부의 외교적 선택지를 지키는 방패가 된다.,서비스센터에 오지 않은 고객에게까지 찾아가 부품을 교체해 태우의 신뢰를 끝까지 높이기로 한다.,삼권·외교 부담은 대통령이 피하도록 자신이 결정을 떠안고 주말까지 전국 정비망을 돌려 문제부품을 교체한다.; 최재석이 원칙을 택하고 태우의 교체속도가 붙으며 다국가 소송이 일본 방어막을 흔든다.; 기업의 선제 안전조치가 정부의 외교적 선택지를 지키는 방패가 된다.,삼권·외교 부담은 대통령이 피하도록 자신이 결정을 떠안고 주말까지 전국 정비망을 돌려 문제부품을 교체한다; 최재석이 원칙을 택하고 태우의 교체속도가 붙으며 다국가 소송이 일본 방어막을 흔든다; 기업의 선제 안전조치가 정부의 외교적 선택지를 지키는 방패가 된다,최재석 대신 책임을 떠안고 전국 정비망을 돌려 부품을 바꾸는 행동과 정치 신뢰가 크다,최재석 대신 책임을 떠안고 전국 정비망을 돌려 부품을 바꾸는 행동과 정치 신뢰가 크다,훅은 마지막 프레임의 열린 질문만 세어 8→7 판정
474,474,L82958~L83125,PASS,EDIT,PASS,8,8,5,5,9,8,0.28/0.30/0.12/0.16/0.14,0.28/0.30/0.12/0.16/0.14,부품연구소에 해외차 전수검사를 맡기고 명동에는 일본 테스트 관계자 접촉을 지시하며 금융타워는 세력이 빠져나가지 않도록 호재를 뿌린다.,저점매수 준비가 산업정보전과 금융 함정이라는 두 축으로 넓어진다.,이영한은 일본 신차 테스트에 조금이라도 관여한 현직·퇴직자를 수단과 방법을 가리지 않고 찾아야 한다.,부품연구소에 해외차 전수검사를 맡기고 명동에는 일본 테스트 관계자 접촉을 지시하며 금융타워는 세력이 빠져나가지 않도록 호재를 뿌린다.; 이영한의 일본 조직 자금망이 현직·퇴직 시험인력까지 찾을 우회통로가 된다.; 저점매수 준비가 산업정보전과 금융 함정이라는 두 축으로 넓어진다.,부품연구소에 해외차 전수검사를 맡기고 명동에는 일본 테스트 관계자 접촉을 지시하며 금융타워는 세력이 빠져나가지 않도록 호재를 뿌린다; 이영한의 일본 조직 자금망이 현직·퇴직 시험인력까지 찾을 우회통로가 된다; 저점매수 준비가 산업정보전과 금융 함정이라는 두 축으로 넓어진다,일본차 전수검사와 시험 관계자 포섭을 병행해 증거를 좁혀 가는 조사 행동이 지배한다,일본차 전수검사와 시험 관계자 포섭을 함께 진행해 조작증거를 좁힌다. 차량을 부수는 물리시험과 사람을 움직이는 조사가 맞물려 다음 공개폭로의 확실성을 높인다.,훅은 마지막 프레임의 열린 질문만 세어 9→8 판정; L82958~L83125 수동 재독; 편집 메타어를 실제 장면·숫자·사람 반응으로 교체; L82958~L83125 수동 재독; 편집 메타어를 실제 장면·숫자·사람 반응으로 교체
475,475,L83126~L83318,PASS,EDIT,PASS,9,9,6,6,10,9,0.24/0.39/0.08/0.20/0.09,0.24/0.39/0.08/0.20/0.09,연구소장에게 회귀 전 결함정보를 주고 수백억 원 시험비에 100억 원을 추가해 일본차 여러 모델을 동시에 분해·충돌시킨다.,한 회사의 품질파문이 일본 자동차산업 전체의 최악 스캔들 후보로 커진다.,"일본 자동차 업계를 겨눈 폭탄은 완성 직전이고, 금융타워가 준비되는 시점까지 폭발력을 더 키운다.",연구소장에게 회귀 전 결함정보를 주고 수백억 원 시험비에 100억 원을 추가해 일본차 여러 모델을 동시에 분해·충돌시킨다.; 시험차만 좋은 패널과 각도를 썼다는 자백에서 장기간 조직적 조작 가능성이 드러난다.; 한 회사의 품질파문이 일본 자동차산업 전체의 최악 스캔들 후보로 커진다.,연구소장에게 회귀 전 결함정보를 주고 수백억 원 시험비에 100억 원을 추가해 일본차 여러 모델을 동시에 분해·충돌시킨다; 시험차만 좋은 패널과 각도를 썼다는 자백에서 장기간 조직적 조작 가능성이 드러난다; 한 회사의 품질파문이 일본 자동차산업 전체의 최악 스캔들 후보로 커진다,수백억 시험비로 여러 일본차를 분해·충돌시키며 조직적 조작을 물리적으로 드러낸다,수백억 시험비로 여러 일본차를 분해·충돌시키며 조직적 조작을 물리적으로 드러낸다,훅은 마지막 프레임의 열린 질문만 세어 10→9 판정
476,476,L83319~L83505,PASS,EDIT,PASS,8,8,6,6,9,8,0.18/0.36/0.16/0.18/0.12,0.18/0.36/0.16/0.18/0.12,증거 전체를 베릴에게 넘겨 제작비 열 배와 한 달 편성을 허용하고 기자회견·소송 시각까지 맞춘다.,실험실 증거가 글로벌 여론과 금융시장을 움직일 대형 크레인으로 변한다.,"내부고발자는 미·유럽으로 피신했고, 이미 터진 폭탄이 일본 자동차업계와 경제를 얼마나 흔들지 남는다.",증거 전체를 베릴에게 넘겨 제작비 열 배와 한 달 편성을 허용하고 기자회견·소송 시각까지 맞춘다.; 베릴이 없는 이야기를 만들 필요조차 없을 정도의 자료라며 즉시 특집제작에 들어간다.; 실험실 증거가 글로벌 여론과 금융시장을 움직일 대형 크레인으로 변한다.,증거 전체를 베릴에게 넘겨 제작비 열 배와 한 달 편성을 허용하고 기자회견·소송 시각까지 맞춘다; 베릴이 없는 이야기를 만들 필요조차 없을 정도의 자료라며 즉시 특집제작에 들어간다; 실험실 증거가 글로벌 여론과 금융시장을 움직일 대형 크레인으로 변한다,베릴 특집과 기자회견·소송 시각을 맞추는 폭로 실행이 자료 설명보다 앞선다,베릴 특집과 기자회견·소송 시각을 맞추는 폭로 실행이 자료 설명보다 앞선다,훅은 마지막 프레임의 열린 질문만 세어 9→8 판정
477,477,L83506~L83688,EDIT,EDIT,PASS,8,8,8,8,9,7,0.18/0.12/0.14/0.17/0.39,0.18/0.12/0.14/0.17/0.39,한 부회장에게 계속 장작을 넣게 하면서 영상기록·다단계 시험이 있는 태우 계열사는 같은 위험이 없는지 확인한다.,복수작전이 경쟁사 약화와 자사 시스템 신뢰라는 이중 이익으로 결산된다.,도시바가 러시아 공장 계약을 파기하고 싶다고 연락하자 김민재는 직접 만날 일정을 잡으라고 지시한다.,일본차가 30년 조작을 사과하고 태우 자동차 주가가 오른다.,한 부회장에게 계속 장작을 넣게 하면서 영상기록·다단계 시험이 있는 태우 계열사는 같은 위험이 없는지 확인한다; 일본차 주가는 떨어지고 태우 자동차 계열사 주가는 동시에 상승한다; 복수작전이 경쟁사 약화와 자사 시스템 신뢰라는 이중 이익으로 결산된다,일본차 폭락과 태우차 상승 직후 도시바가 찾아와 시장 보상과 새 인수 기회가 크게 남는다,일본차 폭락과 태우차 상승 직후 도시바가 찾아와 시장 보상과 새 인수 기회가 크게 남는다,훅은 마지막 프레임의 열린 질문만 세어 9→7 판정
478,478,L83689~L83856,PASS,EDIT,PASS,7,7,5,5,8,6,0.21/0.16/0.32/0.08/0.23,0.21/0.16/0.32/0.08/0.23,러시아 공장 파기를 받아주는 대신 두 회사 매각을 제안하고 미국기업·핀테크은행과 연합해 반독점 규제를 피할 구조를 짠다.,경쟁자의 위기가 태우의 낸드·원전 기술축을 채우는 인수창구가 된다.,"웨스팅하우스를 당장은 본사가 관리하고, 태우건설 기술과 합쳐 원전시장을 장악할 합병 시점을 기다린다.",러시아 공장 파기를 받아주는 대신 두 회사 매각을 제안하고 미국기업·핀테크은행과 연합해 반독점 규제를 피할 구조를 짠다.; 도시바가 당일 일시불 지급 가능성에 흔들리고 협상 실무가 시작된다.; 경쟁자의 위기가 태우의 낸드·원전 기술축을 채우는 인수창구가 된다.,러시아 공장 파기를 받아주는 대신 두 회사 매각을 제안하고 미국기업·핀테크은행과 연합해 반독점 규제를 피할 구조를 짠다; 도시바가 당일 일시불 지급 가능성에 흔들리고 협상 실무가 시작된다; 경쟁자의 위기가 태우의 낸드·원전 기술축을 채우는 인수창구가 된다,러시아 계약 파기와 두 회사 매각을 맞바꾸며 반독점 연합까지 짜는 협상 관계가 중심이다,러시아 계약 파기와 두 회사 매각을 맞바꾸고 반독점 연합까지 짠다. 한 계약의 손실을 여러 기업의 공동방어선으로 전환하는 협상 속도가 난다.,훅은 마지막 프레임의 열린 질문만 세어 8→6 판정; L83689~L83856 수동 재독; 범용 중심·비중 문구를 장면 리듬으로 교체; L83689~L83856 수동 재독; 범용 중심·비중 문구를 장면 리듬으로 교체; L83689~L83856 수동 재독; 범용 중심·비중 문구를 장면 리듬으로 교체; L83689~L83856 수동 재독; 범용 중심·비중 문구를 장면 리듬으로 교체; L83689~L83856 수동 재독; 범용 중심·비중 문구를 장면 리듬으로 교체; L83689~L83856 수동 재독; 범용 중심·비중 문구를 장면 리듬으로 교체; L83689~L83856 수동 재독; 범용 중심·비중 문구를 장면 리듬으로 교체; L83689~L83856 수동 재독; 범용 중심·비중 문구를 장면 리듬으로 교체; L83689~L83856 수동 재독; 범용 중심·비중 문구를 장면 리듬으로 교체; L83689~L83856 수동 재독; 범용 중심·비중 문구를 장면 리듬으로 교체; L83689~L83856 수동 재독; 범용 중심·비중 문구를 장면 리듬으로 교체
479,479,L83857~L84015,EDIT,PASS,PASS,7,7,7,7,8,8,0.24/0.21/0.17/0.08/0.30,0.24/0.21/0.17/0.08/0.30,핀테크은행을 미국측 인수자로 세워 로비하고 3배 오른 유가를 근거로 글로벌 석유사들에 800억~1천억 달러 차익 규모의 매각 미끼를 뿌린다.,데이비드의 15일 반독점 해결 약속과 글로벌 석유사들의 유전 지분 인수 의사를 얻는다. 도시바 자산 인수와 유전 매각대금은 아직 확정 전이다.,연말 비트코인 숏을 집행하는 동안 유전 경쟁입찰과 도시바 최종가격·반독점 협상을 실제 계약으로 닫을 수 있는가?,유전지분 절반을 경쟁입찰해 도시바 인수대금을 마련한다.,핀테크은행을 미국측 인수자로 세워 로비하고 3배 오른 유가를 근거로 글로벌 석유사들에 800억~1천억 달러 차익 규모의 매각 미끼를 뿌린다; 데이비드가 15일 해결을 약속하고 석유사들이 앞다퉈 지분을 사겠다고 나선다; 데이비드의 15일 반독점 해결 약속과 글로벌 석유사들의 유전 지분 인수 의사를 얻는다. 도시바 자산 인수와 유전 매각대금은 아직 확정 전이다,반독점 로비와 유전 매각 입찰을 동시에 열어 정치 정보와 대규모 자산 기대가 높다,"핀테크은행을 미국 측 인수자로 세운 데이비드의 로비와 15일 반독점 해결 약속을 확인한다. 이어 3배 오른 유가와 800억~1천억 달러 차익을 미끼로 글로벌 석유사들의 유전 경쟁을 붙이고 연말 비트코인 숏까지 병행해, 여러 거래의 계약 직전 긴장이 빠르게 겹친다.","기존 점수·리본 유지; 원문 하드 경계와 인접 회차 대비 재확인; L83857~L84015 수동 재독; 점수·리본 유지, 기계적 note만 장면별 편집문으로 교체; L83857~L84015 수동 재독; 기계적 note를 장면별 편집문으로 교체; L83857~L84015 수동 재독; 기계적 note를 장면별 편집문으로 교체; L83857~L84015 수동 재독; 기계적 note를 장면별 편집문으로 교체; L83857~L84015 수동 재독; 기계적 note를 장면별 편집문으로 교체; L83857~L84015 수동 재독; 기계적 note를 장면별 편집문으로 교체; L83857~L84015 수동 재독; 기계적 note를 장면별 편집문으로 교체; L83857~L84015 수동 재독; 기계적 note를 장면별 편집문으로 교체; L83857~L84015 수동 재독; 기계적 note를 장면별 편집문으로 교체; L83857~L84015 수동 재독; 기계적 note를 장면별 편집문으로 교체; L83857~L84015 수동 재독; 기계적 note를 장면별 편집문으로 교체; L83857~L84015 수동 재독; 기계적 note를 장면별 편집문으로 교체; L83857~L84015 수동 재독; 기계적 note를 장면별 편집문으로 교체"
480,480,L84016~L84191,EDIT,EDIT,PASS,8,8,6,6,9,7,0.27/0.12/0.29/0.08/0.24,0.27/0.12/0.29/0.08/0.24,금융타워가 코인 매수세를 더 유인하는 동안 웨스팅하우스의 매년 천문학적 적자를 근거로 사모펀드보다 약간 높은 가격만 제시한다.,도시바가 러시아 공장 파기와 즉시 현금 조건 때문에 웨스팅하우스의 낮은 가격 합의를 받아들인다. 실제 소유권 이전과 도시바메모리 가격은 아직 남는다.,도시바의 분식회계 전과가 더 큰 도시바메모리 협상을 유리하게 만들 약점으로 남는다.,금융타워가 코인 매수세를 더 유인하는 동안 웨스팅하우스의 매년 천문학적 적자를 근거로 사모펀드보다 약간 높은 가격만 제시한다.; 러시아 공장파기와 즉시 현금이라는 태우의 카드 때문에 도시바가 낮은 가격을 수용한다.; 일본 산업악재가 원전기업 저가인수와 코인 폭락 직전의 금융우위로 결산된다.,금융타워가 코인 매수세를 더 유인하는 동안 웨스팅하우스의 매년 천문학적 적자를 근거로 사모펀드보다 약간 높은 가격만 제시한다; 러시아 공장파기와 즉시 현금이라는 태우의 카드 때문에 도시바가 낮은 가격을 수용한다; 도시바가 러시아 공장 파기와 즉시 현금 조건 때문에 웨스팅하우스의 낮은 가격 합의를 받아들인다. 실제 소유권 이전과 도시바메모리 가격은 아직 남는다,웨스팅하우스 적자와 도시바 약점을 수치로 누르며 최종가격·담보를 흥정하는 회차다,"금융타워가 코인 매수세를 더 끌어들이는 장면은 짧게 지나가고, 웨스팅하우스의 천문학적 적자를 근거로 도시바에 낮은 현금가를 밀어 넣는 협상이 중심을 잡는다. 러시아 공장 파기 탓에 가격 합의는 얻지만 소유권은 남고, 분식회계 전력이 도시바메모리의 다음 약점이 된다.","훅은 마지막 프레임의 열린 질문만 세어 9→7 판정; L84016~L84191 수동 재독; 점수·리본 유지, 기계적 note만 장면별 편집문으로 교체; L84016~L84191 수동 재독; 기계적 note를 장면별 편집문으로 교체; L84016~L84191 수동 재독; 기계적 note를 장면별 편집문으로 교체; L84016~L84191 수동 재독; 기계적 note를 장면별 편집문으로 교체; L84016~L84191 수동 재독; 기계적 note를 장면별 편집문으로 교체; L84016~L84191 수동 재독; 기계적 note를 장면별 편집문으로 교체; L84016~L84191 수동 재독; 기계적 note를 장면별 편집문으로 교체; L84016~L84191 수동 재독; 기계적 note를 장면별 편집문으로 교체; L84016~L84191 수동 재독; 기계적 note를 장면별 편집문으로 교체; L84016~L84191 수동 재독; 기계적 note를 장면별 편집문으로 교체; L84016~L84191 수동 재독; 기계적 note를 장면별 편집문으로 교체; L84016~L84191 수동 재독; 기계적 note를 장면별 편집문으로 교체; L84016~L84191 수동 재독; 기계적 note를 장면별 편집문으로 교체"
481,481,L84192~L84351,PASS,EDIT,PASS,8,8,10,10,8,7,0.21/0.13/0.18/0.07/0.41,0.21/0.13/0.18/0.07/0.41,메모리를 2조2천억 엔에 사는 대신 도시바 잔여지분 담보로 2조 엔을 대출하고 원전 두 회사를 분리관리하며 저점의 카메코 지분을 산다.,단순 인수가 공급망 전반의 옵션·담보·연료 확보로 확장된다.,카메코 지분을 3년 동안 조용히 모아 러시아 전쟁 뒤 원전과 우라늄 부활을 함께 맞을 준비를 한다.,메모리를 2조2천억 엔에 사는 대신 도시바 잔여지분 담보로 2조 엔을 대출하고 원전 두 회사를 분리관리하며 저점의 카메코 지분을 산다.; 도시바가 실무계약에 합의해 낸드·원전 기술이 태우로 들어오고 채무불이행 시 잔여지분도 넘어온다.; 단순 인수가 공급망 전반의 옵션·담보·연료 확보로 확장된다.,메모리를 2조2천억 엔에 사는 대신 도시바 잔여지분 담보로 2조 엔을 대출하고 원전 두 회사를 분리관리하며 저점의 카메코 지분을 산다; 도시바가 실무계약에 합의해 낸드·원전 기술이 태우로 들어오고 채무불이행 시 잔여지분도 넘어온다; 단순 인수가 공급망 전반의 옵션·담보·연료 확보로 확장된다,메모리 2조2천억 엔과 대출 2조 엔·웨스팅하우스·카메코를 확보해 자산 지급이 압도한다,메모리 2조2천억 엔과 대출 2조 엔·웨스팅하우스·카메코를 확보해 자산 지급이 압도한다,훅은 마지막 프레임의 열린 질문만 세어 8→7 판정
482,482,L84352~L84522,PASS,EDIT,PASS,4,4,6,6,8,7,0.39/0.16/0.06/0.06/0.33,0.39/0.16/0.06/0.06/0.33,인터넷 경매·골동품상·미영 재단에서 100년 묵은 5% 채권을 6개월 안에 사들이고 계열사 연말 실적도 점검한다.,실물 저점인수와 함께 역사적 부채를 정보·정치 옵션으로 매집한다.,2018년 미중 무역분쟁은 태우가 숨겨 온 힘을 펼칠 시작점이 된다.,인터넷 경매·골동품상·미영 재단에서 100년 묵은 5% 채권을 6개월 안에 사들이고 계열사 연말 실적도 점검한다.; 작은 비용으로 1조 달러 주장까지 가능한 장난감 칼을 손에 넣고 태우상사 매출도 4조 원을 넘는다.; 실물 저점인수와 함께 역사적 부채를 정보·정치 옵션으로 매집한다.,인터넷 경매·골동품상·미영 재단에서 100년 묵은 5% 채권을 6개월 안에 사들이고 계열사 연말 실적도 점검한다; 작은 비용으로 1조 달러 주장까지 가능한 장난감 칼을 손에 넣고 태우상사 매출도 4조 원을 넘는다; 실물 저점인수와 함께 역사적 부채를 정보·정치 옵션으로 매집한다,청나라 채권의 법적 허점과 미중전쟁 사용법을 설명하며 값싼 금융무기의 잠재가치를 계산한다,청나라 채권의 법적 허점과 미중전쟁 사용법을 설명하며 값싼 금융무기의 잠재가치를 계산한다,훅은 마지막 프레임의 열린 질문만 세어 8→7 판정
483,483,L84523~L84702,PASS,EDIT,PASS,8,8,7,7,9,8,0.20/0.32/0.10/0.10/0.28,0.20/0.32/0.10/0.10/0.28,명동이 타부처 반박설을 흘려 세력을 묶고 금융타워가 숏을 집행하며 동시에 알래스카·북해·가이아나 지분 입찰을 석유사들에 연다.,규제 악재가 코인시장 수익과 에너지자산 현금화를 동시에 만든다.,"알래스카 지분 25% 첫 경매에 쉘·엑슨모빌·쉐브론이 동시에 붙고, 김민재는 경쟁 입찰가를 더 올릴 차례다.",명동이 타부처 반박설을 흘려 세력을 묶고 금융타워가 숏을 집행하며 동시에 알래스카·북해·가이아나 지분 입찰을 석유사들에 연다.; 금융타워가 코인전쟁에서 우위를 확정하고 글로벌 석유사들이 고점 유전에 경쟁입찰한다.; 규제 악재가 코인시장 수익과 에너지자산 현금화를 동시에 만든다.,명동이 타부처 반박설을 흘려 세력을 묶고 금융타워가 숏을 집행하며 동시에 알래스카·북해·가이아나 지분 입찰을 석유사들에 연다; 금융타워가 코인전쟁에서 우위를 확정하고 글로벌 석유사들이 고점 유전에 경쟁입찰한다; 규제 악재가 코인시장 수익과 에너지자산 현금화를 동시에 만든다,비트코인 숏과 세력 봉쇄·유전 입찰을 동시에 실행해 금융 행동과 매각 기대가 강하다,비트코인 숏과 세력 봉쇄·유전 입찰을 동시에 실행해 금융 행동과 매각 기대가 강하다,훅은 마지막 프레임의 열린 질문만 세어 9→8 판정
484,484,L84703~L84875,PASS,EDIT,PASS,8,8,10,9,8,6,0.16/0.18/0.09/0.08/0.49,0.16/0.18/0.09/0.08/0.49,지분 매각대금을 미국·중국 포지션에 배정하고 비트코인 급락 때 중소거래소 고객을 흡수해 전액인출도 버틸 유동성을 확보한다.,에너지 고점매각이 미중 금융전 자금과 핀테크 안전판으로 결산된다.,오마하에서 워렌에게 공매도 승리 뒤 약속한 투자금을 건넨다.,유전지분을 1천100억 달러에 팔고 핀테크 고객을 흡수한다.,지분 매각대금을 미국·중국 포지션에 배정하고 비트코인 급락 때 중소거래소 고객을 흡수해 전액인출도 버틸 유동성을 확보한다; 유전 지분이 1천100억 달러에 팔리고 핀테크는 다음 상승기 거래소 독점 기반을 얻는다; 에너지 고점매각이 미중 금융전 자금과 핀테크 안전판으로 결산된다,유전 1100억 달러 매각과 거래소 유동성 장악이 숫자로 지급돼 물질 리본이 최고점이다,"유전을 1,100억 달러에 매각하고 거래소 유동성까지 장악한다. 매각대금과 시장통제권이 같은 날 지급돼 에너지 자산이 금융 인프라로 환전된다.",보상은 실제 지급만 세어 10→9 판정; 훅은 마지막 프레임의 열린 질문만 세어 8→6 판정; L84703~L84875 수동 재독; 편집 메타어를 실제 장면·숫자·사람 반응으로 교체; L84703~L84875 수동 재독; 편집 메타어를 실제 장면·숫자·사람 반응으로 교체
485,485,L84876~L85064,EDIT,EDIT,PASS,4,4,8,8,6,7,0.22/0.08/0.42/0.17/0.11,0.22/0.08/0.42/0.17/0.11,"워런에게 비트코인 자체가 아니라 금융 인프라와 세계 자금흐름을 설명해 150억 달러의 금융타워 재투자를 받고, 비트코인 저점에 들어온 국민연금 운용자를 확인해 보복 대신 영입하라고 지시한다.",버크셔의 150억 달러 재투자·공동책임과 국민연금의 뛰어난 운용자를 영입할 단서를 얻는다. 실제 영입은 아직 전이다.,비트코인 저점을 정확히 잡은 국민연금 운용자가 누구인지 확인해 태우로 영입할 수 있는가?,워렌이 버크셔 자금·지원력으로 금융타워 미중전에 합류한다.,"워런에게 비트코인 자체가 아니라 금융 인프라와 세계 자금흐름을 설명해 150억 달러의 금융타워 재투자를 받고, 비트코인 저점에 들어온 국민연금 운용자를 확인해 보복 대신 영입하라고 지시한다; 워런이 위험을 함께 지겠다고 금융타워에 재투자하고, 국민연금은 세력보다 정확한 저점매수 실력으로 별도의 전문가를 드러낸다; 버크셔의 150억 달러 재투자·공동책임과 국민연금의 뛰어난 운용자를 영입할 단서를 얻는다. 실제 영입은 아직 전이다",오마하에서 워렌이 돈뿐 아니라 필요할 때 힘을 보태겠다고 해 신뢰 관계가 중심이다,워런에게 비트코인 가격 대신 금융 인프라와 세계 자금흐름을 설명해 버크셔의 150억 달러 재투자를 받아낸다. 저점을 정확히 잡은 국민연금 운용자를 보복하지 말고 영입하라는 마지막 지시가 큰 자금 보상을 한 사람 찾기로 부드럽게 낮춘다.,"훅은 마지막 프레임의 열린 질문만 세어 6→7 판정; L84876~L85064 수동 재독; 점수·리본 유지, 기계적 note만 장면별 편집문으로 교체; L84876~L85064 수동 재독; 기계적 note를 장면별 편집문으로 교체; L84876~L85064 수동 재독; 기계적 note를 장면별 편집문으로 교체; L84876~L85064 수동 재독; 기계적 note를 장면별 편집문으로 교체; L84876~L85064 수동 재독; 기계적 note를 장면별 편집문으로 교체; L84876~L85064 수동 재독; 기계적 note를 장면별 편집문으로 교체; L84876~L85064 수동 재독; 기계적 note를 장면별 편집문으로 교체; L84876~L85064 수동 재독; 기계적 note를 장면별 편집문으로 교체; L84876~L85064 수동 재독; 기계적 note를 장면별 편집문으로 교체; L84876~L85064 수동 재독; 기계적 note를 장면별 편집문으로 교체; L84876~L85064 수동 재독; 기계적 note를 장면별 편집문으로 교체; L84876~L85064 수동 재독; 기계적 note를 장면별 편집문으로 교체; L84876~L85064 수동 재독; 기계적 note를 장면별 편집문으로 교체"
486,486,L85065~L85225,PASS,EDIT,PASS,5,5,5,5,8,6,0.36/0.13/0.09/0.16/0.26,0.36/0.13/0.09/0.16/0.26,경영진 지분이 6% 미만임을 이용해 숏 뒤 매집하되 관심을 숨기고 1회 20억~25억 원인 치료제는 태우 자금으로 계속 개발하게 한다.,저점매수가 돈뿐 아니라 생존 약속을 지키는 투자원칙으로 확장된다.,유전자 치료제에서 수천억 원을 잃어도 코로나 치료제 신뢰와 수십조 원 이익을 얻을 수 있다는 계산이 선다.,경영진 지분이 6% 미만임을 이용해 숏 뒤 매집하되 관심을 숨기고 1회 20억~25억 원인 치료제는 태우 자금으로 계속 개발하게 한다.; AI·자율주행 미래수요와 죽을 환자를 살린다는 명분이 두 투자의 장기 가치를 확정한다.; 저점매수가 돈뿐 아니라 생존 약속을 지키는 투자원칙으로 확장된다.,경영진 지분이 6% 미만임을 이용해 숏 뒤 매집하되 관심을 숨기고 1회 20억~25억 원인 치료제는 태우 자금으로 계속 개발하게 한다; AI·자율주행 미래수요와 죽을 환자를 살린다는 명분이 두 투자의 장기 가치를 확정한다; 저점매수가 돈뿐 아니라 생존 약속을 지키는 투자원칙으로 확장된다,엔비디아 지분 구조와 고가 희귀질환 치료의 미래가치를 비교해 장기 정보 판단이 크다,엔비디아 지분구조와 고가 희귀질환 치료제의 미래가치를 비교한다. 당장 현금화하지 않고 오래 들고 갈 기술자산을 고르는 판단이 두 산업을 한 투자표에 올린다.,훅은 마지막 프레임의 열린 질문만 세어 8→6 판정; L85065~L85225 수동 재독; 편집 메타어를 실제 장면·숫자·사람 반응으로 교체; L85065~L85225 수동 재독; 편집 메타어를 실제 장면·숫자·사람 반응으로 교체
487,487,L85226~L85414,PASS,EDIT,PASS,5,5,8,8,8,7,0.22/0.22/0.14/0.10/0.32,0.22/0.22/0.14/0.10/0.32,외부 제약사 위탁생산으로 가동률을 채우고 상장 후 시총 10위권을 제시한 뒤 웨이·리사의 스마트 팹 완공을 검수한다.,생명과 기술에 건 약속이 제약 생산력·반도체 원가우위라는 실물로 나온다.,구형 반도체 생산을 중국에 넘기지 않으려면 며칠 뒤 손정우와의 엔비디아 지분 협상도 잡아야 한다.,외부 제약사 위탁생산으로 가동률을 채우고 상장 후 시총 10위권을 제시한 뒤 웨이·리사의 스마트 팹 완공을 검수한다.; 스마트 팹이 일정을 앞당겨 완공되고 1단지보다 생산량이 20% 이상 늘어난다.; 생명과 기술에 건 약속이 제약 생산력·반도체 원가우위라는 실물로 나온다.,외부 제약사 위탁생산으로 가동률을 채우고 상장 후 시총 10위권을 제시한 뒤 웨이·리사의 스마트 팹 완공을 검수한다; 스마트 팹이 일정을 앞당겨 완공되고 1단지보다 생산량이 20% 이상 늘어난다; 생명과 기술에 건 약속이 제약 생산력·반도체 원가우위라는 실물로 나온다,센트리언 상장·위탁공장과 생산량 20퍼센트 늘어난 스마트 팹이 실물 성장으로 보인다,센트리언 상장·위탁공장과 생산량 20퍼센트 늘어난 스마트 팹이 실물 성장으로 보인다,훅은 마지막 프레임의 열린 질문만 세어 8→7 판정
488,488,L85415~L85589,PASS,PASS,PASS,6,6,9,9,8,8,0.19/0.12/0.35/0.10/0.24,0.19/0.12/0.35/0.10/0.24,지분교환을 이행받고 공유오피스 지분 일부 매각을 권한 뒤 대주주 면담을 주선받아 하락장에서 추가매집한다.,오래 묻어 둔 금융계약이 AI·자율주행 핵심기업 통제권으로 돌아온다.,"미중 무역분쟁은 김민재가 20년 동안 기다린 마지막 초대형 기회이고, 반드시 잡아야 한다.",지분교환을 이행받고 공유오피스 지분 일부 매각을 권한 뒤 대주주 면담을 주선받아 하락장에서 추가매집한다.; 손정우가 김민재를 신뢰해 계약을 지키고 대주주 연결까지 제공한다.; 오래 묻어 둔 금융계약이 AI·자율주행 핵심기업 통제권으로 돌아온다.,지분교환을 이행받고 공유오피스 지분 일부 매각을 권한 뒤 대주주 면담을 주선받아 하락장에서 추가매집한다; 손정우가 김민재를 신뢰해 계약을 지키고 대주주 연결까지 제공한다; 오래 묻어 둔 금융계약이 AI·자율주행 핵심기업 통제권으로 돌아온다,손정우가 35억 달러 약속을 지키고 대주주 연결까지 제공해 신뢰와 지분 보상이 중심이다,손정우가 약속한 35억 달러를 내놓고 대주주 연결까지 제공한다. 과거 신뢰가 현금과 새 지분통로로 되돌아오며 다음 인수를 밀어 준다.,기존 점수·리본 유지; 원문 하드 경계와 인접 회차 대비 재확인; L85415~L85589 수동 재독; 범용 중심·비중 문구를 장면 리듬으로 교체; L85415~L85589 수동 재독; 범용 중심·비중 문구를 장면 리듬으로 교체; L85415~L85589 수동 재독; 범용 중심·비중 문구를 장면 리듬으로 교체; L85415~L85589 수동 재독; 범용 중심·비중 문구를 장면 리듬으로 교체; L85415~L85589 수동 재독; 범용 중심·비중 문구를 장면 리듬으로 교체; L85415~L85589 수동 재독; 범용 중심·비중 문구를 장면 리듬으로 교체; L85415~L85589 수동 재독; 범용 중심·비중 문구를 장면 리듬으로 교체; L85415~L85589 수동 재독; 범용 중심·비중 문구를 장면 리듬으로 교체; L85415~L85589 수동 재독; 범용 중심·비중 문구를 장면 리듬으로 교체; L85415~L85589 수동 재독; 범용 중심·비중 문구를 장면 리듬으로 교체; L85415~L85589 수동 재독; 범용 중심·비중 문구를 장면 리듬으로 교체
489,489,L85590~L85766,PASS,EDIT,PASS,8,8,8,8,9,8,0.25/0.18/0.28/0.08/0.21,0.25/0.18/0.28/0.08/0.21,트럼프의 호출에 응해 중국 보유채권 20% 이상 매각 가능성을 계산하고 공매도 수익으로 채권을 사겠다고 제안한다.,후보 시절 50억 달러 투자약속이 무역전쟁의 살인면허로 결산된다.,백악관이 금융타워의 공격적 수익과 미국채 매입을 함께 허용한 살인면허의 실제 사용법이 남는다.,트럼프의 호출에 응해 중국 보유채권 20% 이상 매각 가능성을 계산하고 공매도 수익으로 채권을 사겠다고 제안한다.; 트럼프가 금융타워의 공격수익과 미국채 매입을 모두 인정해 어떤 수익방식도 보호한다.; 후보 시절 50억 달러 투자약속이 무역전쟁의 살인면허로 결산된다.,트럼프의 호출에 응해 중국 보유채권 20% 이상 매각 가능성을 계산하고 공매도 수익으로 채권을 사겠다고 제안한다; 트럼프가 금융타워의 공격수익과 미국채 매입을 모두 인정해 어떤 수익방식도 보호한다; 후보 시절 50억 달러 투자약속이 무역전쟁의 살인면허로 결산된다,트럼프에게 미국채 매입과 중국 숏을 승인받아 정치관계가 금융 행동의 보호막이 된다,트럼프에게 미국채 매입과 중국 숏을 승인받아 정치관계가 금융 행동의 보호막이 된다,훅은 마지막 프레임의 열린 질문만 세어 9→8 판정
490,490,L85767~L85935,PASS,EDIT,PASS,6,6,7,7,8,6,0.29/0.13/0.31/0.08/0.19,0.29/0.13/0.31/0.08/0.19,한 부회장에게 더 강한 공매도를 허용하고 대만 활용안을 검토한 뒤 머스크에게 니콜라 수소트럭 의혹과 스타링크 진행상황을 확인한다.,과거 약속들이 금융전 권한과 미래기술 협업으로 동시에 회수된다.,머스크의 열 개 프로젝트 중 하나만 성공해도 이미 거둔 테슬라·우주 이익을 잇는 투자 보상이 된다.,한 부회장에게 더 강한 공매도를 허용하고 대만 활용안을 검토한 뒤 머스크에게 니콜라 수소트럭 의혹과 스타링크 진행상황을 확인한다.; 미국채 방어능력과 머스크의 우주·자율주행 사업이 태우의 장기동맹을 재확인한다.; 과거 약속들이 금융전 권한과 미래기술 협업으로 동시에 회수된다.,한 부회장에게 더 강한 공매도를 허용하고 대만 활용안을 검토한 뒤 머스크에게 니콜라 수소트럭 의혹과 스타링크 진행상황을 확인한다; 미국채 방어능력과 머스크의 우주·자율주행 사업이 태우의 장기동맹을 재확인한다; 과거 약속들이 금융전 권한과 미래기술 협업으로 동시에 회수된다,한정훈·머스크와 중국전과 우주·자율주행을 조율해 동맹관계와 전략정보가 오래 남는다,한정훈·머스크와 중국전과 우주·자율주행을 조율해 동맹관계와 전략정보가 오래 남는다,훅은 마지막 프레임의 열린 질문만 세어 8→6 판정
491,491,L85936~L86107,PASS,EDIT,PASS,7,7,7,7,9,7,0.31/0.27/0.08/0.07/0.27,0.31/0.27/0.08/0.07/0.27,24시간 공장감시·연구원 포섭을 데이비드에게 맡기고 미국채 160억 달러를 더 사 총 500억 달러 입장권을 완성하며 비트코인·이더리온을 재매수한다.,작은 사기조사와 세계 금융전이 모두 정보 선점이라는 같은 방식으로 묶인다.,"엔비디아 대주주 모임이 한국으로 정해지고, GPU 통제권을 얻기 위해 그들의 마음을 사야 한다.",24시간 공장감시·연구원 포섭을 데이비드에게 맡기고 미국채 160억 달러를 더 사 총 500억 달러 입장권을 완성하며 비트코인·이더리온을 재매수한다.; 중국 소비재 2천억 달러 이상 관세가 예고되어 양국 합산 1조 달러 전쟁 가능성이 열린다.; 작은 사기조사와 세계 금융전이 모두 정보 선점이라는 같은 방식으로 묶인다.,24시간 공장감시·연구원 포섭을 데이비드에게 맡기고 미국채 160억 달러를 더 사 총 500억 달러 입장권을 완성하며 비트코인·이더리온을 재매수한다; 중국 소비재 2천억 달러 이상 관세가 예고되어 양국 합산 1조 달러 전쟁 가능성이 열린다; 작은 사기조사와 세계 금융전이 모두 정보 선점이라는 같은 방식으로 묶인다,니콜라 감시와 미국채 500억 달러·코인 재매수를 동시에 집행해 정보·행동·자산이 높다,니콜라를 감시하면서 미국채 500억 달러 매입과 코인 재매수를 동시에 집행한다. 사기 위험을 지켜보는 방어선과 저점 자산을 사는 행동이 함께 움직여 현금의 다음 자리를 정한다.,훅은 마지막 프레임의 열린 질문만 세어 9→7 판정; L85936~L86107 수동 재독; 편집 메타어를 실제 장면·숫자·사람 반응으로 교체; L85936~L86107 수동 재독; 편집 메타어를 실제 장면·숫자·사람 반응으로 교체
492,492,L86108~L86288,EDIT,PASS,PASS,7,7,8,8,8,8,0.21/0.12/0.28/0.08/0.31,0.21/0.12/0.28/0.08/0.31,"젝슨 황에게 200억 달러 합작공장과 생산량 70퍼센트의 5년 선납 계약, GPU 설계 200억 달러 투자를 조건으로 유상증자 지분 25퍼센트를 제안한다. 리사와의 5촌 관계를 확인시켜 대주주 회의 지원 약속을 얻는다.",젝슨 황의 제안 수락과 다음 날 대주주 회의에서 최대 지분 인수를 돕겠다는 약속을 얻는다. 400억 달러 투자·선납과 지분 취득은 아직 계약 전이다.,젝슨 황의 지원 약속을 다음 날 대주주 회의에서 실제 지분 인수와 유상증자 계약으로 바꿀 수 있는가?,200억 달러 공장 생산량 70%를 5년 선납하고 총 400억 달러 유상증자를 제안하면서 이미 우호지분 30%를 가진 사실은 숨긴다.; 리사와 젝슨 황이 5촌 관계임을 가계도로 확인해 개발자 간 선천적 신뢰까지 만들어 낸다.; 돈으로 시작한 지분협상이 가족·기술 동맹으로 강화된다.,"젝슨 황에게 200억 달러 합작공장과 생산량 70퍼센트의 5년 선납 계약, GPU 설계 200억 달러 투자를 조건으로 유상증자 지분 25퍼센트를 제안한다. 리사와의 5촌 관계를 확인시켜 대주주 회의 지원 약속을 얻는다; 리사와 젝슨 황이 5촌 관계임을 가계도로 확인해 개발자 간 선천적 신뢰까지 만들어 낸다; 젝슨 황의 제안 수락과 다음 날 대주주 회의에서 최대 지분 인수를 돕겠다는 약속을 얻는다. 400억 달러 투자·선납과 지분 취득은 아직 계약 전이다",400억 달러 엔비디아 증자와 생산 선납을 제안하고 리사 친족 신뢰를 활용하는 지분 협상이다,"젝슨 황에게 200억 달러 합작공장, 생산량 70퍼센트 5년 선납, GPU 설계 200억 달러를 한꺼번에 제시하고 유상증자 지분 25퍼센트를 요구한다. 리사와의 5촌 관계까지 확인한 젝슨이 다음 날 대주주 회의를 돕겠다고 약속하지만 실제 400억 달러 계약과 지분 취득은 남는다.","기존 점수·리본 유지; 원문 하드 경계와 인접 회차 대비 재확인; L86108~L86288 수동 재독; 점수·리본 유지, 기계적 note만 장면별 편집문으로 교체; L86108~L86288 수동 재독; 기계적 note를 장면별 편집문으로 교체; L86108~L86288 수동 재독; 기계적 note를 장면별 편집문으로 교체; L86108~L86288 수동 재독; 기계적 note를 장면별 편집문으로 교체; L86108~L86288 수동 재독; 기계적 note를 장면별 편집문으로 교체; L86108~L86288 수동 재독; 기계적 note를 장면별 편집문으로 교체; L86108~L86288 수동 재독; 기계적 note를 장면별 편집문으로 교체; L86108~L86288 수동 재독; 기계적 note를 장면별 편집문으로 교체; L86108~L86288 수동 재독; 기계적 note를 장면별 편집문으로 교체; L86108~L86288 수동 재독; 기계적 note를 장면별 편집문으로 교체; L86108~L86288 수동 재독; 기계적 note를 장면별 편집문으로 교체; L86108~L86288 수동 재독; 기계적 note를 장면별 편집문으로 교체; L86108~L86288 수동 재독; 기계적 note를 장면별 편집문으로 교체"
493,493,L86289~L86462,PASS,EDIT,PASS,8,8,6,6,9,7,0.37/0.14/0.12/0.06/0.31,0.37/0.14/0.12/0.06/0.31,한미에 공장을 반씩 짓고 35% 유통물량을 계속 사들이며 미국 재단의 청나라 채권 법안과 중국의 제한된 보복수입 규모를 활용한다.,GPU 통제권과 금융전 정보우위가 태우의 다음 세계 1위 기반이 된다.,김민재가 데이비드를 통해 리강에게 이번 주 홍콩에서 보자고 전하고 중국 금융면허 협상을 연다.,한미에 공장을 반씩 짓고 35% 유통물량을 계속 사들이며 미국 재단의 청나라 채권 법안과 중국의 제한된 보복수입 규모를 활용한다.; 중국의 대미 수입은 1천500억 달러 미만이라 관세 맞대응 한계가 명확해진다.; GPU 통제권과 금융전 정보우위가 태우의 다음 세계 1위 기반이 된다.,한미에 공장을 반씩 짓고 35% 유통물량을 계속 사들이며 미국 재단의 청나라 채권 법안과 중국의 제한된 보복수입 규모를 활용한다; 중국의 대미 수입은 1천500억 달러 미만이라 관세 맞대응 한계가 명확해진다; GPU 통제권과 금융전 정보우위가 태우의 다음 세계 1위 기반이 된다,관세 규모와 중국의 맞대응 한계를 설명하며 청나라 채권·홍콩 협상 가치를 계산한다,관세 규모와 중국의 맞대응 한계를 설명하며 청나라 채권·홍콩 협상 가치를 계산한다,훅은 마지막 프레임의 열린 질문만 세어 9→7 판정
494,494,L86463~L86651,PASS,EDIT,PASS,9,9,6,6,10,8,0.25/0.28/0.21/0.15/0.11,0.25/0.28/0.21/0.15/0.11,중국의 편을 들라는 제안을 연속 거절하고 미국 공화당의 청나라 채권 법안 속보를 보여 준 뒤 데이비드가 민진당에 채권소각 프로젝트를 제공한다.,무역전쟁의 주변국이던 대만이 태우가 만든 정치변수로 올라선다.,진량타이와 데이비드가 손을 잡고 여러 국가가 민감하게 반응할 청나라 채권 쇼를 준비한다.,중국의 편을 들라는 제안을 연속 거절하고 미국 공화당의 청나라 채권 법안 속보를 보여 준 뒤 데이비드가 민진당에 채권소각 프로젝트를 제공한다.; 천만 달러 액면 채권 소각이 선거판과 중국 정통성 논쟁을 뒤집을 카드가 된다.; 무역전쟁의 주변국이던 대만이 태우가 만든 정치변수로 올라선다.,중국의 편을 들라는 제안을 연속 거절하고 미국 공화당의 청나라 채권 법안 속보를 보여 준 뒤 데이비드가 민진당에 채권소각 프로젝트를 제공한다; 천만 달러 액면 채권 소각이 선거판과 중국 정통성 논쟁을 뒤집을 카드가 된다; 무역전쟁의 주변국이던 대만이 태우가 만든 정치변수로 올라선다,리강의 편들기 요구를 거절하고 대만 채권소각을 실행해 외교 행동과 정치 긴장이 솟는다,리강의 편들기 요구를 거절하고 대만 채권소각을 실행해 외교 행동과 정치 긴장이 솟는다,훅은 마지막 프레임의 열린 질문만 세어 10→8 판정
495,495,L86652~L86827,PASS,EDIT,PASS,9,9,10,9,8,7,0.18/0.12/0.26/0.08/0.36,0.18/0.12/0.26/0.08/0.36,대만에 추가채권 이전 가능성을 내비치고 다급히 방한한 리강과 5년 뒤 채권 양도 조건의 다자계약을 체결한다.,회귀정보의 장난감이 미중전쟁과 코로나 기간 중국 자금을 빨아들일 제도권 빨대가 된다.,데이비드가 니콜라가 조작을 넘어선 사기라고 보고한다.,채권소각쇼로 중국 금융시장 5년 무제한 진입권을 얻는다.,대만에 추가채권 이전 가능성을 내비치고 다급히 방한한 리강과 5년 뒤 채권 양도 조건의 다자계약을 체결한다; 리강이 5년간 무제한 금융활동을 허용해 중국 숏 규모를 2배에서 최대 10배로 키울 길이 열린다; 회귀정보의 장난감이 미중전쟁과 코로나 기간 중국 자금을 빨아들일 제도권 빨대가 된다,5년 뒤 채권 양도 조건으로 중국 금융 무제한 활동을 받아 계약·지위 보상이 크게 남는다,5년 뒤 채권 양도 조건으로 중국 금융 무제한 활동을 받아 계약·지위 보상이 크게 남는다,보상은 실제 지급만 세어 10→9 판정; 훅은 마지막 프레임의 열린 질문만 세어 8→7 판정
496,496,L86828~L87002,EDIT,EDIT,PASS,7,7,8,8,8,6,0.20/0.17/0.33/0.13/0.17,0.20/0.17/0.33/0.13/0.17,후계자 김정권에게 영상의 각도를 돌려 사기방식을 보여 주고 2주 안에 지분을 팔며 새만금 공장·인력을 배치하라는 조건을 건다.,대화그룹의 니콜라 지분 매각 결정과 새만금 화학단지 확대 약속을 얻는다. 매각대금과 본사 자금의 실제 투입은 남는다.,김성윤은 김정권에게 니콜라 지분 매각대금 전액과 본사 자금까지 새만금에 넣으라고 지시한다.,후계자 김정권에게 영상의 각도를 돌려 사기방식을 보여 주고 2주 안에 지분을 팔며 새만금 공장·인력을 배치하라는 조건을 건다.; 김성윤 회장이 태우의 선견을 믿어 매각대금 전액과 본사자금까지 화학단지에 넣으라고 결정한다.; 니콜라 폭로가 경쟁자 제거를 넘어 국내 핵심소재 동맹 자금으로 변한다.,후계자 김정권에게 영상의 각도를 돌려 사기방식을 보여 주고 2주 안에 지분을 팔며 새만금 공장·인력을 배치하라는 조건을 건다; 김성윤은 김민재의 선견을 믿어 니콜라 지분을 2주 안에 팔고 매각대금 전액과 본사 자금을 새만금에 넣으라고 결정한다. 실제 매각·투자는 아직 전이다; 대화그룹의 니콜라 지분 매각 결정과 새만금 화학단지 확대 약속을 얻는다. 매각대금과 본사 자금의 실제 투입은 남는다,김정권에게 니콜라 사기를 직접 보여 주고 매각대금의 새만금 투자를 조건으로 거는 관계 장면이다,"김정권에게 영상 각도를 돌려 니콜라 사기방식을 직접 보여 주고 2주 안 지분 매각, 새만금 공장·인력 배치를 조건으로 건다. 아버지 김성윤이 매각대금 전액과 본사 자금까지 새만금에 넣으라고 지시하는 끝에서 후계자의 납득이 그룹 투자 의무로 커진다.","훅은 마지막 프레임의 열린 질문만 세어 8→6 판정; L86828~L87002 수동 재독; 점수·리본 유지, 기계적 note만 장면별 편집문으로 교체; L86828~L87002 수동 재독; 기계적 note를 장면별 편집문으로 교체; L86828~L87002 수동 재독; 기계적 note를 장면별 편집문으로 교체; L86828~L87002 수동 재독; 기계적 note를 장면별 편집문으로 교체; L86828~L87002 수동 재독; 기계적 note를 장면별 편집문으로 교체; L86828~L87002 수동 재독; 기계적 note를 장면별 편집문으로 교체; L86828~L87002 수동 재독; 기계적 note를 장면별 편집문으로 교체; L86828~L87002 수동 재독; 기계적 note를 장면별 편집문으로 교체; L86828~L87002 수동 재독; 기계적 note를 장면별 편집문으로 교체; L86828~L87002 수동 재독; 기계적 note를 장면별 편집문으로 교체; L86828~L87002 수동 재독; 기계적 note를 장면별 편집문으로 교체; L86828~L87002 수동 재독; 기계적 note를 장면별 편집문으로 교체; L86828~L87002 수동 재독; 기계적 note를 장면별 편집문으로 교체"
497,497,L87003~L87178,PASS,EDIT,PASS,6,6,6,6,8,7,0.22/0.09/0.39/0.22/0.08,0.22/0.09/0.39/0.22/0.08,대화와 공동연구를 시작하며 일본의 10월 수출제한을 설명하고 중국의 희토류 위협에는 베트남 인맥을 가진 할아버지에게 도움을 청한다.,사기기업 구출에서 시작한 동맹이 한중일 공급망 방어로 커진다.,"김태중은 귀국 전에 동파오 광산 규제를 풀겠다고 약속하고, 김민재는 중국 희토류 카드를 억제할 길을 기다린다.",대화와 공동연구를 시작하며 일본의 10월 수출제한을 설명하고 중국의 희토류 위협에는 베트남 인맥을 가진 할아버지에게 도움을 청한다.; 할아버지가 태우 생존과 직결된 부탁을 듣고 귀국 전 동파오 문제를 해결하겠다고 약속한다.; 사기기업 구출에서 시작한 동맹이 한중일 공급망 방어로 커진다.,대화와 공동연구를 시작하며 일본의 10월 수출제한을 설명하고 중국의 희토류 위협에는 베트남 인맥을 가진 할아버지에게 도움을 청한다; 할아버지가 태우 생존과 직결된 부탁을 듣고 귀국 전 동파오 문제를 해결하겠다고 약속한다; 사기기업 구출에서 시작한 동맹이 한중일 공급망 방어로 커진다,중국 희토류 위협 앞에서 할아버지 김태중에게 처음 도움을 청해 가족 신뢰와 염려가 중심이다,중국 희토류 위협 앞에서 김민재가 처음으로 김태중에게 도움을 청한다. 해결책보다 할아버지에게 약한 모습을 보이는 순간이 두 사람의 신뢰와 염려를 동시에 드러낸다.,훅은 마지막 프레임의 열린 질문만 세어 8→7 판정; L87003~L87178 수동 재독; 범용 중심·비중 문구를 장면 리듬으로 교체; L87003~L87178 수동 재독; 범용 중심·비중 문구를 장면 리듬으로 교체; L87003~L87178 수동 재독; 범용 중심·비중 문구를 장면 리듬으로 교체; L87003~L87178 수동 재독; 범용 중심·비중 문구를 장면 리듬으로 교체; L87003~L87178 수동 재독; 범용 중심·비중 문구를 장면 리듬으로 교체; L87003~L87178 수동 재독; 범용 중심·비중 문구를 장면 리듬으로 교체; L87003~L87178 수동 재독; 범용 중심·비중 문구를 장면 리듬으로 교체; L87003~L87178 수동 재독; 범용 중심·비중 문구를 장면 리듬으로 교체; L87003~L87178 수동 재독; 범용 중심·비중 문구를 장면 리듬으로 교체; L87003~L87178 수동 재독; 범용 중심·비중 문구를 장면 리듬으로 교체; L87003~L87178 수동 재독; 범용 중심·비중 문구를 장면 리듬으로 교체
498,498,L87179~L87338,PASS,EDIT,PASS,4,4,8,8,7,6,0.17/0.12/0.41/0.20/0.10,0.17/0.12/0.41/0.20/0.10,국밥 육수 같은 친분과 대규모 투자·고용안을 함께 제시해 동파오 생산확대를 차기 권력자의 성과로 포장한다.,회귀 직후 지켜 온 유일한 가족관계가 세계 공급망의 실질적 방패가 된다.,김민재가 2~3년 안에 태우를 세계 최고로 만들겠다고 할아버지에게 선언한다.,할아버지가 베트남 차기 권력자에게 동파오 증산을 약속받는다.,국밥 육수 같은 친분과 대규모 투자·고용안을 함께 제시해 동파오 생산확대를 차기 권력자의 성과로 포장한다; 쑤엉 푹이 자신의 자리를 걸고 희토류 대량채굴을 성사시키겠다고 약속한다; 회귀 직후 지켜 온 유일한 가족관계가 세계 공급망의 실질적 방패가 된다,베트남의 오래된 인연을 통해 동파오 규제를 풀고 할아버지께 세계 1위를 약속하는 관계 보상이다,베트남의 오래된 인연을 통해 동파오 규제를 풀고 할아버지께 세계 1위를 약속하는 관계 보상이다,훅은 마지막 프레임의 열린 질문만 세어 7→6 판정
499,499,L87339~L87506,PASS,EDIT,PASS,5,5,8,8,8,7,0.38/0.20/0.08/0.05/0.29,0.38/0.20/0.08/0.05/0.29,베트남 2만 톤 증산과 몽골 독점계약을 계산한 뒤 중국 소비재 공장을 옮기면서도 특허소송·금융숏을 강화하고 HBM 개발비 3조 원 이상을 승인한다.,한중 공급망 방어가 자원 지배와 AI 메모리 선점이라는 공세로 전환된다.,HBM 개발비를 10조 원 이상으로 늘리고 전용공장까지 지어 AI 메모리 시장을 독점하기로 한다.,베트남 2만 톤 증산과 몽골 독점계약을 계산한 뒤 중국 소비재 공장을 옮기면서도 특허소송·금융숏을 강화하고 HBM 개발비 3조 원 이상을 승인한다.; 중국 희토류 점유율은 63%로 낮아지고 태우는 최대 25% 생산 가능성과 엔비디아 적용처를 확보한다.; 한중 공급망 방어가 자원 지배와 AI 메모리 선점이라는 공세로 전환된다.,베트남 2만 톤 증산과 몽골 독점계약을 계산한 뒤 중국 소비재 공장을 옮기면서도 특허소송·금융숏을 강화하고 HBM 개발비 3조 원 이상을 승인한다; 중국 희토류 점유율은 63%로 낮아지고 태우는 최대 25% 생산 가능성과 엔비디아 적용처를 확보한다; 한중 공급망 방어가 자원 지배와 AI 메모리 선점이라는 공세로 전환된다,희토류 점유율·중국 공장이전·HBM 3조 원을 한 지도로 계산해 정보와 투자 비중이 높다,"희토류 점유율, 중국 공장이전과 HBM 3조 원 투자를 한 지도 위에서 계산한다. 공급망을 끊지 않으면서 생산거점을 옮길 순서를 맞추는 데 회차가 오래 걸린다.",훅은 마지막 프레임의 열린 질문만 세어 8→7 판정; L87339~L87506 수동 재독; 범용 중심·비중 문구를 장면 리듬으로 교체; L87339~L87506 수동 재독; 범용 중심·비중 문구를 장면 리듬으로 교체; L87339~L87506 수동 재독; 범용 중심·비중 문구를 장면 리듬으로 교체; L87339~L87506 수동 재독; 범용 중심·비중 문구를 장면 리듬으로 교체; L87339~L87506 수동 재독; 범용 중심·비중 문구를 장면 리듬으로 교체; L87339~L87506 수동 재독; 범용 중심·비중 문구를 장면 리듬으로 교체; L87339~L87506 수동 재독; 범용 중심·비중 문구를 장면 리듬으로 교체; L87339~L87506 수동 재독; 범용 중심·비중 문구를 장면 리듬으로 교체; L87339~L87506 수동 재독; 범용 중심·비중 문구를 장면 리듬으로 교체; L87339~L87506 수동 재독; 범용 중심·비중 문구를 장면 리듬으로 교체; L87339~L87506 수동 재독; 범용 중심·비중 문구를 장면 리듬으로 교체
500,500,L87507~L87668,PASS,EDIT,PASS,7,7,7,7,9,7,0.33/0.21/0.21/0.09/0.16,0.33/0.21/0.21/0.09/0.16,새만금 화학단지 규제완화 법안을 미리 만들게 하고 센트리언의 코로나 백신·치료 연구와 미·유럽 공장을 두 배로 키우며 항원 자가진단키트팀 신설과 마스크 업체 명단 제공을 약속받는다.,회귀 직후의 생존 약속이 기업·정부·공급망을 동원해 다가올 전 국민 생존전으로 확대된다.,태우가 직접 맡기에는 작은 마스크 사업을 누구에게 실행시킬지가 남는다.,새만금 화학단지 규제완화 법안을 미리 만들게 하고 센트리언의 코로나 백신·치료 연구와 미·유럽 공장을 두 배로 키우며 항원 자가진단키트팀 신설과 마스크 업체 명단 제공을 약속받는다.; 최재석은 정부 직통지원과 규제법안을 약속하고 센트리언은 세계 유일 수준의 연구·진단기술·마스크 계약망을 이미 보유한다.; 회귀 직후의 생존 약속이 기업·정부·공급망을 동원해 다가올 전 국민 생존전으로 확대된다.,새만금 화학단지 규제완화 법안을 미리 만들게 하고 센트리언의 코로나 백신·치료 연구와 미·유럽 공장을 두 배로 키우며 항원 자가진단키트팀 신설과 마스크 업체 명단 제공을 약속받는다; 최재석은 정부 직통지원과 규제법안을 약속하고 센트리언은 세계 유일 수준의 연구·진단기술·마스크 계약망을 이미 보유한다; 회귀 직후의 생존 약속이 기업·정부·공급망을 동원해 다가올 전 국민 생존전으로 확대된다,최재석과 규제법을 만들고 백신·진단·마스크 생산망을 구체화하는 국가급 대비 설계다,최재석과 규제법을 만들고 백신·진단·마스크 생산망을 구체화하는 국가급 대비 설계다,훅은 마지막 프레임의 열린 질문만 세어 9→7 판정
501,501,L87669~L87841,PASS,EDIT,PASS,7,7,6,6,8,6,0.25/0.30/0.10/0.09/0.26,0.25/0.30/0.10/0.09/0.26,강 대위·이영한에게 마스크·음압병동 업체 매입을 맡기고 한 부회장에게 유가 공매도를 늘린다,강 대위·이영한에게 방역업체 인수 지시가 내려가고 한 부회장은 유가 공매도를 확대한다.,미국과 중국이 전쟁에 시선을 빼앗긴 동안 태우와 금융타워가 수익을 거둘 은폐창이 열린다.,강 대위·이영한에게 마스크·음압병동 업체 매입을 맡기고 한 부회장에게 유가 공매도를 늘린다; 미국과 중국이 서로 죽이는 데 몰두한 지금은 금융타워의 유가·석유 공격을 살필 여력이 없다는 틈이 보인다.; 강 대위·이영한에게 방역업체 인수 지시가 내려가고 한 부회장은 유가 공매도를 확대한다.,강 대위·이영한에게 마스크·음압병동 업체 매입을 맡기고 한 부회장에게 유가 공매도를 늘린다; 미국과 중국이 서로 죽이는 데 몰두한 지금은 금융타워의 유가·석유 공격을 살필 여력이 없다는 틈이 보인다; 강 대위·이영한에게 방역업체 인수 지시가 내려가고 한 부회장은 유가 공매도를 확대한다,마스크·음압병동 업체를 사들이고 유가 숏을 늘려 방역과 금융 방어를 동시에 실행한다,마스크·음압병동 업체를 사들이고 유가 숏을 늘려 방역과 금융 방어를 동시에 실행한다,훅은 마지막 프레임의 열린 질문만 세어 8→6 판정
502,502,L87842~L88030,PASS,PASS,PASS,6,6,8,8,7,7,0.23/0.21/0.29/0.08/0.19,0.23/0.21/0.29/0.08/0.19,데이비드가 니콜라 사기를 공개하고 김민재가 오용재·삼진과 반도체·디스플레이 공조를 제안한다,오용재와 느슨한 반도체 동맹을 맺고 생산량을 최대한 늘리기로 뜻을 모은다.,미중 분쟁과 코로나가 겹칠 반도체 부족 전에 생산량과 재고를 얼마나 끌어올릴지가 남는다.,데이비드가 니콜라 사기를 공개하고 김민재가 오용재·삼진과 반도체·디스플레이 공조를 제안한다; 경쟁사를 죽이는 치킨게임이 아니라 생존용 반도체 재고를 미리 쌓아야 한다는 미래 부족 사태가 제시된다.; 오용재와 느슨한 반도체 동맹을 맺고 생산량을 최대한 늘리기로 뜻을 모은다.,데이비드가 니콜라 사기를 공개하고 김민재가 오용재·삼진과 반도체·디스플레이 공조를 제안한다; 경쟁사를 죽이는 치킨게임이 아니라 생존용 반도체 재고를 미리 쌓아야 한다는 미래 부족 사태가 제시된다; 오용재와 느슨한 반도체 동맹을 맺고 생산량을 최대한 늘리기로 뜻을 모은다,니콜라 사기를 공개한 뒤 오용재와 반도체·디스플레이 공조를 맺어 기업동맹 관계가 중심이다,니콜라 사기를 공개한 뒤 오용재와 반도체·디스플레이 공조를 맺는다. 경쟁 재벌의 약점을 이용한 폭로가 국내 기술동맹이라는 실용적 보상으로 이어진다.,기존 점수·리본 유지; 원문 하드 경계와 인접 회차 대비 재확인; L87842~L88030 수동 재독; 범용 중심·비중 문구를 장면 리듬으로 교체; L87842~L88030 수동 재독; 범용 중심·비중 문구를 장면 리듬으로 교체; L87842~L88030 수동 재독; 범용 중심·비중 문구를 장면 리듬으로 교체; L87842~L88030 수동 재독; 범용 중심·비중 문구를 장면 리듬으로 교체; L87842~L88030 수동 재독; 범용 중심·비중 문구를 장면 리듬으로 교체; L87842~L88030 수동 재독; 범용 중심·비중 문구를 장면 리듬으로 교체; L87842~L88030 수동 재독; 범용 중심·비중 문구를 장면 리듬으로 교체; L87842~L88030 수동 재독; 범용 중심·비중 문구를 장면 리듬으로 교체; L87842~L88030 수동 재독; 범용 중심·비중 문구를 장면 리듬으로 교체; L87842~L88030 수동 재독; 범용 중심·비중 문구를 장면 리듬으로 교체; L87842~L88030 수동 재독; 범용 중심·비중 문구를 장면 리듬으로 교체
503,503,L88031~L88181,PASS,EDIT,PASS,7,7,5,5,8,7,0.35/0.14/0.20/0.10/0.21,0.35/0.14/0.20/0.10/0.21,기술보호법과 강제징용 판결 뒤의 한일 충돌을 검토하고 트럼프 재선을 지렛대로 삼는다,"삼진과의 동맹 범위를 반도체 밖으로 넓히기로 하고, 트럼프를 직접 설득할 전략이 확정된다.",팜벨트 지지율을 살릴 대가를 무엇으로 제시해 트럼프의 기술보호 협력을 얻을지가 열린다.,"기술보호법과 강제징용 판결 뒤의 한일 충돌을 검토하고 트럼프 재선을 지렛대로 삼는다; 트럼프가 가장 원하는 재선 지지율을 회복시켜 주면 미국 기술보호 협약을 원하는 방향으로 끌 수 있다는 교환점이 드러난다.; 삼진과의 동맹 범위를 반도체 밖으로 넓히기로 하고, 트럼프를 직접 설득할 전략이 확정된다.","기술보호법과 강제징용 판결 뒤의 한일 충돌을 검토하고 트럼프 재선을 지렛대로 삼는다; 트럼프가 가장 원하는 재선 지지율을 회복시켜 주면 미국 기술보호 협약을 원하는 방향으로 끌 수 있다는 교환점이 드러난다; 삼진과의 동맹 범위를 반도체 밖으로 넓히기로 하고, 트럼프를 직접 설득할 전략이 확정된다",기술보호법·강제징용 판결·트럼프 재선을 엮어 한일 충돌의 방어 논리를 정리한다,기술보호법·강제징용 판결·트럼프 재선을 엮어 한일 충돌의 방어 논리를 정리한다,훅은 마지막 프레임의 열린 질문만 세어 8→7 판정
504,504,L88182~L88346,PASS,PASS,PASS,5,5,7,7,7,7,0.18/0.13/0.33/0.07/0.29,0.18/0.13/0.33/0.07/0.29,트럼프와 골프를 치며 미국산 옥수수·대두 연 220억 달러 흡수를 약속한다,미국 농산물 연 220억 달러 구매안이 합의되고 트럼프의 공개적인 신뢰와 보답 약속을 얻는다.,트럼프가 말한 보답이 기술보호와 대중국 정책에서 어떤 형태로 나올지가 남는다.,트럼프와 골프를 치며 미국산 옥수수·대두 연 220억 달러 흡수를 약속한다; 트럼프는 백악관 관료보다 김민재를 더 믿는다며 조만간 진심을 보여 주겠다고 약속한다.; 미국 농산물 연 220억 달러 구매안이 합의되고 트럼프의 공개적인 신뢰와 보답 약속을 얻는다.,트럼프와 골프를 치며 미국산 옥수수·대두 연 220억 달러 흡수를 약속한다; 트럼프는 백악관 관료보다 김민재를 더 믿는다며 조만간 진심을 보여 주겠다고 약속한다; 미국 농산물 연 220억 달러 구매안이 합의되고 트럼프의 공개적인 신뢰와 보답 약속을 얻는다,트럼프와 골프를 치며 연 220억 달러 곡물 구매를 약속해 정치관계와 거래 규모가 크다,트럼프와 골프를 치며 연 220억 달러 곡물 구매를 약속해 정치관계와 거래 규모가 크다,기존 점수·리본 유지; 원문 하드 경계와 인접 회차 대비 재확인
505,505,L88347~L88514,PASS,EDIT,PASS,5,5,5,5,8,7,0.34/0.16/0.21/0.06/0.23,0.34/0.16/0.21/0.06/0.23,다이먼·데이비드와 비테라 인수 및 머스크 농업위성 활용안을 짠다,다이먼·데이비드에게 비테라 인수를 맡기고 머스크에게 농업위성 구축 약속을 받는다.,식량 대란이 오기 전에 비테라 계약과 위성망을 실제로 완성할 시간이 흐르기 시작한다.,다이먼·데이비드와 비테라 인수 및 머스크 농업위성 활용안을 짠다; 머스크는 비용만 보장되면 다음 해 안에 시간 단위 농업 관측망을 만들 수 있다고 답한다.; 다이먼·데이비드에게 비테라 인수를 맡기고 머스크에게 농업위성 구축 약속을 받는다.,다이먼·데이비드와 비테라 인수 및 머스크 농업위성 활용안을 짠다; 머스크는 비용만 보장되면 다음 해 안에 시간 단위 농업 관측망을 만들 수 있다고 답한다; 다이먼·데이비드에게 비테라 인수를 맡기고 머스크에게 농업위성 구축 약속을 받는다,다이먼·데이비드와 비테라 인수와 농업위성 관측망을 설계하는 식량전 준비 회차다,다이먼·데이비드와 비테라 인수와 농업위성 관측망을 설계하는 식량전 준비 회차다,훅은 마지막 프레임의 열린 질문만 세어 8→7 판정
506,506,L88515~L88679,PASS,EDIT,PASS,8,8,5,5,9,8,0.26/0.32/0.18/0.14/0.10,0.26/0.32/0.18/0.14/0.10,천민정의 디스플레이 기술유출 증거와 관련자 명단을 이영한에게 넘긴다.,천민정의 자료가 이영한에게 인계되고 수사기관 묵인 아래 명동 집행작전이 승인된다.,악마의 미소를 지은 이영한이 기술유출 관련자들을 어떤 방식으로 무너뜨릴지가 걸린다.,천민정의 기술절도 증거로 탑테크와 중국 유출선을 이영한에게 넘긴다; 경찰·검찰·국세청이 눈을 감아 줄 조건이 마련되자 이영한이 중간자금과 보유재산까지 토해 내게 할 수 있다고 한다.; 천민정의 자료가 이영한에게 인계되고 수사기관 묵인 아래 명동 집행작전이 승인된다.,천민정의 디스플레이 기술유출 증거와 관련자 명단을 이영한에게 넘긴다; 경찰·검찰·국세청이 눈을 감아 줄 조건이 마련되자 이영한이 중간자금과 보유재산까지 토해 내게 할 수 있다고 한다; 천민정의 자료가 이영한에게 인계되고 수사기관 묵인 아래 명동 집행작전이 승인된다,천민정의 기술절도 증거를 이영한에게 넘겨 탑테크 공개 처벌을 실제 작전으로 옮긴다,"천민정이 확보한 디스플레이 기술유출 증거와 관련자 명단을 이영한에게 넘기고 경찰·검찰·국세청의 묵인 조건을 붙인다. 협력업체 이름과 임원·USB 수법은 다음 화에서 처음 나오므로, 이 화의 재미는 명동 집행자를 선택하고 처벌범위를 정하는 데 있다.","훅은 마지막 프레임의 열린 질문만 세어 9→8 판정; L88515~L88679 수동 재독; 회차 필드 경계 교정, 표본 note를 현재 화 표면으로 교정; L88515~L88679 수동 재독; 회차 필드 경계 교정, 표본 note를 현재 화 표면으로 교정; L88515~L88679 수동 재독; 회차 필드 경계 교정, 표본 note를 현재 화 표면으로 교정; L88515~L88679 수동 재독; 회차 필드 경계 교정, 표본 note를 현재 화 표면으로 교정; L88515~L88679 수동 재독; 회차 필드 경계 교정, 표본 note를 현재 화 표면으로 교정; L88515~L88679 수동 재독; 회차 필드 경계 교정, 표본 note를 현재 화 표면으로 교정; L88515~L88679 수동 재독; 회차 필드 경계 교정, 표본 note를 현재 화 표면으로 교정; L88515~L88679 수동 재독; 회차 필드 경계 교정, 표본 note를 현재 화 표면으로 교정; L88515~L88679 수동 재독; 회차 필드 경계 교정, 표본 note를 현재 화 표면으로 교정; L88515~L88679 수동 재독; 회차 필드 경계 교정, 표본 note를 현재 화 표면으로 교정"
507,507,L88680~L88865,PASS,EDIT,PASS,9,9,6,6,9,8,0.18/0.28/0.33/0.17/0.04,0.18/0.28/0.33/0.17/0.04,이영한이 탑테크 양진태를 압박해 내부고발자로 돌린다,양진태가 내부고발 쪽으로 돌아서고 탑테크 임원 약점·자금통로가 확보된다.,확보한 내부고발과 자금증거를 얼마나 크게 공개해야 기술보호법 반대 여론을 꺾을지가 남는다.,이영한이 탑테크 양진태를 압박해 내부고발자로 돌린다; 명동이 임원 약점과 중국 비밀자금 통로를 모두 장악해 탑테크 전체를 희생양으로 세울 수 있게 된다.; 양진태가 내부고발 쪽으로 돌아서고 탑테크 임원 약점·자금통로가 확보된다.,이영한이 탑테크 양진태를 압박해 내부고발자로 돌린다; 명동이 임원 약점과 중국 비밀자금 통로를 모두 장악해 탑테크 전체를 희생양으로 세울 수 있게 된다; 양진태가 내부고발 쪽으로 돌아서고 탑테크 임원 약점·자금통로가 확보된다,이영한이 양진태의 약점을 눌러 내부고발자로 돌리는 심문과 관계 역전이 지배한다,이영한은 양진태의 약점을 짚어 내부고발자로 돌아서게 만든다. 위협받던 사람이 증거를 건네는 쪽으로 바뀌며 기술유출 수사의 문이 내부에서 열린다.,훅은 마지막 프레임의 열린 질문만 세어 9→8 판정; L88680~L88865 수동 재독; 편집 메타어를 실제 장면·숫자·사람 반응으로 교체; L88680~L88865 수동 재독; 편집 메타어를 실제 장면·숫자·사람 반응으로 교체
508,508,L88866~L89034,PASS,EDIT,PASS,8,8,8,8,8,6,0.25/0.31/0.12/0.13/0.19,0.25/0.31/0.12/0.13/0.19,암호화폐 자금흐름과 5조 원 피해를 공개해 12월 7일 기술보호법 통과를 밀어붙인다,암호화폐 흐름과 5조 원 피해가 공개되고 기술보호법 통과 일정·국제 블랙리스트 운용 기반이 잡힌다.,기술보호 다음 과제로 비테라 연내 계약과 식량 대란 대비가 전면에 올라온다.,암호화폐 자금흐름과 5조 원 피해를 공개해 12월 7일 기술보호법 통과를 밀어붙인다; 미국이 전면에 서고 일본·EU가 뒤를 받쳐 중국의 총알이 한국까지 닿지 않게 하는 국제 방어구조가 제시된다.; 암호화폐 흐름과 5조 원 피해가 공개되고 기술보호법 통과 일정·국제 블랙리스트 운용 기반이 잡힌다.,암호화폐 자금흐름과 5조 원 피해를 공개해 12월 7일 기술보호법 통과를 밀어붙인다; 미국이 전면에 서고 일본·EU가 뒤를 받쳐 중국의 총알이 한국까지 닿지 않게 하는 국제 방어구조가 제시된다; 암호화폐 흐름과 5조 원 피해가 공개되고 기술보호법 통과 일정·국제 블랙리스트 운용 기반이 잡힌다,암호화폐 흐름과 5조 피해를 공개해 기술보호법 통과를 밀어붙이는 제도 행동이 강하다,암호화폐 흐름과 5조 피해를 공개해 기술보호법 통과를 밀어붙이는 제도 행동이 강하다,훅은 마지막 프레임의 열린 질문만 세어 8→6 판정
509,509,L89035~L89193,PASS,EDIT,PASS,8,8,6,6,9,8,0.27/0.30/0.13/0.14/0.16,0.27/0.30/0.13/0.14/0.16,하버드 교수의 중국 연계를 터뜨리고 중국 부동산·지수 공매도와 미·일·EU 공조를 건다,"하버드 폭로 카드와 미·일·EU 지원, 중국 공매도 압박이 결합되고 리강 면담 일정이 추진된다.",리강이 실제로 한국에 와서 어떤 양보를 내놓을지가 다음 승부다.,"하버드 교수의 중국 연계를 터뜨리고 중국 부동산·지수 공매도와 미·일·EU 공조를 건다; 미국도 납득할 증거와 명분이 있으면 중국의 일방 양보를 요구하는 협상이 가능하다는 판이 선다.; 하버드 폭로 카드와 미·일·EU 지원, 중국 공매도 압박이 결합되고 리강 면담 일정이 추진된다.","하버드 교수의 중국 연계를 터뜨리고 중국 부동산·지수 공매도와 미·일·EU 공조를 건다; 미국도 납득할 증거와 명분이 있으면 중국의 일방 양보를 요구하는 협상이 가능하다는 판이 선다; 하버드 폭로 카드와 미·일·EU 지원, 중국 공매도 압박이 결합되고 리강 면담 일정이 추진된다",하버드 교수의 중국 연계를 폭로하고 국제 공조·공매도를 걸어 리강을 협상장으로 끌어낸다,하버드 교수의 중국 연계를 폭로하고 국제 공조·공매도를 걸어 리강을 협상장으로 끌어낸다,훅은 마지막 프레임의 열린 질문만 세어 9→8 판정
510,510,L89194~L89363,PASS,EDIT,PASS,8,8,8,8,8,7,0.24/0.17/0.34/0.10/0.15,0.24/0.17/0.34/0.10/0.15,리강의 철회 요구를 증거로 꺾고 중국행 한국 기술자 블랙리스트를 준비한다,리강의 철회 압박을 증거로 물리치고 미국·일본·EU 취업까지 막는 블랙리스트 추진에 들어간다.,김민재의 미국행 목적이 비테라 인수와 곡물 메이저 ABC 협상으로 구체화된다.,리강의 철회 요구를 증거로 꺾고 중국행 한국 기술자 블랙리스트를 준비한다; 중국에서조차 버림받는 산업스파이를 만들면 이직·유출 자체를 막을 수 있다는 본보기 설계가 확정된다.; 리강의 철회 압박을 증거로 물리치고 미국·일본·EU 취업까지 막는 블랙리스트 추진에 들어간다.,리강의 철회 요구를 증거로 꺾고 중국행 한국 기술자 블랙리스트를 준비한다; 중국에서조차 버림받는 산업스파이를 만들면 이직·유출 자체를 막을 수 있다는 본보기 설계가 확정된다; 리강의 철회 압박을 증거로 물리치고 미국·일본·EU 취업까지 막는 블랙리스트 추진에 들어간다,리강의 철회 요구를 증거로 꺾고 기술자 블랙리스트를 협상해 관계 힘겨루기가 중심이다,리강의 철회 요구를 증거로 꺾고 기술자 블랙리스트를 협상한다. 중국의 압박을 방어하는 데서 멈추지 않고 인력유출 규칙까지 상대가 논의하게 만든다.,훅은 마지막 프레임의 열린 질문만 세어 8→7 판정; L89194~L89363 수동 재독; 범용 중심·비중 문구를 장면 리듬으로 교체; L89194~L89363 수동 재독; 범용 중심·비중 문구를 장면 리듬으로 교체; L89194~L89363 수동 재독; 범용 중심·비중 문구를 장면 리듬으로 교체; L89194~L89363 수동 재독; 범용 중심·비중 문구를 장면 리듬으로 교체; L89194~L89363 수동 재독; 범용 중심·비중 문구를 장면 리듬으로 교체; L89194~L89363 수동 재독; 범용 중심·비중 문구를 장면 리듬으로 교체; L89194~L89363 수동 재독; 범용 중심·비중 문구를 장면 리듬으로 교체; L89194~L89363 수동 재독; 범용 중심·비중 문구를 장면 리듬으로 교체; L89194~L89363 수동 재독; 범용 중심·비중 문구를 장면 리듬으로 교체; L89194~L89363 수동 재독; 범용 중심·비중 문구를 장면 리듬으로 교체; L89194~L89363 수동 재독; 범용 중심·비중 문구를 장면 리듬으로 교체
511,511,L89364~L89522,PASS,EDIT,PASS,7,7,5,5,8,7,0.25/0.12/0.31/0.07/0.25,0.25/0.12/0.31/0.07/0.25,카길·와이자타 앞에서 연 1천억 달러 곡물 구매와 농장 임차를 제안한다,연 1천억 달러 구매·농장 임차 제안이 공식 테이블에 오르고 카길과 와이자타 사이 경쟁이 점화된다.,누가 가장 큰 농장·인프라 조건을 내고 태우의 식량망 파트너가 될지가 걸린다.,카길·와이자타 앞에서 연 1천억 달러 곡물 구매와 농장 임차를 제안한다; 1천억 달러는 세계 곡물기업 순위를 바꿀 금액이라 선택권을 넘겨받은 대표들이 숨긴 탐욕을 드러낸다.; 연 1천억 달러 구매·농장 임차 제안이 공식 테이블에 오르고 카길과 와이자타 사이 경쟁이 점화된다.,카길·와이자타 앞에서 연 1천억 달러 곡물 구매와 농장 임차를 제안한다; 1천억 달러는 세계 곡물기업 순위를 바꿀 금액이라 선택권을 넘겨받은 대표들이 숨긴 탐욕을 드러낸다; 연 1천억 달러 구매·농장 임차 제안이 공식 테이블에 오르고 카길과 와이자타 사이 경쟁이 점화된다,카길·와이자타에 연 1천억 달러 구매와 농장 임차를 제시해 카르텔 관계를 가른다,카길·와이자타에 연 1천억 달러 구매와 농장 임차를 제시해 카르텔 관계를 가른다,훅은 마지막 프레임의 열린 질문만 세어 8→7 판정
512,512,L89523~L89696,PASS,EDIT,PASS,5,5,8,8,7,6,0.24/0.18/0.15/0.07/0.36,0.24/0.18/0.15/0.07/0.36,비테라를 태우 곡물회사로 바꾸고 세계 농업 인프라 임차망을 묶는다,"비테라 인수와 태우 곡물회사 전환, 세계 농업 인프라 임차 조건이 확정된다.",태우반도체를 대체 불가능한 공급자로 만들 해외 팹·첨단칩 투자가 다음 과제로 열린다.,"비테라를 태우 곡물회사로 바꾸고 세계 농업 인프라 임차망을 묶는다; 곡물 영향력만큼 반도체도 세계 경제가 태우 없이 돌지 못할 수준으로 높여야 한다는 다음 독점 목표가 선다.; 비테라 인수와 태우 곡물회사 전환, 세계 농업 인프라 임차 조건이 확정된다.","비테라를 태우 곡물회사로 바꾸고 세계 농업 인프라 임차망을 묶는다; 곡물 영향력만큼 반도체도 세계 경제가 태우 없이 돌지 못할 수준으로 높여야 한다는 다음 독점 목표가 선다; 비테라 인수와 태우 곡물회사 전환, 세계 농업 인프라 임차 조건이 확정된다",비테라를 태우 곡물회사로 바꾸고 세계 농업망을 묶어 식량자산 지급이 크게 남는다,비테라를 태우 곡물회사로 바꾸고 세계 농업망을 묶어 식량자산 지급이 크게 남는다,훅은 마지막 프레임의 열린 질문만 세어 7→6 판정
513,513,L89697~L89854,EDIT,EDIT,PASS,5,5,6,5,8,7,0.35/0.21/0.12/0.06/0.26,0.35/0.21/0.12/0.06/0.26,중국에서 해고된 기술자를 막고 인도·베트남에 레거시 팹과 HBM·GPU 투자를 배치한다,"인도·베트남 레거시 팹과 HBM·GPU 투자안, 중국 해고기술자 차단 방침과 한국 GPU 공장 부지를 확정한다. 팹 건설·생산은 아직 전이다.",AI·HBM·GPU를 태우가 독식해 앞으로 20년 성장동력으로 만들 수 있는가?,"중국에서 해고된 기술자를 막고 인도·베트남에 레거시 팹과 HBM·GPU 투자를 배치한다; AI가 앞으로 20년의 성장동력이 되며 HBM·GPU를 태우가 독식하면 장기 우위가 가능하다는 방향이 정해진다.; 인도·베트남 레거시 팹과 HBM·GPU 투자안, 중국 해고기술자 차단 방침이 확정된다.","중국에서 해고된 기술자를 막고 인도·베트남에 레거시 팹과 HBM·GPU 투자를 배치한다; AI가 앞으로 20년의 성장동력이 되며 HBM·GPU를 태우가 독식하면 장기 우위가 가능하다는 방향이 정해진다; 인도·베트남 레거시 팹과 HBM·GPU 투자안, 중국 해고기술자 차단 방침과 한국 GPU 공장 부지를 확정한다. 팹 건설·생산은 아직 전이다",인도·베트남 레거시 팹과 HBM·GPU 투자를 배치해 생산지도 설명과 설비 투자가 중심이다,"중국에서 해고된 기술자의 유출을 막으면서 인도·베트남에는 레거시 팹, 한국에는 HBM·GPU 공장을 배치한다. 생산품과 부지만 정한 상태라 팹 건설·양산은 남고, AI·첨단칩을 앞으로 20년 성장동력으로 독식할 수 있는지가 마지막 질문이다.","보상은 실제 지급만 세어 6→5 판정; 훅은 마지막 프레임의 열린 질문만 세어 8→7 판정; L89697~L89854 수동 재독; 점수·리본 유지, 기계적 note만 장면별 편집문으로 교체; L89697~L89854 수동 재독; 회차 필드 경계 교정, 기계적 note를 장면별 편집문으로 교체; L89697~L89854 수동 재독; 회차 필드 경계 교정, 기계적 note를 장면별 편집문으로 교체; L89697~L89854 수동 재독; 회차 필드 경계 교정, 기계적 note를 장면별 편집문으로 교체; L89697~L89854 수동 재독; 회차 필드 경계 교정, 기계적 note를 장면별 편집문으로 교체; L89697~L89854 수동 재독; 회차 필드 경계 교정, 기계적 note를 장면별 편집문으로 교체; L89697~L89854 수동 재독; 회차 필드 경계 교정, 기계적 note를 장면별 편집문으로 교체; L89697~L89854 수동 재독; 회차 필드 경계 교정, 기계적 note를 장면별 편집문으로 교체; L89697~L89854 수동 재독; 회차 필드 경계 교정, 기계적 note를 장면별 편집문으로 교체; L89697~L89854 수동 재독; 회차 필드 경계 교정, 기계적 note를 장면별 편집문으로 교체; L89697~L89854 수동 재독; 회차 필드 경계 교정, 기계적 note를 장면별 편집문으로 교체; L89697~L89854 수동 재독; 회차 필드 경계 교정, 기계적 note를 장면별 편집문으로 교체; L89697~L89854 수동 재독; 회차 필드 경계 교정, 기계적 note를 장면별 편집문으로 교체"
514,514,L89855~L90022,EDIT,EDIT,EDIT,7,7,5,5,9,7,0.28/0.12/0.33/0.06/0.21,0.34/0.22/0.15/0.07/0.22,"곡물시장 비판 보도를 확인하고 해외 팹 진출은 계속 밀되, ASML과 추가 협상이 필요하다는 보고에 김민재가 직접 나서겠다고 정한다.","비판 여론에도 곡물·해외 팹 계획을 유지하고, ASML 장비 문제를 김민재가 직접 협상하기로 정한다. 상대와 장비별 조건은 아직 나오지 않는다.",김민재가 직접 나선 ASML 협상에서 해외 팹에 필요한 장비 공급을 어떤 조건으로 확보할 것인가?,레거시 공장 물량을 배분한 뒤 ASML을 찾아 EUV 장비 선점 협상에 들어간다; 중국 제재로 비는 장비를 가로채면 반도체 대란 때 태우 영향력이 국가 수준을 넘는다는 승부처가 명확해진다.; 레거시 공장 물량 배분을 끝내고 피터슨과의 ASML 증설·공급권 협상에 들어간다.,"곡물시장 비판 보도를 확인하고 해외 팹 진출은 계속 밀되, ASML과 추가 협상이 필요하다는 보고에 김민재가 직접 나서겠다고 정한다; 언론의 오너리스크 공세와 중국 배후 의심에도 계획을 바꾸지 않고, ASML 협상 뒤 베트남·인도 계약까지 직접 잇기로 한다; 비판 여론에도 곡물·해외 팹 계획을 유지하고, ASML 장비 문제를 김민재가 직접 협상하기로 정한다. 상대와 장비별 조건은 아직 나오지 않는다",ASML을 찾아 장비 부족을 풀 증설·배분 조건을 탐색하는 기술정보와 교섭 관계 회차다,곡물시장과 해외 팹 투자를 오너리스크로 몰아가는 보도를 확인하지만 김민재는 계획을 늦추지 않는다. ASML 장비 문제를 직접 협상하고 베트남·인도 계약까지 잇겠다고 정할 뿐 상대 이름과 장비별 공급비율은 다음 화에 나온다.,"훅은 마지막 프레임의 열린 질문만 세어 9→7 판정; L89855~L90022 수동 재독; 점수·리본 유지, 기계적 note만 장면별 편집문으로 교체; L89855~L90022 수동 재독; 리본 재판정, 회차 필드 경계 교정, 기계적 note를 장면별 편집문으로 교체; L89855~L90022 수동 재독; 리본 재판정, 회차 필드 경계 교정, 기계적 note를 장면별 편집문으로 교체; L89855~L90022 수동 재독; 리본 재판정, 회차 필드 경계 교정, 기계적 note를 장면별 편집문으로 교체; L89855~L90022 수동 재독; 리본 재판정, 회차 필드 경계 교정, 기계적 note를 장면별 편집문으로 교체; L89855~L90022 수동 재독; 리본 재판정, 회차 필드 경계 교정, 기계적 note를 장면별 편집문으로 교체; L89855~L90022 수동 재독; 리본 재판정, 회차 필드 경계 교정, 기계적 note를 장면별 편집문으로 교체; L89855~L90022 수동 재독; 리본 재판정, 회차 필드 경계 교정, 기계적 note를 장면별 편집문으로 교체; L89855~L90022 수동 재독; 리본 재판정, 회차 필드 경계 교정, 기계적 note를 장면별 편집문으로 교체; L89855~L90022 수동 재독; 리본 재판정, 회차 필드 경계 교정, 기계적 note를 장면별 편집문으로 교체; L89855~L90022 수동 재독; 리본 재판정, 회차 필드 경계 교정, 기계적 note를 장면별 편집문으로 교체; L89855~L90022 수동 재독; 리본 재판정, 회차 필드 경계 교정, 기계적 note를 장면별 편집문으로 교체; L89855~L90022 수동 재독; 리본 재판정, 회차 필드 경계 교정, 기계적 note를 장면별 편집문으로 교체"
515,515,L90023~L90196,PASS,EDIT,PASS,6,6,9,8,7,6,0.20/0.13/0.24/0.05/0.38,0.20/0.13/0.24/0.05/0.38,ASML 증설비를 대고 기존 EUV 50퍼센트·신규 70퍼센트와 후일 DUV까지 약속받는다,기존 EUV 50퍼센트·신규 EUV 70퍼센트와 향후 DUV 공급 약속을 받고 증설비 지원을 합의한다.,확보한 장비와 팹을 실제 통신·자율주행·한일 수출규제 대응에 어떻게 연결할지가 열린다.,ASML 증설비를 대고 기존 EUV 50퍼센트·신규 70퍼센트와 후일 DUV까지 약속받는다; 태우가 중국 시장을 잃을 구형 DUV의 새 판매처까지 약속하자 피터슨이 웃음을 감추지 못한다.; 기존 EUV 50퍼센트·신규 EUV 70퍼센트와 향후 DUV 공급 약속을 받고 증설비 지원을 합의한다.,ASML 증설비를 대고 기존 EUV 50퍼센트·신규 70퍼센트와 후일 DUV까지 약속받는다; 태우가 중국 시장을 잃을 구형 DUV의 새 판매처까지 약속하자 피터슨이 웃음을 감추지 못한다; 기존 EUV 50퍼센트·신규 EUV 70퍼센트와 향후 DUV 공급 약속을 받고 증설비 지원을 합의한다,증설비를 대고 EUV 50·70퍼센트와 DUV 약속을 받아 장비 물량 보상이 가장 크다,증설비를 대고 EUV 50·70퍼센트와 DUV 약속을 받아 장비 물량 보상이 가장 크다,보상은 실제 지급만 세어 9→8 판정; 훅은 마지막 프레임의 열린 질문만 세어 7→6 판정
516,516,L90197~L90378,EDIT,EDIT,PASS,5,5,7,7,8,7,0.28/0.22/0.22/0.09/0.19,0.28/0.22/0.22/0.09/0.19,베트남의 김태중에게 저점 투자를 맡기고 귀국해 손실을 감수한 28GHz·스타링크 구축을 명령한다,김태중의 베트남 투자 역할과 28GHz·스타링크 구축 명령이 확정된다.,손실을 감수한 28GHz 전국망과 스타링크 협업으로 통신·자율주행 기반을 실제 구축할 수 있는가?,베트남의 김태중에게 저점 투자를 맡기고 귀국해 손실을 감수한 28GHz·스타링크 구축을 명령한다; 김민재는 수익보다 회귀 전 실패를 반복하지 않는 것이 더 중요하다고 판단한다.; 김태중의 베트남 투자 역할과 28GHz·스타링크 구축 명령이 확정된다.,베트남의 김태중에게 저점 투자를 맡기고 귀국해 손실을 감수한 28GHz·스타링크 구축을 명령한다; 김민재는 수익보다 회귀 전 실패를 반복하지 않는 것이 더 중요하다고 판단한다; 김태중의 베트남 투자 역할과 28GHz·스타링크 구축 명령이 확정된다,김태중의 베트남 저점투자와 28GHz·스타링크 구축을 잇는 세대관계와 인프라 판단이다,김태중의 베트남 저점투자와 28GHz·스타링크 구축을 잇는 세대관계와 인프라 판단이다,훅은 마지막 프레임의 열린 질문만 세어 8→7 판정
517,517,L90379~L90540,EDIT,EDIT,PASS,8,8,5,5,9,8,0.31/0.27/0.10/0.14/0.18,0.31/0.27/0.10/0.14/0.18,"일본 초계기 갈등을 계기로 일본 소재를 2~10배 비축하고 관련주 공매도를 준비한 뒤, 내부정보를 구하러 명동으로 향한다.",일본산 소재의 비축 배수와 관련주 공매도 방향을 정하고 명동 정보망에 접근한다. 이영한의 실제 정보수집·작전 투입은 아직 전이다.,"이영한이 일본 정계·야쿠자에서 어떤 약점을 가져올지, 실제 수출규제가 언제 발동할지가 걸린다.",일본 초계기 갈등을 계기로 일본 소재를 2~10배 비축하고 관련주 공매도를 준비한다; 명동의 해외 암흑망이면 야쿠자와 일본 내부정보를 태우보다 먼저 확보할 수 있다는 비대칭 수단이 생긴다.; 일본산 소재의 비축 배수가 정해지고 관련주 공매도와 이영한 투입이 승인된다.,"일본 초계기 갈등을 계기로 일본 소재를 2~10배 비축하고 관련주 공매도를 준비한 뒤, 내부정보를 구하러 명동으로 향한다; 명동의 해외 암흑망이면 야쿠자와 일본 내부정보를 태우보다 먼저 확보할 수 있다는 비대칭 수단이 생긴다; 일본산 소재의 비축 배수와 관련주 공매도 방향을 정하고 명동 정보망에 접근한다. 이영한의 실제 정보수집·작전 투입은 아직 전이다",초계기 갈등에서 일본 규제를 예측해 소재를 2~10배 비축하고 공매도까지 준비한다,일본 초계기 갈등을 수출규제 신호로 읽어 일본 소재를 품목별 2~10배 비축하고 관련주 공매도를 준비한다. 명동으로 가 이영한에게 정계·야쿠자 약점을 캐려는 마지막 이동이 재고 확보 계획보다 은밀한 정보전의 기대를 키운다.,"훅은 마지막 프레임의 열린 질문만 세어 9→8 판정; L90379~L90540 수동 재독; 점수·리본 유지, 기계적 note만 장면별 편집문으로 교체; L90379~L90540 수동 재독; 기계적 note를 장면별 편집문으로 교체; L90379~L90540 수동 재독; 기계적 note를 장면별 편집문으로 교체; L90379~L90540 수동 재독; 기계적 note를 장면별 편집문으로 교체; L90379~L90540 수동 재독; 기계적 note를 장면별 편집문으로 교체; L90379~L90540 수동 재독; 기계적 note를 장면별 편집문으로 교체; L90379~L90540 수동 재독; 기계적 note를 장면별 편집문으로 교체; L90379~L90540 수동 재독; 기계적 note를 장면별 편집문으로 교체; L90379~L90540 수동 재독; 기계적 note를 장면별 편집문으로 교체; L90379~L90540 수동 재독; 기계적 note를 장면별 편집문으로 교체; L90379~L90540 수동 재독; 기계적 note를 장면별 편집문으로 교체; L90379~L90540 수동 재독; 기계적 note를 장면별 편집문으로 교체; L90379~L90540 수동 재독; 기계적 note를 장면별 편집문으로 교체"
518,518,L90541~L90722,PASS,EDIT,PASS,7,7,6,6,8,7,0.24/0.23/0.26/0.10/0.17,0.24/0.23/0.26/0.10/0.17,이영한의 해외망으로 마스크·병동을 늘리고 머스크·오용재를 일본 제재 방어선에 묶는다,"이영한의 해외망 증원과 방역물량 확대, 머스크·오용재를 포함한 방어선 제안이 실행된다.","어느 기업이 손을 잡고, 일본 포토레지스트를 대체할 해외 업체가 응할지가 남는다.","이영한의 해외망으로 마스크·병동을 늘리고 머스크·오용재를 일본 제재 방어선에 묶는다; 지원은 동맹 참여를 선택한 기업에게만 돌아간다는 조건이 분명해져 협력과 탈락의 선이 그어진다.; 이영한의 해외망 증원과 방역물량 확대, 머스크·오용재를 포함한 방어선 제안이 실행된다.","이영한의 해외망으로 마스크·병동을 늘리고 머스크·오용재를 일본 제재 방어선에 묶는다; 지원은 동맹 참여를 선택한 기업에게만 돌아간다는 조건이 분명해져 협력과 탈락의 선이 그어진다; 이영한의 해외망 증원과 방역물량 확대, 머스크·오용재를 포함한 방어선 제안이 실행된다",마스크·병동을 늘리며 머스크와 오용재를 제재 방어선에 묶어 동맹 실행이 두드러진다,마스크·병동을 늘리며 머스크와 오용재를 제재 방어선에 묶어 동맹 실행이 두드러진다,훅은 마지막 프레임의 열린 질문만 세어 8→7 판정
519,519,L90723~L90882,EDIT,EDIT,PASS,8,8,6,5,9,8,0.27/0.27/0.20/0.11/0.15,0.27/0.27/0.20/0.11/0.15,듀폰 현지화를 타진하고 강 대위에게 자금세탁 추적장비·초소형 카메라를 건네 일본 대북밀수 증거수집 작전을 시작한다.,듀폰 현지화 협상창과 대북밀수 증거를 모을 장비·인력·작전경로를 마련한다. 영상·자금증거 확보와 공개는 아직 전이다.,강 대위 팀이 실제 대북밀수 영상·자금흐름을 확보하고 듀폰과 한국 공장 조건을 합의할 수 있는가?,듀폰 현지화를 타진하고 일본의 대북 밀수 영상·자금 증거를 강 대위와 모은다; 코로나까지 겹치면 일본 정부의 버티기 비용이 급증해 지금 모은 증거와 대체선이 결정타가 될 수 있다.; 듀폰 현지화 협상창과 일본 대북밀수 영상·자금 증거가 함께 확보된다.,듀폰 현지화를 타진하고 강 대위에게 자금세탁 추적장비·초소형 카메라를 건네 일본 대북밀수 증거수집 작전을 시작한다; 코로나까지 겹치면 일본 정부의 버티기 비용이 급증해 지금 모은 증거와 대체선이 결정타가 될 수 있다; 듀폰 현지화 협상창과 대북밀수 증거를 모을 장비·인력·작전경로를 마련한다. 영상·자금증거 확보와 공개는 아직 전이다,일본 대북 밀수 증거와 듀폰 포토레지스트 대체선을 함께 확보하는 조사·섭외 회차다,"듀폰의 한국 현지화를 타진하는 공개 협상과 강 대위에게 자금세탁 추적장비·초소형 카메라를 건네는 대북밀수 잠입 준비가 교차한다. 공장 조건도 영상 증거도 아직 없으므로, 두 작전은 장비와 접촉선을 갖춘 출발점에서 함께 멈춘다.","보상은 실제 지급만 세어 6→5 판정; 훅은 마지막 프레임의 열린 질문만 세어 9→8 판정; L90723~L90882 수동 재독; 점수·리본 유지, 기계적 note만 장면별 편집문으로 교체; L90723~L90882 수동 재독; 기계적 note를 장면별 편집문으로 교체; L90723~L90882 수동 재독; 기계적 note를 장면별 편집문으로 교체; L90723~L90882 수동 재독; 기계적 note를 장면별 편집문으로 교체; L90723~L90882 수동 재독; 기계적 note를 장면별 편집문으로 교체; L90723~L90882 수동 재독; 기계적 note를 장면별 편집문으로 교체; L90723~L90882 수동 재독; 기계적 note를 장면별 편집문으로 교체; L90723~L90882 수동 재독; 기계적 note를 장면별 편집문으로 교체; L90723~L90882 수동 재독; 기계적 note를 장면별 편집문으로 교체; L90723~L90882 수동 재독; 기계적 note를 장면별 편집문으로 교체; L90723~L90882 수동 재독; 기계적 note를 장면별 편집문으로 교체; L90723~L90882 수동 재독; 기계적 note를 장면별 편집문으로 교체; L90723~L90882 수동 재독; 기계적 note를 장면별 편집문으로 교체"
520,520,L90883~L91041,EDIT,PASS,PASS,5,5,8,8,7,7,0.19/0.16/0.31/0.06/0.28,0.19/0.16/0.31/0.06/0.28,"듀폰과 6천만 달러 한국 포토레지스트 공장 건설에 합의하고 태우가 2천만 달러를 대 지분 30퍼센트를 받으며, 기존 태우 공장을 임시 생산거점으로 내준다.","듀폰 한국 공장 건설계약, 태우 2천만 달러 투자·지분 30퍼센트, 기존 공장의 임시 생산사용과 연구팀 이전 약속을 얻는다.",일본 정책이 자국 소재기업을 배신할 때 듀폰 공장과 인수카드가 실제로 작동할지가 남는다.,듀폰에 2천만 달러와 지분 30퍼센트로 한국 EUV 포토레지스트 공장을 세운다; 일본 정부가 자국 기업을 버리는 순간 한국이 손을 내밀면 소재기업까지 통째로 이전시킬 수 있다는 덫이 완성된다.; 태우 2천만 달러 투자·듀폰 지분 30퍼센트 조건으로 한국 EUV 포토레지스트 공장이 확정된다.,"듀폰과 6천만 달러 한국 포토레지스트 공장 건설에 합의하고 태우가 2천만 달러를 대 지분 30퍼센트를 받으며, 기존 태우 공장을 임시 생산거점으로 내준다; 듀폰 연구팀의 한국 이전과 신공장 건설계약은 확정되지만, 실제 공장 완공·생산은 아직 남는다; 듀폰 한국 공장 건설계약, 태우 2천만 달러 투자·지분 30퍼센트, 기존 공장의 임시 생산사용과 연구팀 이전 약속을 얻는다",듀폰에 2천만 달러와 지분 30퍼센트를 주고 한국 공장을 세우는 계약 관계와 자산이 중심이다,듀폰과 6천만 달러 한국 포토레지스트 공장에 합의하고 태우가 2천만 달러를 대 지분 30퍼센트를 받는다. 기존 태우 공장을 임시 생산거점으로 내주고 연구팀 이전까지 묶는 구체 계약이 연속 지급되어 일본 규제 역공의 실물감이 높다.,"기존 점수·리본 유지; 원문 하드 경계와 인접 회차 대비 재확인; L90883~L91041 수동 재독; 점수·리본 유지, 기계적 note만 장면별 편집문으로 교체; L90883~L91041 수동 재독; 기계적 note를 장면별 편집문으로 교체; L90883~L91041 수동 재독; 기계적 note를 장면별 편집문으로 교체; L90883~L91041 수동 재독; 기계적 note를 장면별 편집문으로 교체; L90883~L91041 수동 재독; 기계적 note를 장면별 편집문으로 교체; L90883~L91041 수동 재독; 기계적 note를 장면별 편집문으로 교체; L90883~L91041 수동 재독; 기계적 note를 장면별 편집문으로 교체; L90883~L91041 수동 재독; 기계적 note를 장면별 편집문으로 교체; L90883~L91041 수동 재독; 기계적 note를 장면별 편집문으로 교체; L90883~L91041 수동 재독; 기계적 note를 장면별 편집문으로 교체; L90883~L91041 수동 재독; 기계적 note를 장면별 편집문으로 교체; L90883~L91041 수동 재독; 기계적 note를 장면별 편집문으로 교체; L90883~L91041 수동 재독; 기계적 note를 장면별 편집문으로 교체"
521,521,L91042~L91200,EDIT,EDIT,PASS,5,5,6,6,8,7,0.27/0.22/0.12/0.10/0.29,0.27/0.22/0.12/0.10/0.29,센트리언 진단·백신 연구와 대형 제약공장을 손실을 감수하고 확대한다,센트리언 연구·제약공장 증설이 승인되고 연구진에게 선행투자와 지원이 배정된다.,"공사 중인 제약시설과 진단·백신 연구를 실제 팬데믹 대응력으로 완성하고, 농업·식량 선행투자까지 이어 갈 수 있는가?",센트리언 진단·백신 연구와 대형 제약공장을 손실을 감수하고 확대한다; 팬데믹 대비는 제약만이 아니라 취약한 한국 농업까지 태우가 키울 기회라는 확장 방향이 드러난다.; 센트리언 연구·제약공장 증설이 승인되고 연구진에게 선행투자와 지원이 배정된다.,센트리언 진단·백신 연구와 대형 제약공장을 손실을 감수하고 확대한다; 팬데믹 대비는 제약만이 아니라 취약한 한국 농업까지 태우가 키울 기회라는 확장 방향이 드러난다; 센트리언 연구·제약공장 증설이 승인되고 연구진에게 선행투자와 지원이 배정된다,손실을 감수하고 센트리언 진단·백신 연구와 대형 공장을 늘려 생산능력을 선행 확보한다,"센트리언의 진단·백신 연구와 대형 제약공장을 당장 손실이 나더라도 확대하라고 승인한다. 연구진 지원과 증설비 배정은 끝났지만 공사 중인 시설이 팬데믹 대응력으로 완성된 것은 아니어서, 선행투자의 느린 축적 자체가 리듬을 만든다.","훅은 마지막 프레임의 열린 질문만 세어 8→7 판정; L91042~L91200 수동 재독; 점수·리본 유지, 기계적 note만 장면별 편집문으로 교체; L91042~L91200 수동 재독; 기계적 note를 장면별 편집문으로 교체; L91042~L91200 수동 재독; 기계적 note를 장면별 편집문으로 교체; L91042~L91200 수동 재독; 기계적 note를 장면별 편집문으로 교체; L91042~L91200 수동 재독; 기계적 note를 장면별 편집문으로 교체; L91042~L91200 수동 재독; 기계적 note를 장면별 편집문으로 교체; L91042~L91200 수동 재독; 기계적 note를 장면별 편집문으로 교체; L91042~L91200 수동 재독; 기계적 note를 장면별 편집문으로 교체; L91042~L91200 수동 재독; 기계적 note를 장면별 편집문으로 교체; L91042~L91200 수동 재독; 기계적 note를 장면별 편집문으로 교체; L91042~L91200 수동 재독; 기계적 note를 장면별 편집문으로 교체; L91042~L91200 수동 재독; 기계적 note를 장면별 편집문으로 교체; L91042~L91200 수동 재독; 기계적 note를 장면별 편집문으로 교체"
522,522,L91201~L91367,EDIT,EDIT,PASS,7,7,6,5,8,7,0.22/0.30/0.17/0.18/0.13,0.22/0.30/0.17/0.18/0.13,수감된 이 상무의 욕심과 간접 전달경로를 이용해 중국 각지에 가짜 반도체 공장을 만들 보조금 사냥 미끼를 설계한다.,이 상무를 보조금 사냥꾼으로 쓸 기술미끼·간접 전달경로 계획을 완성한다. 실제 전달·가짜 팹 설립은 전이다.,설계한 기술미끼가 이 상무에게 전달되고 그가 욕심을 부려 가짜 팹을 만들 것인가?,수감된 이 상무에게 가짜·도난 반도체 기술을 건네 중국 보조금 사냥꾼으로 쓴다; 진짜 생산에는 쓸모없는 기술도 중국 보조금 심사에는 그럴듯해 보이면 이 상무의 탐욕을 움직일 수 있다.; 가짜·도난 기술 USB와 간접 전달경로가 설계되고 이 상무를 보조금 사냥꾼으로 쓰기로 한다.,"수감된 이 상무의 욕심과 간접 전달경로를 이용해 중국 각지에 가짜 반도체 공장을 만들 보조금 사냥 미끼를 설계한다; 실제 생산에는 쓸모없지만 보조금 심사에는 그럴듯해 보일 기술미끼와 전달경로가 필요하고, 이 상무의 반응은 남는다; 이 상무를 보조금 사냥꾼으로 쓸 기술미끼·간접 전달경로 계획을 완성한다. 실제 전달·가짜 팹 설립은 전이다",수감된 이 상무에게 가짜 기술을 쥐여 중국 보조금을 빼내게 하는 복수 행동이 강하다,"수감된 이 상무의 욕심을 중국 반도체 보조금 고갈에 이용할 기술미끼와 간접 전달경로를 세밀하게 설계한다. 미끼의 구체 매체와 전달 장면, 가짜 팹 설립은 아직 나오지 않아 함정의 조립 과정을 길게 본 뒤 먹잇감의 첫 반응을 기다린다.","보상은 실제 지급만 세어 6→5 판정; 훅은 마지막 프레임의 열린 질문만 세어 8→7 판정; L91201~L91367 수동 재독; 점수·리본 유지, 기계적 note만 장면별 편집문으로 교체; L91201~L91367 수동 재독; 기계적 note를 장면별 편집문으로 교체; L91201~L91367 수동 재독; 기계적 note를 장면별 편집문으로 교체; L91201~L91367 수동 재독; 회차 필드 경계 교정, 기계적 note를 장면별 편집문으로 교체; L91201~L91367 수동 재독; 회차 필드 경계 교정, 기계적 note를 장면별 편집문으로 교체; L91201~L91367 수동 재독; 회차 필드 경계 교정, 기계적 note를 장면별 편집문으로 교체; L91201~L91367 수동 재독; 회차 필드 경계 교정, 기계적 note를 장면별 편집문으로 교체; L91201~L91367 수동 재독; 회차 필드 경계 교정, 기계적 note를 장면별 편집문으로 교체; L91201~L91367 수동 재독; 회차 필드 경계 교정, 기계적 note를 장면별 편집문으로 교체; L91201~L91367 수동 재독; 회차 필드 경계 교정, 기계적 note를 장면별 편집문으로 교체; L91201~L91367 수동 재독; 회차 필드 경계 교정, 기계적 note를 장면별 편집문으로 교체; L91201~L91367 수동 재독; 회차 필드 경계 교정, 기계적 note를 장면별 편집문으로 교체; L91201~L91367 수동 재독; 회차 필드 경계 교정, 기계적 note를 장면별 편집문으로 교체"
523,523,L91368~L91543,PASS,PASS,PASS,7,7,7,7,8,8,0.20/0.35/0.13/0.10/0.22,0.20/0.35/0.13/0.10/0.22,조 사장·박진훈을 거친 USB로 이 상무를 움직이고 마스크 생산을 200~400퍼센트 늘린다,USB가 이 상무에게 들어가고 마스크 생산 200~400퍼센트 확대 지시가 집행된다.,미중 협상 결렬이 며칠 안에 터질 때 공매도와 가짜 팹이 얼마나 수익을 낼지가 걸린다.,조 사장·박진훈을 거친 USB로 이 상무를 움직이고 마스크 생산을 200~400퍼센트 늘린다; 미중 협상 결렬·일본 규제·코로나가 태우에는 태풍이 아니라 이미 준비한 순풍이 될 순서가 확정된다.; USB가 이 상무에게 들어가고 마스크 생산 200~400퍼센트 확대 지시가 집행된다.,조 사장·박진훈을 거친 USB로 이 상무를 움직이고 마스크 생산을 200~400퍼센트 늘린다; 미중 협상 결렬·일본 규제·코로나가 태우에는 태풍이 아니라 이미 준비한 순풍이 될 순서가 확정된다; USB가 이 상무에게 들어가고 마스크 생산 200~400퍼센트 확대 지시가 집행된다,USB 지령으로 가짜 팹을 움직이고 마스크 생산을 200~400퍼센트 늘리는 실행 회차다,USB 지령으로 가짜 팹을 움직이고 마스크 생산을 200~400퍼센트 늘리는 실행 회차다,기존 점수·리본 유지; 원문 하드 경계와 인접 회차 대비 재확인
524,524,L91544~L91711,PASS,EDIT,PASS,8,8,8,8,8,7,0.25/0.34/0.08/0.09/0.24,0.25/0.34/0.08/0.09/0.24,미중 협상 결렬·관세·홍콩시위에 맞춰 공매도하고 중국 전역에 가짜 팹을 번식시킨다,미중 협상 결렬 공매도 수익이 발생하고 중국 전역에서 가짜 팹 설립·보조금 수령이 늘어난다.,"반쪽 기술이 언제 중국 반도체를 퇴보시키며, G20 뒤 일본과의 충돌이 어떻게 시작될지가 남는다.",미중 협상 결렬·관세·홍콩시위에 맞춰 공매도하고 중국 전역에 가짜 팹을 번식시킨다; 천민정이 실제 생산에는 해롭지만 외관상 그럴듯한 반쪽 기술을 계속 만들어 보조금 사기의 수명을 늘린다.; 미중 협상 결렬 공매도 수익이 발생하고 중국 전역에서 가짜 팹 설립·보조금 수령이 늘어난다.,미중 협상 결렬·관세·홍콩시위에 맞춰 공매도하고 중국 전역에 가짜 팹을 번식시킨다; 천민정이 실제 생산에는 해롭지만 외관상 그럴듯한 반쪽 기술을 계속 만들어 보조금 사기의 수명을 늘린다; 미중 협상 결렬 공매도 수익이 발생하고 중국 전역에서 가짜 팹 설립·보조금 수령이 늘어난다,미중 협상 결렬에 공매도를 걸고 중국 전역에 가짜 팹을 번식시켜 금융·산업 행동이 지배한다,미중 협상 결렬에 맞춰 공매도를 걸고 중국 전역에 가짜 반도체 공장을 번식시킨다. 금융포지션과 보조금 소모작전이 동시에 실행돼 중국의 돈과 산업판을 함께 흔든다.,훅은 마지막 프레임의 열린 질문만 세어 8→7 판정; L91544~L91711 수동 재독; 편집 메타어를 실제 장면·숫자·사람 반응으로 교체; L91544~L91711 수동 재독; 편집 메타어를 실제 장면·숫자·사람 반응으로 교체
525,525,L91712~L91878,PASS,EDIT,PASS,8,8,5,5,9,8,0.40/0.15/0.14/0.07/0.24,0.40/0.15/0.14/0.07/0.24,G20를 앞두고 GSOMIA·대북밀수·차량용칩을 일본 제재 대응 카드로 묶는다,GSOMIA·대북밀수 증거·차량용 반도체를 일본 대응 순서에 넣는 전략이 확정된다.,G20 이후 일본이 수출규제를 꺼낼 때 숨겨 둔 카드가 무엇인지가 직접 훅이 된다.,G20를 앞두고 GSOMIA·대북밀수·차량용칩을 일본 제재 대응 카드로 묶는다; 아직 공개하지 않은 일본 대응카드와 최재석 재선용 선물이 있어 G20의 축제를 역공 무대로 바꿀 수 있다.; GSOMIA·대북밀수 증거·차량용 반도체를 일본 대응 순서에 넣는 전략이 확정된다.,G20를 앞두고 GSOMIA·대북밀수·차량용칩을 일본 제재 대응 카드로 묶는다; 아직 공개하지 않은 일본 대응카드와 최재석 재선용 선물이 있어 G20의 축제를 역공 무대로 바꿀 수 있다; GSOMIA·대북밀수 증거·차량용 반도체를 일본 대응 순서에 넣는 전략이 확정된다,G20·GSOMIA·대북밀수·차량용칩을 한일전 대응순서로 묶어 설명하는 전략 숨 고르기다,G20·GSOMIA·대북밀수·차량용칩을 한일전 대응순서로 묶어 설명하는 전략 숨 고르기다,훅은 마지막 프레임의 열린 질문만 세어 9→8 판정
526,526,L91879~L92060,PASS,PASS,PASS,8,8,6,6,9,9,0.21/0.28/0.22/0.09/0.20,0.21/0.28/0.22/0.09/0.20,G20 직후 트럼프의 방한과 반도체도시 방문을 일본 공매도 개시 신호로 삼는다,트럼프 방한 일정과 일본 관련주 숏 개시조건이 정해진다.,7월 1일 수출규제가 나오면 일본 정부를 제대로 밟겠다는 김민재의 기대가 전면에 남는다.,G20 직후 트럼프의 방한과 반도체도시 방문을 일본 공매도 개시 신호로 삼는다; G20 뒤 트럼프의 기습 방한과 반도체도시 방문이 일본 공격을 되받을 정치·금융 신호로 확정된다.; 트럼프 방한 일정과 일본 관련주 숏 개시조건이 정해진다.,G20 직후 트럼프의 방한과 반도체도시 방문을 일본 공매도 개시 신호로 삼는다; G20 뒤 트럼프의 기습 방한과 반도체도시 방문이 일본 공격을 되받을 정치·금융 신호로 확정된다; 트럼프 방한 일정과 일본 관련주 숏 개시조건이 정해진다,트럼프 방한을 일본 숏 개시 신호로 삼고 재선 프로젝트를 반도체 이해와 묶는다,트럼프 방한을 일본 숏 개시 신호로 삼고 재선 프로젝트를 반도체 이해와 묶는다,기존 점수·리본 유지; 원문 하드 경계와 인접 회차 대비 재확인
527,527,L92061~L92243,PASS,EDIT,PASS,7,7,7,7,9,8,0.21/0.18/0.32/0.10/0.19,0.21/0.18/0.32/0.10/0.19,트럼프 재선용 기업 프로젝트를 약속하면서 한국 반도체를 미국 선거 이해와 묶는다,트럼프가 한국 경제협력과 반도체 프로젝트를 자신의 재선 성과로 받아들인다.,트럼프 재선이라는 역사 변화 가능성과 곧 발표될 일본 규제가 맞물린다.,트럼프 재선용 기업 프로젝트를 약속하면서 한국 반도체를 미국 선거 이해와 묶는다; 태우 프로젝트가 트럼프 재선 가능성 자체를 높일 만큼 크며 미국도 한국 반도체 이해를 외면하기 어려워진다.; 트럼프가 한국 경제협력과 반도체 프로젝트를 자신의 재선 성과로 받아들인다.,트럼프 재선용 기업 프로젝트를 약속하면서 한국 반도체를 미국 선거 이해와 묶는다; 태우 프로젝트가 트럼프 재선 가능성 자체를 높일 만큼 크며 미국도 한국 반도체 이해를 외면하기 어려워진다; 트럼프가 한국 경제협력과 반도체 프로젝트를 자신의 재선 성과로 받아들인다,트럼프에게 한국을 버리기 어려운 약속을 받아 일본 공격 전 백악관 관계 방패를 세운다,트럼프에게 한국을 버리기 어려운 약속을 받아 일본 공격 전 백악관 관계 방패를 세운다,훅은 마지막 프레임의 열린 질문만 세어 9→8 판정
528,528,L92244~L92424,PASS,EDIT,PASS,9,9,6,6,9,8,0.30/0.23/0.18/0.13/0.16,0.30/0.23/0.18/0.13/0.16,일본의 3개 소재 수출규제에 6개월 재고와 국산화 기술을 내보이고 정부 규제완화를 얻는다,"3개 소재의 6개월치 재고와 국산화 기술, 정부 규제완화 지원이 확인된다.",김민재가 숨긴 기술카드를 언제 공개해 일본 피해를 최대화할지가 남는다.,"일본의 3개 소재 수출규제에 6개월 재고와 국산화 기술을 내보이고 정부 규제완화를 얻는다; 준비한 카드의 공개시점을 숨기는 것 자체가 일본 손실을 키울 주도권임이 확인된다.; 3개 소재의 6개월치 재고와 국산화 기술, 정부 규제완화 지원이 확인된다.","일본의 3개 소재 수출규제에 6개월 재고와 국산화 기술을 내보이고 정부 규제완화를 얻는다; 준비한 카드의 공개시점을 숨기는 것 자체가 일본 손실을 키울 주도권임이 확인된다; 3개 소재의 6개월치 재고와 국산화 기술, 정부 규제완화 지원이 확인된다",3개 소재 규제가 현실화되자 재고·국산기술을 확인하고 정부 규제완화를 즉시 얻는다,3개 소재 규제가 현실화되자 재고·국산기술을 확인하고 정부 규제완화를 즉시 얻는다,훅은 마지막 프레임의 열린 질문만 세어 9→8 판정
529,529,L92425~L92586,PASS,EDIT,PASS,8,8,5,5,9,7,0.32/0.22/0.16/0.10/0.20,0.32/0.22/0.16/0.10/0.20,최재석에게 이미 확보한 기술을 숨겨 발표 시점을 조절하고 듀폰·삼진·연구기관을 가속한다,최재석이 공개유예 전략을 받아들이고 듀폰·삼진·연구기관 가속지원이 결정된다.,듀폰 생산을 얼마나 당기고 일본 업체가 손실을 견디지 못하는 시점이 언제 올지가 걸린다.,최재석에게 이미 확보한 기술을 숨겨 발표 시점을 조절하고 듀폰·삼진·연구기관을 가속한다; 듀폰이 한국 생산에 전력을 다하자 김민재는 추가 투자라는 대형 엔진까지 달아 줄 수 있게 된다.; 최재석이 공개유예 전략을 받아들이고 듀폰·삼진·연구기관 가속지원이 결정된다.,최재석에게 이미 확보한 기술을 숨겨 발표 시점을 조절하고 듀폰·삼진·연구기관을 가속한다; 듀폰이 한국 생산에 전력을 다하자 김민재는 추가 투자라는 대형 엔진까지 달아 줄 수 있게 된다; 최재석이 공개유예 전략을 받아들이고 듀폰·삼진·연구기관 가속지원이 결정된다,확보 기술을 숨긴 채 일본 손실이 커질 발표시점을 고르고 듀폰·삼진 연구를 가속한다,확보 기술을 숨긴 채 일본 손실이 커질 발표시점을 고르고 듀폰·삼진 연구를 가속한다,훅은 마지막 프레임의 열린 질문만 세어 9→7 판정
530,530,L92587~L92760,EDIT,EDIT,PASS,9,9,7,7,9,8,0.21/0.35/0.14/0.18/0.12,0.21/0.35/0.14/0.18/0.12,"일본 대북밀수 증거를 공개하고 이영한에게 소재기업의 부채를 사들여 한국 이전을 유도하라고 지시하며, 국산 불화수소 소량생산을 확인한다.",대북밀수 영상·자금증거를 공개하고 채무압박 대상 기업을 정하며 국산 불화수소 소량생산을 확인한다.,"소량생산한 12나인 불화수소를 대량공급으로 키워 공개하고, 채무압박을 실제 한국 이전계약으로 바꿀 수 있는가?",대북밀수 증거를 공개하고 이영한이 일본 소재기업을 부채·이전 계약으로 포획한다; 태우의 10년 연구·인력으로 국산화가 가능하다는 판단이 서며 공개 반격과 기업포획을 병행할 수 있다.; 대북밀수 영상·자금증거가 공개되고 이영한의 채무압박 대상 업체가 특정된다.,"일본 대북밀수 증거를 공개하고 이영한에게 소재기업의 부채를 사들여 한국 이전을 유도하라고 지시하며, 국산 불화수소 소량생산을 확인한다; 대북밀수 폭로와 채무압박 작전은 시작됐지만 소재기업 이전계약은 없고, 12나인 불화수소도 대량생산·공개 전이다; 대북밀수 영상·자금증거를 공개하고 채무압박 대상 기업을 정하며 국산 불화수소 소량생산을 확인한다",대북 밀수 증거를 터뜨리고 부채로 일본 소재기업을 포획하는 공개 역공이 강하다,"일본 대북밀수의 영상·자금증거를 공개하는 강한 행동 뒤 이영한에게 소재기업 부채를 사 한국 이전을 압박하라고 지시한다. 국산 12나인 불화수소의 소량생산까지 확인하지만 대량공급과 실제 이전계약은 남아, 폭로의 즉시성 뒤에 제조 확대의 시간을 붙인다.","훅은 마지막 프레임의 열린 질문만 세어 9→8 판정; L92587~L92760 수동 재독; 점수·리본 유지, 기계적 note만 장면별 편집문으로 교체; L92587~L92760 수동 재독; 기계적 note를 장면별 편집문으로 교체; L92587~L92760 수동 재독; 기계적 note를 장면별 편집문으로 교체; L92587~L92760 수동 재독; 기계적 note를 장면별 편집문으로 교체; L92587~L92760 수동 재독; 기계적 note를 장면별 편집문으로 교체; L92587~L92760 수동 재독; 기계적 note를 장면별 편집문으로 교체; L92587~L92760 수동 재독; 기계적 note를 장면별 편집문으로 교체; L92587~L92760 수동 재독; 기계적 note를 장면별 편집문으로 교체; L92587~L92760 수동 재독; 기계적 note를 장면별 편집문으로 교체; L92587~L92760 수동 재독; 기계적 note를 장면별 편집문으로 교체; L92587~L92760 수동 재독; 기계적 note를 장면별 편집문으로 교체; L92587~L92760 수동 재독; 기계적 note를 장면별 편집문으로 교체; L92587~L92760 수동 재독; 기계적 note를 장면별 편집문으로 교체"
531,531,L92761~L92938,EDIT,EDIT,PASS,9,9,8,8,9,7,0.18/0.32/0.14/0.20/0.16,0.18/0.32/0.14/0.20/0.16,미국 지지를 확인한 뒤 국산 불화수소 양산을 기자회견으로 발표한다.,국산 불화수소 양산 성공이 기자회견으로 공인되고 일본 독점의 기술우위가 깨진다.,발표 뒤 질의응답에서 실제 공급범위·전량대체 시점과 남은 소재 카드를 어디까지 공개할 것인가?,미국 지지를 확인한 뒤 12나인 불화수소 양산을 기자회견으로 발표한다; 발표는 시작일 뿐이며 질의응답에서 공급범위와 추가 카드까지 공개할 여지가 남아 있다.; 12나인 불화수소 양산 성공이 기자회견으로 공인되고 일본 독점의 기술우위가 깨진다.,미국 지지를 확인한 뒤 국산 불화수소 양산을 기자회견으로 발표한다; 발표는 시작일 뿐이며 질의응답에서 공급범위와 추가 카드까지 공개할 여지가 남아 있다; 국산 불화수소 양산 성공이 기자회견으로 공인되고 일본 독점의 기술우위가 깨진다,미국 지지 뒤 12나인 불화수소 양산을 기자회견으로 공개해 기술 반격이 봉우리 친다,"미국 지지를 확인한 뒤 국산 불화수소 양산을 기자회견으로 공개한다. 구체 순도와 국내 전량대체 범위는 질의응답 전이므로, 이 화의 기술 보상은 양산 성공의 공인에 한정한다.","훅은 마지막 프레임의 열린 질문만 세어 9→7 판정; L92761~L92938 수동 재독; 회차 필드 경계 교정, 표본 note를 현재 화 표면으로 교정; L92761~L92938 수동 재독; 회차 필드 경계 교정, 표본 note를 현재 화 표면으로 교정; L92761~L92938 수동 재독; 회차 필드 경계 교정, 표본 note를 현재 화 표면으로 교정; L92761~L92938 수동 재독; 회차 필드 경계 교정, 표본 note를 현재 화 표면으로 교정; L92761~L92938 수동 재독; 회차 필드 경계 교정, 표본 note를 현재 화 표면으로 교정; L92761~L92938 수동 재독; 회차 필드 경계 교정, 표본 note를 현재 화 표면으로 교정; L92761~L92938 수동 재독; 회차 필드 경계 교정, 표본 note를 현재 화 표면으로 교정; L92761~L92938 수동 재독; 회차 필드 경계 교정, 표본 note를 현재 화 표면으로 교정; L92761~L92938 수동 재독; 회차 필드 경계 교정, 표본 note를 현재 화 표면으로 교정; L92761~L92938 수동 재독; 회차 필드 경계 교정, 표본 note를 현재 화 표면으로 교정"
532,532,L92939~L93115,EDIT,EDIT,PASS,8,8,10,9,8,7,0.14/0.15/0.11/0.24/0.36,0.14/0.15/0.11/0.24/0.36,불화수소 공급을 70퍼센트에서 100퍼센트로 끌어올리고 일본의 규제 철회를 받아낸다,국내 수요 70퍼센트 공급·6개월 내 100퍼센트 계획이 발표되고 일본의 첫 규제철회와 공매도 이익을 얻는다.,"불화수소 70퍼센트 공급과 6개월 내 전량대체 발표 뒤, 남은 포토레지스트·폴리이미드와 일본의 다음 대응은 어떻게 바뀔 것인가?",불화수소 공급을 70퍼센트에서 100퍼센트로 끌어올리고 일본의 규제 철회를 받아낸다; 일본은 불화수소 규제를 먼저 철회하지만 자신들에게 남은 변수를 모르고 여전히 낙관한다.; 국내 수요 70퍼센트 공급·6개월 내 100퍼센트 계획이 발표되고 일본의 첫 규제철회와 공매도 이익을 얻는다.,불화수소 공급을 70퍼센트에서 100퍼센트로 끌어올리고 일본의 규제 철회를 받아낸다; 일본은 불화수소 규제를 먼저 철회하지만 자신들에게 남은 변수를 모르고 여전히 낙관한다; 국내 수요 70퍼센트 공급·6개월 내 100퍼센트 계획이 발표되고 일본의 첫 규제철회와 공매도 이익을 얻는다,70퍼센트 공급과 6개월 내 전량 대체로 일본 철회·숏 수익이 지급돼 승리감과 보상이 높다,70퍼센트 공급과 6개월 내 전량 대체로 일본 철회·숏 수익이 지급돼 승리감과 보상이 높다,보상은 실제 지급만 세어 10→9 판정; 훅은 마지막 프레임의 열린 질문만 세어 8→7 판정
533,533,L93116~L93279,PASS,PASS,PASS,5,5,6,6,8,8,0.22/0.16/0.29/0.08/0.25,0.22/0.16/0.29/0.08/0.25,오용재에게 공장을 보여 준 뒤 오사카 라이킨공업 아키토를 채무로 압박한다,오용재가 불화수소 공급을 확인하고 라이킨공업의 채무망·압박방식이 완성된다.,"아키토가 한국공장과 지분을 내놓을지, 같은 방식이 다른 업체에도 통할지가 걸린다.",오용재에게 공장을 보여 준 뒤 오사카 라이킨공업 아키토를 채무로 압박한다; 한국과 일본에서 가장 잔인한 두 사채꾼이 돈 회수보다 정신을 무너뜨리는 데 집중한다.; 오용재가 불화수소 공급을 확인하고 라이킨공업의 채무망·압박방식이 완성된다.,오용재에게 공장을 보여 준 뒤 오사카 라이킨공업 아키토를 채무로 압박한다; 한국과 일본에서 가장 잔인한 두 사채꾼이 돈 회수보다 정신을 무너뜨리는 데 집중한다; 오용재가 불화수소 공급을 확인하고 라이킨공업의 채무망·압박방식이 완성된다,오용재에게 공장을 보여 준 뒤 아키토의 채무를 눌러 한국공장·지분 협상으로 넘어간다,오용재에게 공장을 보여 준 뒤 아키토의 채무를 눌러 한국공장·지분 협상으로 넘어간다,기존 점수·리본 유지; 원문 하드 경계와 인접 회차 대비 재확인
534,534,L93280~L93453,EDIT,EDIT,PASS,5,5,9,8,7,7,0.16/0.18/0.20/0.08/0.38,0.16/0.18/0.20/0.08/0.38,아키토의 한국공장·지분 양도를 받고 사우디 자금을 섞어 일본 소재기업 네 곳을 같은 방식으로 포획할 계약안을 짠다.,아키토의 한국공장·지분 양도계약과 추가 네 업체 포획안을 얻는다. 네 업체의 실제 계약·소유권은 아직 없다.,포획한 업체를 숨긴 채 일본의 선박·금융 확전에 어떻게 활용할지가 남는다.,아키토의 한국공장·지분 양도를 받고 같은 방식으로 일본 소재기업 네 곳을 확보한다; 사우디 자금까지 섞으면 일본이 태우의 포획을 알아채기 전에 입맛에 맞는 계약을 만들 수 있다.; 아키토의 한국공장·지분 양도와 추가 네 업체 포획안이 합의된다.,아키토의 한국공장·지분 양도를 받고 사우디 자금을 섞어 일본 소재기업 네 곳을 같은 방식으로 포획할 계약안을 짠다; 사우디 자금까지 섞으면 일본이 태우의 포획을 알아채기 전에 입맛에 맞는 계약을 만들 수 있다; 아키토의 한국공장·지분 양도계약과 추가 네 업체 포획안을 얻는다. 네 업체의 실제 계약·소유권은 아직 없다,아키토와 일본 소재기업 네 곳의 지분·한국 이전을 받아 장기 소재자산 보상이 크다,"아키토에게 한국 공장과 지분을 넘기는 계약을 받고 사우디 자금을 섞어 일본 소재기업 네 곳을 같은 방식으로 포획할 판을 짠다. 첫 소유권 지급은 선명하되 나머지 네 업체는 계약 전이고, 끝은 숨겨 둔 기업들을 선박·금융 확전에 어떻게 쓸지로 향한다.","보상은 실제 지급만 세어 9→8 판정; L93280~L93453 수동 재독; 점수·리본 유지, 기계적 note만 장면별 편집문으로 교체; L93280~L93453 수동 재독; 기계적 note를 장면별 편집문으로 교체; L93280~L93453 수동 재독; 기계적 note를 장면별 편집문으로 교체; L93280~L93453 수동 재독; 기계적 note를 장면별 편집문으로 교체; L93280~L93453 수동 재독; 기계적 note를 장면별 편집문으로 교체; L93280~L93453 수동 재독; 기계적 note를 장면별 편집문으로 교체; L93280~L93453 수동 재독; 기계적 note를 장면별 편집문으로 교체; L93280~L93453 수동 재독; 기계적 note를 장면별 편집문으로 교체; L93280~L93453 수동 재독; 기계적 note를 장면별 편집문으로 교체; L93280~L93453 수동 재독; 기계적 note를 장면별 편집문으로 교체; L93280~L93453 수동 재독; 기계적 note를 장면별 편집문으로 교체; L93280~L93453 수동 재독; 기계적 note를 장면별 편집문으로 교체; L93280~L93453 수동 재독; 기계적 note를 장면별 편집문으로 교체"
535,535,L93454~L93619,EDIT,EDIT,PASS,8,8,7,6,9,7,0.25/0.22/0.18/0.12/0.23,0.25/0.22/0.18/0.12/0.23,듀폰 포토레지스트 성공과 GSOMIA를 묶어 일본의 선박·금융 확전 제안을 역이용한다,듀폰 포토레지스트 성과와 소재기업 이전 상황이 확인되고 금융전 대응이 승인된다.,일본이 선박·금융 전장으로 확전하면 소재대체선과 금융타워의 우위를 실제 방어·수익으로 바꿀 수 있는가?,듀폰 포토레지스트 성공과 GSOMIA를 묶어 일본의 선박·금융 확전 제안을 역이용한다; 일본이 모르는 사이 금융제재를 가장 반길 금융타워가 이미 한국에 존재한다.; 듀폰 포토레지스트 성과와 소재기업 이전 상황이 확인되고 금융전 대응이 승인된다.,듀폰 포토레지스트 성공과 GSOMIA를 묶어 일본의 선박·금융 확전 제안을 역이용한다; 일본이 모르는 사이 금융제재를 가장 반길 금융타워가 이미 한국에 존재한다; 듀폰 포토레지스트 성과와 소재기업 이전 상황이 확인되고 금융전 대응이 승인된다,듀폰 성공과 GSOMIA를 묶어 일본의 선박·금융 확전을 추가 인수 기회로 바꾼다,듀폰 성공과 GSOMIA를 묶어 일본의 선박·금융 확전을 추가 인수 기회로 바꾼다,보상은 실제 지급만 세어 7→6 판정; 훅은 마지막 프레임의 열린 질문만 세어 9→7 판정
536,536,L93620~L93775,EDIT,EDIT,PASS,9,9,8,5,9,7,0.18/0.35/0.13/0.17/0.17,0.18/0.35/0.13/0.17/0.17,일본 금융공격 가능성에 50~60조 원대 국내 유동성과 미국 통화스와프 방어선을 짜고 태우상사의 손실·매입기회를 점검한다.,"국내 유동성 공급과 미국 통화스와프 방어계획, 태우상사 매입계획을 마련한다. 실제 금융공격·집행·흑자전환은 아직 전이다.",일본 금융공격이 현실화되면 방어선을 집행하고 태우상사의 누적 적자를 수익으로 뒤집을 수 있는가?,"일본 금융공격에 100조 원 대출과 미국 통화스와프로 철통 방어한다; 숨겨 둔 자산을 쓰지 않아도 계획대로면 태우상사의 누적 적자를 한 번에 지울 수 있다는 수익경로가 선다.; 100조 원 유동성 공급과 미국 통화스와프 방어선, 태우상사 매입계획이 가동된다.","일본 금융공격 가능성에 50~60조 원대 국내 유동성과 미국 통화스와프 방어선을 짜고 태우상사의 손실·매입기회를 점검한다; 숨겨 둔 자산을 쓰지 않아도 계획대로면 태우상사의 누적 적자를 한 번에 지울 수 있다는 수익경로가 선다; 국내 유동성 공급과 미국 통화스와프 방어계획, 태우상사 매입계획을 마련한다. 실제 금융공격·집행·흑자전환은 아직 전이다",일본 금융공격에 100조 대출과 미국 통화스와프를 가동해 국가 유동성을 지키는 행동 봉우리다,"일본 금융공격을 가정해 국내 50~60조 원 유동성과 미국 통화스와프 방어선을 숫자로 맞춘다. 태우상사의 손실과 매입 기회까지 점검하지만 공격도 집행도 시작되지 않아, 위기 전 자금배치의 건조한 긴장이 회차를 채운다.","보상은 실제 지급만 세어 8→5 판정; 훅은 마지막 프레임의 열린 질문만 세어 9→7 판정; L93620~L93775 수동 재독; 점수·리본 유지, 기계적 note만 장면별 편집문으로 교체; L93620~L93775 수동 재독; 기계적 note를 장면별 편집문으로 교체; L93620~L93775 수동 재독; 기계적 note를 장면별 편집문으로 교체; L93620~L93775 수동 재독; 기계적 note를 장면별 편집문으로 교체; L93620~L93775 수동 재독; 기계적 note를 장면별 편집문으로 교체; L93620~L93775 수동 재독; 기계적 note를 장면별 편집문으로 교체; L93620~L93775 수동 재독; 기계적 note를 장면별 편집문으로 교체; L93620~L93775 수동 재독; 기계적 note를 장면별 편집문으로 교체; L93620~L93775 수동 재독; 기계적 note를 장면별 편집문으로 교체; L93620~L93775 수동 재독; 기계적 note를 장면별 편집문으로 교체; L93620~L93775 수동 재독; 기계적 note를 장면별 편집문으로 교체; L93620~L93775 수동 재독; 기계적 note를 장면별 편집문으로 교체; L93620~L93775 수동 재독; 기계적 note를 장면별 편집문으로 교체"
537,537,L93776~L93953,EDIT,EDIT,PASS,8,8,5,5,9,7,0.29/0.28/0.19/0.14/0.10,0.29/0.28/0.19/0.14/0.10,로만에게 후쿠시마 오염수 문제를 러시아 고위층에 보고하고 국제 압박에 협력해 달라고 요청해 약속을 받는다.,로만의 협력·보고 약속과 러시아발 문제 제기 통로를 얻는다. 실제 국제 의제화·조사·압박은 아직 전이다.,중국까지 오염수 연대에 붙일 수 있는지와 일본이 받을 경제충격이 다음 문제다.,러시아 로만을 통해 후쿠시마 오염수 문제를 국제 의제로 키운다; 오염수는 한 번 국제 의제가 되면 일본이 돈으로도 쉽게 빠져나오기 어려운 장기비용이라는 약점이 확인된다.; 로만과의 공조가 성립하고 러시아발 오염수 문제 제기가 준비된다.,로만에게 후쿠시마 오염수 문제를 러시아 고위층에 보고하고 국제 압박에 협력해 달라고 요청해 약속을 받는다; 오염수는 한 번 국제 의제가 되면 일본이 돈으로도 쉽게 빠져나오기 어려운 장기비용이라는 약점이 확인된다; 로만의 협력·보고 약속과 러시아발 문제 제기 통로를 얻는다. 실제 국제 의제화·조사·압박은 아직 전이다,로만을 통해 후쿠시마 오염수를 국제 의제로 키워 정보·외교 행동이 전면에 선다,"로만에게 후쿠시마 오염수 자료를 러시아 고위층에 보고하고 국제 압박에 협력해 달라고 직접 부탁한다. 보고 약속은 받았으나 실제 의제화는 없고, 중국까지 연대에 붙일 수 있는지가 다음 외교 관계의 문턱이 된다.","훅은 마지막 프레임의 열린 질문만 세어 9→7 판정; L93776~L93953 수동 재독; 점수·리본 유지, 기계적 note만 장면별 편집문으로 교체; L93776~L93953 수동 재독; 기계적 note를 장면별 편집문으로 교체; L93776~L93953 수동 재독; 기계적 note를 장면별 편집문으로 교체; L93776~L93953 수동 재독; 기계적 note를 장면별 편집문으로 교체; L93776~L93953 수동 재독; 기계적 note를 장면별 편집문으로 교체; L93776~L93953 수동 재독; 기계적 note를 장면별 편집문으로 교체; L93776~L93953 수동 재독; 기계적 note를 장면별 편집문으로 교체; L93776~L93953 수동 재독; 기계적 note를 장면별 편집문으로 교체; L93776~L93953 수동 재독; 기계적 note를 장면별 편집문으로 교체; L93776~L93953 수동 재독; 기계적 note를 장면별 편집문으로 교체; L93776~L93953 수동 재독; 기계적 note를 장면별 편집문으로 교체; L93776~L93953 수동 재독; 기계적 note를 장면별 편집문으로 교체; L93776~L93953 수동 재독; 기계적 note를 장면별 편집문으로 교체"
538,538,L93954~L94124,PASS,EDIT,PASS,7,7,6,6,9,8,0.32/0.16/0.30/0.10/0.12,0.32/0.16/0.30/0.10/0.12,중국에서 리강의 공조와 우한 의료진 파견 근거를 얻고 한국의 일본 금융지원도 설계한다,리강의 오염수 공조와 우한 태우병원 의료진 파견 근거가 확보된다.,우한 현장에서 어떤 신종 감염정보가 들어오고 최재석이 얼마나 강하게 일본을 압박할지가 남는다.,중국에서 리강의 공조와 우한 의료진 파견 근거를 얻고 한국의 일본 금융지원도 설계한다; 최재석이 일본 정부 덕분에 억눌렀던 공격성을 국민 앞에서 표출할 정치적 여지가 커진다.; 리강의 오염수 공조와 우한 태우병원 의료진 파견 근거가 확보된다.,중국에서 리강의 공조와 우한 의료진 파견 근거를 얻고 한국의 일본 금융지원도 설계한다; 최재석이 일본 정부 덕분에 억눌렀던 공격성을 국민 앞에서 표출할 정치적 여지가 커진다; 리강의 오염수 공조와 우한 태우병원 의료진 파견 근거가 확보된다,리강과 오염수 공조·우한 의료진 파견 근거를 맞바꾸며 외교정보와 관계가 중심이다,"리강과 오염수 공조, 우한 의료진 파견 근거를 맞바꾼다. 일본을 압박할 자료와 중국이 원하는 방역명분이 교환되며 외교가 서로의 약점을 메우는 거래가 된다.",훅은 마지막 프레임의 열린 질문만 세어 9→8 판정; L93954~L94124 수동 재독; 범용 중심·비중 문구를 장면 리듬으로 교체; L93954~L94124 수동 재독; 범용 중심·비중 문구를 장면 리듬으로 교체; L93954~L94124 수동 재독; 범용 중심·비중 문구를 장면 리듬으로 교체; L93954~L94124 수동 재독; 범용 중심·비중 문구를 장면 리듬으로 교체; L93954~L94124 수동 재독; 범용 중심·비중 문구를 장면 리듬으로 교체; L93954~L94124 수동 재독; 범용 중심·비중 문구를 장면 리듬으로 교체; L93954~L94124 수동 재독; 범용 중심·비중 문구를 장면 리듬으로 교체; L93954~L94124 수동 재독; 범용 중심·비중 문구를 장면 리듬으로 교체; L93954~L94124 수동 재독; 범용 중심·비중 문구를 장면 리듬으로 교체; L93954~L94124 수동 재독; 범용 중심·비중 문구를 장면 리듬으로 교체; L93954~L94124 수동 재독; 범용 중심·비중 문구를 장면 리듬으로 교체
539,539,L94125~L94313,PASS,PASS,PASS,6,6,7,7,8,8,0.31/0.22/0.16/0.08/0.23,0.31/0.22/0.16/0.08/0.23,한·중·러 오염수 공세를 굳히고 러시아 전쟁·중국 가짜 팹에 대비해 달러와 현금을 쌓는다,"한중러 오염수 공동공세가 공개되고 금융타워의 달러·현금 비축, 가짜 팹 확산이 확인된다.",가짜 팹이 중국 산업을 얼마나 무너뜨릴지와 우한 의료진의 이상보고가 기다린다.,"한·중·러 오염수 공세를 굳히고 러시아 전쟁·중국 가짜 팹에 대비해 달러와 현금을 쌓는다; 이 상무의 선례가 다른 사기꾼들을 끌어들여 중국 반도체 굴기의 기반을 갉는 생쥐떼가 됐다.; 한중러 오염수 공동공세가 공개되고 금융타워의 달러·현금 비축, 가짜 팹 확산이 확인된다.","한·중·러 오염수 공세를 굳히고 러시아 전쟁·중국 가짜 팹에 대비해 달러와 현금을 쌓는다; 이 상무의 선례가 다른 사기꾼들을 끌어들여 중국 반도체 굴기의 기반을 갉는 생쥐떼가 됐다; 한중러 오염수 공동공세가 공개되고 금융타워의 달러·현금 비축, 가짜 팹 확산이 확인된다",한중러 공세를 굳히고 러시아 전쟁·가짜 팹을 살 달러와 현금을 쌓는 대비 회차다,한중러 공세를 굳히고 러시아 전쟁·가짜 팹을 살 달러와 현금을 쌓는 대비 회차다,기존 점수·리본 유지; 원문 하드 경계와 인접 회차 대비 재확인
540,540,L94314~L94486,EDIT,EDIT,PASS,7,7,8,8,10,7,0.29/0.19/0.16/0.13/0.23,0.29/0.19/0.16/0.13/0.23,대화그룹 김정권의 소재 국산화를 띄우고 HBM·양자·AI에 무제한 투자를 돌린다,대화그룹의 소재 국산화 공로가 인정되고 HBM·양자·AI 무제한 투자방침이 확정된다.,예상한 팬데믹 수익을 실제로 확보해 HBM·양자·AI 무제한 투자의 위험과 시간을 감당할 수 있는가?,대화그룹 김정권의 소재 국산화를 띄우고 HBM·양자·AI에 무제한 투자를 돌린다; 다가올 코로나가 전 세계 돈을 태우·금융타워로 빨아들일 블랙홀이어서 위험투자를 감당할 수 있다.; 대화그룹의 소재 국산화 공로가 인정되고 HBM·양자·AI 무제한 투자방침이 확정된다.,대화그룹 김정권의 소재 국산화를 띄우고 HBM·양자·AI에 무제한 투자를 돌린다; 다가올 코로나가 전 세계 돈을 태우·금융타워로 빨아들일 블랙홀이어서 위험투자를 감당할 수 있다; 대화그룹의 소재 국산화 공로가 인정되고 HBM·양자·AI 무제한 투자방침이 확정된다,김정권 소재 성과와 HBM·양자·AI 투자 결정을 정리하다 우한 신종병 정보로 긴장이 바뀐다,김정권 소재 성과와 HBM·양자·AI 투자 결정을 정리하다 우한 신종병 정보로 긴장이 바뀐다,훅은 마지막 프레임의 열린 질문만 세어 10→7 판정
541,541,L94487~L94679,PASS,EDIT,PASS,10,9,6,6,10,9,0.39/0.29/0.09/0.18/0.05,0.39/0.29/0.09/0.18/0.05,태우병원 이동수 의료진이 우한에서 신종 코로나를 탐지하고 센트리언이 검사키트·백신·치료제 연구에 착수한다.,이동수의 이상감염 보고가 센트리언에 전달되고 검사키트·백신·치료제 개발팀이 가동된다.,중국보다 먼저 제품을 만들면서 현지 의료진을 안전하게 귀국시킬 수 있는지가 걸린다.,태우병원 이동수 의료진이 우한에서 신종 코로나를 탐지하고 센트리언이 백신·진단 개발에 착수한다; 공식발표를 기다릴 필요 없이 태우병원 자체 데이터만으로 세계 주도권을 잡을 시간이 확보된다.; 이동수의 이상감염 보고가 센트리언에 전달되고 진단키트·백신 개발팀이 가동된다.,태우병원 이동수 의료진이 우한에서 신종 코로나를 탐지하고 센트리언이 검사키트·백신·치료제 연구에 착수한다; 공식발표를 기다릴 필요 없이 태우병원 자체 데이터만으로 세계 주도권을 잡을 시간이 확보된다; 이동수의 이상감염 보고가 센트리언에 전달되고 검사키트·백신·치료제 개발팀이 가동된다,이동수 의료진의 병원 데이터로 신종 코로나를 알아채고 백신·진단 개발을 즉시 여는 정보 봉우리다,이동수 의료진의 병원 데이터로 신종 코로나를 알아채고 백신·진단 개발을 즉시 여는 정보 봉우리다,긴장은 이 화에서 실제 맞닥뜨린 압박을 기준으로 10→9 판정; 훅은 마지막 프레임의 열린 질문만 세어 10→9 판정; L94487~L94679 수동 재독; 회차 필드 경계 교정; L94487~L94679 수동 재독; 회차 필드 경계 교정; L94487~L94679 수동 재독; 회차 필드 경계 교정; L94487~L94679 수동 재독; 회차 필드 경계 교정; L94487~L94679 수동 재독; 회차 필드 경계 교정; L94487~L94679 수동 재독; 회차 필드 경계 교정; L94487~L94679 수동 재독; 회차 필드 경계 교정; L94487~L94679 수동 재독; 회차 필드 경계 교정; L94487~L94679 수동 재독; 회차 필드 경계 교정; L94487~L94679 수동 재독; 회차 필드 경계 교정
542,542,L94680~L94849,PASS,EDIT,PASS,9,9,6,6,9,8,0.26/0.38/0.11/0.16/0.09,0.26/0.38/0.11/0.16/0.09,우한 병원 격리 절차와 원격근무·메타버스 체계를 그룹 전체에 깐다,병원 격리동선과 그룹 원격근무·메타버스 체계가 선제 시행된다.,귀국 의료진에게 감염자가 있는지와 진단키트가 실제 검역에 투입될지가 남는다.,우한 병원 격리 절차와 원격근무·메타버스 체계를 그룹 전체에 깐다; 태우병원이 중심을 잡으면 감염병 대응성과가 최재석 재선의 결정적 선물이 될 수 있다.; 병원 격리동선과 그룹 원격근무·메타버스 체계가 선제 시행된다.,우한 병원 격리 절차와 원격근무·메타버스 체계를 그룹 전체에 깐다; 태우병원이 중심을 잡으면 감염병 대응성과가 최재석 재선의 결정적 선물이 될 수 있다; 병원 격리동선과 그룹 원격근무·메타버스 체계가 선제 시행된다,우한 병원 격리와 그룹 원격근무·메타버스 체계를 한꺼번에 까는 생존 행동이 지배한다,우한 병원을 격리하고 그룹 원격근무와 메타버스 업무체계를 한꺼번에 가동한다. 감염정보가 들어오자 병원·회사·온라인 공간이 동시에 바뀌어 생존준비가 실물로 내려온다.,훅은 마지막 프레임의 열린 질문만 세어 9→8 판정; L94680~L94849 수동 재독; 편집 메타어를 실제 장면·숫자·사람 반응으로 교체; L94680~L94849 수동 재독; 편집 메타어를 실제 장면·숫자·사람 반응으로 교체
543,543,L94850~L95015,PASS,EDIT,PASS,9,9,6,6,9,8,0.22/0.40/0.09/0.17/0.12,0.22/0.40/0.09/0.17/0.12,귀국 의료진을 격리하고 금융타워 공매도·마스크 원료·무인택시를 최대로 늘린다,"의료진 격리와 공매도 확대, 마스크 원료·무인택시 최대증산이 실행된다.",진단키트가 완성돼 한국 검역에 들어갈지와 과잉투자가 실제 수요로 바뀔지가 걸린다.,"귀국 의료진을 격리하고 금융타워 공매도·마스크 원료·무인택시를 최대로 늘린다; 마스크부터 자율주행까지 지금 쓴 돈이 코로나 시대에는 수백 배로 돌아올 것이라는 확신이 유지된다.; 의료진 격리와 공매도 확대, 마스크 원료·무인택시 최대증산이 실행된다.","귀국 의료진을 격리하고 금융타워 공매도·마스크 원료·무인택시를 최대로 늘린다; 마스크부터 자율주행까지 지금 쓴 돈이 코로나 시대에는 수백 배로 돌아올 것이라는 확신이 유지된다; 의료진 격리와 공매도 확대, 마스크 원료·무인택시 최대증산이 실행된다",귀국 의료진 격리·공매도·마스크 원료·무인택시를 최대치로 올리는 전면 대비 행동이다,귀국 의료진 격리·공매도·마스크 원료·무인택시를 최대치로 올리는 전면 대비 행동이다,훅은 마지막 프레임의 열린 질문만 세어 9→8 판정
544,544,L95016~L95182,EDIT,EDIT,PASS,8,8,9,8,9,8,0.21/0.27/0.29/0.16/0.07,0.21/0.27/0.29/0.16/0.07,센트리언 자가진단키트 성공을 최재석에게 알리고 국가 검역에 투입한다,센트리언 자가진단키트 성공이 최재석에게 보고되고 국가 검역 투입이 승인된다.,국가 검역 투입이 승인된 자가진단키트가 실제 첫 감염자를 잡고 태우·정부의 공조를 세계적 방역우위로 만들 수 있는가?,센트리언 자가진단키트 성공을 최재석에게 알리고 국가 검역에 투입한다; 세계가 한국만 바라보게 하려면 태우와 정부가 한 몸처럼 움직여야 한다는 정치·방역 조건이 선다.; 센트리언 자가진단키트 성공이 최재석에게 보고되고 국가 검역 투입이 승인된다.,센트리언 자가진단키트 성공을 최재석에게 알리고 국가 검역에 투입한다; 세계가 한국만 바라보게 하려면 태우와 정부가 한 몸처럼 움직여야 한다는 정치·방역 조건이 선다; 센트리언 자가진단키트 성공이 최재석에게 보고되고 국가 검역 투입이 승인된다,자가진단키트 성공을 최재석에게 알리고 국가 검역에 투입해 정부 신뢰와 실행이 중심이다,자가진단키트 성공을 최재석에게 알리고 곧바로 국가검역에 투입한다. 연구실 성과가 정부 신뢰를 거쳐 현장도구로 쓰이는 과정이 한 회차 안에서 닫힌다.,보상은 실제 지급만 세어 9→8 판정; 훅은 마지막 프레임의 열린 질문만 세어 9→8 판정; L95016~L95182 수동 재독; 범용 중심·비중 문구를 장면 리듬으로 교체; L95016~L95182 수동 재독; 범용 중심·비중 문구를 장면 리듬으로 교체; L95016~L95182 수동 재독; 범용 중심·비중 문구를 장면 리듬으로 교체; L95016~L95182 수동 재독; 범용 중심·비중 문구를 장면 리듬으로 교체; L95016~L95182 수동 재독; 범용 중심·비중 문구를 장면 리듬으로 교체; L95016~L95182 수동 재독; 범용 중심·비중 문구를 장면 리듬으로 교체; L95016~L95182 수동 재독; 범용 중심·비중 문구를 장면 리듬으로 교체; L95016~L95182 수동 재독; 범용 중심·비중 문구를 장면 리듬으로 교체; L95016~L95182 수동 재독; 범용 중심·비중 문구를 장면 리듬으로 교체; L95016~L95182 수동 재독; 범용 중심·비중 문구를 장면 리듬으로 교체; L95016~L95182 수동 재독; 범용 중심·비중 문구를 장면 리듬으로 교체
545,545,L95183~L95364,EDIT,PASS,PASS,9,9,7,7,9,9,0.24/0.18/0.36/0.17/0.05,0.24/0.18/0.36/0.17/0.05,중국의 은폐 속 한중일 정상회의에서 리강천의 검역 완화 요구를 최재석이 거부한다,중국의 검역완화 요구가 거절되고 한국의 선제검역 원칙이 유지된다.,한 달 안에 아무 일도 없으면 중국을 찾아 사과하라는 최후통첩 앞에서 한국의 검역거부가 실제 환자 탐지로 입증될 것인가?,중국의 은폐 속 한중일 정상회의에서 리강천의 검역 완화 요구를 최재석이 거부한다; 최재석이 표정 하나 바꾸지 않고 자리를 지키며 태우그룹과 한국 방역능력을 믿는 관계가 확인된다.; 중국의 검역완화 요구가 거절되고 한국의 선제검역 원칙이 유지된다.,중국의 은폐 속 한중일 정상회의에서 리강천의 검역 완화 요구를 최재석이 거부한다; 최재석이 표정 하나 바꾸지 않고 자리를 지키며 태우그룹과 한국 방역능력을 믿는 관계가 확인된다; 중국의 검역완화 요구가 거절되고 한국의 선제검역 원칙이 유지된다,리강천의 검역 완화 압박을 최재석이 거부해 경제보다 생존을 택하는 정상관계 장면이다,리강천의 검역 완화 압박을 최재석이 거부해 경제보다 생존을 택하는 정상관계 장면이다,기존 점수·리본 유지; 원문 하드 경계와 인접 회차 대비 재확인
546,546,L95365~L95529,EDIT,EDIT,PASS,9,9,9,8,9,7,0.18/0.33/0.15/0.24/0.10,0.18/0.33/0.15/0.24/0.10,12월 31일 공식 보도와 동시에 한국이 키트로 첫 환자를 잡고 마스크 가격통제에 들어간다,한국이 키트로 첫 환자를 탐지하고 마스크 가격통제를 시작해 회귀 준비의 공공성과를 증명한다.,"첫 환자 탐지와 가격통제 뒤, 센트리언이 백신·치료제라는 마지막 수확을 실제 완성할 수 있는가?","12월 31일 공식 보도와 동시에 한국이 키트로 첫 환자를 잡고 마스크 가격통제에 들어간다; 최재석은 김민재에게 고개를 숙여 감사를 표하고, 김민재는 이제 백신·치료제라는 마지막 농사를 남긴다.; 한국이 키트로 첫 환자를 탐지하고 마스크 가격통제를 시작해 회귀 준비의 공공성과를 증명한다.","12월 31일 공식 보도와 동시에 한국이 키트로 첫 환자를 잡고 마스크 가격통제에 들어간다; 최재석은 김민재에게 고개를 숙여 감사를 표하고, 김민재는 이제 백신·치료제라는 마지막 농사를 남긴다; 한국이 키트로 첫 환자를 탐지하고 마스크 가격통제를 시작해 회귀 준비의 공공성과를 증명한다",공식 보도와 동시에 한국이 첫 환자를 잡고 마스크 가격을 통제해 행동·충격이 크게 솟는다,공식 보도와 동시에 한국이 첫 환자를 잡고 마스크 가격을 통제해 행동·충격이 크게 솟는다,보상은 실제 지급만 세어 9→8 판정; 훅은 마지막 프레임의 열린 질문만 세어 9→7 판정
547,547,L95530~L95717,EDIT,EDIT,PASS,9,9,5,7,9,7,0.15/0.38/0.13/0.27/0.07,0.15/0.38/0.13/0.27/0.07,중국 주문 폭증 속 민동규의 마스크 100만 장 빼돌리기를 강 대위가 적발한다,마스크 100만 장 빼돌리기가 적발되고 유출물량·관련자가 확보된다.,"명동으로 끌려간 민동규와 공범을 어떻게 처벌하고, 추가 유출이 없는지 전 재고를 확인할 수 있는가?",중국 주문 폭증 속 민동규의 마스크 100만 장 빼돌리기를 강 대위가 적발한다; 웃돈을 주며 사 가는 현장을 본 강 대위는 과잉비축이 헛된 일이 아니었다는 확신을 얻는다.; 마스크 100만 장 빼돌리기가 적발되고 유출물량·관련자가 확보된다.,중국 주문 폭증 속 민동규의 마스크 100만 장 빼돌리기를 강 대위가 적발한다; 웃돈을 주며 사 가는 현장을 본 강 대위는 과잉비축이 헛된 일이 아니었다는 확신을 얻는다; 마스크 100만 장 빼돌리기가 적발되고 유출물량·관련자가 확보된다,민동규의 마스크 100만 장 빼돌리기를 현장에서 적발해 내부 배신 행동과 분노가 강하다,민동규의 마스크 100만 장 빼돌리기를 현장에서 적발해 내부 배신 행동과 분노가 강하다,보상은 실제 지급만 세어 5→7 판정; 훅은 마지막 프레임의 열린 질문만 세어 9→7 판정
548,548,L95718~L95886,EDIT,EDIT,PASS,8,8,8,8,8,7,0.18/0.29/0.22/0.14/0.17,0.18/0.29/0.22/0.14/0.17,이영한이 유출선을 처벌하고 센트리언 키트의 중국 승인·수출을 성사시킨다,유출선 처벌·물량회수가 이뤄지고 센트리언 키트의 중국 승인과 첫 수출길이 열린다.,키트의 중국 승인·수출 뒤 센트리언 백신 개발과 긴급승인 일정을 얼마나 앞당길 수 있는가?,이영한이 유출선을 처벌하고 센트리언 키트의 중국 승인·수출을 성사시킨다; 회귀 전보다 단 6개월 빠른 진입이 센트리언·태우·한국의 세계표준 지위를 만들 차이로 드러난다.; 유출선 처벌·물량회수가 이뤄지고 센트리언 키트의 중국 승인과 첫 수출길이 열린다.,이영한이 유출선을 처벌하고 센트리언 키트의 중국 승인·수출을 성사시킨다; 회귀 전보다 단 6개월 빠른 진입이 센트리언·태우·한국의 세계표준 지위를 만들 차이로 드러난다; 유출선 처벌·물량회수가 이뤄지고 센트리언 키트의 중국 승인과 첫 수출길이 열린다,유출선을 처벌하고 센트리언 키트의 중국 승인·수출을 성사시켜 행동과 외교관계가 높다,기술유출선을 처벌하고 센트리언 진단키트의 중국 승인·수출을 성사시킨다. 내부 보안정리와 국가 간 허가가 이어져 연구성과가 실제 국경을 넘는다.,훅은 마지막 프레임의 열린 질문만 세어 8→7 판정; L95718~L95886 수동 재독; 편집 메타어를 실제 장면·숫자·사람 반응으로 교체; L95718~L95886 수동 재독; 편집 메타어를 실제 장면·숫자·사람 반응으로 교체
549,549,L95887~L96065,EDIT,EDIT,PASS,6,6,10,8,7,7,0.16/0.16/0.21/0.11/0.36,0.16/0.16/0.21/0.11/0.36,"미국과 3억 개 진단키트 첫 공급계약을 맺고 추가 6억 개 수요를 논의하며, 마스크 구매 의향과 생산능력을 점검한다.",미국 3억 개 진단키트 첫 공급계약을 얻는다. 추가 6억 개와 마스크 주문·계약은 아직 전이다.,첫 3억 개 계약을 차질 없이 공급하고 추가 6억 개·마스크 구매계획을 실제 계약으로 닫을 수 있는가?,중국 첫 사망 뒤 헨더슨 미국대사가 3억 개 키트와 추가 6억 개·마스크를 주문한다; 미국 첫 감염자가 발생하자 정부가 공격적으로 움직여 한국 키트를 선택하고 중국도 따라올 수밖에 없어진다.; 미국 3억 개 선주문과 추가 6억 개·마스크 주문이 들어와 센트리언의 세계 공급자 지위가 확정된다.,"미국과 3억 개 진단키트 첫 공급계약을 맺고 추가 6억 개 수요를 논의하며, 마스크 구매 의향과 생산능력을 점검한다; 미국은 공격적으로 한국 키트를 선택하지만 추가 6억 개와 마스크는 첫 계약 뒤 이어질 수요·구매계획으로 남는다; 미국 3억 개 진단키트 첫 공급계약을 얻는다. 추가 6억 개와 마스크 주문·계약은 아직 전이다",미국이 3억 개 뒤 추가 6억 개 키트·마스크를 주문해 공급자 지위와 매출 보상이 폭발한다,"미국과 진단키트 3억 개의 첫 공급계약을 맺는 순간이 물량과 지위의 확실한 지급이다. 추가 6억 개와 마스크 수요는 생산능력을 확인하는 협의에 그쳐, 이미 찍힌 계약서와 아직 늘어날 주문을 분리해 읽게 한다.","보상은 실제 지급만 세어 10→8 판정; L95887~L96065 수동 재독; 점수·리본 유지, 기계적 note만 장면별 편집문으로 교체; L95887~L96065 수동 재독; 기계적 note를 장면별 편집문으로 교체; L95887~L96065 수동 재독; 기계적 note를 장면별 편집문으로 교체; L95887~L96065 수동 재독; 기계적 note를 장면별 편집문으로 교체; L95887~L96065 수동 재독; 기계적 note를 장면별 편집문으로 교체; L95887~L96065 수동 재독; 기계적 note를 장면별 편집문으로 교체; L95887~L96065 수동 재독; 기계적 note를 장면별 편집문으로 교체; L95887~L96065 수동 재독; 기계적 note를 장면별 편집문으로 교체; L95887~L96065 수동 재독; 기계적 note를 장면별 편집문으로 교체; L95887~L96065 수동 재독; 기계적 note를 장면별 편집문으로 교체; L95887~L96065 수동 재독; 기계적 note를 장면별 편집문으로 교체; L95887~L96065 수동 재독; 기계적 note를 장면별 편집문으로 교체; L95887~L96065 수동 재독; 기계적 note를 장면별 편집문으로 교체"
550,550,L96066~L96235,EDIT,EDIT,PASS,8,8,7,7,9,7,0.29/0.13/0.34/0.10/0.14,0.29/0.13/0.34/0.10/0.14,리강의 기술·IP 요구를 거절하고 키트·마스크·백신을 일본 항복 카드로 묶는다,중국에 완제품을 판매하되 기술·IP는 넘기지 않는 선이 지켜진다.,"기술·IP는 지킨 채 완제품을 팔고, 아직 봉쇄·지원거래 전인 일본에 키트·마스크·백신을 어떤 조건으로 쓸 것인가?",리강의 기술·IP 요구를 거절하고 키트·마스크·백신을 일본 항복 카드로 묶는다; 미국·중국·일본 모두 자신들이 주도권을 쥐었다고 착각하지만 실제 의료물량과 기술은 한국이 통제한다.; 중국에 완제품을 판매하되 기술·IP는 넘기지 않는 선이 지켜진다.,리강의 기술·IP 요구를 거절하고 키트·마스크·백신을 일본 항복 카드로 묶는다; 미국·중국·일본 모두 자신들이 주도권을 쥐었다고 착각하지만 실제 의료물량과 기술은 한국이 통제한다; 중국에 완제품을 판매하되 기술·IP는 넘기지 않는 선이 지켜진다,리강의 기술·IP 요구를 거절하고 백신을 일본 항복 카드로 묶는 국가관계 협상이다,리강의 기술·IP 요구를 거절하고 백신을 일본 항복 카드로 묶는 국가관계 협상이다,훅은 마지막 프레임의 열린 질문만 세어 9→7 판정
551,551,L96236~L96405,EDIT,EDIT,PASS,9,9,8,8,9,6,0.29/0.27/0.12/0.18/0.14,0.29/0.27/0.12/0.18/0.14,우한 봉쇄 뒤 월 10억 장 마스크와 KF94 미국 인정을 확보한다,월 10억 장 생산체계와 KF94의 미국 인정이 확보돼 대규모 수출이 가능해진다.,세계 공급품이 된 KF94와 월 10억 장 생산력을 일본의 고집과 팬데믹 확산 속에서 어디에 먼저 배분할 것인가?,우한 봉쇄 뒤 월 10억 장 마스크와 KF94 미국 인정을 확보한다; 다이키요는 비판에도 기존 기조를 유지해 일본이 스스로 구조 필요성을 키우는 선택을 한다.; 월 10억 장 생산체계와 KF94의 미국 인정이 확보돼 대규모 수출이 가능해진다.,우한 봉쇄 뒤 월 10억 장 마스크와 KF94 미국 인정을 확보한다; 다이키요는 비판에도 기존 기조를 유지해 일본이 스스로 구조 필요성을 키우는 선택을 한다; 월 10억 장 생산체계와 KF94의 미국 인정이 확보돼 대규모 수출이 가능해진다,우한 봉쇄와 WHO 지연을 확인하며 월 10억 장 마스크·KF94 공급망을 실제로 가동한다,우한 봉쇄와 WHO 지연을 확인하며 월 10억 장 마스크·KF94 공급망을 실제로 가동한다,훅은 마지막 프레임의 열린 질문만 세어 9→6 판정
552,552,L96406~L96580,EDIT,EDIT,PASS,8,8,4,5,9,8,0.30/0.12/0.25/0.25/0.08,0.30/0.12/0.25/0.25/0.08,트럼프가 바이러스를 경시하자 중국 입국금지와 재선 지원을 논의하며 다른 경주마를 검토한다,트럼프의 태도변화를 최종 확인할 시한과 대체후보 검토가 정해진다.,다음 달 회동에서도 트럼프가 방역기조를 바꾸지 않으면 재선 지원을 철회하고 다른 후보를 검토할 것인가?,트럼프가 바이러스를 경시하자 중국 입국금지와 재선 지원을 논의하며 다른 경주마를 검토한다; 다음 달 회동에서도 기조를 바꾸지 않으면 김민재가 경주마를 갈아탈 수 있다는 선택지가 현실화된다.; 트럼프의 태도변화를 최종 확인할 시한과 대체후보 검토가 정해진다.,트럼프가 바이러스를 경시하자 중국 입국금지와 재선 지원을 논의하며 다른 경주마를 검토한다; 다음 달 회동에서도 기조를 바꾸지 않으면 김민재가 경주마를 갈아탈 수 있다는 선택지가 현실화된다; 트럼프의 태도변화를 최종 확인할 시한과 대체후보 검토가 정해진다,바이러스를 경시하는 트럼프를 보며 생존정책을 위해 경주마를 바꿀지 고민하는 정치 긴장 회차다,바이러스를 경시하는 트럼프를 보며 생존정책을 위해 경주마를 바꿀지 고민하는 정치 긴장 회차다,보상은 실제 지급만 세어 4→5 판정; 훅은 마지막 프레임의 열린 질문만 세어 9→8 판정
553,553,L96581~L96746,EDIT,EDIT,PASS,9,9,5,5,10,8,0.23/0.42/0.13/0.17/0.05,0.23/0.42/0.13/0.17/0.05,WHO 비상사태 선언에 다이아 프린스 승객 구조용 선박·음압텐트·검사를 준비한다,최재석의 자국민 구조 승인과 선박·음압텐트·검사팀 준비 착수를 얻는다. 출항·접안·승객 이송은 아직 전이다.,준비한 선박·음압텐트·검사팀이 실제 출항해 다이아 프린스 승객을 감염 없이 데려올 수 있는가?,WHO 비상사태 선언에 다이아 프린스 승객 구조용 선박·음압텐트·검사를 준비한다; 최재석이 즉시 전권을 주면서 민간 준비가 국가 구조작전으로 올라선다.; 자국민 수송 승인과 선박·음압텐트·검사팀의 출항준비가 완료된다.,WHO 비상사태 선언에 다이아 프린스 승객 구조용 선박·음압텐트·검사를 준비한다; 최재석이 즉시 전권을 주면서 민간 준비가 국가 구조작전으로 올라선다; 최재석의 자국민 구조 승인과 선박·음압텐트·검사팀 준비 착수를 얻는다. 출항·접안·승객 이송은 아직 전이다,WHO 선언 직후 선박·음압텐트·검사팀을 배치해 크루즈 승객 구조를 준비하는 행동이 지배한다,"WHO 비상사태 선언을 듣자 다이아 프린스 승객을 데려올 선박·음압텐트·검사팀을 즉시 준비한다. 최재석의 자국민 구조 승인은 얻었지만 출항·접안·이송은 전혀 나오지 않아, 회차는 구조 직전의 물류 행동과 감염 공포에 시간을 쓴다.","훅은 마지막 프레임의 열린 질문만 세어 10→8 판정; L96581~L96746 수동 재독; 점수·리본 유지, 기계적 note만 장면별 편집문으로 교체; L96581~L96746 수동 재독; 기계적 note를 장면별 편집문으로 교체; L96581~L96746 수동 재독; 기계적 note를 장면별 편집문으로 교체; L96581~L96746 수동 재독; 기계적 note를 장면별 편집문으로 교체; L96581~L96746 수동 재독; 기계적 note를 장면별 편집문으로 교체; L96581~L96746 수동 재독; 기계적 note를 장면별 편집문으로 교체; L96581~L96746 수동 재독; 기계적 note를 장면별 편집문으로 교체; L96581~L96746 수동 재독; 기계적 note를 장면별 편집문으로 교체; L96581~L96746 수동 재독; 기계적 note를 장면별 편집문으로 교체; L96581~L96746 수동 재독; 기계적 note를 장면별 편집문으로 교체; L96581~L96746 수동 재독; 기계적 note를 장면별 편집문으로 교체; L96581~L96746 수동 재독; 기계적 note를 장면별 편집문으로 교체; L96581~L96746 수동 재독; 기계적 note를 장면별 편집문으로 교체"
554,554,L96747~L96944,PASS,EDIT,PASS,9,9,6,6,9,8,0.21/0.41/0.09/0.18/0.11,0.21/0.41/0.09/0.18/0.11,구조선을 출항시키는 동시에 사우디·러시아 유가전쟁을 보고 4월까지 원유 공매도를 유지한다,구조선이 출항하고 유가전쟁 분석 뒤 원유 공매도 유지결정이 내려진다.,승객을 무사히 귀국시키는 일과 3월 폭락·4월 유가붕괴의 실제 수익이 남는다.,구조선을 출항시키는 동시에 사우디·러시아 유가전쟁을 보고 4월까지 원유 공매도를 유지한다; 2월부터 사전준비가 빛을 보며 금융타워가 돈을 긁어모을 시점이라는 두 번째 시간표가 겹친다.; 구조선이 출항하고 유가전쟁 분석 뒤 원유 공매도 유지결정이 내려진다.,구조선을 출항시키는 동시에 사우디·러시아 유가전쟁을 보고 4월까지 원유 공매도를 유지한다; 2월부터 사전준비가 빛을 보며 금융타워가 돈을 긁어모을 시점이라는 두 번째 시간표가 겹친다; 구조선이 출항하고 유가전쟁 분석 뒤 원유 공매도 유지결정이 내려진다,구조선을 출항시키는 동시에 사우디·러시아 유가전쟁 숏을 유지해 두 실행선이 빠르게 교차한다,구조선을 출항시키는 동시에 사우디·러시아 유가전쟁 숏을 유지해 두 실행선이 빠르게 교차한다,훅은 마지막 프레임의 열린 질문만 세어 9→8 판정
555,555,L96945~L97147,EDIT,EDIT,PASS,9,9,10,9,9,7,0.13/0.28/0.24/0.27/0.08,0.13/0.28/0.24/0.27/0.08,한국이 크루즈 승객 300명을 무사히 구하고 최재석에게 거리두기·3개월 백신을 약속한다,약 300명이 안전하게 한국에 도착하고 최재석 정부·태우병원의 국제이미지가 상승한다.,구조 뒤 최재석에게 약속한 석 달 안 백신과 사회적 거리두기 준비를 실제 방역체계로 만들 수 있는가?,한국이 크루즈 승객 300명을 무사히 구하고 최재석에게 거리두기·3개월 백신을 약속한다; 백신개발이 마무리단계라는 보고로 구조 성공이 임시방어에서 근본해결 기대까지 확장된다.; 약 300명이 안전하게 한국에 도착하고 최재석 정부·태우병원의 국제이미지가 상승한다.,한국이 크루즈 승객 300명을 무사히 구하고 최재석에게 거리두기·3개월 백신을 약속한다; 백신개발이 마무리단계라는 보고로 구조 성공이 임시방어에서 근본해결 기대까지 확장된다; 약 300명이 안전하게 한국에 도착하고 최재석 정부·태우병원의 국제이미지가 상승한다,크루즈 승객 300명을 무사히 구하고 최재석과 거리두기·백신을 약속해 안도와 국가 신뢰가 높다,크루즈 승객 300명을 무사히 구하고 최재석과 거리두기·백신을 약속해 안도와 국가 신뢰가 높다,보상은 실제 지급만 세어 10→9 판정; 훅은 마지막 프레임의 열린 질문만 세어 9→7 판정
556,556,L97148~L97327,EDIT,EDIT,PASS,9,9,8,6,9,8,0.26/0.35/0.09/0.16/0.14,0.26/0.35/0.09/0.16/0.14,AI가 예측한 3월 폭락에 금융타워·국민연금 포지션을 맞춘다,금융타워와 국민연금의 대기·매수조건이 3월 폭락에 맞춰 조정된다.,AI가 가리킨 3월 대폭락까지 공매도 포지션을 유지하고 국민연금 저점매수 시점을 정확히 잡을 수 있는가?,AI가 예측한 3월 폭락에 금융타워·국민연금 포지션을 맞춘다; 지금 하락은 장난에 불과하며 이를 압도할 대폭락이 남았다는 AI·회귀 지식이 일치한다.; 금융타워와 국민연금의 대기·매수조건이 3월 폭락에 맞춰 조정된다.,AI가 예측한 3월 폭락에 금융타워·국민연금 포지션을 맞춘다; 지금 하락은 장난에 불과하며 이를 압도할 대폭락이 남았다는 AI·회귀 지식이 일치한다; 금융타워와 국민연금의 대기·매수조건이 3월 폭락에 맞춰 조정된다,AI 예측에 맞춰 금융타워·국민연금 포지션을 조정하고 다우 급락을 저점 기회로 바꾼다,AI 예측에 맞춰 금융타워·국민연금 포지션을 조정하고 다우 급락을 저점 기회로 바꾼다,보상은 실제 지급만 세어 8→6 판정; 훅은 마지막 프레임의 열린 질문만 세어 9→8 판정
557,557,L97328~L97505,EDIT,EDIT,PASS,10,7,9,6,9,8,0.18/0.43/0.10/0.24/0.05,0.18/0.43/0.10/0.24/0.05,"태우 계열사의 원격근무가 정상 작동하는지 확인하고, 대규모 종교집회 위험을 조사하기 위해 천민정에게 SNS 잠입·해킹을 지시한다.",태우 계열사의 원격업무 실전 성공을 확인하고 종교집회 동원망을 조사할 지시를 내린다. 잠입·집회 차단은 아직 전이다.,천민정의 팀이 종교단체 SNS에 잠입해 실제 집회 규모와 동원망을 확인하고 감염고리를 막을 수 있는가?,원격근무 체계를 실전에 성공시키고 종교단체 SNS를 해킹해 대규모 집회를 막는다; 백신이 한두 달 뒤면 끝나므로 장기 통제보다 짧은 기간 강압적 수단으로 버티는 판단이 선다.; 태우 계열사의 원격업무가 정상 작동하고 집회동원망이 흔들려 대규모 모임이 좌절된다.,"태우 계열사의 원격근무가 정상 작동하는지 확인하고, 대규모 종교집회 위험을 조사하기 위해 천민정에게 SNS 잠입·해킹을 지시한다; 원격근무 체계는 실제 생산성을 지키지만 종교단체 SNS 잠입과 집회 차단은 이제 막 명령된 비밀작전이다; 태우 계열사의 원격업무 실전 성공을 확인하고 종교집회 동원망을 조사할 지시를 내린다. 잠입·집회 차단은 아직 전이다",원격근무를 실전 가동하고 종교단체 SNS를 해킹해 대규모 집회를 막는 생존 행동 봉우리다,"태우 계열사의 원격근무가 실제로 돌아가는지 확인해 선행투자의 작은 보상을 먼저 받는다. 대규모 종교집회 위험이 올라오자 천민정에게 SNS 잠입·해킹을 지시하며, 집회 규모와 감염고리는 아직 보이지 않는 상태로 긴장을 다시 세운다.","긴장은 이 화에서 실제 맞닥뜨린 압박을 기준으로 10→7 판정; 보상은 실제 지급만 세어 9→6 판정; 훅은 마지막 프레임의 열린 질문만 세어 9→8 판정; L97328~L97505 수동 재독; 점수·리본 유지, 기계적 note만 장면별 편집문으로 교체; L97328~L97505 수동 재독; 기계적 note를 장면별 편집문으로 교체; L97328~L97505 수동 재독; 기계적 note를 장면별 편집문으로 교체; L97328~L97505 수동 재독; 기계적 note를 장면별 편집문으로 교체; L97328~L97505 수동 재독; 기계적 note를 장면별 편집문으로 교체; L97328~L97505 수동 재독; 기계적 note를 장면별 편집문으로 교체; L97328~L97505 수동 재독; 기계적 note를 장면별 편집문으로 교체; L97328~L97505 수동 재독; 기계적 note를 장면별 편집문으로 교체; L97328~L97505 수동 재독; 기계적 note를 장면별 편집문으로 교체; L97328~L97505 수동 재독; 기계적 note를 장면별 편집문으로 교체; L97328~L97505 수동 재독; 기계적 note를 장면별 편집문으로 교체; L97328~L97505 수동 재독; 기계적 note를 장면별 편집문으로 교체; L97328~L97505 수동 재독; 기계적 note를 장면별 편집문으로 교체"
558,558,L97506~L97678,PASS,EDIT,PASS,9,9,8,7,9,8,0.29/0.31/0.13/0.14/0.13,0.29/0.31/0.13/0.14/0.13,사우디·러시아 감산 실패를 확인하고 빈 살만의 20퍼센트 가격인하·증산 결정을 이용한다,유가전쟁의 방향·속도가 확인되고 금융타워는 숏을 유지할 근거를 얻는다.,서킷브레이커와 마이너스 유가까지 어디서 숏을 청산할지가 남는다.,사우디·러시아 감산 실패를 확인하고 빈 살만의 20퍼센트 가격인하·증산 결정을 이용한다; 빈 살만이 20퍼센트 가격인하와 증산을 택해 김민재가 기다린 붕괴방향이 확정된다.; 유가전쟁의 방향·속도가 확인되고 금융타워는 숏을 유지할 근거를 얻는다.,사우디·러시아 감산 실패를 확인하고 빈 살만의 20퍼센트 가격인하·증산 결정을 이용한다; 빈 살만이 20퍼센트 가격인하와 증산을 택해 김민재가 기다린 붕괴방향이 확정된다; 유가전쟁의 방향·속도가 확인되고 금융타워는 숏을 유지할 근거를 얻는다,감산 실패와 빈 살만의 증산 결정을 읽고 유가 붕괴 포지션을 유지해 정보·금융 행동이 크다,감산 합의 실패와 빈 살만의 증산 결정을 읽고 유가 붕괴 포지션을 유지한다. 산유국 발언을 따라 돈을 움직이되 실제 폭락 전이라 인내가 수익보다 앞선다.,보상은 실제 지급만 세어 8→7 판정; 훅은 마지막 프레임의 열린 질문만 세어 9→8 판정; L97506~L97678 수동 재독; 편집 메타어를 실제 장면·숫자·사람 반응으로 교체; L97506~L97678 수동 재독; 편집 메타어를 실제 장면·숫자·사람 반응으로 교체
559,559,L97679~L97865,EDIT,EDIT,PASS,8,8,5,7,9,7,0.27/0.12/0.24/0.30/0.07,0.27/0.12/0.24/0.30/0.07,센트리언 백신이 중증은 막지만 감염은 못 막는다는 한계를 받고 이영한의 대출·부동산 탐욕을 제어한다,백신의 중증예방 효능과 감염차단 한계가 확인되고 이영한은 무리한 대출확대를 접는다.,"중증은 막되 감염은 못 막는 백신을 FDA 승인과 실제 접종으로 연결하고, 명동의 저금리 부동산 매입을 약탈 없이 운용할 수 있는가?",센트리언 백신이 중증은 막지만 감염은 못 막는다는 한계를 받고 이영한의 대출·부동산 탐욕을 제어한다; 이영한에게 이미 부동산 저점매수라는 선물을 줘 약탈적 대출 없이도 이익을 얻을 출구가 생긴다.; 백신의 중증예방 효능과 감염차단 한계가 확인되고 이영한은 무리한 대출확대를 접는다.,센트리언 백신이 중증은 막지만 감염은 못 막는다는 한계를 받고 이영한의 대출·부동산 탐욕을 제어한다; 이영한에게 이미 부동산 저점매수라는 선물을 줘 약탈적 대출 없이도 이익을 얻을 출구가 생긴다; 백신의 중증예방 효능과 감염차단 한계가 확인되고 이영한은 무리한 대출확대를 접는다,백신이 중증만 막는 한계와 이영한의 약탈적 대출욕을 마주해 실망·윤리 갈등이 중심이다,백신이 중증만 막는 한계를 확인한 뒤 이영한의 약탈적 대출욕과 마주한다. 의학적 실망에서 금융윤리 충돌로 넘어가 성과의 흠집과 인간의 탐욕을 나란히 세운다.,보상은 실제 지급만 세어 5→7 판정; 훅은 마지막 프레임의 열린 질문만 세어 9→7 판정; L97679~L97865 수동 재독; 범용 중심·비중 문구를 장면 리듬으로 교체; L97679~L97865 수동 재독; 범용 중심·비중 문구를 장면 리듬으로 교체; L97679~L97865 수동 재독; 범용 중심·비중 문구를 장면 리듬으로 교체; L97679~L97865 수동 재독; 범용 중심·비중 문구를 장면 리듬으로 교체; L97679~L97865 수동 재독; 범용 중심·비중 문구를 장면 리듬으로 교체; L97679~L97865 수동 재독; 범용 중심·비중 문구를 장면 리듬으로 교체; L97679~L97865 수동 재독; 범용 중심·비중 문구를 장면 리듬으로 교체; L97679~L97865 수동 재독; 범용 중심·비중 문구를 장면 리듬으로 교체; L97679~L97865 수동 재독; 범용 중심·비중 문구를 장면 리듬으로 교체; L97679~L97865 수동 재독; 범용 중심·비중 문구를 장면 리듬으로 교체; L97679~L97865 수동 재독; 범용 중심·비중 문구를 장면 리듬으로 교체
560,560,L97866~L98046,EDIT,EDIT,PASS,9,9,8,7,9,7,0.25/0.26/0.12/0.17/0.20,0.25/0.26/0.12/0.17/0.20,유가·다우 서킷브레이커 뒤 백신 발표 직전 저점매수하고 트럼프와 바이든을 비교한다,유가·지수 하락수익이 확정되기 시작하고 저점매수 자금과 미국 후보 평가기준이 마련된다.,방역정책을 거래조건으로 받아들일 미국 대선후보가 누구인지 직접 만나 시험할 차례다.,유가·다우 서킷브레이커 뒤 백신 발표 직전 저점매수하고 트럼프와 바이든을 비교한다; 진영보다 태우와 손을 잡을 사람을 고르면 된다는 원칙으로 정치 선택이 사업거래로 재정의된다.; 유가·지수 하락수익이 확정되기 시작하고 저점매수 자금과 미국 후보 평가기준이 마련된다.,유가·다우 서킷브레이커 뒤 백신 발표 직전 저점매수하고 트럼프와 바이든을 비교한다; 진영보다 태우와 손을 잡을 사람을 고르면 된다는 원칙으로 정치 선택이 사업거래로 재정의된다; 유가·지수 하락수익이 확정되기 시작하고 저점매수 자금과 미국 후보 평가기준이 마련된다,서킷브레이커 뒤 자산을 저점매수하고 트럼프·바이든을 비교해 금융 행동과 정치 전환이 맞선다,서킷브레이커 뒤 자산을 저점매수하고 트럼프·바이든을 비교해 금융 행동과 정치 전환이 맞선다,보상은 실제 지급만 세어 8→7 판정; 훅은 마지막 프레임의 열린 질문만 세어 9→7 판정
561,561,L98047~L98227,EDIT,EDIT,PASS,8,8,8,8,9,7,0.29/0.22/0.19/0.17/0.13,0.29/0.22/0.19/0.17/0.13,공매도 80퍼센트를 청산하고 제2 금융타워를 세우며 트럼프의 백신 회의론을 확인한다,"공매도 80퍼센트 청산과 제2 금융타워 건립 결정을 확정하지만, 건물 완공과 트럼프의 백신협력은 아직 없다.",김민재가 현직에게서 원유자산 이익을 회수한 뒤 바이든을 직접 시험할지가 남는다.,공매도 80퍼센트를 청산하고 제2 금융타워를 세우며 트럼프의 백신 회의론을 확인한다; 회의론자 표를 얻으려다 다른 지지자와 김민재까지 잃을 수 있다는 트럼프의 정치적 맹점이 드러난다.; 공매도 80퍼센트 청산과 제2 금융타워 건립이 확정되지만 트럼프의 백신협력은 얻지 못한다.,"공매도 80퍼센트를 청산하고 제2 금융타워를 세우며 트럼프의 백신 회의론을 확인한다; 회의론자 표를 얻으려다 다른 지지자와 김민재까지 잃을 수 있다는 트럼프의 정치적 맹점이 드러난다; 공매도 80퍼센트 청산과 제2 금융타워 건립 결정을 확정하지만, 건물 완공과 트럼프의 백신협력은 아직 없다",공매도 80퍼센트를 청산하고 제2 금융타워를 세운 뒤 트럼프의 백신 회의론을 확인한다,"원유 공매도 물량 80퍼센트를 청산해 이익을 회수하고 제2 금융타워 건립을 결정하는 금융 결산이 먼저 온다. 트럼프의 백신 회의론을 확인한 뒤 바이든까지 직접 시험할지를 남겨, 현직 정권에서 받은 보상을 다음 정치 선택으로 넘긴다.","훅은 마지막 프레임의 열린 질문만 세어 9→7 판정; L98047~L98227 수동 재독; 점수·리본 유지, 기계적 note만 장면별 편집문으로 교체; L98047~L98227 수동 재독; 기계적 note를 장면별 편집문으로 교체; L98047~L98227 수동 재독; 기계적 note를 장면별 편집문으로 교체; L98047~L98227 수동 재독; 기계적 note를 장면별 편집문으로 교체; L98047~L98227 수동 재독; 기계적 note를 장면별 편집문으로 교체; L98047~L98227 수동 재독; 기계적 note를 장면별 편집문으로 교체; L98047~L98227 수동 재독; 기계적 note를 장면별 편집문으로 교체; L98047~L98227 수동 재독; 기계적 note를 장면별 편집문으로 교체; L98047~L98227 수동 재독; 기계적 note를 장면별 편집문으로 교체; L98047~L98227 수동 재독; 기계적 note를 장면별 편집문으로 교체; L98047~L98227 수동 재독; 기계적 note를 장면별 편집문으로 교체; L98047~L98227 수동 재독; 기계적 note를 장면별 편집문으로 교체; L98047~L98227 수동 재독; 기계적 note를 장면별 편집문으로 교체"
562,562,L98228~L98402,PASS,EDIT,PASS,6,6,8,7,8,8,0.20/0.16/0.35/0.09/0.20,0.20/0.16/0.35/0.09/0.20,트럼프에게 알래스카·원유자산 400억 달러 재매입을 받아내고 데이비드에게 바이든 접촉을 맡긴다,트럼프에게 원유자산을 400억 달러에 재매각하고 데이비드가 바이든 접촉에 착수한다.,바이든이 백신 의무화와 태우 사업보호에 어떤 답을 줄지가 열린다.,트럼프에게 알래스카·원유자산 400억 달러 재매입을 받아내고 데이비드에게 바이든 접촉을 맡긴다; 새 경주마를 직접 만나기 전에는 갈아탈 수 없다는 판단으로 탐색과 기존거래를 병행한다.; 트럼프에게 원유자산을 400억 달러에 재매각하고 데이비드가 바이든 접촉에 착수한다.,트럼프에게 알래스카·원유자산 400억 달러 재매입을 받아내고 데이비드에게 바이든 접촉을 맡긴다; 새 경주마를 직접 만나기 전에는 갈아탈 수 없다는 판단으로 탐색과 기존거래를 병행한다; 트럼프에게 원유자산을 400억 달러에 재매각하고 데이비드가 바이든 접촉에 착수한다,트럼프에게 400억 달러 원유자산 재매입을 얻고 데이비드에게 바이든 접촉을 맡기는 양면 관계전이다,트럼프에게 400억 달러 원유자산 재매입을 얻고 데이비드에게 바이든 접촉을 맡기는 양면 관계전이다,보상은 실제 지급만 세어 8→7 판정
563,563,L98403~L98564,EDIT,EDIT,PASS,5,5,7,6,8,7,0.27/0.25/0.09/0.06/0.33,0.27/0.25/0.09/0.06/0.33,다이먼과 나스닥 저점매수를 진행하고 2~5조 달러 부양책·운임폭등 전에 선박·컨테이너를 사들이라고 지시한다.,"나스닥 매수와 선박·컨테이너 확보 지시, 부양책 대응 포트폴리오를 세운다. 해운자산의 실제 매입·인도는 진행 전이다.",대형 석유기업 자산과 바이든의 방역정책까지 같은 미국 일정에서 거래할지가 남는다.,다이먼과 나스닥을 사고 2~5조 달러 부양책·운임폭등에 앞서 선박과 컨테이너를 확보한다; 태우해운과 한국 해운업의 재도약이 몇 달 남지 않아 지금의 수모가 매입기회로 바뀐다.; 나스닥 매수와 선박·컨테이너 확보 주문이 실행되고 부양책 대응 포트폴리오가 선다.,"다이먼과 나스닥 저점매수를 진행하고 2~5조 달러 부양책·운임폭등 전에 선박·컨테이너를 사들이라고 지시한다; 태우해운과 한국 해운업의 재도약이 몇 달 남지 않아 지금의 수모가 매입기회로 바뀐다; 나스닥 매수와 선박·컨테이너 확보 지시, 부양책 대응 포트폴리오를 세운다. 해운자산의 실제 매입·인도는 진행 전이다",나스닥·선박·컨테이너를 부양책 전에 사들여 헬리콥터 머니의 물질 상승을 준비한다,"다이먼과 나스닥 저점매수를 실제 진행하면서 2~5조 달러 부양책과 운임 폭등을 계산한다. 선박·컨테이너를 미리 사들이라는 지시는 아직 인도된 자산이 없어, 매수 화면과 물류 선점 명령 사이에서 빠르게 다음 미국 거래를 준비한다.","보상은 실제 지급만 세어 7→6 판정; 훅은 마지막 프레임의 열린 질문만 세어 8→7 판정; L98403~L98564 수동 재독; 점수·리본 유지, 기계적 note만 장면별 편집문으로 교체; L98403~L98564 수동 재독; 기계적 note를 장면별 편집문으로 교체; L98403~L98564 수동 재독; 기계적 note를 장면별 편집문으로 교체; L98403~L98564 수동 재독; 기계적 note를 장면별 편집문으로 교체; L98403~L98564 수동 재독; 기계적 note를 장면별 편집문으로 교체; L98403~L98564 수동 재독; 기계적 note를 장면별 편집문으로 교체; L98403~L98564 수동 재독; 기계적 note를 장면별 편집문으로 교체; L98403~L98564 수동 재독; 기계적 note를 장면별 편집문으로 교체; L98403~L98564 수동 재독; 기계적 note를 장면별 편집문으로 교체; L98403~L98564 수동 재독; 기계적 note를 장면별 편집문으로 교체; L98403~L98564 수동 재독; 기계적 note를 장면별 편집문으로 교체; L98403~L98564 수동 재독; 기계적 note를 장면별 편집문으로 교체; L98403~L98564 수동 재독; 기계적 note를 장면별 편집문으로 교체"
564,564,L98565~L98760,PASS,EDIT,PASS,8,8,6,6,9,8,0.21/0.17/0.35/0.10/0.17,0.21/0.17/0.35/0.10/0.17,엑슨·LNG선 자산을 흥정하고 신시내티에서 바이든·오바마에게 백신 의무화를 요구한다,엑슨·LNG선 자산협상이 구체화되고 바이든에게 의무접종 조건이 공식 제시된다.,바이든이 조건을 수락할지와 트럼프 선을 완전히 끊을지가 걸린다.,엑슨·LNG선 자산을 흥정하고 신시내티에서 바이든·오바마에게 백신 의무화를 요구한다; 바이든의 답 하나가 트럼프에서 경주마를 바꿀지 결정하는 주사위가 된다.; 엑슨·LNG선 자산협상이 구체화되고 바이든에게 의무접종 조건이 공식 제시된다.,엑슨·LNG선 자산을 흥정하고 신시내티에서 바이든·오바마에게 백신 의무화를 요구한다; 바이든의 답 하나가 트럼프에서 경주마를 바꿀지 결정하는 주사위가 된다; 엑슨·LNG선 자산협상이 구체화되고 바이든에게 의무접종 조건이 공식 제시된다,엑슨 자산을 흥정하고 바이든·오바마에게 백신 의무화를 요구해 정치관계 협상이 중심이다,엑슨 자산 가격을 흥정하고 바이든·오바마에게 백신 의무화를 요구한다. 에너지 매입과 방역정책을 한 자리의 정치관계로 밀어붙여 서로 다른 보상을 노린다.,훅은 마지막 프레임의 열린 질문만 세어 9→8 판정; L98565~L98760 수동 재독; 범용 중심·비중 문구를 장면 리듬으로 교체; L98565~L98760 수동 재독; 범용 중심·비중 문구를 장면 리듬으로 교체; L98565~L98760 수동 재독; 범용 중심·비중 문구를 장면 리듬으로 교체; L98565~L98760 수동 재독; 범용 중심·비중 문구를 장면 리듬으로 교체; L98565~L98760 수동 재독; 범용 중심·비중 문구를 장면 리듬으로 교체; L98565~L98760 수동 재독; 범용 중심·비중 문구를 장면 리듬으로 교체; L98565~L98760 수동 재독; 범용 중심·비중 문구를 장면 리듬으로 교체; L98565~L98760 수동 재독; 범용 중심·비중 문구를 장면 리듬으로 교체; L98565~L98760 수동 재독; 범용 중심·비중 문구를 장면 리듬으로 교체; L98565~L98760 수동 재독; 범용 중심·비중 문구를 장면 리듬으로 교체; L98565~L98760 수동 재독; 범용 중심·비중 문구를 장면 리듬으로 교체
565,565,L98761~L98946,EDIT,EDIT,PASS,6,6,9,8,7,6,0.18/0.12/0.39/0.17/0.14,0.18/0.12/0.39/0.17/0.14,바이든의 조건부 의무화 약속을 받고 주 경주마를 바꾸되 트럼프 선도 유지한다,바이든의 조건부 의무화 약속을 받고 주 후원선이 전환되며 트럼프 관계도 보존된다.,바이든을 주 경주마로 바꾸고 트럼프선을 유지한 이중 안전망을 국내 사장단 회의와 백신정책의 실제 실행으로 연결할 수 있는가?,바이든의 조건부 의무화 약속을 받고 주 경주마를 바꾸되 트럼프 선도 유지한다; 백신정책에서는 바이든이 맞지만 두 진영 모두와 신뢰를 조율해야 세계 중심에 설 내실이 완성된다.; 바이든의 조건부 의무화 약속을 받고 주 후원선이 전환되며 트럼프 관계도 보존된다.,바이든의 조건부 의무화 약속을 받고 주 경주마를 바꾸되 트럼프 선도 유지한다; 백신정책에서는 바이든이 맞지만 두 진영 모두와 신뢰를 조율해야 세계 중심에 설 내실이 완성된다; 바이든의 조건부 의무화 약속을 받고 주 후원선이 전환되며 트럼프 관계도 보존된다,바이든의 조건부 의무화 약속을 받고도 트럼프 선을 지켜 두 진영과의 신뢰 조율이 지배한다,바이든에게 조건부 백신 의무화 약속을 받으면서도 트럼프와의 연락선을 끊지 않는다. 한쪽의 정책을 얻고 다른 쪽의 체면을 살려 정권교체 뒤에도 쓸 두 통로를 남긴다.,보상은 실제 지급만 세어 9→8 판정; 훅은 마지막 프레임의 열린 질문만 세어 7→6 판정; L98761~L98946 수동 재독; 편집 메타어를 실제 장면·숫자·사람 반응으로 교체; L98761~L98946 수동 재독; 편집 메타어를 실제 장면·숫자·사람 반응으로 교체
566,566,L98947~L99104,EDIT,EDIT,PASS,5,5,7,6,7,7,0.30/0.20/0.17/0.08/0.25,0.30/0.20/0.17/0.08/0.25,태우 사장단 회의에서 원전·레거시칩 증산과 태우상사의 선박 매입을 승인하고 계열사별 저점투자 방향을 정한다.,사장단 회의에서 원전·레거시칩 증산과 전방위 선박매입 방침을 승인한다. 실제 증설·선박 소유는 집행 전이다.,승인한 원전·레거시칩·선박 투자를 실제 계약과 생산·운항능력으로 바꿀 수 있는가?,대통령 회의에서 원전·레거시칩 증산을 밀고 태우상사가 모든 선박을 사게 한다; 삼면이 바다인 한국에서 금융타워가 금융허브를 만들었듯 태우해운이 물류허브를 만들 수 있다는 국가그림이 선다.; 원전·레거시칩 증산정책과 전방위 선박매입이 대통령회의에서 승인된다.,태우 사장단 회의에서 원전·레거시칩 증산과 태우상사의 선박 매입을 승인하고 계열사별 저점투자 방향을 정한다; 삼면이 바다인 한국에서 태우해운이 물류허브를 만들 수 있다는 그룹 차원의 산업지도가 선다; 사장단 회의에서 원전·레거시칩 증산과 전방위 선박매입 방침을 승인한다. 실제 증설·선박 소유는 집행 전이다,대통령 회의에서 원전·레거시칩·모든 선박 매입을 묶어 팬데믹 뒤 산업지도를 설계한다,"태우 사장단이 계열사별 저점투자를 검토하고 원전·레거시칩 증산, 태우상사의 전방위 선박매입을 승인한다. 생산라인이나 선박 소유권은 아직 늘지 않아 회차의 무게는 실적이 아니라 사장들의 판단과 자금 배치표에 놓인다.","보상은 실제 지급만 세어 7→6 판정; L98947~L99104 수동 재독; 점수·리본 유지, 기계적 note만 장면별 편집문으로 교체; L98947~L99104 수동 재독; 기계적 note를 장면별 편집문으로 교체; L98947~L99104 수동 재독; 기계적 note를 장면별 편집문으로 교체; L98947~L99104 수동 재독; 기계적 note를 장면별 편집문으로 교체; L98947~L99104 수동 재독; 기계적 note를 장면별 편집문으로 교체; L98947~L99104 수동 재독; 기계적 note를 장면별 편집문으로 교체; L98947~L99104 수동 재독; 기계적 note를 장면별 편집문으로 교체; L98947~L99104 수동 재독; 기계적 note를 장면별 편집문으로 교체; L98947~L99104 수동 재독; 기계적 note를 장면별 편집문으로 교체; L98947~L99104 수동 재독; 기계적 note를 장면별 편집문으로 교체; L98947~L99104 수동 재독; 기계적 note를 장면별 편집문으로 교체; L98947~L99104 수동 재독; 기계적 note를 장면별 편집문으로 교체; L98947~L99104 수동 재독; 기계적 note를 장면별 편집문으로 교체"
567,567,L99105~L99284,EDIT,EDIT,PASS,6,6,6,6,8,7,0.28/0.12/0.38/0.11/0.11,0.28/0.12/0.38/0.11/0.11,최재석과 일본 의료봉쇄·개도국 저가백신·한국 G7 진입을 묶는다,일본 지원·개도국 가격·G7 지지를 하나의 순차협상으로 묶는 원칙이 최재석과 합의된다.,일본을 첫 백신외교 상대로 삼아 의료지원 대가와 G7 지지를 어떤 협상으로 끌어낼 것인가?,최재석과 일본 의료봉쇄·개도국 저가백신·한국 G7 진입을 묶는다; 코로나라는 범세계 위기 덕분에 평소에는 얻기 힘든 주도권을 한국이 쥐고 있다는 기회가 확인된다.; 일본 지원·개도국 가격·G7 지지를 하나의 순차협상으로 묶는 원칙이 최재석과 합의된다.,최재석과 일본 의료봉쇄·개도국 저가백신·한국 G7 진입을 묶는다; 코로나라는 범세계 위기 덕분에 평소에는 얻기 힘든 주도권을 한국이 쥐고 있다는 기회가 확인된다; 일본 지원·개도국 가격·G7 지지를 하나의 순차협상으로 묶는 원칙이 최재석과 합의된다,최재석과 일본 의료봉쇄·개도국 백신·한국 G7 진입을 거래 묶음으로 맞추는 정치관계 회차다,"최재석과 일본 의료봉쇄, 개발도상국 백신, 한국 G7 진입을 한 거래표에 올린다. 방역물자 지원이 외교적 지위와 연결되지만 실제 일본 조건과 G7 결과는 아직 협상 밖에 있다.",훅은 마지막 프레임의 열린 질문만 세어 8→7 판정; L99105~L99284 수동 재독; 편집 메타어를 실제 장면·숫자·사람 반응으로 교체; L99105~L99284 수동 재독; 편집 메타어를 실제 장면·숫자·사람 반응으로 교체
568,568,L99285~L99462,EDIT,EDIT,PASS,8,8,5,5,9,7,0.22/0.12/0.36/0.20/0.10,0.22/0.12/0.36/0.20/0.10,의료붕괴 일본의 비밀 지원요청을 받고 협상 장소를 호주로 정해 일본 측과 만나기로 한다.,일본의 비밀 지원요청과 호주 회담 장소를 확보한다. 구체 대가는 아직 제시·합의 전이다.,호주 회담에서 방역물자 지원의 대가로 무엇을 요구하고 일본이 받아들일 것인가?,"의료붕괴 일본의 비밀 요청을 받고 호주 회담에서 G7 지지를 요구하기로 한다; 아쉬운 쪽이 움직여야 한다는 원칙으로 장소까지 호주로 정해 일본의 약자지위를 고정한다.; 일본의 비밀 지원요청과 멜버른 회담 일정, G7 지지 요구안이 확정된다.",의료붕괴 일본의 비밀 지원요청을 받고 협상 장소를 호주로 정해 일본 측과 만나기로 한다; 아쉬운 쪽이 움직여야 한다는 원칙으로 장소까지 호주로 정해 일본의 약자지위를 고정한다; 일본의 비밀 지원요청과 호주 회담 장소를 확보한다. 구체 대가는 아직 제시·합의 전이다,일본 의료붕괴의 비밀 요청을 받고 호주 회담에서 G7 지지를 요구하기로 해 관계 긴장이 높다,의료붕괴에 몰린 일본이 손정우를 통해 비밀 지원을 요청하자 김민재는 일본행을 거부하고 호주를 회담 장소로 지정한다. 접촉과 장소만 잡힌 상태라 방역물자의 구체 대가와 일본 측 수락은 다음 화에 남는다.,"훅은 마지막 프레임의 열린 질문만 세어 9→7 판정; L99285~L99462 수동 재독; 점수·리본 유지, 기계적 note만 장면별 편집문으로 교체; L99285~L99462 수동 재독; 회차 필드 경계 교정, 기계적 note를 장면별 편집문으로 교체; L99285~L99462 수동 재독; 회차 필드 경계 교정, 기계적 note를 장면별 편집문으로 교체; L99285~L99462 수동 재독; 회차 필드 경계 교정, 기계적 note를 장면별 편집문으로 교체; L99285~L99462 수동 재독; 회차 필드 경계 교정, 기계적 note를 장면별 편집문으로 교체; L99285~L99462 수동 재독; 회차 필드 경계 교정, 기계적 note를 장면별 편집문으로 교체; L99285~L99462 수동 재독; 회차 필드 경계 교정, 기계적 note를 장면별 편집문으로 교체; L99285~L99462 수동 재독; 회차 필드 경계 교정, 기계적 note를 장면별 편집문으로 교체; L99285~L99462 수동 재독; 회차 필드 경계 교정, 기계적 note를 장면별 편집문으로 교체; L99285~L99462 수동 재독; 회차 필드 경계 교정, 기계적 note를 장면별 편집문으로 교체; L99285~L99462 수동 재독; 회차 필드 경계 교정, 기계적 note를 장면별 편집문으로 교체; L99285~L99462 수동 재독; 회차 필드 경계 교정, 기계적 note를 장면별 편집문으로 교체; L99285~L99462 수동 재독; 회차 필드 경계 교정, 기계적 note를 장면별 편집문으로 교체"
569,569,L99463~L99633,EDIT,EDIT,PASS,8,8,6,5,9,8,0.18/0.12/0.36/0.08/0.26,0.18/0.12/0.36/0.08/0.26,멜버른에서 손정우·다이키요에게 방역물자와 20조 엔 자산 인수를 제안한다,"방역물자 공급, 20조 엔대 자산 인수와 G7 비반대를 맞바꾸는 조건을 일본 측에 제시한다. 일본 내각의 최종 수락은 아직 전이다.",일본 내각이 귀국 뒤 최종승인할지와 센트리언 백신의 FDA 결론이 남는다.,멜버른에서 손정우·다이키요에게 방역물자와 20조 엔 자산 인수를 제안한다; 한일관계 개선은 명분일 뿐 1년 뒤 복덩어리가 될 자산을 태우가 가져가는 거래임이 분명해진다.; 방역물자·자산인수·G7 비반대를 맞바꾸는 거래조건이 테이블에서 합의된다.,"멜버른에서 손정우·다이키요에게 방역물자와 20조 엔 자산 인수를 제안한다; 한일관계 개선은 명분일 뿐 1년 뒤 복덩어리가 될 자산을 태우가 가져가는 거래임이 분명해진다; 방역물자 공급, 20조 엔대 자산 인수와 G7 비반대를 맞바꾸는 조건을 일본 측에 제시한다. 일본 내각의 최종 수락은 아직 전이다",손정우·다이키요에게 의료물자와 20조 엔 자산 인수를 내걸어 외교관계와 거래 규모가 중심이다,"멜버른에서 손정우·다이키요와 마주 앉아 방역물자, G7 비반대, 20조 엔대 자산 인수를 교환조건으로 펼친다. 협상 문답이 회차 대부분을 차지하고 일본 내각의 최종 수락과 센트리언 백신 FDA 결론을 동시에 기다리며 끝난다.","보상은 실제 지급만 세어 6→5 판정; 훅은 마지막 프레임의 열린 질문만 세어 9→8 판정; L99463~L99633 수동 재독; 점수·리본 유지, 기계적 note만 장면별 편집문으로 교체; L99463~L99633 수동 재독; 기계적 note를 장면별 편집문으로 교체; L99463~L99633 수동 재독; 기계적 note를 장면별 편집문으로 교체; L99463~L99633 수동 재독; 기계적 note를 장면별 편집문으로 교체; L99463~L99633 수동 재독; 기계적 note를 장면별 편집문으로 교체; L99463~L99633 수동 재독; 기계적 note를 장면별 편집문으로 교체; L99463~L99633 수동 재독; 기계적 note를 장면별 편집문으로 교체; L99463~L99633 수동 재독; 기계적 note를 장면별 편집문으로 교체; L99463~L99633 수동 재독; 기계적 note를 장면별 편집문으로 교체; L99463~L99633 수동 재독; 기계적 note를 장면별 편집문으로 교체; L99463~L99633 수동 재독; 기계적 note를 장면별 편집문으로 교체; L99463~L99633 수동 재독; 기계적 note를 장면별 편집문으로 교체; L99463~L99633 수동 재독; 기계적 note를 장면별 편집문으로 교체"
570,570,L99634~L99819,EDIT,EDIT,PASS,8,8,10,9,9,7,0.12/0.14/0.24/0.19/0.31,0.12/0.14/0.24/0.19/0.31,일본이 조건을 수락하고 센트리언 백신의 FDA 승인이 도착한다,일본 내각의 방역물자·G7 비반대·20조 엔 자산거래 수락과 센트리언 백신 FDA 승인을 얻는다. 자산 인수 집행은 남는다.,유일한 대량생산자가 백신 가격·배송·국가별 대가를 어떻게 설계할지가 열린다.,일본이 조건을 수락하고 센트리언 백신의 FDA 승인이 도착한다; 일본 조건수락 직후 FDA 승인 연락이 도착해 방역 공급주도권이 우연이 아닌 제품권력으로 굳어진다.; 일본의 한국 G7 비반대·20조 엔 거래와 센트리언 백신 FDA 승인이 모두 확정된다.,일본이 조건을 수락하고 센트리언 백신의 FDA 승인이 도착한다; 일본 조건수락 직후 FDA 승인 연락이 도착해 방역 공급주도권이 우연이 아닌 제품권력으로 굳어진다; 일본 내각의 방역물자·G7 비반대·20조 엔 자산거래 수락과 센트리언 백신 FDA 승인을 얻는다. 자산 인수 집행은 남는다,일본의 조건 수락과 FDA 승인 연락이 겹쳐 한일 의료전의 감정·지위·자산 보상이 솟는다,"일본 내각이 방역물자·G7 비반대·20조 엔 자산거래를 받아들이고 곧이어 센트리언 백신의 FDA 승인까지 도착한다. 두 지급이 겹쳐 보상 밀도가 높지만 자산 인수 집행은 남고, 유일한 대량생산자가 가격·배송·국가별 대가를 정하는 새 부담이 바로 열린다.","보상은 실제 지급만 세어 10→9 판정; 훅은 마지막 프레임의 열린 질문만 세어 9→7 판정; L99634~L99819 수동 재독; 점수·리본 유지, 기계적 note만 장면별 편집문으로 교체; L99634~L99819 수동 재독; 기계적 note를 장면별 편집문으로 교체; L99634~L99819 수동 재독; 기계적 note를 장면별 편집문으로 교체; L99634~L99819 수동 재독; 기계적 note를 장면별 편집문으로 교체; L99634~L99819 수동 재독; 기계적 note를 장면별 편집문으로 교체; L99634~L99819 수동 재독; 기계적 note를 장면별 편집문으로 교체; L99634~L99819 수동 재독; 기계적 note를 장면별 편집문으로 교체; L99634~L99819 수동 재독; 기계적 note를 장면별 편집문으로 교체; L99634~L99819 수동 재독; 기계적 note를 장면별 편집문으로 교체; L99634~L99819 수동 재독; 기계적 note를 장면별 편집문으로 교체; L99634~L99819 수동 재독; 기계적 note를 장면별 편집문으로 교체; L99634~L99819 수동 재독; 기계적 note를 장면별 편집문으로 교체; L99634~L99819 수동 재독; 기계적 note를 장면별 편집문으로 교체"
571,571,L99820~L99993,EDIT,EDIT,PASS,7,7,9,7,9,7,0.19/0.30/0.17/0.14/0.20,0.19/0.30/0.17/0.14/0.20,한국·FDA 백신 승인을 발표하고 일본에도 물자를 공급한다,한국 승인과 해외공급이 시작되고 센트리언은 세계적 제약사 지위를 얻는다.,4월 20일 마이너스 유가에서 석유자산을 얼마나 흡수하고 백신 세계배송과 동시에 결산할 것인가?,한국·FDA 백신 승인을 발표하고 일본에도 물자를 공급한다; 유가선물 마감까지 이틀밖에 남지 않아 백신배분과 석유자산 흡수를 동시에 실행해야 한다.; 한국 승인과 해외공급이 시작되고 센트리언은 세계적 제약사 지위를 얻는다.,한국·FDA 백신 승인을 발표하고 일본에도 물자를 공급한다; 유가선물 마감까지 이틀밖에 남지 않아 백신배분과 석유자산 흡수를 동시에 실행해야 한다; 한국 승인과 해외공급이 시작되고 센트리언은 세계적 제약사 지위를 얻는다,한국·미국 승인 뒤 백신을 일본과 세계로 보내 실제 배분 행동과 제약사 지위가 앞선다,한국·미국 승인 뒤 백신을 일본과 세계로 보내 실제 배분 행동과 제약사 지위가 앞선다,보상은 실제 지급만 세어 9→7 판정; 훅은 마지막 프레임의 열린 질문만 세어 9→7 판정
572,572,L99994~L100194,EDIT,EDIT,PASS,10,8,10,9,9,7,0.19/0.37/0.06/0.17/0.21,0.19/0.37/0.06/0.17/0.21,4월 20일 WTI 마이너스 가격에서 원유를 받아 돈까지 받고 곧바로 롱으로 전환한다,마이너스 가격에서 원유와 돈을 받고 숏을 닫은 뒤 상승포지션으로 전환한다.,백신기술과 지배권을 지키면서 중국시장에 들어갈 합작구조를 베이징 협상에서 만들 수 있는가?,4월 20일 WTI 마이너스 가격에서 원유를 받아 돈까지 받고 곧바로 롱으로 전환한다; 유가 수확 뒤에도 중국이 백신기술을 요구해 새 협상은 김민재가 직접 베이징에서 해야 한다.; 마이너스 가격에서 원유와 돈을 받고 숏을 닫은 뒤 상승포지션으로 전환한다.,4월 20일 WTI 마이너스 가격에서 원유를 받아 돈까지 받고 곧바로 롱으로 전환한다; 유가 수확 뒤에도 중국이 백신기술을 요구해 새 협상은 김민재가 직접 베이징에서 해야 한다; 마이너스 가격에서 원유와 돈을 받고 숏을 닫은 뒤 상승포지션으로 전환한다,WTI가 마이너스로 무너질 때 원유와 돈을 받고 곧바로 롱 전환하는 금융 행동 봉우리다,WTI가 마이너스로 무너질 때 원유와 돈을 받고 곧바로 롱 전환하는 금융 행동 봉우리다,긴장은 이 화에서 실제 맞닥뜨린 압박을 기준으로 10→8 판정; 보상은 실제 지급만 세어 10→9 판정; 훅은 마지막 프레임의 열린 질문만 세어 9→7 판정
573,573,L100195~L100359,PASS,EDIT,PASS,8,8,8,7,8,7,0.24/0.12/0.36/0.09/0.19,0.24/0.12/0.36/0.09/0.19,베이징에서 리강에게 중국 백신합작 80대20과 파벌 이익을 제시한다,태우 80·중국 20 합작원칙과 리강 파벌의 보호이익이 합의된다.,백신을 아프리카 자원권·외교관계와 바꿀 국가단위 협상이 다음으로 넘어온다.,베이징에서 리강에게 중국 백신합작 80대20과 파벌 이익을 제시한다; 리강 개인·파벌의 이익을 합작에 묶으면 정부정책이 바뀌어도 태우를 보호할 내부 동기가 생긴다.; 태우 80·중국 20 합작원칙과 리강 파벌의 보호이익이 합의된다.,베이징에서 리강에게 중국 백신합작 80대20과 파벌 이익을 제시한다; 리강 개인·파벌의 이익을 합작에 묶으면 정부정책이 바뀌어도 태우를 보호할 내부 동기가 생긴다; 태우 80·중국 20 합작원칙과 리강 파벌의 보호이익이 합의된다,베이징에서 리강과 80대20 합작·파벌 안전을 교환해 기술을 지키는 관계 협상이 중심이다,"베이징에서 리강과 80대20 합작비율, 파벌 안전을 맞바꾼다. 기술을 넘기지 않기 위한 지분선과 중국 권력층의 체면을 동시에 조율하는 대화가 길다.",보상은 실제 지급만 세어 8→7 판정; 훅은 마지막 프레임의 열린 질문만 세어 8→7 판정; L100195~L100359 수동 재독; 범용 중심·비중 문구를 장면 리듬으로 교체; L100195~L100359 수동 재독; 범용 중심·비중 문구를 장면 리듬으로 교체; L100195~L100359 수동 재독; 범용 중심·비중 문구를 장면 리듬으로 교체; L100195~L100359 수동 재독; 범용 중심·비중 문구를 장면 리듬으로 교체; L100195~L100359 수동 재독; 범용 중심·비중 문구를 장면 리듬으로 교체; L100195~L100359 수동 재독; 범용 중심·비중 문구를 장면 리듬으로 교체; L100195~L100359 수동 재독; 범용 중심·비중 문구를 장면 리듬으로 교체; L100195~L100359 수동 재독; 범용 중심·비중 문구를 장면 리듬으로 교체; L100195~L100359 수동 재독; 범용 중심·비중 문구를 장면 리듬으로 교체; L100195~L100359 수동 재독; 범용 중심·비중 문구를 장면 리듬으로 교체; L100195~L100359 수동 재독; 범용 중심·비중 문구를 장면 리듬으로 교체
574,574,L100360~L100529,PASS,PASS,PASS,4,4,6,6,7,7,0.36/0.17/0.13/0.07/0.27,0.36/0.17/0.13/0.07/0.27,무인택시·HBM·일본 슈퍼앱을 점검하고 아프리카 광물 협상안을 만든다,무인택시·HBM·슈퍼앱의 진척과 아프리카 협상용 투자·물류안이 정리된다.,아프리카연합이 인프라·백신 대가로 장기 광물권을 내줄지가 걸린다.,무인택시·HBM·일본 슈퍼앱을 점검하고 아프리카 광물 협상안을 만든다; 이종수는 세계 물류·자원수요가 터질 시점을 기다려 온 태우상사가 이제 날아오를 때임을 확신한다.; 무인택시·HBM·슈퍼앱의 진척과 아프리카 협상용 투자·물류안이 정리된다.,무인택시·HBM·일본 슈퍼앱을 점검하고 아프리카 광물 협상안을 만든다; 이종수는 세계 물류·자원수요가 터질 시점을 기다려 온 태우상사가 이제 날아오를 때임을 확신한다; 무인택시·HBM·슈퍼앱의 진척과 아프리카 협상용 투자·물류안이 정리된다,무인택시·HBM·슈퍼앱을 점검하고 아프리카 광물 협상안을 짜는 포트폴리오 숨 고르기다,무인택시·HBM·슈퍼앱을 점검하고 아프리카 광물 협상안을 짜는 포트폴리오 숨 고르기다,기존 점수·리본 유지; 원문 하드 경계와 인접 회차 대비 재확인
575,575,L100530~L100709,PASS,EDIT,PASS,7,7,8,8,8,6,0.20/0.15/0.31/0.12/0.22,0.20/0.15/0.31/0.12/0.22,아프리카연합에 인프라·자립·백신을 주고 장기 광물권을 받는다,백신·인프라 지원과 광물·에너지 장기권리를 맞바꾸는 아프리카연합 계약이 성립한다.,시장에 풀린 막대한 개인자금을 어떻게 흡수할지와 유럽 백신계약이 다음 과제로 남는다.,아프리카연합에 인프라·자립·백신을 주고 장기 광물권을 받는다; 세계가 양적완화·지원금을 뿌리는 시대라 직접지원 손실은 금융타워의 초대형 진공청소기로 회수할 수 있다.; 백신·인프라 지원과 광물·에너지 장기권리를 맞바꾸는 아프리카연합 계약이 성립한다.,아프리카연합에 인프라·자립·백신을 주고 장기 광물권을 받는다; 세계가 양적완화·지원금을 뿌리는 시대라 직접지원 손실은 금융타워의 초대형 진공청소기로 회수할 수 있다; 백신·인프라 지원과 광물·에너지 장기권리를 맞바꾸는 아프리카연합 계약이 성립한다,아프리카연합에 인프라·백신을 주고 장기 광물권을 받는 국가관계와 전략자산 거래다,아프리카연합에 인프라·백신을 주고 장기 광물권을 받는 국가관계와 전략자산 거래다,훅은 마지막 프레임의 열린 질문만 세어 8→6 판정
576,576,L100710~L100879,EDIT,EDIT,PASS,9,9,6,5,9,7,0.25/0.30/0.19/0.16/0.10,0.25/0.30/0.19/0.16/0.10,EU의 백신 생산·수출 봉쇄를 아프리카연합 규탄과 충전·독점규제 협상으로 되받는다,아프리카연합의 공개규탄과 EU 상대 산업·정책 압박안이 실행된다.,아프리카연합의 규탄과 산업협력 카드를 받은 EU가 생산·가격·정책에서 어떤 양보를 내놓을 것인가?,EU의 백신 생산·수출 봉쇄를 아프리카연합 규탄과 충전·독점규제 협상으로 되받는다; 전기차 충전표준과 반독점법 등 EU의 도움이 필요한 다음 거래가 많아 단순 보복보다 협상으로 묶을 이유가 생긴다.; 아프리카연합의 공개규탄과 EU 상대 산업·정책 압박안이 실행된다.,EU의 백신 생산·수출 봉쇄를 아프리카연합 규탄과 충전·독점규제 협상으로 되받는다; 전기차 충전표준과 반독점법 등 EU의 도움이 필요한 다음 거래가 많아 단순 보복보다 협상으로 묶을 이유가 생긴다; 아프리카연합의 공개규탄과 EU 상대 산업·정책 압박안이 실행된다,EU 수출봉쇄에 아프리카 규탄과 충전·독점규제 압박으로 되받아치는 외교 행동이 강하다,EU 수출봉쇄에 아프리카 규탄과 충전·독점규제 압박으로 되받아치는 외교 행동이 강하다,보상은 실제 지급만 세어 6→5 판정; 훅은 마지막 프레임의 열린 질문만 세어 9→7 판정
577,577,L100880~L101041,EDIT,EDIT,PASS,7,7,9,8,8,6,0.20/0.13/0.32/0.08/0.27,0.20/0.13/0.32/0.08/0.27,EU에 1달러 위탁생산을 허용하고 공공재 이미지를 앞세운다,"EU 1달러 위탁생산 계약과 유럽·아프리카 공급, 향후 정책협력 약속이 성립한다.",양적완화 지원금을 들고 망설이는 개인들을 주식시장으로 밀어 넣을 촉매는 무엇인가?,"EU에 1달러 위탁생산을 허용하고 공공재 이미지를 앞세운다; 생산비는 EU가 부담하고 태우는 공공재 이미지를 얻어 전기차·반독점 협상까지 유리해진다.; EU 1달러 위탁생산 계약과 유럽·아프리카 공급, 향후 정책협력 약속이 성립한다.","EU에 1달러 위탁생산을 허용하고 공공재 이미지를 앞세운다; 생산비는 EU가 부담하고 태우는 공공재 이미지를 얻어 전기차·반독점 협상까지 유리해진다; EU 1달러 위탁생산 계약과 유럽·아프리카 공급, 향후 정책협력 약속이 성립한다",EU 1달러 위탁생산으로 생산비를 넘기고 시장·정책 호의를 얻는 협상 결산이다,"EU가 1달러 위탁생산을 받아 생산비를 떠안고 센트리언은 기술소유권과 공공재 이미지를 지킨다. 후반에는 양적완화 지원금에 비해 주식시장 유입이 더딘 현상을 읽고, 망설이는 개인을 살짝 밀 촉매가 필요하다는 생각에서 멈춘다.","보상은 실제 지급만 세어 9→8 판정; 훅은 마지막 프레임의 열린 질문만 세어 8→6 판정; L100880~L101041 수동 재독; 회차 필드 경계 교정, 표본 note를 현재 화 표면으로 교정; L100880~L101041 수동 재독; 회차 필드 경계 교정, 표본 note를 현재 화 표면으로 교정; L100880~L101041 수동 재독; 회차 필드 경계 교정, 표본 note를 현재 화 표면으로 교정; L100880~L101041 수동 재독; 회차 필드 경계 교정, 표본 note를 현재 화 표면으로 교정; L100880~L101041 수동 재독; 회차 필드 경계 교정, 표본 note를 현재 화 표면으로 교정; L100880~L101041 수동 재독; 회차 필드 경계 교정, 표본 note를 현재 화 표면으로 교정; L100880~L101041 수동 재독; 회차 필드 경계 교정, 표본 note를 현재 화 표면으로 교정"
578,578,L101042~L101213,EDIT,EDIT,PASS,6,6,7,5,9,7,0.28/0.18/0.22/0.12/0.20,0.28/0.18/0.22/0.12/0.20,유가 감산 뒤 금융선을 정리하고 베릴을 개인투자자 영웅으로 키워 부양금을 증시로 끌어들일 작전을 설계한다.,베릴을 개인투자자 영웅으로 만드는 이미지 전략을 승인한다. 구체 종목·매수 캠페인과 대중 동원은 아직 전이다.,베릴이 실제 개인투자자를 모을 영웅으로 성장하고 어떤 시장전쟁의 얼굴이 될 것인가?,부양금이 증시로 몰릴 것을 보고 베릴을 개인투자자 영웅으로 키워 게임스핀을 겨냥한다; 개인 대 헤지펀드라는 선명한 서사가 젊은 투자자를 시장으로 끌어들일 점화장치가 된다.; 유가 감산으로 앞 금융선이 정리되고 베릴·게임스핀을 이용한 개인투자자 캠페인이 승인된다.,유가 감산 뒤 금융선을 정리하고 베릴을 개인투자자 영웅으로 키워 부양금을 증시로 끌어들일 작전을 설계한다; 개인 대 헤지펀드라는 선명한 서사가 젊은 투자자를 시장으로 끌어들일 점화장치가 된다; 베릴을 개인투자자 영웅으로 만드는 이미지 전략을 승인한다. 구체 종목·매수 캠페인과 대중 동원은 아직 전이다,OPEC 감산의 짧은 유가 후일담 뒤 베릴을 개인투자자 영웅으로 세울 서사·시장 전략을 연다,"감산 뒤 원유 금융선을 정리한 다음 베릴을 개인투자자의 영웅으로 만들 이미지 전략을 설계한다. 공매도 세력과 싸울 대상 종목은 아직 밝히지 않은 채 얼굴과 피해자 서사를 먼저 세우므로, 성과보다 한 사람을 시장전쟁의 상징으로 빚는 준비가 길다.","보상은 실제 지급만 세어 7→5 판정; 훅은 마지막 프레임의 열린 질문만 세어 9→7 판정; L101042~L101213 수동 재독; 점수·리본 유지, 기계적 note만 장면별 편집문으로 교체; L101042~L101213 수동 재독; 기계적 note를 장면별 편집문으로 교체; L101042~L101213 수동 재독; 기계적 note를 장면별 편집문으로 교체; L101042~L101213 수동 재독; 회차 필드 경계 교정, 기계적 note를 장면별 편집문으로 교체; L101042~L101213 수동 재독; 회차 필드 경계 교정, 기계적 note를 장면별 편집문으로 교체; L101042~L101213 수동 재독; 회차 필드 경계 교정, 기계적 note를 장면별 편집문으로 교체; L101042~L101213 수동 재독; 회차 필드 경계 교정, 기계적 note를 장면별 편집문으로 교체; L101042~L101213 수동 재독; 회차 필드 경계 교정, 기계적 note를 장면별 편집문으로 교체; L101042~L101213 수동 재독; 회차 필드 경계 교정, 기계적 note를 장면별 편집문으로 교체; L101042~L101213 수동 재독; 회차 필드 경계 교정, 기계적 note를 장면별 편집문으로 교체; L101042~L101213 수동 재독; 회차 필드 경계 교정, 기계적 note를 장면별 편집문으로 교체; L101042~L101213 수동 재독; 회차 필드 경계 교정, 기계적 note를 장면별 편집문으로 교체; L101042~L101213 수동 재독; 회차 필드 경계 교정, 기계적 note를 장면별 편집문으로 교체"
579,579,L101214~L101381,EDIT,EDIT,PASS,7,7,7,5,8,7,0.21/0.29/0.18/0.13/0.19,0.21/0.29/0.18/0.13/0.19,태우가 보유한 게임스핀 300만 주와 베릴의 이미지 성과를 확인하고 개인투자자 작전에 결합할 준비를 한다.,태우의 게임스핀 300만 주 보유와 베릴 홍보망을 한 작전에 쓸 기반을 확인한다. 실제 대중 매수 캠페인과 주가상승은 아직 전이다.,베릴의 홍보망과 게임스핀 지분을 실제 개인투자자 매수세로 연결할 수 있는가?,태우가 보유한 게임스핀 300만 주를 바탕으로 베릴의 매수 캠페인을 확산한다; 데이비드의 표정에서 베릴의 이미지 관리가 기대 이상으로 성공했다는 사실이 확인된다.; 태우의 게임스핀 300만 주 보유와 베릴 홍보망이 한 작전으로 결합된다.,태우가 보유한 게임스핀 300만 주와 베릴의 이미지 성과를 확인하고 개인투자자 작전에 결합할 준비를 한다; 데이비드의 표정에서 베릴의 이미지 관리가 기대 이상으로 성공했다는 사실이 확인된다; 태우의 게임스핀 300만 주 보유와 베릴 홍보망을 한 작전에 쓸 기반을 확인한다. 실제 대중 매수 캠페인과 주가상승은 아직 전이다,게임스핀 300만 주를 베릴 캠페인에 붙여 소액투자자 매수를 실제 시장 행동으로 키운다,"태우가 가진 게임스핀 300만 주와 베릴의 홍보 성과를 맞춰 개인투자자 작전에 쓸 수 있는지 점검한다. 지분과 인물은 준비됐지만 대중 캠페인과 주가 반응은 없어, 행동 직전의 조합 확인이 보상보다 긴 시간을 차지한다.","보상은 실제 지급만 세어 7→5 판정; 훅은 마지막 프레임의 열린 질문만 세어 8→7 판정; L101214~L101381 수동 재독; 점수·리본 유지, 기계적 note만 장면별 편집문으로 교체; L101214~L101381 수동 재독; 기계적 note를 장면별 편집문으로 교체; L101214~L101381 수동 재독; 기계적 note를 장면별 편집문으로 교체; L101214~L101381 수동 재독; 기계적 note를 장면별 편집문으로 교체; L101214~L101381 수동 재독; 기계적 note를 장면별 편집문으로 교체; L101214~L101381 수동 재독; 기계적 note를 장면별 편집문으로 교체; L101214~L101381 수동 재독; 기계적 note를 장면별 편집문으로 교체; L101214~L101381 수동 재독; 기계적 note를 장면별 편집문으로 교체; L101214~L101381 수동 재독; 기계적 note를 장면별 편집문으로 교체; L101214~L101381 수동 재독; 기계적 note를 장면별 편집문으로 교체; L101214~L101381 수동 재독; 기계적 note를 장면별 편집문으로 교체; L101214~L101381 수동 재독; 기계적 note를 장면별 편집문으로 교체; L101214~L101381 수동 재독; 기계적 note를 장면별 편집문으로 교체"
580,580,L101382~L101561,EDIT,EDIT,PASS,5,5,7,6,8,7,0.24/0.12/0.26/0.13/0.25,0.24/0.12/0.26/0.13/0.25,한국의 G11 초청안 대신 독립된 G8·G9 위상을 요구하고 백신외교를 밀어붙인다,한국의 독립 회원국 지위를 요구하는 G7+ 협상방침과 최재석 지원이 확정된다.,백신외교의 사전작업을 한국의 독립된 G7+ 상설가입과 최재석의 재선 성과로 실제 결산할 수 있는가?,한국의 G11 초청안 대신 독립된 G8·G9 위상을 요구하고 백신외교를 밀어붙인다; 최재석에게 G7 합류는 재선 뒤 마지막 퍼즐이며 김민재는 이미 사전작업을 끝낸 상태다.; 한국의 독립 회원국 지위를 요구하는 G7+ 협상방침과 최재석 지원이 확정된다.,한국의 G11 초청안 대신 독립된 G8·G9 위상을 요구하고 백신외교를 밀어붙인다; 최재석에게 G7 합류는 재선 뒤 마지막 퍼즐이며 김민재는 이미 사전작업을 끝낸 상태다; 한국의 독립 회원국 지위를 요구하는 G7+ 협상방침과 최재석 지원이 확정된다,한국의 독립된 G8·G9 지위를 요구하는 외교선과 베릴 성장 보상이 병렬로 놓인다,한국의 독립된 G8·G9 지위를 요구하는 외교선과 베릴 성장 보상이 병렬로 놓인다,보상은 실제 지급만 세어 7→6 판정; 훅은 마지막 프레임의 열린 질문만 세어 8→7 판정
581,581,L101562~L101723,EDIT,EDIT,PASS,8,8,8,7,9,8,0.19/0.32/0.14/0.18/0.17,0.19/0.32/0.14/0.18/0.17,헬리콥터 머니 속 베릴 100만 구독자와 게임스핀 8달러 상승을 확인한다,"베릴 구독자 100만과 게임스핀 8달러 상승, 개인투자자 유입이 확인된다.",베릴 100만 구독자와 게임스핀 8달러 상승에 맞서 공매도를 키운 헤지펀드가 어떤 제한·역공을 걸어올 것인가?,"헬리콥터 머니 속 베릴 100만 구독자와 게임스핀 8달러 상승을 확인한다; 오만한 헤지펀드가 반격규모를 키울수록 훗날 손실도 더 커지는 역설이 작동한다.; 베릴 구독자 100만과 게임스핀 8달러 상승, 개인투자자 유입이 확인된다.","헬리콥터 머니 속 베릴 100만 구독자와 게임스핀 8달러 상승을 확인한다; 오만한 헤지펀드가 반격규모를 키울수록 훗날 손실도 더 커지는 역설이 작동한다; 베릴 구독자 100만과 게임스핀 8달러 상승, 개인투자자 유입이 확인된다",베릴 100만 구독자와 게임스핀 8달러 상승으로 개미 반란이 실제 시장사건이 된다,베릴 100만 구독자와 게임스핀 8달러 상승으로 개미 반란이 실제 시장사건이 된다,보상은 실제 지급만 세어 8→7 판정; 훅은 마지막 프레임의 열린 질문만 세어 9→8 판정
582,582,L101724~L101897,EDIT,EDIT,PASS,5,5,7,7,9,7,0.20/0.17/0.33/0.08/0.22,0.20/0.17/0.33/0.08/0.22,삼진바이오 오용재에게 불리한 백신 위탁생산을 맡기고 레거시칩 정보를 보상한다,삼진바이오 백신 위탁생산과 레거시칩 증산 정보가 교환된다.,"오용재가 백신 위탁생산과 레거시칩 조언을 받아 어떤 선택을 하고, 태우와 삼진의 제한된 동맹을 실행할 것인가?",삼진바이오 오용재에게 불리한 백신 위탁생산을 맡기고 레거시칩 정보를 보상한다; 태우에 손해 없는 범위까지만 조언하고 선택은 오용재에게 넘겨 동맹과 경쟁의 선이 유지된다.; 삼진바이오 백신 위탁생산과 레거시칩 증산 정보가 교환된다.,삼진바이오 오용재에게 불리한 백신 위탁생산을 맡기고 레거시칩 정보를 보상한다; 태우에 손해 없는 범위까지만 조언하고 선택은 오용재에게 넘겨 동맹과 경쟁의 선이 유지된다; 삼진바이오 백신 위탁생산과 레거시칩 증산 정보가 교환된다,오용재에게 불리한 백신 위탁을 맡기고 레거시칩 정보를 보상해 국내 동맹관계가 중심이다,오용재에게 불리한 백신 위탁을 맡기고 레거시칩 정보를 보상으로 건넨다. 손해를 감수한 국내 동맹이 다음 반도체 기회를 받는 상호부조로 돌아온다.,훅은 마지막 프레임의 열린 질문만 세어 9→7 판정; L101724~L101897 수동 재독; 범용 중심·비중 문구를 장면 리듬으로 교체; L101724~L101897 수동 재독; 범용 중심·비중 문구를 장면 리듬으로 교체; L101724~L101897 수동 재독; 범용 중심·비중 문구를 장면 리듬으로 교체; L101724~L101897 수동 재독; 범용 중심·비중 문구를 장면 리듬으로 교체; L101724~L101897 수동 재독; 범용 중심·비중 문구를 장면 리듬으로 교체; L101724~L101897 수동 재독; 범용 중심·비중 문구를 장면 리듬으로 교체; L101724~L101897 수동 재독; 범용 중심·비중 문구를 장면 리듬으로 교체; L101724~L101897 수동 재독; 범용 중심·비중 문구를 장면 리듬으로 교체; L101724~L101897 수동 재독; 범용 중심·비중 문구를 장면 리듬으로 교체; L101724~L101897 수동 재독; 범용 중심·비중 문구를 장면 리듬으로 교체; L101724~L101897 수동 재독; 범용 중심·비중 문구를 장면 리듬으로 교체
583,583,L101898~L102092,EDIT,EDIT,PASS,10,8,10,9,9,6,0.13/0.43/0.08/0.24/0.12,0.13/0.43/0.08/0.24/0.12,게임스핀 200~370달러 전투와 로빈후드 제한에 한국 개미까지 합류시킨다,헤지펀드가 수백억 달러를 잃고 사과하며 베릴은 300만 구독자의 월가 영웅이 된다.,게임스핀 최종전으로 얻은 베릴의 세계적 금융브랜드를 다음에는 어디에 쓸 것인가?,게임스핀 200~370달러 전투와 로빈후드 제한에 한국 개미까지 합류시킨다; 플랫폼 제한이 오히려 세계 개미의 분노와 결집을 키워 헤지펀드의 방어를 무너뜨린다.; 헤지펀드가 수백억 달러를 잃고 사과하며 베릴은 300만 구독자의 월가 영웅이 된다.,게임스핀 200~370달러 전투와 로빈후드 제한에 한국 개미까지 합류시킨다; 플랫폼 제한이 오히려 세계 개미의 분노와 결집을 키워 헤지펀드의 방어를 무너뜨린다; 헤지펀드가 수백억 달러를 잃고 사과하며 베릴은 300만 구독자의 월가 영웅이 된다,게임스핀 200~370달러 급등과 매수 제한 속 한국 개미까지 합류해 시장전투가 최고조다,게임스핀 200~370달러 급등과 매수 제한 속 한국 개미까지 합류해 시장전투가 최고조다,긴장은 이 화에서 실제 맞닥뜨린 압박을 기준으로 10→8 판정; 보상은 실제 지급만 세어 10→9 판정; 훅은 마지막 프레임의 열린 질문만 세어 9→6 판정
584,584,L102093~L102272,EDIT,EDIT,PASS,7,7,7,5,9,7,0.36/0.17/0.13/0.08/0.26,0.36/0.17/0.13/0.08/0.26,미국 칩수출 제한을 인텔 NAND 인수기회로 판단하고 바이든의 중국 팹 유예와 인텔 가격협상을 위해 미국 방문을 정한다.,미국 방문과 중국 팹 규제유예·인텔 NAND 가격협상 방침을 정한다. 유예기간·매입가격·계약은 아직 전이다.,미국 방문에서 중국 팹 규제유예와 인텔 NAND 가격을 실제 합의할 수 있는가?,"3억 명 접종·변이 샘플을 확인하고 미국 칩수출 제한을 이용해 인텔 NAND를 노린다; 트럼프와 바이든 양쪽에게 규제제외를 얻는다면 15억 달러 이상 싸게 살 수 있다는 조건이 선다.; 미국 방문과 인텔 협상 방침, 중국 팹 유예 요구안이 확정된다.",미국 칩수출 제한을 인텔 NAND 인수기회로 판단하고 바이든의 중국 팹 유예와 인텔 가격협상을 위해 미국 방문을 정한다; 트럼프와 바이든 양쪽에게 규제제외를 얻는다면 15억 달러 이상 싸게 살 수 있다는 조건이 선다; 미국 방문과 중국 팹 규제유예·인텔 NAND 가격협상 방침을 정한다. 유예기간·매입가격·계약은 아직 전이다,3억 명 접종과 변이 표본을 점검한 뒤 미국 칩 규제로 인텔 낸드를 노리는 전략 전환 회차다,"백신 3억 명 접종 뒤 해운운임·남아공 변이 대응을 점검하다, 핸더슨 대사가 중국 공장 규제 위험을 안은 인텔 NAND 인수를 제안한다. 김민재는 차기 정권의 규제 제외와 가격을 직접 협상하려 미국행을 정할 뿐 유예기간·매입가는 아직 제시되지 않는다.","보상은 실제 지급만 세어 7→5 판정; 훅은 마지막 프레임의 열린 질문만 세어 9→7 판정; L102093~L102272 수동 재독; 점수·리본 유지, 기계적 note만 장면별 편집문으로 교체; L102093~L102272 수동 재독; 기계적 note를 장면별 편집문으로 교체; L102093~L102272 수동 재독; 기계적 note를 장면별 편집문으로 교체; L102093~L102272 수동 재독; 회차 필드 경계 교정, 기계적 note를 장면별 편집문으로 교체; L102093~L102272 수동 재독; 회차 필드 경계 교정, 기계적 note를 장면별 편집문으로 교체; L102093~L102272 수동 재독; 회차 필드 경계 교정, 기계적 note를 장면별 편집문으로 교체; L102093~L102272 수동 재독; 회차 필드 경계 교정, 기계적 note를 장면별 편집문으로 교체; L102093~L102272 수동 재독; 회차 필드 경계 교정, 기계적 note를 장면별 편집문으로 교체; L102093~L102272 수동 재독; 회차 필드 경계 교정, 기계적 note를 장면별 편집문으로 교체; L102093~L102272 수동 재독; 회차 필드 경계 교정, 기계적 note를 장면별 편집문으로 교체; L102093~L102272 수동 재독; 회차 필드 경계 교정, 기계적 note를 장면별 편집문으로 교체; L102093~L102272 수동 재독; 회차 필드 경계 교정, 기계적 note를 장면별 편집문으로 교체; L102093~L102272 수동 재독; 회차 필드 경계 교정, 기계적 note를 장면별 편집문으로 교체"
585,585,L102273~L102428,EDIT,EDIT,PASS,7,7,9,8,8,7,0.22/0.13/0.31/0.07/0.27,0.22/0.13/0.31/0.07/0.27,바이든에게 중국 팹 4년 유예를 얻고 밥 스웬과 NAND 75억 달러 매입을 합의한다,중국 팹 4년 유예와 인텔 NAND 75억 달러 매입합의가 성립된다.,75억 달러 매입합의를 실제 소유권 이전·통합으로 닫고 NAND를 어떤 성장자산으로 재배치할 것인가?,바이든에게 중국 팹 4년 유예를 얻고 밥 스웬과 NAND 75억 달러 매입을 합의한다; 반도체대란 직전이라도 유예가 있으면 원래값보다 최소 15억 달러 싸게 산 선택이 유효해진다.; 중국 팹 4년 유예와 인텔 NAND 75억 달러 매입합의가 성립된다.,바이든에게 중국 팹 4년 유예를 얻고 밥 스웬과 NAND 75억 달러 매입을 합의한다; 반도체대란 직전이라도 유예가 있으면 원래값보다 최소 15억 달러 싸게 산 선택이 유효해진다; 중국 팹 4년 유예와 인텔 NAND 75억 달러 매입합의가 성립된다,바이든의 중국 팹 4년 유예와 인텔 낸드 75억 달러를 맞바꾸는 정책관계·자산 협상이다,"바이든에게 중국 팹 규제 4년 유예를 받아낸 뒤 밥 스웬과 인텔 NAND 75억 달러 매입에 합의한다. 연속 협상의 관계·자산 보상은 크지만 소유권 이전과 통합은 남아, NAND를 어떤 성장자산으로 바꿀지가 마지막 실무 질문이다.","보상은 실제 지급만 세어 9→8 판정; 훅은 마지막 프레임의 열린 질문만 세어 8→7 판정; L102273~L102428 수동 재독; 점수·리본 유지, 기계적 note만 장면별 편집문으로 교체; L102273~L102428 수동 재독; 기계적 note를 장면별 편집문으로 교체; L102273~L102428 수동 재독; 기계적 note를 장면별 편집문으로 교체; L102273~L102428 수동 재독; 기계적 note를 장면별 편집문으로 교체; L102273~L102428 수동 재독; 기계적 note를 장면별 편집문으로 교체; L102273~L102428 수동 재독; 기계적 note를 장면별 편집문으로 교체; L102273~L102428 수동 재독; 기계적 note를 장면별 편집문으로 교체; L102273~L102428 수동 재독; 기계적 note를 장면별 편집문으로 교체; L102273~L102428 수동 재독; 기계적 note를 장면별 편집문으로 교체; L102273~L102428 수동 재독; 기계적 note를 장면별 편집문으로 교체; L102273~L102428 수동 재독; 기계적 note를 장면별 편집문으로 교체; L102273~L102428 수동 재독; 기계적 note를 장면별 편집문으로 교체; L102273~L102428 수동 재독; 기계적 note를 장면별 편집문으로 교체"
586,586,L102429~L102578,EDIT,EDIT,PASS,5,5,8,7,7,7,0.24/0.16/0.34/0.07/0.19,0.24/0.16/0.34/0.07/0.19,머스크와 T 충전표준·전기차 동맹의 기본구조를 합의하고 EU·미국·한국 완성차를 설득할 계획을 세운다.,머스크와 T 충전표준·전기차 동맹 설계에 합의한다. 다른 미국·EU·한국 기업의 가입은 아직 전이다.,EU·미국·한국 완성차를 실제 설득해 T 규격 아래 다국적 전기차 동맹을 만들 수 있는가?,머스크와 미·EU·한국 전기차 동맹·충전표준을 만든다; 반도체 부족을 해결할 유일한 공급자가 태우라 결국 다른 회사들이 손을 잡을 수밖에 없는 힘이 확인된다.; 머스크와 전기차 동맹·T 충전표준의 기본구조가 합의된다.,머스크와 T 충전표준·전기차 동맹의 기본구조를 합의하고 EU·미국·한국 완성차를 설득할 계획을 세운다; 반도체 부족을 해결할 유일한 공급자가 태우라 결국 다른 회사들이 손을 잡을 수밖에 없는 힘이 확인된다; 머스크와 T 충전표준·전기차 동맹 설계에 합의한다. 다른 미국·EU·한국 기업의 가입은 아직 전이다,머스크와 미국·EU·한국 전기차 동맹과 T 충전표준을 만들어 기업관계가 시장규칙이 된다,"머스크와 T 충전표준 및 전기차 동맹의 기본구조를 맞추는 대화가 중심을 잡는다. 두 사람의 합의 뒤 EU·미국·한국 완성차 설득 명단을 펼치므로, 단일 관계의 지급이 다국적 가입이라는 느린 확장 과제로 이어진다.","보상은 실제 지급만 세어 8→7 판정; L102429~L102578 수동 재독; 점수·리본 유지, 기계적 note만 장면별 편집문으로 교체; L102429~L102578 수동 재독; 기계적 note를 장면별 편집문으로 교체; L102429~L102578 수동 재독; 기계적 note를 장면별 편집문으로 교체; L102429~L102578 수동 재독; 기계적 note를 장면별 편집문으로 교체; L102429~L102578 수동 재독; 기계적 note를 장면별 편집문으로 교체; L102429~L102578 수동 재독; 기계적 note를 장면별 편집문으로 교체; L102429~L102578 수동 재독; 기계적 note를 장면별 편집문으로 교체; L102429~L102578 수동 재독; 기계적 note를 장면별 편집문으로 교체; L102429~L102578 수동 재독; 기계적 note를 장면별 편집문으로 교체; L102429~L102578 수동 재독; 기계적 note를 장면별 편집문으로 교체; L102429~L102578 수동 재독; 기계적 note를 장면별 편집문으로 교체; L102429~L102578 수동 재독; 기계적 note를 장면별 편집문으로 교체; L102429~L102578 수동 재독; 기계적 note를 장면별 편집문으로 교체"
587,587,L102579~L102728,EDIT,PASS,PASS,4,4,6,6,7,7,0.37/0.17/0.12/0.06/0.28,0.37/0.17/0.12/0.06/0.28,NAND를 AI 저장장치로 재정의하고 웨이·천민정에게 초대형 데이터센터를 맡긴다,60~70조 원 초대형 데이터센터와 NAND 활용계획을 승인한다. 센터 건설·가동과 세계 1위 성과는 아직 전이다.,60~70조 원 데이터센터를 실제 건설하고 NAND·AI·금융정보를 묶은 성과로 바꿀 수 있는가?,NAND를 AI 저장장치로 재정의하고 웨이·천민정에게 초대형 데이터센터를 맡긴다; 그 투자가 성공하면 태우와 금융계열사가 몇 배 커져 한 부회장이 세계 1위 그룹 부회장이 된다는 미래가 선다.; 60~70조 원 초대형 데이터센터와 NAND 활용계획이 승인된다.,NAND를 AI 저장장치로 재정의하고 웨이·천민정에게 초대형 데이터센터를 맡긴다; 그 투자가 성공하면 태우와 금융계열사가 몇 배 커져 한 부회장이 세계 1위 그룹 부회장이 된다는 미래가 선다; 60~70조 원 초대형 데이터센터와 NAND 활용계획을 승인한다. 센터 건설·가동과 세계 1위 성과는 아직 전이다,NAND를 AI 저장장치로 재정의하고 60~70조 데이터센터를 승인해 기술설명과 투자비가 크다,"인텔에서 살 NAND를 단순 저장장치가 아니라 AI 데이터의 그릇으로 다시 정의하고 웨이·천민정에게 60~70조 원 데이터센터를 맡긴다. 거대한 숫자와 용도 설계는 선명하지만 착공·가동은 없어, 회차는 물질 지급보다 장기 자본 배치에 머문다.","기존 점수·리본 유지; 원문 하드 경계와 인접 회차 대비 재확인; L102579~L102728 수동 재독; 점수·리본 유지, 기계적 note만 장면별 편집문으로 교체; L102579~L102728 수동 재독; 기계적 note를 장면별 편집문으로 교체; L102579~L102728 수동 재독; 기계적 note를 장면별 편집문으로 교체; L102579~L102728 수동 재독; 기계적 note를 장면별 편집문으로 교체; L102579~L102728 수동 재독; 기계적 note를 장면별 편집문으로 교체; L102579~L102728 수동 재독; 기계적 note를 장면별 편집문으로 교체; L102579~L102728 수동 재독; 기계적 note를 장면별 편집문으로 교체; L102579~L102728 수동 재독; 기계적 note를 장면별 편집문으로 교체; L102579~L102728 수동 재독; 기계적 note를 장면별 편집문으로 교체; L102579~L102728 수동 재독; 기계적 note를 장면별 편집문으로 교체; L102579~L102728 수동 재독; 기계적 note를 장면별 편집문으로 교체; L102579~L102728 수동 재독; 기계적 note를 장면별 편집문으로 교체; L102579~L102728 수동 재독; 기계적 note를 장면별 편집문으로 교체"
588,588,L102729~L102918,EDIT,EDIT,PASS,5,5,8,5,8,7,0.35/0.20/0.12/0.07/0.26,0.35/0.20/0.12/0.07/0.26,센트리언 실적·변이백신·비만약·병원AI를 점검하고 중국 유휴 반도체 장비의 소유주·반출경로를 찾아 인도·베트남 배치를 추진한다.,센트리언 성장성과와 중국 장비의 반출대상·배치안을 확인한다. 장비 매입·반출·인도는 아직 전이다.,중국 팹 소유주들이 장비 매각·반출에 응하고 인도·베트남 공장으로 실제 옮길 수 있는가?,센트리언 실적·변이백신·비만약·병원AI를 점검하고 중국 유휴 장비를 인도·베트남으로 빼낸다; 중국 팹의 사실상 새 장비를 빼내면 제한된 글로벌 장비시장을 거치지 않고 부족분을 채울 수 있다.; 센트리언 성장성과와 중국 장비 반출대상·인도·베트남 배치안이 확인된다.,센트리언 실적·변이백신·비만약·병원AI를 점검하고 중국 유휴 반도체 장비의 소유주·반출경로를 찾아 인도·베트남 배치를 추진한다; 중국 팹의 사실상 새 장비를 빼내면 제한된 글로벌 장비시장을 거치지 않고 부족분을 채울 수 있다; 센트리언 성장성과와 중국 장비의 반출대상·배치안을 확인한다. 장비 매입·반출·인도는 아직 전이다,센트리언 실적·변이백신·병원AI를 점검하고 중국 유휴 장비를 해외 팹으로 돌린다,센트리언의 변이백신·비만약·병원 AI 실적을 차례로 확인한 뒤 중국 유휴 반도체 장비의 소유주와 반출경로를 찾는다. 인도·베트남 배치안까지 세우지만 매입·반출·인도는 아직이라 여러 산업의 현황표를 빠르게 넘기는 점검 리듬이다.,"보상은 실제 지급만 세어 8→5 판정; 훅은 마지막 프레임의 열린 질문만 세어 8→7 판정; L102729~L102918 수동 재독; 점수·리본 유지, 기계적 note만 장면별 편집문으로 교체; L102729~L102918 수동 재독; 기계적 note를 장면별 편집문으로 교체; L102729~L102918 수동 재독; 기계적 note를 장면별 편집문으로 교체; L102729~L102918 수동 재독; 기계적 note를 장면별 편집문으로 교체; L102729~L102918 수동 재독; 기계적 note를 장면별 편집문으로 교체; L102729~L102918 수동 재독; 기계적 note를 장면별 편집문으로 교체; L102729~L102918 수동 재독; 기계적 note를 장면별 편집문으로 교체; L102729~L102918 수동 재독; 기계적 note를 장면별 편집문으로 교체; L102729~L102918 수동 재독; 기계적 note를 장면별 편집문으로 교체; L102729~L102918 수동 재독; 기계적 note를 장면별 편집문으로 교체; L102729~L102918 수동 재독; 기계적 note를 장면별 편집문으로 교체; L102729~L102918 수동 재독; 기계적 note를 장면별 편집문으로 교체; L102729~L102918 수동 재독; 기계적 note를 장면별 편집문으로 교체"
589,589,L102919~L103092,EDIT,EDIT,PASS,8,8,5,4,9,8,0.30/0.13/0.31/0.19/0.07,0.30/0.13/0.31/0.19/0.07,CIA의 북한 백신 100만~2천만 회분 요청과 에이든의 침묵을 받아 의도를 의심하고 지원 여부를 보류한다.,북한 백신 요청 규모와 CIA 통로의 존재를 확인한다. 지원 결정과 장남 관련 정보는 아직 없다.,"CIA 요청의 실제 의도를 확인한 뒤 백신을 보낼지, 북한 권력변수에 개입할지 결정할 수 있는가?",CIA의 북한 백신 100만~2천만 회분 요청을 받아 장남 생존선을 조사한다; 에이든이 갑자기 입을 닫으면서 CIA도 백신으로 현 권력구도를 흔들 의도가 있을 가능성이 드러난다.; 북한 백신요청과 장남 생존선에 대한 정보수집이 시작되지만 지원결정은 유예된다.,CIA의 북한 백신 100만~2천만 회분 요청과 에이든의 침묵을 받아 의도를 의심하고 지원 여부를 보류한다; 요청량과 에이든의 반응은 확인되지만 CIA의 정확한 의도·장남 생존선은 아직 추정일 뿐이다; 북한 백신 요청 규모와 CIA 통로의 존재를 확인한다. 지원 결정과 장남 관련 정보는 아직 없다,CIA의 북한 백신 요청을 받으며 과거 살린 장남의 생존선과 정치 파장을 조심스럽게 탐색한다,"CIA가 북한 백신 100만~2천만 회분을 요청하고 에이든이 이유를 말하지 않자 김민재가 지원 결정을 보류한다. 물량 숫자보다 침묵과 의심이 오래 남고, 장남 관련 권력정보를 확인하기 전에는 백신도 개입도 지급하지 않는 긴장 회차다.","보상은 실제 지급만 세어 5→4 판정; 훅은 마지막 프레임의 열린 질문만 세어 9→8 판정; L102919~L103092 수동 재독; 점수·리본 유지, 기계적 note만 장면별 편집문으로 교체; L102919~L103092 수동 재독; 기계적 note를 장면별 편집문으로 교체; L102919~L103092 수동 재독; 기계적 note를 장면별 편집문으로 교체; L102919~L103092 수동 재독; 기계적 note를 장면별 편집문으로 교체; L102919~L103092 수동 재독; 기계적 note를 장면별 편집문으로 교체; L102919~L103092 수동 재독; 기계적 note를 장면별 편집문으로 교체; L102919~L103092 수동 재독; 기계적 note를 장면별 편집문으로 교체; L102919~L103092 수동 재독; 기계적 note를 장면별 편집문으로 교체; L102919~L103092 수동 재독; 기계적 note를 장면별 편집문으로 교체; L102919~L103092 수동 재독; 기계적 note를 장면별 편집문으로 교체; L102919~L103092 수동 재독; 기계적 note를 장면별 편집문으로 교체; L102919~L103092 수동 재독; 기계적 note를 장면별 편집문으로 교체; L102919~L103092 수동 재독; 기계적 note를 장면별 편집문으로 교체"
590,590,L103093~L103264,EDIT,EDIT,PASS,8,8,8,8,8,7,0.22/0.34/0.09/0.11/0.24,0.22/0.34/0.09/0.11/0.24,이준수가 중국 보조금 팹 장비를 암호화폐로 태우에 넘기게 한다,중국 보조금으로 산 반도체 장비의 암호화폐 매매·태우 이전이 성립된다.,암호화폐 매매경로로 중국 보조금 장비를 실제 반출·설치해 해외 팹의 생산설비로 바꿀 수 있는가?,이준수가 중국 보조금 팹 장비를 암호화폐로 태우에 넘기게 한다; 돈이 목적이던 사기꾼들은 반도체 굴기 목적을 잊고 새 장비를 팔아 중국 보조금을 태우로 흘린다.; 중국 보조금으로 산 반도체 장비의 암호화폐 매매·태우 이전이 성립된다.,이준수가 중국 보조금 팹 장비를 암호화폐로 태우에 넘기게 한다; 돈이 목적이던 사기꾼들은 반도체 굴기 목적을 잊고 새 장비를 팔아 중국 보조금을 태우로 흘린다; 중국 보조금으로 산 반도체 장비의 암호화폐 매매·태우 이전이 성립된다,이준수가 중국 보조금 팹 장비를 암호화폐로 넘기게 해 가짜사업을 실제 설비로 회수한다,이준수가 중국 보조금 팹 장비를 암호화폐로 넘기게 해 가짜사업을 실제 설비로 회수한다,훅은 마지막 프레임의 열린 질문만 세어 8→7 판정
591,591,L103265~L103426,PASS,EDIT,PASS,5,5,6,6,8,7,0.32/0.11/0.28/0.10/0.19,0.32/0.11/0.28/0.10/0.19,최재석 우세와 연기된 G7을 점검하고 EU의 차량용칩 요구를 협상 카드로 삼는다,EU 완성차 대표 회동과 G7+ 협상용 반도체 카드가 준비된다.,다음 날 유럽 완성차 대표들이 차량용반도체·충전시스템을 조건으로 태우식 자동차 동맹에 들어올 것인가?,최재석 우세와 연기된 G7을 점검하고 EU의 차량용칩 요구를 협상 카드로 삼는다; 배고픈 유럽 자동차사에 차량용칩을 배분하면 좋은 결과를 끌어낼 수 있다는 교섭우위가 확인된다.; EU 완성차 대표 회동과 G7+ 협상용 반도체 카드가 준비된다.,최재석 우세와 연기된 G7을 점검하고 EU의 차량용칩 요구를 협상 카드로 삼는다; 배고픈 유럽 자동차사에 차량용칩을 배분하면 좋은 결과를 끌어낼 수 있다는 교섭우위가 확인된다; EU 완성차 대표 회동과 G7+ 협상용 반도체 카드가 준비된다,최재석 우세·연기된 G7·EU 차량용칩 요구를 읽어 국가 위상 협상판을 여는 정보 회차다,"최재석의 대선 우세와 미뤄진 G7 일정을 점검한 뒤 미쉘에게 차량용 반도체와 충전시스템을 유럽 협상 카드로 제시한다. EU의 조건부 허가와 다음 날 완성차 대표 회동 일정까지만 잡혀 있어, 실제 동맹·G7+ 가입보다 칩 배분권의 교섭우위가 남는다.","훅은 마지막 프레임의 열린 질문만 세어 8→7 판정; L103265~L103426 수동 재독; 회차 필드 경계 교정; L103265~L103426 수동 재독; 회차 필드 경계 교정; L103265~L103426 수동 재독; 회차 필드 경계 교정; L103265~L103426 수동 재독; 회차 필드 경계 교정; L103265~L103426 수동 재독; 회차 필드 경계 교정; L103265~L103426 수동 재독; 회차 필드 경계 교정; L103265~L103426 수동 재독; 회차 필드 경계 교정; L103265~L103426 수동 재독; 회차 필드 경계 교정, 고정 39화 표본 note를 원문 장면·말미 기준으로 교정; L103265~L103426 수동 재독; 회차 필드 경계 교정, 고정 39화 표본 note를 원문 장면·말미 기준으로 교정; L103265~L103426 수동 재독; 회차 필드 경계 교정, 고정 39화 표본 note를 원문 장면·말미 기준으로 교정"
592,592,L103427~L103586,PASS,PASS,PASS,7,7,8,8,8,8,0.24/0.13/0.36/0.07/0.20,0.24/0.13/0.36/0.07/0.20,유럽·미국·한국 기업을 GDC로 묶고 칩·배터리·충전망을 조건부 공급한다,유럽·미국·한국 기업의 GDC 동맹과 조건부 공급원칙이 성립된다.,이번 주 안에 GDC 회원사별 차량용반도체 공급량을 공평하게 정하고 동맹을 실제 가동할 수 있는가?,유럽·미국·한국 기업을 GDC로 묶고 칩·배터리·충전망을 조건부 공급한다; GDC 창설은 세 지역 기업이 글로벌 자동차시장을 독점하겠다는 공개 선전포고가 된다.; 유럽·미국·한국 기업의 GDC 동맹과 조건부 공급원칙이 성립된다.,유럽·미국·한국 기업을 GDC로 묶고 칩·배터리·충전망을 조건부 공급한다; GDC 창설은 세 지역 기업이 글로벌 자동차시장을 독점하겠다는 공개 선전포고가 된다; 유럽·미국·한국 기업의 GDC 동맹과 조건부 공급원칙이 성립된다,유럽·미국·한국 기업을 GDC로 묶고 칩·배터리·충전망을 조건부 공급해 동맹관계가 지배한다,유럽·미국·한국 완성차사를 GDC로 묶고 차량용 칩·배터리·충전망을 조건부로 나누기로 한다. 공급부족을 겪던 경쟁사들이 같은 규칙표를 받아들이며 동맹이 조직 이름과 회원사를 얻는다.,"기존 점수·리본 유지; 원문 하드 경계와 인접 회차 대비 재확인; L103427~L103586 수동 재독; 회차 필드 경계 교정; L103427~L103586 수동 재독; 회차 필드 경계 교정; L103427~L103586 수동 재독; 회차 필드 경계 교정; L103427~L103586 수동 재독; 회차 필드 경계 교정; L103427~L103586 수동 재독; 회차 필드 경계 교정; L103427~L103586 수동 재독; 회차 필드 경계 교정; L103427~L103586 수동 재독; 회차 필드 경계 교정; L103427~L103586 수동 재독; 회차 필드 경계 교정; L103427~L103586 수동 재독; 회차 필드 경계 교정, 편집 메타어를 실제 장면·숫자·사람 반응으로 교체; L103427~L103586 수동 재독; 회차 필드 경계 교정, 편집 메타어를 실제 장면·숫자·사람 반응으로 교체"
593,593,L103587~L103760,PASS,EDIT,PASS,7,7,10,9,8,6,0.18/0.12/0.25/0.19/0.26,0.18/0.12/0.25/0.19/0.26,G7 화상회의에서 한국·호주를 포함한 G7+를 만들고 변이백신을 추가 카드로 낸다,한국과 호주의 G7+ 가입이 회의에서 확정된다.,이제 집중할 전쟁이 러시아·우크라이나발 에너지·식량대란으로 교대한다.,G7 화상회의에서 한국·호주를 포함한 G7+를 만들고 변이백신을 추가 카드로 낸다; 변이백신이라는 추가카드까지 있어 한국의 기여를 거부하기 어려워진다.; 한국과 호주의 G7+ 가입이 회의에서 확정된다.,G7 화상회의에서 한국·호주를 포함한 G7+를 만들고 변이백신을 추가 카드로 낸다; 변이백신이라는 추가카드까지 있어 한국의 기여를 거부하기 어려워진다; 한국과 호주의 G7+ 가입이 회의에서 확정된다,G7 화상회의에서 한국·호주의 G7+ 가입이 확정돼 외교 신뢰와 국제 지위 보상이 높다,G7 화상회의에서 한국과 호주의 G7+ 가입이 확정된다. 앞선 차량용 반도체 카드가 국가 지위로 돌아와 국제회의의 표와 발표로 지급된다.,보상은 실제 지급만 세어 10→9 판정; 훅은 마지막 프레임의 열린 질문만 세어 8→6 판정; L103587~L103760 수동 재독; 편집 메타어를 실제 장면·숫자·사람 반응으로 교체; L103587~L103760 수동 재독; 편집 메타어를 실제 장면·숫자·사람 반응으로 교체
594,594,L103761~L103927,PASS,EDIT,PASS,3,3,10,9,6,6,0.12/0.08/0.37/0.30/0.13,0.12/0.08/0.37/0.30/0.13,최재석 재선과 G7+를 가족식사처럼 축하하고 원전확대·국민연금 개혁을 부탁한다,최재석이 재선되고 G7+ 성과를 함께 축하하며 원전·연금개혁 부탁을 받는다.,재선 지지율을 유지하면서 원전·연금개혁과 그룹 상반기 결산을 실행할 일이 남는다.,최재석 재선과 G7+를 가족식사처럼 축하하고 원전확대·국민연금 개혁을 부탁한다; 김민재가 직접 지지율을 지켜야 할 만큼 최재석·국민경제당이 그룹과 국가계획의 오래된 동맹임이 드러난다.; 최재석이 재선되고 G7+ 성과를 함께 축하하며 원전·연금개혁 부탁을 받는다.,최재석 재선과 G7+를 가족식사처럼 축하하고 원전확대·국민연금 개혁을 부탁한다; 김민재가 직접 지지율을 지켜야 할 만큼 최재석·국민경제당이 그룹과 국가계획의 오래된 동맹임이 드러난다; 최재석이 재선되고 G7+ 성과를 함께 축하하며 원전·연금개혁 부탁을 받는다,최재석 재선과 G7+를 가족 식사처럼 축하하며 원전·연금의 다음 부탁을 나누는 정서적 휴식이다,최재석 재선과 G7+를 가족 식사처럼 축하하며 원전·연금의 다음 부탁을 나누는 정서적 휴식이다,보상은 실제 지급만 세어 10→9 판정
595,595,L103928~L104106,EDIT,EDIT,PASS,5,5,8,6,9,7,0.33/0.15/0.12/0.08/0.32,0.33/0.15/0.12/0.08/0.32,태우상사 흑자·치료제 승인 뒤 양자·AI에 50조 원 이상 투자를 확정한다,태우상사 흑자와 치료제 승인을 확인하고 양자·AI 50조 원 이상 투자계획을 확정한다.,앞으로 1~2년 동안 50조 원 이상을 양자·AI에 실제 집행해 회귀지식 밖 기술의 성과를 만들 수 있는가?,태우상사 흑자·치료제 승인 뒤 양자·AI에 50조 원 이상 투자를 확정한다; 앞으로 1~2년 안에 영원할 만큼의 자금을 모으려면 지옥 갈 짓도 감수한다는 장기생존 집착이 드러난다.; 태우상사 흑자와 치료제 승인을 확인하고 양자·AI 50조 원 이상 투자계획을 확정한다.,태우상사 흑자·치료제 승인 뒤 양자·AI에 50조 원 이상 투자를 확정한다; 앞으로 1~2년 안에 영원할 만큼의 자금을 모으려면 지옥 갈 짓도 감수한다는 장기생존 집착이 드러난다; 태우상사 흑자와 치료제 승인을 확인하고 양자·AI 50조 원 이상 투자계획을 확정한다,태우상사 흑자·치료제 승인 뒤 양자·AI에 50조 이상을 넣어 성과를 미래자본으로 바꾼다,태우상사 흑자·치료제 승인 뒤 양자·AI에 50조 이상을 넣어 성과를 미래자본으로 바꾼다,보상은 실제 지급만 세어 8→6 판정; 훅은 마지막 프레임의 열린 질문만 세어 9→7 판정
596,596,L104107~L104260,EDIT,EDIT,PASS,8,8,6,6,9,7,0.25/0.24/0.15/0.26/0.10,0.25/0.24/0.15/0.26/0.10,미 제약로비의 특허강탈 위협에 SMA 치료제 무료 공급으로 여론전을 건다,SMA 치료제 무료공급안과 환자가족 중심 여론전이 시작된다.,SMA 무료공급과 환자가족 여론이 제약협회의 특허압박을 꺾고 어떤 협상조건을 끌어낼 것인가?,미 제약로비의 특허강탈 위협에 SMA 치료제 무료 공급으로 여론전을 건다; 협회는 자기 힘은 알지만 태우의 금융·여론·환자 네트워크 규모는 모른 채 과신한다.; SMA 치료제 무료공급안과 환자가족 중심 여론전이 시작된다.,미 제약로비의 특허강탈 위협에 SMA 치료제 무료 공급으로 여론전을 건다; 협회는 자기 힘은 알지만 태우의 금융·여론·환자 네트워크 규모는 모른 채 과신한다; SMA 치료제 무료공급안과 환자가족 중심 여론전이 시작된다,특허를 노리는 제약로비에 SMA 치료제 무료 공급으로 맞서 생명구호 감정과 여론 행동이 크다,특허를 노리는 제약로비에 SMA 치료제 무료공급으로 맞선다. 가격 공격을 환자와 가족이 실제 약을 받는 장면으로 뒤집어 여론의 방향을 바꾼다.,훅은 마지막 프레임의 열린 질문만 세어 9→7 판정; L104107~L104260 수동 재독; 편집 메타어를 실제 장면·숫자·사람 반응으로 교체; L104107~L104260 수동 재독; 편집 메타어를 실제 장면·숫자·사람 반응으로 교체
597,597,L104261~L104422,EDIT,EDIT,PASS,9,9,7,5,9,7,0.19/0.28/0.22/0.25/0.06,0.19/0.28/0.22/0.25/0.06,SNS·환자 가족 여론으로 제약협회를 역풍에 몰아넣자 협회장이 한국 방문과 센트리언 정회원 제안을 결정한다.,미국 여론이 센트리언 편으로 기울고 협회장의 한국 방문 결정이 나온다. 실제 방한·정회원 계약은 아직 전이다.,협회장이 정회원 자격을 들고 실제 한국에 왔을 때 김민재가 어떤 역조건을 내놓을지가 열린다.,SNS·환자 가족 여론으로 제약협회를 역풍에 몰아넣는다; 협회는 여전히 주도권이 자신들에게 있다고 믿지만 한국에 오는 순간 힘의 위치가 뒤집힐 상황이 된다.; 미국 여론이 센트리언 편으로 기울고 스티븐 허블의 한국 협상방문이 확정된다.,SNS·환자 가족 여론으로 제약협회를 역풍에 몰아넣자 협회장이 한국 방문과 센트리언 정회원 제안을 결정한다; 협회는 여전히 주도권이 자신들에게 있다고 믿지만 한국에 오는 순간 힘의 위치가 뒤집힐 상황이 된다; 미국 여론이 센트리언 편으로 기울고 협회장의 한국 방문 결정이 나온다. 실제 방한·정회원 계약은 아직 전이다,환자 가족과 SNS 여론이 제약협회를 몰아붙여 행동·관계·연민이 함께 상승한다,SNS·환자 가족 여론이 미국 제약협회를 역풍에 몰아넣고 협회장이 직접 한국을 찾아 센트리언에 정회원 자격을 제안하기로 한다. 상대는 아직 주도권이 자기들에게 있다고 믿으므로 실제 방한·협상·계약은 다음 화 몫이다.,"보상은 실제 지급만 세어 7→5 판정; 훅은 마지막 프레임의 열린 질문만 세어 9→7 판정; L104261~L104422 수동 재독; 점수·리본 유지, 기계적 note만 장면별 편집문으로 교체; L104261~L104422 수동 재독; 회차 필드 경계 교정, 기계적 note를 장면별 편집문으로 교체; L104261~L104422 수동 재독; 회차 필드 경계 교정, 기계적 note를 장면별 편집문으로 교체; L104261~L104422 수동 재독; 회차 필드 경계 교정, 기계적 note를 장면별 편집문으로 교체; L104261~L104422 수동 재독; 회차 필드 경계 교정, 기계적 note를 장면별 편집문으로 교체; L104261~L104422 수동 재독; 회차 필드 경계 교정, 기계적 note를 장면별 편집문으로 교체; L104261~L104422 수동 재독; 회차 필드 경계 교정, 기계적 note를 장면별 편집문으로 교체; L104261~L104422 수동 재독; 회차 필드 경계 교정, 기계적 note를 장면별 편집문으로 교체; L104261~L104422 수동 재독; 회차 필드 경계 교정, 기계적 note를 장면별 편집문으로 교체; L104261~L104422 수동 재독; 회차 필드 경계 교정, 기계적 note를 장면별 편집문으로 교체; L104261~L104422 수동 재독; 회차 필드 경계 교정, 기계적 note를 장면별 편집문으로 교체; L104261~L104422 수동 재독; 회차 필드 경계 교정, 기계적 note를 장면별 편집문으로 교체; L104261~L104422 수동 재독; 회차 필드 경계 교정, 기계적 note를 장면별 편집문으로 교체"
598,598,L104423~L104592,EDIT,EDIT,PASS,7,7,9,5,9,7,0.23/0.11/0.36/0.07/0.23,0.23/0.11/0.36/0.07/0.23,"스티븐 허블과 해외 백신공장·필수의약품 아시아 생산권·무료약 지원의 큰 틀을 협상하고, 최종 계약은 미국 대선 때 마무리하기로 한다.",미 제약협회 가입과 해외공장·필수약 생산권의 잠정 조건을 정한다. 정회원·생산권 최종계약은 미국 대선 때까지 미지급이다.,미국 대선 국면에서 잠정조건을 최종 계약으로 닫고 승자와 패자를 모두 관리할 수 있는가?,"스티븐 허블과 해외 백신공장·필수의약품 아시아 생산권·무료약 지원을 교환한다; 이 계약은 곁다리이고 진짜 목적은 미국 대선 승자와 패자를 모두 챙겨 폭주를 막는 것임이 드러난다.; 미 제약협회 정회원, 해외공장·필수약 아시아 생산권과 일본 공급사 지분이 계약으로 확정된다.","스티븐 허블과 해외 백신공장·필수의약품 아시아 생산권·무료약 지원의 큰 틀을 협상하고, 최종 계약은 미국 대선 때 마무리하기로 한다; 이 계약은 곁다리이고 진짜 목적은 미국 대선 승자와 패자를 모두 챙겨 폭주를 막는 것임이 드러난다; 미 제약협회 가입과 해외공장·필수약 생산권의 잠정 조건을 정한다. 정회원·생산권 최종계약은 미국 대선 때까지 미지급이다",스티븐 허블과 해외 공장·필수약 아시아권·무료약 비용을 교환해 제도권 협상이 중심이다,"스티븐 허블과 해외 백신공장, 필수의약품 아시아 생산권, 무료약 지원을 한 항목씩 흥정한다. 미 제약협회 가입의 큰 틀은 잡지만 최종계약을 미국 대선 때로 미뤄 두 사람의 관계 협상이 실물 권리 지급보다 오래 간다.","보상은 실제 지급만 세어 9→5 판정; 훅은 마지막 프레임의 열린 질문만 세어 9→7 판정; L104423~L104592 수동 재독; 점수·리본 유지, 기계적 note만 장면별 편집문으로 교체; L104423~L104592 수동 재독; 기계적 note를 장면별 편집문으로 교체; L104423~L104592 수동 재독; 기계적 note를 장면별 편집문으로 교체; L104423~L104592 수동 재독; 기계적 note를 장면별 편집문으로 교체; L104423~L104592 수동 재독; 기계적 note를 장면별 편집문으로 교체; L104423~L104592 수동 재독; 기계적 note를 장면별 편집문으로 교체; L104423~L104592 수동 재독; 기계적 note를 장면별 편집문으로 교체; L104423~L104592 수동 재독; 기계적 note를 장면별 편집문으로 교체; L104423~L104592 수동 재독; 기계적 note를 장면별 편집문으로 교체; L104423~L104592 수동 재독; 기계적 note를 장면별 편집문으로 교체; L104423~L104592 수동 재독; 기계적 note를 장면별 편집문으로 교체; L104423~L104592 수동 재독; 기계적 note를 장면별 편집문으로 교체; L104423~L104592 수동 재독; 기계적 note를 장면별 편집문으로 교체"
599,599,L104593~L104768,EDIT,EDIT,PASS,9,9,7,7,9,7,0.17/0.15/0.37/0.25/0.06,0.17/0.15/0.37/0.25/0.06,바이든의 58대42 승리를 확인하고 트럼프의 분열·폭주를 달랜다,"트럼프와의 직접 달래기·미래선 보존, 다이먼의 바이든 통로 강화가 실행된다.",트럼프의 불복을 누그러뜨리고 다이먼을 통해 바이든 당선인과 필요한 사업협력을 어떻게 열 것인가?,"바이든의 58대42 승리를 확인하고 트럼프의 분열·폭주를 달랜다; 앞으로 김민재 계획에는 미국의 적극 지원이 필요해 다이먼이 양쪽 관계에서 더 큰 역할을 맡아야 한다.; 트럼프와의 직접 달래기·미래선 보존, 다이먼의 바이든 통로 강화가 실행된다.","바이든의 58대42 승리를 확인하고 트럼프의 분열·폭주를 달랜다; 앞으로 김민재 계획에는 미국의 적극 지원이 필요해 다이먼이 양쪽 관계에서 더 큰 역할을 맡아야 한다; 트럼프와의 직접 달래기·미래선 보존, 다이먼의 바이든 통로 강화가 실행된다",패배한 트럼프의 분노를 달래 소송·폭동을 막고 차기 선까지 살리는 관계·감정 회차다,바이든의 58대42 승리 직후 트럼프를 찾아 부정선거 소송과 지지층 폭주를 접고 4년 뒤를 보라고 설득한다. 소송 취하와 순조로운 정권이양 보도가 실제 지급으로 돌아온 뒤 다이먼과 새 행정부 협력이라는 다음 관계선이 열린다.,훅은 마지막 프레임의 열린 질문만 세어 9→7 판정; L104593~L104768 수동 재독; 고정 39화 표본 note를 원문 장면·말미 기준으로 교정; L104593~L104768 수동 재독; 고정 39화 표본 note를 원문 장면·말미 기준으로 교정; L104593~L104768 수동 재독; 고정 39화 표본 note를 원문 장면·말미 기준으로 교정
600,600,L104769~L104942,EDIT,EDIT,PASS,8,8,7,5,10,7,0.30/0.14/0.31/0.08/0.17,0.30/0.14/0.31/0.08/0.17,바이든 당선인에게 가이아나 무기·태우사업과 100억 달러 금융을 제안한다,바이든에게 태우사업 보호·가이아나 100억 달러 대출과 한국산 무기 제안이 공식 전달된다.,바이든에게 제시한 가이아나 방산·100억 달러 금융·태우사업 보호안을 실제 합의로 바꾸고 러우전쟁 정보망을 미리 세울 수 있는가?,바이든 당선인에게 가이아나 무기·태우사업과 100억 달러 금융을 제안한다; 러시아·우크라이나 전쟁은 아직 이르지만 지금 준비해야 변화의 주도권을 잡을 수 있다는 경고가 데이비드의 장난기까지 지운다.; 바이든에게 태우사업 보호·가이아나 100억 달러 대출과 한국산 무기 제안이 공식 전달된다.,바이든 당선인에게 가이아나 무기·태우사업과 100억 달러 금융을 제안한다; 러시아·우크라이나 전쟁은 아직 이르지만 지금 준비해야 변화의 주도권을 잡을 수 있다는 경고가 데이비드의 장난기까지 지운다; 바이든에게 태우사업 보호·가이아나 100억 달러 대출과 한국산 무기 제안이 공식 전달된다,바이든에게 가이아나 무기·유전·100억 달러 금융을 제안하고 반도체·러시아 감시를 연다,바이든에게 가이아나 무기·유전·100억 달러 금융을 제안하고 반도체·러시아 감시를 연다,보상은 실제 지급만 세어 7→5 판정; 훅은 마지막 프레임의 열린 질문만 세어 10→7 판정
601,601,L104943~L105101,EDIT,PASS,PASS,4,4,8,8,7,7,0.31/0.12/0.20/0.11/0.26,0.31/0.12/0.20/0.11/0.26,천민정의 AI·장비 성과를 확인하고 SMR을 밀며 차량용칩 위기 뒤를 준비한다,극저온 식각장비 성과가 공인되고 SMR·AI 데이터센터를 함께 키우는 투자방향이 확정된다.,일본 자동차업체가 차량용칩 부족 앞에서 어떤 장기계약·표준 조건을 받아들일 것인가?,천민정의 AI·장비 성과를 확인하고 SMR을 밀며 차량용칩 위기 뒤를 준비한다; 일본 업체가 먼저 손을 내밀 때만 비싼 대가를 받고 칩을 주겠다는 공급자 우위가 확인된다.; 극저온 식각장비 성과가 공인되고 SMR·AI 데이터센터를 함께 키우는 투자방향이 확정된다.,천민정의 AI·장비 성과를 확인하고 SMR을 밀며 차량용칩 위기 뒤를 준비한다; 일본 업체가 먼저 손을 내밀 때만 비싼 대가를 받고 칩을 주겠다는 공급자 우위가 확인된다; 극저온 식각장비 성과가 공인되고 SMR·AI 데이터센터를 함께 키우는 투자방향이 확정된다,천민정이 저온 식각 장비를 자랑하고 김민재가 SMR과 AI 데이터센터를 묶어 성과를 다음 성장기반으로 옮긴다,천민정이 저온 식각 장비를 자랑하고 김민재가 SMR과 AI 데이터센터를 묶어 성과를 다음 성장기반으로 옮긴다,기존 점수·리본 유지; 원문 하드 경계와 인접 회차 대비 재확인
602,602,L105102~L105272,EDIT,EDIT,PASS,6,6,8,5,8,7,0.20/0.13/0.32/0.08/0.27,0.20/0.13/0.32/0.08/0.27,"현재 장 회장에게 가이아나 전차수출 지원과 원전 동맹을 제안하고, 가이아나 계약이 성사되면 적극 돕겠다는 조건부 약속을 얻는다.",로템 전차수출 지원과 원전 협력에 대한 현재 장 회장의 조건부 지지를 얻는다. 가이아나 계약·실제 원전 동맹 참여는 아직 전이다.,가이아나 전차계약을 성사시켜 현재그룹의 조건부 지지를 실제 원전 동맹 참여로 바꿀 수 있는가?,현재 장 회장에게 로템 전차수출을 지원하고 원전 동맹 참여를 얻는다; 원전시장을 장악하면 태우건설 자체가 그룹의 새 핵심 경쟁력이 된다는 교환가치가 선다.; 로템 수출지원과 현재그룹의 원전동맹 참여가 서로의 사업대가로 합의된다.,"현재 장 회장에게 가이아나 전차수출 지원과 원전 동맹을 제안하고, 가이아나 계약이 성사되면 적극 돕겠다는 조건부 약속을 얻는다; 원전시장을 장악하면 태우건설 자체가 그룹의 새 핵심 경쟁력이 된다는 교환가치가 선다; 로템 전차수출 지원과 원전 협력에 대한 현재 장 회장의 조건부 지지를 얻는다. 가이아나 계약·실제 원전 동맹 참여는 아직 전이다",김민재가 현재 장 회장의 로템 전차 수출을 돕고 원전 동맹 참여를 받아내 관계 교환과 사업 지위가 중심이다,"현재 장 회장에게 가이아나 전차수출 지원과 원전 동맹을 묶어 제안한다. 가이아나 계약이 성사되면 돕겠다는 조건부 답만 얻었으므로, 오래된 재벌 관계의 온도는 올라가도 로템 수출과 원전 참여는 전혀 결산되지 않는다.","보상은 실제 지급만 세어 8→5 판정; 훅은 마지막 프레임의 열린 질문만 세어 8→7 판정; L105102~L105272 수동 재독; 점수·리본 유지, 기계적 note만 장면별 편집문으로 교체; L105102~L105272 수동 재독; 기계적 note를 장면별 편집문으로 교체; L105102~L105272 수동 재독; 기계적 note를 장면별 편집문으로 교체; L105102~L105272 수동 재독; 기계적 note를 장면별 편집문으로 교체; L105102~L105272 수동 재독; 기계적 note를 장면별 편집문으로 교체; L105102~L105272 수동 재독; 기계적 note를 장면별 편집문으로 교체; L105102~L105272 수동 재독; 기계적 note를 장면별 편집문으로 교체; L105102~L105272 수동 재독; 기계적 note를 장면별 편집문으로 교체; L105102~L105272 수동 재독; 기계적 note를 장면별 편집문으로 교체; L105102~L105272 수동 재독; 기계적 note를 장면별 편집문으로 교체; L105102~L105272 수동 재독; 기계적 note를 장면별 편집문으로 교체; L105102~L105272 수동 재독; 기계적 note를 장면별 편집문으로 교체; L105102~L105272 수동 재독; 기계적 note를 장면별 편집문으로 교체"
603,603,L105273~L105447,EDIT,EDIT,PASS,5,5,9,5,9,7,0.21/0.14/0.15/0.05/0.45,0.21/0.14/0.15/0.05/0.45,메타버스 거품 전에 지분 40퍼센트를 글로벌 IT기업에 팔되 통제권을 남기는 매각전략을 세우고 협상을 지시한다.,메타버스 지분 40퍼센트 매각구조와 태우 통제권 유지조건을 정한다. 매매계약·대금 유입은 아직 전이다.,글로벌 IT기업과 지분 40퍼센트 매매·교환계약을 실제 체결하면서 태우 통제권을 지킬 수 있는가?,메타버스 거품 전에 지분 40퍼센트를 글로벌 IT에 팔되 통제권은 남긴다; 김민재가 이미 많은 글로벌 IT기업 최대주주라 대부분은 별도 설득 없이 거래가 된다는 숨은 우위가 드러난다.; 메타버스 지분 40퍼센트 매각구조와 태우 통제권 유지조건이 정해진다.,메타버스 거품 전에 지분 40퍼센트를 글로벌 IT기업에 팔되 통제권을 남기는 매각전략을 세우고 협상을 지시한다; 김민재가 이미 많은 글로벌 IT기업 최대주주라 대부분은 별도 설득 없이 거래가 된다는 숨은 우위가 드러난다; 메타버스 지분 40퍼센트 매각구조와 태우 통제권 유지조건을 정한다. 매매계약·대금 유입은 아직 전이다,메타버스 지분 40퍼센트를 글로벌 IT에 팔면서 통제권을 남겨 현금화와 소유구조 보상에 독자가 머문다,"메타버스 거품이 꺼지기 전에 지분 40퍼센트를 글로벌 IT기업에 팔되 태우 통제권은 남기는 매각 구조를 설계한다. 비율과 통제 조항을 정하는 데 시간을 쓰고 실제 매매계약·대금은 없어, 큰 자산 숫자가 오히려 미지급 상태를 강조한다.","보상은 실제 지급만 세어 9→5 판정; 훅은 마지막 프레임의 열린 질문만 세어 9→7 판정; L105273~L105447 수동 재독; 점수·리본 유지, 기계적 note만 장면별 편집문으로 교체; L105273~L105447 수동 재독; 기계적 note를 장면별 편집문으로 교체; L105273~L105447 수동 재독; 기계적 note를 장면별 편집문으로 교체; L105273~L105447 수동 재독; 기계적 note를 장면별 편집문으로 교체; L105273~L105447 수동 재독; 기계적 note를 장면별 편집문으로 교체; L105273~L105447 수동 재독; 기계적 note를 장면별 편집문으로 교체; L105273~L105447 수동 재독; 기계적 note를 장면별 편집문으로 교체; L105273~L105447 수동 재독; 기계적 note를 장면별 편집문으로 교체; L105273~L105447 수동 재독; 기계적 note를 장면별 편집문으로 교체; L105273~L105447 수동 재독; 기계적 note를 장면별 편집문으로 교체; L105273~L105447 수동 재독; 기계적 note를 장면별 편집문으로 교체; L105273~L105447 수동 재독; 기계적 note를 장면별 편집문으로 교체; L105273~L105447 수동 재독; 기계적 note를 장면별 편집문으로 교체"
604,604,L105448~L105609,EDIT,EDIT,PASS,9,9,4,4,9,8,0.29/0.25/0.10/0.26/0.10,0.29/0.25/0.10/0.26/0.10,암호화폐 거품 단속을 준비하던 중 북한의 센트리언 핵심표적 해킹을 포착한다,북한의 센트리언 백신·치료제 기술 탈취시도가 포착되고 비상방어가 가동된다.,AI 방어가 북한의 센트리언 해킹을 실제 차단하고 공격주체·목적을 확인할 수 있는가?,암호화폐 거품 단속을 준비하던 중 북한의 센트리언 핵심표적 해킹을 포착한다; 오후에 공격대상이 태우의 핵심인 센트리언임이 밝혀져 금융거품보다 즉각적인 생존위협으로 우선순위가 바뀐다.; 북한의 센트리언 백신·치료제 기술 탈취시도가 포착되고 비상방어가 가동된다.,암호화폐 거품 단속을 준비하던 중 북한의 센트리언 핵심표적 해킹을 포착한다; 오후에 공격대상이 태우의 핵심인 센트리언임이 밝혀져 금융거품보다 즉각적인 생존위협으로 우선순위가 바뀐다; 북한의 센트리언 백신·치료제 기술 탈취시도가 포착되고 비상방어가 가동된다,북한이 센트리언 백신·치료제 기술을 노린 해킹을 벌여 정보 추적과 생존 불안이 급상승한다,북한이 센트리언 백신·치료제 기술을 노린 해킹을 벌여 정보 추적과 생존 불안이 급상승한다,훅은 마지막 프레임의 열린 질문만 세어 9→8 판정
605,605,L105610~L105770,EDIT,EDIT,PASS,8,8,7,7,8,7,0.25/0.31/0.11/0.14/0.19,0.25/0.31/0.11/0.14/0.19,"AI 방어로 북한 해킹을 막고 장남 관련 경로를 검토한 뒤, 중국의 호주산 석탄 수입금지를 전력난 기회로 읽어 몽골 석탄 증산·비축을 지시한다.",AI가 해킹을 차단하고 북한 권력변수 검토와 몽골 석탄 증산·비축 지시를 내린다. 실제 비축량·해외 장기계약은 아직 전이다.,몽골 석탄 증산·비축을 실제 물량으로 만들고 QUAD 압박 속 중국 전력난에 어떻게 활용할 것인가?,AI 방어로 북한 해킹을 막고 불만세력·장남 경로를 그리며 호주산 석탄을 비축한다; 한국도 QUAD 가입권유를 받는 상황이라 공식동맹 대신 상업계약으로 호주를 돕는 우회로가 필요해진다.; AI가 해킹을 차단하고 장남 관련 경로가 정리되며 호주석탄 비축·순방계획이 세워진다.,"AI 방어로 북한 해킹을 막고 장남 관련 경로를 검토한 뒤, 중국의 호주산 석탄 수입금지를 전력난 기회로 읽어 몽골 석탄 증산·비축을 지시한다; 한국도 QUAD 가입권유를 받는 상황이라 공식동맹 대신 상업계약으로 호주를 돕는 우회로가 필요해진다; AI가 해킹을 차단하고 북한 권력변수 검토와 몽골 석탄 증산·비축 지시를 내린다. 실제 비축량·해외 장기계약은 아직 전이다",AI 방어로 북한 공격을 막고 장남 경로를 그린 뒤 호주산 석탄까지 사들이는 역공이 중심이다,AI 방어가 북한의 센트리언 해킹을 막은 뒤 천민정의 북한 내부정보와 장남 변수를 점검한다. 후반에는 중국의 호주산 석탄 금지에서 전력난을 읽어 몽골 증산·비축만 지시하므로 해외 순방과 구체 계약은 아직 열리지 않는다.,"훅은 마지막 프레임의 열린 질문만 세어 8→7 판정; L105610~L105770 수동 재독; 점수·리본 유지, 기계적 note만 장면별 편집문으로 교체; L105610~L105770 수동 재독; 회차 필드 경계 교정, 기계적 note를 장면별 편집문으로 교체; L105610~L105770 수동 재독; 회차 필드 경계 교정, 기계적 note를 장면별 편집문으로 교체; L105610~L105770 수동 재독; 회차 필드 경계 교정, 기계적 note를 장면별 편집문으로 교체; L105610~L105770 수동 재독; 회차 필드 경계 교정, 기계적 note를 장면별 편집문으로 교체; L105610~L105770 수동 재독; 회차 필드 경계 교정, 기계적 note를 장면별 편집문으로 교체; L105610~L105770 수동 재독; 회차 필드 경계 교정, 기계적 note를 장면별 편집문으로 교체; L105610~L105770 수동 재독; 회차 필드 경계 교정, 기계적 note를 장면별 편집문으로 교체; L105610~L105770 수동 재독; 회차 필드 경계 교정, 기계적 note를 장면별 편집문으로 교체; L105610~L105770 수동 재독; 회차 필드 경계 교정, 기계적 note를 장면별 편집문으로 교체; L105610~L105770 수동 재독; 회차 필드 경계 교정, 기계적 note를 장면별 편집문으로 교체; L105610~L105770 수동 재독; 회차 필드 경계 교정, 기계적 note를 장면별 편집문으로 교체; L105610~L105770 수동 재독; 회차 필드 경계 교정, 기계적 note를 장면별 편집문으로 교체"
606,606,L105771~L105925,EDIT,EDIT,PASS,6,6,6,6,8,7,0.31/0.15/0.22/0.09/0.23,0.31/0.15/0.22/0.09/0.23,최재석과 동해 고갈가스전을 LNG 저장고로 전환하고 호주·가이아나 순방을 정한다,동해 고갈가스전 LNG 저장고 전환과 호주·가이아나 순방안이 승인된다.,호주와 가이아나로 갈라진 두 출장에서 어떤 에너지·투자 성과를 가져올 것인가?,최재석과 동해 고갈가스전을 LNG 저장고로 전환하고 호주·가이아나 순방을 정한다; 위드코로나부터 종식 이후까지 계속 성장하려면 이번 출장이 에너지 분기점이라는 시간이 명확해진다.; 동해 고갈가스전 LNG 저장고 전환과 호주·가이아나 순방안이 승인된다.,최재석과 동해 고갈가스전을 LNG 저장고로 전환하고 호주·가이아나 순방을 정한다; 위드코로나부터 종식 이후까지 계속 성장하려면 이번 출장이 에너지 분기점이라는 시간이 명확해진다; 동해 고갈가스전 LNG 저장고 전환과 호주·가이아나 순방안이 승인된다,최재석과 동해 고갈가스전 LNG 저장 전환을 정하고 호주·가이아나 순방의 국가 인프라 판을 연다,"최재석과 동해 고갈가스전을 LNG 저장고로 바꾸는 국내 인프라 결정을 내린다. 마지막 공항 장면에서 김민재는 호주, 한정훈은 가이아나로 갈라질 뿐 각국 상대와 구체 거래조건은 다음 화에 나온다.","훅은 마지막 프레임의 열린 질문만 세어 8→7 판정; L105771~L105925 수동 재독; 점수·리본 유지, 기계적 note만 장면별 편집문으로 교체; L105771~L105925 수동 재독; 회차 필드 경계 교정, 기계적 note를 장면별 편집문으로 교체; L105771~L105925 수동 재독; 회차 필드 경계 교정, 기계적 note를 장면별 편집문으로 교체; L105771~L105925 수동 재독; 회차 필드 경계 교정, 기계적 note를 장면별 편집문으로 교체; L105771~L105925 수동 재독; 회차 필드 경계 교정, 기계적 note를 장면별 편집문으로 교체; L105771~L105925 수동 재독; 회차 필드 경계 교정, 기계적 note를 장면별 편집문으로 교체; L105771~L105925 수동 재독; 회차 필드 경계 교정, 기계적 note를 장면별 편집문으로 교체; L105771~L105925 수동 재독; 회차 필드 경계 교정, 기계적 note를 장면별 편집문으로 교체; L105771~L105925 수동 재독; 회차 필드 경계 교정, 기계적 note를 장면별 편집문으로 교체; L105771~L105925 수동 재독; 회차 필드 경계 교정, 기계적 note를 장면별 편집문으로 교체; L105771~L105925 수동 재독; 회차 필드 경계 교정, 기계적 note를 장면별 편집문으로 교체; L105771~L105925 수동 재독; 회차 필드 경계 교정, 기계적 note를 장면별 편집문으로 교체; L105771~L105925 수동 재독; 회차 필드 경계 교정, 기계적 note를 장면별 편집문으로 교체"
607,607,L105926~L106110,EDIT,EDIT,PASS,7,7,9,5,8,7,0.18/0.14/0.31/0.08/0.29,0.18/0.14/0.31/0.08/0.29,모리슨에게 중국이 막은 호주 석탄을 태우가 사들이는 장기계약을 제안한다,호주 석탄 장기구매 제안을 공식화하고 역조건에 맞설 숨은 카드를 준비한다. 가격·물량·장기계약은 아직 확정 전이다.,한 부회장이 준비한 숨은 카드로 모리슨에게서 어떤 가격·물량·기간의 석탄 조건을 받아낼지가 남는다.,모리슨에게 중국이 막은 호주 석탄을 태우가 사들이는 장기계약을 제안한다; 협상분위기가 예상과 달라도 한 부회장은 김민재가 준비시킨 숨은 카드를 갖고 있어 물러서지 않는다.; 태우의 장기구매 제안이 공식화되고 호주 측의 역조건에 대응할 카드가 가동된다.,모리슨에게 중국이 막은 호주 석탄을 태우가 사들이는 장기계약을 제안한다; 협상분위기가 예상과 달라도 한 부회장은 김민재가 준비시킨 숨은 카드를 갖고 있어 물러서지 않는다; 호주 석탄 장기구매 제안을 공식화하고 역조건에 맞설 숨은 카드를 준비한다. 가격·물량·장기계약은 아직 확정 전이다,모리슨에게 중국이 막은 호주 석탄 장기계약을 제시해 호주를 구하고 대규모 물량을 선점한다,중국 수입중단으로 막힌 호주 석탄을 태우가 사들이겠다고 모리슨에게 공식 제안한다. 가격·물량·기간을 확정하지 않은 채 한 부회장이 숨은 카드를 꺼낼 차례에서 끊어 거래의 실물보다 협상 수읽기가 회차를 붙든다.,"보상은 실제 지급만 세어 9→5 판정; 훅은 마지막 프레임의 열린 질문만 세어 8→7 판정; L105926~L106110 수동 재독; 점수·리본 유지, 기계적 note만 장면별 편집문으로 교체; L105926~L106110 수동 재독; 회차 필드 경계 교정, 기계적 note를 장면별 편집문으로 교체; L105926~L106110 수동 재독; 회차 필드 경계 교정, 기계적 note를 장면별 편집문으로 교체; L105926~L106110 수동 재독; 회차 필드 경계 교정, 기계적 note를 장면별 편집문으로 교체; L105926~L106110 수동 재독; 회차 필드 경계 교정, 기계적 note를 장면별 편집문으로 교체; L105926~L106110 수동 재독; 회차 필드 경계 교정, 기계적 note를 장면별 편집문으로 교체; L105926~L106110 수동 재독; 회차 필드 경계 교정, 기계적 note를 장면별 편집문으로 교체; L105926~L106110 수동 재독; 회차 필드 경계 교정, 기계적 note를 장면별 편집문으로 교체; L105926~L106110 수동 재독; 회차 필드 경계 교정, 기계적 note를 장면별 편집문으로 교체; L105926~L106110 수동 재독; 회차 필드 경계 교정, 기계적 note를 장면별 편집문으로 교체; L105926~L106110 수동 재독; 회차 필드 경계 교정, 기계적 note를 장면별 편집문으로 교체; L105926~L106110 수동 재독; 회차 필드 경계 교정, 기계적 note를 장면별 편집문으로 교체; L105926~L106110 수동 재독; 회차 필드 경계 교정, 기계적 note를 장면별 편집문으로 교체"
608,608,L106111~L106261,PASS,EDIT,PASS,6,6,9,9,8,6,0.19/0.12/0.27/0.07/0.35,0.19/0.12/0.27/0.07/0.35,가이아나에 IIT·한국대학과 싼 유전지분·방산을 묶어 합의를 이끈다,"IIT·한국대학 교육, 유전지분·방산·금융 조건의 국가합의가 성립된다.",새해 베트남에서 더 큰 에너지 모험을 김태중과 상의해야 할 위험이 남는다.,"가이아나에 IIT·한국대학과 싼 유전지분·방산을 묶어 합의를 이끈다; 당장의 돈보다 부를 지킬 인재·교육을 제공하면 졸부국가의 가장 큰 두려움을 해결할 수 있다.; IIT·한국대학 교육, 유전지분·방산·금융 조건의 국가합의가 성립된다.","가이아나에 IIT·한국대학과 싼 유전지분·방산을 묶어 합의를 이끈다; 당장의 돈보다 부를 지킬 인재·교육을 제공하면 졸부국가의 가장 큰 두려움을 해결할 수 있다; IIT·한국대학 교육, 유전지분·방산·금융 조건의 국가합의가 성립된다",가이아나에 IIT·한국대학과 유전지분·방산을 묶어 광산·해운·에너지 거점을 계약으로 확보한다,가이아나에 IIT·한국대학과 유전지분·방산을 묶어 광산·해운·에너지 거점을 계약으로 확보한다,훅은 마지막 프레임의 열린 질문만 세어 8→6 판정
609,609,L106262~L106419,EDIT,EDIT,EDIT,8,7,6,4,9,7,0.25/0.28/0.18/0.17/0.12,0.27/0.24/0.20/0.18/0.11,김태중과 베트남 사이공은행 미아인의 불법대출·차명망을 의심하고 일주일 안에 정보를 모아 공개할 조사계획을 세운다.,미아인 부패망을 조사·공개할 계획과 김태중의 동의를 얻는다. 구체 증거·계좌동결·정유회사 권리는 아직 없다.,일주일 안에 불법대출·차명망의 실제 증거를 확보해 베트남 정부가 움직일 만큼 공개할 수 있는가?,김태중과 베트남 사이공은행 미아인의 불법대출·차명망을 역이용한다; 성공하면 미국·유럽·아시아가 김민재가 짠 에너지판에서 움직일 모험수임이 확인된다.; 차명대출·페이퍼컴퍼니·권력연결 증거와 강 대위 보호팀이 배치돼 공개 직전까지 간다.,"김태중과 베트남 사이공은행 미아인의 불법대출·차명망을 의심하고 일주일 안에 정보를 모아 공개할 조사계획을 세운다; 김태중이 정부 고위층을 움직일 구상을 받아들이지만, 불법계좌·창고 증거와 보호팀 배치는 아직 전이다; 미아인 부패망을 조사·공개할 계획과 김태중의 동의를 얻는다. 구체 증거·계좌동결·정유회사 권리는 아직 없다",김태중이 사이공은행 미아인의 차명대출망을 역이용해 40조 불법대출과 10조 비자금 공개 직전까지 몬다,미아인의 불법대출·차명망을 일주일 안에 조사해 공개할 계획과 김태중의 동의까지만 얻는다. 증거·동결·구속 전이라 정보와 준비 행동에 머문다.,긴장은 이 화에서 실제 맞닥뜨린 압박을 기준으로 8→7 판정; 보상은 실제 지급만 세어 6→4 판정; 훅은 마지막 프레임의 열린 질문만 세어 9→7 판정; 리본은 실제 장면 체류에 맞춰 재배분
610,610,L106420~L106590,EDIT,EDIT,EDIT,8,8,10,7,8,8,0.12/0.27/0.20/0.17/0.24,0.30/0.17/0.31/0.08/0.14,"가이아나 30억 달러 군수계약과 스테이블코인 공개공격 준비를 확인한 뒤, 40조 원 불법대출·10조 원 비자금 보고서를 터뜨려 베트남 정부가 주동자 처리에 합의하게 한다.","가이아나 30억 달러 군수계약과 스테이블코인 공개공격 계획, 사이공은행 40조 원 불법대출·10조 원 비자금 보고서, 베트남 정부의 주동자 수습 결정과 김태중의 총리 통로를 얻는다. 현금창고 압수·계좌동결·구속·정유회사 인수는 아직 전이다.","베트남 정부가 이번 주 안에 주동자 처리를 실제 집행하고, 김태중이 얻은 현지 고위층 통로를 어떤 다음 역할로 바꿀 것인가?",40조 원 불법대출·10조 원 비자금과 아홉 현금창고를 공개하고 미아인의 계좌·페이퍼컴퍼니를 동결한다; 김태중이 푹 수상과 직접 통화하며 일부 고위층을 자기 사람으로 만들 정도로 작전주도권을 얻는다.; 미아인의 아홉 현금창고·차명계좌가 공개·동결되고 베트남 정부의 개인일탈 수습선과 김태중의 총리통로가 확보된다.,"가이아나 30억 달러 군수계약과 스테이블코인 공개공격 준비를 확인한 뒤, 40조 원 불법대출·10조 원 비자금 보고서를 터뜨려 베트남 정부가 주동자 처리에 합의하게 한다; 푹 수상과 웅웬 서기장이 경제를 흔들지 않도록 미아인 개인 일탈로 좁혀 이번 주 안에 주동자를 처리하기로 하고, 김태중이 현지 고위층 일부를 움직인 주도자였음이 드러난다; 가이아나 30억 달러 군수계약과 스테이블코인 공개공격 계획, 사이공은행 40조 원 불법대출·10조 원 비자금 보고서, 베트남 정부의 주동자 수습 결정과 김태중의 총리 통로를 얻는다. 현금창고 압수·계좌동결·구속·정유회사 인수는 아직 전이다",미아인의 9개 현금창고와 계좌가 동결되고 김태중이 정유회사를 확보해 베트남 모험을 실물 거점으로 닫는다,가이아나 30억 달러 군수계약과 스테이블코인 공격 준비를 보고받은 뒤 베트남의 40조 원 불법대출·10조 원 비자금 보고서를 공개한다. 압수·계좌동결·구속·정유회사 인수는 아직 없어 자료 공개와 정부 수습통로 확인에서 멈춘다.,보상은 실제 지급만 세어 10→7 판정; 리본은 압수·동결 전의 보고·정부 협의·김태중 관계 장면에 맞춰 재배분; 관리자 readback으로 610/611 시제를 재확정; L106420~L106590 수동 재독; 범용 중심·비중 문구를 장면 리듬으로 교체; L106420~L106590 수동 재독; 범용 중심·비중 문구를 장면 리듬으로 교체; L106420~L106590 수동 재독; 범용 중심·비중 문구를 장면 리듬으로 교체; L106420~L106590 수동 재독; 범용 중심·비중 문구를 장면 리듬으로 교체; L106420~L106590 수동 재독; 범용 중심·비중 문구를 장면 리듬으로 교체; L106420~L106590 수동 재독; 범용 중심·비중 문구를 장면 리듬으로 교체; L106420~L106590 수동 재독; 범용 중심·비중 문구를 장면 리듬으로 교체; L106420~L106590 수동 재독; 범용 중심·비중 문구를 장면 리듬으로 교체; L106420~L106590 수동 재독; 범용 중심·비중 문구를 장면 리듬으로 교체; L106420~L106590 수동 재독; 범용 중심·비중 문구를 장면 리듬으로 교체; L106420~L106590 수동 재독; 범용 중심·비중 문구를 장면 리듬으로 교체
611,611,L106591~L106781,EDIT,EDIT,EDIT,4,6,6,9,8,7,0.09/0.08/0.41/0.32/0.10,0.12/0.22/0.29/0.18/0.19,"즈엉 미아인의 구속과 정유회사 인수 보고를 확인한 뒤, 귀국한 김태중과 부산 축구장에서 경기를 본다",미아인이 금융범죄로 구속되고 김태중이 베트남 정유회사를 확보해 위험투자를 실물거점으로 닫는다.,베트남 결산 뒤 부산 축구장에서 김태중이 말한 '다른 목적'은 무엇이며 김민재에게 어떤 도움을 청할 것인가?,"즈엉 미아인의 구속과 정유회사 인수 보고를 확인한 뒤, 귀국한 김태중과 부산 축구장에서 경기를 본다; 미아인 재산·페이퍼컴퍼니가 모두 공격받고 정유회사 인수까지 끝난 뒤, 축구경기에서 김태중의 또 다른 목적이 암시된다.; 미아인이 금융범죄로 구속되고 김태중이 베트남 정유회사를 확보해 위험투자를 실물거점으로 닫는다.","즈엉 미아인의 구속과 정유회사 인수 보고를 확인한 뒤, 귀국한 김태중과 부산 축구장에서 경기를 본다; 미아인 재산·페이퍼컴퍼니가 모두 공격받고 정유회사 인수까지 끝난 뒤, 축구경기에서 김태중의 또 다른 목적이 암시된다; 미아인이 금융범죄로 구속되고 김태중이 베트남 정유회사를 확보해 위험투자를 실물거점으로 닫는다",귀국한 김태중이 부산 관중의 연호를 받고 축구협회장 뜻을 드러내 손자와 할아버지의 새 가족 약속이 열린다,미아인 구속·정유회사 인수 보고로 앞 사건을 닫은 뒤 부산 축구장의 김태중으로 이동한다. 실물 지급과 조손 관계 전환을 함께 담은 혼합 회차다.,긴장은 이 화에서 실제 맞닥뜨린 압박을 기준으로 4→6 판정; 보상은 실제 지급만 세어 6→9 판정; 훅은 마지막 프레임의 열린 질문만 세어 8→7 판정; 리본은 실제 장면 체류에 맞춰 재배분
612,612,L106782~L106960,EDIT,EDIT,EDIT,6,6,7,7,8,7,0.19/0.14/0.35/0.13/0.19,0.22/0.11/0.37/0.17/0.13,축구협회장 지원과 메타버스 글로벌 지분교환을 동시에 설계한다,"김민재가 협회장 지원을 수락하고 매년 90억 기부·후원사 확대, 메타버스 지분교환 방침을 확정한다.",김태중의 축구협회장 도전을 위해 마련한 연 90억 원·후원사 자금과 인맥을 실제 선거운동·표로 바꿀 수 있는가?,"축구협회장 지원과 메타버스 글로벌 지분교환을 동시에 설계한다; 태우 중심 글로벌 IT 연합은 미국·중국도 적대하기 어려운 영향력을 갖춰 선거 외 자금·후원방벽이 된다.; 김민재가 협회장 지원을 수락하고 매년 90억 기부·후원사 확대, 메타버스 지분교환 방침을 확정한다.","축구협회장 지원과 메타버스 글로벌 지분교환을 동시에 설계한다; 태우 중심 글로벌 IT 연합은 미국·중국도 적대하기 어려운 영향력을 갖춰 선거 외 자금·후원방벽이 된다; 김민재가 협회장 지원을 수락하고 매년 90억 기부·후원사 확대, 메타버스 지분교환 방침을 확정한다",김민재가 매년 90억 기부와 후원사 확대를 약속하며 김태중의 명예회복을 자금·인맥 설계로 받친다,김민재가 김태중의 축구협회장 출마 지원을 받아들이고 연 90억 원 기부·후원사 확대 방침을 정한다. 후반의 메타버스 글로벌 지분교환도 방침만 확정된 상태여서 조손 대화와 두 설계가 다음 득표·계약을 기다린다.,점수·리본은 원문 장면과 일치해 유지; 기계적 체류 문구만 조손 대화와 연 90억 원 선거설계의 실제 리듬으로 교체
613,613,L106961~L107161,EDIT,EDIT,PASS,8,8,7,6,9,8,0.20/0.26/0.24/0.10/0.20,0.20/0.26/0.24/0.10/0.20,국제 축구인맥·추가 구단·중계권 60억에서 300억 인상 공약을 대의원들에게 제시해 우호 반응을 끌어낸다.,추가구단·중계료 인상·후원확대 공약과 대의원들의 호의적 반응을 얻는다. 실제 표와 당선은 아직 전이다.,실제 투표에서 과반을 확보할지와 당선 뒤 이권관리를 지킬지가 남는다.,국제 축구인맥·추가 구단·중계권 60억에서 300억 인상으로 기존 카르텔을 깬다; 예산이 커지면 이권도 커진다고 착각한 대의원들이 호응하지만 실제로는 십 원까지 감시될 덫이 깔린다.; 추가구단·중계료 60억→300억·후원확대 공약이 발표되고 대의원 표가 김태중 쪽으로 움직인다.,국제 축구인맥·추가 구단·중계권 60억에서 300억 인상 공약을 대의원들에게 제시해 우호 반응을 끌어낸다; 예산이 커지면 이권도 커진다고 착각한 대의원들이 호응하지만 실제로는 십 원까지 감시될 덫이 깔린다; 추가구단·중계료 인상·후원확대 공약과 대의원들의 호의적 반응을 얻는다. 실제 표와 당선은 아직 전이다,국제 축구인맥과 추가 구단을 모으고 중계권료를 60억에서 300억으로 올려 기존 대의원 카르텔을 흔든다,"국제 축구인맥, 추가 구단, 중계권을 60억 원에서 300억 원으로 올리는 공약을 대의원들 앞에 연달아 펼친다. 호의적 반응은 확인하지만 실제 표와 당선은 아직 없어, 선거운동의 활기 뒤 이권을 지킬 수 있는지가 실제 시험으로 남는다.","보상은 실제 지급만 세어 7→6 판정; 훅은 마지막 프레임의 열린 질문만 세어 9→8 판정; L106961~L107161 수동 재독; 점수·리본 유지, 기계적 note만 장면별 편집문으로 교체; L106961~L107161 수동 재독; 기계적 note를 장면별 편집문으로 교체; L106961~L107161 수동 재독; 기계적 note를 장면별 편집문으로 교체; L106961~L107161 수동 재독; 회차 필드 경계 교정, 기계적 note를 장면별 편집문으로 교체; L106961~L107161 수동 재독; 회차 필드 경계 교정, 기계적 note를 장면별 편집문으로 교체; L106961~L107161 수동 재독; 회차 필드 경계 교정, 기계적 note를 장면별 편집문으로 교체; L106961~L107161 수동 재독; 회차 필드 경계 교정, 기계적 note를 장면별 편집문으로 교체; L106961~L107161 수동 재독; 회차 필드 경계 교정, 기계적 note를 장면별 편집문으로 교체; L106961~L107161 수동 재독; 회차 필드 경계 교정, 기계적 note를 장면별 편집문으로 교체; L106961~L107161 수동 재독; 회차 필드 경계 교정, 기계적 note를 장면별 편집문으로 교체; L106961~L107161 수동 재독; 회차 필드 경계 교정, 기계적 note를 장면별 편집문으로 교체; L106961~L107161 수동 재독; 회차 필드 경계 교정, 기계적 note를 장면별 편집문으로 교체; L106961~L107161 수동 재독; 회차 필드 경계 교정, 기계적 note를 장면별 편집문으로 교체"
614,614,L107162~L107325,PASS,EDIT,PASS,7,7,10,9,9,8,0.15/0.18/0.33/0.17/0.17,0.15/0.18/0.33/0.17/0.17,김태중의 축구협회장 당선과 메타버스 지분 교환을 확인한 뒤 중국 제약사의 델타 변이 백신 밀어주기를 감시한다,김태중이 17표로 축구협회장에 당선되고 메타버스 지분대가로 마이크로소프트 주식을 받는다.,"델타 변이와 중국 백신실패, 바이든 방한에서 반도체 예외권을 얻는 새 판이 열린다.",김태중의 축구협회장 당선과 메타버스 지분 교환을 확인한 뒤 중국 제약사의 델타 변이 백신 밀어주기를 감시한다; 가족결산 직후 중국의 자국백신 밀어주기가 델타 확진·의료마비를 부를 다음 국제위기로 떠오른다.; 김태중이 17표로 축구협회장에 당선되고 메타버스 지분대가로 마이크로소프트 주식을 받는다.,김태중의 축구협회장 당선과 메타버스 지분 교환을 확인한 뒤 중국 제약사의 델타 변이 백신 밀어주기를 감시한다; 가족결산 직후 중국의 자국백신 밀어주기가 델타 확진·의료마비를 부를 다음 국제위기로 떠오른다; 김태중이 17표로 축구협회장에 당선되고 메타버스 지분대가로 마이크로소프트 주식을 받는다,김태중이 17표로 축구협회장에 당선되고 메타버스 지분 대가로 MS 주식까지 받아 가족 역할과 투자보상이 함께 확정된다,김태중이 17표로 축구협회장에 당선되고 메타버스 지분 대가로 MS 주식까지 받아 가족 역할과 투자보상이 함께 확정된다,보상은 실제 지급만 세어 10→9 판정; 훅은 마지막 프레임의 열린 질문만 세어 9→8 판정
615,615,L107326~L107501,PASS,EDIT,PASS,7,7,8,8,8,7,0.28/0.12/0.31/0.07/0.22,0.28/0.12/0.31/0.07/0.22,바이든 방한 때 미국 반도체공장을 양보하고 중국 팹 자유·국채 협력을 얻는다,미국 반도체공장 투자와 중국 팹 자유·미국채 협력의 맞교환이 성립된다.,르네사스 화재로 칩이 부족해진 일본이 T 충전표준·장기계약에 굴복할지가 남는다.,바이든 방한 때 미국 반도체공장을 양보하고 중국 팹 자유·국채 협력을 얻는다; 미국채를 사 주는 금융관계까지 묶이면 반도체뿐 아니라 양국관계의 주도권도 태우로 이동할 수 있다.; 미국 반도체공장 투자와 중국 팹 자유·미국채 협력의 맞교환이 성립된다.,바이든 방한 때 미국 반도체공장을 양보하고 중국 팹 자유·국채 협력을 얻는다; 미국채를 사 주는 금융관계까지 묶이면 반도체뿐 아니라 양국관계의 주도권도 태우로 이동할 수 있다; 미국 반도체공장 투자와 중국 팹 자유·미국채 협력의 맞교환이 성립된다,바이든에게 미국 반도체공장을 양보하고 중국 팹 자유와 미 국채 협력을 받아 태우의 미중 선택권을 지킨다,바이든에게 미국 반도체공장을 양보하고 중국 팹 자유와 미 국채 협력을 받아 태우의 미중 선택권을 지킨다,훅은 마지막 프레임의 열린 질문만 세어 8→7 판정
616,616,L107502~L107680,PASS,PASS,PASS,7,7,9,9,8,8,0.23/0.14/0.27/0.06/0.30,0.23/0.14/0.27/0.06/0.30,르네사스 화재 뒤 일본 완성차에 칩을 주되 T충전망·EV 10년 계약을 묶는다,일본 업체가 차량용칩 대가로 T 충전시스템과 전기차 10년 계약조건을 수용한다.,중국이 델타 변이와 센트리언 공장철거 압박 앞에 백신자존심을 접을지가 열린다.,르네사스 화재 뒤 일본 완성차에 칩을 주되 T충전망·EV 10년 계약을 묶는다; T 규격을 쓰지 않으면 전기차칩 성능을 100퍼센트 내지 못한다는 설계가 사실상 강제가입 장치가 된다.; 일본 업체가 차량용칩 대가로 T 충전시스템과 전기차 10년 계약조건을 수용한다.,르네사스 화재 뒤 일본 완성차에 칩을 주되 T충전망·EV 10년 계약을 묶는다; T 규격을 쓰지 않으면 전기차칩 성능을 100퍼센트 내지 못한다는 설계가 사실상 강제가입 장치가 된다; 일본 업체가 차량용칩 대가로 T 충전시스템과 전기차 10년 계약조건을 수용한다,르네사스 화재 뒤 일본 완성차에 칩을 주되 T충전망과 전기차 10년 계약을 묶어 태우 표준을 받아내게 한다,르네사스 화재 뒤 일본 완성차에 칩을 주되 T충전망과 전기차 10년 계약을 묶어 태우 표준을 받아내게 한다,기존 점수·리본 유지; 원문 하드 경계와 인접 회차 대비 재확인
617,617,L107681~L107841,EDIT,EDIT,PASS,8,8,6,6,9,7,0.24/0.21/0.25/0.18/0.12,0.24/0.21/0.25/0.18/0.12,센트리언 공장 철거 엄포와 델타 실패로 중국을 다시 협상장에 세운다,공장철거 통보가 전달되고 델타 확산 실패 속 중국이 재협상을 요청하는 단계로 물러난다.,공장철거 통보 뒤 중국이 재협상을 요청하면 센트리언의 공장·시장 권리를 어떤 조건으로 지킬 것인가?,센트리언 공장 철거 엄포와 델타 실패로 중국을 다시 협상장에 세운다; 협상장을 박차고 나오는 행동 자체가 주도권이 태우에 있음을 각인시키는 전략이 된다.; 공장철거 통보가 전달되고 델타 확산 실패 속 중국이 재협상을 요청하는 단계로 물러난다.,센트리언 공장 철거 엄포와 델타 실패로 중국을 다시 협상장에 세운다; 협상장을 박차고 나오는 행동 자체가 주도권이 태우에 있음을 각인시키는 전략이 된다; 공장철거 통보가 전달되고 델타 확산 실패 속 중국이 재협상을 요청하는 단계로 물러난다,센트리언 공장 철거 엄포와 델타 확산 실패를 이용해 중국이 자존심을 접고 재협상하게 만든다,센트리언 공장 철거 엄포와 델타 확산 실패를 이용해 중국이 자존심을 접고 재협상하게 만든다,훅은 마지막 프레임의 열린 질문만 세어 9→7 판정
618,618,L107842~L108009,EDIT,EDIT,PASS,7,7,9,8,8,7,0.26/0.19/0.11/0.07/0.37,0.26/0.19/0.11/0.07/0.37,중국 동부 고밀도 시장을 센트리언 몫으로 받고 100조 원 이상 중국 부동산 공매도에 건다,센트리언의 중국 동부시장 권리와 합작유지가 확정되고 100조 원 이상 공매도가 실행된다.,센트리언의 중국 동부시장 권리와 100조 원대 부동산 숏을 실제 이익으로 결산할 수 있는가?,중국 동부 고밀도 시장을 센트리언 몫으로 받고 100조 원 이상 중국 부동산 공매도에 건다; 어느 국가의 눈치도 보지 않는 다국적 금융타워라 대규모 공격을 숨기고 이익은 태우에 집중할 수 있다.; 센트리언의 중국 동부시장 권리와 합작유지가 확정되고 100조 원 이상 공매도가 실행된다.,중국 동부 고밀도 시장을 센트리언 몫으로 받고 100조 원 이상 중국 부동산 공매도에 건다; 어느 국가의 눈치도 보지 않는 다국적 금융타워라 대규모 공격을 숨기고 이익은 태우에 집중할 수 있다; 센트리언의 중국 동부시장 권리와 합작유지가 확정되고 100조 원 이상 공매도가 실행된다,중국 동부 고밀도 시장을 센트리언 몫으로 받고 에버그란데 붕괴에 100조 원 이상을 걸어 보상이 자본전으로 번진다,중국 동부 고밀도 시장을 센트리언 몫으로 받고 에버그란데 붕괴에 100조 원 이상을 걸어 보상이 자본전으로 번진다,보상은 실제 지급만 세어 9→8 판정; 훅은 마지막 프레임의 열린 질문만 세어 8→7 판정
619,619,L108010~L108186,EDIT,EDIT,PASS,8,8,8,5,8,8,0.16/0.36/0.20/0.11/0.17,0.16/0.36/0.20/0.11/0.17,수에즈 좌초 소식을 받자 태우 선박을 우회시키고 중장비·예인선을 투입해 자비로 운하 구조작업을 시작한다.,"태우 선박 우회와 중장비·예인선 투입, 자비 구조작전을 시작한다. 운하는 아직 막혀 있고 구조결과·보상은 없다.",투입한 중장비·예인선이 수에즈 운하를 실제 열고 이집트의 신뢰·보상으로 이어질 수 있는가?,수에즈 좌초 때 태우선박을 우회시키고 중장비·예인선으로 운하를 나흘 만에 연다; 대가를 먼저 요구하지 않는 순수한 도움 연기가 아프리카연합의 장기신뢰를 사는 최적 수단이 된다.; 운하가 나흘 만에 재개통되고 태우는 이집트 신뢰와 2억 달러 확장공사 협상권을 얻는다.,"수에즈 좌초 소식을 받자 태우 선박을 우회시키고 중장비·예인선을 투입해 자비로 운하 구조작업을 시작한다; 우회로로 태우 선박 피해를 줄이고 구조장비를 집중하지만 운하는 아직 막혀 있으며 재개통·보상은 남는다; 태우 선박 우회와 중장비·예인선 투입, 자비 구조작전을 시작한다. 운하는 아직 막혀 있고 구조결과·보상은 없다",태우 중장비와 예인선이 좌초 선박을 빼 나흘 만에 운하를 열고 2억 달러 확장공사와 이집트 신뢰를 얻는다,"수에즈 좌초 소식이 오자 태우 선박을 우회시키고 중장비·예인선을 자비로 투입해 구조작업을 시작한다. 현장에서는 준설과 예인이 이어지고 보험사의 비용지원도 관리청으로 돌리지만 운하는 막힌 채라, 구조결과와 보상보다 투입 행동에 오래 머문다.","보상은 실제 지급만 세어 8→5 판정; L108010~L108186 수동 재독; 점수·리본 유지, 기계적 note만 장면별 편집문으로 교체; L108010~L108186 수동 재독; 기계적 note를 장면별 편집문으로 교체; L108010~L108186 수동 재독; 기계적 note를 장면별 편집문으로 교체; L108010~L108186 수동 재독; 기계적 note를 장면별 편집문으로 교체; L108010~L108186 수동 재독; 기계적 note를 장면별 편집문으로 교체; L108010~L108186 수동 재독; 기계적 note를 장면별 편집문으로 교체; L108010~L108186 수동 재독; 회차 필드 경계 교정, 기계적 note를 장면별 편집문으로 교체; L108010~L108186 수동 재독; 회차 필드 경계 교정, 기계적 note를 장면별 편집문으로 교체; L108010~L108186 수동 재독; 회차 필드 경계 교정, 기계적 note를 장면별 편집문으로 교체; L108010~L108186 수동 재독; 회차 필드 경계 교정, 기계적 note를 장면별 편집문으로 교체; L108010~L108186 수동 재독; 회차 필드 경계 교정, 기계적 note를 장면별 편집문으로 교체; L108010~L108186 수동 재독; 회차 필드 경계 교정, 기계적 note를 장면별 편집문으로 교체; L108010~L108186 수동 재독; 회차 필드 경계 교정, 기계적 note를 장면별 편집문으로 교체"
620,620,L108187~L108349,EDIT,EDIT,PASS,8,8,7,9,9,8,0.29/0.27/0.12/0.18/0.14,0.29/0.27/0.12/0.18/0.14,"수에즈 운하를 나흘 만에 열어 우선 통항권·확장공사 약속을 받고, 로나 스테이블코인의 구조적 허점을 공개한다",수에즈 통항우선권·확장공사 약속이 확정되고 로나 취약성 공개·공매도가 시작된다.,"수에즈 보상을 확보한 뒤 막 시작한 로나 구조 공개·공매도가 언제 어떤 규모로 결산되고, 세계 폭우가 실물 공급망을 얼마나 끊을 것인가?","수에즈 운하를 나흘 만에 열어 우선 통항권·확장공사 약속을 받고, 로나 스테이블코인의 구조적 허점을 공개한다; 금융위험보다 더 큰 세계 폭우가 곧 에너지·식량대란을 몰고 온다는 압박이 마지막에 전면화된다.; 수에즈 통항우선권·확장공사 약속이 확정되고 로나 취약성 공개·공매도가 시작된다.","수에즈 운하를 나흘 만에 열어 우선 통항권·확장공사 약속을 받고, 로나 스테이블코인의 구조적 허점을 공개한다; 금융위험보다 더 큰 세계 폭우가 곧 에너지·식량대란을 몰고 온다는 압박이 마지막에 전면화된다; 수에즈 통항우선권·확장공사 약속이 확정되고 로나 취약성 공개·공매도가 시작된다",경제학자와 공매도로 로나 스테이블코인의 허점을 공격한 뒤 폭우가 에너지·식량 대란을 예고한다,"수에즈를 나흘 만에 열어 우선 통항권과 확장공사 약속을 받은 장면에서 앞 회차의 투입이 크게 결산된다. 곧바로 로나 스테이블코인의 구조적 허점을 공개하고 공매도를 시작해, 물류 보상을 금융 붕괴의 새 긴장으로 급전환한다.","보상은 실제 지급만 세어 7→9 판정; 훅은 마지막 프레임의 열린 질문만 세어 9→8 판정; L108187~L108349 수동 재독; 점수·리본 유지, 기계적 note만 장면별 편집문으로 교체; L108187~L108349 수동 재독; 기계적 note를 장면별 편집문으로 교체; L108187~L108349 수동 재독; 기계적 note를 장면별 편집문으로 교체; L108187~L108349 수동 재독; 기계적 note를 장면별 편집문으로 교체; L108187~L108349 수동 재독; 기계적 note를 장면별 편집문으로 교체; L108187~L108349 수동 재독; 기계적 note를 장면별 편집문으로 교체; L108187~L108349 수동 재독; 기계적 note를 장면별 편집문으로 교체; L108187~L108349 수동 재독; 기계적 note를 장면별 편집문으로 교체; L108187~L108349 수동 재독; 기계적 note를 장면별 편집문으로 교체; L108187~L108349 수동 재독; 기계적 note를 장면별 편집문으로 교체; L108187~L108349 수동 재독; 기계적 note를 장면별 편집문으로 교체; L108187~L108349 수동 재독; 기계적 note를 장면별 편집문으로 교체; L108187~L108349 수동 재독; 기계적 note를 장면별 편집문으로 교체"
621,621,L108350~L108523,PASS,EDIT,PASS,7,7,9,7,8,7,0.20/0.25/0.09/0.07/0.39,0.20/0.25/0.09/0.07/0.39,중국 폭우·폭염·탄광침수로 석탄난이 오자 비축물량과 해운을 가동한다,호주·몽골 비축석탄 판매와 고운임 운송이 시작돼 태우상사 수익·지위가 상승한다.,농지침수와 곡물가 상승에 맞서 한국 식량자급을 어떤 체제로 바꿀지가 열린다.,중국 폭우·폭염·탄광침수로 석탄난이 오자 비축물량과 해운을 가동한다; 태우상사가 과거 상사맨 전성기처럼 다시 한국경제의 주요축이 될 역할이 확인된다.; 호주·몽골 비축석탄 판매와 고운임 운송이 시작돼 태우상사 수익·지위가 상승한다.,중국 폭우·폭염·탄광침수로 석탄난이 오자 비축물량과 해운을 가동한다; 태우상사가 과거 상사맨 전성기처럼 다시 한국경제의 주요축이 될 역할이 확인된다; 호주·몽골 비축석탄 판매와 고운임 운송이 시작돼 태우상사 수익·지위가 상승한다,중국 폭우와 탄광침수 때 선점한 호주·몽골 석탄과 태우 해운이 3배에서 10배 운임 수익으로 돌아온다,중국 폭우와 탄광침수 때 선점한 호주·몽골 석탄과 태우 해운이 3배에서 10배 운임 수익으로 돌아온다,보상은 실제 지급만 세어 9→7 판정; 훅은 마지막 프레임의 열린 질문만 세어 8→7 판정
622,622,L108524~L108692,PASS,EDIT,PASS,6,6,6,6,8,7,0.34/0.13/0.12/0.11/0.30,0.34/0.13/0.12/0.11/0.30,식량가 급등과 곡물메이저 압박에 스마트팜·위성·AI와 기업농 법안을 준비한다,스마트팜·농업위성·AI 유통망과 기업농 법안의 기본설계가 완성된다.,기업농에 필요한 농지를 어떻게 확보하고 자율주행·당 후계문제까지 청와대에서 어떻게 묶을지가 남는다.,식량가 급등과 곡물메이저 압박에 스마트팜·위성·AI와 기업농 법안을 준비한다; 식량도 전략무기가 되는 시대라 자급률 30퍼센트 한국을 바꿀 명분과 태우상사 이익이 일치한다.; 스마트팜·농업위성·AI 유통망과 기업농 법안의 기본설계가 완성된다.,식량가 급등과 곡물메이저 압박에 스마트팜·위성·AI와 기업농 법안을 준비한다; 식량도 전략무기가 되는 시대라 자급률 30퍼센트 한국을 바꿀 명분과 태우상사 이익이 일치한다; 스마트팜·농업위성·AI 유통망과 기업농 법안의 기본설계가 완성된다,곡물메이저 압박 속 스마트팜·위성·AI와 기업농 법안을 엮어 한국 식량자급과 태우 유통지배를 설계한다,"중국 폭우와 곡물가격 급등을 보고 스마트팜·농업위성·AI 유통망과 기업농 법안의 기본틀을 만든다. 기술·법의 설계는 지급됐지만 필요한 농지와 실제 입법은 정하지 않아, 식량위기가 장기 국가사업으로 커지는 정보량이 행동보다 앞선다.","훅은 마지막 프레임의 열린 질문만 세어 8→7 판정; L108524~L108692 수동 재독; 회차 필드 경계 교정, 표본 note를 현재 화 표면으로 교정; L108524~L108692 수동 재독; 회차 필드 경계 교정, 표본 note를 현재 화 표면으로 교정; L108524~L108692 수동 재독; 회차 필드 경계 교정, 표본 note를 현재 화 표면으로 교정; L108524~L108692 수동 재독; 회차 필드 경계 교정, 표본 note를 현재 화 표면으로 교정; L108524~L108692 수동 재독; 회차 필드 경계 교정, 표본 note를 현재 화 표면으로 교정; L108524~L108692 수동 재독; 회차 필드 경계 교정, 표본 note를 현재 화 표면으로 교정; L108524~L108692 수동 재독; 회차 필드 경계 교정, 표본 note를 현재 화 표면으로 교정; L108524~L108692 수동 재독; 회차 필드 경계 교정, 표본 note를 현재 화 표면으로 교정; L108524~L108692 수동 재독; 회차 필드 경계 교정, 표본 note를 현재 화 표면으로 교정; L108524~L108692 수동 재독; 회차 필드 경계 교정, 표본 note를 현재 화 표면으로 교정"
623,623,L108693~L108858,PASS,EDIT,PASS,5,5,8,8,8,7,0.31/0.12/0.18/0.07/0.32,0.31/0.12/0.18/0.07/0.32,명동 투자금을 꼭대기 전에 회수하고 일본 슈퍼앱·레벨5 자율차·국내 평야 매입을 점검한다,명동 투자금 회수와 일본 플랫폼·레벨5·평야 매입현황이 확인되고 청와대 담판이 결정된다.,최재석이 제주 실증·기업농 법과 함께 퇴임 뒤 당 후계문제까지 꺼낼지가 열린다.,명동 투자금을 꼭대기 전에 회수하고 일본 슈퍼앱·레벨5 자율차·국내 평야 매입을 점검한다; 기업농과 완전자율주행 모두 정부규제 없이는 불가능해 최재석과 한 자리에서 풀어야 한다.; 명동 투자금 회수와 일본 플랫폼·레벨5·평야 매입현황이 확인되고 청와대 담판이 결정된다.,명동 투자금을 꼭대기 전에 회수하고 일본 슈퍼앱·레벨5 자율차·국내 평야 매입을 점검한다; 기업농과 완전자율주행 모두 정부규제 없이는 불가능해 최재석과 한 자리에서 풀어야 한다; 명동 투자금 회수와 일본 플랫폼·레벨5·평야 매입현황이 확인되고 청와대 담판이 결정된다,명동 투자금을 꼭대기 전에 회수해 일본 슈퍼앱·레벨5 자율차·국내 평야라는 실물기반으로 옮긴다,명동 투자금을 꼭대기 전에 회수해 일본 슈퍼앱·레벨5 자율차·국내 평야라는 실물기반으로 옮긴다,훅은 마지막 프레임의 열린 질문만 세어 8→7 판정
624,624,L108859~L109020,PASS,EDIT,PASS,6,6,7,7,8,7,0.22/0.20/0.32/0.13/0.13,0.22/0.20/0.32/0.13/0.13,최재석에게 제주 자율주행 실증과 기업농을 요구하고 후계자 선정을 돕기로 한다,제주 실증·기업농 추진과 후계자 선정을 함께 돕는 김민재·최재석 합의가 성립된다.,제주 무인주행이 성공할지와 3천 명 당원 속 배신자를 강 대위가 찾아낼지가 남는다.,최재석에게 제주 자율주행 실증과 기업농을 요구하고 후계자 선정을 돕기로 한다; 국민경제당이 서로 다른 진영을 모르는 사이 대화합의 장으로 만들었다는 후계구도가 드러난다.; 제주 실증·기업농 추진과 후계자 선정을 함께 돕는 김민재·최재석 합의가 성립된다.,최재석에게 제주 자율주행 실증과 기업농을 요구하고 후계자 선정을 돕기로 한다; 국민경제당이 서로 다른 진영을 모르는 사이 대화합의 장으로 만들었다는 후계구도가 드러난다; 제주 실증·기업농 추진과 후계자 선정을 함께 돕는 김민재·최재석 합의가 성립된다,최재석에게 제주 자율주행 실증과 기업농을 요구하고 국민경제당 후계자 선정까지 돕겠다고 약속한다,최재석에게 제주 자율주행 실증과 기업농을 요구하고 국민경제당 후계자 선정까지 돕겠다고 약속한다,훅은 마지막 프레임의 열린 질문만 세어 8→7 판정
625,625,L109021~L109183,EDIT,EDIT,PASS,8,8,6,7,9,8,0.24/0.31/0.22/0.17/0.06,0.24/0.31/0.22/0.17/0.06,제주 무인주행 성공을 확인하고 강 대위에게 국민경제당 당원 3천 명을 검증해 내부 배신자를 찾으라고 지시한다.,제주 무인주행 성공과 당원 3천 명 검증자료·수사방식을 확보한다. 배신자 신원·증거는 아직 전이다.,강 대위가 3천 명 자료에서 실제 배신자와 자금망을 특정해 증거로 넘길 수 있는가?,제주 무인주행을 성공시키고 당원 3천 명을 검증해 내부 배신자를 찾는다; 수많은 유사작전을 해 온 강 대위가 자신 있게 웃어 내부정리 실행가능성이 높아진다.; 제주 무인주행이 성공하고 3천 명 당원검증 자료·수사방식이 준비된다.,제주 무인주행 성공을 확인하고 강 대위에게 국민경제당 당원 3천 명을 검증해 내부 배신자를 찾으라고 지시한다; 수많은 유사작전을 해 온 강 대위가 자신 있게 웃어 내부정리 실행가능성이 높아진다; 제주 무인주행 성공과 당원 3천 명 검증자료·수사방식을 확보한다. 배신자 신원·증거는 아직 전이다,제주 무인주행 성공 직후 당원 3천 명을 검증하고 강 대위가 내부 배신자를 좁혀 정치조직의 불안을 키운다,"제주 무인주행 성공을 확인하는 기술 보상 뒤 강 대위에게 국민경제당 당원 3천 명을 검증하라고 맡긴다. 수사방식과 자료는 확보됐지만 배신자 신원·자금망은 없어서, 성취의 속도가 내부 의심과 추적 행동으로 곧바로 꺾인다.","보상은 실제 지급만 세어 6→7 판정; 훅은 마지막 프레임의 열린 질문만 세어 9→8 판정; L109021~L109183 수동 재독; 점수·리본 유지, 기계적 note만 장면별 편집문으로 교체; L109021~L109183 수동 재독; 기계적 note를 장면별 편집문으로 교체; L109021~L109183 수동 재독; 기계적 note를 장면별 편집문으로 교체; L109021~L109183 수동 재독; 기계적 note를 장면별 편집문으로 교체; L109021~L109183 수동 재독; 기계적 note를 장면별 편집문으로 교체; L109021~L109183 수동 재독; 기계적 note를 장면별 편집문으로 교체; L109021~L109183 수동 재독; 기계적 note를 장면별 편집문으로 교체; L109021~L109183 수동 재독; 기계적 note를 장면별 편집문으로 교체; L109021~L109183 수동 재독; 기계적 note를 장면별 편집문으로 교체; L109021~L109183 수동 재독; 기계적 note를 장면별 편집문으로 교체; L109021~L109183 수동 재독; 기계적 note를 장면별 편집문으로 교체; L109021~L109183 수동 재독; 기계적 note를 장면별 편집문으로 교체; L109021~L109183 수동 재독; 기계적 note를 장면별 편집문으로 교체"
626,626,L109184~L109346,PASS,EDIT,PASS,8,8,7,7,8,7,0.20/0.26/0.30/0.16/0.08,0.20/0.26/0.30/0.16/0.08,유석훈에게 배신 증거를 넘겨 국민경제당을 정리하고 북한 장남 정보는 내부처리만 지시한다,유석훈이 배신증거를 받아 당정리에 착수하고 장남 정보는 내부처리로 봉인된다.,중국 전력난을 이용해 장남의 연변 자금·물류기반을 만들 수 있을지가 열린다.,유석훈에게 배신 증거를 넘겨 국민경제당을 정리하고 북한 장남 정보는 내부처리만 지시한다; 국가가 아니면서 국가급 힘을 가진 태우만이 중국·북한 상대 비공식전략을 쓸 수 있다는 자신감이 확인된다.; 유석훈이 배신증거를 받아 당정리에 착수하고 장남 정보는 내부처리로 봉인된다.,유석훈에게 배신 증거를 넘겨 국민경제당을 정리하고 북한 장남 정보는 내부처리만 지시한다; 국가가 아니면서 국가급 힘을 가진 태우만이 중국·북한 상대 비공식전략을 쓸 수 있다는 자신감이 확인된다; 유석훈이 배신증거를 받아 당정리에 착수하고 장남 정보는 내부처리로 봉인된다,유석훈에게 배신 증거를 넘겨 국민경제당 내 총질을 정리하고 북한 장남 정보는 내부처리로 묶는다,유석훈에게 배신 증거를 넘겨 국민경제당 내 총질을 정리하고 북한 장남 정보는 내부처리로 묶는다,훅은 마지막 프레임의 열린 질문만 세어 8→7 판정
627,627,L109347~L109508,EDIT,EDIT,PASS,7,7,7,5,8,7,0.24/0.16/0.29/0.11/0.20,0.24/0.16/0.29/0.11/0.20,리강의 석탄 요청에 장기계약·연변 통로·북한탄 감시를 조건으로 건다,중국 장기석탄 거래와 연변 물류·북한탄 감시조건이 협상에 들어간다.,연변 돈주·유통망을 장남이 실제로 자기 세력으로 요리할지가 남는다.,리강의 석탄 요청에 장기계약·연변 통로·북한탄 감시를 조건으로 건다; 직접 돈을 주지 않아도 석탄유통과 연변기회를 제공하면 장남이 북한 안으로 파고들 수 있다.; 중국 장기석탄 거래와 연변 물류·북한탄 감시조건이 협상에 들어간다.,리강의 석탄 요청에 장기계약·연변 통로·북한탄 감시를 조건으로 건다; 직접 돈을 주지 않아도 석탄유통과 연변기회를 제공하면 장남이 북한 안으로 파고들 수 있다; 중국 장기석탄 거래와 연변 물류·북한탄 감시조건이 협상에 들어간다,리강의 석탄 요청에 장기계약과 연변 통로·북한탄 감시를 달아 장남의 자금·물류 기반을 만든다,"리강의 석탄 요청에 장기계약, 연변 통로, 북한탄 감시를 한 묶음의 역조건으로 건다. 중국 거래가 협상판에 오른 것만 지급되고, 마지막에는 연변 돈주와 유통망을 장남이 자기 세력으로 만들 수 있는지가 관계 훅을 차지한다.","보상은 실제 지급만 세어 7→5 판정; 훅은 마지막 프레임의 열린 질문만 세어 8→7 판정; L109347~L109508 수동 재독; 점수·리본 유지, 기계적 note만 장면별 편집문으로 교체; L109347~L109508 수동 재독; 기계적 note를 장면별 편집문으로 교체; L109347~L109508 수동 재독; 기계적 note를 장면별 편집문으로 교체; L109347~L109508 수동 재독; 기계적 note를 장면별 편집문으로 교체; L109347~L109508 수동 재독; 기계적 note를 장면별 편집문으로 교체; L109347~L109508 수동 재독; 기계적 note를 장면별 편집문으로 교체; L109347~L109508 수동 재독; 기계적 note를 장면별 편집문으로 교체; L109347~L109508 수동 재독; 기계적 note를 장면별 편집문으로 교체; L109347~L109508 수동 재독; 기계적 note를 장면별 편집문으로 교체; L109347~L109508 수동 재독; 기계적 note를 장면별 편집문으로 교체; L109347~L109508 수동 재독; 기계적 note를 장면별 편집문으로 교체; L109347~L109508 수동 재독; 기계적 note를 장면별 편집문으로 교체; L109347~L109508 수동 재독; 기계적 note를 장면별 편집문으로 교체"
628,628,L109509~L109656,PASS,EDIT,PASS,8,8,6,6,9,8,0.31/0.21/0.14/0.12/0.22,0.31/0.21/0.14/0.12/0.22,미국 허리케인으로 오른 유가에 크게 롱하고 에버그란데 공격세력과 손잡는다,유가 롱과 에버그란데 공격연합이 구축되고 상대세력까지 역포획할 판이 선다.,에버그란데 주가를 먼저 띄운 뒤 숏수익을 회수하고 그 돈을 장남에게 흘릴지가 열린다.,미국 허리케인으로 오른 유가에 크게 롱하고 에버그란데 공격세력과 손잡는다; 한 부회장은 중국 부동산뿐 아니라 장난질 세력·중국은행·쿠웨이트·독일자본까지 집어삼킬 계획을 갖는다.; 유가 롱과 에버그란데 공격연합이 구축되고 상대세력까지 역포획할 판이 선다.,미국 허리케인으로 오른 유가에 크게 롱하고 에버그란데 공격세력과 손잡는다; 한 부회장은 중국 부동산뿐 아니라 장난질 세력·중국은행·쿠웨이트·독일자본까지 집어삼킬 계획을 갖는다; 유가 롱과 에버그란데 공격연합이 구축되고 상대세력까지 역포획할 판이 선다,허리케인발 유가 상승에 크게 롱하고 에버그란데 공격세력과 손잡아 미래지식 밖 고위험 금융전을 연다,미국 허리케인 뒤 유가 롱을 키우고 에버그란데 공격세력과 손잡아 중국 은행·해외자본까지 역포획할 판을 짠다. 연합과 공격방향은 잡혔지만 주가부양·숏결산·자금회수는 전이라 고위험 계산이 실제 수익보다 오래 남는다.,"훅은 마지막 프레임의 열린 질문만 세어 9→8 판정; L109509~L109656 수동 재독; 회차 필드 경계 교정, 표본 note를 현재 화 표면으로 교정; L109509~L109656 수동 재독; 회차 필드 경계 교정, 표본 note를 현재 화 표면으로 교정; L109509~L109656 수동 재독; 회차 필드 경계 교정, 표본 note를 현재 화 표면으로 교정; L109509~L109656 수동 재독; 회차 필드 경계 교정, 표본 note를 현재 화 표면으로 교정; L109509~L109656 수동 재독; 회차 필드 경계 교정, 표본 note를 현재 화 표면으로 교정; L109509~L109656 수동 재독; 회차 필드 경계 교정, 표본 note를 현재 화 표면으로 교정; L109509~L109656 수동 재독; 회차 필드 경계 교정, 표본 note를 현재 화 표면으로 교정; L109509~L109656 수동 재독; 회차 필드 경계 교정, 표본 note를 현재 화 표면으로 교정; L109509~L109656 수동 재독; 회차 필드 경계 교정, 표본 note를 현재 화 표면으로 교정; L109509~L109656 수동 재독; 회차 필드 경계 교정, 표본 note를 현재 화 표면으로 교정"
629,629,L109657~L109844,PASS,EDIT,PASS,7,7,9,8,8,7,0.18/0.22/0.21/0.09/0.30,0.18/0.22/0.21/0.09/0.30,에버그란데 주가를 띄운 뒤 공매도 수익을 거두고 연변 돈주로 장남을 지원한다,에버그란데 공매도 수익이 실현되고 연변 돈주·석탄유통 기반이 장남 쪽으로 넘어간다.,북한의 해킹·암호화폐·도박 자금을 막아 장남의 연변의존을 더 높일지가 남는다.,에버그란데 주가를 띄운 뒤 공매도 수익을 거두고 연변 돈주로 장남을 지원한다; 태우는 재료만 주고 요리는 장남의 능력에 맡겨 직접개입 흔적을 줄인다.; 에버그란데 공매도 수익이 실현되고 연변 돈주·석탄유통 기반이 장남 쪽으로 넘어간다.,에버그란데 주가를 띄운 뒤 공매도 수익을 거두고 연변 돈주로 장남을 지원한다; 태우는 재료만 주고 요리는 장남의 능력에 맡겨 직접개입 흔적을 줄인다; 에버그란데 공매도 수익이 실현되고 연변 돈주·석탄유통 기반이 장남 쪽으로 넘어간다,에버그란데 주가를 띄운 뒤 공매도 수익을 거두고 연변 돈주와 석탄 유통을 장남의 기반으로 넘긴다,에버그란데 주가를 띄운 뒤 공매도 수익을 거두고 연변 돈주와 석탄 유통을 장남의 기반으로 넘긴다,보상은 실제 지급만 세어 9→8 판정; 훅은 마지막 프레임의 열린 질문만 세어 8→7 판정
630,630,L109845~L110005,EDIT,EDIT,PASS,8,8,7,7,9,7,0.22/0.27/0.18/0.15/0.18,0.22/0.27/0.18/0.15/0.18,북한 해킹·암호화폐·도박 자금을 막아 연변 의존을 높이고 조지를 일본 공격에 투입한다,북한 불법자금 차단망이 가동되고 장남의 연변기반 상대우위가 커지며 조지가 일본전에 배치된다.,조지가 일본 금융전에 배치된 뒤 어떤 목표·자금·공격시점을 정해 첫 행동에 나설 것인가?,북한 해킹·암호화폐·도박 자금을 막아 연변 의존을 높이고 조지를 일본 공격에 투입한다; 튀어나온 일본이라는 못을 조지라는 능숙한 장인에게 맡길 시점이 왔다는 다음 상대가 정해진다.; 북한 불법자금 차단망이 가동되고 장남의 연변기반 상대우위가 커지며 조지가 일본전에 배치된다.,북한 해킹·암호화폐·도박 자금을 막아 연변 의존을 높이고 조지를 일본 공격에 투입한다; 튀어나온 일본이라는 못을 조지라는 능숙한 장인에게 맡길 시점이 왔다는 다음 상대가 정해진다; 북한 불법자금 차단망이 가동되고 장남의 연변기반 상대우위가 커지며 조지가 일본전에 배치된다,북한 해킹·암호화폐·도박 자금을 막아 연변 의존을 높이고 조지를 엔화 공격에 투입하며 다음 전장을 연다,북한 해킹·암호화폐·도박 자금을 막아 연변 의존을 높이고 조지를 엔화 공격에 투입하며 다음 전장을 연다,훅은 마지막 프레임의 열린 질문만 세어 9→7 판정
631,631,L110006~L110171,EDIT,EDIT,PASS,8,8,5,7,9,8,0.29/0.22/0.20/0.15/0.14,0.29/0.22/0.20/0.15/0.14,리강에게 러시아의 3월 침공 정보를 확인하고 금융타워 자본 절반을 에너지에 건다,리강 정보로 3월 침공시계가 확인되고 에너지 자본배치가 승인된다.,리강에게서 확인한 3월 침공시계와 에너지 자본배치가 실제 개전 때 어떤 수익·공급망 우위로 바뀔 것인가?,리강에게 러시아의 3월 침공 정보를 확인하고 금융타워 자본 절반을 에너지에 건다; 김민재는 어떤 일이 있어도 원하는 상황을 만들고 손해보지 않겠다는 의지를 한 부회장에게 분명히 한다.; 리강 정보로 3월 침공시계가 확인되고 에너지 자본배치가 승인된다.,리강에게 러시아의 3월 침공 정보를 확인하고 금융타워 자본 절반을 에너지에 건다; 김민재는 어떤 일이 있어도 원하는 상황을 만들고 손해보지 않겠다는 의지를 한 부회장에게 분명히 한다; 리강 정보로 3월 침공시계가 확인되고 에너지 자본배치가 승인된다,리강에게 러시아의 3월 침공 정보를 확인하고 금융타워 자본 절반을 에너지에 걸어 최대 전쟁 베팅을 시작한다,리강에게 러시아의 3월 침공 정보를 확인하고 금융타워 자본 절반을 에너지에 걸어 최대 전쟁 베팅을 시작한다,보상은 실제 지급만 세어 5→7 판정; 훅은 마지막 프레임의 열린 질문만 세어 9→8 판정
632,632,L110172~L110332,PASS,PASS,PASS,9,9,5,5,8,8,0.19/0.39/0.18/0.14/0.10,0.19/0.39/0.18/0.14/0.10,말리 쿠데타가 리튬광산을 빼앗자 MBS·로만을 통해 바그너를 투입한다,MBS·로만 경로로 바그너 계약이 성립되고 말리 광산탈환 작전이 시작된다.,광산을 되찾은 뒤 바그너와 어느 정도 거리를 두고 제재위험을 제한할지가 남는다.,말리 쿠데타가 리튬광산을 빼앗자 MBS·로만을 통해 바그너를 투입한다; 아프리카 영향력을 지키려면 피에 굶주린 세력을 써서라도 잔인한 억지력을 보여야 한다는 판단이 선다.; MBS·로만 경로로 바그너 계약이 성립되고 말리 광산탈환 작전이 시작된다.,말리 쿠데타가 리튬광산을 빼앗자 MBS·로만을 통해 바그너를 투입한다; 아프리카 영향력을 지키려면 피에 굶주린 세력을 써서라도 잔인한 억지력을 보여야 한다는 판단이 선다; MBS·로만 경로로 바그너 계약이 성립되고 말리 광산탈환 작전이 시작된다,말리 쿠데타로 리튬광산을 빼앗기자 MBS·로만 경로로 바그너를 투입해 피를 부르는 탈환전에 들어간다,말리 쿠데타로 리튬광산을 빼앗기자 MBS·로만 경로로 바그너를 투입해 피를 부르는 탈환전에 들어간다,기존 점수·리본 유지; 원문 하드 경계와 인접 회차 대비 재확인
633,633,L110333~L110512,EDIT,EDIT,PASS,7,7,8,8,7,6,0.17/0.31/0.16/0.10/0.26,0.17/0.31/0.16/0.10/0.26,바그너가 말리 광산을 복구하자 직접 유착은 피하고 억지력만 남긴다,말리 리튬광산이 복구되고 바그너와 제한적 연락·억지관계가 남는다.,되찾은 말리 광산을 유지하면서 바그너와 거리를 두고 민간피해·제재 위험을 제한할 수 있는가?,바그너가 말리 광산을 복구하자 직접 유착은 피하고 억지력만 남긴다; 필요할 때 써먹을 수는 있으나 친해질 필요는 없다는 이용거리의 선이 정해진다.; 말리 리튬광산이 복구되고 바그너와 제한적 연락·억지관계가 남는다.,바그너가 말리 광산을 복구하자 직접 유착은 피하고 억지력만 남긴다; 필요할 때 써먹을 수는 있으나 친해질 필요는 없다는 이용거리의 선이 정해진다; 말리 리튬광산이 복구되고 바그너와 제한적 연락·억지관계가 남는다,바그너가 말리 광산을 복구하자 김민재는 직접 유착을 피하고 자산 억지력만 남겨 보상과 제재위험을 함께 정리한다,바그너가 말리 광산을 복구하자 김민재는 직접 유착을 피하고 자산 억지력만 남겨 보상과 제재위험을 함께 정리한다,훅은 마지막 프레임의 열린 질문만 세어 7→6 판정
634,634,L110513~L110687,EDIT,EDIT,PASS,5,5,7,6,8,6,0.33/0.12/0.25/0.18/0.12,0.33/0.12/0.25/0.18/0.12,오미크론으로 코로나 종식을 읽고 최재석에게 러시아전쟁의 굴종외교를 피하라고 한다,오미크론을 종식전환점으로 판단하고 러우전쟁 독립외교 원칙이 최재석과 공유된다.,오미크론을 종식 전환점으로 삼고 러우전쟁 속에서도 최재석 정부가 굴종 없이 독자외교를 실행할 수 있는가?,오미크론으로 코로나 종식을 읽고 최재석에게 러시아전쟁의 굴종외교를 피하라고 한다; 태우와 한국이 이미 공급주도권을 쥐고 있어 얕보는 상대는 누구든 무릎 꿇릴 수 있다는 자신감이 확인된다.; 오미크론을 종식전환점으로 판단하고 러우전쟁 독립외교 원칙이 최재석과 공유된다.,오미크론으로 코로나 종식을 읽고 최재석에게 러시아전쟁의 굴종외교를 피하라고 한다; 태우와 한국이 이미 공급주도권을 쥐고 있어 얕보는 상대는 누구든 무릎 꿇릴 수 있다는 자신감이 확인된다; 오미크론을 종식전환점으로 판단하고 러우전쟁 독립외교 원칙이 최재석과 공유된다,오미크론으로 코로나 종식을 읽고 최재석에게 러시아전쟁에서 굴종외교를 피하라고 해 준비된 국가의 자신감을 준다,오미크론으로 코로나 종식을 읽고 최재석에게 러시아전쟁에서 굴종외교를 피하라고 해 준비된 국가의 자신감을 준다,보상은 실제 지급만 세어 7→6 판정; 훅은 마지막 프레임의 열린 질문만 세어 8→6 판정
635,635,L110688~L110860,EDIT,EDIT,PASS,8,8,7,8,8,7,0.20/0.28/0.20/0.19/0.13,0.20/0.28/0.20/0.19/0.13,이 상무의 CNC가 북한으로 흘러가는 것을 허용하고 기업농 법안을 통과시킨다,CNC 유입경로가 유지·감시되고 기업농 법안이 국회에서 통과된다.,통과한 기업농 법이 예상한 농민반발을 버티며 실제 생산·유통개혁으로 이어질 수 있는가?,이 상무의 CNC가 북한으로 흘러가는 것을 허용하고 기업농 법안을 통과시킨다; 법 통과가 2021년 마지막을 시끄럽게 하고 최재석 지지율 최저점을 만들 비용임이 현실화된다.; CNC 유입경로가 유지·감시되고 기업농 법안이 국회에서 통과된다.,이 상무의 CNC가 북한으로 흘러가는 것을 허용하고 기업농 법안을 통과시킨다; 법 통과가 2021년 마지막을 시끄럽게 하고 최재석 지지율 최저점을 만들 비용임이 현실화된다; CNC 유입경로가 유지·감시되고 기업농 법안이 국회에서 통과된다,이 상무의 CNC가 북한으로 흐르게 두는 한편 야당 몸싸움을 뚫고 기업농 법안을 통과시켜 두 전선을 전진시킨다,이 상무의 CNC가 북한으로 흐르게 두는 한편 야당 몸싸움을 뚫고 기업농 법안을 통과시켜 두 전선을 전진시킨다,보상은 실제 지급만 세어 7→8 판정; 훅은 마지막 프레임의 열린 질문만 세어 8→7 판정
636,636,L110861~L111037,EDIT,EDIT,PASS,8,8,6,6,7,6,0.24/0.24/0.18/0.18/0.16,0.24/0.24/0.18/0.18/0.16,농민시위 속 가격효과를 밀고 손실 나는 28GHz를 자율주행·스마트팜 때문에 유지한다,기업농 정책과 28GHz 유지방침이 철회되지 않고 가격·기술 실증을 계속한다.,손실을 감수해 지킨 기업농·28GHz가 농산물 가격과 자율주행·스마트팜의 실제 장기효과를 낼 것인가?,농민시위 속 가격효과를 밀고 손실 나는 28GHz를 자율주행·스마트팜 때문에 유지한다; 계열사 하나가 손해봐도 조직전체가 이익이면 그 길을 간다는 장기경영 원칙이 재확인된다.; 기업농 정책과 28GHz 유지방침이 철회되지 않고 가격·기술 실증을 계속한다.,농민시위 속 가격효과를 밀고 손실 나는 28GHz를 자율주행·스마트팜 때문에 유지한다; 계열사 하나가 손해봐도 조직전체가 이익이면 그 길을 간다는 장기경영 원칙이 재확인된다; 기업농 정책과 28GHz 유지방침이 철회되지 않고 가격·기술 실증을 계속한다,농민시위와 지지율 하락 속에서도 기업농 효과를 밀고 적자 나는 28GHz를 자율주행·스마트팜 때문에 유지한다,농민시위와 지지율 하락 속에서도 기업농 효과를 밀고 적자 나는 28GHz를 자율주행·스마트팜 때문에 유지한다,훅은 마지막 프레임의 열린 질문만 세어 7→6 판정
637,637,L111038~L111207,PASS,EDIT,PASS,3,3,8,8,8,7,0.10/0.09/0.42/0.31/0.08,0.10/0.09/0.42/0.31/0.08,김태중이 손자의 과부하를 걱정하자 EPL 리즈 구단을 선물하겠다고 한다,리즈 인수결정과 김태중에게 줄 구단주 역할이 구체화된다.,구단 매도 측과 어떤 성적연동 조건을 주고 EPL 심사를 넘을지가 남는다.,김태중이 손자의 과부하를 걱정하자 EPL 리즈 구단을 선물하겠다고 한다; 한 부회장도 이미 할아버지 품에 들어간 선물을 되찾을 수 없을 만큼 가족약속이 확정적이다.; 리즈 인수결정과 김태중에게 줄 구단주 역할이 구체화된다.,김태중이 손자의 과부하를 걱정하자 EPL 리즈 구단을 선물하겠다고 한다; 한 부회장도 이미 할아버지 품에 들어간 선물을 되찾을 수 없을 만큼 가족약속이 확정적이다; 리즈 인수결정과 김태중에게 줄 구단주 역할이 구체화된다,과로하는 손자를 걱정하는 김태중에게 김민재가 EPL 리즈 구단을 선물하겠다고 해 가족 빚의 보상이 구체화된다,"과로하는 손자를 걱정하는 김태중에게 EPL 리즈 구단을 선물하겠다고 약속한다. 인수결정과 가족의 기대만 생긴 상태라 매도 측 인물·가격·성적연동 조건은 다음 화로 미루고, 조손의 휴식과 책임 대화에 시간을 둔다.","훅은 마지막 프레임의 열린 질문만 세어 8→7 판정; L111038~L111207 수동 재독; 회차 필드 경계 교정, 표본 note를 현재 화 표면으로 교정; L111038~L111207 수동 재독; 회차 필드 경계 교정, 표본 note를 현재 화 표면으로 교정; L111038~L111207 수동 재독; 회차 필드 경계 교정, 표본 note를 현재 화 표면으로 교정; L111038~L111207 수동 재독; 회차 필드 경계 교정, 표본 note를 현재 화 표면으로 교정; L111038~L111207 수동 재독; 회차 필드 경계 교정, 표본 note를 현재 화 표면으로 교정; L111038~L111207 수동 재독; 회차 필드 경계 교정, 표본 note를 현재 화 표면으로 교정; L111038~L111207 수동 재독; 회차 필드 경계 교정, 표본 note를 현재 화 표면으로 교정; L111038~L111207 수동 재독; 회차 필드 경계 교정, 표본 note를 현재 화 표면으로 교정; L111038~L111207 수동 재독; 회차 필드 경계 교정, 표본 note를 현재 화 표면으로 교정; L111038~L111207 수동 재독; 회차 필드 경계 교정, 표본 note를 현재 화 표면으로 교정"
638,638,L111208~L111361,EDIT,EDIT,PASS,6,6,9,6,7,7,0.14/0.16/0.34/0.13/0.23,0.14/0.16/0.34/0.13/0.23,데이비드가 안드레아에게 1억 파운드 성적연동 옵션을 제시해 리즈 인수조건에 합의하고 EPL 심사를 기다린다.,안드레아와 1억 파운드 성적연동 인수조건에 합의한다. EPL 승인과 구단 소유권 이전은 아직 전이다.,EPL 심사를 통과해 인수합의를 실제 구단 소유권으로 바꾸고 선수·감독 영입을 시작할 수 있는가?,데이비드가 안드레아에게 1억 파운드 성적연동 옵션을 제시해 리즈를 확보한다; 다른 구단주에 영향력이 있는 태우·금융타워라 리그심사도 일반 인수자보다 유리해진다.; 안드레아와 1억 파운드 성적연동 인수조건이 합의된다.,데이비드가 안드레아에게 1억 파운드 성적연동 옵션을 제시해 리즈 인수조건에 합의하고 EPL 심사를 기다린다; 다른 구단주에 영향력이 있는 태우·금융타워라 리그심사도 일반 인수자보다 유리해진다; 안드레아와 1억 파운드 성적연동 인수조건에 합의한다. EPL 승인과 구단 소유권 이전은 아직 전이다,데이비드가 안드레아에게 1억 파운드 성적연동 옵션을 제시해 손실을 제한하면서 리즈 인수를 성사시킨다,"데이비드가 안드레아에게 성적에 따라 최대 1억 파운드를 주는 리즈 인수 옵션을 제시해 조건 합의를 얻는다. 협상 관계와 가격표는 닫히지만 EPL 심사와 소유권 이전은 남아, 선수·감독 영입의 기대를 서두르지 않는다.","보상은 실제 지급만 세어 9→6 판정; L111208~L111361 수동 재독; 점수·리본 유지, 기계적 note만 장면별 편집문으로 교체; L111208~L111361 수동 재독; 기계적 note를 장면별 편집문으로 교체; L111208~L111361 수동 재독; 기계적 note를 장면별 편집문으로 교체; L111208~L111361 수동 재독; 기계적 note를 장면별 편집문으로 교체; L111208~L111361 수동 재독; 기계적 note를 장면별 편집문으로 교체; L111208~L111361 수동 재독; 기계적 note를 장면별 편집문으로 교체; L111208~L111361 수동 재독; 기계적 note를 장면별 편집문으로 교체; L111208~L111361 수동 재독; 기계적 note를 장면별 편집문으로 교체; L111208~L111361 수동 재독; 기계적 note를 장면별 편집문으로 교체; L111208~L111361 수동 재독; 기계적 note를 장면별 편집문으로 교체; L111208~L111361 수동 재독; 기계적 note를 장면별 편집문으로 교체; L111208~L111361 수동 재독; 기계적 note를 장면별 편집문으로 교체; L111208~L111361 수동 재독; 기계적 note를 장면별 편집문으로 교체"
639,639,L111362~L111532,EDIT,EDIT,PASS,5,5,7,8,8,7,0.22/0.13/0.31/0.11/0.23,0.22/0.13/0.31/0.11/0.23,EPL 승인을 받고 홀랜드와 감독 등 스타 영입계획을 세운다.,EPL 인수승인이 나고 홀랜드·감독 등 스타 영입계획이 확정된다.,EPL 승인 뒤 홀랜드와 감독 등 스타 영입계획을 실제 계약으로 닫아 우승전력을 만들 수 있는가?,EPL 승인을 받고 홀란드·이강임과 감독 영입계획을 세운다; 금융타워 수장 한 부회장이 하이에나처럼 시장에 들어가 어떤 방식으로든 선수를 데려올 실행력이 있다.; EPL 인수승인이 나고 홀란드·이강임·감독 영입계획이 확정된다.,EPL 승인을 받고 홀랜드와 감독 등 스타 영입계획을 세운다; 금융타워 수장 한 부회장이 하이에나처럼 시장에 들어가 어떤 방식으로든 선수를 데려올 실행력이 있다; EPL 인수승인이 나고 홀랜드·감독 등 스타 영입계획이 확정된다,EPL 승인을 받고 김태중의 구단에 홀란드·이강임과 감독을 채울 계획을 세워 가족 선물을 실제 전력으로 바꾼다,까다로운 재무·인성심사를 통과해 EPL 구단 인수승인을 받는다. 마지막에는 홀랜드와 감독 등 스타 전력을 채울 계획만 세우므로 승인이라는 지위 보상 뒤 실제 선수계약은 남겨 둔다.,"보상은 실제 지급만 세어 7→8 판정; 훅은 마지막 프레임의 열린 질문만 세어 8→7 판정; L111362~L111532 수동 재독; 회차 필드 경계 교정, 표본 note를 현재 화 표면으로 교정; L111362~L111532 수동 재독; 회차 필드 경계 교정, 표본 note를 현재 화 표면으로 교정; L111362~L111532 수동 재독; 회차 필드 경계 교정, 표본 note를 현재 화 표면으로 교정; L111362~L111532 수동 재독; 회차 필드 경계 교정, 표본 note를 현재 화 표면으로 교정; L111362~L111532 수동 재독; 회차 필드 경계 교정, 표본 note를 현재 화 표면으로 교정; L111362~L111532 수동 재독; 회차 필드 경계 교정, 표본 note를 현재 화 표면으로 교정; L111362~L111532 수동 재독; 회차 필드 경계 교정, 표본 note를 현재 화 표면으로 교정; L111362~L111532 수동 재독; 회차 필드 경계 교정, 표본 note를 현재 화 표면으로 교정; L111362~L111532 수동 재독; 회차 필드 경계 교정, 표본 note를 현재 화 표면으로 교정; L111362~L111532 수동 재독; 회차 필드 경계 교정, 표본 note를 현재 화 표면으로 교정"
640,640,L111533~L111697,EDIT,EDIT,PASS,7,7,6,6,8,7,0.34/0.14/0.18/0.12/0.22,0.34/0.14/0.18/0.12/0.22,연준 금리인상·크레디트스위스·암호화폐 위험을 점검하고 홀랜드 고액계약을 감수한다.,위험자산 대응안과 홀랜드 고액계약 허용선이 함께 정해진다.,금융위험을 관리하면서 한 달 안에 홀랜드와 감독의 실제 계약을 성사시킬 수 있는가?,연준 금리인상·크레디트스위스·암호화폐 위험을 점검하고 홀란드 고액계약을 감수한다; 한 부회장에게 선수쇼핑은 금융스트레스를 푸는 취미라 전담동기까지 충분하다.; 위험자산 대응안과 홀란드 고액계약 허용선이 함께 정해진다.,연준 금리인상·크레디트스위스·암호화폐 위험을 점검하고 홀랜드 고액계약을 감수한다; 한 부회장에게 선수쇼핑은 금융스트레스를 푸는 취미라 전담동기까지 충분하다; 위험자산 대응안과 홀랜드 고액계약 허용선이 함께 정해진다,연준 금리인상과 크레디트스위스·암호화폐 위험을 점검하면서도 홀란드 고액계약을 감수한다,연준 금리인상과 크레디트스위스·암호화폐 위험을 점검하면서 홀랜드 고액계약을 감수할 예산선을 정한다. 이강임까지 포함한 영입 구상이 구체화되지만 실제 계약은 아직 전이다.,"훅은 마지막 프레임의 열린 질문만 세어 8→7 판정; L111533~L111697 수동 재독; 회차 필드 경계 교정, 표본 note를 현재 화 표면으로 교정; L111533~L111697 수동 재독; 회차 필드 경계 교정, 표본 note를 현재 화 표면으로 교정; L111533~L111697 수동 재독; 회차 필드 경계 교정, 표본 note를 현재 화 표면으로 교정; L111533~L111697 수동 재독; 회차 필드 경계 교정, 표본 note를 현재 화 표면으로 교정; L111533~L111697 수동 재독; 회차 필드 경계 교정, 표본 note를 현재 화 표면으로 교정; L111533~L111697 수동 재독; 회차 필드 경계 교정, 표본 note를 현재 화 표면으로 교정; L111533~L111697 수동 재독; 회차 필드 경계 교정, 표본 note를 현재 화 표면으로 교정; L111533~L111697 수동 재독; 회차 필드 경계 교정, 표본 note를 현재 화 표면으로 교정; L111533~L111697 수동 재독; 회차 필드 경계 교정, 표본 note를 현재 화 표면으로 교정; L111533~L111697 수동 재독; 회차 필드 경계 교정, 표본 note를 현재 화 표면으로 교정"
641,641,L111698~L111871,EDIT,EDIT,PASS,6,6,9,8,8,7,0.25/0.19/0.27/0.12/0.17,0.25/0.19/0.27/0.12/0.17,홀란드 3년 유럽조항을 포함해 영입하고 베이징올림픽 외교를 주도한다,홀란드의 3년 유럽이적 조항을 포함한 리즈 계약과 베이징 외교선이 성립된다.,"홀란드 영입과 베이징 외교선을 확보한 뒤, 다가오는 러우전쟁에서 미중 사이 독자공간을 어떻게 지킬 것인가?",홀란드 3년 유럽조항을 포함해 영입하고 베이징올림픽 외교를 주도한다; 미중 양쪽에서 이득을 취하려면 어느 한편이 아니라 주도권을 계속 쥐어야 한다는 원칙이 선다.; 홀란드의 3년 유럽이적 조항을 포함한 리즈 계약과 베이징 외교선이 성립된다.,홀란드 3년 유럽조항을 포함해 영입하고 베이징올림픽 외교를 주도한다; 미중 양쪽에서 이득을 취하려면 어느 한편이 아니라 주도권을 계속 쥐어야 한다는 원칙이 선다; 홀란드의 3년 유럽이적 조항을 포함한 리즈 계약과 베이징 외교선이 성립된다,홀란드의 3년 유럽조항을 받아 리즈에 영입하고 베이징올림픽 외교로 전쟁 전 국제 주도권을 쌓는다,홀란드의 3년 유럽조항을 받아 리즈에 영입하고 베이징올림픽 외교로 전쟁 전 국제 주도권을 쌓는다,보상은 실제 지급만 세어 9→8 판정; 훅은 마지막 프레임의 열린 질문만 세어 8→7 판정
642,642,L111872~L112067,EDIT,EDIT,PASS,10,8,9,8,10,6,0.12/0.33/0.24/0.25/0.06,0.12/0.33/0.24/0.25/0.06,장남이 이 상무의 CNC를 위조수표·암호화폐 역공으로 빼앗는다,이 상무의 돈·신뢰·CNC가 장남 쪽으로 넘어가 개인복수의 핵심이 닫힌다.,"돈·신뢰·CNC를 잃고도 상황을 이해하지 못하는 이 상무의 잔여망이 어디까지 무너지고, 장남은 빼앗은 기반을 어떻게 쓸 것인가?",장남이 이 상무의 CNC를 위조수표·암호화폐 역공으로 빼앗는다; 큰손들이 이 상무를 떠나도 그는 무슨 일이 벌어졌는지 이해하지 못할 만큼 완전히 고립된다.; 이 상무의 돈·신뢰·CNC가 장남 쪽으로 넘어가 개인복수의 핵심이 닫힌다.,장남이 이 상무의 CNC를 위조수표·암호화폐 역공으로 빼앗는다; 큰손들이 이 상무를 떠나도 그는 무슨 일이 벌어졌는지 이해하지 못할 만큼 완전히 고립된다; 이 상무의 돈·신뢰·CNC가 장남 쪽으로 넘어가 개인복수의 핵심이 닫힌다,장남이 위조수표와 암호화폐 역공으로 이 상무의 돈·신뢰를 붕괴시키는 순간 러시아가 우크라이나를 침공한다,장남이 위조수표와 암호화폐 역공으로 이 상무의 돈·신뢰를 붕괴시키는 순간 러시아가 우크라이나를 침공한다,긴장은 이 화에서 실제 맞닥뜨린 압박을 기준으로 10→8 판정; 보상은 실제 지급만 세어 9→8 판정; 훅은 마지막 프레임의 열린 질문만 세어 10→6 판정
643,643,L112068~L112240,EDIT,PASS,PASS,10,10,3,3,9,9,0.25/0.28/0.16/0.24/0.07,0.25/0.28/0.16/0.24/0.07,장남의 복수가 끝난 날 러시아가 우크라이나를 침공한다,침공이 확인되고 금융·정보·공급망의 전시작전이 즉시 가동된다.,침공 첫날 밤의 흐름을 바꾸되 한국·태우가 직접참전하지 않을 정보·공급망 개입수단은 무엇인가?,장남의 복수가 끝난 날 러시아가 우크라이나를 침공한다; 오늘 밤이 전쟁흐름을 정하지만 태우는 가만히 보지 않고 이미 유리한 방향으로 개입 중이다.; 침공이 확인되고 금융·정보·공급망의 전시작전이 즉시 가동된다.,장남의 복수가 끝난 날 러시아가 우크라이나를 침공한다; 오늘 밤이 전쟁흐름을 정하지만 태우는 가만히 보지 않고 이미 유리한 방향으로 개입 중이다; 침공이 확인되고 금융·정보·공급망의 전시작전이 즉시 가동된다,장남의 복수가 끝난 날 침공이 시작돼 김민재의 개인 원한선이 에너지·식량을 건 세계전쟁으로 교대한다,장남의 복수가 끝난 날 침공이 시작돼 김민재의 개인 원한선이 에너지·식량을 건 세계전쟁으로 교대한다,기존 점수·리본 유지; 원문 하드 경계와 인접 회차 대비 재확인
644,644,L112241~L112414,EDIT,EDIT,PASS,8,8,6,5,8,7,0.23/0.25/0.28/0.15/0.09,0.23/0.25/0.28/0.15/0.09,"천민정의 비밀 게임·플랫폼으로 친우크라이나 여론을 만들고, 직접지원 제약을 들은 뒤 최재석에게 쓸 수 있는 여러 우회방법이 있다고 알린다.",친우크라 정보전을 시작하고 한국이 직접지원하지 않고도 도울 수 있는 대안이 있음을 최재석에게 제시한다. 구체 탄약안·승인은 아직 전이다.,김민재가 가진 여러 방법 가운데 어떤 구조로 우크라이나와 한국 방산 모두를 돕고 직접지원 제약을 피할 것인가?,천민정의 비밀 게임·플랫폼으로 친우크라이나 여론을 만들고 최재석에게 간접 탄약지원을 제안한다; 우크라이나와 한국 방산 모두 이득을 보는 여러 우회방법이 준비돼 최재석의 답답함을 풀 수 있다.; 친우크라 정보전이 시작되고 미국 보충판매 형식의 탄약지원안이 청와대에 올라간다.,"천민정의 비밀 게임·플랫폼으로 친우크라이나 여론을 만들고, 직접지원 제약을 들은 뒤 최재석에게 쓸 수 있는 여러 우회방법이 있다고 알린다; 우크라이나와 한국 방산 모두 이득을 보는 여러 우회방법이 준비돼 최재석의 답답함을 풀 수 있다; 친우크라 정보전을 시작하고 한국이 직접지원하지 않고도 도울 수 있는 대안이 있음을 최재석에게 제시한다. 구체 탄약안·승인은 아직 전이다",천민정의 비밀 게임·플랫폼으로 친우크라이나 여론을 만들고 최재석에게 미국 보충판매식 탄약지원을 제안한다,"천민정의 비밀 게임·플랫폼으로 친우크라이나 여론을 만들고, 최재석에게 직접지원 제약을 피해 갈 방법이 여러 개라고 알린다. 정보전은 이미 움직이지만 구체 탄약안과 정부 승인은 감춰 두어 정치 관계와 선택지가 행동 결과보다 앞선다.","보상은 실제 지급만 세어 6→5 판정; 훅은 마지막 프레임의 열린 질문만 세어 8→7 판정; L112241~L112414 수동 재독; 점수·리본 유지, 기계적 note만 장면별 편집문으로 교체; L112241~L112414 수동 재독; 기계적 note를 장면별 편집문으로 교체; L112241~L112414 수동 재독; 기계적 note를 장면별 편집문으로 교체; L112241~L112414 수동 재독; 기계적 note를 장면별 편집문으로 교체; L112241~L112414 수동 재독; 기계적 note를 장면별 편집문으로 교체; L112241~L112414 수동 재독; 기계적 note를 장면별 편집문으로 교체; L112241~L112414 수동 재독; 기계적 note를 장면별 편집문으로 교체; L112241~L112414 수동 재독; 기계적 note를 장면별 편집문으로 교체; L112241~L112414 수동 재독; 기계적 note를 장면별 편집문으로 교체; L112241~L112414 수동 재독; 기계적 note를 장면별 편집문으로 교체; L112241~L112414 수동 재독; 기계적 note를 장면별 편집문으로 교체; L112241~L112414 수동 재독; 기계적 note를 장면별 편집문으로 교체; L112241~L112414 수동 재독; 기계적 note를 장면별 편집문으로 교체"
645,645,L112415~L112578,EDIT,EDIT,PASS,7,7,8,6,8,7,0.27/0.17/0.24/0.09/0.23,0.27/0.17/0.24/0.09/0.23,미국 보충판매 형식의 탄약·방산·원전·물류·식량 유럽계획을 데이비드에게 펼친다,유럽 방산·원전·물류·식량 패키지와 미국 보충판매 구조가 완성된다.,설계한 미국 보충판매·유럽 방산·원전·물류·식량 패키지를 실제 승인과 장기계약으로 바꿀 수 있는가?,미국 보충판매 형식의 탄약·방산·원전·물류·식량 유럽계획을 데이비드에게 펼친다; 탄약은 시작일 뿐이며 진짜 목표가 미국이 아니라 유럽 전체의 산업주도권임이 드러난다.; 유럽 방산·원전·물류·식량 패키지와 미국 보충판매 구조가 완성된다.,미국 보충판매 형식의 탄약·방산·원전·물류·식량 유럽계획을 데이비드에게 펼친다; 탄약은 시작일 뿐이며 진짜 목표가 미국이 아니라 유럽 전체의 산업주도권임이 드러난다; 유럽 방산·원전·물류·식량 패키지와 미국 보충판매 구조가 완성된다,데이비드에게 탄약·방산·원전·물류·식량 패키지를 펼쳐 전쟁 피해를 한국 산업의 유럽 진출판으로 바꾼다,데이비드에게 탄약·방산·원전·물류·식량 패키지를 펼쳐 전쟁 피해를 한국 산업의 유럽 진출판으로 바꾼다,보상은 실제 지급만 세어 8→6 판정; 훅은 마지막 프레임의 열린 질문만 세어 8→7 판정
646,646,L112579~L112742,EDIT,EDIT,PASS,8,8,6,5,9,8,0.24/0.26/0.21/0.13/0.16,0.24/0.26/0.21/0.13/0.16,니켈 공매도 마진콜에 몰린 창산 시안을 만나 구제조건을 묻고 현금 대신 인도네시아 니켈광산을 요구한다.,시안에게 금융타워가 거래소·중개사·대출선을 움직이는 구제 구상을 보여 주고 대가로 인도네시아 니켈광산을 요구한다. 광산 지분율·지급보증·합의는 아직 전이다.,시안이 그룹 구제의 대가로 인도네시아 니켈광산을 내놓을 것인가?,러시아전쟁으로 니켈 공매도에 걸린 창산 시안을 만나 구제조건을 묻는다; 김민재가 현금보다 인도네시아 니켈광산을 요구해 위기구제를 장기 배터리자산으로 바꾼다.; 시안이 광산양도 조건을 놓고 협상에 들어가고 200억 달러 보증안이 준비된다.,니켈 공매도 마진콜에 몰린 창산 시안을 만나 구제조건을 묻고 현금 대신 인도네시아 니켈광산을 요구한다; 김민재가 현금보다 인도네시아 니켈광산을 요구해 위기구제를 장기 배터리자산으로 바꾼다; 시안에게 금융타워가 거래소·중개사·대출선을 움직이는 구제 구상을 보여 주고 대가로 인도네시아 니켈광산을 요구한다. 광산 지분율·지급보증·합의는 아직 전이다,마진콜에 몰린 창산 시안을 만나 구제 대가로 인도네시아 니켈광산을 요구하며 배터리 자산 기회를 잡는다,니켈 공매도 마진콜에 몰린 창산의 시안을 만나 거래소·중개사·대출선을 움직이는 구제구상을 설명한다. 시안이 무엇이든 대가로 내겠다고 하자 인도네시아 니켈광산을 요구하는 데서 끊기므로 지분율·지급보증·소유권은 다음 화 몫이다.,"보상은 실제 지급만 세어 6→5 판정; 훅은 마지막 프레임의 열린 질문만 세어 9→8 판정; L112579~L112742 수동 재독; 점수·리본 유지, 기계적 note만 장면별 편집문으로 교체; L112579~L112742 수동 재독; 회차 필드 경계 교정, 기계적 note를 장면별 편집문으로 교체; L112579~L112742 수동 재독; 회차 필드 경계 교정, 기계적 note를 장면별 편집문으로 교체; L112579~L112742 수동 재독; 회차 필드 경계 교정, 기계적 note를 장면별 편집문으로 교체; L112579~L112742 수동 재독; 회차 필드 경계 교정, 기계적 note를 장면별 편집문으로 교체; L112579~L112742 수동 재독; 회차 필드 경계 교정, 기계적 note를 장면별 편집문으로 교체; L112579~L112742 수동 재독; 회차 필드 경계 교정, 기계적 note를 장면별 편집문으로 교체; L112579~L112742 수동 재독; 회차 필드 경계 교정, 기계적 note를 장면별 편집문으로 교체; L112579~L112742 수동 재독; 회차 필드 경계 교정, 기계적 note를 장면별 편집문으로 교체; L112579~L112742 수동 재독; 회차 필드 경계 교정, 기계적 note를 장면별 편집문으로 교체; L112579~L112742 수동 재독; 회차 필드 경계 교정, 기계적 note를 장면별 편집문으로 교체; L112579~L112742 수동 재독; 회차 필드 경계 교정, 기계적 note를 장면별 편집문으로 교체; L112579~L112742 수동 재독; 회차 필드 경계 교정, 기계적 note를 장면별 편집문으로 교체"
647,647,L112743~L112917,EDIT,EDIT,PASS,9,9,8,7,8,8,0.18/0.26/0.19/0.09/0.28,0.18/0.26/0.19/0.09/0.28,"시안의 니켈광산 양도와 200억 달러 지급보증에 합의하고, LME에 마진콜 무기한 유예를 요청한다.",인도네시아 니켈광산 양도·200억 달러 보증 합의를 얻는다. LME의 무기한 유예 수락과 실제 소유권 이전은 아직 남는다.,LME가 무기한 유예를 받아들이고 광산 소유권 이전까지 닫아 투기 롱을 시간압박에 넣을 수 있는가?,"시안의 니켈광산을 받고 200억 달러 지급보증을 서며 LME를 설득한다; 시간이 돈인 투기세력에게 무제한 유예는 사실상 사형선고라 상대방이 먼저 무너질 구조가 선다.; 인도네시아 니켈광산 양도와 200억 달러 보증, LME 마진콜 유예가 합의된다.","시안의 니켈광산 양도와 200억 달러 지급보증에 합의하고, LME에 마진콜 무기한 유예를 요청한다; 시간이 돈인 투기세력에게 무제한 유예는 사실상 사형선고라 상대방이 먼저 무너질 구조가 선다; 인도네시아 니켈광산 양도·200억 달러 보증 합의를 얻는다. LME의 무기한 유예 수락과 실제 소유권 이전은 아직 남는다",시안의 니켈광산을 받고 200억 달러 지급보증을 서며 LME에 마진콜 유예를 관철해 가격폭등을 꺾는다,"시안이 니켈광산 양도와 200억 달러 지급보증 교환을 받아들이며 전 회차의 제안이 합의로 올라선다. 곧바로 LME에 마진콜 무기한 유예를 요청해 실제 광산 이전과 시간압박의 완성은 남겨 두며, 지급과 새 규제 협상을 분리한다.","보상은 실제 지급만 세어 8→7 판정; L112743~L112917 수동 재독; 점수·리본 유지, 기계적 note만 장면별 편집문으로 교체; L112743~L112917 수동 재독; 기계적 note를 장면별 편집문으로 교체; L112743~L112917 수동 재독; 기계적 note를 장면별 편집문으로 교체; L112743~L112917 수동 재독; 기계적 note를 장면별 편집문으로 교체; L112743~L112917 수동 재독; 기계적 note를 장면별 편집문으로 교체; L112743~L112917 수동 재독; 기계적 note를 장면별 편집문으로 교체; L112743~L112917 수동 재독; 기계적 note를 장면별 편집문으로 교체; L112743~L112917 수동 재독; 기계적 note를 장면별 편집문으로 교체; L112743~L112917 수동 재독; 기계적 note를 장면별 편집문으로 교체; L112743~L112917 수동 재독; 기계적 note를 장면별 편집문으로 교체; L112743~L112917 수동 재독; 기계적 note를 장면별 편집문으로 교체; L112743~L112917 수동 재독; 기계적 note를 장면별 편집문으로 교체; L112743~L112917 수동 재독; 기계적 note를 장면별 편집문으로 교체"
648,648,L112918~L113086,EDIT,EDIT,PASS,7,7,10,9,9,6,0.16/0.24/0.18/0.08/0.34,0.16/0.24/0.18/0.08/0.34,LME 마진콜 유예로 헤지펀드를 물리고 동남아 정유로 러시아 에너지를 돌린다,니켈 투기세력이 손실을 보고 광산·가격안정이 굳어지며 러시아 원유가 동남아 거쳐 수익화된다.,니켈·러시아 에너지 결산 뒤 핵심광물과 제재 우회망을 제재위험 없이 장기 주도권으로 유지할 수 있는가?,LME 마진콜 유예로 헤지펀드를 물리고 동남아 정유로 러시아 에너지를 돌린다; 글로벌 진출이 아니라 태우가 직접 글로벌 주도권을 쥘 시대라는 지위상승이 확인된다.; 니켈 투기세력이 손실을 보고 광산·가격안정이 굳어지며 러시아 원유가 동남아 거쳐 수익화된다.,LME 마진콜 유예로 헤지펀드를 물리고 동남아 정유로 러시아 에너지를 돌린다; 글로벌 진출이 아니라 태우가 직접 글로벌 주도권을 쥘 시대라는 지위상승이 확인된다; 니켈 투기세력이 손실을 보고 광산·가격안정이 굳어지며 러시아 원유가 동남아 거쳐 수익화된다,LME 유예로 헤지펀드를 물리고 동남아 정유망으로 러시아 원유를 돌려 광물·에너지 공급망 이익을 회수한다,LME 유예로 헤지펀드를 물리고 동남아 정유망으로 러시아 원유를 돌려 광물·에너지 공급망 이익을 회수한다,보상은 실제 지급만 세어 10→9 판정; 훅은 마지막 프레임의 열린 질문만 세어 9→6 판정
649,649,L113087~L113249,EDIT,EDIT,PASS,7,7,7,5,9,8,0.34/0.15/0.18/0.15/0.18,0.34/0.15/0.18/0.15/0.18,폴란드·루마니아 방산·원전 협상을 넓히던 중 SVB의 200억 달러 채권매각을 포착한다,폴란드·루마니아 수주선이 확대되고 SVB 위기신호가 금융타워 비상분석 대상으로 올라온다.,SVB의 200억 달러 채권매각이 실제 뱅크런·유동성위기로 이어지는지 확인하고 어떤 조건으로 대응할 것인가?,폴란드·루마니아 방산·원전 협상을 넓히던 중 SVB의 200억 달러 채권매각을 포착한다; 손해를 감수한 장기채 매각 자체가 공식발표보다 심각한 유동성위기의 증거가 된다.; 폴란드·루마니아 수주선이 확대되고 SVB 위기신호가 금융타워 비상분석 대상으로 올라온다.,폴란드·루마니아 방산·원전 협상을 넓히던 중 SVB의 200억 달러 채권매각을 포착한다; 손해를 감수한 장기채 매각 자체가 공식발표보다 심각한 유동성위기의 증거가 된다; 폴란드·루마니아 수주선이 확대되고 SVB 위기신호가 금융타워 비상분석 대상으로 올라온다,폴란드·루마니아 방산·원전 협상 중 SVB의 200억 달러 채권매각을 포착해 수주전이 미국 은행위기로 교대한다,"폴란드·루마니아의 방산·원전 수주선을 넓히는 외교 보고 도중 SVB의 200억 달러 채권매각이 포착된다. 기존 사업의 낙관을 끊고 금융타워 비상분석으로 옮겨 가며, 뱅크런 여부와 대응조건이 마지막 프레임을 장악한다.","보상은 실제 지급만 세어 7→5 판정; 훅은 마지막 프레임의 열린 질문만 세어 9→8 판정; L113087~L113249 수동 재독; 점수·리본 유지, 기계적 note만 장면별 편집문으로 교체; L113087~L113249 수동 재독; 기계적 note를 장면별 편집문으로 교체; L113087~L113249 수동 재독; 기계적 note를 장면별 편집문으로 교체; L113087~L113249 수동 재독; 기계적 note를 장면별 편집문으로 교체; L113087~L113249 수동 재독; 기계적 note를 장면별 편집문으로 교체; L113087~L113249 수동 재독; 기계적 note를 장면별 편집문으로 교체; L113087~L113249 수동 재독; 기계적 note를 장면별 편집문으로 교체; L113087~L113249 수동 재독; 기계적 note를 장면별 편집문으로 교체; L113087~L113249 수동 재독; 기계적 note를 장면별 편집문으로 교체; L113087~L113249 수동 재독; 기계적 note를 장면별 편집문으로 교체; L113087~L113249 수동 재독; 기계적 note를 장면별 편집문으로 교체; L113087~L113249 수동 재독; 기계적 note를 장면별 편집문으로 교체; L113087~L113249 수동 재독; 기계적 note를 장면별 편집문으로 교체"
650,650,L113250~L113408,PASS,EDIT,PASS,8,8,5,5,9,8,0.31/0.12/0.29/0.14/0.14,0.31/0.12/0.29/0.14/0.14,다이아몬드의 보고로 SVB·연쇄은행 실패를 금융타워 통합 기회로 정한다,SVB·시그니처·리퍼블릭 등 연쇄위기 시나리오와 1달러 인수전략이 확정된다.,뱅크런이 실제화될 때 미국 금융당국이 금융타워의 인수조건을 받을지가 열린다.,다이아몬드의 보고로 SVB·연쇄은행 실패를 금융타워 통합 기회로 정한다; 김민재가 모든 전투를 자신에게 유리한 전장에서 일으킬 조건이 이미 형성됐다고 판단한다.; SVB·시그니처·리퍼블릭 등 연쇄위기 시나리오와 1달러 인수전략이 확정된다.,다이아몬드의 보고로 SVB·연쇄은행 실패를 금융타워 통합 기회로 정한다; 김민재가 모든 전투를 자신에게 유리한 전장에서 일으킬 조건이 이미 형성됐다고 판단한다; SVB·시그니처·리퍼블릭 등 연쇄위기 시나리오와 1달러 인수전략이 확정된다,다이먼 보고로 SVB와 연쇄은행 실패를 읽고 파월·옐런·FDIC를 상대로 1달러 인수할 전장을 설계한다,"다이먼의 이른 아침 보고로 미국 지역은행 연쇄위기를 확인하고 예금·부채를 함께 떠안을 1달러 인수전략을 세운다. 아직 미국 측 협상상대는 등장하지 않아, 은행 이름과 손실구조를 읽는 정보 점검 뒤 금융당국의 수락 여부만 남긴다.","훅은 마지막 프레임의 열린 질문만 세어 9→8 판정; L113250~L113408 수동 재독; 회차 필드 경계 교정, 표본 note를 현재 화 표면으로 교정; L113250~L113408 수동 재독; 회차 필드 경계 교정, 표본 note를 현재 화 표면으로 교정; L113250~L113408 수동 재독; 회차 필드 경계 교정, 표본 note를 현재 화 표면으로 교정; L113250~L113408 수동 재독; 회차 필드 경계 교정, 표본 note를 현재 화 표면으로 교정; L113250~L113408 수동 재독; 회차 필드 경계 교정, 표본 note를 현재 화 표면으로 교정; L113250~L113408 수동 재독; 회차 필드 경계 교정, 표본 note를 현재 화 표면으로 교정; L113250~L113408 수동 재독; 회차 필드 경계 교정, 표본 note를 현재 화 표면으로 교정; L113250~L113408 수동 재독; 회차 필드 경계 교정, 표본 note를 현재 화 표면으로 교정; L113250~L113408 수동 재독; 회차 필드 경계 교정, 표본 note를 현재 화 표면으로 교정; L113250~L113408 수동 재독; 회차 필드 경계 교정, 표본 note를 현재 화 표면으로 교정"
651,651,L113409~L113563,EDIT,EDIT,PASS,8,8,6,5,9,8,0.22/0.14/0.30/0.12/0.22,0.22/0.14/0.30/0.12/0.22,파월·옐런·FDIC 앞에서 SVB를 1달러에 인수하겠다고 제안한다,금융타워가 예금유동성을 책임지는 조건과 1달러 인수안이 미국 공식협상안에 오른다.,공식 협상안에 오른 1달러 인수를 미국 당국의 승인·서명과 실제 소유권 이전으로 닫을 수 있는가?,파월·옐런·FDIC 앞에서 SVB를 1달러에 인수하겠다고 제안한다; 1달러는 가격이 아니라 SVB를 살릴 유일한 주체에게 소유권을 넘기라는 정책해결책임이 명확해진다.; 금융타워가 예금유동성을 책임지는 조건과 1달러 인수안이 미국 공식협상안에 오른다.,파월·옐런·FDIC 앞에서 SVB를 1달러에 인수하겠다고 제안한다; 1달러는 가격이 아니라 SVB를 살릴 유일한 주체에게 소유권을 넘기라는 정책해결책임이 명확해진다; 금융타워가 예금유동성을 책임지는 조건과 1달러 인수안이 미국 공식협상안에 오른다,파월·옐런·FDIC 앞에서 예금자 유동성을 책임지는 대신 SVB를 1달러에 넘기라고 해 국가와 직접 흥정한다,파월·옐런·FDIC 앞에서 예금자 유동성을 책임지는 대신 SVB를 1달러에 넘기라고 해 국가와 직접 흥정한다,보상은 실제 지급만 세어 6→5 판정; 훅은 마지막 프레임의 열린 질문만 세어 9→8 판정
652,652,L113564~L113713,EDIT,EDIT,PASS,6,6,10,9,8,7,0.18/0.10/0.25/0.09/0.38,0.18/0.10/0.25/0.09/0.38,미 국채를 보유하고 유동성을 책임지는 조건으로 SVB를 받고 400억 달러 원전사업 약속을 얻는다,"SVB 1달러 인수와 예금보호·미 국채 유지, 400억 달러 원전사업 약속을 계약으로 얻는다. 은행 통합·원전사업 집행은 남는다.",SVB 인수계약을 실제 은행 통합으로 실행하고 400억 달러 원전사업 약속을 수주로 바꿀 수 있는가?,"미 국채를 보유하고 유동성을 책임지는 조건으로 SVB를 받고 400억 달러 원전사업 약속을 얻는다; 이번 거래가 태우의 원전업계 독식과 에너지 전체 장악의 시작점이 된다는 규모가 드러난다.; SVB 1달러 인수, 예금보호·미 국채 유지와 400억 달러 원전사업 약속이 확정된다.","미 국채를 보유하고 유동성을 책임지는 조건으로 SVB를 받고 400억 달러 원전사업 약속을 얻는다; 이번 거래가 태우의 원전업계 독식과 에너지 전체 장악의 시작점이 된다는 규모가 드러난다; SVB 1달러 인수와 예금보호·미 국채 유지, 400억 달러 원전사업 약속을 계약으로 얻는다. 은행 통합·원전사업 집행은 남는다",미 국채 보유와 유동성 보장을 조건으로 SVB와 400억 달러 원전사업 약속을 함께 받아 이중 보상을 확정한다,미 국채를 그대로 보유하고 유동성을 책임지는 조건으로 SVB를 1달러에 인수하고 예금보호까지 계약한다. 400억 달러 원전사업 약속도 함께 받아 자산·지위 보상이 집중되지만 은행 통합과 원전 수주는 이후 집행으로 분명히 남긴다.,"보상은 실제 지급만 세어 10→9 판정; 훅은 마지막 프레임의 열린 질문만 세어 8→7 판정; L113564~L113713 수동 재독; 점수·리본 유지, 기계적 note만 장면별 편집문으로 교체; L113564~L113713 수동 재독; 기계적 note를 장면별 편집문으로 교체; L113564~L113713 수동 재독; 기계적 note를 장면별 편집문으로 교체; L113564~L113713 수동 재독; 기계적 note를 장면별 편집문으로 교체; L113564~L113713 수동 재독; 기계적 note를 장면별 편집문으로 교체; L113564~L113713 수동 재독; 기계적 note를 장면별 편집문으로 교체; L113564~L113713 수동 재독; 기계적 note를 장면별 편집문으로 교체; L113564~L113713 수동 재독; 기계적 note를 장면별 편집문으로 교체; L113564~L113713 수동 재독; 기계적 note를 장면별 편집문으로 교체; L113564~L113713 수동 재독; 기계적 note를 장면별 편집문으로 교체; L113564~L113713 수동 재독; 기계적 note를 장면별 편집문으로 교체; L113564~L113713 수동 재독; 기계적 note를 장면별 편집문으로 교체; L113564~L113713 수동 재독; 기계적 note를 장면별 편집문으로 교체"
653,653,L113714~L113857,EDIT,EDIT,PASS,4,4,9,5,8,6,0.18/0.08/0.36/0.10/0.28,0.18/0.08/0.36/0.10/0.28,다이먼에게 SVB와 연쇄은행 통합을 맡기고 김민재가 곡물·에너지 세계전략에서 그의 충성·집행역할을 확인한다.,다이먼이 은행통합 책임과 미국 금융망 확대역할을 받아들인다. 실제 통합과 곡물·에너지 지배성과는 아직 전이다.,다이먼이 부실은행 통합을 실제 완수하고 김민재의 곡물·에너지 전략에 어떤 성과로 보답할 것인가?,다이아몬드가 은행들을 통합하고 김민재가 사우디로 원유카르텔을 흔들 준비를 한다; 자신을 미국 최고 금융사 대표로 만든 김민재에게 보답하겠다는 다이먼의 충성심이 더 커진다.; 다이먼이 은행통합 책임과 미국 금융망 확대역할을 받아들인다.,다이먼에게 SVB와 연쇄은행 통합을 맡기고 김민재가 곡물·에너지 세계전략에서 그의 충성·집행역할을 확인한다; 자신을 미국 최고 금융사 대표로 만든 김민재에게 보답하겠다는 다이먼의 충성심이 더 커진다; 다이먼이 은행통합 책임과 미국 금융망 확대역할을 받아들인다. 실제 통합과 곡물·에너지 지배성과는 아직 전이다,다이먼이 은행을 통합하며 자신을 미국 최고 금융사 대표로 만든 김민재의 약속을 갚겠다고 충성을 재확인한다,"다이먼에게 SVB와 연쇄 부실은행 통합을 맡기며 미국 금융망 확대의 책임을 건넨다. 김민재가 곡물·에너지 세계전략에서 그의 충성과 집행력을 되짚는 대화가 길어, 실제 통합 성과 없이 두 사람의 신뢰와 다음 임무만 확인한다.","보상은 실제 지급만 세어 9→5 판정; 훅은 마지막 프레임의 열린 질문만 세어 8→6 판정; L113714~L113857 수동 재독; 점수·리본 유지, 기계적 note만 장면별 편집문으로 교체; L113714~L113857 수동 재독; 기계적 note를 장면별 편집문으로 교체; L113714~L113857 수동 재독; 기계적 note를 장면별 편집문으로 교체; L113714~L113857 수동 재독; 기계적 note를 장면별 편집문으로 교체; L113714~L113857 수동 재독; 기계적 note를 장면별 편집문으로 교체; L113714~L113857 수동 재독; 기계적 note를 장면별 편집문으로 교체; L113714~L113857 수동 재독; 기계적 note를 장면별 편집문으로 교체; L113714~L113857 수동 재독; 기계적 note를 장면별 편집문으로 교체; L113714~L113857 수동 재독; 기계적 note를 장면별 편집문으로 교체; L113714~L113857 수동 재독; 기계적 note를 장면별 편집문으로 교체; L113714~L113857 수동 재독; 기계적 note를 장면별 편집문으로 교체; L113714~L113857 수동 재독; 기계적 note를 장면별 편집문으로 교체; L113714~L113857 수동 재독; 기계적 note를 장면별 편집문으로 교체"
654,654,L113858~L114028,EDIT,EDIT,PASS,5,5,8,5,8,6,0.28/0.18/0.15/0.07/0.32,0.28/0.18/0.15/0.07/0.32,기업농 성과 뒤 태우상사에 직거래·전자상거래 유통개혁을 맡긴다,직거래·전자상거래 유통개혁안과 조력기업 배치를 확정한다. 전국 유통망 실행·시장통제 성과는 아직 전이다.,직거래·전자상거래 유통개혁안을 법·물류·조력기업의 실제 실행체계로 만들 수 있는가?,기업농 성과 뒤 태우상사에 직거래·전자상거래 유통개혁을 맡긴다; 최재석의 마지막 숙원과 태우의 유통장악이 일치하되 여러 조연을 내세워 독식인상을 피할 설계가 끝난다.; 직거래·전자상거래 유통개혁안과 조력기업 배치가 확정된다.,기업농 성과 뒤 태우상사에 직거래·전자상거래 유통개혁을 맡긴다; 최재석의 마지막 숙원과 태우의 유통장악이 일치하되 여러 조연을 내세워 독식인상을 피할 설계가 끝난다; 직거래·전자상거래 유통개혁안과 조력기업 배치를 확정한다. 전국 유통망 실행·시장통제 성과는 아직 전이다,기업농의 가격 성과를 확인하고 태우상사에 직거래·전자상거래를 맡겨 생산에서 소비까지 유통망을 넓힌다,"기업농 성과를 확인한 뒤 태우상사에 생산자 직거래와 전자상거래를 결합한 유통개혁을 맡긴다. 협력기업과 설계도는 정했지만 전국 물류망은 아직 움직이지 않아, 돈보다 누가 생산자와 소비자를 직접 잇게 될지가 남는다.","보상은 실제 지급만 세어 8→5 판정; 훅은 마지막 프레임의 열린 질문만 세어 8→6 판정; L113858~L114028 수동 재독; 점수·리본 유지, 기계적 note만 장면별 편집문으로 교체; L113858~L114028 수동 재독; 기계적 note를 장면별 편집문으로 교체; L113858~L114028 수동 재독; 기계적 note를 장면별 편집문으로 교체; L113858~L114028 수동 재독; 기계적 note를 장면별 편집문으로 교체; L113858~L114028 수동 재독; 기계적 note를 장면별 편집문으로 교체; L113858~L114028 수동 재독; 기계적 note를 장면별 편집문으로 교체; L113858~L114028 수동 재독; 기계적 note를 장면별 편집문으로 교체; L113858~L114028 수동 재독; 기계적 note를 장면별 편집문으로 교체; L113858~L114028 수동 재독; 기계적 note를 장면별 편집문으로 교체; L113858~L114028 수동 재독; 기계적 note를 장면별 편집문으로 교체; L113858~L114028 수동 재독; 기계적 note를 장면별 편집문으로 교체; L113858~L114028 수동 재독; 기계적 note를 장면별 편집문으로 교체, 편집 메타어를 실제 장면·숫자·사람 반응으로 교체; L113858~L114028 수동 재독; 기계적 note를 장면별 편집문으로 교체, 편집 메타어를 실제 장면·숫자·사람 반응으로 교체"
655,655,L114029~L114192,EDIT,EDIT,PASS,7,7,7,7,9,7,0.27/0.19/0.17/0.16/0.21,0.27/0.19/0.17/0.16/0.21,중국에 잡힌 이 상무의 결말을 확인하고 조지의 엔캐리 작전을 승인한다,이 상무 잔여복수가 닫히고 조지에게 엔캐리 작전 전권이 주어진다.,엔캐리 전권을 받은 조지가 미래지식 없이도 일본 금융시장에서 첫 목표와 실행안을 만들 수 있는가?,중국에 잡힌 이 상무의 결말을 확인하고 조지의 엔캐리 작전을 승인한다; 태우·금융타워가 충분히 커져 이제는 미래를 아는 대신 원하는 방향으로 시대를 끌 수 있다는 자신감이 선다.; 이 상무 잔여복수가 닫히고 조지에게 엔캐리 작전 전권이 주어진다.,중국에 잡힌 이 상무의 결말을 확인하고 조지의 엔캐리 작전을 승인한다; 태우·금융타워가 충분히 커져 이제는 미래를 아는 대신 원하는 방향으로 시대를 끌 수 있다는 자신감이 선다; 이 상무 잔여복수가 닫히고 조지에게 엔캐리 작전 전권이 주어진다,중국에 붙잡힌 이 상무의 처분으로 복수 잔여선을 닫고 조지의 엔캐리 작전을 미래지식 없는 첫 전쟁으로 승인한다,중국에 붙잡힌 이 상무의 처분으로 복수 잔여선을 닫고 조지의 엔캐리 작전을 미래지식 없는 첫 전쟁으로 승인한다,훅은 마지막 프레임의 열린 질문만 세어 9→7 판정
656,656,L114193~L114366,EDIT,EDIT,PASS,8,8,8,8,8,7,0.22/0.29/0.16/0.13/0.20,0.22/0.29/0.16/0.13/0.20,금융타워를 거절한 리퍼블릭은행의 뱅크런을 방치해 본보기로 만들고 시그니처를 인수한다,시그니처은행 인수가 성립되고 리퍼블릭 뱅크런이 보호망 가입을 강제하는 본보기가 된다.,시그니처 편입과 리퍼블릭 본보기를 바탕으로 일본 금융사에서 초저금리 자금을 실제 끌어올 수 있는가?,금융타워를 거절한 리퍼블릭은행의 뱅크런을 방치해 본보기로 만들고 시그니처를 인수한다; 금융타워 요리사들이 거대한 먹잇감을 해체하고 김민재도 필요하면 직접 참여할 여지가 남는다.; 시그니처은행 인수가 성립되고 리퍼블릭 뱅크런이 보호망 가입을 강제하는 본보기가 된다.,금융타워를 거절한 리퍼블릭은행의 뱅크런을 방치해 본보기로 만들고 시그니처를 인수한다; 금융타워 요리사들이 거대한 먹잇감을 해체하고 김민재도 필요하면 직접 참여할 여지가 남는다; 시그니처은행 인수가 성립되고 리퍼블릭 뱅크런이 보호망 가입을 강제하는 본보기가 된다,보호망을 거절한 리퍼블릭은행 뱅크런을 방치해 본보기로 삼고 시그니처은행을 인수해 금융타워 편입을 촉진한다,보호망을 거절한 리퍼블릭은행 뱅크런을 방치해 본보기로 삼고 시그니처은행을 인수해 금융타워 편입을 촉진한다,훅은 마지막 프레임의 열린 질문만 세어 8→7 판정
657,657,L114367~L114535,EDIT,EDIT,PASS,7,7,8,5,8,7,0.25/0.14/0.14/0.07/0.40,0.25/0.14/0.14/0.07/0.40,일본 금융사들과 대규모 엔화차입 규모·금리·담보를 협상하고 미 국채·원유·에너지 자산배분 원칙을 제시한다.,일본 금융사들과 엔화차입·자산배분의 기본원칙을 협의한다. 70조 엔 최종계약과 자산매입은 아직 전이다.,차입 규모·금리·통화를 최종 합의해 실제 엔화자금을 확보하고 자산배분을 집행할 수 있는가?,일본에서 70조 원을 초저금리로 빌려 미 국채와 원유·에너지에 나눈다; 미 국채매입은 은행도 살리고 미국상대 주도권까지 주므로 차입을 쓸 이유가 충분하다.; 일본 금융사들과 대규모 엔화차입·자산배분 원칙이 합의된다.,일본 금융사들과 대규모 엔화차입 규모·금리·담보를 협상하고 미 국채·원유·에너지 자산배분 원칙을 제시한다; 미 국채매입은 은행도 살리고 미국상대 주도권까지 주므로 차입을 쓸 이유가 충분하다; 일본 금융사들과 엔화차입·자산배분의 기본원칙을 협의한다. 70조 엔 최종계약과 자산매입은 아직 전이다,일본에서 70조 원을 초저금리로 빌려 미 국채와 원유·에너지에 나눠 엔화 부채를 실물·정책 지렛대로 바꾼다,"일본 금융사들과 대규모 엔화차입의 규모·금리·담보를 맞추고 미 국채·원유·에너지로 나눌 자산배분 원칙을 제시한다. 70조 엔 최종계약과 실제 매입은 다음 단계라, 거액 자체보다 조건표를 조율하는 시간이 길다.","보상은 실제 지급만 세어 8→5 판정; 훅은 마지막 프레임의 열린 질문만 세어 8→7 판정; L114367~L114535 수동 재독; 점수·리본 유지, 기계적 note만 장면별 편집문으로 교체; L114367~L114535 수동 재독; 기계적 note를 장면별 편집문으로 교체; L114367~L114535 수동 재독; 기계적 note를 장면별 편집문으로 교체; L114367~L114535 수동 재독; 기계적 note를 장면별 편집문으로 교체; L114367~L114535 수동 재독; 기계적 note를 장면별 편집문으로 교체; L114367~L114535 수동 재독; 기계적 note를 장면별 편집문으로 교체; L114367~L114535 수동 재독; 기계적 note를 장면별 편집문으로 교체; L114367~L114535 수동 재독; 기계적 note를 장면별 편집문으로 교체; L114367~L114535 수동 재독; 기계적 note를 장면별 편집문으로 교체; L114367~L114535 수동 재독; 기계적 note를 장면별 편집문으로 교체; L114367~L114535 수동 재독; 기계적 note를 장면별 편집문으로 교체; L114367~L114535 수동 재독; 기계적 note를 장면별 편집문으로 교체; L114367~L114535 수동 재독; 기계적 note를 장면별 편집문으로 교체"
658,658,L114536~L114701,EDIT,EDIT,EDIT,8,8,8,7,9,8,0.22/0.13/0.31/0.09/0.25,0.27/0.10/0.29/0.10/0.24,70조 엔 엔캐리 계약을 확인한 뒤 크레디트스위스 1달러 인수와 스위스의 유럽 방공망 참여를 제안한다.,70조 엔 차입을 확정하고 크레디트스위스 1달러 인수·유럽 방공망 참여조건을 공식 제시한다. 스위스의 수락·소유권 이전은 아직 전이다.,스위스가 크레디트스위스 1달러 인수와 유럽 방공시스템 참여 제안을 받아들일 것인가?,엔캐리를 굳힌 뒤 크레디트스위스를 1달러에 받고 스위스의 유럽 방공망 참여를 요구한다; 김민재가 요구하는 정확한 관계가 유럽방공망이라는 답으로 공개돼 은행전이 방산시장전으로 변한다.; 70조 엔 차입이 확정되고 크레디트스위스 1달러 인수·방공망 참여조건이 공식 제시된다.,70조 엔 엔캐리 계약을 확인한 뒤 크레디트스위스 1달러 인수와 스위스의 유럽 방공망 참여를 제안한다; 김민재가 요구하는 정확한 관계가 유럽방공망이라는 답으로 공개돼 은행전이 방산시장전으로 변한다; 70조 엔 차입을 확정하고 크레디트스위스 1달러 인수·유럽 방공망 참여조건을 공식 제시한다. 스위스의 수락·소유권 이전은 아직 전이다,크레디트스위스를 1달러에 받는 대가로 스위스의 유럽 방공망 참여를 요구해 은행구제를 방산 진입카드로 쓴다,"70조 엔 차입계약을 확인한 뒤 크레디트스위스를 1달러에 인수하는 대신 스위스가 유럽 방공체계에 참여하라는 조건을 내민다. 제안은 공식화됐지만 스위스의 답과 은행 소유권은 없어, 중립국의 구체 제약을 다음 화 설명보다 앞당기지 않는다.","보상은 실제 지급만 세어 8→7 판정; 훅은 마지막 프레임의 열린 질문만 세어 9→8 판정; 리본은 실제 장면 체류에 맞춰 재배분; L114536~L114701 수동 재독; 회차 필드 경계 교정, 표본 note를 현재 화 표면으로 교정; L114536~L114701 수동 재독; 회차 필드 경계 교정, 표본 note를 현재 화 표면으로 교정; L114536~L114701 수동 재독; 회차 필드 경계 교정, 표본 note를 현재 화 표면으로 교정; L114536~L114701 수동 재독; 회차 필드 경계 교정, 표본 note를 현재 화 표면으로 교정; L114536~L114701 수동 재독; 회차 필드 경계 교정, 표본 note를 현재 화 표면으로 교정; L114536~L114701 수동 재독; 회차 필드 경계 교정, 표본 note를 현재 화 표면으로 교정; L114536~L114701 수동 재독; 회차 필드 경계 교정, 표본 note를 현재 화 표면으로 교정; L114536~L114701 수동 재독; 회차 필드 경계 교정, 표본 note를 현재 화 표면으로 교정; L114536~L114701 수동 재독; 회차 필드 경계 교정, 표본 note를 현재 화 표면으로 교정; L114536~L114701 수동 재독; 회차 필드 경계 교정, 표본 note를 현재 화 표면으로 교정"
659,659,L114702~L114855,EDIT,EDIT,EDIT,7,7,9,8,8,7,0.24/0.11/0.29/0.06/0.30,0.25/0.12/0.29/0.09/0.25,스위스의 크레디트스위스·방공망 조건 수락을 받고 EU에서 군수·원전·에너지 운송을 포함한 태우 모든 사업의 공정경쟁 지원을 확보한다.,스위스의 협상 수락과 EU의 태우 모든 사업 공정경쟁 지원을 얻는다. 폴란드 방산·체코 원전·로나 결과는 아직 전이다.,EU가 약속한 공정경쟁 지원을 실제 군수·원전·에너지 사업의 계약으로 바꿀 수 있는가?,스위스 지지를 지렛대로 EU 에너지·교통 사업의 태우 참가를 보장받는다; 원전을 필요로 하는 동유럽은 자국이익을 먼저 보므로 독·프 견제가 실제 계약을 막지 못한다.; 스위스 지지와 태우의 EU 에너지·교통사업 공정참가 보장이 성립된다.,스위스의 크레디트스위스·방공망 조건 수락을 받고 EU에서 군수·원전·에너지 운송을 포함한 태우 모든 사업의 공정경쟁 지원을 확보한다; 원전을 필요로 하는 동유럽은 자국이익을 먼저 보므로 독·프 견제가 실제 계약을 막지 못한다; 스위스의 협상 수락과 EU의 태우 모든 사업 공정경쟁 지원을 얻는다. 폴란드 방산·체코 원전·로나 결과는 아직 전이다,스위스 지지를 지렛대로 EU 에너지·교통 사업에서 태우 참가를 보장받아 금융 인수가 산업계약으로 지급된다,스위스의 조건 수락과 EU의 공정경쟁 지원을 받는다. 폴란드 방산·체코 원전·로나 결과 전이라 관계와 산업 진입권 지급에 머문다.,보상은 실제 지급만 세어 9→8 판정; 훅은 마지막 프레임의 열린 질문만 세어 8→7 판정; 리본은 실제 장면 체류에 맞춰 재배분
660,660,L114856~L114999,EDIT,EDIT,EDIT,7,7,10,8,8,8,0.18/0.20/0.15/0.10/0.37,0.23/0.18/0.16/0.08/0.35,폴란드 20조 원 방산 계약을 확인하고 체코 원전은 입찰·협상을 이어가며 로나 코인 공매도 그물을 마지막까지 조인다.,폴란드 20조 원 방산 계약과 로나 숏그물 완성을 얻는다. 체코 원전 계약·로나 폭락·베릴 복권은 아직 미지급이다.,공매도 그물을 조인 로나가 실제로 무너져 베릴의 경고와 금융방송 브랜드를 복권시킬 것인가?,폴란드 20조 원 방산·체코 원전 협상을 굳히고 로나 코인 공매도 그물을 마지막까지 조인다; 로나까지 이기면 베릴이 금융방송의 신이 되어 태우가 귀찮은 여론전을 맡길 자산이 된다.; 폴란드 방산·체코 원전 협상이 굳어지고 로나 숏그물·베릴의 반격조건이 완성된다.,폴란드 20조 원 방산 계약을 확인하고 체코 원전은 입찰·협상을 이어가며 로나 코인 공매도 그물을 마지막까지 조인다; 로나까지 이기면 베릴이 금융방송의 신이 되어 태우가 귀찮은 여론전을 맡길 자산이 된다; 폴란드 20조 원 방산 계약과 로나 숏그물 완성을 얻는다. 체코 원전 계약·로나 폭락·베릴 복권은 아직 미지급이다,폴란드 20조 방산과 체코 원전을 굳히고 로나코인 99퍼센트 폭락으로 베릴의 경고까지 입증한다,폴란드 20조 원 방산계약을 확인하고 체코 원전협상과 로나 공매도 포지션을 잇는다. 로나 99퍼센트 폭락은 다음 화 전이라 이 회차 보상은 산업계약과 공격 준비에 한정된다.,보상은 실제 지급만 세어 10→8 판정; 리본은 실제 장면 체류에 맞춰 재배분; L114856~L114999 수동 재독; 범용 중심·비중 문구를 장면 리듬으로 교체; L114856~L114999 수동 재독; 범용 중심·비중 문구를 장면 리듬으로 교체; L114856~L114999 수동 재독; 범용 중심·비중 문구를 장면 리듬으로 교체; L114856~L114999 수동 재독; 범용 중심·비중 문구를 장면 리듬으로 교체; L114856~L114999 수동 재독; 범용 중심·비중 문구를 장면 리듬으로 교체; L114856~L114999 수동 재독; 범용 중심·비중 문구를 장면 리듬으로 교체; L114856~L114999 수동 재독; 범용 중심·비중 문구를 장면 리듬으로 교체; L114856~L114999 수동 재독; 범용 중심·비중 문구를 장면 리듬으로 교체; L114856~L114999 수동 재독; 범용 중심·비중 문구를 장면 리듬으로 교체; L114856~L114999 수동 재독; 범용 중심·비중 문구를 장면 리듬으로 교체; L114856~L114999 수동 재독; 범용 중심·비중 문구를 장면 리듬으로 교체
661,661,L115000~L115169,PASS,EDIT,EDIT,5,6,7,9,8,7,0.13/0.12/0.39/0.26/0.10,0.14/0.18/0.28/0.16/0.24,로나 코인의 99퍼센트 폭락과 베릴의 공개 복권을 확인한 뒤 김태중에게 동남아 식량·러시아 에너지 순방을 부탁한다,로나가 99퍼센트 폭락해 베릴의 경고가 입증되고 김태중이 해외임무를 수락한다.,베트남·팜유 국가들이 한국에만 수출예외를 줄지가 남는다.,로나 코인의 99퍼센트 폭락과 베릴의 공개 복권을 확인한 뒤 김태중에게 동남아 식량·러시아 에너지 순방을 부탁한다; 위험을 알면서도 직접 처리하겠다는 김태중의 든든한 뒷모습 때문에 김민재가 말리지 못한다.; 로나가 99퍼센트 폭락해 베릴의 경고가 입증되고 김태중이 해외임무를 수락한다.,로나 코인의 99퍼센트 폭락과 베릴의 공개 복권을 확인한 뒤 김태중에게 동남아 식량·러시아 에너지 순방을 부탁한다; 위험을 알면서도 직접 처리하겠다는 김태중의 든든한 뒷모습 때문에 김민재가 말리지 못한다; 로나가 99퍼센트 폭락해 베릴의 경고가 입증되고 김태중이 해외임무를 수락한다,김민재가 로나코인 붕괴 뒤 김태중에게 동남아 식량·러시아에너지 순방을 부탁하고 할아버지가 위험을 알면서 맡는다,로나 99퍼센트 폭락과 베릴의 공개 복권을 확인한 뒤 김태중에게 해외임무를 부탁한다. 물질 보상 뒤 조손 관계와 감정 전환이 이어진다.,긴장은 이 화에서 실제 맞닥뜨린 압박을 기준으로 5→6 판정; 보상은 실제 지급만 세어 7→9 판정; 훅은 마지막 프레임의 열린 질문만 세어 8→7 판정; 리본은 실제 장면 체류에 맞춰 재배분
662,662,L115170~L115328,EDIT,EDIT,PASS,6,6,8,8,7,6,0.18/0.24/0.24/0.08/0.26,0.18/0.24/0.24/0.08/0.26,김태중이 베트남·동남아 농산물·팜유 수출예외를 확보한다,베트남·동남아 농산물과 팜유의 한국 수출예외가 확보된다.,김태중이 확보한 동남아 수출예외를 국내 유통·물가안정의 실제 지속성과로 만들 수 있는가?,김태중이 베트남·동남아 농산물·팜유 수출예외를 확보한다; 겉으로 정부정책처럼 보이는 물가안정 뒤에 태우가 유통시장을 조용히 움직이는 힘이 드러난다.; 베트남·동남아 농산물과 팜유의 한국 수출예외가 확보된다.,김태중이 베트남·동남아 농산물·팜유 수출예외를 확보한다; 겉으로 정부정책처럼 보이는 물가안정 뒤에 태우가 유통시장을 조용히 움직이는 힘이 드러난다; 베트남·동남아 농산물과 팜유의 한국 수출예외가 확보된다,김태중이 베트남·동남아 농산물과 팜유 수출예외를 받아 한국 물가를 낮추고 태우 유통망의 통제력을 증명한다,김태중이 베트남·동남아 농산물과 팜유 수출예외를 받아 한국 물가를 낮추고 태우 유통망의 통제력을 증명한다,훅은 마지막 프레임의 열린 질문만 세어 7→6 판정
663,663,L115329~L115484,PASS,EDIT,PASS,4,4,9,7,8,7,0.22/0.16/0.14/0.06/0.42,0.22/0.16/0.14/0.06/0.42,로봇 물류와 일본 3대 상사 지분 50퍼센트를 활용하고 엔캐리 500억 달러 이익을 전망한다,"로봇물류 운영성과, 일본 3대 상사 지분과 엔캐리 예상이익이 확인된다.",10만 석 경기장을 엔터·스포츠로 채워 국가브랜드까지 올릴지가 남는다.,"로봇 물류와 일본 3대 상사 지분 50퍼센트를 활용하고 엔캐리 500억 달러 이익을 전망한다; 태우 자본이면 한국인이 목말라한 대형공연·인프라도 채울 수 있다는 다음 소비·브랜드 활용이 열린다.; 로봇물류 운영성과, 일본 3대 상사 지분과 엔캐리 예상이익이 확인된다.","로봇 물류와 일본 3대 상사 지분 50퍼센트를 활용하고 엔캐리 500억 달러 이익을 전망한다; 태우 자본이면 한국인이 목말라한 대형공연·인프라도 채울 수 있다는 다음 소비·브랜드 활용이 열린다; 로봇물류 운영성과, 일본 3대 상사 지분과 엔캐리 예상이익이 확인된다",로봇 물류와 일본 3대 상사 지분 50퍼센트를 묶고 엔캐리 500억 달러 이익까지 전망해 현금원이 두꺼워진다,로봇 물류와 일본 3대 상사 지분 50퍼센트를 묶고 엔캐리 500억 달러 이익까지 전망해 현금원이 두꺼워진다,보상은 실제 지급만 세어 9→7 판정; 훅은 마지막 프레임의 열린 질문만 세어 8→7 판정
664,664,L115485~L115640,EDIT,EDIT,PASS,4,4,8,7,8,6,0.19/0.21/0.23/0.13/0.24,0.19/0.21/0.23/0.13/0.24,태우엔터·MCA·테일러 스위프트로 10만 석 경기장과 해외 스포츠 흥행을 채운다,태우엔터·MCA 협업과 테일러 스위프트 공연으로 대형시설의 흥행·수익성이 입증된다.,10만 석 경기장과 해외 스포츠 흥행을 반복 가능한 수익·국가브랜드로 굳힐 수 있는가?,태우엔터·MCA·테일러 스위프트로 10만 석 경기장과 해외 스포츠 흥행을 채운다; 마블과 태우스타디움은 한국을 아시아 엔터·스포츠 중심으로 만들 충분한 시작점이 된다.; 태우엔터·MCA 협업과 테일러 스위프트 공연으로 대형시설의 흥행·수익성이 입증된다.,태우엔터·MCA·테일러 스위프트로 10만 석 경기장과 해외 스포츠 흥행을 채운다; 마블과 태우스타디움은 한국을 아시아 엔터·스포츠 중심으로 만들 충분한 시작점이 된다; 태우엔터·MCA 협업과 테일러 스위프트 공연으로 대형시설의 흥행·수익성이 입증된다,태우엔터·MCA와 테일러 스위프트가 10만 석 경기장을 채워 대형 인프라가 문화·관광 수익과 브랜드로 살아난다,태우엔터·MCA와 테일러 스위프트가 10만 석 경기장을 채워 대형 인프라가 문화·관광 수익과 브랜드로 살아난다,보상은 실제 지급만 세어 8→7 판정; 훅은 마지막 프레임의 열린 질문만 세어 8→6 판정
665,665,L115641~L115809,PASS,EDIT,PASS,7,7,6,6,9,7,0.22/0.14/0.34/0.20/0.10,0.22/0.14/0.34/0.20/0.10,빈 살만이 개막축제에 오자 미·사우디 중재 가능성을 흘리고 곡물카르텔의 미국 농업 연맹 공격을 받는다,빈 살만의 중재가능성 언질과 미국 농업 연맹 공격정보가 확보돼 국제정치 역공안이 선다.,바이든이 방한해 통화스와프·반도체 특별대우를 내놓을지가 남는다.,빈 살만이 개막축제에 오자 미·사우디 중재 가능성을 흘리고 곡물카르텔의 미국 농업 연맹 공격을 받는다; 농민시위보다 고유가 지속이 바이든에게 더 큰 부담이라 백악관을 움직일 미끼가 생긴다.; 빈 살만의 중재가능성 언질과 미국 농업 연맹 공격정보가 확보돼 국제정치 역공안이 선다.,빈 살만이 개막축제에 오자 미·사우디 중재 가능성을 흘리고 곡물카르텔의 미국 농업 연맹 공격을 받는다; 농민시위보다 고유가 지속이 바이든에게 더 큰 부담이라 백악관을 움직일 미끼가 생긴다; 빈 살만의 중재가능성 언질과 미국 농업 연맹 공격정보가 확보돼 국제정치 역공안이 선다,빈 살만이 개막축제에 오자 김민재가 미·사우디 중재 가능성을 흘리고 미국 농업 연맹을 움직인 곡물카르텔을 되받을 관계 카드를 꺼낸다,빈 살만이 개막축제에 오자 김민재가 미·사우디 중재 가능성을 흘리고 미국 농업 연맹을 움직인 곡물카르텔을 되받을 관계 카드를 꺼낸다,훅은 마지막 프레임의 열린 질문만 세어 9→7 판정
666,666,L115810~L115982,PASS,EDIT,PASS,7,7,7,7,8,7,0.25/0.12/0.34/0.08/0.21,0.25/0.12/0.34/0.08/0.21,바이든의 방한을 유도해 한미 통화스와프·증시개혁과 사우디 중재를 묶는다,바이든 방한검토와 사우디 중재·한국 금융안전판의 거래틀이 성립된다.,백악관이 사우디 중재의 대가로 한국에 어떤 구체 양보를 내놓을지가 열린다.,바이든의 방한을 유도해 한미 통화스와프·증시개혁과 사우디 중재를 묶는다; 물고기가 미끼를 물었고 데이비드가 뜰채로 출구를 막는 단계까지 왔다.; 바이든 방한검토와 사우디 중재·한국 금융안전판의 거래틀이 성립된다.,바이든의 방한을 유도해 한미 통화스와프·증시개혁과 사우디 중재를 묶는다; 물고기가 미끼를 물었고 데이비드가 뜰채로 출구를 막는 단계까지 왔다; 바이든 방한검토와 사우디 중재·한국 금융안전판의 거래틀이 성립된다,바이든 방한을 유도해 한미 통화스와프·증시개혁과 사우디 중재·곡물카르텔 압박을 한 협상판에 올린다,"사우디 중재 가능성을 백악관에 흘려 미국 대통령의 방한검토와 한국 금융안전판을 한 거래틀에 올린다. 이 화는 데이비드가 여론·일정의 퇴로를 막는 유인 단계이며, 실제 방문과 통화스와프·증시개혁의 구체 약속은 다음 화 이후다.","훅은 마지막 프레임의 열린 질문만 세어 8→7 판정; L115810~L115982 수동 재독; 회차 필드 경계 교정, 표본 note를 현재 화 표면으로 교정; L115810~L115982 수동 재독; 회차 필드 경계 교정, 표본 note를 현재 화 표면으로 교정; L115810~L115982 수동 재독; 회차 필드 경계 교정, 표본 note를 현재 화 표면으로 교정; L115810~L115982 수동 재독; 회차 필드 경계 교정, 표본 note를 현재 화 표면으로 교정; L115810~L115982 수동 재독; 회차 필드 경계 교정, 표본 note를 현재 화 표면으로 교정; L115810~L115982 수동 재독; 회차 필드 경계 교정, 표본 note를 현재 화 표면으로 교정; L115810~L115982 수동 재독; 회차 필드 경계 교정, 표본 note를 현재 화 표면으로 교정; L115810~L115982 수동 재독; 회차 필드 경계 교정, 표본 note를 현재 화 표면으로 교정; L115810~L115982 수동 재독; 회차 필드 경계 교정, 표본 note를 현재 화 표면으로 교정; L115810~L115982 수동 재독; 회차 필드 경계 교정, 표본 note를 현재 화 표면으로 교정"
667,667,L115983~L116146,PASS,EDIT,PASS,6,6,9,8,8,8,0.18/0.10/0.39/0.09/0.24,0.18/0.10/0.39/0.09/0.24,바이든에게 금융타워를 보여 주고 반도체 특별대우를 받은 뒤 사우디 협상을 제안한다,반도체 특별대우·사우디 협상추진과 한국 금융요구가 합의된다.,MBS가 어떤 증산안을 내고 IRS가 곡물메이저를 굴복시킬지가 남는다.,바이든에게 금융타워를 보여 주고 반도체 특별대우를 받은 뒤 사우디 협상을 제안한다; 서로 원하는 것을 얻은 두 사람이 밝게 악수해 거래가 개인친분이 아닌 국가이해 합의로 굳어진다.; 반도체 특별대우·사우디 협상추진과 한국 금융요구가 합의된다.,바이든에게 금융타워를 보여 주고 반도체 특별대우를 받은 뒤 사우디 협상을 제안한다; 서로 원하는 것을 얻은 두 사람이 밝게 악수해 거래가 개인친분이 아닌 국가이해 합의로 굳어진다; 반도체 특별대우·사우디 협상추진과 한국 금융요구가 합의된다,바이든에게 금융타워를 보여 주고 반도체 특별대우를 받은 뒤 악수해 한국과 태우의 전략가치를 현직 대통령에게 확인받는다,바이든에게 금융타워를 보여 주고 반도체 특별대우를 받은 뒤 악수해 한국과 태우의 전략가치를 현직 대통령에게 확인받는다,보상은 실제 지급만 세어 9→8 판정
668,668,L116147~L116314,EDIT,EDIT,PASS,8,8,9,8,8,6,0.17/0.24/0.28/0.15/0.16,0.17/0.24/0.28/0.15/0.16,MBS에게 증산안을 받고 바이든·IRS가 곡물메이저를 압박하게 한다,미·사우디 증산협상과 곡물메이저의 태우 방해포기·세무조사 수용이 성립된다.,미·사우디 증산합의와 곡물메이저의 방해포기를 실제 공급·가격 변화로 끝까지 집행시킬 수 있는가?,MBS에게 증산안을 받고 바이든·IRS가 곡물메이저를 압박하게 한다; 화기애애한 간담회가 끝에는 사형집행장처럼 변할 만큼 IRS·백악관의 압력이 압도적이다.; 미·사우디 증산협상과 곡물메이저의 태우 방해포기·세무조사 수용이 성립된다.,MBS에게 증산안을 받고 바이든·IRS가 곡물메이저를 압박하게 한다; 화기애애한 간담회가 끝에는 사형집행장처럼 변할 만큼 IRS·백악관의 압력이 압도적이다; 미·사우디 증산협상과 곡물메이저의 태우 방해포기·세무조사 수용이 성립된다,MBS의 증산안을 받고 바이든과 IRS가 곡물메이저를 압박해 태우 방해 포기와 미·사우디 타결을 함께 끌어낸다,MBS의 증산안을 받고 바이든과 IRS가 곡물메이저를 압박해 태우 방해 포기와 미·사우디 타결을 함께 끌어낸다,보상은 실제 지급만 세어 9→8 판정; 훅은 마지막 프레임의 열린 질문만 세어 8→6 판정
669,669,L116315~L116471,PASS,EDIT,PASS,6,6,7,7,8,7,0.15/0.12/0.42/0.23/0.08,0.15/0.12/0.42/0.23/0.08,구단 급료와 생활비까지 막힌 로만의 사정을 듣고 제재에 걸리지 않는 지원 방법을 찾아 알려 주겠다고 약속하며 친구로서 연락을 계속한다.,"로만에게 지원 의사와 계속 연락할 관계를 확인하고, 로만은 언젠가 EPL에서 다시 만나겠다는 약속을 지키기 위해 버티겠다고 답한다. 급료 해결은 아직 전이다.",로만의 구단·생활 지원을 실제로 마무리하고 그가 유지한 러시아 인맥이 어떤 다음 정보를 가져올지가 열린다.,제재로 구단 급료가 막힌 로만을 간접 지원해 러시아 인맥을 보존한다; 적은 돈과 위로만으로 로만이 감격해 충성을 보이고 여전히 따르는 러시아 인맥의 가치가 확인된다.; 로만의 구단·생활지원 우회로와 김민재 연락선이 유지된다.,"구단 급료와 생활비까지 막힌 로만의 사정을 듣고 제재에 걸리지 않는 지원 방법을 찾아 알려 주겠다고 약속하며 친구로서 연락을 계속한다; 적은 돈과 위로만으로 로만이 감격해 충성을 보이고 여전히 따르는 러시아 인맥의 가치가 확인된다; 로만에게 지원 의사와 계속 연락할 관계를 확인하고, 로만은 언젠가 EPL에서 다시 만나겠다는 약속을 지키기 위해 버티겠다고 답한다. 급료 해결은 아직 전이다",구단 급료가 막힌 로만을 간접 지원하자 그가 감격해 김민재에게 충성하며 러시아 내부 출구선이 보존된다,"구단 급료와 생활비까지 막힌 로만의 목소리를 듣고 제재에 걸리지 않는 지원법을 찾겠다고 약속한다. 친구로 계속 연락하겠다는 말과 언젠가 EPL에서 다시 만나자는 약속이 로만을 붙들지만, 급료 우회가 실제로 해결되는 장면은 다음 화에 남는다.","훅은 마지막 프레임의 열린 질문만 세어 8→7 판정; L116315~L116471 수동 재독; 회차 필드 경계 교정; L116315~L116471 수동 재독; 회차 필드 경계 교정; L116315~L116471 수동 재독; 회차 필드 경계 교정; L116315~L116471 수동 재독; 회차 필드 경계 교정; L116315~L116471 수동 재독; 회차 필드 경계 교정; L116315~L116471 수동 재독; 회차 필드 경계 교정; L116315~L116471 수동 재독; 회차 필드 경계 교정; L116315~L116471 수동 재독; 회차 필드 경계 교정, 고정 39화 표본 note를 원문 장면·말미 기준으로 교정; L116315~L116471 수동 재독; 회차 필드 경계 교정, 고정 39화 표본 note를 원문 장면·말미 기준으로 교정; L116315~L116471 수동 재독; 회차 필드 경계 교정, 고정 39화 표본 note를 원문 장면·말미 기준으로 교정"
670,670,L116472~L116638,EDIT,EDIT,PASS,8,6,4,4,9,8,0.22/0.15/0.35/0.22/0.06,0.22/0.15/0.35/0.22/0.06,로만이 튀르키예에서 지친 프리고진을 만나 서로의 처지를 확인하고 김민재의 조언을 구해 보자고 제안한다.,로만이 프리고진과 직접 접촉해 김민재에게 조언을 구할 통로를 제안한다. 비밀연대·지원계약은 아직 전이다.,프리고진이 로만의 제안을 받아 김민재 통로에 들어오고 어떤 불만·생존조건을 내놓을 것인가?,로만이 프리고진과 튀르키예에서 만나 군부 불만과 생존책을 공유한다; 그의 안색이 매일 거울에서 보는 로만 자신처럼 지쳐 있어 두 사람이 생존연대를 만들 조건이 보인다.; 프리고진의 러시아군 불만과 김민재 통로를 원하는 의사가 확인된다.,로만이 튀르키예에서 지친 프리고진을 만나 서로의 처지를 확인하고 김민재의 조언을 구해 보자고 제안한다; 프리고진의 지친 안색에서 생존연대 가능성은 보이지만 군부 불만·반란의사·구체 조건은 아직 나오지 않는다; 로만이 프리고진과 직접 접촉해 김민재에게 조언을 구할 통로를 제안한다. 비밀연대·지원계약은 아직 전이다,로만이 튀르키예에서 피로에 찌든 프리고진을 만나 군부 불만과 생존책을 나눠 통제 어려운 반란 변수가 모습을 드러낸다,"로만이 튀르키예에서 지친 프리고진과 마주 앉아 서로의 처지를 확인하는 대화가 회차 대부분을 차지한다. 김민재에게 조언을 구해 보자는 제안까지만 나오고 비밀연대나 지원계약은 없어, 두 남자의 불안과 수락 여부가 강한 관계 훅을 만든다.","긴장은 이 화에서 실제 맞닥뜨린 압박을 기준으로 8→6 판정; 훅은 마지막 프레임의 열린 질문만 세어 9→8 판정; L116472~L116638 수동 재독; 점수·리본 유지, 기계적 note만 장면별 편집문으로 교체; L116472~L116638 수동 재독; 기계적 note를 장면별 편집문으로 교체; L116472~L116638 수동 재독; 기계적 note를 장면별 편집문으로 교체; L116472~L116638 수동 재독; 기계적 note를 장면별 편집문으로 교체; L116472~L116638 수동 재독; 기계적 note를 장면별 편집문으로 교체; L116472~L116638 수동 재독; 기계적 note를 장면별 편집문으로 교체; L116472~L116638 수동 재독; 기계적 note를 장면별 편집문으로 교체; L116472~L116638 수동 재독; 기계적 note를 장면별 편집문으로 교체; L116472~L116638 수동 재독; 기계적 note를 장면별 편집문으로 교체; L116472~L116638 수동 재독; 기계적 note를 장면별 편집문으로 교체; L116472~L116638 수동 재독; 기계적 note를 장면별 편집문으로 교체; L116472~L116638 수동 재독; 기계적 note를 장면별 편집문으로 교체; L116472~L116638 수동 재독; 기계적 note를 장면별 편집문으로 교체"
671,671,L116639~L116798,PASS,EDIT,PASS,7,7,7,7,8,7,0.21/0.19/0.31/0.17/0.12,0.21/0.19/0.31/0.17/0.12,로만·프리고진을 보안 메타버스에서 강 대위와 연결하고 동남아 에너지 수익을 제공한다,세 사람이 보안 메타버스에서 합의하고 바그너의 동남아 수익·보급선이 태우 통제 아래 열린다.,곡물·원유카르텔이 트럼프에게 붙을 때 미 대선 양쪽을 어떻게 보험으로 삼을지가 열린다.,로만·프리고진을 보안 메타버스에서 강 대위와 연결하고 동남아 에너지 수익을 제공한다; 로만·프리고진은 유리한 제안이라 믿지만 시간이 지나면 태우 의존이 족쇄임을 알 구조가 완성된다.; 세 사람이 보안 메타버스에서 합의하고 바그너의 동남아 수익·보급선이 태우 통제 아래 열린다.,로만·프리고진을 보안 메타버스에서 강 대위와 연결하고 동남아 에너지 수익을 제공한다; 로만·프리고진은 유리한 제안이라 믿지만 시간이 지나면 태우 의존이 족쇄임을 알 구조가 완성된다; 세 사람이 보안 메타버스에서 합의하고 바그너의 동남아 수익·보급선이 태우 통제 아래 열린다,로만·프리고진을 강 대위와 보안 메타버스에서 연결하고 동남아 에너지 수익을 줘 바그너의 생존선을 태우에 묶는다,로만·프리고진을 강 대위와 보안 메타버스에서 연결하고 동남아 에너지 수익을 줘 바그너의 생존선을 태우에 묶는다,훅은 마지막 프레임의 열린 질문만 세어 8→7 판정
672,672,L116799~L116956,EDIT,EDIT,PASS,6,6,7,5,8,6,0.29/0.13/0.30/0.10/0.18,0.29/0.13/0.30/0.10/0.18,바그너를 아프리카 카드로 관리하면서 곡물·원유카르텔이 트럼프에 붙는 것을 역이용한다,카르텔의 트럼프선과 태우의 바이든선을 병행관리하는 미국 대선전략이 확정된다.,카르텔의 트럼프선과 태우의 바이든선을 병행해 어느 후보가 이겨도 곡물·원유정책을 통제할 보험을 만들 수 있는가?,바그너를 아프리카 카드로 관리하면서 곡물·원유카르텔이 트럼프에 붙는 것을 역이용한다; 다음 대통령이 누구든 태우·금융타워가 곧 미국정부를 압박할 규모가 된다는 자신감이 보험의 기반이다.; 카르텔의 트럼프선과 태우의 바이든선을 병행관리하는 미국 대선전략이 확정된다.,바그너를 아프리카 카드로 관리하면서 곡물·원유카르텔이 트럼프에 붙는 것을 역이용한다; 다음 대통령이 누구든 태우·금융타워가 곧 미국정부를 압박할 규모가 된다는 자신감이 보험의 기반이다; 카르텔의 트럼프선과 태우의 바이든선을 병행관리하는 미국 대선전략이 확정된다,곡물·원유카르텔이 트럼프에 붙는 움직임을 이용해 현직 바이든과 차기 후보 양쪽에 태우 정치보험을 만든다,"강 대위가 끓인 라면을 먹으며 바그너의 아프리카 활용과 곡물·원유카르텔의 트럼프 접근을 함께 점검한다. 현직 바이든과 차기 후보 양쪽에 선을 남기기로 하되 트럼프의 돌발행동을 통제하지 못해, 정치보험의 설계와 불안이 같은 대화 안에 머문다.",보상은 실제 지급만 세어 7→5 판정; 훅은 마지막 프레임의 열린 질문만 세어 8→6 판정; L116799~L116956 수동 재독; 고정 39화 표본 note를 원문 장면·말미 기준으로 교정; L116799~L116956 수동 재독; 고정 39화 표본 note를 원문 장면·말미 기준으로 교정; L116799~L116956 수동 재독; 고정 39화 표본 note를 원문 장면·말미 기준으로 교정
673,673,L116957~L117120,PASS,EDIT,PASS,6,6,9,8,10,8,0.23/0.08/0.31/0.13/0.25,0.23/0.08/0.31/0.13/0.25,러시아의 노르트스트림 차단 뒤 사우디에서 살만 국왕의 6천억 달러 PIF 위탁 제안을 받는다,살만 국왕이 PIF 6천억 달러 전체운용을 공식 제안한다.,성과보수·위험조건을 정하고 증산 뒤 유가숏까지 왕실이 받아들일지가 남는다.,러시아의 노르트스트림 차단 뒤 사우디에서 살만 국왕의 6천억 달러 PIF 위탁 제안을 받는다; 예상하지 못한 전액위탁 제안에 김민재조차 말문이 막힐 만큼 신뢰규모가 압도적이다.; 살만 국왕이 PIF 6천억 달러 전체운용을 공식 제안한다.,러시아의 노르트스트림 차단 뒤 사우디에서 살만 국왕의 6천억 달러 PIF 위탁 제안을 받는다; 예상하지 못한 전액위탁 제안에 김민재조차 말문이 막힐 만큼 신뢰규모가 압도적이다; 살만 국왕이 PIF 6천억 달러 전체운용을 공식 제안한다,노르트스트림 차단 뒤 살만 국왕이 6천억 달러 PIF 전체를 맡기겠다고 해 김민재조차 말문을 잃는 초대형 신뢰 보상이 온다,노르트스트림 차단 뒤 살만 국왕이 6천억 달러 PIF 전체를 맡기겠다고 해 김민재조차 말문을 잃는 초대형 신뢰 보상이 온다,보상은 실제 지급만 세어 9→8 판정; 훅은 마지막 프레임의 열린 질문만 세어 10→8 판정
674,674,L117121~L117279,PASS,EDIT,PASS,7,7,9,8,8,7,0.24/0.16/0.24/0.07/0.29,0.24/0.16/0.24/0.07/0.29,PIF를 성과보수·위험조건으로 받고 바이든·MBS 증산 뒤 원유 공매도를 건다,PIF 운용계약 조건과 원유공매도 포지션이 승인된다.,사우디 케이블·IT·원전·인프라 계약으로 보상을 실물화할 일이 남는다.,PIF를 성과보수·위험조건으로 받고 바이든·MBS 증산 뒤 원유 공매도를 건다; 미국과의 증산약속을 지킨 만큼 이제 양국에서 보상을 받아 태우를 한 단계 키울 차례가 된다.; PIF 운용계약 조건과 원유공매도 포지션이 승인된다.,PIF를 성과보수·위험조건으로 받고 바이든·MBS 증산 뒤 원유 공매도를 건다; 미국과의 증산약속을 지킨 만큼 이제 양국에서 보상을 받아 태우를 한 단계 키울 차례가 된다; PIF 운용계약 조건과 원유공매도 포지션이 승인된다,PIF를 성과보수와 위험조건 아래 맡고 바이든·MBS 증산 직후 원유 공매도를 걸어 왕실 신뢰와 하락 수익을 함께 지킨다,PIF를 성과보수와 위험조건 아래 맡고 바이든·MBS 증산 직후 원유 공매도를 걸어 왕실 신뢰와 하락 수익을 함께 지킨다,보상은 실제 지급만 세어 9→8 판정; 훅은 마지막 프레임의 열린 질문만 세어 8→7 판정
675,675,L117280~L117454,EDIT,EDIT,EDIT,5,5,9,9,8,6,0.20/0.13/0.22/0.07/0.38,0.30/0.14/0.20/0.12/0.24,"네옴 공연장·사우디 통신망·해저케이블·행정IT의 예상 규모와 비용분담을 사장들과 정리하고 실무진 파견을 지시한 뒤, PIF 확대와 바그너 보급선을 점검하고 25만 배럴 증산 발표를 확인한다.","사우디 측의 네옴·통신망·해저케이블·행정IT 배정 의사와 비용분담안을 계열사에 전달하고, 하루 25만 배럴 증산 발표와 유가 하락 시작을 확인한다. 세부 합의·정식 계약·수익 실현은 아직 전이다.","사우디가 맡기기로 한 프로젝트를 이번 주 세부 합의와 정식 계약으로 닫고, 시작된 유가 하락을 실제 수익으로 바꿀 수 있는가?",사우디 케이블·IT·원전·인프라 계약을 따내고 바그너 보급선을 점검한다; 위기는 준비된 자에게만 기회이며 태우는 이미 모든 준비를 마쳤다는 결산감이 선다.; 사우디 케이블·IT·원전·인프라 계약과 계열사별 집행계획이 확정된다.,"네옴 공연장·사우디 통신망·해저케이블·행정IT의 예상 규모와 비용분담을 사장들과 정리하고 실무진 파견을 지시한 뒤, PIF 확대와 바그너 보급선을 점검하고 25만 배럴 증산 발표를 확인한다; 미국·사우디 협상 뒤 하루 25만 배럴 증산이 발표되어 상승하던 유가가 하락하기 시작하고 금융타워의 숏 포지션에 실제 시장 신호가 들어온다; 사우디 측의 네옴·통신망·해저케이블·행정IT 배정 의사와 비용분담안을 계열사에 전달하고, 하루 25만 배럴 증산 발표와 유가 하락 시작을 확인한다. 세부 합의·정식 계약·수익 실현은 아직 전이다",사우디 케이블·IT·원전·인프라 계약을 따내고 바그너 보급선을 관리해 세계 침체를 태우·한국 성장으로 전환한다,"사우디가 맡기려는 네옴 공연장·통신망·해저케이블·행정IT의 규모와 비용을 사장들과 계산하고 이번 주 실무협상을 준비한다. 바그너의 보급난을 거친 뒤 하루 25만 배럴 증산 발표로 유가가 꺾이지만, 산업계약 서명과 공매도 수익은 아직 지급되지 않는다.","훅은 마지막 프레임의 열린 질문만 세어 8→6 판정; L117280~L117454 수동 재독; 리본 재판정, 회차 필드 경계 교정, 고정 39화 표본 note를 원문 장면·말미 기준으로 교정; L117280~L117454 수동 재독; 리본 재판정, 회차 필드 경계 교정, 고정 39화 표본 note를 원문 장면·말미 기준으로 교정; L117280~L117454 수동 재독; 리본 재판정, 회차 필드 경계 교정, 고정 39화 표본 note를 원문 장면·말미 기준으로 교정"
676,676,L117455~L117594,EDIT,EDIT,PASS,6,6,7,6,8,7,0.28/0.16/0.29/0.08/0.19,0.28/0.16/0.29/0.08/0.19,"최재석에게 태우 세계 1위·한국 경제 5위와 부산 엑스포 구상을 설명하고, 금융타워 보고서를 이번 주 전달해 경제부처가 검토하도록 요청한다.",부산 엑스포 지원과 금융타워 보고서의 긍정 검토 약속을 얻는다. 보고서 전달·경제부처 심사·시장개혁 정책은 아직 전이다.,이번 주 전달할 금융타워 보고서가 경제부처 검토를 통과하고 대기업 반발을 넘는 실제 시장개혁으로 이어질 것인가?,한국 성장세를 이용해 최재석에게 주주가치·자본시장 개혁을 요구한다; 주가상승을 원하는 주주가 정부·태우 편에 서므로 재벌반발을 눌러 버릴 정치연합이 생긴다.; 주주가치·자본시장 개혁안과 정부·태우·주주 연대가 확정된다.,"최재석에게 태우 세계 1위·한국 경제 5위와 부산 엑스포 구상을 설명하고, 금융타워 보고서를 이번 주 전달해 경제부처가 검토하도록 요청한다; 최재석이 대통령직을 걸고 판을 만들겠다고 답하고 보고서 내용을 최대한 긍정적으로 검토하겠다고 약속하자, 정부·태우·주주 연합의 가능성이 열린다; 부산 엑스포 지원과 금융타워 보고서의 긍정 검토 약속을 얻는다. 보고서 전달·경제부처 심사·시장개혁 정책은 아직 전이다",김민재가 최재석에게 주주가치·자본시장 개혁을 요구해 정부·태우·주주가 기존 대기업을 압박하는 동맹을 세운다,"최재석에게 태우 세계 1위·한국 경제 5위와 부산 엑스포 구상을 설명하고 금융타워 보고서를 경제부처에 넘겨 달라고 요청한다. 대통령의 긍정 검토 약속은 얻지만 보고서도 정책도 미집행이어서, 마지막의 정부·태우·주주 삼각편대는 가능한 지지구도에 머문다.","보상은 실제 지급만 세어 7→6 판정; 훅은 마지막 프레임의 열린 질문만 세어 8→7 판정; L117455~L117594 수동 재독; 회차 필드 경계 교정, 고정 39화 표본 note를 원문 장면·말미 기준으로 교정; L117455~L117594 수동 재독; 회차 필드 경계 교정, 고정 39화 표본 note를 원문 장면·말미 기준으로 교정; L117455~L117594 수동 재독; 회차 필드 경계 교정, 고정 39화 표본 note를 원문 장면·말미 기준으로 교정"
677,677,L117595~L117765,EDIT,EDIT,PASS,5,5,7,5,8,8,0.31/0.12/0.28/0.08/0.21,0.31/0.12/0.28/0.08/0.21,천민정의 생성형 AI·영상 기술을 확인하고 오용재를 만나 삼진의 역사를 바꿀 스마트폰 협업 제안을 꺼내기 시작한다.,생성형 AI 성과를 확인하고 오용재에게 거절하기 어려운 협업안을 예고한다. AI폰·칩 조건제시와 수락은 아직 전이다.,김민재가 말한 거절하기 힘든 스마트폰 제안은 무엇이며 오용재가 어떤 조건으로 받아들일 것인가?,천민정의 생성형 AI·영상 기술을 확인하고 오용재에게 AI폰 협업을 제안한다; 세계 2위 삼진에게 중국 추격을 막고 역사를 바꿀 제안이라 오용재가 거절하기 어렵다.; 생성형AI 성과와 삼진 AI폰·칩 협업안이 공식 제시된다.,천민정의 생성형 AI·영상 기술을 확인하고 오용재를 만나 삼진의 역사를 바꿀 스마트폰 협업 제안을 꺼내기 시작한다; 세계 2위 삼진에게 중국 추격을 막고 역사를 바꿀 제안이라 오용재가 거절하기 어렵다; 생성형 AI 성과를 확인하고 오용재에게 거절하기 어려운 협업안을 예고한다. AI폰·칩 조건제시와 수락은 아직 전이다,천민정의 생성형 AI·영상 기술을 확인하고 오용재에게 AI폰과 레거시칩 협업이라는 거절하기 힘든 제안을 건넨다,"천민정의 생성형 AI와 영상 기술을 확인하는 점검 뒤 오용재와의 면담으로 옮겨 간다. 삼진의 역사를 바꿀 거절하기 힘든 스마트폰 협업이라고 운만 띄운 채 AI폰·칩 조건은 말하지 않아, 정보 공개를 아낀 마지막 대화가 가장 큰 궁금증을 남긴다.","보상은 실제 지급만 세어 7→5 판정; L117595~L117765 수동 재독; 점수·리본 유지, 기계적 note만 장면별 편집문으로 교체; L117595~L117765 수동 재독; 기계적 note를 장면별 편집문으로 교체; L117595~L117765 수동 재독; 기계적 note를 장면별 편집문으로 교체; L117595~L117765 수동 재독; 기계적 note를 장면별 편집문으로 교체; L117595~L117765 수동 재독; 기계적 note를 장면별 편집문으로 교체; L117595~L117765 수동 재독; 기계적 note를 장면별 편집문으로 교체; L117595~L117765 수동 재독; 기계적 note를 장면별 편집문으로 교체; L117595~L117765 수동 재독; 기계적 note를 장면별 편집문으로 교체; L117595~L117765 수동 재독; 기계적 note를 장면별 편집문으로 교체; L117595~L117765 수동 재독; 기계적 note를 장면별 편집문으로 교체; L117595~L117765 수동 재독; 기계적 note를 장면별 편집문으로 교체; L117595~L117765 수동 재독; 기계적 note를 장면별 편집문으로 교체; L117595~L117765 수동 재독; 기계적 note를 장면별 편집문으로 교체"
678,678,L117766~L117948,EDIT,EDIT,PASS,5,5,8,8,8,6,0.22/0.15/0.30/0.07/0.26,0.22/0.15/0.30/0.07/0.26,삼진이 AI폰·칩 협업을 수락하고 다른 한국 대기업도 증시 부흥판에 끌어들인다,삼진이 AI폰·칩 협업을 수락하고 국내 대기업들의 증시부흥 참여가 시작된다.,삼진의 AI폰·칩 협업과 국내기업 참여를 실제 제품·투자·주주환원 성과로 바꿀 수 있는가?,삼진이 AI폰·칩 협업을 수락하고 다른 한국 대기업도 증시 부흥판에 끌어들인다; 일본을 초기상승을 돕다 분리·추락할 추진체로 쓰겠다는 다음 국제금융 역할이 드러난다.; 삼진이 AI폰·칩 협업을 수락하고 국내 대기업들의 증시부흥 참여가 시작된다.,삼진이 AI폰·칩 협업을 수락하고 다른 한국 대기업도 증시 부흥판에 끌어들인다; 일본을 초기상승을 돕다 분리·추락할 추진체로 쓰겠다는 다음 국제금융 역할이 드러난다; 삼진이 AI폰·칩 협업을 수락하고 국내 대기업들의 증시부흥 참여가 시작된다,오용재의 삼진이 AI폰·칩 협업을 수락하고 다른 한국 대기업도 참여해 태우 단독 상승이 시장 재평가로 넓어진다,오용재의 삼진이 AI폰·칩 협업을 수락하고 다른 한국 대기업도 참여해 태우 단독 상승이 시장 재평가로 넓어진다,훅은 마지막 프레임의 열린 질문만 세어 8→6 판정
679,679,L117949~L118111,EDIT,EDIT,PASS,6,6,10,9,8,7,0.20/0.11/0.25/0.05/0.39,0.20/0.11/0.25/0.05/0.39,아마존·구글·MS·메타와 1천억 달러 AI 데이터센터를 동등지분으로 만든다,빅테크 동등지분의 1천억 달러 AI 데이터센터 합작이 성립된다.,몇 시간 만에 모은 1천억 달러 합작을 실제 데이터센터 건설·운영과 장기 반도체·전력수요로 만들 수 있는가?,아마존·구글·MS·메타와 1천억 달러 AI 데이터센터를 동등지분으로 만든다; 메타버스 회의 몇 시간 만에 1천억 달러가 모여 태우가 중립플랫폼·핵심공급자임이 증명된다.; 빅테크 동등지분의 1천억 달러 AI 데이터센터 합작이 성립된다.,아마존·구글·MS·메타와 1천억 달러 AI 데이터센터를 동등지분으로 만든다; 메타버스 회의 몇 시간 만에 1천억 달러가 모여 태우가 중립플랫폼·핵심공급자임이 증명된다; 빅테크 동등지분의 1천억 달러 AI 데이터센터 합작이 성립된다,아마존·구글·MS·메타가 동등지분으로 1천억 달러 AI 데이터센터를 만들며 태우 반도체·전력 수요를 결집한다,아마존·구글·MS·메타가 동등지분으로 1천억 달러 AI 데이터센터를 만들며 태우 반도체·전력 수요를 결집한다,보상은 실제 지급만 세어 10→9 판정; 훅은 마지막 프레임의 열린 질문만 세어 8→7 판정
680,680,L118112~L118272,PASS,EDIT,PASS,5,5,8,8,9,8,0.30/0.13/0.17/0.07/0.33,0.30/0.13/0.17/0.07/0.33,AI 주문 폭증과 고체배터리 완성을 확인하고 파리 모터쇼 공개를 결정한다,"고체배터리 완성과 파리모터쇼 공개일정, AI 주문생산 확대가 확정된다.",파리에서 구디너프와 완성된 고체배터리를 공개했을 때 공급계약이 얼마나 몰릴지가 남는다.,"AI 주문 폭증과 고체배터리 완성을 확인하고 파리 모터쇼 공개를 결정한다; 태우가 날아오를 준비는 끝났고 시장광풍만 오면 된다는 제품직전의 확신이 선다.; 고체배터리 완성과 파리모터쇼 공개일정, AI 주문생산 확대가 확정된다.","AI 주문 폭증과 고체배터리 완성을 확인하고 파리 모터쇼 공개를 결정한다; 태우가 날아오를 준비는 끝났고 시장광풍만 오면 된다는 제품직전의 확신이 선다; 고체배터리 완성과 파리모터쇼 공개일정, AI 주문생산 확대가 확정된다",AI 주문 폭증과 고체배터리 완성을 확인하고 파리 모터쇼 공개를 정해 회귀지식 밖 기술이 제품 무대로 향한다,AI 주문 폭증을 확인하고 완성된 고체배터리를 10월 파리 모터쇼에서 구디너프와 공개하기로 정한다. 공개 차명과 공급계약은 아직 나오지 않아 회귀지식 밖 기술이 제품 무대로 이동하는 준비의 맛에 머문다.,"훅은 마지막 프레임의 열린 질문만 세어 9→8 판정; L118112~L118272 수동 재독; 회차 필드 경계 교정, 표본 note를 현재 화 표면으로 교정; L118112~L118272 수동 재독; 회차 필드 경계 교정, 표본 note를 현재 화 표면으로 교정; L118112~L118272 수동 재독; 회차 필드 경계 교정, 표본 note를 현재 화 표면으로 교정; L118112~L118272 수동 재독; 회차 필드 경계 교정, 표본 note를 현재 화 표면으로 교정; L118112~L118272 수동 재독; 회차 필드 경계 교정, 표본 note를 현재 화 표면으로 교정; L118112~L118272 수동 재독; 회차 필드 경계 교정, 표본 note를 현재 화 표면으로 교정; L118112~L118272 수동 재독; 회차 필드 경계 교정, 표본 note를 현재 화 표면으로 교정; L118112~L118272 수동 재독; 회차 필드 경계 교정, 표본 note를 현재 화 표면으로 교정; L118112~L118272 수동 재독; 회차 필드 경계 교정, 표본 note를 현재 화 표면으로 교정; L118112~L118272 수동 재독; 회차 필드 경계 교정, 표본 note를 현재 화 표면으로 교정; L118112~L118272 수동 재독; 회차 필드 경계 교정, 표본 note를 현재 화 표면으로 교정; L118112~L118272 수동 재독; 회차 필드 경계 교정, 표본 note를 현재 화 표면으로 교정"
681,681,L118273~L118445,PASS,EDIT,PASS,8,8,10,8,9,7,0.17/0.24/0.24/0.15/0.20,0.17/0.24/0.24/0.15/0.20,파리 모터쇼에서 구디너프와 고체배터리·T-9을 공개한다,고체배터리·T-9 공개와 세계 완성차의 대규모 공급계약 요청이 발생한다.,주가급등 속 N&K 주가조작을 어떻게 시장충격 없이 가지칠지가 열린다.,파리 모터쇼에서 구디너프와 고체배터리·T-9을 공개한다; 대규모 문의와 계약요청으로 태우배터리가 날아오를 재료가 실제 시장반응으로 확인된다.; 고체배터리·T-9 공개와 세계 완성차의 대규모 공급계약 요청이 발생한다.,파리 모터쇼에서 구디너프와 고체배터리·T-9을 공개한다; 대규모 문의와 계약요청으로 태우배터리가 날아오를 재료가 실제 시장반응으로 확인된다; 고체배터리·T-9 공개와 세계 완성차의 대규모 공급계약 요청이 발생한다,파리 모터쇼에서 구디너프와 고체배터리·T-9을 공개하자 세계 완성차가 공급계약을 요구하며 판도가 기운다,파리 모터쇼에서 구디너프와 고체배터리·T-9을 공개하자 세계 완성차가 공급계약을 요구하며 판도가 기운다,보상은 실제 지급만 세어 10→8 판정; 훅은 마지막 프레임의 열린 질문만 세어 9→7 판정
682,682,L118446~L118599,EDIT,PASS,PASS,7,7,5,5,8,8,0.32/0.18/0.12/0.17/0.21,0.32/0.18/0.12/0.17/0.21,태우주가 급등과 계열분리를 검토하다 N&K 주가조작을 포착한다,N&K의 이상거래가 조작으로 특정되고 명동 수사가 시작된다.,명동에 넘긴 N&K 이상거래 자료로 실제 조작 주체·차명계좌·내부 연결자를 찾아낼 수 있는가?,태우주가 급등과 계열분리를 검토하다 N&K 주가조작을 포착한다; 김민재는 시장범죄 처리는 명동의 전문영역이라 판단해 자료를 이영한에게 넘긴다.; N&K의 이상거래가 조작으로 특정되고 명동 수사가 시작된다.,태우주가 급등과 계열분리를 검토하다 N&K 주가조작을 포착한다; 김민재는 시장범죄 처리는 명동의 전문영역이라 판단해 자료를 이영한에게 넘긴다; N&K의 이상거래가 조작으로 특정되고 명동 수사가 시작된다,태우 주가 급등과 계열분리를 검토하던 중 N&K 주가조작을 포착해 축제 속 시장범죄를 조용히 가지칠 필요가 생긴다,태우 주가 급등과 계열분리를 검토하던 중 N&K 주가조작을 포착해 축제 속 시장범죄를 조용히 가지칠 필요가 생긴다,기존 점수·리본 유지; 원문 하드 경계와 인접 회차 대비 재확인
683,683,L118600~L118768,EDIT,EDIT,EDIT,8,7,6,4,8,9,0.20/0.23/0.32/0.19/0.06,0.23/0.22/0.32/0.16/0.07,이영한이 나기연 조직을 압박하자 김남훈이 배신을 결심하고 10분 안에 증거를 가져오겠다고 제안한다.,내부자 김남훈의 배신 의사와 10분 안에 증거를 가져오겠다는 약속을 얻는다. 증거물 확보는 아직 전이다.,김남훈이 약속한 시간 안에 투자자명단·차명계좌·비밀번호를 실제 가져올 것인가?,이영한이 나기연·김남훈 계좌망을 파고 김남훈의 즉시 배신을 받아낸다; 몇 마디 만에 김남훈이 원하는 자료를 스스로 바치자 이영한도 헛웃음을 짓는다.; 김남훈의 배신으로 투자자명단·차명계좌·비밀번호가 확보된다.,이영한이 나기연 조직을 압박하자 김남훈이 배신을 결심하고 10분 안에 증거를 가져오겠다고 제안한다; 김남훈은 즉시 협조 의사를 보이지만 투자자명단·차명계좌·비밀번호를 실제로 넘기지는 않았다; 내부자 김남훈의 배신 의사와 10분 안에 증거를 가져오겠다는 약속을 얻는다. 증거물 확보는 아직 전이다,이영한이 나기연·김남훈 계좌망을 파자 김남훈이 투자자 명단과 계좌·비밀번호를 내놓으며 즉시 배신한다,김남훈이 10분 안에 증거를 가져오겠다고 배신을 약속한다. 명단·계좌·비밀번호는 아직 전달 전이라 관계 균열과 미지급 질문에 머문다.,긴장은 이 화에서 실제 맞닥뜨린 압박을 기준으로 8→7 판정; 보상은 실제 지급만 세어 6→4 판정; 훅은 마지막 프레임의 열린 질문만 세어 8→9 판정; 리본은 실제 장면 체류에 맞춰 재배분
684,684,L118769~L118956,EDIT,EDIT,PASS,8,8,8,8,9,8,0.15/0.34/0.19/0.15/0.17,0.15/0.34/0.19/0.15/0.17,계좌를 동결하고 검찰이 둘을 체포하게 해 시장충격 없이 제거한다,차명계좌가 동결되고 나기연·김남훈이 체포돼 시장충격 없이 N&K가 제거된다.,N&K를 시장충격 없이 제거한 직후 안덕환이 외친 '대박'은 어떤 새 건설성과인가?,계좌를 동결하고 검찰이 둘을 체포하게 해 시장충격 없이 제거한다; 조직제거 직후 안덕환이 대박수주를 외치며 시장전선이 건설보상으로 즉시 교대한다.; 차명계좌가 동결되고 나기연·김남훈이 체포돼 시장충격 없이 N&K가 제거된다.,계좌를 동결하고 검찰이 둘을 체포하게 해 시장충격 없이 제거한다; 조직제거 직후 안덕환이 대박수주를 외치며 시장전선이 건설보상으로 즉시 교대한다; 차명계좌가 동결되고 나기연·김남훈이 체포돼 시장충격 없이 N&K가 제거된다,계좌를 동결하고 검찰이 나기연과 김남훈을 체포해 시장충격 없이 주가조작 조직을 제거한 직후 대형 수주소식이 온다,계좌를 동결하고 검찰이 나기연과 김남훈을 체포해 시장충격 없이 주가조작 조직을 제거한 직후 대형 수주소식이 온다,훅은 마지막 프레임의 열린 질문만 세어 9→8 판정
685,685,L118957~L119112,EDIT,EDIT,PASS,6,6,9,7,8,7,0.19/0.12/0.20/0.05/0.44,0.19/0.12/0.20/0.05/0.44,"체코 원전 24조 원 우선협상과 현지 공장·데이터센터 계획을 확인하고, 센트리언 확장을 위해 국내 제약 M&A 대상을 찾게 한다.",체코 원전 24조 원 우선협상과 현지 공장·데이터센터 계획을 얻고 제약 M&A 탐색을 시작한다. 특정 인수대상·지분협상은 아직 전이다.,국내 제약사 가운데 센트리언과 연구·생산을 결합할 인수대상을 찾아 실제 협상에 들어갈 수 있는가?,체코 원전 24조 우선협상과 현지 공장·데이터센터를 발표하고 한아약품 인수를 겨냥한다; 센트리언 성장은 대주주 태우의 해외자본 유입까지 키우므로 제약확장의 그룹효과가 확인된다.; 체코 원전 24조 원 우선협상과 현지공장·데이터센터 계획이 확정되고 한아약품 인수검토가 시작된다.,"체코 원전 24조 원 우선협상과 현지 공장·데이터센터 계획을 확인하고, 센트리언 확장을 위해 국내 제약 M&A 대상을 찾게 한다; 센트리언 성장은 대주주 태우의 해외자본 유입까지 키우므로 제약확장의 그룹효과가 확인된다; 체코 원전 24조 원 우선협상과 현지 공장·데이터센터 계획을 얻고 제약 M&A 탐색을 시작한다. 특정 인수대상·지분협상은 아직 전이다",체코 원전 24조 우선협상과 현지 공장·데이터센터를 발표한 뒤 센트리언 확장을 위해 한아약품 인수를 겨냥한다,"체코 원전 24조 원 우선협상과 현지 공장·데이터센터 계획을 확인해 유럽 사업의 실물 보상을 받는다. 곧 센트리언 확장을 위한 국내 제약 M&A 대상을 찾게 하며, 특정 회사나 지분조건은 비워 둔 채 다음 인수전으로 이동한다.","보상은 실제 지급만 세어 9→7 판정; 훅은 마지막 프레임의 열린 질문만 세어 8→7 판정; L118957~L119112 수동 재독; 점수·리본 유지, 기계적 note만 장면별 편집문으로 교체; L118957~L119112 수동 재독; 기계적 note를 장면별 편집문으로 교체; L118957~L119112 수동 재독; 기계적 note를 장면별 편집문으로 교체; L118957~L119112 수동 재독; 회차 필드 경계 교정, 기계적 note를 장면별 편집문으로 교체; L118957~L119112 수동 재독; 회차 필드 경계 교정, 기계적 note를 장면별 편집문으로 교체; L118957~L119112 수동 재독; 회차 필드 경계 교정, 기계적 note를 장면별 편집문으로 교체; L118957~L119112 수동 재독; 회차 필드 경계 교정, 기계적 note를 장면별 편집문으로 교체; L118957~L119112 수동 재독; 회차 필드 경계 교정, 기계적 note를 장면별 편집문으로 교체; L118957~L119112 수동 재독; 회차 필드 경계 교정, 기계적 note를 장면별 편집문으로 교체; L118957~L119112 수동 재독; 회차 필드 경계 교정, 기계적 note를 장면별 편집문으로 교체; L118957~L119112 수동 재독; 회차 필드 경계 교정, 기계적 note를 장면별 편집문으로 교체; L118957~L119112 수동 재독; 회차 필드 경계 교정, 기계적 note를 장면별 편집문으로 교체; L118957~L119112 수동 재독; 회차 필드 경계 교정, 기계적 note를 장면별 편집문으로 교체"
686,686,L119113~L119275,PASS,PASS,PASS,7,7,8,8,8,8,0.18/0.15/0.38/0.16/0.13,0.18/0.15/0.38/0.16/0.13,한아약품 모녀 지분을 20퍼센트 프리미엄에 사서 월가 사모펀드가 붙은 아들들과 맞선다.,소현숙 모녀가 프리미엄 조건으로 지분매각을 수락하고 태우편에 선다.,형제와 월가 사모펀드가 가진 지분을 누가 확보해 경영권 과반을 만들 것인가?,한아약품 모녀 지분을 20퍼센트 프리미엄에 사서 아폴로가 붙은 아들들과 맞선다; 소현숙은 자식·사모펀드보다 남인 태우를 믿을 만큼 가족관계가 완전히 깨져 있다.; 소현숙 모녀가 프리미엄 조건으로 지분매각을 수락하고 태우편에 선다.,한아약품 모녀 지분을 20퍼센트 프리미엄에 사서 월가 사모펀드가 붙은 아들들과 맞선다; 소현숙은 자식·사모펀드보다 남인 태우를 믿을 만큼 가족관계가 완전히 깨져 있다; 소현숙 모녀가 프리미엄 조건으로 지분매각을 수락하고 태우편에 선다,한아약품 모녀 지분을 20퍼센트 프리미엄에 사며 남보다 태우를 믿는 소현숙과 아폴로가 붙은 아들들의 가족분열을 파고든다,한아약품 모녀 지분을 20퍼센트 프리미엄에 사며 남보다 태우를 믿는 소현숙의 가족분열을 파고든다. 형제 쪽에는 정체가 아직 밝혀지지 않은 월가 사모펀드가 붙어 있어 모녀의 수락 뒤에도 과반 경영권은 남는다.,"기존 점수·리본 유지; 원문 하드 경계와 인접 회차 대비 재확인; L119113~L119275 수동 재독; 회차 필드 경계 교정, 표본 note를 현재 화 표면으로 교정; L119113~L119275 수동 재독; 회차 필드 경계 교정, 표본 note를 현재 화 표면으로 교정; L119113~L119275 수동 재독; 회차 필드 경계 교정, 표본 note를 현재 화 표면으로 교정; L119113~L119275 수동 재독; 회차 필드 경계 교정, 표본 note를 현재 화 표면으로 교정; L119113~L119275 수동 재독; 회차 필드 경계 교정, 표본 note를 현재 화 표면으로 교정; L119113~L119275 수동 재독; 회차 필드 경계 교정, 표본 note를 현재 화 표면으로 교정; L119113~L119275 수동 재독; 회차 필드 경계 교정, 표본 note를 현재 화 표면으로 교정; L119113~L119275 수동 재독; 회차 필드 경계 교정, 표본 note를 현재 화 표면으로 교정; L119113~L119275 수동 재독; 회차 필드 경계 교정, 표본 note를 현재 화 표면으로 교정; L119113~L119275 수동 재독; 회차 필드 경계 교정, 표본 note를 현재 화 표면으로 교정"
687,687,L119276~L119441,PASS,EDIT,PASS,9,9,9,8,10,9,0.14/0.23/0.23/0.25/0.15,0.14/0.23/0.23/0.25/0.15,"아폴로가 형제 지분을 금융타워에 넘겨 한아약품 경영권을 확보한 뒤, NLL 남쪽에 떨어진 북한 미사일을 확인한다",한아약품 전체 가족지분이 금융타워로 넘어와 경영권이 확정된다.,러북 무기·식량거래를 갈라놓고 장남카드를 움직일 일이 남는다.,"아폴로가 형제 지분을 금융타워에 넘겨 한아약품 경영권을 확보한 뒤, NLL 남쪽에 떨어진 북한 미사일을 확인한다; 기업보상에 머물 틈 없이 심어 둔 북한 변수를 실제로 움직일 때가 왔다는 전환이 생긴다.; 한아약품 전체 가족지분이 금융타워로 넘어와 경영권이 확정된다.","아폴로가 형제 지분을 금융타워에 넘겨 한아약품 경영권을 확보한 뒤, NLL 남쪽에 떨어진 북한 미사일을 확인한다; 기업보상에 머물 틈 없이 심어 둔 북한 변수를 실제로 움직일 때가 왔다는 전환이 생긴다; 한아약품 전체 가족지분이 금융타워로 넘어와 경영권이 확정된다",아폴로가 아들 지분을 금융타워에 넘겨 한아약품을 확보한 직후 북한 미사일이 남하해 기업 보상이 국가위기로 뒤집힌다,아폴로가 아들 지분을 금융타워에 넘겨 한아약품을 확보한 직후 북한 미사일이 남하해 기업 보상이 국가위기로 뒤집힌다,보상은 실제 지급만 세어 9→8 판정; 훅은 마지막 프레임의 열린 질문만 세어 10→9 판정
688,688,L119442~L119593,PASS,EDIT,PASS,8,8,7,7,8,7,0.25/0.26/0.23/0.17/0.09,0.25/0.26/0.23/0.17/0.09,러시아·북한 무기·식량 거래를 포착하고 언론·한국 방산으로 양쪽을 갈라놓는다,러북 거래자료와 양쪽을 갈라놓을 언론·방산대체안이 실행된다.,총리가 된 리강이 장남지원을 계속하고 원화 국제화를 도울지가 남는다.,러시아·북한 무기·식량 거래를 포착하고 언론·한국 방산으로 양쪽을 갈라놓는다; 바그너를 잘 쓰면 북한뿐 아니라 러시아까지 쪼갤 수 있다는 더 큰 변수통제 가능성이 보인다.; 러북 거래자료와 양쪽을 갈라놓을 언론·방산대체안이 실행된다.,러시아·북한 무기·식량 거래를 포착하고 언론·한국 방산으로 양쪽을 갈라놓는다; 바그너를 잘 쓰면 북한뿐 아니라 러시아까지 쪼갤 수 있다는 더 큰 변수통제 가능성이 보인다; 러북 거래자료와 양쪽을 갈라놓을 언론·방산대체안이 실행된다,러시아·북한의 무기·식량 거래를 포착하고 언론과 한국 방산을 이용해 양쪽을 갈라 장남 카드와 협상력을 높인다,러시아·북한의 무기·식량 거래를 포착하고 언론과 한국 방산을 이용해 양쪽을 갈라 장남 카드와 협상력을 높인다,훅은 마지막 프레임의 열린 질문만 세어 8→7 판정
689,689,L119594~L119759,PASS,EDIT,PASS,6,6,7,7,8,7,0.29/0.11/0.30/0.08/0.22,0.29/0.11/0.30/0.08/0.22,총리가 된 리강의 장남 지원을 확인하고 걸프 스와프·자산으로 원화 국제화를 짠다,리강의 장남지원선과 걸프 원화스와프·결제 확대안이 확인된다.,사우디가 원화 원유결제와 유럽 원전금융을 실제로 받을지가 남는다.,총리가 된 리강의 장남 지원을 확인하고 걸프 스와프·자산으로 원화 국제화를 짠다; 금융타워가 중동 국부자금을 운용하므로 스와프·결제량을 인위적으로 키울 실물기반이 있다.; 리강의 장남지원선과 걸프 원화스와프·결제 확대안이 확인된다.,총리가 된 리강의 장남 지원을 확인하고 걸프 스와프·자산으로 원화 국제화를 짠다; 금융타워가 중동 국부자금을 운용하므로 스와프·결제량을 인위적으로 키울 실물기반이 있다; 리강의 장남지원선과 걸프 원화스와프·결제 확대안이 확인된다,총리가 된 리강에게 장남 지원을 확인하고 걸프 통화스와프와 금융타워 자산으로 원화 결제망을 설계한다,총리가 된 리강에게 장남 지원을 확인하고 걸프 통화스와프와 금융타워 자산으로 원화 결제망을 설계한다,훅은 마지막 프레임의 열린 질문만 세어 8→7 판정
690,690,L119760~L119910,PASS,EDIT,PASS,6,6,10,9,8,7,0.18/0.10/0.25/0.07/0.40,0.18/0.10/0.25/0.07/0.40,사우디와 원화스와프·원화 원유결제를 성사시키고 유럽 원전·방산도 원화로 금융한다,사우디 원화스와프·원화 원유결제와 유럽 원전·방산 원화금융이 성립된다.,고체배터리 가격장벽·산업스파이를 넘고 동유럽 경제블록을 만들 일이 남는다.,사우디와 원화스와프·원화 원유결제를 성사시키고 유럽 원전·방산도 원화로 금융한다; 과거 유럽이 신대륙을 찾았듯 이제 태우·한국이 유럽시장을 점령할 때라는 규모전환이 선다.; 사우디 원화스와프·원화 원유결제와 유럽 원전·방산 원화금융이 성립된다.,사우디와 원화스와프·원화 원유결제를 성사시키고 유럽 원전·방산도 원화로 금융한다; 과거 유럽이 신대륙을 찾았듯 이제 태우·한국이 유럽시장을 점령할 때라는 규모전환이 선다; 사우디 원화스와프·원화 원유결제와 유럽 원전·방산 원화금융이 성립된다,사우디와 원화스와프·원화 원유결제를 성사시키고 유럽 원전·방산도 원화로 금융해 통화주권의 첫 실적을 만든다,사우디와 원화스와프·원화 원유결제를 성사시키고 유럽 원전·방산도 원화로 금융해 통화주권의 첫 실적을 만든다,보상은 실제 지급만 세어 10→9 판정; 훅은 마지막 프레임의 열린 질문만 세어 8→7 판정
691,691,L119911~L120062,EDIT,EDIT,PASS,7,7,5,7,9,7,0.28/0.21/0.12/0.25/0.14,0.28/0.21/0.12/0.25/0.14,고체배터리 가격장벽을 넘기 위해 전기차 화재·한파를 뉴스 의제로 설계하고 최재석에게 정책지원과 국민경제당 후계구도를 논의한다.,"화재·한파 안전성 의제와 고체배터리 정책지원, 최재석의 정치적 협력선을 확보한다.",안전성 의제와 정부 협력을 실제 고체배터리 지원정책·시장확대로 바꿀 수 있는가?,고체배터리 가격장벽을 넘기 위해 전기차 화재·한파를 뉴스 의제로 설계한다; 시장홍보 중 중국 기술요구와 산업스파이 조짐이 튀어나와 휴식 없이 내부전선까지 열린다.; 화재·한파 안전성 의제가 언론에 올라 고체배터리 가격논리가 설득력을 얻기 시작한다.,"고체배터리 가격장벽을 넘기 위해 전기차 화재·한파를 뉴스 의제로 설계하고 최재석에게 정책지원과 국민경제당 후계구도를 논의한다; 안전성 의제를 정책으로 밀어 줄 최재석의 지지와 퇴임 뒤 당을 이을 정치선이 함께 드러난다; 화재·한파 안전성 의제와 고체배터리 정책지원, 최재석의 정치적 협력선을 확보한다",고체배터리 가격장벽을 넘으려 전기차 화재·한파를 뉴스 의제로 만들자 중국 기술요구와 산업스파이 불안이 튀어나온다,고체배터리의 가격장벽을 넘기 위해 전기차 화재와 한파를 안전성 뉴스 의제로 설계한다. 최재석에게 정책지원과 국민경제당 후계구도까지 논의하는 후반은 산업 캠페인에 정치 관계의 감정을 얹되 실제 지원정책은 남겨 둔다.,"보상은 실제 지급만 세어 5→7 판정; 훅은 마지막 프레임의 열린 질문만 세어 9→7 판정; L119911~L120062 수동 재독; 점수·리본 유지, 기계적 note만 장면별 편집문으로 교체; L119911~L120062 수동 재독; 기계적 note를 장면별 편집문으로 교체; L119911~L120062 수동 재독; 기계적 note를 장면별 편집문으로 교체; L119911~L120062 수동 재독; 기계적 note를 장면별 편집문으로 교체; L119911~L120062 수동 재독; 기계적 note를 장면별 편집문으로 교체; L119911~L120062 수동 재독; 기계적 note를 장면별 편집문으로 교체; L119911~L120062 수동 재독; 기계적 note를 장면별 편집문으로 교체; L119911~L120062 수동 재독; 기계적 note를 장면별 편집문으로 교체; L119911~L120062 수동 재독; 기계적 note를 장면별 편집문으로 교체; L119911~L120062 수동 재독; 기계적 note를 장면별 편집문으로 교체; L119911~L120062 수동 재독; 기계적 note를 장면별 편집문으로 교체; L119911~L120062 수동 재독; 기계적 note를 장면별 편집문으로 교체; L119911~L120062 수동 재독; 기계적 note를 장면별 편집문으로 교체"
692,692,L120063~L120208,EDIT,EDIT,PASS,8,8,6,5,8,8,0.21/0.29/0.24/0.20/0.06,0.21/0.29/0.24/0.20/0.06,화재보도 반응과 중국 기술요구를 확인하다 직원명부로 산업스파이를 추적한다,산업스파이 후보군과 직원명부 추적체계가 가동된다.,직원명부 추적에서 실제 산업스파이와 유출경로를 특정해 핵심기술 반출을 막을 수 있는가?,화재보도 반응과 중국 기술요구를 확인하다 직원명부로 산업스파이를 추적한다; 기술격차를 유지하려면 외부경쟁보다 내부 쥐새끼를 먼저 차단해야 한다는 우선순위가 선다.; 산업스파이 후보군과 직원명부 추적체계가 가동된다.,화재보도 반응과 중국 기술요구를 확인하다 직원명부로 산업스파이를 추적한다; 기술격차를 유지하려면 외부경쟁보다 내부 쥐새끼를 먼저 차단해야 한다는 우선순위가 선다; 산업스파이 후보군과 직원명부 추적체계가 가동된다,직원명부로 산업스파이를 추적하고 제보자 보호와 재발 방지를 지시해 기술격차를 지키는 내부 숙청에 들어간다,직원명부로 산업스파이를 추적하고 제보자 보호와 재발 방지를 지시해 기술격차를 지키는 내부 숙청에 들어간다,보상은 실제 지급만 세어 6→5 판정
693,693,L120209~L120355,PASS,EDIT,PASS,6,6,7,7,8,7,0.25/0.18/0.28/0.08/0.21,0.25/0.18/0.28/0.08/0.21,유출 제보자에게 보너스를 주고 범죄자 자산을 환수하며 유럽 보조금 재설계를 제안한다,유출제보자에게 보너스가 지급되고 범죄자 자산환수·유럽 보조금 재설계안이 확정된다.,동유럽 정상들이 금융타워 중심 경제블록에 동의할지가 남는다.,유출 제보자에게 보너스를 주고 범죄자 자산을 환수하며 유럽 보조금 재설계를 제안한다; 금융타워 연합에 유럽국가까지 들어오면 세계시장을 좌우할 새 질서가 가능해진다.; 유출제보자에게 보너스가 지급되고 범죄자 자산환수·유럽 보조금 재설계안이 확정된다.,유출 제보자에게 보너스를 주고 범죄자 자산을 환수하며 유럽 보조금 재설계를 제안한다; 금융타워 연합에 유럽국가까지 들어오면 세계시장을 좌우할 새 질서가 가능해진다; 유출제보자에게 보너스가 지급되고 범죄자 자산환수·유럽 보조금 재설계안이 확정된다,유출 제보자에게 보너스를 주고 범죄자 자산을 환수한 뒤 유럽 보조금 재설계로 직원 신뢰와 시장 수요를 함께 높인다,유출 제보자에게 보너스를 주고 범죄자 자산을 환수한 뒤 유럽 보조금 재설계로 직원 신뢰와 시장 수요를 함께 높인다,훅은 마지막 프레임의 열린 질문만 세어 8→7 판정
694,694,L120356~L120504,PASS,EDIT,PASS,7,7,7,7,8,7,0.27/0.12/0.35/0.08/0.18,0.27/0.12/0.35/0.08/0.18,폴란드 원전 설명회에서 동유럽 정상들에게 금융타워 중심 경제블록을 제안한다,동유럽 정상회의와 금융타워 중심 경제블록 제안이 공식화된다.,정상전원이 동의하고 독·프 견제를 감수할지가 열린다.,폴란드 원전 설명회에서 동유럽 정상들에게 금융타워 중심 경제블록을 제안한다; 재정이 약한 국가들에 금융타워 자금은 거절하기 어려운 유혹이며 다른 주체는 같은 방식을 쓸 수 없다.; 동유럽 정상회의와 금융타워 중심 경제블록 제안이 공식화된다.,폴란드 원전 설명회에서 동유럽 정상들에게 금융타워 중심 경제블록을 제안한다; 재정이 약한 국가들에 금융타워 자금은 거절하기 어려운 유혹이며 다른 주체는 같은 방식을 쓸 수 없다; 동유럽 정상회의와 금융타워 중심 경제블록 제안이 공식화된다,폴란드 원전 설명회에서 동유럽 정상들에게 금융타워 자본과 방산·원전을 묶은 새 경제블록을 제안한다,폴란드 원전 설명회에서 동유럽 정상들에게 금융타워 자본과 방산·원전을 묶은 새 경제블록을 제안한다,훅은 마지막 프레임의 열린 질문만 세어 8→7 판정
695,695,L120505~L120655,PASS,EDIT,PASS,7,7,9,8,8,8,0.19/0.10/0.38/0.06/0.27,0.19/0.10/0.38/0.06/0.27,방산·원전·연구투자를 묶어 동유럽 정상 전원의 경제블록 동의를 받는다,동유럽 정상전원이 경제블록 참여와 태우 중심 금융·산업구조에 동의한다.,자동차동맹에 배터리물량을 양보해 중국차 관세공조까지 얻을지가 남는다.,방산·원전·연구투자를 묶어 동유럽 정상 전원의 경제블록 동의를 받는다; 훈훈한 말과 인자한 미소 뒤 모든 정상의 욕심이 보여 협상이 오히려 태우에 유리하게 흘러간다.; 동유럽 정상전원이 경제블록 참여와 태우 중심 금융·산업구조에 동의한다.,방산·원전·연구투자를 묶어 동유럽 정상 전원의 경제블록 동의를 받는다; 훈훈한 말과 인자한 미소 뒤 모든 정상의 욕심이 보여 협상이 오히려 태우에 유리하게 흘러간다; 동유럽 정상전원이 경제블록 참여와 태우 중심 금융·산업구조에 동의한다,방산·원전·연구투자를 묶어 동유럽 정상 전원의 동의를 얻고 독·프 중심 EU에 맞설 태우 우호권을 공식화한다,방산·원전·연구투자를 묶어 동유럽 정상 전원의 동의를 얻고 독·프 중심 EU에 맞설 태우 우호권을 공식화한다,보상은 실제 지급만 세어 9→8 판정
696,696,L120656~L120801,EDIT,EDIT,PASS,7,7,7,7,9,6,0.24/0.16/0.29/0.07/0.24,0.24/0.16/0.29/0.07/0.24,자동차동맹에 고체배터리 물량을 양보하며 중국 전기차 관세 공동로비를 이끈다,고체배터리 배정과 중국 전기차 관세 공동로비가 자동차동맹에서 합의된다.,자동차동맹의 중국 전기차 관세 공동로비가 미국·EU의 실제 정책과 시장확대로 이어질 것인가?,자동차동맹에 고체배터리 물량을 양보하며 중국 전기차 관세 공동로비를 이끈다; 어느 결과든 EU 분열이 커질수록 태우가 깊이 파고들어 손해보지 않는 구조가 된다.; 고체배터리 배정과 중국 전기차 관세 공동로비가 자동차동맹에서 합의된다.,자동차동맹에 고체배터리 물량을 양보하며 중국 전기차 관세 공동로비를 이끈다; 어느 결과든 EU 분열이 커질수록 태우가 깊이 파고들어 손해보지 않는 구조가 된다; 고체배터리 배정과 중국 전기차 관세 공동로비가 자동차동맹에서 합의된다,자동차동맹에 고체배터리 물량을 양보하고 중국 전기차 관세 공동로비를 이끌어 단기 손해를 장기시장 지렛대로 바꾼다,자동차동맹에 고체배터리 물량을 양보하고 중국 전기차 관세 공동로비를 이끌어 단기 손해를 장기시장 지렛대로 바꾼다,훅은 마지막 프레임의 열린 질문만 세어 9→6 판정
697,697,L120802~L120950,PASS,EDIT,PASS,6,6,6,6,8,7,0.35/0.10/0.18/0.11/0.26,0.35/0.10/0.18/0.11/0.26,미국 대중관세 시점을 점검하고 오셔닉스 해상도시에 AI 데이터센터를 결합한다,오셔닉스 협상안과 AI·SMR 결합 부산 해상도시 구상이 완성된다.,오셔닉스 대표가 규모 세 배·데이터센터·원전 제안을 받을지가 남는다.,미국 대중관세 시점을 점검하고 오셔닉스 해상도시에 AI 데이터센터를 결합한다; 보여주기식이 아니라 기후변화와 미래산업을 함께 해결하면 2030 엑스포도 이길 수 있다는 승부기준이 선다.; 오셔닉스 협상안과 AI·SMR 결합 부산 해상도시 구상이 완성된다.,미국 대중관세 시점을 점검하고 오셔닉스 해상도시에 AI 데이터센터를 결합한다; 보여주기식이 아니라 기후변화와 미래산업을 함께 해결하면 2030 엑스포도 이길 수 있다는 승부기준이 선다; 오셔닉스 협상안과 AI·SMR 결합 부산 해상도시 구상이 완성된다,오셔닉스 해상도시에 AI 데이터센터와 원전을 결합해 부산 엑스포에서 네옴시티와 맞설 사업안을 세운다,미국 대중관세 시점을 점검한 뒤 부산 해상도시에 AI 데이터센터·SMR을 결합해 네옴과 겨룰 지속가능도시 구상을 만든다. 상대 대표는 아직 등장하지 않아 투자계약이 아니라 수익구조와 엑스포 승부기준을 세운 것이 이 화의 보상이다.,"훅은 마지막 프레임의 열린 질문만 세어 8→7 판정; L120802~L120950 수동 재독; 회차 필드 경계 교정, 표본 note를 현재 화 표면으로 교정; L120802~L120950 수동 재독; 회차 필드 경계 교정, 표본 note를 현재 화 표면으로 교정; L120802~L120950 수동 재독; 회차 필드 경계 교정, 표본 note를 현재 화 표면으로 교정; L120802~L120950 수동 재독; 회차 필드 경계 교정, 표본 note를 현재 화 표면으로 교정; L120802~L120950 수동 재독; 회차 필드 경계 교정, 표본 note를 현재 화 표면으로 교정; L120802~L120950 수동 재독; 회차 필드 경계 교정, 표본 note를 현재 화 표면으로 교정; L120802~L120950 수동 재독; 회차 필드 경계 교정, 표본 note를 현재 화 표면으로 교정; L120802~L120950 수동 재독; 회차 필드 경계 교정, 표본 note를 현재 화 표면으로 교정; L120802~L120950 수동 재독; 회차 필드 경계 교정, 표본 note를 현재 화 표면으로 교정; L120802~L120950 수동 재독; 회차 필드 경계 교정, 표본 note를 현재 화 표면으로 교정"
698,698,L120951~L121094,PASS,EDIT,PASS,6,6,8,8,8,7,0.24/0.14/0.29/0.08/0.25,0.24/0.14/0.29/0.08/0.25,필립 호프만에게 부유도시를 3배 키우고 데이터센터·원전을 넣는 투자를 제시한다,호프만이 확대안과 태우투자를 수락해 부산 해상도시가 실제 사업으로 전환된다.,태풍 매미급 시뮬레이션과 최재석 인허가를 통과할지가 남는다.,필립 호프만에게 부유도시를 3배 키우고 데이터센터·원전을 넣는 투자를 제시한다; 한국은 야간작업과 확실한 보상으로 미국·유럽보다 납기를 잘 맞출 실행문화가 있다.; 호프만이 확대안과 태우투자를 수락해 부산 해상도시가 실제 사업으로 전환된다.,필립 호프만에게 부유도시를 3배 키우고 데이터센터·원전을 넣는 투자를 제시한다; 한국은 야간작업과 확실한 보상으로 미국·유럽보다 납기를 잘 맞출 실행문화가 있다; 호프만이 확대안과 태우투자를 수락해 부산 해상도시가 실제 사업으로 전환된다,필립 호프만에게 부유도시를 3배 키우고 데이터센터·원전을 넣자고 제시해 오셔닉스의 실제 사업 수락을 받는다,필립 호프만에게 부유도시를 3배 키우고 데이터센터·원전을 넣자고 제시해 오셔닉스의 실제 사업 수락을 받는다,훅은 마지막 프레임의 열린 질문만 세어 8→7 판정
699,699,L121095~L121243,EDIT,EDIT,PASS,7,7,8,6,8,7,0.29/0.19/0.27/0.10/0.15,0.29/0.19/0.27/0.10/0.15,천민정이 태풍 매미까지 시뮬레이션하고 최재석에게 엑스포용 인허가·부산 부흥을 요구한다,태풍급 안전성이 확인되고 정부가 인허가·여름착공을 총력지원하기로 한다.,김민재가 아직 밝히지 않은 해저터널의 더 큰 그림은 무엇인가?,천민정이 태풍 매미까지 시뮬레이션하고 최재석에게 엑스포용 인허가·부산 부흥을 요구한다; 아직 검토도 안 한 해저터널을 굳이 꺼낸 것은 김민재의 대륙물류 그림에 필요한 숨은 요소이기 때문이다.; 태풍급 안전성이 확인되고 정부가 인허가·여름착공을 총력지원하기로 한다.,천민정이 태풍 매미까지 시뮬레이션하고 최재석에게 엑스포용 인허가·부산 부흥을 요구한다; 아직 검토도 안 한 해저터널을 굳이 꺼낸 것은 김민재가 밝히지 않은 큰 그림에 필요한 요소이기 때문이다; 태풍급 안전성이 확인되고 정부가 인허가·여름착공을 총력지원하기로 한다,천민정이 태풍 매미까지 견디는 시뮬레이션을 보이고 최재석에게 인허가를 요구해 여름 착공 총력지원을 얻는다,천민정의 태풍 시뮬레이션으로 해상도시 안전성을 확인하고 최재석에게 인허가·여름착공 총력지원을 얻는다. 마지막에는 아직 검토도 하지 않은 해저터널이 더 큰 그림의 요소라고만 밝히므로 노선과 경제적 목적은 특정하지 않는다.,"보상은 실제 지급만 세어 8→6 판정; 훅은 마지막 프레임의 열린 질문만 세어 8→7 판정; L121095~L121243 수동 재독; 회차 필드 경계 교정, 표본 note를 현재 화 표면으로 교정; L121095~L121243 수동 재독; 회차 필드 경계 교정, 표본 note를 현재 화 표면으로 교정; L121095~L121243 수동 재독; 회차 필드 경계 교정, 표본 note를 현재 화 표면으로 교정; L121095~L121243 수동 재독; 회차 필드 경계 교정, 표본 note를 현재 화 표면으로 교정; L121095~L121243 수동 재독; 회차 필드 경계 교정, 표본 note를 현재 화 표면으로 교정; L121095~L121243 수동 재독; 회차 필드 경계 교정, 표본 note를 현재 화 표면으로 교정; L121095~L121243 수동 재독; 회차 필드 경계 교정, 표본 note를 현재 화 표면으로 교정; L121095~L121243 수동 재독; 회차 필드 경계 교정, 표본 note를 현재 화 표면으로 교정; L121095~L121243 수동 재독; 회차 필드 경계 교정, 표본 note를 현재 화 표면으로 교정; L121095~L121243 수동 재독; 회차 필드 경계 교정, 표본 note를 현재 화 표면으로 교정"
700,700,L121244~L121402,EDIT,EDIT,PASS,5,5,7,6,10,7,0.31/0.13/0.18/0.07/0.31,0.31/0.13/0.18/0.07/0.31,한일 해저터널은 거절하고 북한·러시아 육로 구상만 남긴 채 혁신 전기차 출시를 준비한다,한일터널안은 거절되고 북방육로 구상과 고체배터리 전기차 출시계획이 남는다.,한일터널을 버리고 남긴 북방육로 구상과 고체배터리 전기차 출시계획을 실제 시장·물류 성과로 만들 수 있는가?,한일 해저터널은 거절하고 북한·러시아 육로 구상만 남긴 채 혁신 전기차 출시를 준비한다; 세계 최초 고체배터리 전기차가 기존 패러다임을 바꿀 준비를 마쳐 장기그림의 당장 보이는 증거가 된다.; 한일터널안은 거절되고 북방육로 구상과 이오닉스 출시계획이 남는다.,한일 해저터널은 거절하고 북한·러시아 육로 구상만 남긴 채 혁신 전기차 출시를 준비한다; 세계 최초 고체배터리 전기차가 기존 패러다임을 바꿀 준비를 마쳐 장기그림의 당장 보이는 증거가 된다; 한일터널안은 거절되고 북방육로 구상과 고체배터리 전기차 출시계획이 남는다,한일 해저터널은 거절하고 북한·러시아 육로만 남긴 뒤 세계 최초 고체배터리 전기차 이오닉스 공개 직전으로 간다,한일 해저터널은 거절하고 북한·러시아 육로만 남긴 뒤 세계 최초 고체배터리 전기차 공개를 준비한다. 제품명과 판매수치는 아직 나오지 않아 정치 노선 정리와 출시 직전의 기대만 소유한다.,"보상은 실제 지급만 세어 7→6 판정; 훅은 마지막 프레임의 열린 질문만 세어 10→7 판정; L121244~L121402 수동 재독; 회차 필드 경계 교정, 표본 note를 현재 화 표면으로 교정; L121244~L121402 수동 재독; 회차 필드 경계 교정, 표본 note를 현재 화 표면으로 교정; L121244~L121402 수동 재독; 회차 필드 경계 교정, 표본 note를 현재 화 표면으로 교정; L121244~L121402 수동 재독; 회차 필드 경계 교정, 표본 note를 현재 화 표면으로 교정; L121244~L121402 수동 재독; 회차 필드 경계 교정, 표본 note를 현재 화 표면으로 교정; L121244~L121402 수동 재독; 회차 필드 경계 교정, 표본 note를 현재 화 표면으로 교정; L121244~L121402 수동 재독; 회차 필드 경계 교정, 표본 note를 현재 화 표면으로 교정; L121244~L121402 수동 재독; 회차 필드 경계 교정, 표본 note를 현재 화 표면으로 교정; L121244~L121402 수동 재독; 회차 필드 경계 교정, 표본 note를 현재 화 표면으로 교정; L121244~L121402 수동 재독; 회차 필드 경계 교정, 표본 note를 현재 화 표면으로 교정"
701,701,L121403~L121548,PASS,EDIT,PASS,8,8,10,9,9,6,0.13/0.28/0.14/0.18/0.27,0.13/0.28/0.14/0.18/0.27,세계 최초 고체배터리 전기차 이오닉스 6천 대를 하루 만에 팔고 10만 대 예약을 받는다,6천 대가 하루 만에 팔리고 10만 대 예약·1년 대기열이 형성된다.,10만 대 예약·1년 대기열을 감당할 생산량을 늘리고 AI 충성고객을 실제로 유지할 수 있는가?,세계 최초 고체배터리 전기차 이오닉스 6천 대를 하루 만에 팔고 10만 대 예약을 받는다; 고체배터리는 시작일 뿐 AI가 반복사용·서비스를 묶어 다량 충성고객을 만들 핵심임이 드러난다.; 6천 대가 하루 만에 팔리고 10만 대 예약·1년 대기열이 형성된다.,세계 최초 고체배터리 전기차 이오닉스 6천 대를 하루 만에 팔고 10만 대 예약을 받는다; 고체배터리는 시작일 뿐 AI가 반복사용·서비스를 묶어 다량 충성고객을 만들 핵심임이 드러난다; 6천 대가 하루 만에 팔리고 10만 대 예약·1년 대기열이 형성된다,이오닉스 6천 대가 하루 만에 팔리고 10만 대 예약과 1년 대기열이 생겨 AI·15분 충전의 시장보상이 폭발한다,세계 최초 고체배터리 전기차 이오닉스 6천 대가 하루 만에 팔리고 10만 대 예약과 1년 대기열이 생긴다. 이 화는 초기 판매와 AI·15분 충전 반응을 지급하며 해외 로열티 계약은 아직 열리지 않는다.,"보상은 실제 지급만 세어 10→9 판정; 훅은 마지막 프레임의 열린 질문만 세어 9→6 판정; L121403~L121548 수동 재독; 회차 필드 경계 교정, 표본 note를 현재 화 표면으로 교정; L121403~L121548 수동 재독; 회차 필드 경계 교정, 표본 note를 현재 화 표면으로 교정; L121403~L121548 수동 재독; 회차 필드 경계 교정, 표본 note를 현재 화 표면으로 교정; L121403~L121548 수동 재독; 회차 필드 경계 교정, 표본 note를 현재 화 표면으로 교정; L121403~L121548 수동 재독; 회차 필드 경계 교정, 표본 note를 현재 화 표면으로 교정; L121403~L121548 수동 재독; 회차 필드 경계 교정, 표본 note를 현재 화 표면으로 교정; L121403~L121548 수동 재독; 회차 필드 경계 교정, 표본 note를 현재 화 표면으로 교정; L121403~L121548 수동 재독; 회차 필드 경계 교정, 표본 note를 현재 화 표면으로 교정; L121403~L121548 수동 재독; 회차 필드 경계 교정, 표본 note를 현재 화 표면으로 교정; L121403~L121548 수동 재독; 회차 필드 경계 교정, 표본 note를 현재 화 표면으로 교정"
702,702,L121549~L121690,PASS,EDIT,PASS,6,6,9,8,8,7,0.26/0.18/0.17/0.06/0.33,0.26/0.18/0.17/0.06/0.33,완성차의 한국 진출 문의를 로열티 사업으로 받고 고체배터리 양산규격을 확정한다,해외 완성차 로열티 방식과 고체배터리 공장 10배 확대·양산규격이 확정된다.,중국 협상단이 기술을 요구할 때 관계와 핵심기술을 모두 지킬지가 열린다.,완성차의 한국 진출 문의를 로열티 사업으로 받고 고체배터리 양산규격을 확정한다; 전기차시장이 고체배터리로 교체될 미래에 더 많은 생산량이 곧 세계시장 소유권이 된다.; 해외 완성차 로열티 방식과 고체배터리 공장 10배 확대·양산규격이 확정된다.,완성차의 한국 진출 문의를 로열티 사업으로 받고 고체배터리 양산규격을 확정한다; 전기차시장이 고체배터리로 교체될 미래에 더 많은 생산량이 곧 세계시장 소유권이 된다; 해외 완성차 로열티 방식과 고체배터리 공장 10배 확대·양산규격이 확정된다,해외 완성차의 한국 진출 문의를 로열티 사업으로 받고 고체배터리 생산을 10배 키울 양산규격을 확정한다,해외 완성차의 한국 진출 문의를 로열티 사업으로 받고 고체배터리 생산을 10배 키울 양산규격을 확정한다,보상은 실제 지급만 세어 9→8 판정; 훅은 마지막 프레임의 열린 질문만 세어 8→7 판정
703,703,L121691~L121850,PASS,EDIT,PASS,8,8,6,6,9,8,0.24/0.19/0.35/0.14/0.08,0.24/0.19/0.35/0.14/0.08,전 계열사를 투입해 공장을 전환하면서 리강의 고체배터리 협상단을 맞는다,기술이전 거부와 중국측 대체보상 요구의 협상선이 확정된다.,리강이 기술이전 거부를 받아들이면서 중국과 관계를 지킬 어떤 대가·조건을 내놓을 것인가?,전 계열사를 투입해 공장을 전환하면서 리강의 고체배터리 협상단을 맞는다; 아무것도 주지 않아야 오히려 중국관계에서 우위를 유지할 수 있다는 역설적 협상원칙이 선다.; 기술이전 거부와 중국측 대체보상 요구의 협상선이 확정된다.,전 계열사를 투입해 공장을 전환하면서 리강의 고체배터리 협상단을 맞는다; 아무것도 주지 않아야 오히려 중국관계에서 우위를 유지할 수 있다는 역설적 협상원칙이 선다; 기술이전 거부와 중국측 대체보상 요구의 협상선이 확정된다,전 계열사를 공장전환에 투입한 김민재가 리강 협상단을 맞아 기술을 주지 않고 중국 관계도 지켜야 하는 대치에 선다,전 계열사를 공장전환에 투입한 김민재가 리강 협상단을 맞아 완제품·투자만 내주고 기술이전은 거절한다. 마지막은 중국이 관계를 유지하려 어떤 대체조건을 내놓을지 묻지만 단독법인·특구·정상방한이라는 답은 아직 없다.,"훅은 마지막 프레임의 열린 질문만 세어 9→8 판정; L121691~L121850 수동 재독; 회차 필드 경계 교정, 표본 note를 현재 화 표면으로 교정; L121691~L121850 수동 재독; 회차 필드 경계 교정, 표본 note를 현재 화 표면으로 교정; L121691~L121850 수동 재독; 회차 필드 경계 교정, 표본 note를 현재 화 표면으로 교정; L121691~L121850 수동 재독; 회차 필드 경계 교정, 표본 note를 현재 화 표면으로 교정; L121691~L121850 수동 재독; 회차 필드 경계 교정, 표본 note를 현재 화 표면으로 교정; L121691~L121850 수동 재독; 회차 필드 경계 교정, 표본 note를 현재 화 표면으로 교정; L121691~L121850 수동 재독; 회차 필드 경계 교정, 표본 note를 현재 화 표면으로 교정; L121691~L121850 수동 재독; 회차 필드 경계 교정, 표본 note를 현재 화 표면으로 교정; L121691~L121850 수동 재독; 회차 필드 경계 교정, 표본 note를 현재 화 표면으로 교정; L121691~L121850 수동 재독; 회차 필드 경계 교정, 표본 note를 현재 화 표면으로 교정"
704,704,L121851~L121997,EDIT,EDIT,PASS,7,7,9,8,9,6,0.22/0.12/0.40/0.08/0.18,0.22/0.12/0.40/0.08/0.18,리강에게 기술 대신 태우 단독 중국법인 특례를 받고 시진핑 방한 약속까지 얻는다,태우 단독 중국법인 특례와 시진핑 방한약속이 확정된다.,중국에서 받은 태우 단독법인 특례와 시진핑 방한약속을 실제 인허가·사업실행으로 바꿀 수 있는가?,리강에게 기술 대신 태우 단독 중국법인 특례를 받고 시진핑 방한 약속까지 얻는다; 리강은 얻은 것이 없는데도 태우가 관계를 끊지 않아 안도하며 가벼운 발걸음으로 떠난다.; 태우 단독 중국법인 특례와 시진핑 방한약속이 확정된다.,리강에게 기술 대신 태우 단독 중국법인 특례를 받고 시진핑 방한 약속까지 얻는다; 리강은 얻은 것이 없는데도 태우가 관계를 끊지 않아 안도하며 가벼운 발걸음으로 떠난다; 태우 단독 중국법인 특례와 시진핑 방한약속이 확정된다,리강에게 고체배터리 기술을 주지 않고도 태우 단독 중국법인 특례와 시진핑 방한 약속을 받아 우위를 보존한다,리강에게 고체배터리 기술을 주지 않고도 태우 단독 중국법인 특례와 시진핑 방한 약속을 받아 우위를 보존한다,보상은 실제 지급만 세어 9→8 판정; 훅은 마지막 프레임의 열린 질문만 세어 9→6 판정
705,705,L121998~L122166,EDIT,EDIT,PASS,7,7,7,7,9,7,0.23/0.19/0.29/0.18/0.11,0.23/0.19/0.29/0.18/0.11,부산 해상도시·해저터널·빅테크 입주 영상을 최재석과 공개하고 엑스포 외교전을 선포한다,홍보영상 공개와 최재석의 공식 엑스포 외교전 선언이 이뤄진다.,최재석이 선포한 부산엑스포 총력전이 반년 동안 실제 국제표와 경쟁국 양보를 얼마나 끌어낼 것인가?,부산 해상도시·해저터널·빅테크 입주 영상을 최재석과 공개하고 엑스포 외교전을 선포한다; 선두의 등이 보이는 추격전이라 모두가 밝은 얼굴로 전력을 다할 동기가 생긴다.; 홍보영상 공개와 최재석의 공식 엑스포 외교전 선언이 이뤄진다.,부산 해상도시·해저터널·빅테크 입주 영상을 최재석과 공개하고 엑스포 외교전을 선포한다; 선두의 등이 보이는 추격전이라 모두가 밝은 얼굴로 전력을 다할 동기가 생긴다; 홍보영상 공개와 최재석의 공식 엑스포 외교전 선언이 이뤄진다,김민재와 최재석이 부산 해상도시·해저터널·빅테크 입주 영상을 공개하고 국가 총력 외교전을 선포한다,김민재와 최재석이 부산 해상도시·해저터널·빅테크 입주 영상을 공개하고 국가 총력 외교전을 선포한다. 사우디가 앞선다는 압박과 회원국별 한 표 설득 과제가 남아 있어 공개·선포를 실제 득표처럼 소비하지 않는다.,"훅은 마지막 프레임의 열린 질문만 세어 9→7 판정; L121998~L122166 수동 재독; 회차 필드 경계 교정, 표본 note를 현재 화 표면으로 교정; L121998~L122166 수동 재독; 회차 필드 경계 교정, 표본 note를 현재 화 표면으로 교정; L121998~L122166 수동 재독; 회차 필드 경계 교정, 표본 note를 현재 화 표면으로 교정; L121998~L122166 수동 재독; 회차 필드 경계 교정, 표본 note를 현재 화 표면으로 교정; L121998~L122166 수동 재독; 회차 필드 경계 교정, 표본 note를 현재 화 표면으로 교정; L121998~L122166 수동 재독; 회차 필드 경계 교정, 표본 note를 현재 화 표면으로 교정; L121998~L122166 수동 재독; 회차 필드 경계 교정, 표본 note를 현재 화 표면으로 교정; L121998~L122166 수동 재독; 회차 필드 경계 교정, 표본 note를 현재 화 표면으로 교정; L121998~L122166 수동 재독; 회차 필드 경계 교정, 표본 note를 현재 화 표면으로 교정; L121998~L122166 수동 재독; 회차 필드 경계 교정, 표본 note를 현재 화 표면으로 교정"
706,706,L122167~L122316,PASS,EDIT,PASS,6,6,7,7,9,7,0.30/0.13/0.23/0.15/0.19,0.30/0.13/0.23/0.15/0.19,조지의 50배 엔화 공매도와 인재 고액보상·퇴직펀드를 점검한다,엔화 공매도 포지션과 핵심인재 보상·퇴직펀드가 최종점검된다.,김태중과 빈 살만의 초대로 영국에서 만났을 때 엑스포 경쟁을 어떤 조건으로 풀지가 남는다.,조지의 50배 엔화 공매도와 인재 고액보상·퇴직펀드를 점검한다; 반년 뒤 표결이지만 빈 살만과의 이번 만남 하나가 승부를 사실상 결정할 수 있다.; 엔화 공매도 포지션과 핵심인재 보상·퇴직펀드가 최종점검된다.,조지의 50배 엔화 공매도와 인재 고액보상·퇴직펀드를 점검한다; 반년 뒤 표결이지만 빈 살만과의 이번 만남 하나가 승부를 사실상 결정할 수 있다; 엔화 공매도 포지션과 핵심인재 보상·퇴직펀드가 최종점검된다,조지의 50배 엔화 공매도와 인재 보상·퇴직펀드를 점검한 뒤 김태중과 리즈 경기를 보고 빈 살만 담판으로 향한다,조지의 50배 엔화 공매도와 인재 보상·퇴직펀드를 점검한 뒤 김태중과 리즈 경기를 보고 빈 살만 담판으로 향한다,훅은 마지막 프레임의 열린 질문만 세어 9→7 판정; L122167~L122316 수동 재독; 회차 필드 경계 교정; L122167~L122316 수동 재독; 회차 필드 경계 교정; L122167~L122316 수동 재독; 회차 필드 경계 교정; L122167~L122316 수동 재독; 회차 필드 경계 교정; L122167~L122316 수동 재독; 회차 필드 경계 교정; L122167~L122316 수동 재독; 회차 필드 경계 교정; L122167~L122316 수동 재독; 회차 필드 경계 교정; L122167~L122316 수동 재독; 회차 필드 경계 교정; L122167~L122316 수동 재독; 회차 필드 경계 교정; L122167~L122316 수동 재독; 회차 필드 경계 교정; L122167~L122316 수동 재독; 회차 필드 경계 교정; L122167~L122316 수동 재독; 회차 필드 경계 교정
707,707,L122317~L122468,PASS,EDIT,PASS,9,9,4,4,9,8,0.12/0.14/0.43/0.26/0.05,0.12/0.14/0.43/0.26/0.05,김태중과 리즈 경기를 본 뒤 빈 살만에게 부산 엑스포 양보를 요구한다,부산 지지를 위한 사우디 후보철회 요구가 공식 제시된다.,처음 차갑게 얼어붙은 자리에서 빈 살만이 부산 엑스포 양보 요구를 받아들일 것인가?,김태중과 리즈 경기를 본 뒤 빈 살만에게 부산 엑스포 양보를 요구한다; 언제나 김민재가 맞춰 줬던 관계가 처음 차갑게 얼어 이번에는 빈 살만이 양보할 차례라는 비용이 드러난다.; 부산 지지를 위한 사우디 후보철회 요구가 공식 제시된다.,김태중과 리즈 경기를 본 뒤 빈 살만에게 부산 엑스포 양보를 요구한다; 언제나 김민재가 맞춰 줬던 관계가 처음 차갑게 얼어 이번에는 빈 살만이 양보할 차례라는 비용이 드러난다; 부산 지지를 위한 사우디 후보철회 요구가 공식 제시된다,김민재가 형제처럼 지낸 빈 살만에게 부산 엑스포 양보를 요구하자 처음으로 분위기가 차갑게 얼어붙는다,김민재가 형제처럼 지낸 빈 살만에게 부산 엑스포 양보를 요구하자 처음으로 분위기가 차갑게 얼어붙는다,훅은 마지막 프레임의 열린 질문만 세어 9→8 판정; L122317~L122468 수동 재독; 회차 필드 경계 교정; L122317~L122468 수동 재독; 회차 필드 경계 교정; L122317~L122468 수동 재독; 회차 필드 경계 교정; L122317~L122468 수동 재독; 회차 필드 경계 교정; L122317~L122468 수동 재독; 회차 필드 경계 교정; L122317~L122468 수동 재독; 회차 필드 경계 교정; L122317~L122468 수동 재독; 회차 필드 경계 교정; L122317~L122468 수동 재독; 회차 필드 경계 교정; L122317~L122468 수동 재독; 회차 필드 경계 교정; L122317~L122468 수동 재독; 회차 필드 경계 교정; L122317~L122468 수동 재독; 회차 필드 경계 교정; L122317~L122468 수동 재독; 회차 필드 경계 교정
708,708,L122469~L122629,EDIT,EDIT,PASS,8,8,10,9,8,6,0.17/0.14/0.40/0.14/0.15,0.17/0.14/0.40/0.14/0.15,2034 월드컵과 네옴 완공 지원을 대안으로 제시해 사우디의 엑스포 포기를 받아낸다,사우디가 부산엑스포 경쟁에서 물러나고 한국은 월드컵·네옴 지원을 약속한다.,사우디 후보철회 대가로 약속한 2034 월드컵·네옴 지원을 지키면서 부산 지지표를 실제 굳힐 수 있는가?,2034 월드컵과 네옴 완공 지원을 대안으로 제시해 사우디의 엑스포 포기를 받아낸다; 대체보상이 사우디 목표를 더 잘 충족해 틀어질 뻔한 두 사람이 다시 손을 잡는다.; 사우디가 부산엑스포 경쟁에서 물러나고 한국은 월드컵·네옴 지원을 약속한다.,2034 월드컵과 네옴 완공 지원을 대안으로 제시해 사우디의 엑스포 포기를 받아낸다; 대체보상이 사우디 목표를 더 잘 충족해 틀어질 뻔한 두 사람이 다시 손을 잡는다; 사우디가 부산엑스포 경쟁에서 물러나고 한국은 월드컵·네옴 지원을 약속한다,2034 월드컵과 네옴 완공 지원을 대안으로 내 사우디의 엑스포 포기를 받고 빈 살만과 다시 손을 맞잡는다,2034 월드컵과 네옴 완공 지원을 대안으로 내 사우디의 엑스포 포기를 받고 빈 살만과 다시 손을 맞잡는다,보상은 실제 지급만 세어 10→9 판정; 훅은 마지막 프레임의 열린 질문만 세어 8→6 판정
709,709,L122630~L122798,EDIT,EDIT,PASS,6,6,7,6,8,7,0.27/0.12/0.31/0.08/0.22,0.27/0.12/0.31/0.08/0.22,리즈 옵션으로 안드레아를 유럽 로비스트로 묶고 중국의 EU 돼지고기·와인 보복을 관찰한다,안드레아의 유럽 로비역할과 중국 보복을 활용한 국가별 접근전략이 확정된다.,안드레아의 유럽 로비와 중국의 EU 보복이 갈라놓은 국가별 이해를 부산 지지표로 바꿀 수 있는가?,리즈 옵션으로 안드레아를 유럽 로비스트로 묶고 중국의 EU 돼지고기·와인 보복을 관찰한다; 중국의 전략은 예상한 대로 EU를 더 쪼개 태우가 파고들 틈을 넓힌다.; 안드레아의 유럽 로비역할과 중국 보복을 활용한 국가별 접근전략이 확정된다.,리즈 옵션으로 안드레아를 유럽 로비스트로 묶고 중국의 EU 돼지고기·와인 보복을 관찰한다; 중국의 전략은 예상한 대로 EU를 더 쪼개 태우가 파고들 틈을 넓힌다; 안드레아의 유럽 로비역할과 중국 보복을 활용한 국가별 접근전략이 확정된다,리즈 옵션으로 안드레아를 유럽 로비스트에 묶고 중국의 돼지고기·와인 보복을 EU 분열의 기회로 읽는다,리즈 옵션으로 안드레아를 유럽 로비스트에 묶고 중국의 돼지고기·와인 보복을 EU 분열의 기회로 읽는다,보상은 실제 지급만 세어 7→6 판정; 훅은 마지막 프레임의 열린 질문만 세어 8→7 판정
710,710,L122799~L122944,EDIT,EDIT,EDIT,7,7,8,8,9,8,0.25/0.15/0.20/0.08/0.32,0.20/0.24/0.22/0.08/0.26,"아람코 0.6퍼센트를 사고 AI 투자광풍·유토피아 그룹의 엔비디아 대주주설을 점검한 뒤, 조지에게 일본 금융공격 D-DAY를 정하라고 맡긴다.",아람코 0.6퍼센트 지분을 확보하고 일본 금융공격일을 정할 권한을 조지에게 준다. D-DAY 날짜는 아직 미정이다.,조지가 일본 금융공격 D-DAY를 언제로 정하고 어떤 신호에 맞춰 실행할 것인가?,아람코 0.6퍼센트를 사고 AI 폭발·엔비디아 사기꾼을 확인하며 일본 D-DAY를 정한다; 이번 작전은 수익뿐 아니라 금융타워의 아시아 전역 장악을 결정할 규모다.; 아람코 0.6퍼센트 소유와 일본 금융공격 D-DAY가 확정된다.,"아람코 0.6퍼센트를 사고 AI 투자광풍·유토피아 그룹의 엔비디아 대주주설을 점검한 뒤, 조지에게 일본 금융공격 D-DAY를 정하라고 맡긴다; 이번 작전은 수익뿐 아니라 금융타워의 아시아 전역 장악을 결정할 규모다; 아람코 0.6퍼센트 지분을 확보하고 일본 금융공격일을 정할 권한을 조지에게 준다. D-DAY 날짜는 아직 미정이다",엑스포 거래 보상으로 아람코 0.6퍼센트를 사고 AI 폭발과 엔비디아 사기꾼을 확인한 뒤 일본 공격일을 정한다,아람코 0.6퍼센트 지분을 실제 받고 AI 투자광풍과 유토피아 그룹의 불투명한 엔비디아 보유설을 점검한다. 조지에게 일본 금융공격 D-DAY 결정을 맡기지만 날짜는 아직 미정이다.,"훅은 마지막 프레임의 열린 질문만 세어 9→8 판정; 리본은 실제 장면 체류에 맞춰 재배분; L122799~L122944 수동 재독; 회차 필드 경계 교정, 표본 note를 현재 화 표면으로 교정; L122799~L122944 수동 재독; 회차 필드 경계 교정, 표본 note를 현재 화 표면으로 교정; L122799~L122944 수동 재독; 회차 필드 경계 교정, 표본 note를 현재 화 표면으로 교정; L122799~L122944 수동 재독; 회차 필드 경계 교정, 표본 note를 현재 화 표면으로 교정; L122799~L122944 수동 재독; 회차 필드 경계 교정, 표본 note를 현재 화 표면으로 교정; L122799~L122944 수동 재독; 회차 필드 경계 교정, 표본 note를 현재 화 표면으로 교정; L122799~L122944 수동 재독; 회차 필드 경계 교정, 표본 note를 현재 화 표면으로 교정; L122799~L122944 수동 재독; 회차 필드 경계 교정, 표본 note를 현재 화 표면으로 교정; L122799~L122944 수동 재독; 회차 필드 경계 교정, 표본 note를 현재 화 표면으로 교정; L122799~L122944 수동 재독; 회차 필드 경계 교정, 표본 note를 현재 화 표면으로 교정"
711,711,L122945~L123129,PASS,EDIT,PASS,8,8,5,5,9,7,0.33/0.16/0.22/0.19/0.10,0.33/0.16/0.22/0.19/0.10,바흐무트 승리 뒤 바그너 불만과 엔비디아 사기꾼을 확인하고 중국 특혜의 독을 경계한다,바그너 불만·엔비디아 과열과 중국 재진출의 정책위험이 확인된다. 구체 특혜안은 아직 제시되지 않는다.,시진핑과 직접 대화할 때 중국 재진출의 독을 뺄 어떤 안전장치를 요구할 수 있는가?,바흐무트 승리 뒤 바그너 불만과 엔비디아 사기꾼을 확인하고 중국 특혜의 독을 경계한다; 독이 든 성배에서 독만 빼면 태우가 독보적 위치에 오를 기회가 된다.; 바그너 불만·엔비디아 과열과 중국특구 위험목록이 확인된다.,바흐무트 승리 뒤 바그너 불만과 엔비디아 사기꾼을 확인하고 중국 특혜의 독을 경계한다; 독이 든 성배에서 독만 빼면 태우가 독보적 위치에 오를 기회가 된다; 바그너 불만·엔비디아 과열과 중국 재진출의 정책위험이 확인된다. 구체 특혜안은 아직 제시되지 않는다,바흐무트 승리 뒤 바그너 불만과 엔비디아 사기꾼을 확인하며 중국 특구가 14억 시장과 독을 함께 품었음을 경계한다,"바흐무트 승리 뒤 바그너의 불만과 엔비디아 과열을 확인하고, 중국 재진출이 14억 시장과 정책위험을 함께 품은 독이 든 성배임을 따진다. 시진핑과 직접 대화해 안전장치를 더 얻을 수 있다는 가능성만 열리며 특구·동맹 조건은 아직 제시되지 않는다.","훅은 마지막 프레임의 열린 질문만 세어 9→7 판정; L122945~L123129 수동 재독; 회차 필드 경계 교정, 표본 note를 현재 화 표면으로 교정; L122945~L123129 수동 재독; 회차 필드 경계 교정, 표본 note를 현재 화 표면으로 교정; L122945~L123129 수동 재독; 회차 필드 경계 교정, 표본 note를 현재 화 표면으로 교정; L122945~L123129 수동 재독; 회차 필드 경계 교정, 표본 note를 현재 화 표면으로 교정; L122945~L123129 수동 재독; 회차 필드 경계 교정, 표본 note를 현재 화 표면으로 교정; L122945~L123129 수동 재독; 회차 필드 경계 교정, 표본 note를 현재 화 표면으로 교정; L122945~L123129 수동 재독; 회차 필드 경계 교정, 표본 note를 현재 화 표면으로 교정; L122945~L123129 수동 재독; 회차 필드 경계 교정, 표본 note를 현재 화 표면으로 교정; L122945~L123129 수동 재독; 회차 필드 경계 교정, 표본 note를 현재 화 표면으로 교정; L122945~L123129 수동 재독; 회차 필드 경계 교정, 표본 note를 현재 화 표면으로 교정; L122945~L123129 수동 재독; 회차 필드 경계 교정, 표본 note를 현재 화 표면으로 교정; L122945~L123129 수동 재독; 회차 필드 경계 교정, 표본 note를 현재 화 표면으로 교정"
712,712,L123130~L123300,EDIT,EDIT,PASS,7,7,6,5,9,7,0.29/0.10/0.37/0.12/0.12,0.29/0.10/0.37/0.12/0.12,시진핑 방한에서 자동차·산업동맹 가입 요구를 받고 태우 전용 특수경제구역 제안을 듣는다.,시진핑이 동맹 가입과 태우 전용 특수경제구역을 공식 제시한다.,시진핑의 특수경제구역 제안에서 김민재가 부족하다고 본 안전장치를 어떻게 더 요구할 것인가?,시진핑 방한에서 자동차동맹·산업동맹 가입 요구를 받고 태우 전용 특구 제안을 듣는다; 중국정부 개입을 줄인 특구 제안도 김민재 욕심·안전기준에는 부족하다는 협상여지가 남는다.; 시진핑이 동맹가입·전업종 태우특구를 공식 제시한다.,시진핑 방한에서 자동차·산업동맹 가입 요구를 받고 태우 전용 특수경제구역 제안을 듣는다; 중국정부 개입을 줄인 특구 제안도 김민재 욕심·안전기준에는 부족하다는 협상여지가 남는다; 시진핑이 동맹 가입과 태우 전용 특수경제구역을 공식 제시한다,시진핑이 자동차·산업동맹 가입과 전 업종 태우 특구를 제안해 한국이 미중 사이 선택권을 쥔 협상대에 선다,시진핑이 자동차·산업동맹 가입과 전 업종 태우 특구를 제안해 한국이 미중 사이 선택권을 쥔 협상대에 선다,보상은 실제 지급만 세어 6→5 판정; 훅은 마지막 프레임의 열린 질문만 세어 9→7 판정; L123130~L123300 수동 재독; 회차 필드 경계 교정; L123130~L123300 수동 재독; 회차 필드 경계 교정; L123130~L123300 수동 재독; 회차 필드 경계 교정; L123130~L123300 수동 재독; 회차 필드 경계 교정; L123130~L123300 수동 재독; 회차 필드 경계 교정; L123130~L123300 수동 재독; 회차 필드 경계 교정; L123130~L123300 수동 재독; 회차 필드 경계 교정; L123130~L123300 수동 재독; 회차 필드 경계 교정; L123130~L123300 수동 재독; 회차 필드 경계 교정; L123130~L123300 수동 재독; 회차 필드 경계 교정; L123130~L123300 수동 재독; 회차 필드 경계 교정; L123130~L123300 수동 재독; 회차 필드 경계 교정
713,713,L123301~L123480,PASS,EDIT,PASS,8,8,5,5,9,8,0.22/0.23/0.26/0.18/0.11,0.22/0.23/0.26/0.18/0.11,중국의 전 업종 특구 혜택을 검토하는 사이 일본이 자동차동맹 배제를 빌미로 태우IT를 위협한다,중국 특구검토와 일본 지분강제 통보·거부가 동시에 발생한다.,일본의 조기상환 요구를 스스로 당길 방아쇠로 쓸지가 남는다.,중국의 전 업종 특구 혜택을 검토하는 사이 일본이 자동차동맹 배제를 빌미로 태우IT를 위협한다; 겐이치의 일방통보가 김민재에게 죄책감 없이 일본계획을 실행할 도덕적 명분을 준다.; 중국 특구검토와 일본 지분강제 통보·거부가 동시에 발생한다.,중국의 전 업종 특구 혜택을 검토하는 사이 일본이 자동차동맹 배제를 빌미로 태우IT를 위협한다; 겐이치의 일방통보가 김민재에게 죄책감 없이 일본계획을 실행할 도덕적 명분을 준다; 중국 특구검토와 일본 지분강제 통보·거부가 동시에 발생한다,중국 특구를 검토하는 사이 일본이 태우IT 지분을 위협하고 김민재는 죄책감 없이 금융전을 벌일 명분으로 받아들인다,중국 특구를 검토하는 사이 일본이 태우IT 지분을 위협하고 김민재는 죄책감 없이 금융전을 벌일 명분으로 받아들인다,훅은 마지막 프레임의 열린 질문만 세어 9→8 판정; L123301~L123480 수동 재독; 회차 필드 경계 교정; L123301~L123480 수동 재독; 회차 필드 경계 교정; L123301~L123480 수동 재독; 회차 필드 경계 교정; L123301~L123480 수동 재독; 회차 필드 경계 교정; L123301~L123480 수동 재독; 회차 필드 경계 교정; L123301~L123480 수동 재독; 회차 필드 경계 교정; L123301~L123480 수동 재독; 회차 필드 경계 교정; L123301~L123480 수동 재독; 회차 필드 경계 교정; L123301~L123480 수동 재독; 회차 필드 경계 교정; L123301~L123480 수동 재독; 회차 필드 경계 교정; L123301~L123480 수동 재독; 회차 필드 경계 교정; L123301~L123480 수동 재독; 회차 필드 경계 교정
714,714,L123481~L123642,EDIT,EDIT,PASS,7,7,7,5,8,7,0.29/0.21/0.24/0.10/0.16,0.29/0.21/0.24/0.10/0.16,일본의 차입금 조기상환을 D-DAY 명분으로 쓰고 중국기업에는 권한 없는 임시가입을 설계한다,일본 조기상환 요구가 공격명분으로 확정되고 중국 임시가입안이 설계된다.,일본 조기상환 요구를 실제 금융공격의 방아쇠로 쓰면서 중국 임시회원의 보이지 않는 권한벽을 지킬 수 있는가?,일본의 차입금 조기상환을 D-DAY 명분으로 쓰고 중국기업에는 권한 없는 임시가입을 설계한다; 중국은 시작이 반이라 생각하지만 보이지 않는 권한벽을 넘지 못한 채 늦게 깨달을 구조가 된다.; 일본 조기상환 요구가 공격명분으로 확정되고 중국 임시가입안이 설계된다.,일본의 차입금 조기상환을 D-DAY 명분으로 쓰고 중국기업에는 권한 없는 임시가입을 설계한다; 중국은 시작이 반이라 생각하지만 보이지 않는 권한벽을 넘지 못한 채 늦게 깨달을 구조가 된다; 일본 조기상환 요구가 공격명분으로 확정되고 중국 임시가입안이 설계된다,일본의 차입금 조기상환 요구를 D-DAY 방아쇠로 쓰고 중국기업에는 권한 없는 자동차동맹 임시가입만 허용한다,일본의 차입금 조기상환 요구를 D-DAY 방아쇠로 쓰고 중국기업에는 권한 없는 자동차동맹 임시가입만 허용한다,보상은 실제 지급만 세어 7→5 판정; 훅은 마지막 프레임의 열린 질문만 세어 8→7 판정
715,715,L123643~L123789,PASS,EDIT,PASS,9,9,5,5,10,8,0.20/0.36/0.19/0.20/0.05,0.20/0.36/0.19/0.20/0.05,계열사에 철수 가능한 중국 특구 진출을 명령하는 동안 프리고진이 러시아행을 결심한다,철수권을 가진 중국특구 진출이 명령되고 프리고진의 러시아행·반란이 시작된다.,태우라는 믿는 구석을 가진 프리고진의 무모한 러시아행이 어떤 반란 결과로 이어질 것인가?,계열사에 철수 가능한 중국 특구 진출을 명령하는 동안 프리고진이 러시아행을 결심한다; 프리고진에게는 역사를 비틀 강한 카드와 태우라는 믿는 구석이 있어 결과가 달라질 가능성이 생긴다.; 철수권을 가진 중국특구 진출이 명령되고 프리고진의 러시아행·반란이 시작된다.,계열사에 철수 가능한 중국 특구 진출을 명령하는 동안 프리고진이 러시아행을 결심한다; 프리고진에게는 역사를 비틀 강한 카드와 태우라는 믿는 구석이 있어 결과가 달라질 가능성이 생긴다; 철수권을 가진 중국특구 진출이 명령되고 프리고진의 러시아행·반란이 시작된다,계열사에 철수 가능한 중국 진출을 명령하는 동안 프리고진이 러시아행을 택하고 바그너 반란이 실제 역사 변수로 터진다,계열사에 철수 가능한 중국 진출을 명령하는 동안 프리고진이 러시아행을 택하고 바그너 반란이 실제 역사 변수로 터진다,훅은 마지막 프레임의 열린 질문만 세어 10→8 판정; L123643~L123789 수동 재독; 회차 필드 경계 교정; L123643~L123789 수동 재독; 회차 필드 경계 교정; L123643~L123789 수동 재독; 회차 필드 경계 교정; L123643~L123789 수동 재독; 회차 필드 경계 교정; L123643~L123789 수동 재독; 회차 필드 경계 교정; L123643~L123789 수동 재독; 회차 필드 경계 교정; L123643~L123789 수동 재독; 회차 필드 경계 교정; L123643~L123789 수동 재독; 회차 필드 경계 교정; L123643~L123789 수동 재독; 회차 필드 경계 교정; L123643~L123789 수동 재독; 회차 필드 경계 교정; L123643~L123789 수동 재독; 회차 필드 경계 교정; L123643~L123789 수동 재독; 회차 필드 경계 교정
716,716,L123790~L123950,EDIT,EDIT,PASS,9,9,6,6,9,8,0.24/0.28/0.23/0.16/0.09,0.24/0.28/0.23/0.16/0.09,바그너 반란의 자금·가스거점 장악 가능성을 읽고 한 부회장에게 장기 에너지 대응을 시킨다,장기반란 시나리오와 에너지 대응포지션이 한 부회장에게 지시된다.,바그너가 가스거점을 쥐고 반란을 장기화할 때 한 부회장이 에너지 포지션을 실제 수익·공급망 우위로 바꿀 수 있는가?,바그너 반란의 자금·가스거점 장악 가능성을 읽고 한 부회장에게 장기 에너지 대응을 시킨다; 반란 장기화가 태우지원 덕에 가능하므로 가장 큰 수익도 태우가 받아야 한다는 대가원칙이 선다.; 장기반란 시나리오와 에너지 대응포지션이 한 부회장에게 지시된다.,바그너 반란의 자금·가스거점 장악 가능성을 읽고 한 부회장에게 장기 에너지 대응을 시킨다; 반란 장기화가 태우지원 덕에 가능하므로 가장 큰 수익도 태우가 받아야 한다는 대가원칙이 선다; 장기반란 시나리오와 에너지 대응포지션이 한 부회장에게 지시된다,바그너의 자금과 가스거점 장악 가능성을 읽고 한 부회장에게 장기 에너지 대응을 시켜 태우 지원의 대가를 준비한다,바그너의 자금과 가스거점 장악 가능성을 읽고 한 부회장에게 장기 에너지 대응을 시켜 태우 지원의 대가를 준비한다,훅은 마지막 프레임의 열린 질문만 세어 9→8 판정
717,717,L123951~L124124,EDIT,EDIT,PASS,8,8,7,6,8,7,0.21/0.17/0.40/0.12/0.10,0.21/0.17/0.40/0.12/0.10,프리고진·로만이 메타버스에서 태우의 보이지 않는 지원을 믿고 자동차동맹 회의가 열린다,프리고진은 태우지원선을 믿고 행군을 지속하며 중국기업 임시가입 표결이 열린다.,자동차동맹 회의가 중국기업의 임시가입·권한·기술조건을 어디까지 허용할 것인가?,프리고진·로만이 메타버스에서 태우의 보이지 않는 지원을 믿고 자동차동맹 회의가 열린다; 포드의 제임스가 화기애애한 회의를 이익극대화 눈치싸움으로 바꿔 실제 권한협상이 시작된다.; 프리고진은 태우지원선을 믿고 행군을 지속하며 중국기업 임시가입 표결이 열린다.,프리고진·로만이 메타버스에서 태우의 보이지 않는 지원을 믿고 자동차동맹 회의가 열린다; 포드의 제임스가 화기애애한 회의를 이익극대화 눈치싸움으로 바꿔 실제 권한협상이 시작된다; 프리고진은 태우지원선을 믿고 행군을 지속하며 중국기업 임시가입 표결이 열린다,프리고진·로만이 보안 메타버스에서 태우 지원을 믿는 사이 자동차동맹은 중국기업을 권한 없는 임시회원으로 받는다,프리고진·로만이 보안 메타버스에서 태우 지원을 믿는 사이 자동차동맹은 중국기업을 권한 없는 임시회원으로 받는다,보상은 실제 지급만 세어 7→6 판정; 훅은 마지막 프레임의 열린 질문만 세어 8→7 판정
718,718,L124125~L124294,EDIT,EDIT,PASS,7,7,7,7,9,7,0.27/0.20/0.28/0.10/0.15,0.27/0.20/0.28/0.10/0.15,중국기업을 권한 없는 임시회원으로 받고 일본은 제외한 뒤 일본 금리인상 유도책을 찾는다,"중국 임시가입과 일본 제외, 금리인상 유도작전의 방향이 합의된다.",중국 임시가입·일본 배제 뒤 일본이 스스로 금리를 올릴 수밖에 없는 금융압박을 어떻게 설계할 것인가?,"중국기업을 권한 없는 임시회원으로 받고 일본은 제외한 뒤 일본 금리인상 유도책을 찾는다; 일본이 금리인상을 안 하면 태우·금융타워가 할 수밖에 없는 상황을 만들 능력이 있다.; 중국 임시가입과 일본 제외, 금리인상 유도작전의 방향이 합의된다.","중국기업을 권한 없는 임시회원으로 받고 일본은 제외한 뒤 일본 금리인상 유도책을 찾는다; 일본이 금리인상을 안 하면 태우·금융타워가 할 수밖에 없는 상황을 만들 능력이 있다; 중국 임시가입과 일본 제외, 금리인상 유도작전의 방향이 합의된다",중국기업을 임시회원으로 만족시키고 일본을 제외한 뒤 일본이 금리를 올릴 수밖에 없는 상황을 만들기로 한다,중국기업을 임시회원으로 만족시키고 일본을 제외한 뒤 일본이 금리를 올릴 수밖에 없는 상황을 만들기로 한다,훅은 마지막 프레임의 열린 질문만 세어 9→7 판정
719,719,L124295~L124452,EDIT,EDIT,PASS,8,8,6,5,8,8,0.25/0.26/0.25/0.13/0.11,0.25/0.26/0.25/0.13/0.11,바그너·우크라이나가 러시아를 압박하자 동유럽 무기 납기와 미 7함대 부산 배치를 최재석에게 제안한다.,동유럽 무기납기 가속과 미 7함대 부산배치안을 청와대 의제로 올린다. 미국 승인·실제 배치는 아직 전이다.,백악관이 동유럽 무기납기와 미 7함대 부산배치안을 승인하고 실행할 것인가?,바그너·우크라이나가 러시아를 압박하자 동유럽 무기 납기와 미 7함대 부산 배치를 최재석에게 제안한다; 사전작업만으로 최재석가 지칠 만큼 본작전은 국가수명을 깎는 규모가 될 것이 드러난다.; 동유럽 무기납기 가속과 미7함대 부산배치안이 청와대 의제로 확정된다.,바그너·우크라이나가 러시아를 압박하자 동유럽 무기 납기와 미 7함대 부산 배치를 최재석에게 제안한다; 사전작업만으로 최재석가 지칠 만큼 본작전은 국가수명을 깎는 규모가 될 것이 드러난다; 동유럽 무기납기 가속과 미 7함대 부산배치안을 청와대 의제로 올린다. 미국 승인·실제 배치는 아직 전이다,바그너·우크라이나 압박을 이용해 최재석에게 동유럽 무기 납기와 미 7함대 부산 배치를 제안한다,"바그너와 우크라이나가 러시아를 압박하는 상황을 읽고 최재석에게 동유럽 무기 납기 가속과 미 7함대 부산 배치를 제안한다. 두 안이 청와대 의제로 오른 것까지만 확인되며, 백악관 승인과 실제 배치가 없는 상태라 국가급 행동의 문턱에서 끊는다.","보상은 실제 지급만 세어 6→5 판정; L124295~L124452 수동 재독; 점수·리본 유지, 기계적 note만 장면별 편집문으로 교체; L124295~L124452 수동 재독; 기계적 note를 장면별 편집문으로 교체; L124295~L124452 수동 재독; 기계적 note를 장면별 편집문으로 교체; L124295~L124452 수동 재독; 기계적 note를 장면별 편집문으로 교체; L124295~L124452 수동 재독; 기계적 note를 장면별 편집문으로 교체; L124295~L124452 수동 재독; 기계적 note를 장면별 편집문으로 교체; L124295~L124452 수동 재독; 기계적 note를 장면별 편집문으로 교체; L124295~L124452 수동 재독; 기계적 note를 장면별 편집문으로 교체; L124295~L124452 수동 재독; 기계적 note를 장면별 편집문으로 교체; L124295~L124452 수동 재독; 기계적 note를 장면별 편집문으로 교체; L124295~L124452 수동 재독; 기계적 note를 장면별 편집문으로 교체; L124295~L124452 수동 재독; 기계적 note를 장면별 편집문으로 교체; L124295~L124452 수동 재독; 기계적 note를 장면별 편집문으로 교체"
720,720,L124453~L124612,EDIT,EDIT,PASS,7,7,8,8,9,6,0.33/0.17/0.21/0.11/0.18,0.33/0.17/0.21/0.11/0.18,미국 설득과 수에즈 우선운송으로 무기를 앞당기고 중국특구를 유라시아 경제영토 구상에 넣는다,미국승인·수에즈 우선운송이 확보되고 중국특구·북방육로 경제영토 구상이 완성된다.,미국 승인·수에즈 우선운송과 유라시아 경제영토 설계를 김민재 개인 이후에도 유지될 제도·거버넌스로 만들 수 있는가?,미국 설득과 수에즈 우선운송으로 무기를 앞당기고 중국특구를 유라시아 경제영토 구상에 넣는다; 영토를 넓히는 것보다 태우 영향력을 계속 유지할 시스템이 더 중요하다는 다음 과제가 선다.; 미국승인·수에즈 우선운송이 확보되고 중국특구·북방육로 경제영토 구상이 완성된다.,미국 설득과 수에즈 우선운송으로 무기를 앞당기고 중국특구를 유라시아 경제영토 구상에 넣는다; 영토를 넓히는 것보다 태우 영향력을 계속 유지할 시스템이 더 중요하다는 다음 과제가 선다; 미국승인·수에즈 우선운송이 확보되고 중국특구·북방육로 경제영토 구상이 완성된다,미국 설득과 수에즈 우선운송으로 무기를 앞당기고 중국 특구를 북한·러시아 육로와 잇는 경제영토 시스템으로 넓힌다,미국 설득과 수에즈 우선운송으로 무기를 앞당기고 중국 특구를 북한·러시아 육로와 잇는 경제영토 시스템으로 넓힌다,훅은 마지막 프레임의 열린 질문만 세어 9→6 판정
721,721,L124613~L124802,EDIT,EDIT,PASS,8,8,6,5,9,8,0.24/0.18/0.33/0.17/0.08,0.24/0.18/0.33/0.17/0.08,바그너와 우크라이나의 가스관 장악을 이용해 최재석과 직접 러시아 중재에 나서기로 한다,한국 최고권력과 태우가 직접 러시아중재에 나서기로 결정한다.,직접중재를 결정한 김민재·최재석이 러시아·우크라이나·바그너의 안전과 이해를 묶은 협상조건을 만들 수 있는가?,바그너와 우크라이나의 가스관 장악을 이용해 최재석과 직접 러시아 중재에 나서기로 한다; 김민재 마음을 읽은 최재석이 먼저 공동중재를 제안해 못 이기는 척 받아들일 관계가 확인된다.; 한국 최고권력과 태우가 직접 러시아중재에 나서기로 결정한다.,바그너와 우크라이나의 가스관 장악을 이용해 최재석과 직접 러시아 중재에 나서기로 한다; 김민재 마음을 읽은 최재석이 먼저 공동중재를 제안해 못 이기는 척 받아들일 관계가 확인된다; 한국 최고권력과 태우가 직접 러시아중재에 나서기로 결정한다,가스관을 쥔 바그너·우크라이나를 지렛대로 최재석과 러시아 중재를 맡는 순간 일본의 태우IT 지분 49퍼센트 강제안이 온다,가스관을 쥔 바그너·우크라이나를 지렛대로 최재석과 러시아 중재를 맡는 순간 일본의 태우IT 지분 49퍼센트 강제안이 온다,보상은 실제 지급만 세어 6→5 판정; 훅은 마지막 프레임의 열린 질문만 세어 9→8 판정
722,722,L124803~L124955,EDIT,EDIT,PASS,9,9,6,6,9,7,0.14/0.34/0.20/0.21/0.11,0.14/0.34/0.20/0.21/0.11,일본의 태우IT 지분 49퍼센트 강제안에 일본 철수를 선언하도록 한다,태우IT의 일본철수 선언과 서비스축소 준비가 실행된다.,태우IT 철수선언이 일본 업계·소비자·정권에 어떤 실제 비용과 반응을 일으킬 것인가?,일본의 태우IT 지분 49퍼센트 강제안에 일본 철수를 선언하도록 한다; 태우IT 자존심을 보상받으려면 일본 업계 전체를 짓밟아야 한다는 강한 보복선이 선다.; 태우IT의 일본철수 선언과 서비스축소 준비가 실행된다.,일본의 태우IT 지분 49퍼센트 강제안에 일본 철수를 선언하도록 한다; 태우IT 자존심을 보상받으려면 일본 업계 전체를 짓밟아야 한다는 강한 보복선이 선다; 태우IT의 일본철수 선언과 서비스축소 준비가 실행된다,일본의 지분 강제에 태우IT 철수를 선언해 공격받은 자존심을 일본 디지털 생태계 붕괴 위기로 되돌린다,"일본이 태우IT 지분 49퍼센트를 강제하자 협상 숫자를 더 맞추지 않고 일본 철수를 선언하게 한다. 서비스 축소 준비가 즉시 움직여 행동과 감정의 압력이 높지만, 업계·소비자·정권이 치를 비용은 아직 반응 전이라 훅을 과장하지 않는다.","훅은 마지막 프레임의 열린 질문만 세어 9→7 판정; L124803~L124955 수동 재독; 점수·리본 유지, 기계적 note만 장면별 편집문으로 교체; L124803~L124955 수동 재독; 기계적 note를 장면별 편집문으로 교체; L124803~L124955 수동 재독; 기계적 note를 장면별 편집문으로 교체; L124803~L124955 수동 재독; 기계적 note를 장면별 편집문으로 교체; L124803~L124955 수동 재독; 기계적 note를 장면별 편집문으로 교체; L124803~L124955 수동 재독; 기계적 note를 장면별 편집문으로 교체; L124803~L124955 수동 재독; 기계적 note를 장면별 편집문으로 교체; L124803~L124955 수동 재독; 기계적 note를 장면별 편집문으로 교체; L124803~L124955 수동 재독; 기계적 note를 장면별 편집문으로 교체; L124803~L124955 수동 재독; 기계적 note를 장면별 편집문으로 교체; L124803~L124955 수동 재독; 기계적 note를 장면별 편집문으로 교체; L124803~L124955 수동 재독; 기계적 note를 장면별 편집문으로 교체; L124803~L124955 수동 재독; 기계적 note를 장면별 편집문으로 교체"
723,723,L124956~L125111,PASS,PASS,PASS,7,7,7,7,8,8,0.29/0.18/0.24/0.14/0.15,0.29/0.18/0.24/0.14/0.15,태우IT 철수로 일본 총리 지지율을 무너뜨리고 러시아 중재의 국가위상 보상을 계산한다,"기시다 지지율 급락과 일본 금융보복 가능성, 한국 중재의 국가보상 계산이 확인된다.",크렘린에서 푸틴에게 거절하기 힘든 휴전패키지를 내밀 일이 남는다.,"태우IT 철수로 일본 총리 지지율을 무너뜨리고 러시아 중재의 국가위상 보상을 계산한다; 중재는 한국 위상·태우미래와 함께 러우 시장의 막대한 직접수익까지 준다.; 기시다 지지율 급락과 일본 금융보복 가능성, 한국 중재의 국가보상 계산이 확인된다.","태우IT 철수로 일본 총리 지지율을 무너뜨리고 러시아 중재의 국가위상 보상을 계산한다; 중재는 한국 위상·태우미래와 함께 러우 시장의 막대한 직접수익까지 준다; 기시다 지지율 급락과 일본 금융보복 가능성, 한국 중재의 국가보상 계산이 확인된다",태우IT 철수로 일본 총리 지지율을 무너뜨리고 러시아 중재가 코리아 디스카운트를 없앨 국가위상 보상임을 계산한다,태우IT 철수로 일본 총리 지지율을 무너뜨리고 러시아 중재가 코리아 디스카운트를 없앨 국가위상 보상임을 계산한다,기존 점수·리본 유지; 원문 하드 경계와 인접 회차 대비 재확인; L124956~L125111 수동 재독; 회차 필드 경계 교정; L124956~L125111 수동 재독; 회차 필드 경계 교정; L124956~L125111 수동 재독; 회차 필드 경계 교정; L124956~L125111 수동 재독; 회차 필드 경계 교정; L124956~L125111 수동 재독; 회차 필드 경계 교정; L124956~L125111 수동 재독; 회차 필드 경계 교정; L124956~L125111 수동 재독; 회차 필드 경계 교정; L124956~L125111 수동 재독; 회차 필드 경계 교정; L124956~L125111 수동 재독; 회차 필드 경계 교정; L124956~L125111 수동 재독; 회차 필드 경계 교정; L124956~L125111 수동 재독; 회차 필드 경계 교정; L124956~L125111 수동 재독; 회차 필드 경계 교정
724,724,L125112~L125254,PASS,PASS,PASS,8,8,7,7,9,9,0.22/0.16/0.41/0.13/0.08,0.22/0.16/0.41/0.13/0.08,크렘린에서 푸틴에게 전쟁 이전선 휴전·가스관·횡단철도·한국투자를 제시한다,푸틴이 전쟁 이전선 휴전안과 경제패키지를 듣고 천천히 고개를 끄덕여 수용 의사를 보인다. 구체 조건·최종 합의는 아직 전이다.,푸틴의 고개 끄덕임을 실제 휴전합의와 바그너 반란 종식으로 바꿀 수 있는가?,크렘린에서 푸틴에게 전쟁 이전선 휴전·가스관·횡단철도·한국투자를 제시한다; 누가 머리를 잡아 움직이는 듯 푸틴이 천천히 고개를 끄덕여 제안의 압력이 통한다.; 푸틴이 전쟁 이전선 휴전안과 경제패키지에 조건부로 승낙한다.,크렘린에서 푸틴에게 전쟁 이전선 휴전·가스관·횡단철도·한국투자를 제시한다; 누가 머리를 잡아 움직이는 듯 푸틴이 천천히 고개를 끄덕여 제안의 압력이 통한다; 푸틴이 전쟁 이전선 휴전안과 경제패키지를 듣고 천천히 고개를 끄덕여 수용 의사를 보인다. 구체 조건·최종 합의는 아직 전이다,푸틴에게 전쟁 이전선 휴전·가스관·횡단철도·한국투자를 제시하고 바그너 반란 종식 조건의 승낙을 받아낸다,전쟁 이전선·가스관·횡단철도·한국투자 패키지를 차례로 내밀고 바그너 반란 종식까지 약속한다. 푸틴은 마지막에 천천히 고개를 끄덕일 뿐 구체 조건과 최종 합의는 다음 화에 남는다.,"기존 점수·리본 유지; 원문 하드 경계와 인접 회차 대비 재확인; L125112~L125254 수동 재독; 회차 필드 경계 교정; L125112~L125254 수동 재독; 회차 필드 경계 교정; L125112~L125254 수동 재독; 회차 필드 경계 교정, 표본 note를 현재 화 표면으로 교정; L125112~L125254 수동 재독; 회차 필드 경계 교정, 표본 note를 현재 화 표면으로 교정; L125112~L125254 수동 재독; 회차 필드 경계 교정, 표본 note를 현재 화 표면으로 교정; L125112~L125254 수동 재독; 회차 필드 경계 교정, 표본 note를 현재 화 표면으로 교정; L125112~L125254 수동 재독; 회차 필드 경계 교정, 표본 note를 현재 화 표면으로 교정; L125112~L125254 수동 재독; 회차 필드 경계 교정, 표본 note를 현재 화 표면으로 교정; L125112~L125254 수동 재독; 회차 필드 경계 교정, 표본 note를 현재 화 표면으로 교정; L125112~L125254 수동 재독; 회차 필드 경계 교정, 표본 note를 현재 화 표면으로 교정; L125112~L125254 수동 재독; 회차 필드 경계 교정, 표본 note를 현재 화 표면으로 교정; L125112~L125254 수동 재독; 회차 필드 경계 교정, 표본 note를 현재 화 표면으로 교정"
725,725,L125255~L125407,PASS,EDIT,PASS,9,9,6,6,10,9,0.18/0.25/0.34/0.18/0.05,0.18/0.25/0.34/0.18/0.05,푸틴의 조건부 승낙을 받아 낸 뒤 흑해의 프리고진에게 향해 러시아 강경파보다 먼저 현장 합의를 시도한다,푸틴 조건부 승낙은 확보됐지만 프리고진 최종합의는 아직 미지급인 채 현장으로 이동한다.,흑해로 먼저 움직인 두 사람이 프리고진에게 어떤 출구를 제시해 반란을 끝낼 것인가?,푸틴의 조건부 승낙을 받아 낸 뒤 흑해의 프리고진에게 향해 러시아 강경파보다 먼저 현장 합의를 시도한다; 상황을 더 볼 푸틴에게 생각할 겨를조차 주지 않는 두 한국인의 속도가 전환점이 된다.; 푸틴 조건부 승낙은 확보됐지만 프리고진 최종합의는 아직 미지급인 채 현장으로 이동한다.,푸틴의 조건부 승낙을 받아 낸 뒤 흑해의 프리고진에게 향해 러시아 강경파보다 먼저 현장 합의를 시도한다; 상황을 더 볼 푸틴에게 생각할 겨를조차 주지 않는 두 한국인의 속도가 전환점이 된다; 푸틴 조건부 승낙은 확보됐지만 프리고진 최종합의는 아직 미지급인 채 현장으로 이동한다,푸틴의 조건부 승낙 뒤 강경파가 막기 전에 흑해의 프리고진을 설득하려 태우선박으로 급히 향한다,푸틴의 조건부 승낙 뒤 강경파가 막기 전에 흑해의 프리고진을 설득하려 태우선박으로 급히 향한다,훅은 마지막 프레임의 열린 질문만 세어 10→9 판정; L125255~L125407 수동 재독; 회차 필드 경계 교정; L125255~L125407 수동 재독; 회차 필드 경계 교정; L125255~L125407 수동 재독; 회차 필드 경계 교정; L125255~L125407 수동 재독; 회차 필드 경계 교정; L125255~L125407 수동 재독; 회차 필드 경계 교정; L125255~L125407 수동 재독; 회차 필드 경계 교정; L125255~L125407 수동 재독; 회차 필드 경계 교정; L125255~L125407 수동 재독; 회차 필드 경계 교정; L125255~L125407 수동 재독; 회차 필드 경계 교정; L125255~L125407 수동 재독; 회차 필드 경계 교정; L125255~L125407 수동 재독; 회차 필드 경계 교정; L125255~L125407 수동 재독; 회차 필드 경계 교정
726,726,L125408~L125577,PASS,EDIT,PASS,8,8,8,8,9,7,0.15/0.26/0.39/0.15/0.05,0.15/0.26/0.39/0.15/0.05,태우해운 선박에서 프리고진에게 아프리카 사업과 안전한 퇴장을 보장해 반란을 끝내고 미국으로 향한다,프리고진이 김민재와 악수하고 바그너 반란을 끝내기로 합의한다.,러시아 불을 끈 김민재가 백악관을 어떤 자료와 조건으로 설득할 것인가?,태우해운 선박에서 프리고진에게 아프리카 사업과 안전한 퇴장을 보장해 반란을 끝내고 미국으로 향한다; 패자가 죽지 않고 사업가로 퇴장할 수 있다는 조건이 프리고진의 마지막 저항을 꺾는다.; 프리고진이 김민재와 악수하고 바그너 반란을 끝내기로 합의한다.,태우해운 선박에서 프리고진에게 아프리카 사업과 안전한 퇴장을 보장해 반란을 끝내고 미국으로 향한다; 패자가 죽지 않고 사업가로 퇴장할 수 있다는 조건이 프리고진의 마지막 저항을 꺾는다; 프리고진이 김민재와 악수하고 바그너 반란을 끝내기로 합의한다,태우선박에서 프리고진에게 아프리카 사업과 아름다운 퇴장을 보장해 반란을 끝내고 백악관 협상 자격을 얻는다,"프리고진에게 아프리카 사업과 안전한 퇴장을 보장해 바그너 반란 종식 합의를 얻은 뒤 미국으로 향한다. 후반은 백악관 설득자료·PMC 계약 직전 준비를 빠르게 배치하지만, 미국에서 꺼낼 구체 위협과 거래내용은 아직 공개되지 않는다.","훅은 마지막 프레임의 열린 질문만 세어 9→7 판정; L125408~L125577 수동 재독; 회차 필드 경계 교정, 표본 note를 현재 화 표면으로 교정; L125408~L125577 수동 재독; 회차 필드 경계 교정, 표본 note를 현재 화 표면으로 교정; L125408~L125577 수동 재독; 회차 필드 경계 교정, 표본 note를 현재 화 표면으로 교정; L125408~L125577 수동 재독; 회차 필드 경계 교정, 표본 note를 현재 화 표면으로 교정; L125408~L125577 수동 재독; 회차 필드 경계 교정, 표본 note를 현재 화 표면으로 교정; L125408~L125577 수동 재독; 회차 필드 경계 교정, 표본 note를 현재 화 표면으로 교정; L125408~L125577 수동 재독; 회차 필드 경계 교정, 표본 note를 현재 화 표면으로 교정; L125408~L125577 수동 재독; 회차 필드 경계 교정, 표본 note를 현재 화 표면으로 교정; L125408~L125577 수동 재독; 회차 필드 경계 교정, 표본 note를 현재 화 표면으로 교정; L125408~L125577 수동 재독; 회차 필드 경계 교정, 표본 note를 현재 화 표면으로 교정"
727,727,L125578~L125735,PASS,EDIT,PASS,10,8,4,4,10,8,0.20/0.14/0.40/0.19/0.07,0.20/0.14/0.40/0.19/0.07,바이든에게 하마스 사전 PMC 방어비를 태우가 대고 우크라이나 설득 실패비용까지 책임지겠다고 한다,미국 대통령 앞에 하마스 사전방어와 우크라이나 휴전을 건 태우의 전액책임 조건이 올라간다.,수조 달러 위험을 건 약속을 실제 우크라이나 휴전과 태우그룹의 성장으로 바꿀 수 있는가?,바이든에게 하마스 사전 PMC 방어비를 태우가 대고 우크라이나 설득 실패비용까지 책임지겠다고 한다; 바이든이 비용을 묻자 김민재는 우크라이나 설득에 실패해도 태우가 책임진다고 판돈을 키운다.; 미국 대통령 앞에 하마스 사전방어와 우크라이나 휴전을 건 태우의 전액책임 조건이 올라간다.,바이든에게 하마스 사전 PMC 방어비를 태우가 대고 우크라이나 설득 실패비용까지 책임지겠다고 한다; 바이든이 비용을 묻자 김민재는 우크라이나 설득에 실패해도 태우가 책임진다고 판돈을 키운다; 미국 대통령 앞에 하마스 사전방어와 우크라이나 휴전을 건 태우의 전액책임 조건이 올라간다,바이든에게 하마스 사전방어비와 우크라이나 설득 실패비용까지 태우가 책임지겠다고 해 그룹 미래를 건 도박을 던진다,바이든에게 하마스 사전방어비와 우크라이나 설득 실패비용까지 태우가 책임지겠다고 해 그룹 미래를 건 도박을 던진다,긴장은 이 화에서 실제 맞닥뜨린 압박을 기준으로 10→8 판정; 훅은 마지막 프레임의 열린 질문만 세어 10→8 판정; L125578~L125735 수동 재독; 회차 필드 경계 교정; L125578~L125735 수동 재독; 회차 필드 경계 교정; L125578~L125735 수동 재독; 회차 필드 경계 교정; L125578~L125735 수동 재독; 회차 필드 경계 교정; L125578~L125735 수동 재독; 회차 필드 경계 교정; L125578~L125735 수동 재독; 회차 필드 경계 교정; L125578~L125735 수동 재독; 회차 필드 경계 교정; L125578~L125735 수동 재독; 회차 필드 경계 교정; L125578~L125735 수동 재독; 회차 필드 경계 교정; L125578~L125735 수동 재독; 회차 필드 경계 교정; L125578~L125735 수동 재독; 회차 필드 경계 교정; L125578~L125735 수동 재독; 회차 필드 경계 교정
728,728,L125736~L125883,EDIT,EDIT,PASS,8,8,6,5,8,7,0.30/0.16/0.26/0.12/0.16,0.30/0.16/0.26/0.12/0.16,유럽 설득·러시아 진출 이미지·일본 공매도를 병행하며 휴전 개시 전 명분을 포장한다,유럽·러시아·일본을 한꺼번에 움직일 휴전 보상패키지와 역할분담이 정리된다.,유럽·러시아·일본 이해를 묶은 보상패키지가 실제 휴전명분과 각 지역의 협조로 작동할 것인가?,유럽 설득·러시아 진출 이미지·일본 공매도를 병행하며 휴전 개시 전 명분을 포장한다; 국제적 선의라는 무형자산이 러시아시장과 일본전쟁의 실제 담보가 될 수 있다는 계산이 선다.; 유럽·러시아·일본을 한꺼번에 움직일 휴전 보상패키지와 역할분담이 정리된다.,유럽 설득·러시아 진출 이미지·일본 공매도를 병행하며 휴전 개시 전 명분을 포장한다; 국제적 선의라는 무형자산이 러시아시장과 일본전쟁의 실제 담보가 될 수 있다는 계산이 선다; 유럽·러시아·일본을 한꺼번에 움직일 휴전 보상패키지와 역할분담이 정리된다,유럽 설득과 러시아 진출 이미지·일본 공매도를 병행해 태우의 위험부담을 국제사회가 움직일 휴전 패키지로 만든다,유럽 설득과 러시아 진출 이미지·일본 공매도를 병행해 태우의 위험부담을 국제사회가 움직일 휴전 패키지로 만든다,보상은 실제 지급만 세어 6→5 판정; 훅은 마지막 프레임의 열린 질문만 세어 8→7 판정
729,729,L125884~L126045,EDIT,EDIT,EDIT,8,8,6,5,9,8,0.27/0.21/0.18/0.14/0.20,0.29/0.13/0.21/0.14/0.23,일본 금융청의 조기상환 권고를 태풍으로 키우는 한편 우크라이나 재건 보상안을 고른다,일본 조기상환에 맞설 금융전 방향과 우크라이나 재건산업 우선순위가 확정된다.,우크라이나에도 태우에도 이득인 ‘딱 하나’의 사업카드는 무엇이며 대통령을 움직일 수 있는가?,일본 금융청의 조기상환 권고를 태풍으로 키우는 한편 우크라이나 재건 보상안을 고른다; 단기 현금보다 국가 인프라를 잡아야 우크라이나에 꽂은 거대한 빨대가 오래 간다는 선택이 내려진다.; 일본 조기상환에 맞설 금융전 방향과 우크라이나 재건산업 우선순위가 확정된다.,일본 금융청의 조기상환 권고를 태풍으로 키우는 한편 우크라이나 재건 보상안을 고른다; 단기 현금보다 국가 인프라를 잡아야 우크라이나에 꽂은 거대한 빨대가 오래 간다는 선택이 내려진다; 일본 조기상환에 맞설 금융전 방향과 우크라이나 재건산업 우선순위가 확정된다,일본 금융청의 조기상환 권고를 금융태풍으로 키우는 한편 젤렌스키에게 내밀 우크라이나 재건 보상을 고른다,일본 조기상환 대응과 우크라이나 재건 보상안의 방향만 고른다. 젤렌스키에게 구체 자료를 내미는 다음 화 전이라 정보와 선택에 머문다.,보상은 실제 지급만 세어 6→5 판정; 훅은 마지막 프레임의 열린 질문만 세어 9→8 판정; 리본은 실제 장면 체류에 맞춰 재배분; L125884~L126045 수동 재독; 회차 필드 경계 교정; L125884~L126045 수동 재독; 회차 필드 경계 교정; L125884~L126045 수동 재독; 회차 필드 경계 교정; L125884~L126045 수동 재독; 회차 필드 경계 교정; L125884~L126045 수동 재독; 회차 필드 경계 교정; L125884~L126045 수동 재독; 회차 필드 경계 교정; L125884~L126045 수동 재독; 회차 필드 경계 교정; L125884~L126045 수동 재독; 회차 필드 경계 교정; L125884~L126045 수동 재독; 회차 필드 경계 교정; L125884~L126045 수동 재독; 회차 필드 경계 교정; L125884~L126045 수동 재독; 회차 필드 경계 교정; L125884~L126045 수동 재독; 회차 필드 경계 교정
730,730,L126046~L126215,EDIT,EDIT,PASS,8,8,7,7,9,8,0.20/0.16/0.38/0.18/0.08,0.20/0.16/0.38/0.18/0.08,젤렌스키에게 부패자금 회수 자료·통신망·원전·자동차 재건안을 내밀고 휴전 결단을 요구한다,젤렌스키에게 부패자금 회수 자료를 건네고 통신망·원전·자동차 재건 패키지와 휴전의 정치적 이득을 제시한다. 휴전 결단·사업권·부패자금 회수는 아직 전이다.,젤렌스키가 부패자금 회수자료와 재건패키지를 검토해 어떤 협상신호·휴전결단을 보낼 것인가?,젤렌스키에게 부패자금 회수 자료·통신망·원전·자동차 재건안을 내밀고 휴전 결단을 요구한다; 김민재가 부패자금의 실제 흐름과 국고회수 가능액을 보여 주며 도덕론을 계산 가능한 선택으로 바꾼다.; 젤렌스키에게 휴전 결단을 압박할 자료와 전후재건 대가가 모두 지급된다.,젤렌스키에게 부패자금 회수 자료·통신망·원전·자동차 재건안을 내밀고 휴전 결단을 요구한다; 김민재가 부패자금의 실제 흐름과 국고회수 가능액을 보여 주며 도덕론을 계산 가능한 선택으로 바꾼다; 젤렌스키에게 부패자금 회수 자료를 건네고 통신망·원전·자동차 재건 패키지와 휴전의 정치적 이득을 제시한다. 휴전 결단·사업권·부패자금 회수는 아직 전이다,젤렌스키에게 부패세력 제거와 통신·건설 재건을 제안하고 연임용 전쟁을 경고한 뒤 자금흐름 자료를 작은 선물로 준다,젤렌스키에게 부패세력 제거와 통신·건설 재건을 제안하고 연임용 전쟁을 경고한 뒤 자금흐름 자료를 작은 선물로 준다,기존 점수·리본 유지; 729화 방향 선택과 730화 자료 전달·패키지 제안을 분리하고 휴전 결단·사업권·부패자금 회수는 미지급으로 재확정
731,731,L126216~L126382,EDIT,EDIT,EDIT,10,9,8,8,10,8,0.18/0.38/0.09/0.24/0.11,0.20/0.36/0.09/0.10/0.25,우크라이나의 협상 신호를 확인한 금융타워가 엔캐리 전액청산을 일주일 앞당겨 실행한다,엔캐리 전액청산이 실행되고 일본에서 빠져나온 자금을 금융타워가 흡수한다.,"자민당 비자금 자료와 미국 압박 가능성을 장기카드로 쌓은 채, 총리 사퇴·중의원 해산을 언제 어떻게 끌어낼 것인가?",우크라이나의 협상 신호를 확인한 금융타워가 엔캐리 전액청산을 일주일 앞당겨 실행한다; 본 공격이 시작되기도 전에 니케이가 7퍼센트 밀리며 일본 당국의 분할상환 시나리오가 무너진다.; 엔캐리 전액청산이 실행되고 일본에서 빠져나온 자금을 금융타워가 흡수한다.,우크라이나의 협상 신호를 확인한 금융타워가 엔캐리 전액청산을 일주일 앞당겨 실행한다; 본 공격이 시작되기도 전에 니케이가 7퍼센트 밀리며 일본 당국의 분할상환 시나리오가 무너진다; 엔캐리 전액청산이 실행되고 일본에서 빠져나온 자금을 금융타워가 흡수한다,우크라이나의 NATO 유보 신호 뒤 엔캐리를 전액청산해 니케이 7퍼센트와 나스닥을 함께 떨어뜨린다,엔캐리 전액청산과 니케이 7퍼센트 하락을 실행하면서 자민당 비자금·미국 압박 가능성을 장기 카드로 쌓는다. 일본의 협상요청은 아직 지급하지 않는다.,긴장은 이 화에서 실제 맞닥뜨린 압박을 기준으로 10→9 판정; 훅은 마지막 프레임의 열린 질문만 세어 10→8 판정; 리본은 실제 장면 체류에 맞춰 재배분
732,732,L126383~L126556,EDIT,EDIT,EDIT,9,9,7,7,9,8,0.17/0.30/0.24/0.20/0.09,0.23/0.25/0.28/0.10/0.14,"전액상환 충격을 받은 일본 금융청의 30조 엔 대응회의와 미국의 환율관찰국 지정을 확인하고, 일본의 협상요청에 김민재·한 부회장 투트랙으로 대응한다.","일본 측 협상요청과 금융청 책임론, 한 부회장·김민재의 투트랙 대응을 얻는다. 전액상환은 이 화의 새 행동이 아니라 진입 배경이다.",한 부회장이 기시다에게 제시할 국가급 조건과 김민재가 만날 일본 야권인물이 갈린다.,일본 금융청의 분할상환 계산을 깨고 한 번에 돈을 갚아 엔화·주가·미 환율감시를 흔든다; 시장기술만으로 끝내면 다음 정권이 보복하므로 김민재가 일본 정치 자체를 바꿔야 한다고 판단한다.; 일본 정부의 협상요청과 금융청 책임론을 끌어내고 한 부회장·김민재의 투트랙 대응이 정해진다.,"전액상환 충격을 받은 일본 금융청의 30조 엔 대응회의와 미국의 환율관찰국 지정을 확인하고, 일본의 협상요청에 김민재·한 부회장 투트랙으로 대응한다; 일본은 분할상환 시나리오가 깨진 뒤 금융청 책임론과 협상을 논의하고, 김민재는 시장기술만으로 끝내지 않고 일본 정치까지 바꾸려 한다; 일본 측 협상요청과 금융청 책임론, 한 부회장·김민재의 투트랙 대응을 얻는다. 전액상환은 이 화의 새 행동이 아니라 진입 배경이다",일본 금융청의 분할상환 계산을 깨고 전액을 한 번에 갚아 엔화·주가를 흔들자 일본 정부가 금융타워에 협상을 청한다,"전액상환 충격을 받은 일본 금융청의 30조 엔 대응, 미국 환율관찰국 지정, 일본 측 협상요청과 투트랙 결정을 다룬다. 전액상환 자체는 진입 배경이다.",훅은 마지막 프레임의 열린 질문만 세어 9→8 판정; 리본은 실제 장면 체류에 맞춰 재배분
733,733,L126557~L126729,PASS,EDIT,PASS,8,8,9,8,8,7,0.15/0.17/0.37/0.15/0.16,0.15/0.17/0.37/0.15/0.16,한 부회장·조지가 기시다에게 중앙은행 보증·우대금리·세제·핀테크 개방·자본규제 완화와 총리 사퇴·중의원 해산 약속을 받아낸다.,기시다가 중앙은행 보증·우대금리·세제·핀테크 개방·자본규제 완화와 총리 사퇴·중의원 해산을 약속한다. 재차입·미국채 매입과 시장 정상화는 주말 집행 전이다.,같은 시각 김민재는 기시다가 모르는 누구를 만나 무슨 다음 수를 두고 있는가?,한 부회장·조지가 기시다에게 재차입·금리·미 국채·사과 조건을 받아낸다; 기시다가 조건 자체보다 같은 시각 김민재가 누구를 만나는지 모른다는 사실이 협상의 정보격차를 드러낸다.; 일본 정부가 재차입·금리·미국채·사과를 포함한 금융타워의 요구를 공식 검토하게 된다.,한 부회장·조지가 기시다에게 중앙은행 보증·우대금리·세제·핀테크 개방·자본규제 완화와 총리 사퇴·중의원 해산 약속을 받아낸다; 기시다가 조건 자체보다 같은 시각 김민재가 누구를 만나는지 모른다는 사실이 협상의 정보격차를 드러낸다; 기시다가 중앙은행 보증·우대금리·세제·핀테크 개방·자본규제 완화와 총리 사퇴·중의원 해산을 약속한다. 재차입·미국채 매입과 시장 정상화는 주말 집행 전이다,한 부회장과 조지가 기시다에게 재차입·금리·미 국채·사과 조건을 받아 일본의 국가급 금융자산과 정치책임을 회수한다,"한 부회장과 조지가 기시다에게 중앙은행 보증·우대금리·세제·핀테크 개방·자본규제 완화와 총리 사퇴·중의원 해산 약속을 받아낸다. 재차입·미국채 거래와 시장 정상화는 주말 집행 전이고, 마지막 문장은 기시다가 모르는 김민재의 비공개 접촉을 숨긴다.","보상은 실제 지급만 세어 9→8 판정; 훅은 마지막 프레임의 열린 질문만 세어 8→7 판정; L126557~L126729 수동 재독; 회차 필드 경계 교정, 표본 note를 현재 화 표면으로 교정; L126557~L126729 수동 재독; 회차 필드 경계 교정, 표본 note를 현재 화 표면으로 교정; L126557~L126729 수동 재독; 회차 필드 경계 교정, 표본 note를 현재 화 표면으로 교정; L126557~L126729 수동 재독; 회차 필드 경계 교정, 표본 note를 현재 화 표면으로 교정; L126557~L126729 수동 재독; 회차 필드 경계 교정, 표본 note를 현재 화 표면으로 교정; L126557~L126729 수동 재독; 회차 필드 경계 교정, 표본 note를 현재 화 표면으로 교정; L126557~L126729 수동 재독; 회차 필드 경계 교정, 표본 note를 현재 화 표면으로 교정; L126557~L126729 수동 재독; 회차 필드 경계 교정, 표본 note를 현재 화 표면으로 교정; L126557~L126729 수동 재독; 회차 필드 경계 교정, 표본 note를 현재 화 표면으로 교정; L126557~L126729 수동 재독; 회차 필드 경계 교정, 표본 note를 현재 화 표면으로 교정; L126557~L126729 수동 재독; 회차 필드 경계 교정, 표본 note를 현재 화 표면으로 교정; L126557~L126729 수동 재독; 회차 필드 경계 교정, 표본 note를 현재 화 표면으로 교정"
734,734,L126730~L126889,EDIT,EDIT,EDIT,7,7,8,6,8,8,0.18/0.20/0.32/0.10/0.20,0.25/0.16/0.26/0.10/0.23,곤조 의원에게 자민당 불법자금 자료와 야권 자금통로를 제시하고 환율보험 반대포지션이 보험금 지급조건에 닿았음을 확인한다.,곤조와 야당연합에 자민당을 무너뜨릴 증거·합법적 자금통로를 제공하고 환율보험 지급조건 충족을 확인한다. 보험금·은행지분 수령은 아직 전이다.,충족된 환율보험 조건을 실제 보험금·대형은행 지분으로 지급받고 야권자금을 깨끗하게 운용할 수 있는가?,곤조 의원에게 자민당 불법자금 자료를 주고 환율보험 반대포지션으로 이익을 회수한다; 은행·보험사를 이미 장악한 금융타워가 선거자금까지 합치면 일본 금융계를 통째로 삼킬 수 있음이 확인된다.; 곤조와 야당연합에 자민당을 무너뜨릴 증거와 합법적 자금통로가 제공된다.,곤조 의원에게 자민당 불법자금 자료와 야권 자금통로를 제시하고 환율보험 반대포지션이 보험금 지급조건에 닿았음을 확인한다; 은행·보험사를 이미 장악한 금융타워가 선거자금까지 합치면 일본 금융계를 통째로 삼킬 수 있음이 확인된다; 곤조와 야당연합에 자민당을 무너뜨릴 증거·합법적 자금통로를 제공하고 환율보험 지급조건 충족을 확인한다. 보험금·은행지분 수령은 아직 전이다,곤조 의원에게 자민당 불법자금 자료를 주고 환율보험 반대포지션 이익을 회수해 금융계와 야당연합을 함께 묶는다,곤조에게 자민당 불법자금 자료와 합법적 자금통로를 건네고 환율보험 지급조건 충족을 확인한다. 보험금·은행지분은 아직 받지 않았으므로 정치 카드와 청구권이 준비된 상태에서 끊는다.,보상은 실제 지급만 세어 8→6 판정; 리본은 실제 장면 체류에 맞춰 재배분; L126730~L126889 수동 재독; 범용 중심·비중 문구를 장면 리듬으로 교체; L126730~L126889 수동 재독; 범용 중심·비중 문구를 장면 리듬으로 교체; L126730~L126889 수동 재독; 범용 중심·비중 문구를 장면 리듬으로 교체; L126730~L126889 수동 재독; 범용 중심·비중 문구를 장면 리듬으로 교체; L126730~L126889 수동 재독; 범용 중심·비중 문구를 장면 리듬으로 교체; L126730~L126889 수동 재독; 범용 중심·비중 문구를 장면 리듬으로 교체; L126730~L126889 수동 재독; 범용 중심·비중 문구를 장면 리듬으로 교체; L126730~L126889 수동 재독; 범용 중심·비중 문구를 장면 리듬으로 교체; L126730~L126889 수동 재독; 범용 중심·비중 문구를 장면 리듬으로 교체; L126730~L126889 수동 재독; 범용 중심·비중 문구를 장면 리듬으로 교체; L126730~L126889 수동 재독; 범용 중심·비중 문구를 장면 리듬으로 교체
735,735,L126890~L127049,EDIT,EDIT,EDIT,7,7,9,9,9,8,0.15/0.16/0.32/0.13/0.24,0.16/0.22/0.19/0.08/0.35,환율보험 보상으로 일본 3대 은행 지분을 받고 야권 선거자금 통로를 고르며 수상한 건설사 돈은 거절한다.,금융타워가 일본 3대 은행 지분과 합법적 야권자금 통로를 확보하고 건설사 검은돈을 배제한다.,기시다 퇴진·중의원 해산 뒤 일본선거와 중동기습·러우휴전이 같은 시각에 겹칠 위험이 열린다.,일본 3대 은행 지분을 보험금 대신 받고 선거자금 통로를 고르며 수상한 건설사 돈은 거절한다; 김민재가 건설사 돈을 불량식품으로 치부하며 파인다이닝 같은 깨끗한 자금만 쓰겠다는 규칙을 세운다.; 금융타워는 3대 은행 지분과 합법적 야권자금 통로를 확보하고 건설사 검은돈을 배제한다.,환율보험 보상으로 일본 3대 은행 지분을 받고 야권 선거자금 통로를 고르며 수상한 건설사 돈은 거절한다; 김민재가 건설사 돈을 불량식품으로 치부하며 파인다이닝 같은 깨끗한 자금만 쓰겠다는 규칙을 세운다; 금융타워가 일본 3대 은행 지분과 합법적 야권자금 통로를 확보하고 건설사 검은돈을 배제한다,일본 3대 은행 지분을 보험금 대신 받고 깨끗한 선거자금 통로를 골라 기시다 퇴진과 중의원 해산을 끌어낸다,환율보험 보상으로 일본 3대 은행 지분을 실제 받고 검은 건설사 돈을 거절한다. 소유권 지급과 선거자금 규율이 물질·지위 봉우리를 만든다.,훅은 마지막 프레임의 열린 질문만 세어 9→8 판정; 리본은 실제 장면 체류에 맞춰 재배분
736,736,L127050~L127212,PASS,EDIT,PASS,9,9,8,8,10,9,0.22/0.19/0.27/0.23/0.09,0.22/0.19/0.27/0.23/0.09,기시다 퇴진·중의원 해산 속 하마스 패러글라이더 침공과 러우 휴전 서명을 동시에 대비한다,일본 총선의 문이 열리고 중동 방어와 러우 휴전도 실행 직전까지 준비된다.,러우의 비공식 합의가 실제 서명으로 닫히고 일본 총선·중동 방어까지 세 전선이 예정대로 결산될 것인가?,기시다 퇴진·중의원 해산 속 하마스 패러글라이더 침공과 러우 휴전 서명을 동시에 대비한다; 러시아와 우크라이나 모두 출구가 절실한 지금이어서 오늘 휴전이 가능하다는 마지막 조건이 맞는다.; 일본 총선의 문이 열리고 중동 방어와 러우 휴전도 실행 직전까지 준비된다.,기시다 퇴진·중의원 해산 속 하마스 패러글라이더 침공과 러우 휴전 서명을 동시에 대비한다; 러시아와 우크라이나 모두 출구가 절실한 지금이어서 오늘 휴전이 가능하다는 마지막 조건이 맞는다; 일본 총선의 문이 열리고 중동 방어와 러우 휴전도 실행 직전까지 준비된다,기시다 퇴진 속 하마스 패러글라이더 침공과 러우 휴전 서명이 같은 날 겹쳐 세 결산의 성공 여부가 동시에 걸린다,"기시다 퇴진·중의원 해산 뒤 일본 총선, 하마스 기습예정일, 러우 휴전서명 예정시각이 같은 날 겹친다. 세 현장 모두 실행 직전이며 실제 서명·선거결과·공격차단은 아직 지급되지 않아 동시 카운트다운에 머문다.","훅은 마지막 프레임의 열린 질문만 세어 10→9 판정; L127050~L127212 수동 재독; 회차 필드 경계 교정, 표본 note를 현재 화 표면으로 교정; L127050~L127212 수동 재독; 회차 필드 경계 교정, 표본 note를 현재 화 표면으로 교정; L127050~L127212 수동 재독; 회차 필드 경계 교정, 표본 note를 현재 화 표면으로 교정; L127050~L127212 수동 재독; 회차 필드 경계 교정, 표본 note를 현재 화 표면으로 교정; L127050~L127212 수동 재독; 회차 필드 경계 교정, 표본 note를 현재 화 표면으로 교정; L127050~L127212 수동 재독; 회차 필드 경계 교정, 표본 note를 현재 화 표면으로 교정; L127050~L127212 수동 재독; 회차 필드 경계 교정, 표본 note를 현재 화 표면으로 교정; L127050~L127212 수동 재독; 회차 필드 경계 교정, 표본 note를 현재 화 표면으로 교정; L127050~L127212 수동 재독; 회차 필드 경계 교정, 표본 note를 현재 화 표면으로 교정; L127050~L127212 수동 재독; 회차 필드 경계 교정, 표본 note를 현재 화 표면으로 교정"
737,737,L127213~L127367,EDIT,EDIT,PASS,9,9,10,9,9,7,0.16/0.28/0.24/0.17/0.15,0.16/0.28/0.24/0.17/0.15,러우 휴전 체결과 태우 브랜드 상승을 확인한 뒤 일본 은행 30조 엔 폭탄·뱅크런을 공개한다,러우 휴전이 성립하고 일본은행 손실·뱅크런이 공개돼 야권의 정권교체 동력이 급증한다.,러우 휴전과 일본 은행 30조 엔 손실 공개가 실제 전후 실행·일본 정권교체로 이어질 것인가?,러우 휴전 체결과 태우 브랜드 상승을 확인한 뒤 일본 은행 30조 엔 폭탄·뱅크런을 공개한다; 일본은행의 감춰진 30조 엔 손실이 드러나며 금융위기가 선거구도를 결정할 폭발물로 바뀐다.; 러우 휴전이 성립하고 일본은행 손실·뱅크런이 공개돼 야권의 정권교체 동력이 급증한다.,러우 휴전 체결과 태우 브랜드 상승을 확인한 뒤 일본 은행 30조 엔 폭탄·뱅크런을 공개한다; 일본은행의 감춰진 30조 엔 손실이 드러나며 금융위기가 선거구도를 결정할 폭발물로 바뀐다; 러우 휴전이 성립하고 일본은행 손실·뱅크런이 공개돼 야권의 정권교체 동력이 급증한다,러우 휴전 체결과 태우 브랜드 상승을 확인한 뒤 일본 은행의 30조 엔 손실과 뱅크런을 공개해 정치교체를 압박한다,러우 휴전 체결과 태우 브랜드 상승을 확인한 뒤 일본 은행의 30조 엔 손실과 뱅크런을 공개해 정치교체를 압박한다,보상은 실제 지급만 세어 10→9 판정; 훅은 마지막 프레임의 열린 질문만 세어 9→7 판정
738,738,L127368~L127539,EDIT,EDIT,PASS,8,8,9,9,9,7,0.18/0.24/0.29/0.13/0.16,0.18/0.24/0.29/0.13/0.16,콜로노이 수사를 시작하고 일본 총선 출구조사에서 곤조·나오토 야당연합의 50석 증가와 과반 표시를 확인한다.,우크라이나 부패재벌 수사가 시작되고 일본 총선 출구조사에서 곤조·나오토 연합이 과반으로 표시된다. 최종 개표와 새 내각은 아직 전이다.,출구조사상 야당 과반이 최종 개표와 새 내각으로 굳어지고 우크라이나 부패수사가 자산회수로 이어질 것인가?,콜로노이를 시작으로 우크라이나 부패재벌을 잡고 곤조·나오토 야당연합의 50석 증가를 만든다; 콜로노이가 보호막을 잃는 것과 동시에 일본 개표에서 야당연합이 자민당을 추월한다.; 우크라이나 부패재벌 정리가 시작되고 곤조·나오토 연합은 과반의석으로 자민당을 패배시킨다.,콜로노이 수사를 시작하고 일본 총선 출구조사에서 곤조·나오토 야당연합의 50석 증가와 과반 표시를 확인한다; 콜로노이가 보호막을 잃는 것과 동시에 일본 출구조사에서 야당연합이 자민당 과반을 무너뜨린다; 우크라이나 부패재벌 수사가 시작되고 일본 총선 출구조사에서 곤조·나오토 연합이 과반으로 표시된다. 최종 개표와 새 내각은 아직 전이다,콜로노이를 시작으로 우크라이나 부패재벌을 잡고 곤조·나오토 야당연합이 50석을 늘리는 실제 결과를 만든다,"콜로노이 수사 착수와 일본 총선 출구조사가 교차하고, 곤조·나오토 야당연합이 이전보다 50석을 늘려 과반으로 표시된다. 최종 개표·새 내각은 아직 전이므로 수사와 출구조사라는 관찰 가능한 결과에 보상을 한정한다.","훅은 마지막 프레임의 열린 질문만 세어 9→7 판정; L127368~L127539 수동 재독; 회차 필드 경계 교정, 표본 note를 현재 화 표면으로 교정; L127368~L127539 수동 재독; 회차 필드 경계 교정, 표본 note를 현재 화 표면으로 교정; L127368~L127539 수동 재독; 회차 필드 경계 교정, 표본 note를 현재 화 표면으로 교정; L127368~L127539 수동 재독; 회차 필드 경계 교정, 표본 note를 현재 화 표면으로 교정; L127368~L127539 수동 재독; 회차 필드 경계 교정, 표본 note를 현재 화 표면으로 교정; L127368~L127539 수동 재독; 회차 필드 경계 교정, 표본 note를 현재 화 표면으로 교정; L127368~L127539 수동 재독; 회차 필드 경계 교정, 표본 note를 현재 화 표면으로 교정; L127368~L127539 수동 재독; 회차 필드 경계 교정, 표본 note를 현재 화 표면으로 교정; L127368~L127539 수동 재독; 회차 필드 경계 교정, 표본 note를 현재 화 표면으로 교정; L127368~L127539 수동 재독; 회차 필드 경계 교정, 표본 note를 현재 화 표면으로 교정; L127368~L127539 수동 재독; 회차 필드 경계 교정, 표본 note를 현재 화 표면으로 교정; L127368~L127539 수동 재독; 회차 필드 경계 교정, 표본 note를 현재 화 표면으로 교정"
739,739,L127540~L127739,EDIT,EDIT,PASS,10,9,10,9,9,8,0.14/0.36/0.20/0.24/0.06,0.14/0.36/0.20/0.24/0.06,AI 드론·PMC가 하마스 패러글라이더 침투를 막아 대규모 민간인 학살을 저지하고 현장 구조를 수행한다.,AI 드론·PMC가 하마스 기습의 대규모 민간인 학살을 저지한다. 일본 총선승리는 이 화의 새 지급이 아니라 진입 배경이다.,민간인 구조를 위해 쓴 PMC 비용과 약속된 국제보상을 미국이 어떤 범위로 인정할 것인가?,일본 야당의 약진을 확인하는 동안 AI 드론·PMC가 하마스 기습의 민간인 학살을 막는다; 사람이 대응하기 전에 AI 드론이 침투경로를 닫으며 사전정보의 정확성이 현장에서 입증된다.; 하마스 기습의 대규모 민간인 학살이 저지되고 일본 야당의 정권교체 성과도 굳어진다.,AI 드론·PMC가 하마스 패러글라이더 침투를 막아 대규모 민간인 학살을 저지하고 현장 구조를 수행한다; 사람이 대응하기 전에 AI 드론이 침투경로를 닫으며 사전정보의 정확성이 현장에서 입증된다; AI 드론·PMC가 하마스 기습의 대규모 민간인 학살을 저지한다. 일본 총선승리는 이 화의 새 지급이 아니라 진입 배경이다,천민정의 AI드론과 PMC가 하마스 패러글라이더 기습을 사전에 막아 이스라엘 생존 약속과 일본 정치전을 모두 결산한다,"AI 드론과 PMC가 하마스의 패러글라이더 침투를 탐지·차단하고 현장에서 민간인을 구조하는 전투 행동이 회차를 밀어붙인다. 대규모 학살을 실제 저지한 보상은 크며, 진입 배경인 일본 총선과 섞지 않고 미국이 PMC 비용·국제보상을 어디까지 인정할지만 남긴다.","긴장은 이 화에서 실제 맞닥뜨린 압박을 기준으로 10→9 판정; 보상은 실제 지급만 세어 10→9 판정; 훅은 마지막 프레임의 열린 질문만 세어 9→8 판정; L127540~L127739 수동 재독; 점수·리본 유지, 기계적 note만 장면별 편집문으로 교체; L127540~L127739 수동 재독; 기계적 note를 장면별 편집문으로 교체; L127540~L127739 수동 재독; 기계적 note를 장면별 편집문으로 교체; L127540~L127739 수동 재독; 기계적 note를 장면별 편집문으로 교체; L127540~L127739 수동 재독; 기계적 note를 장면별 편집문으로 교체; L127540~L127739 수동 재독; 기계적 note를 장면별 편집문으로 교체; L127540~L127739 수동 재독; 기계적 note를 장면별 편집문으로 교체; L127540~L127739 수동 재독; 기계적 note를 장면별 편집문으로 교체; L127540~L127739 수동 재독; 기계적 note를 장면별 편집문으로 교체; L127540~L127739 수동 재독; 기계적 note를 장면별 편집문으로 교체; L127540~L127739 수동 재독; 기계적 note를 장면별 편집문으로 교체; L127540~L127739 수동 재독; 기계적 note를 장면별 편집문으로 교체; L127540~L127739 수동 재독; 기계적 note를 장면별 편집문으로 교체"
740,740,L127740~L127898,EDIT,EDIT,PASS,7,7,9,8,8,6,0.22/0.17/0.29/0.12/0.20,0.22/0.17/0.29/0.12/0.20,미국대사에게 PMC 비용·미국 기업 동등대우·우크라이나 재건 중심권을 받아 낸 뒤 러시아 전후투자를 서두른다,미국으로부터 PMC 비용·미국기업 동등대우·우크라이나 재건중심권을 확보한다.,미국에서 받은 비용·동등대우·재건중심권을 실제 우크라이나 사업과 러시아 전후시장 선점으로 바꿀 수 있는가?,미국대사에게 PMC 비용·미국 기업 동등대우·우크라이나 재건 중심권을 받아 낸 뒤 러시아 전후투자를 서두른다; 평화의 청구서가 현금보전뿐 아니라 우크라이나 국가재건의 중심권으로 인정된다.; 미국으로부터 PMC 비용·미국기업 동등대우·우크라이나 재건중심권을 확보한다.,미국대사에게 PMC 비용·미국 기업 동등대우·우크라이나 재건 중심권을 받아 낸 뒤 러시아 전후투자를 서두른다; 평화의 청구서가 현금보전뿐 아니라 우크라이나 국가재건의 중심권으로 인정된다; 미국으로부터 PMC 비용·미국기업 동등대우·우크라이나 재건중심권을 확보한다,미국이 PMC 비용과 미 기업 동등대우·우크라이나 재건 중심권을 보상하자 김민재는 러시아 자원 독식을 서두른다,"미국대사에게 PMC 비용과 미국 기업 동등대우·우크라이나 재건 중심권을 받아 낸다. 현금보전과 국가급 사업권을 지급한 뒤 곧장 러시아 에너지·자원 선점으로 시선을 돌려, 평화의 청구서가 전후시장 실행 과제로 바뀐다.",보상은 실제 지급만 세어 9→8 판정; 훅은 마지막 프레임의 열린 질문만 세어 8→6 판정; L127740~L127898 수동 재독; 고정 39화 표본 note를 원문 장면·말미 기준으로 교정; L127740~L127898 수동 재독; 고정 39화 표본 note를 원문 장면·말미 기준으로 교정; L127740~L127898 수동 재독; 고정 39화 표본 note를 원문 장면·말미 기준으로 교정
741,741,L127899~L128080,PASS,EDIT,PASS,7,7,10,8,8,7,0.20/0.14/0.37/0.10/0.19,0.20/0.14/0.37/0.10/0.19,러시아에서 로만·푸틴과 공장 무상회수·가스관·횡단철도·북한 장남 지원을 합의한다,러시아 공장 회수·가스관·횡단철도 및 장남 지원의 정치적 토대가 합의된다.,미국 대선 양쪽과 관계를 유지해 새 북방질서를 정권교체 뒤에도 지킬지가 남는다.,러시아에서 로만·푸틴과 공장 무상회수·가스관·횡단철도·북한 장남 지원을 합의한다; 푸틴이 경제회복을 위해 태우 자본뿐 아니라 김민재 장남의 북방역할까지 받아들인다.; 러시아 공장 회수·가스관·횡단철도 및 장남 지원의 정치적 토대가 합의된다.,러시아에서 로만·푸틴과 공장 무상회수·가스관·횡단철도·북한 장남 지원을 합의한다; 푸틴이 경제회복을 위해 태우 자본뿐 아니라 김민재 장남의 북방역할까지 받아들인다; 러시아 공장 회수·가스관·횡단철도 및 장남 지원의 정치적 토대가 합의된다,로만·푸틴과 공장 무상회수·가스관·횡단철도·장남 지원을 합의해 함경북도와 양강도까지 북방경제 기반에 넣는다,로만·푸틴과 공장 무상회수·가스관·횡단철도·장남 지원을 합의해 함경북도와 양강도까지 북방경제 기반에 넣는다,보상은 실제 지급만 세어 10→8 판정; 훅은 마지막 프레임의 열린 질문만 세어 8→7 판정
742,742,L128081~L128250,EDIT,EDIT,PASS,7,7,7,7,9,7,0.23/0.14/0.39/0.13/0.11,0.23/0.14/0.39/0.13/0.11,텍사스 농장에서 머스크와 트럼프를 만나 무제한 후원·민주당 후보교체 전략을 제시한다,트럼프에 대한 후원·협력통로가 열리고 민주당 후보교체에도 대응할 미국 대선보험이 마련된다.,트럼프 후원·머스크 네트워크와 바이든 정부의 기존 거래를 함께 유지해 미국 대선 뒤에도 국제약속을 지킬 수 있는가?,텍사스 농장에서 머스크와 트럼프를 만나 무제한 후원·민주당 후보교체 전략을 제시한다; 아쉬운 처지의 트럼프에게 자금과 머스크 네트워크가 결합되자 태우의 협상력이 가장 크게 먹힌다.; 트럼프에 대한 후원·협력통로가 열리고 민주당 후보교체에도 대응할 미국 대선보험이 마련된다.,텍사스 농장에서 머스크와 트럼프를 만나 무제한 후원·민주당 후보교체 전략을 제시한다; 아쉬운 처지의 트럼프에게 자금과 머스크 네트워크가 결합되자 태우의 협상력이 가장 크게 먹힌다; 트럼프에 대한 후원·협력통로가 열리고 민주당 후보교체에도 대응할 미국 대선보험이 마련된다,텍사스 농장에서 머스크와 트럼프를 만나 무제한 후원과 민주당 후보교체 전략을 제시해 미국대선 양쪽 선을 설계한다,텍사스 농장에서 머스크와 트럼프를 만나 무제한 후원과 민주당 후보교체 전략을 제시해 미국대선 양쪽 선을 설계한다,훅은 마지막 프레임의 열린 질문만 세어 9→7 판정
743,743,L128251~L128420,EDIT,EDIT,PASS,5,5,9,8,8,7,0.16/0.12/0.31/0.08/0.33,0.16/0.12/0.31/0.08/0.33,곤조 총리 성립 뒤 일본 금융사 보험료를 깎아 주는 대신 태우 금융플랫폼 가입을 받아낸다,곤조 내각과 일본 금융사들이 보험료 인하와 태우 플랫폼 도입을 교환하는 구조가 성립한다.,보험료 인하와 맞바꾼 태우 금융플랫폼 도입을 실제 일본 고객·데이터·수수료의 장기독점으로 굳힐 수 있는가?,곤조 총리 성립 뒤 일본 금융사 보험료를 깎아 주는 대신 태우 금융플랫폼 가입을 받아낸다; 정권교체로 끝날 줄 알았던 일본전이 금융사의 일상업무와 고객접점까지 장악하는 단계로 넘어간다.; 곤조 내각과 일본 금융사들이 보험료 인하와 태우 플랫폼 도입을 교환하는 구조가 성립한다.,곤조 총리 성립 뒤 일본 금융사 보험료를 깎아 주는 대신 태우 금융플랫폼 가입을 받아낸다; 정권교체로 끝날 줄 알았던 일본전이 금융사의 일상업무와 고객접점까지 장악하는 단계로 넘어간다; 곤조 내각과 일본 금융사들이 보험료 인하와 태우 플랫폼 도입을 교환하는 구조가 성립한다,곤조 총리 성립 뒤 보험료를 낮춰 주는 대신 일본 금융사를 태우 플랫폼에 가입시켜 고객과 정치권을 장기 구조로 묶는다,곤조 총리 성립 뒤 보험료를 낮춰 주는 대신 일본 금융사를 태우 플랫폼에 가입시켜 고객과 정치권을 장기 구조로 묶는다,보상은 실제 지급만 세어 9→8 판정; 훅은 마지막 프레임의 열린 질문만 세어 8→7 판정
744,744,L128421~L128566,EDIT,EDIT,PASS,5,5,7,6,8,7,0.27/0.11/0.30/0.13/0.19,0.27/0.11/0.30/0.13/0.19,천민정이 일본 예금을 끌어올 AI 금융플랫폼을 설계하고 한 부회장은 중국 투자를 압박한다,AI 금융플랫폼의 일본 적용준비와 중국진입 투자안이 구체화된다.,"천민정의 AI 금융플랫폼과 중국 투자안이 아시아 표준으로 확장될 동안, 김민재가 떠올린 새 기술·사적 미래는 무엇인가?",천민정이 일본 예금을 끌어올 AI 금융플랫폼을 설계하고 한 부회장은 중국 투자를 압박한다; 천민정이 플랫폼 확장을 아이처럼 기뻐하는 모습이 사업성과와 두 사람의 사적 미래를 겹쳐 보이게 한다.; AI 금융플랫폼의 일본 적용준비와 중국진입 투자안이 구체화된다.,천민정이 일본 예금을 끌어올 AI 금융플랫폼을 설계하고 한 부회장은 중국 투자를 압박한다; 천민정이 플랫폼 확장을 아이처럼 기뻐하는 모습이 사업성과와 두 사람의 사적 미래를 겹쳐 보이게 한다; AI 금융플랫폼의 일본 적용준비와 중국진입 투자안이 구체화된다,천민정이 일본 예금을 끌 AI 금융플랫폼을 설계하고 한 부회장이 중국 투자를 압박해 다음 금융영토를 연다,천민정이 일본 예금을 끌 AI 금융플랫폼을 설계하고 한 부회장이 중국 투자를 압박해 다음 금융영토를 연다,보상은 실제 지급만 세어 7→6 판정; 훅은 마지막 프레임의 열린 질문만 세어 8→7 판정
745,745,L128567~L128730,EDIT,EDIT,PASS,6,6,8,7,9,8,0.15/0.11/0.45/0.24/0.05,0.15/0.11/0.45/0.24/0.05,이영한에게 일본·지린 사채망과 북한 장남 세력을 확인한 뒤 김태중이 대북특사를 자청한다,김태중이 남북협상의 특사로 나서기로 하며 가족의 북방사업이 국가외교선과 연결된다.,대북특사를 자청한 김태중이 평양에서 어떤 회담·철도·안전조건을 실제 협상선에 올릴 수 있는가?,이영한에게 일본·지린 사채망과 북한 장남 세력을 확인한 뒤 김태중이 대북특사를 자청한다; 김태중이 위험한 특사역을 스스로 청하고 김민재가 아버지의 능력과 신뢰를 다시 확인한다.; 김태중이 남북협상의 특사로 나서기로 하며 가족의 북방사업이 국가외교선과 연결된다.,이영한에게 일본·지린 사채망과 북한 장남 세력을 확인한 뒤 김태중이 대북특사를 자청한다; 김태중이 위험한 특사역을 스스로 청하고 김민재가 아버지의 능력과 신뢰를 다시 확인한다; 김태중이 남북협상의 특사로 나서기로 하며 가족의 북방사업이 국가외교선과 연결된다,이영한에게 지린 사채망과 장남 세력을 확인한 뒤 김태중이 평양 특사를 자청해 가족이 남북 마지막 협상을 맡는다,"이영한에게 일본·지린 사채망과 북한 장남 세력을 확인한 뒤 김태중이 대북특사를 자청한다. 김민재가 막으려다 안전보장과 선물 준비를 맡기로 물러서는 대화가 길어, 보호받던 할아버지가 마지막 국가협상을 맡는 상호신뢰로 관계가 뒤집힌다.",보상은 실제 지급만 세어 8→7 판정; 훅은 마지막 프레임의 열린 질문만 세어 9→8 판정; L128567~L128730 수동 재독; 고정 39화 표본 note를 원문 장면·말미 기준으로 교정; L128567~L128730 수동 재독; 고정 39화 표본 note를 원문 장면·말미 기준으로 교정; L128567~L128730 수동 재독; 고정 39화 표본 note를 원문 장면·말미 기준으로 교정
746,746,L128731~L128901,EDIT,EDIT,PASS,6,6,9,7,8,8,0.20/0.18/0.36/0.14/0.12,0.20/0.18/0.36/0.14/0.12,"김태중이 평양 특사를 마치고 다음 달 남북 정상회담과 중국·러시아·미국이 참여할 5개국 회담 약속을 확보한 동안, 고체배터리의 휴대폰·가전 적용계획을 점검한다.",김태중의 안전한 귀환과 다음 달 남북 정상회담·5개국 회담 약속이 발표된다. 회담 개최와 철도합의는 아직 전이다.,다음 달 남북 정상회담과 5개국 회담 약속을 실제 철도합의·통행보장으로 바꿀 수 있는가?,김태중이 평양 특사로 가 정상회담·5개국회의를 성사시키는 동안 고체배터리를 휴대폰·로봇으로 넓힌다; 김민재가 기대하는 것은 추상적인 평화가 아니라 유럽까지 연결될 실제 운송로라는 목적이 선명해진다.; 김태중의 평양특사 파견과 5개국 정상회담 구상이 공식 실행선에 오른다.,"김태중이 평양 특사를 마치고 다음 달 남북 정상회담과 중국·러시아·미국이 참여할 5개국 회담 약속을 확보한 동안, 고체배터리의 휴대폰·가전 적용계획을 점검한다; 김태중이 2박3일 특사 일정으로 남북 정상회담뿐 아니라 5개국 회담 약속까지 받아 왔고, 김민재는 평화보다 유럽 육로의 실익을 본다; 김태중의 안전한 귀환과 다음 달 남북 정상회담·5개국 회담 약속이 발표된다. 회담 개최와 철도합의는 아직 전이다",김태중이 남북 정상회담과 5개국회의를 성사시키고 고체배터리가 휴대폰·로봇으로 넓어져 마지막 임무와 기술이 함께 지급된다,"김태중이 평양 특사 일정을 마치고 돌아와 다음 달 남북 정상회담과 중국·러시아·미국이 참여할 5개국 회담 약속을 확보한 사실이 발표된다. 회담 개최·철도합의는 아직 전이며, 중간의 고체배터리 휴대폰·가전 확장도 개발계획으로 읽는다.","보상은 실제 지급만 세어 9→7 판정; L128731~L128901 수동 재독; 회차 필드 경계 교정, 표본 note를 현재 화 표면으로 교정; L128731~L128901 수동 재독; 회차 필드 경계 교정, 표본 note를 현재 화 표면으로 교정; L128731~L128901 수동 재독; 회차 필드 경계 교정, 표본 note를 현재 화 표면으로 교정; L128731~L128901 수동 재독; 회차 필드 경계 교정, 표본 note를 현재 화 표면으로 교정; L128731~L128901 수동 재독; 회차 필드 경계 교정, 표본 note를 현재 화 표면으로 교정; L128731~L128901 수동 재독; 회차 필드 경계 교정, 표본 note를 현재 화 표면으로 교정; L128731~L128901 수동 재독; 회차 필드 경계 교정, 표본 note를 현재 화 표면으로 교정; L128731~L128901 수동 재독; 회차 필드 경계 교정, 표본 note를 현재 화 표면으로 교정; L128731~L128901 수동 재독; 회차 필드 경계 교정, 표본 note를 현재 화 표면으로 교정; L128731~L128901 수동 재독; 회차 필드 경계 교정, 표본 note를 현재 화 표면으로 교정; L128731~L128901 수동 재독; 회차 필드 경계 교정, 표본 note를 현재 화 표면으로 교정; L128731~L128901 수동 재독; 회차 필드 경계 교정, 표본 note를 현재 화 표면으로 교정"
747,747,L128902~L129069,EDIT,EDIT,PASS,5,5,8,9,9,8,0.27/0.10/0.31/0.10/0.22,0.27/0.10/0.31/0.10/0.22,최재석과 남북 정상회담·북한횡단철도 40조 비용을 논의한 뒤 머스크를 맞는다,남북 횡단철도 40조 원 합의가 성립하고 고체배터리에 우주산업 고객이 붙는다.,40조 원 횡단철도 합의 뒤 머스크가 제시한 우주용 고체배터리 수요를 어떤 공장·표준·공급계약으로 묶을 것인가?,최재석과 남북 정상회담·북한횡단철도 40조 비용을 논의한 뒤 머스크를 맞는다; 정상회담 성과가 발표되자 머스크가 고체배터리를 스페이스X 로켓에 쓰자며 예상 밖 수요를 제시한다.; 남북 횡단철도 40조 원 합의가 성립하고 고체배터리에 우주산업 고객이 붙는다.,최재석과 남북 정상회담·북한횡단철도 40조 비용을 논의한 뒤 머스크를 맞는다; 정상회담 성과가 발표되자 머스크가 고체배터리를 스페이스X 로켓에 쓰자며 예상 밖 수요를 제시한다; 남북 횡단철도 40조 원 합의가 성립하고 고체배터리에 우주산업 고객이 붙는다,최재석과 북한횡단철도 40조 비용을 정리한 직후 머스크가 스페이스X 로켓용 고체배터리를 요구해 새 수요를 연다,최재석과 북한횡단철도 40조 비용을 정리한 직후 머스크가 스페이스X 로켓용 고체배터리를 요구해 새 수요를 연다,보상은 실제 지급만 세어 8→9 판정; 훅은 마지막 프레임의 열린 질문만 세어 9→8 판정
748,748,L129070~L129224,EDIT,EDIT,PASS,5,5,10,9,9,7,0.19/0.15/0.25/0.08/0.33,0.19/0.15/0.25/0.08/0.33,머스크와 우주선용 고체배터리 공장·탈부착 표준을 합의하고 일본에서 AI 금융플랫폼을 출시한다,우주선용 고체배터리 공장·탈부착 표준이 합의되고 일본 AI 금융플랫폼이 출시된다.,"우주배터리 표준과 일본 AI 플랫폼을 실제 반복수익으로 키우고, 북한 횡단철도 합의를 현장 착공으로 바꿀 수 있는가?","머스크와 우주선용 고체배터리 공장·탈부착 표준을 합의하고 일본에서 AI 금융플랫폼을 출시한다; 배터리는 반복교체 표준으로, 플랫폼은 누적데이터로 경쟁자를 밀어내는 서로 다른 영구수익 구조가 된다.; 우주선용 고체배터리 공장·탈부착 표준이 합의되고 일본 AI 금융플랫폼이 출시된다.","머스크와 우주선용 고체배터리 공장·탈부착 표준을 합의하고 일본에서 AI 금융플랫폼을 출시한다; 배터리는 반복교체 표준으로, 플랫폼은 누적데이터로 경쟁자를 밀어내는 서로 다른 영구수익 구조가 된다; 우주선용 고체배터리 공장·탈부착 표준이 합의되고 일본 AI 금융플랫폼이 출시된다",머스크와 우주선용 고체배터리 공장·탈부착 표준을 합의하고 일본 금융플랫폼을 출시해 두 독점이 동시에 작동한다,머스크와 우주선용 고체배터리 공장·탈부착 표준을 합의하고 일본 금융플랫폼을 출시해 두 독점이 동시에 작동한다,보상은 실제 지급만 세어 10→9 판정; 훅은 마지막 프레임의 열린 질문만 세어 9→7 판정
749,749,L129225~L129398,EDIT,EDIT,PASS,6,6,10,10,10,8,0.17/0.18/0.29/0.26/0.10,0.17/0.18/0.29/0.26/0.10,북한 횡단철도 착공식에서 첫 삽을 뜬 뒤 태우 AI의 위상을 확인하고 천민정의 노벨 화학상 소식을 받는다,북한 횡단철도가 착공되고 천민정은 고체배터리 성과로 노벨 화학상 수상자가 된다.,"횡단철도 착공과 천민정의 노벨 화학상 소식 뒤, 기자들에게 둘러싸일 천민정을 안전하게 지키고 수상의 공을 어떻게 결산할 것인가?",북한 횡단철도 착공식에서 첫 삽을 뜬 뒤 태우 AI의 위상을 확인하고 천민정의 노벨 화학상 소식을 받는다; 철도 첫 삽을 뜬 직후 천민정의 노벨 화학상 수상소식이 도착해 국가사업과 개인기술의 정점이 겹친다.; 북한 횡단철도가 착공되고 천민정은 고체배터리 성과로 노벨 화학상 수상자가 된다.,북한 횡단철도 착공식에서 첫 삽을 뜬 뒤 태우 AI의 위상을 확인하고 천민정의 노벨 화학상 소식을 받는다; 철도 첫 삽을 뜬 직후 천민정의 노벨 화학상 수상소식이 도착해 국가사업과 개인기술의 정점이 겹친다; 북한 횡단철도가 착공되고 천민정은 고체배터리 성과로 노벨 화학상 수상자가 된다,북한횡단철도 착공식으로 북방 약속을 실물화한 뒤 천민정의 노벨화학상 소식을 받고 양복으로 가려 저택에 데려간다,북한횡단철도 착공식으로 북방 약속을 실물화한 뒤 천민정의 노벨화학상 소식을 받고 양복으로 가려 저택에 데려간다,훅은 마지막 프레임의 열린 질문만 세어 10→8 판정
750,750,L129399~L129568,PASS,EDIT,PASS,5,5,10,10,10,8,0.13/0.11/0.35/0.32/0.09,0.13/0.11/0.35/0.32/0.09,천민정을 기자들에게서 숨겨 보호하는 사이 김민재·최재석의 노벨 평화상 공동 수상 발표를 듣는다,천민정의 안전을 확보하고 김민재·최재석이 노벨 평화상 공동수상자로 확정된다.,최재석이 수상과 정계퇴임을 어떻게 결산하고 김민재가 누구에게 공을 돌릴지가 남는다.,천민정을 기자들에게서 숨겨 보호하는 사이 김민재·최재석의 노벨 평화상 공동 수상 발표를 듣는다; 천민정을 숨겨 주는 가장 사적인 순간에 김민재·최재석의 노벨 평화상 공동수상 발표가 겹친다.; 천민정의 안전을 확보하고 김민재·최재석이 노벨 평화상 공동수상자로 확정된다.,천민정을 기자들에게서 숨겨 보호하는 사이 김민재·최재석의 노벨 평화상 공동 수상 발표를 듣는다; 천민정을 숨겨 주는 가장 사적인 순간에 김민재·최재석의 노벨 평화상 공동수상 발표가 겹친다; 천민정의 안전을 확보하고 김민재·최재석이 노벨 평화상 공동수상자로 확정된다,김민재가 기자에게 쫓긴 천민정을 저택에 숨겨 지키는 사이 자신과 최재석의 노벨평화상까지 발표돼 국가·관계 보상이 겹친다,김민재가 기자에게 쫓긴 천민정을 저택에 숨겨 지키는 사이 자신과 최재석의 노벨평화상까지 발표돼 국가·관계 보상이 겹친다,훅은 마지막 프레임의 열린 질문만 세어 10→8 판정
751,751,L129569~L129777,PASS,PASS,PASS,3,3,10,10,4,4,0.12/0.07/0.39/0.36/0.06,0.12/0.07/0.39/0.36/0.06,최재석과 수상·퇴임을 결산하고 김태중에게 평화상을 돌린 뒤 천민정의 임신·결혼을 가족에게 알린다,"최재석의 수상·정계퇴임, 김태중의 귀환, 천민정의 임신과 결혼 약속이 한자리에서 지급된다.",회귀 뒤 지키려던 아버지와 사랑하는 사람이 곁에 남았고 이후의 과제는 얻은 세계와 가정을 함께 책임지는 삶이다.,"최재석과 수상·퇴임을 결산하고 김태중에게 평화상을 돌린 뒤 천민정의 임신·결혼을 가족에게 알린다; 김태중이 출국을 취소하고 아들의 손을 잡자 김민재가 회귀 이후 처음으로 따뜻한 감정을 온전히 느낀다.; 최재석의 수상·정계퇴임, 김태중의 귀환, 천민정의 임신과 결혼 약속이 한자리에서 지급된다.","최재석과 수상·퇴임을 결산하고 김태중에게 평화상을 돌린 뒤 천민정의 임신·결혼을 가족에게 알린다; 김태중이 출국을 취소하고 아들의 손을 잡자 김민재가 회귀 이후 처음으로 따뜻한 감정을 온전히 느낀다; 최재석의 수상·정계퇴임, 김태중의 귀환, 천민정의 임신과 결혼 약속이 한자리에서 지급된다",부산이 131대34로 엑스포를 얻고 김민재가 김태중에게 평화상을 건넨 뒤 천민정의 초음파 사진과 결혼을 밝혀 가족을 지키겠다고 맹세한다,부산이 131대34로 엑스포를 얻고 김민재가 김태중에게 평화상을 건넨 뒤 천민정의 초음파 사진과 결혼을 밝혀 가족을 지키겠다고 맹세한다,기존 점수·리본 유지; 원문 하드 경계와 인접 회차 대비 재확인
