sequence,visible_label,title,start_line,end_line,entry_state,reader_promise,protagonist_goal,action,resistance_or_cost,turn_or_reveal,paid_reward,state_change_axis,state_change,ending_hook,closed_loops,opened_loops,arc_id,confidence
251,"251","새로운 장르 (5)",44722,44903,"김민재가 최재석의 경기지사 선거를 해외 공장 유치 뉴스로 밀고 태우·카이 전기차 시제품 공개를 기다린다.","정치 공작의 표와 수년간 투자한 전기차의 실물을 함께 지급한다.","최재석 당선을 굳히고 태우·카이 전기차를 LA 모터쇼 수준으로 완성한다.","애플·아마존·구글·TDK 등 30조 원대 유치 발표를 최재석 공으로 포장하고 드라이빙 센터에서 쿼크형 소형차와 픽업트럭의 제로백·회생제동·주행거리·코너링을 직접 검수한다.","공장 계획은 축소·백지화 가능성이 있고 전기차는 타이어 소음·회생제동 밀림·무거운 차체의 코너링 문제가 남는다.","폴리우레탄 전용 타이어 등 보완책을 지시한 뒤 태우·카이·테슬라 세 회사가 같은 LA 모터쇼에 각기 다른 전기차를 내놓는 구도가 드러난다.","최재석 지지율이 하루 4% 뛰고 수년·조 단위 투자의 결과인 상용 전기차 두 대가 실주행 성능을 증명한다.","지위·기술","국민경제당의 경기권 장악 가능성이 커지고 태우그룹은 전기차 선도 기업으로 넘어갈 실물을 확보한다.","태우·카이·테슬라 가운데 누가 LA 모터쇼의 주인공이 되어도 김민재가 최대주주로 이긴다.","최재석 선거 막판 반전 수단과 태우·카이 전기차 시제품 개발 루프","LA 모터쇼 3사 동시 공개와 전기차 시장 선점 루프","S2-A01","high"
252,"252","예상외의 반응 (1)",44904,45072,"최재석은 2% 차로 경기지사에 당선됐고 김민재는 약속한 공장 유치와 다가올 서브프라임 위기를 동시에 계산한다.","지방선거 승리의 결산 뒤 세계 자동차 시장을 바꿀 3종 전기차 공개를 보여 준다.","경기권 정치 기반을 고정하고 LA 모터쇼의 주목을 태우·카이·테슬라가 독점하게 한다.","산장에서 최재석에게 경제위기 TF를 권하고 LA로 날아가 데이비드·머스크·개발진을 점검한 뒤 태우 쿼크·카이 픽업·테슬라 스포츠카를 연속 공개한다.","기성 완성차는 전기차를 컨셉카나 낭비로 여기고 테슬라는 신생 회사라 부스 확보부터 로비가 필요하다.","서로 다른 차급의 전기차가 세 번 연속 등장하자 관람객이 상용화 가능성을 믿기 시작하고 모터쇼 자체가 전기차 박람회로 변한다.","최재석과 국민경제당이 경기 주요 시장 10곳 이상까지 얻고 세 전기차가 기자·관람객의 환호를 끌어낸다.","지위·세계","김민재의 정치 영향력이 경기도 행정으로 굳고 전기차는 연구 과제에서 공개 시장으로 진입한다.","김민재가 이날을 자동차 시장 급변의 특이점으로 기억하라고 데이비드에게 말한다.","경기지사 당선과 LA 모터쇼 출품 루프","전기차 상용화 경쟁과 세계 경제위기 대비 루프","S2-A01","high"
253,"253","예상외의 반응 (2)",45073,45227,"전기차 공개는 호평과 함께 기존 업계의 냉소를 받고 김민재는 미국 출장 중이다.","할아버지의 신뢰라는 가족 보상과 서브프라임 붕괴의 첫 수치를 동시에 제시한다.","전기차 장기 투자를 가족에게 납득시키고 SAVE의 위기 대응 인재를 보강한다.","전기차를 걱정하는 김태중 회장에게 장기 선점 논리를 설명해 믿음을 얻고 한 팀장·데이비드에게 연체율·파산율·평가등급 괴리를 보고받아 라구람 라잔 접촉을 지시한다.","독일·일본 완성차와 할아버지까지 전기차 수익성을 의심하고 한 팀장은 과로하며 은행·평가기관의 담합 때문에 정확한 신호를 얻기 어렵다.","지역 연방준비은행과 IMF 출신 라잔도 부동산 버블을 경고했다는 사실이 확인되고 라잔이 현재 미국에 있음이 드러난다.","김태중이 실패 가능성까지 감수하고 손자를 믿겠다고 약속하며 서브프라임 조기 경보를 공유할 동료 후보를 찾는다.","관계·정보","김민재-김태중의 전기차 신뢰가 단단해지고 SAVE의 위기 대비가 개인 예지에서 외부 전문가 연대로 확장된다.","미국 부동산 붕괴를 2005년부터 경고한 라잔을 영입하러 간다.","전기차 공개 직후 가족 승인 루프","라잔 영입과 월가 붕괴 대응 조직 구축 루프","S2-A01","high"
254,"254","예상외의 반응 (3)",45228,45387,"김민재는 라구람 라잔이 SAVE 보고서와 같은 서브프라임 붕괴를 예측했음을 확인하고 영입하려 한다.","배척받던 최고급 경제학자들을 미래 위기의 핵심 전력으로 뒤집어 세운다.","라잔과 동료들을 SAVE에 모으고 지분 기업들까지 현금 중심 긴축으로 돌린다.","IIT 한국 캠퍼스 총장직·최고 연봉·10년 고용·자유 연구를 제시해 라잔을 설득하고 아마존·구글·페이스북·애플 경영진에게 위기 자료를 보여 준다.","라잔은 투자회사 경력이 낯설고 그와 같은 견해를 낸 학자들은 월가에서 미운털이 박혀 있다.","라잔이 7명의 석학과 돌아오고 로버트 교수의 계산이 다음 연준 금리 인상을 부도 도화선으로 지목한다.","라잔·로버트 등 희귀 인재 7명과 위기를 버틸 빅테크 긴축 동맹을 얻는다.","조직·정보","SAVE의 예측 조직이 한 팀장 중심에서 국제 석학 집단으로 커지고 보호할 기업들이 현금 확보에 들어간다.","금리 한 번이면 돌이킬 수 없는 D-DAY가 시작된다는 계산이 나온다.","라잔 개인 영입 루프","서브프라임 D-DAY 예측과 월가에 대한 공개 반격 루프","S2-A02","high"
255,"255","예상외의 반응 (4)",45388,45569,"SAVE에 합류한 라잔과 7명은 리먼 브라더스까지 무너질 수 있는 버블을 연구하지만 월가 언론에 막혀 있다.","월가가 억누른 경고를 인터넷 여론으로 폭발시키고 미국 대통령을 협상장으로 불러낸다.","SAVE의 정체를 전면에 내세우지 않고 미국 정부가 먼저 찾아오게 만든다.","별동대 ‘모럴해저드’를 창립해 위튜브·구글·페이스북 생중계와 알고리즘 노출을 밀고 버냉키의 긴급 회견을 유도한 뒤 공항 이동 직전 정부 차량의 비밀 호출에 응한다.","대형 언론은 월가 편에서 반박하고 연준은 주택 시장이 탄탄하다고 공식 부인하며 정부는 출국 직전까지 접촉하지 않는다.","논쟁 자체가 검색 1위와 대형 언론 의제로 번지고 끝내 부시 대통령이 보안을 위해 납치극 같은 방식으로 김민재를 비밀리에 부른다.","배척받던 학자들이 공식 단체와 전국적 발언권을 얻고 김민재가 먼저 가격을 부르지 않은 채 대통령 면담권을 확보한다.","지위·협상","SAVE는 숨은 투자자에서 미국 경제 의제를 흔드는 세력으로 올라서고 모럴해저드는 공개 경고 창구가 된다.","부시가 ‘가장 든든한 후원자’ 김민재를 맞지만 앞으로도 갑일 수 있느냐는 역전 예고가 붙는다.","모럴해저드 창립과 미국 정부의 선접촉 유도 루프","부시와의 구제·협박 협상 및 월가 응징 루프","S2-A02","high"
256,"256","예상외의 반응 (5)",45570,45726,"부시 대통령은 모럴해저드 배후인 김민재를 비밀리에 불러 미국 부동산 위기 경고를 캐묻는다.","대통령의 모욕적 거절마저 훗날 주도권과 면죄부로 바꾸고 국내 KIKO 하이에나를 겨눈다.","미국 정부에 충분히 경고했다는 증거를 남기고 태우 협력 중소기업의 환율 폭탄을 막는다.","죽은 사람·강아지 명의 대출과 평가기관 수익 구조를 설명하지만 일부러 더 강요하지 않고 비련의 경고자 역할을 끝낸 뒤 귀국해 태우증권의 KIKO 판매 계획을 철회시킨다.","부시는 경고를 음모론·주식 놀이라 모욕하고 한국 은행들은 안정 상품이라며 중소기업에 대출까지 권해 KIKO를 판다.","부시의 공개적 불신이 위기 후 김민재만 의지하게 할 증거가 되고 KIKO 설계 경험이 은행권을 역으로 물릴 무기가 된다.","미국 정부 상대 사전 면책과 태우 협력사 보호 방향을 동시에 확보한다.","협상·관계","부시와 김민재의 후원 관계는 신뢰에서 잠복 대립으로 바뀌고 한국 금융권이 새 응징 대상으로 편입된다.","김민재가 KIKO를 일본에 팔았던 한 팀장을 국내 은행권 처리 전문가로 지목한다.","부시에게 사전 경고를 남기는 루프","KIKO 피해 차단과 한국 은행권 역보험 루프","S2-A02","high"
257,"257","눈에는 눈 (1)",45727,45913,"한 팀장이 라잔 덕분에 미국 업무 부담을 덜고 태우증권 사장 귀환을 기다리며 한국에 돌아온다.","중소기업을 먹잇감 삼은 KIKO 판매 논리를 은행 자신에게 그대로 돌려준다.","KIKO 가입 중소기업을 보호하면서 은행권이 환율 급등 손실을 직접 부담하게 만든다.","중소기업 간담회에서 보험료를 대신 내고 보험금 60%를 받기로 한 뒤 신화은행 정태섭 부행장에게 3년·환율 60% 상승·원금 10배 보상·월 3% 보험료 조건을 강요한다.","중소기업은 보험료를 부담스러워하고 정태섭은 10배 보상을 꺼리며 상품 출시를 거부할 수 있다.","5천억 원 KIKO의 집단 취소를 압박 카드로 내밀자 정태섭은 매달 150억 원 보험료와 한 팀장의 거간 수수료만 보고 초안을 수용한다.","신화은행이 중소기업의 위험을 떠안을 KIKO 보험 출시를 약속하고 한 팀장은 태우증권 사장감 업적의 씨앗을 만든다.","돈·지위","은행이 안전한 딜러에서 환율에 베팅한 도박꾼으로 내려오고 한 팀장은 국내 금융권 복귀 명분을 쌓는다.","한 팀장은 자신을 벌레 보듯 한 정태섭의 높은 콧대를 기억하며 응징을 예고한다.","KIKO 가입자 설득과 첫 은행 상품 승인 루프","전 은행권 보험 판돈 확대와 환율 급등 결산 루프","S2-A02","high"
258,"258","눈에는 눈 (2)",45914,46075,"한 팀장이 여러 은행을 KIKO 보험판에 끌어들이고 김민재에게 결과를 보고한다.","한국 은행권 목줄이 될 15조 원 보험 증서를 확보하고 세계위기 대비를 정치·기업 차원까지 넓힌다.","보험판을 고정하고 태우그룹은 대선 줄서기 없이 미국과 자체 체력으로 버틸 방파제를 만든다.","SAVE 페이퍼컴퍼니가 최대 2년 보험료를 내도록 하고 한 팀장을 미국으로 복귀시킨 뒤 기획실장에게 국내 대선 중립과 차기 미국 정권·국민경제당을 통한 방어 전략을 지시한다.","매달 거액 보험료가 들고 전기차 관심은 낮으며 기획실장은 한국 대통령의 표적 수사를 우려한다.","15조 원 규모 보험권이 한 팀장의 사장 승진 자산이 되고 태우 GDP 비중·오바마 인맥이 국내 권력에 줄 설 필요를 낮춘다.","은행권에 대한 환율 급등 청구권과 대선 중립이라는 장기 생존 방침을 얻는다.","돈·지위·정치","태우는 국내 대통령 자금줄에서 벗어나 세계경제 위기와 미국 정권 교체를 활용하는 독립 세력으로 이동한다.","연준이 금리를 5.25%로 또 올리고 데이비드가 오바마 지원과 스페이스X 2차 실패 소식을 전한다.","KIKO 보험판 조성과 2006년 상반기 실적 점검 루프","연준 금리 인상 후 모기지 도미노와 오바마 보험 루프","S2-A02","high"
259,"259","눈에는 눈 (3)",46076,46253,"태우그룹은 경제위기를 대비하는 한편 천민정의 인공지능 연구가 제품과 이벤트로 결실을 내기 시작한다.","스마트 셋톱박스·바둑·게임 AI라는 10년 이상 앞선 기술을 실제 대결로 증명한다.","인공지능 투자를 대중 이슈와 태우 계열사 매출·주가 보상으로 환전한다.","천민정에게 사투리·다국어 통역·방범을 지원하는 픽시2와 바둑 AI를 보고받고 스타크 AI를 용산 프로게이머 이벤트전에 투입한다.","바둑 AI는 아직 정상급 프로에 못 미치고 게임 AI도 인간의 변칙·유인 전술을 완전히 학습하지 못했다.","AI가 초반 날빌을 압도하지만 랭킹 2위 선수가 일부러 유닛을 흘린 덫으로 AI 본대를 유인해 승률을 20%까지 떨어뜨린다.","천민정의 연구가 연구실을 벗어나 상용 픽시2와 대중 앞의 인간-AI 대결로 진입한다.","능력·기술","태우 AI는 보조 기술에서 독자 브랜드와 공개 경쟁자로 올라서고 천민정은 핵심 개발자이자 이벤트 설계자로 인정받는다.","한국 정상급 프로가 AI의 반응 패턴을 역이용해 인간 역전 가능성을 만든다.","픽시2·게임 AI 개발 루프","대결 승패와 AI 홍보의 계열사 보상 루프","S2-A02","high"
260,"260","눈에는 눈 (4)",46254,46423,"스타크 AI 이벤트가 끝나고 태우는 반응을 집계하는 동안 미국 모기지 시장의 도미노가 눈에 보이기 시작한다.","AI 흥행의 주가 보상과 서브프라임 붕괴의 정확한 예언 확인을 교차 지급한다.","태우 IT 생태계의 인지도를 끌어올리고 금융 계열사가 위기 전에 안전 자산으로 이동하게 한다.","위튜브 200만 동시시청·태우IT 13% 상승·픽시2 문의를 확인하고 한 팀장에게 남은 AAA 보험을 사들이게 하며 박 사장에게 모럴해저드 자료를 신뢰하고 애플·구글·아마존 중심으로 펀드를 재편하라고 지시한다.","버냉키는 계속 낙관하고 보험사는 신규 계약을 닫기 시작하며 박 사장은 AI가 예측한 최대 4조 달러·리먼 파산을 믿지 못한다.","AI 예측이 모럴해저드의 자료와 결합해 리먼 파산까지 특정하고 태우증권이 46조 원 펀드 광풍에서 빠져나올 수 있게 된다.","태우 IT 3개 계열사의 주가·상품 기대가 오르고 태우증권은 위험자산 회수 명령을 받는다.","돈·정보","AI는 홍보 도구에서 그룹 위험예측 인프라로 확장되고 미국 위기는 가계 연체에서 100억 달러 모기지 회사 연쇄파산으로 커진다.","주한 미국 대사가 김민재와의 긴급 면담을 요청한다.","스타크 AI 흥행 보상과 초기 모기지 회사 붕괴 루프","백악관 재접촉과 2007년 위기 대응 루프","S2-A02","high"
261,"261","눈에는 눈 (5)",46424,46598,"모기지 회사 연쇄파산으로 백악관 내부가 갈리고 부시는 예전에 거절한 김민재를 다시 찾는다.","무시당한 경고자가 미국 경제 회의의 필수 당사자로 역전되고 가족의 전폭적 신뢰를 받는다.","백악관·재무부·연준과의 대면전을 준비하고 SAVE가 보험 주도권을 더 모은다.","크리스 대사에게 내년 초 비공식 워싱턴 회의를 수락하고 개인 자산까지 현금화하라고 조언한 뒤 김태중에게 태우를 맡기고 2007년 첫날 미국으로 날아가 약한 투자자들의 보험권 일부 매입을 지시한다.","연준은 여전히 낙관론을 고수하고 김태중은 손자가 모난 돌이 되어 공격받을 것을 걱정하며 보험사들은 계약 해지를 애원한다.","HSBC가 100억 달러 손실을 예고하고 뉴센추리 파산이 임박해 위기가 공식 신호탄을 쏘며 부시가 다음 날 당장 만나자고 재촉한다.","김민재는 김태중의 그룹 위임과 미국 대통령·연준을 상대할 주도권을 얻고 보험 매집까지 확대한다.","관계·지위·돈","손자-할아버지 관계는 걱정 속 위임으로 성숙하고 SAVE는 위기 관찰자에서 미국 구조조정 협상자로 넘어간다.","시차 적응도 없이 워싱턴으로 가서 백악관과 연준의 ‘개소리’를 들을 차례다.","백악관이 먼저 재접촉하는 보험 루프","워싱턴 책임 공방과 위기 주도권 쟁탈 루프","S2-A02","high"
262,"262화","카운트다운 (1)",46599,46766,"김민재는 부시·버냉키·연준 이사회·재무부가 모인 비밀회의에 유일한 외부 경고자로 참석한다.","미국 금융 엘리트의 오판을 스스로 책임지게 만들고 큰 금융사만 골라 먹겠다는 포식자 지위를 확인한다.","뉴센추리 폭탄을 떠안지 않으면서 연준에 위기 책임을 고정하고 월가의 현금 지원 요청을 거절한다.","채권등급·현금고갈·평가기관 담합을 공격해 연준으로부터 ‘금융 시스템 책임’ 발언을 끌어낸 뒤 조지 소로스의 퀀텀펀드만 동맹으로 남긴다.","연준·재무부 다수는 조정 국면을 주장하고 뉴센추리 인수를 떠넘기며 부시도 김민재에게 축객령을 내린다.","김민재는 작은 모기지사 대신 투자회사·보험사를 원한다고 선언하고 퀀텀펀드가 자신의 경고를 따라 안전하다는 사실을 확인한다.","향후 실패 책임은 연준에 귀속되고 SAVE·퀀텀은 월가 생존자 동맹이 된다.","지위·협상","김민재는 정부에 조언하는 후원자에서 위기 뒤 금융사를 선별할 잠재 인수자로 올라서고 연준은 스스로 책임을 진다.","월가 대부분이 SAVE의 자금을 구걸하지만 김민재는 더 큰 먹잇감이 쓰러질 때까지 기다린다.","사전 경고와 연준 책임 전가 루프","대형 금융사 파산·보험금·인수 수확 루프","S2-A03","high"
263,"263","카운트다운 (2)",46767,46931,"서브프라임 도미노가 익어 가는 동안 김민재는 캘리포니아 지분 기업들의 미래 사업을 선점한다.","애플 파크 수주와 애플 전기차 협업이라는 브랜드·사업 보상을 연속 지급한다.","경제위기 전 태우건설·자동차·IT의 초대형 협업 계약을 묶어 둔다.","스티브 잡스에게 UFO형 애플 신사옥을 태우건설이 맡겠다고 하고 태우·카이 전기차에 애플 UI·OS·디자인·구독 서비스를 결합하는 애플카 구두합의를 만든 뒤 아마존 자동화 시설을 보러 간다.","전기차는 미완성 이미지가 강하고 스티브는 애플 이름과 개발비·지분 손실에 까다로운 기준을 적용한다.","아이폰 공동 성공을 근거로 스티브가 소프트웨어 비용을 애플이 부담하고 최고 디자이너까지 투입하기로 한다.","태우건설은 최소 50억 달러급 애플 파크 수주를 얻고 태우자동차는 저가 이미지를 애플 브랜드로 바꿀 통로를 얻는다.","사업·브랜드","애플-태우 관계가 스마트폰·가전에서 사옥·전기차·구독 생태계로 확장된다.","제프리 베조스가 산업 혁신을 일으킬 아마존 자동화 설비를 완성했다고 선언한다.","애플 파크 수주와 애플카 구두합의 루프","아마존·태우 무인공장 협업과 서브프라임 도미노 루프","S2-A03","high"
264,"264","카운트다운 (3)",46932,47106,"김민재는 아마존 물류 자동화 성과를 확인하며 지분 IT사 협업을 훑고 SAVE로 돌아온다.","무인공장 기술과 보험증서 가치 폭등을 함께 보여 주고 가족의 장기 미국 체류 허락을 지급한다.","태우 미래 제조 기반을 확보하면서 CITI·리먼 등 대형 금융사 수확 시점까지 참는다.","지게차 로봇·자동검수·로봇팔·드론을 점검해 10년 내 무인공장을 약속하고 다이먼에게 CITI가 완전히 소진될 때까지 기다리게 한 뒤 김태중의 ‘완벽히 끝내고 오라’는 전언을 받는다.","자동화 비용은 아직 인건비보다 비싸고 다이먼은 복수심에 들떠 있으며 CITI도 2만 명 감원으로 버틴다.","뉴센추리 파산과 베어스턴스 손실이 신용등급 하락을 촉발하고 1년 시간 점프 끝에 리먼 파산설까지 현실화한다.","태우는 자동화 투자·국제 협업 수십조 원을 묶고 김민재는 할아버지에게 그룹 규모를 두 배로 키워 돌아오겠다고 약속한다.","사업·관계·돈","한국 운영권은 김태중에게 안정적으로 위임되고 SAVE의 보험은 투기표에서 금융사 생사를 쥔 다이아몬드로 변한다.","1년 뒤 리먼 브라더스가 흔들리며 씨 뿌리기가 끝나고 수확기가 시작된다.","아마존 물류 자동화 검수와 위기 대기 루프","CITI·리먼·AIZ를 고르는 금융 수확 루프","S2-A03","high"
265,"265","카운트다운 (4)",47107,47279,"리먼까지 흔들리는 가운데 CITI는 25배 레버리지와 보험 계약으로 현금이 바닥나고 후계자 제시카를 협상자로 보낸다.","다이먼을 내친 CITI 후계가 구걸하고 거절당하는 복수의 전초와 미국 정부의 정식 구조협상 요청을 지급한다.","CITI·모건스탠리·AIZ의 약점을 보험 청구권으로 묶어 정부와 최상의 조건을 협상한다.","샌디 웨일·제시카의 무책임을 관찰하고 다이먼이 보험료 5배 해지 제안을 내쫓은 뒤 한 팀장에게 모건스탠리·AIZ 보험 노출액을 확인한다.","CITI는 600억 달러 손실과 후계자 무능에도 과거 정을 요구하고 AIZ 3천억 달러 보험은 청구하면 미국 보험 시스템까지 무너뜨린다.","SAVE와 핀테크의 동의 없이는 미국 정부가 살릴 회사조차 정할 수 없다는 권력 구조가 완성되고 정부가 두 사람을 함께 워싱턴으로 간곡히 부른다.","다이먼은 샌디 웨일에게 버림받은 과거를 지위 역전으로 보상받고 김민재는 미국 구조조정의 조커 AIZ 증서를 쥔다.","지위·관계·돈","CITI가 갑에서 구제 요청자로 추락하고 SAVE·핀테크는 개별 투자자를 넘어 국가 금융구제의 필수 채권자가 된다.","정권 말기 정부를 상대로 가장 맛있는 금융 과실만 고를 협상이 열린다.","CITI의 사전 해지 시도와 대형사 노출 확인 루프","워싱턴 구제 조건 협상과 금융사 선별 인수 루프","S2-A03","high"
266,"266","월가의 하이에나 (1)",47280,47441,"김민재와 다이먼은 AIZ를 살리지 않으면 3천~4천억 달러 보험 청구로 월가 절반을 무너뜨릴 수 있는 채권자로 워싱턴에 앉는다.","무례한 연준을 사과시키고 미국 최대 보험사를 주당 4달러에 요구하는 대역전 협상을 펼친다.","보험금을 포기하는 대신 AIZ의 지배권·정부 지원·책임자 처벌을 얻는다.","연준 인사의 모욕에 다이먼과 실제 퇴장해 재무부를 굴복시키고 사전 경고 보고서로 책임 전가를 차단한 뒤 AIZ 70% 이상을 부실 공개 후 4달러에 인수하겠다고 버틴다.","연준은 김민재를 사태 주범처럼 몰고 AIZ 현 주가·경영 규모를 들어 헐값 인수에 반대한다.","버냉키가 7달러를 제시할 만큼 협상 주도권이 뒤집히지만 김민재는 손해를 감수하는 구조자라는 명분으로 ‘4달러’를 고수한다.","SAVE가 미국 최대 보험사 지배권을 얻을 실질 협상선에 도달하고 연준은 경고 무시 책임 때문에 침묵한다.","지위·돈","김민재는 정부의 구제 대상이 아니라 정부가 사과하고 자산을 내놓아야 하는 최상위 채권자로 확정된다.","다이먼의 보험 청구 압박을 등에 업고 AIZ 4달러 인수 여부를 결판낸다.","미국 정부의 구조협상 개시 루프","AIZ 가격·경영권 확정과 CITI 수확 루프","S2-A03","high"
267,"267","월가의 하이에나 (2)",47442,47596,"AIZ 인수 가격은 4달러에서 막혔고 미국 정부는 다른 부실 금융사까지 살릴 방안을 요구한다.","AIZ와 CITI를 한 회의에서 확보하고 다이먼이 샌디 웨일의 왕좌를 빼앗는다.","AIZ·태우증권·SAVE의 결합과 핀테크·CITI 합병을 정부 보증 아래 확정한다.","다이먼이 AIZ 청구를 선언해 4달러·70% 지분을 관철하고 태우증권-SAVE-AIZ 합병안을 제시하며 CITI 인수에는 전 경영진 해임과 국세청 압박을 조건으로 건다.","AIZ 직원 이탈·새우가 고래를 삼키는 경영 불안과 CITI 노욕 경영진의 저항이 남는다.","정부가 채무 탕감·공적자금·만기 연장·부실펀드 청산을 약속하고 일주일 세무·형사 조사 끝에 다이먼을 CITI 회장석에 앉힌다.","김민재는 AIZ 지배권을 얻고 다이먼은 자신을 내쫓은 샌디 웨일을 정부 관료 앞에서 끌어내리는 복수를 완성한다.","지위·관계·돈","SAVE·태우증권은 미국 보험제국으로 재편되고 핀테크 은행은 세계 최대 금융그룹 CITI를 흡수한다.","재무부 호위 속 다이먼이 샌디 웨일에게 왕좌 탈환을 선언한다.","AIZ·CITI 구제 조건 협상 루프","두 초대형 금융그룹 통합·정상화와 잔여 보험자산 수확 루프","S2-A03","high"
268,"268화","월가의 하이에나 (3)",47597,47759,"다이먼은 CITI 왕좌를 되찾았고 김민재는 AIZ·SAVE·태우증권의 복잡한 합병을 마무리해야 한다.","복수의 정서 결산과 태우그룹 금융제국의 실소유주 공개를 연속 지급한다.","두 금융그룹의 내부 이탈을 막고 태우 측 경영진에게 새 지배 구조를 인계한다.","다이먼의 경영진 물갈이·구조조정을 승인하고 핀테크로 SAVE의 비공개 자산을 넘긴 뒤 데이비드를 AIZ 회식에 투입하고 박 사장을 금융계열 총괄로 승진시키며 SAVE가 자신의 회사임을 밝힌다.","AIZ는 유대가 없어 직원 이탈 위험이 있고 세 회사 합병 규모가 지나치게 크며 박 사장·기획실장은 SAVE의 동기를 이해하지 못한다.","다이먼은 복수 후 정신과 진료까지 끝내고 평생 CITI 왕좌를 지키겠다고 충성하며 한 팀장이 ‘도련님 전담팀’의 SAVE 창업 비밀을 증언한다.","다이먼의 과거 응어리가 해소되고 태우그룹은 투자·보험·증권을 아우르는 국제 금융 계열과 신뢰 가능한 총괄 사장을 얻는다.","관계·지위·조직","숨은 SAVE가 태우그룹 공식 계열로 전환되고 김민재의 개인 금융망이 가족기업의 공개 세계 금융축으로 통합된다.","충격에 빠진 기획실장과 박 사장을 재촉하며 아직 남은 과실 수확으로 이동한다.","다이먼의 CITI 복수와 SAVE 실소유 비밀 루프","AIZ 정상화·태우 금융계열 공개와 다음 산업 인수 루프","S2-A03","high"
269,"269화","월가의 하이에나 (4)",47760,47922,"AIZ·SAVE·태우증권 합병이 끝나 김민재가 장기 미국 체류를 마치고 한국에 귀환한다.","국민적 영웅 환영과 할아버지에게 ‘미국 최대 보험사’를 선물하는 가족 보상 뒤 더 큰 자동차 야심을 건다.","김태중의 승인을 받아 GM 또는 포드를 태우 돈 없이 인수할 준비를 한다.","공항 군중과 취재진을 통과해 김태중에게 SAVE 정체·AIZ 부채상환 계획을 설명하고 1700억 달러 부채에서 불필요 자산을 덜어 자동차사를 인수하겠다고 설득한다.","김태중은 사전 상의 없는 거대 인수와 SAVE의 과거 공격에 화내고 GM·포드 부채가 태우 전체를 빨아들일 블랙홀이라 반대한다.","태우·SAVE 현금은 쓰지 않고 보험증서와 미국 지원으로 부채를 줄이겠다는 조건에 김태중이 인수를 허락한다.","김민재는 국민적 지위와 할아버지의 자랑·승인을 얻고 태우는 금융 1위 도약 다음으로 자동차 세계 1위를 노린다.","관계·지위·사업","비밀 투자자 시기가 끝나 공개 재벌 영웅으로 귀환하며 가족의 세계경영 승계 신뢰가 강화된다.","김태중도 눈을 빛내며 GM과 포드 중 어느 회사를 삼킬지 묻는다.","AIZ 합병·SAVE 공개·미국 체류 루프","미국 완성차 무자본 인수와 세계 1위 자동차 루프","S2-A04","high"
270,"270","월가의 하이에나 (5)",47923,48088,"새 보수 정권이 출범했지만 태우는 대선에 줄을 서지 않고 애플 파크 등 해외 일감으로 독립성을 유지한다.","한국 정부가 자랑하는 리먼 인수안을 김민재가 역으로 25조 원 자산 거래 기회로 바꾼다.","산업은행의 위험한 리먼 인수에서 태우의 보험증서를 최고가로 현금화·자산화한다.","강 대위 식당에서 주영곤 재무부 차관·유성민 산업은행 회장을 만나 리먼 6천억 달러 부채 위험을 경고하면서도 보험증서 대가로 AA·AA- 기업 여신 25조 원과 부동산을 요구한다.","새 정부는 태우를 국책사업 후순위로 두고 산업은행은 연준의 ‘안전자산만 인수’ 약속을 믿어 국고 규모의 위험을 과소평가한다.","곧 무가치해질 수 있는 리먼 보험증서를 산업은행이 보험금 10% 가치와 우량 여신·부동산으로 사겠다고 먼저 제시한다.","태우는 정치 줄서기 없이도 애플 신사옥 일감과 25조 원급 국가은행 자산을 얻을 협상력을 확인한다.","돈·정치","김민재의 위기 지식이 미국 금융사 인수뿐 아니라 한국 정부의 오판까지 수익·보호 기회로 바꾼다.","25조 원 여신에 더해 어떤 산업은행 부동산을 받을지 협상이 남는다.","새 정권과 태우의 거리 설정 루프","리먼 보험증서 매각·산업은행 인수 저지 또는 대가 회수 루프","S2-A04","high"
271,"271화","난 아직 배고프다 (1)",48089,48270,"김민재는 리먼 보험증서를 25조 원 자산으로 바꾸고도 GM·포드 등 다음 인수를 준비하며 한국에 돌아와 있다.","회귀 전 라면으로 버티던 손자가 계열사 모두의 인정 속 태우그룹 총수로 승계되는 핵심 가족·지위 보상을 지급한다.","경제위기 자산을 계속 모으면서 김태중의 갑작스러운 은퇴 결정을 되돌리거나 감당한다.","강 대위에게 리먼 거래와 위기 대비를 설명하고 사장단 회의에 참석해 김태중 은퇴·자신의 회장 추천에 반대하지만 이사회 결정에 맡긴다.","김태중은 AIZ를 상의 없이 인수한 손자에게 더 기대지 않고 쉬려 하며 김민재는 준비 부족·젊은 총수 여론을 우려한다.","김태중이 명예회장으로 베트남 사업만 맡기고 모든 사장단이 김민재 승계를 지지해 회장 취임이 기정사실이 된다.","김민재가 보호받는 부회장에서 태우그룹 전체를 책임질 차기 회장으로 올라가고 김태중은 일선 은퇴를 결정한다.","지위·가족","회귀 직후 지키려 했던 할아버지와 태우가 이제 김민재에게 공식 승계되며 생존 약속이 주도권 보상으로 결산된다.","회장 취임을 피할 수 없게 된 김민재가 호텔에 틀어박혀 AIZ 전 직원의 상세정보를 직접 심사한다.","김태중에게 의존한 그룹 운영 루프","김민재 회장 취임·조직개편·독자 경영 루프","S2-A05","high"
272,"272","난 아직 배고프다 (2)",48271,48457,"김민재는 호텔에서 AIZ 인재 전수를 검토하며 회장 취임 이사회를 피해 보려 한다.","태우 총수 취임과 충성한 실무자들의 부회장·사장 승진을 실물 직함으로 지급한다.","AIZ 구조조정을 시작하고 자신의 사람들로 금융계열 지휘선을 세워 회장 첫날을 증명한다.","AIZ 8천 명 해고·핵심 인재 승진과 연봉 인상을 지시하고 이사회에서 회장직을 수락한 뒤 박만덕을 금융 부회장으로 한정훈을 태우증권 사장으로 의결한다.","정부 지원을 받는 AIZ의 연봉 인상은 비판받을 수 있고 이사회는 한정훈의 낙하산 인사를 경계하며 김민재도 할아버지와 결별하듯 취임해야 한다.","김태중은 상석과 회장실을 손자에게 넘기고 즉시 베트남으로 떠나며 비서실장은 10년 명예고문 계약으로 곁을 지킨다.","김민재가 정식 회장이 되고 박만덕·한정훈이 금융제국의 부회장·증권사장으로 승진하며 AIZ 구조조정이 실행 단계에 든다.","지위·조직·관계","가족 승계가 완료되고 김민재 중심 경영진이 공식화되며 할아버지의 보호막 대신 스스로 평가·인사하는 총수가 된다.","한정훈이 한국에 도착해 어색한 회장실을 떠나 강 대위 사무실에서 취임 축하를 하게 된다.","회장 승계 의결과 금융 지휘선 인사 루프","AIZ 정상화·한정훈 귀환·회장 첫 성과 루프","S2-A05","high"
273,"273","난 아직 배고프다 (3)",48458,48644,"김민재와 한정훈은 각각 회장·태우증권 사장이 되어 강 대위 사무실에서 다시 만난다.","굶주린 과거의 라면이 회장 취임 축하 음식으로 바뀌고 팀장이 사장으로 금의환향하는 관계 보상을 준다.","AIZ 안정화 자금을 확보하고 위기 할인으로 미국 운송 데이터망까지 사들인다.","맥주·라면으로 초심을 기념하며 한정훈의 보험금 회수·산업은행 리먼 거래를 점검하고 데이비드에게 DHL 미국 화물운송 사업부 인수를 맡긴 뒤 한정훈의 취임식을 직접 맞는다.","월가 보험금은 20%도 받기 어렵고 산업은행은 거래 번복 가능성이 있으며 한정훈의 옛 동료들은 갑작스러운 사장 귀환을 떨떠름해한다.","회귀 전 배고픔을 달래던 라면이 성공과 동료애의 치유 장면이 되고 DHL 급매는 자율주행용 미국 도로 데이터를 살 기회가 된다.","한정훈은 팀장에서 사장으로 공식 복귀하고 김민재는 회장으로서 공개 인사권과 미국 화물망 인수 계획을 행사한다.","관계·지위·자원","과거 생존 공동체인 김민재·한정훈·강 대위가 회장·사장·사업가로 성장했지만 같은 라면 식탁의 신뢰를 유지한다.","한정훈이 옛 연인을 빼앗은 도민욱 차장을 굴리겠다는 소소한 복수와 함께 본격 증권 경영을 시작한다.","한정훈 금의환향과 회귀 전 결핍 치유 루프","DHL 인수·미국 도로 데이터·AIZ 후속 구조조정 루프","S2-A05","high"
274,"274","난 아직 배고프다 (4)",48645,48809,"김민재는 회장직에 적응하며 DHL 인수와 차기 미국 정권·자율주행 규제를 동시에 준비한다.","위기 급매 인수의 가격 보상과 오바마 인맥·천민정 기술의 다음 확장 기회를 연다.","DHL 트럭을 자율주행 데이터 플랫폼으로 쓰고 한국 규제를 풀 정치적 명분을 확보한다.","데이비드의 예상가 대비 30% 할인 인수를 승인하고 오바마의 면담 요청을 수락한 뒤 천민정에게 미국 트럭 충돌방지·단계적 자율주행·원격조종 실증 계획을 지시한다.","회장 취임 직후 미국 출장이 어렵고 자율주행 데이터가 부족하며 운송업 표를 의식한 정치권 규제가 기술 적용을 막는다.","DHL 사업부가 단순 물류회사가 아니라 광대한 미국 도로 데이터 수집망이 되고 청와대가 다른 재벌보다 2시간 이른 단독 면담을 긴급 요청한다.","태우는 미국 화물 운송망과 오바마 후보 직통 관계를 얻고 천민정의 연구는 미국 도로 실증 단계로 넘어간다.","기술·정치·자원","회장 김민재의 사업은 인수 자체보다 데이터를 AI·자동차에 재결합하는 플랫폼 경영으로 바뀐다.","산업은행 리먼 인수 최종 도장 전 청와대가 김민재를 부르고 그는 정권의 미운털을 뽑을 큰 선물을 준비한다.","DHL 인수 협상 루프","자율주행 규제 완화·오바마 면담·청와대 거래 루프","S2-A05","high"
275,"275","난 아직 배고프다 (5)",48810,48978,"태우를 지원하지 않았던 새 정권이 김민재를 청와대로 불러 리먼 인수의 최종 판단을 묻는다.","국가적 파국을 막는 조언과 동시에 한전 부지 규제를 풀어 아시아 금융 허브라는 새 대형 사업을 성사시킨다.","산업은행의 리먼 인수를 재검토시키고 정부가 태우 마천루·금융사 유치에 법·규제·정치력을 제공하게 한다.","대통령에게 산업은행 파산·제2 IMF 가능성을 30% 이상이라고 설명해 재검토 결정을 끌어내고 한전 부지에 대형 금융사 10곳 이상을 모을 마천루·아시아 금융 허브를 제안한다.","대통령실장 우익준은 태우를 길들이려 하고 대통령은 규제 완화 명분과 임기 내 실적을 보장할 구체 계약을 요구한다.","대통령이 리먼 도박 대신 금융 허브 업적을 택하고 10개 유명 금융사 계약서를 조건으로 여당 법안·지원과 청와대 주도 발표를 약속한다.","태우는 정권의 미운털에서 대통령 직통 파트너로 바뀌고 규제에 묶인 한전 부지를 국제 금융 중심지로 개발할 길을 얻는다.","정치·사업·지위","회장 취임 직후 김민재는 국내 대통령에게 길들여지는 대신 국가 프로젝트를 설계해 정부를 태우 성장의 집행자로 전환한다.","미국 출장에서 월가 대형 금융사 10곳의 한국 이전 계약을 가져와야 한다.","산업은행 리먼 인수 판단 루프","한전 부지 금융허브 계약·규제 완화·미국 금융사 유치 루프","S2-A05","high"
276,"276","도움을 가장한 협박 (1)",48979,49144,"김민재는 회장 취임 후 첫 미국 출장에서 금융허브 계약과 차기 정권 관계를 확보하려 한다.","CITI 구조조정에 지친 다이먼·데이비드에게 새 역할과 비트코인 미래 수익을 주며 숨은 미국망을 재편한다.","핀테크 은행을 SAVE의 비밀 기능 후계로 만들고 파산 위기 금융사들의 한국 이전 서명을 모은다.","다이먼에게 임원 상세정보 심사 도움을 약속하고 CITI·핀테크의 한국 이전 계약을 받은 뒤 보험 청구 완화와 4년 뒤 입주를 교환하도록 맡기며 비트코인 거래소 설립과 데이비드 부사장 배치를 지시한다.","다이먼은 CITI 정상화로 과로하고 금융사들은 당장 생존이 급하며 비트코인은 사용자·수익성이 거의 없다.","핀테크는 미국 정치 로비·차명 지분 관리·금융사 협상을 도맡는 독립 미국 축이 되고 미래 비트코인 광기의 수수료를 선점한다.","SAVE 공개합병 뒤에도 김민재의 비공개 미국 통제망이 핀테크로 이어지고 데이비드·다이먼이 한 조직에서 결합한다.","조직·돈·관계","태우의 공식 금융제국과 핀테크의 비공식 미국 활동이 분리되고도 김민재를 중심으로 연결된다.","오바마 후보와 단독 식사에서 앞으로 8년의 미국 관계를 굳혀야 한다.","SAVE 비밀 기능 이관 루프","오바마 당선 보증·금융사 한국 이전·비트코인 거래소 루프","S2-A06","high"
277,"277","도움을 가장한 협박 (2)",49145,49297,"오바마는 공화당에 지지율이 다시 밀려 최대 후원자 김민재의 확신과 도움을 원한다.","리먼 파산을 대선 승리 보증으로 바꾸고 이권을 요구하지 않는 후원자라는 대통령급 신뢰를 얻는다.","오바마 당선 후 신사업 규제 완화와 한미 사업 보호를 약속받고 금융허브 계약서를 모은다.","산업은행 인수 포기와 보유 보험 청구로 리먼은 반드시 파산한다고 설명해 오바마의 불안을 잠재우고 규제 완화를 요청한 뒤 데이비드·조지 소로스가 이틀 만에 금융사 12곳의 한국 이전 서명을 받는다.","오바마는 낙선을 두려워하고 한국 이전은 4년 뒤 약속이라 금융사 신뢰가 필요하며 버크셔는 기존 아시아 거점조차 없다.","오바마가 평생 친구가 될 수 있다고 호감을 보이고 퀀텀의 협박 지원으로 계약 목표 10곳을 넘긴 가운데 버크셔 해서웨이가 관심을 보인다.","김민재는 차기 미국 대통령과 역차별 방지·신산업 규제 완화 관계를 만들고 금융허브의 첫 12개 입주 약정을 확보한다.","정치·지위·사업","부시의 무시를 견딘 보험이 오바마 당선의 확신으로 환전되고 태우의 미국 권력 관계가 현 정권에서 차기 정권으로 갈아탄다.","귀국 비행기를 미루고 워렌 버핏을 직접 만나 버크셔 한국 지점을 설득한다.","오바마 대선 보험 루프","버크셔 계약과 금융허브의 신뢰도 증명 루프","S2-A06","high"
278,"278화","도움을 가장한 협박 (3)",49298,49458,"김민재는 오마하에서 한국 금융허브에 회의적인 워렌 버핏과 처음 단독 협상을 한다.","세계 최고 투자자의 신뢰와 버크셔 한국 지점 계약을 따내 금융허브 약속을 실체로 만든다.","한국의 리스크를 넘을 투자 비전을 증명하고 유명 금융사 계약을 청와대 허가로 환전한다.","전기차·환경·IT 비전을 제시하다 버핏의 ‘공포에 사라’ 투자관에 맞춰 골드만삭스·뱅크오브아메리카 워런티 투자를 정확히 짚어 신뢰를 얻는다.","한국은 전쟁·규제·금융시스템 리스크가 크고 버핏은 전기차와 새 산업보다 기존 산업에 관심이 많다.","투자관이 일치한 버핏이 4년간 태우 명성 유지 조건으로 버크셔 아시아 지점을 한국에 내고 빌 게이츠와의 후속 식사까지 제안한다.","태우의 개인 인맥에 워렌 버핏이 편입되고 금융허브 계약은 위기 기업의 강요가 아닌 세계적 가치투자자의 자발적 선택으로 격상된다.","관계·지위·사업","김민재의 미래지식은 버핏의 현재 투자 논리와 맞물려 외부 권위를 얻고 태우 명성이 국가 프로젝트의 담보가 된다.","귀국해 계약서를 내밀자 허가가 순조로울 듯했지만 예상 밖 정치 여론이 발목을 잡는다.","버크셔 한국 지점 설득 루프","국민 신뢰 이벤트와 한전 부지 허가 루프","S2-A06","high"
279,"279화","도움을 가장한 협박 (4)",49459,49610,"금융사 계약은 확보했지만 광우병 촛불집회 이후 정부 불신 때문에 금융허브 허가를 밀어붙이면 차기 정권의 수사 위험이 생긴다.","최재석과 국민경제당을 국가 비전 동맹으로 묶고 리먼 파산을 다음 수확·여론전의 신호탄으로 터뜨린다.","초당적·국민적 신뢰를 만들 대형 행사를 열고 KIKO 보험 수확을 시작한다.","최재석과 별장에서 청와대 발표의 역효과와 규제 완화 연대를 논의해 중립 이상의 지원을 확보하고 추석 연휴 리먼 660조 원 파산 직후 환율 1400원·15조 원 KIKO 보험 청구를 준비한다.","정부 지지율·신뢰가 낮아 국민경제당도 성급히 편들 수 없고 리먼 충격은 전 세계 ‘경’ 단위 피해와 한국 펀드·환율 악화를 부른다.","세계 최대 파산이 김민재의 경고를 증명하고 국내 은행들이 팔았던 KIKO 보험의 조건이 현실화되며 금융허브 홍보 이벤트와 시기가 맞물린다.","최재석은 당리보다 한국 금융·신산업 규제 개혁을 위해 협력하고 한정훈은 한국 금융사들을 굽히게 할 실탄을 얻는다.","정치·돈·세계","금융허브는 태우-청와대 거래에서 국민경제당까지 포함한 국가 산업 의제로 확장되고 위기는 월가에서 한국 금융권으로 본격 상륙한다.","수요일 대형 이벤트와 KIKO 보험금 회수라는 두 수확이 동시에 열린다.","금융허브 정치 연대와 리먼 생존 여부 루프","워렌 버핏 공개행사·KIKO 15조 원 수확 루프","S2-A06","high"
280,"280","도움을 가장한 협박 (5)",49611,49802,"리먼 파산 직후 금융허브 사업은 정부 쇼라는 불신을 깨뜨릴 공개 증거가 필요하다.","조지 소로스·다이먼·워렌 버핏을 태우 본사 무대에 세워 국민 여론과 건설 허가를 단번에 뒤집는다.","한국 이전 약정을 실제 세계 금융 거물의 말로 증명해 한전 부지 개발을 승인받는다.","금융허브 비전을 발표한 뒤 퀀텀·CITI·버크셔 대표를 차례로 공개하고 버핏이 한국 지점 개설과 태우증권·자동차·IT·철강·부품 투자를 직접 선언하게 한다.","추상 선언에는 기자 반응이 미지근하고 정부는 행사 주도권을 탐내며 청와대와의 소통 부족을 탓한다.","빅데이터상 찬성 여론이 급등하고 국민경제당이 청와대보다 먼저 당론 지지를 선언하며 대통령실장이 한전 부지 허가를 확약한다.","김민재의 계약은 국민이 믿는 공개 약속으로 바뀌고 금융허브는 초당 지지·정부 인허가를 모두 얻는다.","지위·정치·사업","태우는 정부의 홍보 도구가 아니라 세계 금융인을 실제로 움직이는 국가 프로젝트 설계자로 대중 앞에 인정받는다.","허가는 얻었지만 청와대는 공을 독점하려 하며 다음 날 버핏과의 사적 점심에서 자동차 인수 계획이 시험대에 오른다.","국민 신뢰 확보와 허가 명분 루프","버핏 자동차 투자·금융허브 착공 루프","S2-A06","high"
281,"281","도움을 가장한 협박 (6)",49803,49976,"금융허브 여론전이 성공한 뒤 김민재는 워렌 버핏과 강 대위 식당에서 사적인 신뢰를 다진다.","버핏의 50억 달러 자동차 투자 약속과 한전 부지 쌍둥이 빌딩 착공을 연속 지급한다.","GM·포드 인수 자금과 외부 신뢰를 확보하고 금융허브를 물리적 공사로 전환한다.","콜라·투자 철학을 나누며 GM 또는 포드 인수 의도를 인정하자 버핏이 김민재 개인 비전을 믿고 지분 50억 달러를 약속하고 정부·국회 허가 후 에너지·금융 쌍둥이 빌딩 지반공사를 시작한다.","버핏은 전기차 자체에는 여전히 회의적이고 완공을 앞당기다 날림 공사가 생길 수 있으며 국내 금융사들은 코코아뱅크 규제를 모의한다.","돈보다 가치가 큰 버핏의 이름이 미국 자동차 인수의 신뢰 담보가 되고 수년 묶였던 한전 부지가 마침내 공사장으로 바뀐다.","태우는 금융·에너지 허브 마천루와 버핏의 자동차 투자 약속을 얻고 한정훈은 KIKO 보험으로 국내 은행 회동에 대응한다.","돈·관계·사업","회장 김민재의 외교·정치 약속이 건설 착공과 투자금으로 물질화되고 다음 적대는 월가에서 한국 은행권으로 이동한다.","코코아뱅크를 규제하려는 은행 대표들에게 한정훈이 KIKO 보험이라는 ‘도움’을 들고 간다.","금융허브 허가·착공과 버핏 투자 루프","국내 은행 KIKO 역청구·코코아뱅크 규제 저지 루프","S2-A06","high"
282,"282","가랑이가 찢어지는 뱁새 (1)",49977,50135,"국내 5대 은행은 코코아뱅크를 규제하려 하지만 자신들이 판 KIKO 보험의 환율 조건이 다가온다.","한정훈이 자신을 하이에나 취급한 신화은행을 같은 상품 논리로 공포에 빠뜨리는 복수 전초를 준다.","은행들이 환율 1400원 보험금을 피하지 못하게 하고 리먼 잔여 증서를 노무라에 비싸게 넘긴다.","정태섭에게 5조 원 지급 준비를 통보하고 은행 내에서 달러 기근·1500원 환율을 경고한 박대훈 과장을 포착한 뒤 보험료 환급·5천억 합의안을 거절하며 노무라에 리먼 보험증서를 판다.","정태섭·양성수는 환율 1400원이 불가능하다고 믿고 박대훈은 사내 정치로 만년 과장에 묶여 있으며 노무라는 AIZ 성공을 흉내 내 대규모 사업부를 사려 한다.","환율 흐름을 정확히 읽는 박대훈이 한정훈의 스카우트 후보가 되고 노무라가 더 많은 적자 사업을 안도록 보험증서를 자청해 산다.","국내 은행의 오만이 청구 리스크로 바뀌고 태우는 산업은행 뒤 남은 리먼 증서까지 현금화한다.","돈·인재·복수","월가 보험 수확이 끝난 자리에 한국 은행권 응징과 숨은 금융 인재 발굴이 들어선다.","환율 1400원 돌파 전까지 협상을 미룬 정태섭이 평생 후회할 선택을 한다.","코코아뱅크 규제 회동과 리먼 잔여보험 처분 루프","환율 1400원·KIKO 15조 청구와 박대훈 영입 루프","S2-A07","high"
283,"283","가랑이가 찢어지는 뱁새 (2)",50136,50295,"원달러 환율이 마침내 1400원을 넘어 국내 은행의 KIKO 보험금 15조 원이 지급 조건에 들어간다.","은행과 태우의 갑을을 뒤집고 코코아뱅크 규제를 즉시 철회시키는 구체 권력 보상을 준다.","정부 개입 전에 9조 원 태우 지분의 대가와 인터넷은행의 안전판을 확보한다.","김민재가 뒤에서 압박하고 한정훈이 20% 보상안을 거절하며 은행의 협력 요구와 코코아뱅크 규제 시도를 모순으로 몰아세운다.","금융사들은 세계위기를 명분으로 80% 할인과 태우 지분 포기를 요구하고 정부가 은행 붕괴를 우려해 압박할 시간도 다가온다.","정태섭이 코코아뱅크와 태우 관계를 몰랐다고 둘러대며 규제 회동을 즉시 철회하고 본협상은 한정훈에게 넘어간다.","코코아뱅크가 견제 없이 5대 은행급으로 성장할 보호막을 얻고 태우는 15조 청구권을 협상 자산으로 유지한다.","돈·지위·사업","한정훈은 월가의 숨은 실무자에서 국내 은행 대표들을 소집하는 증권사 사장으로 완전히 역전된다.","김민재는 협상장을 떠나고 한정훈이 은행들을 더 물어뜯을 차례다.","환율 조건 충족과 코코아뱅크 규제 루프","보험금 대체자산 협상·금융허브 현장 확인 루프","S2-A07","high"
284,"284","가랑이가 찢어지는 뱁새 (3)",50296,50455,"김민재는 금융허브 공사와 IIT 한국 캠퍼스를 확인한 직후 청와대 실세 우익준의 은밀한 호출을 받는다.","국가 통화위기 해결 요청을 태우 미래산업 규제 완화와 해외 기업 인수 비간섭 약속으로 바꾼다.","한미 통화스와프를 성사시키는 대신 AI·자율주행·전기차의 법적 길과 자동차 인수 우위를 만든다.","IIT의 무료 기숙사·세계 교수진·5년 취업 조건을 점검하고 우익준의 민간인 사찰 시인과 거친 거래에도 400억 달러 스와프를 역제안한다.","환율 1400원·코스피 급락이 국가를 압박하고 우익준은 4대강 이권으로 회유하며 스와프 실패 시 약속 파기를 명시한다.","김민재는 이권을 거절하고 미래산업 규제·해외 인수 비간섭을 얻으며 스와프 지원이 훗날 미국 정부가 자동차 인수를 먼저 부탁하게 할 빚이 된다고 계산한다.","IIT라는 자립 성장 기반이 완공되고 태우는 정권에 줄선 대가가 아닌 미래산업 법제화와 외국 인수 자유를 확보한다.","정치·기술·지위","김민재는 청와대 사찰·갑질에도 불법 이권을 받지 않아 가족 감옥 회피 약속을 지키며 국가 협조를 장기 기업 우위로 설계한다.","데이비드·다이먼·한정훈을 통해 스와프 금액을 실제로 끌어올려야 한다.","IIT 캠퍼스 건설 루프","한미 통화스와프·미래산업 규제 완화·자동차 인수 빚 루프","S2-A07","high"
285,"285","가랑이가 찢어지는 뱁새 (4)",50456,50614,"한정훈·데이비드·다이먼이 미국 의회와 백악관을 설득해 300억 달러 예상 스와프를 키우고 있다.","국가금융 해결 진행과 함께 태우 OTT 콘텐츠의 세계 흥행·아카데미 진입 약속을 지급한다.","스와프를 최대 500억 달러로 높이고 OTT 영화·드라마가 기존 영화제 배척을 뚫게 한다.","태우증권·핀테크 보증으로 스와프 증액을 지시하고 봉 감독 영화·임희영 좀비극·이서희 로맨스 성공을 확인한 뒤 데이비드에게 오스카의 공정 심사 출발선 로비를 맡긴다.","상시 스와프는 한국 신용도로 무리이고 국내외 영화제는 OTT 개봉작을 심사 제외하며 한정훈과 데이비드는 과로한다.","아카데미 회원 인맥과 위기 중 후원 부족을 이용하면 OTT 작품도 공정 심사를 받을 수 있고 스와프는 400~500억 달러 가능권에 든다.","태우엔터의 콘텐츠는 국내 극장 밖에서 세계 흥행 브랜드가 되고 금융팀은 국가 협정까지 움직이는 실무력을 증명한다.","사업·정치·문화","경제위기 대응의 영향력이 금융·산업을 넘어 한국 콘텐츠의 글로벌 제도 진입까지 확장된다.","미국 자동차사 줄파산 정보가 들어오며 기다린 과실이 익는다.","통화스와프 의회 설득과 OTT 작품 보상 루프","미국 자동차사 인수 출정·오스카 진입 루프","S2-A07","high"
286,"286","가랑이가 찢어지는 뱁새 (5)",50615,50766,"한미 500억 달러 통화스와프가 체결되어 환율이 하루 10% 이상 내리고 코스피가 반등한다.","국가위기 방어의 성과를 미래산업 특별법·탄소감축 인센티브·국민경제당 성장으로 환전한다.","AI·전기차·로봇 규제를 풀고 전기차 친화 환경정책과 장기 정치 방파제를 만든다.","최재석과 비밀 회동해 여야 거래용 탄소감축 법안을 설계하고 국민경제당 청년정치인 SNS 육성을 약속하며 천민정의 AOS 게임 ‘리그 오브 챔피언스’ 한·미 베타를 승인한다.","정권 친화 이미지가 생기면 위험하고 야당은 미래산업법을 막을 수 있으며 최재석은 경기지사 공약을 지키기 전 대권 도전을 꺼린다.","국민경제당이 미래산업법을 주도하고 환경법으로 야당 체면을 세우는 초당 통과 경로가 생기며 태우IT에 장기 캐시카우 게임이 완성된다.","태우의 협상은 500억 달러 국가 안전판·미래산업 법제·차세대 정치인 육성·신작 게임으로 다중 결실을 낸다.","세계·정치·기술","회귀 지식으로 위기를 독식하는 단계에서 대한민국 전체의 외환·법·인재 기반을 강화하는 총수 역할로 폭이 넓어진다.","미래산업 법과 새 게임을 기반으로 미국 자동차 인수 이후의 기술 결합이 열린다.","통화스와프·규제 완화 거래 루프","미국 자동차사 인수와 미래산업 상용화 루프","S2-A07","high"
287,"287","기브 앤 테이크 (1)",50767,50931,"오바마가 압승하고 미국 빅3는 수백억 달러 적자와 구제금융 청문회를 앞둔 채 파산선에 선다.","차기 정권과 자동차 인수의 D-DAY를 확정하면서 OTT 창작자 배척을 자기 시상식으로 돌파한다.","오바마 취임 직후 노조·잡뱅크·공장이전 조건을 고치게 하고 백선 예술대상을 태우가 주최한다.","데이비드의 대선·오스카 규정 성과를 확인하고 미국 자동차의 180억 달러 임시구제를 분석한 뒤 한경신문·주안그룹의 백선 지분 인수를 지시한다.","오바마 지지층인 자동차 노조를 건드리기 어렵고 국내 영화계 원로는 OTT작 출품을 막으며 주안그룹 뒤에는 삼진그룹 혼맥이 있다.","OTT 외국어영화가 오스카 후보 등록 가능권에 들고 태우는 기존 영화제에 구걸하는 대신 백선 예술대상 주최권을 노린다.","오바마가 차기 대통령으로 확정되고 태우 콘텐츠는 흥행을 넘어 심사 제도 자체를 바꿀 힘을 얻는다.","정치·문화·사업","금융위기 다음 수확인 자동차 인수와 디지털 콘텐츠의 구제도 대체가 함께 시작된다.","백선 지분을 얻으려면 오희건의 삼진그룹과 더 큰 기브 앤 테이크가 필요하다.","오바마 당선과 OTT 오스카 진입 루프","삼진 협상·백선 주최·미국 빅3 인수 조건 루프","S2-A08","high"
288,"288","기브 앤 테이크 (2)",50932,51085,"주안그룹은 오희건의 처가 관계를 믿고 백선 예술대상 지분을 내놓지 않는다.","백선 지분 거래를 OLED 선점·원천기술이라는 훨씬 큰 산업 보상으로 재조합한다.","삼진을 경쟁자가 아닌 차세대 디스플레이 개발 파트너로 묶고 백선 주최권을 얻는다.","오희건에게 OLED 개발비 30% 지원과 태우전자 우선·원가 공급을 교환하고 한경 지분을 넘겨받은 뒤 한정훈에게 코닥의 OLED 원천기술 인수까지 설명한다.","OLED는 상용화까지 10년·조 단위 투자가 필요하고 겉으로는 태우가 1조 원을 들여 작은 시상식을 사는 손해 거래처럼 보인다.","코닥 원천특허를 위기 헐값에 사면 삼진 개발비는 로열티로 회수되고 태우는 패널·특허·시상식 세 이득을 모두 얻는다.","태우-삼진 관계가 LCD 고객사에서 비공개 OLED 공동투자 관계로 확장되고 백선 예술대상은 태우 소유로 넘어온다.","기술·관계·문화","재계 1·2위 경쟁을 세계시장 공동개발로 바꾸되 김민재는 회귀지식으로 원천특허까지 선점해 우위를 남긴다.","데이비드가 코닥 OLED 원천기술 또는 사업부 전체를 사들이러 간다.","백선 지분 교착 루프","코닥 OLED 특허 확보·삼진 공동개발 루프","S2-A08","high"
289,"289","기브 앤 테이크 (3)",51086,51250,"태우는 백선 주최권을 얻었고 데이비드가 코닥과 OLED 원천기술 협상을 마친다.","쉽게 산 미래 핵심특허와 게임 베타 흥행을 지급한 뒤 빅3의 오만한 청문회로 인수 가격을 더 낮춘다.","OLED·콘텐츠·게임 자산을 고정하고 자동차 구제협상 때까지 현금과 여론을 기다린다.","코닥 특허를 핀테크 명의로 인수하고 빅3 회장들의 전용기 청문회 역풍·대공황 이하 주가를 분석하며 백선에 해외 거장 시상자를 부르고 ‘리그 오브 챔피언스’ 접속 폭증을 확인한다.","빅3는 주택채권·45% 매출감소·강성 구조로 180억 달러 구제로도 못 살고 게임은 버그가 속출하며 천민정은 밤을 샌다.","OLED 특허가 싸게 넘어오고 AOS 베타가 북미·한국에서 화제가 되며 대중 여론은 빅3 경영진을 구제할 명분을 깎는다.","태우는 차세대 디스플레이 원천권·자체 시상식·글로벌 게임이라는 세 신규 자산을 확보한다.","기술·문화·돈","자동차 인수 직전 태우의 제품 생태계를 채울 화면·콘텐츠·게임 자산이 조용히 완성된다.","한국 해운 불황과 현진그룹 왕자의 난이 또 다른 10% 가격 자산 기회를 연다.","OLED 원천기술·AOS 베타 루프","현진해운 선박 담보·미국 빅3 구제 루프","S2-A08","high"
290,"290","기브 앤 테이크 (4)",51251,51425,"현진해운은 조 회장 사망 뒤 추영희와 아주버니 조영호의 경영권 분쟁·세계 해운 불황으로 현금이 급하다.","지금은 위험한 선박을 5~10년 뒤 호황기의 태우 수출망으로 바꾸는 장기 자산 선점을 보여 준다.","현진해운이 버티는 동안 선박 가치 10%만 빌려주고 파산 시 선박·부동산을 모두 얻는다.","추영희에게 20년 무이자·부동산 100%·선박 10% 담보자금 조건을 체결하고 한정훈에게 2~3년 뒤 조선소 경매 선박도 45% 이하에서 사도록 준비시킨다.","추영희는 대마불사를 믿고 한정훈은 10년 불황·해운 적자를 우려하며 태우도 당장 이자 수익이 없다.","현진해운이 불황을 대신 견디고 파산할 때 태우가 대형선단을 흡수해 태우상사 자원과 그룹 수출의 다음 호황을 독식하는 구조가 만들어진다.","태우는 금융·자동차뿐 아니라 장기 물류 주권까지 선점하고 김태중이 귀국해 미국 출장 동안 그룹을 맡겠다고 한다.","자원·관계·사업","김민재의 위기 수확은 즉시 돈뿐 아니라 5~10년 뒤 공급망 병목을 푸는 선박·해운 기반으로 장기화된다.","김태중의 든든한 위임 아래 오바마 취임식과 미국 자동차 협상을 위해 장기 출국한다.","현진해운 경영권 방어 자금 루프","선박 귀속·해운 호황과 미국 자동차 인수 루프","S2-A08","high"
291,"291","기브 앤 테이크 (5)",51426,51615,"김태중이 그룹을 맡아 김민재·한정훈·강 대위가 전용기로 오바마 취임식에 참석한다.","오바마가 취임사로 외국 자본 구제를 직접 요청하고 재무장관이 빅3 인수를 단도직입 제안한다.","미국 정부가 부채·잡뱅크·노조·공장이전이라는 썩은 부분을 먼저 도려내게 한다.","오바마의 ‘희망과 변화’ 취임사를 들은 뒤 연준 청사에서 티모시와 첫 협상을 열어 단순 부채탕감만으로는 가치가 없다고 하고 전면 체질개선 조건을 건다.","러스트벨트 노조는 오바마 핵심 지지층이고 미국 자존심 때문에 한국 기업 매각 반대도 거세며 태우까지 적자에 빠질 위험이 있다.","취임사부터 김민재를 겨냥한 외국투자 메시지가 나오고 티모시가 미국 자동차 빅3 한 곳을 인수해 달라고 공식 요청한다.","태우는 매수 희망자가 아니라 미국 정부가 살려 달라 요청하는 협상 갑으로 출발한다.","지위·정치·사업","500억 달러 통화스와프로 만든 미국의 빚과 오바마 후원이 실제 자동차 인수 요청으로 돌아온다.","태우의 회생 능력과 미국 자존심을 놓고 전 부처·노조 앞 공개 설득전을 벌이게 된다.","오바마 당선·취임 루프","빅3 구조개혁·인수기업 선택·가격 협상 루프","S2-A09","high"
292,"292","연합의 힘 (1)",51616,51785,"첫 협상 뒤에도 미국 정부는 노조 개혁을 장담하지 못하고 태우 배터리 계열사도 불황 적자에 빠져 있다.","국가·산업 위기를 기다리는 동안 배터리 수요와 빅3 매각 여론을 동시에 만들어 낸다.","잡뱅크 폐지와 공장 이전을 관철하고 태우가 감당할 수 있는 자동차 회사를 고른다.","강인혁·데이비드에게 공유 전기자전거·킥보드라는 라스트마일 사업을 맡기고 미국 내 반한 매각 기사에는 대응하지 않은 채 백악관 전 부처 회의를 기다린다.","구제금은 몇 달뿐이고 배터리는 팔수록 손해이며 미국 여론 70%가 한국 기업의 빅3 인수에 반대한다.","김민재는 공유 모빌리티를 배터리·광고의 교두보로 설계하고 반대 여론이 정점일 때 백악관이 직접 해법을 논의하게 만든다.","배터리 적자를 미래 플랫폼으로 바꾸는 새 사업축과 미국 정부를 압박할 시간표가 생긴다.","사업·정치·기술","당장 손해인 전기차 부품을 도시 이동 플랫폼으로 우회시키며 인수전의 기다림을 생산적인 준비로 채운다.","백악관 각료들이 매각과 개혁을 두고 충돌한다.","라스트마일 수요 발굴","빅3 매각 여론·백악관 합의","S2-A09","high"
293,"293","연합의 힘 (2)",51786,51967,"오바마가 노조 개혁을 지지해도 각료들은 외국 매각을 거부하고 회의는 결론 없이 끝난다.","채권자 연합과 파산 카드를 써서 미국 정부 스스로 태우의 조건을 받아들이게 한다.","빅3 한 곳을 법정관리로 보내 가격과 구조를 모두 정상화한다.","핀테크가 가진 빅3 채권 약 100억 달러와 채권단·언론을 움직여 GM 파산 확률을 끌어올리고 찾아온 티모시에게 선파산 후인수를 제안한다.","정치권은 매각을 버틸 수 있고 파산 공세가 실패하면 미국의 보복과 막대한 채권 손실을 감수해야 한다.","UAW가 잡뱅크 폐지·구조조정·공장 이전과 채무의 지분 전환을 수용하고 티모시가 GM을 추천한다.","태우는 구제 신청자가 아니라 파산 여부와 인수 절차를 정하는 최종 해결사로 올라선다.","금융·정치·지위","2008년 금융위기에서 축적한 채권과 언론 영향력이 제조업 인수 조건을 강제하는 실제 무기가 된다.","GM이 먼저 챕터11을 신청하고 태우가 반드시 인수해야 하는 약속이 걸린다.","노조 개혁 교착","GM 파산·인수 확약","S2-A09","high"
294,"294","연합의 힘 (3)",51968,52141,"GM이 법정관리를 신청하자 루돌프 줄리아니가 외국 매각을 미국 자존심 문제로 몰아간다.","태우 단독 인수를 미국 자본이 주도하는 연합 인수로 재구성해 반대 명분을 없앤다.","미국 여론을 되돌리고 손실·정치 위험을 나눌 우군을 확보한다.","SNS 확산을 제한하다가 줄리아니 생방송 중 태우·핀테크·버크셔 해서웨이 연합을 발표하고 정부·UAW와 지분 구조를 협상한다.","애국주의 공격이 커지면 인수 자체가 무산되고 적자 브랜드·공장·노조까지 떠안을 수 있다.","워런 버핏의 50억 달러 참여로 매각 찬성이 70%가 되고 미국 정부가 노조·공장 이전·자동화를 지원한다.","태우와 핀테크는 채권자·UAW를 포함한 미국식 소유구조 안에서 실질 경영권을 확보한다.","관계·정치·돈","상대를 눌러 이기는 대신 현지 상징자본을 동맹으로 끌어들여 국적 리스크를 해소한다.","다이먼이 적자 브랜드를 잘라 GM 75%를 400억~500억 달러에 사는 계약을 준비한다.","매각 반대 여론","GM 지분·가격 확정","S2-A09","high"
295,"295","연합의 힘 (4)",52142,52302,"태우·핀테크·버크셔 연합이 정부와 UAW 앞에서 GM 지분 75% 인수 계약을 맺는다.","전생에 태우자동차를 삼킨 GM을 역으로 사들이는 복수 보상과 다음 재난의 선취를 한 회차에 겹친다.","GM의 규모와 유통망을 전기차 표준 동맹에 편입하고 신종 독감 대응 자산을 확보한다.","버핏·다이먼에게 GM 선택 이유를 설명하고 태우·카이·GM·테슬라의 충전 규격 연합을 구상한 뒤 독감 검색량 급증을 확인해 천민정에게 데이터 분석을 지시한다.","GM은 파산 기업이고 신종 인플루엔자는 아직 공인되지 않아 대규모 투자 근거가 약하다.","전생의 굴욕이 GM 인수로 뒤집히고 검색량 200%·SNS 300% 급증이 팬데믹의 조기 경보로 판명된다.","태우는 세계 자동차 판매망과 차세대 전기차 표준을 얻고 제약·바이오 선점으로 이동한다.","복수·사업·기술","기업 복수의 눈에 보이는 결산 직후 더 큰 생존 위기 감지로 장르적 속도를 유지한다.","타미플루 공동생산권과 재일 과학자 김정우 영입이 새 과제가 된다.","GM 역인수 복수","독감 치료제·AI 바이오","S2-A09","high"
296,"296","연합의 힘 (5)",52303,52474,"데이비드는 타미플루 공동생산권을 얻었지만 바이러스 권위자 김정우는 한국행을 망설인다.","AI와 바이오를 결합할 사람·권리·생산기반을 한꺼번에 묶어 미래 팬데믹까지 대비한다.","김정우를 센추리온 연구진으로 영입해 치료제 국산화 속도를 높인다.","김정우를 한식당에서 직접 만나 전폭 지원과 AI로 10년 연구를 5년으로 줄이는 비전을 제시하고 센추리온 서정준과 연결한다.","과학자는 기업의 구호보다 연구 자율성과 실제 인프라를 중시하고 당시 AI 바이오 융합은 낯선 발상이다.","독감 변이를 데이터로 먼저 감지했다는 실증과 한국 바이오 발전 약속에 김정우가 합류한다.","타미플루 권리·세계급 연구자·제약 생산사가 하나의 감염병 대응 축으로 결합된다.","인재·기술·생존","미국 자동차 연합의 힘을 사람·AI·제약사가 연합하는 바이오 모델로 반복한다.","한국 귀환 뒤 로켓이라는 새 국가산업 과제가 열린다.","신종 독감 대응 기반","AI 바이오 상용화·차기 팬데믹","S2-A09","high"
297,"297화","로켓 (1)",52475,52622,"GM 계약을 마친 김민재는 귀국 전 아마존을 방문한다.","미국에서 배운 물류 혁신을 한국 전기차 생태계의 수요로 바꾼다.","한국형 아마존과 당일·익일배송망을 세운다.","제프 베이조스에게 한국 전자상거래 법인·자동화 인력·20억 달러 투자를 요청하고 자체 전기배송을 제안한다.","국내 유통은 대기업 독점이고 소셜커머스는 장기간 적자다.","아마존은 한국 실험을 미국에 역수입할 수 있어 사람과 자금을 지원한다.","태우는 전기차·배터리·물류를 묶는 신규 유통축을 얻는다.","사업·기술","손실 산업을 다른 계열사의 시장으로 쓰는 생태계 독식이 구체화된다.","미국 장기 출장을 끝내고 귀국한다.","미국 출장","한국형 아마존·당일배송","S2-A10","high"
298,"298화","로켓 (2)",52623,52803,"귀국한 김민재는 공항 인파를 뚫고 김태중과 재회한다.","GM 역인수의 가족 보상을 지급한 뒤 그룹 전 계열사의 다음 성장판을 연다.","반도체·상사·유통·전기차를 위기 이후 성장 모드로 전환한다.","김태중에게 GM 인수를 함께 기뻐하고 기획실 보고에서 파운드리 1위 가능성·상사 사기 저하를 확인한 뒤 유통 치킨게임을 승인한다.","태우상사는 이미 적자이고 신사업까지 최소 5년 무법인세가 예상된다.","태우자동차가 세계 1위가 될 수 있다는 말에 조손이 전생의 상처를 함께 씻는다.","김태중의 생존·가족 약속이 기업 복수의 가시적 결실과 결합된다.","가족·사업·복수","숫자 보고보다 조손의 눈물과 농담이 GM 결산을 인간 보상으로 만든다.","애플과 만든 전기차 시제품 보고가 시작된다.","GM 가족 보상","애플카·유통 치킨게임","S2-A10","high"
299,"299화","로켓 (3)",52804,52960,"애플카 시제품과 급속충전 기술이 양산 직전 단계다.","애플 팬덤·정부 충전망·문화콘텐츠를 묶어 낯선 전기차와 OTT를 주류로 만든다.","충전 인프라 지원을 확보하고 백선 시상식의 OTT 배척을 깨뜨린다.","태우·TDK 급속충전기와 보조금 계획을 점검하고 정치권 청문회 요구를 정면 수용한 뒤 봉 감독의 아카데미 수상을 지켜본다.","양산은 연말 이후이고 국책사업 독점 공격과 국내 영화계의 OTT 거부가 남아 있다.","봉 감독의 외국어영화상 수상이 회귀 전보다 10년 앞당겨져 OTT의 작품성을 증명한다.","태우의 전기차·OTT 모두 소비자 인식 전환을 받을 명분을 얻는다.","기술·문화·지위","산업 보고와 시상식 생중계를 붙여 제품 혁신과 문화 혁신을 같은 패턴으로 읽게 한다.","수상 여론을 이용할 다음 조치가 기다린다.","봉 감독 수상","전기차 보조금·OTT 제도권 편입","S2-A10","high"
300,"300","로켓 (4)",52961,53125,"아카데미 수상으로 태우엔터 주가와 그룹 이미지가 급등한다.","문화 명성을 실물 시설과 글로벌 게임대회라는 지속 플랫폼으로 전환한다.","OTT 배척을 끝내고 리그 오브 챔피언스 e스포츠 판을 만든다.","아이맥스 시설 600억 원 지원과 신사옥 홍보를 결정하고 천민정에게 이용자 스킨 판매로 상금을 조성하는 세계대회를 제안한다.","문화 투자는 직접 수익이 약하고 게임 매출만으로 100억 원 상금을 내기 어렵다.","태우 지원과 크라우드형 스킨 판매를 합쳐 우승상금 약 200억 원 대회를 설계한다.","태우엔터의 수상 효과가 극장·OTT·게임을 아우르는 문화 영향력으로 확장된다.","문화·사업","600억 시설과 200억 상금처럼 보상을 숫자로 보여 주되 천민정의 열정으로 정서 온도를 높인다.","AI 프로젝트의 공개 시기와 세계대회 준비가 겹친다.","OTT 배척 약화","글로벌 e스포츠 대회·AI 공개","S2-A10","high"
301,"301","로켓 (5)",53126,53287,"천민정의 바둑 AI 승률은 96%이고 여러 프로젝트가 공개 직전이다.","완벽주의를 경계하며 AI·로켓·신종플루 세 미래산업의 타이밍을 동시에 잡는다.","AI 공개와 스페이스X 성공을 앞당기고 타미플루를 최대 생산한다.","10시간 회의로 AI 공개와 e스포츠를 밀어붙이고 머스크의 로켓 발사 성공을 축하한 뒤 센추리온에 주야 2교대 생산을 지시한다.","신종플루는 아직 팬데믹 선언 전이고 기존 약품 계약을 깨면 위약금이 든다.","스페이스X가 실패론을 깨고 발사에 성공하며 타미플루 수요가 세계적으로 급증한다.","태우의 미래 포트폴리오가 지상 이동·AI·우주·바이오로 분기한다.","기술·사업·생존","세 개의 성공 신호를 빠르게 연결해 위기 수확 다음 단계의 규모를 키운다.","WHO 팬데믹 선언이 무료 광고가 될 전망이다.","스페이스X 발사 실패론","팬데믹·타미플루 수확","S2-A10","high"
302,"302화","발악하다 (1)",53288,53462,"AIZ와 GM 인수 뒤 조직 정리로 김민재가 과로하고 정치권은 태우건설 국책사업을 공격한다.","약점 찾기식 청문회를 공개 역공과 이미지 상승 기회로 바꾼다.","9호선 과잉공사·독점 의혹을 증거로 반박한다.","GM 인사 자료를 직접 검토하다 델핀에게 청문회 전략을 자문하고 휠체어 대신 오픈카로 출석해 패널 자료를 제시한다.","국민 필수시설 요금은 선택권이 없어 사회적 책임 공격이 먹히기 쉽다.","김민재는 정부가 승인한 더 큰 공사와 자비 부담을 공개하며 정치 간섭 여부를 되묻는다.","수세적 재벌 총수 이미지가 자료와 유머로 싸우는 공개 인물로 바뀐다.","정치·지위","과로 장면 뒤 화려한 출석을 배치해 방어전의 스타성을 높인다.","김 의원이 고요금·독점 논리로 다시 압박한다.","청문회 출석 회피","9호선 혼잡도 진실게임","S2-A11","high"
303,"303","발악하다 (2)",53463,53621,"김 의원은 국책시설 요금과 사회적 책임으로 태우를 몰아붙인다.","정치인의 말뿐인 책임을 의원직 내기로 되돌리고 실제 혼잡도로 판결받는다.","9호선 수요 예측이 옳음을 입증하고 공개 사과를 받아낸다.","혼잡도 120%를 넘으면 김 의원이 사퇴한다는 약속을 생방송으로 받아내고 개통 뒤 실제 자료를 공개한다.","상대 측은 인원을 투입해 수치를 조작할 수도 있고 약속 뒤에도 사퇴를 거부한다.","예측보다 높은 혼잡도가 나타나 과잉공사 프레임이 무너지고 여당·청와대 지지율까지 흔들린다.","태우는 국민을 위해 선제 투자한 기업으로 재평가되고 정치권이 화해를 청한다.","정치·평판","청문회 선언을 실제 개통 데이터로 짧게 회수해 공개 복수의 쾌감을 준다.","대통령실장이 여당 대표·의원과 비밀 사과 자리를 주선한다.","9호선 과잉공사 논란","사퇴 약속·청와대 거래","S2-A11","high"
304,"304","발악하다 (3)",53622,53793,"여당 지도부와 공격 의원들이 강대위 식당에 모여 사과한다.","정치적 면죄부를 타미플루 공급과 전기차 정책이라는 합법적 교환으로 비싸게 판다.","정부의 충전소·보조금 지원과 우호적 산업정책을 얻는다.","국내 물량 20%를 원가 공급하는 대신 전기차 충전소·보조금과 태우 지원을 협상하고 김 의원의 재차 사과를 받는다.","팬데믹 전 약을 내주면 해외 고가 판매 기회를 잃고 노골적 편애 요구는 범죄 위험이 있다.","정부는 1천만 회분을 확보하고 태우는 정책 지원·신뢰·수익을 동시에 얻는다.","청문회 적대가 국가 방역 동맹과 전기차 보급 가속으로 전환된다.","정치·사업·생존","사과 자체보다 치료제 물량과 정책이라는 실물 대가로 정치 복수를 결산한다.","WHO가 신종플루를 팬데믹으로 지정한다.","청문회 정치공세","팬데믹 가격 상승·국제 주문","S2-A11","high"
305,"305","발악하다 (4)",53794,53959,"팬데믹 선언 후 각국이 타미플루를 구하지만 센추리온 생산능력은 한계다.","미리 확보한 권리의 가치를 공장 인수로 확장해 짧은 수요 창을 독식한다.","GMP 공장을 가진 사천리제약을 최대한 빨리 인수한다.","사천리그룹의 LNG 발전소 욕심을 미끼로 두 회장 중 이장덕에게 제약 매각 의사를 받아낸다.","생산 공장은 즉시 늘릴 수 없고 인수 목적이 드러나면 가격이 폭등한다.","500억 원 현금 매각과 발전사업 참여 가능성에 이 회장이 유 회장 설득까지 맡는다.","태우는 치료제 권리에서 생산설비까지 수직계열화할 길을 연다.","돈·사업·생존","세계 공포를 공장 케파라는 구체적 병목으로 좁혀 인수전 긴장을 만든다.","공동회장 유 회장이 LNG 조건을 더 세게 협상한다.","타미플루 초기 생산","사천리제약 인수·LNG 동맹","S2-A11","high"
306,"306","발악하다 (5)",53960,54117,"사천리 공동회장들은 LNG 사업을 원하지만 유 회장은 지분과 위험을 꼼꼼히 따진다.","겉으로는 상생하는 LNG 계약으로 제약 공장을 원가에 확보한다.","규제 해결을 맡기고 사천리제약을 500억 원에 즉시 넘겨받는다.","태우 75%·사천리 25% LNG 구조와 현지 인맥을 제시하고 규제 해결을 대가로 제약 매각을 확정한다.","재계 50위 그룹에는 투자금이 크고 매각이 늦으면 팬데믹 수요 창이 닫힌다.","이틀 만에 공장을 넘겨받아 2천만 회 생산이 가능해지고 정부도 추가 물량을 원한다.","태우의 방역 수익 기반이 두 배가 되고 미국 정부까지 직접 구매 협상에 나선다.","사업·정치·돈","미끼 거래의 세부 지분을 설명한 뒤 즉시 공장 케파 증가로 보상한다.","미국 대사가 찾아오자 김민재는 무엇을 더 받아낼지 궁리한다.","사천리제약 인수","미국 방역 협상·추가 생산","S2-A11","high"
307,"307","재조합 (1)",54118,54288,"신임 미국 대사 캐서린이 타미플루 대량 공급을 요청한다.","치료제 폭리를 전기차 보조금·충전망이라는 장기 시장으로 재조합한다.","미국의 전기차 구매 장벽과 공공시설 설치 규제를 낮춘다.","현금 대신 1·2차 구매보조금과 주요 도시 충전소 허가·협조를 요구하고 센추리온 보안 현장을 점검한다.","미국 세금으로 외국 기업 차량을 돕는 반발과 제약 자료 보안 구멍이 있다.","미국이 조건을 수용하고 천민정이 보안 점검 중 AI 제약 접목 가능성을 먼저 발견한다.","팬데믹 수익이 전기차 정책 자산으로 바뀌고 AI 바이오가 자생 프로젝트가 된다.","정치·기술·사업","국가 협상과 공장 현장을 한 회차에 묶어 가치 재조합의 연쇄를 보인다.","천민정이 변이 바이러스 치료제 개발에 뛰어든다.","미국 타미플루 공급","AI 변이 치료제·미국 충전망","S2-A12","high"
308,"308","재조합 (2)",54289,54453,"천민정은 바이러스 데이터를 AI로 해석해 일주일 내 후보를 찾겠다고 한다.","보안 인력을 연구팀으로 바꾸고 정치 인맥을 전기차 시범도시로 바꾼다.","IIT·센추리온 공동팀과 경기도 전기차 친화도시를 출범시킨다.","암호학자·교수진을 불러 김장우와 협업시키고 최재석 도지사에게 충전소를 넘어 도시 전체의 정책 실험을 요청한다.","상업성·정확성이 검증되지 않았고 최 도지사는 대선보다 재선에 집중하려 한다.","연구진이 즉시 결합하고 경기도가 위험을 낮춘 단계적 시범도시를 수용한다.","태우의 인재 네트워크와 국민경제당 지방권력이 산업 실험 인프라로 전환된다.","기술·정치·관계","서로 다른 인맥을 목적별 팀으로 재편하는 중간 구축 회차다.","경기도의 충전망을 실제 태우 자산과 연결해야 한다.","AI 바이오 팀 구성","경기도 전기차 시범도시","S2-A12","high"
309,"309","재조합 (3)",54454,54614,"경기도 협약 뒤에도 전국 충전망과 9호선 요금 통합 문제가 남는다.","스타박스·택시·지하철 자산을 서울의 정책 협조로 재조합한다.","서울시 충전 인프라와 9호선 요금·8량 전환을 교환한다.","모든 스타박스 매장에 충전기 설치를 지시하고 코코아택시 자금을 동원한 뒤 오정훈 시장에게 발표 공로를 양보한다.","서울시장은 재선을 원하고 태우는 요금 인하 수익 감소를 감수해야 한다.","서울시가 충전망 투자에 나서고 시장은 9호선 개선을 자기 성과로 발표할 수 있게 된다.","경기·서울 양대 생활권이 전기차 초기시장으로 묶인다.","정치·사업·평판","과거 청문회 쟁점을 재선 거래로 회수해 갈등을 자산으로 바꾼다.","주유소·휴게소와 해외 충전망이 다음 병목이다.","9호선 요금 갈등","서울 전기차 인프라","S2-A12","high"
310,"310","재조합 (4)",54615,54774,"태우정유 주유소와 공공 휴게소까지 충전망 계획이 확대된다.","석유 자본을 전기차 전환의 최대 동맹으로 끌어들인다.","아람코 자금으로 한국·미국·사우디 충전소를 깐다.","민간 휴게소 입찰을 준비하고 할 핀니 보안 프로젝트를 지원한 뒤 사우디에서 압둘아지즈·빈 살만에게 공동투자를 제안한다.","세계 인프라에는 수십조 원이 들고 사우디는 석유 수요 감소를 우려할 수 있다.","김민재가 사내유보금 전부를 넣겠다고 하자 압둘아지즈가 더 큰 지원을 예고한다.","태우의 전기차 전환이 단일기업 투자가 아니라 산유국과의 공동 프로젝트로 격상된다.","돈·관계·기술","국내 설치 세부에서 왕가 협상으로 스케일을 단계적으로 키운다.","석유 부자가 제시할 실제 투자 규모가 남는다.","국내 충전거점 확보","아람코·리야드 전기차 도시","S2-A12","high"
311,"311","재조합 (5)",54775,54938,"압둘아지즈가 아람코의 구체적 충전망 지원액을 밝힌다.","산유국·바이오·유통의 손실 자산을 미래시장 선점으로 한꺼번에 바꾼다.","리야드 시범도시·변이 치료제·로켓 멤버십·애플카 양산을 점화한다.","아람코의 한국 비용 절반과 미국 주유소 설치를 받고 빈 살만과 리야드 계획을 세우며 저수요 타미플루-M도 생산시키고 로켓 8,900원 멤버십을 설계한다.","변이 치료제는 환자가 적어 손해이고 유통은 재고·무료혜택 때문에 적자가 누적된다.","손해 생산은 기술 신뢰를 만들고 멤버십은 그룹 서비스 전체를 묶으며 애플카 완성이 보고된다.","전기차·바이오·유통이 각각 보조금·신뢰·잠금효과라는 장기 자산을 얻는다.","사업·기술·관계","여러 준비선을 병렬로 마감하고 완성된 애플카를 다음 대형 공개의 훅으로 둔다.","전기차 구매층을 겨냥한 애플 발표회가 열린다.","사우디 충전망 합의","로켓 런칭·애플카 공개","S2-A12","high"
312,"312","패러다임 (1)",54939,55096,"로켓이 광고 물량공세와 당일배송·멤버십으로 출시된다.","첫날 폭증한 유입을 명품·식품까지 있는 생활 유통 독점으로 고정한다.","경쟁 유통사가 대응하기 전에 브랜드와 품목을 최대 확장한다.","가입자 130만 명·멤버십 30%를 확인하고 델핀을 통해 아노르 가문 중저가 명품의 VIP 온라인 입점을 성사시킨다.","혜택 비용과 블랙컨슈머가 늘고 대형마트·백화점이 견제할 수 있다.","명품·밀키트·신선식품 입점이 붙으며 집 안에서 모든 쇼핑이 가능한 구성이 완성된다.","태우상사의 적자 사업이 시장 규칙을 바꾸는 플랫폼으로 올라선다.","사업·지위","숫자 보상 뒤 곧바로 유지율·품질·견제 문제를 붙여 흥행을 과정으로 만든다.","첫 견제 기업을 본보기로 삼겠다는 선언이 나온다.","로켓 개발·런칭","유통 치킨게임·명품관","S2-A13","high"
313,"313","패러다임 (2)",55097,55276,"당일·새벽배송이 입소문을 타자 샤롯·뉴월드가 공동 대응을 검토한다.","3조 원 적자를 오히려 진입을 막는 공포 신호로 사용한다.","대형마트 두 강자의 치킨게임 참가를 사전에 철회시킨다.","정보부로 적자 규모를 은밀히 흘리고 진호균 등 회장들에게 돈·동맹을 총동원하겠다고 직접 경고한다.","기존 유통사는 매장을 창고로 쓸 수 있어 물류 원가가 유리하다.","1·2위 그룹이 로켓의 자금전 규모를 보고 물러나 견제자가 사라진다.","로켓은 신규 이커머스 경쟁을 넘어 오프라인 재벌까지 억제하는 선도자로 선다.","돈·지위·사업","약점인 적자를 무기로 뒤집는 협상 반전이 중심이다.","현재자동차 장경준에게 전기차 견제 금지 메시지를 보낸다.","대형 유통사 견제","현재자동차와 전기차 합의","S2-A13","high"
314,"314","패러다임 (3)",55277,55435,"현재자동차는 하이브리드에 집중하며 태우 전기차를 시기상조로 본다.","경쟁자의 회의론을 돈 없는 무상 동맹으로 만들어 방해 가능성을 없앤다.","현재가 충전망을 지지하고 하이브리드 판매에 집중하도록 묶는다.","태우 돈으로 인프라를 깔고 현재도 이용하게 하는 구두합의를 만들고 로켓 품목·배송 인력을 과잉 확충한다.","계약서 없는 약속이고 현재는 태우 실패를 바라며 협조한다.","울산 정치권까지 충전망에 찬성하고 로켓은 해외 판매자까지 끌어들인다.","전기차 반대 연합이 약화되고 김민재 부재에도 그룹을 맡을 인재 체계가 선다.","관계·사업","경쟁자의 오판을 유지시키며 공개 충돌 없이 판을 넓힌다.","김민재가 애플카 공개를 위해 미국으로 떠난다.","국내 자동차 견제","애플카 세계 공개","S2-A13","high"
315,"315","패러다임 (4)",55436,55615,"스티브는 건강이 나빠져도 개발자회의 리허설을 강행한다.","태우 기술을 애플의 무대 연출력으로 증명해 전기차를 혁신 상품으로 각인한다.","애플카의 환경·안전 기능을 세계에 성공적으로 공개한다.","김민재가 단상에 올라 애플카를 소개하고 스티브가 주행하며 충돌방지 시연을 한다.","두 달 연기된 행사 기대치와 기존 애플 제품 발표의 미지근한 반응이 부담이다.","스턴트맨 앞에서 차가 스스로 멈추자 관중이 폭발한다.","태우가 가전회사가 아니라 자동차 소프트웨어·안전기술 기업으로 재인식된다.","기술·평판","스티브의 쇠약함을 깔아 행사 성공에 관계 감정과 시간 압박을 더한다.","원격주차·아이폰 연동이라는 더 큰 시연이 남는다.","애플카 비밀 개발","원격주차·시장 반응","S2-A13","high"
316,"316","패러다임 (5)",55616,55812,"충돌방지 시연 뒤 애플카의 자동·원격주차와 아이폰 연동이 공개된다.","발표 열기를 실제 보조금·주가·생산계획으로 즉시 환전한다.","미국 지원액을 늘리고 GM 유휴공장까지 전기차 라인으로 바꾼다.","스티브가 원격주차를 시연하는 동안 데이비드가 여론을 정치권에 밀어 넣고 GM의 멈춘 공장에 생산설비를 투입한다.","외국기업 지원 프레임과 최대가동 중인 기존 공장의 생산 한계가 있다.","검색어 1위와 태우·카이 주가 급등으로 정부가 보조금 증액을 긍정 검토한다.","애플카는 제품 발표를 넘어 미국 제조업 회생과 전기차 정책의 지렛대가 된다.","기술·돈·정치","연속 시연의 환호 뒤 주가·정책 숫자를 붙여 공개 보상을 현금화한다.","스티브가 휴식 대신 이틀짜리 아이디어 회의를 시작한다.","애플카 공개","보조금 확정·양산 수요","S2-A13","high"
317,"317","기다림 끝에 (1)",55813,55972,"스티브와 이틀 회의 뒤 미국·유럽 보조금이 구체화되고 중국 진출만 남는다.","애플카의 세계 시장을 열면서 비트코인이라는 장기 자산의 신뢰 기반을 준비한다.","중국 생산·보조금과 비트코인 제도권 신뢰를 확보한다.","미국 7,500달러·유럽 6천 유로 계획을 확인하고 중국 기업형 보조금·현지 공장을 검토한 뒤 다이먼에게 비트코인 3만 달러 미래를 설명한다.","중국 구매력은 낮고 비트코인은 현재 2~3달러라 거품 취급을 받는다.","주요 시장 모두가 전기차 지원에 움직이고 GM 주가도 2달러를 돌파한다.","전기차 세계판이 열리고 금융위기 때 만든 암호자산이 다음 전쟁 자금 후보가 된다.","정치·돈·기술","보조금 성과에서 장기 투기자산의 신뢰 문제로 자연스럽게 전환한다.","비트코인의 신뢰도를 누가 어떻게 보증할지가 남는다.","글로벌 보조금 교섭","비트코인 제도권화","S2-A14","high"
318,"318","기다림 끝에 (2)",55973,56130,"다이먼은 무신뢰 화폐와 기업 보증이 모순된다고 본다.","GM·은행 같은 제도권 자산과 사우디 국부펀드를 암호자산의 방패로 묶는다.","비트코인을 하이에나 공격에도 버틸 신뢰 상품으로 만든다.","GM 보유·결제 가능성을 논의하고 빈 살만이 제안한 수백조 원 국부펀드 협업을 일부러 미온적으로 받아 협상가치를 높인다.","소액주주 반발과 해킹·가격조작 위험이 있고 국부펀드는 아직 현재 규모가 작다.","미래 왕세자 빈 살만이 운용을 태우증권에 맡길 가능성이 열린다.","태우의 투자 전쟁에 국가급 우군과 암호자산 인프라가 결합할 준비가 된다.","돈·관계·기술","개념 대화가 길지만 곧 테슬라·국부펀드라는 실전 대상으로 수렴한다.","머스크와 테슬라를 만나 애플카와 시장을 나눠야 한다.","비트코인 신뢰 설계","사우디 국부펀드 우군화","S2-A14","high"
319,"319화","기다림 끝에 (3)",56131,56286,"머스크의 로켓 5차 성공 뒤 테슬라는 애플카와 직접 경쟁하게 된다.","경쟁사를 러닝메이트로 키우고 애플카 10만 대 재고를 세계 선주문으로 소진한다.","테슬라 차종·중국공장을 지원하고 애플카 예약 수요를 검증한다.","머스크에게 차종 분할과 경기도 공장·중국 판매를 제안하고 전 세계 애플 매장 전시와 온라인 예약을 동시에 연다.","10만 대 선생산은 실패하면 재고 재앙이고 사이트는 접속 폭주로 다운된다.","공격이 아닌 순수 수요가 서버를 터뜨리며 성공 신호가 확인된다.","태우는 경쟁과 협업으로 전기차 시장 자체를 키우는 지배자로 선다.","사업·기술·관계","로켓 성공을 예약 사이트의 서버 폭발 이미지로 반복한다.","하루 예약대수 공개를 앞두고 기대를 끌어올린다.","테슬라 러닝메이트","애플카 선주문 규모","S2-A14","high"
320,"320화","기다림 끝에 (4)",56287,56457,"애플카가 하루 한국 1만·세계 10만 예약을 기록한다.","소비 열기를 테슬라 상장·배터리·반도체의 동반 폭등으로 확장한다.","테슬라 IPO를 앞당기고 전기차 부품 공급능력을 선점한다.","머스크의 상장 결정을 수용하고 배터리 기술격차·차량용 반도체 생산 확대와 조직 승진을 준비한다.","상장은 머스크 지분 희석과 공매도 노출을 만들고 그룹 자금에도 한계가 있다.","테슬라가 상장 직후 급등하고 태우 배터리 적자·반도체 수요가 동시에 개선된다.","전기차 광기가 차량 한 종이 아니라 태우 생태계 전체의 가치 상승으로 번진다.","돈·기술·지위","예약 숫자에서 부품 매출과 주가로 보상을 단계적으로 확장한다.","테슬라 첫날 종가와 김민재의 추가 지분 확보가 남는다.","애플카 수요 검증","테슬라 IPO·부품 증설","S2-A14","high"
321,"321","기다림 끝에 (5)",56458,56631,"테슬라가 첫날 40% 오른 24달러에 마감하고 핀테크가 머스크 매물을 사들인다.","상장 보상을 곧 닥칠 빅쇼트 방어전과 사우디 자본 동맹으로 전환한다.","월가 공매도 세력에 맞설 국가급 자금을 확보한다.","페이퍼컴퍼니로 지분을 더 산 뒤 공매도 정보를 받고 일부러 치열한 공방을 연출하려 하며 파이드 왕자를 맞는다.","태우·핀테크 전 자금을 쓰면 기존 사업을 철수해야 하고 월가 하이에나가 몰려든다.","사우디 국부펀드 관계자들이 예상보다 빨리 본사에 도착한다.","테슬라 상장 성공이 금융전의 표적이 되고 빈 살만 인맥이 실전 우군 시험대에 오른다.","돈·관계·사업","40% 급등의 쾌감 직후 자금 부족과 공매도 위협을 붙여 다음 아크를 연다.","파이드 왕자를 어떻게 구워삶을지 협상이 시작된다.","테슬라 IPO","테슬라 공매도 방어·국부펀드 계약","S2-A14","high"
"322","322","버티면 이기는 싸움 (1)","56632","56797","사우디 국부펀드가 태우와 협업하러 온다.","국가급 자금으로 테슬라를 지키며 전기차를 무료 홍보한다.","파이드에게 손실 보증을 주고 장기 공매도전을 연다.","3년 뒤 주가가 낮으면 현재가로 전량 매수하겠다고 보증해 펀드를 참전시킨다.","카노스 연합이 동시다발 물량을 던진다.","사우디가 매물을 받아 내며 경제뉴스 1면을 전기차가 점령한다.","국부펀드 참전으로 금융전 규모가 커진다.","돈·관계","국부펀드 참전으로 금융전 규모가 커진다.","공매도 총력전이 시작된다.","사우디 자금 확보","테슬라 공방","S2-A15","high"
"323","323","버티면 이기는 싸움 (2)","56798","56981","카노스 진영은 사우디 참전을 예상하지 못한다.","버티는 동안 애플카 흥행과 보안 위기를 함께 넘긴다.","공매도전의 시간을 전기차 수요 증명으로 바꾼다.","할 핀니가 해킹을 막는 사이 전 세계 매장 앞 대기줄과 예약권 되팔이를 확인한다.","월가는 장기 적자를 근거로 버티고 해커들이 고객정보를 노린다.","출시 전부터 100명 이상 줄이 서며 수요가 과열된다.","테슬라 방어 논리가 애플카 실물 인기로 보강된다.","기술·돈","테슬라 방어 논리가 애플카 실물 인기로 보강된다.","이틀 뒤 세계 동시 출시가 열린다.","출시 준비","첫날 판매량","S2-A15","high"
"324","324화","버티면 이기는 싸움 (3)","56982","57144","애플카가 아시아부터 세계 동시 판매된다.","실물 판매로 공매도의 적자 논리를 꺾는다.","판매 모멘텀과 투자 동맹을 확대한다.","국가별 판매량을 확인하고 퀀텀펀드 조지에게 테슬라 매수·인터뷰를 맡긴다.","일본 판매가 약하고 초기 팬 수요가 꺼질 수 있다.","중국 중심 판매가 강하고 사우디에 퀀텀펀드까지 합류한다.","전기차 진영이 금융·소비 양쪽에서 우세해진다.","사업·돈","전기차 진영이 금융·소비 양쪽에서 우세해진다.","조지가 언론전까지 준비한다.","애플카 출시","퀀텀펀드 참전","S2-A15","high"
"325","325화","버티면 이기는 싸움 (4)","57145","57322","애플카는 일주일 만에 10만 대를 판다.","공매도 동맹을 내부 배신으로 무너뜨린다.","카노스 주변 펀드의 항복을 받아낸다.","사우디가 싼 테슬라 주식을 주는 조건으로 이탈 세력을 회유하고 강 대위에게 승부조작 수사도 맡긴다.","카노스의 불법 대응 가능성과 e스포츠 승부조작이 겹친다.","헤지펀드들이 다음 날 공개 철회를 약속한다.","전기차 전쟁은 승리 직전이고 낡은 스타크 리그는 퇴장한다.","돈·문화","전기차 전쟁은 승리 직전이고 낡은 스타크 리그는 퇴장한다.","배신당한 카노스의 대응이 남는다.","애플카 10만 대","공매도 항복","S2-A15","high"
"326","326화","버티면 이기는 싸움 (5)","57323","57487","공매도 세력이 사우디 앞에 무조건 항복한다.","테슬라 주가를 정상 성장 궤도로 올리고 패자의 원한을 남긴다.","방어전 수익·지분·홍보를 확정한다.","사우디가 항복 사진을 1면에 싣고 태우는 카드·펀드 고객을 모은다.","카노스는 태우 전체를 거품으로 규정한다.","테슬라는 역사보다 일찍 공매도 족쇄를 벗는다.","전기차 동맹이 완승하고 카노스가 장기 적으로 남는다.","돈·평판","전기차 동맹이 완승하고 카노스가 장기 적으로 남는다.","카노스가 태우 폭락을 기다린다.","테슬라 공매도전","태우그룹 공매도 원한","S2-A15","high"
"327","327화","곳간 채우기 (1)","57488","57633","후쿠다 소장이 적자 계열사 누적 위험을 경고한다.","다음 위기 전에 현금 방벽을 만든다.","일본 대지진과 유럽 재정위기를 이중 수익원으로 삼는다.","비상회의에서 일본 제조업 KIKO·공매도와 남유럽 위기 투자를 승인한다.","두 프로젝트가 함께 실패하면 재정이 더 악화된다.","성공 시 다시는 자금 악화를 걱정하지 않을 규모라는 계산이 선다.","태우가 공격적 확장기에서 현금 축적기로 전환한다.","돈·생존","태우가 공격적 확장기에서 현금 축적기로 전환한다.","일본에 유리해 보이는 상품을 팔아야 한다.","테슬라 방어","일본·유럽 곳간 프로젝트","S2-A16","high"
"328","328","곳간 채우기 (2)","57634","57794","2010년 새해에 곳간 프로젝트와 지방선거 준비가 병행된다.","금융 수익과 정치 방어막을 동시에 축적한다.","일본 상품을 깔고 유럽 공격 동맹을 짠다.","국민경제당 온라인 홍보를 지시하고 조지와 그리스 디폴트·유로 하락 작전을 설계한다.","판돈과 1년 사전작업이 필요하다.","조지가 유럽의 악마가 될 계획을 즉석에서 완성한다.","일본·유럽·정치 세 축이 준비 단계에 들어간다.","돈·정치","일본·유럽·정치 세 축이 준비 단계에 들어간다.","한정훈이 미국에서 세부작전을 만든다.","프로젝트 기획","유럽 재정위기 포지션","S2-A16","high"
"329","329화","곳간 채우기 (3)","57795","57962","한정훈이 유럽 계획을 세우러 떠나고 천민정은 승부조작에 상심한다.","인프라를 선거 여론전과 게임문화 기반으로 재활용한다.","무료 PC방망과 국민경제당 지방권력을 강화한다.","캡틴 PC방을 전국에 적자 확장하고 최재석에게 광역단체 다수 승리를 약속한다.","무료 운영 적자와 정치개입 흔적을 숨겨야 한다.","최재석은 국가발전 정책만 협력하겠다는 신뢰를 재확인한다.","PC방이 게임 복구와 선거 작전의 이중 거점이 된다.","정치·관계","PC방이 게임 복구와 선거 작전의 이중 거점이 된다.","지방선거 승리로 신뢰를 갚아야 한다.","승부조작 후속","국민경제당 지방선거","S2-A16","high"
"330","330","곳간 채우기 (4)","57963","58138","한정훈이 유럽 설계를 마치고 800억 달러급 판돈을 준비한다.","펀드 마케팅과 해운 부실을 곳간 자산으로 바꾼다.","자금을 모으고 현진해운 알짜만 확보한다.","펀드 가입자를 늘리는 한편 추영희에게 바지사장을 맡겨 경영권 싸움을 버티게 한다.","대규모 차입과 현진해운 파산 위험이 있다.","가입자·코코아뱅크 고객이 급증하고 조영수 회장이 먼저 연락한다.","금융 전쟁의 판돈과 해운 인수 창이 열린다.","돈·사업","금융 전쟁의 판돈과 해운 인수 창이 열린다.","현진그룹 회장과 계약 승계 협상이 잡힌다.","유럽 설계","현진해운 알짜 인수","S2-A16","high"
"331","331","곳간 채우기 (5)","58139","58329","조영수는 추영희 계약을 승계해 현진해운을 살리려 한다.","대마불사 믿음을 이용해 담보권을 유지한다.","기존 저가 계약을 바꾸지 않고 800억 달러를 조달한다.","지원 요구를 거절하고 핀테크 대출을 정상금리로 받으며 캡틴 PC방 IP 작전을 가동한다.","해운 파산과 레버리지 위험이 남는다.","계약 우위가 유지되고 전국 260개 PC방이 여론전에 투입된다.","곳간 프로젝트와 선거 프로젝트가 실행 단계로 넘어간다.","돈·정치","곳간 프로젝트와 선거 프로젝트가 실행 단계로 넘어간다.","국민경제당 공격적 여론전이 시작된다.","현진 계약 유지","지방선거·대규모 차입","S2-A16","high"
"332","332","승리의 서막 (1)","58330","58495","260개 캡틴 PC방이 지방선거 여론전을 수행한다.","온라인 영향력을 제3당 승리와 금융전 시드로 바꾼다.","광역단체 다수와 서울 진입 발판을 얻는다.","국민경제당이 8개 광역단체장을 얻자 무상급식 찬성·서울 보궐 전략을 제시하고 일본에 첫 100억 달러를 투입한다.","최재석은 대권 결단이 느리고 서울은 양당 우세다.","예상보다 많은 8곳 승리와 300억 달러 송금 일정이 확정된다.","정치 방어막과 일본 금융공격이 함께 출발한다.","정치·돈","정치 방어막과 일본 금융공격이 함께 출발한다.","노무라가 상품을 얼마나 살지가 남는다.","지방선거 승리","무상급식·일본 파생상품","S2-A17","high"
"333","333","승리의 서막 (2)","58496","58665","한정훈이 노무라에 일본 주가 20% 하락 보험을 판다.","상대가 이득이라 믿는 계약으로 대지진 수익을 선점한다.","금융사 계약과 국내 PF 저점자산을 늘린다.","노무라 50억 달러를 시작으로 소개망을 넓히고 미분양 후분양 인수도 준비한다.","태우상사·전기차·인수기업 적자가 커진다.","리먼 전우라는 신뢰로 계약이 확산되고 건설 저점 물량이 쌓인다.","태우는 2011년 수확까지 적자를 감수한다.","돈·사업","태우는 2011년 수확까지 적자를 감수한다.","대지진 시점이 다가온다.","일본 상품 판매","대지진·PF 수확","S2-A17","high"
"334","334","승리의 서막 (3)","58666","58839","2011년 3월 일본에 첫 지진이 난다.","더 큰 참사 전에 교민을 구하고 도덕적 면죄부를 얻는다.","1만2천 교민을 대피시키고 최재석의 지도력을 세운다.","항공기·버스·전용기를 투입하고 최재석에게 긴급 기자회견과 현장 대피를 맡긴다.","과잉반응 비난과 일본 정부 마찰이 생긴다.","최재석이 직접 일본으로 가고 태우는 로켓 물류를 구호망으로 쓴다.","회귀지식이 돈보다 먼저 생명을 구하는 자산이 된다.","생존·정치","회귀지식이 돈보다 먼저 생명을 구하는 자산이 된다.","김민재가 책임을 건 공개 경고를 한다.","대지진 대비","공개 경고·구호","S2-A17","high"
"335","335","승리의 서막 (4)","58840","59004","최재석의 대피 호소가 과잉반응 논란을 낳는다.","자기 이름과 AI 예측을 걸어 재난 경고의 책임을 진다.","교민 전원 대피와 국제 자료 전달을 완수한다.","김민재가 1만2천 명 대피·비용 전액 부담을 선언하고 미·일 정부에 자료를 보낸다.","예측이 틀리면 그룹 신뢰가 무너진다.","대피를 끝낸 직후 모든 전화가 울리며 본진이 시작된다.","과잉대응 프레임이 선견으로 뒤집힐 준비가 끝난다.","생존·평판","과잉대응 프레임이 선견으로 뒤집힐 준비가 끝난다.","동일본 대지진이 발생한다.","교민 대피","대지진 수확·구호","S2-A17","high"
"336","336","승리의 서막 (5)","59005","59166","규모 9.1 지진·쓰나미·후쿠시마 사고가 발생한다.","생존 보상과 금융 수확을 동시에 실행한다.","일본 포지션을 청산하고 구호로 비난을 상쇄한다.","한정훈에게 공매도·상품 합의 뒤 엔화 상승 전환을 지시하고 최재석 미담·구호·성금을 확산한다.","참사를 이용한다는 비난과 일본 기업 피해가 따른다.","교민은 선대피했고 일본 금융사가 태우 조건을 받아들이려 달려든다.","가족 생존 약속이 국가 규모 생존 능력으로 확대된다.","생존·돈·평판","가족 생존 약속이 국가 규모 생존 능력으로 확대된다.","일본 정부의 침묵 여부가 협상 강도를 정한다.","대지진 예측","일본 금융수익·구호 평판","S2-A17","high"
"337","337","침묵하다 (1)","59167","59333","일본 금융사가 보름 만에 태우 조건을 수용한다.","침묵을 이용해 700억 달러와 해운자산을 수확한다.","수익을 유럽전 시드로 옮기고 일본 선박을 저점 매수한다.","한정훈이 계약·공매도·엔화 포지션을 정리하고 일본 해운사까지 사들인다.","일본 정부·언론이 태우 구호를 보도하지 않는다.","구호 미담과 최재석 인기가 뒤늦게 커지고 자금이 700억 달러 전망에 이른다.","일본 수확이 유럽전과 물류망을 강화한다.","돈·평판","일본 수확이 유럽전과 물류망을 강화한다.","서울 무상급식 주민투표가 다가온다.","일본 상품 청산","유럽전·서울시장 보궐","S2-A18","high"
"338","338","침묵하다 (2)","59334","59486","그리스와 서울에서 서로 다른 국민투표가 논의된다.","두 투표 결과를 읽고 먼저 움직인다.","유럽 포지션을 유지하고 서울시장 보궐을 유도한다.","그리스 투표 철회를 전제로 작전을 지속하고 국민경제당에는 서울 투표 불참 침묵을 지시한다.","그리스 탈퇴와 서울 투표율 33%가 변수다.","서울 투표소가 비며 시장 사퇴 가능성이 커진다.","국민경제당은 말하지 않고도 정국을 바꾸는 위치에 선다.","정치·돈","국민경제당은 말하지 않고도 정국을 바꾸는 위치에 선다.","최종 투표율과 유럽 위기 심화가 남는다.","무상급식 당론","서울 보궐·유럽 수확","S2-A18","high"
"339","339","침묵하다 (3)","59487","59656","무상급식 투표율은 26% 미만으로 개표도 못 한다.","보궐판을 양당 자멸과 디도스 증거로 장악한다.","국민경제당 후보를 보호하고 유럽 수익은 1년 안에 철수한다.","천민정에게 선관위 공격용 좀비PC 경로 추적 코드를 맡긴다.","여당이 공격에 성공하면 투표율을 조작할 수 있다.","천민정이 북한 공격 IP를 미끼로 범인의 시험접속을 잡을 계획을 세운다.","정치전은 여론조작에서 범죄증명 덫으로 바뀐다.","정치·기술","정치전은 여론조작에서 범죄증명 덫으로 바뀐다.","필리핀 디도스 조직을 찾아야 한다.","주민투표 실패","선관위 공격 증거·유럽 철수","S2-A18","high"
"340","340화","침묵하다 (4)","59657","59811","선거 29일 전 천민정이 필리핀 경로를 확보한다.","불법 공격을 확실한 배후 증거로 되돌린다.","강일파 조직 안에 직원을 심어 여당 연결을 잡는다.","핀테크 금융기록으로 조직을 특정하고 강 대위가 직원·경호원 50명을 필리핀에 투입한다.","조폭·총기와 태우 개입 노출 위험이 있다.","강일파 사무실 잠입이 성사된다.","최재석 대권을 위한 비밀 방어망이 완성된다.","기술·정치·관계","최재석 대권을 위한 비밀 방어망이 완성된다.","보궐 당일 공격을 현행으로 잡아야 한다.","디도스 경로","선거일 증거 공개","S2-A18","high"
"341","341화","침묵하다 (5)","59812","59973","서울 보궐선거 당일 선관위 사이트가 마비된다.","증거를 공개해 국민경제당 승리와 대권축을 세운다.","공격 이슈를 확산하고 유럽수익을 새 산업에 배치한다.","천민정 증거를 언론·SNS에 풀고 기획실과 중국 철수·건설 부진·해외투자를 논의한다.","높은 투표율과 3자 접전이 결과를 흔든다.","국민경제당 후보가 앞서고 최재석이 정당의 중심이 된다.","최재석은 침묵을 끝내고 대통령 후보로 나설 기반을 얻는다.","정치·지위","최재석은 침묵을 끝내고 대통령 후보로 나설 기반을 얻는다.","최재석의 대권 선언이 기다린다.","서울 보궐 증거","최재석 대권·해외 투자","S2-A18","high"
"342","342화","혁명의 시작 (1)","59974","60147","서울시장 승리 뒤 최재석이 대권 도전을 결심한다.","곳간 수익을 셰일혁명 준비로 옮긴다.","유럽 투자금을 회수하며 저유가 때 셰일사를 살 준비를 한다.","디도스 수사를 확산하고 한정훈에게 유럽 청산·데이비드에게 미국 셰일 인맥 구축을 맡긴다.","셰일 원가는 배럴당 50달러 이상이다.","최재석의 대권 약속과 40달러 이하 셰일 독점 계획이 선다.","태우는 금융수확에서 에너지혁명 선점으로 이동한다.","정치·사업","태우는 금융수확에서 에너지혁명 선점으로 이동한다.","인슐린·비만치료제 축을 확보해야 한다.","서울시장 승리","최재석 대권·셰일가스","S2-A19","high"
"343","343","혁명의 시작 (2)","60148","60318","센트리언은 타미플루 성공 뒤 상장을 준비한다.","인슐린 권리로 장기 바이오 혁명을 선점한다.","로보 노디스크 지분과 아시아 생산권을 확보한다.","김민재가 인슐린·mRNA 투자를 제안하고 한정훈·데이비드가 로보 지분 약 30%를 모은다.","개발 3~5년·회수 10년 이상이다.","체중감소 부작용이 미래 효능이라는 회귀지식으로 50배 기업을 고른다.","센트리언이 만성질환 플랫폼으로 확장된다.","기술·돈","센트리언이 만성질환 플랫폼으로 확장된다.","로보 재단 이사회 협상이 남는다.","센트리언 상장","인슐린 생산권·비만치료제","S2-A19","high"
"344","344","혁명의 시작 (3)","60319","60493","로보 재단은 인슐린 권리 공유를 꺼린다.","재단의 공익 목표와 태우 자금을 묶어 미래 신약 권리를 산다.","아시아 생산권과 신약 공동권을 얻는다.","연 5억 달러 지원과 모든 당뇨 임상비용 부담을 제시해 동의를 받는다.","신약 실패와 FDA 승인 위험이 있다.","재단이 제안을 받아들여 미래 다이어트 치료제 과실까지 열린다.","태우가 세계 제약 연구비를 대는 핵심 주주로 오른다.","기술·관계","태우가 세계 제약 연구비를 대는 핵심 주주로 오른다.","데이비드가 트럼프 후원을 시작한다.","로보 지분 확보","공동 신약·미국 정치인맥","S2-A19","high"
"345","345","혁명의 시작 (4)","60494","60656","태우건설은 후분양 계획과 수주부진에 시달린다.","건설 침체를 범캣 저점인수로 바꾼다.","도산 유동성 위기에서 범캣을 5조 원에 산다.","후분양 10곳 확대를 요구하고 박민용에게 매입가 그대로 현금 인수를 제안한다.","범캣은 적자이고 도산은 더 높은 상장가를 원한다.","도산의 다급함 때문에 5조 원이 협상 기준이 된다.","태우건설이 셰일장비 제조사로 변할 길이 열린다.","사업·돈","태우건설이 셰일장비 제조사로 변할 길이 열린다.","도산 사장단이 매각 여부를 결정한다.","후분양 기획","범캣 인수","S2-A19","high"
"346","346","혁명의 시작 (5)","60657","60800","도산은 범캣 공을 아까워하며 매각을 주저한다.","기다릴 수 있는 현금 갑으로 5조 원 가격을 고정한다.","도산이 스스로 매각을 택하게 한다.","김민재는 5천억 원 아파트 인수 대안을 던지고 내부 비교기획을 유도한다.","범캣이 1~2년 뒤 6~7조가 될 수 있다는 반대가 거세다.","도산 회장은 매각·보유 비교보고를 지시한다.","셰일 장비 축이 협상 단계에 들어간다.","돈·사업","셰일 장비 축이 협상 단계에 들어간다.","센트리언과 미국 셰일 현장이 이어진다.","범캣 가격 고정","AI 장비·미국 셰일","S2-A19","high"
"347","347","투 트랙 (1)","60801","60982","센트리언이 AI로 인슐린 시제품을 빠르게 만든다.","바이오와 셰일 장비에 AI를 심는다.","인슐린팀과 무인 범캣 프로젝트를 출범시킨다.","로보 권리를 서정준에게 주고 천민정에게 무인 건설기계를 맡긴 뒤 부시에게 텍사스 설득을 요청한다.","센트리언 규모가 작고 오스틴은 외국기업을 거부한다.","AI가 제약 실험을 단축하고 부시가 움직일 여지가 생긴다.","태우 AI가 약과 중장비라는 실물 혁신으로 확장된다.","기술·관계","태우 AI가 약과 중장비라는 실물 혁신으로 확장된다.","부시가 오스틴 목장에 나타날지가 관건이다.","인슐린 권리","무인 범캣·텍사스 부지","S2-A20","high"
"348","348","투 트랙 (2)","60983","61166","오스틴은 퍼미안 목장 사용을 거절한다.","미국 에너지독립 명분으로 지역 저항을 푼다.","셰일 거점과 더 큰 유전 매물 정보를 얻는다.","부시가 직접 와 설득하고 김민재가 임대료 50배를 약속한다.","지역 보수층은 한국기업을 불신한다.","오스틴이 제주도보다 큰 50만 에이커 왜그너 목장을 알려준다.","셰일 실험 부지가 초대형 유전 기회로 커진다.","관계·자원","셰일 실험 부지가 초대형 유전 기회로 커진다.","왜그너 상속자와 협상해야 한다.","텍사스 반대","50만 에이커 목장 인수","S2-A20","high"
"349","349","투 트랙 (3)","61167","61354","왜그너 공동경영자는 상속분쟁으로 현금이 필요하다.","대출 없이 초대형 유전을 헐값에 확보한다.","목장 전부를 7억 달러에 즉시 매입한다.","현금·즉시결제를 제시해 각 3.5억 달러를 송금한다.","겉가치가 1조 원뿐이고 공동동의가 필요하다.","계약이 당일 끝나고 베릴은 받은 돈 재투자까지 요청한다.","태우는 셰일가스·원유·부동산 거점을 얻는다.","자원·돈","태우는 셰일가스·원유·부동산 거점을 얻는다.","베릴 자금과 사업을 처리해야 한다.","왜그너 정보","베릴 자금·셰일 개발","S2-A20","high"
"350","350","투 트랙 (4)","61355","61505","베릴이 4.5억 달러 전재산 투자를 청한다.","거품 사업은 남에게 넘기고 셰일 핵심만 취한다.","공유오피스를 키워 쇼프트뱅크 자산과 교환한다.","금리상승 시 파산 구조를 확인하고 베릴에게 사업을 맡긴 뒤 체셔피크 합작을 준비한다.","공유오피스와 체셔피크 모두 파산 위험이 높다.","손실은 파트너·정부가 지고 태우는 저점 과실만 사는 구조가 선다.","셰일 투트랙이 장비·부지·운영사까지 완성된다.","사업·돈","셰일 투트랙이 장비·부지·운영사까지 완성된다.","체셔피크가 합작에 들어온다.","베릴 재투자","공유오피스 매각·체셔피크 합작","S2-A20","high"
"351","351","투 트랙 (5)","61506","61665","체셔피크는 태우를 구원자로 환대한다.","미국 사업·정치·서울 금융허브를 우군망으로 묶는다.","셰일 합작과 트럼프 후원·금융타워 입주를 확정한다.","부지·장비·자금을 지원하고 트럼프에게 대통령 가능성을 말한 뒤 유럽 금융사의 서울 이전을 압박한다.","체셔피크 부채와 트럼프의 낮은 현실성이 있다.","트럼프가 후원을 받고 월가 30곳이 입주를 기다린다.","태우 동맹이 에너지·정치·금융으로 입체화된다.","관계·사업","태우 동맹이 에너지·정치·금융으로 입체화된다.","유럽 금융사를 더 끌어와야 한다.","셰일 합작","금융허브·트럼프 성장","S2-A20","high"
"352","352","새로운 시작 (1)","61666","61849","한정훈이 유럽 금융사를 타워로 끌어오고 김태중도 귀국한다.","금융사와 자금을 모아 서울을 아시아 허브로 만든다.","70층 타워를 홍콩·싱가포르 대안으로 연다.","퀀텀·버크셔·핀테크·노무라·BNP를 완공식에 모으고 홍콩 통제 위험을 설득한다.","서울은 국제 금융역사가 짧다.","금융사를 모은 뒤 돈이 흐르는 선순환 구조가 완성된다.","태우 곳간이 도시 금융인프라가 된다.","지위·돈","태우 곳간이 도시 금융인프라가 된다.","비트코인·총선 현황이 이어진다.","금융타워 건설","서울 금융허브 운영","S2-A21","high"
"353","353","새로운 시작 (2)","61850","62004","다이먼은 비트코인 100달러 돌파와 AIZ 상환을 보고한다.","암호화폐·공유오피스·자동차 부채를 관리한다.","비트코인 거래소 신뢰와 GM 노조 개혁을 강화한다.","상환 속도를 조절하고 공유오피스 대출을 늘리며 UAW 연금 문제를 정부압박 카드로 준비한다.","암호화폐 사용자는 적고 노조는 오바마 지지세력이다.","핀테크 거래소가 시장을 독점하고 국민경제당 총선 승리 소식이 온다.","금융·정치 기반이 새 단계로 오른다.","돈·정치","금융·정치 기반이 새 단계로 오른다.","국민경제당 의석수가 공개된다.","금융허브 완공","제1야당·비트코인 확대","S2-A21","high"
"354","354","새로운 시작 (3)","62005","62159","총선은 여당 119·국민경제당 92·야당 75석이다.","제1야당 지위를 대권과 바이오 혁신으로 연결한다.","최재석 대선 총력전과 로보 공동신약을 앞당긴다.","최재석을 채찍질하고 센트리언 인슐린 완성·로보 연구진의 AI 협업 요청을 승인한다.","대선은 8개월뿐이고 협상은 비공식이다.","국민경제당이 제1야당이 되고 센트리언이 미래 신약지분 기회를 잡는다.","정치·바이오 장기투자가 동시에 결과를 낸다.","지위·기술","정치·바이오 장기투자가 동시에 결과를 낸다.","서정준이 덴마크 협상을 맡는다.","총선 준비","대권·다이어트 치료제","S2-A21","high"
"355","355","새로운 시작 (4)","62160","62331","센트리언은 로보 신약 지분 8%를 얻는다.","금융허브 입주사를 미래 위기 동맹으로 훈련한다.","공동임상과 크림반도 투자 테스트를 시작한다.","서정준의 공동연구를 승인하고 금융사에 러시아 확장·제재 정보를 공개한다.","제약정보 공유와 제재 예측 실패 위험이 있다.","조지만 남아 비밀 프로젝트 자격시험 의도를 이해한다.","센트리언은 과실을, 태우는 충성 금융사를 얻는다.","기술·관계","센트리언은 과실을, 태우는 충성 금융사를 얻는다.","신사옥 완공과 문화개혁이 다가온다.","로보 협상","크림반도 테스트·비밀동맹","S2-A21","high"
"356","356","새로운 시작 (5)","62332","62511","강남 신사옥이 완공 직전이지만 직원문화는 낡아 있다.","외형 성장을 사람 중심 약속으로 결산한다.","익명조사로 근무제도를 바꾼다.","휴가·육아 실태를 확인해 재택·4시간 출근·5년 6개월·10년 1년 안식년을 지시한다.","임원 반발과 업무공백 우려가 크다.","익명조사가 숨은 문제를 실제 제도로 바꾼다.","성공 보상이 직원 가족의 삶으로 내려간다.","관계·문화","성공 보상이 직원 가족의 삶으로 내려간다.","정책을 실제 정착시켜야 한다.","신사옥 외형","사내문화 혁신","S2-A21","high"
"357","357","신사옥 (1)","62512","62684","사내문화 개혁에 임원 반발이 일어난다.","신사옥을 기술·인재·관계의 새 출발로 만든다.","익명 커뮤니티와 글로벌 동맹을 정착시킨다.","후쿠다·천민정 의견을 받아 임원 접근금지 커뮤니티를 만들고 완공식에서 오희건·머스크를 맞는다.","IT 야근 관행과 출산율 문제가 남는다.","머스크가 재사용 로켓 지원을 받고 동반성장을 재확인한다.","신사옥이 내부혁신과 세계 파트너의 중심이 된다.","문화·관계","신사옥이 내부혁신과 세계 파트너의 중심이 된다.","트럼프가 김태중과 등장한다.","사내제도 발표","트럼프·머스크 장기동맹","S2-A22","high"
"358","358","신사옥 (2)","62685","62878","트럼프는 아직 부동산 사업가지만 김태중의 인연으로 방문한다.","미래 대통령 우군과 김민재의 최종 목표를 가족에게 공개한다.","태우를 세계 1위보다 오래가는 질서의 편으로 만든다.","트럼프 대선을 독려하고 김태중에게 세계경제 권력자를 태우 편으로 만들겠다고 밝힌다.","목표가 권력욕으로 보이고 트럼프 가능성은 낮다.","김태중이 손자의 목표를 듣고 천민정은 원격회의까지 완성한다.","가족 약속이 세계질서 속 영속성으로 확장된다.","가족·지위","가족 약속이 세계질서 속 영속성으로 확장된다.","100억 달러급 원격회의 사업이 열린다.","트럼프 후원","세계 1위 이후·원격근무","S2-A22","high"
"359","359","신사옥 (3)","62879","63070","천민정이 원격회의 시스템을 시연한다.","문화개혁 부작용을 제품과 노동보호로 고친다.","퇴근 후 승인·야근 처리와 상용화를 병행한다.","기능 보완을 지시하고 대선에는 상대 올려치기를 쓰며 연준 테이퍼링 신호를 받는다.","직원 무급야근과 정치전 역효과 위험이 있다.","원격회의가 100억 달러 사업 후보가 되고 다음 경제변동 시점이 잡힌다.","사내 불편이 IT 사업과 금융기회로 재조합된다.","문화·기술·돈","사내 불편이 IT 사업과 금융기회로 재조합된다.","테이퍼링 비밀작전이 열린다.","재택 인프라","테이퍼링·한국 대선","S2-A22","high"
"360","360","신사옥 (4)","63071","63239","금융타워에서 조지는 양적완화 축소 파장을 논의한다.","카르텔을 사냥개로 길들이며 두 나라 대선을 관리한다.","정보유출자를 가려내고 정치 우군을 유지한다.","일부러 정보를 흘려 누설 금융사를 배제하고 미국 대선 뒤 한국 초박빙 전략을 점검한다.","연준 시점과 한국 1% 격차가 변수다.","누설자를 색출하고 오바마 재선이 예상대로 끝난다.","금융허브가 신뢰등급을 가진 작전조직이 된다.","돈·정치","금융허브가 신뢰등급을 가진 작전조직이 된다.","최재석이 전진·후퇴를 결정해야 한다.","크림반도 테스트","한국 대선·테이퍼링","S2-A22","high"
"361","361","전진 혹은 후퇴 (1)","63240","63391","대선 한 달 전 세 후보가 1% 안에서 다툰다.","당장 대통령직보다 중임제·정당 생존을 고른다.","최재석에게 사퇴 후 재보궐 입성을 제안한다.","차량에서 과열 여론전과 패배 시나리오를 설명하고 노원·영도 선택지를 준다.","최재석은 몸값 거래를 거부하고 지지자 기대가 걸려 있다.","그가 생방송 토론에서 답을 발표하기로 한다.","태우 정치전이 당선보다 제도개혁으로 이동한다.","정치·관계","태우 정치전이 당선보다 제도개혁으로 이동한다.","후보 토론의 충격 선언이 남는다.","국민경제당 제1야당","대선 사퇴·중임제","S2-A22","high"
"362","362화","전진 혹은 후퇴 (2)","63392","63562","시청률 50% 토론에서 최재석이 국민통합을 묻는다.","30% 지지율을 포기해 중임제와 캐스팅보트를 얻는다.","거대 양당의 개헌 약속을 공개로 묶는다.","중임제를 제안해 두 후보 동의를 받은 뒤 대선 사퇴·재보궐을 선언한다.","정치생명이 끝날 수 있다.","중도·양당 지지자도 결단을 지지하며 92석 당이 개헌 열쇠가 된다.","후보가 향후 정국 중재자로 격상된다.","정치·지위","후보가 향후 정국 중재자로 격상된다.","여당 승리 시 탄핵 가능성이 암시된다.","대선 출마","중임제·재보궐·탄핵","S2-A23","high"
"363","363","전진 혹은 후퇴 (3)","63563","63736","양당은 0.6% 승부 끝에 여당이 이긴다.","국민경제당·미국 대통령 두 방패로 정권압박을 막는다.","금품 요구를 차단하고 에너지·해운 자산을 지킨다.","기부금 접근을 거부하고 LNG 발전소·현진해운 계약을 변경하지 않는다.","LNG 경제성과 새 정권 개입 위험이 있다.","오바마 재선 후원 덕분에 미국 우군이 확인된다.","태우가 국내 권력교체에도 독립적으로 움직인다.","정치·사업","태우가 국내 권력교체에도 독립적으로 움직인다.","오바마 취임식 선물이 남는다.","한국 대선","미국 우군·현진해운","S2-A23","high"
"364","364","전진 혹은 후퇴 (4)","63737","63895","2013년 오바마 재선 취임 전 미국 일정을 돈다.","미국 정권과 우주기업을 에너지·통신 혁명에 투입한다.","베네수엘라 저유가 공격과 스타링크 지분을 준비한다.","조지에게 차베스 이후 제재·사우디 증산안을 주고 머스크에게 저궤도망·발사비 절반을 제안한다.","프로젝트는 1년 이상 뒤이고 비용이 막대하다.","구상 단계 스타링크에 태우가 선행 투자할 길이 열린다.","셰일·저유가·위성통신이 미국 전략과 결합한다.","자원·기술·정치","셰일·저유가·위성통신이 미국 전략과 결합한다.","스타링크와 백악관 안보 거래가 남는다.","오바마 재선","베네수엘라·스타링크","S2-A23","high"
"365","365","전진 혹은 후퇴 (5)","63896","64071","저궤도망 수요와 셰일 수익을 확인한다.","미국 안보 요구를 위성·자율주행 자산으로 교환한다.","스타링크 비용을 대고 미군 정보·부지교환을 얻는다.","오바마와 사드를 논의하며 중국 불이익만큼 미국 혜택을 약속받고 위성 공유를 꺼낸다.","사드는 한한령과 중국사업 타격을 부른다.","미국이 태우를 한국 기업 안보 파트너로 인정한다.","태우가 미국 기술·정책 보호망에 들어간다.","정치·기술","태우가 미국 기술·정책 보호망에 들어간다.","사드 부지를 다른 재벌에게 넘겨야 한다.","스타링크 제안","사드·미군위성·부지교환","S2-A23","high"
"366","366","독사과 (1)","64072","64251","오바마는 군 위성 사용과 미군부지 교환을 검토한다.","사드 보복 위험을 금싸라기 땅 미끼로 이전한다.","다른 대기업이 부지교환에 자원하게 만든다.","김태중이 회장단을 모으고 강준용이 경기도·용산 부지와 미국 보호를 제안한다.","중국 사업 그룹들은 보복을 두려워한다.","태우가 먼저 나설 듯한 자세로 경쟁을 유도할 판이 선다.","안보 부담이 재벌 자산경쟁 독사과로 변한다.","정치·자산","안보 부담이 재벌 자산경쟁 독사과로 변한다.","김민재가 선도 입찰자를 연기한다.","미국 안보협상","사드 독사과 이전","S2-A24","high"
"367","367","독사과 (2)","64252","64428","회장들은 눈치만 보다가 태우가 나서자 경쟁한다.","현재·샤롯을 사드 부담에 묶는다.","태우 부지를 지키며 미국 혜택만 확보한다.","양산 창고를 미끼로 던지자 현재와 샤롯이 더 좋은 부지를 제시한다.","두 그룹은 중국 보복을 과소평가한다.","미국은 좋은 부지를 얻고 태우는 후보에서 빠진다.","태우는 미중전쟁의 고래가 될 계획을 유지한다.","정치·자산","태우는 미중전쟁의 고래가 될 계획을 유지한다.","공유오피스 독사과를 처분해야 한다.","사드 부지 회피","미중무역전쟁 성장","S2-A24","high"
"368","368","독사과 (3)","64429","64601","사드 부지는 경쟁 중이고 투게더워크 매각만 남는다.","거품 지분을 반도체 설계자산으로 바꾼다.","쇼프트뱅크의 ARN을 지분교환으로 얻는다.","베릴을 앞세워 투게더워크 10%를 1억 달러에 팔고 태우 지분은 ARN과 맞바꾼다.","공유오피스는 금리상승 때 무너진다.","손정우가 수시간 만에 100억 달러급 계약을 승인한다.","태우는 독사과를 넘기고 미래 600억 달러 설계사를 얻는다.","기술·돈","태우는 독사과를 넘기고 미래 600억 달러 설계사를 얻는다.","리사에게 사후 통보해야 한다.","공유오피스 육성","ARN 인수·사드 배치","S2-A24","high"
"369","369","독사과 (4)","64602","64774","손정우 계약이 끝나고 베릴은 1억 달러를 받는다.","ARN을 파운드리와 결합해 AI 설계 방벽을 만든다.","리사 반발을 풀고 팹리스 투자를 확대한다.","긴급계약을 설명하고 ARN·AI 설계를 파운드리 수주와 연결한다.","리사는 상의 없는 거래에 화가 난다.","시너지가 인정되고 연준이 테이퍼링 의사를 밝힌다.","독사과 수확 직후 준비한 금융 신호가 울린다.","기술·돈","독사과 수확 직후 준비한 금융 신호가 울린다.","조지가 포지션을 실행한다.","ARN 교환","테이퍼링 수확","S2-A24","high"
"370","370","독사과 (5)","64775","64951","테이퍼링 발언으로 세계 증시가 하락한다.","금융사에 연습이익을 먹이고 충성을 산다.","9월까지 공매도·채권 수익을 거둔다.","조지에게 데드라인을 주고 타워 금융사와 수익을 나누며 진동구에게 샤롯 사드 반대 연기를 조언한다.","과욕과 샤롯 후계전이 변수다.","금융 하이에나가 태우 정보를 따르는 사냥개가 된다.","두 독사과가 돈과 후계구도를 바꾼다.","돈·관계","두 독사과가 돈과 후계구도를 바꾼다.","연준이 축소를 뒤집을 때 두 번째 파동이 온다.","테이퍼링 1차 수익","샤롯 왕자의 난·연준 반전","S2-A24","high"
"371","371","변덕 (1)","64952","65120","샤롯은 사드 부지를 원하고 진동구만 반대한다.","독사과를 알아본 장남의 반대를 후계 영향력으로 바꾼다.","진동구가 임직원 지지를 모으게 한다.","진동오의 미국혜택 논리에 진동구가 중국 전사업 철수 위험을 경고한다.","진호균 회장은 장남을 질책한다.","다른 사장들이 진동구 편에 서기 시작한다.","사드 독사과가 샤롯 왕자의 난을 촉발한다.","관계·정치","사드 독사과가 샤롯 왕자의 난을 촉발한다.","연준 변덕을 이용할 준비가 끝난다.","사드부지 경쟁","샤롯 후계전·연준 반전","S2-A24","high"
372,"372","변덕 (2)",65121,65294,"연준이 테이퍼링 방침을 철회한다.","연준 변덕과 기업 욕심을 모두 함정으로 바꾼다.","반등 수익을 먹고 로보의 AI 절도를 유도한다.","금융타워에 유지 정보를 나누고 천민정을 센터장으로 승진시켜 다운그레이드 AI에 트로이목마를 심게 한다.","연준 재변경과 로보가 AI를 훔치지 않을 가능성이 있다.","로보가 시스템을 복제하면 데이터·실험기록을 원격 오염시킬 수 있다.","양적완화 반등 수익과 미래 신약 탈취 통로를 함께 얻는다.","돈·기술","태우가 거시 변덕과 기술 욕심을 선제 통제한다.","로보가 미끼를 훔칠지가 남는다.","테이퍼링 1차 하락","로보 AI 트로이목마·연말 축소","S2-A24","high"
373,"373","변덕 (3)",65295,65470,"데이비드가 베네수엘라·미국 제재 정보를 들고 온다.","연습경기 수익을 석유전쟁 본게임으로 확대한다.","체셔피크 손실을 떠넘기고 산유국 폭락을 먹는다.","러시아 관계는 유지하되 미국을 달래고 한정훈·후쿠다에게 금융타워 전체 작전을 설계시킨다.","유가전쟁은 미국 셰일사도 무너뜨리고 러시아 제재와 충돌한다.","산유국 치킨게임이 체셔피크 저점인수와 수익의 이중 기회로 확정된다.","금융사 전부가 먹어도 남을 새 프로젝트가 열린다.","돈·자원","태우의 위기 수확이 국가 간 에너지전으로 커진다.","2013 결산 뒤 러시아 크림반도 신호를 기다린다.","양적완화 작전","석유전쟁·크림반도","S2-A24","high"
374,"374","변덕 (4)",65471,65627,"2013 사장단이 전자 1위와 상사·자원 적자를 보고한다.","현재 적자를 미래 인프라와 금융전의 비용으로 재해석한다.","계열사 시스템을 유지하며 러시아 포지션을 버틴다.","저궤도 통신·전기차·자원 인프라 계획을 재확인하고 금융타워의 크림반도 투자금을 유지한다.","러시아가 움직이지 않으면 막대한 이자와 동맹 붕괴가 발생한다.","전자 세계 1위·애플카 성공이 장기 적자를 감당할 캐시카우임이 확인된다.","태우의 확장 포트폴리오가 수익축과 미래축으로 정리된다.","사업·돈","연말 결산이 다음 국제사건의 압력을 수치화한다.","러시아가 소치올림픽 직후 움직일지 남는다.","2013 사업결산","크림반도 침공·자원 채굴","S2-A24","high"
375,"375","변덕 (5)",65628,65819,"소치올림픽 직후 러시아가 크림반도를 점령한다.","제재·루블 폭락을 먹고 러시아 실물사업을 보호한다.","포지션을 청산하며 러시아와 비밀 협상한다.","루블·주가 하락에 베팅하고 반항 금융사는 내버려둔 뒤 유가자산을 정리하며 러시아 진출 계열사 대책을 세운다.","서방제재 속 러시아 접촉은 미국·유럽 보복을 부를 수 있다.","금융타워는 보너스 잔치를 하고 외국기업 철수 속 태우 공장의 협상가치가 높아진다.","크림반도 테스트가 돈과 충성도 검증에 성공한다.","돈·정치·사업","연습경기 성공이 석유전쟁 동맹을 단단하게 한다.","로만을 통해 러시아 지도부와 거래한다.","크림반도 예측","러시아 비밀협상·석유전쟁","S2-A24","high"
376,"376","손을 내밀다 (1)",65820,65985,"러시아 경제가 제재와 유가하락으로 붕괴한다.","절박한 러시아와 손잡아 몽골 자원길과 태우 공장을 지킨다.","로만을 통해 정부 허가와 수송로를 확보한다.","축구 자선행사에 100억 원을 써 로만을 부르고 태우 철수 방지 대신 몽골 자원의 러시아 경유를 요구한다.","서방의 제재 위반 의심과 러시아 의존 위험이 있다.","로만이 지도부 허가를 자신하며 비밀 손을 잡는다.","태우는 중국 외 자원 수출로를 추가한다.","관계·자원","악마와도 손잡고 필요하면 끊는 생존 원칙이 드러난다.","중국의 장기 자원 구매 계약이 필요하다.","러시아 제재 대응","몽골 자원 러시아길·중국 계약","S2-A25","high"
377,"377","손을 내밀다 (2)",65986,66170,"김민재가 중국 쩡훙친과 차기 실력자를 만난다.","러시아 운송로를 중국 장기구매와 연결한다.","미중갈등 전 자원·권력 인맥을 고정한다.","몽골 자원을 러시아와 중국 양쪽으로 장기 공급하고 새 지도자의 태자당 자금 욕구를 활용한다.","중국 권력투쟁과 미래 한한령이 계약을 깨뜨릴 수 있다.","중국 고위층이 러시아 협의까지 된 장기계약에 호응한다.","태우는 미중분쟁에도 끊기지 않는 자원판로를 얻는다.","정치·자원","고위층 소개가 미래 권력 보험이 된다.","사우디 증산 시점과 왕위승계를 확인하러 간다.","중국 자원판로","사우디 석유전쟁·차기 권력","S2-A25","high"
378,"378","손을 내밀다 (3)",66171,66350,"사우디 방문 전 구사옥 문화센터를 점검한다.","석유전쟁 정보를 왕세자 승계 동맹으로 바꾼다.","살만·빈 살만과 절대 신뢰를 만든다.","살만에게 증산 피해와 빈 살만 왕세자화를 경고하며 부패 왕족 숙청 구상을 꺼낸다.","왕실 전통을 깨는 자식세습과 숙청은 목숨을 건 개입이다.","살만이 분노를 누그러뜨리고 김민재의 진심을 이해한다.","태우는 차기 국왕·왕세자 양쪽과 비밀 장기동맹을 맺는다.","관계·정치","어린 시절 인연이 왕위설계로 확장된다.","숙청 자금논리와 실행팀을 만들어야 한다.","빈 살만 인연","왕세자 숙청계획·증산","S2-A25","high"
379,"379","손을 내밀다 (4)",66351,66547,"살만은 왕실반발 때문에 아들 세습을 주저한다.","석유전쟁으로 빈 곳간을 부패자금 숙청으로 채운다.","빈 살만 왕세자 확률을 강제로 높인다.","불법 왕족 자산을 국고로 환수한다는 명분을 주고 천민정·강 대위·한정훈에게 정보수집 시스템을 맡긴다.","왕족 감시가 노출되면 태우와 빈 살만 모두 위험하다.","살만이 후보 명단과 숙청기획을 받아들이고 팀이 즉시 움직인다.","태우가 사우디 승계의 보이지 않는 설계자가 된다.","정치·정보","주사위를 던지기 전 6이 나오게 만드는 준비다.","OPEC 증산 직전 금융판돈을 배치한다.","살만 동의","왕족 정보망·석유 공매도","S2-A25","high"
380,"380","손을 내밀다 (5)",66548,66742,"금융타워가 빚까지 내 원유 공매도를 준비한다.","정확한 증산 타이밍과 왕족 정보를 동시에 포착한다.","100달러 원유 하락과 사우디 권력정보를 독식한다.","천민정이 왕족 비밀계좌를 찾고 김민재가 텍사스 관계자에게 경고한 뒤 OPEC 발표와 함께 공매도를 실행한다.","하루 이자와 너무 이른 진입 위험이 크다.","사우디가 증산을 발표해 70달러 차익 구조가 현실화된다.","금융타워는 본게임 수익 구간에 들어간다.","돈·정보·자원","오랜 준비가 OPEC 발표 한 순간에 점화된다.","유가 하락이 어느 기업·국가부터 무너뜨릴지 남는다.","석유전쟁 준비","산유국 붕괴·왕족 숙청정보","S2-A25","high"
381,"381","전쟁 그리고 전쟁 (1)",66743,66910,"유가가 매일 하락하고 천민정은 커넥트 자동번역을 완성한다.","석유수익을 AI·신약·20년 투자로 환류한다.","로보 미끼를 오염시키고 장기 성장재원을 만든다.","천민정에게 훔친 AI의 신약효과를 줄이고 부작용을 늘리게 하며 금융사별 수익을 배분한다.","기술오염의 윤리·법적 위험과 유가 반등 가능성이 있다.","원유 100달러가 붕괴하고 셰일기업 주가가 15% 넘게 빠진다.","태우는 마르지 않는 투자우물을 확보한다.","돈·기술","석유전과 바이오 정보전이 동시에 전쟁으로 명명된다.","헤스·체셔피크 같은 실물기업을 살 차례다.","로보 트로이목마","셰일·해양유전 인수","S2-A26","high"
382,"382","전쟁 그리고 전쟁 (2)",66911,67084,"유가가 80달러로 내려 정유·전기차는 손해를 본다.","계열사 손실보다 해양유전·셰일 저점을 크게 먹는다.","헤스와 체셔피크 인수자금을 만든다.","체셔피크·헤스 공매도를 늘리고 가이아나 해양유전 지분을 노리며 미국대사의 구조요청을 받는다.","두 회사 인수에 500억 달러 이상이 든다.","미국 정부가 태우에 셰일업체 일부 인수를 공식 부탁한다.","태우가 미국 미래산업 구조자로서 알짜 선택권을 얻는다.","자원·돈·정치","계열사 손익표가 국가 구조요청으로 확대된다.","백악관이 어떤 회사를 어떤 조건으로 줄지 남는다.","유가 80달러","미국 셰일 구조·가이아나 지분","S2-A26","high"
383,"383","전쟁 그리고 전쟁 (3)",67085,67243,"김민재가 오바마의 셰일 SOS를 받으러 간다.","정부가 자금·기업을 모으게 해 인수 갑이 된다.","최소 500억 달러 컨소시엄과 좋은 매물 선별권을 얻는다.","오바마에게 태우 단독 소형인수와 정부주도 대형컨소시엄 두 안을 제시해 후자를 택하게 한다.","외국기업의 에너지 지배 우려와 가격 하락을 더 기다릴 필요가 있다.","오바마가 기업 참여를 설득하고 태우는 인수대상 결정권을 가진다.","태우 존재감이 국빈급 1시간 비공식 독대로 격상된다.","정치·자원","을이 되지 않으려 정부가 먼저 판을 만들게 한다.","다이먼 자금과 중국 해양지분 협상이 이어진다.","미국 구조요청","500억 달러 컨소시엄·매물선정","S2-A26","high"
384,"384","전쟁 그리고 전쟁 (4)",67244,67404,"다이먼은 핀테크 사상최대 수익과 비트코인 성장을 보고한다.","금융수익을 석유 컨소시엄과 가이아나 지분으로 옮긴다.","CNOOC가 가진 유전탐사 지분을 사온다.","핀테크 100~200억 달러 참여를 받고 중국 고위층에게 CNOOC 매각을 선의처럼 제안한다.","중국이 사드 뒤 관계를 끊으면 협상이 불가능해진다.","중국 쪽이 리강과의 친분을 위해 검토에 들어간다.","미국·중국 양쪽 자본을 같은 유전판에 묶을 준비가 된다.","돈·관계·자원","한한령 전 마지막 중국 인맥을 최대 활용한다.","석유 공매도 수익과 헤스 최종협상이 남는다.","핀테크 수익","CNOOC 지분·사드 전 수확","S2-A26","high"
385,"385","전쟁 그리고 전쟁 (5)",67405,67584,"유가는 절벽처럼 내려 태우 공매도 수익이 250억 달러를 향한다.","금융수익을 반도체·해양유전 실물로 바꾼다.","헤스 이사회를 인수 쪽으로 기울인다.","반년 뒤 감산 기류를 예측해 원유 재매수 타이밍을 잡고 대형 반도체단지를 완공하며 헤스 매각협상을 압박한다.","헤스 내부는 한국기업 인수와 고용불안을 우려한다.","태우 무부채·현금 수백억 달러가 알려져 이사회가 최종협상을 승인한다.","태우는 돈·반도체·유전 세 기반을 동시에 키운다.","돈·기술·자원","공매도 현금이 실물산업 보상으로 보인다.","헤스 가격·고용승계 협상이 열린다.","석유 공매도 1회전","헤스 인수·반도체 수요","S2-A26","high"
386,"386","타이밍 (1)",67585,67757,"미국은 셰일 붕괴가 급해 컨소시엄을 재촉한다.","정부 압박을 헤스 고용·가격 협상 우위로 쓴다.","헤스 큰 틀 인수계약을 끝낸다.","미국 긴급항공 지원까지 약속받고 이사회에 고용승계·적정 프리미엄을 제안한다.","창업가문·경영진의 프리미엄 욕심과 친환경 이미지 충돌이 있다.","창업가가 자기 프리미엄을 직원 위로금으로 돌려 합의가 정리된다.","헤스가 태우 품으로 들어올 실무단계에 선다.","사업·관계","정부 시간표가 협상 속도를 높인다.","체셔피크·CNOOC와 후속 거래를 끝내야 한다.","헤스 이사회 승인","실무인수·다음 셰일사","S2-A27","high"
387,"387","타이밍 (2)",67758,67939,"헤스 합의 뒤 데이비드·다이먼과 후속 인수를 논의한다.","체셔피크와 중국 지분을 먹고 카노스 복수전까지 유도한다.","가이아나 20%·향후 셰일사를 저점확보한다.","체셔피크 협상을 맡기고 중국에서 CNOOC 지분을 산 뒤 금융타워 석유포지션을 정리한다.","일부 손해를 감수하고 빠져야 하며 카노스가 태우상사를 공격한다.","태우상사 실제 지분이 70% 이상이라 공매도 공격을 역포획할 수 있다.","석유 인수전이 카노스 재대결의 함정으로 변한다.","돈·사업","성공 직후 새 적의 공격 타이밍을 이용한다.","카노스가 헤스부터 태우그룹까지 3단계를 준비한다.","CNOOC·체셔피크 거래","헤스·태우상사 공매도전","S2-A27","high"
388,"388","타이밍 (3)",67940,68101,"다이먼의 석유기업 구조 인터뷰가 뉴욕타임스 1면에 실린다.","상대를 충분히 모아 한 번에 포획한다.","원유 50억 달러를 사고 카노스의 3단계 공격을 기다린다.","태우는 대비한 채 무대응하고 카노스는 헤스 적자에서 태우상사·그룹 도미노를 홍보한다.","헤스 실적은 최악이고 태우상사 자원부문도 대규모 적자다.","카노스가 400% 수익을 약속해 헤지펀드를 대거 끌어모은다.","태우가 의도한 거대한 어망에 월가 세력이 들어온다.","돈·정보","무대응이 공격자의 자신감을 키운다.","카노스가 전재산을 던지는 약속일이 온다.","공매도 함정 준비","헤스 첫 공격·도미노 플랜","S2-A27","high"
389,"389","타이밍 (4)",68102,68274,"카노스가 전재산을 넣어 헤스 주가를 하루 7% 떨어뜨린다.","방어하지 않는 척 모든 세력을 어망 안에 넣는다.","헤스가 반토막 날 때까지 공격물량을 키운다.","사우디 개입이 없다는 확신과 컨소시엄 분열 소문을 흘리고 가이아나 지분에 자금을 쓴 척한다.","행동주의 펀드가 태우 전체를 흔들고 실제 주주가 이탈할 수 있다.","중소 헤지펀드들이 뒤늦게 합류하며 카노스가 부활을 확신한다.","공매도 세력의 쌈짓돈까지 모일 조건이 갖춰진다.","돈·심리","상대의 승리감 자체가 함정의 잠금장치다.","유전탐사·사우디 왕위라는 반격신호를 기다린다.","헤스 하락 유도","가이아나 유전·공개매수 반격","S2-A27","high"
390,"390","타이밍 (5)",68275,68451,"저유가로 쉘이 가이아나 탐사권을 포기한다.","남들이 버린 권리를 1달러에 사 반격탄을 만든다.","엑슨모빌과 탐사권을 나누고 유전을 발견한다.","쉘에서 동전던지기로 태우·엑슨 지분을 1달러씩 사고 핀테크 명의 공매도 수익도 챙긴다.","헤스 파산설과 유전탐사 실패 가능성이 있다.","수십조 가치 권리를 1달러에 얻고 엑슨이 탐사에 총력을 약속한다.","태우는 공매도 세력에게 숨긴 초대형 호재를 장전한다.","자원·돈","1달러 거래가 가장 극적인 저점보상이다.","사우디 국왕 서거와 실제 유전발견이 남는다.","쉘 탐사철수","가이아나 발견·헤스 반격","S2-A27","high"
391,"391","반격 (1)",68452,68641,"사우디 국왕이 서거해 살만이 즉위한다.","유가반등·왕실승계·유전발견을 한꺼번에 반격으로 쓴다.","공매도 물량을 받고 빈 살만 숙청을 지원한다.","유가 상승에 헤스 매물을 흡수하고 사우디에서 빈 살만의 국방장관 임명·왕세자 계획을 점검한다.","새 국왕 체제 반발과 공매도 재공격이 있다.","가이아나 로건팀이 10년 만에 대형 유전을 발견한다.","헤스 주가를 뒤집을 초대형 호재와 사우디 우군이 동시에 선다.","자원·정치·돈","왕위와 유전 두 역사사건이 같은 회차에 터진다.","정밀조사 일주일 동안 공매도 자금을 더 끌어들인다.","살만 즉위","유전발표·왕족 숙청","S2-A28","high"
392,"392","반격 (2)",68642,68807,"공매도 세력이 헤스·태우상사 150억 달러를 던진다.","발표 직전까지 물량과 배신자를 최대 포획한다.","일주일 내 쌈짓돈까지 공매도로 끌어낸다.","전량을 받아 주가를 고정하고 핀테크 대출설을 흘리며 행동주의 펀드와 타워 배신사를 색출한다.","150억 달러 방어자금과 행동주의 공격 위험이 있다.","배신한 타워 헤지펀드 두 곳이 확인되고 유전 정밀조사가 끝난다.","반격은 가격상승뿐 아니라 카르텔 정화 기회가 된다.","돈·관계","발표 전 마지막 압력이 최고조다.","다이먼이 유전발견을 공식 발표한다.","공매도 물량 흡수","유전발표·배신자 처단","S2-A28","high"
393,"393","반격 (3)",68808,68990,"가이아나 대형 유전 뉴스가 공매도 회의 중 터진다.","호재로 주가를 폭등시키고 세력 분열을 유도한다.","헤스 급등을 유지해 숏커버를 강제한다.","태우·핀테크가 지분을 사고 한정훈이 합법 매매로 상승 압력을 더한다.","카노스는 통정거래 의혹을 제기하고 유동성으로 버틴다.","헤스가 폭등해 중소 펀드가 파산권에 들어간다.","공매도 연합이 손실 앞에서 깨지기 시작한다.","돈·자원","숨긴 유전이 공개되는 순간이 반격의 쾌점이다.","눈치 빠른 펀드가 항복하러 온다.","유전발견 비공개","숏커버·공매도 분열","S2-A28","high"
394,"394","반격 (4)",68991,69182,"타워 배신 펀드 두 곳이 먼저 자수한다.","배신비용을 부과하고 버크셔를 새 동맹으로 끌어들인다.","배신사를 처단하며 필요한 헤스 지분을 모은다.","주식 반환을 거절하고 1억 달러 프리미엄을 요구한 뒤 버크셔가 판 지분을 워런과 협상한다.","과한 프리미엄과 버크셔 지분이 작전을 방해할 수 있다.","버크셔가 가치투자로 헤스를 전부 샀고 워런이 작전에 관심을 보인다.","카르텔 규율과 세계최대 장기투자자라는 방패를 얻는다.","관계·돈","배신자와 우군을 대비해 동맹의 질을 높인다.","워런에게 상장폐지 이벤트를 제안한다.","타워 배신자 색출","버크셔 동맹·상장폐지","S2-A28","high"
395,"395","반격 (5)",69183,69348,"워런은 석유산업 발전에 도움이 될 때만 협력한다.","공매도 응징을 미국 산업구조 명분으로 포장한다.","정부·버크셔 동의 아래 헤스를 상장폐지한다.","가이아나 투자와 공개매수 후 재상장 계획을 제시해 워런·미 대사의 묵인을 얻는다.","상장폐지는 과격하고 막대한 공개매수 자금이 필요하다.","미국 정부가 석유산업 방어로 보아 모른 척하고 워런이 참여한다.","공매도 제왕을 갖고 놀 국가·기업 연합이 완성된다.","정치·돈·자원","사적 복수가 산업정책 정당성을 얻는다.","일주일 안에 공개매수 공시를 띄운다.","버크셔 설득","헤스 공개매수·카노스 파멸","S2-A28","high"
396,"396","갈취 (1)",69349,69537,"상장폐지·공개매수가 일주일 만에 공시된다.","숏커버 가격을 폭발시켜 세력 자산을 갈취한다.","헤지펀드 이탈과 3~15배 손실을 강제한다.","퀀텀·버크셔 지분 공개와 100% 프리미엄 공개매수를 발표해 카노스 회의를 붕괴시킨다.","SEC 절차와 막대한 매수자금이 필요하다.","절반 이상 펀드가 카노스를 버리고 강제청산 위기에 든다.","헤스 방어가 월가자산 흡수 단계로 넘어간다.","돈·지위","공시 한 줄이 전쟁을 즉시 뒤집는다.","최재석은 중임제와 평창재단 갈취를 상의한다.","상장폐지 준비","카노스 항복·정권 재단 요구","S2-A29","high"
397,"397","갈취 (2)",69538,69724,"박만득이 정권 재단 요구의 위험을 경고한다.","청와대 갈취와 카노스 자산을 동시에 역갈취한다.","한정훈을 부회장 후계자로 세우고 카노스를 사냥개로 만든다.","박만득 은퇴·인수인계를 지시하고 카노스에게 동료 펀드 배신과 자산 흡수를 제안한다.","후계 공백과 카노스의 배신자 낙인이 부담이다.","선택지가 없는 카노스가 손을 잡고 의사결정을 태우에 위임한다.","태우는 내부 승계와 월가 집행자를 동시에 확보한다.","관계·돈","은퇴 보상과 적의 굴복이 한 회차에서 닫힌다.","카노스가 2주 안에 동료 펀드를 찢는다.","박만득 총괄","한정훈 부회장·카노스 사냥개","S2-A29","high"
398,"398","갈취 (3)",69725,69890,"카노스가 2주 만에 동료 펀드를 파산시킨다.","갈취 수익을 중국 공매도와 건설 회복에 재배치한다.","후강퉁을 통해 600억 달러를 중국시장에 잠입시킨다.","태우 300억·타워 총 600억 달러를 배치하고 한정훈 승진·태우건설 부동산 회복을 점검한다.","사드 배치와 중국 공산권의 직접 보복 위험이 있다.","카노스는 월가의 사신으로 명성을 회복하고 한정훈은 부회장 교육을 받는다.","적이 집행자가 되고 핵심 측근이 그룹 얼굴로 승진한다.","돈·지위","헤지펀드 파멸이 다음 국가급 공매도 자금이 된다.","청와대 만찬이 한정훈의 첫 공식무대다.","공매도 연합 파산","중국 공매도·부회장 승진","S2-A29","high"
399,"399","갈취 (4)",69891,70053,"박만득 이임·한정훈 취임 뒤 청와대가 200억 원을 요구한다.","레임덕 정권에는 최소비용만 주고 중국 자금을 먹는다.","재단 출연을 할부로 늦추며 공매도 600억 달러를 완성한다.","한정훈이 만찬에서 갈취 의도를 파악해 절반만 내고 나머지는 늦추며 카노스를 기업청소부로 훈련한다.","정부 불이익과 중국 고위층 관계 단절 위험이 있다.","천민정이 로보가 신약을 폐기한다는 내부정보를 들고 뛰어온다.","정권·중국·바이오 세 갈취판 중 가장 큰 신약 기회가 열린다.","정치·돈·기술","승진식과 갈취 뒤 신약 폐기 훅이 급전환한다.","유고빈 원형 신약을 헐값에 사야 한다.","한정훈 취임","로보 폐기신약·중국 폭락","S2-A29","high"
400,"400","갈취 (5)",70054,70215,"로보 연구진이 부작용 신약 폐기에 동의한다.","오염시킨 실패작을 미래 비만치료제 원천으로 갈취한다.","연구자료·권리 전부를 덴마크에서 산다.","천민정의 시스템 정보로 선점하고 데이비드가 포섭한 에릭센을 통해 이사회 매각안을 통과시킨다.","수년간 실패한 약이라 가격·가치를 증명하기 어렵다.","에릭센이 이사회가 태우를 속인다고 믿게 만들어 매각판을 완성한다.","태우가 300배 수익 후보를 독점할 협상우위를 잡는다.","기술·정보·돈","트로이목마 장기복선이 실제 신약 매각으로 결실 난다.","김민재가 덴마크에서 계약서에 서명한다.","로보 AI 절도 유도","신약 권리 인수·중국 공매도","S2-A29","high"
401,"401","잭팟 (1)",70216,70406,"데이비드가 덴마크 이사회를 포섭해 협상을 준비한다.","실패 신약과 로열티를 묶어 원가 이하로 산다.","300배 가치 권리를 계약하고 중국 폭락을 실행한다.","14억 달러 개발비를 깎고 로열티 포함 조건으로 태우에 유리한 계약을 체결한 뒤 위장 소속으로 중국 공매도를 시작한다.","로보가 숨은 가치를 알아채거나 중국이 태우를 지목할 수 있다.","이사회가 손실 회수라 믿는 계약으로 태우가 미래 잭팟을 확보한다.","바이오 독점과 국가급 금융작전이 동시에 실행된다.","기술·돈","오랜 정보오염이 서명 한 번으로 300배 자산이 된다.","중국 하루 증발자금을 얼마나 포집할지가 남는다.","폐기신약 정보","유고빈 권리·중국 폭락","S2-A30","high"
402,"402","잭팟 (2)",70407,70589,"중국 증시가 하루 2%·1조 위안 하락한다.","공범 로비로 중국 보복을 늦추고 국내 관계자산을 얻는다.","고위층에 수익을 나누며 삼진 승계 거래를 연다.","금융사 이익 일부를 차명계좌로 중국 수뇌부에 보내고 병원에서 오희건의 후계 부탁을 듣는다.","금융사 반발과 오희건의 위중함이 있다.","오희건이 도움 대가로 태우그룹 지분을 넘기겠다고 한다.","중국 작전의 정치보험과 삼진 경쟁그룹의 지분·신뢰를 얻는다.","돈·관계","183조 원 증발 보상 뒤 병상 유언으로 정서전환한다.","오용재가 승계 해법을 받아들일지 남는다.","중국 폭락 시작","삼진 승계·태우지분","S2-A30","high"
403,"403","잭팟 (3)",70590,70762,"오용재가 아버지 부탁대로 승계 도움을 청한다.","라이벌을 살려 정권 희생양 방패와 바이오 파트너로 만든다.","분식·뇌물 위험 없이 삼진 지배력을 높인다.","삼진바이오·물산 합병과 평창재단 출연 감액을 제안하고 센트리언 1공장·인슐린 생산권을 교환한다.","정권교체 뒤 분식회계·200억 원 뇌물 수사가 가능하다.","오용재가 공장부지와 추후 보상까지 약속해 거래를 받는다.","삼진은 승계 길을, 태우는 경쟁그룹 우군과 바이오 생산망을 얻는다.","관계·사업","라이벌 구조가 상호 생존보험으로 바뀐다.","합병 실행과 코로나 대비 공장 협력이 남는다.","오희건 부탁","삼진 합병·센트리언 확장","S2-A30","high"
404,"404","잭팟 (4)",70763,70923,"한정훈은 라이벌 삼진을 왜 살리는지 의문을 갖는다.","삼진을 정치 방패·팬데믹 생산 파트너로 활용한다.","신약 FDA 승인과 중국 저점자산을 병행한다.","삼진 존속 이유를 설명하고 중국 2800선까지 공매도·머오타이 매수를 지시하며 서정준에게 신약 임상을 재촉한다.","삼진이 다시 경쟁하고 중국 하락이 태우 수출에도 타격을 준다.","천민정은 폐기신약에 치명적 부작용이 없고 올해 하반기 출시 가능하다고 판정한다.","라이벌 협력과 다이어트 잭팟이 장기 생존축으로 결합한다.","기술·사업·돈","수백 배 매출 전망이 삼진 구제의 미래가치를 납득시킨다.","FDA 승인과 코로나계열 신약 준비가 열린다.","삼진 승계안","유고빈 승인·코로나 치료제","S2-A30","high"
405,"405","잭팟 (5)",70924,71095,"센트리언 연구원 700명 중 mRNA 인력은 50명 미만이다.","유고빈 수익 전부터 다음 팬데믹 기술을 선점한다.","mRNA·DNA 인력·시설과 메르스 치료제를 확보한다.","연구원 대폭 증원·신축을 지시하고 위안화 절하 투자 중 국내 메르스 첫 환자를 확인해 사스 자료 인수까지 결정한다.","환자 수가 적어 치료제는 적자이고 특수시설 비용이 크다.","정부가 정보 은닉 중이라 태우의 선제 대응이 사회공헌으로 보일 기회가 된다.","비만치료제 잭팟이 코로나계열 연구 재원과 명분으로 전환된다.","생존·기술","수익 기대를 곧 감염병 준비비로 환류한다.","정부와 메르스 병상·치료 협상을 해야 한다.","유고빈 개발","메르스 치료·mRNA 기반","S2-A30","high"
406,"406","좋은 오해 (1)",71096,71268,"메르스 환자 1명·의심 5명인데 정부는 공개를 미룬다.","정권이 태우 충성을 오해하게 하며 방역 인프라를 선점한다.","태우병원에 음압실·의료진·데이터 체계를 만든다.","R&D센터를 비우고 음압실 20곳·이동식 병실을 자비로 설치해 정부의 메르스 전담 요청을 받는다.","수백억 원 비용과 의료진 차출 반발이 있다.","정부가 대학병원 인력을 강제 파견해 감염자·시설 준비가 끝난다.","태우는 국가 방역 중심과 코로나 연구현장을 동시에 얻는다.","정치·생존·기술","재단 갈등이 충성 오해로 뒤집힌다.","천민정에게 모든 치료정보 수집시스템을 맡긴다.","메르스 첫 환자","방역 데이터·치료제","S2-A31","high"
407,"407","좋은 오해 (2)",71269,71428,"천민정이 메르스 데이터를 AI로 수집하는 시스템을 만든다.","방역정보와 중국 공매도 협상을 장기 산업자산으로 바꾼다.","치료데이터와 해운 저가계약을 확보한다.","24시간 알고리즘을 가동하고 중국 리강을 통해 제리 왕을 만나 공매도 중단 대가를 기다린다.","중국 증발액이 경 단위이고 공매도 개입을 숨기기 어렵다.","제리 왕이 주도권을 잃고 자신의 용선료 카드를 스스로 찾기 시작한다.","태우는 팬데믹 데이터와 현진해운 원가개선 수단을 함께 잡는다.","정보·돈·사업","병원시스템에서 중국 식탁협상으로 판을 넓힌다.","제리 왕이 10배 용선료를 얼마나 낮출지 남는다.","메르스 데이터망","중국 공매도 중단·용선료","S2-A31","high"
408,"408","좋은 오해 (3)",71429,71612,"제리 왕이 한국 해운사 용선료를 협상카드로 낸다.","중국을 돕는 척 현진해운 비용구조를 고친다.","용선료 50% 인하와 공매도 통제권을 교환한다.","10% 제안을 거절해 절반 인하를 받아내고 귀국 후 독단 중단 금융사를 처벌하며 위안화 절하 수익을 이어간다.","중국 정부가 평가절하를 지속하고 타워 금융사가 이탈할 수 있다.","센트리언이 메르스 치료제 1차 임상에 성공한다.","해운 생존비용과 감염병 기술이 동시에 큰 전환점을 맞는다.","사업·생존·돈","100조 공매도보다 치료제 성공을 더 크게 반긴다.","김민재가 센트리언으로 달려간다.","용선료 협상","메르스 승인·공매도 청산","S2-A31","high"
409,"409","좋은 오해 (4)",71613,71796,"센트리언이 사스 자료를 바탕으로 메르스 1차 임상에 성공한다.","국내 긴급승인을 FDA·유고빈 승인으로 연쇄시킨다.","메르스와 당뇨병 치료제를 세계시장에 올린다.","식약처 비난 압력을 이용해 한국 최초 긴급사용승인을 받고 FDA 실사 때 두 치료제를 함께 보여준다.","식약처·FDA 절차와 김장우의 비만치료 인식 거부가 있다.","메르스 치료제가 즉시 출시되고 FDA도 연내 승인을 검토한다.","센트리언은 한국 방역회사에서 글로벌 신약회사로 도약한다.","기술·지위","규제 압력이 오히려 승인 가속기가 된다.","FDA 현장실사와 당뇨약 결과가 남는다.","메르스 1차 임상","FDA 메르스·유고빈 승인","S2-A31","high"
410,"410","좋은 오해 (5)",71797,71965,"메르스 치료제가 판매되고 FDA 승인도 임박한다.","센트리언 저평가를 견디며 다음 세계정치 위기를 먹는다.","유고빈 승인까지 기다리고 브렉시트 포지션을 설계한다.","악성 애널리스트 리포트에 무대응하고 로보의 권리주장을 대비하며 영국 과반정권·국민투표 통과를 예측한다.","환자 수가 적어 메르스 매출이 낮고 센트리언 주가가 하락한다.","치료제 실효는 확인되고 브렉시트가 새 군자금 기회로 확정된다.","태우는 단기 주가 대신 팬데믹 기술·거시수익을 선택한다.","돈·기술·정치","기다림을 다음 위기 준비로 채운다.","2~3월 브렉시트 작전 공개가 예정된다.","메르스 출시","유고빈·브렉시트","S2-A31","high"
411,"411","격변의 서막 (1)",71966,72141,"한국 총선은 양당분열로 3자 혼전이다.","산업투자로 수도권·영남·호남을 묶어 대권 기반을 만든다.","국민경제당 과반과 최재석 대선구도를 만든다.","서울 30% 지지를 계산하고 호남 공략용 새만금·군산 조선소에 10억 달러를 배치한다.","기업자금의 정치목적 의혹과 현재중공업 장명준 설득이 필요하다.","10억 달러가 말 한마디로 집행될 태우의 규모가 선거판을 바꿀 카드가 된다.","국민경제당이 지역당 한계를 넘을 산업공약을 얻는다.","정치·사업","정치자금이 아니라 실물 지역투자로 표심을 움직인다.","장명준이 군산 수주와 탈당을 받아들일지 남는다.","서울 지지상승","군산·새만금 10억 달러","S2-A32","high"
412,"412","격변의 서막 (2)",72142,72298,"장명준은 군산 조선소 폐쇄로 정치위기에 놓인다.","수주와 지역회생을 국민경제당 영입으로 바꾼다.","호남 지지율을 10% 높일 상징인물을 얻는다.","태우 선박 5억 달러를 일시불 발주하고 새만금에도 5억 달러·타기업 합계 20억 달러를 약속한다.","여당 탈당은 장명준 정치생명을 끝낼 수 있다.","그가 시위대에 사과하고 최재석 공로를 공개해 민심을 돌린다.","국민경제당이 호남 산업구제 세력으로 재평가된다.","정치·사업","실업 시위가 일시불 수주 발표로 반전된다.","새만금 투자와 총선영입 효과가 이어진다.","군산 폐쇄위기","장명준 영입·새만금 20억 달러","S2-A32","high"
413,"413","격변의 서막 (3)",72299,72490,"트럼프가 예고 없이 한국을 찾아 대선불안을 털어놓는다.","미래 미국 우군과 국내 정보전을 동시에 강화한다.","트럼프 자신감을 살리고 총선 여론주도권을 얻는다.","당선 가능성을 재확인하고 강 대위·천민정의 범죄정보망으로 가짜뉴스 없이 양당 악행을 과대포장한다.","트럼프 변덕과 비밀 정치개입 노출 위험이 있다.","트럼프가 김민재 말을 무게 있게 받아들이고 북한 정보전 인력이 작전에 붙는다.","미국 대선·한국 총선 두 여론전이 태우 우군 쪽으로 정렬된다.","정치·정보","개인 격려와 시스템 여론전이 한 축으로 묶인다.","사드 보복·빈 살만 숙청이 다가온다.","트럼프 후원","한한령·총선 정보전","S2-A32","high"
414,"414","격변의 서막 (4)",72491,72663,"유고빈 FDA 승인이 임박하고 빈 살만이 한국에 온다.","바이오 수확과 사우디 왕위변동을 동시에 확정한다.","유고빈 공장을 늘리고 빈 살만을 왕세자로 올린다.","삼진바이오의 공장 지원을 받고 빈 살만에게 1월 나예프 축출·부패자산 환수 계획을 최종 브리핑한다.","숙청에는 반란·암살 위험이 있고 신약 생산량도 부족하다.","왕실 자금난이 숙청 명분을 강화하고 빈 살만은 실행 의지를 되찾는다.","태우는 글로벌 신약 생산동맹과 사우디 차기권력을 확보한다.","관계·기술·정치","친구로 보내는 마지막 밤이 권력변화의 감정값을 준다.","FDA 승인과 숙청 실행이 남는다.","유고빈 심사","빈 살만 숙청·공장증설","S2-A32","high"
415,"415","격변의 서막 (5)",72664,72834,"유고빈이 FDA 승인을 받고 센트리언 주가가 10% 오른다.","신약·중국폭락 수확을 자율주행 실험으로 재투자한다.","렌터카·화물차에 원격조종·자율주행을 적용한다.","중국 서킷브레이커를 점검하며 사장단회의에서 범캣 AI·자동차 데이터를 렌터카와 협업시킨다.","유고빈 입소문에는 1년이 필요하고 자율주행 안전데이터가 부족하다.","25만 대 렌터카와 미국 화물망이 실험대상이 된다.","바이오 잭팟이 이동기술의 다음 수확 씨앗으로 이어진다.","기술·돈","FDA 보상 뒤 새 제품실험을 즉시 연다.","2016 중국 대폭락과 실차 실험이 시작된다.","유고빈 FDA","중국 서킷·자율주행","S2-A32","high"
416,"416","수확의 시간 (1)",72835,73014,"2016년 강 대위 렌터카 25만 대에 원격기술을 붙인다.","대규모 실차데이터와 중국 공매도 수익을 동시에 수확한다.","자율주행 정보를 모으며 중국 광기를 더 공격한다.","미국 화물사까지 협업을 확대하고 중국 개장 한 시간 7%·700조 원 증발에도 주말까지 청산을 미룬다.","원격조종 사고와 늦은 숏커버 위험이 있다.","중국이 한 시간 만에 장을 닫아 공매도 수익이 폭발한다.","태우는 미래 이동기술 데이터와 국가급 군자금을 얻는다.","기술·돈","25만 대 규모와 700조 증발이 이중 스케일 보상이다.","이틀 뒤 두 번째 서킷브레이커가 기다린다.","자율주행 실험망","중국 2차 폭락·수익청산","S2-A33","high"
417,"417","수확의 시간 (2)",73015,73175,"중국은 이틀 숨고르기 뒤 10분 만에 다시 5.5% 폭락한다.","최대 1천조 수익을 새 국가산업에 투자한다.","청산을 준비하며 새만금 산업단지를 연다.","태우·핀테크 예상수익 400조를 확인하고 고위층 로비를 유지하며 200조 중 100조를 새 먹거리에 쓰겠다고 한다.","경 단위 청산은 오래 걸리고 새만금 화학단지에 시민단체가 반발한다.","지역주민이 외부단체와 직접 합의하지 않으면 철수한다는 협상구조가 선다.","금융 수확이 지역 산업·정치 대전환 자금으로 바뀐다.","돈·정치·사업","폭락 숫자 뒤 지역갈등이라는 현실비용을 붙인다.","현진·현재 해운 빅딜과 주민합의가 남는다.","중국 2차 폭락","새만금 산업·해운 빅딜","S2-A33","high"
418,"418","수확의 시간 (3)",73176,73359,"태우가 숏커버해도 중국 증시는 계속 떨어진다.","수익 청산과 한국 해운·항만 구조를 결합한다.","현진해운·현재상선과 부산신항을 확보한다.","전세계 매도세를 이용해 청산하고 두 해운사 채권단 차이를 분석해 최재석에게 부산항 공약을 제시한다.","해운사는 대마불사를 믿고 인수비용도 크다.","최재석 측이 해운·항구 정책을 국민경제당 공약으로 만들기로 한다.","태우의 성장동력이 금융수익에서 세계물류 주권으로 이동한다.","돈·사업·정치","중국 수확이 한국 구조조정 기회로 환류된다.","삼진 승계와 ASML 지분 거래가 이어진다.","중국 수익청산","해운사·부산항 인수","S2-A33","high"
419,"419","수확의 시간 (4)",73360,73524,"삼진바이오·물산 합병으로 오용재 승계가 끝난다.","도운 라이벌에게 상속세 대신 핵심 반도체 지분을 받는다.","ASML 1.6%와 장비 우선권을 확보한다.","오용재 상속세 자금지원을 약속하는 대신 매각 예정 ASML 지분을 현재가로 넘겨받는다.","상속세 규모가 크고 삼진과 태우는 국내 경쟁자다.","오용재가 은혜를 갚아 ASML 지분·장비 우선권을 제공한다.","삼진 구제복선이 세계 반도체 공급망 우위로 결산된다.","기술·관계·돈","라이벌 협력이 독점장비 권리라는 실물보상이 된다.","최재석과 해운·PF 정책을 확정한다.","삼진 후계승계","ASML 우선권·해운정책","S2-A33","high"
420,"420","수확의 시간 (5)",73525,73689,"유고빈 체중감량 입소문이 광고 전부터 터진다.","바이오·해운·부동산 세 수확을 총선 산업정책으로 묶는다.","새만금·부산신항·PF 50조 원을 집행한다.","최재석과 화학단지 안전·해운빅딜을 합의하고 수도권·광역시 PF에 30조 원을 태우·금융타워가 투자한다.","환경단체 반발과 부동산·정치 결탁 비판이 있다.","금융사들이 하루 만에 30조 이상을 채울 자금구조가 완성된다.","국민경제당 과반과 태우 산업기반이 같은 투자로 강화된다.","정치·사업·돈","50조 수치가 총선판을 압도하는 결산이다.","최재석이 세 정책을 공식 발표한다.","유고빈 초기입소문","총선 50조 정책·PF 미끼","S2-A33","high"
421,"421","미끼 상품 (1)",73690,73855,"최재석이 새만금·부산신항·PF 50조 정책을 발표한다.","정치적 관심을 건설·해운 빅딜 미끼로 사용한다.","민간 기업들이 PF와 공사를 먼저 요구하게 만든다.","태우건설이 일단 수주한 뒤 타건설사에 나눌 구조를 숨기고 채권단 해운빅딜은 총선까지 기다린다.","정부는 민간빅딜을 지연시키고 태우 독점 비판이 생길 수 있다.","국민경제당 정책이 검색 1위를 장악하고 건설사들이 태우 미끼에 몰릴 판이 선다.","총선 산업투자가 기업동맹 모집 플랫폼으로 변한다.","정치·사업","발표 보상이 곧 미끼의 실제 작동으로 넘어간다.","총선 후 탄핵 정국과 해운인수를 기다린다.","50조 정책 기획","건설사 컨소시엄·해운빅딜","S2-A34","high"
422,"422","미끼 상품 (2)",73856,74020,"한 부회장이 청와대 압박에도 PF를 늦추는 동안 총선 투표일과 유고빈 증산이 함께 다가온다.","정책 미끼가 표와 고수익 신약 주문으로 실제 반응하는 모습을 보여 준다.","국민경제당 승리와 해운 인수를 동시에 준비한다.","정부의 태우 압박을 버티며 현재·현진 측에 채권단 정보를 흘리고 미국이 유고빈 전량을 소화하도록 생산량을 늘린다.","정부가 민간 PF를 견제하고 총선 출구조사도 승리를 단정하지 못한다.","유고빈은 증산할수록 영업이익률이 30%에서 45%로 오르는 현금창출원이 된다.","정책 지지와 바이오 수익이라는 두 미끼가 모두 실적을 낸다.","정치·돈·사업","총선 직전까지 눌러 둔 전략이 투표 결과만 남긴다.","총선 당일 높은 투표율 속에 출구조사가 시작된다.","유고빈 대량주문 가능성","국민경제당 총선결과·해운 인수정보전","S2-A34","high"
423,"423","미끼 상품 (3)",74021,74192,"총선 개표에서 국민경제당이 양대 정당에 맞먹는 대승을 거둔다.","산업정책이 실제 의석과 협상력으로 환산되는 정치 보상을 준다.","승리 직후 현재해운 지분과 건설사까지 인수판에 끌어들인다.","최재석에게 긴장을 늦추지 말라고 한 뒤 장명준에게 군산 지원의 대가로 현재가 보유 지분과 건설계열 연결을 요구한다.","선거는 끝났어도 대통령·기존 여당과 해운 채권단의 저항이 남아 있다.","장명준이 과거 도움을 갚겠다며 현재가 설득과 지분 매각에 협력한다.","국민경제당의 표가 재벌가·해운사 협상을 움직이는 권력으로 변한다.","정치·관계·사업","총선 대승과 장명준의 상환 약속이 동시에 지급된다.","현재가 건설사들이 PF 미끼를 물도록 설계한다.","국민경제당 총선승리","현재가 지분매각·건설사 PF 참여","S2-A34","high"
424,"424","미끼 상품 (4)",74193,74368,"장명준을 통해 현재가 건설사를 PF에 끌어들일 길이 열린다.","정부의 보복을 역으로 정권 붕괴 재료로 바꾸는 반격을 약속한다.","태우 전 계열사 세무조사를 멈추고 청와대 비선 문제를 공개한다.","산업은행장 이명걸과 자연스러운 접촉을 만든 뒤 국세청 라인을 보호하려 범서북파 자료를 강대위와 명동을 통해 언론에 흘린다.","청와대가 PF·해운 지시에 불복한 태우를 전면 세무조사하려 한다.","보복성 세무조사라는 압박이 오히려 청와대 불법 권력의 증거를 폭로할 명분이 된다.","기업 방어전이 대통령 책임을 묻는 정국 전환으로 확대된다.","정치·정보·관계","국세청 조직을 소모하지 않고 언론이라는 우회로를 확보한다.","케이블 방송이 범서북파 자료를 받아 대대적으로 보도한다.","현재가 PF 유인 경로","범서북파 폭로·정권퇴진","S2-A34","high"
425,"425","미끼 상품 (5)",74369,74533,"범서북파 폭로가 케이블 뉴스의 추가 취재와 공무원 이탈을 부른다.","세무조사 위기를 대통령 퇴진과 조기대선 기회로 결산한다.","탄핵보다 빠른 자진 하야를 대통령에게 선택시키려 한다.","국민경제당이 보복성 세무조사를 공개 비판하게 하고 최재석과 60일 이내 조기대선 시나리오를 계산한다.","대통령은 사과로 버티거나 장기 탄핵 절차를 택할 수 있다.","정권의 불법 조직과 지지율 추락이 자진 사퇴 요구를 현실적 선택으로 만든다.","총선 승리 국면이 곧 대통령 교체 국면으로 넘어간다.","정치·지위","폭로가 추상적 비판이 아니라 조기대선 시간표를 만든다.","최재석이 자진 하야안을 들고 청와대로 향한다.","총선 미끼작전","대통령 하야·60일 조기대선","S2-A34","high"
426,"426","역대급 (1)",74534,74703,"대통령 사과에도 지지율이 18%로 추락하고 여당 의원 30명이 이탈한다.","현직 대통령을 스스로 물러나게 하는 역대급 정치 전환을 지급한다.","최재석이 청와대 독대에서 자진 사퇴를 확정한다.","탄핵은 국정 공백만 길어진다고 압박하고 동시에 6월 23일 브렉시트 국민투표 투자 준비를 유지한다.","대통령은 불명예스러운 하야보다 탄핵 심판을 원한다.","대통령이 긴급 담화에서 모든 책임을 지고 물러나겠다고 선언한다.","김민재가 만든 정국 압력이 헌정사상 첫 자진 하야를 낳는다.","정치·지위","청와대 독대의 요구가 전국 생중계 사퇴 선언으로 결산된다.","60일 안에 대통령을 뽑는 초단기 대선이 열린다.","범서북파 폭로·하야 압박","조기대선·브렉시트 거래","S2-A35","high"
427,"427","역대급 (2)",74704,74857,"헌정사상 첫 대통령 자진 사퇴로 60일 조기대선이 확정된다.","정치 심판을 대형 산업 비전으로 덮어 최재석의 집권 명분을 만든다.","700조 원 반도체 도시를 최재석의 1호 공약으로 세운다.","정부는 인허가와 기반공사를 맡고 태우가 투자·기업 유치를 담당하는 구도를 최재석에게 제안한다.","어두운 탄핵 프레임과 짧은 선거기간 때문에 긍정 의제를 확산할 시간이 부족하다.","최재석이 700조 반도체 도시 공약을 즉시 받아들인다.","김민재의 기업 구상이 국가 대선의 핵심 성장서사로 승격된다.","정치·사업·지위","조기대선 위기가 압도적 규모의 미래 공약으로 전환된다.","공약을 뒷받침할 토지·자금·고용 실물을 준비한다.","대통령 자진 하야","700조 반도체 도시 공약","S2-A35","high"
428,"428","역대급 (3)",74858,75029,"명동이 반도체 도시 예정지 100만 평 이상을 평당 30만 원에 선매입해 두었다.","토지정보와 금융지원이 10조 원 재투자와 전국 고용으로 불어나는 보상을 보여 준다.","반도체 도시 1구역의 땅과 공사인력을 선점한다.","토지공사 매각으로 받은 6조 지원금과 4조 보상금을 다시 부지에 투입하고 태우건설이 평생 유지보수 일자리와 용접공·일용직 대규모 채용을 설계하게 한다.","700조 계획은 토지 수용·숙련인력 부족과 막대한 선투자를 감당해야 한다.","명동 자금 10조가 부지 재매입으로 돌아가고 고임금 장기 일자리가 전국 인력을 끌어들인다.","선거 공약이 토지·고용·공사 계약을 가진 실행사업으로 변한다.","돈·사업·고용","선취한 땅이 차익뿐 아니라 다음 구역의 투자원금이 된다.","최재석이 700조 공약을 전국에 발표한다.","반도체 도시 선매입","1구역 착공·전국 건설인력 유입","S2-A35","high"
429,"429","역대급 (4)",75030,75208,"최재석의 700조 반도체 도시 발표가 전국 여론과 경기권 땅값을 뒤흔든다.","대선 흥행 뒤 곧바로 부실 해운사를 싼값에 묶는 인수 보상을 예고한다.","현재상선·현진해운의 손실을 채권단과 오너가에 분담시킨다.","채권단 회의에서 합산 약 8조 원 적자와 현진가 무상감자·사재출연을 근거로 대규모 채무조정을 요구한다.","채권단은 세금 손실을 꺼리고 오너가는 경영권과 자산을 내놓아야 한다.","정치권을 장악한 투자 발표가 채권단에게 청산보다 통합 매각이 낫다는 압력으로 작동한다.","반도체 도시의 정치자본이 해운 구조조정 협상력으로 전환된다.","정치·사업·돈","700조 발표의 열기가 곧 8조 적자 정리 협상으로 이어진다.","채권단이 제시한 10% 탕감보다 두 배 큰 손실분담을 밀어붙인다.","700조 공약 공개","해운 채무조정·통합 인수","S2-A35","high"
430,"430","역대급 (5)",75209,75383,"채권단은 8천억 원 탕감만 제시하지만 김민재는 1조6천억 원을 요구한다.","부실 두 회사를 세계급 물류 계열사로 바꾸는 실물 결산을 준다.","채무·용선료를 낮춘 현재상선과 현진해운을 함께 인수한다.","청산 시 회수액이 더 줄어든다는 계산과 이미 확보한 용선료 50% 인하안을 들이밀어 채권단의 두 배 탕감을 받아낸다.","통합 후에도 막대한 적자와 해운 카르텔의 견제를 감수해야 한다.","1조6천억 원 채무 감면과 용선료 절반 인하가 확정되고 태우무역이 핵심 물류축으로 올라선다.","선거용 해운빅딜이 태우의 장기 글로벌 유통망으로 결산된다.","사업·돈·지위","기다린 대가가 부채·원가를 동시에 낮춘 통합 해운사로 지급된다.","대한타이어 주성재 회장이 승계 문제로 면담을 청한다.","현재·현진 해운 인수","대한타이어 승계·해운 카르텔 대응","S2-A35","high"
431,"431","왕자의 난 (1)",75384,75552,"주성재가 대한타이어 승계를 부탁하고 사우디에서는 왕족 숙청이 시작된다.","국내 승계 지원과 중동 권력동맹을 한 축으로 묶는 관계 보상을 약속한다.","대한타이어 후계구도를 돕고 빈 살만의 권력 장악에 협력한다.","태우 자동차계열이 전기차 타이어 개발 명목으로 2조 원 이상 투자하게 하고 사우디 숙청 대상 정보를 빈 살만에게 제공한다.","승계 개입은 재벌 간 이해충돌을 낳고 사우디 왕자의 난은 실패 시 외교관계까지 위험하다.","투자를 통한 간접 승계지원과 2천 계좌 동결·왕족 200명 구금이 동시에 진행된다.","김민재의 동맹망이 국내 재벌에서 사우디 차기 권력까지 확대된다.","관계·정치·돈","전기차 투자와 숙청 정보가 두 후계자의 권력기반을 만든다.","칼리드 왕자가 체포되어 숨긴 재산을 추궁받는다.","대한타이어 승계 요청","빈 살만 왕권확립·사우디 자산회수","S2-A36","high"
432,"432","왕자의 난 (2)",75553,75753,"붙잡힌 칼리드 왕자가 20억 달러만 내놓으려 하지만 실제 재산은 110억 달러로 파악된다.","미래 사우디 실권자를 확정하고 거대한 석유·투자 동맹을 선점한다.","빈 살만이 왕실자금을 회수해 절대권력을 잡도록 돕는다.","제공한 자산정보로 왕족들의 은닉재산을 끝까지 추궁하게 하고 사우디 석유기업 매각 가능성과 코로나기 저유가를 연결해 본다.","왕족 반발과 국제 비판 속에서 숙청이 실패하면 김민재도 적이 된다.","사우디가 500억 달러 이상을 회수하고 빈 살만이 차기 권력자로 공인된다.","정보 지원이 세계 최대 산유국의 절대적 신뢰로 환산된다.","정치·관계·돈","왕자의 난이 빈 살만의 승리와 500억 달러 회수로 결산된다.","한국 대선과 미국 대선이라는 두 권력 교체가 남는다.","사우디 숙청 지원","사우디 석유자산·한미 대선","S2-A36","high"
433,"433","왕자의 난 (3)",75754,75944,"최재석이 15%포인트 우세와 사드 배치 공약을 지키며 대통령에 당선된다.","총선부터 하야까지 밀어온 정치투자가 대통령 동맹으로 결산된다.","새 정부와 해운·반도체 사업을 실행하고 센트리언의 차세대 기술을 확보한다.","최재석의 국익 중심 승리 연설을 지켜본 뒤 한 달 뒤 제리 왕과 용선료 재협상을 준비하고 유전자 가위 특허 자체 인수를 지시한다.","사드로 중국 보복이 예상되고 유전자 가위는 세 연구집단의 특허분쟁에 묶여 있다.","최재석 정부가 출범하고 김민재는 분쟁 당사자 모두를 사들이는 해법을 택한다.","정치권 장악이 해운·바이오의 다음 글로벌 협상으로 연결된다.","정치·기술·관계","조기대선 승리라는 대형 보상 뒤 특허전이라는 새 난제가 열린다.","버클리·브로드 등 세 유전자 가위 진영을 한꺼번에 영입한다.","최재석 대통령 당선","용선료 재협상·유전자 가위 특허전","S2-A36","high"
434,"434","왕자의 난 (4)",75945,76117,"유전자 가위 원천특허가 버클리와 브로드 등 세 진영의 소송으로 갈라져 있다.","분쟁 중인 노벨상급 기술을 돈과 연구환경으로 통째로 묶는 독식 전략을 보여 준다.","세 연구진의 특허와 인력을 센트리언으로 가져온다.","데이비드에게 각 진영 협상과 로비를 맡기고 무제한 연구비·한국 연구소를 제시하는 한편 노보의 유고빈 지분소송에는 AI 기술절도 맞소송을 준비한다.","미국·덴마크 소송과 연구진 간 감정대립 때문에 단일 합의가 어렵다.","방어해야 할 소송이 오히려 노보의 약점과 세계급 연구진 영입 명분을 제공한다.","유고빈 분쟁이 센트리언의 차세대 플랫폼 확보전으로 확대된다.","기술·법률·사업","수동 방어가 아닌 특허·사람 전체 인수라는 해법이 제시된다.","브렉시트 개표에서 탈퇴가 확정된다.","유전자 가위 인수방향","브렉시트 수익·노보 맞소송","S2-A36","high"
435,"435","왕자의 난 (5)",76118,76286,"영국의 브렉시트 찬성이 과거대로 확정되어 금융타워의 통화 포지션이 열린다.","회귀정보가 정치·환율·사우디 동맹에서 연쇄 수확되는 결산을 준다.","브렉시트 수익을 거두고 미중 무역전쟁 대비를 시작한다.","영국 성장률 하락폭을 재계산해 통화 거래를 집행하고 빈 살만의 왕세자 등극 축하전화를 받으며 향후 1년 이상 미중 분쟁 포지션을 준비한다.","영국 경제 충격의 크기는 달라질 수 있고 미국 대선 결과도 아직 확정되지 않았다.","조지의 모델이 다시 맞아떨어지고 빈 살만이 절대적 신뢰를 확인한다.","권력교체 세 건이 금융·외교 자산으로 결산되고 다음 세계분쟁으로 넘어간다.","돈·정치·관계","브렉시트 수익과 사우디 최상위 동맹이라는 이중 보상이 지급된다.","제리 왕이 스무 명의 선주를 이끌고 용선료 인하를 뒤집으러 온다.","브렉시트·사우디 왕자의 난","용선료 재협상·미중 무역전쟁","S2-A36","high"
436,"436","재협상 (1)",76287,76460,"제리 왕과 스무 선주가 기존 용선료 할인 합의를 취소하려 한국에 온다.","상대의 담합을 선박 보유량으로 뒤집는 협상 쾌감을 약속한다.","기존 계약을 70% 낮추고 5년 장기계약까지 유리하게 묶는다.","5년치 선납을 제시한 뒤 태우가 이미 60만 TEU 자가선복을 갖췄다고 공개해 계약 파기 시 직접 운항하겠다고 압박한다.","선주들은 50% 인하만 받아들이며 공동전선을 유지하려 한다.","빌린 선복과 맞먹는 자가선박 60만 TEU가 드러나면서 협상 우위가 태우로 넘어간다.","부실 해운 인수의 약점이 선주들을 경쟁시키는 구매력으로 바뀐다.","사업·돈·지위","숨겨 둔 선박이 선주 카르텔의 재협상 요구를 꺾는다.","선주들이 갈라져 당일 개별 계약을 검토한다.","선박 저가매집","용선계약 확정·해운동맹 가입","S2-A37","high"
437,"437","재협상 (2)",76461,76628,"통합 태우해운의 선복량은 110만 TEU이고 자가선박만으로도 빌린 규모와 맞먹는다.","부실 인수의 고정비를 반으로 줄이고 세계 해운판 진입권을 얻는다.","선주별 계약을 마감하고 2M 해운동맹 진입경로를 찾는다.","기존 용선료 50% 인하와 추가 5년 계약·미납금 선납을 묶어 당일 서명시키고 제리 왕에게 동맹 재편 정보를 받는다.","머스크가 현재상선만 원하고 현진해운을 배제해 태우 통합안을 받아들이지 않는다.","선주들은 갈라져 같은 날 서명하지만 2M의 현진 배제 의도가 새 장애로 드러난다.","원가구조는 정상화되고 경쟁축은 선주에서 글로벌 동맹으로 이동한다.","사업·돈·정보","용선료 절반이라는 확정 보상 뒤 카르텔 배제라는 더 큰 벽이 선다.","태우는 미국 정치력을 이용해 해운동맹 질서를 깨기로 한다.","용선료 재협상","2M 배제·미국 해운동맹 공략","S2-A37","high"
438,"438","재협상 (3)",76629,76807,"노보가 미국과 덴마크에서 유고빈 지분소송을 동시에 제기한다.","상대의 법정공세를 기술절도 증거로 맞받아치는 기업전 보상을 준다.","노보 소송을 철회시키고 센트리언 지분을 지킨다.","과거 협업 중 노보가 AI 신약기술을 빼간 기록을 증거로 미국 대형 로펌의 맞소송을 제기하고 태우해운의 2M 가입도 병행한다.","다국가 소송비와 평판 손실이 크고 해운동맹도 통합사를 배척한다.","AI 기술절도 증거 때문에 노보 경영진이 오히려 패소와 배상 위험에 몰린다.","수세였던 바이오·해운 양쪽에서 상대 카르텔의 약점을 공격하기 시작한다.","법률·기술·사업","확실한 증거와 자금력으로 노보가 협상을 청할 처지가 된다.","노보의 러스가 직접 한국으로 날아온다.","유고빈 지분 방어","노보 합의·2M 가입","S2-A37","high"
439,"439","재협상 (4)",76808,76961,"노보 대표 러스가 맞소송을 멈추기 위해 김민재를 찾아온다.","소송을 건 상대에게 지분 없이 후퇴를 받아내는 우위 보상을 약속한다.","유고빈 권리를 내주지 않고 양측 소송만 끝낸다.","AI 절도 증거와 장기전 비용을 들이밀며 지분 요구를 거절하고 상호 무조건 취하 외에는 받지 않겠다고 버틴다.","노보는 유고빈 성공에 기여했다는 명분과 글로벌 제약 네트워크를 협상 카드로 쓴다.","러스가 지분협상 대신 소송 동시취하를 받아들일 수밖에 없는 구도로 몰린다.","센트리언이 노보와의 종속적 관계를 끊고 독자 권리를 지킨다.","법률·관계·사업","맞소송 카드가 유고빈 지분 전량 보존이라는 실리를 만든다.","합의 직후 세계 4위 태우해운의 동맹 배제 문제를 푼다.","노보 맞소송","상호 소취하·해운 카르텔 붕괴","S2-A37","high"
440,"440","재협상 (5)",76962,77140,"노보와 상호 무조건 소송 취하가 확정되고 태우해운은 280만 TEU로 세계 4위에 오른다.","바이오 분쟁을 닫고 국가를 동원해 해운 카르텔을 깨는 더 큰 판을 연다.","미국 해운사와 새 동맹을 만들고 태우가 주도권을 잡는다.","2M 가입비 50억 달러 대신 그 돈을 미국 항만·해운에 투자하겠다고 정하고 데이비드에게 트럼프 캠프와 미국 해운사 포섭을 맡긴다.","2M 두 회사는 800만 TEU가 넘고 기존 동맹들은 배신자에게 보복할 수 있다.","미국 우선주의와 50억 달러 투자 약속이 카르텔을 상대할 국가급 망치가 된다.","태우해운의 규모가 독립적인 글로벌 동맹 설계력으로 승격된다.","사업·정치·돈","노보 분쟁 종결과 세계 4위 선복량이 한 화에 확정된다.","데이비드는 유전자 가위 연구진까지 센트리언 방문으로 유도한다.","노보 상호 소취하·해운 통합","미국 주도 해운동맹·유전자 가위 영입","S2-A37","high"
441,"441","규제 활용 (1)",77141,77310,"제주 코코아 렌터카의 원격 반납 모델이 자율주행 이전 단계로 자리 잡는다.","낡은 규제와 연구경쟁을 모두 선점자 자산으로 바꾸는 보상을 예고한다.","전국 주차장을 확보하고 유전자 가위 연구진에게 센트리언 역량을 증명한다.","원격 이동 가능한 거점 주차장을 매입하게 하고 버클리·브로드 팀을 따로 초청해 mRNA와 돌연변이 연구시설을 여섯 시간 넘게 보여 준다.","완전자율주행은 허가 전이고 양측 과학자들은 특허소송으로 서로를 불신한다.","예정된 투어를 넘긴 연구진이 센트리언 기술에 빠져 질문을 멈추지 않는다.","렌터카 실험과 바이오 시설이 각각 시장·인재 선점 플랫폼이 된다.","기술·사업·자산","규제 대기시간이 주차장과 연구진 관심이라는 선취 보상으로 돌아온다.","서로 원수인 두 연구팀을 한 회의실에 마주 앉힌다.","코코아 원격반납 실증","전국 주차장·유전자 가위 공동영입","S2-A38","high"
442,"442","규제 활용 (2)",77311,77484,"김민재가 버클리와 브로드 연구진을 의도적으로 한자리에 모은다.","특허전쟁 자체를 끝내고 권리·인력 전부를 가져오는 독식 보상을 준다.","양 진영이 소송을 접고 센트리언 공동 연구센터에 들어오게 한다.","두 배 연봉·무제한 연구비·IIT 교수직을 제시하며 모든 유전자 가위 권리를 센트리언·태우와 공유하는 합의를 끌어낸다.","오랜 감정싸움과 대학별 권리관계 때문에 단순 채용으로는 묶기 어렵다.","두 팀이 같은 달 한국 연구센터를 열고 특허를 공동 사용하기로 합의한다.","센트리언이 mRNA에 이어 유전자 가위 플랫폼까지 확보한다.","기술·인재·권리","분쟁 중이던 노벨상급 연구진과 특허가 하나의 센터로 결산된다.","국내 유전자 가위 과학자 김진우를 창업 전에 영입한다.","해외 유전자 가위 영입","김진우 구제·국내 연구팀 확보","S2-A38","high"
443,"443","규제 활용 (3)",77485,77653,"김진우는 외주 연구비 때문에 횡령 누명을 쓰고 연구실 전체가 흔들린다.","억울한 과학자와 팀을 통째로 구해 충성도 높은 원천기술 인재를 얻는다.","김진우의 법적 문제를 해결하고 연구원 전원을 센트리언에 묶는다.","최정예 변호인단과 최고 수준 보수·연구비를 약속하고 핵심 연구진이 빠져나가지 못하도록 일괄 영입한다.","형사 혐의와 대학 조직의 압박 때문에 개인 제안만으로는 팀이 유지되지 않는다.","김진우가 태우를 적이 아닌 확실한 편으로 받아들이고 팀 전체가 합류한다.","기술 인수는 특허 계약을 넘어 개인적 은혜와 충성관계로 굳어진다.","기술·관계·법률","누명 구제와 연구팀 보존이 동시에 지급된다.","미국 대선에서 태우의 해운·러스트벨트 투자가 후보 모두의 카드가 된다.","김진우 연구팀 위기","미국 대선·해운규제 완화","S2-A38","high"
444,"444","규제 활용 (4)",77654,77841,"2016년 미국 대선에서 언론은 민주당 승률을 90% 이상으로 본다.","회귀정보로 역배당 수익과 차기 대통령의 직접 부채를 함께 얻는다.","트럼프 승리에 3천억 원을 걸고 해운 규제개편 약속을 현실화한다.","러스트벨트와 경합주 결과를 따라 포지션을 유지하고 50억 달러 미국 투자계획을 트럼프 캠프에 연결한다.","여론조사와 언론 전망이 압도적으로 반대이며 결과가 바뀌면 투자·로비가 모두 흔들린다.","트럼프가 핵심 주를 뒤집어 당선되고 승리 직후 김민재에게 먼저 전화한다.","금융 베팅이 미국 대통령과의 직통관계로 격상된다.","돈·정치·관계","역배당 수익보다 큰 보상으로 차기 대통령의 감사와 규제 청구권을 얻는다.","김민재가 그 감사로 해운 카르텔 규제를 요구한다.","미국 대선 포지션","트럼프 정부·해운규제","S2-A38","high"
445,"445","규제 활용 (5)",77842,78035,"트럼프 당선 뒤 태우는 미국 해운사와 항만에 50억 달러를 투자하기로 한다.","미국 규제 활용과 중국 기술침투 적발을 한 번에 보여 주는 정보전 보상을 준다.","새 해운동맹 기반을 만들고 태우반도체 내부 스파이를 특정한다.","미국 투자약속을 공식화한 뒤 리강·칭화 회장의 반도체 기술매각 요구를 거절하고 천민정의 무단접속 기록을 정영근의 칭화 연계 정보와 대조한다.","중국은 사드 보복과 시장접근을 압박수단으로 쓰고 내부 인력이 핵심자료에 접근한다.","정영근이 칭화 기획조직과 태우반도체에 동시에 걸친 산업스파이로 드러난다.","미국 동맹 강화와 동시에 중국과의 기술전선이 내부로 선명해진다.","정치·정보·기술","50억 달러 투자로 미국 우군을 사고 스파이의 실명까지 확보한다.","정영근을 잡지 않고 조작 기술을 먹여 칭화에 역공한다.","미국 해운투자 약속","정영근 역정보·미중 기술전","S2-A38","high"
446,"446","눈에는 눈 (1)",78036,78215,"정영근 가족 계좌에 칭화와 연결된 6억 원이 들어온 정황이 확인된다.","산업스파이를 체포하는 대신 더 큰 적에게 독을 먹이는 역정보 보상을 약속한다.","칭화가 조작된 반도체 기술을 훔쳐 쓰게 만든다.","천민정에게 접근 가능한 자료를 그럴듯하게 오염시키고 추가 스파이 전수조사와 연말 성과점검을 함께 지시한다.","너무 노골적인 자료는 의심받고 실제 기술망까지 오염되면 태우가 손해를 본다.","정영근의 배후·대가가 확인되어 통제 가능한 이중통로로 전환된다.","내부 침투 피해가 중국 경쟁사의 자멸을 유도하는 공격자산이 된다.","정보·기술·복수","6억 원 증거로 스파이 의혹이 확정되고 역공 설계권을 얻는다.","트럼프 취임식에서 해운 규제라는 두 번째 반격을 실행한다.","정영근 스파이 확인","칭화 독기술·미국 해운규제","S2-A39","high"
447,"447","눈에는 눈 (2)",78216,78400,"2017년 트럼프 취임 뒤 김민재가 첫 공식 면담에서 해운 문제를 꺼낸다.","50억 달러 투자로 세계 해운 카르텔을 미국 규제에 올려놓는 정치 보상을 준다.","미국 연방해사위원회가 기존 동맹을 압박하게 한다.","외국 대형 해운동맹이 미국 중소 해운사를 죽인다고 아메리카 퍼스트 논리로 설득하고 미국 투자·고용 계획을 제시한다.","기존 동맹은 합법 계약을 주장하고 태우 역시 외국 해운사라는 약점이 있다.","트럼프가 연방해사위원회 권한강화와 카르텔 조사를 즉석에서 지지한다.","태우의 사적 가입 실패가 미국 국가규제라는 공세로 뒤집힌다.","정치·사업·지위","대통령 직통관계가 실제 규제권한으로 현금화된다.","미국 해운사들이 태우에 몰리고 머스크가 면담을 요청한다.","트럼프 당선 보답","신규 해운동맹·머스크 협상","S2-A39","high"
448,"448","눈에는 눈 (3)",78401,78568,"해운 1위 머스크는 점유율 17%지만 연속 적자로 미국 투자 50억 달러를 감당하기 어렵다.","규제에 몰린 1위사에게 선박·에너지 자산을 받아 동맹 주도권을 사는 보상을 약속한다.","머스크를 태우 중심 동맹에 끌어들이고 자산을 싸게 확보한다.","미국 투자액을 대신 부담하는 조건으로 선박 다섯 척과 북해 유전 관련 자산을 요구하며 가상화폐 과열에는 금융타워의 매도·공매도를 준비한다.","머스크는 핵심자산 양도를 꺼리고 비트코인은 이미 수백만 원대로 올라 조작세력이 붙었다.","자금압박 때문에 머스크가 태우의 조건을 진지하게 검토할 수밖에 없다.","미국 규제가 해운 1위의 자산과 동맹 참여를 사는 협상력으로 바뀐다.","사업·자산·돈","세계 1위사까지 먼저 찾아오게 만든 지위 보상이 지급된다.","머스크가 태우의 선박·투자 조건에 답한다.","미국 해운규제 공세","머스크 합류·가상화폐 청산","S2-A39","high"
449,"449","눈에는 눈 (4)",78569,78738,"머스크가 선박 다섯 척과 미국 공동투자 조건을 받아들인다.","새 해운동맹과 미래 에너지자산을 동시에 확보하는 복합 수확을 준다.","머스크를 태우 동맹의 축으로 묶고 북해 유전 지분을 장기 보유한다.","미국 항만·해운에 총 70억 달러 규모로 투자하고 러시아가 파이프라인을 무기화할 미래에 대비해 북해 유전 자산을 유지한다.","당장은 유가가 낮고 대규모 투자수익이 불확실해 데이비드와 다이먼도 의문을 제기한다.","머스크 합류로 태우 주도 글로벌 해운동맹의 실체가 생기고 유럽 에너지 보험까지 확보된다.","해운·에너지 두 장기축이 미국 규제 활용으로 태우 자산이 된다.","사업·자산·관계","카르텔에 돈을 내는 대신 1위사를 동맹원과 자산공급자로 바꾼다.","애플 신사옥 준공식에서 스티브와 마지막에 가까운 만남을 갖는다.","머스크 협상","태우 해운동맹·북해 유전","S2-A39","high"
450,"450","눈에는 눈 (5)",78739,78912,"애플 신사옥 준공식에서 병든 스티브가 휠체어로 김민재를 맞는다.","초기 구원과 공동성장의 관계약속을 애플의 미래 신뢰로 결산한다.","스티브에게 애플을 지키겠다는 뜻을 전하고 다음 금융전을 준비한다.","완공된 사옥을 함께 돌며 애플을 부탁하는 스티브를 안심시키고 조지와 미중 충돌 시점·알트코인 투자 대상을 검토한다.","스티브의 건강은 회복 불가능하고 미국·중국과 가상화폐 시장의 변동이 다가온다.","스티브가 애플의 미래를 김민재에게 맡기며 오랜 동업관계가 정서적으로 결산된다.","회귀 초반의 기술동맹이 세계기업의 보호자 지위로 완성된다.","관계·감정·지위","사업 성과가 아니라 스티브의 신뢰라는 정서 보상이 중심을 차지한다.","금융타워에 비트코인보다 큰 알트코인 먹잇감을 공급한다.","스티브·애플 동맹","미중 분쟁·알트코인 투자","S2-A39","high"
451,"451","변수 창출 (1)",78913,79090,"수수료가 싼 알트코인 거래소가 핀테크의 점유율을 빼앗고 있다.","미래 천 배 상승 자산을 선점하면서 자율주행 규제에도 새 변수를 만드는 보상을 약속한다.","이더리온을 대량 확보하고 자율주행 실증구역을 넓힌다.","8달러인 이더리온을 금융타워가 매입해 시장조성자에게 빌려주고 강대위의 택시면허 100여 개를 활용해 노조 반대를 우회한다.","작은 알트코인 시장은 가격충격이 크고 자율주행 허용도로는 제한적이다.","금융타워가 이자와 시세차익을 동시에 얻는 지배적 공급자가 된다.","핀테크 방어가 차세대 코인 독점으로 바뀌고 택시면허가 기술규제 돌파구가 된다.","돈·기술·사업","8달러 매집과 대여수익이라는 즉시 보상이 열린다.","태우반도체의 다음 10년 비전을 정하는 회의가 열린다.","가상화폐 거래소 방어","이더리온 매집·자율주행 실증","S2-A40","high"
452,"452","변수 창출 (2)",79091,79276,"태우반도체는 연 30조 원 이상을 벌지만 구형 반도체는 중국 추격을 받는다.","현재 이익을 자동화 공장에 재투자해 미래 저가시장까지 막는 기술 보상을 준다.","전 계열 기술을 모은 무인 레거시 팹을 만든다.","리사가 제안한 기존 공장의 열 배 비용을 승인하고 웨이와 경쟁시키며 북한 해커가 노리는 소형 코인거래소에는 보안을 제공한다.","막대한 건설비와 불확실한 자동화 성과를 감수해야 하고 북한 공격도 계속된다.","사람 없이 돌아가는 공장 구상이 중국의 가격공세를 원천봉쇄할 카드가 된다.","반도체 독점이 첨단제품에서 구형 범용제품까지 확대된다.","기술·사업·돈","연 30조 이익이 미래 원가우위라는 재투자 보상으로 바뀐다.","북한 도발을 내부에서 흔들기 위한 살아 있는 변수를 찾는다.","반도체 초과이익","자동화 팹·북한 해커 보복","S2-A40","high"
453,"453","변수 창출 (3)",79277,79459,"최재석 대통령은 북한 미사일 도발과 성장률 8% 속 고용 불안을 함께 걱정한다.","정권교체가 외교·안보 작전의 협력권으로 확장되는 긴장 보상을 준다.","북한 체제를 흔들 수 있는 김씨 일가 장남을 살려 변수로 남긴다.","말레이시아 암살정보를 강대위에게 주고 현장팀과 VX 해독제·의료진을 준비시켜 정권교체가 아닌 협상카드 확보임을 명시한다.","해외 암살현장 개입은 외교문제와 요원 사망을 부를 수 있다.","제거 대상이던 북한 2인자가 태우가 개입할 가치가 있는 생존카드로 재정의된다.","경제성장 서사가 국가안보와 북한 내부 변수 창출로 넓어진다.","정치·정보·관계","대통령 동맹이 비밀 해외작전을 맡길 신뢰로 지급된다.","강대위가 2월 13일 말레이시아 공항에서 공격을 기다린다.","최재석 정부 출범","북한 장남 구출작전","S2-A40","high"
454,"454","변수 창출 (4)",79460,79656,"금융타워가 유가·비트코인·알트코인 포지션을 점검하는 사이 말레이시아 암살일이 온다.","역사에 죽을 인물을 현장에서 빼내 회귀정보를 살아 있는 자산으로 바꾸는 액션 보상을 준다.","강대위가 VX 공격을 막고 북한 장남을 한국 측 보호로 옮긴다.","두 여성의 공격 직후 아트로핀을 투여하고 태우 의료캠프에서 완전 처치한 뒤 신분을 숨겨 철수시킨다.","VX는 접촉만으로 치명적이고 현지 정보기관과 북한 추적을 동시에 피해야 한다.","원래 사망할 표적이 생존해 김민재만 아는 정치적 변수로 확보된다.","회귀기억이 금융예측을 넘어 생명과 한반도 권력구도를 바꾸기 시작한다.","정보·액션·정치","죽을 운명이던 인물을 실제로 살리는 가시적 성과가 지급된다.","강대위의 안전귀환과 흔적 삭제가 남는다.","말레이시아 암살예고","북한 장남 생존·구출 은폐","S2-A40","high"
455,"455","변수 창출 (5)",79657,79845,"강대위가 무사귀환하고 북한 장남 구출 흔적은 부인 가능한 수준으로 지워진다.","만든 변수를 안전하게 보관하고 중국·자율주행 전선으로 확장하는 결산을 준다.","구출 비밀을 봉인하고 칭화가 독기술을 실제 사용했는지 확인한다.","참여자 기억과 기록을 정리한 뒤 정영근 통로의 반응을 추적하고 자동번역·레벨3 자율주행을 연말 목표로 당긴다.","정보기관이 캐묻거나 칭화가 역정보를 의심하면 두 작전이 동시에 노출된다.","북한 장남이라는 비상카드를 누구도 모르게 확보한 채 중국의 반응을 기다릴 수 있게 된다.","즉석 구출전이 장기 지정학 보험으로 안정화된다.","정보·정치·기술","강대위 생존과 비밀 유지가 구출 성공을 완결한다.","숙청을 끝낸 빈 살만이 대규모 자본을 들고 방한한다.","북한 장남 구출","칭화 독기술 반응·빈 살만 방한","S2-A40","high"
456,"456","거대 자본 (1)",79846,80027,"왕권을 굳힌 빈 살만이 국빈 방한해 확대된 사우디 국부펀드를 김민재에게 맡기려 한다.","왕자의 난 지원이 1천억 달러 운용 제안으로 돌아오는 초대형 관계 보상을 준다.","사우디 자본을 직접 떠안지 않고 태우의 미래사업 우군으로 만든다.","2천억 달러 펀드 중 절반 운용 요청은 거절하되 차기 프로젝트 공동투자를 약속하고 블랙홀·MC소프트를 추천한다.","타국 국부자금 운용은 정치책임과 손실부담이 너무 크고 중국 시장도 불안하다.","빈 살만이 즉석에서 MC소프트 지분을 사며 김민재의 판단을 절대적으로 신뢰한다.","사우디 정보동맹이 세계 최대급 장기자본 동맹으로 변한다.","관계·돈·지위","1천억 달러 위탁 요청 자체가 왕자의 난 보답과 신뢰의 수치가 된다.","사우디 자금이 금융타워 입주와 추가 공동투자로 이어진다.","빈 살만 권력확립","사우디 국부펀드·게임투자","S2-A41","high"
457,"457","거대 자본 (2)",80028,80200,"빈 살만의 장시간 술자리와 대규모 투자 소식이 언론을 뒤덮는다.","사우디 1천억 달러에 이어 국민연금까지 찾아오는 자본집중 보상을 보여 준다.","국부펀드를 금융타워의 안정적 장기자금으로 묶는다.","사우디 전용층과 퀀텀펀드 연계를 검토하며 최재석의 긴급 호출을 받아 중국 피해기업 지원과 국민연금 외부운용 제안을 듣는다.","해외 국부자금과 국민 노후자금을 동시에 맡으면 성과·정치책임이 폭증한다.","사우디가 금융타워 입주를 원하고 정부도 태우에게 국민연금 운용을 요청할 만큼 신뢰가 높아진다.","기업자본이 국가자금을 움직이는 준공공 금융권력으로 커진다.","돈·지위·정치","거대자본이 스스로 태우에게 몰려오는 지위 보상이 반복된다.","최재석이 국민연금 절반에 가까운 외부운용을 요구한다.","사우디 방한","국민연금 외부운용·중국피해 지원","S2-A41","high"
458,"458","거대 자본 (3)",80201,80369,"청와대가 정치적 전례가 없는 국민연금 대규모 외부운용을 밀어붙인다.","위험한 국가자금을 투명한 단기 실적으로 설득하는 운용 보상을 약속한다.","국민연금에 손실 없는 첫 성과를 보여 장기 기술투자로 전환한다.","출시 직전인 블랙홀의 배틀 아레나를 공개 가능한 시험대상으로 고르고 트럼프의 알래스카 유전개발 요청도 장기 전략자산으로 검토한다.","국민연금 손실은 즉시 정치공격이 되고 저유가 알래스카 투자도 당장은 비경제적이다.","흥행 가능성이 높은 게임과 규제완화된 유전이라는 두 저점자산이 운용 첫 카드로 선정된다.","사우디 자본을 다룬 신뢰가 한국 공적기금과 미국 에너지사업으로 번진다.","돈·정치·자산","막연한 위탁안이 검증 가능한 첫 투자와 장기 포트폴리오로 구체화된다.","배틀 아레나 출시 성적으로 국민연금 운용능력을 증명한다.","국민연금 위탁제안","배틀 아레나 실적·알래스카 유전","S2-A41","high"
459,"459","거대 자본 (4)",80370,80531,"블랙홀의 배틀 아레나가 출시되어 2주 100만 장 판매를 향해 간다.","공적기금 첫 성과를 발판으로 미국 기술주와 엔터테인먼트 인프라까지 넓히는 보상을 준다.","국민연금을 10년 장기 미국 기술주에 배분하고 태우엔터의 실물을 만든다.","게임 수익을 투명하게 공개하고 MCA 레코드와 함께 초대형 구형 공연장 건설안을 6조 원 규모로 설계한다.","공적자금은 단기투기 비판을 피해야 하고 기존 규제로 거대 공연장 수익모델이 막혀 있다.","배틀 아레나 흥행이 첫 운용성과가 되고 라스베이거스급 공연장보다 두 배 큰 계획이 세워진다.","금융운용 신뢰가 문화산업의 독점적 기반시설 투자로 전환된다.","돈·사업·문화","게임 흥행과 장기 기술주 포트폴리오가 국민연금의 첫 답안이 된다.","6조 공연장을 위해 정부 규제를 풀어야 한다.","국민연금 첫 투자","구형 공연장·엔터테인먼트 확장","S2-A41","high"
460,"460","거대 자본 (5)",80532,80714,"정부가 6조 원 구형 공연장에 걸린 규제를 풀어 5년간 연 1조2천억 원 공사가 가능해진다.","거대자본을 실물사업과 재벌 승계·통신가격전에 연결하는 결산을 준다.","공연장 사업을 확정하고 다음 재벌·통신 협상에서 주도권을 잡는다.","샤를로트의 진동우에게 승계 조언을 주고 미국 IT기업의 망사용료를 태우통신이 절반에 계약하도록 지시한다.","샤를로트 형제분쟁과 통신 3사의 반발이 정치·규제 갈등으로 번질 수 있다.","공연장 규제해소와 파격적 망사용료가 새 시장질서를 만드는 실행안으로 확정된다.","국부·연금 자본의 장이 통신 인프라와 재벌 승계라는 다음 권력전으로 이동한다.","사업·정치·돈","5년 6조 원 공사라는 물질 보상으로 거대자본 아크가 닫힌다.","글로벌 IT기업들이 태우의 반값 망사용료에 몰려든다.","구형 공연장 규제완화","통신 1티어 승격·샤를로트 승계","S2-A41","high"
461,"461","지분 참여 (1)",80715,80890,"구글·페이스북·아마존·OTT들이 일주일 만에 태우통신의 반값 망사용료 계약에 서명한다.","가격인하를 해저케이블·엔비디아 지분 같은 장기 인프라 자산으로 바꾸는 보상을 약속한다.","태우통신을 글로벌 1티어로 올리고 국제망을 직접 소유한다.","경쟁 통신사의 방통위 제소는 여론압박으로 버티며 손정우에게 해저케이블 협력과 엔비디아 주식 담보형 투자·대출을 제안한다.","경쟁사들은 생태계 파괴를 주장하고 1티어 승격에는 다수 케이블·캐시서버가 필요하다.","손정우가 저평가한 엔비디아 지분을 넘기는 대가로 미국·일본 직결 케이블 비용을 함께 부담한다.","반값 계약이 국제망 지위와 미래 반도체 지분을 사는 레버리지로 변한다.","사업·기술·자산","글로벌 고객 계약과 엔비디아 지분 참여권이 동시에 열린다.","태우통신이 수조 원 추가투자로 1티어 승격을 밀어붙인다.","반값 망사용료 실험","해저케이블·엔비디아 지분","S2-A42","high"
462,"462","지분 참여 (2)",80891,81043,"경쟁 통신사들이 방통위 신고와 소송으로 태우통신의 반값 계약을 막으려 한다.","과감한 기반투자가 국내 통신가격과 글로벌 등급을 동시에 바꾸는 보상을 준다.","캐시서버·해저케이블을 갖춰 태우통신을 글로벌 1티어로 승격한다.","이주영 사장의 소극적 투자안을 뒤집어 수조 원대 인프라와 실패 가능성이 큰 차세대 통신기술까지 승인한다.","동급 통신사 간 협상은 막히고 투자 실패 시 수조 원 비용만 남을 수 있다.","글로벌 회사들과 계약한 인프라를 바탕으로 태우통신의 1티어 승격이 확정된다.","국내 3사 중 하나였던 통신사가 국제망 가격을 정할 상위사업자가 된다.","사업·기술·지위","반값 공세가 글로벌 1티어라는 명시적 지위 보상으로 결산된다.","새 등급을 근거로 국내외 망사용료 재협상을 요구한다.","통신 1티어 투자","망사용료 재협상·경쟁사 반발","S2-A42","high"
463,"463","지분 참여 (3)",81044,81207,"태우 연구진이 일본 철강사의 공개 품질자료를 직접 재시험한다.","경쟁사의 데이터 조작을 먼저 발견해 리콜·매각 타이밍을 지배하는 정보 보상을 준다.","문제 소재를 선제 교체하고 일본 자동차기업이 충격을 떠안게 한다.","JIS 공개수치와 실험값을 비교해 조작을 확인하고 태우 자동차·항공 계열의 일본산 알루미늄 부품을 비공개로 교체한다.","성급히 폭로하면 태우도 대규모 리콜과 공급차질을 맞을 수 있다.","일본 철강 데이터 조작이 자동차·비행기·로켓까지 번진 구조적 폭탄임이 드러난다.","단순 품질점검이 러시아 공장 매각과 일본 경쟁사 타격을 설계할 선행정보가 된다.","정보·기술·사업","태우만 피해를 피하고 경쟁자에게 폭탄을 넘길 시간우위를 얻는다.","원유 상승기에 알래스카 유전이라는 또 다른 미끼가 문다.","철강자료 검증","일본 리콜사태·러시아 공장 매각","S2-A42","high"
464,"464","지분 참여 (4)",81208,81389,"트럼프가 가이아나 유전 성공을 축하하며 김민재를 백악관 행사에 초대한다.","미래 저유가를 이용해 미국 핵심 유전 지분을 싸게 축적하는 자산 보상을 약속한다.","알래스카 규제를 풀고 태우가 개발지분 대부분을 확보한다.","5년간 400억 달러 전액투자와 100% 지분을 제안한 뒤 미국 측 5% 참여안을 받아 25%만 우선 보유하고 폭락기에 재매수하는 구조를 만든다.","당장 유가는 상승하고 시추비가 크며 미국이 완전한 외국 소유를 꺼린다.","트럼프가 10년 이상 시추와 연내 규제철폐를 약속해 장기 개발권이 열린다.","대통령 인맥이 북미 에너지 저점매수권으로 전환된다.","자산·정치·돈","규제철폐와 장기 시추권이라는 회귀정보 활용 기반이 확정된다.","연말 비트코인 폭락 전 매각과 늘어난 선박 활용을 지시한다.","트럼프 투자보답","알래스카 지분 재매수·비트코인 청산","S2-A42","high"
465,"465","지분 참여 (5)",81390,81551,"가이아나가 베네수엘라를 대신할 산유국으로 떠오르며 미국 석유사들이 지분을 노린다.","미래 유전·코인·메타버스 세 시장에서 먼저 지분과 이미지를 선점하는 결산을 준다.","가이아나 지분을 지키고 비트코인을 시장충격 없이 청산한다.","헤스와 중국기업 지분에 300억 달러 이상을 투입해 70%를 확보하고 금융타워에는 세력에게 첫 이익을 준 뒤 하락장에서 탈탈 털 계획을 세운다.","대규모 매도는 가격을 붕괴시킬 수 있고 미국·일본 범죄자금까지 시장에 섞여 있다.","가이아나 지배지분과 비트코인 무손실 탈출계획이 확정되고 천민정은 메타버스 선도 이미지를 즉시 받아든다.","지분 참여 전략이 에너지·금융·신기술 브랜드 전반의 선점 방식으로 굳어진다.","자산·돈·기술","70% 유전지분과 코인 출구·메타버스 이미지라는 세 보상이 묶인다.","코로나 전 공급망을 대비해 화학·제약·소재 투자를 재배치한다.","가이아나 지분 인수","비트코인 하락작전·메타버스·코로나 대비","S2-A42","high"
466,"466","대비하다 (1)",81552,81719,"김민재가 적자를 감수하고 화학단지·반도체 소재·센트리언 공장 투자를 계속하라고 지시한다.","지금의 초과이익을 코로나와 공급망 충격 이전 성장동력으로 바꾸는 준비 보상을 약속한다.","그룹이 회귀정보 없이도 위기를 예측하는 시스템을 만든다.","신약 이익을 10년 성장기반에 재투자하고 명동의 정보망까지 점검한 뒤 이영한에게 10조 원 규모 시장과 비트코인 청산 시점을 알려 준다.","화학단지는 수년 적자를 견뎌야 하고 현재 시스템은 김민재 개인정보에 의존한다.","완전 소유 신약과 10년 준비한 소재가 장기투자 비용을 감당할 현금원이 된다.","개인 회귀자의 대비가 조직·정보망 차원의 선제 대응으로 확장된다.","사업·기술·정보","신약 수익이 코로나 이전 공급망 투자의 확실한 재원으로 재배치된다.","새만금 배터리 공장과 중국·러시아 철수계획을 최재석에게 제시한다.","유고빈 현금창출","코로나 공급망·비트코인 청산","S2-A43","high"
467,"467","대비하다 (2)",81720,81885,"최재석은 화학단지 외 호남 일자리 대책을 묻고 중국 공장 철수도 문제 삼는다.","미래 전쟁·공급망 단절을 지역 고용과 인재 확보 기회로 바꾸는 준비 보상을 준다.","새만금 배터리 공장을 짓고 중국·러시아 생산기지를 질서 있게 뺀다.","호남 인재 5점 가산점과 1만 명 고용을 약속하고 내연기관 공장부터 중국을 나오며 돈바스 이후 러시아 재침공 가능성을 설명한다.","중국 보복과 러시아 시장상실을 감수해야 하고 당장은 철수 이유가 납득되기 어렵다.","정부가 지역고용 명분을 받아들이고 단계적 철수의 정치적 방패가 생긴다.","지정학 대비가 새만금 일자리와 국내 배터리 공급망 투자로 전환된다.","정치·사업·고용","철수 비용이 1만 명 지역채용이라는 가시적 보상으로 바뀐다.","과로한 대학원생 여섯 명이 만든 AI 사무프로그램이 보고된다.","호남 고용약속","중러 공장철수·AI 인재영입","S2-A43","high"
468,"468","대비하다 (3)",81886,82070,"금융타워가 비트코인·이더리온·유가 프로젝트를 동시에 돌리는 사이 불법자금까지 코인시장에 유입된다.","광기를 충분히 키운 뒤 세력의 쌈짓돈까지 회수하는 금융 복수를 약속한다.","명동과 함께 비트코인 세력을 식별하고 러시아 공장을 경쟁사에 넘긴다.","도박·범죄자금 유입을 추적하며 규제 전 마지막 상승을 기다리고 현재자동차 장경준에게 태우의 러시아 철수 이유와 매입기회를 흘린다.","시장이 더 오래 오르면 공매도 손실이 커지고 러시아 공장 처분은 경쟁사를 키울 수 있다.","현재자동차와 일본업체들이 공장 인수경쟁에 뛰어들어 태우가 가격을 정할 판이 선다.","금융·산업의 잠재위험을 상대에게 넘기는 두 개의 폭탄돌리기가 병행된다.","돈·사업·정보","숨은 코인세력과 러시아 공장 구매자를 모두 수면 위로 끌어낸다.","도요타를 포함한 일본 두 회사가 인수제안을 보낸다.","비트코인 세력추적","러시아 공장 매각·일본 철강폭탄","S2-A43","high"
469,"469","대비하다 (4)",82071,82248,"현재자동차에 이어 도요타 등 일본 두 회사가 러시아 공장 인수를 원한다.","곧 가치가 무너질 자산을 경쟁입찰로 비싸게 넘기는 사업 보상을 준다.","러시아의 자동차·전자 공장을 일본 연합에 매각하되 생산권은 당분간 유지한다.","한 부회장이 단독협상처럼 보이게 뜸을 들이고 일본업체들의 유럽진출 욕망을 자극해 공장 전체를 묶어 제시한다.","구매자들은 태우가 돈이 급하지 않다는 사실을 알고 있고 수조 원 규모 인수여력이 제한적이다.","도요타가 합리적 가격이라 평가하며 일본 기업연합을 꾸릴 시간을 요구한다.","철수비용이 아니라 경쟁사의 과잉투자를 끌어내는 매각수익으로 바뀐다.","사업·돈·정보","미래 전쟁지역 자산을 수조 원 가치로 인정받는 협상 우위를 얻는다.","일본 연합이 데이터 조작 리콜을 모른 채 최종계약에 다가온다.","러시아 공장 인수경쟁","일본 연합 매각·철강 리콜","S2-A43","high"
470,"470","대비하다 (5)",82249,82431,"도요타가 일본 기업연합을 만들어 태우의 러시아 공장 전체를 인수하겠다고 나선다.","전쟁 전 자산과 리콜 위험을 경쟁자에게 넘기면서 임차 생산권까지 남기는 결산을 준다.","러시아 공장을 매각하고 최소 2년 이상 태우 제품 생산을 유지한다.","모든 자동차·전자공장을 매각하되 5년 임차를 제시하고 도요타에는 2년 특례를 주어 계약·대금 입금을 완료한 뒤 선제 리콜 범위를 5천 대로 줄인다.","일본 연합의 자금조달과 러시아 측 불신을 달래야 하며 태우도 리콜 공개를 피할 수 없다.","일본 측 대출까지 동원된 매각이 끝나고 태우는 점검차량을 제외한 약 5천 대만 리콜하면 된다.","중러 철수 대비가 현금회수·생산연속성·경쟁사 부담 전가로 완성된다.","사업·돈·위험","폭탄돌리기 성공과 제한적 리콜이라는 이중 실물보상이 지급된다.","방한한 러시아 측이 철수 의혹을 묻자 더 큰 신규공장을 약속한다.","러시아 공장 매각","일본 리콜사태·러시아 신규투자","S2-A43","high"
471,"471","저점 매수 (1)",82432,82611,"중국·러시아 공장 철수로 육상과 해상 공급로가 동시에 불안해진다.","미중 무역전쟁 직전 자원·물류 경로를 저점에서 선점하는 새 아크를 연다.","몽골 자원로를 확보하고 중국 철수 의심을 운송사업으로 돌려세운다.","한 부회장에게 몽골 투자 확대를 지시하고 베이징의 리강에게 중국 공장 축소는 철수가 아니라 일대일로 물류 참여를 위한 재배치라고 설명한다.","중국은 태우의 이탈을 경계하고 내륙 운송로는 규제·허가와 정치관계에 취약하다.","리강이 자원독점보다 운송수익을 남기는 태우의 명분을 받아들이며 즉각 충돌을 피한다.","방어적 철수가 미중전쟁기에 쓸 자원·운송망 저점매수로 재정의된다.","사업·정치·자원","중국의 의심을 누그러뜨리고 몽골·일대일로라는 새 경로를 확보한다.","경쟁사의 치명적 실수와 시장 저점을 기다리는 본격 매집이 시작된다.","중러 공장 선제철수","몽골 자원로·미중 무역전쟁 저점매수","S2-A44","high"
472,"472","저점 매수 (2)",82612,82783,"중국 고위층이 상납금을 요구하지만 몽골 자원 운송과 공장 철수는 허용한다.","당장의 굴욕을 미래 중국 공매도와 자원 운송권으로 되갚는 보상을 약속한다.","몽골 개발을 늘리고 일본 철강 데이터 조작을 전 세계에 터뜨린다.","상납을 유지해 운송로를 열어 둔 채 금융타워·해외 연구소·언론을 동원하고 태우·카이·GM의 선제 리콜과 다국가 소송을 발표한다.","일본 정부가 회사채를 매입해 주가를 방어하고 한국 정부에도 외교압력을 넣는다.","조작 인정·리콜·항공사 문제제기가 이어져 일본 정부의 방어에도 사건이 세계 이슈가 된다.","중국에 숙인 굴욕이 일본 산업과 금융시장에 가하는 대규모 반격으로 전환된다.","복수·정보·돈","공매도 포지션과 자동차 안전조치가 동시에 실제 효력을 낸다.","일본 대사가 다녀간 청와대가 김민재를 긴급 호출한다.","몽골 운송협상","일본 철강 리콜·청와대 외교압박","S2-A44","high"
473,"473","저점 매수 (3)",82784,82957,"최재석은 중국에 이어 일본과도 충돌할까 우려하며 리콜 중단 압박을 전한다.","정치적 외압을 버티면서 안전과 시장점유율을 동시에 얻는 보상을 준다.","정부가 책임을 태우에 돌리게 하고 리콜을 끝까지 진행한다.","삼권·외교 부담은 대통령이 피하도록 자신이 결정을 떠안고 주말까지 전국 정비망을 돌려 문제부품을 교체한다.","일본 정부는 품질에는 이상이 없다고 버티고 대규모 리콜이 양국관계를 악화시킬 수 있다.","최재석이 원칙을 택하고 태우의 교체속도가 붙으며 다국가 소송이 일본 방어막을 흔든다.","기업의 선제 안전조치가 정부의 외교적 선택지를 지키는 방패가 된다.","정치·사업·관계","대통령의 신뢰와 빠른 리콜이라는 관계·실물 보상이 함께 지급된다.","철강 소재만으로 부족해 일본 자동차의 더 큰 비리를 찾는다.","청와대 리콜 갈등","일본 자동차 비리 조사","S2-A44","high"
474,"474","저점 매수 (4)",82958,83125,"일본 정부가 철강 파문을 막자 김민재는 자동차 자체 결함까지 찾으라고 명령한다.","방어막을 뚫을 더 큰 비리와 가상화폐 세력의 돈줄을 동시에 추적한다.","일본 신차 테스트 조작 증인을 포섭하고 비트코인 광기를 더 키운다.","부품연구소에 해외차 전수검사를 맡기고 명동에는 일본 테스트 관계자 접촉을 지시하며 금융타워는 세력이 빠져나가지 않도록 호재를 뿌린다.","자동차 결함은 막연하고 금융타워가 직접 움직이면 매도 의도가 노출된다.","이영한의 일본 조직 자금망이 현직·퇴직 시험인력까지 찾을 우회통로가 된다.","저점매수 준비가 산업정보전과 금융 함정이라는 두 축으로 넓어진다.","정보·돈·사업","연구소·명동의 전문성이 미래 보상을 구체화한다.","도요타 계열 시험담당 사토 켄지가 입을 연다.","철강 파문 확대","사토 켄지 포섭·비트코인 붕괴","S2-A44","high"
475,"475","저점 매수 (5)",83126,83318,"포섭된 사토 켄지가 도요타 계열사의 충돌시험 차량 조작을 털어놓는다.","철강사 하나를 넘어 일본 자동차 1위권 전체를 무너뜨릴 증거를 얻는다.","에어백·도어패널·엔진·배출가스 결함을 실차시험으로 확정한다.","연구소장에게 회귀 전 결함정보를 주고 수백억 원 시험비에 100억 원을 추가해 일본차 여러 모델을 동시에 분해·충돌시킨다.","내부고발 하나만으로는 법적 증거가 부족하고 실험비·시간이 막대하다.","시험차만 좋은 패널과 각도를 썼다는 자백에서 장기간 조직적 조작 가능성이 드러난다.","한 회사의 품질파문이 일본 자동차산업 전체의 최악 스캔들 후보로 커진다.","정보·기술·복수","증인과 구체적 조작방식이 확보되어 막연한 의혹이 검증 가능한 표적이 된다.","연구소가 엔진 ECU까지 포함한 치명적 결함 결과를 가져온다.","사토 켄지 포섭","일본차 전수시험·대규모 스캔들","S2-A44","high"
476,"476","대규모 악재 (1)",83319,83505,"연구소가 일본차의 배출가스·에어백·엔진출력 조작을 모두 입증한다.","30년 신뢰를 무너뜨릴 증거를 방송·금융 공세로 폭발시키는 보상을 약속한다.","전 세계가 동시에 볼 탐사보도와 공매도 공격을 준비한다.","증거 전체를 베릴에게 넘겨 제작비 열 배와 한 달 편성을 허용하고 기자회견·소송 시각까지 맞춘다.","세계 점유율 1위 일본차의 방어자금과 정부·언론 영향력이 막강하다.","베릴이 없는 이야기를 만들 필요조차 없을 정도의 자료라며 즉시 특집제작에 들어간다.","실험실 증거가 글로벌 여론과 금융시장을 움직일 대형 크레인으로 변한다.","정보·미디어·돈","엔진 ECU 조작까지 확인되어 고래급 표적을 잡을 확신이 생긴다.","평소 열 배 제작비가 투입된 방송과 일본 경영진 사과가 공개된다.","일본차 결함 검증","베릴 특집·글로벌 공매도","S2-A45","high"
477,"477","대규모 악재 (2)",83506,83688,"베릴 특집과 전 세계 속보 속에 일본 자동차 경영진이 30년 조작을 사과한다.","500억 원 공세비용을 주가·점유율·후속 인수기회로 회수하는 보상을 준다.","스캔들이 식지 않게 후속증거와 소송을 투입하고 태우 품질관리도 재점검한다.","한 부회장에게 계속 장작을 넣게 하면서 영상기록·다단계 시험이 있는 태우 계열사는 같은 위험이 없는지 확인한다.","도요타의 200조 원 유보금과 일본 정부 방어 때문에 단기 주가하락만으로는 부족하다.","일본차 주가는 떨어지고 태우 자동차 계열사 주가는 동시에 상승한다.","복수작전이 경쟁사 약화와 자사 시스템 신뢰라는 이중 이익으로 결산된다.","복수·돈·지위","30년 거짓에 대한 공개사과와 태우 주가상승이 즉시 지급된다.","현금위기에 빠진 도시바가 러시아 공장 계약을 깨러 찾아온다.","일본차 폭로","도시바 자산매각·태우 점유율 상승","S2-A45","high"
478,"478","대규모 악재 (3)",83689,83856,"도시바가 신뢰 추락과 웨스팅하우스 손실로 러시아 공장 매입계약 파기를 요청한다.","일본의 대규모 악재에서 메모리·원전 핵심회사를 한꺼번에 저점 인수한다.","미국 연합을 앞세워 도시바메모리와 웨스팅하우스를 인수한다.","러시아 공장 파기를 받아주는 대신 두 회사 매각을 제안하고 미국기업·핀테크은행과 연합해 반독점 규제를 피할 구조를 짠다.","도시바메모리는 약 2조 엔이고 웨스팅하우스는 적자 원전기업이라 총 30조 원대 부담이 생긴다.","도시바가 당일 일시불 지급 가능성에 흔들리고 협상 실무가 시작된다.","경쟁자의 위기가 태우의 낸드·원전 기술축을 채우는 인수창구가 된다.","기술·자산·돈","계약파기 요청을 두 핵심회사 매각협상으로 뒤집는다.","데이비드가 미·유럽·중국 반독점 정치권을 15일 안에 정리한다.","도시바 러시아 계약","도시바메모리·웨스팅하우스 인수","S2-A45","high"
479,"479","대규모 악재 (4)",83857,84015,"일본 정부가 자동차 스캔들을 방어하지만 경영진 형사책임과 다국가 소송이 좁혀 온다.","고점 유전지분을 팔아 도시바 인수대금을 만들고 미래 저점 재매수권을 남긴다.","반독점 승인을 앞당기고 알래스카·북해·가이아나 지분 절반을 경쟁입찰에 붙인다.","핀테크은행을 미국측 인수자로 세워 로비하고 3배 오른 유가를 근거로 글로벌 석유사들에 800억~1천억 달러 차익 규모의 매각 미끼를 뿌린다.","30조 원 인수비용과 일본 방어막이 남고 너무 일찍 판 유전은 추가 상승분을 놓칠 수 있다.","데이비드가 15일 해결을 약속하고 석유사들이 앞다퉈 지분을 사겠다고 나선다.","일본 악재에서 나온 기술자산을 에너지 고점매각으로 결제하는 자본순환이 완성된다.","돈·자산·정치","유전 수익만으로 인수비용을 넘길 수 있다는 수치가 확정된다.","연말 비트코인 숏과 도시바 최종가격 협상이 동시에 시작된다.","유전 저점매입","유전 경매·도시바 반독점 승인·비트코인 숏","S2-A45","high"
480,"480","대규모 악재 (5)",84016,84191,"정부의 연속 규제에도 비트코인 광기가 버티고 도시바는 현금수혈을 기다린다.","붕괴 직전 시장과 절박한 매도자를 동시에 압박해 최저 인수가를 만든다.","웨스팅하우스 가격을 거품 없이 낮추고 도시바메모리 협상으로 넘어간다.","금융타워가 코인 매수세를 더 유인하는 동안 웨스팅하우스의 매년 천문학적 적자를 근거로 사모펀드보다 약간 높은 가격만 제시한다.","도시바는 과거 17억 달러 예상가의 세 배를 썼고 기술투자비까지 회수하려 한다.","러시아 공장파기와 즉시 현금이라는 태우의 카드 때문에 도시바가 낮은 가격을 수용한다.","일본 산업악재가 원전기업 저가인수와 코인 폭락 직전의 금융우위로 결산된다.","돈·자산·기술","웨스팅하우스 가격 합의 뒤 더 큰 도시바메모리 계약만 남는다.","도시바의 과거 분식회계를 이용해 메모리 지분 담보까지 요구한다.","웨스팅하우스 가격협상","도시바메모리 지분·비트코인 붕괴","S2-A45","high"
481,"481","전문가 (1)",84192,84351,"도시바의 반복 분식회계 때문에 도시바메모리 신뢰와 매각구조가 쟁점이 된다.","40조 원 수혈을 제공하되 메모리 지분과 원전·우라늄까지 통제하는 전문가 보상을 준다.","도시바메모리·웨스팅하우스를 인수하고 잔여지분 담보권을 확보한다.","메모리를 2조2천억 엔에 사는 대신 도시바 잔여지분 담보로 2조 엔을 대출하고 원전 두 회사를 분리관리하며 저점의 카메코 지분을 산다.","총 4조 엔 노출과 원전 장기적자·우라늄 가격 하락을 감수해야 한다.","도시바가 실무계약에 합의해 낸드·원전 기술이 태우로 들어오고 채무불이행 시 잔여지분도 넘어온다.","단순 인수가 공급망 전반의 옵션·담보·연료 확보로 확장된다.","기술·자산·돈","두 핵심기업과 잔여지분 담보라는 다층 권리를 얻는다.","미중 전쟁에 쓸 미국채와 청나라 채권이라는 금융무기를 고른다.","도시바 자산인수","카메코 우라늄·미중 금융무기","S2-A46","high"
482,"482","전문가 (2)",84352,84522,"도요타 방어전이 길어지는 가운데 미중 양국이 태우에도 선택을 강요할 시기가 온다.","수백조 미국채 대신 수백억짜리 청나라 채권으로 거대한 변수를 만든다.","무역분쟁 전에 청나라 채권 과반을 조용히 모은다.","인터넷 경매·골동품상·미영 재단에서 100년 묵은 5% 채권을 6개월 안에 사들이고 계열사 연말 실적도 점검한다.","법적 승계 가능성은 희박하고 트럼프가 실제 무기로 써야만 효력이 생긴다.","작은 비용으로 1조 달러 주장까지 가능한 장난감 칼을 손에 넣고 태우상사 매출도 4조 원을 넘는다.","실물 저점인수와 함께 역사적 부채를 정보·정치 옵션으로 매집한다.","정보·돈·정치","불확실한 채권을 값싼 전략옵션으로 확보한다.","법무부의 거래소 폐쇄 선언이 비트코인 하락을 촉발한다.","청나라 채권 아이디어","비트코인 급락·미중 무역전쟁","S2-A46","high"
483,"483","전문가 (3)",84523,84702,"법무부 장관이 가상화폐 거래소 폐쇄를 선언해 비트코인이 3천만 원에서 2천100만 원 아래로 떨어진다.","몇 달간 키운 세력을 한꺼번에 청산하고 고점 유전경매를 여는 금융 보상을 준다.","개인 피해는 줄이되 범죄·조작세력의 자금을 공매도로 회수한다.","명동이 타부처 반박설을 흘려 세력을 묶고 금융타워가 숏을 집행하며 동시에 알래스카·북해·가이아나 지분 입찰을 석유사들에 연다.","급락 속 일반 투자자 손실과 대규모 포지션 청산 위험을 통제해야 한다.","금융타워가 코인전쟁에서 우위를 확정하고 글로벌 석유사들이 고점 유전에 경쟁입찰한다.","규제 악재가 코인시장 수익과 에너지자산 현금화를 동시에 만든다.","돈·자산·복수","2천100만 원 급락과 석유사 입찰경쟁이 눈에 보이는 보상으로 지급된다.","엑슨모빌을 시작으로 유전 지분 낙찰가가 확정된다.","비트코인 세력 함정","유전지분 경매·청나라 채권 매집","S2-A46","high"
484,"484","전문가 (4)",84703,84875,"유전 지분 경매에서 엑슨모빌 등 글로벌 석유사가 서로 가격을 올린다.","저점에 산 유전을 1천100억 달러에 팔고 3년 뒤 더 싸게 되사는 회귀 보상을 준다.","미중 전쟁용 현금을 만들고 핀테크은행의 코인시장 지배력을 굳힌다.","지분 매각대금을 미국·중국 포지션에 배정하고 비트코인 급락 때 중소거래소 고객을 흡수해 전액인출도 버틸 유동성을 확보한다.","유가가 더 오를 수 있어 조기매각 기회비용이 있고 미국 중간선거도 변수가 된다.","유전 지분이 1천100억 달러에 팔리고 핀테크는 다음 상승기 거래소 독점 기반을 얻는다.","에너지 고점매각이 미중 금융전 자금과 핀테크 안전판으로 결산된다.","돈·자산·지위","3배 매각과 시장 고객이탈 흡수라는 이중 보상이 지급된다.","오마하에서 워렌에게 공매도 승리 뒤 약속한 투자금을 건넨다.","유전 고점매각","워렌 투자·미국 중간선거","S2-A46","high"
485,"485","전문가 (5)",84876,85064,"김민재가 오마하에서 워렌에게 약속한 유전 수익 투자금을 맡긴다.","가치투자 대가를 금융타워의 미중 전쟁 동맹으로 완전히 끌어들이는 관계 결산을 준다.","버크셔가 위험한 양국 포지션에 자금·신뢰·지원력을 보태게 한다.","비트코인 자체가 아닌 시장 인프라와 세계 자금흐름을 설명하고 워렌의 자금을 금융타워를 통해 운용한다.","워렌은 금융타워가 미국과 중국을 동시에 공략하는 위험한 그림임을 정확히 간파한다.","워렌이 위험을 감수하고 필요할 때 힘까지 보태겠다고 하며 버크셔가 금융타워와 하나가 된다.","회귀자의 단독 판단이 세계 최고 투자자의 검증과 공동책임을 얻는다.","관계·돈·지위","전문가의 승인과 버크셔 동맹이라는 신뢰 보상이 결산된다.","유고빈 현금으로 센트리언 공장을 키우고 국민연금은 비트코인 저점을 매수한다.","워렌과의 수익약속","센트리언 증설·국민연금 저점매수","S2-A46","high"
486,"486","약속의 시간 (1)",85065,85225,"비트코인이 900만 원까지 70% 하락하고 채굴침체가 GPU 주가를 누른다.","암흑기의 엔비디아와 수익성 없는 희귀병 치료제에 미래를 걸어 약속을 지킨다.","엔비디아 지분을 저점 확보하고 환자가 적어도 유전자 치료제를 완성한다.","경영진 지분이 6% 미만임을 이용해 숏 뒤 매집하되 관심을 숨기고 1회 20억~25억 원인 치료제는 태우 자금으로 계속 개발하게 한다.","GPU 수요는 당장 줄고 치료제는 환자 1만 명당 한 명이라 수익성이 거의 없다.","AI·자율주행 미래수요와 죽을 환자를 살린다는 명분이 두 투자의 장기 가치를 확정한다.","저점매수가 돈뿐 아니라 생존 약속을 지키는 투자원칙으로 확장된다.","돈·기술·생명","코인 숏 수익과 치료제 개발비 보증이라는 두 약속이 실행된다.","센트리언 대형 위탁생산 공장과 상장 계획을 확정한다.","비트코인 하락작전","엔비디아 지분·유전자 치료제","S2-A47","high"
487,"487","약속의 시간 (2)",85226,85414,"서정준은 고가 유전자 치료제와 과잉 공장 가동률을 걱정한다.","환자 부담을 낮추면서 센트리언을 세계 1위 생산사로 키우는 사업 보상을 준다.","대형 CMO 공장과 코스피 상장을 추진하고 구형 반도체 자동화 공장을 가동한다.","외부 제약사 위탁생산으로 가동률을 채우고 상장 후 시총 10위권을 제시한 뒤 웨이·리사의 스마트 팹 완공을 검수한다.","과잉 설비와 상장 부담이 크고 자동화 공장은 기존보다 열 배 비쌌다.","스마트 팹이 일정을 앞당겨 완공되고 1단지보다 생산량이 20% 이상 늘어난다.","생명과 기술에 건 약속이 제약 생산력·반도체 원가우위라는 실물로 나온다.","기술·사업·지위","CMO 성장경로와 20% 증산이 명시적 보상으로 지급된다.","손정우가 35억 달러 대출과 엔비디아 지분 교환을 이행하러 온다.","센트리언 공장증설","엔비디아 지분교환·스마트 팹 양산","S2-A47","high"
488,"488","약속의 시간 (3)",85415,85589,"손정우가 35억 달러 대출 대신 약속한 엔비디아 지분을 넘기러 온다.","과거 대출계약과 경고를 지켜 반도체 패권 지분을 확보하는 관계 보상을 준다.","엔비디아 25% 이상을 모으고 손정우의 투게더워크 위험도 줄인다.","지분교환을 이행받고 공유오피스 지분 일부 매각을 권한 뒤 대주주 면담을 주선받아 하락장에서 추가매집한다.","엔비디아 관심을 드러내면 가격이 뛰고 손정우는 투게더워크 성공을 확신한다.","손정우가 김민재를 신뢰해 계약을 지키고 대주주 연결까지 제공한다.","오래 묻어 둔 금융계약이 AI·자율주행 핵심기업 통제권으로 돌아온다.","관계·기술·자산","25% 목표지분과 대주주 협상길이 동시에 열린다.","미중 무역전쟁에서 청나라 채권과 금융타워 전체 화력을 사용한다.","손정우 대출계약","엔비디아 지배력·청나라 채권 작전","S2-A47","high"
489,"489","약속의 시간 (4)",85590,85766,"트럼프가 중국산 관세를 발효하며 미중 무역전쟁이 실제로 시작된다.","미국채 방어를 맡는 대가로 중국 공매도를 보호받는 국가급 허가를 얻는다.","중국이 던질 미국채를 받고 금융타워가 양국 증발자금을 포집한다.","트럼프의 호출에 응해 중국 보유채권 20% 이상 매각 가능성을 계산하고 공매도 수익으로 채권을 사겠다고 제안한다.","미국을 돕는 순간 중국과 관계가 멀어지고 수천억 달러 유동성을 감당해야 한다.","트럼프가 금융타워의 공격수익과 미국채 매입을 모두 인정해 어떤 수익방식도 보호한다.","후보 시절 50억 달러 투자약속이 무역전쟁의 살인면허로 결산된다.","정치·돈·지위","백악관 보호 아래 공매도할 공식 명분과 채권시장을 얻는다.","한 부회장이 더 잔인한 중국 숏과 청나라 채권의 다음 사용처를 묻는다.","트럼프 투자약속","미중 금융전·미국채 매입","S2-A47","high"
490,"490","약속의 시간 (5)",85767,85935,"금융타워는 3천억 달러까지 융통 가능하고 미국의 눈치도 사라진다.","회귀 뒤 쌓은 미국·금융 동맹을 무역전쟁 자유행동권으로 결산한다.","중국 숏을 확대하되 청나라 채권은 대만 변수로 아껴 둔다.","한 부회장에게 더 강한 공매도를 허용하고 대만 활용안을 검토한 뒤 머스크에게 니콜라 수소트럭 의혹과 스타링크 진행상황을 확인한다.","중국시장 로비망을 잃을 수 있고 니콜라가 진짜 기술이면 테슬라 경쟁우위가 흔들린다.","미국채 방어능력과 머스크의 우주·자율주행 사업이 태우의 장기동맹을 재확인한다.","과거 약속들이 금융전 권한과 미래기술 협업으로 동시에 회수된다.","정치·돈·관계","미국 보호와 머스크 동맹이라는 두 장기약속이 실제 행동권이 된다.","베릴과 데이비드가 니콜라 수소트럭의 장난질을 파헤친다.","미국채 방어약속","니콜라 조사·청나라 채권 대만변수","S2-A47","high"
491,"491","장난질 (1)",85936,86107,"니콜라 수소트럭이 단숨에 대형차를 움직였다는 주장이 의심받는다.","성의 없는 기술사기를 폭로하고 관세전·가상화폐 저점을 모두 수익판으로 만든다.","베릴이 니콜라를 조사하고 금융타워는 1조 달러급 관세전에 대비한다.","24시간 공장감시·연구원 포섭을 데이비드에게 맡기고 미국채 160억 달러를 더 사 총 500억 달러 입장권을 완성하며 비트코인·이더리온을 재매수한다.","니콜라 폭로가 너무 이르면 대화그룹 등 우군도 손실을 보고 관세전 규모도 불확실하다.","중국 소비재 2천억 달러 이상 관세가 예고되어 양국 합산 1조 달러 전쟁 가능성이 열린다.","작은 사기조사와 세계 금융전이 모두 정보 선점이라는 같은 방식으로 묶인다.","정보·돈·기술","500억 달러 미국채와 코인 저점물량이라는 전쟁 입장권을 확보한다.","암흑기의 엔비디아 대주주를 설득할 400억 달러 제안을 준비한다.","니콜라 의혹","엔비디아 지분·1조 달러 관세전","S2-A48","high"
492,"492","장난질 (2)",86108,86288,"미중이 같은 규모의 관세로 맞붙는 동안 김민재가 젝슨 황을 만난다.","저평가된 엔비디아에 시총 절반급 현금을 넣고 경영권보다 동반성장을 산다.","엔비디아 신공장과 최소 25% 지분을 확보한다.","200억 달러 공장 생산량 70%를 5년 선납하고 총 400억 달러 유상증자를 제안하면서 이미 우호지분 30%를 가진 사실은 숨긴다.","GPU 암흑기에 수요전망을 믿기 어렵고 대규모 지분발행은 기존 주주 반발을 부른다.","리사와 젝슨 황이 5촌 관계임을 가계도로 확인해 개발자 간 선천적 신뢰까지 만들어 낸다.","돈으로 시작한 지분협상이 가족·기술 동맹으로 강화된다.","기술·자산·관계","400억 달러 투자와 두 GPU 거장의 가족연결이 협상 가능성을 높인다.","젝슨 황이 대주주 설득에 나서 태우의 40% 지분을 완성한다.","엔비디아 저점매집","엔비디아 증자·GPU 동맹","S2-A48","high"
493,"493","장난질 (3)",86289,86462,"젝슨 황의 협력으로 대주주 지분 10%를 사 태우 우호지분이 40%가 된다.","경영간섭 없이 GPU 공급망을 장악하고 청나라 채권을 대중 압박으로 쓰는 보상을 준다.","시장지분을 계속 매집하며 미중 관세전의 중국 약점을 확대한다.","한미에 공장을 반씩 짓고 35% 유통물량을 계속 사들이며 미국 재단의 청나라 채권 법안과 중국의 제한된 보복수입 규모를 활용한다.","미국은 5천억 달러 중국산을 때릴 수 있지만 중국도 국제여론·채권으로 반격한다.","중국의 대미 수입은 1천500억 달러 미만이라 관세 맞대응 한계가 명확해진다.","GPU 통제권과 금융전 정보우위가 태우의 다음 세계 1위 기반이 된다.","기술·돈·정치","엔비디아 40% 우호지분과 중국 관세열세라는 가시적 우위를 얻는다.","리강이 금융협상을 위해 홍콩에서 만나자고 요청한다.","엔비디아 지분협상","리강 협상·청나라 채권법안","S2-A48","high"
494,"494","장난질 (4)",86463,86651,"홍콩의 리강이 태우에게 미국 대신 중국 편에 서라고 압박한다.","양자택일 요구를 거부하고 값싼 청나라 채권으로 중국의 정치적 약점을 찌른다.","금융타워 중립을 지키면서 대만 민진당까지 채권전에 끌어들인다.","중국의 편을 들라는 제안을 연속 거절하고 미국 공화당의 청나라 채권 법안 속보를 보여 준 뒤 데이비드가 민진당에 채권소각 프로젝트를 제공한다.","중국은 금융타워 접근을 막을 수 있고 대만 정당도 지방선거 승리를 장담하지 못한다.","천만 달러 액면 채권 소각이 선거판과 중국 정통성 논쟁을 뒤집을 카드가 된다.","무역전쟁의 주변국이던 대만이 태우가 만든 정치변수로 올라선다.","정치·정보·돈","중국 압박을 거절해 협상주도권을 지키고 대만 실행주체를 확보한다.","민진당이 방송에서 청나라 채권을 불태운다.","리강의 편가르기","대만 채권소각쇼·중국 금융개방","S2-A48","high"
495,"495","장난질 (5)",86652,86827,"민진당이 10만 달러도 안 든 천만 달러 액면 청나라 채권을 공개 소각한다.","장난 같은 역사채권으로 중국 금융시장 5년 무제한 진출권을 얻는 결산을 준다.","청나라 채권 과반을 지렛대로 금융타워 전체의 중국 제약을 없앤다.","대만에 추가채권 이전 가능성을 내비치고 다급히 방한한 리강과 5년 뒤 채권 양도 조건의 다자계약을 체결한다.","중국은 약속을 뒤집을 수 있어 태우증권 단독이 아니라 금융타워 전체를 계약당사자로 묶어야 한다.","리강이 5년간 무제한 금융활동을 허용해 중국 숏 규모를 2배에서 최대 10배로 키울 길이 열린다.","회귀정보의 장난감이 미중전쟁과 코로나 기간 중국 자금을 빨아들일 제도권 빨대가 된다.","정치·돈·지위","청나라 채권과 니콜라 조사가 각각 중국 진입권·다음 폭로재료로 결산된다.","데이비드가 니콜라가 조작을 넘어선 사기라고 보고한다.","청나라 채권 작전","중국 금융시장 5년 개방·니콜라 폭로","S2-A48","high"
496,"496","훼방꾼 (1)",86828,87002,"니콜라가 경사로에서 트럭을 굴려 주행영상처럼 찍은 사기가 확인된다.","우군의 손실을 먼저 막고 사기기업 자금을 새만금 공급망으로 옮기는 보상을 약속한다.","대화그룹이 니콜라 지분을 폭로 전 매각하고 화학단지에 투자하게 한다.","후계자 김정권에게 영상의 각도를 돌려 사기방식을 보여 주고 2주 안에 지분을 팔며 새만금 공장·인력을 배치하라는 조건을 건다.","정보제공은 타사 경영개입이고 매각이 늦으면 3천만 달러 이익이 같은 규모 손실로 뒤집힌다.","김성윤 회장이 태우의 선견을 믿어 매각대금 전액과 본사자금까지 화학단지에 넣으라고 결정한다.","니콜라 폭로가 경쟁자 제거를 넘어 국내 핵심소재 동맹 자금으로 변한다.","정보·관계·사업","대화그룹의 손실회피와 새만금 대규모 증설약속이 즉시 지급된다.","대화가 월가에 니콜라 지분을 팔고 일본 무역분쟁 대비 공동연구를 시작한다.","니콜라 조사","대화 지분매각·새만금 소재동맹","S2-A49","high"
497,"497","훼방꾼 (2)",87003,87178,"대화그룹이 니콜라 지분을 전량 처분하고 새만금에 수천억 원 공장을 짓는다.","일본·중국의 핵심소재와 희토류 카드를 10년 준비한 공급망으로 무력화한다.","강제징용 판결 전 소재 양산을 앞당기고 베트남 동파오 광산 규제를 푼다.","대화와 공동연구를 시작하며 일본의 10월 수출제한을 설명하고 중국의 희토류 위협에는 베트남 인맥을 가진 할아버지에게 도움을 청한다.","새만금은 규제 탓에 수익성이 낮고 베트남 광산도 환경규제로 생산을 못 한다.","할아버지가 태우 생존과 직결된 부탁을 듣고 귀국 전 동파오 문제를 해결하겠다고 약속한다.","사기기업 구출에서 시작한 동맹이 한중일 공급망 방어로 커진다.","사업·관계·자원","대화 투자와 할아버지의 해결 약속이 소재·자원 두 방어축을 만든다.","할아버지가 베트남 차기 지도자 후보를 직접 움직인다.","대화 니콜라 탈출","일본 소재분쟁·동파오 희토류","S2-A49","high"
498,"498","훼방꾼 (3)",87179,87338,"할아버지가 베트남 차기 지도자 후보 쑤엉 푹과의 인맥을 꺼낸다.","가족의 오래된 해외관계가 중국 희토류 독점을 깨는 국가급 보상으로 돌아온다.","동파오를 포함한 베트남 광산의 대량생산 허가를 받는다.","국밥 육수 같은 친분과 대규모 투자·고용안을 함께 제시해 동파오 생산확대를 차기 권력자의 성과로 포장한다.","환경규제 완화는 정치적 책임이 크고 중국 반발도 감수해야 한다.","쑤엉 푹이 자신의 자리를 걸고 희토류 대량채굴을 성사시키겠다고 약속한다.","회귀 직후 지켜 온 유일한 가족관계가 세계 공급망의 실질적 방패가 된다.","가족·자원·정치","할아버지 인맥과 물량공세가 데이비드도 못 푼 규제를 움직인다.","김민재가 2~3년 안에 태우를 세계 최고로 만들겠다고 할아버지에게 선언한다.","할아버지 베트남 인맥","베트남 희토류 증산·세계 1위 약속","S2-A49","high"
499,"499","훼방꾼 (4)",87339,87506,"베트남이 동파오를 포함한 희토류 광산 일곱 곳의 규제완화를 발표한다.","중국 독점비중을 낮추고 태우가 세계 희토류 25%를 쥐는 공급망 보상을 준다.","베트남·브라질·몽골 생산을 묶고 차세대 HBM을 엔비디아와 공동개발한다.","베트남 2만 톤 증산과 몽골 독점계약을 계산한 뒤 중국 소비재 공장을 옮기면서도 특허소송·금융숏을 강화하고 HBM 개발비 3조 원 이상을 승인한다.","중국 13억 시장 포기와 낮은 HBM 수율·불확실한 당장 수요를 감수해야 한다.","중국 희토류 점유율은 63%로 낮아지고 태우는 최대 25% 생산 가능성과 엔비디아 적용처를 확보한다.","한중 공급망 방어가 자원 지배와 AI 메모리 선점이라는 공세로 전환된다.","자원·기술·사업","희토류 25% 전망과 HBM 공동개발이라는 세계 1위 기반이 구체화된다.","최재석이 미중일 삼중 압박과 강제징용 판결을 앞두고 김민재를 청와대로 부른다.","베트남 희토류 규제완화","중국 공장이전·HBM 3조 개발·일본 보복","S2-A49","high"
500,"500","훼방꾼 (5)",87507,87668,"최재석은 미중 무역전쟁에 일본 강제징용 판결 보복까지 겹칠 상황을 두려워한다.","10년간 쌓은 소재·바이오 준비가 국가 생존과 가족·국민 보호의 약속으로 연결되는 전이를 만든다.","일본 핵심소재 보복과 1년 뒤 코로나를 정부·센트리언·중소업체 연합으로 선제 대비한다.","새만금 화학단지 규제완화 법안을 미리 만들게 하고 센트리언의 코로나 백신·치료 연구와 미·유럽 공장을 두 배로 키우며 항원 자가진단키트팀·마스크 업체 명단을 확보한다.","센트리언은 수요 없는 코로나 연구 적자와 200억 달러 이상 과잉설비를 감수해야 하고 감염병까지 1년뿐이다.","최재석은 정부 직통지원과 규제법안을 약속하고 센트리언은 세계 유일 수준의 연구·진단기술·마스크 계약망을 이미 보유한다.","회귀 직후의 생존 약속이 기업·정부·공급망을 동원해 다가올 전 국민 생존전으로 확대된다.","생존·정치·기술","GDP 10위와 소재 자립 준비를 확인하지만 코로나 생산망 구축은 다음 Arc에서 실행된다.","김민재가 마스크 중소업체 명단을 받아 별도 실행자에게 맡기려 하며 501화의 기업 인수로 열린다.","최재석 정부동맹·10년 소재준비","코로나 백신·진단키트·마스크 기업 인수","S2-A49","high"
