"sequence","visible_label","title","start_line","end_line","entry_state","reader_promise","protagonist_goal","action","resistance_or_cost","turn_or_reveal","paid_reward","state_change_axis","state_change","ending_hook","closed_loops","opened_loops","arc_id","confidence"
"501","501","치열한 공방 (1)","87669","87841","미중 무역전쟁 심화와 감염병·유가붕괴를 회귀 지식으로 선점하려는 상태","미중 충돌 속 기술·식량·정치 지렛대를 먼저 잡는 보상","기술 방벽과 대중 역공 국면에서 강 대위·이영한에게 마스크·음압병동 업체 매입을 맡기고 한 부회장에게 유가 공매도를 늘린다","강 대위·이영한에게 마스크·음압병동 업체 매입을 맡기고 한 부회장에게 유가 공매도를 늘린다","중국 기술탈취와 미·일의 이해관계가 동시에 압박한다","코로나와 마이너스 유가를 버틸 방역·금융 자산을 동시에 선점한다","코로나와 마이너스 유가를 버틸 방역·금융 자산을 동시에 선점한다","정보·제도","기술 방벽과 대중 역공의 주도권이 이 사건으로 김민재·태우 쪽에 한 단계 이동한다","데이비드가 니콜라 사기를 공개하고 김민재가 오용재·삼진과 반도체·디스플레이 공조를 제안한다 문제로 이어진다","강 대위·이영한에게 마스크·음압병동 업체 매입을 맡기고 한 부회장에게 유가 공매도를 늘린다의 당면 실행·결정","데이비드가 니콜라 사기를 공개하고 김민재가 오용재·삼진과 반도체·디스플레이 공조를 제안한다","S3-A01","0.94"
"502","502","치열한 공방 (2)","87842","88030","코로나와 마이너스 유가를 버틸 방역·금융 자산을 동시에 선점한다 상태","미중 충돌 속 기술·식량·정치 지렛대를 먼저 잡는 보상","기술 방벽과 대중 역공 국면에서 데이비드가 니콜라 사기를 공개하고 김민재가 오용재·삼진과 반도체·디스플레이 공조를 제안한다","데이비드가 니콜라 사기를 공개하고 김민재가 오용재·삼진과 반도체·디스플레이 공조를 제안한다","중국 기술탈취와 미·일의 이해관계가 동시에 압박한다","미중 충돌 때 생산량과 재고를 함께 늘릴 느슨한 기술 동맹이 선다","미중 충돌 때 생산량과 재고를 함께 늘릴 느슨한 기술 동맹이 선다","정보·제도","기술 방벽과 대중 역공의 주도권이 이 사건으로 김민재·태우 쪽에 한 단계 이동한다","기술보호법과 강제징용 판결 뒤의 한일 충돌을 검토하고 트럼프 재선을 지렛대로 삼는다 문제로 이어진다","데이비드가 니콜라 사기를 공개하고 김민재가 오용재·삼진과 반도체·디스플레이 공조를 제안한다의 당면 실행·결정","기술보호법과 강제징용 판결 뒤의 한일 충돌을 검토하고 트럼프 재선을 지렛대로 삼는다","S3-A01","0.94"
"503","503","치열한 공방 (3)","88031","88181","미중 충돌 때 생산량과 재고를 함께 늘릴 느슨한 기술 동맹이 선다 상태","미중 충돌 속 기술·식량·정치 지렛대를 먼저 잡는 보상","기술 방벽과 대중 역공 국면에서 기술보호법과 강제징용 판결 뒤의 한일 충돌을 검토하고 트럼프 재선을 지렛대로 삼는다","기술보호법과 강제징용 판결 뒤의 한일 충돌을 검토하고 트럼프 재선을 지렛대로 삼는다","중국 기술탈취와 미·일의 이해관계가 동시에 압박한다","기술 유출과 일본 보복을 국가·기업 양쪽에서 막을 판이 열린다","기술 유출과 일본 보복을 국가·기업 양쪽에서 막을 판이 열린다","정보·제도","기술 방벽과 대중 역공의 주도권이 이 사건으로 김민재·태우 쪽에 한 단계 이동한다","트럼프와 골프를 치며 미국산 옥수수·대두 연 220억 달러 흡수를 약속한다 문제로 이어진다","기술보호법과 강제징용 판결 뒤의 한일 충돌을 검토하고 트럼프 재선을 지렛대로 삼는다의 당면 실행·결정","트럼프와 골프를 치며 미국산 옥수수·대두 연 220억 달러 흡수를 약속한다","S3-A01","0.94"
"504","504","치열한 공방 (4)","88182","88346","기술 유출과 일본 보복을 국가·기업 양쪽에서 막을 판이 열린다 상태","미중 충돌 속 기술·식량·정치 지렛대를 먼저 잡는 보상","기술 방벽과 대중 역공 국면에서 트럼프와 골프를 치며 미국산 옥수수·대두 연 220억 달러 흡수를 약속한다","트럼프와 골프를 치며 미국산 옥수수·대두 연 220억 달러 흡수를 약속한다","중국 기술탈취와 미·일의 이해관계가 동시에 압박한다","팜벨트 표와 미중 협상에 필요한 백악관 호의를 확보한다","팜벨트 표와 미중 협상에 필요한 백악관 호의를 확보한다","정보·제도","기술 방벽과 대중 역공의 주도권이 이 사건으로 김민재·태우 쪽에 한 단계 이동한다","다이먼·데이비드와 비테라 인수 및 머스크 농업위성 활용안을 짠다 문제로 이어진다","트럼프와 골프를 치며 미국산 옥수수·대두 연 220억 달러 흡수를 약속한다의 당면 실행·결정","다이먼·데이비드와 비테라 인수 및 머스크 농업위성 활용안을 짠다","S3-A01","0.94"
"505","505","치열한 공방 (5)","88347","88514","팜벨트 표와 미중 협상에 필요한 백악관 호의를 확보한다 상태","미중 충돌 속 기술·식량·정치 지렛대를 먼저 잡는 보상","기술 방벽과 대중 역공 국면에서 다이먼·데이비드와 비테라 인수 및 머스크 농업위성 활용안을 짠다","다이먼·데이비드와 비테라 인수 및 머스크 농업위성 활용안을 짠다","중국 기술탈취와 미·일의 이해관계가 동시에 압박한다","세계 곡물전쟁을 버틸 생산·관측·유통망의 골격을 만든다","세계 곡물전쟁을 버틸 생산·관측·유통망의 골격을 만든다","정보·제도","기술 방벽과 대중 역공의 주도권이 이 사건으로 김민재·태우 쪽에 한 단계 이동한다","천민정의 기술절도 증거로 탑테크와 중국 유출선을 이영한에게 넘긴다 문제로 이어진다","다이먼·데이비드와 비테라 인수 및 머스크 농업위성 활용안을 짠다의 당면 실행·결정","천민정의 기술절도 증거로 탑테크와 중국 유출선을 이영한에게 넘긴다","S3-A01","0.94"
"506","506","증거 확보 (1)","88515","88679","세계 곡물전쟁을 버틸 생산·관측·유통망의 골격을 만든다 상태","미중 충돌 속 기술·식량·정치 지렛대를 먼저 잡는 보상","기술 방벽과 대중 역공 국면에서 천민정의 기술절도 증거로 탑테크와 중국 유출선을 이영한에게 넘긴다","천민정의 기술절도 증거로 탑테크와 중국 유출선을 이영한에게 넘긴다","중국 기술탈취와 미·일의 이해관계가 동시에 압박한다","탑테크를 공개 본보기로 삼을 수 있는 물증이 확보된다","탑테크를 공개 본보기로 삼을 수 있는 물증이 확보된다","정보·제도","기술 방벽과 대중 역공의 주도권이 이 사건으로 김민재·태우 쪽에 한 단계 이동한다","이영한이 탑테크 양진태를 압박해 내부고발자로 돌린다 문제로 이어진다","천민정의 기술절도 증거로 탑테크와 중국 유출선을 이영한에게 넘긴다의 당면 실행·결정","이영한이 탑테크 양진태를 압박해 내부고발자로 돌린다","S3-A01","0.94"
"507","507","증거 확보 (2)","88680","88865","탑테크를 공개 본보기로 삼을 수 있는 물증이 확보된다 상태","미중 충돌 속 기술·식량·정치 지렛대를 먼저 잡는 보상","기술 방벽과 대중 역공 국면에서 이영한이 탑테크 양진태를 압박해 내부고발자로 돌린다","이영한이 탑테크 양진태를 압박해 내부고발자로 돌린다","중국 기술탈취와 미·일의 이해관계가 동시에 압박한다","기술유출 피해액과 조직적 거래를 내부자의 입으로 증명할 길이 열린다","기술유출 피해액과 조직적 거래를 내부자의 입으로 증명할 길이 열린다","정보·제도","기술 방벽과 대중 역공의 주도권이 이 사건으로 김민재·태우 쪽에 한 단계 이동한다","암호화폐 자금흐름과 5조 원 피해를 공개해 12월 7일 기술보호법 통과를 밀어붙인다 문제로 이어진다","이영한이 탑테크 양진태를 압박해 내부고발자로 돌린다의 당면 실행·결정","암호화폐 자금흐름과 5조 원 피해를 공개해 12월 7일 기술보호법 통과를 밀어붙인다","S3-A01","0.94"
"508","508","증거 확보 (3)","88866","89034","기술유출 피해액과 조직적 거래를 내부자의 입으로 증명할 길이 열린다 상태","미중 충돌 속 기술·식량·정치 지렛대를 먼저 잡는 보상","기술 방벽과 대중 역공 국면에서 암호화폐 자금흐름과 5조 원 피해를 공개해 12월 7일 기술보호법 통과를 밀어붙인다","암호화폐 자금흐름과 5조 원 피해를 공개해 12월 7일 기술보호법 통과를 밀어붙인다","중국 기술탈취와 미·일의 이해관계가 동시에 압박한다","산업스파이 처벌과 글로벌 블랙리스트 운용의 법적 기반이 생긴다","산업스파이 처벌과 글로벌 블랙리스트 운용의 법적 기반이 생긴다","정보·제도","기술 방벽과 대중 역공의 주도권이 이 사건으로 김민재·태우 쪽에 한 단계 이동한다","하버드 교수의 중국 연계를 터뜨리고 중국 부동산·지수 공매도와 미·일·EU 공조를 건다 문제로 이어진다","암호화폐 자금흐름과 5조 원 피해를 공개해 12월 7일 기술보호법 통과를 밀어붙인다의 당면 실행·결정","하버드 교수의 중국 연계를 터뜨리고 중국 부동산·지수 공매도와 미·일·EU 공조를 건다","S3-A01","0.94"
"509","509","증거 확보 (4)","89035","89193","산업스파이 처벌과 글로벌 블랙리스트 운용의 법적 기반이 생긴다 상태","미중 충돌 속 기술·식량·정치 지렛대를 먼저 잡는 보상","기술 방벽과 대중 역공 국면에서 하버드 교수의 중국 연계를 터뜨리고 중국 부동산·지수 공매도와 미·일·EU 공조를 건다","하버드 교수의 중국 연계를 터뜨리고 중국 부동산·지수 공매도와 미·일·EU 공조를 건다","중국 기술탈취와 미·일의 이해관계가 동시에 압박한다","리강을 양보 협상장으로 끌어낼 국제 여론과 금융 압박이 완성된다","리강을 양보 협상장으로 끌어낼 국제 여론과 금융 압박이 완성된다","정보·제도","기술 방벽과 대중 역공의 주도권이 이 사건으로 김민재·태우 쪽에 한 단계 이동한다","리강의 철회 요구를 증거로 꺾고 중국행 한국 기술자 블랙리스트를 준비한다 문제로 이어진다","하버드 교수의 중국 연계를 터뜨리고 중국 부동산·지수 공매도와 미·일·EU 공조를 건다의 당면 실행·결정","리강의 철회 요구를 증거로 꺾고 중국행 한국 기술자 블랙리스트를 준비한다","S3-A01","0.94"
"510","510","증거 확보 (5)","89194","89363","리강을 양보 협상장으로 끌어낼 국제 여론과 금융 압박이 완성된다 상태","미중 충돌 속 기술·식량·정치 지렛대를 먼저 잡는 보상","기술 방벽과 대중 역공 국면에서 리강의 철회 요구를 증거로 꺾고 중국행 한국 기술자 블랙리스트를 준비한다","리강의 철회 요구를 증거로 꺾고 중국행 한국 기술자 블랙리스트를 준비한다","중국 기술탈취와 미·일의 이해관계가 동시에 압박한다","중국이 기술전에서 수세에 몰리고 다음 곡물 카르텔 협상이 열린다","중국이 기술전에서 수세에 몰리고 다음 곡물 카르텔 협상이 열린다","정보·제도","기술 방벽과 대중 역공의 주도권이 이 사건으로 김민재·태우 쪽에 한 단계 이동한다","카길·와이자타 앞에서 연 1천억 달러 곡물 구매와 농장 임차를 제안한다 문제로 이어진다","리강의 철회 요구를 증거로 꺾고 중국행 한국 기술자 블랙리스트를 준비한다의 당면 실행·결정","카길·와이자타 앞에서 연 1천억 달러 곡물 구매와 농장 임차를 제안한다","S3-A01","0.94"
"511","511","식량 카르텔 (1)","89364","89522","중국이 기술전에서 수세에 몰리고 다음 곡물 카르텔 협상이 열린다 상태","곡물망·장비·소재를 선점해 국가 생존선을 만드는 보상","식량 카르텔과 한일전 준비 국면에서 카길·와이자타 앞에서 연 1천억 달러 곡물 구매와 농장 임차를 제안한다","카길·와이자타 앞에서 연 1천억 달러 곡물 구매와 농장 임차를 제안한다","곡물메이저와 일본 소재독점이 공급망을 죈다","탐욕과 경쟁을 이용해 곡물 메이저 단일전선을 갈라놓는다","탐욕과 경쟁을 이용해 곡물 메이저 단일전선을 갈라놓는다","물량·공급망","식량 카르텔과 한일전 준비의 주도권이 이 사건으로 김민재·태우 쪽에 한 단계 이동한다","비테라를 태우 곡물회사로 바꾸고 세계 농업 인프라 임차망을 묶는다 문제로 이어진다","카길·와이자타 앞에서 연 1천억 달러 곡물 구매와 농장 임차를 제안한다의 당면 실행·결정","비테라를 태우 곡물회사로 바꾸고 세계 농업 인프라 임차망을 묶는다","S3-A02","0.94"
"512","512","식량 카르텔 (2)","89523","89696","탐욕과 경쟁을 이용해 곡물 메이저 단일전선을 갈라놓는다 상태","곡물망·장비·소재를 선점해 국가 생존선을 만드는 보상","식량 카르텔과 한일전 준비 국면에서 비테라를 태우 곡물회사로 바꾸고 세계 농업 인프라 임차망을 묶는다","비테라를 태우 곡물회사로 바꾸고 세계 농업 인프라 임차망을 묶는다","곡물메이저와 일본 소재독점이 공급망을 죈다","한국 반도체가 흔들려도 버틸 식량 무기와 태우상사의 축이 생긴다","한국 반도체가 흔들려도 버틸 식량 무기와 태우상사의 축이 생긴다","물량·공급망","식량 카르텔과 한일전 준비의 주도권이 이 사건으로 김민재·태우 쪽에 한 단계 이동한다","중국에서 해고된 기술자를 막고 인도·베트남에 레거시 팹과 HBM·GPU 투자를 배치한다 문제로 이어진다","비테라를 태우 곡물회사로 바꾸고 세계 농업 인프라 임차망을 묶는다의 당면 실행·결정","중국에서 해고된 기술자를 막고 인도·베트남에 레거시 팹과 HBM·GPU 투자를 배치한다","S3-A02","0.94"
"513","513","식량 카르텔 (3)","89697","89854","한국 반도체가 흔들려도 버틸 식량 무기와 태우상사의 축이 생긴다 상태","곡물망·장비·소재를 선점해 국가 생존선을 만드는 보상","식량 카르텔과 한일전 준비 국면에서 중국에서 해고된 기술자를 막고 인도·베트남에 레거시 팹과 HBM·GPU 투자를 배치한다","중국에서 해고된 기술자를 막고 인도·베트남에 레거시 팹과 HBM·GPU 투자를 배치한다","곡물메이저와 일본 소재독점이 공급망을 죈다","동남아 동맹과 첨단칩 주도권을 동시에 확보하는 생산지도가 그려진다","동남아 동맹과 첨단칩 주도권을 동시에 확보하는 생산지도가 그려진다","물량·공급망","식량 카르텔과 한일전 준비의 주도권이 이 사건으로 김민재·태우 쪽에 한 단계 이동한다","레거시 공장 물량을 배분한 뒤 ASML을 찾아 EUV 장비 선점 협상에 들어간다 문제로 이어진다","중국에서 해고된 기술자를 막고 인도·베트남에 레거시 팹과 HBM·GPU 투자를 배치한다의 당면 실행·결정","레거시 공장 물량을 배분한 뒤 ASML을 찾아 EUV 장비 선점 협상에 들어간다","S3-A02","0.94"
"514","514","식량 카르텔 (4)","89855","90022","동남아 동맹과 첨단칩 주도권을 동시에 확보하는 생산지도가 그려진다 상태","곡물망·장비·소재를 선점해 국가 생존선을 만드는 보상","식량 카르텔과 한일전 준비 국면에서 레거시 공장 물량을 배분한 뒤 ASML을 찾아 EUV 장비 선점 협상에 들어간다","레거시 공장 물량을 배분한 뒤 ASML을 찾아 EUV 장비 선점 협상에 들어간다","곡물메이저와 일본 소재독점이 공급망을 죈다","중국 제재 뒤에도 태우가 장비 부족을 겪지 않을 교섭창이 열린다","중국 제재 뒤에도 태우가 장비 부족을 겪지 않을 교섭창이 열린다","물량·공급망","식량 카르텔과 한일전 준비의 주도권이 이 사건으로 김민재·태우 쪽에 한 단계 이동한다","ASML 증설비를 대고 기존 EUV 50퍼센트·신규 70퍼센트와 후일 DUV까지 약속받는다 문제로 이어진다","레거시 공장 물량을 배분한 뒤 ASML을 찾아 EUV 장비 선점 협상에 들어간다의 당면 실행·결정","ASML 증설비를 대고 기존 EUV 50퍼센트·신규 70퍼센트와 후일 DUV까지 약속받는다","S3-A02","0.94"
"515","515","식량 카르텔 (5)","90023","90196","중국 제재 뒤에도 태우가 장비 부족을 겪지 않을 교섭창이 열린다 상태","곡물망·장비·소재를 선점해 국가 생존선을 만드는 보상","식량 카르텔과 한일전 준비 국면에서 ASML 증설비를 대고 기존 EUV 50퍼센트·신규 70퍼센트와 후일 DUV까지 약속받는다","ASML 증설비를 대고 기존 EUV 50퍼센트·신규 70퍼센트와 후일 DUV까지 약속받는다","곡물메이저와 일본 소재독점이 공급망을 죈다","첨단·레거시 양쪽 장비 공급의 병목을 태우가 통제하게 된다","첨단·레거시 양쪽 장비 공급의 병목을 태우가 통제하게 된다","물량·공급망","식량 카르텔과 한일전 준비의 주도권이 이 사건으로 김민재·태우 쪽에 한 단계 이동한다","베트남의 김태중에게 저점 투자를 맡기고 귀국해 손실을 감수한 28GHz·스타링크 구축을 명령한다 문제로 이어진다","ASML 증설비를 대고 기존 EUV 50퍼센트·신규 70퍼센트와 후일 DUV까지 약속받는다의 당면 실행·결정","베트남의 김태중에게 저점 투자를 맡기고 귀국해 손실을 감수한 28GHz·스타링크 구축을 명령한다","S3-A02","0.94"
"516","516","동맹 형성 (1)","90197","90378","첨단·레거시 양쪽 장비 공급의 병목을 태우가 통제하게 된다 상태","곡물망·장비·소재를 선점해 국가 생존선을 만드는 보상","식량 카르텔과 한일전 준비 국면에서 베트남의 김태중에게 저점 투자를 맡기고 귀국해 손실을 감수한 28GHz·스타링크 구축을 명령한다","베트남의 김태중에게 저점 투자를 맡기고 귀국해 손실을 감수한 28GHz·스타링크 구축을 명령한다","곡물메이저와 일본 소재독점이 공급망을 죈다","회귀 전 통신 실패를 되풀이하지 않을 5G·자율주행 기반을 지킨다","회귀 전 통신 실패를 되풀이하지 않을 5G·자율주행 기반을 지킨다","물량·공급망","식량 카르텔과 한일전 준비의 주도권이 이 사건으로 김민재·태우 쪽에 한 단계 이동한다","일본 초계기 갈등을 계기로 일본 소재를 2~10배 비축하고 관련주 공매도를 준비한다 문제로 이어진다","베트남의 김태중에게 저점 투자를 맡기고 귀국해 손실을 감수한 28GHz·스타링크 구축을 명령한다의 당면 실행·결정","일본 초계기 갈등을 계기로 일본 소재를 2~10배 비축하고 관련주 공매도를 준비한다","S3-A02","0.94"
"517","517","동맹 형성 (2)","90379","90540","회귀 전 통신 실패를 되풀이하지 않을 5G·자율주행 기반을 지킨다 상태","곡물망·장비·소재를 선점해 국가 생존선을 만드는 보상","식량 카르텔과 한일전 준비 국면에서 일본 초계기 갈등을 계기로 일본 소재를 2~10배 비축하고 관련주 공매도를 준비한다","일본 초계기 갈등을 계기로 일본 소재를 2~10배 비축하고 관련주 공매도를 준비한다","곡물메이저와 일본 소재독점이 공급망을 죈다","다가올 수출규제를 재고와 금융수익으로 되받아칠 시간이 확보된다","다가올 수출규제를 재고와 금융수익으로 되받아칠 시간이 확보된다","물량·공급망","식량 카르텔과 한일전 준비의 주도권이 이 사건으로 김민재·태우 쪽에 한 단계 이동한다","이영한의 해외망으로 마스크·병동을 늘리고 머스크·오용재를 일본 제재 방어선에 묶는다 문제로 이어진다","일본 초계기 갈등을 계기로 일본 소재를 2~10배 비축하고 관련주 공매도를 준비한다의 당면 실행·결정","이영한의 해외망으로 마스크·병동을 늘리고 머스크·오용재를 일본 제재 방어선에 묶는다","S3-A02","0.94"
"518","518","동맹 형성 (3)","90541","90722","다가올 수출규제를 재고와 금융수익으로 되받아칠 시간이 확보된다 상태","곡물망·장비·소재를 선점해 국가 생존선을 만드는 보상","식량 카르텔과 한일전 준비 국면에서 이영한의 해외망으로 마스크·병동을 늘리고 머스크·오용재를 일본 제재 방어선에 묶는다","이영한의 해외망으로 마스크·병동을 늘리고 머스크·오용재를 일본 제재 방어선에 묶는다","곡물메이저와 일본 소재독점이 공급망을 죈다","방역과 반도체 양쪽에서 민간 동맹이 작동하기 시작한다","방역과 반도체 양쪽에서 민간 동맹이 작동하기 시작한다","물량·공급망","식량 카르텔과 한일전 준비의 주도권이 이 사건으로 김민재·태우 쪽에 한 단계 이동한다","듀폰 현지화를 타진하고 일본의 대북 밀수 영상·자금 증거를 강 대위와 모은다 문제로 이어진다","이영한의 해외망으로 마스크·병동을 늘리고 머스크·오용재를 일본 제재 방어선에 묶는다의 당면 실행·결정","듀폰 현지화를 타진하고 일본의 대북 밀수 영상·자금 증거를 강 대위와 모은다","S3-A02","0.94"
"519","519","동맹 형성 (4)","90723","90882","방역과 반도체 양쪽에서 민간 동맹이 작동하기 시작한다 상태","곡물망·장비·소재를 선점해 국가 생존선을 만드는 보상","식량 카르텔과 한일전 준비 국면에서 듀폰 현지화를 타진하고 일본의 대북 밀수 영상·자금 증거를 강 대위와 모은다","듀폰 현지화를 타진하고 일본의 대북 밀수 영상·자금 증거를 강 대위와 모은다","곡물메이저와 일본 소재독점이 공급망을 죈다","일본을 외교적으로 역공할 카드와 포토레지스트 대체선이 함께 생긴다","일본을 외교적으로 역공할 카드와 포토레지스트 대체선이 함께 생긴다","물량·공급망","식량 카르텔과 한일전 준비의 주도권이 이 사건으로 김민재·태우 쪽에 한 단계 이동한다","듀폰에 2천만 달러와 지분 30퍼센트로 한국 EUV 포토레지스트 공장을 세운다 문제로 이어진다","듀폰 현지화를 타진하고 일본의 대북 밀수 영상·자금 증거를 강 대위와 모은다의 당면 실행·결정","듀폰에 2천만 달러와 지분 30퍼센트로 한국 EUV 포토레지스트 공장을 세운다","S3-A02","0.94"
"520","520","동맹 형성 (5)","90883","91041","일본을 외교적으로 역공할 카드와 포토레지스트 대체선이 함께 생긴다 상태","곡물망·장비·소재를 선점해 국가 생존선을 만드는 보상","식량 카르텔과 한일전 준비 국면에서 듀폰에 2천만 달러와 지분 30퍼센트로 한국 EUV 포토레지스트 공장을 세운다","듀폰에 2천만 달러와 지분 30퍼센트로 한국 EUV 포토레지스트 공장을 세운다","곡물메이저와 일본 소재독점이 공급망을 죈다","일본 정책 변경 시 계약을 끊고 업체를 빼올 소재 자립 덫이 완성된다","일본 정책 변경 시 계약을 끊고 업체를 빼올 소재 자립 덫이 완성된다","물량·공급망","식량 카르텔과 한일전 준비의 주도권이 이 사건으로 김민재·태우 쪽에 한 단계 이동한다","센트리언 진단·백신 연구와 대형 제약공장을 손실을 감수하고 확대한다 문제로 이어진다","듀폰에 2천만 달러와 지분 30퍼센트로 한국 EUV 포토레지스트 공장을 세운다의 당면 실행·결정","센트리언 진단·백신 연구와 대형 제약공장을 손실을 감수하고 확대한다","S3-A02","0.94"
"521","521","폭풍 전야 (1)","91042","91200","일본 정책 변경 시 계약을 끊고 업체를 빼올 소재 자립 덫이 완성된다 상태","이 상무 복수와 일본 수출규제를 역수확하는 보상","중국 보조금 덫과 일본 개전 국면에서 센트리언 진단·백신 연구와 대형 제약공장을 손실을 감수하고 확대한다","센트리언 진단·백신 연구와 대형 제약공장을 손실을 감수하고 확대한다","중국 은폐와 일본 정부의 기습 규제가 시간 압박을 만든다","미중 휴전 뒤 올 전염병 폭풍을 받을 생산능력이 선행 구축된다","미중 휴전 뒤 올 전염병 폭풍을 받을 생산능력이 선행 구축된다","복수·국가전","중국 보조금 덫과 일본 개전의 주도권이 이 사건으로 김민재·태우 쪽에 한 단계 이동한다","수감된 이 상무에게 가짜·도난 반도체 기술을 건네 중국 보조금 사냥꾼으로 쓴다 문제로 이어진다","센트리언 진단·백신 연구와 대형 제약공장을 손실을 감수하고 확대한다의 당면 실행·결정","수감된 이 상무에게 가짜·도난 반도체 기술을 건네 중국 보조금 사냥꾼으로 쓴다","S3-A03","0.94"
"522","522","폭풍 전야 (2)","91201","91367","미중 휴전 뒤 올 전염병 폭풍을 받을 생산능력이 선행 구축된다 상태","이 상무 복수와 일본 수출규제를 역수확하는 보상","중국 보조금 덫과 일본 개전 국면에서 수감된 이 상무에게 가짜·도난 반도체 기술을 건네 중국 보조금 사냥꾼으로 쓴다","수감된 이 상무에게 가짜·도난 반도체 기술을 건네 중국 보조금 사냥꾼으로 쓴다","중국 은폐와 일본 정부의 기습 규제가 시간 압박을 만든다","원수에게 중국 돈을 빨아오게 하는 복수 겸 자금 회수 장치가 가동된다","원수에게 중국 돈을 빨아오게 하는 복수 겸 자금 회수 장치가 가동된다","복수·국가전","중국 보조금 덫과 일본 개전의 주도권이 이 사건으로 김민재·태우 쪽에 한 단계 이동한다","조 사장·박진훈을 거친 USB로 이 상무를 움직이고 마스크 생산을 200~400퍼센트 늘린다 문제로 이어진다","수감된 이 상무에게 가짜·도난 반도체 기술을 건네 중국 보조금 사냥꾼으로 쓴다의 당면 실행·결정","조 사장·박진훈을 거친 USB로 이 상무를 움직이고 마스크 생산을 200~400퍼센트 늘린다","S3-A03","0.94"
"523","523","폭풍 전야 (3)","91368","91543","원수에게 중국 돈을 빨아오게 하는 복수 겸 자금 회수 장치가 가동된다 상태","이 상무 복수와 일본 수출규제를 역수확하는 보상","중국 보조금 덫과 일본 개전 국면에서 조 사장·박진훈을 거친 USB로 이 상무를 움직이고 마스크 생산을 200~400퍼센트 늘린다","조 사장·박진훈을 거친 USB로 이 상무를 움직이고 마스크 생산을 200~400퍼센트 늘린다","중국 은폐와 일본 정부의 기습 규제가 시간 압박을 만든다","미중 협상 결렬과 우한 사태에 앞선 두 개의 물량 우위가 생긴다","미중 협상 결렬과 우한 사태에 앞선 두 개의 물량 우위가 생긴다","복수·국가전","중국 보조금 덫과 일본 개전의 주도권이 이 사건으로 김민재·태우 쪽에 한 단계 이동한다","미중 협상 결렬·관세·홍콩시위에 맞춰 공매도하고 중국 전역에 가짜 팹을 번식시킨다 문제로 이어진다","조 사장·박진훈을 거친 USB로 이 상무를 움직이고 마스크 생산을 200~400퍼센트 늘린다의 당면 실행·결정","미중 협상 결렬·관세·홍콩시위에 맞춰 공매도하고 중국 전역에 가짜 팹을 번식시킨다","S3-A03","0.94"
"524","524","폭풍 전야 (4)","91544","91711","미중 협상 결렬과 우한 사태에 앞선 두 개의 물량 우위가 생긴다 상태","이 상무 복수와 일본 수출규제를 역수확하는 보상","중국 보조금 덫과 일본 개전 국면에서 미중 협상 결렬·관세·홍콩시위에 맞춰 공매도하고 중국 전역에 가짜 팹을 번식시킨다","미중 협상 결렬·관세·홍콩시위에 맞춰 공매도하고 중국 전역에 가짜 팹을 번식시킨다","중국 은폐와 일본 정부의 기습 규제가 시간 압박을 만든다","시장 하락 수익과 중국 보조금 누수라는 이중 보상이 발생한다","시장 하락 수익과 중국 보조금 누수라는 이중 보상이 발생한다","복수·국가전","중국 보조금 덫과 일본 개전의 주도권이 이 사건으로 김민재·태우 쪽에 한 단계 이동한다","G20를 앞두고 GSOMIA·대북밀수·차량용칩을 일본 제재 대응 카드로 묶는다 문제로 이어진다","미중 협상 결렬·관세·홍콩시위에 맞춰 공매도하고 중국 전역에 가짜 팹을 번식시킨다의 당면 실행·결정","G20를 앞두고 GSOMIA·대북밀수·차량용칩을 일본 제재 대응 카드로 묶는다","S3-A03","0.94"
"525","525","폭풍 전야 (5)","91712","91878","시장 하락 수익과 중국 보조금 누수라는 이중 보상이 발생한다 상태","이 상무 복수와 일본 수출규제를 역수확하는 보상","중국 보조금 덫과 일본 개전 국면에서 G20를 앞두고 GSOMIA·대북밀수·차량용칩을 일본 제재 대응 카드로 묶는다","G20를 앞두고 GSOMIA·대북밀수·차량용칩을 일본 제재 대응 카드로 묶는다","중국 은폐와 일본 정부의 기습 규제가 시간 압박을 만든다","미중 일시 휴전 뒤 곧 시작될 한일전의 대응 순서가 확정된다","미중 일시 휴전 뒤 곧 시작될 한일전의 대응 순서가 확정된다","복수·국가전","중국 보조금 덫과 일본 개전의 주도권이 이 사건으로 김민재·태우 쪽에 한 단계 이동한다","G20 직후 트럼프의 방한과 반도체도시 방문을 일본 공매도 개시 신호로 삼는다 문제로 이어진다","G20를 앞두고 GSOMIA·대북밀수·차량용칩을 일본 제재 대응 카드로 묶는다의 당면 실행·결정","G20 직후 트럼프의 방한과 반도체도시 방문을 일본 공매도 개시 신호로 삼는다","S3-A03","0.94"
"526","526","어리석은 전쟁 (1)","91879","92060","미중 일시 휴전 뒤 곧 시작될 한일전의 대응 순서가 확정된다 상태","이 상무 복수와 일본 수출규제를 역수확하는 보상","중국 보조금 덫과 일본 개전 국면에서 G20 직후 트럼프의 방한과 반도체도시 방문을 일본 공매도 개시 신호로 삼는다","G20 직후 트럼프의 방한과 반도체도시 방문을 일본 공매도 개시 신호로 삼는다","중국 은폐와 일본 정부의 기습 규제가 시간 압박을 만든다","7월 1일 수출규제에 금융타워가 즉시 반응할 전시태세가 된다","7월 1일 수출규제에 금융타워가 즉시 반응할 전시태세가 된다","복수·국가전","중국 보조금 덫과 일본 개전의 주도권이 이 사건으로 김민재·태우 쪽에 한 단계 이동한다","트럼프 재선용 기업 프로젝트를 약속하면서 한국 반도체를 미국 선거 이해와 묶는다 문제로 이어진다","G20 직후 트럼프의 방한과 반도체도시 방문을 일본 공매도 개시 신호로 삼는다의 당면 실행·결정","트럼프 재선용 기업 프로젝트를 약속하면서 한국 반도체를 미국 선거 이해와 묶는다","S3-A03","0.94"
"527","527","어리석은 전쟁 (2)","92061","92243","7월 1일 수출규제에 금융타워가 즉시 반응할 전시태세가 된다 상태","이 상무 복수와 일본 수출규제를 역수확하는 보상","중국 보조금 덫과 일본 개전 국면에서 트럼프 재선용 기업 프로젝트를 약속하면서 한국 반도체를 미국 선거 이해와 묶는다","트럼프 재선용 기업 프로젝트를 약속하면서 한국 반도체를 미국 선거 이해와 묶는다","중국 은폐와 일본 정부의 기습 규제가 시간 압박을 만든다","일본이 공격해도 백악관이 한국을 버리기 어려운 구조가 선다","일본이 공격해도 백악관이 한국을 버리기 어려운 구조가 선다","복수·국가전","중국 보조금 덫과 일본 개전의 주도권이 이 사건으로 김민재·태우 쪽에 한 단계 이동한다","일본의 3개 소재 수출규제에 6개월 재고와 국산화 기술을 내보이고 정부 규제완화를 얻는다 문제로 이어진다","트럼프 재선용 기업 프로젝트를 약속하면서 한국 반도체를 미국 선거 이해와 묶는다의 당면 실행·결정","일본의 3개 소재 수출규제에 6개월 재고와 국산화 기술을 내보이고 정부 규제완화를 얻는다","S3-A03","0.94"
"528","528","어리석은 전쟁 (3)","92244","92424","일본이 공격해도 백악관이 한국을 버리기 어려운 구조가 선다 상태","이 상무 복수와 일본 수출규제를 역수확하는 보상","중국 보조금 덫과 일본 개전 국면에서 일본의 3개 소재 수출규제에 6개월 재고와 국산화 기술을 내보이고 정부 규제완화를 얻는다","일본의 3개 소재 수출규제에 6개월 재고와 국산화 기술을 내보이고 정부 규제완화를 얻는다","중국 은폐와 일본 정부의 기습 규제가 시간 압박을 만든다","예상된 공격이 태우의 시간과 국가 지원으로 전환된다","예상된 공격이 태우의 시간과 국가 지원으로 전환된다","복수·국가전","중국 보조금 덫과 일본 개전의 주도권이 이 사건으로 김민재·태우 쪽에 한 단계 이동한다","최재석에게 이미 확보한 기술을 숨겨 발표 시점을 조절하고 듀폰·삼진·연구기관을 가속한다 문제로 이어진다","일본의 3개 소재 수출규제에 6개월 재고와 국산화 기술을 내보이고 정부 규제완화를 얻는다의 당면 실행·결정","최재석에게 이미 확보한 기술을 숨겨 발표 시점을 조절하고 듀폰·삼진·연구기관을 가속한다","S3-A03","0.94"
"529","529","어리석은 전쟁 (4)","92425","92586","예상된 공격이 태우의 시간과 국가 지원으로 전환된다 상태","이 상무 복수와 일본 수출규제를 역수확하는 보상","중국 보조금 덫과 일본 개전 국면에서 최재석에게 이미 확보한 기술을 숨겨 발표 시점을 조절하고 듀폰·삼진·연구기관을 가속한다","최재석에게 이미 확보한 기술을 숨겨 발표 시점을 조절하고 듀폰·삼진·연구기관을 가속한다","중국 은폐와 일본 정부의 기습 규제가 시간 압박을 만든다","일본 기업 손실이 커질 때 국산화를 터뜨릴 타이밍 주도권을 쥔다","일본 기업 손실이 커질 때 국산화를 터뜨릴 타이밍 주도권을 쥔다","복수·국가전","중국 보조금 덫과 일본 개전의 주도권이 이 사건으로 김민재·태우 쪽에 한 단계 이동한다","대북밀수 증거를 공개하고 이영한이 일본 소재기업을 부채·이전 계약으로 포획한다 문제로 이어진다","최재석에게 이미 확보한 기술을 숨겨 발표 시점을 조절하고 듀폰·삼진·연구기관을 가속한다의 당면 실행·결정","대북밀수 증거를 공개하고 이영한이 일본 소재기업을 부채·이전 계약으로 포획한다","S3-A03","0.94"
"530","530","어리석은 전쟁 (5)","92587","92760","일본 기업 손실이 커질 때 국산화를 터뜨릴 타이밍 주도권을 쥔다 상태","이 상무 복수와 일본 수출규제를 역수확하는 보상","중국 보조금 덫과 일본 개전 국면에서 대북밀수 증거를 공개하고 이영한이 일본 소재기업을 부채·이전 계약으로 포획한다","대북밀수 증거를 공개하고 이영한이 일본 소재기업을 부채·이전 계약으로 포획한다","중국 은폐와 일본 정부의 기습 규제가 시간 압박을 만든다","일본의 명분과 산업기반을 동시에 깎는 역공이 시작된다","일본의 명분과 산업기반을 동시에 깎는 역공이 시작된다","복수·국가전","중국 보조금 덫과 일본 개전의 주도권이 이 사건으로 김민재·태우 쪽에 한 단계 이동한다","미국 지지를 확인한 뒤 12나인 불화수소 양산을 기자회견으로 발표한다 문제로 이어진다","대북밀수 증거를 공개하고 이영한이 일본 소재기업을 부채·이전 계약으로 포획한다의 당면 실행·결정","미국 지지를 확인한 뒤 12나인 불화수소 양산을 기자회견으로 발표한다","S3-A03","0.94"
"531","531","철통 방어 (1)","92761","92938","일본의 명분과 산업기반을 동시에 깎는 역공이 시작된다 상태","12나인 국산화와 일본 기업 포획이 연속 결산되는 보상","소재전 승리와 오염수 블랙홀 국면에서 미국 지지를 확인한 뒤 12나인 불화수소 양산을 기자회견으로 발표한다","미국 지지를 확인한 뒤 12나인 불화수소 양산을 기자회견으로 발표한다","일본의 금융·외교 확전과 대규모 적자가 비용으로 남는다","일본 수출규제의 핵심 병목이 한국의 기술 성과로 뒤집힌다","일본 수출규제의 핵심 병목이 한국의 기술 성과로 뒤집힌다","산업·외교","소재전 승리와 오염수 블랙홀의 주도권이 이 사건으로 김민재·태우 쪽에 한 단계 이동한다","불화수소 공급을 70퍼센트에서 100퍼센트로 끌어올리고 일본의 규제 철회를 받아낸다 문제로 이어진다","미국 지지를 확인한 뒤 12나인 불화수소 양산을 기자회견으로 발표한다의 당면 실행·결정","불화수소 공급을 70퍼센트에서 100퍼센트로 끌어올리고 일본의 규제 철회를 받아낸다","S3-A03","0.94"
"532","532","철통 방어 (2)","92939","93115","일본 수출규제의 핵심 병목이 한국의 기술 성과로 뒤집힌다 상태","12나인 국산화와 일본 기업 포획이 연속 결산되는 보상","소재전 승리와 오염수 블랙홀 국면에서 불화수소 공급을 70퍼센트에서 100퍼센트로 끌어올리고 일본의 규제 철회를 받아낸다","불화수소 공급을 70퍼센트에서 100퍼센트로 끌어올리고 일본의 규제 철회를 받아낸다","일본의 금융·외교 확전과 대규모 적자가 비용으로 남는다","관련주 공매도 이익과 첫 소재전의 명백한 승리를 거둔다","관련주 공매도 이익과 첫 소재전의 명백한 승리를 거둔다","산업·외교","소재전 승리와 오염수 블랙홀의 주도권이 이 사건으로 김민재·태우 쪽에 한 단계 이동한다","오용재에게 공장을 보여 준 뒤 오사카 라이킨공업 아키토를 채무로 압박한다 문제로 이어진다","불화수소 공급을 70퍼센트에서 100퍼센트로 끌어올리고 일본의 규제 철회를 받아낸다의 당면 실행·결정","오용재에게 공장을 보여 준 뒤 오사카 라이킨공업 아키토를 채무로 압박한다","S3-A03","0.94"
"533","533","철통 방어 (3)","93116","93279","관련주 공매도 이익과 첫 소재전의 명백한 승리를 거둔다 상태","12나인 국산화와 일본 기업 포획이 연속 결산되는 보상","소재전 승리와 오염수 블랙홀 국면에서 오용재에게 공장을 보여 준 뒤 오사카 라이킨공업 아키토를 채무로 압박한다","오용재에게 공장을 보여 준 뒤 오사카 라이킨공업 아키토를 채무로 압박한다","일본의 금융·외교 확전과 대규모 적자가 비용으로 남는다","철회 뒤에도 일본 핵심기업을 한국으로 옮기는 다음 수확이 열린다","철회 뒤에도 일본 핵심기업을 한국으로 옮기는 다음 수확이 열린다","산업·외교","소재전 승리와 오염수 블랙홀의 주도권이 이 사건으로 김민재·태우 쪽에 한 단계 이동한다","아키토의 한국공장·지분 양도를 받고 같은 방식으로 일본 소재기업 네 곳을 확보한다 문제로 이어진다","오용재에게 공장을 보여 준 뒤 오사카 라이킨공업 아키토를 채무로 압박한다의 당면 실행·결정","아키토의 한국공장·지분 양도를 받고 같은 방식으로 일본 소재기업 네 곳을 확보한다","S3-A03","0.94"
"534","534","철통 방어 (4)","93280","93453","철회 뒤에도 일본 핵심기업을 한국으로 옮기는 다음 수확이 열린다 상태","12나인 국산화와 일본 기업 포획이 연속 결산되는 보상","소재전 승리와 오염수 블랙홀 국면에서 아키토의 한국공장·지분 양도를 받고 같은 방식으로 일본 소재기업 네 곳을 확보한다","아키토의 한국공장·지분 양도를 받고 같은 방식으로 일본 소재기업 네 곳을 확보한다","일본의 금융·외교 확전과 대규모 적자가 비용으로 남는다","사우디 자금까지 위장 투입한 장기 소재 지배망이 생긴다","사우디 자금까지 위장 투입한 장기 소재 지배망이 생긴다","산업·외교","소재전 승리와 오염수 블랙홀의 주도권이 이 사건으로 김민재·태우 쪽에 한 단계 이동한다","듀폰 포토레지스트 성공과 GSOMIA를 묶어 일본의 선박·금융 확전 제안을 역이용한다 문제로 이어진다","아키토의 한국공장·지분 양도를 받고 같은 방식으로 일본 소재기업 네 곳을 확보한다의 당면 실행·결정","듀폰 포토레지스트 성공과 GSOMIA를 묶어 일본의 선박·금융 확전 제안을 역이용한다","S3-A03","0.94"
"535","535","철통 방어 (5)","93454","93619","사우디 자금까지 위장 투입한 장기 소재 지배망이 생긴다 상태","12나인 국산화와 일본 기업 포획이 연속 결산되는 보상","소재전 승리와 오염수 블랙홀 국면에서 듀폰 포토레지스트 성공과 GSOMIA를 묶어 일본의 선박·금융 확전 제안을 역이용한다","듀폰 포토레지스트 성공과 GSOMIA를 묶어 일본의 선박·금융 확전 제안을 역이용한다","일본의 금융·외교 확전과 대규모 적자가 비용으로 남는다","일본이 체면을 지키려 넓힌 전장이 태우의 추가 인수 기회가 된다","일본이 체면을 지키려 넓힌 전장이 태우의 추가 인수 기회가 된다","산업·외교","소재전 승리와 오염수 블랙홀의 주도권이 이 사건으로 김민재·태우 쪽에 한 단계 이동한다","일본 금융공격에 100조 원 대출과 미국 통화스와프로 철통 방어한다 문제로 이어진다","듀폰 포토레지스트 성공과 GSOMIA를 묶어 일본의 선박·금융 확전 제안을 역이용한다의 당면 실행·결정","일본 금융공격에 100조 원 대출과 미국 통화스와프로 철통 방어한다","S3-A03","0.94"
"536","536","블랙홀 (1)","93620","93775","일본이 체면을 지키려 넓힌 전장이 태우의 추가 인수 기회가 된다 상태","12나인 국산화와 일본 기업 포획이 연속 결산되는 보상","소재전 승리와 오염수 블랙홀 국면에서 일본 금융공격에 100조 원 대출과 미국 통화스와프로 철통 방어한다","일본 금융공격에 100조 원 대출과 미국 통화스와프로 철통 방어한다","일본의 금융·외교 확전과 대규모 적자가 비용으로 남는다","태우상사의 단기 적자를 감수하고도 국가·그룹 유동성을 지킨다","태우상사의 단기 적자를 감수하고도 국가·그룹 유동성을 지킨다","산업·외교","소재전 승리와 오염수 블랙홀의 주도권이 이 사건으로 김민재·태우 쪽에 한 단계 이동한다","러시아 로만을 통해 후쿠시마 오염수 문제를 국제 의제로 키운다 문제로 이어진다","일본 금융공격에 100조 원 대출과 미국 통화스와프로 철통 방어한다의 당면 실행·결정","러시아 로만을 통해 후쿠시마 오염수 문제를 국제 의제로 키운다","S3-A03","0.94"
"537","537","블랙홀 (2)","93776","93953","태우상사의 단기 적자를 감수하고도 국가·그룹 유동성을 지킨다 상태","12나인 국산화와 일본 기업 포획이 연속 결산되는 보상","소재전 승리와 오염수 블랙홀 국면에서 러시아 로만을 통해 후쿠시마 오염수 문제를 국제 의제로 키운다","러시아 로만을 통해 후쿠시마 오염수 문제를 국제 의제로 키운다","일본의 금융·외교 확전과 대규모 적자가 비용으로 남는다","일본이 빠져나오기 힘든 외교·비용의 블랙홀이 만들어진다","일본이 빠져나오기 힘든 외교·비용의 블랙홀이 만들어진다","산업·외교","소재전 승리와 오염수 블랙홀의 주도권이 이 사건으로 김민재·태우 쪽에 한 단계 이동한다","중국에서 리강의 공조와 우한 의료진 파견 근거를 얻고 한국의 일본 금융지원도 설계한다 문제로 이어진다","러시아 로만을 통해 후쿠시마 오염수 문제를 국제 의제로 키운다의 당면 실행·결정","중국에서 리강의 공조와 우한 의료진 파견 근거를 얻고 한국의 일본 금융지원도 설계한다","S3-A03","0.94"
"538","538","블랙홀 (3)","93954","94124","일본이 빠져나오기 힘든 외교·비용의 블랙홀이 만들어진다 상태","12나인 국산화와 일본 기업 포획이 연속 결산되는 보상","소재전 승리와 오염수 블랙홀 국면에서 중국에서 리강의 공조와 우한 의료진 파견 근거를 얻고 한국의 일본 금융지원도 설계한다","중국에서 리강의 공조와 우한 의료진 파견 근거를 얻고 한국의 일본 금융지원도 설계한다","일본의 금융·외교 확전과 대규모 적자가 비용으로 남는다","오염수 연대와 신종 감염병 조기감시라는 두 카드가 연결된다","오염수 연대와 신종 감염병 조기감시라는 두 카드가 연결된다","산업·외교","소재전 승리와 오염수 블랙홀의 주도권이 이 사건으로 김민재·태우 쪽에 한 단계 이동한다","한·중·러 오염수 공세를 굳히고 러시아 전쟁·중국 가짜 팹에 대비해 달러와 현금을 쌓는다 문제로 이어진다","중국에서 리강의 공조와 우한 의료진 파견 근거를 얻고 한국의 일본 금융지원도 설계한다의 당면 실행·결정","한·중·러 오염수 공세를 굳히고 러시아 전쟁·중국 가짜 팹에 대비해 달러와 현금을 쌓는다","S3-A03","0.94"
"539","539","블랙홀 (4)","94125","94313","오염수 연대와 신종 감염병 조기감시라는 두 카드가 연결된다 상태","12나인 국산화와 일본 기업 포획이 연속 결산되는 보상","소재전 승리와 오염수 블랙홀 국면에서 한·중·러 오염수 공세를 굳히고 러시아 전쟁·중국 가짜 팹에 대비해 달러와 현금을 쌓는다","한·중·러 오염수 공세를 굳히고 러시아 전쟁·중국 가짜 팹에 대비해 달러와 현금을 쌓는다","일본의 금융·외교 확전과 대규모 적자가 비용으로 남는다","다음 세계 충격을 살 현금과 일본 압박의 연합전선이 완성된다","다음 세계 충격을 살 현금과 일본 압박의 연합전선이 완성된다","산업·외교","소재전 승리와 오염수 블랙홀의 주도권이 이 사건으로 김민재·태우 쪽에 한 단계 이동한다","대화그룹 김정권의 소재 국산화를 띄우고 HBM·양자·AI에 무제한 투자를 돌린다 문제로 이어진다","한·중·러 오염수 공세를 굳히고 러시아 전쟁·중국 가짜 팹에 대비해 달러와 현금을 쌓는다의 당면 실행·결정","대화그룹 김정권의 소재 국산화를 띄우고 HBM·양자·AI에 무제한 투자를 돌린다","S3-A03","0.94"
"540","540","블랙홀 (5)","94314","94486","다음 세계 충격을 살 현금과 일본 압박의 연합전선이 완성된다 상태","12나인 국산화와 일본 기업 포획이 연속 결산되는 보상","소재전 승리와 오염수 블랙홀 국면에서 대화그룹 김정권의 소재 국산화를 띄우고 HBM·양자·AI에 무제한 투자를 돌린다","대화그룹 김정권의 소재 국산화를 띄우고 HBM·양자·AI에 무제한 투자를 돌린다","일본의 금융·외교 확전과 대규모 적자가 비용으로 남는다","소재전 결산이 코로나 수익으로 미래기술을 사는 다음 국면으로 넘어간다","소재전 결산이 코로나 수익으로 미래기술을 사는 다음 국면으로 넘어간다","산업·외교","소재전 승리와 오염수 블랙홀의 주도권이 이 사건으로 김민재·태우 쪽에 한 단계 이동한다","태우병원 이동수 의료진이 우한에서 신종 코로나를 탐지하고 센트리언이 백신·진단 개발에 착수한다 문제로 이어진다","대화그룹 김정권의 소재 국산화를 띄우고 HBM·양자·AI에 무제한 투자를 돌린다의 당면 실행·결정","태우병원 이동수 의료진이 우한에서 신종 코로나를 탐지하고 센트리언이 백신·진단 개발에 착수한다","S3-A03","0.94"
"541","541","폭풍의 서막 (1)","94487","94679","소재전 결산이 코로나 수익으로 미래기술을 사는 다음 국면으로 넘어간다 상태","회귀 지식이 실제 조기탐지·국가 방역우위로 변하는 보상","우한 조기경보와 진단키트 패권 국면에서 태우병원 이동수 의료진이 우한에서 신종 코로나를 탐지하고 센트리언이 백신·진단 개발에 착수한다","태우병원 이동수 의료진이 우한에서 신종 코로나를 탐지하고 센트리언이 백신·진단 개발에 착수한다","중국의 은폐·기술요구와 내부 물량탈취가 방역선을 흔든다","중국 발표 전 병원 데이터로 세계 최초 대응시간을 확보한다","중국 발표 전 병원 데이터로 세계 최초 대응시간을 확보한다","생존·국가위상","우한 조기경보와 진단키트 패권의 주도권이 이 사건으로 김민재·태우 쪽에 한 단계 이동한다","우한 병원 격리 절차와 원격근무·메타버스 체계를 그룹 전체에 깐다 문제로 이어진다","태우병원 이동수 의료진이 우한에서 신종 코로나를 탐지하고 센트리언이 백신·진단 개발에 착수한다의 당면 실행·결정","우한 병원 격리 절차와 원격근무·메타버스 체계를 그룹 전체에 깐다","S3-A04","0.94"
"542","542","폭풍의 서막 (2)","94680","94849","중국 발표 전 병원 데이터로 세계 최초 대응시간을 확보한다 상태","회귀 지식이 실제 조기탐지·국가 방역우위로 변하는 보상","우한 조기경보와 진단키트 패권 국면에서 우한 병원 격리 절차와 원격근무·메타버스 체계를 그룹 전체에 깐다","우한 병원 격리 절차와 원격근무·메타버스 체계를 그룹 전체에 깐다","중국의 은폐·기술요구와 내부 물량탈취가 방역선을 흔든다","직원 생존과 최재석 정부의 방역 신뢰를 함께 지킬 준비가 끝난다","직원 생존과 최재석 정부의 방역 신뢰를 함께 지킬 준비가 끝난다","생존·국가위상","우한 조기경보와 진단키트 패권의 주도권이 이 사건으로 김민재·태우 쪽에 한 단계 이동한다","귀국 의료진을 격리하고 금융타워 공매도·마스크 원료·무인택시를 최대로 늘린다 문제로 이어진다","우한 병원 격리 절차와 원격근무·메타버스 체계를 그룹 전체에 깐다의 당면 실행·결정","귀국 의료진을 격리하고 금융타워 공매도·마스크 원료·무인택시를 최대로 늘린다","S3-A04","0.94"
"543","543","폭풍의 서막 (3)","94850","95015","직원 생존과 최재석 정부의 방역 신뢰를 함께 지킬 준비가 끝난다 상태","회귀 지식이 실제 조기탐지·국가 방역우위로 변하는 보상","우한 조기경보와 진단키트 패권 국면에서 귀국 의료진을 격리하고 금융타워 공매도·마스크 원료·무인택시를 최대로 늘린다","귀국 의료진을 격리하고 금융타워 공매도·마스크 원료·무인택시를 최대로 늘린다","중국의 은폐·기술요구와 내부 물량탈취가 방역선을 흔든다","감염·시장붕괴·이동중단 세 충격에 대한 선행 방어가 선다","감염·시장붕괴·이동중단 세 충격에 대한 선행 방어가 선다","생존·국가위상","우한 조기경보와 진단키트 패권의 주도권이 이 사건으로 김민재·태우 쪽에 한 단계 이동한다","센트리언 자가진단키트 성공을 최재석에게 알리고 국가 검역에 투입한다 문제로 이어진다","귀국 의료진을 격리하고 금융타워 공매도·마스크 원료·무인택시를 최대로 늘린다의 당면 실행·결정","센트리언 자가진단키트 성공을 최재석에게 알리고 국가 검역에 투입한다","S3-A04","0.94"
"544","544","폭풍의 서막 (4)","95016","95182","감염·시장붕괴·이동중단 세 충격에 대한 선행 방어가 선다 상태","회귀 지식이 실제 조기탐지·국가 방역우위로 변하는 보상","우한 조기경보와 진단키트 패권 국면에서 센트리언 자가진단키트 성공을 최재석에게 알리고 국가 검역에 투입한다","센트리언 자가진단키트 성공을 최재석에게 알리고 국가 검역에 투입한다","중국의 은폐·기술요구와 내부 물량탈취가 방역선을 흔든다","한국이 감염자를 가장 먼저 찾아내는 방역 주도권을 얻는다","한국이 감염자를 가장 먼저 찾아내는 방역 주도권을 얻는다","생존·국가위상","우한 조기경보와 진단키트 패권의 주도권이 이 사건으로 김민재·태우 쪽에 한 단계 이동한다","중국의 은폐 속 한중일 정상회의에서 리강천의 검역 완화 요구를 최재석이 거부한다 문제로 이어진다","센트리언 자가진단키트 성공을 최재석에게 알리고 국가 검역에 투입한다의 당면 실행·결정","중국의 은폐 속 한중일 정상회의에서 리강천의 검역 완화 요구를 최재석이 거부한다","S3-A04","0.94"
"545","545","폭풍의 서막 (5)","95183","95364","한국이 감염자를 가장 먼저 찾아내는 방역 주도권을 얻는다 상태","회귀 지식이 실제 조기탐지·국가 방역우위로 변하는 보상","우한 조기경보와 진단키트 패권 국면에서 중국의 은폐 속 한중일 정상회의에서 리강천의 검역 완화 요구를 최재석이 거부한다","중국의 은폐 속 한중일 정상회의에서 리강천의 검역 완화 요구를 최재석이 거부한다","중국의 은폐·기술요구와 내부 물량탈취가 방역선을 흔든다","경제압박보다 생존을 우선한 한국 방역선이 유지된다","경제압박보다 생존을 우선한 한국 방역선이 유지된다","생존·국가위상","우한 조기경보와 진단키트 패권의 주도권이 이 사건으로 김민재·태우 쪽에 한 단계 이동한다","12월 31일 공식 보도와 동시에 한국이 키트로 첫 환자를 잡고 마스크 가격통제에 들어간다 문제로 이어진다","중국의 은폐 속 한중일 정상회의에서 리강천의 검역 완화 요구를 최재석이 거부한다의 당면 실행·결정","12월 31일 공식 보도와 동시에 한국이 키트로 첫 환자를 잡고 마스크 가격통제에 들어간다","S3-A04","0.94"
"546","546","시대의 전환점 (1)","95365","95529","경제압박보다 생존을 우선한 한국 방역선이 유지된다 상태","회귀 지식이 실제 조기탐지·국가 방역우위로 변하는 보상","우한 조기경보와 진단키트 패권 국면에서 12월 31일 공식 보도와 동시에 한국이 키트로 첫 환자를 잡고 마스크 가격통제에 들어간다","12월 31일 공식 보도와 동시에 한국이 키트로 첫 환자를 잡고 마스크 가격통제에 들어간다","중국의 은폐·기술요구와 내부 물량탈취가 방역선을 흔든다","회귀 지식이 국가 조기경보와 실제 확진 탐지로 결산된다","회귀 지식이 국가 조기경보와 실제 확진 탐지로 결산된다","생존·국가위상","우한 조기경보와 진단키트 패권의 주도권이 이 사건으로 김민재·태우 쪽에 한 단계 이동한다","중국 주문 폭증 속 민동규의 마스크 100만 장 빼돌리기를 강 대위가 적발한다 문제로 이어진다","12월 31일 공식 보도와 동시에 한국이 키트로 첫 환자를 잡고 마스크 가격통제에 들어간다의 당면 실행·결정","중국 주문 폭증 속 민동규의 마스크 100만 장 빼돌리기를 강 대위가 적발한다","S3-A04","0.94"
"547","547","시대의 전환점 (2)","95530","95717","회귀 지식이 국가 조기경보와 실제 확진 탐지로 결산된다 상태","회귀 지식이 실제 조기탐지·국가 방역우위로 변하는 보상","우한 조기경보와 진단키트 패권 국면에서 중국 주문 폭증 속 민동규의 마스크 100만 장 빼돌리기를 강 대위가 적발한다","중국 주문 폭증 속 민동규의 마스크 100만 장 빼돌리기를 강 대위가 적발한다","중국의 은폐·기술요구와 내부 물량탈취가 방역선을 흔든다","내부 탐욕이 방역 물량을 흔드는 첫 배신으로 드러난다","내부 탐욕이 방역 물량을 흔드는 첫 배신으로 드러난다","생존·국가위상","우한 조기경보와 진단키트 패권의 주도권이 이 사건으로 김민재·태우 쪽에 한 단계 이동한다","이영한이 유출선을 처벌하고 센트리언 키트의 중국 승인·수출을 성사시킨다 문제로 이어진다","중국 주문 폭증 속 민동규의 마스크 100만 장 빼돌리기를 강 대위가 적발한다의 당면 실행·결정","이영한이 유출선을 처벌하고 센트리언 키트의 중국 승인·수출을 성사시킨다","S3-A04","0.94"
"548","548","시대의 전환점 (3)","95718","95886","내부 탐욕이 방역 물량을 흔드는 첫 배신으로 드러난다 상태","회귀 지식이 실제 조기탐지·국가 방역우위로 변하는 보상","우한 조기경보와 진단키트 패권 국면에서 이영한이 유출선을 처벌하고 센트리언 키트의 중국 승인·수출을 성사시킨다","이영한이 유출선을 처벌하고 센트리언 키트의 중국 승인·수출을 성사시킨다","중국의 은폐·기술요구와 내부 물량탈취가 방역선을 흔든다","도난 물량을 회수하면서 한국 진단제품이 중국 현장에 진입한다","도난 물량을 회수하면서 한국 진단제품이 중국 현장에 진입한다","생존·국가위상","우한 조기경보와 진단키트 패권의 주도권이 이 사건으로 김민재·태우 쪽에 한 단계 이동한다","중국 첫 사망 뒤 헨더슨 미국대사가 3억 개 키트와 추가 6억 개·마스크를 주문한다 문제로 이어진다","이영한이 유출선을 처벌하고 센트리언 키트의 중국 승인·수출을 성사시킨다의 당면 실행·결정","중국 첫 사망 뒤 헨더슨 미국대사가 3억 개 키트와 추가 6억 개·마스크를 주문한다","S3-A04","0.94"
"549","549","시대의 전환점 (4)","95887","96065","도난 물량을 회수하면서 한국 진단제품이 중국 현장에 진입한다 상태","회귀 지식이 실제 조기탐지·국가 방역우위로 변하는 보상","우한 조기경보와 진단키트 패권 국면에서 중국 첫 사망 뒤 헨더슨 미국대사가 3억 개 키트와 추가 6억 개·마스크를 주문한다","중국 첫 사망 뒤 헨더슨 미국대사가 3억 개 키트와 추가 6억 개·마스크를 주문한다","중국의 은폐·기술요구와 내부 물량탈취가 방역선을 흔든다","세계 유일 조기진단 공급자의 외화·외교 보상이 폭발한다","세계 유일 조기진단 공급자의 외화·외교 보상이 폭발한다","생존·국가위상","우한 조기경보와 진단키트 패권의 주도권이 이 사건으로 김민재·태우 쪽에 한 단계 이동한다","리강의 기술·IP 요구를 거절하고 키트·마스크·백신을 일본 항복 카드로 묶는다 문제로 이어진다","중국 첫 사망 뒤 헨더슨 미국대사가 3억 개 키트와 추가 6억 개·마스크를 주문한다의 당면 실행·결정","리강의 기술·IP 요구를 거절하고 키트·마스크·백신을 일본 항복 카드로 묶는다","S3-A04","0.94"
"550","550","시대의 전환점 (5)","96066","96235","세계 유일 조기진단 공급자의 외화·외교 보상이 폭발한다 상태","회귀 지식이 실제 조기탐지·국가 방역우위로 변하는 보상","우한 조기경보와 진단키트 패권 국면에서 리강의 기술·IP 요구를 거절하고 키트·마스크·백신을 일본 항복 카드로 묶는다","리강의 기술·IP 요구를 거절하고 키트·마스크·백신을 일본 항복 카드로 묶는다","중국의 은폐·기술요구와 내부 물량탈취가 방역선을 흔든다","중국에는 판매하되 핵심은 지키고 다음 일본 의료협상을 준비한다","중국에는 판매하되 핵심은 지키고 다음 일본 의료협상을 준비한다","생존·국가위상","우한 조기경보와 진단키트 패권의 주도권이 이 사건으로 김민재·태우 쪽에 한 단계 이동한다","우한 봉쇄 뒤 월 10억 장 마스크와 KF94 미국 인정을 확보한다 문제로 이어진다","리강의 기술·IP 요구를 거절하고 키트·마스크·백신을 일본 항복 카드로 묶는다의 당면 실행·결정","우한 봉쇄 뒤 월 10억 장 마스크와 KF94 미국 인정을 확보한다","S3-A04","0.94"
"551","551","상황 역전 (1)","96236","96405","중국에는 판매하되 핵심은 지키고 다음 일본 의료협상을 준비한다 상태","구조·백신·시장바닥을 한꺼번에 선점하는 보상","크루즈 구출과 백신 게임체인저 국면에서 우한 봉쇄 뒤 월 10억 장 마스크와 KF94 미국 인정을 확보한다","우한 봉쇄 뒤 월 10억 장 마스크와 KF94 미국 인정을 확보한다","세계 확산과 유가전쟁, 불완전 백신이 시간과 신뢰를 압박한다","올림픽 때문에 버티는 일본을 제외한 세계 방역 공급망을 장악한다","올림픽 때문에 버티는 일본을 제외한 세계 방역 공급망을 장악한다","생존·금융","크루즈 구출과 백신 게임체인저의 주도권이 이 사건으로 김민재·태우 쪽에 한 단계 이동한다","트럼프가 바이러스를 경시하자 중국 입국금지와 재선 지원을 논의하며 다른 경주마를 검토한다 문제로 이어진다","우한 봉쇄 뒤 월 10억 장 마스크와 KF94 미국 인정을 확보한다의 당면 실행·결정","트럼프가 바이러스를 경시하자 중국 입국금지와 재선 지원을 논의하며 다른 경주마를 검토한다","S3-A04","0.94"
"552","552","상황 역전 (2)","96406","96580","올림픽 때문에 버티는 일본을 제외한 세계 방역 공급망을 장악한다 상태","구조·백신·시장바닥을 한꺼번에 선점하는 보상","크루즈 구출과 백신 게임체인저 국면에서 트럼프가 바이러스를 경시하자 중국 입국금지와 재선 지원을 논의하며 다른 경주마를 검토한다","트럼프가 바이러스를 경시하자 중국 입국금지와 재선 지원을 논의하며 다른 경주마를 검토한다","세계 확산과 유가전쟁, 불완전 백신이 시간과 신뢰를 압박한다","생존정책을 거부하는 대통령을 교체할 정치적 분기점이 생긴다","생존정책을 거부하는 대통령을 교체할 정치적 분기점이 생긴다","생존·금융","크루즈 구출과 백신 게임체인저의 주도권이 이 사건으로 김민재·태우 쪽에 한 단계 이동한다","WHO 비상사태 선언에 다이아몬드 프린세스 승객 구조용 선박·음압텐트·검사를 준비한다 문제로 이어진다","트럼프가 바이러스를 경시하자 중국 입국금지와 재선 지원을 논의하며 다른 경주마를 검토한다의 당면 실행·결정","WHO 비상사태 선언에 다이아몬드 프린세스 승객 구조용 선박·음압텐트·검사를 준비한다","S3-A04","0.94"
"553","553","상황 역전 (3)","96581","96746","생존정책을 거부하는 대통령을 교체할 정치적 분기점이 생긴다 상태","구조·백신·시장바닥을 한꺼번에 선점하는 보상","크루즈 구출과 백신 게임체인저 국면에서 WHO 비상사태 선언에 다이아몬드 프린세스 승객 구조용 선박·음압텐트·검사를 준비한다","WHO 비상사태 선언에 다이아몬드 프린세스 승객 구조용 선박·음압텐트·검사를 준비한다","세계 확산과 유가전쟁, 불완전 백신이 시간과 신뢰를 압박한다","일본이 방치한 300명을 한국이 구할 공개 무대가 마련된다","일본이 방치한 300명을 한국이 구할 공개 무대가 마련된다","생존·금융","크루즈 구출과 백신 게임체인저의 주도권이 이 사건으로 김민재·태우 쪽에 한 단계 이동한다","구조선을 출항시키는 동시에 사우디·러시아 유가전쟁을 보고 4월까지 원유 공매도를 유지한다 문제로 이어진다","WHO 비상사태 선언에 다이아몬드 프린세스 승객 구조용 선박·음압텐트·검사를 준비한다의 당면 실행·결정","구조선을 출항시키는 동시에 사우디·러시아 유가전쟁을 보고 4월까지 원유 공매도를 유지한다","S3-A04","0.94"
"554","554","상황 역전 (4)","96747","96944","일본이 방치한 300명을 한국이 구할 공개 무대가 마련된다 상태","구조·백신·시장바닥을 한꺼번에 선점하는 보상","크루즈 구출과 백신 게임체인저 국면에서 구조선을 출항시키는 동시에 사우디·러시아 유가전쟁을 보고 4월까지 원유 공매도를 유지한다","구조선을 출항시키는 동시에 사우디·러시아 유가전쟁을 보고 4월까지 원유 공매도를 유지한다","세계 확산과 유가전쟁, 불완전 백신이 시간과 신뢰를 압박한다","인명 구조와 시장 충격 수익을 같은 시간표에 올린다","인명 구조와 시장 충격 수익을 같은 시간표에 올린다","생존·금융","크루즈 구출과 백신 게임체인저의 주도권이 이 사건으로 김민재·태우 쪽에 한 단계 이동한다","한국이 크루즈 승객 300명을 무사히 구하고 최재석에게 거리두기·3개월 백신을 약속한다 문제로 이어진다","구조선을 출항시키는 동시에 사우디·러시아 유가전쟁을 보고 4월까지 원유 공매도를 유지한다의 당면 실행·결정","한국이 크루즈 승객 300명을 무사히 구하고 최재석에게 거리두기·3개월 백신을 약속한다","S3-A04","0.94"
"555","555","상황 역전 (5)","96945","97147","인명 구조와 시장 충격 수익을 같은 시간표에 올린다 상태","구조·백신·시장바닥을 한꺼번에 선점하는 보상","크루즈 구출과 백신 게임체인저 국면에서 한국이 크루즈 승객 300명을 무사히 구하고 최재석에게 거리두기·3개월 백신을 약속한다","한국이 크루즈 승객 300명을 무사히 구하고 최재석에게 거리두기·3개월 백신을 약속한다","세계 확산과 유가전쟁, 불완전 백신이 시간과 신뢰를 압박한다","국가 이미지와 백신 기대라는 눈에 보이는 보상을 얻는다","국가 이미지와 백신 기대라는 눈에 보이는 보상을 얻는다","생존·금융","크루즈 구출과 백신 게임체인저의 주도권이 이 사건으로 김민재·태우 쪽에 한 단계 이동한다","AI가 예측한 3월 폭락에 금융타워·국민연금 포지션을 맞춘다 문제로 이어진다","한국이 크루즈 승객 300명을 무사히 구하고 최재석에게 거리두기·3개월 백신을 약속한다의 당면 실행·결정","AI가 예측한 3월 폭락에 금융타워·국민연금 포지션을 맞춘다","S3-A04","0.94"
"556","556","게임 체인저 (1)","97148","97327","국가 이미지와 백신 기대라는 눈에 보이는 보상을 얻는다 상태","구조·백신·시장바닥을 한꺼번에 선점하는 보상","크루즈 구출과 백신 게임체인저 국면에서 AI가 예측한 3월 폭락에 금융타워·국민연금 포지션을 맞춘다","AI가 예측한 3월 폭락에 금융타워·국민연금 포지션을 맞춘다","세계 확산과 유가전쟁, 불완전 백신이 시간과 신뢰를 압박한다","다우 급락이 공매도 수익과 국가 저점매수 기회로 바뀐다","다우 급락이 공매도 수익과 국가 저점매수 기회로 바뀐다","생존·금융","크루즈 구출과 백신 게임체인저의 주도권이 이 사건으로 김민재·태우 쪽에 한 단계 이동한다","원격근무 체계를 실전에 성공시키고 종교단체 SNS를 해킹해 대규모 집회를 막는다 문제로 이어진다","AI가 예측한 3월 폭락에 금융타워·국민연금 포지션을 맞춘다의 당면 실행·결정","원격근무 체계를 실전에 성공시키고 종교단체 SNS를 해킹해 대규모 집회를 막는다","S3-A04","0.94"
"557","557","게임 체인저 (2)","97328","97505","다우 급락이 공매도 수익과 국가 저점매수 기회로 바뀐다 상태","구조·백신·시장바닥을 한꺼번에 선점하는 보상","크루즈 구출과 백신 게임체인저 국면에서 원격근무 체계를 실전에 성공시키고 종교단체 SNS를 해킹해 대규모 집회를 막는다","원격근무 체계를 실전에 성공시키고 종교단체 SNS를 해킹해 대규모 집회를 막는다","세계 확산과 유가전쟁, 불완전 백신이 시간과 신뢰를 압박한다","백신 전 국내 집단감염을 억제하며 내부 생존 약속을 지킨다","백신 전 국내 집단감염을 억제하며 내부 생존 약속을 지킨다","생존·금융","크루즈 구출과 백신 게임체인저의 주도권이 이 사건으로 김민재·태우 쪽에 한 단계 이동한다","사우디·러시아 감산 실패를 확인하고 빈 살만의 20퍼센트 가격인하·증산 결정을 이용한다 문제로 이어진다","원격근무 체계를 실전에 성공시키고 종교단체 SNS를 해킹해 대규모 집회를 막는다의 당면 실행·결정","사우디·러시아 감산 실패를 확인하고 빈 살만의 20퍼센트 가격인하·증산 결정을 이용한다","S3-A04","0.94"
"558","558","게임 체인저 (3)","97506","97678","백신 전 국내 집단감염을 억제하며 내부 생존 약속을 지킨다 상태","구조·백신·시장바닥을 한꺼번에 선점하는 보상","크루즈 구출과 백신 게임체인저 국면에서 사우디·러시아 감산 실패를 확인하고 빈 살만의 20퍼센트 가격인하·증산 결정을 이용한다","사우디·러시아 감산 실패를 확인하고 빈 살만의 20퍼센트 가격인하·증산 결정을 이용한다","세계 확산과 유가전쟁, 불완전 백신이 시간과 신뢰를 압박한다","유가 붕괴의 방향과 속도가 김민재의 포지션대로 굳어진다","유가 붕괴의 방향과 속도가 김민재의 포지션대로 굳어진다","생존·금융","크루즈 구출과 백신 게임체인저의 주도권이 이 사건으로 김민재·태우 쪽에 한 단계 이동한다","센트리언 백신이 중증은 막지만 감염은 못 막는다는 한계를 받고 이영한의 대출·부동산 탐욕을 제어한다 문제로 이어진다","사우디·러시아 감산 실패를 확인하고 빈 살만의 20퍼센트 가격인하·증산 결정을 이용한다의 당면 실행·결정","센트리언 백신이 중증은 막지만 감염은 못 막는다는 한계를 받고 이영한의 대출·부동산 탐욕을 제어한다","S3-A04","0.94"
"559","559","게임 체인저 (4)","97679","97865","유가 붕괴의 방향과 속도가 김민재의 포지션대로 굳어진다 상태","구조·백신·시장바닥을 한꺼번에 선점하는 보상","크루즈 구출과 백신 게임체인저 국면에서 센트리언 백신이 중증은 막지만 감염은 못 막는다는 한계를 받고 이영한의 대출·부동산 탐욕을 제어한다","센트리언 백신이 중증은 막지만 감염은 못 막는다는 한계를 받고 이영한의 대출·부동산 탐욕을 제어한다","세계 확산과 유가전쟁, 불완전 백신이 시간과 신뢰를 압박한다","기술 성공의 한계와 내부 자본의 윤리 비용이 함께 드러난다","기술 성공의 한계와 내부 자본의 윤리 비용이 함께 드러난다","생존·금융","크루즈 구출과 백신 게임체인저의 주도권이 이 사건으로 김민재·태우 쪽에 한 단계 이동한다","유가·다우 서킷브레이커 뒤 백신 발표 직전 저점매수하고 트럼프와 바이든을 비교한다 문제로 이어진다","센트리언 백신이 중증은 막지만 감염은 못 막는다는 한계를 받고 이영한의 대출·부동산 탐욕을 제어한다의 당면 실행·결정","유가·다우 서킷브레이커 뒤 백신 발표 직전 저점매수하고 트럼프와 바이든을 비교한다","S3-A04","0.94"
"560","560","게임 체인저 (5)","97866","98046","기술 성공의 한계와 내부 자본의 윤리 비용이 함께 드러난다 상태","구조·백신·시장바닥을 한꺼번에 선점하는 보상","크루즈 구출과 백신 게임체인저 국면에서 유가·다우 서킷브레이커 뒤 백신 발표 직전 저점매수하고 트럼프와 바이든을 비교한다","유가·다우 서킷브레이커 뒤 백신 발표 직전 저점매수하고 트럼프와 바이든을 비교한다","세계 확산과 유가전쟁, 불완전 백신이 시간과 신뢰를 압박한다","폭락 수익을 실물·주식 자산으로 바꾸며 정치 경주마 교체가 임박한다","폭락 수익을 실물·주식 자산으로 바꾸며 정치 경주마 교체가 임박한다","생존·금융","크루즈 구출과 백신 게임체인저의 주도권이 이 사건으로 김민재·태우 쪽에 한 단계 이동한다","공매도 80퍼센트를 청산하고 제2 금융타워를 세우며 트럼프의 백신 회의론을 확인한다 문제로 이어진다","유가·다우 서킷브레이커 뒤 백신 발표 직전 저점매수하고 트럼프와 바이든을 비교한다의 당면 실행·결정","공매도 80퍼센트를 청산하고 제2 금융타워를 세우며 트럼프의 백신 회의론을 확인한다","S3-A04","0.94"
"561","561","경주마 (1)","98047","98227","폭락 수익을 실물·주식 자산으로 바꾸며 정치 경주마 교체가 임박한다 상태","폭락 수익·바이든 의무화·일본 의료거래가 이어지는 보상","시장 바닥과 경주마 교체 국면에서 공매도 80퍼센트를 청산하고 제2 금융타워를 세우며 트럼프의 백신 회의론을 확인한다","공매도 80퍼센트를 청산하고 제2 금융타워를 세우며 트럼프의 백신 회의론을 확인한다","트럼프의 회의론과 일본 체면, 막대한 저점투자가 위험을 만든다","시장 생환에 성공하지만 백신 의무화에는 새 대통령이 필요해진다","시장 생환에 성공하지만 백신 의무화에는 새 대통령이 필요해진다","정치·자산","시장 바닥과 경주마 교체의 주도권이 이 사건으로 김민재·태우 쪽에 한 단계 이동한다","트럼프에게 알래스카·원유자산 400억 달러 재매입을 받아내고 데이비드에게 바이든 접촉을 맡긴다 문제로 이어진다","공매도 80퍼센트를 청산하고 제2 금융타워를 세우며 트럼프의 백신 회의론을 확인한다의 당면 실행·결정","트럼프에게 알래스카·원유자산 400억 달러 재매입을 받아내고 데이비드에게 바이든 접촉을 맡긴다","S3-A05","0.94"
"562","562","경주마 (2)","98228","98402","시장 생환에 성공하지만 백신 의무화에는 새 대통령이 필요해진다 상태","폭락 수익·바이든 의무화·일본 의료거래가 이어지는 보상","시장 바닥과 경주마 교체 국면에서 트럼프에게 알래스카·원유자산 400억 달러 재매입을 받아내고 데이비드에게 바이든 접촉을 맡긴다","트럼프에게 알래스카·원유자산 400억 달러 재매입을 받아내고 데이비드에게 바이든 접촉을 맡긴다","트럼프의 회의론과 일본 체면, 막대한 저점투자가 위험을 만든다","현직과의 이익은 회수하면서 차기 권력선도 연다","현직과의 이익은 회수하면서 차기 권력선도 연다","정치·자산","시장 바닥과 경주마 교체의 주도권이 이 사건으로 김민재·태우 쪽에 한 단계 이동한다","다이먼과 나스닥을 사고 2~5조 달러 부양책·운임폭등에 앞서 선박과 컨테이너를 확보한다 문제로 이어진다","트럼프에게 알래스카·원유자산 400억 달러 재매입을 받아내고 데이비드에게 바이든 접촉을 맡긴다의 당면 실행·결정","다이먼과 나스닥을 사고 2~5조 달러 부양책·운임폭등에 앞서 선박과 컨테이너를 확보한다","S3-A05","0.94"
"563","563","경주마 (3)","98403","98564","현직과의 이익은 회수하면서 차기 권력선도 연다 상태","폭락 수익·바이든 의무화·일본 의료거래가 이어지는 보상","시장 바닥과 경주마 교체 국면에서 다이먼과 나스닥을 사고 2~5조 달러 부양책·운임폭등에 앞서 선박과 컨테이너를 확보한다","다이먼과 나스닥을 사고 2~5조 달러 부양책·운임폭등에 앞서 선박과 컨테이너를 확보한다","트럼프의 회의론과 일본 체면, 막대한 저점투자가 위험을 만든다","헬리콥터 머니가 금융·물류 자산 상승으로 연결될 준비가 끝난다","헬리콥터 머니가 금융·물류 자산 상승으로 연결될 준비가 끝난다","정치·자산","시장 바닥과 경주마 교체의 주도권이 이 사건으로 김민재·태우 쪽에 한 단계 이동한다","엑슨·LNG선 자산을 흥정하고 신시내티에서 바이든·오바마에게 백신 의무화를 요구한다 문제로 이어진다","다이먼과 나스닥을 사고 2~5조 달러 부양책·운임폭등에 앞서 선박과 컨테이너를 확보한다의 당면 실행·결정","엑슨·LNG선 자산을 흥정하고 신시내티에서 바이든·오바마에게 백신 의무화를 요구한다","S3-A05","0.94"
"564","564","경주마 (4)","98565","98760","헬리콥터 머니가 금융·물류 자산 상승으로 연결될 준비가 끝난다 상태","폭락 수익·바이든 의무화·일본 의료거래가 이어지는 보상","시장 바닥과 경주마 교체 국면에서 엑슨·LNG선 자산을 흥정하고 신시내티에서 바이든·오바마에게 백신 의무화를 요구한다","엑슨·LNG선 자산을 흥정하고 신시내티에서 바이든·오바마에게 백신 의무화를 요구한다","트럼프의 회의론과 일본 체면, 막대한 저점투자가 위험을 만든다","석유 저점수확과 차기 정부 방역정책을 한 번에 거래한다","석유 저점수확과 차기 정부 방역정책을 한 번에 거래한다","정치·자산","시장 바닥과 경주마 교체의 주도권이 이 사건으로 김민재·태우 쪽에 한 단계 이동한다","바이든의 조건부 의무화 약속을 받고 주 경주마를 바꾸되 트럼프 선도 유지한다 문제로 이어진다","엑슨·LNG선 자산을 흥정하고 신시내티에서 바이든·오바마에게 백신 의무화를 요구한다의 당면 실행·결정","바이든의 조건부 의무화 약속을 받고 주 경주마를 바꾸되 트럼프 선도 유지한다","S3-A05","0.94"
"565","565","경주마 (5)","98761","98946","석유 저점수확과 차기 정부 방역정책을 한 번에 거래한다 상태","폭락 수익·바이든 의무화·일본 의료거래가 이어지는 보상","시장 바닥과 경주마 교체 국면에서 바이든의 조건부 의무화 약속을 받고 주 경주마를 바꾸되 트럼프 선도 유지한다","바이든의 조건부 의무화 약속을 받고 주 경주마를 바꾸되 트럼프 선도 유지한다","트럼프의 회의론과 일본 체면, 막대한 저점투자가 위험을 만든다","한국 백신 발표와 함께 정치·시장 양쪽의 상황이 역전된다","한국 백신 발표와 함께 정치·시장 양쪽의 상황이 역전된다","정치·자산","시장 바닥과 경주마 교체의 주도권이 이 사건으로 김민재·태우 쪽에 한 단계 이동한다","대통령 회의에서 원전·레거시칩 증산을 밀고 태우상사가 모든 선박을 사게 한다 문제로 이어진다","바이든의 조건부 의무화 약속을 받고 주 경주마를 바꾸되 트럼프 선도 유지한다의 당면 실행·결정","대통령 회의에서 원전·레거시칩 증산을 밀고 태우상사가 모든 선박을 사게 한다","S3-A05","0.94"
"566","566","고생 끝에 낙이 온다 (1)","98947","99104","한국 백신 발표와 함께 정치·시장 양쪽의 상황이 역전된다 상태","폭락 수익·바이든 의무화·일본 의료거래가 이어지는 보상","시장 바닥과 경주마 교체 국면에서 대통령 회의에서 원전·레거시칩 증산을 밀고 태우상사가 모든 선박을 사게 한다","대통령 회의에서 원전·레거시칩 증산을 밀고 태우상사가 모든 선박을 사게 한다","트럼프의 회의론과 일본 체면, 막대한 저점투자가 위험을 만든다","한국이 팬데믹 뒤 에너지·반도체·물류 허브가 될 기반을 갖춘다","한국이 팬데믹 뒤 에너지·반도체·물류 허브가 될 기반을 갖춘다","정치·자산","시장 바닥과 경주마 교체의 주도권이 이 사건으로 김민재·태우 쪽에 한 단계 이동한다","최재석과 일본 의료봉쇄·개도국 저가백신·한국 G7 진입을 묶는다 문제로 이어진다","대통령 회의에서 원전·레거시칩 증산을 밀고 태우상사가 모든 선박을 사게 한다의 당면 실행·결정","최재석과 일본 의료봉쇄·개도국 저가백신·한국 G7 진입을 묶는다","S3-A05","0.94"
"567","567","고생 끝에 낙이 온다 (2)","99105","99284","한국이 팬데믹 뒤 에너지·반도체·물류 허브가 될 기반을 갖춘다 상태","폭락 수익·바이든 의무화·일본 의료거래가 이어지는 보상","시장 바닥과 경주마 교체 국면에서 최재석과 일본 의료봉쇄·개도국 저가백신·한국 G7 진입을 묶는다","최재석과 일본 의료봉쇄·개도국 저가백신·한국 G7 진입을 묶는다","트럼프의 회의론과 일본 체면, 막대한 저점투자가 위험을 만든다","방역 우위가 일본 항복과 국가 위상 상승의 교환조건이 된다","방역 우위가 일본 항복과 국가 위상 상승의 교환조건이 된다","정치·자산","시장 바닥과 경주마 교체의 주도권이 이 사건으로 김민재·태우 쪽에 한 단계 이동한다","의료붕괴 일본의 비밀 요청을 받고 호주 회담에서 G7 지지를 요구하기로 한다 문제로 이어진다","최재석과 일본 의료봉쇄·개도국 저가백신·한국 G7 진입을 묶는다의 당면 실행·결정","의료붕괴 일본의 비밀 요청을 받고 호주 회담에서 G7 지지를 요구하기로 한다","S3-A05","0.94"
"568","568","고생 끝에 낙이 온다 (3)","99285","99462","방역 우위가 일본 항복과 국가 위상 상승의 교환조건이 된다 상태","폭락 수익·바이든 의무화·일본 의료거래가 이어지는 보상","시장 바닥과 경주마 교체 국면에서 의료붕괴 일본의 비밀 요청을 받고 호주 회담에서 G7 지지를 요구하기로 한다","의료붕괴 일본의 비밀 요청을 받고 호주 회담에서 G7 지지를 요구하기로 한다","트럼프의 회의론과 일본 체면, 막대한 저점투자가 위험을 만든다","구조 요청이 장기 외교 보상으로 전환될 협상장이 열린다","구조 요청이 장기 외교 보상으로 전환될 협상장이 열린다","정치·자산","시장 바닥과 경주마 교체의 주도권이 이 사건으로 김민재·태우 쪽에 한 단계 이동한다","멜버른에서 손정우·다이키요에게 방역물자와 20조 엔 자산 인수를 제안한다 문제로 이어진다","의료붕괴 일본의 비밀 요청을 받고 호주 회담에서 G7 지지를 요구하기로 한다의 당면 실행·결정","멜버른에서 손정우·다이키요에게 방역물자와 20조 엔 자산 인수를 제안한다","S3-A05","0.94"
"569","569","고생 끝에 낙이 온다 (4)","99463","99633","구조 요청이 장기 외교 보상으로 전환될 협상장이 열린다 상태","폭락 수익·바이든 의무화·일본 의료거래가 이어지는 보상","시장 바닥과 경주마 교체 국면에서 멜버른에서 손정우·다이키요에게 방역물자와 20조 엔 자산 인수를 제안한다","멜버른에서 손정우·다이키요에게 방역물자와 20조 엔 자산 인수를 제안한다","트럼프의 회의론과 일본 체면, 막대한 저점투자가 위험을 만든다","일본의 나쁜 자산을 미래자산으로 사고 한국 G7 지지를 받아낸다","일본의 나쁜 자산을 미래자산으로 사고 한국 G7 지지를 받아낸다","정치·자산","시장 바닥과 경주마 교체의 주도권이 이 사건으로 김민재·태우 쪽에 한 단계 이동한다","일본이 조건을 수락하고 센트리언 백신의 FDA 승인이 도착한다 문제로 이어진다","멜버른에서 손정우·다이키요에게 방역물자와 20조 엔 자산 인수를 제안한다의 당면 실행·결정","일본이 조건을 수락하고 센트리언 백신의 FDA 승인이 도착한다","S3-A05","0.94"
"570","570","고생 끝에 낙이 온다 (5)","99634","99819","일본의 나쁜 자산을 미래자산으로 사고 한국 G7 지지를 받아낸다 상태","폭락 수익·바이든 의무화·일본 의료거래가 이어지는 보상","시장 바닥과 경주마 교체 국면에서 일본이 조건을 수락하고 센트리언 백신의 FDA 승인이 도착한다","일본이 조건을 수락하고 센트리언 백신의 FDA 승인이 도착한다","트럼프의 회의론과 일본 체면, 막대한 저점투자가 위험을 만든다","한일 의료전과 백신 개발이 동시에 실물 승리로 결산된다","한일 의료전과 백신 개발이 동시에 실물 승리로 결산된다","정치·자산","시장 바닥과 경주마 교체의 주도권이 이 사건으로 김민재·태우 쪽에 한 단계 이동한다","한국·FDA 백신 승인을 발표하고 일본에도 물자를 공급한다 문제로 이어진다","일본이 조건을 수락하고 센트리언 백신의 FDA 승인이 도착한다의 당면 실행·결정","한국·FDA 백신 승인을 발표하고 일본에도 물자를 공급한다","S3-A05","0.94"
"571","571","글로벌 호구 (1)","99820","99993","한일 의료전과 백신 개발이 동시에 실물 승리로 결산된다 상태","역사적 유가바닥과 아프리카·EU 자원외교를 수확하는 보상","마이너스 유가와 백신외교 국면에서 한국·FDA 백신 승인을 발표하고 일본에도 물자를 공급한다","한국·FDA 백신 승인을 발표하고 일본에도 물자를 공급한다","중국 IP 요구와 EU 봉쇄, 곡물·자원 경쟁이 맞선다","센트리언이 세계적 제약사와 국가 브랜드의 핵심으로 올라선다","센트리언이 세계적 제약사와 국가 브랜드의 핵심으로 올라선다","금융·자원","마이너스 유가와 백신외교의 주도권이 이 사건으로 김민재·태우 쪽에 한 단계 이동한다","4월 20일 WTI 마이너스 가격에서 원유를 받아 돈까지 받고 곧바로 롱으로 전환한다 문제로 이어진다","한국·FDA 백신 승인을 발표하고 일본에도 물자를 공급한다의 당면 실행·결정","4월 20일 WTI 마이너스 가격에서 원유를 받아 돈까지 받고 곧바로 롱으로 전환한다","S3-A05","0.94"
"572","572","글로벌 호구 (2)","99994","100194","센트리언이 세계적 제약사와 국가 브랜드의 핵심으로 올라선다 상태","역사적 유가바닥과 아프리카·EU 자원외교를 수확하는 보상","마이너스 유가와 백신외교 국면에서 4월 20일 WTI 마이너스 가격에서 원유를 받아 돈까지 받고 곧바로 롱으로 전환한다","4월 20일 WTI 마이너스 가격에서 원유를 받아 돈까지 받고 곧바로 롱으로 전환한다","중국 IP 요구와 EU 봉쇄, 곡물·자원 경쟁이 맞선다","회귀 지식이 역사적 유가 바닥에서 최대 금융 보상으로 결산된다","회귀 지식이 역사적 유가 바닥에서 최대 금융 보상으로 결산된다","금융·자원","마이너스 유가와 백신외교의 주도권이 이 사건으로 김민재·태우 쪽에 한 단계 이동한다","베이징에서 리강에게 중국 백신합작 80대20과 파벌 이익을 제시한다 문제로 이어진다","4월 20일 WTI 마이너스 가격에서 원유를 받아 돈까지 받고 곧바로 롱으로 전환한다의 당면 실행·결정","베이징에서 리강에게 중국 백신합작 80대20과 파벌 이익을 제시한다","S3-A05","0.94"
"573","573","글로벌 호구 (3)","100195","100359","회귀 지식이 역사적 유가 바닥에서 최대 금융 보상으로 결산된다 상태","역사적 유가바닥과 아프리카·EU 자원외교를 수확하는 보상","마이너스 유가와 백신외교 국면에서 베이징에서 리강에게 중국 백신합작 80대20과 파벌 이익을 제시한다","베이징에서 리강에게 중국 백신합작 80대20과 파벌 이익을 제시한다","중국 IP 요구와 EU 봉쇄, 곡물·자원 경쟁이 맞선다","기술은 지키면서 중국 동부시장과 정치 안전장치를 얻는다","기술은 지키면서 중국 동부시장과 정치 안전장치를 얻는다","금융·자원","마이너스 유가와 백신외교의 주도권이 이 사건으로 김민재·태우 쪽에 한 단계 이동한다","무인택시·HBM·일본 슈퍼앱을 점검하고 아프리카 광물 협상안을 만든다 문제로 이어진다","베이징에서 리강에게 중국 백신합작 80대20과 파벌 이익을 제시한다의 당면 실행·결정","무인택시·HBM·일본 슈퍼앱을 점검하고 아프리카 광물 협상안을 만든다","S3-A05","0.94"
"574","574","글로벌 호구 (4)","100360","100529","기술은 지키면서 중국 동부시장과 정치 안전장치를 얻는다 상태","역사적 유가바닥과 아프리카·EU 자원외교를 수확하는 보상","마이너스 유가와 백신외교 국면에서 무인택시·HBM·일본 슈퍼앱을 점검하고 아프리카 광물 협상안을 만든다","무인택시·HBM·일본 슈퍼앱을 점검하고 아프리카 광물 협상안을 만든다","중국 IP 요구와 EU 봉쇄, 곡물·자원 경쟁이 맞선다","팬데믹 수익이 미래기술과 자원 확보로 재배치된다","팬데믹 수익이 미래기술과 자원 확보로 재배치된다","금융·자원","마이너스 유가와 백신외교의 주도권이 이 사건으로 김민재·태우 쪽에 한 단계 이동한다","아프리카연합에 인프라·자립·백신을 주고 장기 광물권을 받는다 문제로 이어진다","무인택시·HBM·일본 슈퍼앱을 점검하고 아프리카 광물 협상안을 만든다의 당면 실행·결정","아프리카연합에 인프라·자립·백신을 주고 장기 광물권을 받는다","S3-A05","0.94"
"575","575","글로벌 호구 (5)","100530","100709","팬데믹 수익이 미래기술과 자원 확보로 재배치된다 상태","역사적 유가바닥과 아프리카·EU 자원외교를 수확하는 보상","마이너스 유가와 백신외교 국면에서 아프리카연합에 인프라·자립·백신을 주고 장기 광물권을 받는다","아프리카연합에 인프라·자립·백신을 주고 장기 광물권을 받는다","중국 IP 요구와 EU 봉쇄, 곡물·자원 경쟁이 맞선다","겉으로는 글로벌 호구지만 실제로는 전략자원을 선점한다","겉으로는 글로벌 호구지만 실제로는 전략자원을 선점한다","금융·자원","마이너스 유가와 백신외교의 주도권이 이 사건으로 김민재·태우 쪽에 한 단계 이동한다","EU의 백신 생산·수출 봉쇄를 아프리카연합 규탄과 충전·독점규제 협상으로 되받는다 문제로 이어진다","아프리카연합에 인프라·자립·백신을 주고 장기 광물권을 받는다의 당면 실행·결정","EU의 백신 생산·수출 봉쇄를 아프리카연합 규탄과 충전·독점규제 협상으로 되받는다","S3-A05","0.94"
"576","576","눈먼 돈의 시대 (1)","100710","100879","겉으로는 글로벌 호구지만 실제로는 전략자원을 선점한다 상태","역사적 유가바닥과 아프리카·EU 자원외교를 수확하는 보상","마이너스 유가와 백신외교 국면에서 EU의 백신 생산·수출 봉쇄를 아프리카연합 규탄과 충전·독점규제 협상으로 되받는다","EU의 백신 생산·수출 봉쇄를 아프리카연합 규탄과 충전·독점규제 협상으로 되받는다","중국 IP 요구와 EU 봉쇄, 곡물·자원 경쟁이 맞선다","유럽이 먼저 태우에 양보안을 들고 오게 된다","유럽이 먼저 태우에 양보안을 들고 오게 된다","금융·자원","마이너스 유가와 백신외교의 주도권이 이 사건으로 김민재·태우 쪽에 한 단계 이동한다","EU에 1달러 위탁생산을 허용하고 공공재 이미지를 앞세운다 문제로 이어진다","EU의 백신 생산·수출 봉쇄를 아프리카연합 규탄과 충전·독점규제 협상으로 되받는다의 당면 실행·결정","EU에 1달러 위탁생산을 허용하고 공공재 이미지를 앞세운다","S3-A05","0.94"
"577","577","눈먼 돈의 시대 (2)","100880","101041","유럽이 먼저 태우에 양보안을 들고 오게 된다 상태","역사적 유가바닥과 아프리카·EU 자원외교를 수확하는 보상","마이너스 유가와 백신외교 국면에서 EU에 1달러 위탁생산을 허용하고 공공재 이미지를 앞세운다","EU에 1달러 위탁생산을 허용하고 공공재 이미지를 앞세운다","중국 IP 요구와 EU 봉쇄, 곡물·자원 경쟁이 맞선다","생산비 부담을 넘기면서 유럽시장·정책 호의를 함께 얻는다","생산비 부담을 넘기면서 유럽시장·정책 호의를 함께 얻는다","금융·자원","마이너스 유가와 백신외교의 주도권이 이 사건으로 김민재·태우 쪽에 한 단계 이동한다","부양금이 증시로 몰릴 것을 보고 베릴을 개인투자자 영웅으로 키워 게임스핀을 겨냥한다 문제로 이어진다","EU에 1달러 위탁생산을 허용하고 공공재 이미지를 앞세운다의 당면 실행·결정","부양금이 증시로 몰릴 것을 보고 베릴을 개인투자자 영웅으로 키워 게임스핀을 겨냥한다","S3-A05","0.94"
"578","578","눈먼 돈의 시대 (3)","101042","101213","생산비 부담을 넘기면서 유럽시장·정책 호의를 함께 얻는다 상태","역사적 유가바닥과 아프리카·EU 자원외교를 수확하는 보상","마이너스 유가와 백신외교 국면에서 부양금이 증시로 몰릴 것을 보고 베릴을 개인투자자 영웅으로 키워 게임스핀을 겨냥한다","부양금이 증시로 몰릴 것을 보고 베릴을 개인투자자 영웅으로 키워 게임스핀을 겨냥한다","중국 IP 요구와 EU 봉쇄, 곡물·자원 경쟁이 맞선다","헤지펀드와 맞설 대중 자금·서사의 점화장치가 생긴다","헤지펀드와 맞설 대중 자금·서사의 점화장치가 생긴다","금융·자원","마이너스 유가와 백신외교의 주도권이 이 사건으로 김민재·태우 쪽에 한 단계 이동한다","태우가 보유한 게임스핀 300만 주를 바탕으로 베릴의 매수 캠페인을 확산한다 문제로 이어진다","부양금이 증시로 몰릴 것을 보고 베릴을 개인투자자 영웅으로 키워 게임스핀을 겨냥한다의 당면 실행·결정","태우가 보유한 게임스핀 300만 주를 바탕으로 베릴의 매수 캠페인을 확산한다","S3-A05","0.94"
"579","579","눈먼 돈의 시대 (4)","101214","101381","헤지펀드와 맞설 대중 자금·서사의 점화장치가 생긴다 상태","역사적 유가바닥과 아프리카·EU 자원외교를 수확하는 보상","마이너스 유가와 백신외교 국면에서 태우가 보유한 게임스핀 300만 주를 바탕으로 베릴의 매수 캠페인을 확산한다","태우가 보유한 게임스핀 300만 주를 바탕으로 베릴의 매수 캠페인을 확산한다","중국 IP 요구와 EU 봉쇄, 곡물·자원 경쟁이 맞선다","소액투자자 결집과 주가 상승이 실제 시장세력으로 변한다","소액투자자 결집과 주가 상승이 실제 시장세력으로 변한다","금융·자원","마이너스 유가와 백신외교의 주도권이 이 사건으로 김민재·태우 쪽에 한 단계 이동한다","한국의 G11 초청안 대신 독립된 G8·G9 위상을 요구하고 백신외교를 밀어붙인다 문제로 이어진다","태우가 보유한 게임스핀 300만 주를 바탕으로 베릴의 매수 캠페인을 확산한다의 당면 실행·결정","한국의 G11 초청안 대신 독립된 G8·G9 위상을 요구하고 백신외교를 밀어붙인다","S3-A05","0.94"
"580","580","눈먼 돈의 시대 (5)","101382","101561","소액투자자 결집과 주가 상승이 실제 시장세력으로 변한다 상태","역사적 유가바닥과 아프리카·EU 자원외교를 수확하는 보상","마이너스 유가와 백신외교 국면에서 한국의 G11 초청안 대신 독립된 G8·G9 위상을 요구하고 백신외교를 밀어붙인다","한국의 G11 초청안 대신 독립된 G8·G9 위상을 요구하고 백신외교를 밀어붙인다","중국 IP 요구와 EU 봉쇄, 곡물·자원 경쟁이 맞선다","팬데믹 대응 성과가 국제클럽 재편 요구로 올라간다","팬데믹 대응 성과가 국제클럽 재편 요구로 올라간다","금융·자원","마이너스 유가와 백신외교의 주도권이 이 사건으로 김민재·태우 쪽에 한 단계 이동한다","헬리콥터 머니 속 베릴 100만 구독자와 게임스핀 8달러 상승을 확인한다 문제로 이어진다","한국의 G11 초청안 대신 독립된 G8·G9 위상을 요구하고 백신외교를 밀어붙인다의 당면 실행·결정","헬리콥터 머니 속 베릴 100만 구독자와 게임스핀 8달러 상승을 확인한다","S3-A05","0.94"
"581","581","헬리콥터 머니 (1)","101562","101723","팬데믹 대응 성과가 국제클럽 재편 요구로 올라간다 상태","개미반란·NAND·중국 보조금 장비가 태우 자산이 되는 보상","헬리콥터 머니와 반도체 역수확 국면에서 헬리콥터 머니 속 베릴 100만 구독자와 게임스핀 8달러 상승을 확인한다","헬리콥터 머니 속 베릴 100만 구독자와 게임스핀 8달러 상승을 확인한다","헤지펀드·미 수출규제·북한 요청이 서로 다른 위험을 낳는다","개미투자 반란이 일회성 홍보가 아닌 시장사건으로 커진다","개미투자 반란이 일회성 홍보가 아닌 시장사건으로 커진다","시장·기술","헬리콥터 머니와 반도체 역수확의 주도권이 이 사건으로 김민재·태우 쪽에 한 단계 이동한다","삼진바이오 오용재에게 불리한 백신 위탁생산을 맡기고 레거시칩 정보를 보상한다 문제로 이어진다","헬리콥터 머니 속 베릴 100만 구독자와 게임스핀 8달러 상승을 확인한다의 당면 실행·결정","삼진바이오 오용재에게 불리한 백신 위탁생산을 맡기고 레거시칩 정보를 보상한다","S3-A06","0.94"
"582","582","헬리콥터 머니 (2)","101724","101897","개미투자 반란이 일회성 홍보가 아닌 시장사건으로 커진다 상태","개미반란·NAND·중국 보조금 장비가 태우 자산이 되는 보상","헬리콥터 머니와 반도체 역수확 국면에서 삼진바이오 오용재에게 불리한 백신 위탁생산을 맡기고 레거시칩 정보를 보상한다","삼진바이오 오용재에게 불리한 백신 위탁생산을 맡기고 레거시칩 정보를 보상한다","헤지펀드·미 수출규제·북한 요청이 서로 다른 위험을 낳는다","국내 생산동맹과 반도체 선행이익을 맞교환한다","국내 생산동맹과 반도체 선행이익을 맞교환한다","시장·기술","헬리콥터 머니와 반도체 역수확의 주도권이 이 사건으로 김민재·태우 쪽에 한 단계 이동한다","게임스핀 200~370달러 전투와 로빈후드 제한에 한국 개미까지 합류시킨다 문제로 이어진다","삼진바이오 오용재에게 불리한 백신 위탁생산을 맡기고 레거시칩 정보를 보상한다의 당면 실행·결정","게임스핀 200~370달러 전투와 로빈후드 제한에 한국 개미까지 합류시킨다","S3-A06","0.94"
"583","583","헬리콥터 머니 (3)","101898","102092","국내 생산동맹과 반도체 선행이익을 맞교환한다 상태","개미반란·NAND·중국 보조금 장비가 태우 자산이 되는 보상","헬리콥터 머니와 반도체 역수확 국면에서 게임스핀 200~370달러 전투와 로빈후드 제한에 한국 개미까지 합류시킨다","게임스핀 200~370달러 전투와 로빈후드 제한에 한국 개미까지 합류시킨다","헤지펀드·미 수출규제·북한 요청이 서로 다른 위험을 낳는다","헤지펀드가 수백억 달러를 잃고 베릴은 300만 영웅이 된다","헤지펀드가 수백억 달러를 잃고 베릴은 300만 영웅이 된다","시장·기술","헬리콥터 머니와 반도체 역수확의 주도권이 이 사건으로 김민재·태우 쪽에 한 단계 이동한다","3억 명 접종·변이 샘플을 확인하고 미국 칩수출 제한을 이용해 인텔 NAND를 노린다 문제로 이어진다","게임스핀 200~370달러 전투와 로빈후드 제한에 한국 개미까지 합류시킨다의 당면 실행·결정","3억 명 접종·변이 샘플을 확인하고 미국 칩수출 제한을 이용해 인텔 NAND를 노린다","S3-A06","0.94"
"584","584","헬리콥터 머니 (4)","102093","102272","헤지펀드가 수백억 달러를 잃고 베릴은 300만 영웅이 된다 상태","개미반란·NAND·중국 보조금 장비가 태우 자산이 되는 보상","헬리콥터 머니와 반도체 역수확 국면에서 3억 명 접종·변이 샘플을 확인하고 미국 칩수출 제한을 이용해 인텔 NAND를 노린다","3억 명 접종·변이 샘플을 확인하고 미국 칩수출 제한을 이용해 인텔 NAND를 노린다","헤지펀드·미 수출규제·북한 요청이 서로 다른 위험을 낳는다","백신 패권에서 반도체 자산 인수로 보상축이 이동한다","백신 패권에서 반도체 자산 인수로 보상축이 이동한다","시장·기술","헬리콥터 머니와 반도체 역수확의 주도권이 이 사건으로 김민재·태우 쪽에 한 단계 이동한다","바이든에게 중국 팹 4년 유예를 얻고 밥 스완과 NAND 75억 달러 매입을 합의한다 문제로 이어진다","3억 명 접종·변이 샘플을 확인하고 미국 칩수출 제한을 이용해 인텔 NAND를 노린다의 당면 실행·결정","바이든에게 중국 팹 4년 유예를 얻고 밥 스완과 NAND 75억 달러 매입을 합의한다","S3-A06","0.94"
"585","585","헬리콥터 머니 (5)","102273","102428","백신 패권에서 반도체 자산 인수로 보상축이 이동한다 상태","개미반란·NAND·중국 보조금 장비가 태우 자산이 되는 보상","헬리콥터 머니와 반도체 역수확 국면에서 바이든에게 중국 팹 4년 유예를 얻고 밥 스완과 NAND 75억 달러 매입을 합의한다","바이든에게 중국 팹 4년 유예를 얻고 밥 스완과 NAND 75억 달러 매입을 합의한다","헤지펀드·미 수출규제·북한 요청이 서로 다른 위험을 낳는다","저평가 메모리 자산과 중국 생산시간을 동시에 확보한다","저평가 메모리 자산과 중국 생산시간을 동시에 확보한다","시장·기술","헬리콥터 머니와 반도체 역수확의 주도권이 이 사건으로 김민재·태우 쪽에 한 단계 이동한다","머스크와 미·EU·한국 전기차 동맹·충전표준을 만든다 문제로 이어진다","바이든에게 중국 팹 4년 유예를 얻고 밥 스완과 NAND 75억 달러 매입을 합의한다의 당면 실행·결정","머스크와 미·EU·한국 전기차 동맹·충전표준을 만든다","S3-A06","0.94"
"586","586","마르지 않는 샘물 (1)","102429","102578","저평가 메모리 자산과 중국 생산시간을 동시에 확보한다 상태","개미반란·NAND·중국 보조금 장비가 태우 자산이 되는 보상","헬리콥터 머니와 반도체 역수확 국면에서 머스크와 미·EU·한국 전기차 동맹·충전표준을 만든다","머스크와 미·EU·한국 전기차 동맹·충전표준을 만든다","헤지펀드·미 수출규제·북한 요청이 서로 다른 위험을 낳는다","칩 부족을 경쟁사 배제가 아닌 태우 표준 확장의 지렛대로 쓴다","칩 부족을 경쟁사 배제가 아닌 태우 표준 확장의 지렛대로 쓴다","시장·기술","헬리콥터 머니와 반도체 역수확의 주도권이 이 사건으로 김민재·태우 쪽에 한 단계 이동한다","NAND를 AI 저장장치로 재정의하고 웨이·천민정에게 초대형 데이터센터를 맡긴다 문제로 이어진다","머스크와 미·EU·한국 전기차 동맹·충전표준을 만든다의 당면 실행·결정","NAND를 AI 저장장치로 재정의하고 웨이·천민정에게 초대형 데이터센터를 맡긴다","S3-A06","0.94"
"587","587","마르지 않는 샘물 (2)","102579","102728","칩 부족을 경쟁사 배제가 아닌 태우 표준 확장의 지렛대로 쓴다 상태","개미반란·NAND·중국 보조금 장비가 태우 자산이 되는 보상","헬리콥터 머니와 반도체 역수확 국면에서 NAND를 AI 저장장치로 재정의하고 웨이·천민정에게 초대형 데이터센터를 맡긴다","NAND를 AI 저장장치로 재정의하고 웨이·천민정에게 초대형 데이터센터를 맡긴다","헤지펀드·미 수출규제·북한 요청이 서로 다른 위험을 낳는다","한 부회장이 우려한 60~70조 투자가 다음 부의 원천으로 승인된다","한 부회장이 우려한 60~70조 투자가 다음 부의 원천으로 승인된다","시장·기술","헬리콥터 머니와 반도체 역수확의 주도권이 이 사건으로 김민재·태우 쪽에 한 단계 이동한다","센트리언 실적·변이백신·비만약·병원AI를 점검하고 중국 유휴 장비를 인도·베트남으로 빼낸다 문제로 이어진다","NAND를 AI 저장장치로 재정의하고 웨이·천민정에게 초대형 데이터센터를 맡긴다의 당면 실행·결정","센트리언 실적·변이백신·비만약·병원AI를 점검하고 중국 유휴 장비를 인도·베트남으로 빼낸다","S3-A06","0.94"
"588","588","마르지 않는 샘물 (3)","102729","102918","한 부회장이 우려한 60~70조 투자가 다음 부의 원천으로 승인된다 상태","개미반란·NAND·중국 보조금 장비가 태우 자산이 되는 보상","헬리콥터 머니와 반도체 역수확 국면에서 센트리언 실적·변이백신·비만약·병원AI를 점검하고 중국 유휴 장비를 인도·베트남으로 빼낸다","센트리언 실적·변이백신·비만약·병원AI를 점검하고 중국 유휴 장비를 인도·베트남으로 빼낸다","헤지펀드·미 수출규제·북한 요청이 서로 다른 위험을 낳는다","방역 보상과 중국 보조금이 새 생산기지의 기술·장비가 된다","방역 보상과 중국 보조금이 새 생산기지의 기술·장비가 된다","시장·기술","헬리콥터 머니와 반도체 역수확의 주도권이 이 사건으로 김민재·태우 쪽에 한 단계 이동한다","CIA의 북한 백신 100만~2천만 회분 요청을 받아 장남 생존선을 조사한다 문제로 이어진다","센트리언 실적·변이백신·비만약·병원AI를 점검하고 중국 유휴 장비를 인도·베트남으로 빼낸다의 당면 실행·결정","CIA의 북한 백신 100만~2천만 회분 요청을 받아 장남 생존선을 조사한다","S3-A06","0.94"
"589","589","마르지 않는 샘물 (4)","102919","103092","방역 보상과 중국 보조금이 새 생산기지의 기술·장비가 된다 상태","개미반란·NAND·중국 보조금 장비가 태우 자산이 되는 보상","헬리콥터 머니와 반도체 역수확 국면에서 CIA의 북한 백신 100만~2천만 회분 요청을 받아 장남 생존선을 조사한다","CIA의 북한 백신 100만~2천만 회분 요청을 받아 장남 생존선을 조사한다","헤지펀드·미 수출규제·북한 요청이 서로 다른 위험을 낳는다","직접 개입 없이 북한 권력 변수를 시험할 통로가 열린다","직접 개입 없이 북한 권력 변수를 시험할 통로가 열린다","시장·기술","헬리콥터 머니와 반도체 역수확의 주도권이 이 사건으로 김민재·태우 쪽에 한 단계 이동한다","이준수가 중국 보조금 팹 장비를 암호화폐로 태우에 넘기게 한다 문제로 이어진다","CIA의 북한 백신 100만~2천만 회분 요청을 받아 장남 생존선을 조사한다의 당면 실행·결정","이준수가 중국 보조금 팹 장비를 암호화폐로 태우에 넘기게 한다","S3-A06","0.94"
"590","590","마르지 않는 샘물 (5)","103093","103264","직접 개입 없이 북한 권력 변수를 시험할 통로가 열린다 상태","개미반란·NAND·중국 보조금 장비가 태우 자산이 되는 보상","헬리콥터 머니와 반도체 역수확 국면에서 이준수가 중국 보조금 팹 장비를 암호화폐로 태우에 넘기게 한다","이준수가 중국 보조금 팹 장비를 암호화폐로 태우에 넘기게 한다","헤지펀드·미 수출규제·북한 요청이 서로 다른 위험을 낳는다","원수의 가짜사업과 중국 지원금이 태우의 실제 설비로 환수된다","원수의 가짜사업과 중국 지원금이 태우의 실제 설비로 환수된다","시장·기술","헬리콥터 머니와 반도체 역수확의 주도권이 이 사건으로 김민재·태우 쪽에 한 단계 이동한다","최재석 우세와 연기된 G7을 점검하고 EU의 차량용칩 요구를 협상 카드로 삼는다 문제로 이어진다","이준수가 중국 보조금 팹 장비를 암호화폐로 태우에 넘기게 한다의 당면 실행·결정","최재석 우세와 연기된 G7을 점검하고 EU의 차량용칩 요구를 협상 카드로 삼는다","S3-A06","0.94"
"591","591","예정된 승리 (1)","103265","103426","원수의 가짜사업과 중국 지원금이 태우의 실제 설비로 환수된다 상태","최재석 재선·G7 진입·제약로비 승리로 국가와 그룹이 함께 오르는 보상","G7 플러스와 바이든 착지 국면에서 최재석 우세와 연기된 G7을 점검하고 EU의 차량용칩 요구를 협상 카드로 삼는다","최재석 우세와 연기된 G7을 점검하고 EU의 차량용칩 요구를 협상 카드로 삼는다","유럽의 공급요구와 미 제약로비, 미 대선 불확실성이 저항한다","국가 위상과 반도체 공급을 교환할 다자협상 문이 열린다","국가 위상과 반도체 공급을 교환할 다자협상 문이 열린다","국가위상·정치","G7 플러스와 바이든 착지의 주도권이 이 사건으로 김민재·태우 쪽에 한 단계 이동한다","유럽·미국·한국 기업을 GDC로 묶고 칩·배터리·충전망을 조건부 공급한다 문제로 이어진다","최재석 우세와 연기된 G7을 점검하고 EU의 차량용칩 요구를 협상 카드로 삼는다의 당면 실행·결정","유럽·미국·한국 기업을 GDC로 묶고 칩·배터리·충전망을 조건부 공급한다","S3-A06","0.94"
"592","592","예정된 승리 (2)","103427","103586","국가 위상과 반도체 공급을 교환할 다자협상 문이 열린다 상태","최재석 재선·G7 진입·제약로비 승리로 국가와 그룹이 함께 오르는 보상","G7 플러스와 바이든 착지 국면에서 유럽·미국·한국 기업을 GDC로 묶고 칩·배터리·충전망을 조건부 공급한다","유럽·미국·한국 기업을 GDC로 묶고 칩·배터리·충전망을 조건부 공급한다","유럽의 공급요구와 미 제약로비, 미 대선 불확실성이 저항한다","태우 기술이 서방 산업동맹의 가입권이 된다","태우 기술이 서방 산업동맹의 가입권이 된다","국가위상·정치","G7 플러스와 바이든 착지의 주도권이 이 사건으로 김민재·태우 쪽에 한 단계 이동한다","G7 화상회의에서 한국·호주를 포함한 G7+를 만들고 변이백신을 추가 카드로 낸다 문제로 이어진다","유럽·미국·한국 기업을 GDC로 묶고 칩·배터리·충전망을 조건부 공급한다의 당면 실행·결정","G7 화상회의에서 한국·호주를 포함한 G7+를 만들고 변이백신을 추가 카드로 낸다","S3-A06","0.94"
"593","593","예정된 승리 (3)","103587","103760","태우 기술이 서방 산업동맹의 가입권이 된다 상태","최재석 재선·G7 진입·제약로비 승리로 국가와 그룹이 함께 오르는 보상","G7 플러스와 바이든 착지 국면에서 G7 화상회의에서 한국·호주를 포함한 G7+를 만들고 변이백신을 추가 카드로 낸다","G7 화상회의에서 한국·호주를 포함한 G7+를 만들고 변이백신을 추가 카드로 낸다","유럽의 공급요구와 미 제약로비, 미 대선 불확실성이 저항한다","오래 준비한 G7 진입 약속이 실제 국제 지위로 결산된다","오래 준비한 G7 진입 약속이 실제 국제 지위로 결산된다","국가위상·정치","G7 플러스와 바이든 착지의 주도권이 이 사건으로 김민재·태우 쪽에 한 단계 이동한다","최재석 재선과 G7+를 가족식사처럼 축하하고 원전확대·국민연금 개혁을 부탁한다 문제로 이어진다","G7 화상회의에서 한국·호주를 포함한 G7+를 만들고 변이백신을 추가 카드로 낸다의 당면 실행·결정","최재석 재선과 G7+를 가족식사처럼 축하하고 원전확대·국민연금 개혁을 부탁한다","S3-A06","0.94"
"594","594","예정된 승리 (4)","103761","103927","오래 준비한 G7 진입 약속이 실제 국제 지위로 결산된다 상태","최재석 재선·G7 진입·제약로비 승리로 국가와 그룹이 함께 오르는 보상","G7 플러스와 바이든 착지 국면에서 최재석 재선과 G7+를 가족식사처럼 축하하고 원전확대·국민연금 개혁을 부탁한다","최재석 재선과 G7+를 가족식사처럼 축하하고 원전확대·국민연금 개혁을 부탁한다","유럽의 공급요구와 미 제약로비, 미 대선 불확실성이 저항한다","정치동맹이 두 번째 임기와 장기 국가개조 과제로 이어진다","정치동맹이 두 번째 임기와 장기 국가개조 과제로 이어진다","국가위상·정치","G7 플러스와 바이든 착지의 주도권이 이 사건으로 김민재·태우 쪽에 한 단계 이동한다","태우상사 흑자·치료제 승인 뒤 양자·AI에 50조 원 이상 투자를 확정한다 문제로 이어진다","최재석 재선과 G7+를 가족식사처럼 축하하고 원전확대·국민연금 개혁을 부탁한다의 당면 실행·결정","태우상사 흑자·치료제 승인 뒤 양자·AI에 50조 원 이상 투자를 확정한다","S3-A06","0.94"
"595","595","예정된 승리 (5)","103928","104106","정치동맹이 두 번째 임기와 장기 국가개조 과제로 이어진다 상태","최재석 재선·G7 진입·제약로비 승리로 국가와 그룹이 함께 오르는 보상","G7 플러스와 바이든 착지 국면에서 태우상사 흑자·치료제 승인 뒤 양자·AI에 50조 원 이상 투자를 확정한다","태우상사 흑자·치료제 승인 뒤 양자·AI에 50조 원 이상 투자를 확정한다","유럽의 공급요구와 미 제약로비, 미 대선 불확실성이 저항한다","팬데믹 현금이 회귀 지식 밖 미래기술을 버틸 자본으로 바뀐다","팬데믹 현금이 회귀 지식 밖 미래기술을 버틸 자본으로 바뀐다","국가위상·정치","G7 플러스와 바이든 착지의 주도권이 이 사건으로 김민재·태우 쪽에 한 단계 이동한다","미 제약로비의 특허강탈 위협에 SMA 치료제 무료 공급으로 여론전을 건다 문제로 이어진다","태우상사 흑자·치료제 승인 뒤 양자·AI에 50조 원 이상 투자를 확정한다의 당면 실행·결정","미 제약로비의 특허강탈 위협에 SMA 치료제 무료 공급으로 여론전을 건다","S3-A06","0.94"
"596","596","어르고 달래기 (1)","104107","104260","팬데믹 현금이 회귀 지식 밖 미래기술을 버틸 자본으로 바뀐다 상태","최재석 재선·G7 진입·제약로비 승리로 국가와 그룹이 함께 오르는 보상","G7 플러스와 바이든 착지 국면에서 미 제약로비의 특허강탈 위협에 SMA 치료제 무료 공급으로 여론전을 건다","미 제약로비의 특허강탈 위협에 SMA 치료제 무료 공급으로 여론전을 건다","유럽의 공급요구와 미 제약로비, 미 대선 불확실성이 저항한다","독점기업 공격을 생명구호 이미지로 뒤집을 반격이 시작된다","독점기업 공격을 생명구호 이미지로 뒤집을 반격이 시작된다","국가위상·정치","G7 플러스와 바이든 착지의 주도권이 이 사건으로 김민재·태우 쪽에 한 단계 이동한다","SNS·환자 가족 여론으로 제약협회를 역풍에 몰아넣는다 문제로 이어진다","미 제약로비의 특허강탈 위협에 SMA 치료제 무료 공급으로 여론전을 건다의 당면 실행·결정","SNS·환자 가족 여론으로 제약협회를 역풍에 몰아넣는다","S3-A06","0.94"
"597","597","어르고 달래기 (2)","104261","104422","독점기업 공격을 생명구호 이미지로 뒤집을 반격이 시작된다 상태","최재석 재선·G7 진입·제약로비 승리로 국가와 그룹이 함께 오르는 보상","G7 플러스와 바이든 착지 국면에서 SNS·환자 가족 여론으로 제약협회를 역풍에 몰아넣는다","SNS·환자 가족 여론으로 제약협회를 역풍에 몰아넣는다","유럽의 공급요구와 미 제약로비, 미 대선 불확실성이 저항한다","협회가 센트리언을 배제하지 못하고 가입을 청하게 된다","협회가 센트리언을 배제하지 못하고 가입을 청하게 된다","국가위상·정치","G7 플러스와 바이든 착지의 주도권이 이 사건으로 김민재·태우 쪽에 한 단계 이동한다","스티브 허블과 해외 백신공장·필수의약품 아시아 생산권·무료약 지원을 교환한다 문제로 이어진다","SNS·환자 가족 여론으로 제약협회를 역풍에 몰아넣는다의 당면 실행·결정","스티브 허블과 해외 백신공장·필수의약품 아시아 생산권·무료약 지원을 교환한다","S3-A06","0.94"
"598","598","어르고 달래기 (3)","104423","104592","협회가 센트리언을 배제하지 못하고 가입을 청하게 된다 상태","최재석 재선·G7 진입·제약로비 승리로 국가와 그룹이 함께 오르는 보상","G7 플러스와 바이든 착지 국면에서 스티브 허블과 해외 백신공장·필수의약품 아시아 생산권·무료약 지원을 교환한다","스티브 허블과 해외 백신공장·필수의약품 아시아 생산권·무료약 지원을 교환한다","유럽의 공급요구와 미 제약로비, 미 대선 불확실성이 저항한다","제약로비 전쟁이 생산권과 일본 공급사 지분이라는 보상으로 끝난다","제약로비 전쟁이 생산권과 일본 공급사 지분이라는 보상으로 끝난다","국가위상·정치","G7 플러스와 바이든 착지의 주도권이 이 사건으로 김민재·태우 쪽에 한 단계 이동한다","바이든의 58대42 승리를 확인하고 트럼프의 분열·폭주를 달랜다 문제로 이어진다","스티브 허블과 해외 백신공장·필수의약품 아시아 생산권·무료약 지원을 교환한다의 당면 실행·결정","바이든의 58대42 승리를 확인하고 트럼프의 분열·폭주를 달랜다","S3-A06","0.94"
"599","599","어르고 달래기 (4)","104593","104768","제약로비 전쟁이 생산권과 일본 공급사 지분이라는 보상으로 끝난다 상태","최재석 재선·G7 진입·제약로비 승리로 국가와 그룹이 함께 오르는 보상","G7 플러스와 바이든 착지 국면에서 바이든의 58대42 승리를 확인하고 트럼프의 분열·폭주를 달랜다","바이든의 58대42 승리를 확인하고 트럼프의 분열·폭주를 달랜다","유럽의 공급요구와 미 제약로비, 미 대선 불확실성이 저항한다","2024년 트럼프 선을 살리면서 차기 바이든 정부에도 착지한다","2024년 트럼프 선을 살리면서 차기 바이든 정부에도 착지한다","국가위상·정치","G7 플러스와 바이든 착지의 주도권이 이 사건으로 김민재·태우 쪽에 한 단계 이동한다","바이든 당선인에게 가이아나 무기·태우사업과 100억 달러 금융을 제안한다 문제로 이어진다","바이든의 58대42 승리를 확인하고 트럼프의 분열·폭주를 달랜다의 당면 실행·결정","바이든 당선인에게 가이아나 무기·태우사업과 100억 달러 금융을 제안한다","S3-A06","0.94"
"600","600","어르고 달래기 (5)","104769","104942","2024년 트럼프 선을 살리면서 차기 바이든 정부에도 착지한다 상태","최재석 재선·G7 진입·제약로비 승리로 국가와 그룹이 함께 오르는 보상","G7 플러스와 바이든 착지 국면에서 바이든 당선인에게 가이아나 무기·태우사업과 100억 달러 금융을 제안한다","바이든 당선인에게 가이아나 무기·태우사업과 100억 달러 금융을 제안한다","유럽의 공급요구와 미 제약로비, 미 대선 불확실성이 저항한다","러시아 전쟁 전 남미 에너지·방산 거점을 심는다","러시아 전쟁 전 남미 에너지·방산 거점을 심는다","국가위상·정치","G7 플러스와 바이든 착지의 주도권이 이 사건으로 김민재·태우 쪽에 한 단계 이동한다","천민정의 AI·장비 성과를 확인하고 SMR을 밀며 차량용칩 위기 뒤를 준비한다 문제로 이어진다","바이든 당선인에게 가이아나 무기·태우사업과 100억 달러 금융을 제안한다의 당면 실행·결정","천민정의 AI·장비 성과를 확인하고 SMR을 밀며 차량용칩 위기 뒤를 준비한다","S3-A06","0.94"
"601","601","뿌리 내리기 (1)","104943","105101","러시아 전쟁 전 남미 에너지·방산 거점을 심는다 상태","SMR·호주석탄·가이아나·베트남 자산을 선점하는 보상","원전과 에너지 물량 확보 국면에서 천민정의 AI·장비 성과를 확인하고 SMR을 밀며 차량용칩 위기 뒤를 준비한다","천민정의 AI·장비 성과를 확인하고 SMR을 밀며 차량용칩 위기 뒤를 준비한다","북한 해킹과 중국 압박, 베트남 부패망이 실행비용을 높인다","첨단기술과 원전이 팬데믹 이후 성장축으로 뿌리내린다","첨단기술과 원전이 팬데믹 이후 성장축으로 뿌리내린다","에너지·안보","원전과 에너지 물량 확보의 주도권이 이 사건으로 김민재·태우 쪽에 한 단계 이동한다","현재 장 회장에게 로템 전차수출을 지원하고 원전 동맹 참여를 얻는다 문제로 이어진다","천민정의 AI·장비 성과를 확인하고 SMR을 밀며 차량용칩 위기 뒤를 준비한다의 당면 실행·결정","현재 장 회장에게 로템 전차수출을 지원하고 원전 동맹 참여를 얻는다","S3-A07","0.94"
"602","602","뿌리 내리기 (2)","105102","105272","첨단기술과 원전이 팬데믹 이후 성장축으로 뿌리내린다 상태","SMR·호주석탄·가이아나·베트남 자산을 선점하는 보상","원전과 에너지 물량 확보 국면에서 현재 장 회장에게 로템 전차수출을 지원하고 원전 동맹 참여를 얻는다","현재 장 회장에게 로템 전차수출을 지원하고 원전 동맹 참여를 얻는다","북한 해킹과 중국 압박, 베트남 부패망이 실행비용을 높인다","방산 계약이 재벌 협력과 원전 확대의 교환재가 된다","방산 계약이 재벌 협력과 원전 확대의 교환재가 된다","에너지·안보","원전과 에너지 물량 확보의 주도권이 이 사건으로 김민재·태우 쪽에 한 단계 이동한다","메타버스 거품 전에 지분 40퍼센트를 글로벌 IT에 팔되 통제권은 남긴다 문제로 이어진다","현재 장 회장에게 로템 전차수출을 지원하고 원전 동맹 참여를 얻는다의 당면 실행·결정","메타버스 거품 전에 지분 40퍼센트를 글로벌 IT에 팔되 통제권은 남긴다","S3-A07","0.94"
"603","603","뿌리 내리기 (3)","105273","105447","방산 계약이 재벌 협력과 원전 확대의 교환재가 된다 상태","SMR·호주석탄·가이아나·베트남 자산을 선점하는 보상","원전과 에너지 물량 확보 국면에서 메타버스 거품 전에 지분 40퍼센트를 글로벌 IT에 팔되 통제권은 남긴다","메타버스 거품 전에 지분 40퍼센트를 글로벌 IT에 팔되 통제권은 남긴다","북한 해킹과 중국 압박, 베트남 부패망이 실행비용을 높인다","고평가를 현금화하면서 플랫폼 주도권을 보존한다","고평가를 현금화하면서 플랫폼 주도권을 보존한다","에너지·안보","원전과 에너지 물량 확보의 주도권이 이 사건으로 김민재·태우 쪽에 한 단계 이동한다","암호화폐 거품 단속을 준비하던 중 북한의 센트리언 핵심표적 해킹을 포착한다 문제로 이어진다","메타버스 거품 전에 지분 40퍼센트를 글로벌 IT에 팔되 통제권은 남긴다의 당면 실행·결정","암호화폐 거품 단속을 준비하던 중 북한의 센트리언 핵심표적 해킹을 포착한다","S3-A07","0.94"
"604","604","뿌리 내리기 (4)","105448","105609","고평가를 현금화하면서 플랫폼 주도권을 보존한다 상태","SMR·호주석탄·가이아나·베트남 자산을 선점하는 보상","원전과 에너지 물량 확보 국면에서 암호화폐 거품 단속을 준비하던 중 북한의 센트리언 핵심표적 해킹을 포착한다","암호화폐 거품 단속을 준비하던 중 북한의 센트리언 핵심표적 해킹을 포착한다","북한 해킹과 중국 압박, 베트남 부패망이 실행비용을 높인다","외부전쟁이 백신·치료제 기술을 노리는 생존위협으로 돌아온다","외부전쟁이 백신·치료제 기술을 노리는 생존위협으로 돌아온다","에너지·안보","원전과 에너지 물량 확보의 주도권이 이 사건으로 김민재·태우 쪽에 한 단계 이동한다","AI 방어로 북한 해킹을 막고 불만세력·장남 경로를 그리며 호주산 석탄을 비축한다 문제로 이어진다","암호화폐 거품 단속을 준비하던 중 북한의 센트리언 핵심표적 해킹을 포착한다의 당면 실행·결정","AI 방어로 북한 해킹을 막고 불만세력·장남 경로를 그리며 호주산 석탄을 비축한다","S3-A07","0.94"
"605","605","뿌리 내리기 (5)","105610","105770","외부전쟁이 백신·치료제 기술을 노리는 생존위협으로 돌아온다 상태","SMR·호주석탄·가이아나·베트남 자산을 선점하는 보상","원전과 에너지 물량 확보 국면에서 AI 방어로 북한 해킹을 막고 불만세력·장남 경로를 그리며 호주산 석탄을 비축한다","AI 방어로 북한 해킹을 막고 불만세력·장남 경로를 그리며 호주산 석탄을 비축한다","북한 해킹과 중국 압박, 베트남 부패망이 실행비용을 높인다","북한 권력카드와 중국 에너지 압박용 물량을 함께 확보한다","북한 권력카드와 중국 에너지 압박용 물량을 함께 확보한다","에너지·안보","원전과 에너지 물량 확보의 주도권이 이 사건으로 김민재·태우 쪽에 한 단계 이동한다","최재석과 동해 고갈가스전을 LNG 저장고로 전환하고 호주·가이아나 순방을 정한다 문제로 이어진다","AI 방어로 북한 해킹을 막고 불만세력·장남 경로를 그리며 호주산 석탄을 비축한다의 당면 실행·결정","최재석과 동해 고갈가스전을 LNG 저장고로 전환하고 호주·가이아나 순방을 정한다","S3-A07","0.94"
"606","606","물량 확보 (1)","105771","105925","북한 권력카드와 중국 에너지 압박용 물량을 함께 확보한다 상태","SMR·호주석탄·가이아나·베트남 자산을 선점하는 보상","원전과 에너지 물량 확보 국면에서 최재석과 동해 고갈가스전을 LNG 저장고로 전환하고 호주·가이아나 순방을 정한다","최재석과 동해 고갈가스전을 LNG 저장고로 전환하고 호주·가이아나 순방을 정한다","북한 해킹과 중국 압박, 베트남 부패망이 실행비용을 높인다","QUAD 부담 없이 에너지 혈로를 뚫을 국가 인프라가 생긴다","QUAD 부담 없이 에너지 혈로를 뚫을 국가 인프라가 생긴다","에너지·안보","원전과 에너지 물량 확보의 주도권이 이 사건으로 김민재·태우 쪽에 한 단계 이동한다","모리슨에게 중국이 막은 호주 석탄을 태우가 사들이는 장기계약을 제안한다 문제로 이어진다","최재석과 동해 고갈가스전을 LNG 저장고로 전환하고 호주·가이아나 순방을 정한다의 당면 실행·결정","모리슨에게 중국이 막은 호주 석탄을 태우가 사들이는 장기계약을 제안한다","S3-A07","0.94"
"607","607","물량 확보 (2)","105926","106110","QUAD 부담 없이 에너지 혈로를 뚫을 국가 인프라가 생긴다 상태","SMR·호주석탄·가이아나·베트남 자산을 선점하는 보상","원전과 에너지 물량 확보 국면에서 모리슨에게 중국이 막은 호주 석탄을 태우가 사들이는 장기계약을 제안한다","모리슨에게 중국이 막은 호주 석탄을 태우가 사들이는 장기계약을 제안한다","북한 해킹과 중국 압박, 베트남 부패망이 실행비용을 높인다","호주를 구하면서 중국 전력난 때 쓸 대규모 물량을 선점한다","호주를 구하면서 중국 전력난 때 쓸 대규모 물량을 선점한다","에너지·안보","원전과 에너지 물량 확보의 주도권이 이 사건으로 김민재·태우 쪽에 한 단계 이동한다","가이아나에 IIT·한국대학과 싼 유전지분·방산을 묶어 합의를 이끈다 문제로 이어진다","모리슨에게 중국이 막은 호주 석탄을 태우가 사들이는 장기계약을 제안한다의 당면 실행·결정","가이아나에 IIT·한국대학과 싼 유전지분·방산을 묶어 합의를 이끈다","S3-A07","0.94"
"608","608","물량 확보 (3)","106111","106261","호주를 구하면서 중국 전력난 때 쓸 대규모 물량을 선점한다 상태","SMR·호주석탄·가이아나·베트남 자산을 선점하는 보상","원전과 에너지 물량 확보 국면에서 가이아나에 IIT·한국대학과 싼 유전지분·방산을 묶어 합의를 이끈다","가이아나에 IIT·한국대학과 싼 유전지분·방산을 묶어 합의를 이끈다","북한 해킹과 중국 압박, 베트남 부패망이 실행비용을 높인다","태우상사가 광산·해운·에너지 동맹의 중심으로 자리 잡는다","태우상사가 광산·해운·에너지 동맹의 중심으로 자리 잡는다","에너지·안보","원전과 에너지 물량 확보의 주도권이 이 사건으로 김민재·태우 쪽에 한 단계 이동한다","김태중과 베트남 사이공은행 미아인의 불법대출·차명망을 역이용한다 문제로 이어진다","가이아나에 IIT·한국대학과 싼 유전지분·방산을 묶어 합의를 이끈다의 당면 실행·결정","김태중과 베트남 사이공은행 미아인의 불법대출·차명망을 역이용한다","S3-A07","0.94"
"609","609","물량 확보 (4)","106262","106419","태우상사가 광산·해운·에너지 동맹의 중심으로 자리 잡는다 상태","SMR·호주석탄·가이아나·베트남 자산을 선점하는 보상","원전과 에너지 물량 확보 국면에서 김태중과 베트남 사이공은행 미아인의 불법대출·차명망을 역이용한다","김태중과 베트남 사이공은행 미아인의 불법대출·차명망을 역이용한다","북한 해킹과 중국 압박, 베트남 부패망이 실행비용을 높인다","부패은행을 무너뜨리고 정유·에너지 자산을 회수할 명분을 만든다","부패은행을 무너뜨리고 정유·에너지 자산을 회수할 명분을 만든다","에너지·안보","원전과 에너지 물량 확보의 주도권이 이 사건으로 김민재·태우 쪽에 한 단계 이동한다","40조 불법대출·10조 비자금을 공개해 미아인과 연계 엘리트를 체포시킨다 문제로 이어진다","김태중과 베트남 사이공은행 미아인의 불법대출·차명망을 역이용한다의 당면 실행·결정","40조 불법대출·10조 비자금을 공개해 미아인과 연계 엘리트를 체포시킨다","S3-A07","0.94"
"610","610","물량 확보 (5)","106420","106590","부패은행을 무너뜨리고 정유·에너지 자산을 회수할 명분을 만든다 상태","SMR·호주석탄·가이아나·베트남 자산을 선점하는 보상","원전과 에너지 물량 확보 국면에서 40조 불법대출·10조 비자금을 공개해 미아인과 연계 엘리트를 체포시킨다","40조 불법대출·10조 비자금을 공개해 미아인과 연계 엘리트를 체포시킨다","북한 해킹과 중국 압박, 베트남 부패망이 실행비용을 높인다","할아버지가 베트남 위험투자를 정리하고 정유 거점을 확보한다","할아버지가 베트남 위험투자를 정리하고 정유 거점을 확보한다","에너지·안보","원전과 에너지 물량 확보의 주도권이 이 사건으로 김민재·태우 쪽에 한 단계 이동한다","귀국한 김태중이 태우 축구단을 넘어 축구협회장에 나서겠다고 한다 문제로 이어진다","40조 불법대출·10조 비자금을 공개해 미아인과 연계 엘리트를 체포시킨다의 당면 실행·결정","귀국한 김태중이 태우 축구단을 넘어 축구협회장에 나서겠다고 한다","S3-A07","0.94"
"611","611","작은 부탁 (1)","106591","106781","할아버지가 베트남 위험투자를 정리하고 정유 거점을 확보한다 상태","김태중의 새 역할·일중 거래·수에즈 성과가 잇따르는 보상","축구협회와 중국 백기 국면에서 귀국한 김태중이 태우 축구단을 넘어 축구협회장에 나서겠다고 한다","귀국한 김태중이 태우 축구단을 넘어 축구협회장에 나서겠다고 한다","축구 카르텔과 미중 요구, 물류사고·암호화폐 위험이 맞선다","은퇴한 가족을 다시 살게 할 새 목표와 250억 지원과제가 열린다","은퇴한 가족을 다시 살게 할 새 목표와 250억 지원과제가 열린다","가족·표준","축구협회와 중국 백기의 주도권이 이 사건으로 김민재·태우 쪽에 한 단계 이동한다","축구협회장 지원과 메타버스 글로벌 지분교환을 동시에 설계한다 문제로 이어진다","귀국한 김태중이 태우 축구단을 넘어 축구협회장에 나서겠다고 한다의 당면 실행·결정","축구협회장 지원과 메타버스 글로벌 지분교환을 동시에 설계한다","S3-A07","0.94"
"612","612","작은 부탁 (2)","106782","106960","은퇴한 가족을 다시 살게 할 새 목표와 250억 지원과제가 열린다 상태","김태중의 새 역할·일중 거래·수에즈 성과가 잇따르는 보상","축구협회와 중국 백기 국면에서 축구협회장 지원과 메타버스 글로벌 지분교환을 동시에 설계한다","축구협회장 지원과 메타버스 글로벌 지분교환을 동시에 설계한다","축구 카르텔과 미중 요구, 물류사고·암호화폐 위험이 맞선다","할아버지의 명예회복과 마이크로소프트 지분 확대가 병행된다","할아버지의 명예회복과 마이크로소프트 지분 확대가 병행된다","가족·표준","축구협회와 중국 백기의 주도권이 이 사건으로 김민재·태우 쪽에 한 단계 이동한다","국제 축구인맥·추가 구단·중계권 60억에서 300억 인상으로 기존 카르텔을 깬다 문제로 이어진다","축구협회장 지원과 메타버스 글로벌 지분교환을 동시에 설계한다의 당면 실행·결정","국제 축구인맥·추가 구단·중계권 60억에서 300억 인상으로 기존 카르텔을 깬다","S3-A07","0.94"
"613","613","작은 부탁 (3)","106961","107161","할아버지의 명예회복과 마이크로소프트 지분 확대가 병행된다 상태","김태중의 새 역할·일중 거래·수에즈 성과가 잇따르는 보상","축구협회와 중국 백기 국면에서 국제 축구인맥·추가 구단·중계권 60억에서 300억 인상으로 기존 카르텔을 깬다","국제 축구인맥·추가 구단·중계권 60억에서 300억 인상으로 기존 카르텔을 깬다","축구 카르텔과 미중 요구, 물류사고·암호화폐 위험이 맞선다","김태중이 돈만 쓰는 후보가 아니라 구조개혁 후보가 된다","김태중이 돈만 쓰는 후보가 아니라 구조개혁 후보가 된다","가족·표준","축구협회와 중국 백기의 주도권이 이 사건으로 김민재·태우 쪽에 한 단계 이동한다","김태중이 17표로 축구협회장에 당선되고 메타버스 지분으로 MS 주식을 받는다 문제로 이어진다","국제 축구인맥·추가 구단·중계권 60억에서 300억 인상으로 기존 카르텔을 깬다의 당면 실행·결정","김태중이 17표로 축구협회장에 당선되고 메타버스 지분으로 MS 주식을 받는다","S3-A07","0.94"
"614","614","작은 부탁 (4)","107162","107325","김태중이 돈만 쓰는 후보가 아니라 구조개혁 후보가 된다 상태","김태중의 새 역할·일중 거래·수에즈 성과가 잇따르는 보상","축구협회와 중국 백기 국면에서 김태중이 17표로 축구협회장에 당선되고 메타버스 지분으로 MS 주식을 받는다","김태중이 17표로 축구협회장에 당선되고 메타버스 지분으로 MS 주식을 받는다","축구 카르텔과 미중 요구, 물류사고·암호화폐 위험이 맞선다","가족의 새 역할과 플랫폼 투자 보상이 함께 확정된다","가족의 새 역할과 플랫폼 투자 보상이 함께 확정된다","가족·표준","축구협회와 중국 백기의 주도권이 이 사건으로 김민재·태우 쪽에 한 단계 이동한다","바이든 방한 때 미국 반도체공장을 양보하고 중국 팹 자유·국채 협력을 얻는다 문제로 이어진다","김태중이 17표로 축구협회장에 당선되고 메타버스 지분으로 MS 주식을 받는다의 당면 실행·결정","바이든 방한 때 미국 반도체공장을 양보하고 중국 팹 자유·국채 협력을 얻는다","S3-A07","0.94"
"615","615","작은 부탁 (5)","107326","107501","가족의 새 역할과 플랫폼 투자 보상이 함께 확정된다 상태","김태중의 새 역할·일중 거래·수에즈 성과가 잇따르는 보상","축구협회와 중국 백기 국면에서 바이든 방한 때 미국 반도체공장을 양보하고 중국 팹 자유·국채 협력을 얻는다","바이든 방한 때 미국 반도체공장을 양보하고 중국 팹 자유·국채 협력을 얻는다","축구 카르텔과 미중 요구, 물류사고·암호화폐 위험이 맞선다","미국 공급망 안에서 태우의 예외권을 보존한다","미국 공급망 안에서 태우의 예외권을 보존한다","가족·표준","축구협회와 중국 백기의 주도권이 이 사건으로 김민재·태우 쪽에 한 단계 이동한다","르네사스 화재 뒤 일본 완성차에 칩을 주되 T충전망·EV 10년 계약을 묶는다 문제로 이어진다","바이든 방한 때 미국 반도체공장을 양보하고 중국 팹 자유·국채 협력을 얻는다의 당면 실행·결정","르네사스 화재 뒤 일본 완성차에 칩을 주되 T충전망·EV 10년 계약을 묶는다","S3-A07","0.94"
"616","616","백기를 들다 (1)","107502","107680","미국 공급망 안에서 태우의 예외권을 보존한다 상태","김태중의 새 역할·일중 거래·수에즈 성과가 잇따르는 보상","축구협회와 중국 백기 국면에서 르네사스 화재 뒤 일본 완성차에 칩을 주되 T충전망·EV 10년 계약을 묶는다","르네사스 화재 뒤 일본 완성차에 칩을 주되 T충전망·EV 10년 계약을 묶는다","축구 카르텔과 미중 요구, 물류사고·암호화폐 위험이 맞선다","일본이 차량용칩 위기 앞에서 태우 표준에 백기를 든다","일본이 차량용칩 위기 앞에서 태우 표준에 백기를 든다","가족·표준","축구협회와 중국 백기의 주도권이 이 사건으로 김민재·태우 쪽에 한 단계 이동한다","센트리언 공장 철거 엄포와 델타 실패로 중국을 다시 협상장에 세운다 문제로 이어진다","르네사스 화재 뒤 일본 완성차에 칩을 주되 T충전망·EV 10년 계약을 묶는다의 당면 실행·결정","센트리언 공장 철거 엄포와 델타 실패로 중국을 다시 협상장에 세운다","S3-A07","0.94"
"617","617","백기를 들다 (2)","107681","107841","일본이 차량용칩 위기 앞에서 태우 표준에 백기를 든다 상태","김태중의 새 역할·일중 거래·수에즈 성과가 잇따르는 보상","축구협회와 중국 백기 국면에서 센트리언 공장 철거 엄포와 델타 실패로 중국을 다시 협상장에 세운다","센트리언 공장 철거 엄포와 델타 실패로 중국을 다시 협상장에 세운다","축구 카르텔과 미중 요구, 물류사고·암호화폐 위험이 맞선다","중국이 백신 자존심을 접고 시장 양보를 준비한다","중국이 백신 자존심을 접고 시장 양보를 준비한다","가족·표준","축구협회와 중국 백기의 주도권이 이 사건으로 김민재·태우 쪽에 한 단계 이동한다","중국 동부 고밀도 시장을 센트리언 몫으로 받고 100조 원 이상 중국 부동산 공매도에 건다 문제로 이어진다","센트리언 공장 철거 엄포와 델타 실패로 중국을 다시 협상장에 세운다의 당면 실행·결정","중국 동부 고밀도 시장을 센트리언 몫으로 받고 100조 원 이상 중국 부동산 공매도에 건다","S3-A07","0.94"
"618","618","백기를 들다 (3)","107842","108009","중국이 백신 자존심을 접고 시장 양보를 준비한다 상태","김태중의 새 역할·일중 거래·수에즈 성과가 잇따르는 보상","축구협회와 중국 백기 국면에서 중국 동부 고밀도 시장을 센트리언 몫으로 받고 100조 원 이상 중국 부동산 공매도에 건다","중국 동부 고밀도 시장을 센트리언 몫으로 받고 100조 원 이상 중국 부동산 공매도에 건다","축구 카르텔과 미중 요구, 물류사고·암호화폐 위험이 맞선다","백신 협상이 에버그란데 붕괴 수익의 진입권까지 만든다","백신 협상이 에버그란데 붕괴 수익의 진입권까지 만든다","가족·표준","축구협회와 중국 백기의 주도권이 이 사건으로 김민재·태우 쪽에 한 단계 이동한다","수에즈 좌초 때 태우선박을 우회시키고 중장비·예인선으로 운하를 나흘 만에 연다 문제로 이어진다","중국 동부 고밀도 시장을 센트리언 몫으로 받고 100조 원 이상 중국 부동산 공매도에 건다의 당면 실행·결정","수에즈 좌초 때 태우선박을 우회시키고 중장비·예인선으로 운하를 나흘 만에 연다","S3-A07","0.94"
"619","619","백기를 들다 (4)","108010","108186","백신 협상이 에버그란데 붕괴 수익의 진입권까지 만든다 상태","김태중의 새 역할·일중 거래·수에즈 성과가 잇따르는 보상","축구협회와 중국 백기 국면에서 수에즈 좌초 때 태우선박을 우회시키고 중장비·예인선으로 운하를 나흘 만에 연다","수에즈 좌초 때 태우선박을 우회시키고 중장비·예인선으로 운하를 나흘 만에 연다","축구 카르텔과 미중 요구, 물류사고·암호화폐 위험이 맞선다","직접 보상 대신 2억 달러 확장공사와 이집트 영향력을 얻는다","직접 보상 대신 2억 달러 확장공사와 이집트 영향력을 얻는다","가족·표준","축구협회와 중국 백기의 주도권이 이 사건으로 김민재·태우 쪽에 한 단계 이동한다","이더리움·경제학자·공매도를 동원해 로나 스테이블코인의 허점을 공격한다 문제로 이어진다","수에즈 좌초 때 태우선박을 우회시키고 중장비·예인선으로 운하를 나흘 만에 연다의 당면 실행·결정","이더리움·경제학자·공매도를 동원해 로나 스테이블코인의 허점을 공격한다","S3-A07","0.94"
"620","620","백기를 들다 (5)","108187","108349","직접 보상 대신 2억 달러 확장공사와 이집트 영향력을 얻는다 상태","김태중의 새 역할·일중 거래·수에즈 성과가 잇따르는 보상","축구협회와 중국 백기 국면에서 이더리움·경제학자·공매도를 동원해 로나 스테이블코인의 허점을 공격한다","이더리움·경제학자·공매도를 동원해 로나 스테이블코인의 허점을 공격한다","축구 카르텔과 미중 요구, 물류사고·암호화폐 위험이 맞선다","거품 폭풍 전에 금융시장의 새 위험을 공개적으로 제어한다","거품 폭풍 전에 금융시장의 새 위험을 공개적으로 제어한다","가족·표준","축구협회와 중국 백기의 주도권이 이 사건으로 김민재·태우 쪽에 한 단계 이동한다","중국 폭우·폭염·탄광침수로 석탄난이 오자 비축물량과 해운을 가동한다 문제로 이어진다","이더리움·경제학자·공매도를 동원해 로나 스테이블코인의 허점을 공격한다의 당면 실행·결정","중국 폭우·폭염·탄광침수로 석탄난이 오자 비축물량과 해운을 가동한다","S3-A07","0.94"
"621","621","폭우 (1)","108350","108523","거품 폭풍 전에 금융시장의 새 위험을 공개적으로 제어한다 상태","석탄·식량·정당·북한 장남을 한 공급망으로 묶는 보상","폭우와 식량 국가개조 국면에서 중국 폭우·폭염·탄광침수로 석탄난이 오자 비축물량과 해운을 가동한다","중국 폭우·폭염·탄광침수로 석탄난이 오자 비축물량과 해운을 가동한다","기후재난과 농민 반발, 내부 배신·북한 해킹이 압박한다","호주·몽골 석탄 선점이 3~10배 운임·에너지 이익으로 돌아온다","호주·몽골 석탄 선점이 3~10배 운임·에너지 이익으로 돌아온다","식량·정치","폭우와 식량 국가개조의 주도권이 이 사건으로 김민재·태우 쪽에 한 단계 이동한다","식량가 급등과 곡물메이저 압박에 스마트팜·위성·AI와 기업농 법안을 준비한다 문제로 이어진다","중국 폭우·폭염·탄광침수로 석탄난이 오자 비축물량과 해운을 가동한다의 당면 실행·결정","식량가 급등과 곡물메이저 압박에 스마트팜·위성·AI와 기업농 법안을 준비한다","S3-A08","0.94"
"622","622","폭우 (2)","108524","108692","호주·몽골 석탄 선점이 3~10배 운임·에너지 이익으로 돌아온다 상태","석탄·식량·정당·북한 장남을 한 공급망으로 묶는 보상","폭우와 식량 국가개조 국면에서 식량가 급등과 곡물메이저 압박에 스마트팜·위성·AI와 기업농 법안을 준비한다","식량가 급등과 곡물메이저 압박에 스마트팜·위성·AI와 기업농 법안을 준비한다","기후재난과 농민 반발, 내부 배신·북한 해킹이 압박한다","태우가 생산성과 유통을 함께 쥘 식량체제로 이동한다","태우가 생산성과 유통을 함께 쥘 식량체제로 이동한다","식량·정치","폭우와 식량 국가개조의 주도권이 이 사건으로 김민재·태우 쪽에 한 단계 이동한다","명동 투자금을 꼭대기 전에 회수하고 일본 슈퍼앱·레벨5 자율차·국내 평야 매입을 점검한다 문제로 이어진다","식량가 급등과 곡물메이저 압박에 스마트팜·위성·AI와 기업농 법안을 준비한다의 당면 실행·결정","명동 투자금을 꼭대기 전에 회수하고 일본 슈퍼앱·레벨5 자율차·국내 평야 매입을 점검한다","S3-A08","0.94"
"623","623","폭우 (3)","108693","108858","태우가 생산성과 유통을 함께 쥘 식량체제로 이동한다 상태","석탄·식량·정당·북한 장남을 한 공급망으로 묶는 보상","폭우와 식량 국가개조 국면에서 명동 투자금을 꼭대기 전에 회수하고 일본 슈퍼앱·레벨5 자율차·국내 평야 매입을 점검한다","명동 투자금을 꼭대기 전에 회수하고 일본 슈퍼앱·레벨5 자율차·국내 평야 매입을 점검한다","기후재난과 농민 반발, 내부 배신·북한 해킹이 압박한다","금융 차익을 토지와 미래 모빌리티의 실물기반으로 바꾼다","금융 차익을 토지와 미래 모빌리티의 실물기반으로 바꾼다","식량·정치","폭우와 식량 국가개조의 주도권이 이 사건으로 김민재·태우 쪽에 한 단계 이동한다","최재석에게 제주 자율주행 실증과 기업농을 요구하고 후계자 선정을 돕기로 한다 문제로 이어진다","명동 투자금을 꼭대기 전에 회수하고 일본 슈퍼앱·레벨5 자율차·국내 평야 매입을 점검한다의 당면 실행·결정","최재석에게 제주 자율주행 실증과 기업농을 요구하고 후계자 선정을 돕기로 한다","S3-A08","0.94"
"624","624","폭우 (4)","108859","109020","금융 차익을 토지와 미래 모빌리티의 실물기반으로 바꾼다 상태","석탄·식량·정당·북한 장남을 한 공급망으로 묶는 보상","폭우와 식량 국가개조 국면에서 최재석에게 제주 자율주행 실증과 기업농을 요구하고 후계자 선정을 돕기로 한다","최재석에게 제주 자율주행 실증과 기업농을 요구하고 후계자 선정을 돕기로 한다","기후재난과 농민 반발, 내부 배신·북한 해킹이 압박한다","대통령 퇴임 뒤에도 이어질 국민경제당·태우 협력선이 열린다","대통령 퇴임 뒤에도 이어질 국민경제당·태우 협력선이 열린다","식량·정치","폭우와 식량 국가개조의 주도권이 이 사건으로 김민재·태우 쪽에 한 단계 이동한다","제주 무인주행을 성공시키고 당원 3천 명을 검증해 내부 배신자를 찾는다 문제로 이어진다","최재석에게 제주 자율주행 실증과 기업농을 요구하고 후계자 선정을 돕기로 한다의 당면 실행·결정","제주 무인주행을 성공시키고 당원 3천 명을 검증해 내부 배신자를 찾는다","S3-A08","0.94"
"625","625","폭우 (5)","109021","109183","대통령 퇴임 뒤에도 이어질 국민경제당·태우 협력선이 열린다 상태","석탄·식량·정당·북한 장남을 한 공급망으로 묶는 보상","폭우와 식량 국가개조 국면에서 제주 무인주행을 성공시키고 당원 3천 명을 검증해 내부 배신자를 찾는다","제주 무인주행을 성공시키고 당원 3천 명을 검증해 내부 배신자를 찾는다","기후재난과 농민 반발, 내부 배신·북한 해킹이 압박한다","기술 실증과 정치조직 정리가 동시에 가시화된다","기술 실증과 정치조직 정리가 동시에 가시화된다","식량·정치","폭우와 식량 국가개조의 주도권이 이 사건으로 김민재·태우 쪽에 한 단계 이동한다","유석훈에게 배신 증거를 넘겨 국민경제당을 정리하고 북한 장남 정보는 내부처리만 지시한다 문제로 이어진다","제주 무인주행을 성공시키고 당원 3천 명을 검증해 내부 배신자를 찾는다의 당면 실행·결정","유석훈에게 배신 증거를 넘겨 국민경제당을 정리하고 북한 장남 정보는 내부처리만 지시한다","S3-A08","0.94"
"626","626","내부 총질 (1)","109184","109346","기술 실증과 정치조직 정리가 동시에 가시화된다 상태","석탄·식량·정당·북한 장남을 한 공급망으로 묶는 보상","폭우와 식량 국가개조 국면에서 유석훈에게 배신 증거를 넘겨 국민경제당을 정리하고 북한 장남 정보는 내부처리만 지시한다","유석훈에게 배신 증거를 넘겨 국민경제당을 정리하고 북한 장남 정보는 내부처리만 지시한다","기후재난과 농민 반발, 내부 배신·북한 해킹이 압박한다","정당 내 총질을 막고 북한 변수는 노출 없이 키우게 된다","정당 내 총질을 막고 북한 변수는 노출 없이 키우게 된다","식량·정치","폭우와 식량 국가개조의 주도권이 이 사건으로 김민재·태우 쪽에 한 단계 이동한다","리강의 석탄 요청에 장기계약·연변 통로·북한탄 감시를 조건으로 건다 문제로 이어진다","유석훈에게 배신 증거를 넘겨 국민경제당을 정리하고 북한 장남 정보는 내부처리만 지시한다의 당면 실행·결정","리강의 석탄 요청에 장기계약·연변 통로·북한탄 감시를 조건으로 건다","S3-A08","0.94"
"627","627","내부 총질 (2)","109347","109508","정당 내 총질을 막고 북한 변수는 노출 없이 키우게 된다 상태","석탄·식량·정당·북한 장남을 한 공급망으로 묶는 보상","폭우와 식량 국가개조 국면에서 리강의 석탄 요청에 장기계약·연변 통로·북한탄 감시를 조건으로 건다","리강의 석탄 요청에 장기계약·연변 통로·북한탄 감시를 조건으로 건다","기후재난과 농민 반발, 내부 배신·북한 해킹이 압박한다","중국 전력난을 이용해 장남의 연변 자금·물류 기반을 만든다","중국 전력난을 이용해 장남의 연변 자금·물류 기반을 만든다","식량·정치","폭우와 식량 국가개조의 주도권이 이 사건으로 김민재·태우 쪽에 한 단계 이동한다","미국 허리케인으로 오른 유가에 크게 롱하고 에버그란데 공격세력과 손잡는다 문제로 이어진다","리강의 석탄 요청에 장기계약·연변 통로·북한탄 감시를 조건으로 건다의 당면 실행·결정","미국 허리케인으로 오른 유가에 크게 롱하고 에버그란데 공격세력과 손잡는다","S3-A08","0.94"
"628","628","내부 총질 (3)","109509","109656","중국 전력난을 이용해 장남의 연변 자금·물류 기반을 만든다 상태","석탄·식량·정당·북한 장남을 한 공급망으로 묶는 보상","폭우와 식량 국가개조 국면에서 미국 허리케인으로 오른 유가에 크게 롱하고 에버그란데 공격세력과 손잡는다","미국 허리케인으로 오른 유가에 크게 롱하고 에버그란데 공격세력과 손잡는다","기후재난과 농민 반발, 내부 배신·북한 해킹이 압박한다","회귀 지식이 흐려진 뒤에도 정보·연합으로 위험한 베팅을 실행한다","회귀 지식이 흐려진 뒤에도 정보·연합으로 위험한 베팅을 실행한다","식량·정치","폭우와 식량 국가개조의 주도권이 이 사건으로 김민재·태우 쪽에 한 단계 이동한다","에버그란데 주가를 띄운 뒤 공매도 수익을 거두고 연변 돈주로 장남을 지원한다 문제로 이어진다","미국 허리케인으로 오른 유가에 크게 롱하고 에버그란데 공격세력과 손잡는다의 당면 실행·결정","에버그란데 주가를 띄운 뒤 공매도 수익을 거두고 연변 돈주로 장남을 지원한다","S3-A08","0.94"
"629","629","내부 총질 (4)","109657","109844","회귀 지식이 흐려진 뒤에도 정보·연합으로 위험한 베팅을 실행한다 상태","석탄·식량·정당·북한 장남을 한 공급망으로 묶는 보상","폭우와 식량 국가개조 국면에서 에버그란데 주가를 띄운 뒤 공매도 수익을 거두고 연변 돈주로 장남을 지원한다","에버그란데 주가를 띄운 뒤 공매도 수익을 거두고 연변 돈주로 장남을 지원한다","기후재난과 농민 반발, 내부 배신·북한 해킹이 압박한다","중국 부동산 붕괴 이익이 북한 대안세력의 자금이 된다","중국 부동산 붕괴 이익이 북한 대안세력의 자금이 된다","식량·정치","폭우와 식량 국가개조의 주도권이 이 사건으로 김민재·태우 쪽에 한 단계 이동한다","북한 해킹·암호화폐·도박 자금을 막아 연변 의존을 높이고 조지를 일본 공격에 투입한다 문제로 이어진다","에버그란데 주가를 띄운 뒤 공매도 수익을 거두고 연변 돈주로 장남을 지원한다의 당면 실행·결정","북한 해킹·암호화폐·도박 자금을 막아 연변 의존을 높이고 조지를 일본 공격에 투입한다","S3-A08","0.94"
"630","630","내부 총질 (5)","109845","110005","중국 부동산 붕괴 이익이 북한 대안세력의 자금이 된다 상태","석탄·식량·정당·북한 장남을 한 공급망으로 묶는 보상","폭우와 식량 국가개조 국면에서 북한 해킹·암호화폐·도박 자금을 막아 연변 의존을 높이고 조지를 일본 공격에 투입한다","북한 해킹·암호화폐·도박 자금을 막아 연변 의존을 높이고 조지를 일본 공격에 투입한다","기후재난과 농민 반발, 내부 배신·북한 해킹이 압박한다","정치숙청·북한 통제 뒤 다음 전쟁터가 엔화로 정해진다","정치숙청·북한 통제 뒤 다음 전쟁터가 엔화로 정해진다","식량·정치","폭우와 식량 국가개조의 주도권이 이 사건으로 김민재·태우 쪽에 한 단계 이동한다","리강에게 러시아의 3월 침공 정보를 확인하고 금융타워 자본 절반을 에너지에 건다 문제로 이어진다","북한 해킹·암호화폐·도박 자금을 막아 연변 의존을 높이고 조지를 일본 공격에 투입한다의 당면 실행·결정","리강에게 러시아의 3월 침공 정보를 확인하고 금융타워 자본 절반을 에너지에 건다","S3-A08","0.94"
"631","631","전쟁의 서막 (1)","110006","110171","정치숙청·북한 통제 뒤 다음 전쟁터가 엔화로 정해진다 상태","전쟁 선점·말리 광산 회수·가족 구단 선물이 이어지는 보상","러시아 전쟁 준비와 리즈 국면에서 리강에게 러시아의 3월 침공 정보를 확인하고 금융타워 자본 절반을 에너지에 건다","리강에게 러시아의 3월 침공 정보를 확인하고 금융타워 자본 절반을 에너지에 건다","PMC 제재위험과 기업농 반발, 금융폭풍이 비용을 만든다","미래지식의 가장 큰 전쟁 베팅이 실제 시간표를 얻는다","미래지식의 가장 큰 전쟁 베팅이 실제 시간표를 얻는다","전쟁·가족","러시아 전쟁 준비와 리즈의 주도권이 이 사건으로 김민재·태우 쪽에 한 단계 이동한다","말리 쿠데타가 리튬광산을 빼앗자 MBS·로만을 통해 바그너를 투입한다 문제로 이어진다","리강에게 러시아의 3월 침공 정보를 확인하고 금융타워 자본 절반을 에너지에 건다의 당면 실행·결정","말리 쿠데타가 리튬광산을 빼앗자 MBS·로만을 통해 바그너를 투입한다","S3-A09","0.94"
"632","632","전쟁의 서막 (2)","110172","110332","미래지식의 가장 큰 전쟁 베팅이 실제 시간표를 얻는다 상태","전쟁 선점·말리 광산 회수·가족 구단 선물이 이어지는 보상","러시아 전쟁 준비와 리즈 국면에서 말리 쿠데타가 리튬광산을 빼앗자 MBS·로만을 통해 바그너를 투입한다","말리 쿠데타가 리튬광산을 빼앗자 MBS·로만을 통해 바그너를 투입한다","PMC 제재위험과 기업농 반발, 금융폭풍이 비용을 만든다","광산 탈환과 러시아 전쟁정보를 동시에 얻을 PMC 연결선이 작동한다","광산 탈환과 러시아 전쟁정보를 동시에 얻을 PMC 연결선이 작동한다","전쟁·가족","러시아 전쟁 준비와 리즈의 주도권이 이 사건으로 김민재·태우 쪽에 한 단계 이동한다","바그너가 말리 광산을 복구하자 직접 유착은 피하고 억지력만 남긴다 문제로 이어진다","말리 쿠데타가 리튬광산을 빼앗자 MBS·로만을 통해 바그너를 투입한다의 당면 실행·결정","바그너가 말리 광산을 복구하자 직접 유착은 피하고 억지력만 남긴다","S3-A09","0.94"
"633","633","전쟁의 서막 (3)","110333","110512","광산 탈환과 러시아 전쟁정보를 동시에 얻을 PMC 연결선이 작동한다 상태","전쟁 선점·말리 광산 회수·가족 구단 선물이 이어지는 보상","러시아 전쟁 준비와 리즈 국면에서 바그너가 말리 광산을 복구하자 직접 유착은 피하고 억지력만 남긴다","바그너가 말리 광산을 복구하자 직접 유착은 피하고 억지력만 남긴다","PMC 제재위험과 기업농 반발, 금융폭풍이 비용을 만든다","아프리카 자산을 지키되 제재 위험을 제한하는 선이 정해진다","아프리카 자산을 지키되 제재 위험을 제한하는 선이 정해진다","전쟁·가족","러시아 전쟁 준비와 리즈의 주도권이 이 사건으로 김민재·태우 쪽에 한 단계 이동한다","오미크론으로 코로나 종식을 읽고 최재석에게 러시아전쟁의 굴종외교를 피하라고 한다 문제로 이어진다","바그너가 말리 광산을 복구하자 직접 유착은 피하고 억지력만 남긴다의 당면 실행·결정","오미크론으로 코로나 종식을 읽고 최재석에게 러시아전쟁의 굴종외교를 피하라고 한다","S3-A09","0.94"
"634","634","전쟁의 서막 (4)","110513","110687","아프리카 자산을 지키되 제재 위험을 제한하는 선이 정해진다 상태","전쟁 선점·말리 광산 회수·가족 구단 선물이 이어지는 보상","러시아 전쟁 준비와 리즈 국면에서 오미크론으로 코로나 종식을 읽고 최재석에게 러시아전쟁의 굴종외교를 피하라고 한다","오미크론으로 코로나 종식을 읽고 최재석에게 러시아전쟁의 굴종외교를 피하라고 한다","PMC 제재위험과 기업농 반발, 금융폭풍이 비용을 만든다","에너지·식량 준비가 국가 외교의 자신감으로 전환된다","에너지·식량 준비가 국가 외교의 자신감으로 전환된다","전쟁·가족","러시아 전쟁 준비와 리즈의 주도권이 이 사건으로 김민재·태우 쪽에 한 단계 이동한다","이 상무의 CNC가 북한으로 흘러가는 것을 허용하고 기업농 법안을 통과시킨다 문제로 이어진다","오미크론으로 코로나 종식을 읽고 최재석에게 러시아전쟁의 굴종외교를 피하라고 한다의 당면 실행·결정","이 상무의 CNC가 북한으로 흘러가는 것을 허용하고 기업농 법안을 통과시킨다","S3-A09","0.94"
"635","635","전쟁의 서막 (5)","110688","110860","에너지·식량 준비가 국가 외교의 자신감으로 전환된다 상태","전쟁 선점·말리 광산 회수·가족 구단 선물이 이어지는 보상","러시아 전쟁 준비와 리즈 국면에서 이 상무의 CNC가 북한으로 흘러가는 것을 허용하고 기업농 법안을 통과시킨다","이 상무의 CNC가 북한으로 흘러가는 것을 허용하고 기업농 법안을 통과시킨다","PMC 제재위험과 기업농 반발, 금융폭풍이 비용을 만든다","장남 자금줄과 국내 식량개혁이 반대여론을 뚫고 전진한다","장남 자금줄과 국내 식량개혁이 반대여론을 뚫고 전진한다","전쟁·가족","러시아 전쟁 준비와 리즈의 주도권이 이 사건으로 김민재·태우 쪽에 한 단계 이동한다","농민시위 속 가격효과를 밀고 손실 나는 28GHz를 자율주행·스마트팜 때문에 유지한다 문제로 이어진다","이 상무의 CNC가 북한으로 흘러가는 것을 허용하고 기업농 법안을 통과시킨다의 당면 실행·결정","농민시위 속 가격효과를 밀고 손실 나는 28GHz를 자율주행·스마트팜 때문에 유지한다","S3-A09","0.94"
"636","636","강행 돌파 (1)","110861","111037","장남 자금줄과 국내 식량개혁이 반대여론을 뚫고 전진한다 상태","전쟁 선점·말리 광산 회수·가족 구단 선물이 이어지는 보상","러시아 전쟁 준비와 리즈 국면에서 농민시위 속 가격효과를 밀고 손실 나는 28GHz를 자율주행·스마트팜 때문에 유지한다","농민시위 속 가격효과를 밀고 손실 나는 28GHz를 자율주행·스마트팜 때문에 유지한다","PMC 제재위험과 기업농 반발, 금융폭풍이 비용을 만든다","단기 지지율·적자를 감수한 장기 인프라 약속이 지켜진다","단기 지지율·적자를 감수한 장기 인프라 약속이 지켜진다","전쟁·가족","러시아 전쟁 준비와 리즈의 주도권이 이 사건으로 김민재·태우 쪽에 한 단계 이동한다","김태중이 손자의 과부하를 걱정하자 EPL 리즈 구단을 선물하겠다고 한다 문제로 이어진다","농민시위 속 가격효과를 밀고 손실 나는 28GHz를 자율주행·스마트팜 때문에 유지한다의 당면 실행·결정","김태중이 손자의 과부하를 걱정하자 EPL 리즈 구단을 선물하겠다고 한다","S3-A09","0.94"
"637","637","강행 돌파 (2)","111038","111207","단기 지지율·적자를 감수한 장기 인프라 약속이 지켜진다 상태","전쟁 선점·말리 광산 회수·가족 구단 선물이 이어지는 보상","러시아 전쟁 준비와 리즈 국면에서 김태중이 손자의 과부하를 걱정하자 EPL 리즈 구단을 선물하겠다고 한다","김태중이 손자의 과부하를 걱정하자 EPL 리즈 구단을 선물하겠다고 한다","PMC 제재위험과 기업농 반발, 금융폭풍이 비용을 만든다","회귀 뒤 가족 빚을 갚는 휴식·명예의 보상이 구체화된다","회귀 뒤 가족 빚을 갚는 휴식·명예의 보상이 구체화된다","전쟁·가족","러시아 전쟁 준비와 리즈의 주도권이 이 사건으로 김민재·태우 쪽에 한 단계 이동한다","데이비드가 안드레아에게 1억 파운드 성적연동 옵션을 제시해 리즈를 확보한다 문제로 이어진다","김태중이 손자의 과부하를 걱정하자 EPL 리즈 구단을 선물하겠다고 한다의 당면 실행·결정","데이비드가 안드레아에게 1억 파운드 성적연동 옵션을 제시해 리즈를 확보한다","S3-A09","0.94"
"638","638","강행 돌파 (3)","111208","111361","회귀 뒤 가족 빚을 갚는 휴식·명예의 보상이 구체화된다 상태","전쟁 선점·말리 광산 회수·가족 구단 선물이 이어지는 보상","러시아 전쟁 준비와 리즈 국면에서 데이비드가 안드레아에게 1억 파운드 성적연동 옵션을 제시해 리즈를 확보한다","데이비드가 안드레아에게 1억 파운드 성적연동 옵션을 제시해 리즈를 확보한다","PMC 제재위험과 기업농 반발, 금융폭풍이 비용을 만든다","구단 인수가 위험을 제한한 가족 선물로 성사된다","구단 인수가 위험을 제한한 가족 선물로 성사된다","전쟁·가족","러시아 전쟁 준비와 리즈의 주도권이 이 사건으로 김민재·태우 쪽에 한 단계 이동한다","EPL 승인을 받고 홀란드·이강임과 감독 영입계획을 세운다 문제로 이어진다","데이비드가 안드레아에게 1억 파운드 성적연동 옵션을 제시해 리즈를 확보한다의 당면 실행·결정","EPL 승인을 받고 홀란드·이강임과 감독 영입계획을 세운다","S3-A09","0.94"
"639","639","강행 돌파 (4)","111362","111532","구단 인수가 위험을 제한한 가족 선물로 성사된다 상태","전쟁 선점·말리 광산 회수·가족 구단 선물이 이어지는 보상","러시아 전쟁 준비와 리즈 국면에서 EPL 승인을 받고 홀란드·이강임과 감독 영입계획을 세운다","EPL 승인을 받고 홀란드·이강임과 감독 영입계획을 세운다","PMC 제재위험과 기업농 반발, 금융폭풍이 비용을 만든다","김태중의 새 무대가 실제 우승경쟁 전력으로 채워지기 시작한다","김태중의 새 무대가 실제 우승경쟁 전력으로 채워지기 시작한다","전쟁·가족","러시아 전쟁 준비와 리즈의 주도권이 이 사건으로 김민재·태우 쪽에 한 단계 이동한다","연준 금리인상·크레디트스위스·암호화폐 위험을 점검하고 홀란드 고액계약을 감수한다 문제로 이어진다","EPL 승인을 받고 홀란드·이강임과 감독 영입계획을 세운다의 당면 실행·결정","연준 금리인상·크레디트스위스·암호화폐 위험을 점검하고 홀란드 고액계약을 감수한다","S3-A09","0.94"
"640","640","강행 돌파 (5)","111533","111697","김태중의 새 무대가 실제 우승경쟁 전력으로 채워지기 시작한다 상태","전쟁 선점·말리 광산 회수·가족 구단 선물이 이어지는 보상","러시아 전쟁 준비와 리즈 국면에서 연준 금리인상·크레디트스위스·암호화폐 위험을 점검하고 홀란드 고액계약을 감수한다","연준 금리인상·크레디트스위스·암호화폐 위험을 점검하고 홀란드 고액계약을 감수한다","PMC 제재위험과 기업농 반발, 금융폭풍이 비용을 만든다","금융폭풍 준비와 축구투자가 병행되며 개전 직전으로 넘어간다","금융폭풍 준비와 축구투자가 병행되며 개전 직전으로 넘어간다","전쟁·가족","러시아 전쟁 준비와 리즈의 주도권이 이 사건으로 김민재·태우 쪽에 한 단계 이동한다","홀란드 3년 유럽조항을 포함해 영입하고 베이징올림픽 외교를 주도한다 문제로 이어진다","연준 금리인상·크레디트스위스·암호화폐 위험을 점검하고 홀란드 고액계약을 감수한다의 당면 실행·결정","홀란드 3년 유럽조항을 포함해 영입하고 베이징올림픽 외교를 주도한다","S3-A09","0.94"
"641","641","축제와 전쟁 (1)","111698","111871","금융폭풍 준비와 축구투자가 병행되며 개전 직전으로 넘어간다 상태","개인 복수 결산 뒤 니켈·방산·은행위기를 역수확하는 보상","우크라이나 개전과 은행위기 국면에서 홀란드 3년 유럽조항을 포함해 영입하고 베이징올림픽 외교를 주도한다","홀란드 3년 유럽조항을 포함해 영입하고 베이징올림픽 외교를 주도한다","전쟁 사상자와 원자재 숏스퀴즈·은행 유동성 위기가 맞선다","가족 구단은 스타를 얻고 한국은 전쟁 전 국제주도권을 쌓는다","가족 구단은 스타를 얻고 한국은 전쟁 전 국제주도권을 쌓는다","전쟁·금융","우크라이나 개전과 은행위기의 주도권이 이 사건으로 김민재·태우 쪽에 한 단계 이동한다","장남이 이 상무의 CNC를 위조수표·암호화폐 역공으로 빼앗는다 문제로 이어진다","홀란드 3년 유럽조항을 포함해 영입하고 베이징올림픽 외교를 주도한다의 당면 실행·결정","장남이 이 상무의 CNC를 위조수표·암호화폐 역공으로 빼앗는다","S3-A09","0.94"
"642","642","축제와 전쟁 (2)","111872","112067","가족 구단은 스타를 얻고 한국은 전쟁 전 국제주도권을 쌓는다 상태","개인 복수 결산 뒤 니켈·방산·은행위기를 역수확하는 보상","우크라이나 개전과 은행위기 국면에서 장남이 이 상무의 CNC를 위조수표·암호화폐 역공으로 빼앗는다","장남이 이 상무의 CNC를 위조수표·암호화폐 역공으로 빼앗는다","전쟁 사상자와 원자재 숏스퀴즈·은행 유동성 위기가 맞선다","김민재가 직접 죽이지 않고도 원수의 자금과 신뢰가 붕괴한다","김민재가 직접 죽이지 않고도 원수의 자금과 신뢰가 붕괴한다","전쟁·금융","우크라이나 개전과 은행위기의 주도권이 이 사건으로 김민재·태우 쪽에 한 단계 이동한다","장남의 복수가 끝난 날 러시아가 우크라이나를 침공한다 문제로 이어진다","장남이 이 상무의 CNC를 위조수표·암호화폐 역공으로 빼앗는다의 당면 실행·결정","장남의 복수가 끝난 날 러시아가 우크라이나를 침공한다","S3-A09","0.94"
"643","643","축제와 전쟁 (3)","112068","112240","김민재가 직접 죽이지 않고도 원수의 자금과 신뢰가 붕괴한다 상태","개인 복수 결산 뒤 니켈·방산·은행위기를 역수확하는 보상","우크라이나 개전과 은행위기 국면에서 장남의 복수가 끝난 날 러시아가 우크라이나를 침공한다","장남의 복수가 끝난 날 러시아가 우크라이나를 침공한다","전쟁 사상자와 원자재 숏스퀴즈·은행 유동성 위기가 맞선다","개인 복수선이 세계 에너지·식량전쟁의 본전으로 전환된다","개인 복수선이 세계 에너지·식량전쟁의 본전으로 전환된다","전쟁·금융","우크라이나 개전과 은행위기의 주도권이 이 사건으로 김민재·태우 쪽에 한 단계 이동한다","천민정의 비밀 게임·플랫폼으로 친우크라이나 여론을 만들고 최재석에게 간접 탄약지원을 제안한다 문제로 이어진다","장남의 복수가 끝난 날 러시아가 우크라이나를 침공한다의 당면 실행·결정","천민정의 비밀 게임·플랫폼으로 친우크라이나 여론을 만들고 최재석에게 간접 탄약지원을 제안한다","S3-A09","0.94"
"644","644","축제와 전쟁 (4)","112241","112414","개인 복수선이 세계 에너지·식량전쟁의 본전으로 전환된다 상태","개인 복수 결산 뒤 니켈·방산·은행위기를 역수확하는 보상","우크라이나 개전과 은행위기 국면에서 천민정의 비밀 게임·플랫폼으로 친우크라이나 여론을 만들고 최재석에게 간접 탄약지원을 제안한다","천민정의 비밀 게임·플랫폼으로 친우크라이나 여론을 만들고 최재석에게 간접 탄약지원을 제안한다","전쟁 사상자와 원자재 숏스퀴즈·은행 유동성 위기가 맞선다","군사개입 없이 정보전과 보급으로 전황에 영향력을 갖는다","군사개입 없이 정보전과 보급으로 전황에 영향력을 갖는다","전쟁·금융","우크라이나 개전과 은행위기의 주도권이 이 사건으로 김민재·태우 쪽에 한 단계 이동한다","미국 보충판매 형식의 탄약·방산·원전·물류·식량 유럽계획을 데이비드에게 펼친다 문제로 이어진다","천민정의 비밀 게임·플랫폼으로 친우크라이나 여론을 만들고 최재석에게 간접 탄약지원을 제안한다의 당면 실행·결정","미국 보충판매 형식의 탄약·방산·원전·물류·식량 유럽계획을 데이비드에게 펼친다","S3-A09","0.94"
"645","645","축제와 전쟁 (5)","112415","112578","군사개입 없이 정보전과 보급으로 전황에 영향력을 갖는다 상태","개인 복수 결산 뒤 니켈·방산·은행위기를 역수확하는 보상","우크라이나 개전과 은행위기 국면에서 미국 보충판매 형식의 탄약·방산·원전·물류·식량 유럽계획을 데이비드에게 펼친다","미국 보충판매 형식의 탄약·방산·원전·물류·식량 유럽계획을 데이비드에게 펼친다","전쟁 사상자와 원자재 숏스퀴즈·은행 유동성 위기가 맞선다","전쟁 피해를 한국 산업의 장기 유럽진출로 바꾸는 판이 완성된다","전쟁 피해를 한국 산업의 장기 유럽진출로 바꾸는 판이 완성된다","전쟁·금융","우크라이나 개전과 은행위기의 주도권이 이 사건으로 김민재·태우 쪽에 한 단계 이동한다","러시아전쟁으로 니켈 공매도에 걸린 창산 시안을 만나 구제조건을 묻는다 문제로 이어진다","미국 보충판매 형식의 탄약·방산·원전·물류·식량 유럽계획을 데이비드에게 펼친다의 당면 실행·결정","러시아전쟁으로 니켈 공매도에 걸린 창산 시안을 만나 구제조건을 묻는다","S3-A09","0.94"
"646","646","전쟁의 광기 (1)","112579","112742","전쟁 피해를 한국 산업의 장기 유럽진출로 바꾸는 판이 완성된다 상태","개인 복수 결산 뒤 니켈·방산·은행위기를 역수확하는 보상","우크라이나 개전과 은행위기 국면에서 러시아전쟁으로 니켈 공매도에 걸린 창산 시안을 만나 구제조건을 묻는다","러시아전쟁으로 니켈 공매도에 걸린 창산 시안을 만나 구제조건을 묻는다","전쟁 사상자와 원자재 숏스퀴즈·은행 유동성 위기가 맞선다","중국 기업의 마진콜 위기가 인도네시아 광산 인수기회가 된다","중국 기업의 마진콜 위기가 인도네시아 광산 인수기회가 된다","전쟁·금융","우크라이나 개전과 은행위기의 주도권이 이 사건으로 김민재·태우 쪽에 한 단계 이동한다","시안의 니켈광산을 받고 200억 달러 지급보증을 서며 LME를 설득한다 문제로 이어진다","러시아전쟁으로 니켈 공매도에 걸린 창산 시안을 만나 구제조건을 묻는다의 당면 실행·결정","시안의 니켈광산을 받고 200억 달러 지급보증을 서며 LME를 설득한다","S3-A09","0.94"
"647","647","전쟁의 광기 (2)","112743","112917","중국 기업의 마진콜 위기가 인도네시아 광산 인수기회가 된다 상태","개인 복수 결산 뒤 니켈·방산·은행위기를 역수확하는 보상","우크라이나 개전과 은행위기 국면에서 시안의 니켈광산을 받고 200억 달러 지급보증을 서며 LME를 설득한다","시안의 니켈광산을 받고 200억 달러 지급보증을 서며 LME를 설득한다","전쟁 사상자와 원자재 숏스퀴즈·은행 유동성 위기가 맞선다","가격폭등을 막고 배터리 핵심광물 지배권을 얻는다","가격폭등을 막고 배터리 핵심광물 지배권을 얻는다","전쟁·금융","우크라이나 개전과 은행위기의 주도권이 이 사건으로 김민재·태우 쪽에 한 단계 이동한다","LME 마진콜 유예로 헤지펀드를 물리고 동남아 정유로 러시아 에너지를 돌린다 문제로 이어진다","시안의 니켈광산을 받고 200억 달러 지급보증을 서며 LME를 설득한다의 당면 실행·결정","LME 마진콜 유예로 헤지펀드를 물리고 동남아 정유로 러시아 에너지를 돌린다","S3-A09","0.94"
"648","648","전쟁의 광기 (3)","112918","113086","가격폭등을 막고 배터리 핵심광물 지배권을 얻는다 상태","개인 복수 결산 뒤 니켈·방산·은행위기를 역수확하는 보상","우크라이나 개전과 은행위기 국면에서 LME 마진콜 유예로 헤지펀드를 물리고 동남아 정유로 러시아 에너지를 돌린다","LME 마진콜 유예로 헤지펀드를 물리고 동남아 정유로 러시아 에너지를 돌린다","전쟁 사상자와 원자재 숏스퀴즈·은행 유동성 위기가 맞선다","니켈전쟁과 제재에 막힌 원유가 태우 공급망의 이익으로 결산된다","니켈전쟁과 제재에 막힌 원유가 태우 공급망의 이익으로 결산된다","전쟁·금융","우크라이나 개전과 은행위기의 주도권이 이 사건으로 김민재·태우 쪽에 한 단계 이동한다","폴란드·루마니아 방산·원전 협상을 넓히던 중 SVB의 200억 달러 채권매각을 포착한다 문제로 이어진다","LME 마진콜 유예로 헤지펀드를 물리고 동남아 정유로 러시아 에너지를 돌린다의 당면 실행·결정","폴란드·루마니아 방산·원전 협상을 넓히던 중 SVB의 200억 달러 채권매각을 포착한다","S3-A09","0.94"
"649","649","전쟁의 광기 (4)","113087","113249","니켈전쟁과 제재에 막힌 원유가 태우 공급망의 이익으로 결산된다 상태","개인 복수 결산 뒤 니켈·방산·은행위기를 역수확하는 보상","우크라이나 개전과 은행위기 국면에서 폴란드·루마니아 방산·원전 협상을 넓히던 중 SVB의 200억 달러 채권매각을 포착한다","폴란드·루마니아 방산·원전 협상을 넓히던 중 SVB의 200억 달러 채권매각을 포착한다","전쟁 사상자와 원자재 숏스퀴즈·은행 유동성 위기가 맞선다","유럽 수주전과 미국 은행위기가 한 금융판으로 합쳐진다","유럽 수주전과 미국 은행위기가 한 금융판으로 합쳐진다","전쟁·금융","우크라이나 개전과 은행위기의 주도권이 이 사건으로 김민재·태우 쪽에 한 단계 이동한다","다이아몬드의 보고로 SVB·연쇄은행 실패를 금융타워 통합 기회로 정한다 문제로 이어진다","폴란드·루마니아 방산·원전 협상을 넓히던 중 SVB의 200억 달러 채권매각을 포착한다의 당면 실행·결정","다이아몬드의 보고로 SVB·연쇄은행 실패를 금융타워 통합 기회로 정한다","S3-A09","0.94"
"650","650","전쟁의 광기 (5)","113250","113408","유럽 수주전과 미국 은행위기가 한 금융판으로 합쳐진다 상태","개인 복수 결산 뒤 니켈·방산·은행위기를 역수확하는 보상","우크라이나 개전과 은행위기 국면에서 다이아몬드의 보고로 SVB·연쇄은행 실패를 금융타워 통합 기회로 정한다","다이아몬드의 보고로 SVB·연쇄은행 실패를 금융타워 통합 기회로 정한다","전쟁 사상자와 원자재 숏스퀴즈·은행 유동성 위기가 맞선다","FED·백악관과 1달러 인수를 흥정할 다음 국면이 열린다","FED·백악관과 1달러 인수를 흥정할 다음 국면이 열린다","전쟁·금융","우크라이나 개전과 은행위기의 주도권이 이 사건으로 김민재·태우 쪽에 한 단계 이동한다","파월·옐런·FDIC 앞에서 SVB를 1달러에 인수하겠다고 제안한다 문제로 이어진다","다이아몬드의 보고로 SVB·연쇄은행 실패를 금융타워 통합 기회로 정한다의 당면 실행·결정","파월·옐런·FDIC 앞에서 SVB를 1달러에 인수하겠다고 제안한다","S3-A09","0.94"
"651","651","1달러 (1)","113409","113563","FED·백악관과 1달러 인수를 흥정할 다음 국면이 열린다 상태","미국·스위스 은행을 인수하고 유럽 방산·원전을 여는 보상","1달러 은행과 엔캐리 국면에서 파월·옐런·FDIC 앞에서 SVB를 1달러에 인수하겠다고 제안한다","파월·옐런·FDIC 앞에서 SVB를 1달러에 인수하겠다고 제안한다","예금자 공포와 국가 규제, 엔화부채의 환율위험이 저항한다","예금자 구제와 금융타워 확장을 미국 정책 해결책으로 묶는다","예금자 구제와 금융타워 확장을 미국 정책 해결책으로 묶는다","금융·유럽산업","1달러 은행과 엔캐리의 주도권이 이 사건으로 김민재·태우 쪽에 한 단계 이동한다","미 국채를 보유하고 유동성을 책임지는 조건으로 SVB를 받고 400억 달러 원전사업 약속을 얻는다 문제로 이어진다","파월·옐런·FDIC 앞에서 SVB를 1달러에 인수하겠다고 제안한다의 당면 실행·결정","미 국채를 보유하고 유동성을 책임지는 조건으로 SVB를 받고 400억 달러 원전사업 약속을 얻는다","S3-A10","0.94"
"652","652","1달러 (2)","113564","113713","예금자 구제와 금융타워 확장을 미국 정책 해결책으로 묶는다 상태","미국·스위스 은행을 인수하고 유럽 방산·원전을 여는 보상","1달러 은행과 엔캐리 국면에서 미 국채를 보유하고 유동성을 책임지는 조건으로 SVB를 받고 400억 달러 원전사업 약속을 얻는다","미 국채를 보유하고 유동성을 책임지는 조건으로 SVB를 받고 400억 달러 원전사업 약속을 얻는다","예금자 공포와 국가 규제, 엔화부채의 환율위험이 저항한다","1달러 은행과 미국 원전 진입권이라는 이중 보상을 거둔다","1달러 은행과 미국 원전 진입권이라는 이중 보상을 거둔다","금융·유럽산업","1달러 은행과 엔캐리의 주도권이 이 사건으로 김민재·태우 쪽에 한 단계 이동한다","다이아몬드가 은행들을 통합하고 김민재가 사우디로 원유카르텔을 흔들 준비를 한다 문제로 이어진다","미 국채를 보유하고 유동성을 책임지는 조건으로 SVB를 받고 400억 달러 원전사업 약속을 얻는다의 당면 실행·결정","다이아몬드가 은행들을 통합하고 김민재가 사우디로 원유카르텔을 흔들 준비를 한다","S3-A10","0.94"
"653","653","1달러 (3)","113714","113857","1달러 은행과 미국 원전 진입권이라는 이중 보상을 거둔다 상태","미국·스위스 은행을 인수하고 유럽 방산·원전을 여는 보상","1달러 은행과 엔캐리 국면에서 다이아몬드가 은행들을 통합하고 김민재가 사우디로 원유카르텔을 흔들 준비를 한다","다이아몬드가 은행들을 통합하고 김민재가 사우디로 원유카르텔을 흔들 준비를 한다","예금자 공포와 국가 규제, 엔화부채의 환율위험이 저항한다","금융타워가 세계금융 중심으로 커지고 원자재 반격선이 열린다","금융타워가 세계금융 중심으로 커지고 원자재 반격선이 열린다","금융·유럽산업","1달러 은행과 엔캐리의 주도권이 이 사건으로 김민재·태우 쪽에 한 단계 이동한다","기업농 성과 뒤 태우상사에 직거래·전자상거래 유통개혁을 맡긴다 문제로 이어진다","다이아몬드가 은행들을 통합하고 김민재가 사우디로 원유카르텔을 흔들 준비를 한다의 당면 실행·결정","기업농 성과 뒤 태우상사에 직거래·전자상거래 유통개혁을 맡긴다","S3-A10","0.94"
"654","654","1달러 (4)","113858","114028","금융타워가 세계금융 중심으로 커지고 원자재 반격선이 열린다 상태","미국·스위스 은행을 인수하고 유럽 방산·원전을 여는 보상","1달러 은행과 엔캐리 국면에서 기업농 성과 뒤 태우상사에 직거래·전자상거래 유통개혁을 맡긴다","기업농 성과 뒤 태우상사에 직거래·전자상거래 유통개혁을 맡긴다","예금자 공포와 국가 규제, 엔화부채의 환율위험이 저항한다","생산개혁이 소비자 물가와 그룹 유통지배로 연결된다","생산개혁이 소비자 물가와 그룹 유통지배로 연결된다","금융·유럽산업","1달러 은행과 엔캐리의 주도권이 이 사건으로 김민재·태우 쪽에 한 단계 이동한다","중국에 잡힌 이 상무의 결말을 확인하고 조지의 엔캐리 작전을 승인한다 문제로 이어진다","기업농 성과 뒤 태우상사에 직거래·전자상거래 유통개혁을 맡긴다의 당면 실행·결정","중국에 잡힌 이 상무의 결말을 확인하고 조지의 엔캐리 작전을 승인한다","S3-A10","0.94"
"655","655","1달러 (5)","114029","114192","생산개혁이 소비자 물가와 그룹 유통지배로 연결된다 상태","미국·스위스 은행을 인수하고 유럽 방산·원전을 여는 보상","1달러 은행과 엔캐리 국면에서 중국에 잡힌 이 상무의 결말을 확인하고 조지의 엔캐리 작전을 승인한다","중국에 잡힌 이 상무의 결말을 확인하고 조지의 엔캐리 작전을 승인한다","예금자 공포와 국가 규제, 엔화부채의 환율위험이 저항한다","개인 복수의 잔여선이 닫히고 미래지식 없는 일본전이 시작된다","개인 복수의 잔여선이 닫히고 미래지식 없는 일본전이 시작된다","금융·유럽산업","1달러 은행과 엔캐리의 주도권이 이 사건으로 김민재·태우 쪽에 한 단계 이동한다","금융타워를 거절한 리퍼블릭은행의 뱅크런을 방치해 본보기로 만들고 시그니처를 인수한다 문제로 이어진다","중국에 잡힌 이 상무의 결말을 확인하고 조지의 엔캐리 작전을 승인한다의 당면 실행·결정","금융타워를 거절한 리퍼블릭은행의 뱅크런을 방치해 본보기로 만들고 시그니처를 인수한다","S3-A10","0.94"
"656","656","돈 놓고 돈 먹기 (1)","114193","114366","개인 복수의 잔여선이 닫히고 미래지식 없는 일본전이 시작된다 상태","미국·스위스 은행을 인수하고 유럽 방산·원전을 여는 보상","1달러 은행과 엔캐리 국면에서 금융타워를 거절한 리퍼블릭은행의 뱅크런을 방치해 본보기로 만들고 시그니처를 인수한다","금융타워를 거절한 리퍼블릭은행의 뱅크런을 방치해 본보기로 만들고 시그니처를 인수한다","예금자 공포와 국가 규제, 엔화부채의 환율위험이 저항한다","미국 은행들이 금융타워 보호망에 자발적으로 들어오기 시작한다","미국 은행들이 금융타워 보호망에 자발적으로 들어오기 시작한다","금융·유럽산업","1달러 은행과 엔캐리의 주도권이 이 사건으로 김민재·태우 쪽에 한 단계 이동한다","일본에서 70조 원을 초저금리로 빌려 미 국채와 원유·에너지에 나눈다 문제로 이어진다","금융타워를 거절한 리퍼블릭은행의 뱅크런을 방치해 본보기로 만들고 시그니처를 인수한다의 당면 실행·결정","일본에서 70조 원을 초저금리로 빌려 미 국채와 원유·에너지에 나눈다","S3-A10","0.94"
"657","657","돈 놓고 돈 먹기 (2)","114367","114535","미국 은행들이 금융타워 보호망에 자발적으로 들어오기 시작한다 상태","미국·스위스 은행을 인수하고 유럽 방산·원전을 여는 보상","1달러 은행과 엔캐리 국면에서 일본에서 70조 원을 초저금리로 빌려 미 국채와 원유·에너지에 나눈다","일본에서 70조 원을 초저금리로 빌려 미 국채와 원유·에너지에 나눈다","예금자 공포와 국가 규제, 엔화부채의 환율위험이 저항한다","엔화 부채가 미국 영향력과 실물자산 가치상승으로 바뀐다","엔화 부채가 미국 영향력과 실물자산 가치상승으로 바뀐다","금융·유럽산업","1달러 은행과 엔캐리의 주도권이 이 사건으로 김민재·태우 쪽에 한 단계 이동한다","엔캐리를 굳힌 뒤 크레디트스위스를 1달러에 받고 스위스의 유럽 방공망 참여를 요구한다 문제로 이어진다","일본에서 70조 원을 초저금리로 빌려 미 국채와 원유·에너지에 나눈다의 당면 실행·결정","엔캐리를 굳힌 뒤 크레디트스위스를 1달러에 받고 스위스의 유럽 방공망 참여를 요구한다","S3-A10","0.94"
"658","658","돈 놓고 돈 먹기 (3)","114536","114701","엔화 부채가 미국 영향력과 실물자산 가치상승으로 바뀐다 상태","미국·스위스 은행을 인수하고 유럽 방산·원전을 여는 보상","1달러 은행과 엔캐리 국면에서 엔캐리를 굳힌 뒤 크레디트스위스를 1달러에 받고 스위스의 유럽 방공망 참여를 요구한다","엔캐리를 굳힌 뒤 크레디트스위스를 1달러에 받고 스위스의 유럽 방공망 참여를 요구한다","예금자 공포와 국가 규제, 엔화부채의 환율위험이 저항한다","은행 구제가 유럽 방산시장 공정경쟁 카드가 된다","은행 구제가 유럽 방산시장 공정경쟁 카드가 된다","금융·유럽산업","1달러 은행과 엔캐리의 주도권이 이 사건으로 김민재·태우 쪽에 한 단계 이동한다","스위스 지지를 지렛대로 EU 에너지·교통 사업의 태우 참가를 보장받는다 문제로 이어진다","엔캐리를 굳힌 뒤 크레디트스위스를 1달러에 받고 스위스의 유럽 방공망 참여를 요구한다의 당면 실행·결정","스위스 지지를 지렛대로 EU 에너지·교통 사업의 태우 참가를 보장받는다","S3-A10","0.94"
"659","659","돈 놓고 돈 먹기 (4)","114702","114855","은행 구제가 유럽 방산시장 공정경쟁 카드가 된다 상태","미국·스위스 은행을 인수하고 유럽 방산·원전을 여는 보상","1달러 은행과 엔캐리 국면에서 스위스 지지를 지렛대로 EU 에너지·교통 사업의 태우 참가를 보장받는다","스위스 지지를 지렛대로 EU 에너지·교통 사업의 태우 참가를 보장받는다","예금자 공포와 국가 규제, 엔화부채의 환율위험이 저항한다","금융 인수가 유럽 산업계약의 제도적 문을 연다","금융 인수가 유럽 산업계약의 제도적 문을 연다","금융·유럽산업","1달러 은행과 엔캐리의 주도권이 이 사건으로 김민재·태우 쪽에 한 단계 이동한다","폴란드 20조 방산·체코 원전 계약을 굳히고 로나코인 붕괴로 베릴의 신뢰를 높인다 문제로 이어진다","스위스 지지를 지렛대로 EU 에너지·교통 사업의 태우 참가를 보장받는다의 당면 실행·결정","폴란드 20조 방산·체코 원전 계약을 굳히고 로나코인 붕괴로 베릴의 신뢰를 높인다","S3-A10","0.94"
"660","660","돈 놓고 돈 먹기 (5)","114856","114999","금융 인수가 유럽 산업계약의 제도적 문을 연다 상태","미국·스위스 은행을 인수하고 유럽 방산·원전을 여는 보상","1달러 은행과 엔캐리 국면에서 폴란드 20조 방산·체코 원전 계약을 굳히고 로나코인 붕괴로 베릴의 신뢰를 높인다","폴란드 20조 방산·체코 원전 계약을 굳히고 로나코인 붕괴로 베릴의 신뢰를 높인다","예금자 공포와 국가 규제, 엔화부채의 환율위험이 저항한다","은행·방산·원전·시장규율이 예정된 승리로 묶인다","은행·방산·원전·시장규율이 예정된 승리로 묶인다","금융·유럽산업","1달러 은행과 엔캐리의 주도권이 이 사건으로 김민재·태우 쪽에 한 단계 이동한다","로나코인 99퍼센트 폭락 뒤 김태중에게 동남아 식량·러시아에너지 순방을 부탁한다 문제로 이어진다","폴란드 20조 방산·체코 원전 계약을 굳히고 로나코인 붕괴로 베릴의 신뢰를 높인다의 당면 실행·결정","로나코인 99퍼센트 폭락 뒤 김태중에게 동남아 식량·러시아에너지 순방을 부탁한다","S3-A10","0.94"
"661","661","특별대우 (1)","115000","115169","은행·방산·원전·시장규율이 예정된 승리로 묶인다 상태","동남아 물량·곡물카르텔 항복·한미 특별대우를 얻는 보상","식량 특별대우와 사우디 중재 국면에서 로나코인 99퍼센트 폭락 뒤 김태중에게 동남아 식량·러시아에너지 순방을 부탁한다","로나코인 99퍼센트 폭락 뒤 김태중에게 동남아 식량·러시아에너지 순방을 부탁한다","세계 물가와 원유·곡물 카르텔, 미·사우디 갈등이 맞선다","베릴의 경고가 입증되고 가족의 마지막 회사 임무가 시작된다","베릴의 경고가 입증되고 가족의 마지막 회사 임무가 시작된다","식량·외교","식량 특별대우와 사우디 중재의 주도권이 이 사건으로 김민재·태우 쪽에 한 단계 이동한다","김태중이 베트남·동남아 농산물·팜유 수출예외를 확보한다 문제로 이어진다","로나코인 99퍼센트 폭락 뒤 김태중에게 동남아 식량·러시아에너지 순방을 부탁한다의 당면 실행·결정","김태중이 베트남·동남아 농산물·팜유 수출예외를 확보한다","S3-A11","0.94"
"662","662","특별대우 (2)","115170","115328","베릴의 경고가 입증되고 가족의 마지막 회사 임무가 시작된다 상태","동남아 물량·곡물카르텔 항복·한미 특별대우를 얻는 보상","식량 특별대우와 사우디 중재 국면에서 김태중이 베트남·동남아 농산물·팜유 수출예외를 확보한다","김태중이 베트남·동남아 농산물·팜유 수출예외를 확보한다","세계 물가와 원유·곡물 카르텔, 미·사우디 갈등이 맞선다","한국 물가를 안정시키며 태우가 보이지 않게 유통을 통제한다","한국 물가를 안정시키며 태우가 보이지 않게 유통을 통제한다","식량·외교","식량 특별대우와 사우디 중재의 주도권이 이 사건으로 김민재·태우 쪽에 한 단계 이동한다","로봇 물류와 일본 3대 상사 지분 50퍼센트를 활용하고 엔캐리 500억 달러 이익을 전망한다 문제로 이어진다","김태중이 베트남·동남아 농산물·팜유 수출예외를 확보한다의 당면 실행·결정","로봇 물류와 일본 3대 상사 지분 50퍼센트를 활용하고 엔캐리 500억 달러 이익을 전망한다","S3-A11","0.94"
"663","663","특별대우 (3)","115329","115484","한국 물가를 안정시키며 태우가 보이지 않게 유통을 통제한다 상태","동남아 물량·곡물카르텔 항복·한미 특별대우를 얻는 보상","식량 특별대우와 사우디 중재 국면에서 로봇 물류와 일본 3대 상사 지분 50퍼센트를 활용하고 엔캐리 500억 달러 이익을 전망한다","로봇 물류와 일본 3대 상사 지분 50퍼센트를 활용하고 엔캐리 500억 달러 이익을 전망한다","세계 물가와 원유·곡물 카르텔, 미·사우디 갈등이 맞선다","식량·유통·일본 자산이 마르지 않는 현금원으로 합쳐진다","식량·유통·일본 자산이 마르지 않는 현금원으로 합쳐진다","식량·외교","식량 특별대우와 사우디 중재의 주도권이 이 사건으로 김민재·태우 쪽에 한 단계 이동한다","태우엔터·MCA·테일러 스위프트로 10만 석 경기장과 해외 스포츠 흥행을 채운다 문제로 이어진다","로봇 물류와 일본 3대 상사 지분 50퍼센트를 활용하고 엔캐리 500억 달러 이익을 전망한다의 당면 실행·결정","태우엔터·MCA·테일러 스위프트로 10만 석 경기장과 해외 스포츠 흥행을 채운다","S3-A11","0.94"
"664","664","특별대우 (4)","115485","115640","식량·유통·일본 자산이 마르지 않는 현금원으로 합쳐진다 상태","동남아 물량·곡물카르텔 항복·한미 특별대우를 얻는 보상","식량 특별대우와 사우디 중재 국면에서 태우엔터·MCA·테일러 스위프트로 10만 석 경기장과 해외 스포츠 흥행을 채운다","태우엔터·MCA·테일러 스위프트로 10만 석 경기장과 해외 스포츠 흥행을 채운다","세계 물가와 원유·곡물 카르텔, 미·사우디 갈등이 맞선다","대형 인프라가 문화·관광 수익과 브랜드로 살아난다","대형 인프라가 문화·관광 수익과 브랜드로 살아난다","식량·외교","식량 특별대우와 사우디 중재의 주도권이 이 사건으로 김민재·태우 쪽에 한 단계 이동한다","빈 살만이 개막축제에 오자 미·사우디 중재 가능성을 흘리고 곡물카르텔의 팜뷰로 공격을 받는다 문제로 이어진다","태우엔터·MCA·테일러 스위프트로 10만 석 경기장과 해외 스포츠 흥행을 채운다의 당면 실행·결정","빈 살만이 개막축제에 오자 미·사우디 중재 가능성을 흘리고 곡물카르텔의 팜뷰로 공격을 받는다","S3-A11","0.94"
"665","665","특별대우 (5)","115641","115809","대형 인프라가 문화·관광 수익과 브랜드로 살아난다 상태","동남아 물량·곡물카르텔 항복·한미 특별대우를 얻는 보상","식량 특별대우와 사우디 중재 국면에서 빈 살만이 개막축제에 오자 미·사우디 중재 가능성을 흘리고 곡물카르텔의 팜뷰로 공격을 받는다","빈 살만이 개막축제에 오자 미·사우디 중재 가능성을 흘리고 곡물카르텔의 팜뷰로 공격을 받는다","세계 물가와 원유·곡물 카르텔, 미·사우디 갈등이 맞선다","왕실 친분이 카르텔을 꺾을 국제정치 카드로 변한다","왕실 친분이 카르텔을 꺾을 국제정치 카드로 변한다","식량·외교","식량 특별대우와 사우디 중재의 주도권이 이 사건으로 김민재·태우 쪽에 한 단계 이동한다","바이든의 방한을 유도해 한미 통화스와프·증시개혁과 사우디 중재를 묶는다 문제로 이어진다","빈 살만이 개막축제에 오자 미·사우디 중재 가능성을 흘리고 곡물카르텔의 팜뷰로 공격을 받는다의 당면 실행·결정","바이든의 방한을 유도해 한미 통화스와프·증시개혁과 사우디 중재를 묶는다","S3-A11","0.94"
"666","666","이지선다 (1)","115810","115982","왕실 친분이 카르텔을 꺾을 국제정치 카드로 변한다 상태","동남아 물량·곡물카르텔 항복·한미 특별대우를 얻는 보상","식량 특별대우와 사우디 중재 국면에서 바이든의 방한을 유도해 한미 통화스와프·증시개혁과 사우디 중재를 묶는다","바이든의 방한을 유도해 한미 통화스와프·증시개혁과 사우디 중재를 묶는다","세계 물가와 원유·곡물 카르텔, 미·사우디 갈등이 맞선다","백악관이 곡물카르텔을 누를 대가로 한국 금융안전판을 협상한다","백악관이 곡물카르텔을 누를 대가로 한국 금융안전판을 협상한다","식량·외교","식량 특별대우와 사우디 중재의 주도권이 이 사건으로 김민재·태우 쪽에 한 단계 이동한다","바이든에게 금융타워를 보여 주고 반도체 특별대우를 받은 뒤 사우디 협상을 제안한다 문제로 이어진다","바이든의 방한을 유도해 한미 통화스와프·증시개혁과 사우디 중재를 묶는다의 당면 실행·결정","바이든에게 금융타워를 보여 주고 반도체 특별대우를 받은 뒤 사우디 협상을 제안한다","S3-A11","0.94"
"667","667","이지선다 (2)","115983","116146","백악관이 곡물카르텔을 누를 대가로 한국 금융안전판을 협상한다 상태","동남아 물량·곡물카르텔 항복·한미 특별대우를 얻는 보상","식량 특별대우와 사우디 중재 국면에서 바이든에게 금융타워를 보여 주고 반도체 특별대우를 받은 뒤 사우디 협상을 제안한다","바이든에게 금융타워를 보여 주고 반도체 특별대우를 받은 뒤 사우디 협상을 제안한다","세계 물가와 원유·곡물 카르텔, 미·사우디 갈등이 맞선다","한국·태우의 전략가치가 현직 대통령의 직접 양보로 확인된다","한국·태우의 전략가치가 현직 대통령의 직접 양보로 확인된다","식량·외교","식량 특별대우와 사우디 중재의 주도권이 이 사건으로 김민재·태우 쪽에 한 단계 이동한다","MBS에게 증산안을 받고 바이든·IRS가 곡물메이저를 압박하게 한다 문제로 이어진다","바이든에게 금융타워를 보여 주고 반도체 특별대우를 받은 뒤 사우디 협상을 제안한다의 당면 실행·결정","MBS에게 증산안을 받고 바이든·IRS가 곡물메이저를 압박하게 한다","S3-A11","0.94"
"668","668","이지선다 (3)","116147","116314","한국·태우의 전략가치가 현직 대통령의 직접 양보로 확인된다 상태","동남아 물량·곡물카르텔 항복·한미 특별대우를 얻는 보상","식량 특별대우와 사우디 중재 국면에서 MBS에게 증산안을 받고 바이든·IRS가 곡물메이저를 압박하게 한다","MBS에게 증산안을 받고 바이든·IRS가 곡물메이저를 압박하게 한다","세계 물가와 원유·곡물 카르텔, 미·사우디 갈등이 맞선다","식량카르텔이 태우 방해를 포기하고 사우디 협상도 타결된다","식량카르텔이 태우 방해를 포기하고 사우디 협상도 타결된다","식량·외교","식량 특별대우와 사우디 중재의 주도권이 이 사건으로 김민재·태우 쪽에 한 단계 이동한다","제재로 구단 급료가 막힌 로만을 간접 지원해 러시아 인맥을 보존한다 문제로 이어진다","MBS에게 증산안을 받고 바이든·IRS가 곡물메이저를 압박하게 한다의 당면 실행·결정","제재로 구단 급료가 막힌 로만을 간접 지원해 러시아 인맥을 보존한다","S3-A11","0.94"
"669","669","이지선다 (4)","116315","116471","식량카르텔이 태우 방해를 포기하고 사우디 협상도 타결된다 상태","동남아 물량·곡물카르텔 항복·한미 특별대우를 얻는 보상","식량 특별대우와 사우디 중재 국면에서 제재로 구단 급료가 막힌 로만을 간접 지원해 러시아 인맥을 보존한다","제재로 구단 급료가 막힌 로만을 간접 지원해 러시아 인맥을 보존한다","세계 물가와 원유·곡물 카르텔, 미·사우디 갈등이 맞선다","서방선 안에서 미래 러시아 출구를 쥔 양면 연결선이 남는다","서방선 안에서 미래 러시아 출구를 쥔 양면 연결선이 남는다","식량·외교","식량 특별대우와 사우디 중재의 주도권이 이 사건으로 김민재·태우 쪽에 한 단계 이동한다","로만이 프리고진과 튀르키예에서 만나 군부 불만과 생존책을 공유한다 문제로 이어진다","제재로 구단 급료가 막힌 로만을 간접 지원해 러시아 인맥을 보존한다의 당면 실행·결정","로만이 프리고진과 튀르키예에서 만나 군부 불만과 생존책을 공유한다","S3-A11","0.94"
"670","670","이지선다 (5)","116472","116638","서방선 안에서 미래 러시아 출구를 쥔 양면 연결선이 남는다 상태","동남아 물량·곡물카르텔 항복·한미 특별대우를 얻는 보상","식량 특별대우와 사우디 중재 국면에서 로만이 프리고진과 튀르키예에서 만나 군부 불만과 생존책을 공유한다","로만이 프리고진과 튀르키예에서 만나 군부 불만과 생존책을 공유한다","세계 물가와 원유·곡물 카르텔, 미·사우디 갈등이 맞선다","러시아전쟁을 뒤흔들 통제하기 어려운 변수가 모습을 드러낸다","러시아전쟁을 뒤흔들 통제하기 어려운 변수가 모습을 드러낸다","식량·외교","식량 특별대우와 사우디 중재의 주도권이 이 사건으로 김민재·태우 쪽에 한 단계 이동한다","로만·프리고진을 보안 메타버스에서 강 대위와 연결하고 동남아 에너지 수익을 제공한다 문제로 이어진다","로만이 프리고진과 튀르키예에서 만나 군부 불만과 생존책을 공유한다의 당면 실행·결정","로만·프리고진을 보안 메타버스에서 강 대위와 연결하고 동남아 에너지 수익을 제공한다","S3-A11","0.94"
"671","671","싹이 트다 (1)","116639","116798","러시아전쟁을 뒤흔들 통제하기 어려운 변수가 모습을 드러낸다 상태","PIF·AI·고체배터리로 다음 성장축을 띄우는 보상","바그너 포섭과 AI 비상 국면에서 로만·프리고진을 보안 메타버스에서 강 대위와 연결하고 동남아 에너지 수익을 제공한다","로만·프리고진을 보안 메타버스에서 강 대위와 연결하고 동남아 에너지 수익을 제공한다","러시아 제재와 유가변동, 1000억 달러 기술투자가 비용을 만든다","바그너가 태우 자금줄에 묶여 독자행동 가능한 세력이 된다","바그너가 태우 자금줄에 묶여 독자행동 가능한 세력이 된다","자본·미래기술","바그너 포섭과 AI 비상의 주도권이 이 사건으로 김민재·태우 쪽에 한 단계 이동한다","바그너를 아프리카 카드로 관리하면서 곡물·원유카르텔이 트럼프에 붙는 것을 역이용한다 문제로 이어진다","로만·프리고진을 보안 메타버스에서 강 대위와 연결하고 동남아 에너지 수익을 제공한다의 당면 실행·결정","바그너를 아프리카 카드로 관리하면서 곡물·원유카르텔이 트럼프에 붙는 것을 역이용한다","S3-A11","0.94"
"672","672","싹이 트다 (2)","116799","116956","바그너가 태우 자금줄에 묶여 독자행동 가능한 세력이 된다 상태","PIF·AI·고체배터리로 다음 성장축을 띄우는 보상","바그너 포섭과 AI 비상 국면에서 바그너를 아프리카 카드로 관리하면서 곡물·원유카르텔이 트럼프에 붙는 것을 역이용한다","바그너를 아프리카 카드로 관리하면서 곡물·원유카르텔이 트럼프에 붙는 것을 역이용한다","러시아 제재와 유가변동, 1000억 달러 기술투자가 비용을 만든다","현직 바이든과 차기 트럼프 모두를 가진 양날의 정치보험이 생긴다","현직 바이든과 차기 트럼프 모두를 가진 양날의 정치보험이 생긴다","자본·미래기술","바그너 포섭과 AI 비상의 주도권이 이 사건으로 김민재·태우 쪽에 한 단계 이동한다","러시아의 노르트스트림 차단 뒤 사우디에서 살만 국왕의 6천억 달러 PIF 위탁 제안을 받는다 문제로 이어진다","바그너를 아프리카 카드로 관리하면서 곡물·원유카르텔이 트럼프에 붙는 것을 역이용한다의 당면 실행·결정","러시아의 노르트스트림 차단 뒤 사우디에서 살만 국왕의 6천억 달러 PIF 위탁 제안을 받는다","S3-A11","0.94"
"673","673","싹이 트다 (3)","116957","117120","현직 바이든과 차기 트럼프 모두를 가진 양날의 정치보험이 생긴다 상태","PIF·AI·고체배터리로 다음 성장축을 띄우는 보상","바그너 포섭과 AI 비상 국면에서 러시아의 노르트스트림 차단 뒤 사우디에서 살만 국왕의 6천억 달러 PIF 위탁 제안을 받는다","러시아의 노르트스트림 차단 뒤 사우디에서 살만 국왕의 6천억 달러 PIF 위탁 제안을 받는다","러시아 제재와 유가변동, 1000억 달러 기술투자가 비용을 만든다","에너지위기가 금융타워 사상 최대 운용자산으로 바뀐다","에너지위기가 금융타워 사상 최대 운용자산으로 바뀐다","자본·미래기술","바그너 포섭과 AI 비상의 주도권이 이 사건으로 김민재·태우 쪽에 한 단계 이동한다","PIF를 성과보수·위험조건으로 받고 바이든·MBS 증산 뒤 원유 공매도를 건다 문제로 이어진다","러시아의 노르트스트림 차단 뒤 사우디에서 살만 국왕의 6천억 달러 PIF 위탁 제안을 받는다의 당면 실행·결정","PIF를 성과보수·위험조건으로 받고 바이든·MBS 증산 뒤 원유 공매도를 건다","S3-A11","0.94"
"674","674","싹이 트다 (4)","117121","117279","에너지위기가 금융타워 사상 최대 운용자산으로 바뀐다 상태","PIF·AI·고체배터리로 다음 성장축을 띄우는 보상","바그너 포섭과 AI 비상 국면에서 PIF를 성과보수·위험조건으로 받고 바이든·MBS 증산 뒤 원유 공매도를 건다","PIF를 성과보수·위험조건으로 받고 바이든·MBS 증산 뒤 원유 공매도를 건다","러시아 제재와 유가변동, 1000억 달러 기술투자가 비용을 만든다","왕실 신뢰를 지키면서 유가하락 수익을 선점한다","왕실 신뢰를 지키면서 유가하락 수익을 선점한다","자본·미래기술","바그너 포섭과 AI 비상의 주도권이 이 사건으로 김민재·태우 쪽에 한 단계 이동한다","사우디 케이블·IT·원전·인프라 계약을 따내고 바그너 보급선을 점검한다 문제로 이어진다","PIF를 성과보수·위험조건으로 받고 바이든·MBS 증산 뒤 원유 공매도를 건다의 당면 실행·결정","사우디 케이블·IT·원전·인프라 계약을 따내고 바그너 보급선을 점검한다","S3-A11","0.94"
"675","675","싹이 트다 (5)","117280","117454","왕실 신뢰를 지키면서 유가하락 수익을 선점한다 상태","PIF·AI·고체배터리로 다음 성장축을 띄우는 보상","바그너 포섭과 AI 비상 국면에서 사우디 케이블·IT·원전·인프라 계약을 따내고 바그너 보급선을 점검한다","사우디 케이블·IT·원전·인프라 계약을 따내고 바그너 보급선을 점검한다","러시아 제재와 유가변동, 1000억 달러 기술투자가 비용을 만든다","중동 성장과 러시아 변수 관리가 태우 중심 투자열풍으로 연결된다","중동 성장과 러시아 변수 관리가 태우 중심 투자열풍으로 연결된다","자본·미래기술","바그너 포섭과 AI 비상의 주도권이 이 사건으로 김민재·태우 쪽에 한 단계 이동한다","한국 성장세를 이용해 최재석에게 주주가치·자본시장 개혁을 요구한다 문제로 이어진다","사우디 케이블·IT·원전·인프라 계약을 따내고 바그너 보급선을 점검한다의 당면 실행·결정","한국 성장세를 이용해 최재석에게 주주가치·자본시장 개혁을 요구한다","S3-A11","0.94"
"676","676","날아오르다 (1)","117455","117594","중동 성장과 러시아 변수 관리가 태우 중심 투자열풍으로 연결된다 상태","PIF·AI·고체배터리로 다음 성장축을 띄우는 보상","바그너 포섭과 AI 비상 국면에서 한국 성장세를 이용해 최재석에게 주주가치·자본시장 개혁을 요구한다","한국 성장세를 이용해 최재석에게 주주가치·자본시장 개혁을 요구한다","러시아 제재와 유가변동, 1000억 달러 기술투자가 비용을 만든다","정부·태우·주주가 기존 재벌을 압박하는 시장혁신 동맹이 선다","정부·태우·주주가 기존 재벌을 압박하는 시장혁신 동맹이 선다","자본·미래기술","바그너 포섭과 AI 비상의 주도권이 이 사건으로 김민재·태우 쪽에 한 단계 이동한다","천민정의 생성형 AI·영상 기술을 확인하고 오용재에게 AI폰 협업을 제안한다 문제로 이어진다","한국 성장세를 이용해 최재석에게 주주가치·자본시장 개혁을 요구한다의 당면 실행·결정","천민정의 생성형 AI·영상 기술을 확인하고 오용재에게 AI폰 협업을 제안한다","S3-A11","0.94"
"677","677","날아오르다 (2)","117595","117765","정부·태우·주주가 기존 재벌을 압박하는 시장혁신 동맹이 선다 상태","PIF·AI·고체배터리로 다음 성장축을 띄우는 보상","바그너 포섭과 AI 비상 국면에서 천민정의 생성형 AI·영상 기술을 확인하고 오용재에게 AI폰 협업을 제안한다","천민정의 생성형 AI·영상 기술을 확인하고 오용재에게 AI폰 협업을 제안한다","러시아 제재와 유가변동, 1000억 달러 기술투자가 비용을 만든다","감산할 레거시칩을 AI 수요와 한국형 스마트폰 혁신으로 돌린다","감산할 레거시칩을 AI 수요와 한국형 스마트폰 혁신으로 돌린다","자본·미래기술","바그너 포섭과 AI 비상의 주도권이 이 사건으로 김민재·태우 쪽에 한 단계 이동한다","삼진이 AI폰·칩 협업을 수락하고 다른 한국 대기업도 증시 부흥판에 끌어들인다 문제로 이어진다","천민정의 생성형 AI·영상 기술을 확인하고 오용재에게 AI폰 협업을 제안한다의 당면 실행·결정","삼진이 AI폰·칩 협업을 수락하고 다른 한국 대기업도 증시 부흥판에 끌어들인다","S3-A11","0.94"
"678","678","날아오르다 (3)","117766","117948","감산할 레거시칩을 AI 수요와 한국형 스마트폰 혁신으로 돌린다 상태","PIF·AI·고체배터리로 다음 성장축을 띄우는 보상","바그너 포섭과 AI 비상 국면에서 삼진이 AI폰·칩 협업을 수락하고 다른 한국 대기업도 증시 부흥판에 끌어들인다","삼진이 AI폰·칩 협업을 수락하고 다른 한국 대기업도 증시 부흥판에 끌어들인다","러시아 제재와 유가변동, 1000억 달러 기술투자가 비용을 만든다","태우 단독 상승이 한국시장 전체 재평가로 번질 준비가 된다","태우 단독 상승이 한국시장 전체 재평가로 번질 준비가 된다","자본·미래기술","바그너 포섭과 AI 비상의 주도권이 이 사건으로 김민재·태우 쪽에 한 단계 이동한다","아마존·구글·MS·메타와 1천억 달러 AI 데이터센터를 동등지분으로 만든다 문제로 이어진다","삼진이 AI폰·칩 협업을 수락하고 다른 한국 대기업도 증시 부흥판에 끌어들인다의 당면 실행·결정","아마존·구글·MS·메타와 1천억 달러 AI 데이터센터를 동등지분으로 만든다","S3-A11","0.94"
"679","679","날아오르다 (4)","117949","118111","태우 단독 상승이 한국시장 전체 재평가로 번질 준비가 된다 상태","PIF·AI·고체배터리로 다음 성장축을 띄우는 보상","바그너 포섭과 AI 비상 국면에서 아마존·구글·MS·메타와 1천억 달러 AI 데이터센터를 동등지분으로 만든다","아마존·구글·MS·메타와 1천억 달러 AI 데이터센터를 동등지분으로 만든다","러시아 제재와 유가변동, 1000억 달러 기술투자가 비용을 만든다","경쟁 빅테크의 주문이 태우 반도체·전력·클라우드 수요로 결집된다","경쟁 빅테크의 주문이 태우 반도체·전력·클라우드 수요로 결집된다","자본·미래기술","바그너 포섭과 AI 비상의 주도권이 이 사건으로 김민재·태우 쪽에 한 단계 이동한다","AI 주문 폭증과 고체배터리 완성을 확인하고 파리 모터쇼 공개를 결정한다 문제로 이어진다","아마존·구글·MS·메타와 1천억 달러 AI 데이터센터를 동등지분으로 만든다의 당면 실행·결정","AI 주문 폭증과 고체배터리 완성을 확인하고 파리 모터쇼 공개를 결정한다","S3-A11","0.94"
"680","680","날아오르다 (5)","118112","118272","경쟁 빅테크의 주문이 태우 반도체·전력·클라우드 수요로 결집된다 상태","PIF·AI·고체배터리로 다음 성장축을 띄우는 보상","바그너 포섭과 AI 비상 국면에서 AI 주문 폭증과 고체배터리 완성을 확인하고 파리 모터쇼 공개를 결정한다","AI 주문 폭증과 고체배터리 완성을 확인하고 파리 모터쇼 공개를 결정한다","러시아 제재와 유가변동, 1000억 달러 기술투자가 비용을 만든다","회귀 지식 밖 두 핵심기술이 실물 제품으로 날아오를 문턱에 선다","회귀 지식 밖 두 핵심기술이 실물 제품으로 날아오를 문턱에 선다","자본·미래기술","바그너 포섭과 AI 비상의 주도권이 이 사건으로 김민재·태우 쪽에 한 단계 이동한다","파리 모터쇼에서 구디너프와 고체배터리·T-9을 공개한다 문제로 이어진다","AI 주문 폭증과 고체배터리 완성을 확인하고 파리 모터쇼 공개를 결정한다의 당면 실행·결정","파리 모터쇼에서 구디너프와 고체배터리·T-9을 공개한다","S3-A11","0.94"
"681","681","가지치기 (1)","118273","118445","회귀 지식 밖 두 핵심기술이 실물 제품으로 날아오를 문턱에 선다 상태","고체배터리 흥행·주가조작 제거·원화결제를 결산하는 보상","증시 가지치기와 원화 국면에서 파리 모터쇼에서 구디너프와 고체배터리·T-9을 공개한다","파리 모터쇼에서 구디너프와 고체배터리·T-9을 공개한다","시장범죄와 재벌 상속전, 북한 미사일·러북거래가 저항한다","세계 완성차가 공급계약을 요구하며 전기차 판도가 태우 쪽으로 기운다","세계 완성차가 공급계약을 요구하며 전기차 판도가 태우 쪽으로 기운다","시장·통화","증시 가지치기와 원화의 주도권이 이 사건으로 김민재·태우 쪽에 한 단계 이동한다","태우주가 급등과 계열분리를 검토하다 N&K 주가조작을 포착한다 문제로 이어진다","파리 모터쇼에서 구디너프와 고체배터리·T-9을 공개한다의 당면 실행·결정","태우주가 급등과 계열분리를 검토하다 N&K 주가조작을 포착한다","S3-A12","0.94"
"682","682","가지치기 (2)","118446","118599","세계 완성차가 공급계약을 요구하며 전기차 판도가 태우 쪽으로 기운다 상태","고체배터리 흥행·주가조작 제거·원화결제를 결산하는 보상","증시 가지치기와 원화 국면에서 태우주가 급등과 계열분리를 검토하다 N&K 주가조작을 포착한다","태우주가 급등과 계열분리를 검토하다 N&K 주가조작을 포착한다","시장범죄와 재벌 상속전, 북한 미사일·러북거래가 저항한다","시장축제 속 내부 시장교란자를 조용히 가지칠 필요가 생긴다","시장축제 속 내부 시장교란자를 조용히 가지칠 필요가 생긴다","시장·통화","증시 가지치기와 원화의 주도권이 이 사건으로 김민재·태우 쪽에 한 단계 이동한다","이영한이 나기연·김남훈 계좌망을 파고 김남훈의 즉시 배신을 받아낸다 문제로 이어진다","태우주가 급등과 계열분리를 검토하다 N&K 주가조작을 포착한다의 당면 실행·결정","이영한이 나기연·김남훈 계좌망을 파고 김남훈의 즉시 배신을 받아낸다","S3-A12","0.94"
"683","683","가지치기 (3)","118600","118768","시장축제 속 내부 시장교란자를 조용히 가지칠 필요가 생긴다 상태","고체배터리 흥행·주가조작 제거·원화결제를 결산하는 보상","증시 가지치기와 원화 국면에서 이영한이 나기연·김남훈 계좌망을 파고 김남훈의 즉시 배신을 받아낸다","이영한이 나기연·김남훈 계좌망을 파고 김남훈의 즉시 배신을 받아낸다","시장범죄와 재벌 상속전, 북한 미사일·러북거래가 저항한다","주가조작 조직의 증거와 검찰 투입 타이밍을 확보한다","주가조작 조직의 증거와 검찰 투입 타이밍을 확보한다","시장·통화","증시 가지치기와 원화의 주도권이 이 사건으로 김민재·태우 쪽에 한 단계 이동한다","계좌를 동결하고 검찰이 둘을 체포하게 해 시장충격 없이 제거한다 문제로 이어진다","이영한이 나기연·김남훈 계좌망을 파고 김남훈의 즉시 배신을 받아낸다의 당면 실행·결정","계좌를 동결하고 검찰이 둘을 체포하게 해 시장충격 없이 제거한다","S3-A12","0.94"
"684","684","가지치기 (4)","118769","118956","주가조작 조직의 증거와 검찰 투입 타이밍을 확보한다 상태","고체배터리 흥행·주가조작 제거·원화결제를 결산하는 보상","증시 가지치기와 원화 국면에서 계좌를 동결하고 검찰이 둘을 체포하게 해 시장충격 없이 제거한다","계좌를 동결하고 검찰이 둘을 체포하게 해 시장충격 없이 제거한다","시장범죄와 재벌 상속전, 북한 미사일·러북거래가 저항한다","증시 가지치기가 끝나자 태우건설의 대형 수주가 전면에 나온다","증시 가지치기가 끝나자 태우건설의 대형 수주가 전면에 나온다","시장·통화","증시 가지치기와 원화의 주도권이 이 사건으로 김민재·태우 쪽에 한 단계 이동한다","체코 원전 24조 우선협상과 현지 공장·데이터센터를 발표하고 하나제약 인수를 겨냥한다 문제로 이어진다","계좌를 동결하고 검찰이 둘을 체포하게 해 시장충격 없이 제거한다의 당면 실행·결정","체코 원전 24조 우선협상과 현지 공장·데이터센터를 발표하고 하나제약 인수를 겨냥한다","S3-A12","0.94"
"685","685","가지치기 (5)","118957","119112","증시 가지치기가 끝나자 태우건설의 대형 수주가 전면에 나온다 상태","고체배터리 흥행·주가조작 제거·원화결제를 결산하는 보상","증시 가지치기와 원화 국면에서 체코 원전 24조 우선협상과 현지 공장·데이터센터를 발표하고 하나제약 인수를 겨냥한다","체코 원전 24조 우선협상과 현지 공장·데이터센터를 발표하고 하나제약 인수를 겨냥한다","시장범죄와 재벌 상속전, 북한 미사일·러북거래가 저항한다","건설·센트리언 주가 보상 뒤 제약 확장전이 열린다","건설·센트리언 주가 보상 뒤 제약 확장전이 열린다","시장·통화","증시 가지치기와 원화의 주도권이 이 사건으로 김민재·태우 쪽에 한 단계 이동한다","하나제약 모녀 지분을 20퍼센트 프리미엄에 사서 아폴로가 붙은 아들들과 맞선다 문제로 이어진다","체코 원전 24조 우선협상과 현지 공장·데이터센터를 발표하고 하나제약 인수를 겨냥한다의 당면 실행·결정","하나제약 모녀 지분을 20퍼센트 프리미엄에 사서 아폴로가 붙은 아들들과 맞선다","S3-A12","0.94"
"686","686","제어하기 힘든 변수 (1)","119113","119275","건설·센트리언 주가 보상 뒤 제약 확장전이 열린다 상태","고체배터리 흥행·주가조작 제거·원화결제를 결산하는 보상","증시 가지치기와 원화 국면에서 하나제약 모녀 지분을 20퍼센트 프리미엄에 사서 아폴로가 붙은 아들들과 맞선다","하나제약 모녀 지분을 20퍼센트 프리미엄에 사서 아폴로가 붙은 아들들과 맞선다","시장범죄와 재벌 상속전, 북한 미사일·러북거래가 저항한다","가족 상속분쟁을 이용해 경영권 과반으로 가는 길을 잡는다","가족 상속분쟁을 이용해 경영권 과반으로 가는 길을 잡는다","시장·통화","증시 가지치기와 원화의 주도권이 이 사건으로 김민재·태우 쪽에 한 단계 이동한다","아폴로가 아들 지분을 금융타워에 넘기며 하나제약을 확보하지만 북한 미사일이 남하한다 문제로 이어진다","하나제약 모녀 지분을 20퍼센트 프리미엄에 사서 아폴로가 붙은 아들들과 맞선다의 당면 실행·결정","아폴로가 아들 지분을 금융타워에 넘기며 하나제약을 확보하지만 북한 미사일이 남하한다","S3-A12","0.94"
"687","687","제어하기 힘든 변수 (2)","119276","119441","가족 상속분쟁을 이용해 경영권 과반으로 가는 길을 잡는다 상태","고체배터리 흥행·주가조작 제거·원화결제를 결산하는 보상","증시 가지치기와 원화 국면에서 아폴로가 아들 지분을 금융타워에 넘기며 하나제약을 확보하지만 북한 미사일이 남하한다","아폴로가 아들 지분을 금융타워에 넘기며 하나제약을 확보하지만 북한 미사일이 남하한다","시장범죄와 재벌 상속전, 북한 미사일·러북거래가 저항한다","기업 인수의 보상 직후 국가안보 변수가 증시를 흔든다","기업 인수의 보상 직후 국가안보 변수가 증시를 흔든다","시장·통화","증시 가지치기와 원화의 주도권이 이 사건으로 김민재·태우 쪽에 한 단계 이동한다","러시아·북한 무기·식량 거래를 포착하고 언론·한국 방산으로 양쪽을 갈라놓는다 문제로 이어진다","아폴로가 아들 지분을 금융타워에 넘기며 하나제약을 확보하지만 북한 미사일이 남하한다의 당면 실행·결정","러시아·북한 무기·식량 거래를 포착하고 언론·한국 방산으로 양쪽을 갈라놓는다","S3-A12","0.94"
"688","688","제어하기 힘든 변수 (3)","119442","119593","기업 인수의 보상 직후 국가안보 변수가 증시를 흔든다 상태","고체배터리 흥행·주가조작 제거·원화결제를 결산하는 보상","증시 가지치기와 원화 국면에서 러시아·북한 무기·식량 거래를 포착하고 언론·한국 방산으로 양쪽을 갈라놓는다","러시아·북한 무기·식량 거래를 포착하고 언론·한국 방산으로 양쪽을 갈라놓는다","시장범죄와 재벌 상속전, 북한 미사일·러북거래가 저항한다","북한 도발을 러시아와의 협상력·장남 카드 강화로 전환한다","북한 도발을 러시아와의 협상력·장남 카드 강화로 전환한다","시장·통화","증시 가지치기와 원화의 주도권이 이 사건으로 김민재·태우 쪽에 한 단계 이동한다","총리가 된 리강의 장남 지원을 확인하고 걸프 스와프·자산으로 원화 국제화를 짠다 문제로 이어진다","러시아·북한 무기·식량 거래를 포착하고 언론·한국 방산으로 양쪽을 갈라놓는다의 당면 실행·결정","총리가 된 리강의 장남 지원을 확인하고 걸프 스와프·자산으로 원화 국제화를 짠다","S3-A12","0.94"
"689","689","제어하기 힘든 변수 (4)","119594","119759","북한 도발을 러시아와의 협상력·장남 카드 강화로 전환한다 상태","고체배터리 흥행·주가조작 제거·원화결제를 결산하는 보상","증시 가지치기와 원화 국면에서 총리가 된 리강의 장남 지원을 확인하고 걸프 스와프·자산으로 원화 국제화를 짠다","총리가 된 리강의 장남 지원을 확인하고 걸프 스와프·자산으로 원화 국제화를 짠다","시장범죄와 재벌 상속전, 북한 미사일·러북거래가 저항한다","북한 대안세력과 한국 금융통화 전략이 같은 축에 놓인다","북한 대안세력과 한국 금융통화 전략이 같은 축에 놓인다","시장·통화","증시 가지치기와 원화의 주도권이 이 사건으로 김민재·태우 쪽에 한 단계 이동한다","사우디와 원화스와프·원화 원유결제를 성사시키고 유럽 원전·방산도 원화로 금융한다 문제로 이어진다","총리가 된 리강의 장남 지원을 확인하고 걸프 스와프·자산으로 원화 국제화를 짠다의 당면 실행·결정","사우디와 원화스와프·원화 원유결제를 성사시키고 유럽 원전·방산도 원화로 금융한다","S3-A12","0.94"
"690","690","제어하기 힘든 변수 (5)","119760","119910","북한 대안세력과 한국 금융통화 전략이 같은 축에 놓인다 상태","고체배터리 흥행·주가조작 제거·원화결제를 결산하는 보상","증시 가지치기와 원화 국면에서 사우디와 원화스와프·원화 원유결제를 성사시키고 유럽 원전·방산도 원화로 금융한다","사우디와 원화스와프·원화 원유결제를 성사시키고 유럽 원전·방산도 원화로 금융한다","시장범죄와 재벌 상속전, 북한 미사일·러북거래가 저항한다","코리아 디스카운트를 줄일 통화 주권의 첫 실적이 생긴다","코리아 디스카운트를 줄일 통화 주권의 첫 실적이 생긴다","시장·통화","증시 가지치기와 원화의 주도권이 이 사건으로 김민재·태우 쪽에 한 단계 이동한다","고체배터리 가격장벽을 넘기 위해 전기차 화재·한파를 뉴스 의제로 설계한다 문제로 이어진다","사우디와 원화스와프·원화 원유결제를 성사시키고 유럽 원전·방산도 원화로 금융한다의 당면 실행·결정","고체배터리 가격장벽을 넘기 위해 전기차 화재·한파를 뉴스 의제로 설계한다","S3-A12","0.94"
"691","691","양날의 검 (1)","119911","120062","코리아 디스카운트를 줄일 통화 주권의 첫 실적이 생긴다 상태","산업스파이를 쓸고 동유럽 블록·부산 미래도시를 세우는 보상","고체배터리 양날과 해상도시 국면에서 고체배터리 가격장벽을 넘기 위해 전기차 화재·한파를 뉴스 의제로 설계한다","고체배터리 가격장벽을 넘기 위해 전기차 화재·한파를 뉴스 의제로 설계한다","기술탈취·EU 분열·막대한 도시건설비가 양날의 비용이 된다","위험한 홍보전이 성공하면 태우가 전기차시장을 독식할 양날의 판이 선다","위험한 홍보전이 성공하면 태우가 전기차시장을 독식할 양날의 판이 선다","기술·도시","고체배터리 양날과 해상도시의 주도권이 이 사건으로 김민재·태우 쪽에 한 단계 이동한다","화재보도 반응과 중국 기술요구를 확인하다 직원명부로 산업스파이를 추적한다 문제로 이어진다","고체배터리 가격장벽을 넘기 위해 전기차 화재·한파를 뉴스 의제로 설계한다의 당면 실행·결정","화재보도 반응과 중국 기술요구를 확인하다 직원명부로 산업스파이를 추적한다","S3-A12","0.94"
"692","692","양날의 검 (2)","120063","120208","위험한 홍보전이 성공하면 태우가 전기차시장을 독식할 양날의 판이 선다 상태","산업스파이를 쓸고 동유럽 블록·부산 미래도시를 세우는 보상","고체배터리 양날과 해상도시 국면에서 화재보도 반응과 중국 기술요구를 확인하다 직원명부로 산업스파이를 추적한다","화재보도 반응과 중국 기술요구를 확인하다 직원명부로 산업스파이를 추적한다","기술탈취·EU 분열·막대한 도시건설비가 양날의 비용이 된다","고체배터리 관심이 기술탈취 위협으로 번지며 내부 숙청이 시작된다","고체배터리 관심이 기술탈취 위협으로 번지며 내부 숙청이 시작된다","기술·도시","고체배터리 양날과 해상도시의 주도권이 이 사건으로 김민재·태우 쪽에 한 단계 이동한다","유출 제보자에게 보너스를 주고 범죄자 자산을 환수하며 유럽 보조금 재설계를 제안한다 문제로 이어진다","화재보도 반응과 중국 기술요구를 확인하다 직원명부로 산업스파이를 추적한다의 당면 실행·결정","유출 제보자에게 보너스를 주고 범죄자 자산을 환수하며 유럽 보조금 재설계를 제안한다","S3-A12","0.94"
"693","693","양날의 검 (3)","120209","120355","고체배터리 관심이 기술탈취 위협으로 번지며 내부 숙청이 시작된다 상태","산업스파이를 쓸고 동유럽 블록·부산 미래도시를 세우는 보상","고체배터리 양날과 해상도시 국면에서 유출 제보자에게 보너스를 주고 범죄자 자산을 환수하며 유럽 보조금 재설계를 제안한다","유출 제보자에게 보너스를 주고 범죄자 자산을 환수하며 유럽 보조금 재설계를 제안한다","기술탈취·EU 분열·막대한 도시건설비가 양날의 비용이 된다","직원 신뢰와 고체배터리 수요를 동시에 높일 정책전선이 열린다","직원 신뢰와 고체배터리 수요를 동시에 높일 정책전선이 열린다","기술·도시","고체배터리 양날과 해상도시의 주도권이 이 사건으로 김민재·태우 쪽에 한 단계 이동한다","폴란드 원전 설명회에서 동유럽 정상들에게 금융타워 중심 경제블록을 제안한다 문제로 이어진다","유출 제보자에게 보너스를 주고 범죄자 자산을 환수하며 유럽 보조금 재설계를 제안한다의 당면 실행·결정","폴란드 원전 설명회에서 동유럽 정상들에게 금융타워 중심 경제블록을 제안한다","S3-A12","0.94"
"694","694","양날의 검 (4)","120356","120504","직원 신뢰와 고체배터리 수요를 동시에 높일 정책전선이 열린다 상태","산업스파이를 쓸고 동유럽 블록·부산 미래도시를 세우는 보상","고체배터리 양날과 해상도시 국면에서 폴란드 원전 설명회에서 동유럽 정상들에게 금융타워 중심 경제블록을 제안한다","폴란드 원전 설명회에서 동유럽 정상들에게 금융타워 중심 경제블록을 제안한다","기술탈취·EU 분열·막대한 도시건설비가 양날의 비용이 된다","원전·자본을 미끼로 EU 안의 새 구심점을 세우기 시작한다","원전·자본을 미끼로 EU 안의 새 구심점을 세우기 시작한다","기술·도시","고체배터리 양날과 해상도시의 주도권이 이 사건으로 김민재·태우 쪽에 한 단계 이동한다","방산·원전·연구투자를 묶어 동유럽 정상 전원의 경제블록 동의를 받는다 문제로 이어진다","폴란드 원전 설명회에서 동유럽 정상들에게 금융타워 중심 경제블록을 제안한다의 당면 실행·결정","방산·원전·연구투자를 묶어 동유럽 정상 전원의 경제블록 동의를 받는다","S3-A12","0.94"
"695","695","양날의 검 (5)","120505","120655","원전·자본을 미끼로 EU 안의 새 구심점을 세우기 시작한다 상태","산업스파이를 쓸고 동유럽 블록·부산 미래도시를 세우는 보상","고체배터리 양날과 해상도시 국면에서 방산·원전·연구투자를 묶어 동유럽 정상 전원의 경제블록 동의를 받는다","방산·원전·연구투자를 묶어 동유럽 정상 전원의 경제블록 동의를 받는다","기술탈취·EU 분열·막대한 도시건설비가 양날의 비용이 된다","독·프 중심 EU에 맞설 태우 우호권이 공식화된다","독·프 중심 EU에 맞설 태우 우호권이 공식화된다","기술·도시","고체배터리 양날과 해상도시의 주도권이 이 사건으로 김민재·태우 쪽에 한 단계 이동한다","자동차동맹에 고체배터리 물량을 양보하며 중국 전기차 관세 공동로비를 이끈다 문제로 이어진다","방산·원전·연구투자를 묶어 동유럽 정상 전원의 경제블록 동의를 받는다의 당면 실행·결정","자동차동맹에 고체배터리 물량을 양보하며 중국 전기차 관세 공동로비를 이끈다","S3-A12","0.94"
"696","696","각개전투 (1)","120656","120801","독·프 중심 EU에 맞설 태우 우호권이 공식화된다 상태","산업스파이를 쓸고 동유럽 블록·부산 미래도시를 세우는 보상","고체배터리 양날과 해상도시 국면에서 자동차동맹에 고체배터리 물량을 양보하며 중국 전기차 관세 공동로비를 이끈다","자동차동맹에 고체배터리 물량을 양보하며 중국 전기차 관세 공동로비를 이끈다","기술탈취·EU 분열·막대한 도시건설비가 양날의 비용이 된다","태우의 단기 손해가 EU 분열과 장기시장 확대의 지렛대가 된다","태우의 단기 손해가 EU 분열과 장기시장 확대의 지렛대가 된다","기술·도시","고체배터리 양날과 해상도시의 주도권이 이 사건으로 김민재·태우 쪽에 한 단계 이동한다","미국 대중관세 시점을 점검하고 오셔닉스 해상도시에 AI 데이터센터를 결합한다 문제로 이어진다","자동차동맹에 고체배터리 물량을 양보하며 중국 전기차 관세 공동로비를 이끈다의 당면 실행·결정","미국 대중관세 시점을 점검하고 오셔닉스 해상도시에 AI 데이터센터를 결합한다","S3-A12","0.94"
"697","697","각개전투 (2)","120802","120950","태우의 단기 손해가 EU 분열과 장기시장 확대의 지렛대가 된다 상태","산업스파이를 쓸고 동유럽 블록·부산 미래도시를 세우는 보상","고체배터리 양날과 해상도시 국면에서 미국 대중관세 시점을 점검하고 오셔닉스 해상도시에 AI 데이터센터를 결합한다","미국 대중관세 시점을 점검하고 오셔닉스 해상도시에 AI 데이터센터를 결합한다","기술탈취·EU 분열·막대한 도시건설비가 양날의 비용이 된다","부산 엑스포에서 네옴시티와 맞설 지속가능한 도시안이 나온다","부산 엑스포에서 네옴시티와 맞설 지속가능한 도시안이 나온다","기술·도시","고체배터리 양날과 해상도시의 주도권이 이 사건으로 김민재·태우 쪽에 한 단계 이동한다","필립 호프만에게 부유도시를 3배 키우고 데이터센터·원전을 넣는 투자를 제시한다 문제로 이어진다","미국 대중관세 시점을 점검하고 오셔닉스 해상도시에 AI 데이터센터를 결합한다의 당면 실행·결정","필립 호프만에게 부유도시를 3배 키우고 데이터센터·원전을 넣는 투자를 제시한다","S3-A12","0.94"
"698","698","각개전투 (3)","120951","121094","부산 엑스포에서 네옴시티와 맞설 지속가능한 도시안이 나온다 상태","산업스파이를 쓸고 동유럽 블록·부산 미래도시를 세우는 보상","고체배터리 양날과 해상도시 국면에서 필립 호프만에게 부유도시를 3배 키우고 데이터센터·원전을 넣는 투자를 제시한다","필립 호프만에게 부유도시를 3배 키우고 데이터센터·원전을 넣는 투자를 제시한다","기술탈취·EU 분열·막대한 도시건설비가 양날의 비용이 된다","오셔닉스가 제안을 수락해 부산 해상도시가 실제 사업이 된다","오셔닉스가 제안을 수락해 부산 해상도시가 실제 사업이 된다","기술·도시","고체배터리 양날과 해상도시의 주도권이 이 사건으로 김민재·태우 쪽에 한 단계 이동한다","천민정이 태풍 매미까지 시뮬레이션하고 최재석에게 엑스포용 인허가·부산 부흥을 요구한다 문제로 이어진다","필립 호프만에게 부유도시를 3배 키우고 데이터센터·원전을 넣는 투자를 제시한다의 당면 실행·결정","천민정이 태풍 매미까지 시뮬레이션하고 최재석에게 엑스포용 인허가·부산 부흥을 요구한다","S3-A12","0.94"
"699","699","각개전투 (4)","121095","121243","오셔닉스가 제안을 수락해 부산 해상도시가 실제 사업이 된다 상태","산업스파이를 쓸고 동유럽 블록·부산 미래도시를 세우는 보상","고체배터리 양날과 해상도시 국면에서 천민정이 태풍 매미까지 시뮬레이션하고 최재석에게 엑스포용 인허가·부산 부흥을 요구한다","천민정이 태풍 매미까지 시뮬레이션하고 최재석에게 엑스포용 인허가·부산 부흥을 요구한다","기술탈취·EU 분열·막대한 도시건설비가 양날의 비용이 된다","정부가 여름 착공과 규제해소에 총력 지원하기로 한다","정부가 여름 착공과 규제해소에 총력 지원하기로 한다","기술·도시","고체배터리 양날과 해상도시의 주도권이 이 사건으로 김민재·태우 쪽에 한 단계 이동한다","한일 해저터널은 거절하고 북한·러시아 육로 구상만 남긴 채 혁신 전기차 출시를 준비한다 문제로 이어진다","천민정이 태풍 매미까지 시뮬레이션하고 최재석에게 엑스포용 인허가·부산 부흥을 요구한다의 당면 실행·결정","한일 해저터널은 거절하고 북한·러시아 육로 구상만 남긴 채 혁신 전기차 출시를 준비한다","S3-A12","0.94"
"700","700","각개전투 (5)","121244","121402","정부가 여름 착공과 규제해소에 총력 지원하기로 한다 상태","산업스파이를 쓸고 동유럽 블록·부산 미래도시를 세우는 보상","고체배터리 양날과 해상도시 국면에서 한일 해저터널은 거절하고 북한·러시아 육로 구상만 남긴 채 혁신 전기차 출시를 준비한다","한일 해저터널은 거절하고 북한·러시아 육로 구상만 남긴 채 혁신 전기차 출시를 준비한다","기술탈취·EU 분열·막대한 도시건설비가 양날의 비용이 된다","엑스포·대륙물류의 장기그림과 이오닉스 공개가 다음 폭풍을 부른다","엑스포·대륙물류의 장기그림과 이오닉스 공개가 다음 폭풍을 부른다","기술·도시","고체배터리 양날과 해상도시의 주도권이 이 사건으로 김민재·태우 쪽에 한 단계 이동한다","세계 최초 고체배터리 전기차 이오닉스 6천 대를 하루 만에 팔고 10만 대 예약을 받는다 문제로 이어진다","한일 해저터널은 거절하고 북한·러시아 육로 구상만 남긴 채 혁신 전기차 출시를 준비한다의 당면 실행·결정","세계 최초 고체배터리 전기차 이오닉스 6천 대를 하루 만에 팔고 10만 대 예약을 받는다","S3-A12","0.94"
"701","701","태풍의 근원지 (1)","121403","121548","엑스포·대륙물류의 장기그림과 이오닉스 공개가 다음 폭풍을 부른다 상태","전기차 독점과 사우디 양보로 부산 유치전을 뒤집는 보상","이오닉스 태풍과 부산 엑스포 국면에서 세계 최초 고체배터리 전기차 이오닉스 6천 대를 하루 만에 팔고 10만 대 예약을 받는다","세계 최초 고체배터리 전기차 이오닉스 6천 대를 하루 만에 팔고 10만 대 예약을 받는다","생산병목과 중국 기술압박, 빈 살만과의 우정비용이 맞선다","AI와 15분 충전이 태우 충성고객·1년 대기열을 만든다","AI와 15분 충전이 태우 충성고객·1년 대기열을 만든다","제품·외교","이오닉스 태풍과 부산 엑스포의 주도권이 이 사건으로 김민재·태우 쪽에 한 단계 이동한다","완성차의 한국 진출 문의를 로열티 사업으로 받고 고체배터리 양산규격을 확정한다 문제로 이어진다","세계 최초 고체배터리 전기차 이오닉스 6천 대를 하루 만에 팔고 10만 대 예약을 받는다의 당면 실행·결정","완성차의 한국 진출 문의를 로열티 사업으로 받고 고체배터리 양산규격을 확정한다","S3-A13","0.94"
"702","702","태풍의 근원지 (2)","121549","121690","AI와 15분 충전이 태우 충성고객·1년 대기열을 만든다 상태","전기차 독점과 사우디 양보로 부산 유치전을 뒤집는 보상","이오닉스 태풍과 부산 엑스포 국면에서 완성차의 한국 진출 문의를 로열티 사업으로 받고 고체배터리 양산규격을 확정한다","완성차의 한국 진출 문의를 로열티 사업으로 받고 고체배터리 양산규격을 확정한다","생산병목과 중국 기술압박, 빈 살만과의 우정비용이 맞선다","생산 10배 확대와 수년 독점의 현실적 길이 열린다","생산 10배 확대와 수년 독점의 현실적 길이 열린다","제품·외교","이오닉스 태풍과 부산 엑스포의 주도권이 이 사건으로 김민재·태우 쪽에 한 단계 이동한다","전 계열사를 투입해 공장을 전환하면서 리강의 고체배터리 협상단을 맞는다 문제로 이어진다","완성차의 한국 진출 문의를 로열티 사업으로 받고 고체배터리 양산규격을 확정한다의 당면 실행·결정","전 계열사를 투입해 공장을 전환하면서 리강의 고체배터리 협상단을 맞는다","S3-A13","0.94"
"703","703","태풍의 근원지 (3)","121691","121850","생산 10배 확대와 수년 독점의 현실적 길이 열린다 상태","전기차 독점과 사우디 양보로 부산 유치전을 뒤집는 보상","이오닉스 태풍과 부산 엑스포 국면에서 전 계열사를 투입해 공장을 전환하면서 리강의 고체배터리 협상단을 맞는다","전 계열사를 투입해 공장을 전환하면서 리강의 고체배터리 협상단을 맞는다","생산병목과 중국 기술압박, 빈 살만과의 우정비용이 맞선다","기술을 내주지 않고 중국 관계도 지켜야 하는 고난도 협상이 시작된다","기술을 내주지 않고 중국 관계도 지켜야 하는 고난도 협상이 시작된다","제품·외교","이오닉스 태풍과 부산 엑스포의 주도권이 이 사건으로 김민재·태우 쪽에 한 단계 이동한다","리강에게 기술 대신 태우 단독 중국법인 특례를 받고 시진핑 방한 약속까지 얻는다 문제로 이어진다","전 계열사를 투입해 공장을 전환하면서 리강의 고체배터리 협상단을 맞는다의 당면 실행·결정","리강에게 기술 대신 태우 단독 중국법인 특례를 받고 시진핑 방한 약속까지 얻는다","S3-A13","0.94"
"704","704","태풍의 근원지 (4)","121851","121997","기술을 내주지 않고 중국 관계도 지켜야 하는 고난도 협상이 시작된다 상태","전기차 독점과 사우디 양보로 부산 유치전을 뒤집는 보상","이오닉스 태풍과 부산 엑스포 국면에서 리강에게 기술 대신 태우 단독 중국법인 특례를 받고 시진핑 방한 약속까지 얻는다","리강에게 기술 대신 태우 단독 중국법인 특례를 받고 시진핑 방한 약속까지 얻는다","생산병목과 중국 기술압박, 빈 살만과의 우정비용이 맞선다","중국이 빈손으로 돌아가면서도 태우에 최상급 안전장치를 제시한다","중국이 빈손으로 돌아가면서도 태우에 최상급 안전장치를 제시한다","제품·외교","이오닉스 태풍과 부산 엑스포의 주도권이 이 사건으로 김민재·태우 쪽에 한 단계 이동한다","부산 해상도시·해저터널·빅테크 입주 영상을 최재석과 공개하고 엑스포 외교전을 선포한다 문제로 이어진다","리강에게 기술 대신 태우 단독 중국법인 특례를 받고 시진핑 방한 약속까지 얻는다의 당면 실행·결정","부산 해상도시·해저터널·빅테크 입주 영상을 최재석과 공개하고 엑스포 외교전을 선포한다","S3-A13","0.94"
"705","705","태풍의 근원지 (5)","121998","122166","중국이 빈손으로 돌아가면서도 태우에 최상급 안전장치를 제시한다 상태","전기차 독점과 사우디 양보로 부산 유치전을 뒤집는 보상","이오닉스 태풍과 부산 엑스포 국면에서 부산 해상도시·해저터널·빅테크 입주 영상을 최재석과 공개하고 엑스포 외교전을 선포한다","부산 해상도시·해저터널·빅테크 입주 영상을 최재석과 공개하고 엑스포 외교전을 선포한다","생산병목과 중국 기술압박, 빈 살만과의 우정비용이 맞선다","네옴시티 추격전이 국가 총력전으로 바뀐다","네옴시티 추격전이 국가 총력전으로 바뀐다","제품·외교","이오닉스 태풍과 부산 엑스포의 주도권이 이 사건으로 김민재·태우 쪽에 한 단계 이동한다","조지의 50배 엔화 공매도와 인재 고액보상·퇴직펀드를 점검한다 문제로 이어진다","부산 해상도시·해저터널·빅테크 입주 영상을 최재석과 공개하고 엑스포 외교전을 선포한다의 당면 실행·결정","조지의 50배 엔화 공매도와 인재 고액보상·퇴직펀드를 점검한다","S3-A13","0.94"
"706","706","총성 없는 전쟁 (1)","122167","122316","네옴시티 추격전이 국가 총력전으로 바뀐다 상태","전기차 독점과 사우디 양보로 부산 유치전을 뒤집는 보상","이오닉스 태풍과 부산 엑스포 국면에서 조지의 50배 엔화 공매도와 인재 고액보상·퇴직펀드를 점검한다","조지의 50배 엔화 공매도와 인재 고액보상·퇴직펀드를 점검한다","생산병목과 중국 기술압박, 빈 살만과의 우정비용이 맞선다","일본 금융공격 준비와 핵심기술자 이탈 방지가 함께 완성된다","일본 금융공격 준비와 핵심기술자 이탈 방지가 함께 완성된다","제품·외교","이오닉스 태풍과 부산 엑스포의 주도권이 이 사건으로 김민재·태우 쪽에 한 단계 이동한다","김태중과 리즈 경기를 본 뒤 빈 살만에게 부산 엑스포 양보를 요구한다 문제로 이어진다","조지의 50배 엔화 공매도와 인재 고액보상·퇴직펀드를 점검한다의 당면 실행·결정","김태중과 리즈 경기를 본 뒤 빈 살만에게 부산 엑스포 양보를 요구한다","S3-A13","0.94"
"707","707","총성 없는 전쟁 (2)","122317","122468","일본 금융공격 준비와 핵심기술자 이탈 방지가 함께 완성된다 상태","전기차 독점과 사우디 양보로 부산 유치전을 뒤집는 보상","이오닉스 태풍과 부산 엑스포 국면에서 김태중과 리즈 경기를 본 뒤 빈 살만에게 부산 엑스포 양보를 요구한다","김태중과 리즈 경기를 본 뒤 빈 살만에게 부산 엑스포 양보를 요구한다","생산병목과 중국 기술압박, 빈 살만과의 우정비용이 맞선다","형제 같은 관계가 처음으로 차갑게 맞서는 협상비용을 드러낸다","형제 같은 관계가 처음으로 차갑게 맞서는 협상비용을 드러낸다","제품·외교","이오닉스 태풍과 부산 엑스포의 주도권이 이 사건으로 김민재·태우 쪽에 한 단계 이동한다","2034 월드컵과 네옴 완공 지원을 대안으로 제시해 사우디의 엑스포 포기를 받아낸다 문제로 이어진다","김태중과 리즈 경기를 본 뒤 빈 살만에게 부산 엑스포 양보를 요구한다의 당면 실행·결정","2034 월드컵과 네옴 완공 지원을 대안으로 제시해 사우디의 엑스포 포기를 받아낸다","S3-A13","0.94"
"708","708","총성 없는 전쟁 (3)","122469","122629","형제 같은 관계가 처음으로 차갑게 맞서는 협상비용을 드러낸다 상태","전기차 독점과 사우디 양보로 부산 유치전을 뒤집는 보상","이오닉스 태풍과 부산 엑스포 국면에서 2034 월드컵과 네옴 완공 지원을 대안으로 제시해 사우디의 엑스포 포기를 받아낸다","2034 월드컵과 네옴 완공 지원을 대안으로 제시해 사우디의 엑스포 포기를 받아낸다","생산병목과 중국 기술압박, 빈 살만과의 우정비용이 맞선다","한국·사우디 모두 체면과 실리를 얻는 총성 없는 전쟁이 끝난다","한국·사우디 모두 체면과 실리를 얻는 총성 없는 전쟁이 끝난다","제품·외교","이오닉스 태풍과 부산 엑스포의 주도권이 이 사건으로 김민재·태우 쪽에 한 단계 이동한다","리즈 옵션으로 안드레아를 유럽 로비스트로 묶고 중국의 EU 돼지고기·와인 보복을 관찰한다 문제로 이어진다","2034 월드컵과 네옴 완공 지원을 대안으로 제시해 사우디의 엑스포 포기를 받아낸다의 당면 실행·결정","리즈 옵션으로 안드레아를 유럽 로비스트로 묶고 중국의 EU 돼지고기·와인 보복을 관찰한다","S3-A13","0.94"
"709","709","총성 없는 전쟁 (4)","122630","122798","한국·사우디 모두 체면과 실리를 얻는 총성 없는 전쟁이 끝난다 상태","전기차 독점과 사우디 양보로 부산 유치전을 뒤집는 보상","이오닉스 태풍과 부산 엑스포 국면에서 리즈 옵션으로 안드레아를 유럽 로비스트로 묶고 중국의 EU 돼지고기·와인 보복을 관찰한다","리즈 옵션으로 안드레아를 유럽 로비스트로 묶고 중국의 EU 돼지고기·와인 보복을 관찰한다","생산병목과 중국 기술압박, 빈 살만과의 우정비용이 맞선다","엑스포 승리 뒤 EU 분열을 태우가 파고들 인맥이 생긴다","엑스포 승리 뒤 EU 분열을 태우가 파고들 인맥이 생긴다","제품·외교","이오닉스 태풍과 부산 엑스포의 주도권이 이 사건으로 김민재·태우 쪽에 한 단계 이동한다","아람코 0.6퍼센트를 사고 AI 폭발·엔비디아 사기꾼을 확인하며 일본 D-DAY를 정한다 문제로 이어진다","리즈 옵션으로 안드레아를 유럽 로비스트로 묶고 중국의 EU 돼지고기·와인 보복을 관찰한다의 당면 실행·결정","아람코 0.6퍼센트를 사고 AI 폭발·엔비디아 사기꾼을 확인하며 일본 D-DAY를 정한다","S3-A13","0.94"
"710","710","총성 없는 전쟁 (5)","122799","122944","엑스포 승리 뒤 EU 분열을 태우가 파고들 인맥이 생긴다 상태","전기차 독점과 사우디 양보로 부산 유치전을 뒤집는 보상","이오닉스 태풍과 부산 엑스포 국면에서 아람코 0.6퍼센트를 사고 AI 폭발·엔비디아 사기꾼을 확인하며 일본 D-DAY를 정한다","아람코 0.6퍼센트를 사고 AI 폭발·엔비디아 사기꾼을 확인하며 일본 D-DAY를 정한다","생산병목과 중국 기술압박, 빈 살만과의 우정비용이 맞선다","엑스포 거래 보상을 수령하고 아시아 금융장악 작전으로 넘어간다","엑스포 거래 보상을 수령하고 아시아 금융장악 작전으로 넘어간다","제품·외교","이오닉스 태풍과 부산 엑스포의 주도권이 이 사건으로 김민재·태우 쪽에 한 단계 이동한다","바흐무트 승리 뒤 바그너 불만과 엔비디아 사기꾼을 확인하고 중국 특혜의 독을 경계한다 문제로 이어진다","아람코 0.6퍼센트를 사고 AI 폭발·엔비디아 사기꾼을 확인하며 일본 D-DAY를 정한다의 당면 실행·결정","바흐무트 승리 뒤 바그너 불만과 엔비디아 사기꾼을 확인하고 중국 특혜의 독을 경계한다","S3-A13","0.94"
"711","711","전환점 (1)","122945","123129","엑스포 거래 보상을 수령하고 아시아 금융장악 작전으로 넘어간다 상태","중국은 제한 가입시키고 일본·러시아 변수를 역이용하는 보상","중국 특구와 바그너 반란 국면에서 바흐무트 승리 뒤 바그너 불만과 엔비디아 사기꾼을 확인하고 중국 특혜의 독을 경계한다","바흐무트 승리 뒤 바그너 불만과 엔비디아 사기꾼을 확인하고 중국 특혜의 독을 경계한다","독이 든 중국시장과 일본 보복, PMC 반란의 통제불능성이 압박한다","러시아 군사변수와 중국 재진출 안전장치가 동시에 쟁점이 된다","러시아 군사변수와 중국 재진출 안전장치가 동시에 쟁점이 된다","동맹·전쟁","중국 특구와 바그너 반란의 주도권이 이 사건으로 김민재·태우 쪽에 한 단계 이동한다","시진핑 방한에서 자동차동맹·산업동맹 가입 요구를 받고 태우 전용 특구 제안을 듣는다 문제로 이어진다","바흐무트 승리 뒤 바그너 불만과 엔비디아 사기꾼을 확인하고 중국 특혜의 독을 경계한다의 당면 실행·결정","시진핑 방한에서 자동차동맹·산업동맹 가입 요구를 받고 태우 전용 특구 제안을 듣는다","S3-A13","0.94"
"712","712","전환점 (2)","123130","123300","러시아 군사변수와 중국 재진출 안전장치가 동시에 쟁점이 된다 상태","중국은 제한 가입시키고 일본·러시아 변수를 역이용하는 보상","중국 특구와 바그너 반란 국면에서 시진핑 방한에서 자동차동맹·산업동맹 가입 요구를 받고 태우 전용 특구 제안을 듣는다","시진핑 방한에서 자동차동맹·산업동맹 가입 요구를 받고 태우 전용 특구 제안을 듣는다","독이 든 중국시장과 일본 보복, PMC 반란의 통제불능성이 압박한다","한국이 미중 사이에서 선택권을 가진 전환점에 선다","한국이 미중 사이에서 선택권을 가진 전환점에 선다","동맹·전쟁","중국 특구와 바그너 반란의 주도권이 이 사건으로 김민재·태우 쪽에 한 단계 이동한다","중국의 전 업종 특구 혜택을 검토하는 사이 일본이 자동차동맹 배제를 빌미로 태우IT를 위협한다 문제로 이어진다","시진핑 방한에서 자동차동맹·산업동맹 가입 요구를 받고 태우 전용 특구 제안을 듣는다의 당면 실행·결정","중국의 전 업종 특구 혜택을 검토하는 사이 일본이 자동차동맹 배제를 빌미로 태우IT를 위협한다","S3-A13","0.94"
"713","713","전환점 (3)","123301","123480","한국이 미중 사이에서 선택권을 가진 전환점에 선다 상태","중국은 제한 가입시키고 일본·러시아 변수를 역이용하는 보상","중국 특구와 바그너 반란 국면에서 중국의 전 업종 특구 혜택을 검토하는 사이 일본이 자동차동맹 배제를 빌미로 태우IT를 위협한다","중국의 전 업종 특구 혜택을 검토하는 사이 일본이 자동차동맹 배제를 빌미로 태우IT를 위협한다","독이 든 중국시장과 일본 보복, PMC 반란의 통제불능성이 압박한다","중국 문은 열리고 일본은 두 번째 무역전쟁을 준비한다","중국 문은 열리고 일본은 두 번째 무역전쟁을 준비한다","동맹·전쟁","중국 특구와 바그너 반란의 주도권이 이 사건으로 김민재·태우 쪽에 한 단계 이동한다","일본의 차입금 조기상환을 D-DAY 명분으로 쓰고 중국기업에는 권한 없는 임시가입을 설계한다 문제로 이어진다","중국의 전 업종 특구 혜택을 검토하는 사이 일본이 자동차동맹 배제를 빌미로 태우IT를 위협한다의 당면 실행·결정","일본의 차입금 조기상환을 D-DAY 명분으로 쓰고 중국기업에는 권한 없는 임시가입을 설계한다","S3-A13","0.94"
"714","714","전환점 (4)","123481","123642","중국 문은 열리고 일본은 두 번째 무역전쟁을 준비한다 상태","중국은 제한 가입시키고 일본·러시아 변수를 역이용하는 보상","중국 특구와 바그너 반란 국면에서 일본의 차입금 조기상환을 D-DAY 명분으로 쓰고 중국기업에는 권한 없는 임시가입을 설계한다","일본의 차입금 조기상환을 D-DAY 명분으로 쓰고 중국기업에는 권한 없는 임시가입을 설계한다","독이 든 중국시장과 일본 보복, PMC 반란의 통제불능성이 압박한다","중국은 달래고 일본은 스스로 금융방아쇠를 당기게 만든다","중국은 달래고 일본은 스스로 금융방아쇠를 당기게 만든다","동맹·전쟁","중국 특구와 바그너 반란의 주도권이 이 사건으로 김민재·태우 쪽에 한 단계 이동한다","계열사에 철수 가능한 중국 특구 진출을 명령하는 동안 프리고진이 러시아행을 결심한다 문제로 이어진다","일본의 차입금 조기상환을 D-DAY 명분으로 쓰고 중국기업에는 권한 없는 임시가입을 설계한다의 당면 실행·결정","계열사에 철수 가능한 중국 특구 진출을 명령하는 동안 프리고진이 러시아행을 결심한다","S3-A13","0.94"
"715","715","전환점 (5)","123643","123789","중국은 달래고 일본은 스스로 금융방아쇠를 당기게 만든다 상태","중국은 제한 가입시키고 일본·러시아 변수를 역이용하는 보상","중국 특구와 바그너 반란 국면에서 계열사에 철수 가능한 중국 특구 진출을 명령하는 동안 프리고진이 러시아행을 결심한다","계열사에 철수 가능한 중국 특구 진출을 명령하는 동안 프리고진이 러시아행을 결심한다","독이 든 중국시장과 일본 보복, PMC 반란의 통제불능성이 압박한다","경제 전환점 뒤 태우가 키운 바그너가 실제 반란을 시작한다","경제 전환점 뒤 태우가 키운 바그너가 실제 반란을 시작한다","동맹·전쟁","중국 특구와 바그너 반란의 주도권이 이 사건으로 김민재·태우 쪽에 한 단계 이동한다","바그너 반란의 자금·가스거점 장악 가능성을 읽고 한 부회장에게 장기 에너지 대응을 시킨다 문제로 이어진다","계열사에 철수 가능한 중국 특구 진출을 명령하는 동안 프리고진이 러시아행을 결심한다의 당면 실행·결정","바그너 반란의 자금·가스거점 장악 가능성을 읽고 한 부회장에게 장기 에너지 대응을 시킨다","S3-A13","0.94"
"716","716","믿는 구석 (1)","123790","123950","경제 전환점 뒤 태우가 키운 바그너가 실제 반란을 시작한다 상태","중국은 제한 가입시키고 일본·러시아 변수를 역이용하는 보상","중국 특구와 바그너 반란 국면에서 바그너 반란의 자금·가스거점 장악 가능성을 읽고 한 부회장에게 장기 에너지 대응을 시킨다","바그너 반란의 자금·가스거점 장악 가능성을 읽고 한 부회장에게 장기 에너지 대응을 시킨다","독이 든 중국시장과 일본 보복, PMC 반란의 통제불능성이 압박한다","태우 지원이 반란을 단기 소동 아닌 세계 에너지 변수로 만든다","태우 지원이 반란을 단기 소동 아닌 세계 에너지 변수로 만든다","동맹·전쟁","중국 특구와 바그너 반란의 주도권이 이 사건으로 김민재·태우 쪽에 한 단계 이동한다","프리고진·로만이 메타버스에서 태우의 보이지 않는 지원을 믿고 자동차동맹 회의가 열린다 문제로 이어진다","바그너 반란의 자금·가스거점 장악 가능성을 읽고 한 부회장에게 장기 에너지 대응을 시킨다의 당면 실행·결정","프리고진·로만이 메타버스에서 태우의 보이지 않는 지원을 믿고 자동차동맹 회의가 열린다","S3-A13","0.94"
"717","717","믿는 구석 (2)","123951","124124","태우 지원이 반란을 단기 소동 아닌 세계 에너지 변수로 만든다 상태","중국은 제한 가입시키고 일본·러시아 변수를 역이용하는 보상","중국 특구와 바그너 반란 국면에서 프리고진·로만이 메타버스에서 태우의 보이지 않는 지원을 믿고 자동차동맹 회의가 열린다","프리고진·로만이 메타버스에서 태우의 보이지 않는 지원을 믿고 자동차동맹 회의가 열린다","독이 든 중국시장과 일본 보복, PMC 반란의 통제불능성이 압박한다","반란군의 생존선과 중국 가입 결정을 동시에 통제해야 한다","반란군의 생존선과 중국 가입 결정을 동시에 통제해야 한다","동맹·전쟁","중국 특구와 바그너 반란의 주도권이 이 사건으로 김민재·태우 쪽에 한 단계 이동한다","중국기업을 권한 없는 임시회원으로 받고 일본은 제외한 뒤 일본 금리인상 유도책을 찾는다 문제로 이어진다","프리고진·로만이 메타버스에서 태우의 보이지 않는 지원을 믿고 자동차동맹 회의가 열린다의 당면 실행·결정","중국기업을 권한 없는 임시회원으로 받고 일본은 제외한 뒤 일본 금리인상 유도책을 찾는다","S3-A13","0.94"
"718","718","믿는 구석 (3)","124125","124294","반란군의 생존선과 중국 가입 결정을 동시에 통제해야 한다 상태","중국은 제한 가입시키고 일본·러시아 변수를 역이용하는 보상","중국 특구와 바그너 반란 국면에서 중국기업을 권한 없는 임시회원으로 받고 일본은 제외한 뒤 일본 금리인상 유도책을 찾는다","중국기업을 권한 없는 임시회원으로 받고 일본은 제외한 뒤 일본 금리인상 유도책을 찾는다","독이 든 중국시장과 일본 보복, PMC 반란의 통제불능성이 압박한다","중국을 만족시킨 제물이 일본이 되며 엔캐리 전쟁 명분이 쌓인다","중국을 만족시킨 제물이 일본이 되며 엔캐리 전쟁 명분이 쌓인다","동맹·전쟁","중국 특구와 바그너 반란의 주도권이 이 사건으로 김민재·태우 쪽에 한 단계 이동한다","바그너·우크라이나가 러시아를 압박하자 동유럽 무기 납기와 미 7함대 부산 배치를 최재석에게 제안한다 문제로 이어진다","중국기업을 권한 없는 임시회원으로 받고 일본은 제외한 뒤 일본 금리인상 유도책을 찾는다의 당면 실행·결정","바그너·우크라이나가 러시아를 압박하자 동유럽 무기 납기와 미 7함대 부산 배치를 최재석에게 제안한다","S3-A13","0.94"
"719","719","믿는 구석 (4)","124295","124452","중국을 만족시킨 제물이 일본이 되며 엔캐리 전쟁 명분이 쌓인다 상태","중국은 제한 가입시키고 일본·러시아 변수를 역이용하는 보상","중국 특구와 바그너 반란 국면에서 바그너·우크라이나가 러시아를 압박하자 동유럽 무기 납기와 미 7함대 부산 배치를 최재석에게 제안한다","바그너·우크라이나가 러시아를 압박하자 동유럽 무기 납기와 미 7함대 부산 배치를 최재석에게 제안한다","독이 든 중국시장과 일본 보복, PMC 반란의 통제불능성이 압박한다","한국이 전쟁종결을 흔들 수 있는 실질 군사·물류 레버리지를 얻는다","한국이 전쟁종결을 흔들 수 있는 실질 군사·물류 레버리지를 얻는다","동맹·전쟁","중국 특구와 바그너 반란의 주도권이 이 사건으로 김민재·태우 쪽에 한 단계 이동한다","미국 설득과 수에즈 우선운송으로 무기를 앞당기고 중국특구를 유라시아 경제영토 구상에 넣는다 문제로 이어진다","바그너·우크라이나가 러시아를 압박하자 동유럽 무기 납기와 미 7함대 부산 배치를 최재석에게 제안한다의 당면 실행·결정","미국 설득과 수에즈 우선운송으로 무기를 앞당기고 중국특구를 유라시아 경제영토 구상에 넣는다","S3-A13","0.94"
"720","720","믿는 구석 (5)","124453","124612","한국이 전쟁종결을 흔들 수 있는 실질 군사·물류 레버리지를 얻는다 상태","중국은 제한 가입시키고 일본·러시아 변수를 역이용하는 보상","중국 특구와 바그너 반란 국면에서 미국 설득과 수에즈 우선운송으로 무기를 앞당기고 중국특구를 유라시아 경제영토 구상에 넣는다","미국 설득과 수에즈 우선운송으로 무기를 앞당기고 중국특구를 유라시아 경제영토 구상에 넣는다","독이 든 중국시장과 일본 보복, PMC 반란의 통제불능성이 압박한다","방산 지원이 북한·러시아 육로까지 잇는 장기 질서로 확장된다","방산 지원이 북한·러시아 육로까지 잇는 장기 질서로 확장된다","동맹·전쟁","중국 특구와 바그너 반란의 주도권이 이 사건으로 김민재·태우 쪽에 한 단계 이동한다","바그너와 우크라이나의 가스관 장악을 이용해 최재석과 직접 러시아 중재에 나서기로 한다 문제로 이어진다","미국 설득과 수에즈 우선운송으로 무기를 앞당기고 중국특구를 유라시아 경제영토 구상에 넣는다의 당면 실행·결정","바그너와 우크라이나의 가스관 장악을 이용해 최재석과 직접 러시아 중재에 나서기로 한다","S3-A13","0.94"
"721","721","중재자 (1)","124613","124802","방산 지원이 북한·러시아 육로까지 잇는 장기 질서로 확장된다 상태","바그너 반란을 접고 러시아·미국·우크라이나를 휴전판에 앉히는 보상","러우 중재와 새로운 질서 국면에서 바그너와 우크라이나의 가스관 장악을 이용해 최재석과 직접 러시아 중재에 나서기로 한다","바그너와 우크라이나의 가스관 장악을 이용해 최재석과 직접 러시아 중재에 나서기로 한다","푸틴 강경파와 일본 IT 공격, 태우가 떠안은 수조 달러 책임이 맞선다","한국 대통령과 태우 회장이 전쟁 출구를 책임질 중재자가 된다","한국 대통령과 태우 회장이 전쟁 출구를 책임질 중재자가 된다","국제질서·재건","러우 중재와 새로운 질서의 주도권이 이 사건으로 김민재·태우 쪽에 한 단계 이동한다","일본의 태우IT 지분 49퍼센트 강제안에 일본 철수를 선언하도록 한다 문제로 이어진다","바그너와 우크라이나의 가스관 장악을 이용해 최재석과 직접 러시아 중재에 나서기로 한다의 당면 실행·결정","일본의 태우IT 지분 49퍼센트 강제안에 일본 철수를 선언하도록 한다","S3-A14","0.94"
"722","722","중재자 (2)","124803","124955","한국 대통령과 태우 회장이 전쟁 출구를 책임질 중재자가 된다 상태","바그너 반란을 접고 러시아·미국·우크라이나를 휴전판에 앉히는 보상","러우 중재와 새로운 질서 국면에서 일본의 태우IT 지분 49퍼센트 강제안에 일본 철수를 선언하도록 한다","일본의 태우IT 지분 49퍼센트 강제안에 일본 철수를 선언하도록 한다","푸틴 강경파와 일본 IT 공격, 태우가 떠안은 수조 달러 책임이 맞선다","자존심을 건드린 공격이 일본 디지털 생태계 붕괴 위기로 뒤집힌다","자존심을 건드린 공격이 일본 디지털 생태계 붕괴 위기로 뒤집힌다","국제질서·재건","러우 중재와 새로운 질서의 주도권이 이 사건으로 김민재·태우 쪽에 한 단계 이동한다","태우IT 철수로 일본 총리 지지율을 무너뜨리고 러시아 중재의 국가위상 보상을 계산한다 문제로 이어진다","일본의 태우IT 지분 49퍼센트 강제안에 일본 철수를 선언하도록 한다의 당면 실행·결정","태우IT 철수로 일본 총리 지지율을 무너뜨리고 러시아 중재의 국가위상 보상을 계산한다","S3-A14","0.94"
"723","723","중재자 (3)","124956","125111","자존심을 건드린 공격이 일본 디지털 생태계 붕괴 위기로 뒤집힌다 상태","바그너 반란을 접고 러시아·미국·우크라이나를 휴전판에 앉히는 보상","러우 중재와 새로운 질서 국면에서 태우IT 철수로 일본 총리 지지율을 무너뜨리고 러시아 중재의 국가위상 보상을 계산한다","태우IT 철수로 일본 총리 지지율을 무너뜨리고 러시아 중재의 국가위상 보상을 계산한다","푸틴 강경파와 일본 IT 공격, 태우가 떠안은 수조 달러 책임이 맞선다","일본은 금융보복으로 몰리고 한국은 코리아 디스카운트 제거 기회를 얻는다","일본은 금융보복으로 몰리고 한국은 코리아 디스카운트 제거 기회를 얻는다","국제질서·재건","러우 중재와 새로운 질서의 주도권이 이 사건으로 김민재·태우 쪽에 한 단계 이동한다","크렘린에서 푸틴에게 전쟁 이전선 휴전·가스관·횡단철도·한국투자를 제시한다 문제로 이어진다","태우IT 철수로 일본 총리 지지율을 무너뜨리고 러시아 중재의 국가위상 보상을 계산한다의 당면 실행·결정","크렘린에서 푸틴에게 전쟁 이전선 휴전·가스관·횡단철도·한국투자를 제시한다","S3-A14","0.94"
"724","724","중재자 (4)","125112","125254","일본은 금융보복으로 몰리고 한국은 코리아 디스카운트 제거 기회를 얻는다 상태","바그너 반란을 접고 러시아·미국·우크라이나를 휴전판에 앉히는 보상","러우 중재와 새로운 질서 국면에서 크렘린에서 푸틴에게 전쟁 이전선 휴전·가스관·횡단철도·한국투자를 제시한다","크렘린에서 푸틴에게 전쟁 이전선 휴전·가스관·횡단철도·한국투자를 제시한다","푸틴 강경파와 일본 IT 공격, 태우가 떠안은 수조 달러 책임이 맞선다","바그너 반란 종식을 조건으로 거절하기 힘든 출구안이 만들어진다","바그너 반란 종식을 조건으로 거절하기 힘든 출구안이 만들어진다","국제질서·재건","러우 중재와 새로운 질서의 주도권이 이 사건으로 김민재·태우 쪽에 한 단계 이동한다","푸틴의 조건부 승낙을 받고 흑해의 프리고진에게 급히 향한다 문제로 이어진다","크렘린에서 푸틴에게 전쟁 이전선 휴전·가스관·횡단철도·한국투자를 제시한다의 당면 실행·결정","푸틴의 조건부 승낙을 받고 흑해의 프리고진에게 급히 향한다","S3-A14","0.94"
"725","725","중재자 (5)","125255","125407","바그너 반란 종식을 조건으로 거절하기 힘든 출구안이 만들어진다 상태","바그너 반란을 접고 러시아·미국·우크라이나를 휴전판에 앉히는 보상","러우 중재와 새로운 질서 국면에서 푸틴의 조건부 승낙을 받고 흑해의 프리고진에게 급히 향한다","푸틴의 조건부 승낙을 받고 흑해의 프리고진에게 급히 향한다","푸틴 강경파와 일본 IT 공격, 태우가 떠안은 수조 달러 책임이 맞선다","러시아 내부 강경파가 결정을 막기 전에 현장 합의해야 하는 시간이 열린다","러시아 내부 강경파가 결정을 막기 전에 현장 합의해야 하는 시간이 열린다","국제질서·재건","러우 중재와 새로운 질서의 주도권이 이 사건으로 김민재·태우 쪽에 한 단계 이동한다","태우선박에서 프리고진에게 아프리카 사업과 아름다운 퇴장을 보장해 반란을 끝낸다 문제로 이어진다","푸틴의 조건부 승낙을 받고 흑해의 프리고진에게 급히 향한다의 당면 실행·결정","태우선박에서 프리고진에게 아프리카 사업과 아름다운 퇴장을 보장해 반란을 끝낸다","S3-A14","0.94"
"726","726","새로운 질서 (1)","125408","125577","러시아 내부 강경파가 결정을 막기 전에 현장 합의해야 하는 시간이 열린다 상태","바그너 반란을 접고 러시아·미국·우크라이나를 휴전판에 앉히는 보상","러우 중재와 새로운 질서 국면에서 태우선박에서 프리고진에게 아프리카 사업과 아름다운 퇴장을 보장해 반란을 끝낸다","태우선박에서 프리고진에게 아프리카 사업과 아름다운 퇴장을 보장해 반란을 끝낸다","푸틴 강경파와 일본 IT 공격, 태우가 떠안은 수조 달러 책임이 맞선다","미국으로 넘어가 하마스 침공정보와 우크라이나 휴전 설득을 거래할 자격을 얻는다","미국으로 넘어가 하마스 침공정보와 우크라이나 휴전 설득을 거래할 자격을 얻는다","국제질서·재건","러우 중재와 새로운 질서의 주도권이 이 사건으로 김민재·태우 쪽에 한 단계 이동한다","바이든에게 하마스 사전 PMC 방어비를 태우가 대고 우크라이나 설득 실패비용까지 책임지겠다고 한다 문제로 이어진다","태우선박에서 프리고진에게 아프리카 사업과 아름다운 퇴장을 보장해 반란을 끝낸다의 당면 실행·결정","바이든에게 하마스 사전 PMC 방어비를 태우가 대고 우크라이나 설득 실패비용까지 책임지겠다고 한다","S3-A14","0.94"
"727","727","새로운 질서 (2)","125578","125735","미국으로 넘어가 하마스 침공정보와 우크라이나 휴전 설득을 거래할 자격을 얻는다 상태","바그너 반란을 접고 러시아·미국·우크라이나를 휴전판에 앉히는 보상","러우 중재와 새로운 질서 국면에서 바이든에게 하마스 사전 PMC 방어비를 태우가 대고 우크라이나 설득 실패비용까지 책임지겠다고 한다","바이든에게 하마스 사전 PMC 방어비를 태우가 대고 우크라이나 설득 실패비용까지 책임지겠다고 한다","푸틴 강경파와 일본 IT 공격, 태우가 떠안은 수조 달러 책임이 맞선다","미국이 러시아 휴전안을 밀도록 만드는 수조 달러 도박수가 던져진다","미국이 러시아 휴전안을 밀도록 만드는 수조 달러 도박수가 던져진다","국제질서·재건","러우 중재와 새로운 질서의 주도권이 이 사건으로 김민재·태우 쪽에 한 단계 이동한다","유럽 설득·러시아 진출 이미지·일본 공매도를 병행하며 휴전 개시 전 명분을 포장한다 문제로 이어진다","바이든에게 하마스 사전 PMC 방어비를 태우가 대고 우크라이나 설득 실패비용까지 책임지겠다고 한다의 당면 실행·결정","유럽 설득·러시아 진출 이미지·일본 공매도를 병행하며 휴전 개시 전 명분을 포장한다","S3-A14","0.94"
"728","728","새로운 질서 (3)","125736","125883","미국이 러시아 휴전안을 밀도록 만드는 수조 달러 도박수가 던져진다 상태","바그너 반란을 접고 러시아·미국·우크라이나를 휴전판에 앉히는 보상","러우 중재와 새로운 질서 국면에서 유럽 설득·러시아 진출 이미지·일본 공매도를 병행하며 휴전 개시 전 명분을 포장한다","유럽 설득·러시아 진출 이미지·일본 공매도를 병행하며 휴전 개시 전 명분을 포장한다","푸틴 강경파와 일본 IT 공격, 태우가 떠안은 수조 달러 책임이 맞선다","태우의 위험부담이 국제사회가 움직일 실무 패키지로 정리된다","태우의 위험부담이 국제사회가 움직일 실무 패키지로 정리된다","국제질서·재건","러우 중재와 새로운 질서의 주도권이 이 사건으로 김민재·태우 쪽에 한 단계 이동한다","일본 금융청의 조기상환 권고를 태풍으로 키우는 한편 우크라이나 재건 보상안을 고른다 문제로 이어진다","유럽 설득·러시아 진출 이미지·일본 공매도를 병행하며 휴전 개시 전 명분을 포장한다의 당면 실행·결정","일본 금융청의 조기상환 권고를 태풍으로 키우는 한편 우크라이나 재건 보상안을 고른다","S3-A14","0.94"
"729","729","새로운 질서 (4)","125884","126045","태우의 위험부담이 국제사회가 움직일 실무 패키지로 정리된다 상태","바그너 반란을 접고 러시아·미국·우크라이나를 휴전판에 앉히는 보상","러우 중재와 새로운 질서 국면에서 일본 금융청의 조기상환 권고를 태풍으로 키우는 한편 우크라이나 재건 보상안을 고른다","일본 금융청의 조기상환 권고를 태풍으로 키우는 한편 우크라이나 재건 보상안을 고른다","푸틴 강경파와 일본 IT 공격, 태우가 떠안은 수조 달러 책임이 맞선다","일본 금융전과 젤렌스키 설득이 동시에 최종단계에 들어간다","일본 금융전과 젤렌스키 설득이 동시에 최종단계에 들어간다","국제질서·재건","러우 중재와 새로운 질서의 주도권이 이 사건으로 김민재·태우 쪽에 한 단계 이동한다","젤렌스키에게 부패세력 제거 정보·통신·건설 재건을 제안하며 연임용 전쟁을 경고한다 문제로 이어진다","일본 금융청의 조기상환 권고를 태풍으로 키우는 한편 우크라이나 재건 보상안을 고른다의 당면 실행·결정","젤렌스키에게 부패세력 제거 정보·통신·건설 재건을 제안하며 연임용 전쟁을 경고한다","S3-A14","0.94"
"730","730","새로운 질서 (5)","126046","126215","일본 금융전과 젤렌스키 설득이 동시에 최종단계에 들어간다 상태","바그너 반란을 접고 러시아·미국·우크라이나를 휴전판에 앉히는 보상","러우 중재와 새로운 질서 국면에서 젤렌스키에게 부패세력 제거 정보·통신·건설 재건을 제안하며 연임용 전쟁을 경고한다","젤렌스키에게 부패세력 제거 정보·통신·건설 재건을 제안하며 연임용 전쟁을 경고한다","푸틴 강경파와 일본 IT 공격, 태우가 떠안은 수조 달러 책임이 맞선다","우크라이나가 휴전과 태우 중심 재건을 고민할 작은 선물을 받는다","우크라이나가 휴전과 태우 중심 재건을 고민할 작은 선물을 받는다","국제질서·재건","러우 중재와 새로운 질서의 주도권이 이 사건으로 김민재·태우 쪽에 한 단계 이동한다","우크라이나의 NATO 유보 신호 뒤 엔캐리 전액청산으로 니케이 7퍼센트·나스닥을 급락시킨다 문제로 이어진다","젤렌스키에게 부패세력 제거 정보·통신·건설 재건을 제안하며 연임용 전쟁을 경고한다의 당면 실행·결정","우크라이나의 NATO 유보 신호 뒤 엔캐리 전액청산으로 니케이 7퍼센트·나스닥을 급락시킨다","S3-A14","0.94"
"731","731","나비 효과 (1)","126216","126382","우크라이나가 휴전과 태우 중심 재건을 고민할 작은 선물을 받는다 상태","일본 정권·금융을 바꾸고 러우 휴전·하마스 방어를 결산하는 보상","엔캐리 태풍과 거짓된 평화 국면에서 우크라이나의 NATO 유보 신호 뒤 엔캐리 전액청산으로 니케이 7퍼센트·나스닥을 급락시킨다","우크라이나의 NATO 유보 신호 뒤 엔캐리 전액청산으로 니케이 7퍼센트·나스닥을 급락시킨다","글로벌 폭락·은행런·전후배상과 중동 기습이 평화를 위협한다","일본 극우정권을 무너뜨릴 나비효과가 실물 금융위기로 번진다","일본 극우정권을 무너뜨릴 나비효과가 실물 금융위기로 번진다","금융·평화","엔캐리 태풍과 거짓된 평화의 주도권이 이 사건으로 김민재·태우 쪽에 한 단계 이동한다","일본 금융청의 분할상환 계산을 깨고 한 번에 돈을 갚아 엔화·주가·미 환율감시를 흔든다 문제로 이어진다","우크라이나의 NATO 유보 신호 뒤 엔캐리 전액청산으로 니케이 7퍼센트·나스닥을 급락시킨다의 당면 실행·결정","일본 금융청의 분할상환 계산을 깨고 한 번에 돈을 갚아 엔화·주가·미 환율감시를 흔든다","S3-A15","0.94"
"732","732","나비 효과 (2)","126383","126556","일본 극우정권을 무너뜨릴 나비효과가 실물 금융위기로 번진다 상태","일본 정권·금융을 바꾸고 러우 휴전·하마스 방어를 결산하는 보상","엔캐리 태풍과 거짓된 평화 국면에서 일본 금융청의 분할상환 계산을 깨고 한 번에 돈을 갚아 엔화·주가·미 환율감시를 흔든다","일본 금융청의 분할상환 계산을 깨고 한 번에 돈을 갚아 엔화·주가·미 환율감시를 흔든다","글로벌 폭락·은행런·전후배상과 중동 기습이 평화를 위협한다","일본 정부가 금융타워에 협상을 청하며 책임을 금융청에 떠넘긴다","일본 정부가 금융타워에 협상을 청하며 책임을 금융청에 떠넘긴다","금융·평화","엔캐리 태풍과 거짓된 평화의 주도권이 이 사건으로 김민재·태우 쪽에 한 단계 이동한다","한 부회장·조지가 기시다에게 재차입·금리·미 국채·사과 조건을 받아낸다 문제로 이어진다","일본 금융청의 분할상환 계산을 깨고 한 번에 돈을 갚아 엔화·주가·미 환율감시를 흔든다의 당면 실행·결정","한 부회장·조지가 기시다에게 재차입·금리·미 국채·사과 조건을 받아낸다","S3-A15","0.94"
"733","733","나비 효과 (3)","126557","126729","일본 정부가 금융타워에 협상을 청하며 책임을 금융청에 떠넘긴다 상태","일본 정권·금융을 바꾸고 러우 휴전·하마스 방어를 결산하는 보상","엔캐리 태풍과 거짓된 평화 국면에서 한 부회장·조지가 기시다에게 재차입·금리·미 국채·사과 조건을 받아낸다","한 부회장·조지가 기시다에게 재차입·금리·미 국채·사과 조건을 받아낸다","글로벌 폭락·은행런·전후배상과 중동 기습이 평화를 위협한다","일본이 위기수습 대가로 국가급 금융자산과 정치책임을 내놓는다","일본이 위기수습 대가로 국가급 금융자산과 정치책임을 내놓는다","금융·평화","엔캐리 태풍과 거짓된 평화의 주도권이 이 사건으로 김민재·태우 쪽에 한 단계 이동한다","곤조 의원에게 자민당 불법자금 자료를 주고 환율보험 반대포지션으로 이익을 회수한다 문제로 이어진다","한 부회장·조지가 기시다에게 재차입·금리·미 국채·사과 조건을 받아낸다의 당면 실행·결정","곤조 의원에게 자민당 불법자금 자료를 주고 환율보험 반대포지션으로 이익을 회수한다","S3-A15","0.94"
"734","734","나비 효과 (4)","126730","126889","일본이 위기수습 대가로 국가급 금융자산과 정치책임을 내놓는다 상태","일본 정권·금융을 바꾸고 러우 휴전·하마스 방어를 결산하는 보상","엔캐리 태풍과 거짓된 평화 국면에서 곤조 의원에게 자민당 불법자금 자료를 주고 환율보험 반대포지션으로 이익을 회수한다","곤조 의원에게 자민당 불법자금 자료를 주고 환율보험 반대포지션으로 이익을 회수한다","글로벌 폭락·은행런·전후배상과 중동 기습이 평화를 위협한다","금융타워가 일본 금융계와 야당연합을 함께 장악할 단계에 들어간다","금융타워가 일본 금융계와 야당연합을 함께 장악할 단계에 들어간다","금융·평화","엔캐리 태풍과 거짓된 평화의 주도권이 이 사건으로 김민재·태우 쪽에 한 단계 이동한다","일본 3대 은행 지분을 보험금 대신 받고 선거자금 통로를 고르며 수상한 건설사 돈은 거절한다 문제로 이어진다","곤조 의원에게 자민당 불법자금 자료를 주고 환율보험 반대포지션으로 이익을 회수한다의 당면 실행·결정","일본 3대 은행 지분을 보험금 대신 받고 선거자금 통로를 고르며 수상한 건설사 돈은 거절한다","S3-A15","0.94"
"735","735","나비 효과 (5)","126890","127049","금융타워가 일본 금융계와 야당연합을 함께 장악할 단계에 들어간다 상태","일본 정권·금융을 바꾸고 러우 휴전·하마스 방어를 결산하는 보상","엔캐리 태풍과 거짓된 평화 국면에서 일본 3대 은행 지분을 보험금 대신 받고 선거자금 통로를 고르며 수상한 건설사 돈은 거절한다","일본 3대 은행 지분을 보험금 대신 받고 선거자금 통로를 고르며 수상한 건설사 돈은 거절한다","글로벌 폭락·은행런·전후배상과 중동 기습이 평화를 위협한다","경제 위기가 자민당 해산과 야당 집권 기회로 전환된다","경제 위기가 자민당 해산과 야당 집권 기회로 전환된다","금융·평화","엔캐리 태풍과 거짓된 평화의 주도권이 이 사건으로 김민재·태우 쪽에 한 단계 이동한다","기시다 퇴진·중의원 해산 속 하마스 패러글라이더 침공과 러우 휴전 서명을 동시에 대비한다 문제로 이어진다","일본 3대 은행 지분을 보험금 대신 받고 선거자금 통로를 고르며 수상한 건설사 돈은 거절한다의 당면 실행·결정","기시다 퇴진·중의원 해산 속 하마스 패러글라이더 침공과 러우 휴전 서명을 동시에 대비한다","S3-A15","0.94"
"736","736","거짓된 평화 (1)","127050","127212","경제 위기가 자민당 해산과 야당 집권 기회로 전환된다 상태","일본 정권·금융을 바꾸고 러우 휴전·하마스 방어를 결산하는 보상","엔캐리 태풍과 거짓된 평화 국면에서 기시다 퇴진·중의원 해산 속 하마스 패러글라이더 침공과 러우 휴전 서명을 동시에 대비한다","기시다 퇴진·중의원 해산 속 하마스 패러글라이더 침공과 러우 휴전 서명을 동시에 대비한다","글로벌 폭락·은행런·전후배상과 중동 기습이 평화를 위협한다","일본 선거·중동전쟁·유럽 평화가 같은 결산 시점에 겹친다","일본 선거·중동전쟁·유럽 평화가 같은 결산 시점에 겹친다","금융·평화","엔캐리 태풍과 거짓된 평화의 주도권이 이 사건으로 김민재·태우 쪽에 한 단계 이동한다","러우 휴전 체결과 태우 브랜드 상승을 확인한 뒤 일본 은행 30조 엔 폭탄·뱅크런을 공개한다 문제로 이어진다","기시다 퇴진·중의원 해산 속 하마스 패러글라이더 침공과 러우 휴전 서명을 동시에 대비한다의 당면 실행·결정","러우 휴전 체결과 태우 브랜드 상승을 확인한 뒤 일본 은행 30조 엔 폭탄·뱅크런을 공개한다","S3-A15","0.94"
"737","737","거짓된 평화 (2)","127213","127367","일본 선거·중동전쟁·유럽 평화가 같은 결산 시점에 겹친다 상태","일본 정권·금융을 바꾸고 러우 휴전·하마스 방어를 결산하는 보상","엔캐리 태풍과 거짓된 평화 국면에서 러우 휴전 체결과 태우 브랜드 상승을 확인한 뒤 일본 은행 30조 엔 폭탄·뱅크런을 공개한다","러우 휴전 체결과 태우 브랜드 상승을 확인한 뒤 일본 은행 30조 엔 폭탄·뱅크런을 공개한다","글로벌 폭락·은행런·전후배상과 중동 기습이 평화를 위협한다","세계평화 보상과 일본 정치교체 압박이 함께 폭발한다","세계평화 보상과 일본 정치교체 압박이 함께 폭발한다","금융·평화","엔캐리 태풍과 거짓된 평화의 주도권이 이 사건으로 김민재·태우 쪽에 한 단계 이동한다","콜로노이를 시작으로 우크라이나 부패재벌을 잡고 곤조·나오토 야당연합의 50석 증가를 만든다 문제로 이어진다","러우 휴전 체결과 태우 브랜드 상승을 확인한 뒤 일본 은행 30조 엔 폭탄·뱅크런을 공개한다의 당면 실행·결정","콜로노이를 시작으로 우크라이나 부패재벌을 잡고 곤조·나오토 야당연합의 50석 증가를 만든다","S3-A15","0.94"
"738","738","거짓된 평화 (3)","127368","127539","세계평화 보상과 일본 정치교체 압박이 함께 폭발한다 상태","일본 정권·금융을 바꾸고 러우 휴전·하마스 방어를 결산하는 보상","엔캐리 태풍과 거짓된 평화 국면에서 콜로노이를 시작으로 우크라이나 부패재벌을 잡고 곤조·나오토 야당연합의 50석 증가를 만든다","콜로노이를 시작으로 우크라이나 부패재벌을 잡고 곤조·나오토 야당연합의 50석 증가를 만든다","글로벌 폭락·은행런·전후배상과 중동 기습이 평화를 위협한다","재건 전 정화와 일본 정권교체가 실제 선거 결과로 나타난다","재건 전 정화와 일본 정권교체가 실제 선거 결과로 나타난다","금융·평화","엔캐리 태풍과 거짓된 평화의 주도권이 이 사건으로 김민재·태우 쪽에 한 단계 이동한다","일본 야당이 자민당 200석을 위협하는 동안 AI드론·PMC가 하마스 기습을 사전 저지한다 문제로 이어진다","콜로노이를 시작으로 우크라이나 부패재벌을 잡고 곤조·나오토 야당연합의 50석 증가를 만든다의 당면 실행·결정","일본 야당이 자민당 200석을 위협하는 동안 AI드론·PMC가 하마스 기습을 사전 저지한다","S3-A15","0.94"
"739","739","거짓된 평화 (4)","127540","127739","재건 전 정화와 일본 정권교체가 실제 선거 결과로 나타난다 상태","일본 정권·금융을 바꾸고 러우 휴전·하마스 방어를 결산하는 보상","엔캐리 태풍과 거짓된 평화 국면에서 일본 야당이 자민당 200석을 위협하는 동안 AI드론·PMC가 하마스 기습을 사전 저지한다","일본 야당이 자민당 200석을 위협하는 동안 AI드론·PMC가 하마스 기습을 사전 저지한다","글로벌 폭락·은행런·전후배상과 중동 기습이 평화를 위협한다","일본 정치전과 이스라엘 생존 약속이 모두 실전 성과로 결산된다","일본 정치전과 이스라엘 생존 약속이 모두 실전 성과로 결산된다","금융·평화","엔캐리 태풍과 거짓된 평화의 주도권이 이 사건으로 김민재·태우 쪽에 한 단계 이동한다","미국이 PMC 비용·미 기업 동등대우·우크라이나 재건 중심권을 보상하고 김민재는 러시아 투자를 서두른다 문제로 이어진다","일본 야당이 자민당 200석을 위협하는 동안 AI드론·PMC가 하마스 기습을 사전 저지한다의 당면 실행·결정","미국이 PMC 비용·미 기업 동등대우·우크라이나 재건 중심권을 보상하고 김민재는 러시아 투자를 서두른다","S3-A15","0.94"
"740","740","거짓된 평화 (5)","127740","127898","일본 정치전과 이스라엘 생존 약속이 모두 실전 성과로 결산된다 상태","일본 정권·금융을 바꾸고 러우 휴전·하마스 방어를 결산하는 보상","엔캐리 태풍과 거짓된 평화 국면에서 미국이 PMC 비용·미 기업 동등대우·우크라이나 재건 중심권을 보상하고 김민재는 러시아 투자를 서두른다","미국이 PMC 비용·미 기업 동등대우·우크라이나 재건 중심권을 보상하고 김민재는 러시아 투자를 서두른다","글로벌 폭락·은행런·전후배상과 중동 기습이 평화를 위협한다","전쟁 중재의 국제 보상이 제재국 러시아 자원 독식의 명분으로 바뀐다","전쟁 중재의 국제 보상이 제재국 러시아 자원 독식의 명분으로 바뀐다","금융·평화","엔캐리 태풍과 거짓된 평화의 주도권이 이 사건으로 김민재·태우 쪽에 한 단계 이동한다","러시아에서 로만·푸틴과 공장 무상회수·가스관·횡단철도·북한 장남 지원을 합의한다 문제로 이어진다","미국이 PMC 비용·미 기업 동등대우·우크라이나 재건 중심권을 보상하고 김민재는 러시아 투자를 서두른다의 당면 실행·결정","러시아에서 로만·푸틴과 공장 무상회수·가스관·횡단철도·북한 장남 지원을 합의한다","S3-A15","0.94"
"741","741","화룡점정 (1)","127899","128080","전쟁 중재의 국제 보상이 제재국 러시아 자원 독식의 명분으로 바뀐다 상태","러시아·미국·일본·북한에 심어 둔 장기 지배선을 회수하는 보상","화룡점정 국면에서 러시아에서 로만·푸틴과 공장 무상회수·가스관·횡단철도·북한 장남 지원을 합의한다","러시아에서 로만·푸틴과 공장 무상회수·가스관·횡단철도·북한 장남 지원을 합의한다","제재국 투자와 미 대선·북한 체제위험이 마지막 불확실성으로 남는다","함경북도·양강도까지 장남 영향권으로 만들며 북방경제 기반을 다진다","함경북도·양강도까지 장남 영향권으로 만들며 북방경제 기반을 다진다","세계질서·북방","화룡점정의 주도권이 이 사건으로 김민재·태우 쪽에 한 단계 이동한다","텍사스 농장에서 머스크와 트럼프를 만나 무제한 후원·민주당 후보교체 전략을 제시한다 문제로 이어진다","러시아에서 로만·푸틴과 공장 무상회수·가스관·횡단철도·북한 장남 지원을 합의한다의 당면 실행·결정","텍사스 농장에서 머스크와 트럼프를 만나 무제한 후원·민주당 후보교체 전략을 제시한다","S3-A16","0.94"
"742","742","화룡점정 (2)","128081","128250","함경북도·양강도까지 장남 영향권으로 만들며 북방경제 기반을 다진다 상태","러시아·미국·일본·북한에 심어 둔 장기 지배선을 회수하는 보상","화룡점정 국면에서 텍사스 농장에서 머스크와 트럼프를 만나 무제한 후원·민주당 후보교체 전략을 제시한다","텍사스 농장에서 머스크와 트럼프를 만나 무제한 후원·민주당 후보교체 전략을 제시한다","제재국 투자와 미 대선·북한 체제위험이 마지막 불확실성으로 남는다","2024 미국대선의 양쪽 후보를 태우 우호선으로 설계한다","2024 미국대선의 양쪽 후보를 태우 우호선으로 설계한다","세계질서·북방","화룡점정의 주도권이 이 사건으로 김민재·태우 쪽에 한 단계 이동한다","곤조 총리 성립 뒤 일본 금융사 보험료를 깎아 주는 대신 태우 금융플랫폼 가입을 받아낸다 문제로 이어진다","텍사스 농장에서 머스크와 트럼프를 만나 무제한 후원·민주당 후보교체 전략을 제시한다의 당면 실행·결정","곤조 총리 성립 뒤 일본 금융사 보험료를 깎아 주는 대신 태우 금융플랫폼 가입을 받아낸다","S3-A16","0.94"
"743","743","화룡점정 (3)","128251","128420","2024 미국대선의 양쪽 후보를 태우 우호선으로 설계한다 상태","러시아·미국·일본·북한에 심어 둔 장기 지배선을 회수하는 보상","화룡점정 국면에서 곤조 총리 성립 뒤 일본 금융사 보험료를 깎아 주는 대신 태우 금융플랫폼 가입을 받아낸다","곤조 총리 성립 뒤 일본 금융사 보험료를 깎아 주는 대신 태우 금융플랫폼 가입을 받아낸다","제재국 투자와 미 대선·북한 체제위험이 마지막 불확실성으로 남는다","일본 은행 고객과 정치계를 수십 년 통제할 구조가 완성된다","일본 은행 고객과 정치계를 수십 년 통제할 구조가 완성된다","세계질서·북방","화룡점정의 주도권이 이 사건으로 김민재·태우 쪽에 한 단계 이동한다","천민정이 일본 예금을 끌어올 AI 금융플랫폼을 설계하고 한 부회장은 중국 투자를 압박한다 문제로 이어진다","곤조 총리 성립 뒤 일본 금융사 보험료를 깎아 주는 대신 태우 금융플랫폼 가입을 받아낸다의 당면 실행·결정","천민정이 일본 예금을 끌어올 AI 금융플랫폼을 설계하고 한 부회장은 중국 투자를 압박한다","S3-A16","0.94"
"744","744","화룡점정 (4)","128421","128566","일본 은행 고객과 정치계를 수십 년 통제할 구조가 완성된다 상태","러시아·미국·일본·북한에 심어 둔 장기 지배선을 회수하는 보상","화룡점정 국면에서 천민정이 일본 예금을 끌어올 AI 금융플랫폼을 설계하고 한 부회장은 중국 투자를 압박한다","천민정이 일본 예금을 끌어올 AI 금융플랫폼을 설계하고 한 부회장은 중국 투자를 압박한다","제재국 투자와 미 대선·북한 체제위험이 마지막 불확실성으로 남는다","일본 장악 뒤 중국 시장까지 금융타워의 다음 확장지로 열린다","일본 장악 뒤 중국 시장까지 금융타워의 다음 확장지로 열린다","세계질서·북방","화룡점정의 주도권이 이 사건으로 김민재·태우 쪽에 한 단계 이동한다","이영한에게 일본·지린 사채망과 북한 장남 세력을 확인한 뒤 김태중이 대북특사를 자청한다 문제로 이어진다","천민정이 일본 예금을 끌어올 AI 금융플랫폼을 설계하고 한 부회장은 중국 투자를 압박한다의 당면 실행·결정","이영한에게 일본·지린 사채망과 북한 장남 세력을 확인한 뒤 김태중이 대북특사를 자청한다","S3-A16","0.94"
"745","745","화룡점정 (5)","128567","128730","일본 장악 뒤 중국 시장까지 금융타워의 다음 확장지로 열린다 상태","러시아·미국·일본·북한에 심어 둔 장기 지배선을 회수하는 보상","화룡점정 국면에서 이영한에게 일본·지린 사채망과 북한 장남 세력을 확인한 뒤 김태중이 대북특사를 자청한다","이영한에게 일본·지린 사채망과 북한 장남 세력을 확인한 뒤 김태중이 대북특사를 자청한다","제재국 투자와 미 대선·북한 체제위험이 마지막 불확실성으로 남는다","개인 복수·금융전의 화룡점정이 가족이 맡는 남북협상으로 넘어간다","개인 복수·금융전의 화룡점정이 가족이 맡는 남북협상으로 넘어간다","세계질서·북방","화룡점정의 주도권이 이 사건으로 김민재·태우 쪽에 한 단계 이동한다","김태중이 평양 특사로 가 정상회담·5개국회의를 성사시키는 동안 고체배터리를 휴대폰·로봇으로 넓힌다 문제로 이어진다","이영한에게 일본·지린 사채망과 북한 장남 세력을 확인한 뒤 김태중이 대북특사를 자청한다의 당면 실행·결정","김태중이 평양 특사로 가 정상회담·5개국회의를 성사시키는 동안 고체배터리를 휴대폰·로봇으로 넓힌다","S3-A16","0.94"
"746","746","부담스러운 선물 (1)","128731","128901","개인 복수·금융전의 화룡점정이 가족이 맡는 남북협상으로 넘어간다 상태","남북철도·노벨상·결혼과 새 생명으로 생존·가족 약속을 결산하는 보상","부담스러운 선물과 가족 결산 국면에서 김태중이 평양 특사로 가 정상회담·5개국회의를 성사시키는 동안 고체배터리를 휴대폰·로봇으로 넓힌다","김태중이 평양 특사로 가 정상회담·5개국회의를 성사시키는 동안 고체배터리를 휴대폰·로봇으로 넓힌다","북한 불신과 세계적 명예의 부담, 가족을 지키는 책임이 비용으로 남는다","할아버지가 마지막 임무를 성공시키고 그룹 기술도 산업 전반으로 확장된다","할아버지가 마지막 임무를 성공시키고 그룹 기술도 산업 전반으로 확장된다","가족·유산","부담스러운 선물과 가족 결산의 주도권이 이 사건으로 김민재·태우 쪽에 한 단계 이동한다","최재석과 남북 정상회담·북한횡단철도 40조 비용을 논의한 뒤 머스크를 맞는다 문제로 이어진다","김태중이 평양 특사로 가 정상회담·5개국회의를 성사시키는 동안 고체배터리를 휴대폰·로봇으로 넓힌다의 당면 실행·결정","최재석과 남북 정상회담·북한횡단철도 40조 비용을 논의한 뒤 머스크를 맞는다","S3-A16","0.94"
"747","747","부담스러운 선물 (2)","128902","129069","할아버지가 마지막 임무를 성공시키고 그룹 기술도 산업 전반으로 확장된다 상태","남북철도·노벨상·결혼과 새 생명으로 생존·가족 약속을 결산하는 보상","부담스러운 선물과 가족 결산 국면에서 최재석과 남북 정상회담·북한횡단철도 40조 비용을 논의한 뒤 머스크를 맞는다","최재석과 남북 정상회담·북한횡단철도 40조 비용을 논의한 뒤 머스크를 맞는다","북한 불신과 세계적 명예의 부담, 가족을 지키는 책임이 비용으로 남는다","북방경제 착공조건이 정리되고 우주산업이라는 새 수요가 등장한다","북방경제 착공조건이 정리되고 우주산업이라는 새 수요가 등장한다","가족·유산","부담스러운 선물과 가족 결산의 주도권이 이 사건으로 김민재·태우 쪽에 한 단계 이동한다","머스크와 우주선용 고체배터리 공장·탈부착 표준을 합의하고 일본 금융플랫폼을 출시한다 문제로 이어진다","최재석과 남북 정상회담·북한횡단철도 40조 비용을 논의한 뒤 머스크를 맞는다의 당면 실행·결정","머스크와 우주선용 고체배터리 공장·탈부착 표준을 합의하고 일본 금융플랫폼을 출시한다","S3-A16","0.94"
"748","748","부담스러운 선물 (3)","129070","129224","북방경제 착공조건이 정리되고 우주산업이라는 새 수요가 등장한다 상태","남북철도·노벨상·결혼과 새 생명으로 생존·가족 약속을 결산하는 보상","부담스러운 선물과 가족 결산 국면에서 머스크와 우주선용 고체배터리 공장·탈부착 표준을 합의하고 일본 금융플랫폼을 출시한다","머스크와 우주선용 고체배터리 공장·탈부착 표준을 합의하고 일본 금융플랫폼을 출시한다","북한 불신과 세계적 명예의 부담, 가족을 지키는 책임이 비용으로 남는다","배터리·금융 두 독점이 지상과 우주에서 동시에 시작된다","배터리·금융 두 독점이 지상과 우주에서 동시에 시작된다","가족·유산","부담스러운 선물과 가족 결산의 주도권이 이 사건으로 김민재·태우 쪽에 한 단계 이동한다","북한횡단철도 착공식 뒤 태우 AI 경쟁력을 확인하다 천민정의 노벨화학상 소식을 받는다 문제로 이어진다","머스크와 우주선용 고체배터리 공장·탈부착 표준을 합의하고 일본 금융플랫폼을 출시한다의 당면 실행·결정","북한횡단철도 착공식 뒤 태우 AI 경쟁력을 확인하다 천민정의 노벨화학상 소식을 받는다","S3-A16","0.94"
"749","749","부담스러운 선물 (4)","129225","129398","배터리·금융 두 독점이 지상과 우주에서 동시에 시작된다 상태","남북철도·노벨상·결혼과 새 생명으로 생존·가족 약속을 결산하는 보상","부담스러운 선물과 가족 결산 국면에서 북한횡단철도 착공식 뒤 태우 AI 경쟁력을 확인하다 천민정의 노벨화학상 소식을 받는다","북한횡단철도 착공식 뒤 태우 AI 경쟁력을 확인하다 천민정의 노벨화학상 소식을 받는다","북한 불신과 세계적 명예의 부담, 가족을 지키는 책임이 비용으로 남는다","생존·통일 경제 약속과 기술인재의 명예가 국가적 결실로 맺힌다","생존·통일 경제 약속과 기술인재의 명예가 국가적 결실로 맺힌다","가족·유산","부담스러운 선물과 가족 결산의 주도권이 이 사건으로 김민재·태우 쪽에 한 단계 이동한다","천민정을 저택에 숨겨 보호하는 사이 김민재·최재석의 노벨평화상까지 발표된다 문제로 이어진다","북한횡단철도 착공식 뒤 태우 AI 경쟁력을 확인하다 천민정의 노벨화학상 소식을 받는다의 당면 실행·결정","천민정을 저택에 숨겨 보호하는 사이 김민재·최재석의 노벨평화상까지 발표된다","S3-A16","0.94"
"750","750","부담스러운 선물 (5)","129399","129568","생존·통일 경제 약속과 기술인재의 명예가 국가적 결실로 맺힌다 상태","남북철도·노벨상·결혼과 새 생명으로 생존·가족 약속을 결산하는 보상","부담스러운 선물과 가족 결산 국면에서 천민정을 저택에 숨겨 보호하는 사이 김민재·최재석의 노벨평화상까지 발표된다","천민정을 저택에 숨겨 보호하는 사이 김민재·최재석의 노벨평화상까지 발표된다","북한 불신과 세계적 명예의 부담, 가족을 지키는 책임이 비용으로 남는다","러우 휴전·국제질서 기여가 세계 최고 브랜드와 국민경제당 승계로 보상된다","러우 휴전·국제질서 기여가 세계 최고 브랜드와 국민경제당 승계로 보상된다","가족·유산","부담스러운 선물과 가족 결산의 주도권이 이 사건으로 김민재·태우 쪽에 한 단계 이동한다","최재석과 수상·퇴임을 결산하고 김태중에게 평화상을 선물한 뒤 천민정의 임신·결혼을 가족에게 알린다 문제로 이어진다","천민정을 저택에 숨겨 보호하는 사이 김민재·최재석의 노벨평화상까지 발표된다의 당면 실행·결정","최재석과 수상·퇴임을 결산하고 김태중에게 평화상을 선물한 뒤 천민정의 임신·결혼을 가족에게 알린다","S3-A16","0.94"
"751","751","완벽한 선물","129569","129777","러우 휴전·국제질서 기여가 세계 최고 브랜드와 국민경제당 승계로 보상된다 상태","남북철도·노벨상·결혼과 새 생명으로 생존·가족 약속을 결산하는 보상","부담스러운 선물과 가족 결산 국면에서 최재석과 수상·퇴임을 결산하고 김태중에게 평화상을 선물한 뒤 천민정의 임신·결혼을 가족에게 알린다","최재석과 수상·퇴임을 결산하고 김태중에게 평화상을 선물한 뒤 천민정의 임신·결혼을 가족에게 알린다","북한 불신과 세계적 명예의 부담, 가족을 지키는 책임이 비용으로 남는다","회귀 뒤 처음 느낀 온기 속 태우그룹과 가정을 끝까지 지키겠다고 맹세한다","회귀 뒤 처음 느낀 온기 속 태우그룹과 가정을 끝까지 지키겠다고 맹세한다","가족·유산","부담스러운 선물과 가족 결산의 주도권이 이 사건으로 김민재·태우 쪽에 한 단계 이동한다","태우그룹과 가정을 끝까지 책임지겠다는 새 생애의 약속으로 작품을 닫는다","최재석과 수상·퇴임을 결산하고 김태중에게 평화상을 선물한 뒤 천민정의 임신·결혼을 가족에게 알린다의 당면 실행·결정","회귀 후 생존·가족·복수·기업 성장의 장기 루프","S3-A16","0.99"
