sequence,visible_label,start_line,end_line,status,fields_changed,evidence_lines,reason,before_after
501,501,87669,87841,PASS,"",prev L87659~L87668; hard L87669~L87841; next L87842~L87851,"현재 action·turn_or_reveal·paid_reward·state_change·ending_hook·closed_loops·opened_loops가 하드 경계와 일치하며, 계획·계약 전 상태나 인접 화 결과를 완료로 선취하지 않는다.",""
502,502,87842,88030,PASS,"",prev L87832~L87841; hard L87842~L88030; next L88031~L88040,"현재 action·turn_or_reveal·paid_reward·state_change·ending_hook·closed_loops·opened_loops가 하드 경계와 일치하며, 계획·계약 전 상태나 인접 화 결과를 완료로 선취하지 않는다.",""
503,503,88031,88181,PASS,"",prev L88021~L88030; hard L88031~L88181; next L88182~L88191,"현재 action·turn_or_reveal·paid_reward·state_change·ending_hook·closed_loops·opened_loops가 하드 경계와 일치하며, 계획·계약 전 상태나 인접 화 결과를 완료로 선취하지 않는다.",""
504,504,88182,88346,PASS,"",prev L88172~L88181; hard L88182~L88346; next L88347~L88356,"현재 action·turn_or_reveal·paid_reward·state_change·ending_hook·closed_loops·opened_loops가 하드 경계와 일치하며, 계획·계약 전 상태나 인접 화 결과를 완료로 선취하지 않는다.",""
505,505,88347,88514,PASS,"",prev L88337~L88346; hard L88347~L88514; next L88515~L88524,"현재 action·turn_or_reveal·paid_reward·state_change·ending_hook·closed_loops·opened_loops가 하드 경계와 일치하며, 계획·계약 전 상태나 인접 화 결과를 완료로 선취하지 않는다.",""
506,506,88515,88679,EDIT,reader_promise;action;resistance_or_cost;ending_hook;closed_loops,prev L88505~L88514; hard L88515~L88679; next L88680~L88689,"현재 action·turn_or_reveal·paid_reward·state_change·ending_hook·closed_loops·opened_loops가 하드 경계와 일치하며, 계획·계약 전 상태나 인접 화 결과를 완료로 선취하지 않는다. [MANAGER_FOLLOWUP] 시작 SHA 7053d49dc7025e48b56daa2b35458965918ffc570cd66be0f87f4239992581f8와 현재 화 hard line을 대조해 11개 narrative field 중 5개를 교정했다.",[MANAGER_FOLLOWUP] reader_promise=[중국으로 기술을 빼돌린 탑테크를 물증과 명동 집행력으로 공개 본보기로 만드는 약속.] => [중국으로 기술을 빼돌린 협력업체 관련자를 물증과 명동 집행력으로 공개 본보기로 만드는 약속.] || action=[천민정의 기술절도 증거로 탑테크와 중국 유출선을 이영한에게 넘긴다] => [천민정의 디스플레이 기술유출 증거와 관련자 명단을 이영한에게 넘긴다.] || resistance_or_cost=[탑테크 관련자는 불법자금을 숨겼고 합법적 기업인 태우가 직접 회수하면 수사·평판 위험이 생긴다.] => [관련자들은 불법자금을 숨겼고 합법기업인 태우가 직접 회수하면 수사·평판 위험이 생긴다.] || ending_hook=[악마의 미소를 지은 이영한이 탑테크 관련자들을 어떤 방식으로 무너뜨릴지가 걸린다.] => [악마의 미소를 지은 이영한이 기술유출 관련자들을 어떤 방식으로 무너뜨릴지가 걸린다.] || closed_loops=[탑테크·관련자 명단 확보와 이영한 투입 결정.] => [기술유출 관련자 명단 확보와 이영한 투입 결정] || [MANAGER_FOLLOWUP] reader_promise=[중국으로 기술을 빼돌린 탑테크를 물증과 명동 집행력으로 공개 본보기로 만드는 약속.] => [중국으로 기술을 빼돌린 협력업체 관련자를 물증과 명동 집행력으로 공개 본보기로 만드는 약속.] || action=[천민정의 기술절도 증거로 탑테크와 중국 유출선을 이영한에게 넘긴다] => [천민정의 디스플레이 기술유출 증거와 관련자 명단을 이영한에게 넘긴다.] || resistance_or_cost=[탑테크 관련자는 불법자금을 숨겼고 합법적 기업인 태우가 직접 회수하면 수사·평판 위험이 생긴다.] => [관련자들은 불법자금을 숨겼고 합법기업인 태우가 직접 회수하면 수사·평판 위험이 생긴다.] || ending_hook=[악마의 미소를 지은 이영한이 탑테크 관련자들을 어떤 방식으로 무너뜨릴지가 걸린다.] => [악마의 미소를 지은 이영한이 기술유출 관련자들을 어떤 방식으로 무너뜨릴지가 걸린다.] || closed_loops=[탑테크·관련자 명단 확보와 이영한 투입 결정.] => [기술유출 관련자 명단 확보와 이영한 투입 결정]
507,507,88680,88865,PASS,"",prev L88670~L88679; hard L88680~L88865; next L88866~L88875,"현재 action·turn_or_reveal·paid_reward·state_change·ending_hook·closed_loops·opened_loops가 하드 경계와 일치하며, 계획·계약 전 상태나 인접 화 결과를 완료로 선취하지 않는다.",""
508,508,88866,89034,PASS,"",prev L88856~L88865; hard L88866~L89034; next L89035~L89044,"현재 action·turn_or_reveal·paid_reward·state_change·ending_hook·closed_loops·opened_loops가 하드 경계와 일치하며, 계획·계약 전 상태나 인접 화 결과를 완료로 선취하지 않는다.",""
509,509,89035,89193,PASS,"",prev L89025~L89034; hard L89035~L89193; next L89194~L89203,"현재 action·turn_or_reveal·paid_reward·state_change·ending_hook·closed_loops·opened_loops가 하드 경계와 일치하며, 계획·계약 전 상태나 인접 화 결과를 완료로 선취하지 않는다.",""
510,510,89194,89363,PASS,"",prev L89184~L89193; hard L89194~L89363; next L89364~L89373,"현재 action·turn_or_reveal·paid_reward·state_change·ending_hook·closed_loops·opened_loops가 하드 경계와 일치하며, 계획·계약 전 상태나 인접 화 결과를 완료로 선취하지 않는다.",""
511,511,89364,89522,PASS,"",prev L89354~L89363; hard L89364~L89522; next L89523~L89532,"현재 action·turn_or_reveal·paid_reward·state_change·ending_hook·closed_loops·opened_loops가 하드 경계와 일치하며, 계획·계약 전 상태나 인접 화 결과를 완료로 선취하지 않는다.",""
512,512,89523,89696,PASS,"",prev L89513~L89522; hard L89523~L89696; next L89697~L89706,"현재 action·turn_or_reveal·paid_reward·state_change·ending_hook·closed_loops·opened_loops가 하드 경계와 일치하며, 계획·계약 전 상태나 인접 화 결과를 완료로 선취하지 않는다.",""
513,513,89697,89854,EDIT,paid_reward;state_change;closed_loops;opened_loops;ending_hook,prev L89687~L89696; hard L89697~L89854; next L89855~L89864,"L89697~L89854 원문을 다시 읽어 계획·가능성·협상 전과 실행·서명·소유·지급을 분리하고, 인접 화의 구체 결과를 현재 화의 완료 상태에서 제거했다. [MANAGER_FOLLOWUP] 시작 SHA 7053d49dc7025e48b56daa2b35458965918ffc570cd66be0f87f4239992581f8와 현재 화 hard line을 대조해 11개 narrative field 중 2개를 교정했다.","paid_reward=[인도·베트남 레거시 팹과 HBM·GPU 투자안, 중국 해고기술자 차단 방침이 확정된다.] => [인도·베트남 레거시 팹과 HBM·GPU 투자안, 중국 해고기술자 차단 방침과 한국 GPU 공장 부지를 확정한다. 팹 건설·생산은 아직 전이다.] || state_change=[국내 생산 중심에서 동남아 레거시 팹과 AI 첨단칩을 함께 가진 다층 생산지도로 바뀐다.] => [국내 생산 중심에서 동남아 레거시 팹과 AI 첨단칩에 투자할 다층 생산계획으로 바뀌지만, 공장 건설·양산은 시작 전이다.] || closed_loops=[해외 팹 배치와 AI칩 장기투자 결정.] => [해외 팹 배치·AI칩 장기투자 결정; 한국 GPU 공장 부지 확보] || opened_loops=[ASML EUV·DUV 공급권 확보.] => [해외 팹 건설·양산; ASML EUV·DUV 공급권 확보] || [MANAGER_FOLLOWUP] ending_hook=[공장에 넣을 ASML 장비를 중국 제재 물량까지 포함해 어떻게 선점할지가 남는다.] => [AI·HBM·GPU를 태우가 독식해 앞으로 20년 성장동력으로 만들 수 있는가?] || opened_loops=[해외 팹 건설·양산; ASML EUV·DUV 공급권 확보] => [해외 팹 건설·양산; HBM·GPU 개발·한국 공장 착공]"
514,514,89855,90022,EDIT,action;turn_or_reveal;paid_reward;state_change;ending_hook;closed_loops;opened_loops;reader_promise;protagonist_goal,prev L89845~L89854; hard L89855~L90022; next L90023~L90032,"L89855~L90022 원문을 다시 읽어 계획·가능성·협상 전과 실행·서명·소유·지급을 분리하고, 인접 화의 구체 결과를 현재 화의 완료 상태에서 제거했다. [MANAGER_FOLLOWUP] 시작 SHA 7053d49dc7025e48b56daa2b35458965918ffc570cd66be0f87f4239992581f8와 현재 화 hard line을 대조해 11개 narrative field 중 8개를 교정했다.","action=[레거시 공장 물량을 배분한 뒤 ASML을 찾아 EUV 장비 선점 협상에 들어간다] => [해외 레거시 공장별 생산품을 배분하고 ASML 장비 선점을 위해 피터슨을 직접 만나기로 정한 뒤 베트남·인도 출장길에 오른다.] || turn_or_reveal=[중국 제재로 비는 장비를 가로채면 반도체 대란 때 태우 영향력이 국가 수준을 넘는다는 승부처가 명확해진다.] => [중국 제재로 비는 장비를 선점하면 반도체 대란 때 태우 영향력이 국가 수준을 넘을 수 있지만, ASML 협상은 아직 시작 전이다.] || paid_reward=[레거시 공장 물량 배분을 끝내고 피터슨과의 ASML 증설·공급권 협상에 들어간다.] => [레거시 공장별 생산품과 필요한 장비 방향을 정하고 피터슨과 직접 협상할 출장 일정을 잡는다. ASML 공급권·증설 합의는 아직 없다.] || state_change=[추상적 해외 증설안이 공장별 생산품과 필요한 장비 수량을 정한 실행계획으로 좁혀진다.] => [추상적 해외 증설안이 공장별 생산품과 장비수요를 정한 실행계획으로 좁혀지고, 다음 직접협상으로 이동한다.] || ending_hook=[피터슨이 증설비 지원을 대가로 기존·신규 EUV의 과반 공급을 내줄지가 걸린다.] => [피터슨을 직접 만나 ASML 증설비와 기존·신규 EUV·DUV 공급비율을 거래할 수 있는가?] || closed_loops=[해외 팹 생산품 배분.] => [해외 팹 생산품 배분; ASML 직접협상 결정] || opened_loops=[ASML 증설비 부담과 EUV·DUV 공급비율 계약.] => [피터슨 면담; ASML 증설비 부담과 EUV·DUV 공급비율 계약] || [MANAGER_FOLLOWUP] reader_promise=[중국으로 갈 ASML 장비를 태우가 먼저 받아 반도체 대란 때 국가보다 큰 공급력을 갖는 약속.] => [해외 팹의 장비병목을 확인하고 김민재가 ASML 직접 협상에 나서는 약속.] || protagonist_goal=[ASML 증설과 장비 배분 조건을 협상해 해외 공장에 필요한 EUV 물량을 확보한다.] => [해외 팹에 필요한 ASML 장비 공급을 직접 협상한다.] || action=[해외 레거시 공장별 생산품을 배분하고 ASML 장비 선점을 위해 피터슨을 직접 만나기로 정한 뒤 베트남·인도 출장길에 오른다.] => [곡물시장 비판 보도를 확인하고 해외 팹 진출은 계속 밀되, ASML과 추가 협상이 필요하다는 보고에 김민재가 직접 나서겠다고 정한다.] || turn_or_reveal=[중국 제재로 비는 장비를 선점하면 반도체 대란 때 태우 영향력이 국가 수준을 넘을 수 있지만, ASML 협상은 아직 시작 전이다.] => [언론의 오너리스크 공세와 중국 배후 의심에도 계획을 바꾸지 않고, ASML 협상 뒤 베트남·인도 계약까지 직접 잇기로 한다.] || paid_reward=[레거시 공장별 생산품과 필요한 장비 방향을 정하고 피터슨과 직접 협상할 출장 일정을 잡는다. ASML 공급권·증설 합의는 아직 없다.] => [비판 여론에도 곡물·해외 팹 계획을 유지하고, ASML 장비 문제를 김민재가 직접 협상하기로 정한다. 상대와 장비별 조건은 아직 나오지 않는다.] || state_change=[추상적 해외 증설안이 공장별 생산품과 장비수요를 정한 실행계획으로 좁혀지고, 다음 직접협상으로 이동한다.] => [해외 팹 구상이 언론 비판을 버티며 ASML 직접 협상과 베트남·인도 방문 일정으로 진전되지만 장비 공급계약은 전이다.] || ending_hook=[피터슨을 직접 만나 ASML 증설비와 기존·신규 EUV·DUV 공급비율을 거래할 수 있는가?] => [김민재가 직접 나선 ASML 협상에서 해외 팹에 필요한 장비 공급을 어떤 조건으로 확보할 것인가?] || opened_loops=[피터슨 면담; ASML 증설비 부담과 EUV·DUV 공급비율 계약] => [ASML 직접 협상; 해외 팹 장비 공급; 베트남·인도 계약]"
515,515,90023,90196,PASS,"",prev L90013~L90022; hard L90023~L90196; next L90197~L90206,"현재 action·turn_or_reveal·paid_reward·state_change·ending_hook·closed_loops·opened_loops가 하드 경계와 일치하며, 계획·계약 전 상태나 인접 화 결과를 완료로 선취하지 않는다.",""
516,516,90197,90378,EDIT,ending_hook;opened_loops,prev L90187~L90196; hard L90197~L90378; next L90379~L90388,L90197~L90378의 실제 마지막 프레임만 남겨 다음 화의 인물·금액·계약·결과를 훅과 열린 루프에서 의미상 선취하지 않도록 고쳤다.,"ending_hook=[구축비 손실을 감수하면서도 5G를 지킬 수 있는지, 일본 충돌이 이 공급망을 얼마나 시험할지가 남는다.] => [손실을 감수한 28GHz 전국망과 스타링크 협업으로 통신·자율주행 기반을 실제 구축할 수 있는가?] || opened_loops=[일본 초계기 충돌 이후 소재 비축·금융 역공.] => [28GHz 전국망 구축; 스타링크 협업 조건·보완망]"
517,517,90379,90540,EDIT,action;paid_reward;state_change;closed_loops;opened_loops,prev L90369~L90378; hard L90379~L90540; next L90541~L90550,"L90379~L90540 원문을 다시 읽어 계획·가능성·협상 전과 실행·서명·소유·지급을 분리하고, 인접 화의 구체 결과를 현재 화의 완료 상태에서 제거했다.","action=[일본 초계기 갈등을 계기로 일본 소재를 2~10배 비축하고 관련주 공매도를 준비한다] => [일본 초계기 갈등을 계기로 일본 소재를 2~10배 비축하고 관련주 공매도를 준비한 뒤, 내부정보를 구하러 명동으로 향한다.] || paid_reward=[일본산 소재의 비축 배수가 정해지고 관련주 공매도와 이영한 투입이 승인된다.] => [일본산 소재의 비축 배수와 관련주 공매도 방향을 정하고 명동 정보망에 접근한다. 이영한의 실제 정보수집·작전 투입은 아직 전이다.] || state_change=[한일 갈등을 지켜보던 상태에서 실물 재고와 금융 숏, 명동 정보망을 갖춘 선제 대응으로 이동한다.] => [한일 갈등을 지켜보던 상태에서 실물 재고와 금융 숏을 준비하고, 일본 내부정보를 얻기 위한 명동 접촉 단계로 이동한다.] || closed_loops=[소재 비축·공매도 방침.] => [소재 비축·공매도 방침; 명동 방문] || opened_loops=[명동의 일본 정보수집과 대체소재 동맹.] => [이영한의 일본 정보수집; 야쿠자·정계 약점; 대체소재 동맹]"
518,518,90541,90722,PASS,"",prev L90531~L90540; hard L90541~L90722; next L90723~L90732,"현재 action·turn_or_reveal·paid_reward·state_change·ending_hook·closed_loops·opened_loops가 하드 경계와 일치하며, 계획·계약 전 상태나 인접 화 결과를 완료로 선취하지 않는다.",""
519,519,90723,90882,EDIT,action;paid_reward;state_change;ending_hook;closed_loops;opened_loops,prev L90713~L90722; hard L90723~L90882; next L90883~L90892,"L90723~L90882 원문을 다시 읽어 계획·가능성·협상 전과 실행·서명·소유·지급을 분리하고, 인접 화의 구체 결과를 현재 화의 완료 상태에서 제거했다.","action=[듀폰 현지화를 타진하고 일본의 대북 밀수 영상·자금 증거를 강 대위와 모은다] => [듀폰 현지화를 타진하고 강 대위에게 자금세탁 추적장비·초소형 카메라를 건네 일본 대북밀수 증거수집 작전을 시작한다.] || paid_reward=[듀폰 현지화 협상창과 일본 대북밀수 영상·자금 증거가 함께 확보된다.] => [듀폰 현지화 협상창과 대북밀수 증거를 모을 장비·인력·작전경로를 마련한다. 영상·자금증거 확보와 공개는 아직 전이다.] || state_change=[일본 소재를 비축하는 수세에서 미국 대체업체와 외교 폭로카드를 가진 공세로 바뀐다.] => [일본 소재를 비축하는 수세에서 미국 대체업체 협상과 대북밀수 증거수집 작전을 병행하는 공세 준비로 바뀐다.] || ending_hook=[듀폰이 어떤 지분·투자 조건으로 한국 공장을 세울지, 일본이 실제 배신할 소재기업을 흡수할지가 열린다.] => [강 대위 팀이 실제 대북밀수 영상·자금흐름을 확보하고 듀폰과 한국 공장 조건을 합의할 수 있는가?] || closed_loops=[일본 밀수증거 수집과 듀폰 협상 착수.] => [증거수집 장비·작전 준비; 듀폰 협상 착수] || opened_loops=[듀폰 계약, 일본 소재기업의 한국 이전.] => [대북밀수 증거 확보·공개; 듀폰 계약; 일본 소재기업 한국 이전]"
520,520,90883,91041,EDIT,action;turn_or_reveal;paid_reward;state_change;closed_loops;opened_loops,prev L90873~L90882; hard L90883~L91041; next L91042~L91051,"L90883~L91041 원문을 다시 읽어 계획·가능성·협상 전과 실행·서명·소유·지급을 분리하고, 인접 화의 구체 결과를 현재 화의 완료 상태에서 제거했다.","action=[듀폰에 2천만 달러와 지분 30퍼센트로 한국 EUV 포토레지스트 공장을 세운다] => [듀폰과 6천만 달러 한국 포토레지스트 공장 건설에 합의하고 태우가 2천만 달러를 대 지분 30퍼센트를 받으며, 기존 태우 공장을 임시 생산거점으로 내준다.] || turn_or_reveal=[일본 정부가 자국 기업을 버리는 순간 한국이 손을 내밀면 소재기업까지 통째로 이전시킬 수 있다는 덫이 완성된다.] => [듀폰 연구팀의 한국 이전과 신공장 건설계약은 확정되지만, 실제 공장 완공·생산은 아직 남는다.] || paid_reward=[태우 2천만 달러 투자·듀폰 지분 30퍼센트 조건으로 한국 EUV 포토레지스트 공장이 확정된다.] => [듀폰 한국 공장 건설계약, 태우 2천만 달러 투자·지분 30퍼센트, 기존 공장의 임시 생산사용과 연구팀 이전 약속을 얻는다.] || state_change=[대체소재가 협상 아이디어에서 한국 내 생산공장과 태우 지분이 있는 실물 자산으로 바뀐다.] => [대체소재 아이디어가 서명된 현지화 계약과 임시 생산거점으로 바뀌지만, 신공장이라는 실물 자산은 건설 전이다.] || closed_loops=[듀폰 현지화 계약.] => [듀폰 현지화·투자·지분 계약; 임시 생산거점 제공] || opened_loops=[일본 수출규제 발동과 소재기업 한국 이전.] => [듀폰 신공장 건설·가동; 연구팀 이전; 일본 수출규제와 소재기업 이전]"
521,521,91042,91200,EDIT,state_change;ending_hook;closed_loops;opened_loops,prev L91032~L91041; hard L91042~L91200; next L91201~L91210,"L91042~L91200 원문을 다시 읽어 계획·가능성·협상 전과 실행·서명·소유·지급을 분리하고, 인접 화의 구체 결과를 현재 화의 완료 상태에서 제거했다.","state_change=[예측만 하던 감염병 대비가 진단·백신 연구와 대량생산 설비를 가진 선행 체계로 바뀐다.] => [진단·백신 연구와 제약공장 증설이 연구·공사 중인 선행체계로 구체화되지만, 대량생산 설비 완공은 아직 전이다.] || ending_hook=[완성된 시설이 실제 코로나에 맞을지, 농업과 중국 보조금까지 어떻게 선점할지가 열린다.] => [공사 중인 제약시설과 진단·백신 연구를 실제 팬데믹 대응력으로 완성하고, 농업·식량 선행투자까지 이어 갈 수 있는가?] || closed_loops=[센트리언 증설 결정.] => [센트리언 연구·증설 결정과 공사 진행] || opened_loops=[백신·진단 성과, 식량·농업 강화, 중국 보조금 역이용.] => [제약시설 완공·가동; 백신·진단 성과; 식량·농업 강화]"
522,522,91201,91367,EDIT,action;turn_or_reveal;paid_reward;state_change;ending_hook;closed_loops;opened_loops,prev L91191~L91200; hard L91201~L91367; next L91368~L91377,"L91201~L91367 원문을 다시 읽어 계획·가능성·협상 전과 실행·서명·소유·지급을 분리하고, 인접 화의 구체 결과를 현재 화의 완료 상태에서 제거했다. [MANAGER_FOLLOWUP] 시작 SHA 7053d49dc7025e48b56daa2b35458965918ffc570cd66be0f87f4239992581f8와 현재 화 hard line을 대조해 11개 narrative field 중 6개를 교정했다.","action=[수감된 이 상무에게 가짜·도난 반도체 기술을 건네 중국 보조금 사냥꾼으로 쓴다] => [수감된 이 상무가 물 만한 가짜·도난 반도체 기술 USB와 간접 전달경로를 설계해 중국 보조금 사냥의 미끼를 준비한다.] || turn_or_reveal=[진짜 생산에는 쓸모없는 기술도 중국 보조금 심사에는 그럴듯해 보이면 이 상무의 탐욕을 움직일 수 있다.] => [진짜 생산에는 쓸모없는 기술도 중국 보조금 심사에는 그럴듯해 보이지만, USB 전달과 이 상무의 반응은 아직 남는다.] || paid_reward=[가짜·도난 기술 USB와 간접 전달경로가 설계되고 이 상무를 보조금 사냥꾼으로 쓰기로 한다.] => [가짜·도난 기술 USB와 간접 전달경로, 이 상무를 보조금 사냥꾼으로 쓸 계획을 완성한다. 실제 전달·가짜 팹 설립은 아직 전이다.] || state_change=[수감된 원수가 무력한 상태에서 중국 자금을 갉아먹는 대리도구로 재배치된다.] => [수감된 원수를 중국 자금을 갉아먹는 대리도구로 쓸 계획이 마련되지만, 아직 미끼를 전달하지 않은 준비 상태다.] || ending_hook=[이 상무가 미끼를 물고 몇 개의 가짜 팹을 만들지, 중국이 언제 속임수를 눈치챌지가 남는다.] => [USB가 이 상무에게 실제 전달되고 그가 미끼를 물어 가짜 팹을 만들 것인가?] || closed_loops=[이 상무 활용계획과 가짜 기술 준비.] => [이 상무 활용계획; 가짜 기술 USB·간접경로 준비] || opened_loops=[USB 전달, 가짜 팹 확산, 중국 보조금 고갈.] => [USB 전달; 이 상무의 수락; 가짜 팹 확산; 중국 보조금 고갈] || [MANAGER_FOLLOWUP] action=[수감된 이 상무가 물 만한 가짜·도난 반도체 기술 USB와 간접 전달경로를 설계해 중국 보조금 사냥의 미끼를 준비한다.] => [수감된 이 상무의 욕심과 간접 전달경로를 이용해 중국 각지에 가짜 반도체 공장을 만들 보조금 사냥 미끼를 설계한다.] || turn_or_reveal=[진짜 생산에는 쓸모없는 기술도 중국 보조금 심사에는 그럴듯해 보이지만, USB 전달과 이 상무의 반응은 아직 남는다.] => [실제 생산에는 쓸모없지만 보조금 심사에는 그럴듯해 보일 기술미끼와 전달경로가 필요하고, 이 상무의 반응은 남는다.] || paid_reward=[가짜·도난 기술 USB와 간접 전달경로, 이 상무를 보조금 사냥꾼으로 쓸 계획을 완성한다. 실제 전달·가짜 팹 설립은 아직 전이다.] => [이 상무를 보조금 사냥꾼으로 쓸 기술미끼·간접 전달경로 계획을 완성한다. 실제 전달·가짜 팹 설립은 전이다.] || ending_hook=[USB가 이 상무에게 실제 전달되고 그가 미끼를 물어 가짜 팹을 만들 것인가?] => [설계한 기술미끼가 이 상무에게 전달되고 그가 욕심을 부려 가짜 팹을 만들 것인가?] || closed_loops=[이 상무 활용계획; 가짜 기술 USB·간접경로 준비] => [이 상무 활용계획; 기술미끼·간접경로 설계] || opened_loops=[USB 전달; 이 상무의 수락; 가짜 팹 확산; 중국 보조금 고갈] => [기술미끼 전달; 이 상무의 수락; 가짜 팹 확산; 중국 보조금 고갈]"
523,523,91368,91543,PASS,"",prev L91358~L91367; hard L91368~L91543; next L91544~L91553,"현재 action·turn_or_reveal·paid_reward·state_change·ending_hook·closed_loops·opened_loops가 하드 경계와 일치하며, 계획·계약 전 상태나 인접 화 결과를 완료로 선취하지 않는다.",""
524,524,91544,91711,PASS,"",prev L91534~L91543; hard L91544~L91711; next L91712~L91721,"현재 action·turn_or_reveal·paid_reward·state_change·ending_hook·closed_loops·opened_loops가 하드 경계와 일치하며, 계획·계약 전 상태나 인접 화 결과를 완료로 선취하지 않는다.",""
525,525,91712,91878,PASS,"",prev L91702~L91711; hard L91712~L91878; next L91879~L91888,"현재 action·turn_or_reveal·paid_reward·state_change·ending_hook·closed_loops·opened_loops가 하드 경계와 일치하며, 계획·계약 전 상태나 인접 화 결과를 완료로 선취하지 않는다.",""
526,526,91879,92060,PASS,"",prev L91869~L91878; hard L91879~L92060; next L92061~L92070,"현재 action·turn_or_reveal·paid_reward·state_change·ending_hook·closed_loops·opened_loops가 하드 경계와 일치하며, 계획·계약 전 상태나 인접 화 결과를 완료로 선취하지 않는다.",""
527,527,92061,92243,PASS,"",prev L92051~L92060; hard L92061~L92243; next L92244~L92253,"현재 action·turn_or_reveal·paid_reward·state_change·ending_hook·closed_loops·opened_loops가 하드 경계와 일치하며, 계획·계약 전 상태나 인접 화 결과를 완료로 선취하지 않는다.",""
528,528,92244,92424,PASS,"",prev L92234~L92243; hard L92244~L92424; next L92425~L92434,"현재 action·turn_or_reveal·paid_reward·state_change·ending_hook·closed_loops·opened_loops가 하드 경계와 일치하며, 계획·계약 전 상태나 인접 화 결과를 완료로 선취하지 않는다.",""
529,529,92425,92586,PASS,"",prev L92415~L92424; hard L92425~L92586; next L92587~L92596,"현재 action·turn_or_reveal·paid_reward·state_change·ending_hook·closed_loops·opened_loops가 하드 경계와 일치하며, 계획·계약 전 상태나 인접 화 결과를 완료로 선취하지 않는다.",""
530,530,92587,92760,EDIT,action;turn_or_reveal;paid_reward;state_change;ending_hook;closed_loops;opened_loops,prev L92577~L92586; hard L92587~L92760; next L92761~L92770,"L92587~L92760 원문을 다시 읽어 계획·가능성·협상 전과 실행·서명·소유·지급을 분리하고, 인접 화의 구체 결과를 현재 화의 완료 상태에서 제거했다.","action=[대북밀수 증거를 공개하고 이영한이 일본 소재기업을 부채·이전 계약으로 포획한다] => [일본 대북밀수 증거를 공개하고 이영한에게 소재기업의 부채를 사들여 한국 이전을 유도하라고 지시하며, 국산 불화수소 소량생산을 확인한다.] || turn_or_reveal=[태우의 10년 연구·인력으로 국산화가 가능하다는 판단이 서며 공개 반격과 기업포획을 병행할 수 있다.] => [대북밀수 폭로와 채무압박 작전은 시작됐지만 소재기업 이전계약은 없고, 12나인 불화수소도 대량생산·공개 전이다.] || paid_reward=[대북밀수 영상·자금증거가 공개되고 이영한의 채무압박 대상 업체가 특정된다.] => [대북밀수 영상·자금증거를 공개하고 채무압박 대상 기업을 정하며 국산 불화수소 소량생산을 확인한다.] || state_change=[소재를 수입하는 한국이 일본의 제재명분과 공급기업 재무를 동시에 공격하는 쪽으로 뒤집힌다.] => [일본의 제재명분과 소재기업 재무를 동시에 공격하기 시작하지만, 기업 소유권과 불화수소 대량공급은 아직 확보 전이다.] || ending_hook=[12나인 불화수소 양산을 언제 공개해 일본의 핵심 병목을 끝낼지가 다음 봉우리다.] => [소량생산한 12나인 불화수소를 대량공급으로 키워 공개하고, 채무압박을 실제 한국 이전계약으로 바꿀 수 있는가?] || closed_loops=[대북밀수 폭로와 포획작전 착수.] => [대북밀수 폭로; 소재기업 채무압박 착수; 불화수소 소량생산 확인] || opened_loops=[불화수소 양산 공개, 일본 규제 철회, 소재기업 이전.] => [불화수소 대량생산·공개; 일본 규제 철회; 소재기업 이전계약]"
531,531,92761,92938,EDIT,ending_hook;opened_loops;reader_promise;action;paid_reward;closed_loops,prev L92751~L92760; hard L92761~L92938; next L92939~L92948,L92761~L92938의 실제 마지막 프레임만 남겨 다음 화의 인물·금액·계약·결과를 훅과 열린 루프에서 의미상 선취하지 않도록 고쳤다. [MANAGER_FOLLOWUP] 시작 SHA 7053d49dc7025e48b56daa2b35458965918ffc570cd66be0f87f4239992581f8와 현재 화 hard line을 대조해 11개 narrative field 중 4개를 교정했다.,"ending_hook=[질의응답에서 태우가 현재 수요의 몇 퍼센트를 책임지고 언제 전량 대체할지가 남는다.] => [발표 뒤 질의응답에서 실제 공급범위·전량대체 시점과 남은 소재 카드를 어디까지 공개할 것인가?] || opened_loops=[삼진 공급량, 전량 대체 일정, 일본의 규제철회 반응.] => [삼진 공급범위; 전량대체 일정; 남은 소재 카드; 일본 반응] || [MANAGER_FOLLOWUP] reader_promise=[12나인 불화수소 양산을 국민과 시장 앞에 공개해 일본 독점의 첫 고리를 끊는 보상.] => [국산 불화수소 양산을 국민과 시장 앞에 공개해 일본 독점의 첫 고리를 끊는 보상.] || action=[미국 지지를 확인한 뒤 12나인 불화수소 양산을 기자회견으로 발표한다] => [미국 지지를 확인한 뒤 국산 불화수소 양산을 기자회견으로 발표한다.] || paid_reward=[12나인 불화수소 양산 성공이 기자회견으로 공인되고 일본 독점의 기술우위가 깨진다.] => [국산 불화수소 양산 성공이 기자회견으로 공인되고 일본 독점의 기술우위가 깨진다.] || closed_loops=[12나인 양산 성공의 공개 검증.] => [국산 불화수소 양산 성공의 공개 검증]"
532,532,92939,93115,EDIT,ending_hook;opened_loops,prev L92929~L92938; hard L92939~L93115; next L93116~L93125,L92939~L93115의 실제 마지막 프레임만 남겨 다음 화의 인물·금액·계약·결과를 훅과 열린 루프에서 의미상 선취하지 않도록 고쳤다.,"ending_hook=[포토레지스트·폴리이미드가 아직 막힌 가운데 일본 소재기업을 직접 빼올 변수가 기다린다.] => [불화수소 70퍼센트 공급과 6개월 내 전량대체 발표 뒤, 남은 포토레지스트·폴리이미드와 일본의 다음 대응은 어떻게 바뀔 것인가?] || opened_loops=[나머지 소재 자립, 일본 기업 이전, 추가 규제철회.] => [나머지 두 소재 자립; 일본의 추가 규제철회·대응; 소재기업 이전]"
533,533,93116,93279,PASS,"",prev L93106~L93115; hard L93116~L93279; next L93280~L93289,"현재 action·turn_or_reveal·paid_reward·state_change·ending_hook·closed_loops·opened_loops가 하드 경계와 일치하며, 계획·계약 전 상태나 인접 화 결과를 완료로 선취하지 않는다.",""
534,534,93280,93453,EDIT,action;paid_reward;state_change;closed_loops;opened_loops,prev L93270~L93279; hard L93280~L93453; next L93454~L93463,"L93280~L93453 원문을 다시 읽어 계획·가능성·협상 전과 실행·서명·소유·지급을 분리하고, 인접 화의 구체 결과를 현재 화의 완료 상태에서 제거했다.","action=[아키토의 한국공장·지분 양도를 받고 같은 방식으로 일본 소재기업 네 곳을 확보한다] => [아키토의 한국공장·지분 양도를 받고 사우디 자금을 섞어 일본 소재기업 네 곳을 같은 방식으로 포획할 계약안을 짠다.] || paid_reward=[아키토의 한국공장·지분 양도와 추가 네 업체 포획안이 합의된다.] => [아키토의 한국공장·지분 양도계약과 추가 네 업체 포획안을 얻는다. 네 업체의 실제 계약·소유권은 아직 없다.] || state_change=[일본 업체를 압박만 하던 상태에서 한국 생산거점과 지분을 실제로 지배하는 상태로 바뀐다.] => [아키토의 한국 생산거점과 지분은 실제 지배하게 되지만, 추가 네 업체는 계약 전 목표로 남는다.] || closed_loops=[아키토 이전·지분 계약.] => [아키토 이전·지분 계약] || opened_loops=[추가 네 업체 계약과 일본 정부의 확전 대응.] => [추가 네 업체 협상·계약; 일본 정부의 확전 대응]"
535,535,93454,93619,EDIT,ending_hook;opened_loops,prev L93444~L93453; hard L93454~L93619; next L93620~L93629,L93454~L93619의 실제 마지막 프레임만 남겨 다음 화의 인물·금액·계약·결과를 훅과 열린 루프에서 의미상 선취하지 않도록 고쳤다.,"ending_hook=[일본 금융공격이 시작될 때 100조 대출·통화스와프·태우상사 매입이 어떻게 작동할지가 열린다.] => [일본이 선박·금융 전장으로 확전하면 소재대체선과 금융타워의 우위를 실제 방어·수익으로 바꿀 수 있는가?] || opened_loops=[일본 금융공격, 한국 유동성 방어, 일본자산 저점매수.] => [일본 금융·선박 공격; 한국 유동성 방어; 일본자산 저점매수]"
536,536,93620,93775,EDIT,action;paid_reward;state_change;ending_hook;closed_loops;opened_loops,prev L93610~L93619; hard L93620~L93775; next L93776~L93785,"L93620~L93775 원문을 다시 읽어 계획·가능성·협상 전과 실행·서명·소유·지급을 분리하고, 인접 화의 구체 결과를 현재 화의 완료 상태에서 제거했다.","action=[일본 금융공격에 100조 원 대출과 미국 통화스와프로 철통 방어한다] => [일본 금융공격 가능성에 50~60조 원대 국내 유동성과 미국 통화스와프 방어선을 짜고 태우상사의 손실·매입기회를 점검한다.] || paid_reward=[100조 원 유동성 공급과 미국 통화스와프 방어선, 태우상사 매입계획이 가동된다.] => [국내 유동성 공급과 미국 통화스와프 방어계획, 태우상사 매입계획을 마련한다. 실제 금융공격·집행·흑자전환은 아직 전이다.] || state_change=[일본 금융제재에 노출된 시장이 금융타워·명동·미국 달러망을 가진 방어체제로 바뀐다.] => [일본 금융제재에 노출된 시장이 금융타워·명동·미국 달러망을 동원할 방어계획을 갖추지만, 계획은 실행 전이다.] || ending_hook=[실물·금융 방어 뒤 후쿠시마 오염수를 국제 의제로 키워 일본 비용을 더 늘릴지가 열린다.] => [일본 금융공격이 현실화되면 방어선을 집행하고 태우상사의 누적 적자를 수익으로 뒤집을 수 있는가?] || closed_loops=[한국 유동성 방어계획 실행.] => [한국 유동성·통화스와프 방어계획; 태우상사 대응안] || opened_loops=[태우상사 흑자전환과 오염수 국제공세.] => [일본 금융공격; 방어 집행; 태우상사 흑자전환]"
537,537,93776,93953,EDIT,action;paid_reward;state_change;closed_loops;opened_loops,prev L93766~L93775; hard L93776~L93953; next L93954~L93963,"L93776~L93953 원문을 다시 읽어 계획·가능성·협상 전과 실행·서명·소유·지급을 분리하고, 인접 화의 구체 결과를 현재 화의 완료 상태에서 제거했다.","action=[러시아 로만을 통해 후쿠시마 오염수 문제를 국제 의제로 키운다] => [로만에게 후쿠시마 오염수 문제를 러시아 고위층에 보고하고 국제 압박에 협력해 달라고 요청해 약속을 받는다.] || paid_reward=[로만과의 공조가 성립하고 러시아발 오염수 문제 제기가 준비된다.] => [로만의 협력·보고 약속과 러시아발 문제 제기 통로를 얻는다. 실제 국제 의제화·조사·압박은 아직 전이다.] || state_change=[양국 소재·금융전이 일본 원전의 장기 국제책임을 묻는 다자전으로 확대된다.] => [양국 소재·금융전이 일본 원전 책임을 국제문제로 만들 협력안으로 확대되지만, 다자전 실행은 시작 전이다.] || closed_loops=[러시아 공조 확보.] => [로만의 협력·보고 약속] || opened_loops=[리강의 중국 공조, 국제조사·환경압박.] => [러시아의 실제 문제 제기; 중국 공조; 국제조사·환경압박]"
538,538,93954,94124,PASS,"",prev L93944~L93953; hard L93954~L94124; next L94125~L94134,"현재 action·turn_or_reveal·paid_reward·state_change·ending_hook·closed_loops·opened_loops가 하드 경계와 일치하며, 계획·계약 전 상태나 인접 화 결과를 완료로 선취하지 않는다.",""
539,539,94125,94313,PASS,"",prev L94115~L94124; hard L94125~L94313; next L94314~L94323,"현재 action·turn_or_reveal·paid_reward·state_change·ending_hook·closed_loops·opened_loops가 하드 경계와 일치하며, 계획·계약 전 상태나 인접 화 결과를 완료로 선취하지 않는다.",""
540,540,94314,94486,EDIT,ending_hook;opened_loops,prev L94304~L94313; hard L94314~L94486; next L94487~L94496,L94314~L94486의 실제 마지막 프레임만 남겨 다음 화의 인물·금액·계약·결과를 훅과 열린 루프에서 의미상 선취하지 않도록 고쳤다.,ending_hook=[우한에서 들어올 신종병 정보가 계획한 코로나 수확의 실제 출발점이 될지가 걸린다.] => [예상한 팬데믹 수익을 실제로 확보해 HBM·양자·AI 무제한 투자의 위험과 시간을 감당할 수 있는가?] || opened_loops=[우한 신종 코로나 탐지와 진단·백신 개발.] => [팬데믹 수익 실현; HBM·양자·AI 투자 집행·성과]
541,541,94487,94679,EDIT,reader_promise;action;paid_reward;opened_loops,prev L94477~L94486; hard L94487~L94679; next L94680~L94689,"현재 action·turn_or_reveal·paid_reward·state_change·ending_hook·closed_loops·opened_loops가 하드 경계와 일치하며, 계획·계약 전 상태나 인접 화 결과를 완료로 선취하지 않는다. [MANAGER_FOLLOWUP] 시작 SHA 7053d49dc7025e48b56daa2b35458965918ffc570cd66be0f87f4239992581f8와 현재 화 hard line을 대조해 11개 narrative field 중 4개를 교정했다.","[MANAGER_FOLLOWUP] reader_promise=[중국 발표 전 병원데이터로 신종 코로나를 잡아 세계 최초의 진단·백신 대응시간을 얻는 약속.] => [중국 발표 전 병원데이터로 신종 코로나를 잡아 세계 최초의 검사키트·백신·치료제 대응시간을 얻는 약속.] || action=[태우병원 이동수 의료진이 우한에서 신종 코로나를 탐지하고 센트리언이 백신·진단 개발에 착수한다] => [태우병원 이동수 의료진이 우한에서 신종 코로나를 탐지하고 센트리언이 검사키트·백신·치료제 연구에 착수한다.] || paid_reward=[이동수의 이상감염 보고가 센트리언에 전달되고 진단키트·백신 개발팀이 가동된다.] => [이동수의 이상감염 보고가 센트리언에 전달되고 검사키트·백신·치료제 개발팀이 가동된다.] || opened_loops=[진단키트 성공, 의료진 격리·귀국, 중국 공식발표 전 대응.] => [검사키트 성공; 의료진 격리·귀국; 중국 공식발표 전 대응] || [MANAGER_FOLLOWUP] reader_promise=[중국 발표 전 병원데이터로 신종 코로나를 잡아 세계 최초의 진단·백신 대응시간을 얻는 약속.] => [중국 발표 전 병원데이터로 신종 코로나를 잡아 세계 최초의 검사키트·백신·치료제 대응시간을 얻는 약속.] || action=[태우병원 이동수 의료진이 우한에서 신종 코로나를 탐지하고 센트리언이 백신·진단 개발에 착수한다] => [태우병원 이동수 의료진이 우한에서 신종 코로나를 탐지하고 센트리언이 검사키트·백신·치료제 연구에 착수한다.] || paid_reward=[이동수의 이상감염 보고가 센트리언에 전달되고 진단키트·백신 개발팀이 가동된다.] => [이동수의 이상감염 보고가 센트리언에 전달되고 검사키트·백신·치료제 개발팀이 가동된다.] || opened_loops=[진단키트 성공, 의료진 격리·귀국, 중국 공식발표 전 대응.] => [검사키트 성공; 의료진 격리·귀국; 중국 공식발표 전 대응]"
542,542,94680,94849,PASS,"",prev L94670~L94679; hard L94680~L94849; next L94850~L94859,"현재 action·turn_or_reveal·paid_reward·state_change·ending_hook·closed_loops·opened_loops가 하드 경계와 일치하며, 계획·계약 전 상태나 인접 화 결과를 완료로 선취하지 않는다.",""
543,543,94850,95015,PASS,"",prev L94840~L94849; hard L94850~L95015; next L95016~L95025,"현재 action·turn_or_reveal·paid_reward·state_change·ending_hook·closed_loops·opened_loops가 하드 경계와 일치하며, 계획·계약 전 상태나 인접 화 결과를 완료로 선취하지 않는다.",""
544,544,95016,95182,EDIT,ending_hook;opened_loops,prev L95006~L95015; hard L95016~L95182; next L95183~L95192,L95016~L95182의 실제 마지막 프레임만 남겨 다음 화의 인물·금액·계약·결과를 훅과 열린 루프에서 의미상 선취하지 않도록 고쳤다.,"ending_hook=[중국이 검역완화를 요구할 때 최재석이 경제압박보다 방역을 지킬지가 열린다.] => [국가 검역 투입이 승인된 자가진단키트가 실제 첫 감염자를 잡고 태우·정부의 공조를 세계적 방역우위로 만들 수 있는가?] || opened_loops=[첫 환자 탐지, 중국의 완화압박, 세계 주문.] => [자가진단키트 실제 검역 투입·첫 환자 탐지; 세계 주문; 정부·태우 공조]"
545,545,95183,95364,EDIT,ending_hook;opened_loops,prev L95173~L95182; hard L95183~L95364; next L95365~L95374,L95183~L95364의 실제 마지막 프레임만 남겨 다음 화의 인물·금액·계약·결과를 훅과 열린 루프에서 의미상 선취하지 않도록 고쳤다.,"ending_hook=[중국 공식발표 순간 한국 키트가 첫 환자를 잡아 이 선택을 증명할지가 남는다.] => [한 달 안에 아무 일도 없으면 중국을 찾아 사과하라는 최후통첩 앞에서 한국의 검역거부가 실제 환자 탐지로 입증될 것인가?] || opened_loops=[공식발표, 한국 첫 환자 탐지, 마스크 가격통제.] => [한 달 검증시한; 검역거부의 결과; 중국의 경제압박]"
546,546,95365,95529,EDIT,ending_hook;opened_loops,prev L95355~L95364; hard L95365~L95529; next L95530~L95539,L95365~L95529의 실제 마지막 프레임만 남겨 다음 화의 인물·금액·계약·결과를 훅과 열린 루프에서 의미상 선취하지 않도록 고쳤다.,"ending_hook=[세계 최초 백신·치료제를 만들 마지막 단계와 내부 마스크 유출 위험이 남는다.] => [첫 환자 탐지와 가격통제 뒤, 센트리언이 백신·치료제라는 마지막 수확을 실제 완성할 수 있는가?] || opened_loops=[백신·치료제 개발, 마스크 유출·세계 주문.] => [백신·치료제 개발·승인; 방역물자 수요 확대]"
547,547,95530,95717,EDIT,ending_hook;opened_loops,prev L95520~L95529; hard L95530~L95717; next L95718~L95727,L95530~L95717의 실제 마지막 프레임만 남겨 다음 화의 인물·금액·계약·결과를 훅과 열린 루프에서 의미상 선취하지 않도록 고쳤다.,"ending_hook=[민동규와 유통선을 누가 처벌하고 센트리언 키트가 중국 승인까지 받을지가 남는다.] => [명동으로 끌려간 민동규와 공범을 어떻게 처벌하고, 추가 유출이 없는지 전 재고를 확인할 수 있는가?] || opened_loops=[이영한의 처벌, 중국 수출승인, 재고의 세계공급.] => [민동규·유통선 처벌; 유출물량 회수; 전 재고 감사]"
548,548,95718,95886,EDIT,ending_hook;opened_loops,prev L95708~L95717; hard L95718~L95886; next L95887~L95896,L95718~L95886의 실제 마지막 프레임만 남겨 다음 화의 인물·금액·계약·결과를 훅과 열린 루프에서 의미상 선취하지 않도록 고쳤다.,"ending_hook=[중국 첫 사망과 미국 첫 감염자가 발생할 때 세계 주문이 얼마나 폭증할지가 열린다.] => [키트의 중국 승인·수출 뒤 센트리언 백신 개발과 긴급승인 일정을 얼마나 앞당길 수 있는가?] || opened_loops=[미국 대량주문, 중국 추가요구, 생산능력 확대.] => [백신 개발완료·긴급승인; 진단키트 추가 수출·생산확대]"
549,549,95887,96065,EDIT,action;turn_or_reveal;paid_reward;state_change;ending_hook;closed_loops;opened_loops,prev L95877~L95886; hard L95887~L96065; next L96066~L96075,"L95887~L96065 원문을 다시 읽어 계획·가능성·협상 전과 실행·서명·소유·지급을 분리하고, 인접 화의 구체 결과를 현재 화의 완료 상태에서 제거했다.","action=[중국 첫 사망 뒤 헨더슨 미국대사가 3억 개 키트와 추가 6억 개·마스크를 주문한다] => [미국과 3억 개 진단키트 첫 공급계약을 맺고 추가 6억 개 수요를 논의하며, 마스크 구매 의향과 생산능력을 점검한다.] || turn_or_reveal=[미국 첫 감염자가 발생하자 정부가 공격적으로 움직여 한국 키트를 선택하고 중국도 따라올 수밖에 없어진다.] => [미국은 공격적으로 한국 키트를 선택하지만 추가 6억 개와 마스크는 첫 계약 뒤 이어질 수요·구매계획으로 남는다.] || paid_reward=[미국 3억 개 선주문과 추가 6억 개·마스크 주문이 들어와 센트리언의 세계 공급자 지위가 확정된다.] => [미국 3억 개 진단키트 첫 공급계약을 얻는다. 추가 6억 개와 마스크 주문·계약은 아직 전이다.] || state_change=[중국에 막 진입한 진단키트가 미국 국가수요까지 책임지는 세계적 표준상품으로 급상승한다.] => [중국에 막 진입한 진단키트가 미국 국가수요의 첫 공급계약을 얻지만, 후속 물량과 마스크는 협의 단계다.] || ending_hook=[미국을 본 중국이 기술·IP까지 요구할 때 핵심을 지키며 판매만 할 수 있을지가 남는다.] => [첫 3억 개 계약을 차질 없이 공급하고 추가 6억 개·마스크 구매계획을 실제 계약으로 닫을 수 있는가?] || closed_loops=[미국 진단키트 교두보와 초대형 주문.] => [미국 진단키트 3억 개 첫 계약] || opened_loops=[중국의 기술이전 요구, 일본 의료지원 거래, 생산증설.] => [추가 6억 개 진단키트; 마스크 구매계약; 생산증설]"
550,550,96066,96235,EDIT,ending_hook;opened_loops,prev L96056~L96065; hard L96066~L96235; next L96236~L96245,L96066~L96235의 실제 마지막 프레임만 남겨 다음 화의 인물·금액·계약·결과를 훅과 열린 루프에서 의미상 선취하지 않도록 고쳤다.,"ending_hook=[일본이 감염자를 방치할 때 키트·마스크·백신이 어떤 구조·항복 거래로 쓰일지가 열린다.] => [기술·IP는 지킨 채 완제품을 팔고, 아직 봉쇄·지원거래 전인 일본에 키트·마스크·백신을 어떤 조건으로 쓸 것인가?] || opened_loops=[WHO 비상사태, 다이아 프린스 승객 구조, 세계 백신 경쟁.] => [일본 의료지원 조건; WHO 비상사태; 백신·방역물자 배분]"
551,551,96236,96405,EDIT,ending_hook;opened_loops,prev L96226~L96235; hard L96236~L96405; next L96406~L96415,L96236~L96405의 실제 마지막 프레임만 남겨 다음 화의 인물·금액·계약·결과를 훅과 열린 루프에서 의미상 선취하지 않도록 고쳤다.,"ending_hook=[일본의 방치가 다이아 프린스 승객 구조요청으로 돌아올지, 트럼프가 방역정책을 바꿀지가 남는다.] => [세계 공급품이 된 KF94와 월 10억 장 생산력을 일본의 고집과 팬데믹 확산 속에서 어디에 먼저 배분할 것인가?] || opened_loops=[일본 크루즈 위기, 미국 중국입국금지, 백신 전 세계 배분.] => [일본의 방역정책 변화·의료수요; 미국 입국통제; 백신 배분]"
552,552,96406,96580,EDIT,ending_hook;opened_loops,prev L96396~L96405; hard L96406~L96580; next L96581~L96590,L96406~L96580의 실제 마지막 프레임만 남겨 다음 화의 인물·금액·계약·결과를 훅과 열린 루프에서 의미상 선취하지 않도록 고쳤다.,"ending_hook=[트럼프가 한 달 안에 입장을 바꿀지와 새로운 경주마가 누구일지가 열린다.] => [다음 달 회동에서도 트럼프가 방역기조를 바꾸지 않으면 재선 지원을 철회하고 다른 후보를 검토할 것인가?] || opened_loops=[바이든 접촉, 백신 의무화 약속, 미국 입국통제.] => [다음 달 트럼프 회동·태도 확인; 대체후보 검토; 미국 입국통제]"
553,553,96581,96746,EDIT,paid_reward;state_change;ending_hook;closed_loops;opened_loops,prev L96571~L96580; hard L96581~L96746; next L96747~L96756,"L96581~L96746 원문을 다시 읽어 계획·가능성·협상 전과 실행·서명·소유·지급을 분리하고, 인접 화의 구체 결과를 현재 화의 완료 상태에서 제거했다.","paid_reward=[자국민 수송 승인과 선박·음압텐트·검사팀의 출항준비가 완료된다.] => [최재석의 자국민 구조 승인과 선박·음압텐트·검사팀 준비 착수를 얻는다. 출항·접안·승객 이송은 아직 전이다.] || state_change=[갇힌 승객을 지켜보던 상태에서 대통령 승인 아래 한국이 직접 구조하는 상태로 전환된다.] => [민간 구조안이 대통령 승인 아래 국가작전으로 전환되지만, 구조팀은 준비를 시작한 단계다.] || ending_hook=[다이아 프린스에 접근한 선박이 감염 없이 승객 300명을 데려올 수 있을지가 걸린다.] => [준비한 선박·음압텐트·검사팀이 실제 출항해 다이아 프린스 승객을 감염 없이 데려올 수 있는가?] || closed_loops=[구조작전 승인과 출항준비.] => [구조작전 승인; 선박·음압텐트·검사 준비 착수] || opened_loops=[요코하마 접안·승객 이송·격리, 일본 정부의 반응.] => [출항·요코하마 접안; 승객 이송·격리; 일본 정부 반응]"
554,554,96747,96944,PASS,"",prev L96737~L96746; hard L96747~L96944; next L96945~L96954,"현재 action·turn_or_reveal·paid_reward·state_change·ending_hook·closed_loops·opened_loops가 하드 경계와 일치하며, 계획·계약 전 상태나 인접 화 결과를 완료로 선취하지 않는다.",""
555,555,96945,97147,EDIT,ending_hook;opened_loops,prev L96935~L96944; hard L96945~L97147; next L97148~L97157,L96945~L97147의 실제 마지막 프레임만 남겨 다음 화의 인물·금액·계약·결과를 훅과 열린 루프에서 의미상 선취하지 않도록 고쳤다.,"ending_hook=[석 달 안 백신을 만들 약속과 곧 올 3월 금융폭락이 동시에 남는다.] => [구조 뒤 최재석에게 약속한 석 달 안 백신과 사회적 거리두기 준비를 실제 방역체계로 만들 수 있는가?] || opened_loops=[센트리언 백신완성, 사회적 거리두기, 3월 시장폭락.] => [센트리언 백신완성; 사회적 거리두기·국내 방역]"
556,556,97148,97327,EDIT,ending_hook;opened_loops,prev L97138~L97147; hard L97148~L97327; next L97328~L97337,L97148~L97327의 실제 마지막 프레임만 남겨 다음 화의 인물·금액·계약·결과를 훅과 열린 루프에서 의미상 선취하지 않도록 고쳤다.,"ending_hook=[다우가 얼마나 더 무너지고 국내 집단감염을 백신 전까지 막을 수 있을지가 열린다.] => [AI가 가리킨 3월 대폭락까지 공매도 포지션을 유지하고 국민연금 저점매수 시점을 정확히 잡을 수 있는가?] || opened_loops=[공매도 청산시점, 국민연금 저점매수, 국내 집회발 감염 차단.] => [대폭락·공매도 청산시점; 국민연금 저점매수]"
557,557,97328,97505,EDIT,action;turn_or_reveal;paid_reward;state_change;ending_hook;closed_loops;opened_loops,prev L97318~L97327; hard L97328~L97505; next L97506~L97515,"L97328~L97505 원문을 다시 읽어 계획·가능성·협상 전과 실행·서명·소유·지급을 분리하고, 인접 화의 구체 결과를 현재 화의 완료 상태에서 제거했다.","action=[원격근무 체계를 실전에 성공시키고 종교단체 SNS를 해킹해 대규모 집회를 막는다] => [태우 계열사의 원격근무가 정상 작동하는지 확인하고, 대규모 종교집회 위험을 조사하기 위해 천민정에게 SNS 잠입·해킹을 지시한다.] || turn_or_reveal=[백신이 한두 달 뒤면 끝나므로 장기 통제보다 짧은 기간 강압적 수단으로 버티는 판단이 선다.] => [원격근무 체계는 실제 생산성을 지키지만 종교단체 SNS 잠입과 집회 차단은 이제 막 명령된 비밀작전이다.] || paid_reward=[태우 계열사의 원격업무가 정상 작동하고 집회동원망이 흔들려 대규모 모임이 좌절된다.] => [태우 계열사의 원격업무 실전 성공을 확인하고 종교집회 동원망을 조사할 지시를 내린다. 잠입·집회 차단은 아직 전이다.] || state_change=[준비한 원격근무가 실제 생산성을 지키고 민간 해킹이 국내 대형 감염고리를 사전 차단한다.] => [준비한 원격근무는 실제 방어력이 되고, 국내 집단감염 위험은 비밀 조사·잠입 단계로 넘어간다.] || ending_hook=[백신완성 전 남은 한두 달과 산유국 감산실패가 시장을 얼마나 더 흔들지가 남는다.] => [천민정의 팀이 종교단체 SNS에 잠입해 실제 집회 규모와 동원망을 확인하고 감염고리를 막을 수 있는가?] || closed_loops=[원격근무 실전검증과 집회 차단.] => [원격근무 실전검증; 종교집회 위험조사 지시] || opened_loops=[센트리언 백신, OPEC+ 결렬, 국내 방역의 법적 비용.] => [SNS 잠입·동원망 확인; 대규모 집회 차단; 법적 비용]"
558,558,97506,97678,PASS,"",prev L97496~L97505; hard L97506~L97678; next L97679~L97688,"현재 action·turn_or_reveal·paid_reward·state_change·ending_hook·closed_loops·opened_loops가 하드 경계와 일치하며, 계획·계약 전 상태나 인접 화 결과를 완료로 선취하지 않는다.",""
559,559,97679,97865,EDIT,ending_hook;opened_loops,prev L97669~L97678; hard L97679~L97865; next L97866~L97875,L97679~L97865의 실제 마지막 프레임만 남겨 다음 화의 인물·금액·계약·결과를 훅과 열린 루프에서 의미상 선취하지 않도록 고쳤다.,"ending_hook=[백신 발표 전 시장 저점매수와 트럼프·바이든 중 누가 의무화를 받아들일지가 열린다.] => [중증은 막되 감염은 못 막는 백신을 FDA 승인과 실제 접종으로 연결하고, 명동의 저금리 부동산 매입을 약탈 없이 운용할 수 있는가?] || opened_loops=[FDA 승인, 위드코로나 부동산 상승, 미국 경주마 선택.] => [FDA 승인·접종; 위드코로나 전략; 명동 부동산·대출 운용]"
560,560,97866,98046,EDIT,ending_hook;opened_loops,prev L97856~L97865; hard L97866~L98046; next L98047~L98056,L97866~L98046의 실제 마지막 프레임만 남겨 다음 화의 인물·금액·계약·결과를 훅과 열린 루프에서 의미상 선취하지 않도록 고쳤다.,"ending_hook=[미국에서 트럼프의 백신 회의론을 직접 확인한 뒤 경주마를 바꿀지가 다음 질문이다.] => [방역정책을 거래조건으로 받아들일 미국 대선후보가 누구인지 직접 만나 시험할 차례다.] || opened_loops=[공매도 잔여청산, 미국 후보 면담, 백신 의무화.] => [미국 후보 면담·선택; 백신 의무화 조건; 공매도 잔여청산]"
561,561,98047,98227,EDIT,paid_reward;state_change;closed_loops;opened_loops,prev L98037~L98046; hard L98047~L98227; next L98228~L98237,"L98047~L98227 원문을 다시 읽어 계획·가능성·협상 전과 실행·서명·소유·지급을 분리하고, 인접 화의 구체 결과를 현재 화의 완료 상태에서 제거했다.","paid_reward=[공매도 80퍼센트 청산과 제2 금융타워 건립이 확정되지만 트럼프의 백신협력은 얻지 못한다.] => [공매도 80퍼센트 청산과 제2 금융타워 건립 결정을 확정하지만, 건물 완공과 트럼프의 백신협력은 아직 없다.] || state_change=[폭락 베팅은 대형 실물건물과 매수자금으로 환전되고 트럼프 동맹은 첫 명확한 균열을 맞는다.] => [폭락 베팅 수익을 제2 금융타워 건립계획과 저점매수 자금으로 돌리고 트럼프 동맹에 첫 균열이 난다.] || closed_loops=[숏 80퍼센트 청산과 제2 금융타워 결정.] => [숏 80퍼센트 청산; 제2 금융타워 건립 결정] || opened_loops=[트럼프와 거리조정, 바이든 접촉, 나머지 숏 청산.] => [제2 금융타워 실제 건설; 트럼프와 거리조정; 대체후보 접촉; 나머지 숏 청산]"
562,562,98228,98402,PASS,"",prev L98218~L98227; hard L98228~L98402; next L98403~L98412,"현재 action·turn_or_reveal·paid_reward·state_change·ending_hook·closed_loops·opened_loops가 하드 경계와 일치하며, 계획·계약 전 상태나 인접 화 결과를 완료로 선취하지 않는다.",""
563,563,98403,98564,EDIT,action;paid_reward;state_change;closed_loops;opened_loops,prev L98393~L98402; hard L98403~L98564; next L98565~L98574,"L98403~L98564 원문을 다시 읽어 계획·가능성·협상 전과 실행·서명·소유·지급을 분리하고, 인접 화의 구체 결과를 현재 화의 완료 상태에서 제거했다.","action=[다이먼과 나스닥을 사고 2~5조 달러 부양책·운임폭등에 앞서 선박과 컨테이너를 확보한다] => [다이먼과 나스닥 저점매수를 진행하고 2~5조 달러 부양책·운임폭등 전에 선박·컨테이너를 사들이라고 지시한다.] || paid_reward=[나스닥 매수와 선박·컨테이너 확보 주문이 실행되고 부양책 대응 포트폴리오가 선다.] => [나스닥 매수와 선박·컨테이너 확보 지시, 부양책 대응 포트폴리오를 세운다. 해운자산의 실제 매입·인도는 진행 전이다.] || state_change=[폭락 방어자에서 통화팽창이 올릴 기술·해운자산을 미리 소유한 회복기 수혜자로 이동한다.] => [폭락 방어자에서 기술·해운자산을 선점하려는 회복기 투자자로 이동하지만 선박·컨테이너 소유권은 아직 확보 전이다.] || closed_loops=[부양책 전 자산매입 결정.] => [나스닥 저점매수; 부양책 전 해운자산 매입 지시] || opened_loops=[해운운임 폭등, 엑슨자산 인수, 바이든 면담.] => [선박·컨테이너 실제 계약·인도; 해운운임 폭등; 미국 에너지자산·정치협상]"
564,564,98565,98760,PASS,"",prev L98555~L98564; hard L98565~L98760; next L98761~L98770,"현재 action·turn_or_reveal·paid_reward·state_change·ending_hook·closed_loops·opened_loops가 하드 경계와 일치하며, 계획·계약 전 상태나 인접 화 결과를 완료로 선취하지 않는다.",""
565,565,98761,98946,EDIT,ending_hook;opened_loops,prev L98751~L98760; hard L98761~L98946; next L98947~L98956,L98761~L98946의 실제 마지막 프레임만 남겨 다음 화의 인물·금액·계약·결과를 훅과 열린 루프에서 의미상 선취하지 않도록 고쳤다.,"ending_hook=[한국 백신 발표 뒤 이 정치선택이 실제 미국정책과 시장역전으로 이어질지가 남는다.] => [바이든을 주 경주마로 바꾸고 트럼프선을 유지한 이중 안전망을 국내 사장단 회의와 백신정책의 실제 실행으로 연결할 수 있는가?] || opened_loops=[FDA·한국 백신 승인, 미국 대선, 국내 산업 내실화.] => [국내 사장단 회의·산업투자; FDA·한국 백신 승인; 미국 대선]"
566,566,98947,99104,EDIT,action;turn_or_reveal;paid_reward;state_change;ending_hook;closed_loops;opened_loops,prev L98937~L98946; hard L98947~L99104; next L99105~L99114,"L98947~L99104 원문을 다시 읽어 계획·가능성·협상 전과 실행·서명·소유·지급을 분리하고, 인접 화의 구체 결과를 현재 화의 완료 상태에서 제거했다.","action=[대통령 회의에서 원전·레거시칩 증산을 밀고 태우상사가 모든 선박을 사게 한다] => [태우 사장단 회의에서 원전·레거시칩 증산과 태우상사의 선박 매입을 승인하고 계열사별 저점투자 방향을 정한다.] || turn_or_reveal=[삼면이 바다인 한국에서 금융타워가 금융허브를 만들었듯 태우해운이 물류허브를 만들 수 있다는 국가그림이 선다.] => [삼면이 바다인 한국에서 태우해운이 물류허브를 만들 수 있다는 그룹 차원의 산업지도가 선다.] || paid_reward=[원전·레거시칩 증산정책과 전방위 선박매입이 대통령회의에서 승인된다.] => [사장단 회의에서 원전·레거시칩 증산과 전방위 선박매입 방침을 승인한다. 실제 증설·선박 소유는 집행 전이다.] || state_change=[개별 그룹의 저점매수가 한국 전체의 에너지·반도체·해운 지도를 바꾸는 국가 프로젝트로 격상된다.] => [개별 저점매수가 태우 계열사 전체의 에너지·반도체·해운 투자계획으로 묶이지만 국가정책 승인이나 실물 완공은 아니다.] || ending_hook=[방역우위를 일본 항복과 한국 G7 진입으로 환전할 외교순서가 열린다.] => [승인한 원전·레거시칩·선박 투자를 실제 계약과 생산·운항능력으로 바꿀 수 있는가?] || closed_loops=[팬데믹 이후 산업투자안 확정.] => [태우 사장단 투자방침 확정] || opened_loops=[일본 의료구조 거래, G7 지지, 해운운임 수확.] => [원전·레거시칩 증설 집행; 선박 매입·인도; 해운운임 수확]"
567,567,99105,99284,EDIT,ending_hook;opened_loops,prev L99095~L99104; hard L99105~L99284; next L99285~L99294,L99105~L99284의 실제 마지막 프레임만 남겨 다음 화의 인물·금액·계약·결과를 훅과 열린 루프에서 의미상 선취하지 않도록 고쳤다.,"ending_hook=[의료가 무너진 일본이 비밀요청을 해 올지와 어떤 장소에서 대가를 받을지가 남는다.] => [일본을 첫 백신외교 상대로 삼아 의료지원 대가와 G7 지지를 어떤 협상으로 끌어낼 것인가?] || opened_loops=[일본 구조요청, 호주 회담, 한국 G7 지지.] => [일본 의료지원 협상; G7 지지; 개도국 저가백신]"
568,568,99285,99462,EDIT,action;paid_reward;state_change;ending_hook;closed_loops;opened_loops;reader_promise;protagonist_goal,prev L99275~L99284; hard L99285~L99462; next L99463~L99472,"L99285~L99462 원문을 다시 읽어 계획·가능성·협상 전과 실행·서명·소유·지급을 분리하고, 인접 화의 구체 결과를 현재 화의 완료 상태에서 제거했다. [MANAGER_FOLLOWUP] 시작 SHA 7053d49dc7025e48b56daa2b35458965918ffc570cd66be0f87f4239992581f8와 현재 화 hard line을 대조해 11개 narrative field 중 5개를 교정했다.","action=[의료붕괴 일본의 비밀 요청을 받고 호주 회담에서 G7 지지를 요구하기로 한다] => [의료붕괴 일본의 비밀 지원요청을 받고 협상 장소를 호주로 정해 일본 측과 만나기로 한다.] || paid_reward=[일본의 비밀 지원요청과 멜버른 회담 일정, G7 지지 요구안이 확정된다.] => [일본의 비밀 지원요청과 호주 회담 일정·장소를 확보한다. G7 지지·자산 인수 조건은 아직 제시·합의 전이다.] || state_change=[일본이 한국을 제재하던 공격자에서 제3국까지 찾아와 도움을 청하는 요청자로 뒤집힌다.] => [일본이 제재 공격자에서 제3국까지 찾아와 도움을 청하는 요청자로 바뀌지만, 구체 대가는 다음 협상에 남는다.] || ending_hook=[다이키요와 손정우가 20조 엔 자산·G7 조건을 받아들일지가 열린다.] => [호주 회담에서 방역물자 대가로 어떤 G7·자산 조건을 제시하고 일본이 받아들일 것인가?] || closed_loops=[일본 구조요청과 호주 회담 성립.] => [일본 구조요청; 호주 회담 일정·장소] || opened_loops=[의료물자 공급, G7 비반대, 일본 저평가자산 인수.] => [방역물자 조건제시; G7 비반대; 일본 저평가자산 인수] || [MANAGER_FOLLOWUP] reader_promise=[일본의 비밀 구조요청을 공개 굴욕 없이 장기 외교·자산 보상으로 바꾸는 약속.] => [일본의 비밀 구조요청을 제3국 협상으로 바꾸고 방역물자 지원의 구체 대가를 정하는 외교 담판] || protagonist_goal=[다이키요를 일본 밖 호주로 불러 방역물자와 G7 지지를 교환한다.] => [일본의 비밀 지원요청을 호주 회담으로 끌어내 구체 대가를 정한다.] || paid_reward=[일본의 비밀 지원요청과 호주 회담 일정·장소를 확보한다. G7 지지·자산 인수 조건은 아직 제시·합의 전이다.] => [일본의 비밀 지원요청과 호주 회담 장소를 확보한다. 구체 대가는 아직 제시·합의 전이다.] || ending_hook=[호주 회담에서 방역물자 대가로 어떤 G7·자산 조건을 제시하고 일본이 받아들일 것인가?] => [호주 회담에서 방역물자 지원의 대가로 무엇을 요구하고 일본이 받아들일 것인가?] || opened_loops=[방역물자 조건제시; G7 비반대; 일본 저평가자산 인수] => [호주 회담; 방역물자 지원 조건]"
569,569,99463,99633,EDIT,paid_reward;state_change;closed_loops;opened_loops,prev L99453~L99462; hard L99463~L99633; next L99634~L99643,"L99463~L99633 원문을 다시 읽어 계획·가능성·협상 전과 실행·서명·소유·지급을 분리하고, 인접 화의 구체 결과를 현재 화의 완료 상태에서 제거했다.","paid_reward=[방역물자·자산인수·G7 비반대를 맞바꾸는 거래조건이 테이블에서 합의된다.] => [방역물자 공급, 20조 엔대 자산 인수와 G7 비반대를 맞바꾸는 조건을 일본 측에 제시한다. 일본 내각의 최종 수락은 아직 전이다.] || state_change=[한국이 무상구조자가 아니라 일본의 미래자산과 국제지지를 사는 우위 협상자로 선다.] => [한국은 무상구조자가 아니라 일본의 미래자산과 국제지지를 요구하는 우위 협상자로 서지만, 거래는 승인 전이다.] || closed_loops=[멜버른 거래조건 합의.] => [멜버른 협상·거래조건 제시] || opened_loops=[일본 내각 승인, 20조 엔 인수집행, FDA 백신 승인.] => [일본 내각 승인; 20조 엔 인수계약·집행; G7 비반대; FDA 백신 승인]"
570,570,99634,99819,EDIT,paid_reward;state_change;closed_loops;opened_loops,prev L99624~L99633; hard L99634~L99819; next L99820~L99829,"L99634~L99819 원문을 다시 읽어 계획·가능성·협상 전과 실행·서명·소유·지급을 분리하고, 인접 화의 구체 결과를 현재 화의 완료 상태에서 제거했다.","paid_reward=[일본의 한국 G7 비반대·20조 엔 거래와 센트리언 백신 FDA 승인이 모두 확정된다.] => [일본 내각의 방역물자·G7 비반대·20조 엔 자산거래 수락과 센트리언 백신 FDA 승인을 얻는다. 자산 인수 집행은 남는다.] || state_change=[비밀 구조거래와 개발 중 백신이 일본의 공식양보와 미국 허가를 받은 실물 승리로 바뀐다.] => [비밀 구조거래와 개발 중 백신이 일본의 공식 양보와 미국 허가를 얻지만 20조 엔 자산의 실제 소유권 이전은 이후다.] || closed_loops=[일본 의료협상과 FDA 승인.] => [일본 의료협상 수락; 센트리언 백신 FDA 승인] || opened_loops=[한국 승인·세계배송, 국가별 백신 가격·정치거래.] => [20조 엔 자산 인수 집행; 한국 승인·세계배송; 국가별 가격·정치거래]"
571,571,99820,99993,EDIT,ending_hook;opened_loops,prev L99810~L99819; hard L99820~L99993; next L99994~L100003,L99820~L99993의 실제 마지막 프레임만 남겨 다음 화의 인물·금액·계약·결과를 훅과 열린 루프에서 의미상 선취하지 않도록 고쳤다.,"ending_hook=[4월 20일 마이너스 유가에서 석유자산을 얼마나 흡수할지와 중국의 백신대가가 남는다.] => [4월 20일 마이너스 유가에서 석유자산을 얼마나 흡수하고 백신 세계배송과 동시에 결산할 것인가?] || opened_loops=[마이너스 유가 수확, 중국 백신합작, 개도국 배분.] => [마이너스 유가 수확; 백신 세계배분·가격; 장기 에너지자산 운용]"
572,572,99994,100194,EDIT,ending_hook;opened_loops,prev L99984~L99993; hard L99994~L100194; next L100195~L100204,L99994~L100194의 실제 마지막 프레임만 남겨 다음 화의 인물·금액·계약·결과를 훅과 열린 루프에서 의미상 선취하지 않도록 고쳤다.,"ending_hook=[백신기술을 넘기지 않고 중국시장만 얻는 합작구조가 다음 과제로 열린다.] => [백신기술과 지배권을 지키면서 중국시장에 들어갈 합작구조를 베이징 협상에서 만들 수 있는가?] || opened_loops=[중국 80대20 합작, 장기 에너지자산 운용.] => [중국 백신합작 지분·기술조건; 베이징 협상]"
573,573,100195,100359,PASS,"",prev L100185~L100194; hard L100195~L100359; next L100360~L100369,"현재 action·turn_or_reveal·paid_reward·state_change·ending_hook·closed_loops·opened_loops가 하드 경계와 일치하며, 계획·계약 전 상태나 인접 화 결과를 완료로 선취하지 않는다.",""
574,574,100360,100529,PASS,"",prev L100350~L100359; hard L100360~L100529; next L100530~L100539,"현재 action·turn_or_reveal·paid_reward·state_change·ending_hook·closed_loops·opened_loops가 하드 경계와 일치하며, 계획·계약 전 상태나 인접 화 결과를 완료로 선취하지 않는다.",""
575,575,100530,100709,PASS,"",prev L100520~L100529; hard L100530~L100709; next L100710~L100719,"현재 action·turn_or_reveal·paid_reward·state_change·ending_hook·closed_loops·opened_loops가 하드 경계와 일치하며, 계획·계약 전 상태나 인접 화 결과를 완료로 선취하지 않는다.",""
576,576,100710,100879,EDIT,ending_hook;opened_loops,prev L100700~L100709; hard L100710~L100879; next L100880~L100889,L100710~L100879의 실제 마지막 프레임만 남겨 다음 화의 인물·금액·계약·결과를 훅과 열린 루프에서 의미상 선취하지 않도록 고쳤다.,"ending_hook=[EU가 하루 안에 어떤 생산·가격·정책 양보를 제시할지가 걸린다.] => [아프리카연합의 규탄과 산업협력 카드를 받은 EU가 생산·가격·정책에서 어떤 양보를 내놓을 것인가?] || opened_loops=[1달러 위탁생산, 유럽시장·정책 호의.] => [EU 생산·가격 협상; 전기차 충전표준·반독점 정책 호의]"
577,577,100880,101041,EDIT,ending_hook;opened_loops,prev L100870~L100879; hard L100880~L101041; next L101042~L101051,L100880~L101041의 실제 마지막 프레임만 남겨 다음 화의 인물·금액·계약·결과를 훅과 열린 루프에서 의미상 선취하지 않도록 고쳤다. [MANAGER_FOLLOWUP] 시작 SHA 7053d49dc7025e48b56daa2b35458965918ffc570cd66be0f87f4239992581f8와 현재 화 hard line을 대조해 11개 narrative field 중 2개를 교정했다.,"ending_hook=[정부가 뿌린 눈먼 돈을 개인투자자의 증시진입으로 어떻게 끌어낼지가 다음 질문이다.] => [1달러 위탁생산과 공공재 이미지를 바탕으로 양적완화 개인자금을 시장에 끌어들일 새 얼굴과 서사를 만들 수 있는가?] || opened_loops=[양적완화 자금의 증시유입, 개인투자자 영웅 만들기.] => [개인투자자 유입; 시장 영웅·서사 설계; 유럽 정책협력] || [MANAGER_FOLLOWUP] ending_hook=[1달러 위탁생산과 공공재 이미지를 바탕으로 양적완화 개인자금을 시장에 끌어들일 새 얼굴과 서사를 만들 수 있는가?] => [양적완화 지원금을 들고 망설이는 개인들을 주식시장으로 밀어 넣을 촉매는 무엇인가?] || opened_loops=[개인투자자 유입; 시장 영웅·서사 설계; 유럽 정책협력] => [개인투자자 유입 촉매; 유럽 정책협력]"
578,578,101042,101213,EDIT,action;paid_reward;state_change;ending_hook;closed_loops;opened_loops;protagonist_goal,prev L101032~L101041; hard L101042~L101213; next L101214~L101223,"L101042~L101213 원문을 다시 읽어 계획·가능성·협상 전과 실행·서명·소유·지급을 분리하고, 인접 화의 구체 결과를 현재 화의 완료 상태에서 제거했다. [MANAGER_FOLLOWUP] 시작 SHA 7053d49dc7025e48b56daa2b35458965918ffc570cd66be0f87f4239992581f8와 현재 화 hard line을 대조해 11개 narrative field 중 1개를 교정했다.","action=[부양금이 증시로 몰릴 것을 보고 베릴을 개인투자자 영웅으로 키워 게임스핀을 겨냥한다] => [유가 감산 뒤 금융선을 정리하고 베릴을 개인투자자 영웅으로 키워 부양금을 증시로 끌어들일 작전을 설계한다.] || paid_reward=[유가 감산으로 앞 금융선이 정리되고 베릴·게임스핀을 이용한 개인투자자 캠페인이 승인된다.] => [베릴을 개인투자자 영웅으로 만드는 이미지 전략을 승인한다. 구체 종목·매수 캠페인과 대중 동원은 아직 전이다.] || state_change=[산유국 전쟁 수익을 정리하던 시장에서 베릴을 중심으로 한 개미와 헤지펀드의 공개전쟁으로 전선이 바뀐다.] => [산유국 전쟁 수익을 정리하던 시장에서 베릴을 소액투자자 유입의 얼굴로 만들 준비 단계로 전환된다.] || ending_hook=[태우가 가진 게임스핀 300만 주를 어떻게 쓰고 베릴이 실제 대중을 모을지가 남는다.] => [베릴이 실제 개인투자자를 모을 영웅으로 성장하고 어떤 시장전쟁의 얼굴이 될 것인가?] || closed_loops=[OPEC 감산 후일담.] => [OPEC 감산 후일담; 베릴 이미지 전략 승인] || opened_loops=[베릴 구독자 성장, 게임스핀 매수전, 헤지펀드 손실.] => [베릴 구독자 성장; 구체 투자대상·매수전; 헤지펀드 반격] || [MANAGER_FOLLOWUP] protagonist_goal=[베릴의 방송·이미지를 키워 게임스핀 공매도에 소액투자자를 결집시킨다.] => [베릴의 방송·이미지를 키워 아직 정하지 않은 공매도 표적에 소액투자자를 결집시킨다.]"
579,579,101214,101381,EDIT,action;paid_reward;state_change;ending_hook;closed_loops;opened_loops,prev L101204~L101213; hard L101214~L101381; next L101382~L101391,"L101214~L101381 원문을 다시 읽어 계획·가능성·협상 전과 실행·서명·소유·지급을 분리하고, 인접 화의 구체 결과를 현재 화의 완료 상태에서 제거했다.","action=[태우가 보유한 게임스핀 300만 주를 바탕으로 베릴의 매수 캠페인을 확산한다] => [태우가 보유한 게임스핀 300만 주와 베릴의 이미지 성과를 확인하고 개인투자자 작전에 결합할 준비를 한다.] || paid_reward=[태우의 게임스핀 300만 주 보유와 베릴 홍보망이 한 작전으로 결합된다.] => [태우의 게임스핀 300만 주 보유와 베릴 홍보망을 한 작전에 쓸 기반을 확인한다. 실제 대중 매수 캠페인과 주가상승은 아직 전이다.] || state_change=[베릴은 관리 대상 방송인에서 소액투자자 매수를 움직일 시장세력의 얼굴로 올라선다.] => [베릴은 관리 대상 방송인에서 소액투자자 작전의 잠재적 얼굴로 올라서지만 시장동원은 준비 단계다.] || ending_hook=[베릴 구독자와 게임스핀 주가가 실제로 얼마나 뛰고 헤지펀드가 어떤 반격을 할지가 열린다.] => [베릴의 홍보망과 게임스핀 지분을 실제 개인투자자 매수세로 연결할 수 있는가?] || closed_loops=[게임스핀 지분·홍보 작전 결합.] => [게임스핀 지분·베릴 홍보성과 확인] || opened_loops=[100만 구독자, 로빈후드 매수제한, 헤지펀드 공개패배.] => [매수 캠페인 실행; 구독자 성장; 헤지펀드 대응]"
580,580,101382,101561,EDIT,ending_hook;opened_loops,prev L101372~L101381; hard L101382~L101561; next L101562~L101571,L101382~L101561의 실제 마지막 프레임만 남겨 다음 화의 인물·금액·계약·결과를 훅과 열린 루프에서 의미상 선취하지 않도록 고쳤다.,"ending_hook=[헬리콥터 머니 속 게임스핀 전쟁과 G7+ 지지가 언제 실물 결과로 나올지가 남는다.] => [백신외교의 사전작업을 한국의 독립된 G7+ 상설가입과 최재석의 재선 성과로 실제 결산할 수 있는가?] || opened_loops=[베릴 시장전쟁, 한국 상설가입 표결.] => [한국 G7+ 상설가입 표결; 최재석 재선; 백신외교 결산]"
581,581,101562,101723,EDIT,ending_hook;opened_loops,prev L101552~L101561; hard L101562~L101723; next L101724~L101733,L101562~L101723의 실제 마지막 프레임만 남겨 다음 화의 인물·금액·계약·결과를 훅과 열린 루프에서 의미상 선취하지 않도록 고쳤다.,"ending_hook=[헤지펀드의 확대된 공매도를 누가 감당하고 국내 삼진이 백신생산 동맹에 들어올지가 남는다.] => [베릴 100만 구독자와 게임스핀 8달러 상승에 맞서 공매도를 키운 헤지펀드가 어떤 제한·역공을 걸어올 것인가?] || opened_loops=[게임스핀 숏스퀴즈, 헤지펀드 반격, 로빈후드 제한.] => [게임스핀 숏스퀴즈; 헤지펀드 반격; 플랫폼 매수제한]"
582,582,101724,101897,EDIT,ending_hook;opened_loops,prev L101714~L101723; hard L101724~L101897; next L101898~L101907,L101724~L101897의 실제 마지막 프레임만 남겨 다음 화의 인물·금액·계약·결과를 훅과 열린 루프에서 의미상 선취하지 않도록 고쳤다.,"ending_hook=[오용재의 선택과 게임스핀 200달러 이후 헤지펀드 반격이 남는다.] => [오용재가 백신 위탁생산과 레거시칩 조언을 받아 어떤 선택을 하고, 태우와 삼진의 제한된 동맹을 실행할 것인가?] || opened_loops=[삼진 레거시칩 증산, 게임스핀 최종전.] => [오용재의 선택·위탁생산 실행; 삼진 레거시칩 증산]"
583,583,101898,102092,EDIT,ending_hook;opened_loops,prev L101888~L101897; hard L101898~L102092; next L102093~L102102,L101898~L102092의 실제 마지막 프레임만 남겨 다음 화의 인물·금액·계약·결과를 훅과 열린 루프에서 의미상 선취하지 않도록 고쳤다.,"ending_hook=[베릴을 다음에 어디에 쓸지와 백신패권 뒤 인텔 NAND를 살 기회가 열린다.] => [게임스핀 최종전으로 얻은 베릴의 세계적 금융브랜드를 다음에는 어디에 쓸 것인가?] || opened_loops=[베릴의 다음 역할, 미국 칩규제·인텔 NAND 인수.] => [베릴의 다음 역할; 게임스핀 전후처리]"
584,584,102093,102272,EDIT,action;paid_reward;state_change;ending_hook;closed_loops;opened_loops,prev L102083~L102092; hard L102093~L102272; next L102273~L102282,"L102093~L102272 원문을 다시 읽어 계획·가능성·협상 전과 실행·서명·소유·지급을 분리하고, 인접 화의 구체 결과를 현재 화의 완료 상태에서 제거했다. [MANAGER_FOLLOWUP] 시작 SHA 7053d49dc7025e48b56daa2b35458965918ffc570cd66be0f87f4239992581f8와 현재 화 hard line을 대조해 11개 narrative field 중 1개를 교정했다.","action=[3억 명 접종·변이 샘플을 확인하고 미국 칩수출 제한을 이용해 인텔 NAND를 노린다] => [미국 칩수출 제한을 인텔 NAND 인수기회로 판단하고 바이든의 중국 팹 유예와 인텔 가격협상을 위해 미국 방문을 정한다.] || paid_reward=[미국 방문과 인텔 협상 방침, 중국 팹 유예 요구안이 확정된다.] => [미국 방문과 중국 팹 규제유예·인텔 NAND 가격협상 방침을 정한다. 4년 유예·75억 달러 매입합의는 아직 전이다.] || state_change=[백신공급 확대에 머무르던 투자가 메모리·중국 생산시간을 사는 반도체 인수전으로 이동한다.] => [백신공급 확대에 머무르던 투자가 메모리·중국 생산시간을 살 수 있는 인수협상 준비로 이동한다.] || ending_hook=[바이든이 4년 유예를 주고 밥 스웬이 75억 달러 가격을 받을지가 남는다.] => [미국 방문에서 중국 팹 규제유예와 인텔 NAND 가격을 실제 합의할 수 있는가?] || closed_loops=[인텔 NAND 인수 판단.] => [인텔 NAND 인수판단; 미국 방문·협상 결정] || opened_loops=[중국 팹 유예, 사업부 가격·소유권 계약.] => [중국 팹 유예협상; 인텔 NAND 가격·매입계약] || [MANAGER_FOLLOWUP] paid_reward=[미국 방문과 중국 팹 규제유예·인텔 NAND 가격협상 방침을 정한다. 4년 유예·75억 달러 매입합의는 아직 전이다.] => [미국 방문과 중국 팹 규제유예·인텔 NAND 가격협상 방침을 정한다. 유예기간·매입가격·계약은 아직 전이다.]"
585,585,102273,102428,EDIT,state_change;ending_hook;closed_loops;opened_loops,prev L102263~L102272; hard L102273~L102428; next L102429~L102438,"L102273~L102428 원문을 다시 읽어 계획·가능성·협상 전과 실행·서명·소유·지급을 분리하고, 인접 화의 구체 결과를 현재 화의 완료 상태에서 제거했다.","state_change=[규제 때문에 위험한 손해사업이 태우의 소유자산과 4년 생산시간으로 바뀐다.] => [중국 팹 4년 유예와 75억 달러 NAND 매입계약을 확보하지만, 사업부 소유권 이전·통합은 아직 집행 전이다.] || ending_hook=[확보한 차량용칩을 전기차 동맹·충전표준의 가입권으로 어떻게 쓸지가 열린다.] => [75억 달러 매입합의를 실제 소유권 이전·통합으로 닫고 NAND를 어떤 성장자산으로 재배치할 것인가?] || closed_loops=[인텔 NAND 인수·정책유예.] => [중국 팹 4년 유예; 인텔 NAND 75억 달러 매입합의] || opened_loops=[머스크·미EU 자동차동맹, AI 데이터센터 투자.] => [소유권 이전·통합; NAND 성장용도]"
586,586,102429,102578,EDIT,action;paid_reward;state_change;ending_hook;closed_loops;opened_loops,prev L102419~L102428; hard L102429~L102578; next L102579~L102588,"L102429~L102578 원문을 다시 읽어 계획·가능성·협상 전과 실행·서명·소유·지급을 분리하고, 인접 화의 구체 결과를 현재 화의 완료 상태에서 제거했다.","action=[머스크와 미·EU·한국 전기차 동맹·충전표준을 만든다] => [머스크와 T 충전표준·전기차 동맹의 기본구조를 합의하고 EU·미국·한국 완성차를 설득할 계획을 세운다.] || paid_reward=[머스크와 전기차 동맹·T 충전표준의 기본구조가 합의된다.] => [머스크와 T 충전표준·전기차 동맹 설계에 합의한다. 다른 미국·EU·한국 기업의 가입은 아직 전이다.] || state_change=[부품공급 우위가 완성차 경쟁사들을 한 규격 아래 모을 시장규칙 제정권으로 바뀐다.] => [부품공급 우위가 머스크와 함께 시장규칙을 설계할 권한으로 바뀌지만 다국적 동맹은 구성 전이다.] || ending_hook=[NAND를 AI 저장장치로 써 초대형 데이터센터에 얼마나 투자할지가 다음 성장질문이다.] => [EU·미국·한국 완성차를 실제 설득해 T 규격 아래 다국적 전기차 동맹을 만들 수 있는가?] || closed_loops=[머스크와 충전표준·동맹 설계.] => [머스크와 충전표준·동맹 기본합의] || opened_loops=[GDC 가입, 차량용칩 배정, 데이터센터 투자.] => [EU·미국·한국 기업 설득·가입; 차량용칩 배정]"
587,587,102579,102728,EDIT,paid_reward;state_change;ending_hook;closed_loops;opened_loops,prev L102569~L102578; hard L102579~L102728; next L102729~L102738,"L102579~L102728 원문을 다시 읽어 계획·가능성·협상 전과 실행·서명·소유·지급을 분리하고, 인접 화의 구체 결과를 현재 화의 완료 상태에서 제거했다.","paid_reward=[60~70조 원 초대형 데이터센터와 NAND 활용계획이 승인된다.] => [60~70조 원 초대형 데이터센터와 NAND 활용계획을 승인한다. 센터 건설·가동과 세계 1위 성과는 아직 전이다.] || state_change=[저평가 메모리 인수가 단순 생산사업에서 AI 데이터·금융정보를 축적할 기반으로 확대된다.] => [저평가 메모리 인수가 AI 데이터·금융정보를 축적할 투자계획으로 확대되지만 실물센터는 건설 전이다.] || ending_hook=[센트리언 수익과 중국 팹 장비를 어떻게 새 생산기지로 돌릴지가 남는다.] => [60~70조 원 데이터센터를 실제 건설하고 NAND·AI·금융정보를 묶은 성과로 바꿀 수 있는가?] || closed_loops=[AI 데이터센터 투자결정.] => [AI 데이터센터 투자결정] || opened_loops=[중국 유휴장비 반출, 인도·베트남 팹 가동.] => [데이터센터 건설·가동; NAND 통합; AI·금융정보 성과]"
588,588,102729,102918,EDIT,action;paid_reward;state_change;ending_hook;closed_loops;opened_loops,prev L102719~L102728; hard L102729~L102918; next L102919~L102928,"L102729~L102918 원문을 다시 읽어 계획·가능성·협상 전과 실행·서명·소유·지급을 분리하고, 인접 화의 구체 결과를 현재 화의 완료 상태에서 제거했다.","action=[센트리언 실적·변이백신·비만약·병원AI를 점검하고 중국 유휴 장비를 인도·베트남으로 빼낸다] => [센트리언 실적·변이백신·비만약·병원AI를 점검하고 중국 유휴 반도체 장비의 소유주·반출경로를 찾아 인도·베트남 배치를 추진한다.] || paid_reward=[센트리언 성장성과와 중국 장비 반출대상·인도·베트남 배치안이 확인된다.] => [센트리언 성장성과와 중국 장비의 반출대상·배치안을 확인한다. 장비 매입·반출·인도는 아직 전이다.] || state_change=[가짜 팹이 중국 보조금을 태우는 작전에서 실제 태우 해외공장 설비원으로 전환된다.] => [가짜 팹의 중국 장비를 태우 해외공장 설비로 전환할 경로가 열리지만 실제 소유권·물류는 확보 전이다.] || ending_hook=[CIA의 북한 백신요청이 장남이라는 과거 변수와 어떻게 연결될지가 열린다.] => [중국 팹 소유주들이 장비 매각·반출에 응하고 인도·베트남 공장으로 실제 옮길 수 있는가?] || closed_loops=[센트리언 후속사업 점검과 장비배치안.] => [센트리언 후속사업 점검; 중국 장비 반출대상·배치안 확인] || opened_loops=[장비 소유권 이전, 북한 백신·장남 변수.] => [중국 장비 매매·소유권 이전·반출; 해외 팹 설치]"
589,589,102919,103092,EDIT,action;turn_or_reveal;paid_reward;state_change;ending_hook;closed_loops;opened_loops,prev L102909~L102918; hard L102919~L103092; next L103093~L103102,"L102919~L103092 원문을 다시 읽어 계획·가능성·협상 전과 실행·서명·소유·지급을 분리하고, 인접 화의 구체 결과를 현재 화의 완료 상태에서 제거했다.","action=[CIA의 북한 백신 100만~2천만 회분 요청을 받아 장남 생존선을 조사한다] => [CIA의 북한 백신 100만~2천만 회분 요청과 에이든의 침묵을 받아 의도를 의심하고 지원 여부를 보류한다.] || turn_or_reveal=[에이든이 갑자기 입을 닫으면서 CIA도 백신으로 현 권력구도를 흔들 의도가 있을 가능성이 드러난다.] => [요청량과 에이든의 반응은 확인되지만 CIA의 정확한 의도·장남 생존선은 아직 추정일 뿐이다.] || paid_reward=[북한 백신요청과 장남 생존선에 대한 정보수집이 시작되지만 지원결정은 유예된다.] => [북한 백신 요청 규모와 CIA 통로의 존재를 확인한다. 지원 결정과 장남 관련 정보는 아직 없다.] || state_change=[과거 살려 둔 장남이 잊힌 생존자에서 북한 권력구도를 바꿀 미지의 카드로 다시 등장한다.] => [잊힌 북한 장남 변수가 다시 의심되지만, 정보수집·지원결정 전의 미지 상태로 남는다.] || ending_hook=[백신을 보낼지와 이 변수가 한국·태우에 이득인지 손해인지가 미지급 질문으로 남는다.] => [CIA 요청의 실제 의도를 확인한 뒤 백신을 보낼지, 북한 권력변수에 개입할지 결정할 수 있는가?] || closed_loops=[CIA 요청의 존재와 의도 파악.] => [CIA 백신요청·요청량 확인] || opened_loops=[지원결정, 장남의 세력, 북한 권력변동.] => [CIA 의도·장남 생존선 확인; 백신 지원결정; 북한 권력변동]"
590,590,103093,103264,EDIT,ending_hook;opened_loops,prev L103083~L103092; hard L103093~L103264; next L103265~L103274,L103093~L103264의 실제 마지막 프레임만 남겨 다음 화의 인물·금액·계약·결과를 훅과 열린 루프에서 의미상 선취하지 않도록 고쳤다.,"ending_hook=[한국 대선·G7+·EU 차량용칩 협상이 다음 국가·산업 결산으로 열린다.] => [암호화폐 매매경로로 중국 보조금 장비를 실제 반출·설치해 해외 팹의 생산설비로 바꿀 수 있는가?] || opened_loops=[해외 팹 가동, 최재석 재선, G7+·GDC 협상.] => [장비 반출·운송·해외 팹 설치·가동]"
591,591,103265,103426,EDIT,ending_hook;opened_loops,prev L103255~L103264; hard L103265~L103426; next L103427~L103436,"현재 action·turn_or_reveal·paid_reward·state_change·ending_hook·closed_loops·opened_loops가 하드 경계와 일치하며, 계획·계약 전 상태나 인접 화 결과를 완료로 선취하지 않는다. [MANAGER_FOLLOWUP] 시작 SHA 7053d49dc7025e48b56daa2b35458965918ffc570cd66be0f87f4239992581f8와 현재 화 hard line을 대조해 11개 narrative field 중 2개를 교정했다.","[MANAGER_FOLLOWUP] ending_hook=[폭스바겐·르노 등 유럽 기업이 GDC 조건을 수용할지가 걸린다.] => [다음 날 유럽 완성차 대표들이 차량용반도체·충전시스템을 조건으로 태우식 자동차 동맹에 들어올 것인가?] || opened_loops=[GDC 창설, G7+ 가입, 최재석 재선.] => [유럽 완성차 동맹 협상; G7+ 가입; 최재석 재선] || [MANAGER_FOLLOWUP] ending_hook=[폭스바겐·르노 등 유럽 기업이 GDC 조건을 수용할지가 걸린다.] => [다음 날 유럽 완성차 대표들이 차량용반도체·충전시스템을 조건으로 태우식 자동차 동맹에 들어올 것인가?] || opened_loops=[GDC 창설, G7+ 가입, 최재석 재선.] => [유럽 완성차 동맹 협상; G7+ 가입; 최재석 재선]"
592,592,103427,103586,EDIT,ending_hook;opened_loops,prev L103417~L103426; hard L103427~L103586; next L103587~L103596,"현재 action·turn_or_reveal·paid_reward·state_change·ending_hook·closed_loops·opened_loops가 하드 경계와 일치하며, 계획·계약 전 상태나 인접 화 결과를 완료로 선취하지 않는다. [MANAGER_FOLLOWUP] 시작 SHA 7053d49dc7025e48b56daa2b35458965918ffc570cd66be0f87f4239992581f8와 현재 화 hard line을 대조해 11개 narrative field 중 2개를 교정했다.","[MANAGER_FOLLOWUP] ending_hook=[미쉘이 약속한 한국·호주 G7+ 가입을 실제 표결로 만들지가 남는다.] => [이번 주 안에 GDC 회원사별 차량용반도체 공급량을 공평하게 정하고 동맹을 실제 가동할 수 있는가?] || opened_loops=[G7+ 확정, 중국·일본의 배제 반응.] => [회원사별 차량용반도체 공급량; GDC 가동; 중국·일본의 배제 반응] || [MANAGER_FOLLOWUP] ending_hook=[미쉘이 약속한 한국·호주 G7+ 가입을 실제 표결로 만들지가 남는다.] => [이번 주 안에 GDC 회원사별 차량용반도체 공급량을 공평하게 정하고 동맹을 실제 가동할 수 있는가?] || opened_loops=[G7+ 확정, 중국·일본의 배제 반응.] => [회원사별 차량용반도체 공급량; GDC 가동; 중국·일본의 배제 반응]"
593,593,103587,103760,PASS,"",prev L103577~L103586; hard L103587~L103760; next L103761~L103770,"현재 action·turn_or_reveal·paid_reward·state_change·ending_hook·closed_loops·opened_loops가 하드 경계와 일치하며, 계획·계약 전 상태나 인접 화 결과를 완료로 선취하지 않는다.",""
594,594,103761,103927,PASS,"",prev L103751~L103760; hard L103761~L103927; next L103928~L103937,"현재 action·turn_or_reveal·paid_reward·state_change·ending_hook·closed_loops·opened_loops가 하드 경계와 일치하며, 계획·계약 전 상태나 인접 화 결과를 완료로 선취하지 않는다.",""
595,595,103928,104106,EDIT,ending_hook;opened_loops,prev L103918~L103927; hard L103928~L104106; next L104107~L104116,L103928~L104106의 실제 마지막 프레임만 남겨 다음 화의 인물·금액·계약·결과를 훅과 열린 루프에서 의미상 선취하지 않도록 고쳤다.,"ending_hook=[미 제약로비가 센트리언 특허를 노릴 때 생명구호 여론으로 막을 수 있을지가 열린다.] => [앞으로 1~2년 동안 50조 원 이상을 양자·AI에 실제 집행해 회귀지식 밖 기술의 성과를 만들 수 있는가?] || opened_loops=[미 제약협회 가입·특허방어, 미국 대선 이후 공급망.] => [양자·AI 투자 집행·성과; 장기자금 확보]"
596,596,104107,104260,EDIT,ending_hook;opened_loops,prev L104097~L104106; hard L104107~L104260; next L104261~L104270,L104107~L104260의 실제 마지막 프레임만 남겨 다음 화의 인물·금액·계약·결과를 훅과 열린 루프에서 의미상 선취하지 않도록 고쳤다.,"ending_hook=[SNS 여론이 협회를 얼마나 몰아붙이고 협회장이 한국에 올지가 남는다.] => [SMA 무료공급과 환자가족 여론이 제약협회의 특허압박을 꺾고 어떤 협상조건을 끌어낼 것인가?] || opened_loops=[미 제약협회 가입, 해외공장·필수약 생산권.] => [미 제약협회 대응·협상; 무료약 부담분담; 특허방어]"
597,597,104261,104422,EDIT,action;paid_reward;state_change;closed_loops;opened_loops;ending_hook,prev L104251~L104260; hard L104261~L104422; next L104423~L104432,"L104261~L104422 원문을 다시 읽어 계획·가능성·협상 전과 실행·서명·소유·지급을 분리하고, 인접 화의 구체 결과를 현재 화의 완료 상태에서 제거했다. [MANAGER_FOLLOWUP] 시작 SHA 7053d49dc7025e48b56daa2b35458965918ffc570cd66be0f87f4239992581f8와 현재 화 hard line을 대조해 11개 narrative field 중 3개를 교정했다.","action=[SNS·환자 가족 여론으로 제약협회를 역풍에 몰아넣는다] => [SNS·환자 가족 여론으로 제약협회를 역풍에 몰아넣자 스티븐 허블이 한국 협상방문을 결정한다.] || paid_reward=[미국 여론이 센트리언 편으로 기울고 스티븐 허블의 한국 협상방문이 확정된다.] => [미국 여론이 센트리언 편으로 기울고 협회장의 한국 방문 결정이 나온다. 실제 방한·정회원 계약은 아직 전이다.] || state_change=[가입을 구걸할 수 있던 한국 기업에서 협회장이 직접 찾아와 달래야 하는 여론 우위 기업으로 바뀐다.] => [협회가 일방 압박하던 구도에서 협회장이 직접 한국 협상을 결정하는 여론 우위로 바뀌지만, 방문과 계약은 남는다.] || closed_loops=[여론전 승리와 협회장 방한.] => [여론전 우위; 협회장의 방한 결정] || opened_loops=[정회원 계약, 아시아 필수의약품 생산권.] => [협회장 실제 방한·협상; 정회원 계약; 아시아 필수의약품 생산권] || [MANAGER_FOLLOWUP] action=[SNS·환자 가족 여론으로 제약협회를 역풍에 몰아넣자 스티븐 허블이 한국 협상방문을 결정한다.] => [SNS·환자 가족 여론으로 제약협회를 역풍에 몰아넣자 협회장이 한국 방문과 센트리언 정회원 제안을 결정한다.] || ending_hook=[허블이 어떤 생산권·가입조건을 내놓고 김민재가 무료약 부담을 어떻게 나눌지가 열린다.] => [협회장이 정회원 자격을 들고 실제 한국에 왔을 때 김민재가 어떤 역조건을 내놓을지가 열린다.] || opened_loops=[협회장 실제 방한·협상; 정회원 계약; 아시아 필수의약품 생산권] => [협회장 실제 방한·협상; 정회원 계약]"
598,598,104423,104592,EDIT,action;paid_reward;state_change;ending_hook;closed_loops;opened_loops,prev L104413~L104422; hard L104423~L104592; next L104593~L104602,"L104423~L104592 원문을 다시 읽어 계획·가능성·협상 전과 실행·서명·소유·지급을 분리하고, 인접 화의 구체 결과를 현재 화의 완료 상태에서 제거했다.","action=[스티븐 허블과 해외 백신공장·필수의약품 아시아 생산권·무료약 지원을 교환한다] => [스티븐 허블과 해외 백신공장·필수의약품 아시아 생산권·무료약 지원의 큰 틀을 협상하고, 최종 계약은 미국 대선 때 마무리하기로 한다.] || paid_reward=[미 제약협회 정회원, 해외공장·필수약 아시아 생산권과 일본 공급사 지분이 계약으로 확정된다.] => [미 제약협회 가입과 해외공장·필수약 생산권의 잠정 조건을 정한다. 정회원·생산권 최종계약은 미국 대선 때까지 미지급이다.] || state_change=[로비에 공격받던 센트리언이 미국 제약제도의 내부회원이자 아시아 공급주체로 올라선다.] => [로비에 공격받던 센트리언이 협회 내부 진입의 잠정조건을 얻지만, 제도적 회원·생산권은 최종 서명 전이다.] || ending_hook=[11월 미국 대선에서 패자가 불복할 때 어떻게 어르고 달랠지가 전면에 남는다.] => [미국 대선 국면에서 잠정조건을 최종 계약으로 닫고 승자와 패자를 모두 관리할 수 있는가?] || closed_loops=[미 제약협회 전쟁과 생산권 계약.] => [협회와 잠정 생산·지원 조건 협의] || opened_loops=[미국 대선 결과, 패자 불복·정권이양.] => [미 제약협회 최종 계약·정회원 가입; 생산권 서명; 미국 대선 결과]"
599,599,104593,104768,EDIT,ending_hook;opened_loops,prev L104583~L104592; hard L104593~L104768; next L104769~L104778,L104593~L104768의 실제 마지막 프레임만 남겨 다음 화의 인물·금액·계약·결과를 훅과 열린 루프에서 의미상 선취하지 않도록 고쳤다.,"ending_hook=[바이든 당선인에게 가이아나 방산·에너지·태우사업을 어떤 대가로 보장받을지가 열린다.] => [트럼프의 불복을 누그러뜨리고 다이먼을 통해 바이든 당선인과 필요한 사업협력을 어떻게 열 것인가?] || opened_loops=[정권이양, 바이든 사업보호, 가이아나 계약.] => [정권이양·트럼프 달래기; 바이든 정부 협력; 다이먼 통로]"
600,600,104769,104942,EDIT,ending_hook;opened_loops,prev L104759~L104768; hard L104769~L104942; next L104943~L104952,L104769~L104942의 실제 마지막 프레임만 남겨 다음 화의 인물·금액·계약·결과를 훅과 열린 루프에서 의미상 선취하지 않도록 고쳤다.,"ending_hook=[가이아나 수뇌부가 조건을 받고 HBM·SMR·러우 감시가 실제 산업배치로 이어질지가 남는다.] => [바이든에게 제시한 가이아나 방산·100억 달러 금융·태우사업 보호안을 실제 합의로 바꾸고 러우전쟁 정보망을 미리 세울 수 있는가?] || opened_loops=[가이아나 계약, HBM·SMR 투자, 러우 전쟁 대비.] => [바이든의 제안 수락·가이아나 계약; 러우전쟁 사전 정보망]"
601,601,104943,105101,EDIT,ending_hook;opened_loops,prev L104933~L104942; hard L104943~L105101; next L105102~L105111,L104943~L105101의 실제 마지막 프레임만 남겨 다음 화의 인물·금액·계약·결과를 훅과 열린 루프에서 의미상 선취하지 않도록 고쳤다.,"ending_hook=[일본 자동차업체가 칩 부족에 굴복할지와 원전 동맹에 어느 재벌이 붙을지가 남는다.] => [일본 자동차업체가 차량용칩 부족 앞에서 어떤 장기계약·표준 조건을 받아들일 것인가?] || opened_loops=[일본 차량용칩 거래, 원전 건설동맹.] => [일본 차량용칩·장기계약; SMR·AI 데이터센터 투자]"
602,602,105102,105272,EDIT,action;paid_reward;state_change;ending_hook;closed_loops;opened_loops,prev L105092~L105101; hard L105102~L105272; next L105273~L105282,"L105102~L105272 원문을 다시 읽어 계획·가능성·협상 전과 실행·서명·소유·지급을 분리하고, 인접 화의 구체 결과를 현재 화의 완료 상태에서 제거했다.","action=[현재 장 회장에게 로템 전차수출을 지원하고 원전 동맹 참여를 얻는다] => [현재 장 회장에게 가이아나 전차수출 지원과 원전 동맹을 제안하고, 가이아나 계약이 성사되면 적극 돕겠다는 조건부 약속을 얻는다.] || paid_reward=[로템 수출지원과 현재그룹의 원전동맹 참여가 서로의 사업대가로 합의된다.] => [로템 전차수출 지원과 원전 협력에 대한 현재 장 회장의 조건부 지지를 얻는다. 가이아나 계약·실제 원전 동맹 참여는 아직 전이다.] || state_change=[재벌 간 개별청탁이 방산과 원전을 맞바꾼 장기 산업동맹으로 바뀐다.] => [재벌 간 청탁이 방산과 원전을 맞바꿀 조건부 협력선으로 구체화되지만 장기 산업동맹은 체결 전이다.] || ending_hook=[메타버스 거품을 현금화하면서 플랫폼 통제권을 지킬 지분거래가 다음으로 열린다.] => [가이아나 전차계약을 성사시켜 현재그룹의 조건부 지지를 실제 원전 동맹 참여로 바꿀 수 있는가?] || closed_loops=[로템 지원·원전동맹 교환.] => [현재 장 회장의 조건부 지원 약속] || opened_loops=[원전 수주, 메타버스 지분매각.] => [가이아나 전차계약; 현재그룹의 실제 원전 동맹 참여·수주]"
603,603,105273,105447,EDIT,action;paid_reward;state_change;ending_hook;closed_loops;opened_loops,prev L105263~L105272; hard L105273~L105447; next L105448~L105457,"L105273~L105447 원문을 다시 읽어 계획·가능성·협상 전과 실행·서명·소유·지급을 분리하고, 인접 화의 구체 결과를 현재 화의 완료 상태에서 제거했다.","action=[메타버스 거품 전에 지분 40퍼센트를 글로벌 IT에 팔되 통제권은 남긴다] => [메타버스 거품 전에 지분 40퍼센트를 글로벌 IT기업에 팔되 통제권을 남기는 매각전략을 세우고 협상을 지시한다.] || paid_reward=[메타버스 지분 40퍼센트 매각구조와 태우 통제권 유지조건이 정해진다.] => [메타버스 지분 40퍼센트 매각구조와 태우 통제권 유지조건을 정한다. 매매계약·대금 유입은 아직 전이다.] || state_change=[과열된 비상장 가치가 현금과 글로벌 연합지분으로 바뀌면서도 지배권은 태우에 남는다.] => [과열된 비상장 가치를 현금·글로벌 연합지분으로 바꿀 전략이 마련되지만 실제 지분 이전은 협상 전이다.] || ending_hook=[매각 뒤 암호화폐 거품과 북한의 센트리언 해킹이 플랫폼·기술안보를 어떻게 시험할지가 남는다.] => [글로벌 IT기업과 지분 40퍼센트 매매·교환계약을 실제 체결하면서 태우 통제권을 지킬 수 있는가?] || closed_loops=[메타버스 현금화·지배권 구조 설계.] => [메타버스 매각·지배권 구조 설계] || opened_loops=[글로벌 지분교환, 암호화폐 규제, 북한 해킹.] => [글로벌 지분 매매·교환계약; 대금·주식 지급; 통제권 유지]"
604,604,105448,105609,EDIT,ending_hook;opened_loops,prev L105438~L105447; hard L105448~L105609; next L105610~L105619,L105448~L105609의 실제 마지막 프레임만 남겨 다음 화의 인물·금액·계약·결과를 훅과 열린 루프에서 의미상 선취하지 않도록 고쳤다.,"ending_hook=[해킹을 막은 뒤 북한 불만세력·장남 카드를 어떻게 쓰고 호주 석탄을 얼마나 살지가 열린다.] => [AI 방어가 북한의 센트리언 해킹을 실제 차단하고 공격주체·목적을 확인할 수 있는가?] || opened_loops=[공격차단·배후확인, 북한 권력변수, 중국 에너지압박 대비.] => [해킹 차단; 공격주체·목적 확인; 핵심기술 보호]"
605,605,105610,105770,EDIT,action;paid_reward;state_change;ending_hook;closed_loops;opened_loops;reader_promise;protagonist_goal,prev L105600~L105609; hard L105610~L105770; next L105771~L105780,"L105610~L105770 원문을 다시 읽어 계획·가능성·협상 전과 실행·서명·소유·지급을 분리하고, 인접 화의 구체 결과를 현재 화의 완료 상태에서 제거했다. [MANAGER_FOLLOWUP] 시작 SHA 7053d49dc7025e48b56daa2b35458965918ffc570cd66be0f87f4239992581f8와 현재 화 hard line을 대조해 11개 narrative field 중 5개를 교정했다.","action=[AI 방어로 북한 해킹을 막고 불만세력·장남 경로를 그리며 호주산 석탄을 비축한다] => [AI 방어로 북한 해킹을 막고 장남 관련 경로를 검토한 뒤 몽골 석탄 생산량을 늘려 비축하라고 지시하며 호주·가이아나 순방을 구상한다.] || paid_reward=[AI가 해킹을 차단하고 장남 관련 경로가 정리되며 호주석탄 비축·순방계획이 세워진다.] => [AI가 해킹을 차단하고 북한 권력변수 검토와 몽골 석탄 증산·비축 지시를 내린다. 실제 비축량·해외 장기계약은 아직 전이다.] || state_change=[방어에 그치지 않고 북한 권력카드와 중국 전력난 때 쓸 석탄을 동시에 가진 역공태세로 이동한다.] => [방어에 그치지 않고 북한 권력카드와 중국 전력난에 쓸 몽골 석탄을 준비하는 역공태세로 이동한다.] || ending_hook=[QUAD에 직접 들어가지 않고 호주·가이아나와 에너지·방산 계약을 맺을 수 있을지가 남는다.] => [몽골 석탄 증산·비축을 실제 물량으로 만들고 QUAD 가입 없이 호주·가이아나와 에너지·방산 계약을 맺을 수 있는가?] || closed_loops=[센트리언 해킹 차단과 역추적.] => [센트리언 해킹 차단; 몽골 석탄 증산·비축 지시] || opened_loops=[호주 석탄 장기계약, 가이아나 방산, 북한 장남 변수.] => [몽골 석탄 실제 생산·비축; 호주 석탄·가이아나 방산 계약; 북한 장남 변수] || [MANAGER_FOLLOWUP] reader_promise=[AI로 북한 공격을 막고 장남 경로와 호주석탄 물량을 함께 확보해 안보·에너지 역공을 준비하는 약속.] => [북한 AI 해킹을 막고 중국 전력난에 대비해 몽골 석탄 증산·비축을 준비하는 에너지 역공] || protagonist_goal=[침입을 역추적해 북한 내부 불만세력을 그리고 중국이 막은 호주산 석탄을 선점한다.] => [북한 해킹을 차단하고 중국 전력난에 쓸 몽골 석탄 생산량과 비축량을 늘린다.] || action=[AI 방어로 북한 해킹을 막고 장남 관련 경로를 검토한 뒤 몽골 석탄 생산량을 늘려 비축하라고 지시하며 호주·가이아나 순방을 구상한다.] => [AI 방어로 북한 해킹을 막고 장남 관련 경로를 검토한 뒤, 중국의 호주산 석탄 수입금지를 전력난 기회로 읽어 몽골 석탄 증산·비축을 지시한다.] || ending_hook=[몽골 석탄 증산·비축을 실제 물량으로 만들고 QUAD 가입 없이 호주·가이아나와 에너지·방산 계약을 맺을 수 있는가?] => [몽골 석탄 증산·비축을 실제 물량으로 만들고 QUAD 압박 속 중국 전력난에 어떻게 활용할 것인가?] || opened_loops=[몽골 석탄 실제 생산·비축; 호주 석탄·가이아나 방산 계약; 북한 장남 변수] => [몽골 석탄 실제 생산·비축; 중국 전력난; 북한 장남 변수]"
606,606,105771,105925,EDIT,state_change;closed_loops;opened_loops;protagonist_goal;ending_hook,prev L105761~L105770; hard L105771~L105925; next L105926~L105935,"L105771~L105925 원문을 다시 읽어 계획·가능성·협상 전과 실행·서명·소유·지급을 분리하고, 인접 화의 구체 결과를 현재 화의 완료 상태에서 제거했다. [MANAGER_FOLLOWUP] 시작 SHA 7053d49dc7025e48b56daa2b35458965918ffc570cd66be0f87f4239992581f8와 현재 화 hard line을 대조해 11개 narrative field 중 3개를 교정했다.","state_change=[해외 현물구매에 의존하던 한국이 대규모 저장공간과 장기공급 계약을 설계하는 상태로 바뀐다.] => [해외 현물구매에 의존하던 한국이 고갈가스전을 저장고로 전환할 계획과 장기공급 협상일정을 갖추지만, 저장시설 공사는 아직 전이다.] || closed_loops=[LNG 저장고 전환 결정.] => [LNG 저장고 전환 결정; 호주·가이아나 순방 확정] || opened_loops=[호주 석탄계약, 가이아나 유전·방산 합의.] => [LNG 저장고 공사·가동; 호주 석탄계약; 가이아나 유전·방산 합의] || [MANAGER_FOLLOWUP] protagonist_goal=[저장고 전환을 정부사업으로 확정하고 호주·가이아나 순방에서 공급계약을 닫는다.] => [동해 가스전의 저장고 전환을 정부사업으로 확정하고 호주·가이아나 출장 역할을 나눈다.] || ending_hook=[모리슨이 중국에 막힌 석탄을 태우에 장기판매할지와 가이아나가 유전·방산안을 받을지가 열린다.] => [호주와 가이아나로 갈라진 두 출장에서 어떤 에너지·투자 성과를 가져올 것인가?] || opened_loops=[LNG 저장고 공사·가동; 호주 석탄계약; 가이아나 유전·방산 합의] => [LNG 저장고 공사·가동; 호주·가이아나 출장 협상]"
607,607,105926,106110,EDIT,paid_reward;state_change;closed_loops;opened_loops;ending_hook,prev L105916~L105925; hard L105926~L106110; next L106111~L106120,"L105926~L106110 원문을 다시 읽어 계획·가능성·협상 전과 실행·서명·소유·지급을 분리하고, 인접 화의 구체 결과를 현재 화의 완료 상태에서 제거했다. [MANAGER_FOLLOWUP] 시작 SHA 7053d49dc7025e48b56daa2b35458965918ffc570cd66be0f87f4239992581f8와 현재 화 hard line을 대조해 11개 narrative field 중 2개를 교정했다.","paid_reward=[태우의 장기구매 제안이 공식화되고 호주 측의 역조건에 대응할 카드가 가동된다.] => [호주 석탄 장기구매 제안을 공식화하고 역조건에 맞설 숨은 카드를 준비한다. 가격·물량·장기계약은 아직 확정 전이다.] || state_change=[중국에 판로를 막힌 석탄이 태우의 장기계약 대상이 되어 호주와 한국의 이해가 직접 연결된다.] => [중국에 판로를 막힌 호주 석탄이 태우의 장기계약 후보가 되지만, 계약·공급은 협상 중이다.] || closed_loops=[호주 협상 개시와 대체카드 투입.] => [호주 장기구매 제안; 협상 카드 준비] || opened_loops=[장기 석탄물량 확정, 중국 전력난 판매, 가이아나 순방.] => [호주 석탄 가격·물량·장기계약; 가이아나 순방] || [MANAGER_FOLLOWUP] ending_hook=[숨은 카드로 어떤 가격·물량을 받고 가이아나 계약까지 이어 갈지가 남는다.] => [한 부회장이 준비한 숨은 카드로 모리슨에게서 어떤 가격·물량·기간의 석탄 조건을 받아낼지가 남는다.] || opened_loops=[호주 석탄 가격·물량·장기계약; 가이아나 순방] => [호주 석탄 가격·물량·장기계약]"
608,608,106111,106261,PASS,"",prev L106101~L106110; hard L106111~L106261; next L106262~L106271,"현재 action·turn_or_reveal·paid_reward·state_change·ending_hook·closed_loops·opened_loops가 하드 경계와 일치하며, 계획·계약 전 상태나 인접 화 결과를 완료로 선취하지 않는다.",""
609,609,106262,106419,EDIT,action;turn_or_reveal;paid_reward;state_change;ending_hook;closed_loops;opened_loops,prev L106252~L106261; hard L106262~L106419; next L106420~L106429,L106262~L106419은 미아인 불법망의 일주일 정보수집·공개 계획과 김태중의 동의까지다. 증거·보호팀·계좌동결·정유회사 권리를 다음 화들에서 현재 화로 당기지 않았다.,"action=[김태중과 베트남 사이공은행 미아인의 불법대출·차명망을 역이용한다] => [김태중과 베트남 사이공은행 미아인의 불법대출·차명망을 의심하고 일주일 안에 정보를 모아 공개할 조사계획을 세운다.] || turn_or_reveal=[성공하면 미국·유럽·아시아가 김민재가 짠 에너지판에서 움직일 모험수임이 확인된다.] => [김태중이 정부 고위층을 움직일 구상을 받아들이지만, 불법계좌·창고 증거와 보호팀 배치는 아직 전이다.] || paid_reward=[차명대출·페이퍼컴퍼니·권력연결 증거와 강 대위 보호팀이 배치돼 공개 직전까지 간다.] => [미아인 부패망을 조사·공개할 계획과 김태중의 동의를 얻는다. 구체 증거·계좌동결·정유회사 권리는 아직 없다.] || state_change=[의심뿐이던 베트남 부패재벌이 금융타워 정보망으로 해체 가능한 구체 계좌·정치망으로 드러난다.] => [베트남 부패재벌에 대한 의심이 일주일 정보수집·공개 작전으로 구체화되지만, 증거확보 전이다.] || ending_hook=[자료를 공개했을 때 베트남 정부가 미아인을 버리고 김태중에게 거점을 내줄지가 걸린다.] => [일주일 안에 불법대출·차명망의 실제 증거를 확보해 베트남 정부가 움직일 만큼 공개할 수 있는가?] || closed_loops=[미아인 불법망 증거와 보호작전.] => [미아인 부패망 조사·공개 계획; 김태중의 동의] || opened_loops=[계좌동결·구속, 정유회사 인수, 베트남 고위층 재편.] => [불법대출·차명망 증거수집; 공개·계좌동결·구속; 정유회사 인수]"
610,610,106420,106590,EDIT,reader_promise;protagonist_goal;action;turn_or_reveal;paid_reward;state_change;ending_hook;closed_loops;opened_loops,prev L106410~L106419; hard L106420~L106590; next L106591~L106600,"관리자 readback 보정. L106420~L106590에는 가이아나 군수계약·스테이블코인 공격 준비, 40조 원 불법대출·10조 원 비자금 보고서 공개, 베트남 정부의 주동자 수습선과 김태중 통로까지만 있다. 아홉 현금창고 압수·계좌동결·구속·정유회사 인수는 611화 L106617~L106650 지급이므로 제거했다.","action=[40조 원 불법대출·10조 원 비자금과 아홉 현금창고를 공개하고 미아인의 계좌·페이퍼컴퍼니를 동결한다] => [가이아나 30억 달러 군수계약과 스테이블코인 공개공격 준비를 확인한 뒤, 40조 원 불법대출·10조 원 비자금 보고서를 터뜨려 베트남 정부가 주동자 처리에 합의하게 한다.] || paid_reward=[미아인의 아홉 현금창고·차명계좌가 공개·동결되고 베트남 정부의 개인일탈 수습선과 김태중의 총리통로가 확보된다.] => [가이아나 30억 달러 군수계약과 스테이블코인 공개공격 계획, 사이공은행 40조 원 불법대출·10조 원 비자금 보고서, 베트남 정부의 주동자 수습 결정과 김태중의 총리 통로를 얻는다. 현금창고 압수·계좌동결·구속·정유회사 인수는 아직 전이다.] || state_change=[부패망을 폭로할 외국 투자자에서 베트남 총리·고위층의 수습방향까지 움직이는 현지 권력자로 올라선다.] => [미아인 부패망에 대한 조사가 국제 신용평가 보고서와 베트남 정부의 주동자 수습 결정으로 바뀌지만, 재산 압수·구속·소유권 지급은 아직 실행 전이다.] || ending_hook=[미아인 본인 구속과 정유회사 인수가 실제로 닫힐지, 김태중의 다음 삶이 무엇일지가 남는다.] => [베트남 정부가 이번 주 안에 주동자 처리를 실제 집행하고, 김태중이 얻은 현지 고위층 통로를 어떤 다음 역할로 바꿀 것인가?] || closed_loops=[불법자금 공개·계좌동결과 정부 수습선.] => [가이아나 군수계약 확인; 스테이블코인 공개공격 준비; 40조 원 불법대출·10조 원 비자금 보고서 공개; 베트남 정부 수습선; 김태중 총리 통로] || opened_loops=[미아인 구속, 정유회사 소유권, 김태중의 축구협회 도전.] => [베트남 정부의 주동자 실제 처분; 사이공은행 안정; 김태중 현지 통로의 다음 역할]"
611,611,106591,106781,EDIT,ending_hook;opened_loops,prev L106581~L106590; hard L106591~L106781; next L106782~L106791,L106591~L106781의 실제 마지막 프레임만 남겨 다음 화의 인물·금액·계약·결과를 훅과 열린 루프에서 의미상 선취하지 않도록 고쳤다.,"ending_hook=[김태중이 축구단 애정 너머 품은 목적과 이를 위해 필요한 250억 지원이 남는다.] => [베트남 결산 뒤 부산 축구장에서 김태중이 말한 '다른 목적'은 무엇이며 김민재에게 어떤 도움을 청할 것인가?] || opened_loops=[축구협회장 출마의사, 선거자금·대의원 구조.] => [김태중의 부산 축구장 방문 목적·새 공적역할; 구체 지원 요청]"
612,612,106782,106960,EDIT,ending_hook;opened_loops,prev L106772~L106781; hard L106782~L106960; next L106961~L106970,L106782~L106960의 실제 마지막 프레임만 남겨 다음 화의 인물·금액·계약·결과를 훅과 열린 루프에서 의미상 선취하지 않도록 고쳤다.,"ending_hook=[기존 대의원 카르텔을 중계권·추가구단 공약으로 얼마나 흔들 수 있을지가 열린다.] => [김태중의 축구협회장 도전을 위해 마련한 연 90억 원·후원사 자금과 인맥을 실제 선거운동·표로 바꿀 수 있는가?] || opened_loops=[17표 확보, 메타버스 지분대가, 협회 개혁.] => [축구협회장 선거전략·표 확보; 메타버스 지분교환 계약]"
613,613,106961,107161,EDIT,action;paid_reward;state_change;closed_loops;opened_loops;ending_hook,prev L106951~L106960; hard L106961~L107161; next L107162~L107171,"L106961~L107161 원문을 다시 읽어 계획·가능성·협상 전과 실행·서명·소유·지급을 분리하고, 인접 화의 구체 결과를 현재 화의 완료 상태에서 제거했다. [MANAGER_FOLLOWUP] 시작 SHA 7053d49dc7025e48b56daa2b35458965918ffc570cd66be0f87f4239992581f8와 현재 화 hard line을 대조해 11개 narrative field 중 2개를 교정했다.","action=[국제 축구인맥·추가 구단·중계권 60억에서 300억 인상으로 기존 카르텔을 깬다] => [국제 축구인맥·추가 구단·중계권 60억에서 300억 인상 공약을 대의원들에게 제시해 우호 반응을 끌어낸다.] || paid_reward=[추가구단·중계료 60억→300억·후원확대 공약이 발표되고 대의원 표가 김태중 쪽으로 움직인다.] => [추가구단·중계료 인상·후원확대 공약과 대의원들의 호의적 반응을 얻는다. 실제 표와 당선은 아직 전이다.] || state_change=[외부의 부자후보가 협회 수익구조를 바꿀 개혁후보가 되고 카르텔 대의원은 스스로 표를 내줄 유인에 묶인다.] => [외부의 부자후보가 협회 수익구조를 바꿀 개혁후보로 보이기 시작하지만 카르텔 붕괴·표결은 남는다.] || closed_loops=[선거공약과 표결집.] => [선거공약 제시; 대의원 우호 반응] || opened_loops=[김태중 당선, 협회예산 감시, 플랫폼 지분보상.] => [실제 표결·17표 확보; 김태중 당선; 당선 뒤 이권관리] || [MANAGER_FOLLOWUP] ending_hook=[실제 투표에서 17표를 확보할지와 당선 뒤 이권관리를 지킬지가 남는다.] => [실제 투표에서 과반을 확보할지와 당선 뒤 이권관리를 지킬지가 남는다.] || opened_loops=[실제 표결·17표 확보; 김태중 당선; 당선 뒤 이권관리] => [실제 표결·과반 확보; 김태중 당선; 당선 뒤 이권관리]"
614,614,107162,107325,PASS,"",prev L107152~L107161; hard L107162~L107325; next L107326~L107335,"현재 action·turn_or_reveal·paid_reward·state_change·ending_hook·closed_loops·opened_loops가 하드 경계와 일치하며, 계획·계약 전 상태나 인접 화 결과를 완료로 선취하지 않는다.",""
615,615,107326,107501,PASS,"",prev L107316~L107325; hard L107326~L107501; next L107502~L107511,"현재 action·turn_or_reveal·paid_reward·state_change·ending_hook·closed_loops·opened_loops가 하드 경계와 일치하며, 계획·계약 전 상태나 인접 화 결과를 완료로 선취하지 않는다.",""
616,616,107502,107680,PASS,"",prev L107492~L107501; hard L107502~L107680; next L107681~L107690,"현재 action·turn_or_reveal·paid_reward·state_change·ending_hook·closed_loops·opened_loops가 하드 경계와 일치하며, 계획·계약 전 상태나 인접 화 결과를 완료로 선취하지 않는다.",""
617,617,107681,107841,EDIT,ending_hook;opened_loops,prev L107671~L107680; hard L107681~L107841; next L107842~L107851,L107681~L107841의 실제 마지막 프레임만 남겨 다음 화의 인물·금액·계약·결과를 훅과 열린 루프에서 의미상 선취하지 않도록 고쳤다.,"ending_hook=[싱밍이 어떤 동부시장·지분조건을 내놓고 김민재가 부동산 붕괴에 얼마나 걸지가 남는다.] => [공장철거 통보 뒤 중국이 재협상을 요청하면 센트리언의 공장·시장 권리를 어떤 조건으로 지킬 것인가?] || opened_loops=[동부 백신시장 확보, 100조 원 공매도.] => [중국 재협상; 센트리언 공장 존치·시장권리; 델타 백신대응]"
618,618,107842,108009,EDIT,ending_hook;opened_loops,prev L107832~L107841; hard L107842~L108009; next L108010~L108019,L107842~L108009의 실제 마지막 프레임만 남겨 다음 화의 인물·금액·계약·결과를 훅과 열린 루프에서 의미상 선취하지 않도록 고쳤다.,"ending_hook=[수에즈 운하 사고에서 태우의 중장비·해운망이 어떤 국가보상을 받을지가 열린다.] => [센트리언의 중국 동부시장 권리와 100조 원대 부동산 숏을 실제 이익으로 결산할 수 있는가?] || opened_loops=[에버그란데 결산, 수에즈 구조·확장공사.] => [중국 동부시장 실행; 부동산 공매도 결산·중국 대응]"
619,619,108010,108186,EDIT,action;turn_or_reveal;paid_reward;state_change;ending_hook;closed_loops;opened_loops;reader_promise,prev L108000~L108009; hard L108010~L108186; next L108187~L108196,"L108010~L108186은 선박 우회와 중장비·예인선 투입, 자비 구조작전의 시작이다. 나흘 뒤 재개통·우선통항·확장공사 보상은 620화 지급으로 남겼다. [MANAGER_FOLLOWUP] 시작 SHA 7053d49dc7025e48b56daa2b35458965918ffc570cd66be0f87f4239992581f8와 현재 화 hard line을 대조해 11개 narrative field 중 3개를 교정했다.","action=[수에즈 좌초 때 태우선박을 우회시키고 중장비·예인선으로 운하를 나흘 만에 연다] => [수에즈 좌초 소식을 받자 태우 선박을 우회시키고 중장비·예인선을 투입해 자비로 운하 구조작업을 시작한다.] || turn_or_reveal=[대가를 먼저 요구하지 않는 순수한 도움 연기가 아프리카연합의 장기신뢰를 사는 최적 수단이 된다.] => [우회로로 태우 선박 피해를 줄이고 구조장비를 집중하지만 운하는 아직 막혀 있으며 재개통·보상은 남는다.] || paid_reward=[운하가 나흘 만에 재개통되고 태우는 이집트 신뢰와 2억 달러 확장공사 협상권을 얻는다.] => [태우 선박 우회와 중장비·예인선 투입, 자비 구조작전 개시를 실행한다. 나흘 재개통·우선통항·확장공사는 아직 전이다.] || state_change=[우회로 피해를 피하는 선사에서 세계 물류병목을 직접 해결하고 운하확장에 참여하는 국가급 사업자로 올라선다.] => [우회로 피해를 피하는 선사에서 세계 물류병목을 직접 해결하려는 구조주체로 나서지만 결과는 미지급이다.] || ending_hook=[우선통항·확장계약을 닫은 뒤 로나 스테이블코인 공격과 이상기후가 다음 위험으로 열린다.] => [투입한 중장비·예인선이 수에즈 운하를 실제 열고 이집트의 신뢰·보상으로 이어질 수 있는가?] || closed_loops=[수에즈 구조와 이집트 신뢰 확보.] => [태우 선박 우회; 수에즈 구조장비·인력 투입] || opened_loops=[확장공사·우선통항권, 로나 공매도, 폭우발 대란.] => [운하 재개통; 이집트 신뢰; 우선통항·확장공사 보상] || [MANAGER_FOLLOWUP] reader_promise=[태우 중장비·예인선으로 운하를 나흘 만에 열고 이집트 신뢰·확장공사를 얻는 약속.] => [태우 중장비·예인선으로 수에즈 구조에 먼저 뛰어들어 세계 물류병목과 이집트 신뢰를 되찾는 약속.] || paid_reward=[태우 선박 우회와 중장비·예인선 투입, 자비 구조작전 개시를 실행한다. 나흘 재개통·우선통항·확장공사는 아직 전이다.] => [태우 선박 우회와 중장비·예인선 투입, 자비 구조작전을 시작한다. 운하는 아직 막혀 있고 구조결과·보상은 없다.] || opened_loops=[운하 재개통; 이집트 신뢰; 우선통항·확장공사 보상] => [운하 구조 성공·재개통; 이집트 신뢰; 구조 뒤 보상 협상]"
620,620,108187,108349,EDIT,ending_hook;closed_loops;opened_loops,prev L108177~L108186; hard L108187~L108349; next L108350~L108359,"L108187~L108349 원문을 다시 읽어 계획·가능성·협상 전과 실행·서명·소유·지급을 분리하고, 인접 화의 구체 결과를 현재 화의 완료 상태에서 제거했다.","ending_hook=[세계 폭우가 석탄·곡물 공급을 얼마나 끊고 로나 공격이 언제 결산될지가 남는다.] => [수에즈 보상을 확보한 뒤 막 시작한 로나 구조 공개·공매도가 언제 어떤 규모로 결산되고, 세계 폭우가 실물 공급망을 얼마나 끊을 것인가?] || closed_loops=[수에즈 구조 보상과 로나 1차 공격.] => [수에즈 재개통·우선통항·확장공사 약속] || opened_loops=[중국 탄광침수, 식량·에너지 대란, 로나 99퍼센트 붕괴.] => [로나 공매도 결산; 세계 폭우·식량·에너지 대란]"
621,621,108350,108523,PASS,"",prev L108340~L108349; hard L108350~L108523; next L108524~L108533,"현재 action·turn_or_reveal·paid_reward·state_change·ending_hook·closed_loops·opened_loops가 하드 경계와 일치하며, 계획·계약 전 상태나 인접 화 결과를 완료로 선취하지 않는다.",""
622,622,108524,108692,EDIT,ending_hook;opened_loops,prev L108514~L108523; hard L108524~L108692; next L108693~L108702,"현재 action·turn_or_reveal·paid_reward·state_change·ending_hook·closed_loops·opened_loops가 하드 경계와 일치하며, 계획·계약 전 상태나 인접 화 결과를 완료로 선취하지 않는다. [MANAGER_FOLLOWUP] 시작 SHA 7053d49dc7025e48b56daa2b35458965918ffc570cd66be0f87f4239992581f8와 현재 화 hard line을 대조해 11개 narrative field 중 2개를 교정했다.","[MANAGER_FOLLOWUP] ending_hook=[필요한 평야를 누가 사고 자율주행·당 후계문제까지 청와대에서 어떻게 묶을지가 남는다.] => [기업농에 필요한 농지를 어떻게 확보하고 자율주행·당 후계문제까지 청와대에서 어떻게 묶을지가 남는다.] || opened_loops=[국내 평야매입, 기업농 입법, 농민반발.] => [기업농 농지확보; 기업농 입법; 농민반발] || [MANAGER_FOLLOWUP] ending_hook=[필요한 평야를 누가 사고 자율주행·당 후계문제까지 청와대에서 어떻게 묶을지가 남는다.] => [기업농에 필요한 농지를 어떻게 확보하고 자율주행·당 후계문제까지 청와대에서 어떻게 묶을지가 남는다.] || opened_loops=[국내 평야매입, 기업농 입법, 농민반발.] => [기업농 농지확보; 기업농 입법; 농민반발]"
623,623,108693,108858,PASS,"",prev L108683~L108692; hard L108693~L108858; next L108859~L108868,"현재 action·turn_or_reveal·paid_reward·state_change·ending_hook·closed_loops·opened_loops가 하드 경계와 일치하며, 계획·계약 전 상태나 인접 화 결과를 완료로 선취하지 않는다.",""
624,624,108859,109020,PASS,"",prev L108849~L108858; hard L108859~L109020; next L109021~L109030,"현재 action·turn_or_reveal·paid_reward·state_change·ending_hook·closed_loops·opened_loops가 하드 경계와 일치하며, 계획·계약 전 상태나 인접 화 결과를 완료로 선취하지 않는다.",""
625,625,109021,109183,EDIT,action;paid_reward;state_change;ending_hook;closed_loops;opened_loops,prev L109011~L109020; hard L109021~L109183; next L109184~L109193,"L109021~L109183 원문을 다시 읽어 계획·가능성·협상 전과 실행·서명·소유·지급을 분리하고, 인접 화의 구체 결과를 현재 화의 완료 상태에서 제거했다.","action=[제주 무인주행을 성공시키고 당원 3천 명을 검증해 내부 배신자를 찾는다] => [제주 무인주행 성공을 확인하고 강 대위에게 국민경제당 당원 3천 명을 검증해 내부 배신자를 찾으라고 지시한다.] || paid_reward=[제주 무인주행이 성공하고 3천 명 당원검증 자료·수사방식이 준비된다.] => [제주 무인주행 성공과 당원 3천 명 검증자료·수사방식을 확보한다. 배신자 신원·증거는 아직 전이다.] || state_change=[자율주행은 연구단계를 넘어 실제도로 성과를 보이고 정당은 신뢰가 아닌 증거기반 재편에 들어간다.] => [자율주행은 실제도로 성과를 보이고 정당은 내부 배신자를 찾는 증거기반 검증에 들어가지만, 숙청 대상은 특정 전이다.] || ending_hook=[배신자가 누구이며 연변·도박·비트코인 자금이 어디까지 이어지는지가 열린다.] => [강 대위가 3천 명 자료에서 실제 배신자와 자금망을 특정해 증거로 넘길 수 있는가?] || closed_loops=[제주 실증 성공과 당원검증 착수.] => [제주 실증 성공; 당원검증 착수] || opened_loops=[유석훈·백두혈통 장남 자금망, 기업농 법의 정치반발.] => [배신자 신원·자금망·증거 확보; 당 내부정리]"
626,626,109184,109346,PASS,"",prev L109174~L109183; hard L109184~L109346; next L109347~L109356,"현재 action·turn_or_reveal·paid_reward·state_change·ending_hook·closed_loops·opened_loops가 하드 경계와 일치하며, 계획·계약 전 상태나 인접 화 결과를 완료로 선취하지 않는다.",""
627,627,109347,109508,EDIT,state_change;closed_loops;opened_loops,prev L109337~L109346; hard L109347~L109508; next L109509~L109518,"L109347~L109508 원문을 다시 읽어 계획·가능성·협상 전과 실행·서명·소유·지급을 분리하고, 인접 화의 구체 결과를 현재 화의 완료 상태에서 제거했다.","state_change=[단순 석탄판매가 중국 전력난 지렛대와 북한 대안세력의 우회기반으로 바뀐다.] => [단순 석탄판매가 중국 전력난 지렛대와 장남의 우회기반을 만들 조건부 협상으로 바뀌지만 장기계약·연변 기반은 아직 성립 전이다.] || closed_loops=[중국 석탄지원 조건 설정.] => [중국 석탄지원 조건 제시] || opened_loops=[장기계약, 장남의 연변 기반, 북한 의존도 상승.] => [중국 장기계약; 연변 돈주·물류망; 장남의 실제 기반 형성]"
628,628,109509,109656,EDIT,opened_loops,prev L109499~L109508; hard L109509~L109656; next L109657~L109666,"현재 action·turn_or_reveal·paid_reward·state_change·ending_hook·closed_loops·opened_loops가 하드 경계와 일치하며, 계획·계약 전 상태나 인접 화 결과를 완료로 선취하지 않는다. [MANAGER_FOLLOWUP] 시작 SHA 7053d49dc7025e48b56daa2b35458965918ffc570cd66be0f87f4239992581f8와 현재 화 hard line을 대조해 11개 narrative field 중 1개를 교정했다.","[MANAGER_FOLLOWUP] opened_loops=[에버그란데 결산, 연변 돈주 자금화.] => [에버그란데 결산; 중국 작전세력 자금망] || [MANAGER_FOLLOWUP] opened_loops=[에버그란데 결산, 연변 돈주 자금화.] => [에버그란데 결산; 중국 작전세력 자금망]"
629,629,109657,109844,PASS,"",prev L109647~L109656; hard L109657~L109844; next L109845~L109854,"현재 action·turn_or_reveal·paid_reward·state_change·ending_hook·closed_loops·opened_loops가 하드 경계와 일치하며, 계획·계약 전 상태나 인접 화 결과를 완료로 선취하지 않는다.",""
630,630,109845,110005,EDIT,ending_hook;opened_loops,prev L109835~L109844; hard L109845~L110005; next L110006~L110015,L109845~L110005의 실제 마지막 프레임만 남겨 다음 화의 인물·금액·계약·결과를 훅과 열린 루프에서 의미상 선취하지 않도록 고쳤다.,"ending_hook=[러시아 3월 침공을 확인해 에너지에 자본절반을 걸고 일본 공격시점을 맞출 일이 남는다.] => [조지가 일본 금융전에 배치된 뒤 어떤 목표·자금·공격시점을 정해 첫 행동에 나설 것인가?] || opened_loops=[러우 개전시계, 에너지 대형베팅, 엔캐리 공격.] => [조지의 일본 공격계획·집행; 장남의 연변기반 성과]"
631,631,110006,110171,EDIT,ending_hook;opened_loops,prev L109996~L110005; hard L110006~L110171; next L110172~L110181,L110006~L110171의 실제 마지막 프레임만 남겨 다음 화의 인물·금액·계약·결과를 훅과 열린 루프에서 의미상 선취하지 않도록 고쳤다.,"ending_hook=[개전 전 말리 리튬광산 쿠데타를 어떻게 되찾을지가 먼저 열린다.] => [리강에게서 확인한 3월 침공시계와 에너지 자본배치가 실제 개전 때 어떤 수익·공급망 우위로 바뀔 것인가?] || opened_loops=[말리 광산탈환, 실제 개전, 에너지수익.] => [러시아의 실제 침공; 에너지 포지션 결산; 공급망 대응]"
632,632,110172,110332,PASS,"",prev L110162~L110171; hard L110172~L110332; next L110333~L110342,"현재 action·turn_or_reveal·paid_reward·state_change·ending_hook·closed_loops·opened_loops가 하드 경계와 일치하며, 계획·계약 전 상태나 인접 화 결과를 완료로 선취하지 않는다.",""
633,633,110333,110512,EDIT,ending_hook;opened_loops,prev L110323~L110332; hard L110333~L110512; next L110513~L110522,L110333~L110512의 실제 마지막 프레임만 남겨 다음 화의 인물·금액·계약·결과를 훅과 열린 루프에서 의미상 선취하지 않도록 고쳤다.,"ending_hook=[오미크론 이후 코로나 종식과 러우전쟁 외교를 어떤 자신감으로 맞을지가 열린다.] => [되찾은 말리 광산을 유지하면서 바그너와 거리를 두고 민간피해·제재 위험을 제한할 수 있는가?] || opened_loops=[바그너 거리관리, 오미크론·러우 외교.] => [바그너 거리관리; 말리 광산 운영; 민간피해·제재 위험]"
634,634,110513,110687,EDIT,ending_hook;opened_loops,prev L110503~L110512; hard L110513~L110687; next L110688~L110697,L110513~L110687의 실제 마지막 프레임만 남겨 다음 화의 인물·금액·계약·결과를 훅과 열린 루프에서 의미상 선취하지 않도록 고쳤다.,"ending_hook=[이 상무의 CNC 북한유입과 기업농 법안 반발을 동시에 통과시킬 일이 남는다.] => [오미크론을 종식 전환점으로 삼고 러우전쟁 속에서도 최재석 정부가 굴종 없이 독자외교를 실행할 수 있는가?] || opened_loops=[CNC 장남경로, 기업농 입법·농민시위.] => [코로나 종식 전환; 러우전쟁 독자외교; 에너지·식량 카드]"
635,635,110688,110860,EDIT,ending_hook;opened_loops,prev L110678~L110687; hard L110688~L110860; next L110861~L110870,L110688~L110860의 실제 마지막 프레임만 남겨 다음 화의 인물·금액·계약·결과를 훅과 열린 루프에서 의미상 선취하지 않도록 고쳤다.,"ending_hook=[농민시위와 28GHz 적자를 감수해도 장기효과를 지킬지가 남는다.] => [통과한 기업농 법이 예상한 농민반발을 버티며 실제 생산·유통개혁으로 이어질 수 있는가?] || opened_loops=[농민반발, 장남의 공작기계 활용.] => [기업농 법 집행; 농민시위·지지율 비용; CNC 경로의 결과]"
636,636,110861,111037,EDIT,ending_hook;opened_loops,prev L110851~L110860; hard L110861~L111037; next L111038~L111047,L110861~L111037의 실제 마지막 프레임만 남겨 다음 화의 인물·금액·계약·결과를 훅과 열린 루프에서 의미상 선취하지 않도록 고쳤다.,"ending_hook=[과로한 김민재를 걱정하는 김태중에게 어떤 개인적 보상을 돌려줄지가 열린다.] => [손실을 감수해 지킨 기업농·28GHz가 농산물 가격과 자율주행·스마트팜의 실제 장기효과를 낼 것인가?] || opened_loops=[농산물 가격효과, 리즈 구단 가족선물.] => [농산물 가격효과; 28GHz 자율주행·스마트팜 성과]"
637,637,111038,111207,EDIT,ending_hook,prev L111028~L111037; hard L111038~L111207; next L111208~L111217,"현재 action·turn_or_reveal·paid_reward·state_change·ending_hook·closed_loops·opened_loops가 하드 경계와 일치하며, 계획·계약 전 상태나 인접 화 결과를 완료로 선취하지 않는다. [MANAGER_FOLLOWUP] 시작 SHA 7053d49dc7025e48b56daa2b35458965918ffc570cd66be0f87f4239992581f8와 현재 화 hard line을 대조해 11개 narrative field 중 1개를 교정했다.",[MANAGER_FOLLOWUP] ending_hook=[안드레아에게 어떤 성적연동 조건을 주고 EPL 심사를 넘을지가 남는다.] => [구단 매도 측과 어떤 성적연동 조건을 주고 EPL 심사를 넘을지가 남는다.] || [MANAGER_FOLLOWUP] ending_hook=[안드레아에게 어떤 성적연동 조건을 주고 EPL 심사를 넘을지가 남는다.] => [구단 매도 측과 어떤 성적연동 조건을 주고 EPL 심사를 넘을지가 남는다.]
638,638,111208,111361,EDIT,action;paid_reward;state_change;ending_hook;closed_loops;opened_loops,prev L111198~L111207; hard L111208~L111361; next L111362~L111371,"L111208~L111361 원문을 다시 읽어 계획·가능성·협상 전과 실행·서명·소유·지급을 분리하고, 인접 화의 구체 결과를 현재 화의 완료 상태에서 제거했다.","action=[데이비드가 안드레아에게 1억 파운드 성적연동 옵션을 제시해 리즈를 확보한다] => [데이비드가 안드레아에게 1억 파운드 성적연동 옵션을 제시해 리즈 인수조건에 합의하고 EPL 심사를 기다린다.] || paid_reward=[안드레아와 1억 파운드 성적연동 인수조건이 합의된다.] => [안드레아와 1억 파운드 성적연동 인수조건에 합의한다. EPL 승인과 구단 소유권 이전은 아직 전이다.] || state_change=[막연한 가족선물이 성적과 비용을 연동한 실제 인수계약으로 바뀐다.] => [막연한 가족선물이 조건부 인수합의로 구체화되지만 공식 EPL 구단 소유권은 심사 전이다.] || ending_hook=[EPL 승인 뒤 홀란드·이강임·감독을 확보해 우승전력으로 만들지가 남는다.] => [EPL 심사를 통과해 인수합의를 실제 구단 소유권으로 바꾸고 선수·감독 영입을 시작할 수 있는가?] || closed_loops=[구단주와 인수조건 합의.] => [안드레아와 인수조건 합의] || opened_loops=[리그 승인, 선수·감독 영입.] => [EPL 승인·소유권 이전; 선수·감독 영입]"
639,639,111362,111532,EDIT,ending_hook;opened_loops;reader_promise;action;paid_reward,prev L111352~L111361; hard L111362~L111532; next L111533~L111542,L111362~L111532의 실제 마지막 프레임만 남겨 다음 화의 인물·금액·계약·결과를 훅과 열린 루프에서 의미상 선취하지 않도록 고쳤다. [MANAGER_FOLLOWUP] 시작 SHA 7053d49dc7025e48b56daa2b35458965918ffc570cd66be0f87f4239992581f8와 현재 화 hard line을 대조해 11개 narrative field 중 5개를 교정했다.,ending_hook=[금리·크레디트스위스·암호화폐 위험 속 고액계약을 감수할지가 남는다.] => [EPL 승인 뒤 홀란드·이강임·감독 영입계획을 실제 계약으로 닫아 우승전력을 만들 수 있는가?] || opened_loops=[홀란드 조건·우승전력 완성.] => [홀란드·이강임·감독 협상·계약; 우승전력 구축] || [MANAGER_FOLLOWUP] reader_promise=[심사승인 뒤 홀란드·이강임·감독을 채워 김태중의 새 무대를 실제 우승경쟁팀으로 만드는 약속.] => [심사승인 뒤 홀랜드·감독 등 스타 전력을 채워 김태중의 새 무대를 실제 우승경쟁팀으로 만드는 약속.] || action=[EPL 승인을 받고 홀란드·이강임과 감독 영입계획을 세운다] => [EPL 승인을 받고 홀랜드와 감독 등 스타 영입계획을 세운다.] || paid_reward=[EPL 인수승인이 나고 홀란드·이강임·감독 영입계획이 확정된다.] => [EPL 인수승인이 나고 홀랜드·감독 등 스타 영입계획이 확정된다.] || ending_hook=[EPL 승인 뒤 홀란드·이강임·감독 영입계획을 실제 계약으로 닫아 우승전력을 만들 수 있는가?] => [EPL 승인 뒤 홀랜드와 감독 등 스타 영입계획을 실제 계약으로 닫아 우승전력을 만들 수 있는가?] || opened_loops=[홀란드·이강임·감독 협상·계약; 우승전력 구축] => [홀랜드·감독 등 스타 협상·계약; 우승전력 구축]
640,640,111533,111697,EDIT,ending_hook;opened_loops;reader_promise;action;paid_reward,prev L111523~L111532; hard L111533~L111697; next L111698~L111707,L111533~L111697의 실제 마지막 프레임만 남겨 다음 화의 인물·금액·계약·결과를 훅과 열린 루프에서 의미상 선취하지 않도록 고쳤다. [MANAGER_FOLLOWUP] 시작 SHA 7053d49dc7025e48b56daa2b35458965918ffc570cd66be0f87f4239992581f8와 현재 화 hard line을 대조해 11개 narrative field 중 5개를 교정했다.,"ending_hook=[홀란드의 3년 유럽조항과 베이징올림픽 외교가 어떻게 맞물릴지가 열린다.] => [금융위험을 관리하면서 한 달 안에 홀란드와 감독의 실제 계약을 성사시킬 수 있는가?] || opened_loops=[홀란드 계약, 러우 개전 전 에너지외교.] => [홀란드·감독 계약; 금리·은행·암호화폐 위험 대응] || [MANAGER_FOLLOWUP] reader_promise=[금융폭풍을 준비하면서도 홀란드 고액계약을 감수해 가족구단의 경쟁력을 지키는 약속.] => [금융폭풍을 준비하면서도 홀랜드 고액계약을 감수해 가족구단의 경쟁력을 지키는 약속.] || action=[연준 금리인상·크레디트스위스·암호화폐 위험을 점검하고 홀란드 고액계약을 감수한다] => [연준 금리인상·크레디트스위스·암호화폐 위험을 점검하고 홀랜드 고액계약을 감수한다.] || paid_reward=[위험자산 대응안과 홀란드 고액계약 허용선이 함께 정해진다.] => [위험자산 대응안과 홀랜드 고액계약 허용선이 함께 정해진다.] || ending_hook=[금융위험을 관리하면서 한 달 안에 홀란드와 감독의 실제 계약을 성사시킬 수 있는가?] => [금융위험을 관리하면서 한 달 안에 홀랜드와 감독의 실제 계약을 성사시킬 수 있는가?] || opened_loops=[홀란드·감독 계약; 금리·은행·암호화폐 위험 대응] => [홀랜드·감독 계약; 금리·은행·암호화폐 위험 대응]"
641,641,111698,111871,EDIT,ending_hook;opened_loops,prev L111688~L111697; hard L111698~L111871; next L111872~L111881,L111698~L111871의 실제 마지막 프레임만 남겨 다음 화의 인물·금액·계약·결과를 훅과 열린 루프에서 의미상 선취하지 않도록 고쳤다.,"ending_hook=[장남이 이 상무의 돈·CNC를 빼앗는 개인복수와 러우 침공이 언제 겹칠지가 남는다.] => [홀란드 영입과 베이징 외교선을 확보한 뒤, 다가오는 러우전쟁에서 미중 사이 독자공간을 어떻게 지킬 것인가?] || opened_loops=[이 상무 복수결산, 러우 개전·에너지주도권.] => [러우전쟁 개전·에너지주도권; 베이징 외교의 결과]"
642,642,111872,112067,EDIT,ending_hook;opened_loops,prev L111862~L111871; hard L111872~L112067; next L112068~L112077,L111872~L112067의 실제 마지막 프레임만 남겨 다음 화의 인물·금액·계약·결과를 훅과 열린 루프에서 의미상 선취하지 않도록 고쳤다.,"ending_hook=[그날 러시아가 우크라이나를 침공해 개인복수보다 큰 세계전선이 열린다.] => [돈·신뢰·CNC를 잃고도 상황을 이해하지 못하는 이 상무의 잔여망이 어디까지 무너지고, 장남은 빼앗은 기반을 어떻게 쓸 것인가?] || opened_loops=[러우 침공 대응, 장남 세력의 성장.] => [이 상무 잔여망 종결; 장남의 CNC·자금 활용]"
643,643,112068,112240,EDIT,ending_hook;opened_loops,prev L112058~L112067; hard L112068~L112240; next L112241~L112250,L112068~L112240의 실제 마지막 프레임만 남겨 다음 화의 인물·금액·계약·결과를 훅과 열린 루프에서 의미상 선취하지 않도록 고쳤다.,"ending_hook=[천민정의 게임·플랫폼과 한국 탄약을 어떻게 직접참전 없이 우크라이나에 보탤지가 열린다.] => [침공 첫날 밤의 흐름을 바꾸되 한국·태우가 직접참전하지 않을 정보·공급망 개입수단은 무엇인가?] || opened_loops=[친우크라 여론, 간접탄약, 유럽 산업진출.] => [침공 첫날 대응; 간접 정보·군수 지원수단; 전시 공급망]"
644,644,112241,112414,EDIT,action;paid_reward;state_change;ending_hook;closed_loops;opened_loops,prev L112231~L112240; hard L112241~L112414; next L112415~L112424,"L112241~L112414 원문을 다시 읽어 계획·가능성·협상 전과 실행·서명·소유·지급을 분리하고, 인접 화의 구체 결과를 현재 화의 완료 상태에서 제거했다.","action=[천민정의 비밀 게임·플랫폼으로 친우크라이나 여론을 만들고 최재석에게 간접 탄약지원을 제안한다] => [천민정의 비밀 게임·플랫폼으로 친우크라이나 여론을 만들고, 직접지원 제약을 들은 뒤 최재석에게 쓸 수 있는 여러 우회방법이 있다고 알린다.] || paid_reward=[친우크라 정보전이 시작되고 미국 보충판매 형식의 탄약지원안이 청와대에 올라간다.] => [친우크라 정보전을 시작하고 한국이 직접지원하지 않고도 도울 수 있는 대안이 있음을 최재석에게 제시한다. 구체 탄약안·승인은 아직 전이다.] || state_change=[중립적으로 지켜보던 한국·태우가 법적거리를 유지한 채 여론·탄약으로 전쟁에 개입한다.] => [한국·태우가 정보전으로 개입하기 시작하지만, 법적 거리를 지킬 군수지원 구조는 설계 전이다.] || ending_hook=[데이비드에게 방산·원전·물류·식량까지 유럽 패키지를 펼칠 일이 남는다.] => [김민재가 가진 여러 방법 가운데 어떤 구조로 우크라이나와 한국 방산 모두를 돕고 직접지원 제약을 피할 것인가?] || closed_loops=[정보전 개시·탄약지원안.] => [친우크라 정보전 개시; 직접지원 제약 확인] || opened_loops=[미국 승인, 유럽 장기수주, 전황효과.] => [간접 탄약·군수지원 구조 설계; 정부·미국 승인; 전황효과]"
645,645,112415,112578,EDIT,ending_hook;opened_loops,prev L112405~L112414; hard L112415~L112578; next L112579~L112588,L112415~L112578의 실제 마지막 프레임만 남겨 다음 화의 인물·금액·계약·결과를 훅과 열린 루프에서 의미상 선취하지 않도록 고쳤다.,"ending_hook=[니켈 마진콜에 몰린 창산에게서 인도네시아 광산을 얻을 기회가 열린다.] => [설계한 미국 보충판매·유럽 방산·원전·물류·식량 패키지를 실제 승인과 장기계약으로 바꿀 수 있는가?] || opened_loops=[니켈 광산·LME 구제, 동유럽 계약.] => [미국 보충판매 승인; 유럽 방산·원전·물류·식량 계약]"
646,646,112579,112742,EDIT,action;paid_reward;state_change;ending_hook;closed_loops;opened_loops,prev L112569~L112578; hard L112579~L112742; next L112743~L112752,"L112579~L112742 원문을 다시 읽어 계획·가능성·협상 전과 실행·서명·소유·지급을 분리하고, 인접 화의 구체 결과를 현재 화의 완료 상태에서 제거했다. [MANAGER_FOLLOWUP] 시작 SHA 7053d49dc7025e48b56daa2b35458965918ffc570cd66be0f87f4239992581f8와 현재 화 hard line을 대조해 11개 narrative field 중 3개를 교정했다.","action=[러시아전쟁으로 니켈 공매도에 걸린 창산 시안을 만나 구제조건을 묻는다] => [니켈 공매도 마진콜에 몰린 창산 시안을 만나 구제조건을 묻고 현금 대신 인도네시아 니켈광산을 요구한다.] || paid_reward=[시안이 광산양도 조건을 놓고 협상에 들어가고 200억 달러 보증안이 준비된다.] => [시안에게 니켈광산 양도와 200억 달러 지급보증 교환안을 제시한다. 광산 양도·보증·LME 유예는 아직 합의 전이다.] || state_change=[타사의 마진콜 위기가 태우가 배터리 핵심광산을 사는 협상기회로 전환된다.] => [타사의 마진콜 위기가 배터리 핵심광산을 요구할 협상기회로 바뀌지만 소유권은 아직 없다.] || ending_hook=[시안이 광산을 내놓고 LME가 무제한 유예를 받아들일지가 남는다.] => [시안이 인도네시아 니켈광산을 내놓고 200억 달러 보증조건을 받아들일 것인가?] || closed_loops=[광산요구·구제조건 제시.] => [니켈광산 요구·구제조건 제시] || opened_loops=[소유권 이전, 200억 보증, 마진콜 유예.] => [시안의 수락·광산 양도; 200억 달러 보증; LME 유예협상] || [MANAGER_FOLLOWUP] paid_reward=[시안에게 니켈광산 양도와 200억 달러 지급보증 교환안을 제시한다. 광산 양도·보증·LME 유예는 아직 합의 전이다.] => [시안에게 금융타워가 거래소·중개사·대출선을 움직이는 구제 구상을 보여 주고 대가로 인도네시아 니켈광산을 요구한다. 광산 지분율·지급보증·합의는 아직 전이다.] || ending_hook=[시안이 인도네시아 니켈광산을 내놓고 200억 달러 보증조건을 받아들일 것인가?] => [시안이 그룹 구제의 대가로 인도네시아 니켈광산을 내놓을 것인가?] || opened_loops=[시안의 수락·광산 양도; 200억 달러 보증; LME 유예협상] => [시안의 수락; 니켈광산 지분조건; 금융타워 구제조건]"
647,647,112743,112917,EDIT,action;paid_reward;state_change;ending_hook;closed_loops;opened_loops,prev L112733~L112742; hard L112743~L112917; next L112918~L112927,"L112743~L112917 원문을 다시 읽어 계획·가능성·협상 전과 실행·서명·소유·지급을 분리하고, 인접 화의 구체 결과를 현재 화의 완료 상태에서 제거했다.","action=[시안의 니켈광산을 받고 200억 달러 지급보증을 서며 LME를 설득한다] => [시안의 니켈광산 양도와 200억 달러 지급보증에 합의하고, LME에 마진콜 무기한 유예를 요청한다.] || paid_reward=[인도네시아 니켈광산 양도와 200억 달러 보증, LME 마진콜 유예가 합의된다.] => [인도네시아 니켈광산 양도·200억 달러 보증 합의를 얻는다. LME의 무기한 유예 수락과 실제 소유권 이전은 아직 남는다.] || state_change=[태우는 구제금융 제공자에서 광산소유자·니켈가격 통제자로 올라서고 투기롱은 시간압박을 받는다.] => [태우가 광산 인수합의를 얻지만 소유권 이전·LME 유예는 집행·승인 전이다.] || ending_hook=[헤지펀드 손실과 러시아 원유 우회정유의 실물수익을 회수할 일이 남는다.] => [LME가 무기한 유예를 받아들이고 광산 소유권 이전까지 닫아 투기 롱을 시간압박에 넣을 수 있는가?] || closed_loops=[광산양도·LME 유예 계약.] => [니켈광산 양도·200억 달러 보증 합의] || opened_loops=[롱세력 청산, 동남아 정유망 수익.] => [광산 소유권 이전; LME 무기한 유예 수락; 롱세력 청산]"
648,648,112918,113086,EDIT,ending_hook;opened_loops,prev L112908~L112917; hard L112918~L113086; next L113087~L113096,L112918~L113086의 실제 마지막 프레임만 남겨 다음 화의 인물·금액·계약·결과를 훅과 열린 루프에서 의미상 선취하지 않도록 고쳤다.,"ending_hook=[동유럽 수주를 넓히던 중 미국 SVB 위기가 어떤 인수기회가 될지가 열린다.] => [니켈·러시아 에너지 결산 뒤 핵심광물과 제재 우회망을 제재위험 없이 장기 주도권으로 유지할 수 있는가?] || opened_loops=[SVB·연쇄은행 위기, 1달러 인수.] => [니켈광산 운영·가격안정; 러시아 에너지 우회망·제재위험]"
649,649,113087,113249,EDIT,state_change;ending_hook;closed_loops;opened_loops,prev L113077~L113086; hard L113087~L113249; next L113250~L113259,"L113087~L113249 원문을 다시 읽어 계획·가능성·협상 전과 실행·서명·소유·지급을 분리하고, 인접 화의 구체 결과를 현재 화의 완료 상태에서 제거했다.","state_change=[전쟁수주에 집중하던 금융타워가 미국 은행붕괴를 인수·통합할 새 전장으로 즉시 전환한다.] => [전쟁수주에 집중하던 금융타워가 미국 은행붕괴 신호를 포착해 분석에 들어가지만 인수·통합 전선은 아직 열리지 않았다.] || ending_hook=[다이먼 보고로 연쇄은행 목록과 정부협상 조건을 확정할지가 남는다.] => [SVB의 200억 달러 채권매각이 실제 뱅크런·유동성위기로 이어지는지 확인하고 어떤 조건으로 대응할 것인가?] || closed_loops=[동유럽 성과확인·SVB 위기포착.] => [동유럽 성과확인; SVB 위기신호 포착] || opened_loops=[뱅크런, FDIC·연준 협상, 1달러 인수.] => [SVB 위기분석·뱅크런; 미국당국 협상·인수 여부]"
650,650,113250,113408,EDIT,reader_promise;ending_hook,prev L113240~L113249; hard L113250~L113408; next L113409~L113418,"현재 action·turn_or_reveal·paid_reward·state_change·ending_hook·closed_loops·opened_loops가 하드 경계와 일치하며, 계획·계약 전 상태나 인접 화 결과를 완료로 선취하지 않는다. [MANAGER_FOLLOWUP] 시작 SHA 7053d49dc7025e48b56daa2b35458965918ffc570cd66be0f87f4239992581f8와 현재 화 hard line을 대조해 11개 narrative field 중 2개를 교정했다.",[MANAGER_FOLLOWUP] reader_promise=[은행실패를 금융타워의 미국통합 기회로 바꾸고 파월·옐런에게 1달러 인수를 요구하는 약속.] => [은행실패를 금융타워의 미국통합 기회로 바꾸고 미국 금융당국에 1달러 인수를 요구하는 약속.] || ending_hook=[뱅크런이 실제화될 때 파월·옐런·FDIC가 금융타워 조건을 받을지가 열린다.] => [뱅크런이 실제화될 때 미국 금융당국이 금융타워의 인수조건을 받을지가 열린다.] || [MANAGER_FOLLOWUP] reader_promise=[은행실패를 금융타워의 미국통합 기회로 바꾸고 파월·옐런에게 1달러 인수를 요구하는 약속.] => [은행실패를 금융타워의 미국통합 기회로 바꾸고 미국 금융당국에 1달러 인수를 요구하는 약속.] || ending_hook=[뱅크런이 실제화될 때 파월·옐런·FDIC가 금융타워 조건을 받을지가 열린다.] => [뱅크런이 실제화될 때 미국 금융당국이 금융타워의 인수조건을 받을지가 열린다.]
651,651,113409,113563,EDIT,ending_hook;opened_loops,prev L113399~L113408; hard L113409~L113563; next L113564~L113573,L113409~L113563의 실제 마지막 프레임만 남겨 다음 화의 인물·금액·계약·결과를 훅과 열린 루프에서 의미상 선취하지 않도록 고쳤다.,"ending_hook=[미 국채 보유·원전사업을 추가 대가로 받아 실제 계약을 닫을지가 남는다.] => [공식 협상안에 오른 1달러 인수를 미국 당국의 승인·서명과 실제 소유권 이전으로 닫을 수 있는가?] || opened_loops=[SVB 소유권, 400억 달러 원전사업, 정부보증.] => [미국 당국 승인·SVB 인수계약; 소유권 이전; 예금보증·추가 대가]"
652,652,113564,113713,EDIT,paid_reward;state_change;ending_hook;closed_loops;opened_loops,prev L113554~L113563; hard L113564~L113713; next L113714~L113723,"L113564~L113713 원문을 다시 읽어 계획·가능성·협상 전과 실행·서명·소유·지급을 분리하고, 인접 화의 구체 결과를 현재 화의 완료 상태에서 제거했다.","paid_reward=[SVB 1달러 인수, 예금보호·미 국채 유지와 400억 달러 원전사업 약속이 확정된다.] => [SVB 1달러 인수와 예금보호·미 국채 유지, 400억 달러 원전사업 약속을 계약으로 얻는다. 은행 통합·원전사업 집행은 남는다.] || state_change=[구제책 제공자가 미국 기술은행 소유자이자 원전시장 신규 핵심사업자로 동시에 올라선다.] => [금융타워가 미국 기술은행 인수자와 원전시장 약속의 수혜자가 되지만, 통합·사업수주는 집행 전이다.] || ending_hook=[다이먼이 통합을 실행하고 사우디 원유카르텔을 흔들 다음 충성의 대가가 남는다.] => [SVB 인수계약을 실제 은행 통합으로 실행하고 400억 달러 원전사업 약속을 수주로 바꿀 수 있는가?] || closed_loops=[SVB·원전 패키지 계약.] => [SVB 1달러 인수계약; 예금보호·미 국채 조건; 400억 달러 원전사업 약속] || opened_loops=[은행통합, 시그니처·리퍼블릭, 사우디 에너지 거래.] => [SVB 통합; 원전사업 실제 발주·수주; 추가 부실은행]"
653,653,113714,113857,EDIT,action;paid_reward;state_change;ending_hook;closed_loops;opened_loops,prev L113704~L113713; hard L113714~L113857; next L113858~L113867,"L113714~L113857 원문을 다시 읽어 계획·가능성·협상 전과 실행·서명·소유·지급을 분리하고, 인접 화의 구체 결과를 현재 화의 완료 상태에서 제거했다.","action=[다이아몬드가 은행들을 통합하고 김민재가 사우디로 원유카르텔을 흔들 준비를 한다] => [다이먼에게 SVB와 연쇄은행 통합을 맡기고 김민재가 곡물·에너지 세계전략에서 그의 충성·집행역할을 확인한다.] || paid_reward=[다이먼이 은행통합 책임과 미국 금융망 확대역할을 받아들인다.] => [다이먼이 은행통합 책임과 미국 금융망 확대역할을 받아들인다. 실제 통합과 곡물·에너지 지배성과는 아직 전이다.] || state_change=[다이먼은 유능한 협력자에서 김민재의 곡물·에너지 세계전략을 갚아야 할 충성스러운 집행자로 굳어진다.] => [다이먼은 은행 통합을 맡은 충성스러운 집행자로 굳어지지만 금융망 확대는 실행 단계에 진입했을 뿐이다.] || ending_hook=[국내 기업농 성과를 유통시장 독식으로 연결하고 사우디 카르텔을 흔들 일이 남는다.] => [다이먼이 부실은행 통합을 실제 완수하고 김민재의 곡물·에너지 전략에 어떤 성과로 보답할 것인가?] || closed_loops=[은행통합 역할·충성 재확인.] => [다이먼의 은행통합 책임 수락·충성 재확인] || opened_loops=[미국 연쇄은행 편입, 한국 유통개혁, 사우디 원유협상.] => [미국 연쇄은행 실제 통합; 곡물·에너지 전략 집행]"
654,654,113858,114028,EDIT,paid_reward;state_change;ending_hook;closed_loops;opened_loops,prev L113848~L113857; hard L113858~L114028; next L114029~L114038,"L113858~L114028 원문을 다시 읽어 계획·가능성·협상 전과 실행·서명·소유·지급을 분리하고, 인접 화의 구체 결과를 현재 화의 완료 상태에서 제거했다.","paid_reward=[직거래·전자상거래 유통개혁안과 조력기업 배치가 확정된다.] => [직거래·전자상거래 유통개혁안과 조력기업 배치를 확정한다. 전국 유통망 실행·시장통제 성과는 아직 전이다.] || state_change=[기업농의 생산성 개선이 소비자 가격·전국 물류까지 태우가 통제하는 체계로 확대된다.] => [기업농의 생산성 개선이 소비자가격·전국 물류를 바꿀 설계로 확대되지만 실제 유통체계는 구축 전이다.] || ending_hook=[이 상무의 마지막 처분을 확인하고 미래지식 없는 엔캐리 작전을 승인할지가 남는다.] => [직거래·전자상거래 유통개혁안을 법·물류·조력기업의 실제 실행체계로 만들 수 있는가?] || closed_loops=[유통개혁 설계.] => [유통개혁 설계·조력기업 배치] || opened_loops=[시장반발·법제화, 이 상무 결말, 일본 금융전.] => [유통망 실행·법제화; 시장반발; 소비자가격 효과]"
655,655,114029,114192,EDIT,ending_hook;opened_loops,prev L114019~L114028; hard L114029~L114192; next L114193~L114202,L114029~L114192의 실제 마지막 프레임만 남겨 다음 화의 인물·금액·계약·결과를 훅과 열린 루프에서 의미상 선취하지 않도록 고쳤다.,"ending_hook=[리퍼블릭은행을 본보기로 만들고 일본에서 초저금리 자금을 얼마나 끌어올지가 열린다.] => [엔캐리 전권을 받은 조지가 미래지식 없이도 일본 금융시장에서 첫 목표와 실행안을 만들 수 있는가?] || opened_loops=[미국은행 추가편입, 70조 엔 차입.] => [조지의 엔캐리 실행안·첫 공격; 일본 금융사 차입]"
656,656,114193,114366,EDIT,ending_hook;opened_loops,prev L114183~L114192; hard L114193~L114366; next L114367~L114376,L114193~L114366의 실제 마지막 프레임만 남겨 다음 화의 인물·금액·계약·결과를 훅과 열린 루프에서 의미상 선취하지 않도록 고쳤다.,"ending_hook=[일본에서 70조 엔을 끌어와 인수은행과 미국영향력을 동시에 살릴지가 남는다.] => [시그니처 편입과 리퍼블릭 본보기를 바탕으로 일본 금융사에서 초저금리 자금을 실제 끌어올 수 있는가?] || opened_loops=[엔캐리 자금, 미국채·에너지 배치.] => [일본 초저금리 차입협상; 엔캐리 자금배치; 미국은행 추가편입]"
657,657,114367,114535,EDIT,action;paid_reward;state_change;ending_hook;closed_loops;opened_loops,prev L114357~L114366; hard L114367~L114535; next L114536~L114545,"L114367~L114535 원문을 다시 읽어 계획·가능성·협상 전과 실행·서명·소유·지급을 분리하고, 인접 화의 구체 결과를 현재 화의 완료 상태에서 제거했다.","action=[일본에서 70조 원을 초저금리로 빌려 미 국채와 원유·에너지에 나눈다] => [일본 금융사들과 대규모 엔화차입 규모·금리·담보를 협상하고 미 국채·원유·에너지 자산배분 원칙을 제시한다.] || paid_reward=[일본 금융사들과 대규모 엔화차입·자산배분 원칙이 합의된다.] => [일본 금융사들과 엔화차입·자산배분의 기본원칙을 협의한다. 70조 엔 최종계약과 자산매입은 아직 전이다.] || state_change=[일본의 싼 돈이 금융타워 부담이 아니라 미국은행·국채·에너지 소유를 키우는 공격자본으로 바뀐다.] => [일본의 싼 돈을 미국은행·국채·에너지 공격자본으로 쓸 설계가 서지만 차입금·자산은 아직 소유 전이다.] || ending_hook=[70조 엔 최종계약 뒤 크레디트스위스를 같은 1달러 논리로 받을 수 있을지가 열린다.] => [차입 규모·금리·통화를 최종 합의해 실제 엔화자금을 확보하고 자산배분을 집행할 수 있는가?] || closed_loops=[엔화차입 기본합의.] => [엔화차입·자산배분 기본협의] || opened_loops=[최종 차입액, 스위스은행 인수·EU 방공망.] => [70조 엔 최종계약·자금수령; 미 국채·에너지 매입]"
658,658,114536,114701,EDIT,action;paid_reward;state_change;closed_loops;opened_loops;resistance_or_cost;ending_hook,prev L114526~L114535; hard L114536~L114701; next L114702~L114711,"L114536~L114701 원문을 다시 읽어 계획·가능성·협상 전과 실행·서명·소유·지급을 분리하고, 인접 화의 구체 결과를 현재 화의 완료 상태에서 제거했다. [MANAGER_FOLLOWUP] 시작 SHA 7053d49dc7025e48b56daa2b35458965918ffc570cd66be0f87f4239992581f8와 현재 화 hard line을 대조해 11개 narrative field 중 2개를 교정했다.","action=[엔캐리를 굳힌 뒤 크레디트스위스를 1달러에 받고 스위스의 유럽 방공망 참여를 요구한다] => [70조 엔 엔캐리 계약을 확인한 뒤 크레디트스위스 1달러 인수와 스위스의 유럽 방공망 참여를 제안한다.] || paid_reward=[70조 엔 차입이 확정되고 크레디트스위스 1달러 인수·방공망 참여조건이 공식 제시된다.] => [70조 엔 차입을 확정하고 크레디트스위스 1달러 인수·유럽 방공망 참여조건을 공식 제시한다. 스위스의 수락·소유권 이전은 아직 전이다.] || state_change=[일본자금 작전이 유럽 은행구제와 한국 방산의 제도진입까지 연결된다.] => [일본자금 작전이 유럽 은행구제와 한국 방산의 제도진입을 요구하는 제안으로 연결되지만 은행 소유권은 아직 없다.] || closed_loops=[엔캐리 차입결산·스위스 조건 제시.] => [70조 엔 엔캐리 차입 확정; 스위스에 인수·방공망 조건 제시] || opened_loops=[은행 인수, 유럽방공망, 에너지·교통사업 접근.] => [스위스의 조건 수락; 크레디트스위스 인수계약·소유권; 유럽 방공망 참여] || [MANAGER_FOLLOWUP] resistance_or_cost=[중립국 스위스는 EU·NATO 체계 참여를 꺼리고 은행부실을 외국금융사에 넘기는 정치비용이 크다.] => [스위스는 유럽 방공시스템 참여와 은행부실을 외국금융사에 넘기는 정치비용을 함께 감당해야 한다.] || ending_hook=[스위스가 중립원칙을 수정하고 EU가 태우 산업참여를 보장할지가 남는다.] => [스위스가 크레디트스위스 1달러 인수와 유럽 방공시스템 참여 제안을 받아들일 것인가?]"
659,659,114702,114855,EDIT,action;paid_reward;state_change;ending_hook;closed_loops;opened_loops,prev L114692~L114701; hard L114702~L114855; next L114856~L114865,"L114702~L114855 원문을 다시 읽어 계획·가능성·협상 전과 실행·서명·소유·지급을 분리하고, 인접 화의 구체 결과를 현재 화의 완료 상태에서 제거했다.","action=[스위스 지지를 지렛대로 EU 에너지·교통 사업의 태우 참가를 보장받는다] => [스위스의 크레디트스위스·방공망 조건 수락을 받고 EU에서 군수·원전·에너지 운송을 포함한 태우 모든 사업의 공정경쟁 지원을 확보한다.] || paid_reward=[스위스 지지와 태우의 EU 에너지·교통사업 공정참가 보장이 성립된다.] => [스위스의 협상 수락과 EU의 태우 모든 사업 공정경쟁 지원을 얻는다. 폴란드 방산·체코 원전·로나 결과는 아직 전이다.] || state_change=[금융인수 보상이 은행자산을 넘어 유럽 인프라사업 입찰권·정치후원으로 확대된다.] => [금융인수 협상이 은행자산을 넘어 유럽 군수·원전·에너지 운송 사업의 공정한 진입권·정치후원으로 확대된다.] || ending_hook=[폴란드 방산·체코 원전과 로나 붕괴가 실제 결실을 낼지가 남는다.] => [EU가 약속한 공정경쟁 지원을 실제 군수·원전·에너지 사업의 계약으로 바꿀 수 있는가?] || closed_loops=[EU 사업진입권 확보.] => [스위스 조건 수락; EU 사업 공정경쟁 지원 확보] || opened_loops=[동유럽 계약, 로나 공매도 결산.] => [유럽 군수·원전·에너지 사업 실제 입찰·계약; 크레디트스위스 소유권 이전]"
660,660,114856,114999,EDIT,action;paid_reward;state_change;ending_hook;closed_loops;opened_loops,prev L114846~L114855; hard L114856~L114999; next L115000~L115009,L114856~L114999에는 폴란드·체코 산업선과 로나 공매도 그물만 있다. 99퍼센트 폭락·베릴 복권은 661화 지급이므로 수치와 완료를 제거했다.,"action=[폴란드 20조 원 방산·체코 원전 협상을 굳히고 로나 코인 공매도 그물을 마지막까지 조인다] => [폴란드 20조 원 방산 계약을 확인하고 체코 원전은 입찰·협상을 이어가며 로나 코인 공매도 그물을 마지막까지 조인다.] || paid_reward=[폴란드 방산·체코 원전 협상이 굳어지고 로나 숏그물·베릴의 반격조건이 완성된다.] => [폴란드 20조 원 방산 계약과 로나 숏그물 완성을 얻는다. 체코 원전 계약·로나 폭락·베릴 복권은 아직 미지급이다.] || state_change=[은행·방산·원전 보상은 확정되지만 코인시장 규율은 다음 화 첫 폭락까지 유예된다.] => [폴란드 방산 계약은 지급되지만 체코 원전은 입찰·협상 중이고, 로나 숏 수익과 베릴 복권도 아직 미지급이다.] || ending_hook=[로나가 실제 99퍼센트 무너지고 베릴이 복권될지가 직접 훅이다.] => [공매도 그물을 조인 로나가 실제로 무너져 베릴의 경고와 금융방송 브랜드를 복권시킬 것인가?] || closed_loops=[폴란드·체코 산업선 확정.] => [폴란드·체코 산업선 확정; 로나 숏그물 완성] || opened_loops=[로나 99퍼센트 폭락·베릴 복권.] => [로나 폭락·공매도 수익; 베릴 복권]"
661,661,115000,115169,PASS,"",prev L114990~L114999; hard L115000~L115169; next L115170~L115179,"현재 action·turn_or_reveal·paid_reward·state_change·ending_hook·closed_loops·opened_loops가 하드 경계와 일치하며, 계획·계약 전 상태나 인접 화 결과를 완료로 선취하지 않는다.",""
662,662,115170,115328,EDIT,ending_hook;opened_loops,prev L115160~L115169; hard L115170~L115328; next L115329~L115338,L115170~L115328의 실제 마지막 프레임만 남겨 다음 화의 인물·금액·계약·결과를 훅과 열린 루프에서 의미상 선취하지 않도록 고쳤다.,"ending_hook=[로봇물류·일본 상사지분으로 이 물량과 현금을 얼마나 키울지가 열린다.] => [김태중이 확보한 동남아 수출예외를 국내 유통·물가안정의 실제 지속성과로 만들 수 있는가?] || opened_loops=[국내 유통개혁, 일본 3대 상사·엔캐리 수익.] => [동남아 물량의 국내 유통·물가효과; 수출예외 유지]"
663,663,115329,115484,PASS,"",prev L115319~L115328; hard L115329~L115484; next L115485~L115494,"현재 action·turn_or_reveal·paid_reward·state_change·ending_hook·closed_loops·opened_loops가 하드 경계와 일치하며, 계획·계약 전 상태나 인접 화 결과를 완료로 선취하지 않는다.",""
664,664,115485,115640,EDIT,ending_hook;opened_loops,prev L115475~L115484; hard L115485~L115640; next L115641~L115650,L115485~L115640의 실제 마지막 프레임만 남겨 다음 화의 인물·금액·계약·결과를 훅과 열린 루프에서 의미상 선취하지 않도록 고쳤다.,"ending_hook=[완공축제에 빈 살만이 오면 왕실관계를 미·사우디 중재에 쓸지가 열린다.] => [10만 석 경기장과 해외 스포츠 흥행을 반복 가능한 수익·국가브랜드로 굳힐 수 있는가?] || opened_loops=[빈 살만 방문, 곡물메이저의 미국 농업 연맹 공격.] => [태우스타디움 반복흥행; 해외 스포츠·관광 수익]"
665,665,115641,115809,PASS,"",prev L115631~L115640; hard L115641~L115809; next L115810~L115819,"현재 action·turn_or_reveal·paid_reward·state_change·ending_hook·closed_loops·opened_loops가 하드 경계와 일치하며, 계획·계약 전 상태나 인접 화 결과를 완료로 선취하지 않는다.",""
666,666,115810,115982,EDIT,ending_hook,prev L115800~L115809; hard L115810~L115982; next L115983~L115992,"현재 action·turn_or_reveal·paid_reward·state_change·ending_hook·closed_loops·opened_loops가 하드 경계와 일치하며, 계획·계약 전 상태나 인접 화 결과를 완료로 선취하지 않는다. [MANAGER_FOLLOWUP] 시작 SHA 7053d49dc7025e48b56daa2b35458965918ffc570cd66be0f87f4239992581f8와 현재 화 hard line을 대조해 11개 narrative field 중 1개를 교정했다.",[MANAGER_FOLLOWUP] ending_hook=[바이든이 금융타워에서 어떤 특별대우를 직접 약속할지가 열린다.] => [백악관이 사우디 중재의 대가로 한국에 어떤 구체 양보를 내놓을지가 열린다.] || [MANAGER_FOLLOWUP] ending_hook=[바이든이 금융타워에서 어떤 특별대우를 직접 약속할지가 열린다.] => [백악관이 사우디 중재의 대가로 한국에 어떤 구체 양보를 내놓을지가 열린다.]
667,667,115983,116146,PASS,"",prev L115973~L115982; hard L115983~L116146; next L116147~L116156,"현재 action·turn_or_reveal·paid_reward·state_change·ending_hook·closed_loops·opened_loops가 하드 경계와 일치하며, 계획·계약 전 상태나 인접 화 결과를 완료로 선취하지 않는다.",""
668,668,116147,116314,EDIT,ending_hook;opened_loops,prev L116137~L116146; hard L116147~L116314; next L116315~L116324,L116147~L116314의 실제 마지막 프레임만 남겨 다음 화의 인물·금액·계약·결과를 훅과 열린 루프에서 의미상 선취하지 않도록 고쳤다.,"ending_hook=[제재로 고립된 로만·프리고진을 통해 러시아 내부출구를 만들 일이 남는다.] => [미·사우디 증산합의와 곡물메이저의 방해포기를 실제 공급·가격 변화로 끝까지 집행시킬 수 있는가?] || opened_loops=[로만 지원, 바그너 생존선·러시아 반란변수.] => [사우디 증산 이행; 곡물메이저 방해중단·세무조사 후속]"
669,669,116315,116471,EDIT,ending_hook;opened_loops;reader_promise;action;paid_reward;state_change;closed_loops,prev L116305~L116314; hard L116315~L116471; next L116472~L116481,"현재 action·turn_or_reveal·paid_reward·state_change·ending_hook·closed_loops·opened_loops가 하드 경계와 일치하며, 계획·계약 전 상태나 인접 화 결과를 완료로 선취하지 않는다. [MANAGER_FOLLOWUP] 시작 SHA 7053d49dc7025e48b56daa2b35458965918ffc570cd66be0f87f4239992581f8와 현재 화 hard line을 대조해 11개 narrative field 중 7개를 교정했다.","[MANAGER_FOLLOWUP] ending_hook=[로만이 프리고진의 군부불만과 반란가능성을 어떤 자리에서 가져올지가 열린다.] => [로만의 구단·생활 지원을 실제로 마무리하고 그가 유지한 러시아 인맥이 어떤 다음 정보를 가져올지가 열린다.] || opened_loops=[프리고진 접촉, 러시아 군부불만.] => [로만 간접지원 실행; 로만의 러시아 연락선] || [MANAGER_FOLLOWUP] reader_promise=[서방제재선은 지키면서 로만을 간접지원해 미래 러시아 출구인 인맥을 보존하는 약속.] => [서방 제재선을 지키면서 로만의 구단 급료·생활 곤란을 도울 우회법을 찾고 러시아 연락선을 보존하는 약속.] || action=[제재로 구단 급료가 막힌 로만을 간접 지원해 러시아 인맥을 보존한다] => [구단 급료와 생활비까지 막힌 로만의 사정을 듣고 제재에 걸리지 않는 지원 방법을 찾아 알려 주겠다고 약속하며 친구로서 연락을 계속한다.] || paid_reward=[로만의 구단·생활지원 우회로와 김민재 연락선이 유지된다.] => [로만에게 지원 의사와 계속 연락할 관계를 확인하고, 로만은 언젠가 EPL에서 다시 만나겠다는 약속을 지키기 위해 버티겠다고 답한다. 급료 해결은 아직 전이다.] || state_change=[밀려난 러시아재벌이 버려진 부담에서 태우에게 마음빚을 진 미래 정치통로로 바뀐다.] => [제재로 고립된 로만이 김민재의 연락과 지원 의사를 생존의 버팀목으로 받아들이지만 실제 자금 우회는 아직 실행 전이다.] || ending_hook=[로만이 프리고진의 군부불만과 반란가능성을 어떤 자리에서 가져올지가 열린다.] => [로만의 구단·생활 지원을 실제로 마무리하고 그가 유지한 러시아 인맥이 어떤 다음 정보를 가져올지가 열린다.] || closed_loops=[로만 생존선 보존.] => [로만의 곤란 확인; 지원 의사와 연락 지속 약속] || opened_loops=[프리고진 접촉, 러시아 군부불만.] => [로만 간접지원 실행; 로만의 러시아 연락선]"
670,670,116472,116638,EDIT,action;turn_or_reveal;paid_reward;state_change;ending_hook;closed_loops;opened_loops,prev L116462~L116471; hard L116472~L116638; next L116639~L116648,L116472~L116638은 로만이 지친 프리고진을 처음 만나 김민재의 조언을 구해 보자고 제안하는 장면이다. 군부 불만·생존계약·반란의사를 아직 확보하지 않았다.,"action=[로만이 프리고진과 튀르키예에서 만나 군부 불만과 생존책을 공유한다] => [로만이 튀르키예에서 지친 프리고진을 만나 서로의 처지를 확인하고 김민재의 조언을 구해 보자고 제안한다.] || turn_or_reveal=[그의 안색이 매일 거울에서 보는 로만 자신처럼 지쳐 있어 두 사람이 생존연대를 만들 조건이 보인다.] => [프리고진의 지친 안색에서 생존연대 가능성은 보이지만 군부 불만·반란의사·구체 조건은 아직 나오지 않는다.] || paid_reward=[프리고진의 러시아군 불만과 김민재 통로를 원하는 의사가 확인된다.] => [로만이 프리고진과 직접 접촉해 김민재에게 조언을 구할 통로를 제안한다. 비밀연대·지원계약은 아직 전이다.] || state_change=[바그너는 러시아의 도구에서 별도 생존책을 찾는 잠재 반란세력으로 모습을 드러낸다.] => [제재로 고립된 두 러시아 인물이 생존출구를 함께 찾을 가능성을 열지만, 프리고진은 아직 태우의 카드가 아니다.] || ending_hook=[강 대위와 보안 메타버스에서 자금·보급조건을 묶을 수 있을지가 남는다.] => [프리고진이 로만의 제안을 받아 김민재 통로에 들어오고 어떤 불만·생존조건을 내놓을 것인가?] || closed_loops=[로만·프리고진 접촉.] => [로만·프리고진 첫 접촉; 김민재 조언 제안] || opened_loops=[태우 비밀통로, 아프리카 보급선, 반란 가능성.] => [프리고진의 수락·속내; 태우 비밀통로·지원조건; 반란 가능성]"
671,671,116639,116798,PASS,"",prev L116629~L116638; hard L116639~L116798; next L116799~L116808,"현재 action·turn_or_reveal·paid_reward·state_change·ending_hook·closed_loops·opened_loops가 하드 경계와 일치하며, 계획·계약 전 상태나 인접 화 결과를 완료로 선취하지 않는다.",""
672,672,116799,116956,EDIT,ending_hook;opened_loops,prev L116789~L116798; hard L116799~L116956; next L116957~L116966,L116799~L116956의 실제 마지막 프레임만 남겨 다음 화의 인물·금액·계약·결과를 훅과 열린 루프에서 의미상 선취하지 않도록 고쳤다.,"ending_hook=[노르트스트림 차단 뒤 살만 국왕이 PIF 전체를 맡기는 신뢰보상이 올지가 열린다.] => [카르텔의 트럼프선과 태우의 바이든선을 병행해 어느 후보가 이겨도 곡물·원유정책을 통제할 보험을 만들 수 있는가?] || opened_loops=[6천억 달러 PIF, 증산·원유숏.] => [미 대선 양면관계 실행; 곡물·원유카르텔 정치; 후보별 대가]"
673,673,116957,117120,PASS,"",prev L116947~L116956; hard L116957~L117120; next L117121~L117130,"현재 action·turn_or_reveal·paid_reward·state_change·ending_hook·closed_loops·opened_loops가 하드 경계와 일치하며, 계획·계약 전 상태나 인접 화 결과를 완료로 선취하지 않는다.",""
674,674,117121,117279,PASS,"",prev L117111~L117120; hard L117121~L117279; next L117280~L117289,"현재 action·turn_or_reveal·paid_reward·state_change·ending_hook·closed_loops·opened_loops가 하드 경계와 일치하며, 계획·계약 전 상태나 인접 화 결과를 완료로 선취하지 않는다.",""
675,675,117280,117454,EDIT,ending_hook;opened_loops;reader_promise;protagonist_goal;action;resistance_or_cost;turn_or_reveal;paid_reward;state_change;closed_loops,prev L117270~L117279; hard L117280~L117454; next L117455~L117464,L117280~L117454의 실제 마지막 프레임만 남겨 다음 화의 인물·금액·계약·결과를 훅과 열린 루프에서 의미상 선취하지 않도록 고쳤다. [MANAGER_FOLLOWUP] 시작 SHA 7053d49dc7025e48b56daa2b35458965918ffc570cd66be0f87f4239992581f8와 현재 화 hard line을 대조해 11개 narrative field 중 10개를 교정했다.,"ending_hook=[다음 국내과제인 코리아 디스카운트·AI폰·고체배터리 성장판이 열린다.] => [따낸 사우디 케이블·IT·원전·인프라 계약을 계열사별 실제 수주·공사·매출로 집행할 수 있는가?] || opened_loops=[주주가치개혁, 생성형AI·AI폰·고체배터리.] => [사우디 계약 집행·공사·매출; 바그너 보급선 관리] || [MANAGER_FOLLOWUP] reader_promise=[케이블·IT·원전·인프라 계약을 따내 세계침체를 태우·한국의 고성장으로 바꾸는 보상.] => [사우디가 맡기려는 네옴·통신·해저케이블·행정IT의 범위와 비용을 계열사별로 풀고, 25만 배럴 증산이 유가 하락으로 이어지는 보상을 확인한다.] || protagonist_goal=[각 계열사가 사우디 프로젝트를 나눠 맡고 바그너 보급선은 비밀리에 점검한다.] => [사우디가 제시한 프로젝트의 범위·비용분담·실무진을 정리하고 PIF 확대와 바그너 보급선을 점검한 뒤 증산 발표를 유가 포지션에 연결한다.] || action=[사우디 케이블·IT·원전·인프라 계약을 따내고 바그너 보급선을 점검한다] => [네옴 공연장·사우디 통신망·해저케이블·행정IT의 예상 규모와 비용분담을 사장들과 정리하고 실무진 파견을 지시한 뒤, PIF 확대와 바그너 보급선을 점검하고 25만 배럴 증산 발표를 확인한다.] || resistance_or_cost=[대형 해외계약 동시집행은 인력·원자재를 압박하고 러시아선이 드러나면 제재위험이 크다.] => [산업 프로젝트는 사우디가 맡기기로 한 단계지만 세부 합의와 정식 계약이 남고, 바그너 지원은 제재위험을 안으며 유가 하락 수익도 아직 실현 전이다.] || turn_or_reveal=[위기는 준비된 자에게만 기회이며 태우는 이미 모든 준비를 마쳤다는 결산감이 선다.] => [미국·사우디 협상 뒤 하루 25만 배럴 증산이 발표되어 상승하던 유가가 하락하기 시작하고 금융타워의 숏 포지션에 실제 시장 신호가 들어온다.] || paid_reward=[사우디 케이블·IT·원전·인프라 계약과 계열사별 집행계획이 확정된다.] => [사우디 측의 네옴·통신망·해저케이블·행정IT 배정 의사와 비용분담안을 계열사에 전달하고, 하루 25만 배럴 증산 발표와 유가 하락 시작을 확인한다. 세부 합의·정식 계약·수익 실현은 아직 전이다.] || state_change=[PIF 신뢰가 태우 전 계열사와 한국 성장률을 끌어올리는 실물프로젝트로 전환된다.] => [왕실의 산업 제안이 계열사별 실무 검토로 내려오고 증산 협상이 실제 발표로 바뀌지만, 산업계약과 공매도 수익은 미지급 상태다.] || ending_hook=[따낸 사우디 케이블·IT·원전·인프라 계약을 계열사별 실제 수주·공사·매출로 집행할 수 있는가?] => [사우디가 맡기기로 한 프로젝트를 이번 주 세부 합의와 정식 계약으로 닫고, 시작된 유가 하락을 실제 수익으로 바꿀 수 있는가?] || closed_loops=[사우디 산업계약·보급선 점검.] => [사우디 프로젝트 범위·예상비용·분담안 전달; 하루 25만 배럴 증산 발표] || opened_loops=[사우디 계약 집행·공사·매출; 바그너 보급선 관리] => [사우디 세부 합의·정식 계약·집행; 유가 숏 수익 실현; 바그너 보급선 관리]"
676,676,117455,117594,EDIT,ending_hook;opened_loops;reader_promise;protagonist_goal;action;resistance_or_cost;turn_or_reveal;paid_reward;state_change;closed_loops,prev L117445~L117454; hard L117455~L117594; next L117595~L117604,L117455~L117594의 실제 마지막 프레임만 남겨 다음 화의 인물·금액·계약·결과를 훅과 열린 루프에서 의미상 선취하지 않도록 고쳤다. [MANAGER_FOLLOWUP] 시작 SHA 7053d49dc7025e48b56daa2b35458965918ffc570cd66be0f87f4239992581f8와 현재 화 hard line을 대조해 11개 narrative field 중 10개를 교정했다.,"ending_hook=[생성형AI·AI폰으로 실물성장 동력을 붙일 일이 남는다.] => [정부·태우·일반주주 연대가 재벌반발을 넘고 주주가치·자본시장 개혁을 실제 법·제도로 만들 수 있는가?] || opened_loops=[AI폰 협업, 대기업 참여, 증시 재평가.] => [자본시장 개혁 입법·집행; 재벌반발; 일반주주 성과] || [MANAGER_FOLLOWUP] reader_promise=[정부·태우·주주가 삼각편대를 이뤄 기존 재벌의 지배구조를 압박하는 시장개혁 약속.] => [태우와 한국의 동반 도약안을 대통령 의제로 올리고, 정부·태우·주주가 기존 재벌의 저항을 넘을 수 있는지를 묻는 시장개혁 약속.] || protagonist_goal=[배당·자사주·이사회·공시를 바꿔 코리아 디스카운트를 걷는다.] => [세계 자금을 한국으로 끌어올 보고서를 최재석에게 제시해 코리아 디스카운트와 경영진의 사익 장벽을 정부 검토 의제로 만든다.] || action=[한국 성장세를 이용해 최재석에게 주주가치·자본시장 개혁을 요구한다] => [최재석에게 태우 세계 1위·한국 경제 5위와 부산 엑스포 구상을 설명하고, 금융타워 보고서를 이번 주 전달해 경제부처가 검토하도록 요청한다.] || resistance_or_cost=[기존 대기업은 총수지배력 약화와 현금유출을 이유로 집단반발할 수 있다.] => [최재석은 한국에 해가 되는 항목은 이행할 수 없다고 선을 긋고, 보고서도 아직 미전달이며 기존 대기업의 집단반발이 예상된다.] || turn_or_reveal=[주가상승을 원하는 주주가 정부·태우 편에 서므로 재벌반발을 눌러 버릴 정치연합이 생긴다.] => [최재석이 대통령직을 걸고 판을 만들겠다고 답하고 보고서 내용을 최대한 긍정적으로 검토하겠다고 약속하자, 정부·태우·주주 연합의 가능성이 열린다.] || paid_reward=[주주가치·자본시장 개혁안과 정부·태우·주주 연대가 확정된다.] => [부산 엑스포 지원과 금융타워 보고서의 긍정 검토 약속을 얻는다. 보고서 전달·경제부처 심사·시장개혁 정책은 아직 전이다.] || state_change=[한국성장이 기업총수만의 이익에서 일반주주와 정부가 공유하는 시장재평가 프로젝트로 바뀐다.] => [태우와 한국의 동반 도약 구상이 대통령의 검토 의제로 올라가지만 정부·태우·주주 연합과 제도개혁은 아직 구상 단계다.] || ending_hook=[정부·태우·일반주주 연대가 재벌반발을 넘고 주주가치·자본시장 개혁을 실제 법·제도로 만들 수 있는가?] => [이번 주 전달할 금융타워 보고서가 경제부처 검토를 통과하고 대기업 반발을 넘는 실제 시장개혁으로 이어질 것인가?] || closed_loops=[자본시장 개혁연대.] => [부산 엑스포 지원 약속; 금융타워 보고서 긍정 검토 약속] || opened_loops=[자본시장 개혁 입법·집행; 재벌반발; 일반주주 성과] => [금융타워 보고서 전달·경제부처 검토; 시장개혁 정책; 대기업 반발; 일반주주 연대]"
677,677,117595,117765,EDIT,action;paid_reward;state_change;ending_hook;closed_loops;opened_loops,prev L117585~L117594; hard L117595~L117765; next L117766~L117775,"L117595~L117765 원문을 다시 읽어 계획·가능성·협상 전과 실행·서명·소유·지급을 분리하고, 인접 화의 구체 결과를 현재 화의 완료 상태에서 제거했다.","action=[천민정의 생성형 AI·영상 기술을 확인하고 오용재에게 AI폰 협업을 제안한다] => [천민정의 생성형 AI·영상 기술을 확인하고 오용재를 만나 삼진의 역사를 바꿀 스마트폰 협업 제안을 꺼내기 시작한다.] || paid_reward=[생성형AI 성과와 삼진 AI폰·칩 협업안이 공식 제시된다.] => [생성형 AI 성과를 확인하고 오용재에게 거절하기 어려운 협업안을 예고한다. AI폰·칩 조건제시와 수락은 아직 전이다.] || state_change=[자본시장 개혁의 추상 성장성이 AI폰이라는 국민이 볼 실물제품으로 구체화된다.] => [자본시장 개혁의 성장성이 생성형 AI와 스마트폰 협업 가능성으로 구체화되지만 제품동맹은 협상 전이다.] || ending_hook=[오용재가 수락하고 다른 대기업까지 증시부흥판에 참여할지가 열린다.] => [김민재가 말한 거절하기 힘든 스마트폰 제안은 무엇이며 오용재가 어떤 조건으로 받아들일 것인가?] || closed_loops=[AI폰 제안.] => [생성형 AI 성과 확인; 오용재 면담·협업 제안 예고] || opened_loops=[삼진 수락, 레거시칩 전환, 시장전체 재평가.] => [AI폰·칩 구체조건; 오용재 수락; 제품개발]"
678,678,117766,117948,EDIT,ending_hook;opened_loops,prev L117756~L117765; hard L117766~L117948; next L117949~L117958,L117766~L117948의 실제 마지막 프레임만 남겨 다음 화의 인물·금액·계약·결과를 훅과 열린 루프에서 의미상 선취하지 않도록 고쳤다.,"ending_hook=[미 빅테크들이 1천억 달러 데이터센터에 동등지분으로 참여할지가 남는다.] => [삼진의 AI폰·칩 협업과 국내기업 참여를 실제 제품·투자·주주환원 성과로 바꿀 수 있는가?] || opened_loops=[AI 데이터센터, 일본 추진체·엔캐리.] => [AI폰·칩 제품개발; 국내기업 투자·주주환원; 증시 재평가]"
679,679,117949,118111,EDIT,ending_hook;opened_loops,prev L117939~L117948; hard L117949~L118111; next L118112~L118121,L117949~L118111의 실제 마지막 프레임만 남겨 다음 화의 인물·금액·계약·결과를 훅과 열린 루프에서 의미상 선취하지 않도록 고쳤다.,"ending_hook=[AI 주문폭증과 고체배터리를 실제 제품으로 공개할 시점이 남는다.] => [몇 시간 만에 모은 1천억 달러 합작을 실제 데이터센터 건설·운영과 장기 반도체·전력수요로 만들 수 있는가?] || opened_loops=[센터 건설, 고체배터리·T-9 공개.] => [AI 데이터센터 건설·운영; 반도체·전력 장기계약; 합작 거버넌스]"
680,680,118112,118272,EDIT,protagonist_goal;ending_hook,prev L118102~L118111; hard L118112~L118272; next L118273~L118282,"현재 action·turn_or_reveal·paid_reward·state_change·ending_hook·closed_loops·opened_loops가 하드 경계와 일치하며, 계획·계약 전 상태나 인접 화 결과를 완료로 선취하지 않는다. [MANAGER_FOLLOWUP] 시작 SHA 7053d49dc7025e48b56daa2b35458965918ffc570cd66be0f87f4239992581f8와 현재 화 hard line을 대조해 11개 narrative field 중 2개를 교정했다.",[MANAGER_FOLLOWUP] protagonist_goal=[완성된 배터리와 T-9을 파리모터쇼에서 세계 완성차에 증명한다.] => [완성된 고체배터리 전기차를 파리모터쇼에서 세계 완성차에 증명한다.] || ending_hook=[파리에서 구디너프와 T-9을 공개했을 때 공급계약이 얼마나 몰릴지가 남는다.] => [파리에서 구디너프와 완성된 고체배터리를 공개했을 때 공급계약이 얼마나 몰릴지가 남는다.] || [MANAGER_FOLLOWUP] protagonist_goal=[완성된 배터리와 T-9을 파리모터쇼에서 세계 완성차에 증명한다.] => [완성된 고체배터리 전기차를 파리모터쇼에서 세계 완성차에 증명한다.] || ending_hook=[파리에서 구디너프와 T-9을 공개했을 때 공급계약이 얼마나 몰릴지가 남는다.] => [파리에서 구디너프와 완성된 고체배터리를 공개했을 때 공급계약이 얼마나 몰릴지가 남는다.]
681,681,118273,118445,PASS,"",prev L118263~L118272; hard L118273~L118445; next L118446~L118455,"현재 action·turn_or_reveal·paid_reward·state_change·ending_hook·closed_loops·opened_loops가 하드 경계와 일치하며, 계획·계약 전 상태나 인접 화 결과를 완료로 선취하지 않는다.",""
682,682,118446,118599,EDIT,ending_hook;opened_loops,prev L118436~L118445; hard L118446~L118599; next L118600~L118609,L118446~L118599의 실제 마지막 프레임만 남겨 다음 화의 인물·금액·계약·결과를 훅과 열린 루프에서 의미상 선취하지 않도록 고쳤다.,"ending_hook=[이영한이 내부 배신자에게서 계좌·비밀번호를 받아낼지가 남는다.] => [명동에 넘긴 N&K 이상거래 자료로 실제 조작 주체·차명계좌·내부 연결자를 찾아낼 수 있는가?] || opened_loops=[김남훈 배신, 계좌동결·검찰체포.] => [N&K 조작 주체·차명계좌·내부 연결자 확인; 계좌동결·처벌]"
683,683,118600,118768,EDIT,action;turn_or_reveal;paid_reward;state_change;ending_hook;closed_loops;opened_loops,prev L118590~L118599; hard L118600~L118768; next L118769~L118778,L118600~L118768은 김남훈이 10분 안에 증거를 가져오겠다고 배신을 약속하는 데서 끝난다. 명단·계좌·비밀번호의 실제 전달은 다음 화 이전이라 지급하지 않았다.,action=[이영한이 나기연·김남훈 계좌망을 파고 김남훈의 즉시 배신을 받아낸다] => [이영한이 나기연 조직을 압박하자 김남훈이 배신을 결심하고 10분 안에 증거를 가져오겠다고 제안한다.] || turn_or_reveal=[몇 마디 만에 김남훈이 원하는 자료를 스스로 바치자 이영한도 헛웃음을 짓는다.] => [김남훈은 즉시 협조 의사를 보이지만 투자자명단·차명계좌·비밀번호를 실제로 넘기지는 않았다.] || paid_reward=[김남훈의 배신으로 투자자명단·차명계좌·비밀번호가 확보된다.] => [내부자 김남훈의 배신 의사와 10분 안에 증거를 가져오겠다는 약속을 얻는다. 증거물 확보는 아직 전이다.] || state_change=[결속된 주가조작 조직이 한 명의 즉시배신으로 금융망 전체가 열린 상태로 붕괴한다.] => [결속된 주가조작 조직에 내부 배신자가 생기지만 금융망 전체는 증거 전달 전이라 아직 열리지 않았다.] || ending_hook=[동트기 전에 계좌를 얼리고 검찰이 둘을 잡을 수 있을지가 남는다.] => [김남훈이 약속한 시간 안에 투자자명단·차명계좌·비밀번호를 실제 가져올 것인가?] || closed_loops=[내부고발·계좌증거 확보.] => [김남훈의 배신 결정·증거제공 약속] || opened_loops=[동결·체포·투매차단.] => [증거물 실제 전달; 차명계좌 동결; 나기연·김남훈 처벌]
684,684,118769,118956,EDIT,ending_hook;opened_loops,prev L118759~L118768; hard L118769~L118956; next L118957~L118966,L118769~L118956의 실제 마지막 프레임만 남겨 다음 화의 인물·금액·계약·결과를 훅과 열린 루프에서 의미상 선취하지 않도록 고쳤다.,ending_hook=[안덕환의 대박이 체코 원전 24조 계약인지와 제약확장 목표가 열린다.] => [N&K를 시장충격 없이 제거한 직후 안덕환이 외친 '대박'은 어떤 새 건설성과인가?] || opened_loops=[체코 원전수주·한아약품 인수.] => [안덕환의 긴급 수주·사업 보고]
685,685,118957,119112,EDIT,action;paid_reward;state_change;ending_hook;closed_loops;opened_loops;reader_promise;resistance_or_cost,prev L118947~L118956; hard L118957~L119112; next L119113~L119122,"L118957~L119112 원문을 다시 읽어 계획·가능성·협상 전과 실행·서명·소유·지급을 분리하고, 인접 화의 구체 결과를 현재 화의 완료 상태에서 제거했다. [MANAGER_FOLLOWUP] 시작 SHA 7053d49dc7025e48b56daa2b35458965918ffc570cd66be0f87f4239992581f8와 현재 화 hard line을 대조해 11개 narrative field 중 2개를 교정했다.","action=[체코 원전 24조 우선협상과 현지 공장·데이터센터를 발표하고 한아약품 인수를 겨냥한다] => [체코 원전 24조 원 우선협상과 현지 공장·데이터센터 계획을 확인하고, 센트리언 확장을 위해 국내 제약 M&A 대상을 찾게 한다.] || paid_reward=[체코 원전 24조 원 우선협상과 현지공장·데이터센터 계획이 확정되고 한아약품 인수검토가 시작된다.] => [체코 원전 24조 원 우선협상과 현지 공장·데이터센터 계획을 얻고 제약 M&A 탐색을 시작한다. 특정 인수대상·지분협상은 아직 전이다.] || state_change=[시장범죄 정리 뒤 태우건설·센트리언이 대형 실물계약과 M&A의 다음 성장선으로 이동한다.] => [태우건설의 대형 실물성과 뒤 센트리언이 추가 제약사 인수를 찾는 성장선으로 이동하지만 대상은 미정이다.] || ending_hook=[소현숙 모녀와 아들·아폴로 지분을 모두 살 수 있을지가 남는다.] => [국내 제약사 가운데 센트리언과 연구·생산을 결합할 인수대상을 찾아 실제 협상에 들어갈 수 있는가?] || closed_loops=[체코 원전성과.] => [체코 원전 우선협상·현지 투자계획] || opened_loops=[한아약품 지분협상·경영권.] => [제약 M&A 대상 탐색·지분협상; 체코 최종계약] || [MANAGER_FOLLOWUP] reader_promise=[24조 원 원전·현지공장·데이터센터를 따고 센트리언 성장에 한아약품을 붙이는 약속.] => [24조 원 원전·현지공장·데이터센터를 따고 센트리언 성장에 새 국내 제약사를 붙이는 약속.] || resistance_or_cost=[원전금융·현지의무가 크고 한아약품 가족지분은 시장에서 살 수 없다.] => [원전금융·현지의무가 크고 제약 M&A 대상·지분구조·경영권 변수는 아직 조사 전이다.]"
686,686,119113,119275,EDIT,reader_promise;action;resistance_or_cost;ending_hook;opened_loops,prev L119103~L119112; hard L119113~L119275; next L119276~L119285,"현재 action·turn_or_reveal·paid_reward·state_change·ending_hook·closed_loops·opened_loops가 하드 경계와 일치하며, 계획·계약 전 상태나 인접 화 결과를 완료로 선취하지 않는다. [MANAGER_FOLLOWUP] 시작 SHA 7053d49dc7025e48b56daa2b35458965918ffc570cd66be0f87f4239992581f8와 현재 화 hard line을 대조해 11개 narrative field 중 5개를 교정했다.","[MANAGER_FOLLOWUP] reader_promise=[20퍼센트 프리미엄과 연구독립 약속으로 모녀지분을 사고 아폴로가 붙은 형제와 맞서는 약속.] => [20퍼센트 프리미엄과 연구독립 약속으로 모녀지분을 사고 월가 사모펀드가 붙은 형제와 맞서는 약속.] || action=[한아약품 모녀 지분을 20퍼센트 프리미엄에 사서 아폴로가 붙은 아들들과 맞선다] => [한아약품 모녀 지분을 20퍼센트 프리미엄에 사서 월가 사모펀드가 붙은 아들들과 맞선다.] || resistance_or_cost=[모녀지분만으로는 과반이 안 되고 형제는 세계 4대 사모펀드 지원을 받는다.] => [모녀지분만으로 과반이 안 되고 형제는 월가 사모펀드 지원을 받는다.] || ending_hook=[아폴로가 형제지분을 누구에게 팔고 경영권 과반이 완성될지가 남는다.] => [형제와 월가 사모펀드가 가진 지분을 누가 확보해 경영권 과반을 만들 것인가?] || opened_loops=[형제·아폴로 지분, 고용·연구 승계.] => [형제·월가 사모펀드 지분; 고용·연구 승계] || [MANAGER_FOLLOWUP] reader_promise=[20퍼센트 프리미엄과 연구독립 약속으로 모녀지분을 사고 아폴로가 붙은 형제와 맞서는 약속.] => [20퍼센트 프리미엄과 연구독립 약속으로 모녀지분을 사고 월가 사모펀드가 붙은 형제와 맞서는 약속.] || action=[한아약품 모녀 지분을 20퍼센트 프리미엄에 사서 아폴로가 붙은 아들들과 맞선다] => [한아약품 모녀 지분을 20퍼센트 프리미엄에 사서 월가 사모펀드가 붙은 아들들과 맞선다.] || resistance_or_cost=[모녀지분만으로는 과반이 안 되고 형제는 세계 4대 사모펀드 지원을 받는다.] => [모녀지분만으로 과반이 안 되고 형제는 월가 사모펀드 지원을 받는다.] || ending_hook=[아폴로가 형제지분을 누구에게 팔고 경영권 과반이 완성될지가 남는다.] => [형제와 월가 사모펀드가 가진 지분을 누가 확보해 경영권 과반을 만들 것인가?] || opened_loops=[형제·아폴로 지분, 고용·연구 승계.] => [형제·월가 사모펀드 지분; 고용·연구 승계]"
687,687,119276,119441,PASS,"",prev L119266~L119275; hard L119276~L119441; next L119442~L119451,"현재 action·turn_or_reveal·paid_reward·state_change·ending_hook·closed_loops·opened_loops가 하드 경계와 일치하며, 계획·계약 전 상태나 인접 화 결과를 완료로 선취하지 않는다.",""
688,688,119442,119593,PASS,"",prev L119432~L119441; hard L119442~L119593; next L119594~L119603,"현재 action·turn_or_reveal·paid_reward·state_change·ending_hook·closed_loops·opened_loops가 하드 경계와 일치하며, 계획·계약 전 상태나 인접 화 결과를 완료로 선취하지 않는다.",""
689,689,119594,119759,PASS,"",prev L119584~L119593; hard L119594~L119759; next L119760~L119769,"현재 action·turn_or_reveal·paid_reward·state_change·ending_hook·closed_loops·opened_loops가 하드 경계와 일치하며, 계획·계약 전 상태나 인접 화 결과를 완료로 선취하지 않는다.",""
690,690,119760,119910,PASS,"",prev L119750~L119759; hard L119760~L119910; next L119911~L119920,"현재 action·turn_or_reveal·paid_reward·state_change·ending_hook·closed_loops·opened_loops가 하드 경계와 일치하며, 계획·계약 전 상태나 인접 화 결과를 완료로 선취하지 않는다.",""
691,691,119911,120062,EDIT,action;turn_or_reveal;paid_reward;state_change;ending_hook;closed_loops;opened_loops,prev L119901~L119910; hard L119911~L120062; next L120063~L120072,L119911~L120062의 마지막 프레임은 고체배터리 안전의제와 최재석의 정책·정치 협력이다. 다음 화 산업스파이 추적을 현재 turn·hook으로 선취하지 않았다.,"action=[고체배터리 가격장벽을 넘기 위해 전기차 화재·한파를 뉴스 의제로 설계한다] => [고체배터리 가격장벽을 넘기 위해 전기차 화재·한파를 뉴스 의제로 설계하고 최재석에게 정책지원과 국민경제당 후계구도를 논의한다.] || turn_or_reveal=[시장홍보 중 중국 기술요구와 산업스파이 조짐이 튀어나와 휴식 없이 내부전선까지 열린다.] => [안전성 의제를 정책으로 밀어 줄 최재석의 지지와 퇴임 뒤 당을 이을 정치선이 함께 드러난다.] || paid_reward=[화재·한파 안전성 의제가 언론에 올라 고체배터리 가격논리가 설득력을 얻기 시작한다.] => [화재·한파 안전성 의제와 고체배터리 정책지원, 최재석의 정치적 협력선을 확보한다.] || state_change=[비싼 혁신제품이 안전을 사는 필수기술로 재평가되지만 동시에 탈취대상이 된다.] => [비싼 혁신제품이 국가 안전·산업정책의 대상으로 재평가되고, 최재석과의 동맹은 퇴임 뒤 정치승계까지 이어진다.] || ending_hook=[직원명부에서 유출자를 찾아 기술격차를 지킬 수 있을지가 남는다.] => [안전성 의제와 정부 협력을 실제 고체배터리 지원정책·시장확대로 바꿀 수 있는가?] || closed_loops=[안전의제 점화.] => [고체배터리 안전의제 설계; 최재석 정책협력 확인] || opened_loops=[산업스파이 색출·고체배터리 보조금.] => [고체배터리 정책지원·시장확대; 국민경제당 정치승계]"
692,692,120063,120208,EDIT,ending_hook;opened_loops,prev L120053~L120062; hard L120063~L120208; next L120209~L120218,L120063~L120208의 실제 마지막 프레임만 남겨 다음 화의 인물·금액·계약·결과를 훅과 열린 루프에서 의미상 선취하지 않도록 고쳤다.,ending_hook=[제보자가 실제 계좌·유출증거를 내고 처벌자산을 환수할지가 남는다.] => [직원명부 추적에서 실제 산업스파이와 유출경로를 특정해 핵심기술 반출을 막을 수 있는가?] || opened_loops=[제보보너스·자산환수·유럽 보조금.] => [산업스파이 신원·유출경로 특정; 증거확보·기술보호]
693,693,120209,120355,PASS,"",prev L120199~L120208; hard L120209~L120355; next L120356~L120365,"현재 action·turn_or_reveal·paid_reward·state_change·ending_hook·closed_loops·opened_loops가 하드 경계와 일치하며, 계획·계약 전 상태나 인접 화 결과를 완료로 선취하지 않는다.",""
694,694,120356,120504,PASS,"",prev L120346~L120355; hard L120356~L120504; next L120505~L120514,"현재 action·turn_or_reveal·paid_reward·state_change·ending_hook·closed_loops·opened_loops가 하드 경계와 일치하며, 계획·계약 전 상태나 인접 화 결과를 완료로 선취하지 않는다.",""
695,695,120505,120655,PASS,"",prev L120495~L120504; hard L120505~L120655; next L120656~L120665,"현재 action·turn_or_reveal·paid_reward·state_change·ending_hook·closed_loops·opened_loops가 하드 경계와 일치하며, 계획·계약 전 상태나 인접 화 결과를 완료로 선취하지 않는다.",""
696,696,120656,120801,EDIT,ending_hook;opened_loops,prev L120646~L120655; hard L120656~L120801; next L120802~L120811,L120656~L120801의 실제 마지막 프레임만 남겨 다음 화의 인물·금액·계약·결과를 훅과 열린 루프에서 의미상 선취하지 않도록 고쳤다.,"ending_hook=[미국 관세시점과 부산 오셔닉스 해상도시라는 새 경쟁무대가 열린다.] => [자동차동맹의 중국 전기차 관세 공동로비가 미국·EU의 실제 정책과 시장확대로 이어질 것인가?] || opened_loops=[중국차 제재, 해상도시·엑스포.] => [미국·EU 중국차 관세 결정; 자동차동맹 시장확대]"
697,697,120802,120950,EDIT,ending_hook,prev L120792~L120801; hard L120802~L120950; next L120951~L120960,"현재 action·turn_or_reveal·paid_reward·state_change·ending_hook·closed_loops·opened_loops가 하드 경계와 일치하며, 계획·계약 전 상태나 인접 화 결과를 완료로 선취하지 않는다. [MANAGER_FOLLOWUP] 시작 SHA 7053d49dc7025e48b56daa2b35458965918ffc570cd66be0f87f4239992581f8와 현재 화 hard line을 대조해 11개 narrative field 중 1개를 교정했다.",[MANAGER_FOLLOWUP] ending_hook=[필립 호프만이 규모 세 배·데이터센터·원전 제안을 받을지가 남는다.] => [오셔닉스 대표가 규모 세 배·데이터센터·원전 제안을 받을지가 남는다.] || [MANAGER_FOLLOWUP] ending_hook=[필립 호프만이 규모 세 배·데이터센터·원전 제안을 받을지가 남는다.] => [오셔닉스 대표가 규모 세 배·데이터센터·원전 제안을 받을지가 남는다.]
698,698,120951,121094,PASS,"",prev L120941~L120950; hard L120951~L121094; next L121095~L121104,"현재 action·turn_or_reveal·paid_reward·state_change·ending_hook·closed_loops·opened_loops가 하드 경계와 일치하며, 계획·계약 전 상태나 인접 화 결과를 완료로 선취하지 않는다.",""
699,699,121095,121243,EDIT,ending_hook;opened_loops;turn_or_reveal,prev L121085~L121094; hard L121095~L121243; next L121244~L121253,L121095~L121243의 실제 마지막 프레임만 남겨 다음 화의 인물·금액·계약·결과를 훅과 열린 루프에서 의미상 선취하지 않도록 고쳤다. [MANAGER_FOLLOWUP] 시작 SHA 7053d49dc7025e48b56daa2b35458965918ffc570cd66be0f87f4239992581f8와 현재 화 hard line을 대조해 11개 narrative field 중 3개를 교정했다.,"ending_hook=[해저터널이 한일이 아니라 북한·러시아 육로와 어떻게 연결될지가 열린다.] => [김민재가 아직 밝히지 않은 해저터널 구상을 어떤 노선·경제권 목적에 쓸 것인가?] || opened_loops=[해저터널 선택, 착공·홍보영상.] => [해저터널 노선·숨은 목적; 여름착공·엑스포 활용] || [MANAGER_FOLLOWUP] turn_or_reveal=[아직 검토도 안 한 해저터널을 굳이 꺼낸 것은 김민재의 대륙물류 그림에 필요한 숨은 요소이기 때문이다.] => [아직 검토도 안 한 해저터널을 굳이 꺼낸 것은 김민재가 밝히지 않은 큰 그림에 필요한 요소이기 때문이다.] || ending_hook=[김민재가 아직 밝히지 않은 해저터널 구상을 어떤 노선·경제권 목적에 쓸 것인가?] => [김민재가 아직 밝히지 않은 해저터널의 더 큰 그림은 무엇인가?] || opened_loops=[해저터널 노선·숨은 목적; 여름착공·엑스포 활용] => [해저터널 구체안·숨은 목적; 여름착공·엑스포 활용]"
700,700,121244,121402,EDIT,ending_hook;opened_loops;protagonist_goal;paid_reward,prev L121234~L121243; hard L121244~L121402; next L121403~L121412,L121244~L121402의 실제 마지막 프레임만 남겨 다음 화의 인물·금액·계약·결과를 훅과 열린 루프에서 의미상 선취하지 않도록 고쳤다. [MANAGER_FOLLOWUP] 시작 SHA 7053d49dc7025e48b56daa2b35458965918ffc570cd66be0f87f4239992581f8와 현재 화 hard line을 대조해 11개 narrative field 중 4개를 교정했다.,ending_hook=[이오닉스 공개가 태풍 속에서도 안전성을 입증하고 엑스포 외교전으로 번질지가 남는다.] => [한일터널을 버리고 남긴 북방육로 구상과 이오닉스 출시계획을 실제 시장·물류 성과로 만들 수 있는가?] || opened_loops=[이오닉스 출시·태풍시험·부산엑스포 표전쟁.] => [이오닉스 출시·판매; 북방육로 구체화; 고체배터리 양산] || [MANAGER_FOLLOWUP] protagonist_goal=[정치적 비용이 큰 노선을 제거하고 이오닉스 공개로 단기혁신을 증명한다.] => [정치적 비용이 큰 노선을 제거하고 세계 최초 고체배터리 전기차 공개로 단기혁신을 증명한다.] || paid_reward=[한일터널안은 거절되고 북방육로 구상과 이오닉스 출시계획이 남는다.] => [한일터널안은 거절되고 북방육로 구상과 고체배터리 전기차 출시계획이 남는다.] || ending_hook=[한일터널을 버리고 남긴 북방육로 구상과 이오닉스 출시계획을 실제 시장·물류 성과로 만들 수 있는가?] => [한일터널을 버리고 남긴 북방육로 구상과 고체배터리 전기차 출시계획을 실제 시장·물류 성과로 만들 수 있는가?] || opened_loops=[이오닉스 출시·판매; 북방육로 구체화; 고체배터리 양산] => [고체배터리 전기차 출시·판매; 북방육로 구체화; 고체배터리 양산]
701,701,121403,121548,EDIT,ending_hook;opened_loops,prev L121393~L121402; hard L121403~L121548; next L121549~L121558,"현재 action·turn_or_reveal·paid_reward·state_change·ending_hook·closed_loops·opened_loops가 하드 경계와 일치하며, 계획·계약 전 상태나 인접 화 결과를 완료로 선취하지 않는다. [MANAGER_FOLLOWUP] 시작 SHA 7053d49dc7025e48b56daa2b35458965918ffc570cd66be0f87f4239992581f8와 현재 화 hard line을 대조해 11개 narrative field 중 2개를 교정했다.",[MANAGER_FOLLOWUP] ending_hook=[생산을 열 배 늘리고 해외 완성차의 한국진출을 로열티사업으로 받을지가 남는다.] => [10만 대 예약·1년 대기열을 감당할 생산량을 늘리고 AI 충성고객을 실제로 유지할 수 있는가?] || opened_loops=[양산확대·해외 로열티·고체배터리 독점.] => [이오닉스 양산확대·예약물량 인도; AI 충성고객] || [MANAGER_FOLLOWUP] ending_hook=[생산을 열 배 늘리고 해외 완성차의 한국진출을 로열티사업으로 받을지가 남는다.] => [10만 대 예약·1년 대기열을 감당할 생산량을 늘리고 AI 충성고객을 실제로 유지할 수 있는가?] || opened_loops=[양산확대·해외 로열티·고체배터리 독점.] => [이오닉스 양산확대·예약물량 인도; AI 충성고객]
702,702,121549,121690,PASS,"",prev L121539~L121548; hard L121549~L121690; next L121691~L121700,"현재 action·turn_or_reveal·paid_reward·state_change·ending_hook·closed_loops·opened_loops가 하드 경계와 일치하며, 계획·계약 전 상태나 인접 화 결과를 완료로 선취하지 않는다.",""
703,703,121691,121850,EDIT,ending_hook;opened_loops,prev L121681~L121690; hard L121691~L121850; next L121851~L121860,"현재 action·turn_or_reveal·paid_reward·state_change·ending_hook·closed_loops·opened_loops가 하드 경계와 일치하며, 계획·계약 전 상태나 인접 화 결과를 완료로 선취하지 않는다. [MANAGER_FOLLOWUP] 시작 SHA 7053d49dc7025e48b56daa2b35458965918ffc570cd66be0f87f4239992581f8와 현재 화 hard line을 대조해 11개 narrative field 중 2개를 교정했다.",[MANAGER_FOLLOWUP] ending_hook=[리강이 단독법인·특구·시진핑 방한을 얼마나 내줄지가 남는다.] => [리강이 기술이전 거부를 받아들이면서 중국과 관계를 지킬 어떤 대가·조건을 내놓을 것인가?] || opened_loops=[태우 단독법인 특례·중국 특구·정상방한.] => [리강의 대체조건; 고체배터리 기술이전 거부와 중국 관계 유지] || [MANAGER_FOLLOWUP] ending_hook=[리강이 단독법인·특구·시진핑 방한을 얼마나 내줄지가 남는다.] => [리강이 기술이전 거부를 받아들이면서 중국과 관계를 지킬 어떤 대가·조건을 내놓을 것인가?] || opened_loops=[태우 단독법인 특례·중국 특구·정상방한.] => [리강의 대체조건; 고체배터리 기술이전 거부와 중국 관계 유지]
704,704,121851,121997,EDIT,ending_hook;opened_loops,prev L121841~L121850; hard L121851~L121997; next L121998~L122007,L121851~L121997의 실제 마지막 프레임만 남겨 다음 화의 인물·금액·계약·결과를 훅과 열린 루프에서 의미상 선취하지 않도록 고쳤다.,ending_hook=[부산 해상도시 영상을 공개해 네옴을 추격할 국가총력전을 시작할 일이 남는다.] => [중국에서 받은 태우 단독법인 특례와 시진핑 방한약속을 실제 인허가·사업실행으로 바꿀 수 있는가?] || opened_loops=[특구 실행·엑스포 외교전.] => [태우 단독법인 특례 실행; 시진핑 방한; 중국 사업 인허가]
705,705,121998,122166,EDIT,ending_hook;opened_loops;resistance_or_cost,prev L121988~L121997; hard L121998~L122166; next L122167~L122176,L121998~L122166의 실제 마지막 프레임만 남겨 다음 화의 인물·금액·계약·결과를 훅과 열린 루프에서 의미상 선취하지 않도록 고쳤다. [MANAGER_FOLLOWUP] 시작 SHA 7053d49dc7025e48b56daa2b35458965918ffc570cd66be0f87f4239992581f8와 현재 화 hard line을 대조해 11개 narrative field 중 1개를 교정했다.,ending_hook=[아프리카표·사우디 양보를 얻기 전 엔화 공격과 인재보상 준비가 남는다.] => [최재석이 선포한 부산엑스포 총력전이 반년 동안 실제 국제표와 경쟁국 양보를 얼마나 끌어낼 것인가?] || opened_loops=[빈 살만 협상·일본 금융 D-DAY.] => [부산엑스포 국제표 확보; 경쟁국 협상; 해상도시 공사·홍보] || [MANAGER_FOLLOWUP] resistance_or_cost=[사우디가 압도적 선두이고 170여 회원국 표를 일일이 확보해야 한다.] => [사우디가 압도적 선두이고 회원국마다 한 표씩 설득해야 한다.]
706,706,122167,122316,EDIT,ending_hook;opened_loops,prev L122157~L122166; hard L122167~L122316; next L122317~L122326,"현재 action·turn_or_reveal·paid_reward·state_change·ending_hook·closed_loops·opened_loops가 하드 경계와 일치하며, 계획·계약 전 상태나 인접 화 결과를 완료로 선취하지 않는다. [MANAGER_FOLLOWUP] 시작 SHA 7053d49dc7025e48b56daa2b35458965918ffc570cd66be0f87f4239992581f8와 현재 화 hard line을 대조해 11개 narrative field 중 2개를 교정했다.",[MANAGER_FOLLOWUP] ending_hook=[김태중과 리즈경기를 본 뒤 빈 살만에게 직접 포기를 요구할 일이 남는다.] => [김태중과 빈 살만의 초대로 영국에서 만났을 때 엑스포 경쟁을 어떤 조건으로 풀지가 남는다.] || opened_loops=[사우디 엑스포 양보·대체보상.] => [빈 살만과 엑스포 협상; 사우디와의 관계] || [MANAGER_FOLLOWUP] ending_hook=[김태중과 리즈경기를 본 뒤 빈 살만에게 직접 포기를 요구할 일이 남는다.] => [김태중과 빈 살만의 초대로 영국에서 만났을 때 엑스포 경쟁을 어떤 조건으로 풀지가 남는다.] || opened_loops=[사우디 엑스포 양보·대체보상.] => [빈 살만과 엑스포 협상; 사우디와의 관계]
707,707,122317,122468,EDIT,ending_hook;opened_loops,prev L122307~L122316; hard L122317~L122468; next L122469~L122478,"현재 action·turn_or_reveal·paid_reward·state_change·ending_hook·closed_loops·opened_loops가 하드 경계와 일치하며, 계획·계약 전 상태나 인접 화 결과를 완료로 선취하지 않는다. [MANAGER_FOLLOWUP] 시작 SHA 7053d49dc7025e48b56daa2b35458965918ffc570cd66be0f87f4239992581f8와 현재 화 hard line을 대조해 11개 narrative field 중 2개를 교정했다.",[MANAGER_FOLLOWUP] ending_hook=[2034 월드컵·네옴 지원이 체면 있는 대안이 될지가 남는다.] => [처음 차갑게 얼어붙은 자리에서 빈 살만이 부산 엑스포 양보 요구를 받아들일 것인가?] || opened_loops=[후보철회·관계회복.] => [사우디 후보철회 여부; 빈 살만과 관계회복] || [MANAGER_FOLLOWUP] ending_hook=[2034 월드컵·네옴 지원이 체면 있는 대안이 될지가 남는다.] => [처음 차갑게 얼어붙은 자리에서 빈 살만이 부산 엑스포 양보 요구를 받아들일 것인가?] || opened_loops=[후보철회·관계회복.] => [사우디 후보철회 여부; 빈 살만과 관계회복]
708,708,122469,122629,EDIT,ending_hook;opened_loops,prev L122459~L122468; hard L122469~L122629; next L122630~L122639,L122469~L122629의 실제 마지막 프레임만 남겨 다음 화의 인물·금액·계약·결과를 훅과 열린 루프에서 의미상 선취하지 않도록 고쳤다.,ending_hook=[엑스포 우위 뒤 안드레아·EU 분열과 아람코 지분보상을 받을 일이 남는다.] => [사우디 후보철회 대가로 약속한 2034 월드컵·네옴 지원을 지키면서 부산 지지표를 실제 굳힐 수 있는가?] || opened_loops=[유럽 로비·아람코 지분·일본 D-DAY.] => [월드컵·네옴 지원 이행; 사우디 표·관계 유지; 부산 표확보]
709,709,122630,122798,EDIT,ending_hook;opened_loops,prev L122620~L122629; hard L122630~L122798; next L122799~L122808,L122630~L122798의 실제 마지막 프레임만 남겨 다음 화의 인물·금액·계약·결과를 훅과 열린 루프에서 의미상 선취하지 않도록 고쳤다.,ending_hook=[사우디가 약속한 아람코 지분과 일본 공격일을 확정할 일이 남는다.] => [안드레아의 유럽 로비와 중국의 EU 보복이 갈라놓은 국가별 이해를 부산 지지표로 바꿀 수 있는가?] || opened_loops=[아람코 지분·엔캐리 D-DAY.] => [유럽 국가별 부산 로비·표결; 중국 보복의 파급]
710,710,122799,122944,EDIT,action;paid_reward;state_change;ending_hook;closed_loops;opened_loops;reader_promise;protagonist_goal;resistance_or_cost,prev L122789~L122798; hard L122799~L122944; next L122945~L122954,L122799~L122944에서 아람코 지분은 지급되지만 조지는 D-DAY를 정하라는 임무만 받는다. 날짜가 이미 확정됐다는 완료 상태를 제거했다. [MANAGER_FOLLOWUP] 시작 SHA 7053d49dc7025e48b56daa2b35458965918ffc570cd66be0f87f4239992581f8와 현재 화 hard line을 대조해 11개 narrative field 중 4개를 교정했다.,"action=[아람코 0.6퍼센트를 사고 AI 폭발·엔비디아 사기꾼을 확인하며 일본 D-DAY를 정한다] => [아람코 0.6퍼센트를 사고 AI 투자광풍·엔비디아 사기꾼을 점검한 뒤, 조지에게 일본 금융공격 D-DAY를 정하라고 맡긴다.] || paid_reward=[아람코 0.6퍼센트 소유와 일본 금융공격 D-DAY가 확정된다.] => [아람코 0.6퍼센트 지분을 확보하고 일본 금융공격일을 정할 권한을 조지에게 준다. D-DAY 날짜는 아직 미정이다.] || state_change=[엑스포 외교보상이 실물 에너지소유권으로 지급되고 전선은 일본 통화·정권으로 교대한다.] => [엑스포 외교보상이 실물 에너지지분으로 지급되고 일본 금융전은 날짜를 정하는 최종 준비 단계로 넘어간다.] || ending_hook=[바흐무트·중국 특구·일본 조기상환이 동시에 어떻게 움직일지가 열린다.] => [조지가 일본 금융공격 D-DAY를 언제로 정하고 어떤 신호에 맞춰 실행할 것인가?] || closed_loops=[아람코 지분수령·D-DAY 설정.] => [아람코 0.6퍼센트 지분 확보; D-DAY 결정 권한 위임] || opened_loops=[중국 특구·바그너 반란·엔캐리 청산.] => [일본 금융공격 날짜 확정·실행; 엔캐리 자금회수] || [MANAGER_FOLLOWUP] reader_promise=[아람코 0.6퍼센트를 받고 AI·엔비디아 시장까지 점검해 아시아 금융장악 D-DAY로 넘어가는 약속.] => [아람코 0.6퍼센트를 받고 AI·엔비디아 지분시장까지 점검해 아시아 금융장악 D-DAY로 넘어가는 약속.] || protagonist_goal=[지분을 인수하고 조지의 엔화청산·미 국채매각 시간을 확정한다.] => [지분을 인수하고 유토피아 그룹의 엔비디아 보유설을 확인하며 조지의 엔화청산·미 국채매각 시간을 정한다.] || action=[아람코 0.6퍼센트를 사고 AI 투자광풍·엔비디아 사기꾼을 점검한 뒤, 조지에게 일본 금융공격 D-DAY를 정하라고 맡긴다.] => [아람코 0.6퍼센트를 사고 AI 투자광풍·유토피아 그룹의 엔비디아 대주주설을 점검한 뒤, 조지에게 일본 금융공격 D-DAY를 정하라고 맡긴다.] || resistance_or_cost=[AI 열풍에 사기·과대평가가 섞이고 50배 엔화작전은 사상 최대 손실도 가능하다.] => [AI 열풍에 과대평가·불투명한 엔비디아 보유설이 섞이고 50배 엔화작전은 사상 최대 손실도 가능하다.]"
711,711,122945,123129,EDIT,paid_reward;ending_hook;opened_loops,prev L122935~L122944; hard L122945~L123129; next L123130~L123139,"현재 action·turn_or_reveal·paid_reward·state_change·ending_hook·closed_loops·opened_loops가 하드 경계와 일치하며, 계획·계약 전 상태나 인접 화 결과를 완료로 선취하지 않는다. [MANAGER_FOLLOWUP] 시작 SHA 7053d49dc7025e48b56daa2b35458965918ffc570cd66be0f87f4239992581f8와 현재 화 hard line을 대조해 11개 narrative field 중 3개를 교정했다.",[MANAGER_FOLLOWUP] paid_reward=[바그너 불만·엔비디아 과열과 중국특구 위험목록이 확인된다.] => [바그너 불만·엔비디아 과열과 중국 재진출의 정책위험이 확인된다. 구체 특혜안은 아직 제시되지 않는다.] || ending_hook=[시진핑이 태우 전용특구와 동맹가입을 어디까지 제시할지가 남는다.] => [시진핑과 직접 대화할 때 중국 재진출의 독을 뺄 어떤 안전장치를 요구할 수 있는가?] || opened_loops=[시진핑 방한·특구조건·바그너 이동.] => [시진핑 회담; 중국 재진출 안전장치; 바그너 이동] || [MANAGER_FOLLOWUP] paid_reward=[바그너 불만·엔비디아 과열과 중국특구 위험목록이 확인된다.] => [바그너 불만·엔비디아 과열과 중국 재진출의 정책위험이 확인된다. 구체 특혜안은 아직 제시되지 않는다.] || ending_hook=[시진핑이 태우 전용특구와 동맹가입을 어디까지 제시할지가 남는다.] => [시진핑과 직접 대화할 때 중국 재진출의 독을 뺄 어떤 안전장치를 요구할 수 있는가?] || opened_loops=[시진핑 방한·특구조건·바그너 이동.] => [시진핑 회담; 중국 재진출 안전장치; 바그너 이동]
712,712,123130,123300,EDIT,ending_hook;opened_loops;action;paid_reward,prev L123120~L123129; hard L123130~L123300; next L123301~L123310,L123130~L123300의 실제 마지막 프레임만 남겨 다음 화의 인물·금액·계약·결과를 훅과 열린 루프에서 의미상 선취하지 않도록 고쳤다. [MANAGER_FOLLOWUP] 시작 SHA 7053d49dc7025e48b56daa2b35458965918ffc570cd66be0f87f4239992581f8와 현재 화 hard line을 대조해 11개 narrative field 중 4개를 교정했다.,ending_hook=[특구조건을 더 얻는 동안 일본이 태우IT 지분을 강제하려 들지가 열린다.] => [시진핑이 제시한 전업종 태우특구와 동맹가입안에서 정부개입을 더 줄이고 철수권·통제권을 확보할 수 있는가?] || opened_loops=[특구 보강·동맹 임시가입·일본 공격.] => [태우특구 보강조건; 철수권·통제권; 동맹 임시가입 결정] || [MANAGER_FOLLOWUP] action=[시진핑 방한에서 자동차동맹·산업동맹 가입 요구를 받고 태우 전용 특구 제안을 듣는다] => [시진핑 방한에서 자동차·산업동맹 가입 요구를 받고 태우 전용 특수경제구역 제안을 듣는다.] || paid_reward=[시진핑이 동맹가입·전업종 태우특구를 공식 제시한다.] => [시진핑이 동맹 가입과 태우 전용 특수경제구역을 공식 제시한다.] || ending_hook=[시진핑이 제시한 전업종 태우특구와 동맹가입안에서 정부개입을 더 줄이고 철수권·통제권을 확보할 수 있는가?] => [시진핑의 특수경제구역 제안에서 김민재가 부족하다고 본 안전장치를 어떻게 더 요구할 것인가?] || opened_loops=[태우특구 보강조건; 철수권·통제권; 동맹 임시가입 결정] => [태우 특수경제구역 추가 안전장치; 동맹 가입 판단]
713,713,123301,123480,EDIT,opened_loops,prev L123291~L123300; hard L123301~L123480; next L123481~L123490,"현재 action·turn_or_reveal·paid_reward·state_change·ending_hook·closed_loops·opened_loops가 하드 경계와 일치하며, 계획·계약 전 상태나 인접 화 결과를 완료로 선취하지 않는다. [MANAGER_FOLLOWUP] 시작 SHA 7053d49dc7025e48b56daa2b35458965918ffc570cd66be0f87f4239992581f8와 현재 화 hard line을 대조해 11개 narrative field 중 1개를 교정했다.","[MANAGER_FOLLOWUP] opened_loops=[차입금 조기상환·D-DAY, 중국 임시가입.] => [차입금 조기상환·D-DAY; 중국 동맹가입 조건 검토] || [MANAGER_FOLLOWUP] opened_loops=[차입금 조기상환·D-DAY, 중국 임시가입.] => [차입금 조기상환·D-DAY; 중국 동맹가입 조건 검토]"
714,714,123481,123642,EDIT,ending_hook;opened_loops,prev L123471~L123480; hard L123481~L123642; next L123643~L123652,L123481~L123642의 실제 마지막 프레임만 남겨 다음 화의 인물·금액·계약·결과를 훅과 열린 루프에서 의미상 선취하지 않도록 고쳤다.,ending_hook=[계열사들이 철수 가능한 중국진출을 시작할 때 프리고진이 실제 반란을 택할지가 열린다.] => [일본 조기상환 요구를 실제 금융공격의 방아쇠로 쓰면서 중국 임시회원의 보이지 않는 권한벽을 지킬 수 있는가?] || opened_loops=[중국 특구진출·바그너 반란.] => [일본 D-DAY 실행; 중국 임시가입 협상·권한제한]
715,715,123643,123789,EDIT,ending_hook;opened_loops,prev L123633~L123642; hard L123643~L123789; next L123790~L123799,"현재 action·turn_or_reveal·paid_reward·state_change·ending_hook·closed_loops·opened_loops가 하드 경계와 일치하며, 계획·계약 전 상태나 인접 화 결과를 완료로 선취하지 않는다. [MANAGER_FOLLOWUP] 시작 SHA 7053d49dc7025e48b56daa2b35458965918ffc570cd66be0f87f4239992581f8와 현재 화 hard line을 대조해 11개 narrative field 중 2개를 교정했다.",[MANAGER_FOLLOWUP] ending_hook=[바그너가 모스크바·가스거점을 얼마나 쥐고 태우가 어떤 에너지이익을 받을지가 남는다.] => [태우라는 믿는 구석을 가진 프리고진의 무모한 러시아행이 어떤 반란 결과로 이어질 것인가?] || opened_loops=[장기 반란·에너지수익·자동차동맹 중국결정.] => [바그너 행군·반란 결과; 자동차동맹 중국 결정] || [MANAGER_FOLLOWUP] ending_hook=[바그너가 모스크바·가스거점을 얼마나 쥐고 태우가 어떤 에너지이익을 받을지가 남는다.] => [태우라는 믿는 구석을 가진 프리고진의 무모한 러시아행이 어떤 반란 결과로 이어질 것인가?] || opened_loops=[장기 반란·에너지수익·자동차동맹 중국결정.] => [바그너 행군·반란 결과; 자동차동맹 중국 결정]
716,716,123790,123950,EDIT,ending_hook;opened_loops,prev L123780~L123789; hard L123790~L123950; next L123951~L123960,L123790~L123950의 실제 마지막 프레임만 남겨 다음 화의 인물·금액·계약·결과를 훅과 열린 루프에서 의미상 선취하지 않도록 고쳤다.,ending_hook=[프리고진·로만이 메타버스에서 지원확신을 보이고 중국가입회의가 어떤 결론을 낼지가 남는다.] => [바그너가 가스거점을 쥐고 반란을 장기화할 때 한 부회장이 에너지 포지션을 실제 수익·공급망 우위로 바꿀 수 있는가?] || opened_loops=[모스크바 행군·가스관·중국 임시가입.] => [바그너 반란 장기화·가스거점; 에너지 포지션 집행·결산]
717,717,123951,124124,EDIT,ending_hook;opened_loops,prev L123941~L123950; hard L123951~L124124; next L124125~L124134,L123951~L124124의 실제 마지막 프레임만 남겨 다음 화의 인물·금액·계약·결과를 훅과 열린 루프에서 의미상 선취하지 않도록 고쳤다.,ending_hook=[중국을 받되 일본을 빼고 일본 금리인상을 강제할 방안을 찾을 일이 남는다.] => [자동차동맹 회의가 중국기업의 임시가입·권한·기술조건을 어디까지 허용할 것인가?] || opened_loops=[임시회원 조건·일본 배제.] => [중국기업 임시가입 표결; 권한·기술조건; 기존 회원 이해조정]
718,718,124125,124294,EDIT,ending_hook;opened_loops,prev L124115~L124124; hard L124125~L124294; next L124295~L124304,L124125~L124294의 실제 마지막 프레임만 남겨 다음 화의 인물·금액·계약·결과를 훅과 열린 루프에서 의미상 선취하지 않도록 고쳤다.,"ending_hook=[바그너·우크라이나 압박을 동유럽 무기납기·미7함대 부산배치로 환전할 일이 남는다.] => [중국 임시가입·일본 배제 뒤 일본이 스스로 금리를 올릴 수밖에 없는 금융압박을 어떻게 설계할 것인가?] || opened_loops=[일본 금리인상, 동유럽 군수·부산 7함대.] => [일본 금리인상 유도책·실행; 중국 임시회원 관리]"
719,719,124295,124452,EDIT,action;paid_reward;state_change;ending_hook;closed_loops;opened_loops,prev L124285~L124294; hard L124295~L124452; next L124453~L124462,"L124295~L124452 원문을 다시 읽어 계획·가능성·협상 전과 실행·서명·소유·지급을 분리하고, 인접 화의 구체 결과를 현재 화의 완료 상태에서 제거했다.",action=[바그너·우크라이나가 러시아를 압박하자 동유럽 무기 납기와 미 7함대 부산 배치를 최재석에게 제안한다] => [바그너·우크라이나가 러시아를 압박하자 동유럽 무기 납기와 미 7함대 부산 배치를 최재석에게 제안한다.] || paid_reward=[동유럽 무기납기 가속과 미7함대 부산배치안이 청와대 의제로 확정된다.] => [동유럽 무기납기 가속과 미 7함대 부산배치안을 청와대 의제로 올린다. 미국 승인·실제 배치는 아직 전이다.] || state_change=[한국은 무기공급국에서 전쟁출구와 동북아 미군배치까지 움직일 레버리지 보유국으로 이동한다.] => [한국이 무기공급국에서 전쟁출구와 동북아 미군배치를 제안할 레버리지 보유국으로 이동하지만 실행은 승인 전이다.] || ending_hook=[데이비드가 백악관을 설득하고 유라시아 경제영토 시스템을 완성할지가 남는다.] => [백악관이 동유럽 무기납기와 미 7함대 부산배치안을 승인하고 실행할 것인가?] || closed_loops=[군수·7함대 제안.] => [군수·7함대 제안의 청와대 의제화] || opened_loops=[미국 승인·수에즈 운송·직접중재.] => [미국 승인; 무기 우선운송; 7함대 실제 부산배치]
720,720,124453,124612,EDIT,ending_hook;opened_loops,prev L124443~L124452; hard L124453~L124612; next L124613~L124622,L124453~L124612의 실제 마지막 프레임만 남겨 다음 화의 인물·금액·계약·결과를 훅과 열린 루프에서 의미상 선취하지 않도록 고쳤다.,ending_hook=[가스관을 쥔 바그너·우크라이나를 이용해 직접 러시아 중재에 나설지가 열린다.] => [미국 승인·수에즈 우선운송과 유라시아 경제영토 설계를 김민재 개인 이후에도 유지될 제도·거버넌스로 만들 수 있는가?] || opened_loops=[푸틴·프리고진 직접중재.] => [유라시아 경제영토 거버넌스; 영향력 유지제도; 군수운송 실행]
721,721,124613,124802,EDIT,ending_hook;opened_loops,prev L124603~L124612; hard L124613~L124802; next L124803~L124812,L124613~L124802의 실제 마지막 프레임만 남겨 다음 화의 인물·금액·계약·결과를 훅과 열린 루프에서 의미상 선취하지 않도록 고쳤다.,ending_hook=[일본의 태우IT 49퍼센트 강제안에 어떤 즉시보복을 할지가 끼어든다.] => [직접중재를 결정한 김민재·최재석이 러시아·우크라이나·바그너의 안전과 이해를 묶은 협상조건을 만들 수 있는가?] || opened_loops=[일본 IT철수·푸틴 조건협상.] => [러우 직접중재 조건; 푸틴·프리고진·우크라이나 협상; 신변안전]
722,722,124803,124955,EDIT,state_change;ending_hook;closed_loops;opened_loops,prev L124793~L124802; hard L124803~L124955; next L124956~L124965,"L124803~L124955 원문을 다시 읽어 계획·가능성·협상 전과 실행·서명·소유·지급을 분리하고, 인접 화의 구체 결과를 현재 화의 완료 상태에서 제거했다.","state_change=[지분을 빼앗으려던 일본이 자국 디지털서비스 전체를 잃을 위기의 요청자로 뒤집힌다.] => [태우IT는 일본 철수를 선언해 일본 디지털서비스에 손실위험을 만들지만, 일본 정부의 협상요청·정책변화는 아직 없다.] || ending_hook=[기시다 지지율이 무너지고 일본이 금융보복으로 나올지가 남는다.] => [태우IT 철수선언이 일본 업계·소비자·정권에 어떤 실제 비용과 반응을 일으킬 것인가?] || closed_loops=[일본철수 선언.] => [태우IT 일본철수 선언·서비스축소 준비] || opened_loops=[총리지지율·엔캐리·은행지분.] => [일본 업계·소비자·정부 반응; 실제 철수·보복·협상]"
723,723,124956,125111,EDIT,opened_loops,prev L124946~L124955; hard L124956~L125111; next L125112~L125121,"현재 action·turn_or_reveal·paid_reward·state_change·ending_hook·closed_loops·opened_loops가 하드 경계와 일치하며, 계획·계약 전 상태나 인접 화 결과를 완료로 선취하지 않는다. [MANAGER_FOLLOWUP] 시작 SHA 7053d49dc7025e48b56daa2b35458965918ffc570cd66be0f87f4239992581f8와 현재 화 hard line을 대조해 11개 narrative field 중 1개를 교정했다.",[MANAGER_FOLLOWUP] opened_loops=[푸틴 조건부 승낙·엔캐리 공격.] => [푸틴 휴전협상; 러시아·우크라이나 투자보상; 엔캐리 대응] || [MANAGER_FOLLOWUP] opened_loops=[푸틴 조건부 승낙·엔캐리 공격.] => [푸틴 휴전협상; 러시아·우크라이나 투자보상; 엔캐리 대응]
724,724,125112,125254,EDIT,paid_reward;state_change;ending_hook;closed_loops;opened_loops,prev L125102~L125111; hard L125112~L125254; next L125255~L125264,"현재 action·turn_or_reveal·paid_reward·state_change·ending_hook·closed_loops·opened_loops가 하드 경계와 일치하며, 계획·계약 전 상태나 인접 화 결과를 완료로 선취하지 않는다. [MANAGER_FOLLOWUP] 시작 SHA 7053d49dc7025e48b56daa2b35458965918ffc570cd66be0f87f4239992581f8와 현재 화 hard line을 대조해 11개 narrative field 중 5개를 교정했다.",[MANAGER_FOLLOWUP] paid_reward=[푸틴이 전쟁 이전선 휴전안과 경제패키지에 조건부로 승낙한다.] => [푸틴이 전쟁 이전선 휴전안과 경제패키지를 듣고 천천히 고개를 끄덕여 수용 의사를 보인다. 구체 조건·최종 합의는 아직 전이다.] || state_change=[전쟁을 계속하던 러시아가 바그너 정리와 한국투자를 조건으로 출구를 검토하는 상태로 바뀐다.] => [전쟁을 계속하던 러시아가 바그너 정리와 한국투자를 조건으로 출구를 검토하고 수용 의사를 보이는 상태로 바뀌지만 구체 조건은 남는다.] || ending_hook=[강경파가 막기 전에 흑해 프리고진에게 현장합의를 받아야 한다.] => [푸틴의 고개 끄덕임을 실제 휴전합의와 바그너 반란 종식으로 바꿀 수 있는가?] || closed_loops=[푸틴 조건부 승낙.] => [푸틴의 휴전안 수용 의사 확인] || opened_loops=[프리고진 퇴장·최종 휴전.] => [푸틴의 구체 조건; 바그너 반란 종식] || [MANAGER_FOLLOWUP] paid_reward=[푸틴이 전쟁 이전선 휴전안과 경제패키지에 조건부로 승낙한다.] => [푸틴이 전쟁 이전선 휴전안과 경제패키지를 듣고 천천히 고개를 끄덕여 수용 의사를 보인다. 구체 조건·최종 합의는 아직 전이다.] || state_change=[전쟁을 계속하던 러시아가 바그너 정리와 한국투자를 조건으로 출구를 검토하는 상태로 바뀐다.] => [전쟁을 계속하던 러시아가 바그너 정리와 한국투자를 조건으로 출구를 검토하고 수용 의사를 보이는 상태로 바뀌지만 구체 조건은 남는다.] || ending_hook=[강경파가 막기 전에 흑해 프리고진에게 현장합의를 받아야 한다.] => [푸틴의 고개 끄덕임을 실제 휴전합의와 바그너 반란 종식으로 바꿀 수 있는가?] || closed_loops=[푸틴 조건부 승낙.] => [푸틴의 휴전안 수용 의사 확인] || opened_loops=[프리고진 퇴장·최종 휴전.] => [푸틴의 구체 조건; 바그너 반란 종식]
725,725,125255,125407,EDIT,ending_hook;opened_loops,prev L125245~L125254; hard L125255~L125407; next L125408~L125417,"현재 action·turn_or_reveal·paid_reward·state_change·ending_hook·closed_loops·opened_loops가 하드 경계와 일치하며, 계획·계약 전 상태나 인접 화 결과를 완료로 선취하지 않는다. [MANAGER_FOLLOWUP] 시작 SHA 7053d49dc7025e48b56daa2b35458965918ffc570cd66be0f87f4239992581f8와 현재 화 hard line을 대조해 11개 narrative field 중 2개를 교정했다.",[MANAGER_FOLLOWUP] ending_hook=[프리고진이 아프리카 퇴장로를 받아 반란을 종료할지가 남는다.] => [흑해로 먼저 움직인 두 사람이 프리고진에게 어떤 출구를 제시해 반란을 끝낼 것인가?] || opened_loops=[프리고진 퇴장계약·반란종결.] => [프리고진 현장협상; 바그너 반란 종식] || [MANAGER_FOLLOWUP] ending_hook=[프리고진이 아프리카 퇴장로를 받아 반란을 종료할지가 남는다.] => [흑해로 먼저 움직인 두 사람이 프리고진에게 어떤 출구를 제시해 반란을 끝낼 것인가?] || opened_loops=[프리고진 퇴장계약·반란종결.] => [프리고진 현장협상; 바그너 반란 종식]
726,726,125408,125577,EDIT,ending_hook;opened_loops,prev L125398~L125407; hard L125408~L125577; next L125578~L125587,"현재 action·turn_or_reveal·paid_reward·state_change·ending_hook·closed_loops·opened_loops가 하드 경계와 일치하며, 계획·계약 전 상태나 인접 화 결과를 완료로 선취하지 않는다. [MANAGER_FOLLOWUP] 시작 SHA 7053d49dc7025e48b56daa2b35458965918ffc570cd66be0f87f4239992581f8와 현재 화 hard line을 대조해 11개 narrative field 중 2개를 교정했다.",[MANAGER_FOLLOWUP] ending_hook=[러시아 불을 끈 김민재가 백악관에서 중동 기습과 우크라이나 휴전을 함께 거래해야 한다.] => [러시아 불을 끈 김민재가 백악관을 어떤 자료와 조건으로 설득할 것인가?] || opened_loops=[미국 승인·하마스 사전방어·우크라이나 설득.] => [미국 승인; 우크라이나 설득; 러시아·우크라이나 휴전 집행] || [MANAGER_FOLLOWUP] ending_hook=[러시아 불을 끈 김민재가 백악관에서 중동 기습과 우크라이나 휴전을 함께 거래해야 한다.] => [러시아 불을 끈 김민재가 백악관을 어떤 자료와 조건으로 설득할 것인가?] || opened_loops=[미국 승인·하마스 사전방어·우크라이나 설득.] => [미국 승인; 우크라이나 설득; 러시아·우크라이나 휴전 집행]
727,727,125578,125735,EDIT,ending_hook;opened_loops,prev L125568~L125577; hard L125578~L125735; next L125736~L125745,"현재 action·turn_or_reveal·paid_reward·state_change·ending_hook·closed_loops·opened_loops가 하드 경계와 일치하며, 계획·계약 전 상태나 인접 화 결과를 완료로 선취하지 않는다. [MANAGER_FOLLOWUP] 시작 SHA 7053d49dc7025e48b56daa2b35458965918ffc570cd66be0f87f4239992581f8와 현재 화 hard line을 대조해 11개 narrative field 중 2개를 교정했다.",[MANAGER_FOLLOWUP] ending_hook=[성공확률 절반인 도박을 유럽·러시아·일본 이해관계까지 엮어 이길 설계가 필요하다.] => [수조 달러 위험을 건 약속을 실제 우크라이나 휴전과 태우그룹의 성장으로 바꿀 수 있는가?] || opened_loops=[유럽 설득·러시아 이미지·일본 금융전·우크라이나 휴전.] => [바이든의 우크라이나 설득; 휴전 성사; 실패 시 태우 생산거점 이전] || [MANAGER_FOLLOWUP] ending_hook=[성공확률 절반인 도박을 유럽·러시아·일본 이해관계까지 엮어 이길 설계가 필요하다.] => [수조 달러 위험을 건 약속을 실제 우크라이나 휴전과 태우그룹의 성장으로 바꿀 수 있는가?] || opened_loops=[유럽 설득·러시아 이미지·일본 금융전·우크라이나 휴전.] => [바이든의 우크라이나 설득; 휴전 성사; 실패 시 태우 생산거점 이전]
728,728,125736,125883,EDIT,ending_hook;opened_loops,prev L125726~L125735; hard L125736~L125883; next L125884~L125893,L125736~L125883의 실제 마지막 프레임만 남겨 다음 화의 인물·금액·계약·결과를 훅과 열린 루프에서 의미상 선취하지 않도록 고쳤다.,ending_hook=[인도적 포장 아래 우크라이나 재건권을 얼마나 깊게 확보할지가 남는다.] => [유럽·러시아·일본 이해를 묶은 보상패키지가 실제 휴전명분과 각 지역의 협조로 작동할 것인가?] || opened_loops=[일본 조기상환 압박·우크라이나 재건대가.] => [유럽·러시아·일본의 패키지 수용; 휴전 개시·보상 집행]
729,729,125884,126045,EDIT,ending_hook;opened_loops;state_change,prev L125874~L125883; hard L125884~L126045; next L126046~L126055,L125884~L126045은 일본 조기상환 대응과 우크라이나 재건카드 선택이다. 젤렌스키 부패자료·구체 담판은 730화라 현재 훅에서 선취하지 않았다. [MANAGER_FOLLOWUP] 시작 SHA 7053d49dc7025e48b56daa2b35458965918ffc570cd66be0f87f4239992581f8와 현재 화 hard line을 대조해 11개 narrative field 중 3개를 교정했다.,"ending_hook=[젤렌스키가 부패자금 자료와 재건패키지를 받고 전쟁을 끝낼 결단을 할지는 미지급이다.] => [통신망·원전·자동차 가운데 우크라이나가 휴전을 받아들일 만큼 크고 오래가는 재건카드는 무엇인가?] || opened_loops=[젤렌스키 담판·부패자금 회수.] => [우크라이나 재건카드 선택·제시; 젤렌스키 담판; 일본 조기상환 대응] || [MANAGER_FOLLOWUP] state_change=[휴전의 추상적 보상은 우크라이나 통신망·원전·자동차 산업을 선점할 사업목록으로 바뀐다.] => [휴전의 추상적 보상이 우크라이나에도 태우에도 이득이 될 재건사업 한 건을 고르는 단계로 바뀌지만, 사업명과 제안은 아직 나오지 않는다.] || ending_hook=[통신망·원전·자동차 가운데 우크라이나가 휴전을 받아들일 만큼 크고 오래가는 재건카드는 무엇인가?] => [우크라이나에도 태우에도 이득인 ‘딱 하나’의 사업카드는 무엇이며 대통령을 움직일 수 있는가?] || opened_loops=[우크라이나 재건카드 선택·제시; 젤렌스키 담판; 일본 조기상환 대응] => [우크라이나 재건카드; 대통령 방한·휴전 담판; 일본 조기상환 대응]"
730,730,126046,126215,EDIT,ending_hook;opened_loops;paid_reward;closed_loops,prev L126036~L126045; hard L126046~L126215; next L126216~L126225,L126046~L126215에서 실제 지급된 것은 젤렌스키에게 부패자금 회수 자료를 건네고 통신망·원전·자동차 재건 패키지와 휴전의 정치적 이득을 제시한 일이다. 휴전 결단·사업권·부패자금 회수 자체는 아직 전이므로 제안과 실행을 분리했다.,paid_reward=[젤렌스키에게 휴전 결단을 압박할 자료와 전후재건 대가가 모두 지급된다.] => [젤렌스키에게 부패자금 회수 자료를 건네고 통신망·원전·자동차 재건 패키지와 휴전의 정치적 이득을 제시한다. 휴전 결단·사업권·부패자금 회수는 아직 전이다.] || closed_loops=[젤렌스키 설득자료 전달.] => [젤렌스키 설득자료 전달; 재건패키지 제안] || ending_hook=[기존 다음 화 선취] => [젤렌스키가 부패자금 회수자료와 재건패키지를 검토해 어떤 협상신호·휴전결단을 보낼 것인가?] || opened_loops=[기존 다음 화 선취] => [젤렌스키의 검토·협상신호·휴전결단; 부패자금 회수·재건권]
731,731,126216,126382,EDIT,ending_hook;opened_loops,prev L126206~L126215; hard L126216~L126382; next L126383~L126392,"L126216~L126382은 자민당 비자금 자료 축적, 총리 사퇴·중의원 해산 장기카드, 미국 압박 가능성과 일본 이탈자금 흡수까지다. 일본 협상요청·금융청 책임론은 732화 결과로 분리했다.","ending_hook=[일본 정부가 협상을 청하고 금융청 책임자를 내놓을지, 미국이 환율조작으로 제동을 걸지가 남는다.] => [자민당 비자금 자료와 미국 압박 가능성을 장기카드로 쌓은 채, 총리 사퇴·중의원 해산을 언제 어떻게 끌어낼 것인가?] || opened_loops=[일본 협상·금융청 문책·미국 환율감시.] => [미국의 환율압박 가능성; 자민당 비자금 카드 공개시점; 총리 사퇴·중의원 해산; 일본 이탈자금 흡수]"
732,732,126383,126556,EDIT,action;turn_or_reveal;paid_reward;state_change;closed_loops;opened_loops,prev L126373~L126382; hard L126383~L126556; next L126557~L126566,"L126383~L126556의 현재 행동은 일본 금융청 30조 엔 대응논의, 미국 환율관찰국 지정, 일본 측 협상요청과 김민재·한 부회장 투트랙 결정이다. 전액상환 실행은 진입배경이므로 action 반복을 제거했다.","action=[일본 금융청의 분할상환 계산을 깨고 한 번에 돈을 갚아 엔화·주가·미 환율감시를 흔든다] => [전액상환 충격을 받은 일본 금융청의 30조 엔 대응회의와 미국의 환율관찰국 지정을 확인하고, 일본의 협상요청에 김민재·한 부회장 투트랙으로 대응한다.] || turn_or_reveal=[시장기술만으로 끝내면 다음 정권이 보복하므로 김민재가 일본 정치 자체를 바꿔야 한다고 판단한다.] => [일본은 분할상환 시나리오가 깨진 뒤 금융청 책임론과 협상을 논의하고, 김민재는 시장기술만으로 끝내지 않고 일본 정치까지 바꾸려 한다.] || paid_reward=[일본 정부의 협상요청과 금융청 책임론을 끌어내고 한 부회장·김민재의 투트랙 대응이 정해진다.] => [일본 측 협상요청과 금융청 책임론, 한 부회장·김민재의 투트랙 대응을 얻는다. 전액상환은 이 화의 새 행동이 아니라 진입 배경이다.] || state_change=[금융회사 간 상환분쟁이 현 일본정부의 생존과 차기정권 구성을 겨누는 정치전으로 넘어간다.] => [전액상환의 시장충격을 받은 일본이 협상을 요청하고, 금융분쟁은 현 정부의 생존과 차기권력을 겨누는 정치전으로 넘어간다.] || closed_loops=[일본 협상요청·대응역할 분담.] => [일본 협상요청; 금융청 책임론; 대응역할 분담] || opened_loops=[기시다 재차입조건·야당연합 접촉.] => [한 부회장의 일본 정부 협상조건; 김민재의 야권 접촉; 일본 정권교체]"
733,733,126557,126729,EDIT,action;paid_reward;state_change;ending_hook;closed_loops;opened_loops,prev L126547~L126556; hard L126557~L126729; next L126730~L126739,"현재 action·turn_or_reveal·paid_reward·state_change·ending_hook·closed_loops·opened_loops가 하드 경계와 일치하며, 계획·계약 전 상태나 인접 화 결과를 완료로 선취하지 않는다. [MANAGER_FOLLOWUP] 시작 SHA 7053d49dc7025e48b56daa2b35458965918ffc570cd66be0f87f4239992581f8와 현재 화 hard line을 대조해 11개 narrative field 중 6개를 교정했다.","[MANAGER_FOLLOWUP] action=[한 부회장·조지가 기시다에게 재차입·금리·미 국채·사과 조건을 받아낸다] => [한 부회장·조지가 기시다에게 중앙은행 보증·우대금리·세제·핀테크 개방·자본규제 완화와 총리 사퇴·중의원 해산 약속을 받아낸다.] || paid_reward=[일본 정부가 재차입·금리·미국채·사과를 포함한 금융타워의 요구를 공식 검토하게 된다.] => [기시다가 중앙은행 보증·우대금리·세제·핀테크 개방·자본규제 완화와 총리 사퇴·중의원 해산을 약속한다. 재차입·미국채 매입과 시장 정상화는 주말 집행 전이다.] || state_change=[채무상환 협상은 일본의 통화정책과 미국채 운용까지 태우가 간섭하는 국가급 거래로 커진다.] => [채무상환 협상은 일본 통화·핀테크 정책과 총리직·의회해산까지 금융타워가 조건으로 거는 국가급 거래가 되지만, 실행은 아직 남는다.] || ending_hook=[총리관저 밖에서 김민재가 야권의 돈줄과 불법자금 증거를 어떻게 묶을지가 남는다.] => [같은 시각 김민재는 기시다가 모르는 누구를 만나 무슨 다음 수를 두고 있는가?] || closed_loops=[기시다 상대 공식조건 제시.] => [기시다의 금융보상·사퇴·중의원 해산 약속 확보] || opened_loops=[곤조 접촉·자민당 불법자금·야권 재편.] => [김민재의 비공개 접촉; 일본 정부 약속 집행; 금융시장 정상화] || [MANAGER_FOLLOWUP] action=[한 부회장·조지가 기시다에게 재차입·금리·미 국채·사과 조건을 받아낸다] => [한 부회장·조지가 기시다에게 중앙은행 보증·우대금리·세제·핀테크 개방·자본규제 완화와 총리 사퇴·중의원 해산 약속을 받아낸다.] || paid_reward=[일본 정부가 재차입·금리·미국채·사과를 포함한 금융타워의 요구를 공식 검토하게 된다.] => [기시다가 중앙은행 보증·우대금리·세제·핀테크 개방·자본규제 완화와 총리 사퇴·중의원 해산을 약속한다. 재차입·미국채 매입과 시장 정상화는 주말 집행 전이다.] || state_change=[채무상환 협상은 일본의 통화정책과 미국채 운용까지 태우가 간섭하는 국가급 거래로 커진다.] => [채무상환 협상은 일본 통화·핀테크 정책과 총리직·의회해산까지 금융타워가 조건으로 거는 국가급 거래가 되지만, 실행은 아직 남는다.] || ending_hook=[총리관저 밖에서 김민재가 야권의 돈줄과 불법자금 증거를 어떻게 묶을지가 남는다.] => [같은 시각 김민재는 기시다가 모르는 누구를 만나 무슨 다음 수를 두고 있는가?] || closed_loops=[기시다 상대 공식조건 제시.] => [기시다의 금융보상·사퇴·중의원 해산 약속 확보] || opened_loops=[곤조 접촉·자민당 불법자금·야권 재편.] => [김민재의 비공개 접촉; 일본 정부 약속 집행; 금융시장 정상화]"
734,734,126730,126889,EDIT,action;paid_reward;state_change;ending_hook;closed_loops;opened_loops,prev L126720~L126729; hard L126730~L126889; next L126890~L126899,L126730~L126889은 곤조에게 불법자금 카드·자금통로를 주고 환율보험 지급조건 충족을 확인한다. 보험금·3대 은행 지분 실제 지급은 735화로 남겼다.,"action=[곤조 의원에게 자민당 불법자금 자료를 주고 환율보험 반대포지션으로 이익을 회수한다] => [곤조 의원에게 자민당 불법자금 자료와 야권 자금통로를 제시하고 환율보험 반대포지션이 보험금 지급조건에 닿았음을 확인한다.] || paid_reward=[곤조와 야당연합에 자민당을 무너뜨릴 증거와 합법적 자금통로가 제공된다.] => [곤조와 야당연합에 자민당을 무너뜨릴 증거·합법적 자금통로를 제공하고 환율보험 지급조건 충족을 확인한다. 보험금·은행지분 수령은 아직 전이다.] || state_change=[일본 금융전의 상대는 금융청에서 자민당 정권으로 바뀌고 곤조가 대체권력 후보로 선다.] => [일본 금융전의 상대가 자민당 정권으로 바뀌고 곤조가 대체권력 후보로 서며, 보험보상은 청구·지급 전 단계에 들어간다.] || ending_hook=[대형은행 지분을 보험금 대신 받고 건설사 검은돈을 거절하는 자금규율이 시험대에 오른다.] => [충족된 환율보험 조건을 실제 보험금·대형은행 지분으로 지급받고 야권자금을 깨끗하게 운용할 수 있는가?] || closed_loops=[곤조 포섭·불법자금 카드.] => [곤조 포섭; 자민당 불법자금 카드; 환율보험 지급조건 확인] || opened_loops=[은행지분 취득·깨끗한 선거자금·자민당 해산.] => [보험금·은행지분 실제 지급; 합법적 선거자금; 자민당 해산]"
735,735,126890,127049,EDIT,action;paid_reward;closed_loops;opened_loops,prev L126880~L126889; hard L126890~L127049; next L127050~L127059,"L126890~L127049 원문을 다시 읽어 계획·가능성·협상 전과 실행·서명·소유·지급을 분리하고, 인접 화의 구체 결과를 현재 화의 완료 상태에서 제거했다.",action=[일본 3대 은행 지분을 보험금 대신 받고 선거자금 통로를 고르며 수상한 건설사 돈은 거절한다] => [환율보험 보상으로 일본 3대 은행 지분을 받고 야권 선거자금 통로를 고르며 수상한 건설사 돈은 거절한다.] || paid_reward=[금융타워는 3대 은행 지분과 합법적 야권자금 통로를 확보하고 건설사 검은돈을 배제한다.] => [금융타워가 일본 3대 은행 지분과 합법적 야권자금 통로를 확보하고 건설사 검은돈을 배제한다.] || closed_loops=[은행지분·선거자금 규율.] => [환율보험 보상·일본 3대 은행 지분 취득; 선거자금 규율] || opened_loops=[중의원 해산·일본 총선·하마스 기습·러우 휴전.] => [지분 경영권·금융망 활용; 중의원 해산·일본 총선]
736,736,127050,127212,EDIT,ending_hook;opened_loops,prev L127040~L127049; hard L127050~L127212; next L127213~L127222,"현재 action·turn_or_reveal·paid_reward·state_change·ending_hook·closed_loops·opened_loops가 하드 경계와 일치하며, 계획·계약 전 상태나 인접 화 결과를 완료로 선취하지 않는다. [MANAGER_FOLLOWUP] 시작 SHA 7053d49dc7025e48b56daa2b35458965918ffc570cd66be0f87f4239992581f8와 현재 화 hard line을 대조해 11개 narrative field 중 2개를 교정했다.",[MANAGER_FOLLOWUP] ending_hook=[러우 양측의 실제 휴전서명과 일본 중앙은행 손실폭로가 계획대로 이어질지가 남는다.] => [러우의 비공식 합의가 실제 서명으로 닫히고 일본 총선·중동 방어까지 세 전선이 예정대로 결산될 것인가?] || opened_loops=[러우 휴전서명·일본은행 손실·뱅크런.] => [러우 휴전서명; 일본 총선 결과; 하마스 기습 방어] || [MANAGER_FOLLOWUP] ending_hook=[러우 양측의 실제 휴전서명과 일본 중앙은행 손실폭로가 계획대로 이어질지가 남는다.] => [러우의 비공식 합의가 실제 서명으로 닫히고 일본 총선·중동 방어까지 세 전선이 예정대로 결산될 것인가?] || opened_loops=[러우 휴전서명·일본은행 손실·뱅크런.] => [러우 휴전서명; 일본 총선 결과; 하마스 기습 방어]
737,737,127213,127367,EDIT,ending_hook;opened_loops,prev L127203~L127212; hard L127213~L127367; next L127368~L127377,L127213~L127367의 실제 마지막 프레임만 남겨 다음 화의 인물·금액·계약·결과를 훅과 열린 루프에서 의미상 선취하지 않도록 고쳤다.,ending_hook=[우크라이나의 부패재벌을 치우고 일본 야당연합이 실제 과반을 얻는 두 결산이 남는다.] => [러우 휴전과 일본 은행 30조 엔 손실 공개가 실제 전후 실행·일본 정권교체로 이어질 것인가?] || opened_loops=[콜로노이 정리·일본 총선 과반.] => [러우 휴전 이행; 일본 금융위기·뱅크런; 일본 총선·야권 과반]
738,738,127368,127539,EDIT,ending_hook;opened_loops;action;turn_or_reveal;paid_reward;state_change;closed_loops,prev L127358~L127367; hard L127368~L127539; next L127540~L127549,L127368~L127539의 실제 마지막 프레임만 남겨 다음 화의 인물·금액·계약·결과를 훅과 열린 루프에서 의미상 선취하지 않도록 고쳤다. [MANAGER_FOLLOWUP] 시작 SHA 7053d49dc7025e48b56daa2b35458965918ffc570cd66be0f87f4239992581f8와 현재 화 hard line을 대조해 11개 narrative field 중 7개를 교정했다.,"ending_hook=[하마스 기습현장에서 AI 드론·PMC가 실제 민간인 학살을 막고 일본 의석결과를 굳힐지가 남는다.] => [우크라이나 부패수사와 일본 야당 과반이 실제 기득권 제거·새 내각·재건사업으로 굳어질 것인가?] || opened_loops=[중동 기습저지·일본 새 정권·국제보상.] => [우크라이나 부패재벌 수사·자산회수; 일본 야당연합 새 내각; 재건사업] || [MANAGER_FOLLOWUP] action=[콜로노이를 시작으로 우크라이나 부패재벌을 잡고 곤조·나오토 야당연합의 50석 증가를 만든다] => [콜로노이 수사를 시작하고 일본 총선 출구조사에서 곤조·나오토 야당연합의 50석 증가와 과반 표시를 확인한다.] || turn_or_reveal=[콜로노이가 보호막을 잃는 것과 동시에 일본 개표에서 야당연합이 자민당을 추월한다.] => [콜로노이가 보호막을 잃는 것과 동시에 일본 출구조사에서 야당연합이 자민당 과반을 무너뜨린다.] || paid_reward=[우크라이나 부패재벌 정리가 시작되고 곤조·나오토 연합은 과반의석으로 자민당을 패배시킨다.] => [우크라이나 부패재벌 수사가 시작되고 일본 총선 출구조사에서 곤조·나오토 연합이 과반으로 표시된다. 최종 개표와 새 내각은 아직 전이다.] || state_change=[태우의 재건사업과 일본 금융지배를 막던 현지 기득권 두 축이 선거와 수사로 제거된다.] => [우크라이나 기득권 수사가 시작되고 일본 자민당의 과반은 출구조사상 붕괴하지만, 최종 개표·정권구성은 남는다.] || ending_hook=[우크라이나 부패수사와 일본 야당 과반이 실제 기득권 제거·새 내각·재건사업으로 굳어질 것인가?] => [출구조사상 야당 과반이 최종 개표와 새 내각으로 굳어지고 우크라이나 부패수사가 자산회수로 이어질 것인가?] || closed_loops=[콜로노이 보호막·자민당 집권.] => [콜로노이 수사 착수; 출구조사상 자민당 과반 붕괴] || opened_loops=[우크라이나 부패재벌 수사·자산회수; 일본 야당연합 새 내각; 재건사업] => [우크라이나 부패재벌 수사·자산회수; 일본 최종 개표·새 내각; 재건사업]"
739,739,127540,127739,EDIT,action;paid_reward;state_change;ending_hook;closed_loops;opened_loops,prev L127530~L127539; hard L127540~L127739; next L127740~L127749,"L127540~L127739 원문을 다시 읽어 계획·가능성·협상 전과 실행·서명·소유·지급을 분리하고, 인접 화의 구체 결과를 현재 화의 완료 상태에서 제거했다.",action=[일본 야당의 약진을 확인하는 동안 AI 드론·PMC가 하마스 기습의 민간인 학살을 막는다] => [AI 드론·PMC가 하마스 패러글라이더 침투를 막아 대규모 민간인 학살을 저지하고 현장 구조를 수행한다.] || paid_reward=[하마스 기습의 대규모 민간인 학살이 저지되고 일본 야당의 정권교체 성과도 굳어진다.] => [AI 드론·PMC가 하마스 기습의 대규모 민간인 학살을 저지한다. 일본 총선승리는 이 화의 새 지급이 아니라 진입 배경이다.] || state_change=[비밀첩보와 PMC 투입은 실제 생명을 구한 공개성과가 되어 미국이 약속한 청구서를 발생시킨다.] => [비밀첩보와 PMC 투입이 실제 생명을 구한 공개성과가 되어 미국에 청구할 비용·보상의 근거가 된다.] || ending_hook=[PMC 비용과 우크라이나 재건중심권을 미국에서 받아 내는 보상협상이 남는다.] => [민간인 구조를 위해 쓴 PMC 비용과 약속된 국제보상을 미국이 어떤 범위로 인정할 것인가?] || closed_loops=[하마스 기습저지·일본 총선승리.] => [하마스 기습·대규모 민간인 학살 저지] || opened_loops=[미국 비용정산·우크라이나 재건권·러시아 전후투자.] => [미국 비용정산·국제보상; 중동 후속안보]
740,740,127740,127898,EDIT,ending_hook;opened_loops,prev L127730~L127739; hard L127740~L127898; next L127899~L127908,L127740~L127898의 실제 마지막 프레임만 남겨 다음 화의 인물·금액·계약·결과를 훅과 열린 루프에서 의미상 선취하지 않도록 고쳤다.,ending_hook=[러시아 자원과 북한 접경경제를 실제로 묶어 줄 푸틴·로만의 도구가 필요하다.] => [미국에서 받은 비용·동등대우·재건중심권을 실제 우크라이나 사업과 러시아 전후시장 선점으로 바꿀 수 있는가?] || opened_loops=[러시아 자원투자·가스관·북한 접경개발.] => [미국 보상 집행; 우크라이나 재건계약; 러시아 전후투자]
741,741,127899,128080,PASS,"",prev L127889~L127898; hard L127899~L128080; next L128081~L128090,"현재 action·turn_or_reveal·paid_reward·state_change·ending_hook·closed_loops·opened_loops가 하드 경계와 일치하며, 계획·계약 전 상태나 인접 화 결과를 완료로 선취하지 않는다.",""
742,742,128081,128250,EDIT,ending_hook;opened_loops,prev L128071~L128080; hard L128081~L128250; next L128251~L128260,L128081~L128250의 실제 마지막 프레임만 남겨 다음 화의 인물·금액·계약·결과를 훅과 열린 루프에서 의미상 선취하지 않도록 고쳤다.,ending_hook=[곤조 총리 체제에서 일본 금융사 고객을 태우 플랫폼으로 옮길 장기독점이 남는다.] => [트럼프 후원·머스크 네트워크와 바이든 정부의 기존 거래를 함께 유지해 미국 대선 뒤에도 국제약속을 지킬 수 있는가?] || opened_loops=[곤조 내각·일본 금융플랫폼 독점.] => [트럼프 후원·선거전; 민주당 후보변수; 초당적 국제약속 유지]
743,743,128251,128420,EDIT,ending_hook;opened_loops,prev L128241~L128250; hard L128251~L128420; next L128421~L128430,L128251~L128420의 실제 마지막 프레임만 남겨 다음 화의 인물·금액·계약·결과를 훅과 열린 루프에서 의미상 선취하지 않도록 고쳤다.,ending_hook=[천민정의 AI 플랫폼을 실제 출시하고 같은 모델을 중국시장까지 확장할지가 남는다.] => [보험료 인하와 맞바꾼 태우 금융플랫폼 도입을 실제 일본 고객·데이터·수수료의 장기독점으로 굳힐 수 있는가?] || opened_loops=[AI 금융플랫폼 출시·중국 금융시장.] => [일본 금융플랫폼 구축·고객이전; 데이터·수수료; 규제통합]
744,744,128421,128566,EDIT,ending_hook;opened_loops,prev L128411~L128420; hard L128421~L128566; next L128567~L128576,L128421~L128566의 실제 마지막 프레임만 남겨 다음 화의 인물·금액·계약·결과를 훅과 열린 루프에서 의미상 선취하지 않도록 고쳤다.,"ending_hook=[일본·지린 사채망과 장남 세력을 확인하고 가족이 직접 북한협상에 나설지가 남는다.] => [천민정의 AI 금융플랫폼과 중국 투자안이 아시아 표준으로 확장될 동안, 김민재가 떠올린 새 기술·사적 미래는 무엇인가?] || opened_loops=[지린 사채망·장남 세력·김태중 특사.] => [AI 금융플랫폼 일본·중국 확장; 양자·초전도체 아이디어; 김민재·천민정의 관계]"
745,745,128567,128730,EDIT,ending_hook;opened_loops,prev L128557~L128566; hard L128567~L128730; next L128731~L128740,L128567~L128730의 실제 마지막 프레임만 남겨 다음 화의 인물·금액·계약·결과를 훅과 열린 루프에서 의미상 선취하지 않도록 고쳤다.,ending_hook=[평양에서 5개국 정상회담과 횡단철도 조건을 끌어낼 수 있을지가 남는다.] => [대북특사를 자청한 김태중이 평양에서 어떤 회담·철도·안전조건을 실제 협상선에 올릴 수 있는가?] || opened_loops=[평양협상·5개국 정상회담·횡단철도.] => [김태중의 평양 특사협상; 다자회담·횡단철도 조건; 신변안전]
746,746,128731,128901,EDIT,ending_hook;opened_loops;action;turn_or_reveal;paid_reward;state_change;closed_loops,prev L128721~L128730; hard L128731~L128901; next L128902~L128911,L128731~L128901의 실제 마지막 프레임만 남겨 다음 화의 인물·금액·계약·결과를 훅과 열린 루프에서 의미상 선취하지 않도록 고쳤다. [MANAGER_FOLLOWUP] 시작 SHA 7053d49dc7025e48b56daa2b35458965918ffc570cd66be0f87f4239992581f8와 현재 화 hard line을 대조해 11개 narrative field 중 7개를 교정했다.,"ending_hook=[정상회담에서 40조 원 횡단철도 합의를 얻고 고체배터리의 새 수요까지 연결할지가 남는다.] => [김태중의 특사 파견과 다자회담 구상을 실제 정상회담·철도합의·통행보장으로 바꿀 수 있는가?] || opened_loops=[남북정상회담·횡단철도·고체배터리 확장.] => [남북·다자 정상회담; 횡단철도 비용·통행보장 합의; 고체배터리 확장] || [MANAGER_FOLLOWUP] action=[김태중이 평양 특사로 가 정상회담·5개국회의를 성사시키는 동안 고체배터리를 휴대폰·로봇으로 넓힌다] => [김태중이 평양 특사를 마치고 다음 달 남북 정상회담과 중국·러시아·미국이 참여할 5개국 회담 약속을 확보한 동안, 고체배터리의 휴대폰·가전 적용계획을 점검한다.] || turn_or_reveal=[김민재가 기대하는 것은 추상적인 평화가 아니라 유럽까지 연결될 실제 운송로라는 목적이 선명해진다.] => [김태중이 2박3일 특사 일정으로 남북 정상회담뿐 아니라 5개국 회담 약속까지 받아 왔고, 김민재는 평화보다 유럽 육로의 실익을 본다.] || paid_reward=[김태중의 평양특사 파견과 5개국 정상회담 구상이 공식 실행선에 오른다.] => [김태중의 안전한 귀환과 다음 달 남북 정상회담·5개국 회담 약속이 발표된다. 회담 개최와 철도합의는 아직 전이다.] || state_change=[가족의 위험한 임무가 한반도 화해를 넘어 태우의 유럽 육로를 완성할 국가협상으로 확대된다.] => [가족의 위험한 임무가 남북·5개국 회담 약속과 태우의 유럽 육로 가능성으로 진전되지만 실제 회담·철도조건은 남는다.] || ending_hook=[김태중의 특사 파견과 다자회담 구상을 실제 정상회담·철도합의·통행보장으로 바꿀 수 있는가?] => [다음 달 남북 정상회담과 5개국 회담 약속을 실제 철도합의·통행보장으로 바꿀 수 있는가?] || closed_loops=[평양특사 파견·다자회담 준비.] => [김태중의 평양 특사 귀환; 남북·5개국 회담 약속 확보] || opened_loops=[남북·다자 정상회담; 횡단철도 비용·통행보장 합의; 고체배터리 확장] => [남북·5개국 회담 개최; 횡단철도 비용·통행보장 합의; 고체배터리 확장]"
747,747,128902,129069,EDIT,ending_hook;opened_loops,prev L128892~L128901; hard L128902~L129069; next L129070~L129079,L128902~L129069의 실제 마지막 프레임만 남겨 다음 화의 인물·금액·계약·결과를 훅과 열린 루프에서 의미상 선취하지 않도록 고쳤다.,ending_hook=[머스크와 우주선용 공장·탈부착 표준을 확정하고 일본 플랫폼을 출시하는 일이 남는다.] => [40조 원 횡단철도 합의 뒤 머스크가 제시한 우주용 고체배터리 수요를 어떤 공장·표준·공급계약으로 묶을 것인가?] || opened_loops=[우주선 배터리 계약·일본 AI 금융 출시.] => [횡단철도 집행·착공; 우주용 배터리 공장·표준·공급계약]
748,748,129070,129224,EDIT,ending_hook;opened_loops,prev L129060~L129069; hard L129070~L129224; next L129225~L129234,L129070~L129224의 실제 마지막 프레임만 남겨 다음 화의 인물·금액·계약·결과를 훅과 열린 루프에서 의미상 선취하지 않도록 고쳤다.,"ending_hook=[북한 횡단철도의 첫 삽과 천민정 기술의 세계적 명예가 실제 결산될지가 남는다.] => [우주배터리 표준과 일본 AI 플랫폼을 실제 반복수익으로 키우고, 북한 횡단철도 합의를 현장 착공으로 바꿀 수 있는가?] || opened_loops=[횡단철도 착공·천민정 노벨상.] => [우주배터리 공장·반복교체 수익; 일본 플랫폼 확장; 횡단철도 착공]"
749,749,129225,129398,EDIT,ending_hook;opened_loops,prev L129215~L129224; hard L129225~L129398; next L129399~L129408,L129225~L129398의 실제 마지막 프레임만 남겨 다음 화의 인물·금액·계약·결과를 훅과 열린 루프에서 의미상 선취하지 않도록 고쳤다.,"ending_hook=[기자들에게 둘러싸일 천민정을 지키는 가운데 김민재·최재석에게 돌아올 평화의 보상이 남는다.] => [횡단철도 착공과 천민정의 노벨 화학상 소식 뒤, 기자들에게 둘러싸일 천민정을 안전하게 지키고 수상의 공을 어떻게 결산할 것인가?] || opened_loops=[천민정 보호·노벨 평화상 발표.] => [천민정 보호·수상 공개대응; 횡단철도 공사·운영]"
750,750,129399,129568,PASS,"",prev L129389~L129398; hard L129399~L129568; next L129569~L129578,"현재 action·turn_or_reveal·paid_reward·state_change·ending_hook·closed_loops·opened_loops가 하드 경계와 일치하며, 계획·계약 전 상태나 인접 화 결과를 완료로 선취하지 않는다.",""
751,751,129569,129777,PASS,"",prev L129559~L129568; hard L129569~L129777; next L129778~L129787,"현재 action·turn_or_reveal·paid_reward·state_change·ending_hook·closed_loops·opened_loops가 하드 경계와 일치하며, 계획·계약 전 상태나 인접 화 결과를 완료로 선취하지 않는다.",""
