sequence,visible_label,title,start_line,end_line,entry_state,reader_promise,protagonist_goal,action,resistance_or_cost,turn_or_reveal,paid_reward,state_change_axis,state_change,ending_hook,closed_loops,opened_loops,arc_id,confidence
1,1화,이혼 후 재벌 각성(개정판) 1화,1,208,대현전자 과장 강산은 연봉 1억을 벌면서도 양혜원의 과소비와 멸시를 견디는 남편이다.,파탄 난 결혼이 강산의 자기 재평가와 반격으로 이어질 가능성을 건다.,평범하고 평온한 가정을 유지한다.,양혜원의 지출과 모욕을 참으며 행복의 의미를 되묻는다.,양혜원은 두 번째 직장과 사망보험금까지 거론하며 강산의 희생을 당연시한다.,강산은 두 사람이 처음부터 맞지 않았고 결혼 생활이 이미 행복과 멀어졌음을 인정한다.,독자가 강산의 억울함과 이혼 욕구를 선명하게 공유하게 된다.,자기평가/관계,무조건 참던 남편에서 결혼 파탄을 직시하는 사람으로 한 걸음 이동한다.,양혜원이 던진 행복 질문이 실제 결별 선택으로 번질지 남긴다.,,양혜원과의 이혼 | 강산의 진짜 행복,ARC-001,high
2,2화,이혼 후 재벌 각성(개정판) 2화,209,390,"강산은 불행을 알면서도 결혼을 지키려 하고, 대양그룹은 그의 존재를 비밀리에 관찰한다.",강산의 숨은 혈통과 이혼 결단을 동시에 전진시킨다.,더는 자신을 깎아 먹지 않는 선택을 한다.,양혜원의 이혼 요구를 받아들이고 재산 분할 논의에 응한다.,양혜원은 강산을 무능한 월급쟁이로 단정하며 재산 절반을 요구한다.,"허준수와 차지혜가 강산을 대양그룹 후계 후보로 관리해 왔다는 사실이 독자에게 먼저 공개되고, 강산은 이혼에 동의한다.",강산이 처음으로 양혜원의 요구에 끌려가지 않고 결별을 선택한다.,관계/자기평가,참는 남편에서 자기 삶을 되찾는 이혼 당사자로 바뀐다.,재산 절반 요구가 강산의 실제 자산과 숨은 신분을 어떻게 드러낼지 건다.,강산의 이혼 결심,대양그룹 후계 혈통 | 재산 분할,ARC-001,high
3,3화,이혼 후 재벌 각성(개정판) 3화,391,621,양혜원은 강산에게 나눌 재산이 많다고 믿고 이혼 협상에 들어간다.,전처의 오판을 숫자와 물건으로 즉시 되갚는다.,불필요한 분쟁 없이 이혼을 확정한다.,결혼 전 3억이 양혜원의 소비로 사라지고 2천만 원 빚만 남았다는 장부를 제시한다.,양혜원은 기대한 재산이 없자 태도를 바꾸지만 이미 관계는 돌이킬 수 없다.,한 달 뒤 이혼이 성립한 직후 김문수가 5억 2천만 원짜리 시계와 희귀 오토바이를 건네며 강산을 도련님이라 부른다.,양혜원은 자신이 버린 남자의 압도적 경제 배경을 눈앞에서 확인한다.,관계/물질/지위,빚진 이혼남처럼 보이던 강산이 대양가의 대접을 받는 자유인으로 뒤집힌다.,강산이 누구의 도련님인지 직접 밝힐 순간을 남긴다.,재산 분할 | 법적 이혼,회장님이 보낸 선물 | 강산의 재벌 신분,ARC-001,high
4,4화,이혼 후 재벌 각성(개정판) 4화,622,823,양혜원은 강산의 고가 선물과 도련님 호칭 앞에서 혼란에 빠진다.,강산의 혈통 공개와 전처의 후회를 확정한다.,양혜원과의 관계를 완전히 끝내고 자유롭게 산다.,자신의 아버지가 대양그룹 허준수 회장임을 밝히고 재결합 요구를 거절한다.,양혜원은 뒤늦게 이혼을 번복하려 하지만 강산은 결혼 중 받은 멸시를 기억한다.,허준수는 차지혜에게 강산 곁을 지키고 태양은행 개인 금고를 남기라고 지시한다.,강산은 희귀 오토바이를 타고 전처를 떠나며 처음으로 해방감을 누린다.,관계/지위/정서,양혜원의 평가에 갇힌 남편에서 대양가 혈통을 인정하면서도 자기 길을 택한 독신으로 변한다.,허준수가 준비한 금고와 승계 의도가 다음 위기를 예고한다.,양혜원의 신분 오판 | 재결합 가능성,태양은행 개인 금고 | 허준수의 승계 준비,ARC-001,high
5,5화,이혼 후 재벌 각성(개정판) 5화,824,1011,이혼은 끝났지만 강산은 허준수와 거리를 둔 채 자신의 출생사를 정리하지 못했다.,부자 관계의 상처와 허준수가 남긴 승계 장치를 설명한다.,허준수의 도움 없이 살아왔다는 자기 인식을 확인한다.,"어머니 임종, 출생신고서, 학비 대여와 대현전자 입사 과정을 회상한다.",사생아라는 상처와 어머니 사망 직후 나타난 아버지에 대한 원망이 남아 있다.,"허준수는 일기장을 차지혜에게 맡겨 강산 또는 허지태 중 유능한 후계자를 가려 달라 했고, 강산은 군대와 취업에도 아버지의 손이 닿았을 가능성을 깨닫는다.",강산의 완고한 독립심과 허준수의 오래된 관심이 동시에 입체화된다.,정보/부자 관계,아버지에게 아무것도 받지 않았다는 확신이 숨은 보호를 의심하는 상태로 흔들린다.,대양가 승계 후보와 해외 비밀계좌 비밀번호가 향후 자산 전쟁을 예고한다.,,허준수의 일기장 | 강산과 허지태의 후계 경쟁 | 스위스 비밀계좌,ARC-002,high
6,6화,이혼 후 재벌 각성(개정판) 6화,1012,1238,강산은 이혼 뒤 새 오토바이를 타며 뒤늦게 자유를 누린다.,신분 상승 직후 생명 위기와 능력 각성을 폭발시킨다.,양혜원의 추적을 떼어 내고 자신의 일상으로 돌아간다.,택시로 뒤쫓는 양혜원을 외면한 채 도로를 달린다.,전직 대양운수 기사인 트럭 운전자가 중앙선을 넘어 고의로 강산을 들이받는다.,"충돌 직후 정체불명의 재벌 각성 프로그램 활성화 메시지가 뜨고, 허준수는 둘째 아들을 배후로 의심한다.",없음. 자유의 보상 직후 목숨값을 치르는 강한 박탈형 전환이다.,생명/능력/가족 갈등,해방된 이혼남에서 암살 표적이자 각성 프로그램 대상자로 추락·전환한다.,"강산이 살아남는지, 프로그램이 무엇인지, 누가 사고를 지시했는지 세 갈래 궁금증을 만든다.",,고의 교통사고 | 재벌 각성 프로그램 | 대양가 내부 암살 배후,ARC-002,high
7,7화,이혼 후 재벌 각성(개정판) 7화,1239,1465,강산은 고의 사고로 의식을 잃고 한 달간 병원에 누워 있다.,각성 능력의 규칙과 전처의 악의를 가시화한다.,"현재 상황과 자신의 몸, 주변 인물의 의도를 파악한다.",깨어나 상태창·커리어 스캔·미래 역사 일지를 확인하고 양혜원을 스캔한다.,양혜원과 그녀의 어머니는 강산의 뇌사와 보험 이익을 기대했고 시스템은 강제 욕망을 부여한다.,강산은 대양그룹 후계 순위 7위로 표시되고 미래 역사 1996~1999 정보를 획득한다.,사고에서 생존하고 사람의 욕망과 미래를 읽을 도구를 얻는다.,능력/정보/관계,무방비한 피해자에서 상태와 타인의 욕망을 읽는 각성자로 변한다.,양혜원이 왜 병실에 들어올 수 있었는지와 사고 배후가 남는다.,강산의 생존 여부,강제 욕망과 패널티 | 양혜원의 병실 접근 이유 | 미래 역사 활용,ARC-002,high
8,8화,이혼 후 재벌 각성(개정판) 8화,1466,1675,강산은 능력을 얻었지만 대양가 후계 순위와 사고 배후를 모른다.,법적 후계 지위와 가족 내부의 살의를 동시에 전진시킨다.,양혜원을 몰아내고 병실에서 안전을 확보한다.,법적으로 남이 된 양혜원을 내보내고 허준수 측과 접촉한다.,사고 배후는 강산이 깨어났다는 소식을 듣고 다시 움직이며 대양가 형제들은 상속을 계산한다.,허준수가 강산을 법적으로 친자로 인정해 공식 상속권을 부여한다.,강산은 양혜원에게 환자 보호자 자격이 없음을 확실히 선언하고 대양가의 아들로 인정받는다.,법적 지위/가족 관계,숨겨진 사생아에서 공식 상속권을 지닌 허준수의 아들로 바뀐다.,둘째 아들의 탐욕과 남아 있는 암살 위협이 상속권의 대가를 예고한다.,양혜원의 보호자 지위,공식 상속권 | 재차 암살 가능성,ARC-002,high
9,9화,이혼 후 재벌 각성(개정판) 9화,1676,1889,강산은 공식 아들이 되었지만 허준수와의 감정적 거리는 여전하다.,부자 화해와 미래 정보의 첫 강제 미션을 결합한다.,사고 진상과 새 능력의 사용법을 알아낸다.,허준수와 대화하며 사고 수사 상황을 듣고 미래 역사 일지를 읽는다.,"허준수는 둘째 아들의 범행을 의심하면서도 즉시 처벌하지 않고, 시스템은 불이행 시 고통·죽음을 경고한다.",차지혜가 운전자의 자백을 확보했으며 시스템은 강산에게 전 재산을 달러로 바꾸라는 임무를 준다.,강산과 허준수 사이에 짧지만 실질적인 부자 인정과 신뢰가 생긴다.,부자 관계/목표/능력 규칙,수동적으로 정보를 받던 환자에서 미래를 읽고 자산 결정을 내려야 하는 미션 수행자로 바뀐다.,"전 재산 달러 투자 임무가 맞는지, 거부하면 어떤 벌을 받는지 긴장을 건다.",,달러 올인 미션 | 둘째 아들 처벌 유예,ARC-002,high
10,10화,이혼 후 재벌 각성(개정판) 10화,1890,2039,강산은 미래 일지를 믿을 근거가 부족한 채 달러 올인 명령을 받았다.,능력 검증과 첫 경제적 실행 보상을 준다.,패널티를 피하면서 미래 정보의 신뢰도를 검증한다.,극심한 두통 끝에 1억 원을 달러로 환전하고 돌리 복제 뉴스를 대조한다.,틀릴 수 있다는 공포와 시스템이 가하는 신체 고통을 감수한다.,1997년 IMF와 환율 2.5배 상승 기록이 현실적인 투자 시나리오로 읽힌다.,첫 미션을 통과하고 미래 일지가 실제 사건을 맞힌다는 확신을 얻는다.,자산/정보 신뢰/일상,막연한 각성자에서 1억 달러 포지션을 가진 미래 투자자로 바뀌고 대현전자에 복귀한다.,양혜원이 집과 회사까지 반복 추적하며 관계 파탄의 잔불을 되살린다.,미래 일지 첫 검증 | 달러 전환 미션,IMF 환차익 | 양혜원의 스토킹,ARC-002,high
11,11화,이혼 후 재벌 각성(개정판) 11화,2040,2284,강산은 일상과 회사로 돌아왔고 허준수와의 관계도 막 회복되기 시작했다.,가족 참사로 강산을 유일 상속자의 자리까지 밀어 올린다.,양혜원의 침입을 막고 회복된 일상을 지킨다.,집 문을 두드리는 양혜원을 거부하다 대양항공 전용기 추락 뉴스를 접한다.,허준수와 가족 전원이 탄 전용기가 실종·추락해 강산은 막 얻은 가족을 한꺼번에 잃는다.,시스템 미션 때문에 여행을 거절했던 강산만 살아남고 차지혜가 그를 빈 장례식장의 유일한 상주로 데려간다.,생존과 상속 자격은 얻지만 가족 몰살이라는 압도적 상실과 맞바꾼 비극적 보상이다.,가족/지위/정서,새로 인정받은 아들에서 대양가 직계의 유일 생존자이자 상주로 바뀐다.,숙부 허광호가 빈 회장 자리를 노리며 승계 전쟁이 시작된다.,강산이 전용기 여행을 거절한 결과,전용기 추락 진상과 시신 수습 | 유일 상속자 승계전 | 허광호의 야심,ARC-003,high
12,12화,이혼 후 재벌 각성(개정판) 12화,2285,2459,강산은 빈소의 유일 상주지만 대양그룹 안에서는 알려지지 않은 사생아다.,숙부와 조카의 승계 대립을 공개 충돌로 전환한다.,장례를 치르며 직계 유족의 자리를 지킨다.,차지혜와 함께 빈소 앞에 서서 조문객과 대양 임원들의 시선을 감당한다.,허광호는 자신이 당연히 회장이 될 것이라 여기고 강산의 존재를 부정하려 한다.,차지혜가 강산이 허준수의 법적 아들이자 살아남은 상속자임을 공표해 허광호의 상주·회장 명분을 막는다.,강산은 낯선 조직 앞에서 유일한 직계 상속자의 자리를 확보한다.,공적 지위/대립 관계,비공개 친자에서 대양그룹 모두가 목격하는 유일 상속자로 드러난다.,허광호가 굴복하지 않고 강산을 제거할 경쟁자로 규정한다.,빈소 상주 자격,허광호와의 공개 승계전,ARC-003,high
13,13화,이혼 후 재벌 각성(개정판) 13화,2460,2652,강산은 상주 자리를 얻었지만 그룹 지지 기반과 상속 실무는 전무하다.,승계전의 지분·가족·지하금융 변수를 펼친다.,탐욕보다 장례를 우선하며 유족의 도리를 지킨다.,고모들의 15% 유류분 가능성과 사장단 동향을 들으면서도 빈소를 떠나지 않는다.,"허광호와 박수철은 주식을 모으고, 허지훈은 북한산 지하금융과 접촉하며 외척들도 상속을 계산한다.",강산은 여섯 영정 앞에 홀로 남은 직계 생존자라는 현실을 체감한다.,독자는 돈부터 좇는 친족과 장례를 지키는 강산의 도덕적 대비를 확인한다.,위협 지도/정서,막연한 상속 위기에서 숙부·고모부·지하금융이 얽힌 다중 전선으로 확대된다.,허광호가 빈소에서 직접 상속자 자격을 공격할 준비를 한다.,,고모 15% 유류분 | 박수철의 지분 매집 | 허지훈과 북한산,ARC-003,high
14,14화,이혼 후 재벌 각성(개정판) 14화,2653,2855,허광호는 강산을 경영 경험 없는 사생아로 보고 빈소의 주도권까지 넘보려 한다.,강산이 상속과 경영을 자기 몫으로 선언하는 첫 공개 반격을 준다.,아버지의 장례와 자신의 상속권을 숙부에게서 방어한다.,커리어 스캔으로 허광호의 회장 욕망을 확인하고 조문객 앞에서 그의 탐욕을 질타한다.,시스템은 상주·후계 지위를 지키지 못하면 정신병원 또는 죽음이라는 패널티를 건다.,강산은 대양그룹을 원치 않았던 과거를 접고 아버지가 남긴 자기 몫을 받겠다고 선언한다.,허광호가 빈소에서 공개적으로 역공을 맞고 강산의 주인공성이 처음 폭발한다.,목표/자기평가/지위,우연히 남은 상주에서 상속권과 대양그룹을 지키려는 능동적 후계자로 전환한다.,숙부와의 공개 대립이 어디까지 격화될지 남긴다.,강산의 승계 의지 부재,대양그룹 확보 목표,ARC-003,high
15,15화,이혼 후 재벌 각성(개정판) 15화,2856,3086,강산은 빈소에서 허광호에게 처음으로 공개 반격했다.,숙부의 권위를 더 깎고 국가 권력의 기대까지 강산에게 얹는다.,장례의 질서를 지키며 후계자로서 밀리지 않는다.,허광호의 발언을 계속 되받아치고 조문 온 대통령을 맞는다.,고모부들은 15% 상속을 모의하고 강산은 국가 경제까지 책임지라는 기대를 떠안는다.,대통령이 허준수의 경제 구상을 강산이 이어 가라며 재능을 공적으로 인정한다.,숙부의 도발은 무력화되고 강산의 후계 정당성이 대통령의 말로 강화된다.,공적 지위/책임,가족 내부 상속자에서 국가가 주목하는 대양그룹 후계자로 격상된다.,커진 기대와 외척의 15% 모의가 동시에 다음 부담으로 남는다.,,대통령과의 경제 협력,ARC-003,high
16,16화,이혼 후 재벌 각성(개정판) 16화,3087,3307,강산은 빈소의 중심을 지켰지만 양혜원이 재벌가 전처 자격을 되찾으려 한다.,전처의 장례 침입을 즉시 응징해 이혼 보상을 재확인한다.,양혜원이 유족 행세를 하지 못하게 막는다.,상복 차림으로 찾아온 양혜원을 끌어내라고 지시한다.,양혜원은 사람들 앞에서 과거 관계를 이용해 강산에게 다시 연결되려 한다.,차지혜가 양혜원을 공개적으로 제압하고 법적·사회적 위치를 경고한다.,양혜원은 대양가 빈소에서조차 전처일 뿐이라는 현실을 굴욕적으로 확인한다.,관계/사회적 태도,양혜원의 재접근 가능성이 더욱 좁아지고 차지혜는 강산의 방패로 선명해진다.,양혜원은 포기하지 않았고 오히려 강산의 신분을 세상에 알린 목적을 드러낸다.,양혜원의 빈소 유족 행세,양혜원의 집착 심화,ARC-003,high
17,17화,이혼 후 재벌 각성(개정판) 17화,3308,3485,강산은 적대적 친족과 전처를 막아 냈지만 아버지의 죽음을 제대로 애도하지 못했다.,조갑수의 인정과 강산의 첫 눈물로 감정 보상을 준다.,조문객을 맞으며 아버지의 장례를 끝까지 치른다.,대현그룹 조갑수 회장을 맞아 허준수와 자신의 관계를 이야기한다.,조갑수는 대양이 흔들리면 17% 지분과 사업을 되찾을 기회도 계산한다.,조갑수는 강산이 대현전자에서 묵묵히 성과를 낸 인물임을 듣고 관찰 가치가 있다고 판단한다.,조갑수의 진심 어린 위로 앞에서 강산이 마침내 아버지를 위해 운다.,정서/외부 평가,상속 전쟁 때문에 억눌렸던 애도가 터지고 강산은 유력 재벌 총수의 관심을 얻는다.,조갑수가 대양의 붕괴를 이용할지 강산을 지원할지 양면적 가능성이 남는다.,강산의 억눌린 첫 애도,조갑수와의 동맹·경쟁,ARC-003,high
18,18화,이혼 후 재벌 각성(개정판) 18화,3486,3724,장례가 끝나가지만 강산에게는 승계 기반과 아버지의 유언이 아직 없다.,장례 종료와 동시에 비밀 금고·사장단 전쟁으로 다음 아크를 연다.,장례를 마치고 허준수가 남긴 진짜 의도를 확인한다.,7월 23일 장례를 끝낸 뒤 차지혜와 태양은행 개인 금고로 향한다.,허광호는 차지혜를 거제 대양조선으로 좌천시키고 긴급 사장단 회의를 준비한다.,강산이 금고 앞에 도착하는 동안 숙부 측은 조직 장악을 시작한다.,유일 상주로서 장례를 완수하고 아버지의 직접 유산에 접근한다.,시간/공간/조직 갈등,빈소의 방어자에서 금고의 유언과 경영권을 찾아 움직이는 후계자로 이동한다.,금고 안의 내용과 허광호의 사장단 회의가 정면 충돌을 예고한다.,허준수 일가 장례,태양은행 금고 내용 | 긴급 사장단 회의 | 차지혜 좌천,ARC-003,high
19,19화,이혼 후 재벌 각성(개정판) 19화,3725,3924,강산은 장례를 마쳤지만 차지혜가 좌천되고 숙부의 사장단 장악이 임박했다.,허준수의 직접 지명과 강산의 첫 조력자 확보를 준다.,금고의 유언을 확인하고 승계전 대응팀을 만든다.,금고에서 어머니 사진과 허준수의 편지를 읽고 차지혜의 좌천을 스캔해 개인 비서실장으로 고용한다.,허광호가 공식 인사권과 사장단 회의를 선점해 시간적 여유가 거의 없다.,편지는 강산을 후계자로 지명하고 차지혜를 믿으라고 명시하며 시스템도 숙부 회의를 경고한다.,강산은 아버지의 인정과 가장 강한 실무 조력자 차지혜를 동시에 얻는다.,정당성/조력자/목표,유언 없는 상속자에서 허준수의 서면 지명을 가진 승계전 지휘자로 바뀐다.,허광호보다 먼저 우호 사장단과 운전자를 확보해야 하는 시한전이 열린다.,태양은행 금고 내용 | 차지혜의 좌천 상태,사장단 우군 모집 | 전속 운전자 확보,ARC-004,high
20,20화,이혼 후 재벌 각성(개정판) 20화,3925,4094,강산과 차지혜는 숙부 측 사장단 회의에 맞설 시간과 이동 수단이 부족하다.,인재 스캔과 숙부 진영의 구체적 지분 전략을 제시한다.,빠르게 움직일 핵심 인력과 승계전 정보를 확보한다.,운전기사 도명환을 스캔하고 프랑스 그랑프리 도전을 지원하겠다고 약속한다.,허광호와 박수철은 계열사 지분·유통 물량·대현그룹 17%·대한은행 표까지 계산한다.,도명환은 75의 잠재력을 가진 레이서 지망생이고 강산의 약속으로 개인적 충성 동기를 얻는다.,강산은 단순 운전기사가 아니라 위기 이동을 맡길 재능 있는 첫 현장 인력을 얻는다.,인력/전략 정보,차지혜 한 명의 참모 체제에서 도명환까지 포함한 작은 실행팀으로 확장된다.,허광호가 사장들을 실제로 소집하며 표 싸움의 시간이 시작된다.,전속 운전자 선정,도명환의 레이서 꿈 | 사장단 표 계산,ARC-004,high
21,21화,이혼 후 재벌 각성(개정판) 21화,4095,4303,허광호가 계열사 사장들을 본사로 모으고 강산에게는 공식 소집권이 없다.,두 개의 사장단 회의를 만들어 충성 경쟁을 행동으로 보여준다.,아버지가 남긴 우군을 자기 쪽 회의로 불러낸다.,차지혜의 내부 제보를 바탕으로 허준수의 아지트인 미래전략연구센터에 별도 회의를 소집한다.,사장들은 숙부의 현실 권력과 강산의 불확실한 미래 중 하나를 선택해야 한다.,대양제철 조광현은 허준수에 대한 의리로 강산 쪽 회의를 택한다.,강산은 아버지의 준비가 실제 인물의 선택으로 남아 있음을 확인한다.,조직/관계,고립된 상속자에서 적어도 일부 사장이 찾아올 대안 회의의 주최자가 된다.,과연 몇 명이 강산의 회의에 도착할지 숫자 긴장이 걸린다.,,두 사장단 회의의 참석자 경쟁,ARC-004,high
22,22화,이혼 후 재벌 각성(개정판) 22화,4304,4499,강산의 별도 회의에는 극소수만 올 가능성이 크다.,상속세 5조라는 현실 장벽에 미래 정보 기반 해법을 제시한다.,소수 우군에게 자신이 승계 가능한 경제 논리를 증명한다.,5년 분납과 첫 1조 마련 방안을 논의하며 스위스 계좌 조회를 맡기고 미생마 전략을 선언한다.,"5조 상속세와 낮은 지분, 숙부의 조직 장악이 동시에 강산을 압박한다.",허준수의 비밀계좌가 실재하고 강산은 IMF 환차익으로 세금을 낼 구상을 밝힌다.,무모한 사생아가 아니라 숫자와 미래 시나리오를 가진 상속자로 우군의 인식이 바뀐다.,자금 계획/신뢰,상속세에 쫓기는 후계자에서 위기를 자산 증식에 쓸 설계자로 이동한다.,비밀계좌 잔액과 실제 참석 사장 수가 다음 화의 검증점이 된다.,,5조 상속세 해법 | 미생마 전략,ARC-004,high
23,23화,이혼 후 재벌 각성(개정판) 23화,4500,4706,스위스 계좌와 충성 사장 수가 강산 계획의 생존 여부를 가른다.,실자금과 핵심 인재를 숫자로 지급한다.,독립 자금과 장기 경영진 후보를 확정한다.,2조 계좌를 확인하고 부동산 매각·달러 투자·독립 투자회사 설립을 논의하며 참석자들을 스캔한다.,실제로 찾아온 사장은 대양시멘트 이종철과 대양제철 조광현뿐이다.,조광현은 전문경영인 욕망과 현재 가치 92를 지닌 유력 미래 회장감이다.,강산은 자유롭게 운용 가능한 2조와 검증된 두 충성 사장을 확보한다.,자산/인재/관계,계획만 있던 후계자에서 2조 종잣돈과 차기 경영진 후보를 가진 세력으로 변한다.,소수파가 다수 사장단을 뒤집을 제3의 카드가 필요한 상태다.,스위스 계좌 잔액 | 강산 회의의 초기 참석자,조광현의 미래 회장 가능성 | 독립 투자회사,ARC-004,high
24,24화,이혼 후 재벌 각성(개정판) 24화,4707,4913,강산 쪽은 두 사장뿐이라 표 대결로 허광호를 이기기 어렵다.,제3의 전문경영인 카드로 승계전의 규칙 자체를 바꾼다.,자신도 숙부도 아닌 현실적 임시 회장 대안을 만든다.,허준수의 조력자이자 경영의 마법사 강덕수를 불러 전문경영인 체제를 제안한다.,강산이 직접 회장이 되지 못하는 양보가 필요하고 숙부는 본사 사장들을 장악 중이다.,강덕수라는 압도적 경영 전문가가 등장해 강산의 IMF 구상과 임시 해법을 받아들인다.,패배 직전의 소수파가 모두가 수용할 수 있는 강력한 후보를 얻는다.,전략/조직,강산 대 허광호의 혈통 싸움이 강덕수 전문경영 체제라는 새로운 선택지로 재편된다.,강덕수 카드를 본사 회의에 제시간에 올릴 수 있는지가 남는다.,,강덕수 전문경영인 안,ARC-004,high
25,25화,이혼 후 재벌 각성(개정판) 25화,4914,5119,강산은 강덕수 카드를 얻었지만 본사 회의는 허광호 중심으로 굳어지고 있다.,충성 보상과 시간 압박을 함께 올린다.,초기 우군에게 미래 지위를 약속하고 본사 회의로 돌진한다.,"조광현에게 장차 3대 회장, 이종철에게 부회장 가능성을 제시한 뒤 강덕수와 본사로 향한다.",허광호는 대양조선 지지를 얻고 대양자동차 이동국까지 끌어들이려 한다.,강산은 먼저 온 충성을 구체적 직위로 보상해 우군의 결속을 확정한다.,이종철·조광현은 위험을 감수한 선택이 미래 보상으로 돌아옴을 확인한다.,관계/시간 압박,임시 연합이 장기 승진 약속을 공유하는 핵심 파벌로 굳어진다.,본사 사장단 결론 전에 도착할 수 있는지 시계가 작동한다.,,조광현 3대 회장 약속 | 이종철 부회장 약속,ARC-004,high
26,26화,이혼 후 재벌 각성(개정판) 26화,5120,5391,허광호 쪽 사장단은 강산 없이 회장 지지를 확정하려 한다.,기지와 속도 액션으로 회의 시간을 강제로 벌어낸다.,강덕수 안을 제시할 한 시간을 확보해 본사에 도착한다.,전 지분을 국가에 기부해 공기업으로 만들겠다는 전갈을 은지수에게 보내고 도명환에게 지하철 연결을 맡긴다.,은지수는 해고를 각오해야 하고 헬기도 없으며 서울 교통이 시간을 잡아먹는다.,대양자동차 이동국이 기부 위협의 파장을 인정해 회의를 한 시간 멈춘다.,신입 비서와 운전기사의 용기·재능이 강산에게 실제 시간이라는 자원으로 돌아온다.,시간/조직/인재,배제된 후계자에서 사장단 회의를 한 시간 정지시킨 실질 권력자로 변한다.,도명환이 약속한 시간 안에 본사까지 데려갈 수 있는지 남는다.,회의 유예 확보,은지수의 해고와 보상 | 도명환의 고속 이동 시험,ARC-004,high
27,27화,이혼 후 재벌 각성(개정판) 27화,5392,5685,강산 일행은 한 시간 안에 본사 회의실에 도착해야 한다.,도명환의 재능을 실제 질주 보상으로 회수하고 흑막 박수철을 포착한다.,기한 내 사장단 회의에 진입한다.,도명환의 과감한 운전과 지하철 환승을 거쳐 정확히 한 시간 안에 본사에 도착한다.,은지수는 전갈 때문에 해고되고 적대 임원들은 이미 표를 굳혀 놓았다.,회의실에 들어선 강산은 커리어 스캔으로 박수철이 허광호를 조종하는 실무 흑막임을 알아낸다.,도명환의 그랑프리 잠재력이 즉시 증명되고 강산은 약속한 무대에 제때 선다.,행동/정보/관계,시간에 쫓기던 외부인에서 흑막을 식별한 회의 참가자로 전환한다.,박수철의 정체를 안 강산이 회의에서 어떻게 뒤집을지 건다.,한 시간 내 본사 도착 | 도명환의 운전 시험,박수철 제거 | 은지수 구제,ARC-004,high
28,28화,이혼 후 재벌 각성(개정판) 28화,5686,5918,강산은 적대 사장단 한가운데 들어왔고 허광호와 박수철의 의도를 알고 있다.,경험 부족 공격을 역으로 숙부의 무능 공격으로 돌린다.,사장들이 강산의 대안을 들을 수 있게 발언권과 분위기를 장악한다.,지하철로 왔다고 답하고 혈통만으로 회장을 뽑아선 안 된다는 논리로 허광호를 겨냥한다.,허광호의 적대 지수는 95이고 강산 역시 경영 경험이 없다는 약점이 있다.,확장된 스캔이 관계·투자·현재·미래 가치를 보여주며 강산은 차지혜에게 공개 사과를 시켜 자신의 독립성을 연출한다.,사장단의 시선이 사생아 논란에서 능력 검증과 대안 비교로 이동한다.,회의 프레임/능력,방어해야 할 젊은 상속자에서 숙부의 자격을 심사하는 질문자로 위치가 역전된다.,이동국이 허광호를 제지하며 강산의 본론을 들을 길이 열린다.,,확장 커리어 스캔 활용,ARC-004,high
29,29화,이혼 후 재벌 각성(개정판) 29화,5919,6156,사장단은 강산의 주장에 귀를 열었지만 아직 실행 가능한 대안을 듣지 못했다.,차악과 전문경영이라는 현실적 선택지를 설득한다.,강덕수 체제를 사장단의 합리적 선택으로 만든다.,자신을 차악이라 규정하고 강덕수를 소개하며 내부 내전과 외부 인수 위험을 설명하게 한다.,허광호는 강산의 경험 부족과 상속세 문제를 공격하고 자기 권위를 놓지 않는다.,강산은 숙부의 능력 부족과 금치산 시도까지 알고 있음을 암시하고 강덕수는 전문경영이 그룹을 지킬 유일한 완충안임을 논증한다.,감정적 혈통 싸움이 사장들이 수용할 수 있는 기업 생존 논리로 바뀐다.,조직 합의/전략,강덕수 안이 강산만의 묘수에서 사장단의 현실적 대안으로 성장한다.,허광호가 상속세와 지분이라는 마지막 숫자 약점을 꺼낸다.,,전문경영 체제 표결,ARC-004,high
30,30화,이혼 후 재벌 각성(개정판) 30화,6157,6378,허광호는 5조 상속세와 약한 지분을 들어 강산 안을 흔든다.,조갑수의 지원과 강산의 간단한 세금 해법을 결전 직전 카드로 모은다.,상속세가 경영권을 무너뜨리지 않는다는 답을 제시한다.,상속세 질문에 간단한 답이 있다고 맞서며 외부 지지의 도착을 기다린다.,허광호는 자금 부족을 이용해 강산이 주식을 팔 수밖에 없다고 몰아간다.,조갑수는 대현의 17%를 되찾을 기회보다 허준수에게 진 빚을 택해 강산 지지를 보낸다.,강산은 가장 위험한 외부 주주가 적이 아니라 우군으로 선 순간을 얻는다.,외부 동맹/표결,내부 소수파가 대현그룹의 지지까지 얻은 승리 가능 세력으로 바뀐다.,강산이 공언한 상속세의 간단한 답이 무엇인지 직전에서 끊는다.,조갑수의 초기 선택,상속세 물납 해법 공개,ARC-004,high
31,31화,이혼 후 재벌 각성(개정판) 31화,6379,6671,상속세와 지분 문제만 풀면 전문경영안이 사장단 과반을 얻을 분위기다.,세금 묘수와 숙부·흑막의 즉각적 몰락을 결산한다.,강덕수 체제를 통과시키고 허광호 측의 조직 장악을 제거한다.,상속세를 주식 물납해 정부가 14.45%를 보유하게 하고 IMF 때 되사겠다는 구상을 밝힌다.,국가가 지분을 보유하는 위험과 주주총회까지 남은 법적 절차가 있다.,대현 지지까지 도착하자 모든 사장이 강덕수 안에 손을 들고 허광호·박수철의 보직이 제거된다.,허광호의 회장 찬탈은 무산되고 박수철은 거제 현장으로 좌천되며 주가까지 상한가 기대를 만든다.,경영권/지위/자산,숙부에게 쫓기던 상속자에서 전문경영 체제를 설계하고 인사권을 행사하는 실질 대주주로 역전된다.,사장단 승리를 주주총회에서 법적으로 확정해야 한다.,긴급 사장단 회의 | 박수철의 본사 권력 | 허광호의 즉시 회장 취임,주주총회 확정 | 정부 보유 지분 재매입,ARC-004,high
32,32화,이혼 후 재벌 각성(개정판) 32화,6672,6951,강산은 사장단 회의에서 이겼지만 법적 주주총회와 장기 승계 기반은 남아 있다.,승리의 실무 보상과 다음 위협 지도를 정리한다.,우군을 보상하고 안전한 생활·업무 기반을 만든다.,아버지 회장석에 잠시 앉고 충성 사장들과 화해·보상하며 은지수를 채용하고 조갑수 면담을 잡는다.,"대한은행이라는 두 번째 조력자, 고모부의 15%, 허지훈·허지태 등 친족 변수가 남는다.",강산은 아버지 집 대신 호텔을 택하고 회장 자리에 곧장 오르지 않는 자기 방식을 분명히 한다.,은지수의 해고 희생이 채용으로 돌아오고 초기 우군들은 승진 전망을 얻는다.,생활 기반/조직 관계,급조된 전시팀에서 호텔 거점과 보상 규칙을 갖춘 상속자 비서 체제로 안정된다.,고모부 15%와 조갑수·대한은행·사촌 문제가 다음 정치·자금 아크를 연다.,은지수 해고 후속 | 초기 충성 사장 보상,고모부 15% 대응 | 조갑수 단독 면담 | 대한은행 조력자,ARC-004,high
33,33화,이혼 후 재벌 각성(개정판) 33화,6952,7301,강산은 호텔에 거점을 잡고 외부 동맹·자금·친족 위험을 넓게 살펴야 한다.,후계 경쟁자·암살 증거·전처의 추락을 한꺼번에 재배치한다.,다음 승계 위협을 식별하고 자신만의 일상 기반을 만든다.,허지태·허지훈을 조사하고 호텔에서 라면 같은 소박한 생활을 택하며 잔해 수색을 지시한다.,허지훈은 북한산과 연결되고 기자에게 둘째 아들의 암살 사주 증거가 들어가며 양혜원도 강산을 계속 노린다.,허지태는 허준수가 높이 평가한 잠재 경쟁자이고 양혜원은 상류사회에서 오히려 이혼 때문에 배척당한다.,강산은 자신을 버린 전처의 사회적 태도 변화와 후회를 간접적으로 확인한다.,위협 지도/사회적 평가,숙부 단일 적 구도에서 두 사촌·언론·지하금융·전처가 얽힌 복합 구도로 넓어진다.,조갑수와의 면담 및 기자의 암살 폭로 가능성이 병행된다.,,암살 사주 보도 | 허지태 잠재 경쟁 | 전용기 잔해 수색,ARC-005,high
34,34화,이혼 후 재벌 각성(개정판) 34화,7302,7572,조갑수는 강산을 지원했지만 대양이 보유한 대현그룹 17%를 경계한다.,동맹 총수의 속내와 대현전자 인수 씨앗을 공개한다.,조갑수에게 경영 조언을 얻고 대현과의 힘 관계를 파악한다.,조갑수를 스캔하고 대양 내부 대현 스파이를 지적하며 차지혜에게 회유를 지시한다.,조갑수는 대현 독립과 깔끔한 승계를 원하고 17% 지분을 되찾고 싶어 한다.,미래 대현전자는 스마트폰 세계 1위가 될 잠재력이 있고 조갑수의 희망 사항에 강산을 사위로 삼는 선택이 떠오른다.,강산은 17% 지분이 조갑수와 대현전자를 움직일 강력한 레버리지임을 확인한다.,사업 목표/외부 관계,우호적 조문객이던 조갑수가 잠재 장인·경쟁자·거래 상대라는 다층 관계로 바뀐다.,강산이 대현전자에서 직접 인재와 사업을 빼 올 계획을 세운다.,,대현전자 확보 | 조갑수의 사위 구상 | 대현 스파이 전향,ARC-005,high
35,35화,이혼 후 재벌 각성(개정판) 35화,7573,7876,강산은 대현전자 잠재력과 17% 지분의 가치를 알았지만 아직 대현 소속 직원이다.,월급쟁이 신분을 벗고 핵심 인재를 통째로 빼 오는 실행 사이다를 준다.,대현전자 경험을 끝내고 대양의 전자사업 인재 기반을 만든다.,대현 스파이를 3배 연봉으로 전향시키고 직접 퇴사하며 인사기록을 챙겨 한강수와 휴대전화 인재들을 겨냥한다.,조갑수는 전자사업 가치를 숨기고 강산을 내부 직책에 묶으려 한다.,강산은 대양전자를 원한다고 분명히 하고 직원이 아니라 대주주·스카우터의 위치로 대현을 떠난다.,평범한 과장이던 직장에서 인재 명단을 들고 나오는 지위 역전이 실현된다.,직업/사업/지위,대현전자 과장에서 대양 전자사업을 설계하며 경쟁사 핵심 인재를 데려갈 고용주로 바뀐다.,한강수 영입과 대한은행 3.5조 대출 협상이 이어진다.,대현전자 재직,한강수·휴대전화팀 영입 | 대양전자 강화,ARC-005,high
36,36화,이혼 후 재벌 각성(개정판) 36화,7877,8182,강산은 인재 확보를 시작했지만 대규모 투자와 상속세를 감당할 유동 자금이 부족하다.,대한은행 조력자와 사상 최대 담보대출을 연결한다.,대양 지분의 지배력을 유지하면서 3.5조 투자금을 조달한다.,대한은행 강경열을 만나 나머지 대양지주 14.45%를 담보로 3.5조 대출을 요청한다.,강경열은 IMF 전후 배신 가능성이 있는 야심가이며 대출 실패 시 경영권을 잃을 수 있다.,강경열은 미래 금융 거물이 될 잠재력과 허준수의 두 번째 조력자 지위를 지닌다.,강산은 국내 은행권 전체를 움직일 수 있는 자금 조달 통로를 연다.,자금/동맹/위험,2조 비밀자금만 가진 상속자에서 3.5조 레버리지까지 노리는 대형 투자자로 변한다.,은행 연합 대출의 성사와 강경열의 충성 여부가 남는다.,대한은행 조력자 정체,3.5조 지분 담보대출 | 강경열의 미래 배신 가능성,ARC-005,high
37,37화,이혼 후 재벌 각성(개정판) 37화,8183,8444,강산은 3.5조 대출을 제안했으나 아직 승인을 받지 못했고 외부 세력이 사촌들을 노린다.,해외 환투기·지하금융·전처 임신을 세 갈래 압박으로 연다.,IMF 전 종잣돈을 배치하고 사촌·전처 변수를 감시한다.,강경열에게 여러 은행으로 대출을 나누고 달러로 받되 의결권을 보존하라고 요구한다.,김여사와 지은이 허지훈·허지태를 미끼로 대양을 노리고 양혜원의 산부인과 방문이 포착된다.,차지혜는 양혜원의 임신 가능성을 보고하고 강산은 태국·아시아 외환위기에 자금을 투입할 구상을 구체화한다.,강산은 미래 경제위기를 선점할 자금 배치와 정보망의 효용을 확인한다.,위협/자금 계획/관계,국내 승계 중심에서 아시아 환투기와 임신 친자 논란까지 전선이 확장된다.,"양혜원의 임신이 강산의 아이인지, 한강수 영입이 성사될지 남는다.",,양혜원의 임신 | 김여사·지은의 대양 접근 | 태국 외환위기 투자,ARC-005,high
38,38화,이혼 후 재벌 각성(개정판) 38화,8445,8724,강산은 대양호텔을 거점으로 정하고 대현전자 핵심 인재 한강수를 불러냈다.,한강수 영입과 암살 제보의 진실 추적을 병렬 전진시킨다.,대양전자 휴대전화 사업을 이끌 팀장을 영입한다.,한강수와 만나 조건을 논의하고 수락을 전제로 한 달 뒤 합류를 통보한다.,"한강수는 안정된 대현전자 경력과 가족 생계를 포기해야 하고, 암살 제보자는 기자를 돈벌이 수단으로 이용한다.",이상수 기자는 제보자의 아픈 아내를 확인하며 단순 폭로 거래 뒤의 생존 사정을 추적한다.,강산은 한강수의 마음을 흔들고 대양호텔이라는 독자 생활·업무 거점을 확정한다.,인재/생활 기반/정보,스카우트 명단이 한강수와의 실질 협상으로 전환되고 암살 사건도 인간적 동기를 얻는다.,한강수에게 제시할 압도적 보상과 제보자의 정체가 남는다.,대양호텔 거점 선택,한강수 최종 합류 | 제보자의 아픈 아내,ARC-005,high
39,39화,이혼 후 재벌 각성(개정판) 39화,8725,8999,한강수는 이직을 고민하고 강산은 가족까지 움직일 보상을 준비한다.,충성 요구를 생활 보상으로 구체화해 인재 영입 사이다를 준다.,한강수와 휴대전화 핵심팀을 확실히 대양으로 데려온다.,"3배 연봉, 청담 빌라, 자녀 국제학교, 아버지 100톤 어선을 제시하고 휴대전화·디스플레이·배터리를 맡긴다.",막대한 선투자와 대현전자와의 정면 인재전쟁을 감수해야 한다.,한강수는 팀장으로 합류하고 강산은 충성은 말이 아니라 성과로 증명하라고 요구한다.,한강수 가족의 주거·교육·생업이 한 번에 개선되고 강산은 미래 핵심팀을 얻는다.,인재/물질/관계,대현의 과장 한강수가 대양의 휴대전화·디스플레이·배터리 통합팀장으로 이동한다.,인재 집단 이탈을 알게 된 조갑수의 반응과 암살범·양혜원 문제가 다가온다.,한강수 최종 합류,대현전자 핵심팀 집단 이동 | 휴대전화 통합 개발,ARC-005,high
40,40화,이혼 후 재벌 각성(개정판) 40화,9000,9287,강산은 한강수 영입에 성공했지만 암살 보도와 양혜원의 임신이 동시에 수면 위로 오른다.,경제 확장 뒤 미해결된 인간적 청구서를 정면에 세운다.,암살 제보의 희생자를 직접 확인하고 불필요한 피를 막는다.,차지혜의 보복안을 거부하고 교도소의 노진구를 만나기로 한다.,"노진구는 둘째 아들의 지시로 강산을 죽이려 했고, 기자 편집부는 뇌물을 받으며 보도를 막는다.",양혜원은 과거 허준수에게 거짓 임신을 말했지만 현재 임신 테스트는 실제 양성이고 이태원 만남의 기억을 숨긴다.,강산은 차지혜의 혈통적 보복보다 자기 윤리를 선택해 아버지와 다른 경영자상을 세운다.,도덕 목표/관계 위기,확장 사업 중심에서 암살범의 사정과 친자 가능성을 직접 판정해야 하는 국면으로 바뀐다.,노진구의 범행 동기와 태아의 친부가 누구인지 강한 이중 미스터리가 열린다.,한강수 영입 실행,노진구 면담 | 양혜원 태아 친자 | 편집부 보도 차단,ARC-005,high
41,41화,이혼 후 재벌 각성(개정판) 41화,9288,9587,양혜원의 실제 임신과 노진구의 암살 사정이 강산에게 동시에 청구된다.,임신 협박의 허점을 잡고 암살범 면담으로 들어간다.,태아 친자 가능성을 검증하고 노진구의 진짜 동기를 확인한다.,양혜원의 전화 협박에 14주 시점을 의심하고 친자라면 책임지겠다고 한 뒤 개인 면담을 잡는다.,양혜원은 언론 폭로를 위협하고 강산 자신도 친자 가능성을 완전히 배제할 수 없다.,양혜원은 이태원에서 만난 외국인과의 관계를 기억하면서도 강산에게 100억을 뜯을 계획을 세운다.,강산은 감정적으로 흔들리지 않고 친자 확인이라는 객관적 규칙을 세운다.,관계/판정 규칙,막연한 임신 공포에서 출산·DNA 검사라는 명확한 해결 경로로 이동한다.,교도소에서 노진구의 사정을 직접 들을 차례가 된다.,,양혜원과 개인 면담 | 출산 후 DNA 검사,ARC-006,high
42,42화,이혼 후 재벌 각성(개정판) 42화,9588,9885,강산은 노진구가 돈 때문에 자신을 죽이려 했다는 사실만 알고 교도소를 찾는다.,암살범의 인간적 비용과 폭로의 기업 비용을 구체적 숫자로 보여준다.,노진구를 처벌할지 구제할지 판단할 사실을 얻는다.,노진구를 스캔하고 이상수 기자의 독립 취재 결과와 대조한다.,"노진구의 아내는 희귀 백혈병으로 월 3,500만 원이 들고, 폭로 시 대양 이미지 손실은 2,000억으로 예측된다.",노진구는 살인을 원한 악인이 아니라 아내 치료비 때문에 범행을 수락한 죄책감 큰 생계형 가해자다.,강산은 흑백 복수가 아니라 치료·침묵·사회적 보상을 결합할 해법의 근거를 얻는다.,도덕 판단/정보,노진구가 제거 대상에서 구조 가능한 가해자·피해자로 재평가된다.,강산이 노진구의 죽을 각오를 어떤 거래로 바꿀지 남는다.,노진구의 범행 동기,"노진구 아내 치료 | 2,000억 이미지 손실 회피",ARC-006,high
43,43화,이혼 후 재벌 각성(개정판) 43화,9886,10150,노진구는 아내만 살릴 수 있다면 죽거나 자살할 각오까지 한다.,암살범을 충성 인재와 공익 사업으로 전환하는 역발상 보상을 준다.,피를 더 흘리지 않고 노진구의 죄와 아내 치료를 동시에 해결한다.,자살을 거부하고 치료비를 전액 대는 대신 침묵·참회·새 삶을 요구한다.,강산은 아버지의 둘째 아들처럼 사람을 소모하는 길을 택할 유혹과 비용을 감수한다.,노진구의 관계 지수가 90의 우군으로 바뀌고 미래 대양운수 노조위원장 가능성이 뜬다.,암살범이 충성스러운 미래 노조 리더로 바뀌며 희귀난치병 지원재단 구상까지 생긴다.,관계/도덕/조직,적대적 살인청부범이 치료받는 가족과 대양운수 미래 인재로 전환된다.,숙부 허광호까지 파괴 대신 관리할 수 있는지 다음 실험으로 이어진다.,노진구 처분 | 노진구 아내 치료 방향,희귀난치병 지원재단 | 노진구의 대양운수 복귀,ARC-006,high
44,44화,이혼 후 재벌 각성(개정판) 44화,10151,10428,강산은 노진구 문제를 공익 사업으로 바꾸고 친족 적대도 피 없이 관리하려 한다.,숙부의 감정을 이용해 가족 내 적을 표와 우군으로 전환한다.,허광호의 3%와 자녀들을 적대 세력에서 관리 가능한 가족로 바꾼다.,허준수 일기에 숙부가 아픈 손가락이었다고 선의의 거짓말을 하고 명예고문·자녀 보직을 제안한다.,허광호는 이미 회장 찬탈을 시도했고 네 자녀의 욕망도 다양하다.,허광호는 죽은 형이 자신을 아꼈다는 말에 감정적으로 무너져 강산의 제안을 듣기 시작한다.,숙부와의 관계가 공개 적대에서 협상 가능한 가족 관계로 누그러진다.,가족 관계/지분 협상,허광호가 제거 대상에서 명예와 자녀 미래로 묶을 수 있는 표 제공자로 바뀐다.,강산이 요구할 핵심 대가가 아직 공개되지 않는다.,,허광호 3% 의결권 위임 | 허광호 자녀 배치,ARC-006,high
45,45화,이혼 후 재벌 각성(개정판) 45화,10429,10702,허광호는 감정적으로 누그러졌지만 지분과 야심을 아직 내려놓지 않았다.,가족 화합을 구체적 의결권과 보직으로 결산한다.,허광호의 재도전을 막고 3% 의결권을 확보한다.,"명예고문·허지훈 부회장 가능성·자녀 배치를 당근으로, 과거 증거를 채찍으로 제시한다.",숙부를 살려 두는 만큼 재배신 위험과 약속 이행 비용이 남는다.,허광호가 3% 의결권 위임에 동의하고 강산은 두 번째 배신은 없다고 선을 긋는다.,가장 큰 가족 적의 표가 강산 편으로 넘어가고 희귀난치병 재단 설립도 실행된다.,지분/가족 관계/공익,"숙부는 경쟁 회장 후보에서 명예고문·의결권 위임자로, 강산은 더 안정된 지배주주로 변한다.",이제 양혜원과의 임신 면담에서 같은 통제력을 증명해야 한다.,허광호 3% 의결권 협상 | 숙부의 즉시 재도전,허지훈의 미래 부회장 가능성 | 바이오·줄기세포 사업,ARC-006,high
46,46화,이혼 후 재벌 각성(개정판) 46화,10703,11000,양혜원은 임신 테스트를 무기로 재결합과 돈을 요구하려 한다.,전처의 거짓과 욕망을 스캔해 친자 협박을 역으로 가둔다.,아이 가능성에는 책임지되 양혜원의 금전 협박에는 굴복하지 않는다.,서로 녹음하는 자리에서 양성 테스트를 확인하고 출산·DNA 검사 후 책임 조건을 제시한다.,양혜원의 적대 지수는 92이고 강산의 죽음을 원하며 친자 여부는 아직 확정되지 않았다.,스캔에 일본 성인물 미래와 검은 콩 단서가 떠 강산은 이태원에서 만난 흑인 남성 가능성을 연결한다.,재결합·대양백화점이라는 큰 미끼를 조건부로 던져 양혜원이 아이를 낳고 진실을 증명하게 만든다.,관계 통제/정보,임신 협박을 받는 전남편에서 출산과 DNA 검사의 규칙을 정하는 협상 우위자로 역전된다.,양혜원이 당장 돈을 요구하며 조건부 약속을 현금화하려 한다.,양혜원 개인 면담 성사,검은 콩 단서 | 조건부 대양백화점·재결합 약속,ARC-006,high
47,47화,이혼 후 재벌 각성(개정판) 47화,11001,11301,양혜원은 거대한 조건부 보상보다 당장 받을 현금을 원한다.,전처의 타임라인 모순을 공개해 경제적 요구를 완전히 차단한다.,친자 확인 전에는 한 푼도 지급하지 않는 원칙을 지킨다.,이태원·모텔·임신 주수의 모순을 지적하고 출산 뒤 검사 전까지 지원을 거절한다.,양혜원은 일본행을 위한 일시금과 언론 협박을 계속 꺼낸다.,강산은 친자라면 전부 주되 아니라면 1원도 없다는 극단적으로 명확한 조건을 반복한다.,양혜원의 즉시 현금 갈취가 실패하고 그녀는 스스로 만든 거대한 희망에 묶인다.,관계/경제 통제,전처가 협박하는 구도에서 강산이 증거와 조건을 통제하는 장기 판정 구도로 굳어진다.,양혜원이 변호사를 찾아 1조 규모 이혼 보상을 노린다.,면담 중 즉시 현금 지급 가능성,양혜원의 변호사 소송 모색,ARC-006,high
48,48화,이혼 후 재벌 각성(개정판) 48화,11302,11584,양혜원은 변호사를 통해 1조 알imony를 노리고 이상수 기자는 암살 진실을 알고 있다.,폭로 위기를 공익 보도와 보험 사업으로 바꾸며 두 청구서를 정리한다.,대양 이미지 손실 없이 노진구 문제를 공공의료 의제로 전환한다.,이상수에게 암살 보도 보류를 요청하고 건강보험·희귀병 보도를 맡기며 생명·의료보험 사업을 구상한다.,기자는 진실 은폐에 반발할 수 있고 양혜원의 변호사는 그녀를 대양 연결고리로 이용하려 한다.,이상수는 환자 지원이라는 더 큰 공익과 취재 기회를 받아들이고 협력자로 선다.,암살 스캔들이 희귀병 지원·보험 개혁·기업 이미지 상승의 선순환으로 바뀐다.,언론 관계/사업/공익,폭로 대상이던 강산이 기자와 함께 의료 의제를 만드는 후원자·사업가로 변한다.,대통령과의 상속세 지분 관리 협상 및 주주총회 결산으로 넘어간다.,암살 즉시 폭로 위험 | 이상수의 협력 여부,생명·의료보험 사업 | 건강보험 개혁 보도 | 양혜원 변호사의 배신,ARC-006,high
49,49화,이혼 후 재벌 각성(개정판) 49화,11585,11872,강산은 사장단 지지를 얻었지만 상속세 물납과 정부 보유 14.45%의 의결권 관리가 확정되지 않았다.,대통령과 직접 거래해 국가 지분 리스크를 우군으로 바꾼다.,물납 지분을 대한은행이 관리하게 하고 대양 지배력을 유지한다.,김포공항에서 대통령을 만나 전액 주식 물납과 높은 배당을 약속한다.,국가가 14.45%를 보유하면 정권이 대양 경영에 개입할 위험이 있다.,대통령은 대한은행 관리안을 받아들이며 강산을 허준수보다 더 큰 인물로 평가한다.,5조 상속세를 현금 유출 없이 해결하고 정부 지분의 표도 우호적으로 묶을 길이 열린다.,국가 관계/지분/지위,세금 위험에 노출된 상속자에서 대통령과 직접 지분 구조를 설계하는 국가급 경제 주체로 격상된다.,언론 발표와 7월 29일 주주총회에서 계획을 공개 확정해야 한다.,대통령의 물납 원칙 동의,대한은행의 정부 지분 관리 | 상속세 기자회견,ARC-007,high
50,50화,이혼 후 재벌 각성(개정판) 50화,11873,12136,정부 지분 관리 합의는 됐고 강산은 대중 앞에 새로운 대양 이미지를 보여야 한다.,검소한 행보와 과거 친구에 대한 실물 보상을 함께 준다.,대양자동차와 평범한 인간관계를 살리며 기자회견을 준비한다.,"벤틀리 대신 대양자동차 다이노스를 타고 친구 창식의 돌잔치에 다이아 팔찌와 대양전자 1,000주를 선물한다.",친구들은 강산이 재벌이 된 뒤 자신들을 버렸다고 오해한다.,"창식의 아내가 강산이 먼저 와 있었음을 알리고, 점심 도시락 6년의 우정이 주식 보상으로 돌아온다.",오랜 친구 가족이 700만 원 상당 주식과 향후 가치 상승을 받고 관계 오해가 풀린다.,우정/기업 이미지/물질,재벌이 되어 멀어진 친구에서 과거 호의를 기억하고 기회를 갚는 상속자로 재평가된다.,기자회견에서 상속세 물납과 배당 정책을 공표할 차례다.,친구들의 거리감 오해,"대양전자 1,000주의 미래 가치 | 창식의 사업 기회",ARC-007,high
51,51화,이혼 후 재벌 각성(개정판) 51화,12137,12388,강산은 국가 지분 관리와 사장단 안을 준비했고 주주총회 표결만 남았다.,상속 경영권 전쟁을 주가·표결·숙부 화해로 실제 결산한다.,7월 29일 주주총회에서 전문경영 체제를 법적으로 확정한다.,창식의 빚을 정리하고 협력사 기회를 준 뒤 허광호와 웃으며 주주총회장에 입장한다.,"정부 물납 지분, 숙부 3%, 대현 17% 등 여러 이해관계 표가 실제로 모여야 한다.",대한은행 관리 표와 허광호 위임 표가 공식 확인되고 전문경영안이 통과된다.,대양 주가는 상한가로 오르고 강산은 피 흘리지 않고 경영권을 안정시킨다.,경영권/주가/가족 관계,사장단의 잠정 승리에서 주주총회가 승인한 안정된 대양 최대주주로 자리 잡는다.,승계 승리 후 강산이 어떤 공식 직함과 책임을 택할지 남는다.,주주총회 확정 | 전문경영 체제 표결 | 허광호 3% 위임 실행,강산의 공식 직책,ARC-007,high
52,52화,이혼 후 재벌 각성(개정판) 52화,12389,12630,강산은 마음만 먹으면 회장 직함까지 요구할 수 있는 승리자가 되었다.,즉위 대신 준비를 택해 장기 성장 약속을 갱신한다.,대중에게 전문경영 원칙을 설명하고 자신에게 맞는 첫 실무 직책을 고른다.,준비되지 않았음을 인정하는 연설을 하고 허광호를 치켜세우며 검증 후 돌아오겠다고 약속한다.,당장 회장 보상을 미루고 낮은 직책에서 성과를 증명해야 한다.,허광호의 고위직 권유에도 강산은 대양전자 전략기획의 낮은 자리부터 시작하겠다고 한다.,"대중의 박수와 숙부의 인정, 실력으로 올라가겠다는 정당성을 동시에 얻는다.",공적 이미지/직업 목표,권력을 즉시 차지한 재벌 2세가 아니라 검증을 자청한 차기 총수로 자리매김한다.,대양전자 실무와 사촌 허지태 관리가 다음 성장 무대가 된다.,강산의 즉시 회장 취임 여부 | 상속 승계 1차전,대양전자 전략기획 실무 | 검증 후 회장 복귀,ARC-007,high
53,53화,이혼 후 재벌 각성(개정판) 53화,12631,12941,승계 1차전이 끝나고 강산은 사촌 세대의 재능과 정치 연계를 정리해야 한다.,잠재 경쟁자 허지태의 숨은 재능과 정치 혼담을 새로운 과제로 연다.,허지태를 박정필 가문과 연결해 정치 기반으로 활용할지 판단한다.,차지혜에게 허지태의 경력과 성향을 묻고 박정필 손녀와의 혼담을 검토한다.,허지태는 오렌지족 모임 창립자에 현재 가치 20이라 표면상 후계감과 거리가 멀다.,차지혜가 45세라는 사적 정보와 허지태의 숨은 변수가 함께 드러나며 시스템 알림이 임박한다.,강산은 사촌을 단순 경쟁자가 아닌 재배치할 자원으로 바라보기 시작한다.,목표/가족 인식,경영권 방어에서 사촌의 재능을 찾아 가족 전체를 성장시키는 목표로 이동한다.,시스템이 허지태에 대해 어떤 임무를 내릴지 끊는다.,,허지태의 실제 재능 | 박정필 혼담,ARC-008,high
54,54화,이혼 후 재벌 각성(개정판) 54화,12942,13260,허지태는 무능한 오렌지족처럼 보이지만 시스템이 중요한 표적으로 지목한다.,후계 경쟁자의 잠재력을 아버지 일기와 시스템 양쪽에서 확인한다.,허지태를 만나 실제 욕망과 재능을 판별한다.,노래방·룸살롱에서 지태를 불러내고 허준수의 일기장을 받아 읽는다.,허지태는 허준수의 강요와 가족 의무에 반발하며 강산 호출에도 적대적이다.,허준수는 강산이 부족할 경우 허지태를 두 번째 후계자로 삼으려 했다.,강산은 경쟁 위험을 사전에 알며 지태를 제거가 아니라 육성해야 한다는 시스템 임무를 받는다.,정보/경쟁 관계,허지태가 방탕한 사촌에서 공식 대체 후계자이자 육성 대상자로 재평가된다.,두 후계 후보가 대면하며 충돌 직전에서 끝난다.,허준수의 두 번째 후계 후보 정체,허지태 육성 미션 | 강산·허지태 대면,ARC-008,high
55,55화,이혼 후 재벌 각성(개정판) 55화,13261,13523,강산은 허지태가 잠재 후계자임을 알고 아버지의 일기를 더 깊게 읽는다.,허준수의 IMF 계획과 강산의 윤리적 차이를 드러낸다.,아버지가 남긴 조력자·위기 투자 구상을 이해하고 자기 방식으로 수정한다.,일기를 읽으며 조력자들의 공동 탐욕과 국가부도 투자 계획을 분석한다.,수익이 국민의 가난과 눈물에서 나온다는 도덕적 불편과 허지태의 반발이 있다.,강산은 태국 위기 투자는 쓰되 허준수의 냉혹함을 그대로 반복하지 않겠다고 내적으로 선을 긋는다.,미래 정보 활용에 윤리적 자기 기준이 생기며 차지혜의 특별한 충성도 재확인된다.,윤리/투자 목표/부자 관계,아버지 계획을 상속받는 사람에서 선택적으로 계승하고 수정하는 독립 경영자로 성장한다.,허지태가 창성어패럴·지하금융의 유혹을 거절할지 시험받는다.,,허준수 IMF 구상의 수정 계승,ARC-008,high
56,56화,이혼 후 재벌 각성(개정판) 56화,13524,13813,허지태는 창성어패럴 친구를 통해 북한산 지하금융의 접근을 받는다.,방탕해 보인 사촌의 통찰과 가족 충성을 반전으로 보여준다.,허지태가 외부 적의 미끼에 넘어가지 않는지 확인한다.,차지혜를 보내 지태를 소환하고 그의 창성어패럴 제안 대응을 관찰한다.,지태는 강산과 허준수에게 억눌렸다는 반감이 크고 친구가 성공 사업처럼 포장해 유혹한다.,지태는 배후 조종을 정확히 눈치채고 제안을 거절하며 강산을 외부 세력에게 넘기지 않는다.,잠재 경쟁자가 최소한 가족과 대양을 배신하지 않는 통찰력 있는 인물로 증명된다.,관계/평가,적대 가능성이 큰 방탕한 사촌에서 외부 위협을 식별하고 가족을 지키는 잠재 우군으로 이동한다.,강산과 지태가 마침내 대면해 서로를 평가한다.,창성어패럴 유혹에 대한 지태의 선택,북한산 배후 확인,ARC-008,high
57,57화,이혼 후 재벌 각성(개정판) 57화,13814,14118,허지태는 강산을 배신하지 않았지만 대양 후계 의무와 강산의 간섭에는 반발한다.,커리어 스캔으로 숨은 예술 재능을 발견한다.,지태의 진짜 희망을 찾아 경쟁 에너지를 다른 산업으로 돌린다.,지태를 스캔하고 가족 혜택에는 책임이 따른다고 압박하며 노래를 시킨다.,관계 지수는 불명이고 지태는 99의 연예·공연 잠재력만큼 치명적인 경영 경쟁자도 될 수 있다.,지태의 희망은 회장이 아니라 가수이며 매니저 95·퍼포머 99의 압도적 재능이 확인된다.,강산은 경쟁자를 없애지 않고 꿈에 맞는 더 큰 무대로 전환할 해법을 발견한다.,능력 발견/관계,허지태의 역할이 후계 경쟁자에서 가수·엔터테인먼트 창업자 후보로 재정의된다.,실제 노래가 수치만큼 뛰어난지 현장 검증이 남는다.,허지태의 진짜 희망,허지태 노래 실력 검증 | 엔터테인먼트 전환,ARC-008,high
58,58화,이혼 후 재벌 각성(개정판) 58화,14119,14451,허지태의 수치상 예술 재능은 높지만 강산과 지태 모두 실제 검증이 필요하다.,노래 실력의 현장 보상과 구체적인 경력 사다리를 제시한다.,지태가 자기 꿈을 이루면서 대양의 새 산업을 이끌게 설득한다.,비공개 라이브 무대를 시키고 가수→작곡가→프로듀서→엔터테인먼트 대표 경로를 제안한다.,박정필 혼담을 취소해야 하고 지태는 강산의 통제 의도를 경계한다.,지태가 압도적인 노래 실력을 증명하고 강산은 혼담을 접기로 한다.,지태는 처음으로 가족 의무가 아니라 자신의 꿈을 존중하는 구체적 미래를 받는다.,관계/직업/능력,억눌린 후계 후보가 대양 지원을 받는 가수·제작자·CEO 후보로 바뀐다.,"시스템 관계 수치가 실제 우군으로 바뀌는지, 박정필 거절 비용이 남는다.",허지태 노래 실력 검증 | 박정필 혼담 추진,대양 엔터테인먼트 | 허지태의 단계별 경력,ARC-008,high
59,59화,이혼 후 재벌 각성(개정판) 59화,14452,14762,허지태는 강산이 제안한 예술 경로에 마음이 열렸지만 공식 사업과 보호 장치가 필요하다.,사촌 관계 회복을 회사 설립과 미래 가치로 실물화한다.,지태를 우군으로 굳히고 엔터테인먼트 산업을 선점한다.,대양 엔터테인먼트를 세우고 매니저·지원·감시 체계를 붙이며 박정필에게 예의 있게 거절할 방안을 세운다.,북한산은 여전히 지태에게 접근했고 정치 혼담 거절은 박정필의 반감을 살 수 있다.,"지태의 관계 지수가 51 우군, 투자지수 99로 변하며 미래 K팝 산업 창립자 가능성이 뜬다.",경쟁자였던 사촌이 세계 문화사업을 함께 만들 핵심 창업자로 전환된다.,관계/사업/지위,허지태가 불명 관계의 후계 경쟁자에서 수치로 확인된 우군이자 엔터테인먼트 대표 후보가 된다.,지태가 창성어패럴·지하금융 접근을 강산에게 털어놓으며 외부 적 추적이 이어진다.,허지태 우군화 | 엔터테인먼트 법인 결정,K팝·문화콘텐츠 확장 | 박정필 거절 보상책,ARC-008,high
60,60화,이혼 후 재벌 각성(개정판) 60화,14763,15054,강산과 허지태는 우군이 되었으나 숙부에게 혼담 취소와 진로 변경을 납득시켜야 한다.,아버지 세대까지 새 꿈을 받아들이게 하고 정치 비용을 다음 아크로 넘긴다.,허광호의 동의를 얻어 지태의 엔터테인먼트 진로를 가족 합의로 만든다.,지하금융 위협을 공유하고 허광호에게 혼담 취소와 문화산업 비전을 설명한다.,허광호는 아들의 정치 혼맥과 회장 가능성을 포기해야 한다.,허광호는 지태 대신 고교생 허상태에게 정치·승계 기대를 옮기고 지태의 새 길을 받아들인다.,허지태는 아버지의 반대 없이 자기 꿈과 대양 뿌리를 함께 지킬 수 있게 된다.,가족 관계/진로,강산·지태 개인 합의가 허광호까지 포함한 가족 차원의 진로 전환으로 확정된다.,양혜원의 변호사가 그녀를 배신해 대양에 접촉하고 박정필 거절 협상이 남는다.,허광호의 허지태 진로 동의,허상태의 미래 승계 기대 | 양혜원 변호사의 대양 접촉 | 박정필 관계 복원,ARC-008,high
61,61화,이혼 후 재벌 각성(개정판) 61화,15055,15384,허지태 혼담은 취소하기로 했지만 박정필과의 정치적 관계는 잃고 싶지 않다.,정치 혼담을 거절하면서도 출판·후원 거래로 관계를 살린다.,박정필의 체면을 지키며 혼담을 정중히 끝낸다.,박정필을 만나 지태 혼담을 거절하고 그의 능력과 손녀 박정희를 스캔한다.,박정필은 25의 낮은 가치지만 정치 영향력이 있고 거절은 모욕으로 받아들여질 수 있다.,손녀 박정희는 강산 취향과는 다르지만 작가 잠재력 72를 지닌 압구정 날라리다.,강산은 정치가의 실제 가치와 손녀의 다른 재능을 파악해 혼담 외의 연결 가능성을 남긴다.,정치 관계/인재 평가,혼담 중심의 정치 연결이 출판·문화 사업을 통한 느슨한 동맹으로 재설계된다.,박정필이 체면을 살릴 대안을 요구한다.,허지태와 박정필 손녀 혼담,박정필 자서전 | 박정희 작가 잠재력,ARC-009,high
62,62화,이혼 후 재벌 각성(개정판) 62화,15385,15650,박정필은 혼담 거절의 체면 보상과 정치적 연결 유지가 필요하다.,자서전 후원과 글로벌 문화콘텐츠 법인으로 정치를 사업에 접속한다.,박정필 관계를 살리고 엔터테인먼트의 해외 확장 구조를 설계한다.,박정필 자서전·출판기념회를 지원하고 박정희 연락처를 받은 뒤 강덕수와 문화사업을 논의한다.,정치자금처럼 보일 위험과 국내 연예사업의 좁은 시장이 있다.,강덕수는 미국 중심 문화콘텐츠 회사와 마블·DC 같은 지식재산 사업을 제안한다.,혼담 대신 출판 후원으로 정치 관계를 유지하고 K팝을 넘어 글로벌 콘텐츠의 길을 얻는다.,정치 동맹/사업 범위,대양 엔터테인먼트 단일 회사 구상에서 한국·미국 두 축의 문화 IP 사업으로 확장된다.,"두 회사의 지분과 자본 구조, 강산의 대양전자 직책을 확정해야 한다.",박정필 거절 보상책,미국 문화콘텐츠 회사 | 박정필 자서전 출판기념회,ARC-009,high
63,63화,이혼 후 재벌 각성(개정판) 63화,15651,15904,문화콘텐츠 두 회사와 대양전자 실무 진입이 구상 단계에 있다.,개인 자본 투입과 대현전자 빅딜을 다음 대형 목표로 세운다.,신사업의 소유 구조를 확보하고 전자사업 성장 경로를 확정한다.,두 합작사에 개인자금 76%를 넣고 25% IPO로 회수하는 구조를 제안하며 대양전자 이사를 수락한다.,대양전자는 대현전자보다 약하고 대현그룹 17%와 대현전자를 맞바꾸는 거래는 조갑수의 반발을 부른다.,강산은 보유한 대현그룹 17%를 대현전자와 교환하는 인수 구상을 강덕수에게 처음 명시한다.,대양전자 이사·개발 조직이라는 공식 발판과 신사업 지배지분을 동시에 얻는다.,직위/소유/사업 목표,상속자 신분만 있던 강산이 대양전자 실무 이사이자 문화기업 지배주주가 된다.,대현전자 인수 분석과 비밀 인터넷 법인 설립이 다음 행동으로 이어진다.,문화회사 초기 자본 구조 | 대양전자 첫 공식 역할,대현그룹 17%와 대현전자 교환 | 문화회사 IPO,ARC-009,high
64,64화,이혼 후 재벌 각성(개정판) 64화,15905,16220,강산은 대현전자·문화사업에 이어 인터넷과 글로벌 투자를 선점하려 한다.,미래 일지를 전 산업 포트폴리오와 첫 해외 환투기 행동으로 확장한다.,대양 밖의 100% 개인 인터넷 법인과 IMF 전 투자 종잣돈을 구축한다.,검색·커뮤니티 법인을 지시하고 스위스 자금 10%를 태국에 달러로 예치한다.,조력자도 51%만 믿어야 하고 너무 많은 미래사업을 현실화할 막대한 자금이 필요하다.,차지혜의 딸이 강남경찰서에 있다는 전화가 오며 강산의 투자 계획이 뜻밖의 인재 발견 현장으로 꺾인다.,미래 일지가 강산 기억과 동화되고 태국 외환위기 선점이 첫 실행에 들어간다.,자산/사업 범위/공간,국내 재벌 후계자에서 비밀 인터넷 지배주주이자 아시아 환투기 준비자로 확장된다.,강남경찰서 사건과 고모부들의 15% 유류분 모의가 동시에 열린다.,태국 투자 첫 집행,100% 개인 인터넷 법인 | 차지혜의 딸 경찰 사건 | 고모부 유류분 행동,ARC-009,high
65,65화,이혼 후 재벌 각성(개정판) 65화,16221,16541,강산과 차지혜는 강남경찰서로 향하고 고모부들은 유류분 소송을 부추긴다.,경찰 사건에서 두 명의 고잠재 인재를 우연히 발견한다.,차지혜의 딸 방수빈 사건을 파악해 부당 수사를 막는다.,방수빈을 오빠로 자처하며 사건에 개입하고 관련자들을 스캔한다.,방수빈은 남자 셋을 중상 입혀 수갑을 찼고 형사는 부유한 피해자 편으로 기울어 있다.,"방수빈은 무에타이 국가대표·천재로 투자지수 98이고, 망나니 유지광은 미래 한성데이터 결제 시스템 창업자다.",우발적 경찰 방문이 경호·분석 인재와 전자결제 핵심 인재를 동시에 찾는 기회가 된다.,인재 발견/관계,차지혜의 사고뭉치 딸과 가해자 무리가 강산의 미래 핵심팀 후보로 재평가된다.,대양 협력사 한성시트와 연결된 유지광을 어떻게 스카우트할지 남는다.,방수빈의 정체,방수빈 채용 | 유지광 스카우트 | 편파 수사 응징,ARC-010,high
66,66화,이혼 후 재벌 각성(개정판) 66화,16542,16835,방수빈은 특수폭행 가해자로 몰리고 유지광 일행은 합의를 거부한다.,대양 법무팀의 힘과 사건 진상을 통해 편파 구도를 뒤집는다.,방수빈의 정당방위 정황을 확보하고 유지광 가족을 협상장으로 부른다.,장광기 법무이사 팀을 투입해 현장과 진술을 재검토하고 유지광 변호사에게 30분을 준다.,형사는 사회적 지위에 따라 태도를 바꾸고 유지광은 상황도 모르고 폭언한다.,남자 셋이 여성들에게 술·폭력을 강요하다 방수빈에게 제압된 사건이고 한성시트는 대양자동차 납품이 끊기면 위태롭다.,형사의 편파 프레임이 무너지고 한성시트 사장이 직접 달려올 협상 우위가 생긴다.,법적 구도/권력 관계,방수빈 측이 약한 가해자 위치에서 대양 법무팀과 증거를 가진 피해자 측으로 역전된다.,한성시트 사장이 도착한 뒤 강산이 처벌 대신 어떤 사업 거래를 제시할지 남는다.,경찰 사건의 실제 경위,한성시트 납품권 협상,ARC-010,high
67,67화,이혼 후 재벌 각성(개정판) 67화,16836,17082,한성시트 사장은 아들 유지광 때문에 대양 납품이 끊길까 절박하다.,즉시 파괴 대신 미래 결제기업을 빼앗는 장기적 역공을 선택한다.,200명 노동자의 일자리를 지키면서 유지광의 재능을 대양 데이터로 확보한다.,상호 고소를 취하시키고 편파 형사의 전보를 지시한 뒤 한성시트 사장과 유지광에게 거래를 꺼낸다.,유지광은 자존심과 분노가 강하고 강산의 제안은 거부하기 어려운 갑의 강요다.,강산은 한성시트를 망하게 하지 않고 유지광이 만들 한성데이터를 대양데이터로 선점하려 한다.,노동자 일자리는 보존되고 강산은 온라인·오프라인 결제 특허 사업의 창업자를 손에 넣을 위치에 선다.,사업/권력/도덕,폭행 합의 사건이 글로벌 전자결제 기업 영입 협상으로 변환된다.,유지광이 실제로 대양을 위해 일하고 개과천선할지 남는다.,방수빈 폭행 고소 | 한성시트 납품 중단 위기,대양데이터 설립 | 유지광 길들이기,ARC-010,high
68,68화,이혼 후 재벌 각성(개정판) 68화,17083,17377,유지광과 한성시트는 강산의 사업권 안에 들어왔고 방수빈도 사건에서 풀려났다.,두 사고뭉치를 실제 직원으로 묶고 주변 경쟁·친족 위협을 확장한다.,유지광·방수빈을 통제 가능한 인력으로 만들고 새 투자 역량을 배운다.,카시트 의무화를 추진하고 방수빈에게 변호사비 9천만 원 빚과 출근 의무를 부과하며 파생상품 전문가를 요청한다.,방수빈은 반항적이고 유지광은 아직 적대적이며 고모부들은 15% 소송을 준비한다.,방수빈은 시급 3천 원으로 빚을 갚는 수행비서·경호 후보가 되고 대현건설 둘째 아들도 강산과 접촉을 노린다.,강산은 차지혜가 자리를 비울 때 움직일 98점 인재와 미래 데이터사업 창업자를 조직 안에 묶는다.,인력/학습/위협,우발적으로 만난 두 망나니가 대양 미래전략센터 출근 인력으로 전환된다.,고모부 유류분 모의와 대현가 둘째 아들의 접근이 새 외부 압박으로 남는다.,방수빈의 경찰 사건 후속 | 방수빈 채용 방식,파생상품 학습 | 고모부 유류분 협상 | 대현건설 사장 접촉,ARC-010,high
69,69화,이혼 후 재벌 각성(개정판) 69화,17378,17631,유지광·방수빈은 출근하기 시작했고 강산은 고모부 유류분 움직임을 보고받는다.,공익재단·엔터테인먼트 실행 결과와 청렴한 넷째 고모부의 새 사업 가치를 회수한다.,고모들의 진짜 의사를 확인하고 친족 갈등을 사업 기회와 구분한다.,유류분 회동을 조사하고 넷째 고모부 박웅천의 종자 연구 자료를 검토한다.,네 고모부는 태평양 법무법인을 통한 15% 협상을 준비하고 고모들의 동의를 압박한다.,박웅천은 물욕 없이 신품종에 몰두한 천재이며 허준수는 아산 농장을 증여하려 했다.,"희귀난치병 재단 1,000억과 대양 엔터테인먼트가 실제 설립되고 종묘회사라는 새 성장축이 발견된다.",공익/사업/친족 평가,고모부 전체가 탐욕 세력이 아니라 한 명은 식량·에너지 사업의 핵심 인재로 분리된다.,8월 23일 강산이 대양전자 공식 직함과 미래전략 회의를 시작한다.,희귀난치병 재단 설립 | 대양 엔터테인먼트 설립,종묘회사와 박웅천 | 고모들의 실제 소송 의사,ARC-011,high
70,70화,이혼 후 재벌 각성(개정판) 70화,17632,17871,강산은 9월부터 대양전자 전략기획실장으로 일하며 IT 중심 전환을 추진할 예정이다.,세계 동향을 커피·부동산·일자리 사업으로 번역하는 미래전략 능력을 보여준다.,IT버블과 IMF 전 국내외 투자 포트폴리오를 구체화한다.,차지혜의 세계동향 보고를 받고 엘살바도르 커피를 계기로 미국 커피법인과 국내 직영점 전략을 지시한다.,유지광은 직영점의 인건비와 현재 시장성 부족을 비웃고 강산은 아직 성과로 권위를 증명하지 못했다.,강산은 외국계 법인 규제 우회와 맥도날드식 부동산 수익을 결합해 커피를 문화·상권 사업으로 정의한다.,대양전자 전략기획실장 예정 직위와 커피 프랜차이즈·부동산 선점 계획이 구체화된다.,직업/사업 포트폴리오,비공식 상속자 연구팀에서 공식 전자 전략 책임자와 다각화 투자팀으로 이동한다.,유지광의 반론을 이겨 내고 3.5조 국내 투자처까지 만들 수 있는지 남는다.,대양전자 공식 보직 결정,미국 커피법인과 국내 직영점 | IT버블 투자,ARC-011,high
71,71화,이혼 후 재벌 각성(개정판) 71화,17872,18085,강산의 3.5조 담보대출 제안이 일곱 은행장의 긴급회의에 올라간다.,경영권을 건 레버리지가 실제 승인되는 대형 자금 보상을 준다.,대양지주 14.5%를 담보로 국내 최대 투자금을 확보한다.,강경열을 통해 일곱 은행이 각 5천억씩 부담하는 연합대출을 추진한다.,"연 10% 이자 3,500억과 투자 실패 시 대양 지배권 상실이라는 치명적 위험이 있다.",은행장들은 이자와 담보 지분 모두 탐내며 전원 대출에 동의한다.,강산은 3조 5천억 대출을 실제로 확보한다.,자금/경영권 위험,대출을 문의한 상속자에서 국내 최대 3.5조 레버리지를 운용할 투자자로 격상된다.,막대한 돈을 어디에 투자하고 유지광의 반론을 어떻게 사업으로 바꿀지 남는다.,3.5조 연합대출 승인,"연 3,500억 이자 부담 | 담보 지분 상실 위험 | 3.5조 투자처",ARC-011,high
72,72화,이혼 후 재벌 각성(개정판) 72화,18086,18349,강산은 3.5조 국내외 투자처를 만들고 유지광에게 자기 비전을 증명해야 한다.,커피 직영점 논쟁에서 멀티플렉스라는 실질 국내 투자처를 발견한다.,부동산·상권·일자리 창출을 결합한 국내 투자 모델을 세운다.,커피 직영점이 상권과 일자리를 만든다고 설명하고 유지광의 영화관 아이디어를 즉시 채택한다.,유지광은 이를 땅 투기라 비꼬고 3.5조의 절반 이상을 국내에 써야 한다.,복수 상영관·오락실·퓨전음식점을 결합한 멀티플렉스 모델이 1.5조 국내 투자처로 떠오른다.,유지광의 반론이 채택 가능한 사업 아이디어로 보상되고 그의 강산 평가도 처음 흔들린다.,사업/관계,커피 단일 계획이 복합문화공간·부동산·청년 일자리 사업으로 확장되고 유지광이 단순 반항자에서 제안자로 이동한다.,유지광이 구축 중인 대양데이터의 낮은 진척과 시장성 문제가 보고된다.,커피 직영점 수익 논리 | 3.5조 국내 투자처 일부,멀티플렉스 사업 | 대양데이터 진척 보고,ARC-011,high
73,73화,이혼 후 재벌 각성(개정판) 73화,18350,18582,대양데이터 결제 시스템은 20% 구축됐지만 PC·인터넷 보급률이 낮아 시장이 없다.,기술의 시장 부재를 정부 인프라 사업으로 돌파하고 비밀자금을 과감히 배치한다.,인터넷 결제 사업의 수요를 만들고 2조 비밀자금을 급증시킨다.,대양을 앞세워 PC·인터넷 보급을 정부 핵심사업으로 만들겠다고 하고 경제수석 면담을 지시한다.,현재 인프라로는 개발해도 오랜 기간 수익이 없고 정치·경제 결합의 비판을 감수해야 한다.,상속세 14.5% 대한은행 관리가 완료되고 강산은 스위스 계좌 2조 전액을 마이크로소프트 단타에 올인하라고 지시한다.,유지광은 강산이 시장 자체를 만들 수 있는 대양의 힘을 쓰려 한다는 점에 처음 진지하게 반응한다.,사업 인프라/자산/관계,대양데이터가 기술개발 회사에서 국가 인터넷 보급을 견인할 전략사업으로 커지고 2조가 미국 주식 포지션으로 이동한다.,전액 올인의 성공 여부와 3.5조로 대현전자를 노리는 움직임이 외부에 포착될 차례다.,상속세 물납 지분의 대한은행 관리,경제수석과 인터넷 보급 협의 | 마이크로소프트 2조 올인,ARC-011,high
74,74화,이혼 후 재벌 각성(개정판) 74화,18583,18817,강산은 마이크로소프트에 2조를 올인했고 3.5조 대출 결과를 아직 직접 받지 못했다.,300억 달러 목표를 세우고 경쟁 총수의 공포·혼인 방어를 촉발한다.,IMF 전 운용자금 300억 달러를 만들고 대현전자 인수 기반을 갖춘다.,윈도 NT 4.0 출시 정보를 믿고 차지혜에게 자신을 믿으라며 전액 투자를 유지한다.,투자 실패 시 2조를 잃고 담보대출까지 흔들리며 대양 지배권이 위험해진다.,조갑수는 3.5조와 대현 17%가 결합하면 대현전자를 빼앗길 수 있다고 공포를 느껴 딸 조현경을 강산과 연결하려 한다.,강산의 경제적 재기는 경쟁 재벌 총수가 용처럼 두려워하고 혼인 카드까지 꺼낼 수준의 실제 태도 변화를 만든다.,외부 평가/자산 목표/관계,신생 후계자에서 대현전자를 위협해 조갑수의 가족 전략까지 바꾸는 재계 핵심 변수로 격상된다.,"조현경 혼담, 대현전자 방어전, 마이크로소프트 수익 실현이 다음 구간의 강한 다리가 된다.",,300억 달러 목표 | 조현경 혼담 카드 | 대현전자 인수 방어전 | 마이크로소프트 투자 수익,ARC-011,high
75,75화,이혼 후 재벌 각성(개정판) 75화,18818,19099,"강산은 대양 지주회사 지분 14.5%를 담보로 한 3조 5천억 원 대출 결정을 기다리며, 보유한 대현 그룹 지분 17%와 현금을 대현 전자 인수에 쓸 구상을 숨기고 있다.","조갑수와의 첫 정면 기싸움, 초대형 대출 승인, 마이크로소프트 투자 성과를 한 화에 연쇄 지급한다.",조갑수에게 밀리지 않으면서 대현 전자를 가져올 협상·공격 기반과 독자 자본을 확정한다.,"조갑수의 경고에 선의의 경쟁과 공존 방안을 내세워 사실상 선전포고하고, 강경열의 대출 승인 전화를 받으며 OI의 마이크로소프트 투자 결과를 확인한다.","조갑수는 한강수 스카우트를 후진 수법이라 비난하고 대현 방어 의사를 내비치며, 3조 5천억 대출 실패 시 대양 지배 지분까지 위험해진다.","일곱 은행의 대출 합의가 청와대까지 보고되고, 조갑수도 강산을 자신이 키운 호랑이로 경계한다. Windows NT 4.0 발매 뒤 마이크로소프트 주식이 100% 올라 투자금 포함 4조가 된다.","강산의 계산을 재계·청와대가 중대 변수로 인정하고, 일주일도 안 돼 2조 원의 시세차익이 실물 숫자로 확인된다.",돈|지위|관계,OI 자산이 4조로 불어나고 강산은 조갑수와 부친 세대의 동맹을 끝낸 독립 경쟁자로 자리매김한다.,4조를 만든 마이크로소프트 수익을 어디에 재투자할지로 넘어간다.,일곱 은행의 3조 5천억 대출 합의 여부 | 마이크로소프트 단기 투자 1차 성과,대현 전자 인수 협상 또는 적대적 M&A | 마이크로소프트 이익금의 다음 투자처 | 조갑수의 경영권 방어,ARC-012,high
76,76화,이혼 후 재벌 각성(개정판) 76화,19100,19344,OI의 마이크로소프트 지분이 4조 가치가 되었고 강산은 당일 3조 5천억 대출 계약까지 앞두고 있다.,주식 차익을 소비하지 않고 미래 거대 기업의 창업자 지분으로 증식시키는 강산의 투자 엔진을 공개한다.,마이크로소프트 원금 지분은 장기 보유하고 2조 차익으로 저평가된 창업자들을 선점한다.,"마이크로소프트 지분 절반만 매각해 2조를 현금화하고, 차지혜에게 중국 소프트웨어 엔지니어와 창업 후보를 찾게 하며 텐센트·알리바바·바이두로 이어질 투자를 구상한다.","차지혜와 유지광은 IT 불모지로 보이는 중국 투자를 이해하지 못하고, 신생 기업 투자는 적은 자본으로 큰 지분을 얻는 만큼 실패 위험과 비대칭성이 있다.","강산의 첫 엔젤 투자 목표가 실리콘밸리가 아니라 중국인이며, 마화텅부터 마윈과 로빈 리까지 이어질 장기 로드맵임이 드러난다.",2조 원어치 마이크로소프트 지분과 2조 현금을 동시에 남기는 재투자 공식이 성립한다.,돈|세계,OI는 단발성 주식 계좌에서 중국 인터넷 기업을 창립 단계부터 키울 글로벌 투자 법인으로 역할이 커진다.,대출 서명을 위해 출발한 사이 대양 전자 내부에서는 강산이 만든 전략기획실과 한강수 스카우트의 속뜻을 궁금해한다.,마이크로소프트 이익금 처리 방식,마화텅 등 중국 창업자 탐색 | 대양 전자 전략기획실의 휴대전화·배터리 사업 착수 | 3조 5천억 대출 계약 서명,ARC-012,high
77,77화,이혼 후 재벌 각성(개정판) 77화,19345,19601,"한강수는 대양 전자에서 낙하산 취급을 받는 한편, 김말숙은 허지태와 허지훈을 흔들어 강산을 북한산으로 불러낼 준비를 한다.",초대형 대출을 실제 체결하는 동시에 대양 내부를 노리는 지하 금융의 덫에 강산이 선제 대응한다.,3조 5천억 대출을 확정하고 김말숙과 사촌들의 결탁을 차단한다.,"알림과 차지혜의 사찰 보고를 종합해 김말숙이 자신을 부르는 것이라 판단하고, 대출 서명 뒤 북한산으로 가며 결렬 시 민정수석을 동원하도록 준비한다.","김말숙은 대현 지분과 지하 금융망을 가진 거물이고, 허지훈은 자발적으로 손잡을 야망가이며 허지태는 강제로 끌려간다.","허준수와 김말숙이 과거 대현 그룹을 나눠 먹으려 공모했다는 정황이 선명해지고, 강산은 일곱 은행장 앞에서 국내 최대 3조 5천억 대출 계약에 서명한다.",기다리던 대출이 문서상 완결되어 강산이 국내 최대 유동자금을 쓸 수 있는 지위에 오른다.,돈|지위|관계,강산의 공격 자금 3조 5천억이 확정되고 김말숙·허지훈을 잠재적 내부 적으로 상대하는 국면이 열린다.,대출을 끝낸 강산이 허지태·허지훈이 모인 북한산으로 향해야 한다.,3조 5천억 대출 계약 체결,김말숙의 일석삼조 목적 | 허지훈과 지하 금융의 결탁 | 북한산 담판,ARC-013,high
78,78화,이혼 후 재벌 각성(개정판) 78화,19602,19876,강산은 3조 5천억을 확보했지만 실패하면 대양 지분을 잃고 외환위기의 책임까지 뒤집어쓸 위험을 안는다.,대현 전자 인수용 실탄의 용도와 김말숙에게 향하는 사촌들의 선택을 병렬로 드러낸다.,대출 자금을 대현 전자 인수와 외환위기 대비에 배치하면서 김말숙의 선수를 읽는다.,"대현 그룹 지분 17% 또는 현금 1조 5천억을 대현 전자와 맞바꿀 구상을 세우고, 은행장들에게 2조를 달러로 재예치하겠다는 새 제안을 꺼낸다.","허지훈은 네모 포털과 대양 전체를 탐내며 김말숙에게 자발적으로 연락하고, 허지태는 김말숙의 부하들에게 강제로 연행된다.","허준수와 김말숙은 과거 대현 그룹을 분할하려던 공모자였고 차지혜도 그 관계를 상당 부분 알고 있었다. 강산은 1998년 원·달러 환율 2,700원을 겨냥해 만기일을 고정한다.",대출의 숨은 목적이 단순 M&A가 아니라 610원대 달러를 사서 외환위기 때 네 배 환차익을 얻는 이중 전략으로 공개된다.,돈|관계|세계,"3조 5천억 중 2조는 외화 방벽으로, 나머지는 대현 전자 압박 자금으로 역할이 구체화되고 허지훈은 내부 경쟁자로 한 걸음 넘어간다.",강산이 은행에 예치금리 5% 조건을 던져 모두를 놀라게 한다.,대출금의 1차 용도,은행장들의 달러 예치 수용 | 허지훈의 김말숙 동맹 | 허지태 납치 대응 | 대현 전자 지분 교환 협상,ARC-013,high
79,79화,이혼 후 재벌 각성(개정판) 79화,19877,20101,강산은 일곱 은행에 대출금 2조를 달러로 재예치하고 1998년 환차익을 노리겠다는 조건을 제시했다.,은행장들의 탐욕을 외환위기 인수 기회로 바꾸는 설계와 대양 전자의 인재 결속을 보여준다.,달러를 은행 밖으로 빼지 못하게 묶고 환율 파생상품을 퍼뜨려 위기 뒤 은행 지분을 살 기반을 만든다.,"강경열을 바람잡이로 세워 연 5% 달러 예치와 기업 대상 환율 투자상품 개발을 일곱 은행장에게 수락시키고, 북한산 움직임을 보고받자 직접 출발한다.","파생상품은 외환위기 때 은행 부실을 키우는 독이 든 성배이며, 김말숙이 강산보다 먼저 허지태와 허지훈을 움직여 유리한 판을 잡는다.","강산의 금융 설계가 허준수의 일기에서 가져온 국가 부도 대비책이며, 한강수와 나수성이 휴대전화·반도체·배터리 사업을 함께 떠받칠 동료로 결속한다.",일곱 은행이 2조 달러 예치에 사실상 동의하고 대양 전자 내부의 기존 인력과 영입 인력이 협력하기 시작한다.,돈|관계|세계,"강산은 외환위기 때 국내 은행을 외국 자본 대신 인수할 길을 만들고, 대양 전자의 두 부실장은 경쟁에서 협업 관계로 바뀐다.","허지태는 강제로, 허지훈은 자발적으로 북한산에 갔다는 보고를 받은 강산도 김말숙 저택으로 향한다.",은행장들의 2조 달러 예치 수용 | 한강수와 나수성의 내부 갈등 가능성,외환위기 때 은행 인수 | 김말숙과의 직접 대면,ARC-013,high
80,80화,이혼 후 재벌 각성(개정판) 80화,20102,20351,대출 저지에 실패한 조갑수는 강산이 대현 전자를 가져갈 수 있다고 판단해 미국의 막내딸 조현경을 급히 불렀다.,대현 전자를 지키려는 조갑수가 사업 거래와 혼인을 결합한 새 방어책을 꺼낸다.,"강산의 직접 행동은 이동 중 잠시 멈추지만, 대양의 인재 채용 원칙에 대한 결정을 준비한다.","조갑수는 조현경에게 강산과 결혼해 대현 전자와 지분 17%를 모두 집안에 남기는 구상을 설명하고, 조현경은 강산을 직접 검증하겠다고 나선다.","조현경은 자신이 거래 조건이 되는 일을 싫어하고 강산이라는 호랑이에게 이용당할 위험을 정확히 짚으며, 조갑수는 무능한 아들들 대신 딸에게 그룹 생존을 맡겨야 한다.","조갑수의 진짜 목표는 지분 회수만이 아니라 조현경을 차기 경영자로 세우고 강산을 그 날개로 붙이는 것이며, 조현경도 경영 야망 때문에 접근을 수락한다.",강산이 등장하지 않아도 대현 회장이 사위와 후계자로 탐낼 만큼 위상이 커졌음이 타인의 시선으로 확인된다.,관계|지위,대현-대양의 적대적 M&A 판에 조현경의 의도적 연애·정략결혼 변수가 새로 들어온다.,북한산으로 달리는 강산에게 여섯 경제단체의 시위 대학생 취업 제한 방침과 의견 요청이 보고된다.,조갑수가 미국의 조현경을 부른 이유,조현경의 우연을 가장한 접근 | 대현 전자와 지분 17%의 혼인 거래 | 시위 대학생 채용 방침,ARC-013,high
81,81화,이혼 후 재벌 각성(개정판) 81화,20352,20597,강산은 북한산으로 이동하면서 여섯 경제단체가 민주화·우루과이라운드 시위 참가 대학생의 채용을 막으려 한다는 보고를 받는다.,강산이 전문경영인 강덕수를 존중하며 인재 독식의 실용적 보상과 허지태의 신뢰를 동시에 얻는다.,"강덕수의 실권을 세워 대양의 인재 채용 방향을 정하고, 북한산에서 허지태를 김말숙 쪽으로 잃지 않는다.","강덕수에게 결정을 위임하고 경제단체에는 대주주가 아닌 회장과 협의하라고 통보한 뒤, 취업 제한 대상 인재들을 대양이 적극 채용하도록 한다. 저택 앞에서는 허지태 감시를 중단하겠다고 약속한다.","경제단체는 강덕수를 월급 회장으로 얕보고 강산에게 직접 묻고, 미끼로 끌려온 허지태는 감시에 불쾌감을 드러내며 신뢰의 증명을 요구한다.","허지태는 미래의 국내 1위 포털 네모를 세울 허지훈의 잠재력을 경고하면서도, 자신은 강산을 믿고 원하는 길로 흐르겠다고 선택한다.","대양은 경쟁사들이 버린 유능한 대학생을 선점하고 강덕수는 실권을 인정받으며, 허지태도 감시 해제와 신뢰 약속을 받는다.",관계|지위|세계,강덕수의 전문경영 권한이 강화되고 허지태는 감시 대상에서 자발적 협력자로 이동한다.,김말숙 저택 문앞에서 강산이 허지태에게 자신을 믿으라고 단언한다.,시위 참가 대학생 채용에 대한 대양의 입장 | 허지태 감시 지속 여부,허지훈의 네모 포털과 대양 도전 | 김말숙과 강산의 담판 | 허지태와의 약속 이행,ARC-013,high
82,82화,이혼 후 재벌 각성(개정판) 82화,20598,20860,"허지태는 강산을 믿고 싶다고 말하지만, 야망가 허지훈은 이미 김말숙 저택 안에서 강산의 적이 될 선택을 준비한다.",허지태에게 회사와 꿈이라는 실질 보상을 지급하고 김말숙과의 대면 직전까지 긴장을 끌어올린다.,허지태를 원하는 방식으로 자기편에 남기고 김말숙의 핵심 협상 상대로 입장한다.,"대양 엔터테인먼트 지분을 강산 51%, 허지태 30%, 대양지주 19%로 확정하고 허지태의 한류 꿈을 격려하며 사적인 대패삼겹살 약속까지 건넨 뒤 김 실장의 안내를 받는다.","허지태는 자신과 형이 강산에게 쓰임일 뿐이냐고 따지고, 김말숙은 허지훈·허지태보다 강산을 먼저 볼 만큼 판의 중심을 정확히 선별한다. 조현경도 강산에게 이용될 위험을 감수하고 접근 전략을 세운다.","대양 엔터테인먼트가 이미 설립되어 허지태가 30% 지분 대표가 되었고, 허지태는 김말숙의 등용문 대신 강산과 한류의 길을 택한다.",허지태가 말뿐인 회유가 아니라 대표직·30% 지분·저작권료 목표를 받고 강산과 농담할 만큼 관계가 가까워진다.,관계|지위|돈,"허지태는 대양 엔터테인먼트 대표이자 강산의 확실한 협력자로 굳고, 강산은 김말숙이 공인한 판의 주인공으로 안채에 초대된다.",이름도 밝히지 않는 김 실장과 강산이 신경전을 벌인 뒤 김말숙 대면이 시작될 차례다.,허지태가 김말숙 쪽으로 갈지 여부 | 대양 엔터테인먼트 설립과 지분 배분,김말숙이 강산을 부른 진짜 목적 | 허지훈 처리 | 조현경의 연애 전략,ARC-013,high
83,83화,이혼 후 재벌 각성(개정판) 83화,20861,21094,"강산은 허지태를 자기편에 남긴 뒤 김말숙의 안채에 들어가고, 허지훈은 사랑채에서 대모를 기다린다.",허준수의 옛 공모자 김말숙과 강산이 누가 누구를 쓸지 정면으로 겨루는 첫 담판을 펼친다.,김말숙에게 대양과 허지태를 건드리지 못하게 하고 외환위기를 함께 공략할 자금 동맹으로 전환한다.,"창성 어패럴과 사촌 흔들기를 경고한 뒤 허준수와 김말숙의 대현 그룹 공모를 짚고, 대한민국 위기에 함께 투자해 경제를 경영하자고 제안한다.","김말숙은 약소국 왕자를 앞세우듯 허지훈을 쓸 수 있음을 암시하고, 강산의 외환위기 예측과 능력이 허준수에 못 미치면 즉시 적으로 돌아설 수 있다.","김말숙이 허준수의 공모자였음을 사실상 인정하고, 강산은 곽지은의 IQ 178과 높은 가치를 알아본다.",강산은 김말숙에게 하룻강아지가 아니라 허준수보다 큰 판을 제안할 동업 후보로 인정받는다.,관계|세계,김말숙과 강산의 관계가 침입자와 방어자에서 외환위기 공동투자를 검토하는 협상자로 바뀐다.,김말숙이 실제로 외환위기가 올 근거와 자신에게 줄 몫을 요구한다.,허준수와 김말숙의 과거 공모 여부,김말숙의 동업 수락 조건 | 곽지은과 강산의 관계 | 동남아·한국 외환위기 공동투자,ARC-013,high
84,84화,이혼 후 재벌 각성(개정판) 84화,21095,21356,김말숙은 외환위기 예측에 관심을 보였지만 강산의 능력과 수익성을 증명할 구체안이 필요하다.,김말숙의 지하 자금과 강산의 미래 지식을 결합하는 거래를 실제 조건과 즉시 행동으로 결산한다.,김말숙의 달러·사채망을 OI와 제도권 금융으로 끌어오고 대양 흔들기와 허지훈 지원을 끝낸다.,"태국·인도네시아 위기를 먼저 공략해 투자금 열 배를 약속하고, 동대문 달러 전량 매집·OI 투자·저축은행 연합 설립·중소기업 구제성 지분 투자를 요구한다.","김말숙은 위기 때 기업 파산을 기다리는 편이 더 이익이라고 반박하고, 강산은 동남아의 피해를 이용하면서도 한국 경제 붕괴는 막겠다는 이중 기준을 설득해야 한다.","김말숙의 우호 지수가 21에서 51로 올라 동업을 수락하고, 인터폰으로 허지훈에게 영구 축객령을 내린다.",대양 흔들기가 즉시 멈추고 지하 금융의 달러·자금 동원력이 강산의 외환위기 투자망에 합류한다.,돈|관계|세계,김말숙은 적대 후보에서 동업자가 되고 허지훈의 지하 금융 후원 루프는 만나기도 전에 끊긴다.,김말숙이 허준수 일가의 전용기 사고가 단순 추락이 아닐 수 있다며 잔해를 찾으라고 암시한다.,김말숙이 대양을 계속 흔들지 여부 | 허지훈과 김말숙의 결탁 | 김말숙의 외환위기 동업 수락,동대문 달러 매집과 OI 투자 | 저축은행 연합 설립 | 전용기 추락의 진상 | 곽지은이 혼인 후보가 될 가능성,ARC-013,high
85,85화,이혼 후 재벌 각성(개정판) 85화,21357,21662,"김말숙은 강산과 손잡고 허지훈을 영구히 내쫓았으며, 강산은 조갑수와의 대현 전자 담판에 늦은 상태다.",북한산 승리의 여진을 확인하고 곧바로 대현 전자 빅딜과 허지훈 포섭이라는 다음 큰 판을 연다.,"조갑수에게서 대현 전자를 되찾고, 김말숙에게 버림받은 허지훈도 포털 사업 자원으로 흡수한다.","허지훈의 항의를 무시한 채 대현호텔로 출발하고 방수빈에게 그와 통화를 연결하게 하며, 포털·결제·문화·게임 플랫폼을 한 체계로 묶을 계획을 정리한다.","허지훈은 모욕감과 열등감으로 강산을 증오하고, 조갑수는 약속 시간에 늦은 강산과 대현 전자 소유권을 놓고 기다린다.","김말숙은 전국 사채 회원 회의를 소집해 양지화를 시작하며, 곽지은이 수양딸이 아니라 자신도 모르는 김말숙의 친손녀임이 독자에게 공개된다.","허지훈은 김말숙을 만나지도 못하고 축출되어 강산의 이간 방어가 완승으로 확인되고, 방수빈의 선제적 실무 능력도 인정받는다.",관계|지위|세계,김말숙의 금융 조직은 재편 준비에 들어가고 강산은 허지훈을 처벌보다 포털 의장으로 쓸 대상으로 재설정한다.,분노한 허지훈에게 강산이 직접 사업 제안을 꺼내려 한다.,허지훈이 김말숙을 만날 가능성 | 북한산 이간책의 결과,허지훈 포털 사업 포섭 | 김말숙 금융망의 전국 회의 | 곽지은의 친손녀 비밀 | 조갑수와 대현 전자 빅딜,ARC-014,high
86,86화,이혼 후 재벌 각성(개정판) 86화,21663,21893,"허지훈은 김말숙에게 거절당하고 강산에게 모욕당했다고 여기지만, 강산은 그를 다음 날 센터로 부른다.",허지훈에게 마지막 경고를 주고 조갑수와 대현 전자를 놓고 숨김없는 협상을 시작한다.,"허지훈을 사채 세력에서 떼어 놓은 채 사업 제안 자리로 끌고, 조갑수에게 대현 전자 양도를 요구한다.","허지훈에게 숙부와 지태 때문에 한 번만 참는다고 경고하고, 조갑수가 준비한 탕평채 만찬에서 대출 이자를 감수한 만큼 반드시 결과를 만들겠다고 선언한다.","허지훈은 강산이 자신을 그룹에서 축출할 명분을 잡았음을 깨닫고, 조갑수는 허준수 시대의 조화와 현상 유지를 음식의 상징까지 동원해 요구한다.",강산은 대양의 미래 핵심을 휴대전화·3차전지·바이오로 그리고 아마존 상장과 화이자 비아그라까지 다음 투자 기회로 계산한다.,"허지훈이 다음 날 회동에 응하고, 조갑수도 빙빙 돌지 않고 서로 원하는 것을 밝히는 본협상에 들어간다.",관계|돈|세계,허지훈은 적대 실행 직전에서 강산의 사업 제안을 듣는 대기 상태가 되고 대현 전자 거래가 공식 협상 단계로 진입한다.,강산이 현상 유지 요구를 거절하고 대출 이자를 치른 만큼 대현 전자를 가져가겠다는 선전포고를 한다.,허지훈이 강산의 회동 요청에 응할지 여부 | 조갑수 만찬의 탐색전,대현 전자 거래 조건 | 허지훈에게 제시할 포털 사업 | 아마존·화이자 투자 기회,ARC-014,high
87,87화,이혼 후 재벌 각성(개정판) 87화,21894,22118,강산과 조갑수는 대현 전자 양도 여부를 놓고 타협 또는 적대적 인수합병 중 하나를 골라야 한다.,3조 5천억과 지분 17%를 실제 협박·교환 카드로 사용해 대현 전자 양도 결정을 받아낸다.,대현 그룹 지분 17%를 주고 대현 전자를 가져오되 현금은 남겨 다음 투자와 후계 백기사 역할에 쓴다.,"거절 시 조갑수의 아들 중 한 명을 후계자로 밀어 내부 분열을 만들고 적대적 M&A를 하겠다고 압박한 뒤, 지분 전량 양도와 향후 후계자 지원을 제안한다.","조갑수는 대현이 전통 재벌로서 자금력이 있고 전자 산업은 과거 자신이 양보받은 몫이라고 버티며, 지분 17%를 넘기면 강산도 그룹 전체 영향력을 포기해야 한다.",후계 구도를 걱정하던 조갑수는 강산의 백기사 제안에 반색하고 마침내 대현 전자를 넘기는 대신 지분 17%를 모두 받기로 결정한다.,강산은 현금 3조 5천억을 쓰지 않고 미래 세계 1위 전자회사가 될 대현 전자를 확보하는 원칙 합의를 얻는다.,돈|지위|관계,대현 전자의 지배권이 대양으로 이동할 예정이 되고 강산과 조갑수는 경쟁자에서 거래·후계 협력 관계로 재정렬된다.,강산이 대현 전자만이 아니라 대현이 보유한 대양지주 지분 8%까지 회수하겠다고 추가 조건을 꺼낸다.,조갑수가 대현 전자를 양도할지 여부,대양지주 지분 8% 회수 | 대현 후계자 백기사 약속 | 빅딜의 공식 승인,ARC-014,high
88,88화,이혼 후 재벌 각성(개정판) 88화,22119,22375,조갑수는 대현 전자와 강산의 대현 그룹 지분 17% 맞교환에 합의했지만 대현 보유 대양지주 지분 8%는 남아 있다.,강산이 숨겨 둔 OI의 4조 자산까지 공개해 대양·대현의 완전 분리를 받아내고 빅딜을 결산한다.,대현 전자뿐 아니라 대양지주 8%까지 되찾아 상호 지분 얽힘을 완전히 끊는다.,"OI의 현금 2조와 마이크로소프트 주식 2조를 적대적 M&A 비장의 카드로 공개하고, 조갑수가 정할 후계자의 백기사가 되어 확보 지분을 되팔겠다고 약속한다.",조갑수는 대현자연농원의 현금 창출력과 전통 재벌의 자금력을 내세워 8% 반환을 버티고 후계자도 아직 밝히지 않는다.,조갑수는 포기할 것을 포기한다며 대현 전자와 대양지주 8%를 넘기고 대현 지분 17%를 돌려받는 완전 분리에 동의한다.,강산은 현금 유출 없이 대현 전자와 대양 지배 지분 8%를 동시에 확보하고 대현 그룹 영향력 포기는 독립 경영권으로 환전된다.,돈|지위|관계,대양과 대현의 상호 지분 종속이 해소될 계약이 성립하고 강산은 대양의 지배력을 강화한 전자회사 소유자가 된다.,조갑수가 재혼 의사를 떠보는 사이 조현경은 호텔 밖에서 우연을 가장한 첫 만남을 준비한다.,대양지주 지분 8% 회수 여부 | 대현 전자 빅딜의 결정권자 합의,주주총회와 법적 이전 절차 | 조갑수가 염두에 둔 후계자 | 조현경의 접근,ARC-014,high
89,89화,이혼 후 재벌 각성(개정판) 89화,22376,22676,대현 전자 빅딜은 결정됐고 조갑수의 아들들은 아직 강산의 17% 지분이 승계의 열쇠라고 착각한다.,빅딜의 여진 속에서 조현경의 삼류극 같은 접근을 강산이 즉시 간파해 관계 주도권까지 가져간다.,센터로 돌아가 다음 투자 업무를 이어가면서 자신을 미행한 조현경의 의도를 확인한다.,"대현 후계자들의 속내가 움직이는 사이 차량 추돌 때 방수빈·도명환의 안전을 챙기고, 고의 사고를 낸 조현경의 커리어를 읽어 이름과 정략결혼 목적을 먼저 밝혀 망신시킨다.","조현경의 추돌로 도명환이 이마를 다치고 강산도 목이 뻐근해지며, 조현철 등 조갑수의 아들들은 강산을 얕보면서도 승계에 이용하려 한다.","조현경은 투자지수 75의 탁월한 경영·정치 능력과 대현 3대 총수 야망을 가진 인물이며, 접촉사고는 강산과 인연을 만들기 위한 고의 연출이었다.","강산은 미인계에 휘둘리지 않고 첫 만남의 정보·감정 우위를 잡으며, 방수빈이 무술 실력으로 강산을 먼저 보호해 수행비서 역량을 증명한다.",관계|능력,조현경은 강산을 쉬운 혼인 상대로 보던 상태에서 정체를 간파한 위험한 경쟁·연애 상대로 재평가하고 승부욕을 품는다.,강산이 조현경에게 손해배상까지 청구하라고 지시한 채 떠나 두 사람의 다음 충돌을 예고한다.,조현경이 우연을 가장해 어떻게 접근할지,강산과 조현경의 재대면 | 조현경의 대현 총수 야망 | 교통사고 손해배상,ARC-014,high
90,90화,이혼 후 재벌 각성(개정판) 90화,22677,22921,강산은 대현 전자와 대양지주 8%를 얻는 합의를 마치고 조현경의 고의 추돌까지 간파한 채 연구센터로 돌아온다.,빅딜을 공적 절차와 대양의 다음 산업·인재 체계로 전환하고 전용기 사고 수사까지 재가동한다.,"임시주총에서 거래를 승인받고 대현 전자 통합, 중국 투자, 보좌진 확충을 동시에 추진한다.","차지혜에게 임시주총 소집과 중국 투자 전담조직 가속을 지시하고, 시위 참가자 채용·유아용 시트 의무화 수혜를 확인하며 비서 인재 충원과 전용기 잔해 수색팀 보강을 명령한다.","주주들은 대현 그룹 17%와 계열사 하나의 교환을 근시안적 손해로 볼 수 있고, 차지혜 한 사람에게 회의·정보 업무가 과도하게 몰려 있다.","강산은 담보 지분 14.4%의 의결권을 지켜냈고, 김말숙의 암시 때문에 가족의 프랑스행과 차지혜가 전용기에 동행하지 않은 이유까지 의심하기 시작한다.",대현 전자와 8% 지분 거래가 조직의 공식 실행 안건이 되고 유아용 시트 법안 통과로 유지광·한성시트·강산의 투자 성과도 가시화된다.,지위|관계|세계,"강산의 역할이 거래 성사자에서 전자사업 통합 책임자로 바뀌고, 가족 사고는 종결된 비극에서 능동 수사 대상이 된다.",한강수·나수성 등 새 전자사업 회의를 시작할 인물이 회의실 문밖에 도착한다.,빅딜 결과의 차지혜 보고 | 유아용 시트 법안 진행 여부,임시주총 승인 | 대현 전자 통합 계획 | 전용기 잔해 재수색 | 특별비서실 인재 확충,ARC-015,high
91,91화,이혼 후 재벌 각성(개정판) 91화,22922,23164,강산은 대현 전자 통합을 공식화하기 위해 강덕수와 주주 반발 대응 및 새 사업 조직을 조율한다.,전자회사의 미래 산업 구조와 강산의 직접 지배 지분 전략을 구체적인 숫자로 설계한다.,대양 전자를 백색가전·휴대전화/반도체·배터리 축으로 재편하고 최종 51% 지배권과 성장 자본을 동시에 확보한다.,"강덕수에게 가정용 컴퓨터·인터넷 보급을 정부 시책으로 로비하게 하고, 합병 후 예상 개인 지분 49%에 OI를 더해 75%를 모은 뒤 국민주 24%를 공모하겠다고 지시한다.",일반·외국 주주가 지분 17% 포기에 반발할 수 있고 외국계 법인의 국내 주식 보유 한도 때문에 OI로 즉시 26%를 더 살 수 없다.,"강덕수는 자신이 과도기 임시 회장임을 인정하며 대양 전자 성공으로 강산의 입지를 굳히라고 충고하고, 합병 시 강산 개인 지분이 최대 49%가 됨이 계산된다.","대양 전자의 세 사업 축과 정부 보급 정책, 51% 지배·24% 국민주 공모라는 자본 구조가 하나의 실행안으로 정리된다.",지위|돈|세계,강산은 대양 전자 실장의 책임과 실권을 명확히 하고 강덕수와 농담을 주고받을 만큼 전문경영 파트너십을 굳힌다.,한강수·나수성과 밤샘으로 대양 전자의 실제 인사·사업 설계를 시작한다.,강덕수가 빅딜을 지지할지 여부 | 합병 후 강산의 예상 지분,외국인 보유 한도 안에서 75% 확보 방법 | PC·인터넷 정부 보급 사업 | 세 사업본부 책임자 임명,ARC-015,high
92,92화,이혼 후 재벌 각성(개정판) 92화,23165,23419,"조현경은 대현 후계 경쟁을 시작하며 대양 전자 주식 매집에 자기 자산을 걸고, 강산은 대양 전자 핵심 인사를 시작한다.",대현의 야심가 조현경과 대양의 새 경영진이 각자 돈과 직위를 걸고 본격 출발한다.,대현·대양·기린 출신을 융합할 사장과 사업본부 책임자를 능력과 충성 보상 원칙으로 세운다.,"과거 자신을 지지했고 인적 융합에 강한 이종철 대양시멘트 사장을 대양 전자 사장으로 내정하고, 한강수를 휴대전화 사업본부장으로 파격 승진시킨다.",기존 대양 전자 사장 교체와 외부 출신 한강수의 임원 승진은 연공서열·사내 반발을 부를 수 있으며 성과 책임도 전적으로 져야 한다.,"조현경은 대현 계열사 지분을 모두 팔아 내부 정보로 대양 전자 주식을 사며 강산과 같은 배에 올라타고, 대현 3남과의 연합도 검토한다.",한강수는 부실장에서 이사급 본부장으로 도약하고 이종철은 허준수에게 밀렸던 계륵에서 핵심 전자회사 사장으로 복권될 예정이다.,지위|관계|돈,대양 전자의 새 지도부가 충성·융합·전문성 기준으로 윤곽을 잡고 조현경도 대현 후계전의 네 번째 후보로 독립 세력을 만든다.,한강수가 파격 승진의 기쁨 대신 휴대전화 사업 전체 성과 책임을 받아들여야 한다.,대양 전자 신임 사장 후보 | 한강수의 역할,한강수 승진에 대한 조직 반발 | 나수성의 담당 사업 | 조현경의 대양 전자 주식 매집,ARC-015,high
93,93화,이혼 후 재벌 각성(개정판) 93화,23420,23687,한강수는 휴대전화 본부장으로 내정됐고 나수성은 굴러온 한강수에게 핵심을 빼앗길까 승부욕을 드러낸다.,파격 보상에 ‘최선’이 아닌 ‘최고’라는 성과 계약을 붙이고 반도체·배터리·백색가전의 책임자까지 세운다.,세 사업본부가 경쟁하면서도 대양 전자를 국내 시총 1위와 세계 1위로 키울 책임 체계를 완성한다.,"한강수에게 국내 1위 휴대전화를, 나수성에게 미래 핵심 반도체·배터리를 맡기고 백색가전 책임자는 나수성이 직접 추천하도록 한다.","두 본부장은 세계 1위 목표를 허황되게 느끼고 서로의 사업 위상에 민감하며, 추천 인사는 나수성이 결과 책임까지 져야 한다.","나수성은 5년 전 김치냉장고를 제안했으나 묵살당한 집념의 연구원 라병우를 추천하고, 강산은 그 고집을 핵심 자질로 인정한다.",나수성도 반도체·배터리 본부장이 되어 한강수와 동등한 무대를 얻고 백색가전에는 숨은 혁신가를 발굴할 기회가 열린다.,지위|관계|능력,한강수와 나수성은 부실장에서 독립 사업본부 책임자로 올라서고 경쟁심이 세계 1위 목표의 추진력으로 전환된다.,새벽에 불려온 라병우를 면접하는 동시에 카메라를 넘어 컴퓨터까지 넣을 미래 휴대전화 구상을 꺼내려 한다.,나수성의 담당 사업 | 백색가전 책임자 후보,라병우의 김치냉장고 재도전 | 카메라·컴퓨터 휴대전화 개발 | 각 본부의 세계 1위 성과 계약,ARC-015,high
94,94화,이혼 후 재벌 각성(개정판) 94화,23688,23939,"세 사업본부 책임자가 정해지는 밤, 한강수는 미래 휴대전화의 기본을 넘어설 상상력을 시험받고 라병우는 면접을 위해 도착한다.",1996년 실무자들의 상상을 카메라폰·스마트폰·글로벌 발효가전으로 점프시키는 창의 보상을 준다.,미래 기술을 그대로 명령하지 않고 책임자들의 자발적 상상과 집착을 끌어내 제품 문화로 만든다.,"한강수의 디지털 카메라폰 아이디어에 휴대전화 속 컴퓨터를 더하고, 라병우에게 자신의 가치를 직접 PR하게 한 뒤 김치냉장고의 수출 논리를 듣는다.",현재 기술로 카메라·컴퓨터의 소형화는 불가능해 보이고 강산과 참모진의 밤샘이 새벽 3시 가까이 이어져 과로 비용이 쌓인다.,라병우는 김치냉장고의 핵심을 김치가 아니라 발효·정온 보관으로 보고 와인·치즈·과일까지 담는 북미·유럽 중산층의 로망 상품으로 재정의한다.,"한강수와 나수성은 시총 1위 목표의 기술적 이유를 이해하고, 강산은 자신이 찾던 제품 집착형 인재를 확인한다.",능력|관계|세계,대양 전자의 제품 목표가 기존 시장 추격에서 스마트폰과 생활문화를 새로 만드는 선도 개발로 바뀐다.,라병우가 수출형 김치·와인 냉장고의 구체 디자인과 개발 승인을 요구한다.,한강수가 제시할 미래 휴대전화 아이디어 | 라병우가 김치냉장고를 고집하는 이유,카메라폰·스마트폰 기술 개발 | 글로벌 발효 냉장고 시제품 | 라병우의 본부장 발탁 여부,ARC-015,high
95,95화,이혼 후 재벌 각성(개정판) 95화,23940,24218,라병우는 김치냉장고를 글로벌 발효 보관 가전으로 만들 논리를 증명했고 시제품 승인을 기다린다.,연구원에게 임원 자리와 무제한 연구·특허 자원을 주고 양문형 가전·전자수첩로 혁신 로드맵을 결산한다.,라병우의 집착을 백색가전 전반의 책임으로 확장하고 개발 인력과 핵심 특허를 선점한다.,"세련된 양문형 김치·와인 냉장고를 주문하며 라병우를 백색가전 본부장으로 즉석 승진시키고, 연구 인력 증원·필수 특허 무제한 지원·전자수첩 및 녹음기 개발을 지시한다.","대양은 만도기계 딤채보다 늦은 후발주자이고 냉장고식 문으로 정온을 유지할 신기술이 필요하며, 수백 제품을 동시에 개발하려면 막대한 인력·비용이 든다.","라병우가 강산이 원하는 다음 제품인 전자수첩과 녹음기를 스스로 답해 최종 합격하고, 대양 전자 세 사업본부의 인재 빌드업이 끝난다.","입사 5년 차 연구원이 이사급 본부장으로 올라 개발 전권을 얻고, 밤샘한 조직은 산삼·장뇌삼 옥돔죽이라는 과장된 재벌식 보상을 함께 받는다.",지위|능력|관계,라병우가 백색가전 수장이 되고 대양 전자는 휴대전화·반도체/배터리·백색가전의 세 책임본부 체제를 완성한다.,산삼 야식 농담마저 즉시 실행하려는 비서진을 보며 강산이 자신의 절대적 위치를 실감한다.,라병우의 본부장 발탁 | 백색가전 첫 제품 방향 | 세 사업본부 책임자 구성,양문형 김치·와인 냉장고 시제품 | 전자수첩·녹음기 개발 | 연구 인력·특허 선점,ARC-015,high
96,96화,이혼 후 재벌 각성(개정판) 96화,24219,24471,"세 본부장과 강산은 밤샘 비전 회의를 끝냈고, 대현 전자 흡수합병 소식은 아직 극소수만 안다.",조직 개편의 후속 인사와 전문경영 체제를 실제 보직 이동으로 실행하면서 다음 포털 담판을 준비한다.,"기존 대양 전자 사장을 반발 없이 물리고 이종철에게 자리를 넘기며, 강산 자신은 미래 투자에 집중할 분업 구조를 만든다.","기존 사장에게 마지막 부서 개편 업무를 맡긴 뒤 본사 부회장 영전이라고 포장하고, 강덕수와 조율한 전문경영인 순환·보상 체계를 실행한다.","조현경이 내부정보로 대양 전자 주식을 빠르게 사들여 감시 대상이 되고, 강산과 비서진은 IMF 전에 너무 많은 일을 끝내려 밤샘 과로에 시달린다.","강산은 기존 사장의 7위→3위 성과를 칭찬하지만 실제로는 실권 없는 부회장으로 토사구팽하며, 대양을 강덕수·향후 조광현이 잇는 전문경영 체제로 운영할 생각임이 드러난다.","기존 사장은 해임 충격 대신 부회장 승진으로 받아들여 저항 없이 물러나고, 강산은 생산·창의와 관리 업무를 분리할 시간을 번다.",지위|관계|능력,대양 전자 기존 경영진 교체가 충돌 없이 진행되고 강산의 역할은 계열사 상시 관리보다 투자·방향 설정·최종 확인으로 좁혀진다.,그룹을 떠나게 할 허지훈이 도착하고 강산은 포털 합작 조건을 담판해야 한다.,기존 대양 전자 사장의 처리 방식,조현경의 주식 매집 의도 | 허지훈의 퇴사와 포털 합작 | 이종철 사장 체제,ARC-015,high
97,97화,이혼 후 재벌 각성(개정판) 97화,24472,24764,차지혜는 단일 계좌의 대양 전자 주식 매집을 추적하고 강산은 허지훈을 만나기 직전이다.,"조현경의 투자 구애에 강산이 응답하고, 김말숙의 지하 금융망이 실제 전국 저축은행·장학회로 양지화되는 성과를 보여준다.",조현경의 의도를 직접 확인할 식사 자리를 만들고 김말숙 금융동맹의 제도권 전환을 굳힌다.,"조현경이 알아달라고 주식을 사는 것으로 짐작해 식사를 잡게 하고, 김말숙은 전국 큰손 열 명 중 일곱을 남겨 글로벌 저축은행·달러 매집·강산 장학회에 참여시킨다.","비서진도 내부정보 주식 거래의 유혹을 받으며, 사채 큰손들은 세금·양성화·해외 확장의 위험 때문에 참여가 갈린다.","김말숙과 곽지은은 사채 자본이 국내 3대 은행급임을 밝히고 새 사명을 ‘강산 저축은행’, 장학재단을 ‘강산 장학회’로 정해 강산을 전면 간판으로 세운다.",강산은 돈 한 푼 더 쓰지 않고 일곱 거대 전주의 자본·전국망·명예사업을 자신의 이름 아래 결집하고 조현경과의 회동도 얻는다.,돈|지위|관계,김말숙 동맹은 말뿐인 약속에서 전국 50개 지점급 제도권 금융 준비세력으로 변하고 강산의 이름은 금융·장학 브랜드가 된다.,김말숙이 일곱 큰손에게 달러를 은밀히 사 모으라 지시하고 문장석을 강산에게 파견한다.,대양 전자 주식 매집자가 누구인지에 대한 강산의 판단 | 사채 큰손들의 저축은행 참여 여부,강산 저축은행의 법인·영업 개시 | 강산 장학회 | 조현경과 식사 | 달러 대량 매집,ARC-015,high
98,98화,이혼 후 재벌 각성(개정판) 98화,24765,25042,김말숙 금융동맹이 실행에 들어갔고 허지훈은 사채업자와 손잡으려 한 책임을 안은 채 강산 집무실에 들어온다.,"허지훈을 축출하는 대신 1,000억과 경영권을 주어 미래 포털 네모를 강산의 영향권에 창업시키는 역전 보상을 준다.",허지훈의 야망을 대양 내부 반란에서 대한민국 1위 인터넷 검색 플랫폼 창업으로 돌리고 지분 41%를 확보한다.,"대양증권 계열분리와 독립 창업 중 선택하게 자극한 뒤, 투자금 전액 1,000억을 대고 허지훈 59%·강산 41%의 포털 합작을 제안한다.","허지훈은 강산에게 응징당한다고 반발하고 최소 51% 경영권을 고집하며, 미래의 1위 포털은 정권의 압력을 집중해서 받을 위험이 있다.",강산은 최대 지분보다 정치적 동네북 부담을 피하려 허지훈에게 59%와 경영을 맡기고 자신은 상장 후에도 41%를 보유하는 설계를 택한다.,"허지훈은 대양증권보다 큰 인터넷 제국의 회장 꿈과 1,000억 자본을 얻고 강산은 미래 네모의 확고한 2대 주주가 된다.",돈|관계|지위|세계,허지훈은 내부 경쟁자에서 독립 창업 협력자로 전환되고 대양 밖에 강산의 포털 지배 축이 생긴다.,9월 15일로 시간이 점프해 대현 임시주총에서 조현경의 재계 등판과 대현 전자 매각 표결이 시작된다.,허지훈에게 제시할 사업 | 허지훈과 강산의 지분·투자 조건,포털 합작회사 설립과 허지훈의 독립 | 대현·대양 주총의 빅딜 승인 | 조현경의 후계 경쟁 등판,ARC-015,high
99,99화,이혼 후 재벌 각성(개정판) 99화,25043,25253,"9월 15일, 대현과 대양의 임시주총에서 전자회사 빅딜을 승인할 차례이며 조현경도 대현 후계 경쟁에 공개 등판한다.",조현경의 첫 경영 시험과 대현 전자 매각 표결을 공개 무대에서 결산해 ‘강산의 시대’를 공인한다.,강산은 주총에 불참한 채 사전 지분·협상 설계로 대현 전자 인수안을 통과시키고 포털 합작을 실행한다.,"조갑수는 조현경을 대현백화점 상무로 추천하고 그녀는 면세점 사업권을 못 따면 물러나겠다고 승부수를 던진다. 허지훈은 대양을 퇴사해 강산의 1,000억으로 합작회사를 세운다고 허광호에게 통보한다.","주주들은 검증되지 않은 재벌 2세의 상무 선임과 잘나가는 대현 전자 매각에 반발하고, 허광호는 아들이 자신을 지키지 않고 떠나는 것을 붙든다.","허지훈은 대양증권까지 거절하고 대양보다 큰 자기 그룹의 회장이 되겠다고 선언하며, 대현 전자 매각안이 찬성 75%로 가결된다.",대현·대양 양쪽 주총에서 빅딜이 압도적으로 승인되어 강산이 대현 전자를 정식으로 얻고 조현경도 상무 직위를 확보한다.,지위|돈|관계,대현 전자가 법적·공적으로 대양에 넘어가 강산의 전자 시대가 열리고 대현 후계 구도는 조현경을 포함한 4파전이 된다.,빅딜을 몰랐던 조갑수의 장남이 아버지에게 공개적으로 반발한다.,대현·대양 주주총회의 빅딜 승인 | 조현경의 대현백화점 상무 선임 | 허지훈의 대양 퇴사,조현경의 면세점 사업권 시험 | 대현 4파전 | 허지훈의 포털 그룹 창업,ARC-016,high
100,100화,이혼 후 재벌 각성(개정판) 100화,25254,25490,대현 전자 매각이 통과돼 대현 장남은 조현경에게 밀렸다고 분노하고 청와대도 재계 판도 변화를 보고받는다.,강산의 빅딜이 가족 내부를 넘어 대통령에게 국가 경쟁력 강화로 인정받고 다음 금융·정치 포석을 연다.,빅딜의 정치적 정당성을 확보하고 대현과 협력 관계를 유지할 새 인력·사업 축을 배치한다.,"차지혜가 경제수석에게 100만 달러와 빅딜 정보를 제공해 객관적 우호 보고를 유도하고, 강산은 김말숙이 보낸 곽지은에게 국내 장부와 게임회사 선정을 맡긴다.","경제수석의 뇌물·내부정보 거래는 강산에게 돌아올 양날의 검이며, 조현경은 성공 확률이 낮은 면세점 사업권으로 상무직을 걸었다.",대통령은 강산을 새 시대의 인물로 보고 지원 의사를 내비치지만 동시에 태보그룹의 무리한 제철소 건설과 자금 위기가 국가 위험으로 떠오른다.,"빅딜이 문어발 경쟁을 줄인 모범적 민간 맞교환으로 청와대의 지지를 얻고, IQ 178의 곽지은이 강산의 국내 재정 담당으로 합류한다.",지위|관계|세계,강산은 재계 내부 승자를 넘어 대통령이 주목하는 산업 재편자로 격상되고 김말숙의 핵심 후계 자원까지 조직 안으로 들어온다.,곽지은이 대양 면세점 우위를 단정할 수 없다며 조현경의 승부 가능성을 열어 둔다.,청와대가 빅딜을 어떻게 평가할지 | 곽지은의 강산 조직 합류,경제수석과 직접 거래 | 태보그룹 자금 위기 | 대양·대현·롯대 면세점 경쟁 | 곽지은과 강산의 신뢰 시험,ARC-016,high
101,101화,이혼 후 재벌 각성(개정판) 101화,25491,25779,곽지은이 재정 담당으로 합류했고 조현경은 대양이 보유한 면세점 사업권을 빼앗아 상무 능력을 증명해야 한다.,내수 면세 경쟁을 넘어 정부 PC 보급·게임·PC방·온라인 유통으로 IT 생태계 전체를 선점한다.,경제수석을 통해 PC·인터넷 보급 정책을 앞당기고 INC소프트와 PC방망을 투자 포트폴리오에 넣는다.,"면세점은 강덕수에게 맡겨 관망하고, 곽지은에게 INC소프트 투자 미팅과 PC방 가맹 사업을 지시한 뒤 경제수석과 회원제 클럽에서 만나 국회의원 야망을 먼저 짚는다.","차지혜가 강산 지시 없이 100만 달러 뇌물을 건네 법적·정치적 위험을 만들었고, 경제수석은 지원보다 자기 지역구 공천을 우선할 수 있다.","강산은 상속자 대신 투자 분야의 ‘빅 보스’ 호칭을 택하고, 경제수석을 후원 대상이자 정책 동업자로 규정한다.",INC소프트·PC방이라는 온라인게임 유통 경로가 계획에 편입되고 청와대 경제수석이 강산 앞에서 을의 위치를 자인한다.,지위|관계|세계,강산의 활동 중심이 대양 계열사 총수에서 여러 산업을 묶는 투자 빅 보스로 확장되고 경제수석이 정치 파트너 후보가 된다.,경제수석의 지역구 국회의원 꿈과 강산의 PC·인터넷 정책 요구를 맞교환할 본론이 시작된다.,강산이 면세점 경쟁에 즉시 개입할지 여부 | INC소프트 조사 착수,경제수석의 지역구 진출 지원 | 가정용 PC·인터넷 보급 정책 | INC소프트·PC방 투자 | 조현경의 온라인 유통 제안,ARC-017,high
102,102화,이혼 후 재벌 각성(개정판) 102화,25780,26034,경제수석은 지역구 진출 지원을 원하고 강산은 컴퓨터·인터넷 보급을 정부 주도 사업으로 만들려 한다.,정치적 거래를 구체 정책으로 성사시키고 강산 저축은행·달러 20억 달러라는 금융 보상을 확인한다.,자신의 이름은 숨긴 채 PC 판매 보조금과 인터넷 인프라 정책을 현 정권에서 시작시키고 외환위기 자본을 축적한다.,"경제수석에게 기업 판매분에 보조금을 지급하는 PC 보급안을 대통령에게 올리라고 요구하고, 김말숙·문장석은 보배·부평저축은행을 합쳐 전국 50개 지점의 강산 저축은행을 만든다.","정책이 대양 전자 특혜나 정경유착으로 비치면 정치 공세를 받을 수 있고, 강산의 OI 우회 21% 출자는 금산분리 위반 편법이다.",김말숙 금융망이 이미 20억 달러를 은밀히 모았고 강산 저축은행 자본금의 21%를 OI를 통해 우회 출자했음이 드러난다.,경제수석이 PC·인터넷 보급안을 밀기로 하고 강산은 전국 50개 지점·1조 자본의 저축은행 지분과 20억 달러 동맹 자금을 얻는다.,돈|지위|세계,강산의 IT 계획은 기업 내부 구상에서 국가 보급정책 후보가 되고 김말숙의 지하 자금은 강산 이름의 제도권 금융망으로 전환된다.,김말숙이 부동산까지 처분해 달러를 더 사고 저축은행을 외환위기 파수꾼으로 만들 준비를 한다.,경제수석과의 PC·인터넷 정책 거래 | 강산 저축은행의 법인·지점 구성,저축은행 공식 영업 | 달러 펀드 상품 | OI 우회 출자의 법적 위험 | 경제수석의 정치 보상,ARC-017,high
103,103화,이혼 후 재벌 각성(개정판) 103화,26035,26272,김말숙은 자산을 달러로 바꾸고 자본금 1조의 강산 저축은행을 9월 18일 정식 개업한다.,저축은행·온라인게임·중국 인터넷이라는 세 미래 투자 축에서 첫 실체와 핵심 인물을 동시에 찾는다.,저축은행을 고정금리 경쟁에서 지키며 달러펀드를 만들고 INC소프트·마화텅을 선점한다.,"문장석에게 무리한 고금리 예금과 고정금리 적금을 금지하고 달러펀드 설계를 예고하며, 곽지은에게 INC소프트 미팅을 잡고 차지혜가 찾은 마화텅과 즉시 만나게 한다.","예금을 공격적으로 늘리지 않으면 저축은행 자금 조달이 느리고, 수많은 중국 엔지니어 중 미래 텐센트 창업자를 찾는 일은 사실상 서울에서 김 서방 찾기다.",OI가 투자한 중국 IT기업 CEO의 추천망을 통해 차지혜가 최상 후보로 바로 마화텅을 찾아내는 천운 같은 결과가 나온다.,강산 저축은행은 무장공비 사건에 묻혀 소리 없이 영업을 시작하고 INC소프트 미팅·마화텅 접촉이 모두 일정화된다.,돈|세계|관계,강산의 외환위기 방어망과 한국 온라인게임·중국 인터넷 투자망이 추상 계획에서 실제 법인·미팅·인물로 전환된다.,"강경열 은행장이 찾아오고, 조현경도 면세점 경쟁을 위해 강산과의 미팅을 요청한다.",강산 저축은행 영업 개시 | 중국 투자 1순위 인물 탐색 | INC소프트 1차 실사,마화텅 창업 투자 협상 | INC소프트 투자 협상 | 대한은행 미래 민영화 | 조현경의 면세점 거래,ARC-017,high
104,104화,이혼 후 재벌 각성(개정판) 104화,26273,26515,강산은 강경열을 불러 외환위기 뒤 금융 재편을 준비하고 조현경은 면세점 사업권을 위해 강산에게 온라인 유통을 미끼로 던진다.,대한은행 민영화와 대양·대현 온라인 면세 연합이라는 두 미래 거래의 조건을 연다.,대한은행을 부실 조작 없이 제값 주고 인수할 준비를 시키고 조현경의 사업·관계 제안을 자기 일정 안으로 끌어온다.,"강경열에게 은행을 더 우량하게 만든 뒤 위기 때 OI 사모펀드로 완전 민영화하겠다고 말하고, 조현경의 온라인쇼핑 합작 미팅을 9월 22일 새벽 조깅 시간에 잡는다.","은행 민영화는 현재 제도상 불가능하고 강경열은 부실화가 더 쉽다고 유혹하며, 조현경을 돕는 일은 대양 면세점의 기득권을 일부 양보해야 한다.","강산은 론스타식 약탈 대신 국민 재산을 제값에 사겠다는 선을 긋고, 강덕수와 대현을 도와 일본 롯대 면세점을 공동의 적으로 삼는 구상을 공유한다.",강경열이 장기 민영화 준비에 복종하고 조현경은 온라인쇼핑이라는 미래 감각으로 강산의 귀한 새벽 시간을 얻는다.,관계|세계|지위,"대한은행은 훗날 OI 인수 후보로, 대현백화점은 면세·온라인 유통 협력 후보로 강산의 장기 네트워크에 편입된다.",강산이 저돌적인 조현경을 새벽 조깅에서 직접 만나 사업과 연애 가능성을 동시에 시험하기로 한다.,조현경 미팅 요청을 강산이 수락할지 여부 | 강경열에게 제시한 장기 목표,대한은행 민영화 준비 | 온라인쇼핑 합작 | 대양·대현 면세점 연합 | 새벽 조깅 미팅,ARC-017,high
105,105화,이혼 후 재벌 각성(개정판) 105화,26516,26755,강산 저축은행이 영업을 시작했고 김말숙은 일본 대부업 진출에 맞설 소비자금융 전략을 고민한다.,김말숙이 독자적으로 금융 사업을 확장하고 조현경·이종철이 각자 강산과 새 출발을 준비하는 다중 전진을 보여준다.,강산은 직접 등장 후 대양·대현·기린 전자를 하나로 융합할 사장 체제를 안착시키고 전자책·아마존 선택을 준비한다.,"김말숙은 고금리 사채 전환대출과 소비자금융 장악·상장을 문장석에게 제안하고, 조현경은 새벽 미팅 준비에 들어가며 강산은 이종철에게 세 회사 인력 융합을 맡긴다.","고금리 채무자 전환대출은 부실 위험이 크고, 조현경은 면세점 실패 시 해임되며, 합병 전자는 서로 다른 세 조직의 문화 충돌을 풀어야 한다.","김말숙은 강산과 일심동체라며 독자 구상도 모두 공유하기로 하고, 강산은 기린전자의 전자수첩 기반으로 전자책을 만들며 아마존에 투자할지 직접 경쟁할지 고민한다.","김말숙이 스스로 죄 사함과 이익을 결합한 서민 전환대출을 개발하고, 충성의 보상으로 이종철은 시장 2위 통합 대양 전자의 사장이 된다.",관계|지위|세계,강산 저축은행은 기업구제뿐 아니라 소비자금융까지 확장되고 통합 대양 전자는 새 사장 아래 실제 운영을 시작한다.,"미국 아마존 투자 대 직접 경쟁, 그리고 전자책 사업 방향을 강산이 골라야 한다.",이종철 신임 사장 취임 | 김말숙의 저축은행 독자 사업 방향,고금리 전환대출·소비자금융 | 전자책·아마존 전략 | 조현경 새벽 미팅,ARC-017,high
106,106화,이혼 후 재벌 각성(개정판) 106화,26756,26992,이종철은 통합 대양 전자 사장으로 부임했고 OI는 중국에서 마화텅에게 창업 제안을 전달한다.,통합 전자의 첫 제품 혁신과 미래 텐센트 창업자의 퇴사 결심을 같은 속도로 가동한다.,이종철에게 반도체·배터리의 미래 가치를 공유하고 마화텅·라병우의 창업·개발 열망을 실물 사업으로 바꾼다.,"이종철에게 세 사업본부 독립 운영을 확인한 뒤, OI 투자처 CEO는 투자 대가로 마화텅을 내보낸다. 라병우는 검은색 양문형 김치냉장고 설계와 홈바 확장안을 강산에게 보여준다.","마화텅은 약속한 스톡옵션을 빼앗기고 사실상 해고되었다고 느끼며, 라병우의 과감한 개발비와 검은 가전·냉기 유지 기술은 실패 위험이 크다.","마화텅은 자신을 내보낸 회사를 후회하게 만들겠다며 OI 창업 제안을 향하고, 라병우는 지시보다 빨리 양문형·블랙 디자인을 설계해 온다.",강산은 미래 텐센트 창업자를 만날 조건을 만들고 통합 직후 대양 전자에서 첫 구체 제품 설계도를 받는다.,능력|관계|세계,"마화텅은 회사원에서 창업 후보로, 라병우는 파격 인사 수혜자에서 실적을 먼저 내는 핵심 본부장으로 이동한다.",라병우의 검은 양문형 냉장고에 강산이 홈바라는 추가 혁신을 던진다.,이종철이 어떤 본부를 미래 핵심으로 볼지 | 마화텅이 창업 제안을 받을 계기 | 라병우의 1차 디자인,마화텅과 강산의 직접 협상 | 홈바 냉장고 시제품 | 한강수·나수성의 경쟁 성과,ARC-017,high
107,107화,이혼 후 재벌 각성(개정판) 107화,26993,27217,라병우는 검은 양문형 김치냉장고 설계를 가져왔고 마화텅과 조현경의 미팅도 차례로 다가온다.,제품 시제품 기한을 압축하고 반도체·배터리·카메라폰의 원천기술 확보를 하나의 공격 일정으로 묶는다.,IMF 전후 첫 판매 시즌을 놓치지 않도록 가전·반도체·배터리·디스플레이 개발 속도를 강제로 높인다.,"라병우에게 시제품 3개월·생산설비 포함 9개월 기한을 주고, 나수성에게 국내 반도체 기업·소재 기술 인수 준비를, 한강수에게 코닥 렌즈와 하남전자 디스플레이 확보를 맡긴다.","라병우가 원한 6개월도 촉박한데 절반으로 줄어 밤낮없는 개발이 필요하고, 반도체 치킨게임과 디스플레이 인수에는 막대한 자본이 든다.",대양 전자는 코닥 카메라 렌즈 라이선스를 이미 확보했고 판교 1공장 증설·일산 2공장·2차전지 개발까지 동시 착수한다.,냉장고·카메라폰·반도체·배터리 사업이 구체 기한·공장·라이선스로 실행 국면에 들어가고 강산은 아침 조깅의 여유도 잠시 누린다.,능력|돈|세계,대양 전자의 미래 상품군은 아이디어 단계에서 3~12개월 일정과 인수·공장 계획을 가진 개발 포트폴리오로 바뀐다.,한강공원에 늦게 나타난 조현경이 자동차로 강산을 쫓아와 예상과 반대 방식으로 새벽 미팅을 시작한다.,김치냉장고 시제품 기한 | 카메라폰 렌즈 기술 확보 방식,하남전자 인수 | 반도체 소재·경쟁사 인수 | 조현경의 온라인 유통·면세 제안,ARC-017,high
108,108화,이혼 후 재벌 각성(개정판) 108화,27218,27430,조현경은 상무직을 지키려 면세점 사업권이 필요하고 강산은 그녀의 온라인쇼핑 제안이 진짜 거래인지 시험한다.,미래지식 없이도 인천공항·온라인 유통을 내다본 조현경과 강산의 사업·혼인 기싸움을 본격화한다.,조현경의 절박함과 사업 감각을 확인하고 대양에 유리한 지분·합병 조건을 끌어낸다.,"‘모든 것의 동업’에 결혼까지 포함됐음을 받아치고, 대양백화점·대양항공과 면세 연합을 하자는 제안에서 50:50을 거부하며 더 큰 카드를 요구한다.",조현경은 대현백화점이 세 후보 중 가장 불리하고 면세점 실패 시 해임되지만 경쟁사 이미지를 흠집 내는 방식은 거부한다.,조현경은 인천국제공항이 세계 최고 공항이 될 것을 스스로 예측하고 대양·대현 백화점 합병과 대형마트 진출까지 제안한다.,강산은 자신과 같은 방향을 미래지식 없이 본 유능한 혼인·경영 후보를 발견하고 조현경은 거래를 계속할 기회를 얻는다.,관계|세계|지위,조현경은 미인계 상대에서 강산과 동등한 미래 사업 감각을 일부 증명한 전략 파트너 후보로 올라선다.,강산은 합병 후 인원 감축안을 ‘빗나간 럭키펀치’라며 거절하고 조현경에게 마지막 제안만 허용한다.,조현경의 온라인쇼핑 미팅이 면세점과 어떻게 연결되는지,대양·대현 백화점 합병 조건 | 대형마트·인천공항 면세 진출 | 조현경의 모든 것의 동업,ARC-018,high
109,109화,이혼 후 재벌 각성(개정판) 109화,27431,27662,조현경은 백화점 합병·인력 감축안을 거절당했고 마지막 카드로 대형마트 사업을 제안해야 한다.,조현경이 자존심을 굽혀 도움을 청한 대가로 면세점 시험과 후계 경쟁을 살릴 백화점 합병을 받아낸다.,대현 후계전을 4파전으로 유지하고 대형마트·온라인쇼핑·면세를 50:50 합작으로 선점한다.,"대형마트가 재래상권 비판을 받을 것을 짚으면서도 세계 진출 가능성을 인정하고, 조현경에게 단순히 도와달라고 말하게 한 뒤 백화점 합병과 면세 지원을 수락한다.","대양만 독자 진출할 수 있는데 50%를 대현에 주어야 하고, 조현경은 강산이 대현 붕괴와 재인수를 노린다는 속셈을 알아차린다.",조현경이 자존심을 꺾고 머리를 숙이자 강산은 그녀의 생존과 1등을 응원하며 대양·대현 백화점 합병을 구두 확정한다.,"조현경은 상무직·면세점 승산을 살리고 강산은 국내 1위 백화점, 대형마트, 온라인쇼핑을 한 번에 확보한다.",관계|지위|돈,강산과 조현경은 정략 탐색 상대에서 서로의 야망을 경계하는 50:50 유통 동업자로 바뀐다.,마화텅 미팅이 잡히고 차지혜가 스타벅스 합작법인까지 이미 성사시켰다고 보고한다.,대양·대현 백화점 합병 여부 | 조현경 면세점 시험에서 강산이 도울지 여부,합병 백화점의 대표·상장 구조 | 마화텅 투자 미팅 | 스타벅스·커피앤데블 한국 진출,ARC-018,high
110,110화,이혼 후 재벌 각성(개정판) 110화,27663,27931,대양·대현 백화점 합병이 구두 합의되고 스타벅스 합작과 커피앤데블 1호점도 청담동 맞은편에 준비된다.,유통 합병의 후속 보상과 강산 저축은행의 달러·금 수익 장치를 구체화한다.,소비재 사업을 이미지·부동산·사회적 명분과 연결하고 외환위기 때 달러와 금 양쪽에서 수익 낼 구조를 만든다.,"에티오피아 농장에 한국전 참전용사 후손을 우선 채용해 복지·마케팅을 결합하고, 문장석에게 달러 입금 펀드·여유자금 20% 금 매입·금 수출 실적을 지시한다.","달러 직접 입금은 가입자에게 번거롭고 소문을 내며, 금 매입·수출과 훗날 선물옵션 투자는 시장·규제 위험이 있다.","조현경은 합병 후 미도파를 인수해 우회상장할 생각까지 내놓고, 조갑수는 자금난의 태보철강을 천천히 노리기 시작한다.","조현경은 부친에게 상무직 유지·유통 합병 성과를 인정받고, 강산은 스타벅스·커피앤데블·농장·부동산이 결합된 커피망과 달러·금 펀드 실행안을 얻는다.",돈|지위|관계|세계,백화점 합병은 발표·우회상장 준비 단계로 넘어가고 강산 저축은행은 외환위기 전 달러뿐 아니라 금까지 모으는 투자 기관으로 확장된다.,중국·남미·남아공 출장과 INC소프트 투자 미팅이 연이어 잡힌다.,스타벅스 합작법인 설립 | 커피앤데블·에티오피아 농장 운영 방향 | 백화점 합병 후 조현경의 부친 승인,미도파 우회상장 | 태보철강 인수 경쟁 | 금 모으기 운동 연계 투자 | 글로벌 투자 출장,ARC-018,high
111,111화,이혼 후 재벌 각성(개정판) 111화,27932,28176,강산은 중국을 시작으로 남미·남아공 투자 출장을 준비하고 당일 INC소프트 대표를 만나기로 한다.,"리튬 자원과 1,000개 PC방을 선점해 배터리·게임 플랫폼의 공급망과 유통망을 동시에 만든다.",아르헨티나·볼리비아 리튬 염호를 확보하고 INC소프트의 개발 역량과 지분을 강산의 게임 생태계에 편입한다.,"나수성을 아르헨티나 출장에 동행시켜 리튬 염호·광산을 찾게 하고, INC소프트에 다음 달 개업할 PC방 1,000곳 전부에 하덴월드를 설치해 줄 테니 개발·플랫폼 합작 투자를 받으라고 제안한다.","리튬 선점은 장기·정치 리스크를 안고, 재벌의 PC방 진출은 골목상권 침해 비난을 감수해야 하며 INC소프트는 아직 매출 1억도 안 된다.",태양투자개발·강산저축은행·PC방 가맹망을 한꺼번에 동원해 INC소프트의 직접 CD 영업을 없애고 한국형 텐센트로 키우는 설계가 공개된다.,"나수성은 원자재 확보 출장이라는 신뢰를 받고, INC소프트는 한 달 만에 1,000개 영업망과 무제한 개발비를 제안받는다.",돈|능력|세계,"대양 배터리는 원료 선점 단계로, 강산의 게임 투자는 단일 회사 지분이 아니라 전국 유통·운영 플랫폼 구축 단계로 진입한다.",INC소프트 대표가 원하는 투자액과 강산이 요구할 지분율을 맞춰야 한다.,아르헨티나 출장 목적 | PC방 사업이 INC소프트와 연결되는 이유,리튬 염호·광산 확보 | INC소프트 투자 조건 | 게임 운영 플랫폼,ARC-019,high
112,112화,이혼 후 재벌 각성(개정판) 112화,28177,28414,"INC소프트는 1,000개 PC방과 무제한 개발비 제안을 받고 강산의 투자 지분 요구를 기다린다.",100억 지분 투자와 100억 플랫폼 투자를 실제 계약으로 체결하고 미래 게임 수익모델을 앞당긴다.,INC소프트 41%와 게임플랫폼 50%를 확보하되 창업자의 경영권을 보장해 장기 우호를 얻는다.,"경영 불간섭·거부권 포기를 계약에 넣고 INC소프트 41%에 100억, 플랫폼 합작 50%에 추가 100억을 수락한 뒤 부분유료화·아이템 과금 모델을 설명한다.","매출 1억 미만 회사가 100억을 요구해 고평가 위험이 있고, 59% 주주 절반이 원하면 강산이 경영에 참여하는 독소조항은 미래 경영권 개입 장치다.","대표는 독소조항까지 납득하고 오히려 강산에게 경영 참여를 허용하며, 강산은 정액제 대신 과시욕·대리만족을 이용한 유료 아이템 모델을 제안한다.","투자·플랫폼 총 200억 계약이 즉시 체결되고 강산은 INC소프트 41%와 플랫폼 50%를, 대표는 경영권과 압도적 개발자금을 얻는다.",돈|지위|관계|세계,INC소프트는 영세 개발사에서 전국 PC방망·대형 자본·플랫폼을 가진 성장회사로 바뀌고 강산은 핵심 게임 주주가 된다.,강산이 하덴월드의 노가다와 과시욕을 현금화할 구체 유료 아이템 구조를 꺼낸다.,INC소프트 투자액·지분율 | 게임 플랫폼 합작 비율 | 경영권 간섭 조건,부분유료화 전환 | 경험치·아이템 과금 | 게임플랫폼 개발,ARC-019,high
113,113화,이혼 후 재벌 각성(개정판) 113화,28415,28641,INC소프트 투자 계약은 끝났고 대표는 강산의 부분유료화 아이디어를 시험할 의향을 보인다.,하덴월드의 경험치·PK·아이템 거래를 돈으로 전환해 게임과 플랫폼의 반복 수익 엔진을 완성한다.,무료 진입 뒤 과시·경쟁·현금화 욕망으로 고액 결제를 유도하고 별도 아이템 거래망을 비밀리에 선점한다.,"세계수 잎사귀로 경험치 최대 700%를 파는 버프, 자유 PK와 아이템 드롭, 초기 무료 지급을 제안하고 곽지은에게 익명 아이템 거래 사이트를 먼저 만들게 한다.","대표는 유저 이탈과 악마적 과금을 우려하고, 게임의 즐거움이 노동·과소비로 바뀌어 폐인과 비판을 낳을 수 있음을 강산도 인식한다.","INC소프트 대표가 PC방 1,000곳 보장을 보고 모델을 실행하기로 하고, 곽지은은 즉석에서 아이템 거래 사이트라는 정답을 내놓는다.",강산은 회사 지분뿐 아니라 아이템 경제·거래 수수료·향후 플랫폼 합병까지 이어지는 삼중 수익 구조를 확보하고 곽지은의 실전 두뇌를 확인한다.,돈|능력|세계,하덴월드는 정액제 게임에서 부분유료화·현금 거래 생태계로 진화할 예정이고 곽지은은 수동 장부담당에서 신규 사업 설계자로 올라선다.,강산이 게임의 최종 경쟁자는 다른 게임사가 아니라 카지노라고 말하며 온라인 도박 사업을 연다.,하덴월드 부분유료화 실행 여부 | 게임 아이템 거래망의 첫 아이디어,익명 아이템 거래 사이트 | 플랫폼과 거래사이트의 미래 합병 | 외국인 온라인 카지노 | 정치권 규제 선점,ARC-019,high
114,114화,이혼 후 재벌 각성(개정판) 114화,28642,28892,강산은 곽지은에게 아이템 거래 사이트를 맡기고 게임 생태계의 최종 고수익 축으로 카지노를 지목한다.,온라인 카지노·달러펀드·백화점 합병 성과를 정리한 뒤 중국에서 마화텅과 직접 만난다.,빛의 게임 플랫폼과 분리된 외국인 온라인 카지노를 일본·필리핀 시장에 세우고 마화텅 투자를 체결한다.,"곽지은에게 외국인 전용 카지노와 일본 300조 파친코 시장 공략을 지시하고, 달러펀드의 30% 보장 판매 흥행을 확인한 뒤 중국 선전 특급호텔에서 마화텅을 맞는다.","온라인 카지노는 문화부·법률·사회 반발이 크고 한국 게임과 묶으면 동반 제재 위험이 있으며, 달러펀드는 외환위기가 오지 않으면 30% 보장 때문에 큰 손실을 본다.",대양·대현 백화점 합병이 실제 발표되고 조현경이 대표가 되며 우선주 7:3 구조·미도파 우회상장안이 조율된다. 강산은 커리어 능력으로 유창한 중국어까지 구사한다.,"달러펀드에는 가입자 줄이 서고 유통 합병이 공개 성과가 되며, 강산은 마침내 미래 텐센트 창업자를 자신의 방에서 직접 맞는다.",돈|지위|능력|세계,곽지은은 글로벌 카지노 사업 책임자가 되고 조현경은 합병 백화점 대표로 도약하며 강산의 중국 투자도 대면 협상 단계로 들어간다.,왜 수많은 엔지니어 중 자신인지 의심하는 마화텅에게 강산이 창업·지분 제안을 해야 한다.,대양·대현 백화점 합병 발표와 대표 선정 | 달러펀드 초기 반응 | 마화텅 미팅 성사,마화텅 투자 조건 | 외국인 온라인 카지노 합법화 | 미도파 우회상장 | 달러펀드 만기 손익,ARC-019,high
115,115화,이혼 후 재벌 각성(개정판) 115화,28893,29150,강산은 중국 선전 호텔에서 아직 회사를 세우지 않은 마화텅과 단둘이 마주 앉았다.,중국 정치 리스크를 우회하면서 메신저·전자결제·게임을 묶은 미래 텐센트의 설계도를 창업자에게 납득시킨다.,마화텅의 신뢰와 최대한의 지분을 얻고 한국 자본의 정체를 감춘 남아공 투자 구조를 받아들이게 한다.,위조 100위안화를 예로 들어 전자결제의 필요를 설명하고 무료 메신저로 이용자를 모은 뒤 게임·모바일 인터넷·전자상거래로 확장하자는 로드맵을 제시한다.,"마화텅은 개인에게 거액을 맡기는 이유와 한국인이 중국 정치·관시 위험을 감수하는 이유를 의심하고, 강산은 국적을 숨겨야 한다.",강산이 회사가 아니라 마화텅이라는 사람을 분석해 투자한다고 밝히자 두 사람은 형님과 아우로 호칭을 바꾸며 신뢰 관계를 만든다.,마화텅은 강산의 세 사업 구상과 남아공 우회투자를 긍정하고 필요한 투자액을 계산하는 단계로 넘어간다.,관계|능력|세계,낯선 한국 투자자와 중국 엔지니어의 탐색전이 공동창업자급 동맹으로 바뀌고 텐센트형 사업 모델이 구체화된다.,메신저·전자결제·게임을 모두 시작하는 대가로 마화텅이 얼마와 몇 퍼센트를 요구할지가 남는다.,마화텅을 고른 이유 | 중국 투자 국적 위장 방식 | 미래 텐센트의 세 사업축,마화텅 투자액과 지분율 | 남아공 법인을 통한 단계 투자 | 선전·홍콩 거점,ARC-019,high
116,116화,이혼 후 재벌 각성(개정판) 116화,29151,29455,마화텅은 강산의 사업 구상을 받아들였고 이제 투자액·지분·경영권을 정해야 한다.,미래 텐센트의 경영권은 창업자에게 두되 강산이 49%를 선점하는 초대형 거래를 실제 계약으로 끝낸다.,"1,000만 달러로 마화텅이 세울 회사 지분 49%를 확보하고 장기적으로 자신을 최우선 투자자로 묶는다.","마화텅 51%·강산 49%, 향후 각자 20%를 공모하는 상장안을 제시하고 1,000만 달러 단계 투자, 선전 본사·홍콩 개발실·주거비 지원을 계약한다.","49% 요구는 사실상 공동지배 수준이고 성공까지 추가 자금이 계속 들며, 방수빈이 마화텅 앞에서 강산을 남자친구라 말해 사적인 오해도 생긴다.","마화텅이 처음 요구한 500만 달러를 스스로 1,000만 달러로 올리자 강산이 즉시 수락하고 중국 최고 부자가 될 때까지 투자하겠다고 약속한다.","첫 100만 달러가 즉시 지급되고 강산은 미래 텐센트 49%, 마화텅은 51% 경영권과 창업 인프라를 확보한다.",돈|지위|관계|세계,"아이디어만 있던 마화텅은 자본과 사무실을 가진 창업자로, 강산은 미래 중국 최대 IT 기업의 사실상 공동창업 투자자로 올라선다.",마화텅의 인맥을 통해 다음 중국 IT 거물 마윈까지 찾을 수 있을지 강산이 묻는다.,마화텅 투자액 | 마화텅·강산 지분율 | 경영권과 상장 구조 | 선전·홍콩 거점 비용,마윈 탐색 | 텐센트 실제 창업과 서비스 출시 | 방수빈의 남자친구 발언,ARC-019,high
117,117화,이혼 후 재벌 각성(개정판) 117화,29456,29743,"마화텅 투자는 체결됐지만 마윈 인맥은 없고, 한국에서는 장인 집안 친족들이 강산의 상속을 흔들려 한다.",마화텅 거래의 여진과 친족 분쟁을 정리한 뒤 1997년 외환위기 직전의 국가·재계 무대로 시간축을 넘긴다.,"상속소송 위협을 제압하면서도 아버지의 유언은 지키고, 1997년 위기에 대비한 정부·재계 접점을 연다.","고모부들의 범죄·불륜 자료를 내밀어 소송을 포기시킨 뒤 몰래 아버지의 증여안을 그대로 집행하고, 3개월 후 청와대 신년 만찬에 참석한다.","친족들은 강제상속분 소송을 내세우고, 자비를 베풀어도 다시 배신할 수 있으며, 소로스는 아시아 공격을 준비하고 있다.",강산은 친족 앞에서는 증여서류를 폐기한 듯 연출하지만 그들이 떠난 뒤 차지혜에게 아버지 유언대로 모두 나눠주라고 한다.,"친족 분쟁은 강산의 압승과 관용으로 봉합되고, 조현경은 합병 백화점 사장 내정으로 입지가 상승하며 대통령은 만찬 뒤 강산을 따로 부른다.",관계|지위|시간|세계,강산은 상속을 지키는 수세적 후계자에서 베풀 권한을 행사하는 실질적 가주가 되고 서사는 1996년 중국 투자기에서 1997년 국가위기기로 이동한다.,"대통령의 독대와 PC·인터넷 정책 승인, 소로스가 준비하는 아시아 외환 공격이 동시에 다가온다.",고모부들의 상속소송 위협 | 허준수의 친족 증여 유언 | 마화텅의 마윈 인맥 여부,대통령 독대 | 1997년 태보 그룹 위기 | 소로스의 아시아 공격 | PC·인터넷 보급정책,ARC-019,high
118,118화,이혼 후 재벌 각성(개정판) 118화,29744,29980,"1997년 1월, 강산은 청와대 만찬 뒤 대통령에게 불려가고 태보 그룹은 사실상 부도 직전이다.",국가 차원의 PC·인터넷 보급을 얻는 동시에 태보 철강 부실을 외환위기 전 자산 재편의 미끼로 활용한다.,대통령의 IT 지원 승인을 끌어내고 태보 사태에 휘말리지 않은 채 달러·게임·PC방 준비를 위기 수익으로 전환한다.,대양 전자의 PC 양산과 리튬 염호 확보를 점검하고 대통령에게 전 국민 PC·인터넷 보급 지원을 재차 설득한다.,"태보 그룹 부도는 금융권을 흔들고, 대통령은 강산의 제안이 대양 전자에 유리한 사익임을 알며, 강산의 달러펀드는 환율이 안 오르면 손실이다.","중국의 마윈은 홍콩의 남아공 투자자를 찾아 나설 준비를 하고, 대통령은 강산을 산아라고 부르며 더 사적인 부탁을 꺼낸다.","대양 PC방은 2,000곳, INC소프트 게임은 흥행, 강산저축은행 달러 금고는 50억 달러 이상으로 커져 위기 전 포석이 가시화된다.",돈|지위|세계,강산의 IT 구상은 민간 사업을 넘어 대통령이 검토하는 국가정책으로 올라가고 태보 부실은 다음 대형 거래의 출발점이 된다.,대통령이 태보 그룹과 자신의 아들이 얽힌 비밀을 강산에게 털어놓으려 한다.,청와대 단독 면담 성사 | 대양 PC 양산 준비 | 리튬 추가 확보,대통령의 태보 부탁 | 태보 철강 처리 | 마윈 투자 요청 | 국가 PC·인터넷 지원 승인,ARC-020,high
119,119화,이혼 후 재벌 각성(개정판) 119화,29981,30255,대통령은 태보 그룹에 3조 원의 불법대출이 들어갔고 자신의 아들이 연루됐다고 강산에게 털어놓는다.,재벌의 돈으로 대통령 아들을 덮는 선택 대신 대통령 본인이 아들을 구속해 명예를 회복하는 역전 보상을 준다.,대양이 태보 부실을 떠안지 않게 하면서 대통령과 정권이 살아남을 최소한의 정치적 해법을 제시한다.,3조 원 구조 요청을 거절하고 정권교체 가능성을 직언한 뒤 대통령이 직접 아들 수사를 지시하고 대국민 사과를 하라고 설득한다.,"대통령이 제안을 거부하면 강산은 최고권력자의 원한을 사고, 아들 구속은 가족과 정치 생명을 건 잔혹한 선택이다.",대통령은 강산의 읍참마속 논리를 받아들여 현장에서 검찰총장에게 자신의 아들과 태보 회장을 즉시 구속하라고 명령한다.,"강산은 3조 원 부실 인수에서 벗어나고 대통령의 신뢰를 지키며, 훗날 대통령 아들의 정치 재기를 돕겠다는 장기 동맹까지 만든다.",관계|지위|세계,강산은 대통령에게 돈을 대는 재벌 후계자가 아니라 국정의 고통스러운 결단을 조언하는 비선급 파트너로 격상된다.,아들 구속 뒤 태보 그룹을 어떻게 해체·매각할지 대통령이 강산에게 다시 묻는다.,대통령의 비밀 부탁 내용 | 강산의 태보 3조 지원 여부 | 대통령 아들 수사 결정,태보 철강 공개매각 | 대통령의 공개 사과 | 태보 계열사 해체 | 강산의 정치적 약속,ARC-020,high
120,120화,이혼 후 재벌 각성(개정판) 120화,30256,30524,대통령은 아들과 태보 회장 구속을 지시했고 태보 그룹 처리 방향을 강산에게 묻는다.,태보 철강을 공적자금·부채전환 뒤 공개매각해 재계 경쟁판을 열고 강산의 실제 노림수를 드러낸다.,정부의 밀실 특혜 대신 공개매각을 확정해 대양이 상황에 따라 경쟁·철수·교환할 수 있는 판을 만든다.,채권 탕감과 출자전환을 설명하고 대양 철강을 세계 1위로 만들 수 있다고 장담하며 공개입찰 경쟁을 받아들인다.,"포항제철·현태제철과 경쟁해야 하고 태보의 빚은 막대하며, IMF 직전 거액 투자는 그룹 전체의 유동성을 해칠 수 있다.","대통령은 비공개 인수 대신 공개매각을 택하고, 아들 구속 뉴스가 퍼지자 국민 여론은 오히려 대통령에게 동정·찬사를 보낸다.",태보 사태의 정치 폭탄은 대통령의 명예 회복으로 전환되고 대양은 공식 인수 후보로서 카드를 쥔다.,지위|관계|세계,태보 철강은 비밀 구조 대상에서 공개 경매 자산으로 바뀌고 대양의 선택은 국가적 주목을 받는 경쟁 의제가 된다.,강덕수와 대양 철강 사장이 인수를 원하지만 강산은 왜 5조를 써서 2위가 되려 하느냐고 되묻는다.,태보 철강 처리 방식 | 대통령 아들 구속의 첫 여론 반응,대양의 태보 입찰 전략 | 현태제철 경쟁 | 대양 철강 자체 매각 가능성,ARC-020,high
121,121화,이혼 후 재벌 각성(개정판) 121화,30525,30784,강덕수와 대양 철강 사장은 태보 철강 인수를 원하지만 강산은 IMF 전 유동성 위험을 안다.,실제 인수 대신 경쟁자를 자극하는 입찰전으로 태보 철강을 미끼 삼아 현태 반도체·달러 자산을 노린다.,대양 내부에 외환위기 경보를 울리면서도 겉으로는 태보 인수에 적극적인 경쟁자로 보여 협상력을 만든다.,"태국발 위기가 한국까지 번질 수 있다고 경고하고 비공식 외환보유고 확인과 사장단 회의를 지시하며, 태보 입찰 참여 연출과 현태 반도체 교환 카드를 꺼낸다.","경영진은 한국 경제 규모를 믿어 위기를 과소평가하고, 가짜 입찰이 들키거나 실제 경쟁으로 비화하면 막대한 비용을 떠안을 수 있다.",강산은 대양 철강을 키우려는 것이 아니라 현태의 적자 반도체 회사를 빼내고 IMF 때 회장에 취임하려는 속내를 드러낸다.,"강덕수는 강산의 전략을 인정하며 그룹 경영 참여를 권하고, 50억 달러 저축은행 자금과 20억 달러 OI 자금이 위기 실탄으로 확인된다.",돈|지위|세계,대양의 태보 참여는 성장 투자가 아니라 협상용 위장전술로 바뀌고 강산의 회장 취임 시계가 IMF와 연결된다.,홍콩·선전 투자 요청 명단에서 마윈이 발견돼 서울 초청이 즉시 지시된다.,강산의 태보 인수 찬반 | 대양 외환위기 대비 지시 | 현태 반도체 노림수,마윈 서울 투자 미팅 | 대양 사장단 위기대책 | 현태 반도체 교환 | 태보 가짜 입찰,ARC-020,high
122,122화,이혼 후 재벌 각성(개정판) 122화,30785,31042,강산은 홍콩 투자사무실에 신청한 마윈을 서울로 초청했고 사흘 만에 그를 마주한다.,아무 회사도 없는 마윈의 전자상거래 비전을 검증하고 물류 문제까지 묶어 더 큰 지분 협상으로 몰아간다.,마윈이라는 개인과 향후 설립할 회사 지분을 선점하면서 중국 전자상거래·물류·결제망을 함께 장악한다.,중국 중산층과 전자상거래 성장 논리를 듣고 인터넷 보급과 만만디 물류의 약점을 압박한 뒤 자신이 중국 물류회사를 세우겠다고 역제안한다.,"마윈은 자존심과 주도권이 강하고 현재 회사·사이트·매출이 전무하며, 중국 전역 물류망에는 거액과 믿을 현지인이 필요하다.",강산이 약점으로 지적한 물류를 직접 책임지겠다고 하자 마윈은 중화유통 구상까지 받아들이고 원하는 만큼 투자하라는 백지수표를 받는다.,마윈의 전자상거래 비전과 강산의 물류 인프라가 결합되고 협상은 가능성 검증에서 금액·지분 결정으로 진입한다.,관계|능력|세계,마윈은 익명의 투자 신청자에서 강산이 창업 전 선점할 핵심 파트너가 되고 중국 사업은 IT에서 물류까지 확장된다.,마윈이 몇 년 적자를 버틸 투자금과 자신의 미래 회사 지분을 얼마로 부를지가 남는다.,마윈 서울 초청 | 마윈 전자상거래 기획 검증 | 중국 물류 약점의 해법,마윈 투자액·지분율 | 중화유통 설립자 | 중국 물류창고 투자,ARC-020,high
123,123화,이혼 후 재벌 각성(개정판) 123화,31043,31319,마윈은 아직 회사조차 없고 강산과 서로 먼저 투자액·지분을 말하게 하려는 신경전을 벌인다.,소프트뱅크보다 먼저 거액을 넣어 미래 알리바바 지분과 텐센트 결제·물류 독점 연계를 확정한다.,마윈의 모든 미래 회사 지분 30%와 추가 투자 우선권을 얻고 다른 투자자의 희석을 차단한다.,"마윈의 2,000만 달러 요구보다 큰 4,000만 달러 1차 투자를 제시해 모든 설립회사 30%, 제3자 투자 제한, 텐센트 결제망 이용을 계약한다.","사업 실체가 없어 4,000만 달러 전액을 잃을 수 있고 미래 정보가 이미 변하기 시작해 성공 경로를 장담할 수 없다.","마윈은 예상보다 큰 돈과 사람에 대한 신뢰를 얻자 30% 조건과 텐센트 결제, 향후 강산의 물류회사 독점계약까지 스스로 받아들인다.","강산은 미래 알리바바 계열 30%와 후속 투자 우선권을, 마윈은 창업 전 4,000만 달러와 결제·물류 인프라를 확보한다.",돈|지위|관계|세계,강산의 중국 포트폴리오는 텐센트 49%에 마윈 미래회사 30%까지 더해지고 중국 IT 양대 축이 결제망으로 연결된다.,현태제철은 대양의 태보 입찰 소문에 위기감을 느끼고 3조 부채를 두고 대응회의를 연다.,마윈 투자액 | 마윈 지분율 | 추가 투자 우선권 | 텐센트 결제·물류 연계,현태제철의 대양 접촉 | 마윈 회사 설립과 물류망 | 변경된 미래의 불확실성,ARC-020,high
124,124화,이혼 후 재벌 각성(개정판) 124화,31320,31613,현태제철은 대양이 태보 입찰에 나서면 채권 탕감과 업계 1위 계획이 무너질 수 있다고 판단한다.,강산을 애송이로 보는 현태와 중공업 진출을 탐내는 대현을 동시에 움직여 가짜 다자 경쟁판을 만든다.,현태가 강산과 직접 거래하게 만들고 대현의 입찰 참여를 끌어내 반도체·제철·조선 교환 협상력을 높인다.,"마윈 회동 직후 조현경에게 식사를 청하고, 현태제철은 강산만이 대양의 철수를 결정할 수 있다고 보고 면담을 추진한다.","현태제철 사장은 강산을 한낱 애송이로 무시하고, 대현은 자금이 부족하며 조현경은 도움의 대가를 반드시 요구할 인물이다.",조현경은 아버지보다 먼저 강산이 태보를 원하지 않고 현태 반도체를 노려 대현까지 바람잡이로 쓰려 한다고 정확히 추론한다.,현태와 대현 양쪽이 태보 인수판에 들어오고 조현경은 강산의 전략을 이해하는 대등한 사업상대로 입지를 증명한다.,관계|지위|세계,태보 매각은 대양·현태 양자전에서 대현까지 얽힌 다자 협상판으로 넓어지고 강산의 상대가 전문경영인에서 그룹 총수급으로 올라간다.,"조현경이 대현의 참여 대가로 무엇을 요구할지, 강산의 저녁 회동에서 정해진다.",현태제철의 대양 접촉 결정 | 조현경의 태보 전략 추론,대현의 참여 대가 | 대양 조선 교환 | 현태 반도체 협상 | 현태 총수와의 면담,ARC-020,high
125,125화,이혼 후 재벌 각성(개정판) 125화,31614,31900,현태제철은 책임자끼리 만나자며 강산을 불렀고 조현경은 대양 조선을 대가로 요구할 계획이다.,상대가 애송이로 취급하는 순간부터 격을 뒤집고 전자결제 기술·중공업 교환·총수 담판을 동시에 준비한다.,현태의 실무자급 회동을 거부해 왕주형 회장을 협상장으로 끌어내고 대현 거래에 쓸 자산과 인재를 확보한다.,"현태제철 사장 대신 왕 회장이 나오라고 통보하고, 완성된 전자상거래 대리결제 시스템을 확인한 뒤 유지광의 이탈 고민을 붙잡으려 한다.","현태제철 사장은 모욕감을 느끼고 유지광은 자신이 만든 기술을 들고 독립할 유인이 크며, 조현경은 대양 조선을 노린다.","강산의 급을 낮춰 보던 현태제철 사장은 결국 아버지인 왕 회장에게 보고하러 가고, 유지광의 시스템은 실제 개발 완료된다.",강산은 현태 총수와 직접 협상할 지위를 강제하고 세계 전자상거래에 쓸 첫 결제 시스템이라는 가시적 기술성과를 얻는다.,지위|능력|관계,강산은 재계가 상대를 고르는 애송이가 아니라 상대의 급을 지정하는 대주주로 서고 유지광은 독립 가능한 개발자로 성장한다.,강산은 자신감을 얻은 유지광에게 어떤 보상과 족쇄를 함께 줄지 직접 묻는다.,현태제철의 면담 요청에 대한 답 | 전자결제 시스템 개발,유지광 잔류 협상 | 왕주형 회장 담판 | 조현경의 조선 매입 조건,ARC-020,high
126,126화,이혼 후 재벌 각성(개정판) 126화,31901,32200,유지광은 결제 시스템을 완성해 독립을 고민하고 강산은 그를 계속 써야 한다.,망나니였던 유지광을 지분 가진 사장으로 승격해 사람에 투자한 보상을 실제 지위와 자산으로 돌려준다.,유지광을 대양 시스템에 장기 결박하면서 글로벌 전자상거래·모바일 소프트웨어 개발 책임자로 키운다.,대양 시스템 사장직과 지분 10%를 제안하고 독립회사와 대양의 규모 차이를 설명하며 선택할 시간을 준다.,"유지광은 월급사장에 만족하지 못하고 부친 자금으로 독립할 수 있으며, 강산의 제안에는 한성시트 거래 의존이라는 사실상 압박도 숨어 있다.",강산은 유지광의 야망을 막지 않고 세계 전자상거래 보스가 될 가능성과 10% 소유권을 제시하며 결정을 본인에게 돌린다.,유지광은 과장·하수인에서 공동창업자 후보로 인정받고 강산은 아마존·이베이를 합친 회사라는 새 비전을 구체화한다.,지위|관계|능력|돈,유지광과 강산의 관계가 강제노동에 가까운 상하관계에서 선택권과 지분을 가진 동업관계 후보로 재평가된다.,김말숙은 태보 철강 인수자금을 마련할 수 있다며 강산에게 다음 행동을 묻는다.,유지광에게 줄 보상 | 대양 시스템 사장·지분 제안,유지광의 최종 수락 | 김말숙의 태보 입찰 위장 | 아마존·이베이 통합형 사업,ARC-020,high
127,127화,이혼 후 재벌 각성(개정판) 127화,32201,32522,김말숙은 태보 인수자금을 만들 수 있고 대양·현태의 양자전은 다자전으로 확대될 수 있다.,강산저축은행과 대현을 가짜 경쟁자로 올린 뒤 대양 제철을 현태에 비싸게 팔아 반도체·달러를 챙기는 진짜 거래를 밝힌다.,네 갈래 입찰전으로 현태를 압박하고 조현경과의 저녁 협상에서 대현이 원하는 자산과 강산의 대가를 맞춘다.,김말숙에게 현태가 찾아오면 대출하는 척하라고 하고 대양 제철을 현태에 고가 매각할 계획을 털어놓은 뒤 조현경과 한식당 협상을 시작한다.,"김말숙은 재혼 문제까지 떠보고 조현경은 사업과 결혼 양쪽에서 강산을 압박하며, 다자전은 각 세력의 승계욕을 자극한다.",강산은 태보를 사는 것이 아니라 현태에 대양 제철을 팔고 현태 반도체까지 노린다고 김말숙에게 공개한다.,김말숙의 자금망이 강산의 협상 배후로 확정되고 조현경은 즉석밥·중국시장 아이디어까지 내며 강산과 대등한 통찰을 보여준다.,돈|관계|세계,태보 경쟁판의 목적이 인수에서 자산 교환·현금화로 선명해지고 강산의 재혼 후보·사업 동반자 평가도 조현경과 곽지은 사이에서 다시 열린다.,대현 내부에서 조현철이 조현경·강산 연합을 견제하며 후계전쟁을 준비한다.,김말숙이 인수자금을 쓸 방식 | 대양 제철 고가매각 의도,조현경과의 구체 거래 | 대현 후계자 전쟁 | 현태의 사채 담보 | 강산의 재혼 선택,ARC-020,high
128,128화,이혼 후 재벌 각성(개정판) 128화,32523,32776,조현경의 성과로 대현 후계 구도가 흔들리고 차남 조현철은 강산을 사생아라 무시한다.,대현 3남매의 서로 다른 그릇과 욕망을 드러내 태보 입찰이 그룹 왕자의 난으로 번지는 과정을 보여준다.,직접 등장하지 않고도 대현 형제들이 각자 강산·조현경을 의식해 움직이게 만들어 내부 균열을 협상 카드로 키운다.,"조현철의 참모 한동철은 태보 철강을 승계 계단으로 제시해 강산과의 회동을 추진하고, 장남 조현우는 중공업 진출이 패착임을 간파한다.","조현철은 오만하고 조현우는 소심해 보이며, 대현의 혈족전이 폭주하면 강산의 조선 매각 협상도 예측 불가능해진다.",스스로 총수 그릇이 아니라고 인정하던 조현우가 조현철의 왕자의 난 제안을 듣고 적통과 회장 욕심을 다시 붙든다.,대현 장남·차남 모두 태보와 강산을 중심으로 움직이기 시작해 조현경까지 포함한 3자 승계전이 실제 행동 단계로 진입한다.,관계|지위|세계,대현의 후계 불만은 암중 경쟁에서 형제가 전화를 주고받는 왕자의 난 모의로 격화되고 강산은 모든 진영이 구하는 외부 자금·동맹이 된다.,조현우가 자신을 적통이라 부르던 임원들에게 정말 욕심을 내보겠느냐고 묻는다.,조현철이 강산을 만날 이유 | 조현우의 중공업 판단,조현우의 선택 | 조현철·강산 회동 | 대현 3남매 왕자의 난,ARC-020,high
129,129화,이혼 후 재벌 각성(개정판) 129화,32777,33087,조현우는 회장 욕심을 되살렸고 강산과 조현경은 태보 철강과 대양 조선의 맞교환 조건을 논의한다.,조현경이 선덕여왕 야망과 결혼·합병 구상을 공개하고 강산이 그녀를 동맹인 동시에 제거할 경쟁자로 재평가한다.,대현을 태보 입찰 바람잡이로 쓰고 대양 조선을 현금화하되 조현경에게 그룹까지 잠식당하지 않는다.,조현경의 대현 총수 지원 요청을 듣고 대양 조선 매입가를 협상하며 1월 안 회장 취임과 중공업 철수 계획 일부를 인정한다.,"조현경은 강산의 의도를 모두 읽고 조선에 2조만 제시하며, 결혼으로 대양·대현을 합쳐 자신의 자식에게 넘기겠다는 더 큰 야망을 드러낸다.",강산은 조현경의 통찰과 야망을 보고 최고의 동맹이 아니라 자신까지 먹을 위험한 경쟁자라 판단해 살생부 맨 위에 올린다.,대현의 태보 입찰 참여와 대양 조선 2조 매입 의향이 확보되고 조현경의 진짜 목표·약점이 강산에게 노출된다.,관계|지위|돈,강산과 조현경의 관계는 유력한 결혼·사업 동맹에서 서로 이용하면서 최종 지배권을 다투는 잠재적 적대관계로 변한다.,강산은 조현경을 견제할 히든카드로 망나니 차남 조현철을 만나러 간다.,조현경의 대가 | 대양 조선 첫 제시가 | 조현경의 총수 야망,조현경 제거 구상 | 조현철 연합 | 대양 조선 최종 가격 | 대양·대현 결혼합병 가능성,ARC-020,high
130,130화,이혼 후 재벌 각성(개정판) 130화,33088,33386,강산은 대양 자동차 매각을 거절하고 조현경을 견제하기 위해 조현철을 만나러 간다.,"대현·현태의 총수 후보들이 모두 강산의 판 위에 오르고, 철강 매각 뒤에도 원료 지배권을 남기는 장기 수를 공개한다.",현태 왕주형 회장과의 직접 담판을 확정하고 대현 내부의 대안을 확보하며 호주 철광석 선점으로 중공업 재진입 기반을 남긴다.,"현태 그룹의 부자 회의가 포항제철 변수와 대양제철 인수 필요를 깨닫게 만들고, 강산은 호주 철광석 출장·광산 투자를 지시하며 조현철 회동으로 향한다.","현태는 포항제철까지 상대해야 하고 대양해운은 부실하며, 대현 승계전에 깊이 들어갈수록 조갑수와 세 자녀 모두를 적으로 만들 수 있다.",왕주형 회장은 강산이 자신을 기다린다는 것과 철광석·운송이 철강의 핵심임을 간파하고 직접 만나기로 한다.,"강산은 조현경 외의 대현 카드와 현태 총수 담판 일정을 동시에 얻고, 철강 회사를 팔아도 호주 원료권으로 미래 지배력을 남기는 전략을 세운다.",지위|능력|세계,협상은 계열사 사장들의 신경전에서 그룹 총수끼리의 자산 재편으로 격상되고 중공업 철수는 광산 선점이 포함된 일시 후퇴로 재정의된다.,돼지국밥 회동 전 강산은 조현철의 커리어를 확인해 대현을 무너뜨릴 인물인지 시험하려 한다.,왕주형 회장 직접 회동 | 자동차 매각 여부 | 호주 철광석 선점 방향,조현철 커리어 평가 | 왕주형과 대양 제철 가격 담판 | 조갑수의 반격,ARC-020,high
131,131화,이혼 후 재벌 각성(개정판) 131화,33387,33672,대현 장남 조현우는 차남의 왕자의 난 제안을 미끼로 조현경과 먼저 담판하고 강산은 조현철을 만난다.,자기 그릇을 아는 장남의 이중동맹과 망나니 차남의 파괴력을 비교해 대현 승계전의 진짜 판도를 보여준다.,조현철의 성향과 성공·파괴 가능성을 커리어 스킬로 확인해 조현경을 견제할 수 있는지 판단한다.,"조현우는 자신이 과도기 회장, 조현경이 부회장이 되고 뒤에는 아들 조태훈에게 넘기는 동맹안을 제시하며, 강산은 룸살롱에서 조현철의 연합 제안을 듣는다.","조현우는 거부 시 차남과 손잡거나 아버지에게 호소하겠다고 압박하고, 조현철은 강산의 이혼과 출신을 건드리며 무례하게 우위를 점하려 한다.","소심해 보이던 조현우는 자신을 정확히 알고 명분·과도기·후계까지 계산한 협상가로 드러나고, 강산은 조현철의 커리어에서 대현을 말아먹을 적성을 확인한다.",조현경에게 장남이라는 내부 동맹 후보가 생기고 강산은 조현철이 대현 흡수 전략의 히든카드가 될 수 있다는 확신을 얻는다.,관계|지위|능력,대현 후계전은 단순 삼남매 경쟁에서 서로를 속이는 다중동맹전으로 바뀌고 조현철은 강산에게 이용가치 있는 파괴자로 분류된다.,커리어 결과를 본 강산이 빙고라고 웃으며 조현철과 실제 자산 거래를 시작한다.,조현우가 고를 동맹 | 조현철의 파괴 가능성,조현우·조현경 과도기 동맹 | 조현철과 중공업 거래 | 조갑수의 진짜 후계 의도,ARC-020,high
132,132화,이혼 후 재벌 각성(개정판) 132화,33673,33996,조현경은 조현우의 과도기 동맹을 받아들이고 강산은 조현철을 대현 붕괴 카드로 검토한다.,세 남매 모두와 엇갈린 동맹을 맺어 조갑수라는 끝판을 끌어내고 중공업 매각 가격도 경쟁시킨다.,조현철에게 대양 중공업 매입과 왕자의 난을 약속하게 하면서 조현경까지 같은 편인 척 묶어 조갑수 퇴진 판을 만든다.,"조현철에게 중공업 철수와 조현우의 이중접촉을 알려 3조 매입 제안을 받고, 회동 직후 조현경에게 전화해 세 남매가 함께 움직이다 마지막에 그녀가 차지하라는 시나리오를 제안한다.","조현철은 자동차까지 탐내고 반말로 강산을 자극하며, 조현우·조현경은 서로도 완전히 믿지 않고 조갑수는 왕자의 난을 역이용할 수 있다.",강산은 한 진영을 고르지 않고 조현철·조현우·조현경 모두에게 다른 역할을 주어 먼저 조갑수를 퇴진시키는 것이 핵심이라고 결론낸다.,조현철에게서 3조 매입 의향을 받아 조현경의 2조 제안을 넘어서는 가격 경쟁이 생기고 조현경도 삼자 연합안을 수락한다.,돈|관계|지위,대현 왕자의 난은 강산이 뒤에서 조율하는 조갑수 퇴진 작전으로 바뀌고 대양 중공업 가격은 형제 경쟁으로 상승한다.,조현경은 결혼까지 해야 완벽하지 않겠느냐며 사업동맹을 혼인동맹으로 끌어올린다.,조현철 연합 수락 | 조현철의 매입 제시가 | 세 남매를 활용할 1차 시나리오,조갑수 퇴진 | 조현경과 약혼·결혼 연출 | 대현 지주회사 지분전,ARC-020,high
133,133화,이혼 후 재벌 각성(개정판) 133화,33997,34325,강산과 조현경은 조갑수를 끝판으로 규정했고 결혼 연출까지 동맹 카드로 거론된다.,대현 지주사 매집의 실제 움직임을 포착하는 한편 유지광의 종속감에 지분·세계시장이라는 보상을 확정한다.,대현 지분전에서 섣불리 오발하지 않고 조갑수의 진짜 금고를 찾으며 유지광을 대양 시스템 공동창업자로 붙잡는다.,"대현 계열사 주가와 대현생명 매집을 감시하다 기존 대현여행 매수 지시를 중단하고, 유지광에게 지분 10%와 나스닥 상장 비전을 재확인한다.","조갑수는 지주회사 변경을 숨기고 모든 세력이 같은 종목을 노리며, 유지광은 한성시트 매출 70%가 대양자동차에 묶인 사실상 종속을 깨닫는다.",강산은 모두가 보는 대현생명·대현여행이 진짜 표적이 아닐 수 있다고 판단해 김말숙의 매수를 멈춘다.,유지광은 독립 대신 대양 시스템 사장·지분 10%를 최종 수락하고 강산은 조급한 지분투자에서 한 발 물러나 손실을 피한다.,관계|지위|돈|능력,유지광은 공동창업자로 확정되고 대현 인수전은 공개 매집을 따라가는 싸움에서 숨은 지주축을 찾는 정보전으로 바뀐다.,강산은 대양 시스템을 이베이형 기업으로 키우고 유지광에게 다음 모바일 소프트웨어 과제를 제시하려 한다.,유지광의 최종 선택 | 대현여행 즉시 매수 여부,조갑수의 진짜 지주회사 | 대양 시스템 후속 제품 | 대현 지분 매집 주체,ARC-020,high
134,134화,이혼 후 재벌 각성(개정판) 134화,34326,34608,유지광은 대양 시스템 사장·지분 10%를 받아들였고 강산은 글로벌 전자상거래 플랫폼으로 키우려 한다.,"결제 시스템 다음 단계로 모바일 인터넷 소프트웨어와 우회상장, 가구·게임까지 연결된 사업 생태계를 확장한다.",유지광에게 스마트폰용 서비스 선행개발을 맡기고 1년 안 상장·준재벌 보상을 약속해 장기 몰입을 확보한다.,"컴퓨터 아닌 휴대전화 인터넷과 게임·서비스 소프트웨어를 지시하고 내년 1월 3일 우회상장, 부친 한성시트 투자 미팅을 잡는다.","피처폰도 낯선 시대라 유지광은 망상으로 여기고, 세계시장 진출에는 막대한 기술·자본과 미래 왜곡 위험이 따른다.",강산은 휴대전화 인터넷이라는 구체 제품축과 상장 날짜까지 제시하며 유지광의 10%가 내년이면 준재벌 자산이 될 것이라 선언한다.,유지광의 변신은 직함에서 실제 지분·상장 기대수익으로 이어지고 한성시트에도 별도 보상 투자가 예고된다.,능력|지위|돈|세계,대양 시스템은 결제 프로그램 회사에서 모바일 플랫폼·나스닥 상장을 겨냥한 글로벌 기술기업으로 목표가 격상된다.,현태 왕주형 회장과의 순대국 담판을 앞두고 강산은 INC소프트의 과금·게임플랫폼 실적을 더 강하게 밀어붙인다.,유지광 수락 후 역할 | 대양 시스템 상장 계획 | 한성시트 보상 미팅,모바일 인터넷 소프트웨어 | 한성시트 신규 사업 | INC소프트 수익화 | 왕주형 담판,ARC-020,high
135,135화,이혼 후 재벌 각성(개정판) 135화,34609,34895,강산은 왕주형과의 담판장으로 가며 INC소프트를 PC방 의존 없이 업계 1위 플랫폼으로 만들려 한다.,지분·과금·정규직·부가판매로 디지털 사업을 정비한 뒤 재계 거두와 태보·대양제철 본협상에 진입한다.,국내 게임사를 지분으로 묶고 PC방 수익성과 노동 충성도를 높인 뒤 왕주형에게 다자 입찰 압력을 체감시킨다.,"게임사 투자·인수 TF, 대양PC 10% 정규직 전환, 고급 커피·라면 판매, 확률상자·PK 강화를 지시하고 왕주형에게 김말숙까지 입찰 경쟁자라고 말한다.",게임사들은 플랫폼 입점을 꺼리고 과금은 이용자 반발을 낳으며 정규직화는 영업이익을 낮추고 왕주형은 태보 채무 3조를 방패로 든다.,"강산은 대양PC를 단순 게임 유통망이 아니라 고용·식음·플랫폼 지배망으로 바꾸고, 지하금융 자금까지 태보 입찰에 들어온 듯 왕주형을 압박한다.","INC소프트 흥행 기반과 게임사 지분전략, PC방 정규직·부가매출 모델이 구체화되고 왕주형과의 탐색전은 본론 직전까지 간다.",돈|관계|세계,강산의 디지털 사업은 개별 투자에서 이용자·고용·유통·지분을 묶은 생태계로 커지고 현태는 태보를 싼값에 단독 인수할 수 없게 된다.,강산이 왕주형에게 서로 본론을 말하자고 하며 대양 제철 매각 조건을 꺼내려 한다.,INC소프트 수익화 방향 | 게임사 플랫폼 편입 방법 | 대양PC 수익·고용 보완책,대양 제철 매각가 | 왕주형의 결단 | 조갑수의 숨은 지분 이동,ARC-020,high
136,136화,이혼 후 재벌 각성(개정판) 136화,34896,35168,조갑수는 자식 누구에게도 물려줄 생각 없이 덫을 팠고 강산은 왕주형과 대양 제철 가격을 협상한다.,"조갑수의 진짜 독점욕을 공개하고, 강산이 대양 제철 4조라는 기준가로 현태의 욕망과 포항제철 변수를 압박한다.",왕주형에게 대양 제철을 사야 태보·포항제철을 이길 수 있다는 계산을 심어 최고가·달러 거래를 끌어낸다.,대양 제철 4조를 부르고 자산가치·태보 경쟁·포항제철의 정부 동원 가능성을 차례로 제시하며 즉답을 요구한다.,"왕주형은 4조가 부채 포함 가치의 두 배라 반발하고, 청와대는 포항제철 강제인수 방안을 검토하며, 조갑수는 자녀 모두를 속인다.",대통령은 민정수석의 권력남용 경고를 듣고 포항제철 압박을 포기해 재계 자율매각판을 열어둔다.,왕주형은 대양 제철을 사야 포항제철까지 막을 수 있다는 논리에 붙들리고 협상장을 떠나지 않은 채 추가 흥정에 들어간다.,관계|지위|세계,태보 매각의 정부 변수는 약해지고 강산·왕주형의 사적 빅딜이 업계 판도를 결정할 핵심 경로로 부상한다.,왕주형이 소주를 더 마시며 4조 제안을 검토하고 최종 가격 흥정이 다음 회차로 넘어간다.,조갑수의 후계 의도 | 포항제철 정부압박 여부 | 대양 제철 최초 호가,왕주형 최종 가격 | 현금·달러 지급 방식 | 조갑수 금고지기,ARC-020,high
137,137화,이혼 후 재벌 각성(개정판) 137화,35169,35441,왕주형은 대양 제철 4조 호가를 검토하고 대양 제철 사장은 자신이 팔릴 줄 모른 채 태보 인수를 기대한다.,4조 흥정을 3조 2천억 달러 거래로 결착해 IMF 때 세 배가 될 실탄을 실제로 확보한다.,대양 제철을 현태에 넘기되 가능한 최대의 달러를 받고 자동차·전자·문화·IT 중심의 새 대양을 선언한다.,"중공업 철수와 사업영역 비충돌을 약속하고 4조에서 3조 5천억, 달러 지급 시 3조 2천억으로 조건을 낮춰 왕주형의 결단을 유도한다.","현태는 리비아 달러까지 털고 대출해야 하며 유동성 위기를 감수해야 하고, 강산은 아버지가 키운 제철을 팔아 내부 반발을 떠안는다.",왕주형은 강산의 사생아 콤플렉스 연출을 꿰뚫으면서도 해외투자자라는 독자 노선을 인정하고 결국 달러 3조 2천억 거래를 수락한다.,강산은 환율 급등 시 약 10조가 될 달러 실탄과 재계 거두의 인정을 얻고 현태는 업계 1위로 갈 대양 제철을 확보한다.,돈|지위|관계|세계,강산은 중공업 유산의 보유자에서 대형 자산을 달러로 재배치하는 투자 총수로 바뀌고 현태는 과도한 차입 인수자가 된다.,왕주형은 거래 직후 강산이 언제 대양 그룹 회장에 취임할지 묻는다.,대양 제철 최종 매각가 | 지급 통화 | 왕주형의 구두 수락 | 강산의 산업 정체성,주주총회 승인 | 현태 유동성 위기 | 대양 내부 반발 | 회장 취임,ARC-020,high
138,138화,이혼 후 재벌 각성(개정판) 138화,35442,35709,왕주형은 대양 제철 3조 2천억 달러 인수를 수락했고 남은 절차는 주주총회 승인과 실무계약이다.,빅딜의 관계적 여진과 재혼 제안을 보여준 뒤 조갑수·대양 내부 승인전으로 다음 문을 연다.,왕주형의 확약을 굳히고 대양 조선 매각 가능성까지 흘리며 회장 취임·주총 국면으로 안전하게 넘어간다.,"제철 매각안과 회장 선임안을 같은 주총에 올리겠다고 밝히고, 왕주형의 손녀 왕혜은 소개를 계약에 영향 주지 않게 받아들인 뒤 조사 지시를 내린다.","혼담을 거절하면 계약 감정이 상할 수 있고 받아들이면 정략결혼 압박이 커지며, 강산은 돈만 좇는 자신의 미래와 행복을 처음 진지하게 묻는다.","왕주형은 거래 대가가 아니라 가장 아끼는 손녀의 행복을 위해 소개한다고 선을 긋고, 식당 할머니도 왕혜은이 그의 보물이라고 증언한다.","강산은 왕주형과 손자뻘로 가까워지고 총수급 인정을 받으며, 차지혜에게 개인 행복도 재혼 판단 기준이라는 조언을 얻는다.",관계|지위|감정,왕주형과의 관계는 거래 상대에서 가족 인연 가능성을 논하는 후견자 관계로 가까워지고 강산의 재혼 기준도 순수 이익에서 행복까지 넓어진다.,조갑수의 비서실장이 빠른 만남을 요청하며 대현 승계전의 늙은 왕이 강산을 찾는다.,왕주형 구두합의 재확인 | 왕혜은 소개 수락 | 강산의 재혼 판단 원칙,왕혜은 정체와 만남 | 조갑수 회동 | 주총 제철 매각·회장 선임,ARC-020,high
139,139화,이혼 후 재벌 각성(개정판) 139화,35710,35937,대양 제철 외부 매각은 구두 합의됐지만 내부 주주와 아버지 시대의 충신들은 아무것도 모른다.,외부 협상에서 얻은 달러 빅딜을 긴급 주주총회와 신임 회장 취임이라는 실제 권력 보상으로 전환한다.,제철 매각과 회장 선임을 통과시키고 조광현 사장의 반발을 적대가 아닌 과도기 충성으로 바꾼다.,"조갑수 면담을 일부러 미루고 다음 주 긴급 주총을 지시한 뒤, 대양 제철에 평생을 바친 조광현에게 매각 사실을 직접 알리러 간다.","대양 제철은 허준수 시대의 상징이고 조광현은 12년 사장·초기 지지자라 배신감이 크며, 현태 역시 달러 1조 2천억이 부족해 유동성 위험을 안는다.",강산은 아버지의 시대와 자신의 시대 사이에 선을 긋고 문화·콘텐츠·투자 중심의 새 대양을 주총에서 선언하기로 한다.,왕주형은 실제 달러 조달에 착수하고 조갑수는 강산이 자신을 만나주지 않자 오히려 초조해져 협상 주도권이 강산에게 넘어온다.,지위|관계|세계,서사는 외부 자산거래에서 대양 내부 정통성·승계 승인전으로 옮겨가고 강산은 숨은 설계자에서 공개 전면에 선다.,제철 25년의 충신 조광현이 자신이 팔릴 줄 모른 채 강산을 맞으면서 정면충돌이 예고된다.,제철 매각 뒤 다음 절차 | 조갑수 즉시 면담 여부,조광현 설득 | 긴급 주주총회 | 대양 회장 선임 | 현태 달러 조달,ARC-021,high
140,140화,이혼 후 재벌 각성(개정판) 140화,35938,36201,조광현은 태보를 인수해 대양 제철을 업계 1위로 만들 수 있다고 믿고 강산을 기대 속에 맞는다.,허준수의 제철 유산을 파는 배신처럼 보이는 결정에 정면으로 답하고 충신의 지지를 얻을 논리를 연다.,조광현에게 매각을 기정사실로 알리되 그를 제거하지 않고 결과 중심의 새 지도체제에 편입한다.,사장실을 비우고 조광현의 선택·충성을 확인한 뒤 대양 제철 매각 사실과 아버지 시대의 종말을 직설한다.,조광현은 허준수가 독재정권 외압을 막아 지킨 용광로라며 격렬히 반발하고 강산이 아버지를 부정한다고 비난한다.,강산은 허준수가 정치자금과 스위스 계좌로 굴복한 비밀까지 알고 있음을 보여 조광현의 과거 독점정보와 권위를 무너뜨린다.,"조광현은 강산이 아버지의 숨은 역사까지 아는 진짜 후계자임을 확인하고, 강산은 적을 만들기보다 처음이자 마지막 이해를 요청할 기회를 확보한다.",관계|지위|감정,조광현의 기대는 배신감과 분노로 급전환하고 강산과의 관계는 혈통만 믿는 지지에서 실력·비밀·결과를 검증하는 시험대로 들어간다.,강산은 아직 이야기가 끝나지 않았다며 매각 뒤 재인수와 외환위기 계획을 설명하려 한다.,조광현에게 매각 직접 통보 | 조광현의 첫 반응,외환위기 근거로 조광현 설득 | 조광현 해임 또는 충성 | 양혜원 출산 결과,ARC-021,high
141,141화,이혼 후 재벌 각성(개정판) 141화,36202,36432,조광현은 대양 제철 매각을 아버지 유산에 대한 배신으로 받아들이고 강산을 불신한다.,OI의 실소유와 아시아 외환위기 시나리오를 공개해 매각이 포기가 아니라 재인수를 위한 후퇴임을 설득한다.,조광현에게 IMF 전 현금화 전략을 믿게 하고 주총에서 회장 선임과 제철 매각을 지지하게 만든다.,자신이 전설적 미국 투자법인 OI의 빅보스라고 밝히고 동남아 위기·일본 배신·어음 연쇄부도·현태 부실전염 시나리오를 설명한다.,"조광현은 근거 없는 억측이라 반박하고 대양 조선까지 팔 계획에는 경악하며, 강산의 예측이 틀리면 핵심 계열사를 영구히 잃는다.",강산은 현태가 태보의 채무를 출자전환하려 할 때 금융지원을 막아 부실을 퍼뜨린 뒤 모두 헐값에 다시 사겠다는 역인수 계획을 공개한다.,조광현은 매각이 용광로를 잠시 식히는 1보 후퇴일 수 있음을 이해하기 시작하고 강산의 거대 투자능력을 처음 인정한다.,관계|능력|세계,매각은 유산 파괴에서 IMF에 대비한 현금화·재인수 작전으로 재정의되고 조광현의 분노는 검토와 협상의 태도로 낮아진다.,강산은 모든 예측이 틀릴 경우 자신을 대신할 회장 자리까지 조광현에게 걸며 1년의 지지를 요구한다.,OI 빅보스 정체 | 대양 제철을 다시 살 방법 | 강산의 외환위기 근거 일부,조광현의 최종 지지 | 1년 후 실패 시 승계 | 호주 철광석 증거 | 양혜원 출산 결과,ARC-021,high
142,142화,이혼 후 재벌 각성(개정판) 142화,36433,36703,조광현은 강산의 외환위기 예측을 여전히 도박이라 여기지만 1년 후 결과로 판단할 여지는 생겼다.,호주 철광석 조광권이라는 물증과 실패 시 회장 승계 약속으로 충신을 완전히 강산의 사람으로 바꾼다.,조광현의 주총 지지와 대양 조선 사장 설득을 받아내고 김말숙의 지분담보 대출로 현태·대호 재인수 덫을 실행한다.,실패 시 조광현에게 위기 수습 회장직을 약속하고 호주 철광석 45% 조광권 서류를 보여준 뒤 김말숙에게 현태·대호 대출 담보를 지분으로 받으라고 전화한다.,"조광현은 일본의 지원 가능성과 예측 실패를 끝까지 지적하고, 강산은 핵심 자산 두 곳과 자신의 총수 자격을 1년 결과에 건다.",철강을 영구 포기할 사람이 가질 이유 없는 호주 광산 조광권이 제시되자 조광현은 강산을 회장님이라 부르고 완전히 따르기로 한다.,아버지의 25년 충신이 강산의 정책고문·대양 조선 설득자로 전환되고 지분담보 대출 덫도 실제 작동을 시작한다.,관계|지위|능력,강산은 혈통상 후계자에서 조광현이 자발적으로 회장이라 부르는 실질 지도자가 되고 내부 주총 반대의 핵심 축을 우군화한다.,차지혜가 양혜원의 출산 결과는 유전자 검사도 필요 없다고 보고하며 강산의 마지막 과거 고리가 열릴 참이다.,조광현 지지 | 호주 철광석 조광권 | 대양 조선 사장 설득 위임 | 현태·대호 지분담보 대출 지시,양혜원 아이의 친자 결과 | 조광현 정책고문 역할 | 주총 표결,ARC-021,high
143,143화,이혼 후 재벌 각성(개정판) 143화,36704,36994,조광현은 우군이 됐고 양혜원은 강산의 친자가 아닌 아이를 출산해 마지막 구설 위험만 남는다.,전처를 현실적으로 정리하고 주총 표결·대현 정보전을 위한 사전 공작을 끝낸다.,양혜원과 과거를 안전하게 분리하고 제철 매각 표결 및 대현 숨은 지분 추적에 필요한 수단을 확보한다.,"양혜원에게 미국 이주와 생활비를 제공하게 하고 주총꾼 동원·차명 대양제철 주식 매집을 지시하며, 양세찬 비서실장의 딸 불륜 사진으로 접촉을 승인한다.","전처 지원은 계속 비용이 들고 강제 이주는 도덕적 부담이 있으며, 사진 공작은 비열하고 발각되면 대현과 전면전이 된다.",강산은 합병 반대 주주의 주식매수청구권과 훗날 재인수에 쓸 차명 주식을 동시에 노리는 양수겸장 수를 둔다.,양혜원 구설 위험은 관리 가능한 해외 정착안으로 바뀌고 주총 표결·향후 재인수·대현 최측근 접촉이 모두 준비된다.,관계|돈|세계,"강산의 이혼 과거는 감정의 미결고리에서 비용을 지불하고 끊을 수 있는 행정 문제로 축소되고, 내부 승인전은 공작 실행 단계로 간다.",강산은 한성시트와 이케아형 합작을 시작하는 동시에 양혜원을 직접 만난 차지혜의 최종 정리를 기다린다.,양혜원 처리 원칙 | 주총 대응 방식 | 대양제철 차명 매집 지시,양혜원 미국 이주 수락 | 양세찬 포섭 | 한성시트 가구 합작 | 주총 결과,ARC-021,high
144,144화,이혼 후 재벌 각성(개정판) 144화,36995,37271,양혜원은 아이와 미국으로 가면 풍족한 지원을 받는다는 제안을 받고 과거를 후회한다.,"이혼 관계 파탄의 마지막 보상을 명시적으로 닫고, 새 투자 보상 뒤 주주총회 첫 안건을 폭발시킨다.",전처와 완전히 남남이 된 뒤 한성시트에 글로벌 DIY 가구·주방 인테리어 사업을 심고 주총을 개시한다.,"차지혜는 양혜원에게 생부의 신상까지 건네고, 강산은 한성시트와 1억 달러·지분 8:2 합작 및 온샘 가격전쟁을 약속한 뒤 5일 후 주총에서 제철 매각안을 상정한다.","DIY 가구는 국내 소비자의 귀찮음과 세계화 비용을 감수해야 하고 온샘을 말려 죽이는 가격전쟁은 초기 손실이 크며, 제철 매각은 500명 주주의 충격을 부른다.","양혜원은 고맙다고 말하며 자신의 잘못과 평범한 행복의 가치를 인정하고, 강산도 그녀의 행복을 바라며 과거를 완전히 놓는다.",이혼·불륜·친자 의혹의 관계 루프가 상호 단절과 생활 안전으로 종결되고 한성시트 사장은 대기업 성장 기회를 받는다.,관계|감정|돈|지위,"양혜원은 강산을 붙드는 가해적 전처에서 아이와 새 삶을 선택하는 독립 인물로, 강산은 과거에 대한 분노에서 무관심과 선의로 이동한다.",주총 사회자가 경쟁력을 잃은 대양 제철을 현태에 매각하겠다고 선언해 장내 시간이 멈춘다.,양혜원 미국 이주 수락 | 아이 생부 정보 | 강산과 양혜원의 관계 | 한성시트 합작 조건,대양 제철 매각 표결 | 강산 회장 선임 표결 | 봄꽃·제우스 사업,ARC-021,high
145,145화,이혼 후 재벌 각성(개정판) 145화,37272,37541,대양 제철 매각안이 돌연 상정돼 주주들은 충격에 빠지고 강산은 준비한 주총꾼과 지분표를 쥐고 있다.,제철 매각과 회장 선임을 실제 표결로 통과시키고 3조 2천억 달러 입금까지 가시적 성과로 지급한다.,주총 난장판을 통제해 두 안건을 가결하고 현태의 자금조달 덫과 IMF 대비 달러 전환을 완성한다.,"주총꾼과 경호실로 반발을 눌러 표결을 진행하고 제철 매각 55:45, 회장 선임 76:24를 얻어 취임한 뒤 현태에 계약금을 받고 김말숙의 지분담보 대출을 작동시킨다.","45%가 매각에 반대하고 현태는 달러 7천억이 부족해 사채·은행대출로 유동성을 소진하며, 정부는 태보에 최소 2조 공적자금을 검토한다.",강산의 신임 회장안이 압도적으로 통과되고 현태가 정식으로 3조 2천억을 입금한 직후 태국 금융·주식시장이 흔들리기 시작한다.,강산은 대양 그룹 2대 회장에 취임하고 3조 2천억 전액을 달러로 확보해 외환위기 때 약 세 배 가치가 될 실탄을 손에 넣는다.,지위|돈|관계|세계,강산은 배후 대주주에서 공식 총수가 되고 대양은 중공업 중심 그룹에서 문화·IT·투자 중심 재편을 실행할 권력과 달러를 확보한다.,1997년 2월 태국 위기가 시작된 가운데 새 회장은 두 번째 매각 대상인 대양 조선과 파업을 마주한다.,대양 제철 매각 표결 | 강산 회장 선임 | 현태 대금 조달 | 3조 2천억 입금·달러 전환,대양 조선 매각 | 태국발 외환위기 | 현태의 담보지분 회수 | 태보 공적자금,ARC-021,high
146,146화,이혼 후 재벌 각성(개정판) 146화,37542,37836,강산은 대양 회장과 3조 2천억 달러를 얻었고 이제 대양 조선 매각과 IMF 디데이를 준비한다.,조선 노조 파업과 대현의 숨은 금고를 동시에 공략하면서 새 회장의 실행조직·물류 생태계를 펼친다.,대양 조선 매각 저항을 협상으로 통제하고 대현의 진짜 지배종목을 찾아 다음 인수·합병 실탄을 정확히 투입한다.,조광현에게 노조 핵심을 본사로 부르게 하고 봄꽃·제우스·미국 항공택배·로켓배송을 실행한 뒤 양세찬과 비밀 미팅에 나선다.,"대양 조선 강성노조가 파업하고 대통령도 매각을 우려하며, 조갑수는 조현경에게 대현관광이라는 거짓 표적을 흘려 강산 자금까지 소진하려 한다.","조현경과 강산은 이미 약혼 연출·거짓 정보 역이용 시나리오를 짰고, 조갑수는 그녀를 속였다고 믿으며 오히려 함정에 깊이 들어간다.","강덕수는 대양투자개발 사장, 조광현은 정책고문, 차지혜는 정식 그룹 비서실장으로 재배치되고 가구·택배 신사업이 법인화된다.",지위|관계|능력|세계,새 회장의 체제가 직함과 실행조직으로 굳어지고 중심 갈등은 제철 승인에서 조선 노조·대현 지배권 정보전으로 전환된다.,대양 조선 노조위원장이 강산의 직접 협상 호출을 받아 본사로 올라갈지 결정한다.,강덕수·조광현·차지혜의 새 직책 | 봄꽃·제우스 투자 집행 | 국내외 택배회사 착수,대양 조선 노조 협상 | 양세찬 비밀 미팅 | 대현 진짜 지주축 | 조현경 약혼 연출,ARC-022,high
147,147화,이혼 후 재벌 각성(개정판) 147화,37837,38133,대양 조선 노조는 본사 협상 호출을 두고 갈등하고 강산은 강화도에서 조갑수의 30년 비서 양세찬을 만난다.,비열한 사진 공작을 일회성 접촉권으로 돌려주고 양세찬의 충성·가족·보상 결핍을 흔들어 대현 금고 정보에 접근한다.,양세찬에게 딸의 약점을 돌려주며 조갑수보다 나은 현실적 보상을 제시해 숨은 지주축 정보를 얻는다.,"불륜 사진과 원본 필름을 건네 사과하고 30년 충성에도 지분 없이 머슴으로 남은 현실, 외손자 승계가 신기루일 가능성을 차례로 지적한다.","양세찬은 사진 사찰에 격분하고 조갑수가 과거 강산을 도운 은인임을 상기시키며, 배신은 자신의 30년과 가족 미래를 부정하는 선택이다.",강산이 사진을 협박용으로 보관하지 않고 칼국수 한 끼의 대가로 돌려주자 양세찬은 술을 나누며 속내와 흔들림을 처음 드러낸다.,적대적 접촉은 대화와 잠정 신뢰로 바뀌고 강산은 양세찬이 돈보다 외손자의 미래와 30년의 의미를 원한다는 핵심 욕망을 파악한다.,관계|감정|정보,양세찬은 조갑수의 철벽 최측근에서 포섭 가능한 상처 입은 사돈으로 재평가되고 노조위원장도 직접 대화가 가능한 상대임이 드러난다.,조현경이 전화로 대현관광이라는 표적을 알려주지만 강산은 즉시 거짓정보라고 판단한다.,양세찬 접촉 성사 | 사진 원본 반환 | 노조위원장의 본사행 의향,대현 진짜 지주축 | 양세찬의 최종 선택 | 조현경 정보의 역검증 | 칼국수집 청년 투자,ARC-022,high
148,148화,이혼 후 재벌 각성(개정판) 148화,38134,38440,강산은 대현관광이 거짓 표적임을 알지만 양세찬도 진짜 지주회사를 아는지 확신할 수 없다.,허탕처럼 보인 최측근 포섭에서 별도 금고지기라는 실마리를 얻고 대양 조선에는 대호라는 새 구매자를 붙인다.,대현 지배자금의 실무자를 찾아 추적을 이어가고 조선 매각가를 대현·대호 경쟁으로 높일 새 판을 만든다.,"양세찬에게 통장 보상을 내밀고 대현보험 여부를 떠보며, 바지락 칼국수집 청년의 요식업 성공확률 99%를 확인한다. 한편 대호는 대양 조선 2조 5천억 인수를 추진한다.","양세찬은 대현관광·보험 모두 아니며 자신도 진짜 계좌를 모른다고 하고, 남의 집안싸움에 끼어들지 말라는 진심어린 경고까지 건넨다.",조갑수의 차명계좌는 비서실장이 아니라 장삼수라는 가명 추정의 별도 금고지기가 관리한다는 새로운 실마리가 나온다.,"강산은 오발 투자 1조를 피하고 장삼수 추적 단서를 얻으며, 대호그룹이 대양 조선에 2조 5천억을 부를 잠재 경쟁자로 들어온다.",정보|돈|관계|세계,양세찬은 배신 공작의 정보원이 아니라 은퇴를 택할 독립 인물로 이동하고 대현 공략은 종목 추측에서 금고지기 추적으로 정교해진다.,"양세찬의 신파적 은퇴 선언 직후 차지혜에게 긴급전화가 걸리고, 대호·대현·노조가 얽힌 조선 매각전은 다음 회차로 열린 채 남는다.",대현관광 거짓정보 판정 | 대현보험 여부 | 양세찬이 아는 정보의 한계,장삼수 추적 | 차지혜의 긴급전화 | 대호의 대양 조선 인수전 | 칼국수집 청년 투자 | 노조 본협상,ARC-022,high
149,149화,이혼 후 재벌 각성(개정판) 149화,38441,38699,양세찬에게 100억 원을 제시했지만 대현그룹 장악 구상은 실패한 상태다.,실패를 인정한 강산이 더 큰 IMF 판으로 목표를 갈아타는 선택을 본다.,대현그룹 인수 집착을 버리고 대양조선을 비싸게 넘긴 뒤 IMF 때 되찾을 발판을 만든다.,조갑수를 매수 후보로 끌어들이고 상수의 외식업에 투자하며 조현경에게 백화점 계열분리를 권한다.,첫 투자 실패를 받아들여야 하고 조현경과의 혼인·동맹 가능성도 정리해야 한다.,대양조선과 대양제철은 영구 매각이 아니라 IMF 전까지 맡겨두는 자산이라는 속내가 드러난다.,손실을 더 키우지 않고 조현경을 독립시키는 동시에 조갑수의 경쟁심을 매각가 상승 동력으로 바꾼다.,돈·관계·목표,대현그룹 인수자에서 대양조선 매각 설계자로 전환하고 조현경과는 사업 동반자로 선을 긋는다.,조갑수가 대호그룹의 관심을 알아채며 대양조선 가격 경쟁이 열린다.,대현그룹 즉시 인수 시도 | 조현경과의 재혼 후보 관계,대양조선 고가 매각 | IMF 뒤 재인수 | 상수 외식업 투자,ARC-023,high
150,150화,이혼 후 재벌 각성(개정판) 150화,38700,38935,조갑수는 대양조선 인수 경쟁을 감지했고 조현경은 계열분리 조언을 실행하려 한다.,조갑수의 3조 비자금과 노조가 매각 가격을 어떻게 흔드는지 본다.,대현과 대호의 경쟁을 키우면서 대양조선 노조의 약점을 찾아 매각 조건을 유리하게 만든다.,호텔에 묵힌 노조를 회유하려 하고 조현경은 아버지에게 백화점 분리를 요구한다.,노조 접대 공략이 통하지 않고 조갑수는 장삼수에게 3조 비자금 현금화를 명령한다.,조갑수가 일본계 뿌리를 암시하며 숨겨둔 3조를 대양조선 인수에 투입할 준비를 끝낸다.,조현경은 반대하는 척하면서도 대현백화점을 넘겨받을 가능성을 현실화한다.,돈·지위,대양조선 인수전의 실탄이 구체화되고 조현경의 독립 지위가 가시화된다.,노조를 접대로 무너뜨리지 못한 강산이 직접 조건 협상에 나서야 한다.,,조갑수의 3조 비자금 투입 | 노조 직접 협상,ARC-023,high
151,151화,이혼 후 재벌 각성(개정판) 151화,38936,39119,조현경은 백화점을 얻었고 대양조선 노조는 매각 불안을 이용해 세습 채용까지 요구한다.,강산이 해고 공포와 고용 보장을 맞바꿔 노조를 설득하는 장면을 본다.,노조의 매각 반대를 거둬 거래 불확실성을 없앤다.,대호 매각 시 50% 해고와 대현 매각 시 고용 승계를 대비시키고 희망퇴직자에게 5년치 급여를 약속한다.,노조는 자녀 세습 채용을 원하고 협상 녹음이 공개될 위험도 있다.,강산이 녹음을 허용하고 매각 대금이 클수록 퇴직 보상도 커진다는 계산을 공개한다.,노조가 강산의 안을 진지하게 검토할 수밖에 없는 선택지로 받아들인다.,관계·돈,노사 대립이 무조건 반대에서 매각 상대와 보상액을 고르는 협상으로 바뀐다.,상식 밖의 5년치 급여를 왜 주는지 비밀이 남는다.,,희망퇴직 5년치 보상 이유 | 노조의 최종 선택,ARC-023,high
152,152화,이혼 후 재벌 각성(개정판) 152화,39120,39296,노조는 고용 승계와 5년치 급여 사이에서 결정을 내려야 한다.,강산의 냉혹한 노무 개편과 IMF 재인수 계획이 연결되는 방식을 본다.,노조의 동의를 얻고 미래 재인수 때 필요한 저비용·정규직 체질을 미리 만든다.,"매각 불발 시 정규직 30% 감원과 동일노동 동일임금, 중국 매각 가능성을 제시한다.",정규직 임금 삭감과 계약직 정규직화는 기존 노조 기득권을 직접 건드린다.,희망퇴직자를 내보낸 뒤 2~3년 안에 조선을 되사 계약직을 정규직화하려는 계획이 드러난다.,노조가 30분 안에 실리적 결정을 내릴 수밖에 없는 구조가 완성된다.,관계·능력,매각 협상이 단순 고용 보장에서 향후 인력 구조조정 설계로 확장된다.,노조가 대현 매각을 받아들일지 최종 표결이 임박한다.,,2~3년 뒤 대양조선 재인수 | 계약직 정규직화,ARC-023,high
153,153화,이혼 후 재벌 각성(개정판) 153화,39297,39503,OI펀드는 21조 원으로 불었고 노조는 강산이 만든 양자택일 앞에 서 있다.,금융 수익과 정보전이 조선 매각을 동시에 밀어붙이는 장면을 본다.,노조 동의를 얻고 대호·대현의 가격 경쟁을 자극한다.,태국 바트화 3조 공매도를 준비하고 매수해 둔 대호 전략기획실장을 통해 중국의 5조 제안을 흘린다.,김대호 회장은 외환 위기 가능성을 무시하고 정보의 신뢰성도 의심한다.,노조가 어느 상대에게 팔아도 좋다며 파업과 임금 인상 요구를 모두 거둔다.,대양조선 매각의 가장 큰 내부 장애물이 제거된다.,돈·관계,조선 매각은 노조 분쟁 단계에서 구매자 간 가격 경쟁 단계로 넘어간다.,강산이 노조에 다시 만날 날과 닥칠 IMF를 암시한다.,대양조선 노조의 매각 반대 | 임금 인상 요구,바트화 공매도 수익 | 노조와의 재회,ARC-023,high
154,154화,이혼 후 재벌 각성(개정판) 154화,39504,39770,노조 장애물은 사라졌고 대호와 대현이 대양조선을 두고 경쟁한다.,강산이 어느 매수자를 택해 미래 환매 이익을 극대화할지 본다.,조갑수의 비자금을 최대한 끌어내 대현의 IMF 이후 성장 여력을 없앤다.,대호가 IMF에 무너질 가능성을 계산하면서도 조갑수에게 4조 원을 제시한다.,대호에 팔면 대양조선과 대호조선을 함께 되찾는 이점이 있어 선택 비용이 크다.,대현의 3조 비자금을 소진시키는 것이 단순 매각가보다 큰 전략적 보상으로 떠오른다.,조갑수에게 4조라는 명확한 결승선을 던져 거래를 최종 국면으로 끌고 간다.,돈·목표,구매자 선택 기준이 최고가에서 경쟁 그룹의 현금 고갈까지 넓어진다.,"조갑수가 4조를 받아들일지, 김대호와 담합할지가 남는다.",,대현 비자금 4조 소진 | 대호·대현 가격 담합 가능성,ARC-023,high
155,155화,이혼 후 재벌 각성(개정판) 155화,39771,39994,조갑수는 4조 제안을 받았고 강산은 현태자동차와 전기차 미래도 준비 중이다.,거래전 한복판에서 전처 양혜원의 삶이 완전히 갈라지는 관계 보상을 본다.,대현의 담합을 경계하면서 전기차·배터리·리튬 사업 기반을 넓힌다.,김 여사와 현태자동차 담보·전기차 계획을 논의하고 조갑수의 김대호 접촉을 예상한다.,조갑수와 김대호가 가격 담합을 시도할 수 있고 자동차 투자에는 장기 자본이 든다.,양혜원이 알래스카에서 아이의 친부 브라운을 찾아 그와 사우디로 떠나기로 한다.,양혜원은 월 3만 달러의 안정과 새 가족을 얻고 한국으로 돌아오지 않는 삶을 택한다.,관계·돈,강산의 파탄 난 전혼은 복귀 가능성 없이 닫히고 양혜원은 브라운의 아내로 재출발한다.,조갑수와 김대호의 가격 담합 협상이 실제로 성사될지 남는다.,양혜원의 아이 친부 찾기 | 강산과 양혜원의 재결합 가능성,현태자동차 전기차·배터리·리튬 투자,ARC-023,high
156,156화,이혼 후 재벌 각성(개정판) 156화,39995,40214,양혜원 관계는 닫혔고 조갑수와 김대호가 매각가 담합을 모색한다.,담합을 뚫고 현금 매각을 확정하는 마지막 협상 수를 본다.,대호와 대현 중 현금 4조 이상을 낼 구매자를 확정한다.,김대호에게 4조2천억 원을 요구하고 전자 계열사 대신 현금만 받겠다고 못 박는다.,김대호는 현금이 부족하고 강산은 미래 일지 덕분의 성공이 가짜 능력처럼 느껴진다.,대한은행이 가진 대양조선 1조5천억 채권은 나중에 출자전환해 지배력을 회복할 카드다.,조갑수·김대호의 담합은 불신으로 무너지고 협상 주도권이 강산에게 돌아온다.,돈·능력,거래는 자산 교환이 아닌 전액 현금 경쟁으로 좁혀지고 환매용 채권 카드가 확인된다.,대한은행이 왜 대양조선 채권을 쥐고 있는지 숨은 의도가 남는다.,조갑수·김대호 가격 담합 가능성,대한은행 채권의 출자전환 | 금 수출 선물 기회,ARC-023,high
157,157화,이혼 후 재벌 각성(개정판) 157화,40215,40443,김대호는 4조2천억 현금을 마련하지 못해 대현의 4조가 유력해졌다.,대양조선 매각 직전 강산이 정치권과 선을 긋고 IMF 체제로 들어가는 모습을 본다.,매각을 현금으로 끝내고 불법 정치자금 없이 외환 위기 사업을 준비한다.,김대호의 계열사 대물변제를 거절하고 3월 1일 회의에서 정치자금 금지와 청와대 거리두기를 선언한다.,정치적 보호막을 스스로 줄이고 곧 닥칠 위기에서 독자적으로 버텨야 한다.,대양조선은 2월27일 대현그룹에 4조 원으로 매각됐음이 확정된다.,강산은 원하던 전액 현금을 확보하고 대현의 비자금을 소진시킨다.,돈·관계·지위,대양조선 소유권은 대현으로 넘어가고 대양은 정치 중립·현금 중심 비상경영으로 이동한다.,매각대금까지 합친 현금으로 그룹 체질을 어떻게 바꿀지가 남는다.,대양조선 매수자 경쟁 | 대양조선 4조 현금 매각,정치 중립 경영 | IMF 비상 사업,ARC-023,high
158,158화,이혼 후 재벌 각성(개정판) 158화,40444,40663,대양조선 매각이 끝나 대양은 제철·조선 현금 7조5천억과 부동산 1조5천억을 확보했다.,매각 대금이 빚 없는 그룹과 미래 산업으로 전환되는 물질 보상을 본다.,그룹 부채와 어음 의존을 없애고 전기차 연구에 장기 투자한다.,총 9조 원으로 그룹 채무를 전액 상환하고 약속어음 거래를 중단하며 전기차 연구를 명령한다.,단기 외형과 거래 관행을 포기하고 연구비를 오래 묻어야 한다.,대현조선은 50% 감원을 완료하고 희망퇴직자에게 약속한 5년치 급여를 지급한다.,대양그룹 부채비율 0%와 현금결제 체제가 완성되고 조갑수의 아들들은 승계 수단을 잃는다.,돈·지위·능력,대양은 빚 없는 위기 대응 그룹이 되고 조현경은 독립 백화점 주인이 된다.,현금결제가 협력사와 노사 관계를 어떻게 바꿀지가 다음 문제로 넘어간다.,매각대금 사용처 | 희망퇴직 5년치 보상 | 대양그룹 채무,전기차 연구개발 | 현금결제 상생 정책,ARC-023,high
159,159화,이혼 후 재벌 각성(개정판) 159화,40664,40871,대양은 부채 0%와 현금결제 체제를 갖췄고 조현경은 대현백화점 독립을 준비한다.,강산의 새 경영 원칙이 동맹·협력사·노동자에게 실제 이익으로 번지는 장면을 본다.,조현경과의 관계를 사업 동맹으로 정리하고 협력사 현금결제로 산업 생태계를 붙든다.,조현경과 지분 관계를 확정하고 금향오디오에 현금결제 이익을 임금 인상으로 돌리게 한다.,조현경과의 감정적 여지를 끊어야 하고 현금결제로 그룹의 단기 유동성이 묶인다.,조갑수가 죽은 아내에게 저녁을 묻는 말실수로 치매 징후를 보인다.,금향오디오는 어음 할인 손실 없이 약 20% 이익을 얻고 노동자도 인상분을 받게 된다.,관계·돈,강산·조현경은 연애 가능성 대신 지분으로 연결된 사업 동맹이 되고 협력사는 현금 생태계에 편입된다.,조갑수의 치매 징후가 대현그룹 승계전에 어떤 균열을 낼지 열린다.,강산·조현경의 애매한 관계,조갑수 치매 | 협력사 이익의 임금 환원,ARC-024,high
160,160화,이혼 후 재벌 각성(개정판) 160화,40872,41086,현금결제 상생 정책이 협력사에 이익을 만들었고 강산은 이를 그룹 노동정책으로 확대한다.,동일노동 동일임금이 강성 정규직 노조와 충돌하는 실제 대가를 본다.,대양자동차 계약직을 정규직화하고 생산직 임금 체계를 통합한다.,정규직 임금을 낮춰 계약직과 같게 만들고 파업 시 공장 폐쇄·인도 이전을 경고한다.,노조는 세습 채용과 임금 기득권을 지키려 파업을 가결한다.,노진구의 동생 노한구가 회사의 함정임을 간파하고 젊은 조합원에게 파업 중단을 설득한다.,계약직 정규직화가 선언되어 비정규직에게 즉각적인 지위 보상이 생긴다.,관계·지위,정규직 대 회사 구도가 정규직 기득권 대 계약직 평등 구도로 재편된다.,노조가 함정을 알면서도 실제 파업에 들어갈지가 걸린다.,,대양자동차 파업 | 인도 공장 이전 위협 | 노한구의 내부 반대,ARC-024,high
161,161화,이혼 후 재벌 각성(개정판) 161화,41087,41303,대양자동차 파업이 예고됐고 대통령은 외환 위기 경고를 여전히 무시한다.,강산이 노사전 뒤에서 경제 관료와 은행까지 배치하는 준비력을 본다.,IMF에 대비할 경제 부총리와 금융 회수선을 미리 확보한다.,차지혜·차수빈·유지광·대한은행장·강덕수·청와대 수석들을 호텔에 모아 강덕수를 경제 부총리로 밀기로 한다.,대한은행장은 자신이 부총리가 되길 바라며 대통령도 일본계 자금 이탈 위험을 믿지 않는다.,강산은 은행장에게 위기 때 대양지주 지분 14.5%를 되찾는 더 큰 역할을 맡긴다.,측근들의 이해를 조정해 강덕수 임명 공작과 지분 회수 계획을 동시에 세운다.,지위·관계,노동정책 싸움이 국가 경제 인사와 금융 지배권을 준비하는 다층 작전으로 넓어진다.,강덕수를 실제 경제 부총리 자리에 앉힐 수 있을지가 남는다.,,강덕수 경제 부총리 임명 | 대양지주 14.5% 회수 | 일본 자금 이탈,ARC-024,high
162,162화,이혼 후 재벌 각성(개정판) 162화,41304,41531,강산은 강덕수 임명과 대양지주 지분 회수를 위한 측근 합의를 마쳤다.,정치 인사 공작과 자동차 노조 압박이 실제 결과로 이어지는 장면을 본다.,강덕수를 경제 부총리에 앉히고 파업 노조의 기득권을 무너뜨린다.,"한국은행·학계·청와대를 움직여 3월21일 강덕수 임명을 성사시키고 공장 폐쇄, 무급 전임자, 복수노조, 인도공장을 발표한다.",파업이 15일째 이어지고 생산 중단 손실과 강경 경영 비난을 감수한다.,강산은 세습 채용을 언론에 공개하는 동시에 계약직 전원을 정규직화한다.,경제 부총리 인선이 뜻대로 끝나고 노조는 여론·생산·조직 세 축에서 고립된다.,지위·관계,강덕수는 국가 경제 책임자가 되고 자동차 노조의 독점적 교섭 지위는 무너진다.,노조가 공장 폐쇄 최후통첩 앞에서 굴복할지 남는다.,강덕수 경제 부총리 임명,노조 최후통첩 | 복수노조 체제,ARC-024,high
163,163화,이혼 후 재벌 각성(개정판) 163화,41532,41786,강덕수 임명은 끝났고 대양자동차 노조는 공장 폐쇄와 여론 악화에 몰렸다.,파업 결승점과 동시에 강산의 철강 확장·혼맥 계획이 열리는 장면을 본다.,노조 항복을 받아내면서 부도난 삼마특수강을 선점한다.,전임 제철 사장을 불러 삼마를 가격 불문 인수하라 하고 왕주형에게 저녁과 손녀 소개를 요청한다.,왕그룹도 삼마를 노리고 노조·계약직 시위가 언론 앞에서 정면 충돌한다.,"노조에는 공장 폐쇄 최후통첩이, 계약직에는 정규직화 약속이 동시에 제시된다.",삼마 인수팀과 왕씨 가문 혼맥 접점이 즉시 가동된다.,돈·관계·목표,방어적 노사전 속에서도 특수강 인수와 왕혜은 만남이라는 다음 성장축이 열린다.,노조의 항복 여부와 왕주형의 삼마 양보 여부가 겹쳐 걸린다.,,삼마특수강 인수 | 왕혜은 소개 | 노조 최종 선택,ARC-024,high
164,164화,이혼 후 재벌 각성(개정판) 164화,41787,42038,자동차 노조는 폐쇄 직전이고 삼마특수강·왕혜은 만남이 새 판으로 떠올랐다.,노조 굴복 뒤 노동자 가족이 받는 대체 보상과 왕혜은의 첫 평가를 본다.,세습 채용을 없애되 노동자 자녀에게 더 공정한 교육 사다리를 제공한다.,노조 요구를 철회시키고 노동자 자녀의 박사·유학까지 전액 지원하며 임금 인상률을 3%로 제한한다.,노조에 채용 특혜와 고율 임금 인상을 포기시키고 장기 교육비를 부담해야 한다.,왕혜은을 만나려 희망보육원에 트럭 세 대를 보냈지만 그녀는 상업적 선행인지 먼저 의심한다.,파업은 끝나고 노동자 가족은 세습 채용보다 넓은 교육 지원을 실제로 얻는다.,관계·지위·돈,대양자동차는 동일 규율·교육 복지 체제로 안정되고 강산은 왕혜은의 검증대에 오른다.,왕혜은이 강산의 선행을 진심으로 받아들일지가 남는다.,대양자동차 15일 파업 | 세습 채용 요구 | 계약직 정규직화 갈등,왕혜은과의 관계 | 전국 보육원 지원,ARC-024,high
165,165화,이혼 후 재벌 각성(개정판) 165화,42039,42304,자동차 파업은 교육 복지로 봉합됐고 왕혜은은 희망보육원에서 강산의 의도를 시험한다.,전처와의 파탄 뒤 강산이 아이들과 나눔을 통해 감정적 온기를 회복하는 장면을 본다.,왕혜은에게 보여주기식이 아닌 지속 가능한 보육원 지원을 증명한다.,"100년 생리대 지원, 전국 보육원 확대, 500명 신축 건물, 운영비·PC·인터넷, 그룹 이익 5% 환원을 약속한다.",막대한 장기 비용을 약속해야 하고 왕혜은은 재벌 홍보용 선행을 경계한다.,왕혜은이 강산을 아이들과 놀게 하고 아이들의 포옹이 강산에게 낯선 행복을 준다.,왕혜은의 경계가 누그러지고 강산은 더 많이 나누겠다는 내적 동기를 얻는다.,감정·관계·돈,강산의 자선은 혼맥용 연출에서 지속적 사회 환원 원칙과 정서 회복으로 바뀐다.,"대양제지가 의료용품·물류로, 그룹은 문화콘텐츠로 확장될 가능성이 열린다.",왕혜은의 첫 선행 검증,왕혜은과의 교제 | 5% 사회 환원 | 문화콘텐츠 사업,ARC-025,high
166,166화,이혼 후 재벌 각성(개정판) 166화,42305,42543,왕혜은과의 관계가 시작됐고 삼마특수강 인수전과 미래산업 투자가 병행된다.,"혼맥과 철강, 태양광, 거대 파생상품이 한 장기 성장 설계로 묶이는 모습을 본다.",삼마를 확보하고 포항제철 민영화·차세대 에너지·IMF 수익을 준비한다.,"투명 태양광·그래핀을 10년 연구하게 하고 코스피 400·환율 2700에 2조 원, 100배 파생상품을 건다.",연구 성과가 10년간 없어도 버텨야 하고 파생상품 실패 시 2조를 잃는다.,왕주형은 삼마 입찰보다 강산을 손녀사위로 얻는 편이 크다고 보고 경쟁에서 물러난다.,삼마 인수 경쟁이 사실상 정리되고 장기 기술 연구와 IMF 대박 베팅이 동시에 선다.,돈·관계·능력,왕씨 가문은 경쟁자에서 혼맥 후보가 되고 강산의 철강 목표는 포항제철까지 커진다.,왕주형의 저녁 자리에서 손녀와 철강 목표를 어떻게 밝힐지가 남는다.,왕그룹과 삼마특수강 경쟁,포항제철 민영화 인수 | 투명 태양광·그래핀 연구 | 2조 파생상품,ARC-025,high
167,167화,이혼 후 재벌 각성(개정판) 167화,42544,42865,왕주형은 삼마를 양보했고 강산은 왕혜은과의 공식 맞선을 앞둔다.,강산이 가문 동맹을 숨기지 않고 연애와 사업을 동시에 협상하는 장면을 본다.,왕씨 가문의 신뢰를 얻고 왕혜은과 첫 데이트를 성사시킨다.,자신의 출생을 숨긴 결혼 실패 책임을 인정하고 포항제철 목표를 밝히며 왕혜은에게 데이트를 청한다.,왕주형은 이전 결혼에서 출생을 숨긴 강산의 책임을 지적하고 철강 충돌을 경계한다.,강화짬뽕은 강산과 상수가 50대50으로 투자한 외식업이라는 사실이 공개된다.,왕주형은 강산이 처가 철강을 빼앗지 않겠다는 약속을 믿고 왕혜은과의 데이트가 잡힌다.,관계·지위,왕씨 가문과 강산은 경쟁 철강가에서 투명한 혼맥·사업 동맹 후보로 바뀐다.,조현경이 아버지의 치매를 확인하고 강산에게 연락한다.,왕주형과의 삼마 경쟁 | 왕혜은 첫 소개,왕혜은 첫 데이트 | 조갑수 치매 승계전,ARC-025,high
168,168화,이혼 후 재벌 각성(개정판) 168화,42866,43217,왕혜은과 첫 데이트가 잡혔고 조갑수의 치매가 대현 승계 위험으로 떠올랐다.,재벌 맞선이 보통 연애의 약속으로 바뀌고 대현 승계전이 끼어드는 변화를 본다.,왕혜은과 전략 결혼이 아닌 실제 교제를 시작한다.,대학로에서 치킨과 맥주를 먹고 평범한 삶을 원하는 왕혜은에게 오늘부터 1일을 제안한다.,왕혜은은 정략결혼만을 위한 관계를 거부하고 강산은 조현경의 긴급 연락도 함께 감당해야 한다.,왕혜은이 조현경의 치매 관련 전화를 듣고도 강산과의 공식 연애를 받아들인다.,두 사람은 첫날부터 연인 관계를 확정하고 왕가 쪽 보도로 공개 교제까지 가시화된다.,관계·감정,혼맥 후보였던 왕혜은은 강산의 연인이 되고 강산은 평범한 행복을 누릴 통로를 얻는다.,강산의 죽은 큰형과 관련된 비밀이 새 갈등으로 등장한다.,왕혜은 첫 데이트 | 정략결혼 여부,공식 연애 | 큰형의 비밀 | 대현 승계전,ARC-025,high
169,169화,이혼 후 재벌 각성(개정판) 169화,43218,43526,왕혜은과 공식 교제가 시작됐고 죽은 큰형의 동성 연인 문제가 강산 앞에 놓였다.,강산이 가문의 수치로 감춘 관계를 돈이 아닌 인정으로 갚는 선택을 본다.,큰형과 연인의 관계를 존중하고 유족 김대한의 진짜 요구를 확인한다.,1억 원 요구를 단순 합의금으로 보지 않고 김대한과 직접 만나며 왕혜은과의 약속도 지킨다.,아버지가 감춘 가문의 비밀을 공개해야 하고 조현경은 치매를 이용한 자금 지원을 요구하려 한다.,조현경은 오빠들과 손잡아 아버지를 밀어낼 계획을 세우지만 강산은 그녀보다 왕혜은과의 데이트를 우선한다.,강산은 과거처럼 야망 있는 관계에 끌려가지 않고 현재 연애와 가족의 잘못을 바로잡는 쪽을 택한다.,관계·감정,강산의 관계 기준이 사업적 유혹에서 약속·존중·가족 책임으로 이동한다.,김대한이 원하는 인정의 구체적 조건과 조갑수의 치매 진의가 남는다.,,큰형·연인의 공동 추모 | 김대한의 정체 | 조현경의 승계 자금 요청,ARC-025,high
170,170화,이혼 후 재벌 각성(개정판) 170화,43527,43780,강산은 큰형의 관계를 인정할 방법을 찾고 조현경은 조갑수 치매를 승계 기회로 본다.,가문이 지운 사랑을 공개적으로 복권하는 감정 보상과 반전된 승계 함정을 본다.,큰형과 연인을 함께 추모하고 아버지의 가해를 인정한다.,공동 제사·묘역을 허락하고 아버지가 연인을 죽음으로 몰았음을 공개하며 100억 원 배상을 제안한다.,선친의 명예를 스스로 훼손하고 가족의 성소수자 비밀을 감당해야 한다.,조갑수는 실제 치매지만 일부러 증세를 과장해 자녀 승계전과 강산의 개입을 시험하고 있다.,김대한은 돈으로 지워지는 대신 형의 사랑과 존재를 강씨 가문에서 공식 인정받는다.,관계·감정·지위,죽은 큰형의 관계가 가문 밖 비밀에서 공동 추모할 가족사로 복권된다.,김대한이 단순 유족이 아니라 강산의 미래 사업에 필요한 인물임이 암시된다.,큰형 동성 연인 은폐 | 김대한의 인정 요구,조갑수의 의도적 승계 시험 | 김대한의 경력,ARC-025,high
171,171화,이혼 후 재벌 각성(개정판) 171화,43781,44082,큰형 관계는 복권됐고 조갑수의 치매는 자녀를 시험하는 덫임이 드러났다.,감정적 화해가 스마트폰 인재 영입과 철강 인수라는 실물 성장으로 이어지는 장면을 본다.,김대한을 영입해 인터넷 휴대전화 사업을 시작하고 삼마특수강 인수를 마친다.,전 애플 수석연구원 김대한에게 100억 원 스카우트 비용을 주고 인터넷폰 개발을 맡긴다.,김대한은 상실을 안고 있고 대현 자녀들은 조갑수의 승계전 덫에 들어간다.,삼마특수강을 3천억 원에 전원 고용 승계로 인수해 대양특수강으로 바꾼다.,큰형 추모 인연이 핵심 연구 인재로 연결되고 철강 재진입도 실제 계열사로 완성된다.,능력·돈·관계,"김대한은 유족에서 미래 통신사업 책임자로, 삼마는 대양특수강으로 전환된다.",대양전자가 애플보다 앞선 인터넷폰을 만들 수 있을지 열린다.,김대한의 정체 | 삼마특수강 인수,인터넷 휴대전화 개발 | 포항제철 인수,ARC-025,high
172,172화,이혼 후 재벌 각성(개정판) 172화,44083,44390,김대한 영입과 대양특수강 인수가 끝나 미래 전자사업과 대현 승계전이 동시에 열린다.,새 가족·연애·철강 보상이 세계 1위 전자 구상으로 뻗는 다음 약속을 본다.,대양전자 역량을 스마트폰·배터리·반도체로 결집하고 조현경의 승계 자금 요구는 차단한다.,전자 부문을 모아 인터넷폰과 애플 지분 매수를 지시하고 조현경에게 먼저 형제 연합으로 아버지를 상대하라고 조언한다.,조현경은 유혹과 지분을 앞세워 돈을 요구하고 전자 1위 목표는 장기 경쟁을 부른다.,강산은 조현경의 접근을 거절하고 대현 형제들이 먼저 뭉쳐야 명성그룹까지 막을 수 있다고 판을 다시 짠다.,대양의 세계 1위 가전·배터리·폰·반도체 로드맵과 애플 3대 주주 계획이 구체화된다.,능력·관계·목표,강산은 혼맥과 가족 상처를 정리한 뒤 전자산업 세계전과 대현 승계 중재자로 이동한다.,조갑수의 입원과 외환 위기 현실화가 다음 국면을 강제로 연다.,조현경의 즉시 자금 지원 요구,대양 스마트폰 | 애플 3대 주주 | 대현 형제 연합,ARC-025,high
173,173화,이혼 후 재벌 각성(개정판) 173화,44391,44652,전자사업 로드맵은 섰지만 외환보유고는 30억 달러까지 줄고 조갑수는 승계 시험을 시작한다.,예고되던 IMF가 날짜와 기관을 가진 현실 위기로 전환되는 순간을 본다.,외환 위기 확정을 이용해 2조 파생상품을 200조로 만들고 대현부터 공략할 준비를 한다.,러시아·일본 지원 실패와 외환보유고를 점검하며 조갑수의 폐쇄병동 입원을 주시한다.,대통령은 위기를 숨기고 일본의 80억 달러 지원도 거절돼 국가 지급불능이 다가온다.,2조 원 규모 코스피·환율 파생상품이 위기 현실화 시 200조 원이 될 수 있음이 계산된다.,강산의 장기 경고가 실제 수치로 입증되고 준비한 자본이 작동할 시점이 온다.,세계·돈·목표,미래의 위기였던 IMF가 국가적 현재가 되고 강산의 중심 목표도 생존 준비에서 자산 회수로 바뀐다.,조갑수의 입원으로 대현 승계전이 시작되고 강산은 첫 먹잇감으로 대현을 본다.,IMF 발생 여부,200조 파생상품 수익 | 대현 승계전 | 국가 지급불능,ARC-026,high
174,174화,이혼 후 재벌 각성(개정판) 174화,44653,44912,조갑수는 폐쇄병동에 들어갔고 네 자녀는 대현 경영권을 나눌 기회를 잡았다.,미래 일지의 구체적 회수 날짜와 대현 승계 구도가 겹치는 정보 보상을 본다.,대현 형제 연합의 움직임을 보며 조선·포항제철·인천공항 회수 순서를 확정한다.,대현 형제들이 조현경을 임시 회장으로 세우는 회의를 관찰하고 미래 역사 일지를 재검색한다.,조현경은 오빠들의 꼭두각시가 될 수 있고 미래 기록도 강산의 개입으로 물음표로 변한다.,"대현조선은 1998년 12월, 포항제철은 1999년 11월 대양으로 돌아오며 인천공항 인수자는 물음표다.",강산은 자산별 회수 시점과 조현경의 2001년 정식 회장 취임 기록을 얻는다.,정보·지위,대현 승계와 공기업 인수의 막연한 계획이 날짜가 있는 실행 목표로 바뀐다.,미래 기록을 보존할지 앞당길지 강산의 선택이 남는다.,,조현경 임시 회장 | 대현조선 1998년 회수 | 인천공항 인수자 물음표,ARC-026,high
175,175화,이혼 후 재벌 각성(개정판) 175화,44913,45182,대현 형제는 조현경 임시 회장 체제를 택했고 국가 위기는 청와대도 숨길 수 없는 단계다.,대통령의 직접 고백과 조현경의 권력 선택이 강산의 재인수 전략을 어떻게 돕는지 본다.,IMF 정보를 확보하되 급하게 자산을 사지 않고 대현의 자금 고갈을 유도한다.,대통령에게 IMF 사실을 듣고 국내 자산 방어 요청을 받으며 조현경에게는 위기 정보만 준다.,대통령은 국부 유출을 막아달라 요구하고 조현경은 운영자금이 필요하다.,조현경은 대현조선이 강산이 잠시 맡긴 자산임을 깨닫고 다시 아버지 조갑수 편에 선다.,강산은 돈을 쓰지 않고 조현경의 동맹 구도를 흔들며 대현 내부 분열을 키운다.,관계·지위·정보,조현경은 형제들의 임시 회장에서 아버지와 손잡은 독자 권력자로 이동한다.,조갑수는 명성그룹과 대양 소비재까지 탐내며 더 큰 거래를 요구한다.,대통령의 IMF 인정 여부,조현경·조갑수 재동맹 | 명성그룹과 대양 소비재 공략,ARC-026,high
176,176화,이혼 후 재벌 각성(개정판) 176화,45183,45444,대통령은 IMF를 인정했고 조현경은 대현 임시 회장으로 아버지와 손잡았다.,강산이 위기 직전 그룹 전체를 실제 현금·달러 방공호로 바꾸는 실행 보상을 본다.,환율 폭등과 신용 경색을 버틸 무차입·외화·현금 비상체제를 완성한다.,3조 루블을 달러로 바꾸고 계열사 유보금도 달러화하며 도이치뱅크에서 30억 달러 원화상환 채권을 발행하고 사업을 동결한다.,환전에서 500억 원을 손해 보고 해운 계약금 500만 달러도 포기한다.,대양특수강과 대양시스템만 남기고 모든 신규 프로젝트가 한 치의 반발 없이 멈춘다.,대양은 달러·엔·채권과 부채 0%를 갖춘 국내 유일의 위기 포식자 상태가 된다.,돈·능력·지위,대양그룹은 성장기 조직에서 IMF 전시경제 조직으로 완전히 전환된다.,4월25일 첫 부도 기업들이 나오며 준비한 자본의 사냥이 시작된다.,IMF 비상체제 준비,부도기업 인수 | 30억 달러 원화상환 차익,ARC-026,high
177,177화,이혼 후 재벌 각성(개정판) 177화,45445,45653,대양은 IMF 비상체제를 완성했고 한로소주와 한농이 첫 부도 대열에 들어섰다.,현금 방공호가 부실채권을 할인 매입하는 실제 경제적 재기로 전환되는 장면을 본다.,한로소주의 빚을 헐값에 확보해 주류 기업과 담보자산을 선점한다.,서민은행에 예금을 3천억에서 1조로 늘리는 대신 한로 3천억 채권을 50%에 넘기라고 제안한다.,은행은 손실 확정을 꺼리고 한로는 지급불능 직전이라 시간 여유가 없다.,강산은 부도 회사를 구하는 동시에 63빌딩·한전 부지·아파트 등 담보까지 반값에 노린다.,서민은행이 채권 매각 협상에 들어가며 강산의 위기 자본이 실물 지배력으로 움직이기 시작한다.,돈·목표,비축하던 현금은 국내 부실채권과 알짜기업을 먹는 공격 자본으로 전환된다.,한로 채권 50% 할인 거래가 체결될지 걸린다.,비상자금의 용도,한로소주 인수 | 담보 부동산 반값 매수 | 한농종묘 인수,ARC-027,high
178,178화,이혼 후 재벌 각성(개정판) 178화,45654,45901,강산은 한로소주 채권과 담보자산을 반값에 노리고 있다.,은행 협상 승리와 보육원 지원이 탐욕·보호의 양면 보상으로 함께 나오는 장면을 본다.,한로 채권을 확보하고 위기 속 사회지원망도 확대한다.,3천억 채권을 1천5백억에 사들이고 전국 500개 보육원·노인시설 식품 지원을 늘린다.,헐값 인수 비난을 감수하고 대규모 지원비와 홍보의 진정성 문제를 함께 떠안는다.,강산은 한로를 살릴 협상권을 가진 유일 채권자가 되어 회사에 직접 연락한다.,담보가 풍부한 3천억 권리를 절반 가격에 얻고 왕혜은과 시작한 복지도 전국 단위로 확장된다.,돈·관계,강산은 관찰자에서 한로의 생사를 정할 최대 채권자로 바뀐다.,한로가 강산의 현금 인수 조건을 받아들일지가 남는다.,서민은행 한로채권 협상,한로 경영권 협상 | 500개 시설 지원,ARC-027,high
179,179화,이혼 후 재벌 각성(개정판) 179화,45902,46179,강산은 한로의 최대 채권자가 됐고 크라운맥주를 통해 현금 인수를 압박할 수 있다.,주류 인수전과 대현조선 파업이 서로의 경영 능력을 시험하는 장면을 본다.,한로·크라운맥주를 묶어 주류 시장을 확보하고 한농 종자까지 선점한다.,한로에 현금 매각을 제안하고 한농 내부자를 움직이며 조현경은 600% 성과급 파업을 직접 수습하러 거제로 간다.,한로 경영진의 생존 저항과 대현조선 하루 100억 손실 파업이 거래 시간을 압박한다.,IMF 협상이 미래 일지보다 빨라지고 조현경은 회장 권위를 증명하려 현장행을 택한다.,강산은 크라운맥주 채권을 완전히 장악해 한로 협상에서 결정권을 얻는다.,돈·지위·관계,강산과 조현경은 각각 부도기업 인수자와 파업을 책임지는 실전 회장으로 시험대에 오른다.,한로 가격과 대현조선 파업의 승자가 동시에 가려질 판이다.,,대현조선 600% 성과급 파업 | IMF 일정 가속,ARC-027,high
180,180화,이혼 후 재벌 각성(개정판) 180화,46180,46375,한로는 매각 결정을 앞뒀고 IMF 협상은 예상보다 빨리 움직인다.,국가를 구할 자본을 왜 사익에 쓰는지 강산의 논리와 비용을 정면으로 본다.,부도기업 인수를 국가 자산의 해외 유출 방어로 정당화하고 한농 종자 매각을 성사시킨다.,강덕수와 책임 논쟁을 벌이며 준비한 국내 자본이 알짜 회사를 차지해야 한다고 설득하고 한농 은행권을 압박한다.,강덕수는 강산이 국가 위기를 막지 않은 도덕적 책임을 묻고 여론상 매국 비난이 커진다.,강산은 외국 자본 대신 자신이 먹어 고용과 국부를 지키겠다는 현실주의를 분명히 한다.,한농 내부자와 은행 압박이 맞물려 종자사업 인수선이 열린다.,관계·목표,강산의 탐욕은 개인 축재에서 국내 자산을 외자보다 먼저 흡수하는 방파제 논리로 재정의된다.,크라운맥주·한로 거래의 최종 금액이 곧 제시된다.,,강산의 국가 방파제 책임,ARC-027,high
181,181화,이혼 후 재벌 각성(개정판) 181화,46376,46552,강산은 한로 채권·크라운맥주를 장악했고 국부 방어 명분도 세웠다.,부도기업이 살아남고 강산은 브랜드·지분·고용을 얻는 다층 보상을 본다.,한로소주와 크라운맥주를 현금 투입으로 살려 주류 지배력을 만든다.,"채무 3천억 인수와 현금 1천억, 제3자 배정 3천억으로 한로 25%를 얻고 한성소주도 3천억에 사들인다.",기존 경영진을 제외한 고용 승계와 추가 운전자금 투입이 필요하다.,저도수 12도 참이슬과 퍼시픽맥주라는 새 상품·브랜드 전략이 제시된다.,한로는 최종 부도를 피하고 강산은 소주 지분·맥주 회사·한성소주와 전국 고용을 함께 얻는다.,돈·지위·능력,"강산은 채권자에서 주류산업 지배 주주로, 한로 노동자는 실업 위기에서 고용 유지로 이동한다.",한농종묘와 세계 종자·곡물 사업으로 인수가 확장된다.,한로 최종 부도 | 크라운맥주 인수 협상,참이슬 12도 | 퍼시픽맥주 | 세계 곡물 사업,ARC-027,high
182,182화,이혼 후 재벌 각성(개정판) 182화,46553,46783,한로는 살아났고 강산은 주류 시장의 핵심 지분과 브랜드를 확보했다.,기업 구제가 종자 주권과 세계 곡물 지배라는 더 큰 보상으로 이어지는 장면을 본다.,한농종묘를 헐값에 사서 세계 종자·농지 사업의 씨앗을 쥔다.,은행 압박을 이용해 가치 1천억 이상인 한농종묘를 500억에 사고 우크라이나·아르헨티나 농장과 다키이종묘를 계획한다.,정부는 비밀 IMF 협상에 들어가고 국내 기업 부도는 계속 늘어난다.,종자 인수는 단일 기업 매수가 아니라 세계 곡물 공급망 장악 계획의 출발점이다.,한로·퍼시픽 정상화에 이어 핵심 종자회사를 실제로 확보한다.,돈·능력·세계,강산의 위기 인수 포트폴리오가 주류에서 식량 안보와 글로벌 농업으로 확장된다.,다음 종자회사와 해외 농장이 실제 자산으로 연결될지가 남는다.,한농종묘 인수,다키이종묘 | 우크라이나 밀 농장 | 아르헨티나 콩 농장,ARC-027,high
183,183화,이혼 후 재벌 각성(개정판) 183화,46784,47017,부도기업 인수는 성과를 내고 있지만 5월2일 국가 금융위기는 더 깊어진다.,강산이 끝없는 매집 속에서도 시장에 최소한의 경고를 내는 양심의 비용을 본다.,폭락 자산과 특허를 선점하면서 대중에게 3분기 외환 위기 경고를 남긴다.,강산저축은행으로 부실채권·부동산을 95~98% 할인 매수하고 특허 중심 회사채·국내 투자사를 세우며 대양증권 경고 보고서를 준비한다.,경고를 내면 자신의 수익 기회를 줄이고 매국노 비판은 여전히 피할 수 없다.,10억 달러 루블 선물이 70억 달러가 됐고 만기에는 80~90억 달러까지 예상된다.,폭락 매수와 루블 수익이 동시에 현실화되며 러시아 가스전 투자 자금이 확보된다.,돈·관계·세계,국내 기업 사냥은 계속되지만 강산은 시장 경고와 러시아 자원 투자를 병행하는 국가적 행위자로 이동한다.,70~90억 달러를 러시아 천연자원에 투입할 다음 외부 전장이 열린다.,루블 선물의 1차 수익,대양증권 외환위기 경고 | 러시아 천연가스 투자 | 국내 특허 투자사,ARC-027,high
184,184화,이혼 후 재벌 각성(개정판) 184화,47018,47216,국내 부도기업 사냥으로 자산을 늘렸고 루블 선물 수익 70~90억 달러의 사용처가 남았다.,위기 수익이 러시아 자원·자동차·인터넷 세계화로 재투자되는 모습을 본다.,러시아 천연자원과 미래 검색·지도 인프라를 선점하고 국내 공장을 지킨다.,"러시아에 최대 90억 달러를 투자하고 대양자동차 증설·채용, 네모 검색·위성지도·앱스토어를 추진한다.",국내 기업들이 해외로 빠지는 불황에 역행해 고용과 공장을 늘리고 거액을 장기 자원사업에 묻어야 한다.,현태그룹도 러시아·반도체에서 강산을 따라 남기로 하며 혼맥 동맹의 실익이 나타난다.,국내 고용 방어와 글로벌 인터넷·자원 사업이 하나의 위기 이후 성장축으로 정렬된다.,세계·능력·관계,강산의 무대가 국내 부도기업에서 러시아 자원과 세계 인터넷 인프라로 이동한다.,"푸틴과의 직접 협상, 가하자동차 인수전이 다음 시험으로 열린다.",,러시아 자원개발 | 네모 위성지도·앱스토어 | 가하자동차 인수전,ARC-028,high
185,185화,이혼 후 재벌 각성(개정판) 185화,47217,47470,강산은 러시아 자원 투자를 추진하고 조현경은 대현그룹 의결권을 장악했다.,조현경의 권력 상승과 푸틴 접촉이 강산의 국내외 라이벌 축을 동시에 만드는 장면을 본다.,러시아 석유·가스 사업권을 푸틴 라인으로 직접 확보한다.,러시아에 50~100억 달러 투자를 제안하고 푸틴을 특정해 비밀 면담을 요구한다.,조현경은 조갑수의 금융대리인으로 최대 의결권을 갖고 대현조선 파업도 해결하지 못한 채 강산과 멀어진다.,푸틴이 강산의 비밀 접촉 제안을 받아들인다.,러시아 천연자원 협상이 관료 단계를 넘어 미래 최고권력자와의 직접 거래로 올라간다.,관계·지위·세계,"조현경은 대현 실권자로, 강산은 러시아 권력 핵심과 거래하는 국제 자본가로 격상된다.",푸틴 면담과 가하자동차 위기가 동시에 임박한다.,,푸틴 비밀 회담 | 조현경의 대현 장악,ARC-028,high
186,186화,이혼 후 재벌 각성(개정판) 186화,47471,47697,푸틴 면담이 잡혔고 바트·루블 파생상품 수익은 수십억 달러로 커졌다.,국가 구제 대신 구조개혁을 택한 강산이 러시아와 자동차 산업의 판을 바꾸는 선택을 본다.,파생 수익을 확보하되 한국 구제에는 쓰지 않고 러시아와 가하자동차 기회를 선점한다.,"바트 50억 달러, 루블 70~100억 달러 수익을 점검하고 푸틴과 만나며 가하자동차 상황을 분석한다.",한국 기업 32곳이 부도나고 강산이 지분을 가진 20곳도 위기에 처한다.,가하자동차가 예상보다 일찍 협조융자를 신청해 미래 인수자가 물음표로 바뀔 조짐을 보인다.,강산은 러시아 직접 협상과 국내 자동차 재편이라는 두 대형 기회를 동시에 손에 넣는다.,돈·세계·정보,파생 수익은 단순 현금에서 국제 협상력과 자동차 인수 선택권으로 변한다.,가하자동차를 강산이 먹을지 현태가 먹을지 경쟁이 열린다.,바트화 공매도 수익의 1차 확정,가하자동차 인수자 물음표 | 푸틴 자원 협상,ARC-028,high
187,187화,이혼 후 재벌 각성(개정판) 187화,47698,47924,가하자동차가 조기 매물화되고 강산과 현태자동차가 유력 인수 후보가 됐다.,혼맥 가문과 사업 경쟁자가 동시에 되는 독특한 관계 압박을 본다.,가하 인수전의 규칙을 자신에게 유리하게 만들고 푸틴 면담을 준비한다.,현태자동차와 공개 경쟁을 선언하고 청와대에 외국 자본 배제를 요구한다.,왕씨 가문은 아들과 미래 손녀사위 중 누구를 지지할지 갈리고 대통령은 가하 구제를 거부한다.,미래 일지의 가하자동차 인수자 이름이 물음표로 바뀌어 강산의 개입이 역사를 흔들었음이 확인된다.,가하는 정부 구제 대신 공개 매물로 나오고 강산이 승부할 수 있는 판이 열린다.,관계·정보·지위,현태는 단순 처가 후보에서 강산과 경쟁·협상할 대등한 자동차 세력으로 바뀐다.,누가 가하를 사거나 의도적으로 양보할지 다음 수가 남는다.,가하자동차 정부 구제 여부,강산·현태자동차 인수 경쟁 | 가하 인수자 변경,ARC-028,high
188,188화,이혼 후 재벌 각성(개정판) 188화,47925,48177,강산과 현태자동차가 가하 인수전에 나섰고 왕씨 가문도 선택을 고민한다.,강산이 당장의 자동차 제패보다 혼맥·전자 교환을 택하는 전략적 후퇴를 본다.,가하를 무리하게 먹지 않고 현태와 더 큰 자산 교환 기회를 만든다.,차지혜와 과잉 확장을 점검하고 인수전 철수·현태 우대 시나리오와 800억 달러 규모 퍼시픽펀드를 설계한다.,가하를 포기하면 자동차 1위 기회를 넘겨야 하고 왕가의 진의를 확신할 수 없다.,"파생상품 총수익은 1천억 달러, 환율 2400원 시 240조 원까지 갈 수 있음이 드러난다.",강산은 당장 하나를 차지하는 대신 현태그룹 전체와의 장기 통합·전자 인수라는 더 큰 선택권을 얻는다.,돈·관계·목표,가하 인수 목표가 경쟁 승리에서 전략적 양보와 혼맥 자산 교환으로 바뀐다.,왕씨 가문이 강산의 양보를 어떤 조건으로 받을지가 남는다.,,가하 인수전 전략적 철수 | 퍼시픽펀드 800억 달러 | 현태전자 매각,ARC-028,high
189,189화,이혼 후 재벌 각성(개정판) 189화,48178,48396,강산은 가하를 현태에 양보하고 더 큰 교환을 노리기로 했다.,혼맥 가족회의에서 자동차·전자 자산의 배분이 구체 거래가 되는 과정을 본다.,현태자동차의 가하 인수를 돕고 현태전자 협상 가능성을 연다.,청와대를 움직여 중국 자본을 배제하고 왕가 가족 저녁에서 양측 철수 시나리오를 준비한다.,현태그룹 내부 승계와 철강·자동차 분리는 복잡하고 정부는 매각 흥행을 원한다.,현태자동차 측은 1조 원 이하 인수를 위해 강산과 담합하는 방안을 먼저 제안한다.,강산이 원하던 협력 프레임을 상대가 스스로 꺼내면서 거래 주도권을 얻는다.,관계·돈,강산과 현태자동차는 경쟁자에서 가하 가격을 함께 낮출 협상 파트너로 이동한다.,가족 저녁에서 양보의 대가와 결혼 일정이 함께 논의될 차례다.,,가하 유찰 작전 | 현태 가족회의,ARC-028,high
190,190화,이혼 후 재벌 각성(개정판) 190화,48397,48675,현태자동차와 가하 유찰 협력이 가능해졌고 왕가 가족 저녁이 열린다.,사업 동맹과 평범한 가족 편입이 같은 자리에서 보상되는 장면을 본다.,가하 1차 입찰을 유찰시키고 왕혜은과 결혼 의사를 가족에게 확정한다.,혜은과 팔짱을 끼고 설거지하며 가을 결혼을 선언하고 양 그룹 모두 입찰 철회를 제안한다.,정식 프러포즈 없이 결혼을 공표해 왕혜은의 감정을 건드리고 정부 압박 가능성을 감수한다.,강산과 현태자동차가 동시에 철수해 가격을 낮춘 뒤 현태가 재입찰하도록 합의한다.,왕가가 강산을 가족으로 받아들이고 사업적으로도 가하 인수 비용을 낮출 공동전선이 선다.,관계·돈·지위,왕혜은은 공개 결혼 상대가 되고 왕씨 가문은 강산의 실질적 처가 동맹이 된다.,결혼 선언에 대한 왕혜은의 개인적 답과 현태전자 대가 협상이 남는다.,가하 인수전의 양측 경쟁,가을 결혼 | 정식 프러포즈 | 가하 유찰,ARC-028,high
191,191화,이혼 후 재벌 각성(개정판) 191화,48676,48962,강산과 현태자동차는 가하 유찰을 합의했고 왕가와의 결혼도 공개됐다.,가하 양보의 실제 대가로 현태전자를 얻는 협상과 반도체 세계전 약속을 본다.,가하 가격을 낮추고 현태전자를 대양전자에 편입한다.,노진구를 통해 가하 노조 파업을 유도하고 현태전자 매각 조건으로 입찰 철회를 협상한다.,노조 조작이라는 도덕 비용과 2조 원 인수금을 부담해야 한다.,현태전자를 2조 원에 사기로 하며 대양전자는 국내 최대 반도체 생산 능력을 얻는다.,"현태는 가하를 싸게 살 길을, 강산은 전자·반도체 핵심 계열사를 얻는다.",돈·능력·관계,가하 경쟁은 자산 맞교환으로 닫히고 대양전자는 대만·삼정과 싸울 국가 1위 규모가 된다.,러시아 에너지 거래와 현태의 달러 조달이 다음 조건으로 붙는다.,현태전자 매각 협상 | 강산의 가하 직접 인수,반도체 가격전쟁 | 러시아 에너지 사업,ARC-028,high
192,192화,이혼 후 재벌 각성(개정판) 192화,48963,49220,현태전자 2조 인수가 합의돼 혼맥 동맹의 사업 이익이 가시화됐다.,거대한 거래 뒤 왕혜은이 요구하는 사적인 사과와 프러포즈 보상을 본다.,현태의 IMF 자금 위험을 줄이고 왕혜은과의 결혼을 감정적으로도 완성한다.,현태에 단기 달러 차입을 조언하고 공동 재벌펀드를 제안하며 왕혜은에게 일방 결혼 발표를 사과한다.,왕주형은 공동펀드를 거절하고 왕혜은은 정식 프러포즈 없는 결혼을 받아들이지 않는다.,왕혜은은 전략 결혼이 아니라 자신에게 직접 하는 프러포즈를 요구한다.,강산은 왕가 식탁에서 처음으로 평화롭고 가족다운 행복을 체감한다.,관계·감정,사업적으로 성립한 혼맥이 강산이 사과하고 구애해야 하는 개인적 사랑으로 깊어진다.,프러포즈와 대통령의 가하 매각 개입이 이어질 차례다.,왕혜은의 결혼 선언 반응,정식 프러포즈 | 현태 단기 달러 차입,ARC-028,high
193,193화,이혼 후 재벌 각성(개정판) 193화,49221,49504,현태전자 거래와 혼인 동맹은 굳어졌지만 정부는 가하 유찰을 허용하지 않으려 한다.,강산이 대통령의 강압까지 예상해 가하 가격과 달러 조달을 통제하는 모습을 본다.,외국 매수를 막고 현태가 가하를 감당 가능한 가격에 사게 한다.,대통령에게 양측 불참과 외국 배제를 요구하고 현태는 도쿄은행에서 50억 달러를 대양 보증으로 빌린다.,대통령은 대양 세무조사를 준비하고 현태에 입찰 참여를 강제한다.,대통령의 강압은 강산이 예상한 수순이어서 대호 참여까지 차단한 채 현태만 남긴다.,현태는 50억 달러 실탄과 대양 보증을 얻고 가하 단독 유력 인수자가 된다.,돈·관계·지위,강산·현태 혼맥은 가족 약속을 넘어 정부 압박을 함께 버티는 금융 공동체가 된다.,가하 최종 가격과 푸틴 자원 협정이 결승점으로 남는다.,가하 인수 외국 자본 배제,정부의 대양 세무조사 위협 | 가하 2조 인수,ARC-028,high
194,194화,이혼 후 재벌 각성(개정판) 194화,49505,49750,현태는 가하 단독 인수에 필요한 달러를 확보했고 강산은 푸틴과 자원 협상을 시작한다.,자동차·농업·러시아 권력이 세계 규모로 결합하는 협상 장면을 본다.,현태에 가하 후속 기술을 지원하고 푸틴에게 러시아 자원·제조업 특혜를 받아낸다.,가하 가격을 2조로 안내하고 차량 소프트웨어·후방카메라를 제안하며 푸틴에게 우정과 대가를 건 거래를 제시한다.,러시아 권력과의 거래에는 사적 대가와 국제 정치 위험이 따른다.,"우크라이나 밀 10%, 아르헨티나 콩 20% 수준의 세계 공급망이 이미 구축됐음이 드러난다.",현태 가하 인수는 기술 지원까지 얻고 강산은 푸틴과 국가급 협상 당사자로 마주 앉는다.,세계·능력·관계,강산의 사업망이 한국 자동차를 넘어 세계 곡물·러시아 권력까지 연결된다.,푸틴이 천연자원·위성·무역 특혜를 어디까지 줄지 남는다.,,푸틴 최종 거래 | 차량 소프트웨어·후방카메라,ARC-028,high
195,195화,이혼 후 재벌 각성(개정판) 195화,49751,49973,강산은 푸틴과 러시아 자원·무역·우주 기술을 놓고 직접 거래 중이다.,수십억 달러의 위험 투자가 국가급 독점권과 우주 기술로 돌아오는 큰 보상을 본다.,"러시아 천연자원 개발권과 위성·로켓 기술, 한국 제품 특혜를 일괄 확보한다.",10% 수수료와 푸틴 개인계좌 대가를 감수하고 제조업 투자·북한·우크라이나까지 협상한다.,"뇌물성 대가, 푸틴의 미래 침공 위험, 미국의 우주기술 제재를 떠안는다.",푸틴은 미국 문제를 강산이 해결하면 로켓 발사 기술까지 넘기겠다고 약속한다.,"러시아 전 천연자원 개발권, 민간위성, 무역·제조업 특혜와 푸틴의 개인적 우정을 얻는다.",세계·지위·능력,강산은 국내 재벌을 넘어 러시아의 미래 최고권력자와 자원·우주를 거래하는 세계 플레이어가 된다.,국내로 돌아오면 조현경의 대현 권력 장악이 강산의 다음 적으로 기다린다.,푸틴 비밀 회담 | 러시아 천연자원 협상 | 민간위성 확보 협상,러시아 로켓 기술 | 미국과의 우주기술 조율,ARC-028,high
196,196화,이혼 후 재벌 각성(개정판) 196화,49974,50254,러시아 빅딜이 성공했고 7월19일 대현그룹에서는 조현경 해임 주주총회가 추진된다.,강산의 국제적 승리 뒤 조현경이 더 잔혹한 방식으로 경영권을 지키는 반전을 본다.,조현경에게 대현제약 분리 매각 약속을 받아내고 대현 승계전에 개입한다.,자금 지원 조건으로 대현제약 매각 계약을 요구하고 러시아 위성·네모·앱스토어 진척을 점검한다.,조현경은 오빠들의 해임 공세를 받고 강산에게 핵심 계열사를 넘겨야 한다.,조현경은 조갑수를 화성 요양병원으로 빼돌리고 치매약 투여를 막아 유언장을 자신에게 유리하게 굳히려 한다.,강산은 대현제약 인수권을 확보하지만 조현경은 아버지까지 희생해 그룹을 지킬 주도권을 잡는다.,관계·지위·돈,조현경은 수세적 임시 회장에서 선제공격하는 대현의 실질 지배자로 변한다.,조현경이 오빠들을 어떻게 분리하고 강산과 어떤 적대관계를 만들지 남는다.,,대현제약 매각 | 조갑수 약물 중단 | 조현경 해임 주총,ARC-029,high
197,197화,이혼 후 재벌 각성(개정판) 197화,50255,50504,조현경은 조갑수의 약을 끊고 해임 주총을 막기 위한 반격에 나섰다.,조현경이 형제와 혼맥을 잘라내며 대현그룹을 완전히 장악하는 라이벌 보상을 본다.,강산은 조현경의 재편을 관찰하며 대현제약과 향후 경쟁 기회를 확보한다.,조현경은 비서실장과 약혼하고 강산의 약점을 조사시키며 형제별 계열분리를 협상한다.,첫째 부부·둘째·막내의 반발과 명성그룹 혼맥 붕괴를 감수한다.,"첫째는 백화점, 둘째는 건설, 막내는 알래스카로 보내 그룹 본체에서 제거한다.",조현경은 해임 공세를 꺾고 대현그룹을 단독 장악해 강산과 맞설 라이벌 지위를 얻는다.,지위·관계,"대현은 형제 연합체에서 조현경 단독 그룹으로, 강산과 조현경은 옛 동맹에서 미래 적수로 바뀐다.",조현경이 명성그룹과 손잡고 대양 소비재를 노릴 가능성이 열린다.,조현경 해임 주총 | 대현 형제 승계전,조현경·강산 적대 | 대현·명성 소비재 동맹,ARC-029,high
198,198화,이혼 후 재벌 각성(개정판) 198화,50505,50765,9월1일 조현경은 대현을 장악했고 강산은 무디스·IMF·러시아 위성 계획을 동시에 굴린다.,라이벌 동맹과 강산의 위기 가속 전략이 정면 충돌할 판을 본다.,IMF를 2년간 지속시켜 구조개혁을 이끌고 대현·명성의 공격을 역이용한다.,"무디스·IMF 비밀 접촉, 러시아 위성 99% 개인 지분, 시베리아·투르크메니스탄 가스 개발, 대양에너지 지분 매집을 지시한다.",국가 신용도 하락을 의도적으로 앞당기는 도덕 비용과 대현·명성 연합 공격을 감수한다.,조현경과 이건창이 오월동주해 두 그룹 소비재 계열사 합병으로 대양을 겨냥한다.,강산은 상대가 소비재에 돈을 묻게 될수록 자신에게 호재라는 역포위 구조를 확보한다.,세계·돈·관계,"조현경은 단독 수성에서 명성과 공격동맹으로, 강산은 국내 경쟁을 국제 금융·자원 판에 종속시키는 위치로 간다.",강산이 소비재 동맹을 깨지 않고 누구에게 무엇을 팔지가 남는다.,,대현·명성 소비재 합작 | 무디스 신용도 강등 | 투르크메니스탄 가스권,ARC-029,high
199,199화,이혼 후 재벌 각성(개정판) 199화,50766,51024,대현·명성은 소비재 연합을 꾸렸고 강산은 200억 달러를 예치한 채 무디스를 만난다.,국가 신용도 하락과 라이벌 내부 배신을 동시에 이용하는 강산의 냉혹한 수를 본다.,무디스의 5단계 강등을 확정하고 명성·대현 사이에 소비재 매각 경쟁을 만든다.,버핏과 조율한 무디스 관계자에게 Ba1 수준 강등을 요구하고 이건창과 비밀 사우나 회동을 잡는다.,무디스 담당자는 강산을 친일파 같은 매국노로 비유하고 국가 경제 폭락 책임을 묻는다.,이건창의 딸 이미도는 아버지를 배신해 강산 자금으로 CU그룹 자사주를 사고 대현 정보를 판다.,무디스는 5단계 강등에 동의하고 강산은 명성 내부 정보원과 지분 담보까지 얻는다.,정보·돈·관계,대현·명성 동맹은 이미도의 배신으로 내부 균열을 안고 강산은 신용평가까지 움직이는 힘을 드러낸다.,사우나에서 이건창에게 강산의 소비재 매각안이 공개될 차례다.,무디스 강등 방향,이건창 비밀 협상 | 이미도 자사주 담보 함정,ARC-029,high
200,200화,이혼 후 재벌 각성(개정판) 200화,51025,51269,무디스 강등과 이건창 비밀 회동이 준비됐고 조현경은 강산의 행동을 예상한다.,소비재 전쟁을 치르지 않고 결과물만 파는 역발상과 조현경의 맞수 반전을 본다.,이건창을 가격 기준점으로 써 소비재 10개사를 최고가에 매각한다.,사우나에서 이건창을 늙은 사자로 도발하고 치킨게임 대신 결과물인 대양 소비재 계열사를 사라고 제안한다.,이건창은 대현까지 먹을 속셈이고 조현경은 강산의 무관심 산업을 정확히 읽고 있다.,조현경은 명성을 미끼로 강산이 소비재를 팔게 만들었으며 이미도와도 2천억 거래를 끝냈다고 밝힌다.,강산과 조현경이 서로의 계산을 읽는 대등한 전략가로 맞붙고 소비재 매각 경쟁이 성립한다.,관계·돈·능력,대현·명성의 공격은 강산이 10개사를 매각할 경매판으로 뒤집힌다.,이건창의 3조와 조현경의 더 높은 제안이 맞붙는다.,대현·명성 합작의 숨은 목적,소비재 10개사 경매 | 조현경·이미도 결승전,ARC-029,high
201,201화,이혼 후 재벌 각성(개정판) 201화,51270,51502,강산은 소비재 10개사를 팔 의사를 밝혔고 조현경도 경매판을 예상하고 있다.,3조와 5조가 맞붙어 승자처럼 보이는 쪽이 오히려 현금을 잃는 거래 보상을 본다.,조현경에게 10개사를 5조 원에 팔아 대현의 IMF 유동성을 고갈시킨다.,이건창의 3조를 거절하고 조현경에게 제시가를 공개해 5조 최종안을 받아들인다.,대양은 백화점·마트·호텔 등 현금창출 계열사 10개를 포기한다.,조현경은 상속재산·대출까지 끌어 5조가 전부라고 밝히고 강산은 그것이 바로 원하는 함정임을 확인한다.,강산은 비핵심 소비재를 5조에 팔고 IMF 직전 대현의 여유자금을 말린다.,돈·관계·목표,대양은 소비재에서 철수하고 대현은 국내 최대 소비재 그룹이 되지만 현금 방어력을 잃는다.,무디스 강등 충격과 명성의 치킨게임이 5조 인수 직후 덮칠 차례다.,소비재 10개사 매각 가격 | 이건창·조현경 가격 경쟁,대현 유동성 위기 | 명성·대현 치킨게임,ARC-029,high
202,202화,이혼 후 재벌 각성(개정판) 202화,51503,51789,대현은 소비재 10개사를 5조에 샀고 대양은 비핵심 산업에서 철수했다.,대현의 승리가 환율 폭등·치킨게임·조선 헐값 환매로 뒤집히는 연쇄 보상을 본다.,신용도 강등 충격 속 대현조선을 원가보다 훨씬 싸게 되찾는다.,무디스 5단계 강등으로 환율 1020원을 만들고 대현의 자금난 전화에 대현조선 1조5천억 재매수를 제시한다.,국가 외환시장이 사실상 멈추고 강산은 경제 붕괴를 앞당긴 책임을 진다.,이건창은 합작을 파기하고 3조로 치킨게임을 선포하며 조현경은 생존을 위해 4조에 산 조선을 1조5천억에 판다.,대양은 소비재 매각대금 5조를 얻은 직후 핵심 대현조선을 2조5천억 싸게 되찾는다.,돈·지위·관계,조현경은 소비재 제국의 회장이지만 강산을 증오하는 유동성 위기 라이벌이 되고 대양은 조선업을 회복한다.,되찾은 조선과 매각 현금을 어디에 재배치할지가 남는다.,대현조선 재인수 | 명성·대현 합작 | 대양조선은 맡겨둔 자산이라는 약속,명성·대현 소비재 전쟁 | 조현경의 강산 복수,ARC-029,high
203,203화,이혼 후 재벌 각성(개정판) 203화,51790,52019,대양은 대현조선을 1조5천억에 되찾았고 환율은 한 달 만에 2000원까지 치솟는다.,핵심 자산 회수 뒤 세계 경영과 고용 보존이 실제 인수 원칙으로 굳는 모습을 본다.,조선 환매 대금을 재투자하고 IMF 파산 기업 중 고용·기술 가치가 있는 곳을 인수한다.,"명성 지주 주식을 매집하고 은방울그룹·월광산업 인수, 임금 30% 삭감·자녀교육 지원 조건을 설계한다.","임금 삭감과 해고자 재교육 비용, 노동부 과징금을 감수해야 한다.",강산은 대양조선 회수 뒤 국내 내수가 아니라 세계 시장 완전 장악을 공식 목표로 선언한다.,은방울 노동자 3500명의 고용을 살릴 인수안과 그룹 전면 교육 복지가 작동한다.,목표·세계·관계,대양은 조선 회수에 머물지 않고 고용보존형 글로벌 인수 그룹으로 이동한다.,세계 최고 기술을 가진 낚시용품 회사의 인수 방식이 이어진다.,대현조선 환매 직후 자금 방향,은방울그룹 인수 | 한정피싱 우회상장 | 명성 지주 지분,ARC-029,high
204,204화,이혼 후 재벌 각성(개정판) 204화,52020,52275,환율 2000원과 기업 연쇄부도 속 강산은 기술·고용 중심 인수를 확대한다.,"강소기업 인수, 금 선물, 주가 대폭락 대비가 하나의 증식 사이클로 묶이는 모습을 본다.",한정피싱을 세계 1위로 키우고 11월19일 주가 대폭락에서 자사 지분을 싸게 되산다.,한정피싱 65% 투자 후 우회상장·14% 매도로 원금을 회수하고 금 하락 파생상품·계열사 5% 선매도를 지시한다.,소기업 기술개발비를 대고 폭락 직전 자사주를 파는 비난과 시장 위험을 감수한다.,미래 일지는 11월19일 최대 폭락을 특정하고 강산은 3개월 전부터 공매도까지 걸어뒀다.,한정피싱 지배력 51%를 사실상 무자본으로 남기고 폭락 뒤 재매수할 현금을 마련한다.,돈·능력·정보,기업 인수는 단순 현금매수가 아니라 상장·지분회수·공매도를 결합한 증식 시스템이 된다.,11월19일 대폭락과 대양조선 LNG선 전환이 실행될 차례다.,한정피싱 인수 방식,11월19일 주가 대폭락 | 금값 하락 파생상품 | LNG 운반선 개발,ARC-030,high
205,205화,이혼 후 재벌 각성(개정판) 205화,52276,52502,강산은 11월19일 폭락 전에 계열사 주식 5%를 팔고 공매도·재매수를 준비했다.,시장 폭락이 대현·명성·현태의 태도와 강산의 지분 확대를 어떻게 가르는지 본다.,폭락 저점에서 대양·현태 계열사 지분을 확보하고 장기 산업 자산을 늘린다.,도쿄 씨티은행 자금 5조로 대양·현태그룹·현태자동차 주식을 각각 5%까지 매수한다.,대현과 명성은 소비재 치킨게임으로 유보금이 마르고 조현경도 호텔·택배 철수를 감수한다.,조현경은 대현조선 매각대금 1조5천억을 전쟁비가 아니라 자사주에 써 주주 충성도를 지킨다.,강산은 폭락 파생 수익으로 처가 그룹까지 백기사 지분을 얻고 대양 지배력도 강화한다.,돈·관계·지위,강산은 단순 인수자가 아니라 대양·현태 양대 그룹의 시장 방어 주주로 올라선다.,대선 정권교체와 새 정부의 사정 칼날에 어떻게 대비할지가 열린다.,11월19일 주가 대폭락 | 계열사 5% 선매도 후 재매수,현태 양대 그룹 5% 지분 | 대선 정권교체 대응,ARC-030,high
206,206화,이혼 후 재벌 각성(개정판) 206화,52503,52723,폭락 매집은 성공했지만 12월 대선에서 야당 승리 시 대양은 문민정부 특혜 재벌로 몰릴 수 있다.,강산이 정권교체 위기를 대북사업 카드로 정치적 보험으로 바꾸는 장면을 본다.,야당 당선 가능성에 대비해 선친과 대양을 사정 대상으로부터 제외시킨다.,권수갑을 만나 개성공단·남북정상회담 선봉장 역할과 햇볕정책 명칭을 제시한다.,북한 지원금이 핵개발에 쓰일 것을 알면서도 정치 생존을 위해 참여해야 한다.,권수갑은 선친 부관참시 가능성을 지렛대로 삼고 강산은 대북협력 전면 참여와 교환한다.,야당 핵심과 밀약을 맺어 정권교체 후 수사 위험을 줄이고 정책 영향력을 얻는다.,관계·지위·정치,강산은 문민정부 수혜자 프레임에서 차기 정부의 대북정책 선봉장으로 재배치된다.,IMF 폭로와 실제 정권교체가 밀약의 효과를 시험한다.,야당과의 첫 접촉,개성공단 참여 | 남북정상회담 동행 | 선친 수사 방어,ARC-030,high
207,207화,이혼 후 재벌 각성(개정판) 207화,52724,52959,강산은 차기 야당과 대북정책 밀약을 맺었고 시민일보가 IMF 비밀 협상을 폭로한다.,정권교체·IMF 발표·500조 자산이 한꺼번에 결산되는 거대한 상태 상승을 본다.,새 정부 방어선을 확인하고 파생상품 수익을 세계 금융·자원투자로 재배치한다.,정권교체 결과를 확인하고 10개 공기업 민영화·금산분리 철폐·미국 금융회사 설립 밀약을 실행한다.,IMF 구조조정으로 국민이 고통받고 일본·유럽 금융사와 적이 된다.,모든 사업 종료 시 강산 개인 자산이 약 500조 원에 달하고 세계 1위 부호 기록도 바뀐다.,정치 보험이 작동하고 금산분리 철폐·은행 소유·500조 자산이라는 지위 보상이 확정된다.,돈·지위·세계,강산은 국내 재계 1위에서 세계 최고 자본가이자 금융체제 설계자로 올라선다.,일본·유럽 증권사의 파생 손실과 10대 공기업 인수가 다음 무대가 된다.,대선 정권교체 여부 | 2조 파생상품의 대형 자산화,10대 공기업 민영화 | 강산은행 | 일본·EU 금융 타격,ARC-030,high
208,208화,이혼 후 재벌 각성(개정판) 208화,52960,53211,강산은 500조 자산가가 됐고 정부는 자본시장 전면 개방과 고금리 구조조정을 발표한다.,악마처럼 축재한 강산이 노동자 보호와 재벌 구조개혁의 방파제 역할을 시작하는 장면을 본다.,노사정위원회 주도권을 잡고 재벌 빅딜을 민간 합의로 이끈다.,5대 그룹 총수를 모아 노사정위와 기업 맞교환을 제안한 뒤 대통령에게 직접 건의한다.,다른 총수들은 자기 계열사를 포기하지 않고 대통령은 강산에게 깊은 배신감을 보인다.,빅딜은 실패하지만 왕주형은 대통령급 총수들을 한 번에 부른 강산의 영향력 자체가 성과라고 평가한다.,노사정위원회 발족 제안은 받아들여지고 강산은 노동자 협상 구조의 주도권을 선점한다.,지위·관계·세계,강산은 축재자에서 정부·재계·노동을 묶는 국가 경제 조정자로 역할이 바뀐다.,새 대통령 당선인이 재벌 개혁으로 강산을 직접 시험할 차례다.,문민정부 대통령과의 실질적 결별,노사정위원회 | 정부 주도 빅딜 | 새 정부 재벌개혁,ARC-031,high
209,209화,이혼 후 재벌 각성(개정판) 209화,53212,53476,문민정부와 결별한 강산은 새 대통령 당선인의 재벌개혁 회의에 가장 낮은 자리에 앉는다.,외국 헤지펀드 침투와 국가 통합 요구를 강산이 반전 투자로 막을 설계를 본다.,새 정부와 협력하고 외국자본의 국부건설·은행 약탈을 차단하며 증시를 1500 이상으로 끌어올린다.,재벌개혁을 수용하고 남북정상회담 동행을 약속하며 코스피 급등 파생상품과 국민 통합 운동을 구상한다.,스타펀드는 국부건설을 무자본에 가깝게 먹을 준비를 하고 당선인은 강산에게 방파제 책임을 강요한다.,코스피 400 이하에서 연말 1500~2000 돌파에 반대 무한 베팅을 받는 역방향 파생상품이 제시된다.,강산은 새 정부의 경제 묘책 자문자와 남북정상회담 재계 선봉 자리를 얻는다.,지위·목표·세계,강산은 개혁 대상 재벌에서 외자 방어와 국민 통합을 설계하는 정부 파트너로 전환된다.,금 모으기 운동과 국부건설 입찰이라는 두 실전 시험이 열린다.,,금 모으기 운동 | 코스피 1500 파생상품 | 스타펀드 국부건설 공격,ARC-031,high
210,210화,이혼 후 재벌 각성(개정판) 210화,53477,53760,당선인은 국민 통합 묘책을 요구했고 스타펀드는 국부건설 인수를 노린다.,금 모으기 제안과 국부건설 1억 초과입찰이 미래 지식을 공공 방어로 쓰는 모습을 본다.,금 모으기 운동을 시작하고 스타펀드보다 먼저 국부건설을 확보한다.,"당선인에게 금 모으기를 제안하고 국부건설 공개입찰 2701억 원, 폐쇄 10개 종금사 인수 조건으로 강산은행 승격을 요구한다.",국부건설 과잉 입찰 가능성과 부실 종금사 10곳을 떠안을 위험이 있다.,미래 일지에서 스타펀드가 실제 1400억만 들여 수천억을 빼먹는 구조가 상세히 드러난다.,강산은 외자 약탈을 정확히 차단할 가격과 강산저축은행을 정식 은행으로 키울 정부 거래를 확보한다.,돈·지위·관계,강산의 미래 지식은 개인 차익을 넘어 국부건설 방어와 금융사 승격의 정책 카드가 된다.,스타펀드와 국부건설 입찰장에서 직접 맞붙는다.,국민 통합 운동의 구체안,국부건설 공개입찰 | 강산은행 승격 | 10개 종금사 인수,ARC-031,high
211,211화,이혼 후 재벌 각성(개정판) 211화,53761,54020,국부건설 공개입찰과 강산은행 승격 거래가 확정 단계에 들어갔다.,강산과 스타펀드가 처음 직접 맞붙는 외자 방어 결승전을 본다.,가격과 정보 우위로 국부건설을 반드시 지키고 국가 신용도·노사정 기반도 회복한다.,S&P 3단계 상향과 노사정위 인선을 준비한 뒤 직접 입찰장에 가 미래 기록의 변동 가격을 확인한다.,스타펀드도 600% 수익을 노려 금액을 올리고 미래 일지의 낙찰자는 물음표다.,최종 낙찰 기준이 3500억으로 바뀌어 2701억 계획만으로는 승리를 보장할 수 없다.,강산은 미래가 고정되지 않았음을 확인하고 수익보다 국부 방어를 위해 더 큰 금액을 쓸 결심을 한다.,정보·돈·지위,확정된 미래를 따르던 투자자가 불확실한 미래에 자본을 걸어 직접 지키는 행위자로 바뀐다.,강산이 봉투에 쓴 과감한 금액과 낙찰 결과가 남는다.,,국부건설 낙찰자 물음표 | 스타펀드 첫 직접 대결,ARC-031,high
212,212화,이혼 후 재벌 각성(개정판) 212화,54021,54309,강산과 스타펀드만 남은 국부건설 입찰에서 낙찰자가 물음표로 변했다.,국부 방어 승리와 패배한 적까지 협력자로 바꾸는 지위 보상을 본다.,국부건설을 지키고 스타펀드가 한국 은행·기업을 약탈하지 못하게 방향을 돌린다.,4000억 원으로 낙찰받고 라이언에게 한국 대신 미국·일본·유럽 공동투자를 제안하며 은행에는 접근하지 말라고 경고한다.,스타펀드 계획보다 높은 가격을 지불하고 권수갑의 개성공단 지원 요구까지 떠안는다.,권수갑에게 음지의 중소기업 입점 지원 대가로 한국전력·담배인삼공사 완전 민영화를 요구한다.,국부건설을 대양건설로 되찾고 외자 적수를 미래 펀드 협력자로 돌리며 공기업 인수 길도 연다.,돈·지위·관계,강산은 스타펀드의 경쟁 상대에서 한국 투자 규칙을 정하고 해외 먹잇감을 배분하는 리더로 올라선다.,금 모으기·코스피 1500·세계 최고 합작펀드가 다음 결승전으로 열린다.,국부건설 입찰 | 스타펀드 첫 직접 대결 | 대양 건설업 재진입,스타펀드와 해외 공동투자 | 한국전력·담배인삼공사 민영화 | 개성공단 음지 지원,ARC-031,high
213,213화,이혼 후 재벌 각성(개정판) 213화,54310,54566,국부건설을 지켰고 강산은 개성공단 지원 대가로 공기업 민영화 카드를 요구했다.,개별 외자 방어가 세계의 악명 높은 펀드들을 묶는 초대형 연합으로 확장되는 장면을 본다.,코스피 1500 파생상품을 성공시킬 자본 연합을 만들고 한국 증시로 외자를 되돌린다.,개성공단 중소기업을 비밀 지원하고 미우라와 유럽 증권에 반대 베팅을 연 뒤 라이언·브라운·소로스를 한자리에 모은다.,북한 공단은 5~7년 내 폐쇄될 위험이 있고 코스피 1500 실패 시 500조를 건 손실을 감수한다.,스타펀드·엘리엇·소로스와 강산 네 명이 하나의 세계 최고 펀드를 만들기로 한다.,한국을 노리던 헤지펀드 자본을 한국 증시와 대양그룹에 투자할 플러스알파로 전환한다.,관계·지위·돈,강산은 외자를 막는 방어자에서 세계 3대급 헤지펀드를 지휘하는 연합 리더로 올라선다.,금 모으기 300톤과 코스피 1500이 연합의 첫 성패 시험이 된다.,스타펀드의 한국 약탈 위협,4자 합작펀드 | 금값 하락 파생상품 | 코스피 1500 파생상품,ARC-032,high
214,214화,이혼 후 재벌 각성(개정판) 214화,54567,54838,강산·스타펀드·엘리엇·소로스의 4자 합작펀드가 출범했다.,연합의 돈이 한국 전력·공항·금값·증시를 연결하는 수익 구조로 구체화되는 모습을 본다.,한국 공기업과 증시를 살리면서 네 명이 각각 수십조를 버는 첫 투자 계약을 확정한다.,"한국전력·담배인삼공사·인천공항 장기 인수안, 금값 하락 10조씩, 코스피 1500 50조씩 목표를 제시한다.","전기료 10년 동결, 대체에너지 장기 투자, 실패 시 강산 개인 배상 책임이 붙는다.",네 사람은 한국에 투자하고 대양을 세계 에너지·인터넷 그룹으로 키우는 1경 원 펀드 비전에 합의한다.,세 헤지펀드는 강산의 리더십을 인정하고 신정부는 주가 등락폭 30% 확대를 승인한다.,돈·관계·세계,합작펀드는 단기 약탈 자본에서 한국 증시·공기업·대양의 장기 성장 자본으로 정렬된다.,실제 금 300톤이 나와 금값을 무너뜨릴지 첫 투자 결과가 남는다.,4자펀드의 투자 목적,1경 원 펀드 | 전기료 10년 동결 | 인천공항 최종 인수,ARC-032,high
215,215화,이혼 후 재벌 각성(개정판) 215화,54839,55093,"금 모으기와 금값 하락 베팅, 코스피 1500 프로젝트가 동시에 실행됐다.",국민의 애국심이 금 300톤·금값 15% 하락·증시 750이라는 실제 결과로 변하는 장면을 본다.,금값 하락 수익을 얻고 외국 자본을 한국 증시로 복귀시킨다.,금 모으기 이익은 대호에 양보하고 4자펀드는 시카고·런던 파생상품과 한국 우량주 매수에 집중한다.,대호 등 다른 재벌의 비자금 악용과 금 운동의 추악한 부작용을 방치해야 한다.,300톤 금 수출로 세계 금값이 15% 폭락하고 코스피는 350에서 750~770으로 회복한다.,네 투자자의 금 파생 수익이 확정권에 들고 철수했던 외국 자본이 한국으로 돌아온다.,돈·세계·지위,국민 캠페인은 선전이 아니라 세계 금 시세와 한국 신뢰도를 바꾸는 실물 힘으로 증명된다.,"만기일 네 명이 각각 10조를 받을지, 코스피가 1500을 넘을지가 남는다.",금 모으기 참여 여부 | 금 300톤 수출 | 금값 하락 예측,금 파생상품 만기 | 코스피 1500 달성,ARC-032,high
216,216화,이혼 후 재벌 각성(개정판) 216화,55094,55377,금값은 15% 하락했고 네 투자자는 첫 파생상품 만기를 맞는다.,첫 10조 승리가 시민은행·국민펀드라는 지속 가능한 금융 권력으로 전환되는 장면을 본다.,금 수익을 기반으로 시민은행을 인수하고 서민 자본을 세계 투자에 묶는다.,각자 10조 수익을 확인한 뒤 2조씩 출자시켜 시민은행을 5조에 인수하고 강산은행과 합병하기로 한다.,감정가보다 1조 더 쓰고 원금 50% 보장·중금리 이자라는 장기 책임을 진다.,4자펀드는 부자 투자자 대신 대한민국 서민 예금과 공모지분을 기반으로 한 국민펀드가 된다.,강산은 협력자들의 공식 리더가 되고 시민은행 인수 합의와 10조씩의 현금 보상을 얻는다.,돈·지위·관계,일회성 파생연합이 은행과 국민 자금을 가진 지속형 세계 펀드로 바뀐다.,"시민은행 인수 성공과 국민펀드 판매, 코스피 1500 달성이 남는다.",금 파생상품 만기 | 4자 연합 첫 수익,시민은행 5조 인수 | 국민펀드 | 서민은행 합병,ARC-032,high
217,217화,이혼 후 재벌 각성(개정판) 217화,55378,55597,시민은행 인수가 끝나 강산은행이 흡수되고 강산 1호 국민펀드가 출시된다.,서민 투자·주가 22배·IMF 대납·코스피 2000이 한꺼번에 터지는 국가급 보상을 본다.,시민은행으로 국민 자산을 불리고 IMF 외채를 조기 상환해 코스피 목표를 달성한다.,자산 500조를 예치하고 저소득층에 시민은행 지분 34%를 공모하며 200억 달러 외채를 국채와 세제 인하 조건으로 대납한다.,법인세·종합소득세 인하라는 정치 거래와 상속세 요구 포기를 감수한다.,"시민은행 주가는 두 달에 22배, 코스피는 1700을 넘고 외채 대납으로 2000 돌파가 확정된다.",저소득층 주주·펀드 가입자가 큰 수익을 얻고 한국은 IMF를 조기 탈출하며 강산은 5조 배당 기반을 만든다.,돈·지위·세계·관계,강산의 죄 사함 논리는 서민 지분·국가 외채 상환·IMF 탈출이라는 공공 성과로 현실화된다.,이 금융 권력이 전기차·연금·국부펀드로 어떤 장기 성과를 만들지가 열린다.,시민은행 인수 | 강산은행 합병 | 코스피 1500 목표 | IMF 조기 탈출,대양 전기자동차 | 시민은행 장기 투자 | 애플·아마존·마이크로소프트 장기 주식,ARC-033,high
218,218화,이혼 후 재벌 각성(개정판) 218화,55598,55851,한국은 IMF를 조기 탈출했고 시민은행 펀드와 대양그룹은 막대한 신뢰와 자본을 얻었다.,전기차 세계화와 500조 국부펀드가 강산 개인 성공을 국민 제도로 바꾸는 모습을 본다.,대양자동차를 세계 1위 전기차 회사로 옮기고 시민은행을 국가 연금의 운용사로 만든다.,전기차 본사·공장을 미국으로 이전하고 120% 수익률을 근거로 국민·군인·공무원·건강보험 자금을 통합한다.,"국부 유출 여론, 청와대 검찰 압박, 거대 사적 펀드가 국가를 좌우한다는 우려를 감수한다.",국회가 국부펀드 법안을 통과시키고 대통령은 시민은행을 500조 통합연금 운용사로 기습 지정한다.,강산은 정부도 건드릴 수 없는 50만 고용·저소득층 지지 기반과 국가 국부펀드 운용권을 얻는다.,지위·능력·세계,개인 투자 성공은 대한민국 연금 전체를 운용하는 제도적 권력으로 고정된다.,1년 뒤 통합연금 수익과 스마트폰·애플 인수 성과가 검증될 차례다.,국부펀드 조성 | 시민은행의 국가 연금 운용사 지정,대양 전기차 미국 생산 | 통합연금 장기 성과 | 영리병원,ARC-033,high
219,219화,이혼 후 재벌 각성(개정판) 219화,55852,56107,2000년 강산은 대양 회장과 통합연금 위원장을 겸하며 국가 금융의 중심이 됐다.,스마트폰·애플·연금 고갈 해소가 강산의 세계적 각성과 국민 보상으로 결실 맺는 모습을 본다.,통합연금 수익을 극대화하고 대양전자·애플을 하나의 세계 통신 제국으로 묶는다.,연금으로 대양전자 12%를 사고 주가가 떨어진 애플에 적대적 인수합병을 선언한다.,아전인수 비판과 국가 연금이 개인 그룹을 키운다는 정치적 의심을 감수한다.,대양 스마트폰1은 1999년 상업성 있는 최초 스마트폰이 되고 연금 수익으로 국민연금 고갈 시점이 2120년까지 밀린다.,군인연금 적자가 사라지고 대양 주가와 연금이 함께 10배 이상 올라 여야 모두 강산을 인정한다.,능력·지위·돈,강산은 미래를 베끼는 투자자를 넘어 스마트폰 상용화와 국가 연금 회생을 동시에 이룬 산업 설계자가 된다.,연금 2200년 목표와 7광구·평양 유전이 최종 장기 보상으로 남는다.,대양 스마트폰 개발 | 통합연금 1년 성과,애플 적대적 인수 | 연금 2200년 고갈 방지 | 평양·7광구 에너지,ARC-034,high
220,220화(완결화),이혼 후 재벌 각성(개정판) 220화(완결화),56108,56468,통합연금은 흑자로 전환됐고 강산은 연금 고갈을 영구히 막을 에너지원을 찾는다.,"7광구 성공, 연금 2500년 연장, 인구·일자리·지방 발전까지 이어지는 최종 국가 보상을 본다.",7광구와 서한만 자원을 개발해 한국을 에너지 강국으로 만들고 북방사업을 연다.,미·러·중을 이용해 북한·일본을 견제하고 7광구 플랜트를 50개로 늘려 실패를 반복한 끝에 채굴을 지속한다.,"북한의 단독개발·달러 요구, 일본의 반대, 2002년 첫 시추 실패와 9년 이상의 투자 비용을 감수한다.",2011년 여덟 번째 유전·가스전 성공과 함께 미래 일지가 김정남 승계·2014년 서한만 성공으로 바뀐다.,"한국은 에너지 강국이 되고 연금 고갈은 2500년, 일자리·자가·출산율·지방교통이 개선되며 강산의 재기와 축재가 국민의 장기 배당으로 환원된다.",세계·지위·돈·관계,이혼 뒤 버려진 상속자는 세계 경제와 한국의 장기 번영을 설계하는 인물로 완결되고 미래 역사도 그를 따라 바뀐다.,북한 서한만과 시베리아까지 잇는 북방사업이라는 열린 미래를 남긴다.,7광구 개발 | 통합연금 장기 재원 | 일본의 7광구 방해 | 강산의 국가 방파제 책임 | 경제적 재기와 세계 1위 각성,2014년 서한만 유전 성공 | 김정남 체제 개혁개방 | 중앙아시아·시베리아 북방사업,ARC-034,high
