"sequence","visible_label","title","start_line","end_line","entry_state","reader_promise","protagonist_goal","action","resistance_or_cost","turn_or_reveal","paid_reward","state_change_axis","state_change","ending_hook","closed_loops","opened_loops","arc_id","confidence"
"669","대망 669화","","94048","94183","코로마 대통령은 친위대를 잃고 파두구 보급 집적소까지 불타 연료와 소총탄이 부족한 2군단에 의존한다.","침몰 직전의 코로마 정권이 혁권에게 내놓을 마지막 거래 카드가 공개된다.","혁권은 코로마 측의 지불 능력과 프리타운 탈환 가능성을 확인해 거래 지속 여부를 결정하려 한다.","혁권은 다이아몬드 원석 계약금을 확인하고 하킴이 매수한 보급 장교의 정보로 파두구 방화와 3군단의 워털루 방어선 구축을 파악한다.","2군단은 보급 부족과 병사 동요에 시달리고 보 시장까지 쿰부야 지지를 선언해 정부군의 패배 가능성이 높다.","거래를 접기로 한 혁권을 움부야 소장이 숙소에서 따로 만나 톤코릴리 철광산을 거론한다.","코로마가 숨겨 둔 최상급 다이아몬드 원석으로 최소한의 대금 지급 능력이 확인된다.","돈","혁권의 결론이 거래 철회로 굳었다가 움부야의 비공개 광산 제안 앞에서 재검토 단계로 되돌아간다.","움부야 소장이 폐쇄된 톤코릴리 철광산을 새로운 보상 카드로 제시한다.","2군단이 쿠데타 직후부터 보급난을 겪은 원인은 파두구 집적소 방화로 밝혀진다.","움부야가 톤코릴리 광산으로 어떤 조건을 제안할지 남는다.; 혁권이 코로마 정권과 완전히 결별할지 다시 베팅할지 미정이다.","GA-C01","0.96"
"670","대망 670화","","94184","94313","움부야 소장은 파산해 폐쇄된 톤코릴리 철광산 지분 25%를 물품 대금과 별도로 넘기겠다고 제안한다.","혁권이 15억 달러 투자 이력이 있는 광산 지분을 받고 불리한 내전에 뛰어들 조건을 설계한다.","혁권은 패전하면 휴지가 될 광산 지분의 위험을 상쇄하면서 코로마 측에서 최대한 큰 대가를 끌어내려 한다.","혁권은 함단에게 예멘 화물의 두 배와 전투식량 10톤, 화물 트럭과 연료를 보름 안에 시에라리온으로 준비하라고 지시한 뒤 코로마에게 지분 50%를 요구한다.","톤코릴리는 원자재 가격 폭락과 합작사 파산으로 폐쇄됐고 코로마 정권이 패배하면 양도 계약도 효력을 잃는다.","혁권은 단순 보급을 넘어 Mi-24 하인드 공격헬기 두 대를 지원하겠다고 밝혀 협상장의 반발을 흥분으로 바꾼다.","위험한 거래를 되살릴 만한 톤코릴리 지분 25% 제안과 공격헬기를 활용한 협상 우위가 확보된다.","관계","혁권은 코로마와 관계를 끊으려던 방침을 버리고 보급품과 공격헬기로 전세 자체를 뒤집는 고위험 투자자로 전환한다.","움부야는 하인드 두 대면 쿠데타군을 격파하고 프리타운을 되찾는 것이 시간문제라고 코로마를 압박한다.","움부야가 꺼낸 톤코릴리 카드는 대금 외 지분 25% 양도 제안으로 구체화된다.; 혁권은 코로마 정권과의 거래를 계속하기로 결정한다.","코로마가 톤코릴리 지분 50% 요구를 수락할지 남는다.; Mi-24 하인드 두 대가 실제 전장에 투입될 수 있을지 남는다.","GA-C01","0.96"
"671","대망 671화","전화위복","94314","94434","코로마 대통령은 Mi-24 하인드의 화력에 매료됐지만 톤코릴리 지분 절반 양도를 최종 승인하지 않은 상태다.","광산 절반 계약이 실제 자산과 무기 수송으로 전환되고 태일 그룹의 후계 전쟁도 본격적으로 열린다.","혁권은 톤코릴리 지분 50%를 법적 서류로 확보하고 약속한 군수품과 공격헬기를 기한 안에 출항시키려 한다.","혁권은 코로마의 서명을 받아 광산 절반을 소유한 뒤 콘스탄차에서 AK-47 탄환 10만 발, 전투식량 1만 개와 분해 선적된 하인드 두 대를 점검한다.","하인드는 도착 후 16시간 동안 재조립해야 하며 코로마가 축출되면 광산 양도 서류도 무가치해진다.","서울의 태일 그룹 비상대책회의에서 김종원 회장의 의식 회복 가능성이 희박하다고 공개되며 김성균 단독 체제와 사장단 공동 체제가 충돌한다.","혁권은 수백만 달러 상당의 다이아몬드 계약금과 톤코릴리 철광산 지분 50%를 공식적으로 얻는다.","지위","폐쇄 광산을 둘러싼 구두 제안은 서명된 절반 소유권으로 바뀌고 태일 그룹은 김종원의 단독 지배에서 후계 경쟁 상태로 진입한다.","오차돈 태일 정유 사장이 김성균 추대 대신 계열사 사장단의 집단 경영 체제를 제안한다.","코로마는 톤코릴리 지분 50% 요구를 수락하고 양도 서류에 서명한다.; 함단은 공격헬기와 대규모 군수 화물을 기한 내 출항시킬 준비를 끝낸다.","김성균파와 김인철파 중 어느 쪽이 태일 그룹 비상 경영권을 차지할지 열린다.; 콘스탄차에서 출항할 하인드와 보급품이 시에라리온에 제때 도착할지 남는다.","GA-C01","0.96"
"672","대망 672화","","94435","94554","태일 그룹 임원들은 김성균 중심 체제와 사장단 공동 경영 체제로 양분됐고 김종원 회장의 빈자리는 장기화되고 있다.","태일가 형제의 공개 충돌, 혁권의 광산 계약 보관, 미국 정보기관의 개입 판단이 한꺼번에 진전된다.","김인철은 김성균의 경영권 승계를 저지하고 혁권은 톤코릴리 계약서와 다이아몬드를 안전하게 보관하려 한다.","김인철은 회의를 무산시킨 뒤 오차돈에게 중도 임원 회유를 지시하고, 혁권은 제네바 은행 개인 금고에 광산 계약서와 원석을 넣는다.","김성균은 그룹 내 기반과 다수 임원의 지지를 갖고 있으며 형제는 복도에서 서로 제거 의지를 드러낼 만큼 관계가 파탄 난다.","CIA는 블랙 래빗이 코로마에게 보급품과 하인드 두 대를 제공한다는 정보를 입수하고 시에라리온 전황에 미칠 효과를 평가한다.","김인철은 공동 경영안을 통해 김성균의 즉각적인 승계를 막고 혁권은 고가 자산을 제네바 VVIP 금고에 격리 보관한다.","지위","숨겨진 후계 경쟁은 공개적인 적대 관계로 바뀌고 혁권의 시에라리온 거래는 CIA 국장 보고선에 오를 만큼 국제 변수로 격상된다.","러셀 CIA 국장이 러시아와 쿰부야를 견제하기 위해 블랙 래빗의 행동을 어떻게 다룰지 판단하려 한다.","태일 그룹 첫 비상대책회의는 어느 경영안도 채택하지 못한 채 종료된다.; 톤코릴리 계약서와 다이아몬드 원석은 제네바 개인 금고에 보관된다.","김인철이 중도 성향 임원들을 얼마나 끌어올지 남는다.; CIA가 혁권의 내전 개입을 묵인할지 제동을 걸지 남는다.","GA-C01","0.96"
"673","대망 673화","","94555","94667","미국은 친러 성향 쿰부야보다 코로마의 집권 지속을 선호하고 혁권의 하인드 지원을 유리한 대리 변수로 본다.","오데사 13호의 군수품이 틴타퍼에 상륙하고 쿠데타군이 그 보급로를 끊기 위한 반격을 세운다.","혁권은 쿠데타군이 가까운 틴타퍼에서 화물을 안전하게 하역해 포트로코의 2군단에 전달하려 한다.","혁권은 포세이돈 함을 오데사 13호와 합류시켜 호위하고 5톤 트럭에 실은 보급품을 틴타퍼 부두에서 포트로코로 출발시킨다.","틴타퍼는 프리타운에서 바다로 약 20킬로미터에 불과하고 방어 병력도 2개 중대뿐이라 쿠데타군의 공격에 노출돼 있다.","쿰부야는 보급선 입항을 뒤늦게 알고 당황하지만 로사니는 페리선으로 타진에 병력을 보내 부두를 공격하자고 제안한다.","주브르급 공기부양선 포세이돈의 AK-630 대공포와 A-22 로켓 발사기 아래 첫 군수 화물 하역이 성공한다.","돈","고립과 물자 부족에 시달리던 2군단은 전투 지속 자원을 받기 시작하고 쿠데타군은 마시아카 결전 외에 틴타퍼 차단 작전까지 준비한다.","쿰부야가 프리타운 여객 부두의 페리선을 이용한 타진 상륙안에 탄성을 터뜨린다.","CIA는 직접 개입하지 않고 러시아만 막으며 블랙 래빗을 묵인하기로 한다.; 오데사 13호는 포세이돈 함과 합류해 틴타퍼 접안에 성공한다.","쿠데타군의 타진 상륙부대가 틴타퍼 보급로를 끊을 수 있을지 남는다.; 마시아카 북동쪽 로겔강 다리를 둘러싼 결전이 예고된다.","GA-C01","0.96"
"674","대망 674화","","94668","94778","쿰부야는 페리선으로 타진에 병력을 보내 틴타퍼 보급로와 2군단 측면을 동시에 위협하려 한다.","재조립된 Mi-24 하인드가 첫 실전을 치르고 코로마가 그 위력에 기대어 더 큰 군사 개입을 요구한다.","혁권은 하인드 두 대의 전과로 정부군의 사기를 높이되 외부 용병 확대가 불러올 정치적 위험은 차단하려 한다.","하인드 한 대는 대통령 궁을 기관포와 로켓으로 파괴하고 다른 한 대는 프리타운 여객선 터미널과 정박 선박을 침몰시킨다.","코로마는 추가 공격헬기와 민간 군사 기업 전력을 요구하지만 이는 이그제큐티브 아웃컴즈의 전쟁범죄 기억과 러시아·기니 개입 명분을 되살릴 수 있다.","혁권은 EO 사건을 직접 거론해 추가 용병 투입을 거부하고 2군단이 전쟁의 중심이어야 한다고 코로마를 설득한다.","프리타운 공습으로 쿠데타군 지휘부와 해상 수송 수단이 타격을 입고 코로마는 혁권에게 다이아몬드 잔금이 든 브리프 케이스를 내놓는다.","세계","쿠데타군의 틴타퍼 상륙 구상은 여객선 침몰로 무력화되고 코로마의 희망은 회복되지만 추가 용병 증강은 봉쇄돼 움부야의 지휘권이 유지된다.","코로마가 건넨 세 묶음의 가죽 주머니 안에서 크기별 최상급 다이아몬드 원석이 드러난다.","Mi-24 하인드 두 대는 재조립을 마치고 프리타운 첫 공습에 성공한다.; 페리선을 이용한 타진 상륙 계획은 여객선 터미널과 선박 파괴로 좌절된다.; 코로마는 추가 공격헬기 도입 요구를 철회한다.","하인드와 보급품을 얻은 2군단이 마시아카 결전에서 승리할지 남는다.; 움부야가 혁권의 정치적 배려를 어떻게 받아들일지 남는다.","GA-C01","0.96"
"675","대망 675화","","94779","94909","프리타운 공습으로 코로마의 자신감이 살아났고 혁권은 군수 계약 잔금인 다이아몬드 원석을 넘겨받는다.","시에라리온의 고위험 베팅이 실제 승전으로 결산되는 한편 김인철이 태일 그룹 권력전을 뒤흔들 비밀 공작을 실행한다.","혁권은 남은 보급품 인도를 끝내 투자 성과를 확정하고 김인철은 공동 경영안을 지지할 중도 임원을 확보하려 한다.","혁권은 추가 화물선 두 척의 틴타퍼 하역을 확인한 뒤 출국하고, 김인철은 정덕진을 포섭한 후 차민성에게 김종원 의식 불명 기사를 내보내라고 지시한다.","마시아카 전투 결과가 나오기 전까지 톤코릴리 지분은 정권 붕괴 위험에 묶여 있고 정덕진은 형제 싸움에 휘말릴 손실을 경계한다.","하킴은 움부야의 2군단이 마시아카를 점령하고 치명타를 입은 3군단이 프리타운으로 패주한다고 보고한다.","정부군 승리로 톤코릴리 지분의 실효성이 높아지고 혁권은 움부야의 신뢰와 코로마의 잔금까지 확보한다.","관계","정부군은 수세에서 프리타운 탈환을 눈앞에 둔 추격군으로 바뀌고 태일 그룹의 비공개 병세는 김인철의 지시로 공개 악재가 된다.","김종원 회장 의식 불명 보도로 계열사 주식이 하한가를 기록하자 김성균이 정보 유출 경위를 추궁한다.","코로마는 군수 계약의 다이아몬드 잔금을 지급한다.; 남은 보급 물자를 실은 화물선 두 척도 틴타퍼에 도착한다.; 2군단은 하인드 지원을 받아 마시아카 전투에서 승리한다.","패주한 쿠데타군이 프리타운에서 얼마나 버틸지 남는다.; 김인철이 의도적으로 터뜨린 병세 보도가 태일 그룹 경영 체제를 어떻게 바꿀지 열린다.","GA-C01","0.96"
"676","대망 676화","","94910","95033","김종원 의식 불명 보도로 태일 계열사 주식이 하한가를 기록하고 김성균 측은 비상 경영안 결정을 더 미룰 수 없게 된다.","혁권이 태일 그룹의 오너 리스크를 이용해 대규모 공매도와 지분 확보 작전에 착수한다.","혁권은 폭락 국면을 활용해 원하는 태일 그룹 지분을 싸게 확보하고 향후 경영권 개입 기반을 만들려 한다.","혁권은 스텐저 변호사에게 5억 달러까지 사용해 주력 계열사를 공매도하도록 승인하고 태일 증권은 본사 지시로 계열사 주가 방어 매수에 들어간다.","기존 위임금까지 합치면 약 10억 달러가 걸리며 공매도가 실패하면 손실이 눈덩이처럼 불어날 수 있다.","스텐저는 추가 3억 달러를 요청하지만 혁권은 오히려 5억 달러 한도를 허용해 공격 규모를 키운다.","스텐저가 지분 목표 달성 가능성을 확인하고 태일 측의 방어 자금이 분산된 취약한 시장 구도가 포착된다.","돈","혁권은 외부 관찰자에서 5억 달러의 실탄을 승인한 공매도 공격 주체로 바뀌고 태일 증권 직원들은 고객 수익보다 그룹 주가 방어를 강요받는다.","배원태를 포함한 태일 증권 펀드 매니저들이 개장을 앞두고 쌓여 있는 매도 물량을 떠받치라는 비밀 지시를 받는다.","김성균 측은 병세 공개 뒤 비상 경영 체제를 즉시 결정해야 한다는 압박을 인정한다.; 혁권은 공매도 자금 투입 여부를 5억 달러 승인으로 확정한다.","스텐저의 공매도가 태일 그룹 방어선을 무너뜨릴지 남는다.; 혁권이 폭락장에서 어느 계열사의 지분을 얼마나 확보할지 남는다.","GA-C01","0.96"
"677","대망 677화","톤코릴리Tonkolili 철광산","95034","95155","태일 증권은 그룹 주가 방어 매수를 준비하지만 개장 대기 물량과 외부 공매도 압력이 이미 방어 능력을 넘어선다.","공매도 전쟁의 승패와 혁권이 손에 넣을 태일 그룹 핵심 지분의 규모가 숫자로 결산된다.","혁권은 신원을 숨긴 채 태일 정유의 지배력 있는 지분을 저가 매집하고 현금 수익까지 확보하려 한다.","L&S코퍼레이션은 공매도와 기관 손절매를 연쇄시킨 뒤 세 헤지펀드와 케이맨 제도 여섯 페이퍼컴퍼니를 통해 태일 정유 주식을 분산 매입한다.","태일 증권이 수천억 원을 투입해 주가를 떠받치고 업틱룰도 적용되지만 기관과 개인의 투매가 이어지며 시장 전체가 극심한 혼란에 빠진다.","기관 전산 손절매로 수백만 주가 한꺼번에 쏟아지면서 태일의 방어선이 붕괴하고 하루 손실만 1천억 원을 넘긴다.","혁권은 태일 정유 지분 26%와 약 1억 달러의 현금 수익을 얻어 그룹 경영권에 개입할 발판을 마련한다.","돈","태일 그룹은 시가총액 10조 원 이상을 잃고 방어에 실패한 반면 혁권은 순환출자 핵심 계열사의 대주주급 지분을 은밀히 확보한다.","태일 그룹 대책회의에서 김성균이 주가 회복 실패를 따지자 정덕진이 후계 불확실성도 원인이라고 맞선다.","5억 달러 한도의 공매도 작전은 태일 측 방어를 무너뜨리며 성공한다.; 혁권의 목표 지분은 태일 정유 26%로 확정된다.; 공격 주체의 흔적은 헤지펀드와 페이퍼컴퍼니 명의로 은폐된다.","혁권이 태일 정유 26%를 언제 경영권 개입에 사용할지 남는다.; 주가 폭락 책임을 둘러싼 김성균파와 김인철파의 최종 표결이 다가온다.","GA-C01","0.96"
"678","대망 678화","","95156","95270","태일 그룹은 10조 원이 넘는 주가 손실과 후계 불확실성 속에서 김성균 단독 체제와 사장단 공동 체제 중 하나를 선택해야 한다.","태일 그룹 권력전의 첫 공식 승패가 결정되고 혁권이 받은 톤코릴리 절반 지분의 실질 가치가 드러난다.","김인철은 공동 경영안을 통과시켜 김성균의 승계를 막고 혁권은 톤코릴리 광산의 매장량과 재가동 경제성을 확인하려 한다.","김인철은 정덕진·오차돈과 확보한 표로 2안을 밀어붙이고, 혁권은 김덕현이 제출한 톤코릴리 평가 보고서에서 매장량과 개발비를 검토한다.","김성균파는 김인철 측이 그룹 안정을 방해했다고 비난하고 외국인 투자자들은 즉각적인 정상화를 압박하며 형제 간 적대감이 극단으로 치닫는다.","표결 결과가 17대 13으로 나오면서 사장단 공동 경영 체제가 확정되고 김성균은 회의장을 박차고 나간다.","김인철은 후계 확정을 저지하고 세력을 넓힐 시간을 벌며 혁권은 톤코릴리에 추정 38억 톤, 채굴 가능 약 11억 톤의 철광석이 있음을 확인한다.","지위","태일 그룹은 김성균 단독 승계 대신 계열사 사장단 공동 경영으로 전환되고 혁권의 광산 지분은 막연한 담보에서 대규모 노천광산 자산으로 재평가된다.","김덕현은 톤코릴리 파산의 결정타가 원자재 가격만이 아니라 PASL 반군의 휴전 파기와 광산 인근 전투였다고 밝힌다.","태일 그룹 비상 경영안은 17대 13 표결로 사장단 공동 체제로 확정된다.; 김인철은 김성균의 즉각적인 후계자 등극을 저지한다.; 톤코릴리 철광산의 매장량과 노천 채굴 조건이 1차 평가된다.","박상빈이 공동 경영 체제를 뒤집고 반대 임원들을 숙청할 방안을 마련할지 남는다.; 내전이 진정된 뒤 톤코릴리 철도와 페펄 항구를 활용해 광산을 재가동할 수 있을지 남는다.; 혁권이 김인철의 세력 확대를 직접 견제할지 남는다.","GA-C01","0.96"
"679","대망 679화","","95271","95395","김덕현은 시에라리온 집중 위험을 줄이기 위해 톤코릴리 철광산 지분 50% 매각을 건의한다. 뒤 혁권·김덕현/TC인터내셔널, 박상빈·이근홍/태일그룹 비서실에서 새 대응이 시작된다.","혁권·김덕현가 김덕현은 시에라리온 집중 위험을 들어 톤코릴리 철광산 지분 50% 매각을 건의하고 혁권은 매수 후보 탐색을 지시의 결과를 만든다.","혁권은 톤코릴리 절반 매각과 차명재산 이전 국면에서 주도권과 실익을 확보하려 한다.","김덕현은 시에라리온 집중 위험을 들어 톤코릴리 철광산 지분 50% 매각을 건의하고 혁권은 매수 후보 탐색을 지시하며, 박상빈은 김종원의 수천억 원대 차명 자산을 조세회피처 페이퍼컴퍼니로 넘기는 대가로 이근홍에게 법무팀장 자리를 제안한다","혁권은 매수 후보를 찾아야 하고, 이근홍은 김종원의 수천억 원대 차명재산을 조세회피처로 옮기는 위험한 실무를 맡는다. 여기에 이근홍이 돈과 권력을 함께 얻을 법무팀장 제안에 흔들린다라는 새 불확실성도 겹친다.","이근홍이 돈과 권력을 함께 얻을 법무팀장 제안에 흔들린다","김덕현은 시에라리온 집중 위험을 들어 톤코릴리 철광산 지분 50% 매각을 건의하고 혁권은 매수 후보 탐색을 지시하며으로 다음 선택에 쓸 구체적 정보나 자원을 얻는다.","돈","혁권·김덕현의 처지와 돈 상태가 이번 사건 결과만큼 비가역적으로 이동한다.","이근홍이 돈과 권력을 함께 얻을 법무팀장 제안에 흔들린다","김덕현은 시에라리온 집중 위험을 들어 톤코릴리 철광산 지분 50% 매각을 건의하고 혁권은 매수 후보 탐색을 지시하며의 즉시 결과가 확정된다.","이근홍이 돈과 권력을 함께 얻을 법무팀장 제안에 흔들린다","GA-C02","0.91"
"680","대망 680화","","95396","95511","이근홍이 돈과 권력을 함께 얻을 법무팀장 제안에 흔들린다 뒤 이근홍·박상빈·이두현/태일그룹, 혁권·김덕현/안양 옛 TC인터내셔널 본사에서 새 대응이 시작된다.","이근홍·박상빈·이두현가 이근홍은 차명계좌 정리팀 구성에 동의하고 이두현은 두 사람의 비밀 회동을 의심의 결과를 만든다.","이근홍은 톤코릴리 절반 매각과 차명재산 이전 국면에서 주도권과 실익을 확보하려 한다.","이근홍은 차명계좌 정리팀 구성에 동의하고 이두현은 두 사람의 비밀 회동을 의심하며, 혁권은 아틀라스 용병과 MI-24를 붙여 프리타운 지사 재개를 승인한 뒤 북경제철 계열 차이나 몰리브덴의 35억 달러 제안이 산둥제철과의 합병 주도권 확보용임을 알아낸다","혁권은 매수 후보를 찾아야 하고, 이근홍은 김종원의 수천억 원대 차명재산을 조세회피처로 옮기는 위험한 실무를 맡는다.","북경제철 계열 차이나 몰리브덴의 35억 달러 제안이 산둥제철과의 합병 주도권 확보용임을 알아낸다","이근홍은 차명계좌 정리팀 구성에 동의하고 이두현은 두 사람의 비밀 회동을 의심하며으로 다음 선택에 쓸 구체적 정보나 자원을 얻는다.","돈","이근홍·박상빈·이두현의 처지와 돈 상태가 이번 사건 결과만큼 비가역적으로 이동한다.","중국 철강 구조조정 시한이 두세 달뿐이라 매도자인 혁권이 절대적으로 유리해진다","이근홍은 차명계좌 정리팀 구성에 동의하고 이두현은 두 사람의 비밀 회동을 의심하며의 즉시 결과가 확정된다.","중국 철강 구조조정 시한이 두세 달뿐이라 매도자인 혁권이 절대적으로 유리해진다","GA-C02","0.91"
"681","대망 681화","","95512","95638","중국 철강 구조조정 시한이 두세 달뿐이라 매도자인 혁권이 절대적으로 유리해진다 뒤 혁권·주성철·서은하/강남 전산팀, 김덕현·두테/프리타운에서 새 대응이 시작된다.","혁권·주성철·서은하가 혁권은 톤코릴리 지분 매각을 확정하고, 주성철과 서은하는 노형석 노트북의 보안을 풀어 북한 121부대가 제작한 불법 도박 프로그램과 현재 운영 중인 사이트를 찾아내며, 김덕현은 시에라리온 정부의 매각 반대에 부딪힌다의 결과를 만든다.","혁권은 톤코릴리 절반 매각과 차명재산 이전 국면에서 주도권과 실익을 확보하려 한다.","혁권은 톤코릴리 지분 매각을 확정하고, 주성철과 서은하는 노형석 노트북의 보안을 풀어 북한 121부대가 제작한 불법 도박 프로그램과 현재 운영 중인 사이트를 찾아내며, 김덕현은 시에라리온 정부의 매각 반대에 부딪힌다","혁권은 매수 후보를 찾아야 하고, 이근홍은 김종원의 수천억 원대 차명재산을 조세회피처로 옮기는 위험한 실무를 맡는다.","두테 장관이 시에라리온 정부 지분도 함께 팔아야 승인하겠다는 뜻을 내비친다","혁권은 톤코릴리 지분 매각을 확정하고으로 다음 선택에 쓸 구체적 정보나 자원을 얻는다.","관계","혁권·주성철·서은하의 처지와 관계 상태가 이번 사건 결과만큼 비가역적으로 이동한다.","두테 장관이 시에라리온 정부 지분도 함께 팔아야 승인하겠다는 뜻을 내비친다","혁권은 톤코릴리 지분 매각을 확정하고의 즉시 결과가 확정된다.","두테 장관이 시에라리온 정부 지분도 함께 팔아야 승인하겠다는 뜻을 내비친다","GA-C02","0.91"
"682","대망 682화","","95639","95782","두테 장관이 시에라리온 정부 지분도 함께 팔아야 승인하겠다는 뜻을 내비친다 뒤 혁권·김덕현/통화, 김인철·차민성/태일그룹, 정현구/불법 도박 사무실에서 새 대응이 시작된다.","혁권·김덕현가 시에라리온 정부는 톤코릴리 지분 20% 동반 매각을 요구하고, 김인철은 차명자산 정리를 감지해 이근홍 감시와 이두현 정보대금 10억 원 지급을 지시의 결과를 만든다.","혁권은 톤코릴리 절반 매각과 차명재산 이전 국면에서 주도권과 실익을 확보하려 한다.","시에라리온 정부는 톤코릴리 지분 20% 동반 매각을 요구하고, 김인철은 차명자산 정리를 감지해 이근홍 감시와 이두현 정보대금 10억 원 지급을 지시하며, 혁권은 본가에서 어머니의 반찬을 받고 용돈을 드리고, 정현구는 김인철의 불법 도박 수익으로 현금 10억 원을 마련해 차민성에게 건넨다","혁권은 매수 후보를 찾아야 하고, 이근홍은 김종원의 수천억 원대 차명재산을 조세회피처로 옮기는 위험한 실무를 맡는다.","정현구가 차민성에게 10억 원 외에 별도의 봉투까지 내민다","혁권은 철광산 투자 위험을 외부 자본과 나누는 방향을 정하고 매수 후보 탐색을 지시한다.","관계","혁권·김덕현의 처지와 관계 상태가 이번 사건 결과만큼 비가역적으로 이동한다.","정현구가 차민성에게 10억 원 외에 별도의 봉투까지 내민다","시에라리온 정부는 톤코릴리 지분 20% 동반 매각을 요구하고의 즉시 결과가 확정된다.","정현구가 차민성에게 10억 원 외에 별도의 봉투까지 내민다","GA-C02","0.91"
"683","대망 683화","WIN-WIN","95783","95927","정현구가 차민성에게 10억 원 외에 별도의 봉투까지 내민다 뒤 차민성·정현구·임영식·정지택/도박 사무실 앞, 혁권·주성철/서울, 김덕현/북경, 소현/서울 외곽에서 새 대응이 시작된다.","차민성·정현구·임영식·정지택가 임영식과 정지택은 차민성이 현금 사과상자를 받는 장면을 촬영하고 [#WIN-WIN] 백성균은 불법 도박 사이트가 김인철의 월 100억 원대 비자금원임을 밝혀내며, 혁권은 주성철에게 사이트 장악과 자금 흐름 추적을 맡기고 차이나 몰리브덴의 지분 60%·38억 달러 제안을 거절한 채 철수 카드로 압박한다의 결과를 만든다.","차민성은 불법 도박 비자금과 야생 화원 국면에서 주도권과 실익을 확보하려 한다.","임영식과 정지택은 차민성이 현금 사과상자를 받는 장면을 촬영하고 [#WIN-WIN] 백성균은 불법 도박 사이트가 김인철의 월 100억 원대 비자금원임을 밝혀내며, 혁권은 주성철에게 사이트 장악과 자금 흐름 추적을 맡기고 차이나 몰리브덴의 지분 60%·38억 달러 제안을 거절한 채 철수 카드로 압박한다","백성균은 불법 도박 사이트가 김인철에게 매달 100억 원대 비자금을 공급한다는 사실을 밝혀낸다. 여기에 웨딩드레스 화보를 찍으러 온 소현 일행이 외진 야생 화원 촬영장에 도착한다라는 새 불확실성도 겹친다.","웨딩드레스 화보를 찍으러 온 소현 일행이 외진 야생 화원 촬영장에 도착한다","임영식과 정지택은 차민성이 현금 사과상자를 받는 장면을 촬영하고 [#WIN-WIN] 백성균은 불법 도박 사이트가 김인철의 월 100억 원대 비자금원임을 밝혀내며으로 다음 선택에 쓸 구체적 정보나 자원을 얻는다.","관계","차민성·정현구·임영식·정지택의 처지와 관계 상태가 이번 사건 결과만큼 비가역적으로 이동한다.","웨딩드레스 화보를 찍으러 온 소현 일행이 외진 야생 화원 촬영장에 도착한다","임영식과 정지택은 차민성이 현금 사과상자를 받는 장면을 촬영하고 [#WIN-WIN] 백성균은 불법 도박 사이트가 김인철의 월 100억 원대 비자금원임을 밝혀내며의 즉시 결과가 확정된다.","웨딩드레스 화보를 찍으러 온 소현 일행이 외진 야생 화원 촬영장에 도착한다","GA-C03","0.91"
"684","대망 684화","","95928","96045","웨딩드레스 화보를 찍으러 온 소현 일행이 외진 야생 화원 촬영장에 도착한다 뒤 소현·도형석·사진작가/야생 화원, 혁권·박종호/샹그릴라 리조트 보고 자리에서 새 대응이 시작된다.","소현·도형석·사진작가가 소현은 엘리 사브 드레스와 베일을 입고 웨딩 화보를 촬영해 혁권에게 신붓감 사진을 보내고, 혁권은 카지노 영업장 3천㎡ 확장 승인을 보고받아 리조트 부지를 1만 평까지 확보하고 객실 60개 증설 및 정현태 PD 드라마 촬영 연계를 추진한다의 결과를 만든다.","소현은 불법 도박 비자금과 야생 화원 국면에서 주도권과 실익을 확보하려 한다.","소현은 엘리 사브 드레스와 베일을 입고 웨딩 화보를 촬영해 혁권에게 신붓감 사진을 보내고, 혁권은 카지노 영업장 3천㎡ 확장 승인을 보고받아 리조트 부지를 1만 평까지 확보하고 객실 60개 증설 및 정현태 PD 드라마 촬영 연계를 추진한다","백성균은 불법 도박 사이트가 김인철에게 매달 100억 원대 비자금을 공급한다는 사실을 밝혀낸다.","카지노 개장과 드라마 촬영 시기를 맞춰 샹그릴라 리조트 홍보 효과를 극대화하기로 한다","소현은 엘리 사브 드레스와 베일을 입고 웨딩 화보를 촬영해 혁권에게 신붓감 사진을 보내고으로 다음 선택에 쓸 구체적 정보나 자원을 얻는다.","관계","소현·도형석·사진작가의 처지와 관계 상태가 이번 사건 결과만큼 비가역적으로 이동한다.","카지노 개장과 드라마 촬영 시기를 맞춰 샹그릴라 리조트 홍보 효과를 극대화하기로 한다","소현은 엘리 사브 드레스와 베일을 입고 웨딩 화보를 촬영해 혁권에게 신붓감 사진을 보내고의 즉시 결과가 확정된다.","카지노 개장과 드라마 촬영 시기를 맞춰 샹그릴라 리조트 홍보 효과를 극대화하기로 한다","GA-C03","0.91"
"685","대망 685화","","96046","96175","카지노 개장과 드라마 촬영 시기를 맞춰 샹그릴라 리조트 홍보 효과를 극대화하기로 한다 뒤 혁권·백수광/북경 호텔, 혁권·김덕현/웨스턴 호텔에서 새 대응이 시작된다.","혁권·백수광가 백수광은 황빈과의 꽌시를 내세워 톤코릴리 지분을 산둥제철에 팔아 달라고 요청하고 혁권은 회동을 수락의 결과를 만든다.","혁권은 불법 도박 비자금과 야생 화원 국면에서 주도권과 실익을 확보하려 한다.","백수광은 황빈과의 꽌시를 내세워 톤코릴리 지분을 산둥제철에 팔아 달라고 요청하고 혁권은 회동을 수락하며, 김덕현에게 산둥제철의 기존 제안이 지분 50%·30억 달러였음을 확인한 뒤 북경제철 협상도 계속 유지하라고 지시한다","백성균은 불법 도박 사이트가 김인철에게 매달 100억 원대 비자금을 공급한다는 사실을 밝혀낸다.","북경제철 협상도 계속 유지하라고 지시한다","백수광은 황빈과의 꽌시를 내세워 톤코릴리 지분을 산둥제철에 팔아 달라고 요청하고 혁권은 회동을 수락하며으로 다음 선택에 쓸 구체적 정보나 자원을 얻는다.","돈","혁권·백수광의 처지와 돈 상태가 이번 사건 결과만큼 비가역적으로 이동한다.","혁권이 북경제철을 산둥제철의 가격을 끌어올릴 압박 카드로 쓰려는 의도를 드러낸다","백수광은 황빈과의 꽌시를 내세워 톤코릴리 지분을 산둥제철에 팔아 달라고 요청하고 혁권은 회동을 수락하며의 즉시 결과가 확정된다.","혁권이 북경제철을 산둥제철의 가격을 끌어올릴 압박 카드로 쓰려는 의도를 드러낸다","GA-C03","0.91"
"686","대망 686화","","96176","96308","혁권이 북경제철을 산둥제철의 가격을 끌어올릴 압박 카드로 쓰려는 의도를 드러낸다 뒤 혁권·김덕현·황빈·우문화/북경 호텔 스위트룸에서 새 대응이 시작된다.","혁권·김덕현·황빈·우문화가 혁권은 북경제철의 옵션 제안을 협상 카드로 남긴 채 황빈에게 톤코릴리 지분 70%를 45억 달러에 요구하고, 백수광의 체면과 철강 구조조정 경쟁을 역이용해 42억 5천만 달러와 대금 절반의 단기채권·군수품·철강제품 지급안을 제시한다의 결과를 만든다.","혁권은 불법 도박 비자금과 야생 화원 국면에서 주도권과 실익을 확보하려 한다.","혁권은 북경제철의 옵션 제안을 협상 카드로 남긴 채 황빈에게 톤코릴리 지분 70%를 45억 달러에 요구하고, 백수광의 체면과 철강 구조조정 경쟁을 역이용해 42억 5천만 달러와 대금 절반의 단기채권·군수품·철강제품 지급안을 제시한다","백성균은 불법 도박 사이트가 김인철에게 매달 100억 원대 비자금을 공급한다는 사실을 밝혀낸다.","현금 부담이 줄고 재고까지 처분할 수 있다는 계산에 황빈이 제안을 진지하게 검토한다","혁권은 북경제철의 옵션 제안을 협상 카드로 남긴 채 황빈에게 톤코릴리 지분 70%를 45억 달러에 요구하고으로 다음 선택에 쓸 구체적 정보나 자원을 얻는다.","돈","혁권·김덕현·황빈·우문화의 처지와 돈 상태가 이번 사건 결과만큼 비가역적으로 이동한다.","현금 부담이 줄고 재고까지 처분할 수 있다는 계산에 황빈이 제안을 진지하게 검토한다","혁권은 북경제철의 옵션 제안을 협상 카드로 남긴 채 황빈에게 톤코릴리 지분 70%를 45억 달러에 요구하고의 즉시 결과가 확정된다.","현금 부담이 줄고 재고까지 처분할 수 있다는 계산에 황빈이 제안을 진지하게 검토한다","GA-C03","0.91"
"687","대망 687화","","96309","96427","현금 부담이 줄고 재고까지 처분할 수 있다는 계산에 황빈이 제안을 진지하게 검토한다 뒤 혁권·황빈·김덕현/북경 호텔, 코로마·채경식/시에라리온, 박상빈·이명순/김종원 자택에서 새 대응이 시작된다.","혁권·황빈·김덕현가 황빈은 3년 만기 연 7.3% 채권 조건을 수용하고 코로마는 비밀계좌 1억 5천만 달러를 대가로 위임장을 발급의 결과를 만든다.","혁권은 불법 도박 비자금과 야생 화원 국면에서 주도권과 실익을 확보하려 한다.","황빈은 3년 만기 연 7.3% 채권 조건을 수용하고 코로마는 비밀계좌 1억 5천만 달러를 대가로 위임장을 발급하며, 톤코릴리 지분 65%를 42억 5천만 달러에 산둥제철에 매각해 혁권은 35억 달러를 확보하고 그중 10억 달러를 솔루시두스 프로젝트 자금으로 김덕현에게 맡긴다","백성균은 불법 도박 사이트가 김인철에게 매달 100억 원대 비자금을 공급한다는 사실을 밝혀낸다.","박상빈이 김인철을 그룹에서 축출하기 위해 태일가스를 그의 몫으로 계열 분리하자고 이명순을 설득한다","혁권은 차이나 몰리브덴의 지분 60%·38억 달러 제안을 거절하고 철수 가능성을 내세워 협상 압력을 높인다.","돈","혁권·황빈·김덕현의 처지와 돈 상태가 이번 사건 결과만큼 비가역적으로 이동한다.","박상빈이 김인철을 그룹에서 축출하기 위해 태일가스를 그의 몫으로 계열 분리하자고 이명순을 설득한다","황빈은 3년 만기 연 7.3% 채권 조건을 수용하고 코로마는 비밀계좌 1억 5천만 달러를 대가로 위임장을 발급하며의 즉시 결과가 확정된다.","박상빈이 김인철을 그룹에서 축출하기 위해 태일가스를 그의 몫으로 계열 분리하자고 이명순을 설득한다","GA-C03","0.91"
"688","대망 688화","아직도 정신을 못 차리는 놈들이 있군","96428","96565","박상빈이 김인철을 그룹에서 축출하기 위해 태일가스를 그의 몫으로 계열 분리하자고 이명순을 설득한다 뒤 박상빈·이명순·김인철/김종원 자택·태일그룹, 차민성·이근홍/서울, 혁권·김덕현/업무 보고 자리에서 새 대응이 시작된다.","박상빈·이명순·김인철가 이명순은 태일가스를 김인철에게 넘겨 계열 분리하는 안을 승인하고, 김인철은 차명 비자금 4,600억 원을 옮기는 이근홍의 혼외자를 약점으로 캐게 한 뒤 [#아직도 정신을 못 차리는 놈들이 있군] 본가에서 태일가스 독립 요구를 거부의 결과를 만든다.","박상빈은 태일가스 독립 거부와 4,600억 이전 국면에서 주도권과 실익을 확보하려 한다.","이명순은 태일가스를 김인철에게 넘겨 계열 분리하는 안을 승인하고, 김인철은 차명 비자금 4,600억 원을 옮기는 이근홍의 혼외자를 약점으로 캐게 한 뒤 [#아직도 정신을 못 차리는 놈들이 있군] 본가에서 태일가스 독립 요구를 거부하며 끝까지 그룹에 남겠다고 선언한다","김인철은 4,600억 원 차명 비자금을 옮기는 이근홍을 통제하려고 그의 혼외자를 약점으로 조사한다. 여기에 김덕현이 쌀·소총탄·군복·박격포탄 등 중국 측 현물 목록을 혁권에게 제시한다라는 새 불확실성도 겹친다.","[#아직도 정신을 못 차리는 놈들이 있군] 본가에서 태일가스 독립 요구를 거부하며 끝까지 그룹에 남겠다고 선언한다","이명순은 태일가스를 김인철에게 넘겨 계열 분리하는 안을 승인하고으로 다음 선택에 쓸 구체적 정보나 자원을 얻는다.","관계","박상빈·이명순·김인철의 처지와 관계 상태가 이번 사건 결과만큼 비가역적으로 이동한다.","김덕현이 쌀·소총탄·군복·박격포탄 등 중국 측 현물 목록을 혁권에게 제시한다","이명순은 태일가스를 김인철에게 넘겨 계열 분리하는 안을 승인하고의 즉시 결과가 확정된다.","김덕현이 쌀·소총탄·군복·박격포탄 등 중국 측 현물 목록을 혁권에게 제시한다","GA-C04","0.91"
"689","대망 689화","","96566","96698","김덕현이 쌀·소총탄·군복·박격포탄 등 중국 측 현물 목록을 혁권에게 제시한다 뒤 혁권·김덕현/시에라리온·서울 룸살롱에서 새 대응이 시작된다.","혁권·김덕현가 혁권은 3억 달러 중국제 군수물자 운송과 코로마·움부야의 내분을 점검해 광산 경비 증원을 지시하고 백수광과 관계를 굳혔으며, 김인철은 형 김성균의 마약 투약 자료로 전병주에게 수사를 청탁한다의 결과를 만든다.","혁권은 태일가스 독립 거부와 4,600억 이전 국면에서 주도권과 실익을 확보하려 한다.","혁권은 3억 달러 중국제 군수물자 운송과 코로마·움부야의 내분을 점검해 광산 경비 증원을 지시하고 백수광과 관계를 굳혔으며, 김인철은 형 김성균의 마약 투약 자료로 전병주에게 수사를 청탁한다","김인철은 4,600억 원 차명 비자금을 옮기는 이근홍을 통제하려고 그의 혼외자를 약점으로 조사한다.","전병주가 재벌 장남 수사의 위험과 출세 기회 사이에서 흔들린다","혁권은 3억 달러 중국제 군수물자 운송과 코로마·움부야의 내분을 점검해 광산 경비 증원을 지시하고 백수광과 관계를 굳혔으며으로 다음 선택에 쓸 구체적 정보나 자원을 얻는다.","관계","혁권·김덕현의 처지와 관계 상태가 이번 사건 결과만큼 비가역적으로 이동한다.","전병주가 재벌 장남 수사의 위험과 출세 기회 사이에서 흔들린다","혁권은 3억 달러 중국제 군수물자 운송과 코로마·움부야의 내분을 점검해 광산 경비 증원을 지시하고 백수광과 관계를 굳혔으며의 즉시 결과가 확정된다.","전병주가 재벌 장남 수사의 위험과 출세 기회 사이에서 흔들린다","GA-C04","0.91"
"690","대망 690화","","96699","96839","전병주가 재벌 장남 수사의 위험과 출세 기회 사이에서 흔들린다 뒤 김인철·전병주·주성철·김범수/강남 전산팀·아파트 현관에서 새 대응이 시작된다.","김인철·전병주·주성철·김범수가 전병주는 외제차와 현금 골프백을 받고 김성균 수사를 맡으며, 주성철은 불법 도박 서버와 일본 거래소의 10억 8천만 엔을 장악하고, 김범수는 경비원에게 고등어를 줬다가 주민 대표의 갑질을 목격한다의 결과를 만든다.","김인철은 태일가스 독립 거부와 4,600억 이전 국면에서 주도권과 실익을 확보하려 한다.","전병주는 외제차와 현금 골프백을 받고 김성균 수사를 맡으며, 주성철은 불법 도박 서버와 일본 거래소의 10억 8천만 엔을 장악하고, 김범수는 경비원에게 고등어를 줬다가 주민 대표의 갑질을 목격한다","김인철은 4,600억 원 차명 비자금을 옮기는 이근홍을 통제하려고 그의 혼외자를 약점으로 조사한다.","주민 대표가 경비원의 생계까지 좌우한다는 사실에 김범수가 무거운 마음으로 돌아선다","전병주는 외제차와 현금 골프백을 받고 김성균 수사를 맡으며으로 다음 선택에 쓸 구체적 정보나 자원을 얻는다.","관계","김인철·전병주·주성철·김범수의 처지와 관계 상태가 이번 사건 결과만큼 비가역적으로 이동한다.","주민 대표가 경비원의 생계까지 좌우한다는 사실에 김범수가 무거운 마음으로 돌아선다","전병주는 외제차와 현금 골프백을 받고 김성균 수사를 맡으며의 즉시 결과가 확정된다.","주민 대표가 경비원의 생계까지 좌우한다는 사실에 김범수가 무거운 마음으로 돌아선다","GA-C04","0.91"
"691","대망 691화","","96840","96964","주민 대표가 경비원의 생계까지 좌우한다는 사실에 김범수가 무거운 마음으로 돌아선다 뒤 혁권·팔레·김성균·박상빈/한강 고수부지·태일건설 사장실에서 새 대응이 시작된다.","혁권·팔레·김성균·박상빈가 혁권은 대이란 제재를 피해 여객기 부품 추가 밀수는 거절하되 600만 달러 의약품 운송을 수락하고, 박상빈은 국민연금 지지 대가로 옥정구 측 의료법인에 100억 원을 주기로의 결과를 만든다.","혁권은 태일가스 독립 거부와 4,600억 이전 국면에서 주도권과 실익을 확보하려 한다.","혁권은 대이란 제재를 피해 여객기 부품 추가 밀수는 거절하되 600만 달러 의약품 운송을 수락하고, 박상빈은 국민연금 지지 대가로 옥정구 측 의료법인에 100억 원을 주기로 하며 용산드림타워 사고와 미분양으로 태일건설의 자금난이 심화된다","김인철은 4,600억 원 차명 비자금을 옮기는 이근홍을 통제하려고 그의 혼외자를 약점으로 조사한다.","대출 규제·공급 폭탄 탓에 수도권 사업장 세 곳의 미분양이 절반을 넘었다는 보고가 나온다","혁권은 대이란 제재를 피해 여객기 부품 추가 밀수는 거절하되 600만 달러 의약품 운송을 수락하고으로 다음 선택에 쓸 구체적 정보나 자원을 얻는다.","돈","혁권·팔레·김성균·박상빈의 처지와 돈 상태가 이번 사건 결과만큼 비가역적으로 이동한다.","대출 규제·공급 폭탄 탓에 수도권 사업장 세 곳의 미분양이 절반을 넘었다는 보고가 나온다","혁권은 대이란 제재를 피해 여객기 부품 추가 밀수는 거절하되 600만 달러 의약품 운송을 수락하고의 즉시 결과가 확정된다.","대출 규제·공급 폭탄 탓에 수도권 사업장 세 곳의 미분양이 절반을 넘었다는 보고가 나온다","GA-C04","0.91"
"692","대망 692화","","96965","97084","대출 규제·공급 폭탄 탓에 수도권 사업장 세 곳의 미분양이 절반을 넘었다는 보고가 나온다 뒤 혁권·스텐저·김범수/서울 호텔·부모 아파트에서 새 대응이 시작된다.","혁권·스텐저·김범수가 혁권은 원유 선물 숏을 청산해 4천만 달러를 벌고 태일그룹 지분을 모은 페이퍼컴퍼니로부터 계열 분리 지지를 요청받으며, 부모 집에서 주민 대표가 경비원·미화원 절반을 즉시 해고한 사정을 듣는다의 결과를 만든다.","혁권은 태일가스 독립 거부와 4,600억 이전 국면에서 주도권과 실익을 확보하려 한다.","혁권은 원유 선물 숏을 청산해 4천만 달러를 벌고 태일그룹 지분을 모은 페이퍼컴퍼니로부터 계열 분리 지지를 요청받으며, 부모 집에서 주민 대표가 경비원·미화원 절반을 즉시 해고한 사정을 듣는다","김인철은 4,600억 원 차명 비자금을 옮기는 이근홍을 통제하려고 그의 혼외자를 약점으로 조사한다.","무관하다고 여긴 아파트 인원 감축 문제에 혁권이 곧 직접 엮일 전조가 드리운다","혁권은 원유 선물 숏을 청산해 4천만 달러를 벌고 태일그룹 지분을 모은 페이퍼컴퍼니로부터 계열 분리 지지를 요청받으며으로 다음 선택에 쓸 구체적 정보나 자원을 얻는다.","돈","혁권·스텐저·김범수의 처지와 돈 상태가 이번 사건 결과만큼 비가역적으로 이동한다.","무관하다고 여긴 아파트 인원 감축 문제에 혁권이 곧 직접 엮일 전조가 드리운다","혁권은 원유 선물 숏을 청산해 4천만 달러를 벌고 태일그룹 지분을 모은 페이퍼컴퍼니로부터 계열 분리 지지를 요청받으며의 즉시 결과가 확정된다.","무관하다고 여긴 아파트 인원 감축 문제에 혁권이 곧 직접 엮일 전조가 드리운다","GA-C04","0.91"
"693","대망 693화","","97085","97225","무관하다고 여긴 아파트 인원 감축 문제에 혁권이 곧 직접 엮일 전조가 드리운다 뒤 혁권·김범수·주민 대표·심치국/경찰서 수사과에서 새 대응이 시작된다.","혁권·김범수·주민 대표·심치국가 김범수가 해고자들에게 물을 뿌린 주민 대표를 말리다 쌍방 폭행 조사를 받자 혁권이 지석영을 부르고, 시의회 의장 심치국이 직위를 내세워 구속을 요구하지만 백성균과 혁권에게 제압당한다의 결과를 만든다.","혁권은 태일가스 독립 거부와 4,600억 이전 국면에서 주도권과 실익을 확보하려 한다.","김범수가 해고자들에게 물을 뿌린 주민 대표를 말리다 쌍방 폭행 조사를 받자 혁권이 지석영을 부르고, 시의회 의장 심치국이 직위를 내세워 구속을 요구하지만 백성균과 혁권에게 제압당한다","김인철은 4,600억 원 차명 비자금을 옮기는 이근홍을 통제하려고 그의 혼외자를 약점으로 조사한다.","백성균과 혁권에게 제압당한다","김범수가 해고자들에게 물을 뿌린 주민 대표를 말리다 쌍방 폭행 조사를 받자 혁권이 지석영을 부르고으로 다음 선택에 쓸 구체적 정보나 자원을 얻는다.","세계","혁권·김범수·주민 대표·심치국의 처지와 세계 상태가 이번 사건 결과만큼 비가역적으로 이동한다.","도착한 지석영이 심치국의 뒷배까지 캐서 사건을 깔끔히 정리하겠다고 나선다","김범수가 해고자들에게 물을 뿌린 주민 대표를 말리다 쌍방 폭행 조사를 받자 혁권이 지석영을 부르고의 즉시 결과가 확정된다.","도착한 지석영이 심치국의 뒷배까지 캐서 사건을 깔끔히 정리하겠다고 나선다","GA-C04","0.91"
"694","대망 694화","","97226","97361","도착한 지석영이 심치국의 뒷배까지 캐서 사건을 깔끔히 정리하겠다고 나선다 뒤 혁권·지석영·김범수/경찰서·부모 집·서초동 빌라에서 새 대응이 시작된다.","혁권·지석영·김범수가 CCTV로 주민 대표의 선제 시비가 확인돼 치료비 없이 신고를 취소하는 합의가 이뤄지고, 혁권은 부모를 모욕한 심치국을 응징하라 지시한 뒤 무인 방범 계약이 시세보다 2억 원 부풀려진 사실을 듣는다의 결과를 만든다.","혁권은 태일가스 독립 거부와 4,600억 이전 국면에서 주도권과 실익을 확보하려 한다.","CCTV로 주민 대표의 선제 시비가 확인돼 치료비 없이 신고를 취소하는 합의가 이뤄지고, 혁권은 부모를 모욕한 심치국을 응징하라 지시한 뒤 무인 방범 계약이 시세보다 2억 원 부풀려진 사실을 듣는다","김인철은 4,600억 원 차명 비자금을 옮기는 이근홍을 통제하려고 그의 혼외자를 약점으로 조사한다.","무인 방범 계약이 시세보다 2억 원 부풀려진 사실을 듣는다","CCTV로 주민 대표의 선제 시비가 확인돼 치료비 없이 신고를 취소하는 합의가 이뤄지고으로 다음 선택에 쓸 구체적 정보나 자원을 얻는다.","돈","혁권·지석영·김범수의 처지와 돈 상태가 이번 사건 결과만큼 비가역적으로 이동한다.","지석영이 심치국 부부가 아파트 공사비를 빼돌려 선거 비자금을 만들려 했다고 추정한다","CCTV로 주민 대표의 선제 시비가 확인돼 치료비 없이 신고를 취소하는 합의가 이뤄지고의 즉시 결과가 확정된다.","지석영이 심치국 부부가 아파트 공사비를 빼돌려 선거 비자금을 만들려 했다고 추정한다","GA-C04","0.91"
"695","대망 695화","","97362","97494","지석영이 심치국 부부가 아파트 공사비를 빼돌려 선거 비자금을 만들려 했다고 추정한다 뒤 혁권·지석영·심치국·양익현/서초동 빌라·시의회 의장실에서 새 대응이 시작된다.","혁권·지석영·심치국·양익현가 혁권은 심치국을 검찰에 바로 넘기지 말고 밑바닥까지 끌어내리기로의 결과를 만든다.","혁권은 태일가스 독립 거부와 4,600억 이전 국면에서 주도권과 실익을 확보하려 한다.","혁권은 심치국을 검찰에 바로 넘기지 말고 밑바닥까지 끌어내리기로 하며, 양익현은 혁권 부모와 충돌한 책임을 물어 심치국의 마포구청장 공천 지원을 철회하고 용서를 받아 오라고 명령한다","김인철은 4,600억 원 차명 비자금을 옮기는 이근홍을 통제하려고 그의 혼외자를 약점으로 조사한다.","백성균의 조사로 아파트 공금 3억 원 유용과 부국전자의 서울시 CCTV 납품 비리까지 드러난다","혁권은 심치국을 검찰에 바로 넘기지 말고 밑바닥까지 끌어내리기로 하며으로 다음 선택에 쓸 구체적 정보나 자원을 얻는다.","돈","혁권·지석영·심치국·양익현의 처지와 돈 상태가 이번 사건 결과만큼 비가역적으로 이동한다.","백성균의 조사로 아파트 공금 3억 원 유용과 부국전자의 서울시 CCTV 납품 비리까지 드러난다","혁권은 심치국을 검찰에 바로 넘기지 말고 밑바닥까지 끌어내리기로 하며의 즉시 결과가 확정된다.","백성균의 조사로 아파트 공금 3억 원 유용과 부국전자의 서울시 CCTV 납품 비리까지 드러난다","GA-C04","0.91"
"696","대망 696화","","97495","97611","백성균의 조사로 아파트 공금 3억 원 유용과 부국전자의 서울시 CCTV 납품 비리까지 드러난다 뒤 혁권·백성균·심치국·김덕현/혁권 자택·시의회·솔 루시두스에서 새 대응이 시작된다.","혁권·백성균·심치국·김덕현가 혁권은 심치국 부부의 공금 유용과 부국전자 싸구려 CCTV 납품 자료를 지석영에게 넘기고, 솔 루시두스에서는 350억 원을 들인 미리내 명동점 개장 계획과 매장량 6억 배럴짜리 퍼미언 셰일광구의 2억 5천만 달러 인수 제안을 검토한다의 결과를 만든다.","혁권은 태일가스 독립 거부와 4,600억 이전 국면에서 주도권과 실익을 확보하려 한다.","혁권은 심치국 부부의 공금 유용과 부국전자 싸구려 CCTV 납품 자료를 지석영에게 넘기고, 솔 루시두스에서는 350억 원을 들인 미리내 명동점 개장 계획과 매장량 6억 배럴짜리 퍼미언 셰일광구의 2억 5천만 달러 인수 제안을 검토한다","김인철은 4,600억 원 차명 비자금을 옮기는 이근홍을 통제하려고 그의 혼외자를 약점으로 조사한다.","채권으로 대금을 치를 수 있다는 조건에 혁권이 셰일광구 투자 가능성을 진지하게 따진다","김인철은 독립보다 태일그룹 전체의 권력 승계를 택해 가족과의 충돌을 정면화한다.","돈","혁권·백성균·심치국·김덕현의 처지와 돈 상태가 이번 사건 결과만큼 비가역적으로 이동한다.","채권으로 대금을 치를 수 있다는 조건에 혁권이 셰일광구 투자 가능성을 진지하게 따진다","혁권은 심치국 부부의 공금 유용과 부국전자 싸구려 CCTV 납품 자료를 지석영에게 넘기고의 즉시 결과가 확정된다.","채권으로 대금을 치를 수 있다는 조건에 혁권이 셰일광구 투자 가능성을 진지하게 따진다","GA-C04","0.91"
"697","대망 697화","돈은 피보다 진하다","97612","97745","채권으로 대금을 치를 수 있다는 조건에 혁권이 셰일광구 투자 가능성을 진지하게 따진다 뒤 혁권·김덕현·심치국/솔 루시두스 대표실·심치국 자택에서 새 대응이 시작된다.","혁권·김덕현·심치국가 혁권은 퍼미언 광구를 현장 확인 후 인수하기로 하고 사과하러 온 심치국을 모욕해 내쫓는다 [#돈은 피보다 진하다] 공천이 위태로워진 심치국은 양익현 등에게 준 뇌물 내역과 녹음 파일을 금고에서 꺼낸다의 결과를 만든다.","혁권은 퍼미언 광구와 심치국의 뇌물 금고 국면에서 주도권과 실익을 확보하려 한다.","혁권은 퍼미언 광구를 현장 확인 후 인수하기로 하고 사과하러 온 심치국을 모욕해 내쫓는다 [#돈은 피보다 진하다] 공천이 위태로워진 심치국은 양익현 등에게 준 뇌물 내역과 녹음 파일을 금고에서 꺼낸다","사과하러 온 심치국은 혁권에게 모욕당해 쫓겨나고 공천까지 위태로워진다. 여기에 심치국이 공천을 빼앗기면 비장의 뇌물 증거를 폭로하겠다고 결심한다라는 새 불확실성도 겹친다.","심치국이 공천을 빼앗기면 비장의 뇌물 증거를 폭로하겠다고 결심한다","혁권은 퍼미언 광구를 현장 확인 후 인수하기로 하고 사과하러 온 심치국을 모욕해 내쫓는다 [#돈은 피보다 진하다] 공천이 위태로워진 심치국은 양익현 등에게 준 뇌물 내역과 녹음 파일을 금고에서 꺼낸다으로 다음 선택에 쓸 구체적 정보나 자원을 얻는다.","세계","혁권·김덕현·심치국의 처지와 세계 상태가 이번 사건 결과만큼 비가역적으로 이동한다.","심치국이 공천을 빼앗기면 비장의 뇌물 증거를 폭로하겠다고 결심한다","혁권은 퍼미언 광구를 현장 확인 후 인수하기로 하고 사과하러 온 심치국을 모욕해 내쫓는다 [#돈은 피보다 진하다] 공천이 위태로워진 심치국은 양익현 등에게 준 뇌물 내역과 녹음 파일을 금고에서 꺼낸다의 즉시 결과가 확정된다.","심치국이 공천을 빼앗기면 비장의 뇌물 증거를 폭로하겠다고 결심한다","GA-C05","0.91"
"698","대망 698화","","97746","97872","심치국이 공천을 빼앗기면 비장의 뇌물 증거를 폭로하겠다고 결심한다 뒤 심치국·검찰·혁권·김인철·오차돈/시의회·명동 미리내점·태일그룹에서 새 대응이 시작된다.","심치국·검찰·혁권·김인철·오차돈가 심치국은 아파트 공금에서 빼돌린 현금 2억 원을 양익현에게 바치려다 불법 정치자금·횡령·배임 혐의로 체포되고, 혁권은 해고된 경비원·미화원을 명동점 직원으로 채용의 결과를 만든다.","심치국은 퍼미언 광구와 심치국의 뇌물 금고 국면에서 주도권과 실익을 확보하려 한다.","심치국은 아파트 공금에서 빼돌린 현금 2억 원을 양익현에게 바치려다 불법 정치자금·횡령·배임 혐의로 체포되고, 혁권은 해고된 경비원·미화원을 명동점 직원으로 채용하며, 오차돈은 김인철에게 계열 분리 저지를 요구한다","사과하러 온 심치국은 혁권에게 모욕당해 쫓겨나고 공천까지 위태로워진다.","김인철이 태일가스만 받고 물러서지 않으며 숨겨 둔 대응책이 있다고 장담한다","심치국은 아파트 공금에서 빼돌린 현금 2억 원을 양익현에게 바치려다 불법 정치자금·횡령·배임 혐의로 체포되고으로 다음 선택에 쓸 구체적 정보나 자원을 얻는다.","관계","심치국·검찰·혁권·김인철·오차돈의 처지와 관계 상태가 이번 사건 결과만큼 비가역적으로 이동한다.","김인철이 태일가스만 받고 물러서지 않으며 숨겨 둔 대응책이 있다고 장담한다","심치국은 아파트 공금에서 빼돌린 현금 2억 원을 양익현에게 바치려다 불법 정치자금·횡령·배임 혐의로 체포되고의 즉시 결과가 확정된다.","김인철이 태일가스만 받고 물러서지 않으며 숨겨 둔 대응책이 있다고 장담한다","GA-C05","0.91"
"699","대망 699화","","97873","98007","김인철이 태일가스만 받고 물러서지 않으며 숨겨 둔 대응책이 있다고 장담한다 뒤 김인철·전병주·김성균/태일그룹 사무실·김포 아파트 현장에서 새 대응이 시작된다.","김인철·전병주·김성균가 대검의 양익현 비리 수사 때문에 미루던 전병주를 김인철이 현금 든 사과 상자로 재차 매수해 김성균 긴급체포 영장을 신청하게 하고, 김성균은 420세대 할인 분양에 반발하는 계약자 보상을 거부한다의 결과를 만든다.","김인철은 퍼미언 광구와 심치국의 뇌물 금고 국면에서 주도권과 실익을 확보하려 한다.","대검의 양익현 비리 수사 때문에 미루던 전병주를 김인철이 현금 든 사과 상자로 재차 매수해 김성균 긴급체포 영장을 신청하게 하고, 김성균은 420세대 할인 분양에 반발하는 계약자 보상을 거부한다","사과하러 온 심치국은 혁권에게 모욕당해 쫓겨나고 공천까지 위태로워진다.","김포 현장에 전병주와 서울지검 수사관들이 나타나 김성균 앞에서 신분을 밝힌다","대검의 양익현 비리 수사 때문에 미루던 전병주를 김인철이 현금 든 사과 상자로 재차 매수해 김성균 긴급체포 영장을 신청하게 하고으로 다음 선택에 쓸 구체적 정보나 자원을 얻는다.","관계","김인철·전병주·김성균의 처지와 관계 상태가 이번 사건 결과만큼 비가역적으로 이동한다.","김포 현장에 전병주와 서울지검 수사관들이 나타나 김성균 앞에서 신분을 밝힌다","대검의 양익현 비리 수사 때문에 미루던 전병주를 김인철이 현금 든 사과 상자로 재차 매수해 김성균 긴급체포 영장을 신청하게 하고의 즉시 결과가 확정된다.","김포 현장에 전병주와 서울지검 수사관들이 나타나 김성균 앞에서 신분을 밝힌다","GA-C05","0.91"
"700","대망 700화","","98008","98130","김포 현장에 전병주와 서울지검 수사관들이 나타나 김성균 앞에서 신분을 밝힌다 뒤 김성균·전병주·혁권·박상빈/김포 현장·서울지검에서 새 대응이 시작된다.","김성균·전병주·혁권·박상빈가 전병주는 캡타곤 상습 투약 혐의로 김성균을 체포해 기자들 앞에 세우고 사장실·차량·자택을 압수수색의 결과를 만든다.","김성균은 퍼미언 광구와 심치국의 뇌물 금고 국면에서 주도권과 실익을 확보하려 한다.","전병주는 캡타곤 상습 투약 혐의로 김성균을 체포해 기자들 앞에 세우고 사장실·차량·자택을 압수수색하며, 혁권은 밀수 혐의까지 있다는 보고로 임시 주총 무산을 예상하고, 박상빈은 그룹 인맥을 동원해 사건 수습에 나선다","사과하러 온 심치국은 혁권에게 모욕당해 쫓겨나고 공천까지 위태로워진다.","조사실에서 김귀원 변호사가 모든 혐의를 부인하며 오히려 검찰에 책임을 묻겠다고 압박한다","전병주는 캡타곤 상습 투약 혐의로 김성균을 체포해 기자들 앞에 세우고 사장실·차량·자택을 압수수색하며으로 다음 선택에 쓸 구체적 정보나 자원을 얻는다.","지위","김성균·전병주·혁권·박상빈의 처지와 지위 상태가 이번 사건 결과만큼 비가역적으로 이동한다.","조사실에서 김귀원 변호사가 모든 혐의를 부인하며 오히려 검찰에 책임을 묻겠다고 압박한다","전병주는 캡타곤 상습 투약 혐의로 김성균을 체포해 기자들 앞에 세우고 사장실·차량·자택을 압수수색하며의 즉시 결과가 확정된다.","조사실에서 김귀원 변호사가 모든 혐의를 부인하며 오히려 검찰에 책임을 묻겠다고 압박한다","GA-C05","0.91"
"701","대망 701화","","98131","98253","조사실에서 김귀원 변호사가 모든 혐의를 부인하며 오히려 검찰에 책임을 묻겠다고 압박한다 뒤 전병주·김성균·박상빈·이두현/서울지검·북악스카이웨이 팔각정에서 새 대응이 시작된다.","전병주·김성균·박상빈·이두현가 전병주는 김성균 사장실에서 나온 캡타곤 수십 정을 제시해 결백 주장을 무너뜨리고, 박상빈은 사건 무마 청탁 뒤 고혈압약으로 위장된 독약을 먹어 숨지며 이두현은 차민성의 지시로 심장마비처럼 꾸미고 20억 원을 받기로 한다의 결과를 만든다.","전병주은 퍼미언 광구와 심치국의 뇌물 금고 국면에서 주도권과 실익을 확보하려 한다.","전병주는 김성균 사장실에서 나온 캡타곤 수십 정을 제시해 결백 주장을 무너뜨리고, 박상빈은 사건 무마 청탁 뒤 고혈압약으로 위장된 독약을 먹어 숨지며 이두현은 차민성의 지시로 심장마비처럼 꾸미고 20억 원을 받기로 한다","사과하러 온 심치국은 혁권에게 모욕당해 쫓겨나고 공천까지 위태로워진다.","고혈압약으로 위장된 독약을 먹어 숨지며 이두현은 차민성의 지시로 심장마비처럼 꾸미고 20억 원을 받기로 한다","전병주는 김성균 사장실에서 나온 캡타곤 수십 정을 제시해 결백 주장을 무너뜨리고으로 다음 선택에 쓸 구체적 정보나 자원을 얻는다.","지위","전병주·김성균·박상빈·이두현의 처지와 지위 상태가 이번 사건 결과만큼 비가역적으로 이동한다.","이두현이 독약과 약통을 없애 증거를 인멸하고 김인철은 바에서 결과를 기다린다","전병주는 김성균 사장실에서 나온 캡타곤 수십 정을 제시해 결백 주장을 무너뜨리고의 즉시 결과가 확정된다.","이두현이 독약과 약통을 없애 증거를 인멸하고 김인철은 바에서 결과를 기다린다","GA-C05","0.91"
"702","대망 702화","","98254","98391","이두현이 독약과 약통을 없애 증거를 인멸하고 김인철은 바에서 결과를 기다린다 뒤 김인철·혁권·소현·김성균/바·서초동 빌라·검찰 접견실에서 새 대응이 시작된다.","김인철·혁권·소현·김성균가 김인철은 차민성에게 박상빈 제거 완료를 보고받고, 혁권은 소현과 있다가 사망 소식을 접한 뒤 김인철이 검찰 수사와 살인을 결합해 판을 뒤집었다고 의심해 태일그룹 주주 명부를 요구의 결과를 만든다.","김인철은 퍼미언 광구와 심치국의 뇌물 금고 국면에서 주도권과 실익을 확보하려 한다.","김인철은 차민성에게 박상빈 제거 완료를 보고받고, 혁권은 소현과 있다가 사망 소식을 접한 뒤 김인철이 검찰 수사와 살인을 결합해 판을 뒤집었다고 의심해 태일그룹 주주 명부를 요구하며, 김성균은 임시 주총 연기를 받아들인다","사과하러 온 심치국은 혁권에게 모욕당해 쫓겨나고 공천까지 위태로워진다.","김인철이 검찰 수사와 살인을 결합해 판을 뒤집었다고 의심해 태일그룹 주주 명부를 요구하며, 김성균은 임시 주총 연기를 받아들인다","심치국은 금고에서 증거를 꺼내 공천을 빼앗길 경우 폭로할 비장의 카드로 삼는다.","지위","김인철·혁권·소현·김성균의 처지와 지위 상태가 이번 사건 결과만큼 비가역적으로 이동한다.","김귀원은 구속이 유력하지만 법원에 손을 써 보석으로 곧 풀려날 수 있다고 김성균을 안심시킨다","김인철은 차민성에게 박상빈 제거 완료를 보고받고의 즉시 결과가 확정된다.","김귀원은 구속이 유력하지만 법원에 손을 써 보석으로 곧 풀려날 수 있다고 김성균을 안심시킨다","GA-C05","0.91"
"703","대망 703화","네 마음대로는 안 될 거야Ⅰ","98392","98518","김귀원은 구속이 유력하지만 법원에 손을 써 보석으로 곧 풀려날 수 있다고 김성균을 안심시킨다 뒤 김성균·전병주·오귀남/검찰 접견실·서울지검장실에서 새 대응이 시작된다.","김성균·전병주·오귀남가 김성균은 돈을 얼마든 써서 보석을 성사시키라 명령하고, 오귀남 지검장은 전병주의 김성균 수사에 검사 둘을 붙여 전폭 지원하면서 이를 조의창 정책실장 비리 스캔들을 덮을 카드로 청와대와 거래한다 이어 [#네 마음대로는 안 될 거야Ⅰ] 김성균의 구속영장 발부를 확인하고, 양익현이 청와대와 조의창 특검 무산을 거래한 뒤 배신한 심치국에게 중형을 압박했다는 보고를 받아 심치국 사건에서 손을 뗀다의 결과를 만든다.","김성균은 김성균 구속과 심치국 보복 국면에서 주도권과 실익을 확보하려 한다.","김성균은 돈을 얼마든 써서 보석을 성사시키라 명령하고, 오귀남 지검장은 전병주의 김성균 수사에 검사 둘을 붙여 전폭 지원하면서 이를 조의창 정책실장 비리 스캔들을 덮을 카드로 청와대와 거래한다 이어 [#네 마음대로는 안 될 거야Ⅰ] 김성균의 구속영장 발부를 확인하고, 양익현이 청와대와 조의창 특검 무산을 거래한 뒤 배신한 심치국에게 중형을 압박했다는 보고를 받아 심치국 사건에서 손을 뗀다","오귀남은 전병주의 김성균 수사에 검사 둘을 붙이고 조의창 정책실장 비리 스캔들을 덮을 카드로 청와대와 거래한다. 여기에 태일그룹의 청탁을 접으려던 오귀남이 청와대 편으로 갈아타며 김성균 사건의 확전을 예고한다 이어 양익현의 보복으로 심치국의 장기 수감이 확실해진다라는 새 불확실성도 겹친다.","배신한 심치국에게 중형을 압박했다는 보고를 받아 심치국 사건에서 손을 뗀다","김성균은 돈을 얼마든 써서 보석을 성사시키라 명령하고으로 다음 선택에 쓸 구체적 정보나 자원을 얻는다.","관계","김성균·전병주·오귀남의 처지와 관계 상태가 이번 사건 결과만큼 비가역적으로 이동한다.","태일그룹의 청탁을 접으려던 오귀남이 청와대 편으로 갈아타며 김성균 사건의 확전을 예고한다 이어 양익현의 보복으로 심치국의 장기 수감이 확실해진다","김성균은 돈을 얼마든 써서 보석을 성사시키라 명령하고의 즉시 결과가 확정된다.","태일그룹의 청탁을 접으려던 오귀남이 청와대 편으로 갈아타며 김성균 사건의 확전을 예고한다 이어 양익현의 보복으로 심치국의 장기 수감이 확실해진다","GA-C06","0.91"
"704","대망 704화","","98519","98641","태일그룹의 청탁을 접으려던 오귀남이 청와대 편으로 갈아타며 김성균 사건의 확전을 예고한다 이어 양익현의 보복으로 심치국의 장기 수감이 확실해진다 뒤 소현·어머니/새 고급 오피스텔에서 새 대응이 시작된다.","소현·어머니가 소현은 어머니에게 혁권과 결혼까지 생각한다고 털어놓고 소개를 약속의 결과를 만든다.","소현은 김성균 구속과 심치국 보복 국면에서 주도권과 실익을 확보하려 한다.","소현은 어머니에게 혁권과 결혼까지 생각한다고 털어놓고 소개를 약속하며, 박상빈의 썰렁한 빈소를 나온 이근홍은 차민성 일당에게 납치돼 김인철 앞에서 비자금·차명주식 해외 이전 작업을 추궁받는다","오귀남은 전병주의 김성균 수사에 검사 둘을 붙이고 조의창 정책실장 비리 스캔들을 덮을 카드로 청와대와 거래한다.","김인철이 극비 페이퍼컴퍼니 작업을 알고 있자 이근홍이 평정심을 잃는다","소현은 어머니에게 혁권과 결혼까지 생각한다고 털어놓고 소개를 약속하며으로 다음 선택에 쓸 구체적 정보나 자원을 얻는다.","관계","소현·어머니의 처지와 관계 상태가 이번 사건 결과만큼 비가역적으로 이동한다.","김인철이 극비 페이퍼컴퍼니 작업을 알고 있자 이근홍이 평정심을 잃는다","소현은 어머니에게 혁권과 결혼까지 생각한다고 털어놓고 소개를 약속하며의 즉시 결과가 확정된다.","김인철이 극비 페이퍼컴퍼니 작업을 알고 있자 이근홍이 평정심을 잃는다","GA-C06","0.91"
"705","대망 705화","","98642","98761","김인철이 극비 페이퍼컴퍼니 작업을 알고 있자 이근홍이 평정심을 잃는다 뒤 김인철·이근홍/교외 별장에서 새 대응이 시작된다.","김인철·이근홍가 이근홍은 버진아일랜드 페이퍼컴퍼니를 넘기는 대가로 그룹 법무팀장 자리와 1천만 달러를 받기로 하고, 혁권은 이란 혁명수비대를 이스라엘과의 협상장에 데려오면 대이란 거래를 한 차례 용인하겠다는 CIA 제안을 거절한다의 결과를 만든다.","김인철은 김성균 구속과 심치국 보복 국면에서 주도권과 실익을 확보하려 한다.","이근홍은 버진아일랜드 페이퍼컴퍼니를 넘기는 대가로 그룹 법무팀장 자리와 1천만 달러를 받기로 하고, 혁권은 이란 혁명수비대를 이스라엘과의 협상장에 데려오면 대이란 거래를 한 차례 용인하겠다는 CIA 제안을 거절한다","오귀남은 전병주의 김성균 수사에 검사 둘을 붙이고 조의창 정책실장 비리 스캔들을 덮을 카드로 청와대와 거래한다.","이스라엘이 예비군과 기갑부대를 골란고원에 모으는데도 혁권은 중재에서 손을 뗀다","이근홍은 버진아일랜드 페이퍼컴퍼니를 넘기는 대가로 그룹 법무팀장 자리와 1천만 달러를 받기로 하고으로 다음 선택에 쓸 구체적 정보나 자원을 얻는다.","돈","김인철·이근홍의 처지와 돈 상태가 이번 사건 결과만큼 비가역적으로 이동한다.","이스라엘이 예비군과 기갑부대를 골란고원에 모으는데도 혁권은 중재에서 손을 뗀다","이근홍은 버진아일랜드 페이퍼컴퍼니를 넘기는 대가로 그룹 법무팀장 자리와 1천만 달러를 받기로 하고의 즉시 결과가 확정된다.","이스라엘이 예비군과 기갑부대를 골란고원에 모으는데도 혁권은 중재에서 손을 뗀다","GA-C06","0.91"
"706","대망 706화","","98762","98887","이스라엘이 예비군과 기갑부대를 골란고원에 모으는데도 혁권은 중재에서 손을 뗀다 뒤 혁권·하킴·샌더슨/홍콩·아부다비행 전용기에서 새 대응이 시작된다.","혁권·하킴·샌더슨가 혁권은 CIA 제안을 거절한 채 아부다비의 만수르와 약속하고 태일산업 지분 10%를 가진 ‘명동 흑곰’ 박형윤 접촉을 지시의 결과를 만든다.","혁권은 김성균 구속과 심치국 보복 국면에서 주도권과 실익을 확보하려 한다.","혁권은 CIA 제안을 거절한 채 아부다비의 만수르와 약속하고 태일산업 지분 10%를 가진 ‘명동 흑곰’ 박형윤 접촉을 지시하며, 김성균의 보석 허가와 태일건설 수사 지속 소식을 듣는다","오귀남은 전병주의 김성균 수사에 검사 둘을 붙이고 조의창 정책실장 비리 스캔들을 덮을 카드로 청와대와 거래한다.","서울구치소 앞 취재진이 보석으로 나올 김성균을 기다린다","혁권은 CIA 제안을 거절한 채 아부다비의 만수르와 약속하고 태일산업 지분 10%를 가진 ‘명동 흑곰’ 박형윤 접촉을 지시하며으로 다음 선택에 쓸 구체적 정보나 자원을 얻는다.","관계","혁권·하킴·샌더슨의 처지와 관계 상태가 이번 사건 결과만큼 비가역적으로 이동한다.","서울구치소 앞 취재진이 보석으로 나올 김성균을 기다린다","혁권은 CIA 제안을 거절한 채 아부다비의 만수르와 약속하고 태일산업 지분 10%를 가진 ‘명동 흑곰’ 박형윤 접촉을 지시하며의 즉시 결과가 확정된다.","서울구치소 앞 취재진이 보석으로 나올 김성균을 기다린다","GA-C06","0.91"
"707","대망 707화","","98888","99007","서울구치소 앞 취재진이 보석으로 나올 김성균을 기다린다 뒤 김성균·고동욱·김귀원/서울구치소에서 새 대응이 시작된다.","김성균·고동욱·김귀원가 김성균은 보석 출소 뒤 기자들 앞에서 사죄하면서도 혐의를 부인하고, 혁권은 만수르에게 이스라엘의 시리아 남부 진격 계획을 알려 신뢰를 얻어 6천만 달러 규모 난민 구호물자 구매권을 보상받는다의 결과를 만든다.","김성균은 김성균 구속과 심치국 보복 국면에서 주도권과 실익을 확보하려 한다.","김성균은 보석 출소 뒤 기자들 앞에서 사죄하면서도 혐의를 부인하고, 혁권은 만수르에게 이스라엘의 시리아 남부 진격 계획을 알려 신뢰를 얻어 6천만 달러 규모 난민 구호물자 구매권을 보상받는다","오귀남은 전병주의 김성균 수사에 검사 둘을 붙이고 조의창 정책실장 비리 스캔들을 덮을 카드로 청와대와 거래한다.","기자들 앞에서 사죄하면서도 혐의를 부인하고, 혁권은 만수르에게 이스라엘의 시리아 남부 진격 계획을 알려 신뢰를 얻어 6천만 달러 규모 난민 구호물자 구매권을 보상받는다","김성균은 보석 출소 뒤 기자들 앞에서 사죄하면서도 혐의를 부인하고으로 다음 선택에 쓸 구체적 정보나 자원을 얻는다.","관계","김성균·고동욱·김귀원의 처지와 관계 상태가 이번 사건 결과만큼 비가역적으로 이동한다.","혁권이 의약품·식량·모포·천막 목록을 하킴에게 건네며 조달 지시를 내리려 한다","김성균은 보석 출소 뒤 기자들 앞에서 사죄하면서도 혐의를 부인하고의 즉시 결과가 확정된다.","혁권이 의약품·식량·모포·천막 목록을 하킴에게 건네며 조달 지시를 내리려 한다","GA-C06","0.91"
"708","대망 708화","","99008","99129","혁권이 의약품·식량·모포·천막 목록을 하킴에게 건네며 조달 지시를 내리려 한다 뒤 혁권·하킴·성석호/아부다비에서 새 대응이 시작된다.","혁권·하킴·성석호가 혁권은 구호물자를 보름 안에 준비하고 의약품은 삼영제약에 주문하라 지시의 결과를 만든다.","혁권은 김성균 구속과 심치국 보복 국면에서 주도권과 실익을 확보하려 한다.","혁권은 구호물자를 보름 안에 준비하고 의약품은 삼영제약에 주문하라 지시하며, 이근홍은 김성균을 속여 다음 달까지 시간을 번 뒤 비자금 4,500만 달러를 김인철에게 넘기고 100만 달러를 챙긴다","오귀남은 전병주의 김성균 수사에 검사 둘을 붙이고 조의창 정책실장 비리 스캔들을 덮을 카드로 청와대와 거래한다.","비자금 4,500만 달러를 김인철에게 넘기고 100만 달러를 챙긴다","혁권은 구호물자를 보름 안에 준비하고 의약품은 삼영제약에 주문하라 지시하며으로 다음 선택에 쓸 구체적 정보나 자원을 얻는다.","관계","혁권·하킴·성석호의 처지와 관계 상태가 이번 사건 결과만큼 비가역적으로 이동한다.","도박 사이트 감시 화면에서 주성철이 갑작스러운 자금 변화를 포착한다","혁권은 구호물자를 보름 안에 준비하고 의약품은 삼영제약에 주문하라 지시하며의 즉시 결과가 확정된다.","도박 사이트 감시 화면에서 주성철이 갑작스러운 자금 변화를 포착한다","GA-C06","0.91"
"709","대망 709화","","99130","99270","도박 사이트 감시 화면에서 주성철이 갑작스러운 자금 변화를 포착한다 뒤 주성철·서은하·혁권/사무실·아부다비에서 새 대응이 시작된다.","주성철·서은하·혁권가 주성철 부부는 4,500만 달러가 도박 사이트에서 쪼개져 체크 재팬으로 세탁되는 것을 찾아 혁권에게 알리고, 김인철은 입금 완료를 확인한 뒤 둘째 형수 홍수연에게 태일산업 지분을 시세 두 배로 넘기라고 요구한다의 결과를 만든다.","주성철은 김성균 구속과 심치국 보복 국면에서 주도권과 실익을 확보하려 한다.","주성철 부부는 4,500만 달러가 도박 사이트에서 쪼개져 체크 재팬으로 세탁되는 것을 찾아 혁권에게 알리고, 김인철은 입금 완료를 확인한 뒤 둘째 형수 홍수연에게 태일산업 지분을 시세 두 배로 넘기라고 요구한다","오귀남은 전병주의 김성균 수사에 검사 둘을 붙이고 조의창 정책실장 비리 스캔들을 덮을 카드로 청와대와 거래한다.","둘째 형수 홍수연에게 태일산업 지분을 시세 두 배로 넘기라고 요구한다","주성철 부부는 4으로 다음 선택에 쓸 구체적 정보나 자원을 얻는다.","관계","주성철·서은하·혁권의 처지와 관계 상태가 이번 사건 결과만큼 비가역적으로 이동한다.","[#네 마음대로는 안 될 거야Ⅱ] 홍수연이 아이들 몫이라며 거부하자 김인철이 가족의 안전까지 거론해 위협한다","주성철 부부는 4의 즉시 결과가 확정된다.","[#네 마음대로는 안 될 거야Ⅱ] 홍수연이 아이들 몫이라며 거부하자 김인철이 가족의 안전까지 거론해 위협한다","GA-C06","0.91"
"710","대망 710화","","99271","99386","[#네 마음대로는 안 될 거야Ⅱ] 홍수연이 아이들 몫이라며 거부하자 김인철이 가족의 안전까지 거론해 위협한다 뒤 김인철·홍수연/호텔 VIP룸에서 새 대응이 시작된다.","김인철·홍수연가 김인철은 부도 위기의 홍수연 친정에 500억 원이 필요하다는 약점을 찔러 사흘의 숙고를 받아내고, 귀국한 혁권은 4,500만 달러가 국내 대포계좌 10개로 환전되는 흐름을 추적시킨 뒤 이스라엘의 다마스쿠스 공항 폭격 뉴스를 본다의 결과를 만든다.","김인철은 김성균 구속과 심치국 보복 국면에서 주도권과 실익을 확보하려 한다.","김인철은 부도 위기의 홍수연 친정에 500억 원이 필요하다는 약점을 찔러 사흘의 숙고를 받아내고, 귀국한 혁권은 4,500만 달러가 국내 대포계좌 10개로 환전되는 흐름을 추적시킨 뒤 이스라엘의 다마스쿠스 공항 폭격 뉴스를 본다","오귀남은 전병주의 김성균 수사에 검사 둘을 붙이고 조의창 정책실장 비리 스캔들을 덮을 카드로 청와대와 거래한다.","이스라엘의 다마스쿠스 공항 폭격 뉴스를 본다","김인철은 부도 위기의 홍수연 친정에 500억 원이 필요하다는 약점을 찔러 사흘의 숙고를 받아내고으로 다음 선택에 쓸 구체적 정보나 자원을 얻는다.","관계","김인철·홍수연의 처지와 관계 상태가 이번 사건 결과만큼 비가역적으로 이동한다.","주한 이란대사관 팔레가 별도 용건으로 만나자며 혁권을 이태원으로 부른다","김인철은 부도 위기의 홍수연 친정에 500억 원이 필요하다는 약점을 찔러 사흘의 숙고를 받아내고의 즉시 결과가 확정된다.","주한 이란대사관 팔레가 별도 용건으로 만나자며 혁권을 이태원으로 부른다","GA-C06","0.91"
"711","대망 711화","","99387","99510","주한 이란대사관 팔레가 별도 용건으로 만나자며 혁권을 이태원으로 부른다 뒤 혁권·팔레/이태원 이스파한 물담배 카페에서 새 대응이 시작된다.","혁권·팔레가 팔레는 25억 달러어치 민수품을 이란에 공급하면 국제가 절반의 원유로 결제하고 솔레이마니의 친구가 될 수 있다고 제안해 승낙을 얻으며, 혁권은 CIA 중재를 맡는 조건으로 VLCC 25척분 원유와 맞교환 물품의 제재 묵인을 요구한다의 결과를 만든다.","혁권은 김성균 구속과 심치국 보복 국면에서 주도권과 실익을 확보하려 한다.","팔레는 25억 달러어치 민수품을 이란에 공급하면 국제가 절반의 원유로 결제하고 솔레이마니의 친구가 될 수 있다고 제안해 승낙을 얻으며, 혁권은 CIA 중재를 맡는 조건으로 VLCC 25척분 원유와 맞교환 물품의 제재 묵인을 요구한다","오귀남은 전병주의 김성균 수사에 검사 둘을 붙이고 조의창 정책실장 비리 스캔들을 덮을 카드로 청와대와 거래한다.","솔레이마니와의 담판 가능성에 흔들린 샌더슨이 하루 뒤 답하겠다고 한다","팔레는 25억 달러어치 민수품을 이란에 공급하면 국제가 절반의 원유로 결제하고 솔레이마니의 친구가 될 수 있다고 제안해 승낙을 얻으며으로 다음 선택에 쓸 구체적 정보나 자원을 얻는다.","돈","혁권·팔레의 처지와 돈 상태가 이번 사건 결과만큼 비가역적으로 이동한다.","솔레이마니와의 담판 가능성에 흔들린 샌더슨이 하루 뒤 답하겠다고 한다","팔레는 25억 달러어치 민수품을 이란에 공급하면 국제가 절반의 원유로 결제하고 솔레이마니의 친구가 될 수 있다고 제안해 승낙을 얻으며의 즉시 결과가 확정된다.","솔레이마니와의 담판 가능성에 흔들린 샌더슨이 하루 뒤 답하겠다고 한다","GA-C06","0.91"
"712","대망 712화","","99511","99612","솔레이마니와의 담판 가능성에 흔들린 샌더슨이 하루 뒤 답하겠다고 한다 뒤 러셀·브랜스테드·로스/미국 국무장관 관저에서 새 대응이 시작된다.","러셀·브랜스테드·로스가 미국 수뇌부는 중동 전면전 방지를 위해 혁권의 대이란 대규모 거래를 묵인하는 안을 대통령에게 올리기로 하고, 혁권은 세탁된 530억 원이 김인철에게 갔으며 차민성이 홍수연과 은밀히 만났다는 보고를 받아 속셈을 캐라고 지시한다의 결과를 만든다.","러셀은 김성균 구속과 심치국 보복 국면에서 주도권과 실익을 확보하려 한다.","미국 수뇌부는 중동 전면전 방지를 위해 혁권의 대이란 대규모 거래를 묵인하는 안을 대통령에게 올리기로 하고, 혁권은 세탁된 530억 원이 김인철에게 갔으며 차민성이 홍수연과 은밀히 만났다는 보고를 받아 속셈을 캐라고 지시한다","오귀남은 전병주의 김성균 수사에 검사 둘을 붙이고 조의창 정책실장 비리 스캔들을 덮을 카드로 청와대와 거래한다.","혁권이 태일산업 지분 10%를 사기 위해 ‘명동 흑곰’ 박형윤의 기와집에 들어간다","미국 수뇌부는 중동 전면전 방지를 위해 혁권의 대이란 대규모 거래를 묵인하는 안을 대통령에게 올리기로 하고으로 다음 선택에 쓸 구체적 정보나 자원을 얻는다.","관계","러셀·브랜스테드·로스의 처지와 관계 상태가 이번 사건 결과만큼 비가역적으로 이동한다.","혁권이 태일산업 지분 10%를 사기 위해 ‘명동 흑곰’ 박형윤의 기와집에 들어간다","미국 수뇌부는 중동 전면전 방지를 위해 혁권의 대이란 대규모 거래를 묵인하는 안을 대통령에게 올리기로 하고의 즉시 결과가 확정된다.","혁권이 태일산업 지분 10%를 사기 위해 ‘명동 흑곰’ 박형윤의 기와집에 들어간다","GA-C06","0.91"
"713","대망 713화","","99613","99748","혁권이 태일산업 지분 10%를 사기 위해 ‘명동 흑곰’ 박형윤의 기와집에 들어간다 뒤 혁권·박형윤/시골 기와집에서 새 대응이 시작된다.","혁권·박형윤가 박형윤은 태일산업 10%가 ‘큰아들 몫’이라며 3천억 원대 제안을 거절하고, 홍수연은 500억 원과 백화점·유통 계열분리 약속을 받고 김문관의 지분을 김인철에게 비밀 매도의 결과를 만든다.","혁권은 김성균 구속과 심치국 보복 국면에서 주도권과 실익을 확보하려 한다.","박형윤은 태일산업 10%가 ‘큰아들 몫’이라며 3천억 원대 제안을 거절하고, 홍수연은 500억 원과 백화점·유통 계열분리 약속을 받고 김문관의 지분을 김인철에게 비밀 매도하며, 솔레이마니는 혁권의 면담을 수락한다","오귀남은 전병주의 김성균 수사에 검사 둘을 붙이고 조의창 정책실장 비리 스캔들을 덮을 카드로 청와대와 거래한다.","혁권이 이란 주문량 절반을 원유 인수 때 먼저 가져가겠다고 약속한다","오귀남은 태일그룹 쪽 청탁을 접고 청와대 편으로 돌아서 김성균 사건의 확전을 선택한다.","관계","혁권·박형윤의 처지와 관계 상태가 이번 사건 결과만큼 비가역적으로 이동한다.","혁권이 이란 주문량 절반을 원유 인수 때 먼저 가져가겠다고 약속한다","박형윤은 태일산업 10%가 ‘큰아들 몫’이라며 3천억 원대 제안을 거절하고의 즉시 결과가 확정된다.","혁권이 이란 주문량 절반을 원유 인수 때 먼저 가져가겠다고 약속한다","GA-C06","0.91"
"714","대망 714화","키돈Kidon","99749","99883","혁권이 이란 주문량 절반을 원유 인수 때 먼저 가져가겠다고 약속한다 뒤 혁권·성석호/서울·아테네 통화에서 새 대응이 시작된다.","혁권·성석호가 혁권은 ULCC 5척과 VLCC 7척 등 선단 임대를 확정하고, 모사드 국장 스텔마치는 거래 저지와 복수를 위해 키돈 책임자 슈페너에게 혁권 암살을 맡겨 한국에 잠입시킨다의 결과를 만든다.","혁권은 유조선 선단과 키돈 잠입 국면에서 주도권과 실익을 확보하려 한다.","혁권은 ULCC 5척과 VLCC 7척 등 선단 임대를 확정하고, 모사드 국장 스텔마치는 거래 저지와 복수를 위해 키돈 책임자 슈페너에게 혁권 암살을 맡겨 한국에 잠입시킨다","모사드 국장 스텔마치는 거래 저지와 복수를 위해 키돈 책임자 슈페너에게 혁권 암살을 맡긴다. 여기에 [#키돈Kidon] 하킴이 홍수연의 ST해운 대여금과 김인철 자금 530억 원이 일치한다고 보고하고 혁권이 숨은 주식 거래를 의심한다라는 새 불확실성도 겹친다.","[#키돈Kidon] 하킴이 홍수연의 ST해운 대여금과 김인철 자금 530억 원이 일치한다고 보고하고 혁권이 숨은 주식 거래를 의심한다","혁권은 ULCC 5척과 VLCC 7척 등 선단 임대를 확정하고으로 다음 선택에 쓸 구체적 정보나 자원을 얻는다.","세계","혁권·성석호의 처지와 세계 상태가 이번 사건 결과만큼 비가역적으로 이동한다.","[#키돈Kidon] 하킴이 홍수연의 ST해운 대여금과 김인철 자금 530억 원이 일치한다고 보고하고 혁권이 숨은 주식 거래를 의심한다","혁권은 ULCC 5척과 VLCC 7척 등 선단 임대를 확정하고의 즉시 결과가 확정된다.","[#키돈Kidon] 하킴이 홍수연의 ST해운 대여금과 김인철 자금 530억 원이 일치한다고 보고하고 혁권이 숨은 주식 거래를 의심한다","GA-C07","0.91"
"715","대망 715화","","99884","100006","[#키돈Kidon] 하킴이 홍수연의 ST해운 대여금과 김인철 자금 530억 원이 일치한다고 보고하고 혁권이 숨은 주식 거래를 의심한다 뒤 혁권·하킴·백성균/자택에서 새 대응이 시작된다.","혁권·하킴·백성균가 혁권은 홍수연이 태일산업 3%를 이면계약으로 김인철에게 넘겼다고 간파하고 불법도박 사이트와 체크 재팬 파괴를 지시의 결과를 만든다.","혁권은 유조선 선단과 키돈 잠입 국면에서 주도권과 실익을 확보하려 한다.","혁권은 홍수연이 태일산업 3%를 이면계약으로 김인철에게 넘겼다고 간파하고 불법도박 사이트와 체크 재팬 파괴를 지시하며, 박형윤이 북한에 두고 온 큰아들 몫으로 지분을 보관했다는 가족사를 알아낸다","모사드 국장 스텔마치는 거래 저지와 복수를 위해 키돈 책임자 슈페너에게 혁권 암살을 맡긴다.","슈페너가 정예 키돈 10명에게 다음 날 혁권의 빌라를 10분 안에 급습해 사살하라고 명령한다","혁권은 홍수연이 태일산업 3%를 이면계약으로 김인철에게 넘겼다고 간파하고 불법도박 사이트와 체크 재팬 파괴를 지시하며으로 다음 선택에 쓸 구체적 정보나 자원을 얻는다.","관계","혁권·하킴·백성균의 처지와 관계 상태가 이번 사건 결과만큼 비가역적으로 이동한다.","슈페너가 정예 키돈 10명에게 다음 날 혁권의 빌라를 10분 안에 급습해 사살하라고 명령한다","혁권은 홍수연이 태일산업 3%를 이면계약으로 김인철에게 넘겼다고 간파하고 불법도박 사이트와 체크 재팬 파괴를 지시하며의 즉시 결과가 확정된다.","슈페너가 정예 키돈 10명에게 다음 날 혁권의 빌라를 10분 안에 급습해 사살하라고 명령한다","GA-C07","0.91"
"716","대망 716화","","100007","100116","슈페너가 정예 키돈 10명에게 다음 날 혁권의 빌라를 10분 안에 급습해 사살하라고 명령한다 뒤 혁권·김덕현/빌라에서 새 대응이 시작된다.","혁권·김덕현가 혁권은 생산원가가 배럴당 40달러로 낮아진 퍼미언 분지 셰일오일 광구를 2억5천만 달러에 인수하도록 전권을 주고, 키돈 저격수는 철갑탄으로 혁권을 노리지만 75㎜ 방탄유리에 막혀 경호원만 맞힌다의 결과를 만든다.","혁권은 유조선 선단과 키돈 잠입 국면에서 주도권과 실익을 확보하려 한다.","혁권은 생산원가가 배럴당 40달러로 낮아진 퍼미언 분지 셰일오일 광구를 2억5천만 달러에 인수하도록 전권을 주고, 키돈 저격수는 철갑탄으로 혁권을 노리지만 75㎜ 방탄유리에 막혀 경호원만 맞힌다","모사드 국장 스텔마치는 거래 저지와 복수를 위해 키돈 책임자 슈페너에게 혁권 암살을 맡긴다.","75㎜ 방탄유리에 막혀 경호원만 맞힌다","혁권은 생산원가가 배럴당 40달러로 낮아진 퍼미언 분지 셰일오일 광구를 2억5천만 달러에 인수하도록 전권을 주고으로 다음 선택에 쓸 구체적 정보나 자원을 얻는다.","돈","혁권·김덕현의 처지와 돈 상태가 이번 사건 결과만큼 비가역적으로 이동한다.","슈페너가 알파·브라보 팀에 철문을 폭파하고 빌라로 진입하라고 명령한다","혁권은 생산원가가 배럴당 40달러로 낮아진 퍼미언 분지 셰일오일 광구를 2억5천만 달러에 인수하도록 전권을 주고의 즉시 결과가 확정된다.","슈페너가 알파·브라보 팀에 철문을 폭파하고 빌라로 진입하라고 명령한다","GA-C07","0.91"
"717","대망 717화","","100117","100245","슈페너가 알파·브라보 팀에 철문을 폭파하고 빌라로 진입하라고 명령한다 뒤 혁권·하킴·백성균·라미·아미르/서초동 빌라에서 새 대응이 시작된다.","혁권·하킴·백성균·라미·아미르가 키돈이 창문과 복도를 양면 돌파해 경호원들을 사살하자 혁권 일행은 옆집 비상탈출구로 내려가지만, 혁권은 남은 부하들을 버릴 수 없다며 되돌아가 배후 기습으로 적을 쓸어버리기로 한다의 결과를 만든다.","혁권은 유조선 선단과 키돈 잠입 국면에서 주도권과 실익을 확보하려 한다.","키돈이 창문과 복도를 양면 돌파해 경호원들을 사살하자 혁권 일행은 옆집 비상탈출구로 내려가지만, 혁권은 남은 부하들을 버릴 수 없다며 되돌아가 배후 기습으로 적을 쓸어버리기로 한다","모사드 국장 스텔마치는 거래 저지와 복수를 위해 키돈 책임자 슈페너에게 혁권 암살을 맡긴다.",", 혁권은 남은 부하들을 버릴 수 없다며 되돌아가 배후 기습으로 적을 쓸어버리기로 한다","키돈이 창문과 복도를 양면 돌파해 경호원들을 사살하자 혁권 일행은 옆집 비상탈출구로 내려가지만으로 다음 선택에 쓸 구체적 정보나 자원을 얻는다.","관계","혁권·하킴·백성균·라미·아미르의 처지와 관계 상태가 이번 사건 결과만큼 비가역적으로 이동한다.","4분째 저항에 막힌 로스버그가 수류탄을 받아 빌라 내부 돌입을 준비한다","키돈이 창문과 복도를 양면 돌파해 경호원들을 사살하자 혁권 일행은 옆집 비상탈출구로 내려가지만의 즉시 결과가 확정된다.","4분째 저항에 막힌 로스버그가 수류탄을 받아 빌라 내부 돌입을 준비한다","GA-C07","0.91"
"718","대망 718화","","100246","100389","4분째 저항에 막힌 로스버그가 수류탄을 받아 빌라 내부 돌입을 준비한다 뒤 혁권·하킴·백성균·알아바디/서초동 빌라에서 새 대응이 시작된다.","혁권·하킴·백성균·알아바디가 로스버그 팀이 수류탄으로 돌입해 알아바디를 죽이지만 혁권의 배후 기습에 전멸하고 하킴은 총탄 세 발을 맞으며, 혁권은 부상자들을 데리고 탈출하고 슈페너는 경찰특공대 접근에 철수한다의 결과를 만든다.","혁권은 유조선 선단과 키돈 잠입 국면에서 주도권과 실익을 확보하려 한다.","로스버그 팀이 수류탄으로 돌입해 알아바디를 죽이지만 혁권의 배후 기습에 전멸하고 하킴은 총탄 세 발을 맞으며, 혁권은 부상자들을 데리고 탈출하고 슈페너는 경찰특공대 접근에 철수한다","모사드 국장 스텔마치는 거래 저지와 복수를 위해 키돈 책임자 슈페너에게 혁권 암살을 맡긴다.","혁권의 배후 기습에 전멸하고 하킴은 총탄 세 발을 맞으며, 혁권은 부상자들을 데리고 탈출하고 슈페너는 경찰특공대 접근에 철수한다","로스버그 팀이 수류탄으로 돌입해 알아바디를 죽이지만 혁권의 배후 기습에 전멸하고 하킴은 총탄 세 발을 맞으며으로 다음 선택에 쓸 구체적 정보나 자원을 얻는다.","세계","혁권·하킴·백성균·알아바디의 처지와 세계 상태가 이번 사건 결과만큼 비가역적으로 이동한다.","CIA가 습격 배후를 모사드 키돈으로 파악하지만 혁권의 생사는 즉시 확인하지 못한다","로스버그 팀이 수류탄으로 돌입해 알아바디를 죽이지만 혁권의 배후 기습에 전멸하고 하킴은 총탄 세 발을 맞으며의 즉시 결과가 확정된다.","CIA가 습격 배후를 모사드 키돈으로 파악하지만 혁권의 생사는 즉시 확인하지 못한다","GA-C07","0.91"
"719","대망 719화","","100390","100531","CIA가 습격 배후를 모사드 키돈으로 파악하지만 혁권의 생사는 즉시 확인하지 못한다 뒤 혁권·백성균/경기도 해안 별장에서 새 대응이 시작된다.","혁권·백성균가 혁권은 어머니에게 가스 폭발과 해외 출장을 핑계 대고 은신처로 옮긴 뒤 심인성에게 병원의 부상자 보호를 부탁의 결과를 만든다.","혁권은 유조선 선단과 키돈 잠입 국면에서 주도권과 실익을 확보하려 한다.","혁권은 어머니에게 가스 폭발과 해외 출장을 핑계 대고 은신처로 옮긴 뒤 심인성에게 병원의 부상자 보호를 부탁하며, 샌더슨에게서 습격 배후를 알고 있다는 연락을 받는다","모사드 국장 스텔마치는 거래 저지와 복수를 위해 키돈 책임자 슈페너에게 혁권 암살을 맡긴다.","심인성에게 병원의 부상자 보호를 부탁하며, 샌더슨에게서 습격 배후를 알고 있다는 연락을 받는다","혁권은 어머니에게 가스 폭발과 해외 출장을 핑계 대고 은신처로 옮긴 뒤 심인성에게 병원의 부상자 보호를 부탁하며으로 다음 선택에 쓸 구체적 정보나 자원을 얻는다.","관계","혁권·백성균의 처지와 관계 상태가 이번 사건 결과만큼 비가역적으로 이동한다.","샌더슨이 한국에 도착하면 흉수를 밝히겠다며 혁권과의 만남을 정한다","혁권은 어머니에게 가스 폭발과 해외 출장을 핑계 대고 은신처로 옮긴 뒤 심인성에게 병원의 부상자 보호를 부탁하며의 즉시 결과가 확정된다.","샌더슨이 한국에 도착하면 흉수를 밝히겠다며 혁권과의 만남을 정한다","GA-C07","0.91"
"720","대망 720화","","100532","100662","샌더슨이 한국에 도착하면 흉수를 밝히겠다며 혁권과의 만남을 정한다 뒤 혁권·샌더슨·루이스·백성균/서산 해안 방파제에서 새 대응이 시작된다.","혁권·샌더슨·루이스·백성균가 샌더슨은 슈페너의 입국 사진을 제시해 키돈이 습격했다고 밝히고 복수를 묻으라 협박하지만, 혁권은 한국 내 슈페너와 키돈을 모두 제거한 뒤에만 중재를 받아들이겠다고 맞서며 국정원은 모사드 요원 10명 추방을 결정한다의 결과를 만든다.","혁권은 유조선 선단과 키돈 잠입 국면에서 주도권과 실익을 확보하려 한다.","샌더슨은 슈페너의 입국 사진을 제시해 키돈이 습격했다고 밝히고 복수를 묻으라 협박하지만, 혁권은 한국 내 슈페너와 키돈을 모두 제거한 뒤에만 중재를 받아들이겠다고 맞서며 국정원은 모사드 요원 10명 추방을 결정한다","모사드 국장 스텔마치는 거래 저지와 복수를 위해 키돈 책임자 슈페너에게 혁권 암살을 맡긴다.",", 혁권은 한국 내 슈페너와 키돈을 모두 제거한 뒤에만 중재를 받아들이겠다고 맞서며 국정원은 모사드 요원 10명 추방을 결정한다","하킴은 홍수연의 ST해운 대여금과 김인철 자금 530억 원이 일치한다고 보고해 숨은 주식 거래의 연결고리를 제시한다.","돈","혁권·샌더슨·루이스·백성균의 처지와 돈 상태가 이번 사건 결과만큼 비가역적으로 이동한다.","발신자 없는 문자로 키돈의 은신처 주소를 받은 혁권이 알아바디와 부하들의 복수를 선언한다","샌더슨은 슈페너의 입국 사진을 제시해 키돈이 습격했다고 밝히고 복수를 묻으라 협박하지만의 즉시 결과가 확정된다.","발신자 없는 문자로 키돈의 은신처 주소를 받은 혁권이 알아바디와 부하들의 복수를 선언한다","GA-C07","0.91"
"721","대망 721화","솔레이마니","100663","100804","발신자 없는 문자로 키돈의 은신처 주소를 받은 혁권이 알아바디와 부하들의 복수를 선언한다 뒤 [#솔레이마니] 혁권·정지택·백성균/김포 임대 창고, 슈페너·새넌/키돈 은신처에서 새 대응이 시작된다.","[#솔레이마니] 혁권·정지택·백성균가 샌더슨에게 은신처를 받은 혁권이 7명으로 키돈을 기습하고, 미국·한국의 압박을 받은 슈페너는 본국 소환을 수용한다의 결과를 만든다.","혁권은 김포 창고의 키돈 기습 국면에서 주도권과 실익을 확보하려 한다.","샌더슨에게 은신처를 받은 혁권이 7명으로 키돈을 기습하고, 미국·한국의 압박을 받은 슈페너는 본국 소환을 수용한다","슈페너 측은 혁권의 공격뿐 아니라 미국과 한국의 외교·정보 압력까지 동시에 받는다. 여기에 철수 준비 직후 창고 밖에서 총성이 울린다라는 새 불확실성도 겹친다.","철수 준비 직후 창고 밖에서 총성이 울린다","샌더슨에게 은신처를 받은 혁권이 7명으로 키돈을 기습하고으로 다음 선택에 쓸 구체적 정보나 자원을 얻는다.","세계","혁권·정지택·백성균의 처지와 세계 상태가 이번 사건 결과만큼 비가역적으로 이동한다.","철수 준비 직후 창고 밖에서 총성이 울린다","샌더슨에게 은신처를 받은 혁권이 7명으로 키돈을 기습하고의 즉시 결과가 확정된다.","철수 준비 직후 창고 밖에서 총성이 울린다","GA-C08","0.91"
"722","대망 722화","","100805","100937","철수 준비 직후 창고 밖에서 총성이 울린다 뒤 혁권·슈페너/김포 창고, 샌더슨/CIA, 최필성/서울 호텔에서 새 대응이 시작된다.","혁권·슈페너가 혁권 일행이 수류탄·섬광탄으로 키돈 요원들을 전멸시키고 슈페너를 사살의 결과를 만든다.","혁권은 김포 창고의 키돈 기습 국면에서 주도권과 실익을 확보하려 한다.","혁권 일행이 수류탄·섬광탄으로 키돈 요원들을 전멸시키고 슈페너를 사살하며, CIA가 시신을 정리한 뒤 혁권은 최필성에게 이란산 원유 750만 톤 매입을 제안한다","슈페너 측은 혁권의 공격뿐 아니라 미국과 한국의 외교·정보 압력까지 동시에 받는다.","혁권은 최필성에게 이란산 원유 750만 톤 매입을 제안한다","혁권 일행이 수류탄·섬광탄으로 키돈 요원들을 전멸시키고 슈페너를 사살하며으로 다음 선택에 쓸 구체적 정보나 자원을 얻는다.","돈","혁권·슈페너의 처지와 돈 상태가 이번 사건 결과만큼 비가역적으로 이동한다.","최필성이 미국 제재를 이유로 이란산 원유 계약을 난색한다","혁권 일행이 수류탄·섬광탄으로 키돈 요원들을 전멸시키고 슈페너를 사살하며의 즉시 결과가 확정된다.","최필성이 미국 제재를 이유로 이란산 원유 계약을 난색한다","GA-C08","0.91"
"723","대망 723화","","100938","101076","최필성이 미국 제재를 이유로 이란산 원유 계약을 난색한다 뒤 혁권·최필성/서울 호텔, 표현구·이철웅·심인성/국정원, 스텐저/홍콩에서 새 대응이 시작된다.","혁권·최필성가 혁권이 미국 정부 승인서를 제시해 DK정유와 10억 달러 이상 규모의 원유 계약을 성사시키고 계약금 900만 달러를 리히텐슈타인으로 옮긴다의 결과를 만든다.","혁권은 김포 창고의 키돈 기습 국면에서 주도권과 실익을 확보하려 한다.","혁권이 미국 정부 승인서를 제시해 DK정유와 10억 달러 이상 규모의 원유 계약을 성사시키고 계약금 900만 달러를 리히텐슈타인으로 옮긴다","슈페너 측은 혁권의 공격뿐 아니라 미국과 한국의 외교·정보 압력까지 동시에 받는다.","홍콩 호텔에 도착한 혁권에게 샌더슨이 솔레이마니 관련 자료를 보낸다","혁권이 미국 정부 승인서를 제시해 DK정유와 10억 달러 이상 규모의 원유 계약을 성사시키고 계약금 900만 달러를 리히텐슈타인으로 옮긴다으로 다음 선택에 쓸 구체적 정보나 자원을 얻는다.","돈","혁권·최필성의 처지와 돈 상태가 이번 사건 결과만큼 비가역적으로 이동한다.","홍콩 호텔에 도착한 혁권에게 샌더슨이 솔레이마니 관련 자료를 보낸다","혁권이 미국 정부 승인서를 제시해 DK정유와 10억 달러 이상 규모의 원유 계약을 성사시키고 계약금 900만 달러를 리히텐슈타인으로 옮긴다의 즉시 결과가 확정된다.","홍콩 호텔에 도착한 혁권에게 샌더슨이 솔레이마니 관련 자료를 보낸다","GA-C08","0.91"
"724","대망 724화","","101077","101195","홍콩 호텔에 도착한 혁권에게 샌더슨이 솔레이마니 관련 자료를 보낸다 뒤 혁권·샌더슨/홍콩, 맥폴함 승조원/페르시아만, 혁권 선단/하르그섬 항로에서 새 대응이 시작된다.","혁권·샌더슨가 텔아비브 테러 뒤 이스라엘 F-15I 6대가 헤즈볼라 시설을 폭격하고 한 대가 S-300에 격추되며, 미 구축함 맥폴은 이란으로 향하는 선박 21척을 상부 지시로 묵인한다의 결과를 만든다.","혁권은 김포 창고의 키돈 기습 국면에서 주도권과 실익을 확보하려 한다.","텔아비브 테러 뒤 이스라엘 F-15I 6대가 헤즈볼라 시설을 폭격하고 한 대가 S-300에 격추되며, 미 구축함 맥폴은 이란으로 향하는 선박 21척을 상부 지시로 묵인한다","슈페너 측은 혁권의 공격뿐 아니라 미국과 한국의 외교·정보 압력까지 동시에 받는다.","이스라엘 F-15I 6대가 헤즈볼라 시설을 폭격하고 한 대가 S-300에 격추되며, 미 구축함 맥폴은 이란으로 향하는 선박 21척을 상부 지시로 묵인한다","텔아비브 테러 뒤 이스라엘 F-15I 6대가 헤즈볼라 시설을 폭격하고 한 대가 S-300에 격추되며으로 다음 선택에 쓸 구체적 정보나 자원을 얻는다.","세계","혁권·샌더슨의 처지와 세계 상태가 이번 사건 결과만큼 비가역적으로 이동한다.","이란 영해에 진입한 선단 쪽으로 정지택이 정체불명의 접근 물체를 발견한다","텔아비브 테러 뒤 이스라엘 F-15I 6대가 헤즈볼라 시설을 폭격하고 한 대가 S-300에 격추되며의 즉시 결과가 확정된다.","이란 영해에 진입한 선단 쪽으로 정지택이 정체불명의 접근 물체를 발견한다","GA-C08","0.91"
"725","대망 725화","","101196","101299","이란 영해에 진입한 선단 쪽으로 정지택이 정체불명의 접근 물체를 발견한다 뒤 혁권·백성균·살림 대위·솔레이마니/이란 항구와 호텔에서 새 대응이 시작된다.","혁권·백성균·살림 대위·솔레이마니가 이란 시나급 고속정의 호위를 받은 선단이 원유 선적과 물자 하역을 시작하고, 혁권은 솔레이마니에게 이란·이스라엘 평화회담을 제안한다의 결과를 만든다.","혁권은 김포 창고의 키돈 기습 국면에서 주도권과 실익을 확보하려 한다.","이란 시나급 고속정의 호위를 받은 선단이 원유 선적과 물자 하역을 시작하고, 혁권은 솔레이마니에게 이란·이스라엘 평화회담을 제안한다","슈페너 측은 혁권의 공격뿐 아니라 미국과 한국의 외교·정보 압력까지 동시에 받는다.","격노한 솔레이마니가 전쟁이 이란에 왜 득이 없느냐고 혁권을 추궁한다","이란 시나급 고속정의 호위를 받은 선단이 원유 선적과 물자 하역을 시작하고으로 다음 선택에 쓸 구체적 정보나 자원을 얻는다.","돈","혁권·백성균·살림 대위·솔레이마니의 처지와 돈 상태가 이번 사건 결과만큼 비가역적으로 이동한다.","격노한 솔레이마니가 전쟁이 이란에 왜 득이 없느냐고 혁권을 추궁한다","이란 시나급 고속정의 호위를 받은 선단이 원유 선적과 물자 하역을 시작하고의 즉시 결과가 확정된다.","격노한 솔레이마니가 전쟁이 이란에 왜 득이 없느냐고 혁권을 추궁한다","GA-C08","0.91"
"726","대망 726화","","101300","101418","격노한 솔레이마니가 전쟁이 이란에 왜 득이 없느냐고 혁권을 추궁한다 뒤 혁권·솔레이마니/이란 호텔, 샌더슨/CIA에서 새 대응이 시작된다.","혁권·솔레이마니가 혁권이 보급선 취약성과 경제제재·국내 시위를 들어 장기전의 손실을 설득하고 재무부채권을 선물하자 솔레이마니는 지도부 논의를 약속의 결과를 만든다.","혁권은 김포 창고의 키돈 기습 국면에서 주도권과 실익을 확보하려 한다.","혁권이 보급선 취약성과 경제제재·국내 시위를 들어 장기전의 손실을 설득하고 재무부채권을 선물하자 솔레이마니는 지도부 논의를 약속하며, 뒤이어 이란은 협상 제안을 수용한다","슈페너 측은 혁권의 공격뿐 아니라 미국과 한국의 외교·정보 압력까지 동시에 받는다.","이어 이란은 협상 제안을 수용한다","혁권이 보급선 취약성과 경제제재·국내 시위를 들어 장기전의 손실을 설득하고 재무부채권을 선물하자 솔레이마니는 지도부 논의를 약속하며으로 다음 선택에 쓸 구체적 정보나 자원을 얻는다.","돈","혁권·솔레이마니의 처지와 돈 상태가 이번 사건 결과만큼 비가역적으로 이동한다.","솔레이마니가 시리아 남부 시아파 민병대 주둔 인정을 협상 전제조건으로 내건다","혁권이 보급선 취약성과 경제제재·국내 시위를 들어 장기전의 손실을 설득하고 재무부채권을 선물하자 솔레이마니는 지도부 논의를 약속하며의 즉시 결과가 확정된다.","솔레이마니가 시리아 남부 시아파 민병대 주둔 인정을 협상 전제조건으로 내건다","GA-C08","0.91"
"727","대망 727화","","101419","101536","솔레이마니가 시리아 남부 시아파 민병대 주둔 인정을 협상 전제조건으로 내건다 뒤 혁권·압둘라흐만/두바이 팜 주메이라, 함단/아테네, 솔레이마니/이란에서 새 대응이 시작된다.","혁권·압둘라흐만가 혁권이 이란 특산품을 싣고 두바이로 이동해 북한 연어급 잠수함의 소말리아 해적 판매 정보를 얻고 함단에게 조사시키며, 원유 선적 완료 후 서울행 비행기에 오른다의 결과를 만든다.","혁권은 김포 창고의 키돈 기습 국면에서 주도권과 실익을 확보하려 한다.","혁권이 이란 특산품을 싣고 두바이로 이동해 북한 연어급 잠수함의 소말리아 해적 판매 정보를 얻고 함단에게 조사시키며, 원유 선적 완료 후 서울행 비행기에 오른다","슈페너 측은 혁권의 공격뿐 아니라 미국과 한국의 외교·정보 압력까지 동시에 받는다.","솔레이마니가 민병대를 국경에서 50㎞ 물리는 대신 주둔 묵인과 한 달간 원유 수출 유예에 미국과 합의했다고 밝힌다","혁권은 모사드 암살조의 국내 작전을 무너뜨리고 철수 준비까지 끌어낸다.","돈","혁권·압둘라흐만의 처지와 돈 상태가 이번 사건 결과만큼 비가역적으로 이동한다.","솔레이마니가 민병대를 국경에서 50㎞ 물리는 대신 주둔 묵인과 한 달간 원유 수출 유예에 미국과 합의했다고 밝힌다","혁권이 이란 특산품을 싣고 두바이로 이동해 북한 연어급 잠수함의 소말리아 해적 판매 정보를 얻고 함단에게 조사시키며의 즉시 결과가 확정된다.","솔레이마니가 민병대를 국경에서 50㎞ 물리는 대신 주둔 묵인과 한 달간 원유 수출 유예에 미국과 합의했다고 밝힌다","GA-C08","0.91"
"728","대망 728화","해킹","101537","101645","솔레이마니가 민병대를 국경에서 50㎞ 물리는 대신 주둔 묵인과 한 달간 원유 수출 유예에 미국과 합의했다고 밝힌다 뒤 혁권·솔레이마니/서울행 기내, 지석영/서울, [#해킹] 김인철·이근홍·차민성/강변 주차장에서 새 대응이 시작된다.","혁권·솔레이마니가 혁권이 추가 이란 원유 거래를 따내고, 김성균의 마약 사건이 기소유예로 정리된 가운데 이근홍은 페이퍼컴퍼니·차명지분·비자금을 김인철 명의로 돌리고 캐나다 도피 보상을 받는다의 결과를 만든다.","혁권은 이란 원유 증액과 김인철 자산 귀속 국면에서 주도권과 실익을 확보하려 한다.","혁권이 추가 이란 원유 거래를 따내고, 김성균의 마약 사건이 기소유예로 정리된 가운데 이근홍은 페이퍼컴퍼니·차명지분·비자금을 김인철 명의로 돌리고 캐나다 도피 보상을 받는다","김성균의 마약 사건이 기소유예로 정리되는 동안 태일그룹 차명자산의 귀속을 둘러싼 정리가 진행된다. 여기에 새집을 찾던 혁권 앞에 호텔식 고급 빌라 매물이 제시된다라는 새 불확실성도 겹친다.","새집을 찾던 혁권 앞에 호텔식 고급 빌라 매물이 제시된다","혁권이 추가 이란 원유 거래를 따내고으로 다음 선택에 쓸 구체적 정보나 자원을 얻는다.","관계","혁권·솔레이마니의 처지와 관계 상태가 이번 사건 결과만큼 비가역적으로 이동한다.","새집을 찾던 혁권 앞에 호텔식 고급 빌라 매물이 제시된다","혁권이 추가 이란 원유 거래를 따내고의 즉시 결과가 확정된다.","새집을 찾던 혁권 앞에 호텔식 고급 빌라 매물이 제시된다","GA-C09","0.91"
"729","대망 729화","","101646","101784","새집을 찾던 혁권 앞에 호텔식 고급 빌라 매물이 제시된다 뒤 혁권·주성철·서은하/서울·상하이, 김인철·정현구/마닐라 서버와 침실에서 새 대응이 시작된다.","혁권·주성철·서은하가 비트체크재팬에 5억4천만 달러가 모이자 혁권이 해킹을 개시해 불법 도박 서버와 운영 프로그램을 파괴하고 판돈을 탈취의 결과를 만든다.","혁권은 이란 원유 증액과 김인철 자산 귀속 국면에서 주도권과 실익을 확보하려 한다.","비트체크재팬에 5억4천만 달러가 모이자 혁권이 해킹을 개시해 불법 도박 서버와 운영 프로그램을 파괴하고 판돈을 탈취하며 거래소까지 공격한다","김성균의 마약 사건이 기소유예로 정리되는 동안 태일그룹 차명자산의 귀속을 둘러싼 정리가 진행된다.","격분한 김인철이 정현구를 골프채로 피투성이가 되도록 폭행한다","비트체크재팬에 5억4천만 달러가 모이자 혁권이 해킹을 개시해 불법 도박 서버와 운영 프로그램을 파괴하고 판돈을 탈취하며 거래소까지 공격한다으로 다음 선택에 쓸 구체적 정보나 자원을 얻는다.","돈","혁권·주성철·서은하의 처지와 돈 상태가 이번 사건 결과만큼 비가역적으로 이동한다.","격분한 김인철이 정현구를 골프채로 피투성이가 되도록 폭행한다","비트체크재팬에 5억4천만 달러가 모이자 혁권이 해킹을 개시해 불법 도박 서버와 운영 프로그램을 파괴하고 판돈을 탈취하며 거래소까지 공격한다의 즉시 결과가 확정된다.","격분한 김인철이 정현구를 골프채로 피투성이가 되도록 폭행한다","GA-C09","0.91"
"730","대망 730화","","101785","101914","격분한 김인철이 정현구를 골프채로 피투성이가 되도록 폭행한다 뒤 혁권·주성철·서은하/상하이발 비행기, 김인철·차민성/서울, 함단/아테네에서 새 대응이 시작된다.","혁권·주성철·서은하가 혁권이 비트체크재팬에서 5억5천만 달러를 빼내 세탁하고 불법 자료를 폭로해 거래소 영업 중지와 가상화폐 폭락을 유도의 결과를 만든다.","혁권은 이란 원유 증액과 김인철 자산 귀속 국면에서 주도권과 실익을 확보하려 한다.","혁권이 비트체크재팬에서 5억5천만 달러를 빼내 세탁하고 불법 자료를 폭로해 거래소 영업 중지와 가상화폐 폭락을 유도하며, 함단은 북한 대리인이 중국인 왕전임을 확인한다","김성균의 마약 사건이 기소유예로 정리되는 동안 태일그룹 차명자산의 귀속을 둘러싼 정리가 진행된다.","김포에 도착한 주성철·서은하·주정화에게 혁권이 휴가와 선물을 준다","혁권이 비트체크재팬에서 5억5천만 달러를 빼내 세탁하고 불법 자료를 폭로해 거래소 영업 중지와 가상화폐 폭락을 유도하며으로 다음 선택에 쓸 구체적 정보나 자원을 얻는다.","돈","혁권·주성철·서은하의 처지와 돈 상태가 이번 사건 결과만큼 비가역적으로 이동한다.","김포에 도착한 주성철·서은하·주정화에게 혁권이 휴가와 선물을 준다","혁권이 비트체크재팬에서 5억5천만 달러를 빼내 세탁하고 불법 자료를 폭로해 거래소 영업 중지와 가상화폐 폭락을 유도하며의 즉시 결과가 확정된다.","김포에 도착한 주성철·서은하·주정화에게 혁권이 휴가와 선물을 준다","GA-C09","0.91"
"731","대망 731화","","101915","102060","김포에 도착한 주성철·서은하·주정화에게 혁권이 휴가와 선물을 준다 뒤 주성철·서은하·주정화/김포공항, 김성균·고동욱/태일그룹, 혁권·심인성/미사리 카페에서 새 대응이 시작된다.","주성철·서은하·주정화가 혁권이 해킹팀 세 사람에게 각 50억 원과 보름 휴가를 보상하고, 김성균은 이근홍의 도주와 차명지분 상실에 격분의 결과를 만든다.","주성철은 이란 원유 증액과 김인철 자산 귀속 국면에서 주도권과 실익을 확보하려 한다.","혁권이 해킹팀 세 사람에게 각 50억 원과 보름 휴가를 보상하고, 김성균은 이근홍의 도주와 차명지분 상실에 격분하며, 혁권은 심인성에게 북한 연어급 잠수함 판매 자료를 건넨다","김성균의 마약 사건이 기소유예로 정리되는 동안 태일그룹 차명자산의 귀속을 둘러싼 정리가 진행된다.","심인성이 북한의 해적·마약 카르텔 대상 잠수함 판매가 사실이냐고 정색한다","혁권이 해킹팀 세 사람에게 각 50억 원과 보름 휴가를 보상하고으로 다음 선택에 쓸 구체적 정보나 자원을 얻는다.","관계","주성철·서은하·주정화의 처지와 관계 상태가 이번 사건 결과만큼 비가역적으로 이동한다.","심인성이 북한의 해적·마약 카르텔 대상 잠수함 판매가 사실이냐고 정색한다","혁권이 해킹팀 세 사람에게 각 50억 원과 보름 휴가를 보상하고의 즉시 결과가 확정된다.","심인성이 북한의 해적·마약 카르텔 대상 잠수함 판매가 사실이냐고 정색한다","GA-C09","0.91"
"732","대망 732화","","102061","102184","심인성이 북한의 해적·마약 카르텔 대상 잠수함 판매가 사실이냐고 정색한다 뒤 혁권·심인성/미사리, 김인철·차민성/태일정유, 혁권·박종호/제주 샹그릴라 공사장에서 새 대응이 시작된다.","혁권·심인성가 심인성이 잠수함 첩보를 들고 급히 떠나고, 혁권의 추가 폭로로 비트체크재팬 경영진이 체포되자 김인철은 거래소에서 철수의 결과를 만든다.","혁권은 이란 원유 증액과 김인철 자산 귀속 국면에서 주도권과 실익을 확보하려 한다.","심인성이 잠수함 첩보를 들고 급히 떠나고, 혁권의 추가 폭로로 비트체크재팬 경영진이 체포되자 김인철은 거래소에서 철수하며, 혁권은 제주 카지노 공사와 3천억 원 민간투자 테마파크 제안을 검토한다","김성균의 마약 사건이 기소유예로 정리되는 동안 태일그룹 차명자산의 귀속을 둘러싼 정리가 진행된다.","제주 테마파크의 무리한 추진 배경을 들은 혁권이 리조트 본관으로 들어간다","김인철은 숨겨진 재산을 자기 통제 아래 모으고, 이근홍은 그 대가로 캐나다 도피 보장을 받는다.","관계","혁권·심인성의 처지와 관계 상태가 이번 사건 결과만큼 비가역적으로 이동한다.","제주 테마파크의 무리한 추진 배경을 들은 혁권이 리조트 본관으로 들어간다","심인성이 잠수함 첩보를 들고 급히 떠나고의 즉시 결과가 확정된다.","제주 테마파크의 무리한 추진 배경을 들은 혁권이 리조트 본관으로 들어간다","GA-C09","0.91"
"733","대망 733화","잠수함 밀매","102185","102323","제주 테마파크의 무리한 추진 배경을 들은 혁권이 리조트 본관으로 들어간다 뒤 혁권·스텐저/제주·홍콩, 표현구·백정선·도병진/국정원 원장실에서 새 대응이 시작된다.","혁권·스텐저가 혁권이 폭락한 비트코인·이더리움 1억 달러어치를 고점 대비 40% 싸게 매입하고, 국정원은 북한 잠수함 판매를 제재 위반으로 규정해 대응책을 논의한다의 결과를 만든다.","혁권은 암호화폐 저가 매입과 연어급 잠수함 국면에서 주도권과 실익을 확보하려 한다.","혁권이 폭락한 비트코인·이더리움 1억 달러어치를 고점 대비 40% 싸게 매입하고, 국정원은 북한 잠수함 판매를 제재 위반으로 규정해 대응책을 논의한다","국정원은 북한의 잠수함 판매가 국제 제재 위반이라는 결론을 내리고 차단 방법을 찾는다. 여기에 도병진이 중국인 대리인에게 접근해 국정원이 연어급 잠수함을 직접 사자는 작전을 제안한다라는 새 불확실성도 겹친다.","도병진이 중국인 대리인에게 접근해 국정원이 연어급 잠수함을 직접 사자는 작전을 제안한다","혁권이 폭락한 비트코인·이더리움 1억 달러어치를 고점 대비 40% 싸게 매입하고으로 다음 선택에 쓸 구체적 정보나 자원을 얻는다.","돈","혁권·스텐저의 처지와 돈 상태가 이번 사건 결과만큼 비가역적으로 이동한다.","도병진이 중국인 대리인에게 접근해 국정원이 연어급 잠수함을 직접 사자는 작전을 제안한다","혁권이 폭락한 비트코인·이더리움 1억 달러어치를 고점 대비 40% 싸게 매입하고의 즉시 결과가 확정된다.","도병진이 중국인 대리인에게 접근해 국정원이 연어급 잠수함을 직접 사자는 작전을 제안한다","GA-C10","0.91"
"734","대망 734화","","102324","102457","도병진이 중국인 대리인에게 접근해 국정원이 연어급 잠수함을 직접 사자는 작전을 제안한다 뒤 [#잠수함 밀매] 표현구·도병진·백정선/국정원, 혁권·심인성/논현동 안가에서 새 대응이 시작된다.","[#잠수함 밀매] 표현구·도병진·백정선가 국정원은 혁권을 대리인으로 삼아 북한 연어급 잠수함을 확보하기로 하고, 심인성은 주성철 남매·서은하의 해킹을 덮고 안가와 2,800만 유로를 주는 조건으로 혁권에게 잠수함과 최신형 어뢰 구매를 맡긴다의 결과를 만든다.","[#잠수함 밀매] 표현구은 암호화폐 저가 매입과 연어급 잠수함 국면에서 주도권과 실익을 확보하려 한다.","국정원은 혁권을 대리인으로 삼아 북한 연어급 잠수함을 확보하기로 하고, 심인성은 주성철 남매·서은하의 해킹을 덮고 안가와 2,800만 유로를 주는 조건으로 혁권에게 잠수함과 최신형 어뢰 구매를 맡긴다","국정원은 북한의 잠수함 판매가 국제 제재 위반이라는 결론을 내리고 차단 방법을 찾는다.","허용주는 박희도에게 연봉리 기지 방호공사비 마련을 위해 잠수함을 가을 전까지 팔라고 압박하고, 함단은 혁권에게 왕전과의 싱가포르 회동을 보고한다.","국정원은 혁권을 대리인으로 삼아 북한 연어급 잠수함을 확보하기로 하고으로 다음 선택에 쓸 구체적 정보나 자원을 얻는다.","관계","[#잠수함 밀매] 표현구·도병진·백정선의 처지와 관계 상태가 이번 사건 결과만큼 비가역적으로 이동한다.","허용주는 박희도에게 연봉리 기지 방호공사비 마련을 위해 잠수함을 가을 전까지 팔라고 압박하고, 함단은 혁권에게 왕전과의 싱가포르 회동을 보고한다.","국정원은 혁권을 대리인으로 삼아 북한 연어급 잠수함을 확보하기로 하고의 즉시 결과가 확정된다.","허용주는 박희도에게 연봉리 기지 방호공사비 마련을 위해 잠수함을 가을 전까지 팔라고 압박하고, 함단은 혁권에게 왕전과의 싱가포르 회동을 보고한다.","GA-C10","0.91"
"735","대망 735화","","102458","102568","허용주는 박희도에게 연봉리 기지 방호공사비 마련을 위해 잠수함을 가을 전까지 팔라고 압박하고, 함단은 혁권에게 왕전과의 싱가포르 회동을 보고한다. 뒤 혁권·함단·소현·백성균/서울, 박형윤 가족/함경북도 경원군에서 새 대응이 시작된다.","혁권·함단·소현·백성균가 혁권은 이란산 원유 100만 톤을 배럴당 48.5달러가량에 처분하라고 지시하고 국정원 안가와 인근 주택의 리모델링·매입을 추진의 결과를 만든다.","혁권은 암호화폐 저가 매입과 연어급 잠수함 국면에서 주도권과 실익을 확보하려 한다.","혁권은 이란산 원유 100만 톤을 배럴당 48.5달러가량에 처분하라고 지시하고 국정원 안가와 인근 주택의 리모델링·매입을 추진하며, 박형윤의 아들 박병주가 고건원 탄광 강제이주와 진폐증을 겪고 있음을 확인한다","국정원은 북한의 잠수함 판매가 국제 제재 위반이라는 결론을 내리고 차단 방법을 찾는다.","박형윤이 여러 차례 가족 탈북을 시도했으나 실패해 보위부 감시가 붙었다는 사실이 드러난다.","혁권은 이란산 원유 100만 톤을 배럴당 48.5달러가량에 처분하라고 지시하고 국정원 안가와 인근 주택의 리모델링·매입을 추진하며으로 다음 선택에 쓸 구체적 정보나 자원을 얻는다.","관계","혁권·함단·소현·백성균의 처지와 관계 상태가 이번 사건 결과만큼 비가역적으로 이동한다.","박형윤이 여러 차례 가족 탈북을 시도했으나 실패해 보위부 감시가 붙었다는 사실이 드러난다.","혁권은 이란산 원유 100만 톤을 배럴당 48.5달러가량에 처분하라고 지시하고 국정원 안가와 인근 주택의 리모델링·매입을 추진하며의 즉시 결과가 확정된다.","박형윤이 여러 차례 가족 탈북을 시도했으나 실패해 보위부 감시가 붙었다는 사실이 드러난다.","GA-C10","0.91"
"736","대망 736화","","102569","102702","박형윤이 여러 차례 가족 탈북을 시도했으나 실패해 보위부 감시가 붙었다는 사실이 드러난다. 뒤 혁권·박형윤·문명균/서울·박형윤 저택, 박희도·왕전/싱가포르에서 새 대응이 시작된다.","혁권·박형윤·문명균가 혁권은 박형윤 가족 구출을 보류하고, 박형윤은 죽기 전 북의 큰아들과 손주들을 보고 싶다는 한을 토로의 결과를 만든다.","혁권은 암호화폐 저가 매입과 연어급 잠수함 국면에서 주도권과 실익을 확보하려 한다.","혁권은 박형윤 가족 구출을 보류하고, 박형윤은 죽기 전 북의 큰아들과 손주들을 보고 싶다는 한을 토로하며, 싱가포르에 간 혁권은 박희도가 직접 거래를 지휘한다는 정보를 받은 뒤 왕전에게 2,200만 유로를 제시한다","국정원은 북한의 잠수함 판매가 국제 제재 위반이라는 결론을 내리고 차단 방법을 찾는다.","왕전에게 2,200만 유로를 제시한다","혁권은 박형윤 가족 구출을 보류하고으로 다음 선택에 쓸 구체적 정보나 자원을 얻는다.","관계","혁권·박형윤·문명균의 처지와 관계 상태가 이번 사건 결과만큼 비가역적으로 이동한다.","왕전이 실물 확인을 명분으로 혁권에게 북한 마양도 조선소 방문을 제안한다.","혁권은 박형윤 가족 구출을 보류하고의 즉시 결과가 확정된다.","왕전이 실물 확인을 명분으로 혁권에게 북한 마양도 조선소 방문을 제안한다.","GA-C10","0.91"
"737","대망 737화","","102703","102826","왕전이 실물 확인을 명분으로 혁권에게 북한 마양도 조선소 방문을 제안한다. 뒤 혁권·심인성/판단 저수지, 박희도·왕전/카펠라 호텔, 혁권 일행/단둥·평양에서 새 대응이 시작된다.","혁권·심인성가 혁권은 북한행을 수락하는 대가로 정현구 등 불법 도박 조직의 체포를 요구하고, 박희도는 의심을 누른 채 거래를 계속의 결과를 만든다.","혁권은 암호화폐 저가 매입과 연어급 잠수함 국면에서 주도권과 실익을 확보하려 한다.","혁권은 북한행을 수락하는 대가로 정현구 등 불법 도박 조직의 체포를 요구하고, 박희도는 의심을 누른 채 거래를 계속하며, 혁권 일행은 단둥에서 압록강을 건너 평양에 입성한다","국정원은 북한의 잠수함 판매가 국제 제재 위반이라는 결론을 내리고 차단 방법을 찾는다.","평양역에서 박희도가 가명 대신 “김혁권 동무”라고 본명을 부르며 북한이 그의 신원을 파악했음을 드러낸다.","혁권은 북한행을 수락하는 대가로 정현구 등 불법 도박 조직의 체포를 요구하고으로 다음 선택에 쓸 구체적 정보나 자원을 얻는다.","세계","혁권·심인성의 처지와 세계 상태가 이번 사건 결과만큼 비가역적으로 이동한다.","평양역에서 박희도가 가명 대신 “김혁권 동무”라고 본명을 부르며 북한이 그의 신원을 파악했음을 드러낸다.","혁권은 북한행을 수락하는 대가로 정현구 등 불법 도박 조직의 체포를 요구하고의 즉시 결과가 확정된다.","평양역에서 박희도가 가명 대신 “김혁권 동무”라고 본명을 부르며 북한이 그의 신원을 파악했음을 드러낸다.","GA-C10","0.91"
"738","대망 738화","","102827","102941","평양역에서 박희도가 가명 대신 “김혁권 동무”라고 본명을 부르며 북한이 그의 신원을 파악했음을 드러낸다. 뒤 혁권·박희도·왕전/평양 옥류관에서 새 대응이 시작된다.","혁권·박희도·왕전가 박희도의 구매 의심을 받은 혁권은 잠수함을 남미 마약 카르텔의 밀수 수단으로 되팔겠다고 둘러대고, 북한의 멕시코 카르텔·소말리아 해적 접촉 사실을 폭로한 뒤 추가 주문과 중개까지 제안해 협상 주도권을 잡는다의 결과를 만든다.","혁권은 암호화폐 저가 매입과 연어급 잠수함 국면에서 주도권과 실익을 확보하려 한다.","박희도의 구매 의심을 받은 혁권은 잠수함을 남미 마약 카르텔의 밀수 수단으로 되팔겠다고 둘러대고, 북한의 멕시코 카르텔·소말리아 해적 접촉 사실을 폭로한 뒤 추가 주문과 중개까지 제안해 협상 주도권을 잡는다","국정원은 북한의 잠수함 판매가 국제 제재 위반이라는 결론을 내리고 차단 방법을 찾는다.","추가 주문과 중개까지 제안해 협상 주도권을 잡는다","박희도의 구매 의심을 받은 혁권은 잠수함을 남미 마약 카르텔의 밀수 수단으로 되팔겠다고 둘러대고으로 다음 선택에 쓸 구체적 정보나 자원을 얻는다.","능력","혁권·박희도·왕전의 처지와 능력 상태가 이번 사건 결과만큼 비가역적으로 이동한다.","박희도는 혁권에 대한 경계를 누그러뜨리고 평양 음악무용학원 출신 밴드와 폭탄주 술자리를 밤늦게까지 이어 간다.","박희도의 구매 의심을 받은 혁권은 잠수함을 남미 마약 카르텔의 밀수 수단으로 되팔겠다고 둘러대고의 즉시 결과가 확정된다.","박희도는 혁권에 대한 경계를 누그러뜨리고 평양 음악무용학원 출신 밴드와 폭탄주 술자리를 밤늦게까지 이어 간다.","GA-C10","0.91"
"739","대망 739화","","102942","103052","박희도는 혁권에 대한 경계를 누그러뜨리고 평양 음악무용학원 출신 밴드와 폭탄주 술자리를 밤늦게까지 이어 간다. 뒤 [#마양도馬養島] 혁권·백성균·박희도/고려호텔·순안비행장·마양도 8월 3일 공장에서 새 대응이 시작된다.","[#마양도馬養島] 혁권·백성균·박희도가 혁권은 초소형 카메라가 숨겨진 넥타이핀을 착용하고 MI-8 헬기로 마양도에 들어가, 산속 갱도와 거대한 지하 부두에 정박한 잠수함들을 몰래 촬영의 결과를 만든다.","[#마양도馬養島] 혁권은 암호화폐 저가 매입과 연어급 잠수함 국면에서 주도권과 실익을 확보하려 한다.","혁권은 초소형 카메라가 숨겨진 넥타이핀을 착용하고 MI-8 헬기로 마양도에 들어가, 산속 갱도와 거대한 지하 부두에 정박한 잠수함들을 몰래 촬영하며 판매 대상 연어급 잠수함을 확인한다","국정원은 북한의 잠수함 판매가 국제 제재 위반이라는 결론을 내리고 차단 방법을 찾는다.","박희도의 허락을 받은 혁권이 군관을 따라 연어급 잠수함 내부로 들어간다.","혁권은 초소형 카메라가 숨겨진 넥타이핀을 착용하고 MI-8 헬기로 마양도에 들어가으로 다음 선택에 쓸 구체적 정보나 자원을 얻는다.","관계","[#마양도馬養島] 혁권·백성균·박희도의 처지와 관계 상태가 이번 사건 결과만큼 비가역적으로 이동한다.","박희도의 허락을 받은 혁권이 군관을 따라 연어급 잠수함 내부로 들어간다.","혁권은 초소형 카메라가 숨겨진 넥타이핀을 착용하고 MI-8 헬기로 마양도에 들어가의 즉시 결과가 확정된다.","박희도의 허락을 받은 혁권이 군관을 따라 연어급 잠수함 내부로 들어간다.","GA-C10","0.91"
"740","대망 740화","","103053","103166","박희도의 허락을 받은 혁권이 군관을 따라 연어급 잠수함 내부로 들어간다. 뒤 혁권·박희도·북한 군관/마양도 연어급 잠수함·귀빈실에서 새 대응이 시작된다.","혁권·박희도·북한 군관가 혁권은 잠수함의 MTU-1800 엔진, 어뢰 2발, 약 10톤 적재능력을 확인하고 촬영 장치를 들킬 위기를 넘긴 뒤, 연어급 잠수함과 533㎜ 어뢰 4발을 2,600만 유로에 코르사코프 인도 조건으로 계약한다의 결과를 만든다.","혁권은 암호화폐 저가 매입과 연어급 잠수함 국면에서 주도권과 실익을 확보하려 한다.","혁권은 잠수함의 MTU-1800 엔진, 어뢰 2발, 약 10톤 적재능력을 확인하고 촬영 장치를 들킬 위기를 넘긴 뒤, 연어급 잠수함과 533㎜ 어뢰 4발을 2,600만 유로에 코르사코프 인도 조건으로 계약한다","국정원은 북한의 잠수함 판매가 국제 제재 위반이라는 결론을 내리고 차단 방법을 찾는다.",", 연어급 잠수함과 533㎜ 어뢰 4발을 2,600만 유로에 코르사코프 인도 조건으로 계약한다","혁권은 잠수함의 MTU-1800 엔진으로 다음 선택에 쓸 구체적 정보나 자원을 얻는다.","돈","혁권·박희도·북한 군관의 처지와 돈 상태가 이번 사건 결과만큼 비가역적으로 이동한다.","혁권이 운용·정비 교본 제공을 요구하자 박희도는 1급 군사기밀이라며 완강히 거부한다.","혁권은 잠수함의 MTU-1800 엔진의 즉시 결과가 확정된다.","혁권이 운용·정비 교본 제공을 요구하자 박희도는 1급 군사기밀이라며 완강히 거부한다.","GA-C10","0.91"
"741","대망 741화","","103167","103305","혁권이 운용·정비 교본 제공을 요구하자 박희도는 1급 군사기밀이라며 완강히 거부한다. 뒤 혁권·박희도·한광성/마양도·평양 옥류관, 백수광·최룡해/옥류관 주차장에서 새 대응이 시작된다.","혁권·박희도·한광성가 혁권은 박희도에게 100만 유로의 개인 사례금을 제시해 교본 제공을 흔들고, 평양 관광 중 옥류관에서 중국 국가감찰위 부부장 백수광과 재회해 북한 실세 최룡해를 소개받는다의 결과를 만든다.","혁권은 암호화폐 저가 매입과 연어급 잠수함 국면에서 주도권과 실익을 확보하려 한다.","혁권은 박희도에게 100만 유로의 개인 사례금을 제시해 교본 제공을 흔들고, 평양 관광 중 옥류관에서 중국 국가감찰위 부부장 백수광과 재회해 북한 실세 최룡해를 소개받는다","국정원은 북한의 잠수함 판매가 국제 제재 위반이라는 결론을 내리고 차단 방법을 찾는다.","최룡해가 남조선 사람인 혁권에게 직접 명함을 건네고 함께 술을 마시자고 초대한다.","혁권은 박희도에게 100만 유로의 개인 사례금을 제시해 교본 제공을 흔들고으로 다음 선택에 쓸 구체적 정보나 자원을 얻는다.","세계","혁권·박희도·한광성의 처지와 세계 상태가 이번 사건 결과만큼 비가역적으로 이동한다.","최룡해가 남조선 사람인 혁권에게 직접 명함을 건네고 함께 술을 마시자고 초대한다.","혁권은 박희도에게 100만 유로의 개인 사례금을 제시해 교본 제공을 흔들고의 즉시 결과가 확정된다.","최룡해가 남조선 사람인 혁권에게 직접 명함을 건네고 함께 술을 마시자고 초대한다.","GA-C10","0.91"
"742","대망 742화","","103306","103429","최룡해가 남조선 사람인 혁권에게 직접 명함을 건네고 함께 술을 마시자고 초대한다. 뒤 혁권·백수광·최룡해/최룡해 저택, 박희도·한광성/평양 개인 식당에서 새 대응이 시작된다.","혁권·백수광·최룡해가 혁권은 최룡해 자택 연회에서 백수광의 의형제급 지인으로 대접받고, 위상이 달라진 뒤 박희도로부터 연어급 잠수함 운용·정비 교범 네 권을 받아 100만 유로를 지급의 결과를 만든다.","혁권은 암호화폐 저가 매입과 연어급 잠수함 국면에서 주도권과 실익을 확보하려 한다.","혁권은 최룡해 자택 연회에서 백수광의 의형제급 지인으로 대접받고, 위상이 달라진 뒤 박희도로부터 연어급 잠수함 운용·정비 교범 네 권을 받아 100만 유로를 지급하며 보름 뒤 코르사코프에서 현금과 잠수함을 교환하기로 확정한다","국정원은 북한의 잠수함 판매가 국제 제재 위반이라는 결론을 내리고 차단 방법을 찾는다.","박희도로부터 연어급 잠수함 운용·정비 교범 네 권을 받아 100만 유로를 지급하며 보름 뒤 코르사코프에서 현금과 잠수함을 교환하기로 확정한다","혁권은 최룡해 자택 연회에서 백수광의 의형제급 지인으로 대접받고으로 다음 선택에 쓸 구체적 정보나 자원을 얻는다.","관계","혁권·백수광·최룡해의 처지와 관계 상태가 이번 사건 결과만큼 비가역적으로 이동한다.","대만 호텔에서 혁권 앞에 심인성과 CIA의 샌더슨이 함께 나타난다.","혁권은 최룡해 자택 연회에서 백수광의 의형제급 지인으로 대접받고의 즉시 결과가 확정된다.","대만 호텔에서 혁권 앞에 심인성과 CIA의 샌더슨이 함께 나타난다.","GA-C10","0.91"
"743","대망 743화","","103430","103553","대만 호텔에서 혁권 앞에 심인성과 CIA의 샌더슨이 함께 나타난다. 뒤 혁권·심인성·샌더슨/타이베이, 김인철·차민성/태일산업에서 새 대응이 시작된다.","혁권·심인성·샌더슨가 국정원과 CIA는 잠수함 정보를 공유하기로 하고 혁권에게서 교본·마양도 영상을 넘겨받으며, 샌더슨은 가짜 마약 잠수함 격침 사건으로 북한을 UN에 옭아맬 계획을 밝힌다의 결과를 만든다.","혁권은 암호화폐 저가 매입과 연어급 잠수함 국면에서 주도권과 실익을 확보하려 한다.","국정원과 CIA는 잠수함 정보를 공유하기로 하고 혁권에게서 교본·마양도 영상을 넘겨받으며, 샌더슨은 가짜 마약 잠수함 격침 사건으로 북한을 UN에 옭아맬 계획을 밝힌다","국정원은 북한의 잠수함 판매가 국제 제재 위반이라는 결론을 내리고 차단 방법을 찾는다.","정현구 조직 검거와 비트 채크재팬 파산 위기에 몰린 김인철은 김성균이 파나마 로직스 탈취까지 알아챘다는 보고를 받는다.","국정원과 CIA는 잠수함 정보를 공유하기로 하고 혁권에게서 교본·마양도 영상을 넘겨받으며으로 다음 선택에 쓸 구체적 정보나 자원을 얻는다.","돈","혁권·심인성·샌더슨의 처지와 돈 상태가 이번 사건 결과만큼 비가역적으로 이동한다.","정현구 조직 검거와 비트 채크재팬 파산 위기에 몰린 김인철은 김성균이 파나마 로직스 탈취까지 알아챘다는 보고를 받는다.","국정원과 CIA는 잠수함 정보를 공유하기로 하고 혁권에게서 교본·마양도 영상을 넘겨받으며의 즉시 결과가 확정된다.","정현구 조직 검거와 비트 채크재팬 파산 위기에 몰린 김인철은 김성균이 파나마 로직스 탈취까지 알아챘다는 보고를 받는다.","GA-C10","0.91"
"744","대망 744화","","103554","103674","정현구 조직 검거와 비트 채크재팬 파산 위기에 몰린 김인철은 김성균이 파나마 로직스 탈취까지 알아챘다는 보고를 받는다. 뒤 김인철·차민성/태일산업, 혁권·박희도·한광성/사할린 코르사코프 앞바다에서 새 대응이 시작된다.","김인철·차민성가 김인철은 불법 비자금이라 김성균도 공개 대응하지 못할 것이라 판단하고, 혁권은 시스터 마린호에서 현금 2,600만 유로를 건넨 뒤 연어급 잠수함을 자기 화물선으로 옮겨 거래를 완결한다의 결과를 만든다.","김인철은 암호화폐 저가 매입과 연어급 잠수함 국면에서 주도권과 실익을 확보하려 한다.","김인철은 불법 비자금이라 김성균도 공개 대응하지 못할 것이라 판단하고, 혁권은 시스터 마린호에서 현금 2,600만 유로를 건넨 뒤 연어급 잠수함을 자기 화물선으로 옮겨 거래를 완결한다","국정원은 북한의 잠수함 판매가 국제 제재 위반이라는 결론을 내리고 차단 방법을 찾는다.","연어급 잠수함을 자기 화물선으로 옮겨 거래를 완결한다","김인철은 불법 비자금이라 김성균도 공개 대응하지 못할 것이라 판단하고으로 다음 선택에 쓸 구체적 정보나 자원을 얻는다.","관계","김인철·차민성의 처지와 관계 상태가 이번 사건 결과만큼 비가역적으로 이동한다.","샌더슨은 거래를 감시했음을 드러내며 러시아 감시선 출항을 경고하고 제주도에서 만나자고 한다.","김인철은 불법 비자금이라 김성균도 공개 대응하지 못할 것이라 판단하고의 즉시 결과가 확정된다.","샌더슨은 거래를 감시했음을 드러내며 러시아 감시선 출항을 경고하고 제주도에서 만나자고 한다.","GA-C10","0.91"
"745","대망 745화","","103675","103811","샌더슨은 거래를 감시했음을 드러내며 러시아 감시선 출항을 경고하고 제주도에서 만나자고 한다. 뒤 혁권·심인성·샌더슨/제주 해군기지·샹그릴라 리조트에서 새 대응이 시작된다.","혁권·심인성·샌더슨가 혁권은 나흘 항해 끝에 연어급 잠수함을 제주 해군기지에 인도하고, 샌더슨에게서 김종원 회장의 비자금·차명 지분을 담은 파나마 로직스 금융자료 USB를 보상으로 받는다의 결과를 만든다.","혁권은 암호화폐 저가 매입과 연어급 잠수함 국면에서 주도권과 실익을 확보하려 한다.","혁권은 나흘 항해 끝에 연어급 잠수함을 제주 해군기지에 인도하고, 샌더슨에게서 김종원 회장의 비자금·차명 지분을 담은 파나마 로직스 금융자료 USB를 보상으로 받는다","국정원은 북한의 잠수함 판매가 국제 제재 위반이라는 결론을 내리고 차단 방법을 찾는다.","샌더슨과 심인성은 백악관 지시라며 혁권에게 북한과의 거래 통로를 계속 맡으라고 강요하고 선택권이 없다고 압박한다.","혁권은 가격 폭락을 자산 확대 기회로 바꾸고, 국정원은 제재 위반 물건을 통제권 안으로 가져올 방안을 세운다.","지위","혁권·심인성·샌더슨의 처지와 지위 상태가 이번 사건 결과만큼 비가역적으로 이동한다.","샌더슨과 심인성은 백악관 지시라며 혁권에게 북한과의 거래 통로를 계속 맡으라고 강요하고 선택권이 없다고 압박한다.","혁권은 나흘 항해 끝에 연어급 잠수함을 제주 해군기지에 인도하고의 즉시 결과가 확정된다.","샌더슨과 심인성은 백악관 지시라며 혁권에게 북한과의 거래 통로를 계속 맡으라고 강요하고 선택권이 없다고 압박한다.","GA-C10","0.91"
"746","대망 746화","역시 위험한 놈이야","103812","103954","샌더슨과 심인성은 백악관 지시라며 혁권에게 북한과의 거래 통로를 계속 맡으라고 강요하고 선택권이 없다고 압박한다. 뒤 혁권·샌더슨·심인성/제주, 김성균·김인철/태일호텔 VIP룸에서 새 대응이 시작된다.","혁권·샌더슨·심인성가 CIA·국정원과 맞설 손실을 계산한 혁권은 북한 석탄의 원산지를 세탁해 한국에서 소비시키는 관리형 밀매 통로 역할을 수락하고, 김성균은 파나마 로직스 반환을 요구하지만 김인철이 거부의 결과를 만든다.","혁권은 북한 석탄 통로와 박상빈 살해 의혹 국면에서 주도권과 실익을 확보하려 한다.","CIA·국정원과 맞설 손실을 계산한 혁권은 북한 석탄의 원산지를 세탁해 한국에서 소비시키는 관리형 밀매 통로 역할을 수락하고, 김성균은 파나마 로직스 반환을 요구하지만 김인철이 거부하며 박상빈의 죽음에 관여했음을 암시한다","임무는 북한산 석탄의 원산지를 세탁해 한국에서 소비시키는 관리형 밀매 통로를 운영하는 것이다. 여기에 김인철이 자리를 떠나자 박상빈 살해와 재산 탈취를 확신한 김성균이 분노로 몸을 떤다.라는 새 불확실성도 겹친다.","김인철이 거부하며 박상빈의 죽음에 관여했음을 암시한다","CIA·국정원과 맞설 손실을 계산한 혁권은 북한 석탄의 원산지를 세탁해 한국에서 소비시키는 관리형 밀매 통로 역할을 수락하고으로 다음 선택에 쓸 구체적 정보나 자원을 얻는다.","관계","혁권·샌더슨·심인성의 처지와 관계 상태가 이번 사건 결과만큼 비가역적으로 이동한다.","김인철이 자리를 떠나자 박상빈 살해와 재산 탈취를 확신한 김성균이 분노로 몸을 떤다.","CIA·국정원과 맞설 손실을 계산한 혁권은 북한 석탄의 원산지를 세탁해 한국에서 소비시키는 관리형 밀매 통로 역할을 수락하고의 즉시 결과가 확정된다.","김인철이 자리를 떠나자 박상빈 살해와 재산 탈취를 확신한 김성균이 분노로 몸을 떤다.","GA-C11","0.91"
"747","대망 747화","","103955","104097","김인철이 자리를 떠나자 박상빈 살해와 재산 탈취를 확신한 김성균이 분노로 몸을 떤다. 뒤 김성균·이두현·고동욱/태일건설 사장실·지하 주차장에서 새 대응이 시작된다.","김성균·이두현·고동욱가 [#역시 위험한 놈이야] 김성균이 박상빈의 심장마비 사망을 김인철의 살인으로 의심해 이두현을 추궁하고 재조사를 지시하자, 실제로 약을 바꿔 박상빈을 죽인 이두현이 차민성에게 다급히 연락한다의 결과를 만든다.","김성균은 북한 석탄 통로와 박상빈 살해 의혹 국면에서 주도권과 실익을 확보하려 한다.","[#역시 위험한 놈이야] 김성균이 박상빈의 심장마비 사망을 김인철의 살인으로 의심해 이두현을 추궁하고 재조사를 지시하자, 실제로 약을 바꿔 박상빈을 죽인 이두현이 차민성에게 다급히 연락한다","임무는 북한산 석탄의 원산지를 세탁해 한국에서 소비시키는 관리형 밀매 통로를 운영하는 것이다.","차민성이 사태의 심각성을 깨닫고 한 시간 뒤 비밀 접선 장소에서 만나자고 한다.","[#역시 위험한 놈이야] 김성균이 박상빈의 심장마비 사망을 김인철의 살인으로 의심해 이두현을 추궁하고 재조사를 지시하자으로 다음 선택에 쓸 구체적 정보나 자원을 얻는다.","관계","김성균·이두현·고동욱의 처지와 관계 상태가 이번 사건 결과만큼 비가역적으로 이동한다.","차민성이 사태의 심각성을 깨닫고 한 시간 뒤 비밀 접선 장소에서 만나자고 한다.","[#역시 위험한 놈이야] 김성균이 박상빈의 심장마비 사망을 김인철의 살인으로 의심해 이두현을 추궁하고 재조사를 지시하자의 즉시 결과가 확정된다.","차민성이 사태의 심각성을 깨닫고 한 시간 뒤 비밀 접선 장소에서 만나자고 한다.","GA-C11","0.91"
"748","대망 748화","","104098","104238","차민성이 사태의 심각성을 깨닫고 한 시간 뒤 비밀 접선 장소에서 만나자고 한다. 뒤 혁권·함단·부모님/제주도 프라이빗 비치·거제도 U2 저장기지·서울 부모님 아파트에서 새 대응이 시작된다.","혁권·함단·부모님가 혁권은 솔레이마니 지시로 계약보다 10만 톤 더 실린 이란산 원유까지 거제도 U2 기지로 보내고 자말의 미국 재활을 챙긴 뒤, 부모님 댁에서 삼계탕을 먹으며 논현동 단독주택 이사와 갑질 주민대표 부부의 시의원직 박탈·구속·재판 소식을 나눈다의 결과를 만든다.","혁권은 북한 석탄 통로와 박상빈 살해 의혹 국면에서 주도권과 실익을 확보하려 한다.","혁권은 솔레이마니 지시로 계약보다 10만 톤 더 실린 이란산 원유까지 거제도 U2 기지로 보내고 자말의 미국 재활을 챙긴 뒤, 부모님 댁에서 삼계탕을 먹으며 논현동 단독주택 이사와 갑질 주민대표 부부의 시의원직 박탈·구속·재판 소식을 나눈다","임무는 북한산 석탄의 원산지를 세탁해 한국에서 소비시키는 관리형 밀매 통로를 운영하는 것이다.",", 부모님 댁에서 삼계탕을 먹으며 논현동 단독주택 이사와 갑질 주민대표 부부의 시의원직 박탈·구속·재판 소식을 나눈다","혁권은 솔레이마니 지시로 계약보다 10만 톤 더 실린 이란산 원유까지 거제도 U2 기지로 보내고 자말의 미국 재활을 챙긴 뒤으로 다음 선택에 쓸 구체적 정보나 자원을 얻는다.","돈","혁권·함단·부모님의 처지와 돈 상태가 이번 사건 결과만큼 비가역적으로 이동한다.","혁권을 잘못 건드려 몰락한 주민대표 부부가 도망치듯 아파트를 팔고 이사했음이 드러난다.","혁권은 솔레이마니 지시로 계약보다 10만 톤 더 실린 이란산 원유까지 거제도 U2 기지로 보내고 자말의 미국 재활을 챙긴 뒤의 즉시 결과가 확정된다.","혁권을 잘못 건드려 몰락한 주민대표 부부가 도망치듯 아파트를 팔고 이사했음이 드러난다.","GA-C11","0.91"
"749","대망 749화","","104239","104372","혁권을 잘못 건드려 몰락한 주민대표 부부가 도망치듯 아파트를 팔고 이사했음이 드러난다. 뒤 혁권·큰외삼촌·김인철·차민성·옥정구/승용차·태일 정유 이사실·워커힐 호텔 VIP룸에서 새 대응이 시작된다.","혁권·큰외삼촌·김인철·차민성·옥정구가 혁권은 큰외삼촌 회사에 의약품 600만 달러어치를 추가 발주하고, 김인철은 무기명채권과 대포통장으로 마련한 80억 및 일정재단에 5년간 200억을 지원한다는 미끼로 옥정구 복지부 장관을 포섭해 국민연금의 주총 지원을 청한다의 결과를 만든다.","혁권은 북한 석탄 통로와 박상빈 살해 의혹 국면에서 주도권과 실익을 확보하려 한다.","혁권은 큰외삼촌 회사에 의약품 600만 달러어치를 추가 발주하고, 김인철은 무기명채권과 대포통장으로 마련한 80억 및 일정재단에 5년간 200억을 지원한다는 미끼로 옥정구 복지부 장관을 포섭해 국민연금의 주총 지원을 청한다","임무는 북한산 석탄의 원산지를 세탁해 한국에서 소비시키는 관리형 밀매 통로를 운영하는 것이다.","옥정구가 김성균이 위임받은 김종원 지분 때문에 표 대결에서 이기기 어렵지 않겠느냐고 지적한다.","혁권은 큰외삼촌 회사에 의약품 600만 달러어치를 추가 발주하고으로 다음 선택에 쓸 구체적 정보나 자원을 얻는다.","지위","혁권·큰외삼촌·김인철·차민성·옥정구의 처지와 지위 상태가 이번 사건 결과만큼 비가역적으로 이동한다.","옥정구가 김성균이 위임받은 김종원 지분 때문에 표 대결에서 이기기 어렵지 않겠느냐고 지적한다.","혁권은 큰외삼촌 회사에 의약품 600만 달러어치를 추가 발주하고의 즉시 결과가 확정된다.","옥정구가 김성균이 위임받은 김종원 지분 때문에 표 대결에서 이기기 어렵지 않겠느냐고 지적한다.","GA-C11","0.91"
"750","대망 750화","","104373","104539","옥정구가 김성균이 위임받은 김종원 지분 때문에 표 대결에서 이기기 어렵지 않겠느냐고 지적한다. 뒤 김인철·옥정구·혁권·박희도·왕전/워커힐 호텔·비즈니스 제트기·상하이 중식당에서 새 대응이 시작된다.","김인철·옥정구·혁권·박희도·왕전가 김인철은 김성균의 마약 집행유예를 근거로 김종원 지분 의결권 정지 가처분을 내겠다는 계책을 밝혀 옥정구에게 국민연금 지원을 얻고, 혁권은 회사들의 흑자 보고를 확인한 뒤 박희도와 북한산 석탄 5천 톤을 톤당 90달러에 사할린 코르사코프항에서 인수하기로 계약한다의 결과를 만든다.","김인철은 북한 석탄 통로와 박상빈 살해 의혹 국면에서 주도권과 실익을 확보하려 한다.","김인철은 김성균의 마약 집행유예를 근거로 김종원 지분 의결권 정지 가처분을 내겠다는 계책을 밝혀 옥정구에게 국민연금 지원을 얻고, 혁권은 회사들의 흑자 보고를 확인한 뒤 박희도와 북한산 석탄 5천 톤을 톤당 90달러에 사할린 코르사코프항에서 인수하기로 계약한다","임무는 북한산 석탄의 원산지를 세탁해 한국에서 소비시키는 관리형 밀매 통로를 운영하는 것이다.","박희도와 북한산 석탄 5천 톤을 톤당 90달러에 사할린 코르사코프항에서 인수하기로 계약한다","김인철은 김성균의 마약 집행유예를 근거로 김종원 지분 의결권 정지 가처분을 내겠다는 계책을 밝혀 옥정구에게 국민연금 지원을 얻고으로 다음 선택에 쓸 구체적 정보나 자원을 얻는다.","관계","김인철·옥정구·혁권·박희도·왕전의 처지와 관계 상태가 이번 사건 결과만큼 비가역적으로 이동한다.","자신이 배제된 만남을 알아낸 왕전이 “박 대좌가 상하이에서 남조선 놈을 만났느냐”고 추궁한다.","김인철은 김성균의 마약 집행유예를 근거로 김종원 지분 의결권 정지 가처분을 내겠다는 계책을 밝혀 옥정구에게 국민연금 지원을 얻고의 즉시 결과가 확정된다.","자신이 배제된 만남을 알아낸 왕전이 “박 대좌가 상하이에서 남조선 놈을 만났느냐”고 추궁한다.","GA-C11","0.91"
"751","대망 751화","","104540","104679","자신이 배제된 만남을 알아낸 왕전이 “박 대좌가 상하이에서 남조선 놈을 만났느냐”고 추궁한다. 뒤 왕전·허장춘·서문종·혁권·김성균·김귀원/중국·서울 호텔·태일건설 사장실에서 새 대응이 시작된다.","왕전·허장춘·서문종·혁권·김성균·김귀원가 왕전은 박희도와 혁권을 제거하고 오훈상과 승리 무역을 차지하려의 결과를 만든다.","왕전은 북한 석탄 통로와 박상빈 살해 의혹 국면에서 주도권과 실익을 확보하려 한다.","왕전은 박희도와 혁권을 제거하고 오훈상과 승리 무역을 차지하려 하며, 혁권은 서문종 제주지사의 테마파크 투자 요구 500억을 50억으로 낮추고 2~3억 원대 골프장 회원권을 건네는 한편 김성균은 법원의 의결권 정지 결정과 이영순의 성년후견인 자격 이의신청까지 통보받는다","임무는 북한산 석탄의 원산지를 세탁해 한국에서 소비시키는 관리형 밀매 통로를 운영하는 것이다.","김성균이 김종원·이영순의 지분을 이번 주총에서 전혀 활용할 수 없게 되어 김인철에게 치명적인 선수를 빼앗긴다.","왕전은 박희도와 혁권을 제거하고 오훈상과 승리 무역을 차지하려 하며으로 다음 선택에 쓸 구체적 정보나 자원을 얻는다.","관계","왕전·허장춘·서문종·혁권·김성균·김귀원의 처지와 관계 상태가 이번 사건 결과만큼 비가역적으로 이동한다.","김성균이 김종원·이영순의 지분을 이번 주총에서 전혀 활용할 수 없게 되어 김인철에게 치명적인 선수를 빼앗긴다.","왕전은 박희도와 혁권을 제거하고 오훈상과 승리 무역을 차지하려 하며의 즉시 결과가 확정된다.","김성균이 김종원·이영순의 지분을 이번 주총에서 전혀 활용할 수 없게 되어 김인철에게 치명적인 선수를 빼앗긴다.","GA-C11","0.91"
"752","대망 752화","","104680","104836","김성균이 김종원·이영순의 지분을 이번 주총에서 전혀 활용할 수 없게 되어 김인철에게 치명적인 선수를 빼앗긴다. 뒤 김성균·김인철·이영순·이두현/태일그룹 본사 대회의실에서 새 대응이 시작된다.","김성균·김인철·이영순·이두현가 태일산업 정기 주총에서 매출 5,700억·영업이익 1,900억·순이익 680억의 어닝 쇼크가 발표된 뒤 김인철 측 소액주주가 김인철의 그룹 부회장 선임을 돌발 제안하고 지지 주주들이 제청한다의 결과를 만든다.","김성균은 북한 석탄 통로와 박상빈 살해 의혹 국면에서 주도권과 실익을 확보하려 한다.","태일산업 정기 주총에서 매출 5,700억·영업이익 1,900억·순이익 680억의 어닝 쇼크가 발표된 뒤 김인철 측 소액주주가 김인철의 그룹 부회장 선임을 돌발 제안하고 지지 주주들이 제청한다","임무는 북한산 석탄의 원산지를 세탁해 한국에서 소비시키는 관리형 밀매 통로를 운영하는 것이다.","김인철 측 소액주주가 김인철의 그룹 부회장 선임을 돌발 제안하고 지지 주주들이 제청한다","김인철은 박상빈의 죽음에 자신이 관여했음을 암시하며 재산 반환 요구까지 묵살한다.","지위","김성균·김인철·이영순·이두현의 처지와 지위 상태가 이번 사건 결과만큼 비가역적으로 이동한다.","김성균은 김종원 지분을 묶은 가처분부터 현장 제안까지 모두 김인철이 꾸민 함정임을 뒤늦게 알아차린다.","태일산업 정기 주총에서 매출 5의 즉시 결과가 확정된다.","김성균은 김종원 지분을 묶은 가처분부터 현장 제안까지 모두 김인철이 꾸민 함정임을 뒤늦게 알아차린다.","GA-C11","0.91"
"753","대망 753화","단둥","104837","104959","김성균은 김종원 지분을 묶은 가처분부터 현장 제안까지 모두 김인철이 꾸민 함정임을 뒤늦게 알아차린다. 뒤 김인철·김성균·혁권·김덕현·백성균·이영순/태일산업 주총장·호텔·김종원 저택에서 새 대응이 시작된다.","김인철·김성균·혁권·김덕현·백성균·이영순가 김인철 부회장 선임안이 총참석 3,500만 주 중 기권 800만·찬성 1,200만 주로 가결되고, 혁권은 산둥제철의 자금난을 이용해 셰일오일 광구를 2억 달러에 사되 1억 달러를 현금 지급하는 협상을 승인한 뒤 국민연금과 소액주주들이 김인철을 밀었다는 보고를 받는다의 결과를 만든다.","김인철은 태일산업 부회장 표결 국면에서 주도권과 실익을 확보하려 한다.","김인철 부회장 선임안이 총참석 3,500만 주 중 기권 800만·찬성 1,200만 주로 가결되고, 혁권은 산둥제철의 자금난을 이용해 셰일오일 광구를 2억 달러에 사되 1억 달러를 현금 지급하는 협상을 승인한 뒤 국민연금과 소액주주들이 김인철을 밀었다는 보고를 받는다","총참석 3,500만 주 가운데 기권 800만 주가 나온 상황에서 국민연금과 소액주주의 선택이 승부를 좌우한다. 여기에 김성균 모자는 국민연금뿐 아니라 둘째 며느리 홍수연까지 대리인을 통해 김인철에게 찬성표를 던진 사실에 충격을 받는다.라는 새 불확실성도 겹친다.","국민연금과 소액주주들이 김인철을 밀었다는 보고를 받는다","김인철 부회장 선임안이 총참석 3으로 다음 선택에 쓸 구체적 정보나 자원을 얻는다.","지위","김인철·김성균·혁권·김덕현·백성균·이영순의 처지와 지위 상태가 이번 사건 결과만큼 비가역적으로 이동한다.","김성균 모자는 국민연금뿐 아니라 둘째 며느리 홍수연까지 대리인을 통해 김인철에게 찬성표를 던진 사실에 충격을 받는다.","김인철 부회장 선임안이 총참석 3의 즉시 결과가 확정된다.","김성균 모자는 국민연금뿐 아니라 둘째 며느리 홍수연까지 대리인을 통해 김인철에게 찬성표를 던진 사실에 충격을 받는다.","GA-C12","0.91"
"754","대망 754화","","104960","105072","김성균 모자는 국민연금뿐 아니라 둘째 며느리 홍수연까지 대리인을 통해 김인철에게 찬성표를 던진 사실에 충격을 받는다. 뒤 김인철·차민성·혁권·심인성·왕전·오훈상/태일그룹 부회장실·김포공항·단둥 호텔에서 새 대응이 시작된다.","김인철·차민성·혁권·심인성·왕전·오훈상가 [#단둥] 김인철은 주총 다음 날 부회장에 취임해 비서실의 박상빈·김성균 계열을 숙청할 인사파일을 받고, 혁권은 김문관 지분까지 확보한 김인철 지지 지분이 약 30%라는 사실을 확인한 뒤 CIA 자금 200만 달러를 북한 석탄 거래에 투입의 결과를 만든다.","김인철은 태일산업 부회장 표결 국면에서 주도권과 실익을 확보하려 한다.","[#단둥] 김인철은 주총 다음 날 부회장에 취임해 비서실의 박상빈·김성균 계열을 숙청할 인사파일을 받고, 혁권은 김문관 지분까지 확보한 김인철 지지 지분이 약 30%라는 사실을 확인한 뒤 CIA 자금 200만 달러를 북한 석탄 거래에 투입하며, 왕전은 오훈상에게 박희도 제거 후 승리 무역을 넘기겠다고 제안한다","총참석 3,500만 주 가운데 기권 800만 주가 나온 상황에서 국민연금과 소액주주의 선택이 승부를 좌우한다.","CIA 자금 200만 달러를 북한 석탄 거래에 투입하며, 왕전은 오훈상에게 박희도 제거 후 승리 무역을 넘기겠다고 제안한다","[#단둥] 김인철은 주총 다음 날 부회장에 취임해 비서실의 박상빈·김성균 계열을 숙청할 인사파일을 받고으로 다음 선택에 쓸 구체적 정보나 자원을 얻는다.","지위","김인철·차민성·혁권·심인성·왕전·오훈상의 처지와 지위 상태가 이번 사건 결과만큼 비가역적으로 이동한다.","오훈상이 박희도 암살 공모를 받아들이자 왕전은 “이제 박 대좌는 죽은 목숨”이라고 자신한다.","[#단둥] 김인철은 주총 다음 날 부회장에 취임해 비서실의 박상빈·김성균 계열을 숙청할 인사파일을 받고의 즉시 결과가 확정된다.","오훈상이 박희도 암살 공모를 받아들이자 왕전은 “이제 박 대좌는 죽은 목숨”이라고 자신한다.","GA-C12","0.91"
"755","대망 755화","","105073","105212","오훈상이 박희도 암살 공모를 받아들이자 왕전은 “이제 박 대좌는 죽은 목숨”이라고 자신한다. 뒤 혁권·정동식·샌더슨·백수광/인터내셔널 매니지먼트·베이징 호텔에서 새 대응이 시작된다.","혁권·정동식·샌더슨·백수광가 혁권은 왕은정 신작의 중국 3개 방송국 판권을 2,200만 위안에 선판매한 정동식의 아이치이 협상을 격려하고, 샌더슨에게 대북 거래 제재 확대와 왕명광이 백수광의 파리 저택·슈퍼카 뇌물 의혹을 외신에 폭로하려 한다는 정보를 받아 즉시 베이징으로 가 기사 초고와 증거 사진을 확보한다의 결과를 만든다.","혁권은 태일산업 부회장 표결 국면에서 주도권과 실익을 확보하려 한다.","혁권은 왕은정 신작의 중국 3개 방송국 판권을 2,200만 위안에 선판매한 정동식의 아이치이 협상을 격려하고, 샌더슨에게 대북 거래 제재 확대와 왕명광이 백수광의 파리 저택·슈퍼카 뇌물 의혹을 외신에 폭로하려 한다는 정보를 받아 즉시 베이징으로 가 기사 초고와 증거 사진을 확보한다","총참석 3,500만 주 가운데 기권 800만 주가 나온 상황에서 국민연금과 소액주주의 선택이 승부를 좌우한다.","폭로 자료가 공개되면 후폭풍이 막대하다고 판단한 혁권 앞에 백수광이 직접 찾아온다.","혁권은 왕은정 신작의 중국 3개 방송국 판권을 2으로 다음 선택에 쓸 구체적 정보나 자원을 얻는다.","세계","혁권·정동식·샌더슨·백수광의 처지와 세계 상태가 이번 사건 결과만큼 비가역적으로 이동한다.","폭로 자료가 공개되면 후폭풍이 막대하다고 판단한 혁권 앞에 백수광이 직접 찾아온다.","혁권은 왕은정 신작의 중국 3개 방송국 판권을 2의 즉시 결과가 확정된다.","폭로 자료가 공개되면 후폭풍이 막대하다고 판단한 혁권 앞에 백수광이 직접 찾아온다.","GA-C12","0.91"
"756","대망 756화","","105213","105356","폭로 자료가 공개되면 후폭풍이 막대하다고 판단한 혁권 앞에 백수광이 직접 찾아온다. 뒤 혁권·백수광·왕전·오훈상·박희도/베이징 호텔·단둥 호텔·고려관 별실에서 새 대응이 시작된다.","혁권·백수광·왕전·오훈상·박희도가 혁권은 왕명광의 공작 자료를 백수광에게 넘겨 선제 대응하게 하고 단둥으로 이동의 결과를 만든다.","혁권은 태일산업 부회장 표결 국면에서 주도권과 실익을 확보하려 한다.","혁권은 왕명광의 공작 자료를 백수광에게 넘겨 선제 대응하게 하고 단둥으로 이동하며, 왕전과 오훈상은 박희도·혁권 동시 암살과 북한 금 거래 독점을 모의하고, 박희도는 석탄 3만 톤을 톤당 85달러에 넘기려 하지만 혁권이 미국 제재 위험을 들어 거절한다","총참석 3,500만 주 가운데 기권 800만 주가 나온 상황에서 국민연금과 소액주주의 선택이 승부를 좌우한다.","혁권이 미국 제재 위험을 들어 거절한다","김인철은 태일산업 부회장 자리를 차지하고, 혁권은 산둥제철 자금난을 이용해 셰일오일 광구를 2억 달러에 인수하기로 한다.","돈","혁권·백수광·왕전·오훈상·박희도의 처지와 돈 상태가 이번 사건 결과만큼 비가역적으로 이동한다.","고려관 밖에서 폭탄이 터지고 총성이 이어지며 계획된 습격이 시작된다.","혁권은 왕명광의 공작 자료를 백수광에게 넘겨 선제 대응하게 하고 단둥으로 이동하며의 즉시 결과가 확정된다.","고려관 밖에서 폭탄이 터지고 총성이 이어지며 계획된 습격이 시작된다.","GA-C12","0.91"
"757","대망 757화","사람 잘못 건드렸어","105357","105512","고려관 밖에서 폭탄이 터지고 총성이 이어지며 계획된 습격이 시작된다. 뒤 혁권·하킴·박희도·왕전·오훈상·백수광/단둥 고려관·병원·호텔에서 새 대응이 시작된다.","혁권·하킴·박희도·왕전·오훈상·백수광가 혁권 일행은 자동소총·수류탄을 동원한 매복을 뚫고 박희도를 구출의 결과를 만든다.","혁권은 단둥 매복과 왕전 추적령 국면에서 주도권과 실익을 확보하려 한다.","혁권 일행은 자동소총·수류탄을 동원한 매복을 뚫고 박희도를 구출하며 혁권은 이틀간 의식을 잃었다가 깨어나고, 공안부장 체포 뒤 왕전은 마카오 도피를 택하며 백수광은 왕명광 일당을 체포한 보답으로 혁권과 의형제를 맺고 공안은 왕전이 두 사람의 암살을 사주했다고 밝힌다","치열한 교전 끝에 혁권은 중상을 입고 이틀 동안 의식을 잃는다. 여기에 혁권이 자신을 노린 왕전의 은신처를 찾아 반드시 대가를 치르게 하라고 하킴에게 명령한다.라는 새 불확실성도 겹친다.","왕전은 마카오 도피를 택하며 백수광은 왕명광 일당을 체포한 보답으로 혁권과 의형제를 맺고 공안은 왕전이 두 사람의 암살을 사주했다고 밝힌다","혁권 일행은 자동소총·수류탄을 동원한 매복을 뚫고 박희도를 구출하며 혁권은 이틀간 의식을 잃었다가 깨어나고으로 다음 선택에 쓸 구체적 정보나 자원을 얻는다.","관계","혁권·하킴·박희도·왕전·오훈상·백수광의 처지와 관계 상태가 이번 사건 결과만큼 비가역적으로 이동한다.","혁권이 자신을 노린 왕전의 은신처를 찾아 반드시 대가를 치르게 하라고 하킴에게 명령한다.","혁권 일행은 자동소총·수류탄을 동원한 매복을 뚫고 박희도를 구출하며 혁권은 이틀간 의식을 잃었다가 깨어나고의 즉시 결과가 확정된다.","혁권이 자신을 노린 왕전의 은신처를 찾아 반드시 대가를 치르게 하라고 하킴에게 명령한다.","GA-C13","0.91"
"758","대망 758화","","105513","105645","혁권이 자신을 노린 왕전의 은신처를 찾아 반드시 대가를 치르게 하라고 하킴에게 명령한다. 뒤 [#사람 잘못 건드렸어] 랭리 CIA 본부·여의도 동경/러셀·샌더슨·김인철·정덕진에서 새 대응이 시작된다.","[#사람 잘못 건드렸어] 랭리 CIA 본부·여의도 동경가 러셀은 왕전의 마카오 위치를 블랙레빗에 흘리라 지시하고, 김인철은 HJ 서비스 배임·주식 거래·10억 뇌물 증거로 정덕진에게 태일증권 사임을 받아내되 납품 계약 4년 유지를 허용한다의 결과를 만든다.","[#사람 잘못 건드렸어] 랭리 CIA 본부은 단둥 매복과 왕전 추적령 국면에서 주도권과 실익을 확보하려 한다.","러셀은 왕전의 마카오 위치를 블랙레빗에 흘리라 지시하고, 김인철은 HJ 서비스 배임·주식 거래·10억 뇌물 증거로 정덕진에게 태일증권 사임을 받아내되 납품 계약 4년 유지를 허용한다","치열한 교전 끝에 혁권은 중상을 입고 이틀 동안 의식을 잃는다.","김인철이 신민은행 최 은행장에게 건넬 현금 ‘사과 박스’를 준비하고, 혁권은 일주일 만에 퇴원해 왕전의 은신처를 묻는다","러셀은 왕전의 마카오 위치를 블랙레빗에 흘리라 지시하고으로 다음 선택에 쓸 구체적 정보나 자원을 얻는다.","관계","[#사람 잘못 건드렸어] 랭리 CIA 본부·여의도 동경의 처지와 관계 상태가 이번 사건 결과만큼 비가역적으로 이동한다.","김인철이 신민은행 최 은행장에게 건넬 현금 ‘사과 박스’를 준비하고, 혁권은 일주일 만에 퇴원해 왕전의 은신처를 묻는다","러셀은 왕전의 마카오 위치를 블랙레빗에 흘리라 지시하고의 즉시 결과가 확정된다.","김인철이 신민은행 최 은행장에게 건넬 현금 ‘사과 박스’를 준비하고, 혁권은 일주일 만에 퇴원해 왕전의 은신처를 묻는다","GA-C13","0.91"
"759","대망 759화","","105646","105774","김인철이 신민은행 최 은행장에게 건넬 현금 ‘사과 박스’를 준비하고, 혁권은 일주일 만에 퇴원해 왕전의 은신처를 묻는다 뒤 단둥 병원·태일건설 사장실·신민증권/혁권·박희도·김성균·구민재·김인철·유병철에서 새 대응이 시작된다.","단둥 병원·태일건설 사장실·신민증권가 혁권은 평양 소환을 앞둔 박희도와 재회를 약속하고 세부행에 나서며, 울산 1,300세대 단지의 절반 이상 미분양과 월말 어음 약 1,500억 원에 몰린 김성균은 신민증권의 CP 발행 연기가 김인철의 방해임을 간파한다의 결과를 만든다.","단둥 병원은 단둥 매복과 왕전 추적령 국면에서 주도권과 실익을 확보하려 한다.","혁권은 평양 소환을 앞둔 박희도와 재회를 약속하고 세부행에 나서며, 울산 1,300세대 단지의 절반 이상 미분양과 월말 어음 약 1,500억 원에 몰린 김성균은 신민증권의 CP 발행 연기가 김인철의 방해임을 간파한다","치열한 교전 끝에 혁권은 중상을 입고 이틀 동안 의식을 잃는다.","김인철이 태일시스템 IPO를 대가로 CP 연기를 성사시킨 뒤 비릿하게 웃는다","혁권은 평양 소환을 앞둔 박희도와 재회를 약속하고 세부행에 나서며으로 다음 선택에 쓸 구체적 정보나 자원을 얻는다.","관계","단둥 병원·태일건설 사장실·신민증권의 처지와 관계 상태가 이번 사건 결과만큼 비가역적으로 이동한다.","김인철이 태일시스템 IPO를 대가로 CP 연기를 성사시킨 뒤 비릿하게 웃는다","혁권은 평양 소환을 앞둔 박희도와 재회를 약속하고 세부행에 나서며의 즉시 결과가 확정된다.","김인철이 태일시스템 IPO를 대가로 CP 연기를 성사시킨 뒤 비릿하게 웃는다","GA-C13","0.91"
"760","대망 760화","","105775","105907","김인철이 태일시스템 IPO를 대가로 CP 연기를 성사시킨 뒤 비릿하게 웃는다 뒤 세부 막탄섬 왕전 저택·태일그룹/혁권·임영식·왕전·허장춘·김인철에서 새 대응이 시작된다.","세부 막탄섬 왕전 저택·태일그룹가 김인철은 태일시스템 IPO를 신민증권에 넘겨 태일건설 자금줄을 막고, 혁권은 경호원 스무 명이 지키는 왕전의 저택을 HK416·수류탄으로 기습해 경비대를 전멸시킨다의 결과를 만든다.","세부 막탄섬 왕전 저택은 단둥 매복과 왕전 추적령 국면에서 주도권과 실익을 확보하려 한다.","김인철은 태일시스템 IPO를 신민증권에 넘겨 태일건설 자금줄을 막고, 혁권은 경호원 스무 명이 지키는 왕전의 저택을 HK416·수류탄으로 기습해 경비대를 전멸시킨다","치열한 교전 끝에 혁권은 중상을 입고 이틀 동안 의식을 잃는다.","백성균이 2층에서 달아나려던 왕전을 생포해 혁권 앞에 무릎 꿇린다","김인철은 태일시스템 IPO를 신민증권에 넘겨 태일건설 자금줄을 막고으로 다음 선택에 쓸 구체적 정보나 자원을 얻는다.","관계","세부 막탄섬 왕전 저택·태일그룹의 처지와 관계 상태가 이번 사건 결과만큼 비가역적으로 이동한다.","백성균이 2층에서 달아나려던 왕전을 생포해 혁권 앞에 무릎 꿇린다","김인철은 태일시스템 IPO를 신민증권에 넘겨 태일건설 자금줄을 막고의 즉시 결과가 확정된다.","백성균이 2층에서 달아나려던 왕전을 생포해 혁권 앞에 무릎 꿇린다","GA-C13","0.91"
"761","대망 761화","","105908","106041","백성균이 2층에서 달아나려던 왕전을 생포해 혁권 앞에 무릎 꿇린다 뒤 세부 왕전 저택·태일건설 사장실·김포공항/혁권·왕전·김성균·정덕진·심인성에서 새 대응이 시작된다.","세부 왕전 저택·태일건설 사장실·김포공항가 혁권은 보상을 제안의 결과를 만든다.","세부 왕전 저택은 단둥 매복과 왕전 추적령 국면에서 주도권과 실익을 확보하려 한다.","혁권은 보상을 제안하며 살려 달라는 왕전을 사살하고 저택을 불태우며, 김성균은 정덕진과 김인철의 결탁 가능성 및 태일증권 채권 7,600억 원을 확인하고 김인철의 주주 접촉에 대응하라 지시한다","치열한 교전 끝에 혁권은 중상을 입고 이틀 동안 의식을 잃는다.","귀국한 혁권에게 심인성이 박희도가 보위부 조사 뒤 자리까지 지켰다고 알린다","혁권은 보상을 제안하며 살려 달라는 왕전을 사살하고 저택을 불태우며으로 다음 선택에 쓸 구체적 정보나 자원을 얻는다.","관계","세부 왕전 저택·태일건설 사장실·김포공항의 처지와 관계 상태가 이번 사건 결과만큼 비가역적으로 이동한다.","귀국한 혁권에게 심인성이 박희도가 보위부 조사 뒤 자리까지 지켰다고 알린다","혁권은 보상을 제안하며 살려 달라는 왕전을 사살하고 저택을 불태우며의 즉시 결과가 확정된다.","귀국한 혁권에게 심인성이 박희도가 보위부 조사 뒤 자리까지 지켰다고 알린다","GA-C13","0.91"
"762","대망 762화","","106042","106185","귀국한 혁권에게 심인성이 박희도가 보위부 조사 뒤 자리까지 지켰다고 알린다 뒤 서울 호텔·미사리·태일건설/혁권·김덕현·박희도·소현·김성균에서 새 대응이 시작된다.","서울 호텔·미사리·태일건설가 김덕현은 산둥제철의 텍사스 셰일오일 광구를 2억 달러에 인수하고 1억 달러를 투자해 1년 뒤 채굴하기로의 결과를 만든다.","서울 호텔은 단둥 매복과 왕전 추적령 국면에서 주도권과 실익을 확보하려 한다.","김덕현은 산둥제철의 텍사스 셰일오일 광구를 2억 달러에 인수하고 1억 달러를 투자해 1년 뒤 채굴하기로 하며, 박희도는 왕전 사망에 통쾌해하고 혁권은 소현과 데이트한다","치열한 교전 끝에 혁권은 중상을 입고 이틀 동안 의식을 잃는다.","채굴하기로 하며, 박희도는 왕전 사망에 통쾌해하고 혁권은 소현과 데이트한다","백수광은 왕명광 일당을 체포한 보답으로 혁권과 의형제를 맺고, 왕전은 마카오 도피를 택한다.","관계","서울 호텔·미사리·태일건설의 처지와 관계 상태가 이번 사건 결과만큼 비가역적으로 이동한다.","김성균이 태일증권 펀드들이 태일건설 주식 40만 주를 매집했다는 보고를 받고 경영권 탈취를 의심한다","김덕현은 산둥제철의 텍사스 셰일오일 광구를 2억 달러에 인수하고 1억 달러를 투자해 1년 뒤 채굴하기로 하며의 즉시 결과가 확정된다.","김성균이 태일증권 펀드들이 태일건설 주식 40만 주를 매집했다는 보고를 받고 경영권 탈취를 의심한다","GA-C13","0.91"
"763","대망 763화","사막 횡단","106186","106316","김성균이 태일증권 펀드들이 태일건설 주식 40만 주를 매집했다는 보고를 받고 경영권 탈취를 의심한다 뒤 태일건설·아부다비 만수르 저택/김성균·구민재·혁권·만수르·빈압둘만에서 새 대응이 시작된다.","태일건설·아부다비 만수르 저택가 김성균은 PF 공사대금을 6개월 어음으로 돌리고 성남 아파트 부지를 팔아 자사주를 매입하라 강행의 결과를 만든다.","태일건설은 빈압둘만 은닉재산 의뢰 국면에서 주도권과 실익을 확보하려 한다.","김성균은 PF 공사대금을 6개월 어음으로 돌리고 성남 아파트 부지를 팔아 자사주를 매입하라 강행하며, 만수르는 리츠칼튼에 구금된 빈압둘만 일행의 은닉재산 반출을 혁권에게 부탁한다","현금이 필요한 건설 현장과 협력업체에 장기 어음 부담이 전가되는 동안 태일건설은 경영권 방어 자금 마련에 매달린다. 여기에 [#사막 횡단] 혁권이 비밀 유지를 약속하고 구체적인 의뢰 내용을 듣기 시작한다라는 새 불확실성도 겹친다.","[#사막 횡단] 혁권이 비밀 유지를 약속하고 구체적인 의뢰 내용을 듣기 시작한다","김성균은 PF 공사대금을 6개월 어음으로 돌리고 성남 아파트 부지를 팔아 자사주를 매입하라 강행하며으로 다음 선택에 쓸 구체적 정보나 자원을 얻는다.","관계","태일건설·아부다비 만수르 저택의 처지와 관계 상태가 이번 사건 결과만큼 비가역적으로 이동한다.","[#사막 횡단] 혁권이 비밀 유지를 약속하고 구체적인 의뢰 내용을 듣기 시작한다","김성균은 PF 공사대금을 6개월 어음으로 돌리고 성남 아파트 부지를 팔아 자사주를 매입하라 강행하며의 즉시 결과가 확정된다.","[#사막 횡단] 혁권이 비밀 유지를 약속하고 구체적인 의뢰 내용을 듣기 시작한다","GA-C14","0.91"
"764","대망 764화","","106317","106430","[#사막 횡단] 혁권이 비밀 유지를 약속하고 구체적인 의뢰 내용을 듣기 시작한다 뒤 아부다비 만수르 저택/혁권·만수르·자드란·빈압둘만에서 새 대응이 시작된다.","아부다비 만수르 저택가 만수르는 국채·금괴·현금으로 된 50억 달러를 사우디 밖으로 빼내 달라며 살바토르 문디와 피카소 그림을 보상으로 제시하고, 정부와 IS 양쪽을 피해 운반해야 한다고 밝힌다의 결과를 만든다.","아부다비 만수르 저택은 빈압둘만 은닉재산 의뢰 국면에서 주도권과 실익을 확보하려 한다.","만수르는 국채·금괴·현금으로 된 50억 달러를 사우디 밖으로 빼내 달라며 살바토르 문디와 피카소 그림을 보상으로 제시하고, 정부와 IS 양쪽을 피해 운반해야 한다고 밝힌다","현금이 필요한 건설 현장과 협력업체에 장기 어음 부담이 전가되는 동안 태일건설은 경영권 방어 자금 마련에 매달린다.","혁권이 의뢰를 수락하되 부하 보상으로 5천만 달러를 추가 요구한다","만수르는 국채·금괴·현금으로 된 50억 달러를 사우디 밖으로 빼내 달라며 살바토르 문디와 피카소 그림을 보상으로 제시하고으로 다음 선택에 쓸 구체적 정보나 자원을 얻는다.","돈","아부다비 만수르 저택의 처지와 돈 상태가 이번 사건 결과만큼 비가역적으로 이동한다.","혁권이 의뢰를 수락하되 부하 보상으로 5천만 달러를 추가 요구한다","만수르는 국채·금괴·현금으로 된 50억 달러를 사우디 밖으로 빼내 달라며 살바토르 문디와 피카소 그림을 보상으로 제시하고의 즉시 결과가 확정된다.","혁권이 의뢰를 수락하되 부하 보상으로 5천만 달러를 추가 요구한다","GA-C14","0.91"
"765","대망 765화","","106431","106560","혁권이 의뢰를 수락하되 부하 보상으로 5천만 달러를 추가 요구한다 뒤 아부다비·리야드/혁권·하킴·자드란·알 살라위·태영준에서 새 대응이 시작된다.","아부다비·리야드가 혁권은 알 살라위의 사우디 잠입 정보를 확인하고 5천만 달러 선금과 금고 위치·비밀번호를 받은 뒤 10번 도로 횡단 계획과 최정예 경비팀 소집을 지시해 리야드로 들어간다의 결과를 만든다.","아부다비은 빈압둘만 은닉재산 의뢰 국면에서 주도권과 실익을 확보하려 한다.","혁권은 알 살라위의 사우디 잠입 정보를 확인하고 5천만 달러 선금과 금고 위치·비밀번호를 받은 뒤 10번 도로 횡단 계획과 최정예 경비팀 소집을 지시해 리야드로 들어간다","현금이 필요한 건설 현장과 협력업체에 장기 어음 부담이 전가되는 동안 태일건설은 경영권 방어 자금 마련에 매달린다.","10번 도로 횡단 계획과 최정예 경비팀 소집을 지시해 리야드로 들어간다","혁권은 알 살라위의 사우디 잠입 정보를 확인하고 5천만 달러 선금과 금고 위치·비밀번호를 받은 뒤 10번 도로 횡단 계획과 최정예 경비팀 소집을 지시해 리야드로 들어간다으로 다음 선택에 쓸 구체적 정보나 자원을 얻는다.","돈","아부다비·리야드의 처지와 돈 상태가 이번 사건 결과만큼 비가역적으로 이동한다.","은닉재산 이동을 포착한 알 살라위가 혁권의 사진을 확인하고 전사들을 소집한다","혁권은 알 살라위의 사우디 잠입 정보를 확인하고 5천만 달러 선금과 금고 위치·비밀번호를 받은 뒤 10번 도로 횡단 계획과 최정예 경비팀 소집을 지시해 리야드로 들어간다의 즉시 결과가 확정된다.","은닉재산 이동을 포착한 알 살라위가 혁권의 사진을 확인하고 전사들을 소집한다","GA-C14","0.91"
"766","대망 766화","","106561","106691","은닉재산 이동을 포착한 알 살라위가 혁권의 사진을 확인하고 전사들을 소집한다 뒤 리야드 경찰청 옆 빌딩·65번 및 10번 도로/혁권·하킴·백성균·라미·알 살라위에서 새 대응이 시작된다.","리야드 경찰청 옆 빌딩·65번 및 10번 도로가 혁권 일행은 방공호 금고에서 철제 상자 42개를 꺼내 5톤 트럭에 싣고 카페트로 위장한 채 경찰청 앞을 지나 알 카르지를 거쳐 10번 도로에 진입한다의 결과를 만든다.","리야드 경찰청 옆 빌딩은 빈압둘만 은닉재산 의뢰 국면에서 주도권과 실익을 확보하려 한다.","혁권 일행은 방공호 금고에서 철제 상자 42개를 꺼내 5톤 트럭에 싣고 카페트로 위장한 채 경찰청 앞을 지나 알 카르지를 거쳐 10번 도로에 진입한다","현금이 필요한 건설 현장과 협력업체에 장기 어음 부담이 전가되는 동안 태일건설은 경영권 방어 자금 마련에 매달린다.","선두 차량의 유승우와 경비대원들이 1인당 10만 달러 보너스를 이야기하며 경계를 이어간다","혁권 일행은 방공호 금고에서 철제 상자 42개를 꺼내 5톤 트럭에 싣고 카페트로 위장한 채 경찰청 앞을 지나 알 카르지를 거쳐 10번 도로에 진입한다으로 다음 선택에 쓸 구체적 정보나 자원을 얻는다.","세계","리야드 경찰청 옆 빌딩·65번 및 10번 도로의 처지와 세계 상태가 이번 사건 결과만큼 비가역적으로 이동한다.","선두 차량의 유승우와 경비대원들이 1인당 10만 달러 보너스를 이야기하며 경계를 이어간다","혁권 일행은 방공호 금고에서 철제 상자 42개를 꺼내 5톤 트럭에 싣고 카페트로 위장한 채 경찰청 앞을 지나 알 카르지를 거쳐 10번 도로에 진입한다의 즉시 결과가 확정된다.","선두 차량의 유승우와 경비대원들이 1인당 10만 달러 보너스를 이야기하며 경계를 이어간다","GA-C14","0.91"
"767","대망 767화","","106692","106819","선두 차량의 유승우와 경비대원들이 1인당 10만 달러 보너스를 이야기하며 경계를 이어간다 뒤 사우디 10번 도로/혁권·유승우·지병하·하킴·샌더슨·알 살라위에서 새 대응이 시작된다.","사우디 10번 도로가 알 살라위 측이 IED와 RPG로 호송대를 매복 공격해 차량을 전복시키고 사상자를 내지만, 혁권이 미리 거래한 CIA의 MQ-9 리퍼 두 대가 헬파이어와 GBU-12로 IS 진지를 폭격한다의 결과를 만든다.","사우디 10번 도로은 빈압둘만 은닉재산 의뢰 국면에서 주도권과 실익을 확보하려 한다.","알 살라위 측이 IED와 RPG로 호송대를 매복 공격해 차량을 전복시키고 사상자를 내지만, 혁권이 미리 거래한 CIA의 MQ-9 리퍼 두 대가 헬파이어와 GBU-12로 IS 진지를 폭격한다","현금이 필요한 건설 현장과 협력업체에 장기 어음 부담이 전가되는 동안 태일건설은 경영권 방어 자금 마련에 매달린다.",", 혁권이 미리 거래한 CIA의 MQ-9 리퍼 두 대가 헬파이어와 GBU-12로 IS 진지를 폭격한다","알 살라위 측이 IED와 RPG로 호송대를 매복 공격해 차량을 전복시키고 사상자를 내지만으로 다음 선택에 쓸 구체적 정보나 자원을 얻는다.","세계","사우디 10번 도로의 처지와 세계 상태가 이번 사건 결과만큼 비가역적으로 이동한다.","혁권이 폭격 연기 속에서 부하들에게 양측 돌격을 명령하고 직접 잔적 소탕에 나선다","알 살라위 측이 IED와 RPG로 호송대를 매복 공격해 차량을 전복시키고 사상자를 내지만의 즉시 결과가 확정된다.","혁권이 폭격 연기 속에서 부하들에게 양측 돌격을 명령하고 직접 잔적 소탕에 나선다","GA-C14","0.91"
"768","대망 768화","","106820","106938","혁권이 폭격 연기 속에서 부하들에게 양측 돌격을 명령하고 직접 잔적 소탕에 나선다 뒤 10번 도로·사우디/UAE 국경·아부다비 중앙은행/혁권·하킴·유승우·알 살라위·만수르에서 새 대응이 시작된다.","10번 도로·사우디가 혁권 일행은 생존한 IS 병력을 사살하고 알 살라위의 시신을 확인해 델타포스에 넘긴 뒤, 카페트 화물로 위장해 사우디 검문을 통과하고 50억 달러의 현금·금괴를 아부다비 중앙은행에 인계한다의 결과를 만든다.","10번 도로은 빈압둘만 은닉재산 의뢰 국면에서 주도권과 실익을 확보하려 한다.","혁권 일행은 생존한 IS 병력을 사살하고 알 살라위의 시신을 확인해 델타포스에 넘긴 뒤, 카페트 화물로 위장해 사우디 검문을 통과하고 50억 달러의 현금·금괴를 아부다비 중앙은행에 인계한다","현금이 필요한 건설 현장과 협력업체에 장기 어음 부담이 전가되는 동안 태일건설은 경영권 방어 자금 마련에 매달린다.",", 카페트 화물로 위장해 사우디 검문을 통과하고 50억 달러의 현금·금괴를 아부다비 중앙은행에 인계한다","혁권은 비밀 유지를 약속하고 사막을 가로지르는 재산 반출 의뢰를 받아들인다.","돈","10번 도로·사우디의 처지와 돈 상태가 이번 사건 결과만큼 비가역적으로 이동한다.","혁권이 만수르에게 앞으로 알 살라위라는 이름을 들을 일은 없다고 밝혀 그를 경악시킨다","혁권 일행은 생존한 IS 병력을 사살하고 알 살라위의 시신을 확인해 델타포스에 넘긴 뒤의 즉시 결과가 확정된다.","혁권이 만수르에게 앞으로 알 살라위라는 이름을 들을 일은 없다고 밝혀 그를 경악시킨다","GA-C14","0.91"
"769","대망 769화","제안","106939","107062","혁권이 만수르에게 앞으로 알 살라위라는 이름을 들을 일은 없다고 밝혀 그를 경악시킨다 뒤 아부다비 중앙은행·알 우데이드 공군기지·용산드림타워/혁권·만수르·샌더슨·홍정기·최 과장에서 새 대응이 시작된다.","아부다비 중앙은행·알 우데이드 공군기지·용산드림타워가 혁권은 살바토르 문디와 피카소 그림을 잔금으로 받고 부상자들을 찾아가며, 샌더슨에게 빈살만 왕세자의 분노를 경고받은 뒤 부상자들을 아테네로 후송한다의 결과를 만든다.","아부다비 중앙은행은 사막 반출의 대가와 콘크리트 중단 국면에서 주도권과 실익을 확보하려 한다.","혁권은 살바토르 문디와 피카소 그림을 잔금으로 받고 부상자들을 찾아가며, 샌더슨에게 빈살만 왕세자의 분노를 경고받은 뒤 부상자들을 아테네로 후송한다","작전 부상자들을 확인한 혁권은 샌더슨에게 빈 살만 왕세자가 분노했다는 경고까지 듣는다. 여기에 용산드림타워 레미콘 업체가 미수금과 6개월 어음을 거부해 초고강도 콘크리트 공급을 중단하자 홍정기가 본사 연결을 명령한다라는 새 불확실성도 겹친다.","부상자들을 아테네로 후송한다","혁권은 살바토르 문디와 피카소 그림을 잔금으로 받고 부상자들을 찾아가며으로 다음 선택에 쓸 구체적 정보나 자원을 얻는다.","지위","아부다비 중앙은행·알 우데이드 공군기지·용산드림타워의 처지와 지위 상태가 이번 사건 결과만큼 비가역적으로 이동한다.","용산드림타워 레미콘 업체가 미수금과 6개월 어음을 거부해 초고강도 콘크리트 공급을 중단하자 홍정기가 본사 연결을 명령한다","혁권은 살바토르 문디와 피카소 그림을 잔금으로 받고 부상자들을 찾아가며의 즉시 결과가 확정된다.","용산드림타워 레미콘 업체가 미수금과 6개월 어음을 거부해 초고강도 콘크리트 공급을 중단하자 홍정기가 본사 연결을 명령한다","GA-C15","0.91"
"770","대망 770화","","107063","107175","용산드림타워 레미콘 업체가 미수금과 6개월 어음을 거부해 초고강도 콘크리트 공급을 중단하자 홍정기가 본사 연결을 명령한다 뒤 김성균·홍정기·구민재·태일건설 회의실에서 새 대응이 시작된다.","김성균·홍정기·구민재·태일건설 회의실가 [#제안] 레미콘·협력업체의 미수금 거부로 용산드림타워 공사가 멈추자 김성균은 자사주 매각을 거부하고 성남 아파트 부지 담보대출을 강행한다의 결과를 만든다.","김성균은 사막 반출의 대가와 콘크리트 중단 국면에서 주도권과 실익을 확보하려 한다.","[#제안] 레미콘·협력업체의 미수금 거부로 용산드림타워 공사가 멈추자 김성균은 자사주 매각을 거부하고 성남 아파트 부지 담보대출을 강행한다","작전 부상자들을 확인한 혁권은 샌더슨에게 빈 살만 왕세자가 분노했다는 경고까지 듣는다.","정덕진 사임과 조병득 취임으로 태일증권이 김인철 수중에 들어가자 구민재는 김성균의 선택을 자충수로 본다","[#제안] 레미콘·협력업체의 미수금 거부로 용산드림타워 공사가 멈추자 김성균은 자사주 매각을 거부하고 성남 아파트 부지 담보대출을 강행한다으로 다음 선택에 쓸 구체적 정보나 자원을 얻는다.","관계","김성균·홍정기·구민재·태일건설 회의실의 처지와 관계 상태가 이번 사건 결과만큼 비가역적으로 이동한다.","정덕진 사임과 조병득 취임으로 태일증권이 김인철 수중에 들어가자 구민재는 김성균의 선택을 자충수로 본다","[#제안] 레미콘·협력업체의 미수금 거부로 용산드림타워 공사가 멈추자 김성균은 자사주 매각을 거부하고 성남 아파트 부지 담보대출을 강행한다의 즉시 결과가 확정된다.","정덕진 사임과 조병득 취임으로 태일증권이 김인철 수중에 들어가자 구민재는 김성균의 선택을 자충수로 본다","GA-C15","0.91"
"771","대망 771화","","107176","107291","정덕진 사임과 조병득 취임으로 태일증권이 김인철 수중에 들어가자 구민재는 김성균의 선택을 자충수로 본다 뒤 혁권·스텐저·아기오스 토마스섬/김인철·차민성·태일증권에서 새 대응이 시작된다.","혁권·스텐저·아기오스 토마스섬가 혁권은 오로라 펀드의 태일건설 지분 4%가 캐스팅보트임을 깨닫고 5%까지 늘리라 지시의 결과를 만든다.","혁권은 사막 반출의 대가와 콘크리트 중단 국면에서 주도권과 실익을 확보하려 한다.","혁권은 오로라 펀드의 태일건설 지분 4%가 캐스팅보트임을 깨닫고 5%까지 늘리라 지시하며, 김인철은 태일건설의 성남 부지 담보대출과 오로라의 150억 원대 매수를 보고받는다","작전 부상자들을 확인한 혁권은 샌더슨에게 빈 살만 왕세자가 분노했다는 경고까지 듣는다.","김인철은 오로라 펀드가 지분을 늘리는 목적을 최우선으로 캐라고 명령한다","혁권은 오로라 펀드의 태일건설 지분 4%가 캐스팅보트임을 깨닫고 5%까지 늘리라 지시하며으로 다음 선택에 쓸 구체적 정보나 자원을 얻는다.","관계","혁권·스텐저·아기오스 토마스섬의 처지와 관계 상태가 이번 사건 결과만큼 비가역적으로 이동한다.","김인철은 오로라 펀드가 지분을 늘리는 목적을 최우선으로 캐라고 명령한다","혁권은 오로라 펀드의 태일건설 지분 4%가 캐스팅보트임을 깨닫고 5%까지 늘리라 지시하며의 즉시 결과가 확정된다.","김인철은 오로라 펀드가 지분을 늘리는 목적을 최우선으로 캐라고 명령한다","GA-C15","0.91"
"772","대망 772화","","107292","107422","김인철은 오로라 펀드가 지분을 늘리는 목적을 최우선으로 캐라고 명령한다 뒤 혁권·스텐저·비즈니스 제트기/김성균·구민재·태일건설 사장실에서 새 대응이 시작된다.","혁권·스텐저·비즈니스 제트기가 오로라 펀드가 650억 원 이상을 투입해 태일건설 지분 5%를 확보·경영 참여를 공시하고, 혁권은 5억 달러로 용산드림타워 지분 10% 이상을 노리며 협상을 맡긴다의 결과를 만든다.","혁권은 사막 반출의 대가와 콘크리트 중단 국면에서 주도권과 실익을 확보하려 한다.","오로라 펀드가 650억 원 이상을 투입해 태일건설 지분 5%를 확보·경영 참여를 공시하고, 혁권은 5억 달러로 용산드림타워 지분 10% 이상을 노리며 협상을 맡긴다","작전 부상자들을 확인한 혁권은 샌더슨에게 빈 살만 왕세자가 분노했다는 경고까지 듣는다.","김성균은 캐스팅보트를 쥔 오로라의 요구를 가능한 한 수용해 자기편으로 끌어들이라고 지시한다","오로라 펀드가 650억 원 이상을 투입해 태일건설 지분 5%를 확보·경영 참여를 공시하고으로 다음 선택에 쓸 구체적 정보나 자원을 얻는다.","돈","혁권·스텐저·비즈니스 제트기의 처지와 돈 상태가 이번 사건 결과만큼 비가역적으로 이동한다.","김성균은 캐스팅보트를 쥔 오로라의 요구를 가능한 한 수용해 자기편으로 끌어들이라고 지시한다","오로라 펀드가 650억 원 이상을 투입해 태일건설 지분 5%를 확보·경영 참여를 공시하고의 즉시 결과가 확정된다.","김성균은 캐스팅보트를 쥔 오로라의 요구를 가능한 한 수용해 자기편으로 끌어들이라고 지시한다","GA-C15","0.91"
"773","대망 773화","","107423","107554","김성균은 캐스팅보트를 쥔 오로라의 요구를 가능한 한 수용해 자기편으로 끌어들이라고 지시한다 뒤 혁권·소현·정현태·과천 스튜디오에서 새 대응이 시작된다.","혁권·소현·정현태·과천 스튜디오가 혁권은 3천억 원 넘게 투자한 과천 스튜디오를 처음 방문해 소현의 촬영을 지켜보고 해외 로케이션 지원과 간식·밥차 제공을 약속한다의 결과를 만든다.","혁권은 사막 반출의 대가와 콘크리트 중단 국면에서 주도권과 실익을 확보하려 한다.","혁권은 3천억 원 넘게 투자한 과천 스튜디오를 처음 방문해 소현의 촬영을 지켜보고 해외 로케이션 지원과 간식·밥차 제공을 약속한다","작전 부상자들을 확인한 혁권은 샌더슨에게 빈 살만 왕세자가 분노했다는 경고까지 듣는다.","다음 날 혁권은 태일건설 협상을 위해 홍콩에서 온 스텐저와 코미·호로위츠를 호텔에서 맞는다","혁권은 3천억 원 넘게 투자한 과천 스튜디오를 처음 방문해 소현의 촬영을 지켜보고 해외 로케이션 지원과 간식·밥차 제공을 약속한다으로 다음 선택에 쓸 구체적 정보나 자원을 얻는다.","관계","혁권·소현·정현태·과천 스튜디오의 처지와 관계 상태가 이번 사건 결과만큼 비가역적으로 이동한다.","다음 날 혁권은 태일건설 협상을 위해 홍콩에서 온 스텐저와 코미·호로위츠를 호텔에서 맞는다","혁권은 3천억 원 넘게 투자한 과천 스튜디오를 처음 방문해 소현의 촬영을 지켜보고 해외 로케이션 지원과 간식·밥차 제공을 약속한다의 즉시 결과가 확정된다.","다음 날 혁권은 태일건설 협상을 위해 홍콩에서 온 스텐저와 코미·호로위츠를 호텔에서 맞는다","GA-C15","0.91"
"774","대망 774화","","107555","107672","다음 날 혁권은 태일건설 협상을 위해 홍콩에서 온 스텐저와 코미·호로위츠를 호텔에서 맞는다 뒤 혁권·스텐저·호텔 펜트하우스/손종환·구민재·워커힐 호텔에서 새 대응이 시작된다.","혁권·스텐저·호텔 펜트하우스가 스텐저는 아르헨티나 발전소 잔금 2억 달러 지급 정지와 임대아파트 사업 보류를 협상 약점으로 제시하고, 오로라 측은 상근이사·감사 선임 요구를 관철한다의 결과를 만든다.","혁권은 사막 반출의 대가와 콘크리트 중단 국면에서 주도권과 실익을 확보하려 한다.","스텐저는 아르헨티나 발전소 잔금 2억 달러 지급 정지와 임대아파트 사업 보류를 협상 약점으로 제시하고, 오로라 측은 상근이사·감사 선임 요구를 관철한다","작전 부상자들을 확인한 혁권은 샌더슨에게 빈 살만 왕세자가 분노했다는 경고까지 듣는다.","스텐저가 비공개 악재인 아르헨티나 화력발전소 문제를 꺼내 태일건설 협상단을 당혹시킨다","스텐저는 아르헨티나 발전소 잔금 2억 달러 지급 정지와 임대아파트 사업 보류를 협상 약점으로 제시하고으로 다음 선택에 쓸 구체적 정보나 자원을 얻는다.","돈","혁권·스텐저·호텔 펜트하우스의 처지와 돈 상태가 이번 사건 결과만큼 비가역적으로 이동한다.","스텐저가 비공개 악재인 아르헨티나 화력발전소 문제를 꺼내 태일건설 협상단을 당혹시킨다","스텐저는 아르헨티나 발전소 잔금 2억 달러 지급 정지와 임대아파트 사업 보류를 협상 약점으로 제시하고의 즉시 결과가 확정된다.","스텐저가 비공개 악재인 아르헨티나 화력발전소 문제를 꺼내 태일건설 협상단을 당혹시킨다","GA-C15","0.91"
"775","대망 775화","","107673","107792","스텐저가 비공개 악재인 아르헨티나 화력발전소 문제를 꺼내 태일건설 협상단을 당혹시킨다 뒤 스텐저·손종환·구민재·워커힐 호텔/혁권·김성균에서 새 대응이 시작된다.","스텐저·손종환·구민재·워커힐 호텔가 스텐저는 5억 달러 투자 조건으로 용산드림타워 지분을 요구하고 거절하면 김인철과 손잡겠다고 하루 시한을 주며, 혁권은 자금을 준비한다의 결과를 만든다.","스텐저은 사막 반출의 대가와 콘크리트 중단 국면에서 주도권과 실익을 확보하려 한다.","스텐저는 5억 달러 투자 조건으로 용산드림타워 지분을 요구하고 거절하면 김인철과 손잡겠다고 하루 시한을 주며, 혁권은 자금을 준비한다","작전 부상자들을 확인한 혁권은 샌더슨에게 빈 살만 왕세자가 분노했다는 경고까지 듣는다.","김성균이 매각을 거부하려다 자금난과 경영권 상실 위험 사이에서 흔들리는 순간 고동욱이 급히 들어온다","스텐저는 5억 달러 투자 조건으로 용산드림타워 지분을 요구하고 거절하면 김인철과 손잡겠다고 하루 시한을 주며으로 다음 선택에 쓸 구체적 정보나 자원을 얻는다.","관계","스텐저·손종환·구민재·워커힐 호텔의 처지와 관계 상태가 이번 사건 결과만큼 비가역적으로 이동한다.","김성균이 매각을 거부하려다 자금난과 경영권 상실 위험 사이에서 흔들리는 순간 고동욱이 급히 들어온다","스텐저는 5억 달러 투자 조건으로 용산드림타워 지분을 요구하고 거절하면 김인철과 손잡겠다고 하루 시한을 주며의 즉시 결과가 확정된다.","김성균이 매각을 거부하려다 자금난과 경영권 상실 위험 사이에서 흔들리는 순간 고동욱이 급히 들어온다","GA-C15","0.91"
"776","대망 776화","","107793","107924","김성균이 매각을 거부하려다 자금난과 경영권 상실 위험 사이에서 흔들리는 순간 고동욱이 급히 들어온다 뒤 김성균·고동욱·태일건설 사장실/스텐저·손종환·워커힐 호텔에서 새 대응이 시작된다.","김성균·고동욱·태일건설 사장실가 김인철의 노조 지도부 접촉을 안 김성균은 오로라 제안을 수용하고, 밤샘 협상 끝에 용산드림타워 지분 10%를 현금 5억1천만 달러와 임시주총 의결권 위임에 넘기기로 합의한다의 결과를 만든다.","김성균은 사막 반출의 대가와 콘크리트 중단 국면에서 주도권과 실익을 확보하려 한다.","김인철의 노조 지도부 접촉을 안 김성균은 오로라 제안을 수용하고, 밤샘 협상 끝에 용산드림타워 지분 10%를 현금 5억1천만 달러와 임시주총 의결권 위임에 넘기기로 합의한다","작전 부상자들을 확인한 혁권은 샌더슨에게 빈 살만 왕세자가 분노했다는 경고까지 듣는다.","오로라는 요구한 지분 10%를 확보하고 태일건설은 경영권 방어용 의결권까지 얻는다","김인철의 노조 지도부 접촉을 안 김성균은 오로라 제안을 수용하고으로 다음 선택에 쓸 구체적 정보나 자원을 얻는다.","지위","김성균·고동욱·태일건설 사장실의 처지와 지위 상태가 이번 사건 결과만큼 비가역적으로 이동한다.","오로라는 요구한 지분 10%를 확보하고 태일건설은 경영권 방어용 의결권까지 얻는다","김인철의 노조 지도부 접촉을 안 김성균은 오로라 제안을 수용하고의 즉시 결과가 확정된다.","오로라는 요구한 지분 10%를 확보하고 태일건설은 경영권 방어용 의결권까지 얻는다","GA-C15","0.91"
"777","대망 777화","","107925","108060","오로라는 요구한 지분 10%를 확보하고 태일건설은 경영권 방어용 의결권까지 얻는다 뒤 혁권·홍정기·용산드림타워 현장/김성균·손종환·구민재·태일건설 사장실에서 새 대응이 시작된다.","혁권·홍정기·용산드림타워 현장가 혁권은 5억1천만 달러를 즉시 송금해 용산드림타워 지분 10%의 주인이 된 뒤 현장을 직접 둘러보고, 태일건설은 오로라 의결권으로 김인철 측 안건을 부결할 우위를 확보한다의 결과를 만든다.","혁권은 사막 반출의 대가와 콘크리트 중단 국면에서 주도권과 실익을 확보하려 한다.","혁권은 5억1천만 달러를 즉시 송금해 용산드림타워 지분 10%의 주인이 된 뒤 현장을 직접 둘러보고, 태일건설은 오로라 의결권으로 김인철 측 안건을 부결할 우위를 확보한다","작전 부상자들을 확인한 혁권은 샌더슨에게 빈 살만 왕세자가 분노했다는 경고까지 듣는다.","현장을 직접 둘러보고, 태일건설은 오로라 의결권으로 김인철 측 안건을 부결할 우위를 확보한다","고가 미술품을 확보하며 의뢰는 성공하지만 사우디 왕세자와의 잠재적 충돌이라는 대가가 남는다.","관계","혁권·홍정기·용산드림타워 현장의 처지와 관계 상태가 이번 사건 결과만큼 비가역적으로 이동한다.","김성균은 지분 매각 공시가 태일건설 주가에 미칠 영향을 구민재에게 묻는다","혁권은 5억1천만 달러를 즉시 송금해 용산드림타워 지분 10%의 주인이 된 뒤 현장을 직접 둘러보고의 즉시 결과가 확정된다.","김성균은 지분 매각 공시가 태일건설 주가에 미칠 영향을 구민재에게 묻는다","GA-C15","0.91"
"778","대망 778화","왕민린","108061","108204","김성균은 지분 매각 공시가 태일건설 주가에 미칠 영향을 구민재에게 묻는다 뒤 김성균·구민재·태일건설/김인철·차민성/혁권·정동식에서 새 대응이 시작된다.","김성균·구민재·태일건설가 [#왕민린] 김성균은 매각대금 중 500억 원으로 자사주를 사 아르헨티나 악재를 희석하고, 계획이 틀어진 김인철은 노조 회유를 독촉의 결과를 만든다.","김성균은 자사주 500억과 왕민린의 비밀 초청 국면에서 주도권과 실익을 확보하려 한다.","[#왕민린] 김성균은 매각대금 중 500억 원으로 자사주를 사 아르헨티나 악재를 희석하고, 계획이 틀어진 김인철은 노조 회유를 독촉하며, 혁권은 왕민린의 비밀 회동 초청을 수락한다","경영권 장악 계획이 어긋난 김인철은 차민성에게 노조 회유를 서두르라고 독촉한다. 여기에 왕민린이 용건을 숨긴 채 혁권에게 상하이에서 은밀히 만나자고 한 이유가 미궁으로 남는다라는 새 불확실성도 겹친다.","왕민린이 용건을 숨긴 채 혁권에게 상하이에서 은밀히 만나자고 한 이유가 미궁으로 남는다","[#왕민린] 김성균은 매각대금 중 500억 원으로 자사주를 사 아르헨티나 악재를 희석하고으로 다음 선택에 쓸 구체적 정보나 자원을 얻는다.","관계","김성균·구민재·태일건설의 처지와 관계 상태가 이번 사건 결과만큼 비가역적으로 이동한다.","왕민린이 용건을 숨긴 채 혁권에게 상하이에서 은밀히 만나자고 한 이유가 미궁으로 남는다","[#왕민린] 김성균은 매각대금 중 500억 원으로 자사주를 사 아르헨티나 악재를 희석하고의 즉시 결과가 확정된다.","왕민린이 용건을 숨긴 채 혁권에게 상하이에서 은밀히 만나자고 한 이유가 미궁으로 남는다","GA-C16","0.91"
"779","대망 779화","","108205","108330","왕민린이 용건을 숨긴 채 혁권에게 상하이에서 은밀히 만나자고 한 이유가 미궁으로 남는다 뒤 소현·정현태·인천공항/혁권·왕민린·상하이 그랜드하얏트호텔에서 새 대응이 시작된다.","소현·정현태·인천공항가 인터내셔널 매니지먼트는 오사카 해외 촬영팀 50여 명에게 전세기를 제공하고, 혁권은 상하이에서 왕민린과 비밀 회동한다의 결과를 만든다.","소현은 자사주 500억과 왕민린의 비밀 초청 국면에서 주도권과 실익을 확보하려 한다.","인터내셔널 매니지먼트는 오사카 해외 촬영팀 50여 명에게 전세기를 제공하고, 혁권은 상하이에서 왕민린과 비밀 회동한다","경영권 장악 계획이 어긋난 김인철은 차민성에게 노조 회유를 서두르라고 독촉한다.","왕민린이 업종 불문 최대 60억 달러를 대겠다며 동업을 제안하자 혁권은 먼저 이유를 밝히라고 요구한다","인터내셔널 매니지먼트는 오사카 해외 촬영팀 50여 명에게 전세기를 제공하고으로 다음 선택에 쓸 구체적 정보나 자원을 얻는다.","세계","소현·정현태·인천공항의 처지와 세계 상태가 이번 사건 결과만큼 비가역적으로 이동한다.","왕민린이 업종 불문 최대 60억 달러를 대겠다며 동업을 제안하자 혁권은 먼저 이유를 밝히라고 요구한다","인터내셔널 매니지먼트는 오사카 해외 촬영팀 50여 명에게 전세기를 제공하고의 즉시 결과가 확정된다.","왕민린이 업종 불문 최대 60억 달러를 대겠다며 동업을 제안하자 혁권은 먼저 이유를 밝히라고 요구한다","GA-C16","0.91"
"780","대망 780화","","108331","108456","왕민린이 업종 불문 최대 60억 달러를 대겠다며 동업을 제안하자 혁권은 먼저 이유를 밝히라고 요구한다 뒤 혁권·왕민린·상하이/하킴·백수광 비서 경상·북경에서 새 대응이 시작된다.","혁권·왕민린·상하이가 왕민린은 중국 당국의 숙청을 피해 60억 달러를 해외 투자금으로 반출하려의 결과를 만든다.","혁권은 자사주 500억과 왕민린의 비밀 초청 국면에서 주도권과 실익을 확보하려 한다.","왕민린은 중국 당국의 숙청을 피해 60억 달러를 해외 투자금으로 반출하려 하며 혁권에게 10%를 제시하고, 혁권은 하킴의 조언 뒤 백수광에게 제안을 전달하기로 결심한다","경영권 장악 계획이 어긋난 김인철은 차민성에게 노조 회유를 서두르라고 독촉한다.","백수광에게 제안을 전달하기로 결심한다","왕민린은 중국 당국의 숙청을 피해 60억 달러를 해외 투자금으로 반출하려 하며 혁권에게 10%를 제시하고으로 다음 선택에 쓸 구체적 정보나 자원을 얻는다.","돈","혁권·왕민린·상하이의 처지와 돈 상태가 이번 사건 결과만큼 비가역적으로 이동한다.","백수광 측 차량이 혁권을 중국 최고 권력 핵심지인 중남해로 데려간다","왕민린은 중국 당국의 숙청을 피해 60억 달러를 해외 투자금으로 반출하려 하며 혁권에게 10%를 제시하고의 즉시 결과가 확정된다.","백수광 측 차량이 혁권을 중국 최고 권력 핵심지인 중남해로 데려간다","GA-C16","0.91"
"781","대망 781화","","108457","108587","백수광 측 차량이 혁권을 중국 최고 권력 핵심지인 중남해로 데려간다 뒤 혁권·백수광·시진핑·중남해에서 새 대응이 시작된다.","혁권·백수광·시진핑·중남해가 혁권은 예고 없이 시진핑을 만나 왕명광 사건의 공을 인정받고, 시진핑은 백수광에게 혁권의 중국 사업을 특별히 지원하라고 지시한다의 결과를 만든다.","혁권은 자사주 500억과 왕민린의 비밀 초청 국면에서 주도권과 실익을 확보하려 한다.","혁권은 예고 없이 시진핑을 만나 왕명광 사건의 공을 인정받고, 시진핑은 백수광에게 혁권의 중국 사업을 특별히 지원하라고 지시한다","경영권 장악 계획이 어긋난 김인철은 차민성에게 노조 회유를 서두르라고 독촉한다.","백수광은 시진핑의 호감을 얻은 혁권에게 앞으로 중국 사업이 탄탄대로가 될 것이라 장담한다","혁권은 예고 없이 시진핑을 만나 왕명광 사건의 공을 인정받고으로 다음 선택에 쓸 구체적 정보나 자원을 얻는다.","돈","혁권·백수광·시진핑·중남해의 처지와 돈 상태가 이번 사건 결과만큼 비가역적으로 이동한다.","백수광은 시진핑의 호감을 얻은 혁권에게 앞으로 중국 사업이 탄탄대로가 될 것이라 장담한다","혁권은 예고 없이 시진핑을 만나 왕명광 사건의 공을 인정받고의 즉시 결과가 확정된다.","백수광은 시진핑의 호감을 얻은 혁권에게 앞으로 중국 사업이 탄탄대로가 될 것이라 장담한다","GA-C16","0.91"
"782","대망 782화","","108588","108728","백수광은 시진핑의 호감을 얻은 혁권에게 앞으로 중국 사업이 탄탄대로가 될 것이라 장담한다 뒤 혁권·백수광·북경 중식당/왕민린에서 새 대응이 시작된다.","혁권·백수광·북경 중식당가 혁권은 영화 수익배분 제한 완화·수익 반출 한도 확대·할리우드 영화 수입권을 약속받고, 완다 지분 절반의 국가 헌납을 명분으로 60억 달러 반출 동의도 얻어 백수광에게 1억 달러를 주기로 한다의 결과를 만든다.","혁권은 자사주 500억과 왕민린의 비밀 초청 국면에서 주도권과 실익을 확보하려 한다.","혁권은 영화 수익배분 제한 완화·수익 반출 한도 확대·할리우드 영화 수입권을 약속받고, 완다 지분 절반의 국가 헌납을 명분으로 60억 달러 반출 동의도 얻어 백수광에게 1억 달러를 주기로 한다","경영권 장악 계획이 어긋난 김인철은 차민성에게 노조 회유를 서두르라고 독촉한다.","왕민린은 해외 반출 자금을 혁권의 텍사스 셰일오일 광구에 투자하자고 제안한다","혁권은 영화 수익배분 제한 완화·수익 반출 한도 확대·할리우드 영화 수입권을 약속받고으로 다음 선택에 쓸 구체적 정보나 자원을 얻는다.","돈","혁권·백수광·북경 중식당의 처지와 돈 상태가 이번 사건 결과만큼 비가역적으로 이동한다.","왕민린은 해외 반출 자금을 혁권의 텍사스 셰일오일 광구에 투자하자고 제안한다","혁권은 영화 수익배분 제한 완화·수익 반출 한도 확대·할리우드 영화 수입권을 약속받고의 즉시 결과가 확정된다.","왕민린은 해외 반출 자금을 혁권의 텍사스 셰일오일 광구에 투자하자고 제안한다","GA-C16","0.91"
"783","대망 783화","","108729","108843","왕민린은 해외 반출 자금을 혁권의 텍사스 셰일오일 광구에 투자하자고 제안한다 뒤 혁권·왕민린/김인철·차민성·태일그룹 본사/스텐저·김덕현에서 새 대응이 시작된다.","혁권·왕민린가 혁권은 기존 광구를 자금세탁에 쓰는 방안을 보류하고, 태일건설 임시주총에서는 김성균 해임안이 부결되며 오로라 인사가 이사·감사로 선임되고, 혁권은 시티은행을 통해 태일건설에 2천억 원을 우회 대출한다의 결과를 만든다.","혁권은 자사주 500억과 왕민린의 비밀 초청 국면에서 주도권과 실익을 확보하려 한다.","혁권은 기존 광구를 자금세탁에 쓰는 방안을 보류하고, 태일건설 임시주총에서는 김성균 해임안이 부결되며 오로라 인사가 이사·감사로 선임되고, 혁권은 시티은행을 통해 태일건설에 2천억 원을 우회 대출한다","경영권 장악 계획이 어긋난 김인철은 차민성에게 노조 회유를 서두르라고 독촉한다.","혁권은 김덕현에게 셰일오일 사업과 60억 달러 자금세탁 방안을 검토한 결과를 묻는다","혁권은 위험을 감수하고 왕민린의 비밀 회동 초청을 수락한다.","지위","혁권·왕민린의 처지와 지위 상태가 이번 사건 결과만큼 비가역적으로 이동한다.","혁권은 김덕현에게 셰일오일 사업과 60억 달러 자금세탁 방안을 검토한 결과를 묻는다","혁권은 기존 광구를 자금세탁에 쓰는 방안을 보류하고의 즉시 결과가 확정된다.","혁권은 김덕현에게 셰일오일 사업과 60억 달러 자금세탁 방안을 검토한 결과를 묻는다","GA-C16","0.91"
"784","대망 784화","희생","108844","108968","혁권은 김덕현에게 셰일오일 사업과 60억 달러 자금세탁 방안을 검토한 결과를 묻는다 뒤 혁권·김덕현·호텔 객실/퍼미언 분지에서 새 대응이 시작된다.","혁권·김덕현·호텔 객실가 김덕현은 기존 솔루시두스 광구와 분리해 50㎞ 떨어진 오일샌드 황무지를 매입한 뒤 별도 합작법인으로 자금을 세탁하고 손실 처리·청산하자는 방안을 제안한다 이어 탈레브가 알 살라위를 죽인 존슨(김혁권)에게 복수하라고 라크딤에게 명령하고, 한국의 IS 세포 리판이 스냅챗으로 혁권 암살 지령을 받으며, 모사드는 테러 징후와 표적이 존슨임을 포착한다의 결과를 만든다.","혁권은 퍼미언 세탁법인과 IS 암살 지령 국면에서 주도권과 실익을 확보하려 한다.","김덕현은 기존 솔루시두스 광구와 분리해 50㎞ 떨어진 오일샌드 황무지를 매입한 뒤 별도 합작법인으로 자금을 세탁하고 손실 처리·청산하자는 방안을 제안한다 이어 탈레브가 알 살라위를 죽인 존슨(김혁권)에게 복수하라고 라크딤에게 명령하고, 한국의 IS 세포 리판이 스냅챗으로 혁권 암살 지령을 받으며, 모사드는 테러 징후와 표적이 존슨임을 포착한다","합작법인을 통해 자금을 투입한 뒤 손실 처리와 청산으로 세탁하는 구체적인 구조가 마련된다. 여기에 혁권은 해당 매물을 선택하고 구체적인 사업계획서를 작성해 가져오라고 지시한다 이어 오페르가 IS의 테러 목표가 존슨이라고 보고한다라는 새 불확실성도 겹친다.","별도 합작법인으로 자금을 세탁하고 손실 처리·청산하자는 방안을 제안한다 이어 탈레브가 알 살라위를 죽인 존슨(김혁권)에게 복수하라고 라크딤에게 명령하고, 한국의 IS 세포 리판이 스냅챗으로 혁권 암살 지령을 받으며, 모사드는 테러 징후와 표적이 존슨임을 포착한다","김덕현은 기존 솔루시두스 광구와 분리해 50㎞ 떨어진 오일샌드 황무지를 매입한 뒤 별도 합작법인으로 자금을 세탁하고 손실 처리·청산하자는 방안을 제안한다 이어 탈레브가 알 살라위를 죽인 존슨(김혁권)에게 복수하라고 라크딤에게 명령하고으로 다음 선택에 쓸 구체적 정보나 자원을 얻는다.","돈","혁권·김덕현·호텔 객실의 처지와 돈 상태가 이번 사건 결과만큼 비가역적으로 이동한다.","혁권은 해당 매물을 선택하고 구체적인 사업계획서를 작성해 가져오라고 지시한다 이어 오페르가 IS의 테러 목표가 존슨이라고 보고한다","김덕현은 기존 솔루시두스 광구와 분리해 50㎞ 떨어진 오일샌드 황무지를 매입한 뒤 별도 합작법인으로 자금을 세탁하고 손실 처리·청산하자는 방안을 제안한다 이어 탈레브가 알 살라위를 죽인 존슨(김혁권)에게 복수하라고 라크딤에게 명령하고의 즉시 결과가 확정된다.","혁권은 해당 매물을 선택하고 구체적인 사업계획서를 작성해 가져오라고 지시한다 이어 오페르가 IS의 테러 목표가 존슨이라고 보고한다","GA-C17","0.91"
"785","대망 785화","","108969","109085","혁권은 해당 매물을 선택하고 구체적인 사업계획서를 작성해 가져오라고 지시한다 이어 오페르가 IS의 테러 목표가 존슨이라고 보고한다 뒤 스텔마치·오페르/텔아비브, 혁권·하킴/서울 호텔, 리판/남동공단 은행·지하철 코인로커에서 새 대응이 시작된다.","스텔마치·오페르가 스텔마치는 CIA에 암살 정보를 알리지 않고 관망하기로 하고, 혁권은 왕민린과 합작법인 추진에 합의의 결과를 만든다.","스텔마치은 퍼미언 세탁법인과 IS 암살 지령 국면에서 주도권과 실익을 확보하려 한다.","스텔마치는 CIA에 암살 정보를 알리지 않고 관망하기로 하고, 혁권은 왕민린과 합작법인 추진에 합의하며, 리판은 전 재산을 인도네시아 가족에게 송금한 뒤 19번 로커에서 토카레프와 폭탄 조끼를 수령한다","합작법인을 통해 자금을 투입한 뒤 손실 처리와 청산으로 세탁하는 구체적인 구조가 마련된다.","19번 로커에서 토카레프와 폭탄 조끼를 수령한다","스텔마치는 CIA에 암살 정보를 알리지 않고 관망하기로 하고으로 다음 선택에 쓸 구체적 정보나 자원을 얻는다.","관계","스텔마치·오페르의 처지와 관계 상태가 이번 사건 결과만큼 비가역적으로 이동한다.","리판이 자살 폭탄 장비가 든 더블백을 메고 혁권을 향해 떠난다","스텔마치는 CIA에 암살 정보를 알리지 않고 관망하기로 하고의 즉시 결과가 확정된다.","리판이 자살 폭탄 장비가 든 더블백을 메고 혁권을 향해 떠난다","GA-C17","0.91"
"786","대망 786화","","109086","109211","리판이 자살 폭탄 장비가 든 더블백을 메고 혁권을 향해 떠난다 뒤 혁권·정동식/서울 호텔, 임영식·리판/호텔 로비, 샌더슨·루이스/버지니아 랭리에서 새 대응이 시작된다.","혁권·정동식가 혁권은 정동식에게 레전더리 엔터테인먼트 지분 인수 구상을 밝히고, 임영식은 호텔을 정찰하던 리판을 발견하지만 중국인 관광객 무리에 막혀 놓치며, CIA는 NSA로부터 김혁권 암살 지령을 전달받는다의 결과를 만든다.","혁권은 퍼미언 세탁법인과 IS 암살 지령 국면에서 주도권과 실익을 확보하려 한다.","혁권은 정동식에게 레전더리 엔터테인먼트 지분 인수 구상을 밝히고, 임영식은 호텔을 정찰하던 리판을 발견하지만 중국인 관광객 무리에 막혀 놓치며, CIA는 NSA로부터 김혁권 암살 지령을 전달받는다","합작법인을 통해 자금을 투입한 뒤 손실 처리와 청산으로 세탁하는 구체적인 구조가 마련된다.","중국인 관광객 무리에 막혀 놓치며, CIA는 NSA로부터 김혁권 암살 지령을 전달받는다","혁권은 정동식에게 레전더리 엔터테인먼트 지분 인수 구상을 밝히고으로 다음 선택에 쓸 구체적 정보나 자원을 얻는다.","돈","혁권·정동식의 처지와 돈 상태가 이번 사건 결과만큼 비가역적으로 이동한다.","샌더슨이 IS의 표적이 된 혁권에게 직접 경고 전화를 건다","혁권은 정동식에게 레전더리 엔터테인먼트 지분 인수 구상을 밝히고의 즉시 결과가 확정된다.","샌더슨이 IS의 표적이 된 혁권에게 직접 경고 전화를 건다","GA-C17","0.91"
"787","대망 787화","","109212","109350","샌더슨이 IS의 표적이 된 혁권에게 직접 경고 전화를 건다 뒤 혁권·하킴·임영식·리판/호텔 지하 3층 주차장, 심인성·최기혁/서울에서 새 대응이 시작된다.","혁권·하킴·임영식·리판가 샌더슨의 경고를 받은 혁권이 강원도 안가로 이동하려는 순간 리판이 토카레프로 임영식의 어깨를 쏘고 경호원들의 대응 사격에 쓰러진 뒤 폭탄 조끼를 터뜨려 최소 네 명을 숨지게의 결과를 만든다.","혁권은 퍼미언 세탁법인과 IS 암살 지령 국면에서 주도권과 실익을 확보하려 한다.","샌더슨의 경고를 받은 혁권이 강원도 안가로 이동하려는 순간 리판이 토카레프로 임영식의 어깨를 쏘고 경호원들의 대응 사격에 쓰러진 뒤 폭탄 조끼를 터뜨려 최소 네 명을 숨지게 하며, 혁권은 부상자 구조에 나선다","합작법인을 통해 자금을 투입한 뒤 손실 처리와 청산으로 세탁하는 구체적인 구조가 마련된다.","폭탄 조끼를 터뜨려 최소 네 명을 숨지게 하며, 혁권은 부상자 구조에 나선다","샌더슨의 경고를 받은 혁권이 강원도 안가로 이동하려는 순간 리판이 토카레프로 임영식의 어깨를 쏘고 경호원들의 대응 사격에 쓰러진 뒤 폭탄 조끼를 터뜨려 최소 네 명을 숨지게 하며으로 다음 선택에 쓸 구체적 정보나 자원을 얻는다.","돈","혁권·하킴·임영식·리판의 처지와 돈 상태가 이번 사건 결과만큼 비가역적으로 이동한다.","심인성이 사건 은폐를 지시한 직후 직속상관 도병진 3차장의 전화를 받는다","샌더슨의 경고를 받은 혁권이 강원도 안가로 이동하려는 순간 리판이 토카레프로 임영식의 어깨를 쏘고 경호원들의 대응 사격에 쓰러진 뒤 폭탄 조끼를 터뜨려 최소 네 명을 숨지게 하며의 즉시 결과가 확정된다.","심인성이 사건 은폐를 지시한 직후 직속상관 도병진 3차장의 전화를 받는다","GA-C17","0.91"
"788","대망 788화","","109351","109490","심인성이 사건 은폐를 지시한 직후 직속상관 도병진 3차장의 전화를 받는다 뒤 혁권·심인성/이태원 국정원 안가, 표현구·도병진/국정원 회의실, 스텔마치·오페르/텔아비브에서 새 대응이 시작된다.","혁권·심인성가 심인성은 추가 사태를 막겠다며 혁권을 무기 사용 승인까지 내린 안가에 강제 구금하고, 국정원은 범인이 관리망에서 이탈한 인도네시아인 리판임을 확인한 뒤 자살폭탄 테러를 가스 폭발로 은폐의 결과를 만든다.","혁권은 퍼미언 세탁법인과 IS 암살 지령 국면에서 주도권과 실익을 확보하려 한다.","심인성은 추가 사태를 막겠다며 혁권을 무기 사용 승인까지 내린 안가에 강제 구금하고, 국정원은 범인이 관리망에서 이탈한 인도네시아인 리판임을 확인한 뒤 자살폭탄 테러를 가스 폭발로 은폐하며 혁권 제거까지 검토한다","합작법인을 통해 자금을 투입한 뒤 손실 처리와 청산으로 세탁하는 구체적인 구조가 마련된다.","자살폭탄 테러를 가스 폭발로 은폐하며 혁권 제거까지 검토한다","심인성은 추가 사태를 막겠다며 혁권을 무기 사용 승인까지 내린 안가에 강제 구금하고으로 다음 선택에 쓸 구체적 정보나 자원을 얻는다.","돈","혁권·심인성의 처지와 돈 상태가 이번 사건 결과만큼 비가역적으로 이동한다.","모사드는 폭탄 조끼 공격에도 방탄차 안에서 무사했던 혁권의 생존을 확인한다","심인성은 추가 사태를 막겠다며 혁권을 무기 사용 승인까지 내린 안가에 강제 구금하고의 즉시 결과가 확정된다.","모사드는 폭탄 조끼 공격에도 방탄차 안에서 무사했던 혁권의 생존을 확인한다","GA-C17","0.91"
"789","대망 789화","","109491","109622","모사드는 폭탄 조끼 공격에도 방탄차 안에서 무사했던 혁권의 생존을 확인한다 뒤 스텔마치·오페르/텔아비브, 혁권·심인성/이태원 안가, 노규화·심인종/정부청사에서 새 대응이 시작된다.","스텔마치·오페르가 모사드는 IS 본거지가 YPG·동맹군·시리아 정부군의 협공을 받으므로 추가 테러 가능성이 낮다고 판단하고 뒤늦게 정보를 CIA에 흘리며, 심인성은 혁권에게 스마트폰을 돌려줘 탈출을 돕고, 아랍에미리트는 한국의 연간 2,900만 톤 천연가스 도입 가격을 20% 인상한다의 결과를 만든다.","스텔마치은 퍼미언 세탁법인과 IS 암살 지령 국면에서 주도권과 실익을 확보하려 한다.","모사드는 IS 본거지가 YPG·동맹군·시리아 정부군의 협공을 받으므로 추가 테러 가능성이 낮다고 판단하고 뒤늦게 정보를 CIA에 흘리며, 심인성은 혁권에게 스마트폰을 돌려줘 탈출을 돕고, 아랍에미리트는 한국의 연간 2,900만 톤 천연가스 도입 가격을 20% 인상한다","합작법인을 통해 자금을 투입한 뒤 손실 처리와 청산으로 세탁하는 구체적인 구조가 마련된다.","늦게 정보를 CIA에 흘리며, 심인성은 혁권에게 스마트폰을 돌려줘 탈출을 돕고, 아랍에미리트는 한국의 연간 2,900만 톤 천연가스 도입 가격을 20% 인상한다","한국의 IS 세포 리판이 스냅챗으로 암살 지령을 받고, 모사드는 테러 표적이 존슨임을 포착한다.","세계","스텔마치·오페르의 처지와 세계 상태가 이번 사건 결과만큼 비가역적으로 이동한다.","천연가스 대책을 논의하던 노규화에게 최무영 산업통상부 장관이 찾아온다","모사드는 IS 본거지가 YPG·동맹군·시리아 정부군의 협공을 받으므로 추가 테러 가능성이 낮다고 판단하고 뒤늦게 정보를 CIA에 흘리며의 즉시 결과가 확정된다.","천연가스 대책을 논의하던 노규화에게 최무영 산업통상부 장관이 찾아온다","GA-C17","0.91"
"790","대망 790화","도대체 김혁권이 뭐 하는 놈이야","109623","109752","천연가스 대책을 논의하던 노규화에게 최무영 산업통상부 장관이 찾아온다 뒤 [#도대체 김혁권이 뭐 하는 놈이야] 노규화·최무영·김승욱/정부청사·이란 대사관, 칼레드/용산 이란 대사관, 대통령/청와대에서 새 대응이 시작된다.","[#도대체 김혁권이 뭐 하는 놈이야] 노규화·최무영·김승욱가 이란은 솔레이마니와 형제처럼 가까운 김혁권의 구금을 이유로 연 90억 달러 규모의 원화 결제를 중단하고 UAE도 만수르 측 요구로 가스값을 20% 올리며, 김승욱 차관의 확인을 받은 대통령은 국정원장에게 연락한다의 결과를 만든다.","노규화은 이란·UAE 경제압박과 혁권 석방 국면에서 주도권과 실익을 확보하려 한다.","이란은 솔레이마니와 형제처럼 가까운 김혁권의 구금을 이유로 연 90억 달러 규모의 원화 결제를 중단하고 UAE도 만수르 측 요구로 가스값을 20% 올리며, 김승욱 차관의 확인을 받은 대통령은 국정원장에게 연락한다","UAE도 만수르 측 요구로 가스 가격을 20% 올리면서 한국 정부가 감당할 경제적 피해가 급증한다. 여기에 안가를 찾은 심인성이 혁권에게 상부가 석방 결정을 내렸음을 알린다라는 새 불확실성도 겹친다.","안가를 찾은 심인성이 혁권에게 상부가 석방 결정을 내렸음을 알린다","이란은 솔레이마니와 형제처럼 가까운 김혁권의 구금을 이유로 연 90억 달러 규모의 원화 결제를 중단하고 UAE도 만수르 측 요구로 가스값을 20% 올리며으로 다음 선택에 쓸 구체적 정보나 자원을 얻는다.","관계","노규화·최무영·김승욱의 처지와 관계 상태가 이번 사건 결과만큼 비가역적으로 이동한다.","안가를 찾은 심인성이 혁권에게 상부가 석방 결정을 내렸음을 알린다","이란은 솔레이마니와 형제처럼 가까운 김혁권의 구금을 이유로 연 90억 달러 규모의 원화 결제를 중단하고 UAE도 만수르 측 요구로 가스값을 20% 올리며의 즉시 결과가 확정된다.","안가를 찾은 심인성이 혁권에게 상부가 석방 결정을 내렸음을 알린다","GA-C18","0.91"
"791","대망 791화","","109753","109882","안가를 찾은 심인성이 혁권에게 상부가 석방 결정을 내렸음을 알린다 뒤 혁권·심인성·백성균/이태원 안가·중앙병원 장례식장, 샌더슨/전화, 라크심/유프라테스 중류 계곡에서 새 대응이 시작된다.","혁권·심인성·백성균가 석방된 혁권은 자폭으로 숨진 부하 다섯 명의 빈소를 성대히 마련해 발인까지 지키고 복수를 결심하지만, 샌더슨은 테러 지시자 라크심이 IS 패잔병과 후퇴하다 미군 F-16 폭격으로 사망했다고 통보한다의 결과를 만든다.","혁권은 이란·UAE 경제압박과 혁권 석방 국면에서 주도권과 실익을 확보하려 한다.","석방된 혁권은 자폭으로 숨진 부하 다섯 명의 빈소를 성대히 마련해 발인까지 지키고 복수를 결심하지만, 샌더슨은 테러 지시자 라크심이 IS 패잔병과 후퇴하다 미군 F-16 폭격으로 사망했다고 통보한다","UAE도 만수르 측 요구로 가스 가격을 20% 올리면서 한국 정부가 감당할 경제적 피해가 급증한다.",", 샌더슨은 테러 지시자 라크심이 IS 패잔병과 후퇴하다 미군 F-16 폭격으로 사망했다고 통보한다","석방된 혁권은 자폭으로 숨진 부하 다섯 명의 빈소를 성대히 마련해 발인까지 지키고 복수를 결심하지만으로 다음 선택에 쓸 구체적 정보나 자원을 얻는다.","관계","혁권·심인성·백성균의 처지와 관계 상태가 이번 사건 결과만큼 비가역적으로 이동한다.","삼일장을 마친 혁권이 방탄유리와 상주 경호시설을 갖춘 논현동 새 저택에 입주한다","석방된 혁권은 자폭으로 숨진 부하 다섯 명의 빈소를 성대히 마련해 발인까지 지키고 복수를 결심하지만의 즉시 결과가 확정된다.","삼일장을 마친 혁권이 방탄유리와 상주 경호시설을 갖춘 논현동 새 저택에 입주한다","GA-C18","0.91"
"792","대망 792화","","109883","110008","삼일장을 마친 혁권이 방탄유리와 상주 경호시설을 갖춘 논현동 새 저택에 입주한다 뒤 혁권·소현/논현동 저택, 혁권·김덕현/북경행 비즈니스 제트기, 왕민린·주정화/북경 완다 그룹 본사에서 새 대응이 시작된다.","혁권·소현가 소현의 위로로 희생자 장례 뒤의 피로를 달랜 혁권은 북경으로 가며 수익성보다 자금 반출 명분을 위해 3천만 달러짜리 타이트 오일 광구 매입을 지시하고, 왕민린에게 61억 달러 대출 승인과 리히텐슈타인 LGT 비밀계좌 번호를 받는다의 결과를 만든다.","혁권은 이란·UAE 경제압박과 혁권 석방 국면에서 주도권과 실익을 확보하려 한다.","소현의 위로로 희생자 장례 뒤의 피로를 달랜 혁권은 북경으로 가며 수익성보다 자금 반출 명분을 위해 3천만 달러짜리 타이트 오일 광구 매입을 지시하고, 왕민린에게 61억 달러 대출 승인과 리히텐슈타인 LGT 비밀계좌 번호를 받는다","UAE도 만수르 측 요구로 가스 가격을 20% 올리면서 한국 정부가 감당할 경제적 피해가 급증한다.","의 피로를 달랜 혁권은 북경으로 가며 수익성보다 자금 반출 명분을 위해 3천만 달러짜리 타이트 오일 광구 매입을 지시하고, 왕민린에게 61억 달러 대출 승인과 리히텐슈타인 LGT 비밀계좌 번호를 받는다","정부 상부는 혁권 석방을 결정하고 심인성이 안가에서 그 결정을 통보한다.","관계","혁권·소현의 처지와 관계 상태가 이번 사건 결과만큼 비가역적으로 이동한다.","혁권이 왕민린에게 첫 세탁 자금 입금은 석 달 뒤라고 못 박는다","소현의 위로로 희생자 장례 뒤의 피로를 달랜 혁권은 북경으로 가며 수익성보다 자금 반출 명분을 위해 3천만 달러짜리 타이트 오일 광구 매입을 지시하고의 즉시 결과가 확정된다.","혁권이 왕민린에게 첫 세탁 자금 입금은 석 달 뒤라고 못 박는다","GA-C18","0.91"
"793","대망 793화","함정","110009","110147","혁권이 왕민린에게 첫 세탁 자금 입금은 석 달 뒤라고 못 박는다 뒤 혁권·왕민린·주정화/북경 완다 그룹 회장실에서 새 대응이 시작된다.","혁권·왕민린·주정화가 혁권은 3억 달러 대신 레전더리 엔터테인먼트 지분 10%를 요구하지만 왕민린이 6억 달러에 지분 30%를 넘기는 대신 매각대금 전액도 합작사에서 세탁하라고 역제안하자 이를 수락한다 이어 [#함정] 혁권은 레전더리 엔터테인먼트 지분 30%와 중국 수익금 7천만 달러 반출 승인·배급 우대를 정동식에게 넘기고, 주정화에게서 주성철이 아버지를 찾으러 선양에 갔다는 소식을 듣는다의 결과를 만든다.","혁권은 레전더리 30%와 선양의 함정 국면에서 주도권과 실익을 확보하려 한다.","혁권은 3억 달러 대신 레전더리 엔터테인먼트 지분 10%를 요구하지만 왕민린이 6억 달러에 지분 30%를 넘기는 대신 매각대금 전액도 합작사에서 세탁하라고 역제안하자 이를 수락한다 이어 [#함정] 혁권은 레전더리 엔터테인먼트 지분 30%와 중국 수익금 7천만 달러 반출 승인·배급 우대를 정동식에게 넘기고, 주정화에게서 주성철이 아버지를 찾으러 선양에 갔다는 소식을 듣는다","왕민린은 6억 달러에 지분 30%를 넘기되 매각대금 전액까지 합작사에서 세탁하라는 더 큰 거래를 역제안한다. 여기에 혁권이 레전더리 엔터테인먼트 지분 30%와 추가 자금 세탁을 묶은 왕민린의 거래를 확정한다 이어 북한 보위부의 표적이 될 수 있는 주성철이 홀로 선양으로 향한 사실에 혁권의 얼굴이 굳는다라는 새 불확실성도 겹친다.","왕민린이 6억 달러에 지분 30%를 넘기는 대신 매각대금 전액도 합작사에서 세탁하라고 역제안하자 이를 수락한다 이어 [#함정] 혁권은 레전더리 엔터테인먼트 지분 30%와 중국 수익금 7천만 달러 반출 승인·배급 우대를 정동식에게 넘기고, 주정화에게서 주성철이 아버지를 찾으러 선양에 갔다는 소식을 듣는다","혁권은 3억 달러 대신 레전더리 엔터테인먼트 지분 10%를 요구하지만 왕민린이 6억 달러에 지분 30%를 넘기는 대신 매각대금 전액도 합작사에서 세탁하라고 역제안하자 이를 수락한다 이어 [#함정] 혁권은 레전더리 엔터테인먼트 지분 30%와 중국 수익금 7천만 달러 반출 승인·배급 우대를 정동식에게 넘기고으로 다음 선택에 쓸 구체적 정보나 자원을 얻는다.","돈","혁권·왕민린·주정화의 처지와 돈 상태가 이번 사건 결과만큼 비가역적으로 이동한다.","혁권이 레전더리 엔터테인먼트 지분 30%와 추가 자금 세탁을 묶은 왕민린의 거래를 확정한다 이어 북한 보위부의 표적이 될 수 있는 주성철이 홀로 선양으로 향한 사실에 혁권의 얼굴이 굳는다","혁권은 3억 달러 대신 레전더리 엔터테인먼트 지분 10%를 요구하지만 왕민린이 6억 달러에 지분 30%를 넘기는 대신 매각대금 전액도 합작사에서 세탁하라고 역제안하자 이를 수락한다 이어 [#함정] 혁권은 레전더리 엔터테인먼트 지분 30%와 중국 수익금 7천만 달러 반출 승인·배급 우대를 정동식에게 넘기고의 즉시 결과가 확정된다.","혁권이 레전더리 엔터테인먼트 지분 30%와 추가 자금 세탁을 묶은 왕민린의 거래를 확정한다 이어 북한 보위부의 표적이 될 수 있는 주성철이 홀로 선양으로 향한 사실에 혁권의 얼굴이 굳는다","GA-C19","0.91"
"794","대망 794화","","110148","110284","혁권이 레전더리 엔터테인먼트 지분 30%와 추가 자금 세탁을 묶은 왕민린의 거래를 확정한다 이어 북한 보위부의 표적이 될 수 있는 주성철이 홀로 선양으로 향한 사실에 혁권의 얼굴이 굳는다 뒤 주성철·북한 보위부 체포조/선양 리치호텔·청해루에서 새 대응이 시작된다.","주성철·북한 보위부 체포조가 아버지 목소리에 속은 주성철은 브로커에게 줄 25만 위안을 들고 청해루로 갔다가 권총을 든 보위부 대원들에게 포위되어 함정임을 깨닫는다의 결과를 만든다.","주성철은 레전더리 30%와 선양의 함정 국면에서 주도권과 실익을 확보하려 한다.","아버지 목소리에 속은 주성철은 브로커에게 줄 25만 위안을 들고 청해루로 갔다가 권총을 든 보위부 대원들에게 포위되어 함정임을 깨닫는다","왕민린은 6억 달러에 지분 30%를 넘기되 매각대금 전액까지 합작사에서 세탁하라는 더 큰 거래를 역제안한다.","도주로까지 막힌 주성철이 돈으로 목숨을 구하려 하지만 보위부 대원이 주먹을 휘두른다","아버지 목소리에 속은 주성철은 브로커에게 줄 25만 위안을 들고 청해루로 갔다가 권총을 든 보위부 대원들에게 포위되어 함정임을 깨닫는다으로 다음 선택에 쓸 구체적 정보나 자원을 얻는다.","돈","주성철·북한 보위부 체포조의 처지와 돈 상태가 이번 사건 결과만큼 비가역적으로 이동한다.","도주로까지 막힌 주성철이 돈으로 목숨을 구하려 하지만 보위부 대원이 주먹을 휘두른다","아버지 목소리에 속은 주성철은 브로커에게 줄 25만 위안을 들고 청해루로 갔다가 권총을 든 보위부 대원들에게 포위되어 함정임을 깨닫는다의 즉시 결과가 확정된다.","도주로까지 막힌 주성철이 돈으로 목숨을 구하려 하지만 보위부 대원이 주먹을 휘두른다","GA-C19","0.91"
"795","대망 795화","","110285","110444","도주로까지 막힌 주성철이 돈으로 목숨을 구하려 하지만 보위부 대원이 주먹을 휘두른다 뒤 주성철·김혁권·주정화·심인성·김형일/선양 구시가지·리치호텔·보위부 은신처에서 새 대응이 시작된다.","주성철·김혁권·주정화·심인성·김형일가 보위부는 주성철을 수갑 채워 납치하고 휴대전화를 부수며, 혁권은 25만 위안 환전 영수증과 연락 두절을 근거로 국정원·선양 공안에 협조를 요청한다의 결과를 만든다.","주성철은 레전더리 30%와 선양의 함정 국면에서 주도권과 실익을 확보하려 한다.","보위부는 주성철을 수갑 채워 납치하고 휴대전화를 부수며, 혁권은 25만 위안 환전 영수증과 연락 두절을 근거로 국정원·선양 공안에 협조를 요청한다","왕민린은 6억 달러에 지분 30%를 넘기되 매각대금 전액까지 합작사에서 세탁하라는 더 큰 거래를 역제안한다.","김형일이 은행 돈까지 빼앗으려고 손톱 두 개를 뽑고도 버티는 주성철에게 추가 고문을 지시한다","보위부는 주성철을 수갑 채워 납치하고 휴대전화를 부수며으로 다음 선택에 쓸 구체적 정보나 자원을 얻는다.","돈","주성철·김혁권·주정화·심인성·김형일의 처지와 돈 상태가 이번 사건 결과만큼 비가역적으로 이동한다.","김형일이 은행 돈까지 빼앗으려고 손톱 두 개를 뽑고도 버티는 주성철에게 추가 고문을 지시한다","보위부는 주성철을 수갑 채워 납치하고 휴대전화를 부수며의 즉시 결과가 확정된다.","김형일이 은행 돈까지 빼앗으려고 손톱 두 개를 뽑고도 버티는 주성철에게 추가 고문을 지시한다","GA-C19","0.91"
"796","대망 796화","","110445","110588","김형일이 은행 돈까지 빼앗으려고 손톱 두 개를 뽑고도 버티는 주성철에게 추가 고문을 지시한다 뒤 김형일·김혁권·정규진·주정화/조선관·선양고궁박물원 인근·리치호텔에서 새 대응이 시작된다.","김형일·김혁권·정규진·주정화가 김형일은 주성철에게 빙두를 투약해 돈을 빼내라 명령하고, 국정원 블랙 요원 정규진은 납치 거점 조선관과 김형일을 특정의 결과를 만든다.","김형일은 레전더리 30%와 선양의 함정 국면에서 주도권과 실익을 확보하려 한다.","김형일은 주성철에게 빙두를 투약해 돈을 빼내라 명령하고, 국정원 블랙 요원 정규진은 납치 거점 조선관과 김형일을 특정하며 17만 달러 송금으로 주성철의 생존을 확인한다","왕민린은 6억 달러에 지분 30%를 넘기되 매각대금 전액까지 합작사에서 세탁하라는 더 큰 거래를 역제안한다.","혁권은 양천 공안국장에게 조선관 습격을 통보하고 부하들과 새벽 구출 작전에 나선다","김형일은 주성철에게 빙두를 투약해 돈을 빼내라 명령하고으로 다음 선택에 쓸 구체적 정보나 자원을 얻는다.","관계","김형일·김혁권·정규진·주정화의 처지와 관계 상태가 이번 사건 결과만큼 비가역적으로 이동한다.","혁권은 양천 공안국장에게 조선관 습격을 통보하고 부하들과 새벽 구출 작전에 나선다","김형일은 주성철에게 빙두를 투약해 돈을 빼내라 명령하고의 즉시 결과가 확정된다.","혁권은 양천 공안국장에게 조선관 습격을 통보하고 부하들과 새벽 구출 작전에 나선다","GA-C19","0.91"
"797","대망 797화","","110589","110719","혁권은 양천 공안국장에게 조선관 습격을 통보하고 부하들과 새벽 구출 작전에 나선다 뒤 김혁권·정규진·하킴·김형일·주성철/조선관에서 새 대응이 시작된다.","김혁권·정규진·하킴·김형일·주성철가 정규진에게서 총기와 수류탄을 지원받은 혁권 일행은 공안의 도로 봉쇄 아래 조선관을 급습하고, 지하실에서 빙두에 중독된 채 고문당한 주성철을 발견한다의 결과를 만든다.","김혁권은 레전더리 30%와 선양의 함정 국면에서 주도권과 실익을 확보하려 한다.","정규진에게서 총기와 수류탄을 지원받은 혁권 일행은 공안의 도로 봉쇄 아래 조선관을 급습하고, 지하실에서 빙두에 중독된 채 고문당한 주성철을 발견한다","왕민린은 6억 달러에 지분 30%를 넘기되 매각대금 전액까지 합작사에서 세탁하라는 더 큰 거래를 역제안한다.","쇠창살 안의 중년 남자가 혁권에게 쓰러진 주성철을 빨리 병원으로 데려가 달라고 외친다","정규진에게서 총기와 수류탄을 지원받은 혁권 일행은 공안의 도로 봉쇄 아래 조선관을 급습하고으로 다음 선택에 쓸 구체적 정보나 자원을 얻는다.","돈","김혁권·정규진·하킴·김형일·주성철의 처지와 돈 상태가 이번 사건 결과만큼 비가역적으로 이동한다.","쇠창살 안의 중년 남자가 혁권에게 쓰러진 주성철을 빨리 병원으로 데려가 달라고 외친다","정규진에게서 총기와 수류탄을 지원받은 혁권 일행은 공안의 도로 봉쇄 아래 조선관을 급습하고의 즉시 결과가 확정된다.","쇠창살 안의 중년 남자가 혁권에게 쓰러진 주성철을 빨리 병원으로 데려가 달라고 외친다","GA-C19","0.91"
"798","대망 798화","","110720","110856","쇠창살 안의 중년 남자가 혁권에게 쓰러진 주성철을 빨리 병원으로 데려가 달라고 외친다 뒤 김혁권·주선진 부부·주성철·백성균·김형일/조선관 지하실·2층에서 새 대응이 시작된다.","김혁권·주선진 부부·주성철·백성균·김형일가 혁권은 주성철의 부모 주선진 부부까지 풀어 구출하고, 백성균 부대는 수류탄과 자동소총으로 보위부를 전멸시키며 김형일은 폭발에 휩쓸려 사망한다의 결과를 만든다.","김혁권은 레전더리 30%와 선양의 함정 국면에서 주도권과 실익을 확보하려 한다.","혁권은 주성철의 부모 주선진 부부까지 풀어 구출하고, 백성균 부대는 수류탄과 자동소총으로 보위부를 전멸시키며 김형일은 폭발에 휩쓸려 사망한다","왕민린은 6억 달러에 지분 30%를 넘기되 매각대금 전액까지 합작사에서 세탁하라는 더 큰 거래를 역제안한다.","병원에서 깨어난 주성철은 납치와 빙두 투약의 기억이 돌아오자 극심한 정신적 고통에 빠진다","혁권은 주성철의 부모 주선진 부부까지 풀어 구출하고으로 다음 선택에 쓸 구체적 정보나 자원을 얻는다.","관계","김혁권·주선진 부부·주성철·백성균·김형일의 처지와 관계 상태가 이번 사건 결과만큼 비가역적으로 이동한다.","병원에서 깨어난 주성철은 납치와 빙두 투약의 기억이 돌아오자 극심한 정신적 고통에 빠진다","혁권은 주성철의 부모 주선진 부부까지 풀어 구출하고의 즉시 결과가 확정된다.","병원에서 깨어난 주성철은 납치와 빙두 투약의 기억이 돌아오자 극심한 정신적 고통에 빠진다","GA-C19","0.91"
"799","대망 799화","","110857","110988","병원에서 깨어난 주성철은 납치와 빙두 투약의 기억이 돌아오자 극심한 정신적 고통에 빠진다 뒤 주성철·주정화·김혁권·양천/선양 병원·특급호텔에서 새 대응이 시작된다.","주성철·주정화·김혁권·양천가 주성철은 부모가 옆 병실에서 치료 중임을 확인하고 혁권에게 구조의 은혜를 감사의 결과를 만든다.","주성철은 레전더리 30%와 선양의 함정 국면에서 주도권과 실익을 확보하려 한다.","주성철은 부모가 옆 병실에서 치료 중임을 확인하고 혁권에게 구조의 은혜를 감사하며, 혁권은 양천에게 현금과 백수광과의 연줄을 보상하고 탈북자인 부모의 공항 통과를 부탁한다","왕민린은 6억 달러에 지분 30%를 넘기되 매각대금 전액까지 합작사에서 세탁하라는 더 큰 거래를 역제안한다.","세 사람의 상태가 이동 가능하다고 판정되어 다음 날 선양을 떠나기로 한다","주성철은 부모가 옆 병실에서 치료 중임을 확인하고 혁권에게 구조의 은혜를 감사하며으로 다음 선택에 쓸 구체적 정보나 자원을 얻는다.","세계","주성철·주정화·김혁권·양천의 처지와 세계 상태가 이번 사건 결과만큼 비가역적으로 이동한다.","세 사람의 상태가 이동 가능하다고 판정되어 다음 날 선양을 떠나기로 한다","주성철은 부모가 옆 병실에서 치료 중임을 확인하고 혁권에게 구조의 은혜를 감사하며의 즉시 결과가 확정된다.","세 사람의 상태가 이동 가능하다고 판정되어 다음 날 선양을 떠나기로 한다","GA-C19","0.91"
"800","대망 800화","","110989","111109","세 사람의 상태가 이동 가능하다고 판정되어 다음 날 선양을 떠나기로 한다 뒤 김혁권·주성철 가족·심인성·최룡해·노남권/선양공항·김포공항·라선 9군단 초대소에서 새 대응이 시작된다.","김혁권·주성철 가족·심인성·최룡해·노남권가 혁권은 주성철 가족을 전용기로 서울에 데려오고 국정원 조사와 자유 면회를 합의의 결과를 만든다.","김혁권은 레전더리 30%와 선양의 함정 국면에서 주도권과 실익을 확보하려 한다.","혁권은 주성철 가족을 전용기로 서울에 데려오고 국정원 조사와 자유 면회를 합의하며, 최룡해는 원유 부족 대책을 논의하다 혁권의 35억 달러 광산 매각과 CIA 연계 의혹을 보고받는다","왕민린은 6억 달러에 지분 30%를 넘기되 매각대금 전액까지 합작사에서 세탁하라는 더 큰 거래를 역제안한다.","최룡해는 혁권과의 접촉 위험을 경계하면서도 연말까지 부족한 원유를 구할 다른 방법을 찾으라고 지시한다","혁권은 레전더리 지분과 추가 자금 세탁을 하나로 묶은 왕민린 거래를 확정해 정동식에게 넘긴다.","관계","김혁권·주성철 가족·심인성·최룡해·노남권의 처지와 관계 상태가 이번 사건 결과만큼 비가역적으로 이동한다.","최룡해는 혁권과의 접촉 위험을 경계하면서도 연말까지 부족한 원유를 구할 다른 방법을 찾으라고 지시한다","혁권은 주성철 가족을 전용기로 서울에 데려오고 국정원 조사와 자유 면회를 합의하며의 즉시 결과가 확정된다.","최룡해는 혁권과의 접촉 위험을 경계하면서도 연말까지 부족한 원유를 구할 다른 방법을 찾으라고 지시한다","GA-C19","0.91"
"801","대망 801화","난 합격이야","111110","111248","최룡해는 혁권과의 접촉 위험을 경계하면서도 연말까지 부족한 원유를 구할 다른 방법을 찾으라고 지시한다 뒤 김혁권·김덕현·황민경·혁권의 어머니/안양 솔루시두스 지사·마포·한의원에서 새 대응이 시작된다.","김혁권·김덕현·황민경·혁권의 어머니가 [#난 합격이야] 혁권은 자본금 77억 달러인 아메리칸 에너지의 세탁 사업에 시에라리온 보크사이트 광산과 기반시설 공사를 포함시키고, 손목을 다친 어머니를 한의원에 모신 뒤 저녁을 함께하기로 한다의 결과를 만든다.","김혁권은 아메리칸 에너지 편입과 어머니의 선약 국면에서 주도권과 실익을 확보하려 한다.","[#난 합격이야] 혁권은 자본금 77억 달러인 아메리칸 에너지의 세탁 사업에 시에라리온 보크사이트 광산과 기반시설 공사를 포함시키고, 손목을 다친 어머니를 한의원에 모신 뒤 저녁을 함께하기로 한다","광산뿐 아니라 기반시설 공사까지 포함되면서 세탁 사업의 규모와 관리 부담이 함께 커진다. 여기에 소현이 만나자고 전화하지만 혁권은 이미 세상에서 가장 소중한 사람과 선약이 있다며 미룬다라는 새 불확실성도 겹친다.","저녁을 함께하기로 한다","[#난 합격이야] 혁권은 자본금 77억 달러인 아메리칸 에너지의 세탁 사업에 시에라리온 보크사이트 광산과 기반시설 공사를 포함시키고으로 다음 선택에 쓸 구체적 정보나 자원을 얻는다.","관계","김혁권·김덕현·황민경·혁권의 어머니의 처지와 관계 상태가 이번 사건 결과만큼 비가역적으로 이동한다.","소현이 만나자고 전화하지만 혁권은 이미 세상에서 가장 소중한 사람과 선약이 있다며 미룬다","[#난 합격이야] 혁권은 자본금 77억 달러인 아메리칸 에너지의 세탁 사업에 시에라리온 보크사이트 광산과 기반시설 공사를 포함시키고의 즉시 결과가 확정된다.","소현이 만나자고 전화하지만 혁권은 이미 세상에서 가장 소중한 사람과 선약이 있다며 미룬다","GA-C20","0.91"
"802","대망 802화","","111249","111393","소현이 만나자고 전화하지만 혁권은 이미 세상에서 가장 소중한 사람과 선약이 있다며 미룬다 뒤 김혁권·정소현·혁권의 어머니/호텔 스카이라운지 프라이빗 룸에서 새 대응이 시작된다.","김혁권·정소현·혁권의 어머니가 혁권은 가사 도우미를 쓰겠다는 어머니의 약속을 받고 소현을 급히 초대의 결과를 만든다.","김혁권은 아메리칸 에너지 편입과 어머니의 선약 국면에서 주도권과 실익을 확보하려 한다.","혁권은 가사 도우미를 쓰겠다는 어머니의 약속을 받고 소현을 급히 초대하며, 단정하게 꾸민 소현은 첫 만남부터 어머니와 화기애애하게 식사하고 그리스에서 시작된 연애를 이야기한다","광산뿐 아니라 기반시설 공사까지 포함되면서 세탁 사업의 규모와 관리 부담이 함께 커진다.","어머니가 소현 같은 딸을 원한다 하자 소현은 자신이 딸이 되겠다고 답한다","소현의 만남 요청에도 혁권은 이미 세상에서 가장 소중한 사람과 선약이 있다며 어머니와의 약속을 지킨다.","관계","김혁권·정소현·혁권의 어머니의 처지와 관계 상태가 이번 사건 결과만큼 비가역적으로 이동한다.","어머니가 소현 같은 딸을 원한다 하자 소현은 자신이 딸이 되겠다고 답한다","혁권은 가사 도우미를 쓰겠다는 어머니의 약속을 받고 소현을 급히 초대하며의 즉시 결과가 확정된다.","어머니가 소현 같은 딸을 원한다 하자 소현은 자신이 딸이 되겠다고 답한다","GA-C20","0.91"
"803","대망 803화","딜Deal","111394","111536","어머니가 소현 같은 딸을 원한다 하자 소현은 자신이 딸이 되겠다고 답한다 뒤 김혁권·정소현·혁권의 어머니/호텔 앞·귀가 차량에서 새 대응이 시작된다.","김혁권·정소현·혁권의 어머니가 어머니는 딸이면 며느리로 삼을 수 없다며 소현을 며느릿감으로 점찍고, 식사 후 혁권에게 소현을 집으로 데려오라고 재촉한다 이어 CIA가 카리니 암살 파문을 덮으려는 사우디·미국의 곤경을 분석하고, 혁권은 사우디 중앙행정청의 마진 절반 이상인 3억 달러 오더와 빈 살만 명의 신변 보장을 받고 리야드행을 결정한다의 결과를 만든다.","김혁권은 어머니의 소현 합격과 리야드 거래 국면에서 주도권과 실익을 확보하려 한다.","어머니는 딸이면 며느리로 삼을 수 없다며 소현을 며느릿감으로 점찍고, 식사 후 혁권에게 소현을 집으로 데려오라고 재촉한다 이어 CIA가 카리니 암살 파문을 덮으려는 사우디·미국의 곤경을 분석하고, 혁권은 사우디 중앙행정청의 마진 절반 이상인 3억 달러 오더와 빈 살만 명의 신변 보장을 받고 리야드행을 결정한다","한편 CIA는 카리니 암살 파문을 덮어야 하는 사우디와 미국의 곤경을 분석하고 혁권에게 해결 거래를 제시한다. 여기에 어머니가 “난 합격”이라며 소현과의 결혼을 적극 승인하자 혁권도 안도한다 이어 킹 칼리드 공항에 도착한 혁권이 왕실 지시라는 정보를 듣고 빈 살만의 의도를 경계한다라는 새 불확실성도 겹친다.","어머니가 “난 합격”이라며 소현과의 결혼을 적극 승인하자 혁권도 안도한다 이어 킹 칼리드 공항에 도착한 혁권이 왕실 지시라는 정보를 듣고 빈 살만의 의도를 경계한다","어머니는 딸이면 며느리로 삼을 수 없다며 소현을 며느릿감으로 점찍고으로 다음 선택에 쓸 구체적 정보나 자원을 얻는다.","관계","김혁권·정소현·혁권의 어머니의 처지와 관계 상태가 이번 사건 결과만큼 비가역적으로 이동한다.","어머니가 “난 합격”이라며 소현과의 결혼을 적극 승인하자 혁권도 안도한다 이어 킹 칼리드 공항에 도착한 혁권이 왕실 지시라는 정보를 듣고 빈 살만의 의도를 경계한다","어머니는 딸이면 며느리로 삼을 수 없다며 소현을 며느릿감으로 점찍고의 즉시 결과가 확정된다.","어머니가 “난 합격”이라며 소현과의 결혼을 적극 승인하자 혁권도 안도한다 이어 킹 칼리드 공항에 도착한 혁권이 왕실 지시라는 정보를 듣고 빈 살만의 의도를 경계한다","GA-C21","0.91"
"804","대망 804화","","111537","111665","어머니가 “난 합격”이라며 소현과의 결혼을 적극 승인하자 혁권도 안도한다 이어 킹 칼리드 공항에 도착한 혁권이 왕실 지시라는 정보를 듣고 빈 살만의 의도를 경계한다 뒤 리야드 사막 텐트·혁권·빈 살만·린자위에서 새 대응이 시작된다.","리야드 사막 텐트·혁권·빈 살만·린자위가 빈 살만이 과거 비자금 반출을 불문에 부치는 조건으로 솔레이마니를 설득해 이란이 페르시아만을 일주일간 봉쇄하고 카리니 사건을 덮게 하라고 강요한다의 결과를 만든다.","리야드 사막 텐트은 어머니의 소현 합격과 리야드 거래 국면에서 주도권과 실익을 확보하려 한다.","빈 살만이 과거 비자금 반출을 불문에 부치는 조건으로 솔레이마니를 설득해 이란이 페르시아만을 일주일간 봉쇄하고 카리니 사건을 덮게 하라고 강요한다","한편 CIA는 카리니 암살 파문을 덮어야 하는 사우디와 미국의 곤경을 분석하고 혁권에게 해결 거래를 제시한다.","혁권이 미국과도 합의했느냐고 빈 살만에게 묻는다","빈 살만이 과거 비자금 반출을 불문에 부치는 조건으로 솔레이마니를 설득해 이란이 페르시아만을 일주일간 봉쇄하고 카리니 사건을 덮게 하라고 강요한다으로 다음 선택에 쓸 구체적 정보나 자원을 얻는다.","세계","리야드 사막 텐트·혁권·빈 살만·린자위의 처지와 세계 상태가 이번 사건 결과만큼 비가역적으로 이동한다.","혁권이 미국과도 합의했느냐고 빈 살만에게 묻는다","빈 살만이 과거 비자금 반출을 불문에 부치는 조건으로 솔레이마니를 설득해 이란이 페르시아만을 일주일간 봉쇄하고 카리니 사건을 덮게 하라고 강요한다의 즉시 결과가 확정된다.","혁권이 미국과도 합의했느냐고 빈 살만에게 묻는다","GA-C21","0.91"
"805","대망 805화","","111666","111785","혁권이 미국과도 합의했느냐고 빈 살만에게 묻는다 뒤 리야드·테헤란 혁명수비대·혁권·빈 살만·스텐저·솔레이마니에서 새 대응이 시작된다.","리야드·테헤란 혁명수비대·혁권·빈 살만·스텐저·솔레이마니가 미국의 묵인을 짐작한 혁권이 의뢰와 3억 달러 오더를 받아들이고 4억 달러를 더 마련해 원유 선물에 최대 35억 달러를 베팅하기로 한 뒤, 솔레이마니에게 빈 살만의 친서와 현금 가방을 건네며 봉쇄의 명분·실리와 10억 달러 보상을 제시한다의 결과를 만든다.","리야드은 어머니의 소현 합격과 리야드 거래 국면에서 주도권과 실익을 확보하려 한다.","미국의 묵인을 짐작한 혁권이 의뢰와 3억 달러 오더를 받아들이고 4억 달러를 더 마련해 원유 선물에 최대 35억 달러를 베팅하기로 한 뒤, 솔레이마니에게 빈 살만의 친서와 현금 가방을 건네며 봉쇄의 명분·실리와 10억 달러 보상을 제시한다","한편 CIA는 카리니 암살 파문을 덮어야 하는 사우디와 미국의 곤경을 분석하고 혁권에게 해결 거래를 제시한다.",", 솔레이마니에게 빈 살만의 친서와 현금 가방을 건네며 봉쇄의 명분·실리와 10억 달러 보상을 제시한다","미국의 묵인을 짐작한 혁권이 의뢰와 3억 달러 오더를 받아들이고 4억 달러를 더 마련해 원유 선물에 최대 35억 달러를 베팅하기로 한 뒤으로 다음 선택에 쓸 구체적 정보나 자원을 얻는다.","돈","리야드·테헤란 혁명수비대·혁권·빈 살만·스텐저·솔레이마니의 처지와 돈 상태가 이번 사건 결과만큼 비가역적으로 이동한다.","솔레이마니가 미국과 실제 전쟁이 나면 누가 책임지느냐고 추궁한다","미국의 묵인을 짐작한 혁권이 의뢰와 3억 달러 오더를 받아들이고 4억 달러를 더 마련해 원유 선물에 최대 35억 달러를 베팅하기로 한 뒤의 즉시 결과가 확정된다.","솔레이마니가 미국과 실제 전쟁이 나면 누가 책임지느냐고 추궁한다","GA-C21","0.91"
"806","대망 806화","","111786","111923","솔레이마니가 미국과 실제 전쟁이 나면 누가 책임지느냐고 추궁한다 뒤 테헤란 혁명수비대·혁권·솔레이마니·아르마크/워싱턴 백악관에서 새 대응이 시작된다.","테헤란 혁명수비대·혁권·솔레이마니·아르마크가 혁권이 미국과 사전 합의됐다고 설득하고 사우디 선결제금에서 1억 달러를 추가 투자한 가운데, 이란은 공해 유조선의 콘덴세이트 1천만 배럴 처분 묵인을 조건으로 봉쇄안을 수락의 결과를 만든다.","테헤란 혁명수비대은 어머니의 소현 합격과 리야드 거래 국면에서 주도권과 실익을 확보하려 한다.","혁권이 미국과 사전 합의됐다고 설득하고 사우디 선결제금에서 1억 달러를 추가 투자한 가운데, 이란은 공해 유조선의 콘덴세이트 1천만 배럴 처분 묵인을 조건으로 봉쇄안을 수락하며 백악관은 7억 달러 제재 구멍과 카리니 사건 무마 사이에서 논의한다","한편 CIA는 카리니 암살 파문을 덮어야 하는 사우디와 미국의 곤경을 분석하고 혁권에게 해결 거래를 제시한다.","제리 비서실장이 사우디의 1,100억 달러 무기계약과 대통령 연임을 거론해 수용 결정을 압박한다","혁권이 미국과 사전 합의됐다고 설득하고 사우디 선결제금에서 1억 달러를 추가 투자한 가운데으로 다음 선택에 쓸 구체적 정보나 자원을 얻는다.","돈","테헤란 혁명수비대·혁권·솔레이마니·아르마크의 처지와 돈 상태가 이번 사건 결과만큼 비가역적으로 이동한다.","제리 비서실장이 사우디의 1,100억 달러 무기계약과 대통령 연임을 거론해 수용 결정을 압박한다","혁권이 미국과 사전 합의됐다고 설득하고 사우디 선결제금에서 1억 달러를 추가 투자한 가운데의 즉시 결과가 확정된다.","제리 비서실장이 사우디의 1,100억 달러 무기계약과 대통령 연임을 거론해 수용 결정을 압박한다","GA-C21","0.91"
"807","대망 807화","","111924","112049","제리 비서실장이 사우디의 1,100억 달러 무기계약과 대통령 연임을 거론해 수용 결정을 압박한다 뒤 백악관·대통령·러셀/테헤란·혁권·솔레이마니·아르마크/호르무즈해협 세이렌호에서 새 대응이 시작된다.","백악관·대통령·러셀가 대통령이 이란의 콘덴세이트 처분을 승인하고, 혁권은 이란산 1천만 배럴을 직접 매각하기로 한 뒤 5억2천만 달러 담보로 40억 달러어치 원유 선물을 매입의 결과를 만든다.","백악관은 어머니의 소현 합격과 리야드 거래 국면에서 주도권과 실익을 확보하려 한다.","대통령이 이란의 콘덴세이트 처분을 승인하고, 혁권은 이란산 1천만 배럴을 직접 매각하기로 한 뒤 5억2천만 달러 담보로 40억 달러어치 원유 선물을 매입하며 이란 해군은 기뢰로 해협을 봉쇄해 세이렌호와 선박들을 회항시킨다","한편 CIA는 카리니 암살 파문을 덮어야 하는 사우디와 미국의 곤경을 분석하고 혁권에게 해결 거래를 제시한다.","5억2천만 달러 담보로 40억 달러어치 원유 선물을 매입하며 이란 해군은 기뢰로 해협을 봉쇄해 세이렌호와 선박들을 회항시킨다","어머니가 “난 합격”이라며 소현과의 결혼을 승인하자 혁권은 개인적으로 안도한다.","돈","백악관·대통령·러셀의 처지와 돈 상태가 이번 사건 결과만큼 비가역적으로 이동한다.","서울의 혁권이 유가 급등 속에서 흥분한 스텐저의 전화를 받는다","대통령이 이란의 콘덴세이트 처분을 승인하고의 즉시 결과가 확정된다.","서울의 혁권이 유가 급등 속에서 흥분한 스텐저의 전화를 받는다","GA-C21","0.91"
"808","대망 808화","털어 먹기","112050","112175","서울의 혁권이 유가 급등 속에서 흥분한 스텐저의 전화를 받는다 뒤 [#털어 먹기] 서울 저택·한정식당·혁권·스텐저·최필성·지석영에서 새 대응이 시작된다.","[#털어 먹기] 서울 저택·한정식당·혁권·스텐저·최필성·지석영가 혁권은 폭등한 선물을 보유한 채 DK정유에 이란산 콘덴세이트 1천만 배럴을 8억 달러에 전량 매각하고, 최필성에게서 저장시설 보수와 제2공장 증설로 태일정유의 원유난이 특히 심각하다는 정보를 얻는다의 결과를 만든다.","서울 저택은 콘덴세이트 1천만 배럴 매각 국면에서 주도권과 실익을 확보하려 한다.","혁권은 폭등한 선물을 보유한 채 DK정유에 이란산 콘덴세이트 1천만 배럴을 8억 달러에 전량 매각하고, 최필성에게서 저장시설 보수와 제2공장 증설로 태일정유의 원유난이 특히 심각하다는 정보를 얻는다","최필성은 저장시설 보수와 제2공장 증설 때문에 태일정유의 원유 부족이 특히 심각하다고 알려준다. 여기에 혁권이 아르마크에게 2,500만 달러 몫을 송금하고 이란 권력자와 지속적 관계를 맺는다라는 새 불확실성도 겹친다.","혁권이 아르마크에게 2,500만 달러 몫을 송금하고 이란 권력자와 지속적 관계를 맺는다","혁권은 폭등한 선물을 보유한 채 DK정유에 이란산 콘덴세이트 1천만 배럴을 8억 달러에 전량 매각하고으로 다음 선택에 쓸 구체적 정보나 자원을 얻는다.","돈","서울 저택·한정식당·혁권·스텐저·최필성·지석영의 처지와 돈 상태가 이번 사건 결과만큼 비가역적으로 이동한다.","혁권이 아르마크에게 2,500만 달러 몫을 송금하고 이란 권력자와 지속적 관계를 맺는다","혁권은 폭등한 선물을 보유한 채 DK정유에 이란산 콘덴세이트 1천만 배럴을 8억 달러에 전량 매각하고의 즉시 결과가 확정된다.","혁권이 아르마크에게 2,500만 달러 몫을 송금하고 이란 권력자와 지속적 관계를 맺는다","GA-C22","0.91"
"809","대망 809화","","112176","112298","혁권이 아르마크에게 2,500만 달러 몫을 송금하고 이란 권력자와 지속적 관계를 맺는다 뒤 서울 저택·혁권·스텐저/태일정유 본사·오차돈·문병기·박창근에서 새 대응이 시작된다.","서울 저택·혁권·스텐저가 혁권은 태일정유의 재고가 200만 배럴 미만이고 제2공장 가동이 위태롭다는 사실을 확인해 거제도 현물 110만 톤과 원유 선물 1,300만 배럴을 사흘 안에 익명 매각하라 지시하고, 궁지의 오차돈은 공장 중단을 거부한다의 결과를 만든다.","서울 저택은 콘덴세이트 1천만 배럴 매각 국면에서 주도권과 실익을 확보하려 한다.","혁권은 태일정유의 재고가 200만 배럴 미만이고 제2공장 가동이 위태롭다는 사실을 확인해 거제도 현물 110만 톤과 원유 선물 1,300만 배럴을 사흘 안에 익명 매각하라 지시하고, 궁지의 오차돈은 공장 중단을 거부한다","최필성은 저장시설 보수와 제2공장 증설 때문에 태일정유의 원유 부족이 특히 심각하다고 알려준다.","문병기가 현물 110만 톤과 선물 1,300만 배럴을 구할 수 있지만 값이 비싸다고 보고한다","혁권은 태일정유의 재고가 200만 배럴 미만이고 제2공장 가동이 위태롭다는 사실을 확인해 거제도 현물 110만 톤과 원유 선물 1으로 다음 선택에 쓸 구체적 정보나 자원을 얻는다.","돈","서울 저택·혁권·스텐저의 처지와 돈 상태가 이번 사건 결과만큼 비가역적으로 이동한다.","문병기가 현물 110만 톤과 선물 1,300만 배럴을 구할 수 있지만 값이 비싸다고 보고한다","혁권은 태일정유의 재고가 200만 배럴 미만이고 제2공장 가동이 위태롭다는 사실을 확인해 거제도 현물 110만 톤과 원유 선물 1의 즉시 결과가 확정된다.","문병기가 현물 110만 톤과 선물 1,300만 배럴을 구할 수 있지만 값이 비싸다고 보고한다","GA-C22","0.91"
"810","대망 810화","","112299","112426","문병기가 현물 110만 톤과 선물 1,300만 배럴을 구할 수 있지만 값이 비싸다고 보고한다 뒤 태일정유 본사·오차돈·문병기·박창근/호텔·혁권·스텐저·샌더슨에서 새 대응이 시작된다.","태일정유 본사·오차돈·문병기·박창근가 오차돈이 가용자금 10억 달러를 털어 혁권의 현물·선물을 매입하고, 혁권은 전체 선물 청산으로 약 54억 달러 수익을 확정한 뒤 10억 달러를 유가 하락에 재투자의 결과를 만든다.","태일정유 본사은 콘덴세이트 1천만 배럴 매각 국면에서 주도권과 실익을 확보하려 한다.","오차돈이 가용자금 10억 달러를 털어 혁권의 현물·선물을 매입하고, 혁권은 전체 선물 청산으로 약 54억 달러 수익을 확정한 뒤 10억 달러를 유가 하락에 재투자하며 CIA로부터 이란 반입품 묵인과 북한 채널 폐쇄 통보를 받는다","최필성은 저장시설 보수와 제2공장 증설 때문에 태일정유의 원유 부족이 특히 심각하다고 알려준다.","10억 달러를 유가 하락에 재투자하며 CIA로부터 이란 반입품 묵인과 북한 채널 폐쇄 통보를 받는다","오차돈이 가용자금 10억 달러를 털어 혁권의 현물·선물을 매입하고으로 다음 선택에 쓸 구체적 정보나 자원을 얻는다.","돈","태일정유 본사·오차돈·문병기·박창근의 처지와 돈 상태가 이번 사건 결과만큼 비가역적으로 이동한다.","태일정유가 물량 도착에 안도한 순간 비서실장이 이란 해군의 호르무즈 철수 속보를 틀어 보인다","오차돈이 가용자금 10억 달러를 털어 혁권의 현물·선물을 매입하고의 즉시 결과가 확정된다.","태일정유가 물량 도착에 안도한 순간 비서실장이 이란 해군의 호르무즈 철수 속보를 틀어 보인다","GA-C22","0.91"
"811","대망 811화","","112427","112558","태일정유가 물량 도착에 안도한 순간 비서실장이 이란 해군의 호르무즈 철수 속보를 틀어 보인다 뒤 태일정유·오차돈·문병기/태일그룹 본사·김인철·차민성에서 새 대응이 시작된다.","태일정유·오차돈·문병기가 봉쇄 해제로 유가가 하루 10달러 폭락해 태일정유가 선물을 팔지 못하고, 사우디의 하루 50만 배럴 증산까지 겹쳐 5천억 원 넘는 손실과 4분기 적자를 내자 김인철은 오차돈에게 책임을 묻고 감시를 붙인다의 결과를 만든다.","태일정유은 콘덴세이트 1천만 배럴 매각 국면에서 주도권과 실익을 확보하려 한다.","봉쇄 해제로 유가가 하루 10달러 폭락해 태일정유가 선물을 팔지 못하고, 사우디의 하루 50만 배럴 증산까지 겹쳐 5천억 원 넘는 손실과 4분기 적자를 내자 김인철은 오차돈에게 책임을 묻고 감시를 붙인다","최필성은 저장시설 보수와 제2공장 증설 때문에 태일정유의 원유 부족이 특히 심각하다고 알려준다.","차민성이 오차돈에게 대표이사 사임과 태일가스 고문 전보를 통보한다","DK정유와 8억 달러 전량 매각을 성사시켜 현물과 선물 양쪽의 이익을 지킨다.","관계","태일정유·오차돈·문병기의 처지와 관계 상태가 이번 사건 결과만큼 비가역적으로 이동한다.","차민성이 오차돈에게 대표이사 사임과 태일가스 고문 전보를 통보한다","봉쇄 해제로 유가가 하루 10달러 폭락해 태일정유가 선물을 팔지 못하고의 즉시 결과가 확정된다.","차민성이 오차돈에게 대표이사 사임과 태일가스 고문 전보를 통보한다","GA-C22","0.91"
"812","대망 812화","형제의 난","112559","112694","차민성이 오차돈에게 대표이사 사임과 태일가스 고문 전보를 통보한다 뒤 태일정유 사장실·오차돈·차민성에서 새 대응이 시작된다.","태일정유 사장실·오차돈·차민성; [#형제의 난] 혁권·윤영석·길럼가 차민성이 사흘 안에 신변을 정리하고 김인철에게 누가 되는 행동을 하지 말라고 협박하자, 배신감을 품은 오차돈은 잠긴 서랍에서 만년필형 보이스레코더를 꺼낸다 이어 혁권이 자금 세탁 지출을 늘리려고 셰일 오일 시추 지점 세 곳의 동시 굴착을 지시하고, 완다그룹 자금 20억 달러 중 1억 달러를 세탁해 시에라리온 자금과 합친 5억 달러를 리히텐슈타인으로 보내기로 한다의 결과를 만든다.","태일정유 사장실은 오차돈의 녹음기와 퍼미언 세탁 굴착 국면에서 주도권과 실익을 확보하려 한다.","차민성이 사흘 안에 신변을 정리하고 김인철에게 누가 되는 행동을 하지 말라고 협박하자, 배신감을 품은 오차돈은 잠긴 서랍에서 만년필형 보이스레코더를 꺼낸다 이어 혁권이 자금 세탁 지출을 늘리려고 셰일 오일 시추 지점 세 곳의 동시 굴착을 지시하고, 완다그룹 자금 20억 달러 중 1억 달러를 세탁해 시에라리온 자금과 합친 5억 달러를 리히텐슈타인으로 보내기로 한다","배신감을 느낀 오차돈은 잠긴 서랍에서 만년필형 보이스레코더를 꺼낸다. 여기에 오차돈이 녹음기를 움켜쥐고 김인철에게 맞설 결심을 굳힌다 이어 윤영석이 텍사스 주지사 측의 연말 파티 초청장을 보고한다라는 새 불확실성도 겹친다.","오차돈이 녹음기를 움켜쥐고 김인철에게 맞설 결심을 굳힌다 이어 윤영석이 텍사스 주지사 측의 연말 파티 초청장을 보고한다","차민성이 사흘 안에 신변을 정리하고 김인철에게 누가 되는 행동을 하지 말라고 협박하자으로 다음 선택에 쓸 구체적 정보나 자원을 얻는다.","관계","태일정유 사장실·오차돈·차민성; 혁권·윤영석·길럼의 처지와 관계 상태가 이번 사건 결과만큼 비가역적으로 이동한다.","오차돈이 녹음기를 움켜쥐고 김인철에게 맞설 결심을 굳힌다 이어 윤영석이 텍사스 주지사 측의 연말 파티 초청장을 보고한다","차민성이 사흘 안에 신변을 정리하고 김인철에게 누가 되는 행동을 하지 말라고 협박하자의 즉시 결과가 확정된다.","오차돈이 녹음기를 움켜쥐고 김인철에게 맞설 결심을 굳힌다 이어 윤영석이 텍사스 주지사 측의 연말 파티 초청장을 보고한다","GA-C23","0.91"
"813","대망 813화","","112695","112821","오차돈이 녹음기를 움켜쥐고 김인철에게 맞설 결심을 굳힌다 이어 윤영석이 텍사스 주지사 측의 연말 파티 초청장을 보고한다 뒤 혁권·스텐저·김성균·구민재·김인철·차민성/미들랜드 공항행 차량·태일건설 사장실·태일그룹 부회장실에서 새 대응이 시작된다.","혁권·스텐저·김성균·구민재·김인철·차민성가 혁권이 오로라펀드의 태일건설 지분으로 김성균의 건설·리조트·캐피탈 계열 분리를 지원하고, 김성균은 노조 간부들에게 각 5억 원과 대국은행장에게 10억 원 사과 상자를 준비한다의 결과를 만든다.","혁권은 오차돈의 녹음기와 퍼미언 세탁 굴착 국면에서 주도권과 실익을 확보하려 한다.","혁권이 오로라펀드의 태일건설 지분으로 김성균의 건설·리조트·캐피탈 계열 분리를 지원하고, 김성균은 노조 간부들에게 각 5억 원과 대국은행장에게 10억 원 사과 상자를 준비한다","배신감을 느낀 오차돈은 잠긴 서랍에서 만년필형 보이스레코더를 꺼낸다.","김인철이 건설뿐 아니라 리조트와 캐피탈도 김성균에게 동조했다는 보고를 받는다","혁권이 오로라펀드의 태일건설 지분으로 김성균의 건설·리조트·캐피탈 계열 분리를 지원하고으로 다음 선택에 쓸 구체적 정보나 자원을 얻는다.","관계","혁권·스텐저·김성균·구민재·김인철·차민성의 처지와 관계 상태가 이번 사건 결과만큼 비가역적으로 이동한다.","김인철이 건설뿐 아니라 리조트와 캐피탈도 김성균에게 동조했다는 보고를 받는다","혁권이 오로라펀드의 태일건설 지분으로 김성균의 건설·리조트·캐피탈 계열 분리를 지원하고의 즉시 결과가 확정된다.","김인철이 건설뿐 아니라 리조트와 캐피탈도 김성균에게 동조했다는 보고를 받는다","GA-C23","0.91"
"814","대망 814화","","112822","112939","김인철이 건설뿐 아니라 리조트와 캐피탈도 김성균에게 동조했다는 보고를 받는다 뒤 김인철·차민성·김성균·고현덕·혁권·타헤리안/태일그룹·태일건설 사무실·지중해 요트에서 새 대응이 시작된다.","김인철·차민성·김성균·고현덕·혁권·타헤리안가 김인철이 김성균 측 우호 지분 40% 이상 가능성을 확인하고 세 회사 대표 해임을 공고해 형제의 난을 공개전으로 만들며, 혁권은 요트에서 분쟁 보도를 지켜본 뒤 이란의 타헤리안 대사를 맞는다의 결과를 만든다.","김인철은 오차돈의 녹음기와 퍼미언 세탁 굴착 국면에서 주도권과 실익을 확보하려 한다.","김인철이 김성균 측 우호 지분 40% 이상 가능성을 확인하고 세 회사 대표 해임을 공고해 형제의 난을 공개전으로 만들며, 혁권은 요트에서 분쟁 보도를 지켜본 뒤 이란의 타헤리안 대사를 맞는다","배신감을 느낀 오차돈은 잠긴 서랍에서 만년필형 보이스레코더를 꺼낸다.","이란의 타헤리안 대사를 맞는다","김인철이 김성균 측 우호 지분 40% 이상 가능성을 확인하고 세 회사 대표 해임을 공고해 형제의 난을 공개전으로 만들며으로 다음 선택에 쓸 구체적 정보나 자원을 얻는다.","관계","김인철·차민성·김성균·고현덕·혁권·타헤리안의 처지와 관계 상태가 이번 사건 결과만큼 비가역적으로 이동한다.","타헤리안 대사가 CIA와 모사드의 감시를 피할 수 있는 망망대해에서 혁권과 회동한다","김인철이 김성균 측 우호 지분 40% 이상 가능성을 확인하고 세 회사 대표 해임을 공고해 형제의 난을 공개전으로 만들며의 즉시 결과가 확정된다.","타헤리안 대사가 CIA와 모사드의 감시를 피할 수 있는 망망대해에서 혁권과 회동한다","GA-C23","0.91"
"815","대망 815화","","112940","113074","타헤리안 대사가 CIA와 모사드의 감시를 피할 수 있는 망망대해에서 혁권과 회동한다 뒤 혁권·타헤리안·하킴·김인철·김성균/지중해 요트·최고급 호텔 일식집에서 새 대응이 시작된다.","혁권·타헤리안·하킴·김인철·김성균가 혁권이 타헤리안에게 콘덴세이트 대금 2천만 달러를 현금으로 넘기지만 아테네항을 통한 금수품 밀반출은 거절하고, 김인철은 알루미늄·화력발전·경기도시가스를 제시해 김성균을 회유하려다 결렬된다의 결과를 만든다.","혁권은 오차돈의 녹음기와 퍼미언 세탁 굴착 국면에서 주도권과 실익을 확보하려 한다.","혁권이 타헤리안에게 콘덴세이트 대금 2천만 달러를 현금으로 넘기지만 아테네항을 통한 금수품 밀반출은 거절하고, 김인철은 알루미늄·화력발전·경기도시가스를 제시해 김성균을 회유하려다 결렬된다","배신감을 느낀 오차돈은 잠긴 서랍에서 만년필형 보이스레코더를 꺼낸다.","아테네항을 통한 금수품 밀반출은 거절하고, 김인철은 알루미늄·화력발전·경기도시가스를 제시해 김성균을 회유하려다 결렬된다","혁권이 타헤리안에게 콘덴세이트 대금 2천만 달러를 현금으로 넘기지만 아테네항을 통한 금수품 밀반출은 거절하고으로 다음 선택에 쓸 구체적 정보나 자원을 얻는다.","관계","혁권·타헤리안·하킴·김인철·김성균의 처지와 관계 상태가 이번 사건 결과만큼 비가역적으로 이동한다.","김성균이 둘 중 하나가 쓰러져야 싸움이 끝난다며 김인철과의 전면전을 선언한다","혁권이 타헤리안에게 콘덴세이트 대금 2천만 달러를 현금으로 넘기지만 아테네항을 통한 금수품 밀반출은 거절하고의 즉시 결과가 확정된다.","김성균이 둘 중 하나가 쓰러져야 싸움이 끝난다며 김인철과의 전면전을 선언한다","GA-C23","0.91"
"816","대망 816화","","113075","113220","김성균이 둘 중 하나가 쓰러져야 싸움이 끝난다며 김인철과의 전면전을 선언한다 뒤 김성균·고동욱·오차돈·혁권·함단·왕민린/한강공원 주차장·아기오스 토마스섬에서 새 대응이 시작된다.","김성균·고동욱·오차돈·혁권·함단·왕민린가 고동욱이 오차돈에게 무기명 미국 재무부채권 300만 달러를 주고 김인철의 비자금·분식회계 대화 12건과 이중장부 USB를 확보의 결과를 만든다.","김성균은 오차돈의 녹음기와 퍼미언 세탁 굴착 국면에서 주도권과 실익을 확보하려 한다.","고동욱이 오차돈에게 무기명 미국 재무부채권 300만 달러를 주고 김인철의 비자금·분식회계 대화 12건과 이중장부 USB를 확보하며, 혁권은 이란의 독일산 중고 트럭 엔진 컨테이너 다섯 개를 방치하되 자기 조직과의 연계를 차단하고 왕민린의 회장 사퇴 예고를 듣는다","배신감을 느낀 오차돈은 잠긴 서랍에서 만년필형 보이스레코더를 꺼낸다.","김성균이 김인철의 비자금 지시 녹음을 끝까지 듣고 뜻밖의 무기를 얻었음을 깨닫는다","고동욱이 오차돈에게 무기명 미국 재무부채권 300만 달러를 주고 김인철의 비자금·분식회계 대화 12건과 이중장부 USB를 확보하며으로 다음 선택에 쓸 구체적 정보나 자원을 얻는다.","지위","김성균·고동욱·오차돈·혁권·함단·왕민린의 처지와 지위 상태가 이번 사건 결과만큼 비가역적으로 이동한다.","김성균이 김인철의 비자금 지시 녹음을 끝까지 듣고 뜻밖의 무기를 얻었음을 깨닫는다","고동욱이 오차돈에게 무기명 미국 재무부채권 300만 달러를 주고 김인철의 비자금·분식회계 대화 12건과 이중장부 USB를 확보하며의 즉시 결과가 확정된다.","김성균이 김인철의 비자금 지시 녹음을 끝까지 듣고 뜻밖의 무기를 얻었음을 깨닫는다","GA-C23","0.91"
"817","대망 817화","","113221","113336","김성균이 김인철의 비자금 지시 녹음을 끝까지 듣고 뜻밖의 무기를 얻었음을 깨닫는다 뒤 김성균·고동욱·김귀원·김인철·차민성·전병주/김성균 사장실·태일그룹 부회장실·검찰청사에서 새 대응이 시작된다.","김성균·고동욱·김귀원·김인철·차민성·전병주가 김성균이 녹음 파일을 이용해 김인철을 횡령·불법 자금 조성 혐의로 고소해 경영권 탈환을 노리고, 김인철은 최석주 전 의원 성 접대 사건으로 여론을 돌리지만 김귀원과 고동욱이 공개 고소장을 제출해 의혹을 되살린다의 결과를 만든다.","김성균은 오차돈의 녹음기와 퍼미언 세탁 굴착 국면에서 주도권과 실익을 확보하려 한다.","김성균이 녹음 파일을 이용해 김인철을 횡령·불법 자금 조성 혐의로 고소해 경영권 탈환을 노리고, 김인철은 최석주 전 의원 성 접대 사건으로 여론을 돌리지만 김귀원과 고동욱이 공개 고소장을 제출해 의혹을 되살린다","배신감을 느낀 오차돈은 잠긴 서랍에서 만년필형 보이스레코더를 꺼낸다.","김귀원과 고동욱이 공개 고소장을 제출해 의혹을 되살린다","완다그룹 자금 20억 달러 중 1억 달러를 세탁하고 시에라리온 자금과 합친 5억 달러를 리히텐슈타인으로 보내기로 한다.","관계","김성균·고동욱·김귀원·김인철·차민성·전병주의 처지와 관계 상태가 이번 사건 결과만큼 비가역적으로 이동한다.","기자들이 김귀원에게 김인철이 태일정유 비자금과 분식회계를 직접 지시했느냐고 묻는다","김성균이 녹음 파일을 이용해 김인철을 횡령·불법 자금 조성 혐의로 고소해 경영권 탈환을 노리고의 즉시 결과가 확정된다.","기자들이 김귀원에게 김인철이 태일정유 비자금과 분식회계를 직접 지시했느냐고 묻는다","GA-C23","0.91"
"818","대망 818화","풀 무세베니","113337","113462","기자들이 김귀원에게 김인철이 태일정유 비자금과 분식회계를 직접 지시했느냐고 묻는다 뒤 김귀원·고동욱·검찰청 기자단/검찰청사 입구에서 새 대응이 시작된다.","김귀원·고동욱·검찰청 기자단가 김귀원이 서류 가방 속 증거가 김인철을 모든 일의 배후로 입증할 것이라고 단언한 뒤 검찰에 고소장을 제출하고, 그 장면이 주요 포털과 경제면에 일제히 보도된다의 결과를 만든다.","김귀원은 김귀원의 검찰 고소장 국면에서 주도권과 실익을 확보하려 한다.","김귀원이 서류 가방 속 증거가 김인철을 모든 일의 배후로 입증할 것이라고 단언한 뒤 검찰에 고소장을 제출하고, 그 장면이 주요 포털과 경제면에 일제히 보도된다","고소장 제출 현장에 검찰청 기자단이 몰리면서 사건을 비공개로 봉합하기 어려워진다. 여기에 김인철을 겨냥한 증거 제출 사실이 전국 언론에 공개된다라는 새 불확실성도 겹친다.","검찰에 고소장을 제출하고, 그 장면이 주요 포털과 경제면에 일제히 보도된다","김귀원이 서류 가방 속 증거가 김인철을 모든 일의 배후로 입증할 것이라고 단언한 뒤 검찰에 고소장을 제출하고으로 다음 선택에 쓸 구체적 정보나 자원을 얻는다.","관계","김귀원·고동욱·검찰청 기자단의 처지와 관계 상태가 이번 사건 결과만큼 비가역적으로 이동한다.","김인철을 겨냥한 증거 제출 사실이 전국 언론에 공개된다","김귀원이 서류 가방 속 증거가 김인철을 모든 일의 배후로 입증할 것이라고 단언한 뒤 검찰에 고소장을 제출하고의 즉시 결과가 확정된다.","김인철을 겨냥한 증거 제출 사실이 전국 언론에 공개된다","GA-C24","0.91"
"819","대망 819화","","113463","113591","김인철을 겨냥한 증거 제출 사실이 전국 언론에 공개된다 뒤 [#풀 무세베니] 혁권·압둘라흐만/튀니지 수스 별장에서 새 대응이 시작된다.","[#풀 무세베니] 혁권·압둘라흐만가 김인철 축출 정황을 보고받은 혁권은 압둘라흐만에게 무세베니 장군의 쿠데타 지원 조건인 콜웨지 코발트 광산 소유권을 제안받고 심복 마틴 대령을 만나기로 한다의 결과를 만든다.","[#풀 무세베니] 혁권은 김귀원의 검찰 고소장 국면에서 주도권과 실익을 확보하려 한다.","김인철 축출 정황을 보고받은 혁권은 압둘라흐만에게 무세베니 장군의 쿠데타 지원 조건인 콜웨지 코발트 광산 소유권을 제안받고 심복 마틴 대령을 만나기로 한다","고소장 제출 현장에 검찰청 기자단이 몰리면서 사건을 비공개로 봉합하기 어려워진다.","혁권이 쿠데타 거래의 실무 협상에 응한다","김인철 축출 정황을 보고받은 혁권은 압둘라흐만에게 무세베니 장군의 쿠데타 지원 조건인 콜웨지 코발트 광산 소유권을 제안받고 심복 마틴 대령을 만나기로 한다으로 다음 선택에 쓸 구체적 정보나 자원을 얻는다.","관계","[#풀 무세베니] 혁권·압둘라흐만의 처지와 관계 상태가 이번 사건 결과만큼 비가역적으로 이동한다.","혁권이 쿠데타 거래의 실무 협상에 응한다","김인철 축출 정황을 보고받은 혁권은 압둘라흐만에게 무세베니 장군의 쿠데타 지원 조건인 콜웨지 코발트 광산 소유권을 제안받고 심복 마틴 대령을 만나기로 한다의 즉시 결과가 확정된다.","혁권이 쿠데타 거래의 실무 협상에 응한다","GA-C24","0.91"
"820","대망 820화","","113592","113709","혁권이 쿠데타 거래의 실무 협상에 응한다 뒤 혁권·마틴 대령·유키오·혼다/수스 해안 카페에서 새 대응이 시작된다.","혁권·마틴 대령·유키오·혼다가 혁권은 1억 달러가 넘는 무기·연료 지원의 선불 대가로 코발트 괴 1천 톤을 추가 확보하고 거래를 수락하지만, 일본 내각정보조사실 요원 유키오와 혼다가 만남을 촬영해 쿠데타 계획을 간파한다의 결과를 만든다.","혁권은 김귀원의 검찰 고소장 국면에서 주도권과 실익을 확보하려 한다.","혁권은 1억 달러가 넘는 무기·연료 지원의 선불 대가로 코발트 괴 1천 톤을 추가 확보하고 거래를 수락하지만, 일본 내각정보조사실 요원 유키오와 혼다가 만남을 촬영해 쿠데타 계획을 간파한다","고소장 제출 현장에 검찰청 기자단이 몰리면서 사건을 비공개로 봉합하기 어려워진다.",", 일본 내각정보조사실 요원 유키오와 혼다가 만남을 촬영해 쿠데타 계획을 간파한다","혁권은 1억 달러가 넘는 무기·연료 지원의 선불 대가로 코발트 괴 1천 톤을 추가 확보하고 거래를 수락하지만으로 다음 선택에 쓸 구체적 정보나 자원을 얻는다.","돈","혁권·마틴 대령·유키오·혼다의 처지와 돈 상태가 이번 사건 결과만큼 비가역적으로 이동한다.","혼다가 쿠데타 정보를 본국에 긴급 보고하기로 한다","혁권은 1억 달러가 넘는 무기·연료 지원의 선불 대가로 코발트 괴 1천 톤을 추가 확보하고 거래를 수락하지만의 즉시 결과가 확정된다.","혼다가 쿠데타 정보를 본국에 긴급 보고하기로 한다","GA-C24","0.91"
"821","대망 821화","","113710","113838","혼다가 쿠데타 정보를 본국에 긴급 보고하기로 한다 뒤 시게루·우에다·혁권·함단·김인철/도쿄 CIRO·아테네·서울에서 새 대응이 시작된다.","시게루·우에다·혁권·함단·김인철가 시게루는 일본의 콩고 광산 이권을 지키려 암거래상 혁권 제거와 칼리바 대통령 지원을 승인하고, 혁권은 AN-124 수송기 임대안을 채택하는 한편 김인철은 검찰 참고인 소환 통보를 받는다의 결과를 만든다.","시게루은 김귀원의 검찰 고소장 국면에서 주도권과 실익을 확보하려 한다.","시게루는 일본의 콩고 광산 이권을 지키려 암거래상 혁권 제거와 칼리바 대통령 지원을 승인하고, 혁권은 AN-124 수송기 임대안을 채택하는 한편 김인철은 검찰 참고인 소환 통보를 받는다","고소장 제출 현장에 검찰청 기자단이 몰리면서 사건을 비공개로 봉합하기 어려워진다.","전병주 검사가 김인철에게 피의자 전환 가능성을 경고한다","시게루는 일본의 콩고 광산 이권을 지키려 암거래상 혁권 제거와 칼리바 대통령 지원을 승인하고으로 다음 선택에 쓸 구체적 정보나 자원을 얻는다.","관계","시게루·우에다·혁권·함단·김인철의 처지와 관계 상태가 이번 사건 결과만큼 비가역적으로 이동한다.","전병주 검사가 김인철에게 피의자 전환 가능성을 경고한다","시게루는 일본의 콩고 광산 이권을 지키려 암거래상 혁권 제거와 칼리바 대통령 지원을 승인하고의 즉시 결과가 확정된다.","전병주 검사가 김인철에게 피의자 전환 가능성을 경고한다","GA-C24","0.91"
"822","대망 822화","","113839","113967","전병주 검사가 김인철에게 피의자 전환 가능성을 경고한다 뒤 김인철·김성균·소현·우에다·스가/검찰청·태일건설·촬영장·일본 요정에서 새 대응이 시작된다.","김인철·김성균·소현·우에다·스가가 김인철은 검찰 포토라인에 서고 김성균은 주주 회유를 지시의 결과를 만든다.","김인철은 김귀원의 검찰 고소장 국면에서 주도권과 실익을 확보하려 한다.","김인철은 검찰 포토라인에 서고 김성균은 주주 회유를 지시하며, 소현은 혁권의 어머니와 연락하는 사이임을 최현정에게 밝히고, 미쓰비시 스가 상무는 쿠데타 저지 공작비 300만 달러를 우에다에게 건넨다","고소장 제출 현장에 검찰청 기자단이 몰리면서 사건을 비공개로 봉합하기 어려워진다.","우에다가 미쓰비시의 비자금 가방을 넘겨받는다","김인철은 검찰 포토라인에 서고 김성균은 주주 회유를 지시하며으로 다음 선택에 쓸 구체적 정보나 자원을 얻는다.","관계","김인철·김성균·소현·우에다·스가의 처지와 관계 상태가 이번 사건 결과만큼 비가역적으로 이동한다.","우에다가 미쓰비시의 비자금 가방을 넘겨받는다","김인철은 검찰 포토라인에 서고 김성균은 주주 회유를 지시하며의 즉시 결과가 확정된다.","우에다가 미쓰비시의 비자금 가방을 넘겨받는다","GA-C24","0.91"
"823","대망 823화","","113968","114093","우에다가 미쓰비시의 비자금 가방을 넘겨받는다 뒤 혁권·함단·마틴 대령·유키오·혼다/아기오스 토마스 섬·아테네에서 새 대응이 시작된다.","혁권·함단·마틴 대령·유키오·혼다가 혁권은 AN-124 일곱 대 임대와 갈라치 출발 계획을 확정하지만 1군단의 킨샤사 이동 때문에 쿠데타가 닷새 뒤로 당겨져 긴급 수송을 지시하고, 일본 요원들은 요새화된 섬 대신 외출 때 암살하기로 한다의 결과를 만든다.","혁권은 김귀원의 검찰 고소장 국면에서 주도권과 실익을 확보하려 한다.","혁권은 AN-124 일곱 대 임대와 갈라치 출발 계획을 확정하지만 1군단의 킨샤사 이동 때문에 쿠데타가 닷새 뒤로 당겨져 긴급 수송을 지시하고, 일본 요원들은 요새화된 섬 대신 외출 때 암살하기로 한다","고소장 제출 현장에 검찰청 기자단이 몰리면서 사건을 비공개로 봉합하기 어려워진다.","1군단의 킨샤사 이동 때문에 쿠데타가 닷새 뒤로 당겨져 긴급 수송을 지시하고, 일본 요원들은 요새화된 섬 대신 외출 때 암살하기로 한다","혁권은 AN-124 일곱 대 임대와 갈라치 출발 계획을 확정하지만 1군단의 킨샤사 이동 때문에 쿠데타가 닷새 뒤로 당겨져 긴급 수송을 지시하고으로 다음 선택에 쓸 구체적 정보나 자원을 얻는다.","돈","혁권·함단·마틴 대령·유키오·혼다의 처지와 돈 상태가 이번 사건 결과만큼 비가역적으로 이동한다.","케카스 의원과 식사한 혁권의 차량 행렬이 부두 착륙장으로 들어선다","혁권은 AN-124 일곱 대 임대와 갈라치 출발 계획을 확정하지만 1군단의 킨샤사 이동 때문에 쿠데타가 닷새 뒤로 당겨져 긴급 수송을 지시하고의 즉시 결과가 확정된다.","케카스 의원과 식사한 혁권의 차량 행렬이 부두 착륙장으로 들어선다","GA-C24","0.91"
"824","대망 824화","","114094","114229","케카스 의원과 식사한 혁권의 차량 행렬이 부두 착륙장으로 들어선다 뒤 혁권·하킴·백성균·유키오·혼다/아테네 부두 헬리콥터 착륙장에서 새 대응이 시작된다.","혁권·하킴·백성균·유키오·혼다가 유키오 일당의 저격으로 관자놀이를 다친 혁권은 M14 소이수류탄으로 급유차를 폭파해 저격 시야를 막고 역습의 결과를 만든다.","혁권은 김귀원의 검찰 고소장 국면에서 주도권과 실익을 확보하려 한다.","유키오 일당의 저격으로 관자놀이를 다친 혁권은 M14 소이수류탄으로 급유차를 폭파해 저격 시야를 막고 역습하며, 하킴이 혁권을 겨눈 유키오를 사살해 습격대를 제압한다","고소장 제출 현장에 검찰청 기자단이 몰리면서 사건을 비공개로 봉합하기 어려워진다.","혁권이 남은 저격수를 경계하며 경호 차량으로 현장을 이탈한다","유키오 일당의 저격으로 관자놀이를 다친 혁권은 M14 소이수류탄으로 급유차를 폭파해 저격 시야를 막고 역습하며으로 다음 선택에 쓸 구체적 정보나 자원을 얻는다.","세계","혁권·하킴·백성균·유키오·혼다의 처지와 세계 상태가 이번 사건 결과만큼 비가역적으로 이동한다.","혁권이 남은 저격수를 경계하며 경호 차량으로 현장을 이탈한다","유키오 일당의 저격으로 관자놀이를 다친 혁권은 M14 소이수류탄으로 급유차를 폭파해 저격 시야를 막고 역습하며의 즉시 결과가 확정된다.","혁권이 남은 저격수를 경계하며 경호 차량으로 현장을 이탈한다","GA-C24","0.91"
"825","대망 825화","","114230","114374","혁권이 남은 저격수를 경계하며 경호 차량으로 현장을 이탈한다 뒤 시게루·우에다·혁권·하킴·자말/도쿄 총리관저·갈라치행 전용기·갈라치에서 새 대응이 시작된다.","시게루·우에다·혁권·하킴·자말가 에이사쿠 총리에게 입각을 약속받은 시게루는 암살 실패와 블랙 요원 사망을 보고받고 생존자 제거 및 플랜 B를 명령의 결과를 만든다.","시게루은 김귀원의 검찰 고소장 국면에서 주도권과 실익을 확보하려 한다.","에이사쿠 총리에게 입각을 약속받은 시게루는 암살 실패와 블랙 요원 사망을 보고받고 생존자 제거 및 플랜 B를 명령하며, 혁권은 사건을 마피아 충돌로 축소한 뒤 갈라치로 이동해 재활을 마친 자말과 재회한다","고소장 제출 현장에 검찰청 기자단이 몰리면서 사건을 비공개로 봉합하기 어려워진다.","갈라치로 이동해 재활을 마친 자말과 재회한다","에이사쿠 총리에게 입각을 약속받은 시게루는 암살 실패와 블랙 요원 사망을 보고받고 생존자 제거 및 플랜 B를 명령하며으로 다음 선택에 쓸 구체적 정보나 자원을 얻는다.","돈","시게루·우에다·혁권·하킴·자말의 처지와 돈 상태가 이번 사건 결과만큼 비가역적으로 이동한다.","갈라치 군용 활주로에서 자말이 혁권을 맞는다","에이사쿠 총리에게 입각을 약속받은 시게루는 암살 실패와 블랙 요원 사망을 보고받고 생존자 제거 및 플랜 B를 명령하며의 즉시 결과가 확정된다.","갈라치 군용 활주로에서 자말이 혁권을 맞는다","GA-C24","0.91"
"826","대망 826화","","114375","114520","갈라치 군용 활주로에서 자말이 혁권을 맞는다 뒤 혁권·자말·샌더슨·무세베니·칼리바/갈라치 호텔·킨샤사 대통령궁에서 새 대응이 시작된다.","혁권·자말·샌더슨·무세베니·칼리바가 샌더슨은 암살 배후가 일본 내각정보조사실이며 칼리바가 용병으로 무세베니를 죽이려 한다고 알려주고, 경고받은 무세베니는 대통령궁 회의에 불참한 채 무시오카 준장과 휘하 장교들을 체포해 총살한다의 결과를 만든다.","혁권은 김귀원의 검찰 고소장 국면에서 주도권과 실익을 확보하려 한다.","샌더슨은 암살 배후가 일본 내각정보조사실이며 칼리바가 용병으로 무세베니를 죽이려 한다고 알려주고, 경고받은 무세베니는 대통령궁 회의에 불참한 채 무시오카 준장과 휘하 장교들을 체포해 총살한다","고소장 제출 현장에 검찰청 기자단이 몰리면서 사건을 비공개로 봉합하기 어려워진다.","갈라치 활주로에 군수품을 실을 수송기 여덟 대가 집결한다","샌더슨은 암살 배후가 일본 내각정보조사실이며 칼리바가 용병으로 무세베니를 죽이려 한다고 알려주고으로 다음 선택에 쓸 구체적 정보나 자원을 얻는다.","세계","혁권·자말·샌더슨·무세베니·칼리바의 처지와 세계 상태가 이번 사건 결과만큼 비가역적으로 이동한다.","갈라치 활주로에 군수품을 실을 수송기 여덟 대가 집결한다","샌더슨은 암살 배후가 일본 내각정보조사실이며 칼리바가 용병으로 무세베니를 죽이려 한다고 알려주고의 즉시 결과가 확정된다.","갈라치 활주로에 군수품을 실을 수송기 여덟 대가 집결한다","GA-C24","0.91"
"827","대망 827화","","114521","114650","갈라치 활주로에 군수품을 실을 수송기 여덟 대가 집결한다 뒤 혁권·자말·태영준·마틴 대령·시게루·우에다/갈라치 군용 활주로·도쿄 CIRO·콜웨지행 AN-124에서 새 대응이 시작된다.","혁권·자말·태영준·마틴 대령·시게루·우에다가 혁권은 보급창고 화재로 부족해진 60㎜ 박격포탄 2천 발을 추가 확보하고 수송대를 출발시키며, 시게루는 무세베니 제거 실패와 남부 장악 소식에 정부군 지원책을 지시한다의 결과를 만든다.","혁권은 김귀원의 검찰 고소장 국면에서 주도권과 실익을 확보하려 한다.","혁권은 보급창고 화재로 부족해진 60㎜ 박격포탄 2천 발을 추가 확보하고 수송대를 출발시키며, 시게루는 무세베니 제거 실패와 남부 장악 소식에 정부군 지원책을 지시한다","고소장 제출 현장에 검찰청 기자단이 몰리면서 사건을 비공개로 봉합하기 어려워진다.","하킴이 타란토 CCTV에서 아테네 습격 생존자들의 얼굴 영상을 확보했다고 보고한다","증거 제출 장면이 주요 포털과 경제면에 일제히 보도되어 김인철 수사가 전국적 사건이 된다.","돈","혁권·자말·태영준·마틴 대령·시게루·우에다의 처지와 돈 상태가 이번 사건 결과만큼 비가역적으로 이동한다.","하킴이 타란토 CCTV에서 아테네 습격 생존자들의 얼굴 영상을 확보했다고 보고한다","혁권은 보급창고 화재로 부족해진 60㎜ 박격포탄 2천 발을 추가 확보하고 수송대를 출발시키며의 즉시 결과가 확정된다.","하킴이 타란토 CCTV에서 아테네 습격 생존자들의 얼굴 영상을 확보했다고 보고한다","GA-C24","0.91"
"828","대망 828화","꼬리 자르기","114651","114782","하킴이 타란토 CCTV에서 아테네 습격 생존자들의 얼굴 영상을 확보했다고 보고한다 뒤 혁권·마틴 대령·태영준/콜웨지 공항·기차역 광물창고에서 새 대응이 시작된다.","혁권·마틴 대령·태영준가 혁권은 군수품을 인도하고 대가인 코발트 괴 1천 톤과 콜탄을 확인한 뒤 마틴에게 200만 달러와 개인 뇌물을 약속해 옆 창고의 콜탄까지 매입하고 광물을 실어 갈라치로 출발한다 이어 [#꼬리 자르기] 대검 특수부가 김인철 자택과 태일그룹 부회장실을 압수수색하고 김인철은 기소와 후계자 재판 패소를 우려해 무죄를 강요한다; 혁권은 코발트 괴 2,500톤·콜탄 600톤의 매각을 지시하고 남부군의 키크위트 점령과 칼리바의 민간군사기업 접촉을 보고받는다의 결과를 만든다.","혁권은 콜웨지 희귀광물과 김인철 압수수색 국면에서 주도권과 실익을 확보하려 한다.","혁권은 군수품을 인도하고 대가인 코발트 괴 1천 톤과 콜탄을 확인한 뒤 마틴에게 200만 달러와 개인 뇌물을 약속해 옆 창고의 콜탄까지 매입하고 광물을 실어 갈라치로 출발한다 이어 [#꼬리 자르기] 대검 특수부가 김인철 자택과 태일그룹 부회장실을 압수수색하고 김인철은 기소와 후계자 재판 패소를 우려해 무죄를 강요한다; 혁권은 코발트 괴 2,500톤·콜탄 600톤의 매각을 지시하고 남부군의 키크위트 점령과 칼리바의 민간군사기업 접촉을 보고받는다","그는 마틴에게 200만 달러와 개인 뇌물을 약속해 옆 창고의 콜탄까지 추가 매입한다. 여기에 예상 밖의 희귀광물까지 확보한 수송기가 콜웨지를 떠나며 거래가 대성공으로 기운다 이어 혁권은 용병 개입으로 쿠데타가 뒤집힐 가능성을 경계하며 아직 판을 접지 않고 지켜보기로 한다라는 새 불확실성도 겹친다.","마틴에게 200만 달러와 개인 뇌물을 약속해 옆 창고의 콜탄까지 매입하고 광물을 실어 갈라치로 출발한다 이어 [#꼬리 자르기] 대검 특수부가 김인철 자택과 태일그룹 부회장실을 압수수색하고 김인철은 기소와 후계자 재판 패소를 우려해 무죄를 강요한다; 혁권은 코발트 괴 2,500톤·콜탄 600톤의 매각을 지시하고 남부군의 키크위트 점령과 칼리바의 민간군사기업 접촉을 보고받는다","혁권은 군수품을 인도하고 대가인 코발트 괴 1천 톤과 콜탄을 확인한 뒤 마틴에게 200만 달러와 개인 뇌물을 약속해 옆 창고의 콜탄까지 매입하고 광물을 실어 갈라치로 출발한다 이어 [#꼬리 자르기] 대검 특수부가 김인철 자택과 태일그룹 부회장실을 압수수색하고 김인철은 기소와 후계자 재판 패소를 우려해 무죄를 강요한다; 혁권은 코발트 괴 2으로 다음 선택에 쓸 구체적 정보나 자원을 얻는다.","지위","혁권·마틴 대령·태영준의 처지와 지위 상태가 이번 사건 결과만큼 비가역적으로 이동한다.","예상 밖의 희귀광물까지 확보한 수송기가 콜웨지를 떠나며 거래가 대성공으로 기운다 이어 혁권은 용병 개입으로 쿠데타가 뒤집힐 가능성을 경계하며 아직 판을 접지 않고 지켜보기로 한다","혁권은 군수품을 인도하고 대가인 코발트 괴 1천 톤과 콜탄을 확인한 뒤 마틴에게 200만 달러와 개인 뇌물을 약속해 옆 창고의 콜탄까지 매입하고 광물을 실어 갈라치로 출발한다 이어 [#꼬리 자르기] 대검 특수부가 김인철 자택과 태일그룹 부회장실을 압수수색하고 김인철은 기소와 후계자 재판 패소를 우려해 무죄를 강요한다; 혁권은 코발트 괴 2의 즉시 결과가 확정된다.","예상 밖의 희귀광물까지 확보한 수송기가 콜웨지를 떠나며 거래가 대성공으로 기운다 이어 혁권은 용병 개입으로 쿠데타가 뒤집힐 가능성을 경계하며 아직 판을 접지 않고 지켜보기로 한다","GA-C25","0.91"
"829","대망 829화","","114783","114912","예상 밖의 희귀광물까지 확보한 수송기가 콜웨지를 떠나며 거래가 대성공으로 기운다 이어 혁권은 용병 개입으로 쿠데타가 뒤집힐 가능성을 경계하며 아직 판을 접지 않고 지켜보기로 한다 뒤 마사아키·혼다·용병들/프랑스-이탈리아 국경 휴게소, 혁권·함단/아기오스 토마스 섬, 차민성·박창근/식당 별실에서 새 대응이 시작된다.","마사아키·혼다·용병들가 마사아키가 혼다를 제외한 생존 용병들을 사살하고 밴과 시신을 불태워 꼬리를 자르자 혁권은 배후를 이미 안다며 보복을 결심한다; 차민성은 박창근에게 오차돈의 단독 지시였다고 거짓 진술해 김인철 대신 처벌받으라고 회유한다의 결과를 만든다.","마사아키은 콜웨지 희귀광물과 김인철 압수수색 국면에서 주도권과 실익을 확보하려 한다.","마사아키가 혼다를 제외한 생존 용병들을 사살하고 밴과 시신을 불태워 꼬리를 자르자 혁권은 배후를 이미 안다며 보복을 결심한다; 차민성은 박창근에게 오차돈의 단독 지시였다고 거짓 진술해 김인철 대신 처벌받으라고 회유한다","그는 마틴에게 200만 달러와 개인 뇌물을 약속해 옆 창고의 콜탄까지 추가 매입한다.","박창근이 생각할 시간을 요구하지만 차민성은 결국 제안을 받아들일 것이라 확신한다","마사아키가 혼다를 제외한 생존 용병들을 사살하고 밴과 시신을 불태워 꼬리를 자르자 혁권은 배후를 이미 안다며 보복을 결심한다; 차민성은 박창근에게 오차돈의 단독 지시였다고 거짓 진술해 김인철 대신 처벌받으라고 회유한다으로 다음 선택에 쓸 구체적 정보나 자원을 얻는다.","관계","마사아키·혼다·용병들의 처지와 관계 상태가 이번 사건 결과만큼 비가역적으로 이동한다.","박창근이 생각할 시간을 요구하지만 차민성은 결국 제안을 받아들일 것이라 확신한다","마사아키가 혼다를 제외한 생존 용병들을 사살하고 밴과 시신을 불태워 꼬리를 자르자 혁권은 배후를 이미 안다며 보복을 결심한다; 차민성은 박창근에게 오차돈의 단독 지시였다고 거짓 진술해 김인철 대신 처벌받으라고 회유한다의 즉시 결과가 확정된다.","박창근이 생각할 시간을 요구하지만 차민성은 결국 제안을 받아들일 것이라 확신한다","GA-C25","0.91"
"830","대망 830화","","114913","115063","박창근이 생각할 시간을 요구하지만 차민성은 결국 제안을 받아들일 것이라 확신한다 뒤 혁권·국정원 블랙 요원·하킴/아테네, 오카다·라미/해운회사 건물, 시게루·우에다/도쿄 내각정보조사실에서 새 대응이 시작된다.","혁권·국정원 블랙 요원·하킴가 혁권이 북한 무기 밀수 자료와 현금을 대가로 그리스 내 일본 요원 명단을 받고, 라미의 팀이 오카다를 포함한 내각정보조사실 요원 11명을 하룻밤에 전원 암살한다의 결과를 만든다.","혁권은 콜웨지 희귀광물과 김인철 압수수색 국면에서 주도권과 실익을 확보하려 한다.","혁권이 북한 무기 밀수 자료와 현금을 대가로 그리스 내 일본 요원 명단을 받고, 라미의 팀이 오카다를 포함한 내각정보조사실 요원 11명을 하룻밤에 전원 암살한다","그는 마틴에게 200만 달러와 개인 뇌물을 약속해 옆 창고의 콜탄까지 추가 매입한다.","시게루는 배후를 찾으라 명령하면서도 혁권을 잠시 의심했다가 한낱 암거래상에게 그럴 배짱은 없다며 가능성을 지운다","혁권은 총 코발트 괴 2,500톤과 콜탄 600톤의 매각을 지시하며 예상 이상의 희귀광물 수익을 확보한다.","돈","혁권·국정원 블랙 요원·하킴의 처지와 돈 상태가 이번 사건 결과만큼 비가역적으로 이동한다.","시게루는 배후를 찾으라 명령하면서도 혁권을 잠시 의심했다가 한낱 암거래상에게 그럴 배짱은 없다며 가능성을 지운다","혁권이 북한 무기 밀수 자료와 현금을 대가로 그리스 내 일본 요원 명단을 받고의 즉시 결과가 확정된다.","시게루는 배후를 찾으라 명령하면서도 혁권을 잠시 의심했다가 한낱 암거래상에게 그럴 배짱은 없다며 가능성을 지운다","GA-C25","0.91"
"831","대망 831화","야마구치 구미","115064","115207","시게루는 배후를 찾으라 명령하면서도 혁권을 잠시 의심했다가 한낱 암거래상에게 그럴 배짱은 없다며 가능성을 지운다 뒤 혁권·샌더슨/아기오스 토마스 섬, 시게루·우에다/도쿄 내각정보조사실에서 새 대응이 시작된다.","혁권·샌더슨가 혁권이 시게루까지 죽이려다 샌더슨이 아메리칸 에너지 사업을 압박하고 민간군사기업의 콩고 쿠데타 불개입을 대가로 제시하자 보복 중단에 합의한다; CIA 압력으로 용병 계약이 무산되자 시게루는 칼리바를 버리고 무세베니에게 접근하라고 지시한다의 결과를 만든다.","혁권은 CIA 불개입 합의와 시게루의 배신 국면에서 주도권과 실익을 확보하려 한다.","혁권이 시게루까지 죽이려다 샌더슨이 아메리칸 에너지 사업을 압박하고 민간군사기업의 콩고 쿠데타 불개입을 대가로 제시하자 보복 중단에 합의한다; CIA 압력으로 용병 계약이 무산되자 시게루는 칼리바를 버리고 무세베니에게 접근하라고 지시한다","샌더슨은 민간군사기업이 콩고 쿠데타에 개입하지 않는 것을 보복 중단의 대가로 제시한다. 여기에 시게루가 CIA와의 합의를 어기고 야마구치 구미의 킬러를 써 혁권을 은밀히 제거하라고 우에다에게 명령한다라는 새 불확실성도 겹친다.","시게루가 CIA와의 합의를 어기고 야마구치 구미의 킬러를 써 혁권을 은밀히 제거하라고 우에다에게 명령한다","혁권이 시게루까지 죽이려다 샌더슨이 아메리칸 에너지 사업을 압박하고 민간군사기업의 콩고 쿠데타 불개입을 대가로 제시하자 보복 중단에 합의한다; CIA 압력으로 용병 계약이 무산되자 시게루는 칼리바를 버리고 무세베니에게 접근하라고 지시한다으로 다음 선택에 쓸 구체적 정보나 자원을 얻는다.","돈","혁권·샌더슨의 처지와 돈 상태가 이번 사건 결과만큼 비가역적으로 이동한다.","시게루가 CIA와의 합의를 어기고 야마구치 구미의 킬러를 써 혁권을 은밀히 제거하라고 우에다에게 명령한다","혁권이 시게루까지 죽이려다 샌더슨이 아메리칸 에너지 사업을 압박하고 민간군사기업의 콩고 쿠데타 불개입을 대가로 제시하자 보복 중단에 합의한다; CIA 압력으로 용병 계약이 무산되자 시게루는 칼리바를 버리고 무세베니에게 접근하라고 지시한다의 즉시 결과가 확정된다.","시게루가 CIA와의 합의를 어기고 야마구치 구미의 킬러를 써 혁권을 은밀히 제거하라고 우에다에게 명령한다","GA-C26","0.91"
"832","대망 832화","","115208","115347","시게루가 CIA와의 합의를 어기고 야마구치 구미의 킬러를 써 혁권을 은밀히 제거하라고 우에다에게 명령한다 뒤 소현·혁권/방송국·논현동 저택, 우에다·시노다 겐이치/일본 고베에서 새 대응이 시작된다.","소현·혁권가 [#야마구치 구미] 외로운 크리스마스를 각오한 소현 앞에 혁권이 귀국해 재회하고 두 사람은 함께 밤을 보낸다; 우에다는 일본 최대 야쿠자 야마구치 구미 보스 시노다 겐이치의 대저택을 방문한다의 결과를 만든다.","소현은 CIA 불개입 합의와 시게루의 배신 국면에서 주도권과 실익을 확보하려 한다.","[#야마구치 구미] 외로운 크리스마스를 각오한 소현 앞에 혁권이 귀국해 재회하고 두 사람은 함께 밤을 보낸다; 우에다는 일본 최대 야쿠자 야마구치 구미 보스 시노다 겐이치의 대저택을 방문한다","샌더슨은 민간군사기업이 콩고 쿠데타에 개입하지 않는 것을 보복 중단의 대가로 제시한다.","겐이치가 기다리던 우에다를 안채로 들이며 비밀 청탁의 회동이 시작된다","[#야마구치 구미] 외로운 크리스마스를 각오한 소현 앞에 혁권이 귀국해 재회하고 두 사람은 함께 밤을 보낸다; 우에다는 일본 최대 야쿠자 야마구치 구미 보스 시노다 겐이치의 대저택을 방문한다으로 다음 선택에 쓸 구체적 정보나 자원을 얻는다.","관계","소현·혁권의 처지와 관계 상태가 이번 사건 결과만큼 비가역적으로 이동한다.","겐이치가 기다리던 우에다를 안채로 들이며 비밀 청탁의 회동이 시작된다","[#야마구치 구미] 외로운 크리스마스를 각오한 소현 앞에 혁권이 귀국해 재회하고 두 사람은 함께 밤을 보낸다; 우에다는 일본 최대 야쿠자 야마구치 구미 보스 시노다 겐이치의 대저택을 방문한다의 즉시 결과가 확정된다.","겐이치가 기다리던 우에다를 안채로 들이며 비밀 청탁의 회동이 시작된다","GA-C26","0.91"
"833","대망 833화","","115348","115478","겐이치가 기다리던 우에다를 안채로 들이며 비밀 청탁의 회동이 시작된다 뒤 우에다·시노다 겐이치·츠토무/고베, 혁권·함단·무세베니/서울·킨샤사에서 새 대응이 시작된다.","우에다·시노다 겐이치·츠토무가 우에다가 도쿄 올림픽 승마 경기장 부속시설 10년 운영권을 대가로 혁권 암살을 청탁하자 겐이치는 해결사 츠토무에게 활동비 1억 엔과 자료를 주고 한국행을 명한다; 남부군이 킨샤사를 함락하고 칼리바가 콩고공화국으로 도주하자 혁권은 코발트 광산을 받으러 간다의 결과를 만든다.","우에다은 CIA 불개입 합의와 시게루의 배신 국면에서 주도권과 실익을 확보하려 한다.","우에다가 도쿄 올림픽 승마 경기장 부속시설 10년 운영권을 대가로 혁권 암살을 청탁하자 겐이치는 해결사 츠토무에게 활동비 1억 엔과 자료를 주고 한국행을 명한다; 남부군이 킨샤사를 함락하고 칼리바가 콩고공화국으로 도주하자 혁권은 코발트 광산을 받으러 간다","샌더슨은 민간군사기업이 콩고 쿠데타에 개입하지 않는 것을 보복 중단의 대가로 제시한다.","대통령궁에 도착한 혁권이 새 권력자가 된 무세베니와 처음 대면해 약속 이행 협상에 들어간다","우에다가 도쿄 올림픽 승마 경기장 부속시설 10년 운영권을 대가로 혁권 암살을 청탁하자 겐이치는 해결사 츠토무에게 활동비 1억 엔과 자료를 주고 한국행을 명한다; 남부군이 킨샤사를 함락하고 칼리바가 콩고공화국으로 도주하자 혁권은 코발트 광산을 받으러 간다으로 다음 선택에 쓸 구체적 정보나 자원을 얻는다.","돈","우에다·시노다 겐이치·츠토무의 처지와 돈 상태가 이번 사건 결과만큼 비가역적으로 이동한다.","대통령궁에 도착한 혁권이 새 권력자가 된 무세베니와 처음 대면해 약속 이행 협상에 들어간다","우에다가 도쿄 올림픽 승마 경기장 부속시설 10년 운영권을 대가로 혁권 암살을 청탁하자 겐이치는 해결사 츠토무에게 활동비 1억 엔과 자료를 주고 한국행을 명한다; 남부군이 킨샤사를 함락하고 칼리바가 콩고공화국으로 도주하자 혁권은 코발트 광산을 받으러 간다의 즉시 결과가 확정된다.","대통령궁에 도착한 혁권이 새 권력자가 된 무세베니와 처음 대면해 약속 이행 협상에 들어간다","GA-C26","0.91"
"834","대망 834화","","115479","115609","대통령궁에 도착한 혁권이 새 권력자가 된 무세베니와 처음 대면해 약속 이행 협상에 들어간다 뒤 혁권·무세베니·마틴·하킴/킨샤사 대통령궁, 츠토무·마에다·타카시/인천공항에서 새 대응이 시작된다.","혁권·무세베니·마틴·하킴가 혁권이 무세베니의 반발을 눌러 콜웨지 코발트 광산 양도 계약서에 서명을 받고 골드바 10킬로그램을 선물한다; 이어 T-72급 전차·장갑차 각 10여 대와 교관·정비사 공급을 수주하고 한 달 전 광물 시세의 90%로 결제받는 조건과 마틴 몫 10만 달러를 합의한다의 결과를 만든다.","혁권은 CIA 불개입 합의와 시게루의 배신 국면에서 주도권과 실익을 확보하려 한다.","혁권이 무세베니의 반발을 눌러 콜웨지 코발트 광산 양도 계약서에 서명을 받고 골드바 10킬로그램을 선물한다; 이어 T-72급 전차·장갑차 각 10여 대와 교관·정비사 공급을 수주하고 한 달 전 광물 시세의 90%로 결제받는 조건과 마틴 몫 10만 달러를 합의한다","샌더슨은 민간군사기업이 콩고 쿠데타에 개입하지 않는 것을 보복 중단의 대가로 제시한다.","한국에 입국한 츠토무가 콜트 M1911 두 정·소음기·탄창 6개·수류탄 5개와 혁권 자료가 든 배낭을 확인한다","혁권이 무세베니의 반발을 눌러 콜웨지 코발트 광산 양도 계약서에 서명을 받고 골드바 10킬로그램을 선물한다; 이어 T-72급 전차·장갑차 각 10여 대와 교관·정비사 공급을 수주하고 한 달 전 광물 시세의 90%로 결제받는 조건과 마틴 몫 10만 달러를 합의한다으로 다음 선택에 쓸 구체적 정보나 자원을 얻는다.","돈","혁권·무세베니·마틴·하킴의 처지와 돈 상태가 이번 사건 결과만큼 비가역적으로 이동한다.","한국에 입국한 츠토무가 콜트 M1911 두 정·소음기·탄창 6개·수류탄 5개와 혁권 자료가 든 배낭을 확인한다","혁권이 무세베니의 반발을 눌러 콜웨지 코발트 광산 양도 계약서에 서명을 받고 골드바 10킬로그램을 선물한다; 이어 T-72급 전차·장갑차 각 10여 대와 교관·정비사 공급을 수주하고 한 달 전 광물 시세의 90%로 결제받는 조건과 마틴 몫 10만 달러를 합의한다의 즉시 결과가 확정된다.","한국에 입국한 츠토무가 콜트 M1911 두 정·소음기·탄창 6개·수류탄 5개와 혁권 자료가 든 배낭을 확인한다","GA-C26","0.91"
"835","대망 835화","","115610","115732","한국에 입국한 츠토무가 콜트 M1911 두 정·소음기·탄창 6개·수류탄 5개와 혁권 자료가 든 배낭을 확인한다 뒤 츠토무·소현·마에다/서울, 혁권·샌더슨/나이로비 공항·전용기, 혁권·왕민린/귀국 차량에서 새 대응이 시작된다.","츠토무·소현·마에다가 츠토무는 혁권의 출국을 알고 소현을 감시하지만 미끼가 통하지 않을 위험 때문에 공격을 보류한다; 혁권은 코발트 광산을 아메리칸 에너지에 매각하는 대신 소유권 유지와 생산량 절반을 GM에 공급한다는 미국 정부 조건을 수락한다의 결과를 만든다.","츠토무은 CIA 불개입 합의와 시게루의 배신 국면에서 주도권과 실익을 확보하려 한다.","츠토무는 혁권의 출국을 알고 소현을 감시하지만 미끼가 통하지 않을 위험 때문에 공격을 보류한다; 혁권은 코발트 광산을 아메리칸 에너지에 매각하는 대신 소유권 유지와 생산량 절반을 GM에 공급한다는 미국 정부 조건을 수락한다","샌더슨은 민간군사기업이 콩고 쿠데타에 개입하지 않는 것을 보복 중단의 대가로 제시한다.","미끼가 통하지 않을 위험 때문에 공격을 보류한다; 혁권은 코발트 광산을 아메리칸 에너지에 매각하는 대신 소유권 유지와 생산량 절반을 GM에 공급한다는 미국 정부 조건을 수락한다","츠토무는 혁권의 출국을 알고 소현을 감시하지만 미끼가 통하지 않을 위험 때문에 공격을 보류한다; 혁권은 코발트 광산을 아메리칸 에너지에 매각하는 대신 소유권 유지와 생산량 절반을 GM에 공급한다는 미국 정부 조건을 수락한다으로 다음 선택에 쓸 구체적 정보나 자원을 얻는다.","관계","츠토무·소현·마에다의 처지와 관계 상태가 이번 사건 결과만큼 비가역적으로 이동한다.","귀국한 혁권이 왕민린에게 광산값을 부풀려 아메리칸 에너지 자금 10억 달러를 세탁하자고 제안하자 왕민린이 IRS 조사를 우려한다","츠토무는 혁권의 출국을 알고 소현을 감시하지만 미끼가 통하지 않을 위험 때문에 공격을 보류한다; 혁권은 코발트 광산을 아메리칸 에너지에 매각하는 대신 소유권 유지와 생산량 절반을 GM에 공급한다는 미국 정부 조건을 수락한다의 즉시 결과가 확정된다.","귀국한 혁권이 왕민린에게 광산값을 부풀려 아메리칸 에너지 자금 10억 달러를 세탁하자고 제안하자 왕민린이 IRS 조사를 우려한다","GA-C26","0.91"
"836","대망 836화","","115733","115868","귀국한 혁권이 왕민린에게 광산값을 부풀려 아메리칸 에너지 자금 10억 달러를 세탁하자고 제안하자 왕민린이 IRS 조사를 우려한다 뒤 혁권·왕민린/서울 귀국 차량, 츠토무·마에다/안가, 혁권·하킴·지병하/논현동 저택·도심 도로에서 새 대응이 시작된다.","혁권·왕민린가 혁권은 미국 정부와 사전 합의를 마쳤다며 왕민린을 설득하고 중국 업체에 나머지 코발트 절반의 선매도권을 팔기로 한다; 귀환을 확인한 츠토무는 트럭 폭발로 혁권을 저택 밖에 끌어낸 뒤 경호 차량을 충돌시켜 포위한다의 결과를 만든다.","혁권은 CIA 불개입 합의와 시게루의 배신 국면에서 주도권과 실익을 확보하려 한다.","혁권은 미국 정부와 사전 합의를 마쳤다며 왕민린을 설득하고 중국 업체에 나머지 코발트 절반의 선매도권을 팔기로 한다; 귀환을 확인한 츠토무는 트럭 폭발로 혁권을 저택 밖에 끌어낸 뒤 경호 차량을 충돌시켜 포위한다","샌더슨은 민간군사기업이 콩고 쿠데타에 개입하지 않는 것을 보복 중단의 대가로 제시한다.","경호 차량을 충돌시켜 포위한다","시게루는 칼리바를 버리고 무세베니에게 접근하라고 지시해 콩고 개입 방향을 바꾼다.","돈","혁권·왕민린의 처지와 돈 상태가 이번 사건 결과만큼 비가역적으로 이동한다.","교차로에서 승합차가 접근해 혁권의 롤스로이스 컬리넌에 총탄을 퍼붓는다","혁권은 미국 정부와 사전 합의를 마쳤다며 왕민린을 설득하고 중국 업체에 나머지 코발트 절반의 선매도권을 팔기로 한다; 귀환을 확인한 츠토무는 트럭 폭발로 혁권을 저택 밖에 끌어낸 뒤 경호 차량을 충돌시켜 포위한다의 즉시 결과가 확정된다.","교차로에서 승합차가 접근해 혁권의 롤스로이스 컬리넌에 총탄을 퍼붓는다","GA-C26","0.91"
"837","대망 837화","각오는 됐겠지Ⅰ","115869","116035","교차로에서 승합차가 접근해 혁권의 롤스로이스 컬리넌에 총탄을 퍼붓는다 뒤 혁권·지병하·백성균/서울 교차로, 츠토무·마에다/습격 현장·안가, 시노다 겐이치·히로시게/고베 본가에서 새 대응이 시작된다.","혁권·지병하·백성균가 츠토무 일당의 총격은 방탄차와 경호원 반격에 막히지만 수류탄으로 차량을 전복시키고 지병하를 살해한다; 혁권은 부상한 채 탈출하고, 실패를 보고받은 겐이치는 츠토무에게 사흘 안에 암살을 끝내라 명한 뒤 임무 후 그마저 제거하라고 지시한다의 결과를 만든다.","혁권은 지병하 피살과 소현 납치 계획 국면에서 주도권과 실익을 확보하려 한다.","츠토무 일당의 총격은 방탄차와 경호원 반격에 막히지만 수류탄으로 차량을 전복시키고 지병하를 살해한다; 혁권은 부상한 채 탈출하고, 실패를 보고받은 겐이치는 츠토무에게 사흘 안에 암살을 끝내라 명한 뒤 임무 후 그마저 제거하라고 지시한다","방탄차와 경호원 반격으로 총격이 막히자 공격자들은 수류탄으로 차량을 전복시킨다. 여기에 궁지에 몰린 츠토무가 소현을 납치해 혁권을 밖으로 끌어내겠다고 결심한다라는 새 불확실성도 겹친다.","수류탄으로 차량을 전복시키고 지병하를 살해한다; 혁권은 부상한 채 탈출하고, 실패를 보고받은 겐이치는 츠토무에게 사흘 안에 암살을 끝내라 명한 뒤 임무 후 그마저 제거하라고 지시한다","츠토무 일당의 총격은 방탄차와 경호원 반격에 막히지만 수류탄으로 차량을 전복시키고 지병하를 살해한다; 혁권은 부상한 채 탈출하고으로 다음 선택에 쓸 구체적 정보나 자원을 얻는다.","돈","혁권·지병하·백성균의 처지와 돈 상태가 이번 사건 결과만큼 비가역적으로 이동한다.","궁지에 몰린 츠토무가 소현을 납치해 혁권을 밖으로 끌어내겠다고 결심한다","츠토무 일당의 총격은 방탄차와 경호원 반격에 막히지만 수류탄으로 차량을 전복시키고 지병하를 살해한다; 혁권은 부상한 채 탈출하고의 즉시 결과가 확정된다.","궁지에 몰린 츠토무가 소현을 납치해 혁권을 밖으로 끌어내겠다고 결심한다","GA-C27","0.91"
"838","대망 838화","","116036","116188","궁지에 몰린 츠토무가 소현을 납치해 혁권을 밖으로 끌어내겠다고 결심한다 뒤 표현구·백정선·이철웅/국정원, 소현/오피스텔 앞, 혁권/성남 안가에서 새 대응이 시작된다.","표현구·백정선·이철웅가 [#각오는 됐겠지Ⅰ] 국정원은 야쿠자의 김혁권 습격을 일본발 테러로 가공해 외교 압박에 쓰고, 마에다 일당은 전기충격기로 소현을 제압해 경호원들의 총격을 피해 납치한다의 결과를 만든다.","표현구은 지병하 피살과 소현 납치 계획 국면에서 주도권과 실익을 확보하려 한다.","[#각오는 됐겠지Ⅰ] 국정원은 야쿠자의 김혁권 습격을 일본발 테러로 가공해 외교 압박에 쓰고, 마에다 일당은 전기충격기로 소현을 제압해 경호원들의 총격을 피해 납치한다","방탄차와 경호원 반격으로 총격이 막히자 공격자들은 수류탄으로 차량을 전복시킨다.","혁권은 임영식에게 소현이 납치됐다는 보고를 받는다","[#각오는 됐겠지Ⅰ] 국정원은 야쿠자의 김혁권 습격을 일본발 테러로 가공해 외교 압박에 쓰고으로 다음 선택에 쓸 구체적 정보나 자원을 얻는다.","관계","표현구·백정선·이철웅의 처지와 관계 상태가 이번 사건 결과만큼 비가역적으로 이동한다.","혁권은 임영식에게 소현이 납치됐다는 보고를 받는다","[#각오는 됐겠지Ⅰ] 국정원은 야쿠자의 김혁권 습격을 일본발 테러로 가공해 외교 압박에 쓰고의 즉시 결과가 확정된다.","혁권은 임영식에게 소현이 납치됐다는 보고를 받는다","GA-C27","0.91"
"839","대망 839화","","116189","116338","혁권은 임영식에게 소현이 납치됐다는 보고를 받는다 뒤 혁권·백성균/성남 안가, 시게루·에이사쿠/도쿄 총리 관저, 츠토무·마에다/양평 은신처에서 새 대응이 시작된다.","혁권·백성균가 에이사쿠는 실패한 김혁권 습격을 질책하고 시게루는 겐이치에게 마무리를 맡기며, 혁권은 납치범과 난지 국궁장 회동을 약속하는 동안 샌더슨의 추적으로 소현이 양평 용문산 근처에 있음을 알아낸다의 결과를 만든다.","혁권은 지병하 피살과 소현 납치 계획 국면에서 주도권과 실익을 확보하려 한다.","에이사쿠는 실패한 김혁권 습격을 질책하고 시게루는 겐이치에게 마무리를 맡기며, 혁권은 납치범과 난지 국궁장 회동을 약속하는 동안 샌더슨의 추적으로 소현이 양평 용문산 근처에 있음을 알아낸다","방탄차와 경호원 반격으로 총격이 막히자 공격자들은 수류탄으로 차량을 전복시킨다.","츠토무가 스무 명의 조직원과 밀항선을 준비하고 러시아 라인으로 구한 SV-98 저격총을 꺼낸다","에이사쿠는 실패한 김혁권 습격을 질책하고 시게루는 겐이치에게 마무리를 맡기며으로 다음 선택에 쓸 구체적 정보나 자원을 얻는다.","관계","혁권·백성균의 처지와 관계 상태가 이번 사건 결과만큼 비가역적으로 이동한다.","츠토무가 스무 명의 조직원과 밀항선을 준비하고 러시아 라인으로 구한 SV-98 저격총을 꺼낸다","에이사쿠는 실패한 김혁권 습격을 질책하고 시게루는 겐이치에게 마무리를 맡기며의 즉시 결과가 확정된다.","츠토무가 스무 명의 조직원과 밀항선을 준비하고 러시아 라인으로 구한 SV-98 저격총을 꺼낸다","GA-C27","0.91"
"840","대망 840화","","116339","116479","츠토무가 스무 명의 조직원과 밀항선을 준비하고 러시아 라인으로 구한 SV-98 저격총을 꺼낸다 뒤 혁권·백성균·소현·츠토무/양평 산속 별장에서 새 대응이 시작된다.","혁권·백성균·소현·츠토무가 혁권 일행은 별장을 정찰한 뒤 전기를 끊고 기습해 야쿠자들을 사살의 결과를 만든다.","혁권은 지병하 피살과 소현 납치 계획 국면에서 주도권과 실익을 확보하려 한다.","혁권 일행은 별장을 정찰한 뒤 전기를 끊고 기습해 야쿠자들을 사살하며 2층으로 돌입하고, 총탄을 맞고 권총까지 고장 나자 혁권이 군용 대검으로 츠토무와 육박전을 벌인다","방탄차와 경호원 반격으로 총격이 막히자 공격자들은 수류탄으로 차량을 전복시킨다.","전기를 끊고 기습해 야쿠자들을 사살하며 2층으로 돌입하고, 총탄을 맞고 권총까지 고장 나자 혁권이 군용 대검으로 츠토무와 육박전을 벌인다","혁권 일행은 별장을 정찰한 뒤 전기를 끊고 기습해 야쿠자들을 사살하며 2층으로 돌입하고으로 다음 선택에 쓸 구체적 정보나 자원을 얻는다.","세계","혁권·백성균·소현·츠토무의 처지와 세계 상태가 이번 사건 결과만큼 비가역적으로 이동한다.","츠토무가 쏜 탄환을 비껴낸 혁권이 대검을 들고 밀착한 채 생사를 건 힘겨루기에 들어간다","혁권 일행은 별장을 정찰한 뒤 전기를 끊고 기습해 야쿠자들을 사살하며 2층으로 돌입하고의 즉시 결과가 확정된다.","츠토무가 쏜 탄환을 비껴낸 혁권이 대검을 들고 밀착한 채 생사를 건 힘겨루기에 들어간다","GA-C27","0.91"
"841","대망 841화","","116480","116632","츠토무가 쏜 탄환을 비껴낸 혁권이 대검을 들고 밀착한 채 생사를 건 힘겨루기에 들어간다 뒤 혁권·소현·츠토무/양평 별장, 방갑수·윤정식·서필수/강남 스피드론, 겐이치·히로시게/고베 본가에서 새 대응이 시작된다.","혁권·소현·츠토무가 혁권은 츠토무를 대검으로 찔러 죽이고 옷장에 숨은 소현을 구출의 결과를 만든다.","혁권은 지병하 피살과 소현 납치 계획 국면에서 주도권과 실익을 확보하려 한다.","혁권은 츠토무를 대검으로 찔러 죽이고 옷장에 숨은 소현을 구출하며, 방갑수의 올림픽파는 스피드론 본사와 숙소를 습격해 한국 기반을 무너뜨린다","방탄차와 경호원 반격으로 총격이 막히자 공격자들은 수류탄으로 차량을 전복시킨다.","격분한 겐이치는 직접 파병 대신 부산 로터리파를 움직여 올림픽파에 보복하라는 히로시게의 방안을 승인한다","혁권은 츠토무를 대검으로 찔러 죽이고 옷장에 숨은 소현을 구출하며으로 다음 선택에 쓸 구체적 정보나 자원을 얻는다.","관계","혁권·소현·츠토무의 처지와 관계 상태가 이번 사건 결과만큼 비가역적으로 이동한다.","격분한 겐이치는 직접 파병 대신 부산 로터리파를 움직여 올림픽파에 보복하라는 히로시게의 방안을 승인한다","혁권은 츠토무를 대검으로 찔러 죽이고 옷장에 숨은 소현을 구출하며의 즉시 결과가 확정된다.","격분한 겐이치는 직접 파병 대신 부산 로터리파를 움직여 올림픽파에 보복하라는 히로시게의 방안을 승인한다","GA-C27","0.91"
"842","대망 842화","","116633","116771","격분한 겐이치는 직접 파병 대신 부산 로터리파를 움직여 올림픽파에 보복하라는 히로시게의 방안을 승인한다 뒤 혁권·백성균·방갑수/안가, 시게루·우에다/내각정보조사실, 혁권 일행/고베에서 새 대응이 시작된다.","혁권·백성균·방갑수가 혁권은 소현과 부모를 각각 은신처와 제주 샹그릴라 리조트로 피신시키고 일본행을 결심한 뒤, 방갑수에게서 도쿄국립박물관 등 일본 기관의 한국 문화재 밀수 매입 장부를 받는다의 결과를 만든다.","혁권은 지병하 피살과 소현 납치 계획 국면에서 주도권과 실익을 확보하려 한다.","혁권은 소현과 부모를 각각 은신처와 제주 샹그릴라 리조트로 피신시키고 일본행을 결심한 뒤, 방갑수에게서 도쿄국립박물관 등 일본 기관의 한국 문화재 밀수 매입 장부를 받는다","방탄차와 경호원 반격으로 총격이 막히자 공격자들은 수류탄으로 차량을 전복시킨다.",", 방갑수에게서 도쿄국립박물관 등 일본 기관의 한국 문화재 밀수 매입 장부를 받는다","겐이치는 츠토무에게 사흘 안에 암살을 끝내라고 명령하면서 임무 뒤 츠토무까지 제거할 계획을 세운다.","관계","혁권·백성균·방갑수의 처지와 관계 상태가 이번 사건 결과만큼 비가역적으로 이동한다.","고베에 잠입한 혁권은 국정원 블랙 요원 신헌철에게 겐이치의 본가 경호 규모와 무장 현황을 전달받는다","혁권은 소현과 부모를 각각 은신처와 제주 샹그릴라 리조트로 피신시키고 일본행을 결심한 뒤의 즉시 결과가 확정된다.","고베에 잠입한 혁권은 국정원 블랙 요원 신헌철에게 겐이치의 본가 경호 규모와 무장 현황을 전달받는다","GA-C27","0.91"
"843","대망 843화","각오는 됐겠지Ⅱ","116772","116915","고베에 잠입한 혁권은 국정원 블랙 요원 신헌철에게 겐이치의 본가 경호 규모와 무장 현황을 전달받는다 뒤 겐이치·혁권·하킴·라미·아미르/고베 시내에서 새 대응이 시작된다.","겐이치·혁권·하킴·라미·아미르가 [#각오는 됐겠지Ⅱ] 혁권 일행은 부두 폭발물 협박으로 경찰력을 분산시킨 뒤 택배 트럭으로 겐이치의 방탄 벤츠를 들이받고 최루탄과 총격으로 경호대를 제압의 결과를 만든다.","겐이치은 고베 겐이치 처단 국면에서 주도권과 실익을 확보하려 한다.","[#각오는 됐겠지Ⅱ] 혁권 일행은 부두 폭발물 협박으로 경찰력을 분산시킨 뒤 택배 트럭으로 겐이치의 방탄 벤츠를 들이받고 최루탄과 총격으로 경호대를 제압하며, 수류탄으로 차를 파괴한 혁권이 겐이치의 이마를 쏴 죽인다","택배 트럭으로 겐이치의 방탄 벤츠를 들이받고 최루탄과 총격으로 경호대를 무너뜨린다. 여기에 현장을 감시하던 고스케 형사가 공포탄을 쏘며 개입했다가 날아온 총탄에 엎드린다라는 새 불확실성도 겹친다.","택배 트럭으로 겐이치의 방탄 벤츠를 들이받고 최루탄과 총격으로 경호대를 제압하며, 수류탄으로 차를 파괴한 혁권이 겐이치의 이마를 쏴 죽인다","[#각오는 됐겠지Ⅱ] 혁권 일행은 부두 폭발물 협박으로 경찰력을 분산시킨 뒤 택배 트럭으로 겐이치의 방탄 벤츠를 들이받고 최루탄과 총격으로 경호대를 제압하며으로 다음 선택에 쓸 구체적 정보나 자원을 얻는다.","세계","겐이치·혁권·하킴·라미·아미르의 처지와 세계 상태가 이번 사건 결과만큼 비가역적으로 이동한다.","현장을 감시하던 고스케 형사가 공포탄을 쏘며 개입했다가 날아온 총탄에 엎드린다","[#각오는 됐겠지Ⅱ] 혁권 일행은 부두 폭발물 협박으로 경찰력을 분산시킨 뒤 택배 트럭으로 겐이치의 방탄 벤츠를 들이받고 최루탄과 총격으로 경호대를 제압하며의 즉시 결과가 확정된다.","현장을 감시하던 고스케 형사가 공포탄을 쏘며 개입했다가 날아온 총탄에 엎드린다","GA-C28","0.91"
"844","대망 844화","","116916","117064","현장을 감시하던 고스케 형사가 공포탄을 쏘며 개입했다가 날아온 총탄에 엎드린다 뒤 에이사쿠·하시바·시게루/총리 관저, 혁권·시게루/도쿄에서 새 대응이 시작된다.","에이사쿠·하시바·시게루가 에이사쿠는 겐이치 피살과 야쿠자 전면전 가능성을 질책하고, 범행을 의심한 시게루에게 혁권이 직접 전화해 자신이 겐이치를 죽였으며 다음 차례는 시게루라고 선언한 뒤 도로변 차량을 폭파해 경고한다의 결과를 만든다.","에이사쿠은 고베 겐이치 처단 국면에서 주도권과 실익을 확보하려 한다.","에이사쿠는 겐이치 피살과 야쿠자 전면전 가능성을 질책하고, 범행을 의심한 시게루에게 혁권이 직접 전화해 자신이 겐이치를 죽였으며 다음 차례는 시게루라고 선언한 뒤 도로변 차량을 폭파해 경고한다","택배 트럭으로 겐이치의 방탄 벤츠를 들이받고 최루탄과 총격으로 경호대를 무너뜨린다.","도로변 차량을 폭파해 경고한다","에이사쿠는 겐이치 피살과 야쿠자 전면전 가능성을 질책하고으로 다음 선택에 쓸 구체적 정보나 자원을 얻는다.","세계","에이사쿠·하시바·시게루의 처지와 세계 상태가 이번 사건 결과만큼 비가역적으로 이동한다.","격노한 시게루가 김혁권의 일본 입국을 놓친 간부를 불러 책임을 추궁한다","에이사쿠는 겐이치 피살과 야쿠자 전면전 가능성을 질책하고의 즉시 결과가 확정된다.","격노한 시게루가 김혁권의 일본 입국을 놓친 간부를 불러 책임을 추궁한다","GA-C28","0.91"
"845","대망 845화","","117065","117200","격노한 시게루가 김혁권의 일본 입국을 놓친 간부를 불러 책임을 추궁한다 뒤 시게루·우에다/내각정보조사실, 히로시게·나카모토·혁권/고베 병원 영안실에서 새 대응이 시작된다.","시게루·우에다가 시게루는 혁권을 출국금지·블랙리스트에 올리고 비밀리에 색출하게의 결과를 만든다.","시게루은 고베 겐이치 처단 국면에서 주도권과 실익을 확보하려 한다.","시게루는 혁권을 출국금지·블랙리스트에 올리고 비밀리에 색출하게 하며, 겐이치 사후 후계 경쟁에 뛰어든 나카모토 앞에 혁권이 나타나 자신이 겐이치를 죽였다고 밝히고 야마구치 구미 회장 자리를 주겠다고 제안한다","택배 트럭으로 겐이치의 방탄 벤츠를 들이받고 최루탄과 총격으로 경호대를 무너뜨린다.","혁권이 직계 계파보다 불리한 나카모토의 후계 가능성을 정면으로 따져 묻는다","시게루는 혁권을 출국금지·블랙리스트에 올리고 비밀리에 색출하게 하며으로 다음 선택에 쓸 구체적 정보나 자원을 얻는다.","지위","시게루·우에다의 처지와 지위 상태가 이번 사건 결과만큼 비가역적으로 이동한다.","혁권이 직계 계파보다 불리한 나카모토의 후계 가능성을 정면으로 따져 묻는다","시게루는 혁권을 출국금지·블랙리스트에 올리고 비밀리에 색출하게 하며의 즉시 결과가 확정된다.","혁권이 직계 계파보다 불리한 나카모토의 후계 가능성을 정면으로 따져 묻는다","GA-C28","0.91"
"846","대망 846화","","117201","117343","혁권이 직계 계파보다 불리한 나카모토의 후계 가능성을 정면으로 따져 묻는다 뒤 혁권·나카모토/고베 병원 화장실, 혁권·하킴·시게루/도쿄 검문로에서 새 대응이 시작된다.","혁권·나카모토가 혁권은 히로시게를 합법적으로 제거하는 대신 원한 청산을 제시해 나카모토의 묵인을 얻고, 경찰로 위장해 시게루의 방탄차를 세운 뒤 운전사·경호원과 시게루를 소음권총으로 사살한다의 결과를 만든다.","혁권은 고베 겐이치 처단 국면에서 주도권과 실익을 확보하려 한다.","혁권은 히로시게를 합법적으로 제거하는 대신 원한 청산을 제시해 나카모토의 묵인을 얻고, 경찰로 위장해 시게루의 방탄차를 세운 뒤 운전사·경호원과 시게루를 소음권총으로 사살한다","택배 트럭으로 겐이치의 방탄 벤츠를 들이받고 최루탄과 총격으로 경호대를 무너뜨린다.","운전사·경호원과 시게루를 소음권총으로 사살한다","혁권은 히로시게를 합법적으로 제거하는 대신 원한 청산을 제시해 나카모토의 묵인을 얻고으로 다음 선택에 쓸 구체적 정보나 자원을 얻는다.","돈","혁권·나카모토의 처지와 돈 상태가 이번 사건 결과만큼 비가역적으로 이동한다.","혁권 일행은 도쿄 경시청 바로 맞은편 최고급 맨션에 숨어 긴급뉴스를 지켜본다","혁권은 히로시게를 합법적으로 제거하는 대신 원한 청산을 제시해 나카모토의 묵인을 얻고의 즉시 결과가 확정된다.","혁권 일행은 도쿄 경시청 바로 맞은편 최고급 맨션에 숨어 긴급뉴스를 지켜본다","GA-C28","0.91"
"847","대망 847화","","117344","117478","혁권 일행은 도쿄 경시청 바로 맞은편 최고급 맨션에 숨어 긴급뉴스를 지켜본다 뒤 혁권·하킴/경시청 맞은편 맨션, 에이사쿠·무타구치·우에다·하시바/총리 관저에서 새 대응이 시작된다.","혁권·하킴가 일본 내각은 겐이치·시게루 피살을 한국계 반일 테러로 조작하려 하지만, 혁권이 콩고 불법공작과 밀수 문화재 매입 증거를 보내 자정까지 협상하지 않으면 국제 언론에 폭로하겠다고 압박한다의 결과를 만든다.","혁권은 고베 겐이치 처단 국면에서 주도권과 실익을 확보하려 한다.","일본 내각은 겐이치·시게루 피살을 한국계 반일 테러로 조작하려 하지만, 혁권이 콩고 불법공작과 밀수 문화재 매입 증거를 보내 자정까지 협상하지 않으면 국제 언론에 폭로하겠다고 압박한다","택배 트럭으로 겐이치의 방탄 벤츠를 들이받고 최루탄과 총격으로 경호대를 무너뜨린다.",", 혁권이 콩고 불법공작과 밀수 문화재 매입 증거를 보내 자정까지 협상하지 않으면 국제 언론에 폭로하겠다고 압박한다","일본 내각은 겐이치·시게루 피살을 한국계 반일 테러로 조작하려 하지만으로 다음 선택에 쓸 구체적 정보나 자원을 얻는다.","돈","혁권·하킴의 처지와 돈 상태가 이번 사건 결과만큼 비가역적으로 이동한다.","총선을 잃을 위기에 몰린 에이사쿠가 혁권의 요구를 받아들이기로 한다","일본 내각은 겐이치·시게루 피살을 한국계 반일 테러로 조작하려 하지만의 즉시 결과가 확정된다.","총선을 잃을 위기에 몰린 에이사쿠가 혁권의 요구를 받아들이기로 한다","GA-C28","0.91"
"848","대망 848화","","117479","117600","총선을 잃을 위기에 몰린 에이사쿠가 혁권의 요구를 받아들이기로 한다 뒤 혁권·무타구치/레인보우브릿지 인근, 히로시게·호시노/고베 야마구치 구미 본가에서 새 대응이 시작된다.","혁권·무타구치가 혁권은 무타구치에게 사건 종결·밀수 문화재 전량 반환·히로시게 투옥을 조건으로 증거 원본 반환을 약속하고, 일본 정부 지시를 받은 경찰은 겐이치 장례식장에서 히로시게를 문화재 밀수·불법 총기·살인교사 혐의로 체포한다의 결과를 만든다.","혁권은 고베 겐이치 처단 국면에서 주도권과 실익을 확보하려 한다.","혁권은 무타구치에게 사건 종결·밀수 문화재 전량 반환·히로시게 투옥을 조건으로 증거 원본 반환을 약속하고, 일본 정부 지시를 받은 경찰은 겐이치 장례식장에서 히로시게를 문화재 밀수·불법 총기·살인교사 혐의로 체포한다","택배 트럭으로 겐이치의 방탄 벤츠를 들이받고 최루탄과 총격으로 경호대를 무너뜨린다.","경찰이 히로시게를 서울 총기 테러의 배후로 공식 발표해 야마구치 구미를 뒤흔든다","혁권은 무타구치에게 사건 종결·밀수 문화재 전량 반환·히로시게 투옥을 조건으로 증거 원본 반환을 약속하고으로 다음 선택에 쓸 구체적 정보나 자원을 얻는다.","돈","혁권·무타구치의 처지와 돈 상태가 이번 사건 결과만큼 비가역적으로 이동한다.","경찰이 히로시게를 서울 총기 테러의 배후로 공식 발표해 야마구치 구미를 뒤흔든다","혁권은 무타구치에게 사건 종결·밀수 문화재 전량 반환·히로시게 투옥을 조건으로 증거 원본 반환을 약속하고의 즉시 결과가 확정된다.","경찰이 히로시게를 서울 총기 테러의 배후로 공식 발표해 야마구치 구미를 뒤흔든다","GA-C28","0.91"
"849","대망 849화","","117601","117737","경찰이 히로시게를 서울 총기 테러의 배후로 공식 발표해 야마구치 구미를 뒤흔든다 뒤 혁권·심인성/도쿄 은신처, 나카모토·스즈모리/야마구치 구미 본가에서 새 대응이 시작된다.","혁권·심인성가 혁권은 히로시게의 중형 가능성을 확인하고 일본이 밀수 문화재 60점을 반환의 결과를 만든다.","혁권은 고베 겐이치 처단 국면에서 주도권과 실익을 확보하려 한다.","혁권은 히로시게의 중형 가능성을 확인하고 일본이 밀수 문화재 60점을 반환하며 서울 사건도 종결한다는 통보를 받으며, 나카모토는 테러단체 지정 위기를 내세워 히로시게 축출과 본가 계파 약화를 관철한다","택배 트럭으로 겐이치의 방탄 벤츠를 들이받고 최루탄과 총격으로 경호대를 무너뜨린다.","나카모토가 혁권의 제안을 수락한 뒤 부산 로터리파가 방갑수를 치려 한다는 정보를 선물로 알린다","혁권은 히로시게의 중형 가능성을 확인하고 일본이 밀수 문화재 60점을 반환하며 서울 사건도 종결한다는 통보를 받으며으로 다음 선택에 쓸 구체적 정보나 자원을 얻는다.","관계","혁권·심인성의 처지와 관계 상태가 이번 사건 결과만큼 비가역적으로 이동한다.","나카모토가 혁권의 제안을 수락한 뒤 부산 로터리파가 방갑수를 치려 한다는 정보를 선물로 알린다","혁권은 히로시게의 중형 가능성을 확인하고 일본이 밀수 문화재 60점을 반환하며 서울 사건도 종결한다는 통보를 받으며의 즉시 결과가 확정된다.","나카모토가 혁권의 제안을 수락한 뒤 부산 로터리파가 방갑수를 치려 한다는 정보를 선물로 알린다","GA-C28","0.91"
"850","대망 850화","","117738","117876","나카모토가 혁권의 제안을 수락한 뒤 부산 로터리파가 방갑수를 치려 한다는 정보를 선물로 알린다 뒤 나카모토/야마구치 구미, 에이사쿠·무타구치/총리 관저, 혁권·소현/서울 아파트 단지에서 새 대응이 시작된다.","나카모토가 나카모토는 로터리파 정보를 넘기며 혁권과 동맹하고, 에이사쿠는 되찾은 협박 증거 원본과 USB를 태우며 합의를 마무리의 결과를 만든다.","나카모토은 고베 겐이치 처단 국면에서 주도권과 실익을 확보하려 한다.","나카모토는 로터리파 정보를 넘기며 혁권과 동맹하고, 에이사쿠는 되찾은 협박 증거 원본과 USB를 태우며 합의를 마무리하며, 귀국한 혁권과 소현은 재회해 헤어지지 않겠다는 사랑을 확인한다","택배 트럭으로 겐이치의 방탄 벤츠를 들이받고 최루탄과 총격으로 경호대를 무너뜨린다.","며칠 뒤 불구속 기소된 김인철이 서울 대검찰청 앞 기자들 앞에 모습을 드러낸다","나카모토는 로터리파 정보를 넘기며 혁권과 동맹하고으로 다음 선택에 쓸 구체적 정보나 자원을 얻는다.","관계","나카모토의 처지와 관계 상태가 이번 사건 결과만큼 비가역적으로 이동한다.","며칠 뒤 불구속 기소된 김인철이 서울 대검찰청 앞 기자들 앞에 모습을 드러낸다","나카모토는 로터리파 정보를 넘기며 혁권과 동맹하고의 즉시 결과가 확정된다.","며칠 뒤 불구속 기소된 김인철이 서울 대검찰청 앞 기자들 앞에 모습을 드러낸다","GA-C28","0.91"
"851","대망 851화","","117877","118007","며칠 뒤 불구속 기소된 김인철이 서울 대검찰청 앞 기자들 앞에 모습을 드러낸다 뒤 김인철·차민성·고문변호사/대검찰청 귀갓길, 혁권·소현·하킴/남태평양 휴양섬에서 새 대응이 시작된다.","김인철·차민성·고문변호사가 김인철은 분식회계 장부와 녹취 때문에 실형 및 김성균의 경영권 공격을 우려해 오로라 펀드를 자기편으로 끌어들이라 지시하고, 휴가 중인 혁권은 나카모토의 야마구치 구미 7대 회장 선출 소식을 듣는다의 결과를 만든다.","김인철은 고베 겐이치 처단 국면에서 주도권과 실익을 확보하려 한다.","김인철은 분식회계 장부와 녹취 때문에 실형 및 김성균의 경영권 공격을 우려해 오로라 펀드를 자기편으로 끌어들이라 지시하고, 휴가 중인 혁권은 나카모토의 야마구치 구미 7대 회장 선출 소식을 듣는다","택배 트럭으로 겐이치의 방탄 벤츠를 들이받고 최루탄과 총격으로 경호대를 무너뜨린다.","스텐저가 김인철 측이 오로라 펀드에 배당금 100% 인상과 태일건설 지분 50% 프리미엄 매입을 제안했다고 보고한다","혁권은 수류탄으로 차량을 파괴한 뒤 겐이치의 이마를 쏴 죽이고 지병하 피살에 대한 보복을 완수한다.","지위","김인철·차민성·고문변호사의 처지와 지위 상태가 이번 사건 결과만큼 비가역적으로 이동한다.","스텐저가 김인철 측이 오로라 펀드에 배당금 100% 인상과 태일건설 지분 50% 프리미엄 매입을 제안했다고 보고한다","김인철은 분식회계 장부와 녹취 때문에 실형 및 김성균의 경영권 공격을 우려해 오로라 펀드를 자기편으로 끌어들이라 지시하고의 즉시 결과가 확정된다.","스텐저가 김인철 측이 오로라 펀드에 배당금 100% 인상과 태일건설 지분 50% 프리미엄 매입을 제안했다고 보고한다","GA-C28","0.91"
"852","대망 852화","뜻밖의 위기","118008","118157","스텐저가 김인철 측이 오로라 펀드에 배당금 100% 인상과 태일건설 지분 50% 프리미엄 매입을 제안했다고 보고한다 뒤 혁권·스텐저/남태평양 휴양섬, 김인철·조병득/강남 자택, 오찬주·배영길/부산 한라산 룸살롱에서 새 대응이 시작된다.","혁권·스텐저가 혁권은 2천억 원대 차익도 마다하고 김인철의 제안을 거절해 숨통을 조이며, 김인철은 경영권 방어 자금 8천억 원을 마련하는 한편 법사위원장과 검찰에 줄 50억 원씩의 뇌물을 준비한다의 결과를 만든다.","혁권은 경영권 8천억과 로타리파 피습 국면에서 주도권과 실익을 확보하려 한다.","혁권은 2천억 원대 차익도 마다하고 김인철의 제안을 거절해 숨통을 조이며, 김인철은 경영권 방어 자금 8천억 원을 마련하는 한편 법사위원장과 검찰에 줄 50억 원씩의 뇌물을 준비한다","김인철은 경영권 방어를 위해 8천억 원을 마련하고 법사위원장과 검찰에 각각 50억 원을 뿌릴 준비를 한다. 여기에 서울 진출을 준비하던 로타리파의 술자리에 무장 괴한들이 난입해 배영길을 쓰러뜨리고 오찬주를 회칼로 난자한다라는 새 불확실성도 겹친다.","서울 진출을 준비하던 로타리파의 술자리에 무장 괴한들이 난입해 배영길을 쓰러뜨리고 오찬주를 회칼로 난자한다","혁권은 2천억 원대 차익도 마다하고 김인철의 제안을 거절해 숨통을 조이며으로 다음 선택에 쓸 구체적 정보나 자원을 얻는다.","관계","혁권·스텐저의 처지와 관계 상태가 이번 사건 결과만큼 비가역적으로 이동한다.","서울 진출을 준비하던 로타리파의 술자리에 무장 괴한들이 난입해 배영길을 쓰러뜨리고 오찬주를 회칼로 난자한다","혁권은 2천억 원대 차익도 마다하고 김인철의 제안을 거절해 숨통을 조이며의 즉시 결과가 확정된다.","서울 진출을 준비하던 로타리파의 술자리에 무장 괴한들이 난입해 배영길을 쓰러뜨리고 오찬주를 회칼로 난자한다","GA-C29","0.91"
"853","대망 853화","","118158","118275","서울 진출을 준비하던 로타리파의 술자리에 무장 괴한들이 난입해 배영길을 쓰러뜨리고 오찬주를 회칼로 난자한다 뒤 [#뜻밖의 위기] 김혁권·방갑수/남국 리조트, 장양·이영학/중남해에서 새 대응이 시작된다.","[#뜻밖의 위기] 김혁권·방갑수가 방갑수가 부산 로터리파 두목 오찬주를 공구리해 수장하고 간부들의 발목 인대를 끊자 혁권은 보상으로 서울역 비즈니스호텔 인수대금 절반을 빌려주며, 장양은 양진산 사령관 숙청에 맞서 백수광을 제거하기로 한다의 결과를 만든다.","[#뜻밖의 위기] 김혁권은 경영권 8천억과 로타리파 피습 국면에서 주도권과 실익을 확보하려 한다.","방갑수가 부산 로터리파 두목 오찬주를 공구리해 수장하고 간부들의 발목 인대를 끊자 혁권은 보상으로 서울역 비즈니스호텔 인수대금 절반을 빌려주며, 장양은 양진산 사령관 숙청에 맞서 백수광을 제거하기로 한다","김인철은 경영권 방어를 위해 8천억 원을 마련하고 법사위원장과 검찰에 각각 50억 원을 뿌릴 준비를 한다.","장양이 “건방진 칼잡이” 백수광을 본보기로 때려잡으라고 지시한다","방갑수가 부산 로터리파 두목 오찬주를 공구리해 수장하고 간부들의 발목 인대를 끊자 혁권은 보상으로 서울역 비즈니스호텔 인수대금 절반을 빌려주며으로 다음 선택에 쓸 구체적 정보나 자원을 얻는다.","돈","[#뜻밖의 위기] 김혁권·방갑수의 처지와 돈 상태가 이번 사건 결과만큼 비가역적으로 이동한다.","장양이 “건방진 칼잡이” 백수광을 본보기로 때려잡으라고 지시한다","방갑수가 부산 로터리파 두목 오찬주를 공구리해 수장하고 간부들의 발목 인대를 끊자 혁권은 보상으로 서울역 비즈니스호텔 인수대금 절반을 빌려주며의 즉시 결과가 확정된다.","장양이 “건방진 칼잡이” 백수광을 본보기로 때려잡으라고 지시한다","GA-C29","0.91"
"854","대망 854화","","118276","118403","장양이 “건방진 칼잡이” 백수광을 본보기로 때려잡으라고 지시한다 뒤 김혁권·백수광/북경 최고급 음식점, 시진핑·유상/중남해에서 새 대응이 시작된다.","김혁권·백수광가 백수광은 코발트 선매도권 계약 상대를 CATL로 정하고 혁권에게 후한 계약금을 약속하지만 북경 공안이 들이닥쳐 그를 부패 혐의로 체포의 결과를 만든다.","김혁권은 경영권 8천억과 로타리파 피습 국면에서 주도권과 실익을 확보하려 한다.","백수광은 코발트 선매도권 계약 상대를 CATL로 정하고 혁권에게 후한 계약금을 약속하지만 북경 공안이 들이닥쳐 그를 부패 혐의로 체포하며, 시진핑은 장양을 배후로 의심하고 즉시 석방을 명한다","김인철은 경영권 방어를 위해 8천억 원을 마련하고 법사위원장과 검찰에 각각 50억 원을 뿌릴 준비를 한다.","북경 공안이 들이닥쳐 그를 부패 혐의로 체포하며, 시진핑은 장양을 배후로 의심하고 즉시 석방을 명한다","백수광은 코발트 선매도권 계약 상대를 CATL로 정하고 혁권에게 후한 계약금을 약속하지만 북경 공안이 들이닥쳐 그를 부패 혐의로 체포하며으로 다음 선택에 쓸 구체적 정보나 자원을 얻는다.","돈","김혁권·백수광의 처지와 돈 상태가 이번 사건 결과만큼 비가역적으로 이동한다.","백수광 체포 소식이 인터넷에 급속히 퍼졌다는 보고에 시진핑이 경악한다","백수광은 코발트 선매도권 계약 상대를 CATL로 정하고 혁권에게 후한 계약금을 약속하지만 북경 공안이 들이닥쳐 그를 부패 혐의로 체포하며의 즉시 결과가 확정된다.","백수광 체포 소식이 인터넷에 급속히 퍼졌다는 보고에 시진핑이 경악한다","GA-C29","0.91"
"855","대망 855화","","118404","118534","백수광 체포 소식이 인터넷에 급속히 퍼졌다는 보고에 시진핑이 경악한다 뒤 김혁권·왕민린·하킴/북경 호텔·비즈니스 제트기에서 새 대응이 시작된다.","김혁권·왕민린·하킴가 항천 신저우 비행공사 임원들까지 체포되자 왕민린은 중국을 떠나겠다고 경고하고 혁권도 귀국하려 하지만, 석유회사 비리 수사가 권력층 타협으로 무마된 기사를 보고 묘수를 떠올려 샌더슨과의 비밀 회동을 잡는다의 결과를 만든다.","김혁권은 경영권 8천억과 로타리파 피습 국면에서 주도권과 실익을 확보하려 한다.","항천 신저우 비행공사 임원들까지 체포되자 왕민린은 중국을 떠나겠다고 경고하고 혁권도 귀국하려 하지만, 석유회사 비리 수사가 권력층 타협으로 무마된 기사를 보고 묘수를 떠올려 샌더슨과의 비밀 회동을 잡는다","김인철은 경영권 방어를 위해 8천억 원을 마련하고 법사위원장과 검찰에 각각 50억 원을 뿌릴 준비를 한다.",", 석유회사 비리 수사가 권력층 타협으로 무마된 기사를 보고 묘수를 떠올려 샌더슨과의 비밀 회동을 잡는다","배영길이 쓰러지고 오찬주는 회칼로 난자당해 로타리파의 세력 확장 계획이 피습으로 꺾인다.","지위","김혁권·왕민린·하킴의 처지와 지위 상태가 이번 사건 결과만큼 비가역적으로 이동한다.","혁권이 비행 목적지를 서울에서 미국으로 바꾸고 “상대의 가장 아픈 곳”을 건드릴 협상을 준비한다","항천 신저우 비행공사 임원들까지 체포되자 왕민린은 중국을 떠나겠다고 경고하고 혁권도 귀국하려 하지만의 즉시 결과가 확정된다.","혁권이 비행 목적지를 서울에서 미국으로 바꾸고 “상대의 가장 아픈 곳”을 건드릴 협상을 준비한다","GA-C29","0.91"
"856","대망 856화","담판","118535","118670","혁권이 비행 목적지를 서울에서 미국으로 바꾸고 “상대의 가장 아픈 곳”을 건드릴 협상을 준비한다 뒤 김혁권·샌더슨/워싱턴 DC, 하킴/호텔에서 새 대응이 시작된다.","김혁권·샌더슨가 혁권은 천리쥔의 비리 자료를 받는 대가로 추적이 어려운 유니온뱅크 페이먼트 코인 1억 달러를 제시해 샌더슨을 설득하고, 전달받은 자료에서 해외 은닉액 50억 달러와 천웨이 전 주석의 비자금 가능성을 포착한다의 결과를 만든다.","김혁권은 천리쥔 50억 달러 비리 파일 국면에서 주도권과 실익을 확보하려 한다.","혁권은 천리쥔의 비리 자료를 받는 대가로 추적이 어려운 유니온뱅크 페이먼트 코인 1억 달러를 제시해 샌더슨을 설득하고, 전달받은 자료에서 해외 은닉액 50억 달러와 천웨이 전 주석의 비자금 가능성을 포착한다","샌더슨은 중국 최고위층 자료를 넘길 정치적 위험과 거래 가치를 따진다. 여기에 혁권이 왕민린이 있는 홍콩으로 전용기를 준비시키라고 명한다라는 새 불확실성도 겹친다.","혁권이 왕민린이 있는 홍콩으로 전용기를 준비시키라고 명한다","혁권은 천리쥔의 비리 자료를 받는 대가로 추적이 어려운 유니온뱅크 페이먼트 코인 1억 달러를 제시해 샌더슨을 설득하고으로 다음 선택에 쓸 구체적 정보나 자원을 얻는다.","돈","김혁권·샌더슨의 처지와 돈 상태가 이번 사건 결과만큼 비가역적으로 이동한다.","혁권이 왕민린이 있는 홍콩으로 전용기를 준비시키라고 명한다","혁권은 천리쥔의 비리 자료를 받는 대가로 추적이 어려운 유니온뱅크 페이먼트 코인 1억 달러를 제시해 샌더슨을 설득하고의 즉시 결과가 확정된다.","혁권이 왕민린이 있는 홍콩으로 전용기를 준비시키라고 명한다","GA-C30","0.91"
"857","대망 857화","","118671","118809","혁권이 왕민린이 있는 홍콩으로 전용기를 준비시키라고 명한다 뒤 [#담판] 김혁권·왕민린/홍콩 페닌술라 호텔, 시진핑·장양/중남해에서 새 대응이 시작된다.","[#담판] 김혁권·왕민린가 혁권은 천리쥔의 해외 비자금 증거로 장양과 직접 담판 짓겠다며 왕민린에게 만남을 주선받고, 시진핑은 양진산 석방을 요구하는 장양과 결렬된 뒤 백수광의 모든 직책을 박탈하라고 지시한다의 결과를 만든다.","[#담판] 김혁권은 천리쥔 50억 달러 비리 파일 국면에서 주도권과 실익을 확보하려 한다.","혁권은 천리쥔의 해외 비자금 증거로 장양과 직접 담판 짓겠다며 왕민린에게 만남을 주선받고, 시진핑은 양진산 석방을 요구하는 장양과 결렬된 뒤 백수광의 모든 직책을 박탈하라고 지시한다","샌더슨은 중국 최고위층 자료를 넘길 정치적 위험과 거래 가치를 따진다.","백수광의 모든 직책을 박탈하라고 지시한다","혁권은 천리쥔의 해외 비자금 증거로 장양과 직접 담판 짓겠다며 왕민린에게 만남을 주선받고으로 다음 선택에 쓸 구체적 정보나 자원을 얻는다.","세계","[#담판] 김혁권·왕민린의 처지와 세계 상태가 이번 사건 결과만큼 비가역적으로 이동한다.","장양은 시진핑이 거부하자 계획대로 정면 대결을 밀어붙이겠다고 선언한다","혁권은 천리쥔의 해외 비자금 증거로 장양과 직접 담판 짓겠다며 왕민린에게 만남을 주선받고의 즉시 결과가 확정된다.","장양은 시진핑이 거부하자 계획대로 정면 대결을 밀어붙이겠다고 선언한다","GA-C30","0.91"
"858","대망 858화","","118810","118942","장양은 시진핑이 거부하자 계획대로 정면 대결을 밀어붙이겠다고 선언한다 뒤 장양·이영학·김혁권/중남해 집무실에서 새 대응이 시작된다.","장양·이영학·김혁권가 장양은 공청단 수장 정수창과 연합해 시진핑에 맞설 준비를 하다가 혁권을 만나고, 혁권은 천리쥔 소유의 조세회피처 페이퍼컴퍼니들과 50억 달러 은닉자금을 제시의 결과를 만든다.","장양은 천리쥔 50억 달러 비리 파일 국면에서 주도권과 실익을 확보하려 한다.","장양은 공청단 수장 정수창과 연합해 시진핑에 맞설 준비를 하다가 혁권을 만나고, 혁권은 천리쥔 소유의 조세회피처 페이퍼컴퍼니들과 50억 달러 은닉자금을 제시하며 백수광 석방을 요구한다","샌더슨은 중국 최고위층 자료를 넘길 정치적 위험과 거래 가치를 따진다.","혁권이 중국에서 페이퍼컴퍼니로 흘러간 비자금의 전체 계좌 내역도 갖고 있다고 밝힌다","장양은 공청단 수장 정수창과 연합해 시진핑에 맞설 준비를 하다가 혁권을 만나고으로 다음 선택에 쓸 구체적 정보나 자원을 얻는다.","돈","장양·이영학·김혁권의 처지와 돈 상태가 이번 사건 결과만큼 비가역적으로 이동한다.","혁권이 중국에서 페이퍼컴퍼니로 흘러간 비자금의 전체 계좌 내역도 갖고 있다고 밝힌다","장양은 공청단 수장 정수창과 연합해 시진핑에 맞설 준비를 하다가 혁권을 만나고의 즉시 결과가 확정된다.","혁권이 중국에서 페이퍼컴퍼니로 흘러간 비자금의 전체 계좌 내역도 갖고 있다고 밝힌다","GA-C30","0.91"
"859","대망 859화","","118943","119081","혁권이 중국에서 페이퍼컴퍼니로 흘러간 비자금의 전체 계좌 내역도 갖고 있다고 밝힌다 뒤 김혁권·장양/중남해, 백수광/공안 조사실·승용차에서 새 대응이 시작된다.","김혁권·장양가 혁권은 천리쥔 비자금 자료가 시진핑에게 넘어가면 상하이방 전체가 무너질 수 있다고 압박해 하루의 시한을 주고, 장양은 굴복해 백수광을 혐의 없음으로 석방의 결과를 만든다.","김혁권은 천리쥔 50억 달러 비리 파일 국면에서 주도권과 실익을 확보하려 한다.","혁권은 천리쥔 비자금 자료가 시진핑에게 넘어가면 상하이방 전체가 무너질 수 있다고 압박해 하루의 시한을 주고, 장양은 굴복해 백수광을 혐의 없음으로 석방하며 혁권은 자신이 직접 담판을 지어 구했다고 밝힌다","샌더슨은 중국 최고위층 자료를 넘길 정치적 위험과 거래 가치를 따진다.","시진핑이 갑작스러운 백수광 석방에 장양의 의도를 의심하던 중 장양의 전화가 걸려 온다","혁권은 자료에서 해외 은닉액 50억 달러와 천웨이 전 주석의 비자금일 가능성을 포착한다.","세계","김혁권·장양의 처지와 세계 상태가 이번 사건 결과만큼 비가역적으로 이동한다.","시진핑이 갑작스러운 백수광 석방에 장양의 의도를 의심하던 중 장양의 전화가 걸려 온다","혁권은 천리쥔 비자금 자료가 시진핑에게 넘어가면 상하이방 전체가 무너질 수 있다고 압박해 하루의 시한을 주고의 즉시 결과가 확정된다.","시진핑이 갑작스러운 백수광 석방에 장양의 의도를 의심하던 중 장양의 전화가 걸려 온다","GA-C30","0.91"
"860","대망 860화","백기사","119082","119225","시진핑이 갑작스러운 백수광 석방에 장양의 의도를 의심하던 중 장양의 전화가 걸려 온다 뒤 시진핑·장양·유상/중남해, 김혁권·정동식·백수광/서울에서 새 대응이 시작된다.","시진핑·장양·유상가 장양은 힘을 보여 준 뒤 물러난 것처럼 포장하고 시진핑은 백수광 직책 박탈을 취소하는 대신 북경시 공안국장과 상하이방 라인을 숙청의 결과를 만든다.","시진핑은 북경·상하이방 숙청과 백수광 보상 국면에서 주도권과 실익을 확보하려 한다.","장양은 힘을 보여 준 뒤 물러난 것처럼 포장하고 시진핑은 백수광 직책 박탈을 취소하는 대신 북경시 공안국장과 상하이방 라인을 숙청하며, 귀국한 혁권은 백수광에게 할리우드 영화까지 포함된 외화 수입 쿼터 3장과 코발트 선매도권 계약 확정 약속을 보상받는다","시진핑은 백수광의 직책 문제와 북경시 공안국장·상하이방 라인의 책임을 함께 정리해야 한다. 여기에 혁권은 백수광과의 신뢰와 막대한 사업 이익을 굳힌 채 여유롭게 서울 풍경을 바라본다라는 새 불확실성도 겹친다.","물러난 것처럼 포장하고 시진핑은 백수광 직책 박탈을 취소하는 대신 북경시 공안국장과 상하이방 라인을 숙청하며, 귀국한 혁권은 백수광에게 할리우드 영화까지 포함된 외화 수입 쿼터 3장과 코발트 선매도권 계약 확정 약속을 보상받는다","장양은 힘을 보여 준 뒤 물러난 것처럼 포장하고 시진핑은 백수광 직책 박탈을 취소하는 대신 북경시 공안국장과 상하이방 라인을 숙청하며으로 다음 선택에 쓸 구체적 정보나 자원을 얻는다.","돈","시진핑·장양·유상의 처지와 돈 상태가 이번 사건 결과만큼 비가역적으로 이동한다.","혁권은 백수광과의 신뢰와 막대한 사업 이익을 굳힌 채 여유롭게 서울 풍경을 바라본다","장양은 힘을 보여 준 뒤 물러난 것처럼 포장하고 시진핑은 백수광 직책 박탈을 취소하는 대신 북경시 공안국장과 상하이방 라인을 숙청하며의 즉시 결과가 확정된다.","혁권은 백수광과의 신뢰와 막대한 사업 이익을 굳힌 채 여유롭게 서울 풍경을 바라본다","GA-C31","0.91"
"861","대망 861화","","119226","119366","혁권은 백수광과의 신뢰와 막대한 사업 이익을 굳힌 채 여유롭게 서울 풍경을 바라본다 뒤 김인철·차민성/태일그룹 부회장실, 소현/펠리스 백화점에서 새 대응이 시작된다.","김인철·차민성가 [#백기사] 김인철은 지법 원장에게 사과 상자를 건네 재판 배정 연기와 유리한 판사 배치를 약속받고 오로라 펀드의 태일건설 지분을 비싸게라도 사되 태일산업 이사직은 거부의 결과를 만든다.","김인철은 북경·상하이방 숙청과 백수광 보상 국면에서 주도권과 실익을 확보하려 한다.","[#백기사] 김인철은 지법 원장에게 사과 상자를 건네 재판 배정 연기와 유리한 판사 배치를 약속받고 오로라 펀드의 태일건설 지분을 비싸게라도 사되 태일산업 이사직은 거부하며, 소현은 미리내 팬 사인회를 마친 뒤 같은 백화점에 온 박필순을 만나려 9층으로 향한다","시진핑은 백수광의 직책 문제와 북경시 공안국장·상하이방 라인의 책임을 함께 정리해야 한다.","같은 백화점에 온 박필순을 만나려 9층으로 향한다","[#백기사] 김인철은 지법 원장에게 사과 상자를 건네 재판 배정 연기와 유리한 판사 배치를 약속받고 오로라 펀드의 태일건설 지분을 비싸게라도 사되 태일산업 이사직은 거부하며으로 다음 선택에 쓸 구체적 정보나 자원을 얻는다.","관계","김인철·차민성의 처지와 관계 상태가 이번 사건 결과만큼 비가역적으로 이동한다.","박필순이 계모임에서 최은정의 아들 자랑을 듣는다","[#백기사] 김인철은 지법 원장에게 사과 상자를 건네 재판 배정 연기와 유리한 판사 배치를 약속받고 오로라 펀드의 태일건설 지분을 비싸게라도 사되 태일산업 이사직은 거부하며의 즉시 결과가 확정된다.","박필순이 계모임에서 최은정의 아들 자랑을 듣는다","GA-C31","0.91"
"862","대망 862화","","119367","119481","박필순이 계모임에서 최은정의 아들 자랑을 듣는다 뒤 박필순·최은정·소현/펠리스 백화점 식당, 혁권·김덕현/회사에서 새 대응이 시작된다.","박필순·최은정·소현가 박필순은 혁권이 일시불로 사 준 제네시스와 아파트를 자랑해 최은정을 눌렀고, 소현과의 친분을 거짓말 취급받자 직접 찾아온 소현의 “어머니” 인사로 완승의 결과를 만든다.","박필순은 북경·상하이방 숙청과 백수광 보상 국면에서 주도권과 실익을 확보하려 한다.","박필순은 혁권이 일시불로 사 준 제네시스와 아파트를 자랑해 최은정을 눌렀고, 소현과의 친분을 거짓말 취급받자 직접 찾아온 소현의 “어머니” 인사로 완승하며, 이후 혁권은 어머니에게 소현과 결혼하라는 독촉을 받는다","시진핑은 백수광의 직책 문제와 북경시 공안국장·상하이방 라인의 책임을 함께 정리해야 한다.","김덕현이 중국 측 코발트 선매도권 제안 업체가 CATL이라고 밝힌다","박필순은 혁권이 일시불로 사 준 제네시스와 아파트를 자랑해 최은정을 눌렀고으로 다음 선택에 쓸 구체적 정보나 자원을 얻는다.","관계","박필순·최은정·소현의 처지와 관계 상태가 이번 사건 결과만큼 비가역적으로 이동한다.","김덕현이 중국 측 코발트 선매도권 제안 업체가 CATL이라고 밝힌다","박필순은 혁권이 일시불로 사 준 제네시스와 아파트를 자랑해 최은정을 눌렀고의 즉시 결과가 확정된다.","김덕현이 중국 측 코발트 선매도권 제안 업체가 CATL이라고 밝힌다","GA-C31","0.91"
"863","대망 863화","","119482","119605","김덕현이 중국 측 코발트 선매도권 제안 업체가 CATL이라고 밝힌다 뒤 혁권·김덕현/회사, 손종구·스텐저/홍콩 IFC 오로라 펀드에서 새 대응이 시작된다.","혁권·김덕현가 혁권은 CATL의 코발트 선매도권 15억 달러·선납금 10억 달러 조건을 수용 방향으로 검토하고 콩고 광산의 3개월 내 재가동과 직원 보너스를 지시의 결과를 만든다.","혁권은 북경·상하이방 숙청과 백수광 보상 국면에서 주도권과 실익을 확보하려 한다.","혁권은 CATL의 코발트 선매도권 15억 달러·선납금 10억 달러 조건을 수용 방향으로 검토하고 콩고 광산의 3개월 내 재가동과 직원 보너스를 지시하며, 퍼미언 분지에서 1억 배럴 이상 셰일 오일 매장 가능성을 확인해 8천만 달러 개발안을 왕민린과 논의하기로 한다","시진핑은 백수광의 직책 문제와 북경시 공안국장·상하이방 라인의 책임을 함께 정리해야 한다.","손종구가 7,300억 원 한도와 태일산업 이사직 거부 지시를 안고 스텐저와의 협상장에 앉는다","혁권은 CATL의 코발트 선매도권 15억 달러·선납금 10억 달러 조건을 수용 방향으로 검토하고 콩고 광산의 3개월 내 재가동과 직원 보너스를 지시하며으로 다음 선택에 쓸 구체적 정보나 자원을 얻는다.","돈","혁권·김덕현의 처지와 돈 상태가 이번 사건 결과만큼 비가역적으로 이동한다.","손종구가 7,300억 원 한도와 태일산업 이사직 거부 지시를 안고 스텐저와의 협상장에 앉는다","혁권은 CATL의 코발트 선매도권 15억 달러·선납금 10억 달러 조건을 수용 방향으로 검토하고 콩고 광산의 3개월 내 재가동과 직원 보너스를 지시하며의 즉시 결과가 확정된다.","손종구가 7,300억 원 한도와 태일산업 이사직 거부 지시를 안고 스텐저와의 협상장에 앉는다","GA-C31","0.91"
"864","대망 864화","","119606","119731","손종구가 7,300억 원 한도와 태일산업 이사직 거부 지시를 안고 스텐저와의 협상장에 앉는다 뒤 스텐저·손종구/홍콩 IFC, 혁권/호텔 수영장, 김성균/강남 고엔에서 새 대응이 시작된다.","스텐저·손종구가 스텐저는 7,200억 원과 태일정유 이사직 대안을 거절하고 협상을 깨는 척한 뒤 김성균과 접촉의 결과를 만든다.","스텐저은 북경·상하이방 숙청과 백수광 보상 국면에서 주도권과 실익을 확보하려 한다.","스텐저는 7,200억 원과 태일정유 이사직 대안을 거절하고 협상을 깨는 척한 뒤 김성균과 접촉하며, 혁권은 추가 10억 달러 투입을 승인하고, 김성균은 국민연금 표를 매수해서라도 확보하라고 구민재에게 지시한다","시진핑은 백수광의 직책 문제와 북경시 공안국장·상하이방 라인의 책임을 함께 정리해야 한다.","김성균과 접촉하며, 혁권은 추가 10억 달러 투입을 승인하고, 김성균은 국민연금 표를 매수해서라도 확보하라고 구민재에게 지시한다","스텐저는 7으로 다음 선택에 쓸 구체적 정보나 자원을 얻는다.","관계","스텐저·손종구의 처지와 관계 상태가 이번 사건 결과만큼 비가역적으로 이동한다.","서울로 온 스텐저가 김성균에게 “중요한 제안”을 꺼낸다","스텐저는 7의 즉시 결과가 확정된다.","서울로 온 스텐저가 김성균에게 “중요한 제안”을 꺼낸다","GA-C31","0.91"
"865","대망 865화","","119732","119847","서울로 온 스텐저가 김성균에게 “중요한 제안”을 꺼낸다 뒤 스텐저·김성균·구민재/고엔, 혁권·스텐저/특급호텔 스위트룸에서 새 대응이 시작된다.","스텐저·김성균·구민재가 스텐저는 김인철의 태일건설 지분 매수 제안을 폭로한 뒤 태일건설 자사주 9%를 오로라에 팔고 태일정유 지분을 매집해 정유 보유 태일산업 지분 4%까지 장악하면 우호 지분 24%로 김인철과 맞설 수 있다고 설득의 결과를 만든다.","스텐저은 북경·상하이방 숙청과 백수광 보상 국면에서 주도권과 실익을 확보하려 한다.","스텐저는 김인철의 태일건설 지분 매수 제안을 폭로한 뒤 태일건설 자사주 9%를 오로라에 팔고 태일정유 지분을 매집해 정유 보유 태일산업 지분 4%까지 장악하면 우호 지분 24%로 김인철과 맞설 수 있다고 설득하며, 김성균과 자사주를 8억 달러에 넘기기로 합의한다","시진핑은 백수광의 직책 문제와 북경시 공안국장·상하이방 라인의 책임을 함께 정리해야 한다.","태일건설 자사주 9%를 오로라에 팔고 태일정유 지분을 매집해 정유 보유 태일산업 지분 4%까지 장악하면 우호 지분 24%로 김인철과 맞설 수 있다고 설득하며, 김성균과 자사주를 8억 달러에 넘기기로 합의한다","스텐저는 김인철의 태일건설 지분 매수 제안을 폭로한 뒤 태일건설 자사주 9%를 오로라에 팔고 태일정유 지분을 매집해 정유 보유 태일산업 지분 4%까지 장악하면 우호 지분 24%로 김인철과 맞설 수 있다고 설득하며으로 다음 선택에 쓸 구체적 정보나 자원을 얻는다.","관계","스텐저·김성균·구민재의 처지와 관계 상태가 이번 사건 결과만큼 비가역적으로 이동한다.","스텐저가 태일정유 주식과 용산드림타워 지분을 맞교환하는 추가 조건을 혁권에게 보고한다","스텐저는 김인철의 태일건설 지분 매수 제안을 폭로한 뒤 태일건설 자사주 9%를 오로라에 팔고 태일정유 지분을 매집해 정유 보유 태일산업 지분 4%까지 장악하면 우호 지분 24%로 김인철과 맞설 수 있다고 설득하며의 즉시 결과가 확정된다.","스텐저가 태일정유 주식과 용산드림타워 지분을 맞교환하는 추가 조건을 혁권에게 보고한다","GA-C31","0.91"
"866","대망 866화","","119848","119976","스텐저가 태일정유 주식과 용산드림타워 지분을 맞교환하는 추가 조건을 혁권에게 보고한다 뒤 혁권·스텐저/호텔, 김인철·조병득·차민성/태일그룹 부회장실, 태일증권 트레이딩센터에서 새 대응이 시작된다.","혁권·스텐저가 혁권은 태일정유 지분을 넘기고 용산드림타워 전 지분을 확보하는 교환안을 승인의 결과를 만든다.","혁권은 북경·상하이방 숙청과 백수광 보상 국면에서 주도권과 실익을 확보하려 한다.","혁권은 태일정유 지분을 넘기고 용산드림타워 전 지분을 확보하는 교환안을 승인하며, 태일건설은 자사주 9%를 오로라에 8억 달러로 매각하고 정유 지분 6%와 드림타워 잔여 지분을 교환하자 김인철은 태일산업 지분 4%를 노린 함정임을 깨닫고 건설 매입용 자금 7천억 원을 정유 경영권 방어에 투입한다","시진핑은 백수광의 직책 문제와 북경시 공안국장·상하이방 라인의 책임을 함께 정리해야 한다.","개장 전 태일정유 동시호가 주문이 폭등해 양측의 지분 전쟁이 시작된다","백수광은 혁권에게 외화 수입 쿼터 3장과 코발트 선매도권 계약 확정 약속으로 보답한다.","관계","혁권·스텐저의 처지와 관계 상태가 이번 사건 결과만큼 비가역적으로 이동한다.","개장 전 태일정유 동시호가 주문이 폭등해 양측의 지분 전쟁이 시작된다","혁권은 태일정유 지분을 넘기고 용산드림타워 전 지분을 확보하는 교환안을 승인하며의 즉시 결과가 확정된다.","개장 전 태일정유 동시호가 주문이 폭등해 양측의 지분 전쟁이 시작된다","GA-C31","0.91"
"867","대망 867화","특사","119977","120093","개장 전 태일정유 동시호가 주문이 폭등해 양측의 지분 전쟁이 시작된다 뒤 혁권·김덕현/롤스로이스와 용산드림타워, 홍정기/공사 현장에서 새 대응이 시작된다.","혁권·김덕현가 혁권은 정유 경영진 교체 지분을 이미 확보한 채 김성균과 김인철이 추가 매집으로 여유 자금을 소진하게 만들고, 완전히 소유하게 된 용산드림타워를 시찰한 뒤 협력업체 불안을 잠재우려 이번 달 공사비 270억 원을 당일 지급하고 김덕현에게 매주 감리 보고를 맡긴다의 결과를 만든다.","혁권은 용산드림타워 270억 즉시 지급 국면에서 주도권과 실익을 확보하려 한다.","혁권은 정유 경영진 교체 지분을 이미 확보한 채 김성균과 김인철이 추가 매집으로 여유 자금을 소진하게 만들고, 완전히 소유하게 된 용산드림타워를 시찰한 뒤 협력업체 불안을 잠재우려 이번 달 공사비 270억 원을 당일 지급하고 김덕현에게 매주 감리 보고를 맡긴다","두 사람은 경영권 경쟁에 여유 자금을 소진하고, 용산드림타워 협력업체들은 공사비 지급을 불안해한다. 여기에 혁권의 직접 감독 아래 용산드림타워 공사가 계속되며 홍정기는 통제권 상실에 답답해한다라는 새 불확실성도 겹친다.","협력업체 불안을 잠재우려 이번 달 공사비 270억 원을 당일 지급하고 김덕현에게 매주 감리 보고를 맡긴다","혁권은 정유 경영진 교체 지분을 이미 확보한 채 김성균과 김인철이 추가 매집으로 여유 자금을 소진하게 만들고으로 다음 선택에 쓸 구체적 정보나 자원을 얻는다.","관계","혁권·김덕현의 처지와 관계 상태가 이번 사건 결과만큼 비가역적으로 이동한다.","혁권의 직접 감독 아래 용산드림타워 공사가 계속되며 홍정기는 통제권 상실에 답답해한다","혁권은 정유 경영진 교체 지분을 이미 확보한 채 김성균과 김인철이 추가 매집으로 여유 자금을 소진하게 만들고의 즉시 결과가 확정된다.","혁권의 직접 감독 아래 용산드림타워 공사가 계속되며 홍정기는 통제권 상실에 답답해한다","GA-C32","0.91"
"868","대망 868화","","120094","120209","혁권의 직접 감독 아래 용산드림타워 공사가 계속되며 홍정기는 통제권 상실에 답답해한다 뒤 [#특사] 황규락·구민재/서울 외곽 골프장, 혁권·정동식·스텐저/인터내셔널 매니지먼트, 김인철·조병득·주윤성/태일 그룹 본사에서 새 대응이 시작된다.","[#특사] 황규락·구민재가 구민재가 황규락에게 10억 원 든 골프 가방과 주총 뒤 추가 10억을 약속해 국민연금의 중립을 확정하고, 혁권은 태일 증권이 고객 펀드 자금으로 태일 정유 주식을 매집한 횡령·배임 약점을 확인의 결과를 만든다.","[#특사] 황규락은 용산드림타워 270억 즉시 지급 국면에서 주도권과 실익을 확보하려 한다.","구민재가 황규락에게 10억 원 든 골프 가방과 주총 뒤 추가 10억을 약속해 국민연금의 중립을 확정하고, 혁권은 태일 증권이 고객 펀드 자금으로 태일 정유 주식을 매집한 횡령·배임 약점을 확인하며, 김인철 측은 우호 지분을 합쳐도 27% 확보에 그친다","두 사람은 경영권 경쟁에 여유 자금을 소진하고, 용산드림타워 협력업체들은 공사비 지급을 불안해한다.","추가 10억을 약속해 국민연금의 중립을 확정하고, 혁권은 태일 증권이 고객 펀드 자금으로 태일 정유 주식을 매집한 횡령·배임 약점을 확인하며, 김인철 측은 우호 지분을 합쳐도 27% 확보에 그친다","구민재가 황규락에게 10억 원 든 골프 가방과 주총 뒤 추가 10억을 약속해 국민연금의 중립을 확정하고으로 다음 선택에 쓸 구체적 정보나 자원을 얻는다.","지위","[#특사] 황규락·구민재의 처지와 지위 상태가 이번 사건 결과만큼 비가역적으로 이동한다.","조병득이 태일건설 측도 비슷한 지분을 확보했다고 보고하자 김인철의 표정이 일그러진다.","구민재가 황규락에게 10억 원 든 골프 가방과 주총 뒤 추가 10억을 약속해 국민연금의 중립을 확정하고의 즉시 결과가 확정된다.","조병득이 태일건설 측도 비슷한 지분을 확보했다고 보고하자 김인철의 표정이 일그러진다.","GA-C32","0.91"
"869","대망 869화","","120210","120319","조병득이 태일건설 측도 비슷한 지분을 확보했다고 보고하자 김인철의 표정이 일그러진다. 뒤 김인철·조병득·주윤성/태일 그룹 본사, 혁권·소현/호텔 마사지숍, 대통령·최무영·방사청장/청와대 대회의실에서 새 대응이 시작된다.","김인철·조병득·주윤성가 국민연금의 지원 거부에 몰린 김인철은 회사만 내주지 않는다면 어떤 대가든 치러 우호 지분을 확보하라고 명령하고, 태일건설은 임시주총 소집을 요구의 결과를 만든다.","김인철은 용산드림타워 270억 즉시 지급 국면에서 주도권과 실익을 확보하려 한다.","국민연금의 지원 거부에 몰린 김인철은 회사만 내주지 않는다면 어떤 대가든 치러 우호 지분을 확보하라고 명령하고, 태일건설은 임시주총 소집을 요구하며, 국민연금은 중립을 공식 발표한다; 청와대는 이라크 무기 수출을 막으라는 사우디의 압박으로 최대 300억 달러 피해와 30억 달러 방산 계약 손실 사이에서 격론을 벌인다","두 사람은 경영권 경쟁에 여유 자금을 소진하고, 용산드림타워 협력업체들은 공사비 지급을 불안해한다.","대통령 회의에서 사태가 이라크의 FA-50·천무 등 대규모 무기 발주로 시작됐음이 드러난다.","국민연금의 지원 거부에 몰린 김인철은 회사만 내주지 않는다면 어떤 대가든 치러 우호 지분을 확보하라고 명령하고으로 다음 선택에 쓸 구체적 정보나 자원을 얻는다.","지위","김인철·조병득·주윤성의 처지와 지위 상태가 이번 사건 결과만큼 비가역적으로 이동한다.","대통령 회의에서 사태가 이라크의 FA-50·천무 등 대규모 무기 발주로 시작됐음이 드러난다.","국민연금의 지원 거부에 몰린 김인철은 회사만 내주지 않는다면 어떤 대가든 치러 우호 지분을 확보하라고 명령하고의 즉시 결과가 확정된다.","대통령 회의에서 사태가 이라크의 FA-50·천무 등 대규모 무기 발주로 시작됐음이 드러난다.","GA-C32","0.91"
"870","대망 870화","","120320","120439","대통령 회의에서 사태가 이라크의 FA-50·천무 등 대규모 무기 발주로 시작됐음이 드러난다. 뒤 대통령·최무영·노규화·오천구/청와대, 혁권·스텐저/서울 이동 차량, 심인성·오천구·혁권/국정원 안전 가옥에서 새 대응이 시작된다.","대통령·최무영·노규화·오천구가 사우디가 원전·SOC·원유 거래 중단으로 한국을 압박하자 최무영은 빈 살만과 친분이 있는 혁권을 특사로 추천하고 대통령은 오천구에게 섭외를 지시한다; 혁권은 김성균 측과 자신의 지분이 30%를 넘고 김인철 측은 약 27%임을 확인한 뒤 안전 가옥에서 오천구와 대면한다의 결과를 만든다.","대통령은 용산드림타워 270억 즉시 지급 국면에서 주도권과 실익을 확보하려 한다.","사우디가 원전·SOC·원유 거래 중단으로 한국을 압박하자 최무영은 빈 살만과 친분이 있는 혁권을 특사로 추천하고 대통령은 오천구에게 섭외를 지시한다; 혁권은 김성균 측과 자신의 지분이 30%를 넘고 김인철 측은 약 27%임을 확인한 뒤 안전 가옥에서 오천구와 대면한다","두 사람은 경영권 경쟁에 여유 자금을 소진하고, 용산드림타워 협력업체들은 공사비 지급을 불안해한다.","안전 가옥에서 오천구와 대면한다","사우디가 원전·SOC·원유 거래 중단으로 한국을 압박하자 최무영은 빈 살만과 친분이 있는 혁권을 특사로 추천하고 대통령은 오천구에게 섭외를 지시한다; 혁권은 김성균 측과 자신의 지분이 30%를 넘고 김인철 측은 약 27%임을 확인한 뒤 안전 가옥에서 오천구와 대면한다으로 다음 선택에 쓸 구체적 정보나 자원을 얻는다.","관계","대통령·최무영·노규화·오천구의 처지와 관계 상태가 이번 사건 결과만큼 비가역적으로 이동한다.","예고 없이 나타난 청와대 비서실장 오천구가 혁권에게 먼저 손을 내민다.","사우디가 원전·SOC·원유 거래 중단으로 한국을 압박하자 최무영은 빈 살만과 친분이 있는 혁권을 특사로 추천하고 대통령은 오천구에게 섭외를 지시한다; 혁권은 김성균 측과 자신의 지분이 30%를 넘고 김인철 측은 약 27%임을 확인한 뒤 안전 가옥에서 오천구와 대면한다의 즉시 결과가 확정된다.","예고 없이 나타난 청와대 비서실장 오천구가 혁권에게 먼저 손을 내민다.","GA-C32","0.91"
"871","대망 871화","","120440","120571","예고 없이 나타난 청와대 비서실장 오천구가 혁권에게 먼저 손을 내민다. 뒤 혁권·오천구·심인성/국정원 안전 가옥, 혁권·스텐저/김포공항행 차량, 혁권·도병욱/리야드 킹 칼리드 국제공항에서 새 대응이 시작된다.","혁권·오천구·심인성가 혁권은 사우디 특사직의 대가로 태일 증권 불법 매입 주식의 의결권 제한과 검찰 고발을 신속히 처리하라는 조건을 걸어 오천구의 승낙을 받고, 대통령 서명 임명장과 외교관 여권을 받아 다음 날 출국한다; 스텐저에게 증거 정비를 지시한 뒤 리야드에 도착한다의 결과를 만든다.","혁권은 용산드림타워 270억 즉시 지급 국면에서 주도권과 실익을 확보하려 한다.","혁권은 사우디 특사직의 대가로 태일 증권 불법 매입 주식의 의결권 제한과 검찰 고발을 신속히 처리하라는 조건을 걸어 오천구의 승낙을 받고, 대통령 서명 임명장과 외교관 여권을 받아 다음 날 출국한다; 스텐저에게 증거 정비를 지시한 뒤 리야드에 도착한다","두 사람은 경영권 경쟁에 여유 자금을 소진하고, 용산드림타워 협력업체들은 공사비 지급을 불안해한다.","리야드에 도착한다","혁권은 사우디 특사직의 대가로 태일 증권 불법 매입 주식의 의결권 제한과 검찰 고발을 신속히 처리하라는 조건을 걸어 오천구의 승낙을 받고으로 다음 선택에 쓸 구체적 정보나 자원을 얻는다.","돈","혁권·오천구·심인성의 처지와 돈 상태가 이번 사건 결과만큼 비가역적으로 이동한다.","한국 대사관 도병욱 참사관이 혁권 일행을 맞아 공항 밖으로 안내한다.","혁권은 사우디 특사직의 대가로 태일 증권 불법 매입 주식의 의결권 제한과 검찰 고발을 신속히 처리하라는 조건을 걸어 오천구의 승낙을 받고의 즉시 결과가 확정된다.","한국 대사관 도병욱 참사관이 혁권 일행을 맞아 공항 밖으로 안내한다.","GA-C32","0.91"
"872","대망 872화","","120572","120682","한국 대사관 도병욱 참사관이 혁권 일행을 맞아 공항 밖으로 안내한다. 뒤 혁권·도병욱/리야드행 롤스로이스, 빈 살만·린자위/왕세자궁에서 새 대응이 시작된다.","혁권·도병욱가 혁권은 이미 빈 살만과 다음 날 면담을 잡았다고 밝히고, 도병욱은 사우디 압박의 진짜 목적이 시아파와 왕정 반대 세력을 누르며 실추된 왕실 권위를 회복하려는 내부 기강 확립이라고 분석한다; 빈 살만은 혁권의 특사 임명을 반기며 그가 다른 협상 카드를 가져올지 기대한다의 결과를 만든다.","혁권은 용산드림타워 270억 즉시 지급 국면에서 주도권과 실익을 확보하려 한다.","혁권은 이미 빈 살만과 다음 날 면담을 잡았다고 밝히고, 도병욱은 사우디 압박의 진짜 목적이 시아파와 왕정 반대 세력을 누르며 실추된 왕실 권위를 회복하려는 내부 기강 확립이라고 분석한다; 빈 살만은 혁권의 특사 임명을 반기며 그가 다른 협상 카드를 가져올지 기대한다","두 사람은 경영권 경쟁에 여유 자금을 소진하고, 용산드림타워 협력업체들은 공사비 지급을 불안해한다.","빈 살만은 혁권과의 만남을 고대하면서 화제를 사우디 시아파의 움직임으로 돌린다.","혁권은 이미 빈 살만과 다음 날 면담을 잡았다고 밝히고으로 다음 선택에 쓸 구체적 정보나 자원을 얻는다.","세계","혁권·도병욱의 처지와 세계 상태가 이번 사건 결과만큼 비가역적으로 이동한다.","빈 살만은 혁권과의 만남을 고대하면서 화제를 사우디 시아파의 움직임으로 돌린다.","혁권은 이미 빈 살만과 다음 날 면담을 잡았다고 밝히고의 즉시 결과가 확정된다.","빈 살만은 혁권과의 만남을 고대하면서 화제를 사우디 시아파의 움직임으로 돌린다.","GA-C32","0.91"
"873","대망 873화","","120683","120798","빈 살만은 혁권과의 만남을 고대하면서 화제를 사우디 시아파의 움직임으로 돌린다. 뒤 빈 살만·린자위/왕세자궁, 김인철·조병득·주윤성/태일 그룹 본사에서 새 대응이 시작된다.","빈 살만·린자위가 빈 살만은 무기 밀반입과 폭동 위험에도 정치범 석방 유화책을 거부하고 감시 강화와 국민 1인당 17,000리얄 보조금 지급을 명령한다; 김인철은 대국은행이 태일 정유 자사주를 7천억 원에 사들여 자기편 지분이 30%를 넘게 되자 주총 뒤 김성균 계열 전원을 숙청하겠다고 선언한다의 결과를 만든다.","빈 살만은 용산드림타워 270억 즉시 지급 국면에서 주도권과 실익을 확보하려 한다.","빈 살만은 무기 밀반입과 폭동 위험에도 정치범 석방 유화책을 거부하고 감시 강화와 국민 1인당 17,000리얄 보조금 지급을 명령한다; 김인철은 대국은행이 태일 정유 자사주를 7천억 원에 사들여 자기편 지분이 30%를 넘게 되자 주총 뒤 김성균 계열 전원을 숙청하겠다고 선언한다","두 사람은 경영권 경쟁에 여유 자금을 소진하고, 용산드림타워 협력업체들은 공사비 지급을 불안해한다.","김성균 계열 전원을 숙청하겠다고 선언한다","빈 살만은 무기 밀반입과 폭동 위험에도 정치범 석방 유화책을 거부하고 감시 강화와 국민 1인당 17으로 다음 선택에 쓸 구체적 정보나 자원을 얻는다.","지위","빈 살만·린자위의 처지와 지위 상태가 이번 사건 결과만큼 비가역적으로 이동한다.","배원석이 금감원과 검찰이 태일 증권을 압수수색 중이라고 알리자 조병득이 경악한다.","빈 살만은 무기 밀반입과 폭동 위험에도 정치범 석방 유화책을 거부하고 감시 강화와 국민 1인당 17의 즉시 결과가 확정된다.","배원석이 금감원과 검찰이 태일 증권을 압수수색 중이라고 알리자 조병득이 경악한다.","GA-C32","0.91"
"874","대망 874화","","120799","120918","배원석이 금감원과 검찰이 태일 증권을 압수수색 중이라고 알리자 조병득이 경악한다. 뒤 김인철·조병득·주윤성/태일 그룹 본사, 혁권·스텐저/리야드 호텔, 혁권·빈 살만/왕세자궁에서 새 대응이 시작된다.","김인철·조병득·주윤성가 태일 증권의 고객 펀드 자금 유용 때문에 금감원·검찰이 전산실·트레이딩센터·사장실을 압수수색하고, 혁권은 청와대가 약속을 지킨 것을 확인한다; 빈 살만이 정부 제안을 일축하자 혁권은 미국보다 사우드 왕가의 안전에 유용한 한국과의 군사동맹을 제안한다의 결과를 만든다.","김인철은 용산드림타워 270억 즉시 지급 국면에서 주도권과 실익을 확보하려 한다.","태일 증권의 고객 펀드 자금 유용 때문에 금감원·검찰이 전산실·트레이딩센터·사장실을 압수수색하고, 혁권은 청와대가 약속을 지킨 것을 확인한다; 빈 살만이 정부 제안을 일축하자 혁권은 미국보다 사우드 왕가의 안전에 유용한 한국과의 군사동맹을 제안한다","두 사람은 경영권 경쟁에 여유 자금을 소진하고, 용산드림타워 협력업체들은 공사비 지급을 불안해한다.","혁권이 미국은 언제나 빈 살만 편인 동맹이 아니었다고 지적하자 왕세자가 굳은 얼굴로 침음한다.","태일 증권의 고객 펀드 자금 유용 때문에 금감원·검찰이 전산실·트레이딩센터·사장실을 압수수색하고으로 다음 선택에 쓸 구체적 정보나 자원을 얻는다.","지위","김인철·조병득·주윤성의 처지와 지위 상태가 이번 사건 결과만큼 비가역적으로 이동한다.","혁권이 미국은 언제나 빈 살만 편인 동맹이 아니었다고 지적하자 왕세자가 굳은 얼굴로 침음한다.","태일 증권의 고객 펀드 자금 유용 때문에 금감원·검찰이 전산실·트레이딩센터·사장실을 압수수색하고의 즉시 결과가 확정된다.","혁권이 미국은 언제나 빈 살만 편인 동맹이 아니었다고 지적하자 왕세자가 굳은 얼굴로 침음한다.","GA-C32","0.91"
"875","대망 875화","","120919","121035","혁권이 미국은 언제나 빈 살만 편인 동맹이 아니었다고 지적하자 왕세자가 굳은 얼굴로 침음한다. 뒤 혁권·빈 살만·린자위/왕세자궁, 혁권·도병욱/왕세자궁 귀환 차량, 조병득·배원석/여의도 태일 증권, 혁권·도병욱/리야드 메리어트 호텔에서 새 대응이 시작된다.","혁권·빈 살만·린자위가 혁권은 아랍에미리트 아크 부대 사례를 들어 정규 파병 대신 사우드 왕가를 지킬 군사 고문단 파견을 제안해 빈 살만의 검토 약속을 얻고, 도병욱에게 120명 규모 협정 초안을 준비시킨다; 태일 증권은 문제 주식의 의결권 제한 가능성에 공포에 빠진다의 결과를 만든다.","혁권은 용산드림타워 270억 즉시 지급 국면에서 주도권과 실익을 확보하려 한다.","혁권은 아랍에미리트 아크 부대 사례를 들어 정규 파병 대신 사우드 왕가를 지킬 군사 고문단 파견을 제안해 빈 살만의 검토 약속을 얻고, 도병욱에게 120명 규모 협정 초안을 준비시킨다; 태일 증권은 문제 주식의 의결권 제한 가능성에 공포에 빠진다","두 사람은 경영권 경쟁에 여유 자금을 소진하고, 용산드림타워 협력업체들은 공사비 지급을 불안해한다.","메리어트 호텔에서 협정 초안을 검토하던 혁권 앞에 갑자기 사이렌이 울린다.","혁권은 아랍에미리트 아크 부대 사례를 들어 정규 파병 대신 사우드 왕가를 지킬 군사 고문단 파견을 제안해 빈 살만의 검토 약속을 얻고으로 다음 선택에 쓸 구체적 정보나 자원을 얻는다.","돈","혁권·빈 살만·린자위의 처지와 돈 상태가 이번 사건 결과만큼 비가역적으로 이동한다.","메리어트 호텔에서 협정 초안을 검토하던 혁권 앞에 갑자기 사이렌이 울린다.","혁권은 아랍에미리트 아크 부대 사례를 들어 정규 파병 대신 사우드 왕가를 지킬 군사 고문단 파견을 제안해 빈 살만의 검토 약속을 얻고의 즉시 결과가 확정된다.","메리어트 호텔에서 협정 초안을 검토하던 혁권 앞에 갑자기 사이렌이 울린다.","GA-C32","0.91"
"876","대망 876화","","121036","121145","메리어트 호텔에서 협정 초안을 검토하던 혁권 앞에 갑자기 사이렌이 울린다. 뒤 혁권·하킴·백성균·도병욱/리야드 메리어트 호텔, 빈 살만/사우디 국영방송·왕세자궁에서 새 대응이 시작된다.","혁권·하킴·백성균·도병욱가 후티 반군의 탄도미사일 세 발이 왕궁을 노리자 사우디군이 요격하고 F-15SA 20대를 시작으로 대규모 보복 폭격을 벌인다; 혁권은 한국산 GPS 유도 폭탄이 급해진 빈 살만이 협상을 서두를 것으로 내다보고, 다음 날 왕세자궁에서 한국의 군사동맹 제안 수락을 듣는다의 결과를 만든다.","혁권은 용산드림타워 270억 즉시 지급 국면에서 주도권과 실익을 확보하려 한다.","후티 반군의 탄도미사일 세 발이 왕궁을 노리자 사우디군이 요격하고 F-15SA 20대를 시작으로 대규모 보복 폭격을 벌인다; 혁권은 한국산 GPS 유도 폭탄이 급해진 빈 살만이 협상을 서두를 것으로 내다보고, 다음 날 왕세자궁에서 한국의 군사동맹 제안 수락을 듣는다","두 사람은 경영권 경쟁에 여유 자금을 소진하고, 용산드림타워 협력업체들은 공사비 지급을 불안해한다.","빈 살만이 한국 측 제안을 받아들이겠다고 선언하자 혁권은 기대한 성과를 얻는다.","이번 달 공사비 270억 원을 당일 지급해 협력업체의 불안을 잠재우고 김덕현에게 매주 감리 보고를 맡긴다.","지위","혁권·하킴·백성균·도병욱의 처지와 지위 상태가 이번 사건 결과만큼 비가역적으로 이동한다.","빈 살만이 한국 측 제안을 받아들이겠다고 선언하자 혁권은 기대한 성과를 얻는다.","후티 반군의 탄도미사일 세 발이 왕궁을 노리자 사우디군이 요격하고 F-15SA 20대를 시작으로 대규모 보복 폭격을 벌인다; 혁권은 한국산 GPS 유도 폭탄이 급해진 빈 살만이 협상을 서두를 것으로 내다보고의 즉시 결과가 확정된다.","빈 살만이 한국 측 제안을 받아들이겠다고 선언하자 혁권은 기대한 성과를 얻는다.","GA-C32","0.91"
"877","대망 877화","임시주주총회","121146","121284","빈 살만이 한국 측 제안을 받아들이겠다고 선언하자 혁권은 기대한 성과를 얻는다. 뒤 혁권·빈 살만·도병욱·라쉬드/왕세자궁, 대통령·오천구/청와대에서 새 대응이 시작된다.","혁권·빈 살만·도병욱·라쉬드가 빈 살만은 이라크에 첨단무기를 더 수출하지 않는 조건으로 120명 규모 한국 특수전 고문단 파견에 합의하고, 혁권에게 8억 달러를 선지급해 한 달 안에 한국산 GPS 유도 폭탄·현궁과 미국제 M270용 확산탄 100발을 조달하라고 요구한다; 혁권의 보고를 받은 청와대는 협상 타결과 사우디 제재 철회를 확인한다의 결과를 만든다.","혁권은 사우디 특수전 고문단과 8억 달러 선금 국면에서 주도권과 실익을 확보하려 한다.","빈 살만은 이라크에 첨단무기를 더 수출하지 않는 조건으로 120명 규모 한국 특수전 고문단 파견에 합의하고, 혁권에게 8억 달러를 선지급해 한 달 안에 한국산 GPS 유도 폭탄·현궁과 미국제 M270용 확산탄 100발을 조달하라고 요구한다; 혁권의 보고를 받은 청와대는 협상 타결과 사우디 제재 철회를 확인한다","한국은 사우디 제재가 지속될 경우 최대 300억 달러의 피해를 감당해야 한다. 여기에 대통령은 최대 300억 달러 피해 위기를 넘겼다는 소식에 굳은 얼굴을 풀고 안도한다.라는 새 불확실성도 겹친다.","대통령은 최대 300억 달러 피해 위기를 넘겼다는 소식에 굳은 얼굴을 풀고 안도한다.","빈 살만은 이라크에 첨단무기를 더 수출하지 않는 조건으로 120명 규모 한국 특수전 고문단 파견에 합의하고으로 다음 선택에 쓸 구체적 정보나 자원을 얻는다.","돈","혁권·빈 살만·도병욱·라쉬드의 처지와 돈 상태가 이번 사건 결과만큼 비가역적으로 이동한다.","대통령은 최대 300억 달러 피해 위기를 넘겼다는 소식에 굳은 얼굴을 풀고 안도한다.","빈 살만은 이라크에 첨단무기를 더 수출하지 않는 조건으로 120명 규모 한국 특수전 고문단 파견에 합의하고의 즉시 결과가 확정된다.","대통령은 최대 300억 달러 피해 위기를 넘겼다는 소식에 굳은 얼굴을 풀고 안도한다.","GA-C33","0.91"
"878","대망 878화","","121285","121398","대통령은 최대 300억 달러 피해 위기를 넘겼다는 소식에 굳은 얼굴을 풀고 안도한다. 뒤 김인철·조병득·배원석/태일 그룹 본사·귀국 비즈니스 제트기에서 새 대응이 시작된다.","김인철·조병득·배원석가 [#임시주주총회] 금융감독원이 태일 증권 보유 태일 정유 주식의 의결권을 제한하고 영업정지 6개월·임직원 고발 처분을 내리자 김인철은 조병득에게 모든 책임과 사임을 떠넘기고 배원석을 후임으로 세우며, 혁권은 M270 MLRS 확산탄 보유국 목록을 검토한다의 결과를 만든다.","김인철은 사우디 특수전 고문단과 8억 달러 선금 국면에서 주도권과 실익을 확보하려 한다.","[#임시주주총회] 금융감독원이 태일 증권 보유 태일 정유 주식의 의결권을 제한하고 영업정지 6개월·임직원 고발 처분을 내리자 김인철은 조병득에게 모든 책임과 사임을 떠넘기고 배원석을 후임으로 세우며, 혁권은 M270 MLRS 확산탄 보유국 목록을 검토한다","한국은 사우디 제재가 지속될 경우 최대 300억 달러의 피해를 감당해야 한다.","미국이 최대 물량을 비축했다는 판단 아래 혁권이 거래 상대를 정한다","[#임시주주총회] 금융감독원이 태일 증권 보유 태일 정유 주식의 의결권을 제한하고 영업정지 6개월·임직원 고발 처분을 내리자 김인철은 조병득에게 모든 책임과 사임을 떠넘기고 배원석을 후임으로 세우며으로 다음 선택에 쓸 구체적 정보나 자원을 얻는다.","지위","김인철·조병득·배원석의 처지와 지위 상태가 이번 사건 결과만큼 비가역적으로 이동한다.","미국이 최대 물량을 비축했다는 판단 아래 혁권이 거래 상대를 정한다","[#임시주주총회] 금융감독원이 태일 증권 보유 태일 정유 주식의 의결권을 제한하고 영업정지 6개월·임직원 고발 처분을 내리자 김인철은 조병득에게 모든 책임과 사임을 떠넘기고 배원석을 후임으로 세우며의 즉시 결과가 확정된다.","미국이 최대 물량을 비축했다는 판단 아래 혁권이 거래 상대를 정한다","GA-C33","0.91"
"879","대망 879화","","121399","121524","미국이 최대 물량을 비축했다는 판단 아래 혁권이 거래 상대를 정한다 뒤 혁권·샌더슨·김인철·차민성/비즈니스 제트기·한강 빌라에서 새 대응이 시작된다.","혁권·샌더슨·김인철·차민성가 혁권은 CIA의 확산탄 100발을 한국에 전시 비축탄으로 공여한 뒤 사우디아라비아로 넘기는 우회 거래를 샌더슨에게 제안하고, 패색이 짙어진 김인철은 박형윤을 납치해 태일 산업 지분을 강탈한 뒤 살해하라고 차민성에게 지시한다의 결과를 만든다.","혁권은 사우디 특수전 고문단과 8억 달러 선금 국면에서 주도권과 실익을 확보하려 한다.","혁권은 CIA의 확산탄 100발을 한국에 전시 비축탄으로 공여한 뒤 사우디아라비아로 넘기는 우회 거래를 샌더슨에게 제안하고, 패색이 짙어진 김인철은 박형윤을 납치해 태일 산업 지분을 강탈한 뒤 살해하라고 차민성에게 지시한다","한국은 사우디 제재가 지속될 경우 최대 300억 달러의 피해를 감당해야 한다.","사우디아라비아로 넘기는 우회 거래를 샌더슨에게 제안하고, 패색이 짙어진 김인철은 박형윤을 납치해 태일 산업 지분을 강탈한 뒤 살해하라고 차민성에게 지시한다","혁권은 CIA의 확산탄 100발을 한국에 전시 비축탄으로 공여한 뒤 사우디아라비아로 넘기는 우회 거래를 샌더슨에게 제안하고으로 다음 선택에 쓸 구체적 정보나 자원을 얻는다.","관계","혁권·샌더슨·김인철·차민성의 처지와 관계 상태가 이번 사건 결과만큼 비가역적으로 이동한다.","차민성이 박형윤 납치·살해 명령을 수락한다","혁권은 CIA의 확산탄 100발을 한국에 전시 비축탄으로 공여한 뒤 사우디아라비아로 넘기는 우회 거래를 샌더슨에게 제안하고의 즉시 결과가 확정된다.","차민성이 박형윤 납치·살해 명령을 수락한다","GA-C33","0.91"
"880","대망 880화","","121525","121633","차민성이 박형윤 납치·살해 명령을 수락한다 뒤 미국 대통령·러셀·김성균·혁권/백악관·태일 정유 대강당·서울 저택에서 새 대응이 시작된다.","미국 대통령·러셀·김성균·혁권가 미국 대통령은 확산탄 우회 공급이 이란 견제와 지지 지역 군수공장 가동에 이롭다며 승인하고, 태일 정유 임시주주총회에 직접 참석한 김성균은 오로라 펀드와 우호 지분을 점검의 결과를 만든다.","미국 대통령은 사우디 특수전 고문단과 8억 달러 선금 국면에서 주도권과 실익을 확보하려 한다.","미국 대통령은 확산탄 우회 공급이 이란 견제와 지지 지역 군수공장 가동에 이롭다며 승인하고, 태일 정유 임시주주총회에 직접 참석한 김성균은 오로라 펀드와 우호 지분을 점검하며 경영진 교체 투표를 치른다","한국은 사우디 제재가 지속될 경우 최대 300억 달러의 피해를 감당해야 한다.","스텐저가 혁권에게 5% 가까운 차이로 승리했다고 보고한다","빈 살만은 혁권에게 8억 달러를 선지급하고 한 달 안에 GPS 유도폭탄·현궁·M270용 확산탄 100발을 조달하라고 맡긴다.","지위","미국 대통령·러셀·김성균·혁권의 처지와 지위 상태가 이번 사건 결과만큼 비가역적으로 이동한다.","스텐저가 혁권에게 5% 가까운 차이로 승리했다고 보고한다","미국 대통령은 확산탄 우회 공급이 이란 견제와 지지 지역 군수공장 가동에 이롭다며 승인하고의 즉시 결과가 확정된다.","스텐저가 혁권에게 5% 가까운 차이로 승리했다고 보고한다","GA-C33","0.91"
"881","대망 881화","발악","121634","121751","스텐저가 혁권에게 5% 가까운 차이로 승리했다고 보고한다 뒤 혁권·김인철·권정혁·자말/서울·부산 북항 제8부두에서 새 대응이 시작된다.","혁권·김인철·권정혁·자말가 태일 정유 해임안 가결로 주윤성 등 김인철 측 이사진이 물러나고 권정혁이 대표이사에 선임되자 김인철은 박형윤 처리를 재촉의 결과를 만든다.","혁권은 태일정유 이사진 해임과 박형윤 강탈 국면에서 주도권과 실익을 확보하려 한다.","태일 정유 해임안 가결로 주윤성 등 김인철 측 이사진이 물러나고 권정혁이 대표이사에 선임되자 김인철은 박형윤 처리를 재촉하며, 혁권은 레드클라우드호가 공여한 3만 톤 넘는 탄약 중 확산탄 100발과 현궁 미사일을 사우디행 화물선에 싣고 CIA 비밀계좌로 2억 달러를 송금한다","권정혁이 대표이사에 오르자 경영권을 잃은 김인철은 박형윤의 지분을 빼앗아 반격하려 한다. 여기에 김인철의 살해 지시를 받은 차민성이 박형윤 강제 지분 양도 작전에 착수한다라는 새 불확실성도 겹친다.","김인철의 살해 지시를 받은 차민성이 박형윤 강제 지분 양도 작전에 착수한다","태일 정유 해임안 가결로 주윤성 등 김인철 측 이사진이 물러나고 권정혁이 대표이사에 선임되자 김인철은 박형윤 처리를 재촉하며으로 다음 선택에 쓸 구체적 정보나 자원을 얻는다.","지위","혁권·김인철·권정혁·자말의 처지와 지위 상태가 이번 사건 결과만큼 비가역적으로 이동한다.","김인철의 살해 지시를 받은 차민성이 박형윤 강제 지분 양도 작전에 착수한다","태일 정유 해임안 가결로 주윤성 등 김인철 측 이사진이 물러나고 권정혁이 대표이사에 선임되자 김인철은 박형윤 처리를 재촉하며의 즉시 결과가 확정된다.","김인철의 살해 지시를 받은 차민성이 박형윤 강제 지분 양도 작전에 착수한다","GA-C34","0.91"
"882","대망 882화","","121752","121869","김인철의 살해 지시를 받은 차민성이 박형윤 강제 지분 양도 작전에 착수한다 뒤 박형윤·차민성·혁권·오천구/파주 오두산통일전망대·양주 폐농장·호텔 한정식당에서 새 대응이 시작된다.","박형윤·차민성·혁권·오천구가 [#발악] 괴한들이 접촉사고를 위장해 박형윤과 운전기사를 전기충격기로 제압·납치하고, 혁권은 오천구에게 금감원·무기 거래 협조 대가로 현금 3억 원을 건넨 뒤 태일 증권 수사를 김인철까지 확대하라고 압박의 결과를 만든다.","박형윤은 태일정유 이사진 해임과 박형윤 강탈 국면에서 주도권과 실익을 확보하려 한다.","[#발악] 괴한들이 접촉사고를 위장해 박형윤과 운전기사를 전기충격기로 제압·납치하고, 혁권은 오천구에게 금감원·무기 거래 협조 대가로 현금 3억 원을 건넨 뒤 태일 증권 수사를 김인철까지 확대하라고 압박하며, 차민성은 박형윤에게 선 캐피탈 지분 매각 계약을 강요하고 고문을 지시한다","권정혁이 대표이사에 오르자 경영권을 잃은 김인철은 박형윤의 지분을 빼앗아 반격하려 한다.","태일 증권 수사를 김인철까지 확대하라고 압박하며, 차민성은 박형윤에게 선 캐피탈 지분 매각 계약을 강요하고 고문을 지시한다","[#발악] 괴한들이 접촉사고를 위장해 박형윤과 운전기사를 전기충격기로 제압·납치하고으로 다음 선택에 쓸 구체적 정보나 자원을 얻는다.","관계","박형윤·차민성·혁권·오천구의 처지와 관계 상태가 이번 사건 결과만큼 비가역적으로 이동한다.","혁권이 김성균을 태일 그룹의 다른 후계자로 밀어 김인철 대신 선택하라고 오천구에게 제안한다","[#발악] 괴한들이 접촉사고를 위장해 박형윤과 운전기사를 전기충격기로 제압·납치하고의 즉시 결과가 확정된다.","혁권이 김성균을 태일 그룹의 다른 후계자로 밀어 김인철 대신 선택하라고 오천구에게 제안한다","GA-C34","0.91"
"883","대망 883화","","121870","122007","혁권이 김성균을 태일 그룹의 다른 후계자로 밀어 김인철 대신 선택하라고 오천구에게 제안한다 뒤 혁권·오천구·차민성·박형윤·대통령/한정식당·양주 폐농장·청와대에서 새 대응이 시작된다.","혁권·오천구·차민성·박형윤·대통령가 혁권은 김인철 소환과 김성균 지원의 대가로 지역구당 1억 원씩 총 300억 원의 정치자금을 약속하고, 차민성 일당은 끝까지 계약을 거부하는 박형윤을 잔혹하게 고문의 결과를 만든다.","혁권은 태일정유 이사진 해임과 박형윤 강탈 국면에서 주도권과 실익을 확보하려 한다.","혁권은 김인철 소환과 김성균 지원의 대가로 지역구당 1억 원씩 총 300억 원의 정치자금을 약속하고, 차민성 일당은 끝까지 계약을 거부하는 박형윤을 잔혹하게 고문하며, 지지율 하락에 초조한 대통령 앞에 오천구가 혁권과의 만남을 보고한다","권정혁이 대표이사에 오르자 경영권을 잃은 김인철은 박형윤의 지분을 빼앗아 반격하려 한다.","오천구가 대통령에게 김혁권을 만났다고 밝히며 정치자금 거래 보고를 시작한다","혁권은 김인철 소환과 김성균 지원의 대가로 지역구당 1억 원씩 총 300억 원의 정치자금을 약속하고으로 다음 선택에 쓸 구체적 정보나 자원을 얻는다.","관계","혁권·오천구·차민성·박형윤·대통령의 처지와 관계 상태가 이번 사건 결과만큼 비가역적으로 이동한다.","오천구가 대통령에게 김혁권을 만났다고 밝히며 정치자금 거래 보고를 시작한다","혁권은 김인철 소환과 김성균 지원의 대가로 지역구당 1억 원씩 총 300억 원의 정치자금을 약속하고의 즉시 결과가 확정된다.","오천구가 대통령에게 김혁권을 만났다고 밝히며 정치자금 거래 보고를 시작한다","GA-C34","0.91"
"884","대망 884화","","122008","122133","오천구가 대통령에게 김혁권을 만났다고 밝히며 정치자금 거래 보고를 시작한다 뒤 대통령·오천구·피우영·박형윤·차민성/청와대·양주 폐농장에서 새 대응이 시작된다.","대통령·오천구·피우영·박형윤·차민성가 대통령은 300억 원과 향후 정치자금 지원을 대가로 김인철을 태일 증권 사건 피의자로 수사하도록 승인하고, 오천구는 피우영 서울지검 부장검사에게 차장검사 승진을 약속해 김인철 소환을 지시의 결과를 만든다.","대통령은 태일정유 이사진 해임과 박형윤 강탈 국면에서 주도권과 실익을 확보하려 한다.","대통령은 300억 원과 향후 정치자금 지원을 대가로 김인철을 태일 증권 사건 피의자로 수사하도록 승인하고, 오천구는 피우영 서울지검 부장검사에게 차장검사 승진을 약속해 김인철 소환을 지시하며, 차민성은 버티는 박형윤에게 미국 거주 손녀 사진을 내민다","권정혁이 대표이사에 오르자 경영권을 잃은 김인철은 박형윤의 지분을 빼앗아 반격하려 한다.","차민성이 손녀를 위협할 수 있음을 드러내 박형윤의 마지막 약점을 찌른다","대통령은 300억 원과 향후 정치자금 지원을 대가로 김인철을 태일 증권 사건 피의자로 수사하도록 승인하고으로 다음 선택에 쓸 구체적 정보나 자원을 얻는다.","관계","대통령·오천구·피우영·박형윤·차민성의 처지와 관계 상태가 이번 사건 결과만큼 비가역적으로 이동한다.","차민성이 손녀를 위협할 수 있음을 드러내 박형윤의 마지막 약점을 찌른다","대통령은 300억 원과 향후 정치자금 지원을 대가로 김인철을 태일 증권 사건 피의자로 수사하도록 승인하고의 즉시 결과가 확정된다.","차민성이 손녀를 위협할 수 있음을 드러내 박형윤의 마지막 약점을 찌른다","GA-C34","0.91"
"885","대망 885화","","122134","122273","차민성이 손녀를 위협할 수 있음을 드러내 박형윤의 마지막 약점을 찌른다 뒤 박형윤·차민성·김인철·혁권·함단·방갑수/양주 폐농장·논현동 저택에서 새 대응이 시작된다.","박형윤·차민성·김인철·혁권·함단·방갑수가 손녀 살해 협박에 굴복한 박형윤이 선 캐피탈 계약서 서명을 받아들이자 차민성은 김인철의 살해 명령을 어기고 그를 숨겨 추가 재산까지 빼앗으려의 결과를 만든다.","박형윤은 태일정유 이사진 해임과 박형윤 강탈 국면에서 주도권과 실익을 확보하려 한다.","손녀 살해 협박에 굴복한 박형윤이 선 캐피탈 계약서 서명을 받아들이자 차민성은 김인철의 살해 명령을 어기고 그를 숨겨 추가 재산까지 빼앗으려 하며, 혁권은 사우디의 GPS 유도폭탄 추가 주문을 선점하라고 함단에게 지시한 뒤 방갑수에게 박형윤 납치 소문을 듣는다","권정혁이 대표이사에 오르자 경영권을 잃은 김인철은 박형윤의 지분을 빼앗아 반격하려 한다.","방갑수에게 박형윤 납치 소문을 듣는다","무기를 사우디행 화물선에 싣고 CIA 비밀계좌로 2억 달러를 송금해 조달 약속을 이행한다.","관계","박형윤·차민성·김인철·혁권·함단·방갑수의 처지와 관계 상태가 이번 사건 결과만큼 비가역적으로 이동한다.","문명균이 박형윤을 찾아다닌다는 정보에 혁권이 납치 배후를 의심한다","손녀 살해 협박에 굴복한 박형윤이 선 캐피탈 계약서 서명을 받아들이자 차민성은 김인철의 살해 명령을 어기고 그를 숨겨 추가 재산까지 빼앗으려 하며의 즉시 결과가 확정된다.","문명균이 박형윤을 찾아다닌다는 정보에 혁권이 납치 배후를 의심한다","GA-C34","0.91"
"886","대망 886화","박형윤","122274","122420","문명균이 박형윤을 찾아다닌다는 정보에 혁권이 납치 배후를 의심한다 뒤 혁권·하킴·김인철·차민성·김성균/논현동 저택·오피스텔·태일 건설에서 새 대응이 시작된다.","혁권·하킴·김인철·차민성·김성균가 혁권은 박형윤 신변과 태일 산업 지분 변동을 조사시키고, 김인철은 강탈한 지분 10%를 더해 총 26%를 확보하지만 청와대 지시로 태일 증권 사건 피의자 소환 명단에 오르며, 김성균은 이를 경영권 탈환과 재판에 이용하면서 오천구에게 현금 든 사과 상자를 보내라고 지시한다의 결과를 만든다.","혁권은 박형윤 지분 10% 강탈과 김인철 소환 국면에서 주도권과 실익을 확보하려 한다.","혁권은 박형윤 신변과 태일 산업 지분 변동을 조사시키고, 김인철은 강탈한 지분 10%를 더해 총 26%를 확보하지만 청와대 지시로 태일 증권 사건 피의자 소환 명단에 오르며, 김성균은 이를 경영권 탈환과 재판에 이용하면서 오천구에게 현금 든 사과 상자를 보내라고 지시한다","김인철은 박형윤에게서 빼앗은 10%를 더해 태일산업 지분 총 26%를 확보한다. 여기에 김성균이 검찰 소환으로 궁지에 몰린 김인철을 다시 일어나지 못하게 짓밟을 준비를 한다라는 새 불확실성도 겹친다.","청와대 지시로 태일 증권 사건 피의자 소환 명단에 오르며, 김성균은 이를 경영권 탈환과 재판에 이용하면서 오천구에게 현금 든 사과 상자를 보내라고 지시한다","혁권은 박형윤 신변과 태일 산업 지분 변동을 조사시키고으로 다음 선택에 쓸 구체적 정보나 자원을 얻는다.","관계","혁권·하킴·김인철·차민성·김성균의 처지와 관계 상태가 이번 사건 결과만큼 비가역적으로 이동한다.","김성균이 검찰 소환으로 궁지에 몰린 김인철을 다시 일어나지 못하게 짓밟을 준비를 한다","혁권은 박형윤 신변과 태일 산업 지분 변동을 조사시키고의 즉시 결과가 확정된다.","김성균이 검찰 소환으로 궁지에 몰린 김인철을 다시 일어나지 못하게 짓밟을 준비를 한다","GA-C35","0.91"
"887","대망 887화","","122421","122553","김성균이 검찰 소환으로 궁지에 몰린 김인철을 다시 일어나지 못하게 짓밟을 준비를 한다 뒤 김인철·차민성·혁권·하킴·문명균/서울중앙지검·혁권 자택에서 새 대응이 시작된다.","김인철·차민성·혁권·하킴·문명균가 [#박형윤] 김인철이 피해자들의 달걀 세례를 맞고 검찰 조사에 들어간 사이, 선 캐피탈이 실종된 박형윤의 태일 산업 지분 10% 전량을 인수해 사실상 2대 주주가 된다의 결과를 만든다.","김인철은 박형윤 지분 10% 강탈과 김인철 소환 국면에서 주도권과 실익을 확보하려 한다.","[#박형윤] 김인철이 피해자들의 달걀 세례를 맞고 검찰 조사에 들어간 사이, 선 캐피탈이 실종된 박형윤의 태일 산업 지분 10% 전량을 인수해 사실상 2대 주주가 된다","김인철은 박형윤에게서 빼앗은 10%를 더해 태일산업 지분 총 26%를 확보한다.","문명균에게 낯선 남자가 전화해 “박형윤 사장을 우리가 데리고 있소”라고 밝힌다","[#박형윤] 김인철이 피해자들의 달걀 세례를 맞고 검찰 조사에 들어간 사이으로 다음 선택에 쓸 구체적 정보나 자원을 얻는다.","관계","김인철·차민성·혁권·하킴·문명균의 처지와 관계 상태가 이번 사건 결과만큼 비가역적으로 이동한다.","문명균에게 낯선 남자가 전화해 “박형윤 사장을 우리가 데리고 있소”라고 밝힌다","[#박형윤] 김인철이 피해자들의 달걀 세례를 맞고 검찰 조사에 들어간 사이의 즉시 결과가 확정된다.","문명균에게 낯선 남자가 전화해 “박형윤 사장을 우리가 데리고 있소”라고 밝힌다","GA-C35","0.91"
"888","대망 888화","","122554","122702","문명균에게 낯선 남자가 전화해 “박형윤 사장을 우리가 데리고 있소”라고 밝힌다 뒤 문명균·차민성·박창재·박형윤·혁권·하킴/문명균 거처·납치 은신처·혁권 자택·강남 호텔에서 새 대응이 시작된다.","문명균·차민성·박창재·박형윤·혁권·하킴가 납치범 차민성이 박형윤의 목숨값으로 현금 100억 원을 요구하고 생존 사진과 계좌 비밀번호를 보내며, 문명균은 채권을 급매해 몸값을 마련하고 혁권은 이를 간파해 직접 만나려 한다의 결과를 만든다.","문명균은 박형윤 지분 10% 강탈과 김인철 소환 국면에서 주도권과 실익을 확보하려 한다.","납치범 차민성이 박형윤의 목숨값으로 현금 100억 원을 요구하고 생존 사진과 계좌 비밀번호를 보내며, 문명균은 채권을 급매해 몸값을 마련하고 혁권은 이를 간파해 직접 만나려 한다","김인철은 박형윤에게서 빼앗은 10%를 더해 태일산업 지분 총 26%를 확보한다.","혁권이 문명균에게 박형윤의 감기가 아니라 신변에 문제가 생긴 것 아니냐고 정곡을 찌른다","납치범 차민성이 박형윤의 목숨값으로 현금 100억 원을 요구하고 생존 사진과 계좌 비밀번호를 보내며으로 다음 선택에 쓸 구체적 정보나 자원을 얻는다.","관계","문명균·차민성·박창재·박형윤·혁권·하킴의 처지와 관계 상태가 이번 사건 결과만큼 비가역적으로 이동한다.","혁권이 문명균에게 박형윤의 감기가 아니라 신변에 문제가 생긴 것 아니냐고 정곡을 찌른다","납치범 차민성이 박형윤의 목숨값으로 현금 100억 원을 요구하고 생존 사진과 계좌 비밀번호를 보내며의 즉시 결과가 확정된다.","혁권이 문명균에게 박형윤의 감기가 아니라 신변에 문제가 생긴 것 아니냐고 정곡을 찌른다","GA-C35","0.91"
"889","대망 889화","","122703","122856","혁권이 문명균에게 박형윤의 감기가 아니라 신변에 문제가 생긴 것 아니냐고 정곡을 찌른다 뒤 혁권·문명균·김귀근·박형윤·차민성·하킴/강남 호텔·대국은행 본점·난지 노을공원에서 새 대응이 시작된다.","혁권·문명균·김귀근·박형윤·차민성·하킴가 혁권은 구출 지원의 대가로 선 캐피탈의 의결권 저지와 김성균 지지를 약속받고, 문명균은 대국은행에서 5만 원권 현금 100억 원을 실은 탑차를 마련해 박형윤의 생존을 확인한 뒤 거래 장소로 향한다의 결과를 만든다.","혁권은 박형윤 지분 10% 강탈과 김인철 소환 국면에서 주도권과 실익을 확보하려 한다.","혁권은 구출 지원의 대가로 선 캐피탈의 의결권 저지와 김성균 지지를 약속받고, 문명균은 대국은행에서 5만 원권 현금 100억 원을 실은 탑차를 마련해 박형윤의 생존을 확인한 뒤 거래 장소로 향한다","김인철은 박형윤에게서 빼앗은 10%를 더해 태일산업 지분 총 26%를 확보한다.","거래 장소로 향한다","혁권은 구출 지원의 대가로 선 캐피탈의 의결권 저지와 김성균 지지를 약속받고으로 다음 선택에 쓸 구체적 정보나 자원을 얻는다.","관계","혁권·문명균·김귀근·박형윤·차민성·하킴의 처지와 관계 상태가 이번 사건 결과만큼 비가역적으로 이동한다.","노을공원 주차장에서 차민성과 박창재가 권총·산탄총 일곱 자루로 거래 준비를 마친다","혁권은 구출 지원의 대가로 선 캐피탈의 의결권 저지와 김성균 지지를 약속받고의 즉시 결과가 확정된다.","노을공원 주차장에서 차민성과 박창재가 권총·산탄총 일곱 자루로 거래 준비를 마친다","GA-C35","0.91"
"890","대망 890화","","122857","123002","노을공원 주차장에서 차민성과 박창재가 권총·산탄총 일곱 자루로 거래 준비를 마친다 뒤 차민성·박창재·문명균·김귀근·박형윤·김선호/난지 노을공원 주차장·하늘공원 언덕에서 새 대응이 시작된다.","차민성·박창재·문명균·김귀근·박형윤·김선호가 문명균이 현금 100억 원과 탑차 열쇠를 넘겨 박형윤을 되찾지만 차민성이 일행까지 살해하려 총을 겨누고, 매복한 김선호가 L96A1 저격총으로 세 명을 비살상 제압한다의 결과를 만든다.","차민성은 박형윤 지분 10% 강탈과 김인철 소환 국면에서 주도권과 실익을 확보하려 한다.","문명균이 현금 100억 원과 탑차 열쇠를 넘겨 박형윤을 되찾지만 차민성이 일행까지 살해하려 총을 겨누고, 매복한 김선호가 L96A1 저격총으로 세 명을 비살상 제압한다","김인철은 박형윤에게서 빼앗은 10%를 더해 태일산업 지분 총 26%를 확보한다.","차민성이 일행까지 살해하려 총을 겨누고, 매복한 김선호가 L96A1 저격총으로 세 명을 비살상 제압한다","문명균이 현금 100억 원과 탑차 열쇠를 넘겨 박형윤을 되찾지만 차민성이 일행까지 살해하려 총을 겨누고으로 다음 선택에 쓸 구체적 정보나 자원을 얻는다.","관계","차민성·박창재·문명균·김귀근·박형윤·김선호의 처지와 관계 상태가 이번 사건 결과만큼 비가역적으로 이동한다.","김선호가 혁권의 도착 전까지 납치범들의 도주를 막으려고 연속 사격한다","문명균이 현금 100억 원과 탑차 열쇠를 넘겨 박형윤을 되찾지만 차민성이 일행까지 살해하려 총을 겨누고의 즉시 결과가 확정된다.","김선호가 혁권의 도착 전까지 납치범들의 도주를 막으려고 연속 사격한다","GA-C35","0.91"
"891","대망 891화","","123003","123126","김선호가 혁권의 도착 전까지 납치범들의 도주를 막으려고 연속 사격한다 뒤 혁권·하킴·문명균·차민성·심인성·김인철/난지 노을공원·태일그룹 부회장실에서 새 대응이 시작된다.","혁권·하킴·문명균·차민성·심인성·김인철가 혁권 일행이 HK416과 저격 지원으로 차민성 일당을 항복시키고 박형윤을 병원으로 보내며, 현금 100억 원을 사건 은폐 대가인 국정원 비밀 공작금으로 넘기고 차민성을 김인철까지 엮을 증인으로 확보한다의 결과를 만든다.","혁권은 박형윤 지분 10% 강탈과 김인철 소환 국면에서 주도권과 실익을 확보하려 한다.","혁권 일행이 HK416과 저격 지원으로 차민성 일당을 항복시키고 박형윤을 병원으로 보내며, 현금 100억 원을 사건 은폐 대가인 국정원 비밀 공작금으로 넘기고 차민성을 김인철까지 엮을 증인으로 확보한다","김인철은 박형윤에게서 빼앗은 10%를 더해 태일산업 지분 총 26%를 확보한다.","다음 날 김인철은 무단결근한 차민성에게 당장 나오라고 연락하라며 분노한다","혁권 일행이 HK416과 저격 지원으로 차민성 일당을 항복시키고 박형윤을 병원으로 보내며으로 다음 선택에 쓸 구체적 정보나 자원을 얻는다.","관계","혁권·하킴·문명균·차민성·심인성·김인철의 처지와 관계 상태가 이번 사건 결과만큼 비가역적으로 이동한다.","다음 날 김인철은 무단결근한 차민성에게 당장 나오라고 연락하라며 분노한다","혁권 일행이 HK416과 저격 지원으로 차민성 일당을 항복시키고 박형윤을 병원으로 보내며의 즉시 결과가 확정된다.","다음 날 김인철은 무단결근한 차민성에게 당장 나오라고 연락하라며 분노한다","GA-C35","0.91"
"892","대망 892화","","123127","123268","다음 날 김인철은 무단결근한 차민성에게 당장 나오라고 연락하라며 분노한다 뒤 김인철·전병주·차민성·김광범·혁권·하킴/태일그룹 본사·상하이 푸둥공항·혁권 서재에서 새 대응이 시작된다.","김인철·전병주·차민성·김광범·혁권·하킴가 차민성이 박형윤 납치·지분 갈취를 김인철의 지시라고 자백하자 김인철은 구속을 피해 비밀 장부와 비자금 500억 원을 챙겨 전용기로 상하이에 도주하고, 검찰은 긴급체포에 실패한다의 결과를 만든다.","김인철은 박형윤 지분 10% 강탈과 김인철 소환 국면에서 주도권과 실익을 확보하려 한다.","차민성이 박형윤 납치·지분 갈취를 김인철의 지시라고 자백하자 김인철은 구속을 피해 비밀 장부와 비자금 500억 원을 챙겨 전용기로 상하이에 도주하고, 검찰은 긴급체포에 실패한다","김인철은 박형윤에게서 빼앗은 10%를 더해 태일산업 지분 총 26%를 확보한다.","도주 소식을 들은 혁권이 검찰이 김인철을 일부러 놓아준 것 아니냐고 의심한다","차민성이 박형윤 납치·지분 갈취를 김인철의 지시라고 자백하자 김인철은 구속을 피해 비밀 장부와 비자금 500억 원을 챙겨 전용기로 상하이에 도주하고으로 다음 선택에 쓸 구체적 정보나 자원을 얻는다.","관계","김인철·전병주·차민성·김광범·혁권·하킴의 처지와 관계 상태가 이번 사건 결과만큼 비가역적으로 이동한다.","도주 소식을 들은 혁권이 검찰이 김인철을 일부러 놓아준 것 아니냐고 의심한다","차민성이 박형윤 납치·지분 갈취를 김인철의 지시라고 자백하자 김인철은 구속을 피해 비밀 장부와 비자금 500억 원을 챙겨 전용기로 상하이에 도주하고의 즉시 결과가 확정된다.","도주 소식을 들은 혁권이 검찰이 김인철을 일부러 놓아준 것 아니냐고 의심한다","GA-C35","0.91"
"893","대망 893화","","123269","123392","도주 소식을 들은 혁권이 검찰이 김인철을 일부러 놓아준 것 아니냐고 의심한다 뒤 혁권·하킴·백수광·김인철·로페즈·김성균/혁권 서재·중국·필리핀 마닐라에서 새 대응이 시작된다.","혁권·하킴·백수광·김인철·로페즈·김성균가 혁권은 백수광에게 중국 도피 중인 김인철의 체포를 청탁하지만 김인철은 가짜 여권으로 필리핀에 잠적하고, 보름 뒤 김성균의 태일그룹 회장 선출 기사를 본 김인철은 은신처를 때려 부수며 발광한다의 결과를 만든다.","혁권은 박형윤 지분 10% 강탈과 김인철 소환 국면에서 주도권과 실익을 확보하려 한다.","혁권은 백수광에게 중국 도피 중인 김인철의 체포를 청탁하지만 김인철은 가짜 여권으로 필리핀에 잠적하고, 보름 뒤 김성균의 태일그룹 회장 선출 기사를 본 김인철은 은신처를 때려 부수며 발광한다","김인철은 박형윤에게서 빼앗은 10%를 더해 태일산업 지분 총 26%를 확보한다.","김인철은 가짜 여권으로 필리핀에 잠적하고, 보름 뒤 김성균의 태일그룹 회장 선출 기사를 본 김인철은 은신처를 때려 부수며 발광한다","지분을 늘렸음에도 김인철은 검찰 소환으로 궁지에 몰리고 김성균은 이를 경영권 탈환과 재판에 이용한다.","지위","혁권·하킴·백수광·김인철·로페즈·김성균의 처지와 지위 상태가 이번 사건 결과만큼 비가역적으로 이동한다.","경호원 로페즈가 인터폴의 새 지명수배자 명단에 김인철이 포함됐다고 알린다","혁권은 백수광에게 중국 도피 중인 김인철의 체포를 청탁하지만 김인철은 가짜 여권으로 필리핀에 잠적하고의 즉시 결과가 확정된다.","경호원 로페즈가 인터폴의 새 지명수배자 명단에 김인철이 포함됐다고 알린다","GA-C35","0.91"
"894","대망 894화","조율","123393","123516","경호원 로페즈가 인터폴의 새 지명수배자 명단에 김인철이 포함됐다고 알린다 뒤 김인철·로페즈·혁권·지석영·김성균·김종원/필리핀 마닐라·클라크 필드·서울·김포공항에서 새 대응이 시작된다.","김인철·로페즈·혁권·지석영·김성균·김종원가 현상금 460만 페소가 걸린 김인철은 로페즈에게 8만 달러를 주어 클라크 필드 은신처를 구하게 하고, 김성균이 새 오너가 된 뒤 혁권은 차민성 일당 기소와 김인철 기소 중지 소식을 들으며 사우디 정밀유도폭탄 계약을 위해 신형 글로벌 6000 전용기에 오른다의 결과를 만든다.","김인철은 김인철 필리핀 은신과 글로벌 6000 국면에서 주도권과 실익을 확보하려 한다.","현상금 460만 페소가 걸린 김인철은 로페즈에게 8만 달러를 주어 클라크 필드 은신처를 구하게 하고, 김성균이 새 오너가 된 뒤 혁권은 차민성 일당 기소와 김인철 기소 중지 소식을 들으며 사우디 정밀유도폭탄 계약을 위해 신형 글로벌 6000 전용기에 오른다","한국에서는 차민성 일당이 기소되고 김인철은 도피 탓에 기소 중지 상태가 된다. 여기에 기내 방송으로 곧 이륙 준비를 시작한다는 안내가 나온다라는 새 불확실성도 겹친다.","혁권은 차민성 일당 기소와 김인철 기소 중지 소식을 들으며 사우디 정밀유도폭탄 계약을 위해 신형 글로벌 6000 전용기에 오른다","현상금 460만 페소가 걸린 김인철은 로페즈에게 8만 달러를 주어 클라크 필드 은신처를 구하게 하고으로 다음 선택에 쓸 구체적 정보나 자원을 얻는다.","관계","김인철·로페즈·혁권·지석영·김성균·김종원의 처지와 관계 상태가 이번 사건 결과만큼 비가역적으로 이동한다.","기내 방송으로 곧 이륙 준비를 시작한다는 안내가 나온다","현상금 460만 페소가 걸린 김인철은 로페즈에게 8만 달러를 주어 클라크 필드 은신처를 구하게 하고의 즉시 결과가 확정된다.","기내 방송으로 곧 이륙 준비를 시작한다는 안내가 나온다","GA-C36","0.91"
"895","대망 895화","","123517","123631","기내 방송으로 곧 이륙 준비를 시작한다는 안내가 나온다 뒤 [#조율] 혁권·함단/리야드 호텔·사우디 왕궁에서 새 대응이 시작된다.","[#조율] 혁권·함단가 혁권은 KGGB 600발을 1억 8천만 달러에 공급하는 계약의 수익 구조를 확인하고, 빈 살만 왕세자로부터 지상전 참여를 거부하는 아랍에미리트를 설득해 달라는 요청을 받지만 거절한다의 결과를 만든다.","[#조율] 혁권은 김인철 필리핀 은신과 글로벌 6000 국면에서 주도권과 실익을 확보하려 한다.","혁권은 KGGB 600발을 1억 8천만 달러에 공급하는 계약의 수익 구조를 확인하고, 빈 살만 왕세자로부터 지상전 참여를 거부하는 아랍에미리트를 설득해 달라는 요청을 받지만 거절한다","한국에서는 차민성 일당이 기소되고 김인철은 도피 탓에 기소 중지 상태가 된다.","거절한다","혁권은 KGGB 600발을 1억 8천만 달러에 공급하는 계약의 수익 구조를 확인하고으로 다음 선택에 쓸 구체적 정보나 자원을 얻는다.","지위","[#조율] 혁권·함단의 처지와 지위 상태가 이번 사건 결과만큼 비가역적으로 이동한다.","빈 살만이 비전 2030 관련 서류를 선물로 내밀자 혁권이 내용을 보고 경악한다","혁권은 KGGB 600발을 1억 8천만 달러에 공급하는 계약의 수익 구조를 확인하고의 즉시 결과가 확정된다.","빈 살만이 비전 2030 관련 서류를 선물로 내밀자 혁권이 내용을 보고 경악한다","GA-C36","0.91"
"896","대망 896화","","123632","123738","빈 살만이 비전 2030 관련 서류를 선물로 내밀자 혁권이 내용을 보고 경악한다 뒤 혁권·빈 살만·함단/리야드 왕궁·아부다비행 전용기·루브르 아부다비에서 새 대응이 시작된다.","혁권·빈 살만·함단가 빈 살만은 전차 1천 대·110억 달러 규모의 신형 전차 도입 중개권을 대가로 제시하고 남부 저항군의 제한적 자치까지 양보하자, 혁권은 임무를 수락하고 KGGB 추가 계약을 체결한 뒤 아부다비로 간다의 결과를 만든다.","혁권은 김인철 필리핀 은신과 글로벌 6000 국면에서 주도권과 실익을 확보하려 한다.","빈 살만은 전차 1천 대·110억 달러 규모의 신형 전차 도입 중개권을 대가로 제시하고 남부 저항군의 제한적 자치까지 양보하자, 혁권은 임무를 수락하고 KGGB 추가 계약을 체결한 뒤 아부다비로 간다","한국에서는 차민성 일당이 기소되고 김인철은 도피 탓에 기소 중지 상태가 된다.","아부다비로 간다","빈 살만은 전차 1천 대·110억 달러 규모의 신형 전차 도입 중개권을 대가로 제시하고 남부 저항군의 제한적 자치까지 양보하자으로 다음 선택에 쓸 구체적 정보나 자원을 얻는다.","관계","혁권·빈 살만·함단의 처지와 관계 상태가 이번 사건 결과만큼 비가역적으로 이동한다.","루브르 아부다비에서 만수르 회장이 혁권에게 자신의 꿈이 무엇인지 묻는다","빈 살만은 전차 1천 대·110억 달러 규모의 신형 전차 도입 중개권을 대가로 제시하고 남부 저항군의 제한적 자치까지 양보하자의 즉시 결과가 확정된다.","루브르 아부다비에서 만수르 회장이 혁권에게 자신의 꿈이 무엇인지 묻는다","GA-C36","0.91"
"897","대망 897화","","123739","123861","루브르 아부다비에서 만수르 회장이 혁권에게 자신의 꿈이 무엇인지 묻는다 뒤 혁권·만수르·자이드·함단/루브르 아부다비·아부다비 왕궁 정원에서 새 대응이 시작된다.","혁권·만수르·자이드·함단가 혁권은 남부 저항군 자치안을 내세워 만수르에게 자이드 국왕과의 면담을 얻고, 카타르가 앞선 유엔 비상임이사국 선거를 두 번째 협상 카드로 준비하지만 자이드는 이미 자치 중인 남부 저항군에는 실익이 없다며 제안을 거절한다의 결과를 만든다.","혁권은 김인철 필리핀 은신과 글로벌 6000 국면에서 주도권과 실익을 확보하려 한다.","혁권은 남부 저항군 자치안을 내세워 만수르에게 자이드 국왕과의 면담을 얻고, 카타르가 앞선 유엔 비상임이사국 선거를 두 번째 협상 카드로 준비하지만 자이드는 이미 자치 중인 남부 저항군에는 실익이 없다며 제안을 거절한다","한국에서는 차민성 일당이 기소되고 김인철은 도피 탓에 기소 중지 상태가 된다.","자이드는 이미 자치 중인 남부 저항군에는 실익이 없다며 제안을 거절한다","혁권은 남부 저항군 자치안을 내세워 만수르에게 자이드 국왕과의 면담을 얻고으로 다음 선택에 쓸 구체적 정보나 자원을 얻는다.","세계","혁권·만수르·자이드·함단의 처지와 세계 상태가 이번 사건 결과만큼 비가역적으로 이동한다.","혁권이 후티 반군 토벌 뒤 예멘 정부군과 아랍 동맹군의 칼날이 어디로 향하겠느냐고 자이드를 압박한다","혁권은 남부 저항군 자치안을 내세워 만수르에게 자이드 국왕과의 면담을 얻고의 즉시 결과가 확정된다.","혁권이 후티 반군 토벌 뒤 예멘 정부군과 아랍 동맹군의 칼날이 어디로 향하겠느냐고 자이드를 압박한다","GA-C36","0.91"
"898","대망 898화","","123862","123982","혁권이 후티 반군 토벌 뒤 예멘 정부군과 아랍 동맹군의 칼날이 어디로 향하겠느냐고 자이드를 압박한다 뒤 혁권·자이드·만수르·바삼·아심/아부다비 왕궁·호텔에서 새 대응이 시작된다.","혁권·자이드·만수르·바삼·아심가 혁권은 사우디의 유엔 비상임이사국 선거 지지와 남부 저항군의 세력 확대를 제시해 자이드에게 지상전 참여 약속을 받아내지만, NRF의 박격포 공격으로 알 알라비 중장이 폭사하고 아랍에미리트가 보복 공습을 결정하면서 합의가 철회된다의 결과를 만든다.","혁권은 김인철 필리핀 은신과 글로벌 6000 국면에서 주도권과 실익을 확보하려 한다.","혁권은 사우디의 유엔 비상임이사국 선거 지지와 남부 저항군의 세력 확대를 제시해 자이드에게 지상전 참여 약속을 받아내지만, NRF의 박격포 공격으로 알 알라비 중장이 폭사하고 아랍에미리트가 보복 공습을 결정하면서 합의가 철회된다","한국에서는 차민성 일당이 기소되고 김인철은 도피 탓에 기소 중지 상태가 된다.",", NRF의 박격포 공격으로 알 알라비 중장이 폭사하고 아랍에미리트가 보복 공습을 결정하면서 합의가 철회된다","혁권은 사우디의 유엔 비상임이사국 선거 지지와 남부 저항군의 세력 확대를 제시해 자이드에게 지상전 참여 약속을 받아내지만으로 다음 선택에 쓸 구체적 정보나 자원을 얻는다.","세계","혁권·자이드·만수르·바삼·아심의 처지와 세계 상태가 이번 사건 결과만큼 비가역적으로 이동한다.","혁권은 “이대로 끝낼 수는 없지”라며 하킴에게 함단을 즉시 부르라고 명령한다","혁권은 사우디의 유엔 비상임이사국 선거 지지와 남부 저항군의 세력 확대를 제시해 자이드에게 지상전 참여 약속을 받아내지만의 즉시 결과가 확정된다.","혁권은 “이대로 끝낼 수는 없지”라며 하킴에게 함단을 즉시 부르라고 명령한다","GA-C36","0.91"
"899","대망 899화","","123983","124111","혁권은 “이대로 끝낼 수는 없지”라며 하킴에게 함단을 즉시 부르라고 명령한다 뒤 혁권·함단·만수르·타리크 살레/아부다비 호텔·예멘 알무카·리야드행에서 새 대응이 시작된다.","혁권·함단·만수르·타리크 살레가 아랍에미리트 F-16 12대가 NRF를 공습해 200명 넘는 사상자를 내고 사흘째 공격하던 중 유엔 구호품 창고를 오폭하자 공습이 중단되며, 만수르는 타리크 살레를 넘기면 지상전 합의를 되살리겠다고 제안한다의 결과를 만든다.","혁권은 김인철 필리핀 은신과 글로벌 6000 국면에서 주도권과 실익을 확보하려 한다.","아랍에미리트 F-16 12대가 NRF를 공습해 200명 넘는 사상자를 내고 사흘째 공격하던 중 유엔 구호품 창고를 오폭하자 공습이 중단되며, 만수르는 타리크 살레를 넘기면 지상전 합의를 되살리겠다고 제안한다","한국에서는 차민성 일당이 기소되고 김인철은 도피 탓에 기소 중지 상태가 된다.","혁권은 리야드 왕세자궁에 도착해 빈 살만과 측근들 앞에 선다","아랍에미리트 F-16 12대가 NRF를 공습해 200명 넘는 사상자를 내고 사흘째 공격하던 중 유엔 구호품 창고를 오폭하자 공습이 중단되며으로 다음 선택에 쓸 구체적 정보나 자원을 얻는다.","세계","혁권·함단·만수르·타리크 살레의 처지와 세계 상태가 이번 사건 결과만큼 비가역적으로 이동한다.","혁권은 리야드 왕세자궁에 도착해 빈 살만과 측근들 앞에 선다","아랍에미리트 F-16 12대가 NRF를 공습해 200명 넘는 사상자를 내고 사흘째 공격하던 중 유엔 구호품 창고를 오폭하자 공습이 중단되며의 즉시 결과가 확정된다.","혁권은 리야드 왕세자궁에 도착해 빈 살만과 측근들 앞에 선다","GA-C36","0.91"
"900","대망 900화","","124112","124246","혁권은 리야드 왕세자궁에 도착해 빈 살만과 측근들 앞에 선다 뒤 혁권·빈 살만·알무바라키·함단·태영준/리야드 왕세자궁·킹 살만 공군기지에서 새 대응이 시작된다.","혁권·빈 살만·알무바라키·함단·태영준가 혁권은 타리크를 제거하고 알바티를 수장으로 세워 NRF를 장악하자는 논리로 빈 살만의 승인을 얻지만 직접 타리크를 생포하라는 조건을 떠안고, 태영준 팀과 무표식 CH-47 두 대를 소집한다의 결과를 만든다.","혁권은 김인철 필리핀 은신과 글로벌 6000 국면에서 주도권과 실익을 확보하려 한다.","혁권은 타리크를 제거하고 알바티를 수장으로 세워 NRF를 장악하자는 논리로 빈 살만의 승인을 얻지만 직접 타리크를 생포하라는 조건을 떠안고, 태영준 팀과 무표식 CH-47 두 대를 소집한다","한국에서는 차민성 일당이 기소되고 김인철은 도피 탓에 기소 중지 상태가 된다.","직접 타리크를 생포하라는 조건을 떠안고, 태영준 팀과 무표식 CH-47 두 대를 소집한다","혁권은 타리크를 제거하고 알바티를 수장으로 세워 NRF를 장악하자는 논리로 빈 살만의 승인을 얻지만 직접 타리크를 생포하라는 조건을 떠안고으로 다음 선택에 쓸 구체적 정보나 자원을 얻는다.","세계","혁권·빈 살만·알무바라키·함단·태영준의 처지와 세계 상태가 이번 사건 결과만큼 비가역적으로 이동한다.","시에라리온에서 날아온 태영준이 골치 아픈 일은 자기 팀의 전문이라며 작전 성공을 자신한다","혁권은 타리크를 제거하고 알바티를 수장으로 세워 NRF를 장악하자는 논리로 빈 살만의 승인을 얻지만 직접 타리크를 생포하라는 조건을 떠안고의 즉시 결과가 확정된다.","시에라리온에서 날아온 태영준이 골치 아픈 일은 자기 팀의 전문이라며 작전 성공을 자신한다","GA-C36","0.91"
"901","대망 901화","","124247","124363","시에라리온에서 날아온 태영준이 골치 아픈 일은 자기 팀의 전문이라며 작전 성공을 자신한다 뒤 혁권·태영준·김선호·하킴·경비대/킹 살만 공군기지 격납고에서 새 대응이 시작된다.","혁권·태영준·김선호·하킴·경비대가 혁권은 NRF 점령지에 침투해 외부로 유인한 타리크를 생포하고 목격자는 남기지 않는 작전을 브리핑의 결과를 만든다.","혁권은 김인철 필리핀 은신과 글로벌 6000 국면에서 주도권과 실익을 확보하려 한다.","혁권은 NRF 점령지에 침투해 외부로 유인한 타리크를 생포하고 목격자는 남기지 않는 작전을 브리핑하며 팀원당 5만 달러 보너스를 약속하고, 탄약 348발과 전투 장비를 챙겨 치누크에 탑승한다","한국에서는 차민성 일당이 기소되고 김인철은 도피 탓에 기소 중지 상태가 된다.","승무원이 안전벨트를 외치고 후방 램프가 닫히며 타리크 생포 작전이 출발한다","혁권은 태일가 수사 상황을 보고받은 뒤 사우디 정밀유도폭탄 계약을 위해 신형 글로벌 6000에 오른다.","돈","혁권·태영준·김선호·하킴·경비대의 처지와 돈 상태가 이번 사건 결과만큼 비가역적으로 이동한다.","승무원이 안전벨트를 외치고 후방 램프가 닫히며 타리크 생포 작전이 출발한다","혁권은 NRF 점령지에 침투해 외부로 유인한 타리크를 생포하고 목격자는 남기지 않는 작전을 브리핑하며 팀원당 5만 달러 보너스를 약속하고의 즉시 결과가 확정된다.","승무원이 안전벨트를 외치고 후방 램프가 닫히며 타리크 생포 작전이 출발한다","GA-C36","0.91"
"902","대망 902화","빅딜Big Deal","124364","124489","승무원이 안전벨트를 외치고 후방 램프가 닫히며 타리크 생포 작전이 출발한다 뒤 혁권·태영준·하킴·박원중·최태경/사우디 중간 급유지·예멘 NRF 점령지 인근 사막에서 새 대응이 시작된다.","혁권·태영준·하킴·박원중·최태경가 타리크가 약속을 오후로 미뤘다는 전문에도 혁권은 작전을 강행하고, 국경을 은밀히 넘은 뒤 좌표 15.0022·48.9518에 강하해 치누크를 철수시키고 삼각 대형으로 언덕의 매복 지점까지 이동한다의 결과를 만든다.","혁권은 예멘 좌표 15.0022·48.9518 매복 국면에서 주도권과 실익을 확보하려 한다.","타리크가 약속을 오후로 미뤘다는 전문에도 혁권은 작전을 강행하고, 국경을 은밀히 넘은 뒤 좌표 15.0022·48.9518에 강하해 치누크를 철수시키고 삼각 대형으로 언덕의 매복 지점까지 이동한다","일행은 국경을 은밀히 넘고 좌표 15.0022·48.9518에 강하해 적지에 고립된다. 여기에 혁권 일행은 해 뜨기 전 매복을 마치기 위해 30분 만에 목표 언덕에 도착한다라는 새 불확실성도 겹친다.","좌표 15.0022·48.9518에 강하해 치누크를 철수시키고 삼각 대형으로 언덕의 매복 지점까지 이동한다","타리크가 약속을 오후로 미뤘다는 전문에도 혁권은 작전을 강행하고으로 다음 선택에 쓸 구체적 정보나 자원을 얻는다.","관계","혁권·태영준·하킴·박원중·최태경의 처지와 관계 상태가 이번 사건 결과만큼 비가역적으로 이동한다.","혁권 일행은 해 뜨기 전 매복을 마치기 위해 30분 만에 목표 언덕에 도착한다","타리크가 약속을 오후로 미뤘다는 전문에도 혁권은 작전을 강행하고의 즉시 결과가 확정된다.","혁권 일행은 해 뜨기 전 매복을 마치기 위해 30분 만에 목표 언덕에 도착한다","GA-C37","0.91"
"903","대망 903화","","124490","124632","혁권 일행은 해 뜨기 전 매복을 마치기 위해 30분 만에 목표 언덕에 도착한다 뒤 [#빅딜Big Deal] 혁권·태영준·하킴·백성균·김선호/예멘 사막 도로 매복지에서 새 대응이 시작된다.","[#빅딜Big Deal] 혁권·태영준·하킴·백성균·김선호가 혁권 팀은 도로 앞뒤에 IED를 묻고 예정보다 일찍 나타난 차량대를 공격, RPG-7과 기관총·저격으로 호위대를 궤멸시키며 타리크가 탄 세 번째 랜드로버를 특정한다의 결과를 만든다.","[#빅딜Big Deal] 혁권은 예멘 좌표 15.0022·48.9518 매복 국면에서 주도권과 실익을 확보하려 한다.","혁권 팀은 도로 앞뒤에 IED를 묻고 예정보다 일찍 나타난 차량대를 공격, RPG-7과 기관총·저격으로 호위대를 궤멸시키며 타리크가 탄 세 번째 랜드로버를 특정한다","일행은 국경을 은밀히 넘고 좌표 15.0022·48.9518에 강하해 적지에 고립된다.","타리크가 랜드로버로 포위망을 탈출하려 한다","혁권 팀은 도로 앞뒤에 IED를 묻고 예정보다 일찍 나타난 차량대를 공격으로 다음 선택에 쓸 구체적 정보나 자원을 얻는다.","세계","[#빅딜Big Deal] 혁권·태영준·하킴·백성균·김선호의 처지와 세계 상태가 이번 사건 결과만큼 비가역적으로 이동한다.","타리크가 랜드로버로 포위망을 탈출하려 한다","혁권 팀은 도로 앞뒤에 IED를 묻고 예정보다 일찍 나타난 차량대를 공격의 즉시 결과가 확정된다.","타리크가 랜드로버로 포위망을 탈출하려 한다","GA-C37","0.91"
"904","대망 904화","","124633","124758","타리크가 랜드로버로 포위망을 탈출하려 한다 뒤 혁권·김선호·태영준·타리크·만수르/예멘 매복지·치누크·아부다비 군사기지에서 새 대응이 시작된다.","혁권·김선호·태영준·타리크·만수르가 김선호가 랜드로버 엔진을 저격해 멈추고 혁권 팀이 잔적을 사살한 뒤 타리크를 생포·후송하자 만수르는 사우디의 지상전 제안을 수락하겠다고 약속한다의 결과를 만든다.","혁권은 예멘 좌표 15.0022·48.9518 매복 국면에서 주도권과 실익을 확보하려 한다.","김선호가 랜드로버 엔진을 저격해 멈추고 혁권 팀이 잔적을 사살한 뒤 타리크를 생포·후송하자 만수르는 사우디의 지상전 제안을 수락하겠다고 약속한다","일행은 국경을 은밀히 넘고 좌표 15.0022·48.9518에 강하해 적지에 고립된다.","타리크를 생포·후송하자 만수르는 사우디의 지상전 제안을 수락하겠다고 약속한다","김선호가 랜드로버 엔진을 저격해 멈추고 혁권 팀이 잔적을 사살한 뒤 타리크를 생포·후송하자 만수르는 사우디의 지상전 제안을 수락하겠다고 약속한다으로 다음 선택에 쓸 구체적 정보나 자원을 얻는다.","세계","혁권·김선호·태영준·타리크·만수르의 처지와 세계 상태가 이번 사건 결과만큼 비가역적으로 이동한다.","만수르가 자이드 국왕이 혁권에게 아주 큰 선물을 줄지도 모른다고 귀띔한다","김선호가 랜드로버 엔진을 저격해 멈추고 혁권 팀이 잔적을 사살한 뒤 타리크를 생포·후송하자 만수르는 사우디의 지상전 제안을 수락하겠다고 약속한다의 즉시 결과가 확정된다.","만수르가 자이드 국왕이 혁권에게 아주 큰 선물을 줄지도 모른다고 귀띔한다","GA-C37","0.91"
"905","대망 905화","","124759","124875","만수르가 자이드 국왕이 혁권에게 아주 큰 선물을 줄지도 모른다고 귀띔한다 뒤 혁권·태영준·소현·자이드 국왕·만수르·바삼/아부다비 군사기지·격납고·왕궁에서 새 대응이 시작된다.","혁권·태영준·소현·자이드 국왕·만수르·바삼가 혁권은 타리크를 아부다비 측에 넘기고 팀원들에게 샴페인 파티를 보상한 뒤 소현과 통화의 결과를 만든다.","혁권은 예멘 좌표 15.0022·48.9518 매복 국면에서 주도권과 실익을 확보하려 한다.","혁권은 타리크를 아부다비 측에 넘기고 팀원들에게 샴페인 파티를 보상한 뒤 소현과 통화하며, 사흘 후 자이드 국왕에게서 UAE의 차기 전차 300대 사업도 중개하라는 제안을 받는다","일행은 국경을 은밀히 넘고 좌표 15.0022·48.9518에 강하해 적지에 고립된다.","소현과 통화하며, 사흘 후 자이드 국왕에게서 UAE의 차기 전차 300대 사업도 중개하라는 제안을 받는다","혁권은 타리크를 아부다비 측에 넘기고 팀원들에게 샴페인 파티를 보상한 뒤 소현과 통화하며으로 다음 선택에 쓸 구체적 정보나 자원을 얻는다.","관계","혁권·태영준·소현·자이드 국왕·만수르·바삼의 처지와 관계 상태가 이번 사건 결과만큼 비가역적으로 이동한다.","자이드 국왕이 UAE의 2차 국가개발 첫 육성 업종으로 군수산업을 택했다고 밝힌다","혁권은 타리크를 아부다비 측에 넘기고 팀원들에게 샴페인 파티를 보상한 뒤 소현과 통화하며의 즉시 결과가 확정된다.","자이드 국왕이 UAE의 2차 국가개발 첫 육성 업종으로 군수산업을 택했다고 밝힌다","GA-C37","0.91"
"906","대망 906화","","124876","124990","자이드 국왕이 UAE의 2차 국가개발 첫 육성 업종으로 군수산업을 택했다고 밝힌다 뒤 혁권·자이드 국왕·바삼·빈 살만·린자위·하킴/아부다비 왕궁·리야드 인근 오아시스에서 새 대응이 시작된다.","혁권·자이드 국왕·바삼·빈 살만·린자위·하킴가 자이드 국왕은 사우디와 UAE가 전차 부품을 분담 생산하자고 제안하고 혁권은 이를 받아 빈 살만에게 사업비 절감과 국산화율 향상을 내세워 공동생산을 설득한다의 결과를 만든다.","혁권은 예멘 좌표 15.0022·48.9518 매복 국면에서 주도권과 실익을 확보하려 한다.","자이드 국왕은 사우디와 UAE가 전차 부품을 분담 생산하자고 제안하고 혁권은 이를 받아 빈 살만에게 사업비 절감과 국산화율 향상을 내세워 공동생산을 설득한다","일행은 국경을 은밀히 넘고 좌표 15.0022·48.9518에 강하해 적지에 고립된다.","빈 살만이 UAE의 부품 공급 중단 위험을 지적하자 혁권이 해결책을 자신한다","자이드 국왕은 사우디와 UAE가 전차 부품을 분담 생산하자고 제안하고 혁권은 이를 받아 빈 살만에게 사업비 절감과 국산화율 향상을 내세워 공동생산을 설득한다으로 다음 선택에 쓸 구체적 정보나 자원을 얻는다.","능력","혁권·자이드 국왕·바삼·빈 살만·린자위·하킴의 처지와 능력 상태가 이번 사건 결과만큼 비가역적으로 이동한다.","빈 살만이 UAE의 부품 공급 중단 위험을 지적하자 혁권이 해결책을 자신한다","자이드 국왕은 사우디와 UAE가 전차 부품을 분담 생산하자고 제안하고 혁권은 이를 받아 빈 살만에게 사업비 절감과 국산화율 향상을 내세워 공동생산을 설득한다의 즉시 결과가 확정된다.","빈 살만이 UAE의 부품 공급 중단 위험을 지적하자 혁권이 해결책을 자신한다","GA-C37","0.91"
"907","대망 907화","","124991","125085","빈 살만이 UAE의 부품 공급 중단 위험을 지적하자 혁권이 해결책을 자신한다 뒤 혁권·빈 살만·스텐저·김성균/리야드 오아시스·호텔에서 새 대응이 시작된다.","혁권·빈 살만·스텐저·김성균가 혁권은 설계도면·라이선스 공동소유와 수니파 관계 회복, UAE 경제 종속 가능성을 제시해 빈 살만에게 긍정 검토를 받아내고, 스텐저에게 김성균의 태일산업 지분 6% 매입 제안을 보고받는다의 결과를 만든다.","혁권은 예멘 좌표 15.0022·48.9518 매복 국면에서 주도권과 실익을 확보하려 한다.","혁권은 설계도면·라이선스 공동소유와 수니파 관계 회복, UAE 경제 종속 가능성을 제시해 빈 살만에게 긍정 검토를 받아내고, 스텐저에게 김성균의 태일산업 지분 6% 매입 제안을 보고받는다","일행은 국경을 은밀히 넘고 좌표 15.0022·48.9518에 강하해 적지에 고립된다.","혁권이 거래가 드문 핵심 지분에 시세 대비 프리미엄 20%는 너무 낮다고 판단한다","혁권은 설계도면·라이선스 공동소유와 수니파 관계 회복으로 다음 선택에 쓸 구체적 정보나 자원을 얻는다.","관계","혁권·빈 살만·스텐저·김성균의 처지와 관계 상태가 이번 사건 결과만큼 비가역적으로 이동한다.","혁권이 거래가 드문 핵심 지분에 시세 대비 프리미엄 20%는 너무 낮다고 판단한다","혁권은 설계도면·라이선스 공동소유와 수니파 관계 회복의 즉시 결과가 확정된다.","혁권이 거래가 드문 핵심 지분에 시세 대비 프리미엄 20%는 너무 낮다고 판단한다","GA-C37","0.91"
"908","대망 908화","","125086","125199","혁권이 거래가 드문 핵심 지분에 시세 대비 프리미엄 20%는 너무 낮다고 판단한다 뒤 혁권·스텐저·김성균·오재중·구민재·함단/리야드·태일그룹 본사·킹 살만 공군기지에서 새 대응이 시작된다.","혁권·스텐저·김성균·오재중·구민재·함단가 혁권은 태일산업 6%에 프리미엄 100%를 요구하고 태일정유 10%도 고금리 회사채로 묶어 팔게의 결과를 만든다.","혁권은 예멘 좌표 15.0022·48.9518 매복 국면에서 주도권과 실익을 확보하려 한다.","혁권은 태일산업 6%에 프리미엄 100%를 요구하고 태일정유 10%도 고금리 회사채로 묶어 팔게 하며, 김성균은 계열사 네 곳에 약 7,500억 원을 분산시켜 패키지 매입 협상을 계속하기로 한다","일행은 국경을 은밀히 넘고 좌표 15.0022·48.9518에 강하해 적지에 고립된다.","킹 살만 기지에서 검사관이 도착한 KGGB 유도폭탄의 보관 상태가 아주 좋다고 확인한다","30분 만에 목표 언덕에 도착해 해 뜨기 전 매복 지점을 확보한다.","관계","혁권·스텐저·김성균·오재중·구민재·함단의 처지와 관계 상태가 이번 사건 결과만큼 비가역적으로 이동한다.","킹 살만 기지에서 검사관이 도착한 KGGB 유도폭탄의 보관 상태가 아주 좋다고 확인한다","혁권은 태일산업 6%에 프리미엄 100%를 요구하고 태일정유 10%도 고금리 회사채로 묶어 팔게 하며의 즉시 결과가 확정된다.","킹 살만 기지에서 검사관이 도착한 KGGB 유도폭탄의 보관 상태가 아주 좋다고 확인한다","GA-C37","0.91"
"909","대망 909화","한국 컨소시엄","125200","125330","킹 살만 기지에서 검사관이 도착한 KGGB 유도폭탄의 보관 상태가 아주 좋다고 확인한다 뒤 혁권·함단·만수르·소현/킹 살만 공군기지·한국 헬스장에서 새 대응이 시작된다.","혁권·함단·만수르·소현가 혁권은 KGGB 1차 물량 인수를 마치고 사우디·UAE의 1,300대·150억 달러 차기 전차 합작 확정과 중개권을 확보한 뒤 귀국해 헬스장에서 소현과 재회한다의 결과를 만든다.","혁권은 KGGB 인수와 150억 달러 전차 중개권 국면에서 주도권과 실익을 확보하려 한다.","혁권은 KGGB 1차 물량 인수를 마치고 사우디·UAE의 1,300대·150억 달러 차기 전차 합작 확정과 중개권을 확보한 뒤 귀국해 헬스장에서 소현과 재회한다","사우디와 UAE가 추진하는 차기 전차 1,300대 사업의 합작 구조와 중개권을 확정해야 한다. 여기에 소현에게 추근대던 남자가 혁권의 존재와 위세를 알아보고 기가 죽어 사라진다라는 새 불확실성도 겹친다.","귀국해 헬스장에서 소현과 재회한다","혁권은 KGGB 1차 물량 인수를 마치고 사우디·UAE의 1으로 다음 선택에 쓸 구체적 정보나 자원을 얻는다.","관계","혁권·함단·만수르·소현의 처지와 관계 상태가 이번 사건 결과만큼 비가역적으로 이동한다.","소현에게 추근대던 남자가 혁권의 존재와 위세를 알아보고 기가 죽어 사라진다","혁권은 KGGB 1차 물량 인수를 마치고 사우디·UAE의 1의 즉시 결과가 확정된다.","소현에게 추근대던 남자가 혁권의 존재와 위세를 알아보고 기가 죽어 사라진다","GA-C38","0.91"
"910","대망 910화","","125331","125450","소현에게 추근대던 남자가 혁권의 존재와 위세를 알아보고 기가 죽어 사라진다 뒤 혁권·함단/서울, 김성균·오재중·구민재/태일그룹, 오천구·윤도중/한정식당에서 새 대응이 시작된다.","혁권·함단가 아랍 연합군의 예멘 지상전 재개와 GPS 유도폭탄 수요를 확인한 혁권은 오로라 펀드가 태일산업 지분 6%를 8천억 원에 넘기고 태일정유 지분 10%를 7,500억 원 회사채로 전환하는 최종안을 관철했으며, 윤도중에게 사우디·UAE 차기 전차 사업 지원을 요청받는다의 결과를 만든다.","혁권은 KGGB 인수와 150억 달러 전차 중개권 국면에서 주도권과 실익을 확보하려 한다.","아랍 연합군의 예멘 지상전 재개와 GPS 유도폭탄 수요를 확인한 혁권은 오로라 펀드가 태일산업 지분 6%를 8천억 원에 넘기고 태일정유 지분 10%를 7,500억 원 회사채로 전환하는 최종안을 관철했으며, 윤도중에게 사우디·UAE 차기 전차 사업 지원을 요청받는다","사우디와 UAE가 추진하는 차기 전차 1,300대 사업의 합작 구조와 중개권을 확정해야 한다.","윤도중이 K2 흑표의 150억 달러 차기 전차 프로젝트 참여를 왜 혁권에게 부탁하는지 밝히려 한다","아랍 연합군의 예멘 지상전 재개와 GPS 유도폭탄 수요를 확인한 혁권은 오로라 펀드가 태일산업 지분 6%를 8천억 원에 넘기고 태일정유 지분 10%를 7으로 다음 선택에 쓸 구체적 정보나 자원을 얻는다.","돈","혁권·함단의 처지와 돈 상태가 이번 사건 결과만큼 비가역적으로 이동한다.","윤도중이 K2 흑표의 150억 달러 차기 전차 프로젝트 참여를 왜 혁권에게 부탁하는지 밝히려 한다","아랍 연합군의 예멘 지상전 재개와 GPS 유도폭탄 수요를 확인한 혁권은 오로라 펀드가 태일산업 지분 6%를 8천억 원에 넘기고 태일정유 지분 10%를 7의 즉시 결과가 확정된다.","윤도중이 K2 흑표의 150억 달러 차기 전차 프로젝트 참여를 왜 혁권에게 부탁하는지 밝히려 한다","GA-C38","0.91"
"911","대망 911화","","125451","125577","윤도중이 K2 흑표의 150억 달러 차기 전차 프로젝트 참여를 왜 혁권에게 부탁하는지 밝히려 한다 뒤 혁권·윤도중·오천구/한정식당, 김인철·전병주·로페즈/필리핀 앙헬리스에서 새 대응이 시작된다.","혁권·윤도중·오천구가 혁권은 한국 철도차량의 첫 2천만 달러 제안을 일축한 뒤 성공 보수 1억 달러와 동액의 로비 자금, 왕실 커미션 최소 10억 달러를 요구해 윤도중의 승낙을 받아내고, 김인철은 사격장에서 만난 전병주에게 인터폴 수배와 살인교사 혐의를 듣는다의 결과를 만든다.","혁권은 KGGB 인수와 150억 달러 전차 중개권 국면에서 주도권과 실익을 확보하려 한다.","혁권은 한국 철도차량의 첫 2천만 달러 제안을 일축한 뒤 성공 보수 1억 달러와 동액의 로비 자금, 왕실 커미션 최소 10억 달러를 요구해 윤도중의 승낙을 받아내고, 김인철은 사격장에서 만난 전병주에게 인터폴 수배와 살인교사 혐의를 듣는다","사우디와 UAE가 추진하는 차기 전차 1,300대 사업의 합작 구조와 중개권을 확정해야 한다.","성공 보수 1억 달러와 동액의 로비 자금, 왕실 커미션 최소 10억 달러를 요구해 윤도중의 승낙을 받아내고, 김인철은 사격장에서 만난 전병주에게 인터폴 수배와 살인교사 혐의를 듣는다","혁권은 한국 철도차량의 첫 2천만 달러 제안을 일축한 뒤 성공 보수 1억 달러와 동액의 로비 자금으로 다음 선택에 쓸 구체적 정보나 자원을 얻는다.","관계","혁권·윤도중·오천구의 처지와 관계 상태가 이번 사건 결과만큼 비가역적으로 이동한다.","김인철은 차민성이 자신에게 살인교사 책임을 떠넘겼다는 말에 배신감을 폭발시킨다","혁권은 한국 철도차량의 첫 2천만 달러 제안을 일축한 뒤 성공 보수 1억 달러와 동액의 로비 자금의 즉시 결과가 확정된다.","김인철은 차민성이 자신에게 살인교사 책임을 떠넘겼다는 말에 배신감을 폭발시킨다","GA-C38","0.91"
"912","대망 912화","","125578","125685","김인철은 차민성이 자신에게 살인교사 책임을 떠넘겼다는 말에 배신감을 폭발시킨다 뒤 김인철·전병주·로페즈/앙헬리스, 혁권·윤도중·한국 철도차량 개발진/창원 전차공장에서 새 대응이 시작된다.","김인철·전병주·로페즈가 김인철은 약점을 잡은 전병주에게 오로라 펀드 실소유자 조사를 시키며 50만 달러 상당 비트코인 암호 키와 위성전화를 건네고, 혁권은 사막형 K2의 냉각·방호·IED 취약점과 60톤급 개조 문제를 검증한다의 결과를 만든다.","김인철은 KGGB 인수와 150억 달러 전차 중개권 국면에서 주도권과 실익을 확보하려 한다.","김인철은 약점을 잡은 전병주에게 오로라 펀드 실소유자 조사를 시키며 50만 달러 상당 비트코인 암호 키와 위성전화를 건네고, 혁권은 사막형 K2의 냉각·방호·IED 취약점과 60톤급 개조 문제를 검증한다","사우디와 UAE가 추진하는 차기 전차 1,300대 사업의 합작 구조와 중개권을 확정해야 한다.","윤도중이 알타이 전차용 65톤급 설계 경험과 연구진의 실력을 들어 사막형 K2 개량 성공을 자신한다","김인철은 약점을 잡은 전병주에게 오로라 펀드 실소유자 조사를 시키며 50만 달러 상당 비트코인 암호 키와 위성전화를 건네고으로 다음 선택에 쓸 구체적 정보나 자원을 얻는다.","관계","김인철·전병주·로페즈의 처지와 관계 상태가 이번 사건 결과만큼 비가역적으로 이동한다.","윤도중이 알타이 전차용 65톤급 설계 경험과 연구진의 실력을 들어 사막형 K2 개량 성공을 자신한다","김인철은 약점을 잡은 전병주에게 오로라 펀드 실소유자 조사를 시키며 50만 달러 상당 비트코인 암호 키와 위성전화를 건네고의 즉시 결과가 확정된다.","윤도중이 알타이 전차용 65톤급 설계 경험과 연구진의 실력을 들어 사막형 K2 개량 성공을 자신한다","GA-C38","0.91"
"913","대망 913화","","125686","125783","윤도중이 알타이 전차용 65톤급 설계 경험과 연구진의 실력을 들어 사막형 K2 개량 성공을 자신한다 뒤 혁권·윤도중·김용훈/창원 한국 철도차량 회의실, 빈 살만/리야드 왕세자궁 벙커에서 새 대응이 시작된다.","혁권·윤도중·김용훈가 혁권은 터키 알타이 수준의 기술 이전, 현지 초도 100대 조립생산과 부품 국산화 계획을 검토하고 사우디·UAE 업체와 합작법인을 세우자고 제안해 한국 컨소시엄 결성을 이끌며, 리야드에서 자신이 그 컨소시엄의 대리인이라고 빈 살만에게 알린다의 결과를 만든다.","혁권은 KGGB 인수와 150억 달러 전차 중개권 국면에서 주도권과 실익을 확보하려 한다.","혁권은 터키 알타이 수준의 기술 이전, 현지 초도 100대 조립생산과 부품 국산화 계획을 검토하고 사우디·UAE 업체와 합작법인을 세우자고 제안해 한국 컨소시엄 결성을 이끌며, 리야드에서 자신이 그 컨소시엄의 대리인이라고 빈 살만에게 알린다","사우디와 UAE가 추진하는 차기 전차 1,300대 사업의 합작 구조와 중개권을 확정해야 한다.","빈 살만은 이미 중개를 보장했는데도 혁권이 한국 컨소시엄을 택한 이유를 추궁한다","혁권은 터키 알타이 수준의 기술 이전으로 다음 선택에 쓸 구체적 정보나 자원을 얻는다.","세계","혁권·윤도중·김용훈의 처지와 세계 상태가 이번 사건 결과만큼 비가역적으로 이동한다.","빈 살만은 이미 중개를 보장했는데도 혁권이 한국 컨소시엄을 택한 이유를 추궁한다","혁권은 터키 알타이 수준의 기술 이전의 즉시 결과가 확정된다.","빈 살만은 이미 중개를 보장했는데도 혁권이 한국 컨소시엄을 택한 이유를 추궁한다","GA-C38","0.91"
"914","대망 914화","","125784","125922","빈 살만은 이미 중개를 보장했는데도 혁권이 한국 컨소시엄을 택한 이유를 추궁한다 뒤 혁권·빈 살만/리야드 왕세자궁 벙커, 전병주·이용직/지검 사무실, 혁권·라파엘·로랑/아부다비 에미레이트 팰리스 호텔에서 새 대응이 시작된다.","혁권·빈 살만가 혁권은 K2의 능동방어 체계와 터키급 기술 이전을 내세워 빈 살만에게 공정한 평가를 약속받고, 전병주는 오로라 펀드가 홍콩 로펌 L&S코퍼레이션 및 20억 달러 넘는 태일그룹 투자와 연결됐다는 보고를 받은 뒤 이용직에게 200만 원을 주며 비공식 추적을 지시한다의 결과를 만든다.","혁권은 KGGB 인수와 150억 달러 전차 중개권 국면에서 주도권과 실익을 확보하려 한다.","혁권은 K2의 능동방어 체계와 터키급 기술 이전을 내세워 빈 살만에게 공정한 평가를 약속받고, 전병주는 오로라 펀드가 홍콩 로펌 L&S코퍼레이션 및 20억 달러 넘는 태일그룹 투자와 연결됐다는 보고를 받은 뒤 이용직에게 200만 원을 주며 비공식 추적을 지시한다","사우디와 UAE가 추진하는 차기 전차 1,300대 사업의 합작 구조와 중개권을 확정해야 한다.","이용직에게 200만 원을 주며 비공식 추적을 지시한다","정밀유도폭탄 납품과 대형 전차 사업을 모두 사업 성과로 연결한 혁권은 한국으로 귀국한다.","돈","혁권·빈 살만의 처지와 돈 상태가 이번 사건 결과만큼 비가역적으로 이동한다.","프랑스 지아트의 라파엘이 혁권에게 사우디·UAE 차기 전차 사업 대리인이 되어 달라고 제안한다","혁권은 K2의 능동방어 체계와 터키급 기술 이전을 내세워 빈 살만에게 공정한 평가를 약속받고의 즉시 결과가 확정된다.","프랑스 지아트의 라파엘이 혁권에게 사우디·UAE 차기 전차 사업 대리인이 되어 달라고 제안한다","GA-C38","0.91"
"915","대망 915화","재점화","125923","126068","프랑스 지아트의 라파엘이 혁권에게 사우디·UAE 차기 전차 사업 대리인이 되어 달라고 제안한다 뒤 [#재점화] 혁권·라파엘·하킴/아부다비 호텔, 혁권·소현·지수·도연/미국 마이애미 요트에서 새 대응이 시작된다.","[#재점화] 혁권·라파엘·하킴가 혁권은 총사업비 2%인 3억 달러를 제시한 지아트의 회유를 신의와 한국 컨소시엄의 승리를 이유로 거절하고 함단에게 지아트 감시를 지시한 뒤, 소현 일행과 마이애미에서 휴가와 낚시를 즐긴다의 결과를 만든다.","혁권은 지아트 3억 달러 거절과 마이애미 휴가 국면에서 주도권과 실익을 확보하려 한다.","혁권은 총사업비 2%인 3억 달러를 제시한 지아트의 회유를 신의와 한국 컨소시엄의 승리를 이유로 거절하고 함단에게 지아트 감시를 지시한 뒤, 소현 일행과 마이애미에서 휴가와 낚시를 즐긴다","거액을 받으면 한국 컨소시엄과의 신의를 저버리고 전차 사업의 승패까지 바뀔 수 있다. 여기에 요트 주위에 돌고래 떼가 나타나 지수와 도연이 소현을 다급히 부른다라는 새 불확실성도 겹친다.",", 소현 일행과 마이애미에서 휴가와 낚시를 즐긴다","혁권은 총사업비 2%인 3억 달러를 제시한 지아트의 회유를 신의와 한국 컨소시엄의 승리를 이유로 거절하고 함단에게 지아트 감시를 지시한 뒤으로 다음 선택에 쓸 구체적 정보나 자원을 얻는다.","관계","혁권·라파엘·하킴의 처지와 관계 상태가 이번 사건 결과만큼 비가역적으로 이동한다.","요트 주위에 돌고래 떼가 나타나 지수와 도연이 소현을 다급히 부른다","혁권은 총사업비 2%인 3억 달러를 제시한 지아트의 회유를 신의와 한국 컨소시엄의 승리를 이유로 거절하고 함단에게 지아트 감시를 지시한 뒤의 즉시 결과가 확정된다.","요트 주위에 돌고래 떼가 나타나 지수와 도연이 소현을 다급히 부른다","GA-C39","0.91"
"916","대망 916화","","126069","126197","요트 주위에 돌고래 떼가 나타나 지수와 도연이 소현을 다급히 부른다 뒤 혁권·소현·지수·도연/마이애미 해상, 혁권·샌더슨/하얏트 리젠시 호텔에서 새 대응이 시작된다.","혁권·소현·지수·도연가 혁권은 레드 스네퍼를 낚은 뒤 샌더슨을 만나 CIA가 후세인 준장과 아부카 여단을 비밀 지원하도록 중개해 달라는 의뢰를 수락하고, M270 MLRS 확산탄 50발과 무기 구입비 1억 달러 무기명채권을 받는다의 결과를 만든다.","혁권은 지아트 3억 달러 거절과 마이애미 휴가 국면에서 주도권과 실익을 확보하려 한다.","혁권은 레드 스네퍼를 낚은 뒤 샌더슨을 만나 CIA가 후세인 준장과 아부카 여단을 비밀 지원하도록 중개해 달라는 의뢰를 수락하고, M270 MLRS 확산탄 50발과 무기 구입비 1억 달러 무기명채권을 받는다","거액을 받으면 한국 컨소시엄과의 신의를 저버리고 전차 사업의 승패까지 바뀔 수 있다.","샌더슨을 만나 CIA가 후세인 준장과 아부카 여단을 비밀 지원하도록 중개해 달라는 의뢰를 수락하고, M270 MLRS 확산탄 50발과 무기 구입비 1억 달러 무기명채권을 받는다","혁권은 레드 스네퍼를 낚은 뒤 샌더슨을 만나 CIA가 후세인 준장과 아부카 여단을 비밀 지원하도록 중개해 달라는 의뢰를 수락하고으로 다음 선택에 쓸 구체적 정보나 자원을 얻는다.","돈","혁권·소현·지수·도연의 처지와 돈 상태가 이번 사건 결과만큼 비가역적으로 이동한다.","혁권은 갈라치 창고 무기 목록과 대형 수송선을 준비시켜 후세인 준장 지원 방안을 짜기 시작한다","혁권은 레드 스네퍼를 낚은 뒤 샌더슨을 만나 CIA가 후세인 준장과 아부카 여단을 비밀 지원하도록 중개해 달라는 의뢰를 수락하고의 즉시 결과가 확정된다.","혁권은 갈라치 창고 무기 목록과 대형 수송선을 준비시켜 후세인 준장 지원 방안을 짜기 시작한다","GA-C39","0.91"
"917","대망 917화","","126198","126332","혁권은 갈라치 창고 무기 목록과 대형 수송선을 준비시켜 후세인 준장 지원 방안을 짜기 시작한다 뒤 혁권·소현·지수·도연/한국행 전용기, 혁권·후세인/갈라치·미스라타에서 새 대응이 시작된다.","혁권·소현·지수·도연가 혁권은 갈라치 치장물자 중 즉시 전투 가능한 T-62 전차 10대와 중화기·탄약을 자말에게 선적시키고 미스라타로 먼저 날아가, 평화협상 결렬과 통합정부의 지원 회피를 들은 뒤 후세인 준장과 아부카 여단 사령부에 도착한다의 결과를 만든다.","혁권은 지아트 3억 달러 거절과 마이애미 휴가 국면에서 주도권과 실익을 확보하려 한다.","혁권은 갈라치 치장물자 중 즉시 전투 가능한 T-62 전차 10대와 중화기·탄약을 자말에게 선적시키고 미스라타로 먼저 날아가, 평화협상 결렬과 통합정부의 지원 회피를 들은 뒤 후세인 준장과 아부카 여단 사령부에 도착한다","거액을 받으면 한국 컨소시엄과의 신의를 저버리고 전차 사업의 승패까지 바뀔 수 있다.","후세인 준장과 아부카 여단 사령부에 도착한다","혁권은 갈라치 치장물자 중 즉시 전투 가능한 T-62 전차 10대와 중화기·탄약을 자말에게 선적시키고 미스라타로 먼저 날아가으로 다음 선택에 쓸 구체적 정보나 자원을 얻는다.","돈","혁권·소현·지수·도연의 처지와 돈 상태가 이번 사건 결과만큼 비가역적으로 이동한다.","자밀 의장 측 전투기 한 대가 아부카 여단 사령부로 급강하하며 공습을 시작한다","혁권은 갈라치 치장물자 중 즉시 전투 가능한 T-62 전차 10대와 중화기·탄약을 자말에게 선적시키고 미스라타로 먼저 날아가의 즉시 결과가 확정된다.","자밀 의장 측 전투기 한 대가 아부카 여단 사령부로 급강하하며 공습을 시작한다","GA-C39","0.91"
"918","대망 918화","","126333","126463","자밀 의장 측 전투기 한 대가 아부카 여단 사령부로 급강하하며 공습을 시작한다 뒤 혁권·후세인·하킴/미스라타, 샌더슨·루이스/미국 CIA 사무실, 혁권·이반/간이 활주로에서 새 대응이 시작된다.","혁권·후세인·하킴가 자밀 의장 측 미그-27의 폭격으로 아부카 여단 숙소와 군수창고에 큰 피해가 나고 미티가 국제공항도 공습당하자 혁권은 수송선을 공해에 대기시키며 휴대용 대공미사일을 긴급 공수하고, CIA는 혁명단의 트리폴리 공항 기습 점령과 1천 명 이상 후속부대 진격에 충격을 받는다의 결과를 만든다.","혁권은 지아트 3억 달러 거절과 마이애미 휴가 국면에서 주도권과 실익을 확보하려 한다.","자밀 의장 측 미그-27의 폭격으로 아부카 여단 숙소와 군수창고에 큰 피해가 나고 미티가 국제공항도 공습당하자 혁권은 수송선을 공해에 대기시키며 휴대용 대공미사일을 긴급 공수하고, CIA는 혁명단의 트리폴리 공항 기습 점령과 1천 명 이상 후속부대 진격에 충격을 받는다","거액을 받으면 한국 컨소시엄과의 신의를 저버리고 전차 사업의 승패까지 바뀔 수 있다.","이반이 가져온 나무 상자를 열자 미그-27에 맞설 무기가 모습을 드러내려 한다","자밀 의장 측 미그-27의 폭격으로 아부카 여단 숙소와 군수창고에 큰 피해가 나고 미티가 국제공항도 공습당하자 혁권은 수송선을 공해에 대기시키며 휴대용 대공미사일을 긴급 공수하고으로 다음 선택에 쓸 구체적 정보나 자원을 얻는다.","세계","혁권·후세인·하킴의 처지와 세계 상태가 이번 사건 결과만큼 비가역적으로 이동한다.","이반이 가져온 나무 상자를 열자 미그-27에 맞설 무기가 모습을 드러내려 한다","자밀 의장 측 미그-27의 폭격으로 아부카 여단 숙소와 군수창고에 큰 피해가 나고 미티가 국제공항도 공습당하자 혁권은 수송선을 공해에 대기시키며 휴대용 대공미사일을 긴급 공수하고의 즉시 결과가 확정된다.","이반이 가져온 나무 상자를 열자 미그-27에 맞설 무기가 모습을 드러내려 한다","GA-C39","0.91"
"919","대망 919화","","126464","126584","이반이 가져온 나무 상자를 열자 미그-27에 맞설 무기가 모습을 드러내려 한다 뒤 혁권·이반/미스라타 활주로, 미국 대통령·브랜스테드·러셀·제리/백악관, 혁권·후세인/미스라타 부두에서 새 대응이 시작된다.","혁권·이반가 혁권은 최신형 9K38 이글라 E형 발사기 5대와 미사일 20발을 아부카 여단에 인계하고, 백악관은 통합정부와 자밀 대신 후세인 준장을 제3세력으로 밀어 리비아를 장악시키되 엑슨·셰브런 등 석유회사 자금으로 지원한다는 CIA 계획을 승인한다의 결과를 만든다.","혁권은 지아트 3억 달러 거절과 마이애미 휴가 국면에서 주도권과 실익을 확보하려 한다.","혁권은 최신형 9K38 이글라 E형 발사기 5대와 미사일 20발을 아부카 여단에 인계하고, 백악관은 통합정부와 자밀 대신 후세인 준장을 제3세력으로 밀어 리비아를 장악시키되 엑슨·셰브런 등 석유회사 자금으로 지원한다는 CIA 계획을 승인한다","거액을 받으면 한국 컨소시엄과의 신의를 저버리고 전차 사업의 승패까지 바뀔 수 있다.","1만2천 톤급 수송선이 미스라타에 접안해 대량의 무기와 군수품 하역을 시작한다","혁권은 최신형 9K38 이글라 E형 발사기 5대와 미사일 20발을 아부카 여단에 인계하고으로 다음 선택에 쓸 구체적 정보나 자원을 얻는다.","관계","혁권·이반의 처지와 관계 상태가 이번 사건 결과만큼 비가역적으로 이동한다.","1만2천 톤급 수송선이 미스라타에 접안해 대량의 무기와 군수품 하역을 시작한다","혁권은 최신형 9K38 이글라 E형 발사기 5대와 미사일 20발을 아부카 여단에 인계하고의 즉시 결과가 확정된다.","1만2천 톤급 수송선이 미스라타에 접안해 대량의 무기와 군수품 하역을 시작한다","GA-C39","0.91"
"920","대망 920화","","126585","126704","1만2천 톤급 수송선이 미스라타에 접안해 대량의 무기와 군수품 하역을 시작한다 뒤 혁권·후세인/미스라타 부두, 혁권·샌더슨·미 해군 SEAL/미스라타 활주로에서 새 대응이 시작된다.","혁권·후세인가 아부카 여단은 부두를 공습한 미그-27 두 대를 이글라 미사일 다섯 발로 모두 격추해 수송선을 지키고 제공 위협을 억제의 결과를 만든다.","혁권은 지아트 3억 달러 거절과 마이애미 휴가 국면에서 주도권과 실익을 확보하려 한다.","아부카 여단은 부두를 공습한 미그-27 두 대를 이글라 미사일 다섯 발로 모두 격추해 수송선을 지키고 제공 위협을 억제하며, 샌더슨은 C-130과 SEAL 대원들을 이끌고 와 후세인 준장을 리비아의 새 권력으로 세우는 공작에 혁권의 협조를 요구한다","거액을 받으면 한국 컨소시엄과의 신의를 저버리고 전차 사업의 승패까지 바뀔 수 있다.","통합정부군 일부가 자밀에게 투항했다는 샌더슨의 말에 혁권이 전황의 심각성을 묻는다","혁권은 경쟁사의 매수 공작을 차단하고 전차 입찰에서 자신의 편과 목표를 분명히 한다.","지위","혁권·후세인의 처지와 지위 상태가 이번 사건 결과만큼 비가역적으로 이동한다.","통합정부군 일부가 자밀에게 투항했다는 샌더슨의 말에 혁권이 전황의 심각성을 묻는다","아부카 여단은 부두를 공습한 미그-27 두 대를 이글라 미사일 다섯 발로 모두 격추해 수송선을 지키고 제공 위협을 억제하며의 즉시 결과가 확정된다.","통합정부군 일부가 자밀에게 투항했다는 샌더슨의 말에 혁권이 전황의 심각성을 묻는다","GA-C39","0.91"
"921","대망 921화","구사일생","126705","126828","통합정부군 일부가 자밀에게 투항했다는 샌더슨의 말에 혁권이 전황의 심각성을 묻는다 뒤 혁권·샌더슨·후세인·나이미/미스라타 아부카 여단 사령부, 혁권·성석호/아테네에서 새 대응이 시작된다.","혁권·샌더슨·후세인·나이미가 샌더슨은 무기·자금·미국과 유엔의 합법정부 승인을 약속하는 대신 엘 사라라 유전 개발 우선권을 미국 석유회사에 요구하고, 혁권의 권유를 받은 후세인은 제안을 수락해 군자금 200만 달러를 받은 뒤 SEAL 지원 아래 리비아 패권 경쟁에 뛰어든다의 결과를 만든다.","혁권은 후세인의 리비아 패권 참전 국면에서 주도권과 실익을 확보하려 한다.","샌더슨은 무기·자금·미국과 유엔의 합법정부 승인을 약속하는 대신 엘 사라라 유전 개발 우선권을 미국 석유회사에 요구하고, 혁권의 권유를 받은 후세인은 제안을 수락해 군자금 200만 달러를 받은 뒤 SEAL 지원 아래 리비아 패권 경쟁에 뛰어든다","대가로 미국 석유회사가 엘 사라라 유전 개발 우선권을 가져야 한다는 조건이 붙는다. 여기에 혁권은 후세인과 추가 군수지원 협의를 마치고 아테네로 돌아와 성석호의 영접을 받는다라는 새 불확실성도 겹친다.","SEAL 지원 아래 리비아 패권 경쟁에 뛰어든다","샌더슨은 무기·자금·미국과 유엔의 합법정부 승인을 약속하는 대신 엘 사라라 유전 개발 우선권을 미국 석유회사에 요구하고으로 다음 선택에 쓸 구체적 정보나 자원을 얻는다.","돈","혁권·샌더슨·후세인·나이미의 처지와 돈 상태가 이번 사건 결과만큼 비가역적으로 이동한다.","혁권은 후세인과 추가 군수지원 협의를 마치고 아테네로 돌아와 성석호의 영접을 받는다","샌더슨은 무기·자금·미국과 유엔의 합법정부 승인을 약속하는 대신 엘 사라라 유전 개발 우선권을 미국 석유회사에 요구하고의 즉시 결과가 확정된다.","혁권은 후세인과 추가 군수지원 협의를 마치고 아테네로 돌아와 성석호의 영접을 받는다","GA-C40","0.91"
"922","대망 922화","","126829","126962","혁권은 후세인과 추가 군수지원 협의를 마치고 아테네로 돌아와 성석호의 영접을 받는다 뒤 혁권·성석호/아테네·아기오스 토마스·파리 지아트 본사에서 새 대응이 시작된다.","혁권·성석호가 [#구사일생] 혁권은 후세인에게 2개 대대분 무기·BMP2 5대·1천만 달러를 보내고 미스라타 원유 15만 톤 반출을 지시의 결과를 만든다.","혁권은 후세인의 리비아 패권 참전 국면에서 주도권과 실익을 확보하려 한다.","[#구사일생] 혁권은 후세인에게 2개 대대분 무기·BMP2 5대·1천만 달러를 보내고 미스라타 원유 15만 톤 반출을 지시하며, 라파엘은 150억 달러 전차 사업을 위해 칼레드 왕자와 5억 달러에 계약하고 혁권을 자연사로 위장해 암살하라 명령한다","대가로 미국 석유회사가 엘 사라라 유전 개발 우선권을 가져야 한다는 조건이 붙는다.","스텐저가 태일 그룹의 중국 건설 기자재 사업 매각 계약 체결을 알리고 혁권은 태일 산업 지분 매각 대금 절반을 용산드림타워 건설비로 남기라 한다","[#구사일생] 혁권은 후세인에게 2개 대대분 무기·BMP2 5대·1천만 달러를 보내고 미스라타 원유 15만 톤 반출을 지시하며으로 다음 선택에 쓸 구체적 정보나 자원을 얻는다.","돈","혁권·성석호의 처지와 돈 상태가 이번 사건 결과만큼 비가역적으로 이동한다.","스텐저가 태일 그룹의 중국 건설 기자재 사업 매각 계약 체결을 알리고 혁권은 태일 산업 지분 매각 대금 절반을 용산드림타워 건설비로 남기라 한다","[#구사일생] 혁권은 후세인에게 2개 대대분 무기·BMP2 5대·1천만 달러를 보내고 미스라타 원유 15만 톤 반출을 지시하며의 즉시 결과가 확정된다.","스텐저가 태일 그룹의 중국 건설 기자재 사업 매각 계약 체결을 알리고 혁권은 태일 산업 지분 매각 대금 절반을 용산드림타워 건설비로 남기라 한다","GA-C40","0.91"
"923","대망 923화","","126963","127087","스텐저가 태일 그룹의 중국 건설 기자재 사업 매각 계약 체결을 알리고 혁권은 태일 산업 지분 매각 대금 절반을 용산드림타워 건설비로 남기라 한다 뒤 이벨라·정체불명의 남자·전병주·이용직·혁권/아테네 노천카페·검찰청·아기오스 토마스에서 새 대응이 시작된다.","이벨라·정체불명의 남자·전병주·이용직·혁권가 이벨라는 100유로 지폐 선금을 받고 심장마비로 위장되는 약물을 혁권의 음료에 넣기로의 결과를 만든다.","이벨라은 후세인의 리비아 패권 참전 국면에서 주도권과 실익을 확보하려 한다.","이벨라는 100유로 지폐 선금을 받고 심장마비로 위장되는 약물을 혁권의 음료에 넣기로 하며, 전병주는 태일 그룹이 중국 사업 매각대금 8천억 원으로 오로라 펀드의 태일 산업 지분을 블록딜한 사실을 포착한다","대가로 미국 석유회사가 엘 사라라 유전 개발 우선권을 가져야 한다는 조건이 붙는다.","자밀이 트리폴리 공항과 수르트를 장악하고 러시아가 쿠즈네초프 항모 파견을 선언하자 혁권은 미·러 충돌 가능성을 검토한다","이벨라는 100유로 지폐 선금을 받고 심장마비로 위장되는 약물을 혁권의 음료에 넣기로 하며으로 다음 선택에 쓸 구체적 정보나 자원을 얻는다.","돈","이벨라·정체불명의 남자·전병주·이용직·혁권의 처지와 돈 상태가 이번 사건 결과만큼 비가역적으로 이동한다.","자밀이 트리폴리 공항과 수르트를 장악하고 러시아가 쿠즈네초프 항모 파견을 선언하자 혁권은 미·러 충돌 가능성을 검토한다","이벨라는 100유로 지폐 선금을 받고 심장마비로 위장되는 약물을 혁권의 음료에 넣기로 하며의 즉시 결과가 확정된다.","자밀이 트리폴리 공항과 수르트를 장악하고 러시아가 쿠즈네초프 항모 파견을 선언하자 혁권은 미·러 충돌 가능성을 검토한다","GA-C40","0.91"
"924","대망 924화","","127088","127210","자밀이 트리폴리 공항과 수르트를 장악하고 러시아가 쿠즈네초프 항모 파견을 선언하자 혁권은 미·러 충돌 가능성을 검토한다 뒤 혁권·성석호·함단·후세인/아기오스 토마스·리비아에서 새 대응이 시작된다.","혁권·성석호·함단·후세인가 혁권은 쿠즈네초프 전단의 열세를 짚고 수송을 앞당기며 코리아 컨소시엄의 2억 달러를 받고, 지아트의 칼레드 왕자 영입에 맞서 다바그 왕자를 직접 설득하기로 한 뒤 자신을 감시하는 지아트를 경계한다의 결과를 만든다.","혁권은 후세인의 리비아 패권 참전 국면에서 주도권과 실익을 확보하려 한다.","혁권은 쿠즈네초프 전단의 열세를 짚고 수송을 앞당기며 코리아 컨소시엄의 2억 달러를 받고, 지아트의 칼레드 왕자 영입에 맞서 다바그 왕자를 직접 설득하기로 한 뒤 자신을 감시하는 지아트를 경계한다","대가로 미국 석유회사가 엘 사라라 유전 개발 우선권을 가져야 한다는 조건이 붙는다.","자신을 감시하는 지아트를 경계한다","혁권은 쿠즈네초프 전단의 열세를 짚고 수송을 앞당기며 코리아 컨소시엄의 2억 달러를 받고으로 다음 선택에 쓸 구체적 정보나 자원을 얻는다.","돈","혁권·성석호·함단·후세인의 처지와 돈 상태가 이번 사건 결과만큼 비가역적으로 이동한다.","트리폴리 방어선이 붕괴하자 후세인의 아부카 여단이 진격을 개시하고 혁권은 헬기로 아테네 공항을 떠난다","혁권은 쿠즈네초프 전단의 열세를 짚고 수송을 앞당기며 코리아 컨소시엄의 2억 달러를 받고의 즉시 결과가 확정된다.","트리폴리 방어선이 붕괴하자 후세인의 아부카 여단이 진격을 개시하고 혁권은 헬기로 아테네 공항을 떠난다","GA-C40","0.91"
"925","대망 925화","","127211","127345","트리폴리 방어선이 붕괴하자 후세인의 아부카 여단이 진격을 개시하고 혁권은 헬기로 아테네 공항을 떠난다 뒤 혁권·이벨라·로시·하킴/쿠웨이트 상공 전용기·쿠웨이트 시티 병원에서 새 대응이 시작된다.","혁권·이벨라·로시·하킴가 이벨라는 혁권의 오렌지주스에 루시부파긴을 타지만 로시에게 놀라 일부를 흘리고, 주스를 마신 혁권은 심장마비로 쓰러져 쿠웨이트에 비상착륙한 뒤 응급치료로 의식을 회복한다의 결과를 만든다.","혁권은 후세인의 리비아 패권 참전 국면에서 주도권과 실익을 확보하려 한다.","이벨라는 혁권의 오렌지주스에 루시부파긴을 타지만 로시에게 놀라 일부를 흘리고, 주스를 마신 혁권은 심장마비로 쓰러져 쿠웨이트에 비상착륙한 뒤 응급치료로 의식을 회복한다","대가로 미국 석유회사가 엘 사라라 유전 개발 우선권을 가져야 한다는 조건이 붙는다.","로시에게 놀라 일부를 흘리고, 주스를 마신 혁권은 심장마비로 쓰러져 쿠웨이트에 비상착륙한 뒤 응급치료로 의식을 회복한다","이벨라는 혁권의 오렌지주스에 루시부파긴을 타지만 로시에게 놀라 일부를 흘리고으로 다음 선택에 쓸 구체적 정보나 자원을 얻는다.","세계","혁권·이벨라·로시·하킴의 처지와 세계 상태가 이번 사건 결과만큼 비가역적으로 이동한다.","체내에서 루시부파긴이 검출되자 혁권은 암살 시도임을 깨닫고 흉수를 찾아 눈앞에 끌고 오라고 명령한다","이벨라는 혁권의 오렌지주스에 루시부파긴을 타지만 로시에게 놀라 일부를 흘리고의 즉시 결과가 확정된다.","체내에서 루시부파긴이 검출되자 혁권은 암살 시도임을 깨닫고 흉수를 찾아 눈앞에 끌고 오라고 명령한다","GA-C40","0.91"
"926","대망 926화","","127346","127491","체내에서 루시부파긴이 검출되자 혁권은 암살 시도임을 깨닫고 흉수를 찾아 눈앞에 끌고 오라고 명령한다 뒤 이벨라·로시·혁권·하킴·라파엘·스태판/쿠웨이트 호텔·병원·전용기·지아트 본사에서 새 대응이 시작된다.","이벨라·로시·혁권·하킴·라파엘·스태판가 혁권의 생존을 안 이벨라는 공범에게 실패를 보고하고 보수를 재확인의 결과를 만든다.","이벨라은 후세인의 리비아 패권 참전 국면에서 주도권과 실익을 확보하려 한다.","혁권의 생존을 안 이벨라는 공범에게 실패를 보고하고 보수를 재확인하며, 혁권은 전 수행원·승무원 신상조사를 명령하고 로시의 응급처치에 감사한 뒤 이벨라의 수상한 반응은 알아채지 못한 채 리야드로 출발한다","대가로 미국 석유회사가 엘 사라라 유전 개발 우선권을 가져야 한다는 조건이 붙는다.","이벨라의 수상한 반응은 알아채지 못한 채 리야드로 출발한다","후세인은 군자금 200만 달러와 SEAL 지원을 받아 리비아 패권 경쟁에 뛰어든다.","돈","이벨라·로시·혁권·하킴·라파엘·스태판의 처지와 돈 상태가 이번 사건 결과만큼 비가역적으로 이동한다.","라파엘은 독살 실패에 격노하며 스태판에게 책임을 추궁한다","혁권의 생존을 안 이벨라는 공범에게 실패를 보고하고 보수를 재확인하며의 즉시 결과가 확정된다.","라파엘은 독살 실패에 격노하며 스태판에게 책임을 추궁한다","GA-C40","0.91"
"927","대망 927화","잘못 건드렸어Ⅰ","127492","127644","라파엘은 독살 실패에 격노하며 스태판에게 책임을 추궁한다 뒤 라파엘·스태판·혁권·함단·다바그 왕자/지아트 본사·리야드·힐튼 리야드 호텔에서 새 대응이 시작된다.","라파엘·스태판·혁권·함단·다바그 왕자가 라파엘은 추가 암살을 보류하되 혁권의 리야드 행적을 감시하라 지시하고, 혁권은 함단에게 다바그의 메카 호텔 사업에 왕실이 4억 달러를 투자한 사실을 듣고 그를 대리인으로 영입할 가능성을 모색한다의 결과를 만든다.","라파엘은 다바그 왕자 대리인 영입 국면에서 주도권과 실익을 확보하려 한다.","라파엘은 추가 암살을 보류하되 혁권의 리야드 행적을 감시하라 지시하고, 혁권은 함단에게 다바그의 메카 호텔 사업에 왕실이 4억 달러를 투자한 사실을 듣고 그를 대리인으로 영입할 가능성을 모색한다","혁권은 다바그의 메카 호텔 사업에 왕실이 4억 달러를 투자했다는 사실을 듣고 그의 영향력을 계산한다. 여기에 제안을 거절하려는 다바그 왕자 앞에 혁권 일행이 힐튼 리야드 호텔 로비에 도착한다라는 새 불확실성도 겹친다.","제안을 거절하려는 다바그 왕자 앞에 혁권 일행이 힐튼 리야드 호텔 로비에 도착한다","라파엘은 추가 암살을 보류하되 혁권의 리야드 행적을 감시하라 지시하고으로 다음 선택에 쓸 구체적 정보나 자원을 얻는다.","돈","라파엘·스태판·혁권·함단·다바그 왕자의 처지와 돈 상태가 이번 사건 결과만큼 비가역적으로 이동한다.","제안을 거절하려는 다바그 왕자 앞에 혁권 일행이 힐튼 리야드 호텔 로비에 도착한다","라파엘은 추가 암살을 보류하되 혁권의 리야드 행적을 감시하라 지시하고의 즉시 결과가 확정된다.","제안을 거절하려는 다바그 왕자 앞에 혁권 일행이 힐튼 리야드 호텔 로비에 도착한다","GA-C41","0.91"
"928","대망 928화","","127645","127786","제안을 거절하려는 다바그 왕자 앞에 혁권 일행이 힐튼 리야드 호텔 로비에 도착한다 뒤 혁권·다바그 왕자/호텔 펜트하우스에서 새 대응이 시작된다.","혁권·다바그 왕자가 [#잘못 건드렸어Ⅰ] 혁권이 30억 달러 공장 건설권과 DV27K 엔진 합작 우선권을 제시해 다바그를 코리아 컨소시엄 대리인으로 영입하고, 하킴에게 전용기 승무원 이벨라의 25만 달러 현금 빚 상환과 지아트사 배후 의혹을 보고받아 그녀를 감시용으로 남긴다의 결과를 만든다.","혁권은 다바그 왕자 대리인 영입 국면에서 주도권과 실익을 확보하려 한다.","[#잘못 건드렸어Ⅰ] 혁권이 30억 달러 공장 건설권과 DV27K 엔진 합작 우선권을 제시해 다바그를 코리아 컨소시엄 대리인으로 영입하고, 하킴에게 전용기 승무원 이벨라의 25만 달러 현금 빚 상환과 지아트사 배후 의혹을 보고받아 그녀를 감시용으로 남긴다","혁권은 다바그의 메카 호텔 사업에 왕실이 4억 달러를 투자했다는 사실을 듣고 그의 영향력을 계산한다.","혁권이 지아트사에 “가볍게 잽”을 날리기로 한다","[#잘못 건드렸어Ⅰ] 혁권이 30억 달러 공장 건설권과 DV27K 엔진 합작 우선권을 제시해 다바그를 코리아 컨소시엄 대리인으로 영입하고으로 다음 선택에 쓸 구체적 정보나 자원을 얻는다.","돈","혁권·다바그 왕자의 처지와 돈 상태가 이번 사건 결과만큼 비가역적으로 이동한다.","혁권이 지아트사에 “가볍게 잽”을 날리기로 한다","[#잘못 건드렸어Ⅰ] 혁권이 30억 달러 공장 건설권과 DV27K 엔진 합작 우선권을 제시해 다바그를 코리아 컨소시엄 대리인으로 영입하고의 즉시 결과가 확정된다.","혁권이 지아트사에 “가볍게 잽”을 날리기로 한다","GA-C41","0.91"
"929","대망 929화","","127787","127911","혁권이 지아트사에 “가볍게 잽”을 날리기로 한다 뒤 클리시·라파엘/회원제 골프장 클럽하우스에서 새 대응이 시작된다.","클리시·라파엘가 클리시가 르끌레르 개량 물량의 250대→100대 축소와 수주 성공 시 라파엘의 차기 사장 추천을 통보하지만, 알자지라가 예멘에서 격파된 르끌레르와 프랑스의 중고 매각을 보도해 입찰 이미지가 추락하고 라파엘은 비상회의를 소집한다의 결과를 만든다.","클리시은 다바그 왕자 대리인 영입 국면에서 주도권과 실익을 확보하려 한다.","클리시가 르끌레르 개량 물량의 250대→100대 축소와 수주 성공 시 라파엘의 차기 사장 추천을 통보하지만, 알자지라가 예멘에서 격파된 르끌레르와 프랑스의 중고 매각을 보도해 입찰 이미지가 추락하고 라파엘은 비상회의를 소집한다","혁권은 다바그의 메카 호텔 사업에 왕실이 4억 달러를 투자했다는 사실을 듣고 그의 영향력을 계산한다.",", 알자지라가 예멘에서 격파된 르끌레르와 프랑스의 중고 매각을 보도해 입찰 이미지가 추락하고 라파엘은 비상회의를 소집한다","클리시가 르끌레르 개량 물량의 250대→100대 축소와 수주 성공 시 라파엘의 차기 사장 추천을 통보하지만으로 다음 선택에 쓸 구체적 정보나 자원을 얻는다.","지위","클리시·라파엘의 처지와 지위 상태가 이번 사건 결과만큼 비가역적으로 이동한다.","혁권이 신문을 보며 지아트사의 혼란을 확인한다","클리시가 르끌레르 개량 물량의 250대→100대 축소와 수주 성공 시 라파엘의 차기 사장 추천을 통보하지만의 즉시 결과가 확정된다.","혁권이 신문을 보며 지아트사의 혼란을 확인한다","GA-C41","0.91"
"930","대망 930화","","127912","128023","혁권이 신문을 보며 지아트사의 혼란을 확인한다 뒤 혁권·함단/호텔, 라파엘·스태판/파리 지아트사 전무실에서 새 대응이 시작된다.","혁권·함단가 혁권은 압둘라흐만을 통해 낸 알자지라 보도로 UAE군 내부의 르끌레르 후보 제외론을 끌어내고 추가 공세를 멈춰 경쟁사끼리 싸우게의 결과를 만든다.","혁권은 다바그 왕자 대리인 영입 국면에서 주도권과 실익을 확보하려 한다.","혁권은 압둘라흐만을 통해 낸 알자지라 보도로 UAE군 내부의 르끌레르 후보 제외론을 끌어내고 추가 공세를 멈춰 경쟁사끼리 싸우게 하며 반대 장교들과 연줄을 만들라 지시하고, 지아트사는 후속 보도를 막는 데 광고비 700만 달러를 쓴 뒤 배후를 존슨으로 특정한다","혁권은 다바그의 메카 호텔 사업에 왕실이 4억 달러를 투자했다는 사실을 듣고 그의 영향력을 계산한다.","배후를 존슨으로 특정한다","혁권은 압둘라흐만을 통해 낸 알자지라 보도로 UAE군 내부의 르끌레르 후보 제외론을 끌어내고 추가 공세를 멈춰 경쟁사끼리 싸우게 하며 반대 장교들과 연줄을 만들라 지시하고으로 다음 선택에 쓸 구체적 정보나 자원을 얻는다.","돈","혁권·함단의 처지와 돈 상태가 이번 사건 결과만큼 비가역적으로 이동한다.","라파엘이 자신들의 암살 시도를 존슨이 알아챘을 가능성을 제기한다","혁권은 압둘라흐만을 통해 낸 알자지라 보도로 UAE군 내부의 르끌레르 후보 제외론을 끌어내고 추가 공세를 멈춰 경쟁사끼리 싸우게 하며 반대 장교들과 연줄을 만들라 지시하고의 즉시 결과가 확정된다.","라파엘이 자신들의 암살 시도를 존슨이 알아챘을 가능성을 제기한다","GA-C41","0.91"
"931","대망 931화","","128024","128154","라파엘이 자신들의 암살 시도를 존슨이 알아챘을 가능성을 제기한다 뒤 라파엘·스태판/지아트사 전무실, 혁권·다바그/호텔 펜트하우스, 이벨라·지아트사 연락책/찻집에서 새 대응이 시작된다.","라파엘·스태판가 라파엘은 스태판에게 내부 협조자를 이용해 존슨을 제거하라 명령하고, 다바그는 DV27K 엔진 생산 법인의 지분을 국내 업체와 50:50으로 갖는 계약에 서명한 뒤 알 아시리 장군과의 골프 약속 및 빈 살만의 신임을 전의 결과를 만든다.","라파엘은 다바그 왕자 대리인 영입 국면에서 주도권과 실익을 확보하려 한다.","라파엘은 스태판에게 내부 협조자를 이용해 존슨을 제거하라 명령하고, 다바그는 DV27K 엔진 생산 법인의 지분을 국내 업체와 50:50으로 갖는 계약에 서명한 뒤 알 아시리 장군과의 골프 약속 및 빈 살만의 신임을 전하며, 이벨라는 90만 유로 계좌 비밀번호를 대가로 새 임무를 수락한다","혁권은 다바그의 메카 호텔 사업에 왕실이 4억 달러를 투자했다는 사실을 듣고 그의 영향력을 계산한다.","알 아시리 장군과의 골프 약속 및 빈 살만의 신임을 전하며, 이벨라는 90만 유로 계좌 비밀번호를 대가로 새 임무를 수락한다","제안을 거절하려는 다바그 앞에 혁권 일행이 직접 도착해 협상을 피할 수 없는 자리로 만든다.","돈","라파엘·스태판의 처지와 돈 상태가 이번 사건 결과만큼 비가역적으로 이동한다.","아부다비행을 앞둔 혁권이 함단에게 격화된 리비아 내전 상황을 듣는다","라파엘은 스태판에게 내부 협조자를 이용해 존슨을 제거하라 명령하고의 즉시 결과가 확정된다.","아부다비행을 앞둔 혁권이 함단에게 격화된 리비아 내전 상황을 듣는다","GA-C41","0.91"
"932","대망 932화","잘못 건드렸어Ⅱ","128155","128302","아부다비행을 앞둔 혁권이 함단에게 격화된 리비아 내전 상황을 듣는다 뒤 혁권·하킴·이벨라·로시/킹할리드 국제공항 전용기에서 새 대응이 시작된다.","혁권·하킴·이벨라·로시가 혁권은 리야드 사막기지에서 2주간 열릴 후보 전차 성능시험에 철저히 대비하라 지시하고, 이벨라는 연락책에게 필리핀행 티켓·위조여권·계좌 비밀번호와 검은 세컨드 백을 받아 전용기 옷장에 숨긴 뒤 복통을 가장해 탈출하지만 캐리어를 기내에 남긴다의 결과를 만든다.","혁권은 이벨라의 전용기 공작 국면에서 주도권과 실익을 확보하려 한다.","혁권은 리야드 사막기지에서 2주간 열릴 후보 전차 성능시험에 철저히 대비하라 지시하고, 이벨라는 연락책에게 필리핀행 티켓·위조여권·계좌 비밀번호와 검은 세컨드 백을 받아 전용기 옷장에 숨긴 뒤 복통을 가장해 탈출하지만 캐리어를 기내에 남긴다","이벨라는 연락책에게 필리핀행 표·위조여권·계좌 비밀번호와 검은 세컨드 백을 전달받는다. 여기에 하킴이 상대의 새 공작을 감지해 혁권에게 아부다비행을 미루라고 경고한다라는 새 불확실성도 겹친다.","캐리어를 기내에 남긴다","혁권은 리야드 사막기지에서 2주간 열릴 후보 전차 성능시험에 철저히 대비하라 지시하고으로 다음 선택에 쓸 구체적 정보나 자원을 얻는다.","능력","혁권·하킴·이벨라·로시의 처지와 능력 상태가 이번 사건 결과만큼 비가역적으로 이동한다.","하킴이 상대의 새 공작을 감지해 혁권에게 아부다비행을 미루라고 경고한다","혁권은 리야드 사막기지에서 2주간 열릴 후보 전차 성능시험에 철저히 대비하라 지시하고의 즉시 결과가 확정된다.","하킴이 상대의 새 공작을 감지해 혁권에게 아부다비행을 미루라고 경고한다","GA-C42","0.91"
"933","대망 933화","","128303","128451","하킴이 상대의 새 공작을 감지해 혁권에게 아부다비행을 미루라고 경고한다 뒤 [#잘못 건드렸어Ⅱ] 이벨라·라미·아미르·혁권·함단/리야드 공항·고속도로에서 새 대응이 시작된다.","[#잘못 건드렸어Ⅱ] 이벨라·라미·아미르·혁권·함단가 마닐라로 도주하려던 이벨라가 체포되고 전용기에서 고도 감응 폭탄이 발견되자, 함단 일행이 배후 연락책의 BMW를 추격해 시속 100km 이상에서 들이받는다의 결과를 만든다.","[#잘못 건드렸어Ⅱ] 이벨라은 이벨라의 전용기 공작 국면에서 주도권과 실익을 확보하려 한다.","마닐라로 도주하려던 이벨라가 체포되고 전용기에서 고도 감응 폭탄이 발견되자, 함단 일행이 배후 연락책의 BMW를 추격해 시속 100km 이상에서 들이받는다","이벨라는 연락책에게 필리핀행 표·위조여권·계좌 비밀번호와 검은 세컨드 백을 전달받는다.","레인지로버가 통제를 잃고 콘크리트 중앙분리대에 정면 충돌한다","마닐라로 도주하려던 이벨라가 체포되고 전용기에서 고도 감응 폭탄이 발견되자으로 다음 선택에 쓸 구체적 정보나 자원을 얻는다.","세계","[#잘못 건드렸어Ⅱ] 이벨라·라미·아미르·혁권·함단의 처지와 세계 상태가 이번 사건 결과만큼 비가역적으로 이동한다.","레인지로버가 통제를 잃고 콘크리트 중앙분리대에 정면 충돌한다","마닐라로 도주하려던 이벨라가 체포되고 전용기에서 고도 감응 폭탄이 발견되자의 즉시 결과가 확정된다.","레인지로버가 통제를 잃고 콘크리트 중앙분리대에 정면 충돌한다","GA-C42","0.91"
"934","대망 934화","","128452","128572","레인지로버가 통제를 잃고 콘크리트 중앙분리대에 정면 충돌한다 뒤 함단·혁권·알무바라키·클리시/리야드 고속도로·호텔·파리 지아트사 본사에서 새 대응이 시작된다.","함단·혁권·알무바라키·클리시가 함단은 전복된 BMW에서 살아 있는 연락책을 확보하고, 사우디 정보부는 사건을 테러범 체포로 위장한 뒤 이벨라와 범인을 넘기지 않으며 프랑스와의 거래에 따라 사건을 종결한다의 결과를 만든다.","함단은 이벨라의 전용기 공작 국면에서 주도권과 실익을 확보하려 한다.","함단은 전복된 BMW에서 살아 있는 연락책을 확보하고, 사우디 정보부는 사건을 테러범 체포로 위장한 뒤 이벨라와 범인을 넘기지 않으며 프랑스와의 거래에 따라 사건을 종결한다","이벨라는 연락책에게 필리핀행 표·위조여권·계좌 비밀번호와 검은 세컨드 백을 전달받는다.","이벨라와 범인을 넘기지 않으며 프랑스와의 거래에 따라 사건을 종결한다","함단은 전복된 BMW에서 살아 있는 연락책을 확보하고으로 다음 선택에 쓸 구체적 정보나 자원을 얻는다.","세계","함단·혁권·알무바라키·클리시의 처지와 세계 상태가 이번 사건 결과만큼 비가역적으로 이동한다.","엘리제궁 비서실장이 클리시에게 사건 무마의 대가를 추궁한다","함단은 전복된 BMW에서 살아 있는 연락책을 확보하고의 즉시 결과가 확정된다.","엘리제궁 비서실장이 클리시에게 사건 무마의 대가를 추궁한다","GA-C42","0.91"
"935","대망 935화","","128573","128696","엘리제궁 비서실장이 클리시에게 사건 무마의 대가를 추궁한다 뒤 클리시·라파엘·스태판·찰스 방델/지아트사 회장실·파리 레스토랑에서 새 대응이 시작된다.","클리시·라파엘·스태판·찰스 방델가 클리시는 사건 무마 대가로 르끌레르 개량 축소를 수용해 4억 유로 이상 손해를 보고 라파엘을 해고하지만, 라파엘은 세르비아 마피아 보스 르가노비치와의 접촉을 지시의 결과를 만든다.","클리시은 이벨라의 전용기 공작 국면에서 주도권과 실익을 확보하려 한다.","클리시는 사건 무마 대가로 르끌레르 개량 축소를 수용해 4억 유로 이상 손해를 보고 라파엘을 해고하지만, 라파엘은 세르비아 마피아 보스 르가노비치와의 접촉을 지시하며 반격을 준비한다","이벨라는 연락책에게 필리핀행 표·위조여권·계좌 비밀번호와 검은 세컨드 백을 전달받는다.",", 라파엘은 세르비아 마피아 보스 르가노비치와의 접촉을 지시하며 반격을 준비한다","클리시는 사건 무마 대가로 르끌레르 개량 축소를 수용해 4억 유로 이상 손해를 보고 라파엘을 해고하지만으로 다음 선택에 쓸 구체적 정보나 자원을 얻는다.","세계","클리시·라파엘·스태판·찰스 방델의 처지와 세계 상태가 이번 사건 결과만큼 비가역적으로 이동한다.","클리시는 방델에게 이시레물리노 공장 폐쇄와 구조조정 계획을 밝힌다","클리시는 사건 무마 대가로 르끌레르 개량 축소를 수용해 4억 유로 이상 손해를 보고 라파엘을 해고하지만의 즉시 결과가 확정된다.","클리시는 방델에게 이시레물리노 공장 폐쇄와 구조조정 계획을 밝힌다","GA-C42","0.91"
"936","대망 936화","","128697","128802","클리시는 방델에게 이시레물리노 공장 폐쇄와 구조조정 계획을 밝힌다 뒤 클리시·찰스 방델·혁권·다바그 왕자·함단/파리 레스토랑 화장실·리야드 펜트하우스에서 새 대응이 시작된다.","클리시·찰스 방델·혁권·다바그 왕자·함단가 정체불명의 사내가 클리시에게 약물을 주입해 살해한 뒤 코카인 과다복용으로 위장하고, 다바그는 프랑스가 카리니 유족의 외부 접촉을 막아 주는 조건으로 빈 살만이 폭탄 사건을 덮었다고 혁권에게 밝힌다의 결과를 만든다.","클리시은 이벨라의 전용기 공작 국면에서 주도권과 실익을 확보하려 한다.","정체불명의 사내가 클리시에게 약물을 주입해 살해한 뒤 코카인 과다복용으로 위장하고, 다바그는 프랑스가 카리니 유족의 외부 접촉을 막아 주는 조건으로 빈 살만이 폭탄 사건을 덮었다고 혁권에게 밝힌다","이벨라는 연락책에게 필리핀행 표·위조여권·계좌 비밀번호와 검은 세컨드 백을 전달받는다.","코카인 과다복용으로 위장하고, 다바그는 프랑스가 카리니 유족의 외부 접촉을 막아 주는 조건으로 빈 살만이 폭탄 사건을 덮었다고 혁권에게 밝힌다","정체불명의 사내가 클리시에게 약물을 주입해 살해한 뒤 코카인 과다복용으로 위장하고으로 다음 선택에 쓸 구체적 정보나 자원을 얻는다.","세계","클리시·찰스 방델·혁권·다바그 왕자·함단의 처지와 세계 상태가 이번 사건 결과만큼 비가역적으로 이동한다.","함단이 클리시가 레스토랑 화장실에서 코카인 과다복용으로 사망했다는 기사를 혁권에게 보여 준다","정체불명의 사내가 클리시에게 약물을 주입해 살해한 뒤 코카인 과다복용으로 위장하고의 즉시 결과가 확정된다.","함단이 클리시가 레스토랑 화장실에서 코카인 과다복용으로 사망했다는 기사를 혁권에게 보여 준다","GA-C42","0.91"
"937","대망 937화","","128803","128915","함단이 클리시가 레스토랑 화장실에서 코카인 과다복용으로 사망했다는 기사를 혁권에게 보여 준다 뒤 혁권·함단·라파엘·찰스 방델·빈 살만/리야드·파리 센강변·왕세자궁에서 새 대응이 시작된다.","혁권·함단·라파엘·찰스 방델·빈 살만가 혁권은 클리시의 죽음을 암살로 의심해 조사를 지시하고, 살해를 꾸민 라파엘은 방델에게 빈 살만을 근신시킨 틈에 전차 입찰을 탈환하겠다고 제안해 관심을 얻는다의 결과를 만든다.","혁권은 이벨라의 전용기 공작 국면에서 주도권과 실익을 확보하려 한다.","혁권은 클리시의 죽음을 암살로 의심해 조사를 지시하고, 살해를 꾸민 라파엘은 방델에게 빈 살만을 근신시킨 틈에 전차 입찰을 탈환하겠다고 제안해 관심을 얻는다","이벨라는 연락책에게 필리핀행 표·위조여권·계좌 비밀번호와 검은 세컨드 백을 전달받는다.","빈 살만이 혁권에게 폭탄 사건을 조용히 묻겠다고 통보한다","혁권은 클리시의 죽음을 암살로 의심해 조사를 지시하고으로 다음 선택에 쓸 구체적 정보나 자원을 얻는다.","능력","혁권·함단·라파엘·찰스 방델·빈 살만의 처지와 능력 상태가 이번 사건 결과만큼 비가역적으로 이동한다.","빈 살만이 혁권에게 폭탄 사건을 조용히 묻겠다고 통보한다","혁권은 클리시의 죽음을 암살로 의심해 조사를 지시하고의 즉시 결과가 확정된다.","빈 살만이 혁권에게 폭탄 사건을 조용히 묻겠다고 통보한다","GA-C42","0.91"
"938","대망 938화","","128916","129035","빈 살만이 혁권에게 폭탄 사건을 조용히 묻겠다고 통보한다 뒤 혁권·빈 살만·전병주·이용직·라파엘·오페르/왕세자궁·한국 검찰·그리스·파리 콩코드 광장에서 새 대응이 시작된다.","혁권·빈 살만·전병주·이용직·라파엘·오페르가 빈 살만은 사건 무마 보상으로 혁권에게 수단 원조용 의약품·석유제품 5억 달러 공급권을 주고, 전병주는 오로라 펀드 자금 230억 원과 태일 그룹 경력을 단서로 혁권을 추적의 결과를 만든다.","혁권은 이벨라의 전용기 공작 국면에서 주도권과 실익을 확보하려 한다.","빈 살만은 사건 무마 보상으로 혁권에게 수단 원조용 의약품·석유제품 5억 달러 공급권을 주고, 전병주는 오로라 펀드 자금 230억 원과 태일 그룹 경력을 단서로 혁권을 추적하며, 사장으로 승진한 라파엘은 모사드 간부 오페르에게서 빈 살만 비리 자료를 받는다","이벨라는 연락책에게 필리핀행 표·위조여권·계좌 비밀번호와 검은 세컨드 백을 전달받는다.","라파엘이 아람코와 사우디 국부펀드를 통한 빈 살만의 비리 자료를 가방에 넣는다","공작자는 탈출하지만 자신의 캐리어를 기내에 남겨 추적 가능한 실수를 범한다.","지위","혁권·빈 살만·전병주·이용직·라파엘·오페르의 처지와 지위 상태가 이번 사건 결과만큼 비가역적으로 이동한다.","라파엘이 아람코와 사우디 국부펀드를 통한 빈 살만의 비리 자료를 가방에 넣는다","빈 살만은 사건 무마 보상으로 혁권에게 수단 원조용 의약품·석유제품 5억 달러 공급권을 주고의 즉시 결과가 확정된다.","라파엘이 아람코와 사우디 국부펀드를 통한 빈 살만의 비리 자료를 가방에 넣는다","GA-C42","0.91"
"939","대망 939화","뒤통수","129036","129154","라파엘이 아람코와 사우디 국부펀드를 통한 빈 살만의 비리 자료를 가방에 넣는다 뒤 라파엘·오페르·살만 빈 압둘아지즈·칼레드 왕자/파리 콩코드 광장·모로코 탕헤르 여름 궁전에서 새 대응이 시작된다.","라파엘·오페르·살만 빈 압둘아지즈·칼레드 왕자가 라파엘은 모사드에 40mm CAT 기관포 기술을 넘기고, 칼레드는 전달받은 아람코·국부펀드 비리 자료와 독단적 인사를 빌미로 살만 국왕을 설득한다의 결과를 만든다.","라파엘은 빈 살만 권력 박탈 공작 국면에서 주도권과 실익을 확보하려 한다.","라파엘은 모사드에 40mm CAT 기관포 기술을 넘기고, 칼레드는 전달받은 아람코·국부펀드 비리 자료와 독단적 인사를 빌미로 살만 국왕을 설득한다","칼레드 왕자는 라파엘에게 받은 아람코·국부펀드 비리 자료와 빈 살만의 독단적 인사를 공격 재료로 삼는다. 여기에 살만 국왕이 빈 살만의 권력을 일부 박탈하고 대외 활동을 막아 근신시키기로 결정한다라는 새 불확실성도 겹친다.","살만 국왕이 빈 살만의 권력을 일부 박탈하고 대외 활동을 막아 근신시키기로 결정한다","라파엘은 모사드에 40mm CAT 기관포 기술을 넘기고으로 다음 선택에 쓸 구체적 정보나 자원을 얻는다.","세계","라파엘·오페르·살만 빈 압둘아지즈·칼레드 왕자의 처지와 세계 상태가 이번 사건 결과만큼 비가역적으로 이동한다.","살만 국왕이 빈 살만의 권력을 일부 박탈하고 대외 활동을 막아 근신시키기로 결정한다","라파엘은 모사드에 40mm CAT 기관포 기술을 넘기고의 즉시 결과가 확정된다.","살만 국왕이 빈 살만의 권력을 일부 박탈하고 대외 활동을 막아 근신시키기로 결정한다","GA-C43","0.91"
"940","대망 940화","","129155","129261","살만 국왕이 빈 살만의 권력을 일부 박탈하고 대외 활동을 막아 근신시키기로 결정한다 뒤 [#뒤통수] 빈 살만 왕세자·살만 국왕·칼레드 왕자/리야드 외곽 공군기지, 혁권·다바그 왕자/오기오스 토마스 섬에서 새 대응이 시작된다.","[#뒤통수] 빈 살만 왕세자·살만 국왕·칼레드 왕자가 살만 국왕은 근신 명령을 어기고 마중 나온 빈 살만을 공개 냉대하고 칼레드를 리무진 옆자리에 태우며, 다바그는 칼레드의 고발로 빈 살만의 100억 달러대 횡령 의혹이 불거졌다고 혁권에게 밝힌다의 결과를 만든다.","[#뒤통수] 빈 살만 왕세자은 빈 살만 권력 박탈 공작 국면에서 주도권과 실익을 확보하려 한다.","살만 국왕은 근신 명령을 어기고 마중 나온 빈 살만을 공개 냉대하고 칼레드를 리무진 옆자리에 태우며, 다바그는 칼레드의 고발로 빈 살만의 100억 달러대 횡령 의혹이 불거졌다고 혁권에게 밝힌다","칼레드 왕자는 라파엘에게 받은 아람코·국부펀드 비리 자료와 빈 살만의 독단적 인사를 공격 재료로 삼는다.","다바그가 왕족들의 반감을 등에 업은 칼레드가 왕좌를 노릴 가능성을 제기한다","살만 국왕은 근신 명령을 어기고 마중 나온 빈 살만을 공개 냉대하고 칼레드를 리무진 옆자리에 태우며으로 다음 선택에 쓸 구체적 정보나 자원을 얻는다.","돈","[#뒤통수] 빈 살만 왕세자·살만 국왕·칼레드 왕자의 처지와 돈 상태가 이번 사건 결과만큼 비가역적으로 이동한다.","다바그가 왕족들의 반감을 등에 업은 칼레드가 왕좌를 노릴 가능성을 제기한다","살만 국왕은 근신 명령을 어기고 마중 나온 빈 살만을 공개 냉대하고 칼레드를 리무진 옆자리에 태우며의 즉시 결과가 확정된다.","다바그가 왕족들의 반감을 등에 업은 칼레드가 왕좌를 노릴 가능성을 제기한다","GA-C43","0.91"
"941","대망 941화","","129262","129372","다바그가 왕족들의 반감을 등에 업은 칼레드가 왕좌를 노릴 가능성을 제기한다 뒤 혁권·다바그 왕자/오기오스 토마스 섬, 라파엘·프레 의장/파리 누보 세흐클 드 뤼니옹에서 새 대응이 시작된다.","혁권·다바그 왕자가 다바그는 지아트사 대리인이던 칼레드가 차기 전차 선정 책임자가 된다고 알리고, 라파엘은 프레에게 사우디·UAE 전차 사업 수주가 이시레물리노 공장 폐쇄와 정리해고를 막을 유일한 길이라며 정부 지원을 청한다의 결과를 만든다.","혁권은 빈 살만 권력 박탈 공작 국면에서 주도권과 실익을 확보하려 한다.","다바그는 지아트사 대리인이던 칼레드가 차기 전차 선정 책임자가 된다고 알리고, 라파엘은 프레에게 사우디·UAE 전차 사업 수주가 이시레물리노 공장 폐쇄와 정리해고를 막을 유일한 길이라며 정부 지원을 청한다","칼레드 왕자는 라파엘에게 받은 아람코·국부펀드 비리 자료와 빈 살만의 독단적 인사를 공격 재료로 삼는다.","프레 의장은 리야드 사건 탓에 지아트사의 수주 가능성이 거의 없다며 라파엘의 약점을 찌른다","다바그는 지아트사 대리인이던 칼레드가 차기 전차 선정 책임자가 된다고 알리고으로 다음 선택에 쓸 구체적 정보나 자원을 얻는다.","돈","혁권·다바그 왕자의 처지와 돈 상태가 이번 사건 결과만큼 비가역적으로 이동한다.","프레 의장은 리야드 사건 탓에 지아트사의 수주 가능성이 거의 없다며 라파엘의 약점을 찌른다","다바그는 지아트사 대리인이던 칼레드가 차기 전차 선정 책임자가 된다고 알리고의 즉시 결과가 확정된다.","프레 의장은 리야드 사건 탓에 지아트사의 수주 가능성이 거의 없다며 라파엘의 약점을 찌른다","GA-C43","0.91"
"942","대망 942화","","129373","129486","프레 의장은 리야드 사건 탓에 지아트사의 수주 가능성이 거의 없다며 라파엘의 약점을 찌른다 뒤 라파엘·프레 의장/파리 누보 세흐클 드 뤼니옹, 혁권·함단·로베르토/리야드 펜트하우스·교도소에서 새 대응이 시작된다.","라파엘·프레 의장가 라파엘은 프레에게 300만 달러 금고 열쇠를 건네며 UAE의 유엔 비상임이사국 당선을 지원해 르끌레르를 밀게 해 달라고 매수하고, 혁권은 칼레드의 평가단장 임명과 빈 살만의 위상 추락을 확인한 뒤 사형수 로베르토를 면회해 암살 배후를 추궁한다의 결과를 만든다.","라파엘은 빈 살만 권력 박탈 공작 국면에서 주도권과 실익을 확보하려 한다.","라파엘은 프레에게 300만 달러 금고 열쇠를 건네며 UAE의 유엔 비상임이사국 당선을 지원해 르끌레르를 밀게 해 달라고 매수하고, 혁권은 칼레드의 평가단장 임명과 빈 살만의 위상 추락을 확인한 뒤 사형수 로베르토를 면회해 암살 배후를 추궁한다","칼레드 왕자는 라파엘에게 받은 아람코·국부펀드 비리 자료와 빈 살만의 독단적 인사를 공격 재료로 삼는다.","사형수 로베르토를 면회해 암살 배후를 추궁한다","라파엘은 프레에게 300만 달러 금고 열쇠를 건네며 UAE의 유엔 비상임이사국 당선을 지원해 르끌레르를 밀게 해 달라고 매수하고으로 다음 선택에 쓸 구체적 정보나 자원을 얻는다.","지위","라파엘·프레 의장의 처지와 지위 상태가 이번 사건 결과만큼 비가역적으로 이동한다.","혁권이 로베르토 앞에 그의 아내와 어린 딸이 찍힌 사진을 내놓는다","라파엘은 프레에게 300만 달러 금고 열쇠를 건네며 UAE의 유엔 비상임이사국 당선을 지원해 르끌레르를 밀게 해 달라고 매수하고의 즉시 결과가 확정된다.","혁권이 로베르토 앞에 그의 아내와 어린 딸이 찍힌 사진을 내놓는다","GA-C43","0.91"
"943","1대망 943화","","129487","129622","혁권이 로베르토 앞에 그의 아내와 어린 딸이 찍힌 사진을 내놓는다 뒤 혁권·로베르토/리야드 교도소, 만수르·혁권/호텔, 빈 살만 왕세자/왕세자궁에서 새 대응이 시작된다.","혁권·로베르토가 로베르토는 스위스 은행 돈을 가족에게 전해 주는 조건으로 라파엘의 암살 지시와 녹음파일을 넘기기로 하고, 만수르는 프랑스가 UAE의 비상임이사국 당선을 대가로 르끌레르에 가산점을 요구했다고 통보의 결과를 만든다.","혁권은 빈 살만 권력 박탈 공작 국면에서 주도권과 실익을 확보하려 한다.","로베르토는 스위스 은행 돈을 가족에게 전해 주는 조건으로 라파엘의 암살 지시와 녹음파일을 넘기기로 하고, 만수르는 프랑스가 UAE의 비상임이사국 당선을 대가로 르끌레르에 가산점을 요구했다고 통보하며, 혁권은 빈 살만에게 칼레드와 지아트사의 사전 공모 가능성을 제기한다","칼레드 왕자는 라파엘에게 받은 아람코·국부펀드 비리 자료와 빈 살만의 독단적 인사를 공격 재료로 삼는다.","혁권이 칼레드의 평가단장 취임과 프랑스의 즉각적인 로비가 처음부터 짜인 계획이라고 빈 살만을 자극한다","살만 국왕은 빈 살만의 권력 일부를 박탈하고 대외 활동을 막아 근신시키기로 결정한다.","관계","혁권·로베르토의 처지와 관계 상태가 이번 사건 결과만큼 비가역적으로 이동한다.","혁권이 칼레드의 평가단장 취임과 프랑스의 즉각적인 로비가 처음부터 짜인 계획이라고 빈 살만을 자극한다","로베르토는 스위스 은행 돈을 가족에게 전해 주는 조건으로 라파엘의 암살 지시와 녹음파일을 넘기기로 하고의 즉시 결과가 확정된다.","혁권이 칼레드의 평가단장 취임과 프랑스의 즉각적인 로비가 처음부터 짜인 계획이라고 빈 살만을 자극한다","GA-C43","0.91"
"944","대망 944화","중재","129623","129762","혁권이 칼레드의 평가단장 취임과 프랑스의 즉각적인 로비가 처음부터 짜인 계획이라고 빈 살만을 자극한다 뒤 혁권·빈 살만 왕세자/왕세자궁, 김용훈·혁권/코리아 컨소시엄 리야드 사무소에서 새 대응이 시작된다.","혁권·빈 살만 왕세자가 혁권은 칼레드가 탕헤르행 중 파리를 경유해 라파엘에게 빈 살만의 비리 자료를 받았을 가능성과 라파엘의 클리시 살해·암살 지시를 엮어 제시하고 보복을 자신에게 맡기게 한 뒤, 김용훈에게 지아트사의 총력 입찰을 경고하면서도 최종 후보 진출은 막겠다고 단언한다의 결과를 만든다.","혁권은 라파엘 연결 폭로와 지아트 입찰 차단 국면에서 주도권과 실익을 확보하려 한다.","혁권은 칼레드가 탕헤르행 중 파리를 경유해 라파엘에게 빈 살만의 비리 자료를 받았을 가능성과 라파엘의 클리시 살해·암살 지시를 엮어 제시하고 보복을 자신에게 맡기게 한 뒤, 김용훈에게 지아트사의 총력 입찰을 경고하면서도 최종 후보 진출은 막겠다고 단언한다","그는 라파엘의 클리시 살해와 자신을 향한 암살 지시까지 묶어 왕세자 축출 공작의 연결망을 설명한다. 여기에 김용훈은 혁권의 지시에 따라 지아트사의 전방위 파상 공세에 대비하기로 한다라는 새 불확실성도 겹친다.",", 김용훈에게 지아트사의 총력 입찰을 경고하면서도 최종 후보 진출은 막겠다고 단언한다","혁권은 칼레드가 탕헤르행 중 파리를 경유해 라파엘에게 빈 살만의 비리 자료를 받았을 가능성과 라파엘의 클리시 살해·암살 지시를 엮어 제시하고 보복을 자신에게 맡기게 한 뒤으로 다음 선택에 쓸 구체적 정보나 자원을 얻는다.","세계","혁권·빈 살만 왕세자의 처지와 세계 상태가 이번 사건 결과만큼 비가역적으로 이동한다.","김용훈은 혁권의 지시에 따라 지아트사의 전방위 파상 공세에 대비하기로 한다","혁권은 칼레드가 탕헤르행 중 파리를 경유해 라파엘에게 빈 살만의 비리 자료를 받았을 가능성과 라파엘의 클리시 살해·암살 지시를 엮어 제시하고 보복을 자신에게 맡기게 한 뒤의 즉시 결과가 확정된다.","김용훈은 혁권의 지시에 따라 지아트사의 전방위 파상 공세에 대비하기로 한다","GA-C44","0.91"
"945","대망 945화","","129763","129881","김용훈은 혁권의 지시에 따라 지아트사의 전방위 파상 공세에 대비하기로 한다 뒤 [#중재] 혁권·샌더슨/리야드 호텔 1021호·바그다드 국제공항에서 새 대응이 시작된다.","[#중재] 혁권·샌더슨가 샌더슨이 칼레드 왕자와 지아트사의 모사드 연계 사진·녹취를 제시하고, 혁권은 대가로 솔레이마니에게 미국의 경고와 비밀협상 제안을 전하기로 한 뒤 바그다드로 향한다의 결과를 만든다.","[#중재] 혁권은 라파엘 연결 폭로와 지아트 입찰 차단 국면에서 주도권과 실익을 확보하려 한다.","샌더슨이 칼레드 왕자와 지아트사의 모사드 연계 사진·녹취를 제시하고, 혁권은 대가로 솔레이마니에게 미국의 경고와 비밀협상 제안을 전하기로 한 뒤 바그다드로 향한다","그는 라파엘의 클리시 살해와 자신을 향한 암살 지시까지 묶어 왕세자 축출 공작의 연결망을 설명한다.","바그다드로 향한다","샌더슨이 칼레드 왕자와 지아트사의 모사드 연계 사진·녹취를 제시하고으로 다음 선택에 쓸 구체적 정보나 자원을 얻는다.","세계","[#중재] 혁권·샌더슨의 처지와 세계 상태가 이번 사건 결과만큼 비가역적으로 이동한다.","솔레이마니가 테헤란이 아닌 다마스쿠스로 떠날 예정임이 밝혀져 이란의 대미 전선 구축 의도가 드러난다","샌더슨이 칼레드 왕자와 지아트사의 모사드 연계 사진·녹취를 제시하고의 즉시 결과가 확정된다.","솔레이마니가 테헤란이 아닌 다마스쿠스로 떠날 예정임이 밝혀져 이란의 대미 전선 구축 의도가 드러난다","GA-C44","0.91"
"946","대망 946화","","129882","129996","솔레이마니가 테헤란이 아닌 다마스쿠스로 떠날 예정임이 밝혀져 이란의 대미 전선 구축 의도가 드러난다 뒤 혁권·솔레이마니·샌더슨/티그리스강변 저택·바그다드 호텔에서 새 대응이 시작된다.","혁권·솔레이마니·샌더슨가 혁권이 미 항모전단·B-52 전진배치와 레드라인 경고를 전해 솔레이마니에게 협상 제안을 테헤란에 전달하겠다는 답을 얻지만, 사우디 유조선 2척과 아람코 송유시설이 피습돼 전쟁 위기가 폭발한다의 결과를 만든다.","혁권은 라파엘 연결 폭로와 지아트 입찰 차단 국면에서 주도권과 실익을 확보하려 한다.","혁권이 미 항모전단·B-52 전진배치와 레드라인 경고를 전해 솔레이마니에게 협상 제안을 테헤란에 전달하겠다는 답을 얻지만, 사우디 유조선 2척과 아람코 송유시설이 피습돼 전쟁 위기가 폭발한다","그는 라파엘의 클리시 살해와 자신을 향한 암살 지시까지 묶어 왕세자 축출 공작의 연결망을 설명한다.",", 사우디 유조선 2척과 아람코 송유시설이 피습돼 전쟁 위기가 폭발한다","혁권이 미 항모전단·B-52 전진배치와 레드라인 경고를 전해 솔레이마니에게 협상 제안을 테헤란에 전달하겠다는 답을 얻지만으로 다음 선택에 쓸 구체적 정보나 자원을 얻는다.","세계","혁권·솔레이마니·샌더슨의 처지와 세계 상태가 이번 사건 결과만큼 비가역적으로 이동한다.","샌더슨이 백악관 안보보좌관과의 회담을 성사시키라며 매달리자 혁권은 지아트사를 칠 추가 정보를 요구한다","혁권이 미 항모전단·B-52 전진배치와 레드라인 경고를 전해 솔레이마니에게 협상 제안을 테헤란에 전달하겠다는 답을 얻지만의 즉시 결과가 확정된다.","샌더슨이 백악관 안보보좌관과의 회담을 성사시키라며 매달리자 혁권은 지아트사를 칠 추가 정보를 요구한다","GA-C44","0.91"
"947","대망 947화","","129997","130115","샌더슨이 백악관 안보보좌관과의 회담을 성사시키라며 매달리자 혁권은 지아트사를 칠 추가 정보를 요구한다 뒤 혁권·솔레이마니·샌더슨·빈 살만·백성균/바그다드 강변 저택·왕세자궁·파리에서 새 대응이 시작된다.","혁권·솔레이마니·샌더슨·빈 살만·백성균가 혁권은 지아트사가 40㎜ CAT 기관포 기술을 모사드에 넘겼다는 자료를 대가로 솔레이마니와 백악관 안보보좌관의 바그다드 협상을 주선하고, 빈 살만에게 칼레드의 모사드 연계 증거를 넘긴 뒤 파리에서 라파엘의 배후를 추적한다의 결과를 만든다.","혁권은 라파엘 연결 폭로와 지아트 입찰 차단 국면에서 주도권과 실익을 확보하려 한다.","혁권은 지아트사가 40㎜ CAT 기관포 기술을 모사드에 넘겼다는 자료를 대가로 솔레이마니와 백악관 안보보좌관의 바그다드 협상을 주선하고, 빈 살만에게 칼레드의 모사드 연계 증거를 넘긴 뒤 파리에서 라파엘의 배후를 추적한다","그는 라파엘의 클리시 살해와 자신을 향한 암살 지시까지 묶어 왕세자 축출 공작의 연결망을 설명한다.","파리에서 라파엘의 배후를 추적한다","혁권은 지아트사가 40㎜ CAT 기관포 기술을 모사드에 넘겼다는 자료를 대가로 솔레이마니와 백악관 안보보좌관의 바그다드 협상을 주선하고으로 다음 선택에 쓸 구체적 정보나 자원을 얻는다.","세계","혁권·솔레이마니·샌더슨·빈 살만·백성균의 처지와 세계 상태가 이번 사건 결과만큼 비가역적으로 이동한다.","클리시와 마지막 식사를 한 지아트사 2대 주주 찰스 방델이 라파엘을 사장으로 밀었다는 사실이 드러난다","혁권은 지아트사가 40㎜ CAT 기관포 기술을 모사드에 넘겼다는 자료를 대가로 솔레이마니와 백악관 안보보좌관의 바그다드 협상을 주선하고의 즉시 결과가 확정된다.","클리시와 마지막 식사를 한 지아트사 2대 주주 찰스 방델이 라파엘을 사장으로 밀었다는 사실이 드러난다","GA-C44","0.91"
"948","대망 948화","","130116","130231","클리시와 마지막 식사를 한 지아트사 2대 주주 찰스 방델이 라파엘을 사장으로 밀었다는 사실이 드러난다 뒤 혁권·찰스 방델·라파엘·프레 의장/타유방 레스토랑·파리 고급 스파에서 새 대응이 시작된다.","혁권·찰스 방델·라파엘·프레 의장가 방델은 전차 사업 수주 시 라파엘을 회장에 앉히겠다고 약속하고, 혁권은 사우나에서 프레에게 라파엘의 모사드 접선·CAT 기관포 기술 유출·정치 로비를 폭로의 결과를 만든다.","혁권은 라파엘 연결 폭로와 지아트 입찰 차단 국면에서 주도권과 실익을 확보하려 한다.","방델은 전차 사업 수주 시 라파엘을 회장에 앉히겠다고 약속하고, 혁권은 사우나에서 프레에게 라파엘의 모사드 접선·CAT 기관포 기술 유출·정치 로비를 폭로하며 사진 증거로 압박한다","그는 라파엘의 클리시 살해와 자신을 향한 암살 지시까지 묶어 왕세자 축출 공작의 연결망을 설명한다.","궁지에 몰린 프레가 혁권에게 원하는 것이 무엇인지 묻자, 혁권은 언론보다 먼저 사건을 폭로하라고 요구한다","방델은 전차 사업 수주 시 라파엘을 회장에 앉히겠다고 약속하고으로 다음 선택에 쓸 구체적 정보나 자원을 얻는다.","지위","혁권·찰스 방델·라파엘·프레 의장의 처지와 지위 상태가 이번 사건 결과만큼 비가역적으로 이동한다.","궁지에 몰린 프레가 혁권에게 원하는 것이 무엇인지 묻자, 혁권은 언론보다 먼저 사건을 폭로하라고 요구한다","방델은 전차 사업 수주 시 라파엘을 회장에 앉히겠다고 약속하고의 즉시 결과가 확정된다.","궁지에 몰린 프레가 혁권에게 원하는 것이 무엇인지 묻자, 혁권은 언론보다 먼저 사건을 폭로하라고 요구한다","GA-C44","0.91"
"949","대망 949화","","130232","130355","궁지에 몰린 프레가 혁권에게 원하는 것이 무엇인지 묻자, 혁권은 언론보다 먼저 사건을 폭로하라고 요구한다 뒤 혁권·프레·스텐저·라파엘/파리 스파·지아트사 본사·국회의사당에서 새 대응이 시작된다.","혁권·프레·스텐저·라파엘가 프레는 자신을 제외하고 지아트사의 간첩행위에 초점을 맞추라는 혁권의 거래를 받아들이고, 혁권은 L&S코퍼레이션 자금까지 합쳐 16억 달러 공매도 판을 짠 뒤 프레의 기자회견과 동시에 라파엘의 모사드 접선·CAT 기관포 기술 유출을 터뜨린다의 결과를 만든다.","혁권은 라파엘 연결 폭로와 지아트 입찰 차단 국면에서 주도권과 실익을 확보하려 한다.","프레는 자신을 제외하고 지아트사의 간첩행위에 초점을 맞추라는 혁권의 거래를 받아들이고, 혁권은 L&S코퍼레이션 자금까지 합쳐 16억 달러 공매도 판을 짠 뒤 프레의 기자회견과 동시에 라파엘의 모사드 접선·CAT 기관포 기술 유출을 터뜨린다","그는 라파엘의 클리시 살해와 자신을 향한 암살 지시까지 묶어 왕세자 축출 공작의 연결망을 설명한다.","프레의 기자회견과 동시에 라파엘의 모사드 접선·CAT 기관포 기술 유출을 터뜨린다","프레는 자신을 제외하고 지아트사의 간첩행위에 초점을 맞추라는 혁권의 거래를 받아들이고으로 다음 선택에 쓸 구체적 정보나 자원을 얻는다.","돈","혁권·프레·스텐저·라파엘의 처지와 돈 상태가 이번 사건 결과만큼 비가역적으로 이동한다.","프레가 사진과 BNP파리바 금고 열쇠를 증거로 내세워 DGSE와 검찰에 지아트사 즉각 수사를 촉구한다","프레는 자신을 제외하고 지아트사의 간첩행위에 초점을 맞추라는 혁권의 거래를 받아들이고의 즉시 결과가 확정된다.","프레가 사진과 BNP파리바 금고 열쇠를 증거로 내세워 DGSE와 검찰에 지아트사 즉각 수사를 촉구한다","GA-C44","0.91"
"950","대망 950화","","130356","130472","프레가 사진과 BNP파리바 금고 열쇠를 증거로 내세워 DGSE와 검찰에 지아트사 즉각 수사를 촉구한다 뒤 라파엘·스태판·찰스 방델·DGSE 요원/지아트사 사장실·방델 투자회사에서 새 대응이 시작된다.","라파엘·스태판·찰스 방델·DGSE 요원가 프레의 폭로와 15억 달러 이상 공매도로 지아트사 주가가 시초가 대비 20% 급락하고, DGSE와 검찰이 본사를 압수수색해 라파엘 등 임직원을 체포의 결과를 만든다.","라파엘은 라파엘 연결 폭로와 지아트 입찰 차단 국면에서 주도권과 실익을 확보하려 한다.","프레의 폭로와 15억 달러 이상 공매도로 지아트사 주가가 시초가 대비 20% 급락하고, DGSE와 검찰이 본사를 압수수색해 라파엘 등 임직원을 체포하며 주가는 사흘 연속 하한가·75유로로 반 토막 난다","그는 라파엘의 클리시 살해와 자신을 향한 암살 지시까지 묶어 왕세자 축출 공작의 연결망을 설명한다.","지아트사 방어 매수로 5억9천만 유로를 잃은 방델에게 측근이 보유 지분 처분을 권한다","프레의 폭로와 15억 달러 이상 공매도로 지아트사 주가가 시초가 대비 20% 급락하고으로 다음 선택에 쓸 구체적 정보나 자원을 얻는다.","돈","라파엘·스태판·찰스 방델·DGSE 요원의 처지와 돈 상태가 이번 사건 결과만큼 비가역적으로 이동한다.","지아트사 방어 매수로 5억9천만 유로를 잃은 방델에게 측근이 보유 지분 처분을 권한다","프레의 폭로와 15억 달러 이상 공매도로 지아트사 주가가 시초가 대비 20% 급락하고의 즉시 결과가 확정된다.","지아트사 방어 매수로 5억9천만 유로를 잃은 방델에게 측근이 보유 지분 처분을 권한다","GA-C44","0.91"
"951","대망 951화","","130473","130603","지아트사 방어 매수로 5억9천만 유로를 잃은 방델에게 측근이 보유 지분 처분을 권한다 뒤 찰스 방델·혁권·백성균·하킴·오페르·페이글린/파리 지하주차장·모사드 안전가옥에서 새 대응이 시작된다.","찰스 방델·혁권·백성균·하킴·오페르·페이글린가 방델이 추가 매입 지분 매도를 결정한 뒤 백성균에게 납치되고, 혁권은 자신을 암살하려 한 대가라 밝히며 라파엘 해임과 지아트사 지분 전량의 국가 귀속을 하루 안에 수용하라고 협박한다의 결과를 만든다.","찰스 방델은 라파엘 연결 폭로와 지아트 입찰 차단 국면에서 주도권과 실익을 확보하려 한다.","방델이 추가 매입 지분 매도를 결정한 뒤 백성균에게 납치되고, 혁권은 자신을 암살하려 한 대가라 밝히며 라파엘 해임과 지아트사 지분 전량의 국가 귀속을 하루 안에 수용하라고 협박한다","그는 라파엘의 클리시 살해와 자신을 향한 암살 지시까지 묶어 왕세자 축출 공작의 연결망을 설명한다.","백성균에게 납치되고, 혁권은 자신을 암살하려 한 대가라 밝히며 라파엘 해임과 지아트사 지분 전량의 국가 귀속을 하루 안에 수용하라고 협박한다","방델이 추가 매입 지분 매도를 결정한 뒤 백성균에게 납치되고으로 다음 선택에 쓸 구체적 정보나 자원을 얻는다.","돈","찰스 방델·혁권·백성균·하킴·오페르·페이글린의 처지와 돈 상태가 이번 사건 결과만큼 비가역적으로 이동한다.","모사드 지부장 페이글린이 오페르에게 CIA의 미행과 혁권의 개입 정황이 담긴 사진을 내민다","방델이 추가 매입 지분 매도를 결정한 뒤 백성균에게 납치되고의 즉시 결과가 확정된다.","모사드 지부장 페이글린이 오페르에게 CIA의 미행과 혁권의 개입 정황이 담긴 사진을 내민다","GA-C44","0.91"
"952","대망 952화","","130604","130730","모사드 지부장 페이글린이 오페르에게 CIA의 미행과 혁권의 개입 정황이 담긴 사진을 내민다 뒤 오페르·페이글린·라파엘·스태판·키돈 암살조/모사드 안전가옥·DGSE 본부·파리 도로에서 새 대응이 시작된다.","오페르·페이글린·라파엘·스태판·키돈 암살조가 방델은 라파엘 해임과 지아트사 지분 전량 국가 헌납을 발표하고, 모사드는 오페르를 스위스로 빼돌리는 한편 키돈 암살조를 투입해 석방된 라파엘의 차량에 폭탄을 부착한다의 결과를 만든다.","오페르은 라파엘 연결 폭로와 지아트 입찰 차단 국면에서 주도권과 실익을 확보하려 한다.","방델은 라파엘 해임과 지아트사 지분 전량 국가 헌납을 발표하고, 모사드는 오페르를 스위스로 빼돌리는 한편 키돈 암살조를 투입해 석방된 라파엘의 차량에 폭탄을 부착한다","그는 라파엘의 클리시 살해와 자신을 향한 암살 지시까지 묶어 왕세자 축출 공작의 연결망을 설명한다.","라파엘이 탄 세단이 도로에서 폭발해 화염에 휩싸인다","혁권은 김용훈에게 지아트의 총력 입찰을 경고하면서도 최종 후보 진출 자체를 막겠다고 단언한다.","돈","오페르·페이글린·라파엘·스태판·키돈 암살조의 처지와 돈 상태가 이번 사건 결과만큼 비가역적으로 이동한다.","라파엘이 탄 세단이 도로에서 폭발해 화염에 휩싸인다","방델은 라파엘 해임과 지아트사 지분 전량 국가 헌납을 발표하고의 즉시 결과가 확정된다.","라파엘이 탄 세단이 도로에서 폭발해 화염에 휩싸인다","GA-C44","0.91"
"953","대망 953화","박병주","130731","130860","라파엘이 탄 세단이 도로에서 폭발해 화염에 휩싸인다 뒤 혁권·하킴·프레·백성균/파리 호텔·샤를 드골 국제공항·니스에서 새 대응이 시작된다.","혁권·하킴·프레·백성균가 라파엘과 동승자 전원이 폭사하자 혁권은 모사드의 증거인멸로 판단하고 프레와 관계를 끝낸 뒤 서울행 전용기에 오르지만, 니스 호텔·카지노에서 IS 연쇄 차량폭탄 테러가 발생한다의 결과를 만든다.","혁권은 라파엘 폭사와 니스 차량폭탄 국면에서 주도권과 실익을 확보하려 한다.","라파엘과 동승자 전원이 폭사하자 혁권은 모사드의 증거인멸로 판단하고 프레와 관계를 끝낸 뒤 서울행 전용기에 오르지만, 니스 호텔·카지노에서 IS 연쇄 차량폭탄 테러가 발생한다","혁권은 사건을 단순 사고가 아니라 모사드가 흔적을 없앤 증거인멸로 판단한다. 여기에 혁권은 모사드가 니스 테러를 미리 알고 라파엘 암살에 쏠릴 관심을 돌리려 했을 가능성을 깨닫는다라는 새 불확실성도 겹친다.",", 니스 호텔·카지노에서 IS 연쇄 차량폭탄 테러가 발생한다","라파엘과 동승자 전원이 폭사하자 혁권은 모사드의 증거인멸로 판단하고 프레와 관계를 끝낸 뒤 서울행 전용기에 오르지만으로 다음 선택에 쓸 구체적 정보나 자원을 얻는다.","관계","혁권·하킴·프레·백성균의 처지와 관계 상태가 이번 사건 결과만큼 비가역적으로 이동한다.","혁권은 모사드가 니스 테러를 미리 알고 라파엘 암살에 쏠릴 관심을 돌리려 했을 가능성을 깨닫는다","라파엘과 동승자 전원이 폭사하자 혁권은 모사드의 증거인멸로 판단하고 프레와 관계를 끝낸 뒤 서울행 전용기에 오르지만의 즉시 결과가 확정된다.","혁권은 모사드가 니스 테러를 미리 알고 라파엘 암살에 쏠릴 관심을 돌리려 했을 가능성을 깨닫는다","GA-C45","0.91"
"954","대망 954화","","130861","130992","혁권은 모사드가 니스 테러를 미리 알고 라파엘 암살에 쏠릴 관심을 돌리려 했을 가능성을 깨닫는다 뒤 [#박병주] 김인철·전병주/필리핀 앙헬레스 저택, 혁권·하킴/인도양 상공 전용기에서 새 대응이 시작된다.","[#박병주] 김인철·전병주가 전병주가 오로라 펀드에서 김혁권에게 2천억 원 이상 흘러간 정황을 밝히자 김인철은 100만 달러를 대가로 추가 조사를 지시하고 복수를 결심의 결과를 만든다.","[#박병주] 김인철은 라파엘 폭사와 니스 차량폭탄 국면에서 주도권과 실익을 확보하려 한다.","전병주가 오로라 펀드에서 김혁권에게 2천억 원 이상 흘러간 정황을 밝히자 김인철은 100만 달러를 대가로 추가 조사를 지시하고 복수를 결심하며, 혁권은 칼레드 왕자의 해임·체포로 지아트사가 사우디 전차 사업에서 탈락했음을 확인한다","혁권은 사건을 단순 사고가 아니라 모사드가 흔적을 없앤 증거인멸로 판단한다.","김인철의 보복이 다가오는 줄 모르는 혁권이 서울행 기내에서 잠든다","전병주가 오로라 펀드에서 김혁권에게 2천억 원 이상 흘러간 정황을 밝히자 김인철은 100만 달러를 대가로 추가 조사를 지시하고 복수를 결심하며으로 다음 선택에 쓸 구체적 정보나 자원을 얻는다.","관계","[#박병주] 김인철·전병주의 처지와 관계 상태가 이번 사건 결과만큼 비가역적으로 이동한다.","김인철의 보복이 다가오는 줄 모르는 혁권이 서울행 기내에서 잠든다","전병주가 오로라 펀드에서 김혁권에게 2천억 원 이상 흘러간 정황을 밝히자 김인철은 100만 달러를 대가로 추가 조사를 지시하고 복수를 결심하며의 즉시 결과가 확정된다.","김인철의 보복이 다가오는 줄 모르는 혁권이 서울행 기내에서 잠든다","GA-C45","0.91"
"955","대망 955화","","130993","131102","김인철의 보복이 다가오는 줄 모르는 혁권이 서울행 기내에서 잠든다 뒤 혁권·소현/서울 자택·백화점 매장, 박형윤·문명균/강남 한정식당에서 새 대응이 시작된다.","혁권·소현가 귀국해 휴식과 매장 점검을 마친 혁권에게 박형윤이 투먼시 수용소에 갇힌 장남 가족을 구해 달라고 청하고, 북한 정치국 상무위원의 아들이 송환 책임자라 뇌물도 통하지 않는다는 사정이 드러난다의 결과를 만든다.","혁권은 라파엘 폭사와 니스 차량폭탄 국면에서 주도권과 실익을 확보하려 한다.","귀국해 휴식과 매장 점검을 마친 혁권에게 박형윤이 투먼시 수용소에 갇힌 장남 가족을 구해 달라고 청하고, 북한 정치국 상무위원의 아들이 송환 책임자라 뇌물도 통하지 않는다는 사정이 드러난다","혁권은 사건을 단순 사고가 아니라 모사드가 흔적을 없앤 증거인멸로 판단한다.","혁권은 구조를 돕겠다고 하면서도 박병주 가족 전원을 구할 수 있다고는 장담하지 않는다","귀국해 휴식과 매장 점검을 마친 혁권에게 박형윤이 투먼시 수용소에 갇힌 장남 가족을 구해 달라고 청하고으로 다음 선택에 쓸 구체적 정보나 자원을 얻는다.","관계","혁권·소현의 처지와 관계 상태가 이번 사건 결과만큼 비가역적으로 이동한다.","혁권은 구조를 돕겠다고 하면서도 박병주 가족 전원을 구할 수 있다고는 장담하지 않는다","귀국해 휴식과 매장 점검을 마친 혁권에게 박형윤이 투먼시 수용소에 갇힌 장남 가족을 구해 달라고 청하고의 즉시 결과가 확정된다.","혁권은 구조를 돕겠다고 하면서도 박병주 가족 전원을 구할 수 있다고는 장담하지 않는다","GA-C45","0.91"
"956","대망 956화","","131103","131237","혁권은 구조를 돕겠다고 하면서도 박병주 가족 전원을 구할 수 있다고는 장담하지 않는다 뒤 혁권·박형윤·문명균/강남 한정식당, 백수광/통화, 하킴·양천/북경 호텔에서 새 대응이 시작된다.","혁권·박형윤·문명균가 혁권은 판교 과수원 30만 평을 보상으로 제시받고 북경행을 결정의 결과를 만든다.","혁권은 라파엘 폭사와 니스 차량폭탄 국면에서 주도권과 실익을 확보하려 한다.","혁권은 판교 과수원 30만 평을 보상으로 제시받고 북경행을 결정하며, 백수광에게 박병주 일가 송환 연기를 받아낸 뒤 국정원 자료로 보위부 대좌 리명국의 가문·경력·김정은과의 친분을 파악한다","혁권은 사건을 단순 사고가 아니라 모사드가 흔적을 없앤 증거인멸로 판단한다.","국정원 자료로 보위부 대좌 리명국의 가문·경력·김정은과의 친분을 파악한다","혁권은 판교 과수원 30만 평을 보상으로 제시받고 북경행을 결정하며으로 다음 선택에 쓸 구체적 정보나 자원을 얻는다.","돈","혁권·박형윤·문명균의 처지와 돈 상태가 이번 사건 결과만큼 비가역적으로 이동한다.","북경 호텔을 찾은 양천 국장이 북경 공안국 영전 소식을 전한다","혁권은 판교 과수원 30만 평을 보상으로 제시받고 북경행을 결정하며의 즉시 결과가 확정된다.","북경 호텔을 찾은 양천 국장이 북경 공안국 영전 소식을 전한다","GA-C45","0.91"
"957","대망 957화","","131238","131377","북경 호텔을 찾은 양천 국장이 북경 공안국 영전 소식을 전한다 뒤 혁권·양천/북경 호텔, 백수광·경상/북경 중식당, 리명국·박창우/투먼시에서 새 대응이 시작된다.","혁권·양천가 양천은 리명국이 6억 위안 규모 가짜 담배 거래 때문에 투먼시에 왔다고 밝히고, 백수광은 파텍 필립 커플 시계를 받은 뒤 박병주 일가 구출을 돕기로의 결과를 만든다.","혁권은 라파엘 폭사와 니스 차량폭탄 국면에서 주도권과 실익을 확보하려 한다.","양천은 리명국이 6억 위안 규모 가짜 담배 거래 때문에 투먼시에 왔다고 밝히고, 백수광은 파텍 필립 커플 시계를 받은 뒤 박병주 일가 구출을 돕기로 하며, 송환 중지 통보를 받은 리명국은 박창우의 타협안을 거부한다","혁권은 사건을 단순 사고가 아니라 모사드가 흔적을 없앤 증거인멸로 판단한다.","박병주 일가 구출을 돕기로 하며, 송환 중지 통보를 받은 리명국은 박창우의 타협안을 거부한다","양천은 리명국이 6억 위안 규모 가짜 담배 거래 때문에 투먼시에 왔다고 밝히고으로 다음 선택에 쓸 구체적 정보나 자원을 얻는다.","세계","혁권·양천의 처지와 세계 상태가 이번 사건 결과만큼 비가역적으로 이동한다.","리명국이 주석궁 교시를 내세워 탈북자 전원을 반드시 송환하겠다고 못 박는다","양천은 리명국이 6억 위안 규모 가짜 담배 거래 때문에 투먼시에 왔다고 밝히고의 즉시 결과가 확정된다.","리명국이 주석궁 교시를 내세워 탈북자 전원을 반드시 송환하겠다고 못 박는다","GA-C45","0.91"
"958","대망 958화","","131378","131504","리명국이 주석궁 교시를 내세워 탈북자 전원을 반드시 송환하겠다고 못 박는다 뒤 혁권·하킴·장리판·뤼용하오/투먼시 공안국·안산 수용소에서 새 대응이 시작된다.","혁권·하킴·장리판·뤼용하오가 혁권은 장리판에게 100만 달러를 건네 박병주 가족을 즉시 빼내기로 확정하고 뤼용하오와 안산 수용소에 들어가, 별도 격리된 박병주 부부와 남매를 직접 확인한다의 결과를 만든다.","혁권은 라파엘 폭사와 니스 차량폭탄 국면에서 주도권과 실익을 확보하려 한다.","혁권은 장리판에게 100만 달러를 건네 박병주 가족을 즉시 빼내기로 확정하고 뤼용하오와 안산 수용소에 들어가, 별도 격리된 박병주 부부와 남매를 직접 확인한다","혁권은 사건을 단순 사고가 아니라 모사드가 흔적을 없앤 증거인멸로 판단한다.","죄수복 차림으로 수척해진 박병주 가족이 혁권 앞에 불려 나온다","니스의 호텔과 카지노에서 IS 차량폭탄이 연쇄 폭발해 세계의 관심이 대규모 테러로 쏠린다.","관계","혁권·하킴·장리판·뤼용하오의 처지와 관계 상태가 이번 사건 결과만큼 비가역적으로 이동한다.","죄수복 차림으로 수척해진 박병주 가족이 혁권 앞에 불려 나온다","혁권은 장리판에게 100만 달러를 건네 박병주 가족을 즉시 빼내기로 확정하고 뤼용하오와 안산 수용소에 들어가의 즉시 결과가 확정된다.","죄수복 차림으로 수척해진 박병주 가족이 혁권 앞에 불려 나온다","GA-C45","0.91"
"959","대망 959화","자바이칼스크","131505","131649","죄수복 차림으로 수척해진 박병주 가족이 혁권 앞에 불려 나온다 뒤 혁권·박병주 가족·리명국·박창우·뤼용하오/안산 수용소 소장실에서 새 대응이 시작된다.","혁권·박병주 가족·리명국·박창우·뤼용하오가 혁권이 박병주 가족에게 한국행을 알리고 옷까지 갈아입혀 데려가려 하지만 리명국이 난입한 뒤 중국 권력 서열 5위 장양 정치국 상무위원에게 전화를 연결해 조중 협정에 따른 전원 북송 명령을 받아낸다 이어 장양 상무위원의 압력으로 박병주 일가가 수용소에 묶이자 혁권은 백수광의 추가 개입을 사양하고 직접 해결하기로의 결과를 만든다.","혁권은 박병주 일가 북송 명령과 자바이칼스크 열차 국면에서 주도권과 실익을 확보하려 한다.","혁권이 박병주 가족에게 한국행을 알리고 옷까지 갈아입혀 데려가려 하지만 리명국이 난입한 뒤 중국 권력 서열 5위 장양 정치국 상무위원에게 전화를 연결해 조중 협정에 따른 전원 북송 명령을 받아낸다 이어 장양 상무위원의 압력으로 박병주 일가가 수용소에 묶이자 혁권은 백수광의 추가 개입을 사양하고 직접 해결하기로 하며, 리명국은 장양에게 바칠 1호 홍삼·벌꿀을 10만 달러에 마련하고 가짜 담배 열차 거래차 자바이칼스크로 떠난다","리명국이 난입해 장양 정치국 상무위원에게 전화를 연결하고 조중 협정에 따른 전원 북송 명령을 받아낸다. 여기에 리명국이 혁권을 바라보며 “이제 어떡할 거요?”라고 승리를 확신한다 이어 자바이칼스크역에서 리명국이 러시아 마피아와 첫 화물열차를 기다린다라는 새 불확실성도 겹친다.","리명국이 난입한 뒤 중국 권력 서열 5위 장양 정치국 상무위원에게 전화를 연결해 조중 협정에 따른 전원 북송 명령을 받아낸다 이어 장양 상무위원의 압력으로 박병주 일가가 수용소에 묶이자 혁권은 백수광의 추가 개입을 사양하고 직접 해결하기로 하며, 리명국은 장양에게 바칠 1호 홍삼·벌꿀을 10만 달러에 마련하고 가짜 담배 열차 거래차 자바이칼스크로 떠난다","혁권이 박병주 가족에게 한국행을 알리고 옷까지 갈아입혀 데려가려 하지만 리명국이 난입한 뒤 중국 권력 서열 5위 장양 정치국 상무위원에게 전화를 연결해 조중 협정에 따른 전원 북송 명령을 받아낸다 이어 장양 상무위원의 압력으로 박병주 일가가 수용소에 묶이자 혁권은 백수광의 추가 개입을 사양하고 직접 해결하기로 하며으로 다음 선택에 쓸 구체적 정보나 자원을 얻는다.","지위","혁권·박병주 가족·리명국·박창우·뤼용하오의 처지와 지위 상태가 이번 사건 결과만큼 비가역적으로 이동한다.","리명국이 혁권을 바라보며 “이제 어떡할 거요?”라고 승리를 확신한다 이어 자바이칼스크역에서 리명국이 러시아 마피아와 첫 화물열차를 기다린다","혁권이 박병주 가족에게 한국행을 알리고 옷까지 갈아입혀 데려가려 하지만 리명국이 난입한 뒤 중국 권력 서열 5위 장양 정치국 상무위원에게 전화를 연결해 조중 협정에 따른 전원 북송 명령을 받아낸다 이어 장양 상무위원의 압력으로 박병주 일가가 수용소에 묶이자 혁권은 백수광의 추가 개입을 사양하고 직접 해결하기로 하며의 즉시 결과가 확정된다.","리명국이 혁권을 바라보며 “이제 어떡할 거요?”라고 승리를 확신한다 이어 자바이칼스크역에서 리명국이 러시아 마피아와 첫 화물열차를 기다린다","GA-C46","0.91"
"960","대망 960화","","131650","131771","리명국이 혁권을 바라보며 “이제 어떡할 거요?”라고 승리를 확신한다 이어 자바이칼스크역에서 리명국이 러시아 마피아와 첫 화물열차를 기다린다 뒤 리명국·박창우·러시아 마피아·러시아 국경수비대/자바이칼스크역, 혁권/12번 보세창고에서 새 대응이 시작된다.","리명국·박창우·러시아 마피아·러시아 국경수비대가 가짜 담배 20여 화차가 도착하자 국경수비대가 열차를 포위·압류하고, 배후를 밝힌 혁권은 화물을 되찾고 싶으면 12번 보세창고로 오라고 리명국을 압박한다의 결과를 만든다.","리명국은 박병주 일가 북송 명령과 자바이칼스크 열차 국면에서 주도권과 실익을 확보하려 한다.","가짜 담배 20여 화차가 도착하자 국경수비대가 열차를 포위·압류하고, 배후를 밝힌 혁권은 화물을 되찾고 싶으면 12번 보세창고로 오라고 리명국을 압박한다","리명국이 난입해 장양 정치국 상무위원에게 전화를 연결하고 조중 협정에 따른 전원 북송 명령을 받아낸다.","권총을 숨긴 리명국이 박창우만 데리고 혁권이 기다리는 12번 창고에 들어선다","가짜 담배 20여 화차가 도착하자 국경수비대가 열차를 포위·압류하고으로 다음 선택에 쓸 구체적 정보나 자원을 얻는다.","세계","리명국·박창우·러시아 마피아·러시아 국경수비대의 처지와 세계 상태가 이번 사건 결과만큼 비가역적으로 이동한다.","권총을 숨긴 리명국이 박창우만 데리고 혁권이 기다리는 12번 창고에 들어선다","가짜 담배 20여 화차가 도착하자 국경수비대가 열차를 포위·압류하고의 즉시 결과가 확정된다.","권총을 숨긴 리명국이 박창우만 데리고 혁권이 기다리는 12번 창고에 들어선다","GA-C46","0.91"
"961","대망 961화","","131772","131909","권총을 숨긴 리명국이 박창우만 데리고 혁권이 기다리는 12번 창고에 들어선다 뒤 혁권·리명국·박창우·하킴/자바이칼스크 12번 보세창고, 보르고 대령/러시아군 간이비행장에서 새 대응이 시작된다.","혁권·리명국·박창우·하킴가 혁권은 압류한 가짜 담배 열차를 지렛대로 리명국에게 박병주 일가를 송환 명단에서 빼게 하고, 마체고라 대장에게 뇌물을 써 움직인 보르고 대령에게 약속한 40만 유로를 지급한다의 결과를 만든다.","혁권은 박병주 일가 북송 명령과 자바이칼스크 열차 국면에서 주도권과 실익을 확보하려 한다.","혁권은 압류한 가짜 담배 열차를 지렛대로 리명국에게 박병주 일가를 송환 명단에서 빼게 하고, 마체고라 대장에게 뇌물을 써 움직인 보르고 대령에게 약속한 40만 유로를 지급한다","리명국이 난입해 장양 정치국 상무위원에게 전화를 연결하고 조중 협정에 따른 전원 북송 명령을 받아낸다.","김포공항에 도착한 혁권의 글로벌 6000 전용기에서 박병주 가족이 박형윤 앞에 모습을 드러낸다","혁권은 압류한 가짜 담배 열차를 지렛대로 리명국에게 박병주 일가를 송환 명단에서 빼게 하고으로 다음 선택에 쓸 구체적 정보나 자원을 얻는다.","세계","혁권·리명국·박창우·하킴의 처지와 세계 상태가 이번 사건 결과만큼 비가역적으로 이동한다.","김포공항에 도착한 혁권의 글로벌 6000 전용기에서 박병주 가족이 박형윤 앞에 모습을 드러낸다","혁권은 압류한 가짜 담배 열차를 지렛대로 리명국에게 박병주 일가를 송환 명단에서 빼게 하고의 즉시 결과가 확정된다.","김포공항에 도착한 혁권의 글로벌 6000 전용기에서 박병주 가족이 박형윤 앞에 모습을 드러낸다","GA-C46","0.91"
"962","대망 962화","","131910","132038","김포공항에 도착한 혁권의 글로벌 6000 전용기에서 박병주 가족이 박형윤 앞에 모습을 드러낸다 뒤 박형윤·박병주 일가·혁권/김포공항, 혁권·홍선호/경기도 판교 농장에서 새 대응이 시작된다.","박형윤·박병주 일가·혁권가 박형윤은 70년 만에 아들 박병주와 며느리·손자·손녀를 만나 눈물로 해후하고, 혁권은 가족을 국정원에 인계한 뒤 보상으로 받은 판교 30만 평 토지와 200평 별장을 확인한다의 결과를 만든다.","박형윤은 박병주 일가 북송 명령과 자바이칼스크 열차 국면에서 주도권과 실익을 확보하려 한다.","박형윤은 70년 만에 아들 박병주와 며느리·손자·손녀를 만나 눈물로 해후하고, 혁권은 가족을 국정원에 인계한 뒤 보상으로 받은 판교 30만 평 토지와 200평 별장을 확인한다","리명국이 난입해 장양 정치국 상무위원에게 전화를 연결하고 조중 협정에 따른 전원 북송 명령을 받아낸다.","보상으로 받은 판교 30만 평 토지와 200평 별장을 확인한다","혁권은 백수광의 추가 개입을 사양하고 자신이 직접 문제를 해결하기로 한다.","관계","박형윤·박병주 일가·혁권의 처지와 관계 상태가 이번 사건 결과만큼 비가역적으로 이동한다.","수풀에 숨은 정체불명의 인물들이 망원렌즈로 별장으로 향하는 혁권을 몰래 촬영한다","박형윤은 70년 만에 아들 박병주와 며느리·손자·손녀를 만나 눈물로 해후하고의 즉시 결과가 확정된다.","수풀에 숨은 정체불명의 인물들이 망원렌즈로 별장으로 향하는 혁권을 몰래 촬영한다","GA-C46","0.91"
"963","대망 963화","현지 테스트","132039","132170","수풀에 숨은 정체불명의 인물들이 망원렌즈로 별장으로 향하는 혁권을 몰래 촬영한다 뒤 [#현지 테스트] 심인성·최기혁/국정원 본부에서 새 대응이 시작된다.","[#현지 테스트] 심인성·최기혁가 최기혁이 대검 특수부 전병주 차장검사가 김혁권을 불법 미행·뒷조사한다고 보고하고, 두 사람은 배후로 태일그룹 김인철을 지목한다의 결과를 만든다.","심인성은 전병주의 불법 미행 경고 국면에서 주도권과 실익을 확보하려 한다.","최기혁이 대검 특수부 전병주 차장검사가 김혁권을 불법 미행·뒷조사한다고 보고하고, 두 사람은 배후로 태일그룹 김인철을 지목한다","검찰 고위 간부의 사적 추적이어서 단순 수사 대응만으로는 혁권의 안전을 보장하기 어렵다. 여기에 심인성이 전병주에게 직접 경고해 위험 요소를 정리하기로 한다라는 새 불확실성도 겹친다.","심인성이 전병주에게 직접 경고해 위험 요소를 정리하기로 한다","최기혁이 대검 특수부 전병주 차장검사가 김혁권을 불법 미행·뒷조사한다고 보고하고으로 다음 선택에 쓸 구체적 정보나 자원을 얻는다.","관계","심인성·최기혁의 처지와 관계 상태가 이번 사건 결과만큼 비가역적으로 이동한다.","심인성이 전병주에게 직접 경고해 위험 요소를 정리하기로 한다","최기혁이 대검 특수부 전병주 차장검사가 김혁권을 불법 미행·뒷조사한다고 보고하고의 즉시 결과가 확정된다.","심인성이 전병주에게 직접 경고해 위험 요소를 정리하기로 한다","GA-C47","0.91"
"964","대망 964화","","132171","132296","심인성이 전병주에게 직접 경고해 위험 요소를 정리하기로 한다 뒤 혁권·하킴·소현/서울 자택·춘천 소양호에서 새 대응이 시작된다.","혁권·하킴·소현가 혁권은 타르후나 패전과 아유브 전사로 자밀의 공세가 꺾였다고 판단해 리비아 원유 수송 재개를 지시하고, 소현에게 우르스 운전을 맡겼다가 과속 질주 끝에 직접 운전해 소양호에 도착한다의 결과를 만든다.","혁권은 전병주의 불법 미행 경고 국면에서 주도권과 실익을 확보하려 한다.","혁권은 타르후나 패전과 아유브 전사로 자밀의 공세가 꺾였다고 판단해 리비아 원유 수송 재개를 지시하고, 소현에게 우르스 운전을 맡겼다가 과속 질주 끝에 직접 운전해 소양호에 도착한다","검찰 고위 간부의 사적 추적이어서 단순 수사 대응만으로는 혁권의 안전을 보장하기 어렵다.","노을 속에서 혁권이 소현을 바라보자 소현이 그의 시선을 알아챈다","혁권은 타르후나 패전과 아유브 전사로 자밀의 공세가 꺾였다고 판단해 리비아 원유 수송 재개를 지시하고으로 다음 선택에 쓸 구체적 정보나 자원을 얻는다.","관계","혁권·하킴·소현의 처지와 관계 상태가 이번 사건 결과만큼 비가역적으로 이동한다.","노을 속에서 혁권이 소현을 바라보자 소현이 그의 시선을 알아챈다","혁권은 타르후나 패전과 아유브 전사로 자밀의 공세가 꺾였다고 판단해 리비아 원유 수송 재개를 지시하고의 즉시 결과가 확정된다.","노을 속에서 혁권이 소현을 바라보자 소현이 그의 시선을 알아챈다","GA-C47","0.91"
"965","대망 965화","","132297","132430","노을 속에서 혁권이 소현을 바라보자 소현이 그의 시선을 알아챈다 뒤 혁권·소현·전병주·심인성·최기혁·김인철/소양호·강남 일식집 지하주차장·필리핀 앙헬리스에서 새 대응이 시작된다.","혁권·소현·전병주·심인성·최기혁·김인철가 혁권은 소현과 계속 함께 살고 싶다는 마음을 깨닫고, 서원건설 문제원에게 뇌물을 받은 전병주는 심인성에게 불법 사찰과 비리 폭로를 경고받아 김혁권 조사 중단을 약속한다의 결과를 만든다.","혁권은 전병주의 불법 미행 경고 국면에서 주도권과 실익을 확보하려 한다.","혁권은 소현과 계속 함께 살고 싶다는 마음을 깨닫고, 서원건설 문제원에게 뇌물을 받은 전병주는 심인성에게 불법 사찰과 비리 폭로를 경고받아 김혁권 조사 중단을 약속한다","검찰 고위 간부의 사적 추적이어서 단순 수사 대응만으로는 혁권의 안전을 보장하기 어렵다.","전병주가 김인철에게 전화해 더는 그의 일을 도울 수 없다고 통보한다","혁권은 소현과 계속 함께 살고 싶다는 마음을 깨닫고으로 다음 선택에 쓸 구체적 정보나 자원을 얻는다.","관계","혁권·소현·전병주·심인성·최기혁·김인철의 처지와 관계 상태가 이번 사건 결과만큼 비가역적으로 이동한다.","전병주가 김인철에게 전화해 더는 그의 일을 도울 수 없다고 통보한다","혁권은 소현과 계속 함께 살고 싶다는 마음을 깨닫고의 즉시 결과가 확정된다.","전병주가 김인철에게 전화해 더는 그의 일을 도울 수 없다고 통보한다","GA-C47","0.91"
"966","대망 966화","","132431","132546","전병주가 김인철에게 전화해 더는 그의 일을 도울 수 없다고 통보한다 뒤 김인철·혁권·최정욱·정빛나·함단/앙헬리스·미리내 본점·리야드에서 새 대응이 시작된다.","김인철·혁권·최정욱·정빛나·함단가 국정원의 개입을 들은 김인철은 전병주의 충고를 거부하고 복수를 고집의 결과를 만든다.","김인철은 전병주의 불법 미행 경고 국면에서 주도권과 실익을 확보하려 한다.","국정원의 개입을 들은 김인철은 전병주의 충고를 거부하고 복수를 고집하며, 혁권은 미리내의 홍콩·마카오 진출 계획서 작성을 지시하고 정빛나에게 소현의 다이아몬드 프러포즈 링 제작을 비밀리에 부탁한다","검찰 고위 간부의 사적 추적이어서 단순 수사 대응만으로는 혁권의 안전을 보장하기 어렵다.","리야드에 도착한 혁권이 유조선 연쇄 피격과 전쟁 위기로 차기 전차 사업까지 흔들릴 가능성을 우려한다","국정원의 개입을 들은 김인철은 전병주의 충고를 거부하고 복수를 고집하며으로 다음 선택에 쓸 구체적 정보나 자원을 얻는다.","관계","김인철·혁권·최정욱·정빛나·함단의 처지와 관계 상태가 이번 사건 결과만큼 비가역적으로 이동한다.","리야드에 도착한 혁권이 유조선 연쇄 피격과 전쟁 위기로 차기 전차 사업까지 흔들릴 가능성을 우려한다","국정원의 개입을 들은 김인철은 전병주의 충고를 거부하고 복수를 고집하며의 즉시 결과가 확정된다.","리야드에 도착한 혁권이 유조선 연쇄 피격과 전쟁 위기로 차기 전차 사업까지 흔들릴 가능성을 우려한다","GA-C47","0.91"
"967","대망 967화","","132547","132651","리야드에 도착한 혁권이 유조선 연쇄 피격과 전쟁 위기로 차기 전차 사업까지 흔들릴 가능성을 우려한다 뒤 혁권·함단·김용훈/리야드·알무자하미야 군사기지에서 새 대응이 시작된다.","혁권·함단·김용훈가 혁권은 미국의 81억 달러 무기 수출 추진으로 KGGB 3차 판매를 포기하고, 현지 기지에서 레오파트2A7V의 KE2020탄과 섀너핸 국방장관 대행의 돌발 방문이 K2 수주에 위협임을 확인한다의 결과를 만든다.","혁권은 전병주의 불법 미행 경고 국면에서 주도권과 실익을 확보하려 한다.","혁권은 미국의 81억 달러 무기 수출 추진으로 KGGB 3차 판매를 포기하고, 현지 기지에서 레오파트2A7V의 KE2020탄과 섀너핸 국방장관 대행의 돌발 방문이 K2 수주에 위협임을 확인한다","검찰 고위 간부의 사적 추적이어서 단순 수사 대응만으로는 혁권의 안전을 보장하기 어렵다.","숙소에 든 혁권이 윤도중과 만나기 전 현지 테스트를 둘러싼 악재를 마주한다","혁권은 미국의 81억 달러 무기 수출 추진으로 KGGB 3차 판매를 포기하고으로 다음 선택에 쓸 구체적 정보나 자원을 얻는다.","돈","혁권·함단·김용훈의 처지와 돈 상태가 이번 사건 결과만큼 비가역적으로 이동한다.","숙소에 든 혁권이 윤도중과 만나기 전 현지 테스트를 둘러싼 악재를 마주한다","혁권은 미국의 81억 달러 무기 수출 추진으로 KGGB 3차 판매를 포기하고의 즉시 결과가 확정된다.","숙소에 든 혁권이 윤도중과 만나기 전 현지 테스트를 둘러싼 악재를 마주한다","GA-C47","0.91"
"968","대망 968화","","132652","132746","숙소에 든 혁권이 윤도중과 만나기 전 현지 테스트를 둘러싼 악재를 마주한다 뒤 혁권·윤도중·김용훈·하킴/알무자하미야 군사기지에서 새 대응이 시작된다.","혁권·윤도중·김용훈·하킴가 혁권은 섀너핸과 빈 살만의 동행에도 미국 의회의 대사우디 무기수출 저지 움직임이 M1에 역풍이 될 수 있다고 윤도중을 설득하고, 로비는 자신이 맡은 채 K2 테스트 성공에 집중시키기로 한다의 결과를 만든다.","혁권은 전병주의 불법 미행 경고 국면에서 주도권과 실익을 확보하려 한다.","혁권은 섀너핸과 빈 살만의 동행에도 미국 의회의 대사우디 무기수출 저지 움직임이 M1에 역풍이 될 수 있다고 윤도중을 설득하고, 로비는 자신이 맡은 채 K2 테스트 성공에 집중시키기로 한다","검찰 고위 간부의 사적 추적이어서 단순 수사 대응만으로는 혁권의 안전을 보장하기 어렵다.","다음 날 사격 테스트장 관람석에 도착한 혁권 일행에게 경쟁업체들의 탐색하는 시선이 쏠린다","혁권은 섀너핸과 빈 살만의 동행에도 미국 의회의 대사우디 무기수출 저지 움직임이 M1에 역풍이 될 수 있다고 윤도중을 설득하고으로 다음 선택에 쓸 구체적 정보나 자원을 얻는다.","능력","혁권·윤도중·김용훈·하킴의 처지와 능력 상태가 이번 사건 결과만큼 비가역적으로 이동한다.","다음 날 사격 테스트장 관람석에 도착한 혁권 일행에게 경쟁업체들의 탐색하는 시선이 쏠린다","혁권은 섀너핸과 빈 살만의 동행에도 미국 의회의 대사우디 무기수출 저지 움직임이 M1에 역풍이 될 수 있다고 윤도중을 설득하고의 즉시 결과가 확정된다.","다음 날 사격 테스트장 관람석에 도착한 혁권 일행에게 경쟁업체들의 탐색하는 시선이 쏠린다","GA-C47","0.91"
"969","대망 969화","","132747","132850","다음 날 사격 테스트장 관람석에 도착한 혁권 일행에게 경쟁업체들의 탐색하는 시선이 쏠린다 뒤 혁권·윤도중·빈 살만·만수르·섀너핸·다바그/사막 사격장·리야드 호텔에서 새 대응이 시작된다.","혁권·윤도중·빈 살만·만수르·섀너핸·다바그가 혁권은 빈 살만·만수르와 친분을 과시한 뒤 K2 흑표가 표적 10개를 모두 정중앙에 명중시키는 성과를 지켜보고, 다바그에게 왕세자와 군 수뇌부의 호평 및 미국이 대규모 무기 구매를 요구했다는 정보를 얻는다의 결과를 만든다.","혁권은 전병주의 불법 미행 경고 국면에서 주도권과 실익을 확보하려 한다.","혁권은 빈 살만·만수르와 친분을 과시한 뒤 K2 흑표가 표적 10개를 모두 정중앙에 명중시키는 성과를 지켜보고, 다바그에게 왕세자와 군 수뇌부의 호평 및 미국이 대규모 무기 구매를 요구했다는 정보를 얻는다","검찰 고위 간부의 사적 추적이어서 단순 수사 대응만으로는 혁권의 안전을 보장하기 어렵다.","K2 흑표가 표적 10개를 모두 정중앙에 명중시키는 성과를 지켜보고, 다바그에게 왕세자와 군 수뇌부의 호평 및 미국이 대규모 무기 구매를 요구했다는 정보를 얻는다","혁권은 빈 살만·만수르와 친분을 과시한 뒤 K2 흑표가 표적 10개를 모두 정중앙에 명중시키는 성과를 지켜보고으로 다음 선택에 쓸 구체적 정보나 자원을 얻는다.","지위","혁권·윤도중·빈 살만·만수르·섀너핸·다바그의 처지와 지위 상태가 이번 사건 결과만큼 비가역적으로 이동한다.","혁권이 미국의 요구가 차기 전차 프로젝트까지 포함하는지 다바그에게 묻는다","혁권은 빈 살만·만수르와 친분을 과시한 뒤 K2 흑표가 표적 10개를 모두 정중앙에 명중시키는 성과를 지켜보고의 즉시 결과가 확정된다.","혁권이 미국의 요구가 차기 전차 프로젝트까지 포함하는지 다바그에게 묻는다","GA-C47","0.91"
"970","대망 970화","","132851","132958","혁권이 미국의 요구가 차기 전차 프로젝트까지 포함하는지 다바그에게 묻는다 뒤 혁권·다바그·하킴/리야드 호텔에서 새 대응이 시작된다.","혁권·다바그·하킴가 다바그는 미국산 전차의 절반 이상을 미국에서 생산하라는 조건이 사우디의 군수산업 육성책과 충돌해 K2 사업이 유지될 가능성이 크다고 밝히지만, 후티 반군의 미사일·자폭 무인기 공격으로 공항 탑승객 10명과 국왕의 일곱째 아들이 사망하고 왕궁 모스크가 파괴된다의 결과를 만든다.","혁권은 전병주의 불법 미행 경고 국면에서 주도권과 실익을 확보하려 한다.","다바그는 미국산 전차의 절반 이상을 미국에서 생산하라는 조건이 사우디의 군수산업 육성책과 충돌해 K2 사업이 유지될 가능성이 크다고 밝히지만, 후티 반군의 미사일·자폭 무인기 공격으로 공항 탑승객 10명과 국왕의 일곱째 아들이 사망하고 왕궁 모스크가 파괴된다","검찰 고위 간부의 사적 추적이어서 단순 수사 대응만으로는 혁권의 안전을 보장하기 어렵다.",", 후티 반군의 미사일·자폭 무인기 공격으로 공항 탑승객 10명과 국왕의 일곱째 아들이 사망하고 왕궁 모스크가 파괴된다","심인성은 전병주에게 직접 경고해 불법 추적이라는 위험 요소를 정리하기로 한다.","능력","혁권·다바그·하킴의 처지와 능력 상태가 이번 사건 결과만큼 비가역적으로 이동한다.","밤샘 뒤 다바그가 굳은 얼굴로 혁권의 객실을 찾아와 새로운 용건을 꺼내려 한다","다바그는 미국산 전차의 절반 이상을 미국에서 생산하라는 조건이 사우디의 군수산업 육성책과 충돌해 K2 사업이 유지될 가능성이 크다고 밝히지만의 즉시 결과가 확정된다.","밤샘 뒤 다바그가 굳은 얼굴로 혁권의 객실을 찾아와 새로운 용건을 꺼내려 한다","GA-C47","0.91"
"971","대망 971화","급변","132959","133081","밤샘 뒤 다바그가 굳은 얼굴로 혁권의 객실을 찾아와 새로운 용건을 꺼내려 한다 뒤 혁권·다바그 회장/사우디·김인철/앙헬레스·함단·백성균/리야드에서 새 대응이 시작된다.","혁권·다바그 회장가 [#급변] 후티 반군의 송유관 펌프장 공격에 사우디가 사나를 대규모 보복 폭격하고, 김인철은 비밀 안면수술에 들어가며, 혁권은 5천만 달러 규모 KGGB 추가 계약을 추진한다의 결과를 만든다.","혁권은 사나 보복폭격과 병원 오폭 국면에서 주도권과 실익을 확보하려 한다.","[#급변] 후티 반군의 송유관 펌프장 공격에 사우디가 사나를 대규모 보복 폭격하고, 김인철은 비밀 안면수술에 들어가며, 혁권은 5천만 달러 규모 KGGB 추가 계약을 추진한다","전쟁이 격화되는 동안 김인철은 앙헬레스에서 신원을 바꾸기 위한 비밀 안면수술에 들어간다. 여기에 사우디군의 집속탄이 국경없는의사회 병원을 오폭해 서른 명의 사상자와 다수 실종자가 발생한다라는 새 불확실성도 겹친다.","사우디군의 집속탄이 국경없는의사회 병원을 오폭해 서른 명의 사상자와 다수 실종자가 발생한다","[#급변] 후티 반군의 송유관 펌프장 공격에 사우디가 사나를 대규모 보복 폭격하고으로 다음 선택에 쓸 구체적 정보나 자원을 얻는다.","관계","혁권·다바그 회장의 처지와 관계 상태가 이번 사건 결과만큼 비가역적으로 이동한다.","사우디군의 집속탄이 국경없는의사회 병원을 오폭해 서른 명의 사상자와 다수 실종자가 발생한다","[#급변] 후티 반군의 송유관 펌프장 공격에 사우디가 사나를 대규모 보복 폭격하고의 즉시 결과가 확정된다.","사우디군의 집속탄이 국경없는의사회 병원을 오폭해 서른 명의 사상자와 다수 실종자가 발생한다","GA-C48","0.91"
"972","대망 972화","","133082","133183","사우디군의 집속탄이 국경없는의사회 병원을 오폭해 서른 명의 사상자와 다수 실종자가 발생한다 뒤 혁권·다바그 회장/리야드 호텔 펜트하우스에서 새 대응이 시작된다.","혁권·다바그 회장가 혁권은 K2 현지 테스트 성공 뒤 평가단 로비비로 3천만 달러를 베팅하고, 미국·독일 업체가 금수조치로 이탈하면 빈 살만을 설득해 수의계약으로 바꾸려 한다의 결과를 만든다.","혁권은 사나 보복폭격과 병원 오폭 국면에서 주도권과 실익을 확보하려 한다.","혁권은 K2 현지 테스트 성공 뒤 평가단 로비비로 3천만 달러를 베팅하고, 미국·독일 업체가 금수조치로 이탈하면 빈 살만을 설득해 수의계약으로 바꾸려 한다","전쟁이 격화되는 동안 김인철은 앙헬레스에서 신원을 바꾸기 위한 비밀 안면수술에 들어간다.","평가단 로비비로 3천만 달러를 베팅하고, 미국·독일 업체가 금수조치로 이탈하면 빈 살만을 설득해 수의계약으로 바꾸려 한다","혁권은 K2 현지 테스트 성공 뒤 평가단 로비비로 3천만 달러를 베팅하고으로 다음 선택에 쓸 구체적 정보나 자원을 얻는다.","돈","혁권·다바그 회장의 처지와 돈 상태가 이번 사건 결과만큼 비가역적으로 이동한다.","우랄바곤자보드가 T-14 아르마타를 대당 650만 달러에 제안했다는 변수 앞에서 다바그가 파워팩 없이 보관된 K2 100여 대를 협상 카드로 지목한다","혁권은 K2 현지 테스트 성공 뒤 평가단 로비비로 3천만 달러를 베팅하고의 즉시 결과가 확정된다.","우랄바곤자보드가 T-14 아르마타를 대당 650만 달러에 제안했다는 변수 앞에서 다바그가 파워팩 없이 보관된 K2 100여 대를 협상 카드로 지목한다","GA-C48","0.91"
"973","대망 973화","","133184","133304","우랄바곤자보드가 T-14 아르마타를 대당 650만 달러에 제안했다는 변수 앞에서 다바그가 파워팩 없이 보관된 K2 100여 대를 협상 카드로 지목한다 뒤 혁권·다바그·윤도중/리야드·혁권 차량·한국, 오천구/서울 강남 일식당에서 새 대응이 시작된다.","혁권·다바그·윤도중가 혁권은 야적 K2 100여 대를 6개월 내 직도입하는 방안을 윤도중과 조율한 뒤, 오천구에게 현금 5억 원이 든 사과 상자를 건네 정부 승인을 청탁한다의 결과를 만든다.","혁권은 사나 보복폭격과 병원 오폭 국면에서 주도권과 실익을 확보하려 한다.","혁권은 야적 K2 100여 대를 6개월 내 직도입하는 방안을 윤도중과 조율한 뒤, 오천구에게 현금 5억 원이 든 사과 상자를 건네 정부 승인을 청탁한다","전쟁이 격화되는 동안 김인철은 앙헬레스에서 신원을 바꾸기 위한 비밀 안면수술에 들어간다.",", 오천구에게 현금 5억 원이 든 사과 상자를 건네 정부 승인을 청탁한다","혁권은 야적 K2 100여 대를 6개월 내 직도입하는 방안을 윤도중과 조율한 뒤으로 다음 선택에 쓸 구체적 정보나 자원을 얻는다.","돈","혁권·다바그·윤도중의 처지와 돈 상태가 이번 사건 결과만큼 비가역적으로 이동한다.","오천구가 비자금을 받고 도움을 잊지 않겠다고 약속한다","혁권은 야적 K2 100여 대를 6개월 내 직도입하는 방안을 윤도중과 조율한 뒤의 즉시 결과가 확정된다.","오천구가 비자금을 받고 도움을 잊지 않겠다고 약속한다","GA-C48","0.91"
"974","대망 974화","","133305","133433","오천구가 비자금을 받고 도움을 잊지 않겠다고 약속한다 뒤 혁권·오천구/강남 일식당, 대통령·노규화·조의창/청와대 집무실에서 새 대응이 시작된다.","혁권·오천구가 혁권은 추가 사과 상자를 조건으로 야적 K2의 사우디 판매 승인을 부탁하고 오천구는 대통령에게 말하겠다고 답의 결과를 만든다.","혁권은 사나 보복폭격과 병원 오폭 국면에서 주도권과 실익을 확보하려 한다.","혁권은 추가 사과 상자를 조건으로 야적 K2의 사우디 판매 승인을 부탁하고 오천구는 대통령에게 말하겠다고 답하며, 대통령은 경기침체와 레임덕을 막기 위한 최소 20조 원 추경 편성을 지시한다","전쟁이 격화되는 동안 김인철은 앙헬레스에서 신원을 바꾸기 위한 비밀 안면수술에 들어간다.","오천구가 150억 달러 규모 한·사우디·UAE 차기 전차 프로젝트를 대통령에게 새로운 홍보 카드로 제시한다","혁권은 추가 사과 상자를 조건으로 야적 K2의 사우디 판매 승인을 부탁하고 오천구는 대통령에게 말하겠다고 답하며으로 다음 선택에 쓸 구체적 정보나 자원을 얻는다.","돈","혁권·오천구의 처지와 돈 상태가 이번 사건 결과만큼 비가역적으로 이동한다.","오천구가 150억 달러 규모 한·사우디·UAE 차기 전차 프로젝트를 대통령에게 새로운 홍보 카드로 제시한다","혁권은 추가 사과 상자를 조건으로 야적 K2의 사우디 판매 승인을 부탁하고 오천구는 대통령에게 말하겠다고 답하며의 즉시 결과가 확정된다.","오천구가 150억 달러 규모 한·사우디·UAE 차기 전차 프로젝트를 대통령에게 새로운 홍보 카드로 제시한다","GA-C48","0.91"
"975","대망 975화","","133434","133560","오천구가 150억 달러 규모 한·사우디·UAE 차기 전차 프로젝트를 대통령에게 새로운 홍보 카드로 제시한다 뒤 대통령·오천구·장세영·조의창/청와대, 혁권·정빛나/서울에서 새 대응이 시작된다.","대통령·오천구·장세영·조의창가 대통령은 야적 K2 100여 대의 사우디 판매와 3차 양산분 50대 추가를 승인하고, 오천구는 대포폰으로 성공을 알린 뒤 두 번째 사과 상자를 받기로의 결과를 만든다.","대통령은 사나 보복폭격과 병원 오폭 국면에서 주도권과 실익을 확보하려 한다.","대통령은 야적 K2 100여 대의 사우디 판매와 3차 양산분 50대 추가를 승인하고, 오천구는 대포폰으로 성공을 알린 뒤 두 번째 사과 상자를 받기로 하며, 혁권은 소현의 약혼반지로 18캐럿 에메랄드컷 다이아몬드 디자인을 고른다","전쟁이 격화되는 동안 김인철은 앙헬레스에서 신원을 바꾸기 위한 비밀 안면수술에 들어간다.","두 번째 사과 상자를 받기로 하며, 혁권은 소현의 약혼반지로 18캐럿 에메랄드컷 다이아몬드 디자인을 고른다","대통령은 야적 K2 100여 대의 사우디 판매와 3차 양산분 50대 추가를 승인하고으로 다음 선택에 쓸 구체적 정보나 자원을 얻는다.","관계","대통령·오천구·장세영·조의창의 처지와 관계 상태가 이번 사건 결과만큼 비가역적으로 이동한다.","혁권이 “청혼 한번 하기 정말 힘들군”이라며 준비 부담을 토로한다","대통령은 야적 K2 100여 대의 사우디 판매와 3차 양산분 50대 추가를 승인하고의 즉시 결과가 확정된다.","혁권이 “청혼 한번 하기 정말 힘들군”이라며 준비 부담을 토로한다","GA-C48","0.91"
"976","대망 976화","","133561","133677","혁권이 “청혼 한번 하기 정말 힘들군”이라며 준비 부담을 토로한다 뒤 혁권·함단/리야드행 차량, 빈 살만·린자위/왕세자 궁에서 새 대응이 시작된다.","혁권·함단가 혁권은 5,500만 달러 KGGB 3차 계약 체결을 확인하고, 아브하 공항 드론 공격 직후 빈 살만에게 미·독 업체 이탈 시 코리아 컨소시엄과 수의계약하고 K2 100대를 6개월 안에 납품하겠다고 제안한다의 결과를 만든다.","혁권은 사나 보복폭격과 병원 오폭 국면에서 주도권과 실익을 확보하려 한다.","혁권은 5,500만 달러 KGGB 3차 계약 체결을 확인하고, 아브하 공항 드론 공격 직후 빈 살만에게 미·독 업체 이탈 시 코리아 컨소시엄과 수의계약하고 K2 100대를 6개월 안에 납품하겠다고 제안한다","전쟁이 격화되는 동안 김인철은 앙헬레스에서 신원을 바꾸기 위한 비밀 안면수술에 들어간다.","빈 살만이 야적장에 늘어선 K2 사진을 보고 낮은 탄성을 터뜨린다","혁권은 5으로 다음 선택에 쓸 구체적 정보나 자원을 얻는다.","돈","혁권·함단의 처지와 돈 상태가 이번 사건 결과만큼 비가역적으로 이동한다.","빈 살만이 야적장에 늘어선 K2 사진을 보고 낮은 탄성을 터뜨린다","혁권은 5의 즉시 결과가 확정된다.","빈 살만이 야적장에 늘어선 K2 사진을 보고 낮은 탄성을 터뜨린다","GA-C48","0.91"
"977","대망 977화","","133678","133781","빈 살만이 야적장에 늘어선 K2 사진을 보고 낮은 탄성을 터뜨린다 뒤 혁권·빈 살만/왕세자 궁, 혁권·윤도중/리야드 펜트하우스, 미국 대통령·브랜스테드·제리/백악관에서 새 대응이 시작된다.","혁권·빈 살만가 빈 살만은 K2 100대 조기 납품안을 긍정 검토하고, 윤도중은 러시아 T-14 개입을 막기 위해 남은 로비 자금 전액 투입에 동의의 결과를 만든다.","혁권은 사나 보복폭격과 병원 오폭 국면에서 주도권과 실익을 확보하려 한다.","빈 살만은 K2 100대 조기 납품안을 긍정 검토하고, 윤도중은 러시아 T-14 개입을 막기 위해 남은 로비 자금 전액 투입에 동의하며, 미국 대통령은 스캔들에 휩싸인 섀너핸을 정리하고 에스퍼드를 국방장관으로 지명한다","전쟁이 격화되는 동안 김인철은 앙헬레스에서 신원을 바꾸기 위한 비밀 안면수술에 들어간다.","제리 비서실장이 민주당의 새 중동 무기 금수 법안이 근소한 차로 상원을 통과할 전망이라고 보고한다","빈 살만은 K2 100대 조기 납품안을 긍정 검토하고으로 다음 선택에 쓸 구체적 정보나 자원을 얻는다.","세계","혁권·빈 살만의 처지와 세계 상태가 이번 사건 결과만큼 비가역적으로 이동한다.","제리 비서실장이 민주당의 새 중동 무기 금수 법안이 근소한 차로 상원을 통과할 전망이라고 보고한다","빈 살만은 K2 100대 조기 납품안을 긍정 검토하고의 즉시 결과가 확정된다.","제리 비서실장이 민주당의 새 중동 무기 금수 법안이 근소한 차로 상원을 통과할 전망이라고 보고한다","GA-C48","0.91"
"978","대망 978화","","133782","133903","제리 비서실장이 민주당의 새 중동 무기 금수 법안이 근소한 차로 상원을 통과할 전망이라고 보고한다 뒤 미국 대통령·브랜스테드·제리/백악관, 혁권·바삼·함단/아부다비에서 새 대응이 시작된다.","미국 대통령·브랜스테드·제리가 미국 대통령은 공화당 반란표 때문에 금수법 저지가 어렵자 무기 판매 포기를 민주당 공격에 이용하기로 하고, 혁권은 바삼 UAE 국방장관에게 골드바를 건네 로비를 마친다의 결과를 만든다.","미국 대통령은 사나 보복폭격과 병원 오폭 국면에서 주도권과 실익을 확보하려 한다.","미국 대통령은 공화당 반란표 때문에 금수법 저지가 어렵자 무기 판매 포기를 민주당 공격에 이용하기로 하고, 혁권은 바삼 UAE 국방장관에게 골드바를 건네 로비를 마친다","전쟁이 격화되는 동안 김인철은 앙헬레스에서 신원을 바꾸기 위한 비밀 안면수술에 들어간다.","미 상원에 금수 강화 법안이 상정되자 빈 살만이 정식 제안서를 요구하고 혁권은 즉시 전용기로 리야드로 향한다","미국 대통령은 공화당 반란표 때문에 금수법 저지가 어렵자 무기 판매 포기를 민주당 공격에 이용하기로 하고으로 다음 선택에 쓸 구체적 정보나 자원을 얻는다.","능력","미국 대통령·브랜스테드·제리의 처지와 능력 상태가 이번 사건 결과만큼 비가역적으로 이동한다.","미 상원에 금수 강화 법안이 상정되자 빈 살만이 정식 제안서를 요구하고 혁권은 즉시 전용기로 리야드로 향한다","미국 대통령은 공화당 반란표 때문에 금수법 저지가 어렵자 무기 판매 포기를 민주당 공격에 이용하기로 하고의 즉시 결과가 확정된다.","미 상원에 금수 강화 법안이 상정되자 빈 살만이 정식 제안서를 요구하고 혁권은 즉시 전용기로 리야드로 향한다","GA-C48","0.91"
"979","대망 979화","","133904","133988","미 상원에 금수 강화 법안이 상정되자 빈 살만이 정식 제안서를 요구하고 혁권은 즉시 전용기로 리야드로 향한다 뒤 혁권·김용훈·빈 살만·알무바라키·사우디 국방차관/리야드 왕세자 궁에서 새 대응이 시작된다.","혁권·김용훈·빈 살만·알무바라키·사우디 국방차관가 미 상원의 금수 강화법 통과와 독일의 금수 6개월 연장 전망 속에 빈 살만은 코리아 컨소시엄과 수의계약 방침을 밝히고, 혁권은 K2의 안정성과 100대 조기 납품 및 한·사우디 4세대 전차 공동개발을 내세워 T-14 아르마타 대안을 물리친다의 결과를 만든다.","혁권은 사나 보복폭격과 병원 오폭 국면에서 주도권과 실익을 확보하려 한다.","미 상원의 금수 강화법 통과와 독일의 금수 6개월 연장 전망 속에 빈 살만은 코리아 컨소시엄과 수의계약 방침을 밝히고, 혁권은 K2의 안정성과 100대 조기 납품 및 한·사우디 4세대 전차 공동개발을 내세워 T-14 아르마타 대안을 물리친다","전쟁이 격화되는 동안 김인철은 앙헬레스에서 신원을 바꾸기 위한 비밀 안면수술에 들어간다.","빈 살만이 정부의 수의계약 전환 공식 발표를 예고하며 정식 계약 준비를 명령한다","사우디군의 집속탄이 국경없는의사회 병원을 오폭해 서른 명의 사상자와 다수 실종자를 낸다.","돈","혁권·김용훈·빈 살만·알무바라키·사우디 국방차관의 처지와 돈 상태가 이번 사건 결과만큼 비가역적으로 이동한다.","빈 살만이 정부의 수의계약 전환 공식 발표를 예고하며 정식 계약 준비를 명령한다","미 상원의 금수 강화법 통과와 독일의 금수 6개월 연장 전망 속에 빈 살만은 코리아 컨소시엄과 수의계약 방침을 밝히고의 즉시 결과가 확정된다.","빈 살만이 정부의 수의계약 전환 공식 발표를 예고하며 정식 계약 준비를 명령한다","GA-C48","0.91"
"980","대망 980화","암운暗雲","133989","134136","빈 살만이 정부의 수의계약 전환 공식 발표를 예고하며 정식 계약 준비를 명령한다 뒤 혁권·빈 살만/리야드, 김인철·로페즈·의사·간호사/필리핀 앙헬레스에서 새 대응이 시작된다.","혁권·빈 살만가 혁권은 150억 달러 차기 전차 프로젝트 수주 확답을 얻고, 안면수술을 마친 김인철은 눈매·입술·턱·코가 달라진 새 얼굴을 확인한 뒤 로페즈에게 의사와 간호사를 뒤끝 없이 처리하라고 지시한다 이어 [#암운暗雲] 성형한 김인철이 위조 여권으로 입국해 베레타 M9을 챙기고 혁권 살해를 선언의 결과를 만든다.","혁권은 150억 달러 수주와 김인철의 새 얼굴 국면에서 주도권과 실익을 확보하려 한다.","혁권은 150억 달러 차기 전차 프로젝트 수주 확답을 얻고, 안면수술을 마친 김인철은 눈매·입술·턱·코가 달라진 새 얼굴을 확인한 뒤 로페즈에게 의사와 간호사를 뒤끝 없이 처리하라고 지시한다 이어 [#암운暗雲] 성형한 김인철이 위조 여권으로 입국해 베레타 M9을 챙기고 혁권 살해를 선언하며, 소현을 배웅한 혁권은 최필성에게서 이란산 원유 제재로 생긴 DK정유의 긴급 구매 요청을 받는다","안면수술을 끝낸 김인철은 달라진 눈매·입술·턱·코를 확인하고 로페즈에게 의사와 간호사를 처리하라고 지시한다. 여기에 김인철이 거울 속 낯선 얼굴을 노려보며 모든 것을 되갚을 복수의 시간이 왔다고 선언한다 이어 최필성이 혁권에게 원유 거래를 계속하는지 확인한다라는 새 불확실성도 겹친다.","로페즈에게 의사와 간호사를 뒤끝 없이 처리하라고 지시한다 이어 [#암운暗雲] 성형한 김인철이 위조 여권으로 입국해 베레타 M9을 챙기고 혁권 살해를 선언하며, 소현을 배웅한 혁권은 최필성에게서 이란산 원유 제재로 생긴 DK정유의 긴급 구매 요청을 받는다","혁권은 150억 달러 차기 전차 프로젝트 수주 확답을 얻고으로 다음 선택에 쓸 구체적 정보나 자원을 얻는다.","관계","혁권·빈 살만의 처지와 관계 상태가 이번 사건 결과만큼 비가역적으로 이동한다.","김인철이 거울 속 낯선 얼굴을 노려보며 모든 것을 되갚을 복수의 시간이 왔다고 선언한다 이어 최필성이 혁권에게 원유 거래를 계속하는지 확인한다","혁권은 150억 달러 차기 전차 프로젝트 수주 확답을 얻고의 즉시 결과가 확정된다.","김인철이 거울 속 낯선 얼굴을 노려보며 모든 것을 되갚을 복수의 시간이 왔다고 선언한다 이어 최필성이 혁권에게 원유 거래를 계속하는지 확인한다","GA-C49","0.91"
"981","대망 981화","","134137","134267","김인철이 거울 속 낯선 얼굴을 노려보며 모든 것을 되갚을 복수의 시간이 왔다고 선언한다 이어 최필성이 혁권에게 원유 거래를 계속하는지 확인한다 뒤 혁권·최필성·하킴/논현동 저택, 전병주·특수부장/서울 대검찰청에서 새 대응이 시작된다.","혁권·최필성·하킴가 혁권은 DK정유에 매달 300~400만 배럴, 우선 2주 안에 200만 배럴을 배럴당 10센트 웃돈으로 공급하고 유조선 추가 확보를 지시의 결과를 만든다.","혁권은 150억 달러 수주와 김인철의 새 얼굴 국면에서 주도권과 실익을 확보하려 한다.","혁권은 DK정유에 매달 300~400만 배럴, 우선 2주 안에 200만 배럴을 배럴당 10센트 웃돈으로 공급하고 유조선 추가 확보를 지시하며, 전병주는 특수부장 승진을 대가로 스카이 월드 시티 비리에서 천대업 등 정치인과 증거를 제외·조작한다","안면수술을 끝낸 김인철은 달라진 눈매·입술·턱·코를 확인하고 로페즈에게 의사와 간호사를 처리하라고 지시한다.","귀가하던 전병주에게 국내 잠입한 김인철이 전화해 당장 만나자고 요구한다","혁권은 DK정유에 매달 300~400만 배럴으로 다음 선택에 쓸 구체적 정보나 자원을 얻는다.","세계","혁권·최필성·하킴의 처지와 세계 상태가 이번 사건 결과만큼 비가역적으로 이동한다.","귀가하던 전병주에게 국내 잠입한 김인철이 전화해 당장 만나자고 요구한다","혁권은 DK정유에 매달 300~400만 배럴의 즉시 결과가 확정된다.","귀가하던 전병주에게 국내 잠입한 김인철이 전화해 당장 만나자고 요구한다","GA-C49","0.91"
"982","대망 982화","","134268","134402","귀가하던 전병주에게 국내 잠입한 김인철이 전화해 당장 만나자고 요구한다 뒤 김인철·전병주/이태원 렌트 하우스, 혁권·성석호·정빛나/미리내 본점, 차민성/안양교도소에서 새 대응이 시작된다.","김인철·전병주가 성형한 김인철은 전병주를 협박해 혁권 복수에 협력시키고, 혁권은 DK정유 계약과 수에즈막스급 유조선 3척 임대를 확정한 뒤 소현의 반지용 시에라리온산 대형 다이아 원석 세공을 정빛나에게 맡긴다의 결과를 만든다.","김인철은 150억 달러 수주와 김인철의 새 얼굴 국면에서 주도권과 실익을 확보하려 한다.","성형한 김인철은 전병주를 협박해 혁권 복수에 협력시키고, 혁권은 DK정유 계약과 수에즈막스급 유조선 3척 임대를 확정한 뒤 소현의 반지용 시에라리온산 대형 다이아 원석 세공을 정빛나에게 맡긴다","안면수술을 끝낸 김인철은 달라진 눈매·입술·턱·코를 확인하고 로페즈에게 의사와 간호사를 처리하라고 지시한다.","소현의 반지용 시에라리온산 대형 다이아 원석 세공을 정빛나에게 맡긴다","성형한 김인철은 전병주를 협박해 혁권 복수에 협력시키고으로 다음 선택에 쓸 구체적 정보나 자원을 얻는다.","관계","김인철·전병주의 처지와 관계 상태가 이번 사건 결과만큼 비가역적으로 이동한다.","감방의 지배자로 지내던 차민성에게 정체불명의 변호사 면회가 통보된다","성형한 김인철은 전병주를 협박해 혁권 복수에 협력시키고의 즉시 결과가 확정된다.","감방의 지배자로 지내던 차민성에게 정체불명의 변호사 면회가 통보된다","GA-C49","0.91"
"983","대망 983화","","134403","134529","감방의 지배자로 지내던 차민성에게 정체불명의 변호사 면회가 통보된다 뒤 차민성·김인철·변호사·정두희/안양교도소 접견실·운동장에서 새 대응이 시작된다.","차민성·김인철·변호사·정두희가 김인철은 변호사의 휴대전화로 차민성에게 배신의 대가를 경고하고, 사형수 정두희는 가족을 위한 청부임을 밝히며 날카롭게 간 칫솔로 차민성의 심장을 여러 차례 찌른다의 결과를 만든다.","차민성은 150억 달러 수주와 김인철의 새 얼굴 국면에서 주도권과 실익을 확보하려 한다.","김인철은 변호사의 휴대전화로 차민성에게 배신의 대가를 경고하고, 사형수 정두희는 가족을 위한 청부임을 밝히며 날카롭게 간 칫솔로 차민성의 심장을 여러 차례 찌른다","안면수술을 끝낸 김인철은 달라진 눈매·입술·턱·코를 확인하고 로페즈에게 의사와 간호사를 처리하라고 지시한다.","피를 토한 차민성이 쓰러지고 정두희가 피 묻은 흉기를 든 채 접근을 막는다","김인철은 변호사의 휴대전화로 차민성에게 배신의 대가를 경고하고으로 다음 선택에 쓸 구체적 정보나 자원을 얻는다.","관계","차민성·김인철·변호사·정두희의 처지와 관계 상태가 이번 사건 결과만큼 비가역적으로 이동한다.","피를 토한 차민성이 쓰러지고 정두희가 피 묻은 흉기를 든 채 접근을 막는다","김인철은 변호사의 휴대전화로 차민성에게 배신의 대가를 경고하고의 즉시 결과가 확정된다.","피를 토한 차민성이 쓰러지고 정두희가 피 묻은 흉기를 든 채 접근을 막는다","GA-C49","0.91"
"984","대망 984화","","134530","134677","피를 토한 차민성이 쓰러지고 정두희가 피 묻은 흉기를 든 채 접근을 막는다 뒤 정두희·차민성/안양교도소, 혁권·하킴/호텔 VIP 수영장, 김인철·다에프/안산 보리스 프로덕션, 윤종열·최준영/논현동 감시 빌라에서 새 대응이 시작된다.","정두희·차민성가 차민성의 사망이 확인되고 혁권은 우발사로 보기 어렵다며 내막 조사를 지시의 결과를 만든다.","정두희은 150억 달러 수주와 김인철의 새 얼굴 국면에서 주도권과 실익을 확보하려 한다.","차민성의 사망이 확인되고 혁권은 우발사로 보기 어렵다며 내막 조사를 지시하며, 김인철은 러시아 마피아 다에프에게 선금 60만 달러와 잔금 100만 달러로 혁권 살해를 맡긴다","안면수술을 끝낸 김인철은 달라진 눈매·입술·턱·코를 확인하고 로페즈에게 의사와 간호사를 처리하라고 지시한다.","혁권을 감시하던 국정원 요원들이 폐업한 통닭집 앞 구형 소나타의 장기 주차를 수상히 여긴다","그는 거울 속 낯선 얼굴을 보며 혁권을 죽이고 빼앗긴 모든 것을 되갚겠다고 선언한다.","관계","정두희·차민성의 처지와 관계 상태가 이번 사건 결과만큼 비가역적으로 이동한다.","혁권을 감시하던 국정원 요원들이 폐업한 통닭집 앞 구형 소나타의 장기 주차를 수상히 여긴다","차민성의 사망이 확인되고 혁권은 우발사로 보기 어렵다며 내막 조사를 지시하며의 즉시 결과가 확정된다.","혁권을 감시하던 국정원 요원들이 폐업한 통닭집 앞 구형 소나타의 장기 주차를 수상히 여긴다","GA-C49","0.91"
"985","대망 985화","폭풍우 치는 밤","134678","134828","혁권을 감시하던 국정원 요원들이 폐업한 통닭집 앞 구형 소나타의 장기 주차를 수상히 여긴다 뒤 윤종열·최준영·필리핀인 감시조/논현동 골목, 심인성·최기혁/국정원 본부, 김인철·로페즈/이태원 렌트 하우스, 혁권·백성균/호텔 펜트하우스에서 새 대응이 시작된다.","윤종열·최준영·필리핀인 감시조가 국정원 요원들이 소나타를 확인하다 필리핀인들에게 총격당해 최준영은 숨지고 윤종열은 중태에 빠지며, [#폭풍우 치는 밤] 심인성은 범인 총추적을 명령하고 김인철은 사고 친 감시조를 즉시 출국시키려 한다의 결과를 만든다.","윤종열은 논현동 감시조 총격 국면에서 주도권과 실익을 확보하려 한다.","국정원 요원들이 소나타를 확인하다 필리핀인들에게 총격당해 최준영은 숨지고 윤종열은 중태에 빠지며, [#폭풍우 치는 밤] 심인성은 범인 총추적을 명령하고 김인철은 사고 친 감시조를 즉시 출국시키려 한다","차량을 감시하던 필리핀인들이 요원들에게 총격을 가해 최준영을 죽이고 윤종열에게 중상을 입힌다. 여기에 총격 사건을 숨긴 세력의 존재를 감지한 혁권 앞에 심인성 과장이 찾아온다라는 새 불확실성도 겹친다.","총격 사건을 숨긴 세력의 존재를 감지한 혁권 앞에 심인성 과장이 찾아온다","국정원 요원들이 소나타를 확인하다 필리핀인들에게 총격당해 최준영은 숨지고 윤종열은 중태에 빠지며으로 다음 선택에 쓸 구체적 정보나 자원을 얻는다.","관계","윤종열·최준영·필리핀인 감시조의 처지와 관계 상태가 이번 사건 결과만큼 비가역적으로 이동한다.","총격 사건을 숨긴 세력의 존재를 감지한 혁권 앞에 심인성 과장이 찾아온다","국정원 요원들이 소나타를 확인하다 필리핀인들에게 총격당해 최준영은 숨지고 윤종열은 중태에 빠지며의 즉시 결과가 확정된다.","총격 사건을 숨긴 세력의 존재를 감지한 혁권 앞에 심인성 과장이 찾아온다","GA-C50","0.91"
"986","대망 986화","","134829","134974","총격 사건을 숨긴 세력의 존재를 감지한 혁권 앞에 심인성 과장이 찾아온다 뒤 혁권·심인성·백성균/호텔 펜트하우스, 김인철·전병주/한강 고수부지, 심인성·최기혁/국정원 본부에서 새 대응이 시작된다.","혁권·심인성·백성균가 심인성은 혁권에게 총격범 단서를 묻지만 얻지 못하고, 혁권은 백성균에게 배후 추적을 명령의 결과를 만든다.","혁권은 논현동 감시조 총격 국면에서 주도권과 실익을 확보하려 한다.","심인성은 혁권에게 총격범 단서를 묻지만 얻지 못하고, 혁권은 백성균에게 배후 추적을 명령하며, 김인철은 전병주에게 다음 날의 습격 지원을 강요한다","차량을 감시하던 필리핀인들이 요원들에게 총격을 가해 최준영을 죽이고 윤종열에게 중상을 입힌다.","얻지 못하고, 혁권은 백성균에게 배후 추적을 명령하며, 김인철은 전병주에게 다음 날의 습격 지원을 강요한다","심인성은 혁권에게 총격범 단서를 묻지만 얻지 못하고으로 다음 선택에 쓸 구체적 정보나 자원을 얻는다.","관계","혁권·심인성·백성균의 처지와 관계 상태가 이번 사건 결과만큼 비가역적으로 이동한다.","국정원은 범인들이 김포·나리타를 거쳐 마닐라로 도주했음을 확인하고 심인성은 계속되는 불길한 예감에 시달린다","심인성은 혁권에게 총격범 단서를 묻지만 얻지 못하고의 즉시 결과가 확정된다.","국정원은 범인들이 김포·나리타를 거쳐 마닐라로 도주했음을 확인하고 심인성은 계속되는 불길한 예감에 시달린다","GA-C50","0.91"
"987","대망 987화","","134975","135108","소현은 CF 촬영을 마치고 도형석이 모는 밴으로 귀가 중이다.","폭우 속 귀갓길이 김인철의 차량 살해 공작으로 뒤집힌다.","소현과 스태프들은 촬영장을 떠나 안전하게 귀가하려 한다.","록신의 덤프트럭이 밴 옆구리를 들이받아 차량을 상가로 튕겨 낸다.","소현은 장기 손상과 과다출혈을 입고 도형석을 포함한 동승자들도 치명상을 입는다.","경호원의 반격으로 록신은 어깨에 총을 맞고 운전수는 사망하지만 록신은 달아난다.","공격 차량의 운전수 한 명을 제거하고 록신에게 총상을 입힌다.","관계","혁권과 소현의 일상이 김인철의 공작으로 생사 위기의 관계 시험으로 바뀐다.","백성균에게 소현의 교통사고와 위독한 상태를 알리는 전화가 걸려 온다.","CF 촬영 일정이 끝난다.","소현의 수술과 사고 배후 추적이 열린다.","GA-C50","0.91"
"988","대망 988화","","135109","135270","백성균은 소현이 영일대학병원에서 위급한 수술을 받고 있다고 혁권에게 보고한다.","혁권이 병원으로 달려가는 길 자체가 김인철의 2차 함정이 된다.","혁권은 소현의 생사를 확인하려 영일대학병원에 최대한 빨리 도착하려 한다.","혁권이 경호 차량대를 출발시키자 김인철은 전병주와 다에프에게 매복 작전 실행을 지시한다.","소현의 장기 손상과 과다출혈 때문에 시간이 없고 적은 이동 경로까지 예상했다.","폭우 속 도로에 돌연 경찰 임시 검문소가 나타나 경호대의 화기를 걸러 낸다.","혁권은 수술 장소를 확인하고 직접 병원행을 시작한다.","관계","소현 구호가 혁권의 최우선 목표가 되고 경호 전력은 검문으로 분리될 위기에 놓인다.","선두 경호차가 임시 검문소에 걸린다.","소현의 소재 확인이 끝난다.","검문 공작과 병원 지하주차장 매복이 열린다.","GA-C50","0.91"
"989","대망 989화","","135271","135418","전병주의 경찰 공작으로 백성균의 선두 차량만 검문소에 붙잡혔다.","병원에 닿은 혁권이 소현을 만나기 전에 러시아 마피아의 화망을 뚫어야 한다.","혁권은 남은 경호원들과 영일대학병원 내부로 살아서 진입하려 한다.","다에프 일당이 지하주차장에서 집중사격하고 혁권 일행은 차량을 엄폐물로 삼아 비상구로 후퇴한다.","이형민 등 경호원들이 쓰러지고 임영식까지 피격돼 인원과 탄약이 급감한다.","혁권은 죽은 부하들을 데려갈 수 없다고 판단하고 생존자에게 비상구 돌파를 명령한다.","매복의 첫 화망에서 혁권·하킴·정지택이 생존해 계단까지 물러난다.","관계","경호팀은 다수 사망으로 붕괴하고 혁권은 부하들의 시신을 남겨야 하는 빚을 진다.","임영식이 쓰러진 뒤 생존자들이 비상계단으로 내몰린다.","지하주차장 차량 엄폐전이 끝난다.","김인철·로페즈와의 계단 대면이 열린다.","GA-C50","0.91"
"990","대망 990화","","135419","135555","혁권 일행은 비상계단을 향하지만 김인철은 보안실 CCTV로 퇴로를 지켜본다.","경찰 사이렌이 러시아 마피아를 흔든 순간 김인철 본인이 마지막 총격에 나선다.","혁권은 탄약이 바닥나는 가운데 하킴·정지택과 계단을 확보하려 한다.","다에프 일당을 경찰 도착 압박으로 물리친 뒤 비상계단에서 김인철·로페즈와 총격을 주고받는다.","경호원과 탄창이 거의 소진됐고 김인철은 위쪽에서 기습 각도를 선점했다.","김인철 측 탄환이 혁권의 오른쪽 가슴과 옆구리를 관통해 그를 계단 아래로 떨어뜨린다.","다에프의 병원 매복은 경찰 사이렌과 반격으로 무너지기 시작한다.","능력","혁권은 전투 지휘자에서 중상자로 추락하고 김인철이 생사를 좌우하는 우위를 잡는다.","김인철이 쓰러진 혁권에게 마무리 사격을 하려 내려온다.","러시아 마피아 주차장 포위가 풀린다.","혁권 생존과 김인철의 확인사살 여부가 열린다.","GA-C50","0.91"
"991","대망 991화","악연","135556","135702","가슴과 옆구리에 총을 맞은 혁권을 하킴이 몸으로 감싸고 김인철이 계단을 내려온다.","지원 경호대가 몇 초 안에 도착해야 혁권이 살아남는다.","하킴은 중상 혁권을 지키고 지원대는 김인철의 마무리 사격을 막으려 한다.","지원 경호원들이 계단으로 진입해 김인철·로페즈를 밀어내고 혁권을 응급실로 옮긴다.","도형석과 부하 다섯 명이 이미 죽었고 소현도 장기 치료가 필요한 중상이다.","김인철은 혁권의 죽음을 확인하지 못한 채 날이 밝자마자 한국을 떠나기로 한다.","혁권은 수술을 받고 이틀 만에 의식을 되찾으며 소현의 생존도 확인한다.","관계","혁권은 살아남지만 임영식 등 부하들과 도형석을 잃고 소현의 회복을 기다리는 처지가 된다.","임영식까지 죽었다는 보고에 혁권이 배후를 반드시 찾겠다고 분노한다.","영일대학병원 즉시 암살 시도가 실패한다.","러시아 마피아·동남아계 공작조의 배후 규명이 열린다.","GA-C51","0.91"
"992","대망 992화","","135703","135842","김인철은 두 발 맞은 혁권이 살아남을 가능성을 떨치지 못한 채 한국 탈출을 준비한다 이어 혁권이 임영식까지 죽었다는 대답에 습격범의 정체를 추궁한다 뒤 혁권·하킴/병원, 전병주·심인성·최기혁/검찰청, 백성균·윤정식/부산 초량동 텍사스 거리에서 새 대응이 시작된다.","혁권·하킴가 혁권은 라브로프계 러시아 마피아와 동남아계 일당의 연계를 파악해 보이는 적부터 쓸어버리라 하고, 심인성은 불심검문을 지시한 전병주의 연루를 확신해 정보를 혁권에게 흘리며, 백성균은 블라디보스토크로 밀항하려는 러시아 조직원 네 명의 은신처를 찾아낸다의 결과를 만든다.","혁권은 영일대학병원 총격과 악연의 정체 국면에서 주도권과 실익을 확보하려 한다.","혁권은 라브로프계 러시아 마피아와 동남아계 일당의 연계를 파악해 보이는 적부터 쓸어버리라 하고, 심인성은 불심검문을 지시한 전병주의 연루를 확신해 정보를 혁권에게 흘리며, 백성균은 블라디보스토크로 밀항하려는 러시아 조직원 네 명의 은신처를 찾아낸다","지원 경호원들이 도착해 추가 사격을 막지만 혁권은 두 발을 맞고 응급수술에 들어간다.","백성균이 러시아 조직원들은 결코 출국하지 못할 것이라 단언한다","혁권은 라브로프계 러시아 마피아와 동남아계 일당의 연계를 파악해 보이는 적부터 쓸어버리라 하고으로 다음 선택에 쓸 구체적 정보나 자원을 얻는다.","돈","혁권·하킴의 처지와 돈 상태가 이번 사건 결과만큼 비가역적으로 이동한다.","백성균이 러시아 조직원들은 결코 출국하지 못할 것이라 단언한다","혁권은 라브로프계 러시아 마피아와 동남아계 일당의 연계를 파악해 보이는 적부터 쓸어버리라 하고의 즉시 결과가 확정된다.","백성균이 러시아 조직원들은 결코 출국하지 못할 것이라 단언한다","GA-C51","0.91"
"993","대망 993화","","135843","135988","백성균이 러시아 조직원들은 결코 출국하지 못할 것이라 단언한다 뒤 백성균·다예프/부산 초량동 은신처·승합차, 전병주/검찰청 사무실에서 새 대응이 시작된다.","백성균·다예프가 백성균 일행은 다예프 등 러시아 조직원 네 명을 일방적으로 제압·생포하고 배후를 캐려고 다예프의 무릎을 부수며, 전병주는 영일 대학병원 총격 연루와 서원건설 비리 투서로 업무 배제를 당하자 비트코인·비리 장부·보이스 레코더를 챙겨 사무실을 떠난다의 결과를 만든다.","백성균은 영일대학병원 총격과 악연의 정체 국면에서 주도권과 실익을 확보하려 한다.","백성균 일행은 다예프 등 러시아 조직원 네 명을 일방적으로 제압·생포하고 배후를 캐려고 다예프의 무릎을 부수며, 전병주는 영일 대학병원 총격 연루와 서원건설 비리 투서로 업무 배제를 당하자 비트코인·비리 장부·보이스 레코더를 챙겨 사무실을 떠난다","지원 경호원들이 도착해 추가 사격을 막지만 혁권은 두 발을 맞고 응급수술에 들어간다.","전병주의 승용차 뒤로 짙게 선팅한 차량이 은밀히 따라붙는다","백성균 일행은 다예프 등 러시아 조직원 네 명을 일방적으로 제압·생포하고 배후를 캐려고 다예프의 무릎을 부수며으로 다음 선택에 쓸 구체적 정보나 자원을 얻는다.","돈","백성균·다예프의 처지와 돈 상태가 이번 사건 결과만큼 비가역적으로 이동한다.","전병주의 승용차 뒤로 짙게 선팅한 차량이 은밀히 따라붙는다","백성균 일행은 다예프 등 러시아 조직원 네 명을 일방적으로 제압·생포하고 배후를 캐려고 다예프의 무릎을 부수며의 즉시 결과가 확정된다.","전병주의 승용차 뒤로 짙게 선팅한 차량이 은밀히 따라붙는다","GA-C51","0.91"
"994","대망 994화","","135989","136126","전병주의 승용차 뒤로 짙게 선팅한 차량이 은밀히 따라붙는다 뒤 전병주·혁권·백성균/성남 수내역 오피스텔 주차장·가평 폐타운하우스에서 새 대응이 시작된다.","전병주·혁권·백성균가 혁권의 부하들이 전병주를 납치하고, 혁권은 약물을 투여해 김인철이 성형한 얼굴로 국내에 들어와 습격을 사주했으며 버진아일랜드 비자금 계좌 세 개를 숨겼다는 자백과 수첩을 확보한다의 결과를 만든다.","전병주은 영일대학병원 총격과 악연의 정체 국면에서 주도권과 실익을 확보하려 한다.","혁권의 부하들이 전병주를 납치하고, 혁권은 약물을 투여해 김인철이 성형한 얼굴로 국내에 들어와 습격을 사주했으며 버진아일랜드 비자금 계좌 세 개를 숨겼다는 자백과 수첩을 확보한다","지원 경호원들이 도착해 추가 사격을 막지만 혁권은 두 발을 맞고 응급수술에 들어간다.","혁권은 스텐저에게 계좌 확인을 맡기고 전병주의 추가 정보를 캐낸 뒤 흔적 없이 처리하라고 명령한다","수술 뒤 깨어난 혁권은 소현이 회복 중인 반면 도형석과 부하 다섯 명, 임영식이 죽었다는 보고를 받는다.","관계","전병주·혁권·백성균의 처지와 관계 상태가 이번 사건 결과만큼 비가역적으로 이동한다.","혁권은 스텐저에게 계좌 확인을 맡기고 전병주의 추가 정보를 캐낸 뒤 흔적 없이 처리하라고 명령한다","혁권의 부하들이 전병주를 납치하고의 즉시 결과가 확정된다.","혁권은 스텐저에게 계좌 확인을 맡기고 전병주의 추가 정보를 캐낸 뒤 흔적 없이 처리하라고 명령한다","GA-C51","0.91"
"995","대망 995화","이제 끝을 내 주마","136127","136274","전병주의 자백으로 습격 배후와 성형한 김인철의 새 얼굴이 확인됐다.","혁권이 김인철의 비자금 이동을 역추적해 끝까지 찾아가는 최종 복수가 시작된다.","혁권은 김인철의 자금줄과 은신처를 찾아 악연을 완전히 끝내려 한다.","심인성에게 새 얼굴 사진을 넘기고 CIA에는 이란 혁명수비대 비밀계좌를 대가로 도이치뱅크 계좌 공개를 요구한다.","총상 부위가 다시 벌어졌지만 입원하면 김인철을 놓칠 수 있고 독일 대형은행도 고객 비밀을 지키려 한다.","샌더슨이 이란 계좌 카드에 응해 김인철 계좌를 테러 자금으로 다룰 길이 열린다.","전병주는 펜타닐 과다복용 사망으로 처리되고 비자금 계좌 추적 권한이 확보된다.","능력","혁권은 피해자에서 CIA와 은행을 움직이는 추적 작전의 지휘자로 돌아선다.","의사는 벌어진 상처를 보고 입원을 권하지만 혁권은 추적을 멈추지 않는다.","전병주를 통한 국내 배후 규명이 닫힌다.","버진아일랜드 계좌 추적과 잠보앙가 결전이 열린다.","GA-C52","0.91"
"996","대망 996화","","136275","136407","혁권이 김인철에게 당한 만큼 되돌려 주겠다고 선언한다 이어 의사가 혁권의 다시 벌어진 어깨·복부 상처를 확인하고 입원을 권한다 뒤 김인철·로페즈/필리핀 잠보앙가 저택, 심인성·최익선/여의도 중식당, 혁권·소현/병원 VIP 병동에서 새 대응이 시작된다.","김인철·로페즈가 김인철은 전병주 살해범을 혁권으로 단정해 MILF 출신 용병 고용을 지시하고, 심인성은 전병주의 뇌물 장부·녹음·비밀계좌로 최익선을 협박해 검찰의 추궁을 막으며, 혁권은 잠든 소현을 찾아간다의 결과를 만든다.","김인철은 김인철 확인사살과 제주 샹그릴라 청혼 국면에서 주도권과 실익을 확보하려 한다.","김인철은 전병주 살해범을 혁권으로 단정해 MILF 출신 용병 고용을 지시하고, 심인성은 전병주의 뇌물 장부·녹음·비밀계좌로 최익선을 협박해 검찰의 추궁을 막으며, 혁권은 잠든 소현을 찾아간다","전병주는 펜타닐 과다복용으로 위장된 시체로 발견되고, 의사는 다시 벌어진 혁권의 어깨·복부 상처 때문에 입원을 권한다.","소현이 인기척에 깨어 혁권을 “오빠”라고 부른다","김인철은 전병주 살해범을 혁권으로 단정해 MILF 출신 용병 고용을 지시하고으로 다음 선택에 쓸 구체적 정보나 자원을 얻는다.","관계","김인철·로페즈의 처지와 관계 상태가 이번 사건 결과만큼 비가역적으로 이동한다.","소현이 인기척에 깨어 혁권을 “오빠”라고 부른다","김인철은 전병주 살해범을 혁권으로 단정해 MILF 출신 용병 고용을 지시하고의 즉시 결과가 확정된다.","소현이 인기척에 깨어 혁권을 “오빠”라고 부른다","GA-C52","0.91"
"997","대망 997화","","136408","136522","소현이 인기척에 깨어 혁권을 “오빠”라고 부른다 뒤 혁권·소현/병원, 혁권·스텐저·칼 하인츠/버진아일랜드 로드타운 호텔에서 새 대응이 시작된다.","혁권·소현가 소현은 습격을 혁권 탓으로 돌리지 않고 그의 귀환을 기다리겠다고 약속의 결과를 만든다.","혁권은 김인철 확인사살과 제주 샹그릴라 청혼 국면에서 주도권과 실익을 확보하려 한다.","소현은 습격을 혁권 탓으로 돌리지 않고 그의 귀환을 기다리겠다고 약속하며, 혁권은 CIA 압박에도 소극적인 칼 하인츠에게 아메리칸 에너지 현금성 자산 28억 달러 전액 예치를 제안해 적극 협조를 요구한다","전병주는 펜타닐 과다복용으로 위장된 시체로 발견되고, 의사는 다시 벌어진 혁권의 어깨·복부 상처 때문에 입원을 권한다.","칼 하인츠가 예치 조건이 그것뿐인지 되묻는다","소현은 습격을 혁권 탓으로 돌리지 않고 그의 귀환을 기다리겠다고 약속하며으로 다음 선택에 쓸 구체적 정보나 자원을 얻는다.","관계","혁권·소현의 처지와 관계 상태가 이번 사건 결과만큼 비가역적으로 이동한다.","칼 하인츠가 예치 조건이 그것뿐인지 되묻는다","소현은 습격을 혁권 탓으로 돌리지 않고 그의 귀환을 기다리겠다고 약속하며의 즉시 결과가 확정된다.","칼 하인츠가 예치 조건이 그것뿐인지 되묻는다","GA-C52","0.91"
"998","대망 998화","","136523","136650","칼 하인츠가 예치 조건이 그것뿐인지 되묻는다 뒤 혁권·스텐저·샌더슨/버진아일랜드, 혁권·조나단/잠보앙가 공항·리조트, 김인철·로페즈/잠보앙가 저택에서 새 대응이 시작된다.","혁권·스텐저·샌더슨가 칼 하인츠가 28억 달러 예치 조건을 받아들이고 도이치뱅크의 계좌 추적으로 김인철의 잠보앙가 은신처와 MILF 용병대금 100만 달러 인출이 드러나며, 혁권이 15명과 현지에 도착하자 김인철은 그날 밤 선제 습격을 명령한다의 결과를 만든다.","혁권은 김인철 확인사살과 제주 샹그릴라 청혼 국면에서 주도권과 실익을 확보하려 한다.","칼 하인츠가 28억 달러 예치 조건을 받아들이고 도이치뱅크의 계좌 추적으로 김인철의 잠보앙가 은신처와 MILF 용병대금 100만 달러 인출이 드러나며, 혁권이 15명과 현지에 도착하자 김인철은 그날 밤 선제 습격을 명령한다","전병주는 펜타닐 과다복용으로 위장된 시체로 발견되고, 의사는 다시 벌어진 혁권의 어깨·복부 상처 때문에 입원을 권한다.","해 질 무렵 리조트 발코니에 있던 혁권에게 백성균이 찾아온다","칼 하인츠가 28억 달러 예치 조건을 받아들이고 도이치뱅크의 계좌 추적으로 김인철의 잠보앙가 은신처와 MILF 용병대금 100만 달러 인출이 드러나며으로 다음 선택에 쓸 구체적 정보나 자원을 얻는다.","관계","혁권·스텐저·샌더슨의 처지와 관계 상태가 이번 사건 결과만큼 비가역적으로 이동한다.","해 질 무렵 리조트 발코니에 있던 혁권에게 백성균이 찾아온다","칼 하인츠가 28억 달러 예치 조건을 받아들이고 도이치뱅크의 계좌 추적으로 김인철의 잠보앙가 은신처와 MILF 용병대금 100만 달러 인출이 드러나며의 즉시 결과가 확정된다.","해 질 무렵 리조트 발코니에 있던 혁권에게 백성균이 찾아온다","GA-C52","0.91"
"999","대망 999화","","136651","136789","해 질 무렵 리조트 발코니에 있던 혁권에게 백성균이 찾아온다 뒤 혁권·백성균/잠보앙가 리조트 객실, 태영준·박원중/1층 테라스, 김인철·로페즈·MILF 용병/야자수 숲에서 새 대응이 시작된다.","혁권·백성균가 혁권은 소현에게 줄 다이아몬드 반지를 보며 술을 마시고, 태영준은 갑자기 벌레 소리가 끊긴 것을 감지해 팀원 무장을 지시하지만 김인철은 용병 스무 명과 경호원들에게 리조트의 전원을 몰살하라고 명령해 총격을 시작한다의 결과를 만든다.","혁권은 김인철 확인사살과 제주 샹그릴라 청혼 국면에서 주도권과 실익을 확보하려 한다.","혁권은 소현에게 줄 다이아몬드 반지를 보며 술을 마시고, 태영준은 갑자기 벌레 소리가 끊긴 것을 감지해 팀원 무장을 지시하지만 김인철은 용병 스무 명과 경호원들에게 리조트의 전원을 몰살하라고 명령해 총격을 시작한다","전병주는 펜타닐 과다복용으로 위장된 시체로 발견되고, 의사는 다시 벌어진 혁권의 어깨·복부 상처 때문에 입원을 권한다.","김인철은 용병 스무 명과 경호원들에게 리조트의 전원을 몰살하라고 명령해 총격을 시작한다","혁권은 소현에게 줄 다이아몬드 반지를 보며 술을 마시고으로 다음 선택에 쓸 구체적 정보나 자원을 얻는다.","관계","혁권·백성균의 처지와 관계 상태가 이번 사건 결과만큼 비가역적으로 이동한다.","혁권이 습격을 확인한 순간 폭발과 함께 유리창이 깨지고 총탄이 객실로 쏟아진다","혁권은 소현에게 줄 다이아몬드 반지를 보며 술을 마시고의 즉시 결과가 확정된다.","혁권이 습격을 확인한 순간 폭발과 함께 유리창이 깨지고 총탄이 객실로 쏟아진다","GA-C52","0.91"
"1000","대망 1000화","","136790","136917","혁권이 습격을 확인한 순간 폭발과 함께 유리창이 깨지고 총탄이 객실로 쏟아진다 뒤 혁권·태영준·김선호·하킴/잠보앙가 리조트에서 새 대응이 시작된다.","혁권·태영준·김선호·하킴가 태영준 팀이 AK-47·RPK·RPG 공격을 저지하고 김선호가 RPG 사수 둘을 저격하지만 제압사격에 밀리자, 혁권은 연막탄과 수류탄 엄호 아래 하킴·라미·아미르와 담장을 넘어 적 측면으로 우회한다의 결과를 만든다.","혁권은 김인철 확인사살과 제주 샹그릴라 청혼 국면에서 주도권과 실익을 확보하려 한다.","태영준 팀이 AK-47·RPK·RPG 공격을 저지하고 김선호가 RPG 사수 둘을 저격하지만 제압사격에 밀리자, 혁권은 연막탄과 수류탄 엄호 아래 하킴·라미·아미르와 담장을 넘어 적 측면으로 우회한다","전병주는 펜타닐 과다복용으로 위장된 시체로 발견되고, 의사는 다시 벌어진 혁권의 어깨·복부 상처 때문에 입원을 권한다.","제압사격에 밀리자, 혁권은 연막탄과 수류탄 엄호 아래 하킴·라미·아미르와 담장을 넘어 적 측면으로 우회한다","태영준 팀이 AK-47·RPK·RPG 공격을 저지하고 김선호가 RPG 사수 둘을 저격하지만 제압사격에 밀리자으로 다음 선택에 쓸 구체적 정보나 자원을 얻는다.","세계","혁권·태영준·김선호·하킴의 처지와 세계 상태가 이번 사건 결과만큼 비가역적으로 이동한다.","혁권 일행이 숲을 가로질러 용병들의 측면 직전까지 은밀히 접근한다","태영준 팀이 AK-47·RPK·RPG 공격을 저지하고 김선호가 RPG 사수 둘을 저격하지만 제압사격에 밀리자의 즉시 결과가 확정된다.","혁권 일행이 숲을 가로질러 용병들의 측면 직전까지 은밀히 접근한다","GA-C52","0.91"
"1001","대망 1001화","","136918","137094","혁권 일행이 숲을 가로질러 용병들의 측면 직전까지 은밀히 접근한다 뒤 혁권·김인철·하킴·라미·아미르·태영준/리조트 정문·잠보앙가 숲길에서 새 대응이 시작된다.","혁권·김인철·하킴·라미·아미르·태영준가 혁권의 첫 탄은 김인철을 스치고 어깨만 맞히지만 양면 협공으로 용병대를 궤멸시키며, 김인철이 벤츠 G바겐으로 달아나자 라미의 볼보가 추격·총격·차량 충돌 끝에 두 차를 도로 밖 나무로 밀어붙인다의 결과를 만든다.","혁권은 김인철 확인사살과 제주 샹그릴라 청혼 국면에서 주도권과 실익을 확보하려 한다.","혁권의 첫 탄은 김인철을 스치고 어깨만 맞히지만 양면 협공으로 용병대를 궤멸시키며, 김인철이 벤츠 G바겐으로 달아나자 라미의 볼보가 추격·총격·차량 충돌 끝에 두 차를 도로 밖 나무로 밀어붙인다","전병주는 펜타닐 과다복용으로 위장된 시체로 발견되고, 의사는 다시 벌어진 혁권의 어깨·복부 상처 때문에 입원을 권한다.","양면 협공으로 용병대를 궤멸시키며, 김인철이 벤츠 G바겐으로 달아나자 라미의 볼보가 추격·총격·차량 충돌 끝에 두 차를 도로 밖 나무로 밀어붙인다","혁권의 첫 탄은 김인철을 스치고 어깨만 맞히지만 양면 협공으로 용병대를 궤멸시키며으로 다음 선택에 쓸 구체적 정보나 자원을 얻는다.","관계","혁권·김인철·하킴·라미·아미르·태영준의 처지와 관계 상태가 이번 사건 결과만큼 비가역적으로 이동한다.","볼보와 G바겐이 아름드리나무에 충돌해 엔진 연기를 내며 멈춘다","혁권의 첫 탄은 김인철을 스치고 어깨만 맞히지만 양면 협공으로 용병대를 궤멸시키며의 즉시 결과가 확정된다.","볼보와 G바겐이 아름드리나무에 충돌해 엔진 연기를 내며 멈춘다","GA-C52","0.91"
"1002","대망 1002화","","137095","137268","차량 충돌 뒤 혁권과 김인철 모두 부상한 채 잠보앙가 숲길에 남았다.","수십 년 악연의 생사 결산과 소현에게 돌아갈 수 있는지가 한 화에서 지급된다.","혁권은 김인철과 로페즈를 자기 손으로 끝내고 제주에 있는 소현에게 돌아가려 한다.","로페즈를 확인사살하고 김인철과 근접 총격을 벌인 뒤 허벅지와 머리에 총탄을 박는다.","혁권은 어깨 관통상과 다시 터진 옆구리 상처를 입고 하킴 등 부하들도 중상을 입는다.","김인철의 마지막 기습탄을 피한 혁권이 가슴·복부·허벅지에 이어 머리를 쏴 생사를 확정한다.","김인철의 죽음으로 태일가에서 시작된 오랜 복수가 끝나고 혁권은 제주로 귀환한다.","관계","적대 관계는 소멸하고 혁권·소현 관계는 다이아몬드 반지와 청혼 승낙으로 평생 약속이 된다.","소현이 “무조건 예스”라고 답하고 혁권이 사랑을 고백하며 작품이 완결된다.","김인철·로페즈와의 악연이 완전히 닫힌다.","복수 이후 소현과 함께 살아갈 삶이 열린다.","GA-C52","0.91"
