"sequence","visible_label","title","start_line","end_line","entry_state","reader_promise","protagonist_goal","action","resistance_or_cost","turn_or_reveal","paid_reward","state_change_axis","state_change","ending_hook","closed_loops","opened_loops","arc_id","confidence"
"1","대망 001화","버려지다","1","174","가볍게 노크를 한 뒤 혁권이 문을 열고 안으로 들어가자 영업 1부 부장인 이동철이 책상 앞에 앉아 고개를 들어 그를 봤다.","버려지다 — 가볍게 노크를 한 뒤 혁권이 문을 열고 안으로 들어가자 영업 1부 부장인 이동철이 책상 앞에 앉아 고개를 들어 그를 봤다.","자신이 뭔가 이상하다고 그렇게 만류했음에도 불구하고 회장의 셋째 아들인 김인철 이사와 지금 눈앞에 있는 이동철 부장이 우겨서 무리하게 거래를 추진하는 바람에 입은 손해 아니냐고 따져 묻고 싶은 마음이 굴뚝같았다.","가볍게 노크를 한 뒤 혁권이 문을 열고 안으로 들어가자 영업 1부 부장인 이동철이 책상 앞에 앉아 고개를 들어 그를 봤다.","하긴 동네방네 떠들어 댈 만큼 좋은 일도 아니지. 커피값은 더럽게 비싸게 받으면서 담배 하나 마음대로 못 피우고 정말 지랄 같네.","혁권은 손목시계를 확인하고는 고개를 끄덕였다.","인천공항에 도착해 짐을 먼저 부치고 티켓을 발권받아 나오자 누가 그의 등을 가볍게 쳤다.","relationship","인천공항에 도착해 짐을 먼저 부치고 티켓을 발권받아 나오자 누가 그의 등을 가볍게 쳤다.","미소로 마지막 말을 대신한 혁권은 몸을 돌려 출국 심사대로 걸어갔다.","인천공항에 도착해 짐을 먼저 부치고 티켓을 발권받아 나오자 누가 그의 등을 가볍게 쳤다.","미소로 마지막 말을 대신한 혁권은 몸을 돌려 출국 심사대로 걸어갔다.","GA-A01","0.92"
"2","대망 002화","","175","318","트리폴리Tripoli는 아프리카의 석유 부국인 리비아의 수도로 한국과는 상당히 멀리 떨어진 곳이었다.","머리맡에 놔둔 손목시계를 확인한 혁권이 낭패한 얼굴로 몸을 일으켰을 때 반팔 셔츠 차림의 한상수 과장이 욕실에서 나왔다.; 그래서 그런지 시내 중심가에서 34㎞ 남쪽에 있는 트리폴리 국제공항은 곳곳에 전투의 흔적이 남아 있었다.","여기가 트리폴리에서 가장 안전한 곳 중 하나라서야. 오면서 봤는지 모르겠지만 중무장한 사설 경비원들은 물론이고 리비아 현지 경찰이 경비 초소를 세워 놓고 호텔을 24시간 지키고 있거든…","머리맡에 놔둔 손목시계를 확인한 혁권이 낭패한 얼굴로 몸을 일으켰을 때 반팔 셔츠 차림의 한상수 과장이 욕실에서 나왔다.","그래서 그런지 시내 중심가에서 34㎞ 남쪽에 있는 트리폴리 국제공항은 곳곳에 전투의 흔적이 남아 있었다.","가슴을 쿡쿡 찌르는 말에 혁권은 순간 울컥하면서도 그게 현실임을 인정하지 않을 수 없었다.","혁권 — 지사 직원이라고 해봤자. 달랑 혼자뿐인데 사무실은 무슨… 그리고 여기서 제일 싼 방이지만 한 달 숙박료가 3천 달러나 되거든.","money","혁권 — 지사 직원이라고 해봤자. 달랑 혼자뿐인데 사무실은 무슨… 그리고 여기서 제일 싼 방이지만 한 달 숙박료가 3천 달러나 되거든.","이제부터 그가 맡아서 해야 하는 일이었기에 혁권은 한상수 과장을 따라 걸음을 옮기면서 하는 이야기들을 머릿속에 새겨 넣었다.","지사 직원이라고 해봤자. 달랑 혼자뿐인데 사무실은 무슨… 그리고 여기서 제일 싼 방이지만 한 달 숙박료가 3천 달러나 되거든.","이제부터 그가 맡아서 해야 하는 일이었기에 혁권은 한상수 과장을 따라 걸음을 옮기면서 하는 이야기들을 머릿속에 새겨 넣었다.","GA-A01","0.89"
"3","대망 003화","","319","468","기둥을 돌아가자 칸막이를 쳐서 만든 비즈니스 센터가 나왔다.","난 압둘라흐만이라고 합니다. 여기 트리폴리에서 작은 무역회사를 하나 운영하고 있지요.; 한상수 과장의 말처럼 유배자나 마찬가지여서 과연 이걸 누가 관심을 가지고 보기나 할까 의심스러웠지만, 이렇게라도 하지 않으면 자신이 무기력해질 것 같았다.","접속되자 혁권은 한상수 과장이 미리 만들어 놓은 업무 보고서와 자신이 트리폴리에 도착했다는 메일을 써서 보냈다.","난 압둘라흐만이라고 합니다. 여기 트리폴리에서 작은 무역회사를 하나 운영하고 있지요.","한상수 과장의 말처럼 유배자나 마찬가지여서 과연 이걸 누가 관심을 가지고 보기나 할까 의심스러웠지만, 이렇게라도 하지 않으면 자신이 무기력해질 것 같았다.","지도를 보던 그의 눈에 트리폴리와 바로 인접해 붙어 있는 튀니지Tunisia가 들어왔다.","혁권 — 선금으로 절반을 먼저 주고 나머지는 물건이 도착하면 지급해 주겠소. 아, 물론 미국 달러로 말이오.","world","혁권 — 선금으로 절반을 먼저 주고 나머지는 물건이 도착하면 지급해 주겠소. 아, 물론 미국 달러로 말이오.","물론 육로를 이용해서 화물을 다시 트리폴리로 안전하게 가져오는 문제가 남아 있었지만, 이 정도면 충분히 해 볼 만하다는 것이 그의 생각이었다.","선금으로 절반을 먼저 주고 나머지는 물건이 도착하면 지급해 주겠소. 아, 물론 미국 달러로 말이오.","물론 육로를 이용해서 화물을 다시 트리폴리로 안전하게 가져오는 문제가 남아 있었지만, 이 정도면 충분히 해 볼 만하다는 것이 그의 생각이었다.","GA-A01","0.89"
"4","대망 004화","첫 거래","469","626","눈을 반짝이며 화물선 운항 표를 꼼꼼하게 살핀 혁권은 부산항에서 튀니지의 수도인 튀니스Tunis로 가는 배편을 찾아낼 수 있었다.","첫 거래 — 계약서 내용을 천천히 확인해 본 압둘라흐만은 만년필을 꺼내 끝부분에 서명했다.","혁권 — 계획보다 지출이 많아지겠지만 어차피 이번 거래는 수익을 남기기보다는 거래처를 뚫는 것이 목적이었기에 그는 길게 고심하지 않고 주머니에서 지갑을 꺼냈다.","계약서 내용을 천천히 확인해 본 압둘라흐만은 만년필을 꺼내 끝부분에 서명했다.","혁권은 운송 문제로 기존 거래처와 문제가 생겼다는 걸 눈치챌 수 있었지만, 일부러 내색하지 않았다.","많은 걸 내포한 말에 자말은 다 이해할 수는 없었지만 혁권이 단순하게 실적을 올리려고 이번 일을 밀어붙이는 건 아니라는 것을 깨달았다.","원하던 말이 나오자 혁권은 자신도 모르게 나오려는 환호성을 애써 참으면서 침착하게 준비해 온 계약서를 꺼냈다.","money","원하던 말이 나오자 혁권은 자신도 모르게 나오려는 환호성을 애써 참으면서 침착하게 준비해 온 계약서를 꺼냈다.","뒤 일행을 태운 사륜구동차는 거친 엔진음을 울리면서 호텔을 빠져나갔다.","원하던 말이 나오자 혁권은 자신도 모르게 나오려는 환호성을 애써 참으면서 침착하게 준비해 온 계약서를 꺼냈다.","뒤 일행을 태운 사륜구동차는 거친 엔진음을 울리면서 호텔을 빠져나갔다.","GA-A02","0.92"
"5","대망 005화","","627","746","거의 한 달 넘게 호텔 안에서 감옥에 갇힌 것처럼 생활하다가 밖으로 나오자 홀가분한 기분이 들면서도 한편으로 두렵기도 했다.","녹색이라고는 전혀 보이지 않는 건조한 사막에 질린 혁권이 생수병을 꺼내 몇 모금 마셨을 때쯤 운전대를 잡고 있던 하킴이 갑자기 브레이크를 밟으며 차를 멈춰 세웠다.; 왠지 황량한 사막 한복판에 쓸쓸히 죽어 있는 사람들의 모습이 남 일 같지 않게 느껴진 거였다.","먼저 내린 자말이 수염을 텁수룩하게 기르고 지저분한 모자를 눌러쓴 무장 세력 병사에게 담배를 한 개비 건네주고는 자연스럽게 몇 마디 이야기를 나누더니 이내 다시 차로 돌아왔다.","녹색이라고는 전혀 보이지 않는 건조한 사막에 질린 혁권이 생수병을 꺼내 몇 모금 마셨을 때쯤 운전대를 잡고 있던 하킴이 갑자기 브레이크를 밟으며 차를 멈춰 세웠다.","왠지 황량한 사막 한복판에 쓸쓸히 죽어 있는 사람들의 모습이 남 일 같지 않게 느껴진 거였다.","자말이 슬쩍 턱짓으로 가리키는 곳을 보자 다른 이들과 달리 짙은 회색 군복에 군화를 신고 허리에 권총을 찬 젊은 사내가 차 안에 앉아 있는 것이 눈에 들어왔다.","혁권 — 500달러나 되는 관세를 받으면서 따로 뇌물까지 챙기는 것이다.","relationship","혁권 — 500달러나 되는 관세를 받으면서 따로 뇌물까지 챙기는 것이다.","뇌물을 받자 표정이 풀어진 지휘관이 혁권을 보며 말했다.","500달러나 되는 관세를 받으면서 따로 뇌물까지 챙기는 것이다.","뇌물을 받자 표정이 풀어진 지휘관이 혁권을 보며 말했다.","GA-A02","0.89"
"6","대망 006화","","747","895","자말이 눈짓을 하자 혁권은 살짝 고개를 숙이고는 영어로 인사를 했다.","혁권 — 갑작스러운 총격에 미처 피하지 못한 사내는 춤을 추듯 몸을 흔들어 대면서 짐칸에 널브러졌다.; 자신도 무장 강도들한테 당해 목숨을 잃고 황량한 사막에 버려질지도 모른다는 생각에 후회와 불안감이 물밀듯 밀려왔다.","간발의 차이로 벌집이 될 뻔한 걸 피한 혁권은 겁에 질린 운전사가 트럭을 멈추려고 하자 총구를 들이대며 위협했다.","혁권 — 갑작스러운 총격에 미처 피하지 못한 사내는 춤을 추듯 몸을 흔들어 대면서 짐칸에 널브러졌다.","자신도 무장 강도들한테 당해 목숨을 잃고 황량한 사막에 버려질지도 모른다는 생각에 후회와 불안감이 물밀듯 밀려왔다.","끝도 없이 펼쳐진 사막에 어느새 눈이 뻑뻑해지고 긴장이 조금씩 풀려 갈 때쯤 갑자기 무전기에서 자말의 다급한 목소리가 들렸다.","혁권 — 뒈졌으면 독수리들의 밥이 될 테고 운 좋게 살았다면 스스로 도망친 거니까 알아서 살길을 찾겠지요. 강도를 격퇴했지만 언제 또 다른 놈들이 나타날지 모르니, 행여 다시 돌아가자는 말은 하지 마시오.","relationship","혁권 — 뒈졌으면 독수리들의 밥이 될 테고 운 좋게 살았다면 스스로 도망친 거니까 알아서 살길을 찾겠지요. 강도를 격퇴했지만 언제 또 다른 놈들이 나타날지 모르니, 행여 다시 돌아가자는 말은 하지 마시오.","사막에서는 해가 금방 떨어졌는데 지평선에 이글이글 타오르는 듯한 석양이 온 세상을 붉게 물들이는가 싶더니 이내 사방이 칠흑 같은 어둠에 휩싸였다.","뒈졌으면 독수리들의 밥이 될 테고 운 좋게 살았다면 스스로 도망친 거니까 알아서 살길을 찾겠지요. 강도를 격퇴했지만 언제 또 다른 놈들이 나타날지 모르니, 행여 다시 돌아가자는 말은 하지 마시오.","사막에서는 해가 금방 떨어졌는데 지평선에 이글이글 타오르는 듯한 석양이 온 세상을 붉게 물들이는가 싶더니 이내 사방이 칠흑 같은 어둠에 휩싸였다.","GA-A02","0.89"
"7","대망 007화","","896","1044","이런 상황을 예상이라도 한 듯 자말은 트렁크 한쪽에 실어 둔 고체 연료 꺼내 모래를 파서 만든 구덩이에 집어넣고는 모닥불을 피웠다.","도망친 운전사 대신 아미르가 컨테이너 트럭을 몰았는데 다행히 트리폴리에 도착할 때까지 별다른 일이 없었다.; 트리폴리 한복판에서 폭탄 테러와 총격전이 심심치 않게 벌어지는 상황이라 도시에 가깝다고 안심할 수는 없었다.","언제든 권총을 뽑아 들 수 있도록 홀더를 머리맡에 놔두고 가죽 시트 위에 몸을 눕히자 차창 밖으로 먹물을 뿌려 놓은 것처럼 새까만 사막의 밤하늘이 보였다.","도망친 운전사 대신 아미르가 컨테이너 트럭을 몰았는데 다행히 트리폴리에 도착할 때까지 별다른 일이 없었다.","트리폴리 한복판에서 폭탄 테러와 총격전이 심심치 않게 벌어지는 상황이라 도시에 가깝다고 안심할 수는 없었다.","왠지 자신을 무시하는 것 같아 기분이 나빴지만, 사막에 대해 이들보다 모르는 건 사실이었기에 혁권은 더 이상 고집을 부리지 않았다.","그 자리에서 하드케이스를 연 혁권은 달러 뭉치가 한가득 들어 있는 걸 확인하고는 머리를 끄덕였다.","relationship","그 자리에서 하드케이스를 연 혁권은 달러 뭉치가 한가득 들어 있는 걸 확인하고는 머리를 끄덕였다.","암울한 현실에서 그를 끄집어낼 수 있는 마지막 동아줄이었기에 마치 악마가 건네주는 달콤한 마약처럼 위험한 걸 알아도 쉽사리 놓기 어려웠다.","그 자리에서 하드케이스를 연 혁권은 달러 뭉치가 한가득 들어 있는 걸 확인하고는 머리를 끄덕였다.","암울한 현실에서 그를 끄집어낼 수 있는 마지막 동아줄이었기에 마치 악마가 건네주는 달콤한 마약처럼 위험한 걸 알아도 쉽사리 놓기 어려웠다.","GA-A02","0.89"
"8","대망 008화","","1045","1189","아마 압둘라흐만도 이걸 알고 혁권에게 접근했을 거였다.","경비 명목으로 5만 불을 뺐는데 박철종 과장이 무슨 돈이 그렇게 많이 들어갔냐고 투덜거렸으나 사막에서 무장 강도와 싸운 이야기를 해 주자 슬그머니 입을 다물었다.; 처음 견적을 낸 것보다 경비가 다소 늘어났지만…","그렇다고 남은 3만 달러를 혁권이 몰래 꿀꺽하려고 챙긴 건 아니었다.","경비 명목으로 5만 불을 뺐는데 박철종 과장이 무슨 돈이 그렇게 많이 들어갔냐고 투덜거렸으나 사막에서 무장 강도와 싸운 이야기를 해 주자 슬그머니 입을 다물었다.","처음 견적을 낸 것보다 경비가 다소 늘어났지만, 어차피 계열 제약회사에서 재고로 몇 년째 창고에 처박혀 있던 물건을 저렴한 가격에 받아 처리한 거였기에 손해를 본 건 아니었다.","수취인란에 영어로 적혀 있는 자신의 이름을 확인한 혁권은 지갑에서 10달러짜리 지폐 두 장을 꺼내 공항 직원한테 줬다.","혁권 — 사실 수십만 달러 이상의 거래들이 빈번하게 이루어지며 수수료 수입이 짭짤하지 않다면 은행에서도 굳이 위험을 감수하고 이런 내전 지역에 지점을 유지할 이유가 없을 터였다.","money","혁권 — 사실 수십만 달러 이상의 거래들이 빈번하게 이루어지며 수수료 수입이 짭짤하지 않다면 은행에서도 굳이 위험을 감수하고 이런 내전 지역에 지점을 유지할 이유가 없을 터였다.","영업에 필요한 기본적인 물품들이 도착하자 혁권은 금방이라도 주문을 마구 받아 낼 것처럼 의욕에 가득 찼다.","사실 수십만 달러 이상의 거래들이 빈번하게 이루어지며 수수료 수입이 짭짤하지 않다면 은행에서도 굳이 위험을 감수하고 이런 내전 지역에 지점을 유지할 이유가 없을 터였다.","영업에 필요한 기본적인 물품들이 도착하자 혁권은 금방이라도 주문을 마구 받아 낼 것처럼 의욕에 가득 찼다.","GA-A02","0.89"
"9","대망 009화","","1190","1312","상자를 닫은 혁권은 자말과 함께 화물 카트를 밀고 공항 주차장으로 갔다.","사실 자말은 카다피 군 장교로 부하들을 이끌고 벵가지 전투에 참여하기는 했지만, 여자와 어린아이들이 있는 건물에 무차별적인 총격을 가하라는 상부의 지시를 거부해 보직을 박탈당했었다…","혁권 — 그렇다고 신규 거래처를 뚫기도 쉽지 않았는데 그나마 관심을 보이는 곳 태반이 과도한 신용 거래를 요구하거나 이쪽을 등쳐먹으려고 했다.","사실 자말은 카다피 군 장교로 부하들을 이끌고 벵가지 전투에 참여하기는 했지만, 여자와 어린아이들이 있는 건물에 무차별적인 총격을 가하라는 상부의 지시를 거부해 보직을 박탈당했었다.","유혈 진압을 선택한 카다피 정권의 군대가 압도적인 전력으로 공격을 가하면서 훈련과 장비가 빈약한 반군은 연전연패당하며 뒤로 밀려났고 최후의 보루가 된 벵가지는 처참한 전장으로 변했다.","그 순간 혁권은 상대가 태일물산의 이름을 밀수에 이용하려 한다는 걸 알아차릴 수 있었다.","혁권은 자말을 정식으로 고용하며 조금씩 다시 하늘 위로 날아오를 날갯짓을 준비했다.","world","혁권은 자말을 정식으로 고용하며 조금씩 다시 하늘 위로 날아오를 날갯짓을 준비했다.","예전 같으면 단칼에 거절했을 일이었지만 그러지 못하고 혁권은 망설였다.","혁권은 자말을 정식으로 고용하며 조금씩 다시 하늘 위로 날아오를 날갯짓을 준비했다.","예전 같으면 단칼에 거절했을 일이었지만 그러지 못하고 혁권은 망설였다.","GA-A02","0.89"
"10","대망 010화","밀수","1313","1464","본사에서 자신의 존재를 잊지 않게 하기 위해서는 지속적인 실적이 필요했기 때문이었다.","밀수 — 압둘라흐만이 고개를 끄덕이자 혁권은 곧장 한쪽에 내려 둔 가방에서 혹시 몰라 챙겨 온 기본 계약서를 꺼내 능숙하게 필요한 것들을 적어 넣었다.","압둘라흐만이 술을 얼마나 밀수하려는지 몰라도 서너 배의 마진이 붙는다면 최소한 이번 거래가 자신을 속이는 건 아닌 것 같았다.","압둘라흐만이 고개를 끄덕이자 혁권은 곧장 한쪽에 내려 둔 가방에서 혹시 몰라 챙겨 온 기본 계약서를 꺼내 능숙하게 필요한 것들을 적어 넣었다.","역효과가 나서 자존심이 상한 아테네 지사 직원들이 혁권의 일에 사사건건 비협조적으로 나올 수도 있었으나 이미 아웃사이더 취급을 받고 있었기에 상관없었다.","주차장으로 간 두 사람은 미리 렌트해 놓은 차를 타고 아테네 시내에 있는 태일 물산 아테네 지사로 향했다.","혁권 — 술 거래가 돈이 된다는 건 알았지만 그래도 수백만 달러나 되는 운송비를 써 가며 가져올 정도인지 의심이 들었다.","status","혁권 — 술 거래가 돈이 된다는 건 알았지만 그래도 수백만 달러나 되는 운송비를 써 가며 가져올 정도인지 의심이 들었다.","실내를 둘러보며 혁권이 하는 너스레에 홍 지사장은 한쪽에 놓인 소파를 가리키며 말했다.","술 거래가 돈이 된다는 건 알았지만 그래도 수백만 달러나 되는 운송비를 써 가며 가져올 정도인지 의심이 들었다.","실내를 둘러보며 혁권이 하는 너스레에 홍 지사장은 한쪽에 놓인 소파를 가리키며 말했다.","GA-A03","0.92"
"11","대망 011화","","1465","1627","두 사람이 마주 보며 엉덩이를 붙이고 앉자 기다렸다는 듯이 아까 사무실에 들어오며 처음 봤던 여직원이 차를 내려놓고 나갔다.","만약을 대비해서 무기를 사러 나가려는 걸 눈치채고 혁권이 돈을 주자 자말은 머리를 끄덕이고는 아무 말 없이 받았다.; 이미 한차례 얼굴을 붉힌 상태였기에 혁권은 굳이 여기서 그 부분을 지적하지 않았다.","어떤 거래든 협상이 필요하다는 것이 평상시 혁권의 지론이었고 상사맨이 가져야 할 기본 자세였다.","만약을 대비해서 무기를 사러 나가려는 걸 눈치채고 혁권이 돈을 주자 자말은 머리를 끄덕이고는 아무 말 없이 받았다.","이미 한차례 얼굴을 붉힌 상태였기에 혁권은 굳이 여기서 그 부분을 지적하지 않았다.","그렇기에 경험 많은 상사맨들은 대부분 직접 두 눈으로 물건을 확인한 뒤에 결정을 내렸다.","배들을 다 둘러보고 계약까지 끝내려면 일찍 출발해야겠군. 아침 8시까지 호텔 앞으로 와.","status","배들을 다 둘러보고 계약까지 끝내려면 일찍 출발해야겠군. 아침 8시까지 호텔 앞으로 와.","다행히 자말이 가져온 건 수동식 안전장치가 부착된 개량형이었다.","배들을 다 둘러보고 계약까지 끝내려면 일찍 출발해야겠군. 아침 8시까지 호텔 앞으로 와.","다행히 자말이 가져온 건 수동식 안전장치가 부착된 개량형이었다.","GA-A03","0.89"
"12","대망 012화","","1628","1762","상당히 투박하고 중고품이라 조금은 낡고 손때가 묻어 있지만 그런 모습이 마치 역전의 노병 같아서 오히려 마음에 들었다.","아테네에서 남서쪽으로 10㎞ 정도밖에 안 떨어져 있었기에 출발한 지 30분도 안 돼서 목적지인 피레우스 항구에 도착했다.; 혁권은 피레우스 항만관리사무소에서 뇌물을 주고 빼낸 선박 관련 자료와 견적서를 꼼꼼히 비교해 가며 적당한 화물선을 추려냈다.","아테네로 돌아온 일행은 해운사들에 다시 공문을 보내 용선 견적 냈다.","아테네에서 남서쪽으로 10㎞ 정도밖에 안 떨어져 있었기에 출발한 지 30분도 안 돼서 목적지인 피레우스 항구에 도착했다.","혁권은 피레우스 항만관리사무소에서 뇌물을 주고 빼낸 선박 관련 자료와 견적서를 꼼꼼히 비교해 가며 적당한 화물선을 추려냈다.","총 260만 달러짜리 계약이었지만 본사에 보낸 계약서에는 100만 달러로 되어 있었기에 가능하면 거기에 맞춰야 했다.","혁권 — 지난번 자료는 부풀려진 거라고 쳐도 이번에 받은 견적서들도 대부분 50만 달러 전후이고 제일 낮은 것이 43만 달러입니다. 그런데 그것보다 작게 주고 용선이 가능하겠습니까?","money","혁권 — 지난번 자료는 부풀려진 거라고 쳐도 이번에 받은 견적서들도 대부분 50만 달러 전후이고 제일 낮은 것이 43만 달러입니다. 그런데 그것보다 작게 주고 용선이 가능하겠습니까?","많은 견적서 중에 가장 괜찮은 걸 3개만 추려낸 혁권은 다시 피레우스 항구로 가서 해당 화물선 상태까지 확인한 후 직접 해운 회사를 찾아가 용선료 협상을 했다.","지난번 자료는 부풀려진 거라고 쳐도 이번에 받은 견적서들도 대부분 50만 달러 전후이고 제일 낮은 것이 43만 달러입니다. 그런데 그것보다 작게 주고 용선이 가능하겠습니까?","많은 견적서 중에 가장 괜찮은 걸 3개만 추려낸 혁권은 다시 피레우스 항구로 가서 해당 화물선 상태까지 확인한 후 직접 해운 회사를 찾아가 용선료 협상을 했다.","GA-A03","0.89"
"13","대망 013화","","1763","1884","쥬피터 해운 전무라고 자신을 소개했던 흑발 중년인의 물음에 혁권은 담담한 얼굴로 액수를 다시 이야기했다.","계약서를 다시 서류 봉투에 넣어 옆에 놔둔 혁권은 담배를 꺼내 입에 물면서 말을 이었다.; 말은 쉽게 하지만 아무리 회사 영업망을 이용한다고 해도 적정한 수량의 화물을 날짜와 도착지까지 맞춰 찾아낸다는 건 보통 일이 아니었다.","그 자리에서 바로 계약서가 작성됐고 혁권은 이런 상황을 예상이라도 한 듯 미리 찾아 둔 돈을 선금으로 지불했다.","계약서를 다시 서류 봉투에 넣어 옆에 놔둔 혁권은 담배를 꺼내 입에 물면서 말을 이었다.","말은 쉽게 하지만 아무리 회사 영업망을 이용한다고 해도 적정한 수량의 화물을 날짜와 도착지까지 맞춰 찾아낸다는 건 보통 일이 아니었다.","원한다면 계약서에 명시해 드릴 수도 있습니다. 여기까지가 할 수 있는 마지막 제안입니다. 자, 이제 어떻게 하시겠습니까?","혁권 — 특히나 해운사는 용선료를 10만 달러나 낮춰 줬지만 대신 조금 둘러서 돌아오며 40만 달러의 추가 운임을 벌게 됐으니 불만이 있을 수가 없었다.","money","혁권 — 특히나 해운사는 용선료를 10만 달러나 낮춰 줬지만 대신 조금 둘러서 돌아오며 40만 달러의 추가 운임을 벌게 됐으니 불만이 있을 수가 없었다.","이거야말로 처음 그가 태일 물산에 입사했을 때부터 꿈꾸던 진정한 상사맨의 모습이었다.","특히나 해운사는 용선료를 10만 달러나 낮춰 줬지만 대신 조금 둘러서 돌아오며 40만 달러의 추가 운임을 벌게 됐으니 불만이 있을 수가 없었다.","이거야말로 처음 그가 태일 물산에 입사했을 때부터 꿈꾸던 진정한 상사맨의 모습이었다.","GA-A03","0.89"
"14","대망 014화","","1885","2013","진심 어린 충고에 고개를 끄덕이던 성석호는 그동안 온실 속의 화초처럼 편히 지내다가 막상 일이 닥치자 용선 업무 하나 제대로 해내지 못하고 자칫 큰 손해를 입힐 뻔한 걸 떠올리고는 침울한 표정을 지었다.","나도 참 손이 많이 가는 후배를 뒀다고 생각하며 혁권은 거의 다 타들어 간 담배를 손가락으로 튕겨 차창 밖으로 날렸다.; 그러다 보니 자금 출처를 명확히 밝히기 어려웠던 혁권은 어쩔 수 없이 리비아 지사 실적이 아닌 개인적인 사업으로 진행했다.","한편 용선 계약을 끝낸 혁권은 선적 날이 될 때까지 호텔에서 그냥 쉬는 것이 아니라 오히려 더 바쁘게 돌아다니고 있었다.","나도 참 손이 많이 가는 후배를 뒀다고 생각하며 혁권은 거의 다 타들어 간 담배를 손가락으로 튕겨 차창 밖으로 날렸다.","그러다 보니 자금 출처를 명확히 밝히기 어려웠던 혁권은 어쩔 수 없이 리비아 지사 실적이 아닌 개인적인 사업으로 진행했다.","그 자리에서 계약서를 쓴 혁권은 선금으로 1만 달러를 주고 나머지는 타이어를 화물선에 선적한 뒤 지급하기로 했다.","혁권 — 그럼 1만 달러를 더 붙여서 10만 달러에 합의를 봅시다. 어차피 그쪽도 떠안고 있어 봤자 창고비만 나오는 재고품이니 이렇게라도 처분해 버리는 것이 낫지 않습니까?","money","혁권 — 그럼 1만 달러를 더 붙여서 10만 달러에 합의를 봅시다. 어차피 그쪽도 떠안고 있어 봤자 창고비만 나오는 재고품이니 이렇게라도 처분해 버리는 것이 낫지 않습니까?","하얀 담배 연기를 내뱉은 혁권은 손목에 찬 시계를 보며 말했다.","그럼 1만 달러를 더 붙여서 10만 달러에 합의를 봅시다. 어차피 그쪽도 떠안고 있어 봤자 창고비만 나오는 재고품이니 이렇게라도 처분해 버리는 것이 낫지 않습니까?","하얀 담배 연기를 내뱉은 혁권은 손목에 찬 시계를 보며 말했다.","GA-A03","0.89"
"15","대망 015화","테러Ⅰ","2014","2146","기다렸다는 듯이 컨테이너를 실은 대형 트레일러 스무 대가 줄을 지어 이쪽으로 다가왔다.","테러Ⅰ — 그리스에서 출발한 지 사흘이 채 안 됐고 무엇보다 하루가 멀다 하고 폭탄 테러와 납치 사건이 발생할 정도로 최악인 리비아의 치안 상황을 선원들도 알고 있었기에 조금 투덜거리기만 할 뿐 고분고분 지시를 따랐다.","화물선을 타고 리비아로 돌아가기로 한 혁권은 함교 밖 난간에 서서 수평선 너머로 서서히 지고 있는 황금빛 노을을 바라봤다.","그리스에서 출발한 지 사흘이 채 안 됐고 무엇보다 하루가 멀다 하고 폭탄 테러와 납치 사건이 발생할 정도로 최악인 리비아의 치안 상황을 선원들도 알고 있었기에 조금 투덜거리기만 할 뿐 고분고분 지시를 따랐다.","걱정했던 것과 달리 너무 쉽게 일이 끝나 조금 맥이 풀리는 기분이 들기도 했지만, 어찌 됐건 언제 터질지 모르는 시한폭탄이나 마찬가지인 컨테이너들을 모두 넘겨 버리자 한결 마음이 편해졌다.","초록색 LED 램프에 불이 들어오며 진폐임이 확인되자 혁권은 머리를 끄덕이고는 가방을 다시 닫았다.","혁권 — 상대편 이야기대로 쓸데없이 시선을 집중시켜서 득 될 것이 없는 데다 그는 약속된 돈만 확실히 받으면 됐기에 크게 신경 쓰지 않았다.","relationship","혁권 — 상대편 이야기대로 쓸데없이 시선을 집중시켜서 득 될 것이 없는 데다 그는 약속된 돈만 확실히 받으면 됐기에 크게 신경 쓰지 않았다.","그러고는 묵직한 음성으로 입을 열었다.","상대편 이야기대로 쓸데없이 시선을 집중시켜서 득 될 것이 없는 데다 그는 약속된 돈만 확실히 받으면 됐기에 크게 신경 쓰지 않았다.","그러고는 묵직한 음성으로 입을 열었다.","GA-A04","0.92"
"16","대망 016화","","2147","2285","부동자세로 대답하는 부하들의 모습에 마치 예전 군 시절로 돌아간 것처럼 군기가 바짝 들어 있었다.","차 문을 닫고 내린 혁권이 막 호텔 안으로 발걸음을 옮기려는 순간 고막을 때리는 엄청난 폭음이 울려 퍼졌다.; 그사이 쥬피터 3호에 값비싼 화물이 실려 있다는 소문이 퍼지면 습격을 당할 확률이 더 커지기에 욕심을 부리지 않고 적당한 선에서 물건을 넘기기로 했다.","불과 한 달 전이었다면 무리를 해서라도 오더를 따내려고 했을 테지만 압둘라흐만 덕분에 어느 정도 실적을 올린 상태라 여유를 가질 수 있었다.","차 문을 닫고 내린 혁권이 막 호텔 안으로 발걸음을 옮기려는 순간 고막을 때리는 엄청난 폭음이 울려 퍼졌다.","그사이 쥬피터 3호에 값비싼 화물이 실려 있다는 소문이 퍼지면 습격을 당할 확률이 더 커지기에 욕심을 부리지 않고 적당한 선에서 물건을 넘기기로 했다.","혁권은 아직 몰랐지만, 내부적으로 리비아 지사 철수가 결정되어 있었다.","혁권 — 저야 계약을 하고 싶지만 서로 조건이 맞지 않으니 어쩌겠습니까.","money","혁권 — 저야 계약을 하고 싶지만 서로 조건이 맞지 않으니 어쩌겠습니까.","얼마나 폭발이 컸는지 족히 30미터는 넘게 떨어진 호텔 현관까지 파편이 날아와 떨어졌고 입구에 있던 경비 초소는 박살 나 형태를 알아보기 어려울 지경이었다.","저야 계약을 하고 싶지만 서로 조건이 맞지 않으니 어쩌겠습니까.","얼마나 폭발이 컸는지 족히 30미터는 넘게 떨어진 호텔 현관까지 파편이 날아와 떨어졌고 입구에 있던 경비 초소는 박살 나 형태를 알아보기 어려울 지경이었다.","GA-A04","0.89"
"17","대망 017화","","2286","2442","그 주위로 아까 전까지만 해도 웃으며 인사를 하던 무장 경비원들이 피투성이가 된 채 널브러져 있었다.","여기저기서 터져 나오는 날카로운 비명과 신음을 들으며 그가 멍하니 서 있자 사륜구동차에서 다급히 뛰어내린 자말이 팔을 붙잡아 호텔 안으로 끌고 들어가며 말했다…","그 순간 또 한 차례의 폭음이 울리며 검은색 복면으로 얼굴을 가린 괴한들이 무기를 들고 호텔로 난입해 들어오자 혁권은 상황이 심상치 않게 돌아간다는 걸 깨달았다.","여기저기서 터져 나오는 날카로운 비명과 신음을 들으며 그가 멍하니 서 있자 사륜구동차에서 다급히 뛰어내린 자말이 팔을 붙잡아 호텔 안으로 끌고 들어가며 말했다.","다른 걸 다 제쳐 두더라도 피해자들이 일반인이 아니었기에 국제적인 문제로 확대될 가능성이 크고 리비아 정부의 신뢰도를 크게 추락시킬 수 있기에 적극적으로 대응에 나설 것이 틀림없었다.","리비아 코린시아 호텔에서 테러가 발생했다는 소식은 얼마 지나지 않아 CNN과 알자지라Aljazeera 특파원들을 통해 전 세계로 알려졌다.","혁권 — 금고 안에는 업무 관련 중요 서류와 현금 1만 달러가량이 들어 있었지만, 지금은 그런 걸 챙길 여유가 없었다.","relationship","혁권 — 금고 안에는 업무 관련 중요 서류와 현금 1만 달러가량이 들어 있었지만, 지금은 그런 걸 챙길 여유가 없었다.","그걸 지키지 못했다는 걸 설사 테러가 터졌을 때 호텔 바깥에 있었다고 해도 뭔가 신변에 문제가 생겼다는 뜻이었다.","금고 안에는 업무 관련 중요 서류와 현금 1만 달러가량이 들어 있었지만, 지금은 그런 걸 챙길 여유가 없었다.","그걸 지키지 못했다는 걸 설사 테러가 터졌을 때 호텔 바깥에 있었다고 해도 뭔가 신변에 문제가 생겼다는 뜻이었다.","GA-A04","0.89"
"18","대망 018화","","2443","2592","믿기지 않는 상황에 유기백이 주먹을 꽉 말아 쥐고는 침음성을 흘릴 때 담당 과장인 박철종이 사무실 안으로 들어왔다.","네. 테러범들이 호텔을 장악하고 투숙객과 직원 들을 인질로 삼고 급히 출동한 정부군과 대치 중이라고 합니다.; 걱정과 달리 남은 테러범 한 명도 자말이 벌써 처치하고는 상대가 가지고 있던 AK 자동소총을 빼앗아 드는 걸 보고 안도의 한숨을 내뱉었다.","한편 서울에서 애타게 연락을 기다리고 있는 만큼 코린시아 호텔에 갇힌 혁권도 본사와 접촉을 하기 위해 애를 쓰고 있었다.","네. 테러범들이 호텔을 장악하고 투숙객과 직원 들을 인질로 삼고 급히 출동한 정부군과 대치 중이라고 합니다.","걱정과 달리 남은 테러범 한 명도 자말이 벌써 처치하고는 상대가 가지고 있던 AK 자동소총을 빼앗아 드는 걸 보고 안도의 한숨을 내뱉었다.","인질들이 놀란 표정을 짓는 걸 보고 본능적으로 테러범들이 몸을 돌렸지만, 그때는 이미 바로 코앞까지 두 사람이 접근한 상태였다.","이런 가운데 어느새 카페테리아에 도착한 혁권은 자말과 함께 대리석으로 마감한 벽에 몸을 바짝 붙인 채 고개를 살짝 내밀어 내부를 살폈다.","relationship","이런 가운데 어느새 카페테리아에 도착한 혁권은 자말과 함께 대리석으로 마감한 벽에 몸을 바짝 붙인 채 고개를 살짝 내밀어 내부를 살폈다.","자연스럽게 죽은 자바드의 몸을 뒤져 탄창과 소총을 챙기고 바닥에 떨어진 단도를 집어 들고 몸을 바로 세우자 인질로 잡혀 있던 사람들이 두려움에 찬 얼굴로 그를 바라보는 것이 눈에 들어왔다.","이런 가운데 어느새 카페테리아에 도착한 혁권은 자말과 함께 대리석으로 마감한 벽에 몸을 바짝 붙인 채 고개를 살짝 내밀어 내부를 살폈다.","자연스럽게 죽은 자바드의 몸을 뒤져 탄창과 소총을 챙기고 바닥에 떨어진 단도를 집어 들고 몸을 바로 세우자 인질로 잡혀 있던 사람들이 두려움에 찬 얼굴로 그를 바라보는 것이 눈에 들어왔다.","GA-A04","0.89"
"19","대망 019화","","2593","2734","여자들은 안색이 창백하게 질린 채 손바닥으로 입을 막고 터져 나오려는 비명을 억지로 참고 있는 모습이 금방이라도 기절할 것만 같은 모습이었다.","투숙객과 직원들을 찾아내 로비 한쪽에 몰아넣고 감시하는 가운데 테러범들은 타고 온 차량에서 큼지막한 박스들을 여러 개 호텔 안으로 가지고 들어왔다.; 한편 순식간에 호텔을 장악한 테러범들은 출입구를 완전히 틀어막은 채 인질들을 붙잡아 로비 한쪽에 모아 두고 있었다.","혁권 — 폭탄을 터트리면 자신들도 함께 죽는 건데. 설마 그렇게까지 하려고?","투숙객과 직원들을 찾아내 로비 한쪽에 몰아넣고 감시하는 가운데 테러범들은 타고 온 차량에서 큼지막한 박스들을 여러 개 호텔 안으로 가지고 들어왔다.","한편 순식간에 호텔을 장악한 테러범들은 출입구를 완전히 틀어막은 채 인질들을 붙잡아 로비 한쪽에 모아 두고 있었다.","그거야 호텔에 있는 외국인과 정부 관리들을 인질로 삼으면 함부로 못 건드린다고 생각하는 것 아니겠어.","혁권 — 그들은 인질을 붙잡고 정부와 협상하는 것이 아니라 다 함께 폭사해서 언론의 주목을 받으려고 하는 것이다.","relationship","혁권 — 그들은 인질을 붙잡고 정부와 협상하는 것이 아니라 다 함께 폭사해서 언론의 주목을 받으려고 하는 것이다.","네. 태일 물산 영업 1부입니다.","그들은 인질을 붙잡고 정부와 협상하는 것이 아니라 다 함께 폭사해서 언론의 주목을 받으려고 하는 것이다.","네. 태일 물산 영업 1부입니다.","GA-A04","0.89"
"20","대망 020화","테러Ⅱ","2735","2903","어? 설마 김 대리님이십니까?","테러Ⅱ — 정부 입장에서는 트리폴리 한복판에 그것도 외국인들이 다수 머무는 코린시아 호텔에서 테러가 발생하고 인질극까지 벌어지며 사태가 장기화되는 걸 절대 원하지 않을 테니 진압에 나서는 건 당연한 일이겠지요…","한쪽 손을 들어 경례한 부관은 명령을 전달하기 위해 자리를 떴고 후세인 대령은 뒷짐을 진 채 테러범들이 장악한 호텔을 노려봤다.","정부 입장에서는 트리폴리 한복판에 그것도 외국인들이 다수 머무는 코린시아 호텔에서 테러가 발생하고 인질극까지 벌어지며 사태가 장기화되는 걸 절대 원하지 않을 테니 진압에 나서는 건 당연한 일이겠지요…","다른 때 같았으면 인맥을 만들 기회라고 좋아했겠지만, 테러범들을 피해 도망 다녀야 하는 처지였기에 모함메드의 존재가 부담스러웠다.","정부군을 기다리지 않고 호텔을 탈출하자는 혁권의 말에 사람들은 크게 술렁였다.","혁권 — 강요는 하지 않겠습니다. 저희는 이대로 탈출할 생각이니 같이 움직일 생각이 있는 사람은 따라오십시오.","world","혁권 — 강요는 하지 않겠습니다. 저희는 이대로 탈출할 생각이니 같이 움직일 생각이 있는 사람은 따라오십시오.","이걸로 생사生死가 갈리더라도 그건 자신들의 판단에 의한 것이니 어쩔 수 없는 일이었다.","강요는 하지 않겠습니다. 저희는 이대로 탈출할 생각이니 같이 움직일 생각이 있는 사람은 따라오십시오.","이걸로 생사生死가 갈리더라도 그건 자신들의 판단에 의한 것이니 어쩔 수 없는 일이었다.","GA-A04","0.92"
"21","대망 021화","","2904","3036","말을 끝낸 혁권은 그대로 돌아서서 사람들이 편하게 고심할 수 있도록 자리를 피해 줬다.","말씀하셨으니 다시 한번 알려 드리겠습니다. 리비아의 수도인 트리폴리 내에 자리한 코린시아 호텔에서 현지 시각 오후 3시경 극단주의 무장 단체인 이슬람 형제단이 벌인 테러가 발생했습니다…; 이런 가운데 코린시아 호텔 테러 사건은 리비아 정부군의 진입 작전 실패와 충격적인 부비트랩 폭발 장…","이렇게 되면 십중팔구 상대가 자신들의 존재를 눈치챌 것이고 그럼 혼란스러운 와중에 조용히 호텔을 탈출하려던 계획에 차질이 생길 수밖에 없었다.","말씀하셨으니 다시 한번 알려 드리겠습니다. 리비아의 수도인 트리폴리 내에 자리한 코린시아 호텔에서 현지 시각 오후 3시경 극단주의 무장 단체인 이슬람 형제단이 벌인 테러가 발생했습니다…","이런 가운데 코린시아 호텔 테러 사건은 리비아 정부군의 진입 작전 실패와 충격적인 부비트랩 폭발 장면이 방송사 카메라를 통해 생중계되면서 전 세계의 이목을 더욱 집중시켰다.","테러범들이 호텔을 완전히 장악한 상황에서 사람들이 그나마 믿고 의지할 수 있는 건 혁권과 자말밖에 없었기 때문에 애초에 선택지는 하나밖에 존재하지 않았던 것이다.","혁권 — 저희를 찾기 위해 건물 수색을 시작했습니다. 다행히 아직 지하 주차장 쪽은 생각 못 하는 것 같지만 탈출이 늦어지면 앞뒤로 포위될지도 모릅니다.","relationship","혁권 — 저희를 찾기 위해 건물 수색을 시작했습니다. 다행히 아직 지하 주차장 쪽은 생각 못 하는 것 같지만 탈출이 늦어지면 앞뒤로 포위될지도 모릅니다.","단호하게 말한 혁권은 시선을 들어 문 위에 있는 층수 표시를 봤다.","저희를 찾기 위해 건물 수색을 시작했습니다. 다행히 아직 지하 주차장 쪽은 생각 못 하는 것 같지만 탈출이 늦어지면 앞뒤로 포위될지도 모릅니다.","단호하게 말한 혁권은 시선을 들어 문 위에 있는 층수 표시를 봤다.","GA-A04","0.89"
"22","대망 022화","","3037","3192","화물용이라서 그런지 엘리베이터는 아주 천천히 움직였는데 마음이 초조해서 그런지 더 느리게 느껴졌다.","발끝으로 살짝 들춰 보니 가방 안에 10개 이상은 됨직한 수류탄이 한가득 들어 있는 것을 보고 눈을 반짝인 혁권은 망설임 없이 집어 들어 원래 자신의 것이었던 양어깨에 둘러메었다.; 몸을 일으킨 혁권은 상체를 숙인 채 죽은 테러범들이 피를 흘리며 죽어 있는 곳으로 뛰어갔다.","출입구를 확보한 혁권은 한쪽 구석에서 숨을 죽인 채 싸움을 지켜보던 일행을 부르는 한편 탈출에 쓸 차량을 골랐다.","발끝으로 살짝 들춰 보니 가방 안에 10개 이상은 됨직한 수류탄이 한가득 들어 있는 것을 보고 눈을 반짝인 혁권은 망설임 없이 집어 들어 원래 자신의 것이었던 양어깨에 둘러메었다.","몸을 일으킨 혁권은 상체를 숙인 채 죽은 테러범들이 피를 흘리며 죽어 있는 곳으로 뛰어갔다.","지하 주차장에는 폭탄을 설치해 놓은 곳이 2개나 더 있었는데 절묘하게 호텔 건물의 하중 밸런스를 깨뜨리는 장소였다.","콘크리트 기둥 앞에 도착한 혁권은 떨리는 마음을 애써 가라앉히고는 차분히 폭탄을 살폈다.","relationship","콘크리트 기둥 앞에 도착한 혁권은 떨리는 마음을 애써 가라앉히고는 차분히 폭탄을 살폈다.","동작 감지기나 수은 그리고 진동 스위치처럼 복잡하지 않고 단순한 형태였지만 그래도 엄청나게 위험한 물건인 것은 변하지 않았다.","콘크리트 기둥 앞에 도착한 혁권은 떨리는 마음을 애써 가라앉히고는 차분히 폭탄을 살폈다.","동작 감지기나 수은 그리고 진동 스위치처럼 복잡하지 않고 단순한 형태였지만 그래도 엄청나게 위험한 물건인 것은 변하지 않았다.","GA-A04","0.89"
"23","대망 023화","","3193","3358","옆으로 다가온 자말의 물음에 그는 작게 머리를 끄덕였다.","황급히 폭탄으로 시선을 돌린 혁권은 기폭장치에 붙어 초록색 빛을 깜빡이던 LED 전구가 꺼져 있는 걸 확인하고 주먹을 꽉 움켜쥐었다.; 이렇게 자말이 고군분투하며 테러범들을 막고 있는 사이에 혁권은 폭탄과 씨름을 하고 있었다.","아직 해체해야 하는 폭탄이 2개나 더 있었기에 혁권은 기뻐할 시간이 없었다.","황급히 폭탄으로 시선을 돌린 혁권은 기폭장치에 붙어 초록색 빛을 깜빡이던 LED 전구가 꺼져 있는 걸 확인하고 주먹을 꽉 움켜쥐었다.","이렇게 자말이 고군분투하며 테러범들을 막고 있는 사이에 혁권은 폭탄과 씨름을 하고 있었다.","그 틈을 놓치지 않고 20~30m를 달려간 혁권은 두 번째 폭탄이 설치된 곳에 도착하자 미끄러지듯 바닥을 쓸며 주저앉았다.","여기서 그가 몸을 피한다면 자말이 집중사격을 받아 위험질 것이 뻔했기에 혁권은 물러서지 않고 방아쇠를 계속 당겼다.","relationship","여기서 그가 몸을 피한다면 자말이 집중사격을 받아 위험질 것이 뻔했기에 혁권은 물러서지 않고 방아쇠를 계속 당겼다.","CNN 리비아 특파원인 조지는 약간 지루한 표정으로 입을 열었다.","여기서 그가 몸을 피한다면 자말이 집중사격을 받아 위험질 것이 뻔했기에 혁권은 물러서지 않고 방아쇠를 계속 당겼다.","CNN 리비아 특파원인 조지는 약간 지루한 표정으로 입을 열었다.","GA-A04","0.89"
"24","대망 024화","","3359","3502","장비를 점검하면서 담배를 피우고 있던 카메라맨이 허리를 펴며 말을 받았다.","차는 엉망이 됐지만, 무사히 호텔을 탈출한 것에 혁권은 안도의 한숨을 내쉬었다.; 그렇습니다. 부비트랩 폭발 이후 정부군은 행동을 자제하며 호텔을 장악하고 있는 테러범들의 움직임을 주시하는 중입니다…","호텔에서 쌓인 스트레스를 풀기라도 하려는 듯 모함메드 장관은 고압적인 모습으로 고래고래 소리를 질러 댔고 이내 혁권과 일행은 안전한 곳으로 안내됐다.","차는 엉망이 됐지만, 무사히 호텔을 탈출한 것에 혁권은 안도의 한숨을 내쉬었다.","그렇습니다. 부비트랩 폭발 이후 정부군은 행동을 자제하며 호텔을 장악하고 있는 테러범들의 움직임을 주시하는 중입니다…","우린 호텔 투숙객입니다. 테러범들을 피해 숨어 있다가 탈출을 한 겁니다. 짐칸에 다른 사람들도 있으니 확인해 보십시오.","혁권 — 내가 누군지 몰라! 어렵게 탈출했는데 이게 뭐 하는 짓들이야.","world","혁권 — 내가 누군지 몰라! 어렵게 탈출했는데 이게 뭐 하는 짓들이야.","호텔에서 RPG 로켓이 날아오자 후세인 대령은 망설임 없이 바로 대기 중이던 BMP-3 장갑차에 탑재된 100㎜ 저압 활강포를 발사했다.","내가 누군지 몰라! 어렵게 탈출했는데 이게 뭐 하는 짓들이야.","호텔에서 RPG 로켓이 날아오자 후세인 대령은 망설임 없이 바로 대기 중이던 BMP-3 장갑차에 탑재된 100㎜ 저압 활강포를 발사했다.","GA-A04","0.89"
"25","대망 025화","소환Ⅰ","3503","3633","비명이 울리며 건물 한쪽 벽에 커다란 구멍이 생겼고 이어진 기관총 세례에 테러범들이 줄줄이 쓰러졌다.","소환Ⅰ — 사무실을 둘러보며 그가 말하자 고복수가 한쪽 팔을 들어 안쪽을 가리키며 이야기를 했다.","트리폴리에 가 있는 동안 많은 도움을 준 유기백과 밀린 회포를 풀고 싶었지만 먼저 도착했다는 보고부터 해야 했기에 혁권은 자신이 속해 있는 영업 1부 사무실부터 갔다.","사무실을 둘러보며 그가 말하자 고복수가 한쪽 팔을 들어 안쪽을 가리키며 이야기를 했다.","어차피 회사에 들어가면 피우고 싶어도 못 피울 테니 혁권은 담배 한 대를 꼬나물고 벽에 삐딱하게 기대섰다.","택시에서 내리자 우뚝 서 있는 태일 물산 본사 건물이 눈에 들어왔다.","혁권 — 10만 달러씩 작게 쪼개서 여러 군데를 거쳐 송금했기 때문에 만약 들킨다고 해도 출처를 확인하기 어려울 겁니다.","money","혁권 — 10만 달러씩 작게 쪼개서 여러 군데를 거쳐 송금했기 때문에 만약 들킨다고 해도 출처를 확인하기 어려울 겁니다.","의아한 얼굴로 박철종 과장이 쳐다보자 이동철 부장은 입가에 의미심장한 미소를 지으며 말했다.","10만 달러씩 작게 쪼개서 여러 군데를 거쳐 송금했기 때문에 만약 들킨다고 해도 출처를 확인하기 어려울 겁니다.","의아한 얼굴로 박철종 과장이 쳐다보자 이동철 부장은 입가에 의미심장한 미소를 지으며 말했다.","GA-A05","0.92"
"26","대망 026화","","3634","3804","이동철 부장은 고개를 번쩍 든 박철종 과장을 느긋한 시선으로 바라봤다.","아무것도 몰랐다면 상당히 섭섭했을 테지만 이동철 부장과 무슨 일을 꾸미고 있는지 알게 된 이상 그는 손톱만큼의 기대도 하지 않았다.; 테러에 휘말려서 죽을 뻔했는데 또다시 위험한 곳으로 가라니 이게 말이나 돼!","오히려 뒤로 실적을 가로채고 자신의 영달을 위해 부하 직원을 희생시키는 비열한 짓을 하는 박철종의 본모습에 구역질이 나올 것 같았다.","아무것도 몰랐다면 상당히 섭섭했을 테지만 이동철 부장과 무슨 일을 꾸미고 있는지 알게 된 이상 그는 손톱만큼의 기대도 하지 않았다.","테러에 휘말려서 죽을 뻔했는데 또다시 위험한 곳으로 가라니 이게 말이나 돼!","유기백이 막 뭐라고 더 말을 하려는 순간 영업 1부 후배 한 명이 휴게실로 들어오는 바람에 대화가 끊어졌다.","박철종 — 그래봤자 몇백만 달러밖에 안 되잖아. 그 정도는 우리 영업 1부가 한 해에 올리는 실적의 10%도 안 돼. 그것보다 이번처럼 불미스러운 사건으로 언론에 오르내리며 회사 이미지를 떨어뜨리는 것이 더 큰 손해야…","relationship","박철종 — 그래봤자 몇백만 달러밖에 안 되잖아. 그 정도는 우리 영업 1부가 한 해에 올리는 실적의 10%도 안 돼. 그것보다 이번처럼 불미스러운 사건으로 언론에 오르내리며 회사 이미지를 떨어뜨리는 것이 더 큰 손해야…","미련 없이 소파에서 일어난 혁권은 살짝 머리를 숙이고는 몸을 돌렸다.","그래봤자 몇백만 달러밖에 안 되잖아. 그 정도는 우리 영업 1부가 한 해에 올리는 실적의 10%도 안 돼. 그것보다 이번처럼 불미스러운 사건으로 언론에 오르내리며 회사 이미지를 떨어뜨리는 것이 더 큰 손해야…","미련 없이 소파에서 일어난 혁권은 살짝 머리를 숙이고는 몸을 돌렸다.","GA-A05","0.89"
"27","대망 027화","","3805","3994","사무실을 나와 복도를 걸어갈 때 주머니에 넣어 둔 핸드폰이 울렸다.","툴툴거리는 모습에 풀썩 웃은 그는 봉투를 하나 꺼내 유기백의 양복 안주머니에 슬쩍 넣어 줬다.; 치안이 조금 안 좋기는 해도 안전하게 잘 있으니까 걱정하지 마세요. 그렇게 위험하면 회사에서 직원을 보내겠어요.","사실 벌써 잘 생각은 없었지만 익숙한 침대에 제 몸을 맡기고 있으니 슬슬 몰려오는 수마에 혁권은 자연스레 눈을 감았다.","툴툴거리는 모습에 풀썩 웃은 그는 봉투를 하나 꺼내 유기백의 양복 안주머니에 슬쩍 넣어 줬다.","치안이 조금 안 좋기는 해도 안전하게 잘 있으니까 걱정하지 마세요. 그렇게 위험하면 회사에서 직원을 보내겠어요.","얼마인지 확인도 해 보지 않고 유기백이 돈 봉투를 돌려주려고 하는 걸 막으며 그가 말했다.","뉴스 속보로 한국에도 보도가 됐지만, 다행히 그가 무사히 호텔을 탈출했고 회사 입장에서도 크게 이슈가 돼서 좋을 게 없었기에 빨리 사건을 덮었다.","relationship","뉴스 속보로 한국에도 보도가 됐지만, 다행히 그가 무사히 호텔을 탈출했고 회사 입장에서도 크게 이슈가 돼서 좋을 게 없었기에 빨리 사건을 덮었다.","라이터를 켜서 불을 붙인 그는 담배 연기를 깊이 빨아당겼다가 내뱉으면서 혼잣말을 중얼거렸다.","뉴스 속보로 한국에도 보도가 됐지만, 다행히 그가 무사히 호텔을 탈출했고 회사 입장에서도 크게 이슈가 돼서 좋을 게 없었기에 빨리 사건을 덮었다.","라이터를 켜서 불을 붙인 그는 담배 연기를 깊이 빨아당겼다가 내뱉으면서 혼잣말을 중얼거렸다.","GA-A05","0.89"
"28","대망 028화","","3995","4163","어머니가 끓여 주신 해장국을 먹고 막 집을 나설 때 핸드폰이 울렸다.","한쪽 팔을 잡으며 이당철이 꼬드겼지만 혁권은 속임수를 쓰려는 사람과 거래할 마음이 없었다.; 불법적으로 주행거리를 조작하는 일이 비일비재한 곳이 바로 중고차 시장이었기에 혁권은 머리를 끄덕이면서도 완전히 믿지는 않았다.","옷매무새를 가다듬고 혁권을 안내하던 딜러는 앞장서던 도중에 문득 생각났다는 듯 뒤돌아 명함을 건넸다.","한쪽 팔을 잡으며 이당철이 꼬드겼지만 혁권은 속임수를 쓰려는 사람과 거래할 마음이 없었다.","불법적으로 주행거리를 조작하는 일이 비일비재한 곳이 바로 중고차 시장이었기에 혁권은 머리를 끄덕이면서도 완전히 믿지는 않았다.","시동을 끄고 차 밖으로 나오던 혁권은 마침 앞서 봤던 검은색 SUV를 발견하고는 마치 처음 보는 것처럼 시치미를 떼며 말했다.","혁권 — 뭘 그렇게까지 하실 필요가 있습니까. 제가 50만 원 빼 드릴 테니 계약하시죠.","money","혁권 — 뭘 그렇게까지 하실 필요가 있습니까. 제가 50만 원 빼 드릴 테니 계약하시죠.","앞서 차량을 보여 줬던 딜러보다 400만 원이나 싼 가격을 제시하자 그는 배도환과 거래를 하기로 마음을 굳혔다.","뭘 그렇게까지 하실 필요가 있습니까. 제가 50만 원 빼 드릴 테니 계약하시죠.","앞서 차량을 보여 줬던 딜러보다 400만 원이나 싼 가격을 제시하자 그는 배도환과 거래를 하기로 마음을 굳혔다.","GA-A05","0.89"
"29","대망 029화","","4164","4356","배도환도 문제가 있는 차량이 아니라 자신이 추천했던 걸 선택하자 표정이 밝아졌다.","한편 사람들의 시기와 부러움을 한 몸에 받는 배도환은 잔뜩 굳은 얼굴로 소파에 앉아 계약서를 작성하고 있었다.; 자신은 답답해 죽겠는데 정작 당사자인 혁권이 너무나도 담담한 태도를 보이자 유기백은 괜히 짜증이 났다.","남정네들의 초롱초롱한 눈빛을 한 몸에 받으려니 부담스럽기도 하련만, 혁권은 피식하는 웃음 한 조각만 입가에 매단 채 아무렇지 않게 그사이를 걸어갔다.","한편 사람들의 시기와 부러움을 한 몸에 받는 배도환은 잔뜩 굳은 얼굴로 소파에 앉아 계약서를 작성하고 있었다.","자신은 답답해 죽겠는데 정작 당사자인 혁권이 너무나도 담담한 태도를 보이자 유기백은 괜히 짜증이 났다.","쉽사리 결정할 수 없는 일이었기에 혁권은 상대를 재촉하지 않고 충분히 생각해 보도록 가만히 기다려줬다.","혁권 — 얼마 있지 않아 계약한 대로 3억 원이 입금되어 있자 환한 얼굴로 고개를 들었다.","money","혁권 — 얼마 있지 않아 계약한 대로 3억 원이 입금되어 있자 환한 얼굴로 고개를 들었다.","가볍게 투덕거리면서 두 사람은 다시 술잔을 부딪쳤다.","얼마 있지 않아 계약한 대로 3억 원이 입금되어 있자 환한 얼굴로 고개를 들었다.","가볍게 투덕거리면서 두 사람은 다시 술잔을 부딪쳤다.","GA-A05","0.89"
"30","대망 030화","카다피 컬렉션","4357","4516","몇 가지 일을 더 처리한 혁권은 다시 리비아로 돌아왔다.","카다피 컬렉션 — 혁권은 객실에 비치된 전화기 대신 위성 전화기를 꺼내 들었다.","마치 옆에서 지켜보고 있는 것처럼 정확한 타이밍에 전화를 걸어오자 조금 당황스러워하던 혁권은 금방 냉정을 되찾았다.","혁권은 객실에 비치된 전화기 대신 위성 전화기를 꺼내 들었다.","알리탈리아 항공은 이탈리아 국영 항공사로서 현재 내전 중인 리비아에 유일하게 취항 중인 곳이었다.","상대가 자신의 동선을 손바닥 들여다보듯 다 알고 있다는 사실도 기분을 찝찝하게 만들었다.","혁권 — 만족스럽지는 않지만 그래도 세 명이면 어느 정도 안전을 확보할 수 있었기에 수긍을 했다.","relationship","혁권 — 만족스럽지는 않지만 그래도 세 명이면 어느 정도 안전을 확보할 수 있었기에 수긍을 했다.","방해하지 않기 위해 한쪽에 조용히 서 있자 모스크 관리자로 보이는 깨끗한 복장의 중년인이 그에게 다가왔다.","만족스럽지는 않지만 그래도 세 명이면 어느 정도 안전을 확보할 수 있었기에 수긍을 했다.","방해하지 않기 위해 한쪽에 조용히 서 있자 모스크 관리자로 보이는 깨끗한 복장의 중년인이 그에게 다가왔다.","GA-A06","0.92"
"31","대망 031화","","4517","4679","영어로 대화를 나눈 혁권은 앞서가는 중년인을 따라 모스크 뒤편으로 갔다.","자말과 함께 택시에서 내린 혁권은 우뚝 솟은 아에로플로트 항공사Aeroflot Russian Airlines 건물로 걸음을 옮겼다.; 혁명 전에 대통령궁에 있던 값비싼 미술품과 보석을 카다피 컬렉션이라고 부르고 있소.","머리를 살짝 숙여 고마움을 표시한 혁권이 앞으로 걸음을 옮기자 사내 한 명이 한쪽 손을 들며 말했다.","자말과 함께 택시에서 내린 혁권은 우뚝 솟은 아에로플로트 항공사Aeroflot Russian Airlines 건물로 걸음을 옮겼다.","혁명 전에 대통령궁에 있던 값비싼 미술품과 보석을 카다피 컬렉션이라고 부르고 있소.","사실 회사의 그늘에서 벗어나 홀로서기를 결심하고 중고차를 대량으로 들여올 계획을 세우면서 가장 걱정한 부분이 바로 기존 판매상들과의 마찰이었다.","혁권 — 모두 합쳐 100만 달러면 나쁘지 않은 액수였다.","money","혁권 — 모두 합쳐 100만 달러면 나쁘지 않은 액수였다.","가지고 온 서류철을 뒤적이며 운항 스케줄을 확인한 로스토프가 다시 입을 열었다.","모두 합쳐 100만 달러면 나쁘지 않은 액수였다.","가지고 온 서류철을 뒤적이며 운항 스케줄을 확인한 로스토프가 다시 입을 열었다.","GA-A06","0.89"
"32","대망 032화","","4680","4820","압둘라흐만에게 선금을 받아 자금에 여유가 있었던 혁권은 망설임 없이 머리를 끄덕였다.","차에서 내린 혁권은 항공사 직원의 말에 고개를 들어 앞에 있는 커다란 비행기를 바라봤다.; 유명한 안토노프 항공사에서 제작된 An-26은 최고속도 435㎞/h에 항속거리는 2,660㎞나 되고 5t이 넘는 화물을 적재할 수 있었다.","혁권은 여전히 이쪽을 향해 삐뚜름한 시선을 보내고 있는 이반을 향해 살짝 턱을 까딱여 인사했다.","차에서 내린 혁권은 항공사 직원의 말에 고개를 들어 앞에 있는 커다란 비행기를 바라봤다.","유명한 안토노프 항공사에서 제작된 An-26은 최고속도 435㎞/h에 항속거리는 2,660㎞나 되고 5t이 넘는 화물을 적재할 수 있었다.","혁권이 머리를 끄덕이며 손가락으로 알았다는 신호를 하자 알란은 후방 카고 도어가 제대로 닫혔는지 확인하고는 조종실로 들어갔다.","비록 닷새뿐이라고 해도 명색이 고용인인데 상당히 불손한 태도에 자말이 한쪽 볼을 실룩였다.","money","비록 닷새뿐이라고 해도 명색이 고용인인데 상당히 불손한 태도에 자말이 한쪽 볼을 실룩였다.","갑자기 벌어진 일에 알란과 옆에 함께 앉아 있던 동료는 크게 눈을 홉뜰 뿐 변변한 저항조차 하지 못했다.","비록 닷새뿐이라고 해도 명색이 고용인인데 상당히 불손한 태도에 자말이 한쪽 볼을 실룩였다.","갑자기 벌어진 일에 알란과 옆에 함께 앉아 있던 동료는 크게 눈을 홉뜰 뿐 변변한 저항조차 하지 못했다.","GA-A06","0.89"
"33","대망 033화","","4821","4982","머리에 총이 들이밀어 진 이 상황이 믿기지 않는 듯 알란이 두 손을 앞으로 내밀며 말을 더듬었다.","이미 상황이 한쪽으로 기울었다는 걸 인정할 수밖에 없었던 그는 천천히 고개를 끄덕여 혁권의 제안을 받아들이겠다는 뜻을 밝혔다.; 반군과 무장 세력의 공격을 우려해 꺼둔 유도등이 일제히 켜졌다.","하얀 담배 연기를 내뱉으며 압둘라흐만이 묻자 조수석에 타고 있던 심복 모센이 뒤를 돌아보면서 대답했다.","이미 상황이 한쪽으로 기울었다는 걸 인정할 수밖에 없었던 그는 천천히 고개를 끄덕여 혁권의 제안을 받아들이겠다는 뜻을 밝혔다.","반군과 무장 세력의 공격을 우려해 꺼둔 유도등이 일제히 켜졌다.","머리에 총구를 들이대고 있어서 달리 선택의 여지가 없기도 했지만, 사실 이반도 돈이 필요했기에 순순히 혁권이 시키는 대로 하는 거였다.","이미 기수를 돌리기로 했을 때 그를 포함한 승무원 모두 혁권한테 현금으로 1만 달러씩 받았다.","money","이미 기수를 돌리기로 했을 때 그를 포함한 승무원 모두 혁권한테 현금으로 1만 달러씩 받았다.","간이의자에 앉아 눈을 감고 있는 혁권의 옆으로 막 구름 사이로 떠오르는 붉은 태양이 비행기 창문 너머로 보였다.","이미 기수를 돌리기로 했을 때 그를 포함한 승무원 모두 혁권한테 현금으로 1만 달러씩 받았다.","간이의자에 앉아 눈을 감고 있는 혁권의 옆으로 막 구름 사이로 떠오르는 붉은 태양이 비행기 창문 너머로 보였다.","GA-A06","0.89"
"34","대망 034화","알렉산드리아","4983","5130","6시간의 긴 비행 끝에 다시 지중해를 가로지른 수송기는 만년설이 덮인 알프스산맥을 넘어 목적지인 취리히에 무사히 도착했다.","알렉산드리아 — 얼른 대신 가방을 받아 든 자말은 잠금장치를 풀고는 안에 들어 있는 돈을 확인했다.","혁권은 앞으로 사업을 하면서 중요한 금융 거래를 이 계좌를 통해 처리할 생각이었기에 신중한 태도를 보였다.","얼른 대신 가방을 받아 든 자말은 잠금장치를 풀고는 안에 들어 있는 돈을 확인했다.","몸을 바로 한 혁권은 만약을 대비해서 글록Glock17 권총을 꺼내 언제든지 쏠 수 있도록 총알을 장전했다.","빈 공란을 채우고 서류를 넘겨주자 천천히 틀린 것이 없는지 확인한 직원은 책상 한쪽에 설치된 키패드를 가리켰다.","혁권 — 안을 확인하자 1만 달러는 넘어 보이는 돈이 들어 있었다.","money","혁권 — 안을 확인하자 1만 달러는 넘어 보이는 돈이 들어 있었다.","혁권은 상체를 바로 세우며 사뭇 진지한 목소리로 입을 열었다.","안을 확인하자 1만 달러는 넘어 보이는 돈이 들어 있었다.","혁권은 상체를 바로 세우며 사뭇 진지한 목소리로 입을 열었다.","GA-A07","0.92"
"35","대망 035화","","5131","5290","고개를 든 자말은 눈에서 이채를 띠었다.","단순히 싸움만 잘하는 것이 아니라 주위를 보는 시야가 넓고 상황 판단력까지 있다는 걸 확인한 혁권은 흡족한 표정을 지었다.; 공항에서 내리자마자 훅 끼쳐 오는 열기에 순간적으로 알프스 산맥의 만년설이 그리워질 뻔했지만…","어차피 정식 직원이라고 해봤자 혁권 하나뿐인 일인 지사인 데다 딱히 남아 있는 업무도 없었기에 할 것이 그리 많지 않았다.","단순히 싸움만 잘하는 것이 아니라 주위를 보는 시야가 넓고 상황 판단력까지 있다는 걸 확인한 혁권은 흡족한 표정을 지었다.","공항에서 내리자마자 훅 끼쳐 오는 열기에 순간적으로 알프스 산맥의 만년설이 그리워질 뻔했지만, 어느새 적응된 것인지 바람에 섞여 날아오는 사막 모래와 흙냄새도 그리 나쁘진 않았다.","됐어. 인마. 아 참, 그리고 너 박철종 과장 소식 들었냐?","며칠 뒤면 중고차들이 알렉산드리아Alexandria에 도착할 텐데 걱정이야.","relationship","며칠 뒤면 중고차들이 알렉산드리아Alexandria에 도착할 텐데 걱정이야.","좀 더 두고 봐야 하겠지만 첫인상이 그리 나쁘지 않았던 혁권은 한쪽 다리를 무릎 위로 올리며 입을 열었다.","며칠 뒤면 중고차들이 알렉산드리아Alexandria에 도착할 텐데 걱정이야.","좀 더 두고 봐야 하겠지만 첫인상이 그리 나쁘지 않았던 혁권은 한쪽 다리를 무릎 위로 올리며 입을 열었다.","GA-A07","0.89"
"36","대망 036화","","5291","5445","카다피 정권 시절 군에 있었다는 건 알았지만 계급까지는 몰랐던 혁권은 고개를 옆으로 돌려 자말을 봤다.","다행히 혁권 일행은 한국에서 유기백이 보내 준 송장[Invoice]과 태일 물산 사원이라는 신분 덕분에 약간의 확인 절차만 거친 뒤 바로 통과가 됐다.; 확실히 자말의 지적대로 사막을 횡단하는 건 위험한 일이었다.","혁권을 만난 이후로 제 행동을 돌아보며 후배가 던진 말을 속으로 곱씹던 그는 이내 쓰게 웃으며 발길을 돌렸다.","다행히 혁권 일행은 한국에서 유기백이 보내 준 송장[Invoice]과 태일 물산 사원이라는 신분 덕분에 약간의 확인 절차만 거친 뒤 바로 통과가 됐다.","확실히 자말의 지적대로 사막을 횡단하는 건 위험한 일이었다.","함단의 이야기가 사실이라면 여러 가지 환경적인 어려움을 고려하고서라도 사막을 선택할 충분한 이유가 됐다.","혁권 — 인원수에 맞춰 소화기를 확보했고 RPG-7과 중기관총도 구해 놨습니다.","relationship","혁권 — 인원수에 맞춰 소화기를 확보했고 RPG-7과 중기관총도 구해 놨습니다.","언제나 속마음을 잘 드러내지 않는 자말이었지만 아랍의 봄에 대해서는 거침없이 강한 반감을 드러냈다.","인원수에 맞춰 소화기를 확보했고 RPG-7과 중기관총도 구해 놨습니다.","언제나 속마음을 잘 드러내지 않는 자말이었지만 아랍의 봄에 대해서는 거침없이 강한 반감을 드러냈다.","GA-A07","0.89"
"37","대망 037화","","5446","5608","리비아 정규군 장교로서 미래가 보장된 위치에 있다가 카다피 정권의 붕괴와 함께 한순간 모든 걸 잃어버렸으니 원망스러운 마음은 충분히 이해할 수 있었다.","차 문을 열고 바하와 동료가 죽은 걸 재차 확인한 라미는 핸드폰을 꺼내 단축 번호를 눌렀다.; 가능하면 큰 문제 없이 일을 끝내고 싶었던 혁권은 가장 위험한 귀로를 앞두고 불청객들이 나타나자 짜증이 났다.","그 때문에 혁권은 하역을 끝내자마자 야적장에 놔두지 않고 중고 차량을 끌고 바로 알렉산드리아를 떠날 계획이었다.","차 문을 열고 바하와 동료가 죽은 걸 재차 확인한 라미는 핸드폰을 꺼내 단축 번호를 눌렀다.","가능하면 큰 문제 없이 일을 끝내고 싶었던 혁권은 가장 위험한 귀로를 앞두고 불청객들이 나타나자 짜증이 났다.","그건 아직 확인을 못 했습니다만 운전사들을 대거 데려온 걸 보면 알렉산드리아에서 처분할 생각이 아닌 건 분명합니다.","혁권 — 놈이 바보가 아닌 이상 경호원들을 따로 고용했을 텐데 자신 있나?","money","혁권 — 놈이 바보가 아닌 이상 경호원들을 따로 고용했을 텐데 자신 있나?","중요한 화물에 이상이 없다고 하자 혁권의 표정이 조금 펴졌다.","놈이 바보가 아닌 이상 경호원들을 따로 고용했을 텐데 자신 있나?","중요한 화물에 이상이 없다고 하자 혁권의 표정이 조금 펴졌다.","GA-A07","0.89"
"38","대망 038화","사막 횡단","5609","5773","그러고는 고개를 돌려 옆에 서 있는 함단을 보며 말했다.","사막 횡단 — 추격을 따돌리려고 쉬지 않고 계속 달려왔으니까 그럴 겁니다. 하지만 내일 하루는 길이 없는 사막을 지나가야 하기 때문에 오늘처럼 속도를 내기는 어려울 겁니다.","여기서 국경을 넘어 드넓은 리비아 사막Libyan Des을 지날 때까지는 푹푹 꺼지는 거친 모래사막 지대를 통과해야 했기에 속도를 내기 어려웠다.","추격을 따돌리려고 쉬지 않고 계속 달려왔으니까 그럴 겁니다. 하지만 내일 하루는 길이 없는 사막을 지나가야 하기 때문에 오늘처럼 속도를 내기는 어려울 겁니다.","혁권은 감시조가 당한 걸 눈치채고 뒤쫓아올 적을 뿌리치기 위해 최대 속도로 사막을 내달렸다.","10분가량 사막을 더 달려가자 오아시스라고 하기에는 그리 크지 않은 물웅덩이가 나타났다.","혁권 — 그 모래언덕 위에는 어느새 이번 일을 위해 고용한 경호원들이 무장을 한 채 자리를 잡고 주위를 경계하고 있었다.","relationship","혁권 — 그 모래언덕 위에는 어느새 이번 일을 위해 고용한 경호원들이 무장을 한 채 자리를 잡고 주위를 경계하고 있었다.","확실히 뭔가 부자연스럽고 의심스러운 상황이었다.","그 모래언덕 위에는 어느새 이번 일을 위해 고용한 경호원들이 무장을 한 채 자리를 잡고 주위를 경계하고 있었다.","확실히 뭔가 부자연스럽고 의심스러운 상황이었다.","GA-A08","0.92"
"39","대망 039화","","5774","5936","되도록 전투를 피하고 싶었지만 그렇다고 마냥 수세적인 태도를 보일 생각은 전혀 없었다.","그에 비해 혁권과 부하들은 상대가 훤히 내려다보이는 유리한 위치를 선점하고 있는 덕분에 적을 마음껏 몰아붙이고 있었다.; 기관총 세례를 피해 워낙 다급하게 쏘다 보니 그다지 큰 위협은 되지 못했다.","결심을 굳힌 혁권은 굳은 목소리로 지시를 내렸다.","그에 비해 혁권과 부하들은 상대가 훤히 내려다보이는 유리한 위치를 선점하고 있는 덕분에 적을 마음껏 몰아붙이고 있었다.","기관총 세례를 피해 워낙 다급하게 쏘다 보니 그다지 큰 위협은 되지 못했다.","하킴이 거친 손짓으로 천을 휙 걷어 내자 드러난 얼굴은 의외의 인물이었다.","혁권 — 공격을 피하려다가 타고 있던 차량이 웅덩이에 앞을 들이받고 멈춰 서자 차 문을 열고 나온 파다비는 얼굴을 와락 구기면서 약간 떨어진 모래언덕으로 뛰어가 엎드렸다.","relationship","혁권 — 공격을 피하려다가 타고 있던 차량이 웅덩이에 앞을 들이받고 멈춰 서자 차 문을 열고 나온 파다비는 얼굴을 와락 구기면서 약간 떨어진 모래언덕으로 뛰어가 엎드렸다.","되면 사업이 문제가 아니라 목숨이 위태로웠다.","공격을 피하려다가 타고 있던 차량이 웅덩이에 앞을 들이받고 멈춰 서자 차 문을 열고 나온 파다비는 얼굴을 와락 구기면서 약간 떨어진 모래언덕으로 뛰어가 엎드렸다.","되면 사업이 문제가 아니라 목숨이 위태로웠다.","GA-A08","0.89"
"40","대망 040화","","5937","6086","답답하다는 듯이 토해 놓는 말에 자말이 답했다.","자말이 탄 차를 선두로 긴 차량 행렬은 시커먼 배기가스를 내뿜으며 도로를 벗어나 끝없이 펼쳐진 모래벌판으로 진입했다.; 사하라 사막을 터전으로 살아가는 투부족은 리비아에 속한 여러 소수 부족 중 하나였다.","척박한 사막에서 생존하기 위해 예전부터 약탈을 주요 생계 수단으로 삼았는데 식민지 시절에는 프랑스가 따로 군대를 주둔시켜서 이들을 막아야 했을 만큼 용맹하고 사나운 전사 부족이었다.","자말이 탄 차를 선두로 긴 차량 행렬은 시커먼 배기가스를 내뿜으며 도로를 벗어나 끝없이 펼쳐진 모래벌판으로 진입했다.","사하라 사막을 터전으로 살아가는 투부족은 리비아에 속한 여러 소수 부족 중 하나였다.","우려를 나타냈지만 혁권은 결정을 바꾸지 않았다.","특히 원유는 지속해서 어마어마한 자금을 확보할 수 있었기에 리비아 정부는 물론이고 각 무장 세력들이 피 튀기는 다툼을 벌였다.","money","특히 원유는 지속해서 어마어마한 자금을 확보할 수 있었기에 리비아 정부는 물론이고 각 무장 세력들이 피 튀기는 다툼을 벌였다.","한낮의 후덥지근한 열기에 숨이 막힐 지경이었지만 어느새 익숙해진 혁권은 선글라스 너머로 보이는 민병대를 가만히 노려봤다.","특히 원유는 지속해서 어마어마한 자금을 확보할 수 있었기에 리비아 정부는 물론이고 각 무장 세력들이 피 튀기는 다툼을 벌였다.","한낮의 후덥지근한 열기에 숨이 막힐 지경이었지만 어느새 익숙해진 혁권은 선글라스 너머로 보이는 민병대를 가만히 노려봤다.","GA-A08","0.89"
"41","대망 041화","","6087","6226","자말을 비롯한 부하들 역시 딱딱하게 굳은 입매를 하고선 그를 보호하듯이 나란히 섰다.","언제 또다시 투부족 민병대나 다른 무장 단체와 만날지 몰랐기에 혁권은 차량에 무리가 가는 걸 각오하고 최대한 속도를 높여 사막을 가로질렀다.; 대부분 방아쇠를 당겨 보지도 못한 채 허무하게 붉은 피로 메마른 사막을 적셨다.","이처럼 자신의 뒤를 든든히 받치고 있는 모습에 혁권은 불안감을 떨쳐 내고 조금은 여유를 되찾았다.","언제 또다시 투부족 민병대나 다른 무장 단체와 만날지 몰랐기에 혁권은 차량에 무리가 가는 걸 각오하고 최대한 속도를 높여 사막을 가로질렀다.","대부분 방아쇠를 당겨 보지도 못한 채 허무하게 붉은 피로 메마른 사막을 적셨다.","악을 쓰듯 소리를 친 혁권이 한쪽 무릎을 꿇고 권총을 들어 올리는 순간 뒤편에서 둔탁한 총성이 들렸다.","혁권 — 지금은 자유 혁명으로 인한 정부군과 반군의 격렬한 전투가 벌어져 폐허가 되고 공장 설비마저 약탈당해 더 이상 사용하지 않고 버려져 흉물이 됐다.","money","혁권 — 지금은 자유 혁명으로 인한 정부군과 반군의 격렬한 전투가 벌어져 폐허가 되고 공장 설비마저 약탈당해 더 이상 사용하지 않고 버려져 흉물이 됐다.","고개를 끄덕인 압둘라흐만은 공터를 빼곡하게 채우고 있는 차들을 둘러보며 이야기를 했다.","지금은 자유 혁명으로 인한 정부군과 반군의 격렬한 전투가 벌어져 폐허가 되고 공장 설비마저 약탈당해 더 이상 사용하지 않고 버려져 흉물이 됐다.","고개를 끄덕인 압둘라흐만은 공터를 빼곡하게 채우고 있는 차들을 둘러보며 이야기를 했다.","GA-A08","0.89"
"42","대망 042화","","6227","6377","쓴맛을 삼키려는 듯 떨떠름하게 대꾸하는 어조였다.","압둘라흐만이 살짝 고개를 옆으로 돌리며 눈짓을 하자 오른팔인 핫산이 조직원들을 데리고 차량과 함께 가져온 물품을 확인했다.; 여러 번 목숨의 위협을 느끼고 갖은 고생을 하며 힘들게 사막을 넘었지만, 이 정도면 보상이 충분히 되고도 남았다.","바쁘게 보내는 사이 어느새 이집트 지사에 갈 날짜가 되자 그는 뒷일을 자말한테 일임하고 트리폴리를 떠났다.","압둘라흐만이 살짝 고개를 옆으로 돌리며 눈짓을 하자 오른팔인 핫산이 조직원들을 데리고 차량과 함께 가져온 물품을 확인했다.","여러 번 목숨의 위협을 느끼고 갖은 고생을 하며 힘들게 사막을 넘었지만, 이 정도면 보상이 충분히 되고도 남았다.","이집트로 떠날 날이 일주일 정도밖에 안 남았기에 혁권은 서둘러 지사 철수 작업을 마무리 지었다.","혁권 — 임대료를 낮춰 달라고 하자 주인이 난색을 표했지만 요즘 같은 시기에 언제 다시 집이 나갈지 몰랐기에 결국 1,100달러에 계약을 했다.","money","혁권 — 임대료를 낮춰 달라고 하자 주인이 난색을 표했지만 요즘 같은 시기에 언제 다시 집이 나갈지 몰랐기에 결국 1,100달러에 계약을 했다.","운전하며 배동주가 조수석에 앉은 그를 쳐다봤다.","임대료를 낮춰 달라고 하자 주인이 난색을 표했지만 요즘 같은 시기에 언제 다시 집이 나갈지 몰랐기에 결국 1,100달러에 계약을 했다.","운전하며 배동주가 조수석에 앉은 그를 쳐다봤다.","GA-A08","0.89"
"43","대망 043화","","6378","6513","다른 반정부 세력들과 달리 IS는 상당히 과격하고 극단적이었기에 자칫 군부를 중심으로 나름 정권을 잘 유지하고 있는 이집트가 리비아처럼 큰 혼란에 빠질 수도 있었다.","고개를 들어 배동주와 함께 들어온 혁권을 본 장덕종은 한쪽에 있는 소파를 가리키며 말했다.; 아, 혹시 소음을 걱정하시는 거라면 문제없습니다. 옛날 건물이어서 좋은 점은 벽이 두껍다는 것 하나뿐이거든요.","여기까지 와서 이동철 부장의 압박에 시달려야 된다는 것이 짜증 났지만, 회사 업무에 얽매이지 않고 자유롭게 움직일 수 있으니 오히려 잘됐다는 생각도 들었다.","고개를 들어 배동주와 함께 들어온 혁권을 본 장덕종은 한쪽에 있는 소파를 가리키며 말했다.","아, 혹시 소음을 걱정하시는 거라면 문제없습니다. 옛날 건물이어서 좋은 점은 벽이 두껍다는 것 하나뿐이거든요.","건물 측면에는 비상 통로로 이용되는 철제 계단이 앙상한 뼈를 드러내고 있었고, 페인트칠한 외벽은 보수 처리를 하지 않아 군데군데 벗겨진 흔적이 있긴 했지만 그래도 멀리서 보면 제법 운치가 있어 보이기도 했다.","그러면서 배동주가 보여 준 방은 생각 외로 잘 정돈된 모습이었다.","world","그러면서 배동주가 보여 준 방은 생각 외로 잘 정돈된 모습이었다.","그러면서 배동주가 보여 준 방은 생각 외로 잘 정돈된 모습이었다.","건물 측면에는 비상 통로로 이용되는 철제 계단이 앙상한 뼈를 드러내고 있었고, 페인트칠한 외벽은 보수 처리를 하지 않아 군데군데 벗겨진 흔적이 있긴 했지만 그래도 멀리서 보면 제법 운치가 있어 보이기도 했다.","그러면서 배동주가 보여 준 방은 생각 외로 잘 정돈된 모습이었다.","GA-A08","0.89"
"44","대망 044화","","6514","6643","침대에서는 금방 세탁한 이불 특유의 뽀송한 냄새가 났고, 옆에 붙어 있는 작은 탁자와 일인용 책상 또한 크게 흠잡을 것 없이 깨끗했다.","기다란 위성 전화기 안테나를 접어 주머니에 집어넣으며 혁권은 어느새 필터 앞까지 타들어 간 담배를 바닥에 버렸다.; 바닷길 역시 내전이 격화되면서 진즉에 끊어져 버린 상태였고 육로는 가장 가까운 튀니지 국경을 넘어간다고 해도 반군과 무장 강도들이 활개 치는 사막을 몇 시간이나 가야 했기…","그러다 이윽고 눈을 감자 자연스럽게 찾아온 수마에 혁권은 그대로 몸을 내맡겼다.","기다란 위성 전화기 안테나를 접어 주머니에 집어넣으며 혁권은 어느새 필터 앞까지 타들어 간 담배를 바닥에 버렸다.","바닷길 역시 내전이 격화되면서 진즉에 끊어져 버린 상태였고 육로는 가장 가까운 튀니지 국경을 넘어간다고 해도 반군과 무장 강도들이 활개 치는 사막을 몇 시간이나 가야 했기에 쉽지 않았다.","덕분에 덩달아 야단을 맞게 된 다른 직원들의 눈초리가 샐쭉하니 가늘어지자 곤혹스러워하는 배동주와 달리 혁권은 아무렇지도 않은 듯 태연하게 앉아 있었다.","서부 유전 지대를 장악하고 거기서 나오는 원유를 팔아 막대한 자금을 확보한 ADDI와 정면충돌을 하는 건 여러모로 어려운 점이 많았기에 냉가슴만 앓아야 했다.","world","서부 유전 지대를 장악하고 거기서 나오는 원유를 팔아 막대한 자금을 확보한 ADDI와 정면충돌을 하는 건 여러모로 어려운 점이 많았기에 냉가슴만 앓아야 했다.","혁권의 물음에 배동주가 손가락으로 자신의 컴퓨터 모니터를 가리켰다.","서부 유전 지대를 장악하고 거기서 나오는 원유를 팔아 막대한 자금을 확보한 ADDI와 정면충돌을 하는 건 여러모로 어려운 점이 많았기에 냉가슴만 앓아야 했다.","혁권의 물음에 배동주가 손가락으로 자신의 컴퓨터 모니터를 가리켰다.","GA-A08","0.89"
"45","대망 045화","","6644","6811","의자 등받이에 몸을 기댄 혁권은 대수롭지 않은 태도를 보였다.","혁권은 난간에 한쪽 팔을 기대어 삐딱하게 선 자세로 위성 전화기를 바로잡았다.; 혁권이 그를 곤란하게 만들지는 않을 거라는 생각에 이내 승낙했다.","단 며칠뿐이었지만 혁권한테 호되게 현장 업무를 배웠던 성석호가 너스레를 떨었다.","혁권은 난간에 한쪽 팔을 기대어 삐딱하게 선 자세로 위성 전화기를 바로잡았다.","혁권이 그를 곤란하게 만들지는 않을 거라는 생각에 이내 승낙했다.","뜻밖의 희소식에 그가 눈을 동그랗게 뜨며 되묻자 성석호는 마치 칭찬해 달라는 듯이 어깨를 으쓱이면서 말했다.","혁권 — 밀가루와 휘발유 등 생필품 300만 달러어치를 구매 대행해 달라는 겁니다.","status","혁권 — 밀가루와 휘발유 등 생필품 300만 달러어치를 구매 대행해 달라는 겁니다.","한화로 치면 48억 원에 달하는 거액이었다.","밀가루와 휘발유 등 생필품 300만 달러어치를 구매 대행해 달라는 겁니다.","한화로 치면 48억 원에 달하는 거액이었다.","GA-A08","0.89"
"46","대망 046화","","6812","6949","협상을 통해 가격을 조정해 봐야겠지만 어찌 됐건 현재 그의 자금 사정으로는 부담이 되는 건 확실했다.","그리 과하지도 덜하지도 않은 정확하게 딱 예의를 지키는 태도로 상대와 악수를 한 혁권은 자신의 명함을 꺼내 건넸다.; 비교적 무기 수출에 자유로운 유럽이었지만 많은 인명 피해가 발생한 천안문 사태 이후 인권 문제를 이유로 중국에 대한 무기 판매에 이런저런 제한을 두고 있었다.","주브르급 공기부양정을 조사하면서 중국이 상륙 전력을 보강하기 위해 우크라이나가 보유한 네 척을 인수했다는 걸 떠올린 혁권은 표정을 굳혔다.","그리 과하지도 덜하지도 않은 정확하게 딱 예의를 지키는 태도로 상대와 악수를 한 혁권은 자신의 명함을 꺼내 건넸다.","비교적 무기 수출에 자유로운 유럽이었지만 많은 인명 피해가 발생한 천안문 사태 이후 인권 문제를 이유로 중국에 대한 무기 판매에 이런저런 제한을 두고 있었다.","사실 정부의 재정 위기가 심각하기도 했지만 갈수록 폭증하는 주브르급 공기부양정의 유지 정비 비용을 해군에서 감당하기 어려워지자 이번에 매물로 내놨던 거였다.","혁권 — 화가 나서 먼저 자리를 박차고 나간 건 미안합니다만 그래도 300만 달러는 절대 받아들일 수 없는 액수입니다.","money","혁권 — 화가 나서 먼저 자리를 박차고 나간 건 미안합니다만 그래도 300만 달러는 절대 받아들일 수 없는 액수입니다.","혁권은 마주 앉아 있는 요르고스를 잠시 응시하다가 다시 입을 열었다.","화가 나서 먼저 자리를 박차고 나간 건 미안합니다만 그래도 300만 달러는 절대 받아들일 수 없는 액수입니다.","혁권은 마주 앉아 있는 요르고스를 잠시 응시하다가 다시 입을 열었다.","GA-A08","0.89"
"47","대망 047화","","6950","7080","이쪽 사정을 자기 손금 들여다보듯 다 알고 있자 요르고스는 놀란 표정을 감추지 못했다.","휴식을 취하던 혁권은 피곤함에 자꾸만 감기려는 눈꺼풀을 손으로 비비며 손목을 들어 올려 시간을 확인했다.; 절대 액수를 낮출 수 없다던 입장을 버리고 요르고스를 비롯한 정부 측 인사들은 혁권이 지적한 감가상각과 여러 가지 문제들을 긍정적인 태도로 검토했다.","혁권 — 지난번에도 이야기했지만 우린 자선사업가가 아니야. 무슨 수를 쓰건 목표한 걸 가장 낮은 가격에 사들여야 하는데 상대편의 약점을 발견했어. 그럼 어떻게 해야 할까? 당연히 그걸 최대한 이용해야지…","휴식을 취하던 혁권은 피곤함에 자꾸만 감기려는 눈꺼풀을 손으로 비비며 손목을 들어 올려 시간을 확인했다.","절대 액수를 낮출 수 없다던 입장을 버리고 요르고스를 비롯한 정부 측 인사들은 혁권이 지적한 감가상각과 여러 가지 문제들을 긍정적인 태도로 검토했다.","혹시라도 잊어버리지 않도록 서류 가방에서 꺼낸 계약서를 금고에 조심스레 보관한 그는 비밀번호를 설정하고 잠금장치를 다시 한번 확인한 다음에야 겨우 한숨을 돌릴 수 있었다.","혁권 — 제일 먼저 매입 대금을 모두 내 계약을 마무리 짓고는 주브르급 공기부양정의 소유권을 완전히 그의 것으로 했다.","money","혁권 — 제일 먼저 매입 대금을 모두 내 계약을 마무리 짓고는 주브르급 공기부양정의 소유권을 완전히 그의 것으로 했다.","자말의 대답을 들으며 혁권은 앞으로 어떻게 움직여야 할지 생각했다.","제일 먼저 매입 대금을 모두 내 계약을 마무리 짓고는 주브르급 공기부양정의 소유권을 완전히 그의 것으로 했다.","자말의 대답을 들으며 혁권은 앞으로 어떻게 움직여야 할지 생각했다.","GA-A08","0.89"
"48","대망 048화","","7081","7217","자연스레 말이 없어진 가운데, 자말도 그의 상념을 방해하지 않기 위해 창밖에 흐르는 경치에 눈을 돌렸다.","호텔로 돌아온 혁권은 안내 데스크에 남겨진 쪽지를 확인하고는 카이로 지사로 전화를 걸었다.; 공기부양정을 운항하게 되면 더 이상 거친 사막 모래를 씹어 가며 습격의 위험이 도사리는 육로를 이용할 필요가 없었다.","케노스 — 계약이 다 잘 끝났습니다. 내일 중으로 사본을 보내 드릴 테니까 밀가루와 휘발유를 각 3만 톤씩 기한 안에 확보해 주십시오.","호텔로 돌아온 혁권은 안내 데스크에 남겨진 쪽지를 확인하고는 카이로 지사로 전화를 걸었다.","공기부양정을 운항하게 되면 더 이상 거친 사막 모래를 씹어 가며 습격의 위험이 도사리는 육로를 이용할 필요가 없었다.","사실 내색은 하지 않았지만, 리비아 서부 국경이 봉쇄되고 정부군과 ADDI 반군 사이에 긴장감이 높아지자 자말은 물자 수송이 불가능할 거라 낙담하고 있었다.","케노스 — 바로 이런 점 때문에 그가 비싼 돈을 들여가면서 어렵게 공기부양정을 매입한 거였다.","relationship","케노스 — 바로 이런 점 때문에 그가 비싼 돈을 들여가면서 어렵게 공기부양정을 매입한 거였다.","많이 놀랐는지 제노폰 상사는 눈을 동그랗게 뜨며 케노스 함장을 봤다.","바로 이런 점 때문에 그가 비싼 돈을 들여가면서 어렵게 공기부양정을 매입한 거였다.","많이 놀랐는지 제노폰 상사는 눈을 동그랗게 뜨며 케노스 함장을 봤다.","GA-A08","0.89"
"49","대망 049화","발레타 특급","7218","7355","아무렇지도 않은 듯 이야기를 했지만 케노스 함장이 바다를 얼마나 사랑하는지 누구보다 잘 알고 있던 제노폰 상사는 침울한 표정을 감추지 못했다.","발레타 특급 — 선원들한테 뭐라고 지시를 내리고 있던 케노스 함장은 혁권이 들어오자 하던 걸 멈추고 앞으로 다가왔다.","그날 오후 포세이돈 함도 사람들의 시선을 한 몸에 받으면서 발레타 항구에 들어왔다.","선원들한테 뭐라고 지시를 내리고 있던 케노스 함장은 혁권이 들어오자 하던 걸 멈추고 앞으로 다가왔다.","휘발유 드럼통 8개가 놓인 파레트Pallet를 마지막으로 선적이 모두 끝났을 때는 시계가 저녁 7시를 가리키고 있었다.","소유주를 만나 약간의 협상을 벌인 끝에 선금을 조금 더 주는 대신 월 2,500달러에 1년간 창고를 빌리기로 계약했다.","케노스 — 짧은 갈등 끝에 결국 승리를 차지한 것은 과연 상대가 어떤 사람인지 확인하고 싶은 마음이었다.","money","케노스 — 짧은 갈등 끝에 결국 승리를 차지한 것은 과연 상대가 어떤 사람인지 확인하고 싶은 마음이었다.","선원들은 명령을 크게 복창하고는 일사불란하게 각자 맡은 임무를 수행했다.","짧은 갈등 끝에 결국 승리를 차지한 것은 과연 상대가 어떤 사람인지 확인하고 싶은 마음이었다.","선원들은 명령을 크게 복창하고는 일사불란하게 각자 맡은 임무를 수행했다.","GA-A09","0.92"
"50","대망 050화","","7356","7501","항해등이 밝게 켜지고 화물 램프를 올리는 것과 동시에 에어쿠션으로 공기가 가득 들어갔다.","위성 전화기를 든 채 함단이 팔을 좌우로 크게 흔들자 대기하던 하킴과 라미 등이 해변에 쌓아 둔 나무 무더기에 불을 붙였다.; 되면 혁권뿐만 아니라 소매상들한테 물건을 넘길 압둘라흐만도 손해를 볼 수밖에 없었기에 적절히 조절할 필요가 있었다.","혁권 — 일단 확보해 놓은 화물은 이번 달 안에 전부 다 옮기고 그다음부터는 상황을 보면서 유동적으로 일정과 물량을 조절할 계획입니다.","위성 전화기를 든 채 함단이 팔을 좌우로 크게 흔들자 대기하던 하킴과 라미 등이 해변에 쌓아 둔 나무 무더기에 불을 붙였다.","되면 혁권뿐만 아니라 소매상들한테 물건을 넘길 압둘라흐만도 손해를 볼 수밖에 없었기에 적절히 조절할 필요가 있었다.","머리를 숙이며 대답하는 부하들을 부드러운 눈빛으로 바라보면서 혁권이 말을 이었다.","딱 열흘 만에 압둘라흐만한테서 빌린 돈을 화물로 모두 갚아 버린 혁권은 그다음부터는 말 그대로 달러를 갈퀴로 긁어모았다.","money","딱 열흘 만에 압둘라흐만한테서 빌린 돈을 화물로 모두 갚아 버린 혁권은 그다음부터는 말 그대로 달러를 갈퀴로 긁어모았다.","자제심이 강한 것도 있었지만 자신의 주제를 정확히 알기 때문이었다.","딱 열흘 만에 압둘라흐만한테서 빌린 돈을 화물로 모두 갚아 버린 혁권은 그다음부터는 말 그대로 달러를 갈퀴로 긁어모았다.","자제심이 강한 것도 있었지만 자신의 주제를 정확히 알기 때문이었다.","GA-A09","0.89"
"51","대망 051화","정킷방","7502","7661","사실 트리폴리에 소규모지만 조직과 거점이 있어 유통하려고 들면 못 할 일도 아니었다.","정킷방 — 한쪽 팔을 들어 소파를 가리킨 김인철은 골프채를 세워 두고는 자신도 상석 자리로 가서 앉았다.","혁권 입장에서는 불필요한 다툼을 피하고 더불어 초반에 부족한 자금을 빌릴 수 있는 데다 압둘라흐만 역시 유통을 맡으면서 중간이득과 장악력을 넓힐 수 있으니 서로에게 득이 되는 일이었다.","한쪽 팔을 들어 소파를 가리킨 김인철은 골프채를 세워 두고는 자신도 상석 자리로 가서 앉았다.","당장 기존에 암시장을 장악하고 있던 세력들이 크게 반발할 테고 막대한 돈이 걸려 있는 만큼 이건 필연적으로 피를 불렀다.","와이셔츠 차림으로 골프채를 들고 퍼팅 연습을 하고 있던 김인철이 고개를 돌려 그를 봤다.","혁권 — 이미 600만 달러나 되는 오더를 따냈으니 실적 부진으로 대기 발령을 내리는 건, 물 건너간 것이나 마찬가지였다.","status","혁권 — 이미 600만 달러나 되는 오더를 따냈으니 실적 부진으로 대기 발령을 내리는 건, 물 건너간 것이나 마찬가지였다.","지금까지 베일에 싸여 있던 스위스 비밀 은행의 빗장이 한 꺼풀 풀렸다며 떠들썩한 가운데 명단에 태일 그룹이 비자금을 조성하면서 만들어 둔 계좌가 몇 개 포함돼 있어 비상이 걸렸다.","이미 600만 달러나 되는 오더를 따냈으니 실적 부진으로 대기 발령을 내리는 건, 물 건너간 것이나 마찬가지였다.","지금까지 베일에 싸여 있던 스위스 비밀 은행의 빗장이 한 꺼풀 풀렸다며 떠들썩한 가운데 명단에 태일 그룹이 비자금을 조성하면서 만들어 둔 계좌가 몇 개 포함돼 있어 비상이 걸렸다.","GA-A10","0.92"
"52","대망 052화","","7662","7814","국민 여론에 떠밀려 엉덩이가 굼뜬 국세청이 조사에 나서게 되면 자칫 상당히 곤란한 상황이 벌어질 수도 있었다.","자신이 페이퍼 컴퍼니를 만들었을 때도 보안번호는 김인철 이사가 직접 기재해서 뭔지 전혀 몰랐다.; 보통 이런 거래는 과세 당국의 추적을 피하기 위해 신중하게 처리하기 마련인데 이렇게 빈번히 움직이는 건 뭔가 일이 생겼다는 뜻이었다.","한편 우연히 서류 더미에서 비자금 조성을 위해 만들어진 페이퍼 컴퍼니의 이름을 발견한 혁권은 그때부터 은밀히 관련 자료들을 모았다.","자신이 페이퍼 컴퍼니를 만들었을 때도 보안번호는 김인철 이사가 직접 기재해서 뭔지 전혀 몰랐다.","보통 이런 거래는 과세 당국의 추적을 피하기 위해 신중하게 처리하기 마련인데 이렇게 빈번히 움직이는 건 뭔가 일이 생겼다는 뜻이었다.","혁권이 카이로에 가 있는 동안에도 밀수품 운반은 계속 이어져서 어느새 창고에 가득 쌓아 뒀던 화물이 바닥을 드러냈다.","창고를 둘러보면서 혁권이 중얼거리자 옆에 있던 자말이 얼른 말을 받았다.","status","창고를 둘러보면서 혁권이 중얼거리자 옆에 있던 자말이 얼른 말을 받았다.","하얀 담배 연기를 내뱉으며 주위를 둘러보던 혁권은 이웃해 있는 임시 난민 수용소에 시선을 멈췄다.","창고를 둘러보면서 혁권이 중얼거리자 옆에 있던 자말이 얼른 말을 받았다.","하얀 담배 연기를 내뱉으며 주위를 둘러보던 혁권은 이웃해 있는 임시 난민 수용소에 시선을 멈췄다.","GA-A10","0.89"
"53","대망 053화","","7815","7966","자말이 살짝 얼굴을 굳히며 대답했다.","물량도 많았지만, 이번에는 압둘라흐만의 돈이 하나도 들어가지 않고 전부 그가 보유한 자금으로 구매한 것들이라 더욱 의미가 있었다.; 아랍의 봄 이후 중동과 북아프리카의 정세가 극도로 불안해지고 IS를 비롯한 극단주의 테러 단체들이 활개를 치자 각국은 아랍인들을 잠재적인 테러리스트로 여기…","도 불구하고 이례적으로 꼬치꼬치 질문을 해 대는 건 바로 하킴이 아랍인이기 때문이었다.","물량도 많았지만, 이번에는 압둘라흐만의 돈이 하나도 들어가지 않고 전부 그가 보유한 자금으로 구매한 것들이라 더욱 의미가 있었다.","아랍의 봄 이후 중동과 북아프리카의 정세가 극도로 불안해지고 IS를 비롯한 극단주의 테러 단체들이 활개를 치자 각국은 아랍인들을 잠재적인 테러리스트로 여기며 검문 검색을 강화하는 추세였다.","며칠간 더 발레타에 머물면서 일을 처리한 혁권은 연락을 받고 바다를 건너온 하킴과 함께 몰타를 떠났다.","중국 남해 연안 주강珠江 하구 서쪽 편에 있는 마카오는 16세기 중엽 포르투갈에 의해 무력으로 점령당한 이후 계속 식민지로 남아 있다가 1987년 양국의 합의를 거친 끝에 1999년 12월 20일 중국에 반환됐다.","money","중국 남해 연안 주강珠江 하구 서쪽 편에 있는 마카오는 16세기 중엽 포르투갈에 의해 무력으로 점령당한 이후 계속 식민지로 남아 있다가 1987년 양국의 합의를 거친 끝에 1999년 12월 20일 중국에 반환됐다.","부드러운 크림색을 띠는 실크 느낌의 벽지와 짙은 나무색 몰딩 장식으로 꾸며진 객실은 여태껏 많은 호텔을 전전한 혁권이 보기에도 한 손에 꼽을 만큼 고급스러운 느낌을 주었다.","중국 남해 연안 주강珠江 하구 서쪽 편에 있는 마카오는 16세기 중엽 포르투갈에 의해 무력으로 점령당한 이후 계속 식민지로 남아 있다가 1987년 양국의 합의를 거친 끝에 1999년 12월 20일 중국에 반환됐다.","부드러운 크림색을 띠는 실크 느낌의 벽지와 짙은 나무색 몰딩 장식으로 꾸며진 객실은 여태껏 많은 호텔을 전전한 혁권이 보기에도 한 손에 꼽을 만큼 고급스러운 느낌을 주었다.","GA-A10","0.89"
"54","대망 054화","","7967","8099","카탈로그 사진에서 막 빠져나온 것처럼 완벽한 모양으로 세팅된 침대에 몸을 던진 혁권은 전신을 감싸 오는 폭신한 감촉에 감탄사를 내뱉었다.","머릿속으로 자신의 계획에 들어맞는 이들인지 가늠해 보고 있는 줄도 모르고, 이리저리 두리번거리는 모습에 방갑수와 일당은 호구(?)가 한 명 왔다며 내심 희희낙락했다.; 카지노 측에 절대적으로 유리한 구조인 카드 게임을 반복하다 보면 언제고 행운이 끝나는 순간이 오기 마련이었다.","미녀의 은밀한 유혹에 신사다운 웃음으로 대응한 혁권은 다음 게임을 준비하고 있는 딜러를 불러 돌아보게 만든 후 50달러짜리 칩 하나를 손끝으로 들어 팁이라며 건넸다.","머릿속으로 자신의 계획에 들어맞는 이들인지 가늠해 보고 있는 줄도 모르고, 이리저리 두리번거리는 모습에 방갑수와 일당은 호구(?)가 한 명 왔다며 내심 희희낙락했다.","카지노 측에 절대적으로 유리한 구조인 카드 게임을 반복하다 보면 언제고 행운이 끝나는 순간이 오기 마련이었다.","은근한 제안에 혁권은 고개를 옆으로 돌리고는 솔깃한 표정을 지었다.","후한 인심에 보답이라도 하듯 승리의 여신은 계속해서 혁권의 편이었다.","money","후한 인심에 보답이라도 하듯 승리의 여신은 계속해서 혁권의 편이었다.","고개를 돌려 힐끗 그를 본 사내는 살이 쪄서 두꺼운 손을 내밀었다.","후한 인심에 보답이라도 하듯 승리의 여신은 계속해서 혁권의 편이었다.","고개를 돌려 힐끗 그를 본 사내는 살이 쪄서 두꺼운 손을 내밀었다.","GA-A10","0.89"
"55","대망 055화","","8100","8269","건들거리는 모양새와 말투에서 단번에 조폭 출신인 걸 눈치챌 수 있었다.","잔에 술이 넘치도록 한가득 따른 그는 옆의 대머리에게도 마시겠냐는 듯 술병을 흔들어 보였다가 그제야 혁권을 발견하곤 말을 걸었다.; 적당히 조절하는 그와 달리 다른 두 사람은 이길 때는 베팅을 크게 못 해 적게 따고 연패를 하자, 흥분해서 계속 지르다가 왕창 잃었다.","문자가 보내진 걸 확인한 혁권은 핸드폰을 집어넣고는 일부러 변기 물을 내린 뒤 화장실을 나갔다.","잔에 술이 넘치도록 한가득 따른 그는 옆의 대머리에게도 마시겠냐는 듯 술병을 흔들어 보였다가 그제야 혁권을 발견하곤 말을 걸었다.","적당히 조절하는 그와 달리 다른 두 사람은 이길 때는 베팅을 크게 못 해 적게 따고 연패를 하자, 흥분해서 계속 지르다가 왕창 잃었다.","문에 부딪힌 덩치가 뒤로 넘어지는 걸 보고 이봉준이 몸을 벌떡 일으키는 순간 혁권이 움직였다.","혁권 — 매번 판이 돌아갈 때마다 판돈의 1%씩 하우스 운영비를 떼고 이렇게 고리의 꽁짓돈까지 빌려주니 정킷방 운영자들은 돈을 벌기가 땅 짚고 헤엄치기보다 쉬웠다.","money","혁권 — 매번 판이 돌아갈 때마다 판돈의 1%씩 하우스 운영비를 떼고 이렇게 고리의 꽁짓돈까지 빌려주니 정킷방 운영자들은 돈을 벌기가 땅 짚고 헤엄치기보다 쉬웠다.","뭐가 좋다는 건지 말뜻을 알아듣지 못한 방갑수는 자신도 모르게 고개를 들었다가 마치 맛있는 먹잇감을 발견한 맹수의 표정을 짓고 있는 혁권의 얼굴에 심장이 덜컥 내려앉는 기분을 느꼈다.","매번 판이 돌아갈 때마다 판돈의 1%씩 하우스 운영비를 떼고 이렇게 고리의 꽁짓돈까지 빌려주니 정킷방 운영자들은 돈을 벌기가 땅 짚고 헤엄치기보다 쉬웠다.","뭐가 좋다는 건지 말뜻을 알아듣지 못한 방갑수는 자신도 모르게 고개를 들었다가 마치 맛있는 먹잇감을 발견한 맹수의 표정을 짓고 있는 혁권의 얼굴에 심장이 덜컥 내려앉는 기분을 느꼈다.","GA-A10","0.89"
"56","대망 056화","설계","8270","8454","며칠 뒤 혁권은 하킴과 함께 마카오를 떠나 서울에 도착했다.","설계 — 며칠 뒤 혁권은 하킴과 함께 마카오를 떠나 서울에 도착했다.","벤젠이 많고 황화물의 함유량이 적은 아주 양질의 원유가 생산되는데, 대부분 파이프라인을 통해 인접한 조지아의 항구 도시인 바투미Batumi로 보내져 유럽 지역에 수출됐다.","며칠 뒤 혁권은 하킴과 함께 마카오를 떠나 서울에 도착했다.","김인철 이사가 뒤에서 팍팍 밀어줘서 이 부장이 이번에 본부장으로 승진할지도 모른다는데, 자기는 중동 지역 정세 불안 때문에 2년 연속 영업 목표도 제대로 못 채우게 생겼다는 불안감에 조급해진 거지…","아니, 그런 기본적인 것도 확인하지 않고 덜컥 계약을 체결한 거야?","혁권 — 1차로 선적해서 보낸 강관이 2천만 달러 정도 되는데 사기꾼 놈들이 그걸 꿀꺽하고 튀었어. 문제는 그게 아니라 이미 철강 회사에서 사들인 강관들이야. 그게 한 5천만 달러가량 돼.","money","혁권 — 1차로 선적해서 보낸 강관이 2천만 달러 정도 되는데 사기꾼 놈들이 그걸 꿀꺽하고 튀었어. 문제는 그게 아니라 이미 철강 회사에서 사들인 강관들이야. 그게 한 5천만 달러가량 돼.","혁권이 서류 봉투 하나를 테이블 위에 올려놓자 오윤태는 심드렁한 얼굴로 집어 들었다.","1차로 선적해서 보낸 강관이 2천만 달러 정도 되는데 사기꾼 놈들이 그걸 꿀꺽하고 튀었어. 문제는 그게 아니라 이미 철강 회사에서 사들인 강관들이야. 그게 한 5천만 달러가량 돼.","혁권이 서류 봉투 하나를 테이블 위에 올려놓자 오윤태는 심드렁한 얼굴로 집어 들었다.","GA-A11","0.92"
"57","대망 057화","","8455","8592","봉투를 열자 얇은 서류 뭉치가 나왔다.","제가 그렇게 허술해 보입니까. 김인철 이사는 절대 자신이 당한 걸 알지 못할 테니 아무 걱정 하지 마십시오. 이미 모든 세팅이 다 끝나 있으니까, 오 과장님은 그저 김 이사를 마카오로 데려오시기만 하면 됩니다…","그럼에도 불구하고 김인철 이사를 수행한다는 명목으로 빈번하게 해외 출장을 다녔는데, 말이 회사 업무지 실제로는 라스베이거스나 마카오로 원정 도박을 하러 가는 거였다.","제가 그렇게 허술해 보입니까. 김인철 이사는 절대 자신이 당한 걸 알지 못할 테니 아무 걱정 하지 마십시오. 이미 모든 세팅이 다 끝나 있으니까, 오 과장님은 그저 김 이사를 마카오로 데려오시기만 하면 됩니다.","김인철 이사가 라스베이거스 카지노에 진 도박 빚을 정리하는 데 사용하셨지요. 그런데 제가 알아보니 변제한 액수가 120만 달러밖에 안 되더군요.","혁권도 한때 김인철 이사 쪽 라인으로 비자금 조성을 위한 거래에 조금이나마 끼어 있지 않았다면 이런 사실을 전혀 알지 못했을 것이다.","혁권 — 재작년인가 태일 중공업이 주문한 공작 기계를 수입할 때 버진 아일랜드에 있는 골드 게이트사가 중계 업무를 맡았었죠…","money","혁권 — 재작년인가 태일 중공업이 주문한 공작 기계를 수입할 때 버진 아일랜드에 있는 골드 게이트사가 중계 업무를 맡았었죠…","행여나 다른 사람을 찾을까 싶어 배도환은 황급히 손을 내저었다.","재작년인가 태일 중공업이 주문한 공작 기계를 수입할 때 버진 아일랜드에 있는 골드 게이트사가 중계 업무를 맡았었죠. 물론 포장은 그렇게 했지만 실제로는 수입 대금 명목으로 거액의 비자금을 국외로 빼돌리려는 작업이었지요…","행여나 다른 사람을 찾을까 싶어 배도환은 황급히 손을 내저었다.","GA-A11","0.89"
"58","대망 058화","","8593","8761","그 모습을 본 혁권은 희미한 미소와 함께 요구 조건을 상세하게 설명했다.","혁권이 카드를 집어 들어 확인하자 다이아몬드 K와 3 그리고 하트 3이 들어왔다.; 상황이 내 예상대로만 흘러간다는 보장은 없으니까 방갑수의 행동을 유심히 살피도록 해.","오랜 내전으로 리비아 내에 모든 물품이 부족한 만큼 배도환에게 맡긴 중고차와 부품을 가져가면 이윤을 크게 붙여 팔 수 있었다.","혁권이 카드를 집어 들어 확인하자 다이아몬드 K와 3 그리고 하트 3이 들어왔다.","상황이 내 예상대로만 흘러간다는 보장은 없으니까 방갑수의 행동을 유심히 살피도록 해.","1천만 원이야. 필요한 데 쓰고 며칠 뒤에 방갑수와 함께 마카오로 들어가도록 해. 무슨 일이 있으면 지체하지 말고 바로 연락하고.","혁권 — 4, 4,100만 달러입니다.","money","혁권 — 4, 4,100만 달러입니다.","책임을 지고 사표를 쓴 고 부장 대신 임원 회의에 나와 곤욕을 치르고 있던 양영석 과장은 날 선 김인철 이사의 추궁에 기어들어 가는 목소리로 대답했다.","4, 4,100만 달러입니다.","책임을 지고 사표를 쓴 고 부장 대신 임원 회의에 나와 곤욕을 치르고 있던 양영석 과장은 날 선 김인철 이사의 추궁에 기어들어 가는 목소리로 대답했다.","GA-A11","0.89"
"59","대망 059화","","8762","8896","김인철은 그런 양영석 과장을 더욱 사납게 몰아붙였다.","항상 김인철의 의견에 대립각을 세우던 조필승 상무마저 팔짱을 낀 채 고심에 찬 표정을 짓고 있었다.; 직접 관련은 없었지만 사기에 넘어가 회사에 큰 손해를 입힌 영업 2부 고 부장이 조필승 상무의 라인인 데다 경영을 책임지는 사람 중 한 명으로서 문제가 크게 불거지면 입장이 곤란해졌다.","선뜻 결정을 내리지 못하고 최세원 사장이 머뭇거리자 김인철이 답답하다는 얼굴로 설득을 했다.","항상 김인철의 의견에 대립각을 세우던 조필승 상무마저 팔짱을 낀 채 고심에 찬 표정을 짓고 있었다.","직접 관련은 없었지만 사기에 넘어가 회사에 큰 손해를 입힌 영업 2부 고 부장이 조필승 상무의 라인인 데다 경영을 책임지는 사람 중 한 명으로서 문제가 크게 불거지면 입장이 곤란해졌다.","말뜻을 금방 알아차린 이동철 부장은 살짝 머리를 숙였다.","김인철 — 겨우 몇천만 달러를 가지고 굳이 회장님을 귀찮게 할 필요가 있겠습니까. 그냥 저희 선에서 처리 하시죠.","money","김인철 — 겨우 몇천만 달러를 가지고 굳이 회장님을 귀찮게 할 필요가 있겠습니까. 그냥 저희 선에서 처리 하시죠.","중요한 시기에 원정도박 같은 건 그만두라는 말이 목구멍까지 올라왔지만 해봤자 귓등으로도 듣지 않을 걸 알았기에 이동철은 속으로만 삼켰다.","겨우 몇천만 달러를 가지고 굳이 회장님을 귀찮게 할 필요가 있겠습니까. 그냥 저희 선에서 처리 하시죠.","중요한 시기에 원정도박 같은 건 그만두라는 말이 목구멍까지 올라왔지만 해봤자 귓등으로도 듣지 않을 걸 알았기에 이동철은 속으로만 삼켰다.","GA-A11","0.89"
"60","대망 060화","","8897","9054","뜬금없이 딴 데로 튄 화제에 오윤태가 의문스러운 얼굴로 답했다.","며칠 뒤 서둘러 남은 일을 모두 끝낸 혁권은 하킴과 함께 마카오로 갔다.; 이번 일을 위해 잠시 데리고 있을 뿐 하킴처럼 자기 부하로 인정하지 않은 점도 있고 지난번에 그에게 속임수가 들통 난 전적도 있었기에 더욱 그러했다.","복수도 좋지만, 언제까지 이 일에 매달려 있을 수는 없었기에 김인철 이사가 움직이지 않으면 억지로라도 끌어내야 했다.","며칠 뒤 서둘러 남은 일을 모두 끝낸 혁권은 하킴과 함께 마카오로 갔다.","이번 일을 위해 잠시 데리고 있을 뿐 하킴처럼 자기 부하로 인정하지 않은 점도 있고 지난번에 그에게 속임수가 들통 난 전적도 있었기에 더욱 그러했다.","혁권을 태운 밴은 타이파섬에 있는 베네시안 카지노 리조트에 도착했다.","방갑수가 자신 있게 대답했지만, 그는 작게 고개만 끄덕일 뿐 완전히 신뢰하지 않았다.","relationship","방갑수가 자신 있게 대답했지만, 그는 작게 고개만 끄덕일 뿐 완전히 신뢰하지 않았다.","압도적인 규모를 자랑하듯 끝이 보이지 않는 긴 레드카펫 위로 차량을 정지시키자, 병정처럼 각진 모자를 쓴 도어맨이 다가와 허리를 굽히며 문을 열어 주었다.","방갑수가 자신 있게 대답했지만, 그는 작게 고개만 끄덕일 뿐 완전히 신뢰하지 않았다.","압도적인 규모를 자랑하듯 끝이 보이지 않는 긴 레드카펫 위로 차량을 정지시키자, 병정처럼 각진 모자를 쓴 도어맨이 다가와 허리를 굽히며 문을 열어 주었다.","GA-A11","0.89"
"61","대망 061화","욕망의 땅 Ⅰ","9055","9195","로비에 들어서면 가장 먼저 눈길을 휘어잡는 것은 초대형 황금 장식이었다.","욕망의 땅 Ⅰ — 짐을 정리하던 하킴이 고개를 들어 쳐다보자 혁권은 한쪽 팔을 가볍게 내저었다.","비밀을 유지하기 위해 다른 부하 직원 없이 혼자 온 오윤태는 수화물 카트를 밀고 가면서 얼른 김인철의 물음에 대답했다.","짐을 정리하던 하킴이 고개를 들어 쳐다보자 혁권은 한쪽 팔을 가볍게 내저었다.","혹시라도 나중에 문제가 됐을 때를 대비해서 의심을 살 만한 흔적을 조금이라도 남겨두지 않는 것이 여러모로 나았기에 오윤태는 작게 머리를 끄덕이고는 선불폰을 받아 얼른 안주머니에 넣었다.","조금 씁쓸한 이야기였지만 꼬리 자르기를 당해 버려지기 전까지 김인철의 뒤를 닦아 줬었기에 성격과 취향을 혁권은 속속들이 다 파악하고 있었다.","준비 상태를 점검하고 있을 때 하킴이 핸드폰을 받더니 그에게 다가와 말했다.","relationship","준비 상태를 점검하고 있을 때 하킴이 핸드폰을 받더니 그에게 다가와 말했다.","소매를 걷어 시간을 확인한 그는 작게 고개를 끄덕였다.","준비 상태를 점검하고 있을 때 하킴이 핸드폰을 받더니 그에게 다가와 말했다.","소매를 걷어 시간을 확인한 그는 작게 고개를 끄덕였다.","GA-A12","0.92"
"62","대망 062화","","9196","9345","눈을 날카롭게 번득인 혁권은 앞에 있는 방갑수를 보면서 침착하게 지시를 내렸다.","김인철 등이 들어온 카드를 확인하고 내려놓자 배진환은 한쪽 팔을 들어 테이블 가운데를 가리켰다.; 김인철의 손길에 그녀의 옷이 하나씩 바닥에 떨어졌고 눈이 부시도록 하얀 피부에 입술이 닿았다.","금방 아랫사람을 보는 눈초리로 바뀌어 거만하게 턱을 까딱이는 태도에도 불구하고, 방갑수는 아무렇지도 않은 듯 자연스럽게 그를 호텔 안으로 안내했다.","김인철 등이 들어온 카드를 확인하고 내려놓자 배진환은 한쪽 팔을 들어 테이블 가운데를 가리켰다.","김인철의 손길에 그녀의 옷이 하나씩 바닥에 떨어졌고 눈이 부시도록 하얀 피부에 입술이 닿았다.","김인철의 손길에 위로 치켜 올라간 매끈한 종아리와 한 손에 쥐면 다 잡힐 것 같던 가는 발목을 떠올리자 더욱 심통이 난 그는 문득 드는 계집 생각에 쩝 아쉬운 입맛을 다셨다.","김인철 — 한 사람당 20만 달러로 모두 합쳐 한화로 4억이 넘는 액수였다.","money","김인철 — 한 사람당 20만 달러로 모두 합쳐 한화로 4억이 넘는 액수였다.","카드를 뒤집자 조현태는 A 트리플이 나왔고 김인철은 하트 플러시가 되어 있었다.","한 사람당 20만 달러로 모두 합쳐 한화로 4억이 넘는 액수였다.","카드를 뒤집자 조현태는 A 트리플이 나왔고 김인철은 하트 플러시가 되어 있었다.","GA-A12","0.89"
"63","대망 063화","","9346","9496","조현태가 혀를 차는 것과 동시에 옆에 있던 김연미가 환호성을 지르며 김인철의 팔에 달라붙었다.","기본 베팅 금액이 1천 달러 이상인 VIP룸에 들어온 걸 보면 제법 성공한 사업가인지 몰라도 재계 10위 안에 들어가는 재벌 가문의 자제인 김인철의 눈에 차지 않았다.; 이런 것도 모르고 홀딱 속아 넘어가 희희낙락하던 김인철의 모습에 그는 피식 입술을 비틀어 올리면서 웃었다.","일이라는 것이 항상 변수가 있기 마련이었기에 자칫 예상치 못한 상황이 발생해 중간에 김인철이 한국으로 돌아가 버린다면 그야말로 닭 쫓던 개 꼴이 되는 거였다.","기본 베팅 금액이 1천 달러 이상인 VIP룸에 들어온 걸 보면 제법 성공한 사업가인지 몰라도 재계 10위 안에 들어가는 재벌 가문의 자제인 김인철의 눈에 차지 않았다.","이런 것도 모르고 홀딱 속아 넘어가 희희낙락하던 김인철의 모습에 그는 피식 입술을 비틀어 올리면서 웃었다.","바지 주머니에 손을 집어넣으며 일어서는 김인철의 등 뒤로 오 과장이 허리를 깊숙이 숙여 답했다.","김인철 — 눈앞에 놓인 마티니를 잠시 바라본 황광모는 이내 자연스럽게 50달러짜리 칩을 하나 집어 천소희가 들고 있는 쟁반 위에 올려놨다.","money","김인철 — 눈앞에 놓인 마티니를 잠시 바라본 황광모는 이내 자연스럽게 50달러짜리 칩을 하나 집어 천소희가 들고 있는 쟁반 위에 올려놨다.","신호가 떨어지자마자 기다렸다는 듯 배진환이 바꾼 카드가 바로 뒷면에 보이지 않는 특수 잉크로 표식을 해둔 표시 목이었다.","눈앞에 놓인 마티니를 잠시 바라본 황광모는 이내 자연스럽게 50달러짜리 칩을 하나 집어 천소희가 들고 있는 쟁반 위에 올려놨다.","신호가 떨어지자마자 기다렸다는 듯 배진환이 바꾼 카드가 바로 뒷면에 보이지 않는 특수 잉크로 표식을 해둔 표시 목이었다.","GA-A12","0.89"
"64","대망 064화","","9497","9656","다른 사람들 눈에는 아무것도 없는 평범한 카드였지만 특수 제작된 렌즈를 눈에 낀 배진환과 황광모는 선명하게 표식을 확인할 수 있었다.","여섯 번째 카드가 들어왔지만 이미 플러시가 만들어져 있던 김인철은 건성으로 보고는 다른 사람들의 패를 확인했다.; 죽기는커녕 한 바퀴를 돌면서 베팅 액이 10만 달러로 커지자 김인철의 머릿속이 아주 복잡해졌다.","동공이 커지고 심장이 두근두근 뛰었지만, 상대가 눈치채고 죽지 않도록 하기 위해 김인철은 애써 담담한 표정을 지었다.","여섯 번째 카드가 들어왔지만 이미 플러시가 만들어져 있던 김인철은 건성으로 보고는 다른 사람들의 패를 확인했다.","죽기는커녕 한 바퀴를 돌면서 베팅 액이 10만 달러로 커지자 김인철의 머릿속이 아주 복잡해졌다.","그러면서 황광모가 패를 보이는 순간 김인철의 눈이 더 이상 커질 수 없을 정도로 치켜떠 졌다.","김인철 — 드디어 마지막 히든카드가 들어왔고 테이블에 쌓인 판돈은 50만 달러 한화로 거의 6억 원에 육박하는 거금이 됐다.","money","김인철 — 드디어 마지막 히든카드가 들어왔고 테이블에 쌓인 판돈은 50만 달러 한화로 거의 6억 원에 육박하는 거금이 됐다.","뒤 방갑수가 인터넷과 연결된 태블릿 PC를 가지고 왔다.","드디어 마지막 히든카드가 들어왔고 테이블에 쌓인 판돈은 50만 달러 한화로 거의 6억 원에 육박하는 거금이 됐다.","뒤 방갑수가 인터넷과 연결된 태블릿 PC를 가지고 왔다.","GA-A12","0.89"
"65","대망 065화","","9657","9819","태블릿을 받아 든 김인철은 거친 손길로 인터넷 뱅킹을 해 줬다.","하룻밤을 꼬박 새운 덕에 초췌한 몰골로 변한 조현태는 인사도 없이 제 방으로 들어가 윤상아를 베개 삼아선 침대에 드러누웠고, 김인철은 소파에 털썩 주저앉아 멍한 눈빛으로 천장을 바라보았다.; 느긋하게 담배를 피워 물고 있던 황광모는 김인철의 말에 살짝 놀란 표정을 지었다.","이럴 때는 잠시 게임을 멈추고 쉬면서 머리를 맑게 해야 하지만 눈이 돌아간 김인철은 그런 여유를 가지지 못했다.","하룻밤을 꼬박 새운 덕에 초췌한 몰골로 변한 조현태는 인사도 없이 제 방으로 들어가 윤상아를 베개 삼아선 침대에 드러누웠고, 김인철은 소파에 털썩 주저앉아 멍한 눈빛으로 천장을 바라보았다.","느긋하게 담배를 피워 물고 있던 황광모는 김인철의 말에 살짝 놀란 표정을 지었다.","VIP룸에서 김인철의 베팅을 만류하던 것이 사실은 다 연기였다.","김인철 — 홍콩 지사에 연락해서 저녁까지 200만 달러, 아니 아예 1천만 달러를 준비해 놔.","money","김인철 — 홍콩 지사에 연락해서 저녁까지 200만 달러, 아니 아예 1천만 달러를 준비해 놔.","주저하던 지사 직원이 오윤태의 눈치를 보며 조심스럽게 입을 열었다.","홍콩 지사에 연락해서 저녁까지 200만 달러, 아니 아예 1천만 달러를 준비해 놔.","주저하던 지사 직원이 오윤태의 눈치를 보며 조심스럽게 입을 열었다.","GA-A12","0.89"
"66","대망 066화","","9820","9996","오윤태가 눈가를 찡그리자 지사 직원이 얼른 말을 덧붙였다.","속임수가 없다는 걸 확인시키기 위해 양팔을 내밀어 앞뒤를 보여 준 배진환은 종이 케이스에 든 카드를 꺼내 능숙한 동작으로 섞었다.; 이번 판으로 적지 않은 액수를 땄지만, 지금까지 잃은 것에 비하면 한참 부족했으니 당연했다.","뜨기 위해 김인철의 스폰이 간절히 필요한 입장이었기에 김연미는 그저 시키는 대로 해야 하는 을乙일 수밖에 없었다.","속임수가 없다는 걸 확인시키기 위해 양팔을 내밀어 앞뒤를 보여 준 배진환은 종이 케이스에 든 카드를 꺼내 능숙한 동작으로 섞었다.","이번 판으로 적지 않은 액수를 땄지만, 지금까지 잃은 것에 비하면 한참 부족했으니 당연했다.","흐트러진 침대 위에 옷도 갈아입지 않은 채 죽은 듯 엎드려 있는 김인철을 발견하곤 안도의 한숨을 내쉬었다.","김인철 — 100달러짜리 고액권 달러 뭉치가 빼곡하게 차 있는 모습이 눈에 들어왔다.","money","김인철 — 100달러짜리 고액권 달러 뭉치가 빼곡하게 차 있는 모습이 눈에 들어왔다.","곧바로 게임이 재개됐고 판이 커진 만큼 카드를 확인하는 손길이 더욱 신중해졌다.","100달러짜리 고액권 달러 뭉치가 빼곡하게 차 있는 모습이 눈에 들어왔다.","곧바로 게임이 재개됐고 판이 커진 만큼 카드를 확인하는 손길이 더욱 신중해졌다.","GA-A12","0.89"
"67","대망 067화","욕망의 땅Ⅱ","9997","10164","네 번째 카드를 받자 액면이 제일 높은 황광모가 먼저 베팅을 했다.","욕망의 땅Ⅱ — 모니터에 비치는 김인철의 얼굴을 보며 비웃음을 지은 그는 한쪽에 서 있는 하킴에게 지시를 내렸다.","이번 판에 어떻게 해서든 잃은 돈을 되찾아야 한다는 생각에 김인철은 입술이 바짝바짝 마르면서 마음이 초조해졌다.","모니터에 비치는 김인철의 얼굴을 보며 비웃음을 지은 그는 한쪽에 서 있는 하킴에게 지시를 내렸다.","김인철의 마음을 돌리기에는 이유가 너무 빈약했다.","다른 방에서 상황을 모두 지켜보고 있던 혁권은 김인철의 제안에 눈을 번득였다.","김인철 — 그러다 보니 카드를 두 장 더 받았을 때 테이블에 깔린 판돈이 200만 달러가 넘어가고 있었다.","money","김인철 — 그러다 보니 카드를 두 장 더 받았을 때 테이블에 깔린 판돈이 200만 달러가 넘어가고 있었다.","김인철은 조현태의 만류를 듣지 않았다.","그러다 보니 카드를 두 장 더 받았을 때 테이블에 깔린 판돈이 200만 달러가 넘어가고 있었다.","김인철은 조현태의 만류를 듣지 않았다.","GA-A12","0.92"
"68","대망 068화","","10165","10323","김인철도 막무가내로 고집을 부리는 건 아니었다.","뒤 방갑수가 차용증을 만들어서 가져오자 김인철은 망설임 없이 서명했다.; 무표정한 얼굴로 김인철의 패를 쳐다보던 황광모가 입꼬리를 살짝 말아 올리며 웃었다.","소란이 이는 통에 슬쩍 뒤로 빠져 있던 조현태도 일이 심상치 않게 돌아가는 모습에 굳은 얼굴로 그를 말렸다.","뒤 방갑수가 차용증을 만들어서 가져오자 김인철은 망설임 없이 서명했다.","무표정한 얼굴로 김인철의 패를 쳐다보던 황광모가 입꼬리를 살짝 말아 올리며 웃었다.","알로하셔츠로 옷을 갈아입은 황광모는 벌써 얼굴이 벌겋게 돼서 흥겹게 콧노래를 흥얼거리고 있었고, 의외로 술이 약한 백성균은 터질 듯한 팔뚝을 드러낸 채 천소희에게 은근슬쩍 근육 자랑을 해 댔다.","김인철 — 외국에 원정 도박을 나온 것만으로도 여론의 뭇매를 받을 일인데, 베팅 금액마저 수천만 달러가 넘었으니 자칫 잘못하면 검찰 조사로까지 이어질 수 있었다.","money","김인철 — 외국에 원정 도박을 나온 것만으로도 여론의 뭇매를 받을 일인데, 베팅 금액마저 수천만 달러가 넘었으니 자칫 잘못하면 검찰 조사로까지 이어질 수 있었다.","어느 쪽이든 간에 오늘 밤은 한동안 잊지 못할 기억이 될 터였다.","외국에 원정 도박을 나온 것만으로도 여론의 뭇매를 받을 일인데, 베팅 금액마저 수천만 달러가 넘었으니 자칫 잘못하면 검찰 조사로까지 이어질 수 있었다.","어느 쪽이든 간에 오늘 밤은 한동안 잊지 못할 기억이 될 터였다.","GA-A12","0.89"
"69","대망 069화","혼돈","10324","10477","창문 밖을 내려다보고 있던 혁권이 노크 소리에 몸을 돌리자 하킴이 오윤태와 함께 객실로 들어왔다.","혼돈 — 한시가 급했던 혁권은 그날 바로 체크아웃을 하고 나와 무려 세 번이나 비행기를 갈아탄 끝에 몰타의 수도 발레타에 도착할 수 있었다.","빠르게 평정심을 되찾은 혁권은 휴대폰을 고쳐 쥐며 말했다.","한시가 급했던 혁권은 그날 바로 체크아웃을 하고 나와 무려 세 번이나 비행기를 갈아탄 끝에 몰타의 수도 발레타에 도착할 수 있었다.","불안한 리비아 내정 상태를 생각한다면 트리폴리까지 전투가 번지는 건 시간문제였다.","뜻밖의 소식에 그는 눈썹을 치켜올렸다.","혁권이 직원들을 단순한 고용인이 아니라 함께 목표를 향해 나아가는 동료라고 생각하기에 이런 지시를 내린 것이다.","money","혁권이 직원들을 단순한 고용인이 아니라 함께 목표를 향해 나아가는 동료라고 생각하기에 이런 지시를 내린 것이다.","웬만해서는 이런 반응을 보이지 않는 자말이었기에 혁권은 미간을 좁혔다.","혁권이 직원들을 단순한 고용인이 아니라 함께 목표를 향해 나아가는 동료라고 생각하기에 이런 지시를 내린 것이다.","웬만해서는 이런 반응을 보이지 않는 자말이었기에 혁권은 미간을 좁혔다.","GA-A13","0.92"
"70","대망 070화","","10478","10599","자위야라면 해안을 따라 튀니지에서 트리폴리를 거쳐 이집트로 가는 고속도로가 지나가는 전략적 요충지였다.","멀리서 찾을 것도 없이 이제 그의 오른팔이 된 자말만 해도 원래 정부군 장교였다가 강제로 군대에서 쫓겨난 경우였다.; IS로부터 직접적인 테러와 위협을 당해 그쪽하고 한창 싸우는 중이었기에 리비아 문제까지 신경 쓰기 어렵다는 건 충분히 이해 됐다.","리비아가 민주화 혁명을 이룬 다른 나라들과 비교해서 내부 안정을 이루지 못하고 제대로 사회 시스템이 돌아가지 않는 원인 중 하나가 바로 이거였다.","멀리서 찾을 것도 없이 이제 그의 오른팔이 된 자말만 해도 원래 정부군 장교였다가 강제로 군대에서 쫓겨난 경우였다.","IS로부터 직접적인 테러와 위협을 당해 그쪽하고 한창 싸우는 중이었기에 리비아 문제까지 신경 쓰기 어렵다는 건 충분히 이해 됐다.","이미 알고 있는 사실이었지만 혁권은 티를 내지 않고 모르는 척 시치미를 뗐다.","혁권 — 주브르급 공기부양정으로 이용한 물자 수송이 자리를 잡고 많은 수익을 올리자 아예 근거지로 쓸 주택을 구매한 거였다.","world","혁권 — 주브르급 공기부양정으로 이용한 물자 수송이 자리를 잡고 많은 수익을 올리자 아예 근거지로 쓸 주택을 구매한 거였다.","뭐, 정부군한테는 불행한 일이지만 덕분에 공기부양정을 가진 자네의 몸값이 한껏 올라가게 됐으니 나쁠 게 없지.","주브르급 공기부양정으로 이용한 물자 수송이 자리를 잡고 많은 수익을 올리자 아예 근거지로 쓸 주택을 구매한 거였다.","뭐, 정부군한테는 불행한 일이지만 덕분에 공기부양정을 가진 자네의 몸값이 한껏 올라가게 됐으니 나쁠 게 없지.","GA-A13","0.89"
"71","대망 071화","","10600","10738","이건 혁권한테는 큰돈을 벌 수 있는 기회였다.","이렇게 되면 그동안 주브르급 공기부양정을 운용하며 누리던 독점적인 지위가 단번에 깨질 수밖에 없으니 혁권한테는 안 좋은 소식이었다.; 상대가 이탈리아, 아니 좀 더 정확하게 말한다면 에니사인 것이 의외이긴 하지만…","적당한 선을 지키고 어느 정도 자유를 보장해 주는 리비아 정부와 달리 ADDI는 수입의 7할 이상을 세금으로 거둬 가면서 주민들을 마구 탄압하고 말을 듣지 않으면 가차 없이 목숨을 빼앗는 공포정치를 펼쳤다.","이렇게 되면 그동안 주브르급 공기부양정을 운용하며 누리던 독점적인 지위가 단번에 깨질 수밖에 없으니 혁권한테는 안 좋은 소식이었다.","상대가 이탈리아, 아니 좀 더 정확하게 말한다면 에니사인 것이 의외이긴 하지만, 리비아 정부가 언제까지 트리폴리 항구를 막고 있는 기뢰를 그냥 놔두지는 않을 테니까요. 더군다나 유가 하락으로 수요가 줄어들기는 했지만…","뜻밖의 소식에 그는 눈을 동그랗게 떴다.","리비아 정부 입장에서도 민주화 혁명 이후 이런저런 이유로 생산이 중단된 보우리 유전을 재가동시켜 오일 머니를 확보하고 더불어 트리폴리의 숨통을 조이고 있는 기뢰를 제거할 수 있다면 그리 나쁘지 않은 거래였다.","world","리비아 정부 입장에서도 민주화 혁명 이후 이런저런 이유로 생산이 중단된 보우리 유전을 재가동시켜 오일 머니를 확보하고 더불어 트리폴리의 숨통을 조이고 있는 기뢰를 제거할 수 있다면 그리 나쁘지 않은 거래였다.","담담한 태도를 보였지만 앞으로 어떻게 해야 할지 머릿속이 복잡했다.","리비아 정부 입장에서도 민주화 혁명 이후 이런저런 이유로 생산이 중단된 보우리 유전을 재가동시켜 오일 머니를 확보하고 더불어 트리폴리의 숨통을 조이고 있는 기뢰를 제거할 수 있다면 그리 나쁘지 않은 거래였다.","담담한 태도를 보였지만 앞으로 어떻게 해야 할지 머릿속이 복잡했다.","GA-A13","0.89"
"72","대망 072화","","10739","10854","새벽이 돼서 아침 해가 떠오를 때쯤 하역 작업이 모두 끝났다.","그러면 부하들도 가족에 대한 걱정을 떨쳐 버릴 수 있고 그가 돈을 써서 적극적으로 지원해 준다면 다른 리비아나 중동 난민보다 나은 환경에서 새 출발 하는 것이 가능했다.; 나도 약간 걱정했었는데 말이야, 막상 오니까 함단씨 말대로 방이 많아서 부족하진 않을 것 같아. 뭐…","다음 화물을 싣고 오기 위해 포세이돈 함이 거센 파도를 헤치면서 발레타로 돌아가자 혁권은 트럭 행렬과 함께 트리폴리 시내로 들어갔다.","그러면 부하들도 가족에 대한 걱정을 떨쳐 버릴 수 있고 그가 돈을 써서 적극적으로 지원해 준다면 다른 리비아나 중동 난민보다 나은 환경에서 새 출발 하는 것이 가능했다.","나도 약간 걱정했었는데 말이야, 막상 오니까 함단씨 말대로 방이 많아서 부족하진 않을 것 같아. 뭐, 양심 없이 구는 사람도 몇 명 있긴 했는데 어쨌든 다들 건너 건너 아는 인물들이다 보니 다행히 어떻게 잘 해결됐지.","혁권이 가족들을 위해 집을 사고 그곳을 마음대로 써도 좋다고 했다는 소식이 퍼지자마자 사람들은 텐트를 걷고 짐을 싸느라 분주하게 움직였다.","혁권 — 원래라면 50만 달러도 넘는 저택이었으나 절반도 안 되는 10만 달러에 넘겨받기로 계약을 했다.","money","혁권 — 원래라면 50만 달러도 넘는 저택이었으나 절반도 안 되는 10만 달러에 넘겨받기로 계약을 했다.","혁권의 말에 압둘라흐만은 무릎을 치면서 크게 웃음을 터트렸다.","원래라면 50만 달러도 넘는 저택이었으나 절반도 안 되는 10만 달러에 넘겨받기로 계약을 했다.","혁권의 말에 압둘라흐만은 무릎을 치면서 크게 웃음을 터트렸다.","GA-A13","0.89"
"73","대망 073화","시가전","10855","11014","앞에 놓인 냅킨으로 혁권은 입가를 닦았다.","시가전 — 팔짱을 낀 자세로 덜컹거리는 시트에 몸을 묻고 있던 혁권은 어느새 저택에 도착해 커다란 대문이 서서히 열리는 것을 보았다.","조수석에 앉은 하킴은 그런 혁권을 룸미러로 힐끔 쳐다보고는 방해하지 않기 위해 입을 꾹 다물었다.","팔짱을 낀 자세로 덜컹거리는 시트에 몸을 묻고 있던 혁권은 어느새 저택에 도착해 커다란 대문이 서서히 열리는 것을 보았다.","세속적인 현 정부와 달리 이슬람 원리주의를 신봉하는 이슬람 형제단은 주민을 더 억압하고 통제하려고 할 것이 뻔한데다 자신과 같은 외국인에게 적대적이었다.","트리폴리에서 시가전이 벌어지고 있다는데, 괜찮으십니까?","지난번에 알렉산드리아에서 중고차를 가져올 때 고용했던 인원들하고 함단이 아직 연락 하고 있어?","relationship","지난번에 알렉산드리아에서 중고차를 가져올 때 고용했던 인원들하고 함단이 아직 연락 하고 있어?","당장 트리폴리 시가지에서 총격전이 벌어지고 누가 정권을 잡게 될지 불확실한 상황에 밀수품을 들여올 수는 없었다.","지난번에 알렉산드리아에서 중고차를 가져올 때 고용했던 인원들하고 함단이 아직 연락 하고 있어?","당장 트리폴리 시가지에서 총격전이 벌어지고 누가 정권을 잡게 될지 불확실한 상황에 밀수품을 들여올 수는 없었다.","GA-A14","0.92"
"74","대망 074화","","11015","11178","그저 빨리 이번 일이 정리되길 바면서 그동안 손해를 감수하는 것 외에는 당장 뾰족한 방법이 없었다.","트럭 짐칸에 탄 한 놈이 팔을 들어 이쪽을 가리키면서 뭔가 떠들어 대는 걸 본 혁권은 더 머뭇거리지 않고 외쳤다.; 그건 안 돼. 전투가 벌어지고 있는 거리를 두 번이나 가로지르는 위험을 감수하기 어려운 데다 자칫 인원이 분산됐을 때 어느 한쪽이라도 공격을 받는다면 대처하기가 힘들어질…","지금이라도 위험을 각오하고 사람들을 데리고 트리폴리를 탈출해야 하는 건 아닌지 심각하게 고민했다.","트럭 짐칸에 탄 한 놈이 팔을 들어 이쪽을 가리키면서 뭔가 떠들어 대는 걸 본 혁권은 더 머뭇거리지 않고 외쳤다.","그건 안 돼. 전투가 벌어지고 있는 거리를 두 번이나 가로지르는 위험을 감수하기 어려운 데다 자칫 인원이 분산됐을 때 어느 한쪽이라도 공격을 받는다면 대처하기가 힘들어질 거야.","따지고 들려면 못할 것도 없으나, 혁권의 말대로 시간이 촉박한 것은 사실이어서 그냥 모르는 척 넘어가 주기로 했다.","만약에 트리폴리를 탈출해야 할 상황이 벌어진다면 현재 가지고 있는 차량으로 사람들을 다 태울 수 있겠나?","ability","만약에 트리폴리를 탈출해야 할 상황이 벌어진다면 현재 가지고 있는 차량으로 사람들을 다 태울 수 있겠나?","함단이 고개를 가로저으며 대답했다.","만약에 트리폴리를 탈출해야 할 상황이 벌어진다면 현재 가지고 있는 차량으로 사람들을 다 태울 수 있겠나?","함단이 고개를 가로저으며 대답했다.","GA-A14","0.89"
"75","대망 075화","","11179","11344","혁권의 말에 함단은 씁쓸한 얼굴로 머리를 끄덕였다.","바로 코린시아 호텔 테러 사건 때 함께 탈출했던 트리폴리 정부 석유부 장관인 이스라 모함메드였다.; 도로를 막고 있던 적들은 총성에 놀라 황급히 소총을 들어 올렸지만 한 박자 늦고 말았다.","노련한 상사맨답게 금방 평정심을 되찾고는 모함메드 장관에게 다가갔다.","바로 코린시아 호텔 테러 사건 때 함께 탈출했던 트리폴리 정부 석유부 장관인 이스라 모함메드였다.","도로를 막고 있던 적들은 총성에 놀라 황급히 소총을 들어 올렸지만 한 박자 늦고 말았다.","모함메드 장관의 이야기가 사실이라면 어느 정도 타격은 있지만, 지휘 체계가 완전히 무너지지 않은 채 정부군이 계속 싸우고 있다는 뜻이었기에 나쁜 소식이 아니었다.","혁권 — 그게… 놈들한테 잡혀 있던 사람들을 구출했는데….","relationship","혁권 — 그게… 놈들한테 잡혀 있던 사람들을 구출했는데….","고심을 한 혁권은 이내 결정을 내렸다.","그게… 놈들한테 잡혀 있던 사람들을 구출했는데….","고심을 한 혁권은 이내 결정을 내렸다.","GA-A14","0.89"
"76","대망 076화","","11345","11514","결정을 내리자 혁권은 머뭇거리는 것 없이 신속하게 상황을 정리했다.","혁권 — 정부는 20개 분야 240조 원 규모의 공공 시스템에 대한 사전 예방 시스템이 성공하면 5조 원 정도의 예산이 절감될 것으로 기대했습니다. 이어서 국제 소식입니다…; 원래 모함메드 장관이 타고 왔던 거였는데, 총격을 받아 여기저기 총알구멍이 나 있었지만…","결정을 내리자 혁권은 머뭇거리는 것 없이 신속하게 상황을 정리했다.","혁권 — 정부는 20개 분야 240조 원 규모의 공공 시스템에 대한 사전 예방 시스템이 성공하면 5조 원 정도의 예산이 절감될 것으로 기대했습니다. 이어서 국제 소식입니다…","원래 모함메드 장관이 타고 왔던 거였는데, 총격을 받아 여기저기 총알구멍이 나 있었지만, 다행히 움직이는 데 지장이 없었다.","무소식이 희소식이라고 연락을 잘하지 않는 아들자식을 무정한 놈이라고 생각하진 않으실는지.","방금 자신이 잘못한 것도 있고 그런 걸 생각할 정신이 없었기에 김범수는 미안한 얼굴로 돈을 받았다.","money","방금 자신이 잘못한 것도 있고 그런 걸 생각할 정신이 없었기에 김범수는 미안한 얼굴로 돈을 받았다.","장군 출신이면서도 머리를 살짝 든 모함메드 장관은 겁을 잔뜩 먹은 얼굴로 물었다.","방금 자신이 잘못한 것도 있고 그런 걸 생각할 정신이 없었기에 김범수는 미안한 얼굴로 돈을 받았다.","장군 출신이면서도 머리를 살짝 든 모함메드 장관은 겁을 잔뜩 먹은 얼굴로 물었다.","GA-A14","0.89"
"77","대망 077화","","11515","11687","한심스러웠지만 그는 표시를 내지 않고 작게 고개를 끄덕였다.","모함메드 장관은 슬쩍 그의 시선을 피하며 말했다.; 총구에서 불꽃이 튀며 발사된 총탄에 등을 보이고 있던 적 서너 명이 제대로 저항도 못 해 보고 죽음을 맞이했다.","누가 봐도 불리한 상황임에도 불구하고 혁권은 그렇게 생각하지 않았다.","모함메드 장관은 슬쩍 그의 시선을 피하며 말했다.","총구에서 불꽃이 튀며 발사된 총탄에 등을 보이고 있던 적 서너 명이 제대로 저항도 못 해 보고 죽음을 맞이했다.","배후에서 나타난 혁권과 함단을 발견한 적이 황급히 기관총을 돌리려고 했다.","혁권 — 주둔 병력이 이슬람 형제단의 공격을 격퇴 중일 수도 있습니다.","relationship","혁권 — 주둔 병력이 이슬람 형제단의 공격을 격퇴 중일 수도 있습니다.","한 번에 기관총 사수를 저격해 버린 하킴은 총구를 돌려 다음 목표를 겨냥하고는 다시 방아쇠를 당겼다.","주둔 병력이 이슬람 형제단의 공격을 격퇴 중일 수도 있습니다.","한 번에 기관총 사수를 저격해 버린 하킴은 총구를 돌려 다음 목표를 겨냥하고는 다시 방아쇠를 당겼다.","GA-A14","0.89"
"78","대망 078화","","11688","11833","총성이 울리자 쓰러진 사수 대신 픽업트럭 위로 올라가 기관총을 잡으려던 적병이 비명을 내지르며 뒤로 나자빠졌다.","제 뜻대로 뭐가 안 돼 뾰로통해진 아이처럼 골이 난 표정을 한 모함메드 장관은 공격의 화살을 에프칸에게로 돌렸다.; 이렇게 하킴이 가장 큰 위협이 되는 상대의 중화기를 무력화시키는 사이 혁권과 함단은 모퉁이를 뛰쳐나가 도로 한쪽에 버려져 있는 수레 뒤에 몸을 숨긴 채 적을 공격했다.","아부카 여단이 나선다면 이슬람 형제단을 확실히 몰아붙일 수는 있겠지만, ADDI와 한창 전투를 벌이고 있는 서부 전선이 약해지는 걸 감수해야 했다.","제 뜻대로 뭐가 안 돼 뾰로통해진 아이처럼 골이 난 표정을 한 모함메드 장관은 공격의 화살을 에프칸에게로 돌렸다.","이렇게 하킴이 가장 큰 위협이 되는 상대의 중화기를 무력화시키는 사이 혁권과 함단은 모퉁이를 뛰쳐나가 도로 한쪽에 버려져 있는 수레 뒤에 몸을 숨긴 채 적을 공격했다.","현재 지휘부와 떨어져 혼자 낙오되어 있다고는 해도 샤라빌 대통령의 측근이자 중요 각료인 모함메드 장관도 모르는 사실을 일개 수송대 장교가 알고 있는 것이 의아했다.","이슬람 형제단을 격퇴하고 트리폴리를 안정화하는 동안 전선이 버텨 준다면 다행이었으나, 만에 하나 방어선이 뚫리기라도 했을 때는 정부군은 양쪽에서 협공당하는 최악의 상황에 몰리는 거였다.","world","이슬람 형제단을 격퇴하고 트리폴리를 안정화하는 동안 전선이 버텨 준다면 다행이었으나, 만에 하나 방어선이 뚫리기라도 했을 때는 정부군은 양쪽에서 협공당하는 최악의 상황에 몰리는 거였다.","짧은 인사가 끝난 뒤, 모함메드 장관은 잔뜩 거드름을 피우면서 에프칸 중위를 따라 수송대 주둔지로 발걸음을 옮겼다.","이슬람 형제단을 격퇴하고 트리폴리를 안정화하는 동안 전선이 버텨 준다면 다행이었으나, 만에 하나 방어선이 뚫리기라도 했을 때는 정부군은 양쪽에서 협공당하는 최악의 상황에 몰리는 거였다.","짧은 인사가 끝난 뒤, 모함메드 장관은 잔뜩 거드름을 피우면서 에프칸 중위를 따라 수송대 주둔지로 발걸음을 옮겼다.","GA-A14","0.89"
"79","대망 079화","급변하는 정세","11834","11997","불만 가득한 함단의 말에 혁권이 고개를 돌렸다.","급변하는 정세 — 갑자기 어디서 공격을 받게 될지 몰랐기에 혁권은 AK 소총을 꽉 움켜쥔 채 조수석에 앉아 날카로운 눈빛으로 주위를 살폈다.","혁권이 밀수해 온 연료를 정부군이 쓰는 것도 아이러니한 일인데 그게 다시 자신한테 돌아왔으니, 놀랍고 당황스럽지 않을 수가 없었다.","갑자기 어디서 공격을 받게 될지 몰랐기에 혁권은 AK 소총을 꽉 움켜쥔 채 조수석에 앉아 날카로운 눈빛으로 주위를 살폈다.","피 같은 흔적이 전혀 보이지 않는 걸로 볼 때 누군가한테 공격받은 게 아니라는 것을 알 수 있었다.","실수로 흘렸는지 바닥에 떨어져 있는 50달러짜리 지폐 한 장을 주워서 손에 들고 입맛을 다실 때 함단이 안으로 들어왔다.","혁권 — 10개나 되는 가방에 현금이 꽉 차 있었다면 대충 계산해도 족히 수천만 달러는 되기 때문이었다.","money","혁권 — 10개나 되는 가방에 현금이 꽉 차 있었다면 대충 계산해도 족히 수천만 달러는 되기 때문이었다.","소파에 엉덩이를 반쯤 걸치고 앉아 목을 뒤로 젖힌 자세로 늘어져 있으니 어느새 눈꺼풀이 무겁게 내려앉았다.","10개나 되는 가방에 현금이 꽉 차 있었다면 대충 계산해도 족히 수천만 달러는 되기 때문이었다.","소파에 엉덩이를 반쯤 걸치고 앉아 목을 뒤로 젖힌 자세로 늘어져 있으니 어느새 눈꺼풀이 무겁게 내려앉았다.","GA-A15","0.92"
"80","대망 080화","","11998","12156","의식이 거의 아득해지려던 찰나, 덜컥하며 고개가 한차례 옆으로 푹 꺾이는 바람에 깜짝 놀라 정신을 차렸다.","그와 동시에 후세인 대령이 일부 병력과 구형 T-62전차 세대를 끌고 트리폴리 국제공항을 포위한 적을 공격했다.; 샤라빌 대통령과 정부 각료들이 피신해 있는 트리폴리 국제공항으로 주전장이 옮겨 가면서 다소 소강상태를 보이던 시가전은 그날 저녁 급히 이동해 온 아부카 여단 병력이 전투에…","여기에 발이 묶여 있는 상황에서 믿고 일을 맡길 사람이 서울에 없었다면 여러 가지로 골치가 아팠을 터였다.","그와 동시에 후세인 대령이 일부 병력과 구형 T-62전차 세대를 끌고 트리폴리 국제공항을 포위한 적을 공격했다.","샤라빌 대통령과 정부 각료들이 피신해 있는 트리폴리 국제공항으로 주전장이 옮겨 가면서 다소 소강상태를 보이던 시가전은 그날 저녁 급히 이동해 온 아부카 여단 병력이 전투에 투입되자 다시 뜨겁게 불타올랐다.","눈치가 빠른 유기백이 금방 이상한 낌새를 알아차리고 캐물었지만 마카오에서 있었던 일을 이야기해 줄 수는 없었기에 그는 오리발을 내밀었다.","혁권 — 단순히 숫자만 많다면 어느 정도 통제가 가능했겠지만, 여긴 단돈 몇십 달러에 AK 소총을 살 수 있을 정도로 무기가 흔한 곳이었기에 약탈을 막아 내기가 쉽지 않았다.","relationship","혁권 — 단순히 숫자만 많다면 어느 정도 통제가 가능했겠지만, 여긴 단돈 몇십 달러에 AK 소총을 살 수 있을 정도로 무기가 흔한 곳이었기에 약탈을 막아 내기가 쉽지 않았다.","허리를 숙여 인사하는 의사를 뒤로하고 멀어진 혁권은 잠시 여유가 생긴 틈을 이용해 주변을 찬찬히 둘러봤다.","단순히 숫자만 많다면 어느 정도 통제가 가능했겠지만, 여긴 단돈 몇십 달러에 AK 소총을 살 수 있을 정도로 무기가 흔한 곳이었기에 약탈을 막아 내기가 쉽지 않았다.","허리를 숙여 인사하는 의사를 뒤로하고 멀어진 혁권은 잠시 여유가 생긴 틈을 이용해 주변을 찬찬히 둘러봤다.","GA-A15","0.89"
"81","대망 081화","","12157","12290","응급실에 가면 흔히 맡을 수 있는 진한 소독약 냄새와 환자들이 모여 있는 공간 특유의 우울함이 섞인 약간 침체된 공기가 주변을 가득 메우고 있었다.","거실로 통하는 입구를 스쳐 지나가면서, 나란히 손을 잡고 들어서는 두 모녀를 향해 혁권이 설핏 미소 지은 것만도 같았지만, 그건 착각이었는지 이내 다시 보았을 땐 평상시의 표정 그대로였다.; 지금도 튀니지를 통해 육로로 원유를 팔고 있었지만…","압박만 가했다면 ADDI 지도부가 크게 반발했을 테지만 협상에 나서는 대신 북부 유전 지대에서 생산된 원유를 해외에 판매할 수 있도록 길을 터주겠다고 제안했다더군.","거실로 통하는 입구를 스쳐 지나가면서, 나란히 손을 잡고 들어서는 두 모녀를 향해 혁권이 설핏 미소 지은 것만도 같았지만, 그건 착각이었는지 이내 다시 보았을 땐 평상시의 표정 그대로였다.","지금도 튀니지를 통해 육로로 원유를 팔고 있었지만, 정상적인 루트가 아니었기에 물량도 적고 제값을 받기도 어려웠다.","미국 정부의 제안대로 정식으로 원유를 판매하게 된다면 ADDI는 매달 막대한 액수의 자금을 손에 넣을 수 있었다.","다행히 격퇴해 냈지만 이슬람 형제단이 수도인 트리폴리를 점령할 뻔한 걸 보고 자칫 IS가 중동을 넘어 유럽과 바로 마주한 북아프리카까지 세력을 넓힐 수도 있다는 위기감을 느낀 거지.","world","다행히 격퇴해 냈지만 이슬람 형제단이 수도인 트리폴리를 점령할 뻔한 걸 보고 자칫 IS가 중동을 넘어 유럽과 바로 마주한 북아프리카까지 세력을 넓힐 수도 있다는 위기감을 느낀 거지.","물론 국경을 맞대고 있는 튀니지를 통해 유조차로 원유를 팔았지만, 기본적으로 한 번에 옮길 수 있는 물량이 적은 데다 가격마저 제대로 받지 못했다.","다행히 격퇴해 냈지만 이슬람 형제단이 수도인 트리폴리를 점령할 뻔한 걸 보고 자칫 IS가 중동을 넘어 유럽과 바로 마주한 북아프리카까지 세력을 넓힐 수도 있다는 위기감을 느낀 거지.","물론 국경을 맞대고 있는 튀니지를 통해 유조차로 원유를 팔았지만, 기본적으로 한 번에 옮길 수 있는 물량이 적은 데다 가격마저 제대로 받지 못했다.","GA-A15","0.89"
"82","대망 082화","","12291","12432","이번 전쟁을 촉발한 러시아 유조선 나포도 원유 판매를 마음대로 할 수 없어서 벌어진 일이었다.","혁권 — 뒷좌석에 편하게 자리를 잡고 앉는 것까지 확인한 뒤, 수신호를 보내자 나머지 부하들도 각각 SUV에 나눠 타고 출발 준비를 했다.; 혁권이 다가가자 AK 소총을 들고 입구를 지키고 있던 군인들이 눈을 부라리면서 앞을 막아섰다.","혁권 — 주민들을 위해서라도 빨리 안정을 되찾아야 하는데 걱정이군.","혁권 — 뒷좌석에 편하게 자리를 잡고 앉는 것까지 확인한 뒤, 수신호를 보내자 나머지 부하들도 각각 SUV에 나눠 타고 출발 준비를 했다.","혁권이 다가가자 AK 소총을 들고 입구를 지키고 있던 군인들이 눈을 부라리면서 앞을 막아섰다.","얼마쯤 기다렸을까 아까 사라졌던 군인이 장교 한 명을 데리고 나타났는데 뜻밖에도 아는 얼굴이었다.","그 고생을 하며 모함메드 장관을 도와준 것도 다 이런 기회를 얻기 위해서였는데, 그걸 인제 와서 차 버릴 수는 없었다.","world","그 고생을 하며 모함메드 장관을 도와준 것도 다 이런 기회를 얻기 위해서였는데, 그걸 인제 와서 차 버릴 수는 없었다.","혁권을 마주 보며 모함메드 장관이 입가에 미소를 지었다.","그 고생을 하며 모함메드 장관을 도와준 것도 다 이런 기회를 얻기 위해서였는데, 그걸 인제 와서 차 버릴 수는 없었다.","혁권을 마주 보며 모함메드 장관이 입가에 미소를 지었다.","GA-A15","0.89"
"83","대망 083화","소더비","12433","12597","대체 얼마나 국민의 고혈을 빨아먹었으면 이 정도로 방대한 컬렉션을 완성할 수 있는지 짐작도 가지 않았다.","소더비 — 하킴은 몰랐지만 소더비Sotheby’s나 크리스티Christie’s 경매장에 가지고 나가면 최소 수백만 달러를 받을 수 있는 명화였다.","이럴 때일수록 침착해야 했기에 애써 마음을 가라앉힌 혁권은 뒤를 돌아보며 말했다.","하킴은 몰랐지만 소더비Sotheby’s나 크리스티Christie’s 경매장에 가지고 나가면 최소 수백만 달러를 받을 수 있는 명화였다.","뭐 눈 가리고 아웅 하는 거겠지만 카다피 컬렉션이라는 걸 드러내지 않고 처분해서 스위스에 있는 계좌로 넣어 주면 되네. 그 대가로 자네한테 경매 금액의 10%를 수수료로 떼어 주지 어떤가?","예전에 비자금 세탁을 할 때 사용했던 소더비 쪽 사람들하고 아직 연락되시지요?","혁권 — 쉽게 말하면 10만 달러의 가치밖에 없는 걸 10배나 부풀려서 100만 달러에 사는 것이었다.","money","혁권 — 쉽게 말하면 10만 달러의 가치밖에 없는 걸 10배나 부풀려서 100만 달러에 사는 것이었다.","승객을 태우고 시내를 느긋하게 달리는 빨간색 이 층 버스에 잠시 시선을 빼앗겼다가, 이내 돌변한 풍경에 고개를 들면 그 유명한 템즈 강이 나타났다.","쉽게 말하면 10만 달러의 가치밖에 없는 걸 10배나 부풀려서 100만 달러에 사는 것이었다.","승객을 태우고 시내를 느긋하게 달리는 빨간색 이 층 버스에 잠시 시선을 빼앗겼다가, 이내 돌변한 풍경에 고개를 들면 그 유명한 템즈 강이 나타났다.","GA-A16","0.92"
"84","대망 084화","","12598","12730","마치 성벽처럼 묵직한 무게감을 가지고 사람을 내려 보는 듯, 높은 첨탑이 인상적인 타워 브릿지의 위용에 감탄하고 있으면 이번엔 또 커다란 시계탑이 등장해 제 차례라는 듯 화려한 자태를 뽐냈다.","얼른 주머니에서 작은 돋보기를 꺼내 그림을 이리저리 살펴보면서 샌더스는 연신 감탄을 내뱉었다.; 만약 그런 일이 진짜로 벌어진다면 금전적인 손해는 둘째치고 경매 회사로서 위상이 크게 실추될 수밖에 없었다.","살짝 한번 튕긴 다음에 적절한 수준에서 협상하려던 샌더스는 예상과 달리 혁권이 미련 없이 이야기를 끝내려고 하자 크게 당황했다.","얼른 주머니에서 작은 돋보기를 꺼내 그림을 이리저리 살펴보면서 샌더스는 연신 감탄을 내뱉었다.","만약 그런 일이 진짜로 벌어진다면 금전적인 손해는 둘째치고 경매 회사로서 위상이 크게 실추될 수밖에 없었다.","이미 주도권을 혁권이 쥐고 있다는 걸 깨달은 샌더스는 쓰게 웃으면서 입을 열었다.","원하는 조건에 계약을 끝낸 혁권은 만족한 얼굴로 소파에서 일어났다.","money","원하는 조건에 계약을 끝낸 혁권은 만족한 얼굴로 소파에서 일어났다.","물 흐르는 듯 매끄럽게 이어지는 대화에 샌더스는 흡족한 듯 크게 웃었다.","원하는 조건에 계약을 끝낸 혁권은 만족한 얼굴로 소파에서 일어났다.","물 흐르는 듯 매끄럽게 이어지는 대화에 샌더스는 흡족한 듯 크게 웃었다.","GA-A16","0.89"
"85","대망 085화","","12731","12877","아무리 단골손님이 방문해도 좀처럼 제 사무실을 벗어나는 일이 없던 그가 함께 엘리베이터를 타고 로비까지 내려와 혁권을 배웅하기까지 했으니, 샌더스가 얼마나 이번 거래를 만족스러워하는지 충분히 알 수 있고도 남았다.","경매 회사에 도착한 작품들은 그대로 수장고로 옮겨져 보관한 뒤 다음 날 혁권과 샌더스가 참관하는 가운데 봉인을 뜯고 감정에 들어갔다.; 이번 이슬람 형제단의 공격과 ADDI와의 전투로 트리폴리 정부가 언제 무너질지 모른다는 불안감에 아무도 돈을 빌려주려고 하지 않았다.","혁권 — 당장 다음 달부터 군인들의 봉급마저 주지 못할 처지에 놓이자 그동안 꽁꽁 숨겨 두고 있던 카다피 컬렉션이라도 팔아 자금을 마련하려고 하는 거였다.","경매 회사에 도착한 작품들은 그대로 수장고로 옮겨져 보관한 뒤 다음 날 혁권과 샌더스가 참관하는 가운데 봉인을 뜯고 감정에 들어갔다.","이번 이슬람 형제단의 공격과 ADDI와의 전투로 트리폴리 정부가 언제 무너질지 모른다는 불안감에 아무도 돈을 빌려주려고 하지 않았다.","사실 혁권도 작품을 가져오기는 했지만, 전문가한테 정밀 감정을 해 보지 않아서 이게 위작인지 진품인지 확신할 수 없었기에 내심 상당히 초조했다.","함께 온 부하들이 수레에 실어 나무 상자를 조심스럽게 옮기자, 혁권은 박물관 책임자에게 동그랗게 말린 달러 뭉치를 하나 내밀었다.","money","함께 온 부하들이 수레에 실어 나무 상자를 조심스럽게 옮기자, 혁권은 박물관 책임자에게 동그랗게 말린 달러 뭉치를 하나 내밀었다.","며칠 뒤 세계 각국에 있는 VIP들한테 소더비 경매 회사에서 제작한 특별 경매 초대장이 배달됐다.","함께 온 부하들이 수레에 실어 나무 상자를 조심스럽게 옮기자, 혁권은 박물관 책임자에게 동그랗게 말린 달러 뭉치를 하나 내밀었다.","며칠 뒤 세계 각국에 있는 VIP들한테 소더비 경매 회사에서 제작한 특별 경매 초대장이 배달됐다.","GA-A16","0.89"
"86","대망 086화","","12878","13006","마침내 경매가 열리기로 한 날.","거의 검은색에 가까운 짙은 차콜 그레이 컬러의 재킷과 바지 벨트 그리고 구두까지 다 갖춰 입고 나니 혁권 본인이 보기에도 몰라볼 만큼 세련돼 보였다.; 혁권은 마지막으로 가죽 시계를 손목에 차며 대답했다.","외국을 돌아다니는 것도, 호텔에 체류하는 것도 혁권에게는 그다지 특별한 일이 아니었으나 이처럼 이른 아침에 좋은 원두커피를 느긋하게 마실 수 있다는 것은 확실히 약간 호사스러운 기분이 들긴 했다.","거의 검은색에 가까운 짙은 차콜 그레이 컬러의 재킷과 바지 벨트 그리고 구두까지 다 갖춰 입고 나니 혁권 본인이 보기에도 몰라볼 만큼 세련돼 보였다.","혁권은 마지막으로 가죽 시계를 손목에 차며 대답했다.","거리에서 뛰어노는 소녀를 그린 이 작품은 움직이는 인물의 순간 포즈를 교묘하게 묘사해 새로운 각도에서 부분적으로 부각하는 드가의 그림 특색이 아주 잘 드러나 있는 그림입니다. 보시면 아시겠지만…","혁권 — 잘 처리됐습니다. 맡기신 채권 모두 기한이 지난 것들이라 어렵지 않게 상환받을 수 있었습니다. 총금액이 이자를 포함해서 560만 달러입니다.","money","혁권 — 잘 처리됐습니다. 맡기신 채권 모두 기한이 지난 것들이라 어렵지 않게 상환받을 수 있었습니다. 총금액이 이자를 포함해서 560만 달러입니다.","400만 달러를 넘기자 샌더스는 한 박자 쉬면서 이야기했다.","잘 처리됐습니다. 맡기신 채권 모두 기한이 지난 것들이라 어렵지 않게 상환받을 수 있었습니다. 총금액이 이자를 포함해서 560만 달러입니다.","400만 달러를 넘기자 샌더스는 한 박자 쉬면서 이야기했다.","GA-A16","0.89"
"87","대망 087화","","13007","13128","한화로 40억이 넘는 거액이었으나 경매에 나온 드가의 그림은 충분히 그 정도 가치가 있었고 참석자들도 그만한 재력이 있었기에 가격은 계속 올라갔다.","목이 살짝 쉰 샌더스는 손수건으로 이마에 묻은 땀을 닦아 내고는 무대에 놓인 그림을 한쪽 팔로 가리키며 말했다.; 얼마나 소리를 질렀는지 목이 완전히 쉬어 버린 샌더스의 말을 끝으로 뜨거웠던 경매가 막을 내렸다.","그걸 보며 사회를 맡은 샌더스가 크게 말했다.","목이 살짝 쉰 샌더스는 손수건으로 이마에 묻은 땀을 닦아 내고는 무대에 놓인 그림을 한쪽 팔로 가리키며 말했다.","얼마나 소리를 질렀는지 목이 완전히 쉬어 버린 샌더스의 말을 끝으로 뜨거웠던 경매가 막을 내렸다.","방금 엄청난 금액에 낙찰된 작품들의 경매를 의뢰한 사람이 그라는 것이 밝혀지면 여러 가지로 골치 아픈 일이 많을 거였기에, 혁권은 순순히 말을 따랐다.","샌더스 — 나머지 1억 6,200만 달러는 낙찰자들의 입금이 완료되면 내일까지 말씀하신 계좌에 넣어 드릴 겁니다.","money","샌더스 — 나머지 1억 6,200만 달러는 낙찰자들의 입금이 완료되면 내일까지 말씀하신 계좌에 넣어 드릴 겁니다.","짭짭한 수수료 수입에 소더비 측에서 몸이 바짝 달아오른 걸 눈치챈 혁권은 등을 뒤로 기대면서 일부러 슬쩍 튕겼다.","나머지 1억 6,200만 달러는 낙찰자들의 입금이 완료되면 내일까지 말씀하신 계좌에 넣어 드릴 겁니다.","짭짭한 수수료 수입에 소더비 측에서 몸이 바짝 달아오른 걸 눈치챈 혁권은 등을 뒤로 기대면서 일부러 슬쩍 튕겼다.","GA-A16","0.89"
"88","대망 088화","만수르","13129","13278","당연히 승낙할 줄 알았던 샌더스는 예상외의 반응에 살짝 당황한 표정을 지었다.","만수르 — 혁권이 이리 공격적으로 나올 줄은 몰랐다는 듯 수화기 너머에서 잠시 침묵이 흘렀다.","일단 다시 몰타를 거쳐 트리폴리로 돌아갔다가 나머지 카다피 컬렉션을 모두 가지고 다시 런던으로 올 계획이었다.","혁권이 이리 공격적으로 나올 줄은 몰랐다는 듯 수화기 너머에서 잠시 침묵이 흘렀다.","정말 만수르가 경매에 참여한 건 아닌지 의심이 됐지만 설사 그렇다고 해도 문제 될 건 없었다.","혁권이 여기 있다는 사실은 하킴을 비롯해 런던에서 경매 관련으로 만난 인물들 몇몇 외에는 아무도 모를 터.","혁권 — 1억 6,200만 달러 중에 2,200만 달러가 그의 몫이었으니 그럴 만도 했다.","money","혁권 — 1억 6,200만 달러 중에 2,200만 달러가 그의 몫이었으니 그럴 만도 했다.","수화기를 내려놓고 팔짱을 낀 채 잠시 머릿속으로 생각을 정리한 혁권은 이내 옆방에 머무는 하킴을 불러 외출 준비를 시켰다.","1억 6,200만 달러 중에 2,200만 달러가 그의 몫이었으니 그럴 만도 했다.","수화기를 내려놓고 팔짱을 낀 채 잠시 머릿속으로 생각을 정리한 혁권은 이내 옆방에 머무는 하킴을 불러 외출 준비를 시켰다.","GA-A17","0.92"
"89","대망 089화","","13279","13405","하킴을 대동하고 호텔 입구로 내려가자 두 사람을 향해 한 사내가 다가왔다.","위축되기는커녕 오히려 어깨를 펴며 당당히 자기 의사를 밝히는 혁권의 모습을 흥미롭게 쳐다보던 만수르는 이내 실내가 떠나가라 크게 웃음을 터트렸다.; 갑자기 이름만 대면 누구나 알 만한 명작들이 한꺼번에 쏟아져 나오는데, 의구심을 가지지 않으면 그게 더 이상한 것 아니겠소…","그럼에도 불구하고 트리폴리 정부가 카다피 컬렉션의 매각을 숨기는 건 현재 처해 있는 궁색한 상황을 숨기려는 거였다.","위축되기는커녕 오히려 어깨를 펴며 당당히 자기 의사를 밝히는 혁권의 모습을 흥미롭게 쳐다보던 만수르는 이내 실내가 떠나가라 크게 웃음을 터트렸다.","갑자기 이름만 대면 누구나 알 만한 명작들이 한꺼번에 쏟아져 나오는데, 의구심을 가지지 않으면 그게 더 이상한 것 아니겠소…","상대를 확인한 순간 혁권은 자신도 모르게 아랫입술을 살짝 깨물었다.","뭐. 비밀도 아니고 어차피 조금 있으면 알게 될 일이니 이야기해 주겠소. 아부다비Abu Dhabi에 뉴욕 현대미술관이나 파리의 오르세 미술관Musee d’Orsay(Orsay Museum)에 뒤지지 않는 세계적인 미술관을 지…","money","뭐. 비밀도 아니고 어차피 조금 있으면 알게 될 일이니 이야기해 주겠소. 아부다비Abu Dhabi에 뉴욕 현대미술관이나 파리의 오르세 미술관Musee d’Orsay(Orsay Museum)에 뒤지지 않는 세계적인 미술관을 지…","7개의 토후국으로 구성된 아랍에미리트는 한반도의 절반도 안 되는 땅에 비교도 안 되는 인구가 살고 있었지만 원유 매장량 세계 6위, 가스 매장량이 세계 7위에 달할 만큼 어마어마한 자원 부국이었다.","뭐. 비밀도 아니고 어차피 조금 있으면 알게 될 일이니 이야기해 주겠소. 아부다비Abu Dhabi에 뉴욕 현대미술관이나 파리의 오르세 미술관Musee d’Orsay(Orsay Museum)에 뒤지지 않는 세계적인 미술관을 지…","7개의 토후국으로 구성된 아랍에미리트는 한반도의 절반도 안 되는 땅에 비교도 안 되는 인구가 살고 있었지만 원유 매장량 세계 6위, 가스 매장량이 세계 7위에 달할 만큼 어마어마한 자원 부국이었다.","GA-A17","0.89"
"90","대망 090화","","13406","13565","나라 전체가 원유와 가스 위에 떠 있다는 농담이 있을 정도였다.","혁권이 펜트하우스를 떠나고 뒤에 홀로 남은 만수르는 아직 반쯤 남은 찻잔을 들어 비스듬하게 몸을 기댔다.; 분명 호의적인 말투였음에도 불구하고 혁권은 그가 은근한 압박을 가하고 있다는 의심을 떨쳐 내지 못했다.","바닥난 재정을 채우기 위해 카다피 컬렉션을 최대한 빨리 처분하려는 트리폴리 정부의 마음을 충족시킬 수 있었다.","혁권이 펜트하우스를 떠나고 뒤에 홀로 남은 만수르는 아직 반쯤 남은 찻잔을 들어 비스듬하게 몸을 기댔다.","분명 호의적인 말투였음에도 불구하고 혁권은 그가 은근한 압박을 가하고 있다는 의심을 떨쳐 내지 못했다.","뜻밖에도 비서인 자드란이 아니라 만수르 본인이 직접 받자 살짝 당황하던 혁권은 이내 차분한 목소리로 입을 열었다.","막말로 거래가 무산된다고 해도 만수르 개인보다 더 자금이 풍부한 아랍에미리트 왕실이나 IPIC의 능력을 볼 때 마음만 먹으면 경매를 통해 충분히 작품들을 확보할 수 있었다.","relationship","막말로 거래가 무산된다고 해도 만수르 개인보다 더 자금이 풍부한 아랍에미리트 왕실이나 IPIC의 능력을 볼 때 마음만 먹으면 경매를 통해 충분히 작품들을 확보할 수 있었다.","막말로 거래가 무산된다고 해도 만수르 개인보다 더 자금이 풍부한 아랍에미리트 왕실이나 IPIC의 능력을 볼 때 마음만 먹으면 경매를 통해 충분히 작품들을 확보할 수 있었다.","뜻밖에도 비서인 자드란이 아니라 만수르 본인이 직접 받자 살짝 당황하던 혁권은 이내 차분한 목소리로 입을 열었다.","막말로 거래가 무산된다고 해도 만수르 개인보다 더 자금이 풍부한 아랍에미리트 왕실이나 IPIC의 능력을 볼 때 마음만 먹으면 경매를 통해 충분히 작품들을 확보할 수 있었다.","GA-A17","0.89"
"91","대망 091화","","13566","13706","의아한 마음이 드는 걸 감추면서 혁권이 말했다.","혁권은 몰랐지만 한 병에 최소 40~50만 원씩 나가는 고급 사케였다.; 첫 번째 작품들은 사람들의 관심을 끌고 소더비 측이 더 적극적으로 경매에 나서도록 하려고 일부러 컬렉션 중에서 골라 내놓은 거였다.","등을 뒤로 기댄 혁권은 만수르를 만나서 어떻게 거래를 이끌어 나갈 건지 차분히 계획을 세웠다.","혁권은 몰랐지만 한 병에 최소 40~50만 원씩 나가는 고급 사케였다.","첫 번째 작품들은 사람들의 관심을 끌고 소더비 측이 더 적극적으로 경매에 나서도록 하려고 일부러 컬렉션 중에서 골라 내놓은 거였다.","만수르을 빤히 쳐다보며 묻자 혁권은 역시나 샌더스한테 건네줬던 목록이 유출됐다는 걸 확인할 수 있었다.","만수르 — 거래하러 나오기 전에 그가 나름대로 알아보고 적당한 매입 액수라고 생각한 건 1억 5천만 달러 내외였다.","money","만수르 — 거래하러 나오기 전에 그가 나름대로 알아보고 적당한 매입 액수라고 생각한 건 1억 5천만 달러 내외였다.","가만히 만수르를 바라보던 혁권은 이내 얼굴을 딱딱하게 굳힌 채 단도직입적으로 물었다.","거래하러 나오기 전에 그가 나름대로 알아보고 적당한 매입 액수라고 생각한 건 1억 5천만 달러 내외였다.","가만히 만수르를 바라보던 혁권은 이내 얼굴을 딱딱하게 굳힌 채 단도직입적으로 물었다.","GA-A17","0.89"
"92","대망 092화","습격","13707","13851","자칫 무례하다고 느낄 수도 있는 질문에 만수르는 손가락 사이에 시가를 끼운 채로 몸을 뒤로 기댔다.","습격 — 노벨상을 탈 만큼 머리가 좋은 것도 아니고 예술이나 문학적으로 큰 재능이 있는 것도 아닌 자신에게 만수르가 호의를 비추는 것은 정말 의외였지만, 이 또한 금방 지나가리라.","계약 위반의 책임을 피하려고 상대가 꼼수를 부린다는 생각에 샌더스는 주먹으로 탁자를 세게 내려치며 화를 냈다.","노벨상을 탈 만큼 머리가 좋은 것도 아니고 예술이나 문학적으로 큰 재능이 있는 것도 아닌 자신에게 만수르가 호의를 비추는 것은 정말 의외였지만, 이 또한 금방 지나가리라.","오죽했으면 태일 물산에서 일한 것이 사실은 위장이 아니었는지 의심하고 몇 번이나 조사해 봤을 정도였다.","그럼에도 불구하고 혁권의 이야기가 사실이라면 작품 소유자의 신분을 드러내지 않기로 한 약속을 먼저 깬 것이 되기에 책임을 묻기도 어려웠다.","그와 모함메드 장관의 몫을 제하고도 무려 1억 3천만 달러에 달하는 거액이었다.","money","그와 모함메드 장관의 몫을 제하고도 무려 1억 3천만 달러에 달하는 거액이었다.","화들짝 놀라 달려간 두 사람은 레이더 모니터에 선명하게 떠 있는 광점들을 보고는 눈을 부릅떴다.","그와 모함메드 장관의 몫을 제하고도 무려 1억 3천만 달러에 달하는 거액이었다.","화들짝 놀라 달려간 두 사람은 레이더 모니터에 선명하게 떠 있는 광점들을 보고는 눈을 부릅떴다.","GA-A18","0.92"
"93","대망 093화","","13852","14014","케노스 함장의 호통에 선원 역시 당혹감을 감추지 못하면서 대답했다.","혁권 — 피하는 방법이라고는 배를 이리저리 급격하게 움직여서 회피하거나 공격하는 적선을 박살 내 버리는 것뿐이었다.; 땀이 비 오듯 쏟아지고 팔 근육이 터질 것 같았지만 적을 막기 위해서 필사적으로 움직였다.","물보라가 튀며 선체가 거의 크게 출렁이자 무하마드는 모터보트에서 튕겨 나가지 않기 위해 두 손으로 난간을 꽉 움켜쥐었다.","혁권 — 피하는 방법이라고는 배를 이리저리 급격하게 움직여서 회피하거나 공격하는 적선을 박살 내 버리는 것뿐이었다.","땀이 비 오듯 쏟아지고 팔 근육이 터질 것 같았지만 적을 막기 위해서 필사적으로 움직였다.","선체를 뒤흔드는 강한 충격에 함교에서도 피격 사실을 바로 알아차렸다.","혁권의 분신과도 같은 포세이돈 함이 피격을 당했다는 사실에 케노스 함장은 울컥 분노가 솟구쳤다.","money","혁권의 분신과도 같은 포세이돈 함이 피격을 당했다는 사실에 케노스 함장은 울컥 분노가 솟구쳤다.","아직도 격침해야 할 적선이 4척이나 더 남아 있었기에 여유를 부릴 틈이 없었다.","혁권의 분신과도 같은 포세이돈 함이 피격을 당했다는 사실에 케노스 함장은 울컥 분노가 솟구쳤다.","아직도 격침해야 할 적선이 4척이나 더 남아 있었기에 여유를 부릴 틈이 없었다.","GA-A18","0.89"
"94","대망 094화","","14015","14160","우스만의 다급한 외침에 고개를 돌린 무하마드는 시커먼 연기를 내뿜으면서 뱃머리를 들고 침몰하고 있는 모터보트를 발견하고는 얼굴을 구겼다.","바닷물을 뒤집어쓰면서도 아랑곳하지 않고 뱃머리에 선 무하마드는 한쪽 팔을 들어 포세이돈 함 후방에 있는 기관실을 손가락으로 가리켰다.; 포세이돈 함도 기습 공격을 해 온 적을 격퇴하기는 했지만, 적지 않은 피해를 보고 말았다.","옆에 있던 우스만의 말에도 무하마드는 공격이 실패했다는 걸 인정하려고 들지 않았다.","바닷물을 뒤집어쓰면서도 아랑곳하지 않고 뱃머리에 선 무하마드는 한쪽 팔을 들어 포세이돈 함 후방에 있는 기관실을 손가락으로 가리켰다.","포세이돈 함도 기습 공격을 해 온 적을 격퇴하기는 했지만, 적지 않은 피해를 보고 말았다.","얼굴을 딱딱하게 굳힌 채 주위를 둘러보던 케노스 함장은 한쪽에 서 있는 혁권을 발견하고는 그리로 갔다.","그동안 포세이돈 함을 통해 많은 수익을 올리던 혁권 입장에서는 정말 청천벽력 같은 소식이었다.","money","그동안 포세이돈 함을 통해 많은 수익을 올리던 혁권 입장에서는 정말 청천벽력 같은 소식이었다.","배가 부서진 거야 조선소로 가져가 고치면 됐지만 사람 목숨은 그럴 수가 없었다.","그동안 포세이돈 함을 통해 많은 수익을 올리던 혁권 입장에서는 정말 청천벽력 같은 소식이었다.","배가 부서진 거야 조선소로 가져가 고치면 됐지만 사람 목숨은 그럴 수가 없었다.","GA-A18","0.89"
"95","대망 095화","","14161","14319","혁권이 시선을 들며 바라보자 케노스 함장이 정색하고는 조심스럽게 이야기했다.","오른쪽에서 한쪽 무릎을 꿇고 앉아 AK 소총을 쏘던 선원 한 명이 비명을 내지르면서 뒤로 나자빠지자 혁권이 안타까운 표정을 지으며 외쳤다.; 적이 수가 훨씬 많은 데다 지프에 장착된 중기관총까지 쏴대자 견뎌 내기가 어려웠다.","당장 현금을 가져오기를 목을 빼고 기다리고 있을 트리폴리 정부 관계자들의 반발도 클 테지만 만수르와의 약속을 지키기 위해서는 이번에 남은 작품들을 싣고 가야 했다.","오른쪽에서 한쪽 무릎을 꿇고 앉아 AK 소총을 쏘던 선원 한 명이 비명을 내지르면서 뒤로 나자빠지자 혁권이 안타까운 표정을 지으며 외쳤다.","적이 수가 훨씬 많은 데다 지프에 장착된 중기관총까지 쏴대자 견뎌 내기가 어려웠다.","혁권은 자신이 알아차렸다는 사실을 상대방에게 들키기 싫어 일부러 땅바닥을 보는 척 시선을 내리깔았다.","혁권 — 거리가 가까워 바다 위에서 벌인 전투를 충분히 목격했을 텐데도 거기에 대해서 한마디도 묻지 않고 서둘러 돈을 받아 가려는 모습에 그는 어쩐지 의심스러운 마음이 들었다.","money","혁권 — 거리가 가까워 바다 위에서 벌인 전투를 충분히 목격했을 텐데도 거기에 대해서 한마디도 묻지 않고 서둘러 돈을 받아 가려는 모습에 그는 어쩐지 의심스러운 마음이 들었다.","상황을 주시하고 있던 케노스 함장이 AK-630 대공포 발사 명령을 내린 거였다.","거리가 가까워 바다 위에서 벌인 전투를 충분히 목격했을 텐데도 거기에 대해서 한마디도 묻지 않고 서둘러 돈을 받아 가려는 모습에 그는 어쩐지 의심스러운 마음이 들었다.","상황을 주시하고 있던 케노스 함장이 AK-630 대공포 발사 명령을 내린 거였다.","GA-A18","0.89"
"96","대망 096화","","14320","14483","붉은색 예광탄 줄기 여섯 개가 앞으로 곧게 날아가서는 적 차량 대열을 직격했다.","시간이 흐를수록 점점 초조해지는 마음을 애써 감추고 있을 때 모함메드 장관의 양복 안주머니에 들어 있던 핸드폰이 모터 소리를 내며 떨렸다.; 재정이 바닥난 상태에서 이번에 들어오기로 한 돈에 문제가 생긴다면 가뜩이나 치안 불안과 경제 침체로 불안한 트리폴리 정부한테 치명타였다.","믿었던 부하들이 너무나도 허무하게 무너지는 걸 보고 얼굴에서 핏기가 싹 사라진 미스투란을 끌고 포세이돈 함으로 돌아오자 케노스 함장이 일행을 맞이했다.","시간이 흐를수록 점점 초조해지는 마음을 애써 감추고 있을 때 모함메드 장관의 양복 안주머니에 들어 있던 핸드폰이 모터 소리를 내며 떨렸다.","재정이 바닥난 상태에서 이번에 들어오기로 한 돈에 문제가 생긴다면 가뜩이나 치안 불안과 경제 침체로 불안한 트리폴리 정부한테 치명타였다.","액정에 뜬 이름을 확인한 모함메드 장관은 살짝 인상을 쓰며 통화 버튼을 누르고 핸드폰을 귀에 갖다 댔다.","모함메드 — 30㎜ 대공포가 휩쓸고 간 해변은 말 그대로 폐허가 되어 있었다.","money","모함메드 — 30㎜ 대공포가 휩쓸고 간 해변은 말 그대로 폐허가 되어 있었다.","앞으로 내민 하킴의 손바닥 위에는 은색 금속 목걸이가 놓여 있었다.","30㎜ 대공포가 휩쓸고 간 해변은 말 그대로 폐허가 되어 있었다.","앞으로 내민 하킴의 손바닥 위에는 은색 금속 목걸이가 놓여 있었다.","GA-A18","0.89"
"97","대망 097화","","14484","14619","군대를 다녀온 남자라면 누구나 금방 뭔지 알 수 있는 물건이었는데, 바로 군번줄이었다.","해안으로 들어오는 진입로 양쪽에 무장한 선원들을 매복시켰고 한쪽에는 기관총까지 배치해 뒀지만 혁권은 좀처럼 마음을 놓지 못했다.; 혁권이 하지 않더라도 어차피 다른 사람이 챙길 돈이라면 그가 가지는 것이 더 낫다는 생각이었다.","이번처럼 큰 거래를 맡아 혁권은 짭짤한(?) 수수료를 챙기고 모함메드 장관 역시 거액의 뇌물을 받으니 서로한테 좋은 일이었다.","해안으로 들어오는 진입로 양쪽에 무장한 선원들을 매복시켰고 한쪽에는 기관총까지 배치해 뒀지만 혁권은 좀처럼 마음을 놓지 못했다.","혁권이 하지 않더라도 어차피 다른 사람이 챙길 돈이라면 그가 가지는 것이 더 낫다는 생각이었다.","얼굴을 든 모함메드 장관은 흰 이를 드러내며 웃었다.","혁권 — 100달러부터 10달러까지 다양한 액수의 지폐가 섞여 있었는데 은행에서 바로 가지고 와서 비닐도 뜯겨 있지 않았다.","money","혁권 — 100달러부터 10달러까지 다양한 액수의 지폐가 섞여 있었는데 은행에서 바로 가지고 와서 비닐도 뜯겨 있지 않았다.","어쩌다 한 번씩 말이 나올 때마다 자기는 아직 그런 생각이 없다며 화제를 돌리려고 하던 모습이 생각나, 그리 내키지 않는 표정으로 김범수가 말했다.","100달러부터 10달러까지 다양한 액수의 지폐가 섞여 있었는데 은행에서 바로 가지고 와서 비닐도 뜯겨 있지 않았다.","어쩌다 한 번씩 말이 나올 때마다 자기는 아직 그런 생각이 없다며 화제를 돌리려고 하던 모습이 생각나, 그리 내키지 않는 표정으로 김범수가 말했다.","GA-A18","0.89"
"98","대망 098화","하룻밤의 꿈","14620","14764","혹시 부모한테만 티를 안 낼 뿐, 몰래 사귀는 아가씨가 있나 싶어 방문 앞에서 몰래 귀를 쫑긋 세운 적도 있지만 이리 보고 저리 봐도 혁권의 근처엔 여자라곤 개미 눈곱만큼도 없는 게 분명했다.","하룻밤의 꿈 — 혹시 부모한테만 티를 안 낼 뿐, 몰래 사귀는 아가씨가 있나 싶어 방문 앞에서 몰래 귀를 쫑긋 세운 적도 있지만 이리 보고 저리 봐도 혁권의 근처엔 여자라곤 개미 눈곱만큼도 없는 게 분명했다.","이번 거래로 혁권은 모함메드 장관에게 줄 뒷돈을 제하고도 2천만 달러가 넘는 거액을 챙길 수 있었다.","혹시 부모한테만 티를 안 낼 뿐, 몰래 사귀는 아가씨가 있나 싶어 방문 앞에서 몰래 귀를 쫑긋 세운 적도 있지만 이리 보고 저리 봐도 혁권의 근처엔 여자라곤 개미 눈곱만큼도 없는 게 분명했다.","우리 아들 저러다 혼자 늙어 죽는 것은 아니냐며 날이 갈수록 수심이 깊어지는 박필순이었지만, 사실은 여자 복이 없는 게 아니라 스스로 굴러들어오는 것을 걷어차는 형편이라는 것을 알면 당장 혁권의 멱살을 붙잡고 싸대기를 날려도…","감정사들이 무진동 차량에서 내려진 나무상자에서 작품들을 하나씩 꺼내 살펴보는 동안 수장고 내부를 둘러본 혁권은 한쪽에 가득 쌓여 있는 미술품들을 발견하곤 살짝 놀란 표정을 지었다.","혁권 — 선금으로 미리 받은 5천만 달러까지 합쳐 정확히 약속한 2억 달러가 됐다.","money","혁권 — 선금으로 미리 받은 5천만 달러까지 합쳐 정확히 약속한 2억 달러가 됐다.","이슬람 형제단이 여길 장악한다면 많은 인적자원에 경제력까지 한 손에 틀어쥐면서 그야말로 등 뒤에 날개를 다는 격이나 마찬가지였다.","선금으로 미리 받은 5천만 달러까지 합쳐 정확히 약속한 2억 달러가 됐다.","이슬람 형제단이 여길 장악한다면 많은 인적자원에 경제력까지 한 손에 틀어쥐면서 그야말로 등 뒤에 날개를 다는 격이나 마찬가지였다.","GA-A19","0.92"
"99","대망 099화","","14765","14898","개인적으로도 악연이었지만 너무나도 극단적인 성향을 지닌 단체였기에 리비아 정국을 더 큰 혼란 속으로 끌고 들어갈 가능성이 컸다.","해안도로를 신나게 달린 혁권은 시내로 차 머리를 돌려 중앙광장을 찾았다.; 공격전에 동시다발적으로 자살 폭탄 테러를 감행해서 각 세력을 혼란에 빠뜨리고는 미처 상황을 수습하기 전에 치고 들어갔으니 속수무책이었을 겁니다.","손짓, 발짓으로 여자가 다시 상황을 설명하려고 할 때, 불쑥 뒤에서 나타난 혁권이 50유로짜리 지폐를 내밀었다.","해안도로를 신나게 달린 혁권은 시내로 차 머리를 돌려 중앙광장을 찾았다.","공격전에 동시다발적으로 자살 폭탄 테러를 감행해서 각 세력을 혼란에 빠뜨리고는 미처 상황을 수습하기 전에 치고 들어갔으니 속수무책이었을 겁니다.","한쪽 손을 들어 잠시 턱을 매만지면서 고심하던 혁권은 이내 결정을 내렸다.","혁권 — 나이도 한참 어려 보이고, 지갑까지 통째로 잃어버린 걸 뻔히 아는데 굳이 연락처까지 주어 가며 돈을 받을 생각은 없었다.","money","혁권 — 나이도 한참 어려 보이고, 지갑까지 통째로 잃어버린 걸 뻔히 아는데 굳이 연락처까지 주어 가며 돈을 받을 생각은 없었다.","그것을 비웃는 걸로 받아들였는지 여자가 발끈해서는 비아냥거렸다.","나이도 한참 어려 보이고, 지갑까지 통째로 잃어버린 걸 뻔히 아는데 굳이 연락처까지 주어 가며 돈을 받을 생각은 없었다.","그것을 비웃는 걸로 받아들였는지 여자가 발끈해서는 비아냥거렸다.","GA-A19","0.89"
"100","대망 100화","","14899","15046","연락처를 받지 않고선 절대 안 물러날 것 같은 고집스러운 표정이었다.","결국 혁권은 내가 졌다며 양손을 들어 올리곤 냅킨 끄트머리에 볼펜으로 전화번호를 적어 그녀에게 건넸다.; 지연이 배낭여행 카페와 인터넷 검색을 통해 가장 효율적인 코스를 만들어 놓은 것에 반해…","어딜 갈까 고민하던 두 사람은 지연이 원래 관광하려고 짜 놓은 루트대로 움직이기로 했다.","결국 혁권은 내가 졌다며 양손을 들어 올리곤 냅킨 끄트머리에 볼펜으로 전화번호를 적어 그녀에게 건넸다.","지연이 배낭여행 카페와 인터넷 검색을 통해 가장 효율적인 코스를 만들어 놓은 것에 반해, 혁권은 애초에 아무 생각 없이 어슬렁거리고 있던 것에 불과했으므로 어느 쪽을 선택하는 것이 더 현명한 것인지는 고민할 여지조차 없었다.","부하랑 이해관계에 따른 동업자를 빼면, 진짜 친구라고 부를 만한 사람이 몇 안 남는다는 끔찍한 사실을 깨달은 것이다.","본래 그녀의 예산으로는 턱도 없을 만큼 비싼 가게였으나 혁권이 아무렇지도 않게 들어가 먼저 주문 해 버렸기 때문에 지연도 ‘에라, 모르겠다.’ 하고 얻어먹을 셈이었다.","relationship","본래 그녀의 예산으로는 턱도 없을 만큼 비싼 가게였으나 혁권이 아무렇지도 않게 들어가 먼저 주문 해 버렸기 때문에 지연도 ‘에라, 모르겠다.’ 하고 얻어먹을 셈이었다.","얼굴에 물음표가 가득한 채 이쪽을 바라보는 지연의 모습에 약간 고민하던 혁권은 마침내 진실을 털어놓았다.","본래 그녀의 예산으로는 턱도 없을 만큼 비싼 가게였으나 혁권이 아무렇지도 않게 들어가 먼저 주문 해 버렸기 때문에 지연도 ‘에라, 모르겠다.’ 하고 얻어먹을 셈이었다.","얼굴에 물음표가 가득한 채 이쪽을 바라보는 지연의 모습에 약간 고민하던 혁권은 마침내 진실을 털어놓았다.","GA-A19","0.89"
"101","대망 101화","","15047","15202","그러고 보니 그 직원이 키드 어쩌고 하는 걸 들은 것 같기도 했다.","손을 들어 가볍게 노크를 하고는 문을 연 박상빈 실장을 따라 회장실 안으로 들어갔다.; 그래도 네가 맡은 유럽과 중동, 아프리카 쪽이 특히 어렵다고 하던데 걱정이구나. 작년에 비해서 매출이 반토막이 났다면서?","뭐, 다른 뜻은 없고요. 그쪽도 아시다시피 저 당분간 예산이 좀 많이 부족하거든요. 혁권 씨도 오랜만에 한국 사람 만나서 반가웠을 테고, 저도 그러니까…","손을 들어 가볍게 노크를 하고는 문을 연 박상빈 실장을 따라 회장실 안으로 들어갔다.","그래도 네가 맡은 유럽과 중동, 아프리카 쪽이 특히 어렵다고 하던데 걱정이구나. 작년에 비해서 매출이 반토막이 났다면서?","고급 호텔처럼 두꺼운 카펫이 깔린 복도에 모습을 드러낸 건 바로 회장의 셋째 아들인 김인철 이사였다.","김종원 — 아버지한테 잘 보이려는 건 알겠는데 그래봤자 그룹을 물려받는 건 장남인 나야. 나중에 떡고물이라도 받아먹으려면 지금부터라도 처신을 똑바로 하는 것이 좋을 거야.","money","김종원 — 아버지한테 잘 보이려는 건 알겠는데 그래봤자 그룹을 물려받는 건 장남인 나야. 나중에 떡고물이라도 받아먹으려면 지금부터라도 처신을 똑바로 하는 것이 좋을 거야.","김성균이 무섭게 눈을 부라리자 김인철 역시 이를 드러내면서 날을 세웠다.","아버지한테 잘 보이려는 건 알겠는데 그래봤자 그룹을 물려받는 건 장남인 나야. 나중에 떡고물이라도 받아먹으려면 지금부터라도 처신을 똑바로 하는 것이 좋을 거야.","김성균이 무섭게 눈을 부라리자 김인철 역시 이를 드러내면서 날을 세웠다.","GA-A19","0.89"
"102","대망 102화","가로채기","15203","15371","신뢰 여부보다는 물산에서 관리하는 페이퍼 컴퍼니가 나중에 작업을 다 끝내고 없애 버리기 좋아서 선택한 거였지만, 화가 머리끝까지 치밀어 오른 김성균은 미쳐 그것까지 생각하지 못했다.","가로채기 — 자연스레 양쪽으로 갈라진 사람들 사이를 고고하게 가르며 떠나는 김인철의 뒷모습에, 뒤늦게 정신을 차린 김성균의 입에서 이를 가는 소리가 흘러나왔다.","김인철이 스위스로 간다는 건데 유럽이 담당 지역이었지만 그가 알기로 스위스에 회사 업무로 갈 일은 없었다.","자연스레 양쪽으로 갈라진 사람들 사이를 고고하게 가르며 떠나는 김인철의 뒷모습에, 뒤늦게 정신을 차린 김성균의 입에서 이를 가는 소리가 흘러나왔다.","푹신한 가죽 시트에 몸을 기댄 김인철은 그런 것에 시선을 주지 않고 사뭇 진지한 얼굴로 맞은편에 앉은 이동철 부장을 봤다.","커다란 점보제트기에서 내린 김인철은 수행원들과 함께 공항 청사를 빠져나와 미리 대기하고 있던 리무진을 타고 취리히 시내로 들어갔다.","마카오에서 필요한 모든 정보를 확보하고도 꾹 참고 기다리고 있던 것이 드디어 결실을 보려고 했다.","money","마카오에서 필요한 모든 정보를 확보하고도 꾹 참고 기다리고 있던 것이 드디어 결실을 보려고 했다.","걱정했던 것보다 피해가 크지 않고 수리에 필요한 부품도 있다니 정말 기쁜 소식이 아닐 수 없었다.","마카오에서 필요한 모든 정보를 확보하고도 꾹 참고 기다리고 있던 것이 드디어 결실을 보려고 했다.","걱정했던 것보다 피해가 크지 않고 수리에 필요한 부품도 있다니 정말 기쁜 소식이 아닐 수 없었다.","GA-A20","0.92"
"103","대망 103화","","15372","15511","케노스 함장이 약간 씁쓸한 목소리로 대답했다.","혁권 — 팔을 들어 시계를 확인하자 레스토랑에 들어간 지 채 20분도 되지 않았다.; 로비 카페에서 자리를 지키고 있던 하킴이 막 엘리베이터에서 내린 김인철 일행을 유심히 살펴보고는 핸드폰을 꺼냈다.","체크인 한 김인철은 설마 자신이 감시당하고 있다고 생각 하지 못하고 수행원들을 모두 데리고 저녁을 먹기 위해 아래층에 있는 레스토랑으로 내려갔다.","혁권 — 팔을 들어 시계를 확인하자 레스토랑에 들어간 지 채 20분도 되지 않았다.","로비 카페에서 자리를 지키고 있던 하킴이 막 엘리베이터에서 내린 김인철 일행을 유심히 살펴보고는 핸드폰을 꺼냈다.","어린애도 하지 않을 법한 투정을 부리며 주위를 발칵 뒤집어 놓는 김인철의 행동도 그렇지만, 그걸 묵묵히 받아 내야만 하는 제 처지도 역시 한탄스럽기만 했다.","혁권 — 하루에 2천 달러나 받는 방답게 프레지던트 룸은 아주 넓고 화려하게 꾸며져 있었지만, 구경을 온 것이 아니었기에 그런 건 눈에 들어오지 않았다.","money","혁권 — 하루에 2천 달러나 받는 방답게 프레지던트 룸은 아주 넓고 화려하게 꾸며져 있었지만, 구경을 온 것이 아니었기에 그런 건 눈에 들어오지 않았다.","상대방 역시 그가 알아차렸다는 걸 깨달았는지 한번 시선을 마주하고는 곧장 딴 데로 눈을 돌렸다.","하루에 2천 달러나 받는 방답게 프레지던트 룸은 아주 넓고 화려하게 꾸며져 있었지만, 구경을 온 것이 아니었기에 그런 건 눈에 들어오지 않았다.","상대방 역시 그가 알아차렸다는 걸 깨달았는지 한번 시선을 마주하고는 곧장 딴 데로 눈을 돌렸다.","GA-A20","0.89"
"104","대망 104화","","15512","15647","오윤태 과장은 치밀어 오르는 호기심을 꾹 억누르고 모른 척 시선을 미끄러뜨렸다.","기껏 비자금을 다른 곳으로 옮겼는데 괜히 꼬리를 잡혀 시끄러워지는 걸 김인철도 원하지 않았기에 상대의 제안을 받아들였다.; 다행히 양옆에 있던 이동철 부장과 오윤태 과장이 황급히 받쳐 줘서 두 사람이 동시에 쓰러지는 사태는 면했으나 정신을 차리고 보니 이미 김인철의 소매에서 진한 커피…","김인철이 마음에 안 든다는 듯이 콧방귀를 뀌는 사이 엘리베이터가 목적지에 도착했다.","기껏 비자금을 다른 곳으로 옮겼는데 괜히 꼬리를 잡혀 시끄러워지는 걸 김인철도 원하지 않았기에 상대의 제안을 받아들였다.","다행히 양옆에 있던 이동철 부장과 오윤태 과장이 황급히 받쳐 줘서 두 사람이 동시에 쓰러지는 사태는 면했으나 정신을 차리고 보니 이미 김인철의 소매에서 진한 커피 물이 뚝뚝 떨어지고 있었다.","엘리베이터에 탄 김인철이 이동철을 보며 슬쩍 한국말로 불만을 드러냈다.","김인철 — 이걸로 필요한 절차는 다 끝났습니다. 아까 말씀드린 대로 약간의 세탁을 거친 후에 오후 1시까지 돈이 모두 지정하신 계좌로 입금할 겁니다.","money","김인철 — 이걸로 필요한 절차는 다 끝났습니다. 아까 말씀드린 대로 약간의 세탁을 거친 후에 오후 1시까지 돈이 모두 지정하신 계좌로 입금할 겁니다.","고개를 든 김인철은 즉시 탁자 위에 올려둔 노트북을 조작해 인터넷 뱅킹을 열고 비밀번호와 보안키를 쳤다.","이걸로 필요한 절차는 다 끝났습니다. 아까 말씀드린 대로 약간의 세탁을 거친 후에 오후 1시까지 돈이 모두 지정하신 계좌로 입금할 겁니다.","고개를 든 김인철은 즉시 탁자 위에 올려둔 노트북을 조작해 인터넷 뱅킹을 열고 비밀번호와 보안키를 쳤다.","GA-A20","0.89"
"105","대망 105화","","15648","15776","그 순간 아래층에 머물고 있던 혁권의 노트북에도 똑같은 화면이 떴다.","아니, 김인철은 각기 다른 계좌로 이체를 시킨다고 생각했지만, 사실은 미리 심어 둔 해킹 프로그램에 의해 전혀 엉뚱한 곳으로 돈을 보내고 있었다.; 이렇게 김인철이 절망에 허우적거리고 있을 때 혁권은 중간에서 가로챈 돈을 추적이 어렵게 여러 은행 계좌로 돌렸다.","노트북을 좀비PC로 만들어서 훤히 다 엿보고 있는 줄도 모르고 김인철은 들어온 비자금을 다시 8개로 쪼개 다른 비밀계좌로 옮기기 시작했다.","아니, 김인철은 각기 다른 계좌로 이체를 시킨다고 생각했지만, 사실은 미리 심어 둔 해킹 프로그램에 의해 전혀 엉뚱한 곳으로 돈을 보내고 있었다.","이렇게 김인철이 절망에 허우적거리고 있을 때 혁권은 중간에서 가로챈 돈을 추적이 어렵게 여러 은행 계좌로 돌렸다.","한쪽 팔을 뻗은 혁권이 8자리로 된 번호를 입력하자 계좌의 존재 여부를 확인한 여직원이 다시 입을 열었다.","혁권 — 수수료 30만 달러를 제하고 현금으로 정확히 2,350만 달러입니다.","money","혁권 — 수수료 30만 달러를 제하고 현금으로 정확히 2,350만 달러입니다.","맞은편에 있던 하인리히도 따라 일어나 그에게 악수를 청했다.","수수료 30만 달러를 제하고 현금으로 정확히 2,350만 달러입니다.","맞은편에 있던 하인리히도 따라 일어나 그에게 악수를 청했다.","GA-A20","0.89"
"106","대망 106화","","15777","15937","가볍게 답한 혁권이 돌아섬과 동시에 문 옆에서 대기하고 있던 자말이 다가와 책상에 놓인 알루미늄 가방을 챙겼다.","하룻밤 사이에 얼굴이 초췌하게 변한 김인철이 벌겋게 충혈된 눈으로 쏘아보며 고함을 내지르자 유럽 지사에서 급히 수배해서 불러온 컴퓨터 전문가가 어깨를 움츠리면서 말했다.; 사내는 씩씩거리는 김인철의 눈치를 살피면서 조심스럽게 대답했다.","이번 작업을 그가 맡게 되자 감정을 드러내며 심하게 다툰 일이 있었기에 김인철은 마음 한구석에서 의심을 완전히 털어 내지 못했다.","하룻밤 사이에 얼굴이 초췌하게 변한 김인철이 벌겋게 충혈된 눈으로 쏘아보며 고함을 내지르자 유럽 지사에서 급히 수배해서 불러온 컴퓨터 전문가가 어깨를 움츠리면서 말했다.","사내는 씩씩거리는 김인철의 눈치를 살피면서 조심스럽게 대답했다.","미간을 찡그린 김인철은 이내 이를 부드득 갈며 말했다.","예상보다 현지 상황이 더 복잡하게 꼬여 있었습니다. 미스라타 민병대가 도시를 장악하는 건 맞지만 일원화된 지휘 체계를 세우지 못하고 소규모 무리로 흩어져 내부에서 서로 알력을 벌이는 중이더군요…","money","예상보다 현지 상황이 더 복잡하게 꼬여 있었습니다. 미스라타 민병대가 도시를 장악하는 건 맞지만 일원화된 지휘 체계를 세우지 못하고 소규모 무리로 흩어져 내부에서 서로 알력을 벌이는 중이더군요…","핸드폰을 내려놓은 혁권은 그새 필터 근처까지 타들어 간 담배를 재떨이에 비벼 껐다.","예상보다 현지 상황이 더 복잡하게 꼬여 있었습니다. 미스라타 민병대가 도시를 장악하는 건 맞지만 일원화된 지휘 체계를 세우지 못하고 소규모 무리로 흩어져 내부에서 서로 알력을 벌이는 중이더군요…","핸드폰을 내려놓은 혁권은 그새 필터 근처까지 타들어 간 담배를 재떨이에 비벼 껐다.","GA-A20","0.89"
"107","대망 107화","아테네","15938","16081","밤이 늦은 시간이었지만 스위스에서 방금 도착한 김인철은 쉬지도 못하고 곧장 공항에서 평창동 본가로 가고 있었다.","아테네 — 김인철이 양팔을 내저으면서 아니라고 하자 김종원 회장은 손바닥으로 앉아 있는 소파 팔걸이를 세게 내려치며 추궁했다.","김인철 — 이런 말씀을 드려도 할지 모르겠습니다만 회장님께서 야단을 치시면 무조건 잘못했다고 용서를 구하십시오.","김인철이 양팔을 내저으면서 아니라고 하자 김종원 회장은 손바닥으로 앉아 있는 소파 팔걸이를 세게 내려치며 추궁했다.","잔뜩 힘이 들어간 부리부리한 눈동자는 누구 하나라도 걸리면 피를 보지 않고선 끝나지만은 않을 것 같다는 착각이 들 정도로 심상치 않은 분노를 내뿜고 있었으며…","비록 김종원 회장의 비위를 거스를까 두려워 겉으로 드러내진 않았으나 둘 다 막내인 김인철이 주제도 모르고 까불다가 제풀에 거꾸러진 것을 기뻐하고 있었다.","김인철은 곤혹스러운 상황에서 구해 준 박상빈 실장에게 눈으로 고마움을 표시하고는 슬쩍 비어 있는 자리에 앉았다.","money","김인철은 곤혹스러운 상황에서 구해 준 박상빈 실장에게 눈으로 고마움을 표시하고는 슬쩍 비어 있는 자리에 앉았다.","만약 이게 걸린다면 고구마 줄기처럼 비자금과 관계된 거래 내역이 줄줄이 드러날 수밖에 없었다.","김인철은 곤혹스러운 상황에서 구해 준 박상빈 실장에게 눈으로 고마움을 표시하고는 슬쩍 비어 있는 자리에 앉았다.","만약 이게 걸린다면 고구마 줄기처럼 비자금과 관계된 거래 내역이 줄줄이 드러날 수밖에 없었다.","GA-A21","0.92"
"108","대망 108화","","16082","16245","한국이라면 뇌물을 찔러 주고 적당히 무마라도 시키겠지만, 집요하기로 유명한 미국 세무 당국에는 그런 것이 통하지 않았다.","뒤에 있는 자말과 하킴과도 눈인사를 한 케노스 함장은 한쪽 팔을 들어 출구를 가리키면서 말했다.; 전에 거래 할 때도 전반적인 해운 업계 불황에 자금 운용에 곤란을 겪고 있더니 결국 더 이상 버티지 못한 모양이었다.","한편 혁권은 미스라타 항구 관리 책임자와 협상이 잘 끝났다는 보고를 받자마자 곧장 그리스 아테네로 날아갔다.","뒤에 있는 자말과 하킴과도 눈인사를 한 케노스 함장은 한쪽 팔을 들어 출구를 가리키면서 말했다.","전에 거래 할 때도 전반적인 해운 업계 불황에 자금 운용에 곤란을 겪고 있더니 결국 더 이상 버티지 못한 모양이었다.","섭섭하게 이거 왜 이러십니까? 진짜로 아테네까지 왔는데 그냥 갈 수가 없어서 연락을 드린 겁니다.","살펴보니 원래 포세이돈 함에 달려 있다가 보스께서 인수하시면서 철거한 발사대였습니다. 예비 부품과 함께 창고에 보관하고 있다가 이번에 같이 섞여 들어온 것 같습니다.","status","살펴보니 원래 포세이돈 함에 달려 있다가 보스께서 인수하시면서 철거한 발사대였습니다. 예비 부품과 함께 창고에 보관하고 있다가 이번에 같이 섞여 들어온 것 같습니다.","혁권은 잔을 들어 시원한 음료를 한 모금 마시고는 이야기를 했다.","살펴보니 원래 포세이돈 함에 달려 있다가 보스께서 인수하시면서 철거한 발사대였습니다. 예비 부품과 함께 창고에 보관하고 있다가 이번에 같이 섞여 들어온 것 같습니다.","혁권은 잔을 들어 시원한 음료를 한 모금 마시고는 이야기를 했다.","GA-A21","0.89"
"109","대망 109화","","16246","16401","혁권의 말대로 국경이나 종교를 가리지 않고 오더가 있으면 설사 남극이라고 해도 기꺼이 달려가는 것이 상사맨이었다.","핸드폰을 꺼내 액정에 뜬 번호를 확인한 혁권은 짧게 혀를 찼다.; 주춤한 오윤태 과장은 그의 눈치를 살피면서 불안감을 쏟아 냈다.","그날 오후 혁권은 자말과 하킴 두 사람을 대동하고 예전에 한번 용선傭船을 한 적 있는 쥬피터 해운을 찾아갔다.","핸드폰을 꺼내 액정에 뜬 번호를 확인한 혁권은 짧게 혀를 찼다.","주춤한 오윤태 과장은 그의 눈치를 살피면서 불안감을 쏟아 냈다.","순간 중년인을 비롯한 해운사 측 인사들의 표정이 딱딱하게 경직됐다.","여러모로 이쪽 입장을 많이 반영했지만 쥬피터 해운도 경영난에 보유한 현금이 거의 바닥나 어려운 상황에서 선금 200만 달러가 들어와 한숨 돌릴 수 있었으니 그리 나쁘지 않은 계약이었다.","money","여러모로 이쪽 입장을 많이 반영했지만 쥬피터 해운도 경영난에 보유한 현금이 거의 바닥나 어려운 상황에서 선금 200만 달러가 들어와 한숨 돌릴 수 있었으니 그리 나쁘지 않은 계약이었다.","여러모로 이쪽 입장을 많이 반영했지만 쥬피터 해운도 경영난에 보유한 현금이 거의 바닥나 어려운 상황에서 선금 200만 달러가 들어와 한숨 돌릴 수 있었으니 그리 나쁘지 않은 계약이었다.","순간 중년인을 비롯한 해운사 측 인사들의 표정이 딱딱하게 경직됐다.","여러모로 이쪽 입장을 많이 반영했지만 쥬피터 해운도 경영난에 보유한 현금이 거의 바닥나 어려운 상황에서 선금 200만 달러가 들어와 한숨 돌릴 수 있었으니 그리 나쁘지 않은 계약이었다.","GA-A21","0.89"
"110","대망 110화","","16402","16553","혁권은 객실 소파에 몸을 기대고 앉아 발레타에 있는 부하에게 핸드폰으로 지시를 내렸다.","여종업원을 따라 안쪽 조용한 자리로 가자 미리 와서 앉아 있던 홍성완 지사장이 한쪽 팔을 들며 그를 맞이했다.; 제가 투자하는 돈으로 적당한 의류공장을 인수한 다음, 이민해 올 사람들을 고용해 운영할 생각입니다. 물론 많지는 않겠지만 고용인 가운데엔 그리스인들도 포함할 거고요.","홍성완 지사장이 소개해 준 고위 관리를 만나러 혁권은 시내에 있는 고급 레스토랑으로 갔다.","여종업원을 따라 안쪽 조용한 자리로 가자 미리 와서 앉아 있던 홍성완 지사장이 한쪽 팔을 들며 그를 맞이했다.","제가 투자하는 돈으로 적당한 의류공장을 인수한 다음, 이민해 올 사람들을 고용해 운영할 생각입니다. 물론 많지는 않겠지만 고용인 가운데엔 그리스인들도 포함할 거고요.","뜻밖의 이야기에 케카스는 눈을 가늘게 떴고 동석한 홍성완 지사장도 깜짝 놀란 얼굴로 그를 봤다.","혁권 — 말 그대로 나라를 탈출해 도망쳐 온 난민이 아니라 합법적인 절차를 밟아 그리스에서 거주하기 위해 이민을 신청한다는 겁니다.","status","혁권 — 말 그대로 나라를 탈출해 도망쳐 온 난민이 아니라 합법적인 절차를 밟아 그리스에서 거주하기 위해 이민을 신청한다는 겁니다.","혁권이 손짓을 하자 뒤에 서 있던 자말이 승용차 트렁크에서 아까 준 것과 비슷하게 생긴 나무 상자를 꺼내 왔다.","말 그대로 나라를 탈출해 도망쳐 온 난민이 아니라 합법적인 절차를 밟아 그리스에서 거주하기 위해 이민을 신청한다는 겁니다.","혁권이 손짓을 하자 뒤에 서 있던 자말이 승용차 트렁크에서 아까 준 것과 비슷하게 생긴 나무 상자를 꺼내 왔다.","GA-A21","0.89"
"111","대망 111화","","16554","16713","로마네 콩티 못지않은 고급 와인으로 한 병에 8,832달러, 한화로 1천만 원이 넘는 명품이었다.","뒤 혁권은 중개인 사무실로 가서 공장 주인과 만나 매매 계약서를 쓰고 은행에서 찾아온 현금을 건네주는 걸로 거래를 끝마쳤다.; 보시다시피 지은 지 얼마 하지 않아서 건물이 튼튼하고 앞뒤로 넓은 공터가 있어서 주차장이나 하역장으로 쓸 수도 있습니다…","아직 처리해야 할 일이 남았기에 그를 대신해서 자말이 내일 일찍 출항하는 화물선을 타고 발레타까지 가기로 되어 있었다.","뒤 혁권은 중개인 사무실로 가서 공장 주인과 만나 매매 계약서를 쓰고 은행에서 찾아온 현금을 건네주는 걸로 거래를 끝마쳤다.","보시다시피 지은 지 얼마 하지 않아서 건물이 튼튼하고 앞뒤로 넓은 공터가 있어서 주차장이나 하역장으로 쓸 수도 있습니다. 그리고 직물을 제조하던 곳이라 의류공장을 차리기에 딱 적격이지요.","가운데 달린 방범 렌즈를 통해 내다본 혁권은 복도에 서 있는 자말을 확인하곤 문에 달린 잠금장치를 열었다.","혁권 — 원래는 80만 유로를 넘게 받아야 하는 물건이지만 계약을 하신다면 제가 주인한테 이야기 해서 75만 유로까지는 맞춰 드릴 수 있습니다.","status","혁권 — 원래는 80만 유로를 넘게 받아야 하는 물건이지만 계약을 하신다면 제가 주인한테 이야기 해서 75만 유로까지는 맞춰 드릴 수 있습니다.","핸드폰을 꺼내 든 혁권은 미리 선임해 둔 변호사한테 준비한 서류를 이민국에 제출하도록 지시했다.","원래는 80만 유로를 넘게 받아야 하는 물건이지만 계약을 하신다면 제가 주인한테 이야기 해서 75만 유로까지는 맞춰 드릴 수 있습니다.","핸드폰을 꺼내 든 혁권은 미리 선임해 둔 변호사한테 준비한 서류를 이민국에 제출하도록 지시했다.","GA-A21","0.89"
"112","대망 112화","이주","16714","16871","변호사한테 나머지 절차를 맡긴 혁권은 며칠 뒤 비행기를 타고 발레타로 날아갔다.","이주 — 아무래도 시야에 제약이 있는 야간에는 배를 부두에 접안하는 것도 어려울 뿐만 아니라 만약의 경우 대처하기가 힘들었기에 혁권은 가능하면 환한 낮에 미스라타로 들어가길 원했다.","변호사한테 나머지 절차를 맡긴 혁권은 며칠 뒤 비행기를 타고 발레타로 날아갔다.","아무래도 시야에 제약이 있는 야간에는 배를 부두에 접안하는 것도 어려울 뿐만 아니라 만약의 경우 대처하기가 힘들었기에 혁권은 가능하면 환한 낮에 미스라타로 들어가길 원했다.","마지막 화물을 실은 트럭이 시커먼 매연을 내뿜으면서 떠나자 작업을 감독하던 자말이 그에게 다가와 말했다.","순간 분위기가 차갑게 얼어붙으면서 긴장감이 감돌았지만 혁권은 조금도 위축되는 것 없이 상대를 봤다.","혁권 — 1만 달러를 더 보태 원래 요구했던 액수를 채워 주겠소. 그러니 이쯤에서 끝냅시다.","money","혁권 — 1만 달러를 더 보태 원래 요구했던 액수를 채워 주겠소. 그러니 이쯤에서 끝냅시다.","불리한 상황이었지만 그는 조금의 동요도 보이지 않았다.","1만 달러를 더 보태 원래 요구했던 액수를 채워 주겠소. 그러니 이쯤에서 끝냅시다.","불리한 상황이었지만 그는 조금의 동요도 보이지 않았다.","GA-A22","0.92"
"113","대망 113화","","16872","17024","허리에 찬 권총을 꺼내 들며 스와이단이 눈을 부라리자 그는 작게 한숨을 내뱉었다.","그뿐만 아니라 자말을 비롯한 부하들이 각자 숨기고 있던 무기를 꺼내 들고는 상대를 차갑게 노려봤다.; 뒤에 늘어서 있던 민병대 군인들이 화들짝 놀라 소총을 들어 올리려다가 총탄이 날아와 흙먼지를 일으키며 발 앞에 떨어지자 그대로 얼어붙었다.","살았다고 생각해서인지 다시 평정심을 되찾은 스와이단의 모습에 그가 고개를 끄덕이자 뒤에 있던 자말이 무전기를 들어 함교에 지시를 내렸다.","그뿐만 아니라 자말을 비롯한 부하들이 각자 숨기고 있던 무기를 꺼내 들고는 상대를 차갑게 노려봤다.","뒤에 늘어서 있던 민병대 군인들이 화들짝 놀라 소총을 들어 올리려다가 총탄이 날아와 흙먼지를 일으키며 발 앞에 떨어지자 그대로 얼어붙었다.","화장실 들어갈 때와 나올 때 마음이 다르다고 지금 당장은 살기 위해 이런 제안을 했다가 나중에 다시 태도가 돌변할 수도 있었다.","혁권 — 4만 달러면 꽤 큰 돈이야.","money","혁권 — 4만 달러면 꽤 큰 돈이야.","아쉽다는 듯 볼을 부풀리는 아이에게 선원이 물었다.","4만 달러면 꽤 큰 돈이야.","아쉽다는 듯 볼을 부풀리는 아이에게 선원이 물었다.","GA-A22","0.89"
"114","대망 114화","","17025","17171","그러면서 아이가 양손으로 코를 틀어막는 시늉을 했다.","정든 고향을 떠나 목숨을 걸고 길을 나선 난민들의 절박함을 누구보다 잘 알았기에 자말은 선뜻 말을 잇지 못했다.; 아니야. 저들로 인해 가족이 피해를 볼지도 모르니 충분히 그럴 수 있어. 난민들을 그리스 본토가 아닌 근처 섬에 내려 주면 크게 문제 할 일이 없을 거야.","혁권 — 예전과 달리 폭증하는 난민 숫자에 그리스를 비롯한 유럽 국가들은 난민들을 받아들이지 않고 되돌려 보내고 있었다.","정든 고향을 떠나 목숨을 걸고 길을 나선 난민들의 절박함을 누구보다 잘 알았기에 자말은 선뜻 말을 잇지 못했다.","아니야. 저들로 인해 가족이 피해를 볼지도 모르니 충분히 그럴 수 있어. 난민들을 그리스 본토가 아닌 근처 섬에 내려 주면 크게 문제 할 일이 없을 거야.","지금 배에 태우고 있는 사람들처럼 저 난민들의 목숨도 소중한 거야. 만약 저 난민선에 자네 가족이나 친척이 타고 있다고 해도 이대로 외면할 수 있겠나.","혁권 — 이미 정식 이주 허가를 받아 둔 상태니까 괜찮아.","money","혁권 — 이미 정식 이주 허가를 받아 둔 상태니까 괜찮아.","스스로 괜한 행동은 아닌지 염려가 됐지만 그래도 난민들의 절박한 상황을 알기에 이대로 눈을 감고 지나갈 수가 없었다.","이미 정식 이주 허가를 받아 둔 상태니까 괜찮아.","스스로 괜한 행동은 아닌지 염려가 됐지만 그래도 난민들의 절박한 상황을 알기에 이대로 눈을 감고 지나갈 수가 없었다.","GA-A22","0.89"
"115","대망 115화","","17172","17295","넓게 퍼지는 물결을 뒤로하고 화물선은 곧장 난민들이 표류하는 곳으로 빠르게 나아갔다.","혁권이 쌍안경으로 그들을 관찰하고 있을 때, 난민선 쪽에서도 화물선을 발견하곤 미친 듯이 손을 흔들어 대며 소리를 질렀다.; 난민들은 함단의 외침을 듣지 못한 건지 계속해서 손을 뻗으면서 살려달라고 아우성을 쳤다.","일단 그리스 땅에 발을 딛고 구호단체의 보호를 받는다면 아무리 그리스 정부가 난민 유입을 억제하려 한다지만 이들을 강제로 터키로 돌려보내기 어려웠다.","혁권이 쌍안경으로 그들을 관찰하고 있을 때, 난민선 쪽에서도 화물선을 발견하곤 미친 듯이 손을 흔들어 대며 소리를 질렀다.","난민들은 함단의 외침을 듣지 못한 건지 계속해서 손을 뻗으면서 살려달라고 아우성을 쳤다.","가까이에서 확인한 난민들의 상태는 예상보다 훨씬 더 심각했다.","혁권 — 서로 빨리 탈출하고 싶어 안달이 난 사람들이 갑자기 한쪽으로 몰리니, 아슬아슬하게 평형을 유지하고 있던 무게중심이 흐트러진 것이 분명했다.","money","혁권 — 서로 빨리 탈출하고 싶어 안달이 난 사람들이 갑자기 한쪽으로 몰리니, 아슬아슬하게 평형을 유지하고 있던 무게중심이 흐트러진 것이 분명했다.","심드렁한 표정으로 뒤로 돌아선 노인은 이내 모터가 달린 구명정 두 척이 한눈에 봐도 난민인 걸 알 수 있는 허름한 행색의 사람들을 가득 태우고 빠르게 다가오는 걸 보고 눈을 동그랗게 떴다.","서로 빨리 탈출하고 싶어 안달이 난 사람들이 갑자기 한쪽으로 몰리니, 아슬아슬하게 평형을 유지하고 있던 무게중심이 흐트러진 것이 분명했다.","심드렁한 표정으로 뒤로 돌아선 노인은 이내 모터가 달린 구명정 두 척이 한눈에 봐도 난민인 걸 알 수 있는 허름한 행색의 사람들을 가득 태우고 빠르게 다가오는 걸 보고 눈을 동그랗게 떴다.","GA-A22","0.89"
"116","대망 116화","시에라리온","17296","17436","사내가 호들갑을 떨자 노인은 살짝 미간을 찡그리며 호통을 쳤다.","시에라리온 — 옆에서 소리치듯 말하자 혁권은 시선을 돌려 하킴이 한쪽 팔을 들어 가리키는 곳을 봤다.","화물선으로 돌아가기 위해 구명정에 올라타자 하킴이 이쪽을 바라보고 있는 촌장을 힐끔 쳐다보곤 입을 열었다.","옆에서 소리치듯 말하자 혁권은 시선을 돌려 하킴이 한쪽 팔을 들어 가리키는 곳을 봤다.","그런 이야기들이 있긴 하지만 구호단체들의 보호를 받기 때문에 아직 강제적으로 이동을 막은 경우는 없소.","조용하던 어촌 마을이 난민들의 상륙으로 한순간에 벌집을 쑤신 것처럼 어수선해진 가운데, 혁권은 한 발짝 떨어진 곳에서 이 모든 상황을 조용히 지켜보고 있었다.","혁권 — 모두 4만 달러로 원래 스와이단한테 사례비로 주려던 돈이었다.","money","혁권 — 모두 4만 달러로 원래 스와이단한테 사례비로 주려던 돈이었다.","완공된 지 채 10년이 되지 않아서 그다지 낡지도 않았고 30개의 객실마다 독립된 주방 시설이 갖춰져 있어 가족 단위의 이주민들이 한동안 머물러도 크게 불편하지 않았다.","모두 4만 달러로 원래 스와이단한테 사례비로 주려던 돈이었다.","완공된 지 채 10년이 되지 않아서 그다지 낡지도 않았고 30개의 객실마다 독립된 주방 시설이 갖춰져 있어 가족 단위의 이주민들이 한동안 머물러도 크게 불편하지 않았다.","GA-A23","0.92"
"117","대망 117화","","17437","17607","6개월 동안 콘도 전체를 임대해서 사용하기로 했기에 혁권도 호텔 대신 객실 하나를 잡아 짐을 풀었다.","김인철의 오른팔인 이동철 부장이 한직으로 밀려나는 건 당연한 수순이었으나 하필이면 그곳이 TC인터내셔널이라는 것에 그는 뭔가 있다는 느낌을 받았다.; 가뜩이나 실적이 안 오르는 상황에서 1천만 달러면 적은 액수가 아니었기에 홍성완 지사장은 바로 머리를 끄덕였다.","한편 계약 동안 화물선을 그냥 놀릴 생각이 전혀 없었던 혁권은 하즈사피의 오더를 진행하면서도 일거리를 찾아 분주히 움직였다.","김인철의 오른팔인 이동철 부장이 한직으로 밀려나는 건 당연한 수순이었으나 하필이면 그곳이 TC인터내셔널이라는 것에 그는 뭔가 있다는 느낌을 받았다.","가뜩이나 실적이 안 오르는 상황에서 1천만 달러면 적은 액수가 아니었기에 홍성완 지사장은 바로 머리를 끄덕였다.","오윤태 과장이 살짝 걱정됐지만 성급하게 나섰다가 자칫 그의 존재가 드러날지도 몰랐기에 지금으로서는 가만히 지켜보는 수밖에 없었다.","홍성완 — 보통 일부를 계약금으로 걸거나 아니면 신용장을 개설해 거래가 모두 끝난 뒤에 대금을 지불하는데, 그러지 않고 미리 한꺼번에 다 주겠다니 놀라지 않을 수가 없었다.","status","홍성완 — 보통 일부를 계약금으로 걸거나 아니면 신용장을 개설해 거래가 모두 끝난 뒤에 대금을 지불하는데, 그러지 않고 미리 한꺼번에 다 주겠다니 놀라지 않을 수가 없었다.","그룹 계열사 중 하나인 태일 건설이 이집트 정부의 발주를 받아 작년부터 카이로 외곽에 5천 세대 규모의 대규모 아파트 단지를 짓고 있었다.","보통 일부를 계약금으로 걸거나 아니면 신용장을 개설해 거래가 모두 끝난 뒤에 대금을 지불하는데, 그러지 않고 미리 한꺼번에 다 주겠다니 놀라지 않을 수가 없었다.","그룹 계열사 중 하나인 태일 건설이 이집트 정부의 발주를 받아 작년부터 카이로 외곽에 5천 세대 규모의 대규모 아파트 단지를 짓고 있었다.","GA-A23","0.89"
"118","대망 118화","","17608","17741","여기에 들어가는 자재 가운데 한국에서 가져오면 운송비가 많이 나오는 시멘트를 비롯한 여러 품목을 구매해 공급하는 업무를 아테네 지사가 대행하고 있었다.","하킴이 전화기를 들어 그가 앉아 있는 소파 앞 탁자에 내려놓자 혁권은 수화기를 받아 귀에 가져다 댔다.; 술병을 내려놓으면서 약간 반응을 보이자 김인철은 더욱 적극적으로 이동철을 설득했다.","진한 얼룩을 남기면서 주르륵 흘러내리는 액체를 성난 눈빛으로 노려보던 김인철은 곧바로 근처에 있는 다른 술잔을 찾아 독한 양주를 콸콸 쏟아부었다.","하킴이 전화기를 들어 그가 앉아 있는 소파 앞 탁자에 내려놓자 혁권은 수화기를 받아 귀에 가져다 댔다.","술병을 내려놓으면서 약간 반응을 보이자 김인철은 더욱 적극적으로 이동철을 설득했다.","모난 성격을 그대로 드러내며 이동철이 다시 양주를 병째 입에 가져가자 김인철은 몰래 눈가를 찡그렸다.","이걸로 혁권은 충분하지는 않지만 한 달에 두 번 정기적인 일거리를 확보해 최소한의 운용 경비를 뽑을 수 있게 됐다.","status","이걸로 혁권은 충분하지는 않지만 한 달에 두 번 정기적인 일거리를 확보해 최소한의 운용 경비를 뽑을 수 있게 됐다.","미리 말을 했으면 근처에 있는 내 별장에서 머물렀으면 좋았을 텐데 그랬소이다.","이걸로 혁권은 충분하지는 않지만 한 달에 두 번 정기적인 일거리를 확보해 최소한의 운용 경비를 뽑을 수 있게 됐다.","미리 말을 했으면 근처에 있는 내 별장에서 머물렀으면 좋았을 텐데 그랬소이다.","GA-A23","0.89"
"119","대망 119화","","17742","17895","별장에서 보는 사막의 석양이 아주 아름다우니 언제 꼭 한번 초대하겠소.","만족스럽게 거래를 끝낸 혁권은 그리스로 돌아가지 않고 두바이를 경유해서 아프리카 서부에 있는 시에라리온Sierra Leone으로 향했다.; 혁권은 마지막까지 자리를 지키고 있다가 하즈사피와 악수를 하고는 호텔로 돌아왔다.","혁권 — 도로를 나와 부두로 들어가는 입구에 바리케이드가 처져 있고 소총으로 무장한 군인들이 지키고 있었다.","만족스럽게 거래를 끝낸 혁권은 그리스로 돌아가지 않고 두바이를 경유해서 아프리카 서부에 있는 시에라리온Sierra Leone으로 향했다.","혁권은 마지막까지 자리를 지키고 있다가 하즈사피와 악수를 하고는 호텔로 돌아왔다.","뒤로 빼지 않고 마주 덤벼드는 모습에 하즈사피는 하얀 이빨을 드러낸 채 미소를 지으며 손에서 힘을 뺐다.","혁권 — 600만 달러가 맞습니다.","money","혁권 — 600만 달러가 맞습니다.","차창 밖을 바라보며 혁권이 씁쓸한 표정을 짓는 가운데 운전대를 잡고 있던 하킴도 왠지 이곳과 트리폴리의 모습이 겹쳐 얼굴이 어두워졌다.","600만 달러가 맞습니다.","차창 밖을 바라보며 혁권이 씁쓸한 표정을 짓는 가운데 운전대를 잡고 있던 하킴도 왠지 이곳과 트리폴리의 모습이 겹쳐 얼굴이 어두워졌다.","GA-A23","0.89"
"120","대망 120화","","17896","18042","무거운 분위기 속에 얼마쯤 더 달려가자 숙소인 메리어트 호텔이 나왔다.","곱슬머리에 약간 들창코인 은완코라는 이름의 운전사는 여유롭게 한쪽 팔을 차 문에 걸친 채 차를 몰았다.; 2000년 RUF 지도자인 포다이 상코가 체포되면서 반군이 거의 와해하다시피 해 오랜 내전은 정부군의 승리로 막을 내렸다.","하킴이 돌아올 때까지 할 일이 없어진 혁권은 담배를 한 개비 꺼내 입에 물고는 불을 붙였다.","곱슬머리에 약간 들창코인 은완코라는 이름의 운전사는 여유롭게 한쪽 팔을 차 문에 걸친 채 차를 몰았다.","2000년 RUF 지도자인 포다이 상코가 체포되면서 반군이 거의 와해하다시피 해 오랜 내전은 정부군의 승리로 막을 내렸다.","담당 관청에서 확인한 결과 TC인터내셔널이 시에라리온 정부로부터 다이아몬드 탐사와 채굴 허가를 받은 건 사실이었다.","혁권 — 그러니까 TC인터내셔널에서 탐사와 채굴 허가를 받은 코노 지역이 현재 반군들 손아귀에 들어가 있다는 거요?","money","혁권 — 그러니까 TC인터내셔널에서 탐사와 채굴 허가를 받은 코노 지역이 현재 반군들 손아귀에 들어가 있다는 거요?","배를 바닥에 깔고 누렇게 말라 몸 색깔과 비슷한 풀숲 사이에 숨어 있어 금방 알아보지 못했다.","그러니까 TC인터내셔널에서 탐사와 채굴 허가를 받은 코노 지역이 현재 반군들 손아귀에 들어가 있다는 거요?","배를 바닥에 깔고 누렇게 말라 몸 색깔과 비슷한 풀숲 사이에 숨어 있어 금방 알아보지 못했다.","GA-A23","0.89"
"121","대망 121화","","18043","18181","사자가 가만히 노려보고 있는 곳에는 얼룩말 무리가 머리를 숙여 작은 웅덩이에 고인 물을 마시고 있었다.","조수석에 탄 하킴이 여권과 함께 프리타운을 떠나기 전 발급받은 여행 증명서를 건네자 군인이 슬쩍 내용을 들춰 보더니 금방 이죽거리는 투로 말했다…","하룻밤을 묵은 혁권은 바로 다음 날부터 TC인터내셔널 소유의 광산이 있다는 시두Sidu로 갈 방법을 찾았다.","조수석에 탄 하킴이 여권과 함께 프리타운을 떠나기 전 발급받은 여행 증명서를 건네자 군인이 슬쩍 내용을 들춰 보더니 금방 이죽거리는 투로 말했다.","특히나 코이두가 있는 코노 지역은 다이아몬드 광산을 두고 정부군과 반군 사이에 뺐고 빼앗기는 치열한 전투가 이어지면서 큰 피해를 보고 말았다.","손에 쥐고 있던 것을 내려놓고 조심스레 일어나 문에 달린 방범 렌즈로 바깥을 확인한 혁권은 잠금장치를 풀고 상대를 맞이했다.","아무래도 순순히 보내줄 것 같진 않은 반응에 은완코가 미리 혁권에게서 받아 둔 50달러짜리 지폐 두 장을 군인의 주머니에 슬쩍 찔러 넣었다.","world","아무래도 순순히 보내줄 것 같진 않은 반응에 은완코가 미리 혁권에게서 받아 둔 50달러짜리 지폐 두 장을 군인의 주머니에 슬쩍 찔러 넣었다.","기관총을 장착한 지프차가 도로를 벗어나 장애물 옆으로 돌아가려는 순간 갑자기 커다란 폭음이 울렸다.","아무래도 순순히 보내줄 것 같진 않은 반응에 은완코가 미리 혁권에게서 받아 둔 50달러짜리 지폐 두 장을 군인의 주머니에 슬쩍 찔러 넣었다.","기관총을 장착한 지프차가 도로를 벗어나 장애물 옆으로 돌아가려는 순간 갑자기 커다란 폭음이 울렸다.","GA-A23","0.89"
"122","대망 122화","블러드 다이아몬드Blood Diamond","18182","18352","시뻘건 불기둥과 함께 무거운 지프차가 거꾸로 뒤집혔다.","블러드 다이아몬드Blood Diamond — 보닛에 팔을 올리고는 적을 향해 권총을 쏘고 있던 하킴이 고개를 돌려 그를 쳐다봤다.","그렇지 않아도 약을 구하려고 했던 하킴은 잽싸게 물건을 받아 신음을 흘리고 있는 은완코를 치료했다.","보닛에 팔을 올리고는 적을 향해 권총을 쏘고 있던 하킴이 고개를 돌려 그를 쳐다봤다.","동료가 죽고 피를 봐서인지 다들 신경이 바짝 곤두서 있었는데, 혁권은 다친 은완코한테 뒷자리를 양보하곤 언제든 쏠 수 있게 권총을 손에서 놓지 않았다.","그런 혁권의 대답에 쿰마 중위가 흰 이빨을 드러내며 웃었다.","혁권 — 반군의 매복을 격퇴하긴 했으나, 아군의 피해도 만만치 않았다.","world","혁권 — 반군의 매복을 격퇴하긴 했으나, 아군의 피해도 만만치 않았다.","그런 곳에 중상을 입은 환자들이 갑자기 쏟아 들어 왔으니 미처 다 감당하지 못하고 기능이 마비되는 것도 당연하다지만, 이건 너무 심했다.","반군의 매복을 격퇴하긴 했으나, 아군의 피해도 만만치 않았다.","그런 곳에 중상을 입은 환자들이 갑자기 쏟아 들어 왔으니 미처 다 감당하지 못하고 기능이 마비되는 것도 당연하다지만, 이건 너무 심했다.","GA-A24","0.92"
"123","대망 123화","","18353","18495","그런 와중에 용케 빈자리를 찾아낸 하킴이 온완코를 힘겹게 벤치에 앉혔다.","혁권 — 역시 다이아몬드를 찾으러 온 거구먼. 하긴 그게 아니라면 이 척박한 곳까지 목숨을 걸고 들어올 리가 없지.; 다행히 총알이 몸을 관통한 상태였기에 수술용 실로 더 이상 피가 새어 나오지 않도록 봉합하고 항생제 주사까지 놨다.","간호사한테 붕대를 감는 걸 맡기고 노인이 몸을 일으키자 옆에서 가만히 지켜보던 혁권이 급히 물었다.","혁권 — 역시 다이아몬드를 찾으러 온 거구먼. 하긴 그게 아니라면 이 척박한 곳까지 목숨을 걸고 들어올 리가 없지.","다행히 총알이 몸을 관통한 상태였기에 수술용 실로 더 이상 피가 새어 나오지 않도록 봉합하고 항생제 주사까지 놨다.","서둘러 하킴이 나가자 중년인이 상체를 앞으로 숙이고는 얼굴색 때문에 유달리 하얗게 보이는 이빨을 드러내면서 은근한 목소리로 말했다.","혁권 — 대충 100달러 정도 됐는데 중년인은 누가 볼세라 얼른 바지 주머니에 돈을 쑥 집어넣었다.","money","혁권 — 대충 100달러 정도 됐는데 중년인은 누가 볼세라 얼른 바지 주머니에 돈을 쑥 집어넣었다.","대충 100달러 정도 됐는데 중년인은 누가 볼세라 얼른 바지 주머니에 돈을 쑥 집어넣었다.","서둘러 하킴이 나가자 중년인이 상체를 앞으로 숙이고는 얼굴색 때문에 유달리 하얗게 보이는 이빨을 드러내면서 은근한 목소리로 말했다.","대충 100달러 정도 됐는데 중년인은 누가 볼세라 얼른 바지 주머니에 돈을 쑥 집어넣었다.","GA-A24","0.89"
"124","대망 124화","","18496","18655","그러고는 TC인터내셔널에 대해 아는 걸 이야기해 줬다.","혁권 — 오른쪽 팔을 들어 시계를 확인하자 벌써 오전 10시가 넘어 있었다.; 다이아몬드 광산이라면 사람들의 관심을 단번에 끌어 모을 수 있는 데다 위치가 먼 아프리카 오지이니 의심이 가더라도 당장 확인하기가 곤란했다.","는 아무리 하소연하려고 해도 이미 김인철을 비롯한 작전 세력들은 단물을 다 빨아먹고 빠져나간 뒤일 테니 엉터리 공시를 보고 덤벼든 개미들만 손실을 떠안게 되는 거였다.","혁권 — 오른쪽 팔을 들어 시계를 확인하자 벌써 오전 10시가 넘어 있었다.","다이아몬드 광산이라면 사람들의 관심을 단번에 끌어 모을 수 있는 데다 위치가 먼 아프리카 오지이니 의심이 가더라도 당장 확인하기가 곤란했다.","황급히 주위를 둘러본 혁권은 어젯밤 잠을 잤던 객실이라는 걸 확인하곤 나지막하게 욕설을 내뱉었다.","혁권 — 처음에는 안 된다고 하더니 소개비로 500달러를 쥐여 주니까 금방 구해다 주더군요.","relationship","혁권 — 처음에는 안 된다고 하더니 소개비로 500달러를 쥐여 주니까 금방 구해다 주더군요.","눈치가 빠른 토롱카는 가만히 있지 않고 자기 몸만 한 나뭇가지를 옮겨 말한 대로 한 사람 몫을 했다.","처음에는 안 된다고 하더니 소개비로 500달러를 쥐여 주니까 금방 구해다 주더군요.","눈치가 빠른 토롱카는 가만히 있지 않고 자기 몸만 한 나뭇가지를 옮겨 말한 대로 한 사람 몫을 했다.","GA-A24","0.89"
"125","대망 125화","","18656","18816","그걸 본 혁권은 살포시 입가에 미소를 지었다.","작은 기름 램프 하나가 희미하게 불을 밝히고 있는 가운데 소파에 가로누운 하킴이 AK소총을 옆에 세워 둔 채 잠들어 있었다.; 저러다가 죽거나 병들어서 일손이 부족해지면 마을로 가서 사람들을 납치해 가요. 제 가족도 그걸 피해서 시두로 피난을 간 거예요.","혁권 — 파낸 흙은 채와 물로 걸러내서 다이아몬드를 찾는 거였는데 무장한 반군 병사들이 주위에 서서 작업을 감시했다.","작은 기름 램프 하나가 희미하게 불을 밝히고 있는 가운데 소파에 가로누운 하킴이 AK소총을 옆에 세워 둔 채 잠들어 있었다.","저러다가 죽거나 병들어서 일손이 부족해지면 마을로 가서 사람들을 납치해 가요. 제 가족도 그걸 피해서 시두로 피난을 간 거예요.","지휘관으로 보이는 사내는 다이아몬드를 보고 누런 이를 드러내며 웃은 뒤 주머니에서 담뱃갑을 꺼내 그 안에 집어넣었다.","혁권 — 많아 보였지만 전부 합쳐서 300달러가 조금 넘었다.","world","혁권 — 많아 보였지만 전부 합쳐서 300달러가 조금 넘었다.","포격은 그 뒤로도 한참 계속됐고 혁권은 하킴과 함께 참호에 몸을 숨긴 채 꼼짝달싹하지 못했다.","많아 보였지만 전부 합쳐서 300달러가 조금 넘었다.","포격은 그 뒤로도 한참 계속됐고 혁권은 하킴과 함께 참호에 몸을 숨긴 채 꼼짝달싹하지 못했다.","GA-A24","0.89"
"126","대망 126화","새로운 거래","18817","18972","아침 해가 뜨고 날이 밝자 새벽에 있었던 포격의 참상이 그대로 드러났다.","새로운 거래 — 하킴의 말대로 이 지역이 반군의 손아귀에 들어가면 TC인터내셔널이 다이아몬드 광산을 개발하는 건 불가능한 일이었다.","찝찝한 마음에 담배라도 피울까 하고 주머니를 뒤지던 혁권은 누군가 건물에 매몰됐는지 시신이라도 찾으려고 맨손으로 잔해더미를 헤치고 있는 사람들을 보고는 나지막하게 욕설을 내뱉고는 고개를 돌렸다.","하킴의 말대로 이 지역이 반군의 손아귀에 들어가면 TC인터내셔널이 다이아몬드 광산을 개발하는 건 불가능한 일이었다.","어제 동쪽에 있는 마라MARA가 PASL 놈들한테 점령당했소. 정부군 1개 대대가 주둔하고 있었는데도 전차와 장갑차를 앞세운 공격에 속수무책으로 당했다는 거요…","혁권은 흙 속에서 캐내 햇빛을 받아 영롱하게 빛나던 다이아몬드가 머릿속에서 쉽게 지워지지 않았다.","혁권 — 가장 귀하고 아름다운 보석인 다이아몬드를 차지하기 위한 아귀다툼에 휩쓸려 고통받는 주민들의 모습에 측은하고 불쌍한 마음이 들었다.","relationship","혁권 — 가장 귀하고 아름다운 보석인 다이아몬드를 차지하기 위한 아귀다툼에 휩쓸려 고통받는 주민들의 모습에 측은하고 불쌍한 마음이 들었다.","머리를 끄덕인 혁권은 안주머니에서 두툼한 봉투를 꺼내 은완코한테 내밀었다.","가장 귀하고 아름다운 보석인 다이아몬드를 차지하기 위한 아귀다툼에 휩쓸려 고통받는 주민들의 모습에 측은하고 불쌍한 마음이 들었다.","머리를 끄덕인 혁권은 안주머니에서 두툼한 봉투를 꺼내 은완코한테 내밀었다.","GA-A25","0.92"
"127","대망 127화","","18973","19092","은완코가 눈을 크게 뜨며 손을 내저었다.","좀 전에 혁권 일행이 타고 온 것처럼 비슷한 모양의 미니버스가 분주하게 움직이며 승객들을 운반했고, 우르르 내린 각양각색의 사람들이 스튜어디스의 지시에 맞춰 열을 지어 비행기에 탑승하는 모습을 보…; 금발 백인부터 검은 피부의 현지인까지…","설치된 트랩을 올라 비행기 내부로 들어선 혁권은 제 자리를 찾아 이리저리 움직이는 승객들 틈바구니에서 가까스로 좌석번호를 확인하곤 후우, 깊은숨을 토해냈다.","좀 전에 혁권 일행이 타고 온 것처럼 비슷한 모양의 미니버스가 분주하게 움직이며 승객들을 운반했고, 우르르 내린 각양각색의 사람들이 스튜어디스의 지시에 맞춰 열을 지어 비행기에 탑승하는 모습을 보…","금발 백인부터 검은 피부의 현지인까지, 남녀노소 모두 국적도 성별도 달랐으나 시에라리온을 떠나려는 목적만은 동일했던 것이다.","서류철을 펼쳐 내용을 꼼꼼하게 확인한 혁권은 고개를 들며 물었다.","혁권 — 관련 허가를 다 받아 뒀으니 오늘부터라도 주식 거래를 하실 수 있습니다.","money","혁권 — 관련 허가를 다 받아 뒀으니 오늘부터라도 주식 거래를 하실 수 있습니다.","스텐저는 입가에 미소를 지으면서 입을 열었다.","관련 허가를 다 받아 뒀으니 오늘부터라도 주식 거래를 하실 수 있습니다.","스텐저는 입가에 미소를 지으면서 입을 열었다.","GA-A25","0.89"
"128","대망 128화","","19093","19240","스텐저가 조금 곤란하다는 표정을 지었다.","피레에프스 항구 외곽에 있는 콘도에 도착한 혁권은 더운물을 받은 욕조에 들어가 몸을 눕히곤 오랜 비행에 쌓인 피로를 풀었다.; 잘만하면 다시 대량으로 물자를 거래할 수 있는 길이 열리는 거니까 충분히 위험을 감수할 값어치가 있어.","혁권 — 조사해 봐야겠지만 이런 종목 같은 경우에는 보통 시장에서 거래되는 유동 주식이 30~40% 수준인데 원하시는 만큼 매집을 하려면 작업이 원활하게 이루어지지 않을 수도 있습니다.","피레에프스 항구 외곽에 있는 콘도에 도착한 혁권은 더운물을 받은 욕조에 들어가 몸을 눕히곤 오랜 비행에 쌓인 피로를 풀었다.","잘만하면 다시 대량으로 물자를 거래할 수 있는 길이 열리는 거니까 충분히 위험을 감수할 값어치가 있어.","태울 사람을 기다리며 차례대로 길게 늘어선 자동차의 행렬들 가운데, 자말의 얼굴을 발견한 혁권이 손을 흔들었다.","혁권도 어디 가서 괜한 시비에 휘말리지 않을 정도로 건장한 체구를 가진 남성인데, 이 나이에도 물가에 내놓은 어린애 취급을 받고 있으니 조금 민망하기도 하고, 무엇보다 옆에 서 있는 하킴 보기가 부끄러웠다.","relationship","혁권도 어디 가서 괜한 시비에 휘말리지 않을 정도로 건장한 체구를 가진 남성인데, 이 나이에도 물가에 내놓은 어린애 취급을 받고 있으니 조금 민망하기도 하고, 무엇보다 옆에 서 있는 하킴 보기가 부끄러웠다.","지난번처럼 피레에프스 항구로 보내 주면 되나?","혁권도 어디 가서 괜한 시비에 휘말리지 않을 정도로 건장한 체구를 가진 남성인데, 이 나이에도 물가에 내놓은 어린애 취급을 받고 있으니 조금 민망하기도 하고, 무엇보다 옆에 서 있는 하킴 보기가 부끄러웠다.","지난번처럼 피레에프스 항구로 보내 주면 되나?","GA-A25","0.89"
"129","대망 129화","","19241","19396","이야기를 들은 홍성완 부장은 입이 귀에 걸렸다.","이어서 내민 손에 혁권 역시 재킷 안쪽에서 무기를 꺼내 올려놓았으나, 맨 마지막에 선 하킴은 영 불만스러운 표정을 짓고 있다가 눈총을 받고 나서야 겨우 못마땅한 표정으로 무장을 풀었다…","이것만 봐도 이번 거래를 통해 미스라타 항구를 이용할 수 있게 되면 얼마나 많은 이득이 될지 계산이 나왔다.","이어서 내민 손에 혁권 역시 재킷 안쪽에서 무기를 꺼내 올려놓았으나, 맨 마지막에 선 하킴은 영 불만스러운 표정을 짓고 있다가 눈총을 받고 나서야 겨우 못마땅한 표정으로 무장을 풀었다.","불황으로 실적이 갈수록 떨어지고 있을 때 적지 않은 액수의 오더를 계속해서 내주는 혁권이 홍성완 부장은 아주 예뻐서 죽을 것 같았다.","그래서 말인데 무기 거래를 해 볼 생각은 없소?","일이 마무리되자 혁권은 5만 달러가 든 봉투를 건넸다.","money","일이 마무리되자 혁권은 5만 달러가 든 봉투를 건넸다.","무기 거래는 밀수와 비교도 안 될 정도로 위험 부담이 커서 안 그래도 꺼려지는데 대금까지 현물로 가져가라고 하자, 혁권은 머리를 절레절레 흔들었다.","일이 마무리되자 혁권은 5만 달러가 든 봉투를 건넸다.","무기 거래는 밀수와 비교도 안 될 정도로 위험 부담이 커서 안 그래도 꺼려지는데 대금까지 현물로 가져가라고 하자, 혁권은 머리를 절레절레 흔들었다.","GA-A25","0.89"
"130","대망 130화","","19397","19547","유가가 높기라도 하면 조금 끌릴 수도 있었지만, 지금은 배럴당 3~40달러를 오르내릴 정도로 바닥이라 전혀 메리트가 없었다.","자말을 비롯한 부하들도 바짝 긴장한 채 오른손으로 언제든지 무기를 꺼내 들 준비를 했다.; 보스께서 안 하시더라도 결국 다른 사람이 했을 것 아닙니까. 그리고 무기 거래는 다른 것보다 떨어지는 것이 많으니 마다할 이유가 없지요.","혁권 — 무기를 구하려면 별도의 루트를 찾아야 하지 않겠습니까?","자말을 비롯한 부하들도 바짝 긴장한 채 오른손으로 언제든지 무기를 꺼내 들 준비를 했다.","보스께서 안 하시더라도 결국 다른 사람이 했을 것 아닙니까. 그리고 무기 거래는 다른 것보다 떨어지는 것이 많으니 마다할 이유가 없지요.","거듭된 거절에 알할부시는 시가 끝을 질끈 깨물곤 마지막 제안을 건넸다.","혁권 — 배럴당 10달러면 제안을 받아들이도록 하죠.","money","혁권 — 배럴당 10달러면 제안을 받아들이도록 하죠.","부하들의 대답을 들으며 고개를 돌린 혁권은 당당하게 말했다.","배럴당 10달러면 제안을 받아들이도록 하죠.","부하들의 대답을 들으며 고개를 돌린 혁권은 당당하게 말했다.","GA-A25","0.89"
"131","대망 131화","미스라타 전투Ⅰ","19548","19702","사내들이 혁권을 데려간 곳은 선착장 한쪽에 세워진 벤이었다.","미스라타 전투Ⅰ — 어렵게 무기상을 통할 필요 없이 그는 CIA에서 구해 주는 걸 그냥 받아서 미스라타 민병대에 넘기기만 하면 됐다.","미국이 트리폴리 정부를 지원해 주는 것처럼 CIA도 미스라타 민병대를 비롯한 리비아 내 온건 무장 세력들의 힘을 키워서, 어느새 중동을 넘어 북아프리카로 급격하게 세력을 넓히고 있는 IS를 견제하려는 거였다.","어렵게 무기상을 통할 필요 없이 그는 CIA에서 구해 주는 걸 그냥 받아서 미스라타 민병대에 넘기기만 하면 됐다.","안타깝게도 여러 가지 사정 때문에 직접 군대를 파병할 수는 없지만, 골칫거리인 IS가 리비아로 세력을 확장하는 걸 그냥 놔둘 수는 없으니까요. 적의 적은 친구라는 이야기도 있지 않습니까.","뜻밖의 제안에 그는 눈을 가늘게 떴다.","혁권 — 유가가 폭락했다지만 배럴당 30달러로 계산해도 1천만 달러 한화로 약 171억 원이 넘는 거액이었다.","money","혁권 — 유가가 폭락했다지만 배럴당 30달러로 계산해도 1천만 달러 한화로 약 171억 원이 넘는 거액이었다.","브렌트유는 영국 북해 지역에서 생산되는 원유로, 미국의 서부 텍사스유 그리고 아랍에미리트 연방의 두바이유와 함께 세계 3대 유종으로 꼽혔다.","유가가 폭락했다지만 배럴당 30달러로 계산해도 1천만 달러 한화로 약 171억 원이 넘는 거액이었다.","브렌트유는 영국 북해 지역에서 생산되는 원유로, 미국의 서부 텍사스유 그리고 아랍에미리트 연방의 두바이유와 함께 세계 3대 유종으로 꼽혔다.","GA-A26","0.92"
"132","대망 132화","","19703","19842","특히 브렌트유는 유럽과 아프리카에서 생산 거래되는 원유의 가격을 결정하는 기존이었다.","기다렸다는 듯이 원유를 구매하겠다는 최필성의 연락이 왔고 그는 바로 CIA가 만들어 준 가짜 원유 매입 확인서를 복사해 한국으로 보내 줬다.; 다음 날 혁권은 이집트로 갈 화물을 선적하느라 바쁜 자말을 놔두고 하킴만 대동한 채 피레에프스 항구 외곽에 있는 창고 지역으로 갔다.","무기 대금을 지급하려면 원유를 가져와서 팔아야 하는데 알다시피 운항 위험 지역인 미스라타로 누가 선뜻 가려고 하겠소. 그렇다고 적당한 유조선을 구할 때까지 마냥 기다릴 수도 없고…","기다렸다는 듯이 원유를 구매하겠다는 최필성의 연락이 왔고 그는 바로 CIA가 만들어 준 가짜 원유 매입 확인서를 복사해 한국으로 보내 줬다.","다음 날 혁권은 이집트로 갈 화물을 선적하느라 바쁜 자말을 놔두고 하킴만 대동한 채 피레에프스 항구 외곽에 있는 창고 지역으로 갔다.","샌더슨을 항구에서 기다리고 있었을 때부터 짐작한 거였지만 혁권은 CIA가 미스라타 민병대 내부에 그것도 상당히 고위직에 정보원을 심어 두고 있다는 걸 확신했다.","샌더슨 — 사전에 이야기한 대로 배럴당 30달러로 해서 총매입금액은 1,500만 달러였다.","money","샌더슨 — 사전에 이야기한 대로 배럴당 30달러로 해서 총매입금액은 1,500만 달러였다.","짧게 말한 혁권은 이내 몸을 돌려 경호원인 하킴과 함께 배에 올랐다.","사전에 이야기한 대로 배럴당 30달러로 해서 총매입금액은 1,500만 달러였다.","짧게 말한 혁권은 이내 몸을 돌려 경호원인 하킴과 함께 배에 올랐다.","GA-A26","0.89"
"133","대망 133화","","19843","19976","긴 뱃고동 소리와 함께 화물선이 선착장을 떠나 넓은 바다로 나가자 외항에 정박해 있던 커다란 유조선 한 척이 가까이 다가왔다.","우쭐한 얼굴로 따르는 이들과 동굴 바깥으로 나가는 자말을 지그시 쳐다본 무하마드는 싸늘한 목소리로 입을 열었다.; 딱 때를 맞춰서 적과 전투가 벌어지기 전에 필요한 무기를 가져왔으니 혁권이 구세주처럼 느껴졌다.","자말한테 작업을 맡긴 혁권은 하킴만 데리고 스와이단과 함께 배에서 내렸다.","우쭐한 얼굴로 따르는 이들과 동굴 바깥으로 나가는 자말을 지그시 쳐다본 무하마드는 싸늘한 목소리로 입을 열었다.","딱 때를 맞춰서 적과 전투가 벌어지기 전에 필요한 무기를 가져왔으니 혁권이 구세주처럼 느껴졌다.","오랜 내전에 카다피 군한테서 빼앗은 군수품이 거의 바닥을 드러내고 있던 미스라타 민병대한테 이번 거래는 가뭄 속의 단비나 마찬가지였다.","혁권 — 특히 RPG-7 탄두와 박격포탄을 대거 확보하게 되면서 부족한 화력을 상당 부분 보충할 수 있게 됐다.","money","혁권 — 특히 RPG-7 탄두와 박격포탄을 대거 확보하게 되면서 부족한 화력을 상당 부분 보충할 수 있게 됐다.","두툼한 시가를 하나 꺼내 든 알할부시는 코에다 가져가 진한 향을 맡아 보곤 흡족한 표정을 지었다.","특히 RPG-7 탄두와 박격포탄을 대거 확보하게 되면서 부족한 화력을 상당 부분 보충할 수 있게 됐다.","두툼한 시가를 하나 꺼내 든 알할부시는 코에다 가져가 진한 향을 맡아 보곤 흡족한 표정을 지었다.","GA-A26","0.89"
"134","대망 134화","","19977","20121","시가 선물에 기분이 더 좋아진 알할부시는 목젖이 보일 정도로 크게 웃음을 터트렸다.","작업을 감독하고 있던 자말은 고개를 들어 시내 쪽을 바라보면서 딱딱하게 얼굴을 굳혔다.; 알할부시와 다른 이들이 그 말뜻을 채 이해하기도 전에 엄청난 굉음과 함께 겨우 입구를 막고 있던 바리케이드를 뚫고 들이닥친 픽업트럭이 폭발했다.","예전 군 시절 계급을 부르면서 좀처럼 물러서려고 하지 않자 자말이 정색했다.","작업을 감독하고 있던 자말은 고개를 들어 시내 쪽을 바라보면서 딱딱하게 얼굴을 굳혔다.","알할부시와 다른 이들이 그 말뜻을 채 이해하기도 전에 엄청난 굉음과 함께 겨우 입구를 막고 있던 바리케이드를 뚫고 들이닥친 픽업트럭이 폭발했다.","작게 머리를 끄덕인 자말은 어깨에 메고 있던 AK 자동소총의 노리쇠를 당기며 결연한 목소리로 말했다.","자말과 부하들한테 있어 혁권은 단순한 고용인이 아니었다.","relationship","자말과 부하들한테 있어 혁권은 단순한 고용인이 아니었다.","힘들게 고개를 드니 시야가 빙빙 돌았다.","자말과 부하들한테 있어 혁권은 단순한 고용인이 아니었다.","힘들게 고개를 드니 시야가 빙빙 돌았다.","GA-A26","0.89"
"135","대망 135화","","20122","20261","멀리서 들리는 외침조차 길게 늘어뜨린 필름처럼 알 수 없는 소리로 변환되어 웅웅거리는 가운데 보이는 모든 것이 느리게 움직이고 있는 것처럼 느껴졌다.","혁권도 가지고 있던 권총을 쏘다가 탄창이 모두 비어 슬라이드가 뒤로 젖히자 새 탄창을 꺼내려고 손을 주머니에 넣었다.; 급박한 상황에 알할부시까지 직접 권총을 쏘면서 부하들을 독려했지만, 적들의 돌격을 막기에는 역부족이었다.","그나마 상태가 멀쩡해 보이는 스와이단이 애써 격려하며 일어서려고 했지만, 부상 때문에 알할부시가 제대로 움직이지 못하는 것인지 팔에 몇 번 힘을 주다가 그대로 주저앉곤 하는 것을 반복했다.","혁권도 가지고 있던 권총을 쏘다가 탄창이 모두 비어 슬라이드가 뒤로 젖히자 새 탄창을 꺼내려고 손을 주머니에 넣었다.","급박한 상황에 알할부시까지 직접 권총을 쏘면서 부하들을 독려했지만, 적들의 돌격을 막기에는 역부족이었다.","순간 도와줄까 했지만, 이내 제 처지도 쉬운 형편은 아니라는 걸 새삼 깨달은 탓이다.","그 폭발의 와중에도 어떻게 살아남았는지 다리에서 피를 흘리고 있는 알할부시를 스와이단이 어깨를 감싸 안은 채 부축하고 있었다.","relationship","그 폭발의 와중에도 어떻게 살아남았는지 다리에서 피를 흘리고 있는 알할부시를 스와이단이 어깨를 감싸 안은 채 부축하고 있었다.","출혈이 그렇게 심하지는 않아 생명에는 지장이 없겠지만 빨리 제대로 된 치료를 받지 못한다면 한쪽 다리를 잘라 내야 할지도 몰랐다.","그 폭발의 와중에도 어떻게 살아남았는지 다리에서 피를 흘리고 있는 알할부시를 스와이단이 어깨를 감싸 안은 채 부축하고 있었다.","출혈이 그렇게 심하지는 않아 생명에는 지장이 없겠지만 빨리 제대로 된 치료를 받지 못한다면 한쪽 다리를 잘라 내야 할지도 몰랐다.","GA-A26","0.89"
"136","대망 136화","미스라타 전투Ⅱ","20262","20423","아까보다 한결 덜한 고통에 알할부시가 그를 보며 고마움을 표시하자 혁권은 바닥에 놔둔 AK 자동소총을 집어 들면서 말했다.","미스라타 전투Ⅱ — 그럼에도 불구하고 한 발 더 먼저 도착할 길은 없었을까 그렇게 자책하며 자말은 혁권을 찾아 고개를 이리저리 돌렸다.","혁권 — 운이 좋을 것 같으면 전투를 피해야지 가는 곳마다 이 모양이니 정말 굿이라도 한판 해야 할 것 같았다.","그럼에도 불구하고 한 발 더 먼저 도착할 길은 없었을까 그렇게 자책하며 자말은 혁권을 찾아 고개를 이리저리 돌렸다.","몸을 돌려 도망치려는 적군의 등짝에 총탄을 박아 준 자말이 모래주머니 뒤에 몸을 엄폐한 채 탄창을 새로 갈아 끼우고 있을 때 가까이 있던 부하가 그의 어깨를 툭 치면서 고함을 질렀다.","어찌 됐건 혁권만 구할 수 있으면 됐기에 자말은 잼이 걸리지 않게 손바닥으로 소총을 가볍게 치고는 몸을 일으켰다.","혁권 — 바로 사령부가 공격받고 있다는 소식을 듣고 급히 차출해서 달려온 민병대 지원 병력이었다.","relationship","혁권 — 바로 사령부가 공격받고 있다는 소식을 듣고 급히 차출해서 달려온 민병대 지원 병력이었다.","익숙한 목소리가 귀에 와닿았을 때, 자말의 어깨에서 힘이 빠졌다.","바로 사령부가 공격받고 있다는 소식을 듣고 급히 차출해서 달려온 민병대 지원 병력이었다.","익숙한 목소리가 귀에 와닿았을 때, 자말의 어깨에서 힘이 빠졌다.","GA-A26","0.92"
"137","대망 137화","","20424","20574","후둑후둑, 천정에서 뽀얀 시멘트 먼지가 떨어져 내렸다.","그제야 굳어 있던 얼굴을 펴던 자말은 혁권이 왼쪽 팔뚝에서 피를 흘리고 있는 걸 보고 놀라 물었다.; 반군의 기세가 높긴 하지만 민병대 역시 만만치 않죠. 싸움은 처음 기선 제압이 중요한데, 민병대가 잘 막아 낸 데다 여태껏 버티고 있으니…","크게 놀라지 않는 모습에 눈치 빠른 자말은 민병대와 뭔가 거래가 있었다는 걸 알아차렸다.","그제야 굳어 있던 얼굴을 펴던 자말은 혁권이 왼쪽 팔뚝에서 피를 흘리고 있는 걸 보고 놀라 물었다.","반군의 기세가 높긴 하지만 민병대 역시 만만치 않죠. 싸움은 처음 기선 제압이 중요한데, 민병대가 잘 막아 낸 데다 여태껏 버티고 있으니, 아무리 기습으로 허를 찔렀다 해도 어느 쪽이 확실한 우위를 점하기는 어려울 겁니다.","하역 작업을 감독하고 있던 자말이 그를 보곤 얼른 가까이 다가왔다.","혁권 — 민병대에 필요한 물품을 추가로 공급해 주기로 계약을 맺었어. 그리고 유조선을 끌고 온 김에 대금 대신 원유를 미리 받아 가기로 한 거야.","money","혁권 — 민병대에 필요한 물품을 추가로 공급해 주기로 계약을 맺었어. 그리고 유조선을 끌고 온 김에 대금 대신 원유를 미리 받아 가기로 한 거야.","총성과 폭음이 쉬지 않고 이어졌고 그때마다 누군가가 메마른 대지에 쓰러져 덧없이 목숨을 잃었다.","민병대에 필요한 물품을 추가로 공급해 주기로 계약을 맺었어. 그리고 유조선을 끌고 온 김에 대금 대신 원유를 미리 받아 가기로 한 거야.","총성과 폭음이 쉬지 않고 이어졌고 그때마다 누군가가 메마른 대지에 쓰러져 덧없이 목숨을 잃었다.","GA-A26","0.89"
"138","대망 138화","","20575","20721","제대로 치우지 못해 얼마 전에 있었던 습격의 흔적이 고스란히 남아 있는 사령부로 돌아온 알할부시는 속속 전해지는 전투 상황을 보고 받으면서 이맛살을 찡그렸다.","그토록 조심하라고 귀가 닳도록 말해도 귓등으로도 듣지 않는 혁권의 태도에 자말은 허탈한 듯 혀를 차고는 어쩔 수 없이 남은 사람들을 향해 돌아섰다.; 허리에 권총을 차고 한쪽 손에 AK47 자동소총까지 든 혁권을 보고 자말이 놀라서 다가왔다.","작업을 독려하기 위해 자말이 선원들한테로 가자 혁권은 제발 걱정이 기우에 그치기를 바라면서 미스라타 시가지를 바라봤다.","그토록 조심하라고 귀가 닳도록 말해도 귓등으로도 듣지 않는 혁권의 태도에 자말은 허탈한 듯 혀를 차고는 어쩔 수 없이 남은 사람들을 향해 돌아섰다.","허리에 권총을 차고 한쪽 손에 AK47 자동소총까지 든 혁권을 보고 자말이 놀라서 다가왔다.","그제야 상황을 알아차린 자말의 얼굴이 급격하게 굳어졌다.","일단 적을 격퇴하는 데 성공한 혁권은 부하들과 함께 민병대와 합류했다.","relationship","일단 적을 격퇴하는 데 성공한 혁권은 부하들과 함께 민병대와 합류했다.","그중에서도 몇몇은 지금 당장 응급실에 실려 가야 할 정도로 위급해 보이는지라 혁권은 이맛살을 찡그리며 말을 이었다.","일단 적을 격퇴하는 데 성공한 혁권은 부하들과 함께 민병대와 합류했다.","그중에서도 몇몇은 지금 당장 응급실에 실려 가야 할 정도로 위급해 보이는지라 혁권은 이맛살을 찡그리며 말을 이었다.","GA-A26","0.89"
"139","대망 139화","","20722","20864","희망적인 이야기에 혁권의 표정이 살짝 펴졌다.","여기에 알할부시가 보내 주기로 했다는 지원 병력까지 도착한다면 방어선이 더욱 튼튼해질 터였다.; 선착장에 내린 무기들 가운데 기관총과 RPG-7 발사기를 가져와 배치해 둬서 철옹성까지는 아니더라도 충분히 적을 상대해 볼 만했다.","저항 의지를 일거에 꺾어 버릴 회심의 일격이 무위로 돌아간 상황이라 무하마드 입장에서는 정말 분통이 터질 수밖에 없었다.","여기에 알할부시가 보내 주기로 했다는 지원 병력까지 도착한다면 방어선이 더욱 튼튼해질 터였다.","선착장에 내린 무기들 가운데 기관총과 RPG-7 발사기를 가져와 배치해 둬서 철옹성까지는 아니더라도 충분히 적을 상대해 볼 만했다.","혁권이 상대를 호출하며 무전기 송신 버튼에서 손가락을 떼자 얼마 있지 않아 자말의 목소리가 스피커에서 들렸다.","미스라타가 아무리 넓다고 해도 그 정도 시간이라면 벌써 도착하고도 남았다.","relationship","미스라타가 아무리 넓다고 해도 그 정도 시간이라면 벌써 도착하고도 남았다.","채 몇 발자국도 못 가서 적이 쏜 총탄에 맞아 비명을 내지르면서 앞으로 고꾸라지듯 쓰러졌다.","미스라타가 아무리 넓다고 해도 그 정도 시간이라면 벌써 도착하고도 남았다.","채 몇 발자국도 못 가서 적이 쏜 총탄에 맞아 비명을 내지르면서 앞으로 고꾸라지듯 쓰러졌다.","GA-A26","0.89"
"140","대망 140화","","20865","21019","나타난 적들이 총을 쏜 거였다.","길게 숨을 내뱉으며 흥분을 가라앉힌 혁권은 손을 뻗어 옆에서 한쪽 무릎을 꿇은 자세로 앉아 자동소총을 쏘고 있는 하킴의 어깨를 가볍게 쳤다.; 주위에 있는 적병들이 공격을 방해하려는 듯 마구 총격을 가했다.","빗발같이 쏟아지는 총알 세례에 목숨이 위험한 상황이었으나 그럼에도 불구하고 혁권은 제 몸을 가릴 생각조차 하지 않은 채 적을 향해 방아쇠를 당겼다.","길게 숨을 내뱉으며 흥분을 가라앉힌 혁권은 손을 뻗어 옆에서 한쪽 무릎을 꿇은 자세로 앉아 자동소총을 쏘고 있는 하킴의 어깨를 가볍게 쳤다.","주위에 있는 적병들이 공격을 방해하려는 듯 마구 총격을 가했다.","몇 명의 목숨을 한순간에 앗아간 적 전차의 시커먼 실루엣을 노려보며 RPG 발사기를 꽉 움켜쥔 혁권은 짧게 소리를 치면서 앞으로 뛰쳐나갔다.","혁권 — 마치 불사신이라도 되는 양 격파되지 않고 멀쩡하게 살아 움직이는 적 전차의 모습에 분노와 오기가 뒤섞인 감정이 그를 마구 충동질했다.","relationship","혁권 — 마치 불사신이라도 되는 양 격파되지 않고 멀쩡하게 살아 움직이는 적 전차의 모습에 분노와 오기가 뒤섞인 감정이 그를 마구 충동질했다.","상처 입은 맹수처럼 으르릉거리는 엔진 음을 내면서 전차가 움직이는 것과 동시에 강철로 만들어진 궤도가 끊어져 힘없이 바닥에 떨어졌다.","마치 불사신이라도 되는 양 격파되지 않고 멀쩡하게 살아 움직이는 적 전차의 모습에 분노와 오기가 뒤섞인 감정이 그를 마구 충동질했다.","상처 입은 맹수처럼 으르릉거리는 엔진 음을 내면서 전차가 움직이는 것과 동시에 강철로 만들어진 궤도가 끊어져 힘없이 바닥에 떨어졌다.","GA-A26","0.89"
"141","대망 141화","","21020","21170","바퀴도 부서졌는지 전차는 움직이지 못하고 그대로 멈춰 서버렸다.","낮에 사령부를 공격할 때 그를 방해하며 악착같이 저항했던 혁권의 얼굴을 단번에 알아본 자심은, 눈에 핏발을 세운 채 방아쇠를 당겼다.; 반사적으로 자세를 낮추면서 고개를 돌리자 길 건너편 잔해더미 뒤에 적들 사이로 건장한 체격의 사내가 AK 자동소총을 손에 들고 그를 겨누고 있는 것이…","어떻게든 해결책을 찾기 위해 살짝 머리만 들고 주위를 둘러볼 때 하킴이 그가 버려둔 RPG 발사기를 집어 드는 것이 보였다.","낮에 사령부를 공격할 때 그를 방해하며 악착같이 저항했던 혁권의 얼굴을 단번에 알아본 자심은, 눈에 핏발을 세운 채 방아쇠를 당겼다.","반사적으로 자세를 낮추면서 고개를 돌리자 길 건너편 잔해더미 뒤에 적들 사이로 건장한 체격의 사내가 AK 자동소총을 손에 들고 그를 겨누고 있는 것이 보였다.","바닥에 흩어진 깨진 벽돌과 콘크리트 조각을 밟으면서 모습을 드러낸 BMP-3는 차체 위에 납작한 포탑이 있어 마치 전차처럼 느껴졌다.","혁권 — 투입했던 전차와 장갑차 들이 모두 격파당하고 공격이 돈좌된 상태입니다. 거기다….","relationship","혁권 — 투입했던 전차와 장갑차 들이 모두 격파당하고 공격이 돈좌된 상태입니다. 거기다….","요란한 총성까지 점점 가까워지자 부관이 다급한 얼굴로 입을 열었다.","투입했던 전차와 장갑차 들이 모두 격파당하고 공격이 돈좌된 상태입니다. 거기다….","요란한 총성까지 점점 가까워지자 부관이 다급한 얼굴로 입을 열었다.","GA-A26","0.89"
"142","대망 142화","조짐","21171","21305","부관이 필사적으로 설득했지만, 악에 받친 자심은 이성적인 판단을 내리지 못했다.","조짐 — 얼른 대답한 하킴이 무전기로 지시를 전파하자 그는 물끄러미 불길이 넘실거리는 시가지를 바라보다가 반쯤 피운 담배를 바닥에 버리고는 구둣발로 비벼 껐다.","마지막으로 하나 남은 것이라서 그럴까, 어쩐지 평소보다 더욱 쓰게 느껴지는 담배 연기를 폐 속 깊숙이 들이마시며 혁권이 시선을 멀리 던졌다.","얼른 대답한 하킴이 무전기로 지시를 전파하자 그는 물끄러미 불길이 넘실거리는 시가지를 바라보다가 반쯤 피운 담배를 바닥에 버리고는 구둣발로 비벼 껐다.","마침 공격해 왔던 적이 큰 피해를 보고 물러나면서 부두 주변 지역의 전투도 소강상태였기에 시기도 딱 좋았다.","오늘은 때가 안 좋은 것 같으니 이쯤 하도록 하지요. 대신 마음이 바뀌면 언제든 연락을 주시오.","당장 며칠 뒤에 이집트 공사 현장으로 가는 건설 자재와 밀수품을 실어 날라야 하는 상황에서 구원투수로 등장한 것이 바로 케노스 함장과 포세이돈 함 선원들이었다.","relationship","당장 며칠 뒤에 이집트 공사 현장으로 가는 건설 자재와 밀수품을 실어 날라야 하는 상황에서 구원투수로 등장한 것이 바로 케노스 함장과 포세이돈 함 선원들이었다.","배가 다르기는 했지만, 다들 해군에 있을 때 화물선과 같은 일반 동력선을 타 본 경험이 있었기에 어렵지 않게 적응할 수 있었다.","당장 며칠 뒤에 이집트 공사 현장으로 가는 건설 자재와 밀수품을 실어 날라야 하는 상황에서 구원투수로 등장한 것이 바로 케노스 함장과 포세이돈 함 선원들이었다.","배가 다르기는 했지만, 다들 해군에 있을 때 화물선과 같은 일반 동력선을 타 본 경험이 있었기에 어렵지 않게 적응할 수 있었다.","GA-A27","0.92"
"143","대망 143화","","21306","21455","거기다 아무래도 관리가 필요한 외부 인원과 달리 그의 품 안에 있는 부하들이었기에 일을 믿고 맡길 수 있었다.","도시가 공격받는 상황이라 자칫 저장해 놓은 원유가 다 소실되어 버릴 수도 있었기에 알할부시의 지시로 최대한 많은 원유를 실어 지금 유조선은 탱크가 가득 찬 상태였다…","빠르게 달리는 차 안임에도 불구하고 앱을 동작시키는 것과 동시에 금방 인터넷에 연결되는 걸 보고 혁권은 새삼 한국에 돌아왔다는 것을 실감했다.","도시가 공격받는 상황이라 자칫 저장해 놓은 원유가 다 소실되어 버릴 수도 있었기에 알할부시의 지시로 최대한 많은 원유를 실어 지금 유조선은 탱크가 가득 찬 상태였다.","스마트폰을 든 채 혁권은 엄지손가락만 움직여서 선박 위치 추적 사이트로 들어간 뒤 원유를 실은 선박의 코드 번호를 눌렀다.","흐드러지게 피었던 꽃들은 어느새 그 자취를 감추고, 푸르렀던 가로수의 잎들은 모두 울긋불긋한 단풍으로 변한 것만이 시간의 흐름을 보여 주었다.","혁권 — 딸 같았으면 엄마 보고 싶었다며 살갑게 애교를 부릴 만도 한데, 안타깝게도 이 집은 아버지나 아들이나 둘 다 무뚝뚝했으니 오랜만에 주고받는 인사임에도 평소랑 크게 다를 것이 없었다.","money","혁권 — 딸 같았으면 엄마 보고 싶었다며 살갑게 애교를 부릴 만도 한데, 안타깝게도 이 집은 아버지나 아들이나 둘 다 무뚝뚝했으니 오랜만에 주고받는 인사임에도 평소랑 크게 다를 것이 없었다.","익숙한 집 냄새와 식탁에서 투덕거리시는 부모님의 모습에 혁권은 집에 돌아온 걸 실감하면서 저절로 입가에 미소가 지어졌다.","딸 같았으면 엄마 보고 싶었다며 살갑게 애교를 부릴 만도 한데, 안타깝게도 이 집은 아버지나 아들이나 둘 다 무뚝뚝했으니 오랜만에 주고받는 인사임에도 평소랑 크게 다를 것이 없었다.","익숙한 집 냄새와 식탁에서 투덕거리시는 부모님의 모습에 혁권은 집에 돌아온 걸 실감하면서 저절로 입가에 미소가 지어졌다.","GA-A27","0.89"
"144","대망 144화","","21456","21596","시차 때문인지 아니면 집이라서 너무 편안해서 그랬는지 늦잠을 잔 혁권은 스마트폰 벨 소리에 눈을 떴다.","남을 속이지 못하는 정직한 성격 때문에 차 한 대 제대로 못 팔던 능력 없는 중고차 딜러였던 배도환은 혁권을 만나 삶이 완전히 바뀌었다.; 저들이 얼마나 집요하고 악독한 자들인지 나보다 더 잘 알 텐데요. 아마 그렇게 잠적하면 해외 지사를 총동원해서라도 오 과장님을 찾아낼 겁니다…","혁권 — 그렇게 하면 가뜩이나 아들한테 신세를 지려고 하지 않으시는 아버지께서 선물을 안 받으려고 하실 것이 뻔했기에 적당한 선에서 고른 거였다.","남을 속이지 못하는 정직한 성격 때문에 차 한 대 제대로 못 팔던 능력 없는 중고차 딜러였던 배도환은 혁권을 만나 삶이 완전히 바뀌었다.","저들이 얼마나 집요하고 악독한 자들인지 나보다 더 잘 알 텐데요. 아마 그렇게 잠적하면 해외 지사를 총동원해서라도 오 과장님을 찾아낼 겁니다. 간단하게 연줄을 동원해서 여권을 만료시켜 버리기만 해도 크게 곤란해지겠지요…","무슨 조짐이라도 있는 겁니까?","혁권 — 뒷돈을 받아 챙길 때는 언제고 새가슴처럼 안절부절못하는 모습에 그는 한심하다는 듯이 짧게 혀를 찼다.","relationship","혁권 — 뒷돈을 받아 챙길 때는 언제고 새가슴처럼 안절부절못하는 모습에 그는 한심하다는 듯이 짧게 혀를 찼다.","그렇다고 가족과 떨어져 생이별할 수는 없었다.","뒷돈을 받아 챙길 때는 언제고 새가슴처럼 안절부절못하는 모습에 그는 한심하다는 듯이 짧게 혀를 찼다.","그렇다고 가족과 떨어져 생이별할 수는 없었다.","GA-A27","0.89"
"145","대망 145화","","21597","21752","오윤태가 울상을 짓자 그는 누가 지나가는지 약간 떠들썩한 바깥을 곁눈질로 쳐다보곤 담담하게 말했다.","주차장을 빠져나와 세단이 큰길로 들어서자 팔짱을 낀 채 잠시 뭔가를 골똘히 생각하던 혁권이 안주머니에서 스마트폰을 꺼내 어딘가로 전화를 걸었다.; 불안해하면 자신도 모르는 사이에 실수를 범할 수도 있으니까 아무렇지도 않게 행동하세요. 그러면 저들도 섣불리 건드리지 못할 겁니다…","여기서 경찰에 신고하고 법적으로 일을 처리했다면 문제가 안 됐을 테지만 김종원 회장은 자식이 당한 걸 갚아 주겠다며 데리고 있던 경호원들을 풀어 상대편 사람들을 찾아냈다.","주차장을 빠져나와 세단이 큰길로 들어서자 팔짱을 낀 채 잠시 뭔가를 골똘히 생각하던 혁권이 안주머니에서 스마트폰을 꺼내 어딘가로 전화를 걸었다.","불안해하면 자신도 모르는 사이에 실수를 범할 수도 있으니까 아무렇지도 않게 행동하세요. 그러면 저들도 섣불리 건드리지 못할 겁니다. 반대로 오 과장님이 초조해하면 더욱 의심하고 파고들려 할 것입니다.","당장 모든 사실이 드러날 급박한 상황에 부닥친 것도 아닌데 예전부터 알던 오윤태한테 그렇게까지 하기는 싫었다.","호들갑을 떨면서 전화를 받은 이는 바로 마카오에서 사기도박판을 벌여 이동철을 한번 털어먹었을 때 알게 된 정킷방 모집책 방갑수였다.","money","호들갑을 떨면서 전화를 받은 이는 바로 마카오에서 사기도박판을 벌여 이동철을 한번 털어먹었을 때 알게 된 정킷방 모집책 방갑수였다.","마치 거울을 마주 보고 있는 것처럼 똑같이 닮은 그 모습에 두 사람은 은밀한 미소를 나누며 더욱 깊은 어둠 속으로 빠져들어 갔다.","호들갑을 떨면서 전화를 받은 이는 바로 마카오에서 사기도박판을 벌여 이동철을 한번 털어먹었을 때 알게 된 정킷방 모집책 방갑수였다.","마치 거울을 마주 보고 있는 것처럼 똑같이 닮은 그 모습에 두 사람은 은밀한 미소를 나누며 더욱 깊은 어둠 속으로 빠져들어 갔다.","GA-A27","0.89"
"146","대망 146화","","21753","21895","혁권이 일어났을 때, 바깥은 이미 훤하게 밝아 있었다.","혁권은 아버지의 손에 억지로 자동차 키를 쥐여 주고는 자기가 직접 팔을 이끌며 스마트키 버튼을 눌렀다.; 아버지가 신문 마지막 장을 덮는 것과 동시에 혁권이 슬그머니 일어나 기다렸다는 듯 말을 걸었다.","혁권 — 어쩐지 쉰다고 쉬어도 계속 피곤하더라니 그동안 쌓였던 여독이 한 번에 몰아닥치려고 그랬나 싶었다.","혁권은 아버지의 손에 억지로 자동차 키를 쥐여 주고는 자기가 직접 팔을 이끌며 스마트키 버튼을 눌렀다.","아버지가 신문 마지막 장을 덮는 것과 동시에 혁권이 슬그머니 일어나 기다렸다는 듯 말을 걸었다.","아버지가 일주일에 한 번씩은 꼭 세차하고, 내부 청소나 관리도 열심히 한 덕분에 겨우 영업을 할 수 있을 정도로 유지가 되는 것이지, 사실은 중고로 팔아도 아무도 안 받아 줄 정도로 제 수명을 다한 차였다.","혁권 — 정 무르고 싶으면 계약 위반으로 위약금을 내야 하는데 그럼 배보다 배꼽이 더 크다고요.","relationship","혁권 — 정 무르고 싶으면 계약 위반으로 위약금을 내야 하는데 그럼 배보다 배꼽이 더 크다고요.","두 사람 역시 정문까지 마중을 나온 직원의 도움을 받아 까다로운 보안 검사를 거치고 나서야 출입증을 받고 공장 안으로 들어갈 수 있었다.","정 무르고 싶으면 계약 위반으로 위약금을 내야 하는데 그럼 배보다 배꼽이 더 크다고요.","두 사람 역시 정문까지 마중을 나온 직원의 도움을 받아 까다로운 보안 검사를 거치고 나서야 출입증을 받고 공장 안으로 들어갈 수 있었다.","GA-A27","0.89"
"147","대망 147화","작전Ⅰ","21896","22044","공장 내부는 밖에서 보던 것보다 훨씬 더 넓었는데 사람보다 더 큰 쇠 파이프와 각종 시설물 들이 복잡하게 설치되어 처음 오는 사람은 자칫 길을 잃고 한참 헤맬 정도였다.","작전Ⅰ — 부하 직원 노트북을 두드려 온라인으로 대금을 이체시키고 얼마 있지 않아 혁권의 스마트폰에 입금 메시지가 들어왔다.","혁권 — 원유를 안정적으로 수급하기 위해서 도입처를 다변화시킬 계획이었는데, 괜찮은 상대 같아서 한 번 협상 해 보려고. 물론 이야기가 잘 성사되면 김 사장한테도 섭섭하지 않게 수수료를 챙겨 줄 생각이야.","부하 직원 노트북을 두드려 온라인으로 대금을 이체시키고 얼마 있지 않아 혁권의 스마트폰에 입금 메시지가 들어왔다.","앞서도 말씀드렸다시피 이번에 획득한 다이아몬드 광산의 가치가 수십억 달러에 이릅니다. 이 광산이 정상적으로 개발에 성공해서 채굴이 본격화된다면 TC인터내셔널은 그야말로 황금알을 낳는 거위가 될 것입니다…","스마트폰을 꺼낸 혁권은 액정을 확인하곤 통화 버튼을 눌렀다.","혁권 — 간단히 돈으로 환산하면 40~50억 달러 정도는 가뿐하게 넘을 겁니다. 물론 확인 매장량은 이것보다 더 적을 수 있지만… 그렇다고 해도 엄청난 액수인 건 분명하지요.","money","혁권 — 간단히 돈으로 환산하면 40~50억 달러 정도는 가뿐하게 넘을 겁니다. 물론 확인 매장량은 이것보다 더 적을 수 있지만… 그렇다고 해도 엄청난 액수인 건 분명하지요.","함께 있던 이동철이 얼른 말을 받았다.","간단히 돈으로 환산하면 40~50억 달러 정도는 가뿐하게 넘을 겁니다. 물론 확인 매장량은 이것보다 더 적을 수 있지만… 그렇다고 해도 엄청난 액수인 건 분명하지요.","함께 있던 이동철이 얼른 말을 받았다.","GA-A28","0.92"
"148","대망 148화","","22045","22200","작게 머리를 끄덕인 김인철은 뒤로 등을 기대면서 말했다.","이처럼 꼬여 있는 지분 관계를 떠올린 김인철은, 못마땅한 얼굴로 소파 팔걸이 끝을 손가락으로 툭툭 두드리다가 이내 고개를 다시 들었다.; 시장 감시 위원회는 상장주식 및 선물, 옵션거래에서 매매와 호가 상황에 이상한 움직임이 있으면 그걸 감시하고 조사 분석해…","한편 서울로 돌아온 혁권은 무기 대금을 정산하기 위해 내키지 않았지만, CIA 요원인 샌더슨에게 연락을 취했다.","이처럼 꼬여 있는 지분 관계를 떠올린 김인철은, 못마땅한 얼굴로 소파 팔걸이 끝을 손가락으로 툭툭 두드리다가 이내 고개를 다시 들었다.","시장 감시 위원회는 상장주식 및 선물, 옵션거래에서 매매와 호가 상황에 이상한 움직임이 있으면 그걸 감시하고 조사 분석해, 필요한 조처를 하는 임무를 맡은 기구였다.","미스터 김, 그렇지 않아도 연락을 기다리고 있었소이다. 어떻게, 지난번 제안은 생각해 봤소?","이동철 — 750만 달러가 다 들어왔소. 일 처리 하나는 확실하구먼.","money","이동철 — 750만 달러가 다 들어왔소. 일 처리 하나는 확실하구먼.","화르륵 타들어 가는 명함을 탁자에 있는 크리스털 재떨이에 던져 넣자, 불길이 천천히 삭아 들다 이내 재만 남기곤 사라졌다.","750만 달러가 다 들어왔소. 일 처리 하나는 확실하구먼.","화르륵 타들어 가는 명함을 탁자에 있는 크리스털 재떨이에 던져 넣자, 불길이 천천히 삭아 들다 이내 재만 남기곤 사라졌다.","GA-A28","0.89"
"149","대망 149화","","22201","22352","그걸 가만히 바라보고 있을 때 하킴이 조용히 옆으로 다가왔다.","몸을 뒤로 기대면서 그가 눈짓하자 한쪽에 서 있던 하킴이 안주머니에서 명함이 든 플라스틱 케이스를 꺼내 카민스키 앞에 내려놨다.; 아무리 동요를 감추려고 해도 순간적으로 드러난 미세한 균열을 재빠르게 눈치챈 카민스키의 얼굴이 우월감으로 물들었다.","혁권을 찾아온 백인 중년인의 본명은 카민스키로 뒤 세계에서 꽤 알아주는 화이트칼라 사기꾼이었다.","몸을 뒤로 기대면서 그가 눈짓하자 한쪽에 서 있던 하킴이 안주머니에서 명함이 든 플라스틱 케이스를 꺼내 카민스키 앞에 내려놨다.","아무리 동요를 감추려고 해도 순간적으로 드러난 미세한 균열을 재빠르게 눈치챈 카민스키의 얼굴이 우월감으로 물들었다.","미국에서 10년 가까이 주재원 생활을 했었기에 이동철은 통역을 거치지 않고 카민스키와 바로 대화를 하는 데 아무런 불편을 느끼지 않았다.","이동철 — 황량한 초원을 어슬렁거리면서 돌아다니는 하이에나처럼 먹잇감을 찾던 다른 작전 세력들까지 뭔가 작업이 진행 중이라는 걸 눈치채고는 너도나도 끼어들어 매입에 나섰다.","money","이동철 — 황량한 초원을 어슬렁거리면서 돌아다니는 하이에나처럼 먹잇감을 찾던 다른 작전 세력들까지 뭔가 작업이 진행 중이라는 걸 눈치채고는 너도나도 끼어들어 매입에 나섰다.","아니, 애초에 시장 감시 위원회가 아닌 그에게 연락 한 것부터가 모종의 거래를 원한다는 뜻이었다.","황량한 초원을 어슬렁거리면서 돌아다니는 하이에나처럼 먹잇감을 찾던 다른 작전 세력들까지 뭔가 작업이 진행 중이라는 걸 눈치채고는 너도나도 끼어들어 매입에 나섰다.","아니, 애초에 시장 감시 위원회가 아닌 그에게 연락 한 것부터가 모종의 거래를 원한다는 뜻이었다.","GA-A28","0.89"
"150","대망 150화","","22353","22492","긴장한 표정을 짓고 있는 이동철을 보며 카민스키가 말했다.","준비해 온 계약서를 꺼내자 오대철은 혹시나 독소 조항이 있는지 내용을 꼼꼼하게 살펴보곤 서명을 했다.; 두 배도 적은 액수는 아니었지만 카민스키가 지적한 대로 주가가 본격적인 랠리를 타기 시작한 이상 그 이상으로 뛰어오르는 건 시간문제였다.","나이가 훨씬 많은 오대철이었지만 혁권한테 조금이라도 더 좋은 이미지를 주기 위해서 애를 썼다.","준비해 온 계약서를 꺼내자 오대철은 혹시나 독소 조항이 있는지 내용을 꼼꼼하게 살펴보곤 서명을 했다.","두 배도 적은 액수는 아니었지만 카민스키가 지적한 대로 주가가 본격적인 랠리를 타기 시작한 이상 그 이상으로 뛰어오르는 건 시간문제였다.","상념에서 깨어난 혁권은 소매를 걷어 손목에 찬 시계를 확인하고 운전대를 잡은 하킴을 보며 말했다.","소파에서 일어난 혁권은 오대철과 악수를 하는 것으로 계약을 마무리 지었다.","money","소파에서 일어난 혁권은 오대철과 악수를 하는 것으로 계약을 마무리 지었다.","한심하다는 듯 김인철이 퉁명스럽게 말했다.","소파에서 일어난 혁권은 오대철과 악수를 하는 것으로 계약을 마무리 지었다.","한심하다는 듯 김인철이 퉁명스럽게 말했다.","GA-A28","0.89"
"151","대망 151화","","22493","22656","회사를 나온 이후로 매일 술을 마시고 최근에는 TC인터내셔널 일로 신경을 곤두세우다 보니 잠을 제대로 자지 못해 두 눈이 잔뜩 충혈되어 있었다.","오른쪽 팔을 들어 올린 김인철은 허공에서 주먹을 꽉 움켜쥐면서 말을 이었다.; 스피커에서 카민스키의 목소리가 들렸다.","김인철은 자신이 세운 계획과 미묘하게 어긋나는 이 상황이 마음에 들지 않았다.","오른쪽 팔을 들어 올린 김인철은 허공에서 주먹을 꽉 움켜쥐면서 말을 이었다.","스피커에서 카민스키의 목소리가 들렸다.","하필이면 이 시점에 나타나 이런 제안을 하는 것도 그렇고, 애초에 코스피 시장에서 아웃사이더인 TC인터내셔널 주식을, 마치 이럴 걸 알고 있었다는 듯이 보유한 게 아무래도 찝찝하단 말이야. 뒤통수를 맞는 건 한 번으로 족해.","김인철 — 에휴, 그건 그런데 요즘 돈 들어갈 데가 오죽 많아야 말이죠. 월급을 받아도 카드값에, 부모님 용돈에, 핸드폰 요금으로 매달 나가는 것만 생각하면… 으으.","money","김인철 — 에휴, 그건 그런데 요즘 돈 들어갈 데가 오죽 많아야 말이죠. 월급을 받아도 카드값에, 부모님 용돈에, 핸드폰 요금으로 매달 나가는 것만 생각하면… 으으.","보이진 않아도 득의만만하게 웃는 카민스키의 얼굴이 눈앞에 선연하게 떠오르는 듯했다.","에휴, 그건 그런데 요즘 돈 들어갈 데가 오죽 많아야 말이죠. 월급을 받아도 카드값에, 부모님 용돈에, 핸드폰 요금으로 매달 나가는 것만 생각하면… 으으.","보이진 않아도 득의만만하게 웃는 카민스키의 얼굴이 눈앞에 선연하게 떠오르는 듯했다.","GA-A28","0.89"
"152","대망 152화","작전Ⅱ","22657","22799","조건을 하나 걸더군요.","작전Ⅱ — 그래도 카민스키의 찌푸린 얼굴은 좀처럼 펴질 줄을 몰랐다.","같은 시간 카민스키는 이동철과 만나기 위해 강남에 있는 ‘풀하우스’라는 고급 룸살롱으로 들어섰다.","그래도 카민스키의 찌푸린 얼굴은 좀처럼 펴질 줄을 몰랐다.","감시가 약해졌다는 건 그만큼 오윤태에 대한 상대의 의심이 줄어들었다는 뜻이었기에 긍정적인 신호였다.","카민스키가 한쪽 다리를 반대편 무릎에 올리고는 상대를 바라보면서 입을 열었다.","첫 번째는 시에라리온 다이아몬드 광산 개발을 위해 1천만 달러 규모의 각종 장비를 발주한다는 거였다.","money","첫 번째는 시에라리온 다이아몬드 광산 개발을 위해 1천만 달러 규모의 각종 장비를 발주한다는 거였다.","그걸 보며 카민스키는 내심 비웃음을 지었다.","첫 번째는 시에라리온 다이아몬드 광산 개발을 위해 1천만 달러 규모의 각종 장비를 발주한다는 거였다.","그걸 보며 카민스키는 내심 비웃음을 지었다.","GA-A28","0.92"
"153","대망 153화","","22800","22943","다음 날 두 사람이 협의한 대로 TC인터내셔널은 외국계 투자자인 HK 펀드가 유상증자에 참여해서 새로 발행하는 주식 100만 주를 400만 달러에 인수한다는 공시를 발표했다.","가벼운 눈인사를 남기고 카민스키가 먼저 떠난 뒤, 혁권은 여전히 미동 없는 자세로 팔걸이를 톡톡 두드렸다.; 애초에 카민스키는 술, 여자, 담배, 도박 등 온갖 유흥거리는 다 섭렵한 사람이고, 혁권은 이 바닥에 발을 들인 것 치고는 꽤 바른 생활을 하는 축이었으니…","걱정과 달리 작전이 계획대로 착착 진행되자 욕심이 생긴 조현태가 유상증자 공시로 주가가 내려갔을 때 몰래 주식을 사 둔 것이다.","가벼운 눈인사를 남기고 카민스키가 먼저 떠난 뒤, 혁권은 여전히 미동 없는 자세로 팔걸이를 톡톡 두드렸다.","애초에 카민스키는 술, 여자, 담배, 도박 등 온갖 유흥거리는 다 섭렵한 사람이고, 혁권은 이 바닥에 발을 들인 것 치고는 꽤 바른 생활을 하는 축이었으니, 누가 누굴 지적할 형편이 못 되었다.","카민스키가 앞에 놓인 찻잔을 집어 들면서 말을 받았다.","조현태 — 작전에 필요한 지분 매입을 위해 40억을 빌려주고 한 달도 되지 않아 비록 평가 가치지만 훨씬 값비싼 주식을 받게 됐으니 크게 남는 장사를 한 거였다.","money","조현태 — 작전에 필요한 지분 매입을 위해 40억을 빌려주고 한 달도 되지 않아 비록 평가 가치지만 훨씬 값비싼 주식을 받게 됐으니 크게 남는 장사를 한 거였다.","거기다가 기관이 손을 댄다면 완전히 사라지지 않고 남아 있는 작전주라는 의심까지 어느 정도 희석할 수 있었다.","작전에 필요한 지분 매입을 위해 40억을 빌려주고 한 달도 되지 않아 비록 평가 가치지만 훨씬 값비싼 주식을 받게 됐으니 크게 남는 장사를 한 거였다.","거기다가 기관이 손을 댄다면 완전히 사라지지 않고 남아 있는 작전주라는 의심까지 어느 정도 희석할 수 있었다.","GA-A28","0.89"
"154","대망 154화","","22944","23105","기관도 바보가 아닌 이상 재무제표를 비롯한 각종 자료를 조금만 분석해 보면 이상하다는 걸 바로 알아차릴 수 있는 TC인터내셔널에 거액을 투자할 리가 없었다.","아까 은근슬쩍 작전주임을 비꼬았던 홍상중이 눈에 이채를 띠며 되묻자 이동철이 머리를 끄덕였다.; 지난번에 도시를 기습했던 IS 계열 반군들이 미스라타와 홈스 사이의 소도시를 점령한 채 산발적인 공격을 계속하고 있습니다…","작업을 하는 와중에도 혁권은 알할부시와의 약속을 지키기 위해서 주문받은 물품을 매입했다.","아까 은근슬쩍 작전주임을 비꼬았던 홍상중이 눈에 이채를 띠며 되묻자 이동철이 머리를 끄덕였다.","지난번에 도시를 기습했던 IS 계열 반군들이 미스라타와 홈스 사이의 소도시를 점령한 채 산발적인 공격을 계속하고 있습니다. 그 때문에 물류 이동이 막혀 도시 내부 상황이 점점 어려워지고 있습니다.","통화를 끝낸 혁권은 뜻밖의 상황에 얼굴을 굳히고는 나지막하게 혼잣말을 중얼거렸다.","혁권 — 그도 그럴 것이 수익률은 펀드매니저들을 평가하는 척도나 마찬가지였는데, 최근 세계적인 경제 불황으로 대부분 수익은 고사하고 손해를 줄이기에도 급급한 실정이었다.","money","혁권 — 그도 그럴 것이 수익률은 펀드매니저들을 평가하는 척도나 마찬가지였는데, 최근 세계적인 경제 불황으로 대부분 수익은 고사하고 손해를 줄이기에도 급급한 실정이었다.","전문가답게 단번에 정보의 값어치를 파악한 세 사람은 각자 머릿속으로 빠르게 계산기를 두드렸다.","그도 그럴 것이 수익률은 펀드매니저들을 평가하는 척도나 마찬가지였는데, 최근 세계적인 경제 불황으로 대부분 수익은 고사하고 손해를 줄이기에도 급급한 실정이었다.","전문가답게 단번에 정보의 값어치를 파악한 세 사람은 각자 머릿속으로 빠르게 계산기를 두드렸다.","GA-A28","0.89"
"155","대망 155화","","23106","23242","처음부터 제일 많은 관심을 보이던 홍상중이 앞으로 바짝 당겨 앉으면서 되묻자 이동철은 입꼬리를 살짝 말아 올렸다.","그러면서 이동철은 안주머니에서 인출 카드가 함께 들어가 있는 통장 3개를 꺼내 테이블 위에 내려놨다.; 그 때문인지 신중한 태도를 보이는 다른 두 사람과 달리 적극적으로 달려들었다.","여기까지 이야기를 한 이동철은 이제 결정을 내리라는 듯 허리를 펴며 세 사람을 바라봤다.","그러면서 이동철은 안주머니에서 인출 카드가 함께 들어가 있는 통장 3개를 꺼내 테이블 위에 내려놨다.","그 때문인지 신중한 태도를 보이는 다른 두 사람과 달리 적극적으로 달려들었다.","어차피 이동철에게서 화대를 받긴 할 테지만, 이중으로 돈을 뜯어내겠다는 속내가 그대로 드러났다.","그냥 아니라고 딱 잡아뗄까 하던 이동철은 이미 어느 정도 눈치를 채고 있는 분위기인 데다 재벌가 일원인 김인철이 관련됐다고 하면 상대가 더욱 신뢰할 것이었기에 살포시 미묘한 미소를 입가에 지으면서 말했다.","money","그냥 아니라고 딱 잡아뗄까 하던 이동철은 이미 어느 정도 눈치를 채고 있는 분위기인 데다 재벌가 일원인 김인철이 관련됐다고 하면 상대가 더욱 신뢰할 것이었기에 살포시 미묘한 미소를 입가에 지으면서 말했다.","어제 뉴욕 VIP룸에서 이동철과 펀드매니저들이 나눴던 대화가 고스란히 다 흘러나왔다.","그냥 아니라고 딱 잡아뗄까 하던 이동철은 이미 어느 정도 눈치를 채고 있는 분위기인 데다 재벌가 일원인 김인철이 관련됐다고 하면 상대가 더욱 신뢰할 것이었기에 살포시 미묘한 미소를 입가에 지으면서 말했다.","어제 뉴욕 VIP룸에서 이동철과 펀드매니저들이 나눴던 대화가 고스란히 다 흘러나왔다.","GA-A28","0.89"
"156","대망 156화","","23243","23361","한참 동안 가만히 녹음된 내용을 듣고 있던 혁권은 이어폰을 빼내면서 하얀 이빨을 살짝 드러내며 미소를 지었다.","방금 다툼이 있었던 것도 잊은 채 김인철과 조현태는 실내가 떠나가라 크게 웃음을 터트렸다.; 문제없을 겁니다. 우리나라에서 한 달에 폐차되는 자동차가 족히 수만 대는 될 테니까요. 하지만 이게 아무래도 중고다 보니까 판매 인증을 받기는 좀 어려울 수도 있습니다.","중고차를 매입하면서 인연을 맺은 배도환은 이제 그가 한국에서 필요한 물건을 구입하고 운송할 때마다 여러 가지 잡다한 업무를 전적으로 도맡아 하고 있었다.","방금 다툼이 있었던 것도 잊은 채 김인철과 조현태는 실내가 떠나가라 크게 웃음을 터트렸다.","문제없을 겁니다. 우리나라에서 한 달에 폐차되는 자동차가 족히 수만 대는 될 테니까요. 하지만 이게 아무래도 중고다 보니까 판매 인증을 받기는 좀 어려울 수도 있습니다.","어색해진 분위기 속에 곤혹스러운 표정을 짓던 이동철은 때마침 개장 시간이 임박한 걸 확인하곤 말했다.","TC인터내셔널과 김인철을 상대로 한 작업에 이번 화물 매입까지 상당한 액수의 돈이 지출됐지만, 그동안 벌어둔 자금이 충분해서 부담 될 정도는 아니었다.","money","TC인터내셔널과 김인철을 상대로 한 작업에 이번 화물 매입까지 상당한 액수의 돈이 지출됐지만, 그동안 벌어둔 자금이 충분해서 부담 될 정도는 아니었다.","예상치 못한 반응에 최원혁은 살짝 당황한 얼굴을 했다.","TC인터내셔널과 김인철을 상대로 한 작업에 이번 화물 매입까지 상당한 액수의 돈이 지출됐지만, 그동안 벌어둔 자금이 충분해서 부담 될 정도는 아니었다.","예상치 못한 반응에 최원혁은 살짝 당황한 얼굴을 했다.","GA-A28","0.89"
"157","대망 157화","","23362","23497","말이 끝나기 무섭게 과장이 손에 든 보고서를 던지듯 책상 위에 내려놓으면서 버럭 고함을 내질렀다.","혁권은 바닥에 이리저리 흩어져 있는 옷가지들을 지뢰 피하듯 까치발로 헤치고 나와선 옷장 앞에 앉아 있는 어머니 쪽으로 다가가 물었다.; 행여나 갈아입다가 실밥이 뜯어지지 않을지…","아마 어머니 나름대로 기준을 가지고 정리한 것일 테지만, 애초에 옷가지가 몇 개 없는 혁권이 보기엔 대체 저 많은 옷을 언제 다 입으려고 쌓아 두고 계시나 싶었다.","혁권은 바닥에 이리저리 흩어져 있는 옷가지들을 지뢰 피하듯 까치발로 헤치고 나와선 옷장 앞에 앉아 있는 어머니 쪽으로 다가가 물었다.","행여나 갈아입다가 실밥이 뜯어지지 않을지, 단추가 떨어지는 건 아닌지 걱정하면서 겨우 밖으로 나오니 기다리고 있던 혁권이 놀란 얼굴로 어머니를 맞이했다.","반짝반짝 빛나는 건물을 보자마자 새삼 집에서 입고 있던 옷차림 그대로 나온 것이 부끄러운 듯 민망해하는 어머니를 달래며 엘리베이터에 탄 혁권은 주저 없이 2층 여성복매장 버튼을 눌렀다.","혁권 — 아, 걱정하지 말라니깐. 돈 벌어서 이런 데 안 쓰고 얻다 써요.","relationship","혁권 — 아, 걱정하지 말라니깐. 돈 벌어서 이런 데 안 쓰고 얻다 써요.","손에 집히는 대로 턱턱 계산대에 던져 놓는 모양새를 보더니, 어머니가 기겁해선 달려왔다.","아, 걱정하지 말라니깐. 돈 벌어서 이런 데 안 쓰고 얻다 써요.","손에 집히는 대로 턱턱 계산대에 던져 놓는 모양새를 보더니, 어머니가 기겁해선 달려왔다.","GA-A28","0.89"
"158","대망 158화","탐욕의 끝","23498","23638","아무리 그래도 팔이 훤히 비쳐 보이는 블라우스와, 레이스가 치렁치렁한 새틴 스커트는 영 아니었다.","탐욕의 끝 — 박상빈 실장이 나가자 김종원 회장은 이내 흥미를 잃은 듯 TC인터내셔널에 관련된 기사가 실린 신문을 바닥에 있는 쓰레기통에 던져 넣었다.","혁권이 추적을 막기 위해 각종 방법을 써 놓은 데다 무엇보다 돈을 도둑맞은 사실을 외부에 드러낼 수가 없었기에 경찰이나 인터폴의 도움을 받지 않고 이채 계좌를 확인하고 뒤지는 일이 쉽지 않았다.","박상빈 실장이 나가자 김종원 회장은 이내 흥미를 잃은 듯 TC인터내셔널에 관련된 기사가 실린 신문을 바닥에 있는 쓰레기통에 던져 넣었다.","시에라리온에서 획득한 다이아몬드 광산의 엄청난 잠재 가치와 다국적 광물 기업인 앵글로아메리칸과의 협력으로 TC인터내셔널이 크게 성장할 거라는 장밋빛 미래의 기사가 도배되어 있었다.","조수석에 앉은 혁권이 하킴의 대답을 들으면서 고개를 돌리자 빨간색 벽돌로 지어진 4층짜리 빌라 건물이 눈에 들어왔다.","박상빈 — 만약 기사 내용이 사실이라면 그룹에서 계열 분리를 시키지 않았을 거고 담당자들 모두 문책을 받아야 마땅했다.","money","박상빈 — 만약 기사 내용이 사실이라면 그룹에서 계열 분리를 시키지 않았을 거고 담당자들 모두 문책을 받아야 마땅했다.","작게 머리를 끄덕인 혁권은 시선을 바로 하며 말했다.","만약 기사 내용이 사실이라면 그룹에서 계열 분리를 시키지 않았을 거고 담당자들 모두 문책을 받아야 마땅했다.","작게 머리를 끄덕인 혁권은 시선을 바로 하며 말했다.","GA-A29","0.92"
"159","대망 159화","","23639","23784","0.1초 차이로 거래가 성립되는 주식시장에서 빠르고 안전한 인터넷 회선은 기본 중의 기본이었다.","광케이블 중 하나가 빌라 옥상을 거쳐 302호로 들어가는 걸 확인한 하킴은 옷깃에 꽂아 놓은 핀 마이크를 빼서 입으로 가져가며 송신 버튼을 눌렀다.; 어떻게 범인을 잡아내야 할지 눈앞이 막막했지만, 이동철의 앞에서 못하겠다고 말을 할 배짱 따위 있을 리가 없었다.","혁권 — 곧장 매매 화면은 띄우고 TC인터내셔널의 현재 주가와 거래 상태를 확인한 그는 긴장을 풀기 위해 손가락을 오므렸다가 펴면서 혼잣말을 중얼거렸다.","광케이블 중 하나가 빌라 옥상을 거쳐 302호로 들어가는 걸 확인한 하킴은 옷깃에 꽂아 놓은 핀 마이크를 빼서 입으로 가져가며 송신 버튼을 눌렀다.","어떻게 범인을 잡아내야 할지 눈앞이 막막했지만, 이동철의 앞에서 못하겠다고 말을 할 배짱 따위 있을 리가 없었다.","LED가 꺼지는 걸 확인한 하킴은 단자함 뚜껑을 닫고는 재빨리 사다리를 타고 아래로 내려갔다.","혁권 — 스마트폰은 타인 명의로 된 대포폰이고 주식을 매도한 주체도 실체가 없는 페이퍼 컴퍼니인 데다 주식 매도금이 입금되면 바로 없애 버릴 거였기에 추적이 어려웠다.","money","혁권 — 스마트폰은 타인 명의로 된 대포폰이고 주식을 매도한 주체도 실체가 없는 페이퍼 컴퍼니인 데다 주식 매도금이 입금되면 바로 없애 버릴 거였기에 추적이 어려웠다.","그사이 다리를 건넌 봉고차는 오늘따라 탁 트인 도로를 빠르게 질주했다.","스마트폰은 타인 명의로 된 대포폰이고 주식을 매도한 주체도 실체가 없는 페이퍼 컴퍼니인 데다 주식 매도금이 입금되면 바로 없애 버릴 거였기에 추적이 어려웠다.","그사이 다리를 건넌 봉고차는 오늘따라 탁 트인 도로를 빠르게 질주했다.","GA-A29","0.89"
"160","대망 160화","","23785","23887","30대 중반의 길천우는 흔히 말하는 개미 투자자였다.","김인철 — 다들 주가가 더 오를 거라는 생각에 주식을 꽉 움켜쥐고 있는 바람에 눈을 씻고 찾아봐도 매도하려는 주식을 찾기 어려웠던 게 분위기가 완전히 달라진 것이다.; 당연히 미처 물량을 처분할 준비가 되지 못한 작전 세력이 방어에 나서겠지만…","지라시에는 TC인터내셔널이 다국적 광산 회사인 앵글로아메리칸과 맺은 MOU가 시에라리온 다이아몬드 개발 건에 대한 것이 아니라 단순한 업무 협조 정도에 불가하다는 것과 투자 담당 임원이 직접 자신들은 TC인터내셔널은 물론이고…","김인철 — 다들 주가가 더 오를 거라는 생각에 주식을 꽉 움켜쥐고 있는 바람에 눈을 씻고 찾아봐도 매도하려는 주식을 찾기 어려웠던 게 분위기가 완전히 달라진 것이다.","당연히 미처 물량을 처분할 준비가 되지 못한 작전 세력이 방어에 나서겠지만, 작은 구멍이 커다란 제방을 일순간에 무너뜨리듯 지금까지 인위적으로 쌓아 올린 TC인터내셔널이라는 모래성이 허물어지는 건 시간문제였다.","이미 분위기가 이상하게 돌아가는 걸 알아차렸는지 어느새 시장에서 매수 주문이 빠르게 줄어들고 있어 그게 가능할지는 미지수였다.","김인철 — 하락하고 있다지만 아직은 수익을 본 상태였기에 괜한 미련에 머뭇거리며 움켜쥐고 있지 않고 어떻게 해서든지 주식을 털어 버리려는 거였다.","money","김인철 — 하락하고 있다지만 아직은 수익을 본 상태였기에 괜한 미련에 머뭇거리며 움켜쥐고 있지 않고 어떻게 해서든지 주식을 털어 버리려는 거였다.","물끄러미 그런 이동철의 반응을 쳐다보던 김인철은 몸을 뒤로 기대면서 다시 입을 열었다.","하락하고 있다지만 아직은 수익을 본 상태였기에 괜한 미련에 머뭇거리며 움켜쥐고 있지 않고 어떻게 해서든지 주식을 털어 버리려는 거였다.","물끄러미 그런 이동철의 반응을 쳐다보던 김인철은 몸을 뒤로 기대면서 다시 입을 열었다.","GA-A29","0.89"
"161","대망 161화","","23888","24020","약간은 회의적인 이동철의 이야기에 김인철은 콧방귀를 뀌며 퉁명스럽게 말했다.","한편 승용차를 타고 이동하고 있다가 증권사에서 급히 걸려 온 전화를 받고 김인철과 통화를 했던 조현태는, 스마트폰으로 시시각각 아래로 곤두박질치고 있는 TC인터내셔널 주가에 입술이 바짝 타들어 갔다…","유상증자를 통해 TC인터내셔널에 들어온 자금을 김인철이 일부만 남겨 놓고 여러 명목으로 빼돌렸는데 이번에 통정 거래 대금으로 쓴 돈 역시 거기서 나온 거였다.","한편 승용차를 타고 이동하고 있다가 증권사에서 급히 걸려 온 전화를 받고 김인철과 통화를 했던 조현태는, 스마트폰으로 시시각각 아래로 곤두박질치고 있는 TC인터내셔널 주가에 입술이 바짝 타들어 갔다.","최근 가장 큰 이슈가 되고 있는 종목인 데다가 하루 사이에 최고가를 찍은 뒤 바로 하한가를 기록하는 롤러코스트를 타…","어찌 보면 내일이 TC인터내셔널 주가가 이대로 꺾이느냐 아니면 다시 살아나느냐가 결정되는 중요한 분기점이라고 할 수 있었다.","김인철 — 아직 가지고 있는 주식이 많았지만 그래도 일단은 이렇게 하면 초기에 투자한 돈은 모두 회수할 수 있었다.","money","김인철 — 아직 가지고 있는 주식이 많았지만 그래도 일단은 이렇게 하면 초기에 투자한 돈은 모두 회수할 수 있었다.","다국적 광업 회사인 앵글로아메리칸하고 맺은 MOU가 과장됐고 TC인터내셔널에 투자의사가 없다는 건 상당히 큰 악재가 아닌가요?","아직 가지고 있는 주식이 많았지만 그래도 일단은 이렇게 하면 초기에 투자한 돈은 모두 회수할 수 있었다.","다국적 광업 회사인 앵글로아메리칸하고 맺은 MOU가 과장됐고 TC인터내셔널에 투자의사가 없다는 건 상당히 큰 악재가 아닌가요?","GA-A29","0.89"
"162","대망 162화","","24021","24154","여자 아나운서의 지적에 오세민이 머리를 흔들었다.","한쪽 손을 들어 목에 매고 있던 넥타이를 느슨하게 푼 이동철은 담배를 한 개비 꺼내 입에 물었다.; 최종 결정권은 언제나 고객 본인한테 있는 것이고 TC인터내셔널이 작전주라는 걸 알았기에 딱히 더 이상 이야기를 하지 않았다.","혁권이 예상한 대로 상대는 하락으로 돌아선 주가를 회복시키기 위해서 동분서주하고 있었다.","한쪽 손을 들어 목에 매고 있던 넥타이를 느슨하게 푼 이동철은 담배를 한 개비 꺼내 입에 물었다.","최종 결정권은 언제나 고객 본인한테 있는 것이고 TC인터내셔널이 작전주라는 걸 알았기에 딱히 더 이상 이야기를 하지 않았다.","그렇지 않아도 연락을 드리려고 했습니다. 어제 TC인터내셔널 주가가 크게 꺾인 건 아시지요?","혁권 — 그런다고 상황이 수습되겠어요? 이러다간 펀드 수익률을 맞추기는커녕 TC인터내셔널 때문에 손해가 더 커지게 생겼단 말입니다.","money","혁권 — 그런다고 상황이 수습되겠어요? 이러다간 펀드 수익률을 맞추기는커녕 TC인터내셔널 때문에 손해가 더 커지게 생겼단 말입니다.","전화를 끊은 그는 입가에 짙은 미소를 머금은 채 3만 원 후반에서 등락을 거듭하는 TC인터내셔널 주가를 지그시 바라봤다.","그런다고 상황이 수습되겠어요? 이러다간 펀드 수익률을 맞추기는커녕 TC인터내셔널 때문에 손해가 더 커지게 생겼단 말입니다.","전화를 끊은 그는 입가에 짙은 미소를 머금은 채 3만 원 후반에서 등락을 거듭하는 TC인터내셔널 주가를 지그시 바라봤다.","GA-A29","0.89"
"163","대망 163화","","24155","24299","발표를 앞두고 대기실에 모인 두 사람은 약간 긴장한 기색을 띠고 있었다.","홀 한쪽에서 그런 모습을 몰래 지켜보던 김인철은 다시 자신감을 찾은 얼굴로 주먹을 꽉 움켜쥐었다.; 적극적으로 언론 플레이를 펼치고 매물을 주워 담은 덕분에 하락을 멈추고 3만 원 후반대에 머물면서 관망세를 유지하던 TC인터내셔널 주가는 조금씩 상승하기 시작했다.","김인철의 결단이 통했는지 신용거래까지 동원해 매도 물량을 쌍끌이로 거둬들이자 3만 원 후반대에서 엎치락뒤치락하던 주가가 완전히 상승 반전에 성공했다.","홀 한쪽에서 그런 모습을 몰래 지켜보던 김인철은 다시 자신감을 찾은 얼굴로 주먹을 꽉 움켜쥐었다.","적극적으로 언론 플레이를 펼치고 매물을 주워 담은 덕분에 하락을 멈추고 3만 원 후반대에 머물면서 관망세를 유지하던 TC인터내셔널 주가는 조금씩 상승하기 시작했다.","조금 더 이야기를 한 뒤 전화를 끊은 혁권이 슬쩍 TC인터내셔널 주가를 확인하자 막 41,000원을 넘어가면서 상승 폭을 키워나가고 있었다.","김인철이 작전을 시작하기 전에 주당 30센트 정도에 지분을 매입했으니까 불과 한 달 만에 거의 100배의 수익을 올린 것이다.","money","김인철이 작전을 시작하기 전에 주당 30센트 정도에 지분을 매입했으니까 불과 한 달 만에 거의 100배의 수익을 올린 것이다.","나지막하게 중얼거린 혁권은 대포폰을 들고는 어딘가로 전화를 걸었다.","김인철이 작전을 시작하기 전에 주당 30센트 정도에 지분을 매입했으니까 불과 한 달 만에 거의 100배의 수익을 올린 것이다.","나지막하게 중얼거린 혁권은 대포폰을 들고는 어딘가로 전화를 걸었다.","GA-A29","0.89"
"164","대망 164화","","24300","24456","무슨 이야기가 오갔는지 알기 힘들 정도로 짧은 통화를 끝낸 혁권은 소파 등받이에 몸을 기댄 채 HTS 화면을 가만히 지켜봤다.","이동철 — 전화벨 소리가 빗발치듯 울리는 가운데 증권사 객장에 있던 투자자들 상당수가 보유한 TC인터내셔널 주식을 팔기 위해 창구로 몰려가 목에 핏대를 세우고 있었다.; 이런 객장의 모습은 투자자의 불안감을 더욱 가중해 다시 TC인터내셔널에 대한 투매로 이어졌다.","이동철 — 분명 어떻게든 다시 주가를 띄워서 손해를 회복하려고 할 거라고. 봐. 아침에 터진 악재 때문에 다들 떨어지고 있는데 TC인터내셔널만 오르고 있잖아.","이동철 — 전화벨 소리가 빗발치듯 울리는 가운데 증권사 객장에 있던 투자자들 상당수가 보유한 TC인터내셔널 주식을 팔기 위해 창구로 몰려가 목에 핏대를 세우고 있었다.","이런 객장의 모습은 투자자의 불안감을 더욱 가중해 다시 TC인터내셔널에 대한 투매로 이어졌다.","마음 같아서는 결정적인 순간에 자신을 물 먹인 도노반이라는 놈을 잡아서 족치고 싶었지만, 지금은 그것보다 더 급한 일이 있었다.","확실한 판이라 생각하고 그동안 모아 놨던 재산과 태일 물산에서 나오며 받은 퇴직금까지 몽땅 다 TC인터내셔널 주식에 몰빵을 해 놓은 상태였기에 이대로 끝난다면 그야말로 알거지가 되게 생겼다.","money","확실한 판이라 생각하고 그동안 모아 놨던 재산과 태일 물산에서 나오며 받은 퇴직금까지 몽땅 다 TC인터내셔널 주식에 몰빵을 해 놓은 상태였기에 이대로 끝난다면 그야말로 알거지가 되게 생겼다.","확실한 판이라 생각하고 그동안 모아 놨던 재산과 태일 물산에서 나오며 받은 퇴직금까지 몽땅 다 TC인터내셔널 주식에 몰빵을 해 놓은 상태였기에 이대로 끝난다면 그야말로 알거지가 되게 생겼다.","마음 같아서는 결정적인 순간에 자신을 물 먹인 도노반이라는 놈을 잡아서 족치고 싶었지만, 지금은 그것보다 더 급한 일이 있었다.","확실한 판이라 생각하고 그동안 모아 놨던 재산과 태일 물산에서 나오며 받은 퇴직금까지 몽땅 다 TC인터내셔널 주식에 몰빵을 해 놓은 상태였기에 이대로 끝난다면 그야말로 알거지가 되게 생겼다.","GA-A29","0.89"
"165","대망 165화","인과응보","24457","24594","작전을 벌이기 위해 끌어모은 지분을 정리하기 전에 이동철이 개인적으로 가지고 있는 주식부터 처분하는 것이었다.","인과응보 — 이봐. 김인철 씨, 우리가 여기까지 찾아온 걸 보면 딱 감이 안 와? 그동안 TC인터내셔널을 가지고 장난치던 게 다 들켰다고. 증거까지 확실해서 빠져나가기 조금 힘들 테니까 각오하는 것이 좋을 거야. 아 참…","호재가 사라지고 매물이 쏟아지기는 했지만, TC인터내셔널 주가가 이렇게까지 빨리 주저앉은 건 김인철과 이동철이 검찰에 체포된 것이 결정적이었다.","이봐. 김인철 씨, 우리가 여기까지 찾아온 걸 보면 딱 감이 안 와? 그동안 TC인터내셔널을 가지고 장난치던 게 다 들켰다고. 증거까지 확실해서 빠져나가기 조금 힘들 테니까 각오하는 것이 좋을 거야. 아 참…","김인철과 이동철 둘 다 강남 오피스텔에 있다가 방금 검찰에 체포돼 연행됐습니다.","사실 검찰이 이렇게 발 빠르게(?) 움직인 건 다 이유가 있었는데 바로 혁권 때문이었다.","눈을 반짝인 카민스키가 서류 봉투를 열어 내용물을 꺼내자 액면가 10만 달러짜리 미국 재무부채권 열 장이 나왔다.","money","눈을 반짝인 카민스키가 서류 봉투를 열어 내용물을 꺼내자 액면가 10만 달러짜리 미국 재무부채권 열 장이 나왔다.","주먹을 꽉 움켜쥔 오종걸 검사는 한쪽 뺨을 실룩이면서 상대를 노려봤다.","눈을 반짝인 카민스키가 서류 봉투를 열어 내용물을 꺼내자 액면가 10만 달러짜리 미국 재무부채권 열 장이 나왔다.","주먹을 꽉 움켜쥔 오종걸 검사는 한쪽 뺨을 실룩이면서 상대를 노려봤다.","GA-A30","0.92"
"166","대망 166화","","24595","24743","50대 초반에 점잖은 인상의 이근홍 변호사는 부장검사 출신으로 현재 태일 그룹 법무팀에 소속되어 있었다.","예. 검찰에 라인을 가지고 있는 이근홍 변호사가 은밀히 알아낸 정보입니다. 이번 일과 전혀 상관이 없는 프랑스 은행에서 상당한 거액이 들어오고 나간 자료가 있어서 의아하게 여겼는데…; 검찰이 금융 계좌를 조회하는 과정에서 이동철 전무가 조세 회피 지역인 파나마에 페이퍼 컴퍼니를 다수 가…","TC인터내셔널과 관련된 자금 흐름을 파악하기 위해 검찰이 이동철의 금융 정보를 모두 뒤질 테니 그 과정에서 그룹 비자금이 드러나는 건 시간문제나 마찬가지였다.","예. 검찰에 라인을 가지고 있는 이근홍 변호사가 은밀히 알아낸 정보입니다. 이번 일과 전혀 상관이 없는 프랑스 은행에서 상당한 거액이 들어오고 나간 자료가 있어서 의아하게 여겼는데…","검찰이 금융 계좌를 조회하는 과정에서 이동철 전무가 조세 회피 지역인 파나마에 페이퍼 컴퍼니를 다수 가지고 있는 것이 드러났습니다.","박상빈 비서실장의 태도에 뭔가 있다는 걸 알아차린 김종원 회장이 고개를 들며 물었다.","소문에 검찰 조사를 받는 이동철 전무가 아무도 모르게 파나마에 페이퍼 컴퍼니를 만들어 뒀는데, 거기에 거액의 돈이 입금됐다가 빠져나간 흔적이 있다더군요. 그것도 스위스 은행에서 이체된 자금이 말입니다.","money","소문에 검찰 조사를 받는 이동철 전무가 아무도 모르게 파나마에 페이퍼 컴퍼니를 만들어 뒀는데, 거기에 거액의 돈이 입금됐다가 빠져나간 흔적이 있다더군요. 그것도 스위스 은행에서 이체된 자금이 말입니다.","속이 타는지 앞에 놓인 찻잔을 한 번에 다 들이켠 오윤태 과장은 정색하며 쏘아붙이듯 말했다.","소문에 검찰 조사를 받는 이동철 전무가 아무도 모르게 파나마에 페이퍼 컴퍼니를 만들어 뒀는데, 거기에 거액의 돈이 입금됐다가 빠져나간 흔적이 있다더군요. 그것도 스위스 은행에서 이체된 자금이 말입니다.","속이 타는지 앞에 놓인 찻잔을 한 번에 다 들이켠 오윤태 과장은 정색하며 쏘아붙이듯 말했다.","GA-A30","0.89"
"167","대망 167화","","24744","24889","무슨 뜬금없는 이야기냐는 표정을 짓던 오윤태 과장은 순간 머릿속을 스치고 지나가는 생각에 눈을 크게 떴다.","가운데 선 사내가 재차 묻자 그는 한쪽 팔을 살짝 들어 올려 하킴이 함부로 경거망동하지 못하도록 제지하곤 입을 열었다.; 재기를 노리고 벌인 주가 조작이 실패로 돌아가고 검찰에 체포되어 조사까지 받는 처지가 됐으니 마음이 편할 리가 없었다.","서울에서 일을 다 끝낸 혁권은 사업체가 있는 아테네로 돌아가기 위해 인천 공항으로 나갔다.","가운데 선 사내가 재차 묻자 그는 한쪽 팔을 살짝 들어 올려 하킴이 함부로 경거망동하지 못하도록 제지하곤 입을 열었다.","재기를 노리고 벌인 주가 조작이 실패로 돌아가고 검찰에 체포되어 조사까지 받는 처지가 됐으니 마음이 편할 리가 없었다.","제대로 면도를 하지 않아 수염이 덥수룩하게 자라 있던 이동철은 순간 떠오르는 생각에 흠칫 몸을 떨며 황급히 입을 열었다.","이동철 — 여권과 함께 방금 발권받은 항공권을 건네받은 그는 손목에 찬 시계를 확인했다.","money","이동철 — 여권과 함께 방금 발권받은 항공권을 건네받은 그는 손목에 찬 시계를 확인했다.","완력을 쓰면 어떻게든 되긴 하겠지만 새로 국적을 받아 그리스 국민이 된 하킴이었기에 여러모로 곤란한 점이 많았다.","여권과 함께 방금 발권받은 항공권을 건네받은 그는 손목에 찬 시계를 확인했다.","완력을 쓰면 어떻게든 되긴 하겠지만 새로 국적을 받아 그리스 국민이 된 하킴이었기에 여러모로 곤란한 점이 많았다.","GA-A30","0.89"
"168","대망 168화","","24890","25035","혁권의 부름에 하킴이 새까만 눈동자를 들었다.","옳고 그름을 떠나서 이 사실이 회사에 알려진다면 그의 부탁을 받아 도와준 것뿐인 유기백이 불이익을 받게 될 것이 불을 보듯 뻔했다.; 그만큼 미스터 김이 절실하게 필요하다고 생각해 주시오. 자…","당장 친구인 유기백이 기무사 조사를 받으면서 회사에서 곤란을 겪어야 할 테고, 부모님한테도 걱정을 끼칠 수밖에 없었다.","옳고 그름을 떠나서 이 사실이 회사에 알려진다면 그의 부탁을 받아 도와준 것뿐인 유기백이 불이익을 받게 될 것이 불을 보듯 뻔했다.","그만큼 미스터 김이 절실하게 필요하다고 생각해 주시오. 자, 어떻게 하겠소? 참고로 기무사에서 본격적으로 조사를 시작하면 그때는 나도 손을 쓰기가 조금 곤란하니 빨리 결정을 내리는 것이 좋을 거요.","믿기지 않는 얼굴로 재차 서류를 확인하던 혁권은 작성 날짜가 작년 12월로 된 걸 발견하곤 고개를 들었다.","납품이 지연돼서 계속 재고로 남아 있던 물량을 지난달에 용도 변경을 해서 매입했으니, 당연히 이 서류에는 엉뚱하게 기재되어 있을 수밖에 없는 것 아니오.","relationship","납품이 지연돼서 계속 재고로 남아 있던 물량을 지난달에 용도 변경을 해서 매입했으니, 당연히 이 서류에는 엉뚱하게 기재되어 있을 수밖에 없는 것 아니오.","혁권은 차창 밖을 쳐다보다 옆자리에 나란히 앉아 있는 자말한테 고개를 돌렸다.","납품이 지연돼서 계속 재고로 남아 있던 물량을 지난달에 용도 변경을 해서 매입했으니, 당연히 이 서류에는 엉뚱하게 기재되어 있을 수밖에 없는 것 아니오.","혁권은 차창 밖을 쳐다보다 옆자리에 나란히 앉아 있는 자말한테 고개를 돌렸다.","GA-A30","0.89"
"169","대망 169화","","25036","25163","살짝 얼굴을 굳히면서 자말이 대답했다.","지난번에도 목선에 모터 엔진을 달아 개조한 무장 세력의 기습 공격에 혹독하게 당한 경험이 있었기에 케노스 함장은 긴장을 풀지 않았다.; 문제를 적재량이 적어서 한 번에 실어 나를 수 있는 화물에 제한이 있다는 건데. 그건 여러 번 나눠 옮기는 걸로 대체하는 수밖에.","혁권 — 항공기 자체가 고가의 무기 체계였기에 굳이 설명을 듣지 않더라도 얼마나 큰 거래인지 알 수 있었다.","지난번에도 목선에 모터 엔진을 달아 개조한 무장 세력의 기습 공격에 혹독하게 당한 경험이 있었기에 케노스 함장은 긴장을 풀지 않았다.","문제를 적재량이 적어서 한 번에 실어 나를 수 있는 화물에 제한이 있다는 건데. 그건 여러 번 나눠 옮기는 걸로 대체하는 수밖에.","머릿속으로 빠르게 계산기를 두드리던 혁권은 매번 이렇게 거부할 수 없는 제안을 해 오는 샌더슨의 치밀함에 내심 머리를 흔들었다.","혁권 — 이미 이야기가 다 되어 있으니까 지금 미스터 김이 OK만 하면 그쪽에서 먼저 연락이 올 거요. 대략 사업 규모가 9억 달러 정도 될 테니 한 5%만 커미션으로 챙겨도 꽤 짭짤하지 않겠소.","money","혁권 — 이미 이야기가 다 되어 있으니까 지금 미스터 김이 OK만 하면 그쪽에서 먼저 연락이 올 거요. 대략 사업 규모가 9억 달러 정도 될 테니 한 5%만 커미션으로 챙겨도 꽤 짭짤하지 않겠소.","회색빛 도시 위로 시커먼 연기가 군데군데 피어오르고 있는 모습에 절로 긴장감이 들었다.","이미 이야기가 다 되어 있으니까 지금 미스터 김이 OK만 하면 그쪽에서 먼저 연락이 올 거요. 대략 사업 규모가 9억 달러 정도 될 테니 한 5%만 커미션으로 챙겨도 꽤 짭짤하지 않겠소.","회색빛 도시 위로 시커먼 연기가 군데군데 피어오르고 있는 모습에 절로 긴장감이 들었다.","GA-A30","0.89"
"170","대망 170화","","25164","25289","쌍안경으로 전방을 살피던 케노스 함장이 뭘 봤는지 이맛살을 찡그렸다.","케노스 함장이 한쪽 팔을 들어 가리키는 곳을 쳐다보자 커다란 화물선 한 척이 옆으로 길게 누운 채 좌초되어 있었다.; 그동안 놈들이 여기 저길 들쑤시고 다니면서 좀 깽판을 쳤어야지. 더군다나 미스라타가 위험해지면 트리폴리 역시 안심할 수 없다는 걸 알 테니…","자동 화기로 무장한 부하들과 밖으로 나온 혁권은 아프리카 특유의 건조한 공기와 멀리 보이는 야자수 나무를 보곤 자신이 리비아로 돌아온 걸 새삼 느낄 수 있었다.","케노스 함장이 한쪽 팔을 들어 가리키는 곳을 쳐다보자 커다란 화물선 한 척이 옆으로 길게 누운 채 좌초되어 있었다.","그동안 놈들이 여기 저길 들쑤시고 다니면서 좀 깽판을 쳤어야지. 더군다나 미스라타가 위험해지면 트리폴리 역시 안심할 수 없다는 걸 알 테니, 그 전에 적극적으로 대처를 하려는 거지 않겠소.","몇 시간 뒤 하역 작업을 무사히 끝낸 혁권은 포세이돈 함을 타고 미스라타를 떠났다.","스와이단이 여기까지 왔으니 알할부시 사령관을 보고 가라고 권했지만, 그러면 시간이 너무 지체돼 자칫 무장 세력의 공격을 받게 될지도 모른다며 거절했다.","world","스와이단이 여기까지 왔으니 알할부시 사령관을 보고 가라고 권했지만, 그러면 시간이 너무 지체돼 자칫 무장 세력의 공격을 받게 될지도 모른다며 거절했다.","대충 봐도 포세이돈 함으로 서너 번은 옮겨야 할 물량이 되는 것 같았다.","스와이단이 여기까지 왔으니 알할부시 사령관을 보고 가라고 권했지만, 그러면 시간이 너무 지체돼 자칫 무장 세력의 공격을 받게 될지도 모른다며 거절했다.","대충 봐도 포세이돈 함으로 서너 번은 옮겨야 할 물량이 되는 것 같았다.","GA-A30","0.89"
"171","대망 171화","","25290","25429","언제나처럼 짧게 대꾸한 함단이 머뭇거리며 이야기를 했다.","물자가 들어오는 걸 막기 위해 자살 공격대를 짜서 포세이돈 함이 상륙하는 해안 공격을 시도했으나 민병대에 저지당하고 말았다.; 구호단체들 때문에 직접 공권력을 투입하는 건 곤란하지만 사유재산을 지키기 위해 개인적으로 물리력을 행사하는 건 적당한 선에서 눈 감아 줄 수 있다고 했습니다.","혁권 — 화물선을 항구에 며칠간 정박시켜 놔야 했지만, 어차피 제일 마지막에 무기를 실어 올 계획인 데다 방금 말한 대로 운항 일정도 며칠 여유가 있었기에 문제 될 것이 없었다.","물자가 들어오는 걸 막기 위해 자살 공격대를 짜서 포세이돈 함이 상륙하는 해안 공격을 시도했으나 민병대에 저지당하고 말았다.","구호단체들 때문에 직접 공권력을 투입하는 건 곤란하지만 사유재산을 지키기 위해 개인적으로 물리력을 행사하는 건 적당한 선에서 눈 감아 줄 수 있다고 했습니다.","트리폴리 항구 봉쇄가 풀리면서 잠시 중단됐던 발레타 특급이 미스라타에 다시 모습을 드러낸 것이다.","자신들의 목줄이 걸려 있는 만큼 미스라타 민병대 역시 전력을 다해 포세이돈 함의 상륙지 주변에 강력한 방어선을 구축했다.","money","자신들의 목줄이 걸려 있는 만큼 미스라타 민병대 역시 전력을 다해 포세이돈 함의 상륙지 주변에 강력한 방어선을 구축했다.","구릿빛으로 잘 그을린 탄탄한 팔 근육에 흥미로운 시선을 던진 웨이트리스가 호감이 섞인 미소로 응답하며 사라지자 샌더슨이 피식 웃음을 터트렸다.","자신들의 목줄이 걸려 있는 만큼 미스라타 민병대 역시 전력을 다해 포세이돈 함의 상륙지 주변에 강력한 방어선을 구축했다.","구릿빛으로 잘 그을린 탄탄한 팔 근육에 흥미로운 시선을 던진 웨이트리스가 호감이 섞인 미소로 응답하며 사라지자 샌더슨이 피식 웃음을 터트렸다.","GA-A30","0.89"
"172","대망 172화","","25430","25588","가벼운 대화로 물꼬를 트려는 샌더슨과 달리 혁권은 이야기를 길게 끌고 싶지 않은 듯 짧게 잘라 말했다.","그 소리를 들은 혁권은 고개를 흔들어 머리카락에 떨어진 유리 조각들을 떨어트린 후 잔뜩 억누른 목소리로 중얼거렸다.; IS와 직접적으로 연관이 돼 리비아 내에서 활동하는 이슬람 극단주의 단체 중에 가장 크게 두각을 나타내는 놈들이오…","혁권 — 밀수와 무기 거래로 남들이 생각지도 못할 큰 이득을 챙기는 만큼 피 튀기는 경쟁과 위험을 감수해야만 했다.","그 소리를 들은 혁권은 고개를 흔들어 머리카락에 떨어진 유리 조각들을 떨어트린 후 잔뜩 억누른 목소리로 중얼거렸다.","IS와 직접적으로 연관이 돼 리비아 내에서 활동하는 이슬람 극단주의 단체 중에 가장 크게 두각을 나타내는 놈들이오. 트리폴리 정부 전복 시도와 미스라타 공격도 이놈들이 주도해서 벌인 일들이오.","탄창이 총알이 가득 채워져 있는 걸 확인하고 권총에 삽입하는 순간 날카로운 총성이 귀청을 울렸다.","혁권 — 미리 경고받았지만, 대비를 하기도 전에 습격받다니 정말 재수가 없었다.","relationship","혁권 — 미리 경고받았지만, 대비를 하기도 전에 습격받다니 정말 재수가 없었다.","다친 것도 문제였지만 이대로 놔두면 적이 쏴대는 총탄에 언제 맞을지 몰랐다.","미리 경고받았지만, 대비를 하기도 전에 습격받다니 정말 재수가 없었다.","다친 것도 문제였지만 이대로 놔두면 적이 쏴대는 총탄에 언제 맞을지 몰랐다.","GA-A30","0.89"
"173","대망 173화","당한 만큼 돌려준다","25589","25746","대답은 했어도 좀처럼 얼굴을 펴지 못하는 것이 그다지 좋아 보이지 않았다.","당한 만큼 돌려준다 — 차체에 등을 기대고 앉아 있는 하킴의 상태를 빠르게 살펴보고는 어깨를 가볍게 두드려 준 그는 주머니에서 새 탄창을 꺼내 갈아 끼웠다.","하킴이 눈을 크게 뜨며 반대했지만, 그는 이미 결심을 굳혔다.","차체에 등을 기대고 앉아 있는 하킴의 상태를 빠르게 살펴보고는 어깨를 가볍게 두드려 준 그는 주머니에서 새 탄창을 꺼내 갈아 끼웠다.","얼른 다가와서 다친 하킴을 대신 부축하며 주위를 둘러본 함단은 엉망이 된 SUV와 피투성이가 되어 죽어 있는 적들을 보곤 얼굴을 딱딱하게 굳혔다.","적들이 난사한 총탄에 벌집이 되어 버린 SUV 뒤에서 비틀거리면서 일어서는 하킴의 손에 들린 권총을 보곤 어떻게 된 건지 알아차렸다.","포세이돈 함을 이용해서 트리폴리로 물자를 정기적으로 밀수하게 되자 리비아와 가장 가까운 몰타에 거점을 마련하기 위해 매입한 곳이었다.","relationship","포세이돈 함을 이용해서 트리폴리로 물자를 정기적으로 밀수하게 되자 리비아와 가장 가까운 몰타에 거점을 마련하기 위해 매입한 곳이었다.","금방이라도 터질 것 같은 분노와 살기를 애써 참고 있는 모습이 흡사 상처 입은 한 마리 맹수처럼 느껴졌다.","포세이돈 함을 이용해서 트리폴리로 물자를 정기적으로 밀수하게 되자 리비아와 가장 가까운 몰타에 거점을 마련하기 위해 매입한 곳이었다.","금방이라도 터질 것 같은 분노와 살기를 애써 참고 있는 모습이 흡사 상처 입은 한 마리 맹수처럼 느껴졌다.","GA-A31","0.92"
"174","대망 174화","","25747","25903","노크 하고 안으로 들어온 함단은 진득하게 가라앉은 방 안 공기에 자신도 모르게 마른침을 꿀꺽 삼켰다.","의사가 나가자 그는 안주머니에서 두툼한 봉투를 하나 꺼내 하킴한테 내밀었다.; 그 때문에 통상적인 화물선과 비교해 적재량이 훨씬 적고 운송 비용이 비쌌지만, 그걸 감수하고 공기부양정인 포세이돈 함을 이용해서 물자를 공급하고 있었다.","하킴의 상태를 살피기 위해 그는 따로 돈을 주고 병원 간호사 한 명을 아테네까지 동행하도록 했다.","의사가 나가자 그는 안주머니에서 두툼한 봉투를 하나 꺼내 하킴한테 내밀었다.","그 때문에 통상적인 화물선과 비교해 적재량이 훨씬 적고 운송 비용이 비쌌지만, 그걸 감수하고 공기부양정인 포세이돈 함을 이용해서 물자를 공급하고 있었다.","간단히 혈압과 체온을 확인한 의사는 하킴을 보며 영어로 물었다.","목숨을 구해 준 것에 비하면 더 많은 돈을 줘도 전혀 아깝지 않았으나, 그러면 하킴이 부담스러워할까 봐 적당한 금액을 넣은 거였다.","relationship","목숨을 구해 준 것에 비하면 더 많은 돈을 줘도 전혀 아깝지 않았으나, 그러면 하킴이 부담스러워할까 봐 적당한 금액을 넣은 거였다.","불가피한 상황이라는 걸 알았지만 짧게 혀를 찬 혁권의 표정은 좀처럼 펴지지 않았다.","목숨을 구해 준 것에 비하면 더 많은 돈을 줘도 전혀 아깝지 않았으나, 그러면 하킴이 부담스러워할까 봐 적당한 금액을 넣은 거였다.","불가피한 상황이라는 걸 알았지만 짧게 혀를 찬 혁권의 표정은 좀처럼 펴지지 않았다.","GA-A31","0.89"
"175","대망 175화","","25904","26032","그럴 수밖에 없는 것이 케노스 함장의 이야기대로라면 거의 하루를 공격 위험에 노출된 채 화물선을 부두에 정박해 놔야 한다는 뜻이었다.","매입 당시에 제거됐던 로켓 발사기를 다시 장착하자마자 이렇게 쓸 일이 생기다니 케노스 함장의 의견을 들어주길 잘했다는 생각이 새삼 들었다.; 1차 포격에 치명적인 타격을 입었지만 정신을 차릴 틈도 없이 두 번째 로켓탄 무리가 무장 세력 병사들을 덮쳐 왔다.","하필이면 미스라타에 입항한 화물선을 공격하기 위해 흩어져 있던 병력을 숙영지에 집결시켰을 때 포격을 받다니 정말 지독히도 운이 없었다.","매입 당시에 제거됐던 로켓 발사기를 다시 장착하자마자 이렇게 쓸 일이 생기다니 케노스 함장의 의견을 들어주길 잘했다는 생각이 새삼 들었다.","1차 포격에 치명적인 타격을 입었지만 정신을 차릴 틈도 없이 두 번째 로켓탄 무리가 무장 세력 병사들을 덮쳐 왔다.","선원들의 노력에 10분이 채 되지 않아 재장전을 모두 끝마칠 수 있었고 이내 귀청을 찢는 커다란 파열음이 포세이돈 함 갑판을 뒤흔들었다.","추진력이 얼마나 센지 로켓탄이 한 발씩 발사될 때마다 작지 않은 포세이돈 함 선체가 흔들거렸다.","money","추진력이 얼마나 센지 로켓탄이 한 발씩 발사될 때마다 작지 않은 포세이돈 함 선체가 흔들거렸다.","케노스 함장은 직접 무전기를 들어 혁권의 지시를 전달했다.","추진력이 얼마나 센지 로켓탄이 한 발씩 발사될 때마다 작지 않은 포세이돈 함 선체가 흔들거렸다.","케노스 함장은 직접 무전기를 들어 혁권의 지시를 전달했다.","GA-A31","0.89"
"176","대망 176화","","26033","26161","뒤 닻을 끌어 올린 화물선은 예인선의 도움을 받아 천천히 부두를 벗어나 비교적 안전한 외항으로 빠져나왔다.","군복을 입은 알할부시와 스와이단이 날렵한 몸짓으로 줄사다리를 잡고 포세이돈 함에 승선했다.; 이렇게 총거래 액수에 얼마를 마진으로 가져가기로 한다면 안정적인 수익을 확보할 수 있었다.","대답을 들은 혁권은 다친 하킴 대신 경호를 맡은 라미와 아미르를 대동하고 갑판으로 내려갔다.","군복을 입은 알할부시와 스와이단이 날렵한 몸짓으로 줄사다리를 잡고 포세이돈 함에 승선했다.","이렇게 총거래 액수에 얼마를 마진으로 가져가기로 한다면 안정적인 수익을 확보할 수 있었다.","무시무시한 위력에 반했는지 알할부시는 갖고 싶은 장난감을 발견한 아이처럼 다연장로켓 발사기에서 눈을 떼지 못했다.","배럴당 1달러 차이에 수익이 크게 달라졌기에 혁권은 살짝 긴장했다.","money","배럴당 1달러 차이에 수익이 크게 달라졌기에 혁권은 살짝 긴장했다.","샌더슨이 여전히 입가에 미소를 지은 채 느긋한 태도로 말을 받았다.","배럴당 1달러 차이에 수익이 크게 달라졌기에 혁권은 살짝 긴장했다.","샌더슨이 여전히 입가에 미소를 지은 채 느긋한 태도로 말을 받았다.","GA-A31","0.89"
"177","대망 177화","","26162","26301","어깨를 으쓱인 샌더슨은 때마침 종업원이 가져온 음료를 한 모금 마시고는 그를 바라봤다.","알할부시가 나한테 원유 처분을 맡겼다는 건 이미 알고 있을 테고, 지난번처럼 정상적인 루트로 구매를 했다는 확인서를 몇 장 만들어 줬으면 좋겠소.; 무역에 대한 전문 지식은 없었지만…","혁권도 다른 거래처를 찾는 것보다 이미 한 번 거래해서 신용이 쌓인 곳에다가 물량을 한꺼번에 넘기는 게 여러모로 이익이었다.","알할부시가 나한테 원유 처분을 맡겼다는 건 이미 알고 있을 테고, 지난번처럼 정상적인 루트로 구매를 했다는 확인서를 몇 장 만들어 줬으면 좋겠소.","무역에 대한 전문 지식은 없었지만, 눈치가 빠르고 카다피 정권 시절 리비아군에서 장교로 복무했을 만큼 기본적인 지적 능력이 떨어지지 않았다.","주가조작 사실이 밝혀지고 검찰이 수사에 착수한 지 얼마 되지도 않았는데 벌써 마무리를 한다니 진행이 너무 빨랐다.","예. 아직 잔당이 남아 있지만, 포위망이 거의 와해한 상태여서 미스라타 항구의 안전이 어느 정도는 확보됐다고 봐도 좋을 겁니다.","money","예. 아직 잔당이 남아 있지만, 포위망이 거의 와해한 상태여서 미스라타 항구의 안전이 어느 정도는 확보됐다고 봐도 좋을 겁니다.","물론 곁에 서 있던 이근홍이 슬쩍 옆구리를 찔러 주의를 준 덕분에 얼른 고개를 숙여 표정을 감추긴 했지만, 속은 부글부글 끓었다.","예. 아직 잔당이 남아 있지만, 포위망이 거의 와해한 상태여서 미스라타 항구의 안전이 어느 정도는 확보됐다고 봐도 좋을 겁니다.","물론 곁에 서 있던 이근홍이 슬쩍 옆구리를 찔러 주의를 준 덕분에 얼른 고개를 숙여 표정을 감추긴 했지만, 속은 부글부글 끓었다.","GA-A31","0.89"
"178","대망 178화","","26302","26436","기자가 다음 말을 기대하듯 물었지만, 김인철에게선 아무런 답변도 나오지 않았다.","분노한 김인철이 재빨리 고개를 들어 주변을 둘러보자, 기자들 너머에 있는 시위대 중 한 사람이 의기양양한 표정으로 계란 한 판을 들어 보였다.; 어차피 소송이 마무리되고 나면 그다음 일은 제 알 바 아니었으므로 이근홍은 김인철이 폭력을 행사하건 사람을 죽일 셈이건 관심조차 두지 않았다.","다친 하킴 대신 경호 임무를 맡은 알아바디가 옆자리에 앉아 있다가 한국말로 혼잣말을 하는 걸 듣고 쳐다봤다.","분노한 김인철이 재빨리 고개를 들어 주변을 둘러보자, 기자들 너머에 있는 시위대 중 한 사람이 의기양양한 표정으로 계란 한 판을 들어 보였다.","어차피 소송이 마무리되고 나면 그다음 일은 제 알 바 아니었으므로 이근홍은 김인철이 폭력을 행사하건 사람을 죽일 셈이건 관심조차 두지 않았다.","미스라타로 보낸 유조선이 무사히 원유를 싣고 수에즈운하로 향했다는 소식에 혁권은 그제야 긴장을 풀고 서울행 비행기를 탔다.","김인철의 지시를 받은 거였지만 대부분의 일들을 이동철이 나서서 처리했기에 죄를 뒤집어씌우기에 딱 좋았다.","money","김인철의 지시를 받은 거였지만 대부분의 일들을 이동철이 나서서 처리했기에 죄를 뒤집어씌우기에 딱 좋았다.","백성균이 살짝 목소리를 낮추며 말했다.","김인철의 지시를 받은 거였지만 대부분의 일들을 이동철이 나서서 처리했기에 죄를 뒤집어씌우기에 딱 좋았다.","백성균이 살짝 목소리를 낮추며 말했다.","GA-A31","0.89"
"179","대망 179화","","26437","26569","말끝을 흐르자 혁권이 눈을 치켜뜨며 다그치듯 물었다.","허둥지둥 직원이 운반용 수레를 찾으러 가자 오대철 사장은 가만히 기다리지 않고 소매를 걷어 올리고는 고기 박스를 손으로 들어서 냉동고로 옮겼다.; 집에서 하루를 푹 쉬며 피로를 푼 혁권은 김인철 문제는 잠시 미뤄 두고 알할부시한테 받은 오더부터 처리했다.","오대철 사장은 변함없이 사무실에서 자리만 지키고 있지 않고 공장 내부를 돌아다니면서 직원들이 일하는 걸 살폈다.","허둥지둥 직원이 운반용 수레를 찾으러 가자 오대철 사장은 가만히 기다리지 않고 소매를 걷어 올리고는 고기 박스를 손으로 들어서 냉동고로 옮겼다.","집에서 하루를 푹 쉬며 피로를 푼 혁권은 김인철 문제는 잠시 미뤄 두고 알할부시한테 받은 오더부터 처리했다.","한번 경고한 박상빈 실장은 이동철이 겁에 질린 걸 확인하고는 피식 비웃음을 던지면서 말했다.","이동철 — 보통은 10% 안팎의 계약금을 받고 나머지는 생산품을 납품할 때 한꺼번에 받는 경우가 많았다.","status","이동철 — 보통은 10% 안팎의 계약금을 받고 나머지는 생산품을 납품할 때 한꺼번에 받는 경우가 많았다.","3형이란 가장 최근에 개발되어 보급되고 있는 종류로 기존에 물을 뜨겁게 만들어서 데우거나 부어 먹던 것과 달리, 간단히 내부에 들어 있는 발열체를 이용해 바로 가열해 취사가 가능했다.","보통은 10% 안팎의 계약금을 받고 나머지는 생산품을 납품할 때 한꺼번에 받는 경우가 많았다.","3형이란 가장 최근에 개발되어 보급되고 있는 종류로 기존에 물을 뜨겁게 만들어서 데우거나 부어 먹던 것과 달리, 간단히 내부에 들어 있는 발열체를 이용해 바로 가열해 취사가 가능했다.","GA-A31","0.89"
"180","대망 180화","만인은 법 앞에 평등하다Ⅰ","26570","26706","덕분에 귀찮게 불을 피울 필요 없이 앉은 자리에서 신속하게 식사를 할 수 있어 아주 편리했다.","만인은 법 앞에 평등하다Ⅰ — 지난번에 법원을 나가다가 계란을 맞는 봉변을 당했던 걸 떠올린 김인철은 얼굴을 있는 대로 구겼다.","거기다가 보석 신청까지 받아들여져 1심에서 유죄를 받았음에도 불구하고 김인철은 계속 구치소가 아닌 밖에서 편하게 생활할 수 있었다.","지난번에 법원을 나가다가 계란을 맞는 봉변을 당했던 걸 떠올린 김인철은 얼굴을 있는 대로 구겼다.","피고 김인철은 의도적으로 주가를 조작해 사익을 취한 것이 인정되는바 검찰에서 구형한 대로 징역 2년에 벌금 10억 원을 판결한다.","혁권이 자동차 지붕 위에 얹혀 있는 택시 등을 발견한 것과 동시에 상대방도 이쪽을 알아차린 듯 빵빵, 작게 경적을 울렸다.","혁권 — 환율 안정과 국제 수지 균형을 맞추기 위해 제정된 외국환관리법상 연간 2만 달러 이상의 외화를 반출하려면 반드시 신고하게 되어 있었다.","money","혁권 — 환율 안정과 국제 수지 균형을 맞추기 위해 제정된 외국환관리법상 연간 2만 달러 이상의 외화를 반출하려면 반드시 신고하게 되어 있었다.","다 해봤자 직원이 열 명도 안 되는 사무실에 전무라는 직책을 가지고 있는 게 조금 어색했지만, 따로 생각하는 것이 있었기에 상관없었다.","환율 안정과 국제 수지 균형을 맞추기 위해 제정된 외국환관리법상 연간 2만 달러 이상의 외화를 반출하려면 반드시 신고하게 되어 있었다.","다 해봤자 직원이 열 명도 안 되는 사무실에 전무라는 직책을 가지고 있는 게 조금 어색했지만, 따로 생각하는 것이 있었기에 상관없었다.","GA-A32","0.92"
"181","대망 181화","","26707","26862","대기업 계열사인 대평인터내셔널에서 오랫동안 일하다가 몇 년 전에 조기 퇴직을 한 김덕현은 1미터 70센티 정도의 키에 단단한 체격을 가진 것이 상당히 인상적이었다.","감방 건물을 나와 교도관에게 이끌려 한참을 걸어간 이동철은 붉은색 벽돌로 쌓아 올린 면회소로 들어갔다.; 분명 상당히 탐이 나는 광산이기는 하지만 개발을 하기 위해서 떠안아야 할 여러 가지 위험 요소들을 생각하면 자칫 이익은 고사하고 큰 손해만 입고 손을 떼어야 할 가능성이 아주 큽니다…","제 행동을 정당화하기 위해선지 아내가 주절주절 이야기를 늘어놓으려는 걸 이동철이 중간이 끊었다.","감방 건물을 나와 교도관에게 이끌려 한참을 걸어간 이동철은 붉은색 벽돌로 쌓아 올린 면회소로 들어갔다.","분명 상당히 탐이 나는 광산이기는 하지만 개발을 하기 위해서 떠안아야 할 여러 가지 위험 요소들을 생각하면 자칫 이익은 고사하고 큰 손해만 입고 손을 떼어야 할 가능성이 아주 큽니다.","전혀 생각하지도 못했던 말에 이동철은 순간 망치를 뒤통수를 세게 맞은 것 같았다.","이동철은 접대받고 술집에서 향수 냄새를 잔뜩 묻히고 올 때마다 찬 바람이 쌩쌩 불던 아내의 얼굴을 떠올리고는 비척거리는 걸음을 떼었다.","money","이동철은 접대받고 술집에서 향수 냄새를 잔뜩 묻히고 올 때마다 찬 바람이 쌩쌩 불던 아내의 얼굴을 떠올리고는 비척거리는 걸음을 떼었다.","오귀남의 이야기에 이근홍 변호사는 자세를 바로 하며 말했다.","이동철은 접대받고 술집에서 향수 냄새를 잔뜩 묻히고 올 때마다 찬 바람이 쌩쌩 불던 아내의 얼굴을 떠올리고는 비척거리는 걸음을 떼었다.","오귀남의 이야기에 이근홍 변호사는 자세를 바로 하며 말했다.","GA-A32","0.89"
"182","대망 182화","","26863","27020","심드렁한 반응을 보였지만 이근홍 변호사는 흔들리지 않고 차분하게 이야기를 이었다.","그런 속내가 여실히 드러난 듯, 이근홍 변호사가 테이블 아래 내려놓았던 가방을 들어 턱 올려두었다.; 일부 특권층들이 죄를 짓고도 교묘하게 실형을 피하는 용도로 악용하고 있어 문제가 되고 있었다.","며칠 뒤 공식적으로 오종걸 검사의 미국 연수가 결정되면서 자연스럽게 맡고 있던 사건들이 다른 동료 검사들한테 넘겨졌다.","그런 속내가 여실히 드러난 듯, 이근홍 변호사가 테이블 아래 내려놓았던 가방을 들어 턱 올려두었다.","일부 특권층들이 죄를 짓고도 교묘하게 실형을 피하는 용도로 악용하고 있어 문제가 되고 있었다.","가방 안에 뭐가 들어 바로 알아차린 오귀남 지검장은 이근홍 변호사를 똑바로 바라봤다.","오귀남 — 비록 1~2천 원 정도 하는 푼돈이었지만 그것도 오랜 기간 쌓이면 제법 쌈짓돈이 된다며 예전부터 해 오던 일이었다.","money","오귀남 — 비록 1~2천 원 정도 하는 푼돈이었지만 그것도 오랜 기간 쌓이면 제법 쌈짓돈이 된다며 예전부터 해 오던 일이었다.","기껏해야 종이 쪼가리라곤 하지만 제법 묵직하니 무게가 나가는 박스 뭉치를 들곤 단지 밖으로 나가려고 할 때, 마침 다른 동 입구에서 나오던 부인이 어머니를 보고는 반가운 얼굴로 소리쳤다.","비록 1~2천 원 정도 하는 푼돈이었지만 그것도 오랜 기간 쌓이면 제법 쌈짓돈이 된다며 예전부터 해 오던 일이었다.","기껏해야 종이 쪼가리라곤 하지만 제법 묵직하니 무게가 나가는 박스 뭉치를 들곤 단지 밖으로 나가려고 할 때, 마침 다른 동 입구에서 나오던 부인이 어머니를 보고는 반가운 얼굴로 소리쳤다.","GA-A32","0.89"
"183","대망 183화","","27021","27135","십년 지기 친구인 것처럼 친근하게 말을 거는 부인은 바로 맞은편 동에 사는 김칠순 여사였다.","저거 꽤 비싼 외제차라며! 우리 남편이 우연히 보고 와서는 설마 우리 아파트에 저런 차를 몰고 다니는 사람이 있을 줄은 몰랐다고 놀라더라니까…; 설마 종일 남의 집만 살피고 있는 건 아니겠지 하며 어머니가 기겁하자, 김칠순 여사가 누굴 하릴없는 사람으로 보냐고 입술을 삐죽거렸다.","굳은 표정만 아니라면 교수나 학자라고 해도 될 법한 이지적인 분위기를 지닌 그는 바로 대국 은행의 부 은행장직을 맡은 전승훈이란 사내였다.","저거 꽤 비싼 외제차라며! 우리 남편이 우연히 보고 와서는 설마 우리 아파트에 저런 차를 몰고 다니는 사람이 있을 줄은 몰랐다고 놀라더라니까…","설마 종일 남의 집만 살피고 있는 건 아니겠지 하며 어머니가 기겁하자, 김칠순 여사가 누굴 하릴없는 사람으로 보냐고 입술을 삐죽거렸다.","이것만 봐도 김인철이 철저하게 주가조작을 하는 데 이용해 먹고 TC인터내셔널을 버릴 생각이었다는 걸 알 수 있었다.","애초에 태일 그룹에서 계열 분리를 해서 나올 때 그나마 몇 개 있던 수익 사업을 다 떼어 내고, 개발권만 확보한 상태인 시에라리온 다이아몬드 광산만 달랑 가지고 나왔으니 이렇게 되는 건 예견된 일이나 마찬가지였습니다…","money","애초에 태일 그룹에서 계열 분리를 해서 나올 때 그나마 몇 개 있던 수익 사업을 다 떼어 내고, 개발권만 확보한 상태인 시에라리온 다이아몬드 광산만 달랑 가지고 나왔으니 이렇게 되는 건 예견된 일이나 마찬가지였습니다…","하얀 담배 연기를 내뱉으며 전승훈 부행장이 박동걸 이사를 봤다.","애초에 태일 그룹에서 계열 분리를 해서 나올 때 그나마 몇 개 있던 수익 사업을 다 떼어 내고, 개발권만 확보한 상태인 시에라리온 다이아몬드 광산만 달랑 가지고 나왔으니 이렇게 되는 건 예견된 일이나 마찬가지였습니다…","하얀 담배 연기를 내뱉으며 전승훈 부행장이 박동걸 이사를 봤다.","GA-A32","0.89"
"184","대망 184화","","27136","27285","전승훈 부행장의 말에 박동걸 이사는 곤혹스러운 표정을 지으면서 대답했다.","고개를 든 최정욱 대리가 몸을 일으키려고 하자 홍선호가 한쪽 팔을 들어 올리면서 말했다.; 일이 잘됐다면 아무런 문제가 없었겠지만 TC인터내셔널이 파산 위기에 몰리고 대출금이 전부 불량 채권이 되어 버리면서 전승훈 부행장의 입장이 곤란해지고 말았다.","TC인터내셔널을 인수하고 동시에 김인철을 제대로 골탕 먹일 수 있는 수단을 확보하게 된 것이다.","고개를 든 최정욱 대리가 몸을 일으키려고 하자 홍선호가 한쪽 팔을 들어 올리면서 말했다.","일이 잘됐다면 아무런 문제가 없었겠지만 TC인터내셔널이 파산 위기에 몰리고 대출금이 전부 불량 채권이 되어 버리면서 전승훈 부행장의 입장이 곤란해지고 말았다.","답답한 마음에 담배를 한 대 피우고 내려온 홍선호는 부하 직원 한 명이 책상 앞에 앉아 뭔가를 열심히 보고 있는 걸 발견하고 가까이 다가갔다.","전승훈 — 동시에 주당 50원도 안 되는 헐값에 나와 있던 주식을 싹 매입해서 경영권을 완전히 확보했다.","money","전승훈 — 동시에 주당 50원도 안 되는 헐값에 나와 있던 주식을 싹 매입해서 경영권을 완전히 확보했다.","아까는 농담처럼 던진 이야기였지만 정말 최정욱 대리처럼 부동산 중개사 시험이라도 볼까 고민을 했다.","동시에 주당 50원도 안 되는 헐값에 나와 있던 주식을 싹 매입해서 경영권을 완전히 확보했다.","아까는 농담처럼 던진 이야기였지만 정말 최정욱 대리처럼 부동산 중개사 시험이라도 볼까 고민을 했다.","GA-A32","0.89"
"185","대망 185화","만인은 법 앞에 평등하다Ⅱ","27286","27432","책상에 놓여 있던 전화기 벨이 요란스럽게 울렸다.","만인은 법 앞에 평등하다Ⅱ — 혁권이 데려온 변호사가 가방에서 서류를 하나 꺼내 홍선호 앞에 꺼내 놓으면서 대신 대답했다.","거기 서류에 적혀 있는 내용을 보시면 아시겠지만, 대국 은행을 비롯한 채권단이 담보로 잡은 주식 43%와 일반 채권들을 전부 솔 루시두스에서 인수했습니다…","혁권이 데려온 변호사가 가방에서 서류를 하나 꺼내 홍선호 앞에 꺼내 놓으면서 대신 대답했다.","이동철을 앞세워서 김인철이 몰래 횡령한 돈이 무려 500억 원이 넘었다.","건네받은 서류를 확인한 홍선호는 정말 담보로 잡힌 주식과 채권이 모두 솔 루시두스로 넘어간 것으로 되어 있자 놀란 기색을 감추지 못했다.","마음을 졸이면서 기다리던 직원들도 나중에 홍선호를 통해 고용이 승계된다는 이야기를 전해 듣고는 크게 기뻐했다.","money","마음을 졸이면서 기다리던 직원들도 나중에 홍선호를 통해 고용이 승계된다는 이야기를 전해 듣고는 크게 기뻐했다.","대부분 주가조작 도중에 실시된 유상증자로 들어온 자금과 금융권에서 담보대출을 받은 거였다.","마음을 졸이면서 기다리던 직원들도 나중에 홍선호를 통해 고용이 승계된다는 이야기를 전해 듣고는 크게 기뻐했다.","대부분 주가조작 도중에 실시된 유상증자로 들어온 자금과 금융권에서 담보대출을 받은 거였다.","GA-A32","0.92"
"186","대망 186화","","27433","27558","윗물이 맑아야 아랫물이 맑다고 이동철 역시 전무라는 직책과 오너 일가인 김인철을 등에 업고 따로 20억이나 되는 돈을 스리슬쩍 횡령했다.","윗물이 맑아야 아랫물이 맑다고 이동철 역시 전무라는 직책과 오너 일가인 김인철을 등에 업고 따로 20억이나 되는 돈을 스리슬쩍 횡령했다.; 도대체 무슨 일이 있었는지는 몰라도 김인철의 이야기를 할 때마다 적개심을 숨기지 않는 걸 보…","서초동 빌딩과 태일 리조트 주식은 나중에 상속세를 내지 않으려고 아들인 김인철의 명의로 만들어 둔 재산이었는데 시가로 700억 원이 훌쩍 넘었다.","윗물이 맑아야 아랫물이 맑다고 이동철 역시 전무라는 직책과 오너 일가인 김인철을 등에 업고 따로 20억이나 되는 돈을 스리슬쩍 횡령했다.","도대체 무슨 일이 있었는지는 몰라도 김인철의 이야기를 할 때마다 적개심을 숨기지 않는 걸 보며 김덕현 전무는 둘 사이에 상당한 앙금이 있다는 걸 눈치챌 수 있었다.","김인철과 전 경영진이 몰래 빼돌리고 착복한 돈이 수백억 원에 달하니 혁권의 말대로 일부만 회수한다고 해도 엄청난 이익이었다.","김덕현 — 단순히 개인감정 때문에 이러는 건 아니오. 지금까지 확인한 것만 600억 원이 넘는 횡령과 배임이 있었소. 그중에 절반이라도 다시 회수한다면 TC인터내셔널 인수 비용은 물론이고 큰 수익을 올릴 수 있지 않겠소?","status","김덕현 — 단순히 개인감정 때문에 이러는 건 아니오. 지금까지 확인한 것만 600억 원이 넘는 횡령과 배임이 있었소. 그중에 절반이라도 다시 회수한다면 TC인터내셔널 인수 비용은 물론이고 큰 수익을 올릴 수 있지 않겠소?","얼른 자리에서 일어난 이근홍이 인사를 하자 오귀남 지검장은 가볍게 악수를 하고는 빈자리로 가서 앉았다.","단순히 개인감정 때문에 이러는 건 아니오. 지금까지 확인한 것만 600억 원이 넘는 횡령과 배임이 있었소. 그중에 절반이라도 다시 회수한다면 TC인터내셔널 인수 비용은 물론이고 큰 수익을 올릴 수 있지 않겠소?","얼른 자리에서 일어난 이근홍이 인사를 하자 오귀남 지검장은 가볍게 악수를 하고는 빈자리로 가서 앉았다.","GA-A32","0.89"
"187","대망 187화","","27559","27683","주문받은 여종업원이 나가자 이근홍은 슬쩍 오귀남 지검장의 얼굴을 살피고는 이야기를 했다.","액정을 가볍게 터치하는 손짓 한 번에 불과했으나 마치 작은 나비가 태풍을 불러일으키듯 김인철과 TC인터내셔널에 대한 이야기가 초 단위로 자가 복제되며 기하급수적으로 널리 퍼져나가는 데는 그리 오랜 시간이 걸리지 않았다.; 청년은 끝없이 펼쳐지는 망상에 머리통을 긁적거리…","오귀남 — 나중에 회사에 취직하려면 적당히 학점 관리도 해야 하는데 초장부터 이런 출발이어서야 있던 의욕도 다 사라진다.","액정을 가볍게 터치하는 손짓 한 번에 불과했으나 마치 작은 나비가 태풍을 불러일으키듯 김인철과 TC인터내셔널에 대한 이야기가 초 단위로 자가 복제되며 기하급수적으로 널리 퍼져나가는 데는 그리 오랜 시간이 걸리지 않았다.","청년은 끝없이 펼쳐지는 망상에 머리통을 긁적거리며 스크롤을 아래로 죽죽 내렸다.","SNS와 수많은 인터넷 게시판이 김인철에 관한 이야기로 뜨겁게 달라오는 걸 보며, 거대한 불길에 첫 불씨를 댕긴 혁권이 한쪽 입꼬리를 위로 말아 올렸다.","그래야 다시는 김인철 같은 돈만 믿고 까부는 놈팡이가 활개 치고 다니지 못할 것 아닌가.","money","그래야 다시는 김인철 같은 돈만 믿고 까부는 놈팡이가 활개 치고 다니지 못할 것 아닌가.","뭘 묻는 건지 바로 알아차린 문훈철은 잠시 말이 없다가 이내 결심한 듯 고개를 들었다.","그래야 다시는 김인철 같은 돈만 믿고 까부는 놈팡이가 활개 치고 다니지 못할 것 아닌가.","뭘 묻는 건지 바로 알아차린 문훈철은 잠시 말이 없다가 이내 결심한 듯 고개를 들었다.","GA-A32","0.89"
"188","대망 188화","","27684","27826","굳은 얼굴로 문훈철이 짧게 대답하자 오귀남 지검장은 하얀 담배 연기를 내뱉으며 머리를 끄덕였다.","인사를 하고 지석영 변호사가 나가자 소파에 몸을 파묻고 있던 혁권이 안주머니에서 스마트폰을 꺼내 어딘가로 전화를 걸었다.; 그럴 겁니다. 가뜩이나 사회적으로 금수저 논란이 일고 있는 상황에서 벌어진 일이니까요…","김인철과 검찰을 압박하기 위해서 바로 민사소송을 함께 재기할 생각입니다. 이렇게 하면 검찰도 쉽사리 사건을 묻어 버릴 수 없는 데다 만약의 경우 형사가 어렵더라도 만사 재판으로 피해액을 회수할 수 있을 겁니다.","인사를 하고 지석영 변호사가 나가자 소파에 몸을 파묻고 있던 혁권이 안주머니에서 스마트폰을 꺼내 어딘가로 전화를 걸었다.","그럴 겁니다. 가뜩이나 사회적으로 금수저 논란이 일고 있는 상황에서 벌어진 일이니까요. 2심 재판 기일과 저희 쪽에서 재기한 횡령과 배임 그리고 분식회계 혐의에 대한 기소 여부 판단이 미뤄진 것만 봐도 당황스러워하는 게 분명…","확실히 다른 피의자들과 달리 재벌 3세인 김인철을 봐주며 상당히 약한 구형을 한 건 맞지만, 어찌 됐건 실형 판결을 받아 냈고 현재 2심이 진행 중이었기에 일이 잘못되더라도 변명할 여지가 충분히 있었다.","오귀남 — 어찌 됐건 저희 쪽에 유리한 일이니 더 이상 이야기를 하지 않겠습니다. 그러나 혹시라도 검찰을 너무 자극하는 행동은 하지 않으시는 것이 좋을 겁니다…","money","오귀남 — 어찌 됐건 저희 쪽에 유리한 일이니 더 이상 이야기를 하지 않겠습니다. 그러나 혹시라도 검찰을 너무 자극하는 행동은 하지 않으시는 것이 좋을 겁니다…","짧게 한숨을 내쉰 오귀남 지검장은 마치 도살장에 끌려가는 소 같은 얼굴을 하곤 수화기를 집어 들었다.","어찌 됐건 저희 쪽에 유리한 일이니 더 이상 이야기를 하지 않겠습니다. 그러나 혹시라도 검찰을 너무 자극하는 행동은 하지 않으시는 것이 좋을 겁니다. 이번 일만 해도 저희가 몰래 벌인 일이라는 의심을 받고 있으니까 말입니다.","짧게 한숨을 내쉰 오귀남 지검장은 마치 도살장에 끌려가는 소 같은 얼굴을 하곤 수화기를 집어 들었다.","GA-A32","0.89"
"189","대망 189화","","27827","27965","묵직한 검찰총장의 목소리에 오귀남 지검장은 불길한 느낌이 맞았다는 걸 직감했다.","물론입니다. 김인철은 물론이고 이동철과 전 TC인터내셔널 경영진 모두가 명단에 올라간 걸 확인했습니다.; 이근홍 변호사의 예상대로 더 이상 때려 부술 것이 없자 어깨를 씨근덕거리며 거친 숨을 몰아쉰 김인철이 핏발이 선 눈동자로 그를 노려보았다.","목에 핏대까지 세우며 악을 써 대는 김인철을 무감각한 시선으로 바라보던 이근홍 변호사는 후, 하고 작은 한숨을 내쉬곤 가방과 겉옷을 찾아 일어섰다.","물론입니다. 김인철은 물론이고 이동철과 전 TC인터내셔널 경영진 모두가 명단에 올라간 걸 확인했습니다.","이근홍 변호사의 예상대로 더 이상 때려 부술 것이 없자 어깨를 씨근덕거리며 거친 숨을 몰아쉰 김인철이 핏발이 선 눈동자로 그를 노려보았다.","이제 다 끝났다고 안심하다가 한순간에 지옥으로 굴러떨어진 김인철이 지금 어떤 표정을 짓고 있는지 보고 싶었다.","아마 악에 받친 김인철이 아무거나 닥치는 대로 집어 던진 것일 테지만 그래봤자 이제 그와는 아무런 상관없는 일이었다.","money","아마 악에 받친 김인철이 아무거나 닥치는 대로 집어 던진 것일 테지만 그래봤자 이제 그와는 아무런 상관없는 일이었다.","가뜩이나 재벌 봐주기 수사를 한다면서 이런저런 말들이 많은 시기에 이런 사진이 터진다면 치명적이었다.","아마 악에 받친 김인철이 아무거나 닥치는 대로 집어 던진 것일 테지만 그래봤자 이제 그와는 아무런 상관없는 일이었다.","가뜩이나 재벌 봐주기 수사를 한다면서 이런저런 말들이 많은 시기에 이런 사진이 터진다면 치명적이었다.","GA-A32","0.89"
"190","대망 190화","","27966","28096","당장 불에 기름을 부은 것처럼 여론이 들고일어날 테고, 비리 인사로 낙인찍혀 여의도 진출은 고사하고 지검장 자리도 지키기 어려워질 것이 분명했다.","무려 24시간 동안 강도 높은 조사를 벌인 검찰은, 전격적으로 증거 인멸의 우려가 있다는 이유로 법원에 김인철의 구속 신청을 했다.; 여론에 떠밀려 어쩔 수 없이 수사에 착수하기는 했지만, 건성건성 대충 시간이나 끄는 식이던 것이 갑자기 관련자를 대거 소환하며 적극적으로 변했다.","알고 계시는지 모르겠지만 김인철이 횡령과 배임으로 빼돌린 돈을 회수하기 위해 민사 재판을 진행 중이고, 별도로 재산을 압류한 상태입니다. 그런데 형사에서 기소유예 처분이 나온다면 여러모로 곤란한 상황이 벌어질 수밖에 없지요.","무려 24시간 동안 강도 높은 조사를 벌인 검찰은, 전격적으로 증거 인멸의 우려가 있다는 이유로 법원에 김인철의 구속 신청을 했다.","여론에 떠밀려 어쩔 수 없이 수사에 착수하기는 했지만, 건성건성 대충 시간이나 끄는 식이던 것이 갑자기 관련자를 대거 소환하며 적극적으로 변했다.","허둥거리는 사이에 법원에서 영장 신청을 받아들여 검찰에 출석해 조사받던 김인철이 그대로 구속되어 구치소에 수감되고 말았다.","당연히 그래야지요. 김인철이 유죄 판결을 받고 압류한 돈이 회수되면 다시 큰 거 열 장을 챙겨 드리겠습니다.","money","당연히 그래야지요. 김인철이 유죄 판결을 받고 압류한 돈이 회수되면 다시 큰 거 열 장을 챙겨 드리겠습니다.","말을 채 끝내기도 전에 김종원 회장이 소파 팔걸이를 손바닥으로 세게 내리쳤다.","당연히 그래야지요. 김인철이 유죄 판결을 받고 압류한 돈이 회수되면 다시 큰 거 열 장을 챙겨 드리겠습니다.","말을 채 끝내기도 전에 김종원 회장이 소파 팔걸이를 손바닥으로 세게 내리쳤다.","GA-A32","0.89"
"191","대망 191화","정리","28097","28260","아무런 대답도 하지 못하고 고개를 숙이고 있는 이근홍 변호사를 한심하다는 시선으로 쳐다보며 김종원 회장이 말을 이었다.","정리 — 상대를 가볍게 떠보고 만만치 않다는 걸 알아차린 박상빈 실장은 쓸데없는 이야기를 다 생략하고 바로 본론으로 들어갔다.","잠깐 찾아든 정적에 다들 숨을 죽이고 있을 무렵, 박상빈 실장이 침묵을 깨고 회장에게 말을 걸었다.","상대를 가볍게 떠보고 만만치 않다는 걸 알아차린 박상빈 실장은 쓸데없는 이야기를 다 생략하고 바로 본론으로 들어갔다.","만약 이런 사실이 세무조사 과정에서 드러난다면 추징금이 문제가 아니라 그룹 비자금 문제로 상황이 번질 수도 있었다.","다음 날 태일 그룹에서 합의를 하자는 연락이 오자 혁권은 지석영 변호사와 김덕현 전무를 대리인으로 내보냈다.","다른 것도 아니고 그룹 지배 구조의 핵심 고리인 태일 리조트 주식을 회수한다는 건 후계 구도에서 김인철을 배제한다는 뜻이나 마찬가지였기 때문이었다.","money","다른 것도 아니고 그룹 지배 구조의 핵심 고리인 태일 리조트 주식을 회수한다는 건 후계 구도에서 김인철을 배제한다는 뜻이나 마찬가지였기 때문이었다.","박상빈 실장이 콧잔등을 찡그렸다.","다른 것도 아니고 그룹 지배 구조의 핵심 고리인 태일 리조트 주식을 회수한다는 건 후계 구도에서 김인철을 배제한다는 뜻이나 마찬가지였기 때문이었다.","박상빈 실장이 콧잔등을 찡그렸다.","GA-A33","0.92"
"192","대망 192화","","28261","28375","오히려 많이 봐줬다는 태도에 박상빈 실장은 작게 실소를 머금었다.","박상빈 — TC인터내셔널이 태일물산 계열사로 있을 당시에 미국 텍사스주에 있는 셰일오일Shale oil 광구 두 곳을 매입하는 과정에서 당시 매입가보다 높은 가격을 주고 계약을 진행한 아주 수상한 거래가 있었더군요…; 고소장에 적힌 대로 피해액 510억 원을 내일 아침까지 전액 다 보상…","박상빈 실장이 이렇게 당황하는 건 텍사스주 셰일오일 광구 인수가 본사 비서실의 지시로 비자금을 만들기 위해서 이루어진 일이었기 때문이었다.","박상빈 — TC인터내셔널이 태일물산 계열사로 있을 당시에 미국 텍사스주에 있는 셰일오일Shale oil 광구 두 곳을 매입하는 과정에서 당시 매입가보다 높은 가격을 주고 계약을 진행한 아주 수상한 거래가 있었더군요…","고소장에 적힌 대로 피해액 510억 원을 내일 아침까지 전액 다 보상해 주기로 합의했습니다.","형사 재판과 검찰 조사는 민사하고 상관없이 계속 진행되는 데다 이번 고소로 외화 밀반출을 비롯한 여러 가지 새로운 범죄 사실들이 드러났기에, 구형이 더욱 무겁게 나올 수밖에 없었다.","사실 이렇게 헐값에 주식을 모두 매입할 수 있었던 이유는 태일 그룹 측과 합의를 보고 민사소송을 취하하면서 현금으로 510억을 받았다는 것이 알려지지 않은 점이 컸다.","money","사실 이렇게 헐값에 주식을 모두 매입할 수 있었던 이유는 태일 그룹 측과 합의를 보고 민사소송을 취하하면서 현금으로 510억을 받았다는 것이 알려지지 않은 점이 컸다.","사실 이렇게 헐값에 주식을 모두 매입할 수 있었던 이유는 태일 그룹 측과 합의를 보고 민사소송을 취하하면서 현금으로 510억을 받았다는 것이 알려지지 않은 점이 컸다.","형사 재판과 검찰 조사는 민사하고 상관없이 계속 진행되는 데다 이번 고소로 외화 밀반출을 비롯한 여러 가지 새로운 범죄 사실들이 드러났기에, 구형이 더욱 무겁게 나올 수밖에 없었다.","사실 이렇게 헐값에 주식을 모두 매입할 수 있었던 이유는 태일 그룹 측과 합의를 보고 민사소송을 취하하면서 현금으로 510억을 받았다는 것이 알려지지 않은 점이 컸다.","GA-A33","0.89"
"193","대망 193화","","28376","28522","새로운 자금이 무려 500억 넘게 들어왔다는 사실이 공개됐다면 폭등까지는 아니더라도 장외거래 시장에서 원래 작전을 벌이기 전 가격인 주당 300원까지는 올랐을 터였다.","그러면 당연히 혁권이 주식을 매입하는 데 더 많은 돈이 들어갈 수밖에 없었다.; 애초에 그런 위험성 때문에 외국의 다국적 대형 광산 업체들이 관심을 두지 않아 TC인터내셔널이 사업권을 딸 수 있었던 거였다.","너무 오랫동안 자리를 비웠기에 혁권은 뒤처리를 김덕현한테 맡기고 그리스로 돌아갈 준비를 했다.","그러면 당연히 혁권이 주식을 매입하는 데 더 많은 돈이 들어갈 수밖에 없었다.","애초에 그런 위험성 때문에 외국의 다국적 대형 광산 업체들이 관심을 두지 않아 TC인터내셔널이 사업권을 딸 수 있었던 거였다.","마치 예언을 하듯 그가 입가에 미소까지 지으면서 자신 있게 이야기했지만, 김덕현은 여전히 걱정이 사라지지 않은 얼굴로 작게 한숨을 내쉬었다.","돈도 돈이었지만 무엇보다 오너인 혁권이 그를 인정해 줬다는 생각에, 정리해고를 당한 이후로 위축되어 있던 자존감을 다시 회복할 수 있었다.","relationship","돈도 돈이었지만 무엇보다 오너인 혁권이 그를 인정해 줬다는 생각에, 정리해고를 당한 이후로 위축되어 있던 자존감을 다시 회복할 수 있었다.","퉁명스럽게 말한 아버지가 트렁크를 열고 여행 가방을 집어 들자 그가 황급히 나섰다.","돈도 돈이었지만 무엇보다 오너인 혁권이 그를 인정해 줬다는 생각에, 정리해고를 당한 이후로 위축되어 있던 자존감을 다시 회복할 수 있었다.","퉁명스럽게 말한 아버지가 트렁크를 열고 여행 가방을 집어 들자 그가 황급히 나섰다.","GA-A33","0.89"
"194","대망 194화","무기 중개","28523","28675","여행용 가방과 밑반찬이 든 박스를 싣자 트렁크가 가득 찼다.","무기 중개 — 곧장 방으로 올라간 혁권이 샤워를 하고 냉장고에서 맥주 캔을 하나 꺼내 목을 축이고 있자 노크 하며 자말이 들어왔다.","혁권도 단순히 몇 번 거래 하고 말 거였으면 귀찮게 할랄 인증이 된 전투식량을 만들지도 않았을 것이다.","곧장 방으로 올라간 혁권이 샤워를 하고 냉장고에서 맥주 캔을 하나 꺼내 목을 축이고 있자 노크 하며 자말이 들어왔다.","테러가 수시로 벌어질 정도로 치안이 안 좋은 데다 그와 적대적인 이슬람형제단의 영향력이 미치는 곳이었기에 평소보다 더 경호 문제에 신경을 썼다.","지난번 발레타에서 이슬람형제단이 보낸 킬러들에게 습격받은 이후로 혁권은 자신이 하는 일이 얼마나 위험한 건지 확실히 깨달았다.","혁권 — 부하들과 가족을 그리스로 데려오면서 더욱 손쉽게 거주 허가를 받기 위해 투자 이민을 신청했는데, 그때 운영을 하겠다고 신고했던 공장을 말하는 거였다.","relationship","혁권 — 부하들과 가족을 그리스로 데려오면서 더욱 손쉽게 거주 허가를 받기 위해 투자 이민을 신청했는데, 그때 운영을 하겠다고 신고했던 공장을 말하는 거였다.","그동안 혁권이 얼마나 거물이 됐는지 전혀 모르는 배동주 입장에서는 태일 물산과 상대도 안 되는 작은 사업을 하는 그에게 잘 보일 이유가 전혀 없었다.","부하들과 가족을 그리스로 데려오면서 더욱 손쉽게 거주 허가를 받기 위해 투자 이민을 신청했는데, 그때 운영을 하겠다고 신고했던 공장을 말하는 거였다.","그동안 혁권이 얼마나 거물이 됐는지 전혀 모르는 배동주 입장에서는 태일 물산과 상대도 안 되는 작은 사업을 하는 그에게 잘 보일 이유가 전혀 없었다.","GA-A34","0.92"
"195","대망 195화","","28676","28819","못 본 사이에 배동주도 많이 변해 있었다.","빠르게 주위를 확인한 혁권은 부하들과 함께 로비를 가로질러 때마침 도착한 엘리베이터에 올라탔다.; 이것만 보면 고등 훈련기 도입이 이집트 공군의 전력을 강화하는 게 아니라 권력자들의 비자금을 만들려는 목적이 아닌가 하는 생각까지 들었다.","테러의 표적이 되는 외국인과 정부 고위 관리들이 자주 이용하는 곳이라 그런지 무장한 경찰들이 호텔 입구를 지키고 있었다.","빠르게 주위를 확인한 혁권은 부하들과 함께 로비를 가로질러 때마침 도착한 엘리베이터에 올라탔다.","이것만 보면 고등 훈련기 도입이 이집트 공군의 전력을 강화하는 게 아니라 권력자들의 비자금을 만들려는 목적이 아닌가 하는 생각까지 들었다.","며칠 뒤 혁권은 절차대로 필요한 서류를 이집트 국방부에 접수하고 얼마 안 있어 고등 훈련기 도입 사업 중계 대리인으로 선정됐다.","혁권 — 그러고는 곧바로 국방부와 계약을 체결하고 선수금 2억 달러를 받았다.","money","혁권 — 그러고는 곧바로 국방부와 계약을 체결하고 선수금 2억 달러를 받았다.","IS를 비롯한 극단 이슬람 무장 세력의 위협이 심화되고, 기체 노후화로 고등 훈련기 도입이 시급하다는 이유로 시간이 오래 걸리는 선정 과정을 생략하고 수의계약을 통한 직도입 방식을 강행했다.","그러고는 곧바로 국방부와 계약을 체결하고 선수금 2억 달러를 받았다.","IS를 비롯한 극단 이슬람 무장 세력의 위협이 심화되고, 기체 노후화로 고등 훈련기 도입이 시급하다는 이유로 시간이 오래 걸리는 선정 과정을 생략하고 수의계약을 통한 직도입 방식을 강행했다.","GA-A34","0.89"
"196","대망 196화","","28820","28954","당연히 그건 핑계에 불과했고 보다 많은 비자금을 은밀하게 챙기기 위한 거였다.","한참 바깥 풍경을 바라보다 몸을 돌린 혁권은 문득 눈에 들어온 전화기를 보곤 집에 연락드릴까 하다가 이내 그만뒀다.; 처음 예상과 달리 막상 계약을 체결하자 이집트 공군이 원하는 기체가 무장 능력이 없는 T-50이 아니라 전투 입문기로 제한적인 경공격기 임무까지 수행이 가능한 TA-50…","혁권 — 특히나 이번 거래는 자신이 메이저 무기 거래에 처음으로 등장하는 데뷔 무대와 같은 거였기에 더욱 그래서는 안 됐다.","한참 바깥 풍경을 바라보다 몸을 돌린 혁권은 문득 눈에 들어온 전화기를 보곤 집에 연락드릴까 하다가 이내 그만뒀다.","처음 예상과 달리 막상 계약을 체결하자 이집트 공군이 원하는 기체가 무장 능력이 없는 T-50이 아니라 전투 입문기로 제한적인 경공격기 임무까지 수행이 가능한 TA-50형이라는 걸 알 수 있었다.","아무리 봐도 외국인 같지는 않은데 윗선에 말한 무기 중개상이 저자가 맞을까요?","혁권 — 커미션으로 1억을 떼어 놔야 하니 8억 달러 안에서 계약을 마무리 지어야 하는데, 얼마나 가격을 줄이느냐에 따라서 그가 챙길 돈이 결정됐다.","money","혁권 — 커미션으로 1억을 떼어 놔야 하니 8억 달러 안에서 계약을 마무리 지어야 하는데, 얼마나 가격을 줄이느냐에 따라서 그가 챙길 돈이 결정됐다.","이십만 명이 채 안 되는 적은 인구를 가지고 있었지만, 한국에서 규모가 제일 큰 종합항공 군사 사업체인 KAI 본사와 공장이 자리 잡은 항공업의 메카였다.","커미션으로 1억을 떼어 놔야 하니 8억 달러 안에서 계약을 마무리 지어야 하는데, 얼마나 가격을 줄이느냐에 따라서 그가 챙길 돈이 결정됐다.","이십만 명이 채 안 되는 적은 인구를 가지고 있었지만, 한국에서 규모가 제일 큰 종합항공 군사 사업체인 KAI 본사와 공장이 자리 잡은 항공업의 메카였다.","GA-A34","0.89"
"197","대망 197화","","28955","29076","옆자리에 앉은 임태우 부장의 말에 고개를 돌리자 차창 너머로 어마어마하게 큰 공장 단지가 펼쳐졌다.","혁권 — 그 정도면 훈련기가 아니라 거의 경공격기 수준이었는데, 경제적인 어려움으로 제트 전투기가 거의 없는 필리핀 입장에서 어쩔 수 없는 고육지책일 터였다.; 물론 T-50 계열 기가 우수한 성능을 가졌다는 건 인정합니다…","혁권 — 실제로 UAE와 싱가포르 등 고등 훈련기 수요가 있던 국가의 입찰에서 성능의 우수성을 인정받으면서도 가격 문제 때문에 쓰디쓴 패배를 맛봐야 했다.","혁권 — 그 정도면 훈련기가 아니라 거의 경공격기 수준이었는데, 경제적인 어려움으로 제트 전투기가 거의 없는 필리핀 입장에서 어쩔 수 없는 고육지책일 터였다.","물론 T-50 계열 기가 우수한 성능을 가졌다는 건 인정합니다. 하지만 경쟁 기종들과 300만 달러 이상 차이가 난다면 재정이 부족한 국가에서는 선뜻 선택하기 어려운 것도 사실입니다…","여기서 당장 결정을 내리기 어려운 문제였기에 잠시 고심을 하던 혁권은 고개를 들며 말했다.","혁권 — 보내 드린 견적서를 보시면 아시겠지만, 현재 TA-50은 대당 245억 원, 약 2,120만 달러가량입니다. 16대 기준으로 대략 3억 3,920만 달러이고, 여기에 엔진 7기를 포함한 예비용 부품과 조종사…","money","혁권 — 보내 드린 견적서를 보시면 아시겠지만, 현재 TA-50은 대당 245억 원, 약 2,120만 달러가량입니다. 16대 기준으로 대략 3억 3,920만 달러이고, 여기에 엔진 7기를 포함한 예비용 부품과 조종사…","이집트 사정이 그리 여유롭게 기다릴 수 있는 형편이 아니었다.","보내 드린 견적서를 보시면 아시겠지만, 현재 TA-50은 대당 245억 원, 약 2,120만 달러가량입니다. 16대 기준으로 대략 3억 3,920만 달러이고, 여기에 엔진 7기를 포함한 예비용 부품과 조종사…","이집트 사정이 그리 여유롭게 기다릴 수 있는 형편이 아니었다.","GA-A34","0.89"
"198","대망 198화","북한 공작원","29077","29220","주동민 전무가 난색을 보이자 혁권이 슬쩍 한 가지 방법을 제시했다.","북한 공작원 — 계약에 대한 전반적인 사항을 위임했지만, TA-50이 도입되면 실제로 사용할 이집트 공군이 기체를 확인하지 않을 수는 없었기에 시찰단이 파견됐다.","혁권 — 순간 한쪽 벽에 붙어 있는 서랍을 뒤지고 있다가 막 문 쪽을 돌아보는 사내가 보였는데 바로 북한 공작원인 차정태였다.","계약에 대한 전반적인 사항을 위임했지만, TA-50이 도입되면 실제로 사용할 이집트 공군이 기체를 확인하지 않을 수는 없었기에 시찰단이 파견됐다.","어렵게 상대를 제압한 혁권이 거칠게 호흡을 내뱉으며 막 몸을 일으키려는 순간 날카로운 총성이 방 안을 가득 울렸다.","절체절명의 순간 혁권은 일말의 망설임도 없이 앞으로 몸을 날리면서 손에 낀 너클을 꽉 움켜쥐곤 있는 힘껏 휘둘렀다.","피투성이가 된 얼굴로 뒤로 젖힌 머리를 그대로 혁권의 얼굴에 들이받았다.","money","피투성이가 된 얼굴로 뒤로 젖힌 머리를 그대로 혁권의 얼굴에 들이받았다.","뒤에서 들린 목소리에 몸을 돌린 형사는 회색 점퍼를 입은 중년의 수사반장을 보곤 화들짝 놀랐다.","피투성이가 된 얼굴로 뒤로 젖힌 머리를 그대로 혁권의 얼굴에 들이받았다.","뒤에서 들린 목소리에 몸을 돌린 형사는 회색 점퍼를 입은 중년의 수사반장을 보곤 화들짝 놀랐다.","GA-A35","0.92"
"199","대망 199화","","29221","29370","눈을 흘긴 반장이 주머니에서 구겨진 담뱃갑을 꺼냈다.","혁권 — 1년 전까지 평범한 상사원이었던 사람이 갑자기 잘 다니던 대기업을 그만두고 나서 중동 지역에서 제법 이름을 날리는 무기 중개상이 되어 나타난 것까지는… 뭐…","6층에서 엘리베이터가 멈추자 내린 혁권은 복도 한쪽에 제복을 입은 경찰관 두 명이 병실을 지키고 있는 걸 발견하곤 그리로 걸어갔다.","혁권 — 1년 전까지 평범한 상사원이었던 사람이 갑자기 잘 다니던 대기업을 그만두고 나서 중동 지역에서 제법 이름을 날리는 무기 중개상이 되어 나타난 것까지는… 뭐, 그렇다고 칩시다…","북한을 상대하는 대공 담당자가 자신을 찾아온 걸 보면 객실에 침입해 권총을 쏴댄 놈들이 북에서 보낸 공작원이라는 뜻이었다.","격투 중에 상대가 내뱉은 북한 사투리에 그럴지도 모른다고 짐작은 했지만, 사실을 확인하자 그의 머릿속이 더욱 복잡해졌다.","그동안 백성균을 옆에 두고 지켜본 혁권은 입이 무겁고 몸놀림이 날랜 모습에, 정식으로 부하로 받아들였다.","money","그동안 백성균을 옆에 두고 지켜본 혁권은 입이 무겁고 몸놀림이 날랜 모습에, 정식으로 부하로 받아들였다.","무언가를 찾는 듯 불빛을 이리저리 비추던 사내들은 한쪽 구석에 시커먼 인영 하나가 벽에 등을 기대고 앉아 있는 걸 발견했다.","그동안 백성균을 옆에 두고 지켜본 혁권은 입이 무겁고 몸놀림이 날랜 모습에, 정식으로 부하로 받아들였다.","무언가를 찾는 듯 불빛을 이리저리 비추던 사내들은 한쪽 구석에 시커먼 인영 하나가 벽에 등을 기대고 앉아 있는 걸 발견했다.","GA-A35","0.89"
"200","대망 200화","","29371","29537","제대로 약속된 암호를 대자 사내들은 경계를 풀고 급히 인영 쪽으로 다가갔다.","불빛에 드러난 인영은 바로 극비 서류를 훔치러 왔다가 혁권이 쏜 총에 맞은 채 호텔을 탈출한 북한 공작원인 심정열이었다.; 체포된 차정태가 자살에 실패했다는 걸 알게 된 북한 공작원들은 조직의 비밀이 새어 나가기 전에 구출해 내거나 아예 입을 막아 버리기 위해 온 거였다.","한편 혁권은 뒤늦게 소식을 듣고 병원을 찾아온 KAI 관계자들을 만나고 있었다.","불빛에 드러난 인영은 바로 극비 서류를 훔치러 왔다가 혁권이 쏜 총에 맞은 채 호텔을 탈출한 북한 공작원인 심정열이었다.","체포된 차정태가 자살에 실패했다는 걸 알게 된 북한 공작원들은 조직의 비밀이 새어 나가기 전에 구출해 내거나 아예 입을 막아 버리기 위해 온 거였다.","제가 말씀드린 제안에 대한 구체적인 대답이 나오면 언제든지 연락해 주십시오.","혁권 — 몸을 좀먹는 행동이었으나 이대로 북한으로 돌아간다면 임무 실패에 대한 질책을 받고 자칫 불명예제대를 당할 수도 있었기에 어떻게 해서든 과오를 만회하기 위해서 마약을 투여하는 것도 불사했다.","money","혁권 — 몸을 좀먹는 행동이었으나 이대로 북한으로 돌아간다면 임무 실패에 대한 질책을 받고 자칫 불명예제대를 당할 수도 있었기에 어떻게 해서든 과오를 만회하기 위해서 마약을 투여하는 것도 불사했다.","다른 사람들에게 피해를 주지 않도록 최대한 벽면 구석진 곳으로 붙어 불을 붙인 그는 나른한 얼굴로 지나다니는 행인들을 바라보았다.","몸을 좀먹는 행동이었으나 이대로 북한으로 돌아간다면 임무 실패에 대한 질책을 받고 자칫 불명예제대를 당할 수도 있었기에 어떻게 해서든 과오를 만회하기 위해서 마약을 투여하는 것도 불사했다.","다른 사람들에게 피해를 주지 않도록 최대한 벽면 구석진 곳으로 붙어 불을 붙인 그는 나른한 얼굴로 지나다니는 행인들을 바라보았다.","GA-A35","0.89"
"201","대망 201화","","29538","29706","하늘에서 내리 쬐는 햇살이 눈 부시도록 밝아, 아직 여름이 아직 다 가지 않았음을 피력하는 듯했다.","결국 염려하던 일이 터지자 욕설을 내뱉는 혁권은 한쪽 팔을 들어 제지하며 국정원 요원이 권총을 뽑아 들었다.; 이내 적이 쏴대는 총탄을 피해 뒤로 물러서야 했다.","혁권 — 탈취하려던 TA-50 관련 보안 서류는 국정원 요원들한테서 아직 돌려받지 못했고, 자신 때문에 임무에 실패했다고 해도 그 복수 하려고 위험을 감수하고 움직이는 건 너무 비상식적인 행동이었다.","결국 염려하던 일이 터지자 욕설을 내뱉는 혁권은 한쪽 팔을 들어 제지하며 국정원 요원이 권총을 뽑아 들었다.","이내 적이 쏴대는 총탄을 피해 뒤로 물러서야 했다.","혁권이 총성을 들은 건 연락을 받고 허겁지겁 뛰어 내려온 국정원 요원과 5층 비상구 계단에서 마주친 순간이었다.","위층에 무장한 경찰관 두 명이 있었지만 알아바디가 치료를 받는 병실을 지켜야 했기에 부를 수는 없었다.","money","위층에 무장한 경찰관 두 명이 있었지만 알아바디가 치료를 받는 병실을 지켜야 했기에 부를 수는 없었다.","뿌연 연막 속에서 소음기를 통해 발사되는 낮은 총성이 연달아 울리며 섬광이 번득였다.","위층에 무장한 경찰관 두 명이 있었지만 알아바디가 치료를 받는 병실을 지켜야 했기에 부를 수는 없었다.","뿌연 연막 속에서 소음기를 통해 발사되는 낮은 총성이 연달아 울리며 섬광이 번득였다.","GA-A35","0.89"
"202","대망 202화","","29707","29869","생각을 해 본 국정원 요원은 이내 고개를 끄덕였다.","혁권 — 이런 난장판에서 인파에 섞여 빠져나가는 북한 공작원들을 찾아내는 건 쉬운 일이 아니었다.; 북한 공작원들을 붙잡아 두는 것이 문제가 아니라 자칫 잘못하면 자신들이 위험한 상황이었다.","복수라도 하듯 총탄이 쏟아지자 재빨리 한쪽에 세워져 있는 구급차 뒤로 등을 기대고 선 혁권은 국정원 요원을 보며 말했다.","혁권 — 이런 난장판에서 인파에 섞여 빠져나가는 북한 공작원들을 찾아내는 건 쉬운 일이 아니었다.","북한 공작원들을 붙잡아 두는 것이 문제가 아니라 자칫 잘못하면 자신들이 위험한 상황이었다.","금방이라도 튀어 나갈 것처럼 긴장된 두 다리를 억지로 붙잡고 혁권은 단 한 순간일 최적의 타이밍을 노렸다.","혁권 — 애초에 국정원 요원이 예비로 가지고 있던 권총을 받아서 쓴 거였기에 탄약이 충분하지 않았다.","money","혁권 — 애초에 국정원 요원이 예비로 가지고 있던 권총을 받아서 쓴 거였기에 탄약이 충분하지 않았다.","벌겋게 얼굴이 달아올라 있는 것이 당장에라도 달려가 권총을 쏴 댈 것만 같았다.","애초에 국정원 요원이 예비로 가지고 있던 권총을 받아서 쓴 거였기에 탄약이 충분하지 않았다.","벌겋게 얼굴이 달아올라 있는 것이 당장에라도 달려가 권총을 쏴 댈 것만 같았다.","GA-A35","0.89"
"203","대망 203화","계약","29870","30018","최기혁이 화들짝 놀라 말하자 바로 호통이 터져 나왔다.","계약 — 안 그래도 어제 이집트 공군 관계자들이 도착해 본격적인 협상이 시작되면서 병실에 머물기가 어려웠는데, 반가운 소식이었다.","딱히 새로울 게 없는 보도 내용에 흥미를 잃은 혁권은 엑스레이를 찍으러 갔던 알아바디가 백성균과 함께 병실로 돌아오자 리모컨을 들어 텔레비전을 껐다.","안 그래도 어제 이집트 공군 관계자들이 도착해 본격적인 협상이 시작되면서 병실에 머물기가 어려웠는데, 반가운 소식이었다.","호텔에서 묵고 있는 이집트 공군 관계자들한테도 만약에 있을지 모를 북한 공작원들의 테러에 대비해 경호 인력이 붙어 있었다.","소매를 살짝 걷어 시간을 확인한 혁권은 한쪽에 서 있는 알아바디를 보며 말했다.","그사이 밴은 이집트에서 온 공군 관계자들이 묵고 있는 호텔에 도착했다.","money","그사이 밴은 이집트에서 온 공군 관계자들이 묵고 있는 호텔에 도착했다.","야외 테라스가 있는 카페 라운지에는 까무잡잡한 피부를 가진 외국인들이 테이블을 여러 개 점거하고 앉아, 다른 사람들은 알아들을 수 없는 빠른 아랍어로 뭔가 대화를 나누고 있었다.","그사이 밴은 이집트에서 온 공군 관계자들이 묵고 있는 호텔에 도착했다.","야외 테라스가 있는 카페 라운지에는 까무잡잡한 피부를 가진 외국인들이 테이블을 여러 개 점거하고 앉아, 다른 사람들은 알아들을 수 없는 빠른 아랍어로 뭔가 대화를 나누고 있었다.","GA-A36","0.92"
"204","대망 204화","","30019","30146","백성균을 대동하고 다가간 혁권은 그들 중 한 사람에게 부드러운 미소를 지으며 영어로 말을 건넸다.","KAI 측 인사들은 지난번과 동일했지만, 혁권은 사반 대령을 포함한 이집트 공군 관계자들하고 함께 자리해 숫자가 늘어났다.; 협상을 조금이라도 유리하게 끌고 가기 위해 이집트 공군 관계자들한테 TA-50의 우수성을 은근슬쩍 피력하는 상대의 모습에 그는 내심 쓴웃음을 지으면서 입을 열었다…","혁권 — 공정이 70% 이상 진행됐으니 계약을 체결하면 6개월 안에 기체를 인도할 수 있습니다.","KAI 측 인사들은 지난번과 동일했지만, 혁권은 사반 대령을 포함한 이집트 공군 관계자들하고 함께 자리해 숫자가 늘어났다.","협상을 조금이라도 유리하게 끌고 가기 위해 이집트 공군 관계자들한테 TA-50의 우수성을 은근슬쩍 피력하는 상대의 모습에 그는 내심 쓴웃음을 지으면서 입을 열었다.","실제 기체를 직접 눈으로 확인하고 시험 비행까지 끝마친 이집트 공군 관계자들은 TA-50의 성능에 상당한 만족감을 표시했다.","혁권 — 조건이 맞다면 바로 계약 할 생각도 있었는데… 이거, 실망이군요.","ability","혁권 — 조건이 맞다면 바로 계약 할 생각도 있었는데… 이거, 실망이군요.","아무리 안전하다고 해도 새 엔진 대신 미 해군이 쓰던 중고를 예비 부품으로 대체한다는 것에 그다지 탐탁지 않아 했다.","조건이 맞다면 바로 계약 할 생각도 있었는데… 이거, 실망이군요.","아무리 안전하다고 해도 새 엔진 대신 미 해군이 쓰던 중고를 예비 부품으로 대체한다는 것에 그다지 탐탁지 않아 했다.","GA-A36","0.89"
"205","대망 205화","","30147","30295","그런 속내를 예민하게 눈치챈 혁권이 자연스럽게 화제를 돌렸다.","계약을 모두 마무리하고 이집트 공군 관계자들을 먼저 떠나보낸 혁권은 출국 당일 아침 알아바디가 입원해 있는 병원으로 갔다.; 마지막에 적힌 총구매 액수를 확인한 최오철 사장은 눈썹을 살짝 위로 치켜올리며 고개를 들었다.","혁권 — 한데, 시음회를 하려고 만나자 한 것은 아니실 테고….","계약을 모두 마무리하고 이집트 공군 관계자들을 먼저 떠나보낸 혁권은 출국 당일 아침 알아바디가 입원해 있는 병원으로 갔다.","마지막에 적힌 총구매 액수를 확인한 최오철 사장은 눈썹을 살짝 위로 치켜올리며 고개를 들었다.","며칠 뒤 양측은 총 6억 달러에 TA-50 고등 훈련기 16대와 예비 부품을 도입하고 운용 인력들의 교육을 받는 계약을 체결했다.","혁권 — 지금까지 합의된 사항을 가지고 대충 계약서를 만들어 봤는데, 한번 확인해 보시지요.","money","혁권 — 지금까지 합의된 사항을 가지고 대충 계약서를 만들어 봤는데, 한번 확인해 보시지요.","침대에는 일찌감치 벗어 놓은 환자복이 가지런히 개어져 있었고, 지내는 동안 사용했던 소모품들도 깔끔하게 정리해 짐 가방에 챙겨 두었다.","지금까지 합의된 사항을 가지고 대충 계약서를 만들어 봤는데, 한번 확인해 보시지요.","침대에는 일찌감치 벗어 놓은 환자복이 가지런히 개어져 있었고, 지내는 동안 사용했던 소모품들도 깔끔하게 정리해 짐 가방에 챙겨 두었다.","GA-A36","0.89"
"206","대망 206화","","30296","30442","병원 내에서도 몇 없는 특실이긴 했지만, 침대라도 더 큰 걸로 바꿔 줄 걸 그랬다며 혁권이 아쉬워했다.","반쯤 엉덩이를 들고 일어선 백성균과 조금 더 신중한 기색으로 이쪽을 주시하는 알아바디를 향해 샌더슨이 천연덕스럽게 손을 흔들어 보였다.; 심인성이 데려간 곳은 일반적인 항공사에서 운영하는 VIP 라운지가 아니라 국회의원을 비롯한 중요 인사들이 이용하는 특별한 공간이었다.","병원을 나온 혁권 일행은 국정원 요원들의 경호를 받으면서 김해공항으로 향했다.","반쯤 엉덩이를 들고 일어선 백성균과 조금 더 신중한 기색으로 이쪽을 주시하는 알아바디를 향해 샌더슨이 천연덕스럽게 손을 흔들어 보였다.","심인성이 데려간 곳은 일반적인 항공사에서 운영하는 VIP 라운지가 아니라 국회의원을 비롯한 중요 인사들이 이용하는 특별한 공간이었다.","이집트 공군의 고등 훈련기 사업을 중개할 수 있도록 해 준 것에 대한 대가였다.","이미 몇 차례 혁권한테 뒷돈을 받기도 했지만, 이런 부수입을 거절할 만큼 샌더슨은 성인군자가 아니었다.","money","이미 몇 차례 혁권한테 뒷돈을 받기도 했지만, 이런 부수입을 거절할 만큼 샌더슨은 성인군자가 아니었다.","쪽지에는 AIM-9 사이드와인더 공대공 미사일과 매버릭 공대지 미사일 그리고 MK82 재래식 폭탄 등이 나열되어 있었다.","이미 몇 차례 혁권한테 뒷돈을 받기도 했지만, 이런 부수입을 거절할 만큼 샌더슨은 성인군자가 아니었다.","쪽지에는 AIM-9 사이드와인더 공대공 미사일과 매버릭 공대지 미사일 그리고 MK82 재래식 폭탄 등이 나열되어 있었다.","GA-A36","0.89"
"207","대망 207화","","30443","30579","이야기를 들은 샌더슨은 단번에 혁권이 뭘 하려는지 눈치챘다.","아무튼 모두가 만족하는 가운데 계약을 끝낸 혁권은 슈팡달렘 공군기지를 나와 숙소로 잡은 호텔로 향했다.; 오랜 재정 적자로 인한 대대적인 국방비 축소로 상당한 압박을 받고 있던 미 공군 입장에서는 불필요한 재고품을 줄이면서 동시에 꽤 많은 현금을 확보할 수 있게 되어 이번 거래에 아주…","파리를 떠나 독일 서부에 있는 슈팡달렘 공군기지를 방문한 혁권은 가져갈 재고 무기들을 살펴보고는 미 공군 측과 구매 계약을 체결했다.","아무튼 모두가 만족하는 가운데 계약을 끝낸 혁권은 슈팡달렘 공군기지를 나와 숙소로 잡은 호텔로 향했다.","오랜 재정 적자로 인한 대대적인 국방비 축소로 상당한 압박을 받고 있던 미 공군 입장에서는 불필요한 재고품을 줄이면서 동시에 꽤 많은 현금을 확보할 수 있게 되어 이번 거래에 아주 적극적이었다.","이번 거래로 뒷돈을 챙길 욕심에 알자파리 소장을 비롯한 이집트 공군 관계자들은 도입 해봤자 오랜 기간 그냥 창고에 들어가 먼지를 뒤집어쓰고 있어야 한다는 걸 알면서도 전혀 신경을 쓰지 않았다.","혁권 — 총거래 액수는 2억 5천만 달러였는데 여기에 이런저런 비용을 붙여서 3억 달러를 맞췄다.","money","혁권 — 총거래 액수는 2억 5천만 달러였는데 여기에 이런저런 비용을 붙여서 3억 달러를 맞췄다.","굳이 메뉴 통일을 하지 않고 마음대로 시켜도 된다고 했지만, 아무래도 두 사람 다 배를 채우는 것이 중요하지, 맛에는 크게 연연해하지 않는 타입이라 긴 메뉴판의 글자를 읽는 것 자체가 귀찮은 듯했다.","총거래 액수는 2억 5천만 달러였는데 여기에 이런저런 비용을 붙여서 3억 달러를 맞췄다.","굳이 메뉴 통일을 하지 않고 마음대로 시켜도 된다고 했지만, 아무래도 두 사람 다 배를 채우는 것이 중요하지, 맛에는 크게 연연해하지 않는 타입이라 긴 메뉴판의 글자를 읽는 것 자체가 귀찮은 듯했다.","GA-A36","0.89"
"208","대망 208화","","30580","30729","차 문을 열고 조수석에 올라탄 레그쥐의 말에 콴딜은 담배를 입에 문 채 머리를 끄덕였다.","바로 앞에서 폭탄이 터졌지만, 다행히 파편이 날아들기 전에 재빨리 두꺼운 원목으로 만들어진 테이블 뒤로 몸을 숨긴 덕분에 혁권과 일행은 약간의 타박상 외에는 별다른 상처를 입지 않았다.; 문제는 미친 듯이 쏴대는 총격을 어떻게 피하느냐 하는 거였다.","알아바디 역시 상대가 무슨 짓을 하려는 거지 바로 알아차리고는 재빨리 앞에 있던 테이블을 넘어뜨려 엄폐물을 만들었다.","바로 앞에서 폭탄이 터졌지만, 다행히 파편이 날아들기 전에 재빨리 두꺼운 원목으로 만들어진 테이블 뒤로 몸을 숨긴 덕분에 혁권과 일행은 약간의 타박상 외에는 별다른 상처를 입지 않았다.","문제는 미친 듯이 쏴대는 총격을 어떻게 피하느냐 하는 거였다.","긴장된 마음으로 걸음을 옮기던 콴딜은 혁권과 눈이 딱 마주치는 순간 상대가 제 존재를 눈치챘다는 걸 알아차렸다.","그런 모습에 알아바디도 뭔가 이상한 느낌을 받고 고개를 돌려 혁권의 시선이 향한 곳을 바라봤다.","money","그런 모습에 알아바디도 뭔가 이상한 느낌을 받고 고개를 돌려 혁권의 시선이 향한 곳을 바라봤다.","잽싸게 앞으로 뛰어나간 백성균은 바닥에 떨어진 권총을 발로 멀리 차 버리고는 혹시라도 다시 덤벼들지 못하도록 레그쥐의 등을 무릎으로 눌러 제압했다.","그런 모습에 알아바디도 뭔가 이상한 느낌을 받고 고개를 돌려 혁권의 시선이 향한 곳을 바라봤다.","잽싸게 앞으로 뛰어나간 백성균은 바닥에 떨어진 권총을 발로 멀리 차 버리고는 혹시라도 다시 덤벼들지 못하도록 레그쥐의 등을 무릎으로 눌러 제압했다.","GA-A36","0.89"
"209","대망 209화","","30730","30872","삼단봉을 빼 들고나온 혁권은 레그쥐가 기절한 걸 보곤 다급히 외쳤다.","레스토랑과 호텔에 설치되어 있던 CCTV를 통해 혁권 일행이 테이저건을 써서 테러범을 제압하는 것을 전부 확인했다.; 뒤 혁권 일행은 체포 과정에서 압수된 소지품들을 돌려받았는데, 테이저건은 위험 물품이라는 이유로 넘겨주지 않았다.","그럼에도 불구하고 이렇게 경찰서에 잡아 두고 조사를 벌이는 건 테러범들의 목표가 단순한 자폭 공격이 아니라 혁권 일행을 노린 것 같았기 때문이었다.","레스토랑과 호텔에 설치되어 있던 CCTV를 통해 혁권 일행이 테이저건을 써서 테러범을 제압하는 것을 전부 확인했다.","뒤 혁권 일행은 체포 과정에서 압수된 소지품들을 돌려받았는데, 테이저건은 위험 물품이라는 이유로 넘겨주지 않았다.","얼마 뒤 조사실을 나오자 먼저 풀려난 알아바디와 백성균이 복도에 서 있다가 그를 보곤 머리를 숙였다.","혁권 — 더 많은 희생이 있을 뻔한 것을 막아 줬으니 감사패를 받아도 모자랄 판에 어디서 범인 취급이냐며 뚱하게 대답하자, 사내가 눈을 가느다랗게 뜨고 말했다.","money","혁권 — 더 많은 희생이 있을 뻔한 것을 막아 줬으니 감사패를 받아도 모자랄 판에 어디서 범인 취급이냐며 뚱하게 대답하자, 사내가 눈을 가느다랗게 뜨고 말했다.","눈을 가늘게 뜬 혁권은 계속 이야기를 해 보라는 얼굴로 상대를 가만히 쳐다봤다.","더 많은 희생이 있을 뻔한 것을 막아 줬으니 감사패를 받아도 모자랄 판에 어디서 범인 취급이냐며 뚱하게 대답하자, 사내가 눈을 가느다랗게 뜨고 말했다.","눈을 가늘게 뜬 혁권은 계속 이야기를 해 보라는 얼굴로 상대를 가만히 쳐다봤다.","GA-A36","0.89"
"210","대망 210화","PMCⅠ","30873","30999","이미 알고 있는 사실이었기에 그는 가만히 머리를 끄덕였다.","PMCⅠ — 숙소로 쓰는 콘도에 도착해 짐을 푼 혁권은 시간을 확인하곤 봉담식품 오대철 사장한테 전화를 걸었다.","이리저리 생산 물량을 확보하려고 애를 쓰고 있었지만 원활하진 않았다. 그래서 안 되면 자기 돈을 써서라도 일단 공장을 가동하려고 하던 차였기에 혁권 입장에서는 구미가 당길 수밖에 없는 제안이었다.","숙소로 쓰는 콘도에 도착해 짐을 푼 혁권은 시간을 확인하곤 봉담식품 오대철 사장한테 전화를 걸었다.","무슨 말씀이신지 잘 알겠습니다. 하지만 설비를 늘리는 문제는 쉽게 결정하기 어려운 문제입니다. 일단 한다고 해도 생산 설비를 갖추고 정상 가동을 하려면 아무리 서두른다고 해도 몇 개월은 걸립니다…","뜻밖의 제안에 상대는 당황한 기색을 감추지 못했다.","이민국에 약속한 날짜가 이미 지난 상태라 이러다가 어렵게 받은 이민 허가가 취소되는 건 아닌지 내심 걱정하던 자말은 한시름 놨다는 표정을 지었다.","world","이민국에 약속한 날짜가 이미 지난 상태라 이러다가 어렵게 받은 이민 허가가 취소되는 건 아닌지 내심 걱정하던 자말은 한시름 놨다는 표정을 지었다.","확신에 찬 혁권의 태도에 오대철 사장은 짧게 침음성을 흘렸다.","이민국에 약속한 날짜가 이미 지난 상태라 이러다가 어렵게 받은 이민 허가가 취소되는 건 아닌지 내심 걱정하던 자말은 한시름 놨다는 표정을 지었다.","확신에 찬 혁권의 태도에 오대철 사장은 짧게 침음성을 흘렸다.","GA-A37","0.92"
"211","대망 211화","","31000","31153","수요가 계속해서 늘어날 것이라고 확신하십니까?","네이비 실 출신들을 주축으로 미국에서 만들어진 블랙워터는 대표적인 거대 PMC로, 자체적으로 장갑차를 비롯한 각종 중화기는 물론이고 무장 헬기와 수송기까지 보유한 강력한 전투 집단이었다…","아테네 외항인 피레에프스 항구 근처에 있는 혁권 소유의 의류 공장에서는 오전부터 기계 돌아가는 소리가 요란하게 울렸다.","네이비 실 출신들을 주축으로 미국에서 만들어진 블랙워터는 대표적인 거대 PMC로, 자체적으로 장갑차를 비롯한 각종 중화기는 물론이고 무장 헬기와 수송기까지 보유한 강력한 전투 집단이었다.","미국 지사에서 페이퍼 컴퍼니를 이용해 자금 세탁을 하고 비용을 부풀려 세금을 탈루한 것이 적발되는 바람에 회사가 보통 시끄러운 게 아니야. 소문에는 미국뿐만 아니라 국내에서도 대대적인 세무조사를 받게 될 거라는군…","먼저 제일 규모가 큰 PMC(Private Military Company(민간군사기업)인 Xe사와 접촉을 해 봤습니다.","혁권 — 혹시 지난번에 투자 이민 용도로 매입한 공장을 진짜로 돌리려는 거야?","status","혁권 — 혹시 지난번에 투자 이민 용도로 매입한 공장을 진짜로 돌리려는 거야?","엄청나게 많은 숫자에 그는 놀란 표정을 감추지 않았다.","혹시 지난번에 투자 이민 용도로 매입한 공장을 진짜로 돌리려는 거야?","엄청나게 많은 숫자에 그는 놀란 표정을 감추지 않았다.","GA-A37","0.89"
"212","대망 212화","","31154","31285","혁권은 수긍하듯 작게 머리를 끄덕였다.","은완코의 말이 사실이라면 시에라리온 국토의 절반가량이 반군 손아귀에 들어갔다는 뜻이 됐다.; 솔직히 말씀드리면 그렇게 좋지 않습니다. 파죽지세로 밀고 들어오던 반군의 공격을 겨우 막아 내기는 했지만, 한때 프리타운에서 33㎞밖에 떨어지지 않은 워털루까지 빼앗겼을 정도니까요.","원래는 두 명 정도만 데리고 다니려고 했었다. 하지만 벌써 몇 번이나 위험한 상황을 겪었고, 아직 이슬람형제단이 내건 현상금이 취소되지 않았다는 걸 들며 자말이 고집을 부리는 바람에 어쩔 수 없이 셋을 다 데려가기로 했다.","은완코의 말이 사실이라면 시에라리온 국토의 절반가량이 반군 손아귀에 들어갔다는 뜻이 됐다.","솔직히 말씀드리면 그렇게 좋지 않습니다. 파죽지세로 밀고 들어오던 반군의 공격을 겨우 막아 내기는 했지만, 한때 프리타운에서 33㎞밖에 떨어지지 않은 워털루까지 빼앗겼을 정도니까요.","며칠 뒤 혁권은 시에라리온의 수도인 프리타운에 발을 디뎠다.","혁권은 두껍게 둘둘 1만 달러 뭉치를 건넸다.","world","혁권은 두껍게 둘둘 1만 달러 뭉치를 건넸다.","그 모습을 본 홍선호 역시 김덕현 전무와 같이 베레타 권총을 집어 들었다가 곧 생각보다 묵직한 무게에 놀란 듯 팔을 늘어뜨렸다.","혁권은 두껍게 둘둘 1만 달러 뭉치를 건넸다.","그 모습을 본 홍선호 역시 김덕현 전무와 같이 베레타 권총을 집어 들었다가 곧 생각보다 묵직한 무게에 놀란 듯 팔을 늘어뜨렸다.","GA-A37","0.89"
"213","대망 213화","","31286","31424","이를 악물고 두 손으로 받쳐 들며 내뱉은 홍성환의 말에 알아바디와 하킴이 동시에 눈썹을 꿈틀거렸다.","혁권 — 어찌 됐건 이 계약은 인정할 수 없습니다. 그리고 여기 적혀 있는 계약 기간도 잘못됐군요.; 거리에는 반군을 피해 고향을 버리고 도망쳐 온 궁색한 행색의 피난민들이 여기저기 눈에 띄었다.","미리 양해를 구하지 못한 건 사과드리겠습니다. 하지만 저희 쪽에서 개발권을 가진 TC인터내셔널을 인수한 것이기 때문에 시에라리온 정부와 맺은 계약 역시 승계되는 게 당연하다고 생각합니다.","혁권 — 어찌 됐건 이 계약은 인정할 수 없습니다. 그리고 여기 적혀 있는 계약 기간도 잘못됐군요.","거리에는 반군을 피해 고향을 버리고 도망쳐 온 궁색한 행색의 피난민들이 여기저기 눈에 띄었다.","본국 정부에서 개발을 허락한 곳은 TC인터내셔널이지 솔 루시두스사가 아닙니다. 사전에 아무런 양해도 없이 이루어진 개발권 양도는 인정할 수 없습니다. 그런 이유로 계약 승계 역시 불가능합니다.","혁권 — 아무튼 우리 입장은 충분히 밝혔고 계약을 승계하는 것도 여러 가지로 문제가 많으니까 다시 준비 해서 오도록 하십시오.","money","혁권 — 아무튼 우리 입장은 충분히 밝혔고 계약을 승계하는 것도 여러 가지로 문제가 많으니까 다시 준비 해서 오도록 하십시오.","빽빽하게 들어찬 돈뭉치가 눈에 들어오자 그의 입꼬리가 더욱 위로 치켜 올라갔다.","아무튼 우리 입장은 충분히 밝혔고 계약을 승계하는 것도 여러 가지로 문제가 많으니까 다시 준비 해서 오도록 하십시오.","빽빽하게 들어찬 돈뭉치가 눈에 들어오자 그의 입꼬리가 더욱 위로 치켜 올라갔다.","GA-A37","0.89"
"214","대망 214화","","31425","31584","혁권은 대답하지 않았으나 속으로 코웃음을 쳤고, 그 대신 김덕현 전무가 정색한 얼굴로 나섰다.","계약서를 김덕현 전무한테 건넨 혁권은 고개를 들어 운전대를 잡은 은완코에게 시선을 주며 말했다.; 뒤에서 누군가 선동을 하는 것처럼 한 덩어리로 뭉친 사람들 가운데에선 마스크로 얼굴을 가리고 피켓으로 하늘을 찌를 듯이 흔들어 대고 있는 자들도 꽤 많이 보여 위협적이었다.","호텔로 돌아가는 차 안에서 혁권은 시에라리온 산업부 직인이 선명하게 찍힌 계약서를 훑어보곤 씁쓸한 표정을 지었다.","계약서를 김덕현 전무한테 건넨 혁권은 고개를 들어 운전대를 잡은 은완코에게 시선을 주며 말했다.","뒤에서 누군가 선동을 하는 것처럼 한 덩어리로 뭉친 사람들 가운데에선 마스크로 얼굴을 가리고 피켓으로 하늘을 찌를 듯이 흔들어 대고 있는 자들도 꽤 많이 보여 위협적이었다.","오면서 겪은 사건도 있고 아무래도 지금 일을 벌이기에는 시에라리온 정세가 너무 안 좋아서 드리는 말입니다. 일단 계약 승계를 끝마쳤으니 차라리 조금 더 기다렸다가 분위기가 괜찮아지면 다시 사업을 추진하는 것이 어떻겠습니까?","그중에서 이런 어수선한 상황을 처음 겪어 보는 홍선호가 가장 크게 충격을 받은 기색이었다.","status","그중에서 이런 어수선한 상황을 처음 겪어 보는 홍선호가 가장 크게 충격을 받은 기색이었다.","갑작스러운 물음에 김덕현 전무는 바로 대답 하지 못하고 머뭇거렸다.","그중에서 이런 어수선한 상황을 처음 겪어 보는 홍선호가 가장 크게 충격을 받은 기색이었다.","갑작스러운 물음에 김덕현 전무는 바로 대답 하지 못하고 머뭇거렸다.","GA-A37","0.89"
"215","대망 215화","","31585","31721","수긍하는 듯하던 혁권은 이내 확고한 태도를 보였다.","계약을 맺어 뒀다고 하지만 상황에 따라 그게 얼마나 무의미한 것이 되는지 오랜 해외 자원 개발 경험으로 너무나도 잘 알고 있던 김덕현 전무는 말문이 막혔다.; 반군의 공격에 수도인 프리타운을 사수하는 과정에서 피해를 크게 입는 바람에 지금은 편제만 겨우 유지하는 수준이 되고 말았다.","생각해 봐. 정국이 안정되고 반군의 위협이 없다면 과연 시에라리온 정부가 엄청난 이권이 걸린 다이아몬드 광산 개발권을 우리 같은 작은 회사에 그냥 넘겨주려고 할까? 그것도 개발 수익 대부분을 가져갈 수 있도록 된 불리한 계약…","계약을 맺어 뒀다고 하지만 상황에 따라 그게 얼마나 무의미한 것이 되는지 오랜 해외 자원 개발 경험으로 너무나도 잘 알고 있던 김덕현 전무는 말문이 막혔다.","반군의 공격에 수도인 프리타운을 사수하는 과정에서 피해를 크게 입는 바람에 지금은 편제만 겨우 유지하는 수준이 되고 말았다.","거만한 자세로 앉은 두테 장관의 양복 소매 사이로 언뜻 보이는 금장 롤렉스 시계를 발견한 혁권은 미소를 지으며 물었다.","두테 — 그놈들로 인해 생긴 피해가 이만저만 큰 것이 아니오. 하지만 곧 반군을 격퇴하고 코노 지역을 탈환할 수 있을 테니, 조금만 더 참고 기다려 보시오.","money","두테 — 그놈들로 인해 생긴 피해가 이만저만 큰 것이 아니오. 하지만 곧 반군을 격퇴하고 코노 지역을 탈환할 수 있을 테니, 조금만 더 참고 기다려 보시오.","수도인 프리타운도 국경에 배치된 병력까지 투입해 겨우 지켜 냈으면서 동부 지역을 대부분 장악하며 기세를 올리고 있는 반군을 물리치겠다니, 그는 내심 코웃음이 나왔다.","그놈들로 인해 생긴 피해가 이만저만 큰 것이 아니오. 하지만 곧 반군을 격퇴하고 코노 지역을 탈환할 수 있을 테니, 조금만 더 참고 기다려 보시오.","수도인 프리타운도 국경에 배치된 병력까지 투입해 겨우 지켜 냈으면서 동부 지역을 대부분 장악하며 기세를 올리고 있는 반군을 물리치겠다니, 그는 내심 코웃음이 나왔다.","GA-A37","0.89"
"216","대망 216화","PMCⅡ","31722","31853","혁권은 그런 티를 전혀 내지 않은 채 이야기를 했다.","PMCⅡ — 가히 민간 군사 기업(PMC)의 원조 격이나 마찬가지로 앙골라와 모잠비크, 나미비아 등지에서 활약하다가 당시 지금 못지않게 내전이 치열하게 전개되던 시에라리온에서 전 세계적인 악명을 얻게 됐다.","경호 차의 호위를 받으면서 두테 장관 일행이 레스토랑 앞을 떠나자 혁권은 짧게 한숨을 내쉬고는 주머니에서 담배를 꺼내 입에 물었다.","가히 민간 군사 기업(PMC)의 원조 격이나 마찬가지로 앙골라와 모잠비크, 나미비아 등지에서 활약하다가 당시 지금 못지않게 내전이 치열하게 전개되던 시에라리온에서 전 세계적인 악명을 얻게 됐다.","방금 말씀드렸지 않습니까. 반군으로 인해 광산 개발을 못 하게 되면서 피해가 막심하다고 말입니다. 어려움을 겪고 있는 시에라리온 정부를 돕고 더불어서 사업을 정상적으로 추진하려는 것 말고 손톱만큼도 다른 의도가 없습니다.","사실 아무렇지도 않은 듯 지내고 있었지만 코로마 대통령도 턱밑에 웅크리고 있는 반군의 존재가 항상 신경에 거슬렸다.","어렵게 반군을 격퇴하기는 했지만, 여전히 얼마 떨어지지 않은 마시아카에 머물면서 호시탐탐 프리타운을 노리고 있지 않습니까.","world","어렵게 반군을 격퇴하기는 했지만, 여전히 얼마 떨어지지 않은 마시아카에 머물면서 호시탐탐 프리타운을 노리고 있지 않습니까.","울분이 치밀어 오르는 것은 어쩔 수 없었기에 코로마 대통령이 입술을 질겅이며 기분 나쁜 티를 내자 두테 장관이 그제야 슬쩍 본론을 꺼냈다.","어렵게 반군을 격퇴하기는 했지만, 여전히 얼마 떨어지지 않은 마시아카에 머물면서 호시탐탐 프리타운을 노리고 있지 않습니까.","울분이 치밀어 오르는 것은 어쩔 수 없었기에 코로마 대통령이 입술을 질겅이며 기분 나쁜 티를 내자 두테 장관이 그제야 슬쩍 본론을 꺼냈다.","GA-A37","0.92"
"217","대망 217화","","31854","31978","심기가 불편해진 코로마 대통령이 퉁명스럽게 말을 내뱉었지만 두테 장관은 신경 쓰지 않고 이야기를 이었다.","화장실 들어갈 때와 나올 때 마음이 다르다고, 혹시라도 나중에 딴말 하지 못하도록, 혁권은 솔 루시두스사가 보유한 광산 지역에서 자위권 차원의 용병대 운영을 정식으로 허가라는 시에라리온 정부의 승인서를 받았다.; 다이아몬드 매장량이 풍부해서 반군들의 자금줄 역할을 하는 곳입니다…","혁권 — 됐소. 그런 종이 쪼가리보다는 서로 간의 믿음이 더 중요하지 않겠소. 대신 보크사이트 광산에 관한 건 내가 말해 놓을 테니 담당자를 만나 계약서를 새로 작성해야 할 거요.","화장실 들어갈 때와 나올 때 마음이 다르다고, 혹시라도 나중에 딴말 하지 못하도록, 혁권은 솔 루시두스사가 보유한 광산 지역에서 자위권 차원의 용병대 운영을 정식으로 허가라는 시에라리온 정부의 승인서를 받았다.","다이아몬드 매장량이 풍부해서 반군들의 자금줄 역할을 하는 곳입니다. 여기를 공격받아 뒤가 불안해진다면 마시아카에 있는 반군들이 퇴각 할 수밖에 없을 것이고…","순이익을 기준으로 시에라리온 정부가 30%를 가져가기로 계약이 맺어져 있었다.","거기에 더해서 두테 장관과 합의한 대로 시두 인근에 있는 보크사이트 광산 채굴권을 400만 달러에 인수했다.","money","거기에 더해서 두테 장관과 합의한 대로 시두 인근에 있는 보크사이트 광산 채굴권을 400만 달러에 인수했다.","바퀴가 땅에 닿을 때 제법 큰 충격이 있기는 했지만, 다행히 비행기는 별다른 문제 없이 착륙에 성공했다.","거기에 더해서 두테 장관과 합의한 대로 시두 인근에 있는 보크사이트 광산 채굴권을 400만 달러에 인수했다.","바퀴가 땅에 닿을 때 제법 큰 충격이 있기는 했지만, 다행히 비행기는 별다른 문제 없이 착륙에 성공했다.","GA-A37","0.89"
"218","대망 218화","","31979","32109","뿌연 흙먼지를 일으키면서 천천히 한 바퀴 선회를 한 비행기는 이내 엔진을 완전히 끄며 멈춰 섰다.","비행기에서 화물을 내려 트럭에 옮겨 싣고 있는 사람들을 뒤로하고 사륜구동차가 먼지구름을 일으키며 출발하자 그가 조수석에 앉은 래리를 보며 물었다.; 반군이라고 하지만 숫자도 많고 무엇보다 10여 년 넘게 내전을 치러 오면서 전투에 단련된 놈들이라 상대하기가 아주 까다롭습니다.","혁권 — 일단 계약을 맺고 본격적으로 일을 시작하게 된다면 용병들한테 등을 맡기고 의지해야 한다. 그런데 상대가 욕심이 많고 혹시라도 엉뚱한 생각을 품기라도 한다면 여러 가지로 불안할 수밖에 없었다.","비행기에서 화물을 내려 트럭에 옮겨 싣고 있는 사람들을 뒤로하고 사륜구동차가 먼지구름을 일으키며 출발하자 그가 조수석에 앉은 래리를 보며 물었다.","반군이라고 하지만 숫자도 많고 무엇보다 10여 년 넘게 내전을 치러 오면서 전투에 단련된 놈들이라 상대하기가 아주 까다롭습니다.","인원과 장비가 한곳에 묶이게 되지만 반대로 안정적인 수익을 올릴 수 있기에 이런 장기 계약도 나쁘지 않았다.","혁권 — 흐음. 그러면 계약 기간이 길어지겠군요.","money","혁권 — 흐음. 그러면 계약 기간이 길어지겠군요.","혁권의 말에 타머는 한쪽 손을 가볍게 내저었다.","흐음. 그러면 계약 기간이 길어지겠군요.","혁권의 말에 타머는 한쪽 손을 가볍게 내저었다.","GA-A37","0.89"
"219","대망 219화","치우蚩尤 팀","32110","32231","타머는 강한 자부심을 보였다.","치우蚩尤 팀 — 용병 계약을 마무리 지은 혁권은 다음 날 바로 훈련 캠프를 떠나 케이프타운 국제공항에서 다음 행선지로 가는 비행기를 기다리고 있었다.","혁권 — 육상 이동로가 확보되지 않은 상황에서 한꺼번에 이만한 장비와 병력을 투입하고 보급을 유지하려면 어려움이 상당할 겁니다…","용병 계약을 마무리 지은 혁권은 다음 날 바로 훈련 캠프를 떠나 케이프타운 국제공항에서 다음 행선지로 가는 비행기를 기다리고 있었다.","이건 적진 한복판에서 반군에 둘러싸여 전투를 벌여야 하는 상황을 고려할 때 아주 치명적인 요소였다.","일명 블러드 다이아몬드라고 불리는 밀거래 루트를 확인하게 된 혁권은 자신도 모르게 낮은 침음성을 흘렸다.","혁권은 상대의 손을 덥석 잡고는 힘 있게 흔드는 걸로 계약을 최종 합의했다.","money","혁권은 상대의 손을 덥석 잡고는 힘 있게 흔드는 걸로 계약을 최종 합의했다.","뒤 일행을 태운 비행기는 힘차게 케이프타운 국제공항 활주로를 날아올랐다.","혁권은 상대의 손을 덥석 잡고는 힘 있게 흔드는 걸로 계약을 최종 합의했다.","뒤 일행을 태운 비행기는 힘차게 케이프타운 국제공항 활주로를 날아올랐다.","GA-A38","0.92"
"220","대망 220화","","32232","32387","인천 국제공항에 도착했을 때는 아직 해가 뜨지 않은 새벽이었다.","어머니가 가방을 들어 주려는 것을 만류하면서 혁권이 안으로 들어서자, 익숙하면서도 그리운 집 냄새가 코끝에 확 풍겼다.; 캐리어 하나만 끌고 제집 문 앞에 멈춰 선 혁권이 열쇠를 찾느라 잠시 주머니를 뒤적거리고 있는데, 예고도 없이 문이 벌컥 열렸다.","입국장에는 먼저 한국으로 돌아갔던 김덕현 전무가 이른 시간임에도 불구하고 직원들과 마중을 나와 있었다.","어머니가 가방을 들어 주려는 것을 만류하면서 혁권이 안으로 들어서자, 익숙하면서도 그리운 집 냄새가 코끝에 확 풍겼다.","캐리어 하나만 끌고 제집 문 앞에 멈춰 선 혁권이 열쇠를 찾느라 잠시 주머니를 뒤적거리고 있는데, 예고도 없이 문이 벌컥 열렸다.","갑자기 나타난 어머니의 말에 혁권이 눈을 동그랗게 뜨고 물었다.","혁권 — 최고급 명품 브랜드에서 산 브로치로, 면세인데도 6천 달러를 넘게 주고 구입했다.","relationship","혁권 — 최고급 명품 브랜드에서 산 브로치로, 면세인데도 6천 달러를 넘게 주고 구입했다.","오랜만에 먹는 집밥이라고 조금 과식을 했는지 속이 더부룩한 느낌에 그가 한쪽 손으로 배를 만지자, 옆에 앉아 있던 하킴이 고개를 돌리며 말했다.","최고급 명품 브랜드에서 산 브로치로, 면세인데도 6천 달러를 넘게 주고 구입했다.","오랜만에 먹는 집밥이라고 조금 과식을 했는지 속이 더부룩한 느낌에 그가 한쪽 손으로 배를 만지자, 옆에 앉아 있던 하킴이 고개를 돌리며 말했다.","GA-A38","0.89"
"221","대망 221화","","32388","32526","괜찮다는 듯 한쪽 팔을 가볍게 내젓자 하킴이 차분한 목소리로 이야기를 이었다.","공사 중단으로 협력사인 태일 물산 역시 손해가 불가피해진 만큼 이런저런 핑계를 대면서 대금 지급을 미룰 수도 있었는데, 홍성완 지사장 덕분에 그런 골치 아픈 일을 안 겪어도 됐다.; 열사의 땅까지 와서 죽을 고생을 해가…","자말처럼 믿고 일을 맡길 수 있는 수하가 그를 대신해서 든든하게 자리를 지키고 있으니 안심이 됐다.","공사 중단으로 협력사인 태일 물산 역시 손해가 불가피해진 만큼 이런저런 핑계를 대면서 대금 지급을 미룰 수도 있었는데, 홍성완 지사장 덕분에 그런 골치 아픈 일을 안 겪어도 됐다.","열사의 땅까지 와서 죽을 고생을 해가며 열심히 일했는데 돈을 벌어 가는 건 고사하고 엄청난 손해를 입었으니, 기가 막힐 노릇일 것이다.","제대하고 나서 한동안 연락을 주고받았지만, 사회생활에 바쁘다 보니 뜸해지다가 어느 순간부터 소식이 끊어졌었다.","혁권 — 노가다는 돈이라도 많이 받지. 난 월급 120만 원에 그나마도 2년짜리 비정규직이야.","money","혁권 — 노가다는 돈이라도 많이 받지. 난 월급 120만 원에 그나마도 2년짜리 비정규직이야.","난데없이 사업이라니 세 사람은 어리둥절한 얼굴로 혁권을 봤다.","노가다는 돈이라도 많이 받지. 난 월급 120만 원에 그나마도 2년짜리 비정규직이야.","난데없이 사업이라니 세 사람은 어리둥절한 얼굴로 혁권을 봤다.","GA-A38","0.89"
"222","대망 222화","","32527","32665","자세를 바로 한 혁권은 사뭇 진지한 목소리로 본론을 꺼냈다.","그럴 수밖에 없는 것이 치우라는 콜사인은 혁권과 이 자리에 모은 동료들이 군대 시절 함께 속해 있던 팀 명칭이었다.; 최근 몇 년 사이에 중동과 아프리카 지역의 정세가 불안해지고 해적들까지 설치면서 보안 수요가 폭발하고 있었다.","복잡한 얼굴로 두 사람의 모습을 바라보던 태영준은 이내 작게 한숨을 내쉬고는 어떻게 할지 결정을 내렸다.","그럴 수밖에 없는 것이 치우라는 콜사인은 혁권과 이 자리에 모은 동료들이 군대 시절 함께 속해 있던 팀 명칭이었다.","최근 몇 년 사이에 중동과 아프리카 지역의 정세가 불안해지고 해적들까지 설치면서 보안 수요가 폭발하고 있었다.","머뭇거리던 그는 혁권의 의중을 알아차리곤 다른 이들의 눈에 보이지 않게 작게 눈빛을 교환한 뒤에 대답했다.","당연히 국내 기업들 역시 안전을 확보하기 위해 민간 군사 기업의 도움을 받는 경우가 많았고 자연스럽게 한국인 용병들의 수요가 생겨났다.","money","당연히 국내 기업들 역시 안전을 확보하기 위해 민간 군사 기업의 도움을 받는 경우가 많았고 자연스럽게 한국인 용병들의 수요가 생겨났다.","그걸로 진지한 이야기를 모두 마무리 지은 혁권과 세 사람은 그때부터 본격적으로 주거니 받거니 하면서 술을 마시기 시작했다.","당연히 국내 기업들 역시 안전을 확보하기 위해 민간 군사 기업의 도움을 받는 경우가 많았고 자연스럽게 한국인 용병들의 수요가 생겨났다.","그걸로 진지한 이야기를 모두 마무리 지은 혁권과 세 사람은 그때부터 본격적으로 주거니 받거니 하면서 술을 마시기 시작했다.","GA-A38","0.89"
"223","대망 223화","준비","32666","32802","샤워한 혁권이 수건으로 머리를 털며 나오자 거실에서 신문을 읽고 계시던 아버지가 고개를 들어 그를 봤다.","준비 — 혁권 — 장비와 인력을 어떻게 광산까지 옮길 생각이십니까? 주변에 마땅한 비행장이 없으니 수송기는 어려울 테고 그렇다고 헬기를 이용한다고 해도 시간과 비용이 상당히 많이 들어갈 텐데요.","혁권 — 어차피 광산이 정상적으로 돌아가기 시작하면 다 필요한 인력인데, 돈 몇 푼 아끼자고 신뢰 관계에 금이 가게 만드는 건 나중을 생각해서라도 좋지 않은 행동일 거야. 그리고 아직 자금이 부족한 것도 아니잖아.","혁권 — 장비와 인력을 어떻게 광산까지 옮길 생각이십니까? 주변에 마땅한 비행장이 없으니 수송기는 어려울 테고 그렇다고 헬기를 이용한다고 해도 시간과 비용이 상당히 많이 들어갈 텐데요.","힘들게 광산을 탈환했는데 인력이 부족해 채굴을 못 한다면 그것보다 더 곤혹스러운 일도 없을 터였다.","지금도 독점적인 지위를 누르고 있지만 예전에는 세계적인 다이아몬드 생산지인 남아프리카 공화국의 광산 대부분을 소유하면서 서아프리카와 시베리아 지역에서 새로운 광산이 발견되기 전까지 시장 전체를 장악하고는 가격을 마음대로 주물…","아틀라스사와 용병 계약을 맺으면서 조만간 지출해야 할 금액만 수백만 달러에 달했으니, 혁권의 자금 사정을 정확하게 모르는 김덕현 전무로서는 걱정이 되지 않을 수가 없었다.","money","아틀라스사와 용병 계약을 맺으면서 조만간 지출해야 할 금액만 수백만 달러에 달했으니, 혁권의 자금 사정을 정확하게 모르는 김덕현 전무로서는 걱정이 되지 않을 수가 없었다.","편한 말투로 이야기를 하는 혁권과 달리 태영준은 김덕현 전무도 동석한 공식적인 자리였기에 그를 깍듯하게 대했다.","아틀라스사와 용병 계약을 맺으면서 조만간 지출해야 할 금액만 수백만 달러에 달했으니, 혁권의 자금 사정을 정확하게 모르는 김덕현 전무로서는 걱정이 되지 않을 수가 없었다.","편한 말투로 이야기를 하는 혁권과 달리 태영준은 김덕현 전무도 동석한 공식적인 자리였기에 그를 깍듯하게 대했다.","GA-A39","0.92"
"224","대망 224화","","32803","32946","태영준이 건넨 서류 봉투 안에는 세 사람의 여권과 이력서 그리고 몇 가지 필요한 서류들이 들어 있었다.","웬만하면 샌더슨, 아니 CIA하고 자꾸 엮이지 않고 싶었으나, 육로가 막힌 상황에서 광산을 탈환하는 데 필요한 병력과 물자를 한꺼번에 실어 날라 줄 수 있는 수단을 가진 곳은 이쪽뿐이었다.; 입이 댓 발이나 나와선 삐죽거리는 유승우의 모습에 태영준이 피식 웃음을 흘렸다.","전역한 지 다들 2~3년이 지난 상태라 예전 몸놀림과 감각을 되살리기 위해서 혁권은 레소토 왕국에 있는 아틀라스사의 캠프를 빌려 새로 구성될 치우 팀을 훈련할 계획이었다.","웬만하면 샌더슨, 아니 CIA하고 자꾸 엮이지 않고 싶었으나, 육로가 막힌 상황에서 광산을 탈환하는 데 필요한 병력과 물자를 한꺼번에 실어 날라 줄 수 있는 수단을 가진 곳은 이쪽뿐이었다.","입이 댓 발이나 나와선 삐죽거리는 유승우의 모습에 태영준이 피식 웃음을 흘렸다.","조금 억지스러운 부분이 있지만 이번에는 속는 셈 치고 넘어가도록 하겠소. 하지만 헬기를 동원하는 일은 내가 혼자 결정할 수 있는 부분이 아니라서 상부의 승인을 받아야 하오.","혁권 — 최신 공격헬기인 AH-64 아파치의 가격이 롱보우 레이더까지 탑재해도 5천만 달러 안팎인 걸 생각하면 엄청난 고가였다.","money","혁권 — 최신 공격헬기인 AH-64 아파치의 가격이 롱보우 레이더까지 탑재해도 5천만 달러 안팎인 걸 생각하면 엄청난 고가였다.","피카티니 레일을 장착한 HK416 자동소총, 야시경과 연결되는 광학 조준경 그리고 최신 FAST 헬멧에다가 헤드셋형 통신기까지 하나같이 범상치 않은 것들이었다.","최신 공격헬기인 AH-64 아파치의 가격이 롱보우 레이더까지 탑재해도 5천만 달러 안팎인 걸 생각하면 엄청난 고가였다.","피카티니 레일을 장착한 HK416 자동소총, 야시경과 연결되는 광학 조준경 그리고 최신 FAST 헬멧에다가 헤드셋형 통신기까지 하나같이 범상치 않은 것들이었다.","GA-A39","0.89"
"225","대망 225화","","32947","33076","아주 고가품이라 아프리카나 중동 지역 정부군과 반군 들이 쓸 장비는 절대 아니었기에, 눈치가 빠른 압둘라흐만이 뭔가 있다는 걸 알아차리곤 이렇게 연락해 온 것이다.","그렇지 않아도 지사 운영 자금이 거의 바닥난 상태라 돈 이야기를 꺼내려던 김덕현 전무는 반색 했다.; 이렇게까지 자금을 투자했는데 막상 다이아몬드 광산의 가치가 낮거나 탈환에 실패한다면 상당한 타격이 아닐 수 없었다.","덕분에 혁권은 광산을 탈환하는 데 최적의 보급 거점을 확보할 수 있게 됐다.","그렇지 않아도 지사 운영 자금이 거의 바닥난 상태라 돈 이야기를 꺼내려던 김덕현 전무는 반색 했다.","이렇게까지 자금을 투자했는데 막상 다이아몬드 광산의 가치가 낮거나 탈환에 실패한다면 상당한 타격이 아닐 수 없었다.","다이아몬드 광산을 탈환하는 것에 온 신경을 집중해도 부족할 판에 CIA의 뒤치다꺼리까지 하라니 어처구니가 없었다.","혁권 — 계약한 대로 3개월 치 비용인 750만 달러(한화로 약 85억 원)를 아틀라스사 계좌로 입금했습니다.","money","혁권 — 계약한 대로 3개월 치 비용인 750만 달러(한화로 약 85억 원)를 아틀라스사 계좌로 입금했습니다.","마지막으로 여권을 주머니에 챙긴 혁권은 거실에 부모님이 두 분 다 계시는 것을 보고 눈을 깜박거렸다.","계약한 대로 3개월 치 비용인 750만 달러(한화로 약 85억 원)를 아틀라스사 계좌로 입금했습니다.","마지막으로 여권을 주머니에 챙긴 혁권은 거실에 부모님이 두 분 다 계시는 것을 보고 눈을 깜박거렸다.","GA-A39","0.89"
"226","대망 226화","","33077","33203","오늘이 휴일이었던가, 하면서 고개를 갸웃거리고 있으니 아버지가 쯧 혀를 찼다.","이틀 뒤 인천공항을 떠나 남아프리카 공화국을 거쳐 프리타운에 도착한 혁권은 잠시 쉬지도 못하고 바로 5인승 세스나 경비행기 안에 탑승해 있었다.; 스마트폰하고 연결된 스피커에서는 시끄러운 랩과 헤비메탈 음악이 쩌렁쩌렁하게 울렸고…","귀찮은 일을 피하려고 미리 두테 국방부 장관에게 공항을 사용해도 좋다는 허락까지 받고 왔는데, 막상 현지에 도착해서 이런 이야기를 들으니 절로 당혹스러울 수밖에 없었다.","이틀 뒤 인천공항을 떠나 남아프리카 공화국을 거쳐 프리타운에 도착한 혁권은 잠시 쉬지도 못하고 바로 5인승 세스나 경비행기 안에 탑승해 있었다.","스마트폰하고 연결된 스피커에서는 시끄러운 랩과 헤비메탈 음악이 쩌렁쩌렁하게 울렸고, 여러 인종이 뒤섞인 용병들은 자유롭게 앉아 각자 장비를 점검하거나 담배를 피우면서 휴식을 취했다.","혁권은 몰랐지만 사실 케네마에는 시에라리온 남부 국경을 지키는 3군단 사령부가 있어서 상시 1개 연대 이상의 정예 병력이 배치되어 있었다.","그럴 수밖에 없는 것이 시에라리온에서 2만 달러면 몇 년은 떵떵거리면서 살 수 있을 정도로 엄청 큰돈이었다.","world","그럴 수밖에 없는 것이 시에라리온에서 2만 달러면 몇 년은 떵떵거리면서 살 수 있을 정도로 엄청 큰돈이었다.","마중을 나왔던 래리가 조수석에 앉아 있다가 몸을 뒤로 약간 돌리면서 물었다.","그럴 수밖에 없는 것이 시에라리온에서 2만 달러면 몇 년은 떵떵거리면서 살 수 있을 정도로 엄청 큰돈이었다.","마중을 나왔던 래리가 조수석에 앉아 있다가 몸을 뒤로 약간 돌리면서 물었다.","GA-A39","0.89"
"227","대망 227화","","33204","33334","머리를 끄덕인 래리가 자세를 바로 하면서 운전대를 잡고 있던 사내의 어깨를 가볍게 두드리자 사륜구동차가 방향을 옆으로 틀었다.","타머은 문득 지난번 몰래 다이아몬드 광산을 둘러보러 왔을 때 만났던 어린 토롱카와 여관 주인인 은고고의 얼굴이 떠올랐다.; 탄창에 든 총알이 전부 떨어지자 대원들은 HK416 자동소총 대신 재빨리 허벅지에 차고 있던 권총을 빼 들었다.","바로 다이아몬드 광산을 지키고 있는 반군 거점입니다. 저희가 파악한 정보에 의하면 인접한 시두 마을에 상당수의 반군이 머무르면서 광산에 인력과 물자를 공급하고 있더군요…","타머은 문득 지난번 몰래 다이아몬드 광산을 둘러보러 왔을 때 만났던 어린 토롱카와 여관 주인인 은고고의 얼굴이 떠올랐다.","탄창에 든 총알이 전부 떨어지자 대원들은 HK416 자동소총 대신 재빨리 허벅지에 차고 있던 권총을 빼 들었다.","지도 옆에 선 타머가 손가락으로 다이아몬드 광산이 있는 곳을 가리키는 걸 보며 그가 머리를 끄덕였다.","태영준과 대원들의 경례를 받으면서 다시 사륜구동차에 올라탄 혁권은 전에 한번 왔었던 본부 건물로 향했다.","money","태영준과 대원들의 경례를 받으면서 다시 사륜구동차에 올라탄 혁권은 전에 한번 왔었던 본부 건물로 향했다.","타머의 입가에 짙은 미소가 지어졌다.","태영준과 대원들의 경례를 받으면서 다시 사륜구동차에 올라탄 혁권은 전에 한번 왔었던 본부 건물로 향했다.","타머의 입가에 짙은 미소가 지어졌다.","GA-A39","0.89"
"228","대망 228화","다이아몬드 광산","33335","33480","치우 팀 대원들은 캠프 한쪽에 쳐 놓은 녹색 대형 텐트에 머물고 있었다.","다이아몬드 광산 — 혁권 — 계획대로 일이 풀려 광산을 확보하게 되고 기대하는 만큼 다이아몬드가 나온다면 그야말로 대박이 터지는 거였다.","실제로 태영준과 나머지 두 명뿐만 아니라 치우 팀 대원 전원한테 계약금 명목으로 1천만 원씩을 줬다.","혁권 — 계획대로 일이 풀려 광산을 확보하게 되고 기대하는 만큼 다이아몬드가 나온다면 그야말로 대박이 터지는 거였다.","가는 동안 가장 최근에 촬영된 다이아몬드 광산의 항공사진과 상세 지도를 펼쳐 놓고 태영준 팀장하고 어떻게 공격을 가할 건지 상의하다 보니 비행은 생각보다 지루하지 않았다.","그러다가 어느 순간 진동이 사라지면서 몸이 위로 붕 뜨는 기분이 느껴졌다.","혁권 — 여기 와서 다른 용병들에게 물어보니 계약금을 주는 일은 거의 없다더군요. 특히 저희처럼 실전에 처음 나서는 사람한테는 더욱 그렇습니다.","money","혁권 — 여기 와서 다른 용병들에게 물어보니 계약금을 주는 일은 거의 없다더군요. 특히 저희처럼 실전에 처음 나서는 사람한테는 더욱 그렇습니다.","치즈를 발라 먹는 야채 크래커는 느끼함의 극치였고 치킨 스튜는 오물 같은 비주얼에 끈적거리는 식감이 정말 입맛을 뚝 떨어뜨렸다.","여기 와서 다른 용병들에게 물어보니 계약금을 주는 일은 거의 없다더군요. 특히 저희처럼 실전에 처음 나서는 사람한테는 더욱 그렇습니다.","치즈를 발라 먹는 야채 크래커는 느끼함의 극치였고 치킨 스튜는 오물 같은 비주얼에 끈적거리는 식감이 정말 입맛을 뚝 떨어뜨렸다.","GA-A40","0.92"
"229","대망 229화","","33481","33602","그나마 봉지째 들어 있는 M&M 초콜릿만이 혀를 위로해 주는 것이라고 할 수 있었다.","전화를 끊은 혁권은 위성전화기를 백성균한테 돌려주곤 다이아몬드 광산이 있는 북쪽 하늘을 바라보며 작게 숨을 내뱉었다.; 보시다시피 광산을 중심으로 북쪽에 있는 목조 건물 3채가 반군 숙소이고 약간 떨어진 곳에 있는 것이 인부들이 지내는 장소입니다…","현재까지 파악된 정보에 의하면 반군은 여기 다이아몬드 광산과 인접한 시두 마을에 각각 흩어져 주둔하고 있습니다. 시두 마을에는 약 백 명가량의 반군이 있는데…","전화를 끊은 혁권은 위성전화기를 백성균한테 돌려주곤 다이아몬드 광산이 있는 북쪽 하늘을 바라보며 작게 숨을 내뱉었다.","보시다시피 광산을 중심으로 북쪽에 있는 목조 건물 3채가 반군 숙소이고 약간 떨어진 곳에 있는 것이 인부들이 지내는 장소입니다. 공격 시에 가장 조심해야 할 것은 광산 외곽에 설치된 세 곳의 망루입니다…","그러면서 래리가 지도를 넘기자 다이아몬드 광산을 찍은 정밀 항공사진을 크게 확대한 것이 나왔다.","혁권 — 그도 비싼 돈을 주고 용병들을 고용했는데 쓸데없이 위험을 감수할 생각은 없었다.","money","혁권 — 그도 비싼 돈을 주고 용병들을 고용했는데 쓸데없이 위험을 감수할 생각은 없었다.","로터가 돌아가면서 일으키는 바람은 또 얼마나 센지 왜 미국 해병들이 허리케인 메이커라는 별명을 붙였는지 이해가 됐다.","그도 비싼 돈을 주고 용병들을 고용했는데 쓸데없이 위험을 감수할 생각은 없었다.","로터가 돌아가면서 일으키는 바람은 또 얼마나 센지 왜 미국 해병들이 허리케인 메이커라는 별명을 붙였는지 이해가 됐다.","GA-A40","0.89"
"230","대망 230화","","33603","33754","혁권은 함께 서 있던 백성균의 이야기가 농담처럼 들리지 않을 정도로 헬리콥터가 컸다.","칙칙한 빛깔의 삼림지대 한가운데 누런 흙을 들어낸 노천 다이아몬드 광산이 눈에 들어왔다.; 샌더슨의 이야기가 사실이라면 현재 마싱가가 상당한 수량의 다이아몬드를 가지고 광산에 있다는 뜻이었다.","반군을 확실히 제압하고 다이아몬드 광산을 방어하기 위해서, 구형이지만 BMP-2 장갑차 두 대와 중기관총을 탑재한 사륜구동 차량 세 대를 함께 가지고 왔다.","칙칙한 빛깔의 삼림지대 한가운데 누런 흙을 들어낸 노천 다이아몬드 광산이 눈에 들어왔다.","샌더슨의 이야기가 사실이라면 현재 마싱가가 상당한 수량의 다이아몬드를 가지고 광산에 있다는 뜻이었다.","그러다가 목표 지점인 다이아몬드 광산이 가까워지자 사전에 약속이 되어 있던 대로 두 팀으로 갈라져서 접근했다.","혁권 — 랜딩 존Landing Zone 도착 10분 전.","money","혁권 — 랜딩 존Landing Zone 도착 10분 전.","혁권은 귀에 꽂고 있는 헤드셋 무전기 버튼을 누르면서 소리를 지르듯 크게 말했다.","랜딩 존Landing Zone 도착 10분 전.","혁권은 귀에 꽂고 있는 헤드셋 무전기 버튼을 누르면서 소리를 지르듯 크게 말했다.","GA-A40","0.89"
"231","대망 231화","","33755","33904","약간 긴장한 듯한 대원들의 목소리가 헤드셋 이어폰을 통해 들렸다.","혁권 — 상대를 거침없이 사살하면서 광산 안쪽으로 진입해 들어가는 모습에 거액의 돈을 지급한 것이 아깝지 않을 정도였다.; 여기저기서 나오는 소음이 꽤 시끄러웠지만 반군이 있는 다이아몬드 광산에서 10㎞ 이상 떨어진 지점이었기에 발각될 확률은 낮았다.","5㎞쯤 이동한 다음에 잠시 휴식을 취하며 마지막으로 장비를 점검한 일행은 동쪽에서 서서히 해가 밝아 올 때쯤 목적지인 다이아몬드 광산에 도착할 수 있었다.","혁권 — 상대를 거침없이 사살하면서 광산 안쪽으로 진입해 들어가는 모습에 거액의 돈을 지급한 것이 아깝지 않을 정도였다.","여기저기서 나오는 소음이 꽤 시끄러웠지만 반군이 있는 다이아몬드 광산에서 10㎞ 이상 떨어진 지점이었기에 발각될 확률은 낮았다.","용병들과 떨어져서 본부 건물과 바로 마주한 숲속에 자리를 잡은 그는 바위 뒤에 몸을 숨긴 채 쌍안경으로 다이아몬드 광산을 천천히 살폈다.","기습 공격에 성공하며 아군이 기선을 제압하자 그때까지 움직이지 않고 있던 혁권도 지시를 내렸다.","money","기습 공격에 성공하며 아군이 기선을 제압하자 그때까지 움직이지 않고 있던 혁권도 지시를 내렸다.","명령이 떨어지자 풀숲에 숨어 있던 대원들이 몸을 일으켜 앞으로 달려 나갔다.","기습 공격에 성공하며 아군이 기선을 제압하자 그때까지 움직이지 않고 있던 혁권도 지시를 내렸다.","명령이 떨어지자 풀숲에 숨어 있던 대원들이 몸을 일으켜 앞으로 달려 나갔다.","GA-A40","0.89"
"232","대망 232화","","33905","34054","그 역시 언제든지 방아쇠를 당길 수 있게 자동소총을 들어 지향 사격 자세를 취한 채 함께 움직였다.","가방을 보자마자 혁권은 안에 국경 너머로 가져가려던 다이아몬드가 들어 있다는 걸 알아차렸다.; 반군이 쓰는 AK47 소총과는 확연히 다른 총성에 그는 순간적으로 바깥에 은신해 있는 김선호를 떠올렸다.","곧바로 안전핀과 클립을 제거한 태영준 팀장이 뒤를 돌아보며 턱짓을 하자 유탄발사기 대신 자동소총을 손에 든 박원중이 앞으로 나왔다.","가방을 보자마자 혁권은 안에 국경 너머로 가져가려던 다이아몬드가 들어 있다는 걸 알아차렸다.","반군이 쓰는 AK47 소총과는 확연히 다른 총성에 그는 순간적으로 바깥에 은신해 있는 김선호를 떠올렸다.","벌어진 거리를 조금이라도 좁히기 위해 발걸음을 재촉하려던 순간, 통로 너머에서 익숙한 총소리가 들렸다.","프리타운에 있는 돼지들이 용병을 고용한 건가? 아님, CIA에서 보낸 거야!","money","프리타운에 있는 돼지들이 용병을 고용한 건가? 아님, CIA에서 보낸 거야!","이름을 부르자 처음으로 겪은 격렬한 전투에 잔뜩 흥분해서 얼굴이 벌겋게 달아오른 백성균이 얼른 다가왔다.","프리타운에 있는 돼지들이 용병을 고용한 건가? 아님, CIA에서 보낸 거야!","이름을 부르자 처음으로 겪은 격렬한 전투에 잔뜩 흥분해서 얼굴이 벌겋게 달아오른 백성균이 얼른 다가왔다.","GA-A40","0.89"
"233","대망 233화","수성","34055","34209","주머니에서 디지털카메라를 꺼낸 백성균은 죽어 있는 마싱가의 얼굴이 잘 나오도록 사진을 여러 장 찍었다.","수성 — 혁권 — 부관이 눈치를 살피면서 묻자 입술을 질끈 씹으며 고심하던 치팔로는 이내 고개를 들어 굳은 목소리로 지시를 내렸다.","CIA에서 보내 준 운용 요원의 말에 타머는 옆에 선 부하를 돌아봤다.","혁권 — 부관이 눈치를 살피면서 묻자 입술을 질끈 씹으며 고심하던 치팔로는 이내 고개를 들어 굳은 목소리로 지시를 내렸다.","피투성이가 되어 여기저기 널브러져 있는 반군 병사들의 시체를 넘어 가까이 다가온 태영준 팀장은 픽업트럭 타이어에 등을 기댄 채 죽어 있는 마싱가를 보곤 짧게 물었다.","한순간에 방패를 잃어버린 반군들은 절망적인 표정을 지으며 비명을 질러 댔다.","혁권 — 그동안 공포의 대상이었던 반군 병사들을 말 그대로 쓸어버리는 걸 직접 눈으로 본 데다 누가 봐도 자신들과 확연히 다른 외국인이 하는 이야기니, 신뢰하지 못하는 건 당연했다.","money","혁권 — 그동안 공포의 대상이었던 반군 병사들을 말 그대로 쓸어버리는 걸 직접 눈으로 본 데다 누가 봐도 자신들과 확연히 다른 외국인이 하는 이야기니, 신뢰하지 못하는 건 당연했다.","시선을 돌려 그가 가리키는 곳을 쳐다본 하킴은 놀란 표정을 지었다.","그동안 공포의 대상이었던 반군 병사들을 말 그대로 쓸어버리는 걸 직접 눈으로 본 데다 누가 봐도 자신들과 확연히 다른 외국인이 하는 이야기니, 신뢰하지 못하는 건 당연했다.","시선을 돌려 그가 가리키는 곳을 쳐다본 하킴은 놀란 표정을 지었다.","GA-A41","0.92"
"234","대망 234화","","34210","34354","그사이 더 야위어 있어서 금방 알아보지 못했지만 지난번 다이아몬드 광산을 몰래 살펴보러 왔을 때 길 안내를 했었던 토롱카가 확실했다.","그중 가장 먼저 눈에 띄는 중앙 건물에 들어가 방 하나를 차지하고 앉은 혁권은 갑갑하게 목을 옥죄고 있는 단추를 풀고 잠깐의 휴식을 취했다.; 다이아몬드 광산을 탈환한 이후 반군의 반격에 대비해서 우선적으로 방어선을 구축하기로 미리 합의되어 있었다.","서울에 있는 김덕현 전무한테 일을 맡기거나 아니면 친구인 유기백에게 오더를 줘서 처리할 생각이었다.","그중 가장 먼저 눈에 띄는 중앙 건물에 들어가 방 하나를 차지하고 앉은 혁권은 갑갑하게 목을 옥죄고 있는 단추를 풀고 잠깐의 휴식을 취했다.","다이아몬드 광산을 탈환한 이후 반군의 반격에 대비해서 우선적으로 방어선을 구축하기로 미리 합의되어 있었다.","이제 곧 여기 소식이 알려지면 블러드 다이아몬드 밀수가 주요 수입원이었던 만큼 반군 놈들이 분명 되찾으려고 거세게 덤벼들 겁니다.","우려를 완전히 떨칠 수 없었지만 고용주인 혁권이 원하는 일이었기에 타머도 더는 반대하지 않았다.","money","우려를 완전히 떨칠 수 없었지만 고용주인 혁권이 원하는 일이었기에 타머도 더는 반대하지 않았다.","고집스러운 대답에 타머는 혀를 차면서도 한편으로는 용기와 책임감에 감탄했다.","우려를 완전히 떨칠 수 없었지만 고용주인 혁권이 원하는 일이었기에 타머도 더는 반대하지 않았다.","고집스러운 대답에 타머는 혀를 차면서도 한편으로는 용기와 책임감에 감탄했다.","GA-A41","0.89"
"235","대망 235화","","34355","34487","그와 더불어서 이런 사람이라면 최소한 이번 의뢰를 수행하는 동안 뒤통수를 맞지는 않겠다고 생각했다.","토롱카 모자의 모습을 본 마을 주민들이 하나둘 건물 밖으로 나왔고, 그동안 온갖 패악질을 벌이며 못살게 굴었던 반군이 모두 죽었다는 이야기에 크게 기뻐했다…","혁권 — 내 소유인 것을 반군들이 무단으로 점거하는 걸 되찾은 겁니다.","토롱카 모자의 모습을 본 마을 주민들이 하나둘 건물 밖으로 나왔고, 그동안 온갖 패악질을 벌이며 못살게 굴었던 반군이 모두 죽었다는 이야기에 크게 기뻐했다.","피난을 떠났다가 반군들에 의해 길이 막히는 바람에 다시 돌아온 주민들이 상당수 남아 있었지만 다들 겁에 질린 채 건물 안에 숨어 있었다.","참. 그리고 대령님한테서 연락이 왔는데 반군의 움직임이 심상치가 않다고 합니다.","혁권 — 다이아몬드들을 잃어버렸다는 걸 여기저기 떠들어 댈 수는 없잖아. 그러니까 자네가 직접 가서 회수해 오라고!","world","혁권 — 다이아몬드들을 잃어버렸다는 걸 여기저기 떠들어 댈 수는 없잖아. 그러니까 자네가 직접 가서 회수해 오라고!","그렇지 않아도 계속 신경을 쓰고 있던 문제였기에 그는 얼굴을 굳히며 물었다.","다이아몬드들을 잃어버렸다는 걸 여기저기 떠들어 댈 수는 없잖아. 그러니까 자네가 직접 가서 회수해 오라고!","그렇지 않아도 계속 신경을 쓰고 있던 문제였기에 그는 얼굴을 굳히며 물었다.","GA-A41","0.89"
"236","대망 236화","","34488","34618","예상은 한 일이었지만 부근에서 가장 큰 도시인 코이두 병력이 움직인다는 이야기에 혁권은 자신도 모르게 침음성을 흘렸다.","혁권 — 다들 알고 있다시피 광산 부근을 제외하며 사방이 수목으로 울창하게 우거진 숲입니다. 전투가 벌어진다면 그것들이 전부 반군의 움직임을 가려 주는 엄폐물이 될 테니 아군의 장점인 화력을 제대로 활용하기 어려울 겁니다…; 당장은 곧 있을 반군의 공격을 막아 내는 것이 먼저였기에 이…","혁권 — 거기다가 추가로 확보해야 할 보크사이트 광산에 대한 것도 고려해야 했다.","혁권 — 다들 알고 있다시피 광산 부근을 제외하며 사방이 수목으로 울창하게 우거진 숲입니다. 전투가 벌어진다면 그것들이 전부 반군의 움직임을 가려 주는 엄폐물이 될 테니 아군의 장점인 화력을 제대로 활용하기 어려울 겁니다…","당장은 곧 있을 반군의 공격을 막아 내는 것이 먼저였기에 이 문제는 잠시 뒤로 미뤄 두기로 했다.","비포장도로를 달리는 픽업트럭 안, 반군 지휘관인 로모로가 담배 연기를 피워 올리며 전방을 바라보고 있었다.","혁권 — 육로는 항구까지 거리가 멀고 무엇보다 중간에 무장 강도나 반군의 습격을 받게 될지도 몰랐기에 쓸 수가 없었다.","world","혁권 — 육로는 항구까지 거리가 멀고 무엇보다 중간에 무장 강도나 반군의 습격을 받게 될지도 몰랐기에 쓸 수가 없었다.","여기서 로모로를 더욱 짜증 나게 만드는 건 문둥가 사령관이 꼭 찾아오라고 했던 다이아몬드 가방이 아직 광산에 있을 거라는 보장이 없다는 거였다.","육로는 항구까지 거리가 멀고 무엇보다 중간에 무장 강도나 반군의 습격을 받게 될지도 몰랐기에 쓸 수가 없었다.","여기서 로모로를 더욱 짜증 나게 만드는 건 문둥가 사령관이 꼭 찾아오라고 했던 다이아몬드 가방이 아직 광산에 있을 거라는 보장이 없다는 거였다.","GA-A41","0.89"
"237","대망 237화","","34619","34765","이리저리 시간이 지체되는 바람에 이미 다이아몬드 광산을 정체불명의 무리한테 빼앗긴 지 닷새가 훌쩍 지나 있었다.","고생 끝에 광산을 탈환한다고 해도 다이아몬드 가방을 되찾지 못한다면 문둥가 사령관의 질책을 피하기 어려울 것이 뻔했다.; 그러다 보니 반군이 감히 몸을 내밀어 응사할 생각조차 못 하는 가운데 용병들이 일방적으로 공격을 퍼붓는 형태가 됐다.","로모로 — 그런 가운데 잠깐 사라졌었던 경공격 헬기도 다시 돌아와 아까의 복수라도 하려는 듯 반군을 향해 로켓탄을 퍼부었다.","고생 끝에 광산을 탈환한다고 해도 다이아몬드 가방을 되찾지 못한다면 문둥가 사령관의 질책을 피하기 어려울 것이 뻔했다.","그러다 보니 반군이 감히 몸을 내밀어 응사할 생각조차 못 하는 가운데 용병들이 일방적으로 공격을 퍼붓는 형태가 됐다.","그대로 부딪치려는 순간 육안으로 빠르게 접근하는 탄두를 확인한 조종사가 급히 기수를 틀며 회피 기동을 펼쳤다.","로모로 — 이번에 반군을 격퇴한다고 해도 광산에서 캐내는 블러드 다이아몬드가 군자금의 충당하는 주요 수입원인 만큼 이곳을 쉽사리 포기하지 않을 터였다.","world","로모로 — 이번에 반군을 격퇴한다고 해도 광산에서 캐내는 블러드 다이아몬드가 군자금의 충당하는 주요 수입원인 만큼 이곳을 쉽사리 포기하지 않을 터였다.","이번에 반군을 격퇴한다고 해도 광산에서 캐내는 블러드 다이아몬드가 군자금의 충당하는 주요 수입원인 만큼 이곳을 쉽사리 포기하지 않을 터였다.","그대로 부딪치려는 순간 육안으로 빠르게 접근하는 탄두를 확인한 조종사가 급히 기수를 틀며 회피 기동을 펼쳤다.","이번에 반군을 격퇴한다고 해도 광산에서 캐내는 블러드 다이아몬드가 군자금의 충당하는 주요 수입원인 만큼 이곳을 쉽사리 포기하지 않을 터였다.","GA-A41","0.89"
"238","대망 238화","보헤멘","34766","34910","그러니 혁권의 말처럼 앞으로 수많은 전투를 치러야 할 것이 틀림없었다.","보헤멘 — 이미 공포에 휩싸인 병사들한테 로모로의 명령 따위는 귀에 들어오지 않았다.","무엇보다 문둥가 사령관을 화나게 만드는 건 이제 수천만 달러어치의 다이아몬드가 들어 있던 가방을 되찾을 가능성이 희박해졌다는 것이었다.","이미 공포에 휩싸인 병사들한테 로모로의 명령 따위는 귀에 들어오지 않았다.","오히려 용병들이 의도적으로 달아나는 반군 병사들한테 총을 쏘지 않자 눈치를 보고 있던 이들까지 너도나도 탈주에 가담했다.","지휘 본부로 쓰고 있는 건물에 포탄이 직격할 정도로 정부군이 가까이 다가온 걸 깨달은 문둥가 사령관은 얼굴을 딱딱하게 굳힌 채 소리쳤다.","문둥가 — 한때는 살아서 움직이는 사람이었으나 인격도 과거도 말살당한 채 망가진 인형처럼 널브러져 있는 모습을 보는 것이 마음 편할 리가 없었다.","world","문둥가 — 한때는 살아서 움직이는 사람이었으나 인격도 과거도 말살당한 채 망가진 인형처럼 널브러져 있는 모습을 보는 것이 마음 편할 리가 없었다.","어디로 가야 하는지 몰라 벌판 한복판에서 어색하게 서 있는 일행 앞에 지붕이 없는 사륜구동차를 세운 혁권은 김덕현 전무를 향해 손을 흔들며 인사했다.","한때는 살아서 움직이는 사람이었으나 인격도 과거도 말살당한 채 망가진 인형처럼 널브러져 있는 모습을 보는 것이 마음 편할 리가 없었다.","어디로 가야 하는지 몰라 벌판 한복판에서 어색하게 서 있는 일행 앞에 지붕이 없는 사륜구동차를 세운 혁권은 김덕현 전무를 향해 손을 흔들며 인사했다.","GA-A42","0.92"
"239","대망 239화","","34911","35035","귀에 익은 목소리를 들은 김덕현 전무와 다른 이들이 밝은 표정을 지었다.","감시하지 않는 틈을 이용해서 몰래 도망쳐 버리는 일까지 발생하자 광산을 정상적으로 운영하기 위해서는 인부들이 꼭 필요했던 혁권은 고민에 빠질 수밖에 없었다…","아무것도 하지 않더라도 용병 계약을 맺은 아틀라스사에 매달 250만 달러라는 거금을 지급해야 한다는 걸 알기에 김덕현 전무의 얼굴이 살짝 굳었다.","감시하지 않는 틈을 이용해서 몰래 도망쳐 버리는 일까지 발생하자 광산을 정상적으로 운영하기 위해서는 인부들이 꼭 필요했던 혁권은 고민에 빠질 수밖에 없었다.","살던 곳으로 돌아간 인부들은 격화된 내전에 생활이 더욱 피폐해져 있고 자칫 반군에 병사로 강제징집 될지도 모른다는 불안감에 다시 광산행을 선택한 거였다.","혁권이 가리키는 방향으로 시선을 돌리자 다이아몬드를 캐는 구덩이에서 100m 정도 떨어진 곳에 인부들이 건물을 짓고 있는 걸 볼 수 있었다.","아무리 그가 산출량이 괜찮은 다이아몬드 광산을 확보했다지만 드비어스사가 전 세계에 보유하는 광산들에 비교하면 여러 가지로 부족함이 있었다.","money","아무리 그가 산출량이 괜찮은 다이아몬드 광산을 확보했다지만 드비어스사가 전 세계에 보유하는 광산들에 비교하면 여러 가지로 부족함이 있었다.","지금 상황에서 채굴을 재개해서 본격적으로 다이아몬드 원석을 캐내려면 아직 많은 시간이 필요했다.","아무리 그가 산출량이 괜찮은 다이아몬드 광산을 확보했다지만 드비어스사가 전 세계에 보유하는 광산들에 비교하면 여러 가지로 부족함이 있었다.","지금 상황에서 채굴을 재개해서 본격적으로 다이아몬드 원석을 캐내려면 아직 많은 시간이 필요했다.","GA-A42","0.89"
"240","대망 240화","","35036","35184","혁권이 되묻자 김덕현 전무는 생각해 볼 것도 없다는 듯이 대답했다.","작게 머리를 끄덕인 혁권은 과연 보헤멘 회장이 만나서 어떤 제안을 할 건지 생각하며 위스키를 한 모금 마셨다.; 언제까지 그가 다이아몬드 광산에 붙어 있을 수는 없는 데다 태영준 팀장과 치우 팀이 있으니 잘할 거라 생각하며 믿고 맡겼다.","소강상태라고 하지만 여전히 다이아몬드 광산을 되찾으려는 반군의 위협이 그대로 남아 있는 상태에서 전투를 겪어 본 적이 없는 김덕현 전무한테 일을 맡기는 것이 조금 불안하기는 했다.","작게 머리를 끄덕인 혁권은 과연 보헤멘 회장이 만나서 어떤 제안을 할 건지 생각하며 위스키를 한 모금 마셨다.","언제까지 그가 다이아몬드 광산에 붙어 있을 수는 없는 데다 태영준 팀장과 치우 팀이 있으니 잘할 거라 생각하며 믿고 맡겼다.","사실 그럴 수밖에 없었는데 공장을 계속 가동해서 투자이민 조건을 만족시키기 위해 혁권은 손해를 감수하고 오더를 진행시켰다.","그쪽 광산은 프리타운 정부로부터 정식 허가를 받은 곳이잖아.","money","그쪽 광산은 프리타운 정부로부터 정식 허가를 받은 곳이잖아.","혁권은 어깨를 으쓱이면서 장난스레 덧붙였다.","그쪽 광산은 프리타운 정부로부터 정식 허가를 받은 곳이잖아.","혁권은 어깨를 으쓱이면서 장난스레 덧붙였다.","GA-A42","0.89"
"241","대망 241화","","35185","35322","자말은 한동안 혁권을 아무 말 없이 바라보고 있다가 깊이 고개를 숙였다.","혁권의 몫을 떼어 주고도 충분히 이득을 취할 수 있지만 다른 사람에게 그만한 돈을 넘겨주는 것이 아깝게 느껴지는 게 보헤멘의 솔직한 속내였다.; 뭐, 일부러 노리고 그런 것도 아니고 적자생존의 세계에서 빼앗긴 반군이 멍청한 것이니 존슨 씨를 탓할 생각은 없습니다…","시에라리온은 질 좋은 다이아몬드 많이 생산되는 곳인 만큼 여기저기 정보원들을 두고 있소. 그런데 거래하기로 했던 마싱가가 죽고 반군에서는 잃어버린 물건을 찾기 위해 난리를 부리고 있는데도 시장에 나오는 것이 하나도 없으니 제…","혁권의 몫을 떼어 주고도 충분히 이득을 취할 수 있지만 다른 사람에게 그만한 돈을 넘겨주는 것이 아깝게 느껴지는 게 보헤멘의 솔직한 속내였다.","뭐, 일부러 노리고 그런 것도 아니고 적자생존의 세계에서 빼앗긴 반군이 멍청한 것이니 존슨 씨를 탓할 생각은 없습니다. 대신 물건은 이쪽에 넘겨줬으면 좋겠습니다…","실물이 아니었지만 지금까지 말로만 들었던 물건을 직접 눈으로 보게 되자 보헤멘의 눈에 짙은 탐욕이 떠올랐다.","보헤멘 — 아니, 당장 세공을 거쳐 경매에 내놓는다면 그것 하나만으로도 수억 달러를 받아 낼 수 있을 터였다.","money","보헤멘 — 아니, 당장 세공을 거쳐 경매에 내놓는다면 그것 하나만으로도 수억 달러를 받아 낼 수 있을 터였다.","만약 가볍게 생각하고 건드렸다가 CIA가 배후에 있다면 뒷수습을 하는 데 엄청난 손해를 감수해야 할 터.","아니, 당장 세공을 거쳐 경매에 내놓는다면 그것 하나만으로도 수억 달러를 받아 낼 수 있을 터였다.","만약 가볍게 생각하고 건드렸다가 CIA가 배후에 있다면 뒷수습을 하는 데 엄청난 손해를 감수해야 할 터.","GA-A42","0.89"
"242","대망 242화","암습","35323","35494","그럴 바에는 그냥 원하는 대로 돈을 주고 깔끔하게 거래를 끝내는 편이 나았다.","암습 — 안으로 들어온 알아바디가 지폐 다발을 몇 개 집어 들어 주르륵 넘겨봤다.","이에 보헤멘 회장을 따르고 있던 이들의 얼굴이 일그러졌으나 거래를 앞두고 괜히 다투기 싫은 그가 알아서 하라는 듯 시선을 거두자 잠자코 입을 다물었다.","안으로 들어온 알아바디가 지폐 다발을 몇 개 집어 들어 주르륵 넘겨봤다.","만약 양측이 충돌한다면 어느 정도 피해를 보는 것은 각오해야만 했기에 정말 최악의 상황이 아니고서야 쉬이 꺼내 들고 싶지 않은 패였다.","하킴이 전화를 하는 동안 앉아서 곁눈으로 그 모습을 지켜보던 혁권은 마치 우연히 발견한 카펫의 먼지가 계속 신경 쓰이는 것처럼 짜증 나는 상황에 인상을 찡그렸다.","보헤멘 — 좋아. 이렇게 됐으니 돈이라도 회수해야겠어. 쉬굼바.","money","보헤멘 — 좋아. 이렇게 됐으니 돈이라도 회수해야겠어. 쉬굼바.","시가를 꺼내 입에 문 보헤멘 회장은 가볍게 콧방귀를 뀌었다.","좋아. 이렇게 됐으니 돈이라도 회수해야겠어. 쉬굼바.","시가를 꺼내 입에 문 보헤멘 회장은 가볍게 콧방귀를 뀌었다.","GA-A43","0.92"
"243","대망 243화","","35495","35619","아무도 모르게 움직였지만 혁권이 소형 제트기를 빌린 항공 회사를 통해서 이동 경로를 모두 파악하고 있었다.","혁권은 풀 사이드에 있는 길쭉한 모양의 선베드에 앉아 서류를 팔랑팔랑 넘겨 대고 있었다.; 실제로도 반군의 위협이 사라지고 미스라타 민병대가 전세를 역전시키자, 다른 많은 전쟁 상인들이 알할부시 사령관에게 줄을 대려고 노력했다.","가장 어려울 때 도와주고 목숨을 구해 주는 빚까지 진 혁권과의 의리를 지키기 위해 알할부시는 수많은 제안을 한마디로 거절했다.","혁권은 풀 사이드에 있는 길쭉한 모양의 선베드에 앉아 서류를 팔랑팔랑 넘겨 대고 있었다.","실제로도 반군의 위협이 사라지고 미스라타 민병대가 전세를 역전시키자, 다른 많은 전쟁 상인들이 알할부시 사령관에게 줄을 대려고 노력했다.","사실 드러난 것만 이 정도지 숨겨진 이권은 훨씬 더 많을 것이 분명했다.","트리폴리 정부와 통합이 되면서 재정 지원을 넉넉하게 받게 된 모양입니다. 이번에 들어온 오더만 해도 200만 달러어치가 넘습니다.","money","트리폴리 정부와 통합이 되면서 재정 지원을 넉넉하게 받게 된 모양입니다. 이번에 들어온 오더만 해도 200만 달러어치가 넘습니다.","혁명이 일어나며 사업을 기획한 무바라크 대통령이 권좌에서 밀려나고 바로 이어서 정치 혼란과 함께 극심한 경제난이 이집트를 덮치자 일이 삐걱대기 시작했다.","트리폴리 정부와 통합이 되면서 재정 지원을 넉넉하게 받게 된 모양입니다. 이번에 들어온 오더만 해도 200만 달러어치가 넘습니다.","혁명이 일어나며 사업을 기획한 무바라크 대통령이 권좌에서 밀려나고 바로 이어서 정치 혼란과 함께 극심한 경제난이 이집트를 덮치자 일이 삐걱대기 시작했다.","GA-A43","0.89"
"244","대망 244화","","35620","35775","가뜩이나 국가 재정도 어려운데 새로 집권한 정부 입장에서는 쫓겨난 무바라크 대통령이 추진하던 신도시 건설 프로젝트를 계속 이어 갈 이유가 없었다.","꾸벅 고개를 숙이며 대답한 루이스가 방을 나가자 혼자가 된 샌더슨은 한쪽 손가락으로 팔걸이를 가볍게 두드리면서 잠시 뭔가를 생각했다.; 처음에는 높은 이상과 의지를 갖추고 총을 들었지만 어느새 그런 건 다 사라져 버리고 그저 살아남기 위해 서로 죽고 죽이는 것밖에 남지 않았다.","얼굴을 딱딱하게 굳힌 자말과 달리 혁권은 자신을 노리는 자들이 있다는 데도 불구하고 담담한 태도를 보였다.","꾸벅 고개를 숙이며 대답한 루이스가 방을 나가자 혼자가 된 샌더슨은 한쪽 손가락으로 팔걸이를 가볍게 두드리면서 잠시 뭔가를 생각했다.","처음에는 높은 이상과 의지를 갖추고 총을 들었지만 어느새 그런 건 다 사라져 버리고 그저 살아남기 위해 서로 죽고 죽이는 것밖에 남지 않았다.","어쩐지 상대한테 끌려가는 것 같아 썩 기분이 좋지는 않았지만 지금 아쉬운 건 자신이었기에 혁권은 제안을 받아들였다.","제 인생에 대해 진한 회의감이 밀려오면서 쉬굼바는 문득 혁권이 블러드 다이아몬드를 팔아서 받았다는 1억 달러가 머릿속에 떠올랐다.","world","제 인생에 대해 진한 회의감이 밀려오면서 쉬굼바는 문득 혁권이 블러드 다이아몬드를 팔아서 받았다는 1억 달러가 머릿속에 떠올랐다.","가능한 안전하게 일을 처리하고 싶었지만 이렇게 재촉을 해대니 어쩔 수가 없었다.","제 인생에 대해 진한 회의감이 밀려오면서 쉬굼바는 문득 혁권이 블러드 다이아몬드를 팔아서 받았다는 1억 달러가 머릿속에 떠올랐다.","가능한 안전하게 일을 처리하고 싶었지만 이렇게 재촉을 해대니 어쩔 수가 없었다.","GA-A43","0.89"
"245","대망 245화","","35776","35928","짧게 혀를 찬 쉬굼바가 크게 소리를 질렀다.","머리를 숙이며 대답한 자말은 곧장 안주머니에서 스마트폰을 꺼내 어딘가로 전화를 했다.; 수천 년 전부터 그리스인들이 이런 무대를 만들어 예술을 즐겼다니 정말 대단하지 않소. 아이스킬로스, 소포클레스, 에우리피데스…","거침없이 도로를 건너간 혁권과 부하들이 호텔 안으로 들어가자 프런트를 혼자 지키고 있던 남자 직원이 깜짝 놀란 얼굴로 엉거주춤 자리에서 일어났다.","머리를 숙이며 대답한 자말은 곧장 안주머니에서 스마트폰을 꺼내 어딘가로 전화를 했다.","수천 년 전부터 그리스인들이 이런 무대를 만들어 예술을 즐겼다니 정말 대단하지 않소. 아이스킬로스, 소포클레스, 에우리피데스…","총격전이 벌어지고 여섯 명의 외국인이 사살됐다는 것과 함께 객실에서 발견된 마약 봉지로 미루어 마약 거래 중에 벌어진 사건으로 추정된다는 이야기가 흘러나왔다.","혁권 — 3층에 도착한 엘리베이터 문이 좌우로 열리면서 붉은색 카펫이 깔린 복도가 눈에 들어왔다.","relationship","혁권 — 3층에 도착한 엘리베이터 문이 좌우로 열리면서 붉은색 카펫이 깔린 복도가 눈에 들어왔다.","이미 빚을 진 이상 요구를 들어줄 수밖에 없었다.","3층에 도착한 엘리베이터 문이 좌우로 열리면서 붉은색 카펫이 깔린 복도가 눈에 들어왔다.","이미 빚을 진 이상 요구를 들어줄 수밖에 없었다.","GA-A43","0.89"
"246","대망 246화","","35929","36057","혁권의 시선을 받은 샌더슨은 씨익 미소를 지으며 말했다.","시리아에서도 전투가 가장 치열하게 벌어지고 있는 격전지 한복판으로 들어가는 일이었기에 자말의 의견을 받아들여서 이번에는 평소에 경호하는 하킴과 부하들 외에도 여섯 명이나 더 대동했다…","혁권 — 원래 이런 일을 하다 보면 위험은 항상 감수해야 하는 것 아니겠소. 그리고 화물을 한번 옮겨 주고 100만 달러를 받으면 그리 나쁜 거래는 아니지 않소?","시리아에서도 전투가 가장 치열하게 벌어지고 있는 격전지 한복판으로 들어가는 일이었기에 자말의 의견을 받아들여서 이번에는 평소에 경호하는 하킴과 부하들 외에도 여섯 명이나 더 대동했다.","필요한 말만 짧게 끊어서 하는 지극히 사무적인 태도였으나 어차피 이번 일만 하면 안 볼 사이였기에 혁권도 그게 편했다.","샌더슨은 협박이 아니라고 했지만 결국 요구를 받아들일 수밖에 없도록 약점을 잡은 것이니, 사실상 강요하는 것이나 마찬가지였다.","혁권 — 가방을 받아 지퍼를 열자 안에는 달러 뭉치가 가득 들어 있었다.","world","혁권 — 가방을 받아 지퍼를 열자 안에는 달러 뭉치가 가득 들어 있었다.","이대로 터키 동남쪽 국경에 있는 도시인 가지안테프Gaziantep까지 간 뒤에 거기서 시리아로 넘어가 곧장 알레포로 들어갈 계획이었다.","가방을 받아 지퍼를 열자 안에는 달러 뭉치가 가득 들어 있었다.","이대로 터키 동남쪽 국경에 있는 도시인 가지안테프Gaziantep까지 간 뒤에 거기서 시리아로 넘어가 곧장 알레포로 들어갈 계획이었다.","GA-A43","0.89"
"247","대망 247화","지옥Ⅰ","36058","36196","도로를 따라 433㎞가량을 달려야 했는데 평상시에는 5시간이면 충분히 갈 수 있는 거리였다.","지옥Ⅰ — 휴대용 GPS 수신기를 꺼내 정확한 위치를 확인한 혁권은 무전기 송신 버튼을 누르며 명령을 내렸다.","혁권은 목적지인 알레포까지 가는 일정을 이틀로 잡았다.","휴대용 GPS 수신기를 꺼내 정확한 위치를 확인한 혁권은 무전기 송신 버튼을 누르며 명령을 내렸다.","지중해 연안 라타키아Latakia 주변에 있는 흐메이닝Hmeymim 러시아군 기지에서 날아오른 SU-25SM 공격기 세 대는 전투기의 호위를 받으며 새벽 여명과 함께 알레포 상공에 나타났다.","다급한 하킴의 외침에 고개를 돌린 혁권은 지평선 너머 알레포가 있는 곳이 마치 산불이라도 난 것처럼 하늘이 온통 시뻘겋게 타오르고 있는 걸 보고 그대로 몸이 굳어 버렸다.","혁권 — 하긴 이것만 해도 일개 병사치고는 상당한 정보를 알고 있는 거였는데, 몰래 찔러 준 10달러짜리 지폐 몇 장이 결코 아깝지 않을 정도였다.","world","혁권 — 하긴 이것만 해도 일개 병사치고는 상당한 정보를 알고 있는 거였는데, 몰래 찔러 준 10달러짜리 지폐 몇 장이 결코 아깝지 않을 정도였다.","마치 맹수가 크게 포효하는 것 같은 제트엔진 소리에 총을 쏴대던 반군 병사들은 온몸의 털이 쭈뼛 곤두서는 걸 느꼈다.","하긴 이것만 해도 일개 병사치고는 상당한 정보를 알고 있는 거였는데, 몰래 찔러 준 10달러짜리 지폐 몇 장이 결코 아깝지 않을 정도였다.","마치 맹수가 크게 포효하는 것 같은 제트엔진 소리에 총을 쏴대던 반군 병사들은 온몸의 털이 쭈뼛 곤두서는 걸 느꼈다.","GA-A44","0.92"
"248","대망 248화","","36197","36334","그 순간 어둠 속에서 나타난 SU-25 공격기가 반군 병사들의 머리 위에 폭탄을 뿌리고 지나갔다.","저렇게 폭격해 대는데 과연 반군이 정부군을 공격해서 진입로를 열어 줄 수 있을지 미지수였다.; 문제는 별도의 유도장치 없이 그냥 헬리콥터에서 사람이 손으로 밀어서 떨어뜨리는 거였기에 반군보다는 일반 민간인들의 피해가 크다는 것이었다.","그렇다고 해서 여기서 매몰차게 거절하고 돌아가 버린다면 샌더슨과 껄끄러워질 테고 기껏 이곳까지 온 보람이 없었다.","저렇게 폭격해 대는데 과연 반군이 정부군을 공격해서 진입로를 열어 줄 수 있을지 미지수였다.","문제는 별도의 유도장치 없이 그냥 헬리콥터에서 사람이 손으로 밀어서 떨어뜨리는 거였기에 반군보다는 일반 민간인들의 피해가 크다는 것이었다.","혁권은 슬쩍 고개를 돌려 여전히 시커먼 연기가 피어오르고 있는 알레포를 바라보며 상관없다는 태도를 보였다.","전화를 받은 사람은 샌더슨이었다.","world","전화를 받은 사람은 샌더슨이었다.","가능한 충돌을 피해야 했지만 마음대로 일이 풀리지 않는다면 어떻게든 먼저 기선을 제압해야 했다.","전화를 받은 사람은 샌더슨이었다.","가능한 충돌을 피해야 했지만 마음대로 일이 풀리지 않는다면 어떻게든 먼저 기선을 제압해야 했다.","GA-A44","0.89"
"249","대망 249화","","36335","36484","그러는 사이 시리아 정부군 차 세 대는 약간의 거리를 두고 멈춰 섰다.","상자를 열자 안에 든 내용물이 보였는데 혁권이 이야기한 대로 담요와 속옷 2벌 그리고 수건, 비누, 휴지 같은 일회용품 1세트, 500㎖ 생수 1개가 들어 있었다…","혁권 — 트럭에 올라가 있던 부하 한 명이 팔뚝으로 이마에 맺힌 땀을 닦아 내고는 그를 돌아보며 말했다.","상자를 열자 안에 든 내용물이 보였는데 혁권이 이야기한 대로 담요와 속옷 2벌 그리고 수건, 비누, 휴지 같은 일회용품 1세트, 500㎖ 생수 1개가 들어 있었다.","기관총에 머릿수까지 압도적으로 정부군이 많아 그와 부하들이 무사하기 힘들겠지만 총격전이 벌어지면 제일 먼저 앞에 있는 지휘관부터 혁권의 손에 죽을 테니 가능하면 그런 일이 벌어지지 않길 간절히 바랐다.","지금까지 드러난 상황들로 볼 때 시리아 정부군이 작정하고 알레포를 탈환하려는 것이 분명했다.","앞으로 바짝 다가서며 말한 혁권은 상대가 인상을 쓰며 막 화를 내려는 찰나 주머니에서 달러 뭉치를 꺼내 지휘관한테 내밀었다.","world","앞으로 바짝 다가서며 말한 혁권은 상대가 인상을 쓰며 막 화를 내려는 찰나 주머니에서 달러 뭉치를 꺼내 지휘관한테 내밀었다.","랭글리라면 CIA 본부가 있는 곳이었다.","앞으로 바짝 다가서며 말한 혁권은 상대가 인상을 쓰며 막 화를 내려는 찰나 주머니에서 달러 뭉치를 꺼내 지휘관한테 내밀었다.","랭글리라면 CIA 본부가 있는 곳이었다.","GA-A44","0.89"
"250","대망 250화","","36485","36622","샌더슨은 얼른 수화기를 집어 들었다.","아니, 그 전에 혁권이 한창 격전이 벌어지고 있는 전장을 가로질러 알레포로 들어가라는 요구를 과연 받아들일지 회의적이었다.; 최정예 병력인 이들이 그것도 대대급으로 알레포에 투입된다는 건 가뜩이나 절벽 위에 위태롭게 매달려 있는 반군의 마지막 숨통을 끊어 놓는 것이나 마찬가지였다.","물론 그렇겠지만 이미 미스터 김의 거처가 노출된 이상 문둥가 사령관이 또다시 사람을 보내지 않는다는 보장이 없지 않겠소. 특히나 다이아몬드 광산을 두고 대립하는 사이라면 더욱 이를 갈 테니 말이오.","아니, 그 전에 혁권이 한창 격전이 벌어지고 있는 전장을 가로질러 알레포로 들어가라는 요구를 과연 받아들일지 회의적이었다.","최정예 병력인 이들이 그것도 대대급으로 알레포에 투입된다는 건 가뜩이나 절벽 위에 위태롭게 매달려 있는 반군의 마지막 숨통을 끊어 놓는 것이나 마찬가지였다.","뜻밖의 제안에 혁권은 눈을 가늘게 떴다.","샌더슨 — 그런 상황에서 매년 500만 달러 한화로 50억 원이 넘는 오더를 10년간이나 고정적으로 받을 수 있다면 공장을 안정화하는 것이 훨씬 수월할 터였다.","world","샌더슨 — 그런 상황에서 매년 500만 달러 한화로 50억 원이 넘는 오더를 10년간이나 고정적으로 받을 수 있다면 공장을 안정화하는 것이 훨씬 수월할 터였다.","전혀 생각지도 못한 말에 부하들은 눈을 동그랗게 뜨고 혁권을 쳐다봤다.","그런 상황에서 매년 500만 달러 한화로 50억 원이 넘는 오더를 10년간이나 고정적으로 받을 수 있다면 공장을 안정화하는 것이 훨씬 수월할 터였다.","전혀 생각지도 못한 말에 부하들은 눈을 동그랗게 뜨고 혁권을 쳐다봤다.","GA-A44","0.89"
"251","대망 251화","","36623","36762","옆에 있던 하킴이 포위망을 뚫고 들어가려면 안 그래도 전력이 부족한데 왜 그런 이야기를 하느냐는 눈빛을 보냈다.","알레포로 이어지는 도로를 따라 줄지어 늘어선 철제 송전탑 밑에 차량을 세워 둔 혁권은 얼굴을 와락 일그러뜨리면서 위성전화기를 귀에서 뗐다.; 바리케이드 앞에 서 있던 적들이 화들짝 놀라 자동소총을 빼 들려고 했지만 그전에 쏟아진 총탄에 맞아 피투성이가 됐다.","얼마쯤 시간이 지났을까 필터 앞까지 타들어 간 담배를 바닥에 버리고 구둣발로 비벼 끈 혁권이 새 걸 꺼내려고 할 때 하킴과 부하들이 앞으로 다가왔다.","알레포로 이어지는 도로를 따라 줄지어 늘어선 철제 송전탑 밑에 차량을 세워 둔 혁권은 얼굴을 와락 일그러뜨리면서 위성전화기를 귀에서 뗐다.","바리케이드 앞에 서 있던 적들이 화들짝 놀라 자동소총을 빼 들려고 했지만 그전에 쏟아진 총탄에 맞아 피투성이가 됐다.","영어와 아랍어로 알레포라고 쓰인 커다란 도로 표지판을 지나자 정부군 검문소가 나타났다.","혁권 — 그 상태에서 치열한 격전이 벌어졌고 반군은 포위망을 더 뚫어내는 건 고사하고 이미 확보한 통로를 지켜 내는 것도 힘들어졌다.","world","혁권 — 그 상태에서 치열한 격전이 벌어졌고 반군은 포위망을 더 뚫어내는 건 고사하고 이미 확보한 통로를 지켜 내는 것도 힘들어졌다.","차 안으로 쏟아진 총탄에 놀란 백성균이 운전대를 옆으로 트는 바람에 차체가 좌우로 크게 흔들렸고 타이어가 바닥과 마찰을 일으켜 타는 고무 냄새가 진하게 풍겼다.","그 상태에서 치열한 격전이 벌어졌고 반군은 포위망을 더 뚫어내는 건 고사하고 이미 확보한 통로를 지켜 내는 것도 힘들어졌다.","차 안으로 쏟아진 총탄에 놀란 백성균이 운전대를 옆으로 트는 바람에 차체가 좌우로 크게 흔들렸고 타이어가 바닥과 마찰을 일으켜 타는 고무 냄새가 진하게 풍겼다.","GA-A44","0.89"
"252","대망 252화","","36763","36924","황급히 몸을 숙였던 혁권은 앞좌석에 어깨를 부딪친 충격에 작게 신음을 흘리면서 고개를 들었다.","그걸 확인한 혁권은 반대편에서 총을 쏘고 있는 하킴을 보며 고함을 질렀다.; 정부군과 반군이 한데 뒤엉켜서 전투를 벌이고 있는 지역인 데다 도로가 엉망이었기에 차량 속도를 늦출 수밖에 없어 만약 공격받는다면 더 치명적이었다.","고통을 참으면서 대답한 백성균이 사륜구동차량을 코너 뒤로 빼려고 애를 쓰자 혁권과 나머지 부하들이 조금이라도 돕기 위해 가지고 있는 자동소총으로 견제사격을 해 줬다.","그걸 확인한 혁권은 반대편에서 총을 쏘고 있는 하킴을 보며 고함을 질렀다.","정부군과 반군이 한데 뒤엉켜서 전투를 벌이고 있는 지역인 데다 도로가 엉망이었기에 차량 속도를 늦출 수밖에 없어 만약 공격받는다면 더 치명적이었다.","얼마쯤 가자, 낮은 건물들이 하나둘 도로 옆으로 나타나면서 드디어 알레포 시가지로 진입했다.","백성균 — 일단 차부터 뒤로 빼. 여기에 계속 있다가는 총알받이가 될 뿐이야.","world","백성균 — 일단 차부터 뒤로 빼. 여기에 계속 있다가는 총알받이가 될 뿐이야.","건물 벽에 등을 기대고 선 혁권은 가쁜 숨을 몰아쉬면서 부하들을 둘러봤다.","일단 차부터 뒤로 빼. 여기에 계속 있다가는 총알받이가 될 뿐이야.","건물 벽에 등을 기대고 선 혁권은 가쁜 숨을 몰아쉬면서 부하들을 둘러봤다.","GA-A44","0.89"
"253","대망 253화","지옥Ⅱ","36925","37076","다들 지친 기색이었지만 백성균이 어깨에 총을 맞은 걸 빼고는 큰 이상 없이 괜찮아 보였다.","지옥Ⅱ — 얼마 안 있어 길을 막고 있던 건물 잔해가 치워지자 혁권은 차량 대열을 이끌고 반군이 장악하는 알레포 동부 지역으로 들어갔다.","극적인 반전에 혁권은 일어나서 환호성이라도 지르고 싶었지만 알레포에는 접선하려는 FSA(자유시리아군)뿐만 아니라 극단 이슬람 원리주의자들인 IS도 뒤섞여 있었기에 긴장을 풀지 못했다.","얼마 안 있어 길을 막고 있던 건물 잔해가 치워지자 혁권은 차량 대열을 이끌고 반군이 장악하는 알레포 동부 지역으로 들어갔다.","앞뒤로 갇힌 상태에서 압도적으로 우세한 적과 전투를 벌여 이 정도 피해라면 아주 잘 싸운 거였다.","조심스럽게 혁권이 몸을 일으키자 사내는 햇볕에 그을린 피부 때문에 유난히 하얗게 보이는 이를 드러내며 웃었다.","혁권 — 단순한 고용 관계가 아니고 마음을 나눈 동료라고 할 수 있는 부하들을 벌써 셋이나 잃은 것에 그는 침울한 표정을 감추지 못했다.","world","혁권 — 단순한 고용 관계가 아니고 마음을 나눈 동료라고 할 수 있는 부하들을 벌써 셋이나 잃은 것에 그는 침울한 표정을 감추지 못했다.","도로 한쪽에 크게 파인 포탄 구덩이에 주민들이 양동이를 하나씩 손에 든 채 길게 줄을 서 있는 걸 본 혁권이 의아한 표정을 짓자 길 안내를 위해 조수석에 탄 반군 병사가 무심한 얼굴로 입을 열었다.","단순한 고용 관계가 아니고 마음을 나눈 동료라고 할 수 있는 부하들을 벌써 셋이나 잃은 것에 그는 침울한 표정을 감추지 못했다.","도로 한쪽에 크게 파인 포탄 구덩이에 주민들이 양동이를 하나씩 손에 든 채 길게 줄을 서 있는 걸 본 혁권이 의아한 표정을 짓자 길 안내를 위해 조수석에 탄 반군 병사가 무심한 얼굴로 입을 열었다.","GA-A44","0.92"
"254","대망 254화","","37077","37200","혁권이 이맛살을 찌푸리며 물었다.","화물을 가져오기는 했지만 나무 상자 안에 뭐가 들어 있는지 전혀 몰랐던 혁권은 내심 깜짝 놀랐다.; 얼굴에 피곤한 기색이 역력한 의사는 알레포에서 보기 힘든 동양인인 혁권을 힐끗 쳐다보곤 입을 열었다.","부분 마취라도 했으면 좋았겠지만 안타깝게도 그건 상자 안에도 없어 그냥 생살을 봉합해야 했는데, 다행히 백성균은 입에 헝겊을 하나 문 채 잘 견뎌 냈다.","화물을 가져오기는 했지만 나무 상자 안에 뭐가 들어 있는지 전혀 몰랐던 혁권은 내심 깜짝 놀랐다.","얼굴에 피곤한 기색이 역력한 의사는 알레포에서 보기 힘든 동양인인 혁권을 힐끗 쳐다보곤 입을 열었다.","혁권은 상체를 드러낸 채 생살을 꿰매는 고통에 기진맥진한 백성균에게 걸쳐 주곤 잘 참았다는 듯이 등을 가볍게 두드려 줬다.","너무 덩치가 크고 눈에 띄는 화물 트럭들은 그대로 두고 하나 남은 사륜구동차량과 반군한테서 얻은 낡은 승용차에 나눠 탄 일행은 알레포 동부 지역에서 가장 큰 병원인 M10 병원으로 향했다.","world","너무 덩치가 크고 눈에 띄는 화물 트럭들은 그대로 두고 하나 남은 사륜구동차량과 반군한테서 얻은 낡은 승용차에 나눠 탄 일행은 알레포 동부 지역에서 가장 큰 병원인 M10 병원으로 향했다.","설마 병원을 폭격하지는 않을 거라 생각했지만 곧장 이리로 다가오는 것이 왠지 느낌이 심상치 않았다.","너무 덩치가 크고 눈에 띄는 화물 트럭들은 그대로 두고 하나 남은 사륜구동차량과 반군한테서 얻은 낡은 승용차에 나눠 탄 일행은 알레포 동부 지역에서 가장 큰 병원인 M10 병원으로 향했다.","설마 병원을 폭격하지는 않을 거라 생각했지만 곧장 이리로 다가오는 것이 왠지 느낌이 심상치 않았다.","GA-A44","0.89"
"255","대망 255화","","37201","37334","소매를 잡아끌며 하킴이 소리치자 그는 부축받고 서 있는 백성균을 돌아봤다.","장갑도 끼지 않고 맨손으로 혁권과 부하들이 커다란 콘크리트 덩어리를 들어 올리자 밑에 깔려 있던 여자아이를 사람들이 끄집어냈다.; 아직 본격적인 공세가 벌어지기 전이라고 하지만 이미 외곽 지역에서 전투가 점점 격해지는 중인데 짐을 잔뜩 떠안고 도시를 빠져나가라니 어처구니가 없었다.","소매를 잡아끌며 하킴이 소리치자 그는 부축받고 서 있는 백성균을 돌아봤다.","장갑도 끼지 않고 맨손으로 혁권과 부하들이 커다란 콘크리트 덩어리를 들어 올리자 밑에 깔려 있던 여자아이를 사람들이 끄집어냈다.","아직 본격적인 공세가 벌어지기 전이라고 하지만 이미 외곽 지역에서 전투가 점점 격해지는 중인데 짐을 잔뜩 떠안고 도시를 빠져나가라니 어처구니가 없었다.","좀처럼 결정하기 힘든 사안이었기에 혁권의 입에서 저도 모르게 신음이 터져 나왔다.","전투가 점점 더 격렬해지고 있는 상황에서 시간이 갈수록 탈출 가능성이 작아졌기에 혁권은 서둘러 움직였다.","world","전투가 점점 더 격렬해지고 있는 상황에서 시간이 갈수록 탈출 가능성이 작아졌기에 혁권은 서둘러 움직였다.","화물을 내렸던 창고로 돌아가자 어린아이와 노약자 들을 비롯해 반군 부상병들까지 백여 명 정도가 모여 있었다.","전투가 점점 더 격렬해지고 있는 상황에서 시간이 갈수록 탈출 가능성이 작아졌기에 혁권은 서둘러 움직였다.","화물을 내렸던 창고로 돌아가자 어린아이와 노약자 들을 비롯해 반군 부상병들까지 백여 명 정도가 모여 있었다.","GA-A44","0.89"
"256","대망 256화","","37335","37475","반군 부상병들은 상태가 아주 위중한 이들로 의약품이 부족한 알레포에서는 더 이상 치료가 어려웠기에 잡히면 무조건 죽임을 당할 위험을 무릅쓰고 밖으로 내보내려는 거였다.","혁권 — 상대의 생각을 역이용하는 겁니다. 포위망을 갖춘 정부군은 반군이 도시 밖으로 탈출하는 것만 신경 쓰고 있지 설마 동부 지역을 공격할 거라고는 전혀 예상하지 못하고 있을 겁니다…","반군 부상병들은 상태가 아주 위중한 이들로 의약품이 부족한 알레포에서는 더 이상 치료가 어려웠기에 잡히면 무조건 죽임을 당할 위험을 무릅쓰고 밖으로 내보내려는 거였다.","혁권 — 상대의 생각을 역이용하는 겁니다. 포위망을 갖춘 정부군은 반군이 도시 밖으로 탈출하는 것만 신경 쓰고 있지 설마 동부 지역을 공격할 거라고는 전혀 예상하지 못하고 있을 겁니다.","도로 한쪽을 막고 있던 정부군 전차가 시커먼 연기를 피워 올리면서 불에 타고 있는 가운데 반군들이 그동안 당한 울분을 풀기라도 하듯 마구 총을 쏴댔다.","그 때문에 한순간 총을 든 손이 미끄러질 뻔했으나 혁권은 침착하게 고쳐 쥐고 자세를 허물어뜨리지 않았다.","혁권 — 이제 잠시 뒤면 또다시 총탄이 빗발치는 전투 현장을 가로질러 도시를 탈출해야 했다.","world","혁권 — 이제 잠시 뒤면 또다시 총탄이 빗발치는 전투 현장을 가로질러 도시를 탈출해야 했다.","폭격으로 건물 곳곳이 무너져 내리고 도로에 커다란 포탄 구덩이가 파인 채 하루에도 수십 명씩 죽어 나가는 동부와 달리 서부는 너무나도 평온한 모습이었다.","이제 잠시 뒤면 또다시 총탄이 빗발치는 전투 현장을 가로질러 도시를 탈출해야 했다.","폭격으로 건물 곳곳이 무너져 내리고 도로에 커다란 포탄 구덩이가 파인 채 하루에도 수십 명씩 죽어 나가는 동부와 달리 서부는 너무나도 평온한 모습이었다.","GA-A44","0.89"
"257","대망 257화","","37476","37604","이질감이 들 정도로 너무나도 깨끗한 도로와 주택에 전기가 들어와 불빛이 환하게 켜져 있었다.","마지막 하나 남은 담배를 꺼내 입에 물고는 빈 갑을 구겨서 차창 밖으로 던진 혁권은 힐끗 고개를 들어 하늘을 쳐다봤다.; 알레포 동부를 공격하기 위해서 잔뜩 집결해 있는 정부군을 피해 서쪽으로 한참을 이동한 차량 행렬은 다시 방향을 틀어 터키 국경을 향해 달려갔다.","공습을 막기 위해서 반군이 타이어를 태워 하늘이 온통 새까만 연기로 뒤덮인 알레포를 한참 동안 바라보던 혁권은 이내 시선을 앞으로 돌렸다.","마지막 하나 남은 담배를 꺼내 입에 물고는 빈 갑을 구겨서 차창 밖으로 던진 혁권은 힐끗 고개를 들어 하늘을 쳐다봤다.","알레포 동부를 공격하기 위해서 잔뜩 집결해 있는 정부군을 피해 서쪽으로 한참을 이동한 차량 행렬은 다시 방향을 틀어 터키 국경을 향해 달려갔다.","혁권이 백미러에 비친 알레포 시가지를 물끄러미 쳐다보고 있자 옆에 나란히 앉은 하킴이 말을 걸었다.","혁권 — 아마도 하산이 위험을 각오하고 노약자와 중환자 들을 도시 밖으로 탈출시킨 건 그걸 대비한 것일 터였다.","world","혁권 — 아마도 하산이 위험을 각오하고 노약자와 중환자 들을 도시 밖으로 탈출시킨 건 그걸 대비한 것일 터였다.","따뜻한 수증기가 퍼지자 짐칸 안은 더욱 온기가 감돌았다.","아마도 하산이 위험을 각오하고 노약자와 중환자 들을 도시 밖으로 탈출시킨 건 그걸 대비한 것일 터였다.","따뜻한 수증기가 퍼지자 짐칸 안은 더욱 온기가 감돌았다.","GA-A44","0.89"
"258","대망 258화","","37605","37743","그걸 본 혁권은 가지고 있던 커피와 코코아 티백을 나눠 줘서 마실 수 있도록 해 줬다.","알레포에서 난민들을 탈출시켜서 나왔다는 이야기는 들었소. 그들을 데리고 무사히 국경을 넘으려면 아무래도 도움이 필요하지 않겠소.; 이러다 보니 미국을 비롯한 서방 국가들이 강압적인 철권 통치로 국민을 탄압하는 아사드 정권을 비난하면서도 적극적으로 반군 세력을 돕는 데 주저하고 있었다.","샌더슨이 관심을 가지는 것이 바로 알레포에서 데려고 나온 난민이라는 걸 눈치챈 그는 눈을 가늘게 떴다.","알레포에서 난민들을 탈출시켜서 나왔다는 이야기는 들었소. 그들을 데리고 무사히 국경을 넘으려면 아무래도 도움이 필요하지 않겠소.","이러다 보니 미국을 비롯한 서방 국가들이 강압적인 철권 통치로 국민을 탄압하는 아사드 정권을 비난하면서도 적극적으로 반군 세력을 돕는 데 주저하고 있었다.","출발 전에 그럴지도 모른다는 이야기를 듣기는 했지만 막상 실제로 조치가 취해졌다는 소식에 혁권은 낮게 침음을 흘렸다.","기껏 탈출한 난민들을 러시아와 시리아 정부군의 잔인함을 홍보하는 도구로 써먹으려는 CIA의 속셈에 그는 내심 짜증이 치밀어 올랐다.","world","기껏 탈출한 난민들을 러시아와 시리아 정부군의 잔인함을 홍보하는 도구로 써먹으려는 CIA의 속셈에 그는 내심 짜증이 치밀어 올랐다.","얼마쯤 가자 전조등을 환하게 켜 놓은 채 세워져 있는 검은색 픽업트럭 6대가 눈에 들어왔다.","기껏 탈출한 난민들을 러시아와 시리아 정부군의 잔인함을 홍보하는 도구로 써먹으려는 CIA의 속셈에 그는 내심 짜증이 치밀어 올랐다.","얼마쯤 가자 전조등을 환하게 켜 놓은 채 세워져 있는 검은색 픽업트럭 6대가 눈에 들어왔다.","GA-A44","0.89"
"259","대망 259화","복수","37744","37888","아이러니하게도 픽업트럭 전면 라디에이터 그릴에는 미국 자동차 회사인 포드 마크가 큼지막하게 붙어 있었다.","복수 — 흙바닥을 시뻘건 피로 물들이며 쓰러져 있는 IS 대원의 몸을 뒤져 조끼에 달린 주머니에서 탄창을 꺼내 챙긴 혁권은 부하들을 보면서 말했다.","혁권과 부하들이 돌아오자 요란하게 울리는 총성을 들으면서 마음을 졸이며 트럭에 남아 있던 사람들이 크게 환영했다.","흙바닥을 시뻘건 피로 물들이며 쓰러져 있는 IS 대원의 몸을 뒤져 조끼에 달린 주머니에서 탄창을 꺼내 챙긴 혁권은 부하들을 보면서 말했다.","혁권은 숨을 죽인 채 그걸 가만히 지켜보면서 적이 조금이라도 낌새를 채면 바로 총을 쏠 수 있게 자세를 잡았다.","이에 고개를 끄덕인 혁권은 바닥에 손을 짚고 일어나려던 작은 몸뚱이가 순간 휘청거리는 것에 반사적으로 손을 내밀었다가 다시 흠칫하는 것을 보고는 안심할 수 있게 대신 한 발자국 물러섰다.","CIA가 도와주기로 한 덕분에 굳이 이럴 필요가 없어졌지만 언론 공작을 위해서 잔뜩 모아 놨을 기자들한테 모든 사실을 다 밝히기는 어려웠기에 구호단체에서 난민들을 구해 온 걸로 적당히 둘러대려는 거였다.","relationship","CIA가 도와주기로 한 덕분에 굳이 이럴 필요가 없어졌지만 언론 공작을 위해서 잔뜩 모아 놨을 기자들한테 모든 사실을 다 밝히기는 어려웠기에 구호단체에서 난민들을 구해 온 걸로 적당히 둘러대려는 거였다.","모두 전쟁을 피해 터키로 넘어가려는 이들이었다.","CIA가 도와주기로 한 덕분에 굳이 이럴 필요가 없어졌지만 언론 공작을 위해서 잔뜩 모아 놨을 기자들한테 모든 사실을 다 밝히기는 어려웠기에 구호단체에서 난민들을 구해 온 걸로 적당히 둘러대려는 거였다.","모두 전쟁을 피해 터키로 넘어가려는 이들이었다.","GA-A45","0.92"
"260","대망 260화","","37889","38004","국경 검문소 앞에 차를 멈춰 세우자 뜻밖에도 콧수염을 기른 터키군 장교와 함께 선글라스로 얼굴을 가린 샌더슨이 다가왔다.","소중한 가족을 잃은 유족들은 혁권이 운영하는 봉제 공장에서 일하며 계속 생계를 이어 갈 수 있도록 해 줬다.; 그동안은 UN을 비롯한 여러 구호단체의 도움이라도 받을 수 있었지만 터키 내에서 난민을 가장해 몰래 침투한 테러리스트의 공격이 빈번하게 벌어진 이후로 그마저도 막혀 버려 상황이…","작게 머리를 끄덕인 혁권이 한쪽 팔을 들어 신호를 보내자 뒤에 서 있던 트럭들이 차례대로 그를 지나쳐 국경을 넘어갔다.","소중한 가족을 잃은 유족들은 혁권이 운영하는 봉제 공장에서 일하며 계속 생계를 이어 갈 수 있도록 해 줬다.","그동안은 UN을 비롯한 여러 구호단체의 도움이라도 받을 수 있었지만 터키 내에서 난민을 가장해 몰래 침투한 테러리스트의 공격이 빈번하게 벌어진 이후로 그마저도 막혀 버려 상황이 더욱 열약해졌다.","이미 혁권이 결심을 단단히 굳힌 걸 알고는 무거운 얼굴로 머리를 끄덕였다.","안타깝게 목숨을 잃은 부하 두 명도 예외가 아니었는데 이들 유가족한테는 10만 달러 외에도 각각 20만 달러씩 위로금을 주고 아테네까지 이송해 온 시신을 근처 공동묘지에다가 후하게 장례까지 치러 줬다.","money","안타깝게 목숨을 잃은 부하 두 명도 예외가 아니었는데 이들 유가족한테는 10만 달러 외에도 각각 20만 달러씩 위로금을 주고 아테네까지 이송해 온 시신을 근처 공동묘지에다가 후하게 장례까지 치러 줬다.","그러다 문득 건방지게도 배짱을 부리면서 자신과 가격 협상을 했던 혁권을 떠올리고는 이맛살을 찌푸렸다.","안타깝게 목숨을 잃은 부하 두 명도 예외가 아니었는데 이들 유가족한테는 10만 달러 외에도 각각 20만 달러씩 위로금을 주고 아테네까지 이송해 온 시신을 근처 공동묘지에다가 후하게 장례까지 치러 줬다.","그러다 문득 건방지게도 배짱을 부리면서 자신과 가격 협상을 했던 혁권을 떠올리고는 이맛살을 찌푸렸다.","GA-A45","0.89"
"261","대망 261화","","38005","38146","아테네에서 벌어졌던 총격전이 CNN에까지 크게 보도되는 바람에 차도살인借刀殺人 계획이 실패했다는 걸 보헤멘도 알게 됐다.","짧게 주변을 둘러본 혁권은 풀 사이드에 있는 선베드에서 찾고 있던 인물을 발견하곤 자말을 기다리게 한 뒤 혼자 발걸음을 옮겼다.; 그래도 상관없소. 하지만 하나만 명심하시오. 테러 조직과 손을 잡고 미국을 위협하는 건 내가 아니라 보헤멘이라는 걸 말이오.","마치 맡겨 놓은 돈을 찾으러 온 것처럼 너무나도 당당한 혁권의 태도에 샌더슨은 어처구니가 없다는 표정을 지었다.","짧게 주변을 둘러본 혁권은 풀 사이드에 있는 선베드에서 찾고 있던 인물을 발견하곤 자말을 기다리게 한 뒤 혼자 발걸음을 옮겼다.","그래도 상관없소. 하지만 하나만 명심하시오. 테러 조직과 손을 잡고 미국을 위협하는 건 내가 아니라 보헤멘이라는 걸 말이오.","사실 그 문제로 CIA에서도 보헤멘 회장을 계속해서 주시하는 중이었다.","시에라리온 반군을 통해서 지금까지 양질의 다이아몬드를 상당히 저렴한 가격에 공급받고 있었기에 보헤멘은 쉽게 미련을 버리지 못했다.","world","시에라리온 반군을 통해서 지금까지 양질의 다이아몬드를 상당히 저렴한 가격에 공급받고 있었기에 보헤멘은 쉽게 미련을 버리지 못했다.","자말이 걱정스럽게 묻자 방금 전 수영장에서 보여 준 것과 달리 약간 굳은 얼굴로 혁권이 말했다.","시에라리온 반군을 통해서 지금까지 양질의 다이아몬드를 상당히 저렴한 가격에 공급받고 있었기에 보헤멘은 쉽게 미련을 버리지 못했다.","자말이 걱정스럽게 묻자 방금 전 수영장에서 보여 준 것과 달리 약간 굳은 얼굴로 혁권이 말했다.","GA-A45","0.89"
"262","대망 262화","","38147","38283","혁권은 나름대로 생각이 있는 듯 보였지만 그럼에도 불구하고 자말은 여전히 신경 쓰이는 듯한 표정이었다.","헤쳐 나가야 할 장애물이 많아 실패 가능성이 아주 큰 작전이었는데, 그걸 훌륭하게 끝낸 사람이 바로 혁권이었다니 러셀 국장은 의외라는 표정을 지었다.; 대부분 최근 내전이 격해진 시에라리온을 비롯한 아프리카에서 나온 것들입니다…","CIA에서 블랙레빗이라는 암호명을 붙인 혁권에 대한 파일을 직접 살펴본 러셀 국장은 꽤 흥미로운 인물이기는 하지만 그래봤자 밀수업자에 불과한 자가 보헤멘 같은 거대 카르텔 기업의 수장을 죽이려고 한다는 것에 황당한 기분이 들…","헤쳐 나가야 할 장애물이 많아 실패 가능성이 아주 큰 작전이었는데, 그걸 훌륭하게 끝낸 사람이 바로 혁권이었다니 러셀 국장은 의외라는 표정을 지었다.","대부분 최근 내전이 격해진 시에라리온을 비롯한 아프리카에서 나온 것들입니다. 반군들이 무기 구입에 돈을 쓰기도 하지만 상당액이 테러 단체로 흘러가고 있는데…","진동이 울리자 안주머니에서 스마트폰을 꺼낸 혁권은 액정에 뜬 이름을 확인하곤 통화 버튼을 눌렀다.","보헤멘 회장이 죽은 뒤 새롭게 드비어스사의 수장을 선출할 때 관여해서 국제 다이아몬드 시장에 영향력을 확보하는 겁니다. 그렇게 된다면 다이아몬드를 통한 범죄 조직들의 자금 움직임을 더욱 정확하게 파악할 수 있을 겁니다.","status","보헤멘 회장이 죽은 뒤 새롭게 드비어스사의 수장을 선출할 때 관여해서 국제 다이아몬드 시장에 영향력을 확보하는 겁니다. 그렇게 된다면 다이아몬드를 통한 범죄 조직들의 자금 움직임을 더욱 정확하게 파악할 수 있을 겁니다.","혁권은 심기가 불편하다는 표정을 숨기지도 않은 채 불퉁하게 대꾸했다.","보헤멘 회장이 죽은 뒤 새롭게 드비어스사의 수장을 선출할 때 관여해서 국제 다이아몬드 시장에 영향력을 확보하는 겁니다. 그렇게 된다면 다이아몬드를 통한 범죄 조직들의 자금 움직임을 더욱 정확하게 파악할 수 있을 겁니다.","혁권은 심기가 불편하다는 표정을 숨기지도 않은 채 불퉁하게 대꾸했다.","GA-A45","0.89"
"263","대망 263화","","38284","38407","곁눈으로 흘깃 살펴보니 약간 떨어진 테이블에 자리 잡고 있던 자말과 하킴 옆에도 처음 보는 낯선 사내가 앉아 있었다.","경호원들을 무력화하고 저택 내부로 들어간다고 해도 보헤멘이 두꺼운 강철로 만들어진 패닉룸으로 피해 버리면 끝이었다.; 부피가 작은 것도 아니고 이런 데 함부로 들고 다닐 수는 없지 않겠나. 나중에 객실로 배달해 줄 테니까. 걱정 안 해도 돼.","기껏 보헤멘을 죽여 복수해 놓고 영국 경찰에 붙잡힌다면 아무런 소용이 없었다.","경호원들을 무력화하고 저택 내부로 들어간다고 해도 보헤멘이 두꺼운 강철로 만들어진 패닉룸으로 피해 버리면 끝이었다.","부피가 작은 것도 아니고 이런 데 함부로 들고 다닐 수는 없지 않겠나. 나중에 객실로 배달해 줄 테니까. 걱정 안 해도 돼.","시선을 돌리자 차고 문이 열리면서 레인지로버 한 대가 나오고 그 뒤로 보헤멘이 탄 재규어가 모습을 드러냈다.","보헤멘처럼 겹겹이 경호를 받는 상대를 죽이는 데에는 직접 뚫고 들어가는 것보다 오히려 저격이 정답일 수 있었다.","relationship","보헤멘처럼 겹겹이 경호를 받는 상대를 죽이는 데에는 직접 뚫고 들어가는 것보다 오히려 저격이 정답일 수 있었다.","그것 역시 여러 가지 변수에 의해서 실패의 가능성이 컸고, 무엇보다 앞으로 자신을 노릴지도 모르는 자들한테 경고를 하기 위해서는 숨어서 총을 쏘는 저격보다 직접 보헤멘의 이마에 총알구멍을 뚫어 놓는 것이 더 확실했다.","보헤멘처럼 겹겹이 경호를 받는 상대를 죽이는 데에는 직접 뚫고 들어가는 것보다 오히려 저격이 정답일 수 있었다.","그것 역시 여러 가지 변수에 의해서 실패의 가능성이 컸고, 무엇보다 앞으로 자신을 노릴지도 모르는 자들한테 경고를 하기 위해서는 숨어서 총을 쏘는 저격보다 직접 보헤멘의 이마에 총알구멍을 뚫어 놓는 것이 더 확실했다.","GA-A45","0.89"
"264","대망 264화","피로 물든 워털루 브리지","38408","38560","딱히 다른 방법이 없다면 모르겠지만 일단 지금은 아니었다.","피로 물든 워털루 브리지 — 영국 전체를 충격에 빠뜨렸던 7.7 런던 테러 이후 만들어진 것으로 적색경보가 내려지면 공항, 기차역 등 사람들이 많이 모이는 시설과 장소에 대한 경비가 강화되고 모든 치안 기관들이 비상 운영에 들어가게 되어 있었다.","뜻하지 않게 MI5가 냄새를 맡고 은밀히 움직이고 있다는 걸 모른 채 혁권은 계획을 세우고 거기에 맞춰 준비를 착착 진행해 나갔다.","영국 전체를 충격에 빠뜨렸던 7.7 런던 테러 이후 만들어진 것으로 적색경보가 내려지면 공항, 기차역 등 사람들이 많이 모이는 시설과 장소에 대한 경비가 강화되고 모든 치안 기관들이 비상 운영에 들어가게 되어 있었다.","평소 협조 관계에 있는 CIA와 MI5였지만 뒤로는 항상 상대편의 동향을 감시했는데, 비밀공작을 수행하는 샌더슨은 그중에서도 상당히 높은 레벨의 감시 대상자였다.","짜증을 쏟아 냈지만 사실 샌더슨도 혁권이 이런 식으로 행동할 줄은 미처 예상하지 못했다.","샌더슨은 외부에서 도청하지 못하도록 비화장치가 내장된 스마트폰을 건네받고는 잠시 화를 가라앉힌 후에 귀로 가져갔다.","world","샌더슨은 외부에서 도청하지 못하도록 비화장치가 내장된 스마트폰을 건네받고는 잠시 화를 가라앉힌 후에 귀로 가져갔다.","아직 세부적인 것까지는 파악하지 못한 거 같지만 자네가 저쪽 감시망에 노출됐어. 아마 지금도 꼬리가 붙어 있을 거야.","샌더슨은 외부에서 도청하지 못하도록 비화장치가 내장된 스마트폰을 건네받고는 잠시 화를 가라앉힌 후에 귀로 가져갔다.","아직 세부적인 것까지는 파악하지 못한 거 같지만 자네가 저쪽 감시망에 노출됐어. 아마 지금도 꼬리가 붙어 있을 거야.","GA-A46","0.92"
"265","대망 265화","","38561","38718","자신이 감시당하고 있다는 사실에 샌더슨은 낮게 침음성을 흘렸다.","앞쪽에 워털루 브리지가 보이기 시작하자 액셀 레버를 당겨 속도를 높인 아미르는 연료통 위에 올려 둔 가방에서 뭔가를 꺼내 들었다.; 상대가 쏘는 총탄이 크게 위협이 되지 않는다는 걸 머리로는 알고 있었지만 소나기처럼 마구 차체를 두들겨 대는 소리에 두려움을 느낀 보헤멘은 몸을 숨긴 채…","보헤멘 — 미간을 좁힌 얀이 소매 끝에 부착해 둔 무전기 핀 마이크를 입으로 가져가려고 할 때 운전석에 앉은 부하가 말했다.","앞쪽에 워털루 브리지가 보이기 시작하자 액셀 레버를 당겨 속도를 높인 아미르는 연료통 위에 올려 둔 가방에서 뭔가를 꺼내 들었다.","상대가 쏘는 총탄이 크게 위협이 되지 않는다는 걸 머리로는 알고 있었지만 소나기처럼 마구 차체를 두들겨 대는 소리에 두려움을 느낀 보헤멘은 몸을 숨긴 채 목에 핏대를 세우며 고함을 내질렀다.","자석처럼 착 달라붙은 폭탄을 확인한 아미르가 고개를 드는 순간 조수석에 앉아 있던 얀과 시선이 맞부딪혔다.","뒷좌석 가죽 시트 등받이에 깊숙이 몸을 파묻고 있던 보헤멘은 컨디션이 그다지 안 좋은지 살짝 인상을 쓰고 있었다.","relationship","뒷좌석 가죽 시트 등받이에 깊숙이 몸을 파묻고 있던 보헤멘은 컨디션이 그다지 안 좋은지 살짝 인상을 쓰고 있었다.","차체가 들썩거리는 충격에 하마터면 다시 얼굴을 시트에 박을 뻔한 보헤멘은 입에서 욕설을 내뱉었다.","뒷좌석 가죽 시트 등받이에 깊숙이 몸을 파묻고 있던 보헤멘은 컨디션이 그다지 안 좋은지 살짝 인상을 쓰고 있었다.","차체가 들썩거리는 충격에 하마터면 다시 얼굴을 시트에 박을 뻔한 보헤멘은 입에서 욕설을 내뱉었다.","GA-A46","0.89"
"266","대망 266화","","38719","38863","시내 한복판에 그것도 교통량이 많은 출퇴근 시간이었기에 도로는 각종 차량으로 가득 차 있었다.","돌아온 아미르와 함께 라미까지 모두 안전하게 탈출하는 걸 확인한 그는 주머니에서 리모컨처럼 생긴 물건을 꺼내 가운데 있는 단추를 눌렀다.; 도로 한쪽에 뒤집힌 채 연기를 피워 올리고 있는 레인지로버에서 살아남은 경호원들이 밖으로 나오려고 하는 걸 하킴이 자동소총을 난사해 다 사살해 버리…","경호원의 이야기에 자신이 타고 있는 차량이 어떤 건지 떠올린 보헤멘은 그제야 안정을 되찾았다.","돌아온 아미르와 함께 라미까지 모두 안전하게 탈출하는 걸 확인한 그는 주머니에서 리모컨처럼 생긴 물건을 꺼내 가운데 있는 단추를 눌렀다.","도로 한쪽에 뒤집힌 채 연기를 피워 올리고 있는 레인지로버에서 살아남은 경호원들이 밖으로 나오려고 하는 걸 하킴이 자동소총을 난사해 다 사살해 버리는 총성이 귓가를 시끄럽게 울렸다.","예. 현재 경찰특공대 2개 조가 현장으로 급파됐고 런던 시경에서 사건이 벌어진 워털루 브리지 일대를 차단 중입니다.","보헤멘 — 제길! 누가 너희들을 고용했는지 모르겠지만 내가 그 두 배를 줄 테니… 커억.","relationship","보헤멘 — 제길! 누가 너희들을 고용했는지 모르겠지만 내가 그 두 배를 줄 테니… 커억.","상황실장이 곤혹스러운 얼굴로 대답했다.","제길! 누가 너희들을 고용했는지 모르겠지만 내가 그 두 배를 줄 테니… 커억.","상황실장이 곤혹스러운 얼굴로 대답했다.","GA-A46","0.89"
"267","대망 267화","","38864","38989","아무리 관리가 엉망이었다고 해도 그 많은 CCTV가 하필이면 지금 한꺼번에 고장을 일으킬 리가 없었다.","다들 곧장 전술 조끼와 검은색 위장복을 벗고는 라미가 꺼내 온 가방에서 각자 옷을 찾아 갈아입었다.; 긴급 속보 자막과 함께 금발의 여성 앵커가 다급한 목소리로 뉴스를 전하는 것이 보였는데…","앞서 이야기한 대로 일이 너무 커지는 바람에 혁권의 존재가 부담스러워졌기에 러셀 국장이 조직을 위해 이런 생각을 하는 건 당연한 거였다.","다들 곧장 전술 조끼와 검은색 위장복을 벗고는 라미가 꺼내 온 가방에서 각자 옷을 찾아 갈아입었다.","긴급 속보 자막과 함께 금발의 여성 앵커가 다급한 목소리로 뉴스를 전하는 것이 보였는데, 한쪽 모서리에 작은 화면으로 시커먼 연기라 피어오르고 있는 워털루 브리지 다리 주변 모습이 방영되고 있었다.","일이 잘못돼서 우리가 연관된 사실이 밝혀진다면 엄청난 스캔들이 될 거야.","샌더슨 — 그간의 행적들 때문에 자네에 대한 내 신뢰도가 바닥을 치고 있다는 사실을 꼭 상기시켜 줘야만 하나?","relationship","샌더슨 — 그간의 행적들 때문에 자네에 대한 내 신뢰도가 바닥을 치고 있다는 사실을 꼭 상기시켜 줘야만 하나?","아직 정확한 숫자가 나오지 않았지만 이번 사건으로 십여 명이 넘는 사상자가 발생했고 워털루 브리지 일대의 교통이 완전히 마비됐습니다…","그간의 행적들 때문에 자네에 대한 내 신뢰도가 바닥을 치고 있다는 사실을 꼭 상기시켜 줘야만 하나?","아직 정확한 숫자가 나오지 않았지만 이번 사건으로 십여 명이 넘는 사상자가 발생했고 워털루 브리지 일대의 교통이 완전히 마비됐습니다…","GA-A46","0.89"
"268","대망 268화","","38990","39122","귀를 쫑긋 세운 채 아나운서의 이야기를 듣고 있던 자말이 혁권을 보며 말했다.","젬블레가 나가자 의자에서 일어난 마르케타 국장은 창문 너머로 비상사태가 선포돼 무장한 경찰들이 거리 곳곳에 나와 있는 모습을 내려다보면서 아랫입술을 지그시 깨물었다…","여차하면 안쪽에 숨겨 둔 권총을 뽑아 들려고 손을 움직이려는 걸 혁권이 가만히 잡으면서 나지막한 목소리로 말했다.","젬블레가 나가자 의자에서 일어난 마르케타 국장은 창문 너머로 비상사태가 선포돼 무장한 경찰들이 거리 곳곳에 나와 있는 모습을 내려다보면서 아랫입술을 지그시 깨물었다.","보통 때라면 망설임 없이 라이언 팀장의 의견대로 했겠지만 런던 한복판에서 보헤멘을 죽인 대담함과 영국 정보기관의 추적을 피해 내는 치밀함에 이대로 버리기에는 아깝다는 생각이 들었다.","아무래도 방송 뉴스 속보에서 오늘 벌어진 사건의 배후에 이슬람 극단주의 조직이 관련되어 있을 거라는 이야기가 마치 사실인 것처럼 나오자, 한눈에 봐도 아랍계인 하킴을 계속 걸고넘어지는 것 같았다.","그나마 여긴 혁권이 있어서 큰 의심을 받지는 않았지만 다른 조는 둘 다 아랍계였기에 오히려 시선을 끌어 위험한 상황이 벌어질 수도 있었다.","status","그나마 여긴 혁권이 있어서 큰 의심을 받지는 않았지만 다른 조는 둘 다 아랍계였기에 오히려 시선을 끌어 위험한 상황이 벌어질 수도 있었다.","그나마 여긴 혁권이 있어서 큰 의심을 받지는 않았지만 다른 조는 둘 다 아랍계였기에 오히려 시선을 끌어 위험한 상황이 벌어질 수도 있었다.","아무래도 방송 뉴스 속보에서 오늘 벌어진 사건의 배후에 이슬람 극단주의 조직이 관련되어 있을 거라는 이야기가 마치 사실인 것처럼 나오자, 한눈에 봐도 아랍계인 하킴을 계속 걸고넘어지는 것 같았다.","그나마 여긴 혁권이 있어서 큰 의심을 받지는 않았지만 다른 조는 둘 다 아랍계였기에 오히려 시선을 끌어 위험한 상황이 벌어질 수도 있었다.","GA-A46","0.89"
"269","대망 269화","더러운 거래","39123","39251","미처 생각하지 못했던 변수에 머리가 아팠지만 이미 뿔뿔이 흩어진 상태에서 다시 상황을 되돌릴 수는 없었다.","더러운 거래 — 고개를 들어 힐끗 한쪽 벽에 붙어 있는 시계를 확인한 혁권은 자리에서 일어나 하킴과 함께 승강장 쪽으로 걸음을 옮겼다.","혁권 — 거기서 차량을 버렸다면 아직 주변을 빠져나가지 못했을 가능성도 있겠군. 주변 지역 CCTV 영상을 전부 확보하고 세인트 올번스로 요원들을 보내!","고개를 들어 힐끗 한쪽 벽에 붙어 있는 시계를 확인한 혁권은 자리에서 일어나 하킴과 함께 승강장 쪽으로 걸음을 옮겼다.","혁권은 그 자리에서 계약서를 작성했는데 3박 4일간 총 5,768파운드(한화 800만 원)에 요트를 빌리고 부가적인 서비스 비용으로 6,000파운드를 더 지급했다.","원래대로라면 선장을 비롯해 다른 선원들이 필요했으나 마침 브레가 출신인 알아바디가 배를 운전할 줄 알았기에 혁권은 자기네들끼리만 편안하게 항해하고 싶다며 노련한 이들을 붙여 주겠다는 브루노의 제안을 거절했다.","혁권 — 한둘도 아니고 건장한 사내 여섯이 함께 요트에 타고 영국 해협을 넘어가면 의심받을 수 있었기에 일부러 한 명당 200파운드씩 돈을 주고 동행한 것이었다.","money","혁권 — 한둘도 아니고 건장한 사내 여섯이 함께 요트에 타고 영국 해협을 넘어가면 의심받을 수 있었기에 일부러 한 명당 200파운드씩 돈을 주고 동행한 것이었다.","그녀는 약간 떨어진 곳에서 이쪽을 아닌 척 주시하는 하킴과 자말에게 슬쩍 시선을 던졌다.","한둘도 아니고 건장한 사내 여섯이 함께 요트에 타고 영국 해협을 넘어가면 의심받을 수 있었기에 일부러 한 명당 200파운드씩 돈을 주고 동행한 것이었다.","그녀는 약간 떨어진 곳에서 이쪽을 아닌 척 주시하는 하킴과 자말에게 슬쩍 시선을 던졌다.","GA-A47","0.92"
"270","대망 270화","","39252","39377","혁권은 차가운 샴페인 잔을 받아 들고선 고맙다는 뜻으로 가볍게 고개를 끄덕였다.","꾸벅 머리를 숙인 젬블레 팀장이 방을 나가자 혼자가 된 마르케타 국장은 잠시 생각을 정리하고는 책상에 놓인 전화기를 집어 들었다.; 아직도 용의자가 여섯이라는 걸 제외하곤 별다른 진전이 없자 가뜩이나 사전에 테러를 막지 못한 것까지 합쳐져서 내각 회의는 MI5 무용론과 함께 마르케타 국…","단순한 암거래상이 아닙니다. 리비아와 이집트에서 거액의 무기 거래를 하고 있고 아직 확실하지는 않지만 CIA와 연결된 흔적도 있습니다.","꾸벅 머리를 숙인 젬블레 팀장이 방을 나가자 혼자가 된 마르케타 국장은 잠시 생각을 정리하고는 책상에 놓인 전화기를 집어 들었다.","아직도 용의자가 여섯이라는 걸 제외하곤 별다른 진전이 없자 가뜩이나 사전에 테러를 막지 못한 것까지 합쳐져서 내각 회의는 MI5 무용론과 함께 마르케타 국장을 질책하는 자리가 되어 버렸다.","드비어스사가 은밀하게 블러드 다이아몬드 거래를 한다는 건 이미 알고 있던 사실이잖아.","여느 때처럼 가격을 후려쳐서 블러드 다이아몬드를 구매하려던 것이 틀어져 거액의 돈을 상대편에 줬다고 합니다. 그런데 한 가지 흥미로운 사실은 원래 이 다이아몬드가 시에라리온 반군에게 보헤멘 회장이 구매하기로 되어 있던 물건들…","world","여느 때처럼 가격을 후려쳐서 블러드 다이아몬드를 구매하려던 것이 틀어져 거액의 돈을 상대편에 줬다고 합니다. 그런데 한 가지 흥미로운 사실은 원래 이 다이아몬드가 시에라리온 반군에게 보헤멘 회장이 구매하기로 되어 있던 물건들…","속마음을 최대한 감췄지만 이걸로 CIA가 이번 일과 관련이 있다는 걸 확신하게 된 마르케타는 더 이상 상대를 떠보지 않고 오늘 만나자고 한 진짜 용건을 꺼냈다.","여느 때처럼 가격을 후려쳐서 블러드 다이아몬드를 구매하려던 것이 틀어져 거액의 돈을 상대편에 줬다고 합니다. 그런데 한 가지 흥미로운 사실은 원래 이 다이아몬드가 시에라리온 반군에게 보헤멘 회장이 구매하기로 되어 있던 물건들…","속마음을 최대한 감췄지만 이걸로 CIA가 이번 일과 관련이 있다는 걸 확신하게 된 마르케타는 더 이상 상대를 떠보지 않고 오늘 만나자고 한 진짜 용건을 꺼냈다.","GA-A47","0.89"
"271","대망 271화","","39378","39521","갑자기 핵심을 훅 찌르고 들어오자 러셀은 굵은 눈썹을 치켜올렸다.","때마침 다시 들어온 요원한테 손짓해서 위성전화기를 건네받은 러셀은 라이언 대테러 팀장에게 전화를 걸었다.; IS라면 서방 세계의 공적과도 같은 데다 이미 몇 년 전에 런던에서 대규모 테러를 벌인 적이 있었기에, 조금만 정보를 흘려도 금방 여론이 그쪽으로 쏠릴 게 분명했다.","사실 그동안 보헤멘 회장이 우리의 경고를 수차례 무시한 채 블러드 다이아몬드 거래를 계속해 왔고, 그렇게 거래된 막대한 자금이 아프리카 반군 세력과 IS를 비롯한 이슬람 극단주의 테러리스트 조직에 흘러간 걸 그쪽도 부인하지…","때마침 다시 들어온 요원한테 손짓해서 위성전화기를 건네받은 러셀은 라이언 대테러 팀장에게 전화를 걸었다.","IS라면 서방 세계의 공적과도 같은 데다 이미 몇 년 전에 런던에서 대규모 테러를 벌인 적이 있었기에, 조금만 정보를 흘려도 금방 여론이 그쪽으로 쏠릴 게 분명했다.","러셀이 런던에서 마르케타 MI5국장을 만났다는 사실은 몰랐지만 이야기를 들은 라이언 팀장은 뭔가 모종의 거래가 이루어졌다는 걸 눈치챘다.","러셀 — 몇 년 전 생일에 선물로 받은 것인데 딱히 식물에 취미는 없었으나 그냥 버릴 수도 없어서 회사에 놔두고 가끔 물을 주기만 했는데 용케 죽지도 않고 잘 살아 있었다.","status","러셀 — 몇 년 전 생일에 선물로 받은 것인데 딱히 식물에 취미는 없었으나 그냥 버릴 수도 없어서 회사에 놔두고 가끔 물을 주기만 했는데 용케 죽지도 않고 잘 살아 있었다.","몇 년 전 생일에 선물로 받은 것인데 딱히 식물에 취미는 없었으나 그냥 버릴 수도 없어서 회사에 놔두고 가끔 물을 주기만 했는데 용케 죽지도 않고 잘 살아 있었다.","러셀이 런던에서 마르케타 MI5국장을 만났다는 사실은 몰랐지만 이야기를 들은 라이언 팀장은 뭔가 모종의 거래가 이루어졌다는 걸 눈치챘다.","몇 년 전 생일에 선물로 받은 것인데 딱히 식물에 취미는 없었으나 그냥 버릴 수도 없어서 회사에 놔두고 가끔 물을 주기만 했는데 용케 죽지도 않고 잘 살아 있었다.","GA-A47","0.89"
"272","대망 272화","진실과 거짓","39522","39674","이제는 랭리에 있을 때면 매일 아침의 일과인 양 습관처럼 된 행동들을 익숙하게 처리한 샌더슨은 아무런 배경 화면 없이 기본 설정 그대로인 윈도우 화면 중앙에 메일이 왔음을 알리는 메시지를 보고 마우스를 딸각였다.","진실과 거짓 — 런던에서 마르케타 국장을 만나고 왔네.","방금 결정이 떨어졌소. 사흘 뒤 런던에서 봅시다. …도와주기로 한 거요? 운이 좋은 줄 아시오. 일이 잘못됐다면 전화가 아니라 킬러가 그쪽을 찾아갔을 거요….","런던에서 마르케타 국장을 만나고 왔네.","외로운 늑대Lone Wolf란 전문 테러 단체 조직원이 아니라 정부나 사회에 대한 개인적인 반감을 품고 혼자 행동에 나서는 자생적인 테러범을 가리키는 단어였다.","도시를 빠져나가는 차 안에서 혁권은 조앤이 헤어지기 전에 몰래 쥐여 준 연락처가 적힌 쪽지를 펼쳐 보곤 그냥 버리려고 하다가 다시 안주머니에 집어넣었다.","추적을 완벽하게 따돌렸다고 자신했지만 그래도 언제 무슨 일이 벌어질지 몰랐기에 혁권은 조앤과 친구들에게 3천 달러씩을 쥐여 주고는 바로 헤어졌다.","world","추적을 완벽하게 따돌렸다고 자신했지만 그래도 언제 무슨 일이 벌어질지 몰랐기에 혁권은 조앤과 친구들에게 3천 달러씩을 쥐여 주고는 바로 헤어졌다.","러셀 국장이 무표정한 얼굴로 머리를 끄덕이자 샌더슨은 얼굴에서 핏기가 싹 사라지며 그대로 몸이 굳었다.","추적을 완벽하게 따돌렸다고 자신했지만 그래도 언제 무슨 일이 벌어질지 몰랐기에 혁권은 조앤과 친구들에게 3천 달러씩을 쥐여 주고는 바로 헤어졌다.","러셀 국장이 무표정한 얼굴로 머리를 끄덕이자 샌더슨은 얼굴에서 핏기가 싹 사라지며 그대로 몸이 굳었다.","GA-A48","0.92"
"273","대망 273화","","39675","39794","가장 우려하던 최악의 상황이 벌어진 것이었다.","아직은 내각에서 참아 주고 있었지만 계속해서 이런 분위기가 지속된다면 마르케타 국장이 우려하는 일이 벌어질지도 몰랐다.; 다른 것도 아니고 런던 한복판에서 총격 테러가 발생해 국가 전체가 발칵 뒤집혔는데, 그걸 없던 일로 한다니 도저히 믿기지 않았다.","어찌 된 일인지 엄청난 후폭풍이 불어닥칠 것이 분명한데도 불구하고 두 사람의 분위기가 그다지 심각해 보이지 않자, 샌더슨은 뭔가 자신이 모르는 무언가가 또 있다는 걸 눈치챌 수 있었다.","아직은 내각에서 참아 주고 있었지만 계속해서 이런 분위기가 지속된다면 마르케타 국장이 우려하는 일이 벌어질지도 몰랐다.","다른 것도 아니고 런던 한복판에서 총격 테러가 발생해 국가 전체가 발칵 뒤집혔는데, 그걸 없던 일로 한다니 도저히 믿기지 않았다.","이러면 굳이 혁권한테 받은 이메일을 밝혀 제 잘못을 드러낼 필요가 없었다.","샌더슨 — 그 이야기는 조용히 묻어 두기로 합의가 된 걸로 아는데?","world","샌더슨 — 그 이야기는 조용히 묻어 두기로 합의가 된 걸로 아는데?","고개를 든 보너 총리가 알아들을 수 있게 설명해 보라는 시선을 보내자 마르케타가 준비해 온 대로 이야기를 했다.","그 이야기는 조용히 묻어 두기로 합의가 된 걸로 아는데?","고개를 든 보너 총리가 알아들을 수 있게 설명해 보라는 시선을 보내자 마르케타가 준비해 온 대로 이야기를 했다.","GA-A48","0.89"
"274","대망 274화","","39795","39919","서류를 뒤적인 보너 총리는 굳은 얼굴로 말했다.","분위기가 만들어지자 마르케타는 찾아온 진짜 용건을 꺼냈다.; 오늘 아침 정보당국과 경찰이 런던 베스널 그린 지역에서 작전을 펼쳐 워털루 브리지 테러 사건 용의자들을 체포했습니다…","이런 와중에 보너 총리가 마르케타 MI5 국장과 함께 TV 카메라 앞에 서서 수사 결과를 공식 발표하며 용의자들이 연쇄 테러를 계획하고 있다는 걸 밝히자 영국 전체가 충격에 빠졌다.","분위기가 만들어지자 마르케타는 찾아온 진짜 용건을 꺼냈다.","오늘 아침 정보당국과 경찰이 런던 베스널 그린 지역에서 작전을 펼쳐 워털루 브리지 테러 사건 용의자들을 체포했습니다…","거기다가 IS 깃발과 그들을 추종하는 각종 동영상 등 여러 증거물이 속속 발견되면서 국민 대다수가 이들이 워털루 브리지 테러를 자행했다는 걸 확신하게 됐다.","해결하는 과정에서 샌더슨과 사이가 안 좋아지기는 했지만 그건 언제든지 다시 회복할 수 있었다.","world","해결하는 과정에서 샌더슨과 사이가 안 좋아지기는 했지만 그건 언제든지 다시 회복할 수 있었다.","USB를 챙긴 샌더슨은 정색한 채 계속 말을 이었다.","해결하는 과정에서 샌더슨과 사이가 안 좋아지기는 했지만 그건 언제든지 다시 회복할 수 있었다.","USB를 챙긴 샌더슨은 정색한 채 계속 말을 이었다.","GA-A48","0.89"
"275","대망 275화","","39920","40051","이래라저래라하는 것이 마음에 안 들었지만 혁권 역시 주위가 조용해질 때까지는 그냥 엎드려 있을 생각이었기에 순순히 머리를 끄덕였다.","액정에 뜬 번호를 확인한 그가 전화를 받자 리비아에서 인연을 맺은 밀수업자인 압둘라흐만이 인사도 생략한 채 대뜸 물었다.; 어차피 전화해 봤자 몸조심해라…","다른 건 몰라도 자신이 만들어 내는 상품에 대해서는 철저한 점 때문에 혁권도 믿고 그에게 일을 맡길 수 있었다.","액정에 뜬 번호를 확인한 그가 전화를 받자 리비아에서 인연을 맺은 밀수업자인 압둘라흐만이 인사도 생략한 채 대뜸 물었다.","어차피 전화해 봤자 몸조심해라, 밥 잘 먹고 다니라는 간단한 안부 인사만 주고받을 테지만 그래도 자식이 혁권 저 하나밖에 없는지라 두 분이 적적하게 지내고 계시는 건 아닌지 신경이 쓰였다.","오대철 사장이 살짝 우려를 나타내자 그는 자신감 가득한 태도로 말했다.","한국에서 만들어진 할랄 전투식량을 중간에 끼어 컨테이너 채로 압둘라흐만한테 넘겨주기만 하면 되니까 위험한 일도 없고, 미리 선입금까지 받았으니 그야말로 땅 짚고 헤엄치기나 마찬가지인 거래였다.","world","한국에서 만들어진 할랄 전투식량을 중간에 끼어 컨테이너 채로 압둘라흐만한테 넘겨주기만 하면 되니까 위험한 일도 없고, 미리 선입금까지 받았으니 그야말로 땅 짚고 헤엄치기나 마찬가지인 거래였다.","정작 본인은 공항 문턱도 넘어 본 적 없지만 이색적인 경치를 구경하는 걸 좋아해 채널을 돌리다가 유럽이니 남미니 하는 말이 나올 때마다 반드시 멈춰서 들여다보곤 했다.","한국에서 만들어진 할랄 전투식량을 중간에 끼어 컨테이너 채로 압둘라흐만한테 넘겨주기만 하면 되니까 위험한 일도 없고, 미리 선입금까지 받았으니 그야말로 땅 짚고 헤엄치기나 마찬가지인 거래였다.","정작 본인은 공항 문턱도 넘어 본 적 없지만 이색적인 경치를 구경하는 걸 좋아해 채널을 돌리다가 유럽이니 남미니 하는 말이 나올 때마다 반드시 멈춰서 들여다보곤 했다.","GA-A48","0.89"
"276","대망 276화","","40052","40159","어쨌든 바쁠 텐데 이만 끊어라. 항상 먹는 거 조심하고. 밖에서 아프면 약도 없잖니.","짧은 대화를 끝내고 길쭉한 소파에 늘어지듯 누운 혁권은 위성 전화기를 머리맡에 던져 버리곤 다리를 팔걸이에 걸쳐 대롱거렸다.; 하나 안타까운 건 한국처럼 역사적으로 어려운 시기를 거치면서 희귀하고 예술적으로 아름다운 조각품들이 상당수 외국에 반출돼 런던 대영박물관 같은 곳에 있다는 것이…","소현 — 어쨌든 배경으로 쓰는 건 괜찮다고 하니까 미술관 건물이 잘 나오게 멀리서 당긴 사진 한 방 찍고 마무리하려고. 20분 뒤에는 다음 장소로 이동해야 해.","짧은 대화를 끝내고 길쭉한 소파에 늘어지듯 누운 혁권은 위성 전화기를 머리맡에 던져 버리곤 다리를 팔걸이에 걸쳐 대롱거렸다.","하나 안타까운 건 한국처럼 역사적으로 어려운 시기를 거치면서 희귀하고 예술적으로 아름다운 조각품들이 상당수 외국에 반출돼 런던 대영박물관 같은 곳에 있다는 것이었다.","감독의 말에 채나영은 순간 떨떠름한 낯을 했다가 다시 웃는 얼굴로 고개를 끄덕였다.","소현 — 아, 맞아. 원래는 미술관 측이랑 협의해서 실내에서 찍을 예정이었는데 영 허가를 안 해 주지 뭐야. 뭐 작품 훼손 가능성이 있다나 뭐라나.","relationship","소현 — 아, 맞아. 원래는 미술관 측이랑 협의해서 실내에서 찍을 예정이었는데 영 허가를 안 해 주지 뭐야. 뭐 작품 훼손 가능성이 있다나 뭐라나.","패션 화보가 아니라 수영복 사진을 찍어도 괜찮을 법한 글래머러스한 이미지에 전신에서 자신감이 흘러넘쳐 남녀 가리지 않고 인기를 끌 상이었다.","아, 맞아. 원래는 미술관 측이랑 협의해서 실내에서 찍을 예정이었는데 영 허가를 안 해 주지 뭐야. 뭐 작품 훼손 가능성이 있다나 뭐라나.","패션 화보가 아니라 수영복 사진을 찍어도 괜찮을 법한 글래머러스한 이미지에 전신에서 자신감이 흘러넘쳐 남녀 가리지 않고 인기를 끌 상이었다.","GA-A48","0.89"
"277","대망 277화","","40160","40280","자신이 메인 모델이라는 것을 의식이라도 하듯 포즈를 바꿀 때마다 카메라를 바라보는 시선이 뜨거웠다.","혁권은 괜히 흑심이 있어서 하는 행동이 아니라고 하는 것처럼 짧은 셔츠를 입어 하얀 팔이 그대로 드러난 소현의 몸에 살이 닿지 않도록 조금 간격을 띄웠다…","메이크업과 의상 담당 스태프들이 채나영의 주변을 둘러싸고 부산을 떠는 동안, 마땅히 챙겨 줄 사람이 없어 소외되어 있던 정소현은 이런 상황이 익숙한 듯 혼자 제 짐을 가지고 차량에 타려고 했으나 뒤늦게 그 모습을 본 감독의…","혁권은 괜히 흑심이 있어서 하는 행동이 아니라고 하는 것처럼 짧은 셔츠를 입어 하얀 팔이 그대로 드러난 소현의 몸에 살이 닿지 않도록 조금 간격을 띄웠다.","단편적으로 엿들은 이야기만 듣고 막연히 다른 사람과 잘 어울리지 못하는 까칠한 성격일 것이라 생각했던 혁권은 의외의 모습을 본 것 같아 새삼스러운 눈길로 소현을 바라봤다.","서로 이름과 나이를 밝히면서 혁권이 연상이란 걸 알게 되자 소현이 편하게 말을 놓으라고 권했고, 계속 존댓말을 하는 것도 거추장스러워서 그 역시 흔쾌히 받아들였다.","어쩐지 찌르면 피 한 방울 안 나올 것처럼 쌀쌀맞은 표정을 해서는 주변에 벽을 두르는 것 같더니, 생각 외로 놀리는 재미가 있는 반응에 혁권은 신선한 느낌을 받았다.","relationship","어쩐지 찌르면 피 한 방울 안 나올 것처럼 쌀쌀맞은 표정을 해서는 주변에 벽을 두르는 것 같더니, 생각 외로 놀리는 재미가 있는 반응에 혁권은 신선한 느낌을 받았다.","알고 있으라며 혁권은 더 이상 소현이 돈 얘기를 꺼내지 못하게 하고는 웨이터에게 메뉴판을 갖다 달라고 했다.","어쩐지 찌르면 피 한 방울 안 나올 것처럼 쌀쌀맞은 표정을 해서는 주변에 벽을 두르는 것 같더니, 생각 외로 놀리는 재미가 있는 반응에 혁권은 신선한 느낌을 받았다.","알고 있으라며 혁권은 더 이상 소현이 돈 얘기를 꺼내지 못하게 하고는 웨이터에게 메뉴판을 갖다 달라고 했다.","GA-A48","0.89"
"278","대망 278화","정소현","40281","40433","남성인 혁권에게 건네진 메뉴판에는 가격이 제대로 다 적혀 있었지만 소현이 받은 것에는 간단한 메뉴 설명과 이름만이 적혀 있을 뿐 그 외에는 아무것도 없었다.","정소현 — 스마트폰을 꺼내 내용을 확인한 혁권은 피식 웃음을 내뱉었다.","레스토랑을 나온 후 신사적으로 소현을 호텔까지 에스코트한 혁권은 근래 가장 기분 좋은 낯을 하곤 숙소로 돌아와 깊은 잠에 푹 빠져들었다.","스마트폰을 꺼내 내용을 확인한 혁권은 피식 웃음을 내뱉었다.","막연히 그럴 거라 생각만 하고 있던 걸 나름대로 자원 개발 분야의 전문가인 김덕현 전무가 긍정적인 태도를 보이자 자신의 판단이 맞았다는 것에 기분이 좋아졌다.","대중의 관심이란 게 한순간이라는 건 알아도 일단 그 달콤함을 맛본 사람은 절대 다른 길로 갈 수 없는 것처럼, 채나영 역시 마찬가지였다.","다른 남자들처럼 자동차에 관심이 많았던 혁권이 우연히 매물로 나온 걸 보고 바로 매입했지만 지금까지 딱히 타고 다닐 일이 없어서 차고에 방수포를 뒤집어쓰고 있었던 거였다.","money","다른 남자들처럼 자동차에 관심이 많았던 혁권이 우연히 매물로 나온 걸 보고 바로 매입했지만 지금까지 딱히 타고 다닐 일이 없어서 차고에 방수포를 뒤집어쓰고 있었던 거였다.","잘되면 이번 카메오 출연이 배우로서 입지를 다지는 데 도움이 될 수도 있으리라.","다른 남자들처럼 자동차에 관심이 많았던 혁권이 우연히 매물로 나온 걸 보고 바로 매입했지만 지금까지 딱히 타고 다닐 일이 없어서 차고에 방수포를 뒤집어쓰고 있었던 거였다.","잘되면 이번 카메오 출연이 배우로서 입지를 다지는 데 도움이 될 수도 있으리라.","GA-A49","0.92"
"279","대망 279화","","40434","40560","살짝 머리를 끄덕인 채나영은 일부러 표지가 잘 보이도록 드라마 대본을 무릎에 올려놓으면서 말했다.","누가 저런 슈퍼카를 몰고 다니는지 다들 궁금한 표정을 짓고 있는 가운데 채나영과 후배들도 자리에서 일어나 눈을 반짝이며 수다를 떨어댔다.; 갑작스러운 불청객의 출현에 휴식을 취하고 있던 모델들과 촬영 준비에 한창이던 스태프들…","척 보기에도 족히 아파트 몇 채 값은 될 것 같은 어마무시하게 비싼 자동차에 넋이 나간 사진작가는 순순히 소현을 보내 주었다.","누가 저런 슈퍼카를 몰고 다니는지 다들 궁금한 표정을 짓고 있는 가운데 채나영과 후배들도 자리에서 일어나 눈을 반짝이며 수다를 떨어댔다.","갑작스러운 불청객의 출현에 휴식을 취하고 있던 모델들과 촬영 준비에 한창이던 스태프들, 그리고 심지어 사진작가까지 순식간에 시선을 빼앗긴 가운데 혁권은 그 눈동자들이 느껴지지도 않는 것처럼 휘적휘적 걸어와 소현에게 말을 걸었…","혁권이 처음 나타났을 때 본능적으로 시선을 빼앗기긴 했으나 그가 소현과 이야기를 나누기 시작했을 때부터 흥, 하고 코웃음을 치고는 손에 들고 있던 대본에 다시 눈을 내렸다.","앉자마자 엉덩이를 받쳐 주는 시트의 감촉부터 다른 것을 느낀 소현은 과연 비싼 차는 다르다고 생각하며 새삼 혁권이 무슨 일을 해서 돈을 버는 건지 궁금해졌다.","relationship","앉자마자 엉덩이를 받쳐 주는 시트의 감촉부터 다른 것을 느낀 소현은 과연 비싼 차는 다르다고 생각하며 새삼 혁권이 무슨 일을 해서 돈을 버는 건지 궁금해졌다.","떡밥을 던져 준 것은 그녀였지만 제멋대로 점점 불어나는 근거 없는 뒷담화에 채나영은 속으로 당황하여 억지로 고개를 돌렸다.","앉자마자 엉덩이를 받쳐 주는 시트의 감촉부터 다른 것을 느낀 소현은 과연 비싼 차는 다르다고 생각하며 새삼 혁권이 무슨 일을 해서 돈을 버는 건지 궁금해졌다.","떡밥을 던져 준 것은 그녀였지만 제멋대로 점점 불어나는 근거 없는 뒷담화에 채나영은 속으로 당황하여 억지로 고개를 돌렸다.","GA-A49","0.89"
"280","대망 280화","","40561","40711","일단 도로로 들어서자 액셀을 밟으며 속도를 올린 혁권이 문득 옆을 보고 물었다.","가볍게 콧노래를 흥얼거리면서 소현이 문을 열고 들어가자 함께 객실을 쓰는 모델이 팔짱을 낀 채 따가운 시선을 보냈다.; 다들 처음 봤을 때는 멋있다며 부러워하지만 막상 스파이더의 무시무시한 속도를 체험해 보면 새로운 경지를 봤다는 듯 눈을 반짝이는 것은 아주 일부뿐이고…","유리문을 통과하기 전에 한 번 더 뒤를 돌아보더니 혁권이 가지 않고 아직 그 자리에서 기다리고 있는 것을 보고는 웃는 낯으로 눈꼬리를 가늘게 휘다가 새초롬하게 머리카락을 살랑거리면서 엘리베이터를 탔다.","가볍게 콧노래를 흥얼거리면서 소현이 문을 열고 들어가자 함께 객실을 쓰는 모델이 팔짱을 낀 채 따가운 시선을 보냈다.","다들 처음 봤을 때는 멋있다며 부러워하지만 막상 스파이더의 무시무시한 속도를 체험해 보면 새로운 경지를 봤다는 듯 눈을 반짝이는 것은 아주 일부뿐이고, 반 이상은 다리가 풀려서 거의 기어 나오는 경우가 많았다.","엄청난 슈퍼카를 몰고 나타나자 알게 모르게 살짝 거리감을 느꼈던 소현은 처음 봤을 때와 다름없는 혁권의 태도에 이내 그런 마음이 모두 사라지고 편하게 대했다.","소현 — 물론 한여름 밤의 꿈처럼 사라져 버릴 수도 있고, 원치 않는 오해를 받기도 했지만 소중하고 설레는 기억이었다.","relationship","소현 — 물론 한여름 밤의 꿈처럼 사라져 버릴 수도 있고, 원치 않는 오해를 받기도 했지만 소중하고 설레는 기억이었다.","얼마 전까지 스마트폰을 붙잡고 수다를 떨어대는 걸 봤는데도 저런 이야기를 표정 한번 바뀌지 않고 하다니 정말 어처구니가 없었다.","물론 한여름 밤의 꿈처럼 사라져 버릴 수도 있고, 원치 않는 오해를 받기도 했지만 소중하고 설레는 기억이었다.","얼마 전까지 스마트폰을 붙잡고 수다를 떨어대는 걸 봤는데도 저런 이야기를 표정 한번 바뀌지 않고 하다니 정말 어처구니가 없었다.","GA-A49","0.89"
"281","대망 281화","","40712","40850","마음 같아서는 도대체 왜들 이러는 거냐며 따지고 싶었지만 여기서 소동을 피워 봤자 결국 그녀만 손해였기에 억울하고 분해도 참을 수밖에 없었다.","약간 떨어진 테이블로 가서 혼자 조용히 앉아 있는 하킴을 힐끗 보며 홍성환 지사장이 말끝을 흐리자, 그가 한쪽 팔을 내저었다.; 웅장한 신고전주의 풍으로 오래된 궁전이라 불리는 국회의사당 건물은 1836년에 만들어진 역사적인 유적지였다.","어떻게든 자기 선에서 해결책을 찾아보려고 한 홍성완 지사장의 행동이 이해되면서도 한편으로는 한심하게 느껴졌다.","약간 떨어진 테이블로 가서 혼자 조용히 앉아 있는 하킴을 힐끗 보며 홍성환 지사장이 말끝을 흐리자, 그가 한쪽 팔을 내저었다.","웅장한 신고전주의 풍으로 오래된 궁전이라 불리는 국회의사당 건물은 1836년에 만들어진 역사적인 유적지였다.","변명처럼 들리겠지만 최근 회사 사정이 안 좋아져서 대대적인 인력 감축을 진행하는 중이라 사실대로 회사에 보고할 수가 없었네. 지금 이런 사실이 알려지면 보나 마나 정리 대상 영순위에 올라갈 테니까 말이야.","홍성완 — 계약금으로 받은 50만 달러가 전부일세.","status","홍성완 — 계약금으로 받은 50만 달러가 전부일세.","망설이던 홍성완 지사장은 이내 머리를 가로저었다.","계약금으로 받은 50만 달러가 전부일세.","망설이던 홍성완 지사장은 이내 머리를 가로저었다.","GA-A49","0.89"
"282","대망 282화","뭄바이","40851","40989","창고 보관비만 계속 잡아먹는 악성 재고를 끌어안고 있느니, 손해를 보더라도 빨리 처분해 버리는 것이 그나마 피해를 줄일 수 있는 길이었다.","뭄바이 — 살짝 이맛살을 찌푸린 얼굴로 제품 제원표를 내려다보던 혁권은 스마트폰을 집어 들고 전화를 걸었다.","자신보다 이쪽 세계에 아는 인맥도 많고 몇 안 되는 믿을 만한 거래 상대였기에, 혁권은 제일 먼저 압둘라흐만한테 휴대용 무전기를 구매할 곳이 있는지 알아봐 달라고 부탁했다.","살짝 이맛살을 찌푸린 얼굴로 제품 제원표를 내려다보던 혁권은 스마트폰을 집어 들고 전화를 걸었다.","문제는 탄약이나 총기하고 달리 무전기 같은 물건은 구매처를 찾기가 쉽지 않다는 것과 처분해야 할 수량이 많다는 점이었다.","확인하듯 재차 묻자 홍성완 지사장이 한결 밝아진 목소리로 대답했다.","320만 달러를 주고 군용 휴대용 무전기를 넘겨받더라도 압둘라흐만과 이야기한 것처럼 한 세트당 16,000달러 정도에 판다면 손해 보는 거래가 아니었다.","money","320만 달러를 주고 군용 휴대용 무전기를 넘겨받더라도 압둘라흐만과 이야기한 것처럼 한 세트당 16,000달러 정도에 판다면 손해 보는 거래가 아니었다.","케노스 함장은 의외로 담담한 태도를 보였다.","320만 달러를 주고 군용 휴대용 무전기를 넘겨받더라도 압둘라흐만과 이야기한 것처럼 한 세트당 16,000달러 정도에 판다면 손해 보는 거래가 아니었다.","케노스 함장은 의외로 담담한 태도를 보였다.","GA-A50","0.92"
"283","대망 283화","","40990","41101","함수 양쪽에 당당히 모습을 드러내는 AK-630 기관포 두 문을 혁권이 힐끔 시선을 주며 묻자 케노스 함장이 약간의 망설임도 없이 바로 대답했다.","구두 대신 정글화를 신고 청바지에 반 팔 셔츠 차림인 김덕현 전무는, 중년의 나이에 현장에서 버티기 쉽지 않을 텐데도 오히려 활기찬 모습이었다.; 하나는 지금 이대로 방어를 단단히 굳히면서 수세적인 태도로 다이아몬드 광산을 지켜 내는 것이고…","그걸 본 태영준 팀장은 생각을 방해하지 않기 위해서 조용히 입을 다물었다.","구두 대신 정글화를 신고 청바지에 반 팔 셔츠 차림인 김덕현 전무는, 중년의 나이에 현장에서 버티기 쉽지 않을 텐데도 오히려 활기찬 모습이었다.","하나는 지금 이대로 방어를 단단히 굳히면서 수세적인 태도로 다이아몬드 광산을 지켜 내는 것이고, 나머지는 더 적극적으로 내전에 개입해 위협이 될 만한 놈들을 사전에 제거해 버리는 겁니다.","딱히 다른 해결책이 없는 것도 사실이지요.","혁권 — 지금 당장은 서로 치고받고 싸우느라 정신이 없지만 결국에는 군대를 운영하는 데 필요한 자금을 확보하기 위해 다이아몬드 원석이 풍부하게 매장된 동부 지역으로 눈길을 돌릴 것이기 때문입니다.","money","혁권 — 지금 당장은 서로 치고받고 싸우느라 정신이 없지만 결국에는 군대를 운영하는 데 필요한 자금을 확보하기 위해 다이아몬드 원석이 풍부하게 매장된 동부 지역으로 눈길을 돌릴 것이기 때문입니다.","혁권 역시 타지 생활을 여러 번 해 본 터라 이 정도로 어질러진 것쯤이야 크게 신경 쓰지 않았다.","지금 당장은 서로 치고받고 싸우느라 정신이 없지만 결국에는 군대를 운영하는 데 필요한 자금을 확보하기 위해 다이아몬드 원석이 풍부하게 매장된 동부 지역으로 눈길을 돌릴 것이기 때문입니다.","혁권 역시 타지 생활을 여러 번 해 본 터라 이 정도로 어질러진 것쯤이야 크게 신경 쓰지 않았다.","GA-A50","0.89"
"284","대망 284화","","41102","41227","김덕현 전무는 제 책상 뒤편, 벽에 붙어 있는 커다랗고 투박하게 생긴 금고를 툭툭 두드리며 말했다.","나무로 만든 난간에 기댄 혁권이 고개를 들어 밤하늘을 올려다보면서 중얼거리자 한 손에 얼음이 담긴 위스키 잔을 든 김덕현 전무가 머리를 작게 끄덕이며 말을 받았다.; 뭔가 근본적인 해결책이 필요한 시점이었지만 그건 나중 문제고 지금은 당장 눈앞에 닥친 위협부터 이겨 내는 것이 급했다.","내전이 길어질 것 같자, 군자금을 마련하기 위해 움부야 소장이 코이두에 있는 다이아몬드 광산을 확보하려는 거고, 반군 역시 같은 이유로 도시를 지키려는 겁니다. 아마 조만간 큰 전투가 벌어질 겁니다.","나무로 만든 난간에 기댄 혁권이 고개를 들어 밤하늘을 올려다보면서 중얼거리자 한 손에 얼음이 담긴 위스키 잔을 든 김덕현 전무가 머리를 작게 끄덕이며 말을 받았다.","뭔가 근본적인 해결책이 필요한 시점이었지만 그건 나중 문제고 지금은 당장 눈앞에 닥친 위협부터 이겨 내는 것이 급했다.","이제 겨우 광산이 자리를 잡아 가는데 또다시 전투를 치르게 될지도 모른다는 사실에 그는 미간을 찡그렸다.","외부와 단절된 오지에 내전 중이라는 특수한 상황을 감안해 혁권은 한국에서보다 3배 이상 높은 월급을 채용 조건으로 내걸었다.","money","외부와 단절된 오지에 내전 중이라는 특수한 상황을 감안해 혁권은 한국에서보다 3배 이상 높은 월급을 채용 조건으로 내걸었다.","그 덕분에 열악한 환경임에도 불구하고 필요한 인력을 다 확보할 수 있었다.","외부와 단절된 오지에 내전 중이라는 특수한 상황을 감안해 혁권은 한국에서보다 3배 이상 높은 월급을 채용 조건으로 내걸었다.","그 덕분에 열악한 환경임에도 불구하고 필요한 인력을 다 확보할 수 있었다.","GA-A50","0.89"
"285","대망 285화","","41228","41341","경험에서 우러나오는 이야기에 그도 동의하는 표정을 지었다.","시에라리온 광산에서 며칠을 보낸 혁권은 직접 뭄바이 다이아몬드 세공 산업과 시장을 직접 눈으로 확인하기 위해 인도로 날아갔다.; 재빨리 앞을 가로막고 선 하킴이 말없이 묵묵히 내려다보자 그는 조금 주눅이 든 듯하더니 금방 다른 손님을 쫓아 옆으로 이동했다.","너무 늦은 시간이었기에 바로 호텔에 투숙해 하룻밤을 푹 쉰 혁권은 다음 날 뭄바이 중심부 반드라쿨라 복합 단지에 있는 바라트다이아몬드거래소(BDB)를 찾아갔다.","시에라리온 광산에서 며칠을 보낸 혁권은 직접 뭄바이 다이아몬드 세공 산업과 시장을 직접 눈으로 확인하기 위해 인도로 날아갔다.","재빨리 앞을 가로막고 선 하킴이 말없이 묵묵히 내려다보자 그는 조금 주눅이 든 듯하더니 금방 다른 손님을 쫓아 옆으로 이동했다.","거래액은 제쳐 두더라도 족히 수백 명은 넘어 보이는 사람들이 길거리 한복판에 서서 다이아몬드를 거래한다는 사실만으로도 뭄바이 다이아몬드 시장의 규모를 알 수 있었다.","혁권 — 이곳 임대료가 비싸다 보니 영세한 소규모 거래상들이 거리에 서서 서로 정보를 나누다가 자연스럽게 흥정을 하고 다이아몬드를 사고팔게 된 겁니다…","money","혁권 — 이곳 임대료가 비싸다 보니 영세한 소규모 거래상들이 거리에 서서 서로 정보를 나누다가 자연스럽게 흥정을 하고 다이아몬드를 사고팔게 된 겁니다…","오기 전에 인도 다이아몬드 산업에 대해 상세하게 알아본 혁권은 살짝 미소를 지으면서 상대의 이야기를 넘겼다.","이곳 임대료가 비싸다 보니 영세한 소규모 거래상들이 거리에 서서 서로 정보를 나누다가 자연스럽게 흥정을 하고 다이아몬드를 사고팔게 된 겁니다…","오기 전에 인도 다이아몬드 산업에 대해 상세하게 알아본 혁권은 살짝 미소를 지으면서 상대의 이야기를 넘겼다.","GA-A50","0.89"
"286","대망 286화","","41342","41478","운영 중인 세공 업체가 300개 가까이 된다니 역시 규모로는 세계에서 제일 크다는 이야기가 실감 났다.","당연한 일이었지만 뭄바이로 오기 전에 다른 감정사를 통해서 원석을 감정했던 혁권은 입가에 살포시 미소를 지으며 말했다.; 그리스에서 봤을 때도 적당히 그을려서 보기 좋은 피부였는데, 지금은 더 구릿빛으로 탔을 걸 상상하니 활동적인 이미지의 혁권과 잘 어울릴 것 같았다.","이처럼 뭄바이 다이아몬드 산업은 마치 이집트의 피라미드처럼 제일 밑바닥에 있는 노상 거래상부터 소규모 딜러 그리고 대형 업체 들까지 모두가 하나로 거미줄처럼 복잡하게 연결되어 있었다.","당연한 일이었지만 뭄바이로 오기 전에 다른 감정사를 통해서 원석을 감정했던 혁권은 입가에 살포시 미소를 지으며 말했다.","그리스에서 봤을 때도 적당히 그을려서 보기 좋은 피부였는데, 지금은 더 구릿빛으로 탔을 걸 상상하니 활동적인 이미지의 혁권과 잘 어울릴 것 같았다.","뭄바이? 설마 인도에 있는 그 뭄바이요.","혁권 — 층마다 빈 사무실이 없을 정도로 빼곡히 들어차 있는 업체들이 원석의 수입과 수출부터 디자인, 세공까지 다이아몬드 유통에 관련된 전반적인 업무를 처리하면서…","money","혁권 — 층마다 빈 사무실이 없을 정도로 빼곡히 들어차 있는 업체들이 원석의 수입과 수출부터 디자인, 세공까지 다이아몬드 유통에 관련된 전반적인 업무를 처리하면서…","수랏 경제특구 내에서 가동 중인 세공 업체가 수백 곳에 이른다고 하니까 매년 면제받는 세금 액수도 만만치 않을 터였다.","층마다 빈 사무실이 없을 정도로 빼곡히 들어차 있는 업체들이 원석의 수입과 수출부터 디자인, 세공까지 다이아몬드 유통에 관련된 전반적인 업무를 처리하면서…","수랏 경제특구 내에서 가동 중인 세공 업체가 수백 곳에 이른다고 하니까 매년 면제받는 세금 액수도 만만치 않을 터였다.","GA-A50","0.89"
"287","대망 287화","","41479","41603","혁권의 이야기에 모한이 빙긋 미소를 지으면서 대답했다.","제 이름은 송진원이라고 합니다. 원래 뭄바이에서 작은 다이아몬드 매매 회사 하나를 운영했었지요.; 달리 다이아몬드 가공 산업 세계 1위가 아니지 않겠습니까…","다이아몬드 세공 과정을 자세히 살펴보고 나와 막 대기하던 승용차에 타려고 할 때 길 건너에서 벌어진 소란이 혁권의 관심을 끌었다.","제 이름은 송진원이라고 합니다. 원래 뭄바이에서 작은 다이아몬드 매매 회사 하나를 운영했었지요.","달리 다이아몬드 가공 산업 세계 1위가 아니지 않겠습니까. 특히나 세공 분야는 기술도 필요하지만 세공사가 직접 손으로 원석을 하나하나 깎아야 하는 노동 집약적인 일이다 보니까 인력이 그만큼 더 많이 필요하지요…","한창 잘나가던 때를 떠올린 송진원은 씁쓸한 미소를 지으면서 말을 이었다.","혁권 — 겨우 5% 차이라고 말할 수도 있었지만 그 적은 차이로 판매 가격이 수천, 수만 달러씩 달라지는 걸 생각하면 아주 중요한 문제였다.","money","혁권 — 겨우 5% 차이라고 말할 수도 있었지만 그 적은 차이로 판매 가격이 수천, 수만 달러씩 달라지는 걸 생각하면 아주 중요한 문제였다.","혁권은 사뭇 진지한 얼굴로 송진원의 이야기를 들었다.","겨우 5% 차이라고 말할 수도 있었지만 그 적은 차이로 판매 가격이 수천, 수만 달러씩 달라지는 걸 생각하면 아주 중요한 문제였다.","혁권은 사뭇 진지한 얼굴로 송진원의 이야기를 들었다.","GA-A50","0.89"
"288","대망 288화","","41604","41721","경제가 어려워지면 제일 먼저 타격을 받는 것이 바로 다이아몬드를 포함한 사치품 사업이었다.","송진원이 왜 대낮에 세공 공장이 몰려 있는 곳에서 난동을 피우고 몰매를 맞았는지 이제야 모든 것이 이해됐다.; 뻔히 보이는 수작이었지만 법적으로 아무런 문제가 없었기에 송진원을 비롯한 피해자들은 냉가슴을 앓아야 했다.","좀처럼 받으려고 하지 않는 송진원의 태도에 혁권이 재차 권했다.","송진원이 왜 대낮에 세공 공장이 몰려 있는 곳에서 난동을 피우고 몰매를 맞았는지 이제야 모든 것이 이해됐다.","뻔히 보이는 수작이었지만 법적으로 아무런 문제가 없었기에 송진원을 비롯한 피해자들은 냉가슴을 앓아야 했다.","지폐의 액수를 확인한 송진원이 잠시 눈을 크게 떴다가 이내 불쾌한 듯 미간을 찌푸렸다.","이야기한 대로 뭄바이에서 소규모 다이아몬드 매매상을 한 것이 맞았습니다. 3년 남짓 사업을 하면서 일본과 한국에 세공한 다이아몬드를 매년 500만 달러 이상 판매할 정도로 수완이 꽤 있었다더군요.","money","이야기한 대로 뭄바이에서 소규모 다이아몬드 매매상을 한 것이 맞았습니다. 3년 남짓 사업을 하면서 일본과 한국에 세공한 다이아몬드를 매년 500만 달러 이상 판매할 정도로 수완이 꽤 있었다더군요.","아무리 두들겨 패고 협박을 해도 아득바득 다시 찾아와 진상을 부리는 것에 사내도 질렸는지 고개를 절레절레 흔들었다.","이야기한 대로 뭄바이에서 소규모 다이아몬드 매매상을 한 것이 맞았습니다. 3년 남짓 사업을 하면서 일본과 한국에 세공한 다이아몬드를 매년 500만 달러 이상 판매할 정도로 수완이 꽤 있었다더군요.","아무리 두들겨 패고 협박을 해도 아득바득 다시 찾아와 진상을 부리는 것에 사내도 질렸는지 고개를 절레절레 흔들었다.","GA-A50","0.89"
"289","대망 289화","","41722","41872","뭘 하려는 단번에 눈치챈 사내는 입가에 비릿한 미소를 지으면서 말했다.","오늘도 어김없이 이즈미가 운영하는 다이아몬드 세공 공장 앞에 도착한 송진원은 굳게 닫혀 있는 철문을 보곤 인상을 찌푸렸다.; 그사이 한참을 두들겨 맞은 이즈미가 피를 흘리면서 물먹은 솜처럼 축 늘어지자 혁권이 피우던 담배를 바닥에 버린 뒤 구둣발로 비벼서 끄며 말했다.","그 역시 바로 몇 시간 전에 귀찮게 구는 송진원을 죽이려고 했었기에 더욱 공포감이 극대화됐다.","오늘도 어김없이 이즈미가 운영하는 다이아몬드 세공 공장 앞에 도착한 송진원은 굳게 닫혀 있는 철문을 보곤 인상을 찌푸렸다.","그사이 한참을 두들겨 맞은 이즈미가 피를 흘리면서 물먹은 솜처럼 축 늘어지자 혁권이 피우던 담배를 바닥에 버린 뒤 구둣발로 비벼서 끄며 말했다.","지난밤 한국에 있는 가족들과 오랜만에 통화했을 때 나눴던 이야기들을 떠올리니 송진원의 얼굴에 괴로운 기색이 스쳤다.","혁권 — 단번에 무슨 뜻으로 주는 돈인지 알아차린 모한은 마른침을 꿀꺽 삼키고는 잠깐 망설이다가 가방을 건네받았다.","money","혁권 — 단번에 무슨 뜻으로 주는 돈인지 알아차린 모한은 마른침을 꿀꺽 삼키고는 잠깐 망설이다가 가방을 건네받았다.","가족들은 그가 한국으로 돌아오기를 바라고 있었다.","단번에 무슨 뜻으로 주는 돈인지 알아차린 모한은 마른침을 꿀꺽 삼키고는 잠깐 망설이다가 가방을 건네받았다.","가족들은 그가 한국으로 돌아오기를 바라고 있었다.","GA-A50","0.89"
"290","대망 290화","","41873","42009","한국도 아니고 기댈 곳이라고는 하나도 없는 타국 땅에서 작정하고 잠적한 사람을 찾을 수 있겠냐고.","자신은 그렇게 힘든 시간을 보내고 있었는데 정작 사기를 치고 달아난 범인은 마음 편히 지내고 있었다는 것에 분노한 송진원은 와락 앞으로 달려들며 왈리의 멱살을 붙잡았다…","는 되찾지 못할 거라 생각했던 다이아몬드 원석이 손안에 들어오자 송진원은 너무 기뻐 눈물이 왈칵 쏟아질 것만 같았다.","자신은 그렇게 힘든 시간을 보내고 있었는데 정작 사기를 치고 달아난 범인은 마음 편히 지내고 있었다는 것에 분노한 송진원은 와락 앞으로 달려들며 왈리의 멱살을 붙잡았다.","왈리가 숨어 지내던 별장 금고에 있던 다이아몬드 원석들 가운데 대충 송진원이 빼앗긴 액수에 맞춰 넣어 둔 거였지만 원석에 누구 거라도 이름표가 적혀 있는 것도 아니었기에 크게 문제 될 건 없었다.","바짝 긴장하고 있던 송진원은 뜻밖의 이야기에 순간 어리둥절한 표정을 지었다.","송진원은 혁권이 주는 명함을 공손히 받아 안주머니에 챙겨 넣으면서 의자에 묶인 채 피투성이가 된 왈리를 힐끗 쳐다봤다.","money","송진원은 혁권이 주는 명함을 공손히 받아 안주머니에 챙겨 넣으면서 의자에 묶인 채 피투성이가 된 왈리를 힐끗 쳐다봤다.","송진원은 혁권이 주는 명함을 공손히 받아 안주머니에 챙겨 넣으면서 의자에 묶인 채 피투성이가 된 왈리를 힐끗 쳐다봤다.","바짝 긴장하고 있던 송진원은 뜻밖의 이야기에 순간 어리둥절한 표정을 지었다.","송진원은 혁권이 주는 명함을 공손히 받아 안주머니에 챙겨 넣으면서 의자에 묶인 채 피투성이가 된 왈리를 힐끗 쳐다봤다.","GA-A50","0.89"
"291","대망 291화","사랑이 찾아올 때","42010","42159","발을 내디디면서 계단을 오르니 아래에 있는 널빤지가 무게를 이기지 못해 삐걱거리는 소리를 내었다.","사랑이 찾아올 때 — 오랜만에 어머님의 사랑이 듬뿍 들어간 집밥을 먹으며 하루를 푹 쉰 혁권은 안양시에 있는 이제는 솔 루시두스 한국 지사로 바뀐 예전 TC인터내셔널 한국 지사를 찾아갔다.","송진원을 영입해 모종의 지시를 내리는 걸로 인도에서의 업무를 모두 끝낸 그는 부모님도 만나고 한국 내 사업체가 문제없이 잘 돌아가고 있는지 둘러볼 겸 서울행 비행기에 몸을 실었다.","오랜만에 어머님의 사랑이 듬뿍 들어간 집밥을 먹으며 하루를 푹 쉰 혁권은 안양시에 있는 이제는 솔 루시두스 한국 지사로 바뀐 예전 TC인터내셔널 한국 지사를 찾아갔다.","사업이라뇨. 당신 돈이 없어서 숙소도 허름한 여관 같은 데서 묵는다면서요. 하루하루 밥은 잘 챙겨 먹고 다니는지 나는 걱정이 되어서 죽을 판인데 어떻게 또 그런 소리를 해요?","안 그래도 연락을 기다리고 있었습니다. 어떻게, 결정은 내리셨습니까?","현재 자본금 총계는 8천만 달러이고 이번 달까지 모두 6,500만 달러가 지출됐습니다. 이 가운데 90% 이상이 시에라리온 다이아몬드 광산 개발에 투자된 자금입니다.","money","현재 자본금 총계는 8천만 달러이고 이번 달까지 모두 6,500만 달러가 지출됐습니다. 이 가운데 90% 이상이 시에라리온 다이아몬드 광산 개발에 투자된 자금입니다.","이 때문에 자본금 대부분을 투자하며 계속 적자 상태를 이어가고 있지만 혁권은 그다지 개의치 않는 태도를 보였다.","현재 자본금 총계는 8천만 달러이고 이번 달까지 모두 6,500만 달러가 지출됐습니다. 이 가운데 90% 이상이 시에라리온 다이아몬드 광산 개발에 투자된 자금입니다.","이 때문에 자본금 대부분을 투자하며 계속 적자 상태를 이어가고 있지만 혁권은 그다지 개의치 않는 태도를 보였다.","GA-A51","0.92"
"292","대망 292화","","42160","42307","괜찮다고는 했지만 그래도 버는 것 없이 까먹기만 하는 상황에 눈치가 보일 수밖에 없던 직원들은 그런 혁권의 모습에 내심 안도했다.","뒤, 회사를 나선 혁권은 검은색 승용차를 직접 몰고 소현과 만나기로 한 약속 장소로 향했다.; 보통 잡지 같은데 소개되는 맛집은 겉만 잘 꾸며 놓고 막상 음식은 별로일 때가 많은데, 걱정했던 것이 쓸데없어질 만큼 기본적으로 나오는 계란찜이며 조림 같은 반찬의 맛이 꽤 괜찮았다.","눈만 마주쳐도 웃고 실없는 농담을 주고받으면서 이야기를 하고 있자니 소현이 거의 다 왔다며 고개를 내밀고 가게를 찾았다.","뒤, 회사를 나선 혁권은 검은색 승용차를 직접 몰고 소현과 만나기로 한 약속 장소로 향했다.","보통 잡지 같은데 소개되는 맛집은 겉만 잘 꾸며 놓고 막상 음식은 별로일 때가 많은데, 걱정했던 것이 쓸데없어질 만큼 기본적으로 나오는 계란찜이며 조림 같은 반찬의 맛이 꽤 괜찮았다.","그리스 촬영 현장에서 엄청 멋있게 타고 나타났던 비싼 스포츠카나, 돈 씀씀이에 주저가 없는 걸로 봐서 혁권의 주머니 사정이 제법 풍족한 편인 것은 쉽게 짐작할 수 있었다.","소현 — 돈은 소속사를 거쳐서 들어오기 때문에 아직 입금되려면 멀었거든요. 그런데 밥을 사라니 인도에 있는 거 아니었어요?","money","소현 — 돈은 소속사를 거쳐서 들어오기 때문에 아직 입금되려면 멀었거든요. 그런데 밥을 사라니 인도에 있는 거 아니었어요?","종업원이 나가는 것과 동시에 다시 완벽한 모습으로 단장한 소현이 자리로 돌아왔다.","돈은 소속사를 거쳐서 들어오기 때문에 아직 입금되려면 멀었거든요. 그런데 밥을 사라니 인도에 있는 거 아니었어요?","종업원이 나가는 것과 동시에 다시 완벽한 모습으로 단장한 소현이 자리로 돌아왔다.","GA-A51","0.89"
"293","대망 293화","","42308","42476","어차피 하이힐을 신은 채로는 오래 걸을 수도 없었고, 밥만 먹고 바로 헤어지기에는 조금 아쉽다고 생각하던 차였기에 소현이 반색한 얼굴로 제안을 받아들였다.","어차피 하이힐을 신은 채로는 오래 걸을 수도 없었고, 밥만 먹고 바로 헤어지기에는 조금 아쉽다고 생각하던 차였기에 소현이 반색한 얼굴로 제안을 받아들였다.; 갑자기 소현이 배신자를 보았다는 표정으로 부들부들 몸을 떨자 영문을 모르는 혁권이 눈을 깜박였다.","혀를 살짝 내민 소현이 팔각정 쪽으로 혼자 걸음을 옮기자 그가 얼른 뒤따라갔다.","어차피 하이힐을 신은 채로는 오래 걸을 수도 없었고, 밥만 먹고 바로 헤어지기에는 조금 아쉽다고 생각하던 차였기에 소현이 반색한 얼굴로 제안을 받아들였다.","갑자기 소현이 배신자를 보았다는 표정으로 부들부들 몸을 떨자 영문을 모르는 혁권이 눈을 깜박였다.","명랑하게 인사하는 아르바이트생의 목소리를 뒤로하며 가게를 나와 차에 올라탄 혁권은 슬쩍 뚜껑을 열어 안을 확인하고는 질색하는 기색으로 앓는 소리를 내었다.","소현 — 정상에 도착해서 한쪽에 승용차를 세운 뒤에 차 문을 열고 내리자 상쾌한 밤공기가 가슴까지 시원하게 했다.","relationship","소현 — 정상에 도착해서 한쪽에 승용차를 세운 뒤에 차 문을 열고 내리자 상쾌한 밤공기가 가슴까지 시원하게 했다.","부끄러운지 종종걸음으로 아파트 단지 안으로 들어가는 소현의 뒷모습을 보면서 그는 입가에 살포시 미소를 지었다.","정상에 도착해서 한쪽에 승용차를 세운 뒤에 차 문을 열고 내리자 상쾌한 밤공기가 가슴까지 시원하게 했다.","부끄러운지 종종걸음으로 아파트 단지 안으로 들어가는 소현의 뒷모습을 보면서 그는 입가에 살포시 미소를 지었다.","GA-A51","0.89"
"294","대망 294화","","42477","42576","쥬얼리 브랜드를 내는 걸 고려하는 혁권은 회사 일을 오전에 끝내고 자연스럽게 백화점으로 향했다.","물론 이는 원석을 다루는 혁권의 시점에서 본 생각이고, 일반인들에겐 유명 브랜드 주얼리는 이 정도 가격선인 것이 어느 정도 당연할지도 몰랐다.; A/S까지 해 주고 있으니 그렇다고 볼 수도 있지요…","혁권 — 전국 각지에서 올라오는 소매상들을 대상으로 도매 장사도 이루어지지만 혼수품과 돌 반지 등 가족 행사에 쓸 귀금속을 구매하기 위해서 종로를 찾는 사람들도 아주 많습니다.","물론 이는 원석을 다루는 혁권의 시점에서 본 생각이고, 일반인들에겐 유명 브랜드 주얼리는 이 정도 가격선인 것이 어느 정도 당연할지도 몰랐다.","A/S까지 해 주고 있으니 그렇다고 볼 수도 있지요. 하지만 규모가 그리 크지 않고 대중적인 인지도가 거의 없다는 걸 고려한다면 브랜드라고까지 하기에는 조금 손색이 있을 겁니다.","처음 알게 된 사실에 혁권은 큰 관심을 보였다.","혁권 — 보통 대표적인 귀금속인 금을 매입할 때 현물 가격의 10%에 해당하는 세금을 내야 했다.","money","혁권 — 보통 대표적인 귀금속인 금을 매입할 때 현물 가격의 10%에 해당하는 세금을 내야 했다.","어딜 가나 비슷한 디자인이나 유명 브랜드의 상품을 본뜬 제품들이 있는 반면 상점마다 독특한 모양새나 잘 쓰이지 않는 보석류를 가공한 것도 이따금 발견할 수 있어 나름 쏠쏠한 재미가 있었다.","보통 대표적인 귀금속인 금을 매입할 때 현물 가격의 10%에 해당하는 세금을 내야 했다.","어딜 가나 비슷한 디자인이나 유명 브랜드의 상품을 본뜬 제품들이 있는 반면 상점마다 독특한 모양새나 잘 쓰이지 않는 보석류를 가공한 것도 이따금 발견할 수 있어 나름 쏠쏠한 재미가 있었다.","GA-A51","0.89"
"295","대망 295화","","42577","42742","한참을 둘러보다가 도중에 혁권이 고개를 갸웃거리며 말했다.","길 한쪽에 차를 세우고 눈으로 소현의 모습을 찾고 있으니 멀리서 황급한 걸음으로 뛰어오는 낯익은 모습이 있었다.; 본래 여자에 그렇게 목매는 성격도 아니거니와, 하는 일이 워낙 위험하다 보니 의도적으로도 매력적인 이성이 눈에 보여도 마음속에 담아 두지는 않았다.","혁권이 고개를 돌리자 검은색 양복 차림의 하킴이 잠시 맡겨 뒀던 비즈니스용 스마트폰을 한 손에 들고 말했다.","길 한쪽에 차를 세우고 눈으로 소현의 모습을 찾고 있으니 멀리서 황급한 걸음으로 뛰어오는 낯익은 모습이 있었다.","본래 여자에 그렇게 목매는 성격도 아니거니와, 하는 일이 워낙 위험하다 보니 의도적으로도 매력적인 이성이 눈에 보여도 마음속에 담아 두지는 않았다.","방금까지 시무룩해 있다가 한순간에 확 표정이 밝아지는 소현을 보고 연습실을 정리하고 있던 발레 선생님이 갸우뚱 고개를 기울였다.","걱정하지 마. 한국은 총기 소지가 허가된 나라도 아니고, 치안으로만 따지면 세계에서 상위권에 드는걸.","relationship","걱정하지 마. 한국은 총기 소지가 허가된 나라도 아니고, 치안으로만 따지면 세계에서 상위권에 드는걸.","항상 가방에 화장품 파우치를 들고 다니기 망정이지, 안 그랬으면 진짜 곤란해졌을 판이다.","걱정하지 마. 한국은 총기 소지가 허가된 나라도 아니고, 치안으로만 따지면 세계에서 상위권에 드는걸.","항상 가방에 화장품 파우치를 들고 다니기 망정이지, 안 그랬으면 진짜 곤란해졌을 판이다.","GA-A51","0.89"
"296","대망 296화","","42743","42895","자동차 안은 혁권이 미리 히터를 틀어 놓은 덕분에 따뜻했다.","혁권은 한껏 주눅이 들어 시무룩한 표정으로 핸들을 붙잡은 양손을 생명줄인 양 꼭 부여잡고는 조용히 운전만 계속했다.; 권총 총구 앞에서도 의연함을 잃지 않았던 혁권인데 소현의 도끼눈 앞에선 절로 몸이 움츠려졌다.","술까지 마셨으면 좋았겠지만 운전을 해야 하는 데다 소현이 내일 아침 일찍 일 하러 가야 한다고 해서 그건 다음으로 미뤘다.","혁권은 한껏 주눅이 들어 시무룩한 표정으로 핸들을 붙잡은 양손을 생명줄인 양 꼭 부여잡고는 조용히 운전만 계속했다.","권총 총구 앞에서도 의연함을 잃지 않았던 혁권인데 소현의 도끼눈 앞에선 절로 몸이 움츠려졌다.","심인성의 대답에 도병진 3차장은 한쪽 벽에 걸린 시계를 쳐다보면서 결정을 내렸다.","소현 — 이것보다 더할 때도 있는데요, 뭐. 그리고 모델은 누군가한테 선택받아야 일을 할 수 있기에 바쁘다는 건 그만큼 다른 사람들한테 인정받는다는 뜻이니까, 오히려 기뻐해야 하는 거죠.","relationship","소현 — 이것보다 더할 때도 있는데요, 뭐. 그리고 모델은 누군가한테 선택받아야 일을 할 수 있기에 바쁘다는 건 그만큼 다른 사람들한테 인정받는다는 뜻이니까, 오히려 기뻐해야 하는 거죠.","부끄럽다며 소현이 핀잔을 주었지만 발그레하게 달아오른 뺨으로 거울을 은근슬쩍 확인하는 옆모습에 기쁜 기색이 완연했다.","이것보다 더할 때도 있는데요, 뭐. 그리고 모델은 누군가한테 선택받아야 일을 할 수 있기에 바쁘다는 건 그만큼 다른 사람들한테 인정받는다는 뜻이니까, 오히려 기뻐해야 하는 거죠.","부끄럽다며 소현이 핀잔을 주었지만 발그레하게 달아오른 뺨으로 거울을 은근슬쩍 확인하는 옆모습에 기쁜 기색이 완연했다.","GA-A51","0.89"
"297","대망 297화","","42896","43016","마음에 드는지 한쪽 손으로 목걸이를 계속 쓰다듬던 소현은 이내 고개를 들어 혁권을 봤다.","차 문을 열고 내린 소현이 손을 흔들고는 오피스텔 안으로 들어가자 혁권은 핸들을 돌리면서 차를 출발시켰다.; 리비아 전력청의 발주를 받아 국내 기업인 두정 건설에서 공사를 진행해 계획대로 모든 설비를 완성하고 시험 가동까지 무사히 끝마쳤습니다…","모함메드 장관과 친분이 있다고 해도 이건 제가 해결할 수 있는 문제가 아닙니다. 막말로 가뜩이나 계속된 내전과 석유 생산 위축으로 인해 트리폴리 정부의 재정 상태가 좋지 않은데…","차 문을 열고 내린 소현이 손을 흔들고는 오피스텔 안으로 들어가자 혁권은 핸들을 돌리면서 차를 출발시켰다.","리비아 전력청의 발주를 받아 국내 기업인 두정 건설에서 공사를 진행해 계획대로 모든 설비를 완성하고 시험 가동까지 무사히 끝마쳤습니다. 하지만 여기서 누구도 예기치 못했던 문제가 터지고 말았지요…","아니, 해결 방안을 찾다 보니 우연히 발견한 사실입니다. 결코 일부러 그런 것은 아니니 오해하지 마십시오.","혁권 — 원래대로라면 우리가 나설 일이 아닙니다만 미수금 중에 1억 달러가량을 국책 은행에서 대출을 해 준 관계로 만약 이대로 회수가 안 된다면 고스란히 국민 세금으로 메워 넣어야 할 판입니다…","money","혁권 — 원래대로라면 우리가 나설 일이 아닙니다만 미수금 중에 1억 달러가량을 국책 은행에서 대출을 해 준 관계로 만약 이대로 회수가 안 된다면 고스란히 국민 세금으로 메워 넣어야 할 판입니다…","빨간 브레이크 등을 켠 채 차들이 길게 줄을 지어 서 있는 모습을 보니 새삼 서울에 돌아온 걸 느낄 수 있었다.","원래대로라면 우리가 나설 일이 아닙니다만 미수금 중에 1억 달러가량을 국책 은행에서 대출을 해 준 관계로 만약 이대로 회수가 안 된다면 고스란히 국민 세금으로 메워 넣어야 할 판입니다…","빨간 브레이크 등을 켠 채 차들이 길게 줄을 지어 서 있는 모습을 보니 새삼 서울에 돌아온 걸 느낄 수 있었다.","GA-A51","0.89"
"298","대망 298화","내가 원래 좀 뒤끝이 있어Ⅰ","43017","43138","홍선호 부장이 자세히 조사한다고 해도 리비아 현지 상황까지는 정확하게 파악할 수가 없었다.","내가 원래 좀 뒤끝이 있어Ⅰ — 원래대로라면 뒤를 이어서 리비아 전력청이 20억 달러 규모의 발전소 건설 프로젝트를 발주하기로 예정되어 있어 그걸 연달아 수주하는 걸 노린 것 같은데, 결과적으로 최악의 수手가 되어 버리고 만 거지요…","혁권 — 내전 중에도 그다지 큰 피해를 보지 않았는지 겉보기에 멀쩡해 보였다고 합니다. 정부군 소속 군인들이 지키고 있어서 내부까지는 살펴보지 못했습니다.","원래대로라면 뒤를 이어서 리비아 전력청이 20억 달러 규모의 발전소 건설 프로젝트를 발주하기로 예정되어 있어 그걸 연달아 수주하는 걸 노린 것 같은데, 결과적으로 최악의 수手가 되어 버리고 만 거지요…","결과적으로 서부 발전소 프로젝트를 수주하는 데 성공해 공사까지 무사히 끝마쳤지만, 전혀 예상치 못했던 민주화 혁명이 벌어져 독재자 카다피가 몰락하면서 성공적이었던 베팅이 거꾸로 발목을 잡는 일이 되어 버렸다.","리비아 전력청과 직접 대출 계약을 맺은 거라 현재까지 상환이 전혀 이루어지지 않아 사실상 부실채권으로 처리되면서 여러 가지로 상당히 문제가 되는 걸로 알고 있습니다.","수출입은행이 리비아 전력청에 대출해 줬다가 부실채권이 되어 버린 4억 5천만 달러가 정치적으로 큰 이슈가 되는 상황에서, 추가로 1억 달러를 더 떼였다는 것이 알려지면 정부에 큰 부담이 될 수밖에 없었다.","money","수출입은행이 리비아 전력청에 대출해 줬다가 부실채권이 되어 버린 4억 5천만 달러가 정치적으로 큰 이슈가 되는 상황에서, 추가로 1억 달러를 더 떼였다는 것이 알려지면 정부에 큰 부담이 될 수밖에 없었다.","재차 묻자 홍성호 부장이 조심스럽게 자신의 의견을 이야기했다.","수출입은행이 리비아 전력청에 대출해 줬다가 부실채권이 되어 버린 4억 5천만 달러가 정치적으로 큰 이슈가 되는 상황에서, 추가로 1억 달러를 더 떼였다는 것이 알려지면 정부에 큰 부담이 될 수밖에 없었다.","재차 묻자 홍성호 부장이 조심스럽게 자신의 의견을 이야기했다.","GA-A52","0.92"
"299","대망 299화","","43139","43301","홍성호 부장의 이야기에 그는 동의하듯 머리를 끄덕였다.","혼자가 된 혁권은 소매를 걷어 손목에 찬 시계를 확인하고는 스마트폰을 꺼내 소현한테 전화를 걸었다.; 소현의 아버지 또래인 기사님은 한창 성수기도 아닌 요즘 계절에 여자 혼자 부산까지 내려온 것이 사뭇 걱정되는 모양이었다.","손가락으로 쭉 짚어 내려가면서 소현의 이름을 찾던 직원은 중간쯤에서 손을 멈췄다.","혼자가 된 혁권은 소매를 걷어 손목에 찬 시계를 확인하고는 스마트폰을 꺼내 소현한테 전화를 걸었다.","소현의 아버지 또래인 기사님은 한창 성수기도 아닌 요즘 계절에 여자 혼자 부산까지 내려온 것이 사뭇 걱정되는 모양이었다.","막 돌아서려는 찰나, 소현의 눈이 낯익은 얼굴을 발견했다.","소현 — 계속 쓰실 것 같으면 아예 회사에서 장기 렌탈을 하는 걸로 계약을 할까 해서 말씀을 드리는 겁니다.","relationship","소현 — 계속 쓰실 것 같으면 아예 회사에서 장기 렌탈을 하는 걸로 계약을 할까 해서 말씀을 드리는 겁니다.","홍선호 부장이 허리를 숙이고 사장실을 나간 뒤, 혁권은 스마트폰을 꺼내 저장된 전화번호 중 배도환을 찾아 전화를 걸었다.","계속 쓰실 것 같으면 아예 회사에서 장기 렌탈을 하는 걸로 계약을 할까 해서 말씀을 드리는 겁니다.","홍선호 부장이 허리를 숙이고 사장실을 나간 뒤, 혁권은 스마트폰을 꺼내 저장된 전화번호 중 배도환을 찾아 전화를 걸었다.","GA-A52","0.89"
"300","대망 300화","","43302","43431","아이고. 김 사장님! 오랜만입니다.","답장을 보내기에는 이미 한참 늦었지만, 혁권이 아무 때나 상관없다고 했으므로 소현은 주저 없이 문자판을 눌렀다.; 다음 뉴스입니다. 핵 협상을 마무리 짓고 화해 무드를 보이던 미국과 이란이 최근 20억 달러 규모의 동결 재산을 두고 큰 갈등을 보이고 있습니다…","1년 중 대부분을 해외에서 보내고 그나마 한국에 들어와서는 여자를 만나러 다닌다고 매일 늦게 들어왔던 것이 켕긴 혁권은 슬쩍 대답을 얼버무렸다.","답장을 보내기에는 이미 한참 늦었지만, 혁권이 아무 때나 상관없다고 했으므로 소현은 주저 없이 문자판을 눌렀다.","다음 뉴스입니다. 핵 협상을 마무리 짓고 화해 무드를 보이던 미국과 이란이 최근 20억 달러 규모의 동결 재산을 두고 큰 갈등을 보이고 있습니다…","물론 그마저도 한 끼 식사가 아니고 오늘 하루 먹을 치였으나 혁권에게 사실대로 말하면 걱정할 것이 틀림없었으므로 일단은 숨기기로 했다.","혁권 — 시티은행 계좌를 비롯한 미국과 전 세계에 동결된 이란 자금이 무려 수백억 달러에 달한다는 앵커의 이야기에 그는 혀를 내둘렀다.","relationship","혁권 — 시티은행 계좌를 비롯한 미국과 전 세계에 동결된 이란 자금이 무려 수백억 달러에 달한다는 앵커의 이야기에 그는 혀를 내둘렀다.","정곡을 찔린 소현은 찔끔한 표정을 지었다.","시티은행 계좌를 비롯한 미국과 전 세계에 동결된 이란 자금이 무려 수백억 달러에 달한다는 앵커의 이야기에 그는 혀를 내둘렀다.","정곡을 찔린 소현은 찔끔한 표정을 지었다.","GA-A52","0.89"
"301","대망 301화","","43432","43567","묘하게 이상한 데서 날카로울 때가 있다니까.","혼잣말을 들은 홍선호 부장의 물음에 그는 등을 뒤로 기대면서 가볍게 한쪽 팔을 내저었다.; 한화로 2조 원이 넘는 액수였기에 결코 적은 돈이 아니었지만, 동결된 카다피 자금 전체를 생각하면 정말 일부분에 불과했다.","손주아도 그걸 의식했는지 파들파들 떨기만 할 뿐 더 이상 화를 내지 못하고 치켜든 손을 아래로 꾹 내려 주먹을 쥐더니 곧 이를 갈면서 돌아섰다.","혼잣말을 들은 홍선호 부장의 물음에 그는 등을 뒤로 기대면서 가볍게 한쪽 팔을 내저었다.","한화로 2조 원이 넘는 액수였기에 결코 적은 돈이 아니었지만, 동결된 카다피 자금 전체를 생각하면 정말 일부분에 불과했다.","매우 부드러운 천이 다리를 휘감는 느낌이 좋아 소현이 거울 앞에서 이리저리 포즈를 취하고 있으니 뒤에서 허리 부분에 핀을 꽂으면서 사이즈를 조정하던 스태프가 귀엽다는 듯 쿡 웃는 소리가 났다.","소현 — 확인해 본 결과 제재로 동결된 카다피와 측근들의 자금이 모두 682억 달러에 달했습니다. 그중 미국에 있던 자금이 대략 297억 달러 한화로 약 35조 원이나 된다고 합니다.","relationship","소현 — 확인해 본 결과 제재로 동결된 카다피와 측근들의 자금이 모두 682억 달러에 달했습니다. 그중 미국에 있던 자금이 대략 297억 달러 한화로 약 35조 원이나 된다고 합니다.","외국에 엄청난 돈이 묶여 있는 걸 뻔히 보고도 쓸 수 없으니 자신 같아도 울화통이 터질 것 같았다.","확인해 본 결과 제재로 동결된 카다피와 측근들의 자금이 모두 682억 달러에 달했습니다. 그중 미국에 있던 자금이 대략 297억 달러 한화로 약 35조 원이나 된다고 합니다.","외국에 엄청난 돈이 묶여 있는 걸 뻔히 보고도 쓸 수 없으니 자신 같아도 울화통이 터질 것 같았다.","GA-A52","0.89"
"302","대망 302화","","43568","43707","대략적인 상황을 이해한 혁권은 상체를 바로 하면서 말을 이었다.","분홍색 미니 장미에 안개꽃이 들어간 꽃다발을 들고 있자니 조금 쑥스러우면서도 이걸 받고 좋아할 소현의 얼굴을 떠올리자 자신도 모르게 입가에 엷은 미소가 감돌았다.; 종일 거의 굶다시피 했으니 냄새로라도 대리만족을 느끼면서 소현은 크림을 손바닥에 적당히 덜어 발끝부터 종아리…","길쭉한 다리를 쭉 뻗은 자세로 오른쪽, 왼쪽 번갈아 바른 소현은 내일 있을 쇼를 위해 종아리는 물론이고 발바닥도 정성껏 마사지했다.","분홍색 미니 장미에 안개꽃이 들어간 꽃다발을 들고 있자니 조금 쑥스러우면서도 이걸 받고 좋아할 소현의 얼굴을 떠올리자 자신도 모르게 입가에 엷은 미소가 감돌았다.","종일 거의 굶다시피 했으니 냄새로라도 대리만족을 느끼면서 소현은 크림을 손바닥에 적당히 덜어 발끝부터 종아리며 허벅지까지 부드럽게 쓸어 올렸다.","편안함을 주면서도 원하는 순간 거친 야성을 드러내는 것이 묘한 매력이 있었다.","혁권 — 저번 화보 촬영 후 통장에 돈이 입금되었을 때 백화점에서 산 바디용 마사지 크림이었다.","money","혁권 — 저번 화보 촬영 후 통장에 돈이 입금되었을 때 백화점에서 산 바디용 마사지 크림이었다.","밝은 백열전구가 달린 거울 앞에서 언제든지 옷을 쉽게 갈아입을 수 있도록 얇은 가운 한 장만을 걸친 모델들이 다리가 높은 의자 위에 앉아 있고, 여러 명의 메이크업 스태프들이 달라붙어 바쁘게 손을 놀렸다.","저번 화보 촬영 후 통장에 돈이 입금되었을 때 백화점에서 산 바디용 마사지 크림이었다.","밝은 백열전구가 달린 거울 앞에서 언제든지 옷을 쉽게 갈아입을 수 있도록 얇은 가운 한 장만을 걸친 모델들이 다리가 높은 의자 위에 앉아 있고, 여러 명의 메이크업 스태프들이 달라붙어 바쁘게 손을 놀렸다.","GA-A52","0.89"
"303","대망 303화","","43708","43852","머리 위로 온갖 성난 외침들이 오가는 것을 들으며 소현은 콩닥거리는 가슴을 진정시키려 애썼다.","그녀는 소현의 얼굴을 이리저리 둘러보더니 곧 어디선가 카트를 끌고 와 파운데이션을 손등에 짜서 던 뒤 샥샥 브러시를 움직였다.; 다른 모델과 스태프 들이 다 있는 곳에서 그랬다가는 오히려 그녀를 더 곤란하게 하는 것이었기에 혁권은 꾹 눌러 참았다.","무대가 시작되기 전에 잠깐 소현을 보고 깜짝 놀라게 해 주려고 경호 업체 직원에게 슬쩍 돈을 찔러주고 외부인 출입 금지인 백스테이지 안으로 들어왔었다.","그녀는 소현의 얼굴을 이리저리 둘러보더니 곧 어디선가 카트를 끌고 와 파운데이션을 손등에 짜서 던 뒤 샥샥 브러시를 움직였다.","다른 모델과 스태프 들이 다 있는 곳에서 그랬다가는 오히려 그녀를 더 곤란하게 하는 것이었기에 혁권은 꾹 눌러 참았다.","조연출이 고개를 까딱이고 자리를 떠난 이후에도 갑작스럽게 알게 된 사실을 받아들일 여력이 없어 손가락 하나 까딱할 수조차 없었다.","의도치 않게 소현이 부당한 대우를 받는 모습을 보고는 그 자리에 발걸음을 멈췄다.","relationship","의도치 않게 소현이 부당한 대우를 받는 모습을 보고는 그 자리에 발걸음을 멈췄다.","화들짝 놀라 뒤로 물러선 무대감독의 흰색 폴로 티에 커피 얼룩이 잔뜩 묻어 있었다.","의도치 않게 소현이 부당한 대우를 받는 모습을 보고는 그 자리에 발걸음을 멈췄다.","화들짝 놀라 뒤로 물러선 무대감독의 흰색 폴로 티에 커피 얼룩이 잔뜩 묻어 있었다.","GA-A52","0.89"
"304","대망 304화","내가 원래 좀 뒤끝이 있어Ⅱ","43853","44017","평소 유난스럽게 깔끔을 떠는 무대감독이었기에 얼굴이 대번에 일그러졌다.","내가 원래 좀 뒤끝이 있어Ⅱ — 소현이 턱을 살짝 들어 올리면서 자신 있게 말하자 혁권이 엄지손가락을 들어 올렸다.","무대감독이 입술을 달싹거리며 삿대질을 하려고 할 때 혁권이 먼저 선수를 쳤다.","소현이 턱을 살짝 들어 올리면서 자신 있게 말하자 혁권이 엄지손가락을 들어 올렸다.","다 방법이 있지. 내가 원래 수완이 좀 좋잖아.","누군가 자신을 부르는 소리에 무의식적으로 뒤를 돌아보던 소현은 혁권이 웃으면서 서 있는 걸 발견하고는 깜짝 놀라 눈을 동그랗게 떴다.","얼떨결에 꽃다발을 받아 든 소현은 이내 놀란 마음이 가라앉자 입가에 환한 미소를 지으면서 말했다.","relationship","얼떨결에 꽃다발을 받아 든 소현은 이내 놀란 마음이 가라앉자 입가에 환한 미소를 지으면서 말했다.","디자이너 역시 입봉조차 하지 않은 초짜한테 자신의 무대를 맡기는 것이 영 불안하고 탐탁지 않았지만, 다른 선택의 여지가 없었다.","얼떨결에 꽃다발을 받아 든 소현은 이내 놀란 마음이 가라앉자 입가에 환한 미소를 지으면서 말했다.","디자이너 역시 입봉조차 하지 않은 초짜한테 자신의 무대를 맡기는 것이 영 불안하고 탐탁지 않았지만, 다른 선택의 여지가 없었다.","GA-A52","0.92"
"305","대망 305화","","44018","44147","또각거리는 하이힐 소리를 내면서 디자이너가 몸을 돌려 사라지자 조연출은 어깨를 축 늘어뜨리며 땅이 꺼져라, 한숨을 내뱉었다.","소현의 눈이 살짝 휘어지며 장난스러운 윙크를 만들어 냈다.; 소현은 발목에서부터 올라오는 통증 때문에 반사적으로 눈가에 물이 고이는 것을 느끼며 마스카라가 번지지 않을까 걱정했다.","급하게 걸음을 옮기던 소현은 막 무대를 끝낸 손주아가 백스테이지로 들어오는 걸 보곤 살짝 미간을 찡그렸다.","소현의 눈이 살짝 휘어지며 장난스러운 윙크를 만들어 냈다.","소현은 발목에서부터 올라오는 통증 때문에 반사적으로 눈가에 물이 고이는 것을 느끼며 마스카라가 번지지 않을까 걱정했다.","물론 착각이었나 싶을 만큼 짧은 순간이었지만, 자신을 발견하자마자 표정이 부드럽게 변한 것을 혁권은 똑똑히 보았다.","그런 노력도 무색하게, 아래에서 나무를 받쳐서 만든 계단을 올라오는 소현을 발견한 손주아의 눈에 못된 장난을 떠올린 듯한 빛이 떠올랐다.","relationship","그런 노력도 무색하게, 아래에서 나무를 받쳐서 만든 계단을 올라오는 소현을 발견한 손주아의 눈에 못된 장난을 떠올린 듯한 빛이 떠올랐다.","그런 박수 소리를 뒤로한 채 소현의 백스테이지 의자에 앉아 욱신거리는 발목을 한쪽 손으로 주무르고 있었다.","그런 노력도 무색하게, 아래에서 나무를 받쳐서 만든 계단을 올라오는 소현을 발견한 손주아의 눈에 못된 장난을 떠올린 듯한 빛이 떠올랐다.","그런 박수 소리를 뒤로한 채 소현의 백스테이지 의자에 앉아 욱신거리는 발목을 한쪽 손으로 주무르고 있었다.","GA-A52","0.89"
"306","대망 306화","","44148","44316","많이 접질렸는지 금방 벌겋게 부어올랐다.","한쪽 팔을 들어 주먹을 쥐는 걸 보며 혁권은 얼른 손을 흔들었다.; 소현은 그러지 못했는데 자동차에 대해서 잘 모르는 그녀가 봐도 상당히 고가의 차량 같은데, 그걸 아무렇지도 않게 구매했다는 것이 선뜻 적응되지 않았다.","행사장 근처에 있는 큰 병원으로 간 혁권은 알아서 접수 하고 그녀를 부축해서 필요한 검사를 받으러 다녔다.","한쪽 팔을 들어 주먹을 쥐는 걸 보며 혁권은 얼른 손을 흔들었다.","소현은 그러지 못했는데 자동차에 대해서 잘 모르는 그녀가 봐도 상당히 고가의 차량 같은데, 그걸 아무렇지도 않게 구매했다는 것이 선뜻 적응되지 않았다.","달콤한 향수 냄새와 눈앞에 보이는 혁권의 제법 준수하게 생긴 얼굴에 소현은 순간 아픈 것도 잊고 심장이 터질 듯이 쿵쾅거렸다.","마치 보호자처럼 옆에서 세심하게 보살펴 주는 모습에 소현은 처음에는 조금 부담스러웠지만, 어느새 의지하면서 편안한 느낌을 받았다.","relationship","마치 보호자처럼 옆에서 세심하게 보살펴 주는 모습에 소현은 처음에는 조금 부담스러웠지만, 어느새 의지하면서 편안한 느낌을 받았다.","전통차와 샐러드라니 상상이 잘 안 되는 조합이긴 했지만, 보통 카페에서 샌드위치처럼 간단한 요기가 될 수 있는 걸 파니까 아마 그런 비슷한 느낌일듯했다.","마치 보호자처럼 옆에서 세심하게 보살펴 주는 모습에 소현은 처음에는 조금 부담스러웠지만, 어느새 의지하면서 편안한 느낌을 받았다.","전통차와 샐러드라니 상상이 잘 안 되는 조합이긴 했지만, 보통 카페에서 샌드위치처럼 간단한 요기가 될 수 있는 걸 파니까 아마 그런 비슷한 느낌일듯했다.","GA-A52","0.89"
"307","대망 307화","","44317","44479","소현이 박스를 살짝 열어 살펴보니 확실히 담겨 있는 내용물이 풍성하긴 했다.","시계를 확인하곤 서둘러 행사장으로 들어가는 소현을 한참 동안 바라본 혁권은 이내 사이드 브레이크를 풀고 다시 차를 움직였다.; 육체적인 피로도 있었지만, 무대에 오른다는 긴장감과 백스테이지에서 손주아가 시비를 거는 걸 상대하느라 정신적으로 어려운 부분이 많았다.","소현 — 항상 하던 일이니까 걱정 안 해도 돼요. 그리고 다른 팀들도 리허설을 해야 하기 때문에 기껏해야 1시간 남짓밖에 연습을 못 하니까 그렇게 무리가 되지도 않을 거예요.","시계를 확인하곤 서둘러 행사장으로 들어가는 소현을 한참 동안 바라본 혁권은 이내 사이드 브레이크를 풀고 다시 차를 움직였다.","육체적인 피로도 있었지만, 무대에 오른다는 긴장감과 백스테이지에서 손주아가 시비를 거는 걸 상대하느라 정신적으로 어려운 부분이 많았다.","소현은 머쓱한 얼굴로 혼잣말을 중얼거리다가 이내 태초(?)의 모습 그대로를 보여 줬던 화장기 없는 소현의 얼굴을 떠올리곤 피식 미소를 지었다.","건네받은 서류철을 펼쳐 내용을 천천히 살펴보던 혁권이 미간을 살짝 찌푸리면서 혼잣말을 중얼거렸다.","relationship","건네받은 서류철을 펼쳐 내용을 천천히 살펴보던 혁권이 미간을 살짝 찌푸리면서 혼잣말을 중얼거렸다.","당시에 다른 모델들이 은근히 소현을 따돌리던 걸 떠올린 혁권은 기분이 언짢아졌다.","건네받은 서류철을 펼쳐 내용을 천천히 살펴보던 혁권이 미간을 살짝 찌푸리면서 혼잣말을 중얼거렸다.","당시에 다른 모델들이 은근히 소현을 따돌리던 걸 떠올린 혁권은 기분이 언짢아졌다.","GA-A52","0.89"
"308","대망 308화","","44480","44642","얼마간 내용을 더 훑어본 뒤, 그가 서류철을 탁 내려놓았다.","뭔가를 생각하는 것처럼 무의식적으로 턱을 쓸어내리던 혁권은 이내 스마트폰을 꺼내 전화번호부에 저장된 번호 중 하나를 골라 전화를 걸었다.; 측은한 마음도 들었지만…","바로 꾸벅 머리를 숙인 소현과 달리 손주아는 자신보다 선배임에도 불구하고 눈을 살짝 흘기고는 싸늘하게 말을 내뱉었다.","뭔가를 생각하는 것처럼 무의식적으로 턱을 쓸어내리던 혁권은 이내 스마트폰을 꺼내 전화번호부에 저장된 번호 중 하나를 골라 전화를 걸었다.","측은한 마음도 들었지만, 그렇다고 해서 딱히 친하지도 않은 소현의 편을 들어줄 마음은 없었으므로 얘기를 다른 쪽으로 돌리는 것만이 그녀가 보여 줄 수 있는 최소한의 양심인 셈이었다.","상대도 마찬가지였는지 보자마자 얼굴이 일그러지는 게 소현의 눈에 똑똑히 보일 정도였다.","어쩌면 저런 모습에 손주아나 채나영은 자존심을 자극받은 건지도 몰랐다.","relationship","어쩌면 저런 모습에 손주아나 채나영은 자존심을 자극받은 건지도 몰랐다.","그러면서 손주아는 손가락에 낀 반지가 잘 보이도록 은근히 머리칼을 쓸어내리는 척했다.","어쩌면 저런 모습에 손주아나 채나영은 자존심을 자극받은 건지도 몰랐다.","그러면서 손주아는 손가락에 낀 반지가 잘 보이도록 은근히 머리칼을 쓸어내리는 척했다.","GA-A52","0.89"
"309","대망 309화","","44643","44803","곁에 있던 다른 모델이 기대대로 호들갑을 떨어 주니 손주아의 입술 끝이 하늘 위로 치솟았다.","흔한 엔진 소리 하나 내지 않고 얼음을 미끄러지듯이 매끄러운 동작으로 모두의 시선을 모으며 다가온 그 차량은 정확하게 소현의 앞에서 정차했다.; 단 한 번도 불편하다고 느낀 적 없던 가죽 시트가 오늘따라 유독 싸구려로 느껴진 손주아는 정체 모를 모욕감에 이를 갈면서 곱게 다듬은 눈썹을…","예상대로라면 멋들어진 차를 타고 나타난 남자 친구와 함께 모두의 동경 어린 시선을 받으며 사라지는 것은 자신이어야 할 텐데, 그 장면을 이미 소현이 가로채 가 버린 데다…","흔한 엔진 소리 하나 내지 않고 얼음을 미끄러지듯이 매끄러운 동작으로 모두의 시선을 모으며 다가온 그 차량은 정확하게 소현의 앞에서 정차했다.","단 한 번도 불편하다고 느낀 적 없던 가죽 시트가 오늘따라 유독 싸구려로 느껴진 손주아는 정체 모를 모욕감에 이를 갈면서 곱게 다듬은 눈썹을 파르르 떨었다.","살짝 눈을 흘겼지만, 소현의 입꼬리가 살짝 위로 올라가 있었다.","꽃다발을 받아 든 소현이 장미꽃 향기를 맡으면서 묻자 그가 일부러 더 과장된 행동을 취하면서 대답했다.","relationship","꽃다발을 받아 든 소현이 장미꽃 향기를 맡으면서 묻자 그가 일부러 더 과장된 행동을 취하면서 대답했다.","잠깐 생각을 하던 소현이 이내 밝은 미소를 지으면서 말했다.","꽃다발을 받아 든 소현이 장미꽃 향기를 맡으면서 묻자 그가 일부러 더 과장된 행동을 취하면서 대답했다.","잠깐 생각을 하던 소현이 이내 밝은 미소를 지으면서 말했다.","GA-A52","0.89"
"310","대망 310화","동결 자금","44804","44967","어깨를 펴며 허세를 부리듯 말하자 소현이 피식 웃었다.","동결 자금 — 하킴이 밖으로 나가자 조금은 홀가분해진 기분으로 스마트폰을 꺼내 데이트 장소를 검색하던 혁권은 적당한 곳을 찾아냈다.","혁권 — 물론입니다. 지속적으로 미수금을 받아 내려고 애를 쓰고 있습니다만, 아시다시피 카다피 정권 몰락 이후 수년째 지속된 내전에 제대로 된 협상 창구조차 찾지 못하고 그저 속만 태우고 있는 실정입니다.","하킴이 밖으로 나가자 조금은 홀가분해진 기분으로 스마트폰을 꺼내 데이트 장소를 검색하던 혁권은 적당한 곳을 찾아냈다.","투자금액만 250억 달러에 달하고 총 4단계에 걸친 공사 예정 기간은 25년이었다.","이 대수로 공사가 기폭제가 되어 앞서 홍선호 부장이 설명한 것처럼 많은 한국 건설 업체들이 리비아에 진출해 각종 토목 공사를 수주하며 오일 머니를 벌어 갔다.","혁권 — 원래는 십 분의 일인 100만 달러에 처분하려고 했지만, 매수자가 없자 50만 달러까지 떨어져 있습니다.","relationship","혁권 — 원래는 십 분의 일인 100만 달러에 처분하려고 했지만, 매수자가 없자 50만 달러까지 떨어져 있습니다.","이젠 침대에서 완전히 일어났는지 일정을 살펴보는 듯 종이 넘기는 소리가 뒤에서 약하게 들려왔다.","원래는 십 분의 일인 100만 달러에 처분하려고 했지만, 매수자가 없자 50만 달러까지 떨어져 있습니다.","이젠 침대에서 완전히 일어났는지 일정을 살펴보는 듯 종이 넘기는 소리가 뒤에서 약하게 들려왔다.","GA-A53","0.92"
"311","대망 311화","","44968","45092","응, 괜찮아요. 오늘이랑 내일, 둘 다 시간 비어 있으니까.","소현의 바람에도 불구하고 영화 속 등장인물들은 밖을 살펴보겠다며 나간 치어리더와 남자 친구가 돌아오지 않는다고 하나둘씩 짝을 지어 수색 하러 나가는 참이었다.; 소현은 비록 계단을 차곡차곡 밟아 올라가는 단계에 있긴 했으나 화려하게 생긴 마스크가 유행인 요즘 트렌드에 비해…","경쾌한 팝 음악이 흐르면서 등장인물 소개를 겸한 학교 신이 슬슬 끝나고 치어리더가 부모님이 별장을 싸게 샀는데 몰래 가 보지 않겠냐는 이야기를 꺼내고 있을 때쯤, 혁권은 옆을 슬쩍 돌아보았다.","소현의 바람에도 불구하고 영화 속 등장인물들은 밖을 살펴보겠다며 나간 치어리더와 남자 친구가 돌아오지 않는다고 하나둘씩 짝을 지어 수색 하러 나가는 참이었다.","소현은 비록 계단을 차곡차곡 밟아 올라가는 단계에 있긴 했으나 화려하게 생긴 마스크가 유행인 요즘 트렌드에 비해…","음악과 연출이 한데 어우러져서 한창 사람 간을 졸이게 하는 부분으로 스토리가 이어지고 있었지만, 고작해야 고등학생 여섯 명이 정체불명의 연쇄 살인마와 싸우는 정도 가지곤 딱히 흥미가 일어나지 않았다.","소현 — 음악과 연출이 한데 어우러져서 한창 사람 간을 졸이게 하는 부분으로 스토리가 이어지고 있었지만, 고작해야 고등학생 여섯 명이 정체불명의 연쇄 살인마와 싸우는 정도 가지곤 딱히 흥미가 일어나지 않았다.","relationship","소현 — 음악과 연출이 한데 어우러져서 한창 사람 간을 졸이게 하는 부분으로 스토리가 이어지고 있었지만, 고작해야 고등학생 여섯 명이 정체불명의 연쇄 살인마와 싸우는 정도 가지곤 딱히 흥미가 일어나지 않았다.","좋게 생각하자며 기분을 바꾼 혁권은 아직 미련을 끈끈하게 남기고 있는 흑심을 멀리 치워 버리고 홀가분해진 마음으로 시선을 앞으로 향했다.","음악과 연출이 한데 어우러져서 한창 사람 간을 졸이게 하는 부분으로 스토리가 이어지고 있었지만, 고작해야 고등학생 여섯 명이 정체불명의 연쇄 살인마와 싸우는 정도 가지곤 딱히 흥미가 일어나지 않았다.","좋게 생각하자며 기분을 바꾼 혁권은 아직 미련을 끈끈하게 남기고 있는 흑심을 멀리 치워 버리고 홀가분해진 마음으로 시선을 앞으로 향했다.","GA-A53","0.89"
"312","대망 312화","","45093","45232","한편 혁권이 그런 생각을 하는 줄 꿈에도 짐작하지 못하는 소현은, 영화에 잔뜩 집중하고 있다가 주인공 일행이 살인범에게서 도망쳐 이 층 방에 틀어박혀 바리케이드를 세우고 농성하는 장면이 나오고 나서야 꾹 참고 있던 숨을 길게…","이에 컵을 건네주려는데 둘 다 시선을 영화에 고정시키고 대충 감으로 팔만 움직이고 있던 탓에 거리 감각이 애매해져서인지 소현의 손을 혁권이 감싼 형태가 되었다.; 내 선에서 결정할 수 있는 문제가 아니지만, 일당 긍정적으로 생각해 보겠소.","혁권은 뒤로 팔을 뻗어 뒷좌석에 던져둔 봉투를 뒤적여 생수를 찾아 꺼냈다.","이에 컵을 건네주려는데 둘 다 시선을 영화에 고정시키고 대충 감으로 팔만 움직이고 있던 탓에 거리 감각이 애매해져서인지 소현의 손을 혁권이 감싼 형태가 되었다.","내 선에서 결정할 수 있는 문제가 아니지만, 일당 긍정적으로 생각해 보겠소.","미수금을 받아 낼 가능성이 아주 낮은 상황이었기에 대부분의 기업이 제안을 받아들일 거라고 그는 확신했다.","혁권 — 3억 8천만 달러에서 절반이면 거의 2억 달러에 달하는 거액인데, 그건 너무 많지 않소이까?","relationship","혁권 — 3억 8천만 달러에서 절반이면 거의 2억 달러에 달하는 거액인데, 그건 너무 많지 않소이까?","도병진 3차장은 하얀 담배 연기를 내뱉으면서 순순히 수긍했다.","3억 8천만 달러에서 절반이면 거의 2억 달러에 달하는 거액인데, 그건 너무 많지 않소이까?","도병진 3차장은 하얀 담배 연기를 내뱉으면서 순순히 수긍했다.","GA-A53","0.89"
"313","대망 313화","","45233","45361","눈썹을 살짝 찌푸리며 도병진 3차장이 말하자 심인성은 바로 머리를 숙였다.","안주머니에 넣어 둔 스마트폰 진동이 울리자 혁권은 이야기를 하고 있던 배도환에게 양해를 구하고 전화를 받았다.; 심인성의 이야기대로 받아 내면 좋고, 실패하더라도 어차피 본전이니 딱히 손해 볼 것이 없었다.","같은 시각, 김종원 회장의 장남이자 태일건설 사장직을 맡은 김성균은 등을 구부정하게 숙이면서 들어오는 손종환 상무를 보며 의자에 앉은 채로 등을 바로 폈다.","안주머니에 넣어 둔 스마트폰 진동이 울리자 혁권은 이야기를 하고 있던 배도환에게 양해를 구하고 전화를 받았다.","심인성의 이야기대로 받아 내면 좋고, 실패하더라도 어차피 본전이니 딱히 손해 볼 것이 없었다.","국내 건설 활황을 타고 큰 성과를 올리고 있는 태일건설의 발목을 잡는 것이 바로 리비아 미수 채권이었기에, 김성균 사장의 얼굴에는 어서 털어 버리고 싶다는 생각이 그대로 드러났다.","혁권 — 원래 NPL(Non Performing Loan)을 전문적으로 취급하는 헤지펀드들이 하는 일이, 회수가 어려운 채권을 최대한 낮은 가격에 사들였다가 상황이 좋아지면 권리를 행사해서 이득을 챙기는 것이지 않습니까…","money","혁권 — 원래 NPL(Non Performing Loan)을 전문적으로 취급하는 헤지펀드들이 하는 일이, 회수가 어려운 채권을 최대한 낮은 가격에 사들였다가 상황이 좋아지면 권리를 행사해서 이득을 챙기는 것이지 않습니까…","바뀐 것이 있다면 그를 도와주던 친구인 유기백 대신 솔 루시두스 한국 지사 직원들이 수출 통관 작업을 대신한다는 거였다.","원래 NPL(Non Performing Loan)을 전문적으로 취급하는 헤지펀드들이 하는 일이, 회수가 어려운 채권을 최대한 낮은 가격에 사들였다가 상황이 좋아지면 권리를 행사해서 이득을 챙기는 것이지 않습니까. 솔직히 1…","바뀐 것이 있다면 그를 도와주던 친구인 유기백 대신 솔 루시두스 한국 지사 직원들이 수출 통관 작업을 대신한다는 거였다.","GA-A53","0.89"
"314","대망 314화","","45362","45518","이야기를 다 끝내자 배도환이 웃는 얼굴로 말했다.","기왕 인터넷 창을 연 김에 포털 사이트 첫 화면에 떠올라 있는 뉴스들을 몇 번 클릭해서 읽던 혁권은 책상에 올려 뒀던 스마트폰이 진동하는 것을 보고 손을 뻗어 확인했다.; 먼저 도발한 건 그쪽일 텐데요…","아테네에 있는 에시드가 봉제 공장 업무 보고용 메일이라도 보냈을 줄 알았는데, 어차피 자말을 통해서 모든 소식을 전달하니 혁권에게 따로 쓰진 않은 모양이었다.","기왕 인터넷 창을 연 김에 포털 사이트 첫 화면에 떠올라 있는 뉴스들을 몇 번 클릭해서 읽던 혁권은 책상에 올려 뒀던 스마트폰이 진동하는 것을 보고 손을 뻗어 확인했다.","먼저 도발한 건 그쪽일 텐데요. 그리고 다시 이야기를 하지만 일을 맡겨 달라고 매달린 적이 없다는 걸 분명히 했으면 좋겠군요.","또 다른 댓글들이 없을까 싶어 블로그를 이리저리 뒤지는데, 똑똑 노크 소리와 함께 하킴이 들어왔다.","물론 규모가 있었기에 회사가 흔들린다거나 하지는 않았지만, 부실채권으로 처리가 된 리비아 공사 미수금을 절반이라도 회수한다면 회사에 큰 도움이 되는 일이었다.","relationship","물론 규모가 있었기에 회사가 흔들린다거나 하지는 않았지만, 부실채권으로 처리가 된 리비아 공사 미수금을 절반이라도 회수한다면 회사에 큰 도움이 되는 일이었다.","그랬기에 말과 달리 소파에 계속 엉덩이를 붙이고 있는 거였다.","물론 규모가 있었기에 회사가 흔들린다거나 하지는 않았지만, 부실채권으로 처리가 된 리비아 공사 미수금을 절반이라도 회수한다면 회사에 큰 도움이 되는 일이었다.","그랬기에 말과 달리 소파에 계속 엉덩이를 붙이고 있는 거였다.","GA-A53","0.89"
"315","대망 315화","협상","45519","45672","방 안에 어색한 침묵이 감돌자 흥미로운 얼굴로 대화를 지켜보던 심인성이 웃으면서 나섰다.","협상 — 모함메드 석유부 장관이라면 샤라빌 대통령의 측근으로 트리폴리 정부 내에서도 상당한 실세였다.","흔한 연인처럼 투덕거리면서 함께 연극을 본 두 사람은 혁권이 예약해 둔 근사한 레스토랑에서 식사 하고 잠시 산책을 하다가 가까운 카페를 찾았다.","모함메드 석유부 장관이라면 샤라빌 대통령의 측근으로 트리폴리 정부 내에서도 상당한 실세였다.","혁권이 슬쩍 커피잔을 내밀면서 권하자 소현이 의심쩍은 물건을 보는 듯한 눈빛으로 잠시 망설이다가 손을 뻗었다.","차를 세우고 얼마 기다리지 않아 원룸 건물 밖으로 소현이 모습을 드러냈다.","혁권 — 그리 나쁘지 않은 얼굴에 고급스러운 옷차림까지 다른 때 같았으면 못 이기는 척 호의(작업)를 받아들였겠지만, 오늘은 그럴 기분이 아니었다.","relationship","혁권 — 그리 나쁘지 않은 얼굴에 고급스러운 옷차림까지 다른 때 같았으면 못 이기는 척 호의(작업)를 받아들였겠지만, 오늘은 그럴 기분이 아니었다.","아주 작게 한 입 머금은 것뿐인데 소현은 금방이라도 울 것 같은 표정이 되어 냅킨으로 입을 가렸다.","그리 나쁘지 않은 얼굴에 고급스러운 옷차림까지 다른 때 같았으면 못 이기는 척 호의(작업)를 받아들였겠지만, 오늘은 그럴 기분이 아니었다.","아주 작게 한 입 머금은 것뿐인데 소현은 금방이라도 울 것 같은 표정이 되어 냅킨으로 입을 가렸다.","GA-A54","0.92"
"316","대망 316화","","45673","45815","예상보다 더한 소현의 반응에 혁권은 자신도 커피를 조금 홀짝였다.","그 뒤로도 한참을 더 즐거운 시간을 보내고 혁권은 매너 좋게 그녀를 다시 집까지 안전하게 바래다줬다.; 예전보다 상황이 나아졌지만, 여전히 내전이 치열하게 진행 중인 데다 트리폴리 공항은 테러 위험이 가장 큰 곳에 속했다.","그 때문에 비용을 두세 배로 쳐준다고 해도 필요한 수송기를 구하기가 어려웠던 혁권은, 차선책으로 예전에 한 번 이용했었던 아에로플로트 항공사에 연락 했고 그 결과 이반이 여기 와 있게 됐다.","그 뒤로도 한참을 더 즐거운 시간을 보내고 혁권은 매너 좋게 그녀를 다시 집까지 안전하게 바래다줬다.","예전보다 상황이 나아졌지만, 여전히 내전이 치열하게 진행 중인 데다 트리폴리 공항은 테러 위험이 가장 큰 곳에 속했다.","작게 머리를 끄덕인 혁권은 때마침 격납고 옆에 커다란 수송기 한 대가 회색빛 동체를 드러낸 채 세워져 있는 걸 발견하곤 시선을 그리로 가져갔다.","내일 아침까지는 트리폴리에 도착해야 하는데 가능하겠소.","relationship","내일 아침까지는 트리폴리에 도착해야 하는데 가능하겠소.","이런 상태로 서울에서 리비아 트리폴리까지 20시간 가까이 날아갈 생각을 하니 벌써 한숨이 새어 나왔다.","내일 아침까지는 트리폴리에 도착해야 하는데 가능하겠소.","이런 상태로 서울에서 리비아 트리폴리까지 20시간 가까이 날아갈 생각을 하니 벌써 한숨이 새어 나왔다.","GA-A54","0.89"
"317","대망 317화","","45816","45955","옆에서 개인 짐을 움직이지 않도록 단단히 결박시키던 하킴이 고개를 돌리며 묻자 그는 아무것도 아니라는 듯이 한쪽 팔을 가볍게 내저었다.","며칠 앞서 트리폴리에 들어와 있던 자말이 앞으로 다가오면서 인사하는 말에 혁권은 가볍게 고개를 끄덕였다.; 당연한 이야기였지만, 자신들을 옹호해 주고 같은 부족이었던 카다피를 축출해 낸 트리폴리 정부와 기타 무장 세력에 반감이 컸고…","냉큼 자리를 떠나는 트레이너의 얄미운 뒷모습을 잠시 노려보다가 소현은 답장을 보내는 걸 깜박 잊었다는 사실을 깨닫고 빠르게 손가락을 움직였다.","며칠 앞서 트리폴리에 들어와 있던 자말이 앞으로 다가오면서 인사하는 말에 혁권은 가볍게 고개를 끄덕였다.","당연한 이야기였지만, 자신들을 옹호해 주고 같은 부족이었던 카다피를 축출해 낸 트리폴리 정부와 기타 무장 세력에 반감이 컸고, 그걸 이용해 IS 계열인 이슬람 형제단이 1년 넘게 도시를 점령해 통치하고 있었다.","뒤 하역 작업이 모두 끝나자 혁권은 길게 늘어선 차량 행렬을 이끌고 트리폴리 공항을 떠났다.","혁권 — 아니, 달러를 벌어들이는데 직접적으로 연관된 시설이었기에 이걸 차지하기 위한 각 세력 간의 각축전이 벌어져 더욱 큰 피해를 봐야 했다.","relationship","혁권 — 아니, 달러를 벌어들이는데 직접적으로 연관된 시설이었기에 이걸 차지하기 위한 각 세력 간의 각축전이 벌어져 더욱 큰 피해를 봐야 했다.","수도인 트리폴리로 들어가는 주요 도로였음에도 불구하고 오랜 내전에 제대로 관리가 되지 않아 군데군데 아스팔트 포장이 깨지고 크고 작은 구덩이가 파여 있었다.","아니, 달러를 벌어들이는데 직접적으로 연관된 시설이었기에 이걸 차지하기 위한 각 세력 간의 각축전이 벌어져 더욱 큰 피해를 봐야 했다.","수도인 트리폴리로 들어가는 주요 도로였음에도 불구하고 오랜 내전에 제대로 관리가 되지 않아 군데군데 아스팔트 포장이 깨지고 크고 작은 구덩이가 파여 있었다.","GA-A54","0.89"
"318","대망 318화","","45956","46081","황금색 모스크 돔과 높이 우뚝 솟아 있는 급수탑을 지나자 크고 작은 건물들이 눈에 들어왔다.","응접실로 들어가자 상 하의가 연결된 긴 치마 형태의 아랍 전통 의상인 쑵을 입은 모함메드 장관이 양팔을 벌리면서 그를 반겼다.; 도시 안에서 테러와 총격 사건이 빈번하게 벌어지고 있었기에, 자말을 비롯한 부하들도 모두 권총은 물론이고 AK47 같은 자동소총으로 단단히 무장 하고 있었다.","저택이라는 말이 너무나도 잘 어울리는 집이었는데, 트리폴리 정부의 실력자가 머무는 거처답게 자동소총으로 무장한 치안 병력 여섯 명이 도요타 픽업트럭을 옆에 세워 둔 채 입구를 지키고 있었다.","응접실로 들어가자 상 하의가 연결된 긴 치마 형태의 아랍 전통 의상인 쑵을 입은 모함메드 장관이 양팔을 벌리면서 그를 반겼다.","도시 안에서 테러와 총격 사건이 빈번하게 벌어지고 있었기에, 자말을 비롯한 부하들도 모두 권총은 물론이고 AK47 같은 자동소총으로 단단히 무장 하고 있었다.","대충 혁권이 왜 자신을 찾아왔는지 알아차린 모함메드 장관은 살짝 콧잔등을 찡그리고는 곤란하다는 태도를 보였다.","혁권 — 미수금이 대략 3억 8천만 달러가량인데 그걸 회수해 달라는 의뢰를 받았습니다.","money","혁권 — 미수금이 대략 3억 8천만 달러가량인데 그걸 회수해 달라는 의뢰를 받았습니다.","에둘러서 이야기를 했지만, 결국은 돈을 갚지 못하겠다는 거였다.","미수금이 대략 3억 8천만 달러가량인데 그걸 회수해 달라는 의뢰를 받았습니다.","에둘러서 이야기를 했지만, 결국은 돈을 갚지 못하겠다는 거였다.","GA-A54","0.89"
"319","대망 319화","","46082","46196","이쯤 이야기를 하면 충분히 알아들을 수 있을 텐데도 불구하고 혁권이 계속 귀찮게 굴자 모함메드 장관의 표정이 안 좋아졌다.","카다피 정권의 동결된 자금에서 미수금을 받아 간다면 해당 업체에는 이득이 될 테지만, 트리폴리 정부 입장에서는 좋을 것이 하나도 없었다.; 반카다피 항쟁 기간에 동결된 자금이 있지 않습니까. 제가 알아보니 미국을 비롯한 여러 나라에 정확히 682억 달러에 달하는 자금이 묶여 있더군요.","설사 지금 당장 리비아 내에 있는 원유 생산지대를 트리폴리 정부가 다 장악하고 수출에 나선다고 해도 그동안 파괴된 인프라를 복구하기 전에는 충분한 재정 수입을 기대하기 어려웠다.","카다피 정권의 동결된 자금에서 미수금을 받아 간다면 해당 업체에는 이득이 될 테지만, 트리폴리 정부 입장에서는 좋을 것이 하나도 없었다.","반카다피 항쟁 기간에 동결된 자금이 있지 않습니까. 제가 알아보니 미국을 비롯한 여러 나라에 정확히 682억 달러에 달하는 자금이 묶여 있더군요.","각국 정부와 금융기관 들이 왜 동결 자금을 내놓지 않는 것 같습니까?","모함메드 — 뒤에 단위가 틀렸습니다. 6천만 달러가 아니고 6억 달러입니다. 경우에 따라서는 그것보다 더 많아질 수도 있을 것 같군요.","money","모함메드 — 뒤에 단위가 틀렸습니다. 6천만 달러가 아니고 6억 달러입니다. 경우에 따라서는 그것보다 더 많아질 수도 있을 것 같군요.","무엇보다 일을 처리하는 과정에서 따로 뒷주머니를 두둑하게 챙길 수도 있을 테니 욕심이 생기는 건 당연했다.","뒤에 단위가 틀렸습니다. 6천만 달러가 아니고 6억 달러입니다. 경우에 따라서는 그것보다 더 많아질 수도 있을 것 같군요.","무엇보다 일을 처리하는 과정에서 따로 뒷주머니를 두둑하게 챙길 수도 있을 테니 욕심이 생기는 건 당연했다.","GA-A54","0.89"
"320","대망 320화","죽음은 언제나 내 옆에 있다","46197","46340","사실 지난번에 카다피가 소유하고 있던 미술품들을 몰래 가져다가 팔아 외국 은행에 차명으로 보관해 둔 샤라빌 대통령의 비자금만 풀어도 트리폴리 정부의 재정 문제를 어느 정도 해소할 수 있었다.","죽음은 언제나 내 옆에 있다 — 스텐저 변호사가 연락해 왔다면 따로 매입을 지시했던 리비아 관련 채권에 관한 이야기일 터였다.","그럼에도 불구하고 샤라빌 대통령은 절대 비자금을 꺼내 쓸 생각을 하지 않았고, 모함메드 장관을 비롯한 다른 권력자들 역시 병사들의 봉급보다 각자 뒷주머니를 채우기 바빴다.","스텐저 변호사가 연락해 왔다면 따로 매입을 지시했던 리비아 관련 채권에 관한 이야기일 터였다.","그렇기 때문에 아무리 원유 수출이 카다피 정권 때하고 비교해서 급격하게 줄어들었다지만, 조금씩이나마 계속되는데도 불구하고 정부 곳간이 항상 부족한 거였다.","그래 주시면 저야 감사할 따름이지요. 고객님 같은 분이라면 언제나 환영입니다.","소현 — 부도 위험성이 높은 불량채권인 걸 감안해서 매입 가격을 10%만 잡아도 4,500만 달러가 필요했다.","money","소현 — 부도 위험성이 높은 불량채권인 걸 감안해서 매입 가격을 10%만 잡아도 4,500만 달러가 필요했다.","애초에 소현의 집 냉장고엔 야채와 물 이외엔 먹을 것이 거의 없다시피 했으므로 크게 수고를 들일 필요도 없었다.","부도 위험성이 높은 불량채권인 걸 감안해서 매입 가격을 10%만 잡아도 4,500만 달러가 필요했다.","애초에 소현의 집 냉장고엔 야채와 물 이외엔 먹을 것이 거의 없다시피 했으므로 크게 수고를 들일 필요도 없었다.","GA-A55","0.92"
"321","대망 321화","","46341","46489","소현이 반찬통들을 차곡차곡 안에 쌓아 놓는 동안, 엄마는 방 안을 휘돌면서 집안 살림살이를 구경했다.","소현이 사는 곳은 평범한 주택가에 최근 빌라며 원룸 같은 것이 많이 지어진 동네라 딱히 창문을 열어도 볼만한 풍경은 없었지만, 그래도 바깥바람이 들어오니 속이 약간 시원해지는 기분은 있었다.; 그동안 미스라타를 위협하던 IS 계열 무장 단체들을 격퇴하고…","아랫입술을 질끈 깨문 혁권은 머리를 굴리면서 탈출 방법을 찾기 위해 주위를 둘러보다가 한쪽에 비치된 소화기에 시선을 멈췄다.","소현이 사는 곳은 평범한 주택가에 최근 빌라며 원룸 같은 것이 많이 지어진 동네라 딱히 창문을 열어도 볼만한 풍경은 없었지만, 그래도 바깥바람이 들어오니 속이 약간 시원해지는 기분은 있었다.","그동안 미스라타를 위협하던 IS 계열 무장 단체들을 격퇴하고, 원유 수출에 손을 대면서 재정에 여유가 생긴 알할부시는 휘하에 있는 병력의 전투력을 강화하는 데 한참 열을 올리고 있었다.","하얀 담배 연기를 내뱉으면서 바깥을 바라보던 혁권은 약간 떨어져 있는 건물 옥상에서 뭔가 햇빛을 받아 반짝이는 걸 발견하곤 미간을 살짝 좁혔다.","혁권 — 이제 카다피 정권 때 발생한 미수 채권 문제만 원하는 대로 해결된다면 더 바랄 것이 없었다.","relationship","혁권 — 이제 카다피 정권 때 발생한 미수 채권 문제만 원하는 대로 해결된다면 더 바랄 것이 없었다.","자말이 정색을 하며 쳐다보자 그는 한쪽 팔을 가볍게 내저으면서 말했다.","이제 카다피 정권 때 발생한 미수 채권 문제만 원하는 대로 해결된다면 더 바랄 것이 없었다.","자말이 정색을 하며 쳐다보자 그는 한쪽 팔을 가볍게 내저으면서 말했다.","GA-A55","0.89"
"322","대망 322화","","46490","46632","뭔가 할 말이 많은 얼굴이었지만, 아직 위기를 완전히 벗어난 것이 아니었기에 자말은 작게 한숨을 내쉬며 입을 다물었다.","일반 여객기를 이용하지 않았고 모함메드 장관을 만난 이후 호텔 밖으로 한 걸음도 나가지 않았기에, 이런 일이 있을 거라고는 상상도 하지 못했다.; 정세가 불안정한 상태에서 테러와 총격이 일상화 되다시피 한 트리폴리였지만…","혁권 — 미스터 존슨을 저격하려고 했던 놈들은 내가 직접 꼭 찾아내라고 지시를 해 뒀으니 안심하시오.","일반 여객기를 이용하지 않았고 모함메드 장관을 만난 이후 호텔 밖으로 한 걸음도 나가지 않았기에, 이런 일이 있을 거라고는 상상도 하지 못했다.","정세가 불안정한 상태에서 테러와 총격이 일상화 되다시피 한 트리폴리였지만, 그가 묵고 있던 래디슨 블루 알 마하리 호텔은 외국인들이 주로 이용하는 일종의 안전지대 같은 곳이었기에 사건이 꽤 크게 번졌다.","통화를 끝낸 혁권이 탁자에 두 다리를 올린 채 소파에 등을 기댄 채 쉬고 있을 때 노크를 하며 자말이 들어왔다.","굳이 여기서 돈을 챙기지 않더라도 스텐저 변호사를 통해 따로 매입해 놓은 채권들이 있으니 그의 몫은 충분했다.","world","굳이 여기서 돈을 챙기지 않더라도 스텐저 변호사를 통해 따로 매입해 놓은 채권들이 있으니 그의 몫은 충분했다.","낮은 침음성과 함께 모함메드 장관이 눈을 가늘게 떴다.","굳이 여기서 돈을 챙기지 않더라도 스텐저 변호사를 통해 따로 매입해 놓은 채권들이 있으니 그의 몫은 충분했다.","낮은 침음성과 함께 모함메드 장관이 눈을 가늘게 떴다.","GA-A55","0.89"
"323","대망 323화","","46633","46749","핵심을 쿡 찌르는 이야기에 모함메드 장관은 표정만 굳힌 채 뭐라고 반박을 하지 못했다.","솔직히 소현이 단발로 자른다고 하면 남은 머리카락은 모아서 가발로 만들어도 될 정도라며 헤어디자이너가 혀를 내둘렀다.; 나도 건너서 들은 거니까 오해하지 말고 들어. 소현 씨가 더러운 방법을 써서 자기 일을 뺏었다…","일단 결정을 내리면 행동하는 게 빠른 소현은 곧장 가벼운 옷차림으로 지갑 하나만 달랑 들고 집을 나왔다.","솔직히 소현이 단발로 자른다고 하면 남은 머리카락은 모아서 가발로 만들어도 될 정도라며 헤어디자이너가 혀를 내둘렀다.","나도 건너서 들은 거니까 오해하지 말고 들어. 소현 씨가 더러운 방법을 써서 자기 일을 뺏었다, 자기는 피해자라고 하면서 다니는 미용실마다 스태프를 붙잡고 억울하다는 듯이 얘길 한다는 거야…","사실 그녀가 들은 이야기 중엔 소현이 사진작가와 자서 일감을 따냈다느니, 뒤에 스폰서가 붙어 있으니까 저렇게 어린 나이에 승승장구하는 거라느니 하는 악질적인 루머도 있었지만…","소현 — 패션 위크를 거쳐 요전번 의류 브랜드 화보를 찍으면서 받은 모델료도 통장에 입금되었으니, 모처럼 지갑이 넉넉할 때 미용실에 들러서 기분 전환을 하는 것도 괜찮을 것이었다.","relationship","소현 — 패션 위크를 거쳐 요전번 의류 브랜드 화보를 찍으면서 받은 모델료도 통장에 입금되었으니, 모처럼 지갑이 넉넉할 때 미용실에 들러서 기분 전환을 하는 것도 괜찮을 것이었다.","아무런 속사정도 모른 채 걱정스러운 얼굴을 하는 헤어디자이너에게 거울로 괜찮다며, 귀띔해 줘서 고맙다고 인사한 소현은 축 처진 기분으로 자는 척 눈을 질끈 감았다.","패션 위크를 거쳐 요전번 의류 브랜드 화보를 찍으면서 받은 모델료도 통장에 입금되었으니, 모처럼 지갑이 넉넉할 때 미용실에 들러서 기분 전환을 하는 것도 괜찮을 것이었다.","아무런 속사정도 모른 채 걱정스러운 얼굴을 하는 헤어디자이너에게 거울로 괜찮다며, 귀띔해 줘서 고맙다고 인사한 소현은 축 처진 기분으로 자는 척 눈을 질끈 감았다.","GA-A55","0.89"
"324","대망 324화","모두에게 좋은 일","46750","46889","이럴 때 혁권이 옆에 있어 주면 기운이 날 텐데.","모두에게 좋은 일 — 혁권한테 말려 들어가는 느낌이었지만 뭘 가지고 이렇게 자신만만하게 구는지 궁금증을 참지 못했던 샌더슨은 쪽지를 집어 들어 펼쳤다.","방금 전에 여종업원이 리필해 준 커피를 한 모금 마신 혁권은 진지한 목소리로 상대를 찾아온 용건을 꺼냈다.","혁권한테 말려 들어가는 느낌이었지만 뭘 가지고 이렇게 자신만만하게 구는지 궁금증을 참지 못했던 샌더슨은 쪽지를 집어 들어 펼쳤다.","바로 맞혔소. 채권자와 카다피 동결 자금에 권리를 가진 트리폴리 정부 모두가 동의한 일이니, 문제 될 것이 전혀 없지 않겠소?","실내를 둘러본 샌더슨은 창가 부스 자리에 혼자 앉아 있는 혁권을 발견하고는 살짝 눈가를 찡그렸다.","혁권 — 현재까지 회수를 위임받은 채권 액수요.","money","혁권 — 현재까지 회수를 위임받은 채권 액수요.","누구 때문에 자신이 이렇게 됐는데 뻔뻔한 혁권의 태도에 샌더슨은 아랫입술을 살짝 깨물었다.","현재까지 회수를 위임받은 채권 액수요.","누구 때문에 자신이 이렇게 됐는데 뻔뻔한 혁권의 태도에 샌더슨은 아랫입술을 살짝 깨물었다.","GA-A56","0.92"
"325","대망 325화","","46890","47020","마음 같아서는 당장 자리를 박차고 일어나고 싶었지만 혁권이 가져온 건수가 너무나도 매력적이었다.","팔짱을 낀 채 한참을 고심하던 혁권은 이내 고개를 들어 앞에 서 있는 자말을 보며 말했다.; 최근 홍콩에 세워진 페이퍼 컴퍼니 한곳이 국제 채권시장에서 리비아 관련 채권을 헐값에 싹쓸이하다시피 가져갔는데, 블랙래빗이 관여된 것으로 보입니다.","혁권의 이야기만 듣고 일을 진행할 수는 없었기에 나름대로 미국 내에 묶여 있는 카다피 동결 자금과 채권 상황에 대해서 알아본 샌더슨은 가능성이 있다고 판단되자 러셀 CIA국장을 찾아갔다.","팔짱을 낀 채 한참을 고심하던 혁권은 이내 고개를 들어 앞에 서 있는 자말을 보며 말했다.","최근 홍콩에 세워진 페이퍼 컴퍼니 한곳이 국제 채권시장에서 리비아 관련 채권을 헐값에 싹쓸이하다시피 가져갔는데, 블랙래빗이 관여된 것으로 보입니다.","불량 채권으로 분류돼 액면가에 비해 형편없이 낮다고는 해도 아직 어찌 될지 모르는데, 큰돈을 들여서 물량부터 확보한 혁권의 과감성과 추진력에 러셀 국장은 진심으로 놀라움을 감추지 못했다.","한국 기업들이 의뢰한 것에서 받기로 한 수수료와 개인적으로 매입해 둔 리비아 채권까지 합치면 이번 일로 적어도 10억 달러 이상을 손에 쥘 수 있을 터였다.","money","한국 기업들이 의뢰한 것에서 받기로 한 수수료와 개인적으로 매입해 둔 리비아 채권까지 합치면 이번 일로 적어도 10억 달러 이상을 손에 쥘 수 있을 터였다.","간혹 스치는 사람들 중 몇몇이, 특히 남자들이 고개를 돌려서 쳐다보는 시선이 느껴지긴 했지만 소현에겐 이미 익숙한 것이라 딱히 신경 쓰지 않고 무시했다.","한국 기업들이 의뢰한 것에서 받기로 한 수수료와 개인적으로 매입해 둔 리비아 채권까지 합치면 이번 일로 적어도 10억 달러 이상을 손에 쥘 수 있을 터였다.","간혹 스치는 사람들 중 몇몇이, 특히 남자들이 고개를 돌려서 쳐다보는 시선이 느껴지긴 했지만 소현에겐 이미 익숙한 것이라 딱히 신경 쓰지 않고 무시했다.","GA-A56","0.89"
"326","대망 326화","","47021","47135","고등학생 때부터 또래 남자애들과 비슷한 신장이었기 때문에 학교 안에서나 밖에서나 싫어도 눈에 띄지 않을 수가 없었기 때문이었다.","5분 정도 걸어 목적한 은행 지점에 도착한 소현은 내부에 있는 ATM기 앞에 서서 일단 통장 잔고를 다시 한번 확인했다.; 바로 뒷자리에는 경호원으로 따라온 하킴과 알아바디가 앉아 있었는데…","함께 식사를 하고 나면 호텔 스카이라운지 바 같은 데 가서 나란히 칵테일을 마시면서 느긋하게 시간을 보내는 것이 소현의 계획이었다.","5분 정도 걸어 목적한 은행 지점에 도착한 소현은 내부에 있는 ATM기 앞에 서서 일단 통장 잔고를 다시 한번 확인했다.","바로 뒷자리에는 경호원으로 따라온 하킴과 알아바디가 앉아 있었는데, 미국의 엄격한 검열 때문에 총기는 물론이고 호신용 3단 봉마저 몸에 지내고 있을 수가 없어서 그런지 약간 불안한 모습이었다.","사실 이건 핑계였고 이반이 조종하는 수송기를 타고 갈 수도 있었지만 조금이라도 편하게 가려는 마음이 컸다.","소현 — 면적만 50평이 훌쩍 넘어갈 정도였는데, 하루 숙박료만 4천 달러, 한화로 거의 500만 원 가까이 됐다.","relationship","소현 — 면적만 50평이 훌쩍 넘어갈 정도였는데, 하루 숙박료만 4천 달러, 한화로 거의 500만 원 가까이 됐다.","하킴과 알아바디가 수상한 것이 없는지 객실 이곳저곳을 확인하고 있을 때 안주머니에 넣어 둔 스마트폰이 부르르 떨리며 진동이 왔다.","면적만 50평이 훌쩍 넘어갈 정도였는데, 하루 숙박료만 4천 달러, 한화로 거의 500만 원 가까이 됐다.","하킴과 알아바디가 수상한 것이 없는지 객실 이곳저곳을 확인하고 있을 때 안주머니에 넣어 둔 스마트폰이 부르르 떨리며 진동이 왔다.","GA-A56","0.89"
"327","대망 327화","","47136","47262","액정에 아무런 번호도 찍히지 않는 걸 확인한 혁권은 통화 버튼을 누르고는 소파 등받이에 몸을 기댔다.","혁권 — 먼저 매입을 끝낸 채권 상황부터 확인해 보시지요.; 문제는 은행 경영진을 이번 협상에 적극적으로 응하게 하는 겁니다. 저희가 아무리 노력한다고 해도 상대가 미적거린다면 자칫 협상이 아주 길어질 수도 있습니다.","혁권 — 추가로 채권을 매입해서 모두 액면가 6억 5천만 달러의 물건을 확보했습니다. 소요된 매입 자금은 2,200만 달러입니다. 채권 종류와 원소유자는 서류에 자세히 정리해 놨으니 참고하시기 바랍니다.","혁권 — 먼저 매입을 끝낸 채권 상황부터 확인해 보시지요.","문제는 은행 경영진을 이번 협상에 적극적으로 응하게 하는 겁니다. 저희가 아무리 노력한다고 해도 상대가 미적거린다면 자칫 협상이 아주 길어질 수도 있습니다.","액수와 종류가 다른 채권 목록이 A4 용지 한 장 가득 정리되어 있었는데, 공통점은 모두 카다피 정권에서 발행됐다는 것과 장기간 연체와 회수가 거의 불가능하다는 판단에 불량 채권으로 분류된 것들이라는 것이다.","혁권 — 채권을 회수하게 되더라도 시간이 늦어져 몇 년 뒤에나 받을 수 있다면 그건 이쪽에서 원하는 상황이 아니었다.","money","혁권 — 채권을 회수하게 되더라도 시간이 늦어져 몇 년 뒤에나 받을 수 있다면 그건 이쪽에서 원하는 상황이 아니었다.","마음을 침착하게 가라앉혀 주는 향기를 깊이 들이마시면서 문득 고개를 들었을 때 맞은편 벽에 걸려 있는 그림이 그의 눈에 들어왔다.","채권을 회수하게 되더라도 시간이 늦어져 몇 년 뒤에나 받을 수 있다면 그건 이쪽에서 원하는 상황이 아니었다.","마음을 침착하게 가라앉혀 주는 향기를 깊이 들이마시면서 문득 고개를 들었을 때 맞은편 벽에 걸려 있는 그림이 그의 눈에 들어왔다.","GA-A56","0.89"
"328","대망 328화","","47263","47373","그건 붓으로 그린 산수화였다.","은행 입장에서 가장 껄끄러운 부분이자 혁권이 채권을 지급해 달라고 주장할 수 있는 핵심적인 근거였기 때문이었다.; 아니지요. 동의서는 인정하지만 그저 참고 사항에 불과할 뿐 이런 서류 한 장으로 모든 걸 다 해결할 수는 없는 일이지요…","채권 지급 요청을 공식적으로 거부하고 재판까지 하게 된다면 뱅크 오브 아메리카 측은 동결 자금을 지키려고 노력한 것이 되니까 나중에라도 문제가 생길 경우 핑계를 댈 수 있지 않겠습니까.","은행 입장에서 가장 껄끄러운 부분이자 혁권이 채권을 지급해 달라고 주장할 수 있는 핵심적인 근거였기 때문이었다.","아니지요. 동의서는 인정하지만 그저 참고 사항에 불과할 뿐 이런 서류 한 장으로 모든 걸 다 해결할 수는 없는 일이지요. 솔직히 비정상적인 상황에서 만들어진 과도적인 기구에 불과할 뿐…","당연히 이런 사실이 드러나면 고객의 돈을 동의도 없이 함부로 손을 댄 거였기에, 도덕성과 신용에 큰 타격이 갈 수밖에 없었다.","혁권 — 해서 지난 6년간 거두어들인 수익이 무려 10억 달러가 훌쩍 넘었으니 은행 입장에서는 정말 짭짤한 수익이 아닐 수가 없었다.","world","혁권 — 해서 지난 6년간 거두어들인 수익이 무려 10억 달러가 훌쩍 넘었으니 은행 입장에서는 정말 짭짤한 수익이 아닐 수가 없었다.","이 모든 걸 마치 손바닥에 올려놓고 들여다보기라도 했듯 혁권이 자세하게 알고 있으니 당황스럽고 충격적일 수밖에 없었다.","해서 지난 6년간 거두어들인 수익이 무려 10억 달러가 훌쩍 넘었으니 은행 입장에서는 정말 짭짤한 수익이 아닐 수가 없었다.","이 모든 걸 마치 손바닥에 올려놓고 들여다보기라도 했듯 혁권이 자세하게 알고 있으니 당황스럽고 충격적일 수밖에 없었다.","GA-A56","0.89"
"329","대망 329화","","47374","47497","사실 혁권 역시 거액의 동결 자금을 가지고 있는 금융기관들이 그걸 그냥 가만히 놔두고만 있지는 않을 거라는 의심만 했지 딱히 입증할 증거는 없었다.","그에 반해 혁권의 요청을 들어주는 건 충분한 근거가 법적 책임을 회피할 그럴싸한 명분까지 만들어 준다니, 피해 볼 것이 그리 크지 않았다.; 이제 문제는 채권을 지급해 주라는 법원의 판결을 얼마나 빨리 받아 내느냐 하는 것이다.","상대의 반응에 혁권도 그걸 눈치챘지만 그러는 것이 오히려 협상을 풀어 가는 데 득이 됐기에 그냥 모르는 척 내버려 뒀다.","그에 반해 혁권의 요청을 들어주는 건 충분한 근거가 법적 책임을 회피할 그럴싸한 명분까지 만들어 준다니, 피해 볼 것이 그리 크지 않았다.","이제 문제는 채권을 지급해 주라는 법원의 판결을 얼마나 빨리 받아 내느냐 하는 것이다.","자신들한테 불리한 이야기를 이렇게 하는 걸 보면 채권을 지급해 주기로 결정이 났다는 걸 충분히 짐작할 수 있었다.","혁권 — 실상은 일을 하나씩 풀어나가다 보니 록슨 펀드의 자료를 입수하게 된 거지만 틸러슨 부행장은 그렇게 받아들이지 않았다.","money","혁권 — 실상은 일을 하나씩 풀어나가다 보니 록슨 펀드의 자료를 입수하게 된 거지만 틸러슨 부행장은 그렇게 받아들이지 않았다.","혁권의 시선을 따라 두 사람 역시 자연스럽게 광고 사진을 보았지만 그저 예쁜 여자가 사진에 찍혀 있을 뿐, 그 이상은 아무것도 느끼질 못했다.","실상은 일을 하나씩 풀어나가다 보니 록슨 펀드의 자료를 입수하게 된 거지만 틸러슨 부행장은 그렇게 받아들이지 않았다.","혁권의 시선을 따라 두 사람 역시 자연스럽게 광고 사진을 보았지만 그저 예쁜 여자가 사진에 찍혀 있을 뿐, 그 이상은 아무것도 느끼질 못했다.","GA-A56","0.89"
"330","대망 330화","","47498","47618","속으로 엉뚱한 생각을 하면서 고개를 갸웃거리는 알아바디와 달리 하킴은 짐작이 가는 구석이 있는 듯 잠자코 입을 다물고만 있었다.","스마트폰에 등록되어 있는 전화번호들 사이에서 배도환의 이름을 찾은 혁권이 통화 버튼을 누르자 잠시 신호음이 가더니, 금방 활기찬 목소리가 전화를 받았다.; 정확한 건 운송비까지 포함해서 견적을 내 봐야 되겠지만…","하즈사피라면 예전에 압둘라흐만의 소개를 받아 거래를 몇 번 했었던 이란 암거래상이었다.","스마트폰에 등록되어 있는 전화번호들 사이에서 배도환의 이름을 찾은 혁권이 통화 버튼을 누르자 잠시 신호음이 가더니, 금방 활기찬 목소리가 전화를 받았다.","정확한 건 운송비까지 포함해서 견적을 내 봐야 되겠지만, 지난번에 하즈사피와 중고차를 거래했던 걸 생각하면 대략 300~400만 달러 정도를 남길 수 있을 것 같았다.","거래 조건을 구체적으로 이야기해 봐야 되겠지만 그리 나쁜 제안은 아니었다.","혁권 — 싸게 잡아도 1대에 2만 달러 안팎일 테니까 600대면 차량 가격만 1,200만 달러를 가뿐하게 넘어갔다.","relationship","혁권 — 싸게 잡아도 1대에 2만 달러 안팎일 테니까 600대면 차량 가격만 1,200만 달러를 가뿐하게 넘어갔다.","돈을 벌게 해 주신다는데 저야 좋지요.","싸게 잡아도 1대에 2만 달러 안팎일 테니까 600대면 차량 가격만 1,200만 달러를 가뿐하게 넘어갔다.","돈을 벌게 해 주신다는데 저야 좋지요.","GA-A56","0.89"
"331","대망 331화","","47619","47743","이야기를 들은 배도환이 놀란 목소리로 되물었다.","한참 갑론을박을 벌인 끝에 합의서가 새롭게 만들어지자 혁권이 마지막으로 살펴보고 서명을 했다.; 솔직히 처음 카다피 정권 시절 발행된 리비아 정부의 불량 채권을 매수하라고 했을 때 이런 쓰레기를 가지고 도대체 뭘 하려는 건지 의아했었습니다.","혁권 — 가장 기본 중의 기본을 깜빡 잊고 편하게 일을 하려고 했었다니, 아니라고 하면서도 내심 이번 거래를 가볍게 취급하는 마음이 있었던 것이 분명했다.","한참 갑론을박을 벌인 끝에 합의서가 새롭게 만들어지자 혁권이 마지막으로 살펴보고 서명을 했다.","솔직히 처음 카다피 정권 시절 발행된 리비아 정부의 불량 채권을 매수하라고 했을 때 이런 쓰레기를 가지고 도대체 뭘 하려는 건지 의아했었습니다.","외부로 드러나면 안 되는 일인 만큼 아주 은밀하게 일부 VIP들에게만 제안을 하고 의뢰를 맡아 처리했다.","혁권 — 불과 수천만 달러에 산 불량 채권을 불과 며칠 사이에 수억 달러짜리로 바꾸어 놓으시다니 놀라운 수완에 정말 감탄했습니다.","money","혁권 — 불과 수천만 달러에 산 불량 채권을 불과 며칠 사이에 수억 달러짜리로 바꾸어 놓으시다니 놀라운 수완에 정말 감탄했습니다.","며칠 뒤 뱅크 오브 아메리카 은행과의 협상을 마지막으로 일을 모두 끝낸 혁권은 뒤처리를 스텐저 변호사한테 맡기고 일단 한국으로 돌아갔다.","불과 수천만 달러에 산 불량 채권을 불과 며칠 사이에 수억 달러짜리로 바꾸어 놓으시다니 놀라운 수완에 정말 감탄했습니다.","며칠 뒤 뱅크 오브 아메리카 은행과의 협상을 마지막으로 일을 모두 끝낸 혁권은 뒤처리를 스텐저 변호사한테 맡기고 일단 한국으로 돌아갔다.","GA-A56","0.89"
"332","대망 332화","","47744","47883","소현은 한 손에 리모컨을 들고 뒤로 벌렁 누운 자세로 중얼거렸다.","그러면서 부들부들 몸서리를 치던 소현은 이미 새빨갛게 익어서 더 이상 빨개질 수 없을 정도로 달아오른 얼굴을 양손으로 감싸며 고개를 푹 숙인 채 다 기어들어 가는 목소리로 중얼거렸다…","보통은 심심할 때 영화나 보러 간다던데, 요즘 재밌는 게 뭐 있나 찾아보려고 해도 막상 혁권이 돌아왔을 때 자기가 먼저 다 봐 버려서 볼 게 없으면 어떡하지 하는 생각에 갈 수가 없었다.","그러면서 부들부들 몸서리를 치던 소현은 이미 새빨갛게 익어서 더 이상 빨개질 수 없을 정도로 달아오른 얼굴을 양손으로 감싸며 고개를 푹 숙인 채 다 기어들어 가는 목소리로 중얼거렸다.","물론 나중에는 영화를 보는 것도 지루해져서 잠만 쿨쿨 잤더니 몸이 굳어 버려 여기저기 쑤신 감이 있긴 했지만, 그렇다고 아주 피곤해서 죽을 정도도 아니었기에 혁권은 진정하라며 소현의 손을 토닥였다.","그러다 눈에 익은 흰색 승용차를 발견하곤 가까이 다가가자 선팅한 유리창이 스윽 내려가면서 반가운 얼굴이 드러났다.","소현 — 그러다 눈에 익은 흰색 승용차를 발견하곤 가까이 다가가자 선팅한 유리창이 스윽 내려가면서 반가운 얼굴이 드러났다.","relationship","소현 — 그러다 눈에 익은 흰색 승용차를 발견하곤 가까이 다가가자 선팅한 유리창이 스윽 내려가면서 반가운 얼굴이 드러났다.","수치사로 죽을 것 같다며 괴로워하는 소현의 모습에 혁권은 어쩔 줄을 몰라 했지만, 금세 입가가 실실 풀리며 웃어 대는 통에 또 한 소리를 들어야만 했다.","그러다 눈에 익은 흰색 승용차를 발견하곤 가까이 다가가자 선팅한 유리창이 스윽 내려가면서 반가운 얼굴이 드러났다.","수치사로 죽을 것 같다며 괴로워하는 소현의 모습에 혁권은 어쩔 줄을 몰라 했지만, 금세 입가가 실실 풀리며 웃어 대는 통에 또 한 소리를 들어야만 했다.","GA-A56","0.89"
"333","대망 333화","무엇보다 소중한 것Ⅰ","47884","48046","그 와중에 주문한 식사가 나오고, 그제야 남의 눈을 의식한 소현이 크흠 헛기침을 크게 내뱉고 흐트러진 머리칼을 다듬었다.","무엇보다 소중한 것Ⅰ — 가끔씩 거울에 얼굴을 비춰 볼 때 작은 다이아가 반짝거리는 것을 보고 몰래 흐뭇한 미소를 짓고 하는 건 혁권에게도 말하지 않은 비밀이었다.","오랜만에 친구인 유기백이나 만나 볼 생각이었다.","가끔씩 거울에 얼굴을 비춰 볼 때 작은 다이아가 반짝거리는 것을 보고 몰래 흐뭇한 미소를 짓고 하는 건 혁권에게도 말하지 않은 비밀이었다.","채권을 받기 위해 뱅크 오브 아메리카와 법적 분쟁을 벌이고 있다는 걸 증명하는 고소장 사본입니다. 혹시라도 재판이 끝나기 전에 야당에서 문제를 제기하면 이걸 보여 주고 채권을 회수하기 위해 노력 중이라고 하면 어느 정도 면피…","아테네에서 연락이 왔는데 내일 백성균이 이리로 온다고 합니다.","혁권 — 그러면 한두 푼도 아니고 수십억 달러에 달하는 돈을 달란다고 은행에서 그냥 내줄 거라 생각했습니까.","relationship","혁권 — 그러면 한두 푼도 아니고 수십억 달러에 달하는 돈을 달란다고 은행에서 그냥 내줄 거라 생각했습니까.","불과 얼마 전까지만 해도 유기백하고 똑같이 양복을 입고 상사맨으로 일을 했었기에, 회사 생활이 어떤지 제일 잘 알고 있던 그는 쓴웃음을 지었다.","그러면 한두 푼도 아니고 수십억 달러에 달하는 돈을 달란다고 은행에서 그냥 내줄 거라 생각했습니까.","불과 얼마 전까지만 해도 유기백하고 똑같이 양복을 입고 상사맨으로 일을 했었기에, 회사 생활이 어떤지 제일 잘 알고 있던 그는 쓴웃음을 지었다.","GA-A57","0.92"
"334","대망 334화","","48047","48179","출퇴근 시간이 일정하지 않은 건 기본이고 수시로 야근과 철야를 밥 먹듯이 하면서 맡은 업무에 따라 출장도 빈번하게 다녀야 되는 것이 바로 상사맨이었다.","불필요하다는 생각을 완전히 지울 수 없었지만 오너인 혁권의 생각이 확고하고 이미 수송기까지 매입했다고 하니 김덕현 전무도 더 이상 반대하지 않았다.; 물론 지금도 크게 문제가 없다는 걸 나도 알고 있어. 그리고 공기 부양정 운용비가 비싸다고 해도 비행기보다는 싸다는 것도 말이야…","어젯밤 친구인 유기백을 만나 부어라 마셔라 하며 모처럼 신나게 달렸더니 영 컨디션이 좋질 않았다.","불필요하다는 생각을 완전히 지울 수 없었지만 오너인 혁권의 생각이 확고하고 이미 수송기까지 매입했다고 하니 김덕현 전무도 더 이상 반대하지 않았다.","물론 지금도 크게 문제가 없다는 걸 나도 알고 있어. 그리고 공기 부양정 운용비가 비싸다고 해도 비행기보다는 싸다는 것도 말이야. 하지만 지금 괜찮다고 해서 나중에도 아무런 문제가 없을 거라 확신할 수 있나?","곧장 사장실로 올라가 푹신한 가죽 의자에 몸을 기댄 채 쉬고 있을 때 노크를 하며 김덕현 전무가 홍선호 관리부장과 함께 안으로 들어왔다.","시에라리온 다이아몬드 광산에 엄청난 자금을 쏟아붓고 있는 상황이었지만 채굴된 원석을 판매해서 조금씩 수익을 올리고 있고 추가로 혁권이 자본금을 크게 늘린 덕분에 재정적으로도 여유가 있었다.","money","시에라리온 다이아몬드 광산에 엄청난 자금을 쏟아붓고 있는 상황이었지만 채굴된 원석을 판매해서 조금씩 수익을 올리고 있고 추가로 혁권이 자본금을 크게 늘린 덕분에 재정적으로도 여유가 있었다.","혁권의 물음에 홍선호 부장은 미리 준비라도 하고 있은 듯 망설임 없이 대답했다.","시에라리온 다이아몬드 광산에 엄청난 자금을 쏟아붓고 있는 상황이었지만 채굴된 원석을 판매해서 조금씩 수익을 올리고 있고 추가로 혁권이 자본금을 크게 늘린 덕분에 재정적으로도 여유가 있었다.","혁권의 물음에 홍선호 부장은 미리 준비라도 하고 있은 듯 망설임 없이 대답했다.","GA-A57","0.89"
