sequence,visible_label,arc_id,arc_phase,tension_1_10,reward_1_10,hook_1_10,information_weight,action_weight,relationship_weight,emotion_weight,material_or_status_weight,ribbon_rationale,source_lines
1,1화,DCA-N01,N01·걸프전 100억 달러와 SAVE 월가 자립,9,6,8,0.20,0.25,0.20,0.20,0.15,고시원 죽음·17세 회귀·시계 폭로·김태중의 100만 달러가 연달아 벌어져 행동과 상실·회복 감정에 오래 머문다.,L1~L255
2,2화,DCA-N01,N01·걸프전 100억 달러와 SAVE 월가 자립,6,6,8,0.30,0.18,0.24,0.10,0.18,한정훈과 A급 인재 세 명의 능력표를 하나씩 읽은 뒤 220억 원짜리 초기 팀을 세운다. 사람을 고르는 느린 검토가 실제 고용으로 넘어가며 김민재의 첫 조직이 형태를 얻는다.,L256~L497
3,3화,DCA-N01,N01·걸프전 100억 달러와 SAVE 월가 자립,8,5,6,0.27,0.29,0.17,0.09,0.18,"220억 원 홍콩법인 계약과 닛케이 보험·공매도 3안 선택이 앞쪽의 금융 긴장을 끌고, 뒤쪽에서는 김태중 앞에서 세 외국어 신문을 읽어 검정고시와 해외대학 허락을 받아낸다. SAT 교재를 꺼내는 마지막 동작은 지급된 허락을 외환위기 전 입사 계획으로 곧장 잇는다.",L498~L722
4,4화,DCA-N01,N01·걸프전 100억 달러와 SAVE 월가 자립,8,7,7,0.22,0.26,0.12,0.10,0.30,"닛케이 폭락으로 1,210억 원을 실현하고 곧바로 걸프전 12배 베팅으로 넘어가 현금 보상과 재투자가 솟는다.",L723~L929
5,5화,DCA-N01,N01·걸프전 100억 달러와 SAVE 월가 자립,8,7,9,0.18,0.31,0.28,0.11,0.12,왕실 보석 절도를 막아 살만의 약속을 얻고 2억 달러 원유 포지션을 잡아 행동과 왕실 관계가 앞선다.,L930~L1168
6,6화,DCA-N01,N01·걸프전 100억 달러와 SAVE 월가 자립,9,9,6,0.13,0.27,0.19,0.12,0.29,이라크 침공 뒤 20억 달러가 확정되고 네 직원이 SAVE로 이동해 자산과 조직 지위가 큰 봉우리를 만든다.,L1169~L1387
7,7화,DCA-N01,N01·걸프전 100억 달러와 SAVE 월가 자립,7,6,9,0.22,0.26,0.25,0.08,0.19,35억 원 보너스와 월가 21명 채용 뒤 유가 공매도를 집행해 인재 조직과 다음 포지션에 체류한다.,L1388~L1608
8,8화,DCA-N01,N01·걸프전 100억 달러와 SAVE 월가 자립,7,9,7,0.17,0.26,0.24,0.08,0.25,유가 청산 100억 달러와 D.E 인재 13명 이탈이 겹쳐 현금 보상·영입 행동·제프리 대면이 균형을 이룬다.,L1609~L1815
9,9화,DCA-N01,N01·걸프전 100억 달러와 SAVE 월가 자립,6,6,9,0.24,0.15,0.32,0.17,0.12,제프리는 냅킨에 그린 재투자 선순환을 보고 합류하지만 혹독한 운영 방식과 성과보수 조건에서 곧바로 한정훈과 부딪힌다. 첫 설득의 들뜸이 새 조직 내부의 갈등으로 식어 인재 영입의 비용을 남긴다.,L1816~L2017
10,10화,DCA-N01,N01·걸프전 100억 달러와 SAVE 월가 자립,7,7,6,0.27,0.22,0.30,0.08,0.13,"리라화 다음 표적을 맞힌 김민재가 조지에게 모든 통화전쟁 동맹과 파운드 공격 60억 달러 공동투자를 받아 내고, 남은 40억 달러를 독자 운용할 자율성을 얻는다. 조지·짐의 대학 추천서는 써 주겠다는 약속일 뿐 원본 수령 전이므로 관계 보상과 문서 지급을 분리한다.",L2018~L2167
11,11화,DCA-N01B,N01B·하버드·공직자 펀드와 태우 귀환 준비,7,7,6,0.21,0.20,0.31,0.20,0.08,하버드 합격으로 김태중을 기쁘게 한 뒤 대선 출마를 막고 재단 허락을 받아 조손 관계와 감정이 길다.,L2168~L2352
12,12화,DCA-N01B,N01B·하버드·공직자 펀드와 태우 귀환 준비,5,6,7,0.34,0.18,0.23,0.07,0.18,성적 상위 5퍼센트 빈곤 학생 자료와 200억 원 장학재단의 선발 체계를 직접 점검하고 청년창업 지원까지 넓힌다. 후반에는 라인 없는 검찰·경찰·공무원 명단과 펀드 모집 보상을 설계하지만 실제 가입 인원은 아직 없다.,L2353~L2512
13,13화,DCA-N01B,N01B·하버드·공직자 펀드와 태우 귀환 준비,7,7,6,0.23,0.29,0.26,0.12,0.10,퀀텀 100억 원 기부를 미끼로 김택훈을 움직이고 김태중에게 월가 가치를 입증해 행동·가족 권력관계가 앞선다.,L2513~L2676
14,14화,DCA-N01B,N01B·하버드·공직자 펀드와 태우 귀환 준비,8,8,9,0.29,0.25,0.23,0.08,0.15,클린턴·푸틴 지원과 30억 달러 지급 뒤 조지의 프랑화 배신 계획을 읽어 정보와 다음 대응 훅이 강하다.,L2677~L2851
15,15화,DCA-N01B,N01B·하버드·공직자 펀드와 태우 귀환 준비,6,8,8,0.20,0.18,0.28,0.17,0.17,퀀텀 역이용과 푸틴 감사 뒤 3년을 건너 하버드 졸업·창원 입사를 택해 관계 보상과 새 장소 기대가 높다.,L2852~L3024
16,16화,DCA-N02,N02·창원 장부와 명동 4천억 절단,6,4,8,0.29,0.27,0.20,0.14,0.10,차장 신분으로 고철·총무팀 횡령을 지켜보다 밤샘 회식이 끝난 순간 조사팀을 들이민다. 오래 참은 잠입이 급습으로 바뀌어 증거가 조직 안에서 실제 힘을 얻는다.,L3025~L3210
17,17화,DCA-N02,N02·창원 장부와 명동 4천억 절단,7,5,7,0.32,0.27,0.23,0.10,0.08,팔레트 독점과 공장장·두 경리의 불륜을 연쇄 확인해 비리 정보와 강인식 팀의 추적 행동에 머문다.,L3211~L3402
18,18화,DCA-N02,N02·창원 장부와 명동 4천억 절단,6,6,7,0.30,0.23,0.16,0.08,0.23,조사비를 지급하면서 일본 파생 100억 달러를 늘리고 청년경제포럼의 재벌 2·3세들을 다음 승계 표적으로 바라본다. 구체 가문과 계열사는 아직 고르지 않아 전략 정보와 자금 규모만 앞선다.,L3403~L3587
19,19화,DCA-N02,N02·창원 장부와 명동 4천억 절단,7,6,8,0.21,0.31,0.28,0.13,0.07,후계 분쟁 씨앗과 불륜 이간질을 실행해 한지혜·주영미에게 장부를 받아 행동과 관계 조작이 두드러진다.,L3588~L3812
20,20화,DCA-N02,N02·창원 장부와 명동 4천억 절단,8,7,8,0.18,0.39,0.18,0.15,0.10,술집 난동 연기·압수수색·기자회견으로 서우태를 공개 고발하는 연속 행동이 회차 대부분을 차지한다.,L3813~L4009
21,21화,DCA-N02,N02·창원 장부와 명동 4천억 절단,9,7,10,0.16,0.28,0.27,0.20,0.09,태우를 버릴 수 있다는 배수진으로 김태중과 충돌해 감사본부장 자리를 얻고 고베 지진 훅으로 급전한다.,L4010~L4174
22,22화,DCA-N02,N02·창원 장부와 명동 4천억 절단,7,7,8,0.31,0.21,0.25,0.08,0.15,고베 수익 조건과 이준수·명동 연결을 읽고 조지에게 75억 달러 파생상품과 돈으로 사기 힘든 기업지분의 교환을 제시한다. 감사팀의 다른 인물과 실제 지분 대상은 아직 이름을 주지 않아 정보 협상이 길다.,L4175~L4371
23,23화,DCA-N02,N02·창원 장부와 명동 4천억 절단,6,8,7,0.22,0.17,0.24,0.07,0.30,애플·포드 지분 각 20퍼센트를 받은 직후 정수철의 재산내역을 펼친다. 큰 자산 지급을 축하할 틈 없이 다음 감사 표적을 고르는 건조한 전환이 회차를 당긴다.,L4372~L4561
24,24화,DCA-N02,N02·창원 장부와 명동 4천억 절단,6,6,7,0.22,0.25,0.35,0.10,0.08,정수철이 고립시키려 한 윤일섭을 오히려 승진시키고 창원 직속 TF를 세운다. 한 사람을 살리는 인사 결정이 기존 감사선과 다른 독립 수사조직으로 굳어진다.,L4562~L4738
25,25화,DCA-N02,N02·창원 장부와 명동 4천억 절단,7,5,8,0.36,0.18,0.25,0.11,0.10,"환수금 10퍼센트·내부비리 30퍼센트 성과금 공지가 감사팀의 침묵을 깨고 윤일섭과 강인식을 움직인다. 박권흠 면담에서 채용 뇌물 2천만~4천만 원과 명동 돈 4천억 원에 묶인 창원공장 실권이 드러나며, 후반의 구조 폭로가 더 긴 잔상을 남긴다.",L4739~L4931
26,26화,DCA-N02,N02·창원 장부와 명동 4천억 절단,7,6,8,0.26,0.27,0.19,0.06,0.22,CT 대환과 노조 포섭·특수부대 경호사를 동시에 준비해 실행 수단과 돈·안전장치에 무게가 간다.,L4932~L5107
27,27화,DCA-N02,N02·창원 장부와 명동 4천억 절단,8,5,7,0.19,0.38,0.25,0.11,0.07,이준수를 일부러 자극하고 삐라와 배 반장 소문을 퍼뜨려 파업을 끌어낸다. 조용한 장부조사가 군중이 움직이는 현장전으로 바뀌면서 이준수 쪽이 먼저 모습을 드러낸다.,L5108~L5302
28,28화,DCA-N02,N02·창원 장부와 명동 4천억 절단,8,7,7,0.18,0.36,0.22,0.10,0.14,노조 간부 사법처리와 반대 파벌 결집으로 반대 51퍼센트를 만들어 투표 행동과 수치 보상이 솟는다.,L5303~L5469
29,29화,DCA-N02,N02·창원 장부와 명동 4천억 절단,7,6,8,0.24,0.20,0.36,0.12,0.08,이준수의 변명과 명동 오만을 노출해 사장단 마음을 돌리고 CT 법인장을 들여 관계 전환에 오래 머문다.,L5470~L5654
30,30화,DCA-N02,N02·창원 장부와 명동 4천억 절단,8,8,7,0.17,0.29,0.21,0.08,0.25,CT은행 저리대출로 명동 차입금 4천억 원을 갚고 이준수를 공장에서 끌어낸다. 곧바로 광화문 곰을 찾아 통일 문제를 꺼내 실물 승리가 다음 정치·북방 거래로 이어진다.,L5655~L5818
31,31화,DCA-N02,N02·창원 장부와 명동 4천억 절단,6,5,7,0.20,0.18,0.31,0.18,0.13,이선일이 이준수를 거두고 47명 징계가 확정된 뒤 사장단이 연구소 유배를 모의해 관계 후폭풍과 다음 훅이 높다.,L5819~L6005
32,32화,DCA-N03,N03·이노폰과 박진훈 축출,5,7,8,0.28,0.18,0.31,0.08,0.15,연구소 독립성과 20명 채용권을 확보한 뒤 후쿠다를 직접 만난다. 조직의 빈칸을 채울 첫 인재 앞에서 조건표가 사람의 선택 문제로 바뀐다.,L6006~L6176
33,33화,DCA-N03,N03·이노폰과 박진훈 축출,6,6,6,0.32,0.22,0.22,0.06,0.18,30개 계열사 매각·자동차 중심 재편을 밝히고 40명 특허팀을 꾸려 전략 정보와 조직 구축에 체류한다.,L6177~L6342
34,34화,DCA-N03,N03·이노폰과 박진훈 축출,6,7,7,0.24,0.20,0.39,0.08,0.09,박준일·장학생·조나단을 50명 특허팀에 묶고 폰 디자인 경쟁을 시작한다. 연구소의 빈자리가 이름 있는 사람과 팀으로 채워지며 기술개발이 실제 조직의 속도를 얻는다.,L6343~L6525
35,35화,DCA-N03,N03·이노폰과 박진훈 축출,5,6,8,0.37,0.19,0.18,0.05,0.21,대량 특허와 조나단 디자인을 확보한 뒤 소프트웨어·배터리 외부조달을 결정해 기술 정보와 자산 선택이 앞선다.,L6526~L6684
36,36화,DCA-N03,N03·이노폰과 박진훈 축출,6,7,9,0.27,0.17,0.35,0.08,0.13,아마존 지분을 점검하고 구디너프 성과를 받은 뒤 잡스 복귀를 제안해 인재 관계와 기술 정보에 머문다.,L6685~L6859
37,37화,DCA-N03,N03·이노폰과 박진훈 축출,7,8,8,0.23,0.24,0.29,0.06,0.18,잡스와 NEXT OS 80퍼센트 계약을 체결하고 다이먼·일본 공격 씨앗을 심어 계약 관계와 다음 확장이 강하다.,L6860~L7040
38,38화,DCA-N03,N03·이노폰과 박진훈 축출,7,6,7,0.31,0.24,0.20,0.08,0.17,"한일은행·삼풍 붕괴 정보를 건넨 대가로 이선일의 5퍼센트와 명동의 태우전자 지분 약 15퍼센트를 1,500억 원에 모으는 거래를 오래 맞춘다. 집으로 돌아온 뒤 폴더폰을 김태중에게 보여 줄 성과이자 사장 취임 카드로 정하는 짧은 가족 장면이 다음 목표를 연다.",L7041~L7213
39,39화,DCA-N03,N03·이노폰과 박진훈 축출,7,7,7,0.19,0.31,0.21,0.10,0.19,보너스로 제작을 24일로 당겨 실물 폴더폰을 김태중에게 보여 주므로 실행과 제품 보상이 높다.,L7214~L7390
40,40화,DCA-N03,N03·이노폰과 박진훈 축출,8,7,8,0.18,0.26,0.34,0.13,0.09,기술과 규모를 두고 김태중과 부딪친 끝에 박진훈에게 팀·공장·자금 전권을 받아낸다. 말싸움의 승리가 독립 개발조건으로 바뀌지만 박진훈과의 권력 충돌은 더 선명해진다.,L7391~L7563
41,41화,DCA-N03,N03·이노폰과 박진훈 축출,6,5,7,0.30,0.21,0.31,0.07,0.11,에이스 30명·이석준을 직속으로 묶고 이선일의 태우전자 주식 수집을 확인해 조직 관계와 지분 정보가 앞선다.,L7564~L7753
42,42화,DCA-N03,N03·이노폰과 박진훈 축출,6,6,8,0.29,0.24,0.20,0.06,0.21,한보 부도와 일본 특허 협상을 배치한 뒤 황영철의 MP3 구상을 잡아 기술 정보와 선점 행동에 체류한다.,L7754~L7933
43,43화,DCA-N03,N03·이노폰과 박진훈 축출,5,7,7,0.18,0.20,0.32,0.07,0.23,황영철에게 개발비 10억 원과 지분대금 98억 원을 지급해 49퍼센트를 얻으므로 계약 관계와 자산 보상이 크다.,L7934~L8120
44,44화,DCA-N03,N03·이노폰과 박진훈 축출,7,5,7,0.23,0.32,0.16,0.08,0.21,잡스 소프트웨어를 받은 두 공장을 3교대로 돌려 출시 전 재고 27만 대를 쌓는다. 생산 숫자가 빠르게 불어날수록 아직 팔지 못한 물량의 위험도 함께 커진다.,L8121~L8294
45,45화,DCA-N03,N03·이노폰과 박진훈 축출,9,7,9,0.18,0.39,0.18,0.17,0.08,톰슨 특허 매입 직후 태우건설·병원을 밀어 삼풍 붕괴 구조에 들어가 긴박한 행동과 생존 감정이 솟는다.,L8295~L8488
46,46화,DCA-N03,N03·이노폰과 박진훈 축출,8,8,8,0.17,0.24,0.20,0.20,0.19,삼풍 사망자를 전생의 절반으로 줄인 보상과 태우전자 사장 도전 선언이 감정·평판·지위 봉우리를 만든다.,L8489~L8672
47,47화,DCA-N03,N03·이노폰과 박진훈 축출,6,8,7,0.16,0.35,0.18,0.09,0.22,잡스의 이노폰 시연 뒤 중앙 부스와 바이어 상담이 폭발해 공개 행동과 주문 기대에 오래 머문다.,L8673~L8861
48,48화,DCA-N03,N03·이노폰과 박진훈 축출,7,6,8,0.22,0.33,0.27,0.11,0.07,선행특허 판정으로 기술 우위를 확인한 뒤 사장단 앞에서 박진훈의 경영방식을 정면으로 공격한다. 법적 승리를 누릴 틈 없이 공개 권력투쟁으로 넘어가 누가 태우전자를 이끌지가 전면에 선다.,L8862~L9027
49,49화,DCA-N03,N03·이노폰과 박진훈 축출,8,5,8,0.30,0.28,0.24,0.11,0.07,박진훈의 결함 유포를 거짓 자료와 감시증거로 되받고 조 차장을 이중 통로로 만든다. 공개반박보다 누가 돈과 자료를 건넸는지 좁혀 가는 추적이 긴장을 붙든다.,L9028~L9209
50,50화,DCA-N03,N03·이노폰과 박진훈 축출,8,7,9,0.25,0.34,0.20,0.10,0.11,"강 대위의 보고로 우성일이 이노폰 자료를 기자에게 넘기는 영상과 음성 녹음이 이미 확보된다. 1면 허위기사에 SAVE 반박자료와 한국·미국·독일 동시 검증을 맞붙이는 리듬이라, 증거 지급 뒤 공개 시연의 성패가 훅으로 남는다.",L9210~L9397
51,51화,DCA-N03,N03·이노폰과 박진훈 축출,8,8,8,0.16,0.38,0.24,0.10,0.12,"타임스퀘어·강남·독일에서 이노폰 1천 대 이상을 동시에 만지게 하는 공개 실험이 빠르게 이어진다. 결함이 재현되지 않자 우성일이 공작을 시인하고 박 기자도 받은 돈을 기사화하겠다고 돌아서지만, 실제 정정 지면은 아직 남겨 둔다.",L9398~L9578
52,52화,DCA-N03,N03·이노폰과 박진훈 축출,8,10,9,0.14,0.28,0.22,0.10,0.26,"정정기사 뒤 이노폰 국내 재고 30만 대가 팔리고 미국 30만·유럽 10만·한국 10만 주문이 붙는다. 박진훈 축출과 사장 추천까지 받은 뒤 김민재가 사장직이 아니라 지분을 요구해, 판매 절정이 곧 소유권 질문으로 꺾인다.",L9579~L9758
53,53화,DCA-N04,N04·태우전자 소유와 조선·애플 교환,6,10,7,0.13,0.17,0.28,0.14,0.28,"김태중의 지분 상속과 이사회 만장일치로 태우전자 사장 자리가 한꺼번에 지급되어 조손 승인과 지위 상승이 가장 무겁다. 후반의 현재그룹 자금난과 SAVE 차입 미끼는 이미 받은 경영권 다음에 붙는 새 위험일 뿐, 태우 지분 회수 결과까지 나아가지는 않는다.",L9759~L9940
54,54화,DCA-N04,N04·태우전자 소유와 조선·애플 교환,7,6,8,0.25,0.26,0.30,0.11,0.08,"공장 세 곳 전환과 불량품 교환을 지시한 뒤 사무직·연구원·개발팀 1,500명을 전수 검토한다. 실제 이동 규모는 아직 산정 단계라 조직 정보와 관계 체류가 앞선다.",L9941~L10126
55,55화,DCA-N04,N04·태우전자 소유와 조선·애플 교환,7,7,8,0.20,0.22,0.34,0.16,0.08,"산업스파이의 금전 흔적을 잡고 사무직 20퍼센트, 원문 표현 수백 명을 적성에 맞춰 옮긴다. 조사 결과가 실제 자리 이동으로 이어지지만 스파이 배후와 후속 처벌은 남는다.",L10127~L10326
56,56화,DCA-N04,N04·태우전자 소유와 조선·애플 교환,6,9,8,0.19,0.18,0.40,0.12,0.11,"웨일에서 모욕당한 다이먼에게 독립 금융회사와 전권을 내밀어 영입하고, 곧바로 애플 이사회에서 잡스 복귀 표를 모은다. SAVE의 3년 뒤 주가 보증이 이사들을 돌려세운 뒤 넥스트 인수금 5억 달러의 부담 주체가 미지급 질문으로 남는다.",L10327~L10491
57,57화,DCA-N04,N04·태우전자 소유와 조선·애플 교환,6,8,9,0.19,0.22,0.31,0.07,0.21,SAVE가 넥스트 인수금 5억 달러를 내고 미래 소프트웨어 권리를 챙기는 계약으로 잡스의 CEO 복귀를 결산한다. 귀국 뒤 다이먼이 태우중공업의 그룹 27퍼센트·김태중 개인 10퍼센트 지분을 훑는 후반은 축하보다 적대인수 설계에 빠르게 무게를 옮긴다.,L10492~L10663
58,58화,DCA-N04,N04·태우전자 소유와 조선·애플 교환,7,6,9,0.28,0.17,0.28,0.13,0.14,명동 13퍼센트와 현재그룹 구매력·태우 주식 교환을 설계해 지분 정보와 40퍼센트 인수전 준비가 앞선다.,L10664~L10840
59,59화,DCA-N04,N04·태우전자 소유와 조선·애플 교환,6,5,7,0.29,0.13,0.30,0.09,0.19,6개 은행과 지분 양도 가능성·10억 달러 예금 조건·다음 날 날인 일정을 맞추는 장면이다. 소유권 지급 전이라 협상 정보와 관계에 오래 머문다.,L10841~L11024
60,60화,DCA-N04,N04·태우전자 소유와 조선·애플 교환,6,8,8,0.18,0.26,0.31,0.08,0.17,"살만에게 표트르 대제의 검을 건네 아람코 협력의 온도를 올린 뒤, 아크만 명의로 태우 중소계열사 세 곳의 경영권을 실제 가져온다. 다이먼이 비리 자료를 지렛대로 제안하는 끝에서는 가족을 다치지 않게 하면서 남은 지분을 얻어야 한다는 제약이 승리감을 눌러 준다.",L11025~L11199
61,61화,DCA-N04,N04·태우전자 소유와 조선·애플 교환,8,7,8,0.22,0.22,0.20,0.07,0.29,아크만 36퍼센트 지분 우위와 사우디 5조 정유사 안을 동시에 내밀어 지분·사업 규모가 압박을 만든다.,L11200~L11399
62,62화,DCA-N04,N04·태우전자 소유와 조선·애플 교환,7,8,8,0.20,0.25,0.27,0.08,0.20,사우디 직인 계약서로 김태중을 설득해 태우조선 분리와 오강철 처리권을 얻어 협상·권력관계가 앞선다.,L11400~L11547
63,63화,DCA-N04,N04·태우전자 소유와 조선·애플 교환,6,7,7,0.28,0.18,0.15,0.06,0.33,다이먼이 태우조선을 1조2천억 원에 사들이며 부채와 태우전자의 이자절감 수치를 바로 계산한다. 인수금보다 숫자를 해부하는 속도가 빨라 새 자산이 그룹 현금흐름에 어떻게 꽂히는지가 선명해진다.,L11548~L11745
64,64화,DCA-N04,N04·태우전자 소유와 조선·애플 교환,7,5,8,0.27,0.21,0.34,0.12,0.06,애플 주식 교환·공동브랜드로 김태중의 검토 승인을 얻지만 오강철 파업이 떠 관계 협상과 훅이 강하다.,L11746~L11893
65,65화,DCA-N04,N04·태우전자 소유와 조선·애플 교환,8,6,8,0.18,0.36,0.25,0.08,0.13,하청비리를 검찰에 넘기고 현진·삼진·현재를 경쟁시켜 파업 진압과 입찰 행동에 오래 머문다.,L11894~L12073
66,66화,DCA-N04,N04·태우전자 소유와 조선·애플 교환,7,6,8,0.18,0.32,0.27,0.13,0.10,오강철·하청업체를 제거해 조선을 정리했지만 김태중이 휴대폰 매각을 거부해 행동 보상 뒤 관계 긴장이 남는다.,L12074~L12283
67,67화,DCA-N04,N04·태우전자 소유와 조선·애플 교환,8,5,9,0.23,0.25,0.36,0.12,0.04,김태중 허락 없이 주총 의결을 택하고 우호표를 모아 조손 감정보다 공식 권력관계 대결에 체류한다.,L12284~L12471
68,68화,DCA-N04,N04·태우전자 소유와 조선·애플 교환,9,8,7,0.16,0.27,0.29,0.10,0.18,국민연금·명동·은행 표를 합쳐 이사회에서 30대25를 만들고 김태중의 반대를 넘어선다. 표결 숫자가 김민재의 독립경영권으로 환전돼 조손 대립의 결론을 눈앞에서 보여 준다.,L12472~L12681
69,69화,DCA-N04,N04·태우전자 소유와 조선·애플 교환,5,8,7,0.17,0.29,0.20,0.08,0.26,슬라이드폰·TV·엠피맨 수상과 주문폭주가 연달아 터진 뒤 애플 인수안이 올라온다. 제품 승리의 환호를 길게 누리지 않고 훨씬 큰 소유권 질문으로 회차를 꺾는다.,L12682~L12849
70,70화,DCA-N04,N04·태우전자 소유와 조선·애플 교환,6,9,6,0.18,0.18,0.21,0.06,0.37,애플 10퍼센트 교환·공동로고와 구글 49퍼센트 매입이 이어져 계약 자산과 지배블록 지급이 절정이다.,L12850~L13024
71,71화,DCA-N04,N04·태우전자 소유와 조선·애플 교환,5,6,7,0.20,0.19,0.31,0.12,0.18,"500대도 못 판 엠피맨 뒤 황영철이 디지털케이스 지분 전량을 넘기겠다고 하고, 김민재는 직원 보너스용 50억 원을 당일 입금하겠다고 약속한다. 직원·황영철의 애플 재출발, MCA 지분 협상 출발, 기획실 이동 동의가 이어지지만 사장 임명·기획실 발령·MCA 지분 취득은 아직 전이라 보상은 합의와 담당 확정에 둔다.",L13025~L13225
72,72화,DCA-N05,N05·중국 자동차와 인터넷 외화 출구,6,6,7,0.31,0.19,0.29,0.07,0.14,사장급 본부장 자리에서 루마니아차의 중국 판매를 설계하다 쩡훙친의 숨겨진 아들을 읽어 낸다. 자동차 유통회의가 중국 권력층의 가족비밀을 쥔 인맥전으로 변한다.,L13226~L13417
73,73화,DCA-N05,N05·중국 자동차와 인터넷 외화 출구,6,7,8,0.20,0.21,0.41,0.09,0.09,중국 권력자의 아들 안전과 체면을 지켜 준 대가로 판매허가와 관세우대를 받는다. 이어 포드 합작을 꺼내 가족비밀에서 시작한 거래를 자동차 시장의 공식 조건으로 넓힌다.,L13418~L13604
74,74화,DCA-N05,N05·중국 자동차와 인터넷 외화 출구,5,6,7,0.34,0.20,0.18,0.05,0.23,포드 지위와 MCA 레코드로 음원구매·전기차·배터리 연구를 설계해 사업 정보와 자산 기반에 머문다.,L13605~L13786
75,75화,DCA-N05,N05·중국 자동차와 인터넷 외화 출구,6,8,7,0.18,0.24,0.30,0.06,0.22,중국 판매실적을 근거로 포드·태우·상하이차 합작을 체결한다. 앞서 쥔 허가와 관세우대가 공장·수출 계약으로 굳어져 중국 진입의 영수증이 된다.,L13787~L13971
76,76화,DCA-N05,N05·중국 자동차와 인터넷 외화 출구,5,7,7,0.32,0.18,0.24,0.06,0.20,합작 출범 뒤 전자상거래·HTS 보고서를 김태중에게 올려 계열사 인터넷 전환과 개발 승인을 받는다.,L13972~L14141
77,77화,DCA-N05,N05·중국 자동차와 인터넷 외화 출구,6,7,7,0.18,0.28,0.40,0.08,0.06,IT 인재와 자유출퇴근 팀을 만든 뒤 제프리가 낡은 보고·결재 구조를 30분 만에 뒤엎는다. 새 사람을 뽑는 데서 멈추지 않고 일하는 방식 자체가 즉시 바뀐다.,L14142~L14342
78,78화,DCA-N06,N06·외환위기 무부채와 사우디 정유,7,5,8,0.31,0.21,0.27,0.08,0.13,중국·미국 판매성과와 일본 차입위험을 김태중에게 한 표에서 대조한다. 가족 경영보고가 끝나자 조지가 태국 공격을 제안해 자동차 성장의 여운이 다시 환율전 경계로 꺾인다.,L14343~L14507
79,79화,DCA-N06,N06·외환위기 무부채와 사우디 정유,8,6,7,0.27,0.25,0.25,0.06,0.17,SAVE 150억 달러와 퀀텀 자금을 태국에 걸고 이선일의 한보 전 정리를 확인해 투자 행동·명동 관계가 균형을 이룬다.,L14508~L14696
80,80화,DCA-N06,N06·외환위기 무부채와 사우디 정유,8,6,7,0.38,0.18,0.29,0.11,0.04,대마불사 신화와 국가부도 가능성을 김태중에게 설명해 무리한 인수를 멈추고 야당 지원을 끌어낸다. 조손 설득이 국가위기 판단과 맞물려 돈을 쓰지 않는 결정 자체가 보상이 된다.,L14697~L14870
81,81화,DCA-N06,N06·외환위기 무부채와 사우디 정유,6,8,7,0.22,0.20,0.24,0.06,0.28,후원회장 펀드를 열 배로 키워 100억 원을 합법 수익처럼 지급하고 200억 달러를 현금화해 자금 보상이 크다.,L14871~L15040
82,82화,DCA-N06,N06·외환위기 무부채와 사우디 정유,5,7,7,0.28,0.16,0.34,0.12,0.10,"잡스와 냅스터를 먼저 띄우는 음원전략 논의는 비교적 짧고, 재계 총수들이 침묵한 김태중을 차기 전경련 회장으로 일제히 추대하는 반전이 후반을 차지한다. 정부 빅딜 창구가 될 가능성은 열리지만 당사자의 수락은 아직 들리지 않는다.",L15041~L15242
83,83화,DCA-N06,N06·외환위기 무부채와 사우디 정유,6,8,8,0.18,0.16,0.40,0.18,0.08,조선·휴대폰 매각대금 3조 원을 위기기업 인수금으로 돌리고 김태중의 지휘권을 되살린다. 자산매각의 상실감보다 살아난 총수가 다시 선택하는 장면이 외환위기 반전을 확인한다.,L15243~L15431
84,84화,DCA-N06,N06·외환위기 무부채와 사우디 정유,7,9,9,0.18,0.22,0.16,0.07,0.37,환율 정점에 100억 달러를 옮겨 모든 부채를 갚고 SS오일을 협상해 재무 지위 보상이 절정이다.,L15432~L15607
85,85화,DCA-N06,N06·외환위기 무부채와 사우디 정유,6,8,8,0.20,0.22,0.31,0.06,0.21,김태중이 압둘라에게서 6조 원 정유계약과 원유 공급을 받아낸다. 왕실 친분이 말뿐인 환대가 아니라 계약서와 물량으로 환전되는 회차다.,L15608~L15801
86,86화,DCA-N06,N06·외환위기 무부채와 사우디 정유,5,9,8,0.19,0.27,0.24,0.07,0.23,IMF 앞에서 무부채 신뢰를 얻는 동안 아이팟은 사흘 만에 완판되고 애플 주가는 두 배가 된다. 장부상의 생존과 매장 안 제품반응이 동시에 나타나 태우의 선택이 시장에서 검증된다.,L15802~L15983
87,87화,DCA-N07,N07·카이자동차 51%와 카를로스 곤 독립경영,6,6,8,0.27,0.24,0.27,0.06,0.16,다이먼을 불러 카이자동차 인수를 시작하고 베리뮤직 순위를 지시해 전략 정보·실행팀 관계가 균형을 이룬다.,L15984~L16165
88,88화,DCA-N07,N07·카이자동차 51%와 카를로스 곤 독립경영,7,8,9,0.17,0.25,0.24,0.06,0.28,현재자동차의 출자전환안과 맞붙은 채권단 회의에서 김태중이 달러 현금 3조5천억 원을 못 박는 순간이 협상의 봉우리다. 가장 강한 조건과 후계 신뢰는 얻었으나 카이자동차 지분 51퍼센트의 최종 이전은 다음 판단으로 남는다.,L16166~L16347
89,89화,DCA-N07,N07·카이자동차 51%와 카를로스 곤 독립경영,5,8,8,0.24,0.17,0.20,0.06,0.33,카이차 지분 51퍼센트를 인수하고 별도 브랜드·내부경쟁 원칙을 정해 소유권과 조직 설계가 앞선다.,L16348~L16547
90,90화,DCA-N07,N07·카이자동차 51%와 카를로스 곤 독립경영,5,8,7,0.19,0.18,0.42,0.11,0.10,카를로스 곤에게 전권을 주어 사장으로 세운 뒤 김태중에게 직접 소개한다. 세계급 경영자를 데려오는 결정과 새 총수의 승인이 한 자리에서 맞물린다.,L16548~L16721
91,91화,DCA-N07B,N07B·CL 카드·백화점과 통신·배터리 빅딜,6,5,7,0.29,0.20,0.38,0.08,0.05,고연진에게 장녀 승계를 부추기고 아이돌 팬덤 후원을 지시해 CL 내부 관계 조작과 시장 정보가 길다.,L16722~L16900
92,92화,DCA-N07B,N07B·CL 카드·백화점과 통신·배터리 빅딜,6,7,7,0.25,0.28,0.22,0.06,0.19,백화점·카드와 배터리·통신 교환을 설계하고 30초 광고로 가입을 폭주시켜 거래 행동과 현금 유입이 앞선다.,L16901~L17076
93,93화,DCA-N07B,N07B·CL 카드·백화점과 통신·배터리 빅딜,6,8,7,0.17,0.27,0.26,0.06,0.24,애국펀드 3조 원을 만든 뒤 일부러 매각설을 흘려 CL이 먼저 협상장에 오게 한다. 현금을 쌓는 준비가 상대의 방문과 조건 제시로 바뀌면서 인수전의 주도권을 잡는다.,L17077~L17271
94,94화,DCA-N07B,N07B·CL 카드·백화점과 통신·배터리 빅딜,6,8,8,0.23,0.21,0.34,0.06,0.16,고승택에게 카드·백화점과 통신·배터리를 맞바꾸고 현재그룹을 견제할 이익까지 제시한다. 계열사 목록을 주고받는 대화가 서로의 적을 이용하는 재벌 동맹으로 굳어진다.,L17272~L17445
95,95화,DCA-N07B,N07B·CL 카드·백화점과 통신·배터리 빅딜,5,7,5,0.20,0.18,0.27,0.06,0.29,스타벅스 50대50 독점권을 닫은 뒤 태우전자 성장과 태우건설 부진을 같은 표에서 결산한다. 유통권 획득의 단맛을 계열사 격차가 바로 눌러 다음 구조조정 질문을 남긴다.,L17446~L17615
96,96화,DCA-N07C,N07C·9호선·거가대교 40년 민자 운영권,6,5,8,0.35,0.18,0.20,0.06,0.21,장수영의 자금 부족 설명에서 출발해 SAVE와 퀀텀이 공사비 7퍼센트를 내고 장기 운영권을 노리는 민자 구조를 한 항목씩 맞춘다. 월가의 퀀텀 이름을 방패로 세우는 계산까지만 나오며 어떤 인프라 사업을 맡을지는 다음 화 협상에서 정해진다.,L17616~L17784
97,97화,DCA-N07C,N07C·9호선·거가대교 40년 민자 운영권,6,8,7,0.17,0.28,0.18,0.06,0.31,"조지가 퀀텀 이름·지분 7% 참여를 수락한 뒤 정부와 9호선 3조5천억 원, 컨소시엄 9천억 원, 30년 MRG·요금결정·운영 계약에 실제 날인한다. 태우건설 주 시공·9호선 확장 변경과 거가대교 1조9천억 원 전액투자·40년 운영은 이제 협상할 안이므로 두 사업을 함께 수주한 보상으로 올리지 않는다.",L17785~L17953
98,98화,DCA-N08,N08·태우통신 HTS·게임 플랫폼,5,8,5,0.25,0.19,0.30,0.06,0.20,건설 수주를 사장단에 공개하고 한 달 만에 통신 3사를 합병해 조직 관계와 시장 지위가 앞선다.,L17954~L18127
99,99화,DCA-N08,N08·태우통신 HTS·게임 플랫폼,5,7,7,0.28,0.23,0.18,0.05,0.26,밸캐나다 전환사채를 확보하고 HTS를 완성해 기술·지분 정보와 다음 게임 유통 자산에 체류한다.,L18128~L18314
100,100화,DCA-N08,N08·태우통신 HTS·게임 플랫폼,6,8,8,0.24,0.24,0.24,0.05,0.23,MC소프트에 100억 원을 투자하고 5천 게임 ESD를 출시해 계약·플랫폼 행동·독점 자산이 균형을 이룬다.,L18315~L18491
101,101화,DCA-N08,N08·태우통신 HTS·게임 플랫폼,6,7,8,0.18,0.21,0.29,0.18,0.14,게임 쿠폰·가입자 보상 뒤 이선일 장례에서 이영한을 만나므로 관계·감정이 솟고 후반 브리지 훅이 가장 높다.,L18492~L18661
102,102화,DCA-N09,N09·이선일 죽음과 이영한 명동 후계,6,5,7,0.34,0.26,0.27,0.08,0.05,일본계 자금과 이영한 주변을 추적하도록 강 반장을 별도로 움직인다. 공식 조직 밖에서 신뢰할 사람 한 명에게 정보선을 맡기는 조용한 준비가 이후 충돌의 토대를 만든다.,L18662~L18838
103,103화,DCA-N09,N09·이선일 죽음과 이영한 명동 후계,7,5,8,0.43,0.16,0.19,0.13,0.09,도주 의사와 사망 직전 100억 원대 상속을 추적하며 곰 죽음의 의혹 정보에 오래 머문다.,L18839~L19009
104,104화,DCA-N09,N09·이선일 죽음과 이영한 명동 후계,8,6,9,0.36,0.25,0.24,0.10,0.05,의사 진술로 박광도의 강요와 박 팀 배신을 한꺼번에 확인해 폭로 정보와 추적 긴장이 높다.,L19010~L19211
105,105화,DCA-N09,N09·이선일 죽음과 이영한 명동 후계,7,7,6,0.23,0.19,0.38,0.10,0.10,이영한의 오만이 위장이었다는 속내를 듣고 10조 원 금리전을 맡긴다. 시험하던 관계가 실제 자금을 움직이는 후계 동맹으로 바뀌어 명동 승계의 무게가 생긴다.,L19212~L19368
106,106화,DCA-N09,N09·이선일 죽음과 이영한 명동 후계,5,6,6,0.37,0.19,0.24,0.05,0.15,명동을 다이먼에게 맡긴 뒤 셋톱박스·IPTV·OTT·영화유통을 한 화면에 놓는다. 서비스 하나를 고르는 대신 콘텐츠가 안방까지 흐르는 통로 전체를 설계하는 데 시간을 쓴다.,L19369~L19527
107,107화,DCA-N09,N09·이선일 죽음과 이영한 명동 후계,5,8,5,0.22,0.18,0.18,0.04,0.38,고평가 IT 주식으로 블리자드 100퍼센트와 아이폰 특허 100건 이상을 사 자산 보상이 회차를 이끈다.,L19528~L19714
108,108화,DCA-N09,N09·이선일 죽음과 이영한 명동 후계,8,5,8,0.33,0.27,0.26,0.10,0.04,이준수 일당의 야쿠자 동원을 포착하자 경호원 200명을 즉시 배치한다. 위협의 실체를 읽는 순간 인원과 위치가 움직여 정보전이 물리적 방어로 전환된다.,L19715~L19880
109,109화,DCA-N09,N09·이선일 죽음과 이영한 명동 후계,9,7,8,0.18,0.39,0.27,0.10,0.06,경찰·검찰·특수부대·국세청을 동시에 움직여 오성파 재산을 치고 명동 원로 셋을 끌어들인다. 여러 기관과 세대가 한 시각에 움직여 사채판의 세력교체를 실행한다.,L19881~L20080
110,110화,DCA-N09,N09·이선일 죽음과 이영한 명동 후계,9,8,9,0.15,0.34,0.32,0.13,0.06,야쿠자 습격을 버틴 이영한을 원로 앞에 세워 공식 후계 승인을 받아 행동·관계 보상이 절정이다.,L20081~L20250
111,111화,DCA-N09,N09·이선일 죽음과 이영한 명동 후계,6,8,6,0.19,0.22,0.29,0.08,0.22,이영한의 명동 70퍼센트 장악과 e스포츠 협회 출범이 약속 결산·플랫폼 확장을 함께 지급한다.,L20251~L20420
112,112화,DCA-N10,N10·통신 카르텔과 강민 교육 역전,5,7,5,0.29,0.17,0.17,0.05,0.32,KS보다 5퍼센트 앞선 통신 1위와 태우IT 가치를 반도체·배터리 투자재원으로 묶는다. 순위 자랑보다 번 돈을 다음 산업의 체력으로 돌리는 계산이 회차를 채운다.,L20421~L20584
113,113화,DCA-N10,N10·통신 카르텔과 강민 교육 역전,6,6,9,0.27,0.20,0.37,0.07,0.09,엔화·금리 양면 공격을 정하고 모델하우스에서 트럼프를 맞아 금융 전략과 새 인맥 관계가 앞선다.,L20585~L20769
114,114화,DCA-N10,N10·통신 카르텔과 강민 교육 역전,7,6,8,0.29,0.29,0.20,0.08,0.14,셋톱박스·인터넷TV를 무료 보급하고 LCD 공급을 나누자 관료·통신사가 규제를 모의해 정보와 실행 압박이 높다.,L20770~L20949
115,115화,DCA-N10,N10·통신 카르텔과 강민 교육 역전,7,7,6,0.20,0.29,0.33,0.09,0.09,유해론 시위에 강민 영입과 저가 강의로 맞선다. 거리의 비난을 교육상품과 새 강사의 얼굴로 되받아 여론전의 방향을 바꾼다.,L20950~L21122
116,116화,DCA-N10,N10·통신 카르텔과 강민 교육 역전,5,8,5,0.24,0.18,0.15,0.05,0.38,온라인 강의를 수익사업으로 만들면서 대부업 파생상품에서 400억~800억 달러를 회수할 가능성을 점검한다. 작은 교육사업의 현금흐름과 훨씬 큰 금융판이 한 자리에서 연결된다.,L21123~L21297
117,117화,DCA-N11,N11·35대3 부회장·푸틴·장수영 축출,5,5,6,0.34,0.12,0.31,0.16,0.07,김태중의 결혼 압박과 현 그룹 여섯 아들 분할을 함께 분석해 가족 관계·승계 정보에 머문다.,L21298~L21474
118,118화,DCA-N11,N11·35대3 부회장·푸틴·장수영 축출,6,7,6,0.24,0.19,0.38,0.06,0.13,장경준·장영준과 선총수·현건설·반도체를 맞바꾸는 계약을 맺는다. 후계자끼리의 대화가 각 가문의 지배권과 산업자산을 교환하는 동맹으로 굳어진다.,L21475~L21647
119,119화,DCA-N11,N11·35대3 부회장·푸틴·장수영 축출,5,6,7,0.36,0.17,0.17,0.04,0.26,현 반도체 인수 준비와 40~50퍼센트 급락한 IT 종목 재매수 시점을 잡아 시장 정보·자산 판단이 앞선다.,L21648~L21825
120,120화,DCA-N11,N11·35대3 부회장·푸틴·장수영 축출,7,8,6,0.20,0.27,0.19,0.05,0.29,일본계 자산 압류와 IT 지분 재매수·파생 1.5배 재판매를 병행해 금융 행동과 자산 보상이 높다.,L21826~L22000
121,121화,DCA-N11,N11·35대3 부회장·푸틴·장수영 축출,6,7,5,0.23,0.22,0.26,0.07,0.22,아이폰 시제품·푸틴 초청 뒤 사장단 35대3 표결을 받아 기술 기대와 공식 지위가 함께 상승한다.,L22001~L22200
122,122화,DCA-N11,N11·35대3 부회장·푸틴·장수영 축출,6,8,9,0.18,0.18,0.39,0.10,0.15,90퍼센트 지지로 부회장이 된 직후 푸틴의 다차에 들어간다. 그룹 안 승진의 여운이 가시기도 전에 국가 최고권력과 마주해 지위 상승의 체감이 커진다.,L22201~L22405
123,123화,DCA-N11,N11·35대3 부회장·푸틴·장수영 축출,7,8,8,0.31,0.17,0.31,0.06,0.15,올리가르히 해체 지원 범위와 한국 에너지 권리를 교섭해 자원 조건과 푸틴 동맹에 오래 머문다.,L22406~L22595
124,124화,DCA-N11,N11·35대3 부회장·푸틴·장수영 축출,7,8,6,0.16,0.26,0.32,0.19,0.07,푸틴 취임식과 러시아 자원·현지공장 성과를 김태중에게 보고한 뒤 장수영 인사 문제로 조손 대화가 무거워진다. 김태중은 직접 결판내라고 보호를 거둘 뿐 사표 제출이나 해임은 아직 실행되지 않아 성과보다 관계 비용이 길게 남는다.,L22596~L22793
125,125화,DCA-N12,N12·현재건설 부도에서 태우반도체 인수·아이폰 수요,6,6,7,0.39,0.14,0.25,0.05,0.17,디아블로2 실적을 확인한 뒤 장경준에게 미수금 1조 원·손실 2조 원·10월 부도 전망을 펼친다. 게임 성과의 경쾌함을 건설사의 시한부 장부가 단숨에 걷어 낸다.,L22794~L22969
126,126화,DCA-N12,N12·현재건설 부도에서 태우반도체 인수·아이폰 수요,7,6,7,0.29,0.23,0.29,0.05,0.14,명동 원로에게 애플을 모으게 하고 은행 기회를 약속한 뒤 현 건설 첫 부도를 압박해 정보·동맹이 균형을 이룬다.,L22970~L23156
127,127화,DCA-N12,N12·현재건설 부도에서 태우반도체 인수·아이폰 수요,8,7,6,0.25,0.25,0.20,0.05,0.25,SAVE 달러채권으로 현 건설 생사를 쥐고 최고가 매각·반도체 계약을 강제해 금융 권력과 실행 압박이 높다.,L23157~L23305
128,128화,DCA-N12,N12·현재건설 부도에서 태우반도체 인수·아이폰 수요,7,6,7,0.23,0.22,0.39,0.10,0.06,장영주가 다른 총수들에게 입찰 포기를 호소하고 김태중에게 살려 달라고 청한다. 한때 우위였던 재벌가가 선택권을 잃고 태우의 판단을 기다리는 장면이 권력역전을 보여 준다.,L23306~L23477
129,129화,DCA-N12,N12·현재건설 부도에서 태우반도체 인수·아이폰 수요,6,5,7,0.36,0.17,0.25,0.04,0.18,"장영주의 반도체 요청에 즉답하지 않은 채 현 건설 거래, 태우 주식 매입·소각, 김태중의 상속 원칙을 한 자금판에 배치한다. IT 버블로 80퍼센트 가까이 빠진 퀄컴을 언제 얼마나 살지가 마지막에 붙어 협상 회차를 저점매수 준비로 전환한다.",L23478~L23644
130,130화,DCA-N12,N12·현재건설 부도에서 태우반도체 인수·아이폰 수요,6,7,7,0.27,0.19,0.30,0.05,0.19,부시에게 100억 달러 공장을 약속하고 잡스에게 독점 공급을 제시해 정치·수요처 관계와 투자 규모가 크다.,L23645~L23831
131,131화,DCA-N12,N12·현재건설 부도에서 태우반도체 인수·아이폰 수요,7,8,7,0.26,0.20,0.20,0.05,0.29,아이폰 일정의 조급함을 감춘 채 현 반도체 부채 65퍼센트 탕감을 받아 금융 조건 보상이 높다.,L23832~L24029
132,132화,DCA-N12,N12·현재건설 부도에서 태우반도체 인수·아이폰 수요,6,8,8,0.22,0.21,0.31,0.05,0.21,11월 21일 현 반도체 인수를 공식화하고 유석재를 책임자로 세우는 조직 출범이 먼저 지급된다. 김태중이 인수 거부까지 거론하며 청와대에 흑자 전 세금 감면을 요구하는 후반은 확정된 지휘선 위에 아직 미결인 정책 혜택을 얹는다.,L24030~L24220
133,133화,DCA-N12,N12·현재건설 부도에서 태우반도체 인수·아이폰 수요,5,6,6,0.22,0.14,0.38,0.08,0.18,낮은 주가를 이용한 상속 절차가 거의 끝나 가고 유석재·웨이 공동 부사장 임명 계획이 공개된다. 실제 명의이전과 인사는 남은 상태에서 김태중이 자기 업무까지 넘기려 하자 민재가 은퇴 가능성을 붙드는 가족 장면으로 닫힌다.,L24221~L24408
134,134화,DCA-N12,N12·현재건설 부도에서 태우반도체 인수·아이폰 수요,5,9,6,0.16,0.30,0.20,0.08,0.26,CES 공개와 300만 대 대기 수요·애플 주가 반등이 한꺼번에 터져 제품 행동과 시장 보상이 솟는다.,L24409~L24613
135,135화,DCA-N13,N13·윤현길 미끼와 김태중 무혐의 보호,5,6,7,0.27,0.17,0.38,0.05,0.13,부시의 공장 약속을 고정하고 쩡홍친을 만나러 가며 미·중 최고위 관계 관리에 오래 머문다.,L24614~L24799
136,136화,DCA-N13,N13·윤현길 미끼와 김태중 무혐의 보호,5,8,7,0.27,0.23,0.28,0.04,0.18,중국차 성장 확인 뒤 마화명과 51퍼센트 합작을 만들고 게임을 주문해 계약 관계와 모바일 선점이 크다.,L24800~L24980
137,137화,DCA-N13,N13·윤현길 미끼와 김태중 무혐의 보호,8,5,10,0.33,0.25,0.25,0.13,0.04,게임 투자 이야기가 이어지다 윤현길 수사와 김태중 구속 위험이 끼어든다. 성장사업을 보던 시선이 가족과 그룹을 지킬 역공 시한표로 급히 돌아선다.,L24981~L25166
138,138화,DCA-N13,N13·윤현길 미끼와 김태중 무혐의 보호,7,6,8,0.37,0.17,0.31,0.08,0.07,장영주 장례식에 모인 푸틴과 중국·미국 인맥에게서 윤현길 비리 자료가 차례로 들어오며 외교 관계가 증거 묶음으로 바뀐다. 가장 약한 건 하나만 언론에 흘린 뒤 상대 반응을 기다리는 절제가 전면 폭로보다 긴장을 오래 붙든다.,L25167~L25375
139,139화,DCA-N13,N13·윤현길 미끼와 김태중 무혐의 보호,8,6,7,0.27,0.29,0.33,0.07,0.04,사진·영상·장부를 차례로 내밀어 윤현길 측근을 떼어 내고 장영준 메모를 장경준에게 보여 준다. 증거가 사람의 충성을 실제로 바꾸며 복수작전이 내부 붕괴 단계로 들어간다.,L25376~L25549
140,140화,DCA-N13,N13·윤현길 미끼와 김태중 무혐의 보호,7,5,7,0.24,0.21,0.42,0.09,0.04,"장경준과 오해를 풀고, 축출된 장수영에게 희생양 역할을 거부하게 만든다. 배신자로 몰린 사람이 오히려 민재를 지키는 선택을 하며 관계의 방향이 뒤집힌다.",L25550~L25727
141,141화,DCA-N13,N13·윤현길 미끼와 김태중 무혐의 보호,8,9,7,0.20,0.28,0.30,0.10,0.12,태우 무혐의를 확인하고 국제 비리 자료로 윤현길을 항복시켜 가족 보호·정치 복수 보상이 절정이다.,L25728~L25921
142,142화,DCA-N13,N13·윤현길 미끼와 김태중 무혐의 보호,6,7,7,0.19,0.17,0.41,0.17,0.06,윤현길을 미끼로 묶은 뒤 은퇴하려는 김태중에게 베트남 체류를 허용한다. 총수권 싸움의 날선 계산 끝에 조손이 서로의 퇴로를 인정하는 감정이 남는다.,L25922~L26107
143,143화,DCA-N14,N14·WIPI 통상압력과 부품 분열,7,5,7,0.38,0.23,0.25,0.07,0.07,통신사·방송위원회 카르텔과의 직접 해법이 막히자 데이비드를 미국으로 보내 외부 통상 압박을 찾게 한다. 구체 법·조치는 밝히지 않은 채 자신도 카르텔을 갖췄다는 마지막 독백으로 국내 협상 실패를 국외 반격 준비로 바꾼다.,L26108~L26283
144,144화,DCA-N14,N14·WIPI 통상압력과 부품 분열,8,8,8,0.26,0.31,0.25,0.06,0.12,"아이폰 흥행과 슈퍼 301조 압박, 한미 공동성명을 한꺼번에 가동해 방송위원회의 철회 지시를 받아낸다. 국내 규제를 해외 통상카드로 되받아 판매길을 공식적으로 연다.",L26284~L26459
145,145화,DCA-N14,N14·WIPI 통상압력과 부품 분열,7,6,7,0.24,0.29,0.37,0.05,0.05,"장경준의 정치망과 300만 대 부품계약, 일본 대체압박을 이용해 삼진과 CL 내부 이해를 갈라놓는다. 같은 편이던 기업들이 서로 다른 손익표를 보며 흔들려 다음 계약의 틈이 생긴다.",L26460~L26621
146,146화,DCA-N14,N14·WIPI 통상압력과 부품 분열,6,8,7,0.20,0.25,0.26,0.06,0.23,"삼진의 WIPI 철회와 방송위원회 연기로 판매가 열리자 첫 반나절 2만 대가 팔리고 3만 명 넘게 예약해 초기 10만 대가 부족해진다. 김민재는 높은 단가를 감수한 태우전자 국내 생산 협의를 지시하지만 생산·추가물량은 아직 없어, 규제 해제와 실제 판매까지만 지급한다.",L26622~L26781
147,147화,DCA-N15,N15·아이폰·애플AI·아마존 로봇 계약,5,8,6,0.18,0.31,0.18,0.07,0.26,아이폰 10만 대가 일주일 만에 팔리자 500곳 와이파이·충전망을 깐다. 판매 숫자가 즉시 거리의 인프라 행동으로 이어져 다음 수요를 스스로 만드는 속도가 난다.,L26782~L26941
148,148화,DCA-N15,N15·아이폰·애플AI·아마존 로봇 계약,5,8,7,0.25,0.16,0.29,0.05,0.25,전자 주가 회복을 확인하고 잡스와 AI 비용·지분을 절반씩 나눠 기술 정보·동맹·지분이 균형을 이룬다.,L26942~L27105
149,149화,DCA-N15,N15·아이폰·애플AI·아마존 로봇 계약,5,6,7,0.35,0.20,0.27,0.04,0.14,"스티브와 아이패드 개념을 나누고 애플·태우 TV의 70대30 계약을 닫는 첫 협상 뒤, 제프리의 아마존 인건비 문제로 자리가 바뀐다. 전자 콘텐츠의 지급을 받은 직후 로봇 공장이라는 새 제안만 꺼내므로 후반은 성과보다 파트너 탐색의 박자로 읽힌다.",L27106~L27278
150,150화,DCA-N15,N15·아이폰·애플AI·아마존 로봇 계약,6,7,7,0.22,0.23,0.27,0.05,0.23,아마존과 로봇·스마트팩토리 공동개발을 체결한 다음 데이비드에게 8월 전 세계무역센터 장기임차를 알아보게 한다. 귀국해 기존 로봇 팔과 무인공장의 격차를 두 자동차 사장에게 보여 주는 끝은 계약 두 건을 자랑하기보다 현장 협력을 요구하는 쪽에 힘을 싣는다.,L27279~L27463
151,151화,DCA-N15B,N15B·WTC 99년 임차와 9·11 생존·미국 방패,7,6,10,0.27,0.34,0.18,0.10,0.11,"보험, 전면 리모델링, 입주자 비우기와 구조장비 배치를 차례로 점검한다. 세계무역센터의 위험을 아는 독자에게 준비항목 하나하나가 카운트다운처럼 작동한다.",L27464~L27639
152,152화,DCA-N15B,N15B·WTC 99년 임차와 9·11 생존·미국 방패,9,9,6,0.14,0.39,0.16,0.22,0.09,9·11 직후 크레인·구조대를 투입해 건물 내부 사망을 막고 붕괴를 통제해 행동·생존 감정이 최고점이다.,L27640~L27823
153,153화,DCA-N15B,N15B·WTC 99년 임차와 9·11 생존·미국 방패,6,8,7,0.26,0.16,0.39,0.05,0.14,토론토대의 제임스 힌톤을 영입한 뒤 미국 식당에서 조지 슐츠와 반덤핑 예외·SAVE 보호를 맞바꾼다. 연구인재 확보와 미국 정치거래가 연속해 김민재의 활동반경을 넓힌다.,L27824~L28005
154,154화,DCA-N16,N16·세이월드 대신 SNS·메신저·숏폼 창업자 계약,5,8,5,0.25,0.13,0.25,0.11,0.26,"김태중의 회장직 제안·결혼 최후통첩 뒤 백악관 명예시민권과 태우차 반덤핑 재량, 아이폰 40만 대, 조너선의 애플-태우 TV 참여, 추석 200~300% 상여금 지시가 연속 지급된다. 세이월드는 마지막에 대표 약속을 알아보라는 한 줄로만 열리므로 이 회차의 무게는 SNS 예고보다 가족승계·미국방패·제품·직원 보상에 있다.",L28006~L28171
155,155화,DCA-N16,N16·세이월드 대신 SNS·메신저·숏폼 창업자 계약,7,5,6,0.31,0.25,0.31,0.09,0.04,70억 원 계약과 박동희 강압을 확인하고 독자 SNS로 계약을 독으로 만들겠다고 선언해 정보·관계·행동이 팽팽하다.,L28172~L28345
156,156화,DCA-N16,N16·세이월드 대신 SNS·메신저·숏폼 창업자 계약,6,6,6,0.30,0.23,0.24,0.07,0.16,"전반은 태우IT 약 100명이 미니홈피·일촌·미래 SNS 기능을 나눠 맡고 재택·조건부 안식년 당근을 받는 제작회의다. 후반은 다이먼과 초저금리 자금·미국 부동산 파생상품의 5년 시계, 카드광고와 학생발급 과열을 읽어 금융전 씨앗을 심으므로 조직관계만 과대평가하지 않고 정보·행동·물질위험을 함께 둔다.",L28346~L28515
157,157화,DCA-N16,N16·세이월드 대신 SNS·메신저·숏폼 창업자 계약,6,5,7,0.24,0.17,0.43,0.05,0.11,다이먼에게 CL카드 인수를 맡기고 데이비드에게 마크 지분 30퍼센트 제안을 전달하게 한 뒤 오희건과 스마트폰 특허 협상을 시작한다. 지시와 협상판만 열린 회차라 투자·특허 계약을 지급처럼 소비하지 않고 세 상대의 답을 기다린다.,L28516~L28676
158,158화,DCA-N16,N16·세이월드 대신 SNS·메신저·숏폼 창업자 계약,5,7,7,0.32,0.16,0.29,0.04,0.19,"삼진 스마트폰 기본탑재와 특허료를 조정하고, 다이먼에게 CL카드·외환은행을 검토시킨 뒤 임재범에게 합작을 제안한다. 돈과 회사를 모두 대겠다는 말과 스티브에 빗댄 인정이 임재범의 대답을 붙들어 세 협상 중 마지막 사람의 선택이 오래 남는다.",L28677~L28838
159,159화,DCA-N16,N16·세이월드 대신 SNS·메신저·숏폼 창업자 계약,5,8,6,0.22,0.17,0.44,0.05,0.12,임재범과 서문영에게 지분과 50억 원을 내밀어 메신저·숏폼 개발을 맡긴다. 아이디어만 있던 서비스가 두 개발자와 소유조건을 얻어 실제 팀으로 출발한다.,L28839~L29001
160,160화,DCA-N16B,N16B·CL카드·태우카드·외환은행 회수,7,5,8,0.32,0.30,0.24,0.05,0.09,박만덕과 이영한 앞에서 CL카드 채권과 10조 원대 유동성 구멍을 펼쳐 놓고 대출 차단·채권 유통 중단·부실 발급 가속을 역할별로 나눈다. 명동의 공조 약속은 확보되지만 이영한이 예고한 불법 수단의 실제 충격은 보여 주지 않아 실행 직전의 날을 세운다.,L29002~L29175
161,161화,DCA-N16B,N16B·CL카드·태우카드·외환은행 회수,8,7,7,0.23,0.27,0.31,0.06,0.13,현금서비스 중단 뒤 2조 원·부채 조건과 정부 탕감을 협상해 채권단 관계와 인수 행동이 앞선다.,L29176~L29348
162,162화,DCA-N16B,N16B·CL카드·태우카드·외환은행 회수,7,7,6,0.27,0.24,0.19,0.05,0.25,CL카드를 인수한 뒤 숨은 부실 2조 원과 카드채 20조 원을 태우증권·추심망으로 버틴다. 인수의 환호보다 장부를 해부하고 자금구멍을 막는 시간이 길어 금융회사를 떠안은 대가를 보여 준다.,L29349~L29514
163,163화,DCA-N16B,N16B·CL카드·태우카드·외환은행 회수,5,6,7,0.28,0.20,0.27,0.06,0.19,불법 정치자금은 끊고 대표팀·히딩크·선수 광고권은 미리 잠근다. 돈이 새는 구멍을 막는 조치와 월드컵 브랜드 선점이 같은 계약표에서 대비된다.,L29515~L29678
164,164화,DCA-N16B,N16B·CL카드·태우카드·외환은행 회수,8,6,6,0.29,0.31,0.22,0.07,0.11,이일석의 BIS 조작 증언이 감사원·청와대 수사로 올라가 론스타 우선매각판을 흔든 뒤 CES의 아이패드·아이폰S 공개를 지켜본다. 외환은행 매각은 아직 깨지거나 재계약되지 않았고 마지막 공동제품이 무대 뒤에 남아 있다.,L29679~L29858
165,165화,DCA-N16B,N16B·CL카드·태우카드·외환은행 회수,6,7,7,0.18,0.27,0.34,0.05,0.16,CES 공동제품 공개와 이수현 회유를 병행해 발표 행동과 외환은행 내부 관계가 앞선다.,L29859~L30047
166,166화,DCA-N16B,N16B·CL카드·태우카드·외환은행 회수,7,7,6,0.16,0.25,0.22,0.06,0.31,론스타의 부적격과 외환은행 재입찰 가능성을 확인하고 다이먼에게 1조5천억 원 제안과 태우 계열사 주거래 지원을 준비시킨다. 뒤의 애플·태우 TV 판매 반등은 확인되지만 외환은행 계약·소유권은 아직 없어 보상은 인수 우위에 한정된다.,L30048~L30224
167,167화,DCA-N17,N17·천민정 보호와 비트코인·AI·SNS 실전배치,7,5,7,0.26,0.29,0.30,0.11,0.04,5만여 지원서를 다시 훑어 A급 다섯 명을 인턴으로 넣고 프로그래밍·알고리즘 두 항목 S급인 천민정을 찾아 술집에서 처음 마주한다. 악수와 대면만 성립했으므로 구조·특채·입사수락은 다음 회차의 관계 과제다.,L30225~L30423
168,168화,DCA-N17,N17·천민정 보호와 비트코인·AI·SNS 실전배치,8,5,7,0.16,0.32,0.34,0.13,0.05,"천민정에게 연봉·복지·법률 보호를 제시하고 강 대위에게 정호영 일가 감시를 맡긴 뒤, 정신수에게 차장검사 승진과 아들 유학을 맞바꿀 거래를 건다. 보호판은 구체화됐지만 상대 수락과 실제 출국은 아직 일어나지 않는다.",L30424~L30612
169,169화,DCA-N17,N17·천민정 보호와 비트코인·AI·SNS 실전배치,5,7,7,0.36,0.19,0.33,0.05,0.07,천민정과 암호학자들에게 채굴·분산장부 구조를 설명하고 극비팀을 시작한다. 낯선 기술설명이 사람과 보안조직을 얻으면서 비트코인 구상이 연구실 안 실제 과제로 내려온다.,L30613~L30819
170,170화,DCA-N17,N17·천민정 보호와 비트코인·AI·SNS 실전배치,6,8,6,0.17,0.35,0.19,0.19,0.10,"대표팀 승리와 실시간 광고, 붉은 응원단의 함성이 연달아 터진다. 경기 결과와 전국의 거리반응이 한꺼번에 돌아와 앞서 선점한 광고권의 가치를 현장에서 확인한다.",L30820~L31015
171,171화,DCA-N17,N17·천민정 보호와 비트코인·AI·SNS 실전배치,5,8,6,0.15,0.18,0.34,0.22,0.11,4강 광고를 결산한 뒤 천민정 부친의 사채를 정리해 준다. 국가적 축제의 소음이 가족 빚을 조용히 없애는 장면으로 가라앉아 회사가 개인의 안전망이 되는 순간을 남긴다.,L31016~L31200
172,172화,DCA-N17,N17·천민정 보호와 비트코인·AI·SNS 실전배치,5,6,6,0.36,0.19,0.32,0.05,0.08,천민정을 힌톤 연구에 붙인 뒤 밤샘 통화로 이용자 데이터 기반 맞춤광고와 댓글 푸시 알림 아이디어를 구체화한다. 두 제품 후보와 협업 관계는 얻었지만 알고리즘 구현·배포·매출은 전혀 지급되지 않았다.,L31201~L31388
173,173화,DCA-N17,N17·천민정 보호와 비트코인·AI·SNS 실전배치,6,5,7,0.22,0.28,0.38,0.08,0.04,"서정준에게 태우증권 지분 인수와 옹호 계약을 제안해 한 달의 숙고 시간을 주고, 안상수 동조 임원 명단과 베트남 전보안을 준비시킨다. 사람을 실제 옮기거나 서정준을 영입하지 않은 채 제안과 인사설계만 열린다.",L31389~L31569
174,174화,DCA-N17,N17·천민정 보호와 비트코인·AI·SNS 실전배치,4,7,7,0.17,0.13,0.42,0.24,0.04,천민정에게 열애설 상대가 자신임을 밝혀 불안을 풀고 코코아톡 금융안을 받아 관계·감정 체류가 가장 길다.,L31570~L31756
175,175화,DCA-N17,N17·천민정 보호와 비트코인·AI·SNS 실전배치,5,7,7,0.34,0.20,0.22,0.05,0.19,페이스북·코코아톡 무료 출시와 5천억~1조 원 데이터센터 입지를 설계해 플랫폼 정보·실물 규모가 앞선다.,L31757~L31915
176,176화,DCA-N17,N17·천민정 보호와 비트코인·AI·SNS 실전배치,6,10,8,0.15,0.26,0.40,0.11,0.08,서광수와 핵심 직원을 페이스북으로 되찾아 박동희 강탈을 독으로 만들므로 관계 회수와 복수 보상이 절정이다.,L31916~L32080
177,177화,DCA-N18,N18·가족 허락과 페이팔·머스크 기술방패,4,8,6,0.14,0.11,0.43,0.27,0.05,김태중은 천민정의 배경을 따지지 않고 손자 곁에 있는 사람으로 받아들인다. 사업보고가 아니라 가족 식탁의 허락이 지급되며 천민정과 조손 사이의 거리가 눈에 띄게 줄어든다.,L32081~L32276
178,178화,DCA-N18,N18·가족 허락과 페이팔·머스크 기술방패,6,8,7,0.23,0.19,0.37,0.05,0.16,20억 달러로 페이팔을 사고 머스크를 직접 만나 전기차·에너지·우주 동맹을 연다. 회사 인수 직후 창업자의 다음 야심까지 붙잡아 하나의 자산이 장기 파트너십으로 커진다.,L32277~L32455
179,179화,DCA-N18,N18·가족 허락과 페이팔·머스크 기술방패,6,7,7,0.28,0.17,0.28,0.04,0.23,머스크에게 100억 달러 장기 투자를 약속하고 페이팔을 코코아톡 은행과 결합해 금융 구조·자산이 앞선다.,L32456~L32617
180,180화,DCA-N18,N18·가족 허락과 페이팔·머스크 기술방패,5,7,7,0.42,0.14,0.27,0.05,0.12,"대선 출구조사 뒤 천민정이 아이폰에서 영어 90% 이상·한국어 80% 이상·평균 75% 이상의 음성인식과 알람·전화·메시지를 직접 확인시킨다. IIT 한국 캠퍼스는 힌톤팀 교수직·인재공급을 묶는 구상으로만 열려 있어, 보상은 작동하는 약인공지능에 두고 대학 유치는 훅으로 남긴다.",L32618~L32797
181,181화,DCA-N18B,N18B·KS 불법 대선자금과 세이월드 역공,8,7,8,0.27,0.29,0.32,0.07,0.05,"강 대위의 추적과 국세청 인맥이 KS해운 비자금, 현금 운반 차량, 불법선거자금 단서를 한 줄로 잇는다. 야당과 검찰에 흘린 정보가 KS 한 곳을 넘어 전 대기업 수사로 번지는 순간, 복수 작전의 행동보다 관계망의 확산이 더 큰 압박으로 바뀐다.",L32798~L32963
182,182화,DCA-N18B,N18B·KS 불법 대선자금과 세이월드 역공,8,9,8,0.20,0.32,0.30,0.11,0.07,"100억 원이 넘는 정치자금과 총 2천억 원 비자금, 현금차량 사진을 수사선에 넘긴다. 증거가 실제로 이동한 뒤 세이월드 몰락까지 확인돼 정경유착 역공과 사업 정리가 함께 닫힌다.",L32964~L33126
183,183화,DCA-N18B,N18B·KS 불법 대선자금과 세이월드 역공,5,6,9,0.35,0.17,0.32,0.05,0.11,깨끗한 태우의 위치를 굳힌 뒤 서문영 팀에 숏폼 SNS를 맡겨 기술 정보와 인재 협업에 머문다.,L33127~L33294
184,184화,DCA-N18C,N18C·비트코인 게임결제와 WWDC 시리·IoT 시연,5,7,8,0.31,0.24,0.26,0.04,0.15,게임 아이템·국경 없는 결제로 비트코인 첫 수요를 만들고 WWDC로 가 기술 정보와 생태계 행동이 앞선다.,L33295~L33460
185,185화,DCA-N18C,N18C·비트코인 게임결제와 WWDC 시리·IoT 시연,6,9,6,0.18,0.37,0.21,0.08,0.16,시리·가전 IoT·자동차 원격 시동을 세계 무대에서 실시간 시연해 공개 행동과 기업 지위 보상이 솟는다.,L33461~L33664
186,186화,DCA-N18C,N18C·비트코인 게임결제와 WWDC 시리·IoT 시연,4,8,7,0.34,0.15,0.32,0.04,0.15,"잡스와 노이즈캔슬링 이어폰, 건강·지도·음성 기능의 시계를 차례로 떠올린다. 완제품 지급 없이 아이디어가 서로의 말을 받아 커지는 공동개발 리듬이 재미를 만든다.",L33665~L33838
187,187화,DCA-N19,N19·인도 공장·IIT와 아노르 프리미엄 동맹,6,7,7,0.29,0.26,0.23,0.07,0.15,세계 주문 폭증을 확인하고 우성일에게 책임을 물어 베트남·인도 증설을 지시해 생산 정보·행동 압박이 앞선다.,L33839~L34048
188,188화,DCA-N19,N19·인도 공장·IIT와 아노르 프리미엄 동맹,6,7,7,0.32,0.16,0.39,0.04,0.09,미모안 싱에게 공장·선거 지원과 IIT 캠퍼스를 교환해 국제 정치 관계와 협상 정보에 오래 머문다.,L34049~L34214
189,189화,DCA-N19,N19·인도 공장·IIT와 아노르 프리미엄 동맹,5,6,8,0.38,0.22,0.24,0.08,0.08,허준·허황후 다큐와 한류 캠페인으로 IIT 여론을 만들고 아노르 협업까지 타진한다. 교육기관 유치가 문화콘텐츠와 인도 인맥을 함께 움직이는 여론전으로 확장된다.,L34215~L34387
190,190화,DCA-N19,N19·인도 공장·IIT와 아노르 프리미엄 동맹,5,7,5,0.25,0.17,0.43,0.10,0.05,델핀에게 미래 가전·AI를 보여 주고 중국 허가를 해결해 가문 파트너·혼인 후보 관계가 부각된다.,L34388~L34604
191,191화,DCA-N19,N19·인도 공장·IIT와 아노르 프리미엄 동맹,6,8,7,0.31,0.13,0.29,0.12,0.15,아노르 유통·협업과 태우 청렴을 확인한 뒤 독자 정치세력 필요가 명시돼 결산 정보와 다음 훅이 강하다.,L34605~L34776
192,192화,DCA-N20,N20·천민우 보호와 국민경제당·원자재 임무,7,5,8,0.33,0.17,0.29,0.17,0.04,"최재석에게 이번 주 안 후보 약 50명을 추리라고 맡긴 뒤 경호 영상이 회의 리듬을 끊는다. 불량학생 4~5명이 천민정의 동생 머리를 때리고 식판에 침을 뱉는 화면이 가족보호 압박을 만들며, 후보명단·가해자 실명은 지급하지 않는다.",L34777~L34942
193,193화,DCA-N20,N20·천민우 보호와 국민경제당·원자재 임무,8,6,9,0.24,0.34,0.25,0.13,0.04,경호원을 보내 천민정의 동생을 구하고 추영택의 폭행과 교사 묵인 증거를 모은다. 구조행동이 끝나자 가해 학생 뒤 권력배경을 추적하는 더 큰 싸움이 열린다.,L34943~L35136
194,194화,DCA-N20,N20·천민우 보호와 국민경제당·원자재 임무,8,8,8,0.18,0.30,0.35,0.14,0.03,"사진·영상·녹취·진술서와 바디캠이 회의장의 거짓말을 무너뜨리고, 김민재가 교실에서 천민우를 안아 공개 보호막을 세운다. 학폭위·명동·부장검사 윗라인 압박 지시까지 현재 화가 소유해 관계와 지위 보상이 크게 오른다.",L35137~L35343
195,195화,DCA-N20,N20·천민우 보호와 국민경제당·원자재 임무,8,10,5,0.12,0.31,0.38,0.15,0.04,화원정밀 거래를 끊고 검사 상급자를 압박해 무릎 사과·전학을 받아 천민정의 신뢰와 보호 보상이 절정이다.,L35344~L35519
196,196화,DCA-N20,N20·천민우 보호와 국민경제당·원자재 임무,6,7,8,0.36,0.14,0.37,0.07,0.06,"딥러닝 연구, 부산 데이터센터와 최재석의 정당 구상을 한 판에 연결한다. 김태중이 위험을 함께 지겠다고 나서며 기술계획이 가족과 정치의 공동책임으로 넓어진다.",L35520~L35684
197,197화,DCA-N20,N20·천민우 보호와 국민경제당·원자재 임무,5,7,7,0.24,0.14,0.50,0.06,0.06,델핀과 프리미엄 가전을 점검하는 앞 장면 뒤 김태중이 최재석에게 깨끗한 정치인 50명과 국가사업 지원 원칙을 제안한다. 인사·정책에는 간섭하지 않겠다는 선을 듣고 최재석이 도전을 받아들이며 두 사람의 소주잔이 창당 준비를 실제 관계로 굳힌다.,L35685~L35841
198,198화,DCA-N20,N20·천민우 보호와 국민경제당·원자재 임무,6,5,6,0.35,0.19,0.24,0.05,0.17,"김태중이 최재석에게 부산 데이터센터와 인재 명단을 넘기는 지급 뒤, 김민재가 계열사 실적표를 차례로 훑는다. 낮은 실적의 태우상사를 미래 원자재 유통축으로 바꿔야 한다는 판단에서 멈춰 구체 품목과 실행은 다음 회차에 넘긴다.",L35842~L36008
199,199화,DCA-N20,N20·천민우 보호와 국민경제당·원자재 임무,6,6,7,0.31,0.25,0.22,0.05,0.17,"희토류·리튬·식각가스·불화수소의 매장국·생산업체를 조사하고 광산 매입안을 짜라는 지시가 회차 대부분을 차지한다. 뒤에서는 이미 영입된 약 40명의 국민경제당 인물을 경제공약으로 띄우지만, 공급망 목록·광산 취득과 총선 득표는 아직 없어 보상은 담당·전략 확정에 둔다.",L36009~L36165
200,200화,DCA-N20B,N20B·판타지TV 50억 합작과 슈퍼볼 영상팀,6,5,8,0.32,0.18,0.35,0.05,0.10,"김익수와 첫 면담을 갖고 서버비·망사용료·저작권, 수백억 원 세계화 비용을 듣는다. 숫자를 확인하는 데서 멈추므로 50억 원 매각·합작 제안은 아직 이 회차의 보상이 아니다.",L36166~L36346
201,201화,DCA-N20B,N20B·판타지TV 50억 합작과 슈퍼볼 영상팀,4,8,8,0.20,0.17,0.28,0.10,0.25,50억 원과 글로벌 합작 조건을 제시하고 김익수가 계약서에 지장을 찍는다. 제안이 서명으로 넘어가는 계약·관계·지위 지급이 봉우리를 만든다.,L36347~L36522
202,202화,DCA-N20B,N20B·판타지TV 50억 합작과 슈퍼볼 영상팀,5,7,6,0.20,0.30,0.18,0.14,0.18,"하프타임 노출 사고 직후 ‘보이지 않는 아름다움’ 광고를 붙여 위기를 역이용하고, 페이팔 출신 채드 헐리와 스티브 첸을 영상서비스 팀으로 데려온다. 광고·영입의 경쾌한 지급 뒤 인도 총선과 미국 대선 보고로 화면이 넘어가 다음 정치 선택은 낮은 강도로 열어 둔다.",L36523~L36693
203,203화,DCA-N20C,N20C·리사 수 사장 취임과 남미 리튬 권리,5,6,6,0.22,0.18,0.27,0.13,0.20,리사 수에게 태우전자 사장·반도체 개발총괄·5배 연봉을 제안해 진지한 검토를 끌어낸 뒤 사우디 왕궁의 프리미엄 가전 설치와 무함마드 왕자 교분으로 이동한다. 리사의 수락과 왕자의 4년 투자결과는 모두 남아 있다.,L36694~L36882
204,204화,DCA-N20C,N20C·리사 수 사장 취임과 남미 리튬 권리,7,6,7,0.25,0.24,0.18,0.15,0.18,탄핵 표결·촛불 연설과 리튬 선점이 병행되어 정치 정보와 실행 압박이 높다.,L36883~L37055
205,205화,DCA-N20C,N20C·리사 수 사장 취임과 남미 리튬 권리,6,6,8,0.23,0.18,0.27,0.20,0.12,광구는 확보하지만 리사 수가 조직문화에 실망해 떠나려 하므로 관계·감정 체류가 길다.,L37056~L37235
206,206화,DCA-N20C,N20C·리사 수 사장 취임과 남미 리튬 권리,5,9,7,0.18,0.18,0.32,0.17,0.15,천민정과의 밤샘 토론이 리사 수 취임으로 뒤집혀 관계 변화와 승진 보상이 봉우리를 만든다.,L37236~L37418
207,207화,DCA-N20D,N20D·국민경제당 38석과 AI 학습 지급,5,8,7,0.24,0.22,0.24,0.10,0.20,글로벌 CEO들이 최재석을 세우고 팹리스 전권을 승인해 관계와 사업 지위가 함께 전진한다.,L37419~L37592
208,208화,DCA-N20D,N20D·국민경제당 38석과 AI 학습 지급,7,5,8,0.25,0.30,0.16,0.14,0.15,출구조사와 실시간 개표가 엇갈리는 관찰·반응 장면이라 정보와 진행 행동이 앞선다.,L37593~L37765
209,209화,DCA-N20D,N20D·국민경제당 38석과 AI 학습 지급,6,9,6,0.24,0.16,0.20,0.12,0.28,38석 캐스팅보트와 AI 학습자산 2만 편이 확정되어 지위·자산 지급이 가장 크다.,L37766~L37935
210,210화,DCA-N20E,N20E·NINA 주택붕괴와 은행지분 대물변제,6,6,7,0.34,0.16,0.15,0.10,0.25,인도 투자안을 검토하다 NINA의 대출광기를 읽고 붕괴에 대비한 보험을 고른다. 성장시장 낙관을 곧바로 부실채권 위험으로 뒤집어 투자보다 방어설계에 힘을 준다.,L37936~L38099
211,211화,DCA-N20E,N20E·NINA 주택붕괴와 은행지분 대물변제,6,5,6,0.33,0.17,0.22,0.10,0.18,보험 구조를 설계한 뒤 최재석에게 IIT를 제안해 설명과 협상 관계에 독자 시선이 머문다.,L38100~L38260
212,212화,DCA-N20F,N20F·IIT 정치경로와 씽크윈 자율주행 데이터,5,7,7,0.27,0.19,0.25,0.10,0.19,"IIT 한국 캠퍼스의 한국인 20퍼센트, 태우 공채 20퍼센트 확대와 빅테크 연구소 유치를 설명해 최재석의 지지를 얻는다. 곧이어 태우자동차의 전기차 투자를 점검하고 작은 테슬라까지 경쟁자로 세우면서 교육정책 회차를 산업 경주로 닫는다.",L38261~L38406
213,213화,DCA-N20F,N20F·IIT 정치경로와 씽크윈 자율주행 데이터,5,7,7,0.25,0.21,0.18,0.10,0.26,테슬라 지분과 50명 자율주행팀이 보고서상의 가능성이 아니라 실제 사람·주식으로 붙는다. 작은 전기차 회사를 미래 경쟁자로 본 판단이 손에 잡히는 연구자산을 얻는다.,L38407~L38579
214,214화,DCA-N20F,N20F·IIT 정치경로와 씽크윈 자율주행 데이터,6,4,7,0.24,0.23,0.27,0.13,0.13,현대와의 거래 뒤 씽크윈 창업자가 현금 인수를 거절해 협상 관계와 저항이 앞선다.,L38580~L38749
215,215화,DCA-N20F,N20F·IIT 정치경로와 씽크윈 자율주행 데이터,4,7,7,0.24,0.20,0.22,0.11,0.23,씽크윈의 기술·데이터 독점 사용권과 태우·카이 우선 공급 조건을 교환하고 천민정에게 한 달 안의 무료 앱 개발·배포를 지시한 뒤 김태중의 신사옥 욕심이 새 훅을 연다.,L38750~L38905
216,216화,DCA-N21,N21·김태중 신사옥과 샤롯·한전 부지 카드,5,5,7,0.22,0.22,0.26,0.12,0.18,김태중의 신사옥 꿈을 이어받아 샤롯 부지·명품·지분 조건을 제시한다. 가족의 미완성 약속이 부동산과 브랜드 협상으로 바뀌어 감정과 거래가 함께 움직인다.,L38906~L39051
217,217화,DCA-N21,N21·김태중 신사옥과 샤롯·한전 부지 카드,5,6,6,0.21,0.20,0.31,0.14,0.14,샤롯 두 아들을 비교하고 조부의 판단으로 차남을 고르는 관계·승계 장면에 무게가 실린다.,L39052~L39226
218,218화,DCA-N21,N21·김태중 신사옥과 샤롯·한전 부지 카드,5,7,6,0.30,0.19,0.18,0.08,0.25,600조 원 한러 에너지안을 한전 부지와 묶어 규모·정책 정보와 자산 구상이 크다.,L39227~L39401
219,219화,DCA-N21,N21·김태중 신사옥과 샤롯·한전 부지 카드,5,7,8,0.22,0.20,0.29,0.10,0.19,명품 입점·중국 인맥을 차남의 부지 약속과 바꾸므로 관계 협상과 거래 지급이 앞선다.,L39402~L39582
220,220화,DCA-N21,N21·김태중 신사옥과 샤롯·한전 부지 카드,6,6,7,0.27,0.24,0.22,0.11,0.16,김태중의 강경 연기와 최재석의 캐스팅보트가 한전 이전을 정책 의제로 밀어 올린다.,L39583~L39737
221,221화,DCA-N21,N21·김태중 신사옥과 샤롯·한전 부지 카드,6,7,8,0.23,0.22,0.21,0.10,0.24,"한전 이전을 둘러싼 여론전 뒤 천민정이 만든 태우맵을 무료로 출시하고 보름 만의 이용자 증가를 확인한다. 마지막에는 서울 택시회사들의 데이터 계약이 동시에 끊기며 호출망을 장악한 지부장의 압력이 드러나지만, 그 사람의 이름과 직접 대결은 다음 화로 남는다.",L39738~L39888
222,222화,DCA-N22,N22·코코아택시·무료 단말기와 차봉훈 카르텔 붕괴,6,5,7,0.24,0.29,0.19,0.09,0.19,횡령 조사를 진행하면서 택시회사·호출앱·단말기를 동시에 구축한다. 기존 호출망의 방해를 설명하는 데 머물지 않고 대체망을 실제로 깔아 다음 충돌의 기반을 만든다.,L39889~L40044
223,223화,DCA-N22,N22·코코아택시·무료 단말기와 차봉훈 카르텔 붕괴,7,6,9,0.21,0.32,0.18,0.09,0.20,무료 단말 보급과 수사기관 제보에 조폭 반격이 붙어 실행과 긴장이 빠르게 오른다.,L40045~L40202
224,224화,DCA-N22,N22·코코아택시·무료 단말기와 차봉훈 카르텔 붕괴,8,8,7,0.16,0.38,0.15,0.13,0.18,닷새 파업을 할인 출시로 뒤집고 기사 매출·업체 이탈을 끌어내 행동과 공개 보상이 강하다.,L40203~L40382
225,225화,DCA-N22,N22·코코아택시·무료 단말기와 차봉훈 카르텔 붕괴,9,7,9,0.15,0.36,0.20,0.14,0.15,70% 편입 뒤 조폭 100명 습격이 다가와 행동 대기와 관계 배신의 압력이 최고조다.,L40383~L40561
226,226화,DCA-N22,N22·코코아택시·무료 단말기와 차봉훈 카르텔 붕괴,9,10,6,0.13,0.42,0.14,0.12,0.19,20분 제압·배후 구속·80% 편입이 한꺼번에 터져 행동과 지위 보상이 가장 크게 솟는다.,L40562~L40732
227,227화,DCA-N23,N23·강남 쌍부지와 Su-47로 초고층 하늘 확보,5,7,7,0.22,0.24,0.24,0.10,0.20,IIT 첫 삽과 샤롯 차남의 승계 수가 교육 약속을 부지 취득 행동으로 되돌린다.,L40733~L40908
228,228화,DCA-N23,N23·강남 쌍부지와 Su-47로 초고층 하늘 확보,5,9,8,0.18,0.22,0.18,0.12,0.30,중국 허가 뒤 1조7400억 원 계약서에 도장을 찍어 물질 보상과 가족 약속이 선명하다.,L40909~L41078
229,229화,DCA-N23,N23·강남 쌍부지와 Su-47로 초고층 하늘 확보,6,7,8,0.21,0.24,0.28,0.09,0.18,현재자동차에 가격경쟁 대신 자동차금융 제휴를 내민다. 입찰 상대가 캐피탈을 함께 쓰는 파트너로 돌아서며 부지 경쟁의 규칙 자체가 바뀐다.,L41079~L41258
230,230화,DCA-N23,N23·강남 쌍부지와 Su-47로 초고층 하늘 확보,8,7,8,0.20,0.34,0.13,0.10,0.23,"현재자동차가 태우·카이와의 캐피탈 제휴를 받고 입찰을 철회한 뒤, 장경준은 자신이 찢은 6조1700억 원 계획서와 김민재가 보낸 6조1705억 원 비상안을 맞대어 5억 원 차이를 확인한다. 마지막 통보는 태우의 입찰 승리까지만 밝히며 실제 낙찰가는 아직 공개하지 않는다.",L41259~L41447
231,231화,DCA-N23,N23·강남 쌍부지와 Su-47로 초고층 하늘 확보,6,9,8,0.17,0.23,0.24,0.13,0.23,4조 낙찰과 조손의 기쁨 뒤 공군 고도제한이 새 병목으로 솟는다.,L41448~L41625
232,232화,DCA-N23,N23·강남 쌍부지와 Su-47로 초고층 하늘 확보,6,8,8,0.25,0.22,0.22,0.08,0.23,로만에게 1억3천만 달러로 수호이 세 대를 구하게 하고 미국 정권에는 비밀 반입 묵인을 요청하는 양쪽 통화가 교차한다. 미국의 확답과 공군 활주로 이전 협조 조건은 받아냈지만 러시아 계약은 데이비드의 현지 마무리를 기다린다.,L41626~L41796
233,233화,DCA-N23,N23·강남 쌍부지와 Su-47로 초고층 하늘 확보,4,7,9,0.23,0.20,0.24,0.10,0.23,부시 승인 확인과 코코아 전국 확장을 지나 수호이 도착을 기다리는 연결 회차다.,L41797~L41960
234,234화,DCA-N23,N23·강남 쌍부지와 Su-47로 초고층 하늘 확보,6,9,7,0.20,0.24,0.18,0.14,0.24,실사용 Su-47 확인과 공군 무반대 약속이 놀람·행동·군사자산 보상을 함께 높인다.,L41961~L42135
235,235화,DCA-N24,N24·스페이스X·반도체·몽골 미래 인프라 투자선언,6,7,7,0.30,0.20,0.21,0.09,0.20,서브프라임 면책 보고서를 검토한 뒤 스페이스X에 10년 자금을 댈 조건을 머스크와 맞춘다. 당장의 매출보다 오래 버틸 사람과 기간을 고르는 판단이 두 장면을 잇는다.,L42136~L42292
236,236화,DCA-N24,N24·스페이스X·반도체·몽골 미래 인프라 투자선언,4,9,6,0.19,0.18,0.23,0.10,0.30,"위튜브 이름과 빅테크 유통망, 첫 초고층 허가가 한꺼번에 확정된다. 브랜드·판매통로·건축허가가 문서와 이름으로 지급돼 여러 준비가 실제 사업의 형태를 얻는다.",L42293~L42483
237,237화,DCA-N24,N24·스페이스X·반도체·몽골 미래 인프라 투자선언,5,6,7,0.31,0.20,0.18,0.08,0.23,사장단 수치와 5배 증설·몽골 자원 계획을 펼쳐 정보와 투자 규모에 머문다.,L42484~L42648
238,238화,DCA-N24B,N24B·태우엔터·위튜브 출시와 콘텐츠 플랫폼 지급,4,6,7,0.27,0.21,0.19,0.09,0.24,흩어진 엔터 계열사를 묶고 오디션 상금·채널 구조를 정한다. 작품 한 편보다 원석을 계속 찾고 데뷔시킬 제작판을 만드는 데 회차를 쓴다.,L42649~L42803
239,239화,DCA-N24B,N24B·태우엔터·위튜브 출시와 콘텐츠 플랫폼 지급,4,8,6,0.18,0.18,0.31,0.13,0.20,감독·작가에게 제작비와 장기계약을 주는 인재 관계와 선점 보상이 주축이다.,L42804~L42963
240,240화,DCA-N24B,N24B·태우엔터·위튜브 출시와 콘텐츠 플랫폼 지급,5,8,6,0.20,0.28,0.18,0.13,0.21,100만 지원자와 탈락자 2만 명을 직접 훑어 숨은 스타를 찾는 실행·데이터 회차다.,L42964~L43132
241,241화,DCA-N24B,N24B·태우엔터·위튜브 출시와 콘텐츠 플랫폼 지급,6,7,7,0.21,0.29,0.16,0.10,0.24,99시간 원본과 검색·뮤직비디오를 엮어 방송과 위튜브 수치를 함께 끌어올린다.,L43133~L43290
242,242화,DCA-N24B,N24B·태우엔터·위튜브 출시와 콘텐츠 플랫폼 지급,7,10,8,0.13,0.31,0.20,0.18,0.18,결승 21%·톱10 음반·세계 3천만과 머스크 격려가 대중 환호와 관계 보상을 폭발시킨다.,L43291~L43450
243,243화,DCA-N24C,N24C·SG·양지파 역공과 전원 양도 약속,7,4,7,0.20,0.25,0.28,0.16,0.11,"가수 네 명의 계약해지 요구를 따라가 SG엔터 강수기와 조직폭력 배후의 연결 단서를 잡고 강 대위를 비공개 대응자로 세운다. 배후 조직의 이름은 아직 나오지 않아, 지급은 상대 범주를 좁힌 조사선과 강수기 면담 준비에 그친다.",L43451~L43611
244,244화,DCA-N24C,N24C·SG·양지파 역공과 전원 양도 약속,8,6,7,0.23,0.31,0.23,0.10,0.13,강수기 협박을 확인하고 중국 최고위 권력과 거래해 삼합회를 치는 공세가 커진다.,L43612~L43785
245,245화,DCA-N24C,N24C·SG·양지파 역공과 전원 양도 약속,9,8,8,0.14,0.42,0.16,0.12,0.16,삼합회 두목을 역으로 이용해 양지파와 SG를 사흘 안에 무너뜨린다. 상대 조직의 힘을 서로 부딪치게 한 뒤 결과를 빠르게 회수해 폭력판을 직접 장악하지 않고 끝낸다.,L43786~L43943
246,246화,DCA-N24C,N24C·SG·양지파 역공과 전원 양도 약속,8,6,5,0.13,0.31,0.23,0.15,0.18,강수기는 네 가수와 SG 전원 양도·태우 불개입을 약속하고 김민재는 로펌과 감옥 보호를 이용한 희망고문을 설계한다. 실제 계약이전·판결·10년 복역은 없으므로 보상은 굴복 약속과 심리통제안까지만 잡는다.,L43944~L44097
247,247화,DCA-N25,N25·부산 AOS 개발자 5명 1000만 달러 계약,5,7,7,0.31,0.20,0.16,0.08,0.25,보험 노출·전기차 일정·AOS 관중을 점검해 세 미래자산 정보가 넓게 제시된다.,L44098~L44251
248,248화,DCA-N25B,N25B·시민 선거펀드와 세 전기차 공개 실증,4,7,7,0.23,0.20,0.29,0.09,0.19,AOS 지분 협상과 최재석의 선거자금 고민이 인재·정치 관계를 함께 움직인다.,L44252~L44405
249,249화,DCA-N25B,N25B·시민 선거펀드와 세 전기차 공개 실증,6,8,7,0.20,0.34,0.16,0.10,0.20,일주일 펀딩 개발과 원격주행·비상제동 성공이 연속되어 행동과 실물 능력이 높다.,L44406~L44567
250,250화,DCA-N25B,N25B·시민 선거펀드와 세 전기차 공개 실증,5,9,7,0.18,0.27,0.20,0.10,0.25,400억 원·70만 구독자가 깨끗한 선거조직으로 바뀌어 행동과 지위 보상이 크게 지급된다.,L44568~L44721
251,251,DCA-N25B,N25B·시민 선거펀드와 세 전기차 공개 실증,5,7,5,0.24,0.28,0.15,0.12,0.21,투자유치 발표와 쿼크·픽업의 제로백·제동·코너링 실주행이 행동과 제품 보상을 끌어올린다.,L44722~L44903
252,252,DCA-N25B,N25B·시민 선거펀드와 세 전기차 공개 실증,6,8,6,0.17,0.35,0.16,0.12,0.20,세 회사의 전기차가 연달아 무대에 올라 LA 모터쇼의 공기를 바꾼다. 공개 순서마다 관객 반응이 커져 기술설명보다 현장 환호가 속도를 끌어올린다.,L44904~L45072
253,253,DCA-N25C,N25C·서브프라임 경고·KIKO 보험과 AIZ·CITI 수확,5,7,7,0.28,0.16,0.26,0.17,0.13,김태중이 실패까지 감수해 손자를 믿고 라잔 정보를 찾으면서 관계 보상과 위기 정보가 교대한다.,L45073~L45227
254,254,DCA-N25C,N25C·서브프라임 경고·KIKO 보험과 AIZ·CITI 수확,6,8,8,0.32,0.18,0.25,0.10,0.15,라잔 등 석학 7명과 금리 도화선 계산을 얻어 위기정보와 인재 동맹이 강하게 지급된다.,L45228~L45387
255,255,DCA-N25C,N25C·서브프라임 경고·KIKO 보험과 AIZ·CITI 수확,7,6,8,0.25,0.28,0.24,0.12,0.11,모럴해저드 자료를 생중계하자 버냉키와 부시가 비밀리에 김민재를 부른다. 공개 폭로가 미국 최고 정책라인의 호출로 돌아오며 월가 비판이 정부 협상으로 넘어간다.,L45388~L45569
256,256,DCA-N25C,N25C·서브프라임 경고·KIKO 보험과 AIZ·CITI 수확,6,6,7,0.31,0.18,0.20,0.12,0.19,부시의 불신을 사전 면책으로 남기고 KIKO 판매를 막아 정보판단과 금융 방패에 머문다.,L45570~L45726
257,257,DCA-N25C,N25C·서브프라임 경고·KIKO 보험과 AIZ·CITI 수확,7,7,6,0.23,0.27,0.27,0.10,0.13,"중소기업 보험료를 대신 내는 대가로 보험금 60퍼센트를 받는 구조를 깔고, 정태섭에게 3년·환율 60퍼센트 상승·원금 열 배 보상·월 3퍼센트라는 KIKO 조건을 몰아붙인다. 출시 약속 뒤 한 팀장이 자신을 벌레 보듯 한 부행장을 기억하는 마지막 감정이 금융 설계에 사적인 응징 맛을 붙인다.",L45727~L45913
258,258,DCA-N25C,N25C·서브프라임 경고·KIKO 보험과 AIZ·CITI 수확,6,6,7,0.31,0.17,0.19,0.11,0.22,"15조 원 청구권과 대선 중립, 오바마 연결선을 한 판에 배치한다. 지금 받을 돈과 다음 정권에서 지킬 위치를 함께 설계해 단기 수확이 정치보험으로 이어진다.",L45914~L46075
259,259,DCA-N25C,N25C·서브프라임 경고·KIKO 보험과 AIZ·CITI 수확,8,8,8,0.23,0.34,0.16,0.13,0.14,"전국·북한 사투리, 4개 외국어 통역, CCTV 방범이 가능한 픽시의 즉시 출시상태를 먼저 확인한다. 래더 2위·프로 승률 50% 스타크 AI가 용산 1경기를 이긴 뒤 2경기 프로의 덫에 걸려 승률 20%로 떨어져, 제품 지급과 공개검증 위기가 한 회차 안에서 교대한다.",L46076~L46253
260,260,DCA-N25C,N25C·서브프라임 경고·KIKO 보험과 AIZ·CITI 수확,6,6,8,0.34,0.17,0.16,0.08,0.25,모럴해저드 자료에서 리먼을 다음 붕괴점으로 특정하고 46조 원 펀드를 옮긴다. 위험을 설명한 직후 실제 자금이 이동해 예측이 방어행동으로 바뀐다.,L46254~L46423
261,261,DCA-N25C,N25C·서브프라임 경고·KIKO 보험과 AIZ·CITI 수확,8,7,8,0.24,0.28,0.24,0.13,0.11,HSBC와 뉴센추리의 이상신호를 확인하고 김태중에게 그룹을 위임받은 뒤 곧장 워싱턴으로 향한다. 가족의 권한 이양을 축하할 틈 없이 미국 금융위기 현장으로 속도를 높인다.,L46424~L46598
262,262화,DCA-N25C,N25C·서브프라임 경고·KIKO 보험과 AIZ·CITI 수확,8,6,7,0.31,0.28,0.20,0.10,0.11,연준의 책임을 정면으로 박고 작은 회사 대신 보험사를 내놓으라고 요구한다. 원인 논증이 끝나자 보상 규모를 키우는 협상공세가 바로 이어진다.,L46599~L46766
263,263,DCA-N25C,N25C·서브프라임 경고·KIKO 보험과 AIZ·CITI 수확,4,7,6,0.25,0.19,0.29,0.08,0.19,"스티브에게 UFO형 애플 신사옥과 태우·카이 전기차의 UI·OS·디자인·구독 결합을 제시해 애플카 구두합의를 만든다. 정식 사옥 수주는 남긴 채 아마존 자동화 시설로 이동하고, 제프리가 완성을 선언하는 마지막 화면이 다음 산업 현장을 선명하게 바꾼다.",L46767~L46931
264,264,DCA-N25C,N25C·서브프라임 경고·KIKO 보험과 AIZ·CITI 수확,7,7,9,0.32,0.22,0.20,0.12,0.14,"아마존 창고가 인건비 30%를 줄였지만 설비보다 인건비가 아직 싸다는 한계를 확인한다. 뒤이어 CITI 2만 명 감원·최소 600억 달러 손실·부실자산 매각 연락과 1년 뒤 리먼 파산설이 쌓여, 자동화 점검보다 금융 수확기의 숫자가 후반을 압도한다.",L46932~L47106
265,265,DCA-N25C,N25C·서브프라임 경고·KIKO 보험과 AIZ·CITI 수확,7,7,8,0.24,0.25,0.26,0.13,0.12,다이먼이 겪은 과거 굴욕과 AIZ의 보험노출이 미국 정부의 구조요청으로 뒤집힌다. 밀려났던 금융가가 국가가 찾는 협상통로가 되며 오래 묵은 감정이 실무권으로 돌아온다.,L47107~L47279
266,266,DCA-N25C,N25C·서브프라임 경고·KIKO 보험과 AIZ·CITI 수확,9,6,8,0.26,0.34,0.22,0.09,0.09,연준 모욕에 실제 퇴장하고 주당 4달러를 고수해 협상 행동과 압박이 최고조에 가깝다.,L47280~L47441
267,267,DCA-N25C,N25C·서브프라임 경고·KIKO 보험과 AIZ·CITI 수확,9,9,8,0.18,0.33,0.20,0.12,0.17,AIZ 70%와 CITI 왕좌를 관철해 다이먼의 복수·지분·정부지원이 한꺼번에 폭발한다.,L47442~L47596
268,268화,DCA-N25C,N25C·서브프라임 경고·KIKO 보험과 AIZ·CITI 수확,6,8,6,0.19,0.22,0.30,0.15,0.14,"다이먼 치료·충성과 박만덕 승진, SAVE 정체 공개가 사람과 조직의 지위를 재편한다.",L47597~L47759
269,269화,DCA-N25C,N25C·서브프라임 경고·KIKO 보험과 AIZ·CITI 수확,5,8,7,0.19,0.18,0.33,0.17,0.13,"AIZ·SAVE·태우증권 합병이 끝난 뒤 공항 환대와 SAVE 실소유주 공개를 거쳐 김태중에게 미국 최대 보험사의 안정 결과를 보여 준다. 조손 갈등은 수용으로 돌아서고, 태우·SAVE 현금을 쓰지 않고 부채를 온전히 떠안지 않는 조건의 GM·포드 검토만 열리므로 보상은 AIZ 합병·공개·가족 승인에 둔다.",L47760~L47922
270,270,DCA-N27,N27·리먼 보험증서 거래와 회장 승계,6,6,7,0.30,0.24,0.23,0.08,0.15,리먼 6000억 달러 위험과 25조 우량여신 교환을 놓고 국가은행과 새 협상을 연다.,L47923~L48088
271,271화,DCA-N27,N27·리먼 보험증서 거래와 회장 승계,7,6,7,0.17,0.20,0.31,0.22,0.10,김태중 은퇴와 전 사장단 추천을 거부하지 못해 가족·조직 관계와 책임 감정이 무겁다.,L48089~L48270
272,272,DCA-N27,N27·리먼 보험증서 거래와 회장 승계,6,9,6,0.16,0.23,0.31,0.16,0.14,"정식 회장 취임과 박만덕·한정훈 승진, 김태중의 자리 이양이 관계·지위 봉우리다.",L48271~L48457
273,273,DCA-N27,N27·리먼 보험증서 거래와 회장 승계,3,8,6,0.14,0.13,0.34,0.29,0.10,회귀 전 배고픔의 라면을 강 대위·한정훈과 나눠 먹어 동료애와 치유 감정에 오래 머문다.,L48458~L48644
274,274,DCA-N27,N27·리먼 보험증서 거래와 회장 승계,6,7,8,0.27,0.21,0.24,0.10,0.18,DHL 도로망·오바마 면담·천민정 자율주행 실증을 묶어 정보와 동맹 관계가 확장된다.,L48645~L48809
275,275,DCA-N27,N27·리먼 보험증서 거래와 회장 승계,8,8,8,0.27,0.28,0.23,0.09,0.13,대통령에게 제2 IMF를 경고해 리먼을 막고 금융허브 허가 거래까지 끌어내 협상 밀도가 높다.,L48810~L48978
276,276,DCA-N27B,N27B·금융허브·KIKO·통화스와프 국가 방패,5,7,8,0.33,0.18,0.22,0.08,0.19,"CITI·핀테크 이전과 비트코인 거래소, 데이비드 배치를 한꺼번에 설계한다. 돈이 흐를 장소와 이를 움직일 사람을 함께 정해 미국 금융거점이 조직도로 구체화된다.",L48979~L49144
277,277,DCA-N27B,N27B·금융허브·KIKO·통화스와프 국가 방패,6,8,8,0.25,0.25,0.31,0.09,0.10,오바마의 신뢰와 금융사 12곳 서명을 이틀 만에 얻어 외교 관계 보상이 크게 오른다.,L49145~L49297
278,278화,DCA-N27B,N27B·금융허브·KIKO·통화스와프 국가 방패,5,8,7,0.27,0.18,0.31,0.10,0.14,투자관을 맞춘 끝에 버핏의 한국 지점과 후속 인맥을 얻는다. 숫자 흥정보다 서로 장기투자자를 알아보는 대화가 다음 거래를 여는 보상으로 남는다.,L49298~L49458
279,279화,DCA-N27B,N27B·금융허브·KIKO·통화스와프 국가 방패,8,7,8,0.31,0.24,0.21,0.10,0.14,"정치권 여론을 맞추는 사이 리먼 파산, 환율 급등, 15조 원 KIKO가 동시에 현실이 된다. 준비하던 숫자들이 같은 날 사건으로 터져 금융타워가 어느 불부터 끌지 선택해야 한다.",L49459~L49610
280,280,DCA-N27B,N27B·금융허브·KIKO·통화스와프 국가 방패,7,9,7,0.18,0.26,0.22,0.16,0.18,"금융허브 발표 무대에서 퀀텀·CITI·버크셔 대표를 차례로 공개하고 버핏이 한국 지점과 태우 계열 투자까지 직접 선언한다. 여야 지지와 한전 부지의 조속한 허가 약속은 받았지만, 대통령실장이 공을 청와대와 나누라고 요구해 개발허가 전 정치 대가를 남긴다.",L49611~L49802
281,281,DCA-N27B,N27B·금융허브·KIKO·통화스와프 국가 방패,5,8,8,0.16,0.18,0.34,0.17,0.15,버핏의 50억 달러 약속과 지반공사 뒤 한정훈의 은행 회동으로 관계·지위가 이어진다.,L49803~L49976
282,282,DCA-N27B,N27B·금융허브·KIKO·통화스와프 국가 방패,7,6,8,0.30,0.26,0.25,0.08,0.11,5조 원 지급과 환율 전망을 놓고 정태섭·박대훈·노무라의 속내를 번갈아 읽는다. 같은 돈을 두고 각자가 다른 계산을 하는 협상이라 현금보다 표정과 조건이 오래 남는다.,L49977~L50135
283,283,DCA-N27B,N27B·금융허브·KIKO·통화스와프 국가 방패,8,7,6,0.22,0.31,0.27,0.10,0.10,15조 청구권으로 코코아뱅크 규제 회동을 철회시켜 행동과 권력관계의 역전이 강하다.,L50136~L50295
284,284,DCA-N27B,N27B·금융허브·KIKO·통화스와프 국가 방패,7,7,7,0.32,0.24,0.22,0.08,0.14,"IIT 완공을 확인한 뒤 미국의 사찰 시인과 400억 달러 통화스와프, 후속 법제를 맞바꾼다. 캠퍼스라는 실물성과가 국가 간 사과와 안전망 계약으로 이어져 협상의 범위를 넓힌다.",L50296~L50455
285,285,DCA-N27B,N27B·금융허브·KIKO·통화스와프 국가 방패,5,7,8,0.28,0.20,0.23,0.09,0.20,스와프 증액과 콘텐츠 흥행·오스카 로비를 병행해 정보·관계·지위가 고르게 쌓인다.,L50456~L50614
286,286,DCA-N27B,N27B·금융허브·KIKO·통화스와프 국가 방패,5,8,6,0.27,0.21,0.24,0.08,0.20,"500억 달러 통화스와프 성과를 짚은 뒤 최재석과 탄소감축 법안의 여야 거래선, 청년 정치인의 SNS 육성을 맞춘다. 천민정의 ‘리그 오브 챔피언스’ 한·미 베타 승인으로 끝나며 정책 협상에서 게임 실행으로 속도를 가볍게 전환한다.",L50615~L50766
287,287,DCA-N28,N28·금융위기 GM·OLED·해운·바이오 조건부 인수,5,6,7,0.31,0.18,0.19,0.10,0.22,오바마 승리·빅3 구제·오스카 규정을 읽고 백선 지분을 노려 정보와 자산 구상이 앞선다.,L50767~L50931
288,288,DCA-N28,N28·금융위기 GM·OLED·해운·바이오 조건부 인수,5,8,7,0.27,0.20,0.27,0.08,0.18,오희건과 개발비·우선공급·한경 지분을 교환해 동맹 관계와 원천권리 보상이 크다.,L50932~L51085
289,289,DCA-N28,N28·금융위기 GM·OLED·해운·바이오 조건부 인수,6,7,7,0.29,0.22,0.18,0.10,0.21,"코닥 특허, 미국 빅3 여론, 게임 접속자와 해운 불황을 한 회의에서 훑는다. 서로 먼 산업 신호를 빠르게 넘기며 다음 인수·공매도 후보를 고르는 사장단 점검의 박자가 난다.",L51086~L51250
290,290,DCA-N28,N28·금융위기 GM·OLED·해운·바이오 조건부 인수,5,7,6,0.26,0.19,0.28,0.09,0.18,추영희가 20년 무이자·부동산·선박 담보 조건을 받아들이고 계약서 작성을 약속받아 관계·물류자산의 씨앗이 생긴다.,L51251~L51425
291,291,DCA-N28,N28·금융위기 GM·OLED·해운·바이오 조건부 인수,7,6,8,0.29,0.28,0.25,0.10,0.08,오바마 취임 직후 전 부처 앞에서 빅3 인수 요청과 체질개선을 맞붙여 협상 압력이 높다.,L51426~L51615
292,292,DCA-N28,N28·금융위기 GM·OLED·해운·바이오 조건부 인수,5,6,7,0.28,0.21,0.22,0.09,0.20,공유 모빌리티를 설계하고 반한 기사를 일부러 방치한 채 백악관 논쟁을 기다린다. 당장 반박하지 않는 선택이 여론을 더 키워 상대가 스스로 협상장에 들어오게 만든다.,L51616~L51785
293,293,DCA-N28,N28·금융위기 GM·OLED·해운·바이오 조건부 인수,9,7,8,0.22,0.34,0.24,0.09,0.11,채권·언론으로 GM 파산 확률을 올리고 UAW 양보를 받아 선파산 후인수를 관철한다.,L51786~L51967
294,294,DCA-N28,N28·금융위기 GM·OLED·해운·바이오 조건부 인수,8,8,7,0.20,0.31,0.25,0.10,0.14,줄리아니 생방송에서 태우·핀테크·버크셔 연합을 공개하고 정부·UAW·채권자의 67퍼센트 지분 구조를 실시간 협상으로 묶는다. 여론 확산과 합의가 동시에 달리지만 실제 GM 인수 서명은 다음 날 전이라 다이먼의 400억~500억 달러 계약 준비가 끝을 맡는다.,L51968~L52141
295,295,DCA-N28,N28·금융위기 GM·OLED·해운·바이오 조건부 인수,7,8,7,0.25,0.23,0.22,0.16,0.14,GM 승리가 전생 굴욕을 씻는 동시에 독감 검색 폭증이 새 생존 압박을 연다.,L52142~L52302
296,296,DCA-N28,N28·금융위기 GM·OLED·해운·바이오 조건부 인수,5,8,7,0.23,0.18,0.34,0.14,0.11,김정우에게 AI 연구비전을 주고 센트리언과 연결해 인재 관계·감염병 권리가 지급된다.,L52303~L52474
297,297화,DCA-N28B,N28B·아마존 로켓·SpaceX 유통과 우주 실행축,4,6,5,0.24,0.20,0.28,0.09,0.19,베이조스에게 한국 자동화·전기배송을 제안해 유통 동맹과 투자자산을 여는 연결 회차다.,L52475~L52622
298,298화,DCA-N28B,N28B·아마존 로켓·SpaceX 유통과 우주 실행축,4,8,6,0.18,0.16,0.34,0.22,0.10,김태중과 GM 인수를 기뻐하며 전생의 상처를 씻어 가족 관계와 감정 보상이 두드러진다.,L52623~L52803
299,299화,DCA-N28B,N28B·아마존 로켓·SpaceX 유통과 우주 실행축,5,7,6,0.22,0.22,0.22,0.13,0.21,급속충전 계획·청문회 수용·봉 감독 수상이 기술과 문화 지위를 균형 있게 올린다.,L52804~L52960
300,300,DCA-N28B,N28B·아마존 로켓·SpaceX 유통과 우주 실행축,4,6,6,0.27,0.22,0.19,0.08,0.24,아이맥스 지원과 200억 원 e스포츠 상금을 설계해 사업정보와 물질 규모에 머문다.,L52961~L53125
301,301,DCA-N28B,N28B·아마존 로켓·SpaceX 유통과 우주 실행축,6,8,7,0.22,0.28,0.22,0.12,0.16,"리그 오브 챔피언스 스킨 하루 약 10억 원 판매, 스페이스X 네 번째 발사 성공, 타미플루 대량생산·일본 주문이 짧게 연속 지급된다. 바둑 AI 공개전과 전 공장 월 1천만 명분 생산은 아직 앞에 있어 실제 판매·발사·주문과 확대계획을 나눈다.",L53126~L53287
302,302화,DCA-N29,N29·청문회 역공을 타미플루·충전망·로켓·애플카로 지급,7,5,7,0.27,0.30,0.22,0.13,0.08,오픈카를 타고 청문회에 출석해 패널자료와 정부 승인문서를 공개한다. 공격받던 제품을 실제 차와 서류로 증명해 말싸움을 현장 시연으로 뒤집는다.,L53288~L53462
303,303,DCA-N29,N29·청문회 역공을 타미플루·충전망·로켓·애플카로 지급,9,9,6,0.19,0.35,0.19,0.15,0.12,사퇴 약속 뒤 실제 혼잡도 120% 초과가 생방송 프레임을 깨 행동·환호 보상이 폭발한다.,L53463~L53621
304,304,DCA-N29,N29·청문회 역공을 타미플루·충전망·로켓·애플카로 지급,5,8,7,0.21,0.22,0.30,0.12,0.15,김 의원의 사과와 타미플루 원가공급을 충전소·보조금 약속으로 바꾼다. 체면을 세워 준 대가가 전기차 인프라로 돌아오며 관계역전이 실물정책을 낳는다.,L53622~L53793
305,305,DCA-N29,N29·청문회 역공을 타미플루·충전망·로켓·애플카로 지급,6,6,7,0.25,0.24,0.27,0.08,0.16,사천리 두 회장의 LNG 욕심을 읽어 제약공장 매각 의사를 끌어내는 정보·관계 협상이다.,L53794~L53959
306,306,DCA-N29,N29·청문회 역공을 타미플루·충전망·로켓·애플카로 지급,6,8,7,0.18,0.26,0.25,0.09,0.22,LNG 지분 조건으로 공장을 넘겨받아 2천만 회분 생산력을 확보하므로 실물 보상이 높다.,L53960~L54117
307,307,DCA-N29,N29·청문회 역공을 타미플루·충전망·로켓·애플카로 지급,5,7,6,0.25,0.22,0.20,0.08,0.25,미국 약값을 보조금·도시 충전 허가와 바꾸고 AI 바이오 가능성을 찾아 정책·자산이 앞선다.,L54118~L54288
308,308,DCA-N29,N29·청문회 역공을 타미플루·충전망·로켓·애플카로 지급,5,6,7,0.28,0.20,0.29,0.08,0.15,"암호학자와 교수진을 김장우의 AI 바이오 팀에 붙이는 연구진 구성 뒤, 최재석에게 충전소 지원을 넘어 경기도 전체를 정책 실험장으로 달라고 요구한다. 전담팀과 충전기 확대 약속은 얻었으나 시범도시 수락은 최남호의 답 앞에서 멈춘다.",L54289~L54453
309,309,DCA-N29,N29·청문회 역공을 타미플루·충전망·로켓·애플카로 지급,4,7,7,0.19,0.28,0.27,0.08,0.18,스타박스 충전기를 늘리고 서울시장 공로는 최재석에게 양보한다. 인프라 확장과 정치적 빚을 동시에 쌓아 경기·서울 두 지역의 길을 넓힌다.,L54454~L54614
310,310,DCA-N29,N29·청문회 역공을 타미플루·충전망·로켓·애플카로 지급,5,6,7,0.20,0.21,0.34,0.08,0.17,할 핀니 지원 뒤 산유국 왕족에게 전기차 공동투자를 청해 장기 동맹 관계가 크게 작동한다.,L54615~L54774
311,311,DCA-N29,N29·청문회 역공을 타미플루·충전망·로켓·애플카로 지급,5,8,6,0.28,0.20,0.18,0.08,0.26,"아람코 충전망과 타미플루-M, 로켓 멤버십 조건을 한 자리에서 맞춘 뒤 애플카 완성 보고를 받는다. 서로 먼 사업들이 계약과 완제품으로 동시에 돌아와 장기 준비가 눈앞의 자산이 된다.",L54775~L54938
312,312,DCA-N29,N29·청문회 역공을 타미플루·충전망·로켓·애플카로 지급,4,8,8,0.20,0.22,0.21,0.10,0.27,130만 가입자와 아노르 명품 입점으로 적자 유통이 플랫폼 지위를 얻어 물질 보상이 앞선다.,L54939~L55096
313,313,DCA-N29,N29·청문회 역공을 타미플루·충전망·로켓·애플카로 지급,7,7,8,0.19,0.35,0.24,0.10,0.12,적자 규모를 흘리고 재벌 회장들에게 직접 경고해 견제자를 물리는 행동·권력관계가 강하다.,L55097~L55276
314,314,DCA-N29,N29·청문회 역공을 타미플루·충전망·로켓·애플카로 지급,5,7,6,0.21,0.26,0.25,0.08,0.20,현재와 충전망을 공유하고 로켓 품목·인력을 늘려 협력 관계와 실행 자산을 굳힌다.,L55277~L55435
315,315,DCA-N29,N29·청문회 역공을 타미플루·충전망·로켓·애플카로 지급,7,8,8,0.14,0.41,0.18,0.16,0.11,스턴트맨 앞에서 달리던 차량이 스스로 멈추자 현장 반응이 기술설명을 대신한다. 사람의 몸을 건 시연이 자동제동의 가치를 한 번에 증명해 관중의 안도와 놀람을 끌어낸다.,L55436~L55615
316,316,DCA-N29,N29·청문회 역공을 타미플루·충전망·로켓·애플카로 지급,6,8,6,0.18,0.34,0.18,0.12,0.18,"아이폰으로 부른 애플카가 실제 원격주차를 시연해 검색어 1위·영상 800만 회·태우차와 카이차 8퍼센트 이상 상승으로 이어진다. 보조금 액수와 GM 공장전환은 남고, 마지막은 네 시간만 잔 스티브의 이틀 아이디어 회의다.",L55616~L55812
317,317,DCA-N30,N30·애플카 수요·사우디 매수벽으로 테슬라 숏 항복,5,7,7,0.34,0.17,0.18,0.08,0.23,"각국 전기차 보조금과 중국 공장, 비트코인 미래를 차례로 점검한다. 당장 한 계약을 닫기보다 세 시장의 시점을 비교해 다음 자금배치 순서를 고른다.",L55813~L55972
318,318,DCA-N30,N30·애플카 수요·사우디 매수벽으로 테슬라 숏 항복,5,6,7,0.25,0.18,0.34,0.09,0.14,비트코인 결제와 빈 살만 국부펀드를 일부러 미온적으로 받아 관계 협상에 오래 머문다.,L55973~L56130
319,319화,DCA-N30,N30·애플카 수요·사우디 매수벽으로 테슬라 숏 항복,6,8,6,0.18,0.31,0.24,0.12,0.15,머스크와 차종을 나눈 뒤 예약 서버가 터져 행동·소비자 반응·동맹 보상이 함께 오른다.,L56131~L56286
320,320화,DCA-N30,N30·애플카 수요·사우디 매수벽으로 테슬라 숏 항복,6,8,7,0.23,0.26,0.18,0.08,0.25,테슬라 상장 급등이 배터리·반도체·GM 가치까지 끌어올린다. 한 회사의 주가반응이 태우가 먼저 쌓은 공급망 자산의 가격표로 번져 선점의 대가를 보여 준다.,L56287~L56457
321,321,DCA-N30,N30·애플카 수요·사우디 매수벽으로 테슬라 숏 항복,7,6,7,0.24,0.25,0.26,0.10,0.15,공매도 정보를 받고 사우디 인물이 예상보다 빨리 도착해 정보·행동·관계 긴장이 맞물린다.,L56458~L56631
322,322,DCA-N30,N30·애플카 수요·사우디 매수벽으로 테슬라 숏 항복,8,7,8,0.17,0.35,0.25,0.10,0.13,3년 뒤 현재가 매입보증으로 파이드를 끌어들여 사우디가 즉시 매물을 받는 행동전이다.,L56632~L56797
323,323,DCA-N30,N30·애플카 수요·사우디 매수벽으로 테슬라 숏 항복,7,7,8,0.17,0.32,0.19,0.14,0.18,해킹을 막는 동안 세계 매장 대기줄이 형성되어 행동과 대중 기대가 공매도 논리를 압박한다.,L56798~L56981
324,324화,DCA-N30,N30·애플카 수요·사우디 매수벽으로 테슬라 숏 항복,7,7,7,0.22,0.29,0.24,0.09,0.16,국가별 판매를 확인하고 조지에게 매수·언론전을 맡겨 정보와 금융 행동이 함께 전진한다.,L56982~L57144
325,325화,DCA-N30,N30·애플카 수요·사우디 매수벽으로 테슬라 숏 항복,8,7,8,0.18,0.31,0.27,0.11,0.13,사우디가 싼 주식을 내밀어 이탈하려던 펀드를 회유하고 공개 철회 약속을 받아낸다. 공매도 연합의 균열을 돈으로 봉합하면서도 카노스의 적의는 남아 다음 반격을 예고한다.,L57145~L57322
326,326화,DCA-N30,N30·애플카 수요·사우디 매수벽으로 테슬라 숏 항복,6,9,7,0.23,0.30,0.15,0.15,0.17,"테슬라 공매도 세력의 항복과 전기차주 상승 뒤 천민정의 승부조작 경기영상이 장면을 꺾는다. 실제 확인된 최소 3명·연루 5명 이상과 조사 지시가 행동 비중을 높이고, 처벌 전 마지막에는 카노스의 태우그룹 공매도 원한이 남는다.",L57323~L57487
327,327화,DCA-N31,N31·일본·남유럽 금융전과 국민경제당 선거망,5,6,6,0.38,0.19,0.16,0.08,0.19,"후쿠다의 적자 누적 경고를 받은 비상회의에서 일본 KIKO·공매도와 남유럽 디폴트 포지션을 승인하고 퀀텀·사우디 자금을 얼굴로 세운다. 박만덕이 동시 실패 위험을 묻자 김민재가 모든 책임을 지겠다고 답해, 현금축적 전환은 수익이 아니라 대형 배치 결정으로 지급된다.",L57488~L57633
328,328,DCA-N31,N31·일본·남유럽 금융전과 국민경제당 선거망,5,6,6,0.34,0.20,0.22,0.08,0.16,그리스·유로·국민경제당 홍보를 조지와 설계하는 회차라 전략정보와 협업 관계가 앞선다.,L57634~L57794
329,329화,DCA-N31,N31·일본·남유럽 금융전과 국민경제당 선거망,4,6,7,0.20,0.20,0.34,0.12,0.14,적자 PC방 확장과 최재석의 국가발전 원칙 확인이 정치 동맹의 신뢰를 재확인한다.,L57795~L57962
330,330,DCA-N31,N31·일본·남유럽 금융전과 국민경제당 선거망,5,6,7,0.24,0.21,0.27,0.08,0.20,펀드 고객을 늘리고 추영희·조영수와 해운 경영권 창을 열어 관계·자산이 쌓인다.,L57963~L58138
331,331,DCA-N31,N31·일본·남유럽 금융전과 국민경제당 선거망,6,7,7,0.20,0.30,0.25,0.09,0.16,현진해운의 지원 요구를 거절하고 기존 담보계약을 지킨 뒤 핀테크 대출과 캡틴 PC방 IP 여론전을 가동한다. 전국 PC방망을 선거판에 쓸 준비까지만 보이며 정확한 점포 수와 실제 여론 반응은 다음 화에서 확인된다.,L58139~L58329
332,332,DCA-N31,N31·일본·남유럽 금융전과 국민경제당 선거망,5,8,6,0.23,0.25,0.24,0.11,0.17,광역 8곳 승리 직후 일본에 100억 달러를 넣어 정치 보상과 새 행동을 맞물린다.,L58330~L58495
333,333,DCA-N31,N31·일본·남유럽 금융전과 국민경제당 선거망,5,8,6,0.28,0.13,0.20,0.08,0.31,"노무라 50억 달러를 포함한 보험계약 150억 달러 초과 체결이 이 회차의 큰 물질 영수증이다. 남은 150억 달러의 일본 제조업 공매도 100억·엔화 50억 배분은 계획이고, 건설·로켓의 현금소모를 보며 2011년 수확을 기다리는 숨 고르기로 닫힌다.",L58496~L58665
334,334,DCA-N31B,N31B·동일본 대지진 대피준비와 일본 금융결산,8,7,8,0.18,0.38,0.24,0.12,0.08,일본의 첫 지진 직후 태우는 항공기·버스와 현지 협조선을 준비하고 최재석은 기자회견과 교민협조를 맡아 직접 일본행을 택한다. 실제 대피와 비용발표는 아직 전이라 장비·역할 배치와 정치적 책임선이 회차의 중심이다.,L58666~L58839
335,335,DCA-N31B,N31B·동일본 대지진 대피준비와 일본 금융결산,10,6,10,0.15,0.36,0.19,0.20,0.10,"최소 1만2천 명 교민의 대피비 책임을 공개하고 운송수단·미국 추가자료·구호물자 조달선을 준비한다. 실제 대피 전 전화가 동시에 울리고 동일본 대지진이 발생하므로, 지급은 준비 영수증에 제한하고 재난 발생을 드문 10점 훅으로 남긴다.",L58840~L59004
336,336,DCA-N31B,N31B·동일본 대지진 대피준비와 일본 금융결산,8,10,7,0.21,0.29,0.26,0.14,0.10,교민 생존·구호·최재석 미담과 금융사 투항이 생명·관계·승패를 한꺼번에 지급한다.,L59005~L59166
337,337,DCA-N31B,N31B·동일본 대지진 대피준비와 일본 금융결산,5,9,6,0.22,0.18,0.23,0.09,0.28,"일본 금융사 정산을 15일 안에 마치고 현금 300억 달러, 주식·부동산·특허까지 500억 달러 넘게 회수한 수치가 중심이다. 일본 해운사·유럽전은 다음 투자이고, 후반은 최재석 지지율 15퍼센트 상승과 서울 무상급식 주민투표로 정치리듬을 바꾼다.",L59167~L59333
338,338,DCA-N31C,N31C·그리스·서울 투표와 DDoS 대권증거,6,6,7,0.27,0.24,0.27,0.10,0.12,그리스 조건과 서울 투표 불참을 말없이 조율해 정보·정치 행동·관계가 균형을 이룬다.,L59334~L59486
339,339,DCA-N31C,N31C·그리스·서울 투표와 DDoS 대권증거,7,6,6,0.25,0.31,0.22,0.13,0.09,천민정이 북한 IP를 미끼로 시험접속을 유도해 추적 행동과 은밀한 긴장이 높다.,L59487~L59656
340,340화,DCA-N31C,N31C·그리스·서울 투표와 DDoS 대권증거,8,7,8,0.19,0.39,0.22,0.11,0.09,"핀테크 거래기록과 좀비폰을 맞춰 필리핀 조직의 보스·전화·사무실을 특정하고 위장 취업 경로까지 좁힌다. 다음 날 출국할 직원과 경호인력 50명을 준비하는 행동이 길지만, 잠입과 결정적 증거는 보궐선거 시한 밖에 남겨 둔다.",L59657~L59811
341,341화,DCA-N31C,N31C·그리스·서울 투표와 DDoS 대권증거,8,8,7,0.21,0.30,0.26,0.13,0.10,"서울시장 선거의 36대34 승리는 실제 직위 지급이다. 디도스 증거는 개표 뒤 공개하도록 기획실장에게 넘겼을 뿐 언론에 아직 나오지 않아, 승리의 봉우리 뒤 최재석이 긴 침묵을 끝내겠다는 마지막 말만 훅으로 남긴다.",L59812~L59973
342,342화,DCA-N32,N32·로보 지분과 당뇨·mRNA 공동연구,6,6,6,0.34,0.22,0.21,0.08,0.15,"유럽 포지션 청산, 셰일 40달러와 최재석 대권을 차례로 배치한다. 재난 결산 직후 에너지와 정치의 다음 몇 년을 설계해 호흡을 길게 바꾼다.",L59974~L60147
343,343,DCA-N32,N32·로보 지분과 당뇨·mRNA 공동연구,5,7,7,0.35,0.17,0.20,0.08,0.20,한정훈과 데이비드가 로보 노디스크 지분 약 30퍼센트를 모으는 과정에 인슐린·mRNA·비만치료제 연구정보 요구가 얹힌다. 이사회 자리를 확보한 보상은 크지만 생산권과 공동연구는 다음 날 협상 전이어서 지분 숫자가 곧 성과 전체가 되지는 않는다.,L60148~L60318
344,344,DCA-N32,N32·로보 지분과 당뇨·mRNA 공동연구,5,8,6,0.25,0.18,0.34,0.08,0.15,"인슐린 아시아 생산권과 당뇨 신약 연구비 전액지원·지분 30퍼센트가 정식 계약으로 닫힌다. 데이비드의 트럼프 지원은 담당 배정이고, 덴마크 일을 마친 그가 한국으로 돌아오는 마지막 프레임은 다음 임무 전의 짧은 정지다.",L60319~L60493
345,345,DCA-N32B,N32B·도산 장비·텍사스 부지·체셔피크 셰일망,6,6,7,0.22,0.27,0.28,0.07,0.16,도산의 현금 사정을 파고들어 5조 원 규모의 매입선을 만든다. 상대의 급한 장부를 읽는 대화가 대형 자산을 싸게 살 조건으로 변한다.,L60494~L60656
346,346,DCA-N32B,N32B·도산 장비·텍사스 부지·체셔피크 셰일망,5,6,6,0.28,0.21,0.28,0.08,0.15,5천억 원 아파트 대안을 던져 도산 내부 비교를 유도하는 정보·관계 판짜기 회차다.,L60657~L60800
347,347,DCA-N32B,N32B·도산 장비·텍사스 부지·체셔피크 셰일망,5,7,7,0.27,0.21,0.30,0.08,0.14,"조지 부시에게 텍사스의 경제·안보 논리를 30분 동안 설명하는 통화가 거의 전부를 차지한다. 관심은 끌었어도 토지 소유주 설득을 부탁하거나 확답받은 장면은 없으므로, 마지막은 전직 대통령의 실제 행동을 기다리는 낮은 속도의 관계 훅이다.",L60801~L60982
348,348,DCA-N32B,N32B·도산 장비·텍사스 부지·체셔피크 셰일망,6,7,7,0.23,0.25,0.31,0.10,0.11,부시가 직접 텍사스 토지 소유주를 설득하고 김민재가 임대료 50배를 제시해 셰일 실험부지의 저항을 푼다. 마지막에는 제주도보다 큰 50만 에이커 목장 매물만 알려질 뿐 목장 이름과 매도 측 협상은 다음 화에 나온다.,L60983~L61166
349,349,DCA-N32B,N32B·도산 장비·텍사스 부지·체셔피크 셰일망,5,8,6,0.17,0.27,0.25,0.10,0.21,7억 달러 즉시 송금으로 거대 목장을 사고 베릴 재투자까지 얻어 계약 보상이 높다.,L61167~L61354
350,350,DCA-N32B,N32B·도산 장비·텍사스 부지·체셔피크 셰일망,5,7,7,0.30,0.20,0.25,0.08,0.17,"와고너 목장을 시추 부지로 확보하고 베릴의 재투자·운영 참여를 정해 사람과 땅을 먼저 고정한다. 체서피크 협업·우선인수 조항과 장비 조달은 설계만 펼쳐 놓아, 실물 지급 뒤 계약 과제가 연이어 남는 리듬이다.",L61355~L61505
351,351,DCA-N32B,N32B·도산 장비·텍사스 부지·체셔피크 셰일망,5,8,7,0.29,0.20,0.28,0.08,0.15,체서피크 셰일 협력계약 서명과 트럼프의 전폭 정치후원 수락이 두 개의 현재 지급이다. 다음 달 금융타워 완공과 월가 30곳 입주·유럽 금융사 이전은 대기상태여서 계약 봉우리 뒤 건물의 빈 공간을 훅으로 남긴다.,L61506~L61665
352,352,DCA-N32C,N32C·금융타워·제1야당과 직원 가족제도,4,9,6,0.23,0.19,0.27,0.11,0.20,퀀텀·버크셔·노무라·BNP가 완공식에 모여 도시 금융인프라와 동맹 지위가 크게 지급된다.,L61666~L61849
353,353,DCA-N32C,N32C·금융타워·제1야당과 직원 가족제도,5,7,6,0.31,0.18,0.20,0.08,0.23,상환속도·공유오피스·UAW 카드와 비트코인 독점·총선 소식이 정보와 자산을 쌓는다.,L61850~L62004
354,354,DCA-N32C,N32C·금융타워·제1야당과 직원 가족제도,5,8,6,0.28,0.18,0.25,0.11,0.18,최재석을 몰아붙인 끝에 국민경제당이 첫 야당 지위를 얻었다는 정치 지급과 센트리언 인슐린 개발 완료가 나란히 놓인다. 로보 연구진의 AI 협업 요청을 승인하고 서정준에게 덴마크 협상을 넘기는 끝은 비만치료제 공동연구를 아직 실행 전으로 남긴다.,L62005~L62159
355,355,DCA-N32C,N32C·금융타워·제1야당과 직원 가족제도,6,7,7,0.28,0.20,0.28,0.10,0.14,공동연구를 승인하고 크림 정보를 공개해 남는 금융사를 가리는 정보·관계 시험이다.,L62160~L62331
356,356,DCA-N32C,N32C·금융타워·제1야당과 직원 가족제도,4,7,6,0.18,0.20,0.31,0.21,0.10,"신사옥 외형은 90퍼센트이고, 실제 완료된 것은 일주일 전 직원 익명설문과 그 결과 수령이다. 연차·야근·육아휴직·재택·단축근무·안식년은 구체 시행지침이지만 직원 삶의 변화는 아직 검증 전이라 보상을 제도확정 수준에 둔다.",L62332~L62511
357,357,DCA-N33,N33·신사옥·대선·사드와 투게더워크-ARN 교환,4,8,8,0.18,0.20,0.33,0.17,0.12,임원 접근금지 커뮤니티와 완공식에서 머스크 동맹을 재확인해 관계·환대 보상이 앞선다.,L62512~L62684
358,358,DCA-N33,N33·신사옥·대선·사드와 투게더워크-ARN 교환,4,7,7,0.18,0.16,0.36,0.20,0.10,김태중 앞에서 세계 권력자들을 태우 편으로 만들겠다고 약속한다. 사업계획의 거대한 말이 조손 사이의 영속 약속으로 내려앉아 신사옥 이후 무엇을 지킬지가 분명해진다.,L62685~L62878
359,359,DCA-N33,N33·신사옥·대선·사드와 투게더워크-ARN 교환,5,6,8,0.32,0.19,0.20,0.08,0.21,원격회의 사업성과를 확인하면서 연준 테이퍼링 시점을 함께 읽는다. 미래업무의 성장 기대가 금리변화 경계와 나란히 놓여 낙관만으로 달리지 않게 한다.,L62879~L63070
360,360,DCA-N33,N33·신사옥·대선·사드와 투게더워크-ARN 교환,7,6,7,0.29,0.27,0.24,0.09,0.11,거짓 정보를 흘려 반응한 금융사를 골라내고 대선 결과까지 점검한다. 누가 배신했는지 확인하는 작은 시험과 국가권력 교체가 같은 정보망에서 이어진다.,L63071~L63239
361,361,DCA-N33,N33·신사옥·대선·사드와 투게더워크-ARN 교환,7,5,8,0.22,0.24,0.34,0.14,0.06,차량 밀담에서 최재석에게 패배·재보궐 선택을 맡겨 정치 관계와 결단 압력이 앞선다.,L63240~L63391
362,362화,DCA-N33,N33·신사옥·대선·사드와 투게더워크-ARN 교환,8,8,8,0.18,0.33,0.28,0.13,0.08,생방송 중임제 합의와 후보 사퇴가 즉시 여론을 뒤집어 행동·정치 지위 보상이 강하다.,L63392~L63562
363,363,DCA-N33,N33·신사옥·대선·사드와 투게더워크-ARN 교환,5,6,6,0.24,0.21,0.32,0.11,0.12,기부금 접근을 거절하고 기존 계약을 지켜 국내 정권보다 미국 우군과 원칙 관계를 확인한다.,L63563~L63736
364,364,DCA-N33,N33·신사옥·대선·사드와 투게더워크-ARN 교환,5,7,7,0.31,0.19,0.28,0.08,0.14,대러 제재·증산과 저궤도 통신망을 조지·머스크와 맞춘다. 금융과 우주 인프라의 서로 다른 카드를 한 동맹 안에서 조립하는 협상에 시간을 쓴다.,L63737~L63895
365,365,DCA-N33,N33·신사옥·대선·사드와 투게더워크-ARN 교환,7,7,8,0.29,0.25,0.28,0.09,0.09,오바마에게 중국 손실만큼 혜택과 위성 공유를 요구해 외교 정보·행동·관계가 팽팽하다.,L63896~L64071
366,366,DCA-N33,N33·신사옥·대선·사드와 투게더워크-ARN 교환,6,6,7,0.23,0.26,0.31,0.10,0.10,재벌 회장단을 모아 사드 부지를 서로 내놓게 만든다. 애국 명분과 그룹별 이해득실을 경쟁시켜 직접 명령 없이도 행동을 끌어낸다.,L64072~L64251
367,367,DCA-N33,N33·신사옥·대선·사드와 투게더워크-ARN 교환,5,7,5,0.18,0.29,0.30,0.10,0.13,양산 창고 미끼로 현재·샤롯이 더 좋은 땅을 내게 해 행동·재벌 관계 보상이 두드러진다.,L64252~L64428
368,368,DCA-N33,N33·신사옥·대선·사드와 투게더워크-ARN 교환,6,7,6,0.22,0.25,0.25,0.08,0.20,"투게더워크 90퍼센트와 ARN 교환, 베릴 10퍼센트의 1억 달러 매각·ARN 재투자안을 손정우가 즉시 수락한다. 협상관계는 크게 전진하지만 문서·대금·지분이전 장면은 없어 소유권 보상으로 올리지 않고 빠른 합의 자체를 결산으로 잡는다.",L64429~L64601
369,369,DCA-N33B,N33B·테이퍼링 3단 금융작전과 3차 석유전 준비,6,7,7,0.29,0.22,0.26,0.08,0.15,리사 수에게 사후 설명해 ARN·AI·파운드리 결합을 인정받고 테이퍼링 신호를 맞는다.,L64602~L64774
370,370,DCA-N33B,N33B·테이퍼링 3단 금융작전과 3차 석유전 준비,6,7,7,0.27,0.25,0.27,0.08,0.13,조지에게 시한을 주고 수익을 나누며 진동구에게 사드 연기를 시켜 금융·승계 관계를 조종한다.,L64775~L64951
371,371,DCA-N33B,N33B·테이퍼링 3단 금융작전과 3차 석유전 준비,7,6,6,0.23,0.24,0.35,0.12,0.06,진동구·진동오의 말다툼 속에서 사장단이 장남 편으로 기운다. 사업보고보다 누가 다음 권력을 잡는지 눈치를 보는 침묵이 가족 승계균열을 드러낸다.,L64952~L65120
372,372,DCA-N33B,N33B·테이퍼링 3단 금융작전과 3차 석유전 준비,6,7,7,0.34,0.20,0.27,0.08,0.11,양적완화 정보를 나눈 뒤 천민정을 승진시키고 로보 AI 자료의 오염 통로를 설계한다. 인사 보상 직후 연구데이터를 역으로 흘릴 작전이 붙어 축하보다 계산이 오래 간다.,L65121~L65294
373,373,DCA-N33B,N33B·테이퍼링 3단 금융작전과 3차 석유전 준비,5,6,7,0.37,0.18,0.23,0.07,0.15,"테이퍼링 신호에 대비한 포지션의 소규모 수익을 먼저 확인한다. 베네수엘라·셰일·크림반도·OPEC을 잇는 석유전쟁은 후쿠다·데이비드·다이먼과 한정훈에게 타임라인을 맡긴 단계라, 정보와 설계가 길고 원유수익은 아직 없다.",L65295~L65470
374,374,DCA-N33C,N33C·몽골 운송병목·크림제재와 중국 판로협상,4,7,7,0.35,0.16,0.20,0.07,0.22,저궤도·전기차·자원 장기적자와 전자 캐시카우를 결산해 정보·사업자산에 머문다.,L65471~L65627
375,375,DCA-N33C,N33C·몽골 운송병목·크림제재와 중국 판로협상,6,8,7,0.30,0.23,0.24,0.08,0.15,루블·주가 포지션과 철수 협상가치를 확인해 금융정보·동맹 충성·수익을 함께 지급한다.,L65628~L65819
376,376,DCA-N33C,N33C·몽골 운송병목·크림제재와 중국 판로협상,6,7,7,0.22,0.23,0.36,0.11,0.08,"축구 자선행사에 100억 원을 써 로만을 불러낸 뒤 태우 철수 방지와 몽골 자원의 러시아 경유를 맞바꾼다. 로만이 다국적 컨소시엄안을 받아 크렘린 허가를 구하겠다고 약속하는 관계 장면이 길고, 중국 구매자가 없다는 실물 구멍이 마지막에 남는다.",L65820~L65985
377,377,DCA-N33C,N33C·몽골 운송병목·크림제재와 중국 판로협상,5,8,6,0.26,0.21,0.32,0.08,0.13,"리강에게 러시아 경유안과 최소 20년 몽골 자원 구매계약을 함께 제시해 중국 권력선의 반응을 살핀다. 주석 보고와 성사 노력 약속까지만 받은 뒤 사우디 증산·왕위승계 확인으로 시선을 돌려, 판로 계약은 일부러 미지급 상태로 둔다.",L65986~L66170
378,378,DCA-N33D,N33D·살만 왕위동맹과 OPEC 증산 원유숏,7,7,6,0.21,0.22,0.37,0.15,0.05,살만의 분노를 누그러뜨리고 빈 살만을 왕세자로 올릴 방법과 왕족 숙청을 논의한다. 가족 내부의 감정대화가 곧 국가 권력승계와 계좌작전으로 이어져 둘의 동맹 위험을 키운다.,L66171~L66350
379,379,DCA-N33D,N33D·살만 왕위동맹과 OPEC 증산 원유숏,7,7,7,0.25,0.25,0.32,0.10,0.08,왕족 자산 환수 명분과 천민정·강 대위 팀을 붙여 관계·정보·실행 압력을 끌어올린다.,L66351~L66547
380,380,DCA-N33D,N33D·살만 왕위동맹과 OPEC 증산 원유숏,9,9,7,0.15,0.32,0.18,0.08,0.27,OPEC 증산 직후 원유가 110달러에서 105달러로 떨어지고 5배 레버리지 수익률이 25%를 넘는다. 준비기간 자금을 하루 만에 전액 회수했다는 정확한 영수증이 석유전쟁의 첫 큰 봉우리를 만든다.,L66548~L66742
381,381,DCA-N34,N34·헤스·체셔피크·가이아나와 카노스 공개매수 함정,7,7,6,0.30,0.27,0.17,0.08,0.18,"커넥트 자동번역 완성 뒤 로보가 훔친 신약 AI에 효과 저하와 부작용 증가를 심고, 금융사별 유가 하락 수익을 나눈다. 원유 100달러선 붕괴와 셰일주 15퍼센트 하락은 보이지만 ‘스케일이 다른 투자’의 정체는 감춘 채 금융·바이오 두 전선을 함께 연다.",L66743~L66910
382,382,DCA-N34,N34·헤스·체셔피크·가이아나와 카노스 공개매수 함정,7,7,7,0.29,0.24,0.26,0.08,0.13,"체셔피크·헤스 공매도와 500억 달러 이상 인수규모, 헤스의 가이아나 펀드 30%와 태우 목표 60%를 같은 회의에서 맞춘다. 미국 대사의 구조요청까지 오지만 소유권은 아직 없어, 고유 표적과 실행행동을 살리되 인수 완료로 넘기지 않는다.",L66911~L67084
383,383,DCA-N34,N34·헤스·체셔피크·가이아나와 카노스 공개매수 함정,6,7,5,0.27,0.23,0.32,0.09,0.09,오바마에게 두 인수안을 주고 대상 결정권을 얻어 국빈급 관계와 정책협상이 앞선다.,L67085~L67243
384,384,DCA-N34,N34·헤스·체셔피크·가이아나와 카노스 공개매수 함정,5,6,6,0.32,0.20,0.30,0.07,0.11,핀테크 자금과 중국 CNOOC 매각을 한 판에 묶어 정보·외교 관계에 오래 머문다.,L67244~L67404
385,385,DCA-N34,N34·헤스·체셔피크·가이아나와 카노스 공개매수 함정,6,8,7,0.30,0.23,0.19,0.08,0.20,"감산 시점과 반도체단지, 무부채 현금을 제시해 헤스 이사회의 승인을 끌어낸다. 미래 유가논리가 이사회 표와 자산 인수 허가로 바뀌어 첫 관문을 닫는다.",L67405~L67584
386,386,DCA-N34,N34·헤스·체셔피크·가이아나와 카노스 공개매수 함정,6,8,7,0.22,0.22,0.34,0.11,0.11,창업가가 자기 프리미엄을 직원 위로금으로 돌린다. 헤스 인수조건을 맞추는 숫자 협상 속에서 직원에게 남길 몫이 관계의 온도를 바꾼다.,L67585~L67757
387,387,DCA-N34,N34·헤스·체셔피크·가이아나와 카노스 공개매수 함정,7,7,8,0.29,0.24,0.22,0.07,0.18,체셔피크·CNOOC를 정리하고 실제 지분 70%를 숨겨 카노스의 3단계 공격을 유도한다.,L67758~L67939
388,388,DCA-N34,N34·헤스·체셔피크·가이아나와 카노스 공개매수 함정,8,6,8,0.22,0.34,0.25,0.12,0.07,태우는 반응을 숨긴 채 버티고 카노스는 400퍼센트 수익을 외치며 새 펀드 자금을 모은다. 한쪽의 침묵과 다른 쪽의 과신이 맞물려 이후 역포획에 필요한 물량이 스스로 쌓인다.,L67940~L68101
389,389,DCA-N34,N34·헤스·체셔피크·가이아나와 카노스 공개매수 함정,7,6,7,0.25,0.27,0.26,0.11,0.11,사우디 불개입·컨소시엄 균열 소문으로 중소 펀드 쌈짓돈까지 끌어 관계전 압박을 높인다.,L68102~L68274
390,390,DCA-N34,N34·헤스·체셔피크·가이아나와 카노스 공개매수 함정,5,9,6,0.20,0.24,0.18,0.17,0.21,동전던지기로 수십조 원 유전권을 1달러에 얻는 놀람과 물질 보상이 크게 솟는다.,L68275~L68451
391,391,DCA-N34,N34·헤스·체셔피크·가이아나와 카노스 공개매수 함정,8,9,7,0.22,0.30,0.24,0.13,0.11,"살만 즉위와 빈 살만의 국방장관 임명·왕세자 계획을 점검하는 사이, 가이아나 로건팀이 최소 50억 배럴로 추정되는 대형 유전을 발견한다. 헤스 공매도판을 뒤집을 호재가 태어난 것이 지급이며 정밀조사와 시장공개는 아직 다음 단계다.",L68452~L68641
392,392,DCA-N34,N34·헤스·체셔피크·가이아나와 카노스 공개매수 함정,8,7,8,0.28,0.31,0.21,0.08,0.12,헤스 매도물량을 전부 받아 내면서 대출설을 흘린 타워사를 추적해 배신자를 좁힌다. 시장 방어와 내부 색출을 동시에 진행해 주가판의 압박이 조직 신뢰 문제로 번진다.,L68642~L68807
393,393,DCA-N34,N34·헤스·체셔피크·가이아나와 카노스 공개매수 함정,9,8,7,0.18,0.41,0.18,0.11,0.12,합법적으로 매수한 헤스 주가가 폭등하고 공매도에 낀 중소 펀드들이 파산선에 들어간다. 공격하던 물량이 되돌아가 상대 장부를 무너뜨리며 역포획의 결과가 숫자로 보인다.,L68808~L68990
394,394,DCA-N34,N34·헤스·체셔피크·가이아나와 카노스 공개매수 함정,7,7,8,0.20,0.26,0.35,0.10,0.09,"레일·마크 펀드가 요구한 헤스 주식 반환을 거절하고 1억 달러 프리미엄을 매긴 뒤, 버크셔의 매수 이유를 확인하는 데 회차가 오래 머문다. 워런에게는 헤스 지분 3년 임대와 정체를 밝히지 않은 시장 이벤트만 제안하므로 작전명과 참여 확답은 다음 화 몫이다.",L68991~L69182
395,395,DCA-N34,N34·헤스·체셔피크·가이아나와 카노스 공개매수 함정,7,8,8,0.27,0.23,0.32,0.08,0.10,공개매수 후 재상장안을 버핏·미 대사가 묵인해 국가·기업 연합 관계가 완성된다.,L69183~L69348
396,396,DCA-N34,N34·헤스·체셔피크·가이아나와 카노스 공개매수 함정,9,8,7,0.18,0.40,0.20,0.12,0.10,"헤스 공개매수 발표, 퀀텀 3퍼센트의 100퍼센트 프리미엄 이전, 헤지펀드 절반 이상의 카노스 이탈이 실제 시장행동으로 이어진다. 후반 최재석이 4년 중임과 평창재단 요구를 꺼내며 기업전의 속도를 정치적 거래로 낮춘다.",L69349~L69537
397,397,DCA-N34B,N34B·카노스 청소부 전향과 한정훈 지휘권 승계,8,8,7,0.19,0.27,0.37,0.10,0.07,"박만덕의 동남아 퇴직 자리와 한정훈의 인수인계·교육 경로를 정하는 승계 대화가 한 축이다. 다른 축에서는 카노스에게 동료 헤지펀드를 배신하고 자산을 흡수하라고 제안해 전향 약속을 받되, 실제 은퇴·취임과 2주 작전은 아직 앞에 둔다.",L69538~L69724
398,398,DCA-N34B,N34B·카노스 청소부 전향과 한정훈 지휘권 승계,6,8,8,0.23,0.21,0.34,0.11,0.11,"카노스가 약속한 2주 안에 헤지펀드들을 파산시킨 결과를 확인하고 태우 300억 달러·금융타워 총 600억 달러를 중국에 배치한다. 태우건설의 도급 1위와 토지 반등을 짚은 뒤 다음 달 이취임식 날짜를 잡아, 시장 승리를 한정훈의 지위 이전으로 넘긴다.",L69725~L69890
399,399,DCA-N34B,N34B·카노스 청소부 전향과 한정훈 지휘권 승계,7,8,7,0.27,0.23,0.30,0.10,0.10,"박만덕 은퇴·한정훈 부회장 취임과 중국시장 600억 달러 투입, 카노스발 헤지펀드 20곳 파산이 현재 영수증이다. 청와대 200억 원은 분할안을 냈을 뿐 지급 전이고, 마지막 로보 폐기신약 보고가 금융승계 뒤 바이오 표적을 연다.",L69891~L70053
400,400,DCA-N34C,N34C·로보 GLP-1 권리계약과 중국숏 D-DAY,7,5,5,0.31,0.24,0.30,0.08,0.07,폐기 보고·덴마크행·에릭센 매각안은 완성되지만 서명 전이라 정보·관계와 훅이 최고다.,L70054~L70215
401,401,DCA-N34C,N34C·로보 GLP-1 권리계약과 중국숏 D-DAY,7,9,7,0.24,0.16,0.18,0.07,0.35,"10억 달러로 폐기신약 전 권리·연구자료를 받고 인슐린 로열티를 없애는 계약에 당일 서명한다. 귀국 즉시 중국 공매도 D-DAY가 시작되지만 수익은 아직 없어, 바이오 소유권 보상 뒤 행동·정보 리본이 금융전 개시로 이동한다.",L70216~L70406
402,402,DCA-N35,N35·중국숏·삼진 생산동맹과 메르스 긴급승인,7,7,8,0.16,0.12,0.34,0.20,0.18,"중국 금융수익 일부를 차명계좌로 수뇌부에 보내는 정치보험 처리 뒤 병원 장면으로 자리가 바뀐다. 오희건이 승계 조언을 청하며 이번 주 태우 지분 이전을 약속하지만 실제 명의이전은 없어, 노인의 부탁과 오용재의 선택이 물질 지급보다 앞선다.",L70407~L70589
403,403,DCA-N35,N35·중국숏·삼진 생산동맹과 메르스 긴급승인,7,8,6,0.18,0.15,0.32,0.10,0.25,"삼진 합병과 공장, 인슐린 권리를 놓고 오희건과 승계조건을 맞바꾼다. 회사와 연구자산의 숫자가 가족 후계 선택에 묶이면서 인수협상이 사람의 결단을 기다린다.",L70590~L70762
404,404,DCA-N35,N35·중국숏·삼진 생산동맹과 메르스 긴급승인,5,8,7,0.34,0.15,0.10,0.08,0.33,중국 지수 전략과 신약 안전성·출시 가능성을 해석하고 미래 잭팟을 계산하는 회차다,L70763~L70923
405,405,DCA-N35,N35·중국숏·삼진 생산동맹과 메르스 긴급승인,9,3,8,0.32,0.28,0.08,0.20,0.12,메르스 첫 환자 정보가 연구 증원과 사스 자료 인수 행동을 촉발해 정보·행동·불안이 솟는다,L70924~L71095
406,406,DCA-N35,N35·중국숏·삼진 생산동맹과 메르스 긴급승인,9,6,7,0.20,0.42,0.12,0.18,0.08,R&D센터를 비우고 음압실과 이동식 병실을 설치한다. 메르스 정보를 읽는 즉시 건물과 장비가 움직여 연구거점이 환자를 받을 현장으로 바뀐다.,L71096~L71268
407,407,DCA-N35,N35·중국숏·삼진 생산동맹과 메르스 긴급승인,8,6,7,0.27,0.23,0.20,0.08,0.22,"메르스 치료정보를 모으는 24시간 알고리즘을 먼저 돌리고, 리강을 통해 만난 제리 왕에게 공매도 중단의 대가를 묻는다. 10배로 뛴 용선료를 협상 카드로 쥔 채 구체 인하폭은 듣지 못해 정보수집과 협상 대기가 비슷한 길이로 맞물린다.",L71269~L71428
408,408,DCA-N35,N35·중국숏·삼진 생산동맹과 메르스 긴급승인,8,9,8,0.16,0.29,0.17,0.15,0.23,용선료 절반 인하와 이탈 금융사 처벌 뒤 메르스 임상 성공이 터져 행동과 보상이 동시에 오른다,L71429~L71612
409,409,DCA-N35,N35·중국숏·삼진 생산동맹과 메르스 긴급승인,8,9,7,0.21,0.29,0.18,0.12,0.20,식약처가 공개적으로 비난했던 부담을 되받아 한국 최초 메르스 치료제 긴급사용승인과 출시를 끌어낸다. FDA 방문 때 메르스·당뇨병 자료를 함께 보여 주라는 후반 지시는 국내 지급의 흥분을 연내 미국 승인이라는 새 심사로 낮춘다.,L71613~L71796
410,410,DCA-N35,N35·중국숏·삼진 생산동맹과 메르스 긴급승인,5,7,6,0.37,0.08,0.08,0.20,0.27,메르스 치료제는 공식 판매를 시작했고 당뇨 신약 우선심사 약속도 얻지만 미국 FDA 허가는 다음 달 전망이다. 저가정책·부정평가로 주가가 내려간 역풍과 브렉시트 준비가 함께 있어 실제 제품 지급을 살리되 승인·금융수익은 유예한다.,L71797~L71965
411,411,DCA-N36,N36·군산·새만금 투자와 사우디·신약 생산동맹,6,5,7,0.25,0.15,0.22,0.08,0.30,"서울 지지율 30퍼센트를 계산한 뒤 호남 돌파구로 군산 조선소와 새만금에 쓸 10억 달러를 떼어 놓는다. 숫자와 지역정치 설명이 길고 실제 발주 전이라, 마지막에는 장명준이 수주와 탈당을 함께 받아들일지가 사람의 선택으로 남는다.",L71966~L72141
412,412,DCA-N36,N36·군산·새만금 투자와 사우디·신약 생산동맹,7,7,7,0.12,0.27,0.24,0.18,0.19,태우 선박 5억 달러를 군산 조선소에 일시불 발주하고 시위대에 직접 사과한 뒤 최재석의 공로를 공개한다. 현장 반응으로 호남 구제 이미지는 지급되지만 새만금 5억 달러와 타기업 자금을 합쳐 20억 달러로 키우는 계획은 아직 실행 전이다.,L72142~L72298
413,413,DCA-N36,N36·군산·새만금 투자와 사우디·신약 생산동맹,8,6,5,0.27,0.30,0.15,0.13,0.15,범죄정보망과 여론전을 실제 가동하고 트럼프까지 움직이는 정보전 행동이 전면에 선다,L72299~L72490
414,414,DCA-N36,N36·군산·새만금 투자와 사우디·신약 생산동맹,8,7,7,0.26,0.14,0.30,0.16,0.14,"삼진바이오 주가 네 배·흑자와 무상 공장지원 제안, 국민경제당 지지율 1위가 앞부분의 지급이다. 빈 살만은 부왕 동의와 1월 왕세자 교체·숙청계획을 털어놓을 뿐 실행 전이며, 밤새 친구로 이야기하는 관계장면이 후반을 오래 점유한다.",L72491~L72663
415,415,DCA-N36B,N36B·중국폭락·자율주행과 ASML 지분 수확,5,6,7,0.36,0.20,0.11,0.08,0.25,중국 서킷브레이커와 자율주행 실차 데이터의 미래 효용을 설명하고 투자처를 정하는 기획 회차다,L72664~L72834
416,416,DCA-N36B,N36B·중국폭락·자율주행과 ASML 지분 수확,9,9,9,0.18,0.32,0.06,0.19,0.25,중국 장중 7퍼센트 폭락을 견디며 청산을 늦추는 금융 행동과 위험·수익 체감이 높다,L72835~L73014
417,417,DCA-N36B,N36B·중국폭락·자율주행과 ASML 지분 수확,7,8,7,0.24,0.16,0.12,0.11,0.37,400조 예상수익과 100조 재투자 규모가 새만금 갈등보다 강한 물질적 전환점으로 읽힌다,L73015~L73175
418,418,DCA-N36B,N36B·중국폭락·자율주행과 ASML 지분 수확,7,7,6,0.25,0.20,0.17,0.08,0.30,세계 매도세 청산 뒤 해운사·부산항 정책을 설계해 금융수확을 물류자산으로 옮긴다,L73176~L73359
419,419,DCA-N36B,N36B·중국폭락·자율주행과 ASML 지분 수확,4,8,6,0.14,0.11,0.33,0.12,0.30,"오용재 일가의 상속세 신용대출을 약속하고 삼진의 ASML 지분 3퍼센트 매매 합의를 얻은 뒤, 미국·대만 매도물량 추가 매집까지 지시한다. 지분 이전은 실무계약 전이고 마지막 연락은 최재석과 해운업 문제를 논의할 다음 날 약속만 연다.",L73360~L73524
420,420,DCA-N36C,N36C·새만금·부산항·PF 기업동맹과 대통령 하야,7,7,7,0.20,0.17,0.24,0.08,0.31,"최재석과 새만금 화학단지 안전, 부산 신항, 해운 빅딜을 총선 정책으로 묶고 수도권·광역시 PF 30조 원 모집안을 펼친다. 금융타워가 참여하지 않으면 태우가 대겠다는 결심은 선명하지만 50조 원 실투자는 없어, 회차의 재미는 자금판을 조립하는 데 있다.",L73525~L73689
421,421,DCA-N36C,N36C·새만금·부산항·PF 기업동맹과 대통령 하야,5,6,7,0.27,0.18,0.14,0.08,0.33,PF 미끼 구조와 해운빅딜 시점을 설명하며 검색 1위 정책을 기업동맹 자산으로 바꾼다,L73690~L73855
422,422,DCA-N36C,N36C·새만금·부산항·PF 기업동맹과 대통령 하야,8,7,9,0.23,0.15,0.11,0.22,0.29,정부 압박 속 유고빈 이익이 커지고 총선 출구조사를 기다려 보상과 선거 긴장이 함께 높다,L73856~L74020
423,423,DCA-N36C,N36C·새만금·부산항·PF 기업동맹과 대통령 하야,8,9,7,0.13,0.11,0.22,0.22,0.32,151석 승리 뒤 장명준의 보은과 현재가 지분 협상으로 표가 권력·자산이 되는 지급 회차다,L74021~L74192
424,424,DCA-N36C,N36C·새만금·부산항·PF 기업동맹과 대통령 하야,9,7,8,0.18,0.35,0.12,0.22,0.13,세무조사 압박에 맞서 범서북파 자료를 언론에 공개한다. 방어 설명보다 증거를 먼저 터뜨려 청와대의 공격을 대중 앞 역공으로 돌린다.,L74193~L74368
425,425,DCA-N36C,N36C·새만금·부산항·PF 기업동맹과 대통령 하야,9,5,8,0.26,0.15,0.19,0.27,0.13,정권 불법과 지지율을 따져 자진 하야를 압박하는 계산 속 최재석의 결단 긴장이 커진다,L74369~L74533
426,426,DCA-N36C,N36C·새만금·부산항·PF 기업동맹과 대통령 하야,10,10,10,0.11,0.24,0.17,0.27,0.21,"최재석과 김민재의 하야 압박, 6월 23일 브렉시트 포지션 점검이 교차하다 마지막 TV 담화에서 대통령이 모든 책임을 지고 물러나겠다고 공개 선언한다. 퇴임 절차 전이지만 국가 최고권력의 자진 사퇴 약속이 생중계로 고정되어 세 점수가 함께 드문 절정에 오른다.",L74534~L74703
427,427,DCA-N37,N37·700조 반도체도시와 해운 빅딜,8,8,6,0.23,0.13,0.27,0.10,0.27,"정부가 인허가·기반공사를 맡고 태우가 투자·기업 유치를 책임지는 역할표를 최재석에게 건넨다. 기업인의 구상이 대선 성장서사로 승격되는 관계·지위 보상 뒤, 토지와 고용을 실제 공약 영수증으로 바꾸는 일이 짧게 열린다.",L74704~L74857
428,428,DCA-N37,N37·700조 반도체도시와 해운 빅딜,5,7,7,0.22,0.23,0.14,0.13,0.28,토지 10조 원과 평생 일자리 계획을 부지·채용안으로 내려보낸다. 선거구호에 머물던 개발 약속이 실제 땅과 사람의 배치로 바뀐다.,L74858~L75029
429,429,DCA-N37,N37·700조 반도체도시와 해운 빅딜,8,5,7,0.24,0.12,0.29,0.08,0.27,8조 부채와 손실분담 계산을 놓고 채권단·오너가를 압박하는 숫자 중심 관계 협상이다,L75030~L75208
430,430,DCA-N37,N37·700조 반도체도시와 해운 빅딜,7,9,7,0.15,0.15,0.24,0.11,0.35,"현재해운 부채 20퍼센트인 1조6천억 원 탕감, 매각계약 날인, 잔여부채 일시상환과 현진·현재해운의 태우상사 편입이 한 회차에서 닫힌다. 해운 소유권 결산 뒤 대한타이어 회장의 면담요청이 짧은 다음 훅으로 붙는다.",L75209~L75383
431,431,DCA-N37B,N37B·사우디 왕위·총선·브렉시트 세 권력교체,9,7,8,0.18,0.28,0.25,0.16,0.13,대한타이어 승계를 지원하는 국내 협상과 사우디 왕족 체포 소식이 번갈아 온다. 한쪽에서는 후계자를 세우고 다른 쪽에서는 왕실 반대파가 제거돼 두 동맹의 안전판이 동시에 움직인다.,L75384~L75552
432,432,DCA-N37B,N37B·사우디 왕위·총선·브렉시트 세 권력교체,8,8,7,0.17,0.18,0.24,0.16,0.25,왕족 은닉재산 회수와 빈 살만의 권력 공인이 정보 지원을 신뢰와 자산으로 환산한다,L75553~L75753
433,433,DCA-N37B,N37B·사우디 왕위·총선·브렉시트 세 권력교체,8,9,8,0.15,0.12,0.20,0.23,0.30,최재석 정부 출범의 감정적 승리와 유전자 가위 특허 선점이 지위 보상 뒤 새 판을 연다,L75754~L75944
434,434,DCA-N37B,N37B·사우디 왕위·총선·브렉시트 세 권력교체,8,7,9,0.27,0.15,0.18,0.13,0.27,특허분쟁·노보 맞소송을 설계하는 동안 브렉시트 결과가 나와 정보와 금융 보상이 균형을 이룬다,L75945~L76117
435,435,DCA-N37B,N37B·사우디 왕위·총선·브렉시트 세 권력교체,7,9,5,0.14,0.14,0.25,0.19,0.28,"브렉시트 통과와 빈 살만의 왕세자 등극·500명 이상 숙청·1천억 달러 초과 자산회수가 실제 권력 영수증이다. 파운드 공략 최종수익은 남지만, 옛 친구가 국가권력자로 돌아온 장면이 정치·관계·물질 보상을 동시에 끌어올린다.",L76118~L76286
436,436,DCA-N38,N38·용선료·2M·로보소송과 반도체도시 기반,8,6,7,0.16,0.28,0.26,0.12,0.18,60만 TEU 자가선복을 공개해 선주 20명의 공동전선을 깨는 대면 협상 행동이 강하다,L76287~L76460
437,437,DCA-N38,N38·용선료·2M·로보소송과 반도체도시 기반,8,7,6,0.24,0.20,0.23,0.08,0.25,용선료 계약을 끝낸 직후 2M 배제 구조를 알아내 원가 보상과 새 동맹 문제가 교차한다,L76461~L76628
438,438,DCA-N38,N38·용선료·2M·로보소송과 반도체도시 기반,9,6,7,0.20,0.31,0.15,0.14,0.20,노보 AI 절도 증거로 맞소송을 제기하고 2M 가입도 병행해 양면 반격 행동이 솟는다,L76629~L76807
439,439,DCA-N38,N38·용선료·2M·로보소송과 반도체도시 기반,8,7,7,0.17,0.16,0.35,0.14,0.18,러스의 지분요구를 밀어내고 양측 소송 동시취하를 받아낸다. 누가 먼저 물러서느냐는 힘겨루기가 법적 전선을 닫는 상호양보로 바뀐다.,L76808~L76961
440,440,DCA-N38,N38·용선료·2M·로보소송과 반도체도시 기반,7,7,7,0.32,0.18,0.15,0.08,0.27,"로보와 무조건 소송취하로 유고빈 권리를 지키고 태우해운 약 280만 TEU·세계 4위를 확인한다. 뒤이어 이영한의 1구역 7천억 원 차익, 2·3구역 10조 원 이상 투자와 착공 2년 단축이 숫자로 쌓여 법정승리보다 도시·물류자산에 오래 머문다.",L76962~L77140
441,441,DCA-N38B,N38B·렌터카 실증·바이오 인재와 중국 산업스파이,4,6,6,0.26,0.16,0.34,0.12,0.12,버클리와 브로드 연구진에게 시설을 직접 보여 주고 질문을 받아 준다. 연봉표보다 실험실과 장비를 함께 보는 시간이 길어 낯선 연구자들의 호기심이 신뢰로 바뀐다.,L77141~L77310
442,442,DCA-N38B,N38B·렌터카 실증·바이오 인재와 중국 산업스파이,6,7,8,0.20,0.12,0.40,0.12,0.16,연봉·무제한 연구비·공동특허 조건을 내밀어 원수처럼 맞서던 두 연구팀을 한 표에 앉힌다. 개인 감정을 누를 만큼 구체적인 연구환경이 제시되며 합의가 성립한다.,L77311~L77484
443,443,DCA-N38B,N38B·렌터카 실증·바이오 인재와 중국 산업스파이,4,7,7,0.17,0.13,0.40,0.19,0.11,"최정예 변호인단과 최고 수준 보수·연구비를 한꺼번에 내걸어 김진우와 핵심 연구진의 이탈을 막는다. 팀 보존과 합류는 그 자리에서 지급되지만 누명 해소 판결은 없고, 끝은 사드 불매와 미중 갈등을 버틸 자본 규모로 시야를 넓힌다.",L77485~L77653
444,444,DCA-N38B,N38B·렌터카 실증·바이오 인재와 중국 산업스파이,9,9,8,0.16,0.17,0.19,0.25,0.23,예측을 거슬러 트럼프가 당선되고 먼저 전화하는 선거 긴장·환희·권력 보상이 봉우리다,L77654~L77841
445,445,DCA-N38B,N38B·렌터카 실증·바이오 인재와 중국 산업스파이,9,6,8,0.24,0.23,0.13,0.16,0.24,"미국 해운투자 약속을 공식화하고 중국 측 반도체 기술매각 요구를 거절한 뒤, 천민정의 무단접속 기록을 200명 이중소속 명단과 대조한다. 한 산업스파이 후보를 좁힌 것이 지급이며 이름·계좌·접촉선과 실제 유출증거는 다음 화부터 확인한다.",L77842~L78035
446,446,DCA-N38B,N38B·렌터카 실증·바이오 인재와 중국 산업스파이,8,6,7,0.28,0.30,0.10,0.12,0.20,"정영근의 50억 원 넘는 빚·불법도박·할머니 계좌 6억 원과 좀비폰 문서가 스파이의 얼굴을 구체화한다. 조작정보·악성코드는 지시일 뿐 아직 보내지 않았고, 연말 태우상사 적자와 트럼프 취임이 다음 해운규제전으로 이어진다.",L78036~L78215
447,447,DCA-N38C,N38C·트럼프 해운규제와 선박·북해자산 확보,8,8,7,0.17,0.26,0.29,0.10,0.18,취임한 트럼프에게 미국 고용 논리로 카르텔 조사를 받아내는 정치관계와 실행이 강하다,L78216~L78400
448,448,DCA-N38C,N38C·트럼프 해운규제와 선박·북해자산 확보,7,5,6,0.20,0.18,0.28,0.08,0.26,머스크에 미국 투자 대신 선박·북해 유전을 요구하는 자산 중심 대면 협상이다,L78401~L78568
449,449,DCA-N38C,N38C·트럼프 해운규제와 선박·북해자산 확보,7,8,7,0.14,0.19,0.24,0.10,0.33,70억 달러 투자와 선박·북해 유전·해운동맹 조건이 계약으로 굳어진다. 협상에서 오간 숫자가 실제 자산과 운송권으로 묶여 북유럽 진입의 영수증이 된다.,L78569~L78738
450,450,DCA-N38C,N38C·트럼프 해운규제와 선박·북해자산 확보,3,8,7,0.15,0.06,0.37,0.34,0.08,"완공된 애플 신사옥에서 스티브가 경영복귀와 장기동맹을 확인하고, 태우 주도 미국 해운동맹도 이미 성립한 사실이 나온다. 알트코인은 매집·최소 다섯 배 계획으로만 열려 있어 관계·조직 지급 뒤 금융위험을 훅으로 둔다.",L78739~L78912
451,451,DCA-N39,N39·이더리온·무인공장과 말레이시아 생존 변수,4,7,6,0.28,0.20,0.08,0.05,0.39,8달러 이더리온과 택시 면허를 선점해 시장 지배와 미래 자산의 물질적 기대가 크게 남는다,L78913~L79090
452,452,DCA-N39,N39·이더리온·무인공장과 말레이시아 생존 변수,8,6,7,0.31,0.27,0.10,0.12,0.20,"리사가 요구한 기존 공장 열 배 비용을 승인하고 웨이와 경쟁시키는 팹 투자 판단이 회차의 큰 덩어리다. 소형 코인거래소에 보안을 제공한 뒤 북한의 반복 공격을 더는 두고 보지 않겠다는 결심으로 닫아, 반도체 설계가 사이버 응징으로 급히 전환된다.",L79091~L79276
453,453,DCA-N39,N39·이더리온·무인공장과 말레이시아 생존 변수,9,4,9,0.28,0.22,0.16,0.23,0.11,"북한 장남 암살정보를 강 대위에게 넘기고 말레이시아 현장팀·독살 대응 해독제·의료진을 준비시킨다. 이 화는 생존카드를 남길 목적과 구조 준비를 소유하며, 독극물 종류와 공항에서 벌어질 구체 수법은 아직 독자에게 공개되지 않는다.",L79277~L79459
454,454,DCA-N39,N39·이더리온·무인공장과 말레이시아 생존 변수,10,9,8,0.12,0.48,0.08,0.27,0.05,공항 공격 직후 아트로핀 투여와 의료캠프 처치·철수가 이어지는 물리적 구조 봉우리다,L79460~L79656
455,455,DCA-N39,N39·이더리온·무인공장과 말레이시아 생존 변수,7,8,7,0.24,0.24,0.16,0.18,0.18,"장남 구출 뒤 칭화 부패자료 1천억 원 이상을 중국 언론·SNS에 실제 흘린다. 1초 AI 통역과 레벨3 고속도로 무오류 시험까지 성공해 정치공작과 기술검증이 번갈아 지급되고, 마지막 빈 살만 방한예고가 사우디 관계선을 연다.",L79657~L79845
456,456,DCA-N40,N40·빈 살만·국민연금과 게임·통신망 증명,6,8,6,0.18,0.12,0.37,0.11,0.22,"빈 살만이 2천억 달러 펀드의 절반을 맡기려 하자 김민재는 운용책임을 거절하고 차기 사업 공동투자와 MC소프트를 권한다. 몇 시간 뒤 빈 살만이 MC소프트 지분 10억 달러 계약을 끝내, 왕실 신뢰가 말이 아니라 즉석 투자로 확인된다.",L79846~L80027
457,457,DCA-N40,N40·빈 살만·국민연금과 게임·통신망 증명,7,6,6,0.25,0.10,0.27,0.10,0.28,사우디 입주와 국민연금 외부운용 규모를 논의해 국가·왕실 신뢰와 거대 자금이 균형을 이룬다,L80028~L80200
458,458,DCA-N40,N40·빈 살만·국민연금과 게임·통신망 증명,4,6,6,0.32,0.11,0.12,0.08,0.37,배틀 아레나와 알래스카 유전을 첫 운용 카드로 비교해 저점자산 판단에 독자가 머문다,L80201~L80369
459,459,DCA-N40,N40·빈 살만·국민연금과 게임·통신망 증명,4,9,7,0.18,0.14,0.10,0.10,0.48,"배틀 아레나 출시 반응과 국민연금 수익을 투명하게 공개한 뒤 MCA 레코드와 공연장 부지를 논의한다. 라스베이거스 계획의 두 배인 6조 원 구형 공연장을 꺼내는 순간, 지급된 게임 수익이 아직 규제를 풀어야 할 장기 실물사업으로 커진다.",L80370~L80531
460,460,DCA-N40,N40·빈 살만·국민연금과 게임·통신망 증명,6,7,7,0.22,0.18,0.25,0.08,0.27,"샤를로트의 진동우에게 승계 해법을 조언하는 대화와 미국 IT기업 망사용료를 절반으로 계약하라는 지시가 이어진다. 실제 반값 계약은 아직 없으며, 국부·연금 자본의 다음 전장이 통신 인프라와 재벌 승계라는 선언이 두 사건을 느슨하게 잇는다.",L80532~L80714
461,461,DCA-N40,N40·빈 살만·국민연금과 게임·통신망 증명,7,7,7,0.22,0.19,0.31,0.08,0.20,"망사용료 여론전을 버틴 뒤 손정우에게 엔비디아 지분 담보 35억 달러 무이자 대출과 기존 일본-미국 해저케이블 지분 매매를 맞바꾼다. 귀국 즉시 한국-미국 직통선을 준비시키지만 구글·아마존·페이스북 공동투자는 계약 전이라, 손에 든 담보권과 앞으로 깔 선로가 분리된다.",L80715~L80890
462,462,DCA-N40,N40·빈 살만·국민연금과 게임·통신망 증명,5,8,7,0.26,0.22,0.18,0.09,0.25,태우통신의 국제망 1티어 확정과 AT&T·손정우·구글·아마존·페이스북의 10조 원 해저케이블 발표가 통신지위를 눈에 보이게 바꾼다. 태우 직접부담 약 1조 원과 경쟁사 침묵을 짚은 뒤 한 달 새 약 10달러 내린 유가로 전환한다.,L80891~L81043
463,463,DCA-N41,N41·일본 품질정보·북미에너지·가이아나 위기전 포지션,9,4,8,0.42,0.23,0.08,0.18,0.09,"연구소 재시험에서 JIS 공개수치와 실제 알루미늄 값이 어긋나자 자동차·항공 부품을 조용히 교체한다. 일본 품질조작이라는 시간우위를 잡은 뒤 데이비드가 알래스카 유전 참여기업이 나타났다고 알려, 실험실의 위험이 미국 자산 미끼로 이어진다.",L81044~L81207
464,464,DCA-N41,N41·일본 품질정보·북미에너지·가이아나 위기전 포지션,5,7,7,0.23,0.13,0.31,0.08,0.25,알래스카 400억 달러 투자와 미국 측 5퍼센트 참여안을 흥정한다. 거대한 개발비를 누가 내고 어느 만큼 소유할지 숫자를 맞추는 동안 국가정책이 지분표로 바뀐다.,L81208~L81389
465,465,DCA-N41,N41·일본 품질정보·북미에너지·가이아나 위기전 포지션,5,8,6,0.31,0.18,0.10,0.06,0.35,"가이아나 펀드 70퍼센트 지배, 이더리움 8달러에서 200달러 근접과 암호화폐 매도개시가 먼저 지급된다. 뒤에서는 메타버스를 AI센터 공식사업으로 승인해 인재·특허·기업·VR 인수권을 열지만 실제 제품은 없어, 물질회수 뒤 위험투자 결정에 머문다.",L81390~L81551
466,466,DCA-N41B,N41B·중·러 공장철수와 5년 임차·대금회수,6,6,7,0.33,0.20,0.10,0.07,0.30,신약 현금을 소재·제약·화학에 재배치하고 정보망과 코인 청산시점을 점검하는 준비 회차다,L81552~L81719
467,467,DCA-N41B,N41B·중·러 공장철수와 5년 임차·대금회수,7,6,7,0.28,0.15,0.20,0.11,0.26,호남 인재 가산점·1만 명 고용과 중국 내연기관 공장 철수의 정치 방패를 먼저 최재석과 맞춘다. IIT 대학원생 여섯 명의 AI 사무프로그램에 장학금·특허 매입·태우 취업을 지시하는 후반은 실제 채용과 특허 이전 전이라 인재 발견의 기대를 길게 남긴다.,L81720~L81885
468,468,DCA-N41B,N41B·중·러 공장철수와 5년 임차·대금회수,7,5,8,0.26,0.22,0.20,0.12,0.20,범죄자금 추적과 장경준에게 흘린 공장 정보가 인수경쟁을 불러 전략 행동과 관계 압박이 맞선다,L81886~L82070
469,469,DCA-N41B,N41B·중·러 공장철수와 5년 임차·대금회수,8,5,8,0.22,0.17,0.32,0.09,0.20,"한 부회장은 단독협상처럼 보이도록 답을 늦추고 일본 업체들의 유럽 진출 욕망을 자극해 러시아 공장 묶음을 내민다. 도요타가 가격을 받아들이고 연합 구성 시간을 요청하는 데서 멈춰, 계약금보다 누가 먼저 동료를 모아 올지가 마지막에 남는다.",L82071~L82248
470,470,DCA-N41B,N41B·중·러 공장철수와 5년 임차·대금회수,8,9,6,0.15,0.22,0.17,0.09,0.37,러시아 공장 임대계약에 서명하고 5조 원을 받아 도요타에 2년 빌려주는 현금·계약 지급이 중심이다. 로만이 신규공장 설명을 받아들여 크렘린 오해를 풀겠다고 약속하면서 철수계획은 생산연속성과 외교완충선을 동시에 얻는다.,L82249~L82431
471,471,DCA-N41C,N41C·일본 품질조작 증거·리콜과 저점매수,6,7,7,0.29,0.12,0.34,0.08,0.17,리강에게 중국 공장 축소를 일대일로 재배치로 설명한다. 철수를 모욕이 아니라 중국의 대외사업을 돕는 이동으로 포장해 관계를 깨지 않고 출구를 만든다.,L82432~L82611
472,472,DCA-N41C,N41C·일본 품질조작 증거·리콜과 저점매수,10,8,8,0.18,0.37,0.12,0.22,0.11,다국가 언론·소송·선제 리콜을 동시에 터뜨려 일본 품질조작 공개 행동과 충격이 봉우리 친다,L82612~L82783
473,473,DCA-N41C,N41C·일본 품질조작 증거·리콜과 저점매수,9,7,7,0.16,0.32,0.22,0.20,0.10,최재석 대신 책임을 떠안고 전국 정비망을 돌려 부품을 바꾸는 행동과 정치 신뢰가 크다,L82784~L82957
474,474,DCA-N41C,N41C·일본 품질조작 증거·리콜과 저점매수,8,5,8,0.28,0.30,0.12,0.16,0.14,일본차 전수검사와 시험 관계자 포섭을 함께 진행해 조작증거를 좁힌다. 차량을 부수는 물리시험과 사람을 움직이는 조사가 맞물려 다음 공개폭로의 확실성을 높인다.,L82958~L83125
475,475,DCA-N41C,N41C·일본 품질조작 증거·리콜과 저점매수,9,6,9,0.24,0.39,0.08,0.20,0.09,수백억 시험비로 여러 일본차를 분해·충돌시키며 조직적 조작을 물리적으로 드러낸다,L83126~L83318
476,476,DCA-N41C,N41C·일본 품질조작 증거·리콜과 저점매수,8,6,8,0.18,0.36,0.16,0.18,0.12,베릴 특집과 기자회견·소송 시각을 맞추는 폭로 실행이 자료 설명보다 앞선다,L83319~L83505
477,477,DCA-N41C,N41C·일본 품질조작 증거·리콜과 저점매수,8,8,7,0.18,0.12,0.14,0.17,0.39,"일본차 공개사과·생산중단·리콜과 태우차 공정영상·리콜 마무리·주가상승이 품질전의 현재 결과다. 소송배상과 최종폭락은 아직 없으며, 마지막 도시바의 러시아 공장계약 파기요청이 자동차전에서 자산협상으로 장면을 꺾는다.",L83506~L83688
478,478,DCA-N41D,N41D·도시바메모리·웨스팅하우스 가격·담보 인수,7,5,6,0.21,0.16,0.32,0.08,0.23,러시아 계약 파기와 두 회사 매각을 맞바꾸고 반독점 연합까지 짠다. 한 계약의 손실을 여러 기업의 공동방어선으로 전환하는 협상 속도가 난다.,L83689~L83856
479,479,DCA-N41D,N41D·도시바메모리·웨스팅하우스 가격·담보 인수,7,7,8,0.24,0.21,0.17,0.08,0.30,"핀테크은행을 미국 측 인수자로 세운 데이비드의 로비와 15일 반독점 해결 약속을 확인한다. 이어 3배 오른 유가와 800억~1천억 달러 차익을 미끼로 글로벌 석유사들의 유전 경쟁을 붙이고 연말 비트코인 숏까지 병행해, 여러 거래의 계약 직전 긴장이 빠르게 겹친다.",L83857~L84015
480,480,DCA-N41D,N41D·도시바메모리·웨스팅하우스 가격·담보 인수,8,6,7,0.27,0.12,0.29,0.08,0.24,"금융타워가 코인 매수세를 더 끌어들이는 장면은 짧게 지나가고, 웨스팅하우스의 천문학적 적자를 근거로 도시바에 낮은 현금가를 밀어 넣는 협상이 중심을 잡는다. 러시아 공장 파기 탓에 가격 합의는 얻지만 소유권은 남고, 분식회계 전력이 도시바메모리의 다음 약점이 된다.",L84016~L84191
481,481,DCA-N41D,N41D·도시바메모리·웨스팅하우스 가격·담보 인수,8,10,7,0.21,0.13,0.18,0.07,0.41,도시바메모리·웨스팅하우스 4조5500억 엔 인수계약과 잔여지분 45퍼센트 담보의 2조 엔 대출이 당일 서명으로 닫힌다. 카메코는 3년 매집지시만 있어 우라늄 지분취득을 지급하지 않고 다음 장기투자로 남긴다.,L84192~L84351
482,482,DCA-N42,N42·청나라채권 지시·유전코인 회수와 엔비디아 현재지분,4,5,7,0.39,0.16,0.06,0.06,0.33,5% 금리·600만 파운드 청나라 채권을 경매·골동품상·미영 재단에서 6개월 안 최소 절반 모으라고 지시한다. 값싼 전략옵션의 계산과 담당자는 정해졌지만 실제 채권은 한 장도 확보되지 않아 계획 보상에 머문다.,L84352~L84522
483,483,DCA-N42,N42·청나라채권 지시·유전코인 회수와 엔비디아 현재지분,8,7,8,0.20,0.32,0.10,0.10,0.28,비트코인 숏과 세력 봉쇄·유전 입찰을 동시에 실행해 금융 행동과 매각 기대가 강하다,L84523~L84702
484,484,DCA-N42,N42·청나라채권 지시·유전코인 회수와 엔비디아 현재지분,8,9,6,0.16,0.18,0.09,0.08,0.49,"유전을 1,100억 달러에 매각하고 거래소 유동성까지 장악한다. 매각대금과 시장통제권이 같은 날 지급돼 에너지 자산이 금융 인프라로 환전된다.",L84703~L84875
485,485,DCA-N42,N42·청나라채권 지시·유전코인 회수와 엔비디아 현재지분,4,8,7,0.22,0.08,0.42,0.17,0.11,워런에게 비트코인 가격 대신 금융 인프라와 세계 자금흐름을 설명해 버크셔의 150억 달러 재투자를 받아낸다. 저점을 정확히 잡은 국민연금 운용자를 보복하지 말고 영입하라는 마지막 지시가 큰 자금 보상을 한 사람 찾기로 부드럽게 낮춘다.,L84876~L85064
486,486,DCA-N42,N42·청나라채권 지시·유전코인 회수와 엔비디아 현재지분,5,5,6,0.36,0.13,0.09,0.16,0.26,엔비디아 지분구조와 고가 희귀질환 치료제의 미래가치를 비교한다. 당장 현금화하지 않고 오래 들고 갈 기술자산을 고르는 판단이 두 산업을 한 투자표에 올린다.,L85065~L85225
487,487,DCA-N42,N42·청나라채권 지시·유전코인 회수와 엔비디아 현재지분,5,8,7,0.22,0.22,0.14,0.10,0.32,센트리언 상장·위탁공장과 생산량 20퍼센트 늘어난 스마트 팹이 실물 성장으로 보인다,L85226~L85414
488,488,DCA-N42,N42·청나라채권 지시·유전코인 회수와 엔비디아 현재지분,6,8,8,0.19,0.12,0.35,0.10,0.24,35억 달러 채권과 엔비디아 3%를 실제 교환해 태우증권 8% 이상·핀테크 포함 약 10%를 확인한다. 뱅가드·피델리티 각 7% 협상으로 25%·40%·최종 50% 경로가 열리지만 현재 보유를 통제권으로 부풀리지 않는다.,L85415~L85589
489,489,DCA-N42B,N42B·미중 무역전쟁과 중국 5년 금융권한 말합의,8,8,8,0.25,0.18,0.28,0.08,0.21,트럼프에게 미국채 매입과 중국 숏을 승인받아 정치관계가 금융 행동의 보호막이 된다,L85590~L85766
490,490,DCA-N42B,N42B·미중 무역전쟁과 중국 5년 금융권한 말합의,6,7,6,0.29,0.13,0.31,0.08,0.19,한정훈·머스크와 중국전과 우주·자율주행을 조율해 동맹관계와 전략정보가 오래 남는다,L85767~L85935
491,491,DCA-N42B,N42B·미중 무역전쟁과 중국 5년 금융권한 말합의,7,7,7,0.31,0.27,0.08,0.07,0.27,니콜라를 감시하면서 미국채 500억 달러 매입과 코인 재매수를 동시에 집행한다. 사기 위험을 지켜보는 방어선과 저점 자산을 사는 행동이 함께 움직여 현금의 다음 자리를 정한다.,L85936~L86107
492,492,DCA-N42B,N42B·미중 무역전쟁과 중국 5년 금융권한 말합의,7,8,8,0.21,0.12,0.28,0.08,0.31,"젝슨 황에게 200억 달러 합작공장, 생산량 70퍼센트 5년 선납, GPU 설계 200억 달러를 한꺼번에 제시하고 유상증자 지분 25퍼센트를 요구한다. 리사와의 5촌 관계까지 확인한 젝슨이 다음 날 대주주 회의를 돕겠다고 약속하지만 실제 400억 달러 계약과 지분 취득은 남는다.",L86108~L86288
493,493,DCA-N42B,N42B·미중 무역전쟁과 중국 5년 금융권한 말합의,8,6,7,0.37,0.14,0.12,0.06,0.31,관세 규모와 중국의 맞대응 한계를 설명하며 청나라 채권·홍콩 협상 가치를 계산한다,L86289~L86462
494,494,DCA-N42B,N42B·미중 무역전쟁과 중국 5년 금융권한 말합의,9,6,8,0.25,0.28,0.21,0.15,0.11,리강의 편들기 요구를 거절하고 대만 채권소각을 실행해 외교 행동과 정치 긴장이 솟는다,L86463~L86651
495,495,DCA-N42B,N42B·미중 무역전쟁과 중국 5년 금융권한 말합의,9,8,7,0.18,0.12,0.26,0.08,0.36,"리강이 5년간 금융활동 무제한과 5년 뒤 채권양도를 말로 수락해 정치적 문을 연다. 각 금융사 담당자가 세부조건을 만들기 시작할 뿐 계약 체결·실행 전이어서, 보상은 권한의 정치적 합의에 두고 문서화는 열린 고리로 남긴다.",L86652~L86827
496,496,DCA-N43,N43·니콜라·희토류·HBM과 팬데믹 공급망 사전방벽,7,8,6,0.20,0.17,0.33,0.13,0.17,"김정권에게 영상 각도를 돌려 니콜라 사기방식을 직접 보여 주고 2주 안 지분 매각, 새만금 공장·인력 배치를 조건으로 건다. 아버지 김성윤이 매각대금 전액과 본사 자금까지 새만금에 넣으라고 지시하는 끝에서 후계자의 납득이 그룹 투자 의무로 커진다.",L86828~L87002
497,497,DCA-N43,N43·니콜라·희토류·HBM과 팬데믹 공급망 사전방벽,6,6,7,0.22,0.09,0.39,0.22,0.08,중국 희토류 위협 앞에서 김민재가 처음으로 김태중에게 도움을 청한다. 해결책보다 할아버지에게 약한 모습을 보이는 순간이 두 사람의 신뢰와 염려를 동시에 드러낸다.,L87003~L87178
498,498,DCA-N43,N43·니콜라·희토류·HBM과 팬데믹 공급망 사전방벽,4,8,6,0.17,0.12,0.41,0.20,0.10,베트남의 오래된 인연을 통해 동파오 규제를 풀고 할아버지께 세계 1위를 약속하는 관계 보상이다,L87179~L87338
499,499,DCA-N43,N43·니콜라·희토류·HBM과 팬데믹 공급망 사전방벽,5,8,7,0.38,0.20,0.08,0.05,0.29,"희토류 점유율, 중국 공장이전과 HBM 3조 원 투자를 한 지도 위에서 계산한다. 공급망을 끊지 않으면서 생산거점을 옮길 순서를 맞추는 데 회차가 오래 걸린다.",L87339~L87506
500,500,DCA-N43,N43·니콜라·희토류·HBM과 팬데믹 공급망 사전방벽,7,7,7,0.28,0.22,0.18,0.08,0.24,"청와대의 새만금 규제법 준비에서 센트리언의 코로나 연구·공장·진단·마스크 공급망으로 이동한다. 서정준이 동의한 것은 건설비 150% 인수보증 아래 공장 신축에 더 많은 자금을 쓰는 일이며, 두 배 확대는 서술자의 가능성일 뿐 확정이 아니다. 자가진단키트팀 신설과 마스크업체 명단 제공이 이 화의 구체 실행 영수증이다.",L87507~L87668
501,501,DCA-N43,N43·니콜라·희토류·HBM과 팬데믹 공급망 사전방벽,7,6,6,0.25,0.30,0.10,0.09,0.26,마스크·음압병동 업체를 사들이고 유가 숏을 늘려 방역과 금융 방어를 동시에 실행한다,L87669~L87841
502,502,DCA-N43,N43·니콜라·희토류·HBM과 팬데믹 공급망 사전방벽,6,8,7,0.23,0.21,0.29,0.08,0.19,니콜라 사기를 공개한 뒤 오용재와 반도체·디스플레이 공조를 맺는다. 경쟁 재벌의 약점을 이용한 폭로가 국내 기술동맹이라는 실용적 보상으로 이어진다.,L87842~L88030
503,503,DCA-N43,N43·니콜라·희토류·HBM과 팬데믹 공급망 사전방벽,7,5,7,0.35,0.14,0.20,0.10,0.21,기술보호법·강제징용 판결·트럼프 재선을 엮어 한일 충돌의 방어 논리를 정리한다,L88031~L88181
504,504,DCA-N43,N43·니콜라·희토류·HBM과 팬데믹 공급망 사전방벽,5,7,7,0.18,0.13,0.33,0.07,0.29,트럼프와 골프를 치며 연 220억 달러 곡물 구매를 약속해 정치관계와 거래 규모가 크다,L88182~L88346
505,505,DCA-N43,N43·니콜라·희토류·HBM과 팬데믹 공급망 사전방벽,5,5,7,0.34,0.16,0.21,0.06,0.23,다이먼·데이비드와 비테라 인수와 농업위성 관측망을 설계하는 식량전 준비 회차다,L88347~L88514
506,506,DCA-N43B,N43B·기술유출 증거·보호법과 중국 블랙리스트,8,5,8,0.26,0.32,0.18,0.14,0.10,"천민정이 확보한 디스플레이 기술유출 증거와 관련자 명단을 이영한에게 넘기고 경찰·검찰·국세청의 묵인 조건을 붙인다. 협력업체 이름과 임원·USB 수법은 다음 화에서 처음 나오므로, 이 화의 재미는 명동 집행자를 선택하고 처벌범위를 정하는 데 있다.",L88515~L88679
507,507,DCA-N43B,N43B·기술유출 증거·보호법과 중국 블랙리스트,9,6,8,0.18,0.28,0.33,0.17,0.04,이영한은 양진태의 약점을 짚어 내부고발자로 돌아서게 만든다. 위협받던 사람이 증거를 건네는 쪽으로 바뀌며 기술유출 수사의 문이 내부에서 열린다.,L88680~L88865
508,508,DCA-N43B,N43B·기술유출 증거·보호법과 중국 블랙리스트,8,8,6,0.25,0.31,0.12,0.13,0.19,암호화폐 흐름과 5조 피해를 공개해 기술보호법 통과를 밀어붙이는 제도 행동이 강하다,L88866~L89034
509,509,DCA-N43B,N43B·기술유출 증거·보호법과 중국 블랙리스트,8,6,8,0.27,0.30,0.13,0.14,0.16,하버드 교수의 중국 연계를 폭로하고 국제 공조·공매도를 걸어 리강을 협상장으로 끌어낸다,L89035~L89193
510,510,DCA-N43B,N43B·기술유출 증거·보호법과 중국 블랙리스트,8,8,7,0.24,0.17,0.34,0.10,0.15,"리강의 단계대응 수락 뒤 중국이 한국 기술자 700명 이상을 실제 해고하고 퇴직금도 주지 않은 피해가 회차 중량을 높인다. 국제 블랙리스트는 추진계획이고, 후반 미국행 비테라·곡물협상 예고가 기술인력전에서 식량전으로 넘어간다.",L89194~L89363
511,511,DCA-N43C,N43C·곡물 카르텔 1000억 달러와 비테라 인수,7,5,7,0.25,0.12,0.31,0.07,0.25,카길·와이자타에 연 1천억 달러 구매와 농장 임차를 제시해 카르텔 관계를 가른다,L89364~L89522
512,512,DCA-N43C,N43C·곡물 카르텔 1000억 달러와 비테라 인수,5,8,6,0.24,0.18,0.15,0.07,0.36,"이미 인수한 비테라를 태우곡물회사로 바꾸고 일부 5년 곡물·농장계약과 아마존 창고임대 합의를 얻는다. 연 1천억 달러 전체계약은 진행 중이어서 일부 운영망만 지급하고, 마지막 해외 구형팹·첨단칩 과제가 반도체 공급망으로 시선을 돌린다.",L89523~L89696
513,513,DCA-N43D,N43D·인도·베트남 구형팹·ASML·곡물과 28GHz,5,6,7,0.35,0.21,0.12,0.06,0.26,"인도·베트남을 중국 구형반도체 시장 최소 50% 대체기지로 잡고 구형 노광장비를 중국보다 먼저 계약하라는 경쟁시계를 건다. 2년 내 제재와 차량용 부족, 악성재고 본사매입 책임까지 수치로 맞춘 뒤 HBM 5배·한국 GPU 부지로 확장한다.",L89697~L89854
514,514,DCA-N43D,N43D·인도·베트남 구형팹·ASML·곡물과 28GHz,7,6,7,0.34,0.22,0.15,0.07,0.22,"베트남 팹과 곡물·농지, 인도 팹과 밀을 맞바꾸는 국가 거래표를 만들고 ASML이 중국 대신 태우에 구형장비를 줄지 직접 협상하기로 한다. 1,000억 달러 곡물 비판과 장비 독점이 압박이며, 공급계약과 정부 도장은 다음 순방에 남는다.",L89855~L90022
515,515,DCA-N43D,N43D·인도·베트남 구형팹·ASML·곡물과 28GHz,6,6,6,0.30,0.19,0.22,0.05,0.24,"현재 EUV 생산량 18대 중 9대, 50%를 태우가 받는 사실을 확인한 뒤 50대 선금 10조 원·증설비 5조 원·신규 70%·향후 중국행 DUV 매입안을 피터슨에게 차례로 제시한다. 피터슨은 고객사 협의를 요구하고 마지막에 대체 판매처를 듣고 웃을 뿐이라 새 배분·증설·DUV 계약을 지급으로 올리지 않는다.",L90023~L90196
516,516,DCA-N43D,N43D·인도·베트남 구형팹·ASML·곡물과 28GHz,5,8,7,0.26,0.25,0.19,0.07,0.23,"베트남 대규모 구형팹·곡물/농지 목표와 김태중의 푹 수상 주선을 거쳐, 보름 뒤 ASML 5년 계약 10조 원 이상과 베트남·인도 수배 지출을 회고한다. 귀국 뒤 28GHz·스타링크에 10조 원 추가를 감수하는 명령까지 이어져 공급망 지급과 통신기반 전환이 모두 남는다.",L90197~L90378
517,517,DCA-N44,N44·일본 소재·금융전을 12나인과 오염수로 역전,8,5,8,0.31,0.27,0.10,0.14,0.18,일본 초계기 갈등을 수출규제 신호로 읽어 일본 소재를 품목별 2~10배 비축하고 관련주 공매도를 준비한다. 명동으로 가 이영한에게 정계·야쿠자 약점을 캐려는 마지막 이동이 재고 확보 계획보다 은밀한 정보전의 기대를 키운다.,L90379~L90540
518,518,DCA-N44,N44·일본 소재·금융전을 12나인과 오염수로 역전,7,6,7,0.24,0.23,0.26,0.10,0.17,마스크·병동을 늘리며 머스크와 오용재를 제재 방어선에 묶어 동맹 실행이 두드러진다,L90541~L90722
519,519,DCA-N44,N44·일본 소재·금융전을 12나인과 오염수로 역전,8,5,8,0.27,0.27,0.20,0.11,0.15,"듀폰의 한국 현지화를 타진하는 공개 협상과 강 대위에게 자금세탁 추적장비·초소형 카메라를 건네는 대북밀수 잠입 준비가 교차한다. 공장 조건도 영상 증거도 아직 없으므로, 두 작전은 장비와 접촉선을 갖춘 출발점에서 함께 멈춘다.",L90723~L90882
520,520,DCA-N44,N44·일본 소재·금융전을 12나인과 오염수로 역전,5,8,7,0.19,0.16,0.31,0.06,0.28,듀폰과 6천만 달러 한국 포토레지스트 공장에 합의하고 태우가 2천만 달러를 대 지분 30퍼센트를 받는다. 기존 태우 공장을 임시 생산거점으로 내주고 연구팀 이전까지 묶는 구체 계약이 연속 지급되어 일본 규제 역공의 실물감이 높다.,L90883~L91041
521,521,DCA-N44,N44·일본 소재·금융전을 12나인과 오염수로 역전,5,6,7,0.27,0.22,0.12,0.10,0.29,"센트리언의 진단·백신 연구와 대형 제약공장을 당장 손실이 나더라도 확대하라고 승인한다. 연구진 지원과 증설비 배정은 끝났지만 공사 중인 시설이 팬데믹 대응력으로 완성된 것은 아니어서, 선행투자의 느린 축적 자체가 리듬을 만든다.",L91042~L91200
522,522,DCA-N44,N44·일본 소재·금융전을 12나인과 오염수로 역전,7,5,7,0.22,0.30,0.17,0.18,0.13,"수감된 이 상무의 욕심을 중국 반도체 보조금 고갈에 이용할 기술미끼와 간접 전달경로를 세밀하게 설계한다. 미끼의 구체 매체와 전달 장면, 가짜 팹 설립은 아직 나오지 않아 함정의 조립 과정을 길게 본 뒤 먹잇감의 첫 반응을 기다린다.",L91201~L91367
523,523,DCA-N44,N44·일본 소재·금융전을 12나인과 오염수로 역전,7,7,8,0.20,0.35,0.13,0.10,0.22,USB 지령으로 가짜 팹을 움직이고 마스크 생산을 200~400퍼센트 늘리는 실행 회차다,L91368~L91543
524,524,DCA-N44,N44·일본 소재·금융전을 12나인과 오염수로 역전,8,8,7,0.25,0.34,0.08,0.09,0.24,미중 협상 결렬에 맞춰 공매도를 걸고 중국 전역에 가짜 반도체 공장을 번식시킨다. 금융포지션과 보조금 소모작전이 동시에 실행돼 중국의 돈과 산업판을 함께 흔든다.,L91544~L91711
525,525,DCA-N44,N44·일본 소재·금융전을 12나인과 오염수로 역전,8,5,8,0.40,0.15,0.14,0.07,0.24,G20·GSOMIA·대북밀수·차량용칩을 한일전 대응순서로 묶어 설명하는 전략 숨 고르기다,L91712~L91878
526,526,DCA-N44,N44·일본 소재·금융전을 12나인과 오염수로 역전,8,6,9,0.21,0.28,0.22,0.09,0.20,트럼프 방한을 일본 숏 개시 신호로 삼고 재선 프로젝트를 반도체 이해와 묶는다,L91879~L92060
527,527,DCA-N44,N44·일본 소재·금융전을 12나인과 오염수로 역전,7,7,8,0.21,0.18,0.32,0.10,0.19,트럼프에게 한국을 버리기 어려운 약속을 받아 일본 공격 전 백악관 관계 방패를 세운다,L92061~L92243
528,528,DCA-N44,N44·일본 소재·금융전을 12나인과 오염수로 역전,9,6,8,0.30,0.23,0.18,0.13,0.16,3개 소재 규제가 현실화되자 재고·국산기술을 확인하고 정부 규제완화를 즉시 얻는다,L92244~L92424
529,529,DCA-N44,N44·일본 소재·금융전을 12나인과 오염수로 역전,8,5,7,0.32,0.22,0.16,0.10,0.20,확보 기술을 숨긴 채 일본 손실이 커질 발표시점을 고르고 듀폰·삼진 연구를 가속한다,L92425~L92586
530,530,DCA-N44,N44·일본 소재·금융전을 12나인과 오염수로 역전,9,7,8,0.21,0.35,0.14,0.18,0.12,"일본 대북밀수의 영상·자금증거를 공개하는 강한 행동 뒤 이영한에게 소재기업 부채를 사 한국 이전을 압박하라고 지시한다. 국산 12나인 불화수소의 소량생산까지 확인하지만 대량공급과 실제 이전계약은 남아, 폭로의 즉시성 뒤에 제조 확대의 시간을 붙인다.",L92587~L92760
531,531,DCA-N44,N44·일본 소재·금융전을 12나인과 오염수로 역전,9,8,7,0.18,0.32,0.14,0.20,0.16,"미국 지지를 확인한 뒤 국산 불화수소 양산을 기자회견으로 공개한다. 구체 순도와 국내 전량대체 범위는 질의응답 전이므로, 이 화의 기술 보상은 양산 성공의 공인에 한정한다.",L92761~L92938
532,532,DCA-N44,N44·일본 소재·금융전을 12나인과 오염수로 역전,8,9,7,0.14,0.15,0.11,0.24,0.36,70퍼센트 공급과 6개월 내 전량 대체로 일본 철회·숏 수익이 지급돼 승리감과 보상이 높다,L92939~L93115
533,533,DCA-N44,N44·일본 소재·금융전을 12나인과 오염수로 역전,5,6,8,0.22,0.16,0.29,0.08,0.25,오용재에게 공장을 보여 준 뒤 아키토의 채무를 눌러 한국공장·지분 협상으로 넘어간다,L93116~L93279
534,534,DCA-N44,N44·일본 소재·금융전을 12나인과 오염수로 역전,5,8,7,0.16,0.18,0.20,0.08,0.38,"아키토에게 한국 공장과 지분을 넘기는 계약을 받고 사우디 자금을 섞어 일본 소재기업 네 곳을 같은 방식으로 포획할 판을 짠다. 첫 소유권 지급은 선명하되 나머지 네 업체는 계약 전이고, 끝은 숨겨 둔 기업들을 선박·금융 확전에 어떻게 쓸지로 향한다.",L93280~L93453
535,535,DCA-N44,N44·일본 소재·금융전을 12나인과 오염수로 역전,8,6,7,0.25,0.22,0.18,0.12,0.23,듀폰 성공과 GSOMIA를 묶어 일본의 선박·금융 확전을 추가 인수 기회로 바꾼다,L93454~L93619
536,536,DCA-N44,N44·일본 소재·금융전을 12나인과 오염수로 역전,9,5,7,0.18,0.35,0.13,0.17,0.17,"일본 금융공격을 가정해 국내 50~60조 원 유동성과 미국 통화스와프 방어선을 숫자로 맞춘다. 태우상사의 손실과 매입 기회까지 점검하지만 공격도 집행도 시작되지 않아, 위기 전 자금배치의 건조한 긴장이 회차를 채운다.",L93620~L93775
537,537,DCA-N44,N44·일본 소재·금융전을 12나인과 오염수로 역전,8,5,7,0.29,0.28,0.19,0.14,0.10,"로만에게 후쿠시마 오염수 자료를 러시아 고위층에 보고하고 국제 압박에 협력해 달라고 직접 부탁한다. 보고 약속은 받았으나 실제 의제화는 없고, 중국까지 연대에 붙일 수 있는지가 다음 외교 관계의 문턱이 된다.",L93776~L93953
538,538,DCA-N44,N44·일본 소재·금융전을 12나인과 오염수로 역전,7,6,8,0.32,0.16,0.30,0.10,0.12,"리강과 오염수 공조, 우한 의료진 파견 근거를 맞바꾼다. 일본을 압박할 자료와 중국이 원하는 방역명분이 교환되며 외교가 서로의 약점을 메우는 거래가 된다.",L93954~L94124
539,539,DCA-N44,N44·일본 소재·금융전을 12나인과 오염수로 역전,6,7,8,0.31,0.22,0.16,0.08,0.23,한중러 공세를 굳히고 러시아 전쟁·가짜 팹을 살 달러와 현금을 쌓는 대비 회차다,L94125~L94313
540,540,DCA-N44,N44·일본 소재·금융전을 12나인과 오염수로 역전,7,8,7,0.29,0.19,0.16,0.13,0.23,"폴리이미드 국산화 성공·생산계획을 공개해 일본 소재전의 보상을 눈에 보이게 만든다. 후반 저가 AI 공개버전과 양자컴퓨터·초전도체 공동프로젝트는 승인·지시 단계라, 팬데믹 같은 다음 화 사실 없이 소재 지급과 미래투자를 분리한다.",L94314~L94486
541,541,DCA-N45,N45·우한 조기경보·진단키트와 다이아 프린스 구조,9,6,9,0.39,0.29,0.09,0.18,0.05,이동수 의료진의 병원 데이터로 신종 코로나를 알아채고 백신·진단 개발을 즉시 여는 정보 봉우리다,L94487~L94679
542,542,DCA-N45,N45·우한 조기경보·진단키트와 다이아 프린스 구조,9,6,8,0.26,0.38,0.11,0.16,0.09,우한 병원을 격리하고 그룹 원격근무와 메타버스 업무체계를 한꺼번에 가동한다. 감염정보가 들어오자 병원·회사·온라인 공간이 동시에 바뀌어 생존준비가 실물로 내려온다.,L94680~L94849
543,543,DCA-N45,N45·우한 조기경보·진단키트와 다이아 프린스 구조,9,6,8,0.22,0.40,0.09,0.17,0.12,귀국 의료진 격리·공매도·마스크 원료·무인택시를 최대치로 올리는 전면 대비 행동이다,L94850~L95015
544,544,DCA-N45,N45·우한 조기경보·진단키트와 다이아 프린스 구조,8,8,8,0.21,0.27,0.29,0.16,0.07,자가진단키트 성공을 최재석에게 알리고 곧바로 국가검역에 투입한다. 연구실 성과가 정부 신뢰를 거쳐 현장도구로 쓰이는 과정이 한 회차 안에서 닫힌다.,L95016~L95182
545,545,DCA-N45,N45·우한 조기경보·진단키트와 다이아 프린스 구조,9,7,9,0.24,0.18,0.36,0.17,0.05,리강천의 검역 완화 압박을 최재석이 거부해 경제보다 생존을 택하는 정상관계 장면이다,L95183~L95364
546,546,DCA-N45,N45·우한 조기경보·진단키트와 다이아 프린스 구조,9,8,7,0.18,0.33,0.15,0.24,0.10,공식 보도와 동시에 한국이 첫 환자를 잡고 마스크 가격을 통제해 행동·충격이 크게 솟는다,L95365~L95529
547,547,DCA-N45,N45·우한 조기경보·진단키트와 다이아 프린스 구조,9,7,7,0.15,0.38,0.13,0.27,0.07,민동규의 마스크 100만 장 빼돌리기를 현장에서 적발해 내부 배신 행동과 분노가 강하다,L95530~L95717
548,548,DCA-N45,N45·우한 조기경보·진단키트와 다이아 프린스 구조,8,8,7,0.18,0.29,0.22,0.14,0.17,기술유출선을 처벌하고 센트리언 진단키트의 중국 승인·수출을 성사시킨다. 내부 보안정리와 국가 간 허가가 이어져 연구성과가 실제 국경을 넘는다.,L95718~L95886
549,549,DCA-N45,N45·우한 조기경보·진단키트와 다이아 프린스 구조,6,8,7,0.16,0.16,0.21,0.11,0.36,"미국과 진단키트 3억 개의 첫 공급계약을 맺는 순간이 물량과 지위의 확실한 지급이다. 추가 6억 개와 마스크 수요는 생산능력을 확인하는 협의에 그쳐, 이미 찍힌 계약서와 아직 늘어날 주문을 분리해 읽게 한다.",L95887~L96065
550,550,DCA-N45,N45·우한 조기경보·진단키트와 다이아 프린스 구조,8,7,7,0.29,0.13,0.34,0.10,0.14,리강의 기술·IP 요구를 거절하고 백신을 일본 항복 카드로 묶는 국가관계 협상이다,L96066~L96235
551,551,DCA-N45,N45·우한 조기경보·진단키트와 다이아 프린스 구조,9,8,6,0.29,0.27,0.12,0.18,0.14,우한 봉쇄와 WHO 지연을 확인하며 월 10억 장 마스크·KF94 공급망을 실제로 가동한다,L96236~L96405
552,552,DCA-N45,N45·우한 조기경보·진단키트와 다이아 프린스 구조,8,5,8,0.30,0.12,0.25,0.25,0.08,바이러스를 경시하는 트럼프를 보며 생존정책을 위해 경주마를 바꿀지 고민하는 정치 긴장 회차다,L96406~L96580
553,553,DCA-N45,N45·우한 조기경보·진단키트와 다이아 프린스 구조,9,5,8,0.23,0.42,0.13,0.17,0.05,"WHO 비상사태 선언을 듣자 다이아 프린스 승객을 데려올 선박·음압텐트·검사팀을 즉시 준비한다. 최재석의 자국민 구조 승인은 얻었지만 출항·접안·이송은 전혀 나오지 않아, 회차는 구조 직전의 물류 행동과 감염 공포에 시간을 쓴다.",L96581~L96746
554,554,DCA-N45,N45·우한 조기경보·진단키트와 다이아 프린스 구조,9,6,8,0.21,0.41,0.09,0.18,0.11,구조선을 출항시키는 동시에 사우디·러시아 유가전쟁 숏을 유지해 두 실행선이 빠르게 교차한다,L96747~L96944
555,555,DCA-N45,N45·우한 조기경보·진단키트와 다이아 프린스 구조,9,9,7,0.13,0.28,0.24,0.27,0.08,"다이아 프린스 승객 약 300명이 한국에 도착해 하루 안 전수검사를 받고 미국인 16명은 양성치료, 한국인은 0명으로 확인된다. 구조·검사·치료의 높은 현재 보상 뒤 사회적 거리두기와 석 달 안 백신은 미지급 약속으로 남는다.",L96945~L97147
556,556,DCA-N45B,N45B·3월 폭락·유가전쟁과 미국 대선 양면보험,9,6,8,0.26,0.35,0.09,0.16,0.14,AI 예측에 맞춰 금융타워·국민연금 포지션을 조정하고 다우 급락을 저점 기회로 바꾼다,L97148~L97327
557,557,DCA-N45B,N45B·3월 폭락·유가전쟁과 미국 대선 양면보험,7,6,8,0.18,0.43,0.10,0.24,0.05,"태우 계열사의 원격근무가 실제로 돌아가는지 확인해 선행투자의 작은 보상을 먼저 받는다. 대규모 종교집회 위험이 올라오자 천민정에게 SNS 잠입·해킹을 지시하며, 집회 규모와 감염고리는 아직 보이지 않는 상태로 긴장을 다시 세운다.",L97328~L97505
558,558,DCA-N45B,N45B·3월 폭락·유가전쟁과 미국 대선 양면보험,9,7,8,0.29,0.31,0.13,0.14,0.13,감산 합의 실패와 빈 살만의 증산 결정을 읽고 유가 붕괴 포지션을 유지한다. 산유국 발언을 따라 돈을 움직이되 실제 폭락 전이라 인내가 수익보다 앞선다.,L97506~L97678
559,559,DCA-N45B,N45B·3월 폭락·유가전쟁과 미국 대선 양면보험,8,7,7,0.27,0.12,0.24,0.30,0.07,백신이 중증만 막는 한계를 확인한 뒤 이영한의 약탈적 대출욕과 마주한다. 의학적 실망에서 금융윤리 충돌로 넘어가 성과의 흠집과 인간의 탐욕을 나란히 세운다.,L97679~L97865
560,560,DCA-N45B,N45B·3월 폭락·유가전쟁과 미국 대선 양면보험,9,7,7,0.25,0.26,0.12,0.17,0.20,서킷브레이커 뒤 자산을 저점매수하고 트럼프·바이든을 비교해 금융 행동과 정치 전환이 맞선다,L97866~L98046
561,561,DCA-N45B,N45B·3월 폭락·유가전쟁과 미국 대선 양면보험,8,8,7,0.29,0.22,0.19,0.17,0.13,"원유 공매도 물량 80퍼센트를 청산해 이익을 회수하고 제2 금융타워 건립을 결정하는 금융 결산이 먼저 온다. 트럼프의 백신 회의론을 확인한 뒤 바이든까지 직접 시험할지를 남겨, 현직 정권에서 받은 보상을 다음 정치 선택으로 넘긴다.",L98047~L98227
562,562,DCA-N45B,N45B·3월 폭락·유가전쟁과 미국 대선 양면보험,6,7,8,0.20,0.16,0.35,0.09,0.20,트럼프에게 400억 달러 원유자산 재매입을 얻고 데이비드에게 바이든 접촉을 맡기는 양면 관계전이다,L98228~L98402
563,563,DCA-N45B,N45B·3월 폭락·유가전쟁과 미국 대선 양면보험,5,6,7,0.27,0.25,0.09,0.06,0.33,"다이먼과 나스닥 저점매수를 실제 진행하면서 2~5조 달러 부양책과 운임 폭등을 계산한다. 선박·컨테이너를 미리 사들이라는 지시는 아직 인도된 자산이 없어, 매수 화면과 물류 선점 명령 사이에서 빠르게 다음 미국 거래를 준비한다.",L98403~L98564
564,564,DCA-N45B,N45B·3월 폭락·유가전쟁과 미국 대선 양면보험,8,6,8,0.21,0.17,0.35,0.10,0.17,엑슨 자산 가격을 흥정하고 바이든·오바마에게 백신 의무화를 요구한다. 에너지 매입과 방역정책을 한 자리의 정치관계로 밀어붙여 서로 다른 보상을 노린다.,L98565~L98760
565,565,DCA-N45B,N45B·3월 폭락·유가전쟁과 미국 대선 양면보험,6,9,6,0.22,0.14,0.25,0.10,0.29,"바이든의 조건부 의무접종 약속 뒤 FDA 정식심사·이달 승인 가능성 발표, 센트리언 하루 약 10퍼센트 상승과 공매도 청산 수십조 원 수익이 연속된다. 실제 승인은 남고, 마지막 사장단회의 지시가 미국 정치·시장 봉우리에서 국내 투자로 전환한다.",L98761~L98946
566,566,DCA-N46,N46·사장단 포스트코로나 재편과 일본 20조 엔·FDA 승인,5,6,7,0.30,0.20,0.17,0.08,0.25,"태우 사장단이 계열사별 저점투자를 검토하고 원전·레거시칩 증산, 태우상사의 전방위 선박매입을 승인한다. 생산라인이나 선박 소유권은 아직 늘지 않아 회차의 무게는 실적이 아니라 사장들의 판단과 자금 배치표에 놓인다.",L98947~L99104
567,567,DCA-N46,N46·사장단 포스트코로나 재편과 일본 20조 엔·FDA 승인,6,6,7,0.28,0.12,0.38,0.11,0.11,"최재석과 일본 의료봉쇄, 개발도상국 백신, 한국 G7 진입을 한 거래표에 올린다. 방역물자 지원이 외교적 지위와 연결되지만 실제 일본 조건과 G7 결과는 아직 협상 밖에 있다.",L99105~L99284
568,568,DCA-N46,N46·사장단 포스트코로나 재편과 일본 20조 엔·FDA 승인,8,5,7,0.22,0.12,0.36,0.20,0.10,의료붕괴에 몰린 일본이 손정우를 통해 비밀 지원을 요청하자 김민재는 일본행을 거부하고 호주를 회담 장소로 지정한다. 접촉과 장소만 잡힌 상태라 방역물자의 구체 대가와 일본 측 수락은 다음 화에 남는다.,L99285~L99462
569,569,DCA-N46,N46·사장단 포스트코로나 재편과 일본 20조 엔·FDA 승인,8,5,8,0.18,0.12,0.36,0.08,0.26,"멜버른에서 손정우·다이키요와 마주 앉아 방역물자, G7 비반대, 20조 엔대 자산 인수를 교환조건으로 펼친다. 협상 문답이 회차 대부분을 차지하고 일본 내각의 최종 수락과 센트리언 백신 FDA 결론을 동시에 기다리며 끝난다.",L99463~L99633
570,570,DCA-N46,N46·사장단 포스트코로나 재편과 일본 20조 엔·FDA 승인,8,9,7,0.12,0.14,0.24,0.19,0.31,"일본 내각이 방역물자·G7 비반대·20조 엔 자산거래를 받아들이고 곧이어 센트리언 백신의 FDA 승인까지 도착한다. 두 지급이 겹쳐 보상 밀도가 높지만 자산 인수 집행은 남고, 유일한 대량생산자가 가격·배송·국가별 대가를 정하는 새 부담이 바로 열린다.",L99634~L99819
571,571,DCA-N47,N47·마이너스 유가·백신으로 중국·아프리카·EU 개방,7,7,7,0.19,0.30,0.17,0.14,0.20,한국·미국 승인 뒤 백신을 일본과 세계로 보내 실제 배분 행동과 제약사 지위가 앞선다,L99820~L99993
572,572,DCA-N47,N47·마이너스 유가·백신으로 중국·아프리카·EU 개방,8,9,7,0.19,0.37,0.06,0.17,0.21,WTI가 마이너스로 무너질 때 원유와 돈을 받고 곧바로 롱 전환하는 금융 행동 봉우리다,L99994~L100194
573,573,DCA-N47,N47·마이너스 유가·백신으로 중국·아프리카·EU 개방,8,7,7,0.24,0.12,0.36,0.09,0.19,"베이징에서 리강과 80대20 합작비율, 파벌 안전을 맞바꾼다. 기술을 넘기지 않기 위한 지분선과 중국 권력층의 체면을 동시에 조율하는 대화가 길다.",L100195~L100359
574,574,DCA-N47,N47·마이너스 유가·백신으로 중국·아프리카·EU 개방,4,6,7,0.36,0.17,0.13,0.07,0.27,무인택시·HBM·슈퍼앱을 점검하고 아프리카 광물 협상안을 짜는 포트폴리오 숨 고르기다,L100360~L100529
575,575,DCA-N47,N47·마이너스 유가·백신으로 중국·아프리카·EU 개방,7,8,6,0.20,0.15,0.31,0.12,0.22,아프리카연합에 인프라·백신을 주고 장기 광물권을 받는 국가관계와 전략자산 거래다,L100530~L100709
576,576,DCA-N47,N47·마이너스 유가·백신으로 중국·아프리카·EU 개방,9,5,7,0.25,0.30,0.19,0.16,0.10,EU 수출봉쇄에 아프리카 규탄과 충전·독점규제 압박으로 되받아치는 외교 행동이 강하다,L100710~L100879
577,577,DCA-N47,N47·마이너스 유가·백신으로 중국·아프리카·EU 개방,7,8,6,0.20,0.13,0.32,0.08,0.27,"EU 회원국 제약사 설득과 태우의 아프리카 지도자 설득이라는 정치적 역할만 구두 합의한다. 1달러 위탁생산·백신공급 계약은 없고, 센트리언 수십 배·나스닥 32퍼센트 상승 확인과 주식 재투자가 현재 물질보상이다.",L100880~L101041
578,578,DCA-N48,N48·베릴·게임스핀 개미군단과 헤지펀드 항복,6,5,7,0.28,0.18,0.22,0.12,0.20,"감산 뒤 원유 금융선을 정리한 다음 베릴을 개인투자자의 영웅으로 만들 이미지 전략을 설계한다. 공매도 세력과 싸울 대상 종목은 아직 밝히지 않은 채 얼굴과 피해자 서사를 먼저 세우므로, 성과보다 한 사람을 시장전쟁의 상징으로 빚는 준비가 길다.",L101042~L101213
579,579,DCA-N48,N48·베릴·게임스핀 개미군단과 헤지펀드 항복,7,5,7,0.21,0.29,0.18,0.13,0.19,"태우가 가진 게임스핀 300만 주와 베릴의 홍보 성과를 맞춰 개인투자자 작전에 쓸 수 있는지 점검한다. 지분과 인물은 준비됐지만 대중 캠페인과 주가 반응은 없어, 행동 직전의 조합 확인이 보상보다 긴 시간을 차지한다.",L101214~L101381
580,580,DCA-N48,N48·베릴·게임스핀 개미군단과 헤지펀드 항복,5,6,7,0.24,0.12,0.26,0.13,0.25,한국의 독립된 G8·G9 지위를 요구하는 외교선과 베릴 성장 보상이 병렬로 놓인다,L101382~L101561
581,581,DCA-N48,N48·베릴·게임스핀 개미군단과 헤지펀드 항복,8,7,8,0.19,0.32,0.14,0.18,0.17,베릴 100만 구독자와 게임스핀 8달러 상승으로 개미 반란이 실제 시장사건이 된다,L101562~L101723
582,582,DCA-N48,N48·베릴·게임스핀 개미군단과 헤지펀드 항복,5,7,7,0.20,0.17,0.33,0.08,0.22,오용재에게 불리한 백신 위탁을 맡기고 레거시칩 정보를 보상으로 건넨다. 손해를 감수한 국내 동맹이 다음 반도체 기회를 받는 상호부조로 돌아온다.,L101724~L101897
583,583,DCA-N48,N48·베릴·게임스핀 개미군단과 헤지펀드 항복,8,9,6,0.13,0.43,0.08,0.24,0.12,"게임스핀 500달러와 한국 개인 약 1억 달러 참여, 확인된 헤지펀드 손실 100억 달러 초과·한 곳 공개사과, 베릴 300만 구독자가 현재 영수증이다. 최대 700억 달러와 두 곳 파산은 추정이라 수익 봉우리를 더 부풀리지 않는다.",L101898~L102092
584,584,DCA-N49,N49·중국팹 4년 유예와 인텔 NAND 75억 달러 인수,7,5,7,0.36,0.17,0.13,0.08,0.26,"백신 3억 명 접종 뒤 해운운임·남아공 변이 대응을 점검하다, 핸더슨 대사가 중국 공장 규제 위험을 안은 인텔 NAND 인수를 제안한다. 김민재는 차기 정권의 규제 제외와 가격을 직접 협상하려 미국행을 정할 뿐 유예기간·매입가는 아직 제시되지 않는다.",L102093~L102272
585,585,DCA-N49,N49·중국팹 4년 유예와 인텔 NAND 75억 달러 인수,7,8,7,0.22,0.13,0.31,0.07,0.27,"바이든에게 중국 팹 규제 4년 유예를 받아낸 뒤 밥 스웬과 인텔 NAND 75억 달러 매입에 합의한다. 연속 협상의 관계·자산 보상은 크지만 소유권 이전과 통합은 남아, NAND를 어떤 성장자산으로 바꿀지가 마지막 실무 질문이다.",L102273~L102428
586,586,DCA-N49B,N49B·T 충전표준·AI 데이터센터와 중국 구형장비,5,7,7,0.24,0.16,0.34,0.07,0.19,"머스크와 T 충전표준 및 전기차 동맹의 기본구조를 맞추는 대화가 중심을 잡는다. 두 사람의 합의 뒤 EU·미국·한국 완성차 설득 명단을 펼치므로, 단일 관계의 지급이 다국적 가입이라는 느린 확장 과제로 이어진다.",L102429~L102578
587,587,DCA-N49B,N49B·T 충전표준·AI 데이터센터와 중국 구형장비,4,6,7,0.37,0.17,0.12,0.06,0.28,"인텔에서 살 NAND를 단순 저장장치가 아니라 AI 데이터의 그릇으로 다시 정의하고 웨이·천민정에게 60~70조 원 데이터센터를 맡긴다. 거대한 숫자와 용도 설계는 선명하지만 착공·가동은 없어, 회차는 물질 지급보다 장기 자본 배치에 머문다.",L102579~L102728
588,588,DCA-N49B,N49B·T 충전표준·AI 데이터센터와 중국 구형장비,5,5,7,0.35,0.20,0.12,0.07,0.26,센트리언의 변이백신·비만약·병원 AI 실적을 차례로 확인한 뒤 중국 유휴 반도체 장비의 소유주와 반출경로를 찾는다. 인도·베트남 배치안까지 세우지만 매입·반출·인도는 아직이라 여러 산업의 현황표를 빠르게 넘기는 점검 리듬이다.,L102729~L102918
589,589,DCA-N49B,N49B·T 충전표준·AI 데이터센터와 중국 구형장비,8,4,8,0.30,0.13,0.31,0.19,0.07,"CIA가 북한 백신 100만~2천만 회분을 요청하고 에이든이 이유를 말하지 않자 김민재가 지원 결정을 보류한다. 물량 숫자보다 침묵과 의심이 오래 남고, 장남 관련 권력정보를 확인하기 전에는 백신도 개입도 지급하지 않는 긴장 회차다.",L102919~L103092
590,590,DCA-N49B,N49B·T 충전표준·AI 데이터센터와 중국 구형장비,8,8,7,0.22,0.34,0.09,0.11,0.24,"수출 가능한 중국 팹 장비 20여 대를 추린 뒤 7대 매각·2천만 달러 초과 입금, 당일 4대 선적이 연달아 확인된다. 판즈 담당자가 기술자 모집에 붙지만 해외 팹 설치·생산은 아직 없어, 행동과 현금 영수증 뒤 물류위험을 남긴다.",L103093~L103264
591,591,DCA-N50,N50·GDC·G7+와 최재석 재선·50조 연구투자,5,6,7,0.32,0.11,0.28,0.10,0.19,"최재석의 대선 우세와 미뤄진 G7 일정을 점검한 뒤 미쉘에게 차량용 반도체와 충전시스템을 유럽 협상 카드로 제시한다. EU의 조건부 허가와 다음 날 완성차 대표 회동 일정까지만 잡혀 있어, 실제 동맹·G7+ 가입보다 칩 배분권의 교섭우위가 남는다.",L103265~L103426
592,592,DCA-N50,N50·GDC·G7+와 최재석 재선·50조 연구투자,7,8,8,0.24,0.13,0.36,0.07,0.20,유럽·미국·한국 완성차사를 GDC로 묶고 차량용 칩·배터리·충전망을 조건부로 나누기로 한다. 공급부족을 겪던 경쟁사들이 같은 규칙표를 받아들이며 동맹이 조직 이름과 회원사를 얻는다.,L103427~L103586
593,593,DCA-N50,N50·GDC·G7+와 최재석 재선·50조 연구투자,7,9,6,0.18,0.12,0.25,0.19,0.26,G7 화상회의에서 한국과 호주의 G7+ 가입이 확정된다. 앞선 차량용 반도체 카드가 국가 지위로 돌아와 국제회의의 표와 발표로 지급된다.,L103587~L103760
594,594,DCA-N50,N50·GDC·G7+와 최재석 재선·50조 연구투자,3,9,6,0.12,0.08,0.37,0.30,0.13,최재석 재선과 G7+를 가족 식사처럼 축하하며 원전·연금의 다음 부탁을 나누는 정서적 휴식이다,L103761~L103927
595,595,DCA-N50,N50·GDC·G7+와 최재석 재선·50조 연구투자,5,7,7,0.32,0.12,0.10,0.10,0.36,"로켓 이용자 1천5백만 명·25퍼센트 증가와 센트리언 치료제 임상완료, AI센터 누적 50조 원 이상 투자가 현재 수치다. 해운 하반기 100억 달러·태우상사 흑자·치료제 승인은 전망이어서 정보결산 뒤 양자·AI 장기투자의 물질부담으로 무게를 옮긴다.",L103928~L104106
596,596,DCA-N50B,N50B·SMA 무료약 여론전과 미 제약협회 말합의,8,6,7,0.25,0.24,0.15,0.26,0.10,특허를 노리는 제약로비에 SMA 치료제 무료공급으로 맞선다. 가격 공격을 환자와 가족이 실제 약을 받는 장면으로 뒤집어 여론의 방향을 바꾼다.,L104107~L104260
597,597,DCA-N50B,N50B·SMA 무료약 여론전과 미 제약협회 말합의,9,5,7,0.19,0.28,0.22,0.25,0.06,SNS·환자 가족 여론이 미국 제약협회를 역풍에 몰아넣고 협회장이 직접 한국을 찾아 센트리언에 정회원 자격을 제안하기로 한다. 상대는 아직 주도권이 자기들에게 있다고 믿으므로 실제 방한·협상·계약은 다음 화 몫이다.,L104261~L104422
598,598,DCA-N50B,N50B·SMA 무료약 여론전과 미 제약협회 말합의,7,7,7,0.20,0.12,0.32,0.08,0.28,SMA 무료사업 잔여 9억 달러 중 30퍼센트인 2억7천만 달러 부담과 백신공장·아시아 생산권을 정회원 조건에 묶는다. 이틀 뒤 실무 예비계약까지 나와 스티븐과의 협상관계가 중심이지만 세부조건·최종서명은 남는다.,L104423~L104592
599,599,DCA-N51,N51·미국 정권이양과 가이아나 방위 제안,9,7,7,0.17,0.15,0.37,0.25,0.06,바이든의 58대42 승리 직후 트럼프를 찾아 부정선거 소송과 지지층 폭주를 접고 4년 뒤를 보라고 설득한다. 소송 취하와 순조로운 정권이양 보도가 실제 지급으로 돌아온 뒤 다이먼과 새 행정부 협력이라는 다음 관계선이 열린다.,L104593~L104768
600,600,DCA-N51,N51·미국 정권이양과 가이아나 방위 제안,8,6,8,0.31,0.10,0.32,0.08,0.19,"바이든 당선인에게 기존 태우사업 지속·확대와 환경조건부 알래스카·가이아나 유지, 한국산 무기 비저지 약속을 받는다. 데이비드의 100억 달러 장기대출 협상과 중국 팹·러우전쟁 감시는 담당만 정해져, 정치관계 지급 뒤 전쟁정보 훅이 급격히 커진다.",L104769~L104942
601,601,DCA-N51B,N51B·AI·극저온 식각·SMR과 메타버스 40% 매각구조,4,8,7,0.31,0.12,0.20,0.11,0.26,천민정이 저온 식각 장비를 자랑하고 김민재가 SMR과 AI 데이터센터를 묶어 성과를 다음 성장기반으로 옮긴다,L104943~L105101
602,602,DCA-N51B,N51B·AI·극저온 식각·SMR과 메타버스 40% 매각구조,6,5,7,0.20,0.13,0.32,0.08,0.27,"현재 장 회장에게 가이아나 전차수출 지원과 원전 동맹을 묶어 제안한다. 가이아나 계약이 성사되면 돕겠다는 조건부 답만 얻었으므로, 오래된 재벌 관계의 온도는 올라가도 로템 수출과 원전 참여는 전혀 결산되지 않는다.",L105102~L105272
603,603,DCA-N51B,N51B·AI·극저온 식각·SMR과 메타버스 40% 매각구조,5,7,7,0.24,0.12,0.12,0.06,0.46,"유고빈의 치매 예방·인지개선 효과, 태우IT 주가 세 배 이상과 메타버스 하루 5백만 명 증가가 먼저 지급된다. 천민정의 VR 참여가 관계축을 더하지만 보험적용과 지분 40퍼센트 매매는 전이라, 확인된 기술·시장수치가 회차 후반 자산설계보다 무겁다.",L105273~L105447
604,604,DCA-N51C,N51C·북한 해킹방어와 몽골 석탄 증산·비축,9,4,8,0.29,0.25,0.10,0.26,0.10,북한이 센트리언 백신·치료제 기술을 노린 해킹을 벌여 정보 추적과 생존 불안이 급상승한다,L105448~L105609
605,605,DCA-N51C,N51C·북한 해킹방어와 몽골 석탄 증산·비축,8,8,8,0.29,0.29,0.10,0.12,0.20,"AI가 센트리언 해킹을 막고 6천 대 좀비PC·북한 암호·반체제 명단·비트코인 경로를 역추적한다. 몽골 석탄은 증산·비축 지시만 있고 실제 물량은 없으며, 끝의 QUAD 압박이 사이버전 승리 뒤 외교·에너지 긴장을 다시 높인다.",L105610~L105770
606,606,DCA-N51D,N51D·호주 석탄과 가이아나 방산·유전 순방,6,6,7,0.31,0.15,0.22,0.09,0.23,"최재석과 동해 고갈가스전을 LNG 저장고로 바꾸는 국내 인프라 결정을 내린다. 마지막 공항 장면에서 김민재는 호주, 한정훈은 가이아나로 갈라질 뿐 각국 상대와 구체 거래조건은 다음 화에 나온다.",L105771~L105925
607,607,DCA-N51D,N51D·호주 석탄과 가이아나 방산·유전 순방,7,5,7,0.18,0.14,0.31,0.08,0.29,중국 수입중단으로 막힌 호주 석탄을 태우가 사들이겠다고 모리슨에게 공식 제안한다. 가격·물량·기간을 확정하지 않은 채 한 부회장이 숨은 카드를 꺼낼 차례에서 끊어 거래의 실물보다 협상 수읽기가 회차를 붙든다.,L105926~L106110
608,608,DCA-N51D,N51D·호주 석탄과 가이아나 방산·유전 순방,6,9,7,0.17,0.17,0.27,0.09,0.30,"가이아나 100억 달러 국채계약과 유전·인프라 지분조건, 호주 석탄의 올해 1억 달러·내년 10억 달러 이상 장기계약이 한 회차에서 서명된다. 두 국가의 물질지급 뒤 세부 무기목록·몽골 비축·김태중의 베트남 계획이 다음 위험으로 남는다.",L106111~L106261
609,609,DCA-N51E,N51E·사이공은행 40조 불법대출·10조 비자금 공개,7,4,7,0.27,0.24,0.20,0.18,0.11,미아인의 불법대출·차명망을 일주일 안에 조사해 공개할 계획과 김태중의 동의까지만 얻는다. 증거·동결·구속 전이라 정보와 준비 행동에 머문다.,L106262~L106419
610,610,DCA-N51E,N51E·사이공은행 40조 불법대출·10조 비자금 공개,8,7,8,0.30,0.17,0.31,0.08,0.14,가이아나 30억 달러 군수계약과 스테이블코인 공격 준비를 보고받은 뒤 베트남의 40조 원 불법대출·10조 원 비자금 보고서를 공개한다. 압수·계좌동결·구속·정유회사 인수는 아직 없어 자료 공개와 정부 수습통로 확인에서 멈춘다.,L106420~L106590
611,611,DCA-N52,N52·김태중의 축구협회장 17표 역전,6,9,7,0.12,0.22,0.29,0.18,0.19,미아인 구속·정유회사 인수 보고로 앞 사건을 닫은 뒤 부산 축구장의 김태중으로 이동한다. 실물 지급과 조손 관계 전환을 함께 담은 혼합 회차다.,L106591~L106781
612,612,DCA-N52,N52·김태중의 축구협회장 17표 역전,6,7,7,0.22,0.11,0.37,0.17,0.13,김민재가 김태중의 축구협회장 출마 지원을 받아들이고 연 90억 원 기부·후원사 확대 방침을 정한다. 후반의 메타버스 글로벌 지분교환도 방침만 확정된 상태여서 조손 대화와 두 설계가 다음 득표·계약을 기다린다.,L106782~L106960
613,613,DCA-N52,N52·김태중의 축구협회장 17표 역전,8,6,8,0.20,0.26,0.24,0.10,0.20,"국제 축구인맥, 추가 구단, 중계권을 60억 원에서 300억 원으로 올리는 공약을 대의원들 앞에 연달아 펼친다. 호의적 반응은 확인하지만 실제 표와 당선은 아직 없어, 선거운동의 활기 뒤 이권을 지킬 수 있는지가 실제 시험으로 남는다.",L106961~L107161
614,614,DCA-N52,N52·김태중의 축구협회장 17표 역전,7,8,7,0.20,0.18,0.36,0.15,0.11,"김태중이 17표로 축구협회장에 실제 당선돼 가족의 공적역할이 확정된다. 마이크로소프트는 메타버스 장기계약·주식교환에 긍정적일 뿐 계약과 주식지급은 없고, 델타 변이·중국 백신실패·바이든 방한이 새 외교압박을 연다.",L107162~L107325
615,615,DCA-N53,N53·바이든 방한·일본 차량칩과 중국 변이백신 양보,7,8,7,0.28,0.12,0.31,0.07,0.22,바이든에게 미국 반도체공장을 양보하고 중국 팹 자유와 미 국채 협력을 받아 태우의 미중 선택권을 지킨다,L107326~L107501
616,616,DCA-N53,N53·바이든 방한·일본 차량칩과 중국 변이백신 양보,7,9,8,0.23,0.14,0.27,0.06,0.30,르네사스 화재 뒤 일본 완성차에 칩을 주되 T충전망과 전기차 10년 계약을 묶어 태우 표준을 받아내게 한다,L107502~L107680
617,617,DCA-N53,N53·바이든 방한·일본 차량칩과 중국 변이백신 양보,8,6,7,0.24,0.21,0.25,0.18,0.12,센트리언 공장 철거 엄포와 델타 확산 실패를 이용해 중국이 자존심을 접고 재협상하게 만든다,L107681~L107841
618,618,DCA-N53,N53·바이든 방한·일본 차량칩과 중국 변이백신 양보,7,8,7,0.26,0.19,0.11,0.07,0.37,중국 동부 고밀도 시장을 센트리언 몫으로 받고 에버그란데 붕괴에 100조 원 이상을 걸어 보상이 자본전으로 번진다,L107842~L108009
619,619,DCA-N53B,N53B·수에즈 조기 재개통과 우선통항·확장공사,8,5,8,0.16,0.36,0.20,0.11,0.17,"수에즈 좌초 소식이 오자 태우 선박을 우회시키고 중장비·예인선을 자비로 투입해 구조작업을 시작한다. 현장에서는 준설과 예인이 이어지고 보험사의 비용지원도 관리청으로 돌리지만 운하는 막힌 채라, 구조결과와 보상보다 투입 행동에 오래 머문다.",L108010~L108186
620,620,DCA-N53B,N53B·수에즈 조기 재개통과 우선통항·확장공사,8,9,8,0.29,0.27,0.12,0.18,0.14,"수에즈를 나흘 만에 열어 우선 통항권과 확장공사 약속을 받은 장면에서 앞 회차의 투입이 크게 결산된다. 곧바로 로나 스테이블코인의 구조적 허점을 공개하고 공매도를 시작해, 물류 보상을 금융 붕괴의 새 긴장으로 급전환한다.",L108187~L108349
621,621,DCA-N54,N54·중국 석탄난·기업농과 제주 자율주행 실증,7,7,7,0.20,0.25,0.09,0.07,0.39,중국 폭우와 탄광침수 때 선점한 호주·몽골 석탄과 태우 해운이 3배에서 10배 운임 수익으로 돌아온다,L108350~L108523
622,622,DCA-N54,N54·중국 석탄난·기업농과 제주 자율주행 실증,6,6,7,0.34,0.13,0.12,0.11,0.30,"중국 폭우와 곡물가격 급등을 보고 스마트팜·농업위성·AI 유통망과 기업농 법안의 기본틀을 만든다. 기술·법의 설계는 지급됐지만 필요한 농지와 실제 입법은 정하지 않아, 식량위기가 장기 국가사업으로 커지는 정보량이 행동보다 앞선다.",L108524~L108692
623,623,DCA-N54,N54·중국 석탄난·기업농과 제주 자율주행 실증,5,8,7,0.31,0.12,0.18,0.07,0.32,명동 투자금을 꼭대기 전에 회수해 일본 슈퍼앱·레벨5 자율차·국내 평야라는 실물기반으로 옮긴다,L108693~L108858
624,624,DCA-N54,N54·중국 석탄난·기업농과 제주 자율주행 실증,6,7,7,0.22,0.20,0.32,0.13,0.13,최재석에게 제주 자율주행 실증과 기업농을 요구하고 국민경제당 후계자 선정까지 돕겠다고 약속한다,L108859~L109020
625,625,DCA-N54,N54·중국 석탄난·기업농과 제주 자율주행 실증,8,8,7,0.24,0.30,0.20,0.14,0.12,제주 15일 무인주행은 사고 0건·음주 7명 적발·관광객 30퍼센트와 외국인 15퍼센트 증가로 결산된다. 이어 당원 3천여 명 스캔에서 봉우리파 이름을 추려 수사를 맡기므로 기술보상 뒤 내부추적 행동이 길게 이어지고 증거·자금망은 남는다.,L109021~L109183
626,626,DCA-N54B,N54B·국민경제당 배신자·연변 돈주와 북한 장남망,8,7,7,0.20,0.26,0.30,0.16,0.08,유석훈에게 배신 증거를 넘겨 국민경제당 내 총질을 정리하고 북한 장남 정보는 내부처리로 묶는다,L109184~L109346
627,627,DCA-N54B,N54B·국민경제당 배신자·연변 돈주와 북한 장남망,7,5,7,0.24,0.16,0.29,0.11,0.20,"리강의 석탄 요청에 장기계약, 연변 통로, 북한탄 감시를 한 묶음의 역조건으로 건다. 중국 거래가 협상판에 오른 것만 지급되고, 마지막에는 연변 돈주와 유통망을 장남이 자기 세력으로 만들 수 있는지가 관계 훅을 차지한다.",L109347~L109508
628,628,DCA-N54B,N54B·국민경제당 배신자·연변 돈주와 북한 장남망,8,6,8,0.31,0.21,0.14,0.12,0.22,미국 허리케인 뒤 유가 롱을 키우고 에버그란데 공격세력과 손잡아 중국 은행·해외자본까지 역포획할 판을 짠다. 연합과 공격방향은 잡혔지만 주가부양·숏결산·자금회수는 전이라 고위험 계산이 실제 수익보다 오래 남는다.,L109509~L109656
629,629,DCA-N54B,N54B·국민경제당 배신자·연변 돈주와 북한 장남망,7,8,7,0.18,0.22,0.21,0.09,0.30,에버그란데 주가를 띄운 뒤 공매도 수익을 거두고 연변 돈주와 석탄 유통을 장남의 기반으로 넘긴다,L109657~L109844
630,630,DCA-N54B,N54B·국민경제당 배신자·연변 돈주와 북한 장남망,8,8,7,0.20,0.28,0.20,0.11,0.21,"야권 인사들의 양심고백·국민경제당 이동약속과 중국 부동산 숏 대부분 청산이 현재 영수증이다. 북한 해킹자금 차단은 지시, 조지의 일본전은 수락 단계여서 정치·현금 보상 뒤 다음 금융공격의 행동시계만 열린다.",L109845~L110005
631,631,DCA-N55,N55·말리 리튬광산 탈환과 지분 5% 추가,8,7,8,0.29,0.22,0.20,0.15,0.14,리강에게 러시아의 3월 침공 정보를 확인하고 금융타워 자본 절반을 에너지에 걸어 최대 전쟁 베팅을 시작한다,L110006~L110171
632,632,DCA-N55,N55·말리 리튬광산 탈환과 지분 5% 추가,9,5,8,0.19,0.39,0.18,0.14,0.10,말리 쿠데타로 리튬광산을 빼앗기자 MBS·로만 경로로 바그너를 투입해 피를 부르는 탈환전에 들어간다,L110172~L110332
633,633,DCA-N55,N55·말리 리튬광산 탈환과 지분 5% 추가,7,8,6,0.17,0.31,0.16,0.10,0.26,"2천 명 넘는 PMC가 반군을 물러나게 하고 광산은 다음 날 재가동·일주일 정상화 일정을 얻는다. 말리 정부의 추가 5퍼센트는 양도약속일 뿐 법적 이전 전이라, 현장 행동과 정치합의는 높게 보되 소유권 보상으로 부풀리지 않는다.",L110333~L110512
634,634,DCA-N55B,N55B·오미크론 독립외교·기업농법과 28GHz 강행,5,6,6,0.33,0.12,0.25,0.18,0.12,오미크론으로 코로나 종식을 읽고 최재석에게 러시아전쟁에서 굴종외교를 피하라고 해 준비된 국가의 자신감을 준다,L110513~L110687
635,635,DCA-N55B,N55B·오미크론 독립외교·기업농법과 28GHz 강행,8,8,7,0.20,0.28,0.20,0.19,0.13,이 상무의 CNC가 북한으로 흐르게 두는 한편 야당 몸싸움을 뚫고 기업농 법안을 통과시켜 두 전선을 전진시킨다,L110688~L110860
636,636,DCA-N55B,N55B·오미크론 독립외교·기업농법과 28GHz 강행,8,7,6,0.28,0.18,0.15,0.10,0.29,국내 원전 2기 가동·소형 원전 다음 상반기 준공일정과 KOSPI 4500을 확인한 뒤 기업농·적자 28GHz를 유지하기로 한다. 이미 작동하는 기반과 정책결정은 지급되지만 농산물 가격·자율주행·스마트팜 효과는 장기 미지급이라 정보·물질과 행동을 함께 둔다.,L110861~L111037
637,637,DCA-N56,N56·리즈 인수·홀란드 계약과 베이징 외교,3,8,7,0.10,0.09,0.42,0.31,0.08,"과로하는 손자를 걱정하는 김태중에게 EPL 리즈 구단을 선물하겠다고 약속한다. 인수결정과 가족의 기대만 생긴 상태라 매도 측 인물·가격·성적연동 조건은 다음 화로 미루고, 조손의 휴식과 책임 대화에 시간을 둔다.",L111038~L111207
638,638,DCA-N56,N56·리즈 인수·홀란드 계약과 베이징 외교,6,6,7,0.14,0.16,0.34,0.13,0.23,"데이비드가 안드레아에게 성적에 따라 최대 1억 파운드를 주는 리즈 인수 옵션을 제시해 조건 합의를 얻는다. 협상 관계와 가격표는 닫히지만 EPL 심사와 소유권 이전은 남아, 선수·감독 영입의 기대를 서두르지 않는다.",L111208~L111361
639,639,DCA-N56,N56·리즈 인수·홀란드 계약과 베이징 외교,5,8,7,0.22,0.13,0.31,0.11,0.23,까다로운 재무·인성심사를 통과해 EPL 구단 인수승인을 받는다. 마지막에는 홀랜드와 감독 등 스타 전력을 채울 계획만 세우므로 승인이라는 지위 보상 뒤 실제 선수계약은 남겨 둔다.,L111362~L111532
640,640,DCA-N56,N56·리즈 인수·홀란드 계약과 베이징 외교,7,6,7,0.34,0.14,0.18,0.12,0.22,연준 금리인상과 크레디트스위스·암호화폐 위험을 점검하면서 홀랜드 고액계약을 감수할 예산선을 정한다. 이강임까지 포함한 영입 구상이 구체화되지만 실제 계약은 아직 전이다.,L111533~L111697
641,641,DCA-N56,N56·리즈 인수·홀란드 계약과 베이징 외교,6,8,7,0.25,0.19,0.27,0.12,0.17,홀란드의 3년 유럽조항을 받아 리즈에 영입하고 베이징올림픽 외교로 전쟁 전 국제 주도권을 쌓는다,L111698~L111871
642,642,DCA-N56B,N56B·북한 장남의 이 상무 돈·신뢰·CNC 복수,8,5,7,0.16,0.32,0.24,0.20,0.08,"창산그룹의 5조 원대 니켈 숏을 구제대가로 바꿀 금융설계 뒤, 연변 CNC 거래와 위조지폐 판정으로 장면이 옮겨 간다. 이 상무가 큰손들의 신뢰를 잃고 상황을 이해하지 못한 채 남는 데서 끝나므로 비트코인 탈취·리규철과 해킹세력·CNC의 장남 귀속은 지급하지 않는다.",L111872~L112067
643,643,DCA-N56B,N56B·북한 장남의 이 상무 돈·신뢰·CNC 복수,10,8,9,0.22,0.28,0.20,0.18,0.12,"명동 국화차 자리에서 조작 감별기, 비트코인 계좌 전액 탈취, 리규철·해킹세력·CNC·비자금의 장남 귀속이 실제 복수 영수증으로 나온다. 화 후반 베이징올림픽 폐막과 러시아 침공·유가 100달러가 그 개인결산을 덮어, 큰 보상 뒤 전쟁 정보·원자재 압박이 즉시 솟는 crossfade다.",L112068~L112240
644,644,DCA-N57,N57·러시아 침공 대응과 우크라이나 군수·원전·물류 설계,8,5,7,0.23,0.25,0.28,0.15,0.09,"천민정의 비밀 게임·플랫폼으로 친우크라이나 여론을 만들고, 최재석에게 직접지원 제약을 피해 갈 방법이 여러 개라고 알린다. 정보전은 이미 움직이지만 구체 탄약안과 정부 승인은 감춰 두어 정치 관계와 선택지가 행동 결과보다 앞선다.",L112241~L112414
645,645,DCA-N57,N57·러시아 침공 대응과 우크라이나 군수·원전·물류 설계,7,6,7,0.30,0.15,0.28,0.08,0.19,"대통령이 김민재에게 러우전쟁의 미국·유럽 연결역할을 맡기고, 미국 재고보충 판매와 유럽 방산·원전·물류·식량 패키지를 데이비드에게 펼친다. 백악관 접촉도 지시일 뿐 승인·수출·계약은 없어 관계권한과 설계가 실물보상보다 오래 간다.",L112415~L112578
646,646,DCA-N57B,N57B·니켈 마진콜 200억 보증과 광산·가격 안정,8,5,8,0.24,0.26,0.21,0.13,0.16,니켈 공매도 마진콜에 몰린 창산의 시안을 만나 거래소·중개사·대출선을 움직이는 구제구상을 설명한다. 시안이 무엇이든 대가로 내겠다고 하자 인도네시아 니켈광산을 요구하는 데서 끊기므로 지분율·지급보증·소유권은 다음 화 몫이다.,L112579~L112742
647,647,DCA-N57B,N57B·니켈 마진콜 200억 보증과 광산·가격 안정,9,7,8,0.18,0.26,0.19,0.09,0.28,"시안이 니켈광산 양도와 200억 달러 지급보증 교환을 받아들이며 전 회차의 제안이 합의로 올라선다. 곧바로 LME에 마진콜 무기한 유예를 요청해 실제 광산 이전과 시간압박의 완성은 남겨 두며, 지급과 새 규제 협상을 분리한다.",L112743~L112917
648,648,DCA-N57B,N57B·니켈 마진콜 200억 보증과 광산·가격 안정,7,8,6,0.21,0.23,0.21,0.08,0.27,"니켈 마진콜 무기한 유예와 가격하락, 금융타워 숏 유지가 현재 시장결과다. 200억 달러 보증에는 현금이 나가지 않았고 광산양도·확정수익도 없어, 위기완화와 협상력을 지급한 뒤 동유럽·러시아 에너지 일정으로 빠르게 넘어간다.",L112918~L113086
649,649,DCA-N58,N58·SVB 1달러 인수와 모든 지분·경영권 이전,7,5,8,0.34,0.15,0.18,0.15,0.18,"폴란드·루마니아의 방산·원전 수주선을 넓히는 외교 보고 도중 SVB의 200억 달러 채권매각이 포착된다. 기존 사업의 낙관을 끊고 금융타워 비상분석으로 옮겨 가며, 뱅크런 여부와 대응조건이 마지막 프레임을 장악한다.",L113087~L113249
650,650,DCA-N58,N58·SVB 1달러 인수와 모든 지분·경영권 이전,8,5,8,0.31,0.12,0.29,0.14,0.14,"다이먼의 이른 아침 보고로 미국 지역은행 연쇄위기를 확인하고 예금·부채를 함께 떠안을 1달러 인수전략을 세운다. 아직 미국 측 협상상대는 등장하지 않아, 은행 이름과 손실구조를 읽는 정보 점검 뒤 금융당국의 수락 여부만 남긴다.",L113250~L113408
651,651,DCA-N58,N58·SVB 1달러 인수와 모든 지분·경영권 이전,8,5,8,0.22,0.14,0.30,0.12,0.22,파월·옐런·FDIC 앞에서 예금자 유동성을 책임지는 대신 SVB를 1달러에 넘기라고 해 국가와 직접 흥정한다,L113409~L113563
652,652,DCA-N58,N58·SVB 1달러 인수와 모든 지분·경영권 이전,6,9,7,0.18,0.10,0.25,0.09,0.38,미 국채를 그대로 보유하고 유동성을 책임지는 조건으로 SVB를 1달러에 인수하고 예금보호까지 계약한다. 400억 달러 원전사업 약속도 함께 받아 자산·지위 보상이 집중되지만 은행 통합과 원전 수주는 이후 집행으로 분명히 남긴다.,L113564~L113713
653,653,DCA-N58,N58·SVB 1달러 인수와 모든 지분·경영권 이전,4,5,6,0.18,0.08,0.36,0.10,0.28,"다이먼에게 SVB와 연쇄 부실은행 통합을 맡기며 미국 금융망 확대의 책임을 건넨다. 김민재가 곡물·에너지 세계전략에서 그의 충성과 집행력을 되짚는 대화가 길어, 실제 통합 성과 없이 두 사람의 신뢰와 다음 임무만 확인한다.",L113714~L113857
654,654,DCA-N58,N58·SVB 1달러 인수와 모든 지분·경영권 이전,5,9,6,0.24,0.16,0.12,0.08,0.40,"금융타워가 SVB 모든 지분·경영권을 넘겨받고 뱅크런 없이 예치금·주가가 오르며 1면에 새 주인으로 실린다. 이 소유권 결산 뒤 기업농 성과와 직거래·전자상거래 유통개혁을 논의해, 앞쪽의 큰 물질 지급과 뒤쪽 국내 전환을 함께 보존한다.",L113858~L114028
655,655,DCA-N58B,N58B·명동 이 상무 처분·엔캐리와 로나 99% 폭락,7,7,7,0.27,0.19,0.17,0.16,0.21,중국에 붙잡힌 이 상무의 처분으로 복수 잔여선을 닫고 조지의 엔캐리 작전을 미래지식 없는 첫 전쟁으로 승인한다,L114029~L114192
656,656,DCA-N58B,N58B·명동 이 상무 처분·엔캐리와 로나 99% 폭락,8,8,7,0.22,0.29,0.16,0.13,0.20,보호망을 거절한 리퍼블릭은행 뱅크런을 방치해 본보기로 삼고 시그니처은행을 인수해 금융타워 편입을 촉진한다,L114193~L114366
657,657,DCA-N58B,N58B·명동 이 상무 처분·엔캐리와 로나 99% 폭락,7,5,7,0.25,0.14,0.14,0.07,0.40,"일본 금융사들과 대규모 엔화차입의 규모·금리·담보를 맞추고 미 국채·원유·에너지로 나눌 자산배분 원칙을 제시한다. 70조 엔 최종계약과 실제 매입은 다음 단계라, 거액 자체보다 조건표를 조율하는 시간이 길다.",L114367~L114535
658,658,DCA-N58B,N58B·명동 이 상무 처분·엔캐리와 로나 99% 폭락,8,7,8,0.27,0.10,0.29,0.10,0.24,"70조 엔 차입계약을 확인한 뒤 크레디트스위스를 1달러에 인수하는 대신 스위스가 유럽 방공체계에 참여하라는 조건을 내민다. 제안은 공식화됐지만 스위스의 답과 은행 소유권은 없어, 중립국의 구체 제약을 다음 화 설명보다 앞당기지 않는다.",L114536~L114701
659,659,DCA-N58B,N58B·명동 이 상무 처분·엔캐리와 로나 99% 폭락,7,8,7,0.25,0.12,0.29,0.09,0.25,스위스의 조건 수락과 EU의 공정경쟁 지원을 받는다. 폴란드 방산·체코 원전·로나 결과 전이라 관계와 산업 진입권 지급에 머문다.,L114702~L114855
660,660,DCA-N58B,N58B·명동 이 상무 처분·엔캐리와 로나 99% 폭락,7,8,8,0.23,0.18,0.16,0.08,0.35,폴란드 20조 원·여러 유럽 방산계약과 시그니처은행 인수는 현재 지급이다. 체코 원전과 크레디트스위스 마무리는 진행형이고 로나 구간은 미국 규제·공매도망·베릴의 위협을 길게 쌓은 채 붕괴 여부와 회수액을 묻는 데서 끝나므로 다음 화의 가격·하락률·복권을 쓰지 않는다.,L114856~L114999
661,661,DCA-N58B,N58B·명동 이 상무 처분·엔캐리와 로나 99% 폭락,6,9,7,0.13,0.18,0.28,0.14,0.27,"로나가 85달러에서 0.003달러 미만으로 99% 무너지고 시총 약 400억 달러의 절반가량, 약 200억 달러를 금융타워가 실제 흡수해 베릴이 공개 복권된다. 헤지펀드까지 합친 최소 총 300억 달러는 전망으로 남기고, 후반 김태중의 동남아 식량·러시아 에너지 순방 수락으로 물질봉우리에서 조손관계로 이동한다.",L115000~L115169
662,662,DCA-N59,N59·김태중의 베트남 식량 수출예외,6,8,6,0.18,0.25,0.20,0.08,0.29,김태중은 태우 소유 농장의 농산물에 수출제한 예외를 받고 제한품목 팜유는 태우상사 공급으로 묶는다. 태우해운 물동량 30% 이상·정유지분 10%·투자약속을 대가로 치른 뒤 팜유·인도산 밀 공급재개와 실제 물가안정까지 보여 주므로 한국 전체의 무조건 예외로 넓히지 않는다.,L115170~L115328
663,663,DCA-N59B,N59B·로봇물류·일본지분과 10만 석 경기장 흥행,4,7,7,0.22,0.16,0.14,0.06,0.42,로봇 물류와 일본 3대 상사 지분 50퍼센트를 묶고 엔캐리 500억 달러 이익까지 전망해 현금원이 두꺼워진다,L115329~L115484
664,664,DCA-N59B,N59B·로봇물류·일본지분과 10만 석 경기장 흥행,4,6,6,0.22,0.20,0.28,0.13,0.17,MCA가 테일러 스위프트의 내한·태우 경기장 일정과 다른 가수 배정을 약속하고 김민재는 해외 스포츠팀까지 부르라고 한다. 실제 공연·10만 관중·매출은 없으므로 관계와 일정 확보만 지급하고 흥행은 다음 행동으로 남긴다.,L115485~L115640
665,665,DCA-N59C,N59C·바이든·곡물메이저·사우디 증산 협상,7,6,7,0.22,0.14,0.34,0.20,0.10,빈 살만이 개막축제에 오자 김민재가 미·사우디 중재 가능성을 흘리고 미국 농업 연맹을 움직인 곡물카르텔을 되받을 관계 카드를 꺼낸다,L115641~L115809
666,666,DCA-N59C,N59C·바이든·곡물메이저·사우디 증산 협상,7,7,7,0.25,0.12,0.34,0.08,0.21,"사우디 중재 가능성을 백악관에 흘려 미국 대통령의 방한검토와 한국 금융안전판을 한 거래틀에 올린다. 이 화는 데이비드가 여론·일정의 퇴로를 막는 유인 단계이며, 실제 방문과 통화스와프·증시개혁의 구체 약속은 다음 화 이후다.",L115810~L115982
667,667,DCA-N59C,N59C·바이든·곡물메이저·사우디 증산 협상,6,8,8,0.18,0.10,0.39,0.09,0.24,바이든에게 금융타워를 보여 주고 반도체 특별대우를 받은 뒤 악수해 한국과 태우의 전략가치를 현직 대통령에게 확인받는다,L115983~L116146
668,668,DCA-N59C,N59C·바이든·곡물메이저·사우디 증산 협상,8,8,6,0.17,0.24,0.28,0.15,0.16,IRS 자료 앞에서 곡물메이저가 태우 방해를 멈추고 IRS도 조사를 보류한다. 빈 살만은 OPEC+ 증산안을 논의하겠다고만 답해 실제 증산·유가하락은 없으므로 미국의 압박결산과 사우디의 관계약속을 분리한다.,L116147~L116314
669,669,DCA-N60,N60·로만·프리고진 보안메타버스와 동남아 보급선,6,7,7,0.15,0.12,0.42,0.23,0.08,"구단 급료와 생활비까지 막힌 로만의 목소리를 듣고 제재에 걸리지 않는 지원법을 찾겠다고 약속한다. 친구로 계속 연락하겠다는 말과 언젠가 EPL에서 다시 만나자는 약속이 로만을 붙들지만, 급료 우회가 실제로 해결되는 장면은 다음 화에 남는다.",L116315~L116471
670,670,DCA-N60,N60·로만·프리고진 보안메타버스와 동남아 보급선,6,4,8,0.22,0.15,0.35,0.22,0.06,"로만이 튀르키예에서 지친 프리고진과 마주 앉아 서로의 처지를 확인하는 대화가 회차 대부분을 차지한다. 김민재에게 조언을 구해 보자는 제안까지만 나오고 비밀연대나 지원계약은 없어, 두 남자의 불안과 수락 여부가 강한 관계 훅을 만든다.",L116472~L116638
671,671,DCA-N60,N60·로만·프리고진 보안메타버스와 동남아 보급선,7,7,7,0.21,0.19,0.31,0.17,0.12,로만·프리고진을 강 대위와 보안 메타버스에서 연결하고 동남아 에너지 수익을 줘 바그너의 생존선을 태우에 묶는다,L116639~L116798
672,672,DCA-N60,N60·로만·프리고진 보안메타버스와 동남아 보급선,6,5,6,0.29,0.13,0.30,0.10,0.18,"강 대위가 끓인 라면을 먹으며 바그너의 아프리카 활용과 곡물·원유카르텔의 트럼프 접근을 함께 점검한다. 현직 바이든과 차기 후보 양쪽에 선을 남기기로 하되 트럼프의 돌발행동을 통제하지 못해, 정치보험의 설계와 불안이 같은 대화 안에 머문다.",L116799~L116956
673,673,DCA-N60B,N60B·사우디 PIF 6000억 달러와 증산·원유숏,6,8,8,0.23,0.08,0.31,0.13,0.25,노르트스트림 차단 뒤 살만 국왕이 6천억 달러 PIF 전체를 맡기겠다고 해 김민재조차 말문을 잃는 초대형 신뢰 보상이 온다,L116957~L117120
674,674,DCA-N60B,N60B·사우디 PIF 6000억 달러와 증산·원유숏,7,8,7,0.24,0.16,0.24,0.07,0.29,PIF를 성과보수와 위험조건 아래 맡고 바이든·MBS 증산 직후 원유 공매도를 걸어 왕실 신뢰와 하락 수익을 함께 지킨다,L117121~L117279
675,675,DCA-N60B,N60B·사우디 PIF 6000억 달러와 증산·원유숏,5,9,6,0.30,0.14,0.20,0.12,0.24,"사우디가 맡기려는 네옴 공연장·통신망·해저케이블·행정IT의 규모와 비용을 사장들과 계산하고 이번 주 실무협상을 준비한다. 바그너의 보급난을 거친 뒤 하루 25만 배럴 증산 발표로 유가가 꺾이지만, 산업계약 서명과 공매도 수익은 아직 지급되지 않는다.",L117280~L117454
676,676,DCA-N61,N61·코리아 디스카운트 개혁과 1000억 달러 AI 데이터센터,6,6,7,0.28,0.16,0.29,0.08,0.19,"최재석에게 태우 세계 1위·한국 경제 5위와 부산 엑스포 구상을 설명하고 금융타워 보고서를 경제부처에 넘겨 달라고 요청한다. 대통령의 긍정 검토 약속은 얻지만 보고서도 정책도 미집행이어서, 마지막의 정부·태우·주주 삼각편대는 가능한 지지구도에 머문다.",L117455~L117594
677,677,DCA-N61,N61·코리아 디스카운트 개혁과 1000억 달러 AI 데이터센터,5,5,8,0.31,0.12,0.28,0.08,0.21,"천민정의 생성형 AI와 영상 기술을 확인하는 점검 뒤 오용재와의 면담으로 옮겨 간다. 삼진의 역사를 바꿀 거절하기 힘든 스마트폰 협업이라고 운만 띄운 채 AI폰·칩 조건은 말하지 않아, 정보 공개를 아낀 마지막 대화가 가장 큰 궁금증을 남긴다.",L117595~L117765
678,678,DCA-N61,N61·코리아 디스카운트 개혁과 1000억 달러 AI 데이터센터,5,8,6,0.22,0.15,0.30,0.07,0.26,오용재의 삼진이 AI폰·칩 협업을 수락하고 다른 한국 대기업도 참여해 태우 단독 상승이 시장 재평가로 넓어진다,L117766~L117948
679,679,DCA-N61,N61·코리아 디스카운트 개혁과 1000억 달러 AI 데이터센터,6,9,7,0.20,0.11,0.25,0.05,0.39,아마존·구글·MS·메타가 동등지분으로 1천억 달러 AI 데이터센터를 만들며 태우 반도체·전력 수요를 결집한다,L117949~L118111
680,680,DCA-N61B,N61B·고체배터리·T-9 파리모터쇼 공개,5,8,8,0.30,0.13,0.17,0.07,0.33,AI 주문 폭증을 확인하고 완성된 고체배터리를 10월 파리 모터쇼에서 구디너프와 공개하기로 정한다. 공개 차명과 공급계약은 아직 나오지 않아 회귀지식 밖 기술이 제품 무대로 이동하는 준비의 맛에 머문다.,L118112~L118272
681,681,DCA-N61B,N61B·고체배터리·T-9 파리모터쇼 공개,8,8,7,0.17,0.24,0.25,0.15,0.19,"고체배터리·T-9의 1천 킬로미터 주행과 10분 충전이 파리에서 공개되자 완성차들이 공급계약을 요구한다. 김민재는 준비한 계약서를 내밀지만 서명·물량배분 장면은 없어, 기술공개와 협상행동을 봉우리로 두고 소유권 지급은 남긴다.",L118273~L118445
682,682,DCA-N62,N62·N&K 기술탈취 계약위반·계좌동결과 체포,7,5,8,0.32,0.18,0.12,0.17,0.21,태우 주가 급등과 계열분리를 검토하던 중 N&K 주가조작을 포착해 축제 속 시장범죄를 조용히 가지칠 필요가 생긴다,L118446~L118599
683,683,DCA-N62,N62·N&K 기술탈취 계약위반·계좌동결과 체포,7,4,9,0.23,0.22,0.32,0.16,0.07,김남훈이 10분 안에 증거를 가져오겠다고 배신을 약속한다. 명단·계좌·비밀번호는 아직 전달 전이라 관계 균열과 미지급 질문에 머문다.,L118600~L118768
684,684,DCA-N62,N62·N&K 기술탈취 계약위반·계좌동결과 체포,8,8,8,0.15,0.34,0.19,0.15,0.17,계좌를 동결하고 검찰이 나기연과 김남훈을 체포해 시장충격 없이 주가조작 조직을 제거한 직후 대형 수주소식이 온다,L118769~L118956
685,685,DCA-N62B,N62B·체코 원전 우선협상과 한아약품 경영권 인수,6,7,7,0.19,0.12,0.20,0.05,0.44,"체코 원전 24조 원 우선협상과 현지 공장·데이터센터 계획을 확인해 유럽 사업의 실물 보상을 받는다. 곧 센트리언 확장을 위한 국내 제약 M&A 대상을 찾게 하며, 특정 회사나 지분조건은 비워 둔 채 다음 인수전으로 이동한다.",L118957~L119112
686,686,DCA-N62B,N62B·체코 원전 우선협상과 한아약품 경영권 인수,7,8,8,0.18,0.15,0.38,0.16,0.13,한아약품 모녀 지분을 20퍼센트 프리미엄에 사며 남보다 태우를 믿는 소현숙의 가족분열을 파고든다. 형제 쪽에는 정체가 아직 밝혀지지 않은 월가 사모펀드가 붙어 있어 모녀의 수락 뒤에도 과반 경영권은 남는다.,L119113~L119275
687,687,DCA-N62B,N62B·체코 원전 우선협상과 한아약품 경영권 인수,9,8,9,0.14,0.23,0.23,0.25,0.15,아폴로가 아들 지분을 금융타워에 넘겨 한아약품을 확보한 직후 북한 미사일이 남하해 기업 보상이 국가위기로 뒤집힌다,L119276~L119441
688,688,DCA-N63,N63·러북 거래 확인과 중국·장남·언론 대응 설계,8,6,7,0.42,0.17,0.22,0.10,0.09,"강 대위 사무실의 데이비드 대화와 하루 뒤 세 정보선의 교차확인이 정보 리본의 중심이다. 러시아의 대북 식량과 북한산 무기·탄약은 확인되지만 중국·장남 접촉, 언론 제보, 한국 무기지원 위협, 바그너 감시는 지시·설계에 머물러 실제 공개·분열·대체공급을 보상으로 올리지 않는다.",L119442~L119593
689,689,DCA-N63B,N63B·사우디 원화스와프와 유럽 원화금융,6,7,7,0.29,0.11,0.30,0.08,0.22,총리가 된 리강에게 장남 지원을 확인하고 걸프 통화스와프와 금융타워 자산으로 원화 결제망을 설계한다,L119594~L119759
690,690,DCA-N63B,N63B·사우디 원화스와프와 유럽 원화금융,6,6,7,0.27,0.09,0.30,0.08,0.26,사우디가 원화스와프·원화 원유결제를 말로 받아 실무협상이 시작되고 시장·환율이 반응한다. 유럽 9개국의 원전·방산 금융문의와 무이자대출 제안까지 이어지지만 서명된 국가간 계약은 없어 관계·정보에 오래 머물고 물질보상은 낮춘다.,L119760~L119910
691,691,DCA-N64,N64·전기차 화재의제와 산업스파이 역추적,7,7,7,0.28,0.21,0.12,0.25,0.14,고체배터리의 가격장벽을 넘기 위해 전기차 화재와 한파를 안전성 뉴스 의제로 설계한다. 최재석에게 정책지원과 국민경제당 후계구도까지 논의하는 후반은 산업 캠페인에 정치 관계의 감정을 얹되 실제 지원정책은 남겨 둔다.,L119911~L120062
692,692,DCA-N64,N64·전기차 화재의제와 산업스파이 역추적,8,5,8,0.21,0.29,0.24,0.20,0.06,직원명부로 산업스파이를 추적하고 제보자 보호와 재발 방지를 지시해 기술격차를 지키는 내부 숙청에 들어간다,L120063~L120208
693,693,DCA-N64,N64·전기차 화재의제와 산업스파이 역추적,6,5,7,0.29,0.22,0.25,0.08,0.16,"산업스파이 17명 증거·34명 의심·제안을 거부한 50명 이상을 구분하고 보너스·검찰전달을 지시한다. 고체배터리 관심과 주가상승은 보이지만 체포·입금·자산환수·150만 대 생산은 전이라, 인적정보와 후속행동을 중심에 두고 보상은 절제한다.",L120209~L120355
694,694,DCA-N64B,N64B·동유럽 경제블록과 중국차 공동관세,7,7,7,0.27,0.12,0.35,0.08,0.18,폴란드 원전 설명회에서 동유럽 정상들에게 금융타워 자본과 방산·원전을 묶은 새 경제블록을 제안한다,L120356~L120504
695,695,DCA-N64B,N64B·동유럽 경제블록과 중국차 공동관세,7,8,8,0.19,0.10,0.38,0.06,0.27,방산·원전·연구투자를 묶어 동유럽 정상 전원의 동의를 얻고 독·프 중심 EU에 맞설 태우 우호권을 공식화한다,L120505~L120655
696,696,DCA-N64B,N64B·동유럽 경제블록과 중국차 공동관세,7,7,6,0.24,0.16,0.29,0.07,0.24,자동차동맹에 고체배터리 물량을 양보하고 중국 전기차 관세 공동로비를 이끌어 단기 손해를 장기시장 지렛대로 바꾼다,L120656~L120801
697,697,DCA-N65,N65·오셔닉스·고체배터리와 사우디 부산엑스포 철회,6,6,7,0.35,0.10,0.18,0.11,0.26,미국 대중관세 시점을 점검한 뒤 부산 해상도시에 AI 데이터센터·SMR을 결합해 네옴과 겨룰 지속가능도시 구상을 만든다. 상대 대표는 아직 등장하지 않아 투자계약이 아니라 수익구조와 엑스포 승부기준을 세운 것이 이 화의 보상이다.,L120802~L120950
698,698,DCA-N65,N65·오셔닉스·고체배터리와 사우디 부산엑스포 철회,6,8,7,0.24,0.14,0.29,0.08,0.25,필립 호프만에게 부유도시를 3배 키우고 데이터센터·원전을 넣자고 제시해 오셔닉스의 실제 사업 수락을 받는다,L120951~L121094
699,699,DCA-N65,N65·오셔닉스·고체배터리와 사우디 부산엑스포 철회,7,6,7,0.29,0.19,0.27,0.10,0.15,천민정의 태풍 시뮬레이션으로 해상도시 안전성을 확인하고 최재석에게 인허가·여름착공 총력지원을 얻는다. 마지막에는 아직 검토도 하지 않은 해저터널이 더 큰 그림의 요소라고만 밝히므로 노선과 경제적 목적은 특정하지 않는다.,L121095~L121243
700,700,DCA-N65,N65·오셔닉스·고체배터리와 사우디 부산엑스포 철회,5,6,7,0.31,0.13,0.18,0.07,0.31,한일 해저터널은 거절하고 북한·러시아 육로만 남긴 뒤 세계 최초 고체배터리 전기차 공개를 준비한다. 제품명과 판매수치는 아직 나오지 않아 정치 노선 정리와 출시 직전의 기대만 소유한다.,L121244~L121402
701,701,DCA-N65,N65·오셔닉스·고체배터리와 사우디 부산엑스포 철회,8,9,6,0.13,0.28,0.14,0.18,0.27,세계 최초 고체배터리 전기차 이오닉스 6천 대가 하루 만에 팔리고 10만 대 예약과 1년 대기열이 생긴다. 이 화는 초기 판매와 AI·15분 충전 반응을 지급하며 해외 로열티 계약은 아직 열리지 않는다.,L121403~L121548
702,702,DCA-N65,N65·오셔닉스·고체배터리와 사우디 부산엑스포 철회,6,8,7,0.26,0.18,0.17,0.06,0.33,해외 완성차의 한국 진출 문의를 로열티 사업으로 받고 고체배터리 생산을 10배 키울 양산규격을 확정한다,L121549~L121690
703,703,DCA-N65,N65·오셔닉스·고체배터리와 사우디 부산엑스포 철회,8,6,8,0.24,0.19,0.35,0.14,0.08,전 계열사를 공장전환에 투입한 김민재가 리강 협상단을 맞아 완제품·투자만 내주고 기술이전은 거절한다. 마지막은 중국이 관계를 유지하려 어떤 대체조건을 내놓을지 묻지만 단독법인·특구·정상방한이라는 답은 아직 없다.,L121691~L121850
704,704,DCA-N65,N65·오셔닉스·고체배터리와 사우디 부산엑스포 철회,7,8,6,0.22,0.12,0.40,0.08,0.18,리강에게 고체배터리 기술을 주지 않고도 태우 단독 중국법인 특례와 시진핑 방한 약속을 받아 우위를 보존한다,L121851~L121997
705,705,DCA-N65,N65·오셔닉스·고체배터리와 사우디 부산엑스포 철회,7,7,7,0.23,0.19,0.29,0.18,0.11,김민재와 최재석이 부산 해상도시·해저터널·빅테크 입주 영상을 공개하고 국가 총력 외교전을 선포한다. 사우디가 앞선다는 압박과 회원국별 한 표 설득 과제가 남아 있어 공개·선포를 실제 득표처럼 소비하지 않는다.,L121998~L122166
706,706,DCA-N65,N65·오셔닉스·고체배터리와 사우디 부산엑스포 철회,6,7,7,0.30,0.13,0.23,0.15,0.19,조지의 50배 엔화 공매도와 인재 보상·퇴직펀드를 점검한 뒤 김태중과 리즈 경기를 보고 빈 살만 담판으로 향한다,L122167~L122316
707,707,DCA-N65,N65·오셔닉스·고체배터리와 사우디 부산엑스포 철회,9,4,8,0.12,0.14,0.43,0.26,0.05,김민재가 형제처럼 지낸 빈 살만에게 부산 엑스포 양보를 요구하자 처음으로 분위기가 차갑게 얼어붙는다,L122317~L122468
708,708,DCA-N65,N65·오셔닉스·고체배터리와 사우디 부산엑스포 철회,8,9,6,0.17,0.14,0.40,0.14,0.15,2034 월드컵과 네옴 완공 지원을 대안으로 내 사우디의 엑스포 포기를 받고 빈 살만과 다시 손을 맞잡는다,L122469~L122629
709,709,DCA-N65,N65·오셔닉스·고체배터리와 사우디 부산엑스포 철회,6,6,7,0.27,0.12,0.31,0.08,0.22,리즈 옵션으로 안드레아를 유럽 로비스트에 묶고 중국의 돼지고기·와인 보복을 EU 분열의 기회로 읽는다,L122630~L122798
710,710,DCA-N65,N65·오셔닉스·고체배터리와 사우디 부산엑스포 철회,7,9,8,0.18,0.24,0.24,0.10,0.24,사우디가 2030 엑스포 후보를 공식 철회하고 부산 지지로 돌아서며 아람코 0.6퍼센트 지분매각 계약서도 도착한다. 엑스포 외교의 큰 정치·물질 보상 뒤 유토피아의 엔비디아 보유설과 조지의 일본 D-DAY 결정이 긴장을 다시 연다.,L122799~L122944
711,711,DCA-N67,N67·중국 임시가입·경제특구와 철수 안전장치,8,5,7,0.33,0.16,0.22,0.19,0.10,"바흐무트 승리 뒤 바그너의 불만과 엔비디아 과열을 확인하고, 중국 재진출이 14억 시장과 정책위험을 함께 품은 독이 든 성배임을 따진다. 시진핑과 직접 대화해 안전장치를 더 얻을 수 있다는 가능성만 열리며 특구·동맹 조건은 아직 제시되지 않는다.",L122945~L123129
712,712,DCA-N67,N67·중국 임시가입·경제특구와 철수 안전장치,7,5,7,0.29,0.10,0.37,0.12,0.12,시진핑이 자동차·산업동맹 가입과 전 업종 태우 특구를 제안해 한국이 미중 사이 선택권을 쥔 협상대에 선다,L123130~L123300
713,713,DCA-N67,N67·중국 임시가입·경제특구와 철수 안전장치,8,5,8,0.22,0.23,0.26,0.18,0.11,중국 특구를 검토하는 사이 일본이 태우IT 지분을 위협하고 김민재는 죄책감 없이 금융전을 벌일 명분으로 받아들인다,L123301~L123480
714,714,DCA-N67,N67·중국 임시가입·경제특구와 철수 안전장치,7,5,7,0.29,0.21,0.24,0.10,0.16,일본의 차입금 조기상환 요구를 D-DAY 방아쇠로 쓰고 중국기업에는 권한 없는 자동차동맹 임시가입만 허용한다,L123481~L123642
715,715,DCA-N67,N67·중국 임시가입·경제특구와 철수 안전장치,9,5,9,0.19,0.34,0.20,0.22,0.05,"중국특구는 철수권 조건과 계열사 진출준비까지만 진행된다. 마지막에 프리고진과 바그너 지도부가 러시아행을 택하지만 행군·점령·반란결과는 없어, 짧은 결정 한 번이 9점짜리 전쟁 훅을 만들고 실행보상은 다음으로 넘긴다.",L123643~L123789
716,716,DCA-N67B,N67B·바그너 반란 대응과 신속무기·북방 경제영토,9,6,8,0.24,0.28,0.23,0.16,0.09,바그너의 자금과 가스거점 장악 가능성을 읽고 한 부회장에게 장기 에너지 대응을 시켜 태우 지원의 대가를 준비한다,L123790~L123950
717,717,DCA-N67B,N67B·바그너 반란 대응과 신속무기·북방 경제영토,8,6,7,0.21,0.17,0.40,0.12,0.10,프리고진·로만이 보안 메타버스에서 태우 지원을 믿는 사이 자동차동맹은 중국기업을 권한 없는 임시회원으로 받는다,L123951~L124124
718,718,DCA-N67B,N67B·바그너 반란 대응과 신속무기·북방 경제영토,7,7,7,0.27,0.20,0.28,0.10,0.15,중국기업을 임시회원으로 만족시키고 일본을 제외한 뒤 일본이 금리를 올릴 수밖에 없는 상황을 만들기로 한다,L124125~L124294
719,719,DCA-N67B,N67B·바그너 반란 대응과 신속무기·북방 경제영토,8,5,8,0.25,0.26,0.25,0.13,0.11,"바그너와 우크라이나가 러시아를 압박하는 상황을 읽고 최재석에게 동유럽 무기 납기 가속과 미 7함대 부산 배치를 제안한다. 두 안이 청와대 의제로 오른 것까지만 확인되며, 백악관 승인과 실제 배치가 없는 상태라 국가급 행동의 문턱에서 끊는다.",L124295~L124452
720,720,DCA-N67B,N67B·바그너 반란 대응과 신속무기·북방 경제영토,7,9,6,0.25,0.27,0.19,0.10,0.19,"미국의 항모운용안 수락, 무기선의 13일 내 수에즈 도착·무대기 통과, 폴란드 전투기와 우크라이나 재고 이전이 실제 군수 영수증이다. 뒤의 지린특구·북한·러시아 육로는 설계여서 행동봉우리 뒤 정보·경제영토 구상으로 속도를 낮춘다.",L124453~L124612
721,721,DCA-N68,N68·푸틴·프리고진·서방·젤렌스키 휴전 중재,8,5,8,0.24,0.18,0.33,0.17,0.08,"바그너와 우크라이나가 쥔 가스관 압박을 짚은 뒤 최재석이 공동중재를 먼저 제안하고 김민재가 수락한다. 한국 대통령과 태우 회장이 직접 중재에 나서기로 한 관계·지위 변화가 중심이고, 러시아·우크라이나·바그너를 묶을 구체 협상조건은 아직 지급되지 않는다.",L124613~L124802
722,722,DCA-N68,N68·푸틴·프리고진·서방·젤렌스키 휴전 중재,9,6,7,0.14,0.34,0.20,0.21,0.11,"일본이 태우IT 지분 49퍼센트를 강제하자 협상 숫자를 더 맞추지 않고 일본 철수를 선언하게 한다. 서비스 축소 준비가 즉시 움직여 행동과 감정의 압력이 높지만, 업계·소비자·정권이 치를 비용은 아직 반응 전이라 훅을 과장하지 않는다.",L124803~L124955
723,723,DCA-N68,N68·푸틴·프리고진·서방·젤렌스키 휴전 중재,7,7,8,0.29,0.18,0.24,0.14,0.15,태우IT 철수로 일본 총리 지지율을 무너뜨리고 러시아 중재가 코리아 디스카운트를 없앨 국가위상 보상임을 계산한다,L124956~L125111
724,724,DCA-N68,N68·푸틴·프리고진·서방·젤렌스키 휴전 중재,8,7,9,0.22,0.16,0.41,0.13,0.08,전쟁 이전선·가스관·횡단철도·한국투자 패키지를 차례로 내밀고 바그너 반란 종식까지 약속한다. 푸틴은 마지막에 천천히 고개를 끄덕일 뿐 구체 조건과 최종 합의는 다음 화에 남는다.,L125112~L125254
725,725,DCA-N68,N68·푸틴·프리고진·서방·젤렌스키 휴전 중재,9,6,9,0.18,0.25,0.34,0.18,0.05,푸틴의 조건부 승낙 뒤 강경파가 막기 전에 흑해의 프리고진을 설득하려 태우선박으로 급히 향한다,L125255~L125407
726,726,DCA-N68,N68·푸틴·프리고진·서방·젤렌스키 휴전 중재,8,8,7,0.15,0.26,0.39,0.15,0.05,"프리고진에게 아프리카 사업과 안전한 퇴장을 보장해 바그너 반란 종식 합의를 얻은 뒤 미국으로 향한다. 후반은 백악관 설득자료·PMC 계약 직전 준비를 빠르게 배치하지만, 미국에서 꺼낼 구체 위협과 거래내용은 아직 공개되지 않는다.",L125408~L125577
727,727,DCA-N68,N68·푸틴·프리고진·서방·젤렌스키 휴전 중재,8,4,8,0.20,0.14,0.40,0.19,0.07,바이든에게 하마스 사전방어비와 우크라이나 설득 실패비용까지 태우가 책임지겠다고 해 그룹 미래를 건 도박을 던진다,L125578~L125735
728,728,DCA-N68,N68·푸틴·프리고진·서방·젤렌스키 휴전 중재,8,5,7,0.30,0.16,0.26,0.12,0.16,유럽 설득과 러시아 진출 이미지·일본 공매도를 병행해 태우의 위험부담을 국제사회가 움직일 휴전 패키지로 만든다,L125736~L125883
729,729,DCA-N68,N68·푸틴·프리고진·서방·젤렌스키 휴전 중재,8,5,8,0.29,0.13,0.21,0.14,0.23,일본 조기상환 대응과 우크라이나 재건 보상안의 방향만 고른다. 젤렌스키에게 구체 자료를 내미는 다음 화 전이라 정보와 선택에 머문다.,L125884~L126045
730,730,DCA-N68,N68·푸틴·프리고진·서방·젤렌스키 휴전 중재,8,7,8,0.20,0.16,0.38,0.18,0.08,젤렌스키에게 부패세력 제거와 통신·건설 재건을 제안하고 연임용 전쟁을 경고한 뒤 자금흐름 자료를 작은 선물로 준다,L126046~L126215
731,731,DCA-N68,N68·푸틴·프리고진·서방·젤렌스키 휴전 중재,9,9,8,0.18,0.37,0.08,0.10,0.27,"우크라이나·벨라루스 협상일정과 이스라엘 PMC·드론·대피소가 먼저 지급된다. 이어 엔화 1천2백억 달러를 반나절 상환해 니케이 15퍼센트·나스닥과 KOSPI 6퍼센트 하락을 만들지만 두 배 수익은 전망이며, 끝은 자민당 비자금 자료축적의 긴 숨으로 바뀐다.",L126216~L126382
732,732,DCA-N70,N70·일본 엔화 상환·3대은행 지분과 야당 집권통로,9,7,8,0.23,0.25,0.28,0.10,0.14,"전액상환 충격을 받은 일본 금융청의 30조 엔 대응, 미국 환율관찰국 지정, 일본 측 협상요청과 투트랙 결정을 다룬다. 전액상환 자체는 진입 배경이다.",L126383~L126556
733,733,DCA-N70,N70·일본 엔화 상환·3대은행 지분과 야당 집권통로,8,8,7,0.15,0.17,0.37,0.15,0.16,"한 부회장과 조지가 기시다에게 중앙은행 보증·우대금리·세제·핀테크 개방·자본규제 완화와 총리 사퇴·중의원 해산 약속을 받아낸다. 재차입·미국채 거래와 시장 정상화는 주말 집행 전이고, 마지막 문장은 기시다가 모르는 김민재의 비공개 접촉을 숨긴다.",L126557~L126729
734,734,DCA-N70,N70·일본 엔화 상환·3대은행 지분과 야당 집권통로,7,6,8,0.25,0.16,0.26,0.10,0.23,곤조에게 자민당 불법자금 자료와 합법적 자금통로를 건네고 환율보험 지급조건 충족을 확인한다. 보험금·은행지분은 아직 받지 않았으므로 정치 카드와 청구권이 준비된 상태에서 끊는다.,L126730~L126889
735,735,DCA-N70,N70·일본 엔화 상환·3대은행 지분과 야당 집권통로,7,8,7,0.23,0.20,0.28,0.10,0.19,"니케이 12퍼센트 반등·나스닥 회복·KOSPI 사태 전 대비 4퍼센트 상승과 일본 보유 미국채 매입이 금융결산이다. 야권의 실명·금액·녹취 공개와 곤조 50억 엔 수령·30억 엔 약속은 정치행동이고, 환율보험금·3대 은행지분은 아직 없다.",L126890~L127049
736,736,DCA-N71,N71·러우 휴전·일본 야당과 하마스 민간인 방어,9,8,9,0.22,0.19,0.27,0.23,0.09,"기시다 퇴진·중의원 해산 뒤 일본 총선, 하마스 기습예정일, 러우 휴전서명 예정시각이 같은 날 겹친다. 세 현장 모두 실행 직전이며 실제 서명·선거결과·공격차단은 아직 지급되지 않아 동시 카운트다운에 머문다.",L127050~L127212
737,737,DCA-N71,N71·러우 휴전·일본 야당과 하마스 민간인 방어,9,9,7,0.16,0.28,0.24,0.17,0.15,러우 휴전 체결과 태우 브랜드 상승을 확인한 뒤 일본 은행의 30조 엔 손실과 뱅크런을 공개해 정치교체를 압박한다,L127213~L127367
738,738,DCA-N71,N71·러우 휴전·일본 야당과 하마스 민간인 방어,8,9,7,0.18,0.24,0.29,0.13,0.16,"콜로노이 수사 착수와 일본 총선 출구조사가 교차하고, 곤조·나오토 야당연합이 이전보다 50석을 늘려 과반으로 표시된다. 최종 개표·새 내각은 아직 전이므로 수사와 출구조사라는 관찰 가능한 결과에 보상을 한정한다.",L127368~L127539
739,739,DCA-N71,N71·러우 휴전·일본 야당과 하마스 민간인 방어,9,9,8,0.16,0.34,0.20,0.22,0.08,"일본 총선 자민당 200석·입헌민주당 162석과 태우건설의 우크라이나 재건진입이 먼저 결산된다. 곧 하마스 기습을 AI 드론·PMC가 막아 이스라엘 남서부 민간인 사망 0명을 만들며, 정치·산업 지급이 전투행동과 관계보호의 큰 봉우리로 급전환한다.",L127540~L127739
740,740,DCA-N72,N72·하마스 방어 보상을 러시아·미국·일본 질서로 고정,7,8,6,0.22,0.17,0.29,0.12,0.20,"미국대사에게 PMC 비용과 미국 기업 동등대우·우크라이나 재건 중심권을 받아 낸다. 현금보전과 국가급 사업권을 지급한 뒤 곧장 러시아 에너지·자원 선점으로 시선을 돌려, 평화의 청구서가 전후시장 실행 과제로 바뀐다.",L127740~L127898
741,741,DCA-N72,N72·하마스 방어 보상을 러시아·미국·일본 질서로 고정,7,8,7,0.20,0.14,0.37,0.10,0.19,로만·푸틴과 공장 무상회수·가스관·횡단철도·장남 지원을 합의해 함경북도와 양강도까지 북방경제 기반에 넣는다,L127899~L128080
742,742,DCA-N72,N72·하마스 방어 보상을 러시아·미국·일본 질서로 고정,7,7,7,0.23,0.14,0.39,0.13,0.11,텍사스 농장에서 머스크와 트럼프를 만나 무제한 후원과 민주당 후보교체 전략을 제시해 미국대선 양쪽 선을 설계한다,L128081~L128250
743,743,DCA-N72,N72·하마스 방어 보상을 러시아·미국·일본 질서로 고정,5,8,7,0.16,0.12,0.31,0.08,0.33,곤조 총리 성립 뒤 보험료를 낮춰 주는 대신 일본 금융사를 태우 플랫폼에 가입시켜 고객과 정치권을 장기 구조로 묶는다,L128251~L128420
744,744,DCA-N72,N72·하마스 방어 보상을 러시아·미국·일본 질서로 고정,5,8,7,0.25,0.10,0.31,0.18,0.16,"고체배터리 2세대의 성능돌파·생산단서가 기술보상으로 나오고 천민정의 일본 AI 금융플랫폼 준비가 이어진다. 뒤에서는 소외감을 느낀 천민정과 오래된 호텔 구상을 다시 꺼내 관계대화가 길어지므로, 플랫폼 실행보다 기술과 두 사람의 공동미래에 머문다.",L128421~L128566
745,745,DCA-N73,N73·김태중 대북특사·횡단철도와 고체배터리 우주확장,6,7,8,0.15,0.11,0.45,0.24,0.05,"이영한의 일본·지린 사채망과 북한 장남 세력을 확인한 뒤 김태중이 대북특사를 자청한다. 손자가 막으려다 안전보장과 선물을 맡기로 물러서는 대화가 길어, 지켜야 했던 할아버지가 손자의 마지막 국가사업을 맡는 상호신뢰가 중심이다.",L128567~L128730
746,746,DCA-N73,N73·김태중 대북특사·횡단철도와 고체배터리 우주확장,6,7,8,0.20,0.18,0.36,0.14,0.12,"김태중이 평양 특사 일정을 마치고 돌아와 다음 달 남북 정상회담과 중국·러시아·미국이 참여할 5개국 회담 약속을 확보한 사실이 발표된다. 회담 개최·철도합의는 아직 전이며, 중간의 고체배터리 휴대폰·가전 확장도 개발계획으로 읽는다.",L128731~L128901
747,747,DCA-N73,N73·김태중 대북특사·횡단철도와 고체배터리 우주확장,5,9,8,0.27,0.10,0.31,0.10,0.22,최재석과 북한횡단철도 40조 비용을 정리한 직후 머스크가 스페이스X 로켓용 고체배터리를 요구해 새 수요를 연다,L128902~L129069
748,748,DCA-N73,N73·김태중 대북특사·횡단철도와 고체배터리 우주확장,5,9,7,0.19,0.15,0.25,0.08,0.33,"머스크가 우주배터리 공장·시험·휴머노이드 공동개발·탈부착 표준을 수락한다. 다음 날 일본 AI 플랫폼이 출시돼 가입자와 상품이용이 급증하고 금융타워 계열사들이 횡단철도 투자에 동의해, 관계합의가 실제 디지털 수요와 공동자금으로 연속 지급된다.",L129070~L129224
749,749,DCA-N74,N74·횡단철도·노벨상과 초음파 조손 가족완성,6,10,8,0.15,0.18,0.31,0.28,0.08,"북한 횡단철도 첫 삽과 AI 코로나·희귀질병 치료제 공로의 노벨 화학상 소식 뒤, 회의실에 웅크린 천민정을 직접 만나는 관계장면이 길게 이어진다. 김민재가 수상 자격과 과거 보호를 보증하고 양복으로 머리를 가린 채 안아 회사 밖으로 빠져나간 행동까지 이 화가 소유한다.",L129225~L129398
750,750,DCA-N74,N74·횡단철도·노벨상과 초음파 조손 가족완성,5,10,8,0.16,0.11,0.31,0.27,0.15,"749화부터 저택에서 보호 중인 천민정의 휴식·음성 인터뷰를 마련한 뒤 김민재·최재석 공동 평화상 소식이 터진다. 태우 주가와 계열사 매출 상승, 세계 최고급 브랜드, 국민경제당 후계우위까지 즉시 지급돼 관계보호의 지속상태와 기업·정치 보상의 새 발생을 분리한다.",L129399~L129568
751,751,DCA-N74,N74·횡단철도·노벨상과 초음파 조손 가족완성,3,10,4,0.12,0.08,0.36,0.32,0.12,"부산 엑스포 131대34 승리 뒤 세 선물이 결말을 층층이 연다. 평화상 상자 다음에는 50%+ 실소유 기업들과 절반 이상의 세계 10위권, 공개목록도 자산 절반 미만인 숨은 제국이 나오고, 마지막 초음파 사진 앞에서 할아버지가 영국행을 취소해 손자와 손자며느리의 손을 잡는다.",L129569~L129777
