ordinal,arc_id,start_sequence,end_sequence,source_arc_ids,decision,arc_name,dominant_question,evidence_anchor,boundary_line_evidence,predecessor_payoff,next_first_action,bridge_climax_ownership,ledger_sha256,source_sha256
1,DCA-N01,1,10,DCA-N01,SPLIT,걸프전 100억 달러와 SAVE 월가 자립,"걸프전 100억 달러와 SAVE 월가 자립의 약속을 퀀텀펀드 장기 동맹, 조지·짐 추천서, 파운드 공격의 마지막 일격 지위와 40억 달러의 독자 운용 여력을 얻는다.까지 실제 장면으로 결산하는가?",L2159~L2176,L2159~L2176; predecessor=START: 1화 회귀·파텍필립 폭로·김태중의 100만 달러 지급에서 진입; next=1화 L1~L255: 김택훈 앞에서 17세답게 행동하고 김태중 생일연회에서 납품가를 호소하는 협력업체 사장의 10억 원 파텍필립 시계를 폭로한다.,START: 1화 회귀·파텍필립 폭로·김태중의 100만 달러 지급에서 진입,1화 L1~L255: 김택훈 앞에서 17세답게 행동하고 김태중 생일연회에서 납품가를 호소하는 협력업체 사장의 10억 원 파텍필립 시계를 폭로한다.,"10화의 지급 ‘퀀텀펀드 장기 동맹, 조지·짐 추천서, 파운드 공격의 마지막 일격 지위와 40억 달러의 독자 운용 여력을 얻는다.’은 DCA-N01 소유다. 끝 훅 ‘한정훈이 파운드 TF와 퀀텀 대화 채널을 만들고 김민재는 대학 입학 뒤에도 굵직한 투자·영입만 직접 개입하려 한다.’은 bridge이고 11화 실제 행동은 다음 Arc가 소유한다.",52bbd904efd4483aa999d2062f301ec548ea2cc433bca0565c77d4f1fd418fa2,66f3e7df3123343c14a7134108dc59940511f40372493a549cba8ae709df4b45
2,DCA-N01B,11,15,DCA-N01,SPLIT,하버드·공직자 펀드와 태우 귀환 준비,하버드·공직자 펀드와 태우 귀환 준비의 약속을 푸틴 감사·하버드 3년 졸업·귀국은 지급됐고 배터리 교수 접촉·계약·지분 취득은 미지급이다.까지 실제 장면으로 결산하는가?,L2159~L2176,"L2159~L2176; predecessor=10화 L2018~L2167: 퀀텀펀드 장기 동맹, 조지·짐 추천서, 파운드 공격의 마지막 일격 지위와 40억 달러의 독자 운용 여력을 얻는다.; next=11화 L2168~L2352: 하버드 경제학과 합격증을 김태중에게 보여 준 뒤 강준기 의원의 신민국당 영입 제안을 상속세·언론 검증·5년 임기 논리로 말리고 YS와 DJ 양쪽 지원을 권한다.","10화 L2018~L2167: 퀀텀펀드 장기 동맹, 조지·짐 추천서, 파운드 공격의 마지막 일격 지위와 40억 달러의 독자 운용 여력을 얻는다.",11화 L2168~L2352: 하버드 경제학과 합격증을 김태중에게 보여 준 뒤 강준기 의원의 신민국당 영입 제안을 상속세·언론 검증·5년 임기 논리로 말리고 YS와 DJ 양쪽 지원을 권한다.,15화의 지급 ‘푸틴 감사·하버드 3년 졸업·귀국은 지급됐고 배터리 교수 접촉·계약·지분 취득은 미지급이다.’은 DCA-N01B 소유다. 끝 훅 ‘기획실 대신 창원 부품공장을 택해 5년 갈아 온 칼을 처음 쓰겠다고 결심한다.’은 bridge이고 16화 실제 행동은 다음 Arc가 소유한다.,52bbd904efd4483aa999d2062f301ec548ea2cc433bca0565c77d4f1fd418fa2,66f3e7df3123343c14a7134108dc59940511f40372493a549cba8ae709df4b45
3,DCA-N02,16,31,DCA-N02,KEEP,창원 장부와 명동 4천억 절단,창원 장부와 명동 4천억 절단의 약속을 명동 간섭 제거·47명 숙청과 감사팀 개혁 성과를 얻지만 기술연구소장으로 밀어낼 사장단 합의가 생긴다.까지 실제 장면으로 결산하는가?,L4002~L4017;L4924~L4939,L4002~L4017;L4924~L4939; predecessor=15화 L2852~L3024: 푸틴 감사·하버드 3년 졸업·귀국은 지급됐고 배터리 교수 접촉·계약·지분 취득은 미지급이다.; next=16화 L3025~L3210: 양 대리 안내로 고철장과 총무팀을 돌며 악수해 이 부장 등 전원의 비리 특이사항을 확인하고 관리직 전체에 비싼 회식과 술을 사며 외부 인력에 자료 탈취를 지시한다.,15화 L2852~L3024: 푸틴 감사·하버드 3년 졸업·귀국은 지급됐고 배터리 교수 접촉·계약·지분 취득은 미지급이다.,16화 L3025~L3210: 양 대리 안내로 고철장과 총무팀을 돌며 악수해 이 부장 등 전원의 비리 특이사항을 확인하고 관리직 전체에 비싼 회식과 술을 사며 외부 인력에 자료 탈취를 지시한다.,31화의 지급 ‘명동 간섭 제거·47명 숙청과 감사팀 개혁 성과를 얻지만 기술연구소장으로 밀어낼 사장단 합의가 생긴다.’은 DCA-N02 소유다. 끝 훅 ‘박진훈이 태우전자 기술연구소장 승진안을 김태중 귀국 사장단 회의에 올리기로 한다.’은 bridge이고 32화 실제 행동은 다음 Arc가 소유한다.,52bbd904efd4483aa999d2062f301ec548ea2cc433bca0565c77d4f1fd418fa2,66f3e7df3123343c14a7134108dc59940511f40372493a549cba8ae709df4b45
4,DCA-N03,32,52,DCA-N03,KEEP,이노폰과 박진훈 축출,이노폰과 박진훈 축출의 약속을 박진훈을 축출하고 이노폰의 월 10만 대 이상 수요와 태우전자 사장 추천을 얻는다까지 실제 장면으로 결산하는가?,L6852~L6867;L8665~L8680,L6852~L6867;L8665~L8680; predecessor=31화 L5819~L6005: 명동 간섭 제거·47명 숙청과 감사팀 개혁 성과를 얻지만 기술연구소장으로 밀어낼 사장단 합의가 생긴다.; next=32화 L6006~L6176: 윤일섭 TF의 정식 감사6팀 승격과 부장 승진을 받아낸 뒤 기술연구소 독립권·경제연구소 총괄·20명 자기선발을 조건으로 박진훈의 제안을 수락한다.,31화 L5819~L6005: 명동 간섭 제거·47명 숙청과 감사팀 개혁 성과를 얻지만 기술연구소장으로 밀어낼 사장단 합의가 생긴다.,32화 L6006~L6176: 윤일섭 TF의 정식 감사6팀 승격과 부장 승진을 받아낸 뒤 기술연구소 독립권·경제연구소 총괄·20명 자기선발을 조건으로 박진훈의 제안을 수락한다.,52화의 지급 ‘박진훈을 축출하고 이노폰의 월 10만 대 이상 수요와 태우전자 사장 추천을 얻는다’은 DCA-N03 소유다. 끝 훅 ‘김민재가 요구한 것은 사장 직함이 아니라 지분이다. 김태중이 태우전자의 실제 소유권을 넘길 것인가?’은 bridge이고 53화 실제 행동은 다음 Arc가 소유한다.,52bbd904efd4483aa999d2062f301ec548ea2cc433bca0565c77d4f1fd418fa2,66f3e7df3123343c14a7134108dc59940511f40372493a549cba8ae709df4b45
5,DCA-N04,53,71,DCA-N04,KEEP,태우전자 소유와 조선·애플 교환,태우전자 소유와 조선·애플 교환의 약속을 황영철 팀·MP3 기술을 애플 개발로 살리고 전 계열사를 조정할 사장급 기획본부장 역할을 얻는다까지 실제 장면으로 결산하는가?,L11731~L11760,L11731~L11760; predecessor=52화 L9579~L9758: 박진훈을 축출하고 이노폰의 월 10만 대 이상 수요와 태우전자 사장 추천을 얻는다; next=53화 L9759~L9940: 김태중에게 태우전자 지분을 상속받아 만장일치로 사장에 취임한 뒤 현재그룹 장 회장의 자금난을 듣고 SAVE 자금으로 차입을 유도할 미끼를 던진다,52화 L9579~L9758: 박진훈을 축출하고 이노폰의 월 10만 대 이상 수요와 태우전자 사장 추천을 얻는다,53화 L9759~L9940: 김태중에게 태우전자 지분을 상속받아 만장일치로 사장에 취임한 뒤 현재그룹 장 회장의 자금난을 듣고 SAVE 자금으로 차입을 유도할 미끼를 던진다,71화의 지급 ‘황영철 팀·MP3 기술을 애플 개발로 살리고 전 계열사를 조정할 사장급 기획본부장 역할을 얻는다’은 DCA-N04 소유다. 끝 훅 ‘그룹 기획본부장으로서 첫 세계화 표적을 어느 나라와 어떤 제품으로 잡을 것인가?’은 bridge이고 72화 실제 행동은 다음 Arc가 소유한다.,52bbd904efd4483aa999d2062f301ec548ea2cc433bca0565c77d4f1fd418fa2,66f3e7df3123343c14a7134108dc59940511f40372493a549cba8ae709df4b45
6,DCA-N05,72,77,DCA-N05,KEEP,중국 자동차와 인터넷 외화 출구,"중국 자동차와 인터넷 외화 출구의 약속을 전자상거래·음원·HTS 전담팀과 자유출퇴근제, 이를 실제로 밀어붙일 제프리를 확보한다까지 실제 장면으로 결산하는가?",L13226~L14342,L13226~L14342; predecessor=71화 L13025~L13225: 황영철 팀·MP3 기술을 애플 개발로 살리고 전 계열사를 조정할 사장급 기획본부장 역할을 얻는다; next=72화 L13226~L13417: 사장급 기획본부장이 되어 루마니아산 태우차 중국 판매를 설계하고 쩡훙친을 만난다,71화 L13025~L13225: 황영철 팀·MP3 기술을 애플 개발로 살리고 전 계열사를 조정할 사장급 기획본부장 역할을 얻는다,72화 L13226~L13417: 사장급 기획본부장이 되어 루마니아산 태우차 중국 판매를 설계하고 쩡훙친을 만난다,"77화의 지급 ‘전자상거래·음원·HTS 전담팀과 자유출퇴근제, 이를 실제로 밀어붙일 제프리를 확보한다’은 DCA-N05 소유다. 끝 훅 ‘제프리의 방식이 직원 이탈 없이 제품을 내고 다가오는 외환위기 전 현금원을 만들 수 있는가?’은 bridge이고 78화 실제 행동은 다음 Arc가 소유한다.",52bbd904efd4483aa999d2062f301ec548ea2cc433bca0565c77d4f1fd418fa2,66f3e7df3123343c14a7134108dc59940511f40372493a549cba8ae709df4b45
7,DCA-N06,78,86,DCA-N06,KEEP,외환위기 무부채와 사우디 정유,외환위기 무부채와 사우디 정유의 약속을 IMF 우호관계와 애플의 소비자·주가 보상을 얻어 국내 위기 매물을 살 명분과 자산가치를 키운다까지 실제 장면으로 결산하는가?,L14343~L15983,"L14343~L15983; predecessor=77화 L14142~L14342: 전자상거래·음원·HTS 전담팀과 자유출퇴근제, 이를 실제로 밀어붙일 제프리를 확보한다; next=78화 L14343~L14507: 1997년 중국차 10만 대·미국 70퍼센트 성장에도 김태중이 통신사업용 일본 차입을 추진하자 막는다","77화 L14142~L14342: 전자상거래·음원·HTS 전담팀과 자유출퇴근제, 이를 실제로 밀어붙일 제프리를 확보한다",78화 L14343~L14507: 1997년 중국차 10만 대·미국 70퍼센트 성장에도 김태중이 통신사업용 일본 차입을 추진하자 막는다,86화의 지급 ‘IMF 우호관계와 애플의 소비자·주가 보상을 얻어 국내 위기 매물을 살 명분과 자산가치를 키운다’은 DCA-N06 소유다. 끝 훅 ‘귀국한 다이먼이 재계 4위 카이자동차를 어느 가격과 조건으로 가져올 것인가?’은 bridge이고 87화 실제 행동은 다음 Arc가 소유한다.,52bbd904efd4483aa999d2062f301ec548ea2cc433bca0565c77d4f1fd418fa2,66f3e7df3123343c14a7134108dc59940511f40372493a549cba8ae709df4b45
8,DCA-N07,87,90,DCA-N07,SPLIT,카이자동차 51%와 카를로스 곤 독립경영,카이자동차 51%와 카를로스 곤 독립경영의 약속을 카이차 회생 책임자와 CL 승계판을 흔들 수 있는 장녀의 불만·접근권을 확보한다까지 실제 장면으로 결산하는가?,L16713~L16730,L16713~L16730; predecessor=86화 L15802~L15983: IMF 우호관계와 애플의 소비자·주가 보상을 얻어 국내 위기 매물을 살 명분과 자산가치를 키운다; next=87화 L15984~L16165: 다이먼을 한국으로 불러 카이자동차 인수를 시작하고 베리뮤직 실시간 순위 시스템을 지시한다,86화 L15802~L15983: IMF 우호관계와 애플의 소비자·주가 보상을 얻어 국내 위기 매물을 살 명분과 자산가치를 키운다,87화 L15984~L16165: 다이먼을 한국으로 불러 카이자동차 인수를 시작하고 베리뮤직 실시간 순위 시스템을 지시한다,90화의 지급 ‘카이차 회생 책임자와 CL 승계판을 흔들 수 있는 장녀의 불만·접근권을 확보한다’은 DCA-N07 소유다. 끝 훅 ‘고연진에게 장녀 승계를 독려하면 CL이 먼저 자산 교환을 고민하게 만들 수 있는가?’은 bridge이고 91화 실제 행동은 다음 Arc가 소유한다.,52bbd904efd4483aa999d2062f301ec548ea2cc433bca0565c77d4f1fd418fa2,66f3e7df3123343c14a7134108dc59940511f40372493a549cba8ae709df4b45
9,DCA-N07B,91,95,DCA-N07,SPLIT,CL 카드·백화점과 통신·배터리 빅딜,"CL 카드·백화점과 통신·배터리 빅딜의 약속을 스타벅스 한국법인 50대50 독점권과 전자 20% 성장, 건설 재건의 명확한 문제표를 얻는다까지 실제 장면으로 결산하는가?",L16713~L16730;L17607~L17624,L16713~L16730;L17607~L17624; predecessor=90화 L16548~L16721: 카이차 회생 책임자와 CL 승계판을 흔들 수 있는 장녀의 불만·접근권을 확보한다; next=91화 L16722~L16900: 고연진에게 장녀 승계를 부추기고 아이돌 팬덤을 겨냥한 방송 3사 베리뮤직 후원을 지시한다,90화 L16548~L16721: 카이차 회생 책임자와 CL 승계판을 흔들 수 있는 장녀의 불만·접근권을 확보한다,91화 L16722~L16900: 고연진에게 장녀 승계를 부추기고 아이돌 팬덤을 겨냥한 방송 3사 베리뮤직 후원을 지시한다,"95화의 지급 ‘스타벅스 한국법인 50대50 독점권과 전자 20% 성장, 건설 재건의 명확한 문제표를 얻는다’은 DCA-N07B 소유다. 끝 훅 ‘태우전자 보고가 끝나고 태우건설 차례가 오자 외환위기로 건설경기가 얼어붙은 현실이 회의실을 누른다’은 bridge이고 96화 실제 행동은 다음 Arc가 소유한다.",52bbd904efd4483aa999d2062f301ec548ea2cc433bca0565c77d4f1fd418fa2,66f3e7df3123343c14a7134108dc59940511f40372493a549cba8ae709df4b45
10,DCA-N07C,96,97,DCA-N07,SPLIT,9호선·거가대교 40년 민자 운영권,9호선·거가대교 40년 민자 운영권의 약속을 지하철 9호선·거가대교 운영권과 태우건설의 대형 시공물량·도급 1위 반전 기반을 얻는다까지 실제 장면으로 결산하는가?,L17607~L17624,"L17607~L17624; predecessor=95화 L17446~L17615: 스타벅스 한국법인 50대50 독점권과 전자 20% 성장, 건설 재건의 명확한 문제표를 얻는다; next=96화 L17616~L17784: 장수영이 외부 자금 없이는 수주가 불가능하다고 하자 SAVE·퀀텀 7퍼센트의 비밀 민자 컨소시엄을 설계한다","95화 L17446~L17615: 스타벅스 한국법인 50대50 독점권과 전자 20% 성장, 건설 재건의 명확한 문제표를 얻는다",96화 L17616~L17784: 장수영이 외부 자금 없이는 수주가 불가능하다고 하자 SAVE·퀀텀 7퍼센트의 비밀 민자 컨소시엄을 설계한다,97화의 지급 ‘지하철 9호선·거가대교 운영권과 태우건설의 대형 시공물량·도급 1위 반전 기반을 얻는다’은 DCA-N07C 소유다. 끝 훅 ‘사장단 앞에 이 수주를 공개하면 장수영과 태우건설의 위상이 어떻게 바뀔 것인가?’은 bridge이고 98화 실제 행동은 다음 Arc가 소유한다.,52bbd904efd4483aa999d2062f301ec548ea2cc433bca0565c77d4f1fd418fa2,66f3e7df3123343c14a7134108dc59940511f40372493a549cba8ae709df4b45
11,DCA-N08,98,101,DCA-N08,KEEP,태우통신 HTS·게임 플랫폼,"태우통신 HTS·게임 플랫폼의 약속을 린지 흥행과 플랫폼의 기하급수적 가입, 일일 수천만 원 수수료가 선행 투자 논리를 실제 매출로 입증한다까지 실제 장면으로 결산하는가?",L17954~L18661,L17954~L18661; predecessor=97화 L17785~L17953: 지하철 9호선·거가대교 운영권과 태우건설의 대형 시공물량·도급 1위 반전 기반을 얻는다; next=98화 L17954~L18127: 사장단에 태우건설 수주를 공개하고 다이먼이 CL·신세계·태우 통신 3사를 한 달 만에 합병한다,97화 L17785~L17953: 지하철 9호선·거가대교 운영권과 태우건설의 대형 시공물량·도급 1위 반전 기반을 얻는다,98화 L17954~L18127: 사장단에 태우건설 수주를 공개하고 다이먼이 CL·신세계·태우 통신 3사를 한 달 만에 합병한다,"101화의 지급 ‘린지 흥행과 플랫폼의 기하급수적 가입, 일일 수천만 원 수수료가 선행 투자 논리를 실제 매출로 입증한다’은 DCA-N08 소유다. 끝 훅 ‘이영한과 악수한 민재의 손에는 사람 체온이 아니라 냉혈동물을 만진 듯한 차가움만 남는다’은 bridge이고 102화 실제 행동은 다음 Arc가 소유한다.",52bbd904efd4483aa999d2062f301ec548ea2cc433bca0565c77d4f1fd418fa2,66f3e7df3123343c14a7134108dc59940511f40372493a549cba8ae709df4b45
12,DCA-N09,102,111,DCA-N09,KEEP,이선일 죽음과 이영한 명동 후계,"이선일 죽음과 이영한 명동 후계의 약속을 오성파 두목이 체포되고 이영한은 명동 70%를 접수하며, 태우 게임단은 숙소·장비·선수 계약과 케이블 공식대회 중계까지 준비를 마친다까지 실제 장면으로 결산하는가?",L18662~L20420,"L18662~L20420; predecessor=101화 L18492~L18661: 린지 흥행과 플랫폼의 기하급수적 가입, 일일 수천만 원 수수료가 선행 투자 논리를 실제 매출로 입증한다; next=102화 L18662~L18838: 박 팀장에게 증거 전에는 명동 싸움에 개입하지 않겠다고 선을 긋고, 장영주에게 현재그룹 후계 다툼 불개입을 약속한 뒤 강 대위에게 명동 세력과 일본계 자금 흐름을 조용히 추적시킨다","101화 L18492~L18661: 린지 흥행과 플랫폼의 기하급수적 가입, 일일 수천만 원 수수료가 선행 투자 논리를 실제 매출로 입증한다","102화 L18662~L18838: 박 팀장에게 증거 전에는 명동 싸움에 개입하지 않겠다고 선을 긋고, 장영주에게 현재그룹 후계 다툼 불개입을 약속한 뒤 강 대위에게 명동 세력과 일본계 자금 흐름을 조용히 추적시킨다","111화의 지급 ‘오성파 두목이 체포되고 이영한은 명동 70%를 접수하며, 태우 게임단은 숙소·장비·선수 계약과 케이블 공식대회 중계까지 준비를 마친다’은 DCA-N09 소유다. 끝 훅 ‘OTT는 아직 컴퓨터 화면과 불법 다운로드에 막혀 있고, 민재는 상반기 인터넷 TV가 그 병목을 깨기만 기다린다’은 bridge이고 112화 실제 행동은 다음 Arc가 소유한다.",52bbd904efd4483aa999d2062f301ec548ea2cc433bca0565c77d4f1fd418fa2,66f3e7df3123343c14a7134108dc59940511f40372493a549cba8ae709df4b45
13,DCA-N10,112,116,DCA-N10,KEEP,통신 카르텔과 강민 교육 역전,"통신 카르텔과 강민 교육 역전의 약속을 일본 대부업체를 상대로 한 300억 달러 계약이 전량 체결되고, 태우통신은 2위와 10% 넘는 격차를 유지하며 인터넷 강의 일부 유료화까지 확정한다까지 실제 장면으로 결산하는가?",L20421~L21297,"L20421~L21297; predecessor=111화 L20251~L20420: 오성파 두목이 체포되고 이영한은 명동 70%를 접수하며, 태우 게임단은 숙소·장비·선수 계약과 케이블 공식대회 중계까지 준비를 마친다; next=112화 L20421~L20584: 김태중의 IT 계열분리 제안을 주주와 폭락 방어 논리로 막고, 이준수 구속 뉴스를 확인한 뒤 왕자의 난 시점에 맞춰 현재 반도체를 빼앗고 배터리 투자를 키우겠다고 밝힌다","111화 L20251~L20420: 오성파 두목이 체포되고 이영한은 명동 70%를 접수하며, 태우 게임단은 숙소·장비·선수 계약과 케이블 공식대회 중계까지 준비를 마친다","112화 L20421~L20584: 김태중의 IT 계열분리 제안을 주주와 폭락 방어 논리로 막고, 이준수 구속 뉴스를 확인한 뒤 왕자의 난 시점에 맞춰 현재 반도체를 빼앗고 배터리 투자를 키우겠다고 밝힌다","116화의 지급 ‘일본 대부업체를 상대로 한 300억 달러 계약이 전량 체결되고, 태우통신은 2위와 10% 넘는 격차를 유지하며 인터넷 강의 일부 유료화까지 확정한다’은 DCA-N10 소유다. 끝 훅 ‘새해가 오면 현재그룹과 태우그룹의 재계 순위가 뒤바뀔 만큼 격차가 좁혀졌다는 전망으로 1999년 회의가 끝난다’은 bridge이고 117화 실제 행동은 다음 Arc가 소유한다.",52bbd904efd4483aa999d2062f301ec548ea2cc433bca0565c77d4f1fd418fa2,66f3e7df3123343c14a7134108dc59940511f40372493a549cba8ae709df4b45
14,DCA-N11,117,124,DCA-N11,KEEP,35대3 부회장·푸틴·장수영 축출,"35대3 부회장·푸틴·장수영 축출의 약속을 러시아 천연자원 개발과 현지 자동차·전자 공장 혜택이 김태중에게 전달되고, 월가를 섞어 위험을 분산하는 사업안도 승인을 얻는다까지 실제 장면으로 결산하는가?",L22395~L22416,"L22395~L22416; predecessor=116화 L21123~L21297: 일본 대부업체를 상대로 한 300억 달러 계약이 전량 체결되고, 태우통신은 2위와 10% 넘는 격차를 유지하며 인터넷 강의 일부 유료화까지 확정한다; next=117화 L21298~L21474: 김태중에게 AI·로봇·배터리 투자의 10년 로드맵을 설득하고 올해 안 진지한 만남을 약속한 뒤, 박만덕에게 상반기 펀드를 채권 위주로 운용하라며 책임을 자신이 진다고 지시한다","116화 L21123~L21297: 일본 대부업체를 상대로 한 300억 달러 계약이 전량 체결되고, 태우통신은 2위와 10% 넘는 격차를 유지하며 인터넷 강의 일부 유료화까지 확정한다","117화 L21298~L21474: 김태중에게 AI·로봇·배터리 투자의 10년 로드맵을 설득하고 올해 안 진지한 만남을 약속한 뒤, 박만덕에게 상반기 펀드를 채권 위주로 운용하라며 책임을 자신이 진다고 지시한다","124화의 지급 ‘러시아 천연자원 개발과 현지 자동차·전자 공장 혜택이 김태중에게 전달되고, 월가를 섞어 위험을 분산하는 사업안도 승인을 얻는다’은 DCA-N11 소유다. 끝 훅 ‘김태중이 방으로 들어간 뒤 민재는 미안함을 느끼면서도 새로운 태우그룹을 만들려면 물갈이가 필요하다고 결론낸다’은 bridge이고 125화 실제 행동은 다음 Arc가 소유한다.",52bbd904efd4483aa999d2062f301ec548ea2cc433bca0565c77d4f1fd418fa2,66f3e7df3123343c14a7134108dc59940511f40372493a549cba8ae709df4b45
15,DCA-N12,125,134,DCA-N12,SHIFT,현재건설 부도에서 태우반도체 인수·아이폰 수요,현재건설 부도에서 태우반도체 인수·아이폰 수요의 약속을 애플 주가와 태우 반도체 수요 회복의 근거를 얻는다까지 실제 장면으로 결산하는가?,L24605~L24622,"L24605~L24622; predecessor=124화 L22596~L22793: 러시아 천연자원 개발과 현지 자동차·전자 공장 혜택이 김태중에게 전달되고, 월가를 섞어 위험을 분산하는 사업안도 승인을 얻는다; next=125화 L22794~L22969: 이주영에게 추가 출혈 없이 15% 격차를 유지시키고, 박만덕에게 계열사 자사주 매입과 애플 장기 보유를 제안한 뒤 장경준에게 현재건설의 10월 어음과 1조 원대 이라크 미수금·총 2조 원대 손실을 짚어준다","124화 L22596~L22793: 러시아 천연자원 개발과 현지 자동차·전자 공장 혜택이 김태중에게 전달되고, 월가를 섞어 위험을 분산하는 사업안도 승인을 얻는다","125화 L22794~L22969: 이주영에게 추가 출혈 없이 15% 격차를 유지시키고, 박만덕에게 계열사 자사주 매입과 애플 장기 보유를 제안한 뒤 장경준에게 현재건설의 10월 어음과 1조 원대 이라크 미수금·총 2조 원대 손실을 짚어준다",134화의 지급 ‘애플 주가와 태우 반도체 수요 회복의 근거를 얻는다’은 DCA-N12 소유다. 끝 훅 ‘미국 취임식 이후 정치 관계와 국내 공격 조짐을 살펴야 한다’은 bridge이고 135화 실제 행동은 다음 Arc가 소유한다.,52bbd904efd4483aa999d2062f301ec548ea2cc433bca0565c77d4f1fd418fa2,66f3e7df3123343c14a7134108dc59940511f40372493a549cba8ae709df4b45
16,DCA-N13,135,142,DCA-N12+DCA-N13,MERGE_SHIFT,윤현길 미끼와 김태중 무혐의 보호,윤현길 미끼와 김태중 무혐의 보호의 약속을 가족 생존과 태우의 경영 승계를 함께 지킨다까지 실제 장면으로 결산하는가?,L24605~L24622;L24973~L24988,L24605~L24622;L24973~L24988; predecessor=134화 L24409~L24613: 애플 주가와 태우 반도체 수요 회복의 근거를 얻는다; next=135화 L24614~L24799: 부시 취임식 참석 뒤 윤현길 측의 수사 모의를 파악하고 중국의 쩡홍친을 만나러 간다,134화 L24409~L24613: 애플 주가와 태우 반도체 수요 회복의 근거를 얻는다,135화 L24614~L24799: 부시 취임식 참석 뒤 윤현길 측의 수사 모의를 파악하고 중국의 쩡홍친을 만나러 간다,142화의 지급 ‘가족 생존과 태우의 경영 승계를 함께 지킨다’은 DCA-N13 소유다. 끝 훅 ‘김태중이 베트남으로 떠난 뒤 민재 혼자 한 달 남은 아이폰 국내 출시와 그룹 경영을 감당해야 한다.’은 bridge이고 143화 실제 행동은 다음 Arc가 소유한다.,52bbd904efd4483aa999d2062f301ec548ea2cc433bca0565c77d4f1fd418fa2,66f3e7df3123343c14a7134108dc59940511f40372493a549cba8ae709df4b45
17,DCA-N14,143,146,DCA-N14,KEEP,WIPI 통상압력과 부품 분열,WIPI 통상압력과 부품 분열의 약속을 국내 아이폰 생산·판매가 가능한 규제 환경을 얻는다까지 실제 장면으로 결산하는가?,L26108~L26781,L26108~L26781; predecessor=142화 L25922~L26107: 가족 생존과 태우의 경영 승계를 함께 지킨다; next=143화 L26108~L26283: 통신 카르텔과 직접 협상이 깨지자 데이비드를 미국으로 보내 통상 문제화를 준비한다,142화 L25922~L26107: 가족 생존과 태우의 경영 승계를 함께 지킨다,143화 L26108~L26283: 통신 카르텔과 직접 협상이 깨지자 데이비드를 미국으로 보내 통상 문제화를 준비한다,146화의 지급 ‘국내 아이폰 생산·판매가 가능한 규제 환경을 얻는다’은 DCA-N14 소유다. 끝 훅 ‘한국 생산 단가 부담을 감수한 물량 확보가 아이폰 판매와 태우통신 고객 전환으로 돌아올 수 있는가?’은 bridge이고 147화 실제 행동은 다음 Arc가 소유한다.,52bbd904efd4483aa999d2062f301ec548ea2cc433bca0565c77d4f1fd418fa2,66f3e7df3123343c14a7134108dc59940511f40372493a549cba8ae709df4b45
18,DCA-N15,147,150,DCA-N15,SPLIT,아이폰·애플AI·아마존 로봇 계약,아이폰·애플AI·아마존 로봇 계약의 약속을 아마존 로봇 파트너십과 데이비드의 8월 전 WTC 장기임차 성사 약속을 얻는다.까지 실제 장면으로 결산하는가?,L27455~L27472,L27455~L27472; predecessor=146화 L26622~L26781: 국내 아이폰 생산·판매가 가능한 규제 환경을 얻는다; next=147화 L26782~L26941: 초도 10만 대가 일주일 만에 매진되자 500곳 넘는 매장에 와이파이·충전망을 설치한다,146화 L26622~L26781: 국내 아이폰 생산·판매가 가능한 규제 환경을 얻는다,147화 L26782~L26941: 초도 10만 대가 일주일 만에 매진되자 500곳 넘는 매장에 와이파이·충전망을 설치한다,150화의 지급 ‘아마존 로봇 파트너십과 데이비드의 8월 전 WTC 장기임차 성사 약속을 얻는다.’은 DCA-N15 소유다. 끝 훅 ‘태우·카이자동차 두 사장이 기존 로봇 팔을 넘어설 스마트팩토리 협력에 응할 것인가?’은 bridge이고 151화 실제 행동은 다음 Arc가 소유한다.,52bbd904efd4483aa999d2062f301ec548ea2cc433bca0565c77d4f1fd418fa2,66f3e7df3123343c14a7134108dc59940511f40372493a549cba8ae709df4b45
19,DCA-N15B,151,153,DCA-N15,SPLIT,WTC 99년 임차와 9·11 생존·미국 방패,WTC 99년 임차와 9·11 생존·미국 방패의 약속을 AI 스승과 미국 자동차시장 방패를 동시에 얻는다까지 실제 장면으로 결산하는가?,L27455~L27472,L27455~L27472; predecessor=150화 L27279~L27463: 아마존 로봇 파트너십과 데이비드의 8월 전 WTC 장기임차 성사 약속을 얻는다.; next=151화 L27464~L27639: 99년 32억 달러 임차를 확정하고 모든 보험을 든 뒤 두 동을 비우는 리모델링과 구조 인력 배치를 지시한다,150화 L27279~L27463: 아마존 로봇 파트너십과 데이비드의 8월 전 WTC 장기임차 성사 약속을 얻는다.,151화 L27464~L27639: 99년 32억 달러 임차를 확정하고 모든 보험을 든 뒤 두 동을 비우는 리모델링과 구조 인력 배치를 지시한다,153화의 지급 ‘AI 스승과 미국 자동차시장 방패를 동시에 얻는다’은 DCA-N15B 소유다. 끝 훅 ‘공화당 재선 지원 약속으로 미국시장 방패를 얻되 태우를 전쟁 소용돌이에 넣지 않는 선을 지킬 수 있는가?’은 bridge이고 154화 실제 행동은 다음 Arc가 소유한다.,52bbd904efd4483aa999d2062f301ec548ea2cc433bca0565c77d4f1fd418fa2,66f3e7df3123343c14a7134108dc59940511f40372493a549cba8ae709df4b45
20,DCA-N16,154,159,DCA-N16,SPLIT,세이월드 대신 SNS·메신저·숏폼 창업자 계약,세이월드 대신 SNS·메신저·숏폼 창업자 계약의 약속을 메신저와 짧은 영상 SNS의 핵심 창업자·기술을 선점한다까지 실제 장면으로 결산하는가?,L28993~L29010,L28993~L29010; predecessor=153화 L27824~L28005: AI 스승과 미국 자동차시장 방패를 동시에 얻는다; next=154화 L28006~L28171: 아이폰·스마트TV 현황을 보고받고 세이월드 대표를 만나고 싶다고 지시한다.,153화 L27824~L28005: AI 스승과 미국 자동차시장 방패를 동시에 얻는다,154화 L28006~L28171: 아이폰·스마트TV 현황을 보고받고 세이월드 대표를 만나고 싶다고 지시한다.,159화의 지급 ‘메신저와 짧은 영상 SNS의 핵심 창업자·기술을 선점한다’은 DCA-N16 소유다. 끝 훅 ‘서문영의 지장으로 새 SNS를 확보한 민재가 두 소셜 서비스를 어떻게 묶어 키울 것인가?’은 bridge이고 160화 실제 행동은 다음 Arc가 소유한다.,52bbd904efd4483aa999d2062f301ec548ea2cc433bca0565c77d4f1fd418fa2,66f3e7df3123343c14a7134108dc59940511f40372493a549cba8ae709df4b45
21,DCA-N16B,160,166,DCA-N16,SPLIT,CL카드·태우카드·외환은행 회수,CL카드·태우카드·외환은행 회수의 약속을 외환은행 인수 우위와 가전 매출 반등을 얻는다까지 실제 장면으로 결산하는가?,L28993~L29010;L29504~L29523,L28993~L29010;L29504~L29523; predecessor=159화 L28839~L29001: 메신저와 짧은 영상 SNS의 핵심 창업자·기술을 선점한다; next=160화 L29002~L29175: 박만덕과 이영한에게 CL카드 채권·10조 원대 유동성을 설명하고 대출 차단·채권 압박·부실 발급 가속을 맡긴다,159화 L28839~L29001: 메신저와 짧은 영상 SNS의 핵심 창업자·기술을 선점한다,160화 L29002~L29175: 박만덕과 이영한에게 CL카드 채권·10조 원대 유동성을 설명하고 대출 차단·채권 압박·부실 발급 가속을 맡긴다,166화의 지급 ‘외환은행 인수 우위와 가전 매출 반등을 얻는다’은 DCA-N16B 소유다. 끝 훅 ‘애플·태우 TV로 바뀐 태우전자 이미지를 신혼부부 할인과 후속 판매로 얼마나 키울 수 있는가?’은 bridge이고 167화 실제 행동은 다음 Arc가 소유한다.,52bbd904efd4483aa999d2062f301ec548ea2cc433bca0565c77d4f1fd418fa2,66f3e7df3123343c14a7134108dc59940511f40372493a549cba8ae709df4b45
22,DCA-N17,167,176,DCA-N17,KEEP,천민정 보호와 비트코인·AI·SNS 실전배치,천민정 보호와 비트코인·AI·SNS 실전배치의 약속을 서광수 영입을 확정하고 옛 개발진 회수와 한국형 페이스북 반격을 시작한다까지 실제 장면으로 결산하는가?,L30812~L30827;L31193~L31208,L30812~L30827;L31193~L31208; predecessor=166화 L30048~L30224: 외환은행 인수 우위와 가전 매출 반등을 얻는다; next=167화 L30225~L30423: 탈락 이력서까지 보름 동안 훑어 A급 다섯 명을 인턴으로 넣고 프로그래밍·알고리즘 S급 천민정을 추적해 술집에서 만난다,166화 L30048~L30224: 외환은행 인수 우위와 가전 매출 반등을 얻는다,167화 L30225~L30423: 탈락 이력서까지 보름 동안 훑어 A급 다섯 명을 인턴으로 넣고 프로그래밍·알고리즘 S급 천민정을 추적해 술집에서 만난다,176화의 지급 ‘서광수 영입을 확정하고 옛 개발진 회수와 한국형 페이스북 반격을 시작한다’은 DCA-N17 소유다. 끝 훅 ‘김태중이 천민정을 따로 불러 손자와의 관계를 묻는다’은 bridge이고 177화 실제 행동은 다음 Arc가 소유한다.,52bbd904efd4483aa999d2062f301ec548ea2cc433bca0565c77d4f1fd418fa2,66f3e7df3123343c14a7134108dc59940511f40372493a549cba8ae709df4b45
23,DCA-N18,177,180,DCA-N18,SPLIT,가족 허락과 페이팔·머스크 기술방패,가족 허락과 페이팔·머스크 기술방패의 약속을 다음 아이폰에 넣을 음성비서 성과와 IIT 유치의 명확한 목표를 얻는다까지 실제 장면으로 결산하는가?,L32789~L32806,L32789~L32806; predecessor=176화 L31916~L32080: 서광수 영입을 확정하고 옛 개발진 회수와 한국형 페이스북 반격을 시작한다; next=177화 L32081~L32276: 김태중은 과거 결혼 압박을 사과하며 손자 곁에 있어 달라고 말하고 민재는 다이먼에게 실리콘밸리 영업 지원을 약속한 뒤 천민정과 호텔 회의실로 간다,176화 L31916~L32080: 서광수 영입을 확정하고 옛 개발진 회수와 한국형 페이스북 반격을 시작한다,177화 L32081~L32276: 김태중은 과거 결혼 압박을 사과하며 손자 곁에 있어 달라고 말하고 민재는 다이먼에게 실리콘밸리 영업 지원을 약속한 뒤 천민정과 호텔 회의실로 간다,180화의 지급 ‘다음 아이폰에 넣을 음성비서 성과와 IIT 유치의 명확한 목표를 얻는다’은 DCA-N18 소유다. 끝 훅 ‘IIT 한국 캠퍼스를 실제 유치해 힌톤팀 교수직과 인재 공급을 함께 해결할 수 있는가?’은 bridge이고 181화 실제 행동은 다음 Arc가 소유한다.,52bbd904efd4483aa999d2062f301ec548ea2cc433bca0565c77d4f1fd418fa2,66f3e7df3123343c14a7134108dc59940511f40372493a549cba8ae709df4b45
24,DCA-N18B,181,183,DCA-N18,SPLIT,KS 불법 대선자금과 세이월드 역공,KS 불법 대선자금과 세이월드 역공의 약속을 틱택톡 공동대표 두 명과 세이월드 출신 인력의 이동 선택권을 확보한다까지 실제 장면으로 결산하는가?,L32789~L32806;L33284~L33305,L32789~L32806;L33284~L33305; predecessor=180화 L32618~L32797: 다음 아이폰에 넣을 음성비서 성과와 IIT 유치의 명확한 목표를 얻는다; next=181화 L32798~L32963: 강 대위와 국세청 인맥을 움직여 KS해운 비자금·현금 차량을 추적하고 야당과 검찰에 정보를 흘리게 한다,180화 L32618~L32797: 다음 아이폰에 넣을 음성비서 성과와 IIT 유치의 명확한 목표를 얻는다,181화 L32798~L32963: 강 대위와 국세청 인맥을 움직여 KS해운 비자금·현금 차량을 추적하고 야당과 검찰에 정보를 흘리게 한다,183화의 지급 ‘틱택톡 공동대표 두 명과 세이월드 출신 인력의 이동 선택권을 확보한다’은 DCA-N18B 소유다. 끝 훅 ‘천민정이 공들인 태우·애플 비밀제품을 유출 없이 폭발적으로 공개할 수 있는가?’은 bridge이고 184화 실제 행동은 다음 Arc가 소유한다.,52bbd904efd4483aa999d2062f301ec548ea2cc433bca0565c77d4f1fd418fa2,66f3e7df3123343c14a7134108dc59940511f40372493a549cba8ae709df4b45
25,DCA-N18C,184,186,DCA-N18,SPLIT,비트코인 게임결제와 WWDC 시리·IoT 시연,비트코인 게임결제와 WWDC 시리·IoT 시연의 약속을 에어팟·스마트워치급 공동개발 의제와 애플의 지원 약속을 얻는다까지 실제 장면으로 결산하는가?,L33284~L33305,L33284~L33305; predecessor=183화 L33127~L33294: 틱택톡 공동대표 두 명과 세이월드 출신 인력의 이동 선택권을 확보한다; next=184화 L33295~L33460: 태우IT 회의에 게임사 대표들을 불러 채굴 보상·아이템 결제·국경 없는 거래를 제안하고 사용량 제한과 지역락 방어책을 확인한 뒤 샌프란시스코로 간다,183화 L33127~L33294: 틱택톡 공동대표 두 명과 세이월드 출신 인력의 이동 선택권을 확보한다,184화 L33295~L33460: 태우IT 회의에 게임사 대표들을 불러 채굴 보상·아이템 결제·국경 없는 거래를 제안하고 사용량 제한과 지역락 방어책을 확인한 뒤 샌프란시스코로 간다,186화의 지급 ‘에어팟·스마트워치급 공동개발 의제와 애플의 지원 약속을 얻는다’은 DCA-N18C 소유다. 끝 훅 ‘애플 전문가를 한국에 붙여 무선이어폰·스마트워치 아이디어를 실제 제품으로 만들 수 있는가?’은 bridge이고 187화 실제 행동은 다음 Arc가 소유한다.,52bbd904efd4483aa999d2062f301ec548ea2cc433bca0565c77d4f1fd418fa2,66f3e7df3123343c14a7134108dc59940511f40372493a549cba8ae709df4b45
26,DCA-N19,187,191,DCA-N19,KEEP,인도 공장·IIT와 아노르 프리미엄 동맹,인도 공장·IIT와 아노르 프리미엄 동맹의 약속을 유럽 명품 동맹과 깨끗한 경제인·정치인 연합이라는 목표를 함께 얻는다.까지 실제 장면으로 결산하는가?,L33839~L34776,L33839~L34776; predecessor=186화 L33665~L33838: 에어팟·스마트워치급 공동개발 의제와 애플의 지원 약속을 얻는다; next=187화 L33839~L34048: 우성일에게 과소 생산계획 책임을 묻고 베트남 공장 확대와 인도 대규모 가전 공장 신설을 검토시킨다,186화 L33665~L33838: 에어팟·스마트워치급 공동개발 의제와 애플의 지원 약속을 얻는다,187화 L33839~L34048: 우성일에게 과소 생산계획 책임을 묻고 베트남 공장 확대와 인도 대규모 가전 공장 신설을 검토시킨다,191화의 지급 ‘유럽 명품 동맹과 깨끗한 경제인·정치인 연합이라는 목표를 함께 얻는다.’은 DCA-N19 소유다. 끝 훅 ‘기존 이권에 얽히지 않고 오직 태우와 경제발전을 위해 일할 정치인을 어떻게 모을 것인가?’은 bridge이고 192화 실제 행동은 다음 Arc가 소유한다.,52bbd904efd4483aa999d2062f301ec548ea2cc433bca0565c77d4f1fd418fa2,66f3e7df3123343c14a7134108dc59940511f40372493a549cba8ae709df4b45
27,DCA-N20,192,199,DCA-N20,KEEP,천민우 보호와 국민경제당·원자재 임무,천민우 보호와 국민경제당·원자재 임무의 약속을 미래 공급망 목록과 국민경제당의 전국 노출 기회를 얻는다까지 실제 장면으로 결산하는가?,L34777~L36165,L34777~L36165; predecessor=191화 L34605~L34776: 유럽 명품 동맹과 깨끗한 경제인·정치인 연합이라는 목표를 함께 얻는다.; next=192화 L34777~L34942: 최재석에게 후보 약 50명 선별을 맡기고 불량학생 4~5명이 천민정의 동생 머리를 때리고 식판에 침을 뱉는 영상을 확인한다.,191화 L34605~L34776: 유럽 명품 동맹과 깨끗한 경제인·정치인 연합이라는 목표를 함께 얻는다.,192화 L34777~L34942: 최재석에게 후보 약 50명 선별을 맡기고 불량학생 4~5명이 천민정의 동생 머리를 때리고 식판에 침을 뱉는 영상을 확인한다.,199화의 지급 ‘미래 공급망 목록과 국민경제당의 전국 노출 기회를 얻는다’은 DCA-N20 소유다. 끝 훅 ‘양당 정쟁과 달리 경제만 말하는 국민경제당 전략이 중도표를 실제 흡수할 수 있는가?’은 bridge이고 200화 실제 행동은 다음 Arc가 소유한다.,52bbd904efd4483aa999d2062f301ec548ea2cc433bca0565c77d4f1fd418fa2,66f3e7df3123343c14a7134108dc59940511f40372493a549cba8ae709df4b45
28,DCA-N20B,200,202,DCA-N20B,KEEP,판타지TV 50억 합작과 슈퍼볼 영상팀,"판타지TV 50억 합작과 슈퍼볼 영상팀의 약속을 태우 광고의 슈퍼볼 송출과 채드·스티브 영입, 영상 공유 서비스의 발상을 얻는다.까지 실제 장면으로 결산하는가?",L36166~L36693,L36166~L36693; predecessor=199화 L36009~L36165: 미래 공급망 목록과 국민경제당의 전국 노출 기회를 얻는다; next=200화 L36166~L36346: 투자 제안서를 다시 찾아 김익수를 부회장실로 부른 뒤 국내 서비스만으로는 서버와 저작권 비용을 버티기 어렵고 세계화에는 수백억 원이 든다고 경고한다,199화 L36009~L36165: 미래 공급망 목록과 국민경제당의 전국 노출 기회를 얻는다,200화 L36166~L36346: 투자 제안서를 다시 찾아 김익수를 부회장실로 부른 뒤 국내 서비스만으로는 서버와 저작권 비용을 버티기 어렵고 세계화에는 수백억 원이 든다고 경고한다,"202화의 지급 ‘태우 광고의 슈퍼볼 송출과 채드·스티브 영입, 영상 공유 서비스의 발상을 얻는다.’은 DCA-N20B 소유다. 끝 훅 ‘인도 총선·미국 대선·오바마 보고에서 확인된 결과가 다음 정치 선택에 어떤 영향을 줄 것인가?’은 bridge이고 203화 실제 행동은 다음 Arc가 소유한다.",52bbd904efd4483aa999d2062f301ec548ea2cc433bca0565c77d4f1fd418fa2,66f3e7df3123343c14a7134108dc59940511f40372493a549cba8ae709df4b45
29,DCA-N20C,203,206,DCA-N20C,KEEP,리사 수 사장 취임과 남미 리튬 권리,리사 수 사장 취임과 남미 리튬 권리의 약속을 리사 수 영입·취임과 천민정과의 장기 협업축을 확정한다까지 실제 장면으로 결산하는가?,L36694~L37418,"L36694~L37418; predecessor=202화 L36523~L36693: 태우 광고의 슈퍼볼 송출과 채드·스티브 영입, 영상 공유 서비스의 발상을 얻는다.; next=203화 L36694~L36882: 리사 수에게 태우전자 사장·반도체 개발총괄·5배 연봉을 제안한 뒤 답을 기다리며 사우디 왕궁에 프리미엄 가전을 설치하고 무함마드 왕자와 교분을 쌓는다","202화 L36523~L36693: 태우 광고의 슈퍼볼 송출과 채드·스티브 영입, 영상 공유 서비스의 발상을 얻는다.",203화 L36694~L36882: 리사 수에게 태우전자 사장·반도체 개발총괄·5배 연봉을 제안한 뒤 답을 기다리며 사우디 왕궁에 프리미엄 가전을 설치하고 무함마드 왕자와 교분을 쌓는다,206화의 지급 ‘리사 수 영입·취임과 천민정과의 장기 협업축을 확정한다’은 DCA-N20C 소유다. 끝 훅 ‘국민경제당이 세계 IT 거물들을 불러 총선 공개행사를 연다’은 bridge이고 207화 실제 행동은 다음 Arc가 소유한다.,52bbd904efd4483aa999d2062f301ec548ea2cc433bca0565c77d4f1fd418fa2,66f3e7df3123343c14a7134108dc59940511f40372493a549cba8ae709df4b45
30,DCA-N20D,207,209,DCA-N20D,KEEP,국민경제당 38석과 AI 학습 지급,국민경제당 38석과 AI 학습 지급의 약속을 국민경제당의 독자 교섭력과 논문 중심의 대규모 AI 학습 진전을 얻는다까지 실제 장면으로 결산하는가?,L37419~L37935,L37419~L37935; predecessor=206화 L37236~L37418: 리사 수 영입·취임과 천민정과의 장기 협업축을 확정한다; next=207화 L37419~L37592: 아마존·구글·애플 CEO가 참여한 경제 대담을 열어 최재석과 나란히 세우고 리사 수에게 퀄컴을 겨눌 팹리스 회사 설립과 투자 재량을 준다,206화 L37236~L37418: 리사 수 영입·취임과 천민정과의 장기 협업축을 확정한다,207화 L37419~L37592: 아마존·구글·애플 CEO가 참여한 경제 대담을 열어 최재석과 나란히 세우고 리사 수에게 퀄컴을 겨눌 팹리스 회사 설립과 투자 재량을 준다,209화의 지급 ‘국민경제당의 독자 교섭력과 논문 중심의 대규모 AI 학습 진전을 얻는다’은 DCA-N20D 소유다. 끝 훅 ‘리사 수와 천민정 두 천재의 매일 회의가 어떤 돈 되는 아이디어를 더 만들어낼 것인가?’은 bridge이고 210화 실제 행동은 다음 Arc가 소유한다.,52bbd904efd4483aa999d2062f301ec548ea2cc433bca0565c77d4f1fd418fa2,66f3e7df3123343c14a7134108dc59940511f40372493a549cba8ae709df4b45
31,DCA-N20E,210,211,DCA-N20E,KEEP,NINA 주택붕괴와 은행지분 대물변제,NINA 주택붕괴와 은행지분 대물변제의 약속을 서브프라임 붕괴를 수익·은행 인수로 연결할 계약 원칙을 확정한다까지 실제 장면으로 결산하는가?,L37936~L38260,L37936~L38260; predecessor=209화 L37766~L37935: 국민경제당의 독자 교섭력과 논문 중심의 대규모 AI 학습 진전을 얻는다; next=210화 L37936~L38099: 10년간 10조 원 인도 투자안을 준비하는 한편 다이먼에게 NINA 대출과 저신용 주택담보 사례를 조사하게 한다,209화 L37766~L37935: 국민경제당의 독자 교섭력과 논문 중심의 대규모 AI 학습 진전을 얻는다,210화 L37936~L38099: 10년간 10조 원 인도 투자안을 준비하는 한편 다이먼에게 NINA 대출과 저신용 주택담보 사례를 조사하게 한다,211화의 지급 ‘서브프라임 붕괴를 수익·은행 인수로 연결할 계약 원칙을 확정한다’은 DCA-N20E 소유다. 끝 훅 ‘최재석이 IIT 한국 캠퍼스의 국내 반발을 받아들일지 설득해야 한다’은 bridge이고 212화 실제 행동은 다음 Arc가 소유한다.,52bbd904efd4483aa999d2062f301ec548ea2cc433bca0565c77d4f1fd418fa2,66f3e7df3123343c14a7134108dc59940511f40372493a549cba8ae709df4b45
32,DCA-N20F,212,215,DCA-N20F,KEEP,IIT 정치경로와 씽크윈 자율주행 데이터,IIT 정치경로와 씽크윈 자율주행 데이터의 약속을 씽크윈 기술·데이터 독점 사용권과 무료 배포할 모바일 내비 개발 방침을 확보한다까지 실제 장면으로 결산하는가?,L38261~L38905,"L38261~L38905; predecessor=211화 L38100~L38260: 서브프라임 붕괴를 수익·은행 인수로 연결할 계약 원칙을 확정한다; next=212화 L38261~L38406: IIT 한국 캠퍼스의 한국인 20퍼센트·태우 공채 20퍼센트 확대·빅테크 연구소 유치를 설명해 최재석의 지지를 얻고, 태우자동차의 전기차 투자와 테슬라 경쟁 구도를 점검한다.",211화 L38100~L38260: 서브프라임 붕괴를 수익·은행 인수로 연결할 계약 원칙을 확정한다,"212화 L38261~L38406: IIT 한국 캠퍼스의 한국인 20퍼센트·태우 공채 20퍼센트 확대·빅테크 연구소 유치를 설명해 최재석의 지지를 얻고, 태우자동차의 전기차 투자와 테슬라 경쟁 구도를 점검한다.",215화의 지급 ‘씽크윈 기술·데이터 독점 사용권과 무료 배포할 모바일 내비 개발 방침을 확보한다’은 DCA-N20F 소유다. 끝 훅 ‘김태중이 태우 위상에 맞는 강남 신사옥을 갖고 싶다는 새 약속을 꺼낸다’은 bridge이고 216화 실제 행동은 다음 Arc가 소유한다.,52bbd904efd4483aa999d2062f301ec548ea2cc433bca0565c77d4f1fd418fa2,66f3e7df3123343c14a7134108dc59940511f40372493a549cba8ae709df4b45
33,DCA-N21,216,221,DCA-N21,KEEP,김태중 신사옥과 샤롯·한전 부지 카드,김태중 신사옥과 샤롯·한전 부지 카드의 약속을 한전 이전의 여야 합의와 실제 작동하는 무료 태우맵·첫 대중 이용자를 얻는다까지 실제 장면으로 결산하는가?,L38906~L39888,L38906~L39888; predecessor=215화 L38750~L38905: 씽크윈 기술·데이터 독점 사용권과 무료 배포할 모바일 내비 개발 방침을 확보한다; next=216화 L38906~L39051: 김태중의 소개로 진호균을 만나 아노르 명품 입점·1조5천억 원·한일 샤롯 지분을 제시하고 후계 안정 지원까지 거래 카드로 꺼낸다,215화 L38750~L38905: 씽크윈 기술·데이터 독점 사용권과 무료 배포할 모바일 내비 개발 방침을 확보한다,216화 L38906~L39051: 김태중의 소개로 진호균을 만나 아노르 명품 입점·1조5천억 원·한일 샤롯 지분을 제시하고 후계 안정 지원까지 거래 카드로 꺼낸다,221화의 지급 ‘한전 이전의 여야 합의와 실제 작동하는 무료 태우맵·첫 대중 이용자를 얻는다’은 DCA-N21 소유다. 끝 훅 ‘콜 업체와 택시노조를 장악한 서울 지부장의 카르텔을 어떻게 약화시킬 것인가?’은 bridge이고 222화 실제 행동은 다음 Arc가 소유한다.,52bbd904efd4483aa999d2062f301ec548ea2cc433bca0565c77d4f1fd418fa2,66f3e7df3123343c14a7134108dc59940511f40372493a549cba8ae709df4b45
34,DCA-N22,222,226,DCA-N22,KEEP,코코아택시·무료 단말기와 차봉훈 카르텔 붕괴,코코아택시·무료 단말기와 차봉훈 카르텔 붕괴의 약속을 호출비 없는 플랫폼 우위·IIT 한국 캠퍼스 공식 허가·한전 이전 여야 합의를 얻는다까지 실제 장면으로 결산하는가?,L39889~L40732,L39889~L40732; predecessor=221화 L39738~L39888: 한전 이전의 여야 합의와 실제 작동하는 무료 태우맵·첫 대중 이용자를 얻는다; next=222화 L39889~L40044: 강 대위에게 차봉훈의 횡령·상납 구조를 조사시키고 강인식의 강인운수를 거점으로 코코아택시 앱과 차량 단말기 개발을 시작한다,221화 L39738~L39888: 한전 이전의 여야 합의와 실제 작동하는 무료 태우맵·첫 대중 이용자를 얻는다,222화 L39889~L40044: 강 대위에게 차봉훈의 횡령·상납 구조를 조사시키고 강인식의 강인운수를 거점으로 코코아택시 앱과 차량 단말기 개발을 시작한다,226화의 지급 ‘호출비 없는 플랫폼 우위·IIT 한국 캠퍼스 공식 허가·한전 이전 여야 합의를 얻는다’은 DCA-N22 소유다. 끝 훅 ‘IIT 판교 건설과 두 신사옥 부지 공개입찰이 실물 단계로 이어진다’은 bridge이고 227화 실제 행동은 다음 Arc가 소유한다.,52bbd904efd4483aa999d2062f301ec548ea2cc433bca0565c77d4f1fd418fa2,66f3e7df3123343c14a7134108dc59940511f40372493a549cba8ae709df4b45
35,DCA-N23,227,234,DCA-N23,KEEP,강남 쌍부지와 Su-47로 초고층 하늘 확보,강남 쌍부지와 Su-47로 초고층 하늘 확보의 약속을 Su-47 군사자산과 활주로 이전·두 부지 초고층에 반대하지 않겠다는 공군 약속을 확보한다까지 실제 장면으로 결산하는가?,L40733~L42135,L40733~L42135; predecessor=226화 L40562~L40732: 호출비 없는 플랫폼 우위·IIT 한국 캠퍼스 공식 허가·한전 이전 여야 합의를 얻는다; next=227화 L40733~L40908: 판교 착공식에서 주변 IT 오피스 계획을 세우고 샤롯 가족회의에서 중국 사업을 장남 진동오에게 양보하도록 차남 진동구에게 신호한다,226화 L40562~L40732: 호출비 없는 플랫폼 우위·IIT 한국 캠퍼스 공식 허가·한전 이전 여야 합의를 얻는다,227화 L40733~L40908: 판교 착공식에서 주변 IT 오피스 계획을 세우고 샤롯 가족회의에서 중국 사업을 장남 진동오에게 양보하도록 차남 진동구에게 신호한다,234화의 지급 ‘Su-47 군사자산과 활주로 이전·두 부지 초고층에 반대하지 않겠다는 공군 약속을 확보한다’은 DCA-N23 소유다. 끝 훅 ‘서울시와 정부가 실제로 어느 부지에 건축 허가를 내줄지는 남는다’은 bridge이고 235화 실제 행동은 다음 Arc가 소유한다.,52bbd904efd4483aa999d2062f301ec548ea2cc433bca0565c77d4f1fd418fa2,66f3e7df3123343c14a7134108dc59940511f40372493a549cba8ae709df4b45
36,DCA-N24,235,237,DCA-N24,SPLIT,스페이스X·반도체·몽골 미래 인프라 투자선언,스페이스X·반도체·몽골 미래 인프라 투자선언의 약속을 반도체 초격차 투자·AI 업무 활용·몽골 자원 계획을 그룹 공통 과제로 확정한다까지 실제 장면으로 결산하는가?,L42640~L42657,L42640~L42657; predecessor=234화 L41961~L42135: Su-47 군사자산과 활주로 이전·두 부지 초고층에 반대하지 않겠다는 공군 약속을 확보한다; next=235화 L42136~L42292: 한 팀장에게 보험 매집을 늘리되 경고 보고서를 정부에 남기게 하고 텍사스 공장에서 머스크에게 매년 10억 달러씩 10년·첫해 최대 30억 달러 투자를 약속한다,234화 L41961~L42135: Su-47 군사자산과 활주로 이전·두 부지 초고층에 반대하지 않겠다는 공군 약속을 확보한다,235화 L42136~L42292: 한 팀장에게 보험 매집을 늘리되 경고 보고서를 정부에 남기게 하고 텍사스 공장에서 머스크에게 매년 10억 달러씩 10년·첫해 최대 30억 달러 투자를 약속한다,237화의 지급 ‘반도체 초격차 투자·AI 업무 활용·몽골 자원 계획을 그룹 공통 과제로 확정한다’은 DCA-N24 소유다. 끝 훅 ‘반도체 5배 증설과 세계 최고 목표에 불만인 사장들이 실제 성과가 나오면 따라올 것인가?’은 bridge이고 238화 실제 행동은 다음 Arc가 소유한다.,52bbd904efd4483aa999d2062f301ec548ea2cc433bca0565c77d4f1fd418fa2,66f3e7df3123343c14a7134108dc59940511f40372493a549cba8ae709df4b45
37,DCA-N24B,238,242,DCA-N24,SPLIT,태우엔터·위튜브 출시와 콘텐츠 플랫폼 지급,태우엔터·위튜브 출시와 콘텐츠 플랫폼 지급의 약속을 톱10 가수·오디션 국민흥행과 스페이스X의 장기 충성을 얻는다까지 실제 장면으로 결산하는가?,L42640~L42657;L43442~L43459,L42640~L42657;L43442~L43459; predecessor=237화 L42484~L42648: 반도체 초격차 투자·AI 업무 활용·몽골 자원 계획을 그룹 공통 과제로 확정한다; next=238화 L42649~L42803: 태우시네마·음원사이트·케이블 3사를 합쳐 태우엔터를 만든 뒤 봉호준에게 제작비 최대 200억 원과 차기작·차차기작 독점투자 계약을 제시해 악수한다,237화 L42484~L42648: 반도체 초격차 투자·AI 업무 활용·몽골 자원 계획을 그룹 공통 과제로 확정한다,238화 L42649~L42803: 태우시네마·음원사이트·케이블 3사를 합쳐 태우엔터를 만든 뒤 봉호준에게 제작비 최대 200억 원과 차기작·차차기작 독점투자 계약을 제시해 악수한다,242화의 지급 ‘톱10 가수·오디션 국민흥행과 스페이스X의 장기 충성을 얻는다’은 DCA-N24B 소유다. 끝 훅 ‘팰컨1 실패 뒤 다시 성공을 맹세한 머스크가 장기 지원을 실제 발사 성공으로 갚을 수 있는가?’은 bridge이고 243화 실제 행동은 다음 Arc가 소유한다.,52bbd904efd4483aa999d2062f301ec548ea2cc433bca0565c77d4f1fd418fa2,66f3e7df3123343c14a7134108dc59940511f40372493a549cba8ae709df4b45
38,DCA-N24C,243,246,DCA-N24,SPLIT,SG·양지파 역공과 전원 양도 약속,SG·양지파 역공과 전원 양도 약속의 약속을 SG 전원 양도 약속·태우 불개입·희망고문 설계까지만 지급되며 실제 계약이전·형량·복역은 미지급이다.까지 실제 장면으로 결산하는가?,L43442~L43459,L43442~L43459; predecessor=242화 L43291~L43450: 톱10 가수·오디션 국민흥행과 스페이스X의 장기 충성을 얻는다; next=243화 L43451~L43611: 복지와 앨범 제작을 앞당기려 했지만 계약 해지·소송 요구가 나오자 오 사장을 현장에 남기고 강 대위에게 SG엔터 강수기 조사를 맡긴다,242화 L43291~L43450: 톱10 가수·오디션 국민흥행과 스페이스X의 장기 충성을 얻는다,243화 L43451~L43611: 복지와 앨범 제작을 앞당기려 했지만 계약 해지·소송 요구가 나오자 오 사장을 현장에 남기고 강 대위에게 SG엔터 강수기 조사를 맡긴다,246화의 지급 ‘SG 전원 양도 약속·태우 불개입·희망고문 설계까지만 지급되며 실제 계약이전·형량·복역은 미지급이다.’은 DCA-N24C 소유다. 끝 훅 ‘강수기에게 주입한 희망고문이 10년 수감 동안 반격을 막을 수 있는가?’은 bridge이고 247화 실제 행동은 다음 Arc가 소유한다.,52bbd904efd4483aa999d2062f301ec548ea2cc433bca0565c77d4f1fd418fa2,66f3e7df3123343c14a7134108dc59940511f40372493a549cba8ae709df4b45
39,DCA-N25,247,247,DCA-N25,SPLIT,부산 AOS 개발자 5명 1000만 달러 계약,부산 AOS 개발자 5명 1000만 달러 계약의 약속을 서브프라임 대응상태·전기차 준비를 확인하고 AOS 원천팀과 지분 계약을 얻는다까지 실제 장면으로 결산하는가?,L44243~L44260,L44243~L44260; predecessor=246화 L43944~L44097: SG 전원 양도 약속·태우 불개입·희망고문 설계까지만 지급되며 실제 계약이전·형량·복역은 미지급이다.; next=247화 L44098~L44251: AAA 보험 익스포저와 테슬라 시제품·배터리 공장 계획을 점검한 뒤 부산 게임 결승에서 AOS 유즈맵 개발자들에게 블리야드 지원과 1000만 달러를 제시한다,246화 L43944~L44097: SG 전원 양도 약속·태우 불개입·희망고문 설계까지만 지급되며 실제 계약이전·형량·복역은 미지급이다.,247화 L44098~L44251: AAA 보험 익스포저와 테슬라 시제품·배터리 공장 계획을 점검한 뒤 부산 게임 결승에서 AOS 유즈맵 개발자들에게 블리야드 지원과 1000만 달러를 제시한다,247화의 지급 ‘서브프라임 대응상태·전기차 준비를 확인하고 AOS 원천팀과 지분 계약을 얻는다’은 DCA-N25 소유다. 끝 훅 ‘40·20·40 지분 계약을 맺은 다섯 개발자가 AOS를 독립 장르의 게임으로 완성할 수 있는가?’은 bridge이고 248화 실제 행동은 다음 Arc가 소유한다.,52bbd904efd4483aa999d2062f301ec548ea2cc433bca0565c77d4f1fd418fa2,66f3e7df3123343c14a7134108dc59940511f40372493a549cba8ae709df4b45
40,DCA-N25B,248,252,DCA-N25,SPLIT,시민 선거펀드와 세 전기차 공개 실증,시민 선거펀드와 세 전기차 공개 실증의 약속을 최재석과 국민경제당이 경기 주요 시장 10곳 이상까지 얻고 세 전기차가 기자·관람객의 환호를 끌어낸다.까지 실제 장면으로 결산하는가?,L44243~L44260;L45064~L45081,L44243~L44260;L45064~L45081; predecessor=247화 L44098~L44251: 서브프라임 대응상태·전기차 준비를 확인하고 AOS 원천팀과 지분 계약을 얻는다; next=248화 L44252~L44405: 행정기관 이전 정치 합의를 확인하고 경기도지사 출마를 결심한 최재석에게 선거비 보전 후 돌려주는 크라우드펀딩을 제안한다,247화 L44098~L44251: 서브프라임 대응상태·전기차 준비를 확인하고 AOS 원천팀과 지분 계약을 얻는다,248화 L44252~L44405: 행정기관 이전 정치 합의를 확인하고 경기도지사 출마를 결심한 최재석에게 선거비 보전 후 돌려주는 크라우드펀딩을 제안한다,252화의 지급 ‘최재석과 국민경제당이 경기 주요 시장 10곳 이상까지 얻고 세 전기차가 기자·관람객의 환호를 끌어낸다.’은 DCA-N25B 소유다. 끝 훅 ‘김민재가 이날을 자동차 시장 급변의 특이점으로 기억하라고 데이비드에게 말한다.’은 bridge이고 253화 실제 행동은 다음 Arc가 소유한다.,52bbd904efd4483aa999d2062f301ec548ea2cc433bca0565c77d4f1fd418fa2,66f3e7df3123343c14a7134108dc59940511f40372493a549cba8ae709df4b45
41,DCA-N25C,253,269,DCA-N25+DCA-N26,MERGE,서브프라임 경고·KIKO 보험과 AIZ·CITI 수확,서브프라임 경고·KIKO 보험과 AIZ·CITI 수확의 약속을 김민재는 국민적 지위와 할아버지의 자랑·승인을 얻고 태우는 금융 1위 도약 다음으로 자동차 세계 1위를 노린다.까지 실제 장면으로 결산하는가?,L45064~L45081;L46590~L46607,L45064~L45081;L46590~L46607; predecessor=252화 L44904~L45072: 최재석과 국민경제당이 경기 주요 시장 10곳 이상까지 얻고 세 전기차가 기자·관람객의 환호를 끌어낸다.; next=253화 L45073~L45227: 전기차를 걱정하는 김태중에게 장기 선점 논리를 설명해 믿음을 얻고 한 팀장·데이비드에게 연체율·파산율·평가등급 괴리를 보고받아 부동산 버블을 경고한 라잔 접촉을 지시한다.,252화 L44904~L45072: 최재석과 국민경제당이 경기 주요 시장 10곳 이상까지 얻고 세 전기차가 기자·관람객의 환호를 끌어낸다.,253화 L45073~L45227: 전기차를 걱정하는 김태중에게 장기 선점 논리를 설명해 믿음을 얻고 한 팀장·데이비드에게 연체율·파산율·평가등급 괴리를 보고받아 부동산 버블을 경고한 라잔 접촉을 지시한다.,269화의 지급 ‘김민재는 국민적 지위와 할아버지의 자랑·승인을 얻고 태우는 금융 1위 도약 다음으로 자동차 세계 1위를 노린다.’은 DCA-N25C 소유다. 끝 훅 ‘김태중도 눈을 빛내며 GM과 포드 중 어느 회사를 삼킬지 묻는다.’은 bridge이고 270화 실제 행동은 다음 Arc가 소유한다.,52bbd904efd4483aa999d2062f301ec548ea2cc433bca0565c77d4f1fd418fa2,66f3e7df3123343c14a7134108dc59940511f40372493a549cba8ae709df4b45
42,DCA-N27,270,275,DCA-N27,SPLIT,리먼 보험증서 거래와 회장 승계,리먼 보험증서 거래와 회장 승계의 약속을 태우는 정권의 미운털에서 대통령 직통 파트너로 바뀌고 규제에 묶인 한전 부지를 국제 금융 중심지로 개발할 길을 얻는다.까지 실제 장면으로 결산하는가?,L48970~L48987,L48970~L48987; predecessor=269화 L47760~L47922: 김민재는 국민적 지위와 할아버지의 자랑·승인을 얻고 태우는 금융 1위 도약 다음으로 자동차 세계 1위를 노린다.; next=270화 L47923~L48088: 강 대위 식당에서 주영곤 재무부 차관·유성민 산업은행 회장을 만나 리먼 6천억 달러 부채 위험을 경고하면서도 보험증서 대가로 AA·AA- 기업 여신 25조 원과 부동산을 요구한다.,269화 L47760~L47922: 김민재는 국민적 지위와 할아버지의 자랑·승인을 얻고 태우는 금융 1위 도약 다음으로 자동차 세계 1위를 노린다.,270화 L47923~L48088: 강 대위 식당에서 주영곤 재무부 차관·유성민 산업은행 회장을 만나 리먼 6천억 달러 부채 위험을 경고하면서도 보험증서 대가로 AA·AA- 기업 여신 25조 원과 부동산을 요구한다.,275화의 지급 ‘태우는 정권의 미운털에서 대통령 직통 파트너로 바뀌고 규제에 묶인 한전 부지를 국제 금융 중심지로 개발할 길을 얻는다.’은 DCA-N27 소유다. 끝 훅 ‘미국 출장에서 월가 대형 금융사 10곳의 한국 이전 계약을 가져와야 한다.’은 bridge이고 276화 실제 행동은 다음 Arc가 소유한다.,52bbd904efd4483aa999d2062f301ec548ea2cc433bca0565c77d4f1fd418fa2,66f3e7df3123343c14a7134108dc59940511f40372493a549cba8ae709df4b45
43,DCA-N27B,276,286,DCA-N27,SPLIT,금융허브·KIKO·통화스와프 국가 방패,"금융허브·KIKO·통화스와프 국가 방패의 약속을 실행된 500억 달러 통화스와프와 미래산업·탄소감축 법안의 초당 추진선, 청년 정치인 육성 약속, 한·미 게임 베타 승인을 얻는다. 법안 통과와 게임 출시·흥행은 아직 전이다.까지 실제 장면으로 결산하는가?",L48970~L48987;L49968~L49985,L48970~L48987;L49968~L49985; predecessor=275화 L48810~L48978: 태우는 정권의 미운털에서 대통령 직통 파트너로 바뀌고 규제에 묶인 한전 부지를 국제 금융 중심지로 개발할 길을 얻는다.; next=276화 L48979~L49144: 다이먼에게 임원 상세정보 심사 도움을 약속하고 CITI·핀테크의 한국 이전 계약을 받은 뒤 보험 청구 완화와 4년 뒤 입주를 교환하도록 맡기며 비트코인 거래소 설립과 데이비드 부사장 배치를 지시한다.,275화 L48810~L48978: 태우는 정권의 미운털에서 대통령 직통 파트너로 바뀌고 규제에 묶인 한전 부지를 국제 금융 중심지로 개발할 길을 얻는다.,276화 L48979~L49144: 다이먼에게 임원 상세정보 심사 도움을 약속하고 CITI·핀테크의 한국 이전 계약을 받은 뒤 보험 청구 완화와 4년 뒤 입주를 교환하도록 맡기며 비트코인 거래소 설립과 데이비드 부사장 배치를 지시한다.,"286화의 지급 ‘실행된 500억 달러 통화스와프와 미래산업·탄소감축 법안의 초당 추진선, 청년 정치인 육성 약속, 한·미 게임 베타 승인을 얻는다. 법안 통과와 게임 출시·흥행은 아직 전이다.’은 DCA-N27B 소유다. 끝 훅 ‘천민정이 리그 오브 챔피언스의 한국어 보완과 한·미 베타테스트를 곧바로 시작한다.’은 bridge이고 287화 실제 행동은 다음 Arc가 소유한다.",52bbd904efd4483aa999d2062f301ec548ea2cc433bca0565c77d4f1fd418fa2,66f3e7df3123343c14a7134108dc59940511f40372493a549cba8ae709df4b45
44,DCA-N28,287,296,DCA-N28,SPLIT,금융위기 GM·OLED·해운·바이오 조건부 인수,금융위기 GM·OLED·해운·바이오 조건부 인수의 약속을 타미플루 권리·세계급 연구자·제약 생산사가 하나의 감염병 대응 축으로 결합된다.까지 실제 장면으로 결산하는가?,L51413~L51438;L52466~L52483,"L51413~L51438;L52466~L52483; predecessor=286화 L50615~L50766: 실행된 500억 달러 통화스와프와 미래산업·탄소감축 법안의 초당 추진선, 청년 정치인 육성 약속, 한·미 게임 베타 승인을 얻는다. 법안 통과와 게임 출시·흥행은 아직 전이다.; next=287화 L50767~L50931: 데이비드의 대선·오스카 규정 성과를 확인하고 미국 자동차의 180억 달러 임시구제를 분석한 뒤 한경신문·주안그룹의 백선 지분 인수를 지시한다.","286화 L50615~L50766: 실행된 500억 달러 통화스와프와 미래산업·탄소감축 법안의 초당 추진선, 청년 정치인 육성 약속, 한·미 게임 베타 승인을 얻는다. 법안 통과와 게임 출시·흥행은 아직 전이다.",287화 L50767~L50931: 데이비드의 대선·오스카 규정 성과를 확인하고 미국 자동차의 180억 달러 임시구제를 분석한 뒤 한경신문·주안그룹의 백선 지분 인수를 지시한다.,296화의 지급 ‘타미플루 권리·세계급 연구자·제약 생산사가 하나의 감염병 대응 축으로 결합된다.’은 DCA-N28 소유다. 끝 훅 ‘태미플루 생산권을 받은 서정준과 연구자 김정우가 처음 마주해 한국 감염병 대응팀의 실행 속도가 시험대에 오른다.’은 bridge이고 297화 실제 행동은 다음 Arc가 소유한다.,52bbd904efd4483aa999d2062f301ec548ea2cc433bca0565c77d4f1fd418fa2,66f3e7df3123343c14a7134108dc59940511f40372493a549cba8ae709df4b45
45,DCA-N28B,297,301,DCA-N28,SPLIT,아마존 로켓·SpaceX 유통과 우주 실행축,아마존 로켓·SpaceX 유통과 우주 실행축의 약속을 태우의 미래 포트폴리오가 지상 이동·AI·우주·바이오로 분기한다.까지 실제 장면으로 결산하는가?,L52466~L52483,L52466~L52483; predecessor=296화 L52303~L52474: 타미플루 권리·세계급 연구자·제약 생산사가 하나의 감염병 대응 축으로 결합된다.; next=297화 L52475~L52622: 제프 베이조스에게 한국 전자상거래 법인·자동화 인력·20억 달러 투자를 요청하고 자체 전기배송을 제안한다.,296화 L52303~L52474: 타미플루 권리·세계급 연구자·제약 생산사가 하나의 감염병 대응 축으로 결합된다.,297화 L52475~L52622: 제프 베이조스에게 한국 전자상거래 법인·자동화 인력·20억 달러 투자를 요청하고 자체 전기배송을 제안한다.,301화의 지급 ‘태우의 미래 포트폴리오가 지상 이동·AI·우주·바이오로 분기한다.’은 DCA-N28B 소유다. 끝 훅 ‘WHO 팬데믹 선언이 무료 광고가 될 전망이다.’은 bridge이고 302화 실제 행동은 다음 Arc가 소유한다.,52bbd904efd4483aa999d2062f301ec548ea2cc433bca0565c77d4f1fd418fa2,66f3e7df3123343c14a7134108dc59940511f40372493a549cba8ae709df4b45
46,DCA-N29,302,316,DCA-N29,KEEP,청문회 역공을 타미플루·충전망·로켓·애플카로 지급,청문회 역공을 타미플루·충전망·로켓·애플카로 지급의 약속을 애플카는 제품 발표를 넘어 미국 제조업 회생과 전기차 정책의 지렛대가 된다.까지 실제 장면으로 결산하는가?,L53785~L53802;L54109~L54126;L54930~L54947;L55427~L55444,L53785~L53802;L54109~L54126;L54930~L54947;L55427~L55444; predecessor=301화 L53126~L53287: 태우의 미래 포트폴리오가 지상 이동·AI·우주·바이오로 분기한다.; next=302화 L53288~L53462: GM 인사 자료를 직접 검토하다 델핀에게 청문회 전략을 자문하고 휠체어 대신 오픈카로 출석해 패널 자료를 제시한다.,301화 L53126~L53287: 태우의 미래 포트폴리오가 지상 이동·AI·우주·바이오로 분기한다.,302화 L53288~L53462: GM 인사 자료를 직접 검토하다 델핀에게 청문회 전략을 자문하고 휠체어 대신 오픈카로 출석해 패널 자료를 제시한다.,316화의 지급 ‘애플카는 제품 발표를 넘어 미국 제조업 회생과 전기차 정책의 지렛대가 된다.’은 DCA-N29 소유다. 끝 훅 ‘스티브가 휴식 대신 이틀짜리 아이디어 회의를 시작한다.’은 bridge이고 317화 실제 행동은 다음 Arc가 소유한다.,52bbd904efd4483aa999d2062f301ec548ea2cc433bca0565c77d4f1fd418fa2,66f3e7df3123343c14a7134108dc59940511f40372493a549cba8ae709df4b45
47,DCA-N30,317,326,DCA-N30,KEEP,애플카 수요·사우디 매수벽으로 테슬라 숏 항복,애플카 수요·사우디 매수벽으로 테슬라 숏 항복의 약속을 전기차 동맹이 완승하고 카노스가 장기 적으로 남는다.까지 실제 장면으로 결산하는가?,L55813~L57487,"L55813~L57487; predecessor=316화 L55616~L55812: 애플카는 제품 발표를 넘어 미국 제조업 회생과 전기차 정책의 지렛대가 된다.; next=317화 L55813~L55972: 미국 7,500달러·유럽 6천 유로 계획을 확인하고 중국 기업형 보조금·현지 공장을 검토한 뒤 다이먼에게 비트코인 3만 달러 미래를 설명한다.",316화 L55616~L55812: 애플카는 제품 발표를 넘어 미국 제조업 회생과 전기차 정책의 지렛대가 된다.,"317화 L55813~L55972: 미국 7,500달러·유럽 6천 유로 계획을 확인하고 중국 기업형 보조금·현지 공장을 검토한 뒤 다이먼에게 비트코인 3만 달러 미래를 설명한다.",326화의 지급 ‘전기차 동맹이 완승하고 카노스가 장기 적으로 남는다.’은 DCA-N30 소유다. 끝 훅 ‘카노스가 태우 폭락을 기다린다.’은 bridge이고 327화 실제 행동은 다음 Arc가 소유한다.,52bbd904efd4483aa999d2062f301ec548ea2cc433bca0565c77d4f1fd418fa2,66f3e7df3123343c14a7134108dc59940511f40372493a549cba8ae709df4b45
48,DCA-N31,327,333,DCA-N31,SPLIT,일본·남유럽 금융전과 국민경제당 선거망,일본·남유럽 금융전과 국민경제당 선거망의 약속을 태우는 2011년 수확까지 적자를 감수한다.까지 실제 장면으로 결산하는가?,L58657~L58674,L58657~L58674; predecessor=326화 L57323~L57487: 전기차 동맹이 완승하고 카노스가 장기 적으로 남는다.; next=327화 L57488~L57633: 비상회의에서 일본 제조업 KIKO·공매도와 남유럽 위기 투자를 승인한다.,326화 L57323~L57487: 전기차 동맹이 완승하고 카노스가 장기 적으로 남는다.,327화 L57488~L57633: 비상회의에서 일본 제조업 KIKO·공매도와 남유럽 위기 투자를 승인한다.,333화의 지급 ‘태우는 2011년 수확까지 적자를 감수한다.’은 DCA-N31 소유다. 끝 훅 ‘대지진 시점이 다가온다.’은 bridge이고 334화 실제 행동은 다음 Arc가 소유한다.,52bbd904efd4483aa999d2062f301ec548ea2cc433bca0565c77d4f1fd418fa2,66f3e7df3123343c14a7134108dc59940511f40372493a549cba8ae709df4b45
49,DCA-N31B,334,337,DCA-N31,SPLIT,동일본 대지진 대피준비와 일본 금융결산,동일본 대지진 대피준비와 일본 금융결산의 약속을 일본 수확이 유럽전과 물류망을 강화한다.까지 실제 장면으로 결산하는가?,L58657~L58674;L59158~L59175,L58657~L58674;L59158~L59175; predecessor=333화 L58496~L58665: 태우는 2011년 수확까지 적자를 감수한다.; next=334화 L58666~L58839: 항공기·버스를 계약하고 최재석에게 긴급 기자회견과 교민협조 역할을 맡긴다.,333화 L58496~L58665: 태우는 2011년 수확까지 적자를 감수한다.,334화 L58666~L58839: 항공기·버스를 계약하고 최재석에게 긴급 기자회견과 교민협조 역할을 맡긴다.,337화의 지급 ‘일본 수확이 유럽전과 물류망을 강화한다.’은 DCA-N31B 소유다. 끝 훅 ‘서울 무상급식 주민투표가 다가온다.’은 bridge이고 338화 실제 행동은 다음 Arc가 소유한다.,52bbd904efd4483aa999d2062f301ec548ea2cc433bca0565c77d4f1fd418fa2,66f3e7df3123343c14a7134108dc59940511f40372493a549cba8ae709df4b45
50,DCA-N31C,338,341,DCA-N31,SPLIT,그리스·서울 투표와 DDoS 대권증거,"그리스·서울 투표와 DDoS 대권증거의 약속을 국민경제당 후보가 서울시장 보궐선거에서 36대34, 2퍼센트 차이로 당선된다.까지 실제 장면으로 결산하는가?",L59325~L59342,L59325~L59342; predecessor=337화 L59167~L59333: 일본 수확이 유럽전과 물류망을 강화한다.; next=338화 L59334~L59486: 그리스 투표 철회를 전제로 작전을 지속하고 국민경제당에는 서울 투표 불참 침묵을 지시한다.,337화 L59167~L59333: 일본 수확이 유럽전과 물류망을 강화한다.,338화 L59334~L59486: 그리스 투표 철회를 전제로 작전을 지속하고 국민경제당에는 서울 투표 불참 침묵을 지시한다.,"341화의 지급 ‘국민경제당 후보가 서울시장 보궐선거에서 36대34, 2퍼센트 차이로 당선된다.’은 DCA-N31C 소유다. 끝 훅 ‘서울시장 승리를 발판으로 최재석이 오랜 침묵을 깨고 실제 대권 도전에 나설 것인가?’은 bridge이고 342화 실제 행동은 다음 Arc가 소유한다.",52bbd904efd4483aa999d2062f301ec548ea2cc433bca0565c77d4f1fd418fa2,66f3e7df3123343c14a7134108dc59940511f40372493a549cba8ae709df4b45
51,DCA-N32,342,344,DCA-N32,SPLIT,로보 지분과 당뇨·mRNA 공동연구,로보 지분과 당뇨·mRNA 공동연구의 약속을 태우가 세계 제약 연구비를 대는 핵심 주주로 오른다.까지 실제 장면으로 결산하는가?,L60485~L60502,"L60485~L60502; predecessor=341화 L59812~L59973: 국민경제당 후보가 서울시장 보궐선거에서 36대34, 2퍼센트 차이로 당선된다.; next=342화 L59974~L60147: 디도스 수사를 확산하고 한정훈에게 유럽 청산·데이비드에게 미국 셰일 인맥 구축을 맡긴다.","341화 L59812~L59973: 국민경제당 후보가 서울시장 보궐선거에서 36대34, 2퍼센트 차이로 당선된다.",342화 L59974~L60147: 디도스 수사를 확산하고 한정훈에게 유럽 청산·데이비드에게 미국 셰일 인맥 구축을 맡긴다.,344화의 지급 ‘태우가 세계 제약 연구비를 대는 핵심 주주로 오른다.’은 DCA-N32 소유다. 끝 훅 ‘데이비드가 트럼프 후원을 시작한다.’은 bridge이고 345화 실제 행동은 다음 Arc가 소유한다.,52bbd904efd4483aa999d2062f301ec548ea2cc433bca0565c77d4f1fd418fa2,66f3e7df3123343c14a7134108dc59940511f40372493a549cba8ae709df4b45
52,DCA-N32B,345,351,DCA-N32,SPLIT,도산 장비·텍사스 부지·체셔피크 셰일망,도산 장비·텍사스 부지·체셔피크 셰일망의 약속을 태우 동맹이 에너지·정치·금융으로 입체화된다.까지 실제 장면으로 결산하는가?,L60485~L60502;L61657~L61674,L60485~L60502;L61657~L61674; predecessor=344화 L60319~L60493: 태우가 세계 제약 연구비를 대는 핵심 주주로 오른다.; next=345화 L60494~L60656: 후분양 10곳 확대를 요구하고 박민용에게 매입가 그대로 현금 인수를 제안한다.,344화 L60319~L60493: 태우가 세계 제약 연구비를 대는 핵심 주주로 오른다.,345화 L60494~L60656: 후분양 10곳 확대를 요구하고 박민용에게 매입가 그대로 현금 인수를 제안한다.,351화의 지급 ‘태우 동맹이 에너지·정치·금융으로 입체화된다.’은 DCA-N32B 소유다. 끝 훅 ‘유럽 금융사를 더 끌어와야 한다.’은 bridge이고 352화 실제 행동은 다음 Arc가 소유한다.,52bbd904efd4483aa999d2062f301ec548ea2cc433bca0565c77d4f1fd418fa2,66f3e7df3123343c14a7134108dc59940511f40372493a549cba8ae709df4b45
53,DCA-N32C,352,356,DCA-N32,SPLIT,금융타워·제1야당과 직원 가족제도,금융타워·제1야당과 직원 가족제도의 약속을 성공 보상이 직원 가족의 삶으로 내려간다.까지 실제 장면으로 결산하는가?,L61657~L61674,L61657~L61674; predecessor=351화 L61506~L61665: 태우 동맹이 에너지·정치·금융으로 입체화된다.; next=352화 L61666~L61849: 퀀텀·버크셔·핀테크·노무라·BNP를 완공식에 모으고 홍콩 통제 위험을 설득한다.,351화 L61506~L61665: 태우 동맹이 에너지·정치·금융으로 입체화된다.,352화 L61666~L61849: 퀀텀·버크셔·핀테크·노무라·BNP를 완공식에 모으고 홍콩 통제 위험을 설득한다.,356화의 지급 ‘성공 보상이 직원 가족의 삶으로 내려간다.’은 DCA-N32C 소유다. 끝 훅 ‘정책을 실제 정착시켜야 한다.’은 bridge이고 357화 실제 행동은 다음 Arc가 소유한다.,52bbd904efd4483aa999d2062f301ec548ea2cc433bca0565c77d4f1fd418fa2,66f3e7df3123343c14a7134108dc59940511f40372493a549cba8ae709df4b45
54,DCA-N33,357,368,DCA-N33,SHIFT,신사옥·대선·사드와 투게더워크-ARN 교환,신사옥·대선·사드와 투게더워크-ARN 교환의 약속을 태우는 독사과를 넘기고 미래 600억 달러 설계사를 얻는다.까지 실제 장면으로 결산하는가?,L64593~L64610,L64593~L64610; predecessor=356화 L62332~L62511: 성공 보상이 직원 가족의 삶으로 내려간다.; next=357화 L62512~L62684: 후쿠다·천민정 의견을 받아 임원 접근금지 커뮤니티를 만들고 완공식에서 오희건·머스크를 맞는다.,356화 L62332~L62511: 성공 보상이 직원 가족의 삶으로 내려간다.,357화 L62512~L62684: 후쿠다·천민정 의견을 받아 임원 접근금지 커뮤니티를 만들고 완공식에서 오희건·머스크를 맞는다.,368화의 지급 ‘태우는 독사과를 넘기고 미래 600억 달러 설계사를 얻는다.’은 DCA-N33 소유다. 끝 훅 ‘리사에게 사후 통보해야 한다.’은 bridge이고 369화 실제 행동은 다음 Arc가 소유한다.,52bbd904efd4483aa999d2062f301ec548ea2cc433bca0565c77d4f1fd418fa2,66f3e7df3123343c14a7134108dc59940511f40372493a549cba8ae709df4b45
55,DCA-N33B,369,373,DCA-N33+DCA-N33B,MERGE_SHIFT,테이퍼링 3단 금융작전과 3차 석유전 준비,테이퍼링 3단 금융작전과 3차 석유전 준비의 약속을 금융사 전부가 먹어도 남을 새 프로젝트가 열린다.까지 실제 장면으로 결산하는가?,L64593~L64610,L64593~L64610; predecessor=368화 L64429~L64601: 태우는 독사과를 넘기고 미래 600억 달러 설계사를 얻는다.; next=369화 L64602~L64774: 긴급계약을 설명하고 ARN·AI 설계를 파운드리 수주와 연결한다.,368화 L64429~L64601: 태우는 독사과를 넘기고 미래 600억 달러 설계사를 얻는다.,369화 L64602~L64774: 긴급계약을 설명하고 ARN·AI 설계를 파운드리 수주와 연결한다.,373화의 지급 ‘금융사 전부가 먹어도 남을 새 프로젝트가 열린다.’은 DCA-N33B 소유다. 끝 훅 ‘한정훈은 양적완화 연습경기보다 훨씬 큰 3차 석유전쟁 타임라인을 후쿠다·데이비드·다이먼과 짜야 한다.’은 bridge이고 374화 실제 행동은 다음 Arc가 소유한다.,52bbd904efd4483aa999d2062f301ec548ea2cc433bca0565c77d4f1fd418fa2,66f3e7df3123343c14a7134108dc59940511f40372493a549cba8ae709df4b45
56,DCA-N33C,374,377,DCA-N33C,KEEP,몽골 운송병목·크림제재와 중국 판로협상,몽골 운송병목·크림제재와 중국 판로협상의 약속을 차기 중국 권력자와 운송사업·20년 계약의 협상선을 열고 주석 보고 약속을 얻는다. 실제 장기계약과 자원 판로는 아직 전이다.까지 실제 장면으로 결산하는가?,L65471~L66170,L65471~L66170; predecessor=373화 L65295~L65470: 금융사 전부가 먹어도 남을 새 프로젝트가 열린다.; next=374화 L65471~L65627: 저궤도 통신·전기차·자원 인프라 계획을 재확인하고 금융타워의 크림반도 투자금을 유지한다.,373화 L65295~L65470: 금융사 전부가 먹어도 남을 새 프로젝트가 열린다.,374화 L65471~L65627: 저궤도 통신·전기차·자원 인프라 계획을 재확인하고 금융타워의 크림반도 투자금을 유지한다.,377화의 지급 ‘차기 중국 권력자와 운송사업·20년 계약의 협상선을 열고 주석 보고 약속을 얻는다. 실제 장기계약과 자원 판로는 아직 전이다.’은 DCA-N33C 소유다. 끝 훅 ‘사우디 증산 시점과 왕위승계를 확인하러 간다.’은 bridge이고 378화 실제 행동은 다음 Arc가 소유한다.,52bbd904efd4483aa999d2062f301ec548ea2cc433bca0565c77d4f1fd418fa2,66f3e7df3123343c14a7134108dc59940511f40372493a549cba8ae709df4b45
57,DCA-N33D,378,380,DCA-N33D,KEEP,살만 왕위동맹과 OPEC 증산 원유숏,"살만 왕위동맹과 OPEC 증산 원유숏의 약속을 원유 110→105달러, 5배 레버리지 25% 이상, 준비기간 자금 하루 만의 전액 회수가 지급된다.까지 실제 장면으로 결산하는가?",L66171~L66742,L66171~L66742; predecessor=377화 L65986~L66170: 차기 중국 권력자와 운송사업·20년 계약의 협상선을 열고 주석 보고 약속을 얻는다. 실제 장기계약과 자원 판로는 아직 전이다.; next=378화 L66171~L66350: 살만에게 증산 피해와 빈 살만 왕세자화를 경고하며 부패 왕족 숙청 구상을 꺼낸다.,377화 L65986~L66170: 차기 중국 권력자와 운송사업·20년 계약의 협상선을 열고 주석 보고 약속을 얻는다. 실제 장기계약과 자원 판로는 아직 전이다.,378화 L66171~L66350: 살만에게 증산 피해와 빈 살만 왕세자화를 경고하며 부패 왕족 숙청 구상을 꺼낸다.,"380화의 지급 ‘원유 110→105달러, 5배 레버리지 25% 이상, 준비기간 자금 하루 만의 전액 회수가 지급된다.’은 DCA-N33D 소유다. 끝 훅 ‘유가 하락이 어느 기업·국가부터 무너뜨릴지 남는다.’은 bridge이고 381화 실제 행동은 다음 Arc가 소유한다.",52bbd904efd4483aa999d2062f301ec548ea2cc433bca0565c77d4f1fd418fa2,66f3e7df3123343c14a7134108dc59940511f40372493a549cba8ae709df4b45
58,DCA-N34,381,396,DCA-N34,KEEP,헤스·체셔피크·가이아나와 카노스 공개매수 함정,헤스·체셔피크·가이아나와 카노스 공개매수 함정의 약속을 헤스 방어가 월가자산 흡수 단계로 넘어간다.까지 실제 장면으로 결산하는가?,L67576~L67593;L68443~L68460;L69340~L69357,"L67576~L67593;L68443~L68460;L69340~L69357; predecessor=380화 L66548~L66742: 원유 110→105달러, 5배 레버리지 25% 이상, 준비기간 자금 하루 만의 전액 회수가 지급된다.; next=381화 L66743~L66910: 천민정에게 훔친 AI의 신약효과를 줄이고 부작용을 늘리게 하며 금융사별 수익을 배분한다.","380화 L66548~L66742: 원유 110→105달러, 5배 레버리지 25% 이상, 준비기간 자금 하루 만의 전액 회수가 지급된다.",381화 L66743~L66910: 천민정에게 훔친 AI의 신약효과를 줄이고 부작용을 늘리게 하며 금융사별 수익을 배분한다.,396화의 지급 ‘헤스 방어가 월가자산 흡수 단계로 넘어간다.’은 DCA-N34 소유다. 끝 훅 ‘최재석은 중임제와 평창재단 갈취를 상의한다.’은 bridge이고 397화 실제 행동은 다음 Arc가 소유한다.,52bbd904efd4483aa999d2062f301ec548ea2cc433bca0565c77d4f1fd418fa2,66f3e7df3123343c14a7134108dc59940511f40372493a549cba8ae709df4b45
59,DCA-N34B,397,399,DCA-N34B,KEEP,카노스 청소부 전향과 한정훈 지휘권 승계,카노스 청소부 전향과 한정훈 지휘권 승계의 약속을 정권·중국·바이오 세 갈취판 중 가장 큰 신약 기회가 열린다.까지 실제 장면으로 결산하는가?,L69538~L70053,L69538~L70053; predecessor=396화 L69349~L69537: 헤스 방어가 월가자산 흡수 단계로 넘어간다.; next=397화 L69538~L69724: 박만득 은퇴·인수인계를 지시하고 카노스에게 동료 펀드 배신과 자산 흡수를 제안한다.,396화 L69349~L69537: 헤스 방어가 월가자산 흡수 단계로 넘어간다.,397화 L69538~L69724: 박만득 은퇴·인수인계를 지시하고 카노스에게 동료 펀드 배신과 자산 흡수를 제안한다.,399화의 지급 ‘정권·중국·바이오 세 갈취판 중 가장 큰 신약 기회가 열린다.’은 DCA-N34B 소유다. 끝 훅 ‘로보가 폐기하려는 신약을 태우가 헐값에 확보할 수 있는가?’은 bridge이고 400화 실제 행동은 다음 Arc가 소유한다.,52bbd904efd4483aa999d2062f301ec548ea2cc433bca0565c77d4f1fd418fa2,66f3e7df3123343c14a7134108dc59940511f40372493a549cba8ae709df4b45
60,DCA-N34C,400,401,DCA-N34C,KEEP,로보 GLP-1 권리계약과 중국숏 D-DAY,로보 GLP-1 권리계약과 중국숏 D-DAY의 약속을 바이오 독점과 국가급 금융작전이 동시에 실행된다.까지 실제 장면으로 결산하는가?,L70054~L70406,L70054~L70406; predecessor=399화 L69891~L70053: 정권·중국·바이오 세 갈취판 중 가장 큰 신약 기회가 열린다.; next=400화 L70054~L70215: 천민정의 시스템 정보로 선점하고 데이비드가 포섭한 에릭센을 통해 이사회 매각안을 통과시킨다.,399화 L69891~L70053: 정권·중국·바이오 세 갈취판 중 가장 큰 신약 기회가 열린다.,400화 L70054~L70215: 천민정의 시스템 정보로 선점하고 데이비드가 포섭한 에릭센을 통해 이사회 매각안을 통과시킨다.,401화의 지급 ‘바이오 독점과 국가급 금융작전이 동시에 실행된다.’은 DCA-N34C 소유다. 끝 훅 ‘중국 하루 증발자금을 얼마나 포집할지가 남는다.’은 bridge이고 402화 실제 행동은 다음 Arc가 소유한다.,52bbd904efd4483aa999d2062f301ec548ea2cc433bca0565c77d4f1fd418fa2,66f3e7df3123343c14a7134108dc59940511f40372493a549cba8ae709df4b45
61,DCA-N35,402,410,DCA-N35,KEEP,중국숏·삼진 생산동맹과 메르스 긴급승인,중국숏·삼진 생산동맹과 메르스 긴급승인의 약속을 태우는 단기 주가 대신 팬데믹 기술·거시수익을 선택한다.까지 실제 장면으로 결산하는가?,L70916~L70931,L70916~L70931; predecessor=401화 L70216~L70406: 바이오 독점과 국가급 금융작전이 동시에 실행된다.; next=402화 L70407~L70589: 금융사 이익 일부를 차명계좌로 중국 수뇌부에 보내고 병원에서 오희건의 후계 부탁을 듣는다.,401화 L70216~L70406: 바이오 독점과 국가급 금융작전이 동시에 실행된다.,402화 L70407~L70589: 금융사 이익 일부를 차명계좌로 중국 수뇌부에 보내고 병원에서 오희건의 후계 부탁을 듣는다.,410화의 지급 ‘태우는 단기 주가 대신 팬데믹 기술·거시수익을 선택한다.’은 DCA-N35 소유다. 끝 훅 ‘2~3월 브렉시트 작전 공개가 예정된다.’은 bridge이고 411화 실제 행동은 다음 Arc가 소유한다.,52bbd904efd4483aa999d2062f301ec548ea2cc433bca0565c77d4f1fd418fa2,66f3e7df3123343c14a7134108dc59940511f40372493a549cba8ae709df4b45
62,DCA-N36,411,414,DCA-N36,SPLIT,군산·새만금 투자와 사우디·신약 생산동맹,군산·새만금 투자와 사우디·신약 생산동맹의 약속을 태우는 글로벌 신약 생산동맹과 사우디 차기권력을 확보한다.까지 실제 장면으로 결산하는가?,L72655~L72672,L72655~L72672; predecessor=410화 L71797~L71965: 태우는 단기 주가 대신 팬데믹 기술·거시수익을 선택한다.; next=411화 L71966~L72141: 서울 지지율 30퍼센트를 계산하고 호남 공략을 위해 군산 조선소와 새만금에 쓸 10억 달러를 별도 자금으로 빼 두라고 지시한다.,410화 L71797~L71965: 태우는 단기 주가 대신 팬데믹 기술·거시수익을 선택한다.,411화 L71966~L72141: 서울 지지율 30퍼센트를 계산하고 호남 공략을 위해 군산 조선소와 새만금에 쓸 10억 달러를 별도 자금으로 빼 두라고 지시한다.,414화의 지급 ‘태우는 글로벌 신약 생산동맹과 사우디 차기권력을 확보한다.’은 DCA-N36 소유다. 끝 훅 ‘김민재는 숙청 뒤에는 돌아오지 못할 빈 살만의 옛 모습을 기억하며 그와 밤새 이야기하기로 한다.’은 bridge이고 415화 실제 행동은 다음 Arc가 소유한다.,52bbd904efd4483aa999d2062f301ec548ea2cc433bca0565c77d4f1fd418fa2,66f3e7df3123343c14a7134108dc59940511f40372493a549cba8ae709df4b45
63,DCA-N36B,415,419,DCA-N36,SPLIT,중국폭락·자율주행과 ASML 지분 수확,중국폭락·자율주행과 ASML 지분 수확의 약속을 삼진 승계를 결산하고 ASML 지분 3퍼센트 매매 합의와 추가 매집 지시를 얻는다. 지분 이전·장비 우선권은 실무계약 이후다.까지 실제 장면으로 결산하는가?,L72655~L72672;L73516~L73533,L72655~L72672;L73516~L73533; predecessor=414화 L72491~L72663: 태우는 글로벌 신약 생산동맹과 사우디 차기권력을 확보한다.; next=415화 L72664~L72834: 중국 서킷브레이커를 점검하며 사장단회의에서 범캣 AI·자동차 데이터를 렌터카와 협업시킨다.,414화 L72491~L72663: 태우는 글로벌 신약 생산동맹과 사우디 차기권력을 확보한다.,415화 L72664~L72834: 중국 서킷브레이커를 점검하며 사장단회의에서 범캣 AI·자동차 데이터를 렌터카와 협업시킨다.,419화의 지급 ‘삼진 승계를 결산하고 ASML 지분 3퍼센트 매매 합의와 추가 매집 지시를 얻는다. 지분 이전·장비 우선권은 실무계약 이후다.’은 DCA-N36B 소유다. 끝 훅 ‘최재석이 생각을 정리한 해운업 문제를 다음 날 어떤 조건으로 풀지 남는다.’은 bridge이고 420화 실제 행동은 다음 Arc가 소유한다.,52bbd904efd4483aa999d2062f301ec548ea2cc433bca0565c77d4f1fd418fa2,66f3e7df3123343c14a7134108dc59940511f40372493a549cba8ae709df4b45
64,DCA-N36C,420,426,DCA-N36,SPLIT,새만금·부산항·PF 기업동맹과 대통령 하야,새만금·부산항·PF 기업동맹과 대통령 하야의 약속을 김민재와 최재석의 압박이 대통령의 전국 생중계 자진 사퇴 약속을 끌어낸다.까지 실제 장면으로 결산하는가?,L73516~L73533;L73681~L73698;L74525~L74542,"L73516~L73533;L73681~L73698;L74525~L74542; predecessor=419화 L73360~L73524: 삼진 승계를 결산하고 ASML 지분 3퍼센트 매매 합의와 추가 매집 지시를 얻는다. 지분 이전·장비 우선권은 실무계약 이후다.; next=420화 L73525~L73689: 최재석과 새만금 화학단지 안전·해운 빅딜 방향을 합의하고, 수도권·광역시 부동산 PF 30조 원을 금융타워에 권유하되 참여가 없으면 태우 자금으로 하겠다고 정한다.",419화 L73360~L73524: 삼진 승계를 결산하고 ASML 지분 3퍼센트 매매 합의와 추가 매집 지시를 얻는다. 지분 이전·장비 우선권은 실무계약 이후다.,"420화 L73525~L73689: 최재석과 새만금 화학단지 안전·해운 빅딜 방향을 합의하고, 수도권·광역시 부동산 PF 30조 원을 금융타워에 권유하되 참여가 없으면 태우 자금으로 하겠다고 정한다.",426화의 지급 ‘김민재와 최재석의 압박이 대통령의 전국 생중계 자진 사퇴 약속을 끌어낸다.’은 DCA-N36C 소유다. 끝 훅 ‘모든 책임을 지고 물러나겠다는 대통령의 한 문장이 실제 하야와 대선 시계를 어떻게 움직일지 남는다.’은 bridge이고 427화 실제 행동은 다음 Arc가 소유한다.,52bbd904efd4483aa999d2062f301ec548ea2cc433bca0565c77d4f1fd418fa2,66f3e7df3123343c14a7134108dc59940511f40372493a549cba8ae709df4b45
65,DCA-N37,427,430,DCA-N37,SPLIT,700조 반도체도시와 해운 빅딜,700조 반도체도시와 해운 빅딜의 약속을 선거용 해운빅딜이 태우의 장기 글로벌 유통망으로 결산된다.까지 실제 장면으로 결산하는가?,L75375~L75392,L75375~L75392; predecessor=426화 L74534~L74703: 김민재와 최재석의 압박이 대통령의 전국 생중계 자진 사퇴 약속을 끌어낸다.; next=427화 L74704~L74857: 정부는 인허가와 기반공사를 맡고 태우가 투자·기업 유치를 담당하는 구도를 최재석에게 제안한다.,426화 L74534~L74703: 김민재와 최재석의 압박이 대통령의 전국 생중계 자진 사퇴 약속을 끌어낸다.,427화 L74704~L74857: 정부는 인허가와 기반공사를 맡고 태우가 투자·기업 유치를 담당하는 구도를 최재석에게 제안한다.,430화의 지급 ‘선거용 해운빅딜이 태우의 장기 글로벌 유통망으로 결산된다.’은 DCA-N37 소유다. 끝 훅 ‘대한타이어 주성재 회장이 승계 문제로 면담을 청한다.’은 bridge이고 431화 실제 행동은 다음 Arc가 소유한다.,52bbd904efd4483aa999d2062f301ec548ea2cc433bca0565c77d4f1fd418fa2,66f3e7df3123343c14a7134108dc59940511f40372493a549cba8ae709df4b45
66,DCA-N37B,431,435,DCA-N37,SPLIT,사우디 왕위·총선·브렉시트 세 권력교체,사우디 왕위·총선·브렉시트 세 권력교체의 약속을 권력교체 세 건이 금융·외교 자산으로 결산되고 다음 세계분쟁으로 넘어간다.까지 실제 장면으로 결산하는가?,L75375~L75392,L75375~L75392; predecessor=430화 L75209~L75383: 선거용 해운빅딜이 태우의 장기 글로벌 유통망으로 결산된다.; next=431화 L75384~L75552: 태우 자동차계열이 전기차 타이어 개발 명목으로 2조 원 이상 투자하게 하고 사우디 숙청 대상 정보를 빈 살만에게 제공한다.,430화 L75209~L75383: 선거용 해운빅딜이 태우의 장기 글로벌 유통망으로 결산된다.,431화 L75384~L75552: 태우 자동차계열이 전기차 타이어 개발 명목으로 2조 원 이상 투자하게 하고 사우디 숙청 대상 정보를 빈 살만에게 제공한다.,435화의 지급 ‘권력교체 세 건이 금융·외교 자산으로 결산되고 다음 세계분쟁으로 넘어간다.’은 DCA-N37B 소유다. 끝 훅 ‘숙청을 마친 빈 살만의 위엄과 김민재를 향한 더 깊은 신뢰가 사우디를 미중전쟁의 확실한 아군으로 만든다.’은 bridge이고 436화 실제 행동은 다음 Arc가 소유한다.,52bbd904efd4483aa999d2062f301ec548ea2cc433bca0565c77d4f1fd418fa2,66f3e7df3123343c14a7134108dc59940511f40372493a549cba8ae709df4b45
67,DCA-N38,436,440,DCA-N38,SPLIT,용선료·2M·로보소송과 반도체도시 기반,용선료·2M·로보소송과 반도체도시 기반의 약속을 태우해운의 세계 4위 규모와 반도체 도시 1구역의 선매입·7천억 원 차익·빠른 착공 기반을 확인한다. 미국 주도 해운동맹과 연구진 영입은 아직 진행 중이다.까지 실제 장면으로 결산하는가?,L77132~L77149,L77132~L77149; predecessor=435화 L76118~L76286: 권력교체 세 건이 금융·외교 자산으로 결산되고 다음 세계분쟁으로 넘어간다.; next=436화 L76287~L76460: 5년치 선납을 제시한 뒤 태우가 이미 60만 TEU 자가선복을 갖췄다고 공개해 계약 파기 시 직접 운항하겠다고 압박한다.,435화 L76118~L76286: 권력교체 세 건이 금융·외교 자산으로 결산되고 다음 세계분쟁으로 넘어간다.,436화 L76287~L76460: 5년치 선납을 제시한 뒤 태우가 이미 60만 TEU 자가선복을 갖췄다고 공개해 계약 파기 시 직접 운항하겠다고 압박한다.,440화의 지급 ‘태우해운의 세계 4위 규모와 반도체 도시 1구역의 선매입·7천억 원 차익·빠른 착공 기반을 확인한다. 미국 주도 해운동맹과 연구진 영입은 아직 진행 중이다.’은 DCA-N38 소유다. 끝 훅 ‘명동이 2·3구역과 주변 토지를 더 확보하되 기존 주민의 사연을 해치지 않고 반도체 도시를 확장할 수 있는가?’은 bridge이고 441화 실제 행동은 다음 Arc가 소유한다.,52bbd904efd4483aa999d2062f301ec548ea2cc433bca0565c77d4f1fd418fa2,66f3e7df3123343c14a7134108dc59940511f40372493a549cba8ae709df4b45
68,DCA-N38B,441,446,DCA-N38,SPLIT,렌터카 실증·바이오 인재와 중국 산업스파이,렌터카 실증·바이오 인재와 중국 산업스파이의 약속을 내부 침투 피해가 중국 경쟁사의 자멸을 유도하는 공격자산이 된다.까지 실제 장면으로 결산하는가?,L77132~L77149;L78027~L78044,L77132~L77149;L78027~L78044; predecessor=440화 L76962~L77140: 태우해운의 세계 4위 규모와 반도체 도시 1구역의 선매입·7천억 원 차익·빠른 착공 기반을 확인한다. 미국 주도 해운동맹과 연구진 영입은 아직 진행 중이다.; next=441화 L77141~L77310: 원격 이동 가능한 거점 주차장을 매입하게 하고 버클리·브로드 팀을 따로 초청해 mRNA와 돌연변이 연구시설을 여섯 시간 넘게 보여 준다.,440화 L76962~L77140: 태우해운의 세계 4위 규모와 반도체 도시 1구역의 선매입·7천억 원 차익·빠른 착공 기반을 확인한다. 미국 주도 해운동맹과 연구진 영입은 아직 진행 중이다.,441화 L77141~L77310: 원격 이동 가능한 거점 주차장을 매입하게 하고 버클리·브로드 팀을 따로 초청해 mRNA와 돌연변이 연구시설을 여섯 시간 넘게 보여 준다.,446화의 지급 ‘내부 침투 피해가 중국 경쟁사의 자멸을 유도하는 공격자산이 된다.’은 DCA-N38B 소유다. 끝 훅 ‘한 달 뒤 트럼프 취임식에서 해운 동맹 문제를 실제 규제 카드로 바꿀 수 있는가?’은 bridge이고 447화 실제 행동은 다음 Arc가 소유한다.,52bbd904efd4483aa999d2062f301ec548ea2cc433bca0565c77d4f1fd418fa2,66f3e7df3123343c14a7134108dc59940511f40372493a549cba8ae709df4b45
69,DCA-N38C,447,450,DCA-N38,SPLIT,트럼프 해운규제와 선박·북해자산 확보,트럼프 해운규제와 선박·북해자산 확보의 약속을 회귀 초반의 기술동맹이 세계기업의 보호자 지위로 완성된다.까지 실제 장면으로 결산하는가?,L78207~L78224,L78207~L78224; predecessor=446화 L78036~L78215: 내부 침투 피해가 중국 경쟁사의 자멸을 유도하는 공격자산이 된다.; next=447화 L78216~L78400: 외국 대형 해운동맹이 미국 중소 해운사를 죽인다고 아메리카 퍼스트 논리로 설득하고 미국 투자·고용 계획을 제시한다.,446화 L78036~L78215: 내부 침투 피해가 중국 경쟁사의 자멸을 유도하는 공격자산이 된다.,447화 L78216~L78400: 외국 대형 해운동맹이 미국 중소 해운사를 죽인다고 아메리카 퍼스트 논리로 설득하고 미국 투자·고용 계획을 제시한다.,450화의 지급 ‘회귀 초반의 기술동맹이 세계기업의 보호자 지위로 완성된다.’은 DCA-N38C 소유다. 끝 훅 ‘금융타워 금융사들이 아직 폭발 전인 알트코인 시장에 올라타 최소 다섯 배 차익 항로를 실제 열 수 있는가?’은 bridge이고 451화 실제 행동은 다음 Arc가 소유한다.,52bbd904efd4483aa999d2062f301ec548ea2cc433bca0565c77d4f1fd418fa2,66f3e7df3123343c14a7134108dc59940511f40372493a549cba8ae709df4b45
70,DCA-N39,451,455,DCA-N39,KEEP,이더리온·무인공장과 말레이시아 생존 변수,이더리온·무인공장과 말레이시아 생존 변수의 약속을 즉석 구출전이 장기 지정학 보험으로 안정화된다.까지 실제 장면으로 결산하는가?,L78913~L79845,L78913~L79845; predecessor=450화 L78739~L78912: 회귀 초반의 기술동맹이 세계기업의 보호자 지위로 완성된다.; next=451화 L78913~L79090: 8달러인 이더리온을 금융타워가 매입해 시장조성자에게 빌려주고 강대위의 택시면허 100여 개를 활용해 노조 반대를 우회한다.,450화 L78739~L78912: 회귀 초반의 기술동맹이 세계기업의 보호자 지위로 완성된다.,451화 L78913~L79090: 8달러인 이더리온을 금융타워가 매입해 시장조성자에게 빌려주고 강대위의 택시면허 100여 개를 활용해 노조 반대를 우회한다.,455화의 지급 ‘즉석 구출전이 장기 지정학 보험으로 안정화된다.’은 DCA-N39 소유다. 끝 훅 ‘사우디 정부가 예고한 빈 살만의 방한이 숙청 뒤 우애와 장기 사업동맹을 어떻게 이어갈 것인가?’은 bridge이고 456화 실제 행동은 다음 Arc가 소유한다.,52bbd904efd4483aa999d2062f301ec548ea2cc433bca0565c77d4f1fd418fa2,66f3e7df3123343c14a7134108dc59940511f40372493a549cba8ae709df4b45
71,DCA-N40,456,462,DCA-N40,KEEP,빈 살만·국민연금과 게임·통신망 증명,빈 살만·국민연금과 게임·통신망 증명의 약속을 국내 3사 중 하나였던 통신사가 국제망 가격을 정할 상위사업자가 된다.까지 실제 장면으로 결산하는가?,L80524~L80539,L80524~L80539; predecessor=455화 L79657~L79845: 즉석 구출전이 장기 지정학 보험으로 안정화된다.; next=456화 L79846~L80027: 2천억 달러 펀드 중 절반 운용 요청은 거절하되 차기 프로젝트 공동투자를 약속하고 블랙홀·MC소프트를 추천한다.,455화 L79657~L79845: 즉석 구출전이 장기 지정학 보험으로 안정화된다.,456화 L79846~L80027: 2천억 달러 펀드 중 절반 운용 요청은 거절하되 차기 프로젝트 공동투자를 약속하고 블랙홀·MC소프트를 추천한다.,462화의 지급 ‘국내 3사 중 하나였던 통신사가 국제망 가격을 정할 상위사업자가 된다.’은 DCA-N40 소유다. 끝 훅 ‘국제유가가 한 달 새 약 10달러 빠진 가운데 곧 50달러를 회복할 시점과 코로나기의 재폭락 가능성이 함께 열린다.’은 bridge이고 463화 실제 행동은 다음 Arc가 소유한다.,52bbd904efd4483aa999d2062f301ec548ea2cc433bca0565c77d4f1fd418fa2,66f3e7df3123343c14a7134108dc59940511f40372493a549cba8ae709df4b45
72,DCA-N41,463,465,DCA-N41,SPLIT,일본 품질정보·북미에너지·가이아나 위기전 포지션,일본 품질정보·북미에너지·가이아나 위기전 포지션의 약속을 지분 참여 전략이 에너지·금융·신기술 브랜드 전반의 선점 방식으로 굳어진다.까지 실제 장면으로 결산하는가?,L81543~L81560,L81543~L81560; predecessor=462화 L80891~L81043: 국내 3사 중 하나였던 통신사가 국제망 가격을 정할 상위사업자가 된다.; next=463화 L81044~L81207: JIS 공개수치와 실험값을 비교해 조작을 확인하고 태우 자동차·항공 계열의 일본산 알루미늄 부품을 비공개로 교체한다.,462화 L80891~L81043: 국내 3사 중 하나였던 통신사가 국제망 가격을 정할 상위사업자가 된다.,463화 L81044~L81207: JIS 공개수치와 실험값을 비교해 조작을 확인하고 태우 자동차·항공 계열의 일본산 알루미늄 부품을 비공개로 교체한다.,465화의 지급 ‘지분 참여 전략이 에너지·금융·신기술 브랜드 전반의 선점 방식으로 굳어진다.’은 DCA-N41 소유다. 끝 훅 ‘수익성을 장담할 수 없어도 인재·기업·VR 기기를 동원해 태우를 메타버스 선두주자로 보이게 만들기로 한다.’은 bridge이고 466화 실제 행동은 다음 Arc가 소유한다.,52bbd904efd4483aa999d2062f301ec548ea2cc433bca0565c77d4f1fd418fa2,66f3e7df3123343c14a7134108dc59940511f40372493a549cba8ae709df4b45
73,DCA-N41B,466,470,DCA-N41,SPLIT,중·러 공장철수와 5년 임차·대금회수,중·러 공장철수와 5년 임차·대금회수의 약속을 중러 철수 대비가 현금회수·생산연속성·경쟁사 부담 전가로 완성된다.까지 실제 장면으로 결산하는가?,L81543~L81560;L82423~L82440,L81543~L81560;L82423~L82440; predecessor=465화 L81390~L81551: 지분 참여 전략이 에너지·금융·신기술 브랜드 전반의 선점 방식으로 굳어진다.; next=466화 L81552~L81719: 신약 이익을 10년 성장기반에 재투자하고 명동의 정보망까지 점검한 뒤 이영한에게 10조 원 규모 시장과 비트코인 청산 시점을 알려 준다.,465화 L81390~L81551: 지분 참여 전략이 에너지·금융·신기술 브랜드 전반의 선점 방식으로 굳어진다.,466화 L81552~L81719: 신약 이익을 10년 성장기반에 재투자하고 명동의 정보망까지 점검한 뒤 이영한에게 10조 원 규모 시장과 비트코인 청산 시점을 알려 준다.,470화의 지급 ‘중러 철수 대비가 현금회수·생산연속성·경쟁사 부담 전가로 완성된다.’은 DCA-N41B 소유다. 끝 훅 ‘방한한 러시아 측이 철수 의혹을 묻자 더 큰 신규공장을 약속한다.’은 bridge이고 471화 실제 행동은 다음 Arc가 소유한다.,52bbd904efd4483aa999d2062f301ec548ea2cc433bca0565c77d4f1fd418fa2,66f3e7df3123343c14a7134108dc59940511f40372493a549cba8ae709df4b45
74,DCA-N41C,471,477,DCA-N41,SPLIT,일본 품질조작 증거·리콜과 저점매수,일본 품질조작 증거·리콜과 저점매수의 약속을 복수작전이 경쟁사 약화와 자사 시스템 신뢰라는 이중 이익으로 결산된다.까지 실제 장면으로 결산하는가?,L82423~L82440;L83680~L83697,L82423~L82440;L83680~L83697; predecessor=470화 L82249~L82431: 중러 철수 대비가 현금회수·생산연속성·경쟁사 부담 전가로 완성된다.; next=471화 L82432~L82611: 한 부회장에게 몽골 투자 확대를 지시하고 베이징의 리강에게 중국 공장 축소는 철수가 아니라 일대일로 물류 참여를 위한 재배치라고 설명한다.,470화 L82249~L82431: 중러 철수 대비가 현금회수·생산연속성·경쟁사 부담 전가로 완성된다.,471화 L82432~L82611: 한 부회장에게 몽골 투자 확대를 지시하고 베이징의 리강에게 중국 공장 축소는 철수가 아니라 일대일로 물류 참여를 위한 재배치라고 설명한다.,477화의 지급 ‘복수작전이 경쟁사 약화와 자사 시스템 신뢰라는 이중 이익으로 결산된다.’은 DCA-N41C 소유다. 끝 훅 ‘도시바가 러시아 공장 계약을 파기하고 싶다고 연락하자 김민재는 직접 만날 일정을 잡으라고 지시한다.’은 bridge이고 478화 실제 행동은 다음 Arc가 소유한다.,52bbd904efd4483aa999d2062f301ec548ea2cc433bca0565c77d4f1fd418fa2,66f3e7df3123343c14a7134108dc59940511f40372493a549cba8ae709df4b45
75,DCA-N41D,478,481,DCA-N41,SPLIT,도시바메모리·웨스팅하우스 가격·담보 인수,도시바메모리·웨스팅하우스 가격·담보 인수의 약속을 단순 인수가 공급망 전반의 옵션·담보·연료 확보로 확장된다.까지 실제 장면으로 결산하는가?,L83680~L83697;L84183~L84200,L83680~L83697;L84183~L84200; predecessor=477화 L83506~L83688: 복수작전이 경쟁사 약화와 자사 시스템 신뢰라는 이중 이익으로 결산된다.; next=478화 L83689~L83856: 러시아 공장 파기를 받아주는 대신 두 회사 매각을 제안하고 미국기업·핀테크은행과 연합해 반독점 규제를 피할 구조를 짠다.,477화 L83506~L83688: 복수작전이 경쟁사 약화와 자사 시스템 신뢰라는 이중 이익으로 결산된다.,478화 L83689~L83856: 러시아 공장 파기를 받아주는 대신 두 회사 매각을 제안하고 미국기업·핀테크은행과 연합해 반독점 규제를 피할 구조를 짠다.,481화의 지급 ‘단순 인수가 공급망 전반의 옵션·담보·연료 확보로 확장된다.’은 DCA-N41D 소유다. 끝 훅 ‘카메코 지분을 3년 동안 조용히 모아 러시아 전쟁 뒤 원전과 우라늄 부활을 함께 맞을 준비를 한다.’은 bridge이고 482화 실제 행동은 다음 Arc가 소유한다.,52bbd904efd4483aa999d2062f301ec548ea2cc433bca0565c77d4f1fd418fa2,66f3e7df3123343c14a7134108dc59940511f40372493a549cba8ae709df4b45
76,DCA-N42,482,488,DCA-N42,SPLIT,청나라채권 지시·유전코인 회수와 엔비디아 현재지분,청나라채권 지시·유전코인 회수와 엔비디아 현재지분의 약속을 엔비디아 3% 교환·태우증권 8%+·핀테크 포함 약 10%가 현재 지급이고 25/40/50%는 협상·목표다.까지 실제 장면으로 결산하는가?,L85581~L85598,L85581~L85598; predecessor=481화 L84192~L84351: 단순 인수가 공급망 전반의 옵션·담보·연료 확보로 확장된다.; next=482화 L84352~L84522: 5% 금리·600만 파운드 청나라 채권을 경매·골동품상·미영 재단에서 6개월 안 최소 절반 매집하라고 지시한다.,481화 L84192~L84351: 단순 인수가 공급망 전반의 옵션·담보·연료 확보로 확장된다.,482화 L84352~L84522: 5% 금리·600만 파운드 청나라 채권을 경매·골동품상·미영 재단에서 6개월 안 최소 절반 매집하라고 지시한다.,"488화의 지급 ‘엔비디아 3% 교환·태우증권 8%+·핀테크 포함 약 10%가 현재 지급이고 25/40/50%는 협상·목표다.’은 DCA-N42 소유다. 끝 훅 ‘미중 무역분쟁은 김민재가 20년 동안 기다린 마지막 초대형 기회이고, 반드시 잡아야 한다.’은 bridge이고 489화 실제 행동은 다음 Arc가 소유한다.",52bbd904efd4483aa999d2062f301ec548ea2cc433bca0565c77d4f1fd418fa2,66f3e7df3123343c14a7134108dc59940511f40372493a549cba8ae709df4b45
77,DCA-N42B,489,495,DCA-N42,SPLIT,미중 무역전쟁과 중국 5년 금융권한 말합의,미중 무역전쟁과 중국 5년 금융권한 말합의의 약속을 중국 내 5년 금융활동 권한과 5년 뒤 채권양도는 정치적 말합의이고 세부계약·실행은 미지급이다.까지 실제 장면으로 결산하는가?,L85581~L85598,L85581~L85598; predecessor=488화 L85415~L85589: 엔비디아 3% 교환·태우증권 8%+·핀테크 포함 약 10%가 현재 지급이고 25/40/50%는 협상·목표다.; next=489화 L85590~L85766: 트럼프의 호출에 응해 중국 보유채권 20% 이상 매각 가능성을 계산하고 공매도 수익으로 채권을 사겠다고 제안한다.,488화 L85415~L85589: 엔비디아 3% 교환·태우증권 8%+·핀테크 포함 약 10%가 현재 지급이고 25/40/50%는 협상·목표다.,489화 L85590~L85766: 트럼프의 호출에 응해 중국 보유채권 20% 이상 매각 가능성을 계산하고 공매도 수익으로 채권을 사겠다고 제안한다.,495화의 지급 ‘중국 내 5년 금융활동 권한과 5년 뒤 채권양도는 정치적 말합의이고 세부계약·실행은 미지급이다.’은 DCA-N42B 소유다. 끝 훅 ‘데이비드가 니콜라가 조작을 넘어선 사기라고 보고한다.’은 bridge이고 496화 실제 행동은 다음 Arc가 소유한다.,52bbd904efd4483aa999d2062f301ec548ea2cc433bca0565c77d4f1fd418fa2,66f3e7df3123343c14a7134108dc59940511f40372493a549cba8ae709df4b45
78,DCA-N43,496,505,DCA-N43,SPLIT,니콜라·희토류·HBM과 팬데믹 공급망 사전방벽,니콜라·희토류·HBM과 팬데믹 공급망 사전방벽의 약속을 다이먼·데이비드에게 비테라 인수를 맡기고 머스크에게 농업위성 구축 약속을 받는다.까지 실제 장면으로 결산하는가?,L87660~L87677;L88506~L88523,L87660~L87677;L88506~L88523; predecessor=495화 L86652~L86827: 중국 내 5년 금융활동 권한과 5년 뒤 채권양도는 정치적 말합의이고 세부계약·실행은 미지급이다.; next=496화 L86828~L87002: 후계자 김정권에게 영상의 각도를 돌려 사기방식을 보여 주고 2주 안에 지분을 팔며 새만금 공장·인력을 배치하라는 조건을 건다.,495화 L86652~L86827: 중국 내 5년 금융활동 권한과 5년 뒤 채권양도는 정치적 말합의이고 세부계약·실행은 미지급이다.,496화 L86828~L87002: 후계자 김정권에게 영상의 각도를 돌려 사기방식을 보여 주고 2주 안에 지분을 팔며 새만금 공장·인력을 배치하라는 조건을 건다.,505화의 지급 ‘다이먼·데이비드에게 비테라 인수를 맡기고 머스크에게 농업위성 구축 약속을 받는다.’은 DCA-N43 소유다. 끝 훅 ‘식량 대란이 오기 전에 비테라 계약과 위성망을 실제로 완성할 시간이 흐르기 시작한다.’은 bridge이고 506화 실제 행동은 다음 Arc가 소유한다.,52bbd904efd4483aa999d2062f301ec548ea2cc433bca0565c77d4f1fd418fa2,66f3e7df3123343c14a7134108dc59940511f40372493a549cba8ae709df4b45
79,DCA-N43B,506,510,DCA-N43,SPLIT,기술유출 증거·보호법과 중국 블랙리스트,기술유출 증거·보호법과 중국 블랙리스트의 약속을 리강의 철회 압박을 증거로 물리치고 미국·일본·EU 취업까지 막는 블랙리스트 추진에 들어간다.까지 실제 장면으로 결산하는가?,L88506~L88523;L89355~L89372,L88506~L88523;L89355~L89372; predecessor=505화 L88347~L88514: 다이먼·데이비드에게 비테라 인수를 맡기고 머스크에게 농업위성 구축 약속을 받는다.; next=506화 L88515~L88679: 천민정의 디스플레이 기술유출 증거와 관련자 명단을 이영한에게 넘긴다.,505화 L88347~L88514: 다이먼·데이비드에게 비테라 인수를 맡기고 머스크에게 농업위성 구축 약속을 받는다.,506화 L88515~L88679: 천민정의 디스플레이 기술유출 증거와 관련자 명단을 이영한에게 넘긴다.,510화의 지급 ‘리강의 철회 압박을 증거로 물리치고 미국·일본·EU 취업까지 막는 블랙리스트 추진에 들어간다.’은 DCA-N43B 소유다. 끝 훅 ‘김민재의 미국행 목적이 비테라 인수와 곡물 메이저 ABC 협상으로 구체화된다.’은 bridge이고 511화 실제 행동은 다음 Arc가 소유한다.,52bbd904efd4483aa999d2062f301ec548ea2cc433bca0565c77d4f1fd418fa2,66f3e7df3123343c14a7134108dc59940511f40372493a549cba8ae709df4b45
80,DCA-N43C,511,512,DCA-N43,SPLIT,곡물 카르텔 1000억 달러와 비테라 인수,"곡물 카르텔 1000억 달러와 비테라 인수의 약속을 비테라 인수와 태우 곡물회사 전환, 세계 농업 인프라 임차 조건이 확정된다.까지 실제 장면으로 결산하는가?",L89355~L89372;L89688~L89705,L89355~L89372;L89688~L89705; predecessor=510화 L89194~L89363: 리강의 철회 압박을 증거로 물리치고 미국·일본·EU 취업까지 막는 블랙리스트 추진에 들어간다.; next=511화 L89364~L89522: 카길·와이자타 앞에서 연 1천억 달러 곡물 구매와 농장 임차를 제안한다,510화 L89194~L89363: 리강의 철회 압박을 증거로 물리치고 미국·일본·EU 취업까지 막는 블랙리스트 추진에 들어간다.,511화 L89364~L89522: 카길·와이자타 앞에서 연 1천억 달러 곡물 구매와 농장 임차를 제안한다,"512화의 지급 ‘비테라 인수와 태우 곡물회사 전환, 세계 농업 인프라 임차 조건이 확정된다.’은 DCA-N43C 소유다. 끝 훅 ‘태우반도체를 대체 불가능한 공급자로 만들 해외 팹·첨단칩 투자가 다음 과제로 열린다.’은 bridge이고 513화 실제 행동은 다음 Arc가 소유한다.",52bbd904efd4483aa999d2062f301ec548ea2cc433bca0565c77d4f1fd418fa2,66f3e7df3123343c14a7134108dc59940511f40372493a549cba8ae709df4b45
81,DCA-N43D,513,516,DCA-N43,SPLIT,인도·베트남 구형팹·ASML·곡물과 28GHz,인도·베트남 구형팹·ASML·곡물과 28GHz의 약속을 ASML 5년 계약 10조 원+·중국행 구형장비 일부·베트남/인도 협상 회고·28GHz/스타링크 지시가 지급되며 단지·곡물/농지 계약은 진행형이다.까지 실제 장면으로 결산하는가?,L89688~L89705,"L89688~L89705; predecessor=512화 L89523~L89696: 비테라 인수와 태우 곡물회사 전환, 세계 농업 인프라 임차 조건이 확정된다.; next=513화 L89697~L89854: 인도·베트남을 중국 구형반도체 시장 50% 대체기지로 잡고 구형 노광장비 선점·2년 제재·악성재고 책임을 설계한다.","512화 L89523~L89696: 비테라 인수와 태우 곡물회사 전환, 세계 농업 인프라 임차 조건이 확정된다.",513화 L89697~L89854: 인도·베트남을 중국 구형반도체 시장 50% 대체기지로 잡고 구형 노광장비 선점·2년 제재·악성재고 책임을 설계한다.,516화의 지급 ‘ASML 5년 계약 10조 원+·중국행 구형장비 일부·베트남/인도 협상 회고·28GHz/스타링크 지시가 지급되며 단지·곡물/농지 계약은 진행형이다.’은 DCA-N43D 소유다. 끝 훅 ‘손실을 감수한 28GHz 전국망과 스타링크 협업으로 통신·자율주행 기반을 실제 구축할 수 있는가?’은 bridge이고 517화 실제 행동은 다음 Arc가 소유한다.,52bbd904efd4483aa999d2062f301ec548ea2cc433bca0565c77d4f1fd418fa2,66f3e7df3123343c14a7134108dc59940511f40372493a549cba8ae709df4b45
82,DCA-N44,517,540,DCA-N44,KEEP,일본 소재·금융전을 12나인과 오염수로 역전,일본 소재·금융전을 12나인과 오염수로 역전의 약속을 대화그룹의 소재 국산화 공로가 인정되고 HBM·양자·AI 무제한 투자방침이 확정된다.까지 실제 장면으로 결산하는가?,L91033~L91050;L92752~L92769;L93611~L93628,"L91033~L91050;L92752~L92769;L93611~L93628; predecessor=516화 L90197~L90378: ASML 5년 계약 10조 원+·중국행 구형장비 일부·베트남/인도 협상 회고·28GHz/스타링크 지시가 지급되며 단지·곡물/농지 계약은 진행형이다.; next=517화 L90379~L90540: 일본 초계기 갈등을 계기로 일본 소재를 2~10배 비축하고 관련주 공매도를 준비한 뒤, 내부정보를 구하러 명동으로 향한다.",516화 L90197~L90378: ASML 5년 계약 10조 원+·중국행 구형장비 일부·베트남/인도 협상 회고·28GHz/스타링크 지시가 지급되며 단지·곡물/농지 계약은 진행형이다.,"517화 L90379~L90540: 일본 초계기 갈등을 계기로 일본 소재를 2~10배 비축하고 관련주 공매도를 준비한 뒤, 내부정보를 구하러 명동으로 향한다.",540화의 지급 ‘대화그룹의 소재 국산화 공로가 인정되고 HBM·양자·AI 무제한 투자방침이 확정된다.’은 DCA-N44 소유다. 끝 훅 ‘예상한 팬데믹 수익을 실제로 확보해 HBM·양자·AI 무제한 투자의 위험과 시간을 감당할 수 있는가?’은 bridge이고 541화 실제 행동은 다음 Arc가 소유한다.,52bbd904efd4483aa999d2062f301ec548ea2cc433bca0565c77d4f1fd418fa2,66f3e7df3123343c14a7134108dc59940511f40372493a549cba8ae709df4b45
83,DCA-N45,541,555,DCA-N45,SPLIT,우한 조기경보·진단키트와 다이아 프린스 구조,우한 조기경보·진단키트와 다이아 프린스 구조의 약속을 약 300명이 안전하게 한국에 도착하고 최재석 정부·태우병원의 국제이미지가 상승한다.까지 실제 장면으로 결산하는가?,L97139~L97156,L97139~L97156; predecessor=540화 L94314~L94486: 대화그룹의 소재 국산화 공로가 인정되고 HBM·양자·AI 무제한 투자방침이 확정된다.; next=541화 L94487~L94679: 태우병원 이동수 의료진이 우한에서 신종 코로나를 탐지하고 센트리언이 검사키트·백신·치료제 연구에 착수한다.,540화 L94314~L94486: 대화그룹의 소재 국산화 공로가 인정되고 HBM·양자·AI 무제한 투자방침이 확정된다.,541화 L94487~L94679: 태우병원 이동수 의료진이 우한에서 신종 코로나를 탐지하고 센트리언이 검사키트·백신·치료제 연구에 착수한다.,555화의 지급 ‘약 300명이 안전하게 한국에 도착하고 최재석 정부·태우병원의 국제이미지가 상승한다.’은 DCA-N45 소유다. 끝 훅 ‘구조 뒤 최재석에게 약속한 석 달 안 백신과 사회적 거리두기 준비를 실제 방역체계로 만들 수 있는가?’은 bridge이고 556화 실제 행동은 다음 Arc가 소유한다.,52bbd904efd4483aa999d2062f301ec548ea2cc433bca0565c77d4f1fd418fa2,66f3e7df3123343c14a7134108dc59940511f40372493a549cba8ae709df4b45
84,DCA-N45B,556,565,DCA-N45+DCA-N46,MERGE_SHIFT,3월 폭락·유가전쟁과 미국 대선 양면보험,3월 시장폭락·유가전쟁·백신 변수 속에서 금융수익과 미국 대선 양면보험을 함께 확보하는가?,L97139~L97156;L98031~L98063;L98926~L98946,L97139~L97156;L98031~L98063;L98926~L98946; predecessor=555화 L96945~L97147: 약 300명이 안전하게 한국에 도착하고 최재석 정부·태우병원의 국제이미지가 상승한다.; next=556화 L97148~L97327: AI가 예측한 3월 폭락에 금융타워·국민연금 포지션을 맞춘다,555화 L96945~L97147: 약 300명이 안전하게 한국에 도착하고 최재석 정부·태우병원의 국제이미지가 상승한다.,556화 L97148~L97327: AI가 예측한 3월 폭락에 금융타워·국민연금 포지션을 맞춘다,565화의 지급 ‘바이든의 조건부 의무화 약속을 받고 주 후원선이 전환되며 트럼프 관계도 보존된다.’은 DCA-N45B 소유다. 끝 훅 ‘바이든을 주 경주마로 바꾸고 트럼프선을 유지한 이중 안전망을 국내 사장단 회의와 백신정책의 실제 실행으로 연결할 수 있는가?’은 bridge이고 566화 실제 행동은 다음 Arc가 소유한다.,52bbd904efd4483aa999d2062f301ec548ea2cc433bca0565c77d4f1fd418fa2,66f3e7df3123343c14a7134108dc59940511f40372493a549cba8ae709df4b45
85,DCA-N46,566,570,DCA-N46,SHIFT,사장단 포스트코로나 재편과 일본 20조 엔·FDA 승인,사장단 회의로 코로나 이후 사업을 재편하고 일본 20조 엔·FDA 승인을 실제 계약과 허가로 받는가?,L98926~L98964,L98926~L98964; predecessor=565화 L98761~L98946: 바이든의 조건부 의무화 약속을 받고 주 후원선이 전환되며 트럼프 관계도 보존된다.; next=566화 L98947~L99104: 태우 사장단 회의에서 원전·레거시칩 증산과 태우상사의 선박 매입을 승인하고 계열사별 저점투자 방향을 정한다.,565화 L98761~L98946: 바이든의 조건부 의무화 약속을 받고 주 후원선이 전환되며 트럼프 관계도 보존된다.,566화 L98947~L99104: 태우 사장단 회의에서 원전·레거시칩 증산과 태우상사의 선박 매입을 승인하고 계열사별 저점투자 방향을 정한다.,570화의 지급 ‘일본 내각의 방역물자·G7 비반대·20조 엔 자산거래 수락과 센트리언 백신 FDA 승인을 얻는다. 자산 인수 집행은 남는다.’은 DCA-N46 소유다. 끝 훅 ‘유일한 대량생산자가 백신 가격·배송·국가별 대가를 어떻게 설계할지가 열린다.’은 bridge이고 571화 실제 행동은 다음 Arc가 소유한다.,52bbd904efd4483aa999d2062f301ec548ea2cc433bca0565c77d4f1fd418fa2,66f3e7df3123343c14a7134108dc59940511f40372493a549cba8ae709df4b45
86,DCA-N47,571,577,DCA-N47,KEEP,마이너스 유가·백신으로 중국·아프리카·EU 개방,"마이너스 유가·백신으로 중국·아프리카·EU 개방의 약속을 EU 1달러 위탁생산 계약과 유럽·아프리카 공급, 향후 정책협력 약속이 성립한다.까지 실제 장면으로 결산하는가?",L99820~L101041,L99820~L101041; predecessor=570화 L99634~L99819: 일본 내각의 방역물자·G7 비반대·20조 엔 자산거래 수락과 센트리언 백신 FDA 승인을 얻는다. 자산 인수 집행은 남는다.; next=571화 L99820~L99993: 한국·FDA 백신 승인을 발표하고 일본에도 물자를 공급한다,570화 L99634~L99819: 일본 내각의 방역물자·G7 비반대·20조 엔 자산거래 수락과 센트리언 백신 FDA 승인을 얻는다. 자산 인수 집행은 남는다.,571화 L99820~L99993: 한국·FDA 백신 승인을 발표하고 일본에도 물자를 공급한다,"577화의 지급 ‘EU 1달러 위탁생산 계약과 유럽·아프리카 공급, 향후 정책협력 약속이 성립한다.’은 DCA-N47 소유다. 끝 훅 ‘양적완화 지원금을 들고 망설이는 개인들을 주식시장으로 밀어 넣을 촉매는 무엇인가?’은 bridge이고 578화 실제 행동은 다음 Arc가 소유한다.",52bbd904efd4483aa999d2062f301ec548ea2cc433bca0565c77d4f1fd418fa2,66f3e7df3123343c14a7134108dc59940511f40372493a549cba8ae709df4b45
87,DCA-N48,578,583,DCA-N48,KEEP,베릴·게임스핀 개미군단과 헤지펀드 항복,베릴·게임스핀 개미군단과 헤지펀드 항복의 약속을 헤지펀드가 수백억 달러를 잃고 사과하며 베릴은 300만 구독자의 월가 영웅이 된다.까지 실제 장면으로 결산하는가?,L101042~L102092,"L101042~L102092; predecessor=577화 L100880~L101041: EU 1달러 위탁생산 계약과 유럽·아프리카 공급, 향후 정책협력 약속이 성립한다.; next=578화 L101042~L101213: 유가 감산 뒤 금융선을 정리하고 베릴을 개인투자자 영웅으로 키워 부양금을 증시로 끌어들일 작전을 설계한다.","577화 L100880~L101041: EU 1달러 위탁생산 계약과 유럽·아프리카 공급, 향후 정책협력 약속이 성립한다.",578화 L101042~L101213: 유가 감산 뒤 금융선을 정리하고 베릴을 개인투자자 영웅으로 키워 부양금을 증시로 끌어들일 작전을 설계한다.,583화의 지급 ‘헤지펀드가 수백억 달러를 잃고 사과하며 베릴은 300만 구독자의 월가 영웅이 된다.’은 DCA-N48 소유다. 끝 훅 ‘게임스핀 최종전으로 얻은 베릴의 세계적 금융브랜드를 다음에는 어디에 쓸 것인가?’은 bridge이고 584화 실제 행동은 다음 Arc가 소유한다.,52bbd904efd4483aa999d2062f301ec548ea2cc433bca0565c77d4f1fd418fa2,66f3e7df3123343c14a7134108dc59940511f40372493a549cba8ae709df4b45
88,DCA-N49,584,585,DCA-N49,SPLIT,중국팹 4년 유예와 인텔 NAND 75억 달러 인수,중국팹 4년 유예와 인텔 NAND 75억 달러 인수의 약속을 중국 팹 4년 유예와 인텔 NAND 75억 달러 매입합의가 성립된다.까지 실제 장면으로 결산하는가?,L102420~L102437,L102420~L102437; predecessor=583화 L101898~L102092: 헤지펀드가 수백억 달러를 잃고 사과하며 베릴은 300만 구독자의 월가 영웅이 된다.; next=584화 L102093~L102272: 미국 칩수출 제한을 인텔 NAND 인수기회로 판단하고 바이든의 중국 팹 유예와 인텔 가격협상을 위해 미국 방문을 정한다.,583화 L101898~L102092: 헤지펀드가 수백억 달러를 잃고 사과하며 베릴은 300만 구독자의 월가 영웅이 된다.,584화 L102093~L102272: 미국 칩수출 제한을 인텔 NAND 인수기회로 판단하고 바이든의 중국 팹 유예와 인텔 가격협상을 위해 미국 방문을 정한다.,585화의 지급 ‘중국 팹 4년 유예와 인텔 NAND 75억 달러 매입합의가 성립된다.’은 DCA-N49 소유다. 끝 훅 ‘75억 달러 매입합의를 실제 소유권 이전·통합으로 닫고 NAND를 어떤 성장자산으로 재배치할 것인가?’은 bridge이고 586화 실제 행동은 다음 Arc가 소유한다.,52bbd904efd4483aa999d2062f301ec548ea2cc433bca0565c77d4f1fd418fa2,66f3e7df3123343c14a7134108dc59940511f40372493a549cba8ae709df4b45
89,DCA-N49B,586,590,DCA-N49,SPLIT,T 충전표준·AI 데이터센터와 중국 구형장비,T 충전표준·AI 데이터센터와 중국 구형장비의 약속을 중국 보조금으로 산 반도체 장비의 암호화폐 매매·태우 이전이 성립된다.까지 실제 장면으로 결산하는가?,L102420~L102437,L102420~L102437; predecessor=585화 L102273~L102428: 중국 팹 4년 유예와 인텔 NAND 75억 달러 매입합의가 성립된다.; next=586화 L102429~L102578: 머스크와 T 충전표준·전기차 동맹의 기본구조를 합의하고 EU·미국·한국 완성차를 설득할 계획을 세운다.,585화 L102273~L102428: 중국 팹 4년 유예와 인텔 NAND 75억 달러 매입합의가 성립된다.,586화 L102429~L102578: 머스크와 T 충전표준·전기차 동맹의 기본구조를 합의하고 EU·미국·한국 완성차를 설득할 계획을 세운다.,590화의 지급 ‘중국 보조금으로 산 반도체 장비의 암호화폐 매매·태우 이전이 성립된다.’은 DCA-N49B 소유다. 끝 훅 ‘암호화폐 매매경로로 중국 보조금 장비를 실제 반출·설치해 해외 팹의 생산설비로 바꿀 수 있는가?’은 bridge이고 591화 실제 행동은 다음 Arc가 소유한다.,52bbd904efd4483aa999d2062f301ec548ea2cc433bca0565c77d4f1fd418fa2,66f3e7df3123343c14a7134108dc59940511f40372493a549cba8ae709df4b45
90,DCA-N50,591,595,DCA-N50,SPLIT,GDC·G7+와 최재석 재선·50조 연구투자,GDC·G7+와 최재석 재선·50조 연구투자의 약속을 태우상사 흑자와 치료제 승인을 확인하고 양자·AI 50조 원 이상 투자계획을 확정한다.까지 실제 장면으로 결산하는가?,L104098~L104115,L104098~L104115; predecessor=590화 L103093~L103264: 중국 보조금으로 산 반도체 장비의 암호화폐 매매·태우 이전이 성립된다.; next=591화 L103265~L103426: 최재석 우세와 연기된 G7을 점검하고 EU의 차량용칩 요구를 협상 카드로 삼는다,590화 L103093~L103264: 중국 보조금으로 산 반도체 장비의 암호화폐 매매·태우 이전이 성립된다.,591화 L103265~L103426: 최재석 우세와 연기된 G7을 점검하고 EU의 차량용칩 요구를 협상 카드로 삼는다,595화의 지급 ‘태우상사 흑자와 치료제 승인을 확인하고 양자·AI 50조 원 이상 투자계획을 확정한다.’은 DCA-N50 소유다. 끝 훅 ‘앞으로 1~2년 동안 50조 원 이상을 양자·AI에 실제 집행해 회귀지식 밖 기술의 성과를 만들 수 있는가?’은 bridge이고 596화 실제 행동은 다음 Arc가 소유한다.,52bbd904efd4483aa999d2062f301ec548ea2cc433bca0565c77d4f1fd418fa2,66f3e7df3123343c14a7134108dc59940511f40372493a549cba8ae709df4b45
91,DCA-N50B,596,598,DCA-N50,SPLIT,SMA 무료약 여론전과 미 제약협회 말합의,SMA 무료약 여론전과 미 제약협회 말합의의 약속을 미 제약협회 가입과 해외공장·필수약 생산권의 잠정 조건을 정한다. 정회원·생산권 최종계약은 미국 대선 때까지 미지급이다.까지 실제 장면으로 결산하는가?,L104098~L104115,L104098~L104115; predecessor=595화 L103928~L104106: 태우상사 흑자와 치료제 승인을 확인하고 양자·AI 50조 원 이상 투자계획을 확정한다.; next=596화 L104107~L104260: 미 제약로비의 특허강탈 위협에 SMA 치료제 무료 공급으로 여론전을 건다,595화 L103928~L104106: 태우상사 흑자와 치료제 승인을 확인하고 양자·AI 50조 원 이상 투자계획을 확정한다.,596화 L104107~L104260: 미 제약로비의 특허강탈 위협에 SMA 치료제 무료 공급으로 여론전을 건다,598화의 지급 ‘미 제약협회 가입과 해외공장·필수약 생산권의 잠정 조건을 정한다. 정회원·생산권 최종계약은 미국 대선 때까지 미지급이다.’은 DCA-N50B 소유다. 끝 훅 ‘미국 대선 국면에서 잠정조건을 최종 계약으로 닫고 승자와 패자를 모두 관리할 수 있는가?’은 bridge이고 599화 실제 행동은 다음 Arc가 소유한다.,52bbd904efd4483aa999d2062f301ec548ea2cc433bca0565c77d4f1fd418fa2,66f3e7df3123343c14a7134108dc59940511f40372493a549cba8ae709df4b45
92,DCA-N51,599,600,DCA-N51,SPLIT,미국 정권이양과 가이아나 방위 제안,미국 정권이양과 가이아나 방위 제안의 약속을 바이든에게 태우사업 보호·가이아나 100억 달러 대출과 한국산 무기 제안이 공식 전달된다.까지 실제 장면으로 결산하는가?,L104934~L104951,L104934~L104951; predecessor=598화 L104423~L104592: 미 제약협회 가입과 해외공장·필수약 생산권의 잠정 조건을 정한다. 정회원·생산권 최종계약은 미국 대선 때까지 미지급이다.; next=599화 L104593~L104768: 바이든의 58대42 승리를 확인하고 트럼프의 분열·폭주를 달랜다,598화 L104423~L104592: 미 제약협회 가입과 해외공장·필수약 생산권의 잠정 조건을 정한다. 정회원·생산권 최종계약은 미국 대선 때까지 미지급이다.,599화 L104593~L104768: 바이든의 58대42 승리를 확인하고 트럼프의 분열·폭주를 달랜다,600화의 지급 ‘바이든에게 태우사업 보호·가이아나 100억 달러 대출과 한국산 무기 제안이 공식 전달된다.’은 DCA-N51 소유다. 끝 훅 ‘바이든에게 제시한 가이아나 방산·100억 달러 금융·태우사업 보호안을 실제 합의로 바꾸고 러우전쟁 정보망을 미리 세울 수 있는가?’은 bridge이고 601화 실제 행동은 다음 Arc가 소유한다.,52bbd904efd4483aa999d2062f301ec548ea2cc433bca0565c77d4f1fd418fa2,66f3e7df3123343c14a7134108dc59940511f40372493a549cba8ae709df4b45
93,DCA-N51B,601,603,DCA-N51,SPLIT,AI·극저온 식각·SMR과 메타버스 40% 매각구조,AI·극저온 식각·SMR과 메타버스 40% 매각구조의 약속을 메타버스 지분 40퍼센트 매각구조와 태우 통제권 유지조건을 정한다. 매매계약·대금 유입은 아직 전이다.까지 실제 장면으로 결산하는가?,L104934~L104951;L105439~L105456,L104934~L104951;L105439~L105456; predecessor=600화 L104769~L104942: 바이든에게 태우사업 보호·가이아나 100억 달러 대출과 한국산 무기 제안이 공식 전달된다.; next=601화 L104943~L105101: 천민정의 AI·장비 성과를 확인하고 SMR을 밀며 차량용칩 위기 뒤를 준비한다,600화 L104769~L104942: 바이든에게 태우사업 보호·가이아나 100억 달러 대출과 한국산 무기 제안이 공식 전달된다.,601화 L104943~L105101: 천민정의 AI·장비 성과를 확인하고 SMR을 밀며 차량용칩 위기 뒤를 준비한다,603화의 지급 ‘메타버스 지분 40퍼센트 매각구조와 태우 통제권 유지조건을 정한다. 매매계약·대금 유입은 아직 전이다.’은 DCA-N51B 소유다. 끝 훅 ‘글로벌 IT기업과 지분 40퍼센트 매매·교환계약을 실제 체결하면서 태우 통제권을 지킬 수 있는가?’은 bridge이고 604화 실제 행동은 다음 Arc가 소유한다.,52bbd904efd4483aa999d2062f301ec548ea2cc433bca0565c77d4f1fd418fa2,66f3e7df3123343c14a7134108dc59940511f40372493a549cba8ae709df4b45
94,DCA-N51C,604,605,DCA-N51,SPLIT,북한 해킹방어와 몽골 석탄 증산·비축,북한 해킹방어와 몽골 석탄 증산·비축의 약속을 AI가 해킹을 차단하고 북한 권력변수 검토와 몽골 석탄 증산·비축 지시를 내린다. 실제 비축량·해외 장기계약은 아직 전이다.까지 실제 장면으로 결산하는가?,L105439~L105456;L105762~L105779,L105439~L105456;L105762~L105779; predecessor=603화 L105273~L105447: 메타버스 지분 40퍼센트 매각구조와 태우 통제권 유지조건을 정한다. 매매계약·대금 유입은 아직 전이다.; next=604화 L105448~L105609: 암호화폐 거품 단속을 준비하던 중 북한의 센트리언 핵심표적 해킹을 포착한다,603화 L105273~L105447: 메타버스 지분 40퍼센트 매각구조와 태우 통제권 유지조건을 정한다. 매매계약·대금 유입은 아직 전이다.,604화 L105448~L105609: 암호화폐 거품 단속을 준비하던 중 북한의 센트리언 핵심표적 해킹을 포착한다,605화의 지급 ‘AI가 해킹을 차단하고 북한 권력변수 검토와 몽골 석탄 증산·비축 지시를 내린다. 실제 비축량·해외 장기계약은 아직 전이다.’은 DCA-N51C 소유다. 끝 훅 ‘몽골 석탄 증산·비축을 실제 물량으로 만들고 QUAD 압박 속 중국 전력난에 어떻게 활용할 것인가?’은 bridge이고 606화 실제 행동은 다음 Arc가 소유한다.,52bbd904efd4483aa999d2062f301ec548ea2cc433bca0565c77d4f1fd418fa2,66f3e7df3123343c14a7134108dc59940511f40372493a549cba8ae709df4b45
95,DCA-N51D,606,608,DCA-N51,SPLIT,호주 석탄과 가이아나 방산·유전 순방,"호주 석탄과 가이아나 방산·유전 순방의 약속을 IIT·한국대학 교육, 유전지분·방산·금융 조건의 국가합의가 성립된다.까지 실제 장면으로 결산하는가?",L105762~L105779;L106253~L106270,L105762~L105779;L106253~L106270; predecessor=605화 L105610~L105770: AI가 해킹을 차단하고 북한 권력변수 검토와 몽골 석탄 증산·비축 지시를 내린다. 실제 비축량·해외 장기계약은 아직 전이다.; next=606화 L105771~L105925: 최재석과 동해 고갈가스전을 LNG 저장고로 전환하고 호주·가이아나 순방을 정한다,605화 L105610~L105770: AI가 해킹을 차단하고 북한 권력변수 검토와 몽골 석탄 증산·비축 지시를 내린다. 실제 비축량·해외 장기계약은 아직 전이다.,606화 L105771~L105925: 최재석과 동해 고갈가스전을 LNG 저장고로 전환하고 호주·가이아나 순방을 정한다,"608화의 지급 ‘IIT·한국대학 교육, 유전지분·방산·금융 조건의 국가합의가 성립된다.’은 DCA-N51D 소유다. 끝 훅 ‘새해 베트남에서 더 큰 에너지 모험을 김태중과 상의해야 할 위험이 남는다.’은 bridge이고 609화 실제 행동은 다음 Arc가 소유한다.",52bbd904efd4483aa999d2062f301ec548ea2cc433bca0565c77d4f1fd418fa2,66f3e7df3123343c14a7134108dc59940511f40372493a549cba8ae709df4b45
96,DCA-N51E,609,610,DCA-N51,SPLIT,사이공은행 40조 불법대출·10조 비자금 공개,"사이공은행 40조 불법대출·10조 비자금 공개의 약속을 가이아나 30억 달러 군수계약과 스테이블코인 공개공격 계획, 사이공은행 40조 원 불법대출·10조 원 비자금 보고서, 베트남 정부의 주동자 수습 결정과 김태중의 총리 통로를 얻는다. 현금창고 압수·계좌동결·구속·정유회사 인수는 아직 전이다.까지 실제 장면으로 결산하는가?",L106253~L106270,"L106253~L106270; predecessor=608화 L106111~L106261: IIT·한국대학 교육, 유전지분·방산·금융 조건의 국가합의가 성립된다.; next=609화 L106262~L106419: 김태중과 베트남 사이공은행 미아인의 불법대출·차명망을 의심하고 일주일 안에 정보를 모아 공개할 조사계획을 세운다.","608화 L106111~L106261: IIT·한국대학 교육, 유전지분·방산·금융 조건의 국가합의가 성립된다.",609화 L106262~L106419: 김태중과 베트남 사이공은행 미아인의 불법대출·차명망을 의심하고 일주일 안에 정보를 모아 공개할 조사계획을 세운다.,"610화의 지급 ‘가이아나 30억 달러 군수계약과 스테이블코인 공개공격 계획, 사이공은행 40조 원 불법대출·10조 원 비자금 보고서, 베트남 정부의 주동자 수습 결정과 김태중의 총리 통로를 얻는다. 현금창고 압수·계좌동결·구속·정유회사 인수는 아직 전이다.’은 DCA-N51E 소유다. 끝 훅 ‘베트남 정부가 이번 주 안에 주동자 처리를 실제 집행하고, 김태중이 얻은 현지 고위층 통로를 어떤 다음 역할로 바꿀 것인가?’은 bridge이고 611화 실제 행동은 다음 Arc가 소유한다.",52bbd904efd4483aa999d2062f301ec548ea2cc433bca0565c77d4f1fd418fa2,66f3e7df3123343c14a7134108dc59940511f40372493a549cba8ae709df4b45
97,DCA-N52,611,614,DCA-N52,KEEP,김태중의 축구협회장 17표 역전,김태중의 축구협회장 17표 역전의 약속을 김태중이 17표로 축구협회장에 당선되고 메타버스 지분대가로 마이크로소프트 주식을 받는다.까지 실제 장면으로 결산하는가?,L106591~L107325,"L106591~L107325; predecessor=610화 L106420~L106590: 가이아나 30억 달러 군수계약과 스테이블코인 공개공격 계획, 사이공은행 40조 원 불법대출·10조 원 비자금 보고서, 베트남 정부의 주동자 수습 결정과 김태중의 총리 통로를 얻는다. 현금창고 압수·계좌동결·구속·정유회사 인수는 아직 전이다.; next=611화 L106591~L106781: 즈엉 미아인의 구속과 정유회사 인수 보고를 확인한 뒤, 귀국한 김태중과 부산 축구장에서 경기를 본다","610화 L106420~L106590: 가이아나 30억 달러 군수계약과 스테이블코인 공개공격 계획, 사이공은행 40조 원 불법대출·10조 원 비자금 보고서, 베트남 정부의 주동자 수습 결정과 김태중의 총리 통로를 얻는다. 현금창고 압수·계좌동결·구속·정유회사 인수는 아직 전이다.","611화 L106591~L106781: 즈엉 미아인의 구속과 정유회사 인수 보고를 확인한 뒤, 귀국한 김태중과 부산 축구장에서 경기를 본다","614화의 지급 ‘김태중이 17표로 축구협회장에 당선되고 메타버스 지분대가로 마이크로소프트 주식을 받는다.’은 DCA-N52 소유다. 끝 훅 ‘델타 변이와 중국 백신실패, 바이든 방한에서 반도체 예외권을 얻는 새 판이 열린다.’은 bridge이고 615화 실제 행동은 다음 Arc가 소유한다.",52bbd904efd4483aa999d2062f301ec548ea2cc433bca0565c77d4f1fd418fa2,66f3e7df3123343c14a7134108dc59940511f40372493a549cba8ae709df4b45
98,DCA-N53,615,618,DCA-N53,SPLIT,바이든 방한·일본 차량칩과 중국 변이백신 양보,바이든 방한·일본 차량칩과 중국 변이백신 양보의 약속을 센트리언의 중국 동부시장 권리와 합작유지가 확정되고 100조 원 이상 공매도가 실행된다.까지 실제 장면으로 결산하는가?,L108001~L108018,L108001~L108018; predecessor=614화 L107162~L107325: 김태중이 17표로 축구협회장에 당선되고 메타버스 지분대가로 마이크로소프트 주식을 받는다.; next=615화 L107326~L107501: 바이든 방한 때 미국 반도체공장을 양보하고 중국 팹 자유·국채 협력을 얻는다,614화 L107162~L107325: 김태중이 17표로 축구협회장에 당선되고 메타버스 지분대가로 마이크로소프트 주식을 받는다.,615화 L107326~L107501: 바이든 방한 때 미국 반도체공장을 양보하고 중국 팹 자유·국채 협력을 얻는다,618화의 지급 ‘센트리언의 중국 동부시장 권리와 합작유지가 확정되고 100조 원 이상 공매도가 실행된다.’은 DCA-N53 소유다. 끝 훅 ‘센트리언의 중국 동부시장 권리와 100조 원대 부동산 숏을 실제 이익으로 결산할 수 있는가?’은 bridge이고 619화 실제 행동은 다음 Arc가 소유한다.,52bbd904efd4483aa999d2062f301ec548ea2cc433bca0565c77d4f1fd418fa2,66f3e7df3123343c14a7134108dc59940511f40372493a549cba8ae709df4b45
99,DCA-N53B,619,620,DCA-N53,SPLIT,수에즈 조기 재개통과 우선통항·확장공사,수에즈 조기 재개통과 우선통항·확장공사의 약속을 수에즈 통항우선권·확장공사 약속이 확정되고 로나 취약성 공개·공매도가 시작된다.까지 실제 장면으로 결산하는가?,L108001~L108018,L108001~L108018; predecessor=618화 L107842~L108009: 센트리언의 중국 동부시장 권리와 합작유지가 확정되고 100조 원 이상 공매도가 실행된다.; next=619화 L108010~L108186: 수에즈 좌초 소식을 받자 태우 선박을 우회시키고 중장비·예인선을 투입해 자비로 운하 구조작업을 시작한다.,618화 L107842~L108009: 센트리언의 중국 동부시장 권리와 합작유지가 확정되고 100조 원 이상 공매도가 실행된다.,619화 L108010~L108186: 수에즈 좌초 소식을 받자 태우 선박을 우회시키고 중장비·예인선을 투입해 자비로 운하 구조작업을 시작한다.,"620화의 지급 ‘수에즈 통항우선권·확장공사 약속이 확정되고 로나 취약성 공개·공매도가 시작된다.’은 DCA-N53B 소유다. 끝 훅 ‘수에즈 보상을 확보한 뒤 막 시작한 로나 구조 공개·공매도가 언제 어떤 규모로 결산되고, 세계 폭우가 실물 공급망을 얼마나 끊을 것인가?’은 bridge이고 621화 실제 행동은 다음 Arc가 소유한다.",52bbd904efd4483aa999d2062f301ec548ea2cc433bca0565c77d4f1fd418fa2,66f3e7df3123343c14a7134108dc59940511f40372493a549cba8ae709df4b45
100,DCA-N54,621,625,DCA-N54,SPLIT,중국 석탄난·기업농과 제주 자율주행 실증,중국 석탄난·기업농과 제주 자율주행 실증의 약속을 제주 무인주행 성공과 당원 3천 명 검증자료·수사방식을 확보한다. 배신자 신원·증거는 아직 전이다.까지 실제 장면으로 결산하는가?,L109175~L109192,L109175~L109192; predecessor=620화 L108187~L108349: 수에즈 통항우선권·확장공사 약속이 확정되고 로나 취약성 공개·공매도가 시작된다.; next=621화 L108350~L108523: 중국 폭우·폭염·탄광침수로 석탄난이 오자 비축물량과 해운을 가동한다,620화 L108187~L108349: 수에즈 통항우선권·확장공사 약속이 확정되고 로나 취약성 공개·공매도가 시작된다.,621화 L108350~L108523: 중국 폭우·폭염·탄광침수로 석탄난이 오자 비축물량과 해운을 가동한다,625화의 지급 ‘제주 무인주행 성공과 당원 3천 명 검증자료·수사방식을 확보한다. 배신자 신원·증거는 아직 전이다.’은 DCA-N54 소유다. 끝 훅 ‘강 대위가 3천 명 자료에서 실제 배신자와 자금망을 특정해 증거로 넘길 수 있는가?’은 bridge이고 626화 실제 행동은 다음 Arc가 소유한다.,52bbd904efd4483aa999d2062f301ec548ea2cc433bca0565c77d4f1fd418fa2,66f3e7df3123343c14a7134108dc59940511f40372493a549cba8ae709df4b45
101,DCA-N54B,626,630,DCA-N54,SPLIT,국민경제당 배신자·연변 돈주와 북한 장남망,국민경제당 배신자·연변 돈주와 북한 장남망의 약속을 북한 불법자금 차단망이 가동되고 장남의 연변기반 상대우위가 커지며 조지가 일본전에 배치된다.까지 실제 장면으로 결산하는가?,L109175~L109192,L109175~L109192; predecessor=625화 L109021~L109183: 제주 무인주행 성공과 당원 3천 명 검증자료·수사방식을 확보한다. 배신자 신원·증거는 아직 전이다.; next=626화 L109184~L109346: 유석훈에게 배신 증거를 넘겨 국민경제당을 정리하고 북한 장남 정보는 내부처리만 지시한다,625화 L109021~L109183: 제주 무인주행 성공과 당원 3천 명 검증자료·수사방식을 확보한다. 배신자 신원·증거는 아직 전이다.,626화 L109184~L109346: 유석훈에게 배신 증거를 넘겨 국민경제당을 정리하고 북한 장남 정보는 내부처리만 지시한다,630화의 지급 ‘북한 불법자금 차단망이 가동되고 장남의 연변기반 상대우위가 커지며 조지가 일본전에 배치된다.’은 DCA-N54B 소유다. 끝 훅 ‘조지가 일본 금융전에 배치된 뒤 어떤 목표·자금·공격시점을 정해 첫 행동에 나설 것인가?’은 bridge이고 631화 실제 행동은 다음 Arc가 소유한다.,52bbd904efd4483aa999d2062f301ec548ea2cc433bca0565c77d4f1fd418fa2,66f3e7df3123343c14a7134108dc59940511f40372493a549cba8ae709df4b45
102,DCA-N55,631,633,DCA-N55,SPLIT,말리 리튬광산 탈환과 지분 5% 추가,말리 리튬광산을 PMC 압박으로 되찾고 지분 5%와 현지 안전지위를 지급받는가?,L110006~L110020;L110467~L110503,L110006~L110020;L110467~L110503; predecessor=630화 L109845~L110005: 북한 불법자금 차단망이 가동되고 장남의 연변기반 상대우위가 커지며 조지가 일본전에 배치된다.; next=631화 L110006~L110171: 리강에게 러시아의 3월 침공 정보를 확인하고 금융타워 자본 절반을 에너지에 건다,630화 L109845~L110005: 북한 불법자금 차단망이 가동되고 장남의 연변기반 상대우위가 커지며 조지가 일본전에 배치된다.,631화 L110006~L110171: 리강에게 러시아의 3월 침공 정보를 확인하고 금융타워 자본 절반을 에너지에 건다,633화의 지급 ‘말리 리튬광산이 복구되고 바그너와 제한적 연락·억지관계가 남는다.’은 DCA-N55 소유다. 끝 훅 ‘되찾은 말리 광산을 유지하면서 바그너와 거리를 두고 민간피해·제재 위험을 제한할 수 있는가?’은 bridge이고 634화 실제 행동은 다음 Arc가 소유한다.,52bbd904efd4483aa999d2062f301ec548ea2cc433bca0565c77d4f1fd418fa2,66f3e7df3123343c14a7134108dc59940511f40372493a549cba8ae709df4b45
103,DCA-N55B,634,636,DCA-N55,SPLIT,오미크론 독립외교·기업농법과 28GHz 강행,오미크론·러우전 독립외교를 기업농법과 28GHz 강행의 국내정책으로 고정하는가?,L110467~L110520;L111015~L111042,L110467~L110520;L111015~L111042; predecessor=633화 L110333~L110512: 말리 리튬광산이 복구되고 바그너와 제한적 연락·억지관계가 남는다.; next=634화 L110513~L110687: 오미크론으로 코로나 종식을 읽고 최재석에게 러시아전쟁의 굴종외교를 피하라고 한다,633화 L110333~L110512: 말리 리튬광산이 복구되고 바그너와 제한적 연락·억지관계가 남는다.,634화 L110513~L110687: 오미크론으로 코로나 종식을 읽고 최재석에게 러시아전쟁의 굴종외교를 피하라고 한다,636화의 지급 ‘기업농 정책과 28GHz 유지방침이 철회되지 않고 가격·기술 실증을 계속한다.’은 DCA-N55B 소유다. 끝 훅 ‘손실을 감수해 지킨 기업농·28GHz가 농산물 가격과 자율주행·스마트팜의 실제 장기효과를 낼 것인가?’은 bridge이고 637화 실제 행동은 다음 Arc가 소유한다.,52bbd904efd4483aa999d2062f301ec548ea2cc433bca0565c77d4f1fd418fa2,66f3e7df3123343c14a7134108dc59940511f40372493a549cba8ae709df4b45
104,DCA-N56,637,641,DCA-N56,SPLIT,리즈 인수·홀란드 계약과 베이징 외교,리즈 구단 인수와 홀란드 계약을 베이징 외교선까지 손상 없이 닫는가?,L111038~L111060;L111850~L111871,L111038~L111060;L111850~L111871; predecessor=636화 L110861~L111037: 기업농 정책과 28GHz 유지방침이 철회되지 않고 가격·기술 실증을 계속한다.; next=637화 L111038~L111207: 김태중이 손자의 과부하를 걱정하자 EPL 리즈 구단을 선물하겠다고 한다,636화 L110861~L111037: 기업농 정책과 28GHz 유지방침이 철회되지 않고 가격·기술 실증을 계속한다.,637화 L111038~L111207: 김태중이 손자의 과부하를 걱정하자 EPL 리즈 구단을 선물하겠다고 한다,"641화의 지급 ‘홀란드의 3년 유럽이적 조항을 포함한 리즈 계약과 베이징 외교선이 성립된다.’은 DCA-N56 소유다. 끝 훅 ‘홀란드 영입과 베이징 외교선을 확보한 뒤, 다가오는 러우전쟁에서 미중 사이 독자공간을 어떻게 지킬 것인가?’은 bridge이고 642화 실제 행동은 다음 Arc가 소유한다.",52bbd904efd4483aa999d2062f301ec548ea2cc433bca0565c77d4f1fd418fa2,66f3e7df3123343c14a7134108dc59940511f40372493a549cba8ae709df4b45
105,DCA-N56B,642,642,DCA-N56,SPLIT,북한 장남의 이 상무 돈·신뢰·CNC 복수,북한 장남이 이 상무의 돈·신뢰·CNC를 실제로 빼앗아 개인복수를 결산하는가?,L111850~L111890;L112045~L112067,L111850~L111890;L112045~L112067; predecessor=641화 L111698~L111871: 홀란드의 3년 유럽이적 조항을 포함한 리즈 계약과 베이징 외교선이 성립된다.; next=642화 L111872~L112067: 장남이 이 상무의 CNC를 위조수표·암호화폐 역공으로 빼앗는다,641화 L111698~L111871: 홀란드의 3년 유럽이적 조항을 포함한 리즈 계약과 베이징 외교선이 성립된다.,642화 L111872~L112067: 장남이 이 상무의 CNC를 위조수표·암호화폐 역공으로 빼앗는다,"642화의 지급 ‘이 상무의 돈·신뢰·CNC가 장남 쪽으로 넘어가 개인복수의 핵심이 닫힌다.’은 DCA-N56B 소유다. 끝 훅 ‘돈·신뢰·CNC를 잃고도 상황을 이해하지 못하는 이 상무의 잔여망이 어디까지 무너지고, 장남은 빼앗은 기반을 어떻게 쓸 것인가?’은 bridge이고 643화 실제 행동은 다음 Arc가 소유한다.",52bbd904efd4483aa999d2062f301ec548ea2cc433bca0565c77d4f1fd418fa2,66f3e7df3123343c14a7134108dc59940511f40372493a549cba8ae709df4b45
106,DCA-N57,643,645,DCA-N57,SPLIT,러시아 침공 대응과 우크라이나 군수·원전·물류 설계,러시아 침공 직후 한국의 탄약·방산·원전·물류를 우크라이나 지원선으로 설계하는가?,L112068~L112090;L112562~L112578,L112068~L112090;L112562~L112578; predecessor=642화 L111872~L112067: 이 상무의 돈·신뢰·CNC가 장남 쪽으로 넘어가 개인복수의 핵심이 닫힌다.; next=643화 L112068~L112240: 장남의 복수가 끝난 날 러시아가 우크라이나를 침공한다,642화 L111872~L112067: 이 상무의 돈·신뢰·CNC가 장남 쪽으로 넘어가 개인복수의 핵심이 닫힌다.,643화 L112068~L112240: 장남의 복수가 끝난 날 러시아가 우크라이나를 침공한다,645화의 지급 ‘유럽 방산·원전·물류·식량 패키지와 미국 보충판매 구조가 완성된다.’은 DCA-N57 소유다. 끝 훅 ‘설계한 미국 보충판매·유럽 방산·원전·물류·식량 패키지를 실제 승인과 장기계약으로 바꿀 수 있는가?’은 bridge이고 646화 실제 행동은 다음 Arc가 소유한다.,52bbd904efd4483aa999d2062f301ec548ea2cc433bca0565c77d4f1fd418fa2,66f3e7df3123343c14a7134108dc59940511f40372493a549cba8ae709df4b45
107,DCA-N57B,646,648,DCA-N57,SPLIT,니켈 마진콜 200억 보증과 광산·가격 안정,시안 니켈 마진콜을 200억 달러 보증·광산 양도·가격 안정으로 수습하는가?,L112562~L112595;L112918~L113086,L112562~L112595;L112918~L113086; predecessor=645화 L112415~L112578: 유럽 방산·원전·물류·식량 패키지와 미국 보충판매 구조가 완성된다.; next=646화 L112579~L112742: 니켈 공매도 마진콜에 몰린 창산 시안을 만나 구제조건을 묻고 현금 대신 인도네시아 니켈광산을 요구한다.,645화 L112415~L112578: 유럽 방산·원전·물류·식량 패키지와 미국 보충판매 구조가 완성된다.,646화 L112579~L112742: 니켈 공매도 마진콜에 몰린 창산 시안을 만나 구제조건을 묻고 현금 대신 인도네시아 니켈광산을 요구한다.,648화의 지급 ‘니켈 투기세력이 손실을 보고 광산·가격안정이 굳어지며 러시아 원유가 동남아 거쳐 수익화된다.’은 DCA-N57B 소유다. 끝 훅 ‘니켈·러시아 에너지 결산 뒤 핵심광물과 제재 우회망을 제재위험 없이 장기 주도권으로 유지할 수 있는가?’은 bridge이고 649화 실제 행동은 다음 Arc가 소유한다.,52bbd904efd4483aa999d2062f301ec548ea2cc433bca0565c77d4f1fd418fa2,66f3e7df3123343c14a7134108dc59940511f40372493a549cba8ae709df4b45
108,DCA-N58,649,654,DCA-N58,SPLIT,SVB 1달러 인수와 모든 지분·경영권 이전,"SVB 1달러 인수와 모든 지분·경영권 이전의 약속을 SVB 모든 지분·경영권 이전, 뱅크런 없음, 예치금·주가 상승과 새 주인 1면 보도가 지급된다.까지 실제 장면으로 결산하는가?",L113869~L113890;L114020~L114037,L113869~L113890;L114020~L114037; predecessor=648화 L112918~L113086: 니켈 투기세력이 손실을 보고 광산·가격안정이 굳어지며 러시아 원유가 동남아 거쳐 수익화된다.; next=649화 L113087~L113249: 폴란드·루마니아 방산·원전 협상을 넓히던 중 SVB의 200억 달러 채권매각을 포착한다,648화 L112918~L113086: 니켈 투기세력이 손실을 보고 광산·가격안정이 굳어지며 러시아 원유가 동남아 거쳐 수익화된다.,649화 L113087~L113249: 폴란드·루마니아 방산·원전 협상을 넓히던 중 SVB의 200억 달러 채권매각을 포착한다,"654화의 지급 ‘SVB 모든 지분·경영권 이전, 뱅크런 없음, 예치금·주가 상승과 새 주인 1면 보도가 지급된다.’은 DCA-N58 소유다. 끝 훅 ‘직거래·전자상거래 유통개혁안을 법·물류·조력기업의 실제 실행체계로 만들 수 있는가?’은 bridge이고 655화 실제 행동은 다음 Arc가 소유한다.",52bbd904efd4483aa999d2062f301ec548ea2cc433bca0565c77d4f1fd418fa2,66f3e7df3123343c14a7134108dc59940511f40372493a549cba8ae709df4b45
109,DCA-N58B,655,661,DCA-N58+DCA-N59,MERGE_SHIFT,명동 이 상무 처분·엔캐리와 로나 99% 폭락,엔캐리·유럽은행 협상을 거쳐 로나 99% 폭락과 최소 300억 달러 수익까지 지급받는가?,L113869~L114037;L114939~L115074,"L113869~L114037;L114939~L115074; predecessor=654화 L113858~L114028: SVB 모든 지분·경영권 이전, 뱅크런 없음, 예치금·주가 상승과 새 주인 1면 보도가 지급된다.; next=655화 L114029~L114192: 중국에 잡힌 이 상무의 결말을 확인하고 조지의 엔캐리 작전을 승인한다","654화 L113858~L114028: SVB 모든 지분·경영권 이전, 뱅크런 없음, 예치금·주가 상승과 새 주인 1면 보도가 지급된다.",655화 L114029~L114192: 중국에 잡힌 이 상무의 결말을 확인하고 조지의 엔캐리 작전을 승인한다,661화 로나 99% 폭락·최소 300억 달러 수익은 이 Arc climax다. 661 말미 식량 요청은 bridge이며 수출예외 지급은 662화 Arc가 소유한다.,52bbd904efd4483aa999d2062f301ec548ea2cc433bca0565c77d4f1fd418fa2,66f3e7df3123343c14a7134108dc59940511f40372493a549cba8ae709df4b45
110,DCA-N59,662,662,DCA-N59,SPLIT,김태중의 베트남 식량 수출예외,김태중이 베트남 현장에서 동남아 식량 수출예외와 가격안정을 받아 오는가?,L115074~L115090;L115170~L115328,L115074~L115090;L115170~L115328; predecessor=661화 L115000~L115169: 로나 99% 폭락·85달러→0.003달러·최소 300억 달러 수익과 베릴 복권이 지급된다.; next=662화 L115170~L115328: 김태중이 베트남·동남아 농산물·팜유 수출예외를 확보한다,661화 L115000~L115169: 로나 99% 폭락·85달러→0.003달러·최소 300억 달러 수익과 베릴 복권이 지급된다.,662화 L115170~L115328: 김태중이 베트남·동남아 농산물·팜유 수출예외를 확보한다,662화의 지급 ‘베트남 현장에서 동남아 식량 수출예외와 가격안정을 받는다.’은 DCA-N59 소유다. 끝 훅 ‘김태중이 확보한 동남아 수출예외를 국내 유통·물가안정의 실제 지속성과로 만들 수 있는가?’은 bridge이고 663화 실제 행동은 다음 Arc가 소유한다.,52bbd904efd4483aa999d2062f301ec548ea2cc433bca0565c77d4f1fd418fa2,66f3e7df3123343c14a7134108dc59940511f40372493a549cba8ae709df4b45
111,DCA-N59B,663,664,DCA-N59,SPLIT,로봇물류·일본지분과 10만 석 경기장 흥행,로봇물류·일본지분·10만 석 경기장을 유통·스포츠 흥행 기반으로 묶는가?,L115305~L115329;L115466~L115640,L115305~L115329;L115466~L115640; predecessor=662화 L115170~L115328: 베트남 현장에서 동남아 식량 수출예외와 가격안정을 받는다.; next=663화 L115329~L115484: 로봇 물류와 일본 3대 상사 지분 50퍼센트를 활용하고 엔캐리 500억 달러 이익을 전망한다,662화 L115170~L115328: 베트남 현장에서 동남아 식량 수출예외와 가격안정을 받는다.,663화 L115329~L115484: 로봇 물류와 일본 3대 상사 지분 50퍼센트를 활용하고 엔캐리 500억 달러 이익을 전망한다,664화의 지급 ‘태우엔터·MCA 협업과 테일러 스위프트 공연으로 대형시설의 흥행·수익성이 입증된다.’은 DCA-N59B 소유다. 끝 훅 ‘10만 석 경기장과 해외 스포츠 흥행을 반복 가능한 수익·국가브랜드로 굳힐 수 있는가?’은 bridge이고 665화 실제 행동은 다음 Arc가 소유한다.,52bbd904efd4483aa999d2062f301ec548ea2cc433bca0565c77d4f1fd418fa2,66f3e7df3123343c14a7134108dc59940511f40372493a549cba8ae709df4b45
112,DCA-N59C,665,668,DCA-N59,SPLIT,바이든·곡물메이저·사우디 증산 협상,바이든·곡물메이저·사우디를 상대로 식량과 증산 거래를 실제 국가협상으로 닫는가?,L115638~L115645;L116274~L116314,L115638~L115645;L116274~L116314; predecessor=664화 L115485~L115640: 태우엔터·MCA 협업과 테일러 스위프트 공연으로 대형시설의 흥행·수익성이 입증된다.; next=665화 L115641~L115809: 빈 살만이 개막축제에 오자 미·사우디 중재 가능성을 흘리고 곡물카르텔의 미국 농업 연맹 공격을 받는다,664화 L115485~L115640: 태우엔터·MCA 협업과 테일러 스위프트 공연으로 대형시설의 흥행·수익성이 입증된다.,665화 L115641~L115809: 빈 살만이 개막축제에 오자 미·사우디 중재 가능성을 흘리고 곡물카르텔의 미국 농업 연맹 공격을 받는다,668화의 지급 ‘미·사우디 증산협상과 곡물메이저의 태우 방해포기·세무조사 수용이 성립된다.’은 DCA-N59C 소유다. 끝 훅 ‘미·사우디 증산합의와 곡물메이저의 방해포기를 실제 공급·가격 변화로 끝까지 집행시킬 수 있는가?’은 bridge이고 669화 실제 행동은 다음 Arc가 소유한다.,52bbd904efd4483aa999d2062f301ec548ea2cc433bca0565c77d4f1fd418fa2,66f3e7df3123343c14a7134108dc59940511f40372493a549cba8ae709df4b45
113,DCA-N60,669,672,DCA-N60,SPLIT,로만·프리고진 보안메타버스와 동남아 보급선,로만·프리고진 보안메타버스와 동남아 보급선의 약속을 카르텔의 트럼프선과 태우의 바이든선을 병행관리하는 미국 대선전략이 확정된다.까지 실제 장면으로 결산하는가?,L116948~L116965,L116948~L116965; predecessor=668화 L116147~L116314: 미·사우디 증산협상과 곡물메이저의 태우 방해포기·세무조사 수용이 성립된다.; next=669화 L116315~L116471: 구단 급료와 생활비까지 막힌 로만의 사정을 듣고 제재에 걸리지 않는 지원 방법을 찾아 알려 주겠다고 약속하며 친구로서 연락을 계속한다.,668화 L116147~L116314: 미·사우디 증산협상과 곡물메이저의 태우 방해포기·세무조사 수용이 성립된다.,669화 L116315~L116471: 구단 급료와 생활비까지 막힌 로만의 사정을 듣고 제재에 걸리지 않는 지원 방법을 찾아 알려 주겠다고 약속하며 친구로서 연락을 계속한다.,672화의 지급 ‘카르텔의 트럼프선과 태우의 바이든선을 병행관리하는 미국 대선전략이 확정된다.’은 DCA-N60 소유다. 끝 훅 ‘카르텔의 트럼프선과 태우의 바이든선을 병행해 어느 후보가 이겨도 곡물·원유정책을 통제할 보험을 만들 수 있는가?’은 bridge이고 673화 실제 행동은 다음 Arc가 소유한다.,52bbd904efd4483aa999d2062f301ec548ea2cc433bca0565c77d4f1fd418fa2,66f3e7df3123343c14a7134108dc59940511f40372493a549cba8ae709df4b45
114,DCA-N60B,673,675,DCA-N60,SPLIT,사우디 PIF 6000억 달러와 증산·원유숏,"사우디 PIF 6000억 달러와 증산·원유숏의 약속을 사우디 측의 네옴·통신망·해저케이블·행정IT 배정 의사와 비용분담안을 계열사에 전달하고, 하루 25만 배럴 증산 발표와 유가 하락 시작을 확인한다. 세부 합의·정식 계약·수익 실현은 아직 전이다.까지 실제 장면으로 결산하는가?",L116948~L116965,L116948~L116965; predecessor=672화 L116799~L116956: 카르텔의 트럼프선과 태우의 바이든선을 병행관리하는 미국 대선전략이 확정된다.; next=673화 L116957~L117120: 러시아의 노르트스트림 차단 뒤 사우디에서 살만 국왕의 6천억 달러 PIF 위탁 제안을 받는다,672화 L116799~L116956: 카르텔의 트럼프선과 태우의 바이든선을 병행관리하는 미국 대선전략이 확정된다.,673화 L116957~L117120: 러시아의 노르트스트림 차단 뒤 사우디에서 살만 국왕의 6천억 달러 PIF 위탁 제안을 받는다,"675화의 지급 ‘사우디 측의 네옴·통신망·해저케이블·행정IT 배정 의사와 비용분담안을 계열사에 전달하고, 하루 25만 배럴 증산 발표와 유가 하락 시작을 확인한다. 세부 합의·정식 계약·수익 실현은 아직 전이다.’은 DCA-N60B 소유다. 끝 훅 ‘사우디가 맡기기로 한 프로젝트를 이번 주 세부 합의와 정식 계약으로 닫고, 시작된 유가 하락을 실제 수익으로 바꿀 수 있는가?’은 bridge이고 676화 실제 행동은 다음 Arc가 소유한다.",52bbd904efd4483aa999d2062f301ec548ea2cc433bca0565c77d4f1fd418fa2,66f3e7df3123343c14a7134108dc59940511f40372493a549cba8ae709df4b45
115,DCA-N61,676,679,DCA-N61,SPLIT,코리아 디스카운트 개혁과 1000억 달러 AI 데이터센터,코리아 디스카운트 개혁과 1000억 달러 AI 데이터센터의 약속을 빅테크 동등지분의 1천억 달러 AI 데이터센터 합작이 성립된다.까지 실제 장면으로 결산하는가?,L118103~L118120,"L118103~L118120; predecessor=675화 L117280~L117454: 사우디 측의 네옴·통신망·해저케이블·행정IT 배정 의사와 비용분담안을 계열사에 전달하고, 하루 25만 배럴 증산 발표와 유가 하락 시작을 확인한다. 세부 합의·정식 계약·수익 실현은 아직 전이다.; next=676화 L117455~L117594: 최재석에게 태우 세계 1위·한국 경제 5위와 부산 엑스포 구상을 설명하고, 금융타워 보고서를 이번 주 전달해 경제부처가 검토하도록 요청한다.","675화 L117280~L117454: 사우디 측의 네옴·통신망·해저케이블·행정IT 배정 의사와 비용분담안을 계열사에 전달하고, 하루 25만 배럴 증산 발표와 유가 하락 시작을 확인한다. 세부 합의·정식 계약·수익 실현은 아직 전이다.","676화 L117455~L117594: 최재석에게 태우 세계 1위·한국 경제 5위와 부산 엑스포 구상을 설명하고, 금융타워 보고서를 이번 주 전달해 경제부처가 검토하도록 요청한다.",679화의 지급 ‘빅테크 동등지분의 1천억 달러 AI 데이터센터 합작이 성립된다.’은 DCA-N61 소유다. 끝 훅 ‘몇 시간 만에 모은 1천억 달러 합작을 실제 데이터센터 건설·운영과 장기 반도체·전력수요로 만들 수 있는가?’은 bridge이고 680화 실제 행동은 다음 Arc가 소유한다.,52bbd904efd4483aa999d2062f301ec548ea2cc433bca0565c77d4f1fd418fa2,66f3e7df3123343c14a7134108dc59940511f40372493a549cba8ae709df4b45
116,DCA-N61B,680,681,DCA-N61,SPLIT,고체배터리·T-9 파리모터쇼 공개,고체배터리·T-9 파리모터쇼 공개의 약속을 고체배터리·T-9 공개와 세계 완성차의 대규모 공급계약 요청이 발생한다.까지 실제 장면으로 결산하는가?,L118103~L118120,L118103~L118120; predecessor=679화 L117949~L118111: 빅테크 동등지분의 1천억 달러 AI 데이터센터 합작이 성립된다.; next=680화 L118112~L118272: AI 주문 폭증과 고체배터리 완성을 확인하고 파리 모터쇼 공개를 결정한다,679화 L117949~L118111: 빅테크 동등지분의 1천억 달러 AI 데이터센터 합작이 성립된다.,680화 L118112~L118272: AI 주문 폭증과 고체배터리 완성을 확인하고 파리 모터쇼 공개를 결정한다,681화의 지급 ‘고체배터리·T-9 공개와 세계 완성차의 대규모 공급계약 요청이 발생한다.’은 DCA-N61B 소유다. 끝 훅 ‘주가급등 속 N&K 주가조작을 어떻게 시장충격 없이 가지칠지가 열린다.’은 bridge이고 682화 실제 행동은 다음 Arc가 소유한다.,52bbd904efd4483aa999d2062f301ec548ea2cc433bca0565c77d4f1fd418fa2,66f3e7df3123343c14a7134108dc59940511f40372493a549cba8ae709df4b45
117,DCA-N62,682,684,DCA-N62,SPLIT,N&K 기술탈취 계약위반·계좌동결과 체포,N&K의 기술탈취선을 계약위반·계좌동결·체포로 시장 충격 없이 제거하는가?,L118446~L118465;L118769~L118956,L118446~L118465;L118769~L118956; predecessor=681화 L118273~L118445: 고체배터리·T-9 공개와 세계 완성차의 대규모 공급계약 요청이 발생한다.; next=682화 L118446~L118599: 태우주가 급등과 계열분리를 검토하다 N&K 주가조작을 포착한다,681화 L118273~L118445: 고체배터리·T-9 공개와 세계 완성차의 대규모 공급계약 요청이 발생한다.,682화 L118446~L118599: 태우주가 급등과 계열분리를 검토하다 N&K 주가조작을 포착한다,684화의 지급 ‘차명계좌가 동결되고 나기연·김남훈이 체포돼 시장충격 없이 N&K가 제거된다.’은 DCA-N62 소유다. 끝 훅 ‘N&K를 시장충격 없이 제거한 직후 안덕환이 외친 '대박'은 어떤 새 건설성과인가?’은 bridge이고 685화 실제 행동은 다음 Arc가 소유한다.,52bbd904efd4483aa999d2062f301ec548ea2cc433bca0565c77d4f1fd418fa2,66f3e7df3123343c14a7134108dc59940511f40372493a549cba8ae709df4b45
118,DCA-N62B,685,687,DCA-N62,SPLIT,체코 원전 우선협상과 한아약품 경영권 인수,체코 원전 coda 뒤 한아약품의 지분과 경영권을 실제로 인수하는가?,L118957~L118985;L119400~L119441,"L118957~L118985;L119400~L119441; predecessor=684화 L118769~L118956: 차명계좌가 동결되고 나기연·김남훈이 체포돼 시장충격 없이 N&K가 제거된다.; next=685화 L118957~L119112: 체코 원전 24조 원 우선협상과 현지 공장·데이터센터 계획을 확인하고, 센트리언 확장을 위해 국내 제약 M&A 대상을 찾게 한다.",684화 L118769~L118956: 차명계좌가 동결되고 나기연·김남훈이 체포돼 시장충격 없이 N&K가 제거된다.,"685화 L118957~L119112: 체코 원전 24조 원 우선협상과 현지 공장·데이터센터 계획을 확인하고, 센트리언 확장을 위해 국내 제약 M&A 대상을 찾게 한다.",687화의 지급 ‘한아약품 전체 가족지분이 금융타워로 넘어와 경영권이 확정된다.’은 DCA-N62B 소유다. 끝 훅 ‘러북 무기·식량거래를 갈라놓고 장남카드를 움직일 일이 남는다.’은 bridge이고 688화 실제 행동은 다음 Arc가 소유한다.,52bbd904efd4483aa999d2062f301ec548ea2cc433bca0565c77d4f1fd418fa2,66f3e7df3123343c14a7134108dc59940511f40372493a549cba8ae709df4b45
119,DCA-N63,688,688,DCA-N63,SPLIT,러북 무기·식량 거래 차단,러북 무기·식량 거래 차단의 약속을 러북 거래자료와 양쪽을 갈라놓을 언론·방산대체안이 실행된다.까지 실제 장면으로 결산하는가?,L119585~L119602,L119585~L119602; predecessor=687화 L119276~L119441: 한아약품 전체 가족지분이 금융타워로 넘어와 경영권이 확정된다.; next=688화 L119442~L119593: 러시아·북한 무기·식량 거래를 포착하고 언론·한국 방산으로 양쪽을 갈라놓는다,687화 L119276~L119441: 한아약품 전체 가족지분이 금융타워로 넘어와 경영권이 확정된다.,688화 L119442~L119593: 러시아·북한 무기·식량 거래를 포착하고 언론·한국 방산으로 양쪽을 갈라놓는다,688화의 지급 ‘러북 거래자료와 양쪽을 갈라놓을 언론·방산대체안이 실행된다.’은 DCA-N63 소유다. 끝 훅 ‘총리가 된 리강이 장남지원을 계속하고 원화 국제화를 도울지가 남는다.’은 bridge이고 689화 실제 행동은 다음 Arc가 소유한다.,52bbd904efd4483aa999d2062f301ec548ea2cc433bca0565c77d4f1fd418fa2,66f3e7df3123343c14a7134108dc59940511f40372493a549cba8ae709df4b45
120,DCA-N63B,689,690,DCA-N63,SPLIT,사우디 원화스와프와 유럽 원화금융,사우디 원화스와프와 유럽 원화금융의 약속을 사우디 원화스와프·원화 원유결제와 유럽 원전·방산 원화금융이 성립된다.까지 실제 장면으로 결산하는가?,L119585~L119602,L119585~L119602; predecessor=688화 L119442~L119593: 러북 거래자료와 양쪽을 갈라놓을 언론·방산대체안이 실행된다.; next=689화 L119594~L119759: 총리가 된 리강의 장남 지원을 확인하고 걸프 스와프·자산으로 원화 국제화를 짠다,688화 L119442~L119593: 러북 거래자료와 양쪽을 갈라놓을 언론·방산대체안이 실행된다.,689화 L119594~L119759: 총리가 된 리강의 장남 지원을 확인하고 걸프 스와프·자산으로 원화 국제화를 짠다,690화의 지급 ‘사우디 원화스와프·원화 원유결제와 유럽 원전·방산 원화금융이 성립된다.’은 DCA-N63B 소유다. 끝 훅 ‘고체배터리 가격장벽·산업스파이를 넘고 동유럽 경제블록을 만들 일이 남는다.’은 bridge이고 691화 실제 행동은 다음 Arc가 소유한다.,52bbd904efd4483aa999d2062f301ec548ea2cc433bca0565c77d4f1fd418fa2,66f3e7df3123343c14a7134108dc59940511f40372493a549cba8ae709df4b45
121,DCA-N64,691,693,DCA-N64,SPLIT,전기차 화재의제와 산업스파이 역추적,전기차 화재의제와 산업스파이 역추적의 약속을 유출제보자에게 보너스가 지급되고 범죄자 자산환수·유럽 보조금 재설계안이 확정된다.까지 실제 장면으로 결산하는가?,L120347~L120364,L120347~L120364; predecessor=690화 L119760~L119910: 사우디 원화스와프·원화 원유결제와 유럽 원전·방산 원화금융이 성립된다.; next=691화 L119911~L120062: 고체배터리 가격장벽을 넘기 위해 전기차 화재·한파를 뉴스 의제로 설계하고 최재석에게 정책지원과 국민경제당 후계구도를 논의한다.,690화 L119760~L119910: 사우디 원화스와프·원화 원유결제와 유럽 원전·방산 원화금융이 성립된다.,691화 L119911~L120062: 고체배터리 가격장벽을 넘기 위해 전기차 화재·한파를 뉴스 의제로 설계하고 최재석에게 정책지원과 국민경제당 후계구도를 논의한다.,693화의 지급 ‘유출제보자에게 보너스가 지급되고 범죄자 자산환수·유럽 보조금 재설계안이 확정된다.’은 DCA-N64 소유다. 끝 훅 ‘동유럽 정상들이 금융타워 중심 경제블록에 동의할지가 남는다.’은 bridge이고 694화 실제 행동은 다음 Arc가 소유한다.,52bbd904efd4483aa999d2062f301ec548ea2cc433bca0565c77d4f1fd418fa2,66f3e7df3123343c14a7134108dc59940511f40372493a549cba8ae709df4b45
122,DCA-N64B,694,696,DCA-N64,SPLIT,동유럽 경제블록과 중국차 공동관세,동유럽 경제블록과 중국차 공동관세의 약속을 고체배터리 배정과 중국 전기차 관세 공동로비가 자동차동맹에서 합의된다.까지 실제 장면으로 결산하는가?,L120347~L120364,L120347~L120364; predecessor=693화 L120209~L120355: 유출제보자에게 보너스가 지급되고 범죄자 자산환수·유럽 보조금 재설계안이 확정된다.; next=694화 L120356~L120504: 폴란드 원전 설명회에서 동유럽 정상들에게 금융타워 중심 경제블록을 제안한다,693화 L120209~L120355: 유출제보자에게 보너스가 지급되고 범죄자 자산환수·유럽 보조금 재설계안이 확정된다.,694화 L120356~L120504: 폴란드 원전 설명회에서 동유럽 정상들에게 금융타워 중심 경제블록을 제안한다,696화의 지급 ‘고체배터리 배정과 중국 전기차 관세 공동로비가 자동차동맹에서 합의된다.’은 DCA-N64B 소유다. 끝 훅 ‘자동차동맹의 중국 전기차 관세 공동로비가 미국·EU의 실제 정책과 시장확대로 이어질 것인가?’은 bridge이고 697화 실제 행동은 다음 Arc가 소유한다.,52bbd904efd4483aa999d2062f301ec548ea2cc433bca0565c77d4f1fd418fa2,66f3e7df3123343c14a7134108dc59940511f40372493a549cba8ae709df4b45
123,DCA-N65,697,710,DCA-N65+DCA-N66,MERGE,오셔닉스·고체배터리와 사우디 부산엑스포 철회,해상도시·고체배터리·외교를 부산엑스포 실물증거로 바꿔 사우디를 후보에서 철회시키는가?,L122141~L122171;L122803~L122832,L122141~L122171;L122803~L122832; predecessor=696화 L120656~L120801: 고체배터리 배정과 중국 전기차 관세 공동로비가 자동차동맹에서 합의된다.; next=697화 L120802~L120950: 미국 대중관세 시점을 점검하고 오셔닉스 해상도시에 AI 데이터센터를 결합한다,696화 L120656~L120801: 고체배터리 배정과 중국 전기차 관세 공동로비가 자동차동맹에서 합의된다.,697화 L120802~L120950: 미국 대중관세 시점을 점검하고 오셔닉스 해상도시에 AI 데이터센터를 결합한다,710화 사우디 엑스포 공식 철회·아람코 0.6% 계약은 이 Arc climax다. 일본 D-DAY는 후속 bridge이고 711화 러우전·중국특구 행동은 다음 Arc가 소유한다.,52bbd904efd4483aa999d2062f301ec548ea2cc433bca0565c77d4f1fd418fa2,66f3e7df3123343c14a7134108dc59940511f40372493a549cba8ae709df4b45
124,DCA-N67,711,715,DCA-N67,SPLIT,중국 임시가입·경제특구와 철수 안전장치,중국 자동차 임시가입과 경제특구 계열사·철수 안전장치를 통제 가능한 조건으로 고정하는가?,L122803~L122965;L123629~L123756,L122803~L122965;L123629~L123756; predecessor=710화 L122799~L122944: 아람코 0.6퍼센트 지분을 확보하고 일본 금융공격일을 정할 권한을 조지에게 준다. D-DAY 날짜는 아직 미정이다.; next=711화 L122945~L123129: 바흐무트 승리 뒤 바그너 불만과 엔비디아 사기꾼을 확인하고 중국 특혜의 독을 경계한다,710화 L122799~L122944: 아람코 0.6퍼센트 지분을 확보하고 일본 금융공격일을 정할 권한을 조지에게 준다. D-DAY 날짜는 아직 미정이다.,711화 L122945~L123129: 바흐무트 승리 뒤 바그너 불만과 엔비디아 사기꾼을 확인하고 중국 특혜의 독을 경계한다,715화 중국 임시가입·경제특구·철수 안전장치는 이 Arc 결산이다. 말미 바그너 반란 결의는 bridge이고 실제 보고·대응은 716화 Arc가 소유한다.,52bbd904efd4483aa999d2062f301ec548ea2cc433bca0565c77d4f1fd418fa2,66f3e7df3123343c14a7134108dc59940511f40372493a549cba8ae709df4b45
125,DCA-N67B,716,720,DCA-N67,SPLIT,바그너 반란 대응과 신속무기·북방 경제영토,바그너 반란을 미국 승인·신속 무기공급·북방 경제영토의 비가역 지급으로 바꾸는가?,L123758~L123803;L124541~L124608,L123758~L123803;L124541~L124608; predecessor=715화 L123643~L123789: 철수권을 가진 중국특구 진출이 명령되고 프리고진의 러시아행·반란이 시작된다.; next=716화 L123790~L123950: 바그너 반란의 자금·가스거점 장악 가능성을 읽고 한 부회장에게 장기 에너지 대응을 시킨다,715화 L123643~L123789: 철수권을 가진 중국특구 진출이 명령되고 프리고진의 러시아행·반란이 시작된다.,716화 L123790~L123950: 바그너 반란의 자금·가스거점 장악 가능성을 읽고 한 부회장에게 장기 에너지 대응을 시킨다,720화의 지급 ‘미국승인·수에즈 우선운송이 확보되고 중국특구·북방육로 경제영토 구상이 완성된다.’은 DCA-N67B 소유다. 끝 훅 ‘미국 승인·수에즈 우선운송과 유라시아 경제영토 설계를 김민재 개인 이후에도 유지될 제도·거버넌스로 만들 수 있는가?’은 bridge이고 721화 실제 행동은 다음 Arc가 소유한다.,52bbd904efd4483aa999d2062f301ec548ea2cc433bca0565c77d4f1fd418fa2,66f3e7df3123343c14a7134108dc59940511f40372493a549cba8ae709df4b45
126,DCA-N68,721,731,DCA-N68+DCA-N69+DCA-N70,MERGE_SHIFT,푸틴·프리고진·서방·젤렌스키 휴전 중재,푸틴·프리고진·백악관·EU·젤렌스키를 차례로 설득해 벨라루스 휴전협상 합의를 얻는가?,L124613~L124635;L125393~L125426;L126211~L126233,L124613~L124635;L125393~L125426;L126211~L126233; predecessor=720화 L124453~L124612: 미국승인·수에즈 우선운송이 확보되고 중국특구·북방육로 경제영토 구상이 완성된다.; next=721화 L124613~L124802: 바그너와 우크라이나의 가스관 장악을 이용해 최재석과 직접 러시아 중재에 나서기로 한다,720화 L124453~L124612: 미국승인·수에즈 우선운송이 확보되고 중국특구·북방육로 경제영토 구상이 완성된다.,721화 L124613~L124802: 바그너와 우크라이나의 가스관 장악을 이용해 최재석과 직접 러시아 중재에 나서기로 한다,731화 벨라루스 휴전협상 합의는 이 Arc climax다. 후반 이스라엘·일본은 bridge이며 일본 정부 대응·협상요청은 732화 Arc가 소유한다.,52bbd904efd4483aa999d2062f301ec548ea2cc433bca0565c77d4f1fd418fa2,66f3e7df3123343c14a7134108dc59940511f40372493a549cba8ae709df4b45
127,DCA-N70,732,735,DCA-N70,SHIFT,일본 엔화 상환·3대은행 지분과 야당 집권통로,일본 엔화 조기상환 충격을 3대은행 지분과 야당 집권통로로 회수하는가?,L126220~L126233;L126383~L126405,"L126220~L126233;L126383~L126405; predecessor=731화 L126216~L126382: 엔캐리 전액청산이 실행되고 일본에서 빠져나온 자금을 금융타워가 흡수한다.; next=732화 L126383~L126556: 전액상환 충격을 받은 일본 금융청의 30조 엔 대응회의와 미국의 환율관찰국 지정을 확인하고, 일본의 협상요청에 김민재·한 부회장 투트랙으로 대응한다.",731화 L126216~L126382: 엔캐리 전액청산이 실행되고 일본에서 빠져나온 자금을 금융타워가 흡수한다.,"732화 L126383~L126556: 전액상환 충격을 받은 일본 금융청의 30조 엔 대응회의와 미국의 환율관찰국 지정을 확인하고, 일본의 협상요청에 김민재·한 부회장 투트랙으로 대응한다.",735화의 지급 ‘금융타워가 일본 3대 은행 지분과 합법적 야권자금 통로를 확보하고 건설사 검은돈을 배제한다.’은 DCA-N70 소유다. 끝 훅 ‘기시다 퇴진·중의원 해산 뒤 일본선거와 중동기습·러우휴전이 같은 시각에 겹칠 위험이 열린다.’은 bridge이고 736화 실제 행동은 다음 Arc가 소유한다.,52bbd904efd4483aa999d2062f301ec548ea2cc433bca0565c77d4f1fd418fa2,66f3e7df3123343c14a7134108dc59940511f40372493a549cba8ae709df4b45
128,DCA-N71,736,739,DCA-N71,KEEP,러우 휴전·일본 야당과 하마스 민간인 방어,러우 휴전·일본 야당과 하마스 민간인 방어의 약속을 AI 드론·PMC가 하마스 기습의 대규모 민간인 학살을 저지한다. 일본 총선승리는 이 화의 새 지급이 아니라 진입 배경이다.까지 실제 장면으로 결산하는가?,L127050~L127739,L127050~L127739; predecessor=735화 L126890~L127049: 금융타워가 일본 3대 은행 지분과 합법적 야권자금 통로를 확보하고 건설사 검은돈을 배제한다.; next=736화 L127050~L127212: 기시다 퇴진·중의원 해산 속 하마스 패러글라이더 침공과 러우 휴전 서명을 동시에 대비한다,735화 L126890~L127049: 금융타워가 일본 3대 은행 지분과 합법적 야권자금 통로를 확보하고 건설사 검은돈을 배제한다.,736화 L127050~L127212: 기시다 퇴진·중의원 해산 속 하마스 패러글라이더 침공과 러우 휴전 서명을 동시에 대비한다,739화의 지급 ‘AI 드론·PMC가 하마스 기습의 대규모 민간인 학살을 저지한다. 일본 총선승리는 이 화의 새 지급이 아니라 진입 배경이다.’은 DCA-N71 소유다. 끝 훅 ‘민간인 구조를 위해 쓴 PMC 비용과 약속된 국제보상을 미국이 어떤 범위로 인정할 것인가?’은 bridge이고 740화 실제 행동은 다음 Arc가 소유한다.,52bbd904efd4483aa999d2062f301ec548ea2cc433bca0565c77d4f1fd418fa2,66f3e7df3123343c14a7134108dc59940511f40372493a549cba8ae709df4b45
129,DCA-N72,740,744,DCA-N72,KEEP,하마스 방어 보상을 러시아·미국·일본 질서로 고정,하마스 방어 보상을 러시아·미국·일본 질서로 고정의 약속을 AI 금융플랫폼의 일본 적용준비와 중국진입 투자안이 구체화된다.까지 실제 장면으로 결산하는가?,L127740~L128566,L127740~L128566; predecessor=739화 L127540~L127739: AI 드론·PMC가 하마스 기습의 대규모 민간인 학살을 저지한다. 일본 총선승리는 이 화의 새 지급이 아니라 진입 배경이다.; next=740화 L127740~L127898: 미국대사에게 PMC 비용·미국 기업 동등대우·우크라이나 재건 중심권을 받아 낸 뒤 러시아 전후투자를 서두른다,739화 L127540~L127739: AI 드론·PMC가 하마스 기습의 대규모 민간인 학살을 저지한다. 일본 총선승리는 이 화의 새 지급이 아니라 진입 배경이다.,740화 L127740~L127898: 미국대사에게 PMC 비용·미국 기업 동등대우·우크라이나 재건 중심권을 받아 낸 뒤 러시아 전후투자를 서두른다,"744화의 지급 ‘AI 금융플랫폼의 일본 적용준비와 중국진입 투자안이 구체화된다.’은 DCA-N72 소유다. 끝 훅 ‘천민정의 AI 금융플랫폼과 중국 투자안이 아시아 표준으로 확장될 동안, 김민재가 떠올린 새 기술·사적 미래는 무엇인가?’은 bridge이고 745화 실제 행동은 다음 Arc가 소유한다.",52bbd904efd4483aa999d2062f301ec548ea2cc433bca0565c77d4f1fd418fa2,66f3e7df3123343c14a7134108dc59940511f40372493a549cba8ae709df4b45
130,DCA-N73,745,748,DCA-N73,KEEP,김태중 대북특사·횡단철도와 고체배터리 우주확장,김태중 대북특사·횡단철도와 고체배터리 우주확장의 약속을 우주선용 고체배터리 공장·탈부착 표준이 합의되고 일본 AI 금융플랫폼이 출시된다.까지 실제 장면으로 결산하는가?,L129062~L129077,L129062~L129077; predecessor=744화 L128421~L128566: AI 금융플랫폼의 일본 적용준비와 중국진입 투자안이 구체화된다.; next=745화 L128567~L128730: 김태중이 대북특사를 자청하고 손자 김민재가 할아버지의 안전보장과 선물을 준비한다.,744화 L128421~L128566: AI 금융플랫폼의 일본 적용준비와 중국진입 투자안이 구체화된다.,745화 L128567~L128730: 김태중이 대북특사를 자청하고 손자 김민재가 할아버지의 안전보장과 선물을 준비한다.,"748화의 지급 ‘우주선용 고체배터리 공장·탈부착 표준이 합의되고 일본 AI 금융플랫폼이 출시된다.’은 DCA-N73 소유다. 끝 훅 ‘우주배터리 표준과 일본 AI 플랫폼을 실제 반복수익으로 키우고, 북한 횡단철도 합의를 현장 착공으로 바꿀 수 있는가?’은 bridge이고 749화 실제 행동은 다음 Arc가 소유한다.",52bbd904efd4483aa999d2062f301ec548ea2cc433bca0565c77d4f1fd418fa2,66f3e7df3123343c14a7134108dc59940511f40372493a549cba8ae709df4b45
131,DCA-N74,749,751,DCA-N74,KEEP,횡단철도·노벨상과 초음파 조손 가족완성,"횡단철도·노벨상과 초음파 조손 가족완성의 약속을 김태중의 한국 잔류, 조손 화해, 천민정의 임신·결혼과 초음파 사진이 지급된다.까지 실제 장면으로 결산하는가?",L129225~L129777,L129225~L129777; predecessor=748화 L129070~L129224: 우주선용 고체배터리 공장·탈부착 표준이 합의되고 일본 AI 금융플랫폼이 출시된다.; next=749화 L129225~L129398: 북한 횡단철도 첫 삽 뒤 천민정의 AI 코로나·희귀질병 치료제 공로 노벨 화학상 소식을 받는다.,748화 L129070~L129224: 우주선용 고체배터리 공장·탈부착 표준이 합의되고 일본 AI 금융플랫폼이 출시된다.,749화 L129225~L129398: 북한 횡단철도 첫 삽 뒤 천민정의 AI 코로나·희귀질병 치료제 공로 노벨 화학상 소식을 받는다.,751화 조손 화해·김태중 한국 잔류·임신·결혼은 최종 Arc climax이며 후속 사건 대신 새 가정의 책임을 남긴다.,52bbd904efd4483aa999d2062f301ec548ea2cc433bca0565c77d4f1fd418fa2,66f3e7df3123343c14a7134108dc59940511f40372493a549cba8ae709df4b45
