sequence,visible_label,arc_id,arc_phase,concrete_event,tension_1_10,reward_1_10,hook_1_10,information_weight,action_weight,relationship_weight,emotion_weight,material_or_status_weight,pacing_note
1,1,A01,도입,"아, 안돼! — 서울특별시 영등포구 여의도동.",5,5,6,3,3,2,2,4,도입: “어서 피해!” 굳어 있는 모녀를 옆으로 세게 밀쳐낸 김광섭은 여전히 속력을 줄이지 않고 그대로 덮쳐오는 BMW를 보며 질끈 눈을 감았다.
2,2,A01,약속,억만장자가 되신 걸 축하드립니다. — 커튼이 두껍게 쳐진 어두운 호텔 객실 안.,5,6,6,3,3,2,2,4,약속: “어떻게든 알게 되실 텐데 미리 알리는 것이 낫겠지…….” 석원은 약간 멋쩍은 표정으로 입가를 감싸면서 끙 소리를 냈다.
3,3,A01,약속,어. 얼마라고? — 높다란 담장으로 둘러싸인 커다란 저택들이 모여 있는 부촌 한쪽.,5,5,6,3,3,2,2,4,약속: 대신 비용이 조금 더 들어갈 텐데…….” “그건 상관없어요.” “그렇다면야 문제없습니다” 랜든은 맥주를 쭉 들키면서 자신만만하게 웃었다.
4,4,A01,전진,탐욕스러운 먹잇감. — 차량들이 오가는 넓은 대로변에 지하 3층 지상 20층 규모로 지어진 대흥 그룹 본사가 자리 잡고 있었다.,5,5,6,3,3,2,2,4,전진: “한때는 거친 초원을 호령했던 사자였을지 몰라도 힘이 빠지고 늙어 버린 지금은 탐욕스러운 하이에나들의 먹잇감에 불과할 뿐이지.” 곧 영국을 덮치게 될 거대한 폭풍우에 그 역시 뛰어들 계획이었다.
5,5,A01,전진,"이런 제안을 거절하는 게 바보 멍청이 아니겠습니까. — 커피를 한 모금 마시며 월스트리트 저널 기사를 마저 읽고 있을 때, 회색 정장을 입은 랜든이 라운지 카페로 들어와 다가왔다.",5,5,6,3,3,2,2,4,전진: ‘정말 알 수 없는 사람이야.’ 랜든은 티 나지 않게 고개를 절레 흔들고는 조심스럽게 숟가락을 내려놨다.
6,6,A01,전진,수용하기 어렵다면 이번 계약은 없던 걸로 하죠. — 미국 매사추세츠주 케임브리지.,5,6,6,3,3,2,2,4,전진: 석원은 내심 코웃음을 쳤으나 겉으론 전혀 티를 내지 않고 미소를 지으며 폴슨이 내민 손을 맞잡았다.
7,7,A01,압박,미안하지만 이건 필요 없을 것 같네요. — 그 자리에서 양측 변호사들이 조건을 수정한 새 계약서를 만들자 석원은 내용을 확인하곤 바로 서명했다.,5,6,6,3,3,2,2,4,압박: 하긴 조금만 생각해보면 영란은행의 취약점을 알아차릴 수 있을 테니 어쩌면 당연한 일이겠지.] “그래서 영란은행이 가드를 더 단단히 올리기 전에 시합 종을 울리려고 합니다.” 그러자 짧게 침묵하던 해밀턴이 이내 건조하게 말했다.
8,8,A01,압박,1.4800달러에 거래 체결됐습니다. — 마포대로 한쪽 편에 우뚝 세워져 있는 20층 높이의 대흥 그룹 본사로 검은색 벤츠 대형 세단 한 대가 미끄러지듯 들어와 멈춰 섰다.,5,6,6,3,3,2,2,4,압박: [파운드당 1.4800달러에 거래 체결됐습니다.] 석원은 그 말에 짙은 미소를 지었다.
9,9,A01,전환,"내가 아무리 겜돌이지만 그건 너무 나갔다. — 다음날, 영국 런던 다우닝가 11번지.",5,5,6,3,3,2,2,4,전환: 눈에 보이지도 않을 정도의 빠른 속도로 조이스틱을 돌려대며 버튼을 누르던 그 실력이 다시 부활할 때였다.
10,10,A01,전환,계속 홀드(hold)해 줘요. — 살로몬 브라더스(Salomon Brothers) 본사 트레이딩 플로어.,5,5,6,3,3,2,2,4,전환: “……룸메 지금이라도 바꾸면 안 되나.” 나 쟤랑 있기 싫어.
11,11,A01,보상,이거 심상치가 않은데요. — “어류겐!” “라데꾸!” 퍼퍽!,5,5,6,3,3,2,2,4,보상: “그래요.” [알겠습니다.] 대답을 들은 석원은 휴대폰을 귀에 댄 채 긴장감에 바짝 마른 입술을 혀로 적셨다.
12,12,A01,여진/다음 훅,검은 수요일(Black Wednesday) — 살로몬 브라더스(Salomon Brothers) 본사 트레이딩 플로어.,5,5,6,3,3,2,2,4,여진/다음 훅: “공식 발표 전에 프랑스와 독일 총리에게 미리 언질을 해 줘야 할 테니 전화를 연결해주게.” “예.” 아이작 총리는 ERM 탈퇴를 발표함과 동시에 자신의 정치 생명도 끝날 것을 직감하고는 허탈한 기분으로 머리 위 천정을 올려다봤다.
13,13,A02,도입,"아니 석원이 이 녀석은 그럼 얼마나 번 거야. — 그날 저녁, 영국 런던 다우닝가 11번지.",5,5,6,3,3,2,2,4,도입: 아니 석원이 이 녀석은 그럼 얼마나 번 거야.”
14,14,A02,약속,역시 날 닮아서 배짱이 두둑해. — 마포 대흥그룹 본사.,5,5,6,3,3,2,2,4,약속: 하지만 엔진 소리에 안 들리는 건지 아니면 그냥 무시하는 건지 몰라도 앞에 탄 로이는 아무런 대답도 하지 않고 계속 스쿠터를 몰면서 어딘가로 급하게 달려갔다.
15,15,A02,약속,원하는 대로 금방 끝내줄 테니까. 어서 앉기나 해. — 요란한 엔진소리를 내며 내달린 로이는 하버드 광장에 위치한 펍(Pub) 앞에 스쿠터를 멈춰 세웠다.,5,6,6,3,3,2,2,4,약속: “억만장자가 되신 걸 축하드립니다.”
16,16,A02,전진,정말 난 놈은 난 놈이군. — [억만장자가 되신 걸 축하드립니다.] 카페테리아 야외 테이블에 앉아 통화하던 석원은 입가에 희미한 미소를 지으며 말했다.,5,7,6,3,3,2,2,4,전진: “고작 투자 한 번에 이 정도 수익이라…….정말 난 놈은 난 놈이군.”
17,17,A02,전진,녀석. 이제 정말 다 컸군. — 자정이 지난 늦은 밤.,5,5,7,3,3,2,2,4,전진: 혹시 감기라도 걸렸냐?” “됐으니까 어서 출발이나 해.” 석원이 스쿠터 뒤에 걸터앉아 재촉하자 로이는 머리를 갸웃거리면서도 순순히 시동을 걸었다.
18,18,A02,전진,저 사람이 왜 여기에 있는 거지? — 결승전 경기가 열리는 모비딕 앞에 스쿠터가 멈춰 서자 뒤에 타고 있던 석원이 내리며 헬멧을 벗었다.,5,5,8,3,3,2,2,4,전진: ‘저 사람이 왜 여기에 있는 거지?’ 이 자리에 있을 거라곤 전혀 예상치도 못한 인물의 등장이었다.
19,19,A02,전진,아마 그리 오래 걸리진 않을 거예요. — 오전 수업을 끝낸 석원은 자전거를 타고 강의동에서 약간 떨어진 곳에 위치한 서점에 도착했다.,5,5,6,3,3,2,2,4,전진: 입가에 미소를 띤 석원이 맨해튼의 풍경을 감상하는 동안 정체로 인해 멈춰 있던 차가 다시 천천히 움직이기 시작했다.
20,20,A02,압박,만약 NCR이 인수합병된다면 어떻겠어요. — 정체 속에 가다서다를 반복하다가 일행이 도착한 곳은 맨해튼 남단에 위치한 원 뉴욕 플라자(One New York Plaza)였다.,5,6,6,3,3,2,2,4,압박: “말씀대로 두 회사 사이에 큰 거래가 진행되고 있는 것이 분명하군요.”
21,21,A02,압박,벌써부터 손이 근질근질해지는 것 같군요. — AT&T와 NCR의 M&A라는 생각지도 못한 빅딜에 방 안 공기가 뜨겁게 달아올랐다.,5,5,6,3,3,2,2,4,압박: “이번 투자로 앤드루의 실력을 확인해 볼 수 있겠어.”
22,22,A02,압박,처음 들어보는 이름인데. 나만 그런가. — 뉴욕에서 일주일 동안 필요한 일들을 하고 돌아온 석원은 다시 학교생활을 이어갔다.,5,6,6,3,3,2,2,4,압박: 메이어 회장은 결국 3연임을 위해 무리수라는 걸 알면서도 NCR 인수를 그대로 강행하기로 했다.
23,23,A02,전환,"뭐 그것도 나쁘진 않지. — 이틀 뒤, 뉴욕 맨해튼 원 뉴욕 플라자(One New York Plaza) 31층.",5,6,7,3,3,2,2,4,전환: “어?” [대흥그룹 태산 증권 인수!]
24,24,A02,전환,자네 올해 졸업 학년이지? — [대흥그룹 태산 증권 인수!,5,6,7,3,3,2,2,4,전환: “혹시 내 밑에서 박사 과정을 밟을 생각이 있나?” “……!”
25,25,A02,보상,큰 도움은 안 되겠지만 최선을 다하겠습니다. — 전혀 생각지도 못한 제안에 석원은 얼떨떨한 표정을 감추지 못했다.,5,5,6,3,3,2,2,4,"보상: ‘뭐, 본인이 싫으면 싫다고 하겠지.’ 박태홍 회장은 사진에서 눈을 떼면서 아내의 말을 가볍게 흘렸다."
26,26,A02,여진/다음 훅,홀가분하게 연말을 보낼 수 있겠네. — 보스턴 로건 국제공항(Boston Logan International Airport).,5,5,6,3,3,2,2,4,"여진/다음 훅: 반복합니다, 8번 게이트에서…….] “자, 그럼 가볼까.” 이제 드디어 한국으로 돌아갈 시간이었다."
27,27,A03,도입,"정말 집에 돌아왔구나. — [승객 여러분, 우리 비행기는 곧 김포공항에 도착하겠습니다.",5,5,6,3,3,2,2,4,도입: “정말 집에 돌아왔구나.”
28,28,A03,약속,반가워요. 회장님께 이야기 많이 들었어요. — 평일 오전이라 한적한 워커힐 호텔 실내 수영장에 물살을 가르는 소리가 울려 퍼졌다.,5,5,8,3,3,2,2,4,약속: ‘아니 저 사람이 왜 여기에 있는 거지?’
29,29,A03,약속,나한테 거래를 제안할 줄도 알고 제법이야. — 아버지가 소개를 해주기 전에 석원은 머리를 단정하게 빗어넘긴 점잖은 인상의 중년인이 누군지 바로 알아차렸다.,5,5,6,3,3,2,2,4,약속: 아직 어린 줄 알았는데 나한테 거래를 제안할 줄도 알고 제법이야.”
30,30,A03,전진,회사에 무슨 일이라도 생겼나……. — 대화를 끝내고 방으로 올라온 석원은 살짝 눈가를 찡그리며 앓는 소리를 내뱉었다.,5,5,6,3,3,2,2,4,전진: “나중에도 크게 달라지진 않지만 이때는 기업들이 더 정권의 눈치를 볼 시기니까.
31,31,A03,전진,대물이라니…… 설마……. — 얼마나 굶었는지 어미 고양이는 사료를 두 그릇이나 게눈감추듯 먹어 치웠다.,5,5,7,3,3,2,2,4,전진: “전임 대통령 둘이라면 대물이라고 부르기에 충분하지 않겠어요?” 태연하게 말하는 석원과 달리 다른 세 사람의 얼굴은 핏기가 싹 사라진 채로 경악에 가득 찼다.
32,32,A03,전진,아무런 준비 없이 날벼락을 맞는 것보단 낫겠지. — 너무나도 큰 충격에 서재 안은 무거운 침묵이 감돌았다.,5,5,6,3,3,2,2,4,전진: 책임이 아예 없다고는 할 수 없지.’ 앞으로 연이어 벌어질 대형 재난들을 떠올린 석원의 얼굴에 그늘이 짙게 드리워졌다.
33,33,A03,전진,파티를 연다는데 안 갈 이유가 없지 않겠어요. — 하늘 높이 솟아 있는 마천루들이 즐비하게 늘어선 맨해튼 한쪽.,5,5,6,3,3,2,2,4,전진: “판을 깔아놨으니 제대로 즐겨보자고요.” 석원은 손에 쥔 찻잔이 샴페인으로 바뀔 날을 기대하며 커피를 단숨에 꿀꺽 삼켰다.
34,34,A03,압박,이 양반이 아직도 포기를 못 했나. — 매사추세츠주 케임브리지.,5,5,6,3,3,2,2,4,압박: 석원은 그 뒤로도 한참 동안 연구실 소파에 앉아 프랭크 교수와 논문에 관한 심도 깊은 대화를 나눴다.
35,35,A03,압박,역시 개똥도 쓸모가 있다더니! — 아침부터 날씨가 잔뜩 흐려 있더니 프랭크 교수의 연구실을 나와 기숙사로 돌아가려고 하자 하늘에서 눈이 조금씩 내리기 시작했다.,5,5,6,3,3,2,2,4,압박: 다만 얼굴이 매우 잘 생기고 사람을 끌어당기는 매력이 있어서 앞으로도 친하게 잘 지냈으면 좋겠다 싶은 정도였는데 난데없이 거금을 기부금으로 냈다고 하니 뭐가 어찌 된 건지 당황스러웠다.
36,36,A03,압박,이걸로 홈런을 쳤다고 하면 안 되지. — 지겨운 겨울이 지나가고 따뜻한 봄기운이 찾아온 하버드 대학교 캠퍼스는 학기 시작과 함께 돌아온 학생들로 다시 북적이며 활기가 넘쳤다.,5,5,6,3,3,2,2,4,압박: 석원은 짙게 웃으며 맥주를 꿀꺽 들이마셨다.
37,37,A03,전환,"이번에 놈들을 솎아내지 못한다면 다시는 기회가 없을 거야. — 이른 아침, 청와대 본관 앞에 검은색 그랜저 한 대가 멈춰 섰다.",5,5,6,3,3,2,2,4,전환: 이번에 하나회 놈들을 솎아내지 못한다면 다시는 기회가 없을 거야.”
38,38,A03,전환,"새로 만들었다는 헤지펀드 이름이 뭐예요? — 서울 마포구, 대흥그룹 본사.",5,5,7,3,3,2,2,4,전환: “새로 만들었다는 헤지펀드 이름이 뭐예요?” [롱텀캐피털매니지먼트입니다.] 대답을 듣자마자 석원은 자신도 모르게 들고 있던 핸드폰을 꽉 움켜쥐었다.
39,39,A03,보상,그래. 기회는 항상 위기와 함께 오는 거지. — 롱텀 캐피탈 매니지먼트(Long-Term Capital Management) 줄여서 흔히 LTCM이라고 불렀던 헤지펀드는 석원도 익히 잘 알고 있는 곳이었다.,6,5,6,3,3,2,2,4,보상: 기회는 항상 위기와 함께 오는 거지.”
40,40,A03,여진/다음 훅,"더 높은 수익률을 올릴 수 있는데 굳이 다른 곳에 돈을 묶어 놓을 이유가 없죠. — 일주일 뒤, 뉴욕 맨해튼.",5,6,7,3,3,2,2,4,"여진/다음 훅: 설마 하면서도 이번에도 혹시, 하는 기대감이 스멀스멀 피어오른 랜든은 자신에 찬 표정을 짓고 있는 석원을 멍하니 바라봤다."
41,41,A04,도입,"두 사람도 주식을 좀 사 두는 게 어때요. — 원 뉴욕 플라자 건물 31층, 커다란 통유리창 너머로 확 트인 이스트강 전경이 내려다보이는 대표실 소파에 석원을 가운데 두고 랜든과 앤드루가 마주 보며 앉아 있었다.",5,5,6,3,3,2,2,4,도입: 뒷머리를 긁적인 석원은 프랭크 교수의 칭찬에 좋아 넘어가기 직전인 부모님을 보며 그냥 모르는 척 어색한 미소를 지으며 서 있었다.
42,42,A04,약속,"우리 구면이죠. — 일주일 뒤, 서울 여의도 증권가.",5,5,6,3,3,2,2,4,약속: 예…….” 최호근은 울상을 지으며 석원의 크고 단단한 손을 맞잡았다.
43,43,A04,약속,남은 것들은 다른 친구들한테 양보하도록 하죠. — “다녀왔습니다.” 현관문을 열고 석원이 집 안으로 들어서자 군산댁과 함께 나와 있던 조덕례 여사가 웃는 얼굴로 그를 맞이했다.,5,5,6,3,3,2,2,4,"약속: [하하, 알겠습니다.]"
44,44,A04,전진,우리는 시장을 매도할 거예요. — 따로 마련된 개인 사무실 책상에 앉아 서류를 읽고 있던 석원은 노크 소리에 고개를 들며 말했다.,5,5,6,3,3,2,2,4,전진: ‘그냥 낙하산이 아니라 폭탄 달고 온 낙하산이잖아 이거!’ 최호근 과장은 속으로 이마를 팍팍 치면서 소리 없이 절규했다.
45,45,A04,전진,금융실명제 정도면 꽤 큰 충격이 되지 않겠어요. — 호리호리한 체격의 고영일 대흥증권 이사가 굳은 얼굴로 복도를 지나 10층에 있는 대표실로 들어갔다.,5,5,6,3,3,2,2,4,전진: “금융실명제 정도면 꽤 큰 충격이 되지 않겠어요.” “!”
46,46,A04,전진,한 번은 우연일지 몰라도 두 번이나 맞추는 건 실력이야. — 박태홍 회장이 부릅뜬 눈으로 그를 쳐다보며 되물었다.,5,5,6,3,3,2,2,4,전진: “녀석이 이번엔 어떤 식으로 놀라게 해줄지 기대되는군.”
47,47,A04,전진,"결국 올 것이 왔군. — 일주일 뒤, 여의도 대흥 증권 본사.",5,5,6,3,3,2,2,4,전진: “결국 올 것이 왔군.” 나직이 중얼거린 박태홍 회장은 허벅지 위에 올린 손을 꽉 움켜쥐었다.
48,48,A04,전진,저 지옥에 안 들어가 있는 걸 다행인 줄 알아. — 높다란 빌딩들이 늘어선 도시 뒤편 골목길.,5,5,6,3,3,2,2,4,전진: 그렇게 알고 다들 준비하고 있어요.” “……!” 뜻밖의 지시에 최호근 과장과 팀원들은 깜짝 놀라 휘둥그레진 눈으로 그를 쳐다봤다.
49,49,A04,전진,그런 게 어딨어! 빨리 팔아달라고! — 다들 당혹감을 감추지 못하는 가운데 최호근 과장이 석원의 눈치를 살피며 입을 열었다.,5,5,6,3,3,2,2,4,전진: 거기에 하한가를 기록한 종목이 917개에 이르며 말 그대로 최악의 하루를 보냈다.
50,50,A04,압박,팀장님이 다 생각이 있으시겠지. — 하루가 지났지만 금융실명제 실행의 충격을 이겨내지 못하고 증시는 끝없는 추락을 계속 이어갔다.,5,5,6,3,3,2,2,4,압박: “오늘은 돼지 대신 소고기로 가자!” “좋아요!” “이거 오랜만에 배에 제대로 기름칠을 하겠는걸.” “저도 찬성입니다.” 팀원들은 잠시 걱정을 잊고 서둘러 업무를 마무리했다.
51,51,A04,압박,녀석. 하여튼 물건이란 말이야. — 여의도 대흥증권 본사.,5,5,6,3,3,2,2,4,압박: 하여튼 물건이란 말이야.” 박태홍 회장은 그렇게 말하며 흐뭇한 표정을 지었다.
52,52,A04,압박,"4팀 팀원들은 아주 좋겠구만. — 월요일 아침, 대흥그룹 본사 로비.",5,5,6,3,3,2,2,4,압박: ‘아니라고 하지만 금융실명제 실행을 미리 알고 움직인 게 틀림없어.’
53,53,A04,전환,지금 내 앞에서 배짱을 부리는 거냐? — 먼저 사장실을 나온 석원은 사무실로 돌아가기 위해 엘리베이터를 타고 5층 버튼을 눌렀다.,5,5,6,3,3,2,2,4,전환: 볼수록 난 놈이라니까.” 석원이 주고 간 서류철을 다시 펼쳐서 내용을 꼼꼼히 살피는 박태홍 회장의 얼굴에 흡족한 미소가 가득 흘러넘쳤다.
54,54,A04,전환,이건 무조건 잡아야지. — 방으로 올라온 석원은 조금 전 서재에서 아버지와 나눈 대화를 떠올리며 혼잣말을 중얼거렸다.,5,5,6,3,3,2,2,4,전환: “우선 톰 하퍼의 마음을 확실히 사로잡아야 되겠지.” 어떻게 하면 톰 하퍼의 마음을 사로잡아 투자를 받게 만들 수 있을지 그는 골똘히 고심했다.
55,55,A04,전환,"팀장님이 수표를 잘못 넣으신 건 아니겠죠? — 다음날 오전, 대흥증권 본사 트레이딩 사무실.",5,5,6,3,3,2,2,4,전환: “근무 시간 중이고 다른 직원들도 있으니까 너무 시끄럽게 떠들지 마.” “예에.” “알겠습니다.” 하지만 팀원들에게 주의를 주는 최호근 과장도 자꾸만 위로 올라가는 입꼬리를 감추진 못했다.
56,56,A04,보상,오늘이 내 인생 최고의 날이야. — 한여름 뜨거운 햇살이 쏟아지는 팔로알토 시내 한 카페 야외 테이블.,5,5,6,3,3,2,2,4,보상: “오늘이 내 인생 최고의 날이야.” “나 역시 마찬가지야.”
57,57,A04,보상,글쎄. 그건 두고 보면 알겠죠. — 석원은 묵고 있는 호텔 비즈니스 미팅룸에서 톰 하퍼를 다시 만났다.,5,5,6,3,3,2,2,4,보상: ‘절대 그럴 리가 없지.’
58,58,A04,여진/다음 훅,아주 멋진 피날레가 되겠군요. — 쭉 뻗은 도로를 한참 달려간 리무진은 샌프란시스코 남쪽에 위치한 국제공항에 도착했다.,5,5,6,3,3,2,2,4,"여진/다음 훅: “파티를 마무리 짓는 마지막 댄스 타임인만큼 화끈하게 즐기는 거예요.” “후후, 말씀대로 피니쉬를 멋지게 장식하도록 하겠습니다.” “아주 멋진 피날레가 되겠군요.” 앤드루와 랜든의 얼굴에 기대감이 물씬 피어올랐다."
59,59,A05,도입,무슨 의도로 저희 주식을 계속 매집하는 겁니까. — 서울 마포 대흥그룹 본사 회장실.,5,5,6,3,3,2,2,4,도입: “무슨 의도로 저희 주식을 계속 매집하는 겁니까.”
60,60,A05,약속,방해가 된다면 그때는 깨끗하게 치워 버려야겠죠. — 뚫어질 듯 쳐다보는 드류 에반스의 시선을 받으며 석원은 여유 가득한 태도로 말했다.,5,5,6,3,3,2,2,4,약속: “그러지 않길 바라지만 방해가 된다면 그때는 깨끗하게 치워 버려야겠죠.” 차가운 목소리에 랜든은 자신도 모르게 마른침을 꿀꺽 삼켰다.
61,61,A05,약속,이제 존버만 하면 되겠네. — 주말이라 편하게 면바지에 반 팔 폴로 티셔츠를 입은 박태홍 회장은 서재 소파에 혼자 앉아 평소 아끼는 난초 잎을 부드러운 천으로 하나하나 정성 들여 닦아내고 있었다.,5,5,6,3,3,2,2,4,약속: 이제 돈 복사가 되길 기다리면서 존버만 하면 되겠네.”
62,62,A05,전진,별로 소소해 보이지 않는데요. — 미국 뉴어크 리버티 국제공항(Newark Liberty International Airport).,5,5,6,3,3,2,2,4,전진: 머릿속 천칭이 점점 한쪽으로 기우는 것을 느끼며 남은 위스키를 천천히 삼켰다.
63,63,A05,전진,자넨 정말 여러 번 날 놀래키는 군. — 서울 여의도 대흥 증권 본사.,5,5,6,3,3,2,2,4,전진: “정말 대단하다는 말 밖에 안 나오는군.”
64,64,A05,전진,석원이 그 자식 때문에 이게 무슨 꼴이야! — 서울 마포 대흥 그룹 본사 회장실.,5,5,6,3,3,2,2,4,전진: 화가 머리끝까지 차오른 우호근은 새빨개진 얼굴로 이를 부드득 갈면서 애써 분을 삭였다.
65,65,A05,전진,일단은 경고를 해주는 게 맞겠지. — [국내 서른 개 증권사 내년부터 환전 업무 허가 11일 재정경제원은 내년 3월부터 외국환은행과 마찬가지로 국내 서른 개 증권사들도 국내외 주식투자와 관련한 환전업무를 취급할 수 있도록 허가한다고 발표했다.,5,5,6,3,3,2,2,4,전진: “왔냐.” 간단한 안주 몇 개를 두고 술잔을 기울이고 있던 박진형이 고개를 돌려 석원을 쳐다보곤 짧게 말했다.
66,66,A05,전진,긴장의 끈을 풀지 말고 잘 지켜봐. — 윗도리를 벗어 뒤에 있는 여종업원한테 건넨 석원은 비어 있는 맞은편 자리에 앉으며 말했다.,6,6,6,3,3,2,2,4,전진: ‘결국 적대적 인수합병 공격을 피할 수는 없을 것 같네.’ 석원은 목구멍을 타고 넘어가는 짜릿한 감각을 느끼면서 애써 씁쓸한 표정을 감췄다.
67,67,A05,전진,왜 채권 숏을 치고 있는 거지. — 뉴욕 맨해튼 매디슨 애비뉴 555.,5,5,6,3,3,2,2,4,전진: “내년이 되면 월가 전체가 엘도라도 펀드라는 이름을 뇌리에 또렷이 새기게 될 거야.”
68,68,A05,전진,금리 인상을 말씀드리려고 왔습니다. — 1994년 1월 25일 미국 워싱턴 DC.,5,5,6,3,3,2,2,4,전진: 가시죠.” 석원은 작게 머리를 끄덕이곤 리무진 뒷좌석에 랜든과 함께 올라탔다.
69,69,A05,압박,이제 폭풍우가 시작되려나 보네요. — 데이비슨 대통령은 당혹감을 감추지 못한 채 한동안 말없이 먼로 의장을 바라봤다.,5,5,6,3,3,2,2,4,압박: “이제 폭풍우가 시작되려나 보네요.”
70,70,A05,압박,정말 달달하군요. — 대표실을 나와 트레이딩 플로어에 들어서는 순간 후끈 달아오른 뜨거운 열기가 느껴졌다.,5,5,6,3,3,2,2,4,압박: “엔화는 에피타이저에 불과하고 진짜는 채권이지.” 그는 짙은 미소를 입매에 새기며 느긋하게 소파에 몸을 묻었다.
71,71,A05,압박,채권 대학살. — 이른 아침 아직은 추운 날씨에 박태홍 회장이 두꺼운 가디건을 입고 정원으로 나왔다.,5,6,6,3,3,2,2,4,압박: “지금도 패닉 상태인데 정말 예상대로 인플레이션 우려가 강해진다면 채권 시장은 말 그대로 대학살이 벌어지겠군요.” 채권 시장이 쑥대밭이 될수록 엘도라도 펀드의 수익은 더 커졌기에 석원의 미소가 더욱 짙어졌다.
72,72,A05,압박,"그러니까 정신 바짝 차리고 잘 따라와요. — 일주일 뒤, 여의도 대흥 증권 본사.",5,5,6,3,3,2,2,4,압박: 그러면서 석원과 함께 하기로 한 것이 정말 일생일대의 현명한 결정이었다고 다시 한번 스스로를 칭찬했다.
73,73,A05,압박,역시 보통내기가 아니었어. — 속절없이 추락하던 채권 가격은 CPI에 대한 기대감에 폭락을 멈추고 살짝 반등하는 모습을 보였다.,6,5,7,3,3,2,2,4,압박: 어쩌면 회사 문을 닫아야 될지도 몰라.] “……뭐?”
74,74,A05,전환,믿고 맡겨 봐. — 1만 피트 상공을 순항하며 날아가고 있는 걸프스트림 IV 비즈니스 제트기 내부.,5,5,6,3,3,2,2,4,전환: 든든한 아군의 등장에 며칠 동안 속앓이를 하던 것이 조금은 해소되는 기분이었다.
75,75,A05,전환,"얼마면 되겠습니까. — 며칠 뒤, 미국 일리노이주 어바나.",5,5,6,3,3,2,2,4,전환: “얼마면 되겠습니까.”
76,76,A05,전환,기대해도 좋아. — 건물 밖으로 나온 석원과 랜든은 대기하고 있던 리무진 뒷좌석에 올라탔다.,5,5,6,3,3,2,2,4,전환: 어떤 멋진 놈을 만들었을지 벌써부터 궁금해지는걸.” [최소한 모자이크보다는 훨씬 나을 테니까 기대해도 좋아.]
77,77,A05,전환,내가 언제 빈말을 하는 걸 봤어요? — 이른 아침 박태홍 회장이 크흠 하고 헛기침을 하며 주방으로 들어섰다.,5,5,6,3,3,2,2,4,전환: “그렇게 내가 못 미덥다면 직접 보여주는 수밖에.” [대흥 그룹 소유 지분도] 복잡하게 얽힌 대흥 그룹의 지분 상황을 한눈에 보기 좋게 그려놓은 걸 보며 우호근이 입가에 서늘한 미소를 지었다.
78,78,A05,보상,여기서 더 오른다고? — 어슴푸레 해가 지고 있는 저녁.,5,5,6,3,3,2,2,4,보상: 역시 날 닮아서 돈 버는 재주 하나는 타고났다니까.”
79,79,A05,보상,뭐든 말씀만 하십시오. — 서울 여의도 대흥증권 본사.,5,5,6,3,3,2,2,4,보상: “특히 우용갑 회장을 비롯한 오너가 지배 지분율이 얼마나 되고 어떻게 분배되어 있는지 정확히 알아봐 줬으면 좋겠어요.” “……!”
80,80,A05,여진/다음 훅,"SHIP of MIRACLES — 밤 9시가 넘은 시각, 석원이 탄 검은색 BMW 540i가 한남동 본가에 도착했다.",5,6,6,3,3,2,2,4,여진/다음 훅: 하지만 이번에는 그걸 잊지 않고 기억하고 있던 석원이 손을 쓴 덕분에 그런 안타까운 일을 막아낼 수 있었다.
81,81,A06,도입,덕분에 한시름 놓게 됐구나. — 박태홍 회장은 커튼 틈으로 들어와 눈을 찌르는 밝은 햇살에 몸을 이리저리 뒤척이다가 잠에서 깼다.,5,5,6,3,3,2,2,4,도입: 아무튼 덕분에 한시름 놓게 됐구나.” 박태홍 회장은 웃으며 크게 기뻐했다.
82,82,A06,약속,내 생각은 달라요. — 서울 광진구 워커힐 호텔.,5,5,6,3,3,2,2,4,약속: “지금 환율에서 최소 절반은 더 하락할 거예요.” “……!”
83,83,A06,약속,이번에도 레 버리지를 거시는 거겠죠? — 석원의 폭탄 발언에 두 사람 모두 당혹감을 감추지 못했다.,5,5,6,3,3,2,2,4,약속: “당연히 그래야죠.”
84,84,A06,전진,그냥 딱 촉이 오는 걸로 골라봐요. — 같은 시각 종로구 고급 한식당.,5,5,6,3,3,2,2,4,전진: “에이 비행기가 무슨 자동차도 아니고.
85,85,A06,전진,설마 그사이 일이 생기진 않겠지. — 앞에 놓인 커피가 천천히 식어가는 가운데 최호근 과장은 가만히 소파에 앉아 석원을 바라봤다.,5,5,7,3,3,2,2,4,전진: “설마 그사이 일이 생기진 않겠지.” 혼잣말을 중얼거린 박진형 사장은 서류철을 다시 서랍에 집어넣으며 애써 불안감을 지웠다.
86,86,A06,전진,덕분에 큰돈을 벌 수 있으니 나쁠 건 없죠. — 여의도 대흥 증권 본사.,5,5,6,3,3,2,2,4,전진: “이제 곧 진한 피 냄새를 맡고 굶주린 승냥이 떼들이 멕시코로 몰려들겠군.” 석원은 낮게 읊조린 후 점점 어둑해지는 하늘로 시선을 들어 올렸다.
87,87,A06,전진,모자이크보다 더 나은데. — 구름 한 점 없이 맑은 주말 아침.,5,5,6,3,3,2,2,4,전진: 한편 밖에 있던 개발자들은 한참 정신없이 버그 수정을 하고 있다가 갑자기 드는 오한에 몸을 부들 떨었다.
88,88,A06,전진,이제 진짜 위기가 시작됐군. — 하루 종일 뜨겁게 내리쬐던 햇살이 기세를 죽이고 서쪽으로 저물고 있는 늦은 오후.,6,5,6,3,3,2,2,4,전진: “이제 진짜 위기가 시작됐군.”
89,89,A06,전진,마음에 들면 그냥 질러 버리는 거죠. — 커다란 통유리창 너머로 탁 트인 이스트 강이 보이는 엘도라도 펀드 대표실 안.,5,6,6,3,3,2,2,4,"전진: “쇠뿔도 단김에 빼랬다고 누가 먼저 채가기 전에 바로 전화해서 계약을 걸죠.” “아, 예.” 랜든은 여전히 얼떨떨한 기색을 떨치지 못한 채 고개를 끄덕였다."
90,90,A06,압박,뭐가 됐든 중고 기체인 건 맞지 않습니까. — 미국 조지아주 서배너(Savannah).,5,5,6,3,3,2,2,4,압박: 마치 어떻습니까라고 하며 칭찬을 바라는 듯한 모습에 석원이 흡족한 얼굴로 작게 머리를 끄덕였다.
91,91,A06,압박,결국 막을 수 없는 건가. — 고려일보 사회부 부장인 김득한이 책상 앞에 앉아 업무를 보고 있다가 노크 소리에 상체를 바로 세웠다.,5,5,6,3,3,2,2,4,압박: “결국 사고가 벌어지는 걸 막을 수 없는 건가.”
92,92,A06,압박,저도요? — 높다란 담장으로 둘러싸인 이층 저택 대문 앞에 검은색 벤츠 승용차 한 대가 미끄러지듯 다가와 멈춰 섰다.,5,5,6,3,3,2,2,4,"압박: PI부서를 전담해서 맡게 될 거니까 지금 하는 일에서 딱히 바뀔 건 없을 거다.” 다른 재벌 2, 3세들이 그렇듯 팀장 자리에 오래 있을 거라고 생각하진 않았기에 석원은 순순히 말을 따랐다."
93,93,A06,전환,나야 상관없으니까 언제든지 연락하게. — 이주일 만에 회사를 나온 석원은 넓은 책상 앞에 앉아 그동안 밀린 서류들을 살펴보고 있었다.,5,5,6,3,3,2,2,4,전환: “시간이 괜찮으면 오늘 저녁 식사나 같이하지.” “좋습니다.”
94,94,A06,전환,지금 당장 다리를 폐쇄해야 된다고요! — 1994년 10월 21일 금요일.,5,5,8,3,3,2,2,4,전환: “뭐야 사고야?” “시발 가뜩이나 바쁜데 재수 없게.” 그걸 보며 석원은 작게 안도의 한숨을 쉬었다.
95,95,A06,전환,어떻게 저럴 수가 있지 — 사방에서 경적 소리가 위협적으로 울렸지만 석원은 오히려 그런 모습을 보고 안심했다.,5,5,6,3,3,2,2,4,전환: “…….” 한순간 표정을 굳힌 김득한 부장은 자신의 잘못을 알긴 하는지 어색하게 먼저 고개를 돌리고는 황급히 부장실로 도망치듯 사라졌다.
96,96,A06,보상,"실수는 한 번으로 족해. — 다음날, 한남동 본가.",5,5,6,3,3,2,2,4,보상: 실수는 한 번으로 족해.” 결심한 듯한 김득한 부장의 얼굴을 보고 나서야 양영모가 굳어 있던 표정을 풀었다.
97,97,A06,보상,그럭저럭 부족하진 않겠네요. — 사고를 낸 차량 대신 새로 뽑은 검은색 BMW 승용차가 미끄러지듯 호텔 정문 앞으로 들어와 멈춰 섰다.,5,5,6,3,3,2,2,4,보상: “베어링스 은행이에요.”
98,98,A06,여진/다음 훅,88888. — “제가 알고 있는 영국의 그 베어링스 은행을 말씀하시는 겁니까?” 랜든이 눈을 껌뻑이며 묻자 그가 머리를 끄덕였다.,5,5,6,3,3,2,2,4,여진/다음 훅: 그럼 모든 걸 원래대로 되돌려 놓을 수 있어.”
99,99,A07,도입,이제 고점에 거의 다 왔다는 신호군. — “비서실장님이 오셨습니다.,5,5,6,3,3,2,2,4,도입: “장바구니를 든 아줌마까지 객장에 나와 주식을 사는 걸 보니 이제 고점에 거의 다 왔다는 신호군.” 항상 거품은 이럴 때 터지는 법이었다.
100,100,A07,약속,멕시코의 악몽은 이제부터 시작이겠네요. — 크리스마스 연휴를 며칠 앞둔 22일 새벽.,5,5,6,3,3,2,2,4,약속: 늦게 가면 다른 팀들한테 다 뺏길지도 모릅니다.” 홍재희가 한우를 향한 열정을 활활 불태우자 뺀질거리는 정환엽 대리와 유석현이 눈치껏 서둘러 거래 내역을 정리하기 시작했다.
101,101,A07,약속,솔직히 난 본부장님이 실패하는 게 상상이 안 돼. — 1995년 1월 3일.,6,5,6,3,3,2,2,4,약속: 형수님이라고 불러.”
102,102,A07,전진,고베 대지진. — 1995년 1월 17일 일본 고베.,5,5,6,3,3,2,2,4,전진: “다들 패닉에 빠져 있을 때가 진짜 큰돈을 벌 수 있는 절호의 기회인 법이지.” 그러면서 석원은 차분한 얼굴로 팔짱을 낀 채 뉴스 속보를 계속 지켜봤다.
103,103,A07,전진,모두가 한쪽을 바라보고 있을 때 예상치 못한 변수가 발생하는 법이지. — 1995년 1월 17일 일본 도쿄도 주오구 도쿄증권거래소.,5,5,7,3,3,2,2,4,전진: “지금 바로 포지션을 전부 정리하고 엔화를 사들이도록 해요!” “예?!”
104,104,A07,전진,팔 수 있는 만큼 가능한 많이! 어서 서둘러! — 뜻밖의 지시에 앤드루는 당혹감을 감추지 못하며 되물었다.,5,5,6,3,3,2,2,4,전진: 하지만 방금 한 결정이 지옥의 구렁텅이를 빠져나올 동아줄이 아니라 더 깊은 수렁으로 향하는 티켓이 될 거라고는 이때까지만 해도 전혀 짐작하지 못했다.
105,105,A07,전진,"거봐! 내가 뭐라고 했어. — “여기 주문하신 잔치국수 나왔습니다.” 앞치마를 한 종업원 아주머니가 멸치 육수에 소고기, 계란, 당근, 호박 그리고 김 고명을 면 위에 푸짐하게 올린 잔치국수 두 그릇을 반찬과 함께 내려놓고 갔다.",5,5,6,3,3,2,2,4,전진: “사기의 끝은 파멸뿐이지.” 석원은 일순간 눈동자에 차가운 빛을 떠올렸다가 이내 평소처럼 되돌렸다.
106,106,A07,압박,"기대가 컸던 만큼 실망감에 더 크게 주저앉게 될 거예요. — 같은 시각, 싱가포르국제통화거래소(SIMEX).",5,5,6,3,3,2,2,4,압박: “이제 진짜 마무리를 할 때가 됐군.”
107,107,A07,압박,역시 본부장님이세요! — 햇볕이 따스하게 내리쬐는 가운데 골프장 클럽 하우스 출입구 쪽에서 큰 목소리가 들리며 한 무리가 안으로 걸어 들어왔다.,5,5,6,3,3,2,2,4,압박: “헉 시바스 리갈을 한 박스나!” “오늘 소주 말고 양주 먹는 날이구나!” “우오오오!”
108,108,A07,압박,"어어. 이거 왜 이러지. — 1995년 1월 23일 월요일, 싱가포르국제통화거래소(SIMEX).",5,5,6,3,3,2,2,4,"압박: 그럼 안전벨트를 착용해 주십시오.” 잠시 뒤, 석원을 태운 걸프스트림 IV 비즈니스 제트기는 쭉 뻗은 활주로를 힘차게 날아올라 어두운 밤하늘 속으로 사라졌다."
109,109,A07,전환,언제 기회가 생기면 한번 만나봤으면 좋겠군. — 커다란 통유리창 밖으로 맨해튼의 화려하고 아름다운 스카이라인이 아름답게 펼쳐진 최고급 레스토랑.,5,5,6,3,3,2,2,4,전환: 언제 기회가 생기면 한번 만나봤으면 좋겠군.”
110,110,A07,전환,"파운드를 무너뜨렸으니 엔화 역시 그럴 수 있지 않겠어요. — 미국 뉴욕, 맨해튼 원 뉴욕 플라자 빌딩.",5,5,7,3,3,2,2,4,전환: 파운드를 무너뜨렸으니 엔화 역시 그럴 수 있지 않겠어요?”
111,111,A07,전환,"정말로 일본은행하고 한 판 떠볼까요? — 두 사람이 당황스러운 표정으로 서로를 바라보는 가운데, 석원은 태연하게 자리에 앉아 있었다.",5,5,6,3,3,2,2,4,전환: 석원은 그 점을 이용해 이번 계획을 세울 수 있었다.
112,112,A07,보상,공짜 점심은 없다(No Free Lunch) — 항상 머무는 뉴욕 플라자 호텔 펜트하우스에서 눈을 뗀 석원은 곧바로 일어나지 않고 잠시 부드러운 침구의 감촉을 만끽했다.,5,6,6,3,3,2,2,4,보상: 얼마나 큰 수익을 안겨줄지 석원은 기대감으로 눈을 빛냈다.
113,113,A07,여진/다음 훅,억만장자로 만들어 줄 테니까 기대해도 좋아. — 뉴욕 라과디아 공항(LaGuardia Airport).,5,6,6,3,3,2,2,4,여진/다음 훅: “네가 원하는 대로 개발을 마음껏 할 수 있을 뿐만 아니라 억만장자까지 만들어 줄 테니까 기대해도 좋아.”
114,114,A08,도입,주당 24달러 정도면 적당할 것 같군요. — 전 세계 경제 수도로 불리는 뉴욕 그중에서도 심장이라고 할 수 있는 월스트리트는 평일 낮인데도 사람과 차량들로 가득 차 혼잡했다.,5,6,6,3,3,2,2,4,도입: “주당 24달러 정도면 적당할 것 같군요.” “……!”
115,115,A08,약속,28달러도 너무 헐값에 주식을 내놓는 것 같아서 아까워. — 다들 눈을 동그랗게 뜨고 석원을 쳐다보는 가운데 미리 이야기를 나눴던 랜든만이 담담하게 앉아 있었다.,5,6,6,3,3,2,2,4,약속: 넌 할 수 있을 거야.”
116,116,A08,약속,"혹시 진지하게 정치를 해보려는 생각이 있어요? — 며칠 뒤, 미국 일리노이주 시카고(Chicago).",5,5,7,3,3,2,2,4,약속: “혹시 진지하게 정치를 해보려는 생각이 있어요?” “……!”
117,117,A08,전진,다른 건 몰라도 제 눈은 확실해요. — 예상치 못한 물음에 커프는 순간 당혹감을 감추지 못했다.,5,6,6,3,3,2,2,4,전진: 그러니까 달러 당 7페소를 넘기면 그때부터 멕시코 포지션을 빠르게 전부 정리하도록 해요.” [알겠습니다.] 이미 이렇게 될 걸 예상하고 시나리오를 세워뒀기에 랜든의 대답에 망설임이 없었다.
118,118,A08,전진,일을 잘 끝내면 뒤는 내가 확실히 봐주지. — 네온사인 불빛이 화려하게 반짝이며 나이트 클럽과 룸살롱이 즐비한 강남 유흥가로 택시 한 대가 들어서더니 멈춰 섰다.,5,5,7,3,3,2,2,4,"전진: “오전에 뭐 급한 일은 없지?” “네.” “그럼 잠깐 할 이야기가 있으니까 출근 전에 서재로 좀 오거라.” 갑자기 무슨 일인지 궁금했지만, 곧 직접 들으면 알겠다고 생각하며 대답했다."
119,119,A08,전진,아니 절대 인수를 해서는 안 돼요. — 노크를 하고 석원이 들어오자 소파 상석에 앉아 서류를 보고 있던 박태홍 회장이 턱으로 비어 있는 오른편 자리를 가리켰다.,6,6,6,3,3,2,2,4,전진: 석원이 말을 내뱉자마자 서재에 무거운 침묵이 내려앉았다.
120,120,A08,전진,때와 시기를 맞추지 못한 용기는 만용일 뿐입니다. — 당연히 찬성할 거라고 생각했던 박태홍 회장은 예상과 전혀 다른 대답에 눈썹을 찌푸렸다.,5,5,6,3,3,2,2,4,전진: 그러고는 주머니에 휴대폰을 찔러 넣고 그대로 주차장에 세워둔 차로 가서 문을 열고 운전석에 올라탔다.
121,121,A08,전진,싱가포르에서 기다리던 일이 터진 것 같습니다! — 본부장실 소파에 석원이 최호근 4팀장하고 앉아 있었다.,5,5,6,3,3,2,2,4,전진: [사기꾼 한 놈 때문에 날벼락을 맞은 베어링스 은행은 안 됐지만 덕분에 숏을 친 저희들은 돈벼락을 맞게 됐군요.] 석원 역시 휴대폰을 손에 든 채 입가에 짙은 미소를 지었다.
122,122,A08,전진,그룹 내 군살을 빼려고 하는데 두 사람 생각은 어때? — 마포 대흥그룹 본사.,5,5,6,3,3,2,2,4,전진: 실망시키지 않도록 하겠습니다.” “당연히 그래야지.” 퉁명스러운 말투였지만 장남에 대한 박태홍 회장의 신뢰가 고스란히 들어있었다.
123,123,A08,전진,이거 그냥 놔두기엔 엄청 달달한 사업이잖아. — 고급스럽게 꾸며진 특급호텔 피트니스 센터 안.,5,5,6,3,3,2,2,4,전진: “앞으로가 더 기대되네.” 석원은 자신감 넘치는 미소를 입가에 그렸다.
124,124,A08,압박,아무거나 덥석 입안에 넣으면 탈이 나는 법이지 — 자정이 훌쩍 넘은 늦은 시간이었지만 도쿄 중심부에 위치한 일본 은행 국제부 사무실은 불이 환하게 켜져 있었다.,5,5,6,3,3,2,2,4,압박: “먹음직스러워 보인다고 아무거나 덥석 입안에 넣으면 탈이 나는 법이지.”
125,125,A08,압박,작업을 치고 있는 회사 이름이 뭐예요? — 여의도 대흥 증권 본사 5층 트레이딩 센터.,5,6,6,3,3,2,2,4,압박: 아!” 미간을 좁히며 기억을 더듬던 석원은 순간 번뜩하고 머릿속을 스쳐 지나가는 생각에 낮게 탄성을 내뱉었다.
126,126,A08,압박,아주 흥미로운 걸 잘 찾아왔어요. — “뭐하냐?” 여느 때처럼 좁은 구둣방에 혼자 앉아 구두를 닦고 있던 석원은 익숙한 목소리에 고개를 들었다.,5,5,6,3,3,2,2,4,압박: “카운터 펀치는 안 되겠지만 본 게임을 벌이기 전에 가볍게 잽을 날려주는 것도 나쁘진 않겠지.” 석원은 입가에 짙은 미소를 띠며 중얼거렸다.
127,127,A08,압박,안 들키면 되는 거잖아. — 넓은 창문 너머로 높다란 빌딩들이 내려다보이는 동해 그룹 회장실 안은 무겁게 분위기가 가라앉아 있었다.,6,5,6,3,3,2,2,4,압박: 때마침 버튼을 누른 층에 도착한 우호근은 냉기가 풀풀 날리는 얼굴로 엘리베이터에서 내렸다.
128,128,A08,전환,땅콩을 좋아하는 여자는 별로예요. — 서울 워커힐 호텔 컨벤션 센터 앞에 BMW 승용차 한 대가 미끄러지듯 다가와 멈춰 섰다.,5,5,6,3,3,2,2,4,"전환: 어휴, 오 여사한테는 뭐라고 말한담.” 그러면서 조덕례 여사는 고운 이마를 찡그렸다."
129,129,A08,전환,상황을 지켜보다가 때가 되면 알려줄게요. — 여의도 대흥 증권 본사.,5,5,6,3,3,2,2,4,"전환: 주식 거래를 하면서 이것보다 훨씬 큰 액수를 사고판 적도 있지만, 단순히 컴퓨터 안에 든 숫자로 거래했을 뿐이지 이렇게 많은 돈을 실물로 본 건 처음이었다."
130,130,A08,전환,뒤통수를 때리면 모를까 얻어맞을 놈은 아니지. — 주말을 맞아 북한강 바로 옆에 지어진 우용갑 회장의 별장에 내려온 우호근과 두 친구는 늘씬한 모델들과 함께 파티를 벌이고 있었다.,5,6,6,3,3,2,2,4,전환: 게다가 보유한 자산을 생각하면 백만 달러는 정말 티끌 정도밖에 안 됐기에 랜든은 그냥 그러려니 하고 받아들였다.
131,131,A08,전환,그렇게 된다면 정말 희대의 투자 천재가 되는 거겠지. — “더 필요한 건 없어요?” 뉴욕 롱아일랜드 사우스햄튼에 있는 조지 해밀턴의 저택에 방문한 로드니는 해밀턴의 부인인 아일라의 물음에 웃으며 대답했다.,5,5,6,3,3,2,2,4,전환: 그걸 본 석원의 눈동자가 서늘하게 번득였다.
132,132,A08,보상,"아버지가 보시면 아주 좋아하시겠네. — 여의도 대흥 증권 본사 1층에 자리한 객장 안은 오늘도 여느 때와 같이 남녀노소, 각양각색의 투자자들이 꽉 들어차 뜨거운 열기를 뿜어내고 있었다.",5,6,6,3,3,2,2,4,보상: “아버지가 보시면 아주 좋아하시겠네.” 이번 투자로 번 수익금 액수를 다시 확인하는 그의 얼굴에 짙은 미소가 번졌다.
133,133,A08,보상,거래는 서로 주고받는 거니까요. — “바쁘실 텐데 이렇게 나와 주셔서 감사합니다.” 강북에 위치한 최고급 일식당 동경(東京) 별실에 석원은 증권감독원 검사 1국 과장인 최복락과 마주 앉아 있었다.,5,5,6,3,3,2,2,4,보상: 만약 제때 팔지 않고 욕심을 부려 계속 들고 있었다면 어떻게 됐을지 생각하자 아찔한 기분마저 들었다.
134,134,A08,여진/다음 훅,에라이 독한 놈. — 마포 대흥그룹 본사 회장실.,5,5,6,3,3,2,2,4,여진/다음 훅: 아니 속이 아주 많이 쓰라렸다.
135,135,A09,도입,"도쿄 대공습 (1) — 1995년 4월 9일, 미국 뉴욕 오후 4시 30분.",5,5,6,3,3,2,2,4,도입: “드디어 도쿄 대공습의 시작됐네.”
136,136,A09,약속,"도쿄 대공습 (2) — 미국 뉴욕, 엘도라도 펀드 사무실.",5,5,6,3,3,2,2,4,약속: 발등에 불이 떨어진 것 같은 카지와라 총재의 뒷모습을 보면서 야마다 과장은 나직이 한숨을 내쉬었다.
137,137,A09,약속,도쿄 대공습 (3) — 1995년 4월 10일 아침.,5,5,6,3,3,2,2,4,약속: “더 오를 거니까 80엔까지 계속 홀딩하고 있어요.”
138,138,A09,전진,"티핑 포인트(tipping point) — “8, 80엔이라고 하셨습니까?” [그래요.] 수화기를 귀에 대고 있는 김정식 1팀 팀장이 당혹감을 감추지 못하는 가운데 석원의 이야기가 이어졌다.",5,5,6,3,3,2,2,4,전진: “원래 팽팽하게 대칭을 맞추고 있는 저울 어느 한쪽에 마지막 물 한 방울이 더해지는 순간 균형이 깨지면서 기울어져 버리는 법이지.” 바로 그 티핑 포인트(tipping point) 역할을 석원 본인이 할 작정이었다.
139,139,A09,전진,애피타이저 치고 이 정도면 나쁘지 않네. — 뉴욕 퀀텀펀드 사무실.,5,5,6,3,3,2,2,4,전진: “한 번 더 털어먹을 것이 남았지만 애피타이저치고 이 정도면 나쁘지 않네.”
140,140,A09,전진,그럼 확실히 베팅해 볼만할 것 같습니다. — 옵션거래를 한 홍콩 쪽 딜러와 통화를 끝낸 송종근 과장이 수화기를 내려놓자 옆에 서 있던 김정식 팀장이 득달같이 물었다.,5,5,6,3,3,2,2,4,전진: 그러고는 텔레비전 화면에 오래된 일본은행 본점 건물이 나오는 걸 바라보며 입가에 짙은 미소를 지었다.
141,141,A09,전진,"치명상까지는 아니지만 그래도 꽤 아플거야. — 다음날, 서울 한남동.",5,5,6,3,3,2,2,4,전진: “치명상까지는 아니지만 그래도 꽤 아플 거야.”
142,142,A09,전진,원하는 대로 칼춤을 제대로 춰드리도록 하죠. — 수화기를 내려놓은 최호근 팀장은 살짝 굳은 얼굴로 고개를 돌려 책상에 설치된 모니터를 봤다.,5,5,6,3,3,2,2,4,전진: “오늘 내가 넘긴 물량까지 전부 다 떠안고 나락으로 가는 거지.”
143,143,A09,압박,잘 알아서 하겠지만 입조심들 하도록 해요. — 여느 때와 같이 회사에 출근한 조철래 과장은 밤새 잠을 못 잤는지 초췌한 얼굴이었다.,5,5,6,3,3,2,2,4,압박: “그럼 이만 나가봐요.” “네.” 두 사람은 입을 모아 대답하고는 돈가방을 챙겨 소파에서 일어났다.
144,144,A09,압박,오늘따라 더 맥주맛이 좋은 것 같네. — “도대체 어떻게 된 일이야?” 상석에 자리한 우용갑 회장이 잔뜩 짜증이 난 얼굴로 왼편 소파에 앉아 있는 전해철 비서실장을 보며 다그치듯 물었다.,5,5,6,3,3,2,2,4,압박: 석원은 그렇게 생각하며 차가운 맥주를 입안에 머금었다.
145,145,A09,압박,어떤지 한 번 살펴봐라. — 강남에 위치한 최고급 룸살롱 물랑 루즈(Moulin Rouge) 룸 안에 전건우와 유석찬이 여자도 없이 둘만 앉아 있었다.,5,5,6,3,3,2,2,4,압박: “계열사 구조조정 계획안이다.” “……!” 전혀 생각지도 못한 이야기에 석원은 눈을 크게 뜨고 상석에 앉아 있는 박태홍 회장을 봤다.
146,146,A09,전환,정말 그런 세상이 온다고 생각하는 거냐? — “지금 계열사 구조조정 계획안이라고 하셨어요?” “그래.” 박태홍 회장이 작게 머리를 끄덕이고는 차분하게 말했다.,6,5,6,3,3,2,2,4,전환: 이왕 입찰에 나섰으면 무조건 낙찰을 받아야지.’ IMF 위기만 잘 넘긴다면 강남 한복판 노른자위 땅인 삼풍 백화점 부지는 손에 쥐고 있으면 무조건 남는 장사였다.
147,147,A09,전환,이제 결과는 하늘에 맡기는 수밖에. — [차명계좌를 이용해 주가조작에 가담한 증권사 직원 2명 덜미 증권감독원은 시세 조정 행위를 벌여 부당이득을 챙기려던 증권사 임직원 2명을 적발해 검찰에 고발 조치했다.,5,5,6,3,3,2,2,4,전환: 오후 1시에 발표가 됩니다.” “할 만큼 했으니까 이제 결과는 하늘에 맡기는 수밖에.”
148,148,A09,전환,"재무부 금고를 채워줄 큰 손인데 그 정도 편의는 봐줘야지. — 다음날 오후 1시 10분, 마포 대흥 그룹 본사 회장실.",5,5,6,3,3,2,2,4,전환: “국채를 사서 재무부 금고를 채워줄 큰 손인데 그 정도 편의는 봐줘야지.” 프랭크 장관이 내놓은 해법이 매우 마음에 든 데이비슨 대통령은 호탕하게 웃음을 터트렸다.
149,149,A09,보상,설마 엔이 다시 폭락하는 일이 생기진 않겠지. — 시원하게 쭉 뻗은 올림픽대로를 따라 벤츠 대형 세단 한 대가 김포 국제공항을 향해 가고 있었다.,6,5,7,3,3,2,2,4,보상: “설마 엔이 다시 폭락해 100엔 아래로 떨어지는 일이 생기진 않겠지.”
150,150,A09,여진/다음 훅,이번 게임의 진정한 승자는 그쪽일 겁니다. — 미국 뉴욕 플라자 호텔 펜트하우스.,5,5,6,3,3,2,2,4,여진/다음 훅: “엘도라도 펀드입니다.”
151,151,A10,도입,나중에 더 비싸게 팔려고 그런 거니까 신경 쓰지 마. — [영국에 이어 일본까지 침몰시킨 조지 해밀턴과 그가 이끄는 헤지펀드 마피아 상원에서 진행 중인 공청회에 출석한 조지 해밀턴 퀀텀 펀드 대표는 최근 질타를 받고 있는 엔화 공격에 대해 하루 거래액이 1조 달러에 달하는 외환시장에서 자신과 헤지펀드들이 의도적인 통화 조작을 한 일이 없고 그럴 수도 없다고 부인했다.,6,6,6,3,3,2,2,4,도입: 석원은 굳이 오해를 바로잡아주는 대신 그냥 미소만 지었다.
152,152,A10,약속,이 정도면 내기에서 내가 확실히 이긴 거죠? — ­ ­ 그렇게 네 사람이 화기애애한 분위기 속에서 대화를 나누던 중에 랜든이 손목에 찬 롤렉스 시계로 시간을 확인하고는 말했다.,6,5,6,3,3,2,2,4,약속: 90년대 후반 미국을 비롯한 전 세계를 광란의 도가니에 빠뜨린 닷컴 버블(dot-com bubble)의 신호탄이 쏘아 올려진 거였다.
153,153,A10,약속,"갑자기 왜? 날 봐야 될 일이라도 있어? — [인터넷과 현실을 연결하는 창, 넷스케이프 20대 청년 창업자 잭팟을 터트렸다!] [넷스케이프 주당 100달러 돌파 거침없는 상승세!] [인터넷 혁명의 선두주자 넷스케이프.",5,6,6,3,3,2,2,4,약속: 그런 한편으로 톰 하퍼 못지않게 컴퓨터에 재능이 있는 로이가 무슨 회사를 창업했는지 궁금해졌다.
154,154,A10,전진,이걸 로이가 왜 가져 온 거야? — 넓은 태평양 바다와 아름다운 샌프란시스코 시가지가 내려다보이는 노브힐 언덕 위에 지어진 페어몬트 샌프란시스코(Fairmont San Francisco) 호텔 정문에 택시 한 대가 멈춰 섰다.,5,5,8,3,3,2,2,4,전진: 이걸 로이가 왜 가져 온 거야?’
155,155,A10,전진,그럼 바로 계약서를 쓸까? — 핫메일(Hotmail)은 1996년 서비스를 시작한 세계 최초의 웹메일 서비스였다.,5,6,7,3,3,2,2,4,전진: “그럼 바로 계약서를 쓸까?”
156,156,A10,전진,돈 벌어서 뭐하겠어. 이럴 때 쓰는 거지. — “뉴욕에서 보내준 계약서입니다.” 석원은 소파에 앉은 채 뉴욕에 있는 랜든이 연락을 받고 급히 만들어 팩스로 보내준 투자 계약서를 보커스한테 건네받았다.,6,6,6,3,3,2,2,4,"전진: 하지만 백화점 전쟁에서 경쟁사들을 떨쳐내고 강남, 아니 대한민국 최고의 백화점으로 확고하게 자리를 잡기 위해선 꼭 필요한 일이었다."
157,157,A10,전진,그 전에 난 발을 빼고 나올 테니 상관없지. — 하늘에 해가 늬엇늬엇 지고 있는 저녁.,5,5,6,3,3,2,2,4,전진: 거친 엔진 소리를 내며 석원이 탄 BMW 승용차는 문이 활짝 열린 차고를 빠져나왔다.
158,158,A10,전진,이걸 잊어서는 안 됐는데……. — 오랜만에 출근한 석원은 먼저 대표실로 올라가 고영일 사장한테 얼굴 도장을 찍었다.,5,5,6,3,3,2,2,4,전진: 개인 정보라 알려줄지 모르겠지만 일단 연락을 해보겠습니다.” “부탁해요.”
159,159,A10,전진,"돈 버는 재주만 있는 게 아니라 인성도 똑바로 박힌 것 같군. — 며칠 뒤, 마포 대흥그룹 본사 회장실.",5,5,6,3,3,2,2,4,전진: 힘든 사람들한테 베풀 줄도 아는 걸 보니 돈 버는 재주만 있는 게 아니라 인성도 똑바로 박힌 것 같군.” 그러면서 은근히 흐뭇해하는 박태홍 회장이었다.
160,160,A10,전진,어쩔 수 없지. 여차하면 내가 나서는 수밖에. — 여의도 대흥 증권 본사 5층에 위치한 트레이딩 센터는 여느 때하고 다름없이 쉬지 않고 울려대는 전화벨 소리와 수화기를 붙잡고 큰 소리로 주문을 내거나 받는 트레이더들의 목소리로 시끄러웠다.,5,5,6,3,3,2,2,4,전진: 여차하면 내가 나서는 수밖에.”
161,161,A10,전진,귀가 왜 이렇게 간지럽지. — 미국 캘리포니아주 실리콘밸리.,5,5,7,3,3,2,2,4,전진: 귀가 왜 이렇게 간지럽지.”
162,162,A10,압박,사업을 열심히 키우면 난 뒤에서 돈만 받아 챙기면 되는 거지. — 밝은 형광등 불빛 아래.,5,5,6,3,3,2,2,4,압박: “굳이 내가 시간과 열정을 쏟을 필요 없이 조정광이 사업을 열심히 키우면 난 뒤에서 돈만 받아 챙기면 되는 거지.” 그렇게 말하며 석원은 입가에 짙은 미소를 지었다.
163,163,A10,압박,우리가 가진 독점권에 관심이 있으시다고요? — 홍콩 완차이(Wan Chai).,5,5,7,3,3,2,2,4,압박: “얼마까지 알아보고 오셨습니까?”
164,164,A10,압박,일주일 기한을 드리도록 하죠. — 빠꾸 없는 돌직구 같은 물음에 상대가 살짝 당황하는 모습을 보이자 석원이 어깨를 으쓱이며 여유 있게 말했다.,5,5,6,3,3,2,2,4,압박: 순서대로 들어오는 코스 요리를 정말 맛있게 먹어 치우는 석원과 달리 큰 고민거리가 생긴 조정광과 요코우치 상무는 음식이 어디로 들어가는지도 모르는 상태로 깨작거리며 먹는 시늉만 했다.
165,165,A10,압박,그만큼이라도 남겨준 것이 어디야. — “조 사장이 제안을 받아들일까요?” 석원은 푹신한 소파에 앉아 랜든이 따라주는 술을 받으며 담담하게 말했다.,5,5,6,3,3,2,2,4,압박: ‘다 가로채지 않고 그만큼이라도 남겨준 것이 어디야.’
166,166,A10,전환,직접 눌러보시겠습니까. — 1995년 6월 29일.,5,5,6,3,3,2,2,4,전환: 이내 대기하고 있던 소방차들이 주변을 뒤덮은 먼지를 가라앉히려고 급히 물을 뿌리는 걸 지켜보면서 석원은 그제야 마음 한구석에 올려져 있던 무거운 돌덩이 하나가 완전히 치워지는 홀가분함을 느꼈다.
167,167,A10,전환,지금이 헐값에 살 수 있는 마지막 기회잖아. — 일주일 기한을 딱 하루 남겨두고 소프트뱅크 측에서 걸려온 전화에 석원은 랜든과 함께 워커힐 호텔 일식당 별실에서 조정광 사장을 다시 만났다.,5,6,7,3,3,2,2,4,"전환: [네, 보스.] “한 가지 처리해줘야 될 일이 생겼어요.” [뭔지 말씀하십시오.] “구찌를 사고 싶은데 인수할 방법이 없는지 찾아봐 줘요.” [예?!]"
168,168,A10,전환,박석원이라고? 확실한 거야? — 미도파 백화점 명동점.,5,5,6,3,3,2,2,4,전환: “날 건드렸다 이거지.” 우호근은 테이블 위에 흩어진 사진들을 손으로 꽉 움켜쥐고는 적개심을 가득 피워올렸다.
169,169,A10,전환,전 반대입니다. — 천 포인트 대에서 상쾌하게 출발했지만 금방 힘이 빠진 모습을 보이며 내리막길을 계속 이어가던 종합주가지수는 7월 들어 외국인 주식투자한도 추가확대가 실행되자 그때서야 바닥을 찍고 다시 반등하기 시작했다.,5,5,6,3,3,2,2,4,"전환: 아니, 절대 그쪽에 손을 대서는 안 됩니다.”"
170,170,A10,보상,진짜 한 번 해봐? — “반대한다고 했나?” 고영일 사장이 미간을 좁히며 쳐다보자 그는 약간의 망설임도 없이 머리를 끄덕였다.,5,6,6,3,3,2,2,4,보상: 석원은 진지한 표정으로 은행 인수에 대해 좀 더 깊은 고민을 시작했다.
171,171,A10,보상,아직 그걸 살 수 없는 게 너무 아쉽네. — 일본 요코하마 닛산 자동차 본사.,5,5,6,3,3,2,2,4,보상: “사 두기만 하면 크게 뻥튀기를 할 수 있는데 아직 증시 상장은 고사하고 법인이 만들어지지도 않았으니 어쩔 수 없지.” 대신 어떻게든 몸값이 가장 싼 증시 상장 전에 지분을 확보할 방법을 찾아야겠다고 생각하면서 석원은 흡족한 얼굴로 골동 보이차들로 가득 채워진 창고를 둘러봤다.
172,172,A10,보상,"내 꿀단지에 딴 놈들이 숟가락을 대는 꼴은 못 보지. — 독일 남서부 바덴뷔르템베르크주, 프라운호퍼 게젤샤프트(Gesellshaft) 연구소.",5,6,6,3,3,2,2,4,보상: “블리자드를 인수하게 됐으니까 지금쯤이면 거의 완성됐을 디아블로 베타 버전을 플레이해볼 수도 있겠네.”
173,173,A10,여진/다음 훅,이해해줘서 고마워. — 미국 캘리포니아 마운틴뷰(Mountain View).,5,5,6,3,3,2,2,4,여진/다음 훅: “내 말 꼭 명심해.”
174,174,A11,도입,머뭇거리다가 지금보다 더 비싸게 사야 되는 상황이 되기 전에 계약서를 쓰도록 해요. — 뉴욕 플라자 호텔 펜트하우스.,5,6,6,3,3,2,2,4,도입: 그렇게 하겠습니다.” “좋아요.” 석원은 곧 자신의 손에 들어올 구찌를 생각하며 입가에 미소를 지은 채 차가운 아이스 아메리카노를 쭉 들이켰다.
175,175,A11,약속,패션계의 거물이 될 사내의 젊은 모습이 어떤지 기대가 되네. — 이탈리아 피렌체(Firenze).,5,5,6,3,3,2,2,4,약속: 앞으로 패션계에 한 획을 그을 거물의 젊은 시절은 어떤 모습일지 기대가 되네.” 작게 혼잣말을 중얼거린 석원은 다시 운동을 이어 가기 위해 등을 뒤로 바짝 붙여 자세를 잡고는 양팔을 벌려 그립을 손에 쥐었다.
176,176,A11,약속,"무슨 생각으로 구찌를 인수하신 건지 듣고 싶습니다. — 며칠 뒤, 이탈리아 피렌체(Firenze).",5,6,6,3,3,2,2,4,약속: “무슨 생각으로 구찌를 인수하신 건지 듣고 싶습니다.”
177,177,A11,전진,계약 전에 선제 조건이 있다고 합니다. — 직설적인 물음에 석원은 당황한 기색 하나 없이 여유롭게 와인잔을 들어서 한 모금 마시고는 다시 내려놨다.,5,6,6,3,3,2,2,4,전진: “곧 발표할 F/W 컬렉션 남성복 라인 모델로 보스를 세우고 싶다고 합니다.” “……!”
178,178,A11,전진,이렇게 또 만나네요. — 전혀 예상하지 못한 이야기에 석원이 살짝 당황한 기색을 그대로 드러내며 되물었다.,5,5,6,3,3,2,2,4,전진: 친구가 가르쳐준 찐 맛집이라고요.” “그럼 얼마나 맛있는지 한번 가보죠.”
179,179,A11,전진,그럼 안 하려고 했어요? — 아침에 눈을 뜬 석원은 새하얀 어깨를 드러낸 채 품에 안겨서 자고 있는 킨슬리를 보고 살며시 미소를 지었다.,5,5,6,3,3,2,2,4,전진: 도대체 무슨 의도로 이러는 건지는 지켜보면 알 수 있겠지.”
180,180,A11,전진,"대표님께도 이번에 도움을 준 걸 꼭 말씀드리겠소이다. — 며칠 뒤, 서울 종로.",5,5,6,3,3,2,2,4,"전진: “자, 다시 한잔 합시다.” 기분이 좋은 듯 우춘일 의원이 술잔을 내밀자 석원은 잔을 들어 가볍게 부딪쳤다."
181,181,A11,전진,제가 부탁드릴 일이 하나 있는데요. — 핏이 딱 떨어지는 네이비색 슈트에 홀스빗 로퍼를 신은 석원이 한 손에 서류 가방을 들고 사무실로 출근했다.,5,5,6,3,3,2,2,4,전진: “제가 부탁드릴 일이 하나 있는데요.”
182,182,A11,전진,"저걸 탄다고? — 이른 아침, 정원 파라솔 테이블 위에 참새 서너 마리가 요란한 소리를 내며 앉아 있었다.",5,5,7,3,3,2,2,4,전진: “저걸 탄다고?” “그렇습니다.” 길성호 비서실장이 활짝 웃는 얼굴로 머리를 끄덕였다.
183,183,A11,압박,뭐 나쁘지 않군. — 황금빛 라인이 돋보이는 순백의 동체가 햇살을 받아 날렵한 곡선을 드러낸 채 고급스러운 자태를 뿜어내는 비즈니스 제트기를 잠시 멍하니 바라보던 박태홍 회장은 이내 정색을 하곤 길성호 비서실장을 봤다.,5,5,6,3,3,2,2,4,압박: 최호근 팀장은 급히 의자에 걸쳐둔 윗도리를 걸치고는 넥타이를 바로 고쳐 매며 빠른 걸음으로 사무실을 빠져나왔다.
184,184,A11,압박,Winter is coming. — 가져온 커피를 한 잔씩 내려놓은 나성미는 상석에 자리한 석원에게 꾸벅 머리를 숙이고는 방을 나갔다.,5,5,6,3,3,2,2,4,압박: “그럼 모두 찬성한 걸로 알고 내일부터 포지션을 정리하도록 해요.” “예.” “알겠습니다.” 이로써 석원과 대흥 증권 PI팀은 곧 강한 비바람과 함께 국내 주식 시장에 몰려들 먹구름을 피할 수 있었다.
185,185,A11,압박,진짜 한 번 맡겨봐? — 3박 4일간의 일정을 모두 끝낸 박태홍 회장은 큰아들인 박진형 사장과 함께 도시 외곽에 위치한 타오셴 국제공항 귀빈실에 앉아 있었다.,5,5,6,3,3,2,2,4,압박: “최선을 다해보겠습니다.”
186,186,A11,압박,"그래, 누구 아들인데. — 아버지가 귀국하시는 날이라 석원은 평소보다 조금 일찍 퇴근해 집으로 돌아왔다.",5,5,6,3,3,2,2,4,압박: “조금 늦은 감이 있지만 지금이라도 아들 녀석 앞길을 더 이상 막지 않고 재능을 마음껏 펼칠 수 있게 족쇄를 풀어줘야 되겠어.”
187,187,A11,전환,미안하지만 이제 그러실 필요가 없게 됐습니다. — 일본 도쿄 니혼바시 가부토쵸(日本橋兜町).,5,5,6,3,3,2,2,4,전환: “결국 100엔을 넘기다니……
188,188,A11,전환,가능하면 오래 버텨줬으면 좋겠는데 말이야. — 일본 요코하나 닛산 자동차 본사.,5,5,6,3,3,2,2,4,전환: 아예 상전이 따로 없는 모습에 석원은 하하 소리를 내며 웃었다.
189,189,A11,전환,으이구. 저 화상. 내가 너 때문에 제 명에 못 살지 — 서울 여의도 국회 본회의장.,5,5,6,3,3,2,2,4,전환: 내가 너 때문에 제 명에 못 살지.” 최호근 팀장은 연신 어휴 하는 소리를 내면서 황급히 자리로 향했다.
190,190,A11,보상,힘드시겠지만 어차피 한번은 털고 가야 될 일이지. — [노기훈 전 대통령 비자금 파문으로 국회 파행 오늘 열린 국회 대정부 질문에서 야당인 민평당 주규황 의원이 노기훈 전 대통령의 4천억 원 비자금 의혹에 대한 구체적인 증거를 제시하며 철저한 수사와 국정조사권 발동을 강력히 요구하고 나서 파문이 일고 있다.,5,6,6,3,3,2,2,4,보상: “힘드시겠지만 어차피 한번은 털고 가야될 일이니 어쩔 수 없지.”
191,191,A11,보상,상황이 변했으니 그에 맞춰 계획을 수정해야 되지 않겠나. — 10월 27일 금요일 오전.,5,6,6,3,3,2,2,4,보상: “이미 다 커서 용이 되어 버린 녀석을 좁은 우물에 억지로 가둬놓을 수는 없지 않겠나.”
192,192,A11,여진/다음 훅,다시는 어느 누구도 감히 넘보지 못하도록 끝까지 덤벼들었으면 좋겠네. — 새벽부터 내린 빗줄기가 점점 더 굵어지는 가운데 석원은 애마인 BMW 540i를 타고 회사가 있는 여의도로 향하고 있었다.,5,5,6,3,3,2,2,4,여진/다음 훅: 최보경이 진지한 얼굴로 이 사실을 시어머니한테 알려야 할지 고민했다.
193,193,A12,도입,이것 좀 보세요. 어머니. — 조덕례 여사는 밝은 햇살이 들어오는 거실 소파에 앉아 우아하게 홍차를 마시면서 오후의 여유를 만끽했다.,5,5,6,3,3,2,2,4,도입: “조금 있으면 석원이가 퇴근해서 돌아올 테니 그때 이야기를 들어보면 확실히 알겠지.”
194,194,A12,약속,펀드로 영입했어도 오래 품고 있긴 힘들었을 것 같군. — 이층 계단을 내려오자 맛있는 음식 냄새가 코끝을 자극했다.,5,5,6,3,3,2,2,4,약속: “지금 생각해보면 일찍 재능을 알아보고 펀드로 영입했어도 오래 품고 있긴 힘들었을 것 같군.” 꽤 오랫동안 함께 일했지만 한 번도 들어보지 못한 극찬에 로드니의 표정이 살짝 굳어졌다.
195,195,A12,약속,"장기 보유 종목을 하나 더 추가하려고 해요. — 뉴욕 맨해튼, 원 뉴욕 플라자 빌딩.",5,5,6,3,3,2,2,4,약속: 석원은 앞으로 엔론 주식을 통해 벌어들일 돈을 생각하면서 입가에 짙은 미소를 지었다.
196,196,A12,전진,지금은 물론이고 앞으로도 투자할 일은 없을 거예요. — 11월 17일 오후 1시.,5,5,6,3,3,2,2,4,전진: ‘몇 년 뒤에 LTCM이 파산하게 되면 발을 담그지 않고 뒤로 물러나 있던 걸 천만다행이라고 여기게 될걸.’ 역시 보스의 결정이 옳았다고 가슴을 쓸어내릴 랜든의 모습이 눈에 선했다.
197,197,A12,전진,성공만 한다면 또 한 번 월가가 발칵 뒤집히겠군. — 평일 낮인데도 천장이 높은 입국장은 사람들로 북적이고 있었다.,5,5,6,3,3,2,2,4,전진: “성공만 한다면 또 한 번 월가가 발칵 뒤집히겠군.” 그렇게 말하는 랜든의 입매 역시 기대감으로 호선을 그렸다.
198,198,A12,전진,내가 이런 걸로 농담을 할 사람 같냐. — 높다란 담장으로 둘러싸인 저택 앞에 벤츠 대형 세단 한 대가 미끄러지듯 다가와 멈춰 섰다.,5,5,6,3,3,2,2,4,전진: 그러자 석원도 곧장 뒤를 따라 움직였다.
199,199,A12,전진,그러게 일을 똑바로 했어야지. — 일본 요코하마 닛산 자동차 본사.,5,5,6,3,3,2,2,4,전진: “자네가 야마모토 대신 그쪽하고 협의를 봐서 옵션을 청산하도록 해.” 쿠로다 사장의 지시에 모리야마 부장이 살짝 갈라진 목소리로 대답했다.
200,200,A12,전진,지금껏 함께 손발을 맞춰왔던 사이니까 같이 간다면 나도 좋죠. — 여의도 대흥 증권 본사.,5,5,6,3,3,2,2,4,전진: 일주일 안에 팀원들 중에 몇 명이나 따라갈지 대답을 돌려줘요.” “예!
201,201,A12,전진,워싱턴에서 걸려온 전화를 받게 되면 어떤 표정을 지을지 벌써부터 기대가 되네. — [닛산 자동차를 비롯한 대형 상장사들 대규모 환파생상품 손실 발생 닛산 자동차가 며칠 전 수억 달러에 달하는 파생상품거래 손실을 공시한 걸 시작으로 소니와 미쓰비시 등등 여러 수출 기업들이 줄줄이 환차손을 입은 사실을 밝히며 파장이 일고 있다.,5,7,6,3,3,2,2,4,전진: 정말 좋은 구경거리일 텐데 그걸 직접 구경하지 못하다니 아쉬운 기분이었다.
202,202,A12,전진,빌어먹을 양키 놈들! — 일본 도쿄도 치요다구 대장성(大蔵省).,5,5,6,3,3,2,2,4,전진: “국민들의 비난을 돌리려다가 오히려 덤터기를 쓰게 생겼군.”
203,203,A12,압박,그럴듯한 간판을 하나 달고 있어야겠지. — [포터 지사장을 비롯한 일본 지사 직원들에 대한 출국 금지 조치가 오늘부로 전부 해제됐다고 합니다.] 흰색 셔츠에 얼마 전 구찌 수석 디자이너인 제이콥 톰슨이 보내준 신상 넥타이를 한 석원이 창가에 선 채 휴대폰을 들고 입가에 옅은 미소를 지었다.,5,5,6,3,3,2,2,4,압박: “역시 그러는 게 제일 낫겠어.”
204,204,A12,압박,"한 가지 제안을 드릴 게 있어서요. — 미국, 뉴욕 맨해튼.",5,6,6,3,3,2,2,4,압박: “무슨 제안을 하겠다는 건지 어디 한번 말해봐라.” “대흥 창업투자를 인수하고 싶어요.” “……!”
205,205,A12,압박,박석원 그 친구가 도대체 뭘 본 걸까. — 생각지도 못한 이야기에 박태홍 회장은 순간 당혹감을 감추지 못했다.,5,5,6,3,3,2,2,4,압박: “박석원 그 친구가 도대체 뭘 본 걸까.” 아무리 고심해봐도 답을 알 수가 없었다.
206,206,A12,압박,설마 최복락 과장은 아니겠지. — 늦은 밤 마포 한강 고수부지.,5,5,6,3,3,2,2,4,압박: 정말이라면 통화 기록을 조사할 텐데 내 번호가 나오면 곤란하잖아.” 석원은 휴대폰을 내려놓고 신문에 실린 기사를 다시 꼼꼼하게 읽으며 인상을 찌푸렸다.
207,207,A12,전환,오늘 만날 수 있는지 연락을 취해봐요. — 최복락 과장은 평상시와 다름없이 사무실로 출근해 업무를 보고 있었다.,5,5,6,3,3,2,2,4,전환: 이번 기회에 내가 움직일 수 있는 사람들을 구해두는 것도 나쁘지 않겠지.”
208,208,A12,전환,쪼잔하게 푼돈 아끼려고 꼼수를 쓰다가 욕을 들어먹을 수는 없잖아요. — 이제 막 6시가 넘어가는 늦은 오후였지만 겨울이라 그런지 해가 빨리 져서 주변이 어둑어둑해졌다.,5,6,6,3,3,2,2,4,전환: ‘지금도 그렇지만 미래에도 국내 증시가 투기판처럼 되어 버린 건 개인 투자자들을 호구로 알고 털어먹고 무시하는 대주주와 기업 오너들 때문이지.’ 정상적인 투자를 통해 충분히 더 크고 많은 수익을 낼 수 있는데 굳이 개인 투자자들의 등골을 빼먹고 원성을 듣는 양아치 짓을 하긴 싫었다.
209,209,A12,전환,망할 사비츠 하원의장과 공화당 놈들이 또다시 치킨게임을 벌이려고 하는군. — 1995년 12월 15일 미국 워싱턴.,5,5,6,3,3,2,2,4,전환: 하지만 열 배 레버리지를 쓰고 있는 만큼 포지션을 유지하는 데 들어가는 비용이 적지 않은 데다가 무엇보다 곧 IMF가 다가오고 있었기에 아쉽지만 이쯤에서 만족하고 엔화 투자를 마무리 짓기로 했다.
210,210,A12,전환,흥청망청 샴페인을 터트리며 파티를 벌이고 있는 졸부로 보이네만. — 갑자기 울리는 시끄러운 전화벨 소리가 새벽의 정적을 깼다.,5,5,6,3,3,2,2,4,전환: 내 눈에는 절벽 위에 위태롭게 서서 빚으로 흥청망청 샴페인을 터트리며 파티를 벌이고 있는 졸부로 보이네만.” “……!”
211,211,A12,보상,그렇다면 한 번 더 신세를 지겠네. — “절벽 위에 선 졸부들이라고 하셨습니까?” 시선을 받은 해밀턴은 입가에 비릿한 미소를 지으며 말했다.,5,5,6,3,3,2,2,4,보상: 그러고는 뒤에 서 있던 보커스와 함께 몸을 돌려 한쪽에 세워둔 검은색 캐딜락 에스컬레이드로 걸음을 옮겼다.
212,212,A12,보상,보스처럼 배짱이 두둑하질 못해서 그렇게 여유를 부리진 못할 것 같습니다. — 1995년 12월 22일 미국 뉴욕.,5,5,6,3,3,2,2,4,보상: ‘한번 연락해볼까.’ 어쩌면 크리스마스에 새로운 일정이 생길지도 모르겠다고 생각하며 석원은 입가에 작은 웃음을 띠었다.
213,213,A12,여진/다음 훅,또 무슨 사고를 치려고 저러는 거야. — 커다란 창밖으로 맨해튼의 초고층 빌딩들이 보이는 사무실 책상 앞에 로드니 퀀텀 펀드 CIO가 혼자 앉아 있었다.,5,5,6,3,3,2,2,4,여진/다음 훅: “또 무슨 사고를 치려고 저러는 거야.”
214,214,A13,도입,네네. 물론이죠! — 뉴욕 5번가 768번지.,5,5,6,3,3,2,2,4,도입: 내가 해냈다고!” 그런 그녀의 외침을 등 뒤로 들은 석원은 피식 웃으며 이어폰을 다시 귀에 꽂고 달렸다.
215,215,A13,약속,안타깝지만 그렇습니다. — 데브라는 플라자 호텔 정문 앞에서 연신 시계를 들여다보며 초조한 표정을 지었다.,5,5,6,3,3,2,2,4,약속: “그래서 저희 펀드 포트폴리오 가운데 일부분을 숏포지션에 두고 있습니다.” “!” 생각지도 못한 특종에 그녀는 눈을 크게 치켜떴다.
216,216,A13,약속,여유가 없으니 바로 시작해도 되겠습니까. — “바쁘신데 이렇게 인터뷰에 응해 주셔서 감사합니다.” 생각지도 못한 특종을 얻어내서인지 마지막 멘트를 하는 데브라의 얼굴이 살짝 상기되어 있었다.,5,5,6,3,3,2,2,4,"약속: 그때 거울을 통해 석원과 눈이 마주치는 순간, 심장이 쿵 하고 떨어졌다."
217,217,A13,전진,내가 이길 테니 염려 말아요. — 뉴욕 맨해튼 89번가.,5,5,6,3,3,2,2,4,전진: ‘대체 무슨 자신감이야.’ 하지만 왠지 장난스레 웃는 그의 표정을 보고 있으니 전부 다 잘 될 것만 같은 기분이 들었다.
218,218,A13,전진,잠시 보류하도록 하게. — 시끄럽게 울려대는 진동벨 소리에 몸을 뒤척이며 눈을 뜬 데브라는 낯선 천장에 화들짝 놀라 상체를 일으켰다.,5,5,6,3,3,2,2,4,전진: “분명 가능성이 낮은데 그렇게까지 자신하는 걸 보면 뭔가 있는 게 틀림없어.” 예리한 그의 육감이 자꾸만 지금 포지션을 청산한다면 후회할 것 같은 느낌을 강하게 줬다.
219,219,A13,전진,이래서 내가 보스 곁을 떠나질 못한다니까. — 오후부터 다시 내리기 시작한 눈에 도시가 온통 새하얀 색으로 뒤덮였다.,5,5,6,3,3,2,2,4,전진: “이래서 내가 보스 곁을 떠나질 못한다니까.” 작게 중얼거린 앤드루는 코트에 손을 꾹 찔러 넣고 엘리베이터를 타러 걸어갔다.
220,220,A13,전진,플라자 호텔 오너인 걸 왜 진작 떠올리지 못했지. — [그건 낙관적인 전망일 뿐이죠.,5,5,6,3,3,2,2,4,전진: 남은 이야기는 앉아서 식사를 하며 천천히 하도록 합시다.” “그러죠.” 석원은 고개를 끄덕이곤 댄틱과 함께 테이블에 마주 앉았다.
221,221,A13,전진,며칠 생각할 시간을 주시겠습니까. — 등이 훤히 보이는 드레스를 입은 금발 여가수가 마이크 앞에 서서 피아노 반주에 맞춰 감미로운 팝송을 부르는 가운데 웨이터가 식전 음식인 아뮤즈 부쉬를 가져왔다.,5,5,6,3,3,2,2,4,전진: 와인도 비었으니 새로 가져오게.” “알겠습니다.”
222,222,A13,전진,아. 아니! 내 마음이 그렇다는 거고. — 이제 1996년이 오기까지 하루밖에 남지 않은 토요일.,5,5,6,3,3,2,2,4,전진: “그러면 구체적인 이야기는 다시 만나서 하도록 하죠.” [하아……
223,223,A13,압박,돈을 다 날려 먹으면 판돈으로 건 기부금을 낼 돈이 있을지 모르겠구만. — 1996년 1월 2일 화요일 아침.,5,5,6,3,3,2,2,4,압박: “결국 최장기 셧다운 기록을 갈아치우게 됐네요.” [아무래도 그렇게 될 것 같습니다.] “기대가 크면 그에 비례해 실망도 더 커지는 법이니까 차분하게 계속 시장을 주시하고 있도록 해요.” [그렇게 하겠습니다.] 몇 마디 더 이야기를 나눈 뒤 통화를 끝낸 석원은 휴대폰을 보커스한테 돌려주고는 다시 느긋하게 식사를 이어갔다.
224,224,A13,압박,‘가볍게’라니…….그런 표현을 쓸 수 있는 건 보스뿐일 겁니다. — 1996년 1월 5일.,5,5,6,3,3,2,2,4,압박: 그런 표현을 쓸 수 있는 건 보스뿐일 겁니다.” 머리를 절레 흔들자 석원이 흰 이를 드러낸 채 크게 소리를 내며 웃었다.
225,225,A13,압박,말씀드렸지 않습니까. 승패는 게임이 다 끝나 봐야 아는 거라고 말입니다. — 1996년 1월 9일 화요일.,6,5,7,3,3,2,2,4,압박: “설마 오늘 하루 안에 50포인트가 폭락하는 일은 벌어지지 않겠지…….” 그런 대폭락은 1년에 한 번 찾아오기 힘든 일이었기에 아닐 거라 생각하면서도 S&P500 지수를 바라보는 밀러의 얼굴에 불안감이 짙어졌다.
226,226,A13,압박,어떻게 이럴 수가 있는 거지……. — 항상 넓은 공간을 가득 채운 수십 명의 트레이더들이 수화기를 든 채 고함을 질러대고 여기저기에서 시끄럽게 울려대는 전화벨 소리에 전쟁터 같은 트레이딩 플로어였다.,6,5,6,3,3,2,2,4,압박: “어떻게 이럴 수가 있는 거지…….” 밀러는 아랫입술을 꽉 깨문 채 떨리는 목소리로 중얼거렸다.
227,227,A13,전환,그러게 사람을 가려서 까불어야지. — 대형 성조기가 걸려 있는 뉴욕증권거래소 앞.,5,6,6,3,3,2,2,4,전환: “이제 큰일은 얼추 다 끝냈으니까 슬슬 한국으로 다시 돌아가야겠지.” 숏베팅으로 큰 수익을 거뒀을 뿐만 아니라 훗날 미국 대통령이 될 데이비드 댄틱과의 예상치 못한 만남까지 이번 미국행에서는 얻어가는 것이 상당히 많았다.
228,228,A13,전환,혹시 또 알아요. 댄틱 회장이 나중에 엄청난 거물이 될지. — 하루라도 빨리 대금을 지급받길 원하는 데이비드 댄틱 회장의 요청에 따라 다음날 오후 바로 양측이 만나 계약이 진행됐다.,5,6,6,3,3,2,2,4,전환: “그럼 제안한 대로 플라자 호텔 운영은 맥그리거 총지배인한테 전적으로 다 맡기도록 해요.” “예.” 어차피 석원은 물론이고 랜든 역시 호텔 운영에 대해서는 아는 것이 전혀 없었기에 어설프게 개입하는 것보단 아예 전문 경영인한테 모든 걸 맡기는 게 여러모로 나았다.
229,229,A13,전환,"서울이 아니라 뉴욕으로 가자고 해요. — 맨해튼, 원 뉴욕 플라자 빌딩.",5,5,6,3,3,2,2,4,전환: 부르셨습니까.” “기장한테 서울이 아니라 뉴욕으로 가자고 해요.”
230,230,A13,전환,놀런의 지분을 우리가 인수하도록 하죠. — 커다란 통유리창 밖으로 새하얀 눈이 내리고 있는 가운데 넓은 펜트하우스 거실 소파에 마이애미에서 돌아온 석원이 랜든과 앉아 있었다.,5,6,6,3,3,2,2,4,전환: “생각이 그러시다면 알겠습니다.”
231,231,A13,보상,안 내놓는다고 해도 강제로 가져올 방법이 있습니다. — 랜든과 함께 전용기를 타고 캘리포니아로 날아온 석원은 에머리빌(Emeryville)에 위치한 픽사 회의실에서 애플 창업자인 스티브 놀런을 만났다.,5,5,7,3,3,2,2,4,보상: “어떻게 말이냐?” “시장에서 미도파 백화점 주식을 매집해 대흥그룹보다 많은 지분을 확보한다면 싫더라도 경영권을 내줄 수밖에 없지 않겠습니까.” “……!” 우용갑 회장이 눈을 크게 뜨며 우호근을 쳐다봤다.
232,232,A13,보상,진짜 이대로만 된다면……. — 서재 안에 무거운 침묵이 감도는 가운데 우용갑 회장은 담배를 피워 문 채 굳은 얼굴로 침묵했다.,5,5,6,3,3,2,2,4,보상: “진짜 이대로만 된다면…….” 대흥그룹을 통째로 집어삼킬 생각에 그의 두 눈동자가 탐욕으로 가득 차올랐다.
233,233,A13,여진/다음 훅,"두 곳을 제외한 나머지를 전부 처분하려고 해요. — 1996년 1월 22일, 서울 한남동 본가.",5,5,6,3,3,2,2,4,여진/다음 훅: “조상범 바이러스 연구소와 진형 기계 두 곳을 제외한 나머지를 전부 처분하려고 해요.” “……!” 대답을 듣자마자 윤기훈 상무를 포함한 간부들이 전부 깜짝 놀라 눈을 크게 부릅떴다.
234,234,A14,도입,대흥창업투자가 하는 일이 뭐예요. — 다들 당혹감을 감추지 못하는 가운데 왼편에 자리한 윤기훈 상무가 안경을 고쳐쓰며 확인하듯 되물었다.,5,5,6,3,3,2,2,4,도입: 괜히 엄한데 신경 쓰지 말고 당장 발등에 떨어진 불이나 처리하자고.” “알겠습니다.” “네.”
235,235,A14,약속,그냥 지나칠 수는 없지. — 인적이 끊긴 넓은 한강 고수부지 공영 주차장에는 서너 대의 차량만이 세워져 있어 을씨년스러운 분위기를 풍겼다.,6,5,6,3,3,2,2,4,약속: “돈을 벌 기회가 있는데 그걸 그냥 지나칠 수는 없지.”
236,236,A14,약속,청와대와 여당이 그럴 수밖에 없는 상황이니까요. — 노크 소리를 내며 방문을 열고 들어온 최호근 부장이 책상에 앉아 있는 석원을 보곤 꾸벅 허리를 굽혔다.,5,5,6,3,3,2,2,4,약속: 그 뒤로도 한참 동안 석원은 투자를 어떻게 진행할지 최호근 팀장과 심도 깊은 대화를 나눴다.
237,237,A14,전진,저한테 왜 이런 기회를 주시는 겁니까. — 한쪽에 걸린 벽시계가 퇴근 시간을 가리키자 뿔테 안경을 쓴 과장이 보고 있던 서류를 덮으며 말했다.,5,5,6,3,3,2,2,4,전진: 그러면 시키시는 대로 뭐든 하겠습니다.” 석원은 그런 상대를 보며 빙그레 미소를 지었다.
238,238,A14,전진,설마 이 정도로 문을 닫거나 하진 않겠죠? — 1996년 2월 24일.,5,5,6,3,3,2,2,4,전진: 가보면 알겠지.” 석원은 이내 푹신한 시트에 몸을 기댄 채 차창 밖으로 지나가는 거리 풍경을 바라봤다.
239,239,A14,전진,이왕 시작한 일이니 확실히 무릎 꿇리고 대흥 그룹을 가져오도록 해라. — 석원이 탄 벤츠 대형 세단은 입구 경비실을 통과해 곧바로 지하 1층 주차장으로 들어갔다.,5,5,6,3,3,2,2,4,전진: 그렇게 하겠습니다.” 대답하는 우호근의 눈동자가 탐욕에 젖어 매섭게 번들거렸다.
240,240,A14,전진,"정말 이번 딱 한 번만입니다. — 도쿄 주오구 신가와 1번지, 야마이치 증권 본사.",5,5,6,3,3,2,2,4,전진: 암.” 석원은 확장팩도 제일 먼저 해볼 생각에 벌써부터 기대 가득한 표정을 지었다.
241,241,A14,전진,기초자산이 조금 특이하더군요. — 책상 한쪽에 설치된 블룸버그 단말기로 석원이 조금 전 나온 유럽 관련 뉴스를 살펴보고 있을 때 노크를 하며 나성미가 문을 열고 들어왔다.,5,5,6,3,3,2,2,4,"전진: “한국과 태국, 인도네시아까지 아시아 3국의 증권 거래소 지수입니다.”"
242,242,A14,전진,엘도라도 놈들한테 잃은 돈을 되찾아 오는 셈 치자고. — “보통은 채권을 기초자산으로 해서 CDS 옵션을 거는데 주가 지수라니 조금 당황스러군요.” 존 지사장이 태연하게 우사미 상무의 말을 받았다.,5,5,6,3,3,2,2,4,전진: “그럴 일은 없을 테니 염려하지 말아요.” [꼭 그랬으면 좋겠습니다.]
243,243,A14,압박,정치인 입에서 서운하다는 말이 나오는 것만큼 무서운 것도 없지. — 일요일이라 조금 늦게 일어난 석원은 회색 캐시미어 가디건을 걸친 채 한쪽 손에는 커피가 든 머그컵을 들고 정원으로 나왔다.,5,5,6,3,3,2,2,4,압박: 오늘의 선택이 혹독한 IMF 체제 아래에서 대흥 그룹을 크게 성장시키는 결정적인 변곡점이 된다는 것을 지금은 두 사람 다 전혀 알지 못했다.
244,244,A14,압박,"적당히 때를 봐서 한번 자리를 만들어보도록 하게. — 며칠 뒤, 서울 여의도 한성 빌딩.",5,5,6,3,3,2,2,4,압박: “그렇다면 한번 말을 해보도록 하게.” “알겠습니다.” 이렇게 야권의 거물이자 유력한 대권 주자인 김재춘 총재의 머릿속에 석원의 이름 세 글자가 깊숙이 새겨졌다.
245,245,A14,압박,만들어 내기만 한다면 세상을 바꿀 물건이 될 거야. — 수행 비서인 한지성을 데리고 석원이 사장실로 들어섰다.,5,5,6,3,3,2,2,4,압박: 얼른 들어오시라고 해!” 안병석 사장은 허둥지둥 몸을 일으키며 황급히 대답했다.
246,246,A14,압박,물론입니다! 당연히 해야죠. — “이런 누추한 곳까지 와 주셔서 감사합니다.” 안병석 사장은 연신 저자세로 대흥 창투에서 온 손님들을 맞이했다.,5,5,6,3,3,2,2,4,압박: 잔뜩 들뜬 기색을 감추지 못하는 두 사람의 모습을 보면서 석원도 입가에 미소를 지었다.
247,247,A14,전환,난 오히려 이득을 봤다고 봐요. — “조심해서 가십시오!” 1층까지 따라 내려온 안병석 사장과 윤남호 부장의 배웅을 받으며 석원이 탄 벤츠 대형 세단이 미끄러지듯 서초 창업지원실을 떠났다.,5,6,6,3,3,2,2,4,전환: “디지털 웨이브와 계약을 빨리 끝내고 MP3 플레이어 개발을 성공시킬 수 있게 모든 지원을 아끼지 말도록 해요.” “알겠습니다.” 그러자 석원은 다시 시트에 몸을 기대고는 느긋하게 차창 밖으로 시선을 던졌다.
248,248,A14,전환,지분을 팔아달라고 먼저 이야기한 건 그쪽입니다. — 1996년 3월 28일.,5,5,6,3,3,2,2,4,전환: 자넨 그쪽에서 페레그린 증권사 움직임을 최대한 파악해서 보고하게.] “알겠습니다.”
249,249,A14,전환,"지금 당장 임원들을 전부 모이라고 해. — 나흘 뒤, 마포 대흥 그룹 본사.",5,5,6,3,3,2,2,4,전환: 그리고 박태홍 회장은 뒤에서 음흉하게 일을 꾸민 우용갑 회장을 절대 용서하지 않을 작정이었다.
250,250,A14,전환,알잖아. 내가 돈을 좀 많이 벌어놨거든. — 마포 대흥 그룹 본사.,5,5,6,3,3,2,2,4,전환: “확실하게 본때를 보여줄 테니까 지켜봐.”
251,251,A14,보상,어디 네 계획대로 해보도록 해라. — 서울 영등포구 동해그룹 본사.,5,5,6,3,3,2,2,4,보상: 어디 네 계획대로 해보도록 해라.” 긴장한 채 대답을 기다리던 우호근은 곧바로 반색했다.
252,252,A14,보상,괜찮으니까. 어서 사주기나 해요! — 아직 주식 시장이 열리지 않은 이른 아침인데도 불구하고 3~40명이 훌쩍 넘어가는 개인 투자자들이 여의도에 위치한 대흥 증권 객장에 들어와 있었다.,5,5,6,3,3,2,2,4,보상: “뒤늦게 자신이 사냥꾼이 아니라 사냥감이었다는 걸 알아차리고 무슨 표정을 지을지 벌써부터 기대가 되네.”
253,253,A14,여진/다음 훅,백화점을 가져가더라도 원하는 걸 얻지 못한다면 어떻게 되겠어요. — 오전장에서 이만 삼천 원 때까지 폭등하며 잠시 숨 고르기를 하는 것 같았던 미도파 백화점 주가는 대흥그룹이 주당 사만 원에 공개 매수를 발표하며 맞불을 놓자 오후장에 다시 한번 뜨겁게 불타올랐다.,5,5,6,3,3,2,2,4,여진/다음 훅: 그런데 미도파 백화점을 가져가더라도 원하는 걸 얻지 못한다면 어떻게 되겠어요.” “……!”
254,254,A15,도입,어차피 저한테 주실 생각이셨잖아요. — 잠시 당황해 말이 없던 박태홍 회장이 이내 미간에 주름을 만들며 둘째 아들을 봤다.,5,5,6,3,3,2,2,4,도입: 그러는 것이 좋겠구나.” 박태홍 회장은 부드러운 시선으로 두 아들을 바라보면서 고개를 끄덕였다.
255,255,A15,약속,원래 한번이 어렵지 그다음은 쉬운 법이지 — 경기도 고양시 한양 컨트리 클럽.,5,5,6,3,3,2,2,4,약속: 아마 다들 두 팔을 걷어 올리고 나설 걸세.”
256,256,A15,약속,"지시하신 대로 세팅을 모두 끝냈습니다. — [미도파 백화점 72,210 ▲ 1,040] 와이셔츠 소매를 걷어붙이고 책상 앞에 앉아 있던 정환엽 과장이 모니터에 띄워진 주가 창을 보고는 머리를 절레 흔들었다.",5,5,6,3,3,2,2,4,약속: 석원은 휴대폰을 안주머니에 다시 넣으며 수행비서와 함께 그대로 엘리베이터에 올라탔다.
257,257,A15,전진,"얼마나 잘난 녀석인지 한번 보러 가보자고. — 다음날, 서울 여의도 증권가.",5,5,6,3,3,2,2,4,전진: “저런 모습은 정말 오랜만이신데.” 아마도 대흥 그룹 둘째 아들 때문에 그런 것 같다고 짐작하며 오태민은 서둘러 뒤를 쫓았다.
258,258,A15,전진,지금 한세 그룹이 부도가 나기라도 한다는 건가? — 별채에 마련된 응접실은 천성득 회장의 성품을 알려주듯 그리 화려하진 않았으나 기품 있게 꾸며져 있었다.,5,5,6,3,3,2,2,4,전진: 길어봤자 1년을 넘기기 어려울 겁니다.”
259,259,A15,전진,겁 없는 천둥벌거숭이인지 진짜 봉황인지 두고 보면 알겠지. — 한세 그룹이 부도가 날 거라니.,5,5,6,3,3,2,2,4,전진: 겁 없는 천둥벌거숭이인지 진짜 봉황인지 어디 두고 보면 알 수 있겠지.”
260,260,A15,전진,"그건 절대 안 되요. — 1996년 4월 12일 마포 대흥 그룹 본사 회장실 소파에 박태홍 회장을 가운데 두고 양옆으로 석원과 박진형 방직 사장 그리고 길성호 비서실장, 서진형 재무이사가 앉아 있었다.",5,5,6,3,3,2,2,4,전진: 고작 동해 그룹 따위를 욕심내서 그런 기회를 차 버리는 건 바보 같은 짓이지.’ 석원은 내심 혼잣말을 중얼거리면서 느긋하게 웃었다.
261,261,A15,전진,말은 고맙지만 호의만 받도록 하겠네. — 잠시 뒤 회의를 끝내고 다들 방을 나가자 박태홍 회장은 홀로 소파에 앉아 담배를 피우며 정오에 공시로 발표될 내용이 적힌 서류를 차분히 다시 한번 읽었다.,5,5,6,3,3,2,2,4,전진: “방금 미도파 백화점에서 올린 공시가 떴습니다.” “그래요.” 석원이 이채를 띠며 한쪽 입꼬리를 끌어 올렸다.
262,262,A15,전진,이런 젠장! — 서울 영등포 동해그룹 본사.,5,5,6,3,3,2,2,4,전진: 뒤통수를 제대로 맞았군.” 이를 부드득 간 우용갑 회장이 결국 성질을 못 이기고 소파 팔걸이를 세게 내리쳤다.
263,263,A15,압박,다 스스로 쌓은 업보인 걸 어쩌겠어. — 어쩐지 자신만만해 하더니 이런 패를 숨기고 있었구만.” 곽동훈 회장은 조금 전 미도파 백화점에서 올린 공시를 전해 듣고는 소파에 앉은 채 헛웃음을 내뱉었다.,5,5,6,3,3,2,2,4,압박: 하지만 다 스스로 쌓은 업보인 걸 어쩌겠어.” 석원은 모니터에 띄워진 주가창을 다시 바꿔서 여전히 계속 올라가고 있는 동해 유량 주가를 바라보며 여유롭게 커피를 마셨다.
264,264,A15,압박,빌어먹을 새끼들이 감히 누구 거에 손을 대! — 우용갑 회장이 손바닥으로 앞에 있는 회의 테이블을 세게 내려치며 분노에 가득 찬 목소리로 고함을 내질렀다.,5,5,6,3,3,2,2,4,압박: 어서 구급차를 불러!” 모두가 허둥지둥거리며 우용갑 회장 곁으로 몰려든 가운데 다 이긴 싸움이라고 생각하고 있던 우호근은 갑자기 뒤집힌 판세에 짜증과 분노를 참지 못하고 이를 부드득 갈았다.
265,265,A15,압박,이 모든 그림을 미리 다 그려두고 움직이신 겁니까? — 4월 13일 토요일.,5,5,8,3,3,2,2,4,압박: “설마 이 모든 그림을 미리 다 그려두고 움직이신 겁니까?” 석원은 대답 대신 입가에 짙은 미소를 그렸다.
266,266,A15,압박,들어올 때는 마음대로였겠지만 나갈 때는 그럴 수 없다는 걸 보여줘야죠. — 서울 여의도 사성증권 트레이딩 플로어(Trading Floor).,5,5,6,3,3,2,2,4,압박: “말만 들어도 벌써부터 기대가 되는구나.”
267,267,A15,전환,네놈한테 일을 맡긴 내가 잘못이지. — “이건 또 뭐야!” 우호근이 증감원 비리 관련 내용이 적힌 찌라시를 와락 구기며 소리쳤다.,5,5,6,3,3,2,2,4,"전환: ‘당했구나!’ 대흥그룹, 아니 석원에게 또다시 뒤통수를 얻어맞았다는 깨달음이 벼락같이 머리를 강타했다."
268,268,A15,전환,"그럼 하나만 부탁을 드려도 되겠습니까. — [오성 정보통신, 상장 직전 부실회계 묵인 정황 드러나 증감원 조직적 비리 의혹] 윤전기에서 뽑혀 나온 지 얼마되지 않아 잉크 냄새가 진하게 나는 세창일보 석간에 실린 기사를 다 읽은 석원은 입가에 짙은 미소를 지었다.",5,5,6,3,3,2,2,4,전환: 여당 4선 중진 의원 아들이 주가 조작에 가담했다고 하면 청와대와 여당의 입장이 상당히 곤란해지지 않겠습니까.” 총선 패배로 열세에 빠진 정국을 조금이나마 반전시킬 수 있는 수단을 찾은 우춘일 사무총장은 석원을 마주 보고 짙은 미소를 지었다.
269,269,A15,전환,제발 잘 좀 하자. 응? — 휴일이었지만 배상윤 검사 1국 국장은 집에서 쉬지 못하고 사무실로 출근했다.,5,5,6,3,3,2,2,4,전환: 최호근 부장은 얼른 가라며 정환엽 과장의 등을 떠밀고 자신도 자리에 앉아 개장벨이 울리기를 기다렸다.
270,270,A15,전환,"손님을 기다리게 하는 건 예의가 아니니까 바로 가도록 하죠. — 일주일 뒤, 마포 대흥그룹 본사 회장실.",5,5,6,3,3,2,2,4,전환: 그러자 석원은 경호원인 보커스와 한지성을 거느리고 성큼 걸음을 옮겨 호텔 건물 안으로 들어갔다.
271,271,A15,보상,맞습니다. 협박입니다. — 엘리베이터에서 내린 석원은 에릭 버나스의 안내를 받으며 푹신한 카펫이 깔린 고급스럽게 꾸며진 호텔 복도를 걸었다.,5,5,6,3,3,2,2,4,보상: 여기서 제가 선물을 대량매도한다면 어떻게 될까요.” 순식간에 리처드 리 사장의 얼굴에서 핏기가 싹 사라졌다.
272,272,A15,보상,구체적인 조건을 얘기해보시오. — 실물 경제 상황을 가장 잘 반영해서 닥터 쿠퍼(Dr Copper)라고도 불리는 구리는 여러 원자재 가운데서도 규모가 크게 거래가 활발한 선물 종목이었다.,5,5,6,3,3,2,2,4,보상: “얼마에 채권을 가져갈 건지 구체적인 조건을 얘기해보시오.” 상대의 입에서 원하던 대답이 나오자 석원은 흰 이를 드러내며 웃었다.
273,273,A15,여진/다음 훅,멍청이가 아니라면 알아서 포지션을 청산하겠지. — 홍콩 카이탁 국제공항(Hong Kong International Airport).,5,5,6,3,3,2,2,4,여진/다음 훅: 그러고는 엔진을 최대 출력으로 올린 채 전력을 다해 내달리다가 이내 지상을 힘차게 박차고 하늘로 날아올랐다.
274,274,A16,도입,무슨 헛소리를 하는 거야! 그럴 리가 없잖아! — “임시 주총 때까지 방직 지분을 매각하는 걸 막을 수 있다고 하더니.,5,5,6,3,3,2,2,4,도입: 동해그룹이라는 큰 배가 침몰하는 소리가 들리는 듯했다.
275,275,A16,약속,글쎄요. 제가 하고 싶은 말이군요. — X발!” 완전히 눈이 뒤집힌 우호근은 골프채를 손에 들고 욕설을 내뱉으면서 개인 사무실 안에 있는 집기들을 마구 때려 부쉈다.,5,5,6,3,3,2,2,4,약속: 어디 누가 이기나 끝까지 가보자고.”
276,276,A16,약속,끝까지 미련을 버리지 못하는 모양이네 — 우호근은 서울 시내에 위치한 고급 일식당 별실에서 권승섭 동해상호신용금고 사장과 마주 앉아 있었다.,5,5,6,3,3,2,2,4,약속: 상대의 행동에 위협을 느끼기는커녕 이미 판이 다 만들어져서 마지막 숨통만 끊으면 되는데 불필요한 돈을 쓰게 된 것이 귀찮을 뿐이었다.
277,277,A16,전진,새로 찾았다는 외국인 투자자가 진짜로 있긴 한 건가? — 임시주주총회 개최가 확정된 가운데 양쪽이 숨 고르기를 하자 주당 7만 원대에서 횡보하며 잠시 소강상태에 있던 미도파 백화점 주가가 갑자기 장대 양봉을 만들어내면서 폭등하는 모습을 보이자 증권사 객장 역시 뜨겁게 불타올랐다.,5,5,7,3,3,2,2,4,전진: “새로 찾았다는 외국인 투자자가 진짜로 있긴 한 건가?” 오상현 과장의 눈동자가 순간 흔들렸지만 이내 고개를 살짝 숙이고 대답했다.
278,278,A16,전진,지금 바로 만나세. 어디가 좋겠나. — 짙은 어둠이 깔린 한강 고수부지 야외 주차장은 텅 빈 채 구형 소나타 한 대만이 덩그러니 세워져 있었다.,5,5,6,3,3,2,2,4,전진: 그와 동시에 전해철 비서실장은 이야기를 듣자마자 불길한 예감이 맞았다고 생각하며 두 눈을 질끈 감았다.
279,279,A16,전진,피해보상금을 이자까지 쳐서 받아내야죠. — 호출을 받은 우호근은 오상현 과장과 함께 엘리베이터를 내려 회장실로 다급한 발걸음을 옮겼다.,5,5,6,3,3,2,2,4,전진: 이젠 동해그룹이 처맞을 각오를 해야 할 때였다.
280,280,A16,전진,그런 거면 제때 찾아갔어야지요. 아님 일을 제대로 하시던가요. — 영등포에 위치한 동해그룹 본사 앞에 검은색 벤츠 대형 세단 한 대가 미끄러지듯 다가와 멈춰 섰다.,5,5,6,3,3,2,2,4,전진: 황정현 이 자식아!” 우용갑 회장이 벌떡 몸을 일으키며 고함을 쳤지만 이미 스피커에서는 뚜뚜하는 통화 종료음만 허무하게 울릴 뿐이었다.
281,281,A16,전진,제안을 받아들이시겠습니까. 아니면 계속 싸우시겠습니까? — 너무나도 큰 충격과 배신감에 우용갑 회장은 금방이라도 터질 듯이 새빨개진 얼굴로 몸을 부들부들 떨었다.,5,5,6,3,3,2,2,4,전진: “……알았네.” 어느새 어깨가 축 처진 우용갑 회장은 두 눈을 질끈 감으며 마지못해 대답했다.
282,282,A16,압박,"자네 정말 너무한 것 아닌가! — 마포 대흥그룹 본사 회장실 소파에 박태홍 회장을 상석에 두고 박진형, 박석원 두 형제와 길성호 비서실장이 양옆에 앉아 있었다.",5,5,6,3,3,2,2,4,압박: 백번 맞는 말이다.” 박태홍 회장은 누구보다 든든하게 느껴지는 둘째 아들을 보면서 흐뭇하게 웃었다.
283,283,A16,압박,중요한 시기에 정말 귀찮은 것들이 붙어 버렸군. — 좌우로 농지들이 펼쳐진 넓게 펼쳐진 들판 한가운데 나 있는 한적한 국도를 달리던 벤츠 고급 세단이 천천히 속력을 줄이더니 갓길에 멈춰 섰다.,5,5,6,3,3,2,2,4,압박: 겨우 그걸 가지고 이럴 리는 없지.” 이토 사장은 헛웃음을 지으며 순간 떠오른 가능성을 깔끔하게 머릿속에서 지워 버렸다.
284,284,A16,압박,제발 올라라. 제발! — 사성그룹 곽동훈 회장이 놀란 표정을 지은 채 손에 든 커피잔을 내려놓으며 말했다.,5,5,6,3,3,2,2,4,압박: 그리고 다시 긴장된 얼굴로 구리 현물 가격이 띄워진 모니터를 쳐다본 스기하라 부장은 재차 손톱을 뜯으면서 애원하듯 중얼거렸다.
285,285,A16,압박,내가 누군지 몰라? Mr 5%야 — 커다란 통유리창 너머로 새파란 한강이 내려다보이는 호텔 피트니스 센터에서 석원은 이어폰을 귀에 꽂은 채 리듬이 빠른 힙합을 들으며 러닝머신 위를 달렸다.,5,5,6,3,3,2,2,4,압박: “제길.” 아무래도 이번에는 구리 가격 하락을 막아내기가 쉽지 않을 것 같은 불길한 예감이 들었다.
286,286,A16,전환,어쩌면 원래보다 파장이 더 클 수도 있겠는데. — 퀀텀 펀드 CIO인 로드니는 책상 앞에 앉아 여러 대 설치된 모니터 화면을 살피다가 뭔가를 확인하곤 눈썹을 꿈틀거렸다.,5,5,6,3,3,2,2,4,전환: “이거 어쩌면 원래보다 파장이 더 클 수도 있겠는데.” 그는 예상보다 더 격렬한 반응을 보이는 시장의 모습에 구리 가격이 어디까지 떨어질지 기대하며 원두향이 진하게 나는 머그잔을 들어 입가에 갖다댔다.
287,287,A16,전환,스미모토 상사가 드디어 항복했습니다! — 일본 도쿄도 주오구 스미모토 상사 본사.,5,5,6,3,3,2,2,4,전환: “그거 정말 좋은 소식이네요.”
288,288,A16,보상,손실액이 20억 달러라고! — 일본 도쿄도 주오구 스미모토 상사 본사.,6,7,7,3,3,2,2,4,보상: “스미모토 상사 주가는 어떻게 됐어요?” [속보가 나오자마자 폭락해 5% 넘게 하락 중이고 구리 가격 역시 현물과 선물을 가리지 않고 추락하고 있습니다.] 드디어 탐스럽게 익은 열매를 따 먹을 때가 됐다는 생각에 석원은 휴대폰을 귀에 댄 채 입가에 짙은 미소를 지었다.
289,289,A16,보상,워밍업으로 나쁘진 않았네. — 일본 도쿄 시내에 있는 증권사 객장.,5,5,6,3,3,2,2,4,보상: “본 게임에 들어가기 전 워밍업으로 나쁘진 않았네.” 그러고는 손에 든 위스키를 입으로 가져갔다.
290,290,A16,여진/다음 훅,드디어 스티브 놀런이 다시 복귀하는군. — “이건 원안대로 처리하라고 해요.” 책상 앞에 선 한지성에게 결재 서류를 넘겨준 석원은 의자 등받이에 몸을 기대며 물었다.,5,5,6,3,3,2,2,4,여진/다음 훅: 석원은 생각난 김에 곧바로 휴대폰을 다시 들고 뉴욕에 있는 랜든에게 전화를 걸었다.
291,291,A17,도입,절대 해서는 안 된다고 봅니다. — 뉴욕 맨해튼 엘도라도 펀드 본사.,5,5,6,3,3,2,2,4,도입: “절대 해서는 안 된다고 봅니다.”
292,292,A17,약속,젊고 패기가 넘치는 데다가 똑똑하기까지 하다니 정말 탐이 나는 인재로군. — 경제협력개발기구(OECD)는 경제개발과 국제협력 그리고 무역확대를 목적으로 창설된 국제기구였다.,5,5,6,3,3,2,2,4,약속: 그러니 그냥 놔두도록 해.” “알겠습니다.” 이내 취기가 오른 김재춘 총재는 흔들리는 차의 움직임에 몸을 맡긴 채 살짝 눈을 감았다.
293,293,A17,약속,하실 말씀이 있으시다는 게 뭡니까? — 아직 정오도 되지 않았는데 최고 기온이 34도까지 올라가는 무더위에 가만히 서 있기만 해도 숨이 턱턱 막힐 것 같았다.,5,5,6,3,3,2,2,4,약속: “태국 바트화(baht)에 대해 어떻게 생각하나.” “……!”
294,294,A17,전진,아직 쌀 때 전부 환전해 놓도록 해요. — “바트화라고 하셨습니까?” 로드니가 미간을 모으며 쳐다보자 조지 해밀턴이 작게 머리를 끄덕이고는 여유롭게 앞에 놓인 언더락 잔을 집어 들었다.,5,5,6,3,3,2,2,4,전진: 확신이 가득 담긴 석원의 결정에 엄태준 이사는 눈썹을 치켜올리며 내심 말도 안 된다고 생각했다.
295,295,A17,전진,더 공사를 재개해서는 안 돼. — 석원을 태운 벤츠 대형 세단이 한남동 본가 대문 앞에 미끄러지듯 다가와 멈춰 섰다.,7,6,6,3,3,2,2,4,전진: “여기에 계속되는 경상수지 적자로 벌어들이는 것보다 빠져나가는 달러가 더 많다는 것까지 생각하면 자칫 외환위기 상황이 올 수도 있어.” 충격적인 예측에 두 사람이 눈을 크게 뜨고 그를 쳐다봤다.
296,296,A17,전진,이제 네가 할 이야기가 있다고 하면 심장이 철렁 내려앉을 것 같구나. — “지금 외환위기라고 했냐?” 깜짝 놀란 기색을 감추지 못하는 박태홍 회장을 마주 보며 석원이 약간 가라앉은 목소리로 대답했다.,6,5,6,3,3,2,2,4,전진: 말이라도 못하면 밉지나 않지.” “그러게 말입니다.” 박진형 사장이 열심히 머리를 끄덕이며 동조했다.
297,297,A17,전진,짐을 하나 덜었네. — 영등포 동해 그룹 본사.,5,5,6,3,3,2,2,4,전진: “이러면 IMF 사태가 터지더라도 대흥 그룹 걱정은 더 이상 안 해도 될 테니 짐을 하나 덜었네.”
298,298,A17,전진,다들 내일 당장 여권부터 만들도록 해. — “이건 이대로 처리하도록 해요.” “알겠습니다.” 결재판을 돌려준 석원은 뒤로 몸을 기대면서 책상 앞에 서 있는 최호근 부장을 봤다.,5,5,6,3,3,2,2,4,전진: 김치 없으면 느끼한 게 안 내려가서.” 최호근 부장은 진심으로 이놈을 조져야 할지 말야아 할지 고민했다.
299,299,A17,전진,저. 저건 잠수함이잖아! — 1996년 9월 17일 밤 11시 강원도 강릉시 강동면.,5,5,6,3,3,2,2,4,전진: 국방부 발표에 따르면 강릉 해안 남쪽 9㎞ 지점 해안초소에서 근무 중이던 초병이 이상한 물체를 발견해 즉시 조치에 나섰고 비슷한 시간 인근을 지나던 택시 기사도…….] “그러고 보니 강릉 무장공비 침투사건이 이때쯤이었지.” 무려 한 달이 넘게 강원도는 물론이고 전국을 혼란에 빠뜨리고 민간인 4명을 비롯해 현역 군인과 예비군 그리고 경찰 14명이 아까운 생명을 잃은 충격적인 사건을 떠올리고는 굳은 얼굴로 뉴스 특보가 이어지고 있는 텔레비전 화면을
300,300,A17,압박,그것도 사장님 사비로 지원하실 겁니까. — [강릉 앞바다에서 북한 상어급 잠수함이 발견되면서 시작된 무장공비 소탕 작전이 오늘로 7일째를 맞이하면서 상황이 점차 장기화될 조짐을 보이고 있습니다.,5,5,6,3,3,2,2,4,압박: 하지만 북한 잠수함이 발견됐다는 뉴스를 보자마자 미국에 있는 랜든한테 연락해 베트남전에서 쓰던 구형이 아니라 미군이 사용하는 최신 방탄복 수천 벌을 급히 사들여 공수해 오도록 한 것 말고는 피해를 줄이기 위해 그가 할 수 있는 일이 없어 더욱 안타까웠다.
301,301,A17,압박,"그럼 뉴욕에서 보도록 하죠. — 11월 5일 오전 10시 30분, 강원도 인제군 북면 용대리 창바우 마을 인근 야산.",5,5,6,3,3,2,2,4,압박: “엄청난 쓰나미가 아시아를 덮칠 날이 정말 얼마 안 남았네.”
302,302,A17,압박,저기 저희가 타고 갈 비행기가 보이네요. — “속옷하고 와이셔츠는 열 벌씩 챙겨서 큰 트렁크 안에 들어있고.,5,5,6,3,3,2,2,4,압박: 게다가 곧 저기에 자기들도 타게 될 거라는 말을 듣자 너무 놀라 입을 다물지 못했다.
303,303,A17,압박,이번 내기는 내가 진 것 같군. — 얼떨떨해하는 가운데 버스가 멈춰 서자 짐을 챙겨서 내린 최호근 부장과 직원들을 늘씬한 금발 미녀가 웃으며 맞이했다.,5,5,6,3,3,2,2,4,압박: 아무래도 이번 내기는 내가 진 것 같군.” 선선히 패배를 인정하는 천성득 회장의 얼굴에 언짢은 기색 대신 기분 좋은 표정이 떠올라 있었다.
304,304,A17,전환,틀린 것 같으면서도 소름 끼치도록 비슷한 점이 많네. — “곧 라과디아 공항에 착륙할 예정입니다.,5,5,6,3,3,2,2,4,전환: 왼쪽으로 높게 솟아 있는 엠파이어 스테이트 빌딩을 두고 고도를 낮춘 헬리콥터는 석원이 소유한 플라자 호텔 옥상 헬리포트에 안전하게 착륙했다.
305,305,A17,전환,제대로 계산한 거 맞아? — 시차 적응과 컨디션 회복을 위해 하루를 푹 쉰 최호근과 직원들은 사흘째 날부터 연수를 받기로 되어 있는 엘도라도 펀드로 향했다.,5,5,6,3,3,2,2,4,전환: 서울에 있을 때도 대단하다고 여겼지만 어쩌면 석원은 지금까지 그가 알고 있던 것보다 훨씬 더 엄청난 거물일지도 모르겠다는 생각이 강하게 들었다.
306,306,A17,전환,그러고 보니 그게 있었군요. — 커다란 통유리창 너머로 시원하게 펼쳐진 이스트 강이 내려다보이는 대표실 소파에 석원을 가운데 두고 랜든과 그동안의 성과를 인정받아 얼마 전에 최고투자책임자(Chief investment officer)로 승진한 앤드루가 양옆에 앉아 있었다.,5,5,6,3,3,2,2,4,전환: “그러고 보니 그게 있었군요.” “태국 증시가 박살 나면 덩달아 CDS 옵션을 판 일본 증권사들도 머리를 부여잡겠습니다.”
307,307,A17,전환,좋은 건 나 혼자 빨대를 꽂아야 되지 않겠어 — 아담 칼슨이 내일 뉴욕에 도착한다고 했었죠?” 한쪽 다리를 꼬고 앉은 석원의 물음에 랜든이 바로 대답했다.,5,5,6,3,3,2,2,4,전환: 그리고 훗날 엄청난 부를 쌓으며 전 세계를 좌지우지하는 거물이 될 트래버 황과 아담 칼슨의 젊은 시절 모습을 직접 볼 수 있다는 것에 가슴이 설레며 기대가 되었다.
308,308,A17,보상,얼마면 되겠습니까? — 샤워기에서 쏟아지는 뜨거운 물줄기가 단단한 근육을 타고 흘렀다.,5,5,6,3,3,2,2,4,보상: “거기에 얼마가 필요한지 적으면 그대로 투자를 하도록 하죠.” “……!”
309,309,A17,보상,다 생각이 있으신 것도 모르고 괜한 걱정을 했군요. — 전혀 생각지도 못한 석원의 행동에 상대는 물론이고 옆에 앉아 있던 랜든도 깜짝 놀란 표정을 지었다.,5,6,6,3,3,2,2,4,보상: ‘상장 이후로도 성장을 거듭해 반도체 왕좌를 차지하며 전 세계에서 가장 비싼 기업 중에 하나가 되는 걸 생각하면 2천만 달러는 정말 거저나 마찬가지지.’ 나중에 주당 1달러에 가져온 엔비디아 주식이 얼마까지 올라가게 되는지 보게 되면 랜든이 무슨 표정을 지을지 벌써부터 기대가 됐다.
310,310,A17,여진/다음 훅,이야기가 통하지 않았다면 그건 가져간 돈이 부족해서야 — 서울 강남구 대치동 은마아파트.,5,5,6,3,3,2,2,4,여진/다음 훅: 가슴 속 깊은 곳에서 느껴지는 불안함은 애써 무시한 채였다.
311,311,A18,도입,내가 너희들 퇴직금을 아주 두둑하게 챙겨줄게 — 어젯밤 내린 눈 때문에 센트럴 파크가 온통 새하얗게 물들어있었다.,5,5,7,3,3,2,2,4,도입: 그동안 잘 지냈지?”
312,312,A18,약속,네 덕분에 진짜 억만장자가 되겠는걸 — 1997년 1월 6일.,5,6,6,3,3,2,2,4,약속: 얼른 뒤에 따라붙은 한지성 대리와 함께 넓은 펜트하우스 거실을 가로지르자 건장한 덩치의 경호원인 보커스가 현관 앞에 서 있다가 원목으로 된 문을 열어주며 함께 복도로 나섰다.
313,313,A18,약속,이왕이면 주식으로 인수 대금을 지급했으면 좋겠네. — 펜트하우스에서 나온 석원은 수행원들과 함께 엘리베이터를 타고 곧장 오늘 만남 장소인 플라자 호텔 비즈니스 미팅룸으로 향했다.,5,6,6,3,3,2,2,4,약속: ‘이왕이면 주식으로 인수 대금을 지급했으면 좋겠네.’
314,314,A18,전진,한세그룹 하나로 상황이 마무리되어야 할 텐데. — 일주일 동안 매일 마이크로소프트 측과 만나 협상을 벌인 끝에 석원은 최종적으로 4억 7천만 달러에 핫메일을 매각하기로 합의를 봤다.,5,7,6,3,3,2,2,4,전진: “이번 사태가 어떻게 흘러가는지 상황을 계속 수시로 보고해줘요.” [알겠습니다.] 통화를 끝낸 석원은 통유리창 앞에 선 채 온통 어둠뿐인 바깥을 바라보며 작게 중얼거렸다.
315,315,A18,전진,어? 이거 뭐야! — “……그래서 미국에 조금 더 있어야 될 것 같아.,5,5,7,3,3,2,2,4,전진: 이거 뭐야!” 화들짝 놀라 상체를 바로 세운 피야퐁은 바트화 매도가 눈덩이처럼 계속 불어나고 있는 모습에 얼굴이 새하얗게 질렸다.
316,316,A18,전진,어떻게든 막아보시오. — 1997년 2월 12일 수요일 뉴욕 맨해튼.,5,5,6,3,3,2,2,4,전진: “당장 총리실로 전화 연결해.”
317,317,A18,전진,"드디어 보스가 움직이려는 모양이네. — 1997년 2월 13일 목요일, 태국 방콕.",5,7,6,3,3,2,2,4,전진: 이런 큰 판에 보스가 빠질 리가 없잖아요.” 단순히 구경만 하는 게 아니라 수십 수백억 달러가 오가는 엄청난 도박판에 석원이 직접 뛰어들 거란 말을 들은 최호근 부장과 팀원들은 과연 어떤 모습을 보여줄지 기대감에 벌써부터 심장이 두근거렸다.
318,318,A18,압박,이게 정말 맞는 겁니까? — 1997년 2월 13일 목요일.,5,5,7,3,3,2,2,4,압박: “그렇게 생각하니까 얼마나 대단한 모습을 보여주실지 오히려 기대가 되는데요?” 세 사람은 서로 눈을 마주치고는 양쪽의 승부를 하나도 놓치지 않겠다는 일념으로 다시 모니터에 집중했다.
319,319,A18,압박,"너무 늦기 전에 링 위로 올라가야 되지 않겠나. — 1997년 2월 17일, 일본 도쿄.",5,5,6,3,3,2,2,4,압박: 수많은 사람들의 욕망과 음모가 소용돌이치는 가운데 드디어 바트화의 운명을 두고 태국 정부와 헤지펀드들이 벌이는 치열한 싸움에서 1라운드의 승패를 가르게 될 여섯 번째 날이 밝았다.
320,320,A18,압박,"드디어 기다리던 지원군이 도착한 모양이네요. — 1997년 2월 19일, 태국 방콕.",5,5,6,3,3,2,2,4,압박: 유석현과 홍재희 역시 마찬가지였는데 그렇게 대단한 사람이 자신들의 보스라는 사실에 네 사람 모두 깊은 자부심을 느끼며 어깨를 폈다.
321,321,A18,전환,아니! 이게 왜 이러는 거야! — “와아아!” “이제 됐어!” 조지 해밀턴을 중심으로 한 헤지펀드들의 파상 공세를 힘겹게 막아내고 있던 BOT 외환 담당자들은 홍콩을 비롯한 동남아 중앙은행들의 대대적인 지원 사격에 상황이 급반전되자 사무실이 떠나가라 환호성을 내질렀다.,5,5,7,3,3,2,2,4,전환: 이게 왜 이러는 거야!”
322,322,A18,전환,나머지 옵션 두 개도 발동되는 건 아니겠지? — 잔잔한 피아노 연주곡이 흐르는 넓은 펜트하우스 안.,5,8,6,3,3,2,2,4,전환: 그러나 그렇다고 아직 위험한 낌새도 없는데 16억 달러나 되는 거액의 위약금을 주고 옵션 계약을 해지하자고 할 수는 없었기에 주저하다 그냥 입을 다물었다.
323,323,A18,전환,"정말 징글징글한 놈들이로군. — 1997년 3월 11일, 태국 방콕 총리 관저.",5,5,6,3,3,2,2,4,전환: “애초에 조지 해밀턴과 헤지펀드들이 사냥감으로 정한 그 순간부터 결과가 이렇게 될 건 정해졌다고 봐야겠지.”
324,324,A18,보상,"아니. 이제부터 시작일 거예요. — 1997년 3월 11일, 태국 방콕.",5,5,6,3,3,2,2,4,보상: 보스 곁이 아니라면 어디서 이런 짜릿한 베팅을 할 수 있겠습니까.” 든든하기 짝이 없는 두 사람의 모습에 석원은 흐뭇하게 미소지었다.
325,325,A18,여진/다음 훅,이런 걸 보고 호미로 막을 걸 가래로 막는다고 하지. — “7.4에 30개 솔드(sold)!” “오케이.,5,5,6,3,3,2,2,4,여진/다음 훅: “아직 더 먹을 것이 남았으니까 바트화 숏포지션을 이대로 계속 유지하라고 해요.” [알겠습니다.]
326,326,A19,도입,나중에 달러를 많이 써야 할 곳이 있거든요. — 새벽에 전해진 태국 정부의 백기 투항 소식에 월스트리트의 헤지펀드들은 환호성을 내지르며 승리의 축배를 들었다.,5,7,6,3,3,2,2,4,도입: “나중에 달러를 많이 써야 할 곳이 있거든요.”
327,327,A19,약속,"여기서 배운 걸 바로 써먹어 봐야죠. — 1997년 3월 18일, 뉴욕주 웨체스터 카운티.",5,5,6,3,3,2,2,4,약속: 진심으로 고마워하는 모습에 석원은 최호근 부장과 팀원들이 과연 얼마나 성과를 낼 수 있을지 속으로 기대하며 미소를 지었다.
328,328,A19,약속,이게 위험한 것이 아니면 뭐라는 거야. — 뉴욕 맨해튼 파크 애비뉴와 8번 애비뉴 사이 미드타운 17개 블록에는 수많은 크고 작은 헤지펀드들이 밀집해 있었다.,5,5,6,3,3,2,2,4,약속: “고통스럽고 혹독한 시간이 되겠지만 시련을 겪은 나무가 더 깊은 뿌리를 내리고 강한 가지를 뻗어 나가는 법이지.”
329,329,A19,전진,지금은 절대 달러를 팔아서는 안 돼요. — “다 왔습니다.” 뒷자리에 탄 최호근 부장이 안주머니에서 지갑을 꺼내 만 원짜리 지폐를 앞에 있는 택시 기사한테 내밀었다.,6,6,6,3,3,2,2,4,전진: 지금은 절대 달러를 팔아서는 안 돼요.”
330,330,A19,전진,정말…… 그렇게 될 거라고 확신하는구나. — “달러를 팔면 안 된다고 했냐?” 박태홍 회장이 의아한 얼굴로 쳐다보자 머리를 끄덕이며 대답했다.,6,6,6,3,3,2,2,4,전진: 거기다 지난번과 달리 실제로 태국을 비롯한 동남아 국가들이 외환위기를 맞아 큰 시련을 겪고 있었기에 이젠 더 이상 경고의 차원을 넘어서 코앞의 현실로 닥쳤음을 직면한 기분이었다.
331,331,A19,전진,이제 곧 게임이 시작될 텐데 낄 준비는 됐죠? — 1997년 4월 3일.,5,6,6,3,3,2,2,4,전진: “이제 시작됐군.” 순식간에 달러당 3링깃을 깨고 내려간 환율은 점점 더 하락폭을 크게 키우며 아래로 무섭게 곤두박질쳤다.
332,332,A19,전진,원래 바닥 밑에 지하실이 있는 법이지. — 비교적 평온한 분위기에서 시작한 시드니 외환시장은 개장 5분을 넘긴 시점부터 갑자기 쏟아진 말레이시아 링깃화 매도에 뜨겁게 달아올랐다.,7,5,6,3,3,2,2,4,전진: “원래보다 환투기 세력의 공격이 거센 걸 생각하면 어쩌면 지수가 더 빠질 수도 있겠는걸.”
333,333,A19,전진,이대로 쭉 다 팔아 버리는 거야. — 최호근 부장이 수화기를 내려놓자 정환엽 과장이 의자에 앉은 채 표정을 살피며 물었다.,5,5,6,3,3,2,2,4,전진: “됐어!” 최호근 부장은 일어선 채 손바닥으로 책상을 탕 내려치면서 환호했다.
334,334,A19,압박,생각지도 못한 한 방을 맞았네요. — 최호근 부장과 팀원들이 고군분투하는 모습을 모니터로 빠짐없이 지켜본 석원은 의자에 앉은 채 흡족한 표정을 지었다.,5,6,7,3,3,2,2,4,압박: [이렇게 되면 인도네시아 증시가 기대하는 것보다 하락하지 않고 버틸 수도 있지 않겠습니까?] “으음.” 석원은 일본 4대 증권사와 체결한 CDS 옵션 계약 내용을 떠올리고는 이맛살을 찡그리며 낮게 침음성을 내뱉었다.
335,335,A19,압박,그러면 두 번째 옵션 계약도 발동되겠군요. — 일본 도쿄 주오구 니혼바시 노무라 증권 본사.,5,6,6,3,3,2,2,4,압박: “벌써 다른 헤지펀드들이 움직이기 시작했나 보네요.”
336,336,A19,압박,바로 작업을 시작해요. — 도쿄 주오구 니혼바시 노무라 증권 본사.,5,5,6,3,3,2,2,4,압박: 그런 가운데 최호근 부장은 긴장된 얼굴로 팔짱을 끼고 서서 대형 시황판에 띄워진 네 증권사의 주가 움직임을 주시했다.
337,337,A19,압박,게임에는 언제나 승자와 패자가 갈리는 법이죠. — 도교 니혼바시에 위치한 증권사 객장.,5,5,6,3,3,2,2,4,압박: 그걸 본 석원은 얼굴을 딱딱하게 굳혔다.
338,338,A19,전환,큰일은 내가 아니라 상대편이 난 거죠. — 문을 열고 화장실로 들어선 두 사람은 주한미군 아버지를 둔 한국계 미국인인 애드먼트 조와 조시 맥다니엘이었다.,5,5,6,3,3,2,2,4,전환: 여전히 느긋한 태도로 앉아 있던 석원이 눈을 마주치며 웃자 왠지 건드려선 안 될 벌집을 건드린 느낌에 등줄기에 소름이 쫙 끼쳤다.
339,339,A19,전환,바로 기사를 흘려요. — 어슴푸레 날이 밝아오기 시작한 이른 아침.,5,5,6,3,3,2,2,4,전환: 석원은 씩 웃으며 한쪽 입꼬리를 위로 말아 올렸다.
340,340,A19,보상,이런 대형 악재가 터졌는데 버틸 수가 있겠어. — 야마카와 히로시 노무라 증권 사장은 평소처럼 이른 아침에 잠에서 깨어났다.,5,5,6,3,3,2,2,4,보상: “아…….” “이럴 수가” 그중에서도 며칠간 하락한 뒤에 바닥을 찍고 다시 반등하는 모습에 상승을 기대하며 증권주를 매수했던 이들은 폭포수처럼 떨어지는 주가에 아예 넋을 잃고 바닥에 털썩 주저앉기까지 했다.
341,341,A19,보상,웬만큼 물량을 늘려서는 어림도 없을 겁니다. — 일본 4대 증권사 쇼크에 공포와 패닉에 휩싸인 일본 주식시장과는 반대로 대흥창투 자금운용부 사무실은 폭락하는 주가에 환호성이 터져 나왔다.,6,5,7,3,3,2,2,4,보상: “30만 대로 초도 물량을 늘리면 원하는 만큼 생산 단가를 낮출 수 있지 않겠어요?” “!” 석원의 말에 안병석 사장은 물론이고 윤기훈 상무까지 눈을 크게 뜨며 화들짝 놀랐다.
342,342,A19,여진/다음 훅,"뉴 웨이브(new wave)라고 하는 건 어때요. — “사, 삼십만 대라고 하셨습니까?” 당혹감을 감추지 못하는 두 사람과 달리 석원은 태연하게 대답했다.",5,5,6,3,3,2,2,4,여진/다음 훅: “이름처럼 전 세계에 새로운 바람을 불러일으키는 제품이 될 거예요.”
343,343,A20,도입,일주일 아니 사흘 안에 투자금을 송금하도록 하마. — 매달 한 번씩 온 가족이 본가에 모이는 날이었기에 석원도 한남동 저택으로 왔다.,5,5,6,3,3,2,2,4,도입: “그러시죠.” 그럴 줄 알았다는 듯 태연히 대답하는 석원과 달리 박진형 사장은 우려 가득한 표정으로 두 사람을 바라봤다.
344,344,A20,약속,얼마가 들어도 상관없으니까 확실히 죗값을 치르도록 만들어요. — 대화가 모두 끝나자 석원이 먼저 일어나 서재를 나갔다.,5,5,6,3,3,2,2,4,약속: “돈은 얼마가 들어도 상관없으니까 놈들이 확실히 죗값을 치르도록 만들어요.”
345,345,A20,약속,물리기 없기다. 바로 계약서를 보내. — 도쿄 일본 증권업 협회 대회의실에는 많은 기자들이 모여 있었다.,5,6,6,3,3,2,2,4,약속: 바로 계약서를 보내.] “그럴게요.”
346,346,A20,전진,경영권을 확실히 가져오도록 해요. — 뉴욕 맨해튼 7번가 퀀텀 펀드 본사.,5,5,6,3,3,2,2,4,전진: 회귀 전에는 퀄컴한테 온갖 갑질을 당해도 특허 때문에 화를 삭여야 했으나 이번에는 석원이 그렇게 되도록 가만히 놔두지 않을 생각이었다.
347,347,A20,전진,한 가지 부탁드리고 싶은 것이 있기는 합니다. — 박 사장.” 한복을 곱게 차려입은 마담의 안내를 받아 오진암 별실로 들어선 우춘일 사무총장은 웃음을 띤 얼굴로 먼저 와서 기다리고 있던 석원을 반갑게 불렀다.,5,5,6,3,3,2,2,4,"전진: “오, 마담 왔는가.” “특별히 두 분 마음에 들만한 아이를 고르느라 힘들었답니다.” 그렇게 말하며 마담이 뒤에 있는 미닫이문을 닫았다."
348,348,A20,전진,눈치만 보다가 갑질 비스무리한 걸 해보니까 은근히 기분은 좋은데요. — 서울 태평로 사성전자 본사.,5,5,6,3,3,2,2,4,전진: 새삼 석원의 영향력을 실감한 두 사람은 나란히 커피를 홀짝이면서 박인호 대리가 돌아오기를 기다렸다.
349,349,A20,전진,그럼 더욱 선물을 매도하면 안 되는 것 아닙니까? — 미국 로스앤젤레스 외곽.,5,5,6,3,3,2,2,4,전진: 오래 묶어두기 힘들 테니 단기간에 성과를 낼 수 있는 다우 선물 매도에 집어넣어야 되겠네.”
350,350,A20,전진,돈을 그냥 갖다 버리는 거나 마찬가지니까 투자할 생각이 없다고 해요. — 미국 뉴욕주 웨스트체스터 카운티(Westchester County).,5,5,6,3,3,2,2,4,전진: 유상 증자에 참여할 생각이 없다고 확실히 전달하도록 해요.” 석원의 단호한 태도에 살짝 미련이 남았으나 윤기훈 상무는 더 말을 꺼내지 못하고 고개를 숙였다.
351,351,A20,전진,"고생했는데 배라도 든든하게 채워야죠. — 1997년 6월 16일, 월요일 아침.",5,5,6,3,3,2,2,4,전진: “그러시다면 감사히 잘 쓰도록 하겠습니다.”
352,352,A20,전진,축제는 오늘까지니까 마음껏 즐겼으면 좋겠군. — 1997년 6월 24일.,5,5,6,3,3,2,2,4,전진: “축제는 오늘까지니까 마음껏 즐겼으면 좋겠군.” 그러고는 소파에 몸을 깊이 파묻은 채 군침 도는 먹잇감을 앞에 둔 포식자처럼 입가에 짙은 미소를 지었다.
353,353,A20,전진,이렇게 싸움 구경을 하는 것도 나쁘지 않은데. — 평소와 마찬가지로 아침에 출근한 석원은 린넨 재킷을 벗어서 건네주며 말했다.,5,5,6,3,3,2,2,4,전진: “이렇게 싸움 구경을 하는 것도 나쁘지 않은데.”
354,354,A20,압박,홍콩 당국이 너무 욕심을 부리는 것 같네요. — 대흥투자 자금운용부 사무실은 아침부터 바쁘게 돌아가고 있었다.,5,5,6,3,3,2,2,4,압박: “어서 오게.” “그동안 잘 지내셨습니까.” 석원 역시 미소를 지은 채 다가가 최진우 장관과 악수를 나눴다.
355,355,A20,압박,아니 그러기에는 너무 늦어 버렸을 수도 있겠군. — 한복을 단정하게 차려입은 여직원이 음식을 테이블에 내려놨다.,5,5,6,3,3,2,2,4,압박: 깜깜한 앞날을 예감한 석원은 속으로 한숨을 삼켰다.
356,356,A20,압박,며칠 뒤가 기대되는군. — 1997년 7월 8일.,5,5,6,3,3,2,2,4,압박: 도 회장이 자살을 하다니…….” 불과 한 달 전에 전경련 모임에서 만나 자살한 도문성 회장과 담소를 나눴던 걸 떠올린 박태홍 회장이 침통한 표정을 지었다.
357,357,A20,압박,타이밍을 절묘하게 맞췄네요. 잘 했어요. — 뉴욕 맨해튼 7번가 퀀텀 펀드 본사.,5,5,6,3,3,2,2,4,압박: “타이밍을 절묘하게 맞췄네요.
358,358,A20,압박,블랙먼데이(black Monday) — 1997년 7월 14일.,5,5,6,3,3,2,2,4,압박: 도대체 어디까지 빠지려는 거야!”
359,359,A20,전환,보는 눈이 있기는 개뿔. — 오후가 되자 뉴욕 증시는 완전히 하락장으로 돌아서 사방에서 투매가 쏟아졌다.,5,5,6,3,3,2,2,4,전환: “보는 눈이 있기는 개뿔.”
360,360,A20,전환,이거 바로 보스한테 팩스로 보내. — 석원은 수행비서인 한지성 대리와 함께 디지털 웨이브 안병석 사장의 안내를 받아 인천 부평 공단에 있는 한 전자 공장을 둘러보고 있었다.,5,5,6,3,3,2,2,4,전환: “이거 바로 보스한테 팩스로 보내.”
361,361,A20,전환,일본 주식시장은 악몽 같은 시간이 되겠지만 우린 큰돈을 벌어들일 기회죠. — 평소대로 회사에 출근한 석원은 책상 앞에 앉아 어젯밤 뉴욕에 있는 랜든이 팩스로 보내준 한국 관련 골드만삭스 보고서를 읽고 있었다.,5,5,6,3,3,2,2,4,전환: 언제쯤 상황이 좀 나아지려는지 모르겠군.” 그렇게 말하는 박태홍 회장의 얼굴에 걱정이 가득했다.
362,362,A20,전환,"역시 중국이 뒤에서 개입했던 거군. — 1997년 8월 5일, 뉴욕 월스트리트.",5,5,6,3,3,2,2,4,전환: “조지 해밀턴이 정말 작정하고 밀어붙이는 모양이네.”
363,363,A20,보상,내일 밤이 승패를 가르는 승부처가 되겠네요. — 1997년 8월 6일 홍콩 중사이구(中西區).,5,5,6,3,3,2,2,4,보상: “그러다가 홍콩을 무너뜨릴 가능성이 낮다고 판단한 헤지펀드들이 손해를 줄이기 위해 하나둘 전열에서 이탈하기 시작하면 그 순간 홍콩 공략은 실패로 돌아가게 될 거예요.” [하긴 조금이라도 발을 빨리 빼야 그나마 손해가 적을 테니 시한이 가까워질수록 눈치를 보는 곳들이 생길 겁니다.] “그걸 감안하면 내일 밤이 승패를 가르는 승부처가 되겠네요.”
364,364,A20,보상,이러는 순간에도 시간은 가니까 어서들 움직여! — “7.85에 20개 보트(bought)!” “오케이.,5,5,6,3,3,2,2,4,"보상: “자, 이러는 순간에도 시간은 가니까 어서들 움직여!” “네.” “알겠습니다!” 정환엽 과장과 팀원들은 지시받은 대로 일제히 키보드를 두들기거나 수화기를 집어들며 포지션 청산에 들어갔다."
365,365,A20,보상,다 잡은 사냥감을 이렇게 놓치다니. — 뉴욕 외환시장이 열리는 것과 동시에 퀀텀 펀드가 정말 끝장을 보려는 듯이 홍콩 달러를 시장에 뭉텅이로 쏟아부었다.,5,6,6,3,3,2,2,4,보상: 제길.” 꽉 다문 잇새 사이로 거친 욕설이 토해졌다.
366,366,A20,여진/다음 훅,어깨에서 파는 줄 알았는데 이제 보니까 최고점이었네. — 창밖으로 해가 뜨며 어슴푸레 날이 밝아 오는 가운데 밤을 꼬박 새운 석원은 여러 대의 모니터가 설치된 책상 앞에 앉아 있었다.,5,6,6,3,3,2,2,4,여진/다음 훅: 모르긴 해도 이번 일로 파산하는 헤지펀드가 한둘이 아닐 걸.” 그러면서 이런 게임판에서 정확한 타이밍에 숏을 쳤다가 포지션을 청산해 수익률을 극대화시킨 석원의 혜안과 실력에 다시 한번 감탄을 금치 못했다.
367,367,A21,도입,일단 최 부장만 알고 미리 대비를 해두도록 해요. — 1997년 8월 11일.,5,5,6,3,3,2,2,4,도입: 인심이라도 써서 반감을 누그러뜨릴 수 있게 일단 선거 자금부터 넉넉하게 챙겨줘야겠군.”
368,368,A21,약속,더 이상 대마불사가 통하지 않는다는 걸 깨닫지 못한 모양이네. — 1997년 8월 14일.,5,5,6,3,3,2,2,4,약속: 어느새 높다란 빌딩들 사이로 석양이 지며 붉게 물들어있는 하늘이 꼭 암울한 앞날을 예고하는 것 같았다.
369,369,A21,약속,젊은 시절 어떤 모습일지 기대가 되네. — 1997년 8월 19일.,5,5,6,3,3,2,2,4,약속: 이내 양쪽 날개 밑에서 커다란 바퀴를 꺼낸 걸프스트림Ⅳ 전용기는 깃털처럼 사뿐히 길게 뻗어 있는 북경 공항 활주로에 내려앉았다.
370,370,A21,전진,북경에 오신 걸 환영합니다. — 부드럽게 착륙한 걸프스트림Ⅳ 전용기는 유도로를 따라 천천히 이동해서는 넓은 공항 한쪽에 마련되어 있는 주기장에 도착해 멈춰 섰다.,5,5,6,3,3,2,2,4,전진: 바로 수년 뒤에 중국의 최고 권력자가 되는 류상푸 부서기였다.
371,371,A21,전진,아무래도 오늘 일생일대의 귀인을 만난 것 같습니다. — 석원을 본 류상푸 부서기가 몸을 일으키자 왕 용웨이가 웃는 얼굴로 입을 열었다.,5,5,6,3,3,2,2,4,전진: 이로써 훗날 거대한 중국을 좌지우지할 류상푸 부서기의 마음을 의도한 대로 완전히 사로잡으며 인연을 맺게 됐다.
372,372,A21,전진,이번 폭락장은 바닥이 아주 깊을 거예요. — 1997년 9월 1일.,6,6,6,3,3,2,2,4,전진: 그런 가운데 최호근 부장은 그대로 선 채 복잡한 눈빛으로 대형 시황판에 띄워져 있는 원-달러 환율을 바라봤다.
373,373,A21,전진,"정말 운도 더럽게 없군. — 1997년 9월 3일, 과천 정부 종합청사.",6,5,6,3,3,2,2,4,전진: “하필이면 이런 시기에 외환위기가 닥치다니 정말 운도 더럽게 없군.”
374,374,A21,전진,어둡고 고통스러운 긴 터널이 시작됐군 — 1997년 9월 8일.,5,5,6,3,3,2,2,4,전진: “어둡고 고통스러운 긴 터널이 시작됐군.”
375,375,A21,전진,"그런 거라면 제가 해결해 드릴 수 있을 것 같네요. — 다음날도 환율이 달러당 1,000원을 넘긴 채 외환시장이 극도로 불안한 가운데 이은형 경제 부총리는 노강웅 한국은행 총재와 함께 대통령의 호출을 받고 청와대로 들어왔다.",5,7,6,3,3,2,2,4,전진: 이내 수익금을 확인한 박태홍 회장이 숨을 크게 들이켰다.
376,376,A21,압박,넌 인마 그러고도 남어 — 박태홍 회장이 두 눈을 크게 부릅뜨며 화들짝 놀라자 옆에 있던 길성호 비서실장이 다급히 그를 불렀다.,5,5,6,3,3,2,2,4,압박: “넌 인마 그러고도 남어.” “너무하시네요.” 석원이 섭섭하다는 표정을 짓자 옆에 있던 박진형 사장은 터져 나오려는 웃음을 애써 참았다.
377,377,A21,압박,동해 그룹이 어쩌다가 이 지경이 된 거야. — 석원이 한 충고를 받아들여 미리 대비를 잘 해둔 덕분에 위기를 잘 버티고 있는 대흥 그룹과 달리 대부분의 기업들은 거센 폭풍우에 휩쓸린 돛단배처럼 하루하루 위태로운 시간을 보내고 있었다.,6,5,6,3,3,2,2,4,압박: “출국 전까지 아무도 눈치채지 못하도록 각별히 조심하도록 해.” “알겠습니다.”
378,378,A21,압박,혼자 살려고 잔머리를 굴리는 모양인데. 그렇게 놔둘 수는 없지. — 1997년 9월 12일 금요일.,5,5,6,3,3,2,2,4,압박: 그렇게 놔둘 수는 없지.”
379,379,A21,전환,일본은 절대 한국을 돕지 않을 거예요. — 1997년 9월 15일.,5,5,6,3,3,2,2,4,전환: 석원은 어둡게 가라앉은 눈빛을 하며 위스키가 든 잔을 기울였다.
380,380,A21,전환,엘도라도 펀드? 또 그놈들이야! — 1997년 9월 18일.,5,5,6,3,3,2,2,4,전환: 한국 측에 핑계를 대려고 일본 경제 상황이 안 좋다는 말을 했는데 어쩌면 정말로 심각해질 수 있다는 불안감이 엄습했다.
381,381,A21,전환,나쁘지 않은 기분이네. — 외환시장이 열리자마자 엄청난 원화 매도 주문이 쏟아지며 원-달러 환율이 단숨에 다시 천원을 뚫고 올라가 버렸다.,5,6,6,3,3,2,2,4,전환: “나쁘지 않은 기분이네.” 특히 지난 생에서는 한 번도 느껴보지 못한 감정이었기에 더욱 가슴이 벅차올랐다.
382,382,A21,보상,10억 전액을 말씀이십니까? — 1997년 9월 29일.,5,6,7,3,3,2,2,4,보상: “10억 전액을 말씀이십니까?” “그래요.” 석원은 여전히 미소지은 얼굴로 가볍게 고개를 끄덕였다.
383,383,A21,보상,"각하의 뜻입니까? — [ 동해그룹, 방만한 경영과 무리한 인수합병 추진으로 부실 자초 서울지방 법원은 오늘자로 “xx식용유”로 대표되는 동해그룹의 화의 신청을 승인했다.",6,6,7,3,3,2,2,4,보상: “이런 말을 하기 참 그렇지만 국가를 위한 일이다 생각하시고 결단을 내려주셨으면 합니다.” “……각하의 뜻입니까?” “그렇습니다.” 대통령이 그를 외환위기를 초래한 실정을 덮는 희생양으로 삼으려 한다는 걸 알아차린 이은형 부총리는 눈앞이 아찔해지면서 주체할 수 없는 배신감이 밀려들었다.
384,384,A21,여진/다음 훅,결국 그렇게 되는군요. — 1997년 10월 7일.,5,5,6,3,3,2,2,4,"여진/다음 훅: 이를 바탕으로 정부와 기업, 금융기관, 근로자등 모든 경제주체들이 합심해 노력한다면 우리 경제는 조속한 시일 내에 정상궤도에 진입할 것으로 확신합니다.” 모든 국민들이 충격과 걱정 속에 긴급 기자회견을 지켜보는 가운데 대한민국 역사상 가장 고통스러운 페이지 중에 하나인 IMF 사태가 공식화되는 순간이었다."
385,385,A22,도입,빨리 팔아달라니까 뭘 하는 거야! — 밤이 늦은 가운데 이은형 경제 부총리가 긴급 기자회견을 한다는 소식을 전해 들은 박태홍 회장이 두 아들을 본가로 불러 서재에서 함께 생방송을 지켜봤다.,5,5,6,3,3,2,2,4,도입: 그럴수록 창구 앞에 몰린 사람들의 아우성은 더욱 커져만 갔고 큰 폭의 하락에 장이 시작된 지 10분도 되지 않아 서킷 브레이크가 발동되며 거래가 중단되어 버렸다.
386,386,A22,약속,"역시나 원래대로 헛발질을 하네. — [KOSPI : 373.73 (29.43)] “방금 서킷 브레이크가 발동됐습니다.” 유석현 대리의 외침이 터져 나오자, 자리에 앉아 있던 정환엽 과장은 대형 시황판의 코스피 지수를 응시하며 입을 열었다.",5,5,6,3,3,2,2,4,"약속: 역시나 원래대로 헛발질을 하네.” 예상했던 수순이었지만, 대한민국의 명운이 걸린 IMF 협상을 코앞에 두고 삽질만 하고 있는 청와대를 보며 석원은 깊은 실망감을 감추지 못했다."
387,387,A22,약속,"어떤 제안을 말씀하시는 건지……. — 1997년 10월 13일, 광화문 정부 제1 종합청사.",5,5,6,3,3,2,2,4,약속: “확보한 인터플라자 지분 중에 15%를 최 대표님한테 드리려고 합니다.” “!”
388,388,A22,전진,어떻게 해서든 살아보려고 발버둥을 치는데 사방에서 죽으라고 아주 난리네요. — 전혀 생각지도 못한 이야기에 최정열 대표는 눈을 동그랗게 뜨며 되물었다.,6,5,6,3,3,2,2,4,전진: “아무래도 생각하고 있던 것보다 빨리 최진우 경제 부총리를 만나서 이야기를 나눠야 되겠네.” 이 상태로 가다가는 결국 일방적으로 IMF가 원하는 모든 걸 내어주고 구제금융을 받아야 될 테니 그 전에 나서서 분위기를 유리하게 바꿀 생각이었다.
389,389,A22,전진,자사주 매입을 하시겠다는 겁니까? — 여의도에 위치한 대흥 증권 객장에 백여 명 가까운 개인 투자자들이 삼삼오오 짝을 지어 한쪽 벽면을 가득 채운 대형 시황판을 허탈하게 바라보고 있었다.,5,5,6,3,3,2,2,4,전진: “매수 자금이 입금되면 공시를 바로 내서 주주들을 안심시키도록 해요.” “알겠습니다.”
390,390,A22,전진,제가 작으나마 도움을 드릴 수 있을 것 같아 연락드렸습니다. — 1997년 10월 20일.,5,5,7,3,3,2,2,4,전진: “무슨 용건인지 알 수 있겠나?” [IMF 대표단과의 협상에서 제가 작으나마 도움을 드릴 수 있을 것 같아 연락드렸습니다.] 그 말을 들은 최진우 경제 부총리가 눈을 크게 부릅떴다.
391,391,A22,전진,일한과 한성은행을 저한테 주십시오. — 밤 10시가 넘은 늦은 시간.,5,5,6,3,3,2,2,4,전진: 좋은 소식을 들을 수 있길 기대하고 있겠습니다.”
392,392,A22,전진,"계약을 잘 끝낸 보너스예요. — 이틀 뒤, 광화문 정부 제1 종합청사.",5,6,6,3,3,2,2,4,전진: “무르시엘라고가 2001년에 나오니까 지금쯤 한창 설계 중이겠네.” 회사 오너가 된 기념으로 제일 먼저 주문을 넣어 1호차를 받을 생각에 석원은 저절로 입가에 미소가 지어졌다.
393,393,A22,전진,거래 내용을 좀 바꿨으면 하네. — 도쿄도 주오구에 위치한 가부토초(兜町)는 일본은 물론이고 세계에서도 손꼽히는 금융 중심지 가운데 하나였다.,5,5,6,3,3,2,2,4,전진: 그런 종금사들을 무려 세 곳이나 떠안으라고 하니 얼굴이 굳어질 수밖에 없었다.
394,394,A22,전진,뜻이 그러시다면 말씀대로 하겠습니다. — 그런 석원의 반응을 보고 최진우 경제 부총리가 얼른 말을 덧붙였다.,5,5,6,3,3,2,2,4,전진: “나한테는 별일 아니지만 이걸로 취업이 확정됐다가 취소된 사람들은 큰 희망을 얻을 수 있겠지.”
395,395,A22,전진,"전화를 주신 걸 보니 결정이 내려진 모양이군요. — [이번 역은 창동, 창동역입니다.",5,5,6,3,3,2,2,4,전진: [자네 요구대로 정보사 부지를 매각하겠네.] 기다리던 대답에 석원은 유리창을 바라보며 씨익 입꼬리를 위로 끌어 올렸다.
396,396,A22,전진,이거 작은 집이 큰 집보다 더 커지겠구나. — 1997년 10월 27.,5,5,6,3,3,2,2,4,전진: 이거 벌써부터 다음 전경련 모임이 기대가 되는구만.” 박태홍 회장은 아들 자랑을 할 생각에 잔뜩 신이 난 표정을 지었다.
397,397,A22,압박,"자식 놈이 나보다 낫구만. — 1997년 10월 28일, 광화문 정부 제1 종합청사.",5,5,6,3,3,2,2,4,압박: “아버님도 하늘에서 내려다보면서 기뻐하고 계실 거예요.” “그러실 거야.”
398,398,A22,압박,최소한 더블 이상을 기대할 수 있을 거예요. — 강남 대흥창투 본사.,5,5,6,3,3,2,2,4,압박: 새삼 두세수 앞을 내다보는 뛰어난 혜안에 아무리 감탄해도 부족할 정도였다.
399,399,A22,압박,혹독한 겨울이 찾아오면 가장 힘들고 고통받는 건 서민들이지. — 1997년 10월 30일.,5,5,6,3,3,2,2,4,압박: “안타깝게도 이번 상승은 가짜 반등이야.”
400,400,A22,압박,이거 갑자기 복권이라도 맞은 기분입니다. — “그러면 MC 소프트 투자 계약은 완전히 마무리된 거네요.” 가운데 상석에 한쪽 다리를 꼬고 앉은 석원의 물음에 유현덕 본부장이 바로 대답했다.,5,6,6,3,3,2,2,4,압박: 다른 비품들도 다 제일 비싸고 좋은 걸로 바꿔주고.” 다른 때 같으면 너무 차별 대우를 하는 것 아니냐고 했겠지만 유현덕 본부장도 지금만큼은 군말없이 고개를 끄덕였다.
401,401,A22,압박,"재차 바닥을 찍고 올라올 때가 진짜 반등이에요. — 1997년 11월 3일, 여의도 대흥증권.",5,5,6,3,3,2,2,4,압박: 타운센트 총재의 발언은 다음 날 한국 언론에 대서특필 됐다.
402,402,A22,전환,지난번에 말씀하셨던 폭락이 찾아오겠군요. — 1997년 11월 5일.,6,5,6,3,3,2,2,4,전환: “이제 곧 공포가 증권주를 넘어 금융섹터뿐만 아니라 주식 시장 전체로 빠르게 번져나가겠지.” 앞으로 펼쳐질 상황을 떠올리며 석원은 무거운 표정으로 시장 움직임을 바라봤다.
403,403,A22,전환,글쎄요. 그건 조금 어렵지 않을까 싶습니다. — 1997년 11월 7일 광화문 정부 제 1청사.,5,5,6,3,3,2,2,4,전환: “채권 발행에 실패했다는 소식이 전해지면 그 즉시 공포감이 커져 환율이 천장을 뚫고 치솟아 오르겠군.”
404,404,A22,전환,이걸로 확실해졌네. — 1997년 11월 11일.,5,5,6,3,3,2,2,4,전환: 석원은 심각한 얼굴로 블룸버그 단말기로 들어오는 정보들을 훑으며 흘러가는 시장 상황을 주시했다.
405,405,A22,전환,골든 패러슈트(Golden Parachute). — 한강을 옆에 두고 길게 이어진 강변 북로를 따라 검은색 벤츠 대형 세단 한 대가 광나루 방향으로 달려가고 있었다.,5,5,6,3,3,2,2,4,전환: “두 분이 도와주신다니 한시름 놓을 수 있을 것 같군요.”
406,406,A22,전환,"어때요. 맡아줄 수 있겠어요. — 처음의 긴장된 분위기와는 달리, 두 은행장은 웃는 얼굴로 먼저 자리를 떠났다.",6,5,6,3,3,2,2,4,전환: 대선 후보들도 부디 그 사실을 깨닫길 바랄 뿐이었다.
407,407,A22,보상,"소 잃고 외양간 고치는 거나 다름없지. — 새시대민족회의 김재준 총재는 열흘간 경상도부터 시작해 전라도, 충청도를 거쳐 경기도까지 선거 유세를 마치고 서울로 돌아왔다.",5,5,6,3,3,2,2,4,보상: 그렇게 여의도 본사 영업점과 전국 82개 서남 증권 지점에서도 이와 똑같은 일들이 일어났다.
408,408,A22,보상,"시작해요. — [금융기관 부실채권 내년 1월까지 전액 매입] [신세기 투신 내일부터 업무정지 명령] [은행 해외차입금 2백억 달러까지 정부보증] [기업 자금난으로 인해 올해 세수 차질 불가피] [IMF 합의 이후에도 환율 가파른 상승세, 오늘 달러당 1,700원 위협] [IMF, 종금, 은행 감독기구 통합 요구] [IMF 지원 금리 2∼4%포인트 인상될 듯] [외채 2천억 달러로 세계 1위 채무국 우려] [외환시장 연일 폭등] [기업들의 연쇄도산으로 올해 실",5,7,6,3,3,2,2,4,보상: “지금쯤 축배를 들고 있겠지만 이제 곧 환호가 비명으로 바뀌게 될 거야.”
409,409,A22,보상,엘도라도 이 자식들이 — 석원과 통화를 끝내고 휴대폰을 주머니에 집어넣은 랜든은 고개를 들어 정면에 설치된 대형 시황판을 올려다봤다.,5,6,6,3,3,2,2,4,보상: 순식간에 트레이딩 플로어가 시끄러워진 가운데 밀러는 낭떠러지 아래로 추락하듯 끝없이 미끄러지고 있는 원-달러 환율을 보며 입에서 연신 욕설을 쏟아냈다.
410,410,A22,여진/다음 훅,분명한 건 엘도라도 펀드가 대한민국을 살렸다는 거야. — 서울 강남 대흥창투 본사.,5,5,6,3,3,2,2,4,여진/다음 훅: “한 가지 분명한 건 엘도라도 펀드가 낭떠러지 끝에 매달려 있던 대한민국을 살렸다는 거야.”
411,411,A23,도입,누구 아들인지 정말 기특해 죽겠구만. — 서울 광화문 정부 제 1청사.,5,5,6,3,3,2,2,4,도입: 누구 아들인지 정말 기특해 죽겠구만.”
412,415,A23,약속,이거 완전 거저나 마찬가지네. — “지금 한국 통운이라고 했냐?” 박태홍 회장이 미간을 좁히며 되묻자 그가 바로 대답했다.,5,5,6,3,3,2,2,4,약속: 그러면서 거래를 잘 처리한 유현석 본부장에게 연말 보너스를 두둑하게 챙겨줘야겠다고 생각했다.
413,416,A23,약속,가끔은 바보 같은 짓을 하는 것도 필요할 때도 있지. — 커다란 통유리창으로 밝은 햇살이 들어오는 사장실.,5,5,6,3,3,2,2,4,약속: 돈 낭비를 하는 것 같지만 가끔은 바보 같은 짓을 하는 것도 필요할 때도 있지.” 석원은 살짝 미소지으며 눈이 내리는 풍경을 잠시 감상했다.
414,417,A23,전진,모두넷 — “다녀오세요.” 한성은행 입사 8년 차 과장인 오창일은 현관까지 나온 아내의 배웅을 받으며 집을 나섰다.,5,5,7,3,3,2,2,4,전진: “바쁜데 오라고 한 건 매수 포트폴리오에 추가할 종목이 있어서예요.” “그게 어딥니까?” “모두넷이에요.”
415,418,A23,전진,이런 찬스를 절대 놓칠 수 없지 — “모두넷이라고 하셨습니까?” 최호근 부장이 눈을 껌뻑이며 묻자 그가 머리를 끄덕였다.,5,5,6,3,3,2,2,4,전진: 이렇게 급하게 만나려는 이유가 뭘까.”
416,419,A23,전진,브로드밴드(broadband)입니다. — 경기도 고양시 일산동구.,5,5,7,3,3,2,2,4,전진: “그게 뭔가?” “브로드밴드(broadband)입니다.” “……!”
417,420,A23,전진,자네 말대로 한번 해보도록 하지. — “브로드밴드라고 했나?” “그렇습니다.” 의아하게 쳐다보는 김재춘 총재와 우춘일 사무총장의 시선을 받으며 그는 사뭇 진지한 태도로 대답했다.,6,5,6,3,3,2,2,4,전진: 대신 필요하면 도와주겠다는 약속을 잊지 말게.” “예.” 그 뒤로도 김재춘 총재는 외환위기와 IMF 관리체제를 빨리 극복할 수 있는 방법에 대해 석원과 함께 늦은 시간까지 심도 깊은 대화를 나눴다.
418,421,A23,전진,액수가 제대로 맞게 넣어진 거겠죠? — 1997년 12월 24일.,5,5,6,3,3,2,2,4,전진: ‘사장님을 따라오길 정말 잘했어!’ 그야말로 인생 최고의 선택이었다.
419,422,A23,전진,완전히 기대 이상이군. — 한쪽에 나 있는 커다란 통유리창으로 밝은 햇살이 들어와 넓은 사장실 안을 환하게 비췄다.,5,5,6,3,3,2,2,4,전진: “이거 완전히 기대 이상이군.”
420,423,A23,압박,누가 금을 낸다고 했어요? — 샤워기 물을 잠근 석원은 수증기가 자욱한 유리 부스를 나왔다.,5,5,6,3,3,2,2,4,압박: 그러면 내일 오후에 광화문 청사로 오겠나.] “시간만 알려주시면 맞춰서 가도록 하겠습니다.” [오후 1시쯤에 잠깐 짬이 날 것 같으니 그때 보도록 하지.] “알겠습니다.”
421,424,A23,압박,이러면 장난질을 못 치겠지 — “뉴욕에서 열린 채권단 회의 내용을 입수했다고 했지?” 흰색 와이셔츠에 붉은색 넥타이를 한 최진우 경제 부총리가 오른편 소파에 앉은 신승기 차관을 보며 물었다.,5,5,6,3,3,2,2,4,압박: 그걸 보며 석원이 입가에 옅은 미소를 지었다.
422,425,A23,압박,"여길 나만의 포트 녹스로 만드는 거야. — 바로 다음 날, 예상한 대로 그의 제안을 받아들이기로 했다고 최진우 경제 부총리가 연락을 해왔다.",5,5,6,3,3,2,2,4,압박: 석원은 마지막으로 한 번 더 금고실이 들어설 강당 내부를 둘러보고는 이내 몸을 돌렸다.
423,426,A23,압박,"비밀을 확실히 지켜주길 바랍니다. — 1998년 1월 15일, 일본 도쿄도 주오구 일본 장기신용은행 본점.",5,6,6,3,3,2,2,4,"압박: 이렇게 엘도라도 펀드는 3,270억 엔이 넘는 장부 가치를 가진 채권을 헐값에 가져오게 됐다."
424,427,A23,전환,그 덕분에 귀한 명화들을 헐값에 사들일 수 있는 것 아니겠어요. — 1998년 1월 16일.,5,5,6,3,3,2,2,4,전환: 그리고 얼마 있지 않아 몸이 살짝 떠오르는 느낌과 함께 육중한 전용기가 활주로를 박차고 하늘로 힘차게 날아올랐다.
425,428,A23,전환,스카웃을 했으면 하는 인재가 한 명 있어요. — 미국 샌디에이고 델 코로나도 호텔(del Coronado Hotel).,5,6,6,3,3,2,2,4,전환: 이미 계약을 끝내고 투자금도 보내준 상태이니 그냥 편하게 이야기를 나누시면 됩니다.” 이야기를 듣고 석원은 작게 고개를 끄덕였다.
426,429,A23,전환,저희 쪽에서 법률적인 지원을 해드리겠습니다. — 석원은 묵고 있는 델 코로나도 호텔 레스토랑 야외 테이블에 랜든과 함께 앉아 있었다.,5,5,6,3,3,2,2,4,전환: 물론 이렇게 한다고 해서 스타트닷컴의 검색광고 모델을 모방하는 곳이 안 나타나진 않겠지만 최소한 강화시켜둔 특허권으로 원래보다 많은 피해보상과 합의금을 받아낼 수 있을 터였다.
427,430,A23,전환,이런 큰 거래를 막무가내로 밀어붙일 리는 없지 않겠어요 — 갑자기 닥친 한파에 뉴욕 전체가 꽁꽁 얼어붙은 가운데 플라자 호텔 펜트하우스 안은 훈훈한 온기가 느껴졌다.,6,5,6,3,3,2,2,4,전환: ‘글래스-스티걸법 폐지로 인해 몇 년 뒤에 글로벌 금융위기가 발생하게 되지만 그건 나중의 일이지.’ 인간의 욕심과 어리석음으로 인해 역사가 반복된다는 말이 그대로 들어맞았다.
428,431,A23,보상,"인수하게 되면 한 가지 꼭 해야될 일이 있어요. — 1998년 1월 23일, 뉴욕 플라자 호텔.",5,6,6,3,3,2,2,4,보상: “논현점을 폐쇄하고 완전히 건물을 철거해 버려야 되요.”
429,432,A23,보상,그냥 2백억에 매수할게요. — 전혀 생각지도 못한 이야기에 박태홍 회장이 미간을 좁힌 채 확인하듯 되물었다.,5,6,6,3,3,2,2,4,보상: 박태홍 회장은 그런 큰아들을 떨떠름하게 째려보면서 쯧하고 혀를 찼다.
430,433,A23,여진/다음 훅,못 말리는 녀석들 같으니라고. — 석원은 와이셔츠를 입은 채 드레스 룸에 있는 거울 앞에 서서 넥타이를 매고 있었다.,5,5,6,3,3,2,2,4,여진/다음 훅: “지금은 생소한 서비스를 하는 흔한 벤처 기업이지만 곧 코스닥 광풍의 시발점이 되는 회사가 될 거라고는 아무도 짐작조차 하지 못할 거야.” 무려 55배나 주가가 치솟으며 국내에서 코스닥 열풍을 만들어낼 골드뱅크의 주가 차트를 머릿속으로 떠올리며 석원은 입가에 짙은 미소를 지었다.
431,434,A24,도입,지난번에 지시한 대로 일을 시작해요. — 스르륵 열리는 미닫이문 사이로 여종업원의 안내를 받은 석원이 구두를 벗으며 별실 안으로 들어섰다.,5,5,6,3,3,2,2,4,도입: 정신을 잃은 우호근은 무너지듯 그대로 바닥에 쓰러졌다.
432,435,A24,약속,석원이 이놈 진짜……. — 어두운 선실 한쪽 간이침대에 우호근이 혼자 누워 있었다.,5,5,6,3,3,2,2,4,약속: 석원이 이놈 진짜…….”
433,436,A24,약속,군에 기부하겠습니다. — 널찍한 책상 뒤로 벽에 걸린 대통령 사진과 함께 태극기와 붉은색 바탕의 국방부 깃발이 세워져 있는 집무실 안.,5,5,6,3,3,2,2,4,약속: 세 사람의 일치단결된 의지에 석원도 환하게 미소를 지었다.
434,437,A24,전진,제발 이대로 계약이 이루어졌으면 좋겠군. — 방 주인의 취향에 맞춰 심플하면서도 고급스럽게 꾸며진 사장실 안.,5,8,6,3,3,2,2,4,"전진: 서울 종묘 550억 원에 인수] [서울 종묘에 이어 흥농과 중앙, 농우까지 대흥그룹 품으로] [4대 종묘회사 인수 합병으로 시장 점유율 60%, 토종 거대 종묘회사 탄생] [인수 합병으로 새롭게 탄생한 블루 바이오, 국내 종묘시장 새바람 일으키나]"
435,438,A24,전진,역시 말이 잘 통하는구만 — 일본 도쿄 하네다 국제공항.,5,6,6,3,3,2,2,4,전진: 유능함을 보여주듯 단순히 석원의 지시를 수행하는 걸 넘어 능동적으로 수익을 극대화할 방법을 찾는 두 사람이었다.
436,439,A24,전진,이런 증거를 어떻게 구하신 겁니까? — 도쿄 시내에 위치한 펜트하우스 소파에 앉아 석원은 존 포터 지사장과 대화를 나누고 있었다.,5,5,6,3,3,2,2,4,전진: 그런데 이걸 공개하면서 두 번째 폭탄을 터트린다면 유권자들한테 자신의 이름을 확실히 각인시킬 수 있을 터였다.
437,440,A24,전진,딜 중에 딜 — 동쪽 하늘이 온통 붉은빛으로 물들며 아침 해가 떠오르자 새파란 새싹이 돋아난 정원수 나뭇가지에 보석처럼 송골송골 맺힌 이슬방울들이 아침 햇살을 받아 영롱하게 빛났다.,5,5,6,3,3,2,2,4,전진: “러시아 국채에 숏 베팅을 할 거예요.” [!]
438,441,A24,전진,상관없어요. 어차피 판돈을 우리가 쓸어올 테니까 — [러시아 국채에 숏을 치신다고 하셨습니까?] 당황한 기색을 감추지 못하는 랜든과 달리 그는 담담하게 대답했다.,5,5,6,3,3,2,2,4,전진: 점점 더 벼랑 끝으로 몰리는 듯한 불안감이 그를 더욱 초조하게 만들었다.
439,442,A24,전진,150엔이라고요? — “여기가 나산백화점 논현점입니다.” 손재규 미도파 백화점 이사의 말에 석원이 레이밴 선글라스를 낀 얼굴을 들어 위를 올려다봤다.,5,5,6,3,3,2,2,4,전진: 도대체 언제 철이 들려는지.”
440,443,A24,압박,사건은 항상 예기치 못한 일로 시작되는 법이지. — 값비싼 천연 대리석으로 고급스럽게 꾸며진 현관문이 소리 없이 열리며 수행비서인 한지성 대리와 함께 석원이 최고급 빌라에서 나왔다.,5,6,6,3,3,2,2,4,압박: “안 그래도 수익률을 어디서 만회해야 될지 고민이었는데 러시아 불곰들이 도와주는군.”
441,444,A24,압박,러시아가 사고를 아주 크게 친 것 같습니다. — 모스크바 러시아 연방 정부 청사.,5,5,6,3,3,2,2,4,"압박: “이제 곧 엄청난 쓰나미가 월가를 덮치겠군.” 러시아가 무너지는 걸 보며 월가의 탐욕스러운 자본가들이 이를 먹잇감 삼아 달려들겠지만, 그 칼날이 결국 자신들을 향하게 될 것을 이때는 전혀 짐작하지 못할 터였다."
442,445,A24,압박,"금괴를 몽땅 다 가져오도록 해요 — 미국 뉴욕주 롱아일랜드, LTCM 본사.",5,5,6,3,3,2,2,4,압박: “모스크바에 가서 러시아 중앙은행 금고에 보관되어 있는 금괴를 몽땅 다 가져오도록 해요.” [……!]
443,446,A24,압박,호오. 그런 펀드가 있었나. — 모스크바 크렘린궁 회의실.,5,5,6,3,3,2,2,4,압박: 하지만 이바노프 대통령의 지시를 어길 수는 없었기에 차마 떼어지지 않는 입술을 겨우 벌려 대답했다.
444,447,A24,전환,돈은 쓸수록 더 많은 돈이 모이는 법이지. — [USD/JPY : 139.87 (󰀺1.54)] 바닥에 두꺼운 카페트가 깔린 널찍한 사장실.,5,5,6,3,3,2,2,4,전환: “원래 돈은 가만히 움켜쥐고 있는 게 아니라 쓸수록 더 많은 돈이 모이는 법이지.”
445,448,A24,전환,바닥이면 다행인데 그게 아니라 무릎밖에 안 온 거라면……. — 점심시간이 되자 여의도 대흥 증권 건물 한편에 위치한 여직원 휴게실은 재잘거리는 소리로 활기를 띠었다.,5,5,6,3,3,2,2,4,전환: 최호근 부장은 초조한 얼굴로 다시 대형 시황판에 띄워진 주가지수를 바라보며 담배를 꺼내 입에 물었다.
446,449,A24,전환,지금쯤 핵폭탄이 떨어진 것 같은 상황이겠군. — 1998년 8월 16일.,5,5,6,3,3,2,2,4,전환: “지금쯤 LTCM은 핵폭탄이 떨어진 것 같은 상황이겠군.”
447,450,A24,전환,"곧 시베리아의 찬바람이 월가를 얼어붙게 만들거예요. — [러시아, 90일간 모라토리엄 선언!",5,5,6,3,3,2,2,4,전환: 기다리고 있겠습니다.] 잠시 뒤 석원을 태운 걸프스트림Ⅳ 전용기는 활주로를 힘차게 박차고 날아올라 새파란 하늘 위로 사라졌다.
448,451,A24,보상,하지만 보스께서는 아니셨죠 — 1998년 8월 19일 수요일.,6,6,6,3,3,2,2,4,보상: 금융주에 가장 많은 숏포지션을 잡아두고 있었기에 골드만삭스를 비롯한 월가 주요 은행들의 주가 폭락은 고스란히 엘도라도 펀드의 수익으로 돌아오기 때문이었다.
449,452,A24,보상,"그때가 이번 폭락의 클라이막스가 될 거예요 — [美 G-7, IMF와 함께 러시아 정부 개혁이행 확약 후 차관지원 협의] [백악관, 경제 개혁 약속 없다면 추가 금융지원 없다] [“무분별한 모럴 해저드 더 이상 없다” IMF 총재 러시아 구제금융 기대 일축] [러시아 추가 구제금융 기대 불발에 금융시장 충격!] 찻잔 속 태풍이라고 생각하던 러시아의 모라토리엄 선언이 초대형 허리케인이었다는 것이 확인되자 월가를 비롯한 세계 금융시장이 크게 요동쳤다.",6,5,6,3,3,2,2,4,보상: “그래서 저 하늘 끝까지 닿을 줄 알았는데.” 와이즈먼은 눈을 꾹 눌러감은 뒤 이내 무거운 발걸음으로 사장실에 돌아가 차입금을 빌려준 은행들한테 보낼 편지를 썼다.
450,453,A24,여진/다음 훅,벌써 내일이 기대되는군. — 1998년 9월 2일.,5,5,6,3,3,2,2,4,여진/다음 훅: “젠장할!” 안 그래도 어제 벌어진 LTCM 사태로 인해 상황이 안 좋은데 연달아 발생한 대형 악재에 불길한 기분이 온몸을 덮쳤다.
451,454,A25,도입,이번 달을 넘기지 못하고 무너지겠네요. — 1998년 9월 4일.,5,5,6,3,3,2,2,4,도입: “자세히 말해보게.” 어느새 크리스 총재의 머릿속에서 아내가 멋진 드레스를 차려입고 현관에서 그를 기다리고 있다는 것과 오페라 공연 시간이 얼마 남지 않았다는 아주 사소한 문제 따위는 깨끗하게 사라졌다.
452,455,A25,약속,연준이 칼을 빼든 모양이네요 — 1998년 9월 21일 월요일.,5,5,6,3,3,2,2,4,약속: 서두를 필요 없어요.” “아…….” “그렇군요.” 세 사람은 납득한 얼굴로 머리를 끄덕였다.
453,456,A25,약속,허어. 1조 달러라니……. — 1998년 9월 22일.,5,6,6,3,3,2,2,4,약속: 살루치는 미소를 지은 채 욕망에 젖은 눈동자를 번득였다.
454,457,A25,전진,다른 데서 채갔다고 하는군 — 뉴욕 연방준비은행 10층 회의실에는 어제와 같이 크리스 머피 총재와 월가 은행 수장들이 모여 있었다.,5,5,6,3,3,2,2,4,전진: “엘도라도 펀드라고 하는군.”
455,458,A25,전진,달러로 매수 대금을 지급한다는 걸 빠뜨리지 말고 꼭 강조해요 — 1998년 9월 24일 목요일.,5,6,6,3,3,2,2,4,전진: 그만한 액수의 달러를 준다고 하면 정부도 절대 거부하지 못하겠지.” 곧 김포 매립지가 통째로 자신의 손에 들어올 걸 생각하며 석원은 얼굴 가득 미소를 지었다.
456,459,A25,전진,정말 달러로 전부 내겠다고 했단 말인가? — 창밖으로 가파른 인왕산의 바위 절벽이 보이는 청와대 대통령 집무실 안.,5,6,6,3,3,2,2,4,전진: 보스인 석원한테 인정을 받고 있다는 생각에 저절로 허리가 쫙 펴지고 어깨가 넓어졌다.
457,460,A25,전진,모스크바에 오신 걸 환영합니다. — 뉴욕 롱아일랜드 이스트 햄프턴(East Hampton).,5,5,6,3,3,2,2,4,"전진: 잠시 뒤, 일행을 태운 벤츠 대형 세단 두 대가 줄지어 주기장을 빠져나와서는 곧장 넓은 고속도로를 타고 모스크바 시내로 향했다."
458,461,A25,압박,그러니까 기술 이전을 해주면 30억 달러를 주겠다는 거요. — 석원을 태운 벤츠 대형 세단이 붉은색 성벽으로 둘러싸인 크렘린궁 내부로 들어갔다.,5,7,6,3,3,2,2,4,압박: ‘제대로 낚였군.’ 그리고 겉으론 매우 신사적이고 관대한 척 고개를 끄덕였다.
459,462,A25,압박,직접 만나는 건 처음이군요. 유리 미하일로프입니다. — “담당 부서에 시간을 끌지 말고 빠르게 일을 처리하라고 내가 직접 지시를 내려놓을 테니까.,5,5,6,3,3,2,2,4,압박: 이렇게 만나게 돼서 정말 반갑군요.”
460,463,A25,압박,박 회장이 아들 덕을 아주 제대로 보는구만. — 넓은 로얄 스위트룸에 있는 푹신한 가죽 소파에 단정한 수트 차림의 석원과 눈매가 날카로운 유리 미하일로프가 마주 앉아 있었다.,5,5,6,3,3,2,2,4,압박: “제기랄.” 송대섭 회장은 짜증스럽게 담배를 재떨이에 비벼껐다.
461,464,A25,전환,또 엉뚱한 짓을 벌여서 사람을 놀래키지나 않으면 다행이지. — 고급스럽게 꾸며진 회장실 한가운데 놓인 유럽산 소파에 박태홍 회장을 가운데 두고 큰아들인 박진형 사장과 그룹 중역들이 둘러앉아 있었다.,5,5,6,3,3,2,2,4,전환: “곧 한국에서 다시 보자.”
462,465,A25,전환,지분 교환이라고 하셨습니까? — “지시하신 대로 가스프롬과 유코스 회사채를 주식으로 전환해 각각 35%와 30%씩 지분을 확보했습니다.” 석원은 묵고 있던 펜트하우스 소파에 한쪽 다리를 꼬고 앉아 며칠 전 모스크바에 도착한 랜든의 보고를 들었다.,5,5,6,3,3,2,2,4,전환: 말씀하신 대로 전달하겠습니다.” “어떻게 해서든지 상대를 설득해서 지분 교환을 꼭 성사시키라고 해요.” 그가 재차 강조하자 랜든의 눈에 깃든 의문도 더욱 깊어졌다.
463,466,A25,보상,뒷일은 알아서 할 거예요. — 어제까지 쏟아지던 장대비가 거짓말처럼 그치고 구름 하나 없이 푸른 하늘이 드러난 가운데.,5,6,6,3,3,2,2,4,보상: 장차 인터넷 시대의 승자가 될 구글이 탄생하는 역사적인 순간으로 기록될 계약을 앞두고 석원은 푹신한 시트에 몸을 파묻은 채 기대와 설렘 가득한 표정을 지었다.
464,467,A25,여진/다음 훅,함께 하게 된 선물이니까 가지도록 해요 — 바닥에 붉은색 카펫이 깔린 호텔 미팅룸에 검은색 머리칼의 젊은 청년 두 명이 잔뜩 긴장한 모습으로 앉아 누군가를 기다렸다.,5,6,6,3,3,2,2,4,여진/다음 훅: 석원의 투자로 2백만 달러라는 큰돈을 얻게 된 두 사람은 자신들의 열정과 아이디어를 실현시켜 나갈 생각에 설렘과 뜨거운 의욕으로 가슴이 가득 부풀어 올랐다.
465,468,A26,도입,"이제 무섭게 버블이 부풀어 오르기 시작하겠군. — 1998년 10월 29일, 미국 일리노이주.",5,5,6,3,3,2,2,4,도입: “이제 무섭게 버블이 부풀어 오르기 시작하겠군.”
466,471,A26,약속,방금 뭐라고 하셨습니까? — 창밖에 깊은 어둠이 내려앉은 가운데 최고급 진공관 앰프와 스피커가 뿜어내는 베토벤 교향곡 3번 “영웅”의 웅장한 선율이 넓은 거실을 가득 채웠다.,5,5,6,3,3,2,2,4,약속: “프로톤 로켓이라고 말씀드렸습니다.”
467,472,A26,약속,저희하고 꼭 협력하시죠! — “러시아에서 우주 발사체로 쓰는 그 프로톤 로켓을 말씀하시는 겁니까?” “그렇습니다.” 너무나도 태연한 석원과 달리 손상봉 소장은 당혹감을 감추지 못했다.,5,5,6,3,3,2,2,4,약속: 그럼 그렇게 하시죠.”
468,473,A26,전진,고작 10억 달러에 가질 수 있다면 거저나 마찬가지지. — 구름 한 점 없이 하늘이 청명한 가운데 넓은 서울 공항 주기장 한쪽에 석원이 서 있었다.,5,9,6,3,3,2,2,4,전진: [그럼 계약까지 모두 끝내고 나중에 다시 연락드리겠습니다.] “그렇게 해요.” 통화를 끝낸 석원은 앞으로 ARM을 통해 벌어들일 수익을 생각하며 흡족한 표정을 지었다.
469,474,A26,전진,완전히 양아치 같은 놈들입니다. — “뉴웨이브 수출 주문이 전 분기보다 60% 더 늘었습니다.” 커다란 통유리창으로 들어오는 햇살이 사장실을 가득 채우고 있는 가운데 푹신한 가죽 소파에 몸을 기댄 석원이 따뜻한 커피잔을 내려놨다.,5,5,6,3,3,2,2,4,전진: “먼저 양아치 짓을 하려는 로스차일드 놈들부터 혼쭐을 내주지.” 석원이 입가에 차가운 미소를 지었다.
470,475,A26,전진,한국에서 벌어지고 있는 파이어 세일 덕분에 꽤 재미를 보겠군. — 짧은 벨소리와 함께 엘리베이터 문이 열리고 금성일보 경제부 고참 기자인 유종훈 차장이 밖으로 나왔다.,5,5,6,3,3,2,2,4,전진: “한국에서 벌어지고 있는 파이어 세일 덕분에 꽤 재미를 보겠군.” 피터슨 회장이 입꼬리를 올려 웃으며 중얼거렸다.
471,476,A26,전진,상황이 많이 안 좋은 거야? — 대기업 과장인 오창원은 여느 때처럼 집을 나서 지하철역으로 향했다.,5,5,6,3,3,2,2,4,전진: 그런 남편의 뒷모습을 아내가 침대에 앉아 걱정 가득한 시선으로 바라봤다.
472,477,A26,전진,"아니, 억지로라도 그렇게 만들어야지. — 커다란 통유리창 밖으로 인왕산의 가파른 바위 절벽이 보이는 청와대 대통령 집무실 안 소파에 김재춘 대통령을 가운데 두고 우춘일 비서실장과 천병수 경제부총리가 양옆에 앉아 있었다.",5,6,6,3,3,2,2,4,전진: ‘빌어먹을 자식들!’
473,478,A26,전진,허둥거릴 얼굴을 직접 못 봐서 아쉽군. — 점심시간이 막 끝나 나른해져 있을 시간.,5,5,6,3,3,2,2,4,전진: 생각하던 것이 틀어져서 허둥거릴 피터슨 회장의 얼굴을 직접 못 봐서 아쉽군.”
474,479,A26,압박,당연히 수락해야지! 물어볼 필요가 뭐가 있어. — 오후 1시가 막 지났을 무렵 서울 남부지방 검찰청 현관 앞에 짙게 썬팅이 된 검은색 대형 세단 한 대가 천천히 다가와 멈춰 섰다.,5,5,6,3,3,2,2,4,압박: 그러면서도 혹시라도 그사이 석원의 마음이 바뀔까 봐 엉덩이를 들썩거렸다.
475,480,A26,압박,그런 거라면 더욱 만날 이유가 없네요. — 검은색 가죽 의자에 앉아 보고서를 살펴보고 있던 석원은 문이 열리는 소리에 고개를 들었다.,5,5,6,3,3,2,2,4,압박: 그렇게 하겠습니다.”
476,481,A26,압박,백 마디 말보다 확실한 증거가 될 수 있는 서류로 신뢰를 대신하는 것도 좋은 방법이죠 — 경기도 평택시 포승읍에 위치한 만영기계 공장 안으로 검은색 세단 세 대가 묵직한 엔진음을 울리며 들어섰다.,5,5,6,3,3,2,2,4,압박: 여기에 더해 회사 사정으로 지급되지 않았던 작년 연말 상여금도 소급해서 지급하도록 하겠습니다.” “……!”
477,483,A26,압박,"사성과 대광 그룹이 빅딜을 추진 중이라고 합니다. — 만영기계를 시작으로 한산 중공업과 시멘트, 건설까지 돌며 직접 노조 대표들을 만나고 경영진을 새로 물갈이한 석원은 곧장 다음 타깃인 민국 생명을 인수하기 위한 물밑 작업을 시작했다.",5,6,6,3,3,2,2,4,압박: “어쩌면 이것도 IMF를 이겨내기 위한 극심한 성장통 중에 하나일지도 모르지.”
478,484,A26,전환,그런다고 해서 딱히 달라질 건 없어요. — 넓고 고풍스럽게 꾸며진 대흥 그룹 회장실.,5,5,6,3,3,2,2,4,전환: 알겠습니다.] 통화를 끝낸 석원은 고개를 옆으로 돌려 한강 변을 따라 쭉 늘어서 있는 아파트들이 차창 밖으로 스쳐 지나가는 것을 바라봤다.
479,485,A26,전환,세상에 나오자마자 부모한테 효도를 제대로 하는군요 — 헐레벌떡 사무실로 뛰어들어온 정환엽 과장이 재빨리 최호근 부장의 자리를 스캔하곤 의자에 털썩 주저앉았다.,5,5,6,3,3,2,2,4,전환: 세쌍둥이가 세상에 나오자마자 부모한테 효도를 제대로 하는군요.” “그런 것 같네요.” 석원도 입가에 기분 좋게 미소를 지었다.
480,486,A26,전환,쓰읍…… 아무래도 그래야 되겠지? — 어제까지 눈바람이 쏟아졌던 것이 거짓말처럼 파도가 잔잔한 가운데 하늘은 구름 한 점 없이 맑고 청명했다.,5,5,7,3,3,2,2,4,전환: 아무래도 그래야 되겠지?”
481,487,A26,보상,정말 오랜만입니다. — 커다란 창문 너머로 눈 덮인 인왕산이 그림처럼 펼쳐져 있는 청와대 대통령 집무실 안.,5,5,6,3,3,2,2,4,"보상: “자, 일단 앉아서 얘기할까요.” “그러시죠.” 류상푸 부서기는 기꺼이 고개를 끄덕이며 맞은편 자리에 앉았다."
482,488,A26,보상,라오펑요우가 아니라 슝띠로 대하겠습니다. — 개량 한복을 곱게 차려입은 여종업원이 가져다준 쌍화차를 한 모금 마셔본 류상푸 부서기가 마음에 드는 듯 말했다.,5,5,6,3,3,2,2,4,보상: “혹시라도 도움이 필요한 것이 있으면 언제든지 이야기하십시오.” “말씀만으로도 든든하군요.” 이로써 두 사람의 관계가 더욱 친밀하고 끈끈해지는 계기가 만들어졌다.
483,489,A26,여진/다음 훅,이런 상황인데도 토지를 매수하시겠습니까? — 새하얀 눈이 내리는 가운데 용산 국방부 청사 앞에 멈춰선 벤츠 대형 세단 뒷좌석에서 석원이 내리자 낯익은 장관 비서실장이 가까이 다가왔다.,5,6,6,3,3,2,2,4,여진/다음 훅: “모슬포에 있는 국방부 토지 61만 평 전체에 대한 가격을 새로 산정해서 보내주시면 그걸 가지고 세부 조율을 한 뒤에 계약하도록 하죠.” 국방부 입장에서는 전혀 손해 볼 것이 없는 거래였기에 안용국 장관도 흔쾌히 대답했다.
484,490,A27,도입,하마터면 황금 더미를 그냥 놓치고 지나갈 뻔했잖아. — 안용국 국방부 장관과 이야기를 끝낸 석원이 일행과 함께 건물 밖으로 나오자 대기하고 있던 검은색 벤츠 대형 세단이 다가와 멈춰 섰다.,5,5,6,3,3,2,2,4,도입: “아직 페이팔에 합류하기 전이지만 한참 혈기 왕성한 시절의 조지 밀러도 만날 수 있겠네.” 세기의 천재라고 불리는 조지 밀러의 젊은 시절 모습은 과연 어떨지 기대하면서 석원은 캔맥주를 입으로 가져갔다.
485,491,A27,약속,역사 공원이라고요? — 회색 코트를 입은 최호근 부장이 한쪽 손에 서류가방을 든 채 사무실로 들어섰다.,5,5,6,3,3,2,2,4,약속: “나예요.” [현우와 TG가 반도체 빅딜을 할 것 같습니다.] “……!” 휴대폰 너머에서 들린 이철균의 이야기에 석원이 눈썹을 치켜올렸다.
486,492,A27,약속,그 전에 먼저 좋은 정보를 얻었으니까 이걸 활용해야지. — 널찍한 책상 앞에 앉은 석원은 비서실 여직원이 소파 테이블 위에 놓인 찻잔들을 치워서 밖으로 나가는 것을 보며 입을 뗐다.,5,5,6,3,3,2,2,4,약속: 그리고 주식시장이 끝나자 언론을 통해 현우 전자와 TG 반도체의 빅딜이 공식 발표됐다.
487,493,A27,전진,제발 큰일 없이 넘어가길 비는 수밖에. — 날이 밝자 평소처럼 이른 시간에 일어난 박태홍 회장이 실내복 차림으로 침실 문을 열고 나왔다.,5,5,6,3,3,2,2,4,전진: “괜히 여기 있다가 시비가 걸리면 골치 아파지니까 숙소에 가서 맥주나 마시자고.” “예.” 어깨를 축 늘어뜨린 양형두는 먼저 걸음을 옮기는 황석진 과장을 따라 선착장을 벗어났다.
488,494,A27,전진,"지금부터는 내가 답변을 하도록 하죠. — 며칠 뒤, 제주 국제공항.",5,5,6,3,3,2,2,4,전진: 기세에 압도당한 참석자들은 일제히 웅성거리는 걸 멈췄고 이내 모든 시선이 연단 앞에 서 있는 석원에게로 집중되었다.
489,495,A27,전진,분위기를 보니까 다 끝났네. — 웅성거림이 잦아든 가운데 석원이 참석자들을 천천히 훑어보곤 힘이 들어간 목소리로 말했다.,6,5,6,3,3,2,2,4,전진: ‘분위기를 보니까 다 끝났네.’
490,496,A27,전진,드디어 민국생명이 매물로 나오는군. — 넓은 회장실 소파에 한쪽 다리를 꼬고 앉은 석원을 가운데 두고 정규철 블루홀 건설 사장과 최태호 블루 스카이 사장이 양쪽에 앉아 있었다.,5,5,6,3,3,2,2,4,전진: [해천그룹 심인열 회장이 서울 행정법원에 낸 민국생명 주식소각과 금융감독위원회의 민생 경영정상화 처분 취소 소송이 진행 중인 가운데 금감위가 민국생명 매각을 위한 경쟁 입찰을 상반기 안으로 강행할 것으로…….] “드디어 민국생명이 매물로 나오는군.” 기다리고 있던 매물이 시장에 나온다는 소식에 석원은 먹잇감을 눈앞에 둔 포식자처럼 입가에 짙은 미소를 지었다.
491,497,A27,전진,"지시대로 입찰에 참여할 준비를 해놓겠습니다. — 넓은 회장실에 혼자 앉아 석원이 보고서를 읽고 있을 때, 나직한 노크 소리가 울렸다.",5,5,6,3,3,2,2,4,전진: “뭔진 모르겠지만 형을 만나보면 이유를 알 수 있겠지.”
492,498,A27,전진,원하는 만큼 쏴줄 테니까 그건 염려하지 마. — 석원을 태운 벤츠 대형 세단이 워커힐 호텔에 도착한 건 오후 4시 40분이었다.,5,5,6,3,3,2,2,4,전진: 정말 그래야 될 지도 모르겠다.” “큭큭큭.” 석원은 오랜만에 즐거운 기분으로 형의 괴로워하는 모습을 한껏 감상했다.
493,499,A27,압박,정말 건조비가 얼마나 들어도 상관없으신 겁니까. — 부산 영도구 호진 중공업 영도 조선소.,5,5,6,3,3,2,2,4,압박: 이 정도면 3년 뒤 연평도 인근 바다에서 벌어질 북한과의 교전에서 젊은 해군 장병들이 허무하게 희생되는 일을 막아낼 수 있을 거라 생각했다.
494,500,A27,압박,내가 고작 이런 푼돈을 벌려고 투자했겠어요. — 한 손에 결재판을 들고 사무실로 들어선 최호근 부장이 팀원들을 둘러보며 말했다.,5,5,7,3,3,2,2,4,압박: 설마 내가 고작 이런 푼돈을 벌려고 투자했겠어요.” 당연하다는 듯한 대답을 듣고 진심인 것을 깨달은 윤기훈 상무는 자신도 모르게 마른침을 꿀꺽 삼켰다.
495,501,A27,압박,하하하! 누구하고 달리 시원해서 좋구만 — 은은한 조명 아래 고즈넉한 풍경을 그려낸 산수화가 걸려 있는 최고급 한정식당 별실 안.,6,5,6,3,3,2,2,4,압박: 그럼 전장사업부를 자네한테 팔도록 하지.” 서로 만족스러운 결과를 얻어낸 두 사람은 밝은 분위기 속에 술잔을 마주쳤다.
496,502,A27,압박,난 우선 투자권을 포기한다고 한 적이 없어요. — 구름 한 점 없이 하늘이 맑은 가운데 정오의 밝은 햇살이 여객선 터미널 앞에 우뚝 서 있는 원 뉴욕 플라자 빌딩 유리창에 부딪쳐 반짝였다.,5,5,6,3,3,2,2,4,압박: ‘구글의 진정한 가치는 두 창업자한테 있는데 괜히 불안요소를 만들 필요는 없지.’ 석원은 그렇게 생각하며 턱을 쓰다듬었다.
497,503,A27,전환,"언제든지 초대만 해주십시오. — 며칠 뒤, 미국 텍사스 주 알링턴(Arlington).",6,5,6,3,3,2,2,4,전환: 석원은 갤런트 주지사와 함께 샴페인을 마시면서 화기애애한 분위기 속에 한참 동안 이런저런 깊은 대화를 나눴다.
498,504,A27,전환,세상에! 오늘도 또 올랐어. — 미국 댈러스 포트워스 국제공항(Dallas Fort Worth International Airport).,5,5,6,3,3,2,2,4,전환: “십만 원짜리 주식을 고작 4천 5백 원에 팔려고 했다니 내가 미쳤지.” 윤기훈 상무는 연신 소름이 돋은 팔뚝을 쓸어내렸다.
499,505,A27,전환,"반대하지 않으니까 알아서 하라고 해요. — [사성물산 유통부문, 대흥 그룹에 경영권 완전 매각] [한국통운에 이어 홈마트까지 품에 안은 대흥 그룹, 유통 공룡을 향한 거침없는 행보] [대흥그룹 3억 1천만 달러에 홈마트 인수] [영국 거대 유통 기업을 물리치고 대흥 그룹 홈마트 인수] [국내 대형 할인점 시장 지각변동 가속화] 어제 발표된 대흥 그룹의 홈마트 인수 기사가 큼지막하게 실린 신문을 내려다보면서 석원은 회장실 책상 앞에 앉아 형인 박진형 사장하고 통화를 하고 있었다.",5,8,6,3,3,2,2,4,전환: “골드뱅크로 맛을 봤으니 다른 종목도 그렇게 될 수 있다는 탐욕이 이성을 잃게 만드는 거지.” 그 순간 코스닥 시장은 거대한 도박판으로 변해 버리는 거였다.
500,506,A27,전환,"그럼 이렇게 입찰을 넣도록 해요. — 한 쪽 다리를 꼬고 앉은 석원을 가운데 두고 윤기훈 상무와 엄태준 재무이사, 그리고 유현석 본부장이 소파 양옆에 자리해 있었다.",5,5,6,3,3,2,2,4,전환: “그럼 이렇게 입찰을 넣도록 해요.”
501,507,A27,보상,시간 끌 것 없이 오늘 바로 계약서를 쓰도록 하죠 — 박태홍 회장이 묵직한 발걸음으로 그림자처럼 뒤를 따라오는 수행비서와 함께 문을 열고 부속실로 들어섰다.,5,6,6,3,3,2,2,4,보상: “시간 끌 것 없이 오늘 바로 계약서를 쓰도록 하죠.”
502,508,A27,보상,횡령한 돈을 한 푼도 빼놓지 않고 전부 다 회수할 수 있도록 해요 — 마포대교를 건너 여의도로 넘어가다 보면 아침 일출에 유리벽이 온통 황금빛으로 반짝이는 고층빌딩 하나가 칙칙한 콘크리트 건물들 사이에 우뚝 서 있는 것이 눈에 들어왔다.,5,5,6,3,3,2,2,4,보상: 회사를 엉망으로 만들어 국민들의 세금으로 부실을 메꾸게 해놓고도 터무니없이 약한 솜방망이 처벌만 받고 나와 뒤로 빼돌려둔 돈으로 흥청망청 편하게 살도록 내버려 둘 생각 따위 전혀 없었다.
503,509,A27,여진/다음 훅,인터뷰는 여기까지 하도록 하죠. — “곧 회의를 끝내고 돌아오실 테니까.,5,5,6,3,3,2,2,4,여진/다음 훅: 한편으로는 엄청난 버블을 만들어내며 폭탄 돌리기를 하고 있는 개인 투자자들한테 이게 위험을 알리는 경고 신호가 됐으면 하는 마음도 있었다.
504,510,A28,도입,거봐! 이 정도에 무너질 회사가 아니라니까. — “커피 가져 왔습니다.” “아.,5,5,6,3,3,2,2,4,도입: “쓰읍.” 아직 파티가 한참 더 남았는데 혼자만 너무 빨리 파티장을 나왔나 하는 생각이 들었으나 속으로 석원의 지시를 다시 되새기며 꾹 눌러 참았다.
505,511,A28,약속,쏠쏠하게 재미를 봐야지. — 푸젠성 성도 푸저우시(福州市).,5,5,6,3,3,2,2,4,약속: “퀀튼 루카스가 등판하기 전까지 쏠쏠하게 재미를 봐야지.” 장밋빛 기대와 달리 심각한 합병 후유증을 앓으며 크게 휘청거리게 될 뱅크원을 되살리는 인물이 바로 훗날 월가의 황제로 불리게 될 퀀튼 루카스였다.
506,512,A28,약속,별 시답지도 않은 놈이 어디서 깝치는 거야 — “다음 달에 분당 메가포트 공사를 시작한다고 그랬지?” 한쪽 다리를 꼬고 상석에 앉은 박태홍 회장의 물음에 오른편 소파에 자리한 길성호 비서실장이 바로 대답했다.,5,5,6,3,3,2,2,4,약속: “가만히 있었으면 호화로운 생활을 조금 더 즐겼을 텐데 다 자업자득이지.”
507,513,A28,전진,역시 회장님의 판단이 옳았어 — 1999년 7월 20일.,5,5,6,3,3,2,2,4,전진: ‘역시 회장님의 판단이 옳았어.’ 최호근 부장은 그렇게 속으로 몇 번이나 고개를 끄덕이며 석원의 지시를 그대로 따르길 잘했다고 생각했다.
508,514,A28,전진,"청와대에 연락해서 요구한 대로 하겠다고 하게 — [골드뱅크, 수수료 0% 사이버증권사 설립 무기한 연기] [문어발식으로 인터넷 사업을 확장해온 골드뱅크 성장에 급브레이크] [전문가들 골드뱅크 성장 한계 드러나] [코스닥 열풍을 주도한 골드뱅크 신화, 허상이었나?] 골드뱅크가 야심차게 추진하던 사이버증권사 설립이 무기한 연기됐다는 공시가 나오자 어제까지만 해도 장밋빛 전망을 내놓던 언론사들이 일제히 태도를 바꿔 비관적인 기사를 쏟아냈다.",5,5,6,3,3,2,2,4,전진: “...청와대에 연락해서 요구한 대로 하겠다고 하게.” 그리곤 대마불사라는 말을 믿으며 청와대가 절대 자신과 대광 그룹을 버리지 못할 거라고 자신했던 것이 산산이 깨져버린 현실에 절망했다.
509,515,A28,전진,"서로한테 좋은 일 아니겠어요. — [정부, 대광 그룹에 총수 사재 출연 등 고강도 자구 요구] [대광 그룹, 정상화 위해 총수 사재 1조 등 10조 원 담보제공] [유춘석 회장 구조조정 실패하면 경영 일선 퇴진 선언!] [채권단 대광 그룹에 신규여신 4조, 만기 연장 10조 검토] 다들 설마하고 있다가 결국 터져 버린 대광그룹 구조조정 소식에 재계는 물론이고 주식 시장은 메가톤급 충격을 받았다.",5,5,6,3,3,2,2,4,전진: 맞는 말씀입니다.” 석원의 말에 정규철 사장도 너털웃음을 터트렸다.
510,516,A28,전진,또 그놈들이라고! — 골드만 삭스 자산관리 자회사인 알콘코리아 팀장인 찰리 스캘리가 노크를 하곤 방 안으로 들어갔다.,5,5,6,3,3,2,2,4,전진: “소식을 들으면 직원들이 아주 좋아하겠습니다.” “성과를 낸 만큼 그에 합당한 보상이 주어진다면 직원들이 더 일하지 않겠어요.” “맞는 말씀입니다.” 윤기훈 상무와 엄태준 재무이사가 나란히 미소를 그리며 대답했다.
511,517,A28,전진,이건 악재가 아니라 호재예요. — 어제 이야기한 기획안 다 끝냈어?” 푸짐한 체격의 블루홀 창투 기획부 심종수 과장이 한 손에 결재판을 들고 사무실로 들어오면서 물었다.,5,5,6,3,3,2,2,4,전진: “이바노프 대통령의 측근들이 후계자 자리를 두고 서로 견제하느라 가장 만만한 미하일로프를 총리 자리에 앉히겠지만 곧 큰 실수를 했다는 걸 깨닫게 될 거야.”
512,518,A28,압박,"곧 모스크바에 피바람이 불겠군 — 며칠 뒤, 러시아 모스크바.",5,5,6,3,3,2,2,4,압박: “앞으로 아주 재미있어지겠어.”
513,518,A28,압박,"곧 모스크바에 피바람이 불겠군 — 며칠 뒤, 러시아 모스크바.",5,5,6,3,3,2,2,4,압박: “앞으로 아주 재미있어지겠어.”
514,522,A28,압박,"공안이 여긴 왜 온 거야? — [(주)대광 실사 결과 대규모 분식회계 발견 채권단 실사결과 ㈜대광은 현재 자산이 17조 4,586억 원으로 장부가보다 무려 11조 7,444억 원이 줄었고 부채는 5조 4,35억 원 늘어난 31조 9,944억 원에 이르는 것으로 밝혀졌다.",5,6,6,3,3,2,2,4,압박: 그런 가운데 공안들에게 둘러싸인 유춘석 회장은 차가운 수갑의 감촉에 뭔가 크게 일이 틀어졌다는 걸 직감했다.
515,523,A28,압박,부탁을 하나 들어주실 수 있으십니까 — 김포공항 국제선 입국장에 아침부터 많은 기자들이 몰려와 북적이고 있었다.,5,5,6,3,3,2,2,4,압박: “기증하는 고속정 6척을 모두 서해 2함대에 배치해 주셨으면 합니다.” “……!”
516,524,A28,전환,굳이 그러실 필요가 있겠습니까? — “신형 고속정들을 서해 2함대에 배치해 달라고 하셨습니까?” 류인중 사령관이 의아한 얼굴로 되묻자 그가 바로 대답했다.,5,6,6,3,3,2,2,4,전환: 아무도 욕심을 내는 곳이 없으니 저희가 맡겠다고 하면 오히려 다들 크게 반길 겁니다.” “대광 기전공업과 다이너스클럽 코리아를 가져오는 것도 채권단하고 빨리 협의를 끝내도록 해요.” “예.” 재계 서열 2위의 대광 그룹이 해체되어 사라지는 건 안타까운 일이었지만 그로 인해 알짜 계열사들을 싼값에 인수하게 된 석원은 무척 만족한 표정을 지었다.
517,525,A28,전환,"날 닮아서 안목도 좋구만 — [블루홀 그룹 박석원 회장 민국생명에 이어서 대광 그룹 계열사 3곳 인수!] [대광 증권, 다이너스클럽코리아, 대광 기전공업 블루홀 그룹에 매각 확정] [블루홀 증권 블록딜로 영국 허미스 펀드가 보유한 대광 증권 지분 7.71% 인수 블루홀 증권과 합병 기대감에 대광 증권 주가 급등] [무섭게 덩치를 키우는 박석원 회장의 광폭 행보에 재계 이목 집중] 박태홍 회장은 조간신문마다 대서특필된 둘째 아들의 대광 그룹 계열사 인수 기사를 보며 흐뭇한 ",5,6,6,3,3,2,2,4,전환: “원래 버블은 마지막 순간에 가장 화려하고 크게 타오르는 법이지.”
518,526,A28,보상,그래도 뱁새는 너무한 거 아닙니까? — 코스닥 벤처투자 광풍을 처음 일으킨 골드뱅크가 고점을 찍고 순식간에 반토막이 나 버리는 충격적인 폭락이 있었지만 증권사 객장은 여전히 뜨거운 투자 열기가 식지 않은 채 사람들로 북적였다.,6,5,6,3,3,2,2,4,보상: “어쩌면 이번 실패가 없었다면 십 년 뒤에 미국 최초의 흑인 대통령이 되는 크나큰 업적을 세우지 못했을지도 모르지.”
519,531,A28,보상,지금부터라도 잃은 걸 모두 만회하면 되는 거야 — 1999년 11월 1일.,5,5,6,3,3,2,2,4,보상: “정말 기쁜 소식이네요.”
520,533,A28,여진/다음 훅,내 이름값이 영향을 끼친 모양이네. — 창밖으로 어둠이 짙게 내려앉은 깊은 밤.,5,7,6,3,3,2,2,4,여진/다음 훅: “회귀 전 기억보다 첫날 주가가 더 높은 걸 보면 내 이름값이 영향을 끼친 모양이네.” 덕분에 보유한 모두넷 지분으로 예상한 것보다 많은 수익을 낼 수 있게 됐으니 나쁘지 않은 결과였다.
521,534,A29,도입,Y2K — 미국 일리노이주 스프링필드(Springfield).,5,5,6,3,3,2,2,4,도입: 그러나 이때까지만 해도 이 결정이 어떤 연쇄작용을 일으킬지 아무도 몰랐다.
522,535,A29,약속,늦어도 1월 달 안에 거래를 마무리 짓도록 해요. — [연방준비제도이사회는 FOMC 회의 결과 5.50%인 연방 기준금리를 현행 그대로 유지하기로 결정했다고 발표했습니다.,5,5,6,3,3,2,2,4,약속: 엘도라도 펀드뿐만 아니라 기록적인 증시 호황에 월스트리트 전체가 연봉의 서너 배가 넘는 인센티브를 받으며 역대급 성과급 파티를 벌이고 있었다.
523,536,A29,약속,보유한 주식을 전량 매도하도록 해요. — 밤새 내린 눈에 커다란 창문 밖으로 보이는 센트럴 파크가 온통 새하얗게 변한 가운데 가벼운 실내복을 입은 석원은 햇살이 비쳐 들어오는 플라자 호텔 펜트하우스 창가에 앉아 아침 식사를 즐기고 있었다.,5,5,6,3,3,2,2,4,약속: “가지고 있는 시스코 지분을 전량 분할 매도하도록 해요.” “……!”
524,537,A29,전진,악몽 같은 일이 되겠지만 미리 예상하고 있다면 동시에 엄청난 기회이기도 하죠 — 랜든이 당혹감을 감추지 못한 채 몸을 앞으로 당겨 앉으며 되물었다.,6,5,6,3,3,2,2,4,전진: 랜든은 앞으로 다가올 폭락에 두려운 마음이 들면서도 한편으론 다시 한번 월스트리트 역사에 기록될 엄청난 베팅을 벌인다는 생각에 심장이 뜨겁게 뛰었다.
525,538,A29,전진,이거 아주 일이 재미있게 됐는 걸 — 차가운 새벽 공기가 걷힌 뉴욕 퀸스 라과디아 공항(LaGuardia Airport)의 넓은 주기장 위로 밝은 햇살이 눈부시게 쏟아졌다.,5,5,6,3,3,2,2,4,전진: “내가 저 인간 때문에 늙지.
526,539,A29,전진,눈앞에 쓰나미가 닥쳤을 때는 이미 피하기에 늦은 거지. — 블루홀 창투 회장실.,5,5,6,3,3,2,2,4,전진: “눈앞에 쓰나미가 닥친 걸 알아차렸을 때는 이미 피하기엔 너무 늦은 거지.”
527,540,A29,전진,마지막까지 날 골치 아프게 만드는군 — 뉴욕 월스트리트 한가운데 있는 높은 고층 빌딩에 자리한 퀀텀 펀드 사무실.,5,5,6,3,3,2,2,4,전진: “마지막까지 날 골치 아프게 만드는군.”
528,541,A29,전진,그건 두고 보면 알게 되겠죠 — 3월이었지만 뉴욕의 아침 공기는 여전히 차가웠다.,7,5,6,3,3,2,2,4,전진: [말씀하신 폭락의 신호탄이 될까요.] “그건 두고 보면 알게 되겠죠.” 하지만 말과 달리 석원은 이미 버블 붕괴가 시작됐음을 확신했다.
529,542,A29,전진,이번에도 박석원 회장의 말이 맞았어. — 월스트리트 저널에 단독으로 실린 닷컴 버블을 경고하는 석원의 인터뷰 기사에 뉴욕 증시는 주춤하며 며칠간 횡보하는 모습을 보였다.,5,5,6,3,3,2,2,4,전진: 하지만 지금까지 단 한 번도 예측이 빗나간 적이 없는 석원의 말이었기에 랜든은 저도 모르게 휴대폰을 꽉 손에 쥔 채 고개를 들어 새빨갛게 물들어있는 시황판을 쳐다봤다.
530,543,A29,압박,이러면 완전히 물 건너간 거잖아 — 밤새 뉴욕 증시가 끔찍한 폭락을 겪은 가운데 석원은 주방에 설치된 에스프레소 머신으로 내린 따뜻한 아메리카노를 한 손에 들고는 뉴욕에 있는 랜든과 통화를 하며 걸음을 옮겼다.,6,5,6,3,3,2,2,4,압박: 아무래도 오늘 하루가 아주 고통스럽고 긴 시간이 될 것 같았다.
531,544,A29,압박,팔았어? 내 주식 팔렸어요? — 어두운 먹구름이 짙게 깔린 가운데 아침부터 비가 추적추적 내리고 있는 금요일 아침.,5,5,6,3,3,2,2,4,압박: 그런 로드니의 뒷모습을 조지 해밀턴이 시가를 입에 문 채 무심하게 쳐다봤다.
532,545,A29,압박,장남으로서 원래 내 것이었어야 할 권리를 되찾으려는 것뿐이네 — 석원은 얼마 전에 바꾼 롤스로이스 팬텀 뒷좌석 시트에 편하게 등을 묻고는 휴대폰을 손에 든 채 뉴욕에 있는 랜든과 통화를 하고 있었다.,5,5,6,3,3,2,2,4,압박: “현우 가의 장남으로서 원래 내 것이었어야 할 권리를 되찾으려는 것뿐이네.”
533,546,A29,압박,큰형님이 한 일이 확실한 건가! — “장남으로서 마땅히 가졌어야 될 권리라……,5,5,6,3,3,2,2,4,압박: 프랑스 출장으로 자리를 비운 틈을 노린 계획적인 행동이라는 걸 알아차린 정재원 회장은 손에 든 휴대폰을 꽉 움켜쥔 채 이를 부드득 갈았다.
534,547,A29,전환,"현우 정공을 말씀입니까? — 아직은 차가운 새벽 공기가 물러가고 밝은 햇살이 넓은 거실 통유리창을 통해 쏟아질 때, 박태홍 회장이 일어나 침실 문을 열고 나왔다.",5,5,6,3,3,2,2,4,전환: ‘자동차에 이어서 정공까지 내가 미리 목줄을 딱 쥐고 있으면 정용길 회장은 계속해서 내 눈치를 볼 수밖에 없지.’ 나중에 계열 분리를 하려던 정용길 회장이 정공 지분이 석원의 손에 들어간 걸 알고 크게 당황할 것을 생각하자 입가에 짙은 미소가 지어졌다.
535,548,A29,전환,"아버지가 나한테 이러시면 안 되는 거 아닙니까! — 나흘 뒤, 현우 그룹 계동 본사.",5,6,6,3,3,2,2,4,전환: “잘하면 정용길 회장한테 올가미를 단단히 씌우고 동시에 쏠쏠하게 수익을 낼 거래를 할 수 있겠군.”
536,549,A29,전환,날 겁박하려고 불러낸 거였군! — 흰색 와이셔츠 소매를 걷어 올리고 책상에 설치된 모니터들 앞에 앉아 있던 정환엽 과장이 몸을 뒤로 기대며 탄성을 뱉었다.,5,5,6,3,3,2,2,4,전환: “이제 보니 날 겁박하려고 불러낸 거였군!”
537,550,A29,전환,그렇게 해서 박 회장이 얻는 게 뭐요? — 당연히 자신의 것이라고 여겼던 현우 그룹을 동생한테 억울하게 빼앗겼는데 그나마 남은 자동차마저 훔쳐가려고 한다는 생각에 정용길 회장이 발끈할 만도 했다.,5,6,6,3,3,2,2,4,전환: ‘정용길 회장이 최선을 다해 회사를 성장시키는 동안 난 뒤에서 큰 힘을 들이지 않고 과실만 맛있게 따먹으면 되니 이것보다 좋은 투자가 없지.’ 석원은 그를 위해 소처럼 열심히 일해줄 정용길 회장을 보면서 누구보다 환하게 웃었다.
538,551,A29,보상,뭐? 56달러라고! — 미국 텍사스 주 댈러스(Dallas).,5,6,6,3,3,2,2,4,보상: “그 부분에 대해서는 벤더 파이낸싱으로 실제 이익을 내고 있는 것보다 매출이 크게 부풀려져 있다는 의견을 내서 주가에 더욱 악영향을 주고 있습니다.” “제기랄!” 결국 분을 이기지 못한 라미레즈 회장이 테이블 위의 크리스털 재떨이를 집어던졌다.
539,552,A29,보상,"휴가를 갔다고 합니다. — 서울, 여의도 한쪽에 우뚝 솟아 있는 63빌딩에서도 가장 높은 곳에 자리한 회장실.",5,5,6,3,3,2,2,4,보상: 아무리 그렇다고 해도 아예 자리를 비워 버리고 휴가를 가버렸다는 말에 풀러 회장은 얼굴을 있는 대로 구긴 채 욕설을 내뱉었다.
540,553,A29,여진/다음 훅,얄밉게 증시 폭락을 즐기더니 꼴좋게 됐어. — 한쪽 벽면을 가득 메운 커다란 파노라마 통유리창 너머로 마치 수많은 별들이 지상에 내려앉은 듯 화려하게 불을 밝힌 서울의 야경이 아름답게 펼쳐져 있었다.,7,5,6,3,3,2,2,4,여진/다음 훅: “그러니까 함부로 혼자 흐름을 거스르면 이렇게 되는 거야.” “맞는 말씀입니다.” 이처럼 두 사람뿐만 아니라 대부분의 월스트리트 투자자들이 버블붕괴를 확신하고 크게 베팅을 건 석원과 엘도라도 펀드의 도박이 실패로 끝났다고 생각했다.
541,554,A30,도입,저기가 첫 번째 발사대가 들어설 장소입니다 — 구름 하나 없이 날씨가 화창한 가운데 한창 공사를 진행 중인 우주센터 건설 현장에 차량 서너 대가 뿌연 흙먼지를 일으키며 들어섰다.,5,5,6,3,3,2,2,4,도입: 그런 가운데 전 세계 주식 시장을 엄청난 혼란과 패닉에 빠뜨릴 커다란 먹구름이 동쪽에서부터 시커멓게 몰려오고 있었다.
542,555,A30,약속,"지옥문이 다시 열렸군 — 뉴욕, 맨해튼 엘도라도 펀드 본사.",5,5,6,3,3,2,2,4,약속: “지옥문이 다시 열렸군.”
543,556,A30,약속,악마는 디테일에 있는 법이지 — “우와아아!” “좋았어!” “그렇지.,5,8,6,3,3,2,2,4,약속: “그러고 보니 11억 달러면 얼마 전에 파산한 론스타가 지난 삶에서 외환은행을 인수했던 액수군.”
544,557,A30,전진,"목마른 놈이 우물을 파는 수밖에. — [이스트만 코닥(Eastman Kodak) 11억 달러에 디지털카메라 관련 특허 천여개 매각] 향후 스마트폰과 전자 업계에 큰 파장을 일으킬 대형 거래가 속보로 알려졌지만, S&P500 지수가 1만 4천 선이 무너지고 나스닥이 전 저점을 위협하는 상황이었기에 아무도 관심을 가지지 않았다.",5,7,6,3,3,2,2,4,전진: 정말 꼴이 말이 아니게 됐군.” 자조 섞인 중얼거림에 양쪽에 앉아 있는 임원들 역시 아무런 말도 하지 않은 채 침통한 표정을 지었다.
545,558,A30,전진,도대체 무슨 일이지? — [지난 11월 7일 실시된 제43대 미국 대통령 선거 결과가 이주일이 지난 지금도 여전히 안개 속에 있습니다.,5,5,6,3,3,2,2,4,전진: “하루에 이렇게 많은 전용기들이 몰려들다니 도대체 무슨 일이야.”
546,559,A30,전진,자네가 박 회장을 만나서 잘 설득해 보게 — 월가의 거물들이 갑자기 대거 입국했다는 소식은 당연히 곧바로 청와대에 보고됐다.,5,6,6,3,3,2,2,4,전진: “가능한 인수가 성사되는 쪽으로 일을 진행하도록 하게.” “예.
547,560,A30,전진,먼저 찾아온 거니까 저들 잘못이죠. — 푹신한 카펫이 깔린 넓은 회의실에 있는 직사각형 테이블을 가운데 두고 석원이 랜든과 앤드루하고 나란히 한쪽에 앉아 있었다.,5,6,6,3,3,2,2,4,전진: “내가 먼저 계약 청산을 요청한 게 아니라 먼저 찾아온 거니까 저들 잘못이죠.”
548,561,A30,전진,박 회장이 그 회사들을 인수해줬으면 하는데 어떤가? — [전 세계적인 주가 대폭락 속에 박석원 회장 수백억 달러 수익!,6,9,7,3,3,2,2,4,전진: “정부에서 현우 그룹 금융 계열사 3곳 매각을 추진 중인 걸 알고 있을 거네.” “......” “괜찮다면 박 회장이 그 회사들을 인수해줬으면 하는데 어떤가?”
549,562,A30,전진,정말 금보다 더 비싼 땅이 되는 곳이지. — 갑자기 만나자는 연락에 뭔가 원하는 것이 있을 거라 짐작했었던 석원은 크게 놀란 기색없이 차분히 되물었다.,5,5,6,3,3,2,2,4,전진: “자네 덕분에 골칫거리를 하나 정리할 수 있게 돼서 내가 더 고맙네.” “별말씀을요.”
550,563,A30,압박,좋은 아이디어 같으니까 한번 진행해 봐요. — “차상우 대흥증권 사장님이 오셨습니다.” 나성미의 말에 석원이 모니터에서 시선을 떼며 말했다.,5,5,6,3,3,2,2,4,압박: “좋은 아이디어 같으니까 한번 진행해 봐요.” 승낙이 떨어지자 차상우 사장이 환하게 웃었다.
551,564,A30,압박,빌어먹을. 내가 가장 손해가 클 때 옵션 계약을 청산한 거라고? — 편안한 바지에 부드러운 크림색 캐시미어 터틀넥 니트를 입은 석원은 팔짱을 끼고 선 채 대형 텔레비전에서 나오고 있는 CNN 방송을 보고 있었다.,5,6,6,3,3,2,2,4,압박: “인디애나 공장에 있는 생산라인을 중국으로 뜯어가지 못하게 됐으니 희토류 패권을 차지하려는 중국 정부의 계획에 큰 차질이 생기겠군.”
552,565,A30,압박,"강남에 있는 노른자위 땅을 그 가격에 샀으면 엄청나게 남는 거래지 — 백악관 이스트윙 바로 옆, 펜실베이니아대로 1500번지에 자리한 재무부 청사는 거대한 화강암 주랑과 그리스풍의 기둥이 인상적인 석조 건축물이었다.",5,5,6,3,3,2,2,4,압박: 그냥 감정원도 임대료를 받지 말고 1년 동안 무상으로 빌려주라고 해야겠군.” 앞으로 땅값이 폭등할 걸 생각하면 그까짓 1년치 건물 임대료 정도는 안 받아도 상관없었다.
553,566,A30,압박,차라리 두 사람이 만나지 않았다면 금리가 인하 됐을 수도 있었을 거예요. — [리처드 갤런트 당선인 데이비드 스탠웨이 연방준비제도이사회 의장과 회동 대선 승리를 확정 짓고 처음으로 워싱턴에 방문한 리처드 갤런트 당선인은 백악관 인근 호텔에서 스텐웨이 의장과 1시간 가량 조찬 회동을 가졌다.,6,6,6,3,3,2,2,4,압박: 트레이더들은 지푸라기라도 잡으려는 것처럼 매도를 외치면서 폭락의 쓰나미에 휩쓸리지 않으려고 필사적으로 발버둥을 쳤다.
554,567,A30,전환,"다음 차례로 우리가 집중할 곳은 원자재예요 — [S&P500 : 1,264.74 40.86 (3.13%)] [DJIA : 10,584.37 ▼61.05 (▼0.57%)] [NASDAQ : 2,511.71 112.81 (4.30%)] 오늘 장이 끝났음을 알리는 벨이 울리자 조금 전까지 목에 핏대를 세우고 고래고래 소리를 쳐대던 트레이더들이 모두 의자에 푹 고꾸라졌다.",5,6,6,3,3,2,2,4,전환: 경쟁이 치열한 월스트리트에서도 항상 놀라운 성과를 낸 석원이 수익률을 장담하자 세 사람의 가슴 속에 기대감이 한껏 부풀어 올랐다.
555,568,A30,전환,이거 아무래도 2호 펀드 출시도 서둘러 준비해야 되겠군. — 서울 마포 WB은행 지점.,5,5,6,3,3,2,2,4,전환: “이거 아무래도 2호 펀드 출시도 서둘러 준비해야 되겠군.”
556,569,A30,전환,뭐 그렇다면 한번 진행해 보도록 해요. — 뉴욕 맨해튼의 엘도라도 펀드 사무실.,5,5,6,3,3,2,2,4,전환: 인디애나 공장 이전이 문제가 아니라 자칫 잘못하면 국가 간의 분쟁으로 일이 걷잡을 수 없이 커져 버리게 생겼기 때문이었다.
557,570,A30,전환,머지않아 중국이 잠에서 깨어나면 세계에서 제일 큰 기업과 갑부도 모두 우리 것이 될 거야 — 중국 베이징 중남해(中南海).,5,5,6,3,3,2,2,4,전환: 머지않아 중국이 잠에서 깨어나면 세계에서 제일 큰 기업과 갑부도 모두 우리 것이 될 거야’ 장전중 주석은 속으로 코웃음을 치며 이내 관심을 지웠다.
558,571,A30,보상,아무래도 내가 생각했던 것보다 훨씬 큰 거물인 것 같군. — 2001년 1월 20일 워싱턴 DC.,5,5,6,3,3,2,2,4,보상: 아무래도 내가 생각했던 것보다 훨씬 큰 거물인 것 같군.”
559,572,A30,보상,"지금 당장은 말이 안 되겠지만 십 년, 이십 년 뒤에도 그럴까요? — 이틀 뒤, 워싱턴 덜레스 국제공항(Washington Dulles International Airport).",5,5,6,3,3,2,2,4,보상: 중국이 희토류 산업을 장악하는데 적지 않은 타격을 줬을 뿐만 아니라 동시에 향후 미국과 중국의 패권 싸움에서 영향력을 행사할 수 있는 카드를 손에 넣게 된 것에 대한 만족스러운 미소였다.
560,573,A30,여진/다음 훅,"에, 엔론을 말씀입니까? — 창밖으로 눈덮인 인왕산의 가파른 바위 절벽이 보이는 청와대 집무실 안.",5,5,6,3,3,2,2,4,여진/다음 훅: 리미트 없이 내가 그만하라고 할 때까지 계속해서 엔론 주식을 팔도록 해요.” [……!] 그냥 숏베팅을 하는 것도 아니고 한계가 없는 무제한 공매도를 지시하자 뭔진 몰라도 또다시 석원이 엄청난 일을 벌이려고 한다는 걸 직감한 랜든은 자신도 모르게 마른침을 꿀꺽 삼켰다.
561,574,A31,도입,그럼 바로 작업에 들어가도록 해요. — 뉴욕 맨해튼 엘도라도 펀드 사무실.,5,5,6,3,3,2,2,4,도입: “그럼 바로 작업에 들어가도록 해요.”
562,575,A31,약속,KRE-75 — 엔론에 대한 공매도 지시를 내리고 귀국한 석원은 제주도 모슬포 상공을 비행하고 있는 벨(Bell)-412 헬리콥터 안에 탑승해 있었다.,5,5,6,3,3,2,2,4,약속: 오늘은 이걸로 마음껏 회식이라도 하도록 해요.” “와아아!” 귀를 쫑긋 세우고 있던 연구원들은 두툼한 금일봉에 생각지도 못한 보너스까지 받게 되자 기뻐하며 환호성이 더욱 커졌다.
563,576,A31,약속,부나방처럼 덤벼들 월가 투자자들이 불쌍하게 느껴지는군요 — 뉴욕 맨해튼 브로드웨이 타임스 스퀘어에 위치한 리먼브러더스 트레이딩 플로어.,5,5,6,3,3,2,2,4,약속: “벌써 몇 번이나 당해 놓고도 정신을 못 차리고 싸움을 걸어온다면 그건 학습 능력이 떨어지는 상대방 책임이겠죠.” [하하.
564,577,A31,전진,역공매도가 들어온 것 같은데 맞아요? — 뉴욕 롱아일랜드 사우스 햄튼에 위치한 저택 테니스 코트에서 조셉 살루치 골드만 삭스 회장이 댄 페리 메릴린치 회장과 단식 게임을 즐기고 있었다.,5,5,6,3,3,2,2,4,전진: “사지(死地)인 줄도 모르고 덤벼들다니 멍청하긴.”
565,578,A31,전진,내일 장이 시작되면 공매도 보고서를 올리도록 해요 — 미국 텍사스 휴스턴(Houston).,5,5,6,3,3,2,2,4,전진: 역공매도도 실패하고 주가까지 박살난 월가 대형 투자은행들이 어떤 표정을 지을지 벌써부터 기대가 되는군요.]
566,579,A31,전진,난데없이 이게 웬 날벼락이야! — 한바탕 비가 쏟아지려는지 맨해튼의 하늘은 아침부터 잿빛이었다.,5,5,6,3,3,2,2,4,전진: 부정회계라니 난데없이 이게 웬 날벼락이야!”
567,580,A31,전진,이게 다 놈들의 계획이었다고? — 요란한 전화벨 소리와 트레이더들의 고성이 여기저기에서 들리는 가운데 리먼브러더스 트레이딩 플로어는 오늘도 분주하게 돌아가고 있었다.,5,5,6,3,3,2,2,4,전진: “다시는 함부로 덤벼들 생각을 못하게 본 때를 보여주라고 해요.”
568,581,A31,전진,잭키 청이라는 이름을 들어보셨습니까? — 미국 텍사스 휴스턴.,5,5,7,3,3,2,2,4,전진: “그게 누군가?” “베이징에서 나온 돈을 몰래 필립 데이비슨 전 대통령과 민주당 의원들한테 뿌려 중국에 유리한 정책을 실행하도록 만든 로비스트입니다.” “……!”
569,582,A31,전진,이슈는 이슈로 덮는 법이지 않습니까 — 전혀 생각지도 못했던 이야기에 세 사람은 마치 폭탄이라도 터진 듯한 충격에 휩싸였다.,5,5,6,3,3,2,2,4,전진: 하지만 앞으로 상황이 어떻게 흘러갈지 알고 있던 석원은 내심 짙은 미소를 지었다.
570,583,A31,압박,한국에서 들어온 자금도 이번 베팅에 같이 집어넣도록 해요 — 갤런트 대통령과 면담을 끝내고 백악관을 나온 석원은 곧장 로널드 레이건 워싱턴 내셔널 공항(Ronald Reagan Washington National Airport)으로 이동해 대기하고 있던 전용기에 탑승했다.,5,6,6,3,3,2,2,4,압박: ‘……그래도 마음이 무겁네.’ 누구보다 큰 수익을 올릴 것을 확신했으나 테러로 인해 희생될 사람들을 생각하자 석원은 착잡한 기분이 들었다.
571,584,A31,압박,살루치. 이 빌어먹을 자식! — 조셉 살루치 회장이 점심 약속을 위해 막 일어나 집무실 한쪽에 있는 옷장에서 재킷을 꺼내 입고 있을 때 갑자기 노크 소리가 울렸다.,6,6,6,3,3,2,2,4,압박: 이날 하루에만 28% 넘게 폭락하며 주당 35달러 44센트에 장을 마감하며 엔론 주가는 나락으로 떨어졌다.
572,585,A31,압박,방산주 주식을 말씀이십니까? — 한쪽 벽면을 가득 채운 커다란 통유리 창 너머로 새파란 이스트강이 내려다보이는 집무실 소파에 석원을 가운데 두고 랜든과 앤드루가 마주보며 앉아 있었다.,5,5,6,3,3,2,2,4,압박: 작게 한숨을 내쉰 석원은 그렇게 한참 동안 통유리창 앞에 서서 복잡한 속내를 달랬다.
573,586,A31,압박,방금 워커힐 호텔에 체크인을 한 걸 확인했습니다 — 뉴욕 맨해튼 브로드웨이 타임스 스퀘어에 위치한 리먼브러더스 본사 트레이딩 플로어.,5,5,6,3,3,2,2,4,압박: 방금 저희가 예약해둔 워커힐 호텔에 체크인을 한 걸 확인했습니다.” 미래에 중국 전자상거래 시장을 석권하고 거대 IT기업으로 성장하는 알리바바 창업자인 주정청 사장이 왔다는 소식에 석원은 눈동자를 반짝였다.
574,587,A31,전환,제안을 받아들이도록 하겠습니다. — 검은색 고급 세단 한 대가 여의도에 있는 63빌딩 정문 앞에 미끄러지듯 다가와 멈춰 섰다.,5,7,6,3,3,2,2,4,전환: 대박 투자 기회를 잃어버린 조 마사히로에게 살짝 미안한 기분도 들었지만 금방 지워 버린 석원은 앞으로 수천 배의 수익으로 돌아올 투자 계약서를 보며 얼굴 가득 흡족한 표정을 지었다.
575,588,A31,전환,기회는 먼저 잡는 사람이 임자인 법이지 — “알리바바에서 약속한 투자금 7천 5백만 달러가 정상적으로 입금됐다고 연락이 왔습니다.” 한 쪽 다리를 꼬고 가운데 소파에 자리한 석원은 엄태준 재무이사의 보고에 작게 머리를 끄덕였다.,5,6,6,3,3,2,2,4,"전환: 잠시 후 정체되어 있던 도로가 뚫리며 차가 다시 움직이는 가운데, 석원은 차창 너머로 영업 사원들이 지나다니는 사람들을 붙잡고 카드 가입을 권유하고 있는 모습을 착잡한 표정으로 바라봤다."
576,589,A31,전환,시장을 독차지할 절호의 기회를 얻게 될 거예요. — 원목으로 된 문을 열고 호리호리한 체격의 고영일 WB 은행장이 집무실로 들어오자 책상 앞에 앉아 있던 석원이 손에 든 서류를 내려놓으며 반겼다.,5,5,6,3,3,2,2,4,전환: “그렇게 해두면 부실이 터져 다른 카드사들이 휘청거릴 때 반대로 우린 시장을 독차지할 절호의 기회를 얻게 될 거예요.”
577,590,A31,전환,국민 여러분! 모두 진심으로 수고 많으셨습니다 — 2001년 8월 23일 오전 10시 31분.,5,5,7,3,3,2,2,4,전환: “이 녀석은 얼마 전에 미국을 다녀와 놓고 뭐가 이렇게 바빠?” 서운한 마음에 괜히 허공에 대고 화풀이를 해대는 박태홍 회장이었다.
578,591,A31,보상,엔론이 다른 곳에 인수될 일은 절대 없을 테니까 날 믿어요 — 펜트하우스의 커다란 유리창 너머로 녹음이 짙게 우거진 센트럴 파크의 전경이 한 폭의 그림처럼 펼쳐져 있었다.,5,6,6,3,3,2,2,4,보상: 지금 포지션을 청산하기에는 너무 아깝지.’ 석원은 속으로 중얼거리며 커피잔을 입가에 가져다 댔다.
579,592,A31,보상,도대체 무슨 일이 벌어지고 있는 거야! — 2001년 9월 11일 오전 7시 59분.,5,5,6,3,3,2,2,4,"보상: “도대체 무슨 일이 벌어지고 있는 거야!” 20년 동안 근무하면서 단 한 번도 없었던 공중 납치가, 그것도 두 건이나 동시에 발생하다니 뭔가 큰일이 벌어지고 있는 게 분명했다."
580,593,A31,여진/다음 훅,맙소사. 안 돼! 피해. 당장 도망쳐! — 보스턴에서 전해진 공중 납치 소식에 뉴욕주 롱아일랜드 맥아더 공항에 자리한 뉴욕 항공관제 센터는 전쟁터를 방불케했다.,7,5,6,3,3,2,2,4,여진/다음 훅: 이후 몇 가지 더 지시를 내리고 통화를 끝낸 석원은 착잡한 얼굴로 시커먼 연기를 피워 올리고 있는 쌍둥이 빌딩을 바라봤다.
581,594,A32,도입,"United States is under attack — 오전 9시 34분, 뉴욕 맨해튼.",5,5,6,3,3,2,2,4,도입: 전 세계 주식시장이 한바탕 난리가 나겠군.”
582,595,A32,약속,"당연히 이런 상황을 연준과 미국 정부 역시 잘 알고 있겠죠 — 2001년 9월 11일 오후 8시 30분, 뉴욕 맨해튼.",5,6,6,3,3,2,2,4,약속: 하지만 전 세계 주식시장이 크게 흔들리면서 앞으로 벌어들일 수익을 생각하면 그 정도는 충분히 쓸 수 있었다.
583,596,A32,약속,"그냥 청산하는 것이 더 이득이지 않겠습니까? — 2001년 9월 12일, 오전 11시 55분.",5,5,6,3,3,2,2,4,"약속: 무게감이라고는 하나도 없이 깃털처럼 행동이 가볍고 뺀질거렸지만, 거래 실력 하나는 인정했기에 최호근 부장은 큰 걱정 없이 안심하고 일을 맡겼다."
584,597,A32,전진,이나무라! 아직도 연결이 안 됐나? — 2001년 9월 12일.,5,5,6,3,3,2,2,4,"전진: 라이터를 켜서 불을 붙인 그는 하얀 담배 연기를 깊이 들이마셨다가 천천히 내뱉으며, 어둠 속에 잠긴 맨해튼 시가지를 차분히 가라앉은 눈으로 응시했다."
585,598,A32,전진,두 마녀의 날(Double Witching Day) — 2001년 9월 13일.,6,6,6,3,3,2,2,4,전진: 그와 달리 외국인들은 전날에 이어 다시 한번 주식시장이 서킷 브레이커가 발동되는 대폭락을 겪고는 훨씬 더 비싼 가격에 눈물을 머금고 옵션 계약을 청산해야 했다.
586,599,A32,전진,이제 진짜 지옥이 시작됐네요 — 2001년 9월 17일 뉴욕 맨해튼.,5,5,6,3,3,2,2,4,전진: “이제 진짜 지옥이 시작됐네요.”
587,600,A32,전진,"이제 더 볼 필요가 없을 것 같네요 — 2001년 9월 17일, 오전 11시.",5,5,6,3,3,2,2,4,"전진: 어휴, 입이 다물어지질 않네.” 랜든은 대충 계산을 해보려다가 포기한 듯 머리를 절레 흔들었다."
588,601,A32,전진,오늘부터 포지션 정리를 시작하도록 해요 — 약간의 하락은 있겠지만 나흘간 주식시장 문을 닫아 충격을 충분히 흡수했고 전격적인 연준의 0.5% 기준금리 인하가 하방을 받쳐 줄 거라고 다들 기대했다.,5,5,6,3,3,2,2,4,전진: “오늘부터 차근차근 포지션 정리를 시작하도록 해요.” “……!”
589,602,A32,전진,지금부터 포지션을 청산해야 최대한의 수익을 얻을 수 있을 거예요 — 예상치 못한 이야기에 랜든이 자세를 고쳐 앉으며 되물었다.,5,6,6,3,3,2,2,4,전진: 그렇게 하겠습니다.” 석원은 대형 시황판 위에서 여전히 횡보세를 보이는 시장을 잠깐 바라봤다가 그대로 몸을 돌려 자리를 떠났다.
590,603,A32,압박,"방금 나온 속보, 보셨습니까? — 2001년 10월 7일, 저녁 6시 30분.",5,5,6,3,3,2,2,4,압박: 하지만…….” [생화학 테러 공포로 시장이 공포에 빠진다면 저가에 공매도한 주식을 되살 수 있는 좋은 찬스일 거예요.] “……!”
591,604,A32,압박,보스가 이런 결정을 내렸다면 분명 내가 모르는 이유가 있겠지 — 한쪽 벽면을 가득 채운 통유리창 너머로 탁 트인 이스트강이 내려다보이는 회장실 소파에 석원을 가운데 두고 랜든과 앤드루가 양옆에 마주 보며 앉아 있었다.,5,5,6,3,3,2,2,4,압박: 그러고는 트레이더들을 독려하며 투매로 쏟아지는 물량을 마구 주워 담아 포지션을 빠르게 청산하는데 집중했다.
592,605,A32,압박,뭐지? 뭐 때문에 주식이 오르는 거야 — 2001년 10월 16일 뉴욕 맨해튼.,5,5,6,3,3,2,2,4,압박: 두 사람은 입을 크게 벌린 채 믿기지 않는 얼굴로 서로를 바라보았다.
593,606,A32,압박,"앞으로 박석원 회장의 존재감이 더욱 커지겠군. — 퀀텀 펀드를 나와 새로 케이 캐피탈을 설립한 로드니는 뉴욕의 마천루가 내려다보이는 사무실 소파에 한쪽 다리를 꼬고 앉아, 맞은편 텔레비전에서 흘러나오는 뉴스를 보고 있었다.",5,6,6,3,3,2,2,4,압박: “대규모 경기 부양책이 나오고 연준이 금리를 추가로 인하하게 되면 주식시장이 이대로 계속 가파르게 치솟아오르겠군.” 그렇게 3대 지수가 반등에 성공해 폭등하는 만큼 고스란히 엘도라도 펀드의 수익으로 돌아오게 될 터였다.
594,607,A32,전환,조금 비싸도 상관없으니까 반드시 손에 넣을 수 있도록 해요 — 높다랗게 솟아 있는 마천루들 사이로 아침 해가 떠오르며 밤새 어둠에 잠겨 있던 뉴욕의 거리가 서서히 잠에서 깨어나기 시작했다.,5,5,6,3,3,2,2,4,전환: 지금은 아무도 관심조차 가지고 있지 않지만 엔론이 품고 있는 황금알을 가져올 생각에 짙은 미소가 입가에 그려졌다.
595,608,A32,전환,원래 바퀴벌레가 한 마리 나타났다면 안 보이는 곳에 더 많이 숨어 있다는 뜻이지 — 2001년 11월 1일 목요일.,5,5,6,3,3,2,2,4,전환: “원래 바퀴벌레가 한 마리 나타났다면 안 보이는 곳에 더 많이 숨어 있다는 뜻이지.”
596,609,A32,전환,"역시 보스는 다 계획이 있으셨군요 — 석원을 중심으로 랜든과 앤드루가 양쪽에서 마주 보는 형태로 앉은 가운데, 비서인 데이지가 원두 향이 진하게 풍기는 커피를 탁자 위에 내려놓고 나갔다.",5,5,6,3,3,2,2,4,"전환: “바퀴벌레 한 마리가 눈에 띄었다면 더 많은 숫자가 안 보이는 곳에 숨어 있는 법이죠.” “그, 그럼 월드컴이 회계 조작을 하고 있다는 말씀입니까.” 당황해하는 랜든의 반응을 보며 석원이 망설임 없이 고개를 끄덕였다."
597,610,A32,전환,몰락의 원인은 바로 인터넷 군비경쟁 때문이에요 — 내심 설마하고 던진 물음에 맞다는 대답이 돌아오자 두 사람의 얼굴에 경악이 어렸다.,5,5,6,3,3,2,2,4,전환: 푹신한 소파에 등을 기댄 석원은 앞으로 펼쳐질 인터넷 시대에서 가장 중요한 핵심 인프라를 한 손에 움켜쥘 생각에 짙은 미소를 지었다.
598,611,A32,보상,새로운 버블의 시작점 — 커튼을 열어둔 창문을 통해 따사로운 햇살이 쏟아져 들어왔다.,5,6,6,3,3,2,2,4,보상: “이렇게 달러가 엄청나게 풀리게 되면 그다음은 필연적으로 자산 가격이 폭등할 수밖에 없지.” 어쩌면 지금이 새로운 버블의 시작점일 수도 있을 거라는 생각에 석원은 씁쓸한 표정을 지었다.
599,612,A32,보상,난 상관하지 말고 원하는 대로 하도록 해요 — 존 필립스씨가 오셨습니다.” 펜트하우스 거실 소파에 앉아 있던 석원은 한지성 과장의 말에 고개를 돌렸다.,5,5,6,3,3,2,2,4,보상: “이번에도 똑같이 결론이 난다면 보상으로 받아올 구글 주식을 내가 가져오면 되겠네.” 뒷짐 지고 싸움 구경이나 하다가 훗날 상장 뒤 수십 배로 뛸 주식을 수백만 주나 헐값에 쓸어 담을 생각에 석원은 입가에 짙은 미소를 지었다.
600,613,A32,여진/다음 훅,마운틴패스(Moutain Pass) — 뉴욕 라과디아 공항(La Guardia Airport).,5,5,6,3,3,2,2,4,여진/다음 훅: 그러다가 End point를 앞에 두고 힘차게 지상을 박차고 구름 한 점 없이 새파란 하늘로 날아올랐다.
601,614,A33,도입,"일본 보다 떨어지는 걸 최신 기종이라고 가져와 설치할 수는 없잖아요 — 대전광역시 유성구, 대덕연구단지.",5,5,6,3,3,2,2,4,도입: 자세한 부분은 연구소 쪽 사람들이 도와줄 거예요.” “알겠습니다.” 석원은 다시 걸음을 옮겨 연구 시설을 끝까지 둘러보고는 사람들의 배웅을 받으며 서울로 돌아갔다.
602,615,A33,약속,아무리 노력해도 안 되던 걸 도대체 어떻게 해결한 거냐? — 커다란 통유리창으로 들어오는 따듯한 햇살이 넓은 거실을 환하게 밝히고 있는 가운데 조덕례 여사가 유럽산 소파에 혼자 앉아 안경을 끼고 프랑스 원문으로 된 소설을 읽고 있었다.,5,5,6,3,3,2,2,4,"약속: 미도파 백화점이 수년간 애써도 이루지 못한 일을 단 한 번의 대화로 해결해 버린 것이 허탈하기도 했지만, 그만큼 석원이 미국에서 차지한 위치를 실감하자 가슴 깊은 곳에서 뿌듯함이 차올랐다."
603,616,A33,약속,이렇게 되면 예상했던 것보다 더 일찍 일이 터지겠는데 — 뉴욕 맨해튼 브로드웨이 타임스 스퀘어.,5,5,6,3,3,2,2,4,약속: “이렇게 되면 원래 예상했던 것보다 월드컴 사태가 더 일찍 터지게 되겠는데.”
604,617,A33,전진,괜찮아요. 우리는 따로 돈을 벌 방법이 있으니까요 — 서울 강남 테헤란로 13층 빌딩.,5,6,7,3,3,2,2,4,전진: 우리는 따로 돈을 벌 수 있는 방법이 있으니까요.” “그게 뭡니까?” “미니홈피를 통해 수익을 창출하는 거예요.” “……예?” 최도선 사장은 물론이고 회의실에 모인 사람들의 얼굴에 전부 물음표가 떠올랐다.
605,618,A33,전진,"악재가 하나 더 있습니다 — “미, 미니홈피로 돈을 번다고 하셨습니까?” 당혹감을 감추지 못한 채 최도선 사장이 한쪽 손으로 금테 안경을 고쳐 쓰며 묻자 그가 머리를 끄덕였다.",5,5,7,3,3,2,2,4,전진: “국채 가격은 어떻게 움직이고 있어요?” [아르헨티나 정부가 통화 평가절하와 함께 디폴트를 선언할 거라는 소문이 돌자 다들 전부 국채를 집어 던지면서 가격이 급락 중입니다.] 아르헨티나 국채에 숏포지션을 잡은 엘도라도 펀드에는 희소식이었기에 석원은 한쪽 입꼬리를 위로 말아 올리며 진한 미소를 지었다.
606,619,A33,전진,본부장이라고 하셨습니까? — “무디스가 방금 아르헨티나 외화 표시 국채 등급과 페소화 표시 국채 등급을 각각 Caa3에서 Ca로 하향한다고 발표했습니다!” “야당과 시위대의 요구에 대통령에 이어서 경제 장관까지 사임했다고 합니다.” 와이셔츠 소매를 걷어 올린 채 서 있던 최호근 부장은 연달아 들려오는 소식에 잔뜩 신경이 곤두선 얼굴로 물었다.,5,5,6,3,3,2,2,4,전진: 초창기부터 그를 믿고 따라와 준 최호근 부장에게 이 정도쯤은 얼마든지 해줄 수 있는 보상이었다.
607,620,A33,전진,제기랄. 올해는 편하게 크리스마스 휴가를 보내긴 다 글렀네 — 경기도 평택 해군 2함대 사령부.,5,5,6,3,3,2,2,4,전진: 올해는 편하게 크리스마스 휴가를 보내긴 다 글렀네.” 정말로 월드컴까지 회계장부를 조작했다면 911테러와 엔론 사태의 충격을 딛고 겨우 회복한 주식시장이 다시 크게 흔들릴 것이 불을 보듯 뻔했기 때문이었다.
608,621,A33,전진,진즉에 만나서 대화를 나눌 걸 그랬어 — 새하얀 눈으로 덮인 인왕산이 병풍처럼 서 있는 가운데 검은색 마이바흐가 청와대 본관 앞으로 다가와 미끄러지듯 멈춰섰다.,5,5,6,3,3,2,2,4,전진: “현재 건설 중인 이어도 해양과학기지에 관련해 한가지 제안드릴 것이 있습니다.”
609,622,A33,전진,일본이 먼저 그런 일을 했는데 저희라고 못할 법은 없지 않습니까? — “이어도 해양과학기지라고 했나?” 김재춘 대통령의 물음에 석원이 시선을 똑바로 마주보며 대답했다.,5,5,6,3,3,2,2,4,전진: “잘 생각하셨습니다.”
610,623,A33,압박,자료에 있는 내용이 전부 사실이에요? — 신년 인사 명단을 천천히 훑어본 석원은 이내 한쪽에 놓인 몽블랑 만년필을 집어 들었다.,5,5,6,3,3,2,2,4,"압박: 알았어.” [그럼 다음에 봐요.] 데보라는 쪽, 하고 경쾌한 키스 소리를 남긴 채 전화를 끊었다."
611,624,A33,압박,크리스마스의 악몽 — 사나운 북극 한파가 몰려와 폭설로 뒤덮인 뉴욕과 달리 따뜻한 카리브해에 자리한 바하마는 구름 한 점 없는 화창한 하늘에 뜨거운 태양이 작렬했다.,5,5,6,3,3,2,2,4,압박: 어서.” 이렇게 뉴욕에서 시작된 공포는 이내 태평양을 건너 아시아와 유럽까지 빠르게 번져갔다.
612,625,A33,압박,어떻게 하면 좋을지 너희들 의견을 말해 봐라. — [KOSPI : 601.29 (33.12)] [KOSDAQ : 51.79 (12.32)] 와이셔츠 소매를 걷어 올린 정환엽 과장이 사무실 맞은편 벽에 설치된 시황판에 띄워진 지수를 보곤 혀를 찼다.,5,5,6,3,3,2,2,4,압박: “올해 대선이 있는 건 다들 알고 있을 거다.” “…….” “슬슬 후원금을 어느 쪽에 얼마씩 줄지 결정해야 할 때가 됐으니 어떻게 하면 좋을지 너희들 의견을 말해 봐라.”
613,626,A33,압박,실력 행사라니? 뭘 어쩌려고 — “12월에 선거가 예정되어 있지만 사실상 각 당이 이미 대선 정국으로 들어갔다고 보는 것이 맞겠죠.” 형인 박진형 부회장의 이야기에 석원이 동의하듯 작게 머리를 끄덕였다.,5,5,6,3,3,2,2,4,압박: 얼마 뒤에 한국을 떠들썩하게 만들 불법대선자금 사건에서 아버지와 형이 불똥을 피할 수 있게 됐으니 그것만으로 다행이었다.
614,627,A33,전환,이거 월드컴이 감당할 수 있는 거야? — 날이 어둡게 가라앉은 시각.,6,5,6,3,3,2,2,4,전환: 이렇게 통신주에서 시작된 폭락은 순식간에 다른 섹터로도 번져 나가 대형 시황판을 온통 새빨갛게 물들였다.
615,628,A33,전환,주식을 더 사라는 말씀입니까? — 몸 선에 딱 맞게 재단된 슈트를 입은 석원은 한쪽 손을 바지 주머니에 찔러 넣은 채 멀리 새파란 바다가 보이는 통유리창 앞에 서서 일본에 있는 존 포터 지사장과 통화를 하고 있었다.,5,5,6,3,3,2,2,4,전환: 메인 스크린이 잘 보이는 안쪽으로 자리를 옮긴 석원은 최태호 대표와 우병호 총괄 이사하고 함께 서서 발사가 무사히 성공하길 마음속으로 빌며 초조한 눈빛으로 앞을 응시했다.
616,629,A33,전환,쉽지 않은 도전이지만 난 절대 포기하지 않아 — 숨이 막힐 것 같은 긴장감과 기대가 교차하는 가운데 발사지휘센터(MDC) 내부는 긴박하게 돌아가고 있었다.,5,5,6,3,3,2,2,4,전환: 그런 석원의 뒷모습이 오늘따라 유달리 크고 단단해 보였다.
617,630,A33,전환,딜을 하나 제안하도록 해요 — [첫 한국 우주로켓 우라노스 발사 절반의 실패 역사적인 한국 첫 우주발사체 우라노스(Uranus)가 당초 예정된 목표궤도 진입에 실패하면서 절반의 성공을 한 것으로 발표됐다.,5,8,6,3,3,2,2,4,전환: 그러니 10억 달러면 오히려 헐값이지.” 거기다가 제록스에 숏베팅을 해둔 걸 청산하면 수익금이 10억 달러 이상 될 테니까 사실상 공짜로 PARC를 가져오는 거나 마찬가지였다.
618,631,A33,보상,머뭇거릴 것 없이 정말로 원유가 묻혀 있는지 확인해보죠 — 2002년 3월 1일.,5,5,6,3,3,2,2,4,보상: 석원은 해도에 현재 시추 위치가 표시된 부분을 내려다보며 기대에 찬 표정을 지었다.
619,632,A33,보상,정말 행운의 사나이십니다. — 원래는 어제 육지로 돌아가려고 했지만 일정을 바꿔 시추선에서 하룻밤을 보낸 석원이 선실에서 나왔다.,5,5,6,3,3,2,2,4,보상: 그렇게 차가운 오호츠크해 깊은 바다 밑에 수만 년간 잠들어있던 원유가 석원의 손에 의해 세상 밖으로 나오게 됐다.
620,633,A33,여진/다음 훅,이 친구가 대한민국을 위해 또 큰일을 해줬구만! — 청와대 대회의실에 김재춘 대통령을 가운데 두고 정부 각료들이 모여 앉아 있었다.,5,5,6,3,3,2,2,4,여진/다음 훅: 박 회장 이 친구가 대한민국을 위해 또 큰일을 해줬구만!”
621,634,A34,도입,내 자식이 한 거니까 내가 한 거나 마찬가지지. — [사할린하면 과거 죄수를 유배시켰던 버려진 땅이었지만 지금은 세계 각국이 넘보는 에너지 자원의 보고가 되고 있습니다.,5,5,6,3,3,2,2,4,도입: 그럴 바에야 먼저 깔끔하게 뒷돈을 떼어주는 게 낫지.” 이렇게 최고 권력자인 미하일로프 대통령에게 한몫 챙겨 주면 다른 어중이떠중이들은 감히 찝쩍댈 엄두를 못 낼 터였다.
622,635,A34,약속,좋은 소식을 기다리고 있도록 하죠 — 여의도 63빌딩 최상층에 자리한 넓은 집무실 안.,5,5,6,3,3,2,2,4,약속: 제가 직접 포브스 가문에 회장님의 제안을 전달하도록 하겠습니다.” “좋은 소식을 기다리고 있도록 하죠.” “꼭 거래가 성사될 수 있도록 노력할 테니 염려하지 마십시오.” 앞에 놓인 찻잔을 집어든 석원은 여유롭게 커피를 마시며 사진첩을 펼쳐 곧 자신의 소유가 될 파베르제의 달걀들을 천천히 다시 감상했다.
623,636,A34,약속,이제 타이밍이 됐군 — “그럼 다시 연락드리겠습니다.” “좋은 소식을 기다리고 있죠.” 악수를 나눈 셔먼은 같이 온 직원을 데리고 집무실을 나갔다.,5,5,6,3,3,2,2,4,약속: 그 전에 포지션을 몽땅 다 털어버려야 해.] “물론입니다.” [그럼 정리가 다 끝나면 바로 전화를 주게.] “알겠습니다.” 댄 바라단 투자선임치프는 짧게 대답하며 수화기를 내려놨다.
624,637,A34,전진,"저가 매수를 할 좋은 기회네요 — [美 2위 장거리 전화업체 월드컴, 사상 최대 파산보호 신청 현지 기준 4월 2일 회계부정 사건으로 어려움을 겪던 월드컴이 결국 뉴욕 법원에 파산 보호를 신청했다.",5,5,6,3,3,2,2,4,전진: “지금도 잘 나가는 회사지만 올해 전화 기능이 들어간 초기 스마트폰 형태의 제품을 출시하면 주가가 미친 듯이 폭등할테니 무조건 지금 사둬야지.”
625,638,A34,전진,명백한 위험 신호가 들어온 거군 — [막 열린 16대 대통령 선거전 추태국-최종경 대결 확정 민평당 최종경 후보에 이어 추태국 전 총재가 공정당 대통령 후보로 확정됨에 따라 12월 19일 실시 예정인 제16대 대통령 선거전이 본격적으로 막이 올랐다.,6,5,6,3,3,2,2,4,전진: “IMF 외환위기를 벗어난지 얼마 되지도 않았는데 또 위기가 닥치는군.” 석원은 씁쓸한 표정으로 턱을 쓰다듬었다.
626,639,A34,전진,"1, 1페타플롭스라고 하셨습니까? — 대전광역시 유성구 대덕 연구단지.",5,5,6,3,3,2,2,4,전진: 석원은 참으로 든든한 기분을 느끼며 일행들과 함께 천천히 내부 시설을 더 둘러봤다.
627,640,A34,전진,이제 며칠 안 남았네 — 한 쪽 벽면을 가득 채우고 있는 파노라마 창 너머로 쏟아진 오후의 햇살이 집무실 카펫 위로 길게 늘어졌다.,5,5,6,3,3,2,2,4,전진: “내가 해줄 수 있는 건 다 했으니까 회귀 전과 달리 아군의 희생이 크지 않길 기도하는 수밖에.”
628,644,A34,전진,"증시가 열리면 쏟아지는 매물을 싹 다 쓸어 담도록 해요 — 2002년 6월 29일, 12시 00분.",5,5,6,3,3,2,2,4,전진: “월요일에 증시가 열리면 쏟아지는 매물을 싹 다 쓸어 담도록 해요.” “……!”
629,645,A34,전진,"도대체 누가 다 만들어둔 밥상을 엎고 있는 거야! — 2002년 7월 1일, 아침.",5,5,6,3,3,2,2,4,전진: 도대체 누가 다 만들어둔 밥상을 엎고 있는 거야!”
630,648,A34,압박,정부에서 주는 참전수당이 얼마나 되는지 알고 있어요 — 의아해하는 윤기훈 사장을 보며 석원이 담담하게 말했다.,5,5,6,3,3,2,2,4,압박: “큰돈을 번 만큼 다른 이들을 위해 사회에 환원하는 것이 진정한 노블레스 오블리주(Noblesse oblige)겠지.”
631,649,A34,압박,다흐란에 가줘야 되겠어요 — [박석원 회장 2차 연평해전 부상 장병들에게 1인당 5천만 원씩 위로금 전달 오늘 블루홀 그룹은 지난번 서해 연평도 앞바다에서 벌어진 북한과의 교전에서 부상 당한 스무 명의 해군 장병들한테 각각 5천만 원의 위로금을 전달했다.,5,5,7,3,3,2,2,4,압박: “무슨 일이라도 있습니까?” [실은 아우를 만나고 싶어하시는 분이 계시네.] “그게 누굽니까.” [후중밍 중앙군사위원회 부주석님이네.] “……!” 전혀 생각지도 못한 이름에 석원은 약간 놀란 얼굴로 미간을 좁혔다.
632,650,A34,압박,"푸른 보석처럼 반짝이는 것들이 전부 텅스텐 광석입니다 — 중앙 군사 위원회 부주석인 후중밍은 중국을 움직이는 3대 파벌 중에 하나인 공산주의청년당(中国共产主义青年团), 줄여서 공청당을 대표하는 거물 정치인이었다.",5,5,6,3,3,2,2,4,압박: “이 푸른 보석처럼 반짝이는 것들이 전부 텅스텐 광석입니다.”
633,651,A34,압박,그럼 비싸더라도 살 수밖에 없는 물건을 만들면 되죠 — 갱도를 다 둘러보고 나온 석원은 쓰고 있던 안전모를 벗어 수행비서인 한지성 과장한테 건네주곤 눌린 머리카락을 쓸어 올렸다.,5,5,6,3,3,2,2,4,압박: 발밑에 펼쳐져 있는 상동 광산이 그에겐 엄청난 황금을 품고 있는 보물 창고로 보였다.
634,652,A34,전환,보스라면 당연히 그 정도는 받으셔야죠 — 책상 앞에 앉아 있던 석원은 나성미가 열어주는 문으로 회색 정장을 입은 최호근 본부장이 들어오는 것을 보고 자세를 고쳐앉았다.,5,5,6,3,3,2,2,4,전환: 거부한다고 해도 딱히 아쉬울 건 없고.”
635,654,A34,전환,그런 거라면 운용 보수를 더 많이 받아야 하는 거 아니에요 — “미국과 일본에 진출하자고 하셨습니까?” 당혹감을 감추지 못한 채 오른편에 앉아 있던 최도선 사장이 금테 안경을 고쳐 쓰며 되물었다.,5,5,6,3,3,2,2,4,전환: [알겠습니다.] 휴대폰을 안주머니에 집어넣은 석원은 만족스러운 표정을 지으며 고개를 돌려 차창 밖 풍경을 바라봤다.
636,655,A34,전환,뭔진 몰라도 나한테 큰 걸 바라는 모양이네 — 여의도 증권사 객장.,5,5,6,3,3,2,2,4,"전환: 그러다 관제탑에서 이륙 허가가 떨어지자 길게 뻗은 활주로를 빠르게 질주하더니, 이내 기수를 치켜들며 땅을 박차고 하늘로 솟구쳤다."
637,656,A34,전환,"혹시 상하이에 짓고 있는 세계금융센터에 대해 알고 있소 — 다음날, 중국 허베이성 친황다오시(秦皇島).",5,5,7,3,3,2,2,4,전환: “혹시 상하이에 짓고 있는 세계금융센터에 대해 알고 있소?”
638,657,A34,보상,오. 그렇소? — “상하이 세계금융센터라고 하셨습니까?” “그렇소.” 석원이 처음 듣는 듯 머리를 갸웃거리자 후중밍 부주석 옆에 나란히 앉아 있던 마오화 비서실장이 대신 자세히 설명을 해줬다.,5,5,6,3,3,2,2,4,보상: 오히려 박 회장 같은 사람이 투자한다면 중국 전통 백주의 위상을 끌어 올리는 계기가 될 수 있을 테니 크게 보면 이득이 되는 일 아니겠소.” “그렇게 봐주시니 다행입니다.” 별생각 없이 넘긴 귀주모태주 지분이 나중에 얼마나 폭등하게 되는지 후중밍 부주석은 이때까지만 해도 전혀 상상하지 못했다.
639,658,A34,보상,"너…… 오늘 소고기 쏴라. 그것도 한우로 — 같은 시각, 서울 여의도 증권가.",5,5,6,3,3,2,2,4,"보상: ‘물론 다시 세계 경제가 회복되면서 바닥을 치고 올라오겠지만, 그동안 원유만 팔던 산유국들이 대형 정유 시설을 경쟁적으로 건설하는 걸 생각하면 더욱 국내 정유업체들의 앞날이 그렇게 밝지 않은 것이 현실일 거야.’ 대한민국의 경제발전을 이끌어 왔던 든든한 한 축이 점차 힘을 잃고 쇠퇴해가는 미래에 석원은 내심 씁쓸한 기분을 느꼈다."
640,659,A34,여진/다음 훅,"마지막 붕괴가 제일 공포스럽고 충격적인 법이죠. — 며칠 뒤, 뉴욕 맨해튼 플라자 호텔.",6,5,6,3,3,2,2,4,여진/다음 훅: 원래 이제 다 끝났다 생각하고 방심하고 있을 때 찾아오는 마지막 붕괴가 제일 공포스럽고 충격적인 법이죠.” 너무나도 엄청난 이야기를 아무렇지도 않게 말하는 석원의 모습에 랜든은 자신도 모르게 마른 침을 꿀꺽 삼켰다.
641,660,A35,도입,지금 일본은 터지기 직전에 있는 커다란 시한폭탄을 품에 안고 있는 상태예요 — 어제 마감된 일본 닛케이 지수 종가가 1만 933포인트였다.,5,5,6,3,3,2,2,4,도입: 그런데도 한 치의 흔들림도 없이 오히려 앞으로 진행될 베팅이 기대된다는 듯이 입가에 미소를 머금은 채 지시를 내리는 석원의 배포와 자신감에 랜든은 새삼 크게 감탄했다.
642,661,A35,약속,내후년에 있을 선거에 출마할 거네 — 미국 일리노이주 스프링필드(Springfield).,5,5,6,3,3,2,2,4,약속: 커프가 잘돼야 저도 좋은 거 아니겠어요.”
643,662,A35,약속,"이대로 바로 베팅을 시작하도록 해요 — 미국 일리노이주, 아브라함 링컨 캐피털 공항(Abraham Lincoln Capital Airport).",5,6,6,3,3,2,2,4,약속: 문이 닫히고 혼자 남은 랜든은 손으로 턱을 쓰다듬으며 이번에는 과연 석원이 얼마나 큰 수익을 내서 월가를 놀라게 할지 기대가 된다는 표정을 지었다.
644,663,A35,전진,"아니 상대가 너무 앞서 가버렸다는 것이 더 맞는 말이겠군 — 며칠 뒤, 뉴욕 맨해튼.",5,5,6,3,3,2,2,4,전진: 이처럼 로드니의 케이 캐피탈뿐만 아니라 월가에 있는 대형 투자은행과 수많은 헤지펀드들이 엘도라도 펀드를 따라 숏베팅에 나서면서 전 세계 주식시장이 크게 요동치기 시작했다.
645,664,A35,전진,반대편에 베팅하면 조금 귀찮을 뻔했는데 잘됐네요 — 충청남도 태안 안흥항에서 서쪽 55㎞지점.,5,5,6,3,3,2,2,4,전진: 자신이 일으킨 파도가 어느새 엄청난 쓰나미로 변해 전 세계 주식시장을 덮치고 있다는 생각에 석원의 입가에 느긋한 미소가 번졌다.
646,665,A35,전진,일본 정부의 바람대로 되진 않을 거예요 — 일본 도쿄도 지요다구 가스미가세키.,5,5,6,3,3,2,2,4,전진: 극약처방으로 짧게 충격을 받고 넘기려는 모양인데 일본 정부의 바람대로 되진 않을 거예요.” 뒤이어 덮칠 대형 악재로 인해 일본 정부가 수렁에서 빠져나오지 못한 채 더욱 깊이 빠져들 모습을 떠올리자 석원의 입가에 걸린 미소가 더욱 짙어졌다.
647,666,A35,전진,일본 정부가 이런 사실을 알게 되면 아차 싶겠네요 — 2002년 9월 6일.,5,5,6,3,3,2,2,4,전진: “일본 정부가 이런 사실을 알게 되면 아차 싶겠네요.” [그러게 말입니다.]
648,667,A35,전진,"태풍 피해 복구 성금을 내더라도 오히려 계좌에 현금이 더 늘어나겠는데 — 2002년 9월 10일, 서울 여의도.",6,5,6,3,3,2,2,4,전진: 그러고는 마우스를 움직여 안 그래도 휘청거리고 있던 엔화와 일본 주식시장이 미국발 초대형 악재에 긴 음봉을 만들어내며 아시아 증시 가운데서도 가장 큰 폭락을 기록 중인 걸 보고 입가에 짙은 미소를 그렸다.
649,668,A35,전진,"박석원 회장 그자 때문에 일이 다 틀어져 버렸어 — 2002년 9월 10일, 도쿄도 치요다구 내각총리대신 관저(内閣総理大臣 官邸).",5,5,6,3,3,2,2,4,"전진: 오늘 내린 이 결정으로 인해 이자조차 갚기 어려운 좀비 기업들이 상당수 정리되지 않은 채 살아남게 되고, 그것이 일본 경제를 좀먹는 독버섯이 되어 훗날 ‘잃어버린 30년’이라 불리는 장기 불황의 늪으로 이어질 줄은 그 누구도 꿈에도 생각하지 못했다."
650,669,A35,압박,Operation Iraqi Freedom — 한쪽 벽면 전체를 차지한 커다란 파노라마 창 너머로 한강 물결이 아침 햇살을 받아 잘게 부서지며 보석처럼 반짝였다.,5,5,6,3,3,2,2,4,압박: 아무래도 자신으로 인해 나비 효과가 일어나 개전이 원래 시기보다 더 앞당겨진 것 같았다.
651,670,A35,압박,"이미 충분히 수익을 낸 상태니까 아쉬울 것도 없죠 — 2002년 11월 4일, 뉴욕 맨해튼 7번가 745번지.",5,6,6,3,3,2,2,4,압박: 이번엔 그때보다 더 심각해질 가능성도 있습니다.] 석원은 텔레비전에 나오는 대화를 들으며 한쪽 입꼬리를 위로 말아 올렸다.
652,671,A35,압박,아니. 진짜 다 팔 겁니까? 그 많은 물량을 다요? — 2002년 11월 4일 뉴욕상품거래소 (New York Mercantile Exchange).,5,5,6,3,3,2,2,4,압박: “공급 충격이 없다면 폭등한 유가가 다시 급락하겠군.”
653,672,A35,압박,"이제 다시 매수하도록 해요 — 2002년 11월 7일, 뉴욕상품거래소 (New York Mercantile Exchange).",5,5,6,3,3,2,2,4,압박: [이 정도면 유가가 충분히 떨어진 것 같으니까 이제 다시 원유 선물을 매수하도록 해요.] “……!”
654,673,A35,전환,그러니까 다시 원유 선물을 쓸어 담으라는 거예요 — “원유 선물을 다시 매수하라고 하셨습니까?” [맞아요.] 담담하게 대답하는 석원과 달리 랜든은 당혹감을 감추지 못했다.,5,5,6,3,3,2,2,4,전환: “저희가 선물을 싹쓸이한 뒤에 예상대로 유가가 다시 폭등하면 다들 어떤 표정을 지을지 벌써부터 기대되는군요.”
655,674,A35,전환,"어차피 사용하지 않고 놀리던 공간인데 누구든 활용하는 것이 훨씬 낫겠지요 — 경기도 안양시, 한국 석유공사 본사.",5,5,6,3,3,2,2,4,전환: 말씀대로 하도록 하겠습니다.” “잘 생각하셨습니다.” 석원은 활짝 웃으며 그와 손을 잡았다.
656,675,A35,전환,"자신 있으면 마음대로 해보라고 했답니다 — 2002년 11월 26일, 화요일.",5,5,6,3,3,2,2,4,"전환: 이번 기회에 일본은행의 콧대를 눌러 주는 것도 좋지만 그러려면 다른 곳에 넣어둔 자금을 빼야 하니 오히려 저희가 손해겠지요.] “판을 이렇게 크게 벌여놨는데, 겨우 엔화 가지고 싸우다 다른 걸 잃으면 바보 같은 짓이죠.” [맞는 말씀입니다.] 잠시 더 대화를 나누고 통화를 끝낸 석원은 뻔히 알면서도 그에게 주머니를 털릴 수밖에 없는 일본 정부의 처지를 떠올리며 짙은 미소를 지었다."
657,676,A35,전환,"과한 걱정이었는지 아니면 진짜로 뭔가가 있는 건지 지켜보면 알 수 있겠지 — 2002년 11월 29일, 뉴욕 맨해튼.",5,5,6,3,3,2,2,4,전환: ‘이제 곧 연이어 악재가 터지면서 튀어 오른 국제 유가가 전 세계 경제를 뒤흔들어 놓겠지.’ 통유리창에 비친 석원의 눈동자가 뜨거운 열기로 반짝이고 있었다.
658,677,A35,보상,"설마 ST그룹을 인수하시려는 겁니까? — 2002년 12월 6일, 서울 여의도.",5,6,8,3,3,2,2,4,보상: “설마 ST그룹을 인수하시려는 겁니까?”
659,678,A35,보상,이걸로 전 저점까지 지수가 밀려 내려가긴 어려울 텐데 — 대한민국 재벌 그룹들이 대부분 다 그렇듯이 ST그룹 역시 계열사 간에 서로 복잡하게 얽힌 순환출자 구조를 통해 오너 일가가 적은 지분을 가지고 그룹 전체에 지배권을 행사하고 있었다.,5,6,6,3,3,2,2,4,보상: 그러는 사이 서부 텍사스산 중질유(WTI) 가격은 나이지리아에서 발생한 사건으로 인해 원유 공급이 부족해질 수 있다는 불안감에 매수세가 폭발하며 결국 배럴당 23달러를 넘기고 말았다.
660,679,A35,여진/다음 훅,"우리의 임무는 완수됐고, 이라크는 해방되었습니다! — 2002년 12월 24일, 캘리포니아주 샌디에이고 서쪽 48㎞ 해역.",5,6,6,3,3,2,2,4,여진/다음 훅: “24.33에 400건 사자!” “24.42에 250건 매수!” 금방 배럴당 25달러도 뚫어 버릴 기세로 가격이 폭등하는 것을 본 제리는 입을 떡 벌린 채 신음했다.
661,680,A36,도입,깔끔하게 현금으로 처리하고 땅을 매입해서 여기에 저택을 짓도록 하죠 — “어떠십니까?” 정규철 블루홀 건설 사장의 물음에 캐시미어 코트를 입은 석원이 카트에서 내려 선글라스를 벗은 뒤 천천히 주위를 둘러봤다.,5,6,6,3,3,2,2,4,도입: 적지 않은 액수의 달러를 팔고 엔을 사들이며 도쿄 외환시장이 열리기 전까지 환율을 140엔 아래로 끌어내리려고 애를 썼지만 엔화 탈출로 완전히 기울어져 버린 시장을 이겨내진 못했다.
662,681,A36,약속,"추가하실 안건이라니요? — 일본 도쿄도 치요다구 나가타초(永田町), 내각총리대신관저.",5,5,6,3,3,2,2,4,"약속: “자사주 매입, 소각 안이에요.” “……!”"
663,682,A36,약속,왜 굳이 몇 가지 조건을 양보해가면서 특약을 넣었겠어요 — “자사주를 매입하고 소각까지 하란 말씀이십니까?” 현동진 SA오일 사장이 눈을 껌뻑이며 되묻자 소파 등받이에 몸을 기댄 채 그가 태연하게 말을 받았다.,5,6,6,3,3,2,2,4,약속: 최종적으로 수익이 얼마나 찍힐지 벌써 기대되는군.”
664,683,A36,전진,"인생사 새옹지마(塞翁之馬)라고 하는데 그 말에 딱 들어맞는 주식일 거야 — 2003년 1월 14일, 일본 도쿄도 지요다구 가스미가세키.",5,5,6,3,3,2,2,4,전진: 인생사 새옹지마라고 하는데 그 말에 딱 들어맞는 주식이 바로 하이테크 반도체라니까.” 석원은 후후 웃으며 진흙 속에 묻힌 진주를 바라보듯 눈을 빛냈다.
665,684,A36,전진,내가 인수하려는 건 회사 전체가 아니에요 — 창가에 서서 밖을 내려다보고 있던 석원은 노크 소리에 몸을 뒤로 돌렸다.,5,6,6,3,3,2,2,4,"전진: 아니, 무조건 말씀하신 기한 안에 인수를 끝내도록 하겠습니다.” 원하는 대답이었는지 석원이 흡족한 미소를 지었다."
666,685,A36,전진,회장님이 말씀하신 거면 맞는 거겠죠 — 유가 폭등과 세계적인 경기 침체 우려로 인해 좀처럼 약세를 벗어나지 못하고 있는 주식 시장에서 갑자기 장대 양봉을 만들어내며 급등 중인 종목이 하나 있었는데 바로 SA오일이었다.,5,5,6,3,3,2,2,4,"전진: “시간을 맞추려면 바쁘게 움직여야겠네요.” “그러니까 부르면 재깍재깍 올 것이지, 누가 여유를 부리래.” 최호근 본부장은 쌤통이라는 듯 낄낄 웃으며 나가보라고 손짓했다."
667,686,A36,전진,장기적으로 보면 이게 훨씬 더 나은 선택일 거예요 — 비서실 여직원이 탁자에 커피를 내려놓고 나가자 석원은 한쪽 다리를 꼬고 앉아 오른편에 자리한 윤기훈 사장을 보며 입을 뗐다.,5,5,6,3,3,2,2,4,"전진: “그럼 방금 말한 대로 틀을 잡고, 두 사업부를 정상화할 계획을 짜도록 해요.” “알겠습니다.”"
668,687,A36,압박,설마 우리 말고 다른 데도 다 인터넷이 먹통이 된 건 아니겠지? — 대화를 모두 끝낸 윤기훈 사장은 꾸벅 머리를 숙인 뒤 밖으로 나갔다.,5,5,6,3,3,2,2,4,"압박: 기다리는 시간이 길어질수록 사무실 안에 묘한 정적이 깔렸고, 사람들의 얼굴에도 조금씩 불안한 기색이 번져갔다."
669,688,A36,압박,"역시 알고 있던 대로 일이 터졌네 — 같은 시각, 시내에 자리한 대형 PC방.",5,5,6,3,3,2,2,4,압박: “미리 마이크로소프트 풋옵션을 사두고 공매도를 걸어뒀으니 소소하게 용돈 벌이 정도는 되겠네.”
670,689,A36,압박,바로 숏스퀴즈가 터지겠군요 — [인터넷 마비로 혼란에 빠진 IT 강국 대한민국] [웜 바이러스 공격에 허무하게 무너진 소프트웨어 제국 마이크로소프트] [마이크로소프트의 데이터베이스 관리 시스템인 SQL서버 허점을 노린 웜 바이러스 공격에 세계 각지서 인터넷 마비 사태] [뱅크오브아메리카(BOA) 인터넷 마비로 인해 현금지급기 1만3 천대의 작동 중단] [일본과 대만도 인터넷 속도 지연 등 장애 발생] 전 세계를 상대로 동시다발적으로 이루어진 웜 바이러스 공격에 한국이 가장 ,6,6,6,3,3,2,2,4,압박: 이거 잘하면 예상했던 것보다 큰 수익을 올릴 수 있겠는데.” 그는 기대에 찬 눈빛으로 낭떠러지에서 떨어지듯 아래로 쭉 빠지고 있는 마이크로소프트 주가 그래프를 응시했다.
671,690,A36,전환,"천, 천오백 세대라고 하셨습니까? — 실크 넥타이를 한 석원은 정규철 블루홀 건설 사장과 한강이 내려다보이는 집무실 소파에 앉아 이야기를 나누고 있었다.",5,5,6,3,3,2,2,4,전환: ‘그래도 이런 통 큰 기부를 할 수 있는 건 회장님뿐이겠지.’ 정규철 사장은 그렇게 생각하며 새삼 대단한 분이라고 감탄했다.
672,691,A36,전환,"판은 다 깔아놨으니까 이제 기다리면 되겠네 — [마이크로소프트 SQL서버 취약점을 보완하는 무료 보안 패치 파일 이미 제공 중이었다 밝혀] [공공기관을 비롯한 금융, 기업들 이미 방화벽과 바이러스 백신 등 보안 대책을 세워둔 상태라 추가 수요 그리 크지 않아] [상당수 보안업체들 적자 상태 당장 수익 향상 기대 어려워] [대부분의 애널리스트들 미래 전망은 밝지만 당분간 실적은 부정적] ↳돈 번다길래 몰빵했는데 조짐 ㅠㅠ 개같이 물렸네 ↳어제는 상한가로 날아가더니 오늘 바로 꼬라박는 거 실화",5,6,6,3,3,2,2,4,전환: “판은 다 깔아놨으니까 이제 일이 터지기만 기다리면 되겠네.”
673,692,A36,보상,"혹시 ‘마샤’라고 들어보셨어요? — [하이테크, 비메모리 부문과 파운드리 사업부 신설 법인으로 분리해 매각] [블루홀 창투에 하이테크 반도체 비주력 사업부 5천 600억원에 팔렸다] [비메모리 부문 매각 하이테크 반도체 자금압박 해소되나] [박석원 회장 새로 인수한 하이테크 반도체 비메모리 부문과 파운드리 사업부에 올해 각각 1조 원 투자할 것이라고 밝혀] ↳바닥이 아니라 맨틀 뚫고 내려가는 중인데 이거 반등 나오긴 하냐 ㅋㅋ ↳언제 상폐돼도 안 이상한 걸 박 회장이 연명 치료해",5,7,7,3,3,2,2,4,보상: “혹시 ‘마샤’라고 들어보셨어요?”
674,693,A36,여진/다음 훅,그야 확실히 돈이 될 사업이니까요 — 처음 들어보는 이름에 박태홍 회장이 머리를 갸웃거렸다.,5,6,6,3,3,2,2,4,"여진/다음 훅: 그러마.” 이때까지만 해도 두 사람은 석원이 하는 일이니 수익은 나겠지만, 정말 값싼 저가 화장품을 파는 것으로 투자금이 엄청나게 불어나서 돌아오게 될 줄은 전혀 예상하지 못했다."
675,697,A37,도입,"헤지펀드들 눈에는 아주 먹음직스러운 먹이로 보이겠지 — 2003년 2월 21일, 오전 10시.",5,5,6,3,3,2,2,4,도입: “한번 크게 혼쭐이 나면 다시는 한국 기업을 상대로 함부로 장난질을 할 생각을 못 하겠지.”
676,698,A37,약속,"적대적 인수합병을 노리는 이들이 나타나지 않겠어요 — [검찰 ST 그룹 분식회계 수사 확대] [ST 글로벌 1조 원대 분식회계 포착] [신용도 하락으로 ST계열 회사채 매물 증가, 매수기관 실종] [ST 그룹 신용등급 '흔들'.",5,6,6,3,3,2,2,4,약속: 과연 석원의 예상대로 상황이 흘러갈지 지켜보는 최호근 본부장의 눈동자에 흥분과 기대가 교차했다.
677,699,A37,약속,생각지도 못한 먹잇감을 발견했군 — 모나코 몬테카를로(Monte Carlo).,5,5,6,3,3,2,2,4,약속: “이제 슬슬 소버린이 입질을 하며 들어올 때가 됐군.” 주가창을 바라보는 그의 눈빛이 매섭게 번뜩였다.
678,700,A37,전진,뭐야. 왜 안 서는 거지? — [문병권 회장과 문대익 ST(주) 사장을 비롯한 경영진 10명 구속 기소 오늘 오전 검찰은 ST그룹 분식회계 및 부당내부거래 그리고 JP모건과의 주식 이면계약 등 지금까지 드러난 의혹에 대한 그동안의 수사 결과를 발표했다.,5,6,6,3,3,2,2,4,전진: 그 순간 거대한 폭음과 함께 지축을 뒤흔드는 폭발이 일어나며 경찰서 마당 한가운데에서 시뻘건 불기둥이 치솟았다.
679,701,A37,전진,사람이 안 죽었으니까 처벌을 가볍게 해야 한다는 겁니까? — 여의도 국회의사당 본회의장.,5,5,6,3,3,2,2,4,전진: “지금쯤 갤런트 대통령도 뭔가 잘못 돌아가고 있다는 걸 깨닫고 등골이 서늘해졌겠군.” 하지만 깊은 늪에 발을 들여놨다는 걸 깨달아도 이미 빠져나오기엔 너무 늦어 버린 상태였다.
680,702,A37,전진,"양쪽이 싸우면서 주가를 밀어 올리는 걸 팝콘이나 먹으며 느긋하게 구경하고 있으면 되겠네요 — [묻지마 범죄 방지 가중 처벌 특별 법안, 오늘 국회 통과] [박석원 회장 “아무런 원한과 이유도 없이 무작위로 저질러지는 묻지마 범죄는 단순한 범죄가 아니라, 테러 행위”] [검찰, 대구 지하철 방화사건 범인에게 최고형을 구형해 다시는 똑같은 묻지마 범죄 사건이 일어나지 않도록 할 것] [전국 지하철 객차 내장재, 화재에 강한 불연재로 다 바뀔까, 박석원 회장 교체 비용 천억 원 사비로 기부 의사 밝혀] [전문가들 화재 위험에 약한 지하철 내",5,6,6,3,3,2,2,4,"전진: ‘아니, 오히려 트집을 잡기 힘들다는 걸 알게 되면 서로 날 같은 편으로 끌어들이려고 애를 쓰겠지.’ 그럼 양쪽을 저울질하며 최대한 몸값을 끌어올리면 되는 거였다."
681,703,A37,압박,"저기 로얄스타 호가 도착한 것 같습니다 — 2003년 3월 17일, 월요일.",5,5,6,3,3,2,2,4,압박: 막 파이프 연결을 마치고 실려 있던 100만 배럴에 달하는 원유를 육상 저장시설로 하역하기 시작한 유조선을 바라보는 석원의 눈빛은 차가운 바닷바람 속에서도 성취감으로 뜨겁게 타올랐다.
682,704,A37,압박,"스페이스 클럽(Space club) — [모나코 국적 소버린 자산운용 자회사를 통해 ST(주)단일 최대주주 등극!] [오너 리스크에 흔들린 ST그룹이 이대로 외국자본의 손에 넘어가나?] [국내 재벌 그룹에 대한 사상 첫 외국자본의 적대적 M&A시도] [소버린의 ST(주) 지분 취득 공시로 촉발된 경영권 분쟁에 ST그룹주 모두 상한가 직행] [정부, ""크레스트, ST주식 취득 과정 조사""] [국내 기업, 외국자본 공격에 무방비 노출] [공정위 ST그룹 M&A시도 불투명한 경영권 탓] ",6,5,6,3,3,2,2,4,압박: 마침내 한국이 당당히 아홉 번째로 스페이스 클럽(Space club)에 이름을 올린 순간이었다.
683,705,A37,전환,"편하게 돈을 버는 사업만 하시니 때로는 과감한 투자와 모험이 필요하다는 걸 잘 모르실 수도 있겠군요 — [우라노스 발사 완벽한 성공!] [박석원 회장 “우라노스 로켓 발사 성공” 공식 확인] [우라노스 로켓, 위성 분리까지 모든 비행절차 완벽 수행!] [한국 우주 발사체 두 번의 도전 끝에 이루어낸 기적!] [대한민국 아홉 번째로 스페이스 클럽(Space club) 가입 쾌거!] [정부도 시도하지 못했던 우주로 향한 도전을 민간 기업이 이루어냈다] [박석원 회장의 블루 스페이스 세계 최초 민간 우주기업 로켓 발사, 신기원을 열었다] [박석원 회장",5,5,6,3,3,2,2,4,전환: 그리고 이 모든 것이 석원 덕분이라는 생각에 든든하면서 흐뭇한 기분이 차올랐다.
684,706,A37,전환,이왕이면 제일 큰 덩어리를 먹는 게 좋지 않겠어요 — 2003년 3월 27일.,5,5,6,3,3,2,2,4,"전환: 다른 카드사들이 서로 출혈 경쟁을 벌이면서 아귀다툼을 벌이고 있을 때, 뒤로 물러나 힘을 비축해 두었다가 단 한 번의 움직임으로 시장 전체를 거머쥐려는 석원의 깊고 치밀한 노림수에 고영일 행장은 전율마저 느꼈다."
685,707,A37,보상,"그렇다고 무작정 편을 들어줄 생각은 없어요. — 2003년 3월 31일, 마포역 인근 오피스텔.",5,5,6,3,3,2,2,4,보상: 지시하신 대로 진행하겠습니다.” 석원은 소파에 몸을 파묻은 채 어떻게 해야 자신한테 가장 유리하게 상황을 풀어나갈 수 있을지 머릿속으로 차분히 생각을 정리했다.
686,708,A37,여진/다음 훅,"소버린 하나만으로도 골치가 아파 죽겠는데 이것들은 또 뭐야 — 다음날, 서울 구치소.",5,5,8,3,3,2,2,4,여진/다음 훅: “소버린 하나만으로도 골치가 아파 죽겠는데 이것들은 또 뭐야?”
