arc_id,arc_name,start_sequence,end_sequence,start_label,end_label,episode_count,main_characters,main_locations,concrete_premise,central_question,promise,pressure_escalation,mid_turn,concrete_payoff,relationship_change,status_or_ability_change,residual_cost,next_arc_bridge,boundary_signals,confidence
DCA-N01,걸프전 100억 달러와 SAVE 월가 자립,1,10,1화,10화,10,김민재·김태중·김택훈·한정훈·제프리·데이비드·조지·살만,고시원·김태중 생일연회·태우증권·홍콩 법인·사우디 왕실·월가·하버드,1화 L1~L255에서 태우그룹 부도 뒤 20년을 빈곤과 복수 집착 속에 버틴 김민재가 고시원에서 각혈하며 죽는다. 김택훈 앞에서 17세답게 행동하고 김태중 생일연회에서 납품가를 호소하는 협력업체 사장의 10억 원 파텍필립 시계를 폭로한다.,"김태중의 사랑받는 손자로 다시 자리 잡고 회귀와 신상명세서 능력을 감춘 채 첫 위기를 처리한다. 범위 마지막의 퀀텀펀드 장기 동맹, 조지·짐 추천서, 파운드 공격의 마지막 일격 지위와 40억 달러의 독자 운용 여력을 얻는다.까지 실제로 확인할 수 있는가?","17세로 돌아온 재벌 3세가 가족과 그룹을 지키고 배신자들에게 복수할 두 번째 기회를 얻는다. 확인 가능한 지급은 퀀텀펀드 장기 동맹, 조지·짐 추천서, 파운드 공격의 마지막 일격 지위와 40억 달러의 독자 운용 여력을 얻는다.","5화 L930~L1168에서 한정훈의 퇴직 공포, 선물거래의 청산 위험, 김태중의 공격적 세계화 노선을 직접 고치지 못하는 제약이 있다.",청소기에서 실제 왕실 보석이 쏟아져 살만이 사우디 왕실의 영구 지원을 약속하고 태우건설 수주도 두 배가 된다.,"퀀텀펀드 장기 동맹, 조지·짐 추천서, 파운드 공격의 마지막 일격 지위와 40억 달러의 독자 운용 여력을 얻는다.",SAVE는 월가의 신생 회사에서 국가 통화 공격 연합의 정식 동맹이 되고 한정훈·제프리가 각 투자 축을 맡는다.,10화에서 SAVE는 월가의 신생 회사에서 국가 통화 공격 연합의 정식 동맹이 되고 한정훈·제프리가 각 투자 축을 맡는다.,영국 파운드화 붕괴; 대학 입학·조기 졸업; 제프리의 IT 투자. 한정훈이 파운드 TF와 퀀텀 대화 채널을 만들고 김민재는 대학 입학 뒤에도 굵직한 투자·영입만 직접 개입하려 한다.,한정훈이 파운드 TF와 퀀텀 대화 채널을 만들고 김민재는 대학 입학 뒤에도 굵직한 투자·영입만 직접 개입하려 한다. 다음 첫 행동은 11화에서 하버드 경제학과 합격증을 김태중에게 보여 준 뒤 강준기 의원의 신민국당 영입 제안을 상속세·언론 검증·5년 임기 논리로 말리고 YS와 DJ 양쪽 지원을 권한다..,"① 10화 L2018~L2167: 퀀텀펀드 장기 동맹, 조지·짐 추천서, 파운드 공격의 마지막 일격 지위와 40억 달러의 독자 운용 여력을 얻는다. ② 11화 L2168~L2352: 하버드 경제학과 합격증을 김태중에게 보여 준 뒤 강준기 의원의 신민국당 영입 제안을 상속세·언론 검증·5년 임기 논리로 말리고 YS와 DJ 양쪽 지원을 권한다. ③ L2159~L2176; predecessor=START: 1화 회귀·파텍필립 폭로·김태중의 100만 달러 지급에서 진입; next=1화 L1~L255: 김택훈 앞에서 17세답게 행동하고 김태중 생일연회에서 납품가를 호소하는 협력업체 사장의 10억 원 파텍필립 시계를 폭로한다.에서 지급·상대·장소·목표 가운데 둘 이상이 교대한다.",0.96
DCA-N01B,하버드·공직자 펀드와 태우 귀환 준비,11,15,11화,15화,5,김민재·김태중·김택훈·한정훈·제프리·데이비드·조지·살만,고시원·김태중 생일연회·태우증권·홍콩 법인·사우디 왕실·월가·하버드,11화 L2168~L2352에서 1992년 SAVE는 제프리의 40억 달러를 48억 달러로 키울 만큼 안정됐고 김민재는 1년 6개월 만에 귀국한다. 하버드 경제학과 합격증을 김태중에게 보여 준 뒤 강준기 의원의 신민국당 영입 제안을 상속세·언론 검증·5년 임기 논리로 말리고 YS와 DJ 양쪽 지원을 권한다.,"김태중의 대선 출마 유혹을 끊고 태우그룹을 태풍에도 버틸 장학생·지지세력 양성 기관을 만든다. 범위 마지막의 푸틴의 감사 메시지, 하버드 3년 조기졸업, 귀국 뒤 김태중의 식탁 환대를 받는다. 배터리 교수 접촉·계약·지분 취득은 이 화에 없다.까지 실제로 확인할 수 있는가?","하버드 합격이라는 가족 보상을 받고 기업 밖 장기 지지망을 직접 만들 첫 조직 권한을 얻는다. 확인 가능한 지급은 푸틴의 감사 메시지, 하버드 3년 조기졸업, 귀국 뒤 김태중의 식탁 환대를 받는다. 배터리 교수 접촉·계약·지분 취득은 이 화에 없다.",13화 L2513~L2676에서 김태중은 하청업체 착취와 월가가 손자를 미끼로 태우를 노릴 위험을 의심하고 김택훈은 직접 미국까지 가 사실을 검증한다.,김택훈의 조사 결과 김민재가 먼저 퀀텀에 접근해 걸프전·유가 전망으로 인정을 받았다는 서사가 확인되어 김태중이 감시 대신 신뢰를 택한다.,"푸틴의 감사 메시지, 하버드 3년 조기졸업, 귀국 뒤 김태중의 식탁 환대를 받는다. 배터리 교수 접촉·계약·지분 취득은 이 화에 없다.","김민재는 23세 하버드 졸업생이자 태우 입사 예정자가 되고, SAVE는 제프리 창업과 배터리 연구자 지원·지분협상을 맡길 실행 담당자를 둔다.","15화에서 김민재는 23세 하버드 졸업생이자 태우 입사 예정자가 되고, SAVE는 제프리 창업과 배터리 연구자 지원·지분협상을 맡길 실행 담당자를 둔다.",태우 내부 수술; 제프리의 아마존 창업; 배터리 교수 지원·지분협상과 실제 계약. 기획실 대신 창원 부품공장을 택해 5년 갈아 온 칼을 처음 쓰겠다고 결심한다.,기획실 대신 창원 부품공장을 택해 5년 갈아 온 칼을 처음 쓰겠다고 결심한다. 다음 첫 행동은 16화에서 양 대리 안내로 고철장과 총무팀을 돌며 악수해 이 부장 등 전원의 비리 특이사항을 확인하고 관리직 전체에 비싼 회식과 술을 사며 외부 인력에 자료 탈취를 지시한다..,"① 15화 L2852~L3024: 푸틴의 감사 메시지, 하버드 3년 조기졸업, 귀국 뒤 김태중의 식탁 환대를 받는다. 배터리 교수 접촉·계약·지분 취득은 이 화에 없다. ② 16화 L3025~L3210: 양 대리 안내로 고철장과 총무팀을 돌며 악수해 이 부장 등 전원의 비리 특이사항을 확인하고 관리직 전체에 비싼 회식과 술을 사며 외부 인력에 자료 탈취를 지시한다. ③ L2159~L2176; predecessor=10화 L2018~L2167: 퀀텀펀드 장기 동맹, 조지·짐 추천서, 파운드 공격의 마지막 일격 지위와 40억 달러의 독자 운용 여력을 얻는다.; next=11화 L2168~L2352: 하버드 경제학과 합격증을 김태중에게 보여 준 뒤 강준기 의원의 신민국당 영입 제안을 상속세·언론 검증·5년 임기 논리로 말리고 YS와 DJ 양쪽 지원을 권한다.에서 지급·상대·장소·목표 가운데 둘 이상이 교대한다.",0.96
DCA-N02,창원 장부와 명동 4천억 절단,16,31,16화,31화,16,김민재·김태중·김택훈·강인식·윤일섭·서우태·박권흠·이준수·이선일·박진훈·한지혜·주영미,창원 부품공장·감사팀·노조 현장·사장단 회의실·명동·광화문 고택,16화 L3025~L3210에서 1995년 1월 김민재가 태우그룹 차장으로 창원 부품공장에 첫 출근한다. 양 대리 안내로 고철장과 총무팀을 돌며 악수해 이 부장 등 전원의 비리 특이사항을 확인하고 관리직 전체에 비싼 회식과 술을 사며 외부 인력에 자료 탈취를 지시한다.,현장 체험을 가장해 서우태 공장장과 총무팀의 고철·계약 횡령 구조를 확인하고 은밀한 조사팀을 투입한다. 범위 마지막의 명동 간섭 제거·47명 숙청과 감사팀 개혁 성과를 얻지만 기술연구소장으로 밀어낼 사장단 합의가 생긴다.까지 실제로 확인할 수 있는가?,회장 손자 행세로 방심시킨 뒤 신상명세서로 공장 전체의 횡령 고리를 잡아 첫 칼춤을 연다. 확인 가능한 지급은 명동 간섭 제거·47명 숙청과 감사팀 개혁 성과를 얻지만 기술연구소장으로 밀어낼 사장단 합의가 생긴다.,23화 L4372~L4561에서 애플은 적자·1.5달러 주가라 조지가 가치를 의심하고 포드 대량 지분은 미국 정부 감시를 부르며 감사팀장들은 어린 낙하산 본부장을 무시한다.,"월가 보호막과 정치 후원을 이용하면 장기 지분을 살 수 있고, 감사팀 자체가 이준수의 비리를 덮어 온 고양이임이 드러난다.",명동 간섭 제거·47명 숙청과 감사팀 개혁 성과를 얻지만 기술연구소장으로 밀어낼 사장단 합의가 생긴다.,창원 공장의 이준수 성벽이 사라지고 사장단은 김민재를 감사에서 경영·기술로 옮겨 무력화하는 쪽으로 전략을 바꾼다.,31화에서 창원 공장의 이준수 성벽이 사라지고 사장단은 김민재를 감사에서 경영·기술로 옮겨 무력화하는 쪽으로 전략을 바꾼다.,기술·경제연구소 인사; 사장단의 유배 함정; 이선일 정보 거래. 박진훈이 태우전자 기술연구소장 승진안을 김태중 귀국 사장단 회의에 올리기로 한다.,박진훈이 태우전자 기술연구소장 승진안을 김태중 귀국 사장단 회의에 올리기로 한다. 다음 첫 행동은 32화에서 윤일섭 TF의 정식 감사6팀 승격과 부장 승진을 받아낸 뒤 기술연구소 독립권·경제연구소 총괄·20명 자기선발을 조건으로 박진훈의 제안을 수락한다..,① 31화 L5819~L6005: 명동 간섭 제거·47명 숙청과 감사팀 개혁 성과를 얻지만 기술연구소장으로 밀어낼 사장단 합의가 생긴다. ② 32화 L6006~L6176: 윤일섭 TF의 정식 감사6팀 승격과 부장 승진을 받아낸 뒤 기술연구소 독립권·경제연구소 총괄·20명 자기선발을 조건으로 박진훈의 제안을 수락한다. ③ L4002~L4017;L4924~L4939; predecessor=15화 L2852~L3024: 푸틴 감사·하버드 3년 졸업·귀국은 지급됐고 배터리 교수 접촉·계약·지분 취득은 미지급이다.; next=16화 L3025~L3210: 양 대리 안내로 고철장과 총무팀을 돌며 악수해 이 부장 등 전원의 비리 특이사항을 확인하고 관리직 전체에 비싼 회식과 술을 사며 외부 인력에 자료 탈취를 지시한다.에서 지급·상대·장소·목표 가운데 둘 이상이 교대한다.,0.96
DCA-N03,이노폰과 박진훈 축출,32,52,32화,52화,21,김민재·김태중·박진훈·우성일·후쿠다·박준일·조나단·스티브·구디너프·황영철·이선일·강인식,태우 기술·경제연구소·인천·부천 공장·명동·독일 가전박람회·타임스퀘어·강남 공개 시연장,32화 L6006~L6176에서 김태중 귀국 뒤 사장단은 김민재의 감사 성과를 칭찬하며 기술연구소로 보내려 한다. 윤일섭 TF의 정식 감사6팀 승격과 부장 승진을 받아낸 뒤 기술연구소 독립권·경제연구소 총괄·20명 자기선발을 조건으로 박진훈의 제안을 수락한다.,감사팀 개혁을 후계자에게 남기고 두 연구소 통합·독립·20명 채용권을 확보한다. 범위 마지막의 박진훈을 축출하고 이노폰의 월 10만 대 이상 수요와 태우전자 사장 추천을 얻는다까지 실제로 확인할 수 있는가?,유배성 승진을 기술·경제·인사 전권으로 역전해 외환위기 대응과 미래 제품의 연구 거점을 얻는다. 확인 가능한 지급은 박진훈을 축출하고 이노폰의 월 10만 대 이상 수요와 태우전자 사장 추천을 얻는다,"42화 L7754~L7933에서 일본 기업은 파생상품 손실을 줄이려 버티고, 황영철은 세계 최초 MP3 구상을 구현할 자금·생산·유통 기반이 없다.","한정훈이 SAVE 예상 이익을 400억 달러로 보고하고 TDK 인수 가능성을 열며, 황영철이 특허 공동소유 조건으로 1억 투자를 제안한다.",박진훈을 축출하고 이노폰의 월 10만 대 이상 수요와 태우전자 사장 추천을 얻는다,허위보도에 흔들리던 이노폰과 박진훈 체제가 세계 주문이 밀려드는 제품과 김민재 사장 후보 체제로 뒤집힌다,52화에서 허위보도에 흔들리던 이노폰과 박진훈 체제가 세계 주문이 밀려드는 제품과 김민재 사장 후보 체제로 뒤집힌다,태우전자 지분 상속과 소유주로서의 경영권은 요구만 제시된 채 남는다. 김민재가 요구한 것은 사장 직함이 아니라 지분이다. 김태중이 태우전자의 실제 소유권을 넘길 것인가?,김민재가 요구한 것은 사장 직함이 아니라 지분이다. 김태중이 태우전자의 실제 소유권을 넘길 것인가? 다음 첫 행동은 53화에서 김태중에게 태우전자 지분을 상속받아 만장일치로 사장에 취임한 뒤 현재그룹 장 회장의 자금난을 듣고 SAVE 자금으로 차입을 유도할 미끼를 던진다.,① 52화 L9579~L9758: 박진훈을 축출하고 이노폰의 월 10만 대 이상 수요와 태우전자 사장 추천을 얻는다 ② 53화 L9759~L9940: 김태중에게 태우전자 지분을 상속받아 만장일치로 사장에 취임한 뒤 현재그룹 장 회장의 자금난을 듣고 SAVE 자금으로 차입을 유도할 미끼를 던진다 ③ L6852~L6867;L8665~L8680; predecessor=31화 L5819~L6005: 명동 간섭 제거·47명 숙청과 감사팀 개혁 성과를 얻지만 기술연구소장으로 밀어낼 사장단 합의가 생긴다.; next=32화 L6006~L6176: 윤일섭 TF의 정식 감사6팀 승격과 부장 승진을 받아낸 뒤 기술연구소 독립권·경제연구소 총괄·20명 자기선발을 조건으로 박진훈의 제안을 수락한다.에서 지급·상대·장소·목표 가운데 둘 이상이 교대한다.,0.96
DCA-N04,태우전자 소유와 조선·애플 교환,53,71,53화,71화,19,김민재·김태중·우성일·다이먼·스티브·이선일·아크만·살만·오강철·장영준·황영철,태우전자·태우중공업·태우조선·주주총회·사우디 정유 협상장·애플·구글·디지털케이스,53화 L9759~L9940에서 태우전자 사장 추천을 받은 김민재가 직함이 아니라 지분을 요구한 직후 김태중에게 태우전자 지분을 상속받아 만장일치로 사장에 취임한 뒤 현재그룹 장 회장의 자금난을 듣고 SAVE 자금으로 차입을 유도할 미끼를 던진다,태우전자 지분과 사장 권한을 확보하고 다음 구조조정에 쓸 금융 지렛대를 찾는다 범위 마지막의 황영철 팀·MP3 기술을 애플 개발로 살리고 전 계열사를 조정할 사장급 기획본부장 역할을 얻는다까지 실제로 확인할 수 있는가?,김태중의 지분과 사장단 승인을 받아 계열사를 자기 책임으로 고칠 권한을 얻는 보상 확인 가능한 지급은 황영철 팀·MP3 기술을 애플 개발로 살리고 전 계열사를 조정할 사장급 기획본부장 역할을 얻는다,"62화 L11400~L11547에서 조선의 상징성과 고용, 오강철·하청비리와 막대한 부채가 매각 판단을 무겁게 만든다",사우디 직인이 찍힌 문서를 보자 사장단과 김태중이 정유 합작을 믿고 조선 매각을 김민재에게 맡긴다,황영철 팀·MP3 기술을 애플 개발로 살리고 전 계열사를 조정할 사장급 기획본부장 역할을 얻는다,태우전자 한 회사의 소유주·사장이던 김민재가 실패 기술을 보존한 채 그룹 전체의 해외 매출을 책임지는 자리로 옮긴다,71화에서 태우전자 한 회사의 소유주·사장이던 김민재가 실패 기술을 보존한 채 그룹 전체의 해외 매출을 책임지는 자리로 옮긴다,중국 자동차 진출·MCA 음원권·그룹 인터넷 전환이 새 과제로 열린다. 그룹 기획본부장으로서 첫 세계화 표적을 어느 나라와 어떤 제품으로 잡을 것인가?,그룹 기획본부장으로서 첫 세계화 표적을 어느 나라와 어떤 제품으로 잡을 것인가? 다음 첫 행동은 72화에서 사장급 기획본부장이 되어 루마니아산 태우차 중국 판매를 설계하고 쩡훙친을 만난다.,① 71화 L13025~L13225: 황영철 팀·MP3 기술을 애플 개발로 살리고 전 계열사를 조정할 사장급 기획본부장 역할을 얻는다 ② 72화 L13226~L13417: 사장급 기획본부장이 되어 루마니아산 태우차 중국 판매를 설계하고 쩡훙친을 만난다 ③ L11731~L11760; predecessor=52화 L9579~L9758: 박진훈을 축출하고 이노폰의 월 10만 대 이상 수요와 태우전자 사장 추천을 얻는다; next=53화 L9759~L9940: 김태중에게 태우전자 지분을 상속받아 만장일치로 사장에 취임한 뒤 현재그룹 장 회장의 자금난을 듣고 SAVE 자금으로 차입을 유도할 미끼를 던진다에서 지급·상대·장소·목표 가운데 둘 이상이 교대한다.,0.96
DCA-N05,중국 자동차와 인터넷 외화 출구,72,77,72화,77화,6,김민재·김태중·쩡훙친·포드 관계자·하재원·제프리,그룹 기획본부·중국 자동차 협상장·상하이자동차·태우백화점 전자상거래팀·태우증권 HTS팀,72화 L13226~L13417에서 태우전자 일을 우성일에게 넘긴 김민재가 새 사장급 기획본부장으로 그룹 본사 정문에 들어선다 사장급 기획본부장이 되어 루마니아산 태우차 중국 판매를 설계하고 쩡훙친을 만난다,"쩡훙친을 만나 중국 진출 조건을 탐색하고 공개적 위협 없이 신뢰 지렛대를 찾는다 범위 마지막의 전자상거래·음원·HTS 전담팀과 자유출퇴근제, 이를 실제로 밀어붙일 제프리를 확보한다까지 실제로 확인할 수 있는가?","그룹 전체 조정권과 중국 최고위 인맥의 약점을 이용해 실제 판매 허가를 여는 보상 확인 가능한 지급은 전자상거래·음원·HTS 전담팀과 자유출퇴근제, 이를 실제로 밀어붙일 제프리를 확보한다",74화 L13605~L13786에서 루마니아 생산량이 작고 합법 음원 확보에는 대형 유통사가 필요하며 전기차는 아직 투자 시점이 이르다,중국 정부의 관세 우대 아래 생산차가 거의 모두 팔려 포드에 내밀 수요 증거가 생긴다,"전자상거래·음원·HTS 전담팀과 자유출퇴근제, 이를 실제로 밀어붙일 제프리를 확보한다",승인만 있던 인터넷 사업이 이름과 책임자가 있는 실행팀으로 바뀌고 조직의 작업 강도도 되돌릴 수 없이 올라간다,77화에서 승인만 있던 인터넷 사업이 이름과 책임자가 있는 실행팀으로 바뀌고 조직의 작업 강도도 되돌릴 수 없이 올라간다,1997년 외환위기 대응과 일본 단기차입 차단이 새 전선으로 열린다. 제프리의 방식이 직원 이탈 없이 제품을 내고 다가오는 외환위기 전 현금원을 만들 수 있는가?,제프리의 방식이 직원 이탈 없이 제품을 내고 다가오는 외환위기 전 현금원을 만들 수 있는가? 다음 첫 행동은 78화에서 1997년 중국차 10만 대·미국 70퍼센트 성장에도 김태중이 통신사업용 일본 차입을 추진하자 막는다.,"① 77화 L14142~L14342: 전자상거래·음원·HTS 전담팀과 자유출퇴근제, 이를 실제로 밀어붙일 제프리를 확보한다 ② 78화 L14343~L14507: 1997년 중국차 10만 대·미국 70퍼센트 성장에도 김태중이 통신사업용 일본 차입을 추진하자 막는다 ③ L13226~L14342; predecessor=71화 L13025~L13225: 황영철 팀·MP3 기술을 애플 개발로 살리고 전 계열사를 조정할 사장급 기획본부장 역할을 얻는다; next=72화 L13226~L13417: 사장급 기획본부장이 되어 루마니아산 태우차 중국 판매를 설계하고 쩡훙친을 만난다에서 지급·상대·장소·목표 가운데 둘 이상이 교대한다.",0.96
DCA-N06,외환위기 무부채와 사우디 정유,78,86,78화,86화,9,김민재·김태중·한정훈·조지·이선일·살만·압둘라·스티브,태우그룹 본사·명동·태국 통화시장·전경련·사우디 왕실·워싱턴 IMF·CES,78화 L14343~L14507에서 1997년 새해 기획본부장실에서 김민재는 중국 10만 대와 미국 70% 성장이라는 자동차 실적을 보고받는다 1997년 중국차 10만 대·미국 70퍼센트 성장에도 김태중이 통신사업용 일본 차입을 추진하자 막는다,일본 단기차입을 막고 조지와 태국 부동산·금융 거품 공격의 규모를 정한다 범위 마지막의 IMF 우호관계와 애플의 소비자·주가 보상을 얻어 국내 위기 매물을 살 명분과 자산가치를 키운다까지 실제로 확인할 수 있는가?,좋은 실적에 취해 외화부채를 늘리지 않고 태국에서 시작될 위기를 오히려 투자 기회로 잡는 보상 확인 가능한 지급은 IMF 우호관계와 애플의 소비자·주가 보상을 얻어 국내 위기 매물을 살 명분과 자산가치를 키운다,82화 L15041~L15242에서 기존 음반사는 온라인 전환을 두려워하고 전경련 회원들은 위기 책임을 떠넘길 대표를 원한다,김태중이 아무 말도 하지 않았는데도 다른 총수들이 차기 전경련 회장으로 일제히 추대한다,IMF 우호관계와 애플의 소비자·주가 보상을 얻어 국내 위기 매물을 살 명분과 자산가치를 키운다,국내 생존 준비가 IMF의 우호와 애플 제품 흥행으로 검증되어 이제 방어가 아니라 헐값 인수로 넘어갈 수 있다,86화에서 국내 생존 준비가 IMF의 우호와 애플 제품 흥행으로 검증되어 이제 방어가 아니라 헐값 인수로 넘어갈 수 있다,카이자동차 인수와 국내 음원·통신 시너지는 새 과제로 열린다. 귀국한 다이먼이 재계 4위 카이자동차를 어느 가격과 조건으로 가져올 것인가?,귀국한 다이먼이 재계 4위 카이자동차를 어느 가격과 조건으로 가져올 것인가? 다음 첫 행동은 87화에서 다이먼을 한국으로 불러 카이자동차 인수를 시작하고 베리뮤직 실시간 순위 시스템을 지시한다.,"① 86화 L15802~L15983: IMF 우호관계와 애플의 소비자·주가 보상을 얻어 국내 위기 매물을 살 명분과 자산가치를 키운다 ② 87화 L15984~L16165: 다이먼을 한국으로 불러 카이자동차 인수를 시작하고 베리뮤직 실시간 순위 시스템을 지시한다 ③ L14343~L15983; predecessor=77화 L14142~L14342: 전자상거래·음원·HTS 전담팀과 자유출퇴근제, 이를 실제로 밀어붙일 제프리를 확보한다; next=78화 L14343~L14507: 1997년 중국차 10만 대·미국 70퍼센트 성장에도 김태중이 통신사업용 일본 차입을 추진하자 막는다에서 지급·상대·장소·목표 가운데 둘 이상이 교대한다.",0.96
DCA-N07,카이자동차 51%와 카를로스 곤 독립경영,87,90,87화,90화,4,김민재·김태중·다이먼·카를로스 곤·고연진·고승택·박만덕·장수영,카이자동차 채권단·CL그룹 협상장·태우증권·태우건설·지하철 9호선·거가대교,87화 L15984~L16165에서 미국 출장에서 돌아온 김민재를 김태중이 저택에서 맞아 얼굴이 반쪽이라며 미국산 소고기까지 걱정한다 다이먼을 한국으로 불러 카이자동차 인수를 시작하고 베리뮤직 실시간 순위 시스템을 지시한다,다이먼에게 카이자동차 인수를 맡기고 베리뮤직의 이용 데이터를 순위로 바꾼다 범위 마지막의 카이차 회생 책임자와 CL 승계판을 흔들 수 있는 장녀의 불만·접근권을 확보한다까지 실제로 확인할 수 있는가?,카이자동차 인수판과 베리뮤직 실시간 순위를 동시에 열어 자동차·콘텐츠·통신 확장의 출발점을 만드는 보상 확인 가능한 지급은 카이차 회생 책임자와 CL 승계판을 흔들 수 있는 장녀의 불만·접근권을 확보한다,88화 L16166~L16347에서 현재자동차는 출자전환을 내세우고 채권단은 더 높은 가격을 받으려 줄다리기를 이어간다,김태중이 달러 현금 지급을 못 박자 다른 후보가 같은 조건을 내기 어렵다는 사실이 분명해진다,카이차 회생 책임자와 CL 승계판을 흔들 수 있는 장녀의 불만·접근권을 확보한다,카이 인수의 인재 공백이 카를로스 영입으로 닫히자 개인 맞선이 CL 배터리·통신을 겨냥한 승계전으로 바뀐다,90화에서 카이 인수의 인재 공백이 카를로스 영입으로 닫히자 개인 맞선이 CL 배터리·통신을 겨냥한 승계전으로 바뀐다,고연진과의 승계 동맹·베리뮤직 팬덤·CL 빅딜은 열려 있다. 고연진에게 장녀 승계를 독려하면 CL이 먼저 자산 교환을 고민하게 만들 수 있는가?,고연진에게 장녀 승계를 독려하면 CL이 먼저 자산 교환을 고민하게 만들 수 있는가? 다음 첫 행동은 91화에서 고연진에게 장녀 승계를 부추기고 아이돌 팬덤을 겨냥한 방송 3사 베리뮤직 후원을 지시한다.,① 90화 L16548~L16721: 카이차 회생 책임자와 CL 승계판을 흔들 수 있는 장녀의 불만·접근권을 확보한다 ② 91화 L16722~L16900: 고연진에게 장녀 승계를 부추기고 아이돌 팬덤을 겨냥한 방송 3사 베리뮤직 후원을 지시한다 ③ L16713~L16730; predecessor=86화 L15802~L15983: IMF 우호관계와 애플의 소비자·주가 보상을 얻어 국내 위기 매물을 살 명분과 자산가치를 키운다; next=87화 L15984~L16165: 다이먼을 한국으로 불러 카이자동차 인수를 시작하고 베리뮤직 실시간 순위 시스템을 지시한다에서 지급·상대·장소·목표 가운데 둘 이상이 교대한다.,0.96
DCA-N07B,CL 카드·백화점과 통신·배터리 빅딜,91,95,91화,95화,5,김민재·김태중·다이먼·카를로스 곤·고연진·고승택·박만덕·장수영,카이자동차 채권단·CL그룹 협상장·태우증권·태우건설·지하철 9호선·거가대교,91화 L16722~L16900에서 CL의 장자 승계 원칙과 장남 사망을 떠올린 김민재는 맞선 자리의 고연진에게 회사 경영 욕심이 없는지 묻는다 고연진에게 장녀 승계를 부추기고 아이돌 팬덤을 겨냥한 방송 3사 베리뮤직 후원을 지시한다,"고연진에게 승계 도전을 부추기고 베리뮤직이 방송 순위의 표준이 되게 한다 범위 마지막의 스타벅스 한국법인 50대50 독점권과 전자 20% 성장, 건설 재건의 명확한 문제표를 얻는다까지 실제로 확인할 수 있는가?","장녀의 경영 의지와 방송 3사 팬덤을 묶어 배터리·통신 빅딜의 내부·시장 명분을 만드는 보상 확인 가능한 지급은 스타벅스 한국법인 50대50 독점권과 전자 20% 성장, 건설 재건의 명확한 문제표를 얻는다",93화 L17077~L17271에서 김태중은 카드에 애착이 있고 고승택은 태우가 배터리를 원한다는 사실을 알면 가격을 올릴 수 있다,김태중이 직접 넥타이를 매만지며 고승택과 맞설 손자를 지지해 조손 내부 반대가 협상 지원으로 바뀐다,"스타벅스 한국법인 50대50 독점권과 전자 20% 성장, 건설 재건의 명확한 문제표를 얻는다",CL 거래 이후 소비사업 보상이 계약으로 닫히는 동시에 연말 회의가 태우건설을 다음 구조조정 표적으로 세운다,95화에서 CL 거래 이후 소비사업 보상이 계약으로 닫히는 동시에 연말 회의가 태우건설을 다음 구조조정 표적으로 세운다,장수영이 수주 공백을 어떻게 설명하고 태우건설을 살릴 외부 사업을 어디서 구할지는 미결이다. 태우전자 보고가 끝나고 태우건설 차례가 오자 외환위기로 건설경기가 얼어붙은 현실이 회의실을 누른다,태우전자 보고가 끝나고 태우건설 차례가 오자 외환위기로 건설경기가 얼어붙은 현실이 회의실을 누른다 다음 첫 행동은 96화에서 장수영이 외부 자금 없이는 수주가 불가능하다고 하자 SAVE·퀀텀 7퍼센트의 비밀 민자 컨소시엄을 설계한다.,"① 95화 L17446~L17615: 스타벅스 한국법인 50대50 독점권과 전자 20% 성장, 건설 재건의 명확한 문제표를 얻는다 ② 96화 L17616~L17784: 장수영이 외부 자금 없이는 수주가 불가능하다고 하자 SAVE·퀀텀 7퍼센트의 비밀 민자 컨소시엄을 설계한다 ③ L16713~L16730;L17607~L17624; predecessor=90화 L16548~L16721: 카이차 회생 책임자와 CL 승계판을 흔들 수 있는 장녀의 불만·접근권을 확보한다; next=91화 L16722~L16900: 고연진에게 장녀 승계를 부추기고 아이돌 팬덤을 겨냥한 방송 3사 베리뮤직 후원을 지시한다에서 지급·상대·장소·목표 가운데 둘 이상이 교대한다.",0.96
DCA-N07C,9호선·거가대교 40년 민자 운영권,96,97,96화,97화,2,김민재·김태중·다이먼·카를로스 곤·고연진·고승택·박만덕·장수영,카이자동차 채권단·CL그룹 협상장·태우증권·태우건설·지하철 9호선·거가대교,96화 L17616~L17784에서 상반기 사장단 회의에서 장수영은 다른 계열사에 밀린 태우건설과 외환위기 수주 공백을 힘없는 목소리로 보고한다 장수영이 외부 자금 없이는 수주가 불가능하다고 하자 SAVE·퀀텀 7퍼센트의 비밀 민자 컨소시엄을 설계한다,SAVE를 드러내지 않는 민자 컨소시엄 구조와 조지의 참여조건을 설계한다 범위 마지막의 지하철 9호선·거가대교 운영권과 태우건설의 대형 시공물량·도급 1위 반전 기반을 얻는다까지 실제로 확인할 수 있는가?,퀀텀 이름과 7% 투자만으로 정부 사업의 운영권을 사고 태우건설을 시공사로 되살리는 보상 확인 가능한 지급은 지하철 9호선·거가대교 운영권과 태우건설의 대형 시공물량·도급 1위 반전 기반을 얻는다,96화 L17616~L17784에서 정부 협상에서 무명 법인은 약하고 SAVE가 드러나면 국내 정치·세금 문제가 생길 수 있다,월가에서 가장 유명한 퀀텀펀드 이름을 컨소시엄 전면에 세우면 총알받이와 신뢰를 동시에 얻는다는 해법이 나온다,지하철 9호선·거가대교 운영권과 태우건설의 대형 시공물량·도급 1위 반전 기반을 얻는다,위장 컨소시엄 설계가 실제 국가 인프라 운영권과 태우건설 수주로 지급되어 부진 계열사의 순위가 뒤집힐 길이 열린다,97화에서 위장 컨소시엄 설계가 실제 국가 인프라 운영권과 태우건설 수주로 지급되어 부진 계열사의 순위가 뒤집힐 길이 열린다,다섯 추가 사업·사장단 공개·통신 3사 통합은 다음 단계다. 사장단 앞에 이 수주를 공개하면 장수영과 태우건설의 위상이 어떻게 바뀔 것인가?,사장단 앞에 이 수주를 공개하면 장수영과 태우건설의 위상이 어떻게 바뀔 것인가? 다음 첫 행동은 98화에서 사장단에 태우건설 수주를 공개하고 다이먼이 CL·신세계·태우 통신 3사를 한 달 만에 합병한다.,"① 97화 L17785~L17953: 지하철 9호선·거가대교 운영권과 태우건설의 대형 시공물량·도급 1위 반전 기반을 얻는다 ② 98화 L17954~L18127: 사장단에 태우건설 수주를 공개하고 다이먼이 CL·신세계·태우 통신 3사를 한 달 만에 합병한다 ③ L17607~L17624; predecessor=95화 L17446~L17615: 스타벅스 한국법인 50대50 독점권과 전자 20% 성장, 건설 재건의 명확한 문제표를 얻는다; next=96화 L17616~L17784: 장수영이 외부 자금 없이는 수주가 불가능하다고 하자 SAVE·퀀텀 7퍼센트의 비밀 민자 컨소시엄을 설계한다에서 지급·상대·장소·목표 가운데 둘 이상이 교대한다.",0.96
DCA-N08,태우통신 HTS·게임 플랫폼,98,101,98화,101화,4,김민재·김태중·다이먼·이주영·우성일·임진태·이선일·이영한,태우통신·태우전자 IT부서·MC소프트·게임 플랫폼 사무실·이선일 장례식,98화 L17954~L18127에서 김민재 요청으로 열린 사장단 회의에서 그는 퀀텀 컨소시엄의 지하철 9호선·거가대교 계약부터 공개한다 사장단에 태우건설 수주를 공개하고 다이먼이 CL·신세계·태우 통신 3사를 한 달 만에 합병한다,"사장단에 건설 성과를 결산하고 다이먼에게 세 통신사의 한 달 통합을 완료시킨다 범위 마지막의 린지 흥행과 플랫폼의 기하급수적 가입, 일일 수천만 원 수수료가 선행 투자 논리를 실제 매출로 입증한다까지 실제로 확인할 수 있는가?","건설 도급 반전과 27%짜리 통합 통신사를 함께 지급해 빅딜이 실제 운영조직으로 굳는 보상 확인 가능한 지급은 린지 흥행과 플랫폼의 기하급수적 가입, 일일 수천만 원 수수료가 선행 투자 논리를 실제 매출로 입증한다",99화 L18128~L18314에서 국내 통신 상위사와 격차가 남고 임원들은 게임을 전자·IT 사업으로 보지 않는다,게임 제작을 직접 하자는 질문에 김민재가 여러 회사의 게임을 한 클라이언트에서 파는 플랫폼을 만들겠다고 밝힌다,"린지 흥행과 플랫폼의 기하급수적 가입, 일일 수천만 원 수수료가 선행 투자 논리를 실제 매출로 입증한다","막 출시한 사이트는 개발사 지원과 통신 결합을 갖춘 확장 사업이 되고, 민재의 관심은 갑작스러운 이선일 사후 후계 문제까지 넓어진다","101화에서 막 출시한 사이트는 개발사 지원과 통신 결합을 갖춘 확장 사업이 되고, 민재의 관심은 갑작스러운 이선일 사후 후계 문제까지 넓어진다","이선일이 왜 갑자기 죽었는지, 이영한의 차가운 태도가 무엇을 숨기는지, 불법 복제 공세가 효과를 낼지는 풀리지 않는다. 이영한과 악수한 민재의 손에는 사람 체온이 아니라 냉혈동물을 만진 듯한 차가움만 남는다","이영한과 악수한 민재의 손에는 사람 체온이 아니라 냉혈동물을 만진 듯한 차가움만 남는다 다음 첫 행동은 102화에서 박 팀장에게 증거 전에는 명동 싸움에 개입하지 않겠다고 선을 긋고, 장영주에게 현재그룹 후계 다툼 불개입을 약속한 뒤 강 대위에게 명동 세력과 일본계 자금 흐름을 조용히 추적시킨다.","① 101화 L18492~L18661: 린지 흥행과 플랫폼의 기하급수적 가입, 일일 수천만 원 수수료가 선행 투자 논리를 실제 매출로 입증한다 ② 102화 L18662~L18838: 박 팀장에게 증거 전에는 명동 싸움에 개입하지 않겠다고 선을 긋고, 장영주에게 현재그룹 후계 다툼 불개입을 약속한 뒤 강 대위에게 명동 세력과 일본계 자금 흐름을 조용히 추적시킨다 ③ L17954~L18661; predecessor=97화 L17785~L17953: 지하철 9호선·거가대교 운영권과 태우건설의 대형 시공물량·도급 1위 반전 기반을 얻는다; next=98화 L17954~L18127: 사장단에 태우건설 수주를 공개하고 다이먼이 CL·신세계·태우 통신 3사를 한 달 만에 합병한다에서 지급·상대·장소·목표 가운데 둘 이상이 교대한다.",0.96
DCA-N09,이선일 죽음과 이영한 명동 후계,102,111,102화,111화,10,김민재·이영한·박동하·이준수·박광도·강인식·부산경찰청장·명동 원로 3인,명동·부산 오성파·일본계 대부업체·부회장실·거리 후계 승인 현장,"102화 L18662~L18838에서 이선일 장례식에서 손자 이영한에게 불길함을 느낀 직후, 박동하 팀장이 건강했던 회장의 심장마비를 의심한다 박 팀장에게 증거 전에는 명동 싸움에 개입하지 않겠다고 선을 긋고, 장영주에게 현재그룹 후계 다툼 불개입을 약속한 뒤 강 대위에게 명동 세력과 일본계 자금 흐름을 조용히 추적시킨다","살인 의혹과 명동 계승을 분리해 판단하면서 일본 자금이 빈자리를 차지하지 못하게 감시한다 범위 마지막의 오성파 두목이 체포되고 이영한은 명동 70%를 접수하며, 태우 게임단은 숙소·장비·선수 계약과 케이블 공식대회 중계까지 준비를 마친다까지 실제로 확인할 수 있는가?","두 후계 후보 중 누구도 성급히 밀지 않고 이선일과의 약속을 지킬 사람을 증거로 가려내는 신중한 승계전 확인 가능한 지급은 오성파 두목이 체포되고 이영한은 명동 70%를 접수하며, 태우 게임단은 숙소·장비·선수 계약과 케이블 공식대회 중계까지 준비를 마친다","106화 L19369~L19527에서 일본 대부업은 양지 진출까지 노리고, 우성일은 인터넷 TV 수요와 과투자를 의심하며, 영화 배급·불법 다운로드·미성숙 블루투스 기술도 발목을 잡는다",다이먼은 명동 싸움을 김두한처럼 일본 자금을 몰아내는 한일전으로 받아들여 돈뿐 아니라 선전전까지 자청한다,"오성파 두목이 체포되고 이영한은 명동 70%를 접수하며, 태우 게임단은 숙소·장비·선수 계약과 케이블 공식대회 중계까지 준비를 마친다","음지 증거에 머물던 암살 사건은 경찰 수사와 대중 여론의 압박이 되고, 태우통신의 게임 후원은 선수단·방송·협회 주도권을 갖춘 산업 기반으로 발전한다","111화에서 음지 증거에 머물던 암살 사건은 경찰 수사와 대중 여론의 압박이 되고, 태우통신의 게임 후원은 선수단·방송·협회 주도권을 갖춘 산업 기반으로 발전한다","박동하의 고립이 최종 퇴장으로 이어질지, 인터넷 TV가 OTT 이용을 되살릴지는 남아 있다. OTT는 아직 컴퓨터 화면과 불법 다운로드에 막혀 있고, 민재는 상반기 인터넷 TV가 그 병목을 깨기만 기다린다","OTT는 아직 컴퓨터 화면과 불법 다운로드에 막혀 있고, 민재는 상반기 인터넷 TV가 그 병목을 깨기만 기다린다 다음 첫 행동은 112화에서 김태중의 IT 계열분리 제안을 주주와 폭락 방어 논리로 막고, 이준수 구속 뉴스를 확인한 뒤 왕자의 난 시점에 맞춰 현재 반도체를 빼앗고 배터리 투자를 키우겠다고 밝힌다.","① 111화 L20251~L20420: 오성파 두목이 체포되고 이영한은 명동 70%를 접수하며, 태우 게임단은 숙소·장비·선수 계약과 케이블 공식대회 중계까지 준비를 마친다 ② 112화 L20421~L20584: 김태중의 IT 계열분리 제안을 주주와 폭락 방어 논리로 막고, 이준수 구속 뉴스를 확인한 뒤 왕자의 난 시점에 맞춰 현재 반도체를 빼앗고 배터리 투자를 키우겠다고 밝힌다 ③ L18662~L20420; predecessor=101화 L18492~L18661: 린지 흥행과 플랫폼의 기하급수적 가입, 일일 수천만 원 수수료가 선행 투자 논리를 실제 매출로 입증한다; next=102화 L18662~L18838: 박 팀장에게 증거 전에는 명동 싸움에 개입하지 않겠다고 선을 긋고, 장영주에게 현재그룹 후계 다툼 불개입을 약속한 뒤 강 대위에게 명동 세력과 일본계 자금 흐름을 조용히 추적시킨다에서 지급·상대·장소·목표 가운데 둘 이상이 교대한다.",0.96
DCA-N10,통신 카르텔과 강민 교육 역전,112,116,112화,116화,5,김민재·김태중·다이먼·강민·트럼프·태우통신 경영진,태우통신·모델하우스·인터넷TV 보급 현장·학부모 시위·인터넷 강의 조직,"112화 L20421~L20584에서 1999년 3월 태우통신은 게임단 효과로 KS를 약 5% 앞서고, 자동차·IT·금융 계열사는 외환위기 뒤 빠르게 성장한다 김태중의 IT 계열분리 제안을 주주와 폭락 방어 논리로 막고, 이준수 구속 뉴스를 확인한 뒤 왕자의 난 시점에 맞춰 현재 반도체를 빼앗고 배터리 투자를 키우겠다고 밝힌다","과열된 IT부서를 성급히 떼지 않고 제조업의 긴 투자기간을 버틸 현금원으로 묶은 채 현재그룹 반도체를 노린다 범위 마지막의 일본 대부업체를 상대로 한 300억 달러 계약이 전량 체결되고, 태우통신은 2위와 10% 넘는 격차를 유지하며 인터넷 강의 일부 유료화까지 확정한다까지 실제로 확인할 수 있는가?","회귀 직후의 태우그룹 생존 약속을 명시적으로 결산하고 반도체·배터리라는 두 번째 장기 목표로 넘어가는 전환점 확인 가능한 지급은 일본 대부업체를 상대로 한 300억 달러 계약이 전량 체결되고, 태우통신은 2위와 10% 넘는 격차를 유지하며 인터넷 강의 일부 유료화까지 확정한다","114화 L20770~L20949에서 셋톱박스 원가 때문에 저가 판매는 적자가 나고, CL 단일 LCD 조달과 삼진·CL 특허 충돌 가능성, 장기 약정 비용이 부담이다",TV 하드웨어 손실을 태우통신의 3년 고객 고정과 OTT·음원 수익으로 회수하면 전자·통신·IT 세 곳이 동시에 이기는 구조가 된다,"일본 대부업체를 상대로 한 300억 달러 계약이 전량 체결되고, 태우통신은 2위와 10% 넘는 격차를 유지하며 인터넷 강의 일부 유료화까지 확정한다","학생용 강의는 취업·개발자 양성 통로로 확장되고, 일본 자금 공격은 설계에서 300억 달러 계약 완료로, IT 보유 전략은 축적에서 선별 매도로 전환된다","116화에서 학생용 강의는 취업·개발자 양성 통로로 확장되고, 일본 자금 공격은 설계에서 300억 달러 계약 완료로, IT 보유 전략은 축적에서 선별 매도로 전환된다","닷컴 거품이 실제로 터져 계약금이 회수될지, 2000년의 재계 1위 교대가 어떤 사건으로 확정될지가 남는다. 새해가 오면 현재그룹과 태우그룹의 재계 순위가 뒤바뀔 만큼 격차가 좁혀졌다는 전망으로 1999년 회의가 끝난다","새해가 오면 현재그룹과 태우그룹의 재계 순위가 뒤바뀔 만큼 격차가 좁혀졌다는 전망으로 1999년 회의가 끝난다 다음 첫 행동은 117화에서 김태중에게 AI·로봇·배터리 투자의 10년 로드맵을 설득하고 올해 안 진지한 만남을 약속한 뒤, 박만덕에게 상반기 펀드를 채권 위주로 운용하라며 책임을 자신이 진다고 지시한다.","① 116화 L21123~L21297: 일본 대부업체를 상대로 한 300억 달러 계약이 전량 체결되고, 태우통신은 2위와 10% 넘는 격차를 유지하며 인터넷 강의 일부 유료화까지 확정한다 ② 117화 L21298~L21474: 김태중에게 AI·로봇·배터리 투자의 10년 로드맵을 설득하고 올해 안 진지한 만남을 약속한 뒤, 박만덕에게 상반기 펀드를 채권 위주로 운용하라며 책임을 자신이 진다고 지시한다 ③ L20421~L21297; predecessor=111화 L20251~L20420: 오성파 두목이 체포되고 이영한은 명동 70%를 접수하며, 태우 게임단은 숙소·장비·선수 계약과 케이블 공식대회 중계까지 준비를 마친다; next=112화 L20421~L20584: 김태중의 IT 계열분리 제안을 주주와 폭락 방어 논리로 막고, 이준수 구속 뉴스를 확인한 뒤 왕자의 난 시점에 맞춰 현재 반도체를 빼앗고 배터리 투자를 키우겠다고 밝힌다에서 지급·상대·장소·목표 가운데 둘 이상이 교대한다.",0.96
DCA-N11,35대3 부회장·푸틴·장수영 축출,117,124,117화,124화,8,김민재·김태중·장경준·장영준·다이먼·푸틴·장수영·사장단,김태중 저택·현 그룹 협상장·사장단 투표장·러시아 취임식·푸틴 다차·태우건설,"117화 L21298~L21474에서 1999년 마지막 밤 태우는 가만히 있어도 재계 1위를 넘보지만, 민재는 수성하려면 10년 이상 적자를 견딜 미래산업과 거품 방어가 필요하다고 본다 김태중에게 AI·로봇·배터리 투자의 10년 로드맵을 설득하고 올해 안 진지한 만남을 약속한 뒤, 박만덕에게 상반기 펀드를 채권 위주로 운용하라며 책임을 자신이 진다고 지시한다","AI·로봇 장기투자 승인을 얻고 태우증권 고객 돈을 닷컴 고점에서 안전하게 지킨다 범위 마지막의 러시아 천연자원 개발과 현지 자동차·전자 공장 혜택이 김태중에게 전달되고, 월가를 섞어 위험을 분산하는 사업안도 승인을 얻는다까지 실제로 확인할 수 있는가?","새천년 조손 대화로 세계 1위 로드맵과 가족 약속을 세우고, 곧바로 현재그룹 왕자의 난을 현실로 여는 전환 확인 가능한 지급은 러시아 천연자원 개발과 현지 자동차·전자 공장 혜택이 김태중에게 전달되고, 월가를 섞어 위험을 분산하는 사업안도 승인을 얻는다","120화 L21826~L22000에서 월가는 예전 매도가를 요구하며 협박하고, 야쿠자계 대부업체는 계약금 전액 회수가 어려워 SAVE가 채권을 계속 들면 할복식 부도 위험을 떠안는다",파생상품 계약서를 본 월가 인사들의 탐욕이 살아나면서 공격 대상이 SAVE에서 일본 대부업체로 순식간에 바뀐다,"러시아 천연자원 개발과 현지 자동차·전자 공장 혜택이 김태중에게 전달되고, 월가를 섞어 위험을 분산하는 사업안도 승인을 얻는다","장수영은 회장의 보호를 받던 핵심 충신에서 사표 제출을 예고한 이탈자로 밀려나고, 민재는 러시아 성과와 함께 그로 인한 조손 갈등을 떠안는다","124화에서 장수영은 회장의 보호를 받던 핵심 충신에서 사표 제출을 예고한 이탈자로 밀려나고, 민재는 러시아 성과와 함께 그로 인한 조손 갈등을 떠안는다","마음이 상한 장수영이 실제 사표 뒤 어떤 행동을 할지, 민재와 김태중 사이의 관계 비용이 얼마나 번질지는 남는다. 김태중이 방으로 들어간 뒤 민재는 미안함을 느끼면서도 새로운 태우그룹을 만들려면 물갈이가 필요하다고 결론낸다","김태중이 방으로 들어간 뒤 민재는 미안함을 느끼면서도 새로운 태우그룹을 만들려면 물갈이가 필요하다고 결론낸다 다음 첫 행동은 125화에서 이주영에게 추가 출혈 없이 15% 격차를 유지시키고, 박만덕에게 계열사 자사주 매입과 애플 장기 보유를 제안한 뒤 장경준에게 현재건설의 10월 어음과 1조 원대 이라크 미수금·총 2조 원대 손실을 짚어준다.","① 124화 L22596~L22793: 러시아 천연자원 개발과 현지 자동차·전자 공장 혜택이 김태중에게 전달되고, 월가를 섞어 위험을 분산하는 사업안도 승인을 얻는다 ② 125화 L22794~L22969: 이주영에게 추가 출혈 없이 15% 격차를 유지시키고, 박만덕에게 계열사 자사주 매입과 애플 장기 보유를 제안한 뒤 장경준에게 현재건설의 10월 어음과 1조 원대 이라크 미수금·총 2조 원대 손실을 짚어준다 ③ L22395~L22416; predecessor=116화 L21123~L21297: 일본 대부업체를 상대로 한 300억 달러 계약이 전량 체결되고, 태우통신은 2위와 10% 넘는 격차를 유지하며 인터넷 강의 일부 유료화까지 확정한다; next=117화 L21298~L21474: 김태중에게 AI·로봇·배터리 투자의 10년 로드맵을 설득하고 올해 안 진지한 만남을 약속한 뒤, 박만덕에게 상반기 펀드를 채권 위주로 운용하라며 책임을 자신이 진다고 지시한다에서 지급·상대·장소·목표 가운데 둘 이상이 교대한다.",0.96
DCA-N12,현재건설 부도에서 태우반도체 인수·아이폰 수요,125,134,125화,134화,10,김민재·김태중·장경준·장영준·다이먼·유석재·웨이·부시·스티브·쩡훙친·마화명,현 건설 채권단·현 그룹 회장실·태우반도체·미국 공장 협상장·CES·중국 텐센트 협상장,"125화 L22794~L22969에서 부회장 취임 뒤 한 달간 인사명부를 재편하는 사이 닷컴 폭락이 계열사 주가를 누르지만 통신·게임·태우증권은 선점 효과를 거둔다 이주영에게 추가 출혈 없이 15% 격차를 유지시키고, 박만덕에게 계열사 자사주 매입과 애플 장기 보유를 제안한 뒤 장경준에게 현재건설의 10월 어음과 1조 원대 이라크 미수금·총 2조 원대 손실을 짚어준다",통신 우위를 지키고 저가 자사주·애플 지분으로 그룹 가치를 방어하면서 현재건설 인수 시점을 확정한다 범위 마지막의 애플 주가와 태우 반도체 수요 회복의 근거를 얻는다까지 실제로 확인할 수 있는가?,다이블로2·인터넷 TV·교육의 점유율 보상과 채권 펀드의 역주행을 확인한 뒤 현재건설 부도 시계를 구체화하는 폭풍전야 확인 가능한 지급은 애플 주가와 태우 반도체 수요 회복의 근거를 얻는다,129화 L23478~L23644에서 아이폰 일정은 급하지만 조급함을 보이면 부채 조건이 불리해진다,반도체 협상과 그룹 지분 방어가 하나의 자금 배치로 묶인다,애플 주가와 태우 반도체 수요 회복의 근거를 얻는다,아이폰이 실험 제품에서 세계 수요를 가진 상품으로 바뀐다,134화에서 아이폰이 실험 제품에서 세계 수요를 가진 상품으로 바뀐다,정치 방패와 국내 견제. 미국 취임식 이후 정치 관계와 국내 공격 조짐을 살펴야 한다,미국 취임식 이후 정치 관계와 국내 공격 조짐을 살펴야 한다 다음 첫 행동은 135화에서 부시 취임식 참석 뒤 윤현길 측의 수사 모의를 파악하고 중국의 쩡홍친을 만나러 간다.,"① 134화 L24409~L24613: 애플 주가와 태우 반도체 수요 회복의 근거를 얻는다 ② 135화 L24614~L24799: 부시 취임식 참석 뒤 윤현길 측의 수사 모의를 파악하고 중국의 쩡홍친을 만나러 간다 ③ L24605~L24622; predecessor=124화 L22596~L22793: 러시아 천연자원 개발과 현지 자동차·전자 공장 혜택이 김태중에게 전달되고, 월가를 섞어 위험을 분산하는 사업안도 승인을 얻는다; next=125화 L22794~L22969: 이주영에게 추가 출혈 없이 15% 격차를 유지시키고, 박만덕에게 계열사 자사주 매입과 애플 장기 보유를 제안한 뒤 장경준에게 현재건설의 10월 어음과 1조 원대 이라크 미수금·총 2조 원대 손실을 짚어준다에서 지급·상대·장소·목표 가운데 둘 이상이 교대한다.",0.96
DCA-N13,윤현길 미끼와 김태중 무혐의 보호,135,142,135화,142화,8,"김민재·김태중·장경준·장영준·다이먼·유석재·웨이·부시·스티브·쩡훙친·마화명, 김민재·김태중·윤현길·장수영·장경준·김병태·강인식","현 건설 채권단·현 그룹 회장실·태우반도체·미국 공장 협상장·CES·중국 텐센트 협상장, 여의도 의원실·검찰·태우 회장실·장영주 장례식·베트남 체류 결정 장소",135화 L24614~L24799에서 민재는 부시 취임식 참석으로 이름을 알렸지만 별도 공장 협상은 하지 않았다 부시 취임식 참석 뒤 윤현길 측의 수사 모의를 파악하고 중국의 쩡홍친을 만나러 간다,취임식 효과를 확인하고 윤현길·장수영의 공격에 대비해 중국 선을 다진다 범위 마지막의 가족 생존과 태우의 경영 승계를 함께 지킨다까지 실제로 확인할 수 있는가?,미국 홍보 효과와 국내 정적의 움직임이 중국 일정으로 이어진다 확인 가능한 지급은 가족 생존과 태우의 경영 승계를 함께 지킨다,138화 L25167~L25375에서 자료를 한꺼번에 쓰면 배후가 드러나고 수사가 격화될 수 있다,"3국 자료가 윤현길의 정치 인생을 끝낼 규모임을 확인하고, 장영주 별세 뉴스에 묻힐 가장 약한 건부터 태우 친화 언론에 제보한다.",가족 생존과 태우의 경영 승계를 함께 지킨다,민재가 태우의 사실상 총수로 올라선다,142화에서 민재가 태우의 사실상 총수로 올라선다,아이폰 국내 출시; 김태중 없는 그룹 경영. 김태중이 베트남으로 떠난 뒤 민재 혼자 한 달 남은 아이폰 국내 출시와 그룹 경영을 감당해야 한다.,김태중이 베트남으로 떠난 뒤 민재 혼자 한 달 남은 아이폰 국내 출시와 그룹 경영을 감당해야 한다. 다음 첫 행동은 143화에서 통신 카르텔과 직접 협상이 깨지자 데이비드를 미국으로 보내 통상 문제화를 준비한다.,① 142화 L25922~L26107: 가족 생존과 태우의 경영 승계를 함께 지킨다 ② 143화 L26108~L26283: 통신 카르텔과 직접 협상이 깨지자 데이비드를 미국으로 보내 통상 문제화를 준비한다 ③ L24605~L24622;L24973~L24988; predecessor=134화 L24409~L24613: 애플 주가와 태우 반도체 수요 회복의 근거를 얻는다; next=135화 L24614~L24799: 부시 취임식 참석 뒤 윤현길 측의 수사 모의를 파악하고 중국의 쩡홍친을 만나러 간다에서 지급·상대·장소·목표 가운데 둘 이상이 교대한다.,0.96
DCA-N14,WIPI 통상압력과 부품 분열,143,146,143화,146화,4,김민재·이주영·데이비드·장경준·오희건,태우통신·방송위원회 간담회·미국 통상 라인·삼진전자·국내 아이폰 생산공장,143화 L26108~L26283에서 태우 실권을 맡자 통신사·전자회사 카르텔이 무선인터넷 규제로 국내 아이폰 판매를 막으려 한다. 통신 카르텔과 직접 협상이 깨지자 데이비드를 미국으로 보내 통상 문제화를 준비한다,국내 통신·방송 규제 협상 실패 뒤 미국에서 외부 통상 압박 수단을 찾는다. 범위 마지막의 국내 아이폰 생산·판매가 가능한 규제 환경을 얻는다까지 실제로 확인할 수 있는가?,국내 담합을 국제 통상전으로 뒤집는 첫 수를 보여 준다 확인 가능한 지급은 국내 아이폰 생산·판매가 가능한 규제 환경을 얻는다,144화 L26284~L26459에서 통신·단말 카르텔은 정치 압박을 무시하고 계속 버틴다,규정 방패가 제거된 것이 아니라 정부가 철회를 명령한 단계에 도달한다,국내 아이폰 생산·판매가 가능한 규제 환경을 얻는다,카르텔이 무너지고 태우가 단기 비용을 떠안은 선점자로 남는다,146화에서 카르텔이 무너지고 태우가 단기 비용을 떠안은 선점자로 남는다,아이폰 국내 판매; 추가 물량; 태우통신 고객 전환. 한국 생산 단가 부담을 감수한 물량 확보가 아이폰 판매와 태우통신 고객 전환으로 돌아올 수 있는가?,한국 생산 단가 부담을 감수한 물량 확보가 아이폰 판매와 태우통신 고객 전환으로 돌아올 수 있는가? 다음 첫 행동은 147화에서 초도 10만 대가 일주일 만에 매진되자 500곳 넘는 매장에 와이파이·충전망을 설치한다.,① 146화 L26622~L26781: 국내 아이폰 생산·판매가 가능한 규제 환경을 얻는다 ② 147화 L26782~L26941: 초도 10만 대가 일주일 만에 매진되자 500곳 넘는 매장에 와이파이·충전망을 설치한다 ③ L26108~L26781; predecessor=142화 L25922~L26107: 가족 생존과 태우의 경영 승계를 함께 지킨다; next=143화 L26108~L26283: 통신 카르텔과 직접 협상이 깨지자 데이비드를 미국으로 보내 통상 문제화를 준비한다에서 지급·상대·장소·목표 가운데 둘 이상이 교대한다.,0.96
DCA-N15,아이폰·애플AI·아마존 로봇 계약,147,150,147화,150화,4,김민재·스티브·데이비드·강인식·제임스 힌톤·조지 슐츠·베조스,태우 와이파이 매장·애플 협상장·아마존 로봇팀·뉴욕 세계무역센터·미국의 식당·조지 슐츠 협상장,147화 L26782~L26941에서 규제는 풀렸지만 국내 조립비와 초기 수요가 아이폰 성패를 가른다 초도 10만 대가 일주일 만에 매진되자 500곳 넘는 매장에 와이파이·충전망을 설치한다,초기 품절을 이용해 태우통신의 스마트폰 생활권을 만든다 범위 마지막의 아마존 로봇 파트너십과 데이비드의 8월 전 WTC 장기임차 성사 약속을 얻는다.까지 실제로 확인할 수 있는가?,10만 대 매진과 와이파이망이 카르텔전 승리를 실물로 증명한다 확인 가능한 지급은 아마존 로봇 파트너십과 데이비드의 8월 전 WTC 장기임차 성사 약속을 얻는다.,148화 L26942~L27105에서 AI 상용화 불확실성과 양사의 지적재산권 욕심이 맞선다,태우의 자금과 애플 기기를 결합한 공동 연구 구조가 성립한다,아마존 로봇 파트너십과 데이비드의 8월 전 WTC 장기임차 성사 약속을 얻는다.,아마존 계약은 닫히고 뉴욕 거점은 협상 단계로 열린다,150화에서 아마존 계약은 닫히고 뉴욕 거점은 협상 단계로 열린다,스마트팩토리 설계; WTC 장기 임차. 태우·카이자동차 두 사장이 기존 로봇 팔을 넘어설 스마트팩토리 협력에 응할 것인가?,태우·카이자동차 두 사장이 기존 로봇 팔을 넘어설 스마트팩토리 협력에 응할 것인가? 다음 첫 행동은 151화에서 99년 32억 달러 임차를 확정하고 모든 보험을 든 뒤 두 동을 비우는 리모델링과 구조 인력 배치를 지시한다.,① 150화 L27279~L27463: 아마존 로봇 파트너십과 데이비드의 8월 전 WTC 장기임차 성사 약속을 얻는다. ② 151화 L27464~L27639: 99년 32억 달러 임차를 확정하고 모든 보험을 든 뒤 두 동을 비우는 리모델링과 구조 인력 배치를 지시한다 ③ L27455~L27472; predecessor=146화 L26622~L26781: 국내 아이폰 생산·판매가 가능한 규제 환경을 얻는다; next=147화 L26782~L26941: 초도 10만 대가 일주일 만에 매진되자 500곳 넘는 매장에 와이파이·충전망을 설치한다에서 지급·상대·장소·목표 가운데 둘 이상이 교대한다.,0.96
DCA-N15B,WTC 99년 임차와 9·11 생존·미국 방패,151,153,151화,153화,3,김민재·스티브·데이비드·강인식·제임스 힌톤·조지 슐츠·베조스,태우 와이파이 매장·애플 협상장·아마존 로봇팀·뉴욕 세계무역센터·미국의 식당·조지 슐츠 협상장,151화 L27464~L27639에서 WTC 장기리스 협상이 계약으로 돌아오고 9월의 위험 시계가 다가온다 99년 32억 달러 임차를 확정하고 모든 보험을 든 뒤 두 동을 비우는 리모델링과 구조 인력 배치를 지시한다,WTC 보험·리모델링·구조 인력을 9월 전에 배치한다 범위 마지막의 AI 스승과 미국 자동차시장 방패를 동시에 얻는다까지 실제로 확인할 수 있는가?,99년 사용권을 사람을 살리는 공사장으로 바꾸는 준비를 지급한다 확인 가능한 지급은 AI 스승과 미국 자동차시장 방패를 동시에 얻는다,152화 L27640~L27823에서 비행기 탑승자 희생과 미국 전역의 공황은 막을 수 없다,WTC 내부 사망자가 없고 건물 붕괴도 현장 장비로 통제된다,AI 스승과 미국 자동차시장 방패를 동시에 얻는다,태우가 AI 연구축과 미국 내 비개입 보호선을 갖춘다,153화에서 태우가 AI 연구축과 미국 내 비개입 보호선을 갖춘다,미국 정치 방패; 전쟁 불개입 경계. 공화당 재선 지원 약속으로 미국시장 방패를 얻되 태우를 전쟁 소용돌이에 넣지 않는 선을 지킬 수 있는가?,공화당 재선 지원 약속으로 미국시장 방패를 얻되 태우를 전쟁 소용돌이에 넣지 않는 선을 지킬 수 있는가? 다음 첫 행동은 154화에서 아이폰·스마트TV 현황을 보고받고 세이월드 대표를 만나고 싶다고 지시한다..,① 153화 L27824~L28005: AI 스승과 미국 자동차시장 방패를 동시에 얻는다 ② 154화 L28006~L28171: 아이폰·스마트TV 현황을 보고받고 세이월드 대표를 만나고 싶다고 지시한다. ③ L27455~L27472; predecessor=150화 L27279~L27463: 아마존 로봇 파트너십과 데이비드의 8월 전 WTC 장기임차 성사 약속을 얻는다.; next=151화 L27464~L27639: 99년 32억 달러 임차를 확정하고 모든 보험을 든 뒤 두 동을 비우는 리모델링과 구조 인력 배치를 지시한다에서 지급·상대·장소·목표 가운데 둘 이상이 교대한다.,0.96
DCA-N16,세이월드 대신 SNS·메신저·숏폼 창업자 계약,154,159,154화,159화,6,김민재·김태중·서광수·박동희·마크·오희건·임재범·서문영·다이먼·이영한·고승택·박만덕·이일석,태우 본사·태우IT·삼진 협상장·명동·CL카드·금감원·외환은행·CES,154화 L28006~L28171에서 미국 보호선을 만든 민재가 귀국해 아이폰 40만 대와 스마트TV 진행을 확인한다 아이폰·스마트TV 현황을 보고받고 세이월드 대표를 만나고 싶다고 지시한다.,국내 실적을 점검하고 세이월드 대표와 만날 자리를 만든다. 범위 마지막의 메신저와 짧은 영상 SNS의 핵심 창업자·기술을 선점한다까지 실제로 확인할 수 있는가?,성장한 모바일 생태계가 세이월드 대표를 부르는 다음 목표를 연다. 확인 가능한 지급은 메신저와 짧은 영상 SNS의 핵심 창업자·기술을 선점한다,156화 L28346~L28515에서 1천 명 조직의 동시 개발 부담과 카드업계 광기가 새 위험이다,직원들은 파격 복지와 기능별 책임을 받고 개발에 뛰어든다,메신저와 짧은 영상 SNS의 핵심 창업자·기술을 선점한다,태우IT의 플랫폼 축이 내부 개발에서 창업자 연합으로 확장된다,159화에서 태우IT의 플랫폼 축이 내부 개발에서 창업자 연합으로 확장된다,코코아톡; 하두리형 SNS 개발·결합. 서문영의 지장으로 새 SNS를 확보한 민재가 두 소셜 서비스를 어떻게 묶어 키울 것인가?,서문영의 지장으로 새 SNS를 확보한 민재가 두 소셜 서비스를 어떻게 묶어 키울 것인가? 다음 첫 행동은 160화에서 박만덕과 이영한에게 CL카드 채권·10조 원대 유동성을 설명하고 대출 차단·채권 압박·부실 발급 가속을 맡긴다.,① 159화 L28839~L29001: 메신저와 짧은 영상 SNS의 핵심 창업자·기술을 선점한다 ② 160화 L29002~L29175: 박만덕과 이영한에게 CL카드 채권·10조 원대 유동성을 설명하고 대출 차단·채권 압박·부실 발급 가속을 맡긴다 ③ L28993~L29010; predecessor=153화 L27824~L28005: AI 스승과 미국 자동차시장 방패를 동시에 얻는다; next=154화 L28006~L28171: 아이폰·스마트TV 현황을 보고받고 세이월드 대표를 만나고 싶다고 지시한다.에서 지급·상대·장소·목표 가운데 둘 이상이 교대한다.,0.96
DCA-N16B,CL카드·태우카드·외환은행 회수,160,166,160화,166화,7,김민재·김태중·서광수·박동희·마크·오희건·임재범·서문영·다이먼·이영한·고승택·박만덕·이일석,태우 본사·태우IT·삼진 협상장·명동·CL카드·금감원·외환은행·CES,160화 L29002~L29175에서 CL카드 부실을 싸게 인수하려면 현금서비스와 채권 유동성을 먼저 막아야 한다 박만덕과 이영한에게 CL카드 채권·10조 원대 유동성을 설명하고 대출 차단·채권 압박·부실 발급 가속을 맡긴다,박만덕·이영한과 카드대란의 시간표를 당긴다 범위 마지막의 외환은행 인수 우위와 가전 매출 반등을 얻는다까지 실제로 확인할 수 있는가?,명동이 카드사의 돈줄을 끊어 위기를 앞당기는 금융 역공을 보여 준다 확인 가능한 지급은 외환은행 인수 우위와 가전 매출 반등을 얻는다,163화 L29515~L29678에서 성적이 나오기 전 광고비와 정치 후원 거절의 후폭풍이 있다,회귀 지식이 4강 성과의 광고 권리를 싼값에 잠근다,외환은행 인수 우위와 가전 매출 반등을 얻는다,태우 금융망이 외환은행 소유 직전까지 나아간다,166화에서 태우 금융망이 외환은행 소유 직전까지 나아간다,외환은행 최종 계약; 신혼부부 할인 행사. 애플·태우 TV로 바뀐 태우전자 이미지를 신혼부부 할인과 후속 판매로 얼마나 키울 수 있는가?,애플·태우 TV로 바뀐 태우전자 이미지를 신혼부부 할인과 후속 판매로 얼마나 키울 수 있는가? 다음 첫 행동은 167화에서 탈락 이력서까지 보름 동안 훑어 A급 다섯 명을 인턴으로 넣고 프로그래밍·알고리즘 S급 천민정을 추적해 술집에서 만난다.,① 166화 L30048~L30224: 외환은행 인수 우위와 가전 매출 반등을 얻는다 ② 167화 L30225~L30423: 탈락 이력서까지 보름 동안 훑어 A급 다섯 명을 인턴으로 넣고 프로그래밍·알고리즘 S급 천민정을 추적해 술집에서 만난다 ③ L28993~L29010;L29504~L29523; predecessor=159화 L28839~L29001: 메신저와 짧은 영상 SNS의 핵심 창업자·기술을 선점한다; next=160화 L29002~L29175: 박만덕과 이영한에게 CL카드 채권·10조 원대 유동성을 설명하고 대출 차단·채권 압박·부실 발급 가속을 맡긴다에서 지급·상대·장소·목표 가운데 둘 이상이 교대한다.,0.96
DCA-N17,천민정 보호와 비트코인·AI·SNS 실전배치,167,176,167화,176화,10,김민재·김태중·천민정·강인식·가해 검사 가족·암호학자팀·히딩크·서광수·서정준,술집·검찰 인맥선·태우 암호팀·월드컵 광고현장·힌톤 AI팀·태우IT·페이스북 한국조직,167화 L30225~L30423에서 태우그룹은 인수와 신사업 확장으로 연간 2만 명 채용이 필요하다 탈락 이력서까지 보름 동안 훑어 A급 다섯 명을 인턴으로 넣고 프로그래밍·알고리즘 S급 천민정을 추적해 술집에서 만난다,태우전자·태우IT 지원자 속에서 계열사를 먹여 살릴 원석을 찾는다 범위 마지막의 서광수 영입을 확정하고 옛 개발진 회수와 한국형 페이스북 반격을 시작한다까지 실제로 확인할 수 있는가?,학벌에 가린 천재를 민재가 직접 찾아내는 인재 선점 보상을 건다 확인 가능한 지급은 서광수 영입을 확정하고 옛 개발진 회수와 한국형 페이스북 반격을 시작한다,171화 L31016~L31200에서 선수 계약·취업비자와 천민정의 비행 공포·가족 사채 빚이 각자의 다음 선택을 묶는다,천민정은 100명이 풀지 못한 호환 문제를 며칠 만에 고치고 가장 큰 성과급을 받을 새 일을 요구한다,서광수 영입을 확정하고 옛 개발진 회수와 한국형 페이스북 반격을 시작한다,세이월드 피해자가 태우의 한국 SNS 공격을 지휘할 법인장으로 돌아온다,176화에서 세이월드 피해자가 태우의 한국 SNS 공격을 지휘할 법인장으로 돌아온다,세이월드 인력 회수·김태중의 관계 승인. 김태중이 천민정을 따로 불러 손자와의 관계를 묻는다,김태중이 천민정을 따로 불러 손자와의 관계를 묻는다 다음 첫 행동은 177화에서 김태중은 과거 결혼 압박을 사과하며 손자 곁에 있어 달라고 말하고 민재는 다이먼에게 실리콘밸리 영업 지원을 약속한 뒤 천민정과 호텔 회의실로 간다.,① 176화 L31916~L32080: 서광수 영입을 확정하고 옛 개발진 회수와 한국형 페이스북 반격을 시작한다 ② 177화 L32081~L32276: 김태중은 과거 결혼 압박을 사과하며 손자 곁에 있어 달라고 말하고 민재는 다이먼에게 실리콘밸리 영업 지원을 약속한 뒤 천민정과 호텔 회의실로 간다 ③ L30812~L30827;L31193~L31208; predecessor=166화 L30048~L30224: 외환은행 인수 우위와 가전 매출 반등을 얻는다; next=167화 L30225~L30423: 탈락 이력서까지 보름 동안 훑어 A급 다섯 명을 인턴으로 넣고 프로그래밍·알고리즘 S급 천민정을 추적해 술집에서 만난다에서 지급·상대·장소·목표 가운데 둘 이상이 교대한다.,0.96
DCA-N18,가족 허락과 페이팔·머스크 기술방패,177,180,177화,180화,4,김민재·김태중·천민정·다이먼·피터 틸·일론 머스크·힌톤·김정빈·강인식·스티브·서문영,김태중 가족 식사자리·페이팔 협상장·머스크 미팅·태우 AI센터·검찰 정치자금 수사선·샌프란시스코 WWDC,177화 L32081~L32276에서 천민정은 김태중과의 식사에서 직장과 민재 곁을 잃을까 두려워한다 김태중은 과거 결혼 압박을 사과하며 손자 곁에 있어 달라고 말하고 민재는 다이먼에게 실리콘밸리 영업 지원을 약속한 뒤 천민정과 호텔 회의실로 간다,천민정의 신분 불안을 풀고 다이먼의 미국 은행 확장도 밀어 준다 범위 마지막의 다음 아이폰에 넣을 음성비서 성과와 IIT 유치의 명확한 목표를 얻는다까지 실제로 확인할 수 있는가?,회귀 직후 지키려 한 가족이 민재의 새 관계까지 품는 정서적 보상을 준다 확인 가능한 지급은 다음 아이폰에 넣을 음성비서 성과와 IIT 유치의 명확한 목표를 얻는다,178화 L32277~L32455에서 페이팔은 적자이고 창업자들은 매각 뒤 흩어지려 하며 머스크는 원치 않은 매각에 화가 나 있다,결제망만 사는 거래가 위튜브 창업자 후보와 전기차·에너지·우주에 집착하는 머스크를 만나는 자리로 확장된다,다음 아이폰에 넣을 음성비서 성과와 IIT 유치의 명확한 목표를 얻는다,인공지능 연구가 작동하는 스마트폰 기능으로 진전되고 해외 인재 유치 문제가 대학 설립 의제로 바뀐다,180화에서 인공지능 연구가 작동하는 스마트폰 기능으로 진전되고 해외 인재 유치 문제가 대학 설립 의제로 바뀐다,IIT 한국 캠퍼스 유치; 음성비서 상용화. IIT 한국 캠퍼스를 실제 유치해 힌톤팀 교수직과 인재 공급을 함께 해결할 수 있는가?,IIT 한국 캠퍼스를 실제 유치해 힌톤팀 교수직과 인재 공급을 함께 해결할 수 있는가? 다음 첫 행동은 181화에서 강 대위와 국세청 인맥을 움직여 KS해운 비자금·현금 차량을 추적하고 야당과 검찰에 정보를 흘리게 한다.,① 180화 L32618~L32797: 다음 아이폰에 넣을 음성비서 성과와 IIT 유치의 명확한 목표를 얻는다 ② 181화 L32798~L32963: 강 대위와 국세청 인맥을 움직여 KS해운 비자금·현금 차량을 추적하고 야당과 검찰에 정보를 흘리게 한다 ③ L32789~L32806; predecessor=176화 L31916~L32080: 서광수 영입을 확정하고 옛 개발진 회수와 한국형 페이스북 반격을 시작한다; next=177화 L32081~L32276: 김태중은 과거 결혼 압박을 사과하며 손자 곁에 있어 달라고 말하고 민재는 다이먼에게 실리콘밸리 영업 지원을 약속한 뒤 천민정과 호텔 회의실로 간다에서 지급·상대·장소·목표 가운데 둘 이상이 교대한다.,0.96
DCA-N18B,KS 불법 대선자금과 세이월드 역공,181,183,181화,183화,3,김민재·김태중·천민정·다이먼·피터 틸·일론 머스크·힌톤·김정빈·강인식·스티브·서문영,김태중 가족 식사자리·페이팔 협상장·머스크 미팅·태우 AI센터·검찰 정치자금 수사선·샌프란시스코 WWDC,181화 L32798~L32963에서 여당 후보가 2% 차로 당선되고 야당은 재검표와 재벌 자금 수사를 벼른다 강 대위와 국세청 인맥을 움직여 KS해운 비자금·현금 차량을 추적하고 야당과 검찰에 정보를 흘리게 한다,KS의 선거 자금 흐름을 잡아 태우를 향할 수사 칼날을 경쟁사로 돌린다 범위 마지막의 틱택톡 공동대표 두 명과 세이월드 출신 인력의 이동 선택권을 확보한다까지 실제로 확인할 수 있는가?,돈을 주지 않은 태우가 경쟁 재벌의 불법 자금을 역공 재료로 쓰는 정치 보상을 준다 확인 가능한 지급은 틱택톡 공동대표 두 명과 세이월드 출신 인력의 이동 선택권을 확보한다,182화 L32964~L33126에서 검찰이 새 정권 눈치를 보면 사건이 축소될 수 있고 세이월드 직원 피해도 남는다,언론과 야당까지 움직이자 검찰이 KS 본사 압수수색에 들어가고 박동희는 경질된다,틱택톡 공동대표 두 명과 세이월드 출신 인력의 이동 선택권을 확보한다,세이월드 복수에 머물던 서광수가 세계 숏폼 시장을 노리는 창업자로 다시 선다,183화에서 세이월드 복수에 머물던 서광수가 세계 숏폼 시장을 노리는 창업자로 다시 선다,틱택톡 출시; 태우·애플 비밀제품 공개. 천민정이 공들인 태우·애플 비밀제품을 유출 없이 폭발적으로 공개할 수 있는가?,천민정이 공들인 태우·애플 비밀제품을 유출 없이 폭발적으로 공개할 수 있는가? 다음 첫 행동은 184화에서 태우IT 회의에 게임사 대표들을 불러 채굴 보상·아이템 결제·국경 없는 거래를 제안하고 사용량 제한과 지역락 방어책을 확인한 뒤 샌프란시스코로 간다.,① 183화 L33127~L33294: 틱택톡 공동대표 두 명과 세이월드 출신 인력의 이동 선택권을 확보한다 ② 184화 L33295~L33460: 태우IT 회의에 게임사 대표들을 불러 채굴 보상·아이템 결제·국경 없는 거래를 제안하고 사용량 제한과 지역락 방어책을 확인한 뒤 샌프란시스코로 간다 ③ L32789~L32806;L33284~L33305; predecessor=180화 L32618~L32797: 다음 아이폰에 넣을 음성비서 성과와 IIT 유치의 명확한 목표를 얻는다; next=181화 L32798~L32963: 강 대위와 국세청 인맥을 움직여 KS해운 비자금·현금 차량을 추적하고 야당과 검찰에 정보를 흘리게 한다에서 지급·상대·장소·목표 가운데 둘 이상이 교대한다.,0.96
DCA-N18C,비트코인 게임결제와 WWDC 시리·IoT 시연,184,186,184화,186화,3,김민재·김태중·천민정·다이먼·피터 틸·일론 머스크·힌톤·김정빈·강인식·스티브·서문영,김태중 가족 식사자리·페이팔 협상장·머스크 미팅·태우 AI센터·검찰 정치자금 수사선·샌프란시스코 WWDC,184화 L33295~L33460에서 틱택톡은 출시를 준비하고 비트코인은 개발됐지만 아직 쓸 곳과 가치가 부족하다 태우IT 회의에 게임사 대표들을 불러 채굴 보상·아이템 결제·국경 없는 거래를 제안하고 사용량 제한과 지역락 방어책을 확인한 뒤 샌프란시스코로 간다,게임사들이 비트코인을 아이템 거래와 해외 결제에 쓰도록 만든다 범위 마지막의 에어팟·스마트워치급 공동개발 의제와 애플의 지원 약속을 얻는다까지 실제로 확인할 수 있는가?,가상화폐를 게임 거래에 심어 첫 사용처를 만들고 WWDC 무대로 이동한다 확인 가능한 지급은 에어팟·스마트워치급 공동개발 의제와 애플의 지원 약속을 얻는다,185화 L33461~L33664에서 초반 관객은 태우가 혁신을 말하는 것을 비웃고 공개 시연 실패 위험도 크다,무선 음성 명령으로 집과 차가 실제 움직이자 냉담하던 개발자들이 함성과 박수를 보낸다,에어팟·스마트워치급 공동개발 의제와 애플의 지원 약속을 얻는다,태우·애플 동맹의 범위가 스마트폰과 가전에서 귀와 손목의 새 시장까지 넓어진다,186화에서 태우·애플 동맹의 범위가 스마트폰과 가전에서 귀와 손목의 새 시장까지 넓어진다,무선이어폰·스마트워치 개발; 아이폰 후속 생산. 애플 전문가를 한국에 붙여 무선이어폰·스마트워치 아이디어를 실제 제품으로 만들 수 있는가?,애플 전문가를 한국에 붙여 무선이어폰·스마트워치 아이디어를 실제 제품으로 만들 수 있는가? 다음 첫 행동은 187화에서 우성일에게 과소 생산계획 책임을 묻고 베트남 공장 확대와 인도 대규모 가전 공장 신설을 검토시킨다.,① 186화 L33665~L33838: 에어팟·스마트워치급 공동개발 의제와 애플의 지원 약속을 얻는다 ② 187화 L33839~L34048: 우성일에게 과소 생산계획 책임을 묻고 베트남 공장 확대와 인도 대규모 가전 공장 신설을 검토시킨다 ③ L33284~L33305; predecessor=183화 L33127~L33294: 틱택톡 공동대표 두 명과 세이월드 출신 인력의 이동 선택권을 확보한다; next=184화 L33295~L33460: 태우IT 회의에 게임사 대표들을 불러 채굴 보상·아이템 결제·국경 없는 거래를 제안하고 사용량 제한과 지역락 방어책을 확인한 뒤 샌프란시스코로 간다에서 지급·상대·장소·목표 가운데 둘 이상이 교대한다.,0.96
DCA-N19,인도 공장·IIT와 아노르 프리미엄 동맹,187,191,187화,191화,5,김민재·우성일·데이비드·미모안 싱·김태중·베르나르 아노르·델핀 아노르,태우전자 생산회의·베트남·인도 정치협상장·허준·허황후 방송선·아노르 한국 협상장,187화 L33839~L34048에서 WWDC 시연으로 태우 가전 주문이 폭증했지만 국내 공장은 물량을 대지 못한다 우성일에게 과소 생산계획 책임을 묻고 베트남 공장 확대와 인도 대규모 가전 공장 신설을 검토시킨다,품절을 끝내고 다음 혁신 제품까지 감당할 글로벌 생산능력을 만든다 범위 마지막의 유럽 명품 동맹과 깨끗한 경제인·정치인 연합이라는 목표를 함께 얻는다.까지 실제로 확인할 수 있는가?,세계적 브랜드 상승을 매출로 확인한 뒤 생산 병목을 해외 공장으로 푼다 확인 가능한 지급은 유럽 명품 동맹과 깨끗한 경제인·정치인 연합이라는 목표를 함께 얻는다.,189화 L34215~L34387에서 교육 자산을 빼앗긴다는 여론과 새 공장 완공 전까지 계속될 품절이 비용이다,한국과 인도의 오래된 인연을 앞세우면 IIT 진출과 대규모 고용을 함께 설명할 수 있다는 명분이 생긴다,유럽 명품 동맹과 깨끗한 경제인·정치인 연합이라는 목표를 함께 얻는다.,민재의 방어선이 검찰 인맥과 거래를 넘어 독자 정당 설계로 이동한다,191화에서 민재의 방어선이 검찰 인맥과 거래를 넘어 독자 정당 설계로 이동한다,경제정치 연합의 인물·규모·구조. 기존 이권에 얽히지 않고 오직 태우와 경제발전을 위해 일할 정치인을 어떻게 모을 것인가?,기존 이권에 얽히지 않고 오직 태우와 경제발전을 위해 일할 정치인을 어떻게 모을 것인가? 다음 첫 행동은 192화에서 최재석에게 이번 주 안에 후보 약 50명을 추려 보고해 달라고 맡긴다. 강 대위가 보여 준 영상에서는 불량학생 4~5명이 천민정의 동생 머리를 후려치고 식판에 침을 뱉는 장면을 확인한다..,① 191화 L34605~L34776: 유럽 명품 동맹과 깨끗한 경제인·정치인 연합이라는 목표를 함께 얻는다. ② 192화 L34777~L34942: 최재석에게 이번 주 안에 후보 약 50명을 추려 보고해 달라고 맡긴다. 강 대위가 보여 준 영상에서는 불량학생 4~5명이 천민정의 동생 머리를 후려치고 식판에 침을 뱉는 장면을 확인한다. ③ L33839~L34776; predecessor=186화 L33665~L33838: 에어팟·스마트워치급 공동개발 의제와 애플의 지원 약속을 얻는다; next=187화 L33839~L34048: 우성일에게 과소 생산계획 책임을 묻고 베트남 공장 확대와 인도 대규모 가전 공장 신설을 검토시킨다에서 지급·상대·장소·목표 가운데 둘 이상이 교대한다.,0.96
DCA-N20,천민우 보호와 국민경제당·원자재 임무,192,199,192화,199화,8,김민재·김태중·천민정·천민우·추영택·조영희·최재석,태우 부회장실·천민우 학교·학부모 회의장·태우 본사·부산 데이터센터 협상선·태우상사,192화 L34777~L34942에서 민재는 국회의원 20명 이상 교섭단체를 출발점으로 경제정당을 만들려 한다 최재석에게 이번 주 안에 후보 약 50명을 추려 보고해 달라고 맡긴다. 강 대위가 보여 준 영상에서는 불량학생 4~5명이 천민정의 동생 머리를 후려치고 식판에 침을 뱉는 장면을 확인한다.,"최재석에게 깨끗한 정치인 후보를 추려 달라고 맡기고, 천민정의 동생에게 벌어진 학교폭력을 확인해 보호에 착수한다. 범위 마지막의 미래 공급망 목록과 국민경제당의 전국 노출 기회를 얻는다까지 실제로 확인할 수 있는가?",거대 양당에 끌려가지 않을 정치 방벽을 설계하던 순간 천민정의 동생에게 가해진 구체적 학교폭력이 침입한다. 확인 가능한 지급은 미래 공급망 목록과 국민경제당의 전국 노출 기회를 얻는다,195화 L35344~L35519에서 협력사 배제는 태우에도 공급 비용을 만들고 천민정은 자신의 일 때문에 동생이 더 위험해질까 죄책감을 느낀다,민재는 기업 한 곳보다 천민정의 능력과 신뢰가 훨씬 큰 자산이라고 선을 긋는다,미래 공급망 목록과 국민경제당의 전국 노출 기회를 얻는다,태우상사가 희토류·리튬·식각가스·불화수소의 전략 공급망을 조사하는 주체가 되고 국민경제당은 경제 공약으로 대안 세력의 가능성을 시험한다.,199화에서 태우상사가 희토류·리튬·식각가스·불화수소의 전략 공급망을 조사하는 주체가 되고 국민경제당은 경제 공약으로 대안 세력의 가능성을 시험한다.,원자재 공급망 조사; 국민경제당 총선 공약. 양당 정쟁과 달리 경제만 말하는 국민경제당 전략이 중도표를 실제 흡수할 수 있는가?,양당 정쟁과 달리 경제만 말하는 국민경제당 전략이 중도표를 실제 흡수할 수 있는가? 다음 첫 행동은 200화에서 투자 제안서를 다시 찾아 김익수를 부회장실로 부른 뒤 국내 서비스만으로는 서버와 저작권 비용을 버티기 어렵고 세계화에는 수백억 원이 든다고 경고한다.,① 199화 L36009~L36165: 미래 공급망 목록과 국민경제당의 전국 노출 기회를 얻는다 ② 200화 L36166~L36346: 투자 제안서를 다시 찾아 김익수를 부회장실로 부른 뒤 국내 서비스만으로는 서버와 저작권 비용을 버티기 어렵고 세계화에는 수백억 원이 든다고 경고한다 ③ L34777~L36165; predecessor=191화 L34605~L34776: 유럽 명품 동맹과 깨끗한 경제인·정치인 연합이라는 목표를 함께 얻는다.; next=192화 L34777~L34942: 최재석에게 후보 약 50명 선별을 맡기고 불량학생 4~5명이 천민정의 동생 머리를 때리고 식판에 침을 뱉는 영상을 확인한다.에서 지급·상대·장소·목표 가운데 둘 이상이 교대한다.,0.96
DCA-N20B,판타지TV 50억 합작과 슈퍼볼 영상팀,200,202,200화,202화,3,김민재·김익수·천민정·데이비드·채드 헐리·스티브 첸,태우 부회장실·판타지TV 협상실·미국 슈퍼볼 방송 현장·태우 영상서비스 준비팀,200화 L36166~L36346에서 프리미엄 가전은 CES에서 주목받고 민재는 슈퍼볼 광고와 개인영상 시장을 준비한다 투자 제안서를 다시 찾아 김익수를 부회장실로 부른 뒤 국내 서비스만으로는 서버와 저작권 비용을 버티기 어렵고 세계화에는 수백억 원이 든다고 경고한다,"판타지TV 김익수의 역량을 확인하고 글로벌 플랫폼 동맹 가능성을 타진한다 범위 마지막의 태우 광고의 슈퍼볼 송출과 채드·스티브 영입, 영상 공유 서비스의 발상을 얻는다.까지 실제로 확인할 수 있는가?","유튜브보다 먼저 움직인 국내 개발자를 만나 세계화의 비용과 선택을 제시한다 확인 가능한 지급은 태우 광고의 슈퍼볼 송출과 채드·스티브 영입, 영상 공유 서비스의 발상을 얻는다.",201화 L36347~L36522에서 김익수는 태우가 자기 기술을 필요로 하지 않는다는 사실과 매각 뒤 정체성 상실을 두려워한다,세계 기업들의 이름을 듣자 김익수가 기획실장이 내민 계약서에 즉시 지장을 찍는다,"태우 광고의 슈퍼볼 송출과 채드·스티브 영입, 영상 공유 서비스의 발상을 얻는다.",영상 합작사는 계약서 속 계획에서 세계적 사건을 받을 실행팀으로 바뀐다,202화에서 영상 합작사는 계약서 속 계획에서 세계적 사건을 받을 실행팀으로 바뀐다,영상 플랫폼 출시; 인도 총선·미국 대선 후속. 인도 총선·미국 대선·오바마 보고에서 확인된 결과가 다음 정치 선택에 어떤 영향을 줄 것인가?,인도 총선·미국 대선·오바마 보고에서 확인된 결과가 다음 정치 선택에 어떤 영향을 줄 것인가? 다음 첫 행동은 203화에서 리사 수에게 태우전자 사장·반도체 개발총괄·5배 연봉을 제안한 뒤 답을 기다리며 사우디 왕궁에 프리미엄 가전을 설치하고 무함마드 왕자와 교분을 쌓는다.,"① 202화 L36523~L36693: 태우 광고의 슈퍼볼 송출과 채드·스티브 영입, 영상 공유 서비스의 발상을 얻는다. ② 203화 L36694~L36882: 리사 수에게 태우전자 사장·반도체 개발총괄·5배 연봉을 제안한 뒤 답을 기다리며 사우디 왕궁에 프리미엄 가전을 설치하고 무함마드 왕자와 교분을 쌓는다 ③ L36166~L36693; predecessor=199화 L36009~L36165: 미래 공급망 목록과 국민경제당의 전국 노출 기회를 얻는다; next=200화 L36166~L36346: 투자 제안서를 다시 찾아 김익수를 부회장실로 부른 뒤 국내 서비스만으로는 서버와 저작권 비용을 버티기 어렵고 세계화에는 수백억 원이 든다고 경고한다에서 지급·상대·장소·목표 가운데 둘 이상이 교대한다.",0.96
DCA-N20C,리사 수 사장 취임과 남미 리튬 권리,203,206,203화,206화,4,김민재·리사 수·천민정·빈 살만·최재석·태우상사 담당자,IBM 인재 면담선·사우디 왕궁·촛불 집회와 SNS·칠레·볼리비아 광구·태우전자·태우IT,203화 L36694~L36882에서 위튜브 창업진을 모은 민재는 태우전자와 반도체를 통째로 맡길 수장을 찾는다 리사 수에게 태우전자 사장·반도체 개발총괄·5배 연봉을 제안한 뒤 답을 기다리며 사우디 왕궁에 프리미엄 가전을 설치하고 무함마드 왕자와 교분을 쌓는다,IBM의 리사 수를 설득할 선택지를 만들고 중동 최고위 고객·관계를 넓힌다 범위 마지막의 리사 수 영입·취임과 천민정과의 장기 협업축을 확정한다까지 실제로 확인할 수 있는가?,미래 CEO에게 파격 조건을 던지고 사우디 왕가에서 프리미엄 브랜드를 노출한다 확인 가능한 지급은 리사 수 영입·취임과 천민정과의 장기 협업축을 확정한다,204화 L36883~L37055에서 탄핵 역풍을 잘못 타면 새 당이 함께 무너지고 남미 광구는 매장량과 정치 위험이 크다,기존 정당이 정쟁에 갇힌 사이 경제·민생 연설이 주목받고 FTA 발효 전 자원 가격차가 열린다,리사 수 영입·취임과 천민정과의 장기 협업축을 확정한다,공석이던 태우전자 사장 자리에 민재가 전권을 보장한 세계급 개발경영자가 선다,206화에서 공석이던 태우전자 사장 자리에 민재가 전권을 보장한 세계급 개발경영자가 선다,태우전자 조직개혁·국민경제당 총선. 국민경제당이 세계 IT 거물들을 불러 총선 공개행사를 연다,국민경제당이 세계 IT 거물들을 불러 총선 공개행사를 연다 다음 첫 행동은 207화에서 아마존·구글·애플 CEO가 참여한 경제 대담을 열어 최재석과 나란히 세우고 리사 수에게 퀄컴을 겨눌 팹리스 회사 설립과 투자 재량을 준다.,"① 206화 L37236~L37418: 리사 수 영입·취임과 천민정과의 장기 협업축을 확정한다 ② 207화 L37419~L37592: 아마존·구글·애플 CEO가 참여한 경제 대담을 열어 최재석과 나란히 세우고 리사 수에게 퀄컴을 겨눌 팹리스 회사 설립과 투자 재량을 준다 ③ L36694~L37418; predecessor=202화 L36523~L36693: 태우 광고의 슈퍼볼 송출과 채드·스티브 영입, 영상 공유 서비스의 발상을 얻는다.; next=203화 L36694~L36882: 리사 수에게 태우전자 사장·반도체 개발총괄·5배 연봉을 제안한 뒤 답을 기다리며 사우디 왕궁에 프리미엄 가전을 설치하고 무함마드 왕자와 교분을 쌓는다에서 지급·상대·장소·목표 가운데 둘 이상이 교대한다.",0.96
DCA-N20D,국민경제당 38석과 AI 학습 지급,207,209,207화,209화,3,김민재·최재석·천민정·리사 수·애플·구글·아마존 CEO,국민경제당 경제 대담장·총선 개표 상황실·김민재와 최재석의 비밀 면담·AI 개발 현장,207화 L37419~L37592에서 리사 수가 태우전자 사장으로 출발하고 국민경제당은 17대 총선을 앞둔다 아마존·구글·애플 CEO가 참여한 경제 대담을 열어 최재석과 나란히 세우고 리사 수에게 퀄컴을 겨눌 팹리스 회사 설립과 투자 재량을 준다,최재석의 전국 인지도를 끌어올리고 리사 수의 반도체 재편안을 승인한다 범위 마지막의 국민경제당의 독자 교섭력과 논문 중심의 대규모 AI 학습 진전을 얻는다까지 실제로 확인할 수 있는가?,세계 IT 수장들을 제3당 무대에 세워 경제정당의 실체를 대중에게 보여 준다 확인 가능한 지급은 국민경제당의 독자 교섭력과 논문 중심의 대규모 AI 학습 진전을 얻는다,208화 L37593~L37765에서 제3당은 거대 양당의 조직력에 밀리고 번역 알고리즘도 많은 학습 표본이 필요하다,예상 20석대에서 개표가 진행될수록 당선자가 늘어 전국 모든 권역에 의석을 내는 흐름이 나타난다,국민경제당의 독자 교섭력과 논문 중심의 대규모 AI 학습 진전을 얻는다,국민경제당은 선거 실험에서 국회 캐스팅보트로 바뀌고 AI는 번역을 넘어 음성 학습 단계로 간다,209화에서 국민경제당은 선거 실험에서 국회 캐스팅보트로 바뀌고 AI는 번역을 넘어 음성 학습 단계로 간다,리사 수·천민정 협업; 번역 AI; 최재석 독립노선. 리사 수와 천민정 두 천재의 매일 회의가 어떤 돈 되는 아이디어를 더 만들어낼 것인가?,리사 수와 천민정 두 천재의 매일 회의가 어떤 돈 되는 아이디어를 더 만들어낼 것인가? 다음 첫 행동은 210화에서 10년간 10조 원 인도 투자안을 준비하는 한편 다이먼에게 NINA 대출과 저신용 주택담보 사례를 조사하게 한다.,① 209화 L37766~L37935: 국민경제당의 독자 교섭력과 논문 중심의 대규모 AI 학습 진전을 얻는다 ② 210화 L37936~L38099: 10년간 10조 원 인도 투자안을 준비하는 한편 다이먼에게 NINA 대출과 저신용 주택담보 사례를 조사하게 한다 ③ L37419~L37935; predecessor=206화 L37236~L37418: 리사 수 영입·취임과 천민정과의 장기 협업축을 확정한다; next=207화 L37419~L37592: 아마존·구글·애플 CEO가 참여한 경제 대담을 열어 최재석과 나란히 세우고 리사 수에게 퀄컴을 겨눌 팹리스 회사 설립과 투자 재량을 준다에서 지급·상대·장소·목표 가운데 둘 이상이 교대한다.,0.96
DCA-N20E,NINA 주택붕괴와 은행지분 대물변제,210,211,210화,211화,2,김민재·다이먼·한정훈·미국 저신용 주택대출 관계자,미국 NINA 대출 조사선·SAVE 금융회의·인도 투자 검토선,210화 L37936~L38099에서 국민경제당이 국회 중심축이 되고 인도에서는 미모안 싱 집권 가능성이 높아진다 10년간 10조 원 인도 투자안을 준비하는 한편 다이먼에게 NINA 대출과 저신용 주택담보 사례를 조사하게 한다,인도 약속을 이행할 투자 명분을 세우고 서브프라임 위험의 증거를 모은다 범위 마지막의 서브프라임 붕괴를 수익·은행 인수로 연결할 계약 원칙을 확정한다까지 실제로 확인할 수 있는가?,호황을 좇는 투자 대신 미국 주택 광기의 붕괴를 먼저 확인한다 확인 가능한 지급은 서브프라임 붕괴를 수익·은행 인수로 연결할 계약 원칙을 확정한다,210화 L37936~L38099에서 BRIC 호황에 올라타자는 내부 의견과 당장 이익 없는 역베팅 비용이 민재의 판단을 압박한다,소득·재산을 보지 않고 개 이름으로도 대출받는 사례가 확인되어 기억 속 붕괴가 이미 시작됐음을 입증한다,서브프라임 붕괴를 수익·은행 인수로 연결할 계약 원칙을 확정한다,막연한 위기 예측이 다이먼이 매달 실행할 보험 매집과 지분 대물변제 계획으로 구체화된다,211화에서 막연한 위기 예측이 다이먼이 매달 실행할 보험 매집과 지분 대물변제 계획으로 구체화된다,하락 보험 누적·IIT 정치합의. 최재석이 IIT 한국 캠퍼스의 국내 반발을 받아들일지 설득해야 한다,"최재석이 IIT 한국 캠퍼스의 국내 반발을 받아들일지 설득해야 한다 다음 첫 행동은 212화에서 IIT 한국 캠퍼스의 한국인 20퍼센트·태우 공채 20퍼센트 확대·빅테크 연구소 유치를 설명해 최재석의 지지를 얻고, 태우자동차의 전기차 투자와 테슬라 경쟁 구도를 점검한다..","① 211화 L38100~L38260: 서브프라임 붕괴를 수익·은행 인수로 연결할 계약 원칙을 확정한다 ② 212화 L38261~L38406: IIT 한국 캠퍼스의 한국인 20퍼센트·태우 공채 20퍼센트 확대·빅테크 연구소 유치를 설명해 최재석의 지지를 얻고, 태우자동차의 전기차 투자와 테슬라 경쟁 구도를 점검한다. ③ L37936~L38260; predecessor=209화 L37766~L37935: 국민경제당의 독자 교섭력과 논문 중심의 대규모 AI 학습 진전을 얻는다; next=210화 L37936~L38099: 10년간 10조 원 인도 투자안을 준비하는 한편 다이먼에게 NINA 대출과 저신용 주택담보 사례를 조사하게 한다에서 지급·상대·장소·목표 가운데 둘 이상이 교대한다.",0.96
DCA-N20F,IIT 정치경로와 씽크윈 자율주행 데이터,212,215,212화,215화,4,김민재·최재석·천민정·장경준·박태수·양당 지도부,최재석 정책 협상실·세이브 투자회의·태우 자율주행팀·현재자동차 협상장·씽크윈 면담실,"212화 L38261~L38406에서 인도 쪽 IIT 이전 준비는 끝났지만 한국 정치권의 허가와 여론이 남아 있다 IIT 한국 캠퍼스의 한국인 20퍼센트·태우 공채 20퍼센트 확대·빅테크 연구소 유치를 설명해 최재석의 지지를 얻고, 태우자동차의 전기차 투자와 테슬라 경쟁 구도를 점검한다.",최재석을 IIT 유치의 정치적 우군으로 만들고 여야 협상안을 함께 찾는다 범위 마지막의 씽크윈 기술·데이터 독점 사용권과 무료 배포할 모바일 내비 개발 방침을 확보한다까지 실제로 확인할 수 있는가?,한국인 입학·채용·글로벌 연구소라는 구체 조건으로 최재석 한 사람을 납득시킨다 확인 가능한 지급은 씽크윈 기술·데이터 독점 사용권과 무료 배포할 모바일 내비 개발 방침을 확보한다,213화 L38407~L38579에서 거대 정당은 판결 뒤 말을 바꿀 수 있고 자율주행은 도로 환경을 읽을 지도 데이터가 부족하다,최재석이 중립 조건만으로 양쪽의 협조를 얻었다고 보고하고 천민정은 실시간 정밀 지도가 핵심 병목이라고 짚는다,씽크윈 기술·데이터 독점 사용권과 무료 배포할 모바일 내비 개발 방침을 확보한다,회사 인수 시도는 공급사 육성과 데이터 공유 계약으로 바뀌고 천민정 팀이 개발에 착수한다,215화에서 회사 인수 시도는 공급사 육성과 데이터 공유 계약으로 바뀌고 천민정 팀이 개발에 착수한다,태우맵 개발·신사옥 부지. 김태중이 태우 위상에 맞는 강남 신사옥을 갖고 싶다는 새 약속을 꺼낸다,김태중이 태우 위상에 맞는 강남 신사옥을 갖고 싶다는 새 약속을 꺼낸다 다음 첫 행동은 216화에서 김태중의 소개로 진호균을 만나 아노르 명품 입점·1조5천억 원·한일 샤롯 지분을 제시하고 후계 안정 지원까지 거래 카드로 꺼낸다.,"① 215화 L38750~L38905: 씽크윈 기술·데이터 독점 사용권과 무료 배포할 모바일 내비 개발 방침을 확보한다 ② 216화 L38906~L39051: 김태중의 소개로 진호균을 만나 아노르 명품 입점·1조5천억 원·한일 샤롯 지분을 제시하고 후계 안정 지원까지 거래 카드로 꺼낸다 ③ L38261~L38905; predecessor=211화 L38100~L38260: 서브프라임 붕괴를 수익·은행 인수로 연결할 계약 원칙을 확정한다; next=212화 L38261~L38406: IIT 한국 캠퍼스의 한국인 20퍼센트·태우 공채 20퍼센트 확대·빅테크 연구소 유치를 설명해 최재석의 지지를 얻고, 태우자동차의 전기차 투자와 테슬라 경쟁 구도를 점검한다.에서 지급·상대·장소·목표 가운데 둘 이상이 교대한다.",0.96
DCA-N21,김태중 신사옥과 샤롯·한전 부지 카드,216,221,216화,221화,6,김민재·김태중·진호균·진동구·진동오·델핀 아노르·로만·이상우·최재석·천민정,서울역 태우 본사·청담동 식당·러시아·한러 자원협력위·한전·국회·태우 부회장실,216화 L38906~L39051에서 씽크윈 계약 뒤 김태중은 낡은 본사를 대신할 초고층 신사옥을 원한다 김태중의 소개로 진호균을 만나 아노르 명품 입점·1조5천억 원·한일 샤롯 지분을 제시하고 후계 안정 지원까지 거래 카드로 꺼낸다,샤롯그룹 부지를 사서 태우 신사옥 첫 삽을 준비한다 범위 마지막의 한전 이전의 여야 합의와 실제 작동하는 무료 태우맵·첫 대중 이용자를 얻는다까지 실제로 확인할 수 있는가?,할아버지의 오랜 욕심을 받아 강남 노른자위 땅 협상판을 연다 확인 가능한 지급은 한전 이전의 여야 합의와 실제 작동하는 무료 태우맵·첫 대중 이용자를 얻는다,218화 L39227~L39401에서 정부·한전은 거대한 사업만으로 서울 본사를 내주지 않을 수 있고 샤롯 승계 개입은 형제 갈등을 키울 위험이 있다,진호균이 둘째 진동구를 후계자로 직접 지목하며 태우가 실적을 만들어 주면 땅을 넘기겠다고 한다,한전 이전의 여야 합의와 실제 작동하는 무료 태우맵·첫 대중 이용자를 얻는다,신사옥 토지전은 법안과 여론전으로 진전되고 자율주행 기반은 출시된 지도 서비스로 전환된다,221화에서 신사옥 토지전은 법안과 여론전으로 진전되고 자율주행 기반은 출시된 지도 서비스로 전환된다,한전 부지 매각·택시 데이터. 콜 업체와 택시노조를 장악한 서울 지부장의 카르텔을 어떻게 약화시킬 것인가?,콜 업체와 택시노조를 장악한 서울 지부장의 카르텔을 어떻게 약화시킬 것인가? 다음 첫 행동은 222화에서 강 대위에게 차봉훈의 횡령·상납 구조를 조사시키고 강인식의 강인운수를 거점으로 코코아택시 앱과 차량 단말기 개발을 시작한다.,① 221화 L39738~L39888: 한전 이전의 여야 합의와 실제 작동하는 무료 태우맵·첫 대중 이용자를 얻는다 ② 222화 L39889~L40044: 강 대위에게 차봉훈의 횡령·상납 구조를 조사시키고 강인식의 강인운수를 거점으로 코코아택시 앱과 차량 단말기 개발을 시작한다 ③ L38906~L39888; predecessor=215화 L38750~L38905: 씽크윈 기술·데이터 독점 사용권과 무료 배포할 모바일 내비 개발 방침을 확보한다; next=216화 L38906~L39051: 김태중의 소개로 진호균을 만나 아노르 명품 입점·1조5천억 원·한일 샤롯 지분을 제시하고 후계 안정 지원까지 거래 카드로 꺼낸다에서 지급·상대·장소·목표 가운데 둘 이상이 교대한다.,0.96
DCA-N22,코코아택시·무료 단말기와 차봉훈 카르텔 붕괴,222,226,222화,226화,5,김민재·강 대위·천민정·이석준·차봉훈·차일엽·김도환·최재석,강 대위 사무실·태우IT·강인운수·영신택시·서울 택시시장·판교 IIT 부지,222화 L39889~L40044에서 태우맵은 이용자를 모았지만 차봉훈이 서울 택시 데이터 계약을 막는다 강 대위에게 차봉훈의 횡령·상납 구조를 조사시키고 강인식의 강인운수를 거점으로 코코아택시 앱과 차량 단말기 개발을 시작한다,차봉훈 카르텔을 우회할 기사·승객·차량 시스템을 준비한다 범위 마지막의 호출비 없는 플랫폼 우위·IIT 한국 캠퍼스 공식 허가·한전 이전 여야 합의를 얻는다까지 실제로 확인할 수 있는가?,기존 콜망을 빌리지 않고 무료 호출망과 직접 택시회사를 만드는 역공을 연다 확인 가능한 지급은 호출비 없는 플랫폼 우위·IIT 한국 캠퍼스 공식 허가·한전 이전 여야 합의를 얻는다,224화 L40203~L40382에서 콜 업체가 영업을 닫고 차봉훈은 파업 불참 기사를 업계에서 쫓아내겠다고 위협한다,승객이 앱으로 바로 택시를 부르면서 콜 업체 봉쇄가 무력화되고 작은 회사들이 카르텔을 이탈한다,호출비 없는 플랫폼 우위·IIT 한국 캠퍼스 공식 허가·한전 이전 여야 합의를 얻는다,서울 호출 권력은 차봉훈 부자에서 무료 앱과 강인운수 중심의 가맹망으로 넘어간다,226화에서 서울 호출 권력은 차봉훈 부자에서 무료 앱과 강인운수 중심의 가맹망으로 넘어간다,한전 부지 매입·IIT 기공. IIT 판교 건설과 두 신사옥 부지 공개입찰이 실물 단계로 이어진다,IIT 판교 건설과 두 신사옥 부지 공개입찰이 실물 단계로 이어진다 다음 첫 행동은 227화에서 판교 착공식에서 주변 IT 오피스 계획을 세우고 샤롯 가족회의에서 중국 사업을 장남 진동오에게 양보하도록 차남 진동구에게 신호한다.,① 226화 L40562~L40732: 호출비 없는 플랫폼 우위·IIT 한국 캠퍼스 공식 허가·한전 이전 여야 합의를 얻는다 ② 227화 L40733~L40908: 판교 착공식에서 주변 IT 오피스 계획을 세우고 샤롯 가족회의에서 중국 사업을 장남 진동오에게 양보하도록 차남 진동구에게 신호한다 ③ L39889~L40732; predecessor=221화 L39738~L39888: 한전 이전의 여야 합의와 실제 작동하는 무료 태우맵·첫 대중 이용자를 얻는다; next=222화 L39889~L40044: 강 대위에게 차봉훈의 횡령·상납 구조를 조사시키고 강인식의 강인운수를 거점으로 코코아택시 앱과 차량 단말기 개발을 시작한다에서 지급·상대·장소·목표 가운데 둘 이상이 교대한다.,0.96
DCA-N23,강남 쌍부지와 Su-47로 초고층 하늘 확보,227,234,227화,234화,8,김민재·김태중·샤롯 차남·장경준·로만·부시·이호 공군참모총장,판교 IIT 공사현장·샤롯 강남 부지·한전 입찰장·러시아·미국·공군기지,227화 L40733~L40908에서 IIT 한국 캠퍼스가 판교에서 착공하지만 김태중의 태우 신사옥은 아직 땅만 쫓고 있다 판교 착공식에서 주변 IT 오피스 계획을 세우고 샤롯 가족회의에서 중국 사업을 장남 진동오에게 양보하도록 차남 진동구에게 신호한다,IIT·IT 도시를 현실화하면서 샤롯 부지 매각을 성사시킬 승계 구도를 정리한다 범위 마지막의 Su-47 군사자산과 활주로 이전·두 부지 초고층에 반대하지 않겠다는 공군 약속을 확보한다까지 실제로 확인할 수 있는가?,교육 약속을 첫 삽으로 지급하고 샤롯 승계 선택을 장기 경영 관점으로 뒤집는다 확인 가능한 지급은 Su-47 군사자산과 활주로 이전·두 부지 초고층에 반대하지 않겠다는 공군 약속을 확보한다,230화 L41259~L41447에서 현재캐피탈 제휴를 내주어야 하고 삼진이 시세 두 배를 넘게 쓰면 4조 투찰은 질 수 있다,장경준이 회사에서 비상봉투 6조1705억과 자신이 찢은 6조1700억을 비교하며 5억 차이의 패배까지 설계됐음을 깨닫는다,Su-47 군사자산과 활주로 이전·두 부지 초고층에 반대하지 않겠다는 공군 약속을 확보한다,돈으로 사려던 규제 해소가 공군의 숙원 기술을 주는 상호 신뢰 거래로 결산된다,234화에서 돈으로 사려던 규제 해소가 공군의 숙원 기술을 주는 상호 신뢰 거래로 결산된다,서울시 초고층 허가. 서울시와 정부가 실제로 어느 부지에 건축 허가를 내줄지는 남는다,서울시와 정부가 실제로 어느 부지에 건축 허가를 내줄지는 남는다 다음 첫 행동은 235화에서 한 팀장에게 보험 매집을 늘리되 경고 보고서를 정부에 남기게 하고 텍사스 공장에서 머스크에게 매년 10억 달러씩 10년·첫해 최대 30억 달러 투자를 약속한다.,① 234화 L41961~L42135: Su-47 군사자산과 활주로 이전·두 부지 초고층에 반대하지 않겠다는 공군 약속을 확보한다 ② 235화 L42136~L42292: 한 팀장에게 보험 매집을 늘리되 경고 보고서를 정부에 남기게 하고 텍사스 공장에서 머스크에게 매년 10억 달러씩 10년·첫해 최대 30억 달러 투자를 약속한다 ③ L40733~L42135; predecessor=226화 L40562~L40732: 호출비 없는 플랫폼 우위·IIT 한국 캠퍼스 공식 허가·한전 이전 여야 합의를 얻는다; next=227화 L40733~L40908: 판교 착공식에서 주변 IT 오피스 계획을 세우고 샤롯 가족회의에서 중국 사업을 장남 진동오에게 양보하도록 차남 진동구에게 신호한다에서 지급·상대·장소·목표 가운데 둘 이상이 교대한다.,0.96
DCA-N24,스페이스X·반도체·몽골 미래 인프라 투자선언,235,237,235화,237화,3,김민재·김태중·데이비드·한정훈·일론 머스크·채드 헐리·스티브 첸·리사 수·봉 감독·김다정·강수기·강 대위·쩡칭훙,SAVE·스페이스X 마셜제도 기지·위튜브 회의장·태우 사장단회의·태우엔터·서울월드컵경기장·중국 톈진·SG엔터,235화 L42136~L42292에서 Su-47을 얻은 민재는 미국에서 다음 정치·금융 위기와 우주 투자를 점검한다 한 팀장에게 보험 매집을 늘리되 경고 보고서를 정부에 남기게 하고 텍사스 공장에서 머스크에게 매년 10억 달러씩 10년·첫해 최대 30억 달러 투자를 약속한다,주택붕괴 때 책임을 피하고 머스크가 로켓 개발을 포기하지 않을 자금을 댄다 범위 마지막의 반도체 초격차 투자·AI 업무 활용·몽골 자원 계획을 그룹 공통 과제로 확정한다까지 실제로 확인할 수 있는가?,서브프라임 면피 증거와 스페이스X 장기 지분을 동시에 준비한다 확인 가능한 지급은 반도체 초격차 투자·AI 업무 활용·몽골 자원 계획을 그룹 공통 과제로 확정한다,236화 L42293~L42483에서 유튜브가 18표로 한 표 차 패하고 새 이름은 아직 아무 이용자도 없는 플랫폼에 불과하다,각 제휴사가 주주이기 때문에 세계 TV·포털·스마트폰 홍보 비용과 노출을 분담할 수 있음이 확인된다,반도체 초격차 투자·AI 업무 활용·몽골 자원 계획을 그룹 공통 과제로 확정한다,김태중이 현장으로 물러난 뒤 민재가 직접 그룹의 다음 변신을 지휘하는 체제로 넘어간다,237화에서 김태중이 현장으로 물러난 뒤 민재가 직접 그룹의 다음 변신을 지휘하는 체제로 넘어간다,반도체 증설; 몽골 자원; 사장단 설득. 반도체 5배 증설과 세계 최고 목표에 불만인 사장들이 실제 성과가 나오면 따라올 것인가?,반도체 5배 증설과 세계 최고 목표에 불만인 사장들이 실제 성과가 나오면 따라올 것인가? 다음 첫 행동은 238화에서 태우시네마·음원사이트·케이블 3사를 합쳐 태우엔터를 만든 뒤 봉호준에게 제작비 최대 200억 원과 차기작·차차기작 독점투자 계약을 제시해 악수한다.,① 237화 L42484~L42648: 반도체 초격차 투자·AI 업무 활용·몽골 자원 계획을 그룹 공통 과제로 확정한다 ② 238화 L42649~L42803: 태우시네마·음원사이트·케이블 3사를 합쳐 태우엔터를 만든 뒤 봉호준에게 제작비 최대 200억 원과 차기작·차차기작 독점투자 계약을 제시해 악수한다 ③ L42640~L42657; predecessor=234화 L41961~L42135: Su-47 군사자산과 활주로 이전·두 부지 초고층에 반대하지 않겠다는 공군 약속을 확보한다; next=235화 L42136~L42292: 한 팀장에게 보험 매집을 늘리되 경고 보고서를 정부에 남기게 하고 텍사스 공장에서 머스크에게 매년 10억 달러씩 10년·첫해 최대 30억 달러 투자를 약속한다에서 지급·상대·장소·목표 가운데 둘 이상이 교대한다.,0.96
DCA-N24B,태우엔터·위튜브 출시와 콘텐츠 플랫폼 지급,238,242,238화,242화,5,김민재·김태중·데이비드·한정훈·일론 머스크·채드 헐리·스티브 첸·리사 수·봉 감독·김다정·강수기·강 대위·쩡칭훙,SAVE·스페이스X 마셜제도 기지·위튜브 회의장·태우 사장단회의·태우엔터·서울월드컵경기장·중국 톈진·SG엔터,238화 L42649~L42803에서 민재는 IT만으로 그룹 미래를 맡길 수 없다고 보고 문화·교육·금융 확장을 꺼낸다 태우시네마·음원사이트·케이블 3사를 합쳐 태우엔터를 만든 뒤 봉호준에게 제작비 최대 200억 원과 차기작·차차기작 독점투자 계약을 제시해 악수한다,영화·음악·방송을 묶고 세계에 통할 감독을 첫 간판으로 확보한다 범위 마지막의 톱10 가수·오디션 국민흥행과 스페이스X의 장기 충성을 얻는다까지 실제로 확인할 수 있는가?,태우엔터 출범과 봉호준의 두 작품 계약을 같은 화 안에서 실제로 지급한다 확인 가능한 지급은 톱10 가수·오디션 국민흥행과 스페이스X의 장기 충성을 얻는다,240화 L42964~L43132에서 막대한 시설비와 과밀 사고 위험·조작 논란을 막아야 하고 민재도 100만 명 전체는 볼 수 없다,일곱 시간 동안 탈락자 자료를 보며 훗날 여자 아이돌·배우와 빌보드 그룹 멤버를 포함한 네 명의 어린 원석을 찾는다,톱10 가수·오디션 국민흥행과 스페이스X의 장기 충성을 얻는다,태우엔터는 첫 국민 프로그램과 데뷔군을 얻고 우주 투자는 실패를 감수하는 동맹으로 깊어진다,242화에서 태우엔터는 첫 국민 프로그램과 데뷔군을 얻고 우주 투자는 실패를 감수하는 동맹으로 깊어진다,스페이스X 재발사; 음반 톱10 프로젝트. 팰컨1 실패 뒤 다시 성공을 맹세한 머스크가 장기 지원을 실제 발사 성공으로 갚을 수 있는가?,팰컨1 실패 뒤 다시 성공을 맹세한 머스크가 장기 지원을 실제 발사 성공으로 갚을 수 있는가? 다음 첫 행동은 243화에서 복지와 앨범 제작을 앞당기려 했지만 계약 해지·소송 요구가 나오자 오 사장을 현장에 남기고 강 대위에게 SG엔터 강수기 조사를 맡긴다.,① 242화 L43291~L43450: 톱10 가수·오디션 국민흥행과 스페이스X의 장기 충성을 얻는다 ② 243화 L43451~L43611: 복지와 앨범 제작을 앞당기려 했지만 계약 해지·소송 요구가 나오자 오 사장을 현장에 남기고 강 대위에게 SG엔터 강수기 조사를 맡긴다 ③ L42640~L42657;L43442~L43459; predecessor=237화 L42484~L42648: 반도체 초격차 투자·AI 업무 활용·몽골 자원 계획을 그룹 공통 과제로 확정한다; next=238화 L42649~L42803: 태우시네마·음원사이트·케이블 3사를 합쳐 태우엔터를 만든 뒤 봉호준에게 제작비 최대 200억 원과 차기작·차차기작 독점투자 계약을 제시해 악수한다에서 지급·상대·장소·목표 가운데 둘 이상이 교대한다.,0.96
DCA-N24C,SG·양지파 역공과 전원 양도 약속,243,246,243화,246화,4,김민재·김태중·데이비드·한정훈·일론 머스크·채드 헐리·스티브 첸·리사 수·봉 감독·김다정·강수기·강 대위·쩡칭훙,SAVE·스페이스X 마셜제도 기지·위튜브 회의장·태우 사장단회의·태우엔터·서울월드컵경기장·중국 톈진·SG엔터,243화 L43451~L43611에서 오디션 우승자 음반이 1위를 차지하는 동안 김다정 등 네 명이 SG엔터와 접촉한다 복지와 앨범 제작을 앞당기려 했지만 계약 해지·소송 요구가 나오자 오 사장을 현장에 남기고 강 대위에게 SG엔터 강수기 조사를 맡긴다,"네 명의 이탈 원인과 SG엔터·조직폭력 연결을 조사한다 범위 마지막의 태우 가수 네 명과 SG 소속 가수 전원 양도 약속, 태우 불개입 의사, 로펌·감옥 내 보호를 이용한 희망고문 설계를 얻는다. 실제 계약이전·형량·복역은 미지급이다.까지 실제로 확인할 수 있는가?","좋은 계약만으로 지킬 수 없는 콘텐츠 자산의 배후 위협을 특정한다 확인 가능한 지급은 태우 가수 네 명과 SG 소속 가수 전원 양도 약속, 태우 불개입 의사, 로펌·감옥 내 보호를 이용한 희망고문 설계를 얻는다. 실제 계약이전·형량·복역은 미지급이다.",244화 L43612~L43785에서 강수기는 협박을 멈추지 않고 몽골은 중국 철도·인력 없이는 수출할 수 없어 상하이방 몫을 내줘야 한다,강수기의 표정과 조사 결과로 SG 뒤에 양지파·흑사회가 있음을 확인하고 쩡칭훙이 자원 거래에 관심을 보인다,"태우 가수 네 명과 SG 소속 가수 전원 양도 약속, 태우 불개입 의사, 로펌·감옥 내 보호를 이용한 희망고문 설계를 얻는다. 실제 계약이전·형량·복역은 미지급이다.",SG 전원 양도 의사와 강수기 장기통제 설계가 생기지만 태우엔터의 실제 인재 소유권과 강수기의 형량은 확정되지 않는다.,246화에서 SG 전원 양도 의사와 강수기 장기통제 설계가 생기지만 태우엔터의 실제 인재 소유권과 강수기의 형량은 확정되지 않는다.,"가수 계약이전 실행; 강수기 수사·판결·복역; 장기 심리통제 결과. 전원 양도 약속을 실제 계약이전으로 만들고, 희망고문 설계가 판결 전 강수기의 반격을 막을 수 있는가?","전원 양도 약속을 실제 계약이전으로 만들고, 희망고문 설계가 판결 전 강수기의 반격을 막을 수 있는가? 다음 첫 행동은 247화에서 AAA 보험 익스포저와 테슬라 시제품·배터리 공장 계획을 점검한 뒤 부산 게임 결승에서 AOS 유즈맵 개발자들에게 블리야드 지원과 1000만 달러를 제시한다.","① 246화 L43944~L44097: 태우 가수 네 명과 SG 소속 가수 전원 양도 약속, 태우 불개입 의사, 로펌·감옥 내 보호를 이용한 희망고문 설계를 얻는다. 실제 계약이전·형량·복역은 미지급이다. ② 247화 L44098~L44251: AAA 보험 익스포저와 테슬라 시제품·배터리 공장 계획을 점검한 뒤 부산 게임 결승에서 AOS 유즈맵 개발자들에게 블리야드 지원과 1000만 달러를 제시한다 ③ L43442~L43459; predecessor=242화 L43291~L43450: 톱10 가수·오디션 국민흥행과 스페이스X의 장기 충성을 얻는다; next=243화 L43451~L43611: 복지와 앨범 제작을 앞당기려 했지만 계약 해지·소송 요구가 나오자 오 사장을 현장에 남기고 강 대위에게 SG엔터 강수기 조사를 맡긴다에서 지급·상대·장소·목표 가운데 둘 이상이 교대한다.",0.96
DCA-N25,부산 AOS 개발자 5명 1000만 달러 계약,247,247,247화,247화,1,김민재·김태중·한정훈·천민정·최재석·데이비드·일론 머스크·라구람 라잔·로버트 교수·부시·박만덕,부산 게임결승장·국민경제당 선거현장·태우 드라이빙센터·LA 모터쇼·IIT·백악관·신화은행·용산 AI 이벤트·태우 본사,247화 L44098~L44251에서 SG엔터를 삼킨 뒤 민재는 2005년 말 금융·전기차·게임의 새 기회를 점검한다 AAA 보험 익스포저와 테슬라 시제품·배터리 공장 계획을 점검한 뒤 부산 게임 결승에서 AOS 유즈맵 개발자들에게 블리야드 지원과 1000만 달러를 제시한다,위기 보험과 테슬라 공급망을 확인하고 새 게임 장르의 창업진을 선점한다 범위 마지막의 서브프라임 대응상태·전기차 준비를 확인하고 AOS 원천팀과 지분 계약을 얻는다까지 실제로 확인할 수 있는가?,AOS 개발자 다섯 명과 1000만 달러·40/20/40 계약을 현재 화에서 완결한다 확인 가능한 지급은 서브프라임 대응상태·전기차 준비를 확인하고 AOS 원천팀과 지분 계약을 얻는다,247화 L44098~L44251에서 보험금 액면 대비 실제 회수 가능액이 낮고 학생 개발진은 저작권·개발비·생계가 없다,민재 40%·블리야드 20%·개발자 40% 조건에 다섯 명이 즉시 동의해 역사적 계약이 성립한다,서브프라임 대응상태·전기차 준비를 확인하고 AOS 원천팀과 지분 계약을 얻는다,태우의 플랫폼 투자는 기존 서비스에서 아직 이름 없는 게임 장르의 제작사 지분으로 넓어진다,247화에서 태우의 플랫폼 투자는 기존 서비스에서 아직 이름 없는 게임 장르의 제작사 지분으로 넓어진다,AOS 개발; 서브프라임·테슬라 후속. 40·20·40 지분 계약을 맺은 다섯 개발자가 AOS를 독립 장르의 게임으로 완성할 수 있는가?,40·20·40 지분 계약을 맺은 다섯 개발자가 AOS를 독립 장르의 게임으로 완성할 수 있는가? 다음 첫 행동은 248화에서 행정기관 이전 정치 합의를 확인하고 경기도지사 출마를 결심한 최재석에게 선거비 보전 후 돌려주는 크라우드펀딩을 제안한다.,① 247화 L44098~L44251: 서브프라임 대응상태·전기차 준비를 확인하고 AOS 원천팀과 지분 계약을 얻는다 ② 248화 L44252~L44405: 행정기관 이전 정치 합의를 확인하고 경기도지사 출마를 결심한 최재석에게 선거비 보전 후 돌려주는 크라우드펀딩을 제안한다 ③ L44243~L44260; predecessor=246화 L43944~L44097: SG 전원 양도 약속·태우 불개입·희망고문 설계까지만 지급되며 실제 계약이전·형량·복역은 미지급이다.; next=247화 L44098~L44251: AAA 보험 익스포저와 테슬라 시제품·배터리 공장 계획을 점검한 뒤 부산 게임 결승에서 AOS 유즈맵 개발자들에게 블리야드 지원과 1000만 달러를 제시한다에서 지급·상대·장소·목표 가운데 둘 이상이 교대한다.,0.96
DCA-N25B,시민 선거펀드와 세 전기차 공개 실증,248,252,248화,252,5,김민재·김태중·한정훈·천민정·최재석·데이비드·일론 머스크·라구람 라잔·로버트 교수·부시·박만덕,부산 게임결승장·국민경제당 선거현장·태우 드라이빙센터·LA 모터쇼·IIT·백악관·신화은행·용산 AI 이벤트·태우 본사,248화 L44252~L44405에서 AOS 계약은 끝났고 개발자들은 미국으로 돌아가 블리야드 지원을 받을 준비를 한다 행정기관 이전 정치 합의를 확인하고 경기도지사 출마를 결심한 최재석에게 선거비 보전 후 돌려주는 크라우드펀딩을 제안한다,경기도를 국민경제당 기반으로 만들 구심점과 기업 돈 없는 초기 자금을 설계한다 범위 마지막의 최재석과 국민경제당이 경기 주요 시장 10곳 이상까지 얻고 세 전기차가 기자·관람객의 환호를 끌어낸다.까지 실제로 확인할 수 있는가?,행정기관 이전 결산 뒤 최재석의 수도권 도전과 깨끗한 선거자금 해법을 연다 확인 가능한 지급은 최재석과 국민경제당이 경기 주요 시장 10곳 이상까지 얻고 세 전기차가 기자·관람객의 환호를 끌어낸다.,250화 L44568~L44721에서 선거비 보전 기준을 못 넘는 후보는 원금 상환이 어렵고 중장년층은 새 플랫폼 정치영상에 익숙하지 않다,일주일 목표액 달성 뒤 한 달 누적 400억 원·정치채널 구독자 70만 명·후보 80% 보전 가능성이 확인된다,최재석과 국민경제당이 경기 주요 시장 10곳 이상까지 얻고 세 전기차가 기자·관람객의 환호를 끌어낸다.,김민재의 정치 영향력이 경기도 행정으로 굳고 전기차는 연구 과제에서 공개 시장으로 진입한다.,252에서 김민재의 정치 영향력이 경기도 행정으로 굳고 전기차는 연구 과제에서 공개 시장으로 진입한다.,전기차 상용화 경쟁과 세계 경제위기 대비 루프. 김민재가 이날을 자동차 시장 급변의 특이점으로 기억하라고 데이비드에게 말한다.,김민재가 이날을 자동차 시장 급변의 특이점으로 기억하라고 데이비드에게 말한다. 다음 첫 행동은 253에서 전기차를 걱정하는 김태중에게 장기 선점 논리를 설명해 믿음을 얻고 한 팀장·데이비드에게 연체율·파산율·평가등급 괴리를 보고받아 부동산 버블을 경고한 라잔 접촉을 지시한다..,① 252 L44904~L45072: 최재석과 국민경제당이 경기 주요 시장 10곳 이상까지 얻고 세 전기차가 기자·관람객의 환호를 끌어낸다. ② 253 L45073~L45227: 전기차를 걱정하는 김태중에게 장기 선점 논리를 설명해 믿음을 얻고 한 팀장·데이비드에게 연체율·파산율·평가등급 괴리를 보고받아 부동산 버블을 경고한 라잔 접촉을 지시한다. ③ L44243~L44260;L45064~L45081; predecessor=247화 L44098~L44251: 서브프라임 대응상태·전기차 준비를 확인하고 AOS 원천팀과 지분 계약을 얻는다; next=248화 L44252~L44405: 행정기관 이전 정치 합의를 확인하고 경기도지사 출마를 결심한 최재석에게 선거비 보전 후 돌려주는 크라우드펀딩을 제안한다에서 지급·상대·장소·목표 가운데 둘 이상이 교대한다.,0.96
DCA-N25C,서브프라임 경고·KIKO 보험과 AIZ·CITI 수확,253,269,253,269화,17,"김민재·김태중·한정훈·천민정·최재석·데이비드·일론 머스크·라구람 라잔·로버트 교수·부시·박만덕, 김민재·부시·버냉키·미국 연준·재무부 인사·다이먼·샌디 웨일·한정훈·데이비드·박만덕·김태중","부산 게임결승장·국민경제당 선거현장·태우 드라이빙센터·LA 모터쇼·IIT·백악관·신화은행·용산 AI 이벤트·태우 본사, 워싱턴 연준 청사·SAVE·퀀텀펀드·AIZ·CITI 회장실·김포공항·태우 본사",253 L45073~L45227에서 전기차 공개는 호평과 함께 기존 업계의 냉소를 받고 김민재는 미국 출장 중이다. 전기차를 걱정하는 김태중에게 장기 선점 논리를 설명해 믿음을 얻고 한 팀장·데이비드에게 연체율·파산율·평가등급 괴리를 보고받아 부동산 버블을 경고한 라잔 접촉을 지시한다.,전기차 장기 투자를 가족에게 납득시키고 SAVE의 위기 대응 인재를 보강한다. 범위 마지막의 김민재는 국민적 지위와 할아버지의 자랑·승인을 얻고 태우는 금융 1위 도약 다음으로 자동차 세계 1위를 노린다.까지 실제로 확인할 수 있는가?,할아버지의 신뢰라는 가족 보상과 서브프라임 붕괴의 첫 수치를 동시에 제시한다. 확인 가능한 지급은 김민재는 국민적 지위와 할아버지의 자랑·승인을 얻고 태우는 금융 1위 도약 다음으로 자동차 세계 1위를 노린다.,261 L46424~L46598에서 연준은 여전히 낙관론을 고수하고 김태중은 손자가 모난 돌이 되어 공격받을 것을 걱정하며 보험사들은 계약 해지를 애원한다.,HSBC가 100억 달러 손실을 예고하고 뉴센추리 파산이 임박해 위기가 공식 신호탄을 쏘며 부시가 다음 날 당장 만나자고 재촉한다.,김민재는 국민적 지위와 할아버지의 자랑·승인을 얻고 태우는 금융 1위 도약 다음으로 자동차 세계 1위를 노린다.,비밀 투자자 시기가 끝나 공개 재벌 영웅으로 귀환하며 가족의 세계경영 승계 신뢰가 강화된다.,269화에서 비밀 투자자 시기가 끝나 공개 재벌 영웅으로 귀환하며 가족의 세계경영 승계 신뢰가 강화된다.,미국 완성차 무자본 인수와 세계 1위 자동차 루프. 김태중도 눈을 빛내며 GM과 포드 중 어느 회사를 삼킬지 묻는다.,김태중도 눈을 빛내며 GM과 포드 중 어느 회사를 삼킬지 묻는다. 다음 첫 행동은 270에서 강 대위 식당에서 주영곤 재무부 차관·유성민 산업은행 회장을 만나 리먼 6천억 달러 부채 위험을 경고하면서도 보험증서 대가로 AA·AA- 기업 여신 25조 원과 부동산을 요구한다..,① 269화 L47760~L47922: 김민재는 국민적 지위와 할아버지의 자랑·승인을 얻고 태우는 금융 1위 도약 다음으로 자동차 세계 1위를 노린다. ② 270 L47923~L48088: 강 대위 식당에서 주영곤 재무부 차관·유성민 산업은행 회장을 만나 리먼 6천억 달러 부채 위험을 경고하면서도 보험증서 대가로 AA·AA- 기업 여신 25조 원과 부동산을 요구한다. ③ L45064~L45081;L46590~L46607; predecessor=252화 L44904~L45072: 최재석과 국민경제당이 경기 주요 시장 10곳 이상까지 얻고 세 전기차가 기자·관람객의 환호를 끌어낸다.; next=253화 L45073~L45227: 전기차를 걱정하는 김태중에게 장기 선점 논리를 설명해 믿음을 얻고 한 팀장·데이비드에게 연체율·파산율·평가등급 괴리를 보고받아 부동산 버블을 경고한 라잔 접촉을 지시한다.에서 지급·상대·장소·목표 가운데 둘 이상이 교대한다.,0.96
DCA-N27,리먼 보험증서 거래와 회장 승계,270,275,270,275,6,김민재·김태중·주영곤·유성민·박만덕·한정훈·강 대위·데이비드·오바마·조지 소로스·워렌 버핏·최재석·정태섭·박대훈·천민정,강 대위 한정식집·태우 회장실과 이사회·미국 백악관과 월가·한전 부지 금융허브·신화은행·IIT,270 L47923~L48088에서 새 보수 정권이 출범했지만 태우는 대선에 줄을 서지 않고 애플 파크 등 해외 일감으로 독립성을 유지한다. 강 대위 식당에서 주영곤 재무부 차관·유성민 산업은행 회장을 만나 리먼 6천억 달러 부채 위험을 경고하면서도 보험증서 대가로 AA·AA- 기업 여신 25조 원과 부동산을 요구한다.,산업은행의 위험한 리먼 인수에서 태우의 보험증서를 최고가로 현금화·자산화한다. 범위 마지막의 태우는 정권의 미운털에서 대통령 직통 파트너로 바뀌고 규제에 묶인 한전 부지를 국제 금융 중심지로 개발할 길을 얻는다.까지 실제로 확인할 수 있는가?,한국 정부가 자랑하는 리먼 인수안을 김민재가 역으로 25조 원 자산 거래 기회로 바꾼다. 확인 가능한 지급은 태우는 정권의 미운털에서 대통령 직통 파트너로 바뀌고 규제에 묶인 한전 부지를 국제 금융 중심지로 개발할 길을 얻는다.,272 L48271~L48457에서 정부 지원을 받는 AIZ의 연봉 인상은 비판받을 수 있고 이사회는 한정훈의 낙하산 인사를 경계하며 김민재도 할아버지와 결별하듯 취임해야 한다.,김태중은 상석과 회장실을 손자에게 넘기고 즉시 베트남으로 떠나며 비서실장은 10년 명예고문 계약으로 곁을 지킨다.,태우는 정권의 미운털에서 대통령 직통 파트너로 바뀌고 규제에 묶인 한전 부지를 국제 금융 중심지로 개발할 길을 얻는다.,회장 취임 직후 김민재는 국내 대통령에게 길들여지는 대신 국가 프로젝트를 설계해 정부를 태우 성장의 집행자로 전환한다.,275에서 회장 취임 직후 김민재는 국내 대통령에게 길들여지는 대신 국가 프로젝트를 설계해 정부를 태우 성장의 집행자로 전환한다.,한전 부지 금융허브 계약·규제 완화·미국 금융사 유치 루프. 미국 출장에서 월가 대형 금융사 10곳의 한국 이전 계약을 가져와야 한다.,미국 출장에서 월가 대형 금융사 10곳의 한국 이전 계약을 가져와야 한다. 다음 첫 행동은 276에서 다이먼에게 임원 상세정보 심사 도움을 약속하고 CITI·핀테크의 한국 이전 계약을 받은 뒤 보험 청구 완화와 4년 뒤 입주를 교환하도록 맡기며 비트코인 거래소 설립과 데이비드 부사장 배치를 지시한다..,① 275 L48810~L48978: 태우는 정권의 미운털에서 대통령 직통 파트너로 바뀌고 규제에 묶인 한전 부지를 국제 금융 중심지로 개발할 길을 얻는다. ② 276 L48979~L49144: 다이먼에게 임원 상세정보 심사 도움을 약속하고 CITI·핀테크의 한국 이전 계약을 받은 뒤 보험 청구 완화와 4년 뒤 입주를 교환하도록 맡기며 비트코인 거래소 설립과 데이비드 부사장 배치를 지시한다. ③ L48970~L48987; predecessor=269화 L47760~L47922: 김민재는 국민적 지위와 할아버지의 자랑·승인을 얻고 태우는 금융 1위 도약 다음으로 자동차 세계 1위를 노린다.; next=270화 L47923~L48088: 강 대위 식당에서 주영곤 재무부 차관·유성민 산업은행 회장을 만나 리먼 6천억 달러 부채 위험을 경고하면서도 보험증서 대가로 AA·AA- 기업 여신 25조 원과 부동산을 요구한다.에서 지급·상대·장소·목표 가운데 둘 이상이 교대한다.,0.96
DCA-N27B,금융허브·KIKO·통화스와프 국가 방패,276,286,276,286,11,김민재·김태중·주영곤·유성민·박만덕·한정훈·강 대위·데이비드·오바마·조지 소로스·워렌 버핏·최재석·정태섭·박대훈·천민정,강 대위 한정식집·태우 회장실과 이사회·미국 백악관과 월가·한전 부지 금융허브·신화은행·IIT,276 L48979~L49144에서 김민재는 회장 취임 후 첫 미국 출장에서 금융허브 계약과 차기 정권 관계를 확보하려 한다. 다이먼에게 임원 상세정보 심사 도움을 약속하고 CITI·핀테크의 한국 이전 계약을 받은 뒤 보험 청구 완화와 4년 뒤 입주를 교환하도록 맡기며 비트코인 거래소 설립과 데이비드 부사장 배치를 지시한다.,"핀테크 은행을 SAVE의 비밀 기능 후계로 만들고 파산 위기 금융사들의 한국 이전 서명을 모은다. 범위 마지막의 실행된 500억 달러 통화스와프와 미래산업·탄소감축 법안의 초당 추진선, 청년 정치인 육성 약속, 한·미 게임 베타 승인을 얻는다. 법안 통과와 게임 출시·흥행은 아직 전이다.까지 실제로 확인할 수 있는가?","CITI 구조조정에 지친 다이먼·데이비드에게 새 역할과 비트코인 미래 수익을 주며 숨은 미국망을 재편한다. 확인 가능한 지급은 실행된 500억 달러 통화스와프와 미래산업·탄소감축 법안의 초당 추진선, 청년 정치인 육성 약속, 한·미 게임 베타 승인을 얻는다. 법안 통과와 게임 출시·흥행은 아직 전이다.",281 L49803~L49976에서 버핏은 전기차 자체에는 여전히 회의적이고 완공을 앞당기다 날림 공사가 생길 수 있으며 국내 금융사들은 코코아뱅크 규제를 모의한다.,돈보다 가치가 큰 버핏의 이름이 미국 자동차 인수의 신뢰 담보가 되고 수년 묶였던 한전 부지가 마침내 공사장으로 바뀐다.,"실행된 500억 달러 통화스와프와 미래산업·탄소감축 법안의 초당 추진선, 청년 정치인 육성 약속, 한·미 게임 베타 승인을 얻는다. 법안 통과와 게임 출시·흥행은 아직 전이다.","500억 달러 통화스와프는 실행되고, 미래산업·탄소감축 법안과 청년 인재·게임은 실제 입법·출시 전 추진 단계로 구체화된다.","286에서 500억 달러 통화스와프는 실행되고, 미래산업·탄소감축 법안과 청년 인재·게임은 실제 입법·출시 전 추진 단계로 구체화된다.",미래산업·탄소감축 법안 실제 통과; 리그 오브 챔피언스 베타·출시; 미국 자동차사 인수. 천민정이 리그 오브 챔피언스의 한국어 보완과 한·미 베타테스트를 곧바로 시작한다.,천민정이 리그 오브 챔피언스의 한국어 보완과 한·미 베타테스트를 곧바로 시작한다. 다음 첫 행동은 287에서 데이비드의 대선·오스카 규정 성과를 확인하고 미국 자동차의 180억 달러 임시구제를 분석한 뒤 한경신문·주안그룹의 백선 지분 인수를 지시한다..,"① 286 L50615~L50766: 실행된 500억 달러 통화스와프와 미래산업·탄소감축 법안의 초당 추진선, 청년 정치인 육성 약속, 한·미 게임 베타 승인을 얻는다. 법안 통과와 게임 출시·흥행은 아직 전이다. ② 287 L50767~L50931: 데이비드의 대선·오스카 규정 성과를 확인하고 미국 자동차의 180억 달러 임시구제를 분석한 뒤 한경신문·주안그룹의 백선 지분 인수를 지시한다. ③ L48970~L48987;L49968~L49985; predecessor=275화 L48810~L48978: 태우는 정권의 미운털에서 대통령 직통 파트너로 바뀌고 규제에 묶인 한전 부지를 국제 금융 중심지로 개발할 길을 얻는다.; next=276화 L48979~L49144: 다이먼에게 임원 상세정보 심사 도움을 약속하고 CITI·핀테크의 한국 이전 계약을 받은 뒤 보험 청구 완화와 4년 뒤 입주를 교환하도록 맡기며 비트코인 거래소 설립과 데이비드 부사장 배치를 지시한다.에서 지급·상대·장소·목표 가운데 둘 이상이 교대한다.",0.96
DCA-N28,금융위기 GM·OLED·해운·바이오 조건부 인수,287,296,287,296,10,김민재·오바마·티모시·데이비드·한정훈·오희건·워렌 버핏·다이먼·UAW 지도부·김태중·김정우/김장우·서정준·제프 베이조스·일론 머스크,백악관·연준 청사·디트로이트 GM·태우 본사·아마존 자동화시설·마셜제도·센트리언·인천,287 L50767~L50931에서 오바마가 압승하고 미국 빅3는 수백억 달러 적자와 구제금융 청문회를 앞둔 채 파산선에 선다. 데이비드의 대선·오스카 규정 성과를 확인하고 미국 자동차의 180억 달러 임시구제를 분석한 뒤 한경신문·주안그룹의 백선 지분 인수를 지시한다.,오바마 취임 직후 노조·잡뱅크·공장이전 조건을 고치게 하고 백선 예술대상을 태우가 주최한다. 범위 마지막의 타미플루 권리·세계급 연구자·제약 생산사가 하나의 감염병 대응 축으로 결합된다.까지 실제로 확인할 수 있는가?,차기 정권과 자동차 인수의 D-DAY를 확정하면서 OTT 창작자 배척을 자기 시상식으로 돌파한다. 확인 가능한 지급은 타미플루 권리·세계급 연구자·제약 생산사가 하나의 감염병 대응 축으로 결합된다.,291 L51426~L51615에서 러스트벨트 노조는 오바마 핵심 지지층이고 미국 자존심 때문에 한국 기업 매각 반대도 거세며 태우까지 적자에 빠질 위험이 있다.,취임사부터 김민재를 겨냥한 외국투자 메시지가 나오고 티모시가 미국 자동차 빅3 한 곳을 인수해 달라고 공식 요청한다.,타미플루 권리·세계급 연구자·제약 생산사가 하나의 감염병 대응 축으로 결합된다.,미국 자동차 연합의 힘을 사람·AI·제약사가 연합하는 바이오 모델로 반복한다.,296에서 미국 자동차 연합의 힘을 사람·AI·제약사가 연합하는 바이오 모델로 반복한다.,AI 바이오 상용화·차기 팬데믹. 태미플루 생산권을 받은 서정준과 연구자 김정우가 처음 마주해 한국 감염병 대응팀의 실행 속도가 시험대에 오른다.,태미플루 생산권을 받은 서정준과 연구자 김정우가 처음 마주해 한국 감염병 대응팀의 실행 속도가 시험대에 오른다. 다음 첫 행동은 297화에서 제프 베이조스에게 한국 전자상거래 법인·자동화 인력·20억 달러 투자를 요청하고 자체 전기배송을 제안한다..,"① 296 L52303~L52474: 타미플루 권리·세계급 연구자·제약 생산사가 하나의 감염병 대응 축으로 결합된다. ② 297화 L52475~L52622: 제프 베이조스에게 한국 전자상거래 법인·자동화 인력·20억 달러 투자를 요청하고 자체 전기배송을 제안한다. ③ L51413~L51438;L52466~L52483; predecessor=286화 L50615~L50766: 실행된 500억 달러 통화스와프와 미래산업·탄소감축 법안의 초당 추진선, 청년 정치인 육성 약속, 한·미 게임 베타 승인을 얻는다. 법안 통과와 게임 출시·흥행은 아직 전이다.; next=287화 L50767~L50931: 데이비드의 대선·오스카 규정 성과를 확인하고 미국 자동차의 180억 달러 임시구제를 분석한 뒤 한경신문·주안그룹의 백선 지분 인수를 지시한다.에서 지급·상대·장소·목표 가운데 둘 이상이 교대한다.",0.96
DCA-N28B,아마존 로켓·SpaceX 유통과 우주 실행축,297,301,297화,301,5,김민재·오바마·티모시·데이비드·한정훈·오희건·워렌 버핏·다이먼·UAW 지도부·김태중·김정우/김장우·서정준·제프 베이조스·일론 머스크,백악관·연준 청사·디트로이트 GM·태우 본사·아마존 자동화시설·마셜제도·센트리언·인천,297화 L52475~L52622에서 GM 계약을 마친 김민재는 귀국 전 아마존을 방문한다. 제프 베이조스에게 한국 전자상거래 법인·자동화 인력·20억 달러 투자를 요청하고 자체 전기배송을 제안한다.,한국형 아마존과 당일·익일배송망을 세운다. 범위 마지막의 태우의 미래 포트폴리오가 지상 이동·AI·우주·바이오로 분기한다.까지 실제로 확인할 수 있는가?,미국에서 배운 물류 혁신을 한국 전기차 생태계의 수요로 바꾼다. 확인 가능한 지급은 태우의 미래 포트폴리오가 지상 이동·AI·우주·바이오로 분기한다.,299화 L52804~L52960에서 양산은 연말 이후이고 국책사업 독점 공격과 국내 영화계의 OTT 거부가 남아 있다.,봉 감독의 외국어영화상 수상이 회귀 전보다 10년 앞당겨져 OTT의 작품성을 증명한다.,태우의 미래 포트폴리오가 지상 이동·AI·우주·바이오로 분기한다.,세 개의 성공 신호를 빠르게 연결해 위기 수확 다음 단계의 규모를 키운다.,301에서 세 개의 성공 신호를 빠르게 연결해 위기 수확 다음 단계의 규모를 키운다.,팬데믹·타미플루 수확. WHO 팬데믹 선언이 무료 광고가 될 전망이다.,WHO 팬데믹 선언이 무료 광고가 될 전망이다. 다음 첫 행동은 302화에서 GM 인사 자료를 직접 검토하다 델핀에게 청문회 전략을 자문하고 휠체어 대신 오픈카로 출석해 패널 자료를 제시한다..,① 301 L53126~L53287: 태우의 미래 포트폴리오가 지상 이동·AI·우주·바이오로 분기한다. ② 302화 L53288~L53462: GM 인사 자료를 직접 검토하다 델핀에게 청문회 전략을 자문하고 휠체어 대신 오픈카로 출석해 패널 자료를 제시한다. ③ L52466~L52483; predecessor=296화 L52303~L52474: 타미플루 권리·세계급 연구자·제약 생산사가 하나의 감염병 대응 축으로 결합된다.; next=297화 L52475~L52622: 제프 베이조스에게 한국 전자상거래 법인·자동화 인력·20억 달러 투자를 요청하고 자체 전기배송을 제안한다.에서 지급·상대·장소·목표 가운데 둘 이상이 교대한다.,0.96
DCA-N29,청문회 역공을 타미플루·충전망·로켓·애플카로 지급,302,316,302화,316,15,김민재·델핀·김 의원·대통령실장·사천리 이장덕·유 회장·서정준·김장우·천민정·최재석·오정훈·압둘아지즈·빈 살만·스티브 잡스,국회 청문회장·지하철 9호선·사천리 제약공장·센트리언·서울·경기·사우디·로켓 물류망·애플 발표회·GM 공장,302화 L53288~L53462에서 AIZ와 GM 인수 뒤 조직 정리로 김민재가 과로하고 정치권은 태우건설 국책사업을 공격한다. GM 인사 자료를 직접 검토하다 델핀에게 청문회 전략을 자문하고 휠체어 대신 오픈카로 출석해 패널 자료를 제시한다.,9호선 과잉공사·독점 의혹을 증거로 반박한다. 범위 마지막의 애플카는 제품 발표를 넘어 미국 제조업 회생과 전기차 정책의 지렛대가 된다.까지 실제로 확인할 수 있는가?,약점 찾기식 청문회를 공개 역공과 이미지 상승 기회로 바꾼다. 확인 가능한 지급은 애플카는 제품 발표를 넘어 미국 제조업 회생과 전기차 정책의 지렛대가 된다.,309 L54454~L54614에서 서울시장은 재선을 원하고 태우는 요금 인하 수익 감소를 감수해야 한다.,서울시가 충전망 투자에 나서고 시장은 9호선 개선을 자기 성과로 발표할 수 있게 된다.,애플카는 제품 발표를 넘어 미국 제조업 회생과 전기차 정책의 지렛대가 된다.,연속 시연의 환호 뒤 주가·정책 숫자를 붙여 공개 보상을 현금화한다.,316에서 연속 시연의 환호 뒤 주가·정책 숫자를 붙여 공개 보상을 현금화한다.,보조금 확정·양산 수요. 스티브가 휴식 대신 이틀짜리 아이디어 회의를 시작한다.,"스티브가 휴식 대신 이틀짜리 아이디어 회의를 시작한다. 다음 첫 행동은 317에서 미국 7,500달러·유럽 6천 유로 계획을 확인하고 중국 기업형 보조금·현지 공장을 검토한 뒤 다이먼에게 비트코인 3만 달러 미래를 설명한다..","① 316 L55616~L55812: 애플카는 제품 발표를 넘어 미국 제조업 회생과 전기차 정책의 지렛대가 된다. ② 317 L55813~L55972: 미국 7,500달러·유럽 6천 유로 계획을 확인하고 중국 기업형 보조금·현지 공장을 검토한 뒤 다이먼에게 비트코인 3만 달러 미래를 설명한다. ③ L53785~L53802;L54109~L54126;L54930~L54947;L55427~L55444; predecessor=301화 L53126~L53287: 태우의 미래 포트폴리오가 지상 이동·AI·우주·바이오로 분기한다.; next=302화 L53288~L53462: GM 인사 자료를 직접 검토하다 델핀에게 청문회 전략을 자문하고 휠체어 대신 오픈카로 출석해 패널 자료를 제시한다.에서 지급·상대·장소·목표 가운데 둘 이상이 교대한다.",0.96
DCA-N30,애플카 수요·사우디 매수벽으로 테슬라 숏 항복,317,326,317,326화,10,김민재·다이먼·일론 머스크·빈 살만·파이드 왕자·할 핀니·조지 소로스·제임스 카노스·천민정·강 대위,미국·유럽·중국 전기차시장·전 세계 애플 매장·테슬라 상장시장·사우디 국부펀드·태우 본사,"317 L55813~L55972에서 스티브와 이틀 회의 뒤 미국·유럽 보조금이 구체화되고 중국 진출만 남는다. 미국 7,500달러·유럽 6천 유로 계획을 확인하고 중국 기업형 보조금·현지 공장을 검토한 뒤 다이먼에게 비트코인 3만 달러 미래를 설명한다.",중국 생산·보조금과 비트코인 제도권 신뢰를 확보한다. 범위 마지막의 전기차 동맹이 완승하고 카노스가 장기 적으로 남는다.까지 실제로 확인할 수 있는가?,애플카의 세계 시장을 열면서 비트코인이라는 장기 자산의 신뢰 기반을 준비한다. 확인 가능한 지급은 전기차 동맹이 완승하고 카노스가 장기 적으로 남는다.,321 L56458~L56631에서 태우·핀테크 전 자금을 쓰면 기존 사업을 철수해야 하고 월가 하이에나가 몰려든다.,사우디 국부펀드 관계자들이 예상보다 빨리 본사에 도착한다.,전기차 동맹이 완승하고 카노스가 장기 적으로 남는다.,전기차 동맹이 완승하고 카노스가 장기 적으로 남는다.,326화에서 전기차 동맹이 완승하고 카노스가 장기 적으로 남는다.,태우그룹 공매도 원한. 카노스가 태우 폭락을 기다린다.,카노스가 태우 폭락을 기다린다. 다음 첫 행동은 327화에서 비상회의에서 일본 제조업 KIKO·공매도와 남유럽 위기 투자를 승인한다..,"① 326화 L57323~L57487: 전기차 동맹이 완승하고 카노스가 장기 적으로 남는다. ② 327화 L57488~L57633: 비상회의에서 일본 제조업 KIKO·공매도와 남유럽 위기 투자를 승인한다. ③ L55813~L57487; predecessor=316화 L55616~L55812: 애플카는 제품 발표를 넘어 미국 제조업 회생과 전기차 정책의 지렛대가 된다.; next=317화 L55813~L55972: 미국 7,500달러·유럽 6천 유로 계획을 확인하고 중국 기업형 보조금·현지 공장을 검토한 뒤 다이먼에게 비트코인 3만 달러 미래를 설명한다.에서 지급·상대·장소·목표 가운데 둘 이상이 교대한다.",0.96
DCA-N31,일본·남유럽 금융전과 국민경제당 선거망,327,333,327화,333,7,김민재·한정훈·조지 소로스·최재석·천민정·강 대위·추영희·조영수·노무라 관계자·강일파,태우 비상회의·일본 금융시장과 재난지역·서울 무상급식 주민투표·전국 캡틴 PC방 260곳·필리핀 강일파 사무실·태우 상황실,327화 L57488~L57633에서 후쿠다 소장이 적자 계열사 누적 위험을 경고한다. 비상회의에서 일본 제조업 KIKO·공매도와 남유럽 위기 투자를 승인한다.,일본 대지진과 유럽 재정위기를 이중 수익원으로 삼는다. 범위 마지막의 태우는 2011년 수확까지 적자를 감수한다.까지 실제로 확인할 수 있는가?,다음 위기 전에 현금 방벽을 만든다. 확인 가능한 지급은 태우는 2011년 수확까지 적자를 감수한다.,330 L57963~L58138에서 대규모 차입과 현진해운 파산 위험이 있다.,가입자·코코아뱅크 고객이 급증하고 조영수 회장이 먼저 연락한다.,태우는 2011년 수확까지 적자를 감수한다.,태우는 2011년 수확까지 적자를 감수한다.,333에서 태우는 2011년 수확까지 적자를 감수한다.,대지진·PF 수확. 대지진 시점이 다가온다.,대지진 시점이 다가온다. 다음 첫 행동은 334에서 항공기·버스를 계약하고 최재석에게 긴급 기자회견과 교민협조 역할을 맡긴다..,① 333 L58496~L58665: 태우는 2011년 수확까지 적자를 감수한다. ② 334 L58666~L58839: 항공기·버스를 계약하고 최재석에게 긴급 기자회견과 교민협조 역할을 맡긴다. ③ L58657~L58674; predecessor=326화 L57323~L57487: 전기차 동맹이 완승하고 카노스가 장기 적으로 남는다.; next=327화 L57488~L57633: 비상회의에서 일본 제조업 KIKO·공매도와 남유럽 위기 투자를 승인한다.에서 지급·상대·장소·목표 가운데 둘 이상이 교대한다.,0.96
DCA-N31B,동일본 대지진 대피준비와 일본 금융결산,334,337,334,337,4,김민재·한정훈·조지 소로스·최재석·천민정·강 대위·추영희·조영수·노무라 관계자·강일파,태우 비상회의·일본 금융시장과 재난지역·서울 무상급식 주민투표·전국 캡틴 PC방 260곳·필리핀 강일파 사무실·태우 상황실,334 L58666~L58839에서 2011년 3월 일본에 첫 지진이 난다. 항공기·버스를 계약하고 최재석에게 긴급 기자회견과 교민협조 역할을 맡긴다.,일본 교민 대피수단을 마련하고 최재석의 지도력을 세운다. 범위 마지막의 일본 수확이 유럽전과 물류망을 강화한다.까지 실제로 확인할 수 있는가?,더 큰 참사 전에 교민을 구하고 도덕적 면죄부를 얻는다. 확인 가능한 지급은 일본 수확이 유럽전과 물류망을 강화한다.,335 L58840~L59004에서 예측이 틀리면 그룹 신뢰가 무너진다.,실제 대피가 끝나기 전 모든 전화가 울리고 동일본 대지진이 발생해 예측이 적중했다는 신호가 현실 재난으로 바뀐다.,일본 수확이 유럽전과 물류망을 강화한다.,일본 수확이 유럽전과 물류망을 강화한다.,337에서 일본 수확이 유럽전과 물류망을 강화한다.,유럽전·서울시장 보궐. 서울 무상급식 주민투표가 다가온다.,서울 무상급식 주민투표가 다가온다. 다음 첫 행동은 338에서 그리스 투표 철회를 전제로 작전을 지속하고 국민경제당에는 서울 투표 불참 침묵을 지시한다..,① 337 L59167~L59333: 일본 수확이 유럽전과 물류망을 강화한다. ② 338 L59334~L59486: 그리스 투표 철회를 전제로 작전을 지속하고 국민경제당에는 서울 투표 불참 침묵을 지시한다. ③ L58657~L58674;L59158~L59175; predecessor=333화 L58496~L58665: 태우는 2011년 수확까지 적자를 감수한다.; next=334화 L58666~L58839: 항공기·버스를 계약하고 최재석에게 긴급 기자회견과 교민협조 역할을 맡긴다.에서 지급·상대·장소·목표 가운데 둘 이상이 교대한다.,0.96
DCA-N31C,그리스·서울 투표와 DDoS 대권증거,338,341,338,341화,4,김민재·한정훈·조지 소로스·최재석·천민정·강 대위·추영희·조영수·노무라 관계자·강일파,태우 비상회의·일본 금융시장과 재난지역·서울 무상급식 주민투표·전국 캡틴 PC방 260곳·필리핀 강일파 사무실·태우 상황실,338 L59334~L59486에서 그리스와 서울에서 서로 다른 국민투표가 논의된다. 그리스 투표 철회를 전제로 작전을 지속하고 국민경제당에는 서울 투표 불참 침묵을 지시한다.,"유럽 포지션을 유지하고 서울시장 보궐을 유도한다. 범위 마지막의 국민경제당 후보가 서울시장 보궐선거에서 36대34, 2퍼센트 차이로 당선된다.까지 실제로 확인할 수 있는가?","두 투표 결과를 읽고 먼저 움직인다. 확인 가능한 지급은 국민경제당 후보가 서울시장 보궐선거에서 36대34, 2퍼센트 차이로 당선된다.",339 L59487~L59656에서 여당이 공격에 성공하면 투표율을 조작할 수 있다.,천민정이 북한 공격 IP를 미끼로 범인의 시험접속을 잡을 계획을 세운다.,"국민경제당 후보가 서울시장 보궐선거에서 36대34, 2퍼센트 차이로 당선된다.",국민경제당이 서울시장 승리를 얻고 김민재는 오래 침묵한 최재석을 당의 대권 중심으로 세울 때라고 판단한다. 실제 대권 선언은 아직 전이다.,341화에서 국민경제당이 서울시장 승리를 얻고 김민재는 오래 침묵한 최재석을 당의 대권 중심으로 세울 때라고 판단한다. 실제 대권 선언은 아직 전이다.,최재석의 대권 결심·선언; 해외 투자. 서울시장 승리를 발판으로 최재석이 오랜 침묵을 깨고 실제 대권 도전에 나설 것인가?,서울시장 승리를 발판으로 최재석이 오랜 침묵을 깨고 실제 대권 도전에 나설 것인가? 다음 첫 행동은 342화에서 디도스 수사를 확산하고 한정훈에게 유럽 청산·데이비드에게 미국 셰일 인맥 구축을 맡긴다..,"① 341화 L59812~L59973: 국민경제당 후보가 서울시장 보궐선거에서 36대34, 2퍼센트 차이로 당선된다. ② 342화 L59974~L60147: 디도스 수사를 확산하고 한정훈에게 유럽 청산·데이비드에게 미국 셰일 인맥 구축을 맡긴다. ③ L59325~L59342; predecessor=337화 L59167~L59333: 일본 수확이 유럽전과 물류망을 강화한다.; next=338화 L59334~L59486: 그리스 투표 철회를 전제로 작전을 지속하고 국민경제당에는 서울 투표 불참 침묵을 지시한다.에서 지급·상대·장소·목표 가운데 둘 이상이 교대한다.",0.96
DCA-N32,로보 지분과 당뇨·mRNA 공동연구,342,344,342화,344,3,김민재·한정훈·데이비드·부시·트럼프·천민정·서정준·김장우·박민용·오스틴·베릴·최재석·김태중·후쿠다,센트리언·로보 노디스크 재단과 덴마크 연구소·도산 사장단회의·텍사스 오스틴과 왜그너 목장·태우 금융타워·태우 본사와 계열사 교육실,342화 L59974~L60147에서 서울시장 승리 뒤 최재석이 대권 도전을 결심한다. 디도스 수사를 확산하고 한정훈에게 유럽 청산·데이비드에게 미국 셰일 인맥 구축을 맡긴다.,유럽 투자금을 회수하며 저유가 때 셰일사를 살 준비를 한다. 범위 마지막의 태우가 세계 제약 연구비를 대는 핵심 주주로 오른다.까지 실제로 확인할 수 있는가?,곳간 수익을 셰일혁명 준비로 옮긴다. 확인 가능한 지급은 태우가 세계 제약 연구비를 대는 핵심 주주로 오른다.,343 L60148~L60318에서 개발 3~5년·회수 10년 이상이다.,체중감소 부작용이 미래 효능이라는 회귀지식으로 50배 기업을 고른다.,태우가 세계 제약 연구비를 대는 핵심 주주로 오른다.,태우가 세계 제약 연구비를 대는 핵심 주주로 오른다.,344에서 태우가 세계 제약 연구비를 대는 핵심 주주로 오른다.,공동 신약·미국 정치인맥. 데이비드가 트럼프 후원을 시작한다.,데이비드가 트럼프 후원을 시작한다. 다음 첫 행동은 345에서 후분양 10곳 확대를 요구하고 박민용에게 매입가 그대로 현금 인수를 제안한다..,"① 344 L60319~L60493: 태우가 세계 제약 연구비를 대는 핵심 주주로 오른다. ② 345 L60494~L60656: 후분양 10곳 확대를 요구하고 박민용에게 매입가 그대로 현금 인수를 제안한다. ③ L60485~L60502; predecessor=341화 L59812~L59973: 국민경제당 후보가 서울시장 보궐선거에서 36대34, 2퍼센트 차이로 당선된다.; next=342화 L59974~L60147: 디도스 수사를 확산하고 한정훈에게 유럽 청산·데이비드에게 미국 셰일 인맥 구축을 맡긴다.에서 지급·상대·장소·목표 가운데 둘 이상이 교대한다.",0.96
DCA-N32B,도산 장비·텍사스 부지·체셔피크 셰일망,345,351,345,351,7,김민재·한정훈·데이비드·부시·트럼프·천민정·서정준·김장우·박민용·오스틴·베릴·최재석·김태중·후쿠다,센트리언·로보 노디스크 재단과 덴마크 연구소·도산 사장단회의·텍사스 오스틴과 왜그너 목장·태우 금융타워·태우 본사와 계열사 교육실,345 L60494~L60656에서 태우건설은 후분양 계획과 수주부진에 시달린다. 후분양 10곳 확대를 요구하고 박민용에게 매입가 그대로 현금 인수를 제안한다.,도산 유동성 위기에서 범캣을 5조 원에 산다. 범위 마지막의 태우 동맹이 에너지·정치·금융으로 입체화된다.까지 실제로 확인할 수 있는가?,건설 침체를 범캣 저점인수로 바꾼다. 확인 가능한 지급은 태우 동맹이 에너지·정치·금융으로 입체화된다.,348 L60983~L61166에서 지역 보수층은 한국기업을 불신한다.,부시의 소개로 만난 텍사스 토지 소유주가 제주도보다 큰 50만 에이커 목장 매물을 알려 준다.,태우 동맹이 에너지·정치·금융으로 입체화된다.,태우 동맹이 에너지·정치·금융으로 입체화된다.,351에서 태우 동맹이 에너지·정치·금융으로 입체화된다.,금융허브·트럼프 성장. 유럽 금융사를 더 끌어와야 한다.,유럽 금융사를 더 끌어와야 한다. 다음 첫 행동은 352에서 퀀텀·버크셔·핀테크·노무라·BNP를 완공식에 모으고 홍콩 통제 위험을 설득한다..,① 351 L61506~L61665: 태우 동맹이 에너지·정치·금융으로 입체화된다. ② 352 L61666~L61849: 퀀텀·버크셔·핀테크·노무라·BNP를 완공식에 모으고 홍콩 통제 위험을 설득한다. ③ L60485~L60502;L61657~L61674; predecessor=344화 L60319~L60493: 태우가 세계 제약 연구비를 대는 핵심 주주로 오른다.; next=345화 L60494~L60656: 후분양 10곳 확대를 요구하고 박민용에게 매입가 그대로 현금 인수를 제안한다.에서 지급·상대·장소·목표 가운데 둘 이상이 교대한다.,0.96
DCA-N32C,금융타워·제1야당과 직원 가족제도,352,356,352,356,5,김민재·한정훈·데이비드·부시·트럼프·천민정·서정준·김장우·박민용·오스틴·베릴·최재석·김태중·후쿠다,센트리언·로보 노디스크 재단과 덴마크 연구소·도산 사장단회의·텍사스 오스틴과 왜그너 목장·태우 금융타워·태우 본사와 계열사 교육실,352 L61666~L61849에서 한정훈이 유럽 금융사를 타워로 끌어오고 김태중도 귀국한다. 퀀텀·버크셔·핀테크·노무라·BNP를 완공식에 모으고 홍콩 통제 위험을 설득한다.,70층 타워를 홍콩·싱가포르 대안으로 연다. 범위 마지막의 성공 보상이 직원 가족의 삶으로 내려간다.까지 실제로 확인할 수 있는가?,금융사와 자금을 모아 서울을 아시아 허브로 만든다. 확인 가능한 지급은 성공 보상이 직원 가족의 삶으로 내려간다.,354 L62005~L62159에서 대선은 8개월뿐이고 협상은 비공식이다.,"국민경제당이 첫 야당 지위를 얻고 센트리언의 인슐린 개발이 끝난 가운데, 서정준은 덴마크 공동연구·지분협상을 다음 확장안으로 제시한다.",성공 보상이 직원 가족의 삶으로 내려간다.,성공 보상이 직원 가족의 삶으로 내려간다.,356에서 성공 보상이 직원 가족의 삶으로 내려간다.,사내문화 혁신. 정책을 실제 정착시켜야 한다.,정책을 실제 정착시켜야 한다. 다음 첫 행동은 357에서 후쿠다·천민정 의견을 받아 임원 접근금지 커뮤니티를 만들고 완공식에서 오희건·머스크를 맞는다..,① 356 L62332~L62511: 성공 보상이 직원 가족의 삶으로 내려간다. ② 357 L62512~L62684: 후쿠다·천민정 의견을 받아 임원 접근금지 커뮤니티를 만들고 완공식에서 오희건·머스크를 맞는다. ③ L61657~L61674; predecessor=351화 L61506~L61665: 태우 동맹이 에너지·정치·금융으로 입체화된다.; next=352화 L61666~L61849: 퀀텀·버크셔·핀테크·노무라·BNP를 완공식에 모으고 홍콩 통제 위험을 설득한다.에서 지급·상대·장소·목표 가운데 둘 이상이 교대한다.,0.96
DCA-N33,신사옥·대선·사드와 투게더워크-ARN 교환,357,368,357,368,12,김민재·김태중·천민정·최재석·트럼프·오바마·일론 머스크·강준용·진호균·진동구·진동오·손정우·베릴·리사 수·한정훈,태우 신사옥·대선 토론장과 이동차량·백악관·전경련 회의장·강 대위 식당·태우반도체 사옥,357 L62512~L62684에서 사내문화 개혁에 임원 반발이 일어난다. 후쿠다·천민정 의견을 받아 임원 접근금지 커뮤니티를 만들고 완공식에서 오희건·머스크를 맞는다.,익명 커뮤니티와 글로벌 동맹을 정착시킨다. 범위 마지막의 태우는 독사과를 넘기고 미래 600억 달러 설계사를 얻는다.까지 실제로 확인할 수 있는가?,신사옥을 기술·인재·관계의 새 출발로 만든다. 확인 가능한 지급은 태우는 독사과를 넘기고 미래 600억 달러 설계사를 얻는다.,362화 L63392~L63562에서 정치생명이 끝날 수 있다.,중도·양당 지지자도 결단을 지지하며 92석 당이 개헌 열쇠가 된다.,태우는 독사과를 넘기고 미래 600억 달러 설계사를 얻는다.,태우는 독사과를 넘기고 미래 600억 달러 설계사를 얻는다.,368에서 태우는 독사과를 넘기고 미래 600억 달러 설계사를 얻는다.,ARN 인수·사드 배치. 리사에게 사후 통보해야 한다.,리사에게 사후 통보해야 한다. 다음 첫 행동은 369에서 긴급계약을 설명하고 ARN·AI 설계를 파운드리 수주와 연결한다..,① 368 L64429~L64601: 태우는 독사과를 넘기고 미래 600억 달러 설계사를 얻는다. ② 369 L64602~L64774: 긴급계약을 설명하고 ARN·AI 설계를 파운드리 수주와 연결한다. ③ L64593~L64610; predecessor=356화 L62332~L62511: 성공 보상이 직원 가족의 삶으로 내려간다.; next=357화 L62512~L62684: 후쿠다·천민정 의견을 받아 임원 접근금지 커뮤니티를 만들고 완공식에서 오희건·머스크를 맞는다.에서 지급·상대·장소·목표 가운데 둘 이상이 교대한다.,0.96
DCA-N33B,테이퍼링 3단 금융작전과 3차 석유전 준비,369,373,369,373,5,"김민재·김태중·천민정·최재석·트럼프·오바마·일론 머스크·강준용·진호균·진동구·진동오·손정우·베릴·리사 수·한정훈, 김민재·한정훈·조지 소로스·진동구·진동오·천민정·데이비드·후쿠다·다이먼","태우 신사옥·대선 토론장과 이동차량·백악관·전경련 회의장·강 대위 식당·태우반도체 사옥, 금융타워·강 대위 식당·샤롯 사장단 회의·태우 인공지능센터·태우 신사옥",369 L64602~L64774에서 손정우 계약이 끝나고 베릴은 1억 달러를 받는다. 긴급계약을 설명하고 ARN·AI 설계를 파운드리 수주와 연결한다.,리사 반발을 풀고 팹리스 투자를 확대한다. 범위 마지막의 금융사 전부가 먹어도 남을 새 프로젝트가 열린다.까지 실제로 확인할 수 있는가?,ARN을 파운드리와 결합해 AI 설계 방벽을 만든다. 확인 가능한 지급은 금융사 전부가 먹어도 남을 새 프로젝트가 열린다.,371 L64952~L65120에서 진호균 회장은 장남을 질책한다.,다른 사장들이 진동구 편에 서기 시작한다.,금융사 전부가 먹어도 남을 새 프로젝트가 열린다.,태우의 위기 수확이 국가 간 에너지전으로 커진다.,373에서 태우의 위기 수확이 국가 간 에너지전으로 커진다.,석유전쟁·크림반도. 한정훈은 양적완화 연습경기보다 훨씬 큰 3차 석유전쟁 타임라인을 후쿠다·데이비드·다이먼과 짜야 한다.,한정훈은 양적완화 연습경기보다 훨씬 큰 3차 석유전쟁 타임라인을 후쿠다·데이비드·다이먼과 짜야 한다. 다음 첫 행동은 374에서 저궤도 통신·전기차·자원 인프라 계획을 재확인하고 금융타워의 크림반도 투자금을 유지한다..,① 373 L65295~L65470: 금융사 전부가 먹어도 남을 새 프로젝트가 열린다. ② 374 L65471~L65627: 저궤도 통신·전기차·자원 인프라 계획을 재확인하고 금융타워의 크림반도 투자금을 유지한다. ③ L64593~L64610; predecessor=368화 L64429~L64601: 태우는 독사과를 넘기고 미래 600억 달러 설계사를 얻는다.; next=369화 L64602~L64774: 긴급계약을 설명하고 ARN·AI 설계를 파운드리 수주와 연결한다.에서 지급·상대·장소·목표 가운데 둘 이상이 교대한다.,0.96
DCA-N33C,몽골 운송병목·크림제재와 중국 판로협상,374,377,374,377,4,김민재·한정훈·후쿠다·데이비드·로만·리강·쩡훙친·태우 계열사 사장단,태우 종무식·금융타워·부산 월드컵경기장 VVIP석·상하이 식당,374 L65471~L65627에서 2013 사장단이 전자 1위와 상사·자원 적자를 보고한다. 저궤도 통신·전기차·자원 인프라 계획을 재확인하고 금융타워의 크림반도 투자금을 유지한다.,계열사 시스템을 유지하며 러시아 포지션을 버틴다. 범위 마지막의 차기 중국 권력자와 운송사업·20년 계약의 협상선을 열고 주석 보고 약속을 얻는다. 실제 장기계약과 자원 판로는 아직 전이다.까지 실제로 확인할 수 있는가?,현재 적자를 미래 인프라와 금융전의 비용으로 재해석한다. 확인 가능한 지급은 차기 중국 권력자와 운송사업·20년 계약의 협상선을 열고 주석 보고 약속을 얻는다. 실제 장기계약과 자원 판로는 아직 전이다.,375 L65628~L65819에서 서방제재 속 러시아 접촉은 미국·유럽 보복을 부를 수 있다.,금융타워는 보너스 잔치를 하고 외국기업 철수 속 태우 공장의 협상가치가 높아진다.,차기 중국 권력자와 운송사업·20년 계약의 협상선을 열고 주석 보고 약속을 얻는다. 실제 장기계약과 자원 판로는 아직 전이다.,"쩡훙친의 소개로 차기 권력 보험은 얻지만, 미중분쟁에도 끊기지 않을 중국 자원 판로는 보고·계약 전 제안 단계다.","377에서 쩡훙친의 소개로 차기 권력 보험은 얻지만, 미중분쟁에도 끊기지 않을 중국 자원 판로는 보고·계약 전 제안 단계다.",중국 정부 승인·20년 계약 체결; 러시아 허가; 사우디 증산전. 사우디 증산 시점과 왕위승계를 확인하러 간다.,사우디 증산 시점과 왕위승계를 확인하러 간다. 다음 첫 행동은 378에서 살만에게 증산 피해와 빈 살만 왕세자화를 경고하며 부패 왕족 숙청 구상을 꺼낸다..,① 377 L65986~L66170: 차기 중국 권력자와 운송사업·20년 계약의 협상선을 열고 주석 보고 약속을 얻는다. 실제 장기계약과 자원 판로는 아직 전이다. ② 378 L66171~L66350: 살만에게 증산 피해와 빈 살만 왕세자화를 경고하며 부패 왕족 숙청 구상을 꺼낸다. ③ L65471~L66170; predecessor=373화 L65295~L65470: 금융사 전부가 먹어도 남을 새 프로젝트가 열린다.; next=374화 L65471~L65627: 저궤도 통신·전기차·자원 인프라 계획을 재확인하고 금융타워의 크림반도 투자금을 유지한다.에서 지급·상대·장소·목표 가운데 둘 이상이 교대한다.,0.96
DCA-N33D,살만 왕위동맹과 OPEC 증산 원유숏,378,380,378,380,3,김민재·살만·빈 살만·천민정·강 대위·한정훈·조지 소로스·데이비드,태우 구사옥·사우디 살만 저택·강 대위 사무실·금융타워,378 L66171~L66350에서 사우디 방문 전 구사옥 문화센터를 점검한다. 살만에게 증산 피해와 빈 살만 왕세자화를 경고하며 부패 왕족 숙청 구상을 꺼낸다.,"살만·빈 살만과 절대 신뢰를 만든다. 범위 마지막의 원유 110→105달러 하락, 5배 레버리지 25% 이상 수익률, 준비기간에 들어간 자금의 하루 만 전액 회수를 확인한다.까지 실제로 확인할 수 있는가?","석유전쟁 정보를 왕세자 승계 동맹으로 바꾼다. 확인 가능한 지급은 원유 110→105달러 하락, 5배 레버리지 25% 이상 수익률, 준비기간에 들어간 자금의 하루 만 전액 회수를 확인한다.",379 L66351~L66547에서 왕족 감시가 노출되면 태우와 빈 살만 모두 위험하다.,살만이 후보 명단과 숙청기획을 받아들이고 팀이 즉시 움직인다.,"원유 110→105달러 하락, 5배 레버리지 25% 이상 수익률, 준비기간에 들어간 자금의 하루 만 전액 회수를 확인한다.",오랜 석유전쟁 준비비가 하루 만에 전액 회수되고 금융타워의 원유 숏이 본게임 수익으로 전환된다.,380에서 오랜 석유전쟁 준비비가 하루 만에 전액 회수되고 금융타워의 원유 숏이 본게임 수익으로 전환된다.,추가 유가 하락·산유국과 셰일기업 붕괴; 왕족 숙청정보. 유가 하락이 어느 기업·국가부터 무너뜨릴지 남는다.,유가 하락이 어느 기업·국가부터 무너뜨릴지 남는다. 다음 첫 행동은 381에서 천민정에게 훔친 AI의 신약효과를 줄이고 부작용을 늘리게 하며 금융사별 수익을 배분한다..,"① 380 L66548~L66742: 원유 110→105달러 하락, 5배 레버리지 25% 이상 수익률, 준비기간에 들어간 자금의 하루 만 전액 회수를 확인한다. ② 381 L66743~L66910: 천민정에게 훔친 AI의 신약효과를 줄이고 부작용을 늘리게 하며 금융사별 수익을 배분한다. ③ L66171~L66742; predecessor=377화 L65986~L66170: 차기 중국 권력자와 운송사업·20년 계약의 협상선을 열고 주석 보고 약속을 얻는다. 실제 장기계약과 자원 판로는 아직 전이다.; next=378화 L66171~L66350: 살만에게 증산 피해와 빈 살만 왕세자화를 경고하며 부패 왕족 숙청 구상을 꺼낸다.에서 지급·상대·장소·목표 가운데 둘 이상이 교대한다.",0.96
DCA-N34,헤스·체셔피크·가이아나와 카노스 공개매수 함정,381,396,381,396,16,김민재·천민정·한정훈·데이비드·다이먼·오바마·헤스 창업자와 이사회·로건 탐사팀·리강·워런 버핏·조지 소로스·제임스 카노스,태우 신사옥·금융타워·백악관·헤스 본사와 이사회·가이아나 해양유전·사우디·중국·월가,381 L66743~L66910에서 유가가 매일 하락하고 천민정은 커넥트 자동번역을 완성한다. 천민정에게 훔친 AI의 신약효과를 줄이고 부작용을 늘리게 하며 금융사별 수익을 배분한다.,로보 미끼를 오염시키고 장기 성장재원을 만든다. 범위 마지막의 헤스 방어가 월가자산 흡수 단계로 넘어간다.까지 실제로 확인할 수 있는가?,석유수익을 AI·신약·20년 투자로 환류한다. 확인 가능한 지급은 헤스 방어가 월가자산 흡수 단계로 넘어간다.,388 L67940~L68101에서 헤스 실적은 최악이고 태우상사 자원부문도 대규모 적자다.,카노스가 400% 수익을 약속해 헤지펀드를 대거 끌어모은다.,헤스 방어가 월가자산 흡수 단계로 넘어간다.,공시 한 줄이 전쟁을 즉시 뒤집는다.,396에서 공시 한 줄이 전쟁을 즉시 뒤집는다.,카노스 항복·정권 재단 요구. 최재석은 중임제와 평창재단 갈취를 상의한다.,최재석은 중임제와 평창재단 갈취를 상의한다. 다음 첫 행동은 397에서 박만득 은퇴·인수인계를 지시하고 카노스에게 동료 펀드 배신과 자산 흡수를 제안한다..,"① 396 L69349~L69537: 헤스 방어가 월가자산 흡수 단계로 넘어간다. ② 397 L69538~L69724: 박만득 은퇴·인수인계를 지시하고 카노스에게 동료 펀드 배신과 자산 흡수를 제안한다. ③ L67576~L67593;L68443~L68460;L69340~L69357; predecessor=380화 L66548~L66742: 원유 110→105달러, 5배 레버리지 25% 이상, 준비기간 자금 하루 만의 전액 회수가 지급된다.; next=381화 L66743~L66910: 천민정에게 훔친 AI의 신약효과를 줄이고 부작용을 늘리게 하며 금융사별 수익을 배분한다.에서 지급·상대·장소·목표 가운데 둘 이상이 교대한다.",0.96
DCA-N34B,카노스 청소부 전향과 한정훈 지휘권 승계,397,399,397,399,3,김민재·박만덕·한정훈·제임스 카노스·최재석·기획실장·청와대 수석,태우 신사옥·금융타워·강 대위 식당·청와대 만찬장·월가·중국 금융시장,397 L69538~L69724에서 박만득이 정권 재단 요구의 위험을 경고한다. 박만득 은퇴·인수인계를 지시하고 카노스에게 동료 펀드 배신과 자산 흡수를 제안한다.,한정훈을 부회장 후계자로 세우고 카노스를 사냥개로 만든다. 범위 마지막의 정권·중국·바이오 세 갈취판 중 가장 큰 신약 기회가 열린다.까지 실제로 확인할 수 있는가?,청와대 갈취와 카노스 자산을 동시에 역갈취한다. 확인 가능한 지급은 정권·중국·바이오 세 갈취판 중 가장 큰 신약 기회가 열린다.,398 L69725~L69890에서 사드 배치와 중국 공산권의 직접 보복 위험이 있다.,"카노스는 월가의 사신으로 명성을 회복하고 한정훈은 부회장 교육과 이취임식 일정을 받지만, 실제 취임식은 아직 열리지 않았다.",정권·중국·바이오 세 갈취판 중 가장 큰 신약 기회가 열린다.,승진식과 갈취 뒤 신약 폐기 훅이 급전환한다.,399에서 승진식과 갈취 뒤 신약 폐기 훅이 급전환한다.,로보 폐기신약·중국 폭락. 로보가 폐기하려는 신약을 태우가 헐값에 확보할 수 있는가?,로보가 폐기하려는 신약을 태우가 헐값에 확보할 수 있는가? 다음 첫 행동은 400에서 천민정의 시스템 정보로 선점하고 데이비드가 포섭한 에릭센을 통해 이사회 매각안을 통과시킨다..,① 399 L69891~L70053: 정권·중국·바이오 세 갈취판 중 가장 큰 신약 기회가 열린다. ② 400 L70054~L70215: 천민정의 시스템 정보로 선점하고 데이비드가 포섭한 에릭센을 통해 이사회 매각안을 통과시킨다. ③ L69538~L70053; predecessor=396화 L69349~L69537: 헤스 방어가 월가자산 흡수 단계로 넘어간다.; next=397화 L69538~L69724: 박만득 은퇴·인수인계를 지시하고 카노스에게 동료 펀드 배신과 자산 흡수를 제안한다.에서 지급·상대·장소·목표 가운데 둘 이상이 교대한다.,0.96
DCA-N34C,로보 GLP-1 권리계약과 중국숏 D-DAY,400,401,400,401,2,김민재·천민정·한정훈·데이비드·에릭센·로보 노디스크 이사회,태우 신사옥·로보 노디스크 이사회와 덴마크 본사·금융타워,400 L70054~L70215에서 로보 연구진이 부작용 신약 폐기에 동의한다. 천민정의 시스템 정보로 선점하고 데이비드가 포섭한 에릭센을 통해 이사회 매각안을 통과시킨다.,연구자료·권리 전부를 덴마크에서 산다. 범위 마지막의 바이오 독점과 국가급 금융작전이 동시에 실행된다.까지 실제로 확인할 수 있는가?,오염시킨 실패작을 미래 비만치료제 원천으로 갈취한다. 확인 가능한 지급은 바이오 독점과 국가급 금융작전이 동시에 실행된다.,400 L70054~L70215에서 수년간 실패한 약이라 가격·가치를 증명하기 어렵다.,에릭센이 로보 이사회가 태우를 속여 손실을 회수한다고 믿게 만들며 신약 매각안과 자신의 협상 담당 지위를 통과시킨다.,바이오 독점과 국가급 금융작전이 동시에 실행된다.,오랜 정보오염이 서명 한 번으로 300배 자산이 된다.,401에서 오랜 정보오염이 서명 한 번으로 300배 자산이 된다.,유고빈 권리·중국 폭락. 중국 하루 증발자금을 얼마나 포집할지가 남는다.,중국 하루 증발자금을 얼마나 포집할지가 남는다. 다음 첫 행동은 402에서 금융사 이익 일부를 차명계좌로 중국 수뇌부에 보내고 병원에서 오희건의 후계 부탁을 듣는다..,① 401 L70216~L70406: 바이오 독점과 국가급 금융작전이 동시에 실행된다. ② 402 L70407~L70589: 금융사 이익 일부를 차명계좌로 중국 수뇌부에 보내고 병원에서 오희건의 후계 부탁을 듣는다. ③ L70054~L70406; predecessor=399화 L69891~L70053: 정권·중국·바이오 세 갈취판 중 가장 큰 신약 기회가 열린다.; next=400화 L70054~L70215: 천민정의 시스템 정보로 선점하고 데이비드가 포섭한 에릭센을 통해 이사회 매각안을 통과시킨다.에서 지급·상대·장소·목표 가운데 둘 이상이 교대한다.,0.96
DCA-N35,중국숏·삼진 생산동맹과 메르스 긴급승인,402,410,402,410,9,김민재·한정훈·오희건·오용재·서정준·천민정·제리 왕,금융타워·오희건 병실·삼진바이오·센트리언 연구개발센터·음압병실·식약처,402 L70407~L70589에서 중국 증시가 하루 2%·1조 위안 하락한다. 금융사 이익 일부를 차명계좌로 중국 수뇌부에 보내고 병원에서 오희건의 후계 부탁을 듣는다.,고위층에 수익을 나누며 삼진 승계 거래를 연다. 범위 마지막의 태우는 단기 주가 대신 팬데믹 기술·거시수익을 선택한다.까지 실제로 확인할 수 있는가?,공범 로비로 중국 보복을 늦추고 국내 관계자산을 얻는다. 확인 가능한 지급은 태우는 단기 주가 대신 팬데믹 기술·거시수익을 선택한다.,406 L71096~L71268에서 수백억 원 비용과 의료진 차출 반발이 있다.,정부가 대학병원 인력을 강제 파견해 감염자·시설 준비가 끝난다.,태우는 단기 주가 대신 팬데믹 기술·거시수익을 선택한다.,기다림을 다음 위기 준비로 채운다.,410에서 기다림을 다음 위기 준비로 채운다.,유고빈·브렉시트. 2~3월 브렉시트 작전 공개가 예정된다.,2~3월 브렉시트 작전 공개가 예정된다. 다음 첫 행동은 411에서 서울 지지율 30퍼센트를 계산하고 호남 공략을 위해 군산 조선소와 새만금에 쓸 10억 달러를 별도 자금으로 빼 두라고 지시한다..,① 410 L71797~L71965: 태우는 단기 주가 대신 팬데믹 기술·거시수익을 선택한다. ② 411 L71966~L72141: 서울 지지율 30퍼센트를 계산하고 호남 공략을 위해 군산 조선소와 새만금에 쓸 10억 달러를 별도 자금으로 빼 두라고 지시한다. ③ L70916~L70931; predecessor=401화 L70216~L70406: 바이오 독점과 국가급 금융작전이 동시에 실행된다.; next=402화 L70407~L70589: 금융사 이익 일부를 차명계좌로 중국 수뇌부에 보내고 병원에서 오희건의 후계 부탁을 듣는다.에서 지급·상대·장소·목표 가운데 둘 이상이 교대한다.,0.96
DCA-N36,군산·새만금 투자와 사우디·신약 생산동맹,411,414,411,414,4,김민재·최재석·한정훈·이영한·국민경제당 지도부·현직 대통령,새만금·군산 조선소·부산 신항·금융타워·청와대,411 L71966~L72141에서 한국 총선은 양당분열로 3자 혼전이다. 서울 지지율 30퍼센트를 계산하고 호남 공략을 위해 군산 조선소와 새만금에 쓸 10억 달러를 별도 자금으로 빼 두라고 지시한다.,국민경제당 과반과 최재석 대선구도를 만든다. 범위 마지막의 태우는 글로벌 신약 생산동맹과 사우디 차기권력을 확보한다.까지 실제로 확인할 수 있는가?,산업투자로 수도권·영남·호남을 묶어 대권 기반을 만든다. 확인 가능한 지급은 태우는 글로벌 신약 생산동맹과 사우디 차기권력을 확보한다.,412 L72142~L72298에서 여당 탈당은 장명준 정치생명을 끝낼 수 있다.,그가 시위대에 사과하고 최재석 공로를 공개해 민심을 돌린다.,태우는 글로벌 신약 생산동맹과 사우디 차기권력을 확보한다.,친구로 보내는 마지막 밤이 권력변화의 감정값을 준다.,414에서 친구로 보내는 마지막 밤이 권력변화의 감정값을 준다.,빈 살만 숙청·공장증설. 김민재는 숙청 뒤에는 돌아오지 못할 빈 살만의 옛 모습을 기억하며 그와 밤새 이야기하기로 한다.,김민재는 숙청 뒤에는 돌아오지 못할 빈 살만의 옛 모습을 기억하며 그와 밤새 이야기하기로 한다. 다음 첫 행동은 415에서 중국 서킷브레이커를 점검하며 사장단회의에서 범캣 AI·자동차 데이터를 렌터카와 협업시킨다..,① 414 L72491~L72663: 태우는 글로벌 신약 생산동맹과 사우디 차기권력을 확보한다. ② 415 L72664~L72834: 중국 서킷브레이커를 점검하며 사장단회의에서 범캣 AI·자동차 데이터를 렌터카와 협업시킨다. ③ L72655~L72672; predecessor=410화 L71797~L71965: 태우는 단기 주가 대신 팬데믹 기술·거시수익을 선택한다.; next=411화 L71966~L72141: 서울 지지율 30퍼센트를 계산하고 호남 공략을 위해 군산 조선소와 새만금에 쓸 10억 달러를 별도 자금으로 빼 두라고 지시한다.에서 지급·상대·장소·목표 가운데 둘 이상이 교대한다.,0.96
DCA-N36B,중국폭락·자율주행과 ASML 지분 수확,415,419,415,419,5,김민재·최재석·한정훈·이영한·국민경제당 지도부·현직 대통령,새만금·군산 조선소·부산 신항·금융타워·청와대,415 L72664~L72834에서 유고빈이 FDA 승인을 받고 센트리언 주가가 10% 오른다. 중국 서킷브레이커를 점검하며 사장단회의에서 범캣 AI·자동차 데이터를 렌터카와 협업시킨다.,렌터카·화물차에 원격조종·자율주행을 적용한다. 범위 마지막의 삼진 승계를 결산하고 ASML 지분 3퍼센트 매매 합의와 추가 매집 지시를 얻는다. 지분 이전·장비 우선권은 실무계약 이후다.까지 실제로 확인할 수 있는가?,신약·중국폭락 수확을 자율주행 실험으로 재투자한다. 확인 가능한 지급은 삼진 승계를 결산하고 ASML 지분 3퍼센트 매매 합의와 추가 매집 지시를 얻는다. 지분 이전·장비 우선권은 실무계약 이후다.,417 L73015~L73175에서 경 단위 청산은 오래 걸리고 새만금 화학단지에 시민단체가 반발한다.,지역주민이 외부단체와 직접 합의하지 않으면 철수한다는 협상구조가 선다.,삼진 승계를 결산하고 ASML 지분 3퍼센트 매매 합의와 추가 매집 지시를 얻는다. 지분 이전·장비 우선권은 실무계약 이후다.,"라이벌 협력은 ASML 지분 매매 합의라는 실물 보상으로 진전되지만, 소유권과 장비 우선권은 아직 이전 전이다.","419에서 라이벌 협력은 ASML 지분 매매 합의라는 실물 보상으로 진전되지만, 소유권과 장비 우선권은 아직 이전 전이다.",ASML 지분 실무계약·이전; 미국·대만 추가지분 매집; 장비 우선권; 해운정책. 최재석이 생각을 정리한 해운업 문제를 다음 날 어떤 조건으로 풀지 남는다.,"최재석이 생각을 정리한 해운업 문제를 다음 날 어떤 조건으로 풀지 남는다. 다음 첫 행동은 420에서 최재석과 새만금 화학단지 안전·해운 빅딜 방향을 합의하고, 수도권·광역시 부동산 PF 30조 원을 금융타워에 권유하되 참여가 없으면 태우 자금으로 하겠다고 정한다..","① 419 L73360~L73524: 삼진 승계를 결산하고 ASML 지분 3퍼센트 매매 합의와 추가 매집 지시를 얻는다. 지분 이전·장비 우선권은 실무계약 이후다. ② 420 L73525~L73689: 최재석과 새만금 화학단지 안전·해운 빅딜 방향을 합의하고, 수도권·광역시 부동산 PF 30조 원을 금융타워에 권유하되 참여가 없으면 태우 자금으로 하겠다고 정한다. ③ L72655~L72672;L73516~L73533; predecessor=414화 L72491~L72663: 태우는 글로벌 신약 생산동맹과 사우디 차기권력을 확보한다.; next=415화 L72664~L72834: 중국 서킷브레이커를 점검하며 사장단회의에서 범캣 AI·자동차 데이터를 렌터카와 협업시킨다.에서 지급·상대·장소·목표 가운데 둘 이상이 교대한다.",0.96
DCA-N36C,새만금·부산항·PF 기업동맹과 대통령 하야,420,426,420,426,7,김민재·최재석·한정훈·이영한·국민경제당 지도부·현직 대통령,새만금·군산 조선소·부산 신항·금융타워·청와대,"420 L73525~L73689에서 유고빈 체중감량 입소문이 광고 전부터 터진다. 최재석과 새만금 화학단지 안전·해운 빅딜 방향을 합의하고, 수도권·광역시 부동산 PF 30조 원을 금융타워에 권유하되 참여가 없으면 태우 자금으로 하겠다고 정한다.",새만금·부산신항·PF 50조 원을 집행한다. 범위 마지막의 김민재와 최재석의 압박이 대통령의 전국 생중계 자진 사퇴 약속을 끌어낸다.까지 실제로 확인할 수 있는가?,바이오·해운·부동산 세 수확을 총선 산업정책으로 묶는다. 확인 가능한 지급은 김민재와 최재석의 압박이 대통령의 전국 생중계 자진 사퇴 약속을 끌어낸다.,423 L74021~L74192에서 선거는 끝났어도 대통령·기존 여당과 해운 채권단의 저항이 남아 있다.,장명준이 과거 도움을 갚겠다며 현재가 설득과 지분 매각에 협력한다.,김민재와 최재석의 압박이 대통령의 전국 생중계 자진 사퇴 약속을 끌어낸다.,청와대 독대의 사퇴 요구가 대통령 본인의 공개 담화로 바뀌지만 실제 하야 절차는 아직 남는다.,426에서 청와대 독대의 사퇴 요구가 대통령 본인의 공개 담화로 바뀌지만 실제 하야 절차는 아직 남는다.,조기대선·브렉시트 거래. 모든 책임을 지고 물러나겠다는 대통령의 한 문장이 실제 하야와 대선 시계를 어떻게 움직일지 남는다.,모든 책임을 지고 물러나겠다는 대통령의 한 문장이 실제 하야와 대선 시계를 어떻게 움직일지 남는다. 다음 첫 행동은 427에서 정부는 인허가와 기반공사를 맡고 태우가 투자·기업 유치를 담당하는 구도를 최재석에게 제안한다..,"① 426 L74534~L74703: 김민재와 최재석의 압박이 대통령의 전국 생중계 자진 사퇴 약속을 끌어낸다. ② 427 L74704~L74857: 정부는 인허가와 기반공사를 맡고 태우가 투자·기업 유치를 담당하는 구도를 최재석에게 제안한다. ③ L73516~L73533;L73681~L73698;L74525~L74542; predecessor=419화 L73360~L73524: 삼진 승계를 결산하고 ASML 지분 3퍼센트 매매 합의와 추가 매집 지시를 얻는다. 지분 이전·장비 우선권은 실무계약 이후다.; next=420화 L73525~L73689: 최재석과 새만금 화학단지 안전·해운 빅딜 방향을 합의하고, 수도권·광역시 부동산 PF 30조 원을 금융타워에 권유하되 참여가 없으면 태우 자금으로 하겠다고 정한다.에서 지급·상대·장소·목표 가운데 둘 이상이 교대한다.",0.96
DCA-N37,700조 반도체도시와 해운 빅딜,427,430,427,430,4,김민재·최재석·한정훈·빈 살만·데이비드·현진해운·현재상선 채권단,대선 유세장·반도체 도시 예정지·금융타워·사우디 왕궁·영국 국민투표 시장,427 L74704~L74857에서 헌정사상 첫 대통령 자진 사퇴로 60일 조기대선이 확정된다. 정부는 인허가와 기반공사를 맡고 태우가 투자·기업 유치를 담당하는 구도를 최재석에게 제안한다.,700조 원 반도체 도시를 최재석의 1호 공약으로 세운다. 범위 마지막의 선거용 해운빅딜이 태우의 장기 글로벌 유통망으로 결산된다.까지 실제로 확인할 수 있는가?,정치 심판을 대형 산업 비전으로 덮어 최재석의 집권 명분을 만든다. 확인 가능한 지급은 선거용 해운빅딜이 태우의 장기 글로벌 유통망으로 결산된다.,428 L74858~L75029에서 700조 계획은 토지 수용·숙련인력 부족과 막대한 선투자를 감당해야 한다.,명동 자금 10조가 부지 재매입으로 돌아가고 고임금 장기 일자리가 전국 인력을 끌어들인다.,선거용 해운빅딜이 태우의 장기 글로벌 유통망으로 결산된다.,기다린 대가가 부채·원가를 동시에 낮춘 통합 해운사로 지급된다.,430에서 기다린 대가가 부채·원가를 동시에 낮춘 통합 해운사로 지급된다.,대한타이어 승계·해운 카르텔 대응. 대한타이어 주성재 회장이 승계 문제로 면담을 청한다.,대한타이어 주성재 회장이 승계 문제로 면담을 청한다. 다음 첫 행동은 431에서 태우 자동차계열이 전기차 타이어 개발 명목으로 2조 원 이상 투자하게 하고 사우디 숙청 대상 정보를 빈 살만에게 제공한다..,① 430 L75209~L75383: 선거용 해운빅딜이 태우의 장기 글로벌 유통망으로 결산된다. ② 431 L75384~L75552: 태우 자동차계열이 전기차 타이어 개발 명목으로 2조 원 이상 투자하게 하고 사우디 숙청 대상 정보를 빈 살만에게 제공한다. ③ L75375~L75392; predecessor=426화 L74534~L74703: 김민재와 최재석의 압박이 대통령의 전국 생중계 자진 사퇴 약속을 끌어낸다.; next=427화 L74704~L74857: 정부는 인허가와 기반공사를 맡고 태우가 투자·기업 유치를 담당하는 구도를 최재석에게 제안한다.에서 지급·상대·장소·목표 가운데 둘 이상이 교대한다.,0.96
DCA-N37B,사우디 왕위·총선·브렉시트 세 권력교체,431,435,431,435,5,김민재·최재석·한정훈·빈 살만·데이비드·현진해운·현재상선 채권단,대선 유세장·반도체 도시 예정지·금융타워·사우디 왕궁·영국 국민투표 시장,431 L75384~L75552에서 주성재가 대한타이어 승계를 부탁하고 사우디에서는 왕족 숙청이 시작된다. 태우 자동차계열이 전기차 타이어 개발 명목으로 2조 원 이상 투자하게 하고 사우디 숙청 대상 정보를 빈 살만에게 제공한다.,대한타이어 후계구도를 돕고 빈 살만의 권력 장악에 협력한다. 범위 마지막의 권력교체 세 건이 금융·외교 자산으로 결산되고 다음 세계분쟁으로 넘어간다.까지 실제로 확인할 수 있는가?,국내 승계 지원과 중동 권력동맹을 한 축으로 묶는 관계 보상을 약속한다. 확인 가능한 지급은 권력교체 세 건이 금융·외교 자산으로 결산되고 다음 세계분쟁으로 넘어간다.,433 L75754~L75944에서 사드로 중국 보복이 예상되고 유전자 가위는 세 연구집단의 특허분쟁에 묶여 있다.,최재석 정부가 출범하고 김민재는 분쟁 당사자 모두를 사들이는 해법을 택한다.,권력교체 세 건이 금융·외교 자산으로 결산되고 다음 세계분쟁으로 넘어간다.,브렉시트 수익과 사우디 최상위 동맹이라는 이중 보상이 지급된다.,435에서 브렉시트 수익과 사우디 최상위 동맹이라는 이중 보상이 지급된다.,미중 무역전쟁·사우디 동맹 후속. 숙청을 마친 빈 살만의 위엄과 김민재를 향한 더 깊은 신뢰가 사우디를 미중전쟁의 확실한 아군으로 만든다.,숙청을 마친 빈 살만의 위엄과 김민재를 향한 더 깊은 신뢰가 사우디를 미중전쟁의 확실한 아군으로 만든다. 다음 첫 행동은 436에서 5년치 선납을 제시한 뒤 태우가 이미 60만 TEU 자가선복을 갖췄다고 공개해 계약 파기 시 직접 운항하겠다고 압박한다..,① 435 L76118~L76286: 권력교체 세 건이 금융·외교 자산으로 결산되고 다음 세계분쟁으로 넘어간다. ② 436 L76287~L76460: 5년치 선납을 제시한 뒤 태우가 이미 60만 TEU 자가선복을 갖췄다고 공개해 계약 파기 시 직접 운항하겠다고 압박한다. ③ L75375~L75392; predecessor=430화 L75209~L75383: 선거용 해운빅딜이 태우의 장기 글로벌 유통망으로 결산된다.; next=431화 L75384~L75552: 태우 자동차계열이 전기차 타이어 개발 명목으로 2조 원 이상 투자하게 하고 사우디 숙청 대상 정보를 빈 살만에게 제공한다.에서 지급·상대·장소·목표 가운데 둘 이상이 교대한다.,0.96
DCA-N38,용선료·2M·로보소송과 반도체도시 기반,436,440,436,440,5,김민재·제리 왕·세스팬 선주들·데이비드·트럼프·김진우·천민정·정영근·스티브,태우그룹 협상장·미국 대선 캠프·버클리·브로드 연구소·머스크 해운·애플 캠퍼스,436 L76287~L76460에서 제리 왕과 스무 선주가 기존 용선료 할인 합의를 취소하려 한국에 온다. 5년치 선납을 제시한 뒤 태우가 이미 60만 TEU 자가선복을 갖췄다고 공개해 계약 파기 시 직접 운항하겠다고 압박한다.,기존 계약을 70% 낮추고 5년 장기계약까지 유리하게 묶는다. 범위 마지막의 태우해운의 세계 4위 규모와 반도체 도시 1구역의 선매입·7천억 원 차익·빠른 착공 기반을 확인한다. 미국 주도 해운동맹과 연구진 영입은 아직 진행 중이다.까지 실제로 확인할 수 있는가?,상대의 담합을 선박 보유량으로 뒤집는 협상 쾌감을 약속한다. 확인 가능한 지급은 태우해운의 세계 4위 규모와 반도체 도시 1구역의 선매입·7천억 원 차익·빠른 착공 기반을 확인한다. 미국 주도 해운동맹과 연구진 영입은 아직 진행 중이다.,438 L76629~L76807에서 다국가 소송비와 평판 손실이 크고 해운동맹도 통합사를 배척한다.,AI 기술절도 증거 때문에 로보 경영진이 오히려 패소와 배상 위험에 몰린다.,태우해운의 세계 4위 규모와 반도체 도시 1구역의 선매입·7천억 원 차익·빠른 착공 기반을 확인한다. 미국 주도 해운동맹과 연구진 영입은 아직 진행 중이다.,"로보 소송의 직전 회차 결산을 반복하는 대신, 해운은 미국 주도 동맹 설계로 넘어가고 반도체 도시는 1구역 착공과 2·3구역 토지 확대 단계로 바뀐다.","440에서 로보 소송의 직전 회차 결산을 반복하는 대신, 해운은 미국 주도 동맹 설계로 넘어가고 반도체 도시는 1구역 착공과 2·3구역 토지 확대 단계로 바뀐다.",미국 주도 해운동맹; 유전자 가위 연구진 영입; 반도체 도시 2·3구역·주변토지 매입; 코로나기 명동 사업. 명동이 2·3구역과 주변 토지를 더 확보하되 기존 주민의 사연을 해치지 않고 반도체 도시를 확장할 수 있는가?,명동이 2·3구역과 주변 토지를 더 확보하되 기존 주민의 사연을 해치지 않고 반도체 도시를 확장할 수 있는가? 다음 첫 행동은 441에서 원격 이동 가능한 거점 주차장을 매입하게 하고 버클리·브로드 팀을 따로 초청해 mRNA와 돌연변이 연구시설을 여섯 시간 넘게 보여 준다..,① 440 L76962~L77140: 태우해운의 세계 4위 규모와 반도체 도시 1구역의 선매입·7천억 원 차익·빠른 착공 기반을 확인한다. 미국 주도 해운동맹과 연구진 영입은 아직 진행 중이다. ② 441 L77141~L77310: 원격 이동 가능한 거점 주차장을 매입하게 하고 버클리·브로드 팀을 따로 초청해 mRNA와 돌연변이 연구시설을 여섯 시간 넘게 보여 준다. ③ L77132~L77149; predecessor=435화 L76118~L76286: 권력교체 세 건이 금융·외교 자산으로 결산되고 다음 세계분쟁으로 넘어간다.; next=436화 L76287~L76460: 5년치 선납을 제시한 뒤 태우가 이미 60만 TEU 자가선복을 갖췄다고 공개해 계약 파기 시 직접 운항하겠다고 압박한다.에서 지급·상대·장소·목표 가운데 둘 이상이 교대한다.,0.96
DCA-N38B,렌터카 실증·바이오 인재와 중국 산업스파이,441,446,441,446,6,김민재·제리 왕·세스팬 선주들·데이비드·트럼프·김진우·천민정·정영근·스티브,태우그룹 협상장·미국 대선 캠프·버클리·브로드 연구소·머스크 해운·애플 캠퍼스,441 L77141~L77310에서 제주 코코아 렌터카의 원격 반납 모델이 자율주행 이전 단계로 자리 잡는다. 원격 이동 가능한 거점 주차장을 매입하게 하고 버클리·브로드 팀을 따로 초청해 mRNA와 돌연변이 연구시설을 여섯 시간 넘게 보여 준다.,전국 주차장을 확보하고 유전자 가위 연구진에게 센트리언 역량을 증명한다. 범위 마지막의 내부 침투 피해가 중국 경쟁사의 자멸을 유도하는 공격자산이 된다.까지 실제로 확인할 수 있는가?,낡은 규제와 연구경쟁을 모두 선점자 자산으로 바꾸는 보상을 예고한다. 확인 가능한 지급은 내부 침투 피해가 중국 경쟁사의 자멸을 유도하는 공격자산이 된다.,443 L77485~L77653에서 형사 혐의와 대학 조직의 압박 때문에 개인 제안만으로는 팀이 유지되지 않는다.,김진우가 태우를 적이 아닌 확실한 편으로 받아들이고 팀 전체가 합류한다.,내부 침투 피해가 중국 경쟁사의 자멸을 유도하는 공격자산이 된다.,6억 원 증거로 스파이 의혹이 확정되고 역공 설계권을 얻는다.,446에서 6억 원 증거로 스파이 의혹이 확정되고 역공 설계권을 얻는다.,칭화 독기술 역공; 트럼프 취임식·미국 해운규제. 한 달 뒤 트럼프 취임식에서 해운 동맹 문제를 실제 규제 카드로 바꿀 수 있는가?,한 달 뒤 트럼프 취임식에서 해운 동맹 문제를 실제 규제 카드로 바꿀 수 있는가? 다음 첫 행동은 447에서 외국 대형 해운동맹이 미국 중소 해운사를 죽인다고 아메리카 퍼스트 논리로 설득하고 미국 투자·고용 계획을 제시한다..,① 446 L78036~L78215: 내부 침투 피해가 중국 경쟁사의 자멸을 유도하는 공격자산이 된다. ② 447 L78216~L78400: 외국 대형 해운동맹이 미국 중소 해운사를 죽인다고 아메리카 퍼스트 논리로 설득하고 미국 투자·고용 계획을 제시한다. ③ L77132~L77149;L78027~L78044; predecessor=440화 L76962~L77140: 태우해운의 세계 4위 규모와 반도체 도시 1구역의 선매입·7천억 원 차익·빠른 착공 기반을 확인한다. 미국 주도 해운동맹과 연구진 영입은 아직 진행 중이다.; next=441화 L77141~L77310: 원격 이동 가능한 거점 주차장을 매입하게 하고 버클리·브로드 팀을 따로 초청해 mRNA와 돌연변이 연구시설을 여섯 시간 넘게 보여 준다.에서 지급·상대·장소·목표 가운데 둘 이상이 교대한다.,0.96
DCA-N38C,트럼프 해운규제와 선박·북해자산 확보,447,450,447,450,4,김민재·제리 왕·세스팬 선주들·데이비드·트럼프·김진우·천민정·정영근·스티브,태우그룹 협상장·미국 대선 캠프·버클리·브로드 연구소·머스크 해운·애플 캠퍼스,447 L78216~L78400에서 2017년 트럼프 취임 뒤 김민재가 첫 공식 면담에서 해운 문제를 꺼낸다. 외국 대형 해운동맹이 미국 중소 해운사를 죽인다고 아메리카 퍼스트 논리로 설득하고 미국 투자·고용 계획을 제시한다.,미국 연방해사위원회가 기존 동맹을 압박하게 한다. 범위 마지막의 회귀 초반의 기술동맹이 세계기업의 보호자 지위로 완성된다.까지 실제로 확인할 수 있는가?,50억 달러 투자로 세계 해운 카르텔을 미국 규제에 올려놓는 정치 보상을 준다. 확인 가능한 지급은 회귀 초반의 기술동맹이 세계기업의 보호자 지위로 완성된다.,448 L78401~L78568에서 머스크는 핵심자산 양도를 꺼리고 비트코인은 이미 수백만 원대로 올라 조작세력이 붙었다.,자금압박 때문에 머스크가 태우의 조건을 진지하게 검토할 수밖에 없다.,회귀 초반의 기술동맹이 세계기업의 보호자 지위로 완성된다.,사업 성과가 아니라 스티브의 신뢰라는 정서 보상이 중심을 차지한다.,450에서 사업 성과가 아니라 스티브의 신뢰라는 정서 보상이 중심을 차지한다.,미중 분쟁; 알트코인 매집·운용. 금융타워 금융사들이 아직 폭발 전인 알트코인 시장에 올라타 최소 다섯 배 차익 항로를 실제 열 수 있는가?,금융타워 금융사들이 아직 폭발 전인 알트코인 시장에 올라타 최소 다섯 배 차익 항로를 실제 열 수 있는가? 다음 첫 행동은 451에서 8달러인 이더리온을 금융타워가 매입해 시장조성자에게 빌려주고 강대위의 택시면허 100여 개를 활용해 노조 반대를 우회한다..,① 450 L78739~L78912: 회귀 초반의 기술동맹이 세계기업의 보호자 지위로 완성된다. ② 451 L78913~L79090: 8달러인 이더리온을 금융타워가 매입해 시장조성자에게 빌려주고 강대위의 택시면허 100여 개를 활용해 노조 반대를 우회한다. ③ L78207~L78224; predecessor=446화 L78036~L78215: 내부 침투 피해가 중국 경쟁사의 자멸을 유도하는 공격자산이 된다.; next=447화 L78216~L78400: 외국 대형 해운동맹이 미국 중소 해운사를 죽인다고 아메리카 퍼스트 논리로 설득하고 미국 투자·고용 계획을 제시한다.에서 지급·상대·장소·목표 가운데 둘 이상이 교대한다.,0.96
DCA-N39,이더리온·무인공장과 말레이시아 생존 변수,451,455,451,455,5,김민재·한정훈·천민정·강 대위·태우병원 의료진·백두혈통 장남 2호,태우 가상화폐 거래소·구형 반도체 공장·청와대·쿠알라룸푸르 공항·태우병원,451 L78913~L79090에서 수수료가 싼 알트코인 거래소가 핀테크의 점유율을 빼앗고 있다. 8달러인 이더리온을 금융타워가 매입해 시장조성자에게 빌려주고 강대위의 택시면허 100여 개를 활용해 노조 반대를 우회한다.,이더리온을 대량 확보하고 자율주행 실증구역을 넓힌다. 범위 마지막의 즉석 구출전이 장기 지정학 보험으로 안정화된다.까지 실제로 확인할 수 있는가?,미래 천 배 상승 자산을 선점하면서 자율주행 규제에도 새 변수를 만드는 보상을 약속한다. 확인 가능한 지급은 즉석 구출전이 장기 지정학 보험으로 안정화된다.,453 L79277~L79459에서 해외 암살현장 개입은 외교문제와 요원 사망을 부를 수 있다.,제거 대상이던 북한 2인자가 태우가 개입할 가치가 있는 생존카드로 재정의된다.,즉석 구출전이 장기 지정학 보험으로 안정화된다.,강대위 생존과 비밀 유지가 구출 성공을 완결한다.,455에서 강대위 생존과 비밀 유지가 구출 성공을 완결한다.,칭화 독기술 반응; 빈 살만의 실제 방한·동맹 후속. 사우디 정부가 예고한 빈 살만의 방한이 숙청 뒤 우애와 장기 사업동맹을 어떻게 이어갈 것인가?,사우디 정부가 예고한 빈 살만의 방한이 숙청 뒤 우애와 장기 사업동맹을 어떻게 이어갈 것인가? 다음 첫 행동은 456에서 2천억 달러 펀드 중 절반 운용 요청은 거절하되 차기 프로젝트 공동투자를 약속하고 블랙홀·MC소프트를 추천한다..,① 455 L79657~L79845: 즉석 구출전이 장기 지정학 보험으로 안정화된다. ② 456 L79846~L80027: 2천억 달러 펀드 중 절반 운용 요청은 거절하되 차기 프로젝트 공동투자를 약속하고 블랙홀·MC소프트를 추천한다. ③ L78913~L79845; predecessor=450화 L78739~L78912: 회귀 초반의 기술동맹이 세계기업의 보호자 지위로 완성된다.; next=451화 L78913~L79090: 8달러인 이더리온을 금융타워가 매입해 시장조성자에게 빌려주고 강대위의 택시면허 100여 개를 활용해 노조 반대를 우회한다.에서 지급·상대·장소·목표 가운데 둘 이상이 교대한다.,0.96
DCA-N40,빈 살만·국민연금과 게임·통신망 증명,456,462,456,462,7,김민재·빈 살만·최재석·한정훈·손정우·MC소프트 경영진,청와대·금융타워·MC소프트·태우통신·미국-일본 해저케이블,456 L79846~L80027에서 왕권을 굳힌 빈 살만이 국빈 방한해 확대된 사우디 국부펀드를 김민재에게 맡기려 한다. 2천억 달러 펀드 중 절반 운용 요청은 거절하되 차기 프로젝트 공동투자를 약속하고 블랙홀·MC소프트를 추천한다.,사우디 자본을 직접 떠안지 않고 태우의 미래사업 우군으로 만든다. 범위 마지막의 국내 3사 중 하나였던 통신사가 국제망 가격을 정할 상위사업자가 된다.까지 실제로 확인할 수 있는가?,왕자의 난 지원이 1천억 달러 운용 제안으로 돌아오는 초대형 관계 보상을 준다. 확인 가능한 지급은 국내 3사 중 하나였던 통신사가 국제망 가격을 정할 상위사업자가 된다.,459 L80370~L80531에서 공적자금은 단기투기 비판을 피해야 하고 기존 규제로 거대 공연장 수익모델이 막혀 있다.,배틀 아레나 흥행이 첫 운용성과가 되고 라스베이거스급 공연장보다 두 배 큰 계획이 세워진다.,국내 3사 중 하나였던 통신사가 국제망 가격을 정할 상위사업자가 된다.,반값 공세가 글로벌 1티어라는 명시적 지위 보상으로 결산된다.,462에서 반값 공세가 글로벌 1티어라는 명시적 지위 보상으로 결산된다.,망사용료 재협상·경쟁사 반발. 국제유가가 한 달 새 약 10달러 빠진 가운데 곧 50달러를 회복할 시점과 코로나기의 재폭락 가능성이 함께 열린다.,국제유가가 한 달 새 약 10달러 빠진 가운데 곧 50달러를 회복할 시점과 코로나기의 재폭락 가능성이 함께 열린다. 다음 첫 행동은 463에서 JIS 공개수치와 실험값을 비교해 조작을 확인하고 태우 자동차·항공 계열의 일본산 알루미늄 부품을 비공개로 교체한다..,① 462 L80891~L81043: 국내 3사 중 하나였던 통신사가 국제망 가격을 정할 상위사업자가 된다. ② 463 L81044~L81207: JIS 공개수치와 실험값을 비교해 조작을 확인하고 태우 자동차·항공 계열의 일본산 알루미늄 부품을 비공개로 교체한다. ③ L80524~L80539; predecessor=455화 L79657~L79845: 즉석 구출전이 장기 지정학 보험으로 안정화된다.; next=456화 L79846~L80027: 2천억 달러 펀드 중 절반 운용 요청은 거절하되 차기 프로젝트 공동투자를 약속하고 블랙홀·MC소프트를 추천한다.에서 지급·상대·장소·목표 가운데 둘 이상이 교대한다.,0.96
DCA-N41,일본 품질정보·북미에너지·가이아나 위기전 포지션,463,465,463,465,3,김민재·민정기·한정훈·장경준·사토 켄지·베릴·일본 자동차기업 연합·도시바 경영진,태우 연구소·러시아 자동차 공장·일본 자동차시장·도시바 협상장,463 L81044~L81207에서 태우 연구진이 일본 철강사의 공개 품질자료를 직접 재시험한다. JIS 공개수치와 실험값을 비교해 조작을 확인하고 태우 자동차·항공 계열의 일본산 알루미늄 부품을 비공개로 교체한다.,문제 소재를 선제 교체하고 일본 자동차기업이 충격을 떠안게 한다. 범위 마지막의 지분 참여 전략이 에너지·금융·신기술 브랜드 전반의 선점 방식으로 굳어진다.까지 실제로 확인할 수 있는가?,경쟁사의 데이터 조작을 먼저 발견해 리콜·매각 타이밍을 지배하는 정보 보상을 준다. 확인 가능한 지급은 지분 참여 전략이 에너지·금융·신기술 브랜드 전반의 선점 방식으로 굳어진다.,464 L81208~L81389에서 당장 유가는 상승하고 시추비가 크며 미국이 완전한 외국 소유를 꺼린다.,트럼프가 10년 이상 시추와 연내 규제철폐를 약속해 장기 개발권이 열린다.,지분 참여 전략이 에너지·금융·신기술 브랜드 전반의 선점 방식으로 굳어진다.,70% 유전지분과 코인 출구·메타버스 이미지라는 세 보상이 묶인다.,465에서 70% 유전지분과 코인 출구·메타버스 이미지라는 세 보상이 묶인다.,비트코인 하락작전·메타버스 사업. 수익성을 장담할 수 없어도 인재·기업·VR 기기를 동원해 태우를 메타버스 선두주자로 보이게 만들기로 한다.,수익성을 장담할 수 없어도 인재·기업·VR 기기를 동원해 태우를 메타버스 선두주자로 보이게 만들기로 한다. 다음 첫 행동은 466에서 신약 이익을 10년 성장기반에 재투자하고 명동의 정보망까지 점검한 뒤 이영한에게 10조 원 규모 시장과 비트코인 청산 시점을 알려 준다..,① 465 L81390~L81551: 지분 참여 전략이 에너지·금융·신기술 브랜드 전반의 선점 방식으로 굳어진다. ② 466 L81552~L81719: 신약 이익을 10년 성장기반에 재투자하고 명동의 정보망까지 점검한 뒤 이영한에게 10조 원 규모 시장과 비트코인 청산 시점을 알려 준다. ③ L81543~L81560; predecessor=462화 L80891~L81043: 국내 3사 중 하나였던 통신사가 국제망 가격을 정할 상위사업자가 된다.; next=463화 L81044~L81207: JIS 공개수치와 실험값을 비교해 조작을 확인하고 태우 자동차·항공 계열의 일본산 알루미늄 부품을 비공개로 교체한다.에서 지급·상대·장소·목표 가운데 둘 이상이 교대한다.,0.96
DCA-N41B,중·러 공장철수와 5년 임차·대금회수,466,470,466,470,5,김민재·민정기·한정훈·장경준·사토 켄지·베릴·일본 자동차기업 연합·도시바 경영진,태우 연구소·러시아 자동차 공장·일본 자동차시장·도시바 협상장,466 L81552~L81719에서 김민재가 적자를 감수하고 화학단지·반도체 소재·센트리언 공장 투자를 계속하라고 지시한다. 신약 이익을 10년 성장기반에 재투자하고 명동의 정보망까지 점검한 뒤 이영한에게 10조 원 규모 시장과 비트코인 청산 시점을 알려 준다.,그룹이 회귀정보 없이도 위기를 예측하는 시스템을 만든다. 범위 마지막의 중러 철수 대비가 현금회수·생산연속성·경쟁사 부담 전가로 완성된다.까지 실제로 확인할 수 있는가?,지금의 초과이익을 코로나와 공급망 충격 이전 성장동력으로 바꾸는 준비 보상을 약속한다. 확인 가능한 지급은 중러 철수 대비가 현금회수·생산연속성·경쟁사 부담 전가로 완성된다.,468 L81886~L82070에서 시장이 더 오래 오르면 공매도 손실이 커지고 러시아 공장 처분은 경쟁사를 키울 수 있다.,장경준은 태우가 단순히 전기차 집중 때문에 러시아 공장을 파는 것이 아니라는 경고를 듣고 인수 여부를 고민한다.,중러 철수 대비가 현금회수·생산연속성·경쟁사 부담 전가로 완성된다.,폭탄돌리기 성공과 제한적 리콜이라는 이중 실물보상이 지급된다.,470에서 폭탄돌리기 성공과 제한적 리콜이라는 이중 실물보상이 지급된다.,일본 리콜사태·러시아 신규투자. 방한한 러시아 측이 철수 의혹을 묻자 더 큰 신규공장을 약속한다.,방한한 러시아 측이 철수 의혹을 묻자 더 큰 신규공장을 약속한다. 다음 첫 행동은 471에서 한 부회장에게 몽골 투자 확대를 지시하고 베이징의 리강에게 중국 공장 축소는 철수가 아니라 일대일로 물류 참여를 위한 재배치라고 설명한다..,① 470 L82249~L82431: 중러 철수 대비가 현금회수·생산연속성·경쟁사 부담 전가로 완성된다. ② 471 L82432~L82611: 한 부회장에게 몽골 투자 확대를 지시하고 베이징의 리강에게 중국 공장 축소는 철수가 아니라 일대일로 물류 참여를 위한 재배치라고 설명한다. ③ L81543~L81560;L82423~L82440; predecessor=465화 L81390~L81551: 지분 참여 전략이 에너지·금융·신기술 브랜드 전반의 선점 방식으로 굳어진다.; next=466화 L81552~L81719: 신약 이익을 10년 성장기반에 재투자하고 명동의 정보망까지 점검한 뒤 이영한에게 10조 원 규모 시장과 비트코인 청산 시점을 알려 준다.에서 지급·상대·장소·목표 가운데 둘 이상이 교대한다.,0.96
DCA-N41C,일본 품질조작 증거·리콜과 저점매수,471,477,471,477,7,김민재·민정기·한정훈·장경준·사토 켄지·베릴·일본 자동차기업 연합·도시바 경영진,태우 연구소·러시아 자동차 공장·일본 자동차시장·도시바 협상장,471 L82432~L82611에서 중국·러시아 공장 철수로 육상과 해상 공급로가 동시에 불안해진다. 한 부회장에게 몽골 투자 확대를 지시하고 베이징의 리강에게 중국 공장 축소는 철수가 아니라 일대일로 물류 참여를 위한 재배치라고 설명한다.,몽골 자원로를 확보하고 중국 철수 의심을 운송사업으로 돌려세운다. 범위 마지막의 복수작전이 경쟁사 약화와 자사 시스템 신뢰라는 이중 이익으로 결산된다.까지 실제로 확인할 수 있는가?,미중 무역전쟁 직전 자원·물류 경로를 저점에서 선점하는 새 아크를 연다. 확인 가능한 지급은 복수작전이 경쟁사 약화와 자사 시스템 신뢰라는 이중 이익으로 결산된다.,474 L82958~L83125에서 자동차 결함은 막연하고 금융타워가 직접 움직이면 매도 의도가 노출된다.,이영한의 일본 조직 자금망이 현직·퇴직 시험인력까지 찾을 우회통로가 된다.,복수작전이 경쟁사 약화와 자사 시스템 신뢰라는 이중 이익으로 결산된다.,30년 거짓에 대한 공개사과와 태우 주가상승이 즉시 지급된다.,477에서 30년 거짓에 대한 공개사과와 태우 주가상승이 즉시 지급된다.,도시바 면담·러시아 공장 계약파기 조건; 도시바 자산매각; 태우 점유율 상승. 도시바가 러시아 공장 계약을 파기하고 싶다고 연락하자 김민재는 직접 만날 일정을 잡으라고 지시한다.,도시바가 러시아 공장 계약을 파기하고 싶다고 연락하자 김민재는 직접 만날 일정을 잡으라고 지시한다. 다음 첫 행동은 478에서 러시아 공장 파기를 받아주는 대신 두 회사 매각을 제안하고 미국기업·핀테크은행과 연합해 반독점 규제를 피할 구조를 짠다..,① 477 L83506~L83688: 복수작전이 경쟁사 약화와 자사 시스템 신뢰라는 이중 이익으로 결산된다. ② 478 L83689~L83856: 러시아 공장 파기를 받아주는 대신 두 회사 매각을 제안하고 미국기업·핀테크은행과 연합해 반독점 규제를 피할 구조를 짠다. ③ L82423~L82440;L83680~L83697; predecessor=470화 L82249~L82431: 중러 철수 대비가 현금회수·생산연속성·경쟁사 부담 전가로 완성된다.; next=471화 L82432~L82611: 한 부회장에게 몽골 투자 확대를 지시하고 베이징의 리강에게 중국 공장 축소는 철수가 아니라 일대일로 물류 참여를 위한 재배치라고 설명한다.에서 지급·상대·장소·목표 가운데 둘 이상이 교대한다.,0.96
DCA-N41D,도시바메모리·웨스팅하우스 가격·담보 인수,478,481,478,481,4,김민재·민정기·한정훈·장경준·사토 켄지·베릴·일본 자동차기업 연합·도시바 경영진,태우 연구소·러시아 자동차 공장·일본 자동차시장·도시바 협상장,478 L83689~L83856에서 도시바가 신뢰 추락과 웨스팅하우스 손실로 러시아 공장 매입계약 파기를 요청한다. 러시아 공장 파기를 받아주는 대신 두 회사 매각을 제안하고 미국기업·핀테크은행과 연합해 반독점 규제를 피할 구조를 짠다.,미국 연합을 앞세워 도시바메모리와 웨스팅하우스를 인수한다. 범위 마지막의 단순 인수가 공급망 전반의 옵션·담보·연료 확보로 확장된다.까지 실제로 확인할 수 있는가?,일본의 대규모 악재에서 메모리·원전 핵심회사를 한꺼번에 저점 인수한다. 확인 가능한 지급은 단순 인수가 공급망 전반의 옵션·담보·연료 확보로 확장된다.,479 L83857~L84015에서 30조 원 인수비용과 일본 방어막이 남고 너무 일찍 판 유전은 추가 상승분을 놓칠 수 있다.,데이비드가 15일 해결을 약속하고 석유사들이 앞다퉈 지분을 사겠다고 나선다.,단순 인수가 공급망 전반의 옵션·담보·연료 확보로 확장된다.,두 핵심기업과 잔여지분 담보라는 다층 권리를 얻는다.,481에서 두 핵심기업과 잔여지분 담보라는 다층 권리를 얻는다.,카메코 우라늄·도시바 잔여지분 담보 실행. 카메코 지분을 3년 동안 조용히 모아 러시아 전쟁 뒤 원전과 우라늄 부활을 함께 맞을 준비를 한다.,카메코 지분을 3년 동안 조용히 모아 러시아 전쟁 뒤 원전과 우라늄 부활을 함께 맞을 준비를 한다. 다음 첫 행동은 482에서 청나라 채권의 5% 금리와 600만 파운드 발행액을 계산하고 인터넷 경매·골동품상·미영 재단을 매입경로로 정해 한 부회장에게 6개월 안 최소 절반 확보를 지시한다..,① 481 L84192~L84351: 단순 인수가 공급망 전반의 옵션·담보·연료 확보로 확장된다. ② 482 L84352~L84522: 청나라 채권의 5% 금리와 600만 파운드 발행액을 계산하고 인터넷 경매·골동품상·미영 재단을 매입경로로 정해 한 부회장에게 6개월 안 최소 절반 확보를 지시한다. ③ L83680~L83697;L84183~L84200; predecessor=477화 L83506~L83688: 복수작전이 경쟁사 약화와 자사 시스템 신뢰라는 이중 이익으로 결산된다.; next=478화 L83689~L83856: 러시아 공장 파기를 받아주는 대신 두 회사 매각을 제안하고 미국기업·핀테크은행과 연합해 반독점 규제를 피할 구조를 짠다.에서 지급·상대·장소·목표 가운데 둘 이상이 교대한다.,0.96
DCA-N42,청나라채권 지시·유전코인 회수와 엔비디아 현재지분,482,488,482,488,7,김민재·한정훈·워렌·손정우·리사·젝슨 황·리강·진량타이·트럼프,금융타워·가이아나·알래스카 유전·홍콩 협상장·대만 채권 소각 행사,482 L84352~L84522에서 도요타 방어전이 길어지는 가운데 미중 양국이 태우에도 선택을 강요할 시기가 온다. 청나라 채권의 5% 금리와 600만 파운드 발행액을 계산하고 인터넷 경매·골동품상·미영 재단을 매입경로로 정해 한 부회장에게 6개월 안 최소 절반 확보를 지시한다.,5% 금리·600만 파운드 발행 청나라 채권을 경매·골동품상·미영 재단에서 6개월 안에 최소 절반 모을 실행계획을 세운다. 범위 마지막의 35억 달러 채권↔엔비디아 3% 교환을 완료하고 태우증권 8% 이상·핀테크 포함 약 10% 보유를 확인한다. 뱅가드·피델리티 각 7% 협상길을 얻지만 통제권은 아직 없다.까지 실제로 확인할 수 있는가?,수백조 미국채 대신 수백억짜리 청나라 채권으로 거대한 변수를 만든다. 확인 가능한 지급은 35억 달러 채권↔엔비디아 3% 교환을 완료하고 태우증권 8% 이상·핀테크 포함 약 10% 보유를 확인한다. 뱅가드·피델리티 각 7% 협상길을 얻지만 통제권은 아직 없다.,485 L84876~L85064에서 워렌은 금융타워가 미국과 중국을 동시에 공략하는 위험한 그림임을 정확히 간파한다.,"워런이 위험을 함께 지겠다고 금융타워에 재투자하고, 국민연금은 세력보다 정확한 저점매수 실력으로 별도의 전문가를 드러낸다.",35억 달러 채권↔엔비디아 3% 교환을 완료하고 태우증권 8% 이상·핀테크 포함 약 10% 보유를 확인한다. 뱅가드·피델리티 각 7% 협상길을 얻지만 통제권은 아직 없다.,엔비디아 보유분은 실제 약 10%가 되고 25%·40%·50%는 협상경로와 목표로 남는다.,488에서 엔비디아 보유분은 실제 약 10%가 되고 25%·40%·50%는 협상경로와 목표로 남는다.,"뱅가드·피델리티 각 7% 협상; 엔비디아 25%·40%·최종 50% 목표. 미중 무역분쟁은 김민재가 20년 동안 기다린 마지막 초대형 기회이고, 반드시 잡아야 한다.","미중 무역분쟁은 김민재가 20년 동안 기다린 마지막 초대형 기회이고, 반드시 잡아야 한다. 다음 첫 행동은 489에서 트럼프의 호출에 응해 중국 보유채권 20% 이상 매각 가능성을 계산하고 공매도 수익으로 채권을 사겠다고 제안한다..",① 488 L85415~L85589: 35억 달러 채권↔엔비디아 3% 교환을 완료하고 태우증권 8% 이상·핀테크 포함 약 10% 보유를 확인한다. 뱅가드·피델리티 각 7% 협상길을 얻지만 통제권은 아직 없다. ② 489 L85590~L85766: 트럼프의 호출에 응해 중국 보유채권 20% 이상 매각 가능성을 계산하고 공매도 수익으로 채권을 사겠다고 제안한다. ③ L85581~L85598; predecessor=481화 L84192~L84351: 단순 인수가 공급망 전반의 옵션·담보·연료 확보로 확장된다.; next=482화 L84352~L84522: 5% 금리·600만 파운드 청나라 채권을 경매·골동품상·미영 재단에서 6개월 안 최소 절반 매집하라고 지시한다.에서 지급·상대·장소·목표 가운데 둘 이상이 교대한다.,0.96
DCA-N42B,미중 무역전쟁과 중국 5년 금융권한 말합의,489,495,489,495,7,김민재·한정훈·워렌·손정우·리사·젝슨 황·리강·진량타이·트럼프,금융타워·가이아나·알래스카 유전·홍콩 협상장·대만 채권 소각 행사,489 L85590~L85766에서 트럼프가 중국산 관세를 발효하며 미중 무역전쟁이 실제로 시작된다. 트럼프의 호출에 응해 중국 보유채권 20% 이상 매각 가능성을 계산하고 공매도 수익으로 채권을 사겠다고 제안한다.,중국이 던질 미국채를 받고 금융타워가 양국 증발자금을 포집한다. 범위 마지막의 중국 금융시장 5년 무제한 활동권과 5년 뒤 청나라 채권 양도 조건의 정치적 수락·말합의를 얻는다. 금융타워 전체 세부계약은 미지급이다.까지 실제로 확인할 수 있는가?,미국채 방어를 맡는 대가로 중국 공매도를 보호받는 국가급 허가를 얻는다. 확인 가능한 지급은 중국 금융시장 5년 무제한 활동권과 5년 뒤 청나라 채권 양도 조건의 정치적 수락·말합의를 얻는다. 금융타워 전체 세부계약은 미지급이다.,492 L86108~L86288에서 GPU 암흑기에 수요전망을 믿기 어렵고 대규모 지분발행은 기존 주주 반발을 부른다.,리사와 젝슨 황이 5촌 관계임을 가계도로 확인해 개발자 간 선천적 신뢰까지 만들어 낸다.,중국 금융시장 5년 무제한 활동권과 5년 뒤 청나라 채권 양도 조건의 정치적 수락·말합의를 얻는다. 금융타워 전체 세부계약은 미지급이다.,청나라 채권은 중국의 5년 권한 말합의를 끌어낸 정치 지렛대가 되고 각 금융사는 세부협상 단계로 들어간다.,495에서 청나라 채권은 중국의 5년 권한 말합의를 끌어낸 정치 지렛대가 되고 각 금융사는 세부협상 단계로 들어간다.,금융타워 각 사 세부조건·계약 체결; 중국 내 실제 금융활동 실행; 니콜라 폭로. 데이비드가 니콜라가 조작을 넘어선 사기라고 보고한다.,데이비드가 니콜라가 조작을 넘어선 사기라고 보고한다. 다음 첫 행동은 496에서 후계자 김정권에게 영상의 각도를 돌려 사기방식을 보여 주고 2주 안에 지분을 팔며 새만금 공장·인력을 배치하라는 조건을 건다..,① 495 L86652~L86827: 중국 금융시장 5년 무제한 활동권과 5년 뒤 청나라 채권 양도 조건의 정치적 수락·말합의를 얻는다. 금융타워 전체 세부계약은 미지급이다. ② 496 L86828~L87002: 후계자 김정권에게 영상의 각도를 돌려 사기방식을 보여 주고 2주 안에 지분을 팔며 새만금 공장·인력을 배치하라는 조건을 건다. ③ L85581~L85598; predecessor=488화 L85415~L85589: 엔비디아 3% 교환·태우증권 8%+·핀테크 포함 약 10%가 현재 지급이고 25/40/50%는 협상·목표다.; next=489화 L85590~L85766: 트럼프의 호출에 응해 중국 보유채권 20% 이상 매각 가능성을 계산하고 공매도 수익으로 채권을 사겠다고 제안한다.에서 지급·상대·장소·목표 가운데 둘 이상이 교대한다.,0.96
DCA-N43,니콜라·희토류·HBM과 팬데믹 공급망 사전방벽,496,505,496,505,10,김민재·김정권·김성윤·김태중·쑤엉 푹·최재석·오용재·이영한·양진태·머스크·ASML 피터슨,새만금 화학단지·베트남 동파오 광산·태우병원·탑테크·미국 곡물지대·ASML·인도·베트남 팹,496 L86828~L87002에서 니콜라가 경사로에서 트럭을 굴려 주행영상처럼 찍은 사기가 확인된다. 후계자 김정권에게 영상의 각도를 돌려 사기방식을 보여 주고 2주 안에 지분을 팔며 새만금 공장·인력을 배치하라는 조건을 건다.,대화그룹이 니콜라 지분을 폭로 전 매각하고 화학단지에 투자하게 한다. 범위 마지막의 다이먼·데이비드에게 비테라 인수를 맡기고 머스크에게 농업위성 구축 약속을 받는다.까지 실제로 확인할 수 있는가?,우군의 손실을 먼저 막고 사기기업 자금을 새만금 공급망으로 옮기는 보상을 약속한다. 확인 가능한 지급은 다이먼·데이비드에게 비테라 인수를 맡기고 머스크에게 농업위성 구축 약속을 받는다.,500 L87507~L87668에서 센트리언은 수요 없는 코로나 연구 적자와 200억 달러 이상 과잉설비를 감수해야 하고 감염병까지 1년뿐이다.,최재석은 정부 직통지원과 규제법안을 약속하고 센트리언은 세계 유일 수준의 연구·진단기술·마스크 계약망을 이미 보유한다.,다이먼·데이비드에게 비테라 인수를 맡기고 머스크에게 농업위성 구축 약속을 받는다.,농산물 구매 약속이 개별 수입에서 곡물회사 소유와 전 지구 관측망 구축으로 확장된다.,505에서 농산물 구매 약속이 개별 수입에서 곡물회사 소유와 전 지구 관측망 구축으로 확장된다.,"비테라 소유권, 위성 발사, 세계 곡물기업과의 힘겨루기.. 식량 대란이 오기 전에 비테라 계약과 위성망을 실제로 완성할 시간이 흐르기 시작한다.",식량 대란이 오기 전에 비테라 계약과 위성망을 실제로 완성할 시간이 흐르기 시작한다. 다음 첫 행동은 506에서 천민정의 디스플레이 기술유출 증거와 관련자 명단을 이영한에게 넘긴다..,① 505 L88347~L88514: 다이먼·데이비드에게 비테라 인수를 맡기고 머스크에게 농업위성 구축 약속을 받는다. ② 506 L88515~L88679: 천민정의 디스플레이 기술유출 증거와 관련자 명단을 이영한에게 넘긴다. ③ L87660~L87677;L88506~L88523; predecessor=495화 L86652~L86827: 중국 내 5년 금융활동 권한과 5년 뒤 채권양도는 정치적 말합의이고 세부계약·실행은 미지급이다.; next=496화 L86828~L87002: 후계자 김정권에게 영상의 각도를 돌려 사기방식을 보여 주고 2주 안에 지분을 팔며 새만금 공장·인력을 배치하라는 조건을 건다.에서 지급·상대·장소·목표 가운데 둘 이상이 교대한다.,0.96
DCA-N43B,기술유출 증거·보호법과 중국 블랙리스트,506,510,506,510,5,김민재·김정권·김성윤·김태중·쑤엉 푹·최재석·오용재·이영한·양진태·머스크·ASML 피터슨,새만금 화학단지·베트남 동파오 광산·태우병원·탑테크·미국 곡물지대·ASML·인도·베트남 팹,506 L88515~L88679에서 미국에서 돌아온 김민재는 트럼프의 국방수권법·수출통제개혁법 서명을 한 부회장에게 보고받는다. 천민정의 디스플레이 기술유출 증거와 관련자 명단을 이영한에게 넘긴다.,천민정이 모은 디스플레이 기술유출 자료와 관련자 명단을 이영한에게 넘겨 재산·자금줄을 끊는다. 범위 마지막의 리강의 철회 압박을 증거로 물리치고 미국·일본·EU 취업까지 막는 블랙리스트 추진에 들어간다.까지 실제로 확인할 수 있는가?,중국으로 기술을 빼돌린 협력업체 관련자를 물증과 명동 집행력으로 공개 본보기로 만드는 약속. 확인 가능한 지급은 리강의 철회 압박을 증거로 물리치고 미국·일본·EU 취업까지 막는 블랙리스트 추진에 들어간다.,508 L88866~L89034에서 대중 수출 의존 때문에 중국을 자극하면 경제가 무너진다는 반대 여론이 강하고 한국이 보복의 전면에 설 위험이 있다.,미국이 전면에 서고 일본·EU가 뒤를 받쳐 중국의 총알이 한국까지 닿지 않게 하는 국제 방어구조가 제시된다.,리강의 철회 압박을 증거로 물리치고 미국·일본·EU 취업까지 막는 블랙리스트 추진에 들어간다.,중국이 법을 흔드는 위치에서 기술유출자를 함께 버려야 하는 수세로 이동한다.,510에서 중국이 법을 흔드는 위치에서 기술유출자를 함께 버려야 하는 수세로 이동한다.,"비테라 인수 계약, 카길·와이자타를 포함한 곡물 카르텔 분열.. 김민재의 미국행 목적이 비테라 인수와 곡물 메이저 ABC 협상으로 구체화된다.",김민재의 미국행 목적이 비테라 인수와 곡물 메이저 ABC 협상으로 구체화된다. 다음 첫 행동은 511에서 카길·와이자타 앞에서 연 1천억 달러 곡물 구매와 농장 임차를 제안한다.,① 510 L89194~L89363: 리강의 철회 압박을 증거로 물리치고 미국·일본·EU 취업까지 막는 블랙리스트 추진에 들어간다. ② 511 L89364~L89522: 카길·와이자타 앞에서 연 1천억 달러 곡물 구매와 농장 임차를 제안한다 ③ L88506~L88523;L89355~L89372; predecessor=505화 L88347~L88514: 다이먼·데이비드에게 비테라 인수를 맡기고 머스크에게 농업위성 구축 약속을 받는다.; next=506화 L88515~L88679: 천민정의 디스플레이 기술유출 증거와 관련자 명단을 이영한에게 넘긴다.에서 지급·상대·장소·목표 가운데 둘 이상이 교대한다.,0.96
DCA-N43C,곡물 카르텔 1000억 달러와 비테라 인수,511,512,511,512,2,김민재·김정권·김성윤·김태중·쑤엉 푹·최재석·오용재·이영한·양진태·머스크·ASML 피터슨,새만금 화학단지·베트남 동파오 광산·태우병원·탑테크·미국 곡물지대·ASML·인도·베트남 팹,511 L89364~L89522에서 미국에 도착한 김민재는 농업위성 성공을 확인한 뒤 카길·와이자타 등 곡물기업 대표들을 한자리에 모은다. 카길·와이자타 앞에서 연 1천억 달러 곡물 구매와 농장 임차를 제안한다,"농장 임차와 대량구매 조건을 제시해 태우에 가장 좋은 생산·유통 조건을 내는 기업을 고른다. 범위 마지막의 비테라 인수와 태우 곡물회사 전환, 세계 농업 인프라 임차 조건이 확정된다.까지 실제로 확인할 수 있는가?","연 1천억 달러 구매력을 미끼로 곡물 메이저의 단일대오를 서로 물어뜯는 경쟁으로 바꾸는 약속. 확인 가능한 지급은 비테라 인수와 태우 곡물회사 전환, 세계 농업 인프라 임차 조건이 확정된다.",511 L89364~L89522에서 ABC 기업들은 시장을 나눠 가진 카르텔이며 태우가 한 곳과 손잡으면 나머지가 공급을 막을 수 있다.,1천억 달러는 세계 곡물기업 순위를 바꿀 금액이라 선택권을 넘겨받은 대표들이 숨긴 탐욕을 드러낸다.,"비테라 인수와 태우 곡물회사 전환, 세계 농업 인프라 임차 조건이 확정된다.",외부 카르텔에 구매를 의존하던 상태에서 태우가 곡물회사와 생산·유통 거점을 직접 가진다.,512에서 외부 카르텔에 구매를 의존하던 상태에서 태우가 곡물회사와 생산·유통 거점을 직접 가진다.,해외 반도체 생산지도와 AI 시대의 첨단칩 주도권.. 태우반도체를 대체 불가능한 공급자로 만들 해외 팹·첨단칩 투자가 다음 과제로 열린다.,태우반도체를 대체 불가능한 공급자로 만들 해외 팹·첨단칩 투자가 다음 과제로 열린다. 다음 첫 행동은 513에서 인도·베트남 팹을 중국 구형반도체 시장 최소 50% 대체 규모로 잡고 중국 업체보다 먼저 구형 노광장비 공급계약을 맺도록 지시한다. 2년 내 제재·차량용 공급부족을 설명하고 악성재고는 본사가 매입 책임지며 HBM 5배 증설·한국 GPU 부지를 배치한다..,"① 512 L89523~L89696: 비테라 인수와 태우 곡물회사 전환, 세계 농업 인프라 임차 조건이 확정된다. ② 513 L89697~L89854: 인도·베트남 팹을 중국 구형반도체 시장 최소 50% 대체 규모로 잡고 중국 업체보다 먼저 구형 노광장비 공급계약을 맺도록 지시한다. 2년 내 제재·차량용 공급부족을 설명하고 악성재고는 본사가 매입 책임지며 HBM 5배 증설·한국 GPU 부지를 배치한다. ③ L89355~L89372;L89688~L89705; predecessor=510화 L89194~L89363: 리강의 철회 압박을 증거로 물리치고 미국·일본·EU 취업까지 막는 블랙리스트 추진에 들어간다.; next=511화 L89364~L89522: 카길·와이자타 앞에서 연 1천억 달러 곡물 구매와 농장 임차를 제안한다에서 지급·상대·장소·목표 가운데 둘 이상이 교대한다.",0.96
DCA-N43D,인도·베트남 구형팹·ASML·곡물과 28GHz,513,516,513,516,4,김민재·김정권·김성윤·김태중·쑤엉 푹·최재석·오용재·이영한·양진태·머스크·ASML 피터슨,새만금 화학단지·베트남 동파오 광산·태우병원·탑테크·미국 곡물지대·ASML·인도·베트남 팹,513 L89697~L89854에서 식량협상을 마친 김민재가 귀국 즉시 한 부회장·천민정·리사·웨이를 소집한다. 인도·베트남 팹을 중국 구형반도체 시장 최소 50% 대체 규모로 잡고 중국 업체보다 먼저 구형 노광장비 공급계약을 맺도록 지시한다. 2년 내 제재·차량용 공급부족을 설명하고 악성재고는 본사가 매입 책임지며 HBM 5배 증설·한국 GPU 부지를 배치한다.,"2년 내 중국 제재와 차량용 반도체 대란 전에 인도·베트남 구형팹, 구형 노광장비 공급선, HBM·GPU 한국기지를 배치한다. 범위 마지막의 ASML 5년 장기계약 10조 원 이상과 중국행 구형장비 일부, 베트남·인도 정부협상 및 수배 지출 회고, 김태중의 푹 수상 면담 주선, 28GHz·스타링크 구축명령을 확인한다. 베트남 단지·곡물/농지 계약은 계획·협상 단계다.까지 실제로 확인할 수 있는가?","인도·베트남에 중국 구형반도체 시장의 최소 50%를 대체할 생산기지를 세우고 구형 노광장비를 중국보다 먼저 선점하는 약속. 확인 가능한 지급은 ASML 5년 장기계약 10조 원 이상과 중국행 구형장비 일부, 베트남·인도 정부협상 및 수배 지출 회고, 김태중의 푹 수상 면담 주선, 28GHz·스타링크 구축명령을 확인한다. 베트남 단지·곡물/농지 계약은 계획·협상 단계다.","514 L89855~L90022에서 반도체공장과 곡물·농지 교환은 오너리스크 비판을 부르고, ASML은 제한된 구형장비를 중국과 태우 사이에서 배분해야 한다.",곡물시장 비판과 중국 배후 의심에도 김민재가 ASML 직접협상 뒤 베트남·인도 정부 계약까지 한 순방으로 잇기로 한다.,"ASML 5년 장기계약 10조 원 이상과 중국행 구형장비 일부, 베트남·인도 정부협상 및 수배 지출 회고, 김태중의 푹 수상 면담 주선, 28GHz·스타링크 구축명령을 확인한다. 베트남 단지·곡물/농지 계약은 계획·협상 단계다.",해외팹·장비·식량 협상은 실제 순방과 지출을 거쳐 실행기반을 얻고 국내에서는 손실을 감수한 28GHz·위성 보완망 투자로 전환된다.,516에서 해외팹·장비·식량 협상은 실제 순방과 지출을 거쳐 실행기반을 얻고 국내에서는 손실을 감수한 28GHz·위성 보완망 투자로 전환된다.,베트남 반도체단지·곡물·농지 계약; 인도 팹·밀 계약; 28GHz 전국망·스타링크 협업. 해외팹 협상과 장비계약 뒤 28GHz 전국망·스타링크 협업을 실제 통신·자율주행 기반으로 구축할 수 있는가?,"해외팹 협상과 장비계약 뒤 28GHz 전국망·스타링크 협업을 실제 통신·자율주행 기반으로 구축할 수 있는가? 다음 첫 행동은 517에서 일본 초계기 갈등을 계기로 일본 소재를 2~10배 비축하고 관련주 공매도를 준비한 뒤, 내부정보를 구하러 명동으로 향한다..","① 516 L90197~L90378: ASML 5년 장기계약 10조 원 이상과 중국행 구형장비 일부, 베트남·인도 정부협상 및 수배 지출 회고, 김태중의 푹 수상 면담 주선, 28GHz·스타링크 구축명령을 확인한다. 베트남 단지·곡물/농지 계약은 계획·협상 단계다. ② 517 L90379~L90540: 일본 초계기 갈등을 계기로 일본 소재를 2~10배 비축하고 관련주 공매도를 준비한 뒤, 내부정보를 구하러 명동으로 향한다. ③ L89688~L89705; predecessor=512화 L89523~L89696: 비테라 인수와 태우 곡물회사 전환, 세계 농업 인프라 임차 조건이 확정된다.; next=513화 L89697~L89854: 인도·베트남을 중국 구형반도체 시장 50% 대체기지로 잡고 구형 노광장비 선점·2년 제재·악성재고 책임을 설계한다.에서 지급·상대·장소·목표 가운데 둘 이상이 교대한다.",0.96
DCA-N44,일본 소재·금융전을 12나인과 오염수로 역전,517,540,517,540,24,김민재·한정훈·최재석·트럼프·손정우·에디·아키토·로만·리강·태우·삼진 연구진,청와대·태우·삼진 연구소·듀폰 한국공장·일본 금융시장·한중러 외교장,"517 L90379~L90540에서 순방 뒤 밀린 업무를 보던 김민재에게 일본 초계기 갈등 긴급속보가 들어온다. 일본 초계기 갈등을 계기로 일본 소재를 2~10배 비축하고 관련주 공매도를 준비한 뒤, 내부정보를 구하러 명동으로 향한다.",일본 의존 소재를 미리 사들이고 일본 기업 약점을 캐 규제 순간 금융·산업 양쪽에서 역공한다. 범위 마지막의 대화그룹의 소재 국산화 공로가 인정되고 HBM·양자·AI 무제한 투자방침이 확정된다.까지 실제로 확인할 수 있는가?,다가올 일본 수출규제를 소재 2~10배 비축과 관련주 공매도로 되받아치는 약속. 확인 가능한 지급은 대화그룹의 소재 국산화 공로가 인정되고 HBM·양자·AI 무제한 투자방침이 확정된다.,528 L92244~L92424에서 핵심 기술을 너무 일찍 공개하면 일본이 대응할 시간을 벌고 소재공급 차질 우려가 시장을 흔든다.,준비한 카드의 공개시점을 숨기는 것 자체가 일본 손실을 키울 주도권임이 확인된다.,대화그룹의 소재 국산화 공로가 인정되고 HBM·양자·AI 무제한 투자방침이 확정된다.,일본 소재전의 방어자가 팬데믹 수익을 예상해 차세대 기술을 선점하는 투자자로 전환된다.,540에서 일본 소재전의 방어자가 팬데믹 수익을 예상해 차세대 기술을 선점하는 투자자로 전환된다.,팬데믹 수익 실현; HBM·양자·AI 투자 집행·성과. 예상한 팬데믹 수익을 실제로 확보해 HBM·양자·AI 무제한 투자의 위험과 시간을 감당할 수 있는가?,예상한 팬데믹 수익을 실제로 확보해 HBM·양자·AI 무제한 투자의 위험과 시간을 감당할 수 있는가? 다음 첫 행동은 541에서 태우병원 이동수 의료진이 우한에서 신종 코로나를 탐지하고 센트리언이 검사키트·백신·치료제 연구에 착수한다..,"① 540 L94314~L94486: 대화그룹의 소재 국산화 공로가 인정되고 HBM·양자·AI 무제한 투자방침이 확정된다. ② 541 L94487~L94679: 태우병원 이동수 의료진이 우한에서 신종 코로나를 탐지하고 센트리언이 검사키트·백신·치료제 연구에 착수한다. ③ L91033~L91050;L92752~L92769;L93611~L93628; predecessor=516화 L90197~L90378: ASML 5년 계약 10조 원+·중국행 구형장비 일부·베트남/인도 협상 회고·28GHz/스타링크 지시가 지급되며 단지·곡물/농지 계약은 진행형이다.; next=517화 L90379~L90540: 일본 초계기 갈등을 계기로 일본 소재를 2~10배 비축하고 관련주 공매도를 준비한 뒤, 내부정보를 구하러 명동으로 향한다.에서 지급·상대·장소·목표 가운데 둘 이상이 교대한다.",0.96
DCA-N45,우한 조기경보·진단키트와 다이아 프린스 구조,541,555,541,555,15,김민재·이동수·서정준·천민정·최재석·강 대위·민동규·헨더슨·빈 살만,우한 태우병원·센트리언·한국 방역현장·다이아 프린스 호·금융타워,541 L94487~L94679에서 우한 태우병원 의료진이 한 달째 현지 진료를 하며 평소와 다른 감염 양상을 발견한다. 태우병원 이동수 의료진이 우한에서 신종 코로나를 탐지하고 센트리언이 검사키트·백신·치료제 연구에 착수한다.,이동수의 현장정보를 센트리언·AI센터에 보내 바이러스 분석과 제품개발을 즉시 시작한다. 범위 마지막의 약 300명이 안전하게 한국에 도착하고 최재석 정부·태우병원의 국제이미지가 상승한다.까지 실제로 확인할 수 있는가?,중국 발표 전 병원데이터로 신종 코로나를 잡아 세계 최초의 검사키트·백신·치료제 대응시간을 얻는 약속. 확인 가능한 지급은 약 300명이 안전하게 한국에 도착하고 최재석 정부·태우병원의 국제이미지가 상승한다.,548 L95718~L95886에서 사적 처벌은 법적 위험이 있고 중국은 자국 기술체면 때문에 한국 키트를 쉽게 승인하지 않는다.,회귀 전보다 단 6개월 빠른 진입이 센트리언·태우·한국의 세계표준 지위를 만들 차이로 드러난다.,약 300명이 안전하게 한국에 도착하고 최재석 정부·태우병원의 국제이미지가 상승한다.,일본 선내에 방치된 승객이 한국의 구조·격리 안으로 들어오고 한국은 방역 모범국 지위를 얻는다.,555에서 일본 선내에 방치된 승객이 한국의 구조·격리 안으로 들어오고 한국은 방역 모범국 지위를 얻는다.,센트리언 백신완성; 사회적 거리두기·국내 방역. 구조 뒤 최재석에게 약속한 석 달 안 백신과 사회적 거리두기 준비를 실제 방역체계로 만들 수 있는가?,구조 뒤 최재석에게 약속한 석 달 안 백신과 사회적 거리두기 준비를 실제 방역체계로 만들 수 있는가? 다음 첫 행동은 556에서 AI가 예측한 3월 폭락에 금융타워·국민연금 포지션을 맞춘다.,① 555 L96945~L97147: 약 300명이 안전하게 한국에 도착하고 최재석 정부·태우병원의 국제이미지가 상승한다. ② 556 L97148~L97327: AI가 예측한 3월 폭락에 금융타워·국민연금 포지션을 맞춘다 ③ L97139~L97156; predecessor=540화 L94314~L94486: 대화그룹의 소재 국산화 공로가 인정되고 HBM·양자·AI 무제한 투자방침이 확정된다.; next=541화 L94487~L94679: 태우병원 이동수 의료진이 우한에서 신종 코로나를 탐지하고 센트리언이 검사키트·백신·치료제 연구에 착수한다.에서 지급·상대·장소·목표 가운데 둘 이상이 교대한다.,0.96
DCA-N45B,3월 폭락·유가전쟁과 미국 대선 양면보험,556,565,556,565,10,"김민재·이동수·서정준·천민정·최재석·강 대위·민동규·헨더슨·빈 살만, 김민재·트럼프·바이든·오바마·데이비드·한정훈·최재석·손정우·다이키요","우한 태우병원·센트리언·한국 방역현장·다이아 프린스 호·금융타워, 백악관·미국 대선회동장·알래스카·가이아나 유전·일본 의료협상장",556 L97148~L97327에서 승객 구조 사흘 뒤 세계 언론이 한국 대응을 집중 보도하고 금융시장은 아직 작은 하락만 보인다. AI가 예측한 3월 폭락에 금융타워·국민연금 포지션을 맞춘다,공매도 포지션을 유지하고 국민연금의 매수시점을 대폭락 뒤로 늦춘다. 범위 마지막의 바이든의 조건부 의무화 약속을 받고 주 후원선이 전환되며 트럼프 관계도 보존된다.까지 실제로 확인할 수 있는가?,AI가 예측한 3월 대폭락을 금융타워 수익과 국민연금 저점매수로 바꾸는 약속. 확인 가능한 지급은 바이든의 조건부 의무화 약속을 받고 주 후원선이 전환되며 트럼프 관계도 보존된다.,560 L97866~L98046에서 바닥을 너무 일찍 잡으면 추가폭락을 맞고 정치진영을 잘못 고르면 미국 사업 전체가 위험해진다.,진영보다 태우와 손을 잡을 사람을 고르면 된다는 원칙으로 정치 선택이 사업거래로 재정의된다.,바이든의 조건부 의무화 약속을 받고 주 후원선이 전환되며 트럼프 관계도 보존된다.,"트럼프 일변도에서 차기 권력은 바이든, 현직 사업은 트럼프로 분리한 이중 안전망이 생긴다.","565에서 트럼프 일변도에서 차기 권력은 바이든, 현직 사업은 트럼프로 분리한 이중 안전망이 생긴다.",국내 사장단 회의·산업투자; FDA·한국 백신 승인; 미국 대선. 바이든을 주 경주마로 바꾸고 트럼프선을 유지한 이중 안전망을 국내 사장단 회의와 백신정책의 실제 실행으로 연결할 수 있는가?,바이든을 주 경주마로 바꾸고 트럼프선을 유지한 이중 안전망을 국내 사장단 회의와 백신정책의 실제 실행으로 연결할 수 있는가? 다음 첫 행동은 566에서 태우 사장단 회의에서 원전·레거시칩 증산과 태우상사의 선박 매입을 승인하고 계열사별 저점투자 방향을 정한다..,① 565 L98761~L98946: 바이든의 조건부 의무화 약속을 받고 주 후원선이 전환되며 트럼프 관계도 보존된다. ② 566 L98947~L99104: 태우 사장단 회의에서 원전·레거시칩 증산과 태우상사의 선박 매입을 승인하고 계열사별 저점투자 방향을 정한다. ③ L97139~L97156;L98031~L98063;L98926~L98946; predecessor=555화 L96945~L97147: 약 300명이 안전하게 한국에 도착하고 최재석 정부·태우병원의 국제이미지가 상승한다.; next=556화 L97148~L97327: AI가 예측한 3월 폭락에 금융타워·국민연금 포지션을 맞춘다에서 지급·상대·장소·목표 가운데 둘 이상이 교대한다.,0.96
DCA-N46,사장단 포스트코로나 재편과 일본 20조 엔·FDA 승인,566,570,566,570,5,김민재·트럼프·바이든·오바마·데이비드·한정훈·최재석·손정우·다이키요,백악관·미국 대선회동장·알래스카·가이아나 유전·일본 의료협상장,566 L98947~L99104에서 태우가 한국·세계 상위 그룹에 오른 상태에서 대통령 주재의 팬데믹 이후 산업회의가 열린다. 태우 사장단 회의에서 원전·레거시칩 증산과 태우상사의 선박 매입을 승인하고 계열사별 저점투자 방향을 정한다.,정부 규제를 풀고 태우상사가 시장의 선박·컨테이너를 가능한 한 모두 사게 한다. 범위 마지막의 일본 내각의 방역물자·G7 비반대·20조 엔 자산거래 수락과 센트리언 백신 FDA 승인을 얻는다. 자산 인수 집행은 남는다.까지 실제로 확인할 수 있는가?,원전·레거시칩·모든 선박을 선점해 한국을 에너지·반도체·물류 허브로 만드는 약속. 확인 가능한 지급은 일본 내각의 방역물자·G7 비반대·20조 엔 자산거래 수락과 센트리언 백신 FDA 승인을 얻는다. 자산 인수 집행은 남는다.,568 L99285~L99462에서 일본은 체면 때문에 공개항복을 피하고 김민재가 일본에 들어가면 요청자가 아니라 지원자로 보일 수 있다.,아쉬운 쪽이 움직여야 한다는 원칙으로 장소까지 호주로 정해 일본의 약자지위를 고정한다.,일본 내각의 방역물자·G7 비반대·20조 엔 자산거래 수락과 센트리언 백신 FDA 승인을 얻는다. 자산 인수 집행은 남는다.,비밀 구조거래와 개발 중 백신이 일본의 공식 양보와 미국 허가를 얻지만 20조 엔 자산의 실제 소유권 이전은 이후다.,570에서 비밀 구조거래와 개발 중 백신이 일본의 공식 양보와 미국 허가를 얻지만 20조 엔 자산의 실제 소유권 이전은 이후다.,20조 엔 자산 인수 집행; 한국 승인·세계배송; 국가별 가격·정치거래. 유일한 대량생산자가 백신 가격·배송·국가별 대가를 어떻게 설계할지가 열린다.,유일한 대량생산자가 백신 가격·배송·국가별 대가를 어떻게 설계할지가 열린다. 다음 첫 행동은 571에서 한국·FDA 백신 승인을 발표하고 일본에도 물자를 공급한다.,① 570 L99634~L99819: 일본 내각의 방역물자·G7 비반대·20조 엔 자산거래 수락과 센트리언 백신 FDA 승인을 얻는다. 자산 인수 집행은 남는다. ② 571 L99820~L99993: 한국·FDA 백신 승인을 발표하고 일본에도 물자를 공급한다 ③ L98926~L98964; predecessor=565화 L98761~L98946: 바이든의 조건부 의무화 약속을 받고 주 후원선이 전환되며 트럼프 관계도 보존된다.; next=566화 L98947~L99104: 태우 사장단 회의에서 원전·레거시칩 증산과 태우상사의 선박 매입을 승인하고 계열사별 저점투자 방향을 정한다.에서 지급·상대·장소·목표 가운데 둘 이상이 교대한다.,0.96
DCA-N47,마이너스 유가·백신으로 중국·아프리카·EU 개방,571,577,571,577,7,김민재·한정훈·최재석·리강·아프리카연합 대표단·이종수·EU 협상단,금융타워·중국 합작협상장·아프리카연합 회의·EU 백신협상장,571 L99820~L99993에서 FDA 승인 소식을 듣고 김민재가 센트리언에서 서정준과 세계배분을 준비한다. 한국·FDA 백신 승인을 발표하고 일본에도 물자를 공급한다,"국내 허가·대량생산·배송을 확정하고 일본과 미국에 첫 물량을 배분한다. 범위 마지막의 EU 1달러 위탁생산 계약과 유럽·아프리카 공급, 향후 정책협력 약속이 성립한다.까지 실제로 확인할 수 있는가?","한국·미국 허가를 받은 백신이 일본을 포함한 세계로 나가 센트리언과 국가브랜드를 끌어올리는 보상. 확인 가능한 지급은 EU 1달러 위탁생산 계약과 유럽·아프리카 공급, 향후 정책협력 약속이 성립한다.",574 L100360~L100529에서 여러 프로젝트에 동시에 자금이 들어가고 태우상사는 그동안 자본을 갉아먹는 계열사라는 평가를 받았다.,이종수는 세계 물류·자원수요가 터질 시점을 기다려 온 태우상사가 이제 날아오를 때임을 확신한다.,"EU 1달러 위탁생산 계약과 유럽·아프리카 공급, 향후 정책협력 약속이 성립한다.",수출봉쇄에 막힌 태우가 유럽비용으로 생산하면서 국제구호·규제교섭 우위까지 얻는다.,577에서 수출봉쇄에 막힌 태우가 유럽비용으로 생산하면서 국제구호·규제교섭 우위까지 얻는다.,개인투자자 유입 촉매; 유럽 정책협력. 양적완화 지원금을 들고 망설이는 개인들을 주식시장으로 밀어 넣을 촉매는 무엇인가?,양적완화 지원금을 들고 망설이는 개인들을 주식시장으로 밀어 넣을 촉매는 무엇인가? 다음 첫 행동은 578에서 유가 감산 뒤 금융선을 정리하고 베릴을 개인투자자 영웅으로 키워 부양금을 증시로 끌어들일 작전을 설계한다..,"① 577 L100880~L101041: EU 1달러 위탁생산 계약과 유럽·아프리카 공급, 향후 정책협력 약속이 성립한다. ② 578 L101042~L101213: 유가 감산 뒤 금융선을 정리하고 베릴을 개인투자자 영웅으로 키워 부양금을 증시로 끌어들일 작전을 설계한다. ③ L99820~L101041; predecessor=570화 L99634~L99819: 일본 내각의 방역물자·G7 비반대·20조 엔 자산거래 수락과 센트리언 백신 FDA 승인을 얻는다. 자산 인수 집행은 남는다.; next=571화 L99820~L99993: 한국·FDA 백신 승인을 발표하고 일본에도 물자를 공급한다에서 지급·상대·장소·목표 가운데 둘 이상이 교대한다.",0.96
DCA-N48,베릴·게임스핀 개미군단과 헤지펀드 항복,578,583,578,583,6,김민재·한정훈·데이비드·베릴·미국·한국 개인투자자·월가 헤지펀드,금융타워·미국 주식시장·베릴 동영상 채널·게임스핀 주주전장,578 L101042~L101213에서 주식은 오르지만 유가는 아직 움직이지 않다가 기다린 OPEC 감산 호재가 터진다. 유가 감산 뒤 금융선을 정리하고 베릴을 개인투자자 영웅으로 키워 부양금을 증시로 끌어들일 작전을 설계한다.,베릴의 방송·이미지를 키워 아직 정하지 않은 공매도 표적에 소액투자자를 결집시킨다. 범위 마지막의 헤지펀드가 수백억 달러를 잃고 사과하며 베릴은 300만 구독자의 월가 영웅이 된다.까지 실제로 확인할 수 있는가?,유가 후일담을 닫고 베릴을 개인투자자 영웅으로 세워 헤지펀드와의 대중 전쟁을 여는 약속. 확인 가능한 지급은 헤지펀드가 수백억 달러를 잃고 사과하며 베릴은 300만 구독자의 월가 영웅이 된다.,580 L101382~L101561에서 기존 G7은 회원확대를 꺼리고 일본도 한국의 동급지위를 받아들이기 어렵다.,최재석에게 G7 합류는 재선 뒤 마지막 퍼즐이며 김민재는 이미 사전작업을 끝낸 상태다.,헤지펀드가 수백억 달러를 잃고 사과하며 베릴은 300만 구독자의 월가 영웅이 된다.,개인투자자를 밟으려던 헤지펀드가 공개패배하고 베릴은 태우가 다시 쓸 세계적 금융브랜드로 올라선다.,583에서 개인투자자를 밟으려던 헤지펀드가 공개패배하고 베릴은 태우가 다시 쓸 세계적 금융브랜드로 올라선다.,베릴의 다음 역할; 게임스핀 전후처리. 게임스핀 최종전으로 얻은 베릴의 세계적 금융브랜드를 다음에는 어디에 쓸 것인가?,게임스핀 최종전으로 얻은 베릴의 세계적 금융브랜드를 다음에는 어디에 쓸 것인가? 다음 첫 행동은 584에서 미국 칩수출 제한을 인텔 NAND 인수기회로 판단하고 바이든의 중국 팹 유예와 인텔 가격협상을 위해 미국 방문을 정한다..,"① 583 L101898~L102092: 헤지펀드가 수백억 달러를 잃고 사과하며 베릴은 300만 구독자의 월가 영웅이 된다. ② 584 L102093~L102272: 미국 칩수출 제한을 인텔 NAND 인수기회로 판단하고 바이든의 중국 팹 유예와 인텔 가격협상을 위해 미국 방문을 정한다. ③ L101042~L102092; predecessor=577화 L100880~L101041: EU 1달러 위탁생산 계약과 유럽·아프리카 공급, 향후 정책협력 약속이 성립한다.; next=578화 L101042~L101213: 유가 감산 뒤 금융선을 정리하고 베릴을 개인투자자 영웅으로 키워 부양금을 증시로 끌어들일 작전을 설계한다.에서 지급·상대·장소·목표 가운데 둘 이상이 교대한다.",0.96
DCA-N49,중국팹 4년 유예와 인텔 NAND 75억 달러 인수,584,585,584,585,2,김민재·바이든·밥 스웬·머스크·최재석·서정준·에이든,백악관·인텔 협상장·태우반도체·AI 데이터센터 예정지·중국 실패 팹·인도·베트남 공장,584 L102093~L102272에서 백신공급 한 달 만에 3억 명이 접종했고 태우는 변이 표본까지 모은다. 미국 칩수출 제한을 인텔 NAND 인수기회로 판단하고 바이든의 중국 팹 유예와 인텔 가격협상을 위해 미국 방문을 정한다.,중국 팹 규제예외를 받아 내고 저평가된 인텔 낸드 사업부를 매입한다. 범위 마지막의 중국 팹 4년 유예와 인텔 NAND 75억 달러 매입합의가 성립된다.까지 실제로 확인할 수 있는가?,방역패권에서 얻은 시간·현금을 미국 칩수출 제한과 인텔 NAND 인수로 환전하는 약속. 확인 가능한 지급은 중국 팹 4년 유예와 인텔 NAND 75억 달러 매입합의가 성립된다.,584 L102093~L102272에서 중국공장 때문에 인수자도 규제를 맞을 수 있고 손해사업을 사는 결정이라 시장반발이 예상된다.,트럼프와 바이든 양쪽에게 규제제외를 얻는다면 15억 달러 이상 싸게 살 수 있다는 조건이 선다.,중국 팹 4년 유예와 인텔 NAND 75억 달러 매입합의가 성립된다.,"중국 팹 4년 유예와 75억 달러 NAND 매입계약을 확보하지만, 사업부 소유권 이전·통합은 아직 집행 전이다.","585에서 중국 팹 4년 유예와 75억 달러 NAND 매입계약을 확보하지만, 사업부 소유권 이전·통합은 아직 집행 전이다.",소유권 이전·통합; NAND 성장용도. 75억 달러 매입합의를 실제 소유권 이전·통합으로 닫고 NAND를 어떤 성장자산으로 재배치할 것인가?,75억 달러 매입합의를 실제 소유권 이전·통합으로 닫고 NAND를 어떤 성장자산으로 재배치할 것인가? 다음 첫 행동은 586에서 머스크와 T 충전표준·전기차 동맹의 기본구조를 합의하고 EU·미국·한국 완성차를 설득할 계획을 세운다..,① 585 L102273~L102428: 중국 팹 4년 유예와 인텔 NAND 75억 달러 매입합의가 성립된다. ② 586 L102429~L102578: 머스크와 T 충전표준·전기차 동맹의 기본구조를 합의하고 EU·미국·한국 완성차를 설득할 계획을 세운다. ③ L102420~L102437; predecessor=583화 L101898~L102092: 헤지펀드가 수백억 달러를 잃고 사과하며 베릴은 300만 구독자의 월가 영웅이 된다.; next=584화 L102093~L102272: 미국 칩수출 제한을 인텔 NAND 인수기회로 판단하고 바이든의 중국 팹 유예와 인텔 가격협상을 위해 미국 방문을 정한다.에서 지급·상대·장소·목표 가운데 둘 이상이 교대한다.,0.96
DCA-N49B,T 충전표준·AI 데이터센터와 중국 구형장비,586,590,586,590,5,김민재·바이든·밥 스웬·머스크·최재석·서정준·에이든,백악관·인텔 협상장·태우반도체·AI 데이터센터 예정지·중국 실패 팹·인도·베트남 공장,586 L102429~L102578에서 인텔 본사 인근에서 김민재가 머스크를 만나 전기차 산업 재편을 제안한다. 머스크와 T 충전표준·전기차 동맹의 기본구조를 합의하고 EU·미국·한국 완성차를 설득할 계획을 세운다.,미국·EU·한국 완성차사를 GDC에 묶고 T 규격 충전망과 반도체 배분을 통제한다. 범위 마지막의 중국 보조금으로 산 반도체 장비의 암호화폐 매매·태우 이전이 성립된다.까지 실제로 확인할 수 있는가?,차량용칩 부족을 경쟁사 살해가 아니라 태우 충전표준·공급동맹 확장의 지렛대로 쓰는 약속. 확인 가능한 지급은 중국 보조금으로 산 반도체 장비의 암호화폐 매매·태우 이전이 성립된다.,588 L102729~L102918에서 반도체대란 수요가 예상보다 커 기존 대비만으로 부족하고 장비는 생산량 제한 때문에 새로 구하기 어렵다.,중국 팹의 사실상 새 장비를 빼내면 제한된 글로벌 장비시장을 거치지 않고 부족분을 채울 수 있다.,중국 보조금으로 산 반도체 장비의 암호화폐 매매·태우 이전이 성립된다.,원수에게 먹인 가짜기술이 중국 돈을 낭비하는 데서 끝나지 않고 태우의 실제 생산설비로 환수된다.,590에서 원수에게 먹인 가짜기술이 중국 돈을 낭비하는 데서 끝나지 않고 태우의 실제 생산설비로 환수된다.,장비 반출·운송·해외 팹 설치·가동. 암호화폐 매매경로로 중국 보조금 장비를 실제 반출·설치해 해외 팹의 생산설비로 바꿀 수 있는가?,암호화폐 매매경로로 중국 보조금 장비를 실제 반출·설치해 해외 팹의 생산설비로 바꿀 수 있는가? 다음 첫 행동은 591에서 최재석 우세와 연기된 G7을 점검하고 EU의 차량용칩 요구를 협상 카드로 삼는다.,① 590 L103093~L103264: 중국 보조금으로 산 반도체 장비의 암호화폐 매매·태우 이전이 성립된다. ② 591 L103265~L103426: 최재석 우세와 연기된 G7을 점검하고 EU의 차량용칩 요구를 협상 카드로 삼는다 ③ L102420~L102437; predecessor=585화 L102273~L102428: 중국 팹 4년 유예와 인텔 NAND 75억 달러 매입합의가 성립된다.; next=586화 L102429~L102578: 머스크와 T 충전표준·전기차 동맹의 기본구조를 합의하고 EU·미국·한국 완성차를 설득할 계획을 세운다.에서 지급·상대·장소·목표 가운데 둘 이상이 교대한다.,0.96
DCA-N50,GDC·G7+와 최재석 재선·50조 연구투자,591,595,591,595,5,김민재·최재석·미쉘·미국·EU·한국 완성차 경영진·서정준·스티븐 허블·제임스 가족,대통령 선거판·GDC 회의·센트리언·미국 제약협회 협상장,591 L103265~L103426에서 한국 대선이 본격화되고 국민경제당은 최재석을 추대후보로 세운다. 최재석 우세와 연기된 G7을 점검하고 EU의 차량용칩 요구를 협상 카드로 삼는다,최재석 재선과 G7 회의 전에 유럽 완성차사를 태우 중심 동맹에 묶는다. 범위 마지막의 태우상사 흑자와 치료제 승인을 확인하고 양자·AI 50조 원 이상 투자계획을 확정한다.까지 실제로 확인할 수 있는가?,차량용 반도체 필승카드로 EU의 산업요구와 한국 G7+ 지위를 교환하는 약속. 확인 가능한 지급은 태우상사 흑자와 치료제 승인을 확인하고 양자·AI 50조 원 이상 투자계획을 확정한다.,593 L103587~L103760에서 일본 등 기존국 반발과 감염병 이후 G7 효용성 논란이 가입을 흔들 수 있다.,변이백신이라는 추가카드까지 있어 한국의 기여를 거부하기 어려워진다.,태우상사 흑자와 치료제 승인을 확인하고 양자·AI 50조 원 이상 투자계획을 확정한다.,팬데믹 수익이 과거를 따라 버는 돈에서 회귀 지식 밖 기술을 개척할 자본으로 바뀐다.,595에서 팬데믹 수익이 과거를 따라 버는 돈에서 회귀 지식 밖 기술을 개척할 자본으로 바뀐다.,양자·AI 투자 집행·성과; 장기자금 확보. 앞으로 1~2년 동안 50조 원 이상을 양자·AI에 실제 집행해 회귀지식 밖 기술의 성과를 만들 수 있는가?,앞으로 1~2년 동안 50조 원 이상을 양자·AI에 실제 집행해 회귀지식 밖 기술의 성과를 만들 수 있는가? 다음 첫 행동은 596에서 미 제약로비의 특허강탈 위협에 SMA 치료제 무료 공급으로 여론전을 건다.,① 595 L103928~L104106: 태우상사 흑자와 치료제 승인을 확인하고 양자·AI 50조 원 이상 투자계획을 확정한다. ② 596 L104107~L104260: 미 제약로비의 특허강탈 위협에 SMA 치료제 무료 공급으로 여론전을 건다 ③ L104098~L104115; predecessor=590화 L103093~L103264: 중국 보조금으로 산 반도체 장비의 암호화폐 매매·태우 이전이 성립된다.; next=591화 L103265~L103426: 최재석 우세와 연기된 G7을 점검하고 EU의 차량용칩 요구를 협상 카드로 삼는다에서 지급·상대·장소·목표 가운데 둘 이상이 교대한다.,0.96
DCA-N50B,SMA 무료약 여론전과 미 제약협회 말합의,596,598,596,598,3,김민재·최재석·미쉘·미국·EU·한국 완성차 경영진·서정준·스티븐 허블·제임스 가족,대통령 선거판·GDC 회의·센트리언·미국 제약협회 협상장,596 L104107~L104260에서 해외 제약사들도 예정보다 빨리 백신을 개발하며 센트리언 독점에 미국 로비가 달라붙는다. 미 제약로비의 특허강탈 위협에 SMA 치료제 무료 공급으로 여론전을 건다,환자가족·언론에게 무료약 계획을 공개해 제약협회의 공격비용을 높인다. 범위 마지막의 미 제약협회 가입과 해외공장·필수약 생산권의 잠정 조건을 정한다. 정회원·생산권 최종계약은 미국 대선 때까지 미지급이다.까지 실제로 확인할 수 있는가?,SMA 치료제 무료공급으로 특허강탈 프레임을 생명구호 여론으로 뒤집는 약속. 확인 가능한 지급은 미 제약협회 가입과 해외공장·필수약 생산권의 잠정 조건을 정한다. 정회원·생산권 최종계약은 미국 대선 때까지 미지급이다.,597 L104261~L104422에서 로비기업들이 언론을 되사거나 태우의 무상공급을 시장교란으로 공격할 수 있다.,협회는 여전히 주도권이 자신들에게 있다고 믿지만 한국에 오는 순간 힘의 위치가 뒤집힐 상황이 된다.,미 제약협회 가입과 해외공장·필수약 생산권의 잠정 조건을 정한다. 정회원·생산권 최종계약은 미국 대선 때까지 미지급이다.,"로비에 공격받던 센트리언이 협회 내부 진입의 잠정조건을 얻지만, 제도적 회원·생산권은 최종 서명 전이다.","598에서 로비에 공격받던 센트리언이 협회 내부 진입의 잠정조건을 얻지만, 제도적 회원·생산권은 최종 서명 전이다.",미 제약협회 최종 계약·정회원 가입; 생산권 서명; 미국 대선 결과. 미국 대선 국면에서 잠정조건을 최종 계약으로 닫고 승자와 패자를 모두 관리할 수 있는가?,미국 대선 국면에서 잠정조건을 최종 계약으로 닫고 승자와 패자를 모두 관리할 수 있는가? 다음 첫 행동은 599에서 바이든의 58대42 승리를 확인하고 트럼프의 분열·폭주를 달랜다.,① 598 L104423~L104592: 미 제약협회 가입과 해외공장·필수약 생산권의 잠정 조건을 정한다. 정회원·생산권 최종계약은 미국 대선 때까지 미지급이다. ② 599 L104593~L104768: 바이든의 58대42 승리를 확인하고 트럼프의 분열·폭주를 달랜다 ③ L104098~L104115; predecessor=595화 L103928~L104106: 태우상사 흑자와 치료제 승인을 확인하고 양자·AI 50조 원 이상 투자계획을 확정한다.; next=596화 L104107~L104260: 미 제약로비의 특허강탈 위협에 SMA 치료제 무료 공급으로 여론전을 건다에서 지급·상대·장소·목표 가운데 둘 이상이 교대한다.,0.96
DCA-N51,미국 정권이양과 가이아나 방위 제안,599,600,599,600,2,김민재·데이비드·트럼프·바이든·천민정·한 부회장·현재 장 회장·최재석·김태중·모리슨·미아인,트럼프 비밀 베이스캠프·백악관·김포공항·태우그룹 본사·청와대·호주·가이아나·베트남 사이공은행,599 L104593~L104768에서 11월 3일 미국 대선에서 바이든이 58대42로 승리하고 김민재가 현지에서 결과를 본다. 바이든의 58대42 승리를 확인하고 트럼프의 분열·폭주를 달랜다,트럼프의 체면·미래를 보장해 정권이양을 설득하고 다이먼에게 새 정부 연결을 강화하게 한다. 범위 마지막의 바이든에게 태우사업 보호·가이아나 100억 달러 대출과 한국산 무기 제안이 공식 전달된다.까지 실제로 확인할 수 있는가?,패배한 트럼프의 소송·폭동을 막아 2024년 관계를 살리고 바이든 정부에도 안전하게 착지하는 약속. 확인 가능한 지급은 바이든에게 태우사업 보호·가이아나 100억 달러 대출과 한국산 무기 제안이 공식 전달된다.,599 L104593~L104768에서 트럼프는 패배를 인정하지 않고 지지층 동원·법정투쟁으로 미국을 분열시킬 수 있다.,앞으로 김민재 계획에는 미국의 적극 지원이 필요해 다이먼이 양쪽 관계에서 더 큰 역할을 맡아야 한다.,바이든에게 태우사업 보호·가이아나 100억 달러 대출과 한국산 무기 제안이 공식 전달된다.,새 미국정부에 노출된 기존사업이 방산·금융·에너지 협력의 선제 제안으로 전환된다.,600에서 새 미국정부에 노출된 기존사업이 방산·금융·에너지 협력의 선제 제안으로 전환된다.,바이든의 제안 수락·가이아나 계약; 러우전쟁 사전 정보망. 바이든에게 제시한 가이아나 방산·100억 달러 금융·태우사업 보호안을 실제 합의로 바꾸고 러우전쟁 정보망을 미리 세울 수 있는가?,바이든에게 제시한 가이아나 방산·100억 달러 금융·태우사업 보호안을 실제 합의로 바꾸고 러우전쟁 정보망을 미리 세울 수 있는가? 다음 첫 행동은 601에서 천민정의 AI·장비 성과를 확인하고 SMR을 밀며 차량용칩 위기 뒤를 준비한다.,① 600 L104769~L104942: 바이든에게 태우사업 보호·가이아나 100억 달러 대출과 한국산 무기 제안이 공식 전달된다. ② 601 L104943~L105101: 천민정의 AI·장비 성과를 확인하고 SMR을 밀며 차량용칩 위기 뒤를 준비한다 ③ L104934~L104951; predecessor=598화 L104423~L104592: 미 제약협회 가입과 해외공장·필수약 생산권의 잠정 조건을 정한다. 정회원·생산권 최종계약은 미국 대선 때까지 미지급이다.; next=599화 L104593~L104768: 바이든의 58대42 승리를 확인하고 트럼프의 분열·폭주를 달랜다에서 지급·상대·장소·목표 가운데 둘 이상이 교대한다.,0.96
DCA-N51B,AI·극저온 식각·SMR과 메타버스 40% 매각구조,601,603,601,603,3,김민재·데이비드·트럼프·바이든·천민정·한 부회장·현재 장 회장·최재석·김태중·모리슨·미아인,트럼프 비밀 베이스캠프·백악관·김포공항·태우그룹 본사·청와대·호주·가이아나·베트남 사이공은행,601 L104943~L105101에서 김포공항의 맑은 하늘 뒤로 팬데믹 탓에 멈춘 공장들이 보이고 김민재는 국내 산업을 다시 점검한다. 천민정의 AI·장비 성과를 확인하고 SMR을 밀며 차량용칩 위기 뒤를 준비한다,첨단장비·데이터센터·소형원전을 국가 기반으로 확정해 다음 공급충격을 버틴다. 범위 마지막의 메타버스 지분 40퍼센트 매각구조와 태우 통제권 유지조건을 정한다. 매매계약·대금 유입은 아직 전이다.까지 실제로 확인할 수 있는가?,천민정의 극저온 식각·AI 성과와 SMR을 묶어 차량용칩 위기 뒤 성장축을 심는 약속. 확인 가능한 지급은 메타버스 지분 40퍼센트 매각구조와 태우 통제권 유지조건을 정한다. 매매계약·대금 유입은 아직 전이다.,602 L105102~L105272에서 방산지원은 경쟁재벌에 이익을 주고 원전정책은 정치·환경반발과 거액 장기리스크를 안는다.,원전시장을 장악하면 태우건설 자체가 그룹의 새 핵심 경쟁력이 된다는 교환가치가 선다.,메타버스 지분 40퍼센트 매각구조와 태우 통제권 유지조건을 정한다. 매매계약·대금 유입은 아직 전이다.,과열된 비상장 가치를 현금·글로벌 연합지분으로 바꿀 전략이 마련되지만 실제 지분 이전은 협상 전이다.,603에서 과열된 비상장 가치를 현금·글로벌 연합지분으로 바꿀 전략이 마련되지만 실제 지분 이전은 협상 전이다.,글로벌 지분 매매·교환계약; 대금·주식 지급; 통제권 유지. 글로벌 IT기업과 지분 40퍼센트 매매·교환계약을 실제 체결하면서 태우 통제권을 지킬 수 있는가?,글로벌 IT기업과 지분 40퍼센트 매매·교환계약을 실제 체결하면서 태우 통제권을 지킬 수 있는가? 다음 첫 행동은 604에서 암호화폐 거품 단속을 준비하던 중 북한의 센트리언 핵심표적 해킹을 포착한다.,① 603 L105273~L105447: 메타버스 지분 40퍼센트 매각구조와 태우 통제권 유지조건을 정한다. 매매계약·대금 유입은 아직 전이다. ② 604 L105448~L105609: 암호화폐 거품 단속을 준비하던 중 북한의 센트리언 핵심표적 해킹을 포착한다 ③ L104934~L104951;L105439~L105456; predecessor=600화 L104769~L104942: 바이든에게 태우사업 보호·가이아나 100억 달러 대출과 한국산 무기 제안이 공식 전달된다.; next=601화 L104943~L105101: 천민정의 AI·장비 성과를 확인하고 SMR을 밀며 차량용칩 위기 뒤를 준비한다에서 지급·상대·장소·목표 가운데 둘 이상이 교대한다.,0.96
DCA-N51C,북한 해킹방어와 몽골 석탄 증산·비축,604,605,604,605,2,김민재·데이비드·트럼프·바이든·천민정·한 부회장·현재 장 회장·최재석·김태중·모리슨·미아인,트럼프 비밀 베이스캠프·백악관·김포공항·태우그룹 본사·청와대·호주·가이아나·베트남 사이공은행,604 L105448~L105609에서 닷컴버블과 닮은 기술·암호화폐 과열을 보며 김민재와 한 부회장이 단속시점을 고민한다. 암호화폐 거품 단속을 준비하던 중 북한의 센트리언 핵심표적 해킹을 포착한다,AI보안으로 침입경로를 추적하고 배후·표적·내부협조 여부를 확인한다. 범위 마지막의 AI가 해킹을 차단하고 북한 권력변수 검토와 몽골 석탄 증산·비축 지시를 내린다. 실제 비축량·해외 장기계약은 아직 전이다.까지 실제로 확인할 수 있는가?,거품통제 전에 백신·치료제 기술을 노린 북한 해킹을 찾아 그룹 핵심을 지키는 생존 약속. 확인 가능한 지급은 AI가 해킹을 차단하고 북한 권력변수 검토와 몽골 석탄 증산·비축 지시를 내린다. 실제 비축량·해외 장기계약은 아직 전이다.,604 L105448~L105609에서 북한 국가조직은 추적·보복이 어렵고 센트리언 핵심정보가 빠지면 인명·사업 모두 타격을 입는다.,오후에 공격대상이 태우의 핵심인 센트리언임이 밝혀져 금융거품보다 즉각적인 생존위협으로 우선순위가 바뀐다.,AI가 해킹을 차단하고 북한 권력변수 검토와 몽골 석탄 증산·비축 지시를 내린다. 실제 비축량·해외 장기계약은 아직 전이다.,방어에 그치지 않고 북한 권력카드와 중국 전력난에 쓸 몽골 석탄을 준비하는 역공태세로 이동한다.,605에서 방어에 그치지 않고 북한 권력카드와 중국 전력난에 쓸 몽골 석탄을 준비하는 역공태세로 이동한다.,몽골 석탄 실제 생산·비축; 중국 전력난; 북한 장남 변수. 몽골 석탄 증산·비축을 실제 물량으로 만들고 QUAD 압박 속 중국 전력난에 어떻게 활용할 것인가?,몽골 석탄 증산·비축을 실제 물량으로 만들고 QUAD 압박 속 중국 전력난에 어떻게 활용할 것인가? 다음 첫 행동은 606에서 최재석과 동해 고갈가스전을 LNG 저장고로 전환하고 호주·가이아나 순방을 정한다.,① 605 L105610~L105770: AI가 해킹을 차단하고 북한 권력변수 검토와 몽골 석탄 증산·비축 지시를 내린다. 실제 비축량·해외 장기계약은 아직 전이다. ② 606 L105771~L105925: 최재석과 동해 고갈가스전을 LNG 저장고로 전환하고 호주·가이아나 순방을 정한다 ③ L105439~L105456;L105762~L105779; predecessor=603화 L105273~L105447: 메타버스 지분 40퍼센트 매각구조와 태우 통제권 유지조건을 정한다. 매매계약·대금 유입은 아직 전이다.; next=604화 L105448~L105609: 암호화폐 거품 단속을 준비하던 중 북한의 센트리언 핵심표적 해킹을 포착한다에서 지급·상대·장소·목표 가운데 둘 이상이 교대한다.,0.96
DCA-N51D,호주 석탄과 가이아나 방산·유전 순방,606,608,606,608,3,김민재·데이비드·트럼프·바이든·천민정·한 부회장·현재 장 회장·최재석·김태중·모리슨·미아인,트럼프 비밀 베이스캠프·백악관·김포공항·태우그룹 본사·청와대·호주·가이아나·베트남 사이공은행,606 L105771~L105925에서 2020년 말 지친 최재석이 원전개발과 에너지안보 문제를 들고 김민재를 만난다. 최재석과 동해 고갈가스전을 LNG 저장고로 전환하고 호주·가이아나 순방을 정한다,"동해 가스전의 저장고 전환을 정부사업으로 확정하고 호주·가이아나 출장 역할을 나눈다. 범위 마지막의 IIT·한국대학 교육, 유전지분·방산·금융 조건의 국가합의가 성립된다.까지 실제로 확인할 수 있는가?","동해 고갈가스전을 LNG 저장고로 바꿔 QUAD 부담 없이 에너지 혈로를 만드는 국가 인프라 약속. 확인 가능한 지급은 IIT·한국대학 교육, 유전지분·방산·금융 조건의 국가합의가 성립된다.",607 L105926~L106110에서 호주는 중국과의 관계회복 가능성을 남기고 싶고 한국이 너무 싼값을 요구하면 국내비판이 생긴다.,협상분위기가 예상과 달라도 한 부회장은 김민재가 준비시킨 숨은 카드를 갖고 있어 물러서지 않는다.,"IIT·한국대학 교육, 유전지분·방산·금융 조건의 국가합의가 성립된다.",단기 유전거래가 가이아나의 인재·안보까지 태우상사와 묶는 장기국가동맹으로 확장된다.,608에서 단기 유전거래가 가이아나의 인재·안보까지 태우상사와 묶는 장기국가동맹으로 확장된다.,"대출집행·무기수출, 베트남 은행·정유 거점.. 새해 베트남에서 더 큰 에너지 모험을 김태중과 상의해야 할 위험이 남는다.",새해 베트남에서 더 큰 에너지 모험을 김태중과 상의해야 할 위험이 남는다. 다음 첫 행동은 609에서 김태중과 베트남 사이공은행 미아인의 불법대출·차명망을 의심하고 일주일 안에 정보를 모아 공개할 조사계획을 세운다..,"① 608 L106111~L106261: IIT·한국대학 교육, 유전지분·방산·금융 조건의 국가합의가 성립된다. ② 609 L106262~L106419: 김태중과 베트남 사이공은행 미아인의 불법대출·차명망을 의심하고 일주일 안에 정보를 모아 공개할 조사계획을 세운다. ③ L105762~L105779;L106253~L106270; predecessor=605화 L105610~L105770: AI가 해킹을 차단하고 북한 권력변수 검토와 몽골 석탄 증산·비축 지시를 내린다. 실제 비축량·해외 장기계약은 아직 전이다.; next=606화 L105771~L105925: 최재석과 동해 고갈가스전을 LNG 저장고로 전환하고 호주·가이아나 순방을 정한다에서 지급·상대·장소·목표 가운데 둘 이상이 교대한다.",0.96
DCA-N51E,사이공은행 40조 불법대출·10조 비자금 공개,609,610,609,610,2,김민재·데이비드·트럼프·바이든·천민정·한 부회장·현재 장 회장·최재석·김태중·모리슨·미아인,트럼프 비밀 베이스캠프·백악관·김포공항·태우그룹 본사·청와대·호주·가이아나·베트남 사이공은행,"609 L106262~L106419에서 2021년 새해, 무역분쟁이 군사분쟁으로 넘어가기 전 김민재가 베트남의 김태중을 찾는다. 김태중과 베트남 사이공은행 미아인의 불법대출·차명망을 의심하고 일주일 안에 정보를 모아 공개할 조사계획을 세운다.","40조 원 불법대출과 10조 원 비자금을 추적해 권력연결을 끊고 은행·정유거점을 장악한다. 범위 마지막의 가이아나 30억 달러 군수계약과 스테이블코인 공개공격 계획, 사이공은행 40조 원 불법대출·10조 원 비자금 보고서, 베트남 정부의 주동자 수습 결정과 김태중의 총리 통로를 얻는다. 현금창고 압수·계좌동결·구속·정유회사 인수는 아직 전이다.까지 실제로 확인할 수 있는가?","사이공은행 미아인의 불법대출·차명망을 뒤집어 정유·에너지 자산을 회수할 명분을 만드는 약속. 확인 가능한 지급은 가이아나 30억 달러 군수계약과 스테이블코인 공개공격 계획, 사이공은행 40조 원 불법대출·10조 원 비자금 보고서, 베트남 정부의 주동자 수습 결정과 김태중의 총리 통로를 얻는다. 현금창고 압수·계좌동결·구속·정유회사 인수는 아직 전이다.",609 L106262~L106419에서 미아인은 정부고위층과 결탁했고 공격이 실패하면 김태중과 현지 태우자산까지 보복받을 수 있다.,"김태중이 정부 고위층을 움직일 구상을 받아들이지만, 불법계좌·창고 증거와 보호팀 배치는 아직 전이다.","가이아나 30억 달러 군수계약과 스테이블코인 공개공격 계획, 사이공은행 40조 원 불법대출·10조 원 비자금 보고서, 베트남 정부의 주동자 수습 결정과 김태중의 총리 통로를 얻는다. 현금창고 압수·계좌동결·구속·정유회사 인수는 아직 전이다.","미아인 부패망에 대한 조사가 국제 신용평가 보고서와 베트남 정부의 주동자 수습 결정으로 바뀌지만, 재산 압수·구속·소유권 지급은 아직 실행 전이다.","610에서 미아인 부패망에 대한 조사가 국제 신용평가 보고서와 베트남 정부의 주동자 수습 결정으로 바뀌지만, 재산 압수·구속·소유권 지급은 아직 실행 전이다.","베트남 정부의 주동자 실제 처분; 사이공은행 안정; 김태중 현지 통로의 다음 역할. 베트남 정부가 이번 주 안에 주동자 처리를 실제 집행하고, 김태중이 얻은 현지 고위층 통로를 어떤 다음 역할로 바꿀 것인가?","베트남 정부가 이번 주 안에 주동자 처리를 실제 집행하고, 김태중이 얻은 현지 고위층 통로를 어떤 다음 역할로 바꿀 것인가? 다음 첫 행동은 611에서 즈엉 미아인의 구속과 정유회사 인수 보고를 확인한 뒤, 귀국한 김태중과 부산 축구장에서 경기를 본다.","① 610 L106420~L106590: 가이아나 30억 달러 군수계약과 스테이블코인 공개공격 계획, 사이공은행 40조 원 불법대출·10조 원 비자금 보고서, 베트남 정부의 주동자 수습 결정과 김태중의 총리 통로를 얻는다. 현금창고 압수·계좌동결·구속·정유회사 인수는 아직 전이다. ② 611 L106591~L106781: 즈엉 미아인의 구속과 정유회사 인수 보고를 확인한 뒤, 귀국한 김태중과 부산 축구장에서 경기를 본다 ③ L106253~L106270; predecessor=608화 L106111~L106261: IIT·한국대학 교육, 유전지분·방산·금융 조건의 국가합의가 성립된다.; next=609화 L106262~L106419: 김태중과 베트남 사이공은행 미아인의 불법대출·차명망을 의심하고 일주일 안에 정보를 모아 공개할 조사계획을 세운다.에서 지급·상대·장소·목표 가운데 둘 이상이 교대한다.",0.96
DCA-N52,김태중의 축구협회장 17표 역전,611,614,611,614,4,"김민재, 김태중, 한 부회장, 축구협회 대의원들","부산 축구장, 태우 저택, 축구협회 선거장","611 L106591~L106781에서 즈엉 미아인의 노점상 출신 성공과 정치·금융 인맥이 무너지며 구속집행이 시작된다. 즈엉 미아인의 구속과 정유회사 인수 보고를 확인한 뒤, 귀국한 김태중과 부산 축구장에서 경기를 본다",미아인 결산을 확인하고 부산 경기장에서 김태중이 정말 원하는 역할을 듣는다. 범위 마지막의 김태중이 17표로 축구협회장에 당선되고 메타버스 지분대가로 마이크로소프트 주식을 받는다.까지 실제로 확인할 수 있는가?,베트남 위험투자를 구속·정유회사로 닫은 뒤 은퇴한 김태중에게 축구라는 새 삶을 돌려주는 약속. 확인 가능한 지급은 김태중이 17표로 축구협회장에 당선되고 메타버스 지분대가로 마이크로소프트 주식을 받는다.,612 L106782~L106960에서 현재그룹이 20년 쥔 축구카르텔과 대의원 이해관계가 외부후보를 막는다.,태우 중심 글로벌 IT 연합은 미국·중국도 적대하기 어려운 영향력을 갖춰 선거 외 자금·후원방벽이 된다.,김태중이 17표로 축구협회장에 당선되고 메타버스 지분대가로 마이크로소프트 주식을 받는다.,은퇴한 김태중은 축구협회장이라는 공적직책을 얻고 태우는 플랫폼지분을 글로벌 우량주로 환전한다.,614에서 은퇴한 김태중은 축구협회장이라는 공적직책을 얻고 태우는 플랫폼지분을 글로벌 우량주로 환전한다.,"델타 백신외교, 미국 반도체공장·중국 팹 예외.. 델타 변이와 중국 백신실패, 바이든 방한에서 반도체 예외권을 얻는 새 판이 열린다.","델타 변이와 중국 백신실패, 바이든 방한에서 반도체 예외권을 얻는 새 판이 열린다. 다음 첫 행동은 615에서 바이든 방한 때 미국 반도체공장을 양보하고 중국 팹 자유·국채 협력을 얻는다.","① 614 L107162~L107325: 김태중이 17표로 축구협회장에 당선되고 메타버스 지분대가로 마이크로소프트 주식을 받는다. ② 615 L107326~L107501: 바이든 방한 때 미국 반도체공장을 양보하고 중국 팹 자유·국채 협력을 얻는다 ③ L106591~L107325; predecessor=610화 L106420~L106590: 가이아나 30억 달러 군수계약과 스테이블코인 공개공격 계획, 사이공은행 40조 원 불법대출·10조 원 비자금 보고서, 베트남 정부의 주동자 수습 결정과 김태중의 총리 통로를 얻는다. 현금창고 압수·계좌동결·구속·정유회사 인수는 아직 전이다.; next=611화 L106591~L106781: 즈엉 미아인의 구속과 정유회사 인수 보고를 확인한 뒤, 귀국한 김태중과 부산 축구장에서 경기를 본다에서 지급·상대·장소·목표 가운데 둘 이상이 교대한다.",0.96
DCA-N53,바이든 방한·일본 차량칩과 중국 변이백신 양보,615,618,615,618,4,"김민재, 바이든, 최재석, 한 부회장, 리강, 베릴","청와대, 일본, 중국, 수에즈 운하, 금융타워",615 L107326~L107501에서 날씨가 풀리며 새로 임명된 핀리 대사가 바이든의 한국방한을 알린다. 바이든 방한 때 미국 반도체공장을 양보하고 중국 팹 자유·국채 협력을 얻는다,바이든에게 미국 생산·고용을 주는 대신 기존 중국설비와 금융타워 활동의 예외를 받는다. 범위 마지막의 센트리언의 중국 동부시장 권리와 합작유지가 확정되고 100조 원 이상 공매도가 실행된다.까지 실제로 확인할 수 있는가?,미국 반도체공장을 양보해 중국 팹 자유·국채협력을 얻고 미중 선택권을 보존하는 약속. 확인 가능한 지급은 센트리언의 중국 동부시장 권리와 합작유지가 확정되고 100조 원 이상 공매도가 실행된다.,616 L107502~L107680에서 일본 기업은 태우 종속을 피하려 하고 T 규격을 쓰지 않는 선택지도 형식상 남아 있다.,T 규격을 쓰지 않으면 전기차칩 성능을 100퍼센트 내지 못한다는 설계가 사실상 강제가입 장치가 된다.,센트리언의 중국 동부시장 권리와 합작유지가 확정되고 100조 원 이상 공매도가 실행된다.,백신시장 양보가 세계 최대 부동산 붕괴에 참여할 정보·자금 우위까지 연결된다.,618에서 백신시장 양보가 세계 최대 부동산 붕괴에 참여할 정보·자금 우위까지 연결된다.,중국 동부시장 실행; 부동산 공매도 결산·중국 대응. 센트리언의 중국 동부시장 권리와 100조 원대 부동산 숏을 실제 이익으로 결산할 수 있는가?,센트리언의 중국 동부시장 권리와 100조 원대 부동산 숏을 실제 이익으로 결산할 수 있는가? 다음 첫 행동은 619에서 수에즈 좌초 소식을 받자 태우 선박을 우회시키고 중장비·예인선을 투입해 자비로 운하 구조작업을 시작한다..,① 618 L107842~L108009: 센트리언의 중국 동부시장 권리와 합작유지가 확정되고 100조 원 이상 공매도가 실행된다. ② 619 L108010~L108186: 수에즈 좌초 소식을 받자 태우 선박을 우회시키고 중장비·예인선을 투입해 자비로 운하 구조작업을 시작한다. ③ L108001~L108018; predecessor=614화 L107162~L107325: 김태중이 17표로 축구협회장에 당선되고 메타버스 지분대가로 마이크로소프트 주식을 받는다.; next=615화 L107326~L107501: 바이든 방한 때 미국 반도체공장을 양보하고 중국 팹 자유·국채 협력을 얻는다에서 지급·상대·장소·목표 가운데 둘 이상이 교대한다.,0.96
DCA-N53B,수에즈 조기 재개통과 우선통항·확장공사,619,620,619,620,2,"김민재, 바이든, 최재석, 한 부회장, 리강, 베릴","청와대, 일본, 중국, 수에즈 운하, 금융타워",619 L108010~L108186에서 일본과 중국이 태우 도움 앞에 물러난 직후 수에즈 운하 좌초로 세계물류가 멈춘다. 수에즈 좌초 소식을 받자 태우 선박을 우회시키고 중장비·예인선을 투입해 자비로 운하 구조작업을 시작한다.,태우선박은 우회시키고 현장장비를 무상지원해 국가·아프리카연합의 마음을 산다. 범위 마지막의 수에즈 통항우선권·확장공사 약속이 확정되고 로나 취약성 공개·공매도가 시작된다.까지 실제로 확인할 수 있는가?,태우 중장비·예인선으로 수에즈 구조에 먼저 뛰어들어 세계 물류병목과 이집트 신뢰를 되찾는 약속. 확인 가능한 지급은 수에즈 통항우선권·확장공사 약속이 확정되고 로나 취약성 공개·공매도가 시작된다.,619 L108010~L108186에서 좌초선 제거가 실패하면 비용·평판을 떠안고 우회선박도 운임·시간 손해를 본다.,우회로로 태우 선박 피해를 줄이고 구조장비를 집중하지만 운하는 아직 막혀 있으며 재개통·보상은 남는다.,수에즈 통항우선권·확장공사 약속이 확정되고 로나 취약성 공개·공매도가 시작된다.,물류병목 해결 보상을 받은 직후 태우의 시선이 디지털거품과 물리적 기후대란으로 이동한다.,620에서 물류병목 해결 보상을 받은 직후 태우의 시선이 디지털거품과 물리적 기후대란으로 이동한다.,"로나 공매도 결산; 세계 폭우·식량·에너지 대란. 수에즈 보상을 확보한 뒤 막 시작한 로나 구조 공개·공매도가 언제 어떤 규모로 결산되고, 세계 폭우가 실물 공급망을 얼마나 끊을 것인가?","수에즈 보상을 확보한 뒤 막 시작한 로나 구조 공개·공매도가 언제 어떤 규모로 결산되고, 세계 폭우가 실물 공급망을 얼마나 끊을 것인가? 다음 첫 행동은 621에서 중국 폭우·폭염·탄광침수로 석탄난이 오자 비축물량과 해운을 가동한다.",① 620 L108187~L108349: 수에즈 통항우선권·확장공사 약속이 확정되고 로나 취약성 공개·공매도가 시작된다. ② 621 L108350~L108523: 중국 폭우·폭염·탄광침수로 석탄난이 오자 비축물량과 해운을 가동한다 ③ L108001~L108018; predecessor=618화 L107842~L108009: 센트리언의 중국 동부시장 권리와 합작유지가 확정되고 100조 원 이상 공매도가 실행된다.; next=619화 L108010~L108186: 수에즈 좌초 소식을 받자 태우 선박을 우회시키고 중장비·예인선을 투입해 자비로 운하 구조작업을 시작한다.에서 지급·상대·장소·목표 가운데 둘 이상이 교대한다.,0.96
DCA-N54,중국 석탄난·기업농과 제주 자율주행 실증,621,625,621,625,5,"김민재, 한 부회장, 최재석, 유석훈, 리강, 이영한, 백두혈통 장남, 조지","중국 장저우, 제주, 청와대, 연변, 금융타워",621 L108350~L108523에서 매년 더 더워지는 여름 속 중국의 폭우·폭염이 탄광과 운송로를 동시에 잠근다. 중국 폭우·폭염·탄광침수로 석탄난이 오자 비축물량과 해운을 가동한다,비축석탄을 필요한 곳에 풀고 선박을 배치해 공급차질을 이익·영향력으로 바꾼다. 범위 마지막의 제주 무인주행 성공과 당원 3천 명 검증자료·수사방식을 확보한다. 배신자 신원·증거는 아직 전이다.까지 실제로 확인할 수 있는가?,미리 산 호주·몽골 석탄과 태우해운이 3~10배 운임·에너지 수익으로 돌아오는 보상. 확인 가능한 지급은 제주 무인주행 성공과 당원 3천 명 검증자료·수사방식을 확보한다. 배신자 신원·증거는 아직 전이다.,623 L108693~L108858에서 너무 일찍 회수하면 상승분을 놓치고 대규모 토지매입은 투기·농민반발을 부른다.,기업농과 완전자율주행 모두 정부규제 없이는 불가능해 최재석과 한 자리에서 풀어야 한다.,제주 무인주행 성공과 당원 3천 명 검증자료·수사방식을 확보한다. 배신자 신원·증거는 아직 전이다.,"자율주행은 실제도로 성과를 보이고 정당은 내부 배신자를 찾는 증거기반 검증에 들어가지만, 숙청 대상은 특정 전이다.","625에서 자율주행은 실제도로 성과를 보이고 정당은 내부 배신자를 찾는 증거기반 검증에 들어가지만, 숙청 대상은 특정 전이다.",배신자 신원·자금망·증거 확보; 당 내부정리. 강 대위가 3천 명 자료에서 실제 배신자와 자금망을 특정해 증거로 넘길 수 있는가?,강 대위가 3천 명 자료에서 실제 배신자와 자금망을 특정해 증거로 넘길 수 있는가? 다음 첫 행동은 626에서 유석훈에게 배신 증거를 넘겨 국민경제당을 정리하고 북한 장남 정보는 내부처리만 지시한다.,① 625 L109021~L109183: 제주 무인주행 성공과 당원 3천 명 검증자료·수사방식을 확보한다. 배신자 신원·증거는 아직 전이다. ② 626 L109184~L109346: 유석훈에게 배신 증거를 넘겨 국민경제당을 정리하고 북한 장남 정보는 내부처리만 지시한다 ③ L109175~L109192; predecessor=620화 L108187~L108349: 수에즈 통항우선권·확장공사 약속이 확정되고 로나 취약성 공개·공매도가 시작된다.; next=621화 L108350~L108523: 중국 폭우·폭염·탄광침수로 석탄난이 오자 비축물량과 해운을 가동한다에서 지급·상대·장소·목표 가운데 둘 이상이 교대한다.,0.96
DCA-N54B,국민경제당 배신자·연변 돈주와 북한 장남망,626,630,626,630,5,"김민재, 한 부회장, 최재석, 유석훈, 리강, 이영한, 백두혈통 장남, 조지","중국 장저우, 제주, 청와대, 연변, 금융타워",626 L109184~L109346에서 국민경제당 대표 유석훈이 최재석의 영향 아래 당내 배신자 증거를 넘겨받는다. 유석훈에게 배신 증거를 넘겨 국민경제당을 정리하고 북한 장남 정보는 내부처리만 지시한다,배신세력을 당에서 제거하고 북한 정보는 강 대위·이영한 선에서만 처리한다. 범위 마지막의 북한 불법자금 차단망이 가동되고 장남의 연변기반 상대우위가 커지며 조지가 일본전에 배치된다.까지 실제로 확인할 수 있는가?,내부 총질을 증거로 정리하면서 북한 장남 변수는 외부노출 없이 키우는 약속. 확인 가능한 지급은 북한 불법자금 차단망이 가동되고 장남의 연변기반 상대우위가 커지며 조지가 일본전에 배치된다.,628 L109509~L109656에서 정확한 미래를 모르는 고위험 베팅이며 작전세력과 손잡으면 뒤통수를 맞을 수 있다.,한 부회장은 중국 부동산뿐 아니라 장난질 세력·중국은행·쿠웨이트·독일자본까지 집어삼킬 계획을 갖는다.,북한 불법자금 차단망이 가동되고 장남의 연변기반 상대우위가 커지며 조지가 일본전에 배치된다.,당숙청·북한 경제통제가 정리되고 태우의 주 전선이 중국·북한에서 일본 엔화로 교대한다.,630에서 당숙청·북한 경제통제가 정리되고 태우의 주 전선이 중국·북한에서 일본 엔화로 교대한다.,조지의 일본 공격계획·집행; 장남의 연변기반 성과. 조지가 일본 금융전에 배치된 뒤 어떤 목표·자금·공격시점을 정해 첫 행동에 나설 것인가?,조지가 일본 금융전에 배치된 뒤 어떤 목표·자금·공격시점을 정해 첫 행동에 나설 것인가? 다음 첫 행동은 631에서 리강에게 러시아의 3월 침공 정보를 확인하고 금융타워 자본 절반을 에너지에 건다.,① 630 L109845~L110005: 북한 불법자금 차단망이 가동되고 장남의 연변기반 상대우위가 커지며 조지가 일본전에 배치된다. ② 631 L110006~L110171: 리강에게 러시아의 3월 침공 정보를 확인하고 금융타워 자본 절반을 에너지에 건다 ③ L109175~L109192; predecessor=625화 L109021~L109183: 제주 무인주행 성공과 당원 3천 명 검증자료·수사방식을 확보한다. 배신자 신원·증거는 아직 전이다.; next=626화 L109184~L109346: 유석훈에게 배신 증거를 넘겨 국민경제당을 정리하고 북한 장남 정보는 내부처리만 지시한다에서 지급·상대·장소·목표 가운데 둘 이상이 교대한다.,0.96
DCA-N55,말리 리튬광산 탈환과 지분 5% 추가,631,633,631,633,3,"김민재, 한 부회장, 최재석, 로만, 프리고진, 이 상무","말리 리튬광산, 청와대, 태우 회의실",631 L110006~L110171에서 중국 전기차시장 급성장 속 김민재는 리강에게 러시아의 침공정보를 직접 확인한다. 리강에게 러시아의 3월 침공 정보를 확인하고 금융타워 자본 절반을 에너지에 건다,원유·가스·곡물 포지션과 공급망을 개전시계에 맞춰 배치한다. 범위 마지막의 말리 리튬광산이 복구되고 바그너와 제한적 연락·억지관계가 남는다.까지 실제로 확인할 수 있는가?,3월 침공시점을 확보해 금융타워 자본절반을 에너지에 거는 최대 전쟁베팅 약속. 확인 가능한 지급은 말리 리튬광산이 복구되고 바그너와 제한적 연락·억지관계가 남는다.,632 L110172~L110332에서 바그너의 잔혹행위는 인명·제재·기업이미지 비용을 낳고 현지정부 정통성도 불안하다.,아프리카 영향력을 지키려면 피에 굶주린 세력을 써서라도 잔인한 억지력을 보여야 한다는 판단이 선다.,말리 리튬광산이 복구되고 바그너와 제한적 연락·억지관계가 남는다.,태우는 광산을 잃은 피해자에서 무력억지력을 가진 사업자로 돌아오되 PMC 종속은 피한다.,633에서 태우는 광산을 잃은 피해자에서 무력억지력을 가진 사업자로 돌아오되 PMC 종속은 피한다.,바그너 거리관리; 말리 광산 운영; 민간피해·제재 위험. 되찾은 말리 광산을 유지하면서 바그너와 거리를 두고 민간피해·제재 위험을 제한할 수 있는가?,되찾은 말리 광산을 유지하면서 바그너와 거리를 두고 민간피해·제재 위험을 제한할 수 있는가? 다음 첫 행동은 634에서 오미크론으로 코로나 종식을 읽고 최재석에게 러시아전쟁의 굴종외교를 피하라고 한다.,① 633 L110333~L110512: 말리 리튬광산이 복구되고 바그너와 제한적 연락·억지관계가 남는다. ② 634 L110513~L110687: 오미크론으로 코로나 종식을 읽고 최재석에게 러시아전쟁의 굴종외교를 피하라고 한다 ③ L110006~L110020;L110467~L110503; predecessor=630화 L109845~L110005: 북한 불법자금 차단망이 가동되고 장남의 연변기반 상대우위가 커지며 조지가 일본전에 배치된다.; next=631화 L110006~L110171: 리강에게 러시아의 3월 침공 정보를 확인하고 금융타워 자본 절반을 에너지에 건다에서 지급·상대·장소·목표 가운데 둘 이상이 교대한다.,0.96
DCA-N55B,오미크론 독립외교·기업농법과 28GHz 강행,634,636,634,636,3,"김민재, 한 부회장, 최재석, 로만, 프리고진, 이 상무","말리 리튬광산, 청와대, 태우 회의실",634 L110513~L110687에서 서정준이 복잡한 얼굴로 오미크론의 높은 전염력·낮은 중증도를 보고한다. 오미크론으로 코로나 종식을 읽고 최재석에게 러시아전쟁의 굴종외교를 피하라고 한다,최재석에게 미국·러시아 어느 쪽에도 끌려가지 말고 한국 이익을 요구하게 한다. 범위 마지막의 기업농 정책과 28GHz 유지방침이 철회되지 않고 가격·기술 실증을 계속한다.까지 실제로 확인할 수 있는가?,코로나 종식을 읽고 준비한 에너지·식량망으로 러우전쟁에서 굴종하지 않는 국가외교 약속. 확인 가능한 지급은 기업농 정책과 28GHz 유지방침이 철회되지 않고 가격·기술 실증을 계속한다.,635 L110688~L110860에서 공작기계는 북한 군수에 쓰일 수 있고 기업농 법은 야당·농민의 거센 반발과 지지율 급락을 부른다.,법 통과가 2021년 마지막을 시끄럽게 하고 최재석 지지율 최저점을 만들 비용임이 현실화된다.,기업농 정책과 28GHz 유지방침이 철회되지 않고 가격·기술 실증을 계속한다.,여론에 흔들릴 시범정책이 그룹 손실을 감수한 장기 국가기반으로 고정된다.,636에서 여론에 흔들릴 시범정책이 그룹 손실을 감수한 장기 국가기반으로 고정된다.,농산물 가격효과; 28GHz 자율주행·스마트팜 성과. 손실을 감수해 지킨 기업농·28GHz가 농산물 가격과 자율주행·스마트팜의 실제 장기효과를 낼 것인가?,손실을 감수해 지킨 기업농·28GHz가 농산물 가격과 자율주행·스마트팜의 실제 장기효과를 낼 것인가? 다음 첫 행동은 637에서 김태중이 손자의 과부하를 걱정하자 EPL 리즈 구단을 선물하겠다고 한다.,① 636 L110861~L111037: 기업농 정책과 28GHz 유지방침이 철회되지 않고 가격·기술 실증을 계속한다. ② 637 L111038~L111207: 김태중이 손자의 과부하를 걱정하자 EPL 리즈 구단을 선물하겠다고 한다 ③ L110467~L110520;L111015~L111042; predecessor=633화 L110333~L110512: 말리 리튬광산이 복구되고 바그너와 제한적 연락·억지관계가 남는다.; next=634화 L110513~L110687: 오미크론으로 코로나 종식을 읽고 최재석에게 러시아전쟁의 굴종외교를 피하라고 한다에서 지급·상대·장소·목표 가운데 둘 이상이 교대한다.,0.96
DCA-N56,리즈 인수·홀란드 계약과 베이징 외교,637,641,637,641,5,"김민재, 김태중, 데이비드, 안드레아, 홀란드, 이강임, 백두혈통 장남, 이 상무, 리규철","태우 저택, 영국 리즈, 베이징 올림픽, 연변 공장",637 L111038~L111207에서 6시간 사장단회의 뒤 집에서 김태중이 과로하는 손자를 걱정한다. 김태중이 손자의 과부하를 걱정하자 EPL 리즈 구단을 선물하겠다고 한다,구단을 인수해 김태중에게 경영역할과 즐거움을 선물한다. 범위 마지막의 홀란드의 3년 유럽이적 조항을 포함한 리즈 계약과 베이징 외교선이 성립된다.까지 실제로 확인할 수 있는가?,회귀 뒤 가족에게 진 빚을 EPL 리즈 구단주의 휴식·명예로 갚는 약속. 확인 가능한 지급은 홀란드의 3년 유럽이적 조항을 포함한 리즈 계약과 베이징 외교선이 성립된다.,639 L111362~L111532에서 스타 선수는 이적료·급여가 높고 기존 강팀과 에이전트가 경쟁한다.,금융타워 수장 한 부회장이 하이에나처럼 시장에 들어가 어떤 방식으로든 선수를 데려올 실행력이 있다.,홀란드의 3년 유럽이적 조항을 포함한 리즈 계약과 베이징 외교선이 성립된다.,가족구단은 세계적 공격수를 얻고 한국은 개전 전 미중 사이 독자공간을 확보한다.,641에서 가족구단은 세계적 공격수를 얻고 한국은 개전 전 미중 사이 독자공간을 확보한다.,"러우전쟁 개전·에너지주도권; 베이징 외교의 결과. 홀란드 영입과 베이징 외교선을 확보한 뒤, 다가오는 러우전쟁에서 미중 사이 독자공간을 어떻게 지킬 것인가?","홀란드 영입과 베이징 외교선을 확보한 뒤, 다가오는 러우전쟁에서 미중 사이 독자공간을 어떻게 지킬 것인가? 다음 첫 행동은 642에서 장남이 이 상무의 CNC를 위조수표·암호화폐 역공으로 빼앗는다.",① 641 L111698~L111871: 홀란드의 3년 유럽이적 조항을 포함한 리즈 계약과 베이징 외교선이 성립된다. ② 642 L111872~L112067: 장남이 이 상무의 CNC를 위조수표·암호화폐 역공으로 빼앗는다 ③ L111038~L111060;L111850~L111871; predecessor=636화 L110861~L111037: 기업농 정책과 28GHz 유지방침이 철회되지 않고 가격·기술 실증을 계속한다.; next=637화 L111038~L111207: 김태중이 손자의 과부하를 걱정하자 EPL 리즈 구단을 선물하겠다고 한다에서 지급·상대·장소·목표 가운데 둘 이상이 교대한다.,0.96
DCA-N56B,북한 장남의 이 상무 돈·신뢰·CNC 복수,642,642,642,642,1,"김민재, 김태중, 데이비드, 안드레아, 홀란드, 이강임, 백두혈통 장남, 이 상무, 리규철","태우 저택, 영국 리즈, 베이징 올림픽, 연변 공장",642 L111872~L112067에서 보이콧 속 베이징올림픽과 별개로 장남이 이 상무의 돈·공작기계를 노린다. 장남이 이 상무의 CNC를 위조수표·암호화폐 역공으로 빼앗는다,장남이 큰손을 속여 이 상무에게 책임을 뒤집어씌우고 CNC·자금을 회수한다. 범위 마지막의 이 상무의 돈·신뢰·CNC가 장남 쪽으로 넘어가 개인복수의 핵심이 닫힌다.까지 실제로 확인할 수 있는가?,위조수표·암호화폐 역공으로 김민재가 직접 죽이지 않고 원수의 자금·신뢰를 무너뜨리는 보상. 확인 가능한 지급은 이 상무의 돈·신뢰·CNC가 장남 쪽으로 넘어가 개인복수의 핵심이 닫힌다.,642 L111872~L112067에서 실패하면 장남 신분이 드러나고 이 상무가 북한권력과 함께 반격할 수 있다.,큰손들이 이 상무를 떠나도 그는 무슨 일이 벌어졌는지 이해하지 못할 만큼 완전히 고립된다.,이 상무의 돈·신뢰·CNC가 장남 쪽으로 넘어가 개인복수의 핵심이 닫힌다.,김민재의 오래된 원수는 감옥 밖 비밀망까지 잃고 장남은 독자산업기반을 얻는다.,642에서 김민재의 오래된 원수는 감옥 밖 비밀망까지 잃고 장남은 독자산업기반을 얻는다.,"이 상무 잔여망 종결; 장남의 CNC·자금 활용. 돈·신뢰·CNC를 잃고도 상황을 이해하지 못하는 이 상무의 잔여망이 어디까지 무너지고, 장남은 빼앗은 기반을 어떻게 쓸 것인가?","돈·신뢰·CNC를 잃고도 상황을 이해하지 못하는 이 상무의 잔여망이 어디까지 무너지고, 장남은 빼앗은 기반을 어떻게 쓸 것인가? 다음 첫 행동은 643에서 장남의 복수가 끝난 날 러시아가 우크라이나를 침공한다.",① 642 L111872~L112067: 이 상무의 돈·신뢰·CNC가 장남 쪽으로 넘어가 개인복수의 핵심이 닫힌다. ② 643 L112068~L112240: 장남의 복수가 끝난 날 러시아가 우크라이나를 침공한다 ③ L111850~L111890;L112045~L112067; predecessor=641화 L111698~L111871: 홀란드의 3년 유럽이적 조항을 포함한 리즈 계약과 베이징 외교선이 성립된다.; next=642화 L111872~L112067: 장남이 이 상무의 CNC를 위조수표·암호화폐 역공으로 빼앗는다에서 지급·상대·장소·목표 가운데 둘 이상이 교대한다.,0.96
DCA-N57,러시아 침공 대응과 우크라이나 군수·원전·물류 설계,643,645,643,645,3,"김민재, 천민정, 최재석, 데이비드, 시안","태우 본사, 우크라이나, 런던금속거래소, 동남아 정유소, 폴란드·루마니아",643 L112068~L112240에서 명동 국화차 자리에서 이 상무 결산을 확인한 바로 그날 러시아 침공이 시작된다. 장남의 복수가 끝난 날 러시아가 우크라이나를 침공한다,실시간 정보를 모아 정보전·원자재 포지션·간접지원 순서를 실행한다. 범위 마지막의 유럽 방산·원전·물류·식량 패키지와 미국 보충판매 구조가 완성된다.까지 실제로 확인할 수 있는가?,개인 원한을 닫고 에너지·식량·전황을 태우에 유리하게 바꾸는 세계전쟁 약속. 확인 가능한 지급은 유럽 방산·원전·물류·식량 패키지와 미국 보충판매 구조가 완성된다.,644 L112241~L112414에서 정부 직접지원은 러시아 보복을 부르고 선전공작이 드러나면 태우IT 신뢰도도 훼손된다.,우크라이나와 한국 방산 모두 이득을 보는 여러 우회방법이 준비돼 최재석의 답답함을 풀 수 있다.,유럽 방산·원전·물류·식량 패키지와 미국 보충판매 구조가 완성된다.,단발성 탄약지원이 유럽 에너지·안보·재건시장을 장기 장악하는 국가산업전략으로 확대된다.,645에서 단발성 탄약지원이 유럽 에너지·안보·재건시장을 장기 장악하는 국가산업전략으로 확대된다.,미국 보충판매 승인; 유럽 방산·원전·물류·식량 계약. 설계한 미국 보충판매·유럽 방산·원전·물류·식량 패키지를 실제 승인과 장기계약으로 바꿀 수 있는가?,설계한 미국 보충판매·유럽 방산·원전·물류·식량 패키지를 실제 승인과 장기계약으로 바꿀 수 있는가? 다음 첫 행동은 646에서 니켈 공매도 마진콜에 몰린 창산 시안을 만나 구제조건을 묻고 현금 대신 인도네시아 니켈광산을 요구한다..,① 645 L112415~L112578: 유럽 방산·원전·물류·식량 패키지와 미국 보충판매 구조가 완성된다. ② 646 L112579~L112742: 니켈 공매도 마진콜에 몰린 창산 시안을 만나 구제조건을 묻고 현금 대신 인도네시아 니켈광산을 요구한다. ③ L112068~L112090;L112562~L112578; predecessor=642화 L111872~L112067: 이 상무의 돈·신뢰·CNC가 장남 쪽으로 넘어가 개인복수의 핵심이 닫힌다.; next=643화 L112068~L112240: 장남의 복수가 끝난 날 러시아가 우크라이나를 침공한다에서 지급·상대·장소·목표 가운데 둘 이상이 교대한다.,0.96
DCA-N57B,니켈 마진콜 200억 보증과 광산·가격 안정,646,648,646,648,3,"김민재, 천민정, 최재석, 데이비드, 시안","태우 본사, 우크라이나, 런던금속거래소, 동남아 정유소, 폴란드·루마니아",646 L112579~L112742에서 데이비드와 한 부회장이 반나절 동안 유럽그림을 이해한 뒤 중국 창산의 니켈위기가 들어온다. 니켈 공매도 마진콜에 몰린 창산 시안을 만나 구제조건을 묻고 현금 대신 인도네시아 니켈광산을 요구한다.,LME 지급보증 가능성을 보여 주며 핵심광물 소유권을 협상한다. 범위 마지막의 니켈 투기세력이 손실을 보고 광산·가격안정이 굳어지며 러시아 원유가 동남아 거쳐 수익화된다.까지 실제로 확인할 수 있는가?,마진콜에 몰린 시안을 구제하는 대가로 인도네시아 니켈광산을 얻는 약속. 확인 가능한 지급은 니켈 투기세력이 손실을 보고 광산·가격안정이 굳어지며 러시아 원유가 동남아 거쳐 수익화된다.,647 L112743~L112917에서 무제한 연기는 롱세력 권리를 침해하고 태우가 시안 부실을 떠안을 위험이 있다.,시간이 돈인 투기세력에게 무제한 유예는 사실상 사형선고라 상대방이 먼저 무너질 구조가 선다.,니켈 투기세력이 손실을 보고 광산·가격안정이 굳어지며 러시아 원유가 동남아 거쳐 수익화된다.,시장위기 구제자가 핵심광물과 제재에 막힌 에너지흐름을 동시에 통제하는 주도자로 바뀐다.,648에서 시장위기 구제자가 핵심광물과 제재에 막힌 에너지흐름을 동시에 통제하는 주도자로 바뀐다.,니켈광산 운영·가격안정; 러시아 에너지 우회망·제재위험. 니켈·러시아 에너지 결산 뒤 핵심광물과 제재 우회망을 제재위험 없이 장기 주도권으로 유지할 수 있는가?,니켈·러시아 에너지 결산 뒤 핵심광물과 제재 우회망을 제재위험 없이 장기 주도권으로 유지할 수 있는가? 다음 첫 행동은 649에서 폴란드·루마니아 방산·원전 협상을 넓히던 중 SVB의 200억 달러 채권매각을 포착한다.,① 648 L112918~L113086: 니켈 투기세력이 손실을 보고 광산·가격안정이 굳어지며 러시아 원유가 동남아 거쳐 수익화된다. ② 649 L113087~L113249: 폴란드·루마니아 방산·원전 협상을 넓히던 중 SVB의 200억 달러 채권매각을 포착한다 ③ L112562~L112595;L112918~L113086; predecessor=645화 L112415~L112578: 유럽 방산·원전·물류·식량 패키지와 미국 보충판매 구조가 완성된다.; next=646화 L112579~L112742: 니켈 공매도 마진콜에 몰린 창산 시안을 만나 구제조건을 묻고 현금 대신 인도네시아 니켈광산을 요구한다.에서 지급·상대·장소·목표 가운데 둘 이상이 교대한다.,0.96
DCA-N58,SVB 1달러 인수와 모든 지분·경영권 이전,649,654,649,654,6,"김민재, 한 부회장, 다이먼, 파월, 옐런, 조지, 베릴","미국 재무·금융 당국, 금융타워, 일본 금융계, 스위스, 폴란드·체코",649 L113087~L113249에서 동유럽 성공을 마친 한 부회장이 폴란드·루마니아 방산·원전 성과를 들고 귀국한다. 폴란드·루마니아 방산·원전 협상을 넓히던 중 SVB의 200억 달러 채권매각을 포착한다,"동유럽 금융패키지를 굳히고 미국 장기채 손실·예금유출 정보를 즉시 추적한다. 범위 마지막의 SVB 모든 지분·경영권 이전 완료, 뱅크런 없음, 예치금 소폭 상승·주가 상승, 금융타워가 새 주인이라는 1면 보도를 얻는다. 기업농 성과와 직거래·전자상거래 개혁안·조력기업 배치도 확정하되 전국 유통망 실행은 남는다.까지 실제로 확인할 수 있는가?","유럽 수주를 넓히는 동시에 SVB 200억 달러 채권매각을 은행통합 기회로 포착하는 약속. 확인 가능한 지급은 SVB 모든 지분·경영권 이전 완료, 뱅크런 없음, 예치금 소폭 상승·주가 상승, 금융타워가 새 주인이라는 1면 보도를 얻는다. 기업농 성과와 직거래·전자상거래 개혁안·조력기업 배치도 확정하되 전국 유통망 실행은 남는다.",651 L113409~L113563에서 미 당국은 은행강탈처럼 보이는 거래를 거부하고 부실·예금책임은 모두 금융타워에 떠넘기려 한다.,1달러는 가격이 아니라 SVB를 살릴 유일한 주체에게 소유권을 넘기라는 정책해결책임이 명확해진다.,"SVB 모든 지분·경영권 이전 완료, 뱅크런 없음, 예치금 소폭 상승·주가 상승, 금융타워가 새 주인이라는 1면 보도를 얻는다. 기업농 성과와 직거래·전자상거래 개혁안·조력기업 배치도 확정하되 전국 유통망 실행은 남는다.","금융타워는 SVB의 공식 소유자이자 시장을 안정시킨 구제자로 고정되고, 국내에서는 기업농의 생산개혁이 소비자가격·전국물류 개편안으로 확장된다.","654에서 금융타워는 SVB의 공식 소유자이자 시장을 안정시킨 구제자로 고정되고, 국내에서는 기업농의 생산개혁이 소비자가격·전국물류 개편안으로 확장된다.",다른 미국 중소은행 1달러 인수; 국내 유통망 실행·법제화·시장반발. SVB 인수결산 뒤 직거래·전자상거래 유통개혁을 법·물류·조력기업의 실제 체계로 만들 수 있는가?,SVB 인수결산 뒤 직거래·전자상거래 유통개혁을 법·물류·조력기업의 실제 체계로 만들 수 있는가? 다음 첫 행동은 655에서 중국에 잡힌 이 상무의 결말을 확인하고 조지의 엔캐리 작전을 승인한다.,"① 654 L113858~L114028: SVB 모든 지분·경영권 이전 완료, 뱅크런 없음, 예치금 소폭 상승·주가 상승, 금융타워가 새 주인이라는 1면 보도를 얻는다. 기업농 성과와 직거래·전자상거래 개혁안·조력기업 배치도 확정하되 전국 유통망 실행은 남는다. ② 655 L114029~L114192: 중국에 잡힌 이 상무의 결말을 확인하고 조지의 엔캐리 작전을 승인한다 ③ L113869~L113890;L114020~L114037; predecessor=648화 L112918~L113086: 니켈 투기세력이 손실을 보고 광산·가격안정이 굳어지며 러시아 원유가 동남아 거쳐 수익화된다.; next=649화 L113087~L113249: 폴란드·루마니아 방산·원전 협상을 넓히던 중 SVB의 200억 달러 채권매각을 포착한다에서 지급·상대·장소·목표 가운데 둘 이상이 교대한다.",0.96
DCA-N58B,명동 이 상무 처분·엔캐리와 로나 99% 폭락,655,661,655,661,7,"김민재, 한 부회장, 다이먼, 파월, 옐런, 조지, 베릴, 김태중, 바이든, 빈 살만, 테일러 스위프트","미국 재무·금융 당국, 금융타워, 일본 금융계, 스위스, 폴란드·체코, 베트남·동남아, 태우 스타디움, 청와대",655 L114029~L114192에서 명동을 넘어 중·일 사채시장까지 진출한 이영한이 이 상무의 중국 내 결말을 보고한다. 중국에 잡힌 이 상무의 결말을 확인하고 조지의 엔캐리 작전을 승인한다,"이 상무 처리결과를 확인한 뒤 엔화차입·미 국채·에너지 자산배치를 승인한다. 범위 마지막의 로나 85달러→0.003달러·99% 폭락, 최소 300억 달러 수익, 베릴 공개복권과 김태중의 해외임무 수락이 지급된다.까지 실제로 확인할 수 있는가?","개인복수 잔여선을 닫고 조지의 엔캐리 공격으로 회귀지식 없는 첫 시대주도 전쟁을 여는 약속. 확인 가능한 지급은 로나 85달러→0.003달러·99% 폭락, 최소 300억 달러 수익, 베릴 공개복권과 김태중의 해외임무 수락이 지급된다.",658 L114536~L114701에서 스위스는 유럽 방공시스템 참여와 은행부실을 외국금융사에 넘기는 정치비용을 함께 감당해야 한다.,김민재가 요구하는 정확한 관계가 유럽방공망이라는 답으로 공개돼 은행전이 방산시장전으로 변한다.,"로나 85달러→0.003달러·99% 폭락, 최소 300억 달러 수익, 베릴 공개복권과 김태중의 해외임무 수락이 지급된다.",로나 공매도는 최소 300억 달러 수익으로 결산되고 숨어 있던 베릴은 공개적으로 복권된다. 김태중은 동남아 식량·러시아 에너지 임무의 담당자가 된다.,661에서 로나 공매도는 최소 300억 달러 수익으로 결산되고 숨어 있던 베릴은 공개적으로 복권된다. 김태중은 동남아 식량·러시아 에너지 임무의 담당자가 된다.,베트남·동남아 식량·팜유 수출예외; 러시아 에너지 통로. 김태중이 베트남을 시작으로 한국향 식량·팜유 수출예외를 실제로 받아 올 수 있는가?,김태중이 베트남을 시작으로 한국향 식량·팜유 수출예외를 실제로 받아 올 수 있는가? 다음 첫 행동은 662에서 김태중이 베트남 정부와 현지기업을 설득해 베트남·동남아 농산물과 팜유의 한국 수출예외를 확보한다..,"① 661 L115000~L115169: 로나 85달러→0.003달러·99% 폭락, 최소 300억 달러 수익, 베릴 공개복권과 김태중의 해외임무 수락이 지급된다. ② 662 L115170~L115328: 김태중이 베트남 정부와 현지기업을 설득해 베트남·동남아 농산물과 팜유의 한국 수출예외를 확보한다. ③ L113869~L114037;L114939~L115074; predecessor=654화 L113858~L114028: SVB 모든 지분·경영권 이전, 뱅크런 없음, 예치금·주가 상승과 새 주인 1면 보도가 지급된다.; next=655화 L114029~L114192: 중국에 잡힌 이 상무의 결말을 확인하고 조지의 엔캐리 작전을 승인한다에서 지급·상대·장소·목표 가운데 둘 이상이 교대한다.",0.96
DCA-N59,김태중의 베트남 식량 수출예외,662,662,662,662,1,"김민재, 김태중, 한 부회장, 바이든, 빈 살만, 테일러 스위프트","베트남·동남아, 태우 스타디움, 청와대, 금융타워",662 L115170~L115328에서 김태중은 가장 오래 일한 베트남과 태우의 최대 농장을 첫 순방지로 골라 정부·현지기업 인맥을 가동한다. 김태중이 베트남 정부와 현지기업을 설득해 베트남·동남아 농산물과 팜유의 한국 수출예외를 확보한다.,동남아 각국의 수출금지 속에서 한국향 농산물·팜유 물량을 예외로 확보한다. 범위 마지막의 베트남을 비롯한 동남아 농산물·팜유의 한국 수출예외와 우선공급선을 확보한다.까지 실제로 확인할 수 있는가?,베트남을 비롯한 동남아 농산물·팜유의 한국 수출예외를 받아 국내 물가와 공급불안을 낮추는 보상. 확인 가능한 지급은 베트남을 비롯한 동남아 농산물·팜유의 한국 수출예외와 우선공급선을 확보한다.,662 L115170~L115328에서 각국은 자국물가를 위해 수출을 막고 있어 한국만 예외로 두면 현지 반발과 특혜비판을 감수해야 한다.,정부 정책처럼 보이는 물가안정 뒤에서 김태중의 현지 인맥과 태우 유통망이 한국 우선물량을 실제로 만든다.,베트남을 비롯한 동남아 농산물·팜유의 한국 수출예외와 우선공급선을 확보한다.,수출금지에 노출된 한국은 김태중의 현지 협상으로 동남아 식량·팜유를 우선 공급받는 국가가 된다.,662에서 수출금지에 노출된 한국은 김태중의 현지 협상으로 동남아 식량·팜유를 우선 공급받는 국가가 된다.,동남아 물량의 국내 유통·가격효과; 수출예외 지속; 러시아 에너지 협상. 확보한 동남아 물량을 국내 유통망에 풀어 가격안정으로 지속시킬 수 있는가?,확보한 동남아 물량을 국내 유통망에 풀어 가격안정으로 지속시킬 수 있는가? 다음 첫 행동은 663에서 로봇 물류와 일본 3대 상사 지분 50퍼센트를 활용하고 엔캐리 500억 달러 이익을 전망한다.,① 662 L115170~L115328: 베트남을 비롯한 동남아 농산물·팜유의 한국 수출예외와 우선공급선을 확보한다. ② 663 L115329~L115484: 로봇 물류와 일본 3대 상사 지분 50퍼센트를 활용하고 엔캐리 500억 달러 이익을 전망한다 ③ L115074~L115090;L115170~L115328; predecessor=661화 L115000~L115169: 로나 99% 폭락·85달러→0.003달러·최소 300억 달러 수익과 베릴 복권이 지급된다.; next=662화 L115170~L115328: 김태중이 베트남·동남아 농산물·팜유 수출예외를 확보한다에서 지급·상대·장소·목표 가운데 둘 이상이 교대한다.,0.96
DCA-N59B,로봇물류·일본지분과 10만 석 경기장 흥행,663,664,663,664,2,"김민재, 김태중, 한 부회장, 바이든, 빈 살만, 테일러 스위프트","베트남·동남아, 태우 스타디움, 청와대, 금융타워",663 L115329~L115484에서 대구 로켓물류센터에서 이종수가 자동화된 유통망을 김민재에게 보여 준다. 로봇 물류와 일본 3대 상사 지분 50퍼센트를 활용하고 엔캐리 500억 달러 이익을 전망한다,동남아 물량을 국내외로 흘리고 일본 상사 배당·금융수익을 장기자본으로 만든다. 범위 마지막의 태우엔터·MCA 협업과 테일러 스위프트 공연으로 대형시설의 흥행·수익성이 입증된다.까지 실제로 확인할 수 있는가?,로봇물류·일본 3대 상사 지분 50퍼센트·엔캐리 500억 달러를 마르지 않는 현금원으로 묶는 약속. 확인 가능한 지급은 태우엔터·MCA 협업과 테일러 스위프트 공연으로 대형시설의 흥행·수익성이 입증된다.,663 L115329~L115484에서 거대 물류시설·일본지분은 경기침체와 규제에 묶이고 엔캐리 청산시점이 틀리면 환손실이 난다.,태우 자본이면 한국인이 목말라한 대형공연·인프라도 채울 수 있다는 다음 소비·브랜드 활용이 열린다.,태우엔터·MCA 협업과 테일러 스위프트 공연으로 대형시설의 흥행·수익성이 입증된다.,건설된 경기장이 비용자산에서 세계공연·스포츠 관광을 끌어오는 국가브랜드 거점으로 바뀐다.,664에서 건설된 경기장이 비용자산에서 세계공연·스포츠 관광을 끌어오는 국가브랜드 거점으로 바뀐다.,태우스타디움 반복흥행; 해외 스포츠·관광 수익. 10만 석 경기장과 해외 스포츠 흥행을 반복 가능한 수익·국가브랜드로 굳힐 수 있는가?,10만 석 경기장과 해외 스포츠 흥행을 반복 가능한 수익·국가브랜드로 굳힐 수 있는가? 다음 첫 행동은 665에서 빈 살만이 개막축제에 오자 미·사우디 중재 가능성을 흘리고 곡물카르텔의 미국 농업 연맹 공격을 받는다.,① 664 L115485~L115640: 태우엔터·MCA 협업과 테일러 스위프트 공연으로 대형시설의 흥행·수익성이 입증된다. ② 665 L115641~L115809: 빈 살만이 개막축제에 오자 미·사우디 중재 가능성을 흘리고 곡물카르텔의 미국 농업 연맹 공격을 받는다 ③ L115305~L115329;L115466~L115640; predecessor=662화 L115170~L115328: 베트남 현장에서 동남아 식량 수출예외와 가격안정을 받는다.; next=663화 L115329~L115484: 로봇 물류와 일본 3대 상사 지분 50퍼센트를 활용하고 엔캐리 500억 달러 이익을 전망한다에서 지급·상대·장소·목표 가운데 둘 이상이 교대한다.,0.96
DCA-N59C,바이든·곡물메이저·사우디 증산 협상,665,668,665,668,4,"김민재, 김태중, 한 부회장, 바이든, 빈 살만, 테일러 스위프트","베트남·동남아, 태우 스타디움, 청와대, 금융타워",665 L115641~L115809에서 마블·태우스타디움의 일주일 완공축제에 빈 살만이 직접 참석한다. 빈 살만이 개막축제에 오자 미·사우디 중재 가능성을 흘리고 곡물카르텔의 미국 농업 연맹 공격을 받는다,증산협상 가능성을 흘려 바이든을 움직이고 미국 농업 연맹을 쓴 카르텔 공격을 되받는다. 범위 마지막의 미·사우디 증산협상과 곡물메이저의 태우 방해포기·세무조사 수용이 성립된다.까지 실제로 확인할 수 있는가?,왕실친분을 미·사우디 중재와 곡물카르텔 역압박 카드로 바꾸는 약속. 확인 가능한 지급은 미·사우디 증산협상과 곡물메이저의 태우 방해포기·세무조사 수용이 성립된다.,666 L115810~L115982에서 미국은 사우디에 직접 약해 보이기 싫고 한국 금융요구를 중재대가와 분리하려 한다.,물고기가 미끼를 물었고 데이비드가 뜰채로 출구를 막는 단계까지 왔다.,미·사우디 증산협상과 곡물메이저의 태우 방해포기·세무조사 수용이 성립된다.,태우를 공격하던 곡물카르텔은 공급방해를 접고 김민재는 미·사우디 양쪽을 연결하는 중재자가 된다.,668에서 태우를 공격하던 곡물카르텔은 공급방해를 접고 김민재는 미·사우디 양쪽을 연결하는 중재자가 된다.,사우디 증산 이행; 곡물메이저 방해중단·세무조사 후속. 미·사우디 증산합의와 곡물메이저의 방해포기를 실제 공급·가격 변화로 끝까지 집행시킬 수 있는가?,미·사우디 증산합의와 곡물메이저의 방해포기를 실제 공급·가격 변화로 끝까지 집행시킬 수 있는가? 다음 첫 행동은 669에서 구단 급료와 생활비까지 막힌 로만의 사정을 듣고 제재에 걸리지 않는 지원 방법을 찾아 알려 주겠다고 약속하며 친구로서 연락을 계속한다..,① 668 L116147~L116314: 미·사우디 증산협상과 곡물메이저의 태우 방해포기·세무조사 수용이 성립된다. ② 669 L116315~L116471: 구단 급료와 생활비까지 막힌 로만의 사정을 듣고 제재에 걸리지 않는 지원 방법을 찾아 알려 주겠다고 약속하며 친구로서 연락을 계속한다. ③ L115638~L115645;L116274~L116314; predecessor=664화 L115485~L115640: 태우엔터·MCA 협업과 테일러 스위프트 공연으로 대형시설의 흥행·수익성이 입증된다.; next=665화 L115641~L115809: 빈 살만이 개막축제에 오자 미·사우디 중재 가능성을 흘리고 곡물카르텔의 미국 농업 연맹 공격을 받는다에서 지급·상대·장소·목표 가운데 둘 이상이 교대한다.,0.96
DCA-N60,로만·프리고진 보안메타버스와 동남아 보급선,669,672,669,672,4,"김민재, 로만, 프리고진, 강 대위, 살만 국왕, 빈 살만, 바이든","튀르키예, 보안 메타버스, 사우디 왕궁, 금융타워",669 L116315~L116471에서 다이먼이 카르텔 간담회 결과를 전한 뒤 제재로 구단급료도 막힌 로만의 사정이 들어온다. 구단 급료와 생활비까지 막힌 로만의 사정을 듣고 제재에 걸리지 않는 지원 방법을 찾아 알려 주겠다고 약속하며 친구로서 연락을 계속한다.,제3자·구단운영 방식으로 생활·급료를 보장하고 김민재 통로를 끊지 않는다. 범위 마지막의 카르텔의 트럼프선과 태우의 바이든선을 병행관리하는 미국 대선전략이 확정된다.까지 실제로 확인할 수 있는가?,서방 제재선을 지키면서 로만의 구단 급료·생활 곤란을 도울 우회법을 찾고 러시아 연락선을 보존하는 약속. 확인 가능한 지급은 카르텔의 트럼프선과 태우의 바이든선을 병행관리하는 미국 대선전략이 확정된다.,670 L116472~L116638에서 프리고진은 폭력적이고 독자세력이라 누구도 완전히 통제할 수 없다.,프리고진의 지친 안색에서 생존연대 가능성은 보이지만 군부 불만·반란의사·구체 조건은 아직 나오지 않는다.,카르텔의 트럼프선과 태우의 바이든선을 병행관리하는 미국 대선전략이 확정된다.,후보를 고르는 기업에서 양 후보와 정부가 모두 눈치를 보는 초국가 권력으로 이동한다.,672에서 후보를 고르는 기업에서 양 후보와 정부가 모두 눈치를 보는 초국가 권력으로 이동한다.,미 대선 양면관계 실행; 곡물·원유카르텔 정치; 후보별 대가. 카르텔의 트럼프선과 태우의 바이든선을 병행해 어느 후보가 이겨도 곡물·원유정책을 통제할 보험을 만들 수 있는가?,카르텔의 트럼프선과 태우의 바이든선을 병행해 어느 후보가 이겨도 곡물·원유정책을 통제할 보험을 만들 수 있는가? 다음 첫 행동은 673에서 러시아의 노르트스트림 차단 뒤 사우디에서 살만 국왕의 6천억 달러 PIF 위탁 제안을 받는다.,① 672 L116799~L116956: 카르텔의 트럼프선과 태우의 바이든선을 병행관리하는 미국 대선전략이 확정된다. ② 673 L116957~L117120: 러시아의 노르트스트림 차단 뒤 사우디에서 살만 국왕의 6천억 달러 PIF 위탁 제안을 받는다 ③ L116948~L116965; predecessor=668화 L116147~L116314: 미·사우디 증산협상과 곡물메이저의 태우 방해포기·세무조사 수용이 성립된다.; next=669화 L116315~L116471: 구단 급료와 생활비까지 막힌 로만의 사정을 듣고 제재에 걸리지 않는 지원 방법을 찾아 알려 주겠다고 약속하며 친구로서 연락을 계속한다.에서 지급·상대·장소·목표 가운데 둘 이상이 교대한다.,0.96
DCA-N60B,사우디 PIF 6000억 달러와 증산·원유숏,673,675,673,675,3,"김민재, 로만, 프리고진, 강 대위, 살만 국왕, 빈 살만, 바이든","튀르키예, 보안 메타버스, 사우디 왕궁, 금융타워",673 L116957~L117120에서 로만의 정보대로 러시아가 노르트스트림1 가스공급을 끊어 유럽 에너지위기가 심해진다. 러시아의 노르트스트림 차단 뒤 사우디에서 살만 국왕의 6천억 달러 PIF 위탁 제안을 받는다,"왕실자금의 운용원칙·위험한도를 협상해 에너지위기 자산을 선점한다. 범위 마지막의 사우디 측의 네옴·통신망·해저케이블·행정IT 배정 의사와 비용분담안을 계열사에 전달하고, 하루 25만 배럴 증산 발표와 유가 하락 시작을 확인한다. 세부 합의·정식 계약·수익 실현은 아직 전이다.까지 실제로 확인할 수 있는가?","살만 국왕의 6천억 달러 PIF 전체를 금융타워가 맡는 사상 최대 신뢰보상. 확인 가능한 지급은 사우디 측의 네옴·통신망·해저케이블·행정IT 배정 의사와 비용분담안을 계열사에 전달하고, 하루 25만 배럴 증산 발표와 유가 하락 시작을 확인한다. 세부 합의·정식 계약·수익 실현은 아직 전이다.",674 L117121~L117279에서 사우디 자산으로 유가하락에 베팅하면 산유국 이해와 충돌해 왕실반발을 살 수 있다.,미국과의 증산약속을 지킨 만큼 이제 양국에서 보상을 받아 태우를 한 단계 키울 차례가 된다.,"사우디 측의 네옴·통신망·해저케이블·행정IT 배정 의사와 비용분담안을 계열사에 전달하고, 하루 25만 배럴 증산 발표와 유가 하락 시작을 확인한다. 세부 합의·정식 계약·수익 실현은 아직 전이다.","왕실의 산업 제안이 계열사별 실무 검토로 내려오고 증산 협상이 실제 발표로 바뀌지만, 산업계약과 공매도 수익은 미지급 상태다.","675에서 왕실의 산업 제안이 계열사별 실무 검토로 내려오고 증산 협상이 실제 발표로 바뀌지만, 산업계약과 공매도 수익은 미지급 상태다.","사우디 세부 합의·정식 계약·집행; 유가 숏 수익 실현; 바그너 보급선 관리. 사우디가 맡기기로 한 프로젝트를 이번 주 세부 합의와 정식 계약으로 닫고, 시작된 유가 하락을 실제 수익으로 바꿀 수 있는가?","사우디가 맡기기로 한 프로젝트를 이번 주 세부 합의와 정식 계약으로 닫고, 시작된 유가 하락을 실제 수익으로 바꿀 수 있는가? 다음 첫 행동은 676에서 최재석에게 태우 세계 1위·한국 경제 5위와 부산 엑스포 구상을 설명하고, 금융타워 보고서를 이번 주 전달해 경제부처가 검토하도록 요청한다..","① 675 L117280~L117454: 사우디 측의 네옴·통신망·해저케이블·행정IT 배정 의사와 비용분담안을 계열사에 전달하고, 하루 25만 배럴 증산 발표와 유가 하락 시작을 확인한다. 세부 합의·정식 계약·수익 실현은 아직 전이다. ② 676 L117455~L117594: 최재석에게 태우 세계 1위·한국 경제 5위와 부산 엑스포 구상을 설명하고, 금융타워 보고서를 이번 주 전달해 경제부처가 검토하도록 요청한다. ③ L116948~L116965; predecessor=672화 L116799~L116956: 카르텔의 트럼프선과 태우의 바이든선을 병행관리하는 미국 대선전략이 확정된다.; next=673화 L116957~L117120: 러시아의 노르트스트림 차단 뒤 사우디에서 살만 국왕의 6천억 달러 PIF 위탁 제안을 받는다에서 지급·상대·장소·목표 가운데 둘 이상이 교대한다.",0.96
DCA-N61,코리아 디스카운트 개혁과 1000억 달러 AI 데이터센터,676,679,676,679,4,"김민재, 최재석, 천민정, 오용재, 구디너프, 한 부회장","청와대, 인공지능센터, 파리 모터쇼","676 L117455~L117594에서 김민재는 반나절 만에 최재석과 독대해 세계침체 속 한국의 성장성과 증시저평가를 논한다. 최재석에게 태우 세계 1위·한국 경제 5위와 부산 엑스포 구상을 설명하고, 금융타워 보고서를 이번 주 전달해 경제부처가 검토하도록 요청한다.",세계 자금을 한국으로 끌어올 보고서를 최재석에게 제시해 코리아 디스카운트와 경영진의 사익 장벽을 정부 검토 의제로 만든다. 범위 마지막의 빅테크 동등지분의 1천억 달러 AI 데이터센터 합작이 성립된다.까지 실제로 확인할 수 있는가?,"태우와 한국의 동반 도약안을 대통령 의제로 올리고, 정부·태우·주주가 기존 재벌의 저항을 넘을 수 있는지를 묻는 시장개혁 약속. 확인 가능한 지급은 빅테크 동등지분의 1천억 달러 AI 데이터센터 합작이 성립된다.",677 L117595~L117765에서 삼진은 기술종속을 경계하고 AI기능·전력·칩 공급량도 아직 제품으로 검증되지 않았다.,세계 2위 삼진에게 중국 추격을 막고 역사를 바꿀 제안이라 오용재가 거절하기 어렵다.,빅테크 동등지분의 1천억 달러 AI 데이터센터 합작이 성립된다.,각자 경쟁하던 빅테크 수요가 태우 중심 공동인프라로 묶여 반도체·전력 장기수요가 확정된다.,679에서 각자 경쟁하던 빅테크 수요가 태우 중심 공동인프라로 묶여 반도체·전력 장기수요가 확정된다.,AI 데이터센터 건설·운영; 반도체·전력 장기계약; 합작 거버넌스. 몇 시간 만에 모은 1천억 달러 합작을 실제 데이터센터 건설·운영과 장기 반도체·전력수요로 만들 수 있는가?,몇 시간 만에 모은 1천억 달러 합작을 실제 데이터센터 건설·운영과 장기 반도체·전력수요로 만들 수 있는가? 다음 첫 행동은 680에서 AI 주문 폭증과 고체배터리 완성을 확인하고 파리 모터쇼 공개를 결정한다.,"① 679 L117949~L118111: 빅테크 동등지분의 1천억 달러 AI 데이터센터 합작이 성립된다. ② 680 L118112~L118272: AI 주문 폭증과 고체배터리 완성을 확인하고 파리 모터쇼 공개를 결정한다 ③ L118103~L118120; predecessor=675화 L117280~L117454: 사우디 측의 네옴·통신망·해저케이블·행정IT 배정 의사와 비용분담안을 계열사에 전달하고, 하루 25만 배럴 증산 발표와 유가 하락 시작을 확인한다. 세부 합의·정식 계약·수익 실현은 아직 전이다.; next=676화 L117455~L117594: 최재석에게 태우 세계 1위·한국 경제 5위와 부산 엑스포 구상을 설명하고, 금융타워 보고서를 이번 주 전달해 경제부처가 검토하도록 요청한다.에서 지급·상대·장소·목표 가운데 둘 이상이 교대한다.",0.96
DCA-N61B,고체배터리·T-9 파리모터쇼 공개,680,681,680,681,2,"김민재, 최재석, 천민정, 오용재, 구디너프, 한 부회장","청와대, 인공지능센터, 파리 모터쇼",680 L118112~L118272에서 1천억 달러 AI 데이터센터 발표로 언론과 반도체 주문이 폭증한다. AI 주문 폭증과 고체배터리 완성을 확인하고 파리 모터쇼 공개를 결정한다,완성된 고체배터리 전기차를 파리모터쇼에서 세계 완성차에 증명한다. 범위 마지막의 고체배터리·T-9 공개와 세계 완성차의 대규모 공급계약 요청이 발생한다.까지 실제로 확인할 수 있는가?,회귀지식 밖에서 만든 AI·고체배터리를 실물제품으로 공개해 새 성장판을 여는 약속. 확인 가능한 지급은 고체배터리·T-9 공개와 세계 완성차의 대규모 공급계약 요청이 발생한다.,680 L118112~L118272에서 기술이 실험실을 벗어나면 안전·가격·양산수율을 세계 앞에서 동시에 검증받아야 한다.,태우가 날아오를 준비는 끝났고 시장광풍만 오면 된다는 제품직전의 확신이 선다.,고체배터리·T-9 공개와 세계 완성차의 대규모 공급계약 요청이 발생한다.,실험실의 꿈의 배터리가 자동차시장 판도를 기울이는 공식 상용제품으로 올라선다.,681에서 실험실의 꿈의 배터리가 자동차시장 판도를 기울이는 공식 상용제품으로 올라선다.,"물량배분, 주가조작 제거.. 주가급등 속 N&K 주가조작을 어떻게 시장충격 없이 가지칠지가 열린다.",주가급등 속 N&K 주가조작을 어떻게 시장충격 없이 가지칠지가 열린다. 다음 첫 행동은 682에서 태우주가 급등과 계열분리를 검토하다 N&K 주가조작을 포착한다.,① 681 L118273~L118445: 고체배터리·T-9 공개와 세계 완성차의 대규모 공급계약 요청이 발생한다. ② 682 L118446~L118599: 태우주가 급등과 계열분리를 검토하다 N&K 주가조작을 포착한다 ③ L118103~L118120; predecessor=679화 L117949~L118111: 빅테크 동등지분의 1천억 달러 AI 데이터센터 합작이 성립된다.; next=680화 L118112~L118272: AI 주문 폭증과 고체배터리 완성을 확인하고 파리 모터쇼 공개를 결정한다에서 지급·상대·장소·목표 가운데 둘 이상이 교대한다.,0.96
DCA-N62,N&K 기술탈취 계약위반·계좌동결과 체포,682,684,682,684,3,"김민재, 한 부회장, 이영한, 나기연, 김남훈, 한아약품 모녀·아들들, 아폴로","명동, 검찰, 체코, 금융타워",682 L118446~L118599에서 파리모터쇼 이틀 동안 계약문의가 쏟아지고 태우계열 주가·계열분리 논의가 달아오른다. 태우주가 급등과 계열분리를 검토하다 N&K 주가조작을 포착한다,차명계좌·내부정보를 추적해 매도폭탄 전에 자금을 동결한다. 범위 마지막의 차명계좌가 동결되고 나기연·김남훈이 체포돼 시장충격 없이 N&K가 제거된다.까지 실제로 확인할 수 있는가?,시장축제 속 N&K 조작세력을 조용히 제거해 정당한 상승을 지키는 약속. 확인 가능한 지급은 차명계좌가 동결되고 나기연·김남훈이 체포돼 시장충격 없이 N&K가 제거된다.,683 L118600~L118768에서 두 사람이 먼저 매도하면 시장충격이 오고 증거가 새면 공범들이 도망간다.,김남훈은 즉시 협조 의사를 보이지만 투자자명단·차명계좌·비밀번호를 실제로 넘기지는 않았다.,차명계좌가 동결되고 나기연·김남훈이 체포돼 시장충격 없이 N&K가 제거된다.,은밀한 범죄조직이 자금·자유를 잃고 배터리 상승장은 조작오염 없이 유지된다.,684에서 은밀한 범죄조직이 자금·자유를 잃고 배터리 상승장은 조작오염 없이 유지된다.,안덕환의 긴급 수주·사업 보고. N&K를 시장충격 없이 제거한 직후 안덕환이 외친 '대박'은 어떤 새 건설성과인가?,"N&K를 시장충격 없이 제거한 직후 안덕환이 외친 '대박'은 어떤 새 건설성과인가? 다음 첫 행동은 685에서 체코 원전 24조 원 우선협상과 현지 공장·데이터센터 계획을 확인하고, 센트리언 확장을 위해 국내 제약 M&A 대상을 찾게 한다..","① 684 L118769~L118956: 차명계좌가 동결되고 나기연·김남훈이 체포돼 시장충격 없이 N&K가 제거된다. ② 685 L118957~L119112: 체코 원전 24조 원 우선협상과 현지 공장·데이터센터 계획을 확인하고, 센트리언 확장을 위해 국내 제약 M&A 대상을 찾게 한다. ③ L118446~L118465;L118769~L118956; predecessor=681화 L118273~L118445: 고체배터리·T-9 공개와 세계 완성차의 대규모 공급계약 요청이 발생한다.; next=682화 L118446~L118599: 태우주가 급등과 계열분리를 검토하다 N&K 주가조작을 포착한다에서 지급·상대·장소·목표 가운데 둘 이상이 교대한다.",0.96
DCA-N62B,체코 원전 우선협상과 한아약품 경영권 인수,685,687,685,687,3,"김민재, 한 부회장, 이영한, 나기연, 김남훈, 한아약품 모녀·아들들, 아폴로","명동, 검찰, 체코, 금융타워","685 L118957~L119112에서 안덕환이 금메달 선수처럼 만세를 부르며 체코 원전우선협상 소식을 가져온다. 체코 원전 24조 원 우선협상과 현지 공장·데이터센터 계획을 확인하고, 센트리언 확장을 위해 국내 제약 M&A 대상을 찾게 한다.",대형수주를 공개해 주가·현지투자를 굳히고 인수대상 제약사를 정한다. 범위 마지막의 한아약품 전체 가족지분이 금융타워로 넘어와 경영권이 확정된다.까지 실제로 확인할 수 있는가?,24조 원 원전·현지공장·데이터센터를 따고 센트리언 성장에 새 국내 제약사를 붙이는 약속. 확인 가능한 지급은 한아약품 전체 가족지분이 금융타워로 넘어와 경영권이 확정된다.,686 L119113~L119275에서 모녀지분만으로 과반이 안 되고 형제는 월가 사모펀드 지원을 받는다.,소현숙은 자식·사모펀드보다 남인 태우를 믿을 만큼 가족관계가 완전히 깨져 있다.,한아약품 전체 가족지분이 금융타워로 넘어와 경영권이 확정된다.,태우는 한아약품의 새 주인이 되지만 즉시 기업통합보다 북한도발을 막는 국가행위자로 전환된다.,687에서 태우는 한아약품의 새 주인이 되지만 즉시 기업통합보다 북한도발을 막는 국가행위자로 전환된다.,북한 미사일 대응·러북거래 파기.. 러북 무기·식량거래를 갈라놓고 장남카드를 움직일 일이 남는다.,러북 무기·식량거래를 갈라놓고 장남카드를 움직일 일이 남는다. 다음 첫 행동은 688에서 러시아·북한 무기·식량 거래를 포착하고 언론·한국 방산으로 양쪽을 갈라놓는다.,"① 687 L119276~L119441: 한아약품 전체 가족지분이 금융타워로 넘어와 경영권이 확정된다. ② 688 L119442~L119593: 러시아·북한 무기·식량 거래를 포착하고 언론·한국 방산으로 양쪽을 갈라놓는다 ③ L118957~L118985;L119400~L119441; predecessor=684화 L118769~L118956: 차명계좌가 동결되고 나기연·김남훈이 체포돼 시장충격 없이 N&K가 제거된다.; next=685화 L118957~L119112: 체코 원전 24조 원 우선협상과 현지 공장·데이터센터 계획을 확인하고, 센트리언 확장을 위해 국내 제약 M&A 대상을 찾게 한다.에서 지급·상대·장소·목표 가운데 둘 이상이 교대한다.",0.96
DCA-N63,러북 무기·식량 거래 차단,688,688,688,688,1,"김민재, 한 부회장, 최재석, 리강, 빈 살만","청와대, 중국, 사우디, 유럽",688 L119442~L119593에서 데이비드를 강 대위 사무실로 불러 북한미사일과 러시아 거래정보를 새로 해석한다. 러시아·북한 무기·식량 거래를 포착하고 언론·한국 방산으로 양쪽을 갈라놓는다,러시아의 손익을 건드리고 한국 무기·언론을 이용해 북한과 거리를 두게 한다. 범위 마지막의 러북 거래자료와 양쪽을 갈라놓을 언론·방산대체안이 실행된다.까지 실제로 확인할 수 있는가?,러북 무기·식량거래를 공개·방산대안으로 갈라 북한도발을 장남·러시아 협상력으로 바꾸는 약속. 확인 가능한 지급은 러북 거래자료와 양쪽을 갈라놓을 언론·방산대체안이 실행된다.,688 L119442~L119593에서 러시아는 전쟁중이고 북한은 미사일로 압박해 양쪽 모두 거래를 쉽게 포기하지 않는다.,바그너를 잘 쓰면 북한뿐 아니라 러시아까지 쪼갤 수 있다는 더 큰 변수통제 가능성이 보인다.,러북 거래자료와 양쪽을 갈라놓을 언론·방산대체안이 실행된다.,북한도발이 일방위협에서 러시아 비용과 장남 대안세력을 키울 역지렛대로 바뀐다.,688에서 북한도발이 일방위협에서 러시아 비용과 장남 대안세력을 키울 역지렛대로 바뀐다.,"장남세력·바그너 분열, 걸프 스와프.. 총리가 된 리강이 장남지원을 계속하고 원화 국제화를 도울지가 남는다.",총리가 된 리강이 장남지원을 계속하고 원화 국제화를 도울지가 남는다. 다음 첫 행동은 689에서 총리가 된 리강의 장남 지원을 확인하고 걸프 스와프·자산으로 원화 국제화를 짠다.,① 688 L119442~L119593: 러북 거래자료와 양쪽을 갈라놓을 언론·방산대체안이 실행된다. ② 689 L119594~L119759: 총리가 된 리강의 장남 지원을 확인하고 걸프 스와프·자산으로 원화 국제화를 짠다 ③ L119585~L119602; predecessor=687화 L119276~L119441: 한아약품 전체 가족지분이 금융타워로 넘어와 경영권이 확정된다.; next=688화 L119442~L119593: 러시아·북한 무기·식량 거래를 포착하고 언론·한국 방산으로 양쪽을 갈라놓는다에서 지급·상대·장소·목표 가운데 둘 이상이 교대한다.,0.96
DCA-N63B,사우디 원화스와프와 유럽 원화금융,689,690,689,690,2,"김민재, 한 부회장, 최재석, 리강, 빈 살만","청와대, 중국, 사우디, 유럽",689 L119594~L119759에서 리강이 중국 국무원 총리가 되지만 주석집권 때문에 권한은 줄어든 상태다. 총리가 된 리강의 장남 지원을 확인하고 걸프 스와프·자산으로 원화 국제화를 짠다,중국 정치통로를 보존하면서 사우디·카타르 운용자산을 통화스와프에 쓴다. 범위 마지막의 사우디 원화스와프·원화 원유결제와 유럽 원전·방산 원화금융이 성립된다.까지 실제로 확인할 수 있는가?,리강의 장남지원을 확인하고 걸프자금으로 원화결제망을 여는 약속. 확인 가능한 지급은 사우디 원화스와프·원화 원유결제와 유럽 원전·방산 원화금융이 성립된다.,689 L119594~L119759에서 중국 권력집중은 리강 통로를 위험하게 하고 원화는 달러보다 유동성·신뢰가 약하다.,금융타워가 중동 국부자금을 운용하므로 스와프·결제량을 인위적으로 키울 실물기반이 있다.,사우디 원화스와프·원화 원유결제와 유럽 원전·방산 원화금융이 성립된다.,원화 국제화가 구상에서 에너지·산업계약에 실제 쓰이는 결제통화로 첫발을 뗀다.,690에서 원화 국제화가 구상에서 에너지·산업계약에 실제 쓰이는 결제통화로 첫발을 뗀다.,"배터리 시장확대, 기술유출 차단, 유럽 경제블록.. 고체배터리 가격장벽·산업스파이를 넘고 동유럽 경제블록을 만들 일이 남는다.",고체배터리 가격장벽·산업스파이를 넘고 동유럽 경제블록을 만들 일이 남는다. 다음 첫 행동은 691에서 고체배터리 가격장벽을 넘기 위해 전기차 화재·한파를 뉴스 의제로 설계하고 최재석에게 정책지원과 국민경제당 후계구도를 논의한다..,① 690 L119760~L119910: 사우디 원화스와프·원화 원유결제와 유럽 원전·방산 원화금융이 성립된다. ② 691 L119911~L120062: 고체배터리 가격장벽을 넘기 위해 전기차 화재·한파를 뉴스 의제로 설계하고 최재석에게 정책지원과 국민경제당 후계구도를 논의한다. ③ L119585~L119602; predecessor=688화 L119442~L119593: 러북 거래자료와 양쪽을 갈라놓을 언론·방산대체안이 실행된다.; next=689화 L119594~L119759: 총리가 된 리강의 장남 지원을 확인하고 걸프 스와프·자산으로 원화 국제화를 짠다에서 지급·상대·장소·목표 가운데 둘 이상이 교대한다.,0.96
DCA-N64,전기차 화재의제와 산업스파이 역추적,691,693,691,693,3,"김민재, 천민정, 한 부회장, 동유럽 정상들, 자동차동맹 대표들","인공지능센터, 폴란드 원전 설명회, 미국 협상선",691 L119911~L120062에서 세계 최초 고체배터리 차량출시를 앞두고 높은 가격이 대중화의 걸림돌로 남는다. 고체배터리 가격장벽을 넘기 위해 전기차 화재·한파를 뉴스 의제로 설계하고 최재석에게 정책지원과 국민경제당 후계구도를 논의한다.,뉴스·시험자료로 기존배터리 위험을 부각하고 태우제품의 가치를 증명한다. 범위 마지막의 유출제보자에게 보너스가 지급되고 범죄자 자산환수·유럽 보조금 재설계안이 확정된다.까지 실제로 확인할 수 있는가?,전기차 화재·한파 안전의제를 키워 비싼 고체배터리를 필수품으로 만드는 양날의 약속. 확인 가능한 지급은 유출제보자에게 보너스가 지급되고 범죄자 자산환수·유럽 보조금 재설계안이 확정된다.,692 L120063~L120208에서 전 계열사 감시는 직원불신을 키우고 내부자가 증거를 지우면 핵심기술이 이미 빠졌을 수 있다.,기술격차를 유지하려면 외부경쟁보다 내부 쥐새끼를 먼저 차단해야 한다는 우선순위가 선다.,유출제보자에게 보너스가 지급되고 범죄자 자산환수·유럽 보조금 재설계안이 확정된다.,숨겨진 배신을 두려워하던 조직이 제보를 보상하고 유출이익을 연구로 돌리는 통제체계로 바뀐다.,693에서 숨겨진 배신을 두려워하던 조직이 제보를 보상하고 유출이익을 연구로 돌리는 통제체계로 바뀐다.,유럽 보조금·경제블록.. 동유럽 정상들이 금융타워 중심 경제블록에 동의할지가 남는다.,동유럽 정상들이 금융타워 중심 경제블록에 동의할지가 남는다. 다음 첫 행동은 694에서 폴란드 원전 설명회에서 동유럽 정상들에게 금융타워 중심 경제블록을 제안한다.,① 693 L120209~L120355: 유출제보자에게 보너스가 지급되고 범죄자 자산환수·유럽 보조금 재설계안이 확정된다. ② 694 L120356~L120504: 폴란드 원전 설명회에서 동유럽 정상들에게 금융타워 중심 경제블록을 제안한다 ③ L120347~L120364; predecessor=690화 L119760~L119910: 사우디 원화스와프·원화 원유결제와 유럽 원전·방산 원화금융이 성립된다.; next=691화 L119911~L120062: 고체배터리 가격장벽을 넘기 위해 전기차 화재·한파를 뉴스 의제로 설계하고 최재석에게 정책지원과 국민경제당 후계구도를 논의한다.에서 지급·상대·장소·목표 가운데 둘 이상이 교대한다.,0.96
DCA-N64B,동유럽 경제블록과 중국차 공동관세,694,696,694,696,3,"김민재, 천민정, 한 부회장, 동유럽 정상들, 자동차동맹 대표들","인공지능센터, 폴란드 원전 설명회, 미국 협상선",694 L120356~L120504에서 체코 원전수주 뒤 자금부족 동유럽국가들이 금융타워 전액대출에 관심을 보인다. 폴란드 원전 설명회에서 동유럽 정상들에게 금융타워 중심 경제블록을 제안한다,폴란드 설명회에서 정상들에게 공동조달·연구·금융블록을 제안한다. 범위 마지막의 고체배터리 배정과 중국 전기차 관세 공동로비가 자동차동맹에서 합의된다.까지 실제로 확인할 수 있는가?,원전·방산·자본을 미끼로 독·프 중심 EU 안에 태우 중심 동유럽 구심점을 세우는 약속. 확인 가능한 지급은 고체배터리 배정과 중국 전기차 관세 공동로비가 자동차동맹에서 합의된다.,695 L120505~L120655에서 독일·프랑스 압박과 회원국 간 지분·사업배분 경쟁이 블록을 깨뜨릴 수 있다.,훈훈한 말과 인자한 미소 뒤 모든 정상의 욕심이 보여 협상이 오히려 태우에 유리하게 흘러간다.,고체배터리 배정과 중국 전기차 관세 공동로비가 자동차동맹에서 합의된다.,태우 단독독점 일부가 동맹 전체의 중국배제·시장확대를 사는 정치자산으로 전환된다.,696에서 태우 단독독점 일부가 동맹 전체의 중국배제·시장확대를 사는 정치자산으로 전환된다.,미국·EU 중국차 관세 결정; 자동차동맹 시장확대. 자동차동맹의 중국 전기차 관세 공동로비가 미국·EU의 실제 정책과 시장확대로 이어질 것인가?,자동차동맹의 중국 전기차 관세 공동로비가 미국·EU의 실제 정책과 시장확대로 이어질 것인가? 다음 첫 행동은 697에서 미국 대중관세 시점을 점검하고 오셔닉스 해상도시에 AI 데이터센터를 결합한다.,① 696 L120656~L120801: 고체배터리 배정과 중국 전기차 관세 공동로비가 자동차동맹에서 합의된다. ② 697 L120802~L120950: 미국 대중관세 시점을 점검하고 오셔닉스 해상도시에 AI 데이터센터를 결합한다 ③ L120347~L120364; predecessor=693화 L120209~L120355: 유출제보자에게 보너스가 지급되고 범죄자 자산환수·유럽 보조금 재설계안이 확정된다.; next=694화 L120356~L120504: 폴란드 원전 설명회에서 동유럽 정상들에게 금융타워 중심 경제블록을 제안한다에서 지급·상대·장소·목표 가운데 둘 이상이 교대한다.,0.96
DCA-N65,오셔닉스·고체배터리와 사우디 부산엑스포 철회,697,710,697,710,14,"김민재, 필립 호프만, 천민정, 최재석, 리강, 조지, 한 부회장, 김태중, 빈 살만, 안드레아, 데이비드","부산 앞바다, 인공지능센터, 청와대, 태우자동차 공장, 금융타워, 영국 리즈 경기장, 사우디 협상장",697 L120802~L120950에서 유럽출장 뒤 쉬지 못한 김민재가 한 부회장과 미국 대중관세 일정을 점검한다. 미국 대중관세 시점을 점검하고 오셔닉스 해상도시에 AI 데이터센터를 결합한다,도시를 산업·기후·관광이 공존하는 실사업으로 확대한다. 범위 마지막의 아람코 0.6퍼센트 지분을 확보하고 일본 금융공격일을 정할 권한을 조지에게 준다. D-DAY 날짜는 아직 미정이다.까지 실제로 확인할 수 있는가?,오셔닉스 부유도시에 AI 데이터센터·원전을 넣어 부산엑스포에서 네옴과 맞설 지속가능도시를 만드는 약속. 확인 가능한 지급은 아람코 0.6퍼센트 지분을 확보하고 일본 금융공격일을 정할 권한을 조지에게 준다. D-DAY 날짜는 아직 미정이다.,703 L121691~L121850에서 중국은 14억 시장과 행정권을 지렛대로 태우를 압박할 수 있다.,아무것도 주지 않아야 오히려 중국관계에서 우위를 유지할 수 있다는 역설적 협상원칙이 선다.,아람코 0.6퍼센트 지분을 확보하고 일본 금융공격일을 정할 권한을 조지에게 준다. D-DAY 날짜는 아직 미정이다.,엑스포 외교보상이 실물 에너지지분으로 지급되고 일본 금융전은 날짜를 정하는 최종 준비 단계로 넘어간다.,710에서 엑스포 외교보상이 실물 에너지지분으로 지급되고 일본 금융전은 날짜를 정하는 최종 준비 단계로 넘어간다.,일본 금융공격 날짜 확정·실행; 엔캐리 자금회수. 조지가 일본 금융공격 D-DAY를 언제로 정하고 어떤 신호에 맞춰 실행할 것인가?,조지가 일본 금융공격 D-DAY를 언제로 정하고 어떤 신호에 맞춰 실행할 것인가? 다음 첫 행동은 711에서 바흐무트 승리 뒤 바그너 불만과 엔비디아 사기꾼을 확인하고 중국 특혜의 독을 경계한다.,① 710 L122799~L122944: 아람코 0.6퍼센트 지분을 확보하고 일본 금융공격일을 정할 권한을 조지에게 준다. D-DAY 날짜는 아직 미정이다. ② 711 L122945~L123129: 바흐무트 승리 뒤 바그너 불만과 엔비디아 사기꾼을 확인하고 중국 특혜의 독을 경계한다 ③ L122141~L122171;L122803~L122832; predecessor=696화 L120656~L120801: 고체배터리 배정과 중국 전기차 관세 공동로비가 자동차동맹에서 합의된다.; next=697화 L120802~L120950: 미국 대중관세 시점을 점검하고 오셔닉스 해상도시에 AI 데이터센터를 결합한다에서 지급·상대·장소·목표 가운데 둘 이상이 교대한다.,0.96
DCA-N67,중국 임시가입·경제특구와 철수 안전장치,711,715,711,715,5,김민재·한 부회장·시진핑·리강·프리고진·로만·강 대위·최재석·자동차동맹 대표들·일본 정부 관계자,바흐무트·한중 정상회담장·태우 회의실·일본 금융당국·로스토프·보안 메타버스·부산·지린성,711 L122945~L123129에서 바흐무트에서 바그너가 승리하지만 러시아 군부와 프리고진 불만이 폭발한다. 바흐무트 승리 뒤 바그너 불만과 엔비디아 사기꾼을 확인하고 중국 특혜의 독을 경계한다,바그너 움직임을 추적하고 중국 특구의 기술·자본안전장치를 검증한다. 범위 마지막의 철수권을 가진 중국특구 진출이 명령되고 프리고진의 러시아행·반란이 시작된다.까지 실제로 확인할 수 있는가?,러시아 군사변수와 중국 재진출의 독을 동시에 관리해 유라시아 판을 여는 약속. 확인 가능한 지급은 철수권을 가진 중국특구 진출이 명령되고 프리고진의 러시아행·반란이 시작된다.,713 L123301~L123480에서 두 나라 압박이 겹쳐 한쪽과 손잡으면 다른 쪽 보복이 커진다.,겐이치의 일방통보가 김민재에게 죄책감 없이 일본계획을 실행할 도덕적 명분을 준다.,철수권을 가진 중국특구 진출이 명령되고 프리고진의 러시아행·반란이 시작된다.,경제재진출과 비밀군사변수가 준비단계에서 동시에 실제행동으로 넘어간다.,715에서 경제재진출과 비밀군사변수가 준비단계에서 동시에 실제행동으로 넘어간다.,바그너 행군·반란 결과; 자동차동맹 중국 결정. 태우라는 믿는 구석을 가진 프리고진의 무모한 러시아행이 어떤 반란 결과로 이어질 것인가?,태우라는 믿는 구석을 가진 프리고진의 무모한 러시아행이 어떤 반란 결과로 이어질 것인가? 다음 첫 행동은 716에서 바그너 반란의 자금·가스거점 장악 가능성을 읽고 한 부회장에게 장기 에너지 대응을 시킨다.,① 715 L123643~L123789: 철수권을 가진 중국특구 진출이 명령되고 프리고진의 러시아행·반란이 시작된다. ② 716 L123790~L123950: 바그너 반란의 자금·가스거점 장악 가능성을 읽고 한 부회장에게 장기 에너지 대응을 시킨다 ③ L122803~L122965;L123629~L123756; predecessor=710화 L122799~L122944: 아람코 0.6퍼센트 지분을 확보하고 일본 금융공격일을 정할 권한을 조지에게 준다. D-DAY 날짜는 아직 미정이다.; next=711화 L122945~L123129: 바흐무트 승리 뒤 바그너 불만과 엔비디아 사기꾼을 확인하고 중국 특혜의 독을 경계한다에서 지급·상대·장소·목표 가운데 둘 이상이 교대한다.,0.96
DCA-N67B,바그너 반란 대응과 신속무기·북방 경제영토,716,720,716,720,5,김민재·한 부회장·시진핑·리강·프리고진·로만·강 대위·최재석·자동차동맹 대표들·일본 정부 관계자,바흐무트·한중 정상회담장·태우 회의실·일본 금융당국·로스토프·보안 메타버스·부산·지린성,716 L123790~L123950에서 바쁜 오전 업무 속 한 부회장이 바그너의 로스토프·자금·가스거점 가능성을 보고한다. 바그너 반란의 자금·가스거점 장악 가능성을 읽고 한 부회장에게 장기 에너지 대응을 시킨다,가스·원유·곡물 포지션과 러시아 대체공급망을 재배치한다. 범위 마지막의 미국승인·수에즈 우선운송이 확보되고 중국특구·북방육로 경제영토 구상이 완성된다.까지 실제로 확인할 수 있는가?,태우가 지원한 장기반란을 세계 에너지수익으로 회수하는 약속. 확인 가능한 지급은 미국승인·수에즈 우선운송이 확보되고 중국특구·북방육로 경제영토 구상이 완성된다.,718 L124125~L124294에서 중국은 차별대우를 눈치챌 수 있고 일본 배제는 새 무역보복을 부른다.,일본이 금리인상을 안 하면 태우·금융타워가 할 수밖에 없는 상황을 만들 능력이 있다.,미국승인·수에즈 우선운송이 확보되고 중국특구·북방육로 경제영토 구상이 완성된다.,임시 군수지원이 여러 국가·항만·철도를 잇는 장기 유라시아 질서로 확대된다.,720에서 임시 군수지원이 여러 국가·항만·철도를 잇는 장기 유라시아 질서로 확대된다.,유라시아 경제영토 거버넌스; 영향력 유지제도; 군수운송 실행. 미국 승인·수에즈 우선운송과 유라시아 경제영토 설계를 김민재 개인 이후에도 유지될 제도·거버넌스로 만들 수 있는가?,미국 승인·수에즈 우선운송과 유라시아 경제영토 설계를 김민재 개인 이후에도 유지될 제도·거버넌스로 만들 수 있는가? 다음 첫 행동은 721에서 바그너와 우크라이나의 가스관 장악을 이용해 최재석과 직접 러시아 중재에 나서기로 한다.,① 720 L124453~L124612: 미국승인·수에즈 우선운송이 확보되고 중국특구·북방육로 경제영토 구상이 완성된다. ② 721 L124613~L124802: 바그너와 우크라이나의 가스관 장악을 이용해 최재석과 직접 러시아 중재에 나서기로 한다 ③ L123758~L123803;L124541~L124608; predecessor=715화 L123643~L123789: 철수권을 가진 중국특구 진출이 명령되고 프리고진의 러시아행·반란이 시작된다.; next=716화 L123790~L123950: 바그너 반란의 자금·가스거점 장악 가능성을 읽고 한 부회장에게 장기 에너지 대응을 시킨다에서 지급·상대·장소·목표 가운데 둘 이상이 교대한다.,0.96
DCA-N68,푸틴·프리고진·서방·젤렌스키 휴전 중재,721,731,721,731,11,"김민재, 최재석, 푸틴, 프리고진, 드미트리, 한 부회장, 바이든, 젤렌스키, 조지, 기시다, 곤조, 나오토, 일본 금융청","쿠르스크, 청와대, 크렘린궁, 흑해의 태우선박, 흑해 태우선박, 백악관, 유럽, 한국, 우크라이나 협상장, 금융타워, 일본 은행·의회",721 L124613~L124802에서 반란군 딱지 아래 바그너가 몸은 편해도 매일 지옥 같은 불안을 견딘다. 바그너와 우크라이나의 가스관 장악을 이용해 최재석과 직접 러시아 중재에 나서기로 한다,한국 대통령·태우 회장 공동으로 푸틴·프리고진 조건을 교차 설득한다. 범위 마지막의 엔캐리 전액청산이 실행되고 일본에서 빠져나온 자금을 금융타워가 흡수한다.까지 실제로 확인할 수 있는가?,가스관 장악을 지렛대로 최재석·김민재가 전쟁출구를 책임지는 중재자가 되는 약속. 확인 가능한 지급은 엔캐리 전액청산이 실행되고 일본에서 빠져나온 자금을 금융타워가 흡수한다.,726 L125408~L125577에서 프리고진은 푸틴의 보복을 믿지 못하고 김민재도 반란군 수장을 보호한다는 정치비용을 져야 한다.,패자가 죽지 않고 사업가로 퇴장할 수 있다는 조건이 프리고진의 마지막 저항을 꺾는다.,엔캐리 전액청산이 실행되고 일본에서 빠져나온 자금을 금융타워가 흡수한다.,일본이 통제하던 상환일정은 금융타워가 세계증시의 속도를 정하는 비대칭전으로 뒤집힌다.,731에서 일본이 통제하던 상환일정은 금융타워가 세계증시의 속도를 정하는 비대칭전으로 뒤집힌다.,"미국의 환율압박 가능성; 자민당 비자금 카드 공개시점; 총리 사퇴·중의원 해산; 일본 이탈자금 흡수. 자민당 비자금 자료와 미국 압박 가능성을 장기카드로 쌓은 채, 총리 사퇴·중의원 해산을 언제 어떻게 끌어낼 것인가?","자민당 비자금 자료와 미국 압박 가능성을 장기카드로 쌓은 채, 총리 사퇴·중의원 해산을 언제 어떻게 끌어낼 것인가? 다음 첫 행동은 732에서 전액상환 충격을 받은 일본 금융청의 30조 엔 대응회의와 미국의 환율관찰국 지정을 확인하고, 일본의 협상요청에 김민재·한 부회장 투트랙으로 대응한다..","① 731 L126216~L126382: 엔캐리 전액청산이 실행되고 일본에서 빠져나온 자금을 금융타워가 흡수한다. ② 732 L126383~L126556: 전액상환 충격을 받은 일본 금융청의 30조 엔 대응회의와 미국의 환율관찰국 지정을 확인하고, 일본의 협상요청에 김민재·한 부회장 투트랙으로 대응한다. ③ L124613~L124635;L125393~L125426;L126211~L126233; predecessor=720화 L124453~L124612: 미국승인·수에즈 우선운송이 확보되고 중국특구·북방육로 경제영토 구상이 완성된다.; next=721화 L124613~L124802: 바그너와 우크라이나의 가스관 장악을 이용해 최재석과 직접 러시아 중재에 나서기로 한다에서 지급·상대·장소·목표 가운데 둘 이상이 교대한다.",0.96
DCA-N70,일본 엔화 상환·3대은행 지분과 야당 집권통로,732,735,732,735,4,"김민재, 한 부회장, 조지, 기시다, 곤조, 나오토, 일본 금융청","금융타워, 일본 은행·의회","732 L126383~L126556에서 니케이와 엔화가 함께 흔들리면서 일본 금융청의 분할상환 계산이 완전히 빗나간다. 전액상환 충격을 받은 일본 금융청의 30조 엔 대응회의와 미국의 환율관찰국 지정을 확인하고, 일본의 협상요청에 김민재·한 부회장 투트랙으로 대응한다.",환율감시 위험을 버티며 재차입 조건과 일본 정치통제의 두 경로를 준비한다. 범위 마지막의 금융타워가 일본 3대 은행 지분과 합법적 야권자금 통로를 확보하고 건설사 검은돈을 배제한다.까지 실제로 확인할 수 있는가?,일시상환 충격으로 일본 정부를 협상장에 끌어내고 금융청의 책임을 정치문제로 만드는 약속. 확인 가능한 지급은 금융타워가 일본 3대 은행 지분과 합법적 야권자금 통로를 확보하고 건설사 검은돈을 배제한다.,733 L126557~L126729에서 기시다는 극우파·관료조직의 반발을 감수해야 하고 거부하면 은행·증시 붕괴가 더 커진다.,기시다가 조건 자체보다 같은 시각 김민재가 누구를 만나는지 모른다는 사실이 협상의 정보격차를 드러낸다.,금융타워가 일본 3대 은행 지분과 합법적 야권자금 통로를 확보하고 건설사 검은돈을 배제한다.,일회성 공매도 수익은 일본 핵심은행의 지분과 지속 가능한 정권교체 자금망으로 굳어진다.,735에서 일회성 공매도 수익은 일본 핵심은행의 지분과 지속 가능한 정권교체 자금망으로 굳어진다.,지분 경영권·금융망 활용; 중의원 해산·일본 총선. 기시다 퇴진·중의원 해산 뒤 일본선거와 중동기습·러우휴전이 같은 시각에 겹칠 위험이 열린다.,기시다 퇴진·중의원 해산 뒤 일본선거와 중동기습·러우휴전이 같은 시각에 겹칠 위험이 열린다. 다음 첫 행동은 736에서 기시다 퇴진·중의원 해산 속 하마스 패러글라이더 침공과 러우 휴전 서명을 동시에 대비한다.,"① 735 L126890~L127049: 금융타워가 일본 3대 은행 지분과 합법적 야권자금 통로를 확보하고 건설사 검은돈을 배제한다. ② 736 L127050~L127212: 기시다 퇴진·중의원 해산 속 하마스 패러글라이더 침공과 러우 휴전 서명을 동시에 대비한다 ③ L126220~L126233;L126383~L126405; predecessor=731화 L126216~L126382: 엔캐리 전액청산이 실행되고 일본에서 빠져나온 자금을 금융타워가 흡수한다.; next=732화 L126383~L126556: 전액상환 충격을 받은 일본 금융청의 30조 엔 대응회의와 미국의 환율관찰국 지정을 확인하고, 일본의 협상요청에 김민재·한 부회장 투트랙으로 대응한다.에서 지급·상대·장소·목표 가운데 둘 이상이 교대한다.",0.96
DCA-N71,러우 휴전·일본 야당과 하마스 민간인 방어,736,739,736,739,4,"김민재, 최재석, 한 부회장, 곤조, 나오토, 콜로노이, 천민정","휴전 서명장, 일본 선거구, 우크라이나, 이스라엘 국경",736 L127050~L127212에서 기시다 퇴진과 중의원 해산이 발표되는 동안 하마스 기습예정일과 러우 휴전시한도 겹친다. 기시다 퇴진·중의원 해산 속 하마스 패러글라이더 침공과 러우 휴전 서명을 동시에 대비한다,각 지역의 현장팀과 정치파트너를 동시에 움직여 세 사건의 실행시각을 맞춘다. 범위 마지막의 AI 드론·PMC가 하마스 기습의 대규모 민간인 학살을 저지한다. 일본 총선승리는 이 화의 새 지급이 아니라 진입 배경이다.까지 실제로 확인할 수 있는가?,일본 정권교체·중동 민간인 보호·유럽 휴전을 같은 날 놓치지 않고 성립시키는 약속. 확인 가능한 지급은 AI 드론·PMC가 하마스 기습의 대규모 민간인 학살을 저지한다. 일본 총선승리는 이 화의 새 지급이 아니라 진입 배경이다.,737 L127213~L127367에서 휴전은 깨질 수 있고 대규모 예금인출은 일본 시민피해와 태우 배후론을 키운다.,일본은행의 감춰진 30조 엔 손실이 드러나며 금융위기가 선거구도를 결정할 폭발물로 바뀐다.,AI 드론·PMC가 하마스 기습의 대규모 민간인 학살을 저지한다. 일본 총선승리는 이 화의 새 지급이 아니라 진입 배경이다.,비밀첩보와 PMC 투입이 실제 생명을 구한 공개성과가 되어 미국에 청구할 비용·보상의 근거가 된다.,739에서 비밀첩보와 PMC 투입이 실제 생명을 구한 공개성과가 되어 미국에 청구할 비용·보상의 근거가 된다.,미국 비용정산·국제보상; 중동 후속안보. 민간인 구조를 위해 쓴 PMC 비용과 약속된 국제보상을 미국이 어떤 범위로 인정할 것인가?,민간인 구조를 위해 쓴 PMC 비용과 약속된 국제보상을 미국이 어떤 범위로 인정할 것인가? 다음 첫 행동은 740에서 미국대사에게 PMC 비용·미국 기업 동등대우·우크라이나 재건 중심권을 받아 낸 뒤 러시아 전후투자를 서두른다.,① 739 L127540~L127739: AI 드론·PMC가 하마스 기습의 대규모 민간인 학살을 저지한다. 일본 총선승리는 이 화의 새 지급이 아니라 진입 배경이다. ② 740 L127740~L127898: 미국대사에게 PMC 비용·미국 기업 동등대우·우크라이나 재건 중심권을 받아 낸 뒤 러시아 전후투자를 서두른다 ③ L127050~L127739; predecessor=735화 L126890~L127049: 금융타워가 일본 3대 은행 지분과 합법적 야권자금 통로를 확보하고 건설사 검은돈을 배제한다.; next=736화 L127050~L127212: 기시다 퇴진·중의원 해산 속 하마스 패러글라이더 침공과 러우 휴전 서명을 동시에 대비한다에서 지급·상대·장소·목표 가운데 둘 이상이 교대한다.,0.96
DCA-N72,하마스 방어 보상을 러시아·미국·일본 질서로 고정,740,744,740,744,5,"김민재, 필립스 미국대사, 로만, 푸틴, 머스크, 트럼프, 곤조, 천민정, 한 부회장","태우 본사, 일본 의회, 크렘린궁, 텍사스 농장, 일본 금융시장, 중국 협상선",740 L127740~L127898에서 세 전선이 계획대로 끝나자 미국대사는 태우가 감당한 PMC 비용과 전쟁종결 대가를 협상한다. 미국대사에게 PMC 비용·미국 기업 동등대우·우크라이나 재건 중심권을 받아 낸 뒤 러시아 전후투자를 서두른다,미국의 보증을 문서화하고 경쟁자가 몰리기 전에 러시아 전후투자 자리를 선점한다. 범위 마지막의 AI 금융플랫폼의 일본 적용준비와 중국진입 투자안이 구체화된다.까지 실제로 확인할 수 있는가?,PMC 전액보전·미국기업 동등대우·우크라이나 재건중심권을 공식 보상으로 받는 약속. 확인 가능한 지급은 AI 금융플랫폼의 일본 적용준비와 중국진입 투자안이 구체화된다.,742 L128081~L128250에서 노골적 후원은 정치개입 비판을 부르고 후보가 바뀌면 이미 건 돈과 관계가 무용해질 수 있다.,아쉬운 처지의 트럼프에게 자금과 머스크 네트워크가 결합되자 태우의 협상력이 가장 크게 먹힌다.,AI 금융플랫폼의 일본 적용준비와 중국진입 투자안이 구체화된다.,전쟁과 금융보복에서 얻은 일본자산이 천민정의 기술을 아시아 표준으로 키울 발판이 된다.,744에서 전쟁과 금융보복에서 얻은 일본자산이 천민정의 기술을 아시아 표준으로 키울 발판이 된다.,"AI 금융플랫폼 일본·중국 확장; 양자·초전도체 아이디어; 김민재·천민정의 관계. 천민정의 AI 금융플랫폼과 중국 투자안이 아시아 표준으로 확장될 동안, 김민재가 떠올린 새 기술·사적 미래는 무엇인가?","천민정의 AI 금융플랫폼과 중국 투자안이 아시아 표준으로 확장될 동안, 김민재가 떠올린 새 기술·사적 미래는 무엇인가? 다음 첫 행동은 745에서 이영한에게 일본·지린 사채망과 북한 장남 세력을 확인한 뒤 김태중이 대북특사를 자청한다.",① 744 L128421~L128566: AI 금융플랫폼의 일본 적용준비와 중국진입 투자안이 구체화된다. ② 745 L128567~L128730: 이영한에게 일본·지린 사채망과 북한 장남 세력을 확인한 뒤 김태중이 대북특사를 자청한다 ③ L127740~L128566; predecessor=739화 L127540~L127739: AI 드론·PMC가 하마스 기습의 대규모 민간인 학살을 저지한다. 일본 총선승리는 이 화의 새 지급이 아니라 진입 배경이다.; next=740화 L127740~L127898: 미국대사에게 PMC 비용·미국 기업 동등대우·우크라이나 재건 중심권을 받아 낸 뒤 러시아 전후투자를 서두른다에서 지급·상대·장소·목표 가운데 둘 이상이 교대한다.,0.96
DCA-N73,김태중 대북특사·횡단철도와 고체배터리 우주확장,745,748,745,748,4,"김민재, 이영한, 최재석, 김태중, 한 부회장, 천민정, 머스크","강 대위 식당, 청와대, 태우 저택, 판문점·평양, 태우 본사","745 L128567~L128730에서 이영한의 보고로 일본과 지린의 사채망, 장남이 만든 북방 세력의 윤곽이 드러난다. 이영한에게 일본·지린 사채망과 북한 장남 세력을 확인한 뒤 김태중이 대북특사를 자청한다",장남의 현지기반을 살리면서 북한이 받아들일 특사와 경제조건을 고른다. 범위 마지막의 우주선용 고체배터리 공장·탈부착 표준이 합의되고 일본 AI 금융플랫폼이 출시된다.까지 실제로 확인할 수 있는가?,개인복수에서 출발한 금융전을 가족의 남북협상과 대륙진출로 마무리하는 약속. 확인 가능한 지급은 우주선용 고체배터리 공장·탈부착 표준이 합의되고 일본 AI 금융플랫폼이 출시된다.,"746 L128731~L128901에서 북한의 변심과 주변국 견제, 김태중 개인의 안전이 모두 합의를 가로막는다.","김태중이 2박3일 특사 일정으로 남북 정상회담뿐 아니라 5개국 회담 약속까지 받아 왔고, 김민재는 평화보다 유럽 육로의 실익을 본다.",우주선용 고체배터리 공장·탈부착 표준이 합의되고 일본 AI 금융플랫폼이 출시된다.,태우의 자금력은 우주 부품과 일본 금융데이터에서 계속 재생산되는 장기동력을 얻는다.,748에서 태우의 자금력은 우주 부품과 일본 금융데이터에서 계속 재생산되는 장기동력을 얻는다.,"우주배터리 공장·반복교체 수익; 일본 플랫폼 확장; 횡단철도 착공. 우주배터리 표준과 일본 AI 플랫폼을 실제 반복수익으로 키우고, 북한 횡단철도 합의를 현장 착공으로 바꿀 수 있는가?","우주배터리 표준과 일본 AI 플랫폼을 실제 반복수익으로 키우고, 북한 횡단철도 합의를 현장 착공으로 바꿀 수 있는가? 다음 첫 행동은 749에서 북한 횡단철도 착공식에서 첫 삽을 뜬 뒤 천민정이 AI로 코로나 치료제와 희귀질병 치료제를 개발한 공로로 노벨 화학상 수상자가 됐다는 소식을 받는다..",① 748 L129070~L129224: 우주선용 고체배터리 공장·탈부착 표준이 합의되고 일본 AI 금융플랫폼이 출시된다. ② 749 L129225~L129398: 북한 횡단철도 착공식에서 첫 삽을 뜬 뒤 천민정이 AI로 코로나 치료제와 희귀질병 치료제를 개발한 공로로 노벨 화학상 수상자가 됐다는 소식을 받는다. ③ L129062~L129077; predecessor=744화 L128421~L128566: AI 금융플랫폼의 일본 적용준비와 중국진입 투자안이 구체화된다.; next=745화 L128567~L128730: 김태중이 대북특사를 자청하고 손자 김민재가 할아버지의 안전보장과 선물을 준비한다.에서 지급·상대·장소·목표 가운데 둘 이상이 교대한다.,0.96
DCA-N74,횡단철도·노벨상과 초음파 조손 가족완성,749,751,749,751,3,"김민재, 천민정, 김태중, 최재석, 한 부회장","북한 횡단철도 착공식, 태우 본사 회의실, 태우 저택, 청와대, 부산 엑스포 행사장",749 L129225~L129398에서 남북 횡단철도 착공식에는 정상·기업·지역주민이 모여 수년간의 북방구상을 지켜본다. 북한 횡단철도 착공식에서 첫 삽을 뜬 뒤 천민정이 AI로 코로나 치료제와 희귀질병 치료제를 개발한 공로로 노벨 화학상 수상자가 됐다는 소식을 받는다.,"횡단철도 착공을 공식화하고 태우 AI 치료제 연구의 세계적 위상을 천민정에게 돌린다. 범위 마지막의 최재석의 수상·정계퇴임, 김태중의 한국 잔류와 가족 곁 선택, 천민정의 임신·결혼 약속과 초음파 사진이 한자리에서 지급된다. 평화상은 손자가 상자째 건네 공을 돌리려 했을 뿐 공식 수상자는 김민재·최재석이다.까지 실제로 확인할 수 있는가?","북한 횡단철도 첫 삽을 뜨고 천민정이 AI로 코로나 치료제·희귀질병 치료제를 개발한 공로로 노벨 화학상을 받는 보상. 확인 가능한 지급은 최재석의 수상·정계퇴임, 김태중의 한국 잔류와 가족 곁 선택, 천민정의 임신·결혼 약속과 초음파 사진이 한자리에서 지급된다. 평화상은 손자가 상자째 건네 공을 돌리려 했을 뿐 공식 수상자는 김민재·최재석이다.",750 L129399~L129568에서 세 사람에게 쏟아지는 언론·정치관심이 천민정과 가족의 평범한 미래를 삼킬 수 있다.,천민정을 숨겨 주는 가장 사적인 순간에 김민재·최재석의 노벨 평화상 공동수상 발표가 겹친다.,"최재석의 수상·정계퇴임, 김태중의 한국 잔류와 가족 곁 선택, 천민정의 임신·결혼 약속과 초음파 사진이 한자리에서 지급된다. 평화상은 손자가 상자째 건네 공을 돌리려 했을 뿐 공식 수상자는 김민재·최재석이다.",복수와 독식으로 버틴 김민재는 할아버지·천민정·태어날 아이와 함께 태우그룹과 가정을 지킬 책임을 선택한다.,751에서 복수와 독식으로 버틴 김민재는 할아버지·천민정·태어날 아이와 함께 태우그룹과 가정을 지킬 책임을 선택한다.,"태우그룹과 새 가정을 함께 지키는 다음 생애. 회귀 뒤 지키려던 할아버지와 사랑하는 사람이 곁에 남았고, 이후의 과제는 얻은 세계와 가정을 함께 책임지는 삶이다.","회귀 뒤 지키려던 할아버지와 사랑하는 사람이 곁에 남았고, 이후의 과제는 얻은 세계와 가정을 함께 책임지는 삶이다. 다음 첫 행동은 후속 Arc 없이 가족과 그룹을 책임지는 삶.",① 김태중의 한국 잔류와 조손 화해 ② 천민정의 임신·결혼과 초음파 사진이 751화 안에서 가족 상태를 바꾼다.,0.96
