sequence,visible_label,title,start_line,end_line,entry_state,reader_promise,protagonist_goal,action,resistance_or_cost,turn_or_reveal,paid_reward,state_change_axis,state_change,ending_hook,closed_loops,opened_loops,arc_id,confidence
"1","ⓚ1화","","1","288","몰락한 성인 도겸이 저택마저 잃기 직전이다.","몰락을 뒤집을 회귀와 마법의 출발점","가문과 삶을 되찾을 수단을 찾는다.","비밀 서재의 금빛 조각상에서 가르틴을 깨운다.","아버지의 죽음과 형·조카의 수탈 기억이 짓누른다.","1996년 중3 몸으로 회귀하고 드래곤 하트를 얻는다.","아버지를 다시 만나 눈물로 공부 의지를 선언한다.","능력·가족","무력한 몰락자에서 마법을 지닌 회귀자로 바뀐다.","기말고사 성적으로 진심을 증명하겠다고 약속한다.","몰락 직전의 보물 탐색","기말 성적 증명과 그룹 장악","A001","high"
"2","ⓚ2화","","289","540","메모라이즈만 가진 중학생으로 시험을 앞둔다.","미래 지식과 마법이 첫 현실 시험을 통과하는 장면","높은 기말 성적으로 공부 선언을 증명한다.","교과서를 암기해 시험을 풀고 부정행위 추궁에 반박한다.","수학 한계와 학생주임의 폭력·컨닝 의심을 감당한다.","학생주임의 촌지와 약점을 역으로 협상 카드로 쓴다.","재시험 없이 사과를 받아낼 주도권을 잡는다.","능력·지위","학교의 피의심자에서 교사를 압박하는 협상자로 바뀐다.","학생주임에게 공식 사과를 요구한다.","메모라이즈의 시험 효용 확인","성적표의 가족 식탁 결산","A001","high"
"3","ⓚ3화","","541","767","학생주임과 대치 중이고 가족은 여전히 도겸을 불신한다.","성적이 아버지의 기대와 자유로 환전되는 보상","학교를 벗어나 IMF 준비 시간을 확보한다.","학생주임 사과를 받고 성적표로 검정고시 계획을 제안한다.","누적 내신과 형들의 조롱·반대가 가로막는다.","전교 30등 성적이 조문홍의 마지막 기대를 되살린다.","검정고시와 자율 공부를 허락받고 유말숙을 만난다.","가족·행동자유","사고뭉치에서 조건부 기대를 받는 아들로 이동한다.","외할머니 유말숙에게 초기 자금을 요구하려 한다.","기말 성적과 진학 약속","10억 투자 협상","A001","high"
"4","ⓚ4화","","768","1009","초기 자금 없이 외가 식당에서 여섯 시간을 기다린다.","끊긴 외가 관계와 첫 자금이 함께 열리는 장면","유말숙에게 IMF 투자금 10억 원을 받는다.","상속 담보와 미래 위기 논리를 제시해 투자를 설득한다.","오랜 단절과 미성년자라는 불신을 넘는다.","유말숙이 사과 상자 현금과 직접 끓인 김치찌개를 내준다.","10억 원과 첫 1서클 마법 슬립을 얻는다.","자산·가족·능력","무자본 외손자에서 유말숙의 투자와 밥상을 받은 후계 후보가 된다.","10억을 달러로 바꿀 성인 실행자가 필요하다.","유말숙과의 첫 투자 협상","황연우 영입과 환전","A002","high"
"5","ⓚ5화","","1010","1254","현금은 확보했지만 미성년자라 환전 실행이 어렵다.","미래의 유능한 사람을 먼저 구해 자기 편으로 만드는 보상","황연우를 고용하고 10억 전액 환전을 시작한다.","황연우의 실패 시점을 찌르고 선불 500만 원과 휴대폰을 준다.","사채와 불신에 찌든 황연우가 어린 도겸을 믿지 않는다.","슬립으로 유말숙에게 네 시간 숙면을 주자 관계까지 누그러진다.","황연우라는 첫 실무자와 유말숙의 부엌 협력을 얻는다.","관계·조직","혼자 계획하던 도겸에게 실행자와 외가 거점이 생긴다.","환전 속도와 황연우의 충성도가 시험받는다.","성인 실행자 영입","달러 확보와 슬립 수익화","A002","high"
"6","ⓚ6화","","1255","1493","환전은 진행 중이고 마법은 아직 돈으로 검증되지 않았다.","마법이 사람의 결핍과 현금 수익으로 동시에 바뀌는 장면","달러를 확보하고 독자적인 현금흐름을 만든다.","병원 VIP 불면 환자들을 슬립으로 재워 봉투 수익을 얻는다.","미성년자의 접근 한계와 환전 실무 비용이 든다.","황연우가 평균 850원에 117만6천 달러를 확보한다.","주간 약 1천만 원 수익과 황연우 성과금 지급이 성립한다.","자산·관계·능력","투자금 보유자에서 마법 수익과 달러를 운용하는 고용주가 된다.","유말숙이 부른 홍 부장과 공매도를 시작한다.","10억 달러 환전과 슬립 수익 검증","영보철강 공매도","A002","high"
"7","ⓚ7화","","1494","1737","달러와 실행팀은 있지만 공매도 실적은 없다.","미래 기억을 거액 시장 승부로 검증하는 긴장","영보철강 하락에 10억 원을 건다.","10만2912주를 빌려 평균 9730원에 전량 매도한다.","서류 위조 위험과 예상 밖 주가 상승으로 장부 손실 1억5천만 원을 본다.","미래 기억을 믿던 도겸도 손을 떨 만큼 상승세가 지속된다.","홍 부장·주식동아리의 거래망을 확보한다.","자산·위험","첫 거액 공매도가 성공 직전이 아니라 실제 손실 위험에 들어간다.","기억이 틀렸을 가능성을 버티며 하락을 기다린다.","공매도 실행망 구축","영보철강 하락 확인","A003","high"
"8","ⓚ8화","","1738","2003","영보철강 상승으로 거액 장부 손실을 견딘다.","버틴 미래 지식이 수익과 사람의 마음으로 돌아오는 보상","하락을 확인하고 황연우를 완전히 자기 편으로 만든다.","포지션을 유지하고 연말 식사와 부모 건강검진을 마련한다.","황연우는 5억을 들고 도망칠 유혹을 겪는다.","주가는 6800원까지 하락하고 황연우 부모가 처음 호사를 누린다.","3억 이상 평가이익과 가족 같은 연말 밥상을 얻는다.","자산·관계","불안한 고용 관계가 부모 효도를 매개로 신뢰 쪽으로 기운다.","정밀검진 마지막 날 황연우가 눈물을 흘린 이유가 남는다.","주가 상승 공포","부모 검사 결과와 공매도 상환","A003","high"
"9","ⓚ9화","","2004","2234","공매도 이익은 열렸고 황연우 부모의 검사 결과가 남아 있다.","돈을 넘어 생명을 구한 신뢰와 5억 차익 결산","영보철강 포지션을 안전하게 닫는다.","용종 검사를 지시하고 홍 부장과 조기 상환 조건을 협상한다.","부도 직전 기관의 개미 떠넘기기와 거래 접근권 문제가 있다.","황연우 아버지의 암 전 단계 용종을 발견해 미래 후회를 없앤다.","약 5억 차익·미래 거래 접근권·2서클 그리스를 얻는다.","자산·관계·능력","황연우가 고용인에서 생명의 은인에게 충성하는 오른팔로 변한다.","호주 축구와 그리스 마법을 결합할 기회가 보인다.","영보철강 공매도와 황연우 배신 가능성","호주 토토 승부","A003","high"
"10","ⓚ10화","","2235","2478","공매도는 끝났지만 가족은 도겸을 무능한 늦둥이로 본다.","가족 선물을 이용해 해외에서 새 마법 수익을 만드는 장면","호주 여행을 얻고 한국 승리에 1억 원을 건다.","졸업 식사에서 방심을 유도하고 감시자를 슬립으로 재운다.","형의 감시와 경기 결과를 모른다는 불확실성이 있다.","도겸은 결과를 기억하는 대신 그리스로 직접 결과를 만들기로 한다.","조문홍에게 호주 여행과 황연우 동행을 허락받는다.","가족·자산","졸업 선물이 형의 감시를 뚫는 사업 현장으로 바뀐다.","세 시간 안에 한국 승리 토토 1억 원을 분산 매수한다.","졸업 선물 협상","호주전 조작과 토토 회수","A004","high"
"11","ⓚ11화","","2479","2749","한국 승리 토토 1억 원을 산 채 경기가 시작된다.","그리스와 디그가 경기 결과와 현금으로 환전되는 보상","한국을 이기게 하고 검정고시 준비 자유를 지킨다.","그리스·디그로 결정적 공 흐름을 바꾼다.","마법 조절 실패 위험과 귀국 후 형들의 기숙학원 압박이 따른다.","한국이 이겨 1억 원이 2억 원이 되고 조문홍은 평균 50점 조건을 건다.","자산 약 16억 원과 조건부 자율 공부를 얻는다.","자산·행동자유","해외 일회성 승부가 학업 자유를 위한 새 조건으로 전환된다.","집중력이 부족한 상태에서 검정고시를 준비해야 한다.","호주 토토 승부","마법진 학습과 검정고시","A004","high"
"12","ⓚ12화","","2750","3030","자율 공부를 얻었지만 집중력과 수학 이해가 부족하다.","공부 마법진과 더 큰 공매도가 동시에 성과를 내는 전개","검정고시를 통과할 학습 체계를 만든다.","MC 스퀘어를 새기고 한미그룹에 20억 원을 공매도한다.","장시간 집중과 거액 숏 포지션의 위험을 감수한다.","하루 9시간 학습이 가능해지고 한미그룹 부도로 약 20억을 번다.","공부 지속력과 100억 공매도 한도를 확보한다.","능력·자산","즉흥 암기에서 지속 가능한 학습·투자 체계로 올라선다.","검정고시 실제 성적과 다음 100억 승부가 남는다.","집중력 병목과 한미그룹 공매도","검정고시 99점과 지안자동차","A005","high"
"13","ⓚ13화","","3031","3307","검정고시와 한미그룹 공매도 결과를 기다린다.","점수·돈·아버지 포옹이 한 장면군에서 결산되는 보상","검정고시 약속을 압도적으로 지키고 다음 규모로 간다.","초보 마법진으로 이해력을 보정하고 황연우에게 성과금을 준다.","형들이 결과를 의심하고 아버지의 기대를 깎으려 한다.","평균 99점이 나오자 조문홍이 식탁에서 도겸을 안아 준다.","가족 인정과 지안자동차 100억 공매도 진입을 얻는다.","가족·자산·능력","조건부 기대가 신체적 포옹으로 확인되고 시장 판돈은 다섯 배 커진다.","조카가 고용한 유도부가 도겸을 습격한다.","검정고시 자유 약속","가족 폭력과 지안자동차 수익","A005","high"
"14","ⓚ14화","","3308","3583","검정고시 성공 직후 조민형의 유도부에게 포위된다.","마법과 육탄전으로 가족의 대리 폭력을 역전하는 장면","습격을 끝내고 수능 준비 자원을 연다.","디그·그리스와 격투로 10명을 제압하고 배후를 매수해 확인한다.","다수 폭력과 조카와의 공개 충돌 비용이 있다.","배후가 조민형임을 확인하고 현상범 수익용 디텍트 포스를 고른다.","조민형을 겁먹게 하고 공격 주도권을 되찾는다.","가족갈등·능력","가족의 만만한 표적에서 조카를 직접 압박하는 상대가 된다.","탈옥수 이신창의 흔적을 탐지하려 한다.","유도부 습격과 배후 확인","이신창 추적","A006","high"
"15","ⓚ15화","","3584","3881","디텍트 포스는 열었지만 탈옥수의 정확한 위치가 없다.","전국 추적 마법이 구체적인 문 앞까지 좁혀지는 과정","이신창을 찾아 현상금을 얻는다.","머리카락을 100만 원에 사고 황연우와 전국을 운전하며 탐지한다.","20km 탐지 반경과 장거리 이동·학습 병행 비용이 든다.","별장 301호로 위치를 특정하고 잠긴 문용 오픈을 개방한다.","현상범의 문 앞까지 도달한다.","능력·위치","막연한 전국 수색이 단일 방과 진입 수단으로 좁혀진다.","무장한 탈옥수를 직접 제압해야 한다.","이신창 위치 탐색","현상범 체포","A006","high"
"16","ⓚ16화","","3882","4171","무장 탈옥수의 방 앞에 서 있다.","위험한 체포가 현금·명예·가족 신뢰로 돌아오는 보상","이신창을 생포하고 자유 공부를 지킨다.","오픈·그리스·격투·슬립으로 제압해 경찰에 넘긴다.","칼에 찔릴 위험과 형들의 기숙학원 재압박을 겪는다.","도겸은 학벌이 자기 방패라는 솔직한 이유로 아버지를 설득한다.","현상금 5천만 원·표창·황연우 보너스와 공부 자율을 얻는다.","자산·명예·가족","돈 버는 소년에서 공적 표창을 받은 자율 수험생으로 변한다.","지안자동차 공매도 결산과 수능 300점 목표가 기다린다.","이신창 체포와 학원 갈등","IMF 투자·수능 동시 승부","A006","high"
"17","ⓚ17화","","4172","4436","체포 보상은 얻었지만 수능 실력과 더 큰 자산이 필요하다.","거액 공매도와 지속 마법진의 동시 성장","지안 수익을 회수하고 공부 마법진을 장기화한다.","지안자동차 숏을 닫고 배터리식 마나석 장치를 만든다.","100억 단위 위험과 첫 모의고사 300점의 한계를 확인한다.","지안에서 약 70억을 벌고 해치그룹에 100억을 다시 건다.","장시간 공부 장치와 자산 확대 기반을 얻는다.","자산·능력","단발 마법진이 지속 장치로, 20억 승부가 100억 승부로 커진다.","해치 부도와 수능 만점권 진입을 노린다.","지안자동차 공매도","해치그룹·3서클","A007","high"
"18","ⓚ18화","","4437","4663","해치그룹 100억 숏과 300점대 수능 실력이 진행 중이다.","돈이 조직과 상위 마법으로 바뀌는 단계 상승","해치 수익을 회수하고 수능용 능력을 연다.","해치 부도를 수익화하고 홍 부장을 DK 사장으로 영입한다.","조도훈의 감시 오해와 거액 자금의 노출 위험이 있다.","자산 약 180억이 드래곤 하트를 3서클로 올린다.","DK인베스트먼트와 언어 마법·2천만 달러를 확보한다.","조직·능력·자산","개인 투자자에서 사장과 법인을 둔 3서클 운용자로 바뀐다.","수능과 IMF 환율 정점이 동시에 다가온다.","해치그룹 공매도","수능 만점과 달러 환전","A007","high"
"19","ⓚ19화","","4664","4921","수능용 언어 마법과 약 2천만 달러를 준비했다.","시험과 IMF 환율이 같은 날의 인생 자산으로 결산되는 전개","수능을 치르고 달러를 고점에 판다.","마법진으로 문제를 풀고 유말숙 식당에서 대량 달러를 매각한다.","시험 시간 압박과 혼란한 외환 거래망을 감당한다.","평균 1800원 매각으로 자산이 360억 원이 된다.","시험 완료와 360억 원 현금 자산을 얻는다.","자산·학업","IMF를 기다리던 투자 계획이 실현되고 성적 발표만 남는다.","수능 만점 여부와 가족 반응이 남는다.","달러 매입·매각","전국 유일 만점과 아버지 확인","A007","high"
"20","ⓚ20화","","4922","5198","360억 원은 확보했지만 수능 결과와 가족 평가는 미확정이다.","전국 수석이 식탁·본사·포옹으로 보이는 인정 보상","만점을 확인하고 아버지에게 직접 증명한다.","성적을 확인하고 팀에 성과금을 준 뒤 세운 본사로 간다.","형들의 불신과 이전 사고뭉치 평판이 남아 있다.","전국 유일 400점 만점이 공식 확인된다.","유말숙의 미소·경비의 인사·조문홍의 포옹을 얻는다.","명예·가족·지위","숨은 투자자에서 전국이 아는 수석이자 회장이 자랑할 아들이 된다.","조문홍이 도겸을 경제포럼에 데려간다.","수능·IMF 투자 루프","공개 후계 인정과 부동산 진출","A007","high"
"21","ⓚ21화","","5199","5441","전국 수석으로 가족 내부 인정을 막 얻었다.","아버지의 공개 자랑과 식탁 대우 변화","수석의 이름값을 사회적 신용으로 바꾸고 다음 사업을 찾는다.","경제포럼에 참석하고 가족 식탁에서 투자 계획을 검토한다.","교수들의 시험과 형들의 질투를 견딘다.","조문홍이 황연우에게 직접 생선을 발라 주며 도겸의 사람까지 인정한다.","재계 네트워크와 가족 내 공개 자랑을 얻는다.","가족·명예·관계","개인적 포옹이 사회 공개와 측근 대우 변화로 확대된다.","법원 경매 물건을 마법으로 선점하려 한다.","수능 수석의 가족 결산","부동산 경매와 백두빌딩","A008","high"
"22","ⓚ22화","","5442","5708","360억 현금을 들고 부동산 경매에 처음 진입한다.","투시 마법이 건물 소유권으로 바뀌는 물질 보상","낙찰 우위를 만들고 핵심 빌딩을 확보한다.","클레어보이언스로 봉인 입찰가를 읽어 100원 차 낙찰을 반복한다.","대출 50억과 재방파의 추적 위험이 생긴다.","유말숙이 부실매물 인맥을 열고 백두빌딩을 188억2천만 원에 낙찰받는다.","주택 묶음과 선릉 핵심 빌딩을 얻는다.","자산·위치·관계","현금 투자자에서 실제 건물주로 이동하고 외가 인맥도 깊어진다.","재방파가 도겸을 뒤쫓는다.","경매 진입","소유권 확정과 DK 거점","A008","high"
"23","ⓚ23화","","5709","5980","백두빌딩 낙찰 뒤 재방파 추적을 받는다.","빈 건물이 회사와 팀의 물리적 본거지가 되는 전개","소유권을 지키고 DK 운영 조직을 만든다.","추적을 피하고 상층을 사무실·나머지를 공유사무실로 설계한다.","대형 건물 공실과 회계 인력 부재가 비용이다.","미래 비자금 전문가 김건웅을 영입 대상으로 특정한다.","백두빌딩 소유권과 S대 진학 통과를 확정한다.","조직·자산·학업","투자 자산이 DK 사무실과 임대 사업으로 기능하기 시작한다.","재방파에 묶인 김건웅을 빼내야 한다.","백두빌딩 취득","김건웅 구출·채용","A008","high"
"24","ⓚ24화","","5981","6264","김건웅은 재방파 노예계약 때문에 이직할 수 없다.","고위 마법 전투가 유능한 사람의 자유와 충성으로 환전되는 장면","계약서를 회수해 김건웅을 채용한다.","윈드 애로우·번개·슬립으로 조직원을 제압하고 계약서를 없앤다.","조폭과의 정면 충돌과 마법 노출 위험을 감수한다.","홍 사장이 도겸의 자수성가 실적을 밝히자 김건웅이 새 주인을 인정한다.","천재 회계사와 비자금 추적 역량을 얻는다.","조직·관계·능력","김건웅이 범죄조직의 도구에서 DK 핵심 회계사로 이동한다.","김건웅을 투입할 금 거래 기회가 열린다.","김건웅의 노예계약","금 거래 수익과 4서클","A008","high"
"25","ⓚ25화","","6265","6503","백두빌딩과 핵심팀은 갖췄지만 새 수익 검증이 필요하다.","국가 캠페인의 허점을 50억과 상위 서클로 바꾸는 보상","금 거래를 끝내고 제조업 진입 자금을 만든다.","금 모으기 거래의 반복 허점을 홍·김·황과 실행한다.","법적·평판 위험과 다인 협업 비용이 있다.","약 50억 수익이 4서클 가능성과 S대 합격으로 함께 결산된다.","김건웅 3천만 원 보너스·500원 주화 4천 개·세운음향 인수 목표를 얻는다.","자산·능력·조직","초기 DK 팀이 실제 50억 프로젝트를 완수한 조직으로 굳어진다.","적자 세운음향을 인수해 제품을 만들려 한다.","금 거래와 S대 합격","세운음향 인수","A008","high"
"26","ⓚ26화.","","6504","6750","공유사무실 수익이 안정되고 S대 신입생이 된다.","대학 생활이 투자·제조업 인맥으로 연결되는 전개","세운음향 인수와 대학 인재 탐색을 병행한다.","건물 계약을 늘리고 OT에서 교수·선배와 맞선다.","적자 제조사와 음주 군기라는 새 환경 비용이 있다.","월 빌딩 수익 약 2억 원과 세운음향의 MP3 잠재력이 확인된다.","대학생 신분과 4개 빌딩 사업 기반을 얻는다.","학업·자산·지위","검정고시생에서 대학·사업을 동시에 굴리는 신입생이 된다.","OT 술 대야와 투자자를 찾는 이택수가 등장한다.","공유사무실 초기 안정","OT 인정과 게임 투자","A009","high"
"27","ⓚ27화.","","6751","7053","OT 음주 군기 속에서 동기들과 함께 압박받는다.","아버지의 물질 지원이 공동 식탁과 대학 위상을 바꾸는 보상","동기를 지키고 미래 게임회사 지분을 선점한다.","술을 대신 마시고 조문홍의 고급 술·호텔 뷔페를 모두와 나눈다.","과음과 선배 권력, 검증 안 된 대학원생 투자 위험이 있다.","이택수에게 20억 원·무료 사무실을 주고 지분 15%를 얻는다.","동기들의 인정과 미래 게임 지분·외가 건물 확장을 얻는다.","관계·자산·명예","아버지의 지원이 개인 특혜가 아니라 공동 잔치와 투자 기회로 전환된다.","세운음향 인수 협상이 시작된다.","OT 군기와 이택수 투자","세운음향 매지션 제품","A009","high"
"28","ⓚ28화.","","7054","7292","게임 지분과 빌딩은 확보했지만 세운음향은 적자다.","마법이 소비자가 들을 수 있는 프리미엄 제품이 되는 장면","세운음향을 인수하고 흑자 제품의 원형을 만든다.","78억 원에 인수하고 CD플레이어에 인스크립션·사일런스를 적용한다.","노후 공장·낮은 브랜드 가치와 마법 비밀 유지 비용이 있다.","양덕훈을 발견하고 잡음 없는 소리를 특수 도료로 위장한다.","매지션 제품·MP3·미래 스마트폰 특허 개발선이 열린다.","사업·능력·조직","부동산·금융 중심 DK가 제조 제품과 연구 조직을 갖는다.","고가 매지션 제품이 시장에서 팔리는지 시험한다.","세운음향 인수","매지션 흑자와 대량 마나석","A009","high"
"29","ⓚ29화.","","7293","7543","마법 오디오 시제품은 있으나 적자 회사의 시장 검증이 안 됐다.","청음 가능한 우위가 프리미엄 가격과 해외 주문으로 돌아오는 보상","세운음향을 흑자로 돌리고 생산을 확장한다.","비교 청음·한정판·25만 원 가격으로 CD·이어폰·스피커를 판다.","국내 사치 비판 가능성과 마나석 생산의 전력 흔적이 쌓인다.","적자가 이익으로 바뀌고 해외 주문이 들어오지만 한전이 전력을 의심한다.","세운음향 흑자와 공유사무실 52개 건물을 얻는다.","사업·자산·위험","적자 인수가 프리미엄 수출 제조사로 전환되지만 비밀 생산이 노출된다.","한전 감시를 피할 마나석 자동 생산이 필요하다.","매지션 시장 검증","자동 생산과 산업 스파이","A009","high"
"30","ⓚ30화.","","7544","7794","주문은 늘었지만 마나석 수작업과 전력 감시가 병목이다.","생산 자동화와 아버지의 입학식 축하가 동시에 터지는 보상","마나석을 대량 생산하고 S대 입학을 공개 결산한다.","중급 마법진 창고를 만들고 생산을 자동화한다.","설비 화재·산업 스파이 위험과 조카의 질투가 커진다.","하루 288개 생산과 월 사업이익 약 21억 원을 달성한다.","가족·언론이 모인 입학식과 호텔 축하 식사를 얻는다.","사업·가족·능력","은밀한 수작업 제조가 자동 설비로, 개인 합격이 공개 가족 행사로 커진다.","마나석 창고가 불타고 일본 측 침입 흔적이 남는다.","마나석 생산 병목과 입학 결산","침입자 추적과 특허 방어","A009","high"
"31","ⓚ31화.","","7795","8060","마나석 창고가 불타고 제품 비밀이 유출될 위기다.","도난품 회수 뒤 기술 우위를 특허로 잠그는 역전","침입자를 추적하고 미래 제품 자산을 방어한다.","디텍트 포스·타깃 온·윈드 애로우로 추적해 마나석 20개를 되찾는다.","침입자의 중상·의문사와 국제 경쟁사의 탐색이 부담이다.","도겸은 생산을 분산·증설하고 터치·핀치 줌·둥근 폰 특허를 제시한다.","마나석 회수와 스마트폰 선행 특허·시제품 노선을 얻는다.","기술·자산·위험","단일 제품 비밀 방어에서 차세대 기기 특허 선점으로 단계가 오른다.","대학 수업과 공유사무실 공실 활용이 새 과제가 된다.","창고 화재·일본 절도","독서실 신사업","A009","high"
"32","ⓚ32화.","","8061","8317","제조업은 안정됐지만 대학 공부와 빌딩 공실이 남는다.","공실이 학생 성적과 월수익으로 동시에 바뀌는 보상","마법진 독서실을 새 현금흐름으로 만든다.","공유사무실 공실에 초보 마법진을 깔고 환불 보장을 건다.","월 40만 원의 고가 정책과 조기졸업 학업을 병행한다.","집중 효과로 만석·월 약 2억 원을 만들지만 임승호가 사업을 훔친다.","DK 독서실 브랜드와 반복 수익을 얻는다.","사업·능력","빈 공간이 학습 성과를 파는 매장으로 바뀌고 모방 갈등이 열린다.","도겸이 승호빌딩 마법진을 꺼 사흘 만에 환불 사태를 만든다.","공실 활용","임승호 응징과 법무팀","A010","high"
"33","ⓚ33화","","8318","8559","도용 업체가 환불 사태를 맞았지만 임승호는 버틴다.","배신한 건물주가 상권·법률 양쪽에서 대가를 치르는 전개","임승호를 퇴출하고 법무 역량을 확보한다.","저농도 포이즌 포그로 악취·부패를 만들고 변호사들을 고용한다.","세입자 피해와 언론의 매지션 사치 비판을 관리해야 한다.","세입자 이전·소송이 DK 법무팀 영입으로 바뀐다.","법무팀과 매지션 수출 집중 전략을 얻는다.","조직·사업·관계","개인 응징이 장기 법률 조직과 해외 판매 전략으로 전환된다.","임승호의 다른 건물까지 무너뜨릴 계획을 세운다.","독서실 도용 1차 반격","승호빌딩 경매와 SNS 인재","A010","high"
"34","ⓚ34화.","","8560","8839","임승호는 첫 건물 문제에도 다른 자산으로 버티려 한다.","무익한 응징조차 조직 확장과 마법 성장으로 남는 결산","임승호를 완전히 무너뜨리고 SNS 개발자를 얻는다.","대전 건물까지 포이즌 포그로 압박하고 서광수를 장기 조건으로 영입한다.","직접 수익이 없는 복수와 큰 미래 보상 약속을 부담한다.","두 건물이 경매로 넘어가고 드래곤 하트도 응징을 성과로 인정한다.","서광수의 SNS 개발 착수와 조직 충성 계약을 얻는다.","조직·능력·자산","도용 분쟁이 끝나고 DK에 기술 창업 축이 생긴다.","병역 의무를 해결할 새로운 방법을 찾아야 한다.","임승호 도용 응징","아시안게임 금메달 도전","A010","high"
"35","ⓚ35화.","의무를 수행하라.","8840","9120","사업은 성장했지만 병역 의무가 경영 시간을 끊을 수 있다.","마법 신체 능력이 병역특례의 현실 경로로 변하는 장면","아시안게임 금메달 도전 체계를 만든다.","헤이스트·윈드로 100m 기록을 재고 세운음향 육상팀을 창설한다.","공식 기록·도핑 의심과 전문 훈련이 필요하다.","10초7 가능성을 본 한국기록 보유자 서훈이 감독으로 합류한다.","계약금 1억·연봉 1억의 국가급 코치와 공식 팀을 얻는다.","조직·능력·의무","개인 마법 묘기가 국가대표·병역특례 프로젝트로 제도화된다.","서울 대회에서 공식 기록을 내야 한다.","병역 해결 경로 선택","한국기록 도전","A011","high"
"36","ⓚ36화.","예선","9121","9393","서훈과 훈련했지만 공인 성적이 없다.","힘을 숨기다 결승에서 한국기록을 찍는 스포츠 보상","서울 대회에서 국가대표 가능성을 증명한다.","예선은 12초대로 조절하고 결승에서 헤이스트·윈드를 쓴다.","마법 노출과 지나치게 빠른 기록의 의심을 조절해야 한다.","10초34로 서훈의 한국기록과 타이를 이룬다.","DK 식구들의 환호와 제주 선발전 자격을 얻는다.","명예·능력·관계","무명 대학생에서 국내 최정상 단거리 선수로 급상승한다.","제주 국가대표 선발전에서 기록을 더 줄여야 한다.","서울 대회 공식 검증","국가대표 선발과 가족 식탁","A011","high"
"37","ⓚ37화.","선발전","9394","9659","한국기록 타이 뒤 국가대표 선발을 앞둔다.","비공인 초고속 기록과 아버지의 한 점 고기가 만드는 인정","대표팀 자유 훈련권을 얻고 가족에게 성과를 나눈다.","제주에서 10초18을 달리고 도핑 검사·협회 협상을 통과한다.","풍력 초과와 선수촌 통제, 형들의 질투가 따른다.","조문홍이 소고기를 직접 숟가락에 놓고 도겸은 사랑을 말한다.","국가대표 선발·외부 훈련권·부자 친밀감을 얻는다.","명예·가족·행동자유","국내 기록 보유 후보가 국가대표가 되고 아버지의 신체적 돌봄을 받는다.","배우 송혜선이 형들이 만든 성추문 함정으로 접근한다.","국가대표 선발과 가족 축하","성추문 역공","A011","high"
"38","ⓚ38화.","스캔들","9660","9958","국가대표가 됐지만 송혜선이 의도적으로 접근한다.","형의 성추문 공작을 정보전과 카지노 판으로 뒤집는 전개","함정의 배후와 증거를 확보한다.","퍼밀리어 비둘기로 불륜 공모를 듣고 홍콩 VIP 카지노에 들어간다.","연예인 스캔들과 거액 도박판의 평판 위험이 있다.","송혜선·조도영의 관계를 확정하고 클레어보이언스로 판을 통제한다.","형에게 역공할 녹음·도박 환경을 만든다.","정보·가족갈등·능력","수동적 스캔들 표적에서 함정 설계자로 위치가 뒤집힌다.","송혜선을 거액 포커판에서 파멸시킬 승부가 시작된다.","송혜선 공모 확인","카지노 역공과 아시안게임 방해","A012","high"
"39","ⓚ39화.","파멸","9959","10260","송혜선을 카지노 큰 판에 끌어들였다.","형의 정부와 함정이 서로를 파괴하는 통쾌한 역공","송혜선에게 조도영의 약점을 받아 스캔들을 제거한다.","포커로 거액 손실을 만들고 30억 칩을 대가로 녹음을 산다.","수백억 판돈과 증거 공개 시 가족전쟁 위험을 감수한다.","녹음을 받은 조도영이 직접 송혜선의 광고·집·차와 커리어를 끊는다.","성추문 위협 제거와 형제 사이 불신을 만든다.","가족갈등·정보·지위","공격자 송혜선은 파멸하고 조도영의 공작망은 자해한다.","아시안게임 이동 중 음식에 약물이 들어간다.","성추문 함정","도핑 공작과 금메달","A012","high"
"40","ⓚ40화.","도핑 테스트","10261","10592","성추문은 막았지만 아시안게임 직전 새 공작을 받는다.","도핑과 골절을 모두 정화·치유해 결승에 서는 생존 보상","검사에 통과하고 일본 10초00을 이길 몸을 만든다.","퓨리피케이션으로 약물을 씻고 장비 인스크립션 뒤 골절을 힐로 복구한다.","반복 구토·정화와 정강뼈 골절이라는 육체 비용이 크다.","약물 검사 통과 뒤에도 청부 습격이 이어져 형의 집착이 드러난다.","10초30 한국신기록과 하룻밤 완치·9초대 준비를 얻는다.","능력·명예·생존","도핑 피해자에서 모든 방해를 견딘 결승 우승 후보로 이동한다.","다친 줄 아는 형 앞에서 결승 9초대 기록을 보여줘야 한다.","도핑 검사와 골절 회복","아시안게임 금메달","A012","high"
"41","ⓚ41화.","신기록","10593","10827","작은형은 도겸이 골절로 탈락했다고 믿는다.","9초99 금메달과 대표님 호칭이 함께 터지는 최고점","금메달을 따고 육상에서 자연스럽게 빠져나온다.","결승에서 장비 마법을 쓰고 우승 뒤 부상을 연기한다.","마법 노출·선수 경력 구속과 과도한 기대를 피해야 한다.","9초99 아시안게임 기록 뒤 십자인대 부상 은퇴 서사를 만든다.","금메달·병역특례 명분과 DK의 대표님 호칭을 얻는다.","명예·의무·관계","병역 문제를 해결한 국가 영웅이자 공식 내부 대표로 올라선다.","금메달 이름값으로 스타벅스 한국 사업을 협상한다.","아시안게임 금메달·병역특례","스타벅스 진출","A012","high"
"42","ⓚ42화.","이름값","10828","11076","금메달은 얻었지만 DK는 미국 협상에서 무명이다.","스포츠 명성이 글로벌 사업 신용으로 환전되는 장면","스타벅스 한국 권리를 따고 1호점을 연다.","시애틀에서 200억 원 전액 투자 조건을 내고 부동산을 담보로 잡는다.","낮은 회사 인지도와 로열티·대출이자 부담이 있다.","태국인 직원이 금메달리스트이자 세운가 아들임을 알아봐 협상이 급진전한다.","로열티 5%·지분 17% 조건과 이화여대 1호점을 얻는다.","사업·명예·자산","국내 스포츠 이름값이 해외 프랜차이즈 계약의 신용이 된다.","히프노시스 커피가 손님은 모으지만 수익성을 증명해야 한다.","미국 본사 협상","스타벅스 점포 확장","A013","high"
"43","ⓚ43화.","프리미엄","11077","11314","1호점은 붐비지만 비싼 임대료로 즉시 흑자가 아니다.","외할머니의 건물과 커피 프리미엄이 함께 커지는 보상","점포 고정비를 낮춰 10호점까지 확장한다.","유말숙에게 로비 무상 사용과 수익 배분을 제안한다.","대출이자와 타 건물주의 모방·거절이 부담이다.","몰래 1호점을 본 유말숙이 제안을 받아들이고 애정 섞인 핀잔을 준다.","10개 점포와 건물 유동인구·가족 협업을 얻는다.","사업·가족·관계","비싼 단일 매장이 외가 부동산과 결합한 확장 모델로 바뀐다.","20개점 규모에도 200억 대출이자가 압박한다.","스타벅스 1호점 수익성","IT 투자로 부채 해소","A013","high"
"44","ⓚ44화.","IT 광풍(1)","11315","11579","스타벅스 20개점 이익과 대출이자 6억 원이 맞선다.","마지막 2억이 IT 광풍의 거액 지분으로 커지는 긴장","부채를 갚을 단기 폭발 수익을 만든다.","한국앤컴퓨터로 11억을 만든 뒤 새롬기술 33만 주를 산다.","마지막 유동 현금과 버블 붕괴 시 전액 손실 위험을 건다.","평균 3300원 매수 뒤 주가가 급등하기 시작한다.","IT 버블 핵심 포지션과 하버드 교환학생 기회를 얻는다.","자산·학업","고정이자에 눌리던 사업가가 버블 상승의 대주주급 투자자가 된다.","새롬기술을 언제 팔지와 하버드행이 남는다.","스타벅스 초기 확장","IT 차익 실현","A014","high"
"45","ⓚ45화.","IT 광풍(2)","11580","11826","새롬기술 거액 지분을 보유하고 하버드 출국을 준비한다.","버블 정점 매도가 부채 청산과 팀의 현금 가방으로 보이는 보상","주식을 고점에 팔고 창업팀을 보상한다.","17만 원에 전량 매도하고 200억 빚을 갚는다.","정점 판단 실패 위험과 해외 진출 비용이 있다.","약 561억 원을 만들고 창업 멤버마다 100만 달러를 지급한다.","무차입 기반·팀 충성·하버드 진입을 얻는다.","자산·관계·학업","대출에 묶인 확장기가 현금 361억 이상과 보상받은 핵심팀으로 바뀐다.","하버드에서 서광수의 SNS 구상을 글로벌화하려 한다.","IT 주식·스타벅스 부채","하버드 SNS 창업","A014","high"
"46","ⓚ46화.","SNS","11827","12061","부채를 갚고 서광수와 하버드에 도착했다.","실연한 학생과의 술자리가 글로벌 SNS와 귀국 환대로 바뀌는 전개","개방형 SNS를 만들고 세운그룹 잠입을 준비한다.","마이크에게 200만 달러·지분 50%를 주고 롤 북을 개발한다.","낯선 시장·공동창업 신뢰와 석 달의 시간 제한이 있다.","하버드 사용자 2천 명을 모으고 귀국하자 황연우가 현수막으로 맞는다.","글로벌 SNS 지분과 성장한 DK를 뒤에 둔 세운 공채 계획을 얻는다.","사업·관계·지위","해외 투자자가 글로벌 공동창업자가 되고 귀국 뒤 그룹 신입을 택한다.","세운그룹 공채에서 특혜 없이 합격해야 한다.","하버드 SNS 시제품","세운 공채 입사","A014","high"
"47","ⓚ47화.","신입사원(1)","12062","12300","DK 대표이지만 세운그룹에는 일반 지원자로 들어간다.","압도적 이력도 신입 절차를 통과해야 인정받는 장면","공채에 합격해 세운건설 배치를 얻는다.","서류·적성·압박·회장 면접을 모두 정면 통과한다.","아버지 특혜 의심과 잡일을 견딜지에 대한 시험이 있다.","조문홍이 최종 면접에서 직접 묻고도 정상 합격을 승인한다.","세운그룹 공채 합격과 건설 배치 방향을 얻는다.","지위·가족·직업","숨은 대표에서 공식 신입사원으로 낮은 자리부터 오를 권리를 얻는다.","실제 신입 교육과 부서 배치가 기다린다.","세운 공채 전형","현장 신입 검증","A015","high"
"48","ⓚ48화.","신입사원(2)","12301","12545","화려한 이력과 달리 교육·부서에서는 평범한 신입이다.","재벌 늦둥이가 잡일을 실제로 수행하고 첫 실무를 받는 전개","특혜 의심 없이 프로젝트팀의 일을 얻는다.","군무·회식·청소·창문·커피 업무를 하고 스타벅스 배달도 붙인다.","자존심을 접고 2주간 반복 잡일을 감수한다.","최 대리가 폭행당한 지주 작업을 도겸에게 맡긴다.","프로젝트팀 배치와 첫 토지 동의서 과제를 얻는다.","직업·관계","명목상 신입에서 현장 문제를 해결할 실무자로 시험대에 오른다.","완강한 소유주들에게 매매 동의서를 받아야 한다.","신입 교육과 배치","지주 작업 성과","A015","high"
"49","ⓚ49화.","지주 작업(1)","12546","12823","최 대리도 맞고 다닌 지주 동의서 업무를 맡는다.","돈과 정보뿐 아니라 사람 사정을 풀어 계약을 얻는 전개","소유주 동의서를 빠르게 모은다.","개인 돈으로 50% 프리미엄을 주고 퍼밀리어로 개 해피의 말을 듣는다.","회사 기준 초과 비용과 부자 간 8년 단절이 장벽이다.","집을 지키는 이유가 도박한 아버지가 실종 아들을 기다리기 때문임을 안다.","첫날 동의서 5장과 박동진의 구미 주소를 얻는다.","직업·관계·정보","단순 고가 매입이 가족 사정을 중재하는 현장 문제로 깊어진다.","어머니 목숨값인 집을 두고 부자를 함께 살릴 제안을 해야 한다.","첫 5건 매매 동의","박동진 부자 중재","A016","high"
"50","ⓚ50화.","지주 작업(2)","12824","13074","박동진은 도박한 아버지와 집을 모두 거부한다.","끊긴 부자가 돈을 양보하고 연락처를 남기는 인간적 보상","남은 개인 소유 계약과 조직 알박기를 해결한다.","학비 지원을 제안해 부자를 만나게 하고 일루젼으로 박만득 장부를 받는다.","왕복 12시간·개인 자금·조폭 50명의 폭력 위험이 따른다.","부자는 4천만 원을 절반씩 양보하고 최 대리는 도겸을 신입이 아니라고 부른다.","총 8개 동의서·상여금 추천·비밀장부 3권을 얻는다.","관계·직업·정보·능력","현장 신입이 가족 중재자이자 작은형 조직의 증거 확보자로 올라선다.","장부에서 조도영과 박만득의 연관성을 입증해야 한다.","박동진 부자 계약","조도영 비자금 폭로","A016","high"
"51","ⓚ51화.","연관성","13075","13302","장부는 얻었지만 작은형 이름이 직접 적혀 있지 않다.","현장 성과가 첫 부자 술자리·형의 제재·승진 과제로 결산되는 보상","장부 정황을 아버지의 권한으로 현실 조치에 연결한다.","김건웅 분석을 들고 조문홍과 위스키를 마시며 8건 성과와 함께 보고한다.","간접 증거라 법적 처벌이 어렵고 형제 충돌 위험이 있다.","조문홍이 정재계 연결을 알아보고 조도영에게 해체·토지 이전을 명한다.","작은형 공식 제재·아버지 칭찬·용인 미분양 해결 기회를 얻는다.","가족·직업·지위","현장 사원에서 회장이 비밀리에 공을 인정하고 승진 시험을 주는 핵심 인재로 변한다.","대규모 미분양을 해결하면 누구나 인정할 진급이 열린다.","박만득 알박기와 조도영 연관성","용인 미분양 해결","A016","high"
"52","ⓚ52화.","미분양","13303","13532","용인 현장에 130가구 미분양이 남아 있고 조도겸은 대리 승진 가능성을 증명해야 한다.","돈과 인맥을 실제 주거 수요로 바꾸어 난제를 하루 안에 끝낸다.","미분양을 해소하고 현장 구성원에게 실력으로 인정받는다.","DK가 잔여 세대를 매입하고 세운사운드를 이전하며 직원에게 반값 전세·매입과 무이자 급여 대출을 제시한다.","매입비 65억 원과 40억 원 보증금, 회사 이전·생산 중단 위험, IMF 뒤 직원들의 주거 불안이 따른다.","홍수홍이 당일 40억 원을 송금하면서 130가구가 하루 만에 모두 계약된다.","조문홍·조주영이 성과를 인정해 사원에서 대리로 올리고 팀 전체 소고기 회식과 보너스를 지급한다.","지위·관계·사업","낙하산 의심을 받던 막내 사원에서 현장을 구한 조 대리이자 동료가 환호하는 해결사로 바뀐다.","숙취가 남은 다음 날에도 새 승진을 증명할 경쟁입찰 임무가 기다린다.","용인 미분양 130가구와 첫 현장 승진 시험","대리 승진의 정당성 입증과 경쟁입찰 승리","A017","high"
"53","ⓚ53화.","입찰의 신(1)","13533","13778","파격 승진 뒤 특혜 의심을 지우기 위해 조도겸이 이강현의 경쟁입찰 TFT에 배치된다.","기존 정보전이 막힌 입찰에서 새 마법이 정확한 숫자를 찾아낸다.","한신건설의 투찰가를 알아내 팀의 승리 근거를 만든다.","사우나·술집 잠복과 쓰레기 수색에 동행한 뒤 혼자 현장을 다시 찾아 대지의 기억을 연다.","밤샘 잠복과 모욕적인 쓰레기 수색에도 자료가 없고 신입 대리라는 불신이 지속된다.","대지의 기억이 한신건설의 예정 투찰가 577억 원을 대화째 재생한다.","아무도 얻지 못한 정확한 가격 정보를 확보해 입찰팀의 막힌 판을 연다.","능력·정보·관계","새 4서클 정보 마법을 현실 입찰 정보로 전환하고 이강현에게 쓸모를 증명할 발판을 만든다.","그 숫자를 출처 없이 어떻게 팀에 전달하고 경쟁사의 최저가까지 이길지가 남는다.","한신건설 투찰가 탐색","577억 원 정보의 신뢰화와 최저가 경쟁","A018","high"
"54","ⓚ54화.","최저가(2)","13779","14034","조도겸은 한신건설의 577억 원을 알지만 정보 출처를 숨긴 채 적자 입찰을 설득해야 한다.","마법 정보와 현장 계산을 결합해 단 90만 원 차의 승부를 만든다.","손익 하한을 지키면서 경쟁사 두 곳보다 낮은 최종 투찰가를 제출한다.","휴지에 577을 적어 이강현에게 전달하고 팀 계산 576억5천만 원에서 태백건설의 금액을 보고 100만 원을 더 낮춘다.","조주영 승인 없이는 적자 경쟁을 할 수 없고 태백건설이 576억4천990만 원을 써내 10만 원 단위까지 맞붙는다.","도겸이 마감 직전 금액을 고쳐 세운건설이 태백보다 90만 원 낮은 최저가가 된다.","이강현과 김성우가 회장 도움만 받는 막내가 아니라 현장을 읽는 입찰 인재로 다시 평가한다.","정보·지위·관계","정확한 숫자를 보유한 신입에서 팀 판단을 바꾸는 핵심 입찰자로 올라선다.","무단에 가까운 100만 원 조정이 실제 낙찰로 확인될지 결과 발표가 걸린다.","한신·태백 투찰가 대응과 최저가 제출","낙찰 결과와 반복 가능한 입찰 실적","A018","high"
"55","ⓚ55화.","터널(1)","14035","14269","세운건설은 태백보다 90만 원 낮게 낙찰받았고 도겸은 두 달간 네 번의 입찰을 모두 이긴다.","입찰 에이스의 다음 승진 시험이 아프리카 터널 난제로 커진다.","위험한 콩고 현장을 해결해 과장 승진의 명분을 완성한다.","팀의 환송을 받고 창립 멤버들의 반대를 설득한 뒤 콩고 현장으로 가 폭약이 막힌 거대 암반을 확인한다.","콩고 내전과 군의 폭약 압수, 장기 체류 위험, 가족·사업 동료의 강한 반대가 비용이다.","조주영이 승진을 미루는 대신 아무도 풀지 못한 콩고 터널을 도겸에게 직접 맡긴다.","네 차례 입찰 승리와 팀의 전우애가 확인되고 더 큰 경영 과제를 받을 자격이 생긴다.","목표·장소·관계","서울 입찰팀의 조 대리에서 콩고 현장을 책임질 회장 막내아들이자 차기 과장 후보로 이동한다.","압수된 폭약 없이 터널을 막은 거대 암반을 어떻게 제거할지가 제시된다.","90만 원 차 낙찰과 네 차례 연승","콩고 암반 제거와 과장 승진","A019","high"
"56","ⓚ56화.","터널(2)","14270","14521","콩고 터널은 거대 암반과 폭약 부족 때문에 멈춰 있고 현장소장 임덕준도 해법이 없다.","번역·용병·각인 마법을 한 공정으로 묶어 불가능한 발파를 준비한다.","폭약을 확보하고 암반 천공과 붕괴 방지를 동시에 끝낸다.","번역 마법으로 현지 사정을 듣고 황연우의 용병·트럭으로 폭약을 반입하며 굴착 도구에 디그·샤프니스를, 터널에 실드를 각인한다.","4서클 학습권을 쓰고 용병비 10억 원을 부담하며 밀수성 운송과 터널 붕괴 위험을 감수한다.","회장 막내아들이라는 신분을 밝히고 책임을 지겠다고 하자 임덕준이 지시를 따르며 강화 도구로 천공이 몇 시간 만에 끝난다.","막혔던 발파 준비가 완료되고 현장 인력은 도겸의 마법을 기술력으로 받아들이며 신뢰한다.","능력·관계·사업","관전자였던 본사 파견자가 현장 책임을 떠안는 실질 지휘자로 바뀐다.","카운트다운 뒤 대폭발이 터널과 인부를 살릴지 무너뜨릴지가 걸린다.","폭약 확보와 천공 공정","실드가 버틸 발파와 공기 단축","A019","high"
"57","ⓚ57화.","터널(3)","14522","14759","발파 직전의 터널과 도겸의 과장 승진 시험이 한꺼번에 결판날 상태다.","마법 공법의 실제 폭발 보상과 귀국 후 가족·조직의 인정까지 연쇄 결산한다.","암반을 제거해 임덕준을 귀국시키고 자신의 경영 경쟁 진입권을 얻는다.","폭발을 실드로 받아내 암반을 없애고 귀국한 뒤 입찰 업무를 이어 가며 아버지의 계열사 배분 제안을 듣는다.","폭발 실패 시 인명·공정 손실이 크고 귀국 뒤에도 형들과의 후계 경쟁이 기다린다.","반년 단축 성공 뒤 조문홍이 공항에서 끌어안고 과장 승진과 보너스를 주며, 큰형이 오히려 SY엔터 경영을 제안한다.","임덕준의 설 귀가, 현장 보너스, 조 과장 환영 회식, SY엔터 사장 취임이라는 다층 보상이 지급된다.","지위·가족 관계·목표","현장 해결사 과장에서 독립 계열사를 맡아 형들과 같은 경영 경쟁선에 선 사장으로 비약한다.","적자·비리 회사 SY엔터를 형들의 함정에서 살려야 한다.","콩고 암반·공기 단축·과장 승진","SY엔터 정상화와 형제 후계 경쟁","A019","high"
"58","ⓚ58화.","SY엔터(1)","14760","14986","조도겸은 건설 동료들의 존중을 받으며 떠나지만 적자 엔터테인먼트사의 초임 사장이다.","새 사장이 비리 조직과 낡은 음반 계획을 즉시 뒤엎는다.","SY엔터의 장부와 인력을 장악하고 미래 스타를 선점한다.","송인우·강진태·이나진에게 회계·가수 목록을 내게 하고 예정 음반을 폐기하며 김건웅에게 횡령을 찾게 하고 미래 스타 10명을 추린다.","세 부서장의 조직 장악과 회사 자금 유출, 연예계 경험 부족, 100억 원 투자 위험이 있다.","김건웅이 세 부서장의 가족·형제를 동원한 횡령 구조를 하루 만에 확인한다.","건설 동료와 조주영이 사장 호칭으로 배웅하고 도겸은 비리 척결의 확실한 지렛대를 얻는다.","지위·조직·관계","조 과장에서 SY엔터 사장으로 호칭과 책임이 바뀌고 창립 멤버가 경영 참모로 재배치된다.","횡령한 세 부서장을 굴복시키고 실제 흥행 상품을 만들어야 한다.","세운건설 경력과 조주영의 인정","SY엔터 숙청·스타 영입·흑자 전환","A020","high"
"59","ⓚ59화.","SY엔터(2)","14987","15235","세 부서장은 어린 사장을 가르치려 들고 라일락의 곡과 목 상태는 폐기 직전이다.","비리 증거로 권력을 뒤집고 버려진 곡과 가수에게 무대 가능성을 돌려준다.","부서장을 복종시키고 라일락의 실패한 데뷔를 복구한다.","유령 직원·가짜 작곡료를 폭로해 충성을 강요하고 역주행할 곡 리셋을 살리며 라일락 목에 스트렝스 마법을 건다.","기존 임원들의 반발과 라일락의 갈라지는 목, 마법을 드러낼 수 없는 제약이 따른다.","훈계하던 임원들이 사장님이라 부르며 사과하고 스트렝스가 라일락의 발성을 즉시 받쳐 준다.","회사의 실권을 장악하고 폐기될 가수·노래를 첫 승부수로 회생시킨다.","관계·조직·능력","명목상 사장에서 임원들의 약점을 쥔 실질 지배자로, 라일락은 방출 후보에서 데뷔 카드로 바뀐다.","스트렝스만으로 부족한 목소리의 매력을 보완할 새 마법이 필요하다.","부서장 저항과 리셋 폐기 위기","참 마법·라일락 데뷔·방송 진입","A020","high"
"60","ⓚ60화.","신인 가수(1)","15236","15491","라일락은 힘은 얻었지만 매력과 방송 무대가 부족하고 SY는 방송사에 약자다.","마법 보정·광고 자금·공정한 오디션을 결합해 신인 파이프라인을 연다.","라일락을 데뷔시키고 미래 톱스타 후보를 SY로 데려온다.","참 마이크와 스트렝스 목걸이를 만들고 방송사에 대형 광고 세 건과 제작비 100억 원을 제안해 오디션 슈퍼-K를 성사시키며 HTO 연습생 네 명을 영입한다.","참 마법 학습권, 방송사 권력, 거액 제작비, 다른 기획사의 계약과 공정성 시비가 비용이다.","자동 본선 특혜는 거절하되 투자로 지상파 세 곳 무대와 예능 자리를 얻고, 문제 배우를 미래 스타 네 명과 맞바꾼다.","라일락의 전국 데뷔 노출과 네 연습생 계약, 자체 오디션이라는 성장 통로를 확보한다.","사업·능력·인재·지위","부실 기획사가 방송 편성을 사는 투자자이자 유망주가 먼저 선택하는 회사로 변한다.","명단의 핵심 권빈과 즉시 흥행시킬 기성 가수들이 아직 없다.","라일락 데뷔 기반과 방송사 편성","권빈 영입·슈퍼-K 흥행·즉시 전력 확보","A020","high"
"61","ⓚ61화.","신인 가수(2)","15492","15767","미래 스타 아홉 명은 모였지만 15세 권빈이 TF엔터와 프로듀서 카디에게 묶여 있다.","상대의 마약·세금 약점을 잡되 현금과 퇴로도 줘 핵심 인재를 빼온다.","권빈의 전속을 합법적으로 SY로 이전한다.","황연우가 카디의 미군기지 마약 거래를 추적하고 김건웅이 탈세·주류 장부를 확보하며 도겸이 카디를 재운 뒤 TF 강석현과 협상한다.","불법 거래 현장 접근과 납치성 행동, 2억 원 지급, 상대 비리를 공개할 경우의 법적 위험이 있다.","도겸이 증거 은폐와 세탁 조언까지 제시하자 강석현이 적이 아니라 거래 상대로 돌아서 권빈을 넘긴다.","권빈 영입으로 미래 톱스타 10명 명단이 완성된다.","인재·정보·관계","경쟁사에게 빼앗긴 소년을 SY 소속으로 바꾸고 강석현과는 적대 대신 불편한 거래 관계를 만든다.","유망주가 아니라 당장 매출을 낼 나다희·이민지의 재기가 필요하다.","권빈 영입과 열 명 명단 완성","공황장애·체중 문제를 가진 즉시 전력 회복","A021","high"
"62","ⓚ62화.","즉시 전력(1)","15768","16019","슈퍼-K 준비는 됐지만 SY에는 당장 차트를 움직일 성인 가수가 없다.","버려진 가수의 신체 결핍을 계약과 훈련 마법으로 가시적으로 되돌린다.","이민지를 두 달 안에 무대 가능한 상태로 복귀시킨다.","조건부 계약을 맺고 마법진 운동복·최면 식욕 억제·중급 힐을 조합한 24시간 관리와 포만감 식단을 제공한다.","두 달 실패 시 계약금 1억 원을 돌려받지 못하고 과도한 훈련·마법 노출 위험이 있다.","콩밥과 미역국을 먹고도 포만감을 느끼며 근육통 없이 훈련 결과가 누적된다.","퇴출된 이민지가 회사가 책임지는 재기 프로젝트의 주인공이 된다.","신체·관계·사업","숨던 무소속 가수에서 SY의 관리와 투자를 받는 즉시 전력 후보로 바뀐다.","독극물 팬 사건 뒤 집에 갇힌 나다희의 공황을 치료해야 한다.","이민지 조건부 계약과 회복 공정","나다희 외출·녹음·차트 복귀","A021","high"
"63","ⓚ63화.","즉시 전력(2)","16020","16291","이민지는 사흘에 4kg을 감량했지만 나다희는 독극물 트라우마로 빛과 사람을 피한다.","공포를 실제 햇빛·녹음·차트 1위로 뒤집는다.","나다희를 집 밖과 녹음실로 돌려보내 SY의 첫 1위를 만든다.","슬립·최면으로 모자를 벗기고 4서클 버서커를 약하게 적용해 커튼을 열며 재발 방지 반지를 준 뒤 녹음시킨다.","새 4서클 학습권을 쓰고 버서커의 과도한 자신감·공격성이라는 부작용을 감수한다.","어둠에 갇혔던 나다희가 스스로 커튼을 열고 햇빛을 받은 뒤 다음 날 선글라스 없이 스튜디오에 선다.","나다희의 곡이 한 달 뒤 차트 1위가 되어 SY 첫 정상과 이나진의 재평가를 얻는다.","감정·능력·지위·관계","은둔 환자에서 1위 가수로, SY는 무명 적자사에서 결과를 낸 기획사로 바뀐다.","슈퍼-K의 대중 흥행과 우승자 그룹을 만들 프로듀서가 필요하다.","나다희 공황·이민지 복귀·SY 첫 1위","카디 확보와 슈퍼-K 결승·보이그룹 데뷔","A021","high"
"64","ⓚ64화.","프로듀서(1)","16292","16522","슈퍼-K가 순간 시청률 20%를 내고 SY 연습생들이 통과했지만 정상급 프로듀서가 없다.","경쟁사의 마약 위기를 이용해 천재 프로듀서를 자기 사람으로 만든다.","카디를 TF에서 떼어 내 장기 전속 프로듀서로 확보한다.","마약 소문을 증권가 정보지에 흘리고 검찰 수사를 유도한 뒤 TF를 찾아 카디를 넘기는 것이 회사 보호라고 설득하고 10년 계약을 강제한다.","형사 수사와 카디의 중독, 폭력적 협상, 1억 원 계약금 및 평판 위험이 있다.","TF 강석현이 카디의 출국도 막힌 상황에서 도겸의 인수를 손절 기회로 받아들인다.","슈퍼-K 화제와 함께 카디의 계약·초기 정화 기회를 얻는다.","인재·관계·사업","카디는 경쟁사 위험 자산에서 도겸이 보호하고 통제할 핵심 프로듀서로 이동한다.","검찰 검사에서 살아남고 마약 재사용을 끊어 실제 음반을 만들어야 한다.","카디의 TF 퇴출과 SY 계약","검사 통과·중독 통제·슈퍼-K 결승","A022","high"
"65","ⓚ65화.","프로듀서(2)","16523","16811","카디는 계약했지만 검찰 검사와 재사용 위험이 남고 슈퍼-K 결승이 다가온다.","정화·최면으로 사람을 보존한 뒤 오디션 성적과 차트로 투자를 결산한다.","카디를 수사와 중독에서 건져 우승자 그룹 ENTIC을 흥행시킨다.","소변과 모발 증거를 정화하고 재사용한 카디에게 공포 조건 최면을 건 뒤 치료하며, 결승 상위 10명 중 다섯 명으로 ENTIC을 제작한다.","증거 개입과 반복 중독, 카디 통제의 윤리적 비용, 오디션 결과 불확실성이 있다.","권빈이 우승하고 SY 소속 다섯 명이 톱10에 들며 카디의 제작곡과 마법 훈련실이 결합한다.","결승 18%·순간 30%, ENTIC 데뷔 한 달 차트 1위, 방송사의 달라진 대우가 지급된다.","지위·사업·관계·능력","퇴출 직전 인력들이 1위 프로듀서·가수로 바뀌고 SY는 방송사가 먼저 찾는 흥행사로 올라선다.","급성장한 SY의 지분가치를 현금화할 우회상장이 다음 목표가 된다.","카디 수사·중독과 슈퍼-K 우승·ENTIC 데뷔","SY 우회상장과 지배지분 확보","A022","high"
"66","ⓚ66화.","상장(1)","16812","17035","SY는 흥행했지만 비상장이고 지분 일부를 작은형수 김수희가 보유한다.","가족의 상처를 거래가 아니라 공동 목표로 묶어 상장 지분을 확보한다.","김수희의 SY 지분 20%를 얻고 우회상장 구조를 완성한다.","노그레바다 음원사를 70억 원에 인수해 파이월드와 합병하는 구조를 만들고 고급 일식 식사에서 김수희의 이혼 욕망과 조도영의 약점을 듣는다.","우회상장 자금과 내부자 거래 위험, 김수희가 세운가 남성 전체를 불신하는 관계 장벽이 있다.","도겸이 표적은 조도영뿐이며 이혼 법무팀을 주겠다고 하자 김수희가 지분을 넘기고 동맹을 맺는다.","상장 지분과 작은형을 겨눌 가족 내부 정보, 형수와의 첫 실질 연대를 얻는다.","가족 관계·지분·목표","서로 외면하던 도련님과 형수님이 한 식탁에서 공동 적을 정한 동맹으로 바뀐다.","상장 첫날 시장 평가와 아버지·형들의 반응이 남는다.","김수희 지분 20% 이전과 동맹","SY 상장 수익·조도영 이혼전·다음 계열사","A023","high"
"67","ⓚ67화.","상장(2)","17036","17295","SY·파이월드 합병 상장이 시작되고 도겸은 지배지분을 가진 최대주주다.","시장 숫자와 가족 회의에서 젊은 사장의 성공을 공식 승격으로 바꾼다.","상장 차익을 확정하고 더 큰 적자 계열사 세운제약을 맡는다.","공모가 6600원 뒤 여섯 번 상한가를 지켜보고 아버지 앞에서 시가총액 600억 원을 제시한 뒤 제약 사장 취임 즉시 파벌 임원들을 해임한다.","상장 변동성과 형들의 폄하, 제약의 분기 적자와 부사장·전무 파벌 저항이 있다.","주가가 6만2747원까지 오르고 드래곤 하트가 5서클에 도달하며 조문홍이 제약을 맡긴다.","약 300억 원 지분가치, 5서클 개방, 형들과 같은 대형 계열사 사장 지위가 한꺼번에 지급된다.","돈·능력·가족 지위·조직","연예기획사 막내 사장에서 적자 대형 계열사를 구조조정하는 동등한 후계 경쟁자로 상승한다.","해고 뒤 남은 연구진으로 분기 적자를 뒤집을 신약을 만들어야 한다.","SY 우회상장과 시장 재평가","세운제약 파벌 청산·신제품 개발","A023","high"
"68","ⓚ68화.","신약(1)","17296","17542","세운제약은 분기 적자와 임원 파벌에 갇혀 있고 해임 대상들이 이사회를 방패로 든다.","5서클 포션을 현대 원료와 연구조직으로 재현한다.","반발을 정리하고 판매 가능한 체력 회복 성분을 찾는다.","리베이트 감사를 경고하고 성과급·승진을 약속해 중간관리자를 남긴 뒤 김덕환 연구팀과 불가사리·지렁이·완보동물을 시험해 붉은 포션을 만든다.","임원 저항과 인력 이탈, 마정석·트롤 피 대체재 탐색, 직접 복용 위험이 따른다.","완보동물 추출물이 트롤 피를 대신하고 도겸이 열 층 계단 반복 뒤 마시자 체력이 즉시 완전 회복된다.","신제품 워터베어의 핵심 원액과 연구를 맡길 김덕환이라는 내부 축을 얻는다.","능력·제품·조직 관계","개인용 마법 포션이 대량 생산을 노릴 제약 제품 원형으로 변하고 무파벌 연구자가 핵심 책임자로 올라선다.","김덕환이 믿을 객관 실험과 허가·시장 출시가 필요하다.","5서클 스태미나 포션과 대체 원료 발견","동물실험·워터베어 제형·허가","A024","high"
"69","ⓚ69화.","신약(2)","17543","17790","도겸의 자가실험은 성공했지만 연구진과 시장이 인정할 객관 증거가 없다.","실험·인사·주가·허가를 동시에 움직여 제품화를 가속한다.","워터베어의 효능을 증명하고 회사 지분과 신속 허가를 확보한다.","쥐 실험을 시키고 연구진에게 초밥을 보내며 사표를 받아 조직을 재편하고 주가 하락기에 DK로 180억 원어치를 매수한 뒤 식약청장에게 10억 원을 건넨다.","동물실험 실패 가능성, 인력 공백, 주가 조작으로 보일 위험, 허가 청탁 비용이 있다.","지친 쥐가 원액을 먹자 즉시 활동하고 김덕환이 효능을 인정해 보름 만에 워터베어 제형을 만든다.","검증된 시제품·새 임원진·저가 지분·우선 심사 약속을 확보한다.","제품·지분·조직·관계","의심받던 붉은 액체가 연구팀이 믿는 정식 프로젝트가 되고 도겸은 경영권 지분을 더 쌓는다.","승인 뒤 대량 판매가 분기 손익분기 규모까지 도달해야 한다.","효능 검증과 제품 제형 완성","워터베어 승인·광고·월 판매량 확대","A024","high"
"70","ⓚ70화.","신약(3)","17791","18049","워터베어가 5개월 만에 승인됐지만 분기 적자를 메우려면 월 1억 병에 가까운 수요가 필요하다.","기존 사업망과 스포츠 장면, 마법적 구매 유도로 소비 습관을 만든다.","워터베어를 전국 생활권에 침투시켜 대형 매출 기반을 만든다.","권빈 광고와 무료 독서실 시음, 공유오피스 자판기, 대학·운동선수 협찬을 펼치고 자판기에 최면 각인을 더하며 농구 경기 회복 장면을 촬영시킨다.","대량 생산·유통비와 30% DK 로열티 논란, 신제품 불신, 마법 마케팅 노출 위험이 있다.","워터베어를 마신 선수의 후반 역전승이 사진으로 퍼지고 학부모·학생·선수 입소문이 연결된다.","출시 한 달 500만 병 판매와 전국적 사용 장면을 얻어 적자 탈출의 규모가 가시화된다.","매출·브랜드·능력","실험 제품이 학교·사무실·경기장에서 실제로 선택되는 에너지 보충 브랜드가 된다.","월 손익분기에는 아직 부족하고 새 5서클 정화 포션이 다음 상품으로 열린다.","워터베어 허가와 초기 시장 진입","월 1억 병 규모·정화수 화장품·제약 흑자","A024","high"
"71","ⓚ71화.","정화 물약(1)","18050","18299","워터베어가 월 2000만 병으로 성장했지만 제약 흑자와 작은형 응징은 아직 미완이다.","정화 포션을 화장품으로 바꾸는 동시에 가족 스캔들 계획을 진척한다.","정화수 상품을 만들고 김수희와 조도영의 몰락 단계를 실행한다.","파란 원액으로 피부 진정 효과를 확인해 4만 원 화장품·15% 로열티를 정하고, 김수희와 두 번째 불륜 보도와 이혼 압박을 설계한다.","새 제품의 효능·가격 검증과 가족 스캔들이 그룹 이미지·아버지 감정까지 흔드는 비용이 있다.","샘플이 직원의 여드름을 즉시 가라앉히고, 분노하던 조문홍도 도겸의 워터베어 보고에는 표정을 풀며 칭찬한다.","정화수 입소문과 아버지의 분명한 편애·신뢰, 형수와의 공모 진전을 얻는다.","제품·가족 관계·인정","도겸은 꾸중 대상 막내가 아니라 회장의 기분을 되돌리는 성과형 사장으로 자리 잡는다.","정화수 대량판매와 조도영의 세 번째 스캔들·이혼 기자회견이 남는다.","정화수 효능 확인과 불륜 2차전","제약 흑자·형수의 공개 이혼·조도영 축출","A025","high"
"72","ⓚ72화.","정화 물약(2)","18300","18522","워터베어·정화수 매출이 치솟고 김수희는 공개 이혼전의 마지막 단계를 준비한다.","회사의 숫자·직원 포상과 가족 권력 변화를 같은 결산으로 지급한다.","세운제약을 흑자로 돌리고 조도영을 후계 경쟁에서 제거한다.","월 600만 개 정화수와 2500만 병 워터베어를 생산하고 직원 임금·보너스를 올리며, 세 번째 스캔들과 김수희의 생방송 이혼 기자회견을 터뜨린다.","마정석 공장 전기료·과로와 공개 스캔들의 그룹 평판 손실, 형제 전면 적대가 따른다.","조문홍이 조도영의 뺨을 때리고 미국 발령을 내린 뒤 김수희에게 그룹 지분 5%와 재산을 보장한다.","월 약 100억 원 DK 로열티, 제약 흑자와 직원 포옹, 김수희의 5% 지지 약속, 작은형 축출이 결산된다.","돈·지위·가족 관계·감정","적자 제약은 포상하는 흑자 회사가 되고 삼자 후계 구도는 도겸 대 도훈으로 좁아진다.","남은 큰형과 외부 자본이 워터베어를 공격할 가능성이 열린다.","제약 흑자·정화수 성공·조도영 축출","큰형 조도훈·라칼의 공격과 후계 양자전","A025","high"
"73","ⓚ73화.","공작(1)","18523","18756","제약은 분기 120억 원 이익을 내고 직원·창립 멤버에게 포상을 지급하는 성공 국면이다.","축하 직후 전국 독극물 사건으로 성공의 취약점을 드러낸다.","피해 확산을 막고 워터베어 공격의 배후를 찾는다.","직원에게 3% 인상·최대 400만 원 보너스를, 창립 멤버에게 현금 사과상자와 해운대 아파트를 준 뒤 뚜껑을 바꾸고 CCTV를 수집한다.","전국 30여 명 중독, 브랜드 붕괴와 아버지의 질책, 경쟁사의 조직적 공작이 비용이다.","마스크 쓴 남성들이 매장 제품에 분말을 넣는 CCTV가 발견돼 제조 결함이 아니라 인위적 독극물 사건임이 드러난다.","성과를 함께 만든 직원·창립 멤버에게 돈·집으로 공을 돌리고 반격할 첫 영상 단서를 얻는다.","사업 위기·관계·물질 보상","축하받는 성공가에서 제품과 사람을 지켜야 하는 공격 대상이 된다.","마스크와 일본 유사 사건을 따라 사주자를 특정해야 한다.","제약 첫 대규모 포상","독극물 배후·다린 사모펀드 연결","A026","high"
"74","ⓚ74화.","공작(2)","18757","19068","CCTV 속 실행범만 보일 뿐 독극물의 주문자와 자금줄은 감춰져 있다.","대지의 기억과 추적 마법으로 거리의 흔적을 조직 배후까지 잇는다.","실행범과 일성 대부업자를 추적해 상위 지시자를 알아낸다.","버린 마스크의 대지 기억과 포스 탐지로 고시원 실행범을 찾고 일성 사무실 지붕을 부수어 들어가 분말을 확보한 뒤 최면·환상으로 자백을 끌어낸다.","잠입·폭력·정신 마법 사용이라는 법적·윤리적 비용과 조직폭력배의 보복 위험이 있다.","일성 측이 워터베어 공작의 실제 발주자가 다린 사모펀드라고 털어놓는다.","독극물 시료와 실행·중간조직·다린을 잇는 구체 경로를 얻는다.","정보·능력·적대 관계","제품 사고가 우연한 테러가 아니라 후계전에 연결된 자본 공작으로 재정의된다.","다린의 실소유·라칼과 큰형의 연결을 확인해야 한다.","실행범·일성 대부업 추적","다린·라칼·조도훈의 목적 확인","A026","high"
"75","ⓚ75화.","공작(3)","19069","19307","다린이라는 이름은 나왔지만 라칼과 조도훈의 그룹 매각 계획은 아직 추론 단계다.","적의 식탁에 직접 앉아 서로의 최종 목표를 확인한다.","라칼의 제안을 거절하고 후계전 개입 의도를 드러내게 한다.","김건웅의 조사 뒤 라칼과 저녁 식사를 하며 매각 제안과 회장 욕망을 두고 정면 협상하고, 혼수상태인 정일성을 세운병원으로 옮긴다.","국제 사모펀드의 자금력과 큰형의 내부 지분, 살인 사건 증인의 혼수상태가 비용이다.","라칼이 도겸을 얼굴마담으로 영입하려다 거절당하자 다른 후계자, 곧 조도훈을 세우겠다고 암시한다.","도겸은 적의 목적과 자기 회장 목표를 서로 공개하고 정일성이라는 잠재 증인을 손에 넣는다.","목표·적대 관계·정보","물밑 의심이 도겸 대 라칼·조도훈의 공개된 후계 전쟁 구도로 바뀐다.","FDA·해외 매출로 힘을 키우면서 정일성을 깨워 살인 증거를 확보해야 한다.","워터베어 독극물 배후 확인","라칼의 그룹 매각 저지·정일성 증언","A026","high"
"76","ⓚ76화.","사장단 회의","19308","19534","도겸은 라칼의 의도를 알지만 제약 로열티·독극물 사건으로 사장단 공격을 받는다.","공식 회의에서 FDA 성과와 숫자로 계열사 대표의 자격을 증명한다.","사장단의 공세를 막고 세운제약의 세계 진출 신뢰를 얻는다.","김덕환에게 공격 논리를 답하게 한 뒤 국내 최초 FDA 승인과 300억 원 이익 전망을 공개하고 회의 뒤 소고기·위스키 자리에서 정화 포션을 시험한다.","도훈 라인의 집중 질의, 독극물 평판과 로열티 반발, 김덕환의 긴장, 7시간 회의가 압박이다.","FDA 승인 발표에 회의 흐름과 조문홍의 표정이 뒤집히고 정화 포션이 만취를 즉시 해소한다.","공식 칭찬과 해외 진출권, 숙취해소제라는 후속 제품 아이디어, 회식의 승리감이 지급된다.","지위·관계·제품","김덕환은 대신 답하는 부하에서 성과를 함께 방어하는 대표로, 도겸은 사장단이 무시할 수 없는 성장축으로 바뀐다.","미국 시장에서 실제 재고를 팔아 FDA 권위를 매출로 바꿔야 한다.","사장단 로열티 공세와 FDA 승인","워터베어 미국 출시·숙취해소제","A027","high"
"77","ⓚ77화.","해외 진출","19535","19758","FDA 승인을 얻었지만 미국에 보낸 워터베어 캔의 70%가 재고로 남는다.","거액 광고가 조롱을 거쳐 구매 행동으로 전환되는 해외 시장 승부를 보여 준다.","미국 재고를 소진하고 글로벌 에너지음료 진입점을 만든다.","200억 원 넘는 슈퍼볼 광고를 사고 최면 요소를 심으며 예상 밖 노출 사고까지 화제 동력으로 활용한다.","광고비 200억 원, 낯선 브랜드·악평, 방송사고가 회사 이미지를 망칠 위험이 있다.","시청자는 광고를 욕하면서도 제품을 사기 시작해 최악의 광고가 가장 강한 인지도로 뒤집힌다.","미국 대중의 관심과 재고 소진 조짐, 레드불과 비교될 글로벌 무대를 얻는다.","시장·브랜드·돈","국내용 피로회복제가 미국 소비자가 찾아보는 에너지드링크로 이동한다.","광고 화제가 실제 완판·재주문으로 이어지는지와 정일성 치료가 남는다.","슈퍼볼 노출과 미국 인지도 확보","미국 재고 완판·세운병원 장악·정일성 각성","A027","high"
"78","ⓚ78화.","세운종합병원","19759","19997","슈퍼볼 뒤 미국 재고가 팔리고 주문이 두 배로 늘었으며 도겸은 병원 내 증인 접근이 필요하다.","사업 성공을 병원 인사·연구 투자로 바꾸어 닫힌 VIP 병실에 들어간다.","세운종합병원 경영진을 자기 편으로 만들고 정일성 상태를 확인한다.","병원장 나기현에게 차기 제약 사장을, 유치현에게 100억 원 연구동과 연 50억 원 지원을 약속해 전면 출입권을 얻고 정일성에게 기존 마법을 시험한다.","거액 투자와 인사 약속, 병원 파벌 거래, 현재 5서클로 혼수 환자를 깨울 수 없는 한계가 있다.","가르틴이 6서클 정신치료 마법만이 정일성을 깨울 수 있다고 판정한다.","미국 완판·재주문과 병원 경영진의 협조를 얻어 증인에게 직접 접근한다.","시장·조직 관계·능력 한계","제약 사장의 매출이 병원 인사권과 연구동을 움직이는 영향력으로 확대된다.","6서클에 도달해 단 한 번뿐인 정신치료를 정일성에게 써야 한다.","미국 재고 완판과 병원 접근권","6서클 개방·정일성 증언","A027","high"
"79","ⓚ79화.","빨대","19998","20224","정일성은 혼수상태이고 도겸에게는 6서클 개방 직전의 학습 선택이 남아 있다.","성장 보상을 전투력이 아니라 증인의 목소리와 다음 계열사 기회로 환전한다.","정일성을 깨워 라칼의 살인 지시 증거 위치를 얻고 세운에너지로 이동한다.","상위 마법진과 일회성 정신치료에 학습권을 모두 써 정일성을 깨우고 우리은행 금고의 영상·사진을 듣고, 아버지에게 나기현 후임과 에너지 사장직을 요청한다.","귀한 학습권 소진, 증인의 재혼수, 증거를 회수할 은행 열쇠와 내부 접근 문제가 남는다.","정일성이 다린의 재은은행원 살인 사주와 우리은행 금고를 말하고, 동시에 조도훈이 두바이에서 라칼과 그룹 해체 pact를 맺는다.","살인 증거의 정확한 위치와 제약 후임 승인, 세운에너지라는 새 경영 무대를 얻는다.","정보·능력·지위·목표","도겸은 제약을 흑자로 만든 사장에서 복수 계열사를 순환 통치하는 후계자로, 의심은 회수 가능한 증거로 바뀐다.","세운에너지의 새 빨대 사업과 우리은행 금고 열쇠 확보가 열린다.","정일성 각성과 제약 후임 선정","에너지 회생·라칼 살인 증거 회수","A027","high"
"80","ⓚ80화.","세운에너지(1)","20225","20458","사장단 회의에서 세운제약은 반기 2000억 원 이익을 인정받고 도겸은 세운에너지로 이동한다.","검증된 경영자가 마법을 배터리 성능이라는 산업 수치로 바꾼다.","에너지사의 첫 성장축으로 고효율 배터리를 만든다.","황기갑의 보수를 보전한 채 조직을 인수하고 배터리에 라이트닝을 각인해 약 30% 효율 향상을 확인한 뒤 용인 자동화 실험을 지시한다.","기존 사장 강등의 조직 마찰, 수작업 각인의 생산 한계, 마법 노출 위험이 있다.","라이트닝 각인 하나가 동일한 외형의 배터리 성능을 30% 끌어올려 새 빨대가 구체화된다.","아버지의 공개 칭찬과 에너지 사장직, 첫 고효율 시제품을 얻는다.","지위·제품·능력","제약 성공이 에너지 경영권으로 환전되고 개인 마법이 산업용 배터리 연구 과제가 된다.","CNC가 마법진을 대량 각인할 수 있는지 검증해야 한다.","세운제약 경영 임무와 후임 인계","배터리 자동 각인·해외 수주","A028","high"
"81","ⓚ81화.","세운에너지(2)","20459","20688","배터리 성능은 증명됐지만 도겸이 손으로 그려서는 대량 생산할 수 없다.","마법진의 기계 복제가 생산 혁신으로 이어지고 곧 외부 공격의 표적이 된다.","자동 각인과 독립 전력까지 구현해 배터리를 대형 사업으로 키운다.","CNC 각인을 성공시켜 독일 완성차와 연구·로열티 협상을 열고 라이트닝 필드로 자체 발전을 시도한다.","대량 마정석과 50% 연구비·10% 로열티 협상, 에너지 보존 법칙 때문에 학습권 하나가 사실상 낭비된다.","CNC가 정확히 만든 문양도 마법으로 작동해 수작업 병목이 사라지지만 라이트닝 필드는 순발전이 불가능하다.","배터리 자동화와 해외 완성차 문의라는 사업 확장, 마법 공정의 복제 가능성을 얻는다.","생산·능력·시장","개인 장인 공정이 공장 자동화로 바뀌고 세운에너지는 해외 자동차사가 찾는 연구 파트너가 된다.","두바이의 라칼·조도훈이 석유 공급 자체를 끊으려 한다.","배터리 대량 각인 가능성","독일 계약·석유 공급 중단 대응","A028","high"
"82","ⓚ82화.","석유 파동(1)","20689","20913","세운에너지만 산유국 공급이 끊겨 제품과 별개의 생존 위기에 빠진다.","해커 정보망과 현지 왕실 거래로 라칼의 봉쇄를 우회한다.","UAE의 석유 공급을 되살릴 왕실 협상 상대를 찾는다.","DK 해커 50명과 황연우를 데리고 UAE로 가 아드녹 내부를 탐문하고 부사장 오마르 왕자의 지시를 알아낸 뒤 4왕자 칼리파에게 담수화 개선을 선제안한다.","정부·반군보다 높은 왕실 권력, 실패하면 적이 된다는 경고, 한 달 내 물 30% 증산 약속이 비용이다.","칼리파가 결과를 먼저 보겠다는 조건으로 담수화·하수처리 시설 접근을 허용한다.","석유 문제를 왕위 경쟁과 물 부족 문제를 묶은 교환 가능한 협상으로 바꾼다.","목표·장소·관계","피해 계열사 사장에서 UAE 왕자와 성과로 신뢰를 거래하는 국가 사업 제안자로 이동한다.","한 달 안에 담수화와 하수처리 생산량을 30% 이상 높여야 한다.","석유 중단 원인과 오마르 확인","칼리파 약속 이행·석유 복구","A028","high"
"83","ⓚ83화.","석유 파동(2)","20914","21158","칼리파는 성과 전에는 석유를 주지 않고 UAE의 물 공급은 한 달 기한에 묶여 있다.","여러 원소 마법이 국가 인프라 수치와 왕자의 포옹으로 보상된다.","담수화·하수처리 합산 물 공급을 30% 이상 높여 석유와 수주를 되찾는다.","파이어 필드·파이어 레지스턴스 스킨·프로즌 포그·정화 마법을 설비에 각인해 공장별 사흘씩 개선한다.","한 달 내 다수 시설을 돌며 마나·마정석을 쓰고 실패 시 왕실 적대와 회사 정지가 따른다.","담수화와 하수처리 각각 약 20% 개선으로 총 공급이 약속을 넘자 칼리파가 친구라 부르며 끌어안는다.","석유 공급 복구, 3억 달러급 담수화 사업과 후속 계약, 세운에너지 현장의 안도와 UAE 유통로를 얻는다.","국가 관계·사업·지위·능력","거래 상대였던 칼리파가 친구가 되고 국내 에너지사는 원료 위기 기업에서 해외 인프라 수주사로 바뀐다.","황연우가 가져온 우리은행 금고 열쇠로 라칼 증거를 꺼내야 한다.","UAE 물 30% 약속과 석유 봉쇄","왕실 우호·해외 수주·은행 금고 증거","A028","high"
"84","ⓚ84화.","반격(1)","21159","21385","석유 봉쇄는 풀렸고 우리은행 금고 열쇠도 확보했지만 은행 내부 허가가 없다.","사업 자금과 개인 보상을 결합해 잠긴 살인 증거를 회수한다.","금고 자료를 얻고 다음 자동차 계열사 이동을 준비한다.","권석안 은행장에게 1400억 원 예치와 DK 고문직·아파트·차·50억 원을 제시해 금고의 사진·CD를 꺼내고 에너지 후속 사업을 키운다.","대규모 예치·사적 보상 비용, 은행 기록과 불법 자료 회수 위험, 라칼의 반격이 남는다.","재은은행 살인 지시 자료를 손에 넣고 조문홍도 에너지 성과를 직접 찾아와 칭찬한다.","라칼을 겨눌 물증, 아버지의 다음 승진 암시, 2006년까지 축적된 에너지 사업 성과를 얻는다.","정보·가족 인정·지위·사업","정일성의 말이 사진·영상 증거로 굳고 도겸은 자동차를 요구할 자격을 갖춘다.","세운자동차 이동을 결심한 순간 조문홍의 교통사고 전화가 온다.","석유 위기와 금고 증거 회수","아버지 사고·지분 왕자의 난","A028","high"
"85","ⓚ85화.","반격(2)","21386","21653","조문홍은 트럭 충돌 수술 뒤 식물인간 가능성이 높고 사장들은 조도훈 쪽으로 갈린다.","사고 배후 추적과 지분전이 동시에 시작되는 가족 권력 위기를 연다.","아버지를 공격한 조직을 찾고 세운물산 지분을 확보한다.","트럭 운전사를 최면해 재방파 상위 조직을 듣고 김건웅에게 라칼 연결을 추적시키며 파이월드 지분 50%를 중국에 2조 원에 팔고 국민연금 인사를 압박한다.","아내가 인질인 운전사, 아버지 회복 불확실, 2조 원 거래와 연금 의결권 경쟁, 도훈 진영의 우세가 비용이다.","대부분의 사장이 도훈에게 줄선 가운데 도겸은 돈을 먼저 만들고 반대 교수 한영민에게 블라인드를 건다.","사고가 단순 교통사고가 아니라 재방파·라칼 가능성이 있는 권력 공격으로 좁혀지고 2조 원 실탄을 마련한다.","가족·지분·정보·능력","아버지 보호 아래의 경쟁이 보호자 없는 왕자의 난과 공개 지분전으로 변한다.","한영민의 표를 얻고 국민연금 7%를 누가 선점할지가 걸린다.","사고 운전사 배후 1차 확인과 파이월드 매각","국민연금 표·세운물산 지분전·아버지 회복","A029","high"
"86","ⓚ86화.","왕자의 난(1)","21654","21889","도겸은 국민연금 위원 표가 필요하고 한영민은 시력을 잃어 거래 자체를 거부한다.","치료 약속이 지분 표로 바뀌지만 더 큰 내부 배신이 판을 뒤집는다.","국민연금 7% 매각을 자기 쪽으로 끌어 세운물산 지분 우위를 만든다.","디스펠로 한영민 시력을 되돌리고 10개월 안약 치료로 위장해 찬성표를 얻으며 25% 확보를 예상한다.","치료 조작의 비밀, 라칼 4%와 도훈 측 19%, 연금 내부 부패와 시간 부족이 있다.","투자실장 김우용이 위원회도 거치지 않고 연금 7%를 라칼 전면 회사에 넘겨 도겸이 지분전에서 패한다.","한영민의 시력과 표는 얻지만 적의 불법 거래를 확인하고, 파이월드 매각금 유입과 함께 6서클이 열린다.","능력·지분·관계","도겸의 자금 우위가 무너지는 대신 아버지를 깨울 수 있는 6서클 선택지가 생긴다.","새 6서클 두 자리를 지분 반격이 아니라 아버지 치료에 쓸지 결단해야 한다.","한영민 치료와 찬성표","아버지 각성·도훈의 임시 회장 선출","A029","high"
"87","ⓚ87화.","왕자의 난(2)","21890","22150","국민연금 지분은 도훈에게 넘어갔고 6서클 학습권만이 도겸의 역전 수단이다.","돈보다 아버지를 택한 마법 사용이 회의실의 권력을 즉시 뒤집는다.","조문홍을 깨워 도훈의 임시 집권을 끝낸다.","그레이트 힐과 정신치료를 모두 아버지에게 쓰고 주식을 팔아 명상까지 열어 마나를 회복하며 병상에 마법진을 새긴다.","6서클 핵심 학습권 전부와 미국 IT 주식 200억 원을 소진하고 치료 실패 위험을 감수한다.","도훈이 21% 지분으로 아버지 의자에 앉은 순간 도겸이 깨어난 조문홍의 휠체어를 밀고 들어온다.","아버지의 손과 목소리, 도훈의 10분짜리 집권 종결, 폭락한 세운물산 주식 매수 기회를 얻는다.","가족 관계·권력·능력·감정","도겸은 지분 경쟁자가 아니라 아버지를 살린 보호자로 인정되고 도훈의 승리는 즉시 무효가 된다.","회복한 아버지 아래 자동차 계열사 경쟁과 신변 보호가 이어진다.","조문홍 각성과 도훈 임시 회장 저지","세운자동차 흑자·유언장 후계 인정","A029","high"
"88","ⓚ88화.","세운자동차(1)","22151","22353","회복한 조문홍은 에너지 성과를 인정하고 도겸에게 적자 세운자동차를 맡긴다.","원가절감으로 망가진 안전을 마법과 경영 원칙으로 복구한다.","안전 옵션으로 차별화해 자동차사의 신뢰와 판매를 되살린다.","사이드바·강판·센서를 다시 넣게 하고 메피스 SUV에 실드를 각인해 시속 48km 충돌시험을 거쳐 300만 원 안전 옵션으로 판매한다.","추가 원가와 적자, 기존 경영진의 비용절감 관성, 충돌시험 실패 시 인명·브랜드 위험이 있다.","충돌 차체와 더미의 손상이 약 30% 줄고 IIHS에서 한국차 최초 1위를 받는다.","아버지가 흑자 시 유언장을 바꾸겠다고 하고 세계 공인 안전 1위라는 구체 지표를 얻는다.","가족 인정·제품·지위","도겸의 경영 목표가 계열사 회생을 넘어 공식 후계 문서 변경 조건과 연결된다.","좋은 시험 성적을 실제 판매량과 대중 신뢰로 바꿔야 한다.","세운자동차 취임과 안전성 회복","탑기어 실차 검증·판매 증가","A030","high"
"89","ⓚ89화.","세운자동차(2)","22354","22587","IIHS 1위에도 소비자는 세운차의 오래된 저품질 이미지를 믿지 않아 판매가 약하다.","파괴적 TV 실험과 배출가스 개선이 눈앞의 주문으로 보상된다.","해외 방송에서 안전을 증명하고 국내외 판매·환경 수주를 늘린다.","탑기어에 차량을 보내 망치·곡괭이·파괴구와 독일차 비교를 버티게 하고 정화 마법을 DPF·필터에 새겨 정부 시험을 받는다.","방송에서 다시 조롱당할 위험, 실차 파손, 마정석·마법 각인 생산비가 있다.","과거 세운차를 불태웠던 진행자들이 내구성을 확인하고 사과하며 정화 필터도 배출가스를 크게 낮춘다.","월 판매가 3000대에서 5000대로 늘고 안전 옵션이 다수 선택되며 정부상·보조금·유럽 주문을 얻는다.","시장·브랜드·능력·지위","조롱받던 국산차가 해외 진행자가 사과하고 정부가 구매하는 안전·친환경차로 재평가된다.","커진 주문을 감당할 공장 자동화와 새 6서클 마법이 필요하다.","자동차 안전 인지도와 초기 흑자 기반","골렘 자동화·AI 슈퍼컴퓨터","A030","high"
"90","ⓚ90화.","골렘(1)","22588","22843","세운자동차 주문은 늘었지만 더 정밀한 자동화·정보 처리 수단이 없다.","판타지 골렘이 PC와 슈퍼컴퓨터를 학습형 경영 도구로 바꾼다.","자동화와 분석을 맡을 인공 지능형 골렘을 만든다.","골렘 생성 마법을 열어 PC와 마정석 200개로 1~3호기를 만들고 폐기될 기상청 슈퍼컴퓨터를 8000만 원에 사 0호기로 만든다.","고가 장비와 대량 마정석, 전력·냉각비, 통제 불가능한 학습체 위험이 있다.","0호기가 건물 PC·CCTV와 하위 골렘을 스스로 연결해 말하고 학습하는 중앙체가 된다.","세운자동차와 DK의 눈·두뇌가 될 0호기와 세 하위 골렘을 얻는다.","능력·정보·생산","골렘이 물리 인형이 아니라 네트워크를 흡수하는 대화형 슈퍼컴퓨터로 재정의된다.","0호기의 해킹·시장 분석을 확장하면서 전력비와 공장 노동 갈등을 풀어야 한다.","골렘 마법의 컴퓨터 적용","PC방 네트워크·공장 자동화·노조 충돌","A031","high"
"91","ⓚ91화.","골렘(2)","22844","23063","0호기는 생겼지만 정보량·전력비·현장 연결이 제한적이고 차량 주문은 생산능력을 넘는다.","AI의 초인적 분석이 곧 사람 조직의 저항과 맞부딪친다.","0호기 네트워크를 확대하고 증산에 필요한 인력을 확보한다.","마이크를 달아 자연어 분석을 시키고 PC방 300곳·3만 대 연결을 계획하며 프로즌 포그로 전력비를 낮추고 신규 채용을 추진한다.","전기료 월 40억 원, 확장비, 해킹 노출, 기존 노조의 채용권 50%·임금 20%·보너스 100% 요구가 있다.","0호기가 노조 간부 친인척 계좌의 채용 뇌물을 찾아내자 협상이 폭언과 전면 파업으로 무너진다.","전력비를 약 20% 절감하고 주식·보안·시장 분석 능력을 확인하지만 부패 노조의 실체도 드러난다.","정보·조직 관계·사업","AI가 보조 도구에서 회사 비리를 실시간 적발하는 권력으로 커지고 노사 갈등은 파업으로 격화된다.","사람이 멈춘 공장을 골렘으로 돌리고 새 노조를 만들어야 한다.","0호기 실용화와 전력 절감","전면 파업·무인 생산·노조 재편","A031","high"
"92","ⓚ92화.","파업(1)","23064","23310","기존 노조의 전면 파업으로 세운자동차 생산이 멈췄다.","멈춘 사람 공정을 골렘이 24시간 대체해 협상력의 방향을 뒤집는다.","생산을 복구하면서 부패 노조의 채용 독점을 깨뜨린다.","0호기와 PC 골렘, 로봇 팔 60대를 연결해 무인 생산을 돌리고 5년 CCTV·계좌 자료를 모아 언론에 비리를 공개하며 500명 신규 채용을 연다.","무인화 설비 구축과 노조 반발, 데이터 수집의 법적 위험, 신규 인력 선발 부담이 있다.","골렘 공장이 기존의 120% 생산량을 24시간 유지하고 노조원들이 직접 위원장을 체포하게 된다.","파업 중에도 주문 공급을 지키고 부패 간부의 권위를 무너뜨린다.","생산·조직 권력·정보","생산을 인질로 잡은 노조가 공장 밖에서 고립되고 회사가 채용 주도권을 회수한다.","신규 500명이 현장에 들어가 독립 노조를 세워야 한다.","파업 중 무인 생산과 노조 비리 폭로","500명 채용·새 노조 창설","A032","high"
"93","ⓚ93화.","파업(2)","23311","23522","무인 생산은 성공했지만 기존 노조가 공장 입구와 현장 조직을 여전히 장악한다.","검증된 신규 인력과 황연우의 잠입이 노동자 내부의 대안을 만든다.","신입 500명을 결속해 새 노조 설립 기반을 만든다.","0호기로 성적·도박·폭력 이력을 걸러 500명을 뽑고 황연우를 서른대 신입으로 위장시켜 교육장에서 새 노조 창설을 제안하게 한다.","감시 기반 선발의 위험, 황연우의 신변, 기존 노조의 물리적 봉쇄와 한 달 파업이 비용이다.","평범한 신입처럼 들어간 황연우의 제안에 500명이 일하고 싶다는 공동 이해로 모인다.","새 노조의 집단 정체성과 회사가 직접 말하기 어려운 내부 지도자를 얻는다.","관계·조직·정보","흩어진 신입들이 황연우를 중심으로 한 대항 조직으로 바뀐다.","공장 정문에서 쇠파이프를 든 기존 노조와 실제 충돌한다.","신규 500명 선발과 새 노조 제안","정문 폭력·설립 신고·구노조 이탈","A032","high"
"94","ⓚ94화.","파업(3)","23523","23767","신입 500명과 황연우는 공장 입구에서 기존 노조의 폭력에 막힌다.","맞은 몸·다각도 영상·동료 보호가 새 노조의 정당성으로 바뀐다.","폭력을 견뎌 신고를 마치고 기존 조합원까지 흡수한다.","황연우가 쇠파이프 공격을 받아 진단서를 남기고 신입들이 그를 감싸며, 0호기가 CCTV 12개 영상을 편집해 LED 차량으로 채용 뇌물을 공개한다.","황연우의 실제 부상과 집단 충돌, 영상 공개 뒤 보복 위험이 크다.","신입들이 다친 황연우를 영웅으로 받아들이고 구노조 조합원들도 비리를 확인해 공장 길을 연다.","새 노조 신고와 500명의 충성, 구노조 구성원에게 접근할 도덕적 우위를 얻는다.","관계·조직 지위·감정","위장 신입 황연우가 구성원이 선택한 지도자로 인정되고 구노조의 결속이 깨진다.","구노조 300명 이탈을 확정하고 파업 뒤 생산 방해를 막아야 한다.","정문 봉쇄와 새 노조 설립","구노조 해산·금형 테러","A032","high"
"95","ⓚ95화.","금형(1)","23768","24018","구노조에서 300명이 이탈해 파업은 끝나지만 전 위원장 안동구가 보복을 준비한다.","노사 승리 직후 생산의 물리적 급소인 금형을 파괴해 새 위기를 만든다.","파업을 종결하고 도난당한 대시보드 금형을 회수한다.","임금·보너스 합의로 구노조를 해산시키고 황연우를 위원장으로 세운 뒤 대지의 기억과 0호기로 내부자·트럭을 추적한다.","금형은 6개월 제작품이고 재고는 나흘뿐이며 안동구가 재방파 인맥으로 절도·파괴를 지시한다.","스크랩장에서 금형이 이미 산산조각 난 사실이 드러나 단순 회수로는 생산을 살릴 수 없다.","파업 종료와 새 노조 우위는 확정되지만 생산 병목의 핵심 물건을 특정한다.","조직·생산·적대 관계","노사 갈등이 임금 협상에서 재방파가 낀 산업 파괴 사건으로 바뀐다.","골렘 마법으로 부서진 금형을 원상복구할 수 있는지가 걸린다.","기존 노조 해산과 파업 종료","금형 복원·안동구 처벌·재방파 연결","A033","high"
"96","ⓚ96화.","금형(2)","24019","24263","부서진 금형 때문에 나흘 뒤 생산 중단이 예상되고 재방파 연결은 아직 정황뿐이다.","골렘이 설계도를 따라 금속 자체를 다시 빚어 시간 비용을 지운다.","금형을 즉시 복원하고 재범을 잡아 배후를 좁힌다.","부서진 금형에 휴대폰을 더해 골렘으로 만들고 0호기 설계도로 반복 수정해 완성한 뒤 두 번째 절도를 예상해 경찰을 대기시킨다.","균열·주름 보정 실패 가능성과 기술 비밀 노출, 재방파의 보복이 따른다.","6개월짜리 금형이 30분 안에 완성되고 안동구가 망치로 다시 깨도 스스로 복구해 현행범으로 붙잡힌다.","50억 원급 금형 기술과 생산 연속성, 안동구 체포, 재방파·라칼 연결 정황을 얻는다.","능력·생산·정보","골렘은 공장을 돌리는 수준을 넘어 파괴된 산업 자산을 자기복원하는 제조 기술이 된다.","재방파가 창립 멤버를 노릴 가능성 때문에 특수 차량 보호가 필요하다.","금형 파괴와 생산 중단 위기","창립 멤버 보호·재방파 정면 공격","A033","high"
"97","ⓚ97화.","베리어(1)","24264","24517","재방파 위협 때문에 창립 멤버의 이동 안전과 자동차사의 다음 차별점이 동시에 필요하다.","차량 골렘과 6서클 베리어가 사람을 살리는 절대 안전 장치로 증명된다.","창립 멤버를 보호하고 충격을 0으로 만드는 신형 에어백을 만든다.","세 차량을 0호기 통제 골렘으로 만들고 운전자 실드를 더한 뒤 세계 상위 슈퍼컴퓨터를 3000억 원에 사며 새 학습권으로 베리어를 열어 충돌시험한다.","주식 2000억 원 매각과 슈퍼컴퓨터 투자, 여덟 차례 고속 충돌, 마법 기술 노출 위험이 있다.","시속 200km 충돌에서도 운전석과 더미 충격량이 0으로 반복 측정된다.","세계에 없는 베리어 에어백과 창립 멤버용 자율 방호차를 얻는다.","능력·제품·관계","자동차 안전 경쟁력이 충격 감소에서 충격 0의 초현실 기술로 도약하고 동료 보호가 제품 개발과 합쳐진다.","에어백만 팔지 않고 이 기술로 세계 자동차 시장을 흔들 방법이 필요하다.","창립 멤버 방호차와 베리어 실험","미국 실차 사고·대통령 의전차 협업","A034","high"
"98","ⓚ98화.","베리어(2)","24518","24754","베리어 기술은 연구실에만 있고 도겸은 부품 판매 대신 완성차 도약을 원한다.","미국 생중계 사고가 정부 수요와 GM 협업으로 확대된다.","베리어의 공개 효과를 이용해 미국 대통령 의전차 공동제작권을 얻는다.","캘리포니아 추격전의 메피스 생존 장면을 지켜보고 에어백만 요구한 미국 대사에게 GM과의 의전차 공동개발을 역제안한다.","미국 정부·GM의 기술 요구, 군사·우주 전용 가능성, 작은 한국 업체에 대한 불신이 압력이다.","미 국방부가 충격 흡수 현상을 전략 기술로 평가해 GM에 협력을 압박하고 대사가 공동제작을 승인한다.","미국 판매 급증과 대통령 의전차 참여, GM 기술에 합법적으로 접근할 통로를 얻는다.","국제 지위·시장·관계","세운자동차는 부품 공급자가 아니라 미국 정부가 GM과 함께 앉힌 완성차 기술 파트너로 올라선다.","0호기가 GM 기술을 흡수할 새 슈퍼컴퓨터와 현장 접속이 필요하다.","미국 사고 생존과 의전차 협업 승인","GM 기술 흡수·신차 개발","A034","high"
"99","ⓚ99화.","기술이전(1)","24755","24990","미국 의전차 협업은 열렸지만 GM은 세운 팀을 참관자로만 취급한다.","골렘 네트워크가 닫힌 연구소를 거대한 기술 교본으로 바꾼다.","GM의 부품·공정·시험 데이터를 흡수해 세운 신차에 적용한다.","새 슈퍼컴퓨터를 하위 골렘으로 만들어 0호기에 연결하고 디트로이트 시험 PC와 의전차를 몰래 골렘화해 데이터베이스·CCTV·장비에 접근한다.","산업기밀 침해와 미 정부 보안, 기술 유출 발각 시 소송·외교 파장이 비용이다.","0호기가 GM 현장 전체에서 정보를 수집해 차·공장·금형 개선만으로도 200억 원 이상 가치를 계산한다.","세계급 자동차 기술과 실시간 연구소 관측 통로를 얻는다.","정보·기술·사업","참관사였던 세운이 보이지 않게 GM의 축적 기술을 자기 설계 자산으로 전환한다.","신차에 기술을 적용하면 필연적으로 GM이 도용을 문제 삼는다.","GM 연구망 침투와 기술 수집","아르곤 출시·기술도용 분쟁","A034","high"
"100","ⓚ100화.","기술이전(2)","24991","25204","0호기가 흡수한 GM 기술을 일부 반영한 신차 아르곤이 출시를 앞둔다.","기술도용 위기를 방탄복·국가안보 거래와 F1 우승으로 되받아친다.","아르곤을 흥행시키고 GM·미 정부의 소송 위협을 협력 관계로 바꾼다.","신차를 출시한 뒤 미국 대사에게 베리어 방탄복을 차량·M9·M4로 시연하고 100벌·에어포스원 각인을 제안하며 GM 한 차종 에어백 공급과 F1 골렘차를 운용한다.","GM 기술 소송과 외교 압박, 마나·마정석 소모, 핵심 마법의 군사적 탐욕과 F1 비용이 있다.","75발을 막는 1kg 미만 방탄복이 미국의 우선순위를 소송에서 조달로 바꾸고 정부가 GM 분쟁을 막기로 한다.","국내 4만·해외 5만 대 이상 선주문, 점유율 15%에서 23%, 분쟁 종결, F1 우승이 결산된다.","시장·국가 관계·제품 지위·능력","세운자동차가 기술도둑 피고 후보에서 미국 방호 기술 공급자이자 F1 우승 제조사로 역전된다.","F1 승리의 판매 효과와 창립 멤버 방호차가 재방파 공격에서 실제 검증된다.","아르곤 출시·GM 분쟁·미국 방호 협상","F1 흥행 지속·창립 멤버 공격 대응","A034","high"
"101","ⓚ101화.","기술이전(2)","25205","25449","F1 첫 우승으로 주문이 폭주하고 0호기는 외제차 실험 데이터를 모두 흡수했다.","막대한 투자가 매출과 사람을 지키는 선물로 돌아온 뒤 적의 물리 공격을 맞는다.","F1 성과를 반복하고 창립 멤버를 보호하며 재방파·라칼 자금 장부를 얻는다.","1500억 원 이상 시즌 투자를 이어 가고 외제차 골렘에서 기술을 추출한 뒤 골렘·베리어·실드 차량을 세 창립 멤버에게 주며 김건웅이 김대석에게 10억 원을 주고 장부 5권을 산다.","대규모 F1 비용, 불법 자금 장부 거래, 재방파 30명의 매복과 김대석·김건웅의 생명 위험이 있다.","1996~2000년 재방파 자금 장부를 얻은 직후 승합차들이 길을 막고 김건웅은 자신이 탄 차가 골렘임을 모른 채 포위된다.","F1 주문 폭주, 세계에 넉 대뿐인 방호차를 동료에게 지급, 라칼 연결 장부 확보가 지급된다.","관계·증거·시장·보호 능력","성공한 회사의 기술이 창립 멤버를 위한 개인 안전망으로 돌아가고 정보전은 자금 장부라는 물증 단계로 간다.","골렘 차가 매복에서 김건웅을 구할지와 다른 동료를 향한 동시 공격이 걸린다.","F1 첫 우승과 외제차 기술 추출","재방파 매복 탈출·창립 멤버 직접 공격","A035","high"
"102","ⓚ102화.","전면전(1)","25450","25687","김건웅은 재방파 30명에게 포위됐고 라칼 측은 창립 멤버를 직접 노리기 시작했다.","사람을 건드린 공격이 증거 공개와 공식 후계전 선포로 되돌아간다.","동료를 지키고 라칼·조도훈을 그룹 권력에서 배제할 전면전을 연다.","골렘 차로 김건웅을 탈출시키고 병원에서 다리가 망가진 홍수홍에게 회복을 약속한 뒤 재은은행 살인 자료와 라칼·도훈 관계를 언론·검찰에 풀고 사장단 회의에서 형을 추궁한다.","홍수홍은 현재 의료와 마법으로 걷지 못하고 라칼은 출국할 수 있으며 가족·그룹 전체가 공개 전쟁에 들어간다.","아버지는 판결 전 도훈 해임은 거부하지만 두 아들의 충돌을 보고 공식 차기 회장을 정하겠다고 선언한다.","김건웅 생존, 라칼의 살인 공작 공개, 검찰 수사와 후계 선정의 공식 의제가 확보된다.","가족 권력·적대 관계·감정·목표","비밀 증거전이 조도훈을 정면 지목하는 사장단 전쟁으로 바뀌고 도겸의 보호 대상과 복수 이유가 선명해진다.","조문홍의 차기 회장 결정과 홍수홍의 다리 회복, 라칼·재방파의 반격이 다음 구간으로 넘어간다.","김건웅 매복 탈출과 보유 증거 공개","차기 회장 결정·홍수홍 치료·라칼 전면전","A035","high"
"103","ⓚ103화.","전면전(2)","25688","25899","조문홍의 교통사고 뒤 조도겸과 조도훈의 후계 경쟁이 공개 결산 단계에 들어간다.","재벌 후계전이 주주투표와 자금전으로 커지는 장면","세운그룹 지분을 확보할 10조 원 이상을 마련한다.","백두빌딩에서 0호기와 매수 전략을 짜고 아부다비의 칼리안에게 마법 각인 방탄복을 담보성 제안으로 내민다.","필요 자금은 25조 원 안팎이고 라칼도 조도훈에게 10조 원을 댄다.","조문홍의 주주투표는 갈등을 결산하면서 그룹 주가와 화제성까지 올리려는 경영 수였다.","조도겸이 칼리안과 대등한 10조 원 조달 협상에 진입한다.","돈·지위·관계","후계전이 형제 간 실적 비교에서 전 계열사 주주를 상대로 한 50조 원 규모 전면전으로 바뀐다.","방탄복 가치를 믿지 않는 칼리안에게 조도겸이 직접 효능을 보여 주려 한다.","사장단이 요구한 후계 결정 방식","칼리안의 10조 원 대출 조건과 주주 표심 확보","A035","high"
"104","ⓚ104화.","중도(1)","25900","26120","칼리안은 방탄복 100벌만으로 10조 원을 빌려주기 어렵다고 본다.","마법 기술을 자금과 신뢰로 환전하는 통쾌한 협상","10조 원을 확보하고 대주주 표를 조도겸 쪽으로 묶는다.","차를 벽에 들이받아 방탄복을 시연하고 대출 계약을 맺은 뒤 0호기로 주식을 매수하며 외할머니 식당에서 임남구를 참과 힙노시스로 설득한다.","패배하면 칼리안 밑으로 들어가 기술까지 넘겨야 하고 주가는 이미 상한가이며 대주주는 조도훈의 인사권 약속을 받았다.","칼리안은 조도겸의 신의를 담보로 10조 원을 당일 송금하고 임남구는 방탄복을 입어 지지 의사를 보인다.","10조 원과 세운전자 8% 보유 대주주의 지지 기반을 얻는다.","돈·관계·지위","칼리안은 채권자이자 친구로 더 깊이 묶이고 임남구는 조도겸 편으로 기운다.","남은 대주주와 개인 주주의 표심 경쟁","라칼의 10조 원 우위와 방탄복 가치 증명","남은 대주주와 개인 주주의 표심 경쟁","A035","high"
"105","ⓚ105화.","중도(2)","26121","26353","주주투표 21일 전 조도겸은 50명 대주주의 약 10% 지분을 접촉했다.","언론과 마법을 결합해 대중을 자기 편으로 만드는 선거전","개인 주주가 주식을 보유한 채 자신에게 투표하게 한다.","0호기 보조로 생방송 함정 질문을 받아치고 호감 마법을 건 연속 인터뷰와 세운자동차 광고로 팬클럽을 키운다.","개인은 작은 이익에도 주식을 팔 수 있고 하루 여섯 건의 방송으로 조도겸의 정신력과 체력이 소모된다.","주식 한 주 보유를 가입 조건으로 한 팬클럽이 성장하고 광고 뒤 신차 선주문까지 폭주한다.","언론 노출이 지지율 15% 우위와 팬클럽 20만 명이라는 투표 자산으로 바뀐다.","지위·관계·돈","추가 자금이 막힌 라칼이 조도훈을 경멸하면서도 더 잔인한 수를 찾는다.","라칼의 추가 자금·암살 대응과 최종 투표","대주주 10% 접촉과 개인 주주용 서사 구축","라칼의 추가 자금·암살 대응과 최종 투표","A035","high"
"106","ⓚ106화.","결과(1)","26354","26617","라칼은 후계전에서 밀리자 영국의 대부에게 추가 10조 원을 구하러 간다.","돈으로 못 이긴 적이 살인으로 넘어와도 마법으로 압도하는 응징","투표 전 마지막 변수를 없애고 배신한 대주주를 통제한다.","라칼의 대부는 자금 대신 잔혹함을 요구하고 라칼은 암살을 명령한다. 조도겸은 재방파 약 100명을 체인 라이트닝으로 쓰러뜨리고 어스 메모리로 김정웅의 공모를 확인해 블라인드와 힙노시스를 건다.","6서클 개방 기회 하나를 소모하고 불법 공격 흔적과 CCTV를 지워야 하며 대주주 김정웅까지 배신했다.","체인 라이트닝이 홍 사장의 다리를 망가뜨린 재방파 전력을 한꺼번에 무력화하고 김정웅의 거짓말도 현장 기억으로 드러난다.","체인 라이트닝이 홍 사장의 다리를 망가뜨린 재방파 전력을 한꺼번에 무력화하고 김정웅의 거짓말도 현장 기억으로 드러난다.","능력·관계","조도겸이 6서클 광역 전격마법을 얻고 재방파와 김정웅을 공포로 제압한다.","김정웅에게 건 힙노시스가 어떤 굴복을 만들지 직전에 끊긴다.","라칼의 추가 자금 요청 실패와 재방파 습격","김정웅 처분과 주주투표 당일의 최종 공격","A035","high"
"107","ⓚ107화.","결과(2)","26618","26895","실명과 공포 암시에 걸린 김정웅이 조도겸 손에 매달린다.","가족 식탁의 긴장부터 암살·해킹을 뚫고 부회장 호칭을 얻는 대결산","주주투표를 온전히 끝내 조도훈을 꺾고 부회장이 된다.","김정웅의 시력을 잠시 돌려 월별 치료제로 복종시키고 아침 식탁에서 승복을 약속한다. 사방 화물차 습격은 배리어·그리스·어스 브레이크로 탈출하고 0호기로 투표 해킹을 막는다.","조도훈은 출근길 차량 암살과 100곳 이상 해킹을 동원하며 조도겸의 득표는 예상보다 근소하다.","35% 대 30%로 조도겸이 이기고 조문홍이 직접 손을 들어 주며 조도겸 부회장이라 부른다.","35% 대 30%로 조도겸이 이기고 조문홍이 직접 손을 들어 주며 조도겸 부회장이라 부른다.","지위·가족·관계","조도겸이 20대 세운그룹 부회장이 되고 조도훈은 사장단 앞에서 패자가 된다.","조도훈·라칼의 복수와 부회장으로서 첫 경영 과제","후계자 투표와 형제 실적 경쟁","조도훈·라칼의 복수와 부회장으로서 첫 경영 과제","A035","high"
"108","ⓚ108화.","세운전자(1)","26896","27141","부회장 선출 다음 날 라칼은 실패 책임으로 대부의 시동 겸 살인자가 되고 조도훈은 미국으로 물러난다.","새 지위를 현금 흐름과 마법 제품으로 즉시 바꾸는 취임 보상","세운전자 사장을 겸임해 매년 1조 원 상환 재원을 만든다.","창립멤버 축하 자리에서 폭락한 지분을 팔지 않기로 하고 세운전자에 입성해 프로즌 포그·퓨리피케이션·클린·드라이를 다섯 가전에 각인한다.","칼리안에게 10조 원을 갚아야 하고 세운전자는 국내 가전 3위이며 조도훈 파벌이 임원진을 차지한다.","옛 적 이동일 부사장도 부회장님이라 90도 인사하고 하루 만에 다섯 로열티 제품의 원형이 생긴다.","옛 적 이동일 부사장도 부회장님이라 90도 인사하고 하루 만에 다섯 로열티 제품의 원형이 생긴다.","지위·돈·능력·호칭","조도겸은 부회장 겸 세운전자 사장으로 적진을 접수하고 가전 프리미엄 라인을 시작한다.","다섯 가전의 상용화와 연 1조 원 상환","부회장 취임 후 첫 자리와 사업 선택","다섯 가전의 상용화와 연 1조 원 상환","A036","high"
"109","ⓚ109화.","세운전자(2)","27142","27369","마법 각인 가전 다섯 종이 프리미엄 라인으로 개발되기 시작했다.","마법 제품이 매장 선택과 매출·로열티로 이어지는 사업 보상","국내 점유율을 안정시키고 해외 판로를 연다.","바이러스까지 제거하는 공기청정기를 시작으로 냉장고·에어컨·세탁기·건조기를 출시하고 중동 시제품을 칼리안에게 가져가려 한다.","다섯 제품 로열티도 연 2천억 원 수준이라 1조 원 상환에는 부족하고 해외 인지도도 낮다.","두 달 만에 판매량 50% 증가와 국내 점유율 30% 진입 전망이 나온다.","두 달 만에 판매량 50% 증가와 국내 점유율 30% 진입 전망이 나온다.","돈·지위","세운전자가 국내 3위에서 프리미엄 가전 강자로 올라서고 DK에 연 2천억 원 로열티 길이 열린다.","중동 판로와 정일준의 연구자료 절도","다섯 가전 상용화와 국내 프리미엄 수요 검증","중동 판로와 정일준의 연구자료 절도","A036","high"
"110","ⓚ110화.","업계 1위(1)","27370","27575","조도겸은 중동용 가전 시제품을 들고 다시 칼리안 저택을 찾고 정일준은 미래전자에 자료를 넘기려 한다.","왕족 인맥으로 판로를 뚫고 8년 묵힌 특허로 스마트폰 시장을 선점하는 확장","중동 판매를 폭발시키고 세운전자의 다음 먹거리인 스마트폰을 시작한다.","칼리안 연회 홍보 약속으로 공기청정기 30만 대 주문을 만들고 오민규 등 연구진을 세운음향 기술관에 데려가 터치·디자인·잠금 특허를 공개한다.","세운전자 휴대폰 매출은 미국 스마트폰 때문에 급락하고 특허 장벽에 막혀 있다.","세운음향이 8년간 축적한 특허가 A플보다 앞섰음이 드러나 내년 초 출시가 가능해진다.","세운음향이 8년간 축적한 특허가 A플보다 앞섰음이 드러나 내년 초 출시가 가능해진다.","돈·능력·지위","가전은 중동 활로를 얻고 세운전자·세운음향 합작 스마트폰 개발이 본격화된다.","배터리 문제와 스마트폰 출시·로열티","중동 가전 판로 확보","배터리 문제와 스마트폰 출시·로열티","A037","high"
"111","ⓚ111화.","업계 1위(2)","27576","27784","세운음향 특허를 적용한 스마트폰 개발이 시작됐으나 배터리와 통신사 장벽이 남았다.","회귀 지식으로 조직을 재편하고 아버지 인맥까지 동원해 악법을 흔드는 승부","스마트폰 개발 자원을 집중하고 국내 출시를 막는 통신법을 바꾼다.","피처폰 인력을 스마트폰으로 옮기고 세운배터리와 마법으로 30% 향상 배터리를 공급한 뒤 조문홍과 미국 대사를 움직여 여론전을 연다.","피처폰이 세운전자 매출 20%를 차지하고 3대 통신사가 와이파이폰을 막으며 국회의원도 로비에 묶여 있다.","조문홍은 도겸이를 부회장으로 선출하길 잘했다며 인정하고 미국 정부가 FTA 위반 검토를 발표한다.","조문홍은 도겸이를 부회장으로 선출하길 잘했다며 인정하고 미국 정부가 FTA 위반 검토를 발표한다.","가족·관계·능력·지위","아버지와 아들이 법 개정 목표로 한 팀이 되고 스마트폰 기술 병목이 해소된다.","통신법 개정과 통신 카르텔의 반격","배터리 성능 병목과 내부 자원 배분","통신법 개정과 통신 카르텔의 반격","A037","high"
"112","ⓚ112화.","스마트폰(1)","27785","28017","미국 정부의 강경 입장문으로 통신 카르텔의 균열이 시작됐다.","법 개정과 제품 발표를 연쇄시켜 시대를 앞선 매지션을 세상에 내놓는 보상","단말기 자급제를 통과시키고 매지션을 세계 시장에 각인한다.","방탄복 천 벌·방탄차량 50대로 미국 협력을 사고 CT통신과 A플의 독점 계약을 유도한다. 법 개정 뒤 샌프란시스코에서 지문 인식과 0호기 기반 음성 AI를 시연한다.","CT통신은 국내 제조사 보복을 감수해야 하고 조도겸은 공학 전문성이 약하며 A플과의 유사성 의혹이 예상된다.","2008년 1월 단말기 자급제가 시행되고 매지션의 AI 자기소개에 관계자들이 기립박수한다.","2008년 1월 단말기 자급제가 시행되고 매지션의 AI 자기소개에 관계자들이 기립박수한다.","세계·지위·돈","한국 스마트폰 시장이 열리고 세운전자가 A플과 직접 경쟁하는 혁신 기업으로 재평가된다.","기술 도용 의혹에 대한 반전 증명","통신법 개정과 매지션 개발","기술 도용 의혹에 대한 반전 증명","A038","high"
"113","ⓚ113화.","스마트폰(2)","28018","28234","매지션 발표장에서 A플 기술 도용이라는 질문이 쏟아진다.","도용 의혹을 선점 특허와 실제 제품으로 뒤집어 판매 폭발로 갚는 반전","세운전자의 독창성을 증명하고 선주문과 장기 로열티를 확보한다.","세운음향 특허증·8년 연구 영상·4년 전 5대 한정 스마트폰을 공개하고 시연장 바닥의 호감 마법진과 0호기 여론전을 사용한다.","미국 관계자들은 이름 없는 한국 기업의 선행 기술을 믿지 않고 해외 커뮤니티도 조작이라 공격한다.","100만 대 선주문과 1천만 대 연간 목표가 생기고 매달 DK 로열티가 900억 원으로 뛴다.","100만 대 선주문과 1천만 대 연간 목표가 생기고 매달 DK 로열티가 900억 원으로 뛴다.","돈·지위·관계","세운전자는 A플과 특허 공방을 벌일 자격을 얻고 조도겸은 통신사·위성까지 잇는 다음 그림을 연다.","DK통신 인수와 인공위성 사업","기술 도용 의혹과 매지션 1차 출시","DK통신 인수와 인공위성 사업","A038","high"
"114","ⓚ114화.","간판(1)","28235","28438","매지션은 국내 2강에 들었지만 해외에서는 세운전자 인지도가 낮다.","세계적 석학을 돈이 아니라 마법 같은 기술과 꿈으로 영입하는 인재 보상","세운전자 해외 신뢰를 책임질 간판이자 기술 리더를 데려온다.","케임브리지에서 코일 박사에게 마인드 리딩 헤드셋을 씌워 생각을 목소리로 바꾸고 CTO와 기술 참여권을 제안한다.","코일은 돈으로 움직이지 않으며 몸이 불편하고 원리를 숨긴 기술을 경계할 수 있다.","코일은 30년 교수직을 접고 세운전자 CTO가 되어 기술을 가장 가까이에서 보겠다고 악수한다.","코일은 30년 교수직을 접고 세운전자 CTO가 되어 기술을 가장 가까이에서 보겠다고 악수한다.","관계·지위·능력","코일 박사가 세운전자의 얼굴이자 조도겸의 핵심 동료가 된다.","코일에게 약속한 기술 접근과 실제 활용","해외 인지도용 간판 영입","코일에게 약속한 기술 접근과 실제 활용","A039","high"
"115","ⓚ115화.","간판(2)","28439","28661","코일 박사가 세운전자 CTO로서 CES 무대에 처음 선다.","불편한 몸을 마법 기계팔로 확장해 세계의 기립박수와 매출을 동시에 받는 장면","코일의 명성과 기술 시연으로 세운전자 세계 판매를 폭발시킨다.","독심술 헤드셋과 로봇팔 골렘을 뇌파 기술로 포장해 CES에서 공개하고 순회 발표를 맡긴다. 창립멤버 황연우와 김건웅을 상무로 승진시킨다.","코일은 원리를 모르는 기술을 홍보해 자존심이 상하고 연구진 누구도 핵심 기술을 설명하지 못한다.","매지션 월 200만 대·연 2천만 대 전망과 월 1천억 원대 로열티가 생기며 코일은 두 번째 기계팔을 선물받는다.","매지션 월 200만 대·연 2천만 대 전망과 월 1천억 원대 로열티가 생기며 코일은 두 번째 기계팔을 선물받는다.","돈·관계·지위·호칭","황연우·김건웅은 상무가 되고 코일은 세운전자에 깊이 들어오지만 기술 비밀을 의심한다.","마정석 비밀 공개 여부와 DK통신 인수","코일의 간판 역할과 매출 증명","마정석 비밀 공개 여부와 DK통신 인수","A039","high"
"116","ⓚ116화.","이동통신사(2)","28662","28880","코일은 연구진이 핵심 기술을 모른다는 사실을 확인하고 사기를 당한 기분이라 말한다.","신뢰를 지키기 위해 마정석 일부를 공개하고 우주 사업의 동반자로 격상시키는 관계 전환","코일을 붙잡고 세운스페이스 인재를 모으며 DK통신 기반을 만든다.","마정석을 보여 주고 수만 위성 와이파이 구상을 설명해 코일에게 헤드헌팅을 맡긴다. 동시에 세운통신과 지역 통신사 7개를 4천억 원에 인수한다.","마법 자체는 공개할 수 없고 민간 로켓은 기술·자금 장벽이 높다. 반대편에서는 라칼이 조민우를 새 후계 도구로 영입한다.","코일은 조도겸의 큰 꿈을 인정해 세운스페이스 중심이 되고 통신사 인수도 완료된다.","코일은 조도겸의 큰 꿈을 인정해 세운스페이스 중심이 되고 통신사 인수도 완료된다.","관계·세계·돈","코일과의 관계가 광고 간판에서 비밀을 공유한 우주 동업자로 바뀌고 DK통신이 출범 직전이 된다.","세운스페이스 인재 영입·DK통신 고객 확보·조민우의 복수","코일의 기술 불신","세운스페이스 인재 영입·DK통신 고객 확보·조민우의 복수","A040","high"
"117","ⓚ117화.","이동통신사(2)","28881","29127","DK통신은 지역 가입자만으로는 매달 수십억 원 적자가 예상된다.","낡은 선박과 부패한 위성 거래까지 마법 인프라로 바꾸는 기상천외한 통신사 창업","메이저 통신사와 경쟁할 독자 해저망과 인공위성을 확보한다.","거제에서 800억 원 중고 케이블선을 선박 골렘으로 만들고 매설 장비에 디그·에어 블래스트를 각인한다. 황연우 인맥과 페이퍼컴퍼니로 대한통신 위성·주파수를 헐값에 산다.","해저 케이블 정상 견적은 2조5천억 원이고 대한통신 거래에는 임원 다섯 명에게 불법 금괴를 건네는 위험이 있다.","3천억 원대 방식으로 일본 직통 케이블 공사가 시작되고 DK통신이 위성 독점 사용권을 확보할 길이 열린다.","3천억 원대 방식으로 일본 직통 케이블 공사가 시작되고 DK통신이 위성 독점 사용권을 확보할 길이 열린다.","돈·능력·세계","DK통신이 지역회사 묶음에서 자체 국제망·위성망을 가진 도전자로 변한다.","케이블 완공·위성 매각 수사·대규모 고객 유치","지역 통신사 통합","케이블 완공·위성 매각 수사·대규모 고객 유치","A040","high"
"118","ⓚ118화.","이동통신사(3)","29128","29340","DK통신은 고객이 적고 세운자동차·전자와 묶을 강한 공개 이벤트가 필요하다.","코일이 무인 자율주행 전기차를 시연해 통신 기술을 대중적 지위로 환전하는 쇼","DK통신의 인지도를 폭발시키고 가입자를 늘린다.","코일이 인공위성·0호기와 연결된 전기차 알파의 서울 주행을 발표하고 세운자동차 연구비 1500억 원을 DK통신에 우회 투입한다.","통신 카르텔은 DK의 성장에 지방자치단체와 환경단체를 동원해 기지국 허가를 막는다.","가입자와 세운 계열사·DK통신 주가가 급등하고 코일 박사가 인정한 DK통신이라는 간판이 생긴다.","가입자와 세운 계열사·DK통신 주가가 급등하고 코일 박사가 인정한 DK통신이라는 간판이 생긴다.","지위·돈·관계","DK통신이 4위권 도전자로 보이기 시작하고 메이저 3사가 공동 견제에 들어간다.","기지국 봉쇄와 통신 카르텔 전쟁","DK통신 대중 인지도 확보","기지국 봉쇄와 통신 카르텔 전쟁","A040","high"
"119","ⓚ119화.","이동통신사(4)","29341","29557","지자체와 환경단체가 DK통신 기지국을 도시미관 문제로 막는다.","상대가 만든 규칙을 투명화 마법과 계열사 거래로 역이용하는 반격","기지국 설치를 재개하고 세운건설 고객망을 DK통신으로 흡수한다.","인비지빌리티를 개방해 기지국을 완전히 숨기고 타사 노후 기지국을 여론 표적으로 돌린다. 세운건설에는 사일런트 층간소음 기술을 무료 제공하는 대신 DK통신 기본망을 요구한다.","낮은 서클 마법 개방은 7서클 진입을 늦추고 메이저 3사는 가격 담합으로 치킨게임을 건다.","조주영 사장이 세운그룹의 미래가 부회장님 손에 달렸다며 무조건 따르고 아파트 통신망을 열어 준다.","조주영 사장이 세운그룹의 미래가 부회장님 손에 달렸다며 무조건 따르고 아파트 통신망을 열어 준다.","관계·호칭·돈·능력","조주영의 충성·신뢰가 명시되고 DK통신은 세운건설 주거망을 얻는다.","통신 가격전과 세운건설의 중동 보답","기지국 미관 봉쇄","통신 가격전과 세운건설의 중동 보답","A040","high"
"120","ⓚ120화.","서브 프라임(1)","29558","29808","통신·우주 등 관리 사업이 늘어난 조도겸은 익숙한 노래로 2008년 기억을 되짚는다.","놓칠 뻔한 미래 지식을 되찾아 10조 원 빚을 갚을 거대한 투자 기회를 잡는 순간","미국 금융위기 하락에 2조 원 전부를 베팅한다.","미국 주식을 매도하고 홍 사장·황연우에게 모기지 파산보험과 리먼브라더스 공매도를 맡긴다. 한편 금괴 골렘으로 대한통신 임원들의 비자금까지 회수한다.","창립멤버도 미국 4대 금융사 파산을 믿기 어렵고 위성 매각 수사가 DK 자금까지 추적할 수 있다.","IMF를 맞힌 조도겸에 대한 홍 사장의 신뢰가 팀의 과감한 2조 원 투자를 성립시키고 금괴 증거는 스스로 사라진다.","IMF를 맞힌 조도겸에 대한 홍 사장의 신뢰가 팀의 과감한 2조 원 투자를 성립시키고 금괴 증거는 스스로 사라진다.","돈·관계·능력","DK의 유동자금이 미국 하락 베팅으로 전환되고 대한통신 뇌물 증거·임원 비자금은 골드 골렘이 회수한다.","리먼 파산 결산과 통신 카르텔 치킨게임","대한통신 금괴 흔적 제거","리먼 파산 결산과 통신 카르텔 치킨게임","A041","high"
"121","ⓚ121화.","서브 프라임(2)","29809","30048","홍 사장과 황연우는 미국에서 2조 원 규모 공매도·보험 포지션을 채운다.","먼저 선을 넘은 통신 카르텔을 해저 골렘으로 되받아 4위까지 치고 오르는 복수","금융 베팅을 유지하면서 DK통신의 생존과 점유율을 지킨다.","기지국 20곳 염산 테러 뒤 해양 골렘으로 경쟁사 공용 해저케이블을 절단하고 DK망만 정상인 동안 위약금까지 대신 내 고객을 끌어온다.","메이저 3사의 자금·폭력 견제와 해저케이블 파괴가 드러날 위험이 있다.","DK통신이 일주일 만에 점유율 4위로 올라 3위와 5% 이내로 좁힌다.","DK통신이 일주일 만에 점유율 4위로 올라 3위와 5% 이내로 좁힌다.","지위·돈·능력","DK통신이 생존 방어 단계에서 카르텔을 위협하는 전국 4위 사업자로 바뀐다.","금융위기 수익 실현과 통신 3위 진입용 큰 한 방","기지국 테러에 대한 보복과 2조 원 베팅 집행","금융위기 수익 실현과 통신 3위 진입용 큰 한 방","A041","high"
"122","ⓚ122화.","서브 프라임(3)","30049","30262","2008년 9월 리먼브라더스가 파산하며 DK의 2조 원 베팅이 결산된다.","8조 원 수익을 사람·주식·우주 사업에 배분하고 창립멤버와 축배를 드는 성취 보상","빚을 갚고 세운그룹 지분과 세운스페이스 초기 자본을 동시에 확보한다.","수익 중 1조 원은 칼리안 상환, 4조 원은 세운 주식, 3조 원은 우주 사업으로 배치한다. 귀환한 홍 사장 등 세 창립멤버에게 각 100억 원 성과급을 준다.","금융위기와 한미 미사일 지침이 우주 사업을 막고 조문홍은 상속세 때문에 은퇴를 미룬다.","홍 사장이 개선장군 환영을 받고 창립멤버 4명만의 파티에서 충성에 현금 보상을 받는다.","홍 사장이 개선장군 환영을 받고 창립멤버 4명만의 파티에서 충성에 현금 보상을 받는다.","돈·관계·가족","DK 자금 규모가 한 단계 커지고 창립멤버 관계가 피고용을 넘어 전우로 강화된다.","우주 사업 규제 해제와 조문홍을 노린 칼잡이","서브프라임 하락 베팅과 칼리안 첫 상환 재원","우주 사업 규제 해제와 조문홍을 노린 칼잡이","A041","high"
"123","ⓚ123화.","유산(1)","30263","30555","재방파 두목 도재방이 조문홍을 노리고 세운 본사 앞에 매복한다.","아들이 준 방탄복이 아버지를 구하지만 뜻밖의 죽음과 회장 승계로 감정을 뒤집는 가족 결산","아버지의 죽음을 수습하고 유언에 따라 세운그룹을 지킨다.","조문홍은 배리어 방탄복으로 칼을 막고 되살아난 혈기로 임원들과 술을 마신다. 다음 날 복상사로 숨지고 조도겸이 장례와 보도 통제를 맡는다.","마법도 조문홍의 과음·격한 행동까지 막지는 못하고 큰형·작은형은 장례에도 오지 않는다.","1만 명이 조문한 장례 뒤 유언으로 30% 지분·저택과 함께 조도겸의 회장 취임이 선포된다.","1만 명이 조문한 장례 뒤 유언으로 30% 지분·저택과 함께 조도겸의 회장 취임이 선포된다.","가족·지위·호칭·관계","조문홍은 사망하고 조도겸은 부회장에서 세운그룹 회장으로 올라선다.","8조 원 상속세와 구세대 사장단의 인정","도재방의 습격과 조문홍의 후계 결정","8조 원 상속세와 구세대 사장단의 인정","A042","high"
"124","ⓚ124화.","유산(2)","30556","30796","조도겸은 13조 원 주식을 상속받지만 최대 8조 원 상속세와 사장단의 불신을 동시에 떠안는다.","시장과 파벌의 압박을 역이용해 세금을 낮추고 아버지 상석을 차지하는 회장 취임 보상","합법적으로 상속세를 낮추고 반대 파벌을 정리해 세운스페이스 자금을 만든다.","DK 보유 세운 주식 10조 원을 던져 주가를 반토막 내고 다시 살 계획을 세운다. 첫 사장단 회의에서 자신을 무시한 세운생명·카드를 매각해 우주 사업 자금 2조 원을 만든다.","금융위기 하락장과 구세대 사장들이 조문홍 부재를 들며 젊은 회장을 공개 공격한다.","사장단이 모두 일어나 조도겸 회장에게 고개를 숙이고 상속세 전망은 8조에서 3조 원대로 내려간다.","사장단이 모두 일어나 조도겸 회장에게 고개를 숙이고 상속세 전망은 8조에서 3조 원대로 내려간다.","지위·호칭·돈·관계","조도겸이 아버지의 상석과 회장 호칭을 실질적으로 차지하고 반대 파벌을 계열사째 제거한다.","세운스페이스 창립·미사일 지침 협상","회장 취임과 상속세 절감","세운스페이스 창립·미사일 지침 협상","A042","high"
"125","ⓚ125화.","한미 미사일 지침(1)","30797","31014","미국 대선 때문에 현 정부와 미사일 지침 협상을 시작할 통로가 막힌다.","미래 지식으로 차기 미국 대통령에게 먼저 베팅해 국가 규제를 거래하는 큰 판","오바마 진영의 승리를 돕고 민간 고체연료 허가 약속을 받는다.","칼리안 소개로 존 데스타를 만나 선거자금 2천억 원·미국 공장 2조 원·코일 지지연설·상대 후보 비리자료·방탄 장비를 묶어 제안한다.","미사일 지침은 주변국 이해까지 얽힌 안보 규제이고 선거 결과가 틀리면 투자와 인맥을 모두 잃는다.","오바마 당선 직후 존 데스타가 내년 초 지침 개정과 로버트 국방장관 유임을 알려 온다.","오바마 당선 직후 존 데스타가 내년 초 지침 개정과 로버트 국방장관 유임을 알려 온다.","세계·관계·돈","조도겸은 미국 차기 권력 핵심과 직접 통화하는 국제 협상자가 되고 세운스페이스 규제 해제가 예정된다.","실제 지침 개정·코일에게 결과 전달","미국 차기 정권 베팅과 협상","실제 지침 개정·코일에게 결과 전달","A043","high"
"126","ⓚ126화.","한미 미사일 지침(2)","31015","31239","존 데스타에게 지침 개정 약속을 받은 조도겸이 코일에게 좋은 소식을 전한다.","서로 이용하는 신뢰를 확인하고 세운스페이스를 대중 앞에 공식 약속하는 장면","우주 사업 여론과 주가를 끌어올리고 다음 성장축을 연다.","코일에게 조 단위 연구비를 약속한 뒤 기자회견에서 세운스페이스와 연 1조 원 투자를 공표한다. 7조 원으로 세운 주가를 상한가까지 사고 2조 원 OTT 계획도 연다.","세운그룹 주가 반토막과 어린 총수 리스크 기사가 쏟아지고 국내 여론은 민간 우주 사업을 의심한다.","주가가 상한가로 뒤집히고 세운스페이스가 전국 이슈가 되며 DK통신 가입자도 늘어난다.","주가가 상한가로 뒤집히고 세운스페이스가 전국 이슈가 되며 DK통신 가입자도 늘어난다.","지위·관계·돈·세계","코일과 조도겸은 꿈과 자본을 교환하는 동업자로 굳어지고 세운스페이스가 공식 계열사가 된다.","OTT 사업·조민우의 사토시 잠입·실제 지침 개정","미사일 지침 협상용 여론 구축","OTT 사업·조민우의 사토시 잠입·실제 지침 개정","A043","high"
"127","ⓚ127화.","환골탈태(1)","31240","31466","세운스페이스를 공표한 뒤 조도겸은 2조 원을 빠르게 회수할 OTT 사업을 찾는다.","오래 묵힌 SNS 지분과 새 미디어를 결합하고 위기의 계열사를 새 먹거리로 바꾸는 확장","롤북과 글로벌 OTT를 만들고 세운조선의 파산 위험을 해결할 길을 찾는다.","롤북 마이크와 1조 원씩 5대5 합작하고 0호기로 서비스를 제작한다. 이어 거제의 세운조선에서 5조 원 해양플랜트 수주와 기술 부족 문제를 조사한다.","OTT는 콘텐츠 수급과 고객 유치가 필요하고 세운조선은 리먼 사태 뒤 수주 취소·납기 지연으로 최대 5조 원 손실 위험이 있다.","마이크가 메이저 영화·방송 저작권을 한 달 안에 확보하고 해양플랜트가 조 단위 돌파구로 보인다.","마이크가 메이저 영화·방송 저작권을 한 달 안에 확보하고 해양플랜트가 조 단위 돌파구로 보인다.","돈·세계·능력","롤북 지분 인맥이 OTT 공동 사업으로 확장되고 세운조선이 회장 직할 구조조정 대상이 된다.","해양플랜트 구조 구원과 7서클까지 추가 20조 원","OTT 파트너·저작권 확보","해양플랜트 구조 구원과 7서클까지 추가 20조 원","A044","medium-high"
"128","ⓚ128화.","환골탈태(2)","31467","31714","세운조선은 해양플랜트 5조 원 수주가 오히려 파산을 부를 빚이 된 상태다.","회장이 작업복을 입고 한 달간 현장을 뛰어 계열사 직원 월급과 납기를 지켜 주는 구원","핵심 모듈만 골렘·마법화해 납기를 맞추고 손실을 막는다.","0호기와 200곳 각인·15곳 골렘화를 설계해 거제에 상주하고 80개 모듈 절반을 제때 출항시킨다. 칼리안에게 LNG선 수주 연결도 맡긴다.","20만 톤 전체를 골렘화할 수 없고 한 달 노동에 DK 로열티는 500억 원뿐이며 설날 전 귀환도 불투명하다.","세운조선 직원 월급과 회사 생존이 보장되고 정철인 사장은 조도겸을 우리 세운조선의 희망이라 부른다.","세운조선 직원 월급과 회사 생존이 보장되고 정철인 사장은 조도겸을 우리 세운조선의 희망이라 부른다.","관계·호칭·돈·능력","회장과 소외 계열사 관계가 구원자와 충성 관계로 바뀌고 해양플랜트 납기 위기가 절반 해소된다.","잔여 모듈·LNG선 수주·조민우의 비트코인 탈취","해양플랜트 핵심 설계와 절반 출항","잔여 모듈·LNG선 수주·조민우의 비트코인 탈취","A044","high"
"129","ⓚ129화.","환골탈태(3)","31715","31973","조민우는 사토시가 되기 위해 토니의 지인까지 제거하고 조도겸은 비트코인 등장을 알아챈다.","주인공과 적이 동시에 비트코인 장기전을 준비하고 우주 규제가 실제로 풀리는 이중 전환","비트코인을 선점하고 미사일 지침 개정 즉시 세운스페이스를 가동한다.","0호기와 피시방 6만 대로 4년 250만 개 채굴을 시작하고 해외 경쟁 채굴을 감지한다. 오바마 방한 브리핑에서 민간 고체연료 허가를 확인한다.","조민우·라칼·대부도 중국에 대규모 채굴장을 만들며 세운스페이스는 기반시설과 발사 기술이 없다.","조도겸은 고체연료 허가에 두 팔을 들고 환호하고 세운 주가도 즉시 상승한다.","조도겸은 고체연료 허가에 두 팔을 들고 환호하고 세운 주가도 즉시 상승한다.","세계·능력·돈","조민우는 가족을 버린 사토시가 되고 조도겸은 우주 사업을 실제 착수할 법적 자격을 얻는다.","돌산도 센터·러시아 기술 확보·비트코인 경쟁","해양플랜트 작업과 미사일 지침 개정","돌산도 센터·러시아 기술 확보·비트코인 경쟁","A044","high"
"130","ⓚ130화.","돌산도(1)","31974","32205","여수 돌산도 세운스페이스 센터에 코일과 해외 인력 100명이 출근한다.","돈·국제 협상으로 무에서 로켓 기반을 사 오는 우주 개척","러시아에서 발사대 기술의 실물을 확보한다.","러시아 1조 원 투자를 제시해 데니스 백과 연결되고 제니트의 발사대를 사려다 10억 달러 요구를 박차고 나온다.","로켓 기술은 국가기밀이고 세운스페이스는 축적 기술이 전무하며 제니트는 독점 공급자처럼 가격을 부른다.","조도겸이 을의 자리에서 빠져나오자 제니트가 8억 달러로 먼저 낮춰 전화한다.","조도겸이 을의 자리에서 빠져나오자 제니트가 8억 달러로 먼저 낮춰 전화한다.","돈·세계·지위","세운스페이스가 국제 인재 조직으로 출범하고 러시아가 세운그룹 투자를 필요로 하는 협상 역전이 생긴다.","발사대 최종 가격·실물 엔진·국내 조립","돌산도 조직 출범","발사대 최종 가격·실물 엔진·국내 조립","A045","high"
"131","ⓚ131화.","돌산도(2)","32206","32446","제니트가 발사대 가격을 6억 달러까지 내리고 엔진 모형을 얹는다.","상대의 궁핍까지 읽어 실제 엔진과 발사대를 헐값에 얻는 협상 보상","발사대와 엔진을 돌산도로 옮겨 자체 로켓 연구 기반을 만든다.","6억 달러 계약 뒤 발사대를 부품 골렘으로 해체·운반하고 도착한 엔진 모형을 검사한다.","발사대는 18층·지하 5층 규모라 일반 해체가 어렵고 제니트는 모형 제작비조차 없다.","모형이라던 물건이 실제 작동 엔진으로 드러나 코일 연구진이 내부 기술까지 역설계할 수 있게 된다.","모형이라던 물건이 실제 작동 엔진으로 드러나 코일 연구진이 내부 기술까지 역설계할 수 있게 된다.","능력·돈·세계","세운스페이스는 무에서 시작하는 조직에서 실물 러시아 엔진·발사대를 가진 개발사로 바뀐다.","돌산도 발사대 설치와 자체 엔진 설계","러시아 발사대 협상","돌산도 발사대 설치와 자체 엔진 설계","A045","high"
"132","ⓚ132화.","돌산도(3)","32447","32691","실제 러시아 엔진을 얻은 세운스페이스가 돌산도에 발사대를 재조립한다.","골렘 건설로 5일 만에 우주 인프라를 세우고 마법 성장까지 받는 대규모 진척","발사대를 완성하고 더 강한 마정석 공급망을 연다.","일루젼으로 공사를 가린 채 구조물 골렘을 0호기로 정밀 조립하고 월 1750억 원 수익을 확인한다. 6서클 완숙 뒤 최상급 마정석 제작을 열어 베네수엘라 번개 지대에 마법진을 깐다.","넓은 환상 유지로 마나가 고갈되고 최상급 마정석은 기존보다 10배 에너지가 필요하다.","발사대는 120시간 완공 전망에 들어가고 번개 한 번으로 최상급 마정석 대량 생산 가능성이 열린다.","발사대는 120시간 완공 전망에 들어가고 번개 한 번으로 최상급 마정석 대량 생산 가능성이 열린다.","능력·돈·세계","조도겸이 6서클 완숙에 도달하고 세운스페이스의 마법 인프라가 일반 마정석에서 최상급으로 전환된다.","번개 마정석 생산량과 시험 로켓 확보","러시아 발사대 역설계·조립","번개 마정석 생산량과 시험 로켓 확보","A045","high"
"133","ⓚ133화.","소형 로켓(1)","32692","32918","마라카이보 호수의 번개 한 번이 최상급 마정석 만 개 이상을 만든다.","자연 에너지와 골렘 물류로 마정석 병목을 없애고 시험발사 허가까지 얻는 준비 보상","최상급 마정석을 은밀히 한국에 공급하고 소형 로켓 발사를 허가받는다.","굴착·선박 골렘 운반망과 머드 골렘 관리체계를 만들고 제니트 소형 로켓을 600억 원에 산다. 정부·미국 요구로 향후 러시아 거래를 접는 대신 반입·시험발사 허가를 얻는다.","베네수엘라 제재·밀반입 위험과 미래그룹의 정치권 견제가 있고 러시아 거래를 더 이어갈 수 없다.","청와대 안보실장에게 고개를 숙인 대가로 이미 산 로켓과 규제 해결을 확보한다.","청와대 안보실장에게 고개를 숙인 대가로 이미 산 로켓과 규제 해결을 확보한다.","능력·세계·관계","세운스페이스가 시험 발사를 할 로켓과 국내 허가를 얻고 최상급 마정석 공급망도 열린다.","첫 민간 로켓 발사의 성공 여부","최상급 마정석 생산·운반 방식","첫 민간 로켓 발사의 성공 여부","A046","high"
"134","ⓚ134화.","소형 로켓(2)","32919","33169","러시아 소형 로켓과 발사대 실험을 마치고 돌산도에서 첫 시험발사를 시작한다.","코앞 실패를 재활용 기술로 뒤집어 두 번째 시도에 위성 여섯 대를 올리는 성취","실패 데이터를 이용해 실제 인공위성 발사에 성공한다.","첫 로켓은 3단 엔진에서 실패하지만 골렘화한 1·2단을 바다에서 회수해 비용 70%를 절감하고 60일 만에 재도전한다.","첫 실패로 주가와 여론이 꺾이고 러시아에서 추가 로켓을 살 수 없다.","두 번째 로켓이 저궤도에 올라 실제 인공위성 6대와 0호기가 연결되고 세운 주가·제품 판매도 반등한다.","두 번째 로켓이 저궤도에 올라 실제 인공위성 6대와 0호기가 연결되고 세운 주가·제품 판매도 반등한다.","능력·지위·돈·세계","세운스페이스가 발표뿐인 회사에서 한국 민간 최초급 실발사 성과와 위성망을 가진 회사로 변한다.","자체 로켓·위성 경량화와 미래그룹 경쟁","첫 발사 실패와 재사용 추진체 실증","자체 로켓·위성 경량화와 미래그룹 경쟁","A046","high"
"135","ⓚ135화.","주도권(1)","33170","33412","세운스페이스 성공 직후 미래자동차가 세운자동차 1차 하청업체 절반을 독점하려 든다.","선공한 재계 1위의 공장과 결함을 마법으로 동시에 무너뜨리는 압도적 보복","생산 차질을 막고 미래자동차가 독점 압박을 후회하게 한다.","울산 공장에 토네이도 10개·천안에 우박·전주에 지하수 역류를 일으키고 미래차들을 골렘화해 결함을 찾는다.","광역 마법을 열 번 유지할 최상급 마정석과 전국 이동이 필요하고 세운도 공급망이 끊길 위험이 있다.","미래자동차 국내 공장 가동률이 0%가 되고 미국 포함 대규모 리콜 사유 다섯 차종이 잡힌다.","미래자동차 국내 공장 가동률이 0%가 되고 미국 포함 대규모 리콜 사유 다섯 차종이 잡힌다.","능력·돈·지위","미래자동차가 공급망 갑에서 생산 불능·리콜 위기의 방어자로 추락한다.","리콜 폭로·세운 알파Ⅱ 공개·노조 파업","미래의 하청업체 선점 공격에 대한 1차 보복","리콜 폭로·세운 알파Ⅱ 공개·노조 파업","A047","high"
"136","ⓚ136화.","주도권(2)","33413","33628","미래자동차는 100만 대 리콜과 뇌물 제보로 이미지가 무너진다.","경쟁사 추락 직후 부산 왕복 자율주행 전기차를 공개해 격차를 매출로 가져오는 장면","알파Ⅱ를 시장에 출시하고 미래자동차 생산을 노조 파업으로 더 막는다.","코일이 500km 주행 알파Ⅱ의 서울-부산 무인주행을 생중계하고 세운 임금을 미래보다 높인 뒤 황연우를 노조 회식에 보내 자존심을 자극한다.","7시간 공개 주행 실패 위험과 임금 인상 비용이 있고 노조 개입이 드러나면 세운 이미지도 위험하다.","알파Ⅱ가 부산에 무사히 도착해 세운 주가·검색량이 폭등하고 미래 노조는 전면파업을 결의한다.","알파Ⅱ가 부산에 무사히 도착해 세운 주가·검색량이 폭등하고 미래 노조는 전면파업을 결의한다.","돈·지위·관계","세운자동차가 미래자동차와 업계 1위를 논할 도전자로 올라서고 황연우의 현장 인맥이 전략 자산으로 재확인된다.","하청업체 귀환·자체 부품망·업계 1위","미래차 리콜 폭로와 알파Ⅱ 실증","하청업체 귀환·자체 부품망·업계 1위","A047","high"
"137","ⓚ137화.","주도권(3)","33629","33839","미래자동차가 파업에 들어가자 이탈한 1차 업체들이 세운 쪽을 다시 기웃거린다.","배신한 공급자는 잘라내고 믿고 남은 업체만 키워 갑을을 뒤집는 인정 보상","세운자동차 공급망을 자립시키고 위성 궤도를 확보한다.","재계약한 70%와만 가고 화진테크 정일재의 익명 납품 제안을 거절한다. 자체 부품 공장을 추진한 뒤 코일에게 다음 주 정지궤도 발사를 지시하고 메테오 개방을 준비한다.","30% 업체를 끊으면 단가와 신차 일정이 흔들리고 정지궤도는 중국·일본·러시아 위성으로 만석이다.","오진환에게 다시는 업체를 찾아가 고개 숙이지 않게 하겠다는 약속을 지킬 구조가 생긴다.","오진환에게 다시는 업체를 찾아가 고개 숙이지 않게 하겠다는 약속을 지킬 구조가 생긴다.","관계·지위·능력","오진환과 충성 업체의 위상이 올라가고 화진은 영구 배제된다. 우주 경쟁은 자리 선점 전쟁으로 전환된다.","메테오로 정지궤도 자리를 만드는 위험한 실험","하청업체 선택과 공급망 주도권","메테오로 정지궤도 자리를 만드는 위험한 실험","A047","high"
"138","ⓚ138화.","상생과 멸망(1)","33840","34080","조도겸은 6서클 메테오로 타국 정지위성을 떨어뜨려 자리를 만들 계획이다.","극한 마법 한 번이 위성 15대·전국 와이파이·자동차 매출로 연쇄 보상되는 장면","한국 정지궤도를 선점해 매지션·DK통신·알파Ⅱ를 결합한다.","전용기에 마법진과 최상급 마정석을 가득 싣고 30분간 메테오를 써 위성 궤도를 이탈시킨 뒤 국제통신연맹 절차와 로켓 발사를 즉시 진행한다.","메테오는 완전 탈진을 부르고 성공 여부도 바로 알 수 없으며 타국 위성에 대한 은밀한 공격이다.","15대가 정지궤도에 안착해 한국 80% 위성 와이파이가 열리고 매지션·알파Ⅱ 주문이 폭증한다.","15대가 정지궤도에 안착해 한국 80% 위성 와이파이가 열리고 매지션·알파Ⅱ 주문이 폭증한다.","능력·세계·돈·지위","세운스페이스의 위성은 21대가 되고 세운자동차는 업계 2위까지 올라 미래와 15% 차로 좁힌다.","미국 궤도 확대와 협력업체 보호","정지궤도 확보와 국내 위성 와이파이 실증","미국 궤도 확대와 협력업체 보호","A048","high"
"139","ⓚ139화.","상생과 멸망(2)","34081","34305","미래와의 전쟁 중 김건웅이 작은형 조도영의 필리핀 인터넷 카지노를 포착한다.","전생의 어둠 실무자를 역으로 잠입시켜 형의 불법 사업을 시작부터 장악하는 응징","세운 이미지에 타격을 주기 전 카지노의 서버·자금 세탁 정보를 확보한다.","김건웅이 노란 머리 해커 김동준으로 위장해 자신들이 만든 디도스를 풀어 주는 척하고 USB로 0호기를 메인 서버에 연결한다.","필리핀 카지노는 조폭과 무기로 지켜지고 정체가 들키면 김건웅 목숨이 위험하다.","두 시간 만에 서버·CCTV·장비·데이터베이스 통제권을 모두 얻고 김건웅이 무사히 귀국길에 오른다.","두 시간 만에 서버·CCTV·장비·데이터베이스 통제권을 모두 얻고 김건웅이 무사히 귀국길에 오른다.","관계·능력·돈","김건웅은 회계 참모에서 현장 잠입까지 해내는 핵심 전우로 확인되고 조도영 카지노는 개장 전부터 조도겸 통제 아래 놓인다.","조도영 자금 소진과 경찰 단속","카지노 위치·서버 침투","조도영 자금 소진과 경찰 단속","A048","high"
"140","ⓚ140화.","상생과 멸망(3)","34306","34529","김건웅의 잠입 성공으로 0호기가 조도영 카지노 장비를 거꾸로 조작할 수 있다.","적의 카지노·미래그룹 출혈을 동시에 이용해 통신·OTT·공급망을 키우는 다중 승부","조도영 자본을 갉고 미국 위성·OTT를 확대하며 미래 1차 업체를 흡수한다.","카지노 큰 판만 고객이 이기게 하고 미국 상공에서 메테오를 쓴 뒤 마이크에게 OTT 자체 콘텐츠 1조 원을 추가 투자한다. 미래전자에는 위성 와이파이와 OTT 결합으로 대응한다.","메테오 후유증과 1조 원 추가 투자 부담이 있고 미래그룹은 30조 원 유보금으로 출혈 경쟁을 벌인다.","미래가 계약을 끊은 1차 업체들이 세운으로 몰리고 오진환은 다시 업체에 고개 숙이지 않아도 되는 위치가 된다.","미래가 계약을 끊은 1차 업체들이 세운으로 몰리고 오진환은 다시 업체에 고개 숙이지 않아도 되는 위치가 된다.","돈·지위·관계·세계","미래자동차 갑질 구조가 붕괴하고 세운은 상생 지원자로 공급망 주도권을 얻는다.","카지노 일망타진·최상급 제품 리뉴얼·미래그룹 내전","조도영 카지노 서버 장악과 국내 자동차 공급망 역전","카지노 일망타진·최상급 제품 리뉴얼·미래그룹 내전","A048","high"
"141","ⓚ141화.","뒤끝(1)","34530","34781","미래전자가 저가 공세를 이어가자 조도겸은 최상급 마정석을 기존 주력제품에 투입한다.","가전·제약의 성능과 가격을 함께 올려 저가 경쟁을 프리미엄 보상으로 뒤집는 장면","세운전자·제약 매출을 키워 7서클 진입을 앞당긴다.","프리미엄 가전 성능을 10% 이상 올리고 워터베어 플러스·고급 화장품을 준비해 가격을 20% 높인다. 동시에 0호기 조작 뒤 필리핀 경찰이 조도영 카지노를 급습한다.","고급 마정석 사용은 단가를 높이고 조도영은 현지 관료 뇌물로 보호받는다고 믿는다.","가전·워터베어의 새 프리미엄 매출길이 열리고 조도영·윤 상무 일당은 필리핀 감옥에 갇힌다.","가전·워터베어의 새 프리미엄 매출길이 열리고 조도영·윤 상무 일당은 필리핀 감옥에 갇힌다.","돈·능력·관계","세운 제품은 저가 전쟁 밖의 프리미엄으로 이동하고 조도영은 특권 없는 수감자가 된다.","조도영의 교정 여부·한동수 경영권 공격","미래전자 가격공세 대응과 카지노 붕괴","조도영의 교정 여부·한동수 경영권 공격","A049","high"
"142","ⓚ142화.","뒤끝(2)","34782","35030","조도영은 필리핀 감옥에서 윤 상무와 조직원에게 하인 취급을 받는다.","거짓 출소로 반성 여부를 시험했다가 오만이 그대로면 다시 지옥에 넣는 가족 응징","작은형이 세운그룹을 더럽힐 불법 사업을 다시 못 하게 꺾는다.","비서실장이 조도영만 풀어주는 척하고 세운 이미지와 자중을 말하지만 조도영이 특권을 내세우자 즉시 다시 수감시킨다. 귀국 후에는 미래 한동수의 약점을 찾고 한소희를 대항마로 고른다.","가족을 감옥에 가두는 냉혹한 선택이며 조도영은 전혀 반성하지 않고 조도겸을 죽이겠다고 외친다.","조도영의 가짜 자유가 취소되고 조도겸은 미래그룹 내전을 만들 새 전략을 확정한다.","조도영의 가짜 자유가 취소되고 조도겸은 미래그룹 내전을 만들 새 전략을 확정한다.","가족·관계·지위","조도겸과 작은형 관계는 회복 불가능한 징벌 관계가 되고 다음 적은 한동수로 바뀐다.","한동수 약점·한소희의 숨은 욕망","조도영 카지노 사업과 출소 가능성","한동수 약점·한소희의 숨은 욕망","A049","high"
"143","ⓚ143화.","뒤끝(3)","35031","35294","한동수는 합법 수면주사로 스트레스를 피하지만 조도겸은 이를 여론용 약점으로 만든다.","경쟁사 총수의 작은 흠을 후계 내전과 재계 포식전으로 증폭시키는 전략 보상","한동수를 경영에서 떼어 놓고 미래그룹 내부·외부 적을 동시에 깨운다.","간호사 사진을 법 개정 정치인에게 넘기고 한소희에게 참·힙노시스와 반지 각인으로 경영 욕망을 자극해 자금·파벌을 약속한다.","수면주사는 현행 합법이라 단독으론 압박이 약하고 한소희도 오빠의 지분·파벌을 두려워한다.","수면주사·뇌물·하청 갑질이 한꺼번에 터져 한동수가 유감 표명하고 한소희가 제안을 수락한다. 샤롯 등 재계도 미래 계열사를 노린다.","수면주사·뇌물·하청 갑질이 한꺼번에 터져 한동수가 유감 표명하고 한소희가 제안을 수락한다. 샤롯 등 재계도 미래 계열사를 노린다.","지위·관계·세계","미래그룹은 한동수·한소희 내전에 들어가고 조도겸은 배후에서 시간을 사는 위치가 된다.","샤롯의 유통 진입·조도겸의 택배 사업","한동수 공개 압박과 한소희 포섭","샤롯의 유통 진입·조도겸의 택배 사업","A049","high"
"144","ⓚ144화.","유통(1)","35295","35556","미래그룹이 내전에 빠진 사이 조도겸은 새 수익원으로 택배를 택한다.","순간이동 마법을 실제 물류 노동과 결합해 전국 1박2일 배송을 만드는 사업 보상","포탈 기반 택배망을 세우고 더 큰 온라인 유통 발표를 준비한다.","서울·대전 등 창고에 200km 텔레포트 포탈을 설치하고 골렘 상하차로 전국 12개 노선을 운영한다. 한 달 뒤 점유율 3위에 오른 뒤 CES에서 매지션Ⅲ 상자를 포탈로 꺼낸다.","포탈은 마정석 10개로 한 시간만 유지되고 조도겸 본인도 첫 통과 때 멀미를 겪는다.","화물차·기름·상하차 비용이 로열티로 전환되고 CES 관객 앞에서 실제 순간이동이 공개된다.","화물차·기름·상하차 비용이 로열티로 전환되고 CES 관객 앞에서 실제 순간이동이 공개된다.","능력·돈·세계","세운유통이 한 달 만에 택배 3위가 되고 포탈이 비밀 운영기술에서 세계 공개 기술로 바뀐다.","위그드라실 공개와 샤롯 유통 독점 충돌","전국 택배망 실증","위그드라실 공개와 샤롯 유통 독점 충돌","A050","high"
"145","ⓚ145화.","유통(2)","35557","35765","CES 무대의 파란 장막이 텔레포트 포탈임이 공개됐다.","세계 최대 전시회에서 포탈과 위그드라실을 동시에 선언해 800만 가입자를 받는 대형 보상","포탈을 세계 최고속 쇼핑몰 위그드라실의 독점 기반으로 만든다.","코일과 함께 포탈 물류 지도를 보여주고 위그드라실을 개설해 판매자·사기 방지 체계를 구축한다. 군수업체를 맡으라는 국방장관 요구는 이미지 때문에 거절한다.","정부는 여의도 압박을 암시하고 포탈 공개로 조폭·군수 세력까지 기술을 노린다.","이틀 만에 가입자 800만 명이 몰리고 조도겸은 정치권 인재를 직접 키울 필요까지 인식한다.","이틀 만에 가입자 800만 명이 몰리고 조도겸은 정치권 인재를 직접 키울 필요까지 인식한다.","돈·지위·세계","위그드라실이 즉시 대중 플랫폼이 되고 세운그룹과 정부 관계에는 포탈 군사화 갈등이 생긴다.","정치권 방어·부산 연합파의 포탈 강탈","포탈 공개와 쇼핑몰 개설","정치권 방어·부산 연합파의 포탈 강탈","A050","high"
"146","ⓚ146화.","유통(3)","35766","36013","부산 연합파가 일용직으로 위장해 물류창고를 점거하고 포탈 밀수 동업을 요구한다.","돈과 야쿠자 위협을 거절하고 물류 골렘으로 조폭을 택배처럼 보내는 응징","포탈 기술과 세운 이미지를 지키고 조폭의 재도전을 차단한다.","오창건의 일본 야쿠자 매출 100조 원 제안을 모욕적으로 거절하고 상하차 골렘으로 30명을 제압해 남해 무인도 포탈로 던진다.","오창건은 칼과 조직원을 동원하고 야쿠자·경찰 인맥을 믿으며 살해 협박까지 한다.","사람을 해치려던 조폭들이 사지 부상 상태로 문명과 단절돼 낚시하며 살아야 하는 처지가 된다.","사람을 해치려던 조폭들이 사지 부상 상태로 문명과 단절돼 낚시하며 살아야 하는 처지가 된다.","능력·지위·관계","포탈은 운송수단이자 조도겸의 통제영역이 되고 연합파는 부산 세력에서 무인도 포로로 전락한다.","연합파 탈출 시도와 야쿠자 배후의 후속 위험","부산 창고 점거","연합파 탈출 시도와 야쿠자 배후의 후속 위험","A050","high"
"147","ⓚ147화.","미국 주식 상장(1)","36014","36250","해양 골렘이 오창건의 뗏목을 무인도로 돌려보내며 연합파 문제는 사실상 끝난다.","포탈 사업을 15조 원에도 팔지 않고 미국 자본시장으로 키우는 규모 상승","위그드라실과 세운스페이스를 합쳐 뉴욕 증시 상장 조건을 충족한다.","TFT에 독립 권한을 주고 클래스A 의결권을 택해 상장을 추진한다. 샤롯 성경호의 10조·15조 인수 제안과 한국·일본 봉쇄 협박을 거절한다.","위그드라실 단독은 실적·시총 조건 미달이고 샤롯은 국내 유통망과 더 많은 현금을 자랑한다.","외부 평가 300억 달러를 받고 다음 달 11일 뉴욕 증시 상장 승인을 얻는다.","외부 평가 300억 달러를 받고 다음 달 11일 뉴욕 증시 상장 승인을 얻는다.","돈·지위·세계","위그드라실은 국내 택배 신사업에서 30조 원대 글로벌 기술기업 후보로 커지고 샤롯과 전면 경쟁 관계가 된다.","공모가 방어·샤롯의 보복","연합파 탈출과 위그드라실 국내 실증","공모가 방어·샤롯의 보복","A051","high"
"148","ⓚ148화.","미국 주식 상장(2)","36251","36512","공모가 33달러인 위그드라실이 뉴욕 증시에 상장된다.","80조 원 시총·7서클과 홍 사장의 두 다리 회복을 한꺼번에 지급하는 핵심 보상","상장을 성공시키고 첫 7서클 마법으로 오래된 동료의 장애를 치료한다.","주가가 43달러로 마감할 때까지 지켜본 뒤 리제너레이션을 개방해 홍 사장의 신경·뼈·절단 부위를 재생한다.","미국 시장에는 가격 제한이 없고 재생은 조도겸을 완전 탈진시키며 극심한 통증을 준다.","시총 80조 원·조도겸 지분 20조 원 이상이 되고 홍 사장은 반년 내 독립 보행 판정을 받는다.","시총 80조 원·조도겸 지분 20조 원 이상이 되고 홍 사장은 반년 내 독립 보행 판정을 받는다.","돈·능력·관계·호칭","조도겸이 7서클 마법사가 되고 홍 사장과의 관계는 성과급을 넘어 잃은 몸을 돌려준 은인 관계로 깊어진다.","마법사의 탑 개방·홍 사장 재활","뉴욕 상장과 7서클 조건","마법사의 탑 개방·홍 사장 재활","A051","high"
"149","ⓚ149화.","미국 주식 상장(3)","36513","36734","상장 다음 날 홍 사장이 발로 황연우를 건드려 회복을 직접 보여 준다.","회복한 동료의 포옹과 굴복한 경쟁자의 저자세를 이어 코일에게도 목소리를 돌려주는 관계 보상","상장 우위를 유통 협상력으로 바꾸고 코일의 신체를 단계적으로 회복시킨다.","샤롯 성경호에게 포탈 사용료 매출 30%를 역제안하고 물러난다. 이어 리제너레이션으로 코일의 목·성대를 재생한다.","샤롯은 정치권과 야쿠자로 포탈을 빼앗으려 하고 코일의 전신 치료에는 여러 번의 고비용 재생이 필요하다.","홍 사장·황연우가 포옹하고 코일은 20년 만에 자기 목소리와 목 움직임을 되찾는다.","홍 사장·황연우가 포옹하고 코일은 20년 만에 자기 목소리와 목 움직임을 되찾는다.","관계·능력·지위","샤롯과 갑을이 역전되고 코일은 간판·CTO를 넘어 조도겸만 줄 수 있는 마법 복지를 받는 가족 같은 핵심 동료가 된다.","샤롯의 코일 영입·야쿠자 납치","상장 성과의 관계 보상","샤롯의 코일 영입·야쿠자 납치","A051","high"
"150","ⓚ150화.","야쿠자(1)","36735","36968","양민구의 연봉 3배 영입을 코일이 거절하자 샤롯은 야쿠자 동원을 택한다.","가족을 건드린 세력이 코일인 줄 알고 데려간 인물이 사실 7서클 마법사라는 잠입 반전","코일 가족을 살리고 납치 배후와 본거지를 확인한다.","사장단에 매출 100% 성장 계획과 포탈 20개 확대를 지시한 뒤 코일 딸 납치 소식을 듣고 영국으로 간다. 코일을 재우고 체인지로 모습을 바꿔 자신이 인질 거래에 응한다.","야쿠자는 30시간 제한과 가족 절단 협박을 하고 집 안팎에 15명 이상을 배치한다.","조도겸이 딸 가족의 생존을 직접 확인하고 포탈 기술을 노린 일본 세력과 함께 고베로 이동한다.","조도겸이 딸 가족의 생존을 직접 확인하고 포탈 기술을 노린 일본 세력과 함께 고베로 이동한다.","관계·가족·능력","코일의 가족 안전이 조도겸의 직접 보호 범위로 들어오고 주인공이 적 본거지에 자발적으로 잠입한다.","우미구치구미 수뇌부·샤롯 개입 증거","코일 영입 실패와 납치 배후의 일본 연결","우미구치구미 수뇌부·샤롯 개입 증거","A052","high"
"151","ⓚ151화.","야쿠자(2)","36969","37238","코일로 변장한 조도겸이 고베 우미구치구미의 신이치와 독대한다.","환상 고문·내전 암시·골렘 구출·금고 약탈을 한 번에 결산하는 압도적 복수","배후를 자백받고 코일 가족을 구하며 납치 대가를 회수한다.","신이치에게 사막·심해·화산 환상을 수십 시간 체감시키고 샤롯 성경호의 지시와 금괴·비밀계좌를 듣는다. 0호기 골렘은 영국 야쿠자를 제거하고 가족을 구하며 조도겸은 포탈로 금괴 3톤을 부산에 옮긴다.","우미구치구미 본거지와 영국 인질 현장에 조직원 수십 명이 있고 신이치가 미치거나 죽으면 정보 회수가 어렵다.","코일 가족이 상봉하고 금괴·계좌·보석 합계 2조 원 이상이 조도겸 수중에 들어오며 신이치와 2인자 타카시의 내전 씨앗이 심어진다.","코일 가족이 상봉하고 금괴·계좌·보석 합계 2조 원 이상이 조도겸 수중에 들어오며 신이치와 2인자 타카시의 내전 씨앗이 심어진다.","돈·관계·능력·가족","우미구치구미는 내부 붕괴 직전이 되고 코일 가족은 구조되며 샤롯이 직접 적으로 확정된다.","자금 세탁 완료·성경호 보복·다음 7서클 개방","야쿠자 납치와 배후 확인","자금 세탁 완료·성경호 보복·다음 7서클 개방","A052","high"
"152","ⓚ152화.","마법사의 탑(1)","37239","37482","코일 가족이 안전하게 한국에 돌아오고 우미구치구미 자금 세탁도 끝난다.","3조 원 전리품을 마법사의 탑 개방과 서울 최고층 빌딩 매입으로 바꾸는 새 시대의 개막","마탑을 열고 63빌딩을 첫 마법사의 탑으로 개조한다.","7서클 개방 기회로 마법사의 탑 지식을 얻고 대화그룹 강현승에게 미래생명 지분 10% 지원을 약속해 63빌딩을 1조3천억 원에 산다. 투명 마법진 유리로 외벽 교체를 시작한다.","63빌딩은 대화그룹 상징이라 돈만으로 살 수 없고 거대한 탑 전체 마법진·에너지·조형·유지를 혼자 감당해야 한다.","63빌딩 외벽의 대화 마크가 세운 마크로 바뀌고 60층이 조도겸 사무실이 되며 한 달 완공 계획이 선다.","63빌딩 외벽의 대화 마크가 세운 마크로 바뀌고 60층이 조도겸 사무실이 되며 한 달 완공 계획이 선다.","능력·지위·돈·세계","조도겸은 63빌딩 소유자이자 마탑주 후보가 되고 한국 최고층 상징도 대화에서 세운으로 넘어간다.","63빌딩 마탑 개조 완성·샤롯 성경호 응징","우미구치구미 전리품 정산과 두 번째 7서클 개방","63빌딩 마탑 개조 완성·샤롯 성경호 응징","A053","high"
"153","ⓚ153화.","마법사의 탑(2)","37483","37744","63빌딩을 산 뒤 한 달째 탑 전체를 마법 시설로 바꾸는 중이다.","서울 한복판 첫 마법사의 탑이 완성되어 생활·연구·사업을 동시에 밀어 올리는 장면","63빌딩 마탑 개조를 끝내고 탑의 연구 효율을 실제 신제품으로 증명한다.","차량 크기 수정구를 포탈로 옥상에 올리고 골렘으로 설치해 탑을 가동한 뒤 0호기 연산망으로 탈모 포션을 연구한다.","거대한 탑을 혼자 각인해야 했고 주문 해독에는 원래 여섯 달과 대규모 컴퓨터 자원이 든다.","탑 영향권 주민이 세운 제품을 고르고 마나 회복·효과가 높아지며 0호기가 연구 기간을 석 달로 줄인다.","첫 마법사의 탑 완공과 90% 이상 완성된 일주일 지속 탈모 포션을 얻는다.","능력·세계·사업","63빌딩 소유자에서 서울 20만 명과 마법 연구를 증폭하는 마탑주로 바뀐다.","탈모 포션을 임상과 판매로 연결하면 얼마나 큰 시장이 열릴지 시험한다.","63빌딩 매입과 마탑 개조","푸르름 임상·출시와 마탑 영향권 정치 활용","A053","high"
"154","ⓚ154화.","풍성(1)","37745","38003","마탑 연구가 만든 탈모 포션은 임상 단계이고 황연우에게는 아직 지역구가 없다.","마법 치료제와 정치 공작이 머리카락·의석·경쟁사 손실이라는 실물 보상으로 이어지는 전개","푸르름을 출시하고 황연우가 영등포 보궐선거에 나설 자리를 만든다.","암시로 이주영 의원의 음주운전을 유도해 사퇴시키고 황연우를 후보로 세우며 샤롯타워 공사에는 폭발·지반 균열을 반복한다.","황연우의 낮은 인지도와 무소속 약점, 임상 승인 대기, 샤롯의 대형 공사 역량이 버틴다.","푸르름 임상이 성공하고 도겸은 효과 기간을 1년에서 3개월로 줄여 반복 구매 구조를 택한다.","보궐선거 출마 기회와 승인 직전의 탈모 치료제, 샤롯타워 공기 지연을 동시에 얻는다.","정치·사업·관계","황연우는 기업 참모에서 실제 국회의원 후보가 되고 세운제약은 대형 신약 출시 직전으로 이동한다.","푸르름 첫 10만 병과 황연우 선거가 시장에서 검증된다.","영등포 보궐선거 자리 만들기와 임상 성공","첫 판매 규모·상대 후보 약화·황연우 당선","A054","high"
"155","ⓚ155화.","풍성(2)","38004","38251","푸르름 판매와 황연우의 무소속 선거가 동시에 시작된다.","탈모인의 즉각 반응과 선거용 마법·검소한 이미지가 돈과 표로 바뀌는 장면","푸르름 생산량을 키우고 황연우에게 거대 양당 후보를 이길 우위를 준다.","10만 병을 병당 20만 원에 풀고 생산을 하루 20만 병으로 늘리며 상대 후보 시계에는 어글리, 황연우 물건에는 참을 건다.","탈모 시장을 20만 명으로 오판했고 되팔이 가격이 세 배로 뛰며 황연우의 고가 자산은 정치 이미지에 독이 된다.","실제 국내 성인 탈모층이 약 800만 명으로 드러나고 김건웅이 황연우 자산을 페이퍼컴퍼니에 묶는다.","첫날 완판과 50억 원 로열티, 월 3천억 원 전망, 황연우의 비교 우위가 지급된다.","돈·정치·지위","세운제약 신약은 소수 치료제가 아니라 국민적 반복 구매 상품이 되고 황연우는 깨끗한 후보 이미지로 재구성된다.","마탑 영향권 표심이 실제 개표에서 당선을 만들 수 있는지 확인한다.","푸르름 출시와 수요 검증","영등포 보궐선거 개표와 새 7서클 보상","A054","high"
"156","ⓚ156화.","태풍(1)","38252","38488","황연우는 출구조사에서 근소 우세지만 실제 개표에서는 한때 뒤처진다.","마탑 영향권 표가 무소속 첫 의석으로, 신약 대박이 새 공간 마법으로 환전되는 결산","황연우를 당선시키고 급증한 사업 물류·폐기물 문제를 해결할 수단을 얻는다.","영등포을 개표를 지켜본 뒤 푸르름 성과로 7서클 포켓을 열고 세운건설 폐기물 3만 톤을 DK환경이 맡도록 제안한다.","기존 정당 조직표와 3천759표 열세, 100만 톤 한계의 포켓, 도겸이 직접 폐기물을 담아야 하는 비용이 있다.","여의도 마탑 영향권 개표함이 판세를 뒤집어 황연우가 지역 최초 무소속 당선자가 된다.","첫 국회의원 측근과 100만 톤 아공간 포켓, 연 32억 원 비용 시장 진입권을 얻는다.","정치·능력·사업","황연우가 기업 실행자에서 캐스팅보트가 될 정치인으로, 도겸은 물질을 대량 보관하는 7서클 마법사로 올라선다.","폐기물 수거를 자동화하고 포켓을 전국 물류망으로 확장한다.","황연우 보궐선거와 푸르름 첫 결산","포켓 다중 접속·위그드라실 반나절 배송","A054","high"
"157","ⓚ157화.","태풍(2)","38489","38747","포켓을 얻었지만 세운건설 폐기물 3만 톤을 도겸이 직접 치워야 한다.","아공간을 노동·경쟁사 응징·전국 배송으로 확장하는 인프라 보상","포켓을 원격 다중 접속으로 바꿔 위그드라실 배송과 폐기물 사업을 자동화한다.","한 달간 폐기물을 직접 담고 태풍 곤파스 때 샤롯타워를 토네이도로 무너뜨린 뒤 전국 여섯 창고에 인증·암호 마법진을 설치한다.","반복 육체노동과 최상급 마정석 부족, 포켓 보안, 경쟁사에 대한 은밀한 공작 비용이 겹친다.","0호기가 다중 접속 포켓을 완성해 서울·대전·대구·부산·광주·원주 창고가 한 공간처럼 연결된다.","위그 오리지널과 천 개 생필품의 반나절 배송, 육아 가정의 실제 편의, 샤롯 공기 원점화를 얻는다.","사업·물류·능력","포켓이 개인 창고에서 전국 물류 기간망으로 바뀌고 위그드라실이 대형 유통 경쟁자로 올라선다.","미국 수요를 감당할 최상급 마정석을 일본 대지진에서 확보할지 선택한다.","포켓 다중 접속과 국내 물류 실증","대지진 자원 베팅·샤롯타워 인수","A055","high"
"158","ⓚ158화.","딜레마(1)","38748","38966","위그드라실은 가입자 천만 명을 얻었지만 해외 확장용 최상급 마정석이 모자라다.","다가올 재난을 자원 기회로 보면서도 사람을 살릴지 고민하는 마법사의 딜레마","일본 해저에 마정석 마법진을 숨겨 위그 해외 확장 자원을 준비한다.","샤롯타워 공사를 계속 흔들어 성경호가 부지를 팔게 하고 배를 빌려 일본 동쪽 해저에 자동 회수 마법진을 매설한다.","M9 대지진을 아는 죄책감과 경고해도 믿지 않을 현실, 해저 설치·은폐 난도가 발목을 잡는다.","전국 무당들이 샤롯타워의 이상을 감지해 성경호가 공사를 포기하고 부지 가격은 70% 하락 수순에 들어간다.","샤롯타워 매입 기회와 대지진 발생 즉시 마정석을 포켓으로 회수할 기반을 확보한다.","돈·능력·윤리","국내 물류 성공이 해외 자원 확보와 경쟁사 랜드마크 인수라는 더 큰 판으로 확장된다.","샤롯이 70% 가격을 받아들일지와 일본 본진의 실제 규모가 남는다.","샤롯타워 공사 포기 유도와 해저 진지 구축","부지 매입·일본 본진 대응","A055","high"
"159","ⓚ159화.","딜레마(2)","38967","39204","샤롯타워 부지는 75%까지 내려왔고 해저 마법진은 지진을 기다린다.","저주받은 땅을 헐값에 세운 랜드마크로 바꾸고 재난 전조를 먼저 읽는 보상","샤롯타워 부지를 70% 가격에 인수하고 일본 지진의 본진을 놓치지 않는다.","외국 매수자를 마법으로 쫓아내 1조9천억 원에 부지를 사고 세운타워로 개명한 뒤 산리쿠 M7.3 지진 신호를 확인한다.","성경호가 75% 아래를 거부하고 도겸은 중동 상류층에게 구단이 없다는 이유로 무시당한다.","세운건설이 방해가 사라진 현장에서 두 달 만에 샤롯의 1년 공정을 넘고 전진이 본진임을 알아챈다.","서울 최고층 예정 부지를 헐값에 얻고 진도 7.3만으로도 최상급 마정석 2만 개를 확보한다.","돈·지위·세계","샤롯의 상징이 세운타워로 넘어가고 도겸은 일본 본진을 앞둔 재난 대응자로 바뀐다.","일본에 M9.1을 경고하고 실제 발생 때 사람을 구할지 결정한다.","샤롯타워 부지 인수와 세운타워 착공","동일본 대지진·구조·마정석 대량 회수","A055","high"
"160","ⓚ160화.","딜레마(3)","39205","39445","도겸은 일본 대사관에 M9 경고를 보냈지만 근거 없다는 이유로 묵살당한다.","재난 이익을 노렸던 마법사가 포탈·골렘·물자를 쏟아 사람을 살리고 세계의 박수를 받는 결산","동일본 대지진 현장에서 가능한 만큼 사람을 구하고 구호품을 전달한다.","3월11일 지진 직후 일회용 포탈과 구조 골렘을 열어 해안 주민을 구하고 포켓 물자를 하루 100억 원 이상 풀어낸다.","수만 개 마정석과 막대한 현금이 소모되고 쓰나미 현장에 직접 들어간 도겸의 생명도 위험하다.","구조 영상이 전 세계로 퍼져 세운 임직원과 시민이 63빌딩 앞에서 회장님 최고를 외친다.","20만 개 이상 최상급 마정석, 위그 주가 20% 상승, 직원들의 박수와 비서실장의 걱정 어린 인정을 얻는다.","관계·평판·능력·자원","재난의 수혜자에서 직접 구조한 세계적 구호 영웅으로 바뀌지만 일본 정부와는 적대가 생긴다.","일본이 불법 입국·밀수 구호품을 문제 삼아 공식 항의한다.","대지진 본진과 구조 여부","일본 정부 반발·포탈 여객 규제·자기 정치세력 필요","A055","high"
"161","ⓚ161화.","사마리아(1)","39446","39665","일본은 세운의 구조를 문제 삼고 한국의 포탈 여객 계획은 운송 노조에 막힌다.","선의를 거부한 제도에 맞서 자기 정치 세력을 만드는 권력 확장","포탈 법을 통과시킬 50석 정치세력의 후보군을 장악한다.","일본 지원을 전면 철수하고 황연우가 모은 정치 낭인들을 검증하며 전 검사 김운경의 불법 선거자금 수수를 변장 촬영한다.","일본의 법적 위협과 항공·버스·철도·택시 노조의 집단 반발, 후보들의 충성 불확실성이 있다.","도겸이 황연우로 변장해 현행범 증거를 잡자 김운경이 신당 합류 요구를 받아들인다.","첫 강제 영입 정치인과 40명 안팎 후보군, 일본에 대가 없는 선의를 끊을 협상 주도권을 얻는다.","정치·관계","황연우 한 명에 의존하던 로비가 도겸 개인에게 복종할 독자 정당 구상으로 바뀐다.","후보 40명을 통제하고 대중적 당 대표를 구해야 한다.","일본 무상 지원과 포탈 여객 즉시 허가 기대","신당 후보 통제·윤경영 영입","A056","high"
"162","ⓚ162화.","사마리아(2)","39666","39915","정치 낭인 40명은 모였지만 신뢰와 얼굴이 없어 정당으로 묶이지 않는다.","아들의 눈을 뜨게 해 아버지의 충성을 얻는 가족 치유형 정치 보상","후보들을 통제하고 국민적 원로 윤경영을 신당 대표로 영입한다.","슬립·히프노시스·일루젼으로 12차례 악몽을 심은 뒤 석 달째 혼수상태인 윤정수를 63빌딩에서 정신치료·상급회복·재생으로 치료한다.","후보들은 권력 욕망이 강하고 윤경영은 아들 사고에 대한 죄책감 때문에 정계를 떠나 있다.","세 시간 치료 끝에 윤정수가 눈을 뜨고 아버지라고 부르자 윤경영이 아이처럼 웃는다.","40명 후보의 복종과 윤정수의 회복, 윤경영의 평생 충성 약속을 한 장면에서 얻는다.","가족·관계·정치·능력","윤경영은 은퇴 원로에서 아들을 살린 도겸의 정치 동맹으로 돌아오고 신당은 얼굴을 얻는다.","윤경영이 현역 의원을 데려와 교섭단체와 정당을 실제로 만들 수 있는지 남는다.","윤정수 혼수와 윤경영의 은퇴 이유","국민중심당 창당·현역 의원 영입","A056","high"
"163","ⓚ163화.","사마리아(3)","39916","40131","윤정수가 깨어났고 윤경영은 도겸에게 충성을 약속했다.","치유한 가족 관계가 현역 의원·정당·협상력으로 되돌아오는 결산","윤경영을 앞세워 국민중심당을 만들고 포탈 법을 다룰 교섭세력을 확보한다.","윤경영의 7명 현역 합류 계획을 승인하고 샤롯 승계전에는 개입하지 않으며 일본의 포탈·후쿠시마 폐기물 요청을 고가 협상으로 돌린다.","현재 의석은 황연우 하나뿐이고 성경호 사망 뒤 샤롯 내전과 라칼·성욱의 범죄 동맹이 새 위험을 만든다.","윤경영이 당명을 국민중심당으로 정하고 한 달 안 창당·교섭단체 가능성을 제시한다.","독자 정치 세력의 뼈대와 일본을 상대로 선의가 아닌 가격을 요구할 위치를 얻는다.","정치·관계·지위","도겸·황연우의 비공식 라인이 윤경영이 이끄는 공개 신당으로 확장되고 샤롯의 구세대는 퇴장한다.","미국 위그 확장과 새 7서클 마법, 축구 구단 인수가 다음 판을 연다.","윤경영 영입과 신당 설계","국민중심당 의석 확대·일본 유상 계약·구단주 지위","A056","high"
"164","ⓚ164화.","구단주(1)","40132","40353","위그 미국 법인은 포탈 800개와 시총 110조 원을 향하고 신당 후보 관리가 필요하다.","글로벌 기업 성공이 새 마법과 유럽 축구 구단주라는 사회적 신분으로 번지는 확장","정치 후보의 충성도를 고정하고 영국 구단을 사서 스포츠·유럽 판로를 연다.","미국 포탈망을 완성하고 마인드 컨트롤을 열어 100명 후보에게 충성 조건을 심은 뒤 치맥으로 EPL을 보다가 불턴 인수를 선언한다.","후보들의 배신 위험과 유럽 상류층에서 축구팀 없는 부호를 낮게 보는 문화, 불턴의 부채·약한 전력이 있다.","이백영의 끔찍한 부상과 약체 불턴을 본 도겸이 즉석에서 구단 인수를 다음 사업으로 정한다.","7서클 마인드 컨트롤과 정치조직 안전장치, 유럽 스포츠 시장에 들어갈 명확한 표적을 얻는다.","능력·정치·지위","도겸은 세계 플랫폼 총수에서 선수와 팬의 성취까지 사는 예비 구단주로 역할을 넓힌다.","부채 3천억 원인 불턴을 펄 구단주에게서 어떤 조건으로 살지 협상한다.","미국 위그 1차 확장과 후보 충성 고정","불턴 인수·챔피언스리그 조건","A057","high"
"165","ⓚ165화.","구단주(2)","40354","40561","불턴은 부채 3천억 원과 14위 성적 때문에 매물 가치와 자존심이 충돌한다.","약체 구단을 조건부 거래와 명장 영입으로 다시 기대하게 만드는 장면","불턴을 과도한 웃돈 없이 인수하고 2년 안 4위권에 들 팀 구조를 만든다.","부채와 경기장을 떠안되 2년 내 4위 실패 때만 2천억 원을 더 주는 계약을 맺고 기존 감독을 해임한 뒤 홀딩크를 데려온다.","펄은 헐값 매각을 거부하고 선수단·스태프는 감독 경질에 반발하며 강팀 선수는 약체 이적을 꺼린다.","항의하던 직원들이 홀딩크의 등장에 입을 다물고 도겸은 부상·문제행동 때문에 저평가된 S급 후보를 지목한다.","불턴 소유권과 유럽 위그 교두보, 명장 홀딩크를 얻고 성과 조건으로 인수비를 방어한다.","지위·조직·사업","도겸은 실제 EPL 구단주가 되고 불턴은 잔류팀에서 재활형 강팀 프로젝트로 바뀐다.","부상과 문제행동이 심한 선수들을 몸·정신 양쪽에서 되살려야 한다.","펄과의 구단 인수 조건","저평가 선수 영입·마법 훈련장 구축","A057","high"
"166","ⓚ166화.","구단주(3)","40562","40798","구단은 샀지만 이백영과 영입 후보들은 몸이나 품행에 치명적 약점이 있다.","재생·정신 마법·훈련 마법진이 버려진 선수들을 즉시 전력으로 만드는 팀 재건","이백영과 네 명의 저평가 선수를 회복시켜 홀딩크가 쓸 전력으로 만든다.","이백영의 다리를 회복시키고 우드 케이트·레들리 킹의 몸을 재생하며 아드레안과 로텔리에게 팀 충성·우선순위를 심고 경기장·훈련장에 마도사 진을 설치한다.","무릎 연골 부재·반복 부상·파티 중독·분노조절 문제와 마법 개입이 경기 조작으로 보일 경계가 있다.","홀딩크가 예상보다 완벽한 몸과 태도를 확인하고 도겸은 경기 중 직접 마법은 재미를 없앤다며 금지한다.","부상 없는 핵심 선수단과 집중·이해·합을 높이는 훈련 환경, 구단주의 공정성 기준을 얻는다.","관계·능력·조직","선수들은 폐기 자산에서 불턴의 반등 전력이 되고 홀딩크는 도겸의 비정상적 지원을 결과로 신뢰한다.","불턴의 첫 성적이 상류층 인정과 실제 사업 기회로 돌아올지 시험한다.","주요 선수 신체·품행 문제와 팀 기반 구축","경기 승리·구단주 네트워크·미국 사업 연결","A057","high"
"167","ⓚ167화.","카르텔(1)","40799","41030","불턴은 QDR을 5대0으로 이기며 약체 이미지를 빠르게 벗는다.","구단주 지위가 중동 사업 인맥을 열지만 미국에서 납치 위기로 급전환되는 낙차","축구팀 성과를 유럽·중동 거래로 바꾸고 미국 자율주행·물류 계약을 확장한다.","칼리안 파티에서 가전 판매·필리핀 교량 제안을 받고 미국 자율주행 횡단 시연을 준비한 뒤 연 1조 원 물류 문의자 가르시안을 만나러 간다.","구단이 없을 때 무시하던 억만장자 문화와 낯선 멕시코 국경 거래 상대의 함정이 있다.","가르시안이 도겸을 약물로 재워 미국-멕시코 터널에 감금하고 포탈 마약 운송을 강요한다.","불턴 5대0 승리와 구단주로서의 존중, 두 건의 해외 사업 기회를 얻지만 곧 생존 위기로 뒤집힌다.","지위·사업·위기","도겸은 상류층에서 무시당하던 신흥 부자에서 함께 거래할 구단주로 인정받고 동시에 카르텔 표적이 된다.","총을 든 가르시안에게서 탈출하고 배후인 대부 조직을 찾아야 한다.","불턴 재건의 첫 공개 성과와 스포츠 인맥 보상","국경 터널 탈출·카르텔 배후 확인","A058","high"
"168","ⓚ168화.","카르텔(2)","41031","41273","도겸은 멕시코 국경 지하에서 포탈 마약 운송을 거부해 총구 앞에 선다.","방어 목걸이·강화 마법·지진으로 카르텔의 오판을 압도하고 밀수 기반을 부수는 복수","가르시안에게서 빠져나와 대부의 유통망에 실제 손실을 준다.","배리어 목걸이로 총탄을 막고 스트렝스·헤이스트로 조직원을 제압해 기억을 지운 뒤 어스 브레이크로 터널을 붕괴시키고 40개 골렘으로 국경 터널들을 밤새 무너뜨린다.","가르시안은 중무장 병력을 거느리고 배후 이름을 모르며 국경 전체에 활성 터널이 일곱 개 이상 있다.","배후의 남미 관리자가 사토시라는 사실과 그 정체가 조민우임이 독자에게 드러난다.","무상 탈출과 주요 밀수 터널 파괴, 비서실장에게 다음부터 행선지를 알리겠다는 관계 약속을 얻는다.","능력·관계·적대","도겸은 수동적 납치 피해자에서 카르텔 물류망을 선제 파괴한 적으로, 조민우는 글로벌 범죄 경쟁자로 격상된다.","터널 손실을 본 조민우가 다른 카르텔을 흡수해 세력을 키운다.","가르시안 납치와 국경 탈출","사토시의 세력 확장·반사 마법 제품화","A058","high"
"169","ⓚ169화.","카르텔(3)","41274","41488","터널 절반이 막힌 조민우는 포차 카르텔을 먹어 유통망을 복구하려 한다.","범죄 적의 확장과 반대로 불턴·위그·제약·자동차가 동시에 성장하는 병렬 보상","불턴 성적과 글로벌 로열티를 다음 7서클·안전 자동차 기술로 환전한다.","불턴의 첼시전 1대0 승리를 치맥으로 보고 위그·푸르름 수익을 결산한 뒤 7서클 리플렉션을 열어 자동차용 일회성 반사 마법을 연구시킨다.","조민우가 포차 지도부를 살해하고 세력을 흡수하며 도겸 쪽에도 마법의 대량 제품화 난도가 남는다.","불턴이 3위까지 오르고 세운제약 시총이 30조 원·국내 10위권에 들면서 새 개방 기회가 열린다.","축구 순위·월 1천300억 원 이상 로열티·리플렉션과 자동차 안전 옵션 연구를 얻는다.","돈·능력·지위","도겸의 스포츠 취미가 그룹 매출과 새 마법을 낳는 성장축이 되고 조민우는 북부 정복자로 커진다.","리플렉션 차량 실증과 국민중심당 62명 총선이 양쪽 세력 개편을 시작한다.","불턴 재건의 1차 순위 증명과 글로벌 매출 결산","반사 자동차·총선·카르텔 북부 통일","A058","high"
"170","ⓚ170화.","세력 개편(1)","41489","41711","조민우는 야쿠자·삼합회·군용 무기로 북부를 통일하려 하고 도겸은 새 반사 기술을 시험한다.","자동차 충돌 무상처와 창립멤버 100억 성과급 식탁을 거쳐 정치·범죄 세력이 재편되는 전개","리플렉션을 안전 옵션으로 만들고 국민중심당 총선 자금과 후보를 준비한다.","시속 120km 차량 충돌 시험을 하고 63빌딩 연말 식사에서 홍 사장·황연우·김건웅에게 각각 100억 원을 지급한 뒤 62개 지역구 비용을 계산한다.","차량 연구진이 설명 불가 기술을 의심하고 정치인 황연우는 큰돈을 공개적으로 쓸 수 없으며 62명 선거에 93억 원이 든다.","보호 차량은 에어백도 열리지 않은 채 무상하고 상대 차량이 충격을 두 배로 받으며 황연우 국내 계좌만 성과금에서 제외된다.","차량용 반사 옵션과 홍 사장이 자녀 집을 마련할 100억 원, 창립팀의 새해 식탁을 지급한다.","관계·돈·능력","창립멤버는 조 단위 성장의 과실을 함께 받는 가족 같은 핵심팀이 되고 국민중심당은 전국 선거 조직으로 이동한다.","10만 당원과 62명 후보에게 합법적 자금·호감도를 어떻게 공급할지 남는다.","리플렉션 자동차 실증과 연말 성과 결산","국민중심당 총선 동원·조민우 남부 전쟁","A059","high"
"171","ⓚ171화.","세력 개편(2)","41712","41929","국민중심당은 62명 후보와 6만 당원을 가졌지만 거대 양당 조직력에 못 미친다.","세운 직원·DK 건물·스타벅스 일상을 거대한 선거 동원망으로 바꾸는 권력 설계","당원을 10만 이상으로 늘리고 마법 호감도를 합법 선거운동처럼 분산한다.","20만 명 명의로 선거비를 분산하고 세운 사내음악에 약한 암시를 넣어 4만 직원을 입당시키며 선거차량·2만 DK 건물·스타벅스에 참과 음악을 건다.","정치자금 추적과 세운-정당 유착 의심, 거대 양당의 고정 지지층, 마법 효과가 과하면 부정선거처럼 보일 위험이 있다.","국민중심당 당원이 10만 명을 넘고 후보 호감도는 3~5%, 당 지지율은 15% 상승 가능권에 들어간다.","전국 조직망과 기업 일상에 스며든 선거 접점, 총선 역전 기반을 확보한다.","정치·조직·능력","소수 정치 낭인 정당이 세운의 인력·부동산·브랜드를 등에 업은 전국 정당으로 바뀐다.","거대 양당 스캔들을 터뜨려 20%를 넘기고 실제 의석으로 환전해야 한다.","선거 후보·자금·당원 기반 구축","양당 네거티브전·63석 결산","A059","high"
"172","ⓚ172화.","세력 개편(3)","41930","42147","국민중심당은 평균 17%와 현역 5석을 얻었지만 지역구 승리에는 한 끗이 부족하다.","양당의 약점을 서로 폭발시키고 지역 일자리·교육 약속으로 63석을 얻는 정치 대결산","국민중심당을 어느 진영도 무시 못 할 원내 캐스팅보트로 만든다.","0호기의 양당 비리 2천 건과 선거법 119건을 상대 당·언론에 흘리고 세운 공장·DK 일자리·주택·무료 강의를 지역 공약으로 붙인다.","양당 조직표와 낮은 투표율, 네거티브 피로, 신생당의 지역 기반 부족이 마지막 장벽이다.","4월11일 지역구 50석과 비례 13석, 총 63석을 확보해 여야 어느 쪽도 단독 과반을 못 만든다.","윤경영·황연우가 이끄는 63석 정당과 법안 협상력, 유권자에게 보이는 일자리·교육 보상을 얻는다.","정치·지위·관계","국민중심당은 군소 신당에서 정권과 야당 모두가 구애해야 하는 교섭 중심축으로 바뀐다.","첫 캐스팅보트를 포탈 여객 법과 다음 대통령 구도에 사용할 차례다.","총선 준비와 전국 정당 검증","포탈 여객 시범법·대선 영향력","A059","high"
"173","ⓚ173화.","확장(1)","42148","42385","63석을 얻은 국민중심당은 포탈 여객 법을 거래할 수 있지만 전면 허용은 어렵다.","제한적 제도 승리·한소희의 애정·황연우의 장래를 보여 준 뒤 바이러스 전쟁을 여는 전환","영호남 시범 포탈을 현실화하고 국민중심당의 장기 대통령 후보를 준비한다.","윤경영을 통해 영호남 연결 시범법을 통과시키고 한소희와 미래그룹 승계 상황을 점검하며 황연우를 한국 정치의 중심으로 키울 뜻을 굳힌다.","운송 이권 때문에 전국 허용은 막히고 한소희의 강한 호감은 마법 영향인지 진심인지 도겸을 불편하게 한다.","조민우가 멕시코 절반을 통일하자 라칼이 사망률 30%의 디스트로이 바이러스와 백신을 가져온다.","첫 합법 포탈 여객 노선과 한소희의 지속적 신뢰, 황연우 대통령 후보라는 장기 목표를 얻는다.","정치·관계·세계","포탈은 물류에서 사람의 이동으로 진입하고 도겸·한소희 관계는 사업 동맹을 넘어 감정 가능성을 띤다.","멕시코에 뿌려질 바이러스가 전 세계 사업과 생명을 흔든다.","63석의 첫 법안 거래와 미래그룹 내전 점검","옥타 바이러스·치료제 경쟁","A060","high"
"174","ⓚ174화.","확장(2)","42386","42587","라칼과 조민우가 10일 잠복기 바이러스를 멕시코에 퍼뜨린다.","세계적 전염병을 구호·연구·신약 기회로 되받는 의료 사업 전개","감염 원인을 밝히고 재생으로도 못 잡는 바이러스 전용 치료제를 만든다.","세운 이름으로 멕시코에 3조 원 의료진·장비를 지원해 환자 데이터를 모으고 2서클 포이즌을 열어 타깃·클렌즈 조합 연구를 지시한다.","바이러스는 부자연스러운 구조이고 리제너레이션으로도 제거되지 않으며 전 세계 확산 속도가 빠르다.","세운 제품 매출은 30% 늘지만 0호기는 치료제를 만들려면 한 달이 필요하다고 계산한다.","멕시코 현장 데이터와 포이즌 마법, 치료제 연구의 구체 설계를 얻는다.","능력·사업·세계","세운은 전염병 수혜 기업에 머물지 않고 3조 원을 선투입한 글로벌 의료 구원자로 이동한다.","류들 제약 백신보다 먼저 안전한 치료제를 완성해야 한다.","바이러스 원인 확인과 연구 기반 수집","안티 옥타 임상·글로벌 승인","A060","high"
"175","ⓚ175화.","확장(3)","42588","42800","류들 제약은 백신으로 하루 15조 원 계약을 따고 세운 치료제는 90% 완성 단계다.","죽어 가는 환자가 깨어나 고개 숙이고 의료진 보너스까지 약속받는 직접 치료 보상","안티 옥타의 표적 정확도를 완성해 긴급 승인을 신청한다.","인공호흡기 환자에게 녹색 주사를 투여해 바이러스를 공격하고 세포 손상은 클렌즈로 지운 뒤 세 시간 만에 두 번째 제형을 조정한다.","첫 환자는 전신 통증과 세포 손상을 겪고 실패하면 사람을 죽인 임상 책임이 남는다.","두 번째 환자는 통증 없이 바이러스가 사라지고 첫 환자는 침대에서 일어나 도겸에게 허리 숙여 감사한다.","실제 완치 환자 두 명과 식약처·FDA 긴급 승인 신청, 의료진 전원 성과급 약속을 얻는다.","관계·능력·평판","도겸은 백신 경쟁을 뒤쫓는 사업가에서 환자와 직원이 직접 인정하는 치료제 개발자로 바뀐다.","승인 뒤 수천만 명에게 약을 공급하고 변이에도 대응해야 한다.","안티 옥타 임상 성공과 환자 회복","대량생산·변이 바이러스·미국 계약","A060","high"
"176","ⓚ176화.","변이(1)","42801","43018","안티 옥타가 승인됐지만 전 세계 감염자는 빠르게 늘고 생산량은 하루 1만 병뿐이다.","다른 상품 생산을 멈춰 생명을 우선하고 그 선택이 여론·매출·정치 지지로 돌아오는 확장","국내 환자를 먼저 치료하면서 생산을 수십 배 늘리고 변이 표적을 갱신한다.","워터베어·푸르름 생산을 중단해 치료제에 몰고 국민중심당 기자회견으로 국내 우선 공급을 공개하며 공장을 주 20만 병에서 70만 병으로 늘린다.","전 세계 5천만 명 수요와 포기한 고수익 제품, 두 배 전파력 변이가 동시에 압박한다.","기존 제형에서 타깃만 바꾸면 이틀 안에 변이 치료제를 만들 수 있음이 확인된다.","국내 조기 정상화, 국민중심당 지지율 5% 상승, 세운제약·위그·공기청정기 매출 급증을 얻는다.","평판·정치·사업·능력","세운제약은 돈보다 국내 생명을 먼저 둔 기업으로 인정받고 국민중심당은 그 공을 정치 자산으로 바꾼다.","미국이 월 생산량 절반과 기술 이전을 요구한다.","초기 치료제 승인과 국내 우선 배분","미국 생산 계약·공장 테러","A061","high"
"177","ⓚ177화.","변이(2)","43019","43227","감염자 1억5천만 명, 월 생산량 2천만 병을 두고 미국이 절반을 요구한다.","치료제 공급을 미국 포탈 허가와 조 단위 로열티로 교환하다 공장 화재로 뒤집히는 국제전","미국 수요를 채우면서 마법 원료 비밀과 전 세계 계약을 지킨다.","존 데스타와 1천만 병·미국 포탈 여객 허가를 맞바꾸고 원료를 공급하는 현지 위탁생산을 설계하며 일본의 뒤늦은 제안은 거절한다.","기술 이전 요구와 다른 국가 계약 위반 위험, 라칼·조민우가 보낸 테러범의 방화가 있다.","치료제 로열티가 3조 원을 넘겨 7서클 개방 기회를 얻는 순간 미국 공장과 마법 재료가 함께 불탄다.","미국 포탈 승인과 3조 원 로열티, 위탁생산 구조를 얻지만 생산 기반은 위기에 빠진다.","돈·정치·위기","도겸은 미국 보건·교통 정책을 함께 거래하는 공급자가 되지만 글로벌 공장 테러의 표적이 된다.","타버린 생산량을 며칠 안에 대체할 새 7서클 공장 마법이 필요하다.","미국 공급·포탈 협상","마도사의 마법진 공장·생산량 복구","A061","high"
"178","ⓚ178화.","변이(3)","43228","43473","미국 위탁공장이 불타 세계 치료제 공급 계약이 무너질 위기다.","30분 공장과 하룻밤 200기 기계 골렘으로 테러 손실을 압도하는 생산 반전","새 7서클 마법으로 치료제 생산량을 즉시 복구하고 더 키운다.","마도사의 마법진을 열어 공정·화학반응을 두 배로 만들고 일루젼·포켓·골렘을 동원해 30분 만에 공장, 하룻밤에 기계 골렘 200기를 만든다.","대형 공장 열 곳의 자재·마나·비밀 유지와 각국 긴급 수요를 동시에 감당해야 한다.","며칠 사이 공장 열 곳이 완공되어 월 6천만 병 생산이 가능해지고 일본이 사업 전면 허용을 미끼로 접근한다.","테러 전보다 큰 생산망과 자동화 공장 기술, 일본 환경·폐기물 사업 협상권을 얻는다.","능력·사업·지위","세운제약은 취약한 위탁 생산자에서 마법으로 공장을 복제하는 세계 최대 치료제 공급자로 바뀐다.","일본 후쿠시마 오염수를 얼마나 비싸고 안전하게 처리할지 협상한다.","미국 공장 화재와 치료제 공급 부족","후쿠시마 폐기물 20조 계약","A061","high"
"179","ⓚ179화.","비싼 쓰레기(1)","43474","43674","일본은 하루 170톤씩 늘어나는 후쿠시마 오염수 때문에 100조 원 이상 위험을 안는다.","세상이 꺼리는 쓰레기를 포켓으로 반나절 만에 20조 원으로 바꾸는 거액 보상","오염수 100만 톤 처리와 장기 폐기물 사업권을 최고가로 계약한다.","일본에 100만 톤 20조 원·매달 5천 톤 2천억 원·위약 3배를 요구하고 생중계 앞에서 골렘으로 포켓에 담은 뒤 아공간 틈을 붕괴시켜 다른 차원에 버린다.","국제 여론과 방사능 안전, 로봇 정체 은폐, 일본이 거액 계약을 뒤집을 가능성이 있다.","사람들이 한국 로봇 기술로 믿는 동안 불과 반나절에 100만 톤이 사라진다.","20조 원 청구권과 연 2조4천억 원 오염수 계약, 세계가 보는 마법 물류 시연을 얻는다.","돈·사업·능력","도겸은 치료제 공급자에서 일본 국가 재난을 대신 처리하는 환경사업 독점자로 커진다.","일본이 국민 반발을 핑계로 지급을 거부한다.","후쿠시마 100만 톤 처리","20조 지급·제염 사업 추가 계약","A062","high"
"180","ⓚ180화.","비싼 쓰레기(2)","43675","43902","일본 정부는 생중계로 처리까지 끝낸 뒤 20조 원 지급을 재협상하려 든다.","계약 위반국의 오염수를 비로 불려 스스로 약속값을 치르게 만드는 역이용","20조 원을 받아내고 후쿠시마 제염까지 새 고가 상품으로 연다.","후쿠시마에 이틀마다 레인을 내려 오염수를 하루 3천 톤으로 늘리고 일본 배정 치료제는 빈국에 반값 공급하며 공장 네 곳을 더 짓는다.","비를 한 달 유지해야 하고 일본의 정치적 버티기, 치료제 재배분에 따른 외교 압력이 있다.","오염수가 스무 배로 불자 일본이 20조 원을 입금하고 도겸은 1천 톤당 450억 원과 제염을 제안한다.","미지급 20조 회수와 월 8천만 병 생산, 빈국 지원 평판, 제염 협상 주도권을 얻는다.","돈·평판·능력","계약을 어기는 일본이 가격을 깎는 갑에서 도겸의 날씨와 처리 능력에 매달리는 을로 바뀐다.","후쿠시마 전체 제염 가격과 오염수 단가를 최종 확정한다.","20조 원 미지급 분쟁","55조 제염 계약·골렘 현장 투입","A062","high"
"181","ⓚ181화.","비싼 쓰레기(3)","43903","44122","일본은 오염수 급증을 멈추려면 도겸의 제염 제안을 받아들여야 한다.","55조 원 국가 계약과 마법 골렘 현장을 얻는 동시에 조민우가 라칼을 죽여 적 세력을 통합하는 결산","후쿠시마 제염을 최고가로 계약하고 인력 없이 수행할 체계를 만든다.","60조 원을 부른 뒤 55조 원에 합의하고 정화 각인 골렘 열 기와 포켓으로 방사성 폐기물을 처리한다.","일본은 가격을 낮추려 하고 제염은 인간 1만 명 규모 노동을 요구하며 범죄선에서는 라칼이 대부를 배신한다.","정화 골렘 열 기가 인간 1만 명 몫을 하고 조민우는 대부의 커피와 인정을 받은 뒤 라칼을 독살한다.","55조 원 제염 계약·월 3천억 원 첫 매출·새 7서클 기회와 조민우의 동북아 권한을 얻는다.","지위·돈·적대","도겸은 국가급 환경 문제 가격을 정하는 사업자가 되고 조민우는 라칼까지 제거한 대부의 핵심 후계로 올라선다.","중동 왕실 치료제 관계와 잃어버린 보석이 100조 도시 사업으로 연결된다.","후쿠시마 지급·제염 가격·라칼 배신","사우디 왕실 보석 회수·그린시티 수주","A062","high"
"182","ⓚ182화.","보석의 가치(1)","44123","44331","후쿠시마 사업은 안정됐고 옥타 치료제 덕분에 중동 왕실과 직접 거래한다.","왕가의 도난 보석을 되찾아 100조 원 도시 독점권을 얻는 고위험 내기","한 달 안에 50캐럿 블루 다이아몬드를 회수해 사우디 그린시티 우선권을 딴다.","칼리안에게 UAE 50만 병을 약속하고 바하라 왕자의 보석 시계를 받은 뒤 태국 장군이 훔친 왕실 보석 회수 내기에 서명한다.","실패하면 2천억 원 상당 치료제 2천만 병과 기존 공급 계약 위반을 감수해야 하고 태국은 보석 전문가까지 살해했다.","바하라가 10년 100조 원 그린시티 우선권을 판돈으로 올리고 칼리안이 공식 증인이 된다.","사우디 왕실 신뢰와 초대형 건설사업에 도전할 독점 기회, 귀한 시계 선물을 얻는다.","관계·지위·사업","도겸은 치료제 판매자가 아니라 왕족과 내기를 맺는 국가 프로젝트 후보로 인정받는다.","태국 분마탄 장군의 비밀 금고에서 진품을 찾아야 한다.","UAE·사우디 치료제 우호 거래","태국 잠입·블루 다이아몬드 회수","A063","high"
"183","ⓚ183화.","보석의 가치(2)","44332","44590","도겸은 분마탄 장군이 왕실 보석을 숨겼다고 보고 태국 군사 거점에 들어간다.","은신·비행·수면·최면·골렘 해킹으로 백 명 경비와 비밀 금고를 무력화하는 잠입 쾌감","블루 다이아몬드와 왕실 보석 전부를 흔적 없이 회수한다.","장군을 최면으로 금고까지 안내하고 경비 약 백 명을 재운 뒤 USB 골렘으로 CCTV를 장악해 한 시간 동안 금고를 포켓에 담는다.","군부대 경비와 감시망, 금고 위치, 절도가 드래곤 하트 성장으로 인정되지 않는 자기 절제 문제가 있다.","진품 블루 다이아몬드와 사우디 보석함을 찾고 장군은 현 정권 소행으로 오해해 쿠데타를 일으킨다.","왕실 보석 전량과 장군의 불법 재산을 회수하고 리야드에서 블루 다이아몬드 진품 판정을 받는다.","능력·돈·세계","도겸은 돈으로 사는 계약자에서 국가 권력의 비밀 금고까지 열 수 있는 왕실 해결사로 바뀐다.","나머지 왕실 보석 반환과 100조 사업 최종 조건이 남는다.","태국 금고 침투와 블루 다이아몬드 회수","왕실 보석 반환·그린시티 독점 계약","A063","high"
"184","ⓚ184화.","보석의 가치(3)","44591","44783","블루 다이아몬드는 진품으로 확인됐지만 왕실 보석함과 사업 세부조건이 남았다.","훔치지 않고 모두 돌려준 신뢰가 100조 원 독점 수주와 300기 골렘 해법으로 돌아오는 결산","사우디 왕가에 보석을 전부 반환하고 하도급 금지 조건까지 풀 실행안을 만든다.","왕실 보석함을 그대로 돌려주고 세운건설에 1년 우선협상권을 알린 뒤 하도급 금지 조항을 300기 건설 골렘 직영으로 해결한다.","1년 안 성과를 못 내면 우선권을 잃고 하도급 없이 사막 도시를 짓자니 인력·모래폭풍·전쟁 위험이 있다.","바하라는 보석 전량 반환을 확인하고 세운에 1년 독점 기회를 주며 도겸은 필요한 150기보다 두 배인 300기를 배치한다.","100조 원 그린시티 우선권과 사우디 왕실의 신뢰, 국민중심당의 대선 중립 전략을 얻는다.","지위·관계·사업","세운건설은 국내 건설사에서 사우디 왕가가 직접 고른 단독 개발자로 올라서고 황연우는 차기 대권 후보로 암시된다.","키디야 현장에서 골렘과 인간이 실제로 합을 맞추고 물·모래폭풍을 넘겨야 한다.","사우디 보석 내기와 사업 우선권","키디야 직영 공사·포탈 정상화·기상 위험","A063","high"
"185","ⓚ185화.","정상화(1)","44784","45015","옥타는 한국에서 감기처럼 관리되고 키디야에는 건설 골렘 300기가 투입된다.","팬데믹 일상 회복과 사람·골렘의 현장 협업을 함께 보여 주는 정상화 보상","포탈 여객 규제를 더 풀고 키디야 직영 공사를 안정화한다.","황연우에게 규제 확대를 맡기고 사우디 직원들에게 골렘을 시연해 0호기 연결 안전모로 협업시키며 물 부족을 확인한다.","현지 인부는 거대 골렘을 두려워하고 공사 속도가 빨라진 만큼 물이 바닥난다.","일주일 만에 직원들이 골렘을 칭찬하며 자연스럽게 일하고 도겸은 슈피리어호에서 물 99만 톤을 포켓에 담는다.","사회적 거리두기 종료·포탈 승객 열 배·인간과 골렘의 작업 합, 99만 톤 비상용수를 얻는다.","세계·관계·사업","팬데믹 비상 체제가 일상으로 돌아오고 골렘은 비밀 무기에서 현장 동료로 받아들여진다.","키디야에 99만 톤을 공급하고 빨라진 공사의 다음 병목을 해결한다.","옥타 이후 국내 정상화와 골렘 현장 적응","키디야 용수·포탈 지역 정치·선수 영입","A064","high"
"186","ⓚ186화.","정상화(2)","45016","45223","키디야는 물 부족으로 멈출 수 있고 국내에서는 대선과 포탈 규제 완화가 맞물린다.","작은 물탱크에서 99만 톤이 쏟아지고 지역 교통 혜택이 장기 표로 바뀌는 실무 보상","공사를 안정시키고 포탈을 국민중심당 지역 기반으로 배치하며 불턴의 약점을 보강한다.","포켓 물탱크로 물을 풀고 귀국해 포탈을 접전 지역구에 넣는 대신 국민중심당이 세운을 공개 비판하는 그림을 짜며 브라질 메이마르 영입에 나선다.","일주일 60시간 비행 피로, 세운-정당 유착 의심, 불턴 7위와 스타 선수의 약팀 기피가 있다.","조주영은 이해할 수 없다고 감탄하고 현장은 안정되며 대선 뒤에도 국민중심당 60석의 중간 지위가 유지된다.","키디야 용수 해결과 20년 지역 표심 설계, 메이마르 830억 원 바이아웃 제안을 얻는다.","사업·정치·관계","조주영은 도겸의 기술을 의심하는 현장 사장에서 자신이 앞서가고 있다는 설명을 믿는 동료가 되고 국민중심당은 장기 지역당으로 설계된다.","산투스가 돈만으로 메이마르를 팔지 않아 추가 거래가 필요하다.","키디야 물 부족과 대선 중립 후속","메이마르 영입·불턴 4위 추격","A064","high"
"187","ⓚ187화.","정상화(3)","45224","45446","산투스는 메이마르를 약팀 불턴에 보내길 꺼리고 키디야 공정은 빠르게 진행된다.","글로벌 스타 영입과 포탈 지역 주민의 재선 약속 뒤 50년 만의 모래폭풍 위기를 여는 전개","메이마르를 데려와 불턴을 4위권으로 끌어올리고 포탈 정치 효과를 확인한다.","세운제약 스폰서·푸르름 브라질 판권을 얹어 메이마르와 거액 계약을 맺고 접전 지역에 포탈을 설치해 주민 반응을 살핀다.","메이마르는 불턴 이적을 달가워하지 않고 겨울 영입비가 2천억 원에 이르며 키디야에 초대형 모래폭풍이 접근한다.","메이마르가 세 경기 연속골을 넣고 포탈 설치 지역 주민들이 다음에도 국민중심당을 뽑겠다고 외친다.","메이마르 영입·불턴 승점차 5점·지역구 장기 지지라는 스포츠와 정치 보상을 얻는다.","지위·정치·관계","불턴은 약체가 아니라 세계적 유망주가 뛰는 4위 도전팀이 되고 포탈은 생활 편의가 곧 충성표임을 증명한다.","사흘 뒤 키디야를 덮칠 모래폭풍이 공정을 한 달 늦출 수 있다.","메이마르 협상과 포탈 지역 효과","키디야 모래폭풍 방어","A064","high"
"188","ⓚ188화.","발전소(1)","45447","45688","키디야 공사장은 초대형 모래폭풍이 사흘 안에 덮쳐 한 달 지연될 위기다.","자연재해를 최상급 마정석으로 먹고 윈드 스톰으로 공사장을 지키는 시각적 마법 보상","모래폭풍 속에서도 키디야 공정을 중단하지 않고 다음 사업 병목을 찾는다.","마정석 제작진 백 개와 마도사 진을 설치하고 윈드 스톰으로 모래를 밀어내 조주영을 재운 채 공사장을 순찰한다.","도시급 범위를 밤새 각인해야 하고 바람을 약화해도 모래 유입이 남으며 도겸의 마나가 소진된다.","폭풍 에너지가 최상급 마정석으로 저장되고 키디야만 맑아 신의 축복이라는 소문이 돈다.","공정 지연 없는 사우디 현장과 대량 최상급 마정석, 조주영이 체감한 회장의 현장 보호를 얻는다.","능력·관계·사업","도겸은 골렘을 공급한 발주자에서 자연재해 때 현장을 직접 지키는 수호자로 인정되고 사업은 정상 진행된다.","세운의 전기 사용을 공격하는 정치 프레임을 해결할 새 에너지원이 필요하다.","키디야 모래폭풍과 일정 지연 위험","우주 태양광 발전소 설계","A064","high"
"189","ⓚ189화.","발전소(2)","45689","45947","세운은 마정석 생산 때문에 그룹 전력의 30% 이상을 쓰며 원전 논쟁의 표적이 된다.","코일의 우주 태양광 발상을 마법·골렘·포켓으로 강남 크기 발전소에 옮기는 기술 건설","지상 전기를 쓰지 않는 대규모 마정석 생산소를 우주에 세운다.","코일과 24시간 태양광을 설계하고 전지판을 인챈트-대지와 골렘으로 말아 한 로켓에 130개를 실은 뒤 원격 포켓으로 나머지를 궤도에 꺼낸다.","전지판 3천 개와 원래 로켓 60회·5년이 필요하고 원격 포켓을 새로 만드는 데 마나와 2주 연구가 든다.","130개 골렘 전지판이 서로 조립되고 포켓 입구가 우주에서 열려 나머지 전지판까지 정확히 붙는다.","로켓 한 번으로 강남급 구조물을 조립하는 실증과 코일이 죽기 전 예술을 본다고 감탄하는 동료 보상을 얻는다.","능력·기술·관계","세운스페이스는 위성 발사 회사에서 우주 구조물·에너지 인프라를 조립하는 조직으로 도약한다.","전지판 전체를 완성해 실제 원전 한 기급 출력을 확인해야 한다.","우주 발전소 운송·조립 방식","강남급 발전소 완공·전기 자립","A065","high"
"190","ⓚ190화.","발전소(3)","45948","46189","우주에는 전지판이 조립됐지만 실제 출력과 정치적 쓸모가 아직 공개되지 않았다.","원전 한 기급 비밀 전력과 불턴 챔피언스리그 직전의 스포츠 긴장을 함께 지급","우주 발전소를 완성해 용인 마정석 공장을 닫고 불턴의 4위를 확정한다.","강남 크기 발전소 출력을 0호기로 확인해 비공개 증설을 지시하고 영국 시즌 마지막 경기에 가서 펄의 수상한 골키퍼를 조사한다.","정치권은 돈 낭비라 공격하고 기술 공개는 국가 견제를 부를 수 있으며 불턴은 마지막 경기 패배 시 2천억 원을 더 줘야 한다.","발전소가 하루 4만 메가와트·원전 한 기급을 생산하고 0호기는 골키퍼 사촌 계좌의 100만 유로를 찾아낸다.","세운 전기 자립과 장기 에너지 사업 가능성, 불턴 승부조작의 결정적 금융 흔적을 얻는다.","사업·지위·위기","세운은 국내 전기 소비 비난에서 벗어날 비밀 자급망을 얻고 펄은 전 구단주에서 구단을 해치는 적으로 확정된다.","매수된 골키퍼를 빼고 경기에서 이겨 4위를 지켜야 한다.","우주 발전소 완공과 전력 병목","불턴 승부조작 저지·7서클 완숙","A065","high"
"191","ⓚ191화.","마도사의 지팡이(1)","46190","46415","펄이 골키퍼 측에 100만 유로를 보낸 흔적이 있고 불턴은 마지막 경기를 치른다.","매수 골키퍼를 제거해 메이마르 해트트릭·챔피언스리그·새 마법 장비를 연속 지급하는 결산","승부조작을 막고 불턴 4위를 확정한 뒤 7서클 완숙의 핵심 보상을 선택한다.","디그·슬립으로 골키퍼를 교체하고 증거를 영국 경찰에 넘긴 뒤 제약 매출 성장을 받아 마도사의 지팡이 제작법을 연다.","조작 증거가 차명이라 100% 확정 전 과도한 처벌을 피해야 하고 지팡이 재료는 지구에 없을 수도 있다.","메이마르가 해트트릭을 기록해 펄의 2천억 원 조건을 무효로 하고 0호기는 지구 재료로 네 속성 지팡이를 만들 수 있다고 확인한다.","챔피언스리그 진출·펄 압수수색·세운제약 매출 30% 증가·7서클 완숙과 지팡이 제작법을 얻는다.","지위·능력·돈","불턴은 강등권 약체에서 유럽대항전 팀으로, 도겸은 탑을 들고 다니는 효과를 만들 수 있는 완숙 마법사로 올라선다.","빛 지팡이 핵심 보석 핑크스타 다이아몬드를 경매에서 구해야 한다.","펄의 승부조작과 4위 조건","속성 보석 확보·빛 지팡이 제작","A065","high"
"192","ⓚ192화.","마도사의 지팡이(2)","46416","46670","핑크스타 경매에 조민우까지 끼어들어 가격을 9천만 달러로 밀어 올린다.","비싼 경쟁 경매를 피해 더 싼 블루 다이아몬드와 기계 골렘으로 두 시간 만에 빛 지팡이를 만드는 보상","속성 보석을 합리적 가격에 확보해 우주 발전소 효율을 높인다.","제네바 낙찰은 포기하고 김건웅이 홍콩에서 600억 원 블루 다이아몬드를 사 오게 해 0.0001mm 공작 골렘으로 지팡이를 제작한다.","조민우의 감정 입찰과 공개 구매 평판, 수천 재료의 정밀 가공, 보석 결합 때 큰 마나 소모가 있다.","가르틴 세계에서 6개월 걸리던 제작이 두 시간 만에 끝나고 빛 각인이 태양전지 효율을 최소 40% 높인다.","빛의 지팡이와 원전 이상 잉여 전력·마정석, 조민우에게 1천억 원 보석 부담을 떠넘긴 결과를 얻는다.","능력·기술·돈","도겸은 고정 마탑 밖에서도 속성 마법을 두 배 강화하는 장비 제작자가 되고 우주 발전소는 잉여 생산 단계로 넘어간다.","새 잉여 자원과 마탑을 황연우 서울시장 프로젝트에 투입한다.","속성 보석 확보와 첫 지팡이 제작","황연우 서울시장 출마·포탈·미세먼지 공약","A065","high"
"193","ⓚ193화.","황연우 키우기(1)","46671","46877","빛의 지팡이로 에너지 사업을 보강한 도겸은 쉬고 있는 황연우에게 다음 선거를 맡기려 한다.","술 좋아하는 의원을 서울시장 후보로 밀어 교통·환경 공약을 함께 만드는 정치 육성","황연우를 서울시장 후보로 선언시키고 세운 기술이 필요한 독점 공약을 설계한다.","윤경영의 동의를 먼저 받아 황연우 의원직 사퇴 기자회견 대본을 주고 서울 전역 포탈 환승·미세먼지 정화 공약을 제안한다.","황연우는 2선 경력이 짧고 정책 역량이 약하며 의원직을 즉시 버리기를 두려워한다.","윤경영까지 찬성한 사실에 황연우가 물러설 길을 잃고 일요일 기자회견이 월요일 뉴스를 독점한다.","서울시장 후보 황연우와 포탈 환승·환경이라는 두 독점 공약, 전국적 관심을 얻는다.","정치·관계","도겸이 시키는 대로 움직이던 국회의원이 다음 대권으로 가는 서울시장 후보가 되고 두 사람의 거친 신뢰가 다시 드러난다.","사람 힘으로 불가능한 미세먼지 정화를 실제 시연해야 한다.","황연우 후보 지명과 의원직 사퇴","버큠 마법 시연·정책 신뢰","A066","high"
"194","ⓚ194화.","황연우 키우기(2)","46878","47102","황연우는 미세먼지 공약을 냈지만 작동하는 정화 기술을 아직 보지 못했다.","10분 만에 수치 102를 30으로 낮추는 마법 시연이 후보의 자신감으로 돌아오는 장면","서울 전역에 설치 가능한 저소모 버큠 시스템을 증명한다.","그라비티·배리어·리플렉션·포켓을 합친 버큠을 백두빌딩에서 가동해 반경 10km 먼지를 제거하고 30기 배치안을 설명한다.","프로토타입 소음과 세운-국민중심당 유착 의심, 서울 전체 설치 비용과 의회 승인이 남는다.","황연우가 다른 후보는 못 하는 공약을 보자 자신감을 얻고 일주일 방송 다섯 개 유세를 받아들인다.","실측 공기질 좋음 30과 서울 30기 설계, 황연우의 자신감·실행 의지를 얻는다.","능력·정치·관계","허황된 공약이 작동하는 기술 정책으로 바뀌고 황연우는 끌려가는 후보에서 이길 수 있다고 믿는 후보로 성장한다.","조민우의 곡물 바이러스와 세운타워 완공·선거 홍보전이 병행된다.","버큠 프로토타입과 공약 실현성","미세먼지 공포 홍보·세운타워 표심","A066","high"
"195","ⓚ195화.","황연우 키우기(3)","47103","47339","황연우 지지율은 25%이고 거대 양당 후보 둘은 각각 30%라 강한 사건이 필요하다.","연출한 습격 속에서 황연우가 진짜 철거민을 몸으로 지켜 정치인으로 성장하는 감정 보상","중도층이 믿을 희생 장면을 만들고 황연우에게 정책 역량을 채운다.","재개발 용역에게 히프노시스·일루젼을 걸어 싸움을 일으키고 방검복을 입힌 황연우를 투입한 뒤 칼에 찔린 그를 회복 마법으로 치료한다.","연출이 실제 사상자로 번질 위험과 황연우의 어깨 상처, 조작이 알려질 평판 비용이 있다.","황연우는 지시와 달리 칼을 꽂은 채 철거민 앞을 지키고 모두 같은 서울 시민이라며 자신을 믿어 달라고 외친다.","30%대 지지율 전망·전국 뉴스·완치, 철거민 임시주거와 일자리, 집중 마법진을 얻는다.","관계·감정·정치","도겸은 도구처럼 밀던 황연우에게 실제 공공심이 있음을 보고 대견해하며 황연우는 보호받는 참모에서 시민을 몸으로 막는 정치인이 된다.","세운타워 마탑과 봄 미세먼지를 표로 전환해 최종 10%를 채운다.","중도층을 움직일 희생 장면과 황연우 부상","세운타워 완공·황사 시연·선거 결산","A066","high"
"196","ⓚ196화.","미세먼지(1)","47340","47585","126층 세운타워가 마탑으로 완성됐지만 봄 하늘은 예상보다 맑고 황연우 지지율은 30%에 묶였다.","고비사막 황사를 직접 끌어온 뒤 세운타워만 푸른 하늘로 만드는 과격한 선거 시연","황연우의 환경 공약을 눈앞의 대비로 증명해 박스권을 뚫는다.","고비사막 모래를 포켓에 담고 몽골부터 서울까지 토네이도를 이어 이틀 황사를 만든 뒤 기자회견 순간 세운타워 버큠을 최고 출력으로 켠다.","서울 시민이 나쁜 공기를 마시는 윤리 비용과 기상청을 속일 정밀 경로, 마법 이동 노동이 크다.","30년 만의 황사로 지지율이 이틀 만에 4% 오르고 기자들 앞 세운타워 주변 하늘만 몇 분 만에 파래진다.","새 마탑의 60만 명 영향권과 공기정화 공개 실증, 황연우 당선 확신을 얻는다.","정치·능력·평판","세운타워는 부동산 상징에서 서울 표심과 환경을 움직이는 마법사의 탑으로 작동하고 황연우는 선두 후보가 된다.","높아진 투표율이 실제 개표 승리로 이어질지와 조민우의 ABM 인수가 남는다.","세운타워 마탑 완공과 미세먼지 공약 시연","서울시장 개표·시장 취임","A066","high"
"197","ⓚ197화.","미세먼지(2)","47586","47813","조민우는 가족을 협박해 ABM을 빼앗고 서울에서는 황연우 선거 개표가 시작된다.","시장 당선 연설 뒤 가장 먼저 창립멤버에게 돌아와 맥주 한 캔으로 축하하는 관계 결산","황연우를 서울시장에 앉히고 공약을 시정·의회 권력으로 실행한다.","세운타워 영향권 표를 확인해 당선을 지켜본 뒤 취임 첫날 공개 회담을 하고 비공개로 미세먼지·포탈·시의원 영입 전략을 짠다.","거대 양당 시의원이 과반이고 택시·버스 노조가 포탈을 막으며 시장직은 국회의원보다 업무가 훨씬 많다.","황연우가 당선 확정 직후 인터뷰 전에 백두빌딩으로 달려와 도겸·창립멤버와 가장 먼저 건배한다.","서울시장 직함과 세운-서울시 공식 협의 창구, 23명 시의원에서 추가 30명 영입 계획을 얻는다.","관계·호칭·정치","황연우는 도겸의 형 같은 참모에서 황연우 시장님이 되고도 첫 축하를 옛 동료와 나누는 핵심 가족으로 남는다.","시의회 반대를 꺾어 미세먼지와 포탈 공약을 통과시켜야 한다.","서울시장 선거와 황연우의 장기 육성 1차 결산","미세먼지 의결·포탈 상용화·시의원 포섭","A066","high"
"198","ⓚ198화.","가고일(1)","47814","48044","황연우는 시장이 됐지만 미세먼지 시스템과 포탈 상용화가 시의회에 막혀 있다.","민심으로 환경 의결을 통과시킨 뒤 비행 석상을 드론 배달 사업으로 바꾸는 새 마법 사업","미세먼지 공약을 실제 사업으로 만들고 서울 교통 체증을 줄일 라스트 마일을 설계한다.","세운타워 주변만 맑게 해 민원을 폭주시킨 뒤 황연우 호소문으로 만장일치 의결을 받아내고 7서클 가고일을 드론에 적용해 0호기 조종을 시험한다.","시의원 감시와 포탈 부결, 배달 차량·오토바이 이권, 가고일 외형에 대한 대중 거부 가능성이 있다.","날개가 생긴 가고일 드론이 시속 80km·급정거·장애물 회피를 해내며 서울 연 수천억 원 라스트 마일 모델이 열린다.","미세먼지 프로젝트 만장일치와 황연우의 첫 시정 성과, 가고일 제작·드론 시제품을 얻는다.","정치·능력·사업","서울시장 프로젝트가 당선에서 실정 성과로 넘어가고 전투 석상 마법이 생활 배송 인프라로 재해석된다.","한국 40개 드론 규제를 피해 해외에서 먼저 성공해야 한다.","미세먼지 의회 반대와 정화 사업 승인","미국 FAA 허가·위그 딜리버리 실증","A067","high"
"199","ⓚ199화.","가고일(2)","48045","48261","한국은 휴전국 규제 40개로 가고일 드론 상용화를 허가하지 않는다.","미국 정치 인맥·실리콘밸리 체험·이동식 포켓 차량으로 배송 신세계를 빠르게 시장화","미국에서 규제 면제를 받고 음식과 택배 양쪽의 경제성을 증명한다.","존 데스타에게 FAA 조건을 받아 쉴드·위성 ID를 맞추고 실리콘밸리에 200대 배달을 연 뒤 천 대 차량에 포켓 마법진을 설치해 도시별 이동 물류센터를 만든다.","충돌 안전·로비·식별 요구와 택배 한 건당 적은 적재량, 천 대 마법진 작업으로 두통·탈진이 쌓인다.","창문으로 도착한 커피가 개발자들의 상식을 무너뜨리고 샌프란시스코 택배 호평으로 위그 주가가 세운전자를 추격한다.","FAA 승인·폭증 주문·캘리포니아 드론 배송망과 미국 최고속 택배 브랜드를 얻는다.","사업·지위·능력","한국에서 막힌 아이디어가 미국 대중이 일부러 체험하러 오는 혁신으로 바뀌고 위그는 그룹 최대 시총 후보가 된다.","한국 규제 장벽과 캘리포니아 산불이 가고일의 공공 가치를 시험한다.","미국 드론 승인과 상업 실증","산불 진화·한국 여론 전환","A067","high"
"200","ⓚ200화.","가고일(3)","48262","48456","캘리포니아 위그는 성공했지만 한국 정치권은 안보·일자리 명분으로 규제를 막는다.","배달 드론 5만 대가 천 대 소방헬기 몫의 물을 퍼부어 거대 산불을 잡는 공공 액션","위그 서비스가 피해를 보기 전에 캘리포니아 산불을 즉시 진압한다.","아공간 차량 수천 대를 화재 현장에 보내고 가고일 5만 대가 각 100kg, 총 5천 톤 물을 강풍 속 불길에 투하하게 한다.","조민우가 고의로 낸 산불은 산맥 전체로 번지고 강풍·검은 연기가 드론 비행을 막으며 마정석은 세 차례면 고갈된다.","전문가가 불가능하다고 말하는 생방송에서 가고일이 날개로 강풍을 뚫고 불길을 실제로 꺾는다.","첫 5천 톤 투하와 전 세계 생중계, 가고일이 배달 도구를 넘어 재난 장비임을 증명한다.","평판·능력·위기","규제 대상 드론이 미국 대형 재난을 구하는 공공 인프라로 재평가되기 시작한다.","마정석이 고갈되기 전 반복 투하로 산불을 완전히 끄고 손실을 여론 자산으로 바꿔야 한다.","가고일 상업성 1차 검증","산불 완전 진화·미국 대통령 감사·한국 규제 완화","A067","high"
"201","ⓚ201화.","메타버스(1)","48457","48637","가고일의 반복 투하로 산불은 잡혔지만 2천 대가 파손되고 최소 30억 원 손실이 났다.","미국 대통령의 실명 감사와 시장이 된 황연우의 실무 협력이 손실을 수천억 평판으로 바꾸는 결산","산불 공공성을 한국 규제 완화로 환전하고 다음 성장 사업을 찾는다.","가고일을 재생·수리하고 미국 대통령 회견을 지켜본 뒤 황연우와 채용 확대·시의원 포섭을 논의하며 서광수에게 가상현실 SNS와 세운메타버스 사장직을 제안한다.","노조의 일자리 반발과 2천 대 파손·배달 위약금, 현실 기술로 진정한 가상현실을 만드는 난도가 있다.","미국 대통령이 조도겸 이름을 직접 부르고 황연우는 넥타이·구두를 벗고 맥주를 마시면서도 70% 찬성 조사와 시의원 과반 계획을 가져온다.","세계적 영웅 평판·한국 드론법 추진·황연우의 실무 성장, 열정을 되찾은 서광수와 메타버스 신사업을 얻는다.","인정·관계·사업·지위","가고일은 규제를 받을 장난감에서 대통령이 감사한 재난 영웅으로, 서광수는 지친 고문에서 새 계열사 초대 사장으로 바뀐다.","메타버스에 필요한 5천 명 IT 인력을 확보하기 위해 게임 회사를 인수한다.","캘리포니아 산불과 가고일 공공성 검증","겜마블 인수·서울 드론 상용화·메타버스 제작","A067","high"
"202","ⓚ202화.","메타버스(2)","48638","48864","세운메타버스에는 대규모 개발자가 필요하고 한국 드론법은 통과 직전이다.","5조 원 현금 인수·연봉 인상과 서울 가고일 시범운행을 동시에 여는 사업 확장","겜마블 인력과 서울 드론 시장을 확보해 메타버스·라스트 마일 두 사업을 출발시킨다.","겜마블을 5조 원과 기존 게임 수익 10% 조건으로 사고 전 직원 연봉을 10% 올린 뒤 드론법 통과 즉시 강남 시범운행과 5천 명 채용을 시작한다.","주주들은 시대를 앞선 메타버스 투자를 걱정하고 배달노조는 잠자리채·돌과 가짜 충돌 사고로 서비스 이미지를 노린다.","겜마블 전 직원이 재계약하고 신입 지원자 20만 명이 몰리는 한편 드론을 일부러 들이받으려던 남성은 피한 뒤에도 사고를 연기한다.","게임 개발 조직·서울 위그 딜리버리 허가·대규모 인재 풀을 얻는다.","사업·조직·평판","세운은 게임 회사를 소유한 메타버스 개발사이자 한국 첫 가고일 배송 사업자가 되지만 시민단체와 공개 충돌한다.","조작된 드론 부상 보도와 30억 원 요구를 증거로 뒤집어야 한다.","겜마블 인수와 서울 드론 법·시범운행","가짜 충돌·시민단체 조작극 폭로·메타버스 실물 설계","A068","high"
"203","ⓚ203화.","메타버스(3)","48865","49123","드론과 부딪혀 전치 6주라는 1면 기사가 나오고 시민단체는 30억 원을 요구한다.","드론 블랙박스·위성·CCTV와 직접 잠입으로 조작극을 대형 전광판에 생중계하는 역공","김장욱 단체의 가짜 사고·폭행 쇼를 입증해 드론 여론을 되찾는다.","0호기로 금융·전과·통화 기록을 모으고 인비지빌리티로 컨테이너에 잠입해 장부·컴퓨터를 복사한 뒤 신입을 때리게 한 대화를 현장 전광판에 자막과 함께 튼다.","언론은 이미 세운 책임으로 보도했고 시민단체와 정면충돌하면 대기업 이미지가 나빠질 수 있으며 신입 회원이 실제로 다친다.","완벽한 대기업 횡포 사진을 만들던 김장욱 앞에서 자기 지시 영상이 재생되자 기자들의 카메라가 벌레 보듯 그를 향한다.","가짜 충돌과 폭행 쇼의 다각도 증거, 공개 서사 역전의 첫 결산을 얻는다.","평판·능력·지위","세운은 협박받는 피고발 기업에서 조작 피해자로 돌아서고 김장욱은 시민운동가 가면을 잃는다.","김장욱의 법적·개인적 처분과 VR·데이터센터·가상화폐 설계는 204화 이후에 계속된다.","가짜 충돌 원인과 시민단체의 폭행 연출 폭로","204화 메타버스(4)의 김장욱 후속 처분·메타버스 3대 기반","A068","high"
"204","ⓚ204화.","메타버스(4)","49124","49345","203화에서 가짜 드론 충돌과 시민단체의 자작극 증거가 대형 전광판으로 공개됐고 김장욱은 수사망을 피해 도주한다.","드론 공작의 배후를 현실 처벌보다 더 확실히 치운 뒤 진짜 메타버스 사업으로 넘어간다.","김장욱을 재기 불가능한 곳에 격리하고 서광수에게 가상세계 구축의 핵심 조건을 정하게 한다.","김장욱을 납치해 오창건이 있는 무인도로 보내고 세운메타버스 5천 명의 업무를 점검한 뒤 VR 기기·데이터센터·경제 체제를 의제로 올린다.","언론·경찰·검찰의 추적만으로는 도주한 김장욱을 즉시 잡기 어렵고 메타버스는 기존 게임 업데이트만으로 완성되지 않는다.","서광수가 VR 기기와 대규모 데이터센터, 독자 경제 시스템을 요구하고 조도겸이 비트코인을 통화로 채택한다.","김장욱은 돈과 권력이 통하지 않는 섬에 떨어지고 세운전자 VR 개발·글로벌 데이터센터·비트코인 경제라는 실행선이 열린다.","적대 제거·사업·능력","드론 반대 공작의 피해자에서 배후를 격리한 통제자로, 막연한 게임 회사에서 물리 장치와 통화를 가진 메타버스 설계자로 이동한다.","200명 미래혁신팀의 조악한 VR을 마법으로 실제 감각 수준까지 끌어올려야 한다.","김장욱의 도주와 드론 자작극 배후 처리","VR 동기화·데이터센터·경제 체제 구축","A068","high"
"205","ⓚ205화.","환상(1)","49346","49602","세운전자 미래혁신팀 200명이 만든 VR은 멀미가 날 만큼 현실감이 떨어지고 세계 서비스를 위한 전력·냉각 시설도 없다.","환상 마법이 VR 감각과 해저 데이터센터라는 두 기술 장벽을 실제 시제품으로 바꾼다.","안전한 몰입형 VR과 태풍에도 버티는 데이터센터를 증명하고 세운메타버스의 물리 기반을 만든다.","VR 기기에 일루젼·힙노시스를 각인해 노르웨이 숲의 냄새와 촉감까지 재현하되 동기화율을 낮추고, 부산 컨테이너에 방어·무게·토네이도 마법을 써 2시간 태풍 시험을 한다.","완전 동기화는 현실과 구분되지 않아 정신 안전을 해치고 12개 국내 후보지와 해외 센터에는 막대한 전력·냉각 비용이 든다.","마법 VR이 너무 사실적이어서 오히려 동기화율을 제한해야 하고 마법 컨테이너는 대형 태풍을 견뎌 해저 배치가 가능해진다.","연구팀은 불가능해 보이던 VR을 분석할 과제를 얻고 12개 국내 센터 전부와 글로벌 해저센터, 판교 30층 사옥 구축안이 확정된다.","능력·기술·사업·인정","환상·최면은 개인 기만 마법에서 안전 조절 가능한 VR 엔진으로, 방어 마법은 해저 인프라 기술로 확장된다.","서광수의 조직은 도시·게임·브랜드·세계 콘텐츠를 5천 명으로 채워야 한다.","VR 감각 시제품과 해저 데이터센터 내구 시험","메타버스 콘텐츠 세계와 첫 인간 효용 증명","A069","high"
"206","ⓚ206화.","환상(2)","49603","49822","판교 30층 사옥과 5천 명 조직은 갖췄지만 월드팀은 현실·판타지 세계 데이터를 사람 손으로 만들기 벅차다.","위성·0호기·외부 게임사가 빈 세계를 채우고 VR이 의식 있는 식물인간에게 두 번째 삶을 준다.","알파 버전을 완성하고 현실에서 움직이지 못하는 사람에게 메타버스의 인간적 가치를 입증한다.","외부 게임사에 플랫폼을 열고 0호기가 위성 자료로 세계 도시·랜드마크와 중세 판타지 데이터를 173시간에 올리게 한 뒤 3년째 식물인간인 축구스타 데이비슨에게 완전 동기화 VR을 씌운다.","월드팀의 업무 과부하와 100명 알파 테스터를 설득할 서사가 필요하고 데이비슨 실험은 실패 시 500만 파운드를 지급해야 하는 고위험 시도다.","몸은 움직이지 못해도 의식은 메타버스에 온전히 들어오며 데이비슨이 병상 곁 아버지의 말을 기억하고 있음을 밝힌다.","데이비슨과 아버지 파커가 가상세계에서 서로를 알아보고 대화를 시작해 메타버스의 두 번째 삶 약속이 실제 장면이 된다.","능력·관계·사업·감정","위성 데이터는 배경 제작 자동화로, 완전 동기화 VR은 게임기가 아니라 의식·가족 재회의 매개로 격상된다.","파커가 직접 VR에 접속한 부자 재회와 이를 세계에 알릴 홍보 구조가 남는다.","알파 세계 데이터 병목과 데이비슨 의식 확인","부자 재회·홍보 모델·글로벌 플랫폼 제휴","A069","high"
"207","ⓚ207화.","환상(3)","49823","50024","데이비슨과 파커가 메타버스에서 만났지만 실험의 지속성과 세계 홍보, 대규모 베타 운영은 아직 확보되지 않았다.","가족의 네 시간 재회를 정식 계약과 세계적 신뢰, 5천 명 베타 열기로 환전한다.","데이비슨 부자의 두 번째 삶을 보장하고 롤북·OTT 홍보망과 베타 이용자 기반을 확보한다.","500만 파운드 가방을 홍보모델 계약금으로 바꾸고 부자 모두에게 접속권을 주며, 18억 이용자의 롤북 회장 마이크에게 메타버스를 체험시켜 홍보·SNS 연계를 제안한다.","식물인간을 광고에 이용한다는 위험과 10만 명 신청 대비 5천 명 슬롯, 80만 원 헬멧·500만 원 캡슐 가격이 진입 장벽이다.","마이크가 직접 두 번째 삶의 가치를 체감해 글로벌 홍보를 약속하고 직원들은 자발적으로 야근하며 베타를 완성한다.","파커는 눈물로 아들을 다시 안고 데이비슨은 축구를 하며, 베타 신청 10만 명과 인플루언서 호평이 만들어진다.","관계·인정·사업·지위","파커는 보호자에서 아들과 함께 사는 이용자로, 서광수는 인수된 경영자에서 100% 비상장 독점 플랫폼의 핵심 파트너로 인정받는다.","한국 정식 출시에서 대규모 동시접속·부동산·비트코인 경제를 실제로 굴려야 한다.","데이비슨 실험과 알파 효용·롤북 홍보 제휴","한국 출시·이용자 경제·독점 유지","A069","high"
"208","ⓚ208화.","독점(1)","50025","50224","베타 호평 뒤 VR 예약이 5천만 건으로 폭증했지만 콘텐츠는 서울·뉴욕·파리와 중세 세계 20%뿐이다.","제한된 세계를 70만~98만 동시접속, 상점·부동산·비트코인으로 작동하는 경제권으로 만든다.","한국 출시를 안정화하고 접속 수요를 수익과 교육·일자리 구조로 전환한다.","VR 2천만 대를 생산하고 한국에 100만 대를 풀며 서울역 상점, 스타벅스 커피 2천 원과 매출 50%·건물 이용료 20%, 원룸 10만 원·고급아파트 200만 원 이상의 임대 모델을 연다.","첫날 70만 접속과 주간 최대 98만 이용자가 몰리고 미성년자의 수업 거부·직장 이탈·중고 VR 4~10배 폭등 같은 사회 비용이 발생한다.","비트코인이 며칠 만에 100만 원의 세 배가 되고 조도겸은 미성년자 수업시간 접속 제한과 유명 강사의 무료 교육 콘텐츠를 동시에 도입한다.","가상 상점·부동산·일자리가 실제 돈을 만들고 글로벌 예약 7천만 건이 쌓여 북미·유럽 출시가 확정된다.","사업·경제·사회·지위","메타버스는 체험판에서 주거·소비·교육·노동이 도는 플랫폼으로, 비트코인은 투기 자산에서 내부 통화로 이동한다.","북미·유럽 동시 출시와 세계 단위 콘텐츠·인력·서버 확장이 기다린다.","한국 정식 출시와 초기 경제 가동","북미·유럽 3천만 동시접속과 글로벌 독점","A070","high"
"209","ⓚ209화.","독점(2)","50225","50431","한국 성공 직후 북미·유럽이 열리며 동시접속자가 3천만 명을 넘고 조직과 아바타 공급이 병목이 된다.","세계 이용자를 3D 스캔·게임·가상 노동으로 붙잡는 동안 적은 곡물 독점을 준비한다.","메타버스의 글로벌 수익원을 다각화하고 경쟁자가 넘볼 수 없는 규모를 만든다.","한국 32곳·북미 60곳·세계 200곳 이상의 3D 스캔 시설을 열어 무료 스캔과 10만~700만 원 편집을 팔고 직원 2천 명을 추가 채용한다.","가상생활 때문에 현실 직장을 그만두는 이용자가 생기고 가격을 급히 올리면 반발할 수 있으며 외부에서는 조민우와 대부가 러시아·우크라이나 밀 독점을 모의한다.","스캔 시설 한 곳이 하루 200명·평균 1억 원, 전체 하루 200억 원을 만들고 조민우는 대부에게 비트코인 수익과 국제 인맥을 인정받는다.","세운메타버스는 한국 8천 명을 포함한 글로벌 조직과 일일 수백억 매출 기반을 얻지만 곡물 카르텔이라는 보이지 않는 적선이 열린다.","사업·규모·적대·인정","가상 플랫폼의 독점이 숫자로 굳어지고 조민우도 대부의 실행자이자 세계 곡물 독점자로 지위가 올라가 양측 규모가 함께 커진다.","콘텐츠 과금과 비트코인 지배력을 더 키우는 동시에 조민우의 매도 공격을 견뎌야 한다.","북미·유럽 출시와 3D 스캔 사업화","랜덤박스 수익·비트코인 공격·곡물 독점","A070","high"
"210","ⓚ210화.","독점(3)","50432","50652","출시 두 달 만에 이용자 1억 명·동시접속 6천만 명이지만 콘텐츠 절반도 풀지 않은 상태에서 새 과금이 필요하다.","한 이용자의 자전거 소망이 초희귀 비행기 당첨과 일일 200억 원 매출로 폭발한다.","랜덤박스 과금을 도입해 독점 수익을 드래곤 하트 성장으로 연결한다.","10만 원 상자에 2천 종 이상, 중복 10회 제한, 비행기 확률 0.00000001%를 설정하고 이동이 불편한 중년 이용자의 첫 구매 장면을 따라간다.","최악의 경우 원하는 물건에 약 20억 원이 들고 확률 과금의 도박성·불평등성이 관계·사회 비용으로 남는다.","자전거를 바라던 남성이 첫 상자에서 20~30억 원 가치의 비행기를 뽑아 축복과 과금 욕구를 동시에 보여 준다.","첫날 200억 원·둘째 날 오전 100억 원, 월 최소 6천억 원 매출 전망이 생기고 드래곤 하트는 아직 8서클 직전에서 버틴다.","사업·물질·능력·적대","메타버스 매출은 전자 계열사를 따라잡는 수준에서 초대형 현금 엔진으로 바뀌고 조민우는 최대 비트코인 보유자가 조도겸임을 알아차린다.","중국·러시아의 비트코인 금지와 대부 측 대량 매도가 통화 독점을 공격한다.","글로벌 출시 수익화와 랜덤박스 흥행","비트코인 가격 방어와 8서클 개방","A070","high"
"211","ⓚ211화.","위기는 곧 기회(1)","50653","50863","중국·러시아가 비트코인 채굴·거래 금지를 발표해 가격이 하루 8% 떨어지고 메타버스 통화 신뢰가 흔들린다.","보유량 450만 개·35%라는 규모와 세운 제품 결제를 이용해 공격을 성장 기회로 바꾼다.","비트코인 가격을 방어하고 2억 이용자 시대의 광고 사업을 연다.","백두빌딩 창립멤버 회의에서 보유량 약 13조 원을 공개하고 세운 제품의 비트코인 결제를 허용한 뒤 VR 체험장·저가형 기기와 랜드마크·로그인·포탈 광고를 설계한다.","황연우·김건웅도 불안정 통화 추가 매입에 반대하고 가격 방어 실패 시 메타버스 경제와 13조 원 자산이 함께 무너진다.","세운 상품이라는 실물 사용처가 붙자 한 달 뒤 가격이 안정·상승하고 15초 로그인 광고는 1회 20원, 2억 이용자면 최소 40억 원이 된다.","비트코인은 금지 충격을 버티고 메타버스는 이용자 데이터 기반 광고 플랫폼까지 확장된다.","경제·사업·관계·인정","창립멤버가 숨겨진 35% 지분을 공유받아 위험을 함께 판단하고 조도겸은 방어자에서 통화의 실질 중앙은행 역할로 이동한다.","일일 300억 원대 수익과 8서클 개방을 직원·정치·국방 보상으로 전환해야 한다.","중국·러시아 비트코인 공격과 가격 안정","광고 매출·직원 보너스·8서클·정치 프로젝트","A071","high"
"212","ⓚ212화.","위기는 곧 기회(2)","50864","51080","광고주 500곳 이상과 랜덤박스 일일 200억 원이 붙어 메타버스 일일 매출이 300억 원을 넘는다.","1조 원급 월매출이 8서클, 전 직원 현금 보상, 지역 마탑과 차기 대통령 설계로 환전된다.","성과를 직원에게 분배하고 새 8서클 능력을 전국·정치 프로젝트의 기반으로 배치한다.","1만6천 직원에게 각 2천만 원, 서광수 100억 원, 임원 30억 원, 부서·팀장 10억 원 추가와 전원 연봉 5% 인상을 지시하고 부산·광주·대전 최고층 비아파트 세 곳을 마탑 후보로 고른다.","현금 보상만 3천억 원을 넘고 9서클은 훨씬 먼 목표이며 마탑 세 곳에는 수조 원대 매입비와 지역 정치 조율이 든다.","드래곤 하트가 8서클을 열어 헬파이어·볼케이노·매스 텔레포트·그랜드 실드·컨트롤 웨더와 마탑 세 곳 권한을 준다.","직원 계좌에 예고 없는 거액 보상이 들어갈 준비가 되고 서광수의 기여가 100억 원으로 인정되며 윤경영에게 6년 잔류를 청하는 비밀 회동이 열린다.","능력·물질·관계·정치","직원은 과로하는 인력에서 성과를 공유하는 동료로, 조도겸은 8서클 마법사이자 전국 마탑·대선 구도를 설계하는 주체로 올라선다.","조기 탄핵과 선거를 실제 승리로 바꿀 한국형 미사일 방어의 증거가 필요하다.","메타버스 월매출·직원 보상·8서클 개방","윤경영 대선·미사일 방어·세 지역 마탑","A071","high"
"213","ⓚ213화.","위기는 곧 기회(3)","51081","51284","조도겸은 1년 뒤 조기 탄핵·대선을 예고했지만 윤경영의 대중 명분과 안보 실적이 없다.","THAAD 논란을 8서클 공간 마법과 서울 도로 전체의 거대 마법진으로 뒤집는다.","북한 미사일을 폭발 없이 제거할 한국형 방어 체계를 한 달 안에 완성한다.","감시 마법을 위성에 넣어 동아시아·러시아를 보는 군사위성 30기를 쓰고 0호기 3초 궤도계산, 포탈·아공간 요격, 서울 도로 차선 80%를 마법진 선으로 활용하는 설계를 만든다.","1회 요격에 마정석 2만 개가 들고 도로가 끊긴 건물은 매입·철거해야 하며 도시 전체 차선 재도색은 정치·물류 부담이 크다.","0호기가 3일 만에 설계를 완성하고 황연우가 서울시를 동원해 골렘 도색차 50대 이상으로 야간 공사를 시작한다.","상업용 위성과 도시 도로가 미사일 방어망으로 재해석되고 윤경영은 기자회견에서 한국 독자 체계를 약속할 근거를 얻는다.","능력·국방·정치·협업","황연우는 정보 지원자에서 수도 전체 공사를 실행하는 정치 파트너로, 0호기는 비서에서 국가 방어 계산 핵심으로 격상된다.","언론의 조롱과 지지율 7% 하락을 실제 미사일 요격 한 번으로 반전시켜야 한다.","한국형 방어체계 설계와 서울 마법진 공사","북한 미사일 실전 요격과 윤경영 인정","A071","high"
"214","ⓚ214화.","위기는 곧 기회(4)","51285","51495","윤경영의 방어체계 발표 뒤 언론이 공격하고 정당 지지율이 7% 떨어져 공약이 허풍 취급을 받는다.","북한이 쏜 탄도미사일 세 발이 서울 하늘의 공간 구멍으로 사라지는 공개 보상을 준다.","실전 요격으로 윤경영의 신뢰를 회복하고 기술을 미국에 고가 설치할 협상 카드로 만든다.","위성이 세 발을 포착하자 0호기의 계산대로 도시 마법진과 공간 포탈을 가동해 폭발 없이 아공간에 넣고, 방한한 존 데스타에게 기술 이전 대신 설치 계약을 제시한다.","요격 실패 시 수도 피해와 정권 붕괴가 동시에 발생하며 미국은 기술 자체를 요구하고 주 단위 설치에는 막대한 범위·비용 계산이 필요하다.","세 미사일이 흔적 없이 사라지자 언론 논조와 민심이 즉시 뒤집히고 미국 측도 기술의 실재를 인정한다.","윤경영은 조롱받는 후보에서 국가를 지킨 인물로 올라서며 미국 한 주 50억 달러, 국경 10~20개 기준 500억~1000억 달러 협상안이 생긴다.","정치·국방·인정·사업","조도겸의 8서클은 비밀 능력에서 국가 안보와 수십조 원 수출 가치를 가진 인프라로, 존 데스타는 옛 인연에서 공식 구매 창구로 변한다.","탄핵 확정과 조기 대선에서 윤경영을 실제 대통령으로 만들고 장기 정권 구조를 짜야 한다.","THAAD 대체 공약·언론 불신·북한 미사일 세 발","윤경영 당선·지역 마탑·개헌 구상","A071","high"
"215","ⓚ215화.","확장(1)","51496","51707","2016년 10월 탄핵 정국이 열리고 신생 국민중심당은 국회의원 수와 조직력이 부족하다.","마탑·메타버스·약점 정보가 후보 지지율과 의원 이탈이라는 현실 정치 숫자로 변한다.","윤경영의 조기 대선 기반을 만들고 이후 황연우까지 잇는 13년 구도를 설계한다.","0호기 정보와 마법으로 의원 30명 이상을 끌어오고 부산·광주·대전 마탑을 불꽃놀이와 함께 열며 1천5백만 한국 메타버스 이용자에게 윤경영을 은근히 노출한다.","거대 양당의 조직력과 탄핵 불확실성, 신생당의 낮은 의석수, 노골적 선거 개입 위험이 저항한다.","2017년 3월 탄핵이 확정되고 윤경영 지지율이 45%로 2위 후보를 앞선다.","세 지역 마탑 개장 효과가 지지율 5% 상승으로 나타나고 조도겸은 윤경영 5년 뒤 황연우가 연임제 8년을 잇는 그림을 공유한다.","정치·지위·관계·능력","윤경영은 비밀 후보에서 유력 대선주자로, 황연우는 서울시장 동료에서 장기 후계 대통령 후보로 명시된다.","5월 9일 투표 결과와 새 정부가 농업·포탈 정책으로 국민 삶을 바꿀 증거가 남는다.","탄핵 정국의 당세 확장과 윤경영 45% 지지","대선 승리·개헌·황연우 후계","A072","high"
"216","ⓚ216화.","확장(2)","51708","51911","5월 9일 투표일, 윤경영 승리는 예상되지만 출구조사 전까지 신생 정부의 탄생은 확정되지 않았다.","치킨과 맥주를 둔 둘만의 식탁에서 선거 승리와 정치 가족의 다음 약속을 보상한다.","윤경영 당선을 확인하고 황연우의 결혼·후계, 전국 포탈과 곡물 위기에 대응할 다음 정책을 정한다.","조도겸과 황연우가 사무실에서 치킨·맥주를 먹으며 개표를 보고, 출구조사 47%·9%p 우세에 캔을 부딪친 뒤 결혼을 권하되 사랑에 마법을 쓰지 않겠다고 선을 긋는다.","신생 정부는 국회 기반이 약하고 황연우는 1천억 원대 자산에도 결혼을 미루며, 러시아·우크라이나 농장에는 알버튼 바이러스와 37년 만의 가뭄·강수량 65% 감소가 닥친다.","자정 전 윤경영 당선이 확실해지고 취임 3개월 뒤 전국 포탈망에 국가 30% 보조금이 붙는다.","둘의 치킨·맥주 축하가 정권 획득을 생활 장면으로 닫고 황연우는 사랑을 조종하지 않겠다는 도겸의 보호 원칙을 확인한다.","정치·관계·생활·사업","동료 둘은 선거 전략가에서 집권 핵심으로, 포탈은 비밀 이동술에서 국가 보조 공공 인프라로 변한다.","곡물 카르텔이 계약을 막는 가운데 한국 물가를 지킬 자체 농장이 필요하다.","윤경영 대선과 첫 정부 출범","곡물 카르텔·고비사막 농장·황연우 결혼","A072","high"
"217","ⓚ217화.","곡물 카르텔(1)","51912","52134","세운 실무진이 한 달 동안 곡물 계약을 시도했지만 카르텔 벽 때문에 밀·옥수수·콩을 확보하지 못한다.","연 1천2백만 톤대 수입 수요를 사막 매입과 마법 농업으로 정면 돌파한다.","한국 식탁을 지킬 자체 생산지를 확보하고 외국 정부와 세운식 개발 거래를 성사시킨다.","밀 200만 톤·옥수수 900만 톤·콩 100만 톤을 계산해 고비사막을 택하고 몽골 대통령 바톨강에게 토지 1조 원 일시금과 5년간 5조 원 이상 공장·일자리 투자를 제안한다.","사막은 물·토양이 없고 330만 몽골 국민의 자원 권리와 의회 승인이 필요하며 계약 뒤에도 거대한 방어벽을 지어야 한다.","천연자원 권리는 몽골에 남기고 농업세를 면제받는 조건으로 한 달 뒤 의회가 계약을 승인한다.","세운은 고비사막 농업권과 세금 혜택을 얻고 수백 골렘의 물리·방공·환상 장벽이 차량 충돌 시험까지 통과한다.","사업·국제관계·물질·능력","바톨강은 낯선 투자 상대에서 스포츠 경험을 공유하는 협상 파트너로, 황무지는 국가 식량 생산기지 후보로 바뀐다.","컨트롤 웨더를 지속할 물 지팡이와 토양을 바꿀 흙 지팡이가 필요하다.","곡물 계약 실패와 고비사막 토지 확보","물·흙 지팡이·강우·토양 개조","A073","high"
"218","ⓚ218화.","곡물 카르텔(2)","52135","52360","고비 장벽은 올라갔지만 컨트롤 웨더 한 번이 하루 마나를 거의 비우고 물과 흙을 다룰 촉매가 없다.","미국 박물관 보석과 15조 원 투자가 사막을 적실 두 번째·세 번째 마법 지팡이로 돌아온다.","돔 페드루 아쿠아마린과 대형 호박을 확보해 물·흙 지팡이를 만들고 농장 공사를 가속한다.","백악관에서 트란프 대통령에게 10년간 15조 원 이상 미국 공장 투자와 미국인 대상 메타버스 10분 메시지를 약속하고 스미스소니언 유물을 구매한 뒤 소형 골렘으로 30분 안에 세공한다.","10,000캐럿 이상 보석은 50억 원 원가보다 상징 가치가 크고 국보급 유물 매각에는 미국 대통령 승인과 거액 투자 약속이 든다.","물·흙 지팡이가 완성되고 새 지팡이는 컨트롤 웨더 비용을 크게 낮추며 8서클 텔레포트로 한국과 몽골을 직통한다.","고비에 하루 비가 내려 꽃이 피고 골렘 170기가 추가돼 장벽 36%에서 한 달 완공 전망으로 전진한다.","능력·사업·외교·물질","미국 대통령은 유물 매각을 허용하는 거래 상대가 되고 세 개 원소 지팡이는 사막 농업의 산업 장비로 재정의된다.","비가 와도 모래를 농토로 바꾸고 비료·정화·성장 속도를 해결해야 한다.","물·흙 지팡이 재료와 미국 승인","화산·정화·성장 마법을 통한 첫 수확","A073","high"
"219","ⓚ219화.","곡물 카르텔(3)","52361","52633","비는 내리지만 고비의 모래는 작물이 자랄 토양도 비료도 아니고 가스와 용암 위험까지 있다.","볼케이노의 파괴적 장면이 정화·성장 마법과 결합해 16주 수확 가능한 농장으로 바뀐다.","사막 토질을 경작 가능하게 만들고 자동화된 첫 밀 파종·성장 주기를 증명한다.","물 지팡이로 일주일 구역별 비를 내리고 지진으로 흙을 섞고 저수지를 만든 뒤 볼케이노를 열어 화산재를 확보하고 4일간 어스 브레이크·지진으로 부순 다음 오염 구역을 하루 한 곳씩 정화한다.","화산이 예상보다 거대해 포탈로 피해야 했고 용암·가스가 토양을 오염시키며 정화와 분쇄에 며칠씩 마나·시간이 든다.","0호기가 5서클 그로스를 3시간 만에 농장 전체 마법진으로 바꿔 성장 속도를 40% 이상 높이고 수확주기를 약 16주로 줄인다.","농업 골렘이 30분 만에 밀을 뿌리고 소형 골렘 100기가 관리하는 자동 농장이 실제로 가동된다.","능력·사업·생산·환경","볼케이노는 전투 마법에서 비료 공급 공정으로, 그로스는 개별 주문에서 대면적 생산 설비로 이동한다.","세계 흉작과 카르텔 가격 폭등 속에서 한국 식탁 가격을 실제로 낮추고 겨울 영하 30도를 이겨야 한다.","고비 토질 개조·파종·16주 수확 구조","국내 곡물 공급·겨울 온실·결혼과 복지 장면","A073","high"
"220","ⓚ220화.","농사(1)","52634","52872","2000년대 최악의 세계 흉작으로 곡물값이 뛰고 고비 농장은 아직 국제 카르텔과 겨울을 동시에 상대해야 한다.","마법 농장의 곡물이 한국 밀가루와 밥상 가격을 지키는 체감 보상으로 돌아온다.","전년도 가격으로 곡물을 공급해 윤경영 정부와 서민 식탁을 지키고 영하 30도 농업을 지속한다.","창립멤버와 술을 마시며 손해 없이 가격을 지키겠다고 약속하고 세운곡물을 통해 저가 곡물을 풀며, 그랜드 실드와 개조 라이트로 마법 온실을 설계하게 한다.","조민우의 카르텔은 북미·유럽·아프리카에서 폭력과 바이러스를 확대하고 고비 겨울 영하 30도가 기존 온도 설비를 무력화한다.","밀가루와 생활 물가가 안정되자 소비자와 주부층이 체감하고 윤경영 지지율이 반등하며 0호기가 이틀 만에 온실 구조를 개조한다.","곡물 사업은 숫자 경쟁에서 국민 식탁을 지키는 정부 신뢰로 보상되고 그랜드 실드가 농업 바람막이로 전환된다.","생활·사업·정치·능력","윤경영 정부는 흉작에 무력한 정부에서 서민 물가를 지킨 정부로, 조도겸은 카르텔 경쟁자에서 밥상 공급자로 인정받는다.","온실을 실제로 가동하고 황연우의 청혼·복지센터 약혼자를 가족 관계로 받아들여야 한다.","한국 곡물 물가 방어와 겨울 온실 설계","마법 온실·황연우 청혼·서민지 복지센터","A074","high"
"221","ⓚ221화.","농사(2)","52873","53092","고비 겨울과 황연우의 독신 문제라는 사업·가족 두 과제가 동시에 남아 있다.","태양광 마정석 온실의 수확 가속과 욕실로 뛰어든 형의 청혼 소식, 복지센터 선물이 한 화에서 보상된다.","연중 4~5회 수확 구조를 만들고 황연우의 약혼자 서민지를 가족으로 환대한다.","그랜드 실드 바람막이·라이트 난방·태양광 충전으로 20도 이상 온실을 만들고, 황연우의 청혼을 들은 뒤 서민지를 ‘형수님’이라 부르며 복지센터에 옷·신발·패딩 20트럭 이상과 약 2억 원 전자제품을 익명 전달한다.","온실 확대는 한 구역에 한 달이 걸리고 서민지는 특혜 오해를 피해 시장과의 관계를 숨긴 채 월급과 무급노동을 아이들에게 쓴다.","온실은 외부 영하 30도에도 작동하고 황연우가 사회복지사 서민지에게 청혼했다는 말에 도겸이 즉시 형수 호칭과 보호 약속을 준다.","아이들이 새 옷과 전자제품에 환호하고 서민지는 눈물을 흘리며, 농장은 연 4~5회 수확·매월 구역 확장 전망을 얻는다.","관계·가족·생활·사업","서민지는 낯선 복지사에서 ‘형수님’이자 도겸이 챙길 가족으로, 황연우는 정치 동료에서 결혼 소식을 먼저 들고 오는 형으로 관계가 구체화된다.","결혼식과 곡물 해외 진출을 치른 뒤 복지센터 기부품 절도 문제를 해결해야 한다.","고비 겨울 온실과 황연우 청혼","황연우 결혼식·복지센터 아이 보호·아프리카 진출","A074","high"
"222","ⓚ222화.","농사(3)","53093","53323","온실 수확이 다가오고 황연우·서민지 결혼식, 복지센터 추가 지원, 해외 곡물 판로가 한꺼번에 예정돼 있다.","대통령 화환과 정치권 하객, ‘형수님’ 호칭, 아이들과의 약속이 가족 편입을 실제 장면으로 보여 준다.","결혼을 축하하고 복지센터 아이에게 VR 약속을 지키며 곡물-자원 교환의 아프리카 전략을 연다.","모든 아이에게 프리미엄 VR을 보내고 개발도상국에 곡물 대신 자원개발권·건설 인프라를 제안하며, 2018년 3월 결혼식에서 서민지를 형수님이라 부르고 힘·재생·그레이트 힐로 신랑의 피로를 덜어 준다.","고비 첫 수확일과 결혼식이 겹치고 아프리카는 내전 위험이 크며 결혼식은 대통령·여야 정치인·재계·언론의 시선을 받는다.","대통령 화환과 모든 당 의원이 모여 황연우의 차기 당대표 위상을 보여 주고 도겸은 아들을 장가보내는 아버지 같은 감정을 느낀다.","신혼여행 뒤에도 이어질 가족 호칭이 굳어지고 다음 날 복지센터를 직접 찾아 아이들과 한 약속을 지킨다.","가족·관계·정치·사업","서민지는 공개적으로 황연우의 배우자이자 도겸의 형수님이 되고 황연우는 서울시장 이상의 전국 정치 인물로 인정된다.","기부한 옷·신발이 불량 청소년에게 빼앗긴 사실이 드러나 보호 보상이 분노와 응징으로 바뀐다.","황연우·서민지 결혼과 복지 선물 약속","기부품 절도 응징·교육재단 구상","A074","high"
"223","ⓚ223화.","농사(4)","53324","53582","복지센터 아이들이 기부받은 옷과 신발을 김영한 무리에게 빼앗기지만 보복을 두려워해 말하지 못한다.","도겸의 보호 약속이 가해자 가족의 사업 지위와 학교 권력을 무너뜨리는 실제 응징으로 돌아온다.","아이들이 다시 빼앗기지 않도록 가해자와 부모의 방조를 동시에 끊는다.","CCTV·휴대폰 기록으로 가해자를 특정하고 세운자동차 공급사 정철정밀 계약을 해지해 아버지 김정철을 무릎 꿇게 한 뒤 복지센터 출신 전 조직원들에게 불량배를 위협·구타하게 한다.","미성년자에게 폭력을 돌려주는 윤리 비용과 정철정밀 노동자·가족까지 사업 보복에 휘말리는 과잉 대응이 남는다.","김영한의 친구들이 등을 돌리고 피해 아이 한 명이 직접 되갚으며, 아버지도 증거를 본 뒤 아들을 때리고 집에서 내쫓는다.","복지센터 아이들은 세운 회장의 보호가 말뿐이 아님을 확인하고 도겸은 개인 응징을 장기 교육지원 재단으로 전환할 생각을 한다.","관계·보호·지위·사업","김영한은 공급사 사장 아들 권력에서 고립된 가해자로, 복지센터 아이들은 침묵하는 피해자에서 보호받는 집단으로 바뀐다.","외할머니의 식당에서 보호의 근원을 되짚고 2조 원 재단·대학을 제도화해야 한다.","기부품 강탈과 가해자 응징","외할머니 식탁·교육재단·대학 인수","A074","high"
"224","ⓚ224화.","재단(1)","53583","53807","복지센터 응징 뒤 조도겸은 일회성 보호를 지속 가능한 교육 지원으로 만들 필요를 느낀다.","외할머니 유말숙의 김치찌개·계란말이 식탁이 막대한 재단의 감정적 뿌리로 보존된다.","생명의 은인인 외할머니를 돌보고 복지 아동에게 생활비·교육·대학까지 이어지는 2조 원 재단을 만든다.","오랜만에 유말숙 식당을 찾아 굳은살 난 손을 잡아 치료하고 김치찌개와 계란말이를 먹으며 빚진 삶을 말한 뒤 2조 원 교육재단과 무료 마법 독서실·온라인 강의·책 지원을 설계한다.","오랜 부재에 할머니의 노화가 진행됐고 재단은 선행뿐 아니라 충성도 높은 세운 인재 육성이라는 계산도 품는다.","할머니가 잔소리하며 직접 차린 밥을 먹는 자리에서 도겸이 죽게 두지 않겠다고 다짐하고 황연우는 익명 기부자를 알아보며 아내의 행복을 전한다.","가족 식탁의 빚이 재단 2조 원과 대학 구상으로 확장되고 황연우는 신혼여행 뒤에도 형수와 아이들을 챙긴 도겸을 가족으로 확인한다.","가족·생활·관계·사업","외할머니는 과거 은인에서 현재도 치료하고 식사를 받는 살아 있는 가족 중심으로, 도겸은 돈을 갚는 손자에서 삶을 지킬 보호자로 이동한다.","부채가 많은 경진대학교를 인수해 무료 교육·취업 구조로 바꿔야 한다.","복지센터 보호의 제도화와 외할머니 식탁","경진대학교 인수·세운대학교 전환","A075","high"
"225","ⓚ225화.","재단(2)","53808","54016","경진대 윤양진 이사장은 자산 2천억·부채 1천억 규모 학교를 3천억에도 팔지 않고 가문의 자존심을 내세운다.","무시하던 이사장의 호칭과 자세가 증거·자금 압박 앞에서 애원으로 바뀐다.","학생 자산을 빼돌린 이사장을 몰아내고 대학·실버타운·골프장을 묶어 인수한다.","김건웅이 300억 원 투자금 회수를 촉발하고 1천억 원 이상 교비 전용을 찾게 하며, 호텔 스시 식사에서 압박 수순을 조율하고 골프장 공사 부지를 마법으로 인명 피해 없이 무너뜨린다.","총부채가 2천억 원 이상으로 불어나고 투자자들이 파산을 요구하며 마법을 사업 압박에 쓰는 윤리·법적 비용이 생긴다.","처음 내려다보던 윤양진이 대출을 구걸하는 말투로 바뀌고 조도겸의 4천억 원 일괄 인수안을 받아들인다.","세운은 대학·실버타운·골프장을 확보하고 학생 돈을 빼돌린 이사장은 감형 가능성만 남긴 채 수사 대상이 된다.","지위·호칭·사업·인정","윤양진은 가문을 앞세운 소유자에서 조 회장에게 매달리는 피인수자로, 조도겸은 기부자에서 교육기관 지배자로 바뀐다.","학생 반대와 등록금·취업 모델을 실제 체감 혜택으로 바꿔 새 학교 정당성을 확보해야 한다.","경진대 이사장 저항과 4천억 원 인수","등록금 100% 면제·세운 직원형 대학","A075","high"
"226","ⓚ226화.","재단(3)","54017","54229","세운 인수 소식에 학생들이 반대하지만 등록금 40% 인하 발표만으로 시위 동력이 급격히 줄어든다.","무료 등록금과 조기 취업, 코일 박사의 강의가 재벌 인수를 학생의 신분 상승 기회로 바꾼다.","경진대를 세운대학교로 바꾸고 가난한 우수 학생이 돈 걱정 없이 세운 경력까지 쌓게 한다.","코일 박사를 총장으로 모셔 주 2회 수업·포탈·직원 10명을 약속하고 건강·피부를 재생시킨 뒤 등록금 100% 면제, 2학년부터 세운 직원·인턴보다 높은 급여, 3년 경력 인정 구조를 발표한다.","2만 명 이상 학생을 장기 고용하는 비용과 기업 종속 교육이라는 부담, 코일의 연구·총장 업무 병행이 남는다.","40% 인하에도 무너진 반대가 100% 무료·취업 보장 뒤 입시 열풍으로 바뀌고 가정형편이 어려운 고득점자가 세운대를 우선 선택한다.","학생은 피인수 대상에서 급여와 경력을 받는 예비 직원으로, 코일은 우주 연구자에서 총장·교수라는 존경받는 교육자로 확장된다.","교육·지위·관계·사업","조도겸은 대학 소유자에서 학생 생계와 경력을 보장하는 고용주로 인정받고 세운은 2만 명 인재 파이프라인을 얻는다.","아프리카 곡물-자원 교환을 실제 내전 국가에서 실행해 자원 개발권을 따내야 한다.","경진대 인수 정당성·무료 등록금·취업 모델","중앙아프리카 내전과 자원 전쟁","A075","high"
"227","ⓚ227화.","자원 전쟁(1)","54230","54445","곡물 폭등으로 아프리카 식량난이 심해지고 세운은 곡물과 자원개발권을 바꿀 국가를 찾는다.","승률 33%의 내전 판에서 돈보다 명분·마법으로 최약 세력을 승자로 만든다.","중앙아프리카 개발권을 독점할 편을 고르고 기존 정부·반군과 다른 세력을 조직한다.","정부군·반군·민병대 구도를 조사하고 축출 대통령 제브와 프랑스 알제리노 중령에게 독점권을 제안했다 거절·모욕당한 뒤 정부군 이탈병과 민병대를 묶을 계획을 세운다.","인구 500만 미만 국가에 정부군 5천·반군 비슷한 병력과 민병대가 얽혀 있고 프랑스는 정부군, 조민우는 반군을 지원해 독점권 여지가 좁다.","제브가 프랑스와 권리를 나누라고 하고 개고기 모욕까지 하자 조도겸은 정부군을 버리고 조직력 없는 최약 민병대를 선택한다.","0.1% 가능성도 마법으로 100%로 만들겠다는 방향이 서고 반군 6개월 식량·무기 지원을 약속한 조민우와 정면 대리전이 열린다.","전략·적대·사업·국제관계","조도겸은 안정적 정부 투자자에서 최약 세력을 만드는 전쟁 설계자로, 조민우는 곡물상에서 반군의 군자금·무기 공급자로 확장된다.","난민 구호소로 흩어진 병력을 불러 모으고 상호 적대 세력을 하나로 묶어야 한다.","정부군 독점권 협상 결렬과 민병대 선택","난민 구호소·병력 통합·반군 전차","A076","high"
"228","ⓚ228화.","자원 전쟁(2)","54446","54700","국민 약 100만 명이 난민이 된 가운데 조도겸은 병력 규합을 위해 갑자기 난민 구호소를 세운다.","아이스크림·카사바 수프·골렘 집이 적대 군인 3천 명을 같은 편으로 만드는 전쟁 보상 장면이 된다.","난민을 살리며 정부군·반군·민병대 이탈병을 하나의 애국 군대로 재편한다.","일주일 안에 난민 10만 명을 수용하고 컨테이너 집과 한국 식량을 공급하며, 공격한 르망드 측 800명을 슬립으로 재운 뒤 총 3천 명을 잡아 힙노시스·마인드 컨트롤과 난민의 식사로 결속시킨다.","서로 만나면 총을 쏘는 세력들이고 강제 정신 개조의 윤리 비용이 크며 조민우는 멕시코 마피아·삼합회 1천 명과 T-62 전차 10대를 반군에 보낸다.","난민 아주머니의 카사바 수프와 아이들의 평온을 본 군인들에게 심어 둔 애국심이 실제 보호 의지로 싹튼다.","구호소는 10만 난민의 마을이자 신병교육대로 바뀌고 반군의 숫자·전차 우세와 맞설 새로운 군대의 정서적 중심이 생긴다.","관계·군사·생활·능력","군인들은 약탈자·포로에서 난민을 지킬 동료로, 난민은 짐이 아니라 군대를 묶는 공동체로 관계가 역전된다.","6천 반군·전차 10대를 피해 없이 꺾고 수도를 탈환해야 한다.","난민 구호소 구축과 적대 병력 3천 통합","르망드 군대·반군 6천·마법 트레일러 전투","A076","high"
"229","ⓚ229화.","자원 전쟁(3)","54701","54948","구호소에 기존 군인 4천 명과 신병 2천 명이 모였지만 반군 6천 명과 전차 10대가 진격한다.","평범한 트레일러가 포탄을 막고 전차를 찌그러뜨리며 난민의 환호 속에 무피해 귀환한다.","르망드 군대가 난민을 방패로 쓰지 않고 전면에서 승리하게 해 수도 탈환의 전력을 준다.","마법 트레일러 20대를 엄폐·돌격차로 보내고 5천 병력이 구호소 밖에서 맞서게 하며, 탈취한 전차 10대를 골렘화·배리어·레지스턴스 스킨으로 수리하고 전신 방탄복까지 지급한다.","르망드는 평지 전투에서 피해를 우려하고 병사들은 죽음을 각오하며, 상대 전차의 115mm 포와 수적 우세가 압박한다.","트레일러가 포탄을 무력화하고 정면 충돌로 전차 10대를 모두 찌그러뜨리자 반군 지휘관부터 도망친다.","아군 부상자 없이 귀환한 병사를 난민들이 환호로 맞고 수리·자율주행 전차 10대와 방탄복이 수도 진격 카드가 된다.","군사·관계·인정·능력","르망드는 난민을 엄폐물로 쓰던 군벌에서 자신이 죽더라도 지킬 장군으로, 조도겸은 소장에서 전적으로 믿는 후원자로 인정된다.","방탄복의 실전성과 수도 탈환 뒤 개발권·민심을 함께 확보해야 한다.","반군 전차 10대 격파와 무피해 구호소 귀환","수도 6시간 탈환·개발권 계약·전국 식량 지원","A076","high"
"230","ⓚ230화.","자원 개발(1)","54949","55193","르망드 군대는 전차보다 강한 트레일러와 방탄복을 받았지만 수도와 전국 민심은 여전히 반군 수중이다.","6시간 무부상 수도 탈환과 식량 트레일러가 조도겸의 정체·개발권을 공개적 동맹으로 바꾼다.","반군 수도를 빼앗고 르망드의 국민 지지와 세운의 중앙아프리카 개발권을 동시에 확보한다.","전신 방탄복을 시연한 뒤 르망드 군을 진격시키고, 수도 탈환 뒤 자신이 세운그룹 회장임을 밝히며 개발계약서에 서명시키고 아공간 트레일러로 480만 국민에게 곡물을 공급한다.","정부군은 프랑스 지원과 전력을 보존하고 있으며 내전 중 개발시설·식량 수송대는 지속 공격 위험이 있다.","수도가 6시간 만에 함락되고 아군 부상자가 한 명도 없자 르망드는 개발권을 요구받기 전에 오히려 투자·일자리를 부탁한다.","구호소 깃발이 대통령궁에 걸리고 르망드 민심이 매일 상승하며 세운은 독점 자원개발과 현지 고용을 시작할 명분을 얻는다.","지위·관계·사업·군사","르망드는 떠돌이 군벌에서 수도의 지도자로, 조도겸은 익명의 구호소 소장에서 ‘세운그룹 회장님’이라 불리는 국가 재건 파트너로 바뀐다.","건설 현장을 노리는 민병대를 막는 동시에 일본의 반도체 소재 제재를 대비해야 한다.","수도 탈환·정체 공개·개발권·식량 민심","자원개발 현장 방어와 불화수소 국산화","A077","high"
"231","ⓚ231화.","자원 개발(2)","55194","55445","중앙아프리카 공사장은 현지인을 채용해 가동됐지만 민병대가 무방비 건설장비를 훔치려 하고 일본은 반도체 소재 제재를 앞당긴다.","건설 골렘이 침입자를 제압하고 정화 마법이 일본 90% 점유 소재보다 높은 12나인 순도를 만든다.","자원개발 현장을 자동 방어하면서 불화수소 국산화를 제재 전에 상용화 수준으로 끌어올린다.","수류탄을 던진 두만테 민병대를 건설장비 골렘이 제압하게 하고, 귀국해 99% 불화수소에 퓨리피케이션을 쓰며 탐색 각인 측정기와 정화장비 20단 레일을 만든다.","일본 제재 시 세운전자·자동차·메타버스 반도체 생산이 멈출 수 있고 새 불화수소는 공장 적응에 수개월이 필요하다.","정화 한 번은 99.9999%, 마나 3배와 측정기 개조는 12나인을 기록하고 20개 각인 장비를 통과한 대량 공정도 12나인에 도달한다.","마법 정화가 실험실 묘기에서 일본산 5나인을 압도하는 생산설비가 되고 세운의 핵심 계열사가 제재를 견딜 길을 얻는다.","능력·기술·사업·국가","황연우는 신혼 중에도 경제 위기를 먼저 알리는 정치 동료이고 조도겸은 걱정을 되돌려 보내는 보호자이자 소재 해결사로 응답한다.","한 달 안에 제약·에너지 공장 양산과 호환성 검증을 끝내고 일본 제재에 공개 반격해야 한다.","건설현장 골렘 방어와 12나인 불화수소 공정","소재 양산·독도 해상도시·일본 제재 발표","A077","high"
"232","ⓚ232화.","자원 개발(3)","55446","55687","12나인 불화수소 공정은 완성됐지만 계열사 양산·공장 호환성과 일본 제재에 대응할 국가 전략이 남아 있다.","소재 독립과 하루 만에 생긴 6㎢ 해상도시가 경제·영토 분쟁의 이중 반격이 된다.","세운제약·에너지에서 극비 양산하고 울릉도와 독도 사이에 인공섬·해저터널을 만든다.","두 계열사 사장에게 한 달 양산을 지시해 호환성까지 검증하고 윤경영·황연우에게 반격 승인을 받은 뒤 육각 부유판 100개와 골렘 1천 기 이상으로 6㎢ 지반을 하루 만에 조립한다.","유해 소재 생산 민원과 비밀 유지, 해상 안전·태풍, 독도 영유권 분쟁과 지반 조성 보름 이상의 공정이 비용으로 남는다.","일본 제재가 실제 발표되지만 같은 날 국산화 공개 준비가 끝나 있고 해저터널과 해상도시 공사가 동시에 진행된다.","반도체 생산 중단 위험이 사라지고 독도를 차량·상주 인구와 연결할 물리적 거점이 생겨 일본의 주장에 체감 반격할 기반이 완성된다.","국가·사업·능력·지위","윤경영은 조도겸의 계획을 믿고 승인하는 대통령으로, 조도겸은 기업 소재 해결사에서 국가 영토 인프라 설계자로 격상된다.","12나인 공개와 해상도시 보도가 일본 반응·윤경영 지지율을 어떻게 바꿀지 남는다.","불화수소 양산·호환성과 해상도시 지반","일본 수출규제 공개 반격·개헌·기숙사 분쟁","A077","high"
"233","ⓚ233화.","분쟁(1)","55688","55899","일본 수출규제로 반도체 주가가 흔들리지만 세운은 12나인 소재와 독도 인근 해상도시 발표를 준비했다.","국가 위기가 기술 독립·80% 지지율·차기 대통령 프로젝트로 뒤집힌다.","소재 국산화와 해상도시를 공개해 일본의 협상카드를 없애고 윤경영 정부의 개헌 동력을 만든다.","12나인 불화수소 즉시 공급과 울릉도-해상도시-독도 해저터널을 뉴스로 내보내고 일본 특허·ICJ 위협을 무시한 뒤 윤경영과 술집 오찬에서 연임제 개헌을 제안한다.","일본은 기술 도용·전쟁·국제재판을 주장하고 한국은 일부 소재를 여전히 비싸게 수입하며 개헌에는 국회·국민투표가 필요하다.","일본 기업이 오히려 한국 고객을 잃고 윤경영 국정 지지도가 허니문보다 두 배 높은 80%대로 오른다.","윤경영은 위기를 막은 대통령으로 인정받고 조도겸과 후계자 황연우를 잇는 연임제 개헌을 이번 주 담화로 추진한다.","인정·정치·사업·국가","윤경영은 조도겸에게 도움받는 후보에서 80% 지지의 대통령이 되고 둘은 공개 국정 파트너를 넘어 장기 후계 구도를 논의한다.","세운대학교 기숙사 신축을 가로막는 원룸 주인·구청과 새 분쟁이 시작된다.","일본 수출규제 카드 무력화·80% 지지율","연임제 개헌·세운대 기숙사 갈등","A078","high"
"234","ⓚ234화.","분쟁(2)","55900","56143","세운대 학생은 녹물·곰팡이 원룸에 월 40만 원을 내지만 집주인 시위와 구청 무응답이 기숙사 허가를 막는다.","포탈과 해상도시가 학생 1만 명 이상의 무료 주거라는 압도적 생활 보상으로 돌아온다.","허가 장벽을 우회해 모든 학생·교직원에게 안전한 거주지를 주고 반대 측의 독점력을 없앤다.","해상도시 건물을 기숙사형 오피스텔로 바꾸고 완공 전 1년은 DK 오피스텔 4채·연수원·외부 오피스텔을 월 20억 원에 빌려 학생 1만 명 이상을 다음 달부터 입주시킨다.","해상도시 완공에는 1년 이상 걸리고 학생·교직원 전원 무료 주거는 막대한 비용과 지역 원룸 시장 붕괴를 초래한다.","350km 거리를 포탈로 없애자 구청 허가가 무의미해지고 한 달 뒤 구축 원룸이 공실·매물로 쏟아진다.","학생은 후배를 위해 찬성 시위하던 약자에서 무상 주거 수혜자로 바뀌고 김건웅은 회장의 전교생 지원을 ‘자업자득’이라 인정한다.","생활·관계·사업·지위","조도겸은 학생을 소유물처럼 말한 집주인보다 더 큰 비용을 부담하는 학교 보호자로 인정되고 해상도시는 영토 상징에서 실제 생활 도시로 확장된다.","사장단 회의에서 중국 한한령으로 세운전자 등 매출 14% 감소가 드러나 다음 국가 분쟁이 열린다.","기숙사 허가·원룸 독점과 학생 주거 해결","중국 한한령·미세먼지·불법 어선","A078","high"
"235","ⓚ235화.","분쟁(3)","56144","56375","한한령으로 세운 계열사 중국 매출이 줄고 전국은 중국발 미세먼지에 시달리지만 정부는 외교 균형 때문에 강경 대응하기 어렵다.","서해 해저 마법진이 맑은 하늘과 85% 지지율이라는 매일 보이는 정치 보상을 만든다.","중국발 미세먼지를 국경에서 차단하고 피해를 발생지로 되돌려 국내 생활·정권 지지를 함께 지킨다.","황연우에게 연 5조 원 사업안을 주고 해저 골렘 200기를 추가해 보름 만에 서해 전체 정화진을 만든 뒤 무인도에서 활성화해 미세먼지를 포탈로 중국에 돌려보낸다.","우주 발전소 일일 마정석 30%가 3개월 유지에 들고 중국 반발·외교 분쟁과 민간 5조 원 사용료 비판이 남는다.","전국 하늘이 맑아지고 윤경영 지지율이 85%를 넘는 반면 중국 도시는 되돌아간 미세먼지로 더 악화된다.","국민은 하늘을 볼 때마다 대통령과 세운을 인정하고 황연우는 후계 프로젝트를 실제 국무회의 사업으로 실행한다.","생활·정치·능력·국가","한한령 피해 기업인 조도겸이 전국 환경 인프라 공급자로, 황연우는 신혼 정치인에서 대형 국책사업을 발의하는 후계자로 이동한다.","중국 불법 어선까지 같은 서해 마법진으로 막고 다시 제품 수익 사업으로 전환해야 한다.","중국발 미세먼지 차단·윤경영 85% 지지","불법 어선 퇴치·세운전자 제품 업그레이드","A078","high"
"236","ⓚ236화.","업그레이드(1)","56376","56621","중국 불법 어선 240척 규모의 떼가 무장·쇠사슬로 해경을 압박하고 세운전자 기술 격차도 줄어든다.","서해 마법진이 어선을 밀어내고 8서클 마법이 휴대폰의 크기·무게·발열 한계를 한꺼번에 깬다.","영해를 자동 방어하고 세운전자 프리미엄 제품의 기술 격차를 다시 벌린다.","반사·흡수·날씨 마법으로 어선 132척 중 32척을 운항 불가로 만들고 0호기에게 24시간 감시를 맡긴 뒤 휴대폰 부품에 다운사이즈·웨이트·39도 조건부 아이스를 적용한다.","마정석 소모와 일반 선박 오작동 위험이 있고 무조건 아이스 각인은 저온 때문에 휴대폰 전원 자체를 꺼뜨린다.","0호기가 한 시간 만에 39도 이상에서만 작동하는 아이스를 만들고 소형화된 휴대폰이 동일 성능으로 30분 게임 발열 시험을 통과한다.","이경수 사장은 소형 부품으로 묵혀 둔 기술을 적용할 수 있다며 경악하고 다음 분기 매출 두 배 이상을 전망한다.","능력·기술·인정·국가","서해 마법진은 환경 설비에서 영해 방어 체계로, 이경수는 얼어붙은 피평가자에서 회장의 신기술을 믿고 맡는 사장으로 바뀐다.","기존 제품 개선만으로 드래곤 하트를 자극하기 어렵기에 새 8서클 의료 사업이 필요하다.","불법 어선 자동 퇴치와 휴대폰 3대 병목 해결","키메라 마법·장기이식 사업","A079","high"
"237","ⓚ237화.","업그레이드(2)","56622","56868","전자제품 업그레이드는 다음 분기 매출 두 배 전망을 줬지만 새 산업을 열 만큼 드래곤 하트를 자극하지 못한다.","몬스터 결합술인 키메라 마법이 혈액형 장벽과 장기 거부반응을 낮추는 의료 장비가 된다.","8서클 키메라 제작을 장기이식 공정으로 해석해 사람-돼지 이종이식 가능성을 검증한다.","가르틴에게 키메라 제작을 열고 세운병원에서 면역억제제 없는 돼지 심장 이식을 직접 보조한 뒤 키메라 각인 장기보관함 2개로 일주일간 하루 수십 건 데이터를 모은다.","8서클 개방은 수십조 원 수익 뒤 얻는 희귀 기회이고 한 번 각인에 마나가 커 보관함 2개가 한계며 인간 실험 실패 시 그룹 전체 평판이 무너진다.","거부반응이 80% 이상 줄고 다른 혈액형도 이식 가능하며 돼지와 사람 심장 유사도 94%가 이종이식 가설을 연다.","병원장·센터장은 장기이식 역사의 전환점이라 인정하고 조도겸은 모든 책임을 지고 돼지 장기 인체실험을 추진한다.","능력·의료·사업·인정","키메라 마법은 괴물 제작술에서 생명 이식 기술로, 병원 연구진은 비밀스러운 회장을 획기적 거부반응 제거기 개발자로 인정한다.","법·시민단체·여론을 설득하고 공개 인체수술을 성공시켜야 한다.","키메라 거부반응 실험과 이종이식 가설","대통령 승인·뇌사 환자 돼지심장 수술","A079","high"
"238","ⓚ238화.","업그레이드(3)","56869","57084","돼지 심장 인체실험은 법·부처가 미비하고 인권·동물·윤리단체의 반발과 윤경영 정권의 레임덕 위험을 안는다.","대통령의 정치적 신뢰와 의사의 공개 수술이 첫 이종 심장 박동으로 이어진다.","인체실험 승인을 얻고 뇌사 환자에게 세계 최초 돼지 심장 이식을 1차 성공시킨다.","윤경영에게 사람 생명을 살릴 명분을 제시해 지원을 받고 한서운 과장에게 힙노시스로 집중력을 주며 외부 감찰·언론 앞에서 뇌사 환자 공개 수술을 진행한다.","실패하면 환자 생명·한서운 의사 자격·세운병원·윤경영 80% 지지율이 함께 무너지고 환자 본인 동의 없이 보호자 동의만 받은 윤리 비용이 크다.","새 심장이 거부반응 없이 작동해 1차 수술은 성공하지만 언론은 인간 존엄 훼손과 실패 가능성을 앞세운다.","윤경영은 자리까지 잃을 수 있음을 알고도 조도겸을 믿고 한서운은 세계 최초 수술 집도의가 되며 여론 반전 과제가 선명해진다.","관계·정치·의료·인정","대통령과 회장의 관계는 사업 승인에서 서로의 정권·생명을 거는 신뢰로, 한서운은 에이스 의사에서 역사적 수술 책임자로 이동한다.","뇌사 환자를 실제로 깨워 걷게 하고 대중의 돼지 심장 거부감을 뒤집어야 한다.","인체실험 승인과 돼지 심장 1차 이식","환자 각성·여론 반전·의료 산업 확장","A079","high"
"239","ⓚ239화.","의료 산업(1)","57085","57318","기자들은 이종이식 환자의 죽음을 예상해 병원 앞에서 실패 기사를 미리 써 두고 있다.","5년 뇌사 환자가 휠체어로 산책하고 보름 뒤 스스로 걷는 장면이 세계 최초 수술을 인간적 보상으로 만든다.","환자를 회복시켜 여론을 반전하고 MRI 등 의료기기 전체를 새 사업으로 확장한다.","재생·정신치료·환상 마법을 총동원해 환자를 깨우고 기자에게 24시간 치료 영상을 공개하며, 한서운을 그레이트 힐로 돌본 뒤 MRI에 클리어 보얀스와 프로그램 개조를 넣는다.","뇌사 회복에는 8서클 마나 대부분이 들고 시민단체 반대는 남으며 이종 장기 문의 50명과 의료진 과로가 빠르게 쌓인다.","기자 앞에 휠체어 환자가 나타나고 보름 뒤 건강한 사람 심장보다 상태가 좋게 걸으며, 선명한 MRI 영상이 소형 카메라 수준으로 출력된다.","언론은 한국 의료기술을 극찬하고 2·3번 환자 명분이 생기며 조도겸은 병원을 ‘노다지’ 의료장비 시장으로 본다.","의료·감정·인정·사업","한서운은 실패 예정 집도의에서 눈물로 환자 보행을 보는 세계적 의사로, 환자는 도구 취급받던 뇌사자에서 걷고 퇴원하는 생존자로 바뀐다.","치과·일반 이식 수요와 의료진 과부하를 장비·보상으로 해결해야 한다.","첫 이종이식 환자 각성·보행과 여론 반전","치과 장비·의료로봇·상용화","A080","high"
"240","ⓚ240화.","의료 산업(2)","57319","57554","전국 치과 1만7963곳과 폭증한 장기이식 수요가 의료장비 시장을 열지만 한서운 팀은 과부하다.","하루 임플란트와 35억 원 독점 로봇을 능가할 골렘 로봇이라는 수익·노동 보상이 나온다.","키메라·투시·최면 임플란트 장비를 상용화하고 의사 영입 없이 수술 처리량을 늘릴 의료로봇을 만든다.","1억 원대 임플란트 기계에 세 마법을 각인해 세운병원에 시험하고 시총 2조 원 국내 1위 치과장비사를 인수하며, 미국 다빈치 로봇을 웃돈 주고 6시간 만에 들여와 골렘화한다.","일반 이식 수술이 두 배가 되고 해외 환자가 몰리며 에이스를 다른 병원에서 빼 오면 의료 균형이 깨지고 다빈치 한 기가 35억 원 이상이다.","치과의사들이 장비 없이는 수술 못 하겠다고 할 만큼 반응하고 골렘 팔은 수만 관절·천만분의 일 정밀도로 다빈치를 압도한다.","세운은 치과장비 1위 회사를 흡수하고 의료진은 그레이트 힐로 잠시 활력을 회복하며 자체 의료로봇 개발선이 열린다.","사업·기술·관계·노동","치과 과장은 일개 사용자에서 회사 인수까지 얻는 내부 고객으로, 한서운은 홀로 버티는 에이스에서 회장이 해결책을 약속한 보호 대상이 된다.","로봇이 단순 보조가 아니라 자율 이식수술을 할 수 있음을 의사에게 인정시켜야 한다.","임플란트 장비 검증·치과장비사 인수·다빈치 분석","자율 의료로봇·왕족 수술·법 승인","A080","high"
"241","ⓚ241화.","의료 산업(3)","57555","57769","의료로봇은 수술시간을 절반으로 줄였지만 한서운은 여전히 모든 과정을 직접 조종해 상용화 뒤 과부하를 걱정한다.","5시간 이식이 1시간25분 자율수술로 줄고 좌절한 의사의 눈빛이 협업 의지로 되살아난다.","0호기의 메타버스 학습을 실제 자율수술로 증명하고 한서운이 로봇의 총괄 파트너가 되게 한다.","전 세계 자료와 한서운 수술을 0.01초 단위로 학습시켜 주당 10만 건 시뮬레이션을 돌리고 돼지 심장을 의료로봇 단독으로 적출·이식하게 한다.","한서운은 로봇이 최소 10년 경험을 대체할 수 없다며 불신하고 성공 후에는 평생 공부가 부질없었다는 자괴감에 빠진다.","로봇이 1시간25분에 더 빠르고 정교한 수술을 끝내자 조도겸은 어려운 수술에서 한서운의 눈과 로봇이 함께해야 한다고 역할을 재정의한다.","한서운의 눈빛이 돌아오고 자신이 총괄하면 환자를 설득할 수 있다고 인정해 이종이식 대량 상용화의 인력 병목이 풀린다.","관계·인정·기술·노동","한서운은 기계에 대체될 의사에서 로봇을 감독하고 고난도 수술을 이끄는 총괄로, 로봇은 장비에서 협업 집도의로 지위가 바뀐다.","규제 완화에 필요한 마지막 여론 반전을 위해 UAE 왕족의 긴급 심장 수술이 들어온다.","자율 의료로봇 검증과 한서운 역할 회복","칼리안 백부 이종이식·수출·규제 완화","A080","high"
"242","ⓚ242화.","의료 산업(4)","57770","57986","칼리안의 왕족 백부는 수술 자체를 견디기 어려울 만큼 죽음 직전이고 긴급 승인은 막 떨어졌다.","친구의 백부가 새 삶을 얻고 금괴 20kg 기부·로봇 20기 800억 수출·세계 최초 승인까지 연쇄 보상된다.","회복 마법과 한서운-로봇 협업으로 왕족을 살리고 이종이식의 사회·사업 정당성을 완성한다.","수술 전까지 리제너레이션·그레이트 힐을 반복하고 한서운과 의료로봇이 함께 집도하게 하며, 수술 영상을 칼리안에게 보여 주고 언론에 왕족 수술·수출 계약을 알린다.","환자는 회복 마법도 잘 듣지 않을 만큼 위중하고 수술 실패 시 친구 관계·국제 신뢰·상용화 법안이 함께 무너진다.","수술이 성공하자 칼리안은 한서운에게 1kg 금괴 20개를 주려다 거절받고 이식센터 기부로 바꾸며 의료로봇 20기를 한 기 40억 원에 산다.","환자·보호자 집회가 정치권을 움직여 한 달 뒤 세계 최초 이종이식 승인이 나고 흉부외과 연봉 10%·수술당 50만 원 보상안이 생긴다.","관계·의료·사업·물질·인정","칼리안은 거래 상대를 넘어 ‘인생에서 가장 옳은 선택’이라 말하는 친구로, 한서운은 선물을 거절해 연구기부와 존경을 얻는 의사로 인정된다.","의료로봇 100건 주문의 수익 뒤 러시아 천연가스 가격 두 배라는 새 에너지 위기가 온다.","왕족 이종이식·금괴 기부·로봇 수출·규제 승인","의료장비 주문 폭주와 유럽 에너지 전쟁","A080","high"
"243","ⓚ243화.","천연가스(1)","57987","58213","이종이식 성공으로 의료로봇 주문 100건·4천억 원이 쌓이는 중 러시아가 유럽 천연가스 가격을 두 배로 올리려 한다.","우주에서 만든 잉여 마정석이 원전급 무공해 발전소와 연 100조 원 잠재시장으로 바뀐다.","유럽 한 국가에 무료 시범 발전소를 심어 러시아 가스 의존을 깨는 첫 증거를 만든다.","유럽 외교관 파티에서 원전급·무공해·무폐기물 발전소를 공개하고 첫 국가는 4조 원 이상 인프라와 세운자동차 공장까지 무상 지원한다고 제안한다.","유럽 전체 천연가스 대체에는 우주 발전소가 현재의 8배 필요하고 외교관은 원리·안전 불명 기술과 국민 안전을 바꿀 수 없다며 망설인다.","러시아가 실제 가격 두 배를 공식 발표하자 의존도 67%인 핀란드가 가장 먼저 승인하며 러시아 국경 지역을 부지로 제시한다.","세운은 무료 시범 설치 기회와 유럽 진입 거점을 얻고 핀란드는 발전소를 경제시설이자 러시아 억제용 성벽으로 활용한다.","사업·에너지·외교·능력","마정석은 사내 무상 전력원에서 국가 에너지 전략상품으로, 외교관은 관망자에서 설치 경쟁 후보로 이동한다.","핀란드 전문가 앞에서 하루 설치·발전·안전을 증명하고 적의 파괴 공작을 막아야 한다.","의료로봇 초기 수익과 핀란드 시범국 승인","핀란드 발전소 검증·조민우 사보타주","A081","high"
"244","ⓚ244화.","천연가스(2)","58214","58437","핀란드 과학자·감독관은 국경 벌판의 컨테이너 발전소가 원전급 출력과 안전을 낸다는 말을 믿지 않는다.","20대 트레일러가 하루 만에 발전소가 되고 전기차 급속충전·트럭 충돌 무손상으로 불신을 깨뜨린다.","시범 발전소의 출력·시공속도·방어력을 눈앞에서 증명해 유럽 확산의 신뢰를 만든다.","골렘 컨테이너를 블록처럼 쌓아 설비를 즉시 변형하고 전기차를 충전하며 일주일 배선 공사를 약속한 뒤 트레일러를 최고속으로 외벽에 충돌시킨다.","과학자는 마정석 발전을 불가능이라 하고 감독관은 20cm 미만 외벽과 폭발·미사일 위험을 지적하며 매일 감사를 예고한다.","트레일러만 반으로 찌그러지고 발전소는 흠집도 없어 과학자들이 상식을 포기하고 감독관도 실시간 관찰 조건으로 가동을 허용한다.","세운은 원전 한 곳과 맞먹는 전력을 내는 유럽 첫 실증 시설을 하루에 완성하고 협상 위치를 애원자에서 공급자로 바꾼다.","인정·기술·사업·지위","젠슨 차관과 과학자는 의심하는 감시자에서 설명 불가능해도 작동을 인정하는 고객으로, 조도겸은 무료 제안자에서 필수 에너지 공급자로 이동한다.","조민우·알버튼과 용병 100명이 자체 폭발로 꾸민 학살·파괴를 계획한다.","핀란드 발전소 하루 건설·출력·충돌 시험","용병 사보타주·배후 정체 확인","A081","high"
"245","ⓚ245화.","천연가스(2)","58438","58719","알버튼과 러시아 훈련 용병 100명이 발전소를 폭파하고 직원까지 죽여 자체 사고로 위장하려 한다.","폭탄이 문에 흠집도 못 내고 환상·마인드 리딩이 10년 묵은 조카 조민우를 배후로 끌어낸다.","발전소와 직원들을 지키고 사보타주의 명령선·과거 바이러스 배후를 알아낸다.","위성으로 침입을 지켜보다 문을 열어 용병을 일루젼으로 서로 싸우게 하고 대장을 마인드 컨트롤하며, 천 기 이상의 탐색 골렘으로 알버튼을 잡아 마인드 리딩한다.","전문 살인 용병 100명과 대형 폭발물, 직원 학살 계획이 있고 정신조종·상호 살육을 유도하는 과잉 대응 비용이 크다.","알버튼의 기억에서 라칼의 옥타 바이러스와 ‘사토시’의 얼굴이 이어지고 그 얼굴이 조민우임이 드러난다.","발전소는 무손상으로 첫 공격을 버티고 조도겸은 곡물·아프리카·가스 위기의 공통 배후를 개인적 원수와 연결한다.","적대·능력·정보·사업","조민우는 사라진 조카에서 대부가 키운 세계 사업 방해자 ‘사토시’로 재정의되고 조도겸은 수세적 해결사에서 표적을 아는 추적자로 바뀐다.","알버튼의 기억과 대지의 흔적으로 조민우 위치·자금줄을 끝까지 추적해야 한다.","핀란드 발전소 1차 사보타주와 사토시 정체","조민우 추적·한국 발전소·자금줄 차단","A081","high"
"246","ⓚ246화","천연가스(3)","58720","58966","알버튼의 기억으로 사토시가 조민우임을 확인했지만 현재 위치를 말하기 직전 몸속 폭탄이 터진다.","도망친 조카의 사업 흔적이 오히려 조도겸의 곡물·자원·에너지 성과를 만든 역설로 결산된다.","조민우의 과거 사업망과 자금줄을 복원하고 한국 대형 마정석 발전소로 유럽 확산을 촉발한다.","어스 메모리로 러시아 벙커까지 쫓고 용병은 무인도로 보낸 뒤 전 세계 CCTV·위성에서 파빈크 장관, 아프리카·곡물·카르텔 접촉을 연결하며 윤경영과 국내 발전소 승인을 협상한다.","조민우는 헬기로 달아나고 알버튼은 폭발해 직접 증언이 끊기며 한국 정치권은 이미 돌고 있는 사내 발전소 안전을 문제 삼는다.","조도겸은 자신이 큰 이익을 낸 사업마다 조민우의 실패가 있었음을 깨닫고 윤경영에게 한 달 내 승인·건설 약속을 얻는다.","유럽 독일 전문가가 핀란드를 매일 찾고 한국 대형 실증이 다음 확산 카드가 되며 0호기는 조민우 자금줄 일부를 찾아낸다.","정보·적대·정치·사업","윤경영은 조도겸의 안전 보증을 즉시 믿고 정치권 설득을 맡는 동맹으로, 조민우는 공격자이면서 역설적으로 사업 기회를 주는 존재가 된다.","찾아낸 자금줄을 멕시코 카르텔·곡물·천연가스 순으로 끊어 조민우를 고립시켜야 한다.","조민우 배후 확인·국내 발전소 승인 착수","멕시코 자금줄 절단·곡물 치료제·UAE 가스","A081","high"
"247","ⓚ247화.","고립(1)","58967","59217","펠릭스 카르텔이 멕시코 카르텔을 통합해 중소 조직 매출의 50% 이상을 빼앗고 조민우 자금줄 역할을 한다.","펠릭스의 물건·무기·비자금이 일곱 경쟁 카르텔의 반란 자원으로 역류한다.","카르텔을 분열시키고 조민우의 멕시코 현금·무기 기반을 안에서부터 소진시킨다.","인간형 골렘이 7개 카르텔에 물건 대금 20% 조건과 마법 강화 무기를 공급하고 탐색 골렘 200기를 배치한 뒤 멕시코 지하 벙커 세 곳을 직접 열어 약 6천억 원을 빼낸다.","중소 카르텔은 펠릭스 전력에 못 미치고 불법 자금·무기를 다루는 과정이 더 큰 유혈 분쟁을 부를 수 있다.","첫 벙커에서 현금·금괴·보석·미술품·무기 2천억 원을 찾고 세 곳 전부 털어 펠릭스에 숨겨진 전쟁 자금을 경쟁 조직·기부 재원으로 돌린다.","7개 조직이 자체 유통망과 무장력을 얻고 조민우는 대부 몰래 모은 비자금 3곳이 사라졌다는 보고에 처음 무력감을 드러낸다.","적대·물질·사업·능력","중소 카르텔은 복종하는 하청에서 반란 가능한 세력으로, 조민우는 통합자에서 자신의 비자금조차 지키지 못하는 표적으로 바뀐다.","펠릭스의 압도적 장갑차·전차 전력과 조세회피처·곡물회사를 추가로 무력화해야 한다.","조민우 멕시코 비자금 3곳·약 6천억 원 탈취","카르텔 전면전·해외계좌·농장 바이러스 치료","A082","high"
"248","ⓚ248화.","고립(2)","59218","59428","7개 중소 카르텔이 세를 키우지만 모두 합쳐도 펠릭스 전력의 30% 미만이고 곡물 독점은 여전히 거대한 현금원이다.","마법 트레일러와 바이러스 치료제가 범죄 전력·죽어가던 옥수수를 동시에 되살려 적의 두 자금줄을 친다.","카르텔 전면전을 균형화하고 농장 바이러스를 치료해 곡물 독점 가격을 정상화한다.","중소 카르텔에 회수 가능한 마법 트레일러를 주고 조세회피처 계좌를 차단하며, 미국·브라질·중국 농장에 효과 없으면 무상·성공하면 매출 10% 조건으로 치료제와 드론을 보낸다.","카르텔 유혈전과 불법계좌 해킹의 윤리 비용이 있고 알버튼이 죽어 치료제를 새로 분석해야 하며 피해 농장은 땅을 담보로 잡힐 만큼 절박하다.","죽어가던 옥수수가 치료제 직후 생기를 되찾자 농장주가 눈물을 감추고 수확기 정비를 시작한다.","미국 7곳·브라질 3곳·중국 4곳 살포 뒤 피해지 45%만 남고 3년 재발 방지와 성장진으로 정상 수확 전망이 생긴다.","생활·감정·사업·적대","농장주는 폐업 직전 채무자에서 자식 같은 농장을 다시 수확할 사람으로, 세운은 곡물 경쟁자에서 농장 구원자·매출 파트너로 인정된다.","UAE 사막 농장과 천연가스 결제로 러시아산 가스 독점까지 동시에 무너뜨려야 한다.","카르텔 균형화·해외계좌 차단·바이러스 치료제","칼리안 농장 협상·UAE 천연가스·포탈 배관","A082","high"
"249","ⓚ249화.","고립(3)","59429","59651","바이러스 치료는 진행 중이지만 러시아 가스 독점을 깨려면 값싼 대체 천연가스와 운송로가 필요하다.","친구가 보여 준 고비의 푸른 사진이 UAE 전역 농장과 원가 천연가스, 새 8서클 순간이동으로 보상된다.","UAE 사막 농장 건설 대금을 천연가스로 받고 유럽까지 파이프 가격 없이 연결한다.","칼리안에게 고비 농장 사진을 보여 농장화를 수락받고 현금 대신 천연가스를 요구한 뒤 세운조선·에너지 채굴권을 얻으며, 메스 텔레포트를 열어 이라크·터키·우크라이나·폴란드 지하에 포탈 4개를 4시간 만에 설치한다.","UAE 생산량은 부족하고 LNG선 수백 척 또는 4천km 배관 비용이 필요하며 타국에 몰래 포탈을 심는 국제분쟁 위험이 크다.","칼리안이 어떤 부탁이든 들어준다며 천연가스 결제와 추가 채굴 승인을 맡고, 메스 텔레포트가 UAE-이라크를 단번에 이동시킨다.","세운은 원가 가스·채굴권·유럽 직통망을 얻고 칼리안은 UAE를 푸르게 만들 친구의 기술을 얻으며 신뢰를 재확인한다.","관계·사업·능력·외교","칼리안은 왕족 고객에서 ‘인생에서 가장 잘한 선택’이라 반복하는 진정한 친구로, 조도겸은 가스 구매자에서 생산·운송망 통제자로 이동한다.","한국 울진 발전소를 쇼케이스로 12개 유럽 계약을 묶고 조민우의 고립을 완성해야 한다.","UAE 농장-천연가스 거래·4국 포탈 배관","울진 발전소·유럽 12국 계약·조민우 고립","A082","high"
"250","ⓚ250화.","고립(4)","59652","59897","울진 발전소가 열리고 유럽 장관들이 러시아 가스 대체 계약을 원하지만 가격·안전 협상과 조민우의 생존이 남아 있다.","12개국 발전소·가스 계약이 연 4조6천억 원을 만들고 조민우는 스스로 죽음을 위장할 만큼 고립된다.","유럽 에너지망을 세운 쪽으로 돌리고 조민우의 카르텔·곡물·가스 자금줄을 모두 끊는다.","마정석 발전소 계약국에 러시아보다 10% 싼 가스를 묶어 팔고 10년 할부를 허용해 폴란드·독일 등 12국과 계약하며, 0호기로 조민우 사망 현장과 대부를 추적한다.","발전소 강매성 묶음 판매와 타국 포탈망의 법적 위험이 남고 조민우는 유전자까지 일치하는 시체·폭탄·유서로 추적을 끊는다.","12국 발전소 연 3조6천억 원과 UAE 가스 연 1조 원 차익에 드래곤 하트가 반응하고 펠릭스·곡물·가스가 무너진 조민우는 죽어야 산다며 위장 사망한다.","조민우는 대부에게도 죽은 사람으로 처리되고 대부의 얼굴·영국 이동경로가 처음 포착되며 조도겸은 놀이를 끝내고 사업으로 돌아간다.","적대·사업·능력·지위","조민우는 대부의 유능한 사냥개에서 누구에게도 도움받지 못하는 고립자로, 조도겸은 방해받는 사업가에서 유럽 에너지 공급자로 비가역 상승한다.","대부 추적을 0호기에 맡긴 채 세운스페이스에서 새 우주관광 사업을 열어야 한다.","조민우 세 자금줄 절단과 위장 사망·유럽 12국 계약","대부 정체 추적·우주 관광","A082","high"
"251","ⓚ251화.","관광(1)","59898","60112","코일은 세계 최고 세운스페이스 기술을 관광에 쓰는 것을 우주에 대한 모독처럼 여기며 반대한다.","우주관광 수익이 더 강한 허블망원경과 대중의 우주 접근성으로 돌아간다는 약속이 연구자의 마음을 움직인다.","코일의 지지를 얻고 왕복선 기술·정치 규제·탑승 환경을 동시에 준비한다.","허블망원경 제작·유지비에 관광 수익을 쓰겠다고 제안하고 기존 회수 로켓 도면을 수정하게 하며, 황연우에게 서울 테스트 시설과 법안 탱커 역할을 맡기고 상단부에 중력·방어·호흡·아공간 산소 등 수십 마법을 각인한다.","허블 제작 10조 원 이상·연 조 단위 유지비, 왕복선 안전 규제, 황연우의 수면 4시간 미만 업무, 탑승객 산소·중력·무게 문제가 겹친다.","허블 약속에 코일이 광고모델까지 하겠다며 태도를 바꾸고 황연우도 자신을 대통령으로 만들 계획을 실감해 법안을 맡는다.","연구·정치·마법 세 축이 결합하고 상단부는 우주복 없이도 편안한 관광객 공간으로 준비된다.","관계·사업·정치·능력","코일은 반대하는 과학자에서 관광 수익을 우주 연구에 재투자하는 공동 설계자로, 황연우는 도움받는 후계자에서 규제 싸움을 맡는 탱커로 성장한다.","임시 법안 아래 누가 첫 시험비행에 타고 안전을 세계에 증명할지 결정해야 한다.","코일 설득·왕복선 설계·황연우 법안 준비","조도겸 직접 탑승·대부 폭탄 공작","A083","high"
"252","ⓚ252화.","관광(2)","60113","60353","법안은 시험 성공 조건으로만 임시 통과됐고 실패하면 우주관광과 황연우의 정치 신뢰가 함께 끝난다.","회장 본인이 탑승해 위험을 떠안고 발사 중 발견된 시한폭탄을 텔레포트·프로즌으로 조용히 제거한다.","세계가 지켜보는 첫 왕복선에 직접 올라 변수와 내부 사보타주를 통제한다.","대역·비서실장의 대신 탑승 제안을 거절하고 비서실장을 슬립으로 재운 뒤 발사하며, 연료부 우측 상단의 폭탄으로 텔레포트해 얼리고 아공간에 보존한다.","0호기 시뮬레이션도 성공률 99%라 1% 실패가 남고 대부의 5가신은 내부 엔지니어 폭탄과 귀환 시 미사일이라는 이중 살해책을 준비한다.","조도겸이 직접 탔기에 일반 승객이 접근할 수 없는 연료부 폭탄을 제거하고 안전하게 대기권을 돌파한다.","비서실장의 충성·코일의 떨리는 목소리가 회장을 잃을 두려움을 보여 주고 조도겸은 그 신뢰를 실제 생존 통제로 보답한다.","관계·위기·능력·사업","비서실장은 업무 참모에서 대신 목숨을 내놓는 보호자로, 조도겸은 홍보모델에서 유일한 위기 대응 시험비행사로 바뀐다.","귀환 중 대부가 준비한 잠수함 탄도미사일을 대중 앞에서 버텨야 한다.","우주관광 임시 법안·내부 시한폭탄 제거·대기권 돌파","우주 체험·미사일 충돌·무손상 귀환","A083","high"
"253","ⓚ253화.","관광(3)","60354","60595","조도겸은 우주에 도착했지만 3시간 관광과 안전 귀환을 완료해야 정식 모집·법안·시장 신뢰가 열린다.","우주에서 본 지구의 황홀함, 골렘 객실의 휴식, 탄도미사일 직격 무손상이 첫 관광 상품을 전설적 공개 시연으로 만든다.","관광 가치를 직접 검증하고 대부의 귀환 미사일을 방어력 홍보로 역이용해 무사 착륙한다.","객실을 침대·TV·컴퓨터·마사지의 휴식공간으로 변형하고 귀환 중 핵반응 없는 R-29RM 쉬틸 미사일임을 확인한 뒤 포탈 방어를 일부러 보류해 외벽으로 충격을 받는다.","미확인 비행체 충돌 확률 99%, 착륙 실패 0.0001% 미만이 남고 생중계 시청자는 폭발 뒤 5분간 회장 사망을 믿고 울거나 탄식한다.","검은 연기가 걷히자 왕복선이 흠집 하나 없이 착륙하고 대중은 ‘세운이니까’라는 말로 불가능한 생존을 받아들인다.","첫 우주왕복 관광의 안전성과 사업성이 전 세계에 각인되고 사람들은 조도겸이 공격자에게 칼춤을 출 것까지 예상할 만큼 그의 성격·권위를 인정한다.","인정·사업·능력·감정","대중은 재벌 회장의 쇼를 보는 관객에서 생존을 기원하고 세운의 방어력을 신뢰하는 잠재 고객으로, 대부는 숨은 공격자에서 다음 공개 응징 대상으로 이동한다.","미사일 발사 배후 대부와 내부 엔지니어를 추적하고 정식 관광 모집·법안 완결로 이어진다.","첫 우주 체험·미사일 직격·무손상 귀환","대부 응징·정식 우주관광 모집·완전 법제화","A083","high"
"254","ⓚ254화.","칼춤(1)","60596","60858","세운 우주왕복선이 미사일 공격을 막아 내고 착륙한 직후다.","우주사업을 노린 공격자를 실제 현장에서 추적해 응징하는 보상","발사 주체와 배후를 찾아 세운을 공격한 대가를 치르게 한다.","언론 앞에서 무사 귀환을 세계 홍보로 바꾼 뒤 0호기와 미사일 궤적을 역추적하고 러시아 인접 해역의 컨테이너 기지에 잠입해 골렘으로 용병 5천 명을 제압하며 잠수함 시설을 토네이도로 부순다.","기지는 러시아 정부 지원을 받는 바일넬 위장 시설이고 병력은 5천 명 규모다.","회수한 미사일 파편의 힘을 추적하자 민간 군사기업 바일넬의 해저 잠수함 기지가 드러난다.","왕복선 생환이 무료 세계 광고가 되고 공격 거점과 지휘관까지 손에 넣는다.","평판·정보·무력","피격 피해자였던 조도겸이 공격 기지를 장악한 응징자로 전환된다.","붙잡힌 바일넬 지휘관에게 배후를 캐묻는다.","우주왕복선의 즉각적 생환과 미사일 발사 지점 추적","바일넬을 지원한 러시아와 익명 투자자 대부","A084","high"
"255","ⓚ255화.","칼춤(2)","60859","61096","조도겸이 바일넬 지휘관과 잠수함 기지를 장악했다.","공격 배후를 밝히고 국가적 위기를 세운의 투자·신뢰 보상으로 뒤집는 장면","러시아와 대부의 연결을 확인하고 한국 정부가 대응할 명분을 만든다.","지휘관을 세뇌해 러시아 정부와 익명 투자자를 확인하고 기지와 잠수함을 아공간에 넣은 뒤 용병을 무인도로 보낸다. 귀국해서는 황연우·윤경영과 식사하며 2년간 국내 50조 원 투자를 발표한다.","익명 투자자의 정체는 여전히 숨겨져 있고 러시아는 국가 책임을 부인할 수 있다.","윤경영 정부가 러시아 대사를 초치하고 조도겸은 피해 호소 대신 50조 원 투자로 국내 여론을 결집한다.","황연우와 윤경영의 진짜 걱정을 확인하고 세운이 국가 경제의 방어자라는 위치를 강화한다.","관계·평판·돈","정부 수뇌와 조도겸의 연대가 사적 안부와 공식 외교 대응 양쪽에서 굳어진다.","러시아 전투기가 한국 영공을 침범한다.","바일넬 지휘관 심문과 잠수함 기지 제거","러시아의 직접 군사 도발과 대부 추적","A084","high"
"256","ⓚ256화.","칼춤(3)","61097","61339","러시아 전투기 네 대가 한국 영공을 침범한다.","새 8서클급 전장 마법으로 도발을 무력화하고 배후 재산까지 태우는 역공","조종사는 살리면서 전투기를 확보하고 대부의 사업망을 파괴한다.","가르틴에게 블리자드를 열어 프로즌 포그·그래비티·그레이트 실드와 조합해 전투기 네 대를 얼려 연착륙시킨 뒤 0호기가 찾은 대부 관련 127개 사업 중 농장·선박·광산·유전을 연쇄 파괴한다.","러시아는 전투기 반환과 배상을 요구하고 미국도 트럼프 체제에서 확실한 지원을 피한다.","국가 간 교착을 기다리지 않고 대부의 실물 자산을 직접 치는 경제전으로 목표가 바뀐다.","조종사 인명 피해 없이 러시아 전투기 네 대를 한국 정부에 넘기고 대부의 수익 기반을 불태운다.","마법·무력·돈","조도겸의 공중전 대응 범위가 블리자드까지 넓고 대부는 처음으로 직접 추적 명령을 내린다.","대부가 자신의 자산을 친 범인을 찾으라고 명령한다.","러시아 영공 도발의 무력화","대부와의 전면 경제전 및 러시아의 정치 보복","A084","high"
"257","ⓚ257화.","국정감사(1)","61340","61552","러시아와 중국이 군사 응징 대신 한국 정치권을 이용하려 한다.","매수된 국회의 감사 공세를 정면 출석으로 역이용하는 정치 보복전","세운을 흔드는 국정감사에서 도망치지 않고 공격자를 공개 처벌한다.","0호기로 자금 흐름을 조사하고 야당 의원들이 러시아·중국에서 총 4억 달러를 받았음을 확인한 뒤 병원·휠체어 회피안을 거부하고 직접 출석을 결정한다.","미국은 한국 편을 명확히 들지 않고 왕기는 한국을 작은 나라라고 낮추며 감사가 반복될 계획이다.","감사는 기업 검증이 아니라 약 5천억 원 외국 자금으로 만든 대리 보복임이 드러난다.","조도겸이 수세적 회피가 아니라 증거를 준비한 공개 반격을 선택한다.","정보·정치적 지위·관계","외교 갈등이 국회 청문장으로 옮겨지고 조도겸은 출석 대상에서 심판자로 태세를 바꾼다.","매수 의원들이 기다리는 국정감사장에 직접 들어간다.","러시아·중국의 정치 공작 경로 확인","국정감사 생중계와 매수 증거 공개","A085","high"
"258","ⓚ258화.","국정감사(2)","61553","61756","조도겸이 외국 자금으로 세운을 공격하는 국정감사에 출석했다.","억지 손해 추궁을 투자 약속과 뇌물 폭로로 뒤집는 공개 인정 보상","매수 의원을 퇴장시키고 정당한 사회 문제만 사업 과제로 받아들인다.","10조 원 손해 주장에 국내 공장·일자리 20조 원 투자로 답하고 이병두를 비롯한 의원들의 러시아·중국 접대 사진과 영상을 0호기로 공개한다. 김성진의 메타버스 은둔·결혼·출산 문제에는 해결을 약속한다.","생중계 청문이고 메타버스가 만든 사회적 부작용은 실제로 남아 있다.","매수되지 않은 김성진의 질의만은 적대가 아니라 해결해야 할 정당한 문제로 구분된다.","매수 의원들이 도망치고 언론·경찰·검찰에 증거가 넘어가며 세운은 추가 20조 원 국내 투자 명분을 얻는다.","평판·돈·정치 관계","조도겸과 국민중심당은 외국 공작을 함께 정리하는 연대로 굳고 메타버스의 사회적 책임이 새 목표가 된다.","러시아를 협상장으로 끌어내기 위해 대부를 더 약화시킬 계획을 세운다.","국정감사 공세와 외국 뇌물 의원 폭로","메타버스 사회문제 해결과 러시아 협상","A085","high"
"259","ⓚ259화.","대리 전쟁(1)","61757","61958","러시아가 한국에 원자재 수출을 금지했지만 세운은 1년치 재고와 아프리카 생산망을 갖고 있다.","러시아 제재를 우크라이나 방산·자원 계약으로 역전시키는 사업 보상","우크라이나 방어망을 팔아 러시아와 대부를 대리전에서 압박한다.","통역 마법으로 우크라이나 총리 자레우크와 만나 설치비 30% 할인·20년 분할·무상 유지 조건 대신 원자재 우선권과 미개발 자원 권리를 받는 수십조 원 계약을 맺고 서류 전에 설치를 시작한다.","전체 설치에는 통상 2주가 필요하고 러시아의 군사 보복 위험이 있다.","조도겸이 24시간 직접 일하면 설치 기간을 5일로 줄일 수 있고 계약은 현금보다 자원 권리를 남긴다.","러시아 제재가 우크라이나 자원과 장기 방산 시장을 얻는 기회로 바뀐다.","돈·외교 지위·마법","세운은 민간기업에서 우크라이나 방공의 핵심 공급자로 올라서고 조민우는 대부에게 복수할 후원자를 찾아 한국으로 돌아온다.","조민우가 여전히 증오하는 작은아버지 조도겸을 만나려 한다.","러시아 원자재 제재의 단기 방어","우크라이나 방어망 완공과 조민우의 대부 배신 제안","A086","high"
"260","ⓚ260화.","대리전(2)","61959","62181","우크라이나 방어망은 비밀리에 일주일도 안 돼 완성됐고 조민우가 세운 창립 반지를 보내 만남을 청한다.","오래 끊긴 가족 식탁이 과거 배제와 복수 거래를 어떤 장면으로 드러내는지 확인하는 보상","조민우의 귀환 목적과 이용 가치를 판단한다.","옛 저택에서 집사에게 갈비찜을 부탁하고 아버지 생전처럼 끝자리에 앉아 가족규칙 1번인 아침 식탁을 재현한 뒤 10여 년 만에 온 조민우와 마주한다.","갈비찜은 정이 아니라 형들과 조카에게만 돌아가 자신은 먹보로 꾸중받았던 배제 기억을 되살리고 두 사람은 그룹 소유권을 두고 즉시 다툰다.","조민우는 조도겸이 세운을 자신보다 잘 키웠다고 인정하면서도 대부 자리를 빼앗기 위해 도움을 청한다.","가족 식탁에서 능력 인정과 복수 제안이라는 진짜 목적이 공개된다.","가족 관계·인정·호칭","옛 식탁은 화해 자리가 아니라 조문홍의 편애와 형제 적대를 확인한 불신 협상장이 되고 조민우가 무릎을 꿇는다.","조민우가 도움을 얻기 위해 어떤 대가까지 감수할지 남는다.","조민우 귀환 목적과 세운 경영 능력 인정","대부 타도용 가족 동맹의 조건","A086","high"
"261","ⓚ261화.","대리전(3)","62182","62404","조민우가 대부를 무너뜨려 달라며 조도겸 앞에 무릎을 꿇었다.","‘작은아버지’ 호칭과 계약 마법이 가족 동맹의 실체를 확정하는 장면","배신 가능성을 죽음 조건으로 막고 조민우를 대부 공격 도구로 쓴다.","조도겸은 신뢰하지 않는다고 명시하고 계약 마법으로 ‘조민우는 조도겸에게 거역하지 않는다’를 적어 위반 시 죽게 만든 뒤 개인·DK 경로 50조 원을 초기 자금으로 준다.","조민우는 작은아버지라고 부르지만 조도겸은 역겨움과 구역질을 느끼며 평소처럼 말하라고 하고 50조 원도 대부 은행망을 썩히기에는 부족하다.","최면 없이 자발 계약을 받되 실패하거나 죽어도 시간을 벌면 된다는 조도겸의 계산이 드러난다.","조민우는 대부를 공격할 50조 원과 후원을 얻지만 관계는 신뢰가 아닌 생명 담보 종속으로 고정된다.","계약·가족 관계·돈","‘작은아버지’ 호칭은 친밀감이 아니라 불쾌한 혈연 확인으로 기능하고 두 사람은 불신 계약 동맹이 된다.","러시아 병력 80%가 우크라이나 전선에 집결해 대리전이 실제 전면전으로 바뀐다.","조민우 후원 조건과 배신 방지","러시아의 우크라이나 전면 침공과 대부 은행 동결전","A086","high"
"262","ⓚ262화.","전면전(1)","62405","62613","러시아가 특별 군사작전을 개시했고 우크라이나는 세운 방어망을 아직 완전히 신뢰하지 않는다.","기업 회장이 실제 전장에서 국가 방공과 전후 사업권을 동시에 따내는 보상","키이우를 지키고 전후 복구·군수 이익을 선점한다.","공식 항공편으로 키이우 벙커에 들어가 젤렌스키 앞에서 20개 발사 지점을 위성으로 확인하고 30분 만에 미사일 14발을 아공간으로 제거한다. 공항 폭발을 일으킨 내부 협력자 영상도 공개한다.","러시아 공격뿐 아니라 우크라이나 내부 협력자가 공항을 폭파하고 탱크 전력은 러시아 약 3천 대 대 우크라이나 850대다.","방어망이 이미 완성됐다는 사실과 내부 폭파범의 영상 증거가 동시에 공개된다.","키이우 공습이 무피해로 끝나고 젤렌스키가 500조 원 이상 규모 재건 사업을 세운에 맡기겠다고 약속한다.","외교 지위·돈·신뢰","젤렌스키는 조도겸을 회사 회장에서 국가 생존을 맡길 방어 파트너로 보기 시작한다.","러시아 탱크 3천 대를 상대로 우크라이나의 열세를 뒤집을 방법을 찾는다.","우크라이나 방어망 실전 검증과 내부 협력자 색출","러시아 기갑전력 포획과 전후 재건 계약","A087","high"
"263","ⓚ263화.","전면전(2)","62614","62845","우크라이나가 공습은 막았지만 러시아 기갑전력이 국경과 하르키우로 진입한다.","환상·독안개·아공간으로 적 장비를 통째로 전리품으로 바꾸는 전장 사업 보상","인명 소모를 줄이며 러시아 탱크와 전투기를 확보한다.","사용 불능·포획 장비의 소유권을 계약하고 하르키우와 국경에서 거대 지네 환상·포이즌 포그·개조 아공간 방어진으로 승무원을 도망치게 해 탱크를 빨아들이며 추락 환상으로 전투기 조종사도 탈출시킨다.","승무원을 안에 가둔 채 장비만 뺏기 어렵고 넓은 전선을 동시에 처리해야 한다.","340대 점검 뒤 총 600대 가까운 탱크와 전투기까지 확보 가능한 포획 방식이 완성된다.","우크라이나군 희생 없이 수천억 원대 탱크와 항공 자산이 세운 전리품이 된다.","무력·돈·마법","조도겸은 방어 공급자에서 전장의 장비 소유권까지 계약하는 무기 사업자로 확장한다.","대량 장비 손실을 입은 러시아가 다음 날 공격을 멈춘다.","기갑 열세의 1차 반전","포획 장비의 개조·판매와 러시아 재공세","A087","high"
"264","ⓚ264화.","전면전(3)","62846","63077","러시아의 1차 공세가 멈췄고 세운은 병력과 수백 대 장비를 포획했다.","전리품을 마법 병기로 개조해 국가 신뢰와 장기 수익을 동시에 받는 결산","포획 장비를 우크라이나가 살 수 있는 세운 병기로 바꾼다.","포로 1만 명 이상을 넘기고 일주일 안에 SW-1 전차 300대와 DK-1 전투기 20대를 약 3조 원 장기 신용·자원 조건으로 공급한다. 방어·레이더·기후·경량·마정석 동력 마법을 각인한다.","우크라이나는 당장 현금이 부족하고 대량 개조를 일주일 안에 끝내야 한다.","포획한 러시아 장비를 그대로 파는 대신 전용 마정석 연료가 필요한 세운·DK 브랜드 골렘 병기로 바꾼다.","젤렌스키가 존칭을 높이며 조도겸을 무조건 믿겠다고 하고 세운은 약 3조 원 판매와 연료 종속 수익을 얻는다.","신뢰·돈·기술 지위","젤렌스키의 태도가 불신에서 노골적 신뢰로 바뀌고 우크라이나는 세운 무기 체계에 장기 연결된다.","유럽 국가들이 실전 성능을 보고 대규모 계약을 문의한다.","첫 우크라이나 공세와 포획 장비 상품화","독일을 시작으로 한 유럽 방산 수출","A087","high"
"265","ⓚ265화.","동결(1)","63078","63278","SW-1과 DK-1 납품을 앞두고 조민우는 대부에게 버림받은 지부장들을 모은다.","전쟁 실적과 내부 배신을 동시에 굴려 대부의 돈줄을 얼리는 전개","우크라이나 무기의 성능을 증명하고 조민우가 대부 금융망의 내부 정보를 확보하게 한다.","조민우는 버려진 지부장들에게 대부 자금이 러시아 전쟁 자금임을 밝히고 사업을 약속한다. 조도겸은 SW-1 300대와 DK-1 20대를 납품해 실전에 투입한다.","지부장들은 대부를 두려워하고 무기 성능도 전장에서 검증되어야 한다.","젤렌스키가 SW·DK 명칭의 의미까지 듣고 조도겸을 조건 없이 믿겠다고 선언한다.","마법 병기가 러시아 장비를 압도하고 지부장들이 금융 경로를 넘길 기반이 생긴다.","인정·돈·동맹","젤렌스키의 신뢰는 계약 상대 수준을 넘어 개인적 확신으로 올라가고 대부의 하부 조직은 조민우 쪽으로 흔들린다.","독일이 134조 원 군 현대화를 발표해 세운 무기의 더 큰 시장이 열린다.","우크라이나 1차 납품과 실전 검증","독일 방산 계약과 대부 자금 동결","A088","high"
"266","ⓚ266화.","동결(2)","63279","63494","독일이 134조 원 군 현대화를 추진하며 SW-1의 실전 자료를 요구한다.","러시아 전차보다 강한 마법 전차를 눈앞에서 증명해 유럽 주문으로 바꾸는 보상","독일을 선두 고객으로 확보하고 생산 규모를 키운다.","독일 관계자 앞에서 SW-1 세 대가 러시아 전차 다섯 대를 제압하고 포탄 직격도 버티는 모습을 보여 준 뒤 700대 주문 협상을 진행한다.","황연우는 한국 기업이 유럽 전쟁에 깊게 들어가는 지정학 위험을 걱정하고 주문량은 우크라이나 납품보다 크다.","마법 골렘 생산은 중간 조립 공정을 없애 대량 주문도 감당할 수 있음이 확인된다.","기존 유럽 계약 약 100조 원에 독일 주문이 더해지고 잠재 시장이 200조 원까지 열린다.","돈·국제 지위·생산 능력","세운 병기는 우크라이나 특수 납품품에서 유럽 표준 후보로 올라선다.","조민우가 넘긴 금융 경로를 따라 대부의 은행 자금이 동결되기 시작한다.","독일 성능 검증과 대량생산 가능성","대부 자금 동결 및 러시아의 대규모 재공세","A088","high"
"267","ⓚ267화.","동결(3)","63495","63732","대부 자금이 얼어붙는 사이 러시아가 전차 1만2천 대와 장갑차 2만 대 이상을 전선에 모은다.","잠금·자동주행까지 동원한 물량 공세를 광역 자연마법으로 꺾는 전쟁 보상","우크라이나군을 살리고 러시아의 대공세를 다시 자산으로 바꾼다.","러시아 대통령의 세운 파괴 선언 뒤 토네이도·컨트롤 웨더·어스퀘이크로 라스푸티차를 만들고 부상병 약 50명을 구한 다음 볼케이노까지 써 전차 500대 이상을 포획한다.","승무원은 마스크를 쓰고 탱크 안에 잠겼으며 자동주행까지 설정돼 이전 환상 전술이 막힌다.","러시아 대통령이 세운을 나치로 규정하자 조도겸도 돈만 버는 제3자가 아니라 직접 당사자로 전환한다.","대규모 기갑 공세가 진창과 지형 붕괴에 멈추고 우크라이나 부상병과 500대 이상 전차를 확보한다.","무력·마법·국제 관계","러시아와 세운의 충돌이 대리전에서 개인적 전면전으로 격상된다.","조도겸이 모스크바를 향한 진짜 8서클 메테오를 준비한다.","러시아 2차 기갑 공세의 저지","모스크바 메테오와 러시아 정상 협상","A088","high"
"268","ⓚ268화.","메테오(1)","63733","63928","러시아가 세운을 직접 적으로 선언하자 조도겸은 모스크바를 겨냥한다.","도시를 파괴할 수 있는 8서클 유성을 실제 협상 자산으로 만드는 전개","모스크바 충돌 궤도의 소행성을 만들어 러시아를 협상장에 앉힌다.","가르틴에게 진짜 메테오를 열고 하루 마정석 1천 개씩 6개월, 총 약 18만 개가 드는 대형 마법진을 일주일간 골렘과 그린 뒤 400미터 소행성 충돌 정보를 세계에 공개한다.","마법진은 막대한 자원과 무수면 노동을 요구해 조도겸이 좀비처럼 지치고 소행성은 모스크바를 멸망시킬 수 있다.","러시아만 알고 있을 것으로 본 소행성을 세운이 먼저 공개하고 NASA도 충돌 확률 50% 이상을 인정한다.","러시아가 세운 없이는 재난을 막기 어렵다는 전 세계적 협상 구도가 만들어진다.","마법·정보·국제 지위","조도겸은 전장 무기 판매자에서 행성급 재난의 해결권자로 올라선다.","세운이 유성을 막아 주는 대가를 정하기 위해 크렘린 초청을 받는다.","모스크바 메테오 생성과 공개 신뢰 확보","러시아 대통령과의 가격·사과 협상","A089","high"
"269","ⓚ269화.","메테오(2)","63929","64153","러시아가 유성 해결을 요청하면서도 대통령은 조도겸을 하대한다.","국가 정상이 세운에 공식 사과하고 대부 세력을 숙청하는 굴복 보상","모스크바 구원의 대가로 돈·대부 숙청·공식 사과를 받아낸다.","무례한 첫 회담에서 퇴장한 뒤 실패하면 세운 전체를 내놓겠다고 담보하고 5년간 2천억 달러·자원과 재산 대체 납부·대부 연계 장관 숙청·미사일 공격 조사와 사과를 요구한다.","러시아는 요구액 2천억 달러와 내부 숙청을 받아들이기 어렵고 조도겸은 그룹 전체를 담보로 건다.","실제 비용은 마나 공급을 끄는 것뿐인데 러시아는 국가 존망 때문에 대부 인맥을 먼저 잘라 낸다.","러시아 대변인이 한국과 세운에 공식 사과하고 백두빌딩의 황연우·김건웅·홍 사장이 샴페인으로 이를 확인한다.","인정·국제 지위·돈","조민우조차 조도겸의 능력을 속으로 인정하고 한국 창립멤버는 러시아 사과를 공동 성취로 축하한다.","유성 궤도가 정말 바뀌는지와 러시아가 대금을 지킬지가 남는다.","러시아의 공식 사과와 대부 장관 숙청","2천억 달러 계약 이행과 유성 정지","A089","high"
"270","ⓚ270화.","메테오(3)","64154","64397","러시아가 1차로 100억 달러를 보내고 조도겸은 유성 마나를 끈다.","계약을 깨는 국가에 유성을 다시 돌려보내는 즉시 보복 보상","러시아가 자연 현상이라 우기지 못하게 계약 이행을 강제한다.","유성이 모스크바를 99% 확률로 비껴가자 러시아가 계약을 파기하지만 조도겸은 마법진을 재가동해 충돌 궤도로 되돌린다.","코일은 유성이 조도겸 작품임을 의심하고 러시아는 자연 변화라며 남은 대금 지급을 거부한다.","계약 파기 직후 소행성이 다시 모스크바를 향해 움직여 세운의 통제력임이 사실상 증명된다.","러시아 대사가 직접 매달리며 재협상을 요청하고 계약 위반의 대가가 즉시 가시화된다.","무력·신뢰·돈","러시아는 세운을 속일 수 있는 기업이 아니라 자연재해를 되돌릴 수 있는 상대국급 권력으로 인식한다.","조도겸이 다시 크렘린에 들어가 첫 조건으로 존칭을 요구한다.","첫 유성 회피와 러시아의 계약 파기 적발","상향된 재계약 금액·시베리아 영토 조건","A089","high"
"271","ⓚ271화.","메테오(4)","64398","64624","계약을 깬 러시아 대통령이 다시 유성을 막아 달라고 청한다.","대통령의 존칭과 3천억 달러·시베리아 1천년 임대로 결산되는 국가 굴복","재계약에 배신 비용과 세운의 장기 영토·자원 기반을 넣는다.","대통령에게 존칭을 쓰게 하고 가격을 3천억 달러로 올리며 세운·한국 기업 제한 금지와 65만 제곱킬로미터 동시베리아 1천년 임대를 1천억 달러 몫으로 받아낸다.","러시아 대통령은 영토와 체면을 내주기 싫어 떨지만 유성 충돌을 막을 다른 수단이 없다.","러시아가 시베리아 천연자원 이익 50%만 가져가고 공장 이익에는 손대지 않는 구조까지 합의된다.","러시아 대통령이 조도겸을 정식 파트너로 존대하며 3천억 달러 계약과 한국 6배 규모 시베리아 거점을 확정한다.","호칭·국제 관계·돈·영토","하대하던 대통령이 공식 파트너 존칭을 쓰고 세운은 러시아 안에서도 제약받지 않는 권력을 얻는다.","전쟁 휴전 뒤 조도겸이 메타버스와 국내 사업 일상으로 돌아간다.","러시아 재계약·유성 위기·미사일 사과의 최종 결산","시베리아 개발과 메타버스 사회문제 해결","A089","high"
"272","ⓚ272화.","일상으로(1)","64625","64848","러시아·우크라이나 전쟁이 휴전에 들어가고 조도겸은 메타버스 경영으로 복귀한다.","분기 매출 65조 원짜리 가상세계를 범죄 억제와 대회 흥행으로 다시 키우는 사업 보상","메타버스 범죄·은둔 문제를 줄이면서 유저 체류와 매출을 늘린다.","서광수에게 분기 매출 65조·순익 30조를 보고받고 경범죄 수십만 건의 교도소에 정신 마법 기반 생산 노동을 넣으며 총상금 1천억 원 e스포츠와 판타지아 대륙·몬스터 전쟁을 기획한다.","매일 수십만 건의 경범죄와 현실 은둔·혼인 감소 비판이 있고 서광수는 돈보다 안정성을 원한다.","처벌만 하던 감옥을 강제 생산과 갱생 공간으로 바꾸고 환상 마법을 더 강한 대규모 전쟁 콘텐츠로 전환한다.","메타버스 순익 연 120조 원 기반 위에 사회관리와 1천억 원 대회라는 다음 성장 장치가 생긴다.","돈·사회 통제·콘텐츠 능력","서광수는 10억 연봉·약 70억 성과급보다 가정의 안정을 중시하는 경영자로 확인되고 조도겸은 그의 부담을 덜 과제를 준다.","판타지아의 2만 명 규모 몬스터 침공 이벤트가 열린다.","전쟁 휴전 후 사업 일상 복귀","판타지아 흥행과 결혼·학습 시스템","A090","high"
"273","ⓚ273화.","일상으로(2)","64849","65058","판타지아의 대륙전 콘텐츠에 2만 명 유저가 참여한다.","가상 전쟁 흥행을 매출·공부·연애라는 현실 보상으로 확장하는 장면","메타버스 비판을 줄일 학습과 만남 기능을 돈 되는 서비스로 만든다.","3시간 몬스터 전투로 8시간 만에 조회 1천만, 결제자 3배·지출 10배를 만들고 세운코인 전환을 추진한다. 부모 설정 1시간 집중학습을 3시간 효과로 만들고 2만 명 단체 소개팅·가상 아파트 추첨을 설계한다.","메타버스가 현실 관계를 끊는다는 비판이 있으며 정신을 강제로 조종하는 방식은 윤리선을 넘는다.","호감 강화만 쓰고 마음 자체를 바꾸는 마인드 컨트롤은 거부해 만남 사업의 선을 긋는다.","판타지아가 메타버스 매출의 40% 후보가 되고 학습·연애·주거가 새 수익축으로 열린다.","돈·관계·윤리","메타버스가 현실을 대체하는 공간에서 현실 공부와 결혼을 촉진하는 중개 공간으로 방향을 튼다.","대부의 다섯 가신 중 루다스가 조민우를 배신한다.","몬스터 침공 흥행과 메타버스 사회문제 1차 해법","가신 숙청·서울 테마파크·영화 사업","A090","high"
"274","ⓚ274화.","일상으로(3)","65059","65295","루다스가 가족을 이유로 조민우를 배신해 대부 가문의 권력전이 터진다.","음지 권력 정리와 메타버스 기술의 영화·테마파크 확장을 병렬로 진전시키는 장면","가신 배신을 수습하고 서울 테마파크에 세계적 콘텐츠를 유치한다.","조민우는 나머지 네 가신을 1년간 재우고 루다스를 죽인다. 김건웅은 0호기·골렘으로 자산을 관리하면서 횡령을 거부하고 조도겸은 서울 약 10조 원 부지 테마파크와 영화·드라마 제작을 추진해 제임스를 VR로 부른다.","가문 자산은 복잡하고 서울 부지는 비싸며 세계적 감독 제임스가 가상 제작을 실제 영화로 인정할지 불확실하다.","김건웅은 부정을 할 수 있는데도 거부해 후계 대부 후보의 신뢰를 보이고 제임스는 현실보다 선명한 VR 공간을 직접 본다.","대부 자산이 안전하게 관리되고 세운의 메타버스 기술이 세계 감독에게 새 제작 환경으로 제시된다.","신뢰·문화 사업·돈","김건웅은 조민우의 대체 가능한 충직한 관리자에서 독자적 대부 후보로 올라서고 제임스와는 협상 관계가 열린다.","제임스가 VR 시연 뒤 어떤 조건으로 영화 제작에 참여할지 남는다.","루다스 배신 처리와 김건웅의 청렴 확인","제임스 계약·테마파크 영화 생태계","A090","high"
"275","ⓚ275화.","신세계(1)","65296","65511","제임스 감독이 현실보다 진짜 같은 VR 제작 환경을 확인했다.","마법 시연과 2조 원 제작비로 세계 감독을 세운 생태계에 묶는 인정 보상","제임스를 영화·드라마·테마파크를 잇는 대표 창작자로 영입한다.","제임스 앞에서 실제 불과 비행 마법을 보여 주고 제작비 2조 원과 그보다 큰 홍보비, 완성작을 서울 테마파크에 연결하는 조건을 제시해 계약한다.","제임스는 가상 기술이 영화의 진짜 감각을 해칠 수 있다고 의심하고 프로젝트 규모가 전례 없이 크다.","VR이 단순 특수효과가 아니라 조도겸의 실제 마법과 연결된 제작 공간임을 제임스가 체험한다.","세계적 감독 제임스가 세운의 2조 원 프로젝트와 테마파크 생태계에 합류한다.","인정·관계·돈","제임스는 의심하는 외부 감독에서 마법을 목격한 전속 협력자로 바뀐다.","조민우가 세운 반지와 골렘을 들고 기존 대부를 직접 찾아간다.","제임스 영입과 신세계 제작 환경 인정","구 대부와 조민우의 최종 승계 대결","A091","high"
"276","ⓚ276화.","신세계(2)","65512","65742","조민우가 구 대부의 본거지에서 수천 병력과 헬리콥터에 포위됐다.","세운 골렘이 음지 왕국을 무너뜨리고 김건웅이 새 금융 가신으로 인정받는 결산","구 대부를 퇴진시키고 조민우를 후계자로 세운다.","조민우는 직접 골렘을 지휘하지 못해 0호기에게 부탁하고 골렘이 병력과 헬기를 제압한다. 김건웅을 새 금융 가신으로 소개한 뒤 구 대부를 은퇴로 몰아 자살하게 한다.","골렘 통제권은 조도겸·0호기에 있어 조민우가 독립적으로 행사할 수 없고 구 대부는 거대한 사병을 보유했다.","김건웅이 복잡한 금융 일을 즐기겠다며 남고 뒤에는 조도겸의 지원이 있음을 밝힌다.","조민우가 대부 자리를 승계하고 김건웅이 핵심 금융 가신이 된다.","권력·호칭·관계","구 대부가 사라지고 조민우가 새 대부가 되지만 실질 무력은 여전히 조도겸에게 의존한다.","세운자동차 세계 점유율 18%를 20%, 장기 50%로 올릴 마정석 전환이 시작된다.","구 대부 축출과 조민우 승계","자동차·선박·전자제품의 마정석 전환","A091","high"
"277","ⓚ277화.","신세계(3)","65743","65977","세운자동차는 세계 점유율 18%로 1위이며 조도겸은 전 계열 제품을 마정석으로 바꾸려 한다.","에너지 전환에 반발하는 미국을 방탄 교복과 폐기물 사업으로 거래하는 사업 보상","석유 산업 반발을 누르고 마정석 제품 생산에 필요한 원료를 새로 확보한다.","미국 대사에게 자동차 외 전환 중단 요구를 받은 뒤 학생 8천만 명용 방어복을 장당 10만 원에 제공해 트럼프의 치적과 맞바꾸고 알래스카에 연금술 분해 폐기물 공장을 세운다.","전 제품 전환은 미국 석유 산업을 위협하고 마정석·원재료 부족이 생산 확대를 막는다.","방어복은 원가를 빼도 1조 원 이상 남고 폐기물 3만 톤은 디컴포즈로 원료와 처리 수수료를 동시에 만든다.","미국의 정치적 반대를 완화하면서 폐기물을 원재료와 현금으로 바꾸는 새 공급망을 얻는다.","돈·자원·외교 관계·연금술","세운은 에너지 구매자에서 마정석 공급국이자 폐기물 재자원화 사업자로 확장한다.","알래스카 3만 톤 처리 성과를 한국·해양 폐기물까지 얼마나 확대할지 열린다.","미국의 마정석 전환 제동 해소","한국·동아시아 폐기물 독점과 원료 자급","A091","high"
"278","ⓚ278화.","욕심(1)","65978","66209","알래스카 폐기물 3만 톤을 하루도 안 돼 분해해 원료 회수가 가능해졌다.","도시·바다 쓰레기를 보조금과 원재료로 동시에 수확하는 대규모 확장 보상","한국과 동아시아 폐기물 흐름을 세운 분해장으로 모은다.","서울 하루 4만 톤·한국 50만 톤 폐기물을 10% 싼 조건으로 전량 요구하고 계약 위약금까지 대신 내며 해양 쓰레기 보조금을 노린다. 선박 5천 척에 반경 100미터 수거 마법진을 설치한다.","기존 처리업체 계약과 위약금이 있고 해양 수거는 넓은 바다와 다국가 선박망을 요구한다.","태양광·풍력 자가동력 수거진을 한국·중국·일본 선박에 달아 하루 수백만 톤을 모으고 300만 톤 처리 시설의 절반 가까이를 채운다.","폐기물 처리비·보조금·재생 원료를 한 번에 얻는 초대형 순환 사업이 가동된다.","돈·자원·환경 지위","세운은 국내 처리업체를 넘어 동아시아 해양 정화 기반시설이 된다.","중국이 베이징 스모그 제거 시스템을 문의한다.","폐기물 분해의 대량 사업성 검증","베이징 공기정화 계약과 글로벌 폐기물 기업 인수","A092","high"
"279","ⓚ279화.","욕심(2)","66210","66424","해양 폐기물 수거가 시설 용량의 절반에 가까워지고 중국이 베이징 스모그 해결을 요청한다.","환경 마법을 도시 계약과 세계 폐기물 시장 점유율로 바꾸는 보상","베이징 공기정화 계약과 미국 폐기물 기업 인수로 원료망을 넓힌다.","베이징에 설치비 3조 원·연 유지비 1천2백억 원 시스템을 제시하고 재생 원료 이익이 연 100억 원뿐임을 확인한 뒤 DK로 미국 WM·RS를 1조3천억 원에 인수한다.","베이징은 기존에도 연 8천억 원을 쓰며 중국 당국의 신뢰가 필요하고 WM·RS 인수는 미국 시장 45%를 건드린다.","직접 원료 판매보다 처리비와 ESG 이미지, 글로벌 폐기물 유입망이 더 큰 이익이라는 계산이 선다.","세운은 베이징 정화비와 미국 폐기물 45% 접근권을 얻는다.","돈·환경 지위·자원","환경 사업이 부수적 재활용에서 도시·국가가 비용을 지불하는 핵심 원료 공급망으로 격상된다.","백두빌딩에서 황연우가 징병률 80%를 넘는 한국의 모병제 비용을 상담한다.","베이징 스모그 사업 가격과 미국 폐기물 기업 인수","모병제용 군사 골렘과 조민우의 지부장 숙청","A092","high"
"280","ⓚ280화.","욕심(3)","66425","66641","징병률 80%가 넘는 병력 구조를 바꾸려면 초기 5조·연 2조 원의 추가 예산이 필요하다.","젊은이의 2년과 국방 예산을 동시에 얻는 무인 마법 병기 보상","군 인력 공백을 골렘으로 메우고 세운의 국내 방산 시장을 연다.","SW-1의 연료비가 기존 전차 5분의 1이고 무인 운용 가능함을 보여 주며 탱크 포탄도 견디는 수호 골렘을 강원도 네 시험지에 초기 무료 배치한다.","모병제는 막대한 재정과 전력 공백 우려가 있고 무료 시험 뒤 실제 예산 전환이 필요하다.","조도겸은 청년의 2년을 돌려주는 명분과 연 50조 원 국방비를 세운 매출로 바꾸려는 욕심을 함께 인정한다.","정부는 무인 국경 방어 실증을 얻고 세운은 한국 방산 예산 진입로를 확보한다.","돈·군사 지위·사회 관계","세운의 전장 병기가 해외 수출품에서 국내 병역제도를 바꾸는 기반으로 확장된다.","조민우가 독립 지부장 셋을 죽이고 대부 즉위식 뒤 초기 동료들에게 왕의 숙청을 경고한다.","모병제 전환의 기술적 해법","마정석 부족·달 자원과 조민우의 과욕","A092","high"
"281","ⓚ281화.","욕심(4)","66642","66858","마정석 수요가 생산을 앞지르고 조민우는 대부 자금 30%를 세탁했다.","시베리아 생산 증대와 달 자원이라는 더 큰 성장판 뒤에 내부 배신을 붙이는 전환","마정석 공급을 늘리고 헬륨3·희귀광물의 달 채굴 사업을 준비한다.","시베리아 공장 마법진을 고쳐 생산량을 네 배로 올리고 달의 헬륨3 100만 톤·티타늄·토륨 등 약 150경 원 자원을 채굴할 계획을 세운다.","생산시설을 단순 증설하면 비용과 시간이 들고 달 채굴은 운송·기지 기술이 필요하다.","조민우가 세운을 차지하려고 김건웅에게 동면 주사를 놓는 순간 계약 위반이 생명력을 빨아가기 시작한다.","마정석 공급 병목의 단기 해법과 달이라는 사실상 무한 자원 목표가 생긴다.","마법·자원·배신 관계","조도겸의 욕심은 지구 폐기물에서 달 자원으로 커지고 조민우의 불신 동맹은 실제 배신으로 파국에 들어간다.","연락 두절된 김건웅과 죽어 가는 조민우의 계약 대가가 동시에 걸린다.","시베리아 마정석 생산 네 배 확대","김건웅 구출·조민우 계약 처벌·달 채굴","A092","high"
"282","ⓚ282화.","계약서(1)","66859","67121","김건웅이 메타버스 회의에 나타나지 않고 전화도 꺼져 있다.","배신자의 함정을 정면으로 밟고도 계약 조항으로 주도권을 되찾는 응징 보상","김건웅을 살리고 조민우의 세운 탈취 계획을 끝낸다.","사설병원으로 순간이동해 퓨리피케이션·리제너레이션·그레이트 힐로 김건웅을 살린 뒤 홀로 대부 서재에 가 신경가스 함정과 비행기 집단 사망 계획을 마주한다.","김건웅은 금속 검사 때문에 보호 목걸이를 빼앗긴 채 혼수상태고 조민우는 가스와 대규모 희생을 준비했다.","계약 명령으로 철창을 열게 한 뒤 조민우가 이미 죽었지만 계약 때문에 움직이는 언데드이며 배신 조항을 이제야 읽었음이 드러난다.","10년 동료 김건웅이 회복하고 조민우의 물리적 함정은 조도겸에게 통하지 않는다.","신뢰·계약·생명·마법","김건웅에 대한 분노 섞인 신뢰가 확인되고 조민우는 대부가 아니라 계약에 매인 시체로 전락한다.","조도겸이 지금까지 지원한 정확한 금액과 조민우의 처분을 결산하려 한다.","김건웅 실종·중독과 신경가스 함정","97조 원 회수·대부 권력 이전·조민우 처벌","A093","high"
"283","ⓚ283화.","계약서(2)","67122","67366","조민우는 계약 위반으로 죽었지만 시체가 조도겸의 명령을 따른다.","가족 배신자에게 97조 원과 대부 왕국을 모두 토해 내게 하는 결산","조민우가 받은 지원과 가문 자산·정보를 회수하고 새 관리자를 세운다.","지원 총액 97조 원을 대부 가문 투자금으로 규정하고 좀비 조민우에게 사업·자금·정보를 넘기게 한 뒤 범죄자 무인도로 보낸다. 김건웅에게 변신 반지를 줘 조민우 행세로 자산을 조용히 이전하게 한다.","가문 자산은 공개적으로 움직이면 세계 음지 세력의 반발을 사고 김건웅은 대부 역할까지 떠맡아야 한다.","최면 없이 맺은 계약이 배신 즉시 죽음과 사후 복종까지 집행하고 무인도의 조민우는 찔려도 재생되는 새 파벌 우두머리가 된다.","97조 원 투자와 대부 자산이 조도겸에게 돌아오고 김건웅이 실질 대부 역할을 맡는다.","돈·권력·가족 관계·마법","조민우와의 혈연 동맹은 완전히 끝나고 김건웅은 오랜 동료에서 음지 왕국을 맡는 대리인으로 승격한다.","대부 자산 유입으로 드래곤 하트가 크게 반응해 8서클 다음 성장을 예고한다.","조민우 배신·97조 원 지원·대부 승계의 결산","드래곤 하트 성장과 달 개발","A093","high"
"284","ⓚ284화.","투 더 문(1)","67367","67565","대부 자산과 러시아 가스 회사 이전으로 드래곤 하트가 성장한다.","8서클 숙련과 열두 마법사의 탑을 달 진출 능력으로 바꾸는 기술 보상","달 헬륨3 채굴을 위한 운송선과 마법 기반을 만든다.","러시아 가스 자산을 넘겨받아 8서클 숙련에 도달하고 마법사의 탑을 12개로 늘린다. 폐기물 공장 원료로 세운 수입의 30%를 대체하며 40층 우주선을 통째로 골렘으로 만든다.","NASA 예산은 연 30조 원 수준인데 달 사업에는 300조 원도 들 수 있고 우주선은 전례 없는 규모다.","달 마법사의 탑을 쓰면 마정석 소모를 60% 줄일 수 있어 코일의 행성 개척 꿈과 조도겸의 수익 목표가 맞물린다.","8서클 숙련·12개 탑과 자체 이동 가능한 40층 우주선 골렘을 확보한다.","마법 능력·자원·동료 관계","코일의 기술·행성 꿈이 조도겸의 150경 원 자원 욕심과 처음으로 같은 프로젝트에 묶인다.","세계가 지켜보는 달 발사와 일본의 새 거래 요청이 열린다.","대부 자산의 드래곤 하트 성장 환전","달 착륙·헬륨3 채굴과 일본 원전 거래","A094","high"
"285","ⓚ285화.","투 더 문(2)","67566","67765","40층 우주 골렘의 달 발사를 앞두고 한국과 세운의 위상이 세계의 관심을 받는다.","한국 GDP 6위와 달 착륙을 한 화면에 지급하고 일본 7광구 권리까지 거는 확장 보상","달 착륙을 성공시키고 후쿠시마 원전 해체 대가를 선점한다.","공개 발사에서 우주 골렘을 달에 착륙시키는 동시에 일본 수출 분쟁을 두고 후쿠시마 원전을 1천조 원 또는 7광구 권리와 맞바꾸겠다고 황연우에게 제안한다.","일본은 원전 해체에 수십 년이 필요하다고 보고 7광구는 석유·가스 70억 톤 이상, 최대 5천조 원 가치로 추정된다.","세운이 한국 GDP의 30%와 협력업체 2만 곳을 떠받쳐 세운이 없으면 한국이 10위 밖이라는 황연우의 인정이 나온다.","우주 골렘이 달에 안착하고 네 골렘이 내려 아공간 마법진 공사를 시작한다.","국가 지위·인정·우주 능력","세운은 국내 대기업을 넘어 한국 경제의 핵심이자 달 착륙 주체로 공인된다.","달 표면의 포탈과 마법사의 탑이 실제로 작동할지 남는다.","우주선 발사·달 착륙과 한국 경제 기여 인정","달 포탈·헬륨3 탐사와 후쿠시마 계약","A094","high"
"286","ⓚ286화.","투 더 문(3)","67766","68016","달에 내린 네 골렘이 아공간 마법진을 만들고 있다.","하루 만에 달 기지를 세우고 시간당 수십억 원 헬륨3 광맥을 찾는 물질 보상","지구와 달을 잇는 포탈·마법사의 탑·광물 탐사 체계를 가동한다.","골렘 핵 하나를 희생해 달 포탈을 열고 건설 골렘을 보내 20층 마법사의 탑을 당일 완성한다. 분해 공장과 서치·감정 골렘을 투입해 처음 3그램 뒤 시간당 10킬로그램 이상 나오는 구역을 찾는다.","첫 채굴량은 3그램뿐이고 넓은 달에서 고농도 자원 지점을 찾기 어렵다.","새 구역은 헬륨3만 시간당 약 40억 원 가치로 생산하며 탐사 골렘이 수익 지도를 만든다.","지구-달 상시 물류와 20층 기지, 고수익 헬륨3 생산지가 하루 만에 완성된다.","우주 능력·돈·과학 지위","조도겸의 달 사업이 시범 착륙에서 실제 채굴 산업으로 바뀌고 NASA 국장이 직접 찾아올 만큼 공인된다.","NASA가 헬륨3 장기 구매를 제안한다.","달 포탈·탑·첫 광맥의 실전 가동","NASA 수출 계약과 일본 후쿠시마 담판","A094","high"
"287","ⓚ287화.","폭군(1)","68017","68208","달에서 헬륨3 상업 생산이 가능해지자 NASA가 구매 협상을 요청한다.","달 광물 수출 계약과 일본의 수십 년 과제를 한 번에 떠안는 국가급 사업 보상","헬륨3 고객을 확보하고 후쿠시마 해체와 7광구 협상을 연다.","NASA에 월 500킬로그램을 킬로그램당 5억 원, 월 2천5백억 원에 우선 공급하고 다른 계약까지 월 약 1조 원으로 만든 뒤 일본 특사로 가 원전 1년 안정·2년 해체를 약속한다.","일본 전문가 예상은 40~50년이고 실패하면 세운전자·자동차·메타버스를 내놓는 파격 담보다.","7광구 교환 조건에 더해 강제동원·위안부 피해자에 대한 일본 정부의 공식 진심 어린 사과를 요구한다.","달 헬륨3에 안정적 국제 매출이 붙고 일본이 세운 전체 담보 때문에 해체 협상에 응한다.","돈·국제 지위·역사 관계","조도겸은 자원 판매자에서 한일 역사 문제까지 거래 조건으로 올리는 국가 특사급 협상자가 된다.","일본이 사과와 7광구를 받아들일지 맞조건을 내민다.","헬륨3 첫 수출 가격과 고객 확보","후쿠시마 해체·일본 공식 사과·7광구","A095","high"
"288","ⓚ288화.","폭군(2)","68209","68414","일본은 후쿠시마 해체 대가로 7광구를 요구받고 역사 사과 조건까지 추가됐다.","경제·기술 우위를 실제 공식 사과와 기념관 약속으로 바꾸는 장면","사과·역사 왜곡 통제·7광구를 계약에 묶는다.","전쟁 위협과 마정석 발전소 제공을 함께 내밀어 강제동원·위안부 공식 사과와 부정 발언 통제·기념관을 요구하고 성공 시 7광구를 받기로 한다.","일본은 체면과 자원을 잃으며 조도겸의 해체 실패 가능성을 노린다.","일본이 실패 조건으로 독도 앞 해상도시 철거를 요구하고 조도겸이 받아들인다.","일본 정부가 공식 사과·기념관·7광구를 원전 성공 조건으로 수용한다.","인정·역사 관계·영토·돈","피해 역사를 외면하던 일본 정부가 기술 의존 때문에 공식 책임을 계약상 인정한다.","총리와 장관들이 폭발·친일 자금 시위로 세운의 실패를 조작하려 한다.","한일 원전·사과 계약 체결","후쿠시마 작업과 일본 정부의 내부 방해","A095","high"
"289","ⓚ289화.","폭군(3)","68415","68650","일본 정부는 계약 뒤 세운 작업을 폭발 사고로 방해할 계획을 세웠다.","2천 골렘과 99.9999% 방어 설계로 핵연료봉을 직접 꺼내는 기술 보상","후쿠시마 원전의 가장 위험한 연료봉을 무사히 회수한다.","기존 하급 골렘 200대를 8서클 정화 골렘 2천 대와 거대 크레인 골렘으로 늘리고 2만 번 시뮬레이션 뒤 566개 연료봉을 수조에서 꺼낸다.","3호기 연료봉 566개와 방사능은 작은 실패도 대형 사고가 되며 시뮬레이션 10건은 실패한다.","그레이트 실드를 추가해 성공률을 99.9999%로 올리고 작업 중 터진 방해 폭발까지 막아 낸다.","연료봉을 안전하게 회수하고 일본이 꾸민 사고가 방사능 재난으로 번지는 것을 차단한다.","마법·기술 지위·안전","세운의 원전 해체 능력이 장담에서 실제 핵연료봉 회수로 증명된다.","폭탄의 설치자와 일본 정부 VIP 연결을 추적한다.","후쿠시마 최고위험 연료봉 회수","폭발 배후 추적과 국내 여론 공작","A095","high"
"290","ⓚ290화.","폭군(4)","68651","68912","후쿠시마 작업장에서 세운을 노린 폭탄이 터졌지만 방어막이 막았다.","마법 수사로 일본 고위 관료를 특정하고 같은 폭탄으로 즉시 되갚는 응징 보상","사보타주 배후를 처벌하고 한국 내 반세운 시위도 무력화한다.","어스 메모리·디텍트 포스·0호기로 야쿠자와 요시다 차관, VIP까지 추적하고 동일 폭탄을 요시다 집에서 터뜨린 뒤 진실을 흘린다.","일본 자금을 받은 친일 인사들이 겉으로는 반일 시위를 조직해 세운을 일본 편으로 몰고 정치권까지 흔든다.","적의 공격 방식 자체를 돌려줘 사보타주가 일본 내 사건으로 폭로된다.","원전 폭발 공작의 실무 책임자가 응징되고 세운은 작업을 계속할 수 있다.","정보·무력·정치 관계","일본 정부와의 계약 관계는 협력이 아니라 서로 파괴 수단을 감시하는 강압 관계로 굳어진다.","대규모 시위 날 컨트롤 웨더와 낙뢰까지 준비해 여론 공작을 막으려 한다.","후쿠시마 폭발 배후 식별·보복","한 달 내 속전속결 해체와 친일 정치인 21명 제거","A095","high"
"291","ⓚ291화.","속전속결(1)","68913","69144","일본 지원 시위는 비로 약화됐지만 황연우는 한 달 정도만 정치적으로 막을 수 있다.","6개월 공정을 한 달 안으로 줄이는 연금술 해체법을 찾는 전개","친일 공작이 다시 커지기 전에 원전 철거를 끝낸다.","창립멤버 회의에서 김건웅에게 일본 자금 정치인을 맡기고 표준 6개월 공정을 압축한다. 알케미 뮤테이션으로 시험 연료봉을 방사능 없는 99% 철로 바꾼 뒤 수조에 순간이동해 1·2호기 잔여 연료봉을 전부 변환한다.","황연우의 정치 방어는 한 달 한계이고 일본 돈을 받은 국회의원·시민단체가 계속 움직인다.","물질 변환이 제염·운반 공정을 없애며 광역 마법이면 건물 자체도 하루에 해체할 수 있다는 계산이 선다.","남은 핵연료봉이 무해한 철로 바뀌고 6개월 일정이 며칠 단위로 줄어든다.","연금술·시간·정치 관계","창립멤버들이 일본 공작을 역할 분담해 막고 조도겸은 원전 처리의 물리 한계를 마법으로 제거한다.","프로즌 필드로 원전 전체를 얼려 해체하려 한다.","친일 시위의 단기 봉쇄와 연료봉 무해화","원전 광역 철거·정치인 21명 정리·7광구 청구","A096","high"
"292","ⓚ292화.","속전속결(2)","69145","69389","핵연료봉을 철로 바꾼 뒤 거대한 원전 건물과 지하 구조물만 남았다.","원전을 얼음처럼 깨뜨려 하루에 없애고 집의 돌봄·국내 정치 보상까지 받는 장면","철거와 잔해 수거를 일주일 안에 끝내고 일본 공작 자금줄을 끊는다.","프로즌 필드로 원전을 얼리고 토네이도로 가루 내 아공간에 넣으며 어스퀘이크로 지하실까지 들어 올린다. 한 시간 넘게 광역마법을 써 하루 두 번 마나 탈진 뒤 집에서 24시간 잔다.","광역마법은 하루 두 번 탈진을 부르고 일본 지원 국회의원 21명과 급조 시민단체가 국내 여론을 흔든다.","수십 년 함께한 집사가 깨어날 때를 알고 죽을 준비해 두고 김건웅은 암시장 자금을 동결·강탈하며 정치인을 조롱거리로 만들 계획을 세운다.","원전 철거가 97%까지 끝나고 돌봄의 죽 한 그릇을 받은 조도겸, 210석까지 전망하는 국민중심당이 함께 보상된다.","마법·돌봄 관계·정치 지위","집사는 영웅 대접이 아닌 생활 리듬을 아는 가족 같은 돌봄을 제공하고 창립멤버 연대는 정치권 장악 가능성으로 커진다.","일본 총리가 7광구도 1천조 원도 주지 않겠다고 버틴다.","원전 건물·지하·잔해 철거와 시위 자금 차단","일본 계약 먹튀에 대한 전력 보복","A096","high"
"293","ⓚ293화.","속전속결(3)","69390","69622","후쿠시마 철거 조건을 모두 채웠지만 일본은 청구서에 답하지 않는다.","계약을 어긴 국가의 전력망을 멈춰 7광구를 받아내는 즉시 결산","소송을 기다리지 않고 일본이 계약을 이행하게 만든다.","마정석 발전소는 약속대로 설치한 채 낙뢰와 알케미 에이징으로 일본 전력의 LNG 37%·석탄 32% 시설을 멈춰 블랙아웃을 일으킨다.","김건웅은 국제소송도 1~2년 걸린다고 보고 일본은 7광구와 1천조 원 모두 거부한다.","발전소는 며칠 안에 전력을 복구할 유일 수단이어서 일본이 세운의 연료·가동에 의존하게 된다.","일본이 공개 현금 대신 비밀리에 7광구 권리를 넘기며 계약이 강제 이행된다.","영토·돈·국제 권력","일본은 세운을 속일 수 있는 하청업체가 아니라 국가 전력 생존을 쥔 공급자로 인정한다.","7광구 개발과 중국 시추시설 정리가 즉시 시작된다.","후쿠시마 해체·일본 사과·7광구 계약의 실질 결산","7광구 석유·가스 개발과 중국 해역 분쟁","A096","high"
"294","ⓚ294화.","7광구(1)","69623","69845","블랙아웃 네 시간 만에 일본이 7광구를 넘기고 마정석 발전소 가동을 요청했다.","받아낸 해역에서 중국의 빨대를 걷어 내고 폐시설까지 자산화하는 보상","7광구를 실질 지배하고 즉시 시추 기반을 만든다.","정부 승인을 받아 7광구로 가 중국 시추시설 20개 이상을 은신 상태의 씨 블라스트와 토네이도로 파괴하고 한국 해역에 떠온 잔해를 선박 골렘 40대로 수거한다.","중국은 배타적 경제수역을 주장하며 가동 10곳 이상·설치 12곳의 시설로 7광구 자원을 빼내고 있다.","중국이 버린 잔해를 조합하면 즉시 두 개, 부품 추가 시 다섯 개 시추 골렘을 만들 수 있음이 확인된다.","중국 시추 빨대가 제거되고 공짜 설비가 세운의 자체 시추 자산으로 바뀐다.","영토·자원·마법·부","타임지는 공개 재산 120조 원으로 조도겸을 세계 10대 부자에 올리지만 그는 인터뷰 대신 자동차 광고를 싣는 실익을 택한다.","조도겸이 시추시설에 골렘 제작 마법을 사용한다.","일본의 7광구 양도와 중국 기존 시설 제거","이동식 시추 골렘의 첫 원유 생산","A097","high"
"295","ⓚ295화.","7광구(2)","69846","70053","중국 잔해로 만든 이동식 시추 골렘이 7광구 탐사를 시작한다.","마법 시추가 한국을 실제 산유국으로 만드는 공개 인정 보상","원유를 뽑아 국내 공급과 가격 인하 계획을 공표한다.","감정 골렘으로 매장지와 양을 찾고 분해 마법진·아공간 운송을 붙여 3일 내 생산한 뒤 가고일·해저 골렘 영상으로 윤경영 기자회견에서 첫 분출 장면을 공개한다.","탐사치는 100억 배럴인데 공개 발표는 확인분 100만 배럴 수준이고 중국·미국 반응과 공급 지속성 의심이 남는다.","마법은 설비·운송·정제 원가를 낮춰 국내 연 9억 배럴 수요를 목표로 리터당 1천 원 판매가 가능하게 한다.","윤경영이 ‘대한민국도 산유국’이라고 선언하고 세운 독점 개발이 국가 업적으로 인정된다.","국가 지위·돈·인정","세운의 사적 마법 사업이 한국의 산유국 지위와 대통령 지지율을 함께 만드는 국가 사업으로 올라선다.","세운 300원·정부 교통세 200원 감면으로 유통망을 장악하자는 협상이 열린다.","7광구 첫 원유 발견과 공개","국내 시장 9억 배럴 공급·교통세 폐지·산유국 반발","A097","high"
"296","ⓚ296화.","7광구(3)","70054","70282","7광구 원유는 불순물이 적고 싸지만 국내 정유사는 두바이 보복을 걱정한다.","오랜 친구의 형을 치료해 왕족의 가족 호칭과 원유 유통권을 함께 얻는 관계 보상","UAE가 한국 정유사의 7광구 원유 구매를 허용하게 한다.","칼리안 저택에서 UAE 아미르 자이드의 뇌졸중 완치를 거래 조건으로 제시하고 대통령궁에서 위장 의료기기 아래 리제너레이션·그레이트 힐을 써 걷게 만든다.","칼리안 혼자 수십조 원 고객 문제를 결정하기 어렵고 자이드의 주치의와 왕위 경쟁 형제들이 치료를 경계한다.","10분 내 치료 효과가 나타나지만 신뢰를 위해 2시간을 채우고 세 번 추가 재생 치료를 약속한다.","자이드가 지팡이 없이 걷고 조도겸을 끌어안은 뒤 ‘전하’ 대신 형이라 부르라며 한국 원유 유통권을 허락한다.","건강·호칭·우정·돈","칼리안의 친구였던 조도겸이 자이드의 ‘동생’, 자이드는 ‘형님’이 되어 왕실과의 거래가 가족 호칭 관계로 심화된다.","정유사 계약 수정 뒤 7광구 석유·가스가 국내 시장을 얼마나 차지할지 남는다.","두바이 거래처 보복 우려와 자이드 1차 치료","국내 에너지 자급과 UAE 권력 재편","A097","high"
"297","ⓚ297화.","강대국(1)","70283","70498","자이드가 약속대로 계약을 고쳐 국내 정유사가 7광구 원유를 살 수 있게 됐다.","석유·가스 자급과 대통령의 국가적 감사를 수치로 지급하는 보상","국내 에너지 시장을 장악하고 다음 사회 문제를 사업 과제로 받는다.","공급 실패 시 10배 보상으로 연 60조 원 석유 시장 30~50% 계약을 밀고 압축 마법 시추 골렘 세 대를 더 만들어 연 5천만 톤 천연가스와 합계 약 90조 원 시장을 노린다.","정유사는 매장량과 지속 공급을 의심하고 대형 골렘 세 대 제작은 마나를 거의 고갈시킨다.","가르틴이 9서클이 머지않았다고 알리고 윤경영은 식량·에너지·물·데이터·쓰레기 다섯 분야 자급을 조도겸 덕분이라고 인정한다.","한국이 줄타기 외교를 벗어날 물질 기반과 세운의 연 90조 원 에너지 사업이 열린다.","국가 인정·돈·마법","윤경영과 조도겸은 국가 자급을 함께 이룬 파트너로 서로를 인정하고 조도겸의 다음 마법 단계가 가시화된다.","윤경영이 출산율·자살률·양극화 해결을 부탁한다.","UAE 허가 후 국내 원유 계약과 천연가스 생산 기반","저출산·자살률 등 사회문제 사업화","A098","high"
"298","ⓚ298화.","강대국(2)","70499","70692","윤경영이 경제 성장과 달리 남은 출산율·자살률·양극화 숙제를 조도겸에게 맡겼다.","국가 난제를 공장·이민·메타버스·음악 사업으로 푸는 설계 보상","출산과 정신건강을 동시에 개선할 실행 가능한 서비스를 만든다.","수도권 공장과 협력업체를 지방으로 옮기고 고려인 10~20만 명·가족 단위 기술이민을 교육 후 유치하며 현실 외모만 쓰는 미혼 도시와 궁합 알고리즘을 세운메타버스에 기획한다.","주거·일자리·문화 갈등 때문에 단순 현금이나 이민만으로는 출산율을 근본 해결하기 어렵다.","통일이면 인구 7천만 명이 되지만 당장은 불가능하다고 접고 엔틱·권빈의 노래에 정신마법을 넣어 우울증을 치료하는 길로 전환한다.","QPT형 만남 도시와 지역 일자리·주거, 치유 음악이라는 사회문제 대응 패키지가 구체화된다.","사회 관계·사업·인구 지위","황연우는 차기 대권에 필요한 저출산 해법을 조도겸과 공동 과제로 삼고 메타버스는 결혼 중개자로 방향을 넓힌다.","새 도시가 실제 커플과 매출을 만들지 검증이 시작된다.","국가 자급 뒤 사회문제 우선순위 설정","QPT 출시와 치유의 노래 제작","A098","high"
"299","ⓚ299화.","강대국(3)","70693","70910","미혼자 전용 메타버스 도시 QPT가 월 5만 원에 문을 열었다.","가상 만남이 실제 커플·주거·출산 지원으로 이어지는 사회·사업 보상","QPT 매출을 결혼·출산의 경제 장벽을 낮추는 선순환으로 만든다.","알고리즘 3대3·1대1 만남과 놀이 공간으로 일주일 안에 2천 커플·다른 도시 5배 매출을 만들고 예상 최소 10조 원 수익을 신혼주택·차·가전에 투입한다.","아파트·차·혼수 지원은 정부도 50%를 부담하는 대규모 정책이고 성과가 없으면 윤경영 말년과 황연우 대권에 흠집이 난다.","주택 80%를 1% 무담보 대출하고 임신 시 무이자, 자녀 둘 20%·셋 50% 원금 감면에 자동차 5년 무이자와 채용 가점까지 묶는다.","QPT의 사랑·소비가 실제 결혼 주거와 세운 제품 구매를 동시에 지원하는 구조가 완성된다.","관계·돈·정치 지위","가상 커플은 현실 신혼부부 후보로 전환되고 세운·정부는 출산 성과를 공동 책임지는 관계가 된다.","세운엔터에서 은둔 중인 월드스타 권빈을 불러 치유 노래를 만들려 한다.","QPT 초기 커플·매출 검증과 출산 지원 계약","권빈의 한계 돌파와 치유 음악의 사회 효과","A098","high"
"300","ⓚ300화.","벽을 넘다(1)","70911","71136","권빈은 한 달 만에 회사를 찾아와 불면증과 5년째 실력 정체를 조도겸에게 고백한다.","월드스타의 예술적 벽과 대중의 우울을 한 곡으로 치유하는 감정 보상","권빈의 노래에 정신치료 마법을 녹여 실제 효능을 가진 음원을 만든다.","마도사의 마법진으로 녹음실을 바꾸고 기타에 마인드 컨트롤을 각인한 뒤 힙노시스·마인드 컨트롤·사이코 테라피를 단어마다 넣어 3분 곡을 10시간 녹음한다.","권빈은 5년 연습에도 한계를 못 넘었고 강진태는 어쿠스틱 곡이 팔리지 않는다고 반대한다.","완성된 ‘치유의 노래’를 듣자 강진태가 울며 반대자에서 추종자로 바뀌고 권빈도 자신이 원한 방향을 찾는다.","발매 2시간 만에 음원 1위, 해외 상위권과 삶의 희망을 되찾았다는 환자 사연이 쏟아진다.","예술 능력·인정·감정 관계","권빈은 조도겸을 절대 신뢰하는 스타에서 새 예술적 벽을 넘은 치유 가수로 성장하고 반대하던 사장도 인정한다.","노래가 한 달 뒤 자살률·결혼·출산 통계를 실제로 바꿀지 남는다.","권빈의 실력 정체와 치유의 노래 발매","치유 음악의 사회 통계 효과와 환자 치료","A099","high"
"301","ⓚ301화.","벽을 넘다(2)","71137","71361","치유의 노래가 한 달째 차트 1위로 전 세대에 퍼졌다.","마법 사업이 자살·결혼·임신·이혼 통계를 실제 수치로 바꾸는 사회 보상","정책 효과를 확인하고 코리아 디스카운트의 북한 원인까지 해결한다.","황연우에게 보건복지 통계를 받아 하루 자살 35명 이상이 절반, 월 결혼 약 2만 건이 2천 건 이상 증가, 임신 확인 2만5천에서 4만 명 이상, 이혼이 절반으로 감소했음을 확인한다.","한 달 수치만으로 장기 출산율 상승을 확정할 수 없고 북한 핵·군대는 중국까지 얽힌 권력 기반이다.","경제·정신 장벽을 낮춘 실제 성과 뒤 조도겸은 대북 특사·밀사를 거절당하자 위성·소형 골렘으로 김 위원장 위치를 찾아 직접 잠입한다.","저출산·자살 대응이 정량 효과를 내고 조도겸은 북한 최고지도자 침실까지 텔레포트한다.","사회 지위·관계·정보·마법","황연우와 조도겸의 정책 동맹은 통계로 성과를 인정받고 북한과는 공식 창구 대신 강제 대면 관계가 열린다.","홀드로 김 위원장의 비상 호출을 막고 자신을 세운 총수라고 소개한다.","QPT·치유 노래의 첫 사회 통계 검증","비핵화·군축·종전 선언 협상","A099","high"
"302","ⓚ302화.","벽을 넘다(3)","71362","71600","조도겸이 북한 김 위원장의 지하 침실에 은신·순간이동으로 들어갔다.","굶주림 환상과 안전 보장으로 핵·군축·종전을 받아내는 국가적 결산","김 위원장을 설득해 코리아 디스카운트의 군사 원인을 줄인다.","참으로 경계를 낮추고 인민의 굶주림을 1분에 수년처럼 체험시키는 환상 뒤 힙노시스·마인드 컨트롤을 쓴다. 핵미사일 폐기·군 30% 감축·종전 대신 공장 20곳 이상·발전소·식량·한반도 방어를 제시한다.","김 위원장은 핵이 체제 보루라 보고 중국 지원 친중 정치·군인 100명과 쿠데타·암살을 두려워한다.","방어 목걸이와 하루 세 번 순간이동 반지를 주고 100명을 없애 주겠다고 하자 김 위원장이 인민을 위해 종전을 결심한다.","며칠 뒤 남북 종전 합의 속보가 나고 외국인 투자가 움직이며 코스피 4천에서 6천을 두고 내기가 열린다.","국가 지위·마법·정치 관계","적대하던 김 위원장이 조도겸의 안전 선물을 신뢰해 손을 흔드는 협력자로 바뀌고 황연우는 종전 실무 총책임 경험을 얻는다.","종전이 실제 세운 주가와 9서클 조건을 얼마나 밀어 올릴지 남는다.","출산·자살 사회과제와 남북 종전 협상","친중 100명 제거·북한 개발권·주가 폭등","A099","high"
"303","ⓚ303화.","9서클(1)","71601","71841","종전 절차가 끝나고 친중 정치·군인 100여 명은 무인도로 사라졌다.","코리아 디스카운트 해소가 세계 1위 부자와 9서클 자격으로 결산되는 최종 성장 보상","종전 뒤 한국·세운의 가치 상승을 확인하고 다음 마법 경지에 오른다.","김건웅이 대부 자금 전부를 세운 관련 주식에 넣고 창립멤버들과 코스피 6천·세운 주가 두 배를 지켜본다. 북한 개발권 1순위와 달 광물 수출 5배·발전소 요청 두 배도 확인한다.","영끌과 외국 자본 급증은 세운 성장이 멈추면 한국 경제를 흔들 수 있고 조도겸의 신체는 9서클 마나를 바로 감당하지 못한다.","공개 재산 30% 미만만으로 세계 부자 1위가 된 순간 가르틴이 9서클의 벽을 넘을 자격을 얻었다고 알린다.","종전·북한 개발·주가 두 배·세계 1위 부자·9서클 자격이 한꺼번에 지급된다.","부·국가 인정·마법 능력·동료 관계","창립멤버들은 세운 가치의 결실을 함께 확인하고 조도겸은 인간 한계를 넘을 후보가 된다.","가르틴이 준비할 틈도 주지 않고 최소 1년짜리 동면을 시작시킨다.","종전·코스피 6천 내기·세계 부자 순위·9서클 자격","조도겸 부재 1년과 세운 후계 위기","A100","high"
"304","ⓚ304화.","9서클(2)","71842","72115","조도겸이 9서클 적응 동면에 들어간 지 1년이 지나 세운의 마법 혁신이 멈췄다.","총수 부재로 드러난 조직의 빈자리 뒤 언령 마법 복귀가 ‘세운의 심장’으로 인정되는 최종 보상","조민형 추대와 횡령 사장단을 정리하고 세운의 성장을 재시동한다.","김건웅·황연우·홍 사장이 매일 지키는 사이 둘째 형 아들 조민형이 계열사를 모아 찬성 11·반대 5·기권 4로 회장에 선출되자 문을 부수고 돌아와 언령 ‘조용’·‘말해라’로 비리를 자백시킨다.","0호기는 멈췄고 신차·신제품·공장 증축이 1년간 정체됐으며 코로나로 윤경영 지지율도 60%까지 내려가고 사장단은 중간회사로 이익을 빼돌린다.","9서클 언령이 김인우 등 조민형파 11명의 횡령·로비·찬탈 계획을 스스로 말하게 한다.","11명에게 먹은 돈 두 배 반환과 당일 사표를 명하고 충성 사장단에 전 계열사 신제품 준비를 지시하자 ‘세운의 심장이 돌아왔다’고 서술된다.","마법·총수 지위·충성 관계·인정","조민형의 혈통 주장은 즉시 무효가 되고 1년을 버틴 창립멤버·충성 사장단은 복귀한 유일 회장의 웃음과 재가동 약속으로 보상받는다.","완결로서 9서클 제품 업그레이드와 세운 재성장이 미래 지속 상태로 열린다.","1년 동면·세운 정체·조민형 회장 투표·배신 사장단 11명","9서클 조도겸이 이끌 세운의 계속되는 성장","A100","high"
