sequence,visible_label,title,start_line,end_line,entry_state,reader_promise,protagonist_goal,action,resistance_or_cost,turn_or_reveal,paid_reward,state_change_axis,state_change,ending_hook,closed_loops,opened_loops,arc_id,confidence
501,501,치열한 공방 (1),87669,87841,강 대위 사무실에는 한 부회장도 없이 강 대위만 남아 밤샘 사업을 지키고 있다.,코로나와 유가 붕괴 전에 방역 설비와 금융 포지션을 먼저 잡는 회귀자 보상.,마스크·음압병동 업체를 사들이고 유가 하락에 베팅해 두 위기를 돈과 생존망으로 바꾼다.,강 대위·이영한에게 마스크·음압병동 업체 매입을 맡기고 한 부회장에게 유가 공매도를 늘린다,감염병 대비는 당장 수익이 없고 유가 공격은 석유에 민감한 미국의 눈총을 살 수 있다.,미국과 중국이 서로 죽이는 데 몰두한 지금은 금융타워의 유가·석유 공격을 살필 여력이 없다는 틈이 보인다.,강 대위·이영한에게 방역업체 인수 지시가 내려가고 한 부회장은 유가 공매도를 확대한다.,자산·정보,막연한 전염병·유가 예측이 방역기업 인수와 유가 숏이라는 실행 포지션으로 바뀐다.,미국과 중국이 전쟁에 시선을 빼앗긴 동안 태우와 금융타워가 수익을 거둘 은폐창이 열린다.,방역업체 매입과 유가 숏 확대 결정.,코로나 확산 때 확보한 업체의 가치와 마이너스 유가 때 숏의 결산.,DCA-N42,0.94
502,502,치열한 공방 (2),87842,88030,김민재와 한 부회장이 커피를 마시며 데이비드가 띄운 니콜라 사기 보도를 지켜본다.,니콜라 폭로 수익을 국내 반도체·디스플레이 동맹으로 환전하는 보상.,오용재에게 미중 충돌을 함께 버틸 생산·재고 공조를 제안한다.,데이비드가 니콜라 사기를 공개하고 김민재가 오용재·삼진과 반도체·디스플레이 공조를 제안한다,오용재는 김민재가 무엇을 할지 몰라 구체적인 협력 조건 없이는 손을 잡기 어렵다.,경쟁사를 죽이는 치킨게임이 아니라 생존용 반도체 재고를 미리 쌓아야 한다는 미래 부족 사태가 제시된다.,오용재와 느슨한 반도체 동맹을 맺고 생산량을 최대한 늘리기로 뜻을 모은다.,관계·생산능력,태우와 삼진이 경쟁사 관계에서 공급 충격에 함께 대비하는 느슨한 동맹으로 이동한다.,미중 분쟁과 코로나가 겹칠 반도체 부족 전에 생산량과 재고를 얼마나 끌어올릴지가 남는다.,니콜라 사기 공개와 오용재의 공조 참여.,"반도체 부족 전 생산 확대, 디스플레이를 포함한 추가 동맹의 구체화.",DCA-N42,0.94
503,503,치열한 공방 (3),88031,88181,오용재와 밤샘 협상을 마친 김민재가 한 부회장에게 느슨한 반도체 동맹의 성과를 설명한다.,기술유출과 일본 보복을 국가법·기업동맹·백악관 거래로 동시에 막는 약속.,기술보호법을 통과시키고 강제징용 판결 뒤 일본의 수출보복까지 되받아칠 국제 보호막을 만든다.,기술보호법과 강제징용 판결 뒤의 한일 충돌을 검토하고 트럼프 재선을 지렛대로 삼는다,중국 기술탈취와 일본의 보복 가능성이 겹치고 트럼프도 관계만으로 마음대로 움직일 수 없다.,트럼프가 가장 원하는 재선 지지율을 회복시켜 주면 미국 기술보호 협약을 원하는 방향으로 끌 수 있다는 교환점이 드러난다.,"삼진과의 동맹 범위를 반도체 밖으로 넓히기로 하고, 트럼프를 직접 설득할 전략이 확정된다.",전략·관계,국내 기업 공조만 있던 상태에서 미국 대통령의 재선 욕망까지 기술보호 카드로 쓰는 국제전으로 확대된다.,팜벨트 지지율을 살릴 대가를 무엇으로 제시해 트럼프의 기술보호 협력을 얻을지가 열린다.,오용재와의 반도체 동맹 협상.,트럼프 재선 지원과 미국 주도 기술보호 협약의 맞교환.,DCA-N42,0.94
504,504,치열한 공방 (4),88182,88346,김민재가 익숙하지 않은 골프채를 들고 트럼프와 필드에서 단독 거래를 시작한다.,미국 농산물 구매로 팜벨트 표와 백악관의 기술·무역 지원을 사는 정치 거래.,미국산 옥수수·대두를 연 220억 달러 규모로 흡수해 트럼프의 재선 지지율을 올린다.,트럼프와 골프를 치며 미국산 옥수수·대두 연 220억 달러 흡수를 약속한다,막대한 구매비용이 들고 트럼프의 호의가 실제 정책 변화로 돌아온다는 보장은 없다.,트럼프는 백악관 관료보다 김민재를 더 믿는다며 조만간 진심을 보여 주겠다고 약속한다.,미국 농산물 연 220억 달러 구매안이 합의되고 트럼프의 공개적인 신뢰와 보답 약속을 얻는다.,외교관계·거래,김민재는 친분에 기대던 트럼프 관계를 채권·농산물이라는 상호 담보가 있는 정책 거래로 바꾼다.,트럼프가 말한 보답이 기술보호와 대중국 정책에서 어떤 형태로 나올지가 남는다.,팜벨트 지원 규모와 구매 방식 합의.,"백악관 기조 변화, 대량 구매를 감당할 곡물 생산·유통망 확보.",DCA-N42,0.94
505,505,치열한 공방 (5),88347,88514,CITI그룹 VIP실에서 다이먼과 데이비드가 연 200억 달러 농업투자의 개인 수익성을 걱정한다.,비테라 인수와 농업위성으로 식량전쟁의 생산·관측·유통망을 한꺼번에 선점하는 약속.,세계 곡창지대를 시간 단위로 읽고 곡물 매입을 소화할 독자 식량망을 만든다.,다이먼·데이비드와 비테라 인수 및 머스크 농업위성 활용안을 짠다,비테라 인수에는 큰 자금이 들고 전 세계 곡창지대를 한 시간마다 스캔할 위성망도 아직 없다.,머스크는 비용만 보장되면 다음 해 안에 시간 단위 농업 관측망을 만들 수 있다고 답한다.,다이먼·데이비드에게 비테라 인수를 맡기고 머스크에게 농업위성 구축 약속을 받는다.,자산·정보망,농산물 구매 약속이 개별 수입에서 곡물회사 소유와 전 지구 관측망 구축으로 확장된다.,식량 대란이 오기 전에 비테라 계약과 위성망을 실제로 완성할 시간이 흐르기 시작한다.,비테라 인수 추진과 농업위성의 기술·비용 가능성 확인.,"비테라 소유권, 위성 발사, 세계 곡물기업과의 힘겨루기.",DCA-N42,0.94
506,506,증거 확보 (1),88515,88679,미국에서 돌아온 김민재는 트럼프의 국방수권법·수출통제개혁법 서명을 한 부회장에게 보고받는다.,중국으로 기술을 빼돌린 탑테크를 물증과 명동 집행력으로 공개 본보기로 만드는 약속.,천민정이 모은 디스플레이 기술유출 자료와 관련자 명단을 이영한에게 넘겨 재산·자금줄을 끊는다.,천민정의 기술절도 증거로 탑테크와 중국 유출선을 이영한에게 넘긴다,탑테크 관련자는 불법자금을 숨겼고 합법적 기업인 태우가 직접 회수하면 수사·평판 위험이 생긴다.,경찰·검찰·국세청이 눈을 감아 줄 조건이 마련되자 이영한이 중간자금과 보유재산까지 토해 내게 할 수 있다고 한다.,천민정의 자료가 이영한에게 인계되고 수사기관 묵인 아래 명동 집행작전이 승인된다.,증거·집행권,기술유출 의심 명단이 명동과 국가기관이 함께 움직일 수 있는 처벌작전으로 전환된다.,악마의 미소를 지은 이영한이 탑테크 관련자들을 어떤 방식으로 무너뜨릴지가 걸린다.,탑테크·관련자 명단 확보와 이영한 투입 결정.,"불법자금 회수, 내부고발자 확보, 기술보호법 여론 반전.",DCA-N42,0.94
507,507,증거 확보 (2),88680,88865,탑테크 창립멤버 양진태가 삼진의 투자로 만든 생산관리 기술을 중국에 넘긴 전력이 드러난다.,탑테크 내부자를 돌려 세워 기술유출의 조직성과 피해규모를 당사자 입으로 증명하는 약속.,이영한이 양진태의 돈·약점을 눌러 내부고발 자료를 확보한다.,이영한이 탑테크 양진태를 압박해 내부고발자로 돌린다,양진태는 기술유출 공범이며 중국자금 통로도 비밀이라 자발적으로 입을 열 이유가 없다.,명동이 임원 약점과 중국 비밀자금 통로를 모두 장악해 탑테크 전체를 희생양으로 세울 수 있게 된다.,양진태가 내부고발 쪽으로 돌아서고 탑테크 임원 약점·자금통로가 확보된다.,증거·관계,공범이던 양진태가 조직을 증언할 내부자로 뒤집히고 탑테크가 국가적 본보기 대상으로 특정된다.,확보한 내부고발과 자금증거를 얼마나 크게 공개해야 기술보호법 반대 여론을 꺾을지가 남는다.,양진태 포섭과 중국자금 통로 차단.,"탑테크 공개처벌, 피해액 산정, 기술보호법 통과.",DCA-N42,0.94
508,508,증거 확보 (3),88866,89034,명동이 확보한 내부고발자와 증거를 앞에 두고 김민재가 공개 수위를 결정한다.,암호화폐 자금과 5조 원 피해를 국민 앞에 드러내 산업스파이 처벌법을 세우는 제도 보상.,탑테크 사건을 여론 반전의 본보기로 만들어 12월 7일 기술보호법을 통과시킨다.,암호화폐 자금흐름과 5조 원 피해를 공개해 12월 7일 기술보호법 통과를 밀어붙인다,대중 수출 의존 때문에 중국을 자극하면 경제가 무너진다는 반대 여론이 강하고 한국이 보복의 전면에 설 위험이 있다.,미국이 전면에 서고 일본·EU가 뒤를 받쳐 중국의 총알이 한국까지 닿지 않게 하는 국제 방어구조가 제시된다.,암호화폐 흐름과 5조 원 피해가 공개되고 기술보호법 통과 일정·국제 블랙리스트 운용 기반이 잡힌다.,법·국제공조,개별 기업의 기술유출 사건이 국가법과 미·일·EU 공동압박의 근거로 격상된다.,기술보호 다음 과제로 비테라 연내 계약과 식량 대란 대비가 전면에 올라온다.,탑테크 공개 본보기와 기술보호법 추진 명분 확보.,"법 시행, 중국의 반발 관리, 비테라 계약.",DCA-N42,0.94
509,509,증거 확보 (4),89035,89193,하버드라는 미국 최고 지성의 권위 뒤에 중국 연계 교수가 숨어 있는 정황이 포착된다.,미국 여론·유럽 공조·금융 공매도를 합쳐 중국 2인자 리강을 양보 협상장으로 부르는 약속.,하버드 교수의 중국 연계를 폭로하고 중국 부동산·지수에 하락 압력을 걸어 협상 명분을 만든다.,하버드 교수의 중국 연계를 터뜨리고 중국 부동산·지수 공매도와 미·일·EU 공조를 건다,여러 국가가 얽힌 공격이라 한국이 먼저 야합하면 모든 불똥이 한국으로 향할 수 있다.,미국도 납득할 증거와 명분이 있으면 중국의 일방 양보를 요구하는 협상이 가능하다는 판이 선다.,"하버드 폭로 카드와 미·일·EU 지원, 중국 공매도 압박이 결합되고 리강 면담 일정이 추진된다.",여론·금융압박,한국 단독의 기술보호 요구가 미국 권위기관 폭로와 다국가 금융압박을 동반한 협상력으로 바뀐다.,리강이 실제로 한국에 와서 어떤 양보를 내놓을지가 다음 승부다.,국제 압박 카드 구성과 리강 면담 추진.,"중국의 기술보호법 철회 요구, 중국행 기술자 블랙리스트 협상.",DCA-N42,0.94
510,510,증거 확보 (5),89194,89363,다급해진 리강이 베이징에서 강 대위 식당 별관까지 직접 찾아온다.,증거를 쥔 김민재가 중국의 철회 요구를 꺾고 기술유출자를 국제 노동시장에서 퇴출하는 보상.,리강에게 기술보호법을 유지시키고 중국으로 간 한국 기술자의 취업 블랙리스트를 받아낸다.,리강의 철회 요구를 증거로 꺾고 중국행 한국 기술자 블랙리스트를 준비한다,중국은 법 철회를 요구하고 국제 블랙리스트는 인력·외교 주권을 건드려 합의가 어렵다.,중국에서조차 버림받는 산업스파이를 만들면 이직·유출 자체를 막을 수 있다는 본보기 설계가 확정된다.,리강의 철회 압박을 증거로 물리치고 미국·일본·EU 취업까지 막는 블랙리스트 추진에 들어간다.,법·국제고용,중국이 법을 흔드는 위치에서 기술유출자를 함께 버려야 하는 수세로 이동한다.,김민재의 미국행 목적이 비테라 인수와 곡물 메이저 ABC 협상으로 구체화된다.,기술보호법 철회 저지와 산업스파이 국제퇴출 원칙.,"비테라 인수 계약, 카길·와이자타를 포함한 곡물 카르텔 분열.",DCA-N42,0.94
511,511,식량 카르텔 (1),89364,89522,미국에 도착한 김민재는 농업위성 성공을 확인한 뒤 카길·와이자타 등 곡물기업 대표들을 한자리에 모은다.,연 1천억 달러 구매력을 미끼로 곡물 메이저의 단일대오를 서로 물어뜯는 경쟁으로 바꾸는 약속.,농장 임차와 대량구매 조건을 제시해 태우에 가장 좋은 생산·유통 조건을 내는 기업을 고른다.,카길·와이자타 앞에서 연 1천억 달러 곡물 구매와 농장 임차를 제안한다,ABC 기업들은 시장을 나눠 가진 카르텔이며 태우가 한 곳과 손잡으면 나머지가 공급을 막을 수 있다.,1천억 달러는 세계 곡물기업 순위를 바꿀 금액이라 선택권을 넘겨받은 대표들이 숨긴 탐욕을 드러낸다.,연 1천억 달러 구매·농장 임차 제안이 공식 테이블에 오르고 카길과 와이자타 사이 경쟁이 점화된다.,협상관계·구매력,상대가 한 덩어리 카르텔인 상태에서 태우의 구매금을 두고 경쟁하는 개별 기업들로 갈라진다.,누가 가장 큰 농장·인프라 조건을 내고 태우의 식량망 파트너가 될지가 걸린다.,곡물 메이저 경쟁 유도.,농장 임차 조건 확정과 비테라를 포함한 태우 독자 곡물축 구축.,DCA-N42,0.94
512,512,식량 카르텔 (2),89523,89696,전체 매출의 절반에 가까운 1천억 달러를 놓고 곡물 메이저들이 서로 조건을 높인다.,비테라를 태우 소유 곡물회사로 바꾸고 세계 농업 인프라를 묶는 실물 보상.,비테라 인수를 마치고 농장·창고·항만 임차망을 태우상사의 새 축으로 세운다.,비테라를 태우 곡물회사로 바꾸고 세계 농업 인프라 임차망을 묶는다,기존 메이저가 거래를 방해할 수 있고 식량망만으로는 중국발 반도체 충격을 막을 수 없다.,곡물 영향력만큼 반도체도 세계 경제가 태우 없이 돌지 못할 수준으로 높여야 한다는 다음 독점 목표가 선다.,"비테라 인수와 태우 곡물회사 전환, 세계 농업 인프라 임차 조건이 확정된다.",소유·식량안보,외부 카르텔에 구매를 의존하던 상태에서 태우가 곡물회사와 생산·유통 거점을 직접 가진다.,태우반도체를 대체 불가능한 공급자로 만들 해외 팹·첨단칩 투자가 다음 과제로 열린다.,비테라 소유권과 곡물 메이저 협상.,해외 반도체 생산지도와 AI 시대의 첨단칩 주도권.,DCA-N42,0.94
513,513,식량 카르텔 (3),89697,89854,식량협상을 마친 김민재가 귀국 즉시 한 부회장·천민정·리사·웨이를 소집한다.,중국을 빠져나온 인재와 인도·베트남 공장을 묶어 레거시부터 HBM·GPU까지 생산 주도권을 얻는 약속.,해고된 기술자의 중국행을 막고 동남아 팹과 첨단칩 연구·생산을 배치한다.,중국에서 해고된 기술자를 막고 인도·베트남에 레거시 팹과 HBM·GPU 투자를 배치한다,차량·가전·군수용 구형칩과 AI용 첨단칩은 설비·인재·생산지가 달라 한꺼번에 투자하기 어렵다.,AI가 앞으로 20년의 성장동력이 되며 HBM·GPU를 태우가 독식하면 장기 우위가 가능하다는 방향이 정해진다.,"인도·베트남 레거시 팹과 HBM·GPU 투자안, 중국 해고기술자 차단 방침이 확정된다.",생산능력·인재,국내 생산 중심에서 동남아 레거시 팹과 AI 첨단칩을 함께 가진 다층 생산지도로 바뀐다.,공장에 넣을 ASML 장비를 중국 제재 물량까지 포함해 어떻게 선점할지가 남는다.,해외 팹 배치와 AI칩 장기투자 결정.,ASML EUV·DUV 공급권 확보.,DCA-N42,0.94
514,514,식량 카르텔 (4),89855,90022,해외 팹별 생산품 배분 회의가 두 시간째 이어지고 장비 부족이 공통 병목으로 떠오른다.,중국으로 갈 ASML 장비를 태우가 먼저 받아 반도체 대란 때 국가보다 큰 공급력을 갖는 약속.,ASML 증설과 장비 배분 조건을 협상해 해외 공장에 필요한 EUV 물량을 확보한다.,레거시 공장 물량을 배분한 뒤 ASML을 찾아 EUV 장비 선점 협상에 들어간다,ASML은 독점적 슈퍼 을이고 제한된 장비를 여러 고객에게 나눠야 해 태우 요구를 그대로 받을 이유가 없다.,중국 제재로 비는 장비를 가로채면 반도체 대란 때 태우 영향력이 국가 수준을 넘는다는 승부처가 명확해진다.,레거시 공장 물량 배분을 끝내고 피터슨과의 ASML 증설·공급권 협상에 들어간다.,설비·교섭력,추상적 해외 증설안이 공장별 생산품과 필요한 장비 수량을 정한 실행계획으로 좁혀진다.,피터슨이 증설비 지원을 대가로 기존·신규 EUV의 과반 공급을 내줄지가 걸린다.,해외 팹 생산품 배분.,ASML 증설비 부담과 EUV·DUV 공급비율 계약.,DCA-N42,0.94
515,515,식량 카르텔 (5),90023,90196,김민재가 네덜란드 ASML에서 매출 14조 원의 독점 장비사 피터슨과 마주 앉는다.,증설비를 대신 내고 기존·신규 EUV와 훗날 DUV까지 태우가 우선 배정받는 대형 계약 보상.,ASML의 생산능력을 키워 주는 대신 중국 제재로 빈 장비와 신규 물량 대부분을 확보한다.,ASML 증설비를 대고 기존 EUV 50퍼센트·신규 70퍼센트와 후일 DUV까지 약속받는다,ASML은 공급을 독점하고 있어 굳이 특정 고객에게 과반을 몰아줄 필요가 없다.,태우가 중국 시장을 잃을 구형 DUV의 새 판매처까지 약속하자 피터슨이 웃음을 감추지 못한다.,기존 EUV 50퍼센트·신규 EUV 70퍼센트와 향후 DUV 공급 약속을 받고 증설비 지원을 합의한다.,계약·설비,ASML 장비를 기다리는 구매자에서 증설비를 대고 첨단·구형 장비 배분을 좌우하는 우선고객으로 올라선다.,확보한 장비와 팹을 실제 통신·자율주행·한일 수출규제 대응에 어떻게 연결할지가 열린다.,ASML 장비 공급비율과 증설비 계약.,"해외 팹 건설, 일본 수출규제 전 소재·통신 기반 보강.",DCA-N42,0.94
516,516,동맹 형성 (1),90197,90378,김민재가 네덜란드에서 베트남으로 날아가 은퇴한 김태중의 현지 투자 상황을 살핀다.,당장 손해가 나도 28GHz·스타링크를 깔아 회귀 전의 끊기는 5G를 되풀이하지 않는 기반 보상.,김태중에게 베트남 저점투자를 맡기고 국내 28GHz 통신망·위성 보완망 구축을 강행한다.,베트남의 김태중에게 저점 투자를 맡기고 귀국해 손실을 감수한 28GHz·스타링크 구축을 명령한다,"28GHz는 수익성이 낮고 기지국 비용이 커 통신사가 반대하며, 김태중의 베트남 투자는 고령의 가족에게 위험을 남긴다.",김민재는 수익보다 회귀 전 실패를 반복하지 않는 것이 더 중요하다고 판단한다.,김태중의 베트남 투자 역할과 28GHz·스타링크 구축 명령이 확정된다.,인프라·가족역할,장비와 팹을 사 모은 준비가 손실을 감수한 전국 통신·자율주행 기반 투자로 이어진다.,"구축비 손실을 감수하면서도 5G를 지킬 수 있는지, 일본 충돌이 이 공급망을 얼마나 시험할지가 남는다.",28GHz 유지와 스타링크 보완 결정.,일본 초계기 충돌 이후 소재 비축·금융 역공.,DCA-N42,0.94
517,517,동맹 형성 (2),90379,90540,순방 뒤 밀린 업무를 보던 김민재에게 일본 초계기 갈등 긴급속보가 들어온다.,다가올 일본 수출규제를 소재 2~10배 비축과 관련주 공매도로 되받아치는 약속.,일본 의존 소재를 미리 사들이고 일본 기업 약점을 캐 규제 순간 금융·산업 양쪽에서 역공한다.,일본 초계기 갈등을 계기로 일본 소재를 2~10배 비축하고 관련주 공매도를 준비한다,태우는 합법적 정보수집만 할 수 있고 일본 정부·야쿠자 내부 정보는 공개경로로 잡기 어렵다.,명동의 해외 암흑망이면 야쿠자와 일본 내부정보를 태우보다 먼저 확보할 수 있다는 비대칭 수단이 생긴다.,일본산 소재의 비축 배수가 정해지고 관련주 공매도와 이영한 투입이 승인된다.,재고·정보망,"한일 갈등을 지켜보던 상태에서 실물 재고와 금융 숏, 명동 정보망을 갖춘 선제 대응으로 이동한다.","이영한이 일본 정계·야쿠자에서 어떤 약점을 가져올지, 실제 수출규제가 언제 발동할지가 걸린다.",소재 비축·공매도 방침.,명동의 일본 정보수집과 대체소재 동맹.,DCA-N43,0.94
518,518,동맹 형성 (3),90541,90722,김민재가 낮의 명동에서 이영한을 만나 해외 정보망과 방역업체 인수 진행을 점검한다.,명동·머스크·오용재를 묶어 코로나와 일본 제재를 동시에 버틸 민간 동맹을 만드는 약속.,마스크·음압병동 물량을 늘리고 통신·반도체 기업들이 일본 공격 때 서로 공급을 보장하게 한다.,이영한의 해외망으로 마스크·병동을 늘리고 머스크·오용재를 일본 제재 방어선에 묶는다,각 기업은 불필요한 투자라 여기면 태우의 손을 잡지 않을 수 있고 김민재도 일방적으로 구제할 생각이 없다.,지원은 동맹 참여를 선택한 기업에게만 돌아간다는 조건이 분명해져 협력과 탈락의 선이 그어진다.,"이영한의 해외망 증원과 방역물량 확대, 머스크·오용재를 포함한 방어선 제안이 실행된다.",동맹관계·방역자산,태우 단독 대비에서 명동·삼진·머스크가 조건부로 참여하는 민간 생존연합으로 확대된다.,"어느 기업이 손을 잡고, 일본 포토레지스트를 대체할 해외 업체가 응할지가 남는다.",방역물량 확대와 동맹 참여조건 제시.,"듀폰 현지화, 일본 대북밀수 증거 확보.",DCA-N43,0.94
519,519,동맹 형성 (4),90723,90882,일본 제재 가능성을 곱씹던 오용재가 빈 잔을 만지며 대체소재의 현실성을 묻는다.,듀폰 포토레지스트와 일본 대북밀수 증거를 동시에 확보해 소재·외교 양면에서 일본을 누르는 약속.,듀폰의 한국 생산을 타진하고 강 대위와 일본의 밀수 영상·자금흐름을 모은다.,듀폰 현지화를 타진하고 일본의 대북 밀수 영상·자금 증거를 강 대위와 모은다,일본 정부는 증거 하나로 고개를 숙이지 않고 듀폰도 아직 한국 공장에 투자할 이유가 약하다.,코로나까지 겹치면 일본 정부의 버티기 비용이 급증해 지금 모은 증거와 대체선이 결정타가 될 수 있다.,듀폰 현지화 협상창과 일본 대북밀수 영상·자금 증거가 함께 확보된다.,증거·대체공급망,일본 소재를 비축하는 수세에서 미국 대체업체와 외교 폭로카드를 가진 공세로 바뀐다.,"듀폰이 어떤 지분·투자 조건으로 한국 공장을 세울지, 일본이 실제 배신할 소재기업을 흡수할지가 열린다.",일본 밀수증거 수집과 듀폰 협상 착수.,"듀폰 계약, 일본 소재기업의 한국 이전.",DCA-N43,0.94
520,520,동맹 형성 (5),90883,91041,김민재가 천안 듀폰 한국지사에서 미국 경영진과 EUV 포토레지스트 생산조건을 협상한다.,2천만 달러와 지분 30퍼센트로 일본 밖의 EUV 소재공장을 한국에 세우는 실물 보상.,듀폰의 핵심 공정을 한국에 옮겨 일본 규제 때 즉시 쓸 포토레지스트를 확보한다.,듀폰에 2천만 달러와 지분 30퍼센트로 한국 EUV 포토레지스트 공장을 세운다,초기 투자와 지분을 내줘야 하고 일본 공급망이 유지되면 공장 수익성이 낮을 수 있다.,일본 정부가 자국 기업을 버리는 순간 한국이 손을 내밀면 소재기업까지 통째로 이전시킬 수 있다는 덫이 완성된다.,태우 2천만 달러 투자·듀폰 지분 30퍼센트 조건으로 한국 EUV 포토레지스트 공장이 확정된다.,공장·지분,대체소재가 협상 아이디어에서 한국 내 생산공장과 태우 지분이 있는 실물 자산으로 바뀐다.,일본 정책이 자국 소재기업을 배신할 때 듀폰 공장과 인수카드가 실제로 작동할지가 남는다.,듀폰 현지화 계약.,일본 수출규제 발동과 소재기업 한국 이전.,DCA-N43,0.94
521,521,폭풍 전야 (1),91042,91200,봄이 오고 코로나 폭풍이 가까워지자 김민재가 센트리언 연구진을 직접 찾는다.,당장 손실을 감수한 진단·백신·대형공장이 팬데믹 때 국민과 회사를 살리는 약속.,진단기술·백신 연구와 생산공장을 미리 늘려 발병 순간 물량을 쏟아낸다.,센트리언 진단·백신 연구와 대형 제약공장을 손실을 감수하고 확대한다,수요가 없는 동안 연구비와 공장 유지비가 손실로 남고 성공할 백신도 확정되지 않았다.,팬데믹 대비는 제약만이 아니라 취약한 한국 농업까지 태우가 키울 기회라는 확장 방향이 드러난다.,센트리언 연구·제약공장 증설이 승인되고 연구진에게 선행투자와 지원이 배정된다.,생산능력·방역,예측만 하던 감염병 대비가 진단·백신 연구와 대량생산 설비를 가진 선행 체계로 바뀐다.,"완성된 시설이 실제 코로나에 맞을지, 농업과 중국 보조금까지 어떻게 선점할지가 열린다.",센트리언 증설 결정.,"백신·진단 성과, 식량·농업 강화, 중국 보조금 역이용.",DCA-N43,0.94
522,522,폭풍 전야 (2),91201,91367,중국에서 줄인 사업 뒤에도 합작사와 고위층을 통해 보조금 정보가 계속 흘러온다.,감옥의 이 상무에게 가짜 기술을 쥐여 중국 돈을 빨아오게 하는 복수 겸 자금회수 보상.,이 상무의 욕심으로 중국 각지에 반도체 껍데기 공장을 만들고 정부 보조금을 소진시킨다.,수감된 이 상무에게 가짜·도난 반도체 기술을 건네 중국 보조금 사냥꾼으로 쓴다,이 상무는 김민재를 원망하고 감옥에 있어 직접 접촉하면 조작 흔적과 역공 위험이 생긴다.,진짜 생산에는 쓸모없는 기술도 중국 보조금 심사에는 그럴듯해 보이면 이 상무의 탐욕을 움직일 수 있다.,가짜·도난 기술 USB와 간접 전달경로가 설계되고 이 상무를 보조금 사냥꾼으로 쓰기로 한다.,복수·정보전,수감된 원수가 무력한 상태에서 중국 자금을 갉아먹는 대리도구로 재배치된다.,"이 상무가 미끼를 물고 몇 개의 가짜 팹을 만들지, 중국이 언제 속임수를 눈치챌지가 남는다.",이 상무 활용계획과 가짜 기술 준비.,"USB 전달, 가짜 팹 확산, 중국 보조금 고갈.",DCA-N43,0.94
523,523,폭풍 전야 (3),91368,91543,수감 중에도 죄를 인정하지 않는 이 상무가 몰락을 김민재 탓으로 돌린다.,USB 하나로 이 상무의 탐욕을 깨우고 마스크 200~400퍼센트 증산까지 겹쳐 두 폭풍을 선점하는 약속.,조 사장·박진훈을 통해 가짜기술을 전달하고 방역업체 생산량을 극단적으로 늘린다.,조 사장·박진훈을 거친 USB로 이 상무를 움직이고 마스크 생산을 200~400퍼센트 늘린다,"접촉 경로가 드러나면 배후가 노출되고, 수요 전 증산은 재고·현금 부담을 크게 만든다.",미중 협상 결렬·일본 규제·코로나가 태우에는 태풍이 아니라 이미 준비한 순풍이 될 순서가 확정된다.,USB가 이 상무에게 들어가고 마스크 생산 200~400퍼센트 확대 지시가 집행된다.,작전·재고,가짜기술과 방역업체 인수가 잠재 카드에서 실제 전달·증산 단계로 넘어간다.,미중 협상 결렬이 며칠 안에 터질 때 공매도와 가짜 팹이 얼마나 수익을 낼지가 걸린다.,USB 전달과 마스크 증산.,"미중 협상 결렬 수익, 일본 규제, 코로나 수요 폭발.",DCA-N43,0.94
524,524,폭풍 전야 (4),91544,91711,미중 협상 결렬 속보에 한 부회장이 큰 수익을 예상하며 김민재를 찾아온다.,관세·홍콩시위 하락을 금융수익으로 바꾸고 중국 가짜 팹에 보조금을 빨아들이는 이중 보상.,중국 지수와 관련 자산을 공매도하고 천민정의 반쪽 기술을 전국 가짜 공장에 퍼뜨린다.,미중 협상 결렬·관세·홍콩시위에 맞춰 공매도하고 중국 전역에 가짜 팹을 번식시킨다,시장 반등 위험과 중국의 기술검증이 있으며 가짜기술이 들키면 이 상무를 통한 역추적도 가능하다.,천민정이 실제 생산에는 해롭지만 외관상 그럴듯한 반쪽 기술을 계속 만들어 보조금 사기의 수명을 늘린다.,미중 협상 결렬 공매도 수익이 발생하고 중국 전역에서 가짜 팹 설립·보조금 수령이 늘어난다.,금융수익·산업교란,협상 결렬을 기다리던 포지션이 실제 수익과 중국 산업정책 누수로 전환된다.,"반쪽 기술이 언제 중국 반도체를 퇴보시키며, G20 뒤 일본과의 충돌이 어떻게 시작될지가 남는다.",협상 결렬 하락수익과 가짜 팹 확산.,"중국의 사기 인지, 일본 G20·수출규제 대응.",DCA-N43,0.94
525,525,폭풍 전야 (5),91712,91878,미국과 중국이 휴전 뒤 더 큰 제재를 주고받고 G20 일본 개최가 다가온다.,GSOMIA·대북밀수·차량용 칩을 묶어 일본의 제재를 외교·산업·금융에서 역전하는 약속.,일본이 소재를 끊는 순서를 예측하고 최재석 재선에도 도움이 될 공개 카드를 배치한다.,G20를 앞두고 GSOMIA·대북밀수·차량용칩을 일본 제재 대응 카드로 묶는다,미중 무역전쟁이 잠시 숨을 고르는 사이 일본은 G20 성공에 취해 있고 한국은 먼저 공격하기 어렵다.,아직 공개하지 않은 일본 대응카드와 최재석 재선용 선물이 있어 G20의 축제를 역공 무대로 바꿀 수 있다.,GSOMIA·대북밀수 증거·차량용 반도체를 일본 대응 순서에 넣는 전략이 확정된다.,전략·외교,미중전 대비 중심에서 일본의 소재공격을 대통령 재선과 국가외교까지 연결한 별도 전쟁계획으로 이동한다.,G20 이후 일본이 수출규제를 꺼낼 때 숨겨 둔 카드가 무엇인지가 직접 훅이 된다.,한일전 대응순서와 정치적 활용안.,"일본 수출규제 발동, 불화수소·포토레지스트 대체, 규제 철회.",DCA-N43,0.94
526,526,어리석은 전쟁 (1),91879,92060,김민재와 한 부회장은 일본 G20 잔치에 들러리를 서지 않고 한국에서 정상회의를 지켜본다.,트럼프 방한을 일본 수출규제 직전의 외교 방패와 공매도 개시신호로 쓰는 약속.,트럼프를 반도체도시로 불러 미국 선거 이해와 한국 반도체 생존을 한편으로 묶는다.,G20 직후 트럼프의 방한과 반도체도시 방문을 일본 공매도 개시 신호로 삼는다,일본은 G20 성공으로 자신감이 높고 아직 규제를 공식 발표하지 않아 먼저 공매도하면 역풍을 맞을 수 있다.,G20 뒤 트럼프의 기습 방한과 반도체도시 방문이 일본 공격을 되받을 정치·금융 신호로 확정된다.,트럼프 방한 일정과 일본 관련주 숏 개시조건이 정해진다.,외교·금융작전,일본의 다음 수를 기다리던 상태에서 미국 대통령 방문을 기점으로 즉시 반격할 전시태세로 바뀐다.,7월 1일 수출규제가 나오면 일본 정부를 제대로 밟겠다는 김민재의 기대가 전면에 남는다.,트럼프 방한을 반격 신호로 삼는 계획.,일본 3대 소재 규제 발표와 금융타워의 즉시 공매도.,DCA-N43,0.94
527,527,어리석은 전쟁 (2),92061,92243,트럼프의 기습 방한이 세계 언론에 미중 압박용 한미동맹 강화로 비친다.,미국 대통령의 재선 프로젝트를 태우가 대는 대신 일본이 한국을 버리지 못하게 하는 외교 보상.,반도체도시의 미국 기업 프로젝트로 트럼프 지지율과 한국 공급망을 동시에 지킨다.,트럼프 재선용 기업 프로젝트를 약속하면서 한국 반도체를 미국 선거 이해와 묶는다,트럼프가 재선 욕심을 좇더라도 일본과의 동맹을 이유로 한국 편을 끝까지 들지는 불확실하다.,태우 프로젝트가 트럼프 재선 가능성 자체를 높일 만큼 크며 미국도 한국 반도체 이해를 외면하기 어려워진다.,트럼프가 한국 경제협력과 반도체 프로젝트를 자신의 재선 성과로 받아들인다.,동맹관계·정치,개인 친분 수준의 방패가 미국 선거와 기업투자가 걸린 구조적 이해관계로 강화된다.,트럼프 재선이라는 역사 변화 가능성과 곧 발표될 일본 규제가 맞물린다.,트럼프 재선 프로젝트와 한미 반도체 이해 결속.,일본 규제 때 미국의 실제 태도와 프로젝트의 선거효과.,DCA-N43,0.94
528,528,어리석은 전쟁 (3),92244,92424,트럼프가 돌아간 뒤 한국 언론은 경제협력 희망을 쏟아 내고 일본은 3개 핵심소재 규제를 발표한다.,예상한 공격을 6개월 재고·국산기술·정부 규제완화라는 시간과 지원으로 바꾸는 약속.,비축분으로 생산을 지키고 최재석에게 신속한 인허가·연구지원을 얻어 국산화를 앞당긴다.,일본의 3개 소재 수출규제에 6개월 재고와 국산화 기술을 내보이고 정부 규제완화를 얻는다,핵심 기술을 너무 일찍 공개하면 일본이 대응할 시간을 벌고 소재공급 차질 우려가 시장을 흔든다.,준비한 카드의 공개시점을 숨기는 것 자체가 일본 손실을 키울 주도권임이 확인된다.,"3개 소재의 6개월치 재고와 국산화 기술, 정부 규제완화 지원이 확인된다.",재고·정책지원,일본의 일방 규제를 맞은 수입국에서 공개시점과 대체기술을 통제하는 준비된 방어자로 바뀐다.,김민재가 숨긴 기술카드를 언제 공개해 일본 피해를 최대화할지가 남는다.,초기 생산중단 위험 차단과 정부지원 확보.,"국산기술 발표시점, 듀폰·삼진·연구기관의 양산 속도.",DCA-N43,0.94
529,529,어리석은 전쟁 (4),92425,92586,긴급회의에서 말을 아낀 김민재를 최재석이 따로 불러 숨긴 대책을 묻는다.,기술을 가진 쪽이 발표를 늦춰 일본 업체 손실이 가장 커질 순간에 승리를 공개하는 약속.,듀폰·삼진·국내 연구기관의 양산을 가속하면서도 보유기술은 일본이 방심할 때까지 감춘다.,최재석에게 이미 확보한 기술을 숨겨 발표 시점을 조절하고 듀폰·삼진·연구기관을 가속한다,정부와 국민은 즉시 해답을 원하지만 조기 공개는 일본의 정책수정과 업체 구제를 돕는다.,듀폰이 한국 생산에 전력을 다하자 김민재는 추가 투자라는 대형 엔진까지 달아 줄 수 있게 된다.,최재석이 공개유예 전략을 받아들이고 듀폰·삼진·연구기관 가속지원이 결정된다.,정보주도권·생산,기술 보유 여부를 숨긴 방어에서 발표시점과 투자속도를 함께 통제하는 공세적 기다림으로 바뀐다.,듀폰 생산을 얼마나 당기고 일본 업체가 손실을 견디지 못하는 시점이 언제 올지가 걸린다.,정부의 공개유예 동의와 대체소재 가속.,"대북밀수 증거 폭로, 일본 소재업체의 부채 포획.",DCA-N43,0.94
530,530,어리석은 전쟁 (5),92587,92760,수출제한 일주일째 한 부회장이 손익이 엇갈린 표정으로 금융·산업 상황을 보고한다.,대북밀수 증거로 일본의 명분을 걷고 사채망으로 소재기업 자체를 한국에 가져오는 역공.,일본의 제재 근거를 공개적으로 무너뜨리고 부채가 약한 소재업체를 이전계약으로 묶는다.,대북밀수 증거를 공개하고 이영한이 일본 소재기업을 부채·이전 계약으로 포획한다,일본 정부는 체면 때문에 증거를 부정하고 소재업체는 국가와 거래처를 버리는 이전을 쉽게 택하지 않는다.,태우의 10년 연구·인력으로 국산화가 가능하다는 판단이 서며 공개 반격과 기업포획을 병행할 수 있다.,대북밀수 영상·자금증거가 공개되고 이영한의 채무압박 대상 업체가 특정된다.,외교명분·기업포획,소재를 수입하는 한국이 일본의 제재명분과 공급기업 재무를 동시에 공격하는 쪽으로 뒤집힌다.,12나인 불화수소 양산을 언제 공개해 일본의 핵심 병목을 끝낼지가 다음 봉우리다.,대북밀수 폭로와 포획작전 착수.,"불화수소 양산 공개, 일본 규제 철회, 소재기업 이전.",DCA-N43,0.94
531,531,철통 방어 (1),92761,92938,일본이 대북제재 위반 주장을 거두고 미국을 비롯한 국제사회도 한국 편에 서기 시작한다.,12나인 불화수소 양산을 국민과 시장 앞에 공개해 일본 독점의 첫 고리를 끊는 보상.,기자회견에서 국산 불화수소의 순도·생산량·공급계획을 증명한다.,미국 지지를 확인한 뒤 12나인 불화수소 양산을 기자회견으로 발표한다,양산 발표만으로 삼진과 국내 전체 수요를 즉시 채울 수 있는지는 아직 검증받아야 한다.,발표는 시작일 뿐이며 질의응답에서 공급범위와 추가 카드까지 공개할 여지가 남아 있다.,12나인 불화수소 양산 성공이 기자회견으로 공인되고 일본 독점의 기술우위가 깨진다.,기술·공개지위,비공개 국산화 기술이 정부·언론·기업이 확인한 국가 공급대안으로 격상된다.,질의응답에서 태우가 현재 수요의 몇 퍼센트를 책임지고 언제 전량 대체할지가 남는다.,12나인 양산 성공의 공개 검증.,"삼진 공급량, 전량 대체 일정, 일본의 규제철회 반응.",DCA-N43,0.94
532,532,철통 방어 (2),92939,93115,불화수소 발표 기자회견이 질의응답의 하이라이트로 들어간다.,현재 70퍼센트 공급과 6개월 내 전량 대체를 못 박아 일본 철회와 숏 수익을 함께 받는 보상.,태우의 공급능력을 공개해 생산불안과 일본의 협상력을 동시에 없앤다.,불화수소 공급을 70퍼센트에서 100퍼센트로 끌어올리고 일본의 규제 철회를 받아낸다,일본이 규제를 일부만 풀거나 다른 두 소재로 전선을 옮기면 승리가 불완전하다.,일본은 불화수소 규제를 먼저 철회하지만 자신들에게 남은 변수를 모르고 여전히 낙관한다.,국내 수요 70퍼센트 공급·6개월 내 100퍼센트 계획이 발표되고 일본의 첫 규제철회와 공매도 이익을 얻는다.,공급지위·금융수익,규제로 생산이 멈출 수 있던 한국이 불화수소 전량 자립을 예고하고 일본의 첫 후퇴를 받아낸다.,포토레지스트·폴리이미드가 아직 막힌 가운데 일본 소재기업을 직접 빼올 변수가 기다린다.,불화수소 규제전 승리와 숏 수익.,"나머지 소재 자립, 일본 기업 이전, 추가 규제철회.",DCA-N43,0.94
533,533,철통 방어 (3),93116,93279,오용재가 새만금 불화수소 공장을 직접 찾아와 삼진 공급 안정성을 확인한다.,첫 규제철회에 멈추지 않고 오사카 라이킨공업의 부채를 눌러 공장·기술·지분까지 가져오는 약속.,아키토를 이영한·나무라의 사채압박에 몰아 한국 이전계약을 받는다.,오용재에게 공장을 보여 준 뒤 오사카 라이킨공업 아키토를 채무로 압박한다,아키토는 일본 정부와 거래관계에 묶여 있고 회사보다 자신의 체면과 지배권을 지키려 버틴다.,한국과 일본에서 가장 잔인한 두 사채꾼이 돈 회수보다 정신을 무너뜨리는 데 집중한다.,오용재가 불화수소 공급을 확인하고 라이킨공업의 채무망·압박방식이 완성된다.,공급관계·채권지배,국산화 확인 뒤 승부가 수입대체에서 일본 핵심기업의 소유·이전으로 한 단계 확대된다.,"아키토가 한국공장과 지분을 내놓을지, 같은 방식이 다른 업체에도 통할지가 걸린다.",삼진 공급 확인과 라이킨 압박망 구축.,"아키토 계약, 네 개 소재기업 추가 확보.",DCA-N43,0.94
534,534,철통 방어 (4),93280,93453,SDI증권 마츠이가 마련한 자리에서 지친 아키토가 이영한과 김민재 앞에 앉는다.,아키토의 공장·지분과 일본 소재업체 네 곳을 사우디 위장자금까지 써서 장기 소유하는 보상.,채무 만기를 지렛대로 한국 이전과 지분양도를 받고 포획 대상을 넓힌다.,아키토의 한국공장·지분 양도를 받고 같은 방식으로 일본 소재기업 네 곳을 확보한다,노골적인 태우 자금은 일본 정부의 방어를 부르므로 투자주체를 감추고 계약상 선택지를 제한해야 한다.,사우디 자금까지 섞으면 일본이 태우의 포획을 알아채기 전에 입맛에 맞는 계약을 만들 수 있다.,아키토의 한국공장·지분 양도와 추가 네 업체 포획안이 합의된다.,소유·공급망,일본 업체를 압박만 하던 상태에서 한국 생산거점과 지분을 실제로 지배하는 상태로 바뀐다.,포획한 업체를 숨긴 채 일본의 선박·금융 확전에 어떻게 활용할지가 남는다.,아키토 이전·지분 계약.,추가 네 업체 계약과 일본 정부의 확전 대응.,DCA-N43,0.94
535,535,철통 방어 (5),93454,93619,명동이 일본 소재기업들의 한국 진출과 일본 정부의 다음 움직임을 함께 보고한다.,듀폰 성공과 GSOMIA를 지렛대로 일본이 넓힌 선박·금융전을 오히려 더 큰 인수시장으로 만드는 약속.,소재 방어를 굳힌 뒤 일본의 선박·금융 제재를 태우상사·금융타워의 수익기회로 전환한다.,듀폰 포토레지스트 성공과 GSOMIA를 묶어 일본의 선박·금융 확전 제안을 역이용한다,일본이 금융을 조이면 한국 기업 유동성과 국가시장까지 흔들려 방어비용이 커진다.,일본이 모르는 사이 금융제재를 가장 반길 금융타워가 이미 한국에 존재한다.,듀폰 포토레지스트 성과와 소재기업 이전 상황이 확인되고 금융전 대응이 승인된다.,산업·금융전환,소재전에서 밀린 일본이 전장을 넓히지만 그 새 전장이 금융타워의 강점으로 넘어온다.,일본 금융공격이 시작될 때 100조 대출·통화스와프·태우상사 매입이 어떻게 작동할지가 열린다.,소재 대체선과 이전기업 확보 확인.,"일본 금융공격, 한국 유동성 방어, 일본자산 저점매수.",DCA-N43,0.94
536,536,블랙홀 (1),93620,93775,강 대위 사무실에 금융타워 한 부회장과 명동 이영한이 함께 앉아 일본 금융공격을 기다린다.,100조 원 대출과 미국 통화스와프로 한국을 지키면서 일본발 폭락자산을 흡수하는 보상.,그룹·국가 유동성을 공급하고 태우상사의 단기적자를 감수해 공격이 끝난 뒤 흑자로 뒤집는다.,일본 금융공격에 100조 원 대출과 미국 통화스와프로 철통 방어한다,대규모 대출은 현금과 신용을 묶고 태우상사 손실이 오래가면 그룹 재무도 흔들린다.,숨겨 둔 자산을 쓰지 않아도 계획대로면 태우상사의 누적 적자를 한 번에 지울 수 있다는 수익경로가 선다.,"100조 원 유동성 공급과 미국 통화스와프 방어선, 태우상사 매입계획이 가동된다.",유동성·국가방어,일본 금융제재에 노출된 시장이 금융타워·명동·미국 달러망을 가진 방어체제로 바뀐다.,실물·금융 방어 뒤 후쿠시마 오염수를 국제 의제로 키워 일본 비용을 더 늘릴지가 열린다.,한국 유동성 방어계획 실행.,태우상사 흑자전환과 오염수 국제공세.,DCA-N43,0.94
537,537,블랙홀 (2),93776,93953,한일 무역분쟁이 깊어지는 가운데 G20 뒤 짧은 미중 휴전도 끝난다.,후쿠시마 오염수를 국제 블랙홀로 키워 일본 경제 전체의 버티기 비용을 폭증시키는 약속.,로만의 러시아·국제 영향력을 이용해 오염수 안전성과 책임문제를 세계 의제로 만든다.,러시아 로만을 통해 후쿠시마 오염수 문제를 국제 의제로 키운다,원전 자료는 일본이 통제하고 러시아의 개입은 정치공세로 치부될 수 있다.,오염수는 한 번 국제 의제가 되면 일본이 돈으로도 쉽게 빠져나오기 어려운 장기비용이라는 약점이 확인된다.,로만과의 공조가 성립하고 러시아발 오염수 문제 제기가 준비된다.,외교압박·평판,양국 소재·금융전이 일본 원전의 장기 국제책임을 묻는 다자전으로 확대된다.,중국까지 오염수 연대에 붙일 수 있는지와 일본이 받을 경제충격이 다음 문제다.,러시아 공조 확보.,"리강의 중국 공조, 국제조사·환경압박.",DCA-N43,0.94
538,538,블랙홀 (3),93954,94124,러시아 일정을 마친 김민재가 중국에서 리강에게도 오염수 대응을 제안한다.,중국의 오염수 공조와 우한 의료진 파견을 맞바꿔 일본 압박과 신종병 조기감시를 동시에 얻는 약속.,리강을 한중러 환경전선에 넣고 태우병원 의료진이 우한 현장자료에 접근하게 한다.,중국에서 리강의 공조와 우한 의료진 파견 근거를 얻고 한국의 일본 금융지원도 설계한다,중국은 자국 체면과 정보통제를 우선하고 의료진 파견이 향후 감염병 위험으로 돌아올 수 있다.,최재석이 일본 정부 덕분에 억눌렀던 공격성을 국민 앞에서 표출할 정치적 여지가 커진다.,리강의 오염수 공조와 우한 태우병원 의료진 파견 근거가 확보된다.,외교관계·조기정보,일본 압박동맹을 얻는 동시에 한국이 중국 현장 감염자료를 남보다 먼저 볼 통로가 열린다.,우한 현장에서 어떤 신종 감염정보가 들어오고 최재석이 얼마나 강하게 일본을 압박할지가 남는다.,중국의 오염수 연대와 의료진 파견.,"우한 조기경보, 일본 금융지원·공세의 결산.",DCA-N43,0.94
539,539,블랙홀 (4),94125,94313,환경부 장관이 일주일 만에 한중러 오염수 대응을 공식 기자회견으로 올린다.,일본 압박을 굳히면서 러시아 전쟁·중국 가짜 팹 붕괴 때 살 자산용 현금을 쌓는 약속.,달러와 현금을 비축해 다음 세계 충격에서 기업·자원을 저점매수한다.,한·중·러 오염수 공세를 굳히고 러시아 전쟁·중국 가짜 팹에 대비해 달러와 현금을 쌓는다,현금을 오래 쌓으면 현재 수익을 포기해야 하고 가짜 팹 사기는 중국 당국이 잡아낼 수 있다.,이 상무의 선례가 다른 사기꾼들을 끌어들여 중국 반도체 굴기의 기반을 갉는 생쥐떼가 됐다.,"한중러 오염수 공동공세가 공개되고 금융타워의 달러·현금 비축, 가짜 팹 확산이 확인된다.",현금·국제공세,일본전 수익을 현재 소비하지 않고 러시아·중국의 미래 붕괴자산을 살 대기자금으로 전환한다.,가짜 팹이 중국 산업을 얼마나 무너뜨릴지와 우한 의료진의 이상보고가 기다린다.,오염수 국제공세 공식화와 현금 비축.,"중국 가짜 팹 붕괴, 우한 신종병, 미래기술 투자.",DCA-N43,0.94
540,540,블랙홀 (5),94314,94486,한중일 외교장관 회의가 성과 없이 끝나지만 일본의 강경발언은 눌린다.,소재 국산화 승리를 HBM·양자·AI의 무제한 투자재원으로 넘기고 다음 시대 주도권을 사는 약속.,김정권의 소재 성과를 띄우고 코로나 때 벌 돈을 미래기술 연구에 선투입한다.,대화그룹 김정권의 소재 국산화를 띄우고 HBM·양자·AI에 무제한 투자를 돌린다,양자·AI는 실패 가능성이 높고 무제한 투자는 성과 없이 자금만 소진할 수 있다.,다가올 코로나가 전 세계 돈을 태우·금융타워로 빨아들일 블랙홀이어서 위험투자를 감당할 수 있다.,대화그룹의 소재 국산화 공로가 인정되고 HBM·양자·AI 무제한 투자방침이 확정된다.,기술투자·산업위상,일본 소재전의 방어자가 팬데믹 수익을 예상해 차세대 기술을 선점하는 투자자로 전환된다.,우한에서 들어올 신종병 정보가 계획한 코로나 수확의 실제 출발점이 될지가 걸린다.,소재전의 큰 방어선과 미래기술 투자결정.,우한 신종 코로나 탐지와 진단·백신 개발.,DCA-N43,0.94
541,541,폭풍의 서막 (1),94487,94679,우한 태우병원 의료진이 한 달째 현지 진료를 하며 평소와 다른 감염 양상을 발견한다.,중국 발표 전 병원데이터로 신종 코로나를 잡아 세계 최초의 진단·백신 대응시간을 얻는 약속.,이동수의 현장정보를 센트리언·AI센터에 보내 바이러스 분석과 제품개발을 즉시 시작한다.,태우병원 이동수 의료진이 우한에서 신종 코로나를 탐지하고 센트리언이 백신·진단 개발에 착수한다,중국은 정보를 은폐하고 병원 의료진도 정체를 모르는 감염에 직접 노출된다.,공식발표를 기다릴 필요 없이 태우병원 자체 데이터만으로 세계 주도권을 잡을 시간이 확보된다.,이동수의 이상감염 보고가 센트리언에 전달되고 진단키트·백신 개발팀이 가동된다.,조기정보·연구시간,막연히 예견한 코로나가 우한 환자·검체가 있는 실제 연구과제로 전환된다.,중국보다 먼저 제품을 만들면서 현지 의료진을 안전하게 귀국시킬 수 있는지가 걸린다.,신종 코로나 조기탐지와 연구 착수.,"진단키트 성공, 의료진 격리·귀국, 중국 공식발표 전 대응.",DCA-N44,0.94
542,542,폭풍의 서막 (2),94680,94849,김장우가 센트리언으로 돌아와 우한 의료진·AI센터 자료로 진단키트와 백신을 개발한다.,우한 격리와 그룹 원격근무를 먼저 깔아 직원 생존과 정부 방역신뢰를 함께 지키는 약속.,태우병원 격리절차와 전 계열사 원격근무·메타버스 업무체계를 가동한다.,우한 병원 격리 절차와 원격근무·메타버스 체계를 그룹 전체에 깐다,"조기조치는 과잉대응 비판과 생산성 저하를 부르고, 현지 의료진 귀국도 감염확산 위험을 안는다.",태우병원이 중심을 잡으면 감염병 대응성과가 최재석 재선의 결정적 선물이 될 수 있다.,병원 격리동선과 그룹 원격근무·메타버스 체계가 선제 시행된다.,조직운영·정치신뢰,현장 의료정보가 연구실뿐 아니라 전 직원의 근무·방역방식과 대통령 재선전략까지 바꾼다.,귀국 의료진에게 감염자가 있는지와 진단키트가 실제 검역에 투입될지가 남는다.,그룹 선제방역체계 구축.,"귀국자 격리결과, 국가 검역도입, 최재석 방역평가.",DCA-N44,0.94
543,543,폭풍의 서막 (3),94850,95015,우한 의료진이 귀국해 세 별장에 나뉘어 격리되고 생활지원까지 받는다.,감염·시장붕괴·이동중단 세 충격을 공매도·마스크·무인택시로 모두 선점하는 약속.,"의료진을 안전격리하고 금융 숏, 마스크 원료, 자율주행 공급능력을 최대치로 끌어올린다.",귀국 의료진을 격리하고 금융타워 공매도·마스크 원료·무인택시를 최대로 늘린다,모든 투자가 코로나가 오기 전에는 손실·과잉재고로 보이고 막대한 현금이 묶인다.,마스크부터 자율주행까지 지금 쓴 돈이 코로나 시대에는 수백 배로 돌아올 것이라는 확신이 유지된다.,"의료진 격리와 공매도 확대, 마스크 원료·무인택시 최대증산이 실행된다.",방역·재고·금융포지션,우한 정보에 대응하는 연구단계에서 사회봉쇄 전체를 먹고 버틸 다층 자산배치로 확대된다.,진단키트가 완성돼 한국 검역에 들어갈지와 과잉투자가 실제 수요로 바뀔지가 걸린다.,귀국 의료진 격리와 전면 대비 실행.,"자가진단키트 성공, 국가 검역, 시장폭락 수익.",DCA-N44,0.94
544,544,폭풍의 서막 (4),95016,95182,격리를 마친 이동수가 병원 대신 센트리언으로 출근해 진단키트 연구결과를 확인한다.,자가진단키트를 국가 검역에 투입해 한국이 감염자를 가장 먼저 찾는 방역 주도권을 얻는 보상.,최재석에게 성공을 보고하고 공항·병원에 키트를 즉시 배치한다.,센트리언 자가진단키트 성공을 최재석에게 알리고 국가 검역에 투입한다,정식 명칭도 없는 바이러스 제품을 정부가 채택하려면 정확도·책임과 국제비판을 감수해야 한다.,세계가 한국만 바라보게 하려면 태우와 정부가 한 몸처럼 움직여야 한다는 정치·방역 조건이 선다.,센트리언 자가진단키트 성공이 최재석에게 보고되고 국가 검역 투입이 승인된다.,진단기술·정부협력,민간 연구성과가 한국의 공식 조기검역 도구이자 정부 신뢰자산으로 격상된다.,중국이 검역완화를 요구할 때 최재석이 경제압박보다 방역을 지킬지가 열린다.,자가진단키트 개발과 국가채택.,"첫 환자 탐지, 중국의 완화압박, 세계 주문.",DCA-N44,0.94
545,545,폭풍의 서막 (5),95183,95364,2019년 말이 가까워지며 비공식 코로나 정보가 AI센터로 모이고 한중일 정상회의가 열린다.,중국의 경제압박 앞에서도 검역선을 지켜 국민 생존을 우선하는 대통령 보상.,리강천의 검역완화 요구를 최재석이 거부하게 하고 태우 방역체계를 국가 원칙으로 고정한다.,중국의 은폐 속 한중일 정상회의에서 리강천의 검역 완화 요구를 최재석이 거부한다,중국은 수출·관광·외교를 지렛대로 한국 대통령을 굴욕적인 자리까지 몰아붙인다.,최재석이 표정 하나 바꾸지 않고 자리를 지키며 태우그룹과 한국 방역능력을 믿는 관계가 확인된다.,중국의 검역완화 요구가 거절되고 한국의 선제검역 원칙이 유지된다.,국가정책·신뢰,경제보복을 우려해 흔들릴 수 있던 정부가 태우 기술을 믿고 생존우선 노선을 공식 고수한다.,중국 공식발표 순간 한국 키트가 첫 환자를 잡아 이 선택을 증명할지가 남는다.,검역완화 저지와 정부 신뢰 확인.,"공식발표, 한국 첫 환자 탐지, 마스크 가격통제.",DCA-N44,0.94
546,546,시대의 전환점 (1),95365,95529,2019년 마지막 날 중국이 코로나를 공식 보도하며 기다리던 위기가 현실이 된다.,수년간의 회귀 준비가 한국의 세계 최초 확진 탐지와 국가 가격통제로 결산되는 보상.,자가진단키트로 첫 감염자를 잡고 마스크 투기를 막아 방역 주도권을 지킨다.,12월 31일 공식 보도와 동시에 한국이 키트로 첫 환자를 잡고 마스크 가격통제에 들어간다,초기 환자를 놓치면 선행투자 전체가 의심받고 마스크 수요 폭증은 민간 유통망을 왜곡한다.,"최재석은 김민재에게 고개를 숙여 감사를 표하고, 김민재는 이제 백신·치료제라는 마지막 농사를 남긴다.",한국이 키트로 첫 환자를 탐지하고 마스크 가격통제를 시작해 회귀 준비의 공공성과를 증명한다.,국가방역·명예,비공식 경고와 민간 준비가 대통령이 감사하는 국가 조기경보·실제 환자 탐지로 바뀐다.,세계 최초 백신·치료제를 만들 마지막 단계와 내부 마스크 유출 위험이 남는다.,첫 환자 탐지와 초기 가격통제.,"백신·치료제 개발, 마스크 유출·세계 주문.",DCA-N44,0.94
547,547,시대의 전환점 (2),95530,95717,2020년 1월에도 세계는 코로나를 대수롭지 않게 여기지만 중국 주문은 급증한다.,내부자가 빼돌린 마스크 100만 장을 현장에서 잡아 방역물량과 원칙을 함께 지키는 약속.,강 대위가 민동규의 유출선을 적발해 재고를 회수하고 공범을 추적한다.,중국 주문 폭증 속 민동규의 마스크 100만 장 빼돌리기를 강 대위가 적발한다,쌓인 재고를 걱정하던 내부자는 중국 보따리상의 웃돈 앞에서 회사보다 사익을 택한다.,웃돈을 주며 사 가는 현장을 본 강 대위는 과잉비축이 헛된 일이 아니었다는 확신을 얻는다.,마스크 100만 장 빼돌리기가 적발되고 유출물량·관련자가 확보된다.,내부통제·재고,과잉재고로 보이던 마스크가 내부배신까지 부를 전략자산이자 실제 수요품으로 바뀐다.,민동규와 유통선을 누가 처벌하고 센트리언 키트가 중국 승인까지 받을지가 남는다.,마스크 유출 현장 적발.,"이영한의 처벌, 중국 수출승인, 재고의 세계공급.",DCA-N44,0.94
548,548,시대의 전환점 (3),95718,95886,강 대위 식당 별관에서 이영한과 강 대위가 전쟁 전처럼 유출자 처분을 기다린다.,도난물량을 회수하면서 센트리언 진단키트를 중국 현장에 먼저 넣는 집행·외교 이중 보상.,이영한에게 유출선을 정리시키고 리강을 통해 중국 승인·수출을 성사시킨다.,이영한이 유출선을 처벌하고 센트리언 키트의 중국 승인·수출을 성사시킨다,사적 처벌은 법적 위험이 있고 중국은 자국 기술체면 때문에 한국 키트를 쉽게 승인하지 않는다.,회귀 전보다 단 6개월 빠른 진입이 센트리언·태우·한국의 세계표준 지위를 만들 차이로 드러난다.,유출선 처벌·물량회수가 이뤄지고 센트리언 키트의 중국 승인과 첫 수출길이 열린다.,집행권·수출지위,내부 도난위기를 정리한 뒤 한국 진단제품이 발원지 중국의 공식 현장제품으로 진입한다.,중국 첫 사망과 미국 첫 감염자가 발생할 때 세계 주문이 얼마나 폭증할지가 열린다.,마스크 유출선 정리와 중국 키트 승인.,"미국 대량주문, 중국 추가요구, 생산능력 확대.",DCA-N44,0.94
549,549,시대의 전환점 (4),95887,96065,1월 열흘째 중국 첫 사망자 등 심각한 정보가 한 부회장 보고에 포함된다.,미국의 3억 개와 추가 6억 개 주문으로 세계 유일 조기진단 공급자의 지위·매출을 받는 보상.,헨더슨 미국대사에게 키트·마스크 공급량과 납기를 확정해 미국 교두보를 세운다.,중국 첫 사망 뒤 헨더슨 미국대사가 3억 개 키트와 추가 6억 개·마스크를 주문한다,수억 개 주문은 현재 생산능력을 넘어설 수 있고 미국에 몰아주면 중국·한국 물량이 부족해진다.,미국 첫 감염자가 발생하자 정부가 공격적으로 움직여 한국 키트를 선택하고 중국도 따라올 수밖에 없어진다.,미국 3억 개 선주문과 추가 6억 개·마스크 주문이 들어와 센트리언의 세계 공급자 지위가 확정된다.,매출·외교지위,중국에 막 진입한 진단키트가 미국 국가수요까지 책임지는 세계적 표준상품으로 급상승한다.,미국을 본 중국이 기술·IP까지 요구할 때 핵심을 지키며 판매만 할 수 있을지가 남는다.,미국 진단키트 교두보와 초대형 주문.,"중국의 기술이전 요구, 일본 의료지원 거래, 생산증설.",DCA-N44,0.94
550,550,시대의 전환점 (5),96066,96235,미국 주문 다음 날 리강이 직접 한국을 찾아 진단기술과 지식재산권을 요구한다.,중국에는 물건을 팔되 핵심기술은 지키고 키트·마스크·백신을 일본 항복카드로 키우는 약속.,리강의 기술이전 요구를 거절하면서 완제품 공급조건만 열어 둔다.,리강의 기술·IP 요구를 거절하고 키트·마스크·백신을 일본 항복 카드로 묶는다,중국은 발원지의 대규모 수요와 외교압박을 동시에 쥐고 있고 거절하면 시장을 닫을 수 있다.,미국·중국·일본 모두 자신들이 주도권을 쥐었다고 착각하지만 실제 의료물량과 기술은 한국이 통제한다.,중국에 완제품을 판매하되 기술·IP는 넘기지 않는 선이 지켜진다.,기술주권·외교주도권,수요국의 압박에 끌려갈 수 있던 한국이 세 강대국의 방역물량을 배분하는 공급자로 올라선다.,일본이 감염자를 방치할 때 키트·마스크·백신이 어떤 구조·항복 거래로 쓰일지가 열린다.,중국 기술이전 거부와 완제품 판매원칙.,"WHO 비상사태, 다이아 프린스 승객 구조, 세계 백신 경쟁.",DCA-N44,0.94
551,551,상황 역전 (1),96236,96405,춘절 전날 중국이 우한을 봉쇄하지만 WHO와 일본은 올림픽을 의식해 대응을 늦춘다.,월 10억 장 마스크와 KF94 미국인정으로 일본을 뺀 세계 방역 공급망을 장악하는 약속.,중국·미국 주문을 감당할 생산량과 인증을 확보하면서 일본의 방치가 드러나기를 기다린다.,우한 봉쇄 뒤 월 10억 장 마스크와 KF94 미국 인정을 확보한다,WHO의 지연과 일본 정부의 올림픽 집착이 감염확산을 키우고 공급량은 이미 한계에 가깝다.,다이키요는 비판에도 기존 기조를 유지해 일본이 스스로 구조 필요성을 키우는 선택을 한다.,월 10억 장 생산체계와 KF94의 미국 인정이 확보돼 대규모 수출이 가능해진다.,생산지위·국제인증,한국산 방역물자가 국내 비축품에서 미국이 인정한 세계 공급품으로 격상된다.,"일본의 방치가 다이아 프린스 승객 구조요청으로 돌아올지, 트럼프가 방역정책을 바꿀지가 남는다.",마스크 증산과 미국 규격 인정.,"일본 크루즈 위기, 미국 중국입국금지, 백신 전 세계 배분.",DCA-N44,0.94
552,552,상황 역전 (2),96406,96580,춘절 대이동으로 감염이 세계에 퍼지는데 트럼프는 여전히 바이러스를 가볍게 여긴다.,생존정책을 거부하는 현직 대통령을 설득하거나 차기 경주마로 교체하는 정치 약속.,트럼프에게 중국 입국금지와 백신지원 필요성을 납득시키고 재선지원 여부를 결정한다.,트럼프가 바이러스를 경시하자 중국 입국금지와 재선 지원을 논의하며 다른 경주마를 검토한다,텍사스의 백신 회의론자 표 때문에 트럼프는 과학적 방역보다 선거를 먼저 볼 유인이 크다.,다음 달 회동에서도 기조를 바꾸지 않으면 김민재가 경주마를 갈아탈 수 있다는 선택지가 현실화된다.,트럼프의 태도변화를 최종 확인할 시한과 대체후보 검토가 정해진다.,정치동맹·생존정책,무조건 트럼프 재선을 돕던 관계가 방역정책을 조건으로 후원을 철회할 수 있는 거래관계로 바뀐다.,트럼프가 한 달 안에 입장을 바꿀지와 새로운 경주마가 누구일지가 열린다.,트럼프 재선지원의 조건 설정.,"바이든 접촉, 백신 의무화 약속, 미국 입국통제.",DCA-N44,0.94
553,553,상황 역전 (3),96581,96746,1월 30일 WHO 비상사태 선언 뒤 다이아 프린스의 한국인 승객들이 일본 선내에 갇힌다.,일본이 방치한 약 300명을 선박·음압텐트·진단팀으로 데려와 국가 차이를 보여 주는 구조 약속.,최재석의 승인을 받아 태우상사 선박 세 척과 의료진을 요코하마에 투입한다.,WHO 비상사태 선언에 다이아 프린스 승객 구조용 선박·음압텐트·검사를 준비한다,감염선 접근은 의료진·선원의 집단감염 위험이 있고 일본 정부의 입항·이송 협조도 불확실하다.,최재석이 즉시 전권을 주면서 민간 준비가 국가 구조작전으로 올라선다.,자국민 수송 승인과 선박·음압텐트·검사팀의 출항준비가 완료된다.,국가구조·방역행동,갇힌 승객을 지켜보던 상태에서 대통령 승인 아래 한국이 직접 구조하는 상태로 전환된다.,다이아 프린스에 접근한 선박이 감염 없이 승객 300명을 데려올 수 있을지가 걸린다.,구조작전 승인과 출항준비.,"요코하마 접안·승객 이송·격리, 일본 정부의 반응.",DCA-N44,0.94
554,554,상황 역전 (4),96747,96944,고가 여행을 온 가족승객들이 다이아 프린스 객실에 갇혀 감염공포를 견딘다.,구조선을 실제 출항시키면서 사우디·러시아 유가전쟁도 놓치지 않는 생명·금융 이중 약속.,승객을 음압격리해 한국으로 옮기고 4월 원유선물 만기까지 숏을 유지한다.,구조선을 출항시키는 동시에 사우디·러시아 유가전쟁을 보고 4월까지 원유 공매도를 유지한다,구조는 즉시 감염위험을 안고 유가 포지션은 산유국 합의 한 번에 막대한 손실로 뒤집힐 수 있다.,2월부터 사전준비가 빛을 보며 금융타워가 돈을 긁어모을 시점이라는 두 번째 시간표가 겹친다.,구조선이 출항하고 유가전쟁 분석 뒤 원유 공매도 유지결정이 내려진다.,인명구조·금융포지션,방역작전과 시장베팅이 별개 준비에서 같은 팬데믹 시간표를 타는 동시 실행으로 바뀐다.,승객을 무사히 귀국시키는 일과 3월 폭락·4월 유가붕괴의 실제 수익이 남는다.,구조선 출항과 유가 숏 유지.,"승객 300명 구조, 유가전쟁 결산, 대폭락 저점매수.",DCA-N44,0.94
555,555,상황 역전 (5),96945,97147,다이아 프린스가 요코하마에 일주일 정박해 고령 승객의 상태가 악화된다.,한국이 300명을 무사히 구해 국가신뢰를 얻고 석 달 안의 백신까지 약속하는 보상.,선박 격리·검사를 끝내고 최재석에게 거리두기와 백신완성 일정을 제시한다.,한국이 크루즈 승객 300명을 무사히 구하고 최재석에게 거리두기·3개월 백신을 약속한다,일본의 방치 속 감염자가 늘고 귀국자 한 명이라도 지역감염을 만들면 구조성과가 역전된다.,백신개발이 마무리단계라는 보고로 구조 성공이 임시방어에서 근본해결 기대까지 확장된다.,약 300명이 안전하게 한국에 도착하고 최재석 정부·태우병원의 국제이미지가 상승한다.,국가신뢰·생명,일본 선내에 방치된 승객이 한국의 구조·격리 안으로 들어오고 한국은 방역 모범국 지위를 얻는다.,석 달 안 백신을 만들 약속과 곧 올 3월 금융폭락이 동시에 남는다.,다이아 프린스 구조와 국내 격리.,"센트리언 백신완성, 사회적 거리두기, 3월 시장폭락.",DCA-N44,0.94
556,556,게임 체인저 (1),97148,97327,승객 구조 사흘 뒤 세계 언론이 한국 대응을 집중 보도하고 금융시장은 아직 작은 하락만 보인다.,AI가 예측한 3월 대폭락을 금융타워 수익과 국민연금 저점매수로 바꾸는 약속.,공매도 포지션을 유지하고 국민연금의 매수시점을 대폭락 뒤로 늦춘다.,AI가 예측한 3월 폭락에 금융타워·국민연금 포지션을 맞춘다,초기 3퍼센트 하락만 보고 들어가면 더 큰 낙폭을 그대로 맞고 국가기금까지 손실을 본다.,지금 하락은 장난에 불과하며 이를 압도할 대폭락이 남았다는 AI·회귀 지식이 일치한다.,금융타워와 국민연금의 대기·매수조건이 3월 폭락에 맞춰 조정된다.,금융전략·국가기금,막연한 약세전망이 AI 시점에 맞춘 공매도 유지와 국민연금 저점매수 계획으로 구체화된다.,다우가 얼마나 더 무너지고 국내 집단감염을 백신 전까지 막을 수 있을지가 열린다.,대폭락 전 포지션 조정.,"공매도 청산시점, 국민연금 저점매수, 국내 집회발 감염 차단.",DCA-N44,0.94
557,557,게임 체인저 (2),97328,97505,일주일 사이 다우가 12퍼센트 하락하고 태우의 원격근무 체계가 첫 실전을 맞는다.,직원근무를 유지하면서 종교단체 대규모 집회를 미리 막아 백신 전 집단감염을 억제하는 약속.,메타버스 업무를 가동하고 천민정에게 종교단체 SNS·연락망을 무력화하게 한다.,원격근무 체계를 실전에 성공시키고 종교단체 SNS를 해킹해 대규모 집회를 막는다,국가가 막지 못한 집회를 해킹으로 방해하면 불법·종교탄압 비판을 감수해야 한다.,백신이 한두 달 뒤면 끝나므로 장기 통제보다 짧은 기간 강압적 수단으로 버티는 판단이 선다.,태우 계열사의 원격업무가 정상 작동하고 집회동원망이 흔들려 대규모 모임이 좌절된다.,조직생존·공중보건,준비한 원격근무가 실제 생산성을 지키고 민간 해킹이 국내 대형 감염고리를 사전 차단한다.,백신완성 전 남은 한두 달과 산유국 감산실패가 시장을 얼마나 더 흔들지가 남는다.,원격근무 실전검증과 집회 차단.,"센트리언 백신, OPEC+ 결렬, 국내 방역의 법적 비용.",DCA-N44,0.94
558,558,게임 체인저 (3),97506,97678,3월이 시작돼 코로나가 아시아를 넘어 세계로 확산되고 OPEC+ 감산회의가 흔들린다.,사우디의 가격인하·증산을 읽어 원유 숏을 마이너스 가격까지 끌고 가는 금융 약속.,감산실패를 확인하고 유가 하락포지션을 유지해 산유국 전쟁의 이익을 극대화한다.,사우디·러시아 감산 실패를 확인하고 빈 살만의 20퍼센트 가격인하·증산 결정을 이용한다,러시아가 돌아서거나 사우디가 감산하면 유가가 급반등해 대규모 숏이 손실로 바뀐다.,빈 살만이 20퍼센트 가격인하와 증산을 택해 김민재가 기다린 붕괴방향이 확정된다.,유가전쟁의 방향·속도가 확인되고 금융타워는 숏을 유지할 근거를 얻는다.,금융정보·포지션,가능성이던 산유국 충돌이 사우디의 실제 증산으로 굳어져 유가붕괴 포지션의 확률이 높아진다.,서킷브레이커와 마이너스 유가까지 어디서 숏을 청산할지가 남는다.,OPEC+ 감산실패 확인.,유가 바닥·숏 청산·원유자산 저점매수.,DCA-N44,0.94
559,559,게임 체인저 (4),97679,97865,OPEC+ 결렬 보도가 나기 전 김민재가 센트리언 임원들을 비상소집한다.,백신의 실제 효능과 한계를 정직하게 확인하고 금융·부동산 수확이 약탈로 흐르지 않게 막는 약속.,중증방지 효과를 검증해 출시조건을 정하고 이영한의 고금리 대출욕을 제어한다.,센트리언 백신이 중증은 막지만 감염은 못 막는다는 한계를 받고 이영한의 대출·부동산 탐욕을 제어한다,백신은 감염 자체를 막지 못하고 이영한은 위기 속 채무자를 쥐어짜 더 큰 이익을 얻으려 한다.,이영한에게 이미 부동산 저점매수라는 선물을 줘 약탈적 대출 없이도 이익을 얻을 출구가 생긴다.,백신의 중증예방 효능과 감염차단 한계가 확인되고 이영한은 무리한 대출확대를 접는다.,기술한계·윤리,완벽한 백신 기대가 중증을 막는 현실적 제품으로 조정되고 명동자본도 위기약탈 대신 장기자산을 택한다.,백신 발표 전 시장 저점매수와 트럼프·바이든 중 누가 의무화를 받아들일지가 열린다.,백신 효능판정과 대출욕 제어.,"FDA 승인, 위드코로나 부동산 상승, 미국 경주마 선택.",DCA-N44,0.94
560,560,게임 체인저 (5),97866,98046,감산합의 실패 보도로 유가와 다우에 서킷브레이커가 걸리고 금융타워가 환호한다.,폭락 수익을 실물·주식 저점자산으로 바꾸고 미국 대선의 유리한 경주마를 고르는 약속.,공매도 수익을 단계청산해 우량자산을 사고 트럼프·바이든의 백신정책을 비교한다.,유가·다우 서킷브레이커 뒤 백신 발표 직전 저점매수하고 트럼프와 바이든을 비교한다,바닥을 너무 일찍 잡으면 추가폭락을 맞고 정치진영을 잘못 고르면 미국 사업 전체가 위험해진다.,진영보다 태우와 손을 잡을 사람을 고르면 된다는 원칙으로 정치 선택이 사업거래로 재정의된다.,유가·지수 하락수익이 확정되기 시작하고 저점매수 자금과 미국 후보 평가기준이 마련된다.,자산·정치전략,위기를 공매도로 버티는 상태에서 수익을 장기자산으로 돌리고 차기 미국 권력을 선택하는 상태로 바뀐다.,미국에서 트럼프의 백신 회의론을 직접 확인한 뒤 경주마를 바꿀지가 다음 질문이다.,대폭락 1차 수익과 저점매수 전환.,"공매도 잔여청산, 미국 후보 면담, 백신 의무화.",DCA-N44,0.94
561,561,경주마 (1),98047,98227,미국 출장 전날 김민재가 금융타워에서 폭락장 포지션과 신규 본사 계획을 점검한다.,공매도 수익으로 제2 금융타워를 세우고도 백신정책을 위해 현직 대통령을 교체할 수 있는 약속.,숏의 80퍼센트를 청산해 자산을 사고 트럼프에게 의무접종 지지를 요구한다.,공매도 80퍼센트를 청산하고 제2 금융타워를 세우며 트럼프의 백신 회의론을 확인한다,트럼프는 텍사스 백신 회의론자의 표를 잃지 않으려 하고 김민재의 최대후원도 당연하게 여긴다.,회의론자 표를 얻으려다 다른 지지자와 김민재까지 잃을 수 있다는 트럼프의 정치적 맹점이 드러난다.,공매도 80퍼센트 청산과 제2 금융타워 건립이 확정되지만 트럼프의 백신협력은 얻지 못한다.,금융자산·정치관계,폭락 베팅은 대형 실물건물과 매수자금으로 환전되고 트럼프 동맹은 첫 명확한 균열을 맞는다.,김민재가 현직에게서 원유자산 이익을 회수한 뒤 바이든을 직접 시험할지가 남는다.,숏 80퍼센트 청산과 제2 금융타워 결정.,"트럼프와 거리조정, 바이든 접촉, 나머지 숏 청산.",DCA-N45,0.94
562,562,경주마 (2),98228,98402,텍사스 백신 회의론 때문에 트럼프가 정책을 바꾸기 어렵다는 선거지형이 확인된다.,현직과 맺은 원유자산 이익은 회수하면서 바이든이라는 차기 권력선도 여는 양면 보상.,알래스카·원유자산을 트럼프에게 되팔고 데이비드에게 바이든 면담을 주선하게 한다.,트럼프에게 알래스카·원유자산 400억 달러 재매입을 받아내고 데이비드에게 바이든 접촉을 맡긴다,너무 일찍 갈아타면 현직의 보복을 받고 바이든을 만나 보지 않고 후원하면 새 정부 정책도 장담할 수 없다.,새 경주마를 직접 만나기 전에는 갈아탈 수 없다는 판단으로 탐색과 기존거래를 병행한다.,트럼프에게 원유자산을 400억 달러에 재매각하고 데이비드가 바이든 접촉에 착수한다.,현금회수·정치선택,트럼프 단일후원에서 기존 이익을 보존한 채 바이든 통로도 가진 복수 권력선으로 바뀐다.,바이든이 백신 의무화와 태우 사업보호에 어떤 답을 줄지가 열린다.,원유자산 400억 달러 회수.,바이든 면담·후원전환 여부.,DCA-N45,0.94
563,563,경주마 (3),98403,98564,다이먼의 CITI그룹·핀테크은행이 미국 전역으로 커진 가운데 김민재가 부양책 전 자산매입을 논한다.,2~5조 달러 헬리콥터 머니가 들어오기 전에 나스닥·선박·컨테이너를 사 상승분을 선점하는 약속.,기술주와 물류자산을 저점에서 모아 팬데믹 뒤 금융·해운 회복을 모두 먹는다.,다이먼과 나스닥을 사고 2~5조 달러 부양책·운임폭등에 앞서 선박과 컨테이너를 확보한다,부양책 규모·시점이 불확실하고 운임회복 전 선박·컨테이너 보유비용이 계속 든다.,태우해운과 한국 해운업의 재도약이 몇 달 남지 않아 지금의 수모가 매입기회로 바뀐다.,나스닥 매수와 선박·컨테이너 확보 주문이 실행되고 부양책 대응 포트폴리오가 선다.,금융·물류자산,폭락 방어자에서 통화팽창이 올릴 기술·해운자산을 미리 소유한 회복기 수혜자로 이동한다.,대형 석유기업 자산과 바이든의 방역정책까지 같은 미국 일정에서 거래할지가 남는다.,부양책 전 자산매입 결정.,"해운운임 폭등, 엑슨자산 인수, 바이든 면담.",DCA-N45,0.94
564,564,경주마 (4),98565,98760,백악관이 이틀 만에 대형 석유기업 대표들을 모아 김민재에게 저점자산을 내민다.,엑슨·LNG선 자산을 헐값에 받고 바이든에게 백신 의무화 약속까지 얻는 정치·실물 거래.,석유기업 자산가격을 깎고 신시내티의 바이든·오바마에게 방역조건을 제시한다.,엑슨·LNG선 자산을 흥정하고 신시내티에서 바이든·오바마에게 백신 의무화를 요구한다,석유기업은 미래회복 가치를 주장하고 바이든도 선거 전 의무화 공약의 반발을 계산해야 한다.,바이든의 답 하나가 트럼프에서 경주마를 바꿀지 결정하는 주사위가 된다.,엑슨·LNG선 자산협상이 구체화되고 바이든에게 의무접종 조건이 공식 제시된다.,자산교섭·정치신뢰,저점매수 일정이 차기 대통령 후보에게 정책대가를 요구하는 직접 후원협상으로 확대된다.,바이든이 조건을 수락할지와 트럼프 선을 완전히 끊을지가 걸린다.,석유자산 흥정과 바이든 조건 제시.,"의무접종 답변, 후보교체, 한국 백신 발표.",DCA-N45,0.94
565,565,경주마 (5),98761,98946,바이든은 의무접종 요구를 듣자마자 자신의 신념에 따른 조건부 찬성을 답한다.,주 경주마를 바이든으로 바꾸면서도 트럼프 관계를 끊지 않아 양 진영의 사업안전을 얻는 약속.,바이든 후원을 주력으로 옮기되 현직 트럼프와의 채권·기업 거래선은 유지한다.,바이든의 조건부 의무화 약속을 받고 주 경주마를 바꾸되 트럼프 선도 유지한다,후원전환이 새면 트럼프의 보복을 부르고 양쪽에 선을 걸치면 바이든의 신뢰도 잃을 수 있다.,백신정책에서는 바이든이 맞지만 두 진영 모두와 신뢰를 조율해야 세계 중심에 설 내실이 완성된다.,바이든의 조건부 의무화 약속을 받고 주 후원선이 전환되며 트럼프 관계도 보존된다.,정치동맹·시장위상,"트럼프 일변도에서 차기 권력은 바이든, 현직 사업은 트럼프로 분리한 이중 안전망이 생긴다.",한국 백신 발표 뒤 이 정치선택이 실제 미국정책과 시장역전으로 이어질지가 남는다.,바이든 후원전환 결정과 트럼프선 유지.,"FDA·한국 백신 승인, 미국 대선, 국내 산업 내실화.",DCA-N45,0.94
566,566,고생 끝에 낙이 온다 (1),98947,99104,태우가 한국·세계 상위 그룹에 오른 상태에서 대통령 주재의 팬데믹 이후 산업회의가 열린다.,원전·레거시칩·모든 선박을 선점해 한국을 에너지·반도체·물류 허브로 만드는 약속.,정부 규제를 풀고 태우상사가 시장의 선박·컨테이너를 가능한 한 모두 사게 한다.,대통령 회의에서 원전·레거시칩 증산을 밀고 태우상사가 모든 선박을 사게 한다,원전 반대·구형칩 저평가·해운불황 때문에 투자 반대가 크고 매입비용도 막대하다.,삼면이 바다인 한국에서 금융타워가 금융허브를 만들었듯 태우해운이 물류허브를 만들 수 있다는 국가그림이 선다.,원전·레거시칩 증산정책과 전방위 선박매입이 대통령회의에서 승인된다.,국가산업·물류능력,개별 그룹의 저점매수가 한국 전체의 에너지·반도체·해운 지도를 바꾸는 국가 프로젝트로 격상된다.,방역우위를 일본 항복과 한국 G7 진입으로 환전할 외교순서가 열린다.,팬데믹 이후 산업투자안 확정.,"일본 의료구조 거래, G7 지지, 해운운임 수확.",DCA-N45,0.94
567,567,고생 끝에 낙이 온다 (2),99105,99284,3월 말 증시는 반등하지만 유가는 더 떨어지는 가운데 최재석과 국제방역 보상을 논한다.,일본 의료봉쇄를 풀어 주는 대가로 개도국 저가백신과 한국 G7 진입까지 묶는 국가위상 약속.,일본을 첫 타깃으로 삼아 의료물자와 백신 배분을 외교양보로 교환한다.,최재석과 일본 의료봉쇄·개도국 저가백신·한국 G7 진입을 묶는다,인도적 지원을 노골적 외교압박으로 보이게 하면 한국의 방역국가 이미지가 손상될 수 있다.,코로나라는 범세계 위기 덕분에 평소에는 얻기 힘든 주도권을 한국이 쥐고 있다는 기회가 확인된다.,일본 지원·개도국 가격·G7 지지를 하나의 순차협상으로 묶는 원칙이 최재석과 합의된다.,외교주도권·국가위상,백신 공급국 지위가 단순 매출이 아니라 일본정책과 G7 구성까지 바꿀 국가외교 카드로 전환된다.,의료가 무너진 일본이 비밀요청을 해 올지와 어떤 장소에서 대가를 받을지가 남는다.,백신외교의 순서와 대가 합의.,"일본 구조요청, 호주 회담, 한국 G7 지지.",DCA-N45,0.94
568,568,고생 끝에 낙이 온다 (3),99285,99462,일본 전역의 감염이 번지고 올림픽 집착 탓에 의료체계와 내각 신뢰가 무너진다.,일본의 비밀 구조요청을 공개 굴욕 없이 장기 외교·자산 보상으로 바꾸는 약속.,다이키요를 일본 밖 호주로 불러 방역물자와 G7 지지를 교환한다.,의료붕괴 일본의 비밀 요청을 받고 호주 회담에서 G7 지지를 요구하기로 한다,일본은 체면 때문에 공개항복을 피하고 김민재가 일본에 들어가면 요청자가 아니라 지원자로 보일 수 있다.,아쉬운 쪽이 움직여야 한다는 원칙으로 장소까지 호주로 정해 일본의 약자지위를 고정한다.,"일본의 비밀 지원요청과 멜버른 회담 일정, G7 지지 요구안이 확정된다.",협상지위·외교,일본이 한국을 제재하던 공격자에서 제3국까지 찾아와 도움을 청하는 요청자로 뒤집힌다.,다이키요와 손정우가 20조 엔 자산·G7 조건을 받아들일지가 열린다.,일본 구조요청과 호주 회담 성립.,"의료물자 공급, G7 비반대, 일본 저평가자산 인수.",DCA-N45,0.94
569,569,고생 끝에 낙이 온다 (4),99463,99633,멜버른에서 손정우와 다이키요가 김민재의 의료지원 조건을 듣는다.,방역물자를 주고 지금은 암 덩어리인 일본 자산 20조 엔어치를 사 미래가치와 G7 지지를 함께 얻는 보상.,손정우 자산과 일본 기업을 인수해 유동성을 주고 한국 G7 가입 비반대를 받는다.,멜버른에서 손정우·다이키요에게 방역물자와 20조 엔 자산 인수를 제안한다,20조 엔 부실·저평가자산은 회복이 늦으면 막대한 손실이 되고 일본 내각은 국내반발을 감수해야 한다.,한일관계 개선은 명분일 뿐 1년 뒤 복덩어리가 될 자산을 태우가 가져가는 거래임이 분명해진다.,방역물자·자산인수·G7 비반대를 맞바꾸는 거래조건이 테이블에서 합의된다.,자산·외교위상,한국이 무상구조자가 아니라 일본의 미래자산과 국제지지를 사는 우위 협상자로 선다.,일본 내각이 귀국 뒤 최종승인할지와 센트리언 백신의 FDA 결론이 남는다.,멜버른 거래조건 합의.,"일본 내각 승인, 20조 엔 인수집행, FDA 백신 승인.",DCA-N45,0.94
570,570,고생 끝에 낙이 온다 (5),99634,99819,호주에서 돌아온 다이키요가 일본 내각에 방역물자·자산·G7 거래를 승인받으려 한다.,일본의 최종수락과 센트리언 FDA 승인으로 의료전·백신개발을 동시에 닫는 이중 보상.,일본 거래를 확정하고 미국 규제기관의 백신 허가를 받아 세계배분을 시작한다.,일본이 조건을 수락하고 센트리언 백신의 FDA 승인이 도착한다,일본 강경파는 한국 G7 진입을 싫어하고 FDA가 안전성 문제를 잡으면 모든 생산계획이 멈춘다.,일본 조건수락 직후 FDA 승인 연락이 도착해 방역 공급주도권이 우연이 아닌 제품권력으로 굳어진다.,일본의 한국 G7 비반대·20조 엔 거래와 센트리언 백신 FDA 승인이 모두 확정된다.,국제지위·의약품허가,비밀 구조거래와 개발 중 백신이 일본의 공식양보와 미국 허가를 받은 실물 승리로 바뀐다.,유일한 대량생산자가 백신 가격·배송·국가별 대가를 어떻게 설계할지가 열린다.,일본 의료협상과 FDA 승인.,"한국 승인·세계배송, 국가별 백신 가격·정치거래.",DCA-N45,0.94
571,571,글로벌 호구 (1),99820,99993,FDA 승인 소식을 듣고 김민재가 센트리언에서 서정준과 세계배분을 준비한다.,한국·미국 허가를 받은 백신이 일본을 포함한 세계로 나가 센트리언과 국가브랜드를 끌어올리는 보상.,국내 허가·대량생산·배송을 확정하고 일본과 미국에 첫 물량을 배분한다.,한국·FDA 백신 승인을 발표하고 일본에도 물자를 공급한다,국가별 수요가 생산량을 넘고 가격·우선순위를 잘못 정하면 글로벌 호구나 백신민족주의 비판을 받는다.,유가선물 마감까지 이틀밖에 남지 않아 백신배분과 석유자산 흡수를 동시에 실행해야 한다.,한국 승인과 해외공급이 시작되고 센트리언은 세계적 제약사 지위를 얻는다.,제약지위·국가브랜드,승인만 받은 백신이 실제 배송되는 국가전략물자가 되고 센트리언의 기업위상이 급상승한다.,4월 20일 마이너스 유가에서 석유자산을 얼마나 흡수할지와 중국의 백신대가가 남는다.,한국·미국 승인과 일본 첫 공급.,"마이너스 유가 수확, 중국 백신합작, 개도국 배분.",DCA-N46,0.94
572,572,글로벌 호구 (2),99994,100194,4월 20일 원유선물 만기를 김민재가 금융타워에서 직접 지켜본다.,WTI가 마이너스가 될 때 원유와 보관비를 함께 받고 즉시 롱으로 돌아서는 역사적 금융 보상.,숏을 최저점에서 청산하고 현물·선물을 매수해 반등까지 먹는다.,4월 20일 WTI 마이너스 가격에서 원유를 받아 돈까지 받고 곧바로 롱으로 전환한다,바닥시점을 놓치면 숏수익을 반납하고 저장공간이 부족하면 공짜 원유도 비용폭탄이 된다.,유가 수확 뒤에도 중국이 백신기술을 요구해 새 협상은 김민재가 직접 베이징에서 해야 한다.,마이너스 가격에서 원유와 돈을 받고 숏을 닫은 뒤 상승포지션으로 전환한다.,금융수익·에너지자산,유가붕괴를 기다리던 공매도자가 저장시설을 가진 원유소유자이자 반등 투자자로 바뀐다.,백신기술을 넘기지 않고 중국시장만 얻는 합작구조가 다음 과제로 열린다.,유가 숏 결산과 원유 저점매수.,"중국 80대20 합작, 장기 에너지자산 운용.",DCA-N46,0.94
573,573,글로벌 호구 (3),100195,100359,백신을 먼저 맞은 김민재가 코로나 속 베이징에서 리강과 단독 담판을 연다.,기술을 지킨 80대20 합작으로 중국 동부시장과 리강 파벌의 정치 안전까지 얻는 약속.,중국에 생산·판매 몫을 주되 핵심기술과 지배지분을 태우에 남긴다.,베이징에서 리강에게 중국 백신합작 80대20과 파벌 이익을 제시한다,중국은 자국시장 접근을 대가로 기술이전을 요구하고 파벌싸움이 계약 안정성을 흔들 수 있다.,리강 개인·파벌의 이익을 합작에 묶으면 정부정책이 바뀌어도 태우를 보호할 내부 동기가 생긴다.,태우 80·중국 20 합작원칙과 리강 파벌의 보호이익이 합의된다.,지분·정치안전망,기술탈취 위험 때문에 막힌 중국시장이 태우 지배지분과 권력자 이해가 결합된 합작시장으로 열린다.,백신을 아프리카 자원권·외교관계와 바꿀 국가단위 협상이 다음으로 넘어온다.,중국 백신합작 기본합의.,"합작공장 실행, 아프리카 광물·에너지 계약.",DCA-N46,0.94
574,574,글로벌 호구 (4),100360,100529,아프리카 출발 전 천민정이 무인택시·HBM·일본 슈퍼앱 진행상황을 밝은 표정으로 보고한다.,팬데믹에서 번 돈을 미래기술과 아프리카 전략자원으로 재배치해 다음 성장판을 여는 약속.,각 기술프로젝트를 점검하고 백신·인프라와 맞바꿀 광물권 협상안을 만든다.,무인택시·HBM·일본 슈퍼앱을 점검하고 아프리카 광물 협상안을 만든다,여러 프로젝트에 동시에 자금이 들어가고 태우상사는 그동안 자본을 갉아먹는 계열사라는 평가를 받았다.,이종수는 세계 물류·자원수요가 터질 시점을 기다려 온 태우상사가 이제 날아오를 때임을 확신한다.,무인택시·HBM·슈퍼앱의 진척과 아프리카 협상용 투자·물류안이 정리된다.,포트폴리오·계열사지위,방역수익이 현금으로 머무르지 않고 기술·자원·상사의 회복을 위한 실행자본으로 배치된다.,아프리카연합이 인프라·백신 대가로 장기 광물권을 내줄지가 걸린다.,미래기술 진행점검과 아프리카 협상안.,"아프리카연합 계약, 태우상사 수익전환.",DCA-N46,0.94
575,575,글로벌 호구 (5),100530,100709,영토·종교 갈등이 심한 아프리카연합 앞에 김민재가 대륙 단위 지원안을 내놓는다.,인프라·자립·백신을 싼값에 주는 대신 광물·에너지 장기권리를 선점하는 전략적 호구 보상.,회원국별 단기이익을 넘어 태우와 장기 자원·물류계약을 맺게 한다.,아프리카연합에 인프라·자립·백신을 주고 장기 광물권을 받는다,표면상 지원액이 지나치게 커 글로벌 호구로 보이고 내부갈등 때문에 계약집행도 흔들릴 수 있다.,세계가 양적완화·지원금을 뿌리는 시대라 직접지원 손실은 금융타워의 초대형 진공청소기로 회수할 수 있다.,백신·인프라 지원과 광물·에너지 장기권리를 맞바꾸는 아프리카연합 계약이 성립한다.,자원권·외교관계,돈을 쓰는 지원국처럼 보이던 태우가 대륙의 미래자원과 유통망을 선점한 장기권리자가 된다.,시장에 풀린 막대한 개인자금을 어떻게 흡수할지와 유럽 백신계약이 다음 과제로 남는다.,아프리카 자원·지원 교환계약.,"EU 백신 가격, 양적완화 개인자금, 베릴과 헤지펀드 충돌.",DCA-N46,0.94
576,576,눈먼 돈의 시대 (1),100710,100879,5월에도 세계 확진·사망이 늘고 EU는 역내 생산 백신의 수출봉쇄를 꺼낸다.,아프리카 규탄과 충전표준·반독점 현안을 묶어 EU가 먼저 양보안을 들고 오게 하는 약속.,EU의 백신 봉쇄를 빈곤국 차별 프레임과 미래 산업협상으로 되받아친다.,EU의 백신 생산·수출 봉쇄를 아프리카연합 규탄과 충전·독점규제 협상으로 되받는다,유럽은 거대시장과 규제권을 쥐고 있어 태우 백신공장·자동차·IT 사업 모두를 압박할 수 있다.,전기차 충전표준과 반독점법 등 EU의 도움이 필요한 다음 거래가 많아 단순 보복보다 협상으로 묶을 이유가 생긴다.,아프리카연합의 공개규탄과 EU 상대 산업·정책 압박안이 실행된다.,외교압박·규제교섭,EU가 백신을 봉쇄하는 우위에서 태우의 공공재 이미지와 타 산업협력까지 잃을 수 있는 수세로 이동한다.,EU가 하루 안에 어떤 생산·가격·정책 양보를 제시할지가 걸린다.,EU 봉쇄에 대한 국제여론 반격.,"1달러 위탁생산, 유럽시장·정책 호의.",DCA-N46,0.94
577,577,눈먼 돈의 시대 (2),100880,101041,아프리카 차별 이미지가 커지자 EU가 하루 만에 태우의 도움을 요청한다.,1달러 백신 위탁생산으로 생산비를 유럽에 넘기고 시장·정책 호의를 함께 얻는 결산.,기술소유권을 지키며 EU 공장에서 대량생산해 아프리카에도 공급한다.,EU에 1달러 위탁생산을 허용하고 공공재 이미지를 앞세운다,상징적 1달러 가격은 직접 이익이 없고 유럽 현지생산이 기술유출로 이어질 수 있다.,생산비는 EU가 부담하고 태우는 공공재 이미지를 얻어 전기차·반독점 협상까지 유리해진다.,"EU 1달러 위탁생산 계약과 유럽·아프리카 공급, 향후 정책협력 약속이 성립한다.",계약·공공이미지,수출봉쇄에 막힌 태우가 유럽비용으로 생산하면서 국제구호·규제교섭 우위까지 얻는다.,정부가 뿌린 눈먼 돈을 개인투자자의 증시진입으로 어떻게 끌어낼지가 다음 질문이다.,EU 백신전쟁과 아프리카 공급문제.,"양적완화 자금의 증시유입, 개인투자자 영웅 만들기.",DCA-N46,0.94
578,578,눈먼 돈의 시대 (3),101042,101213,주식은 오르지만 유가는 아직 움직이지 않다가 기다린 OPEC 감산 호재가 터진다.,유가 후일담을 닫고 베릴을 개인투자자 영웅으로 세워 헤지펀드와의 대중 전쟁을 여는 약속.,베릴의 방송·이미지를 키워 게임스핀 공매도에 소액투자자를 결집시킨다.,부양금이 증시로 몰릴 것을 보고 베릴을 개인투자자 영웅으로 키워 게임스핀을 겨냥한다,개인투자자는 자금·정보가 약하고 헤지펀드가 반격하면 베릴의 신뢰와 태우 보유주식도 함께 위험해진다.,개인 대 헤지펀드라는 선명한 서사가 젊은 투자자를 시장으로 끌어들일 점화장치가 된다.,유가 감산으로 앞 금융선이 정리되고 베릴·게임스핀을 이용한 개인투자자 캠페인이 승인된다.,시장서사·대중관계,산유국 전쟁 수익을 정리하던 시장에서 베릴을 중심으로 한 개미와 헤지펀드의 공개전쟁으로 전선이 바뀐다.,태우가 가진 게임스핀 300만 주를 어떻게 쓰고 베릴이 실제 대중을 모을지가 남는다.,OPEC 감산 후일담.,"베릴 구독자 성장, 게임스핀 매수전, 헤지펀드 손실.",DCA-N47,0.94
579,579,눈먼 돈의 시대 (4),101214,101381,한 부회장이 말하지 않아도 김민재가 찾던 게임스핀 공매도 정보를 가져온다.,태우 보유 300만 주와 베릴의 캠페인을 결합해 소액투자자 결집을 실제 주가상승으로 만드는 약속.,데이비드가 관리한 베릴 이미지를 공개매수 서사로 전환하고 태우 지분은 시장의 버팀목으로 둔다.,태우가 보유한 게임스핀 300만 주를 바탕으로 베릴의 매수 캠페인을 확산한다,태우 개입이 드러나면 시세조종 비판을 받고 헤지펀드의 공매도 규모가 커지면 가격을 버티기 어렵다.,데이비드의 표정에서 베릴의 이미지 관리가 기대 이상으로 성공했다는 사실이 확인된다.,태우의 게임스핀 300만 주 보유와 베릴 홍보망이 한 작전으로 결합된다.,지분·대중영향력,베릴은 관리 대상 방송인에서 소액투자자 매수를 움직일 시장세력의 얼굴로 올라선다.,베릴 구독자와 게임스핀 주가가 실제로 얼마나 뛰고 헤지펀드가 어떤 반격을 할지가 열린다.,게임스핀 지분·홍보 작전 결합.,"100만 구독자, 로빈후드 매수제한, 헤지펀드 공개패배.",DCA-N47,0.94
580,580,눈먼 돈의 시대 (5),101382,101561,유명세가 구독자 수로 측정되는 시대에 베릴의 영향력이 빠르게 커진다.,백신 성과를 한국의 독립된 G8·G9 위상과 최재석의 재선으로 환전하는 국가 약속.,G11 초청국에 머물지 않고 한국이 상설 핵심국이 되도록 미국·유럽의 지지를 묶는다.,한국의 G11 초청안 대신 독립된 G8·G9 위상을 요구하고 백신외교를 밀어붙인다,기존 G7은 회원확대를 꺼리고 일본도 한국의 동급지위를 받아들이기 어렵다.,최재석에게 G7 합류는 재선 뒤 마지막 퍼즐이며 김민재는 이미 사전작업을 끝낸 상태다.,한국의 독립 회원국 지위를 요구하는 G7+ 협상방침과 최재석 지원이 확정된다.,국가위상·정치동맹,백신외교가 초청장 수준에서 국제클럽의 구성 자체를 바꾸는 요구로 격상된다.,헬리콥터 머니 속 게임스핀 전쟁과 G7+ 지지가 언제 실물 결과로 나올지가 남는다.,G7+ 요구와 재선지원 방향.,"베릴 시장전쟁, 한국 상설가입 표결.",DCA-N47,0.94
581,581,헬리콥터 머니 (1),101562,101723,각국이 수천조 원 부양금을 뿌려 개인 자금이 시장으로 들어오기 시작한다.,베릴 100만 구독자와 게임스핀 8달러 상승으로 개미반란이 실제 사건이 되는 보상.,베릴의 매수논리를 확산시켜 헤지펀드가 더 큰 숏을 쌓게 유도한다.,헬리콥터 머니 속 베릴 100만 구독자와 게임스핀 8달러 상승을 확인한다,헤지펀드는 개인을 밟을 자본·공매도수단을 갖고 있고 상승초기에는 매수세가 쉽게 꺾일 수 있다.,오만한 헤지펀드가 반격규모를 키울수록 훗날 손실도 더 커지는 역설이 작동한다.,"베릴 구독자 100만과 게임스핀 8달러 상승, 개인투자자 유입이 확인된다.",대중지위·주가,홍보용 후보였던 베릴이 수백만 개미를 묶는 실제 시장리더로 성장한다.,헤지펀드의 확대된 공매도를 누가 감당하고 국내 삼진이 백신생산 동맹에 들어올지가 남는다.,개미 매수세와 베릴 1차 성장.,"게임스핀 숏스퀴즈, 헤지펀드 반격, 로빈후드 제한.",DCA-N47,0.94
582,582,헬리콥터 머니 (2),101724,101897,센트리언 백신공급이 안정됐지만 세계 독점수요를 한 회사가 계속 감당하기 어렵다.,오용재에게 불리한 위탁생산을 맡긴 대가로 레거시칩 선행정보를 주는 국내 동맹 보상.,삼진바이오 생산라인을 확보하고 삼진전자가 차량·구형반도체를 미리 늘리게 한다.,삼진바이오 오용재에게 불리한 백신 위탁생산을 맡기고 레거시칩 정보를 보상한다,"오용재는 낮은 마진과 책임을 떠안고, 김민재도 너무 많은 미래정보를 주면 경쟁사를 키운다.",태우에 손해 없는 범위까지만 조언하고 선택은 오용재에게 넘겨 동맹과 경쟁의 선이 유지된다.,삼진바이오 백신 위탁생산과 레거시칩 증산 정보가 교환된다.,생산동맹·정보대가,삼진은 경쟁사에서 팬데믹 생산을 분담하는 동맹으로 이동하되 미래정보 접근은 제한된다.,오용재의 선택과 게임스핀 200달러 이후 헤지펀드 반격이 남는다.,백신 위탁생산 교환.,"삼진 레거시칩 증산, 게임스핀 최종전.",DCA-N47,0.94
583,583,헬리콥터 머니 (3),101898,102092,베릴이 매일 영상을 올리며 구독자 250만·게임스핀 200달러를 돌파한다.,로빈후드 제한에도 한국 개미까지 합류해 헤지펀드를 무너뜨리고 베릴을 300만 영웅으로 만드는 결산.,매수제한의 불공정성을 여론화하고 국내 자금까지 붙여 숏세력을 항복시킨다.,게임스핀 200~370달러 전투와 로빈후드 제한에 한국 개미까지 합류시킨다,거래플랫폼이 매수를 막고 주가는 200~370달러로 요동쳐 개인 손실이 폭발할 수 있다.,플랫폼 제한이 오히려 세계 개미의 분노와 결집을 키워 헤지펀드의 방어를 무너뜨린다.,헤지펀드가 수백억 달러를 잃고 사과하며 베릴은 300만 구독자의 월가 영웅이 된다.,승패·대중명예,개인투자자를 밟으려던 헤지펀드가 공개패배하고 베릴은 태우가 다시 쓸 세계적 금융브랜드로 올라선다.,베릴을 다음에 어디에 쓸지와 백신패권 뒤 인텔 NAND를 살 기회가 열린다.,게임스핀 숏스퀴즈와 개인투자자 승리.,"베릴의 다음 역할, 미국 칩규제·인텔 NAND 인수.",DCA-N47,0.94
584,584,헬리콥터 머니 (4),102093,102272,백신공급 한 달 만에 3억 명이 접종했고 태우는 변이 표본까지 모은다.,방역패권에서 얻은 시간·현금을 미국 칩수출 제한과 인텔 NAND 인수로 환전하는 약속.,중국 팹 규제예외를 받아 내고 저평가된 인텔 낸드 사업부를 매입한다.,3억 명 접종·변이 샘플을 확인하고 미국 칩수출 제한을 이용해 인텔 NAND를 노린다,중국공장 때문에 인수자도 규제를 맞을 수 있고 손해사업을 사는 결정이라 시장반발이 예상된다.,트럼프와 바이든 양쪽에게 규제제외를 얻는다면 15억 달러 이상 싸게 살 수 있다는 조건이 선다.,"미국 방문과 인텔 협상 방침, 중국 팹 유예 요구안이 확정된다.",전략자산·규제,백신공급 확대에 머무르던 투자가 메모리·중국 생산시간을 사는 반도체 인수전으로 이동한다.,바이든이 4년 유예를 주고 밥 스웬이 75억 달러 가격을 받을지가 남는다.,인텔 NAND 인수 판단.,"중국 팹 유예, 사업부 가격·소유권 계약.",DCA-N48,0.94
585,585,헬리콥터 머니 (5),102273,102428,인텔 협상 전 김민재가 위장일정까지 만들어 워싱턴에서 바이든을 비밀리에 만난다.,중국 팹 4년 유예와 NAND 75억 달러 인수로 생산시간·저평가자산을 함께 받는 보상.,바이든에게 정책예외를 받고 밥 스웬과 가격·기술·인력 인수조건을 닫는다.,바이든에게 중국 팹 4년 유예를 얻고 밥 스웬과 NAND 75억 달러 매입을 합의한다,바이든은 대중국 강경책을 훼손하기 어렵고 인텔도 반도체대란 직전 사업가치를 낮춰 팔 이유가 없다.,반도체대란 직전이라도 유예가 있으면 원래값보다 최소 15억 달러 싸게 산 선택이 유효해진다.,중국 팹 4년 유예와 인텔 NAND 75억 달러 매입합의가 성립된다.,규제예외·소유권,규제 때문에 위험한 손해사업이 태우의 소유자산과 4년 생산시간으로 바뀐다.,확보한 차량용칩을 전기차 동맹·충전표준의 가입권으로 어떻게 쓸지가 열린다.,인텔 NAND 인수·정책유예.,"머스크·미EU 자동차동맹, AI 데이터센터 투자.",DCA-N48,0.94
586,586,마르지 않는 샘물 (1),102429,102578,인텔 본사 인근에서 김민재가 머스크를 만나 전기차 산업 재편을 제안한다.,차량용칩 부족을 경쟁사 살해가 아니라 태우 충전표준·공급동맹 확장의 지렛대로 쓰는 약속.,미국·EU·한국 완성차사를 GDC에 묶고 T 규격 충전망과 반도체 배분을 통제한다.,머스크와 미·EU·한국 전기차 동맹·충전표준을 만든다,각 자동차회사는 독자표준과 시장을 포기하기 싫어하고 태우의 공급통제를 경계한다.,반도체 부족을 해결할 유일한 공급자가 태우라 결국 다른 회사들이 손을 잡을 수밖에 없는 힘이 확인된다.,머스크와 전기차 동맹·T 충전표준의 기본구조가 합의된다.,산업표준·동맹관계,부품공급 우위가 완성차 경쟁사들을 한 규격 아래 모을 시장규칙 제정권으로 바뀐다.,NAND를 AI 저장장치로 써 초대형 데이터센터에 얼마나 투자할지가 다음 성장질문이다.,머스크와 충전표준·동맹 설계.,"GDC 가입, 차량용칩 배정, 데이터센터 투자.",DCA-N48,0.94
587,587,마르지 않는 샘물 (2),102579,102728,인텔 NAND 인수보도가 터진 뒤 김민재가 귀국해 한 부회장의 투자우려를 듣는다.,NAND를 AI의 기억장치로 재정의해 60~70조 원 데이터센터를 다음 부의 샘물로 만드는 약속.,웨이·천민정에게 저장장치·AI센터 설계를 맡기고 장기투자를 승인한다.,NAND를 AI 저장장치로 재정의하고 웨이·천민정에게 초대형 데이터센터를 맡긴다,막대한 투자비가 들고 AI 수요가 예상보다 늦으면 금융타워·태우 재무를 오래 압박한다.,그 투자가 성공하면 태우와 금융계열사가 몇 배 커져 한 부회장이 세계 1위 그룹 부회장이 된다는 미래가 선다.,60~70조 원 초대형 데이터센터와 NAND 활용계획이 승인된다.,투자규모·기술능력,저평가 메모리 인수가 단순 생산사업에서 AI 데이터·금융정보를 축적할 기반으로 확대된다.,센트리언 수익과 중국 팹 장비를 어떻게 새 생산기지로 돌릴지가 남는다.,AI 데이터센터 투자결정.,"중국 유휴장비 반출, 인도·베트남 팹 가동.",DCA-N48,0.94
588,588,마르지 않는 샘물 (3),102729,102918,센트리언은 코로나 뒤 주가·매출이 열 배 뛰고 변이백신·비만약·병원AI까지 확장한다.,방역수익과 중국 보조금으로 산 유휴장비를 인도·베트남 생산능력으로 바꾸는 약속.,센트리언의 후속제품을 점검하고 중국 가짜 팹의 새 장비를 해외 레거시 공장으로 반출한다.,센트리언 실적·변이백신·비만약·병원AI를 점검하고 중국 유휴 장비를 인도·베트남으로 빼낸다,반도체대란 수요가 예상보다 커 기존 대비만으로 부족하고 장비는 생산량 제한 때문에 새로 구하기 어렵다.,중국 팹의 사실상 새 장비를 빼내면 제한된 글로벌 장비시장을 거치지 않고 부족분을 채울 수 있다.,센트리언 성장성과와 중국 장비 반출대상·인도·베트남 배치안이 확인된다.,장비·생산능력,가짜 팹이 중국 보조금을 태우는 작전에서 실제 태우 해외공장 설비원으로 전환된다.,CIA의 북한 백신요청이 장남이라는 과거 변수와 어떻게 연결될지가 열린다.,센트리언 후속사업 점검과 장비배치안.,"장비 소유권 이전, 북한 백신·장남 변수.",DCA-N48,0.94
589,589,마르지 않는 샘물 (4),102919,103092,6월 들어 시장은 회복하지만 코로나 공포가 남은 가운데 CIA 에이든이 북한 백신을 요구한다.,100만~2천만 회분 백신을 매개로 직접 개입하지 않고 북한 권력변수를 시험하는 약속.,요청량·배분대상을 캐 장남의 생존과 내부 권력변동 가능성을 조사한다.,CIA의 북한 백신 100만~2천만 회분 요청을 받아 장남 생존선을 조사한다,백신이 주민이 아니라 권력층에만 쓰이거나 한국을 겨냥한 권력투쟁을 촉진할 수 있다.,에이든이 갑자기 입을 닫으면서 CIA도 백신으로 현 권력구도를 흔들 의도가 있을 가능성이 드러난다.,북한 백신요청과 장남 생존선에 대한 정보수집이 시작되지만 지원결정은 유예된다.,정보·안보,과거 살려 둔 장남이 잊힌 생존자에서 북한 권력구도를 바꿀 미지의 카드로 다시 등장한다.,백신을 보낼지와 이 변수가 한국·태우에 이득인지 손해인지가 미지급 질문으로 남는다.,CIA 요청의 존재와 의도 파악.,"지원결정, 장남의 세력, 북한 권력변동.",DCA-N48,0.94
590,590,마르지 않는 샘물 (5),103093,103264,강 대위 사무실에서 김민재가 CIA 대화를 한 부회장과 공유한다.,이준수 일당의 중국 보조금 팹 장비를 암호화폐 거래로 태우가 회수하는 복수·자산 보상.,배후를 숨긴 채 팹 설비를 헐값에 사 인도·베트남으로 옮긴다.,이준수가 중국 보조금 팹 장비를 암호화폐로 태우에 넘기게 한다,중국 당국이 매각과 가짜기술을 추적하면 태우의 배후작전과 이 상무 연결이 드러날 수 있다.,돈이 목적이던 사기꾼들은 반도체 굴기 목적을 잊고 새 장비를 팔아 중국 보조금을 태우로 흘린다.,중국 보조금으로 산 반도체 장비의 암호화폐 매매·태우 이전이 성립된다.,설비소유·복수,원수에게 먹인 가짜기술이 중국 돈을 낭비하는 데서 끝나지 않고 태우의 실제 생산설비로 환수된다.,한국 대선·G7+·EU 차량용칩 협상이 다음 국가·산업 결산으로 열린다.,중국 팹 장비 회수.,"해외 팹 가동, 최재석 재선, G7+·GDC 협상.",DCA-N48,0.94
591,591,예정된 승리 (1),103265,103426,한국 대선이 본격화되고 국민경제당은 최재석을 추대후보로 세운다.,차량용 반도체 필승카드로 EU의 산업요구와 한국 G7+ 지위를 교환하는 약속.,최재석 재선과 G7 회의 전에 유럽 완성차사를 태우 중심 동맹에 묶는다.,최재석 우세와 연기된 G7을 점검하고 EU의 차량용칩 요구를 협상 카드로 삼는다,유럽은 칩이 급하지만 한국 상설가입과 기업표준 양보를 별개 문제로 떼려 한다.,배고픈 유럽 자동차사에 차량용칩을 배분하면 좋은 결과를 끌어낼 수 있다는 교섭우위가 확인된다.,EU 완성차 대표 회동과 G7+ 협상용 반도체 카드가 준비된다.,정치·산업교섭,대선방어와 국제외교가 태우의 차량용칩 배분권 하나로 연결된 협상판으로 바뀐다.,폭스바겐·르노 등 유럽 기업이 GDC 조건을 수용할지가 걸린다.,최재석 추대와 EU 협상판 형성.,"GDC 창설, G7+ 가입, 최재석 재선.",DCA-N49,0.94
592,592,예정된 승리 (2),103427,103586,폭스바겐·르노·FCA·재규어·벤츠 등 칩 부족 유럽 대표들이 한자리에 모인다.,칩·배터리·충전망을 조건부 공급해 미·EU·한국 완성차를 태우 규칙 아래 묶는 보상.,GDC 가입과 T 표준 채택을 대가로 차량용칩·고체배터리 우선권을 배정한다.,유럽·미국·한국 기업을 GDC로 묶고 칩·배터리·충전망을 조건부 공급한다,각 기업은 태우 종속을 두려워하고 글로벌이라는 이름 아래 중국·일본을 배제하는 정치비용을 진다.,GDC 창설은 세 지역 기업이 글로벌 자동차시장을 독점하겠다는 공개 선전포고가 된다.,유럽·미국·한국 기업의 GDC 동맹과 조건부 공급원칙이 성립된다.,동맹가입·시장규칙,태우의 부품우위가 다국적 완성차의 공식동맹과 충전표준이라는 시장제도로 굳어진다.,미쉘이 약속한 한국·호주 G7+ 가입을 실제 표결로 만들지가 남는다.,GDC 창설과 공급조건.,"G7+ 확정, 중국·일본의 배제 반응.",DCA-N49,0.94
593,593,예정된 승리 (3),103587,103760,유럽일정을 마친 김민재가 귀국하자 미쉘이 약속대로 G7 화상회의를 연다.,한국·호주를 포함한 G7+로 오랫동안 준비한 국가위상 약속을 실제 회원자격으로 결산하는 보상.,백신·차량용칩·변이대응을 대가로 기존 회원들의 지지를 확보한다.,G7 화상회의에서 한국·호주를 포함한 G7+를 만들고 변이백신을 추가 카드로 낸다,일본 등 기존국 반발과 감염병 이후 G7 효용성 논란이 가입을 흔들 수 있다.,변이백신이라는 추가카드까지 있어 한국의 기여를 거부하기 어려워진다.,한국과 호주의 G7+ 가입이 회의에서 확정된다.,국제지위,초청받는 방역모범국에서 세계 주요국 의사결정에 상설 참여하는 G7+ 회원국으로 올라선다.,이제 집중할 전쟁이 러시아·우크라이나발 에너지·식량대란으로 교대한다.,한국 G7+ 가입.,"최재석 재선, 러우 전쟁 대비, 변이백신 공급.",DCA-N49,0.94
594,594,예정된 승리 (4),103761,103927,21대 대선에서 연임제 이후 첫 현직후보 최재석이 조심스러운 선거를 치른다.,최재석 재선과 G7+를 가족식사처럼 축하하며 두 번째 임기의 원전·연금개혁을 여는 관계 보상.,국민경제당 지지율을 방어하고 원전확대·국민연금 개혁을 차기 과제로 약속받는다.,최재석 재선과 G7+를 가족식사처럼 축하하고 원전확대·국민연금 개혁을 부탁한다,현직 프리미엄만큼 구설 위험이 크고 당이 무너지면 김민재가 길러 온 정치기반도 흔들린다.,김민재가 직접 지지율을 지켜야 할 만큼 최재석·국민경제당이 그룹과 국가계획의 오래된 동맹임이 드러난다.,최재석이 재선되고 G7+ 성과를 함께 축하하며 원전·연금개혁 부탁을 받는다.,정치지위·관계,최재석은 일회성 협력 대통령에서 두 번째 임기 국가개조를 함께할 가족 같은 정치동맹으로 굳어진다.,재선 지지율을 유지하면서 원전·연금개혁과 그룹 상반기 결산을 실행할 일이 남는다.,대선 승리와 관계적 축하.,"두 번째 임기 개혁, 국민경제당 승계·지지율 방어.",DCA-N49,0.94
595,595,예정된 승리 (5),103928,104106,2020년 상반기 사장단회의에서 과거 적자였던 태우상사 이종수가 처음 웃는다.,해운·치료제 성과의 현금을 양자·AI에 50조 원 이상 넣어 회귀 지식 밖 미래도 사는 약속.,상반기 수익을 연구·인재·설비에 재배치해 영원히 마르지 않을 자금원을 만든다.,태우상사 흑자·치료제 승인 뒤 양자·AI에 50조 원 이상 투자를 확정한다,양자·AI는 회귀 경험에도 정답이 없고 50조 원을 써도 실패할 수 있다.,앞으로 1~2년 안에 영원할 만큼의 자금을 모으려면 지옥 갈 짓도 감수한다는 장기생존 집착이 드러난다.,태우상사 흑자와 치료제 승인을 확인하고 양자·AI 50조 원 이상 투자계획을 확정한다.,현금흐름·미래능력,팬데믹 수익이 과거를 따라 버는 돈에서 회귀 지식 밖 기술을 개척할 자본으로 바뀐다.,미 제약로비가 센트리언 특허를 노릴 때 생명구호 여론으로 막을 수 있을지가 열린다.,상반기 계열사 수익결산과 미래기술 투자.,"미 제약협회 가입·특허방어, 미국 대선 이후 공급망.",DCA-N49,0.94
596,596,어르고 달래기 (1),104107,104260,해외 제약사들도 예정보다 빨리 백신을 개발하며 센트리언 독점에 미국 로비가 달라붙는다.,SMA 치료제 무료공급으로 특허강탈 프레임을 생명구호 여론으로 뒤집는 약속.,환자가족·언론에게 무료약 계획을 공개해 제약협회의 공격비용을 높인다.,미 제약로비의 특허강탈 위협에 SMA 치료제 무료 공급으로 여론전을 건다,미 제약협회는 정치권·특허제도에 강한 영향력이 있어 한국 기업을 시장 밖으로 밀 수 있다.,협회는 자기 힘은 알지만 태우의 금융·여론·환자 네트워크 규모는 모른 채 과신한다.,SMA 치료제 무료공급안과 환자가족 중심 여론전이 시작된다.,여론·생명보상,특허를 빼앗길 방어전이 희귀질환 생명을 살리는 공공이미지 공세로 뒤집힌다.,SNS 여론이 협회를 얼마나 몰아붙이고 협회장이 한국에 올지가 남는다.,무료약 반격 개시.,"미 제약협회 가입, 해외공장·필수약 생산권.",DCA-N49,0.94
597,597,어르고 달래기 (2),104261,104422,독점기업 비판이 강한 미국에서 환자가족과 SNS가 제약협회의 탐욕을 집중공격한다.,여론역풍으로 센트리언 배제가 불가능해져 협회가 먼저 가입을 청하게 만드는 보상.,가족증언·무료약 비용을 공개하고 협회 소속사들의 책임을 비교한다.,SNS·환자 가족 여론으로 제약협회를 역풍에 몰아넣는다,로비기업들이 언론을 되사거나 태우의 무상공급을 시장교란으로 공격할 수 있다.,협회는 여전히 주도권이 자신들에게 있다고 믿지만 한국에 오는 순간 힘의 위치가 뒤집힐 상황이 된다.,미국 여론이 센트리언 편으로 기울고 스티븐 허블의 한국 협상방문이 확정된다.,평판·협상지위,가입을 구걸할 수 있던 한국 기업에서 협회장이 직접 찾아와 달래야 하는 여론 우위 기업으로 바뀐다.,허블이 어떤 생산권·가입조건을 내놓고 김민재가 무료약 부담을 어떻게 나눌지가 열린다.,여론전 승리와 협회장 방한.,"정회원 계약, 아시아 필수의약품 생산권.",DCA-N49,0.94
598,598,어르고 달래기 (3),104423,104592,미국 제약협회장 스티븐 허블이 한국에서 김민재와 대등한 조건을 찾는다.,해외 백신공장·필수의약품 아시아권·일본 공급사지분을 받아 로비전을 제도권 자산으로 닫는 보상.,정회원 가입과 무료약 지원을 맞바꾸며 센트리언의 생산영역을 넓힌다.,스티븐 허블과 해외 백신공장·필수의약품 아시아 생산권·무료약 지원을 교환한다,글로벌 제약사 이익을 해치지 않으면서 무상공급 비용과 생산권을 나눠야 한다.,이 계약은 곁다리이고 진짜 목적은 미국 대선 승자와 패자를 모두 챙겨 폭주를 막는 것임이 드러난다.,"미 제약협회 정회원, 해외공장·필수약 아시아 생산권과 일본 공급사 지분이 계약으로 확정된다.",제도권지위·생산권,로비에 공격받던 센트리언이 미국 제약제도의 내부회원이자 아시아 공급주체로 올라선다.,11월 미국 대선에서 패자가 불복할 때 어떻게 어르고 달랠지가 전면에 남는다.,미 제약협회 전쟁과 생산권 계약.,"미국 대선 결과, 패자 불복·정권이양.",DCA-N49,0.94
599,599,어르고 달래기 (4),104593,104768,11월 3일 미국 대선에서 바이든이 58대42로 승리하고 김민재가 현지에서 결과를 본다.,패배한 트럼프의 소송·폭동을 막아 2024년 관계를 살리고 바이든 정부에도 안전하게 착지하는 약속.,트럼프의 체면·미래를 보장해 정권이양을 설득하고 다이먼에게 새 정부 연결을 강화하게 한다.,바이든의 58대42 승리를 확인하고 트럼프의 분열·폭주를 달랜다,트럼프는 패배를 인정하지 않고 지지층 동원·법정투쟁으로 미국을 분열시킬 수 있다.,앞으로 김민재 계획에는 미국의 적극 지원이 필요해 다이먼이 양쪽 관계에서 더 큰 역할을 맡아야 한다.,"트럼프와의 직접 달래기·미래선 보존, 다이먼의 바이든 통로 강화가 실행된다.",권력이양·관계,트럼프 단일 우호정권이 끝나고 패자와 승자 모두에게 지분을 둔 이중관계로 재편된다.,바이든 당선인에게 가이아나 방산·에너지·태우사업을 어떤 대가로 보장받을지가 열린다.,대선 승패 확정과 불복완화 착수.,"정권이양, 바이든 사업보호, 가이아나 계약.",DCA-N50,0.94
600,600,어르고 달래기 (5),104769,104942,다음 날 바이든 당선인과 비공식 회동이 미국 일정의 하이라이트로 열린다.,가이아나 100억 달러 금융·한국 무기를 제안해 남미 에너지·방산거점을 미리 심는 약속.,기존 태우사업 보호와 가이아나 무기수입 허용을 새 정부의 첫 거래로 확정한다.,바이든 당선인에게 가이아나 무기·태우사업과 100억 달러 금융을 제안한다,친환경 바이든은 유전·방산 거래를 꺼리고 트럼프 시절 사업을 재검토할 수 있다.,러시아·우크라이나 전쟁은 아직 이르지만 지금 준비해야 변화의 주도권을 잡을 수 있다는 경고가 데이비드의 장난기까지 지운다.,바이든에게 태우사업 보호·가이아나 100억 달러 대출과 한국산 무기 제안이 공식 전달된다.,정권관계·해외거점,새 미국정부에 노출된 기존사업이 방산·금융·에너지 협력의 선제 제안으로 전환된다.,가이아나 수뇌부가 조건을 받고 HBM·SMR·러우 감시가 실제 산업배치로 이어질지가 남는다.,바이든과 새 거래의 원칙 제시.,"가이아나 계약, HBM·SMR 투자, 러우 전쟁 대비.",DCA-N50,0.94
601,601,뿌리 내리기 (1),104943,105101,김포공항의 맑은 하늘 뒤로 팬데믹 탓에 멈춘 공장들이 보이고 김민재는 국내 산업을 다시 점검한다.,천민정의 극저온 식각·AI 성과와 SMR을 묶어 차량용칩 위기 뒤 성장축을 심는 약속.,첨단장비·데이터센터·소형원전을 국가 기반으로 확정해 다음 공급충격을 버틴다.,천민정의 AI·장비 성과를 확인하고 SMR을 밀며 차량용칩 위기 뒤를 준비한다,공장가동은 아직 회복되지 않았고 원전 반대·막대한 투자비·일본 자동차업계의 경계가 남는다.,일본 업체가 먼저 손을 내밀 때만 비싼 대가를 받고 칩을 주겠다는 공급자 우위가 확인된다.,극저온 식각장비 성과가 공인되고 SMR·AI 데이터센터를 함께 키우는 투자방향이 확정된다.,기술능력·에너지기반,팬데믹 뒤 멈춘 산업에서 첨단공정·AI·SMR을 가진 장기 성장체계로 뿌리를 옮긴다.,일본 자동차업체가 칩 부족에 굴복할지와 원전 동맹에 어느 재벌이 붙을지가 남는다.,극저온 식각 성과와 SMR 추진결정.,"일본 차량용칩 거래, 원전 건설동맹.",DCA-N50,0.94
602,602,뿌리 내리기 (2),105102,105272,데이비드의 밝은 전화로 가이아나 쪽 진척을 확인한 뒤 현재 장 회장이 방산수출 지원을 요청한다.,로템 전차수출을 도운 대가로 현재그룹을 원전 확대편에 세우는 재벌동맹 보상.,금융·외교로 전차계약을 밀어 주고 태우건설의 원전시장 장악에 현재그룹 역량을 묶는다.,현재 장 회장에게 로템 전차수출을 지원하고 원전 동맹 참여를 얻는다,방산지원은 경쟁재벌에 이익을 주고 원전정책은 정치·환경반발과 거액 장기리스크를 안는다.,원전시장을 장악하면 태우건설 자체가 그룹의 새 핵심 경쟁력이 된다는 교환가치가 선다.,로템 수출지원과 현재그룹의 원전동맹 참여가 서로의 사업대가로 합의된다.,사업동맹·계열사위상,재벌 간 개별청탁이 방산과 원전을 맞바꾼 장기 산업동맹으로 바뀐다.,메타버스 거품을 현금화하면서 플랫폼 통제권을 지킬 지분거래가 다음으로 열린다.,로템 지원·원전동맹 교환.,"원전 수주, 메타버스 지분매각.",DCA-N50,0.94
603,603,뿌리 내리기 (3),105273,105447,센트리언의 월별 최고매출을 보고받은 김민재가 메타버스 기업의 과열가치를 계산한다.,거품 전에 지분 40퍼센트를 글로벌 IT에 팔아 현금을 얻고도 플랫폼 주도권을 남기는 약속.,다수 IT기업에 소수지분을 나눠 주되 의결·기술통제는 태우가 유지한다.,메타버스 거품 전에 지분 40퍼센트를 글로벌 IT에 팔되 통제권은 남긴다,지분분산은 향후 경영간섭을 부르고 너무 일찍 팔면 메타버스 성장분을 놓칠 수 있다.,김민재가 이미 많은 글로벌 IT기업 최대주주라 대부분은 별도 설득 없이 거래가 된다는 숨은 우위가 드러난다.,메타버스 지분 40퍼센트 매각구조와 태우 통제권 유지조건이 정해진다.,현금·플랫폼통제,과열된 비상장 가치가 현금과 글로벌 연합지분으로 바뀌면서도 지배권은 태우에 남는다.,매각 뒤 암호화폐 거품과 북한의 센트리언 해킹이 플랫폼·기술안보를 어떻게 시험할지가 남는다.,메타버스 현금화·지배권 구조 설계.,"글로벌 지분교환, 암호화폐 규제, 북한 해킹.",DCA-N50,0.94
604,604,뿌리 내리기 (4),105448,105609,닷컴버블과 닮은 기술·암호화폐 과열을 보며 김민재와 한 부회장이 단속시점을 고민한다.,거품통제 전에 백신·치료제 기술을 노린 북한 해킹을 찾아 그룹 핵심을 지키는 생존 약속.,AI보안으로 침입경로를 추적하고 배후·표적·내부협조 여부를 확인한다.,암호화폐 거품 단속을 준비하던 중 북한의 센트리언 핵심표적 해킹을 포착한다,북한 국가조직은 추적·보복이 어렵고 센트리언 핵심정보가 빠지면 인명·사업 모두 타격을 입는다.,오후에 공격대상이 태우의 핵심인 센트리언임이 밝혀져 금융거품보다 즉각적인 생존위협으로 우선순위가 바뀐다.,북한의 센트리언 백신·치료제 기술 탈취시도가 포착되고 비상방어가 가동된다.,정보안보·생존,시장거품 관리가 주 과제였던 상태에서 국가해킹으로 그룹 핵심 생명기술을 지키는 전시상태로 바뀐다.,해킹을 막은 뒤 북한 불만세력·장남 카드를 어떻게 쓰고 호주 석탄을 얼마나 살지가 열린다.,해킹시도 탐지.,"공격차단·배후확인, 북한 권력변수, 중국 에너지압박 대비.",DCA-N50,0.94
605,605,뿌리 내리기 (5),105610,105770,서정준은 울상이고 천민정은 분노한 채 센트리언 해킹상황을 김민재에게 보고한다.,AI로 북한 공격을 막고 장남 경로와 호주석탄 물량을 함께 확보해 안보·에너지 역공을 준비하는 약속.,침입을 역추적해 북한 내부 불만세력을 그리고 중국이 막은 호주산 석탄을 선점한다.,AI 방어로 북한 해킹을 막고 불만세력·장남 경로를 그리며 호주산 석탄을 비축한다,북한 권력개입은 군사위험을 부르고 호주·중국 QUAD 갈등 속 한국이 편을 고르면 외교부담이 커진다.,한국도 QUAD 가입권유를 받는 상황이라 공식동맹 대신 상업계약으로 호주를 돕는 우회로가 필요해진다.,AI가 해킹을 차단하고 장남 관련 경로가 정리되며 호주석탄 비축·순방계획이 세워진다.,안보정보·에너지재고,방어에 그치지 않고 북한 권력카드와 중국 전력난 때 쓸 석탄을 동시에 가진 역공태세로 이동한다.,QUAD에 직접 들어가지 않고 호주·가이아나와 에너지·방산 계약을 맺을 수 있을지가 남는다.,센트리언 해킹 차단과 역추적.,"호주 석탄 장기계약, 가이아나 방산, 북한 장남 변수.",DCA-N50,0.94
606,606,물량 확보 (1),105771,105925,2020년 말 지친 최재석이 원전개발과 에너지안보 문제를 들고 김민재를 만난다.,동해 고갈가스전을 LNG 저장고로 바꿔 QUAD 부담 없이 에너지 혈로를 만드는 국가 인프라 약속.,저장고 전환을 정부사업으로 확정하고 호주·가이아나 순방에서 공급계약을 닫는다.,최재석과 동해 고갈가스전을 LNG 저장고로 전환하고 호주·가이아나 순방을 정한다,전환비용과 안전성 문제가 크고 해외공급국 계약이 정치갈등에 흔들릴 수 있다.,위드코로나부터 종식 이후까지 계속 성장하려면 이번 출장이 에너지 분기점이라는 시간이 명확해진다.,동해 고갈가스전 LNG 저장고 전환과 호주·가이아나 순방안이 승인된다.,국가인프라·에너지안보,해외 현물구매에 의존하던 한국이 대규모 저장공간과 장기공급 계약을 설계하는 상태로 바뀐다.,모리슨이 중국에 막힌 석탄을 태우에 장기판매할지와 가이아나가 유전·방산안을 받을지가 열린다.,LNG 저장고 전환 결정.,"호주 석탄계약, 가이아나 유전·방산 합의.",DCA-N50,0.94
607,607,물량 확보 (2),105926,106110,캔버라공항에서 이종수에게 호주석탄 재고·가격·정부입장을 보고받는다.,중국 금수로 막힌 호주를 구하면서 향후 중국 전력난에 팔 대규모 석탄을 선점하는 약속.,모리슨에게 장기구매와 해운·저장 패키지를 제시해 물량·가격우선권을 얻는다.,모리슨에게 중국이 막은 호주 석탄을 태우가 사들이는 장기계약을 제안한다,호주는 중국과의 관계회복 가능성을 남기고 싶고 한국이 너무 싼값을 요구하면 국내비판이 생긴다.,협상분위기가 예상과 달라도 한 부회장은 김민재가 준비시킨 숨은 카드를 갖고 있어 물러서지 않는다.,태우의 장기구매 제안이 공식화되고 호주 측의 역조건에 대응할 카드가 가동된다.,공급권·외교관계,중국에 판로를 막힌 석탄이 태우의 장기계약 대상이 되어 호주와 한국의 이해가 직접 연결된다.,숨은 카드로 어떤 가격·물량을 받고 가이아나 계약까지 이어 갈지가 남는다.,호주 협상 개시와 대체카드 투입.,"장기 석탄물량 확정, 중국 전력난 판매, 가이아나 순방.",DCA-N50,0.94
608,608,물량 확보 (3),106111,106261,신생산유국 가이아나의 졸부불안을 읽은 김민재가 교육·유전·방산 패키지를 내민다.,IIT·한국대학 인재양성과 싼 유전지분·한국무기를 묶어 남미 거점을 계약으로 얻는 보상.,국가가 부를 지킬 제도·인재를 제공하고 태우는 광산·해운·에너지 권리를 확보한다.,가이아나에 IIT·한국대학과 싼 유전지분·방산을 묶어 합의를 이끈다,가이아나는 자원주권 상실을 경계하고 방산대출은 미국 승인·상환위험을 안는다.,당장의 돈보다 부를 지킬 인재·교육을 제공하면 졸부국가의 가장 큰 두려움을 해결할 수 있다.,"IIT·한국대학 교육, 유전지분·방산·금융 조건의 국가합의가 성립된다.",해외거점·자원권,단기 유전거래가 가이아나의 인재·안보까지 태우상사와 묶는 장기국가동맹으로 확장된다.,새해 베트남에서 더 큰 에너지 모험을 김태중과 상의해야 할 위험이 남는다.,가이아나 교육·유전·방산 패키지 합의.,"대출집행·무기수출, 베트남 은행·정유 거점.",DCA-N50,0.94
609,609,물량 확보 (4),106262,106419,"2021년 새해, 무역분쟁이 군사분쟁으로 넘어가기 전 김민재가 베트남의 김태중을 찾는다.",사이공은행 미아인의 불법대출·차명망을 뒤집어 정유·에너지 자산을 회수할 명분을 만드는 약속.,40조 원 불법대출과 10조 원 비자금을 추적해 권력연결을 끊고 은행·정유거점을 장악한다.,김태중과 베트남 사이공은행 미아인의 불법대출·차명망을 역이용한다,미아인은 정부고위층과 결탁했고 공격이 실패하면 김태중과 현지 태우자산까지 보복받을 수 있다.,성공하면 미국·유럽·아시아가 김민재가 짠 에너지판에서 움직일 모험수임이 확인된다.,차명대출·페이퍼컴퍼니·권력연결 증거와 강 대위 보호팀이 배치돼 공개 직전까지 간다.,증거·권력전,의심뿐이던 베트남 부패재벌이 금융타워 정보망으로 해체 가능한 구체 계좌·정치망으로 드러난다.,자료를 공개했을 때 베트남 정부가 미아인을 버리고 김태중에게 거점을 내줄지가 걸린다.,미아인 불법망 증거와 보호작전.,"계좌동결·구속, 정유회사 인수, 베트남 고위층 재편.",DCA-N50,0.94
610,610,물량 확보 (5),106420,106590,한국으로 돌아온 김민재와 바이든 취임식을 마친 한 부회장이 베트남 공개작전을 점검한다.,40조 원 대출·10조 원 비자금을 터뜨려 미아인 권력망을 흔들고 김태중의 현지 통로를 굳히는 보상.,현금창고·계좌·페이퍼컴퍼니를 동결하고 베트남 정부가 사태를 미아인 개인범죄로 수습하게 한다.,40조 원 불법대출·10조 원 비자금과 아홉 현금창고를 공개하고 미아인의 계좌·페이퍼컴퍼니를 동결한다,연계 엘리트까지 한꺼번에 잡으면 베트남 경제·정권이 흔들려 태우도 역풍을 맞을 수 있다.,김태중이 푹 수상과 직접 통화하며 일부 고위층을 자기 사람으로 만들 정도로 작전주도권을 얻는다.,미아인의 아홉 현금창고·차명계좌가 공개·동결되고 베트남 정부의 개인일탈 수습선과 김태중의 총리통로가 확보된다.,금융권력·정치관계,부패망을 폭로할 외국 투자자에서 베트남 총리·고위층의 수습방향까지 움직이는 현지 권력자로 올라선다.,"미아인 본인 구속과 정유회사 인수가 실제로 닫힐지, 김태중의 다음 삶이 무엇일지가 남는다.",불법자금 공개·계좌동결과 정부 수습선.,"미아인 구속, 정유회사 소유권, 김태중의 축구협회 도전.",DCA-N50,0.94
611,611,작은 부탁 (1),106591,106781,즈엉 미아인의 노점상 출신 성공과 정치·금융 인맥이 무너지며 구속집행이 시작된다.,베트남 위험투자를 구속·정유회사로 닫은 뒤 은퇴한 김태중에게 축구라는 새 삶을 돌려주는 약속.,미아인 결산을 확인하고 부산 경기장에서 김태중이 정말 원하는 역할을 듣는다.,"즈엉 미아인의 구속과 정유회사 인수 보고를 확인한 뒤, 귀국한 김태중과 부산 축구장에서 경기를 본다",미아인은 숨긴 현금으로 수습을 시도하고 김태중도 손자에게 직접 부탁하기보다 목적을 감춘다.,"미아인 재산·페이퍼컴퍼니가 모두 공격받고 정유회사 인수까지 끝난 뒤, 축구경기에서 김태중의 또 다른 목적이 암시된다.",미아인이 금융범죄로 구속되고 김태중이 베트남 정유회사를 확보해 위험투자를 실물거점으로 닫는다.,가족역할·해외자산,해외 모험을 맡던 은퇴회장이 정유거점을 남기고 부산 축구장에서 새 공적역할을 찾는 사람으로 이동한다.,김태중이 축구단 애정 너머 품은 목적과 이를 위해 필요한 250억 지원이 남는다.,미아인 구속과 정유회사 인수.,"축구협회장 출마의사, 선거자금·대의원 구조.",DCA-N51,0.94
612,612,작은 부탁 (2),106782,106960,경기를 함께 보던 김태중이 축구의 재미를 말하며 협회 운영에 대한 속내를 드러낸다.,매년 90억 기부·후원확대와 국제인맥으로 김태중의 명예회복을 실제 선거판으로 만드는 약속.,협회예산·선수지원·구단투자를 설계하고 메타버스 지분교환도 글로벌 연합으로 확정한다.,축구협회장 지원과 메타버스 글로벌 지분교환을 동시에 설계한다,현재그룹이 20년 쥔 축구카르텔과 대의원 이해관계가 외부후보를 막는다.,태우 중심 글로벌 IT 연합은 미국·중국도 적대하기 어려운 영향력을 갖춰 선거 외 자금·후원방벽이 된다.,"김민재가 협회장 지원을 수락하고 매년 90억 기부·후원사 확대, 메타버스 지분교환 방침을 확정한다.",가족지원·플랫폼지분,김태중의 막연한 희망이 돈·인맥·공약을 갖춘 공식 협회장 프로젝트로 바뀐다.,기존 대의원 카르텔을 중계권·추가구단 공약으로 얼마나 흔들 수 있을지가 열린다.,출마지원 수락과 자금·후원 설계.,"17표 확보, 메타버스 지분대가, 협회 개혁.",DCA-N51,0.94
613,613,작은 부탁 (3),106961,107161,범 현재그룹이 20년 가까이 축구협회를 장악한 카르텔 구조가 드러난다.,국제인맥·추가구단·중계료 300억 공약으로 돈만 쓰는 후보가 아니라 판을 바꾸는 후보를 세우는 약속.,대의원에게 늘어난 예산을 보여 표를 얻되 태우인력이 돈을 철저히 관리하게 한다.,국제 축구인맥·추가 구단·중계권 60억에서 300억 인상으로 기존 카르텔을 깬다,대의원들은 개혁보다 자기 몫의 콩고물을 기대하고 기존 회장측 압박도 강하다.,예산이 커지면 이권도 커진다고 착각한 대의원들이 호응하지만 실제로는 십 원까지 감시될 덫이 깔린다.,추가구단·중계료 60억→300억·후원확대 공약이 발표되고 대의원 표가 김태중 쪽으로 움직인다.,정치표·제도개혁,외부의 부자후보가 협회 수익구조를 바꿀 개혁후보가 되고 카르텔 대의원은 스스로 표를 내줄 유인에 묶인다.,실제 투표에서 17표를 확보할지와 당선 뒤 이권관리를 지킬지가 남는다.,선거공약과 표결집.,"김태중 당선, 협회예산 감시, 플랫폼 지분보상.",DCA-N51,0.94
614,614,작은 부탁 (4),107162,107325,김태중이 오랜만에 공식석상에서 추가구단·중계료·후원사 공약을 직접 발표한다.,17표 당선과 메타버스 지분교환을 함께 받아 가족의 새 역할·플랫폼 투자를 결산하는 보상.,협회장 표결을 이기고 글로벌 IT기업에 판 지분대가를 우량주로 바꾼다.,김태중의 축구협회장 당선과 메타버스 지분 교환을 확인한 뒤 중국 제약사의 델타 변이 백신 밀어주기를 감시한다,기존 카르텔의 막판 표이탈과 글로벌 플랫폼 지분가치 변동이 남아 있다.,가족결산 직후 중국의 자국백신 밀어주기가 델타 확진·의료마비를 부를 다음 국제위기로 떠오른다.,김태중이 17표로 축구협회장에 당선되고 메타버스 지분대가로 마이크로소프트 주식을 받는다.,직책·지분,은퇴한 김태중은 축구협회장이라는 공적직책을 얻고 태우는 플랫폼지분을 글로벌 우량주로 환전한다.,"델타 변이와 중국 백신실패, 바이든 방한에서 반도체 예외권을 얻는 새 판이 열린다.",축구협회장 선거와 메타버스 지분매각.,"델타 백신외교, 미국 반도체공장·중국 팹 예외.",DCA-N51,0.94
615,615,작은 부탁 (5),107326,107501,날씨가 풀리며 새로 임명된 핀리 대사가 바이든의 한국방한을 알린다.,미국 반도체공장을 양보해 중국 팹 자유·국채협력을 얻고 미중 선택권을 보존하는 약속.,바이든에게 미국 생산·고용을 주는 대신 기존 중국설비와 금융타워 활동의 예외를 받는다.,바이든 방한 때 미국 반도체공장을 양보하고 중국 팹 자유·국채 협력을 얻는다,미국은 공급망을 자국 안으로 끌어오려 하고 중국공장을 계속 쓰는 기업을 압박한다.,미국채를 사 주는 금융관계까지 묶이면 반도체뿐 아니라 양국관계의 주도권도 태우로 이동할 수 있다.,미국 반도체공장 투자와 중국 팹 자유·미국채 협력의 맞교환이 성립된다.,정책예외·공급망,태우는 미중 사이에서 선택을 강요받는 기업이 아니라 양쪽 생산권과 미국 금융관계를 동시에 가진 예외기업이 된다.,르네사스 화재로 칩이 부족해진 일본이 T 충전표준·장기계약에 굴복할지가 남는다.,바이든 방한 반도체·국채 거래.,"일본 차량용칩 협상, 중국 델타 재협상.",DCA-N52,0.94
616,616,백기를 들다 (1),107502,107680,바이든의 아시아순방이 끝나 일본은 방위비·대만공조를 주고 미국 지지를 산다.,르네사스 화재로 몰린 일본 완성차에 칩을 주되 T 충전망과 10년 전기차 계약을 받아내는 보상.,차량용칩 공급량을 미끼로 일본 업체를 태우표준·장기구매에 묶는다.,르네사스 화재 뒤 일본 완성차에 칩을 주되 T충전망·EV 10년 계약을 묶는다,일본 기업은 태우 종속을 피하려 하고 T 규격을 쓰지 않는 선택지도 형식상 남아 있다.,T 규격을 쓰지 않으면 전기차칩 성능을 100퍼센트 내지 못한다는 설계가 사실상 강제가입 장치가 된다.,일본 업체가 차량용칩 대가로 T 충전시스템과 전기차 10년 계약조건을 수용한다.,산업표준·장기계약,한국을 제재하던 일본 자동차업계가 칩 부족 앞에서 태우의 표준과 공급계약에 들어온다.,중국이 델타 변이와 센트리언 공장철거 압박 앞에 백신자존심을 접을지가 열린다.,일본 차량용칩·T 표준 계약.,"중국 동부 백신시장, 에버그란데 공매도.",DCA-N52,0.94
617,617,백기를 들다 (2),107681,107841,일본 계약이 하루도 안 돼 체결될 만큼 완성차업체의 발등에 불이 떨어진다.,센트리언 공장철거 엄포와 델타 확산으로 중국이 자국백신 자존심을 접게 만드는 약속.,중국 합작공장을 철수할 수 있다고 압박해 시장·지분조건을 다시 쓴다.,센트리언 공장 철거 엄포와 델타 실패로 중국을 다시 협상장에 세운다,중국은 체면과 산업주권 때문에 외국백신 의존을 인정하려 하지 않고 철수하면 거대시장도 잃는다.,협상장을 박차고 나오는 행동 자체가 주도권이 태우에 있음을 각인시키는 전략이 된다.,공장철거 통보가 전달되고 델타 확산 실패 속 중국이 재협상을 요청하는 단계로 물러난다.,협상주도권·방역시장,중국이 기술이전을 요구하던 우위에서 센트리언 철수를 막기 위해 시장양보를 준비하는 수세로 바뀐다.,싱밍이 어떤 동부시장·지분조건을 내놓고 김민재가 부동산 붕괴에 얼마나 걸지가 남는다.,중국 재협상 유도.,"동부 백신시장 확보, 100조 원 공매도.",DCA-N52,0.94
618,618,백기를 들다 (3),107842,108009,주한 중국대사 싱밍이 몽골사업 인연을 앞세워 센트리언을 붙잡는 협상에 나선다.,중국 동부 고밀도시장을 얻고 에버그란데 붕괴에 100조 원 이상 걸어 방역승리를 자본전으로 키우는 보상.,백신공급·합작유지를 대가로 시장권을 받고 중국 부동산·지수 하락포지션을 확대한다.,중국 동부 고밀도 시장을 센트리언 몫으로 받고 100조 원 이상 중국 부동산 공매도에 건다,중국 정부가 붕괴를 떠받치면 숏 손실이 막대하고 시장권도 행정명령 한 번에 흔들릴 수 있다.,어느 국가의 눈치도 보지 않는 다국적 금융타워라 대규모 공격을 숨기고 이익은 태우에 집중할 수 있다.,센트리언의 중국 동부시장 권리와 합작유지가 확정되고 100조 원 이상 공매도가 실행된다.,시장권·금융포지션,백신시장 양보가 세계 최대 부동산 붕괴에 참여할 정보·자금 우위까지 연결된다.,수에즈 운하 사고에서 태우의 중장비·해운망이 어떤 국가보상을 받을지가 열린다.,중국 백신 재협상과 공매도 진입.,"에버그란데 결산, 수에즈 구조·확장공사.",DCA-N52,0.94
619,619,백기를 들다 (4),108010,108186,일본과 중국이 태우 도움 앞에 물러난 직후 수에즈 운하 좌초로 세계물류가 멈춘다.,태우 중장비·예인선으로 운하를 나흘 만에 열고 이집트 신뢰·확장공사를 얻는 약속.,태우선박은 우회시키고 현장장비를 무상지원해 국가·아프리카연합의 마음을 산다.,수에즈 좌초 때 태우선박을 우회시키고 중장비·예인선으로 운하를 나흘 만에 연다,좌초선 제거가 실패하면 비용·평판을 떠안고 우회선박도 운임·시간 손해를 본다.,대가를 먼저 요구하지 않는 순수한 도움 연기가 아프리카연합의 장기신뢰를 사는 최적 수단이 된다.,운하가 나흘 만에 재개통되고 태우는 이집트 신뢰와 2억 달러 확장공사 협상권을 얻는다.,물류지위·국가신뢰,우회로 피해를 피하는 선사에서 세계 물류병목을 직접 해결하고 운하확장에 참여하는 국가급 사업자로 올라선다.,우선통항·확장계약을 닫은 뒤 로나 스테이블코인 공격과 이상기후가 다음 위험으로 열린다.,수에즈 구조와 이집트 신뢰 확보.,"확장공사·우선통항권, 로나 공매도, 폭우발 대란.",DCA-N52,0.94
620,620,백기를 들다 (5),108187,108349,수에즈가 나흘 만에 재개통돼 회귀 전보다 피해가 절반으로 줄고 태우 공로가 확인된다.,수에즈 우선권·확장공사를 받고 로나 스테이블코인의 구조적 허점을 미리 드러내는 이중 결산.,경제학자·이더리움 비교·공매도로 로나의 거짓안정을 깨 시장폭풍 전에 경고한다.,"수에즈 운하를 나흘 만에 열어 우선 통항권·확장공사 약속을 받고, 로나 스테이블코인의 구조적 허점을 공개한다",스테이블코인 신봉자·발행사는 여론과 가격방어에 나서고 너무 이른 공격은 숏 손실을 부른다.,금융위험보다 더 큰 세계 폭우가 곧 에너지·식량대란을 몰고 온다는 압박이 마지막에 전면화된다.,수에즈 통항우선권·확장공사 약속이 확정되고 로나 취약성 공개·공매도가 시작된다.,물류권·금융경고,물류병목 해결 보상을 받은 직후 태우의 시선이 디지털거품과 물리적 기후대란으로 이동한다.,세계 폭우가 석탄·곡물 공급을 얼마나 끊고 로나 공격이 언제 결산될지가 남는다.,수에즈 구조 보상과 로나 1차 공격.,"중국 탄광침수, 식량·에너지 대란, 로나 99퍼센트 붕괴.",DCA-N52,0.94
621,621,폭우 (1),108350,108523,매년 더 더워지는 여름 속 중국의 폭우·폭염이 탄광과 운송로를 동시에 잠근다.,미리 산 호주·몽골 석탄과 태우해운이 3~10배 운임·에너지 수익으로 돌아오는 보상.,비축석탄을 필요한 곳에 풀고 선박을 배치해 공급차질을 이익·영향력으로 바꾼다.,중국 폭우·폭염·탄광침수로 석탄난이 오자 비축물량과 해운을 가동한다,"구호와 폭리를 동시에 취한다는 비판, 침수된 도로·철도로 인한 실제운송 제약이 있다.",태우상사가 과거 상사맨 전성기처럼 다시 한국경제의 주요축이 될 역할이 확인된다.,호주·몽골 비축석탄 판매와 고운임 운송이 시작돼 태우상사 수익·지위가 상승한다.,에너지수익·계열사지위,저가 비축재고가 중국 전력난을 움직이는 전략물자가 되고 태우상사는 그룹 주변부에서 핵심축으로 복귀한다.,농지침수와 곡물가 상승에 맞서 한국 식량자급을 어떤 체제로 바꿀지가 열린다.,석탄 선점의 실물수익.,"식량대란, 스마트팜·기업농 법안.",DCA-N53,0.94
622,622,폭우 (2),108524,108692,중국 폭우가 농지·도로·철도까지 파괴해 곡물가격과 공급망을 함께 흔든다.,스마트팜·위성·AI와 기업농 법으로 한국 식량자급과 태우 유통지배를 동시에 키우는 약속.,생산성을 높일 대형농장과 관측·물류체계를 정부정책으로 만들 준비를 한다.,식량가 급등과 곡물메이저 압박에 스마트팜·위성·AI와 기업농 법안을 준비한다,소농은 기업농에 토지와 생계를 빼앗길 것을 두려워하고 곡물메이저도 태우의 독립망을 압박한다.,식량도 전략무기가 되는 시대라 자급률 30퍼센트 한국을 바꿀 명분과 태우상사 이익이 일치한다.,스마트팜·농업위성·AI 유통망과 기업농 법안의 기본설계가 완성된다.,식량안보·산업구조,단기 수입대응에서 토지·기술·법을 묶어 장기 생산성과 유통권을 바꾸는 국가프로젝트로 확대된다.,필요한 평야를 누가 사고 자율주행·당 후계문제까지 청와대에서 어떻게 묶을지가 남는다.,식량체제 설계.,"국내 평야매입, 기업농 입법, 농민반발.",DCA-N53,0.94
623,623,폭우 (3),108693,108858,오랜만에 명동을 찾은 김민재를 이영한이 여전히 깍듯하게 맞는다.,시장 꼭대기 전에 명동 투자금을 회수해 일본 슈퍼앱·레벨5 자율차·국내 평야라는 실물기반으로 옮기는 약속.,이익을 현금화하고 토지·모빌리티·플랫폼을 다음 국가사업의 자산으로 확보한다.,명동 투자금을 꼭대기 전에 회수하고 일본 슈퍼앱·레벨5 자율차·국내 평야 매입을 점검한다,너무 일찍 회수하면 상승분을 놓치고 대규모 토지매입은 투기·농민반발을 부른다.,기업농과 완전자율주행 모두 정부규제 없이는 불가능해 최재석과 한 자리에서 풀어야 한다.,명동 투자금 회수와 일본 플랫폼·레벨5·평야 매입현황이 확인되고 청와대 담판이 결정된다.,자산재배치·기술실증,금융차익이 현금으로 끝나지 않고 농지·자율주행·일본 플랫폼의 실물통제력으로 바뀐다.,최재석이 제주 실증·기업농 법과 함께 퇴임 뒤 당 후계문제까지 꺼낼지가 열린다.,명동 수익회수·실물자산 점검.,"자율주행 규제, 기업농 입법, 국민경제당 후계자.",DCA-N53,0.94
624,624,폭우 (4),108859,109020,청와대가 편안해질 만큼 가까워진 김민재가 최재석과 규제·퇴임문제를 솔직히 논한다.,제주 자율주행 실증·기업농을 허용받고 대통령 퇴임 뒤에도 국민경제당 협력선을 잇는 약속.,두 산업정책을 통과시키는 대가로 당 후계후보 검증과 정치기반 유지에 힘을 보탠다.,최재석에게 제주 자율주행 실증과 기업농을 요구하고 후계자 선정을 돕기로 한다,자율주행 안전사고·기업농 반발과 보수·진보 인물의 당내 충돌이 동시에 위험하다.,국민경제당이 서로 다른 진영을 모르는 사이 대화합의 장으로 만들었다는 후계구도가 드러난다.,제주 실증·기업농 추진과 후계자 선정을 함께 돕는 김민재·최재석 합의가 성립된다.,정책·정치승계,현직 대통령 개인과의 동맹이 퇴임 뒤 당의 사람·노선까지 이어 갈 장기협력으로 확대된다.,제주 무인주행이 성공할지와 3천 명 당원 속 배신자를 강 대위가 찾아낼지가 남는다.,정책허용·후계검증 합의.,"자율주행 실증, 당 내부정리, 기업농 법 통과.",DCA-N53,0.94
625,625,폭우 (5),109021,109183,김민재·한 부회장·천민정이 오랜만에 제주에서 완전자율주행 차량을 직접 본다.,무인주행 성공과 3천 명 당원 전수검증으로 기술·정치조직 두 기반을 동시에 정리하는 약속.,레벨5 안전성을 증명하고 강 대위에게 국민경제당 내부 배신자·부패선을 좁히게 한다.,제주 무인주행을 성공시키고 당원 3천 명을 검증해 내부 배신자를 찾는다,실증사고 한 번이면 전국확대가 막히고 수천 명 검증은 정당내 불신·반발을 키운다.,수많은 유사작전을 해 온 강 대위가 자신 있게 웃어 내부정리 실행가능성이 높아진다.,제주 무인주행이 성공하고 3천 명 당원검증 자료·수사방식이 준비된다.,기술검증·조직통제,자율주행은 연구단계를 넘어 실제도로 성과를 보이고 정당은 신뢰가 아닌 증거기반 재편에 들어간다.,배신자가 누구이며 연변·도박·비트코인 자금이 어디까지 이어지는지가 열린다.,제주 실증 성공과 당원검증 착수.,"유석훈·백두혈통 장남 자금망, 기업농 법의 정치반발.",DCA-N53,0.94
626,626,내부 총질 (1),109184,109346,국민경제당 대표 유석훈이 최재석의 영향 아래 당내 배신자 증거를 넘겨받는다.,내부 총질을 증거로 정리하면서 북한 장남 변수는 외부노출 없이 키우는 약속.,배신세력을 당에서 제거하고 북한 정보는 강 대위·이영한 선에서만 처리한다.,유석훈에게 배신 증거를 넘겨 국민경제당을 정리하고 북한 장남 정보는 내부처리만 지시한다,공개숙청은 정당분열을 부르고 북한 개입 흔적이 드러나면 국가안보 문제가 폭발한다.,국가가 아니면서 국가급 힘을 가진 태우만이 중국·북한 상대 비공식전략을 쓸 수 있다는 자신감이 확인된다.,유석훈이 배신증거를 받아 당정리에 착수하고 장남 정보는 내부처리로 봉인된다.,정치조직·비밀정보,당 내부 의심이 대표가 집행할 증거기반 숙청으로 바뀌고 북한선은 태우 비공식망 안에 남는다.,중국 전력난을 이용해 장남의 연변 자금·물류기반을 만들 수 있을지가 열린다.,당 배신자 식별과 처리권 이관.,"리강 석탄협상, 연변 돈주·북한탄 통로.",DCA-N53,0.94
627,627,내부 총질 (2),109347,109508,중국 전력난으로 공장들이 멈추자 리강이 한국에 석탄지원을 요청한다.,장기구매를 받는 대신 연변 통로·북한탄 감시를 열어 장남의 경제기반을 만드는 약속.,"비축석탄을 공급하며 유통권과 정보접근, 북한 석탄경로를 조건으로 건다.",리강의 석탄 요청에 장기계약·연변 통로·북한탄 감시를 조건으로 건다,중국은 에너지 주권·북한관계를 외국기업에 내보이기 싫어하고 장남 직접지원은 보복을 부른다.,직접 돈을 주지 않아도 석탄유통과 연변기회를 제공하면 장남이 북한 안으로 파고들 수 있다.,중국 장기석탄 거래와 연변 물류·북한탄 감시조건이 협상에 들어간다.,에너지계약·비밀통로,단순 석탄판매가 중국 전력난 지렛대와 북한 대안세력의 우회기반으로 바뀐다.,연변 돈주·유통망을 장남이 실제로 자기 세력으로 요리할지가 남는다.,중국 석탄지원 조건 설정.,"장기계약, 장남의 연변 기반, 북한 의존도 상승.",DCA-N53,0.94
628,628,내부 총질 (3),109509,109656,중국 폭우 다음으로 미국 허리케인이 에너지시장을 흔들어 유가가 오른다.,회귀지식이 흐려진 구간에서도 정보망·공격세력 연합으로 유가·에버그란데 베팅을 이기는 약속.,유가 롱을 크게 잡고 중국 부동산을 공격하는 세력과 손잡아 은행·해외자본까지 노린다.,미국 허리케인으로 오른 유가에 크게 롱하고 에버그란데 공격세력과 손잡는다,정확한 미래를 모르는 고위험 베팅이며 작전세력과 손잡으면 뒤통수를 맞을 수 있다.,한 부회장은 중국 부동산뿐 아니라 장난질 세력·중국은행·쿠웨이트·독일자본까지 집어삼킬 계획을 갖는다.,유가 롱과 에버그란데 공격연합이 구축되고 상대세력까지 역포획할 판이 선다.,금융포지션·연합전,과거기억에 의존한 투자에서 실시간 정보·연합·역포획으로 수익을 만드는 단계로 이동한다.,에버그란데 주가를 먼저 띄운 뒤 숏수익을 회수하고 그 돈을 장남에게 흘릴지가 열린다.,유가 롱·공격연합 구성.,"에버그란데 결산, 연변 돈주 자금화.",DCA-N53,0.94
629,629,내부 총질 (4),109657,109844,대형 에버그란데까지 작전주처럼 급등락시키는 국제세력의 장난이 시작된다.,주가를 띄워 숏을 더 쌓은 뒤 붕괴수익을 장남의 연변 기반으로 넘기는 약속.,공격세력을 역이용해 금융수익을 거두고 돈주·석탄유통을 장남에게 제공한다.,에버그란데 주가를 띄운 뒤 공매도 수익을 거두고 연변 돈주로 장남을 지원한다,대형주 작전은 중국정부 개입과 막대한 변동성 때문에 실패할 경우 손실이 국가급이다.,태우는 재료만 주고 요리는 장남의 능력에 맡겨 직접개입 흔적을 줄인다.,에버그란데 공매도 수익이 실현되고 연변 돈주·석탄유통 기반이 장남 쪽으로 넘어간다.,금융수익·권력기반,중국 부동산 붕괴수익이 북한 대안세력의 독자 자금·물류기반으로 환전된다.,북한의 해킹·암호화폐·도박 자금을 막아 장남의 연변의존을 더 높일지가 남는다.,에버그란데 작전 결산.,"북한 불법자금 차단, 장남 기반의 성과.",DCA-N53,0.94
630,630,내부 총질 (5),109845,110005,술에 취한 이영한이 별채로 옮겨진 뒤 강 대위가 북한 불법자금 흐름을 보고한다.,해킹·암호화폐·도박자금을 막아 장남의 연변의존을 높이고 다음 금융전장을 엔화로 옮기는 약속.,북한 기존정권의 독립수입원을 끊고 조지에게 일본 공격판을 설계하게 한다.,북한 해킹·암호화폐·도박 자금을 막아 연변 의존을 높이고 조지를 일본 공격에 투입한다,불법자금 차단은 북한의 사이버보복을 부르고 일본 공격은 세계금융까지 흔들 수 있다.,튀어나온 일본이라는 못을 조지라는 능숙한 장인에게 맡길 시점이 왔다는 다음 상대가 정해진다.,북한 불법자금 차단망이 가동되고 장남의 연변기반 상대우위가 커지며 조지가 일본전에 배치된다.,안보자금·금융전장,당숙청·북한 경제통제가 정리되고 태우의 주 전선이 중국·북한에서 일본 엔화로 교대한다.,러시아 3월 침공을 확인해 에너지에 자본절반을 걸고 일본 공격시점을 맞출 일이 남는다.,북한 자금차단·다음 전장 선정.,"러우 개전시계, 에너지 대형베팅, 엔캐리 공격.",DCA-N53,0.94
631,631,전쟁의 서막 (1),110006,110171,중국 전기차시장 급성장 속 김민재는 리강에게 러시아의 침공정보를 직접 확인한다.,3월 침공시점을 확보해 금융타워 자본절반을 에너지에 거는 최대 전쟁베팅 약속.,원유·가스·곡물 포지션과 공급망을 개전시계에 맞춰 배치한다.,리강에게 러시아의 3월 침공 정보를 확인하고 금융타워 자본 절반을 에너지에 건다,전쟁이 연기·취소되면 자본절반이 묶이고 정보가 틀리면 그룹 전체가 흔들린다.,김민재는 어떤 일이 있어도 원하는 상황을 만들고 손해보지 않겠다는 의지를 한 부회장에게 분명히 한다.,리강 정보로 3월 침공시계가 확인되고 에너지 자본배치가 승인된다.,전쟁정보·금융위험,예측만 있던 러우전쟁이 날짜가 있는 투자·공급망 작전으로 전환된다.,개전 전 말리 리튬광산 쿠데타를 어떻게 되찾을지가 먼저 열린다.,침공시점 확인과 자본배치.,"말리 광산탈환, 실제 개전, 에너지수익.",DCA-N54,0.94
632,632,전쟁의 서막 (2),110172,110332,러우전쟁 전 아프리카 말리 쿠데타세력이 태우의 리튬광산을 빼앗는다.,MBS·로만을 통해 바그너를 투입해 광산과 전쟁정보를 함께 얻는 약속.,PMC로 쿠데타세력을 제압하고 다시는 태우 자산을 건드리지 못할 본보기를 만든다.,말리 쿠데타가 리튬광산을 빼앗자 MBS·로만을 통해 바그너를 투입한다,바그너의 잔혹행위는 인명·제재·기업이미지 비용을 낳고 현지정부 정통성도 불안하다.,아프리카 영향력을 지키려면 피에 굶주린 세력을 써서라도 잔인한 억지력을 보여야 한다는 판단이 선다.,MBS·로만 경로로 바그너 계약이 성립되고 말리 광산탈환 작전이 시작된다.,군사억지·광물자산,빼앗긴 민간광산이 러시아 PMC를 통한 국가급 탈환전 대상으로 바뀐다.,광산을 되찾은 뒤 바그너와 어느 정도 거리를 두고 제재위험을 제한할지가 남는다.,바그너 투입계약.,"광산복구, 민간피해·제재 리스크.",DCA-N54,0.94
633,633,전쟁의 서막 (3),110333,110512,말리 대통령·총리가 구금된 혼란 속 바그너가 쿠데타세력을 밀어낸다.,광산을 복구하되 PMC와 직접 유착하지 않아 자산·평판을 함께 지키는 보상.,현지 억지력은 남기고 계약·공개관계는 필요한 수준으로 제한한다.,바그너가 말리 광산을 복구하자 직접 유착은 피하고 억지력만 남긴다,너무 멀어지면 다시 공격받고 너무 가까워지면 러시아 제재와 잔혹행위 책임을 함께 진다.,필요할 때 써먹을 수는 있으나 친해질 필요는 없다는 이용거리의 선이 정해진다.,말리 리튬광산이 복구되고 바그너와 제한적 연락·억지관계가 남는다.,자산회복·평판,태우는 광산을 잃은 피해자에서 무력억지력을 가진 사업자로 돌아오되 PMC 종속은 피한다.,오미크론 이후 코로나 종식과 러우전쟁 외교를 어떤 자신감으로 맞을지가 열린다.,말리 광산탈환.,"바그너 거리관리, 오미크론·러우 외교.",DCA-N54,0.94
634,634,전쟁의 서막 (4),110513,110687,서정준이 복잡한 얼굴로 오미크론의 높은 전염력·낮은 중증도를 보고한다.,코로나 종식을 읽고 준비한 에너지·식량망으로 러우전쟁에서 굴종하지 않는 국가외교 약속.,최재석에게 미국·러시아 어느 쪽에도 끌려가지 말고 한국 이익을 요구하게 한다.,오미크론으로 코로나 종식을 읽고 최재석에게 러시아전쟁의 굴종외교를 피하라고 한다,전쟁이 시작되면 동맹압력·제재·공급충격이 동시에 와 중견국의 독자행동이 어렵다.,태우와 한국이 이미 공급주도권을 쥐고 있어 얕보는 상대는 누구든 무릎 꿇릴 수 있다는 자신감이 확인된다.,오미크론을 종식전환점으로 판단하고 러우전쟁 독립외교 원칙이 최재석과 공유된다.,국가외교·방역전환,감염병 방어국가가 전쟁 속 에너지·식량카드를 가진 독자협상국으로 이동한다.,이 상무의 CNC 북한유입과 기업농 법안 반발을 동시에 통과시킬 일이 남는다.,코로나 종식판정·전쟁외교 원칙.,"CNC 장남경로, 기업농 입법·농민시위.",DCA-N54,0.94
635,635,전쟁의 서막 (5),110688,110860,평소 직접 연락하지 않는 이영한이 이 상무의 CNC 거래를 급히 보고한다.,CNC를 장남 쪽으로 흘려 북한 기반을 키우고 국내 기업농 법도 몸싸움 속 통과시키는 약속.,거래를 일부러 허용해 추적하고 국회표를 모아 식량개혁 법안을 밀어붙인다.,이 상무의 CNC가 북한으로 흘러가는 것을 허용하고 기업농 법안을 통과시킨다,공작기계는 북한 군수에 쓰일 수 있고 기업농 법은 야당·농민의 거센 반발과 지지율 급락을 부른다.,법 통과가 2021년 마지막을 시끄럽게 하고 최재석 지지율 최저점을 만들 비용임이 현실화된다.,CNC 유입경로가 유지·감시되고 기업농 법안이 국회에서 통과된다.,법·비밀물류,장기식량개혁과 장남 지원이 모두 계획에서 실제 물자·법률 상태로 넘어간다.,농민시위와 28GHz 적자를 감수해도 장기효과를 지킬지가 남는다.,기업농 입법과 CNC 경로확보.,"농민반발, 장남의 공작기계 활용.",DCA-N54,0.94
636,636,강행 돌파 (1),110861,111037,기업농 반대시위로 출근길이 두 배 걸리고 최재석 지지율이 흔들린다.,가격하락 효과와 28GHz의 자율주행·스마트팜 가치를 위해 단기 정치·적자를 감수하는 약속.,기업농 성과를 국민에게 증명하고 통신계열 손실을 그룹전체 편익으로 메운다.,농민시위 속 가격효과를 밀고 손실 나는 28GHz를 자율주행·스마트팜 때문에 유지한다,농민 생존불안·야당공세·통신적자가 지속돼 정책을 되돌리라는 압력이 크다.,계열사 하나가 손해봐도 조직전체가 이익이면 그 길을 간다는 장기경영 원칙이 재확인된다.,기업농 정책과 28GHz 유지방침이 철회되지 않고 가격·기술 실증을 계속한다.,정책지속·인프라,여론에 흔들릴 시범정책이 그룹 손실을 감수한 장기 국가기반으로 고정된다.,과로한 김민재를 걱정하는 김태중에게 어떤 개인적 보상을 돌려줄지가 열린다.,기업농·28GHz 유지결정.,"농산물 가격효과, 리즈 구단 가족선물.",DCA-N54,0.94
637,637,강행 돌파 (2),111038,111207,6시간 사장단회의 뒤 집에서 김태중이 과로하는 손자를 걱정한다.,회귀 뒤 가족에게 진 빚을 EPL 리즈 구단주의 휴식·명예로 갚는 약속.,구단을 인수해 김태중에게 경영역할과 즐거움을 선물한다.,김태중이 손자의 과부하를 걱정하자 EPL 리즈 구단을 선물하겠다고 한다,구단은 적자·심사·성적위험이 크고 협상이 실패하면 이미 기대한 가족을 실망시킨다.,한 부회장도 이미 할아버지 품에 들어간 선물을 되찾을 수 없을 만큼 가족약속이 확정적이다.,리즈 인수결정과 김태중에게 줄 구단주 역할이 구체화된다.,가족관계·명예,걱정만 주고받던 조손관계가 은퇴후 삶을 되돌리는 구체적 선물 프로젝트로 바뀐다.,안드레아에게 어떤 성적연동 조건을 주고 EPL 심사를 넘을지가 남는다.,리즈 선물의 약속.,구단 인수계약·리그 승인·선수영입.,DCA-N55,0.94
638,638,강행 돌파 (3),111208,111361,금리인상·전쟁을 앞둔 조용한 금융타워에서 데이비드가 리즈 구단주 안드레아와 협상한다.,1억 파운드 성적연동 옵션으로 손실을 제한하면서 가족선물을 실제 소유권으로 만드는 약속.,고정가격을 낮추고 성적이 날 때만 추가 지급해 인수위험을 나눈다.,데이비드가 안드레아에게 1억 파운드 성적연동 옵션을 제시해 리즈를 확보한다,안드레아는 높은 확정금을 원하고 계약 뒤에도 EPL 리그당국 심사를 통과해야 한다.,다른 구단주에 영향력이 있는 태우·금융타워라 리그심사도 일반 인수자보다 유리해진다.,안드레아와 1억 파운드 성적연동 인수조건이 합의된다.,구단소유·위험관리,막연한 가족선물이 성적과 비용을 연동한 실제 인수계약으로 바뀐다.,EPL 승인 뒤 홀란드·이강임·감독을 확보해 우승전력으로 만들지가 남는다.,구단주와 인수조건 합의.,"리그 승인, 선수·감독 영입.",DCA-N55,0.94
639,639,강행 돌파 (4),111362,111532,EPL의 까다로운 재무·인성심사가 태우의 리즈 인수를 검토한다.,심사승인 뒤 홀란드·이강임·감독을 채워 김태중의 새 무대를 실제 우승경쟁팀으로 만드는 약속.,리그 네트워크를 써 인수를 승인받고 한 부회장에게 스타영입을 맡긴다.,EPL 승인을 받고 홀란드·이강임과 감독 영입계획을 세운다,스타 선수는 이적료·급여가 높고 기존 강팀과 에이전트가 경쟁한다.,금융타워 수장 한 부회장이 하이에나처럼 시장에 들어가 어떤 방식으로든 선수를 데려올 실행력이 있다.,EPL 인수승인이 나고 홀란드·이강임·감독 영입계획이 확정된다.,직책·전력구성,김태중의 구단은 서류상 인수대상에서 스타를 살 수 있는 공식 EPL 구단으로 바뀐다.,금리·크레디트스위스·암호화폐 위험 속 고액계약을 감수할지가 남는다.,EPL 인수승인.,홀란드 조건·우승전력 완성.,DCA-N55,0.94
640,640,강행 돌파 (5),111533,111697,태우의 EPL 진출로 여론이 뜨겁지만 김민재와 한 부회장은 연준·유럽은행 위험을 점검한다.,금융폭풍을 준비하면서도 홀란드 고액계약을 감수해 가족구단의 경쟁력을 지키는 약속.,금리상승·크레디트스위스·암호화폐 포지션을 조정하고 선수영입 예산을 승인한다.,연준 금리인상·크레디트스위스·암호화폐 위험을 점검하고 홀란드 고액계약을 감수한다,금융시장 급락과 선수 몸값 거품이 동시에 오면 투자·구단 모두 손실을 본다.,한 부회장에게 선수쇼핑은 금융스트레스를 푸는 취미라 전담동기까지 충분하다.,위험자산 대응안과 홀란드 고액계약 허용선이 함께 정해진다.,금융방어·구단투자,가족선물이 금융위기와 별개인 사치가 아니라 위기관리 속에서도 유지할 장기프로젝트로 굳어진다.,홀란드의 3년 유럽조항과 베이징올림픽 외교가 어떻게 맞물릴지가 열린다.,금융위험 점검·영입예산 승인.,"홀란드 계약, 러우 개전 전 에너지외교.",DCA-N55,0.94
641,641,축제와 전쟁 (1),111698,111871,데이비드가 독일 등 유럽을 일주일 돌며 홀란드 영입조건을 협상한다.,3년 뒤 선택권을 보장해 스타를 얻고 베이징올림픽 외교로 한국의 전쟁전 주도권도 쌓는 약속.,홀란드를 리즈에 묶고 미중 모두와 관계를 유지해 에너지주도권을 준비한다.,홀란드 3년 유럽조항을 포함해 영입하고 베이징올림픽 외교를 주도한다,선수는 강팀행을 원하고 미국의 올림픽 보이콧 속 중국과 접촉하면 동맹관계가 흔들린다.,미중 양쪽에서 이득을 취하려면 어느 한편이 아니라 주도권을 계속 쥐어야 한다는 원칙이 선다.,홀란드의 3년 유럽이적 조항을 포함한 리즈 계약과 베이징 외교선이 성립된다.,스타영입·외교주도권,가족구단은 세계적 공격수를 얻고 한국은 개전 전 미중 사이 독자공간을 확보한다.,장남이 이 상무의 돈·CNC를 빼앗는 개인복수와 러우 침공이 언제 겹칠지가 남는다.,홀란드 영입계약.,"이 상무 복수결산, 러우 개전·에너지주도권.",DCA-N55,0.94
642,642,축제와 전쟁 (2),111872,112067,보이콧 속 베이징올림픽과 별개로 장남이 이 상무의 돈·공작기계를 노린다.,위조수표·암호화폐 역공으로 김민재가 직접 죽이지 않고 원수의 자금·신뢰를 무너뜨리는 보상.,장남이 큰손을 속여 이 상무에게 책임을 뒤집어씌우고 CNC·자금을 회수한다.,장남이 이 상무의 CNC를 위조수표·암호화폐 역공으로 빼앗는다,실패하면 장남 신분이 드러나고 이 상무가 북한권력과 함께 반격할 수 있다.,큰손들이 이 상무를 떠나도 그는 무슨 일이 벌어졌는지 이해하지 못할 만큼 완전히 고립된다.,이 상무의 돈·신뢰·CNC가 장남 쪽으로 넘어가 개인복수의 핵심이 닫힌다.,복수·자금권력,김민재의 오래된 원수는 감옥 밖 비밀망까지 잃고 장남은 독자산업기반을 얻는다.,그날 러시아가 우크라이나를 침공해 개인복수보다 큰 세계전선이 열린다.,이 상무 자금·CNC 탈취.,"러우 침공 대응, 장남 세력의 성장.",DCA-N55,0.94
643,643,축제와 전쟁 (3),112068,112240,명동 국화차 자리에서 이 상무 결산을 확인한 바로 그날 러시아 침공이 시작된다.,개인 원한을 닫고 에너지·식량·전황을 태우에 유리하게 바꾸는 세계전쟁 약속.,실시간 정보를 모아 정보전·원자재 포지션·간접지원 순서를 실행한다.,장남의 복수가 끝난 날 러시아가 우크라이나를 침공한다,개전 초기 몇 시간이 전황을 바꾸고 잘못 개입하면 러시아 제재·군사보복을 받는다.,오늘 밤이 전쟁흐름을 정하지만 태우는 가만히 보지 않고 이미 유리한 방향으로 개입 중이다.,침공이 확인되고 금융·정보·공급망의 전시작전이 즉시 가동된다.,세계상태·전쟁개입,개인복수·북한 비밀전에서 국가와 대륙의 에너지·식량질서를 다루는 규모로 급상승한다.,천민정의 게임·플랫폼과 한국 탄약을 어떻게 직접참전 없이 우크라이나에 보탤지가 열린다.,개전확인·전시체제 전환.,"친우크라 여론, 간접탄약, 유럽 산업진출.",DCA-N56,0.94
644,644,축제와 전쟁 (4),112241,112414,태우IT 주변 중소게임사·플랫폼망이 비밀 정보전의 기반으로 동원된다.,직접 군사개입 없이 친우크라 여론과 미국 보충판매식 탄약으로 전황에 영향력을 갖는 약속.,게임·플랫폼 서사를 퍼뜨리고 최재석에게 한국비축탄약의 우회지원안을 제시한다.,천민정의 비밀 게임·플랫폼으로 친우크라이나 여론을 만들고 최재석에게 간접 탄약지원을 제안한다,정부 직접지원은 러시아 보복을 부르고 선전공작이 드러나면 태우IT 신뢰도도 훼손된다.,우크라이나와 한국 방산 모두 이득을 보는 여러 우회방법이 준비돼 최재석의 답답함을 풀 수 있다.,친우크라 정보전이 시작되고 미국 보충판매 형식의 탄약지원안이 청와대에 올라간다.,정보전·간접군수,중립적으로 지켜보던 한국·태우가 법적거리를 유지한 채 여론·탄약으로 전쟁에 개입한다.,데이비드에게 방산·원전·물류·식량까지 유럽 패키지를 펼칠 일이 남는다.,정보전 개시·탄약지원안.,"미국 승인, 유럽 장기수주, 전황효과.",DCA-N56,0.94
645,645,축제와 전쟁 (5),112415,112578,대한민국의 전시비축·탄약생산능력이 우크라이나 지원자산으로 재평가된다.,탄약부터 방산·원전·물류·식량까지 전쟁피해를 한국 산업의 유럽진출로 바꾸는 약속.,데이비드에게 미국·EU 설득과 금융·공급 패키지를 맡긴다.,미국 보충판매 형식의 탄약·방산·원전·물류·식량 유럽계획을 데이비드에게 펼친다,"전쟁수익자 비판과 러시아 제재보복, 유럽 각국의 자국산업 보호가 장벽이다.",탄약은 시작일 뿐이며 진짜 목표가 미국이 아니라 유럽 전체의 산업주도권임이 드러난다.,유럽 방산·원전·물류·식량 패키지와 미국 보충판매 구조가 완성된다.,산업진출·전쟁경제,단발성 탄약지원이 유럽 에너지·안보·재건시장을 장기 장악하는 국가산업전략으로 확대된다.,니켈 마진콜에 몰린 창산에게서 인도네시아 광산을 얻을 기회가 열린다.,유럽전쟁 패키지 설계.,"니켈 광산·LME 구제, 동유럽 계약.",DCA-N56,0.94
646,646,전쟁의 광기 (1),112579,112742,데이비드와 한 부회장이 반나절 동안 유럽그림을 이해한 뒤 중국 창산의 니켈위기가 들어온다.,마진콜에 몰린 시안을 구제하는 대가로 인도네시아 니켈광산을 얻는 약속.,LME 지급보증 가능성을 보여 주며 핵심광물 소유권을 협상한다.,러시아전쟁으로 니켈 공매도에 걸린 창산 시안을 만나 구제조건을 묻는다,니켈가격이 더 오르면 구제금이 끝없이 늘고 중국기업·정부가 광산양도를 막을 수 있다.,김민재가 현금보다 인도네시아 니켈광산을 요구해 위기구제를 장기 배터리자산으로 바꾼다.,시안이 광산양도 조건을 놓고 협상에 들어가고 200억 달러 보증안이 준비된다.,광물소유·금융구제,타사의 마진콜 위기가 태우가 배터리 핵심광산을 사는 협상기회로 전환된다.,시안이 광산을 내놓고 LME가 무제한 유예를 받아들일지가 남는다.,광산요구·구제조건 제시.,"소유권 이전, 200억 보증, 마진콜 유예.",DCA-N56,0.94
647,647,전쟁의 광기 (2),112743,112917,세계 니켈을 사 모은 창산 시안이 인도네시아 대형광산까지 잃을 위기에 몰린다.,광산을 받고 200억 달러 지급보증으로 LME 유예를 관철해 가격폭등도 막는 보상.,시안의 소유권 양도와 금융타워 보증을 묶어 거래소·채권자를 설득한다.,시안의 니켈광산을 받고 200억 달러 지급보증을 서며 LME를 설득한다,무제한 연기는 롱세력 권리를 침해하고 태우가 시안 부실을 떠안을 위험이 있다.,시간이 돈인 투기세력에게 무제한 유예는 사실상 사형선고라 상대방이 먼저 무너질 구조가 선다.,"인도네시아 니켈광산 양도와 200억 달러 보증, LME 마진콜 유예가 합의된다.",광산·시장안정,태우는 구제금융 제공자에서 광산소유자·니켈가격 통제자로 올라서고 투기롱은 시간압박을 받는다.,헤지펀드 손실과 러시아 원유 우회정유의 실물수익을 회수할 일이 남는다.,광산양도·LME 유예 계약.,"롱세력 청산, 동남아 정유망 수익.",DCA-N56,0.94
648,648,전쟁의 광기 (3),112918,113086,LME 무제한 유예보도가 나와 니켈 롱세력의 예상이 깨진다.,헤지펀드를 물리고 동남아 정유망으로 러시아원유를 돌려 광물·에너지 양쪽을 결산하는 보상.,시간을 버티며 니켈 숏을 회수하고 제재원유를 합법적 제품으로 정제해 공급한다.,LME 마진콜 유예로 헤지펀드를 물리고 동남아 정유로 러시아 에너지를 돌린다,"제재회피 의혹과 정유·운송비, 장기 가격변동이 남는다.",글로벌 진출이 아니라 태우가 직접 글로벌 주도권을 쥘 시대라는 지위상승이 확인된다.,니켈 투기세력이 손실을 보고 광산·가격안정이 굳어지며 러시아 원유가 동남아 거쳐 수익화된다.,광물·에너지주도권,시장위기 구제자가 핵심광물과 제재에 막힌 에너지흐름을 동시에 통제하는 주도자로 바뀐다.,동유럽 수주를 넓히던 중 미국 SVB 위기가 어떤 인수기회가 될지가 열린다.,니켈·러시아에너지 결산.,"SVB·연쇄은행 위기, 1달러 인수.",DCA-N56,0.94
649,649,전쟁의 광기 (4),113087,113249,동유럽 성공을 마친 한 부회장이 폴란드·루마니아 방산·원전 성과를 들고 귀국한다.,유럽 수주를 넓히는 동시에 SVB 200억 달러 채권매각을 은행통합 기회로 포착하는 약속.,동유럽 금융패키지를 굳히고 미국 장기채 손실·예금유출 정보를 즉시 추적한다.,폴란드·루마니아 방산·원전 협상을 넓히던 중 SVB의 200억 달러 채권매각을 포착한다,두 대륙의 거액리스크를 동시에 관리해야 하고 SVB 위기는 미국 전체로 번질 수 있다.,손해를 감수한 장기채 매각 자체가 공식발표보다 심각한 유동성위기의 증거가 된다.,폴란드·루마니아 수주선이 확대되고 SVB 위기신호가 금융타워 비상분석 대상으로 올라온다.,사업수주·금융정보,전쟁수주에 집중하던 금융타워가 미국 은행붕괴를 인수·통합할 새 전장으로 즉시 전환한다.,다이먼 보고로 연쇄은행 목록과 정부협상 조건을 확정할지가 남는다.,동유럽 성과확인·SVB 위기포착.,"뱅크런, FDIC·연준 협상, 1달러 인수.",DCA-N57,0.94
650,650,전쟁의 광기 (5),113250,113408,다이먼이 평소와 달리 이른 아침 전화해 SVB·연쇄은행의 실제상태를 보고한다.,은행실패를 금융타워의 미국통합 기회로 바꾸고 파월·옐런에게 1달러 인수를 요구하는 약속.,예금·부채를 함께 떠안을 조건과 정부 보증범위를 설계한다.,다이아몬드의 보고로 SVB·연쇄은행 실패를 금융타워 통합 기회로 정한다,인수은행의 부실·소송·예금이탈을 떠안고 미국정부가 외국계 통합을 경계할 수 있다.,김민재가 모든 전투를 자신에게 유리한 전장에서 일으킬 조건이 이미 형성됐다고 판단한다.,SVB·시그니처·리퍼블릭 등 연쇄위기 시나리오와 1달러 인수전략이 확정된다.,은행통합·협상력,외부 은행위기를 지켜보는 투자자에서 미국당국과 부실은행 처리방식을 흥정할 구제주체로 바뀐다.,뱅크런이 실제화될 때 파월·옐런·FDIC가 금융타워 조건을 받을지가 열린다.,연쇄은행 인수전략 설계.,"1달러 계약, 예금보증, 미국 금융지배력 확대.",DCA-N57,0.94
651,651,1달러 (1),113409,113563,연준 회의실에 파월·옐런·FDIC 등 미국 경제실세가 모여 SVB 구제책을 찾는다.,예금자 유동성을 책임지는 대가로 SVB를 상징적 1달러에 넘겨받는 약속.,금융타워의 현금·미 국채를 담보로 정부보증과 소유권을 흥정한다.,파월·옐런·FDIC 앞에서 SVB를 1달러에 인수하겠다고 제안한다,미 당국은 은행강탈처럼 보이는 거래를 거부하고 부실·예금책임은 모두 금융타워에 떠넘기려 한다.,1달러는 가격이 아니라 SVB를 살릴 유일한 주체에게 소유권을 넘기라는 정책해결책임이 명확해진다.,금융타워가 예금유동성을 책임지는 조건과 1달러 인수안이 미국 공식협상안에 오른다.,국가협상·은행소유,외국 금융그룹의 공격적 제안이 미국 예금자를 구할 현실적 구제안으로 바뀐다.,미 국채 보유·원전사업을 추가 대가로 받아 실제 계약을 닫을지가 남는다.,1달러 인수안 공식화.,"SVB 소유권, 400억 달러 원전사업, 정부보증.",DCA-N57,0.94
652,652,1달러 (2),113564,113713,1달러 제안 뒤 연준회의장이 고성이 오가는 시장통처럼 변한다.,미 국채·유동성 지원을 주고 SVB와 400억 달러 원전진입권을 함께 얻는 이중 보상.,은행구제와 미국 에너지투자를 한 패키지로 묶어 당국의 최종승인을 받는다.,미 국채를 보유하고 유동성을 책임지는 조건으로 SVB를 받고 400억 달러 원전사업 약속을 얻는다,부실은행을 살리는 비용과 미국 원전규제·현지기업 견제가 장기부담으로 남는다.,이번 거래가 태우의 원전업계 독식과 에너지 전체 장악의 시작점이 된다는 규모가 드러난다.,"SVB 1달러 인수, 예금보호·미 국채 유지와 400억 달러 원전사업 약속이 확정된다.",은행소유·산업진입,구제책 제공자가 미국 기술은행 소유자이자 원전시장 신규 핵심사업자로 동시에 올라선다.,다이먼이 통합을 실행하고 사우디 원유카르텔을 흔들 다음 충성의 대가가 남는다.,SVB·원전 패키지 계약.,"은행통합, 시그니처·리퍼블릭, 사우디 에너지 거래.",DCA-N57,0.94
653,653,1달러 (3),113714,113857,연준회의 뒤 김민재가 핀테크은행의 다이먼에게 인수성과를 넘긴다.,미국 은행통합으로 다이먼의 충성을 굳히고 곡물·에너지 장악의 집행자로 쓰는 관계 보상.,SVB 통합과 연쇄은행 흡수를 맡기고 사우디 원유카르텔 대응을 준비한다.,다이아몬드가 은행들을 통합하고 김민재가 사우디로 원유카르텔을 흔들 준비를 한다,빠른 통합은 조직·예금·부실자산 충돌을 낳고 다이먼 개인에게 권력이 과도하게 집중된다.,자신을 미국 최고 금융사 대표로 만든 김민재에게 보답하겠다는 다이먼의 충성심이 더 커진다.,다이먼이 은행통합 책임과 미국 금융망 확대역할을 받아들인다.,관계·금융지위,다이먼은 유능한 협력자에서 김민재의 곡물·에너지 세계전략을 갚아야 할 충성스러운 집행자로 굳어진다.,국내 기업농 성과를 유통시장 독식으로 연결하고 사우디 카르텔을 흔들 일이 남는다.,은행통합 역할·충성 재확인.,"미국 연쇄은행 편입, 한국 유통개혁, 사우디 원유협상.",DCA-N57,0.94
654,654,1달러 (4),113858,114028,미국일정 뒤 두통을 안고 귀국한 김민재가 기업농의 가격성과를 점검한다.,생산개혁을 직거래·전자상거래로 이어 소비자물가와 태우 유통지배를 함께 얻는 약속.,태우상사에 산지계약·물류·온라인판매를 맡겨 중간마진을 줄인다.,기업농 성과 뒤 태우상사에 직거래·전자상거래 유통개혁을 맡긴다,기존 도매·소매업자 반발과 태우 독식이미지가 정부개혁의 정당성을 훼손할 수 있다.,최재석의 마지막 숙원과 태우의 유통장악이 일치하되 여러 조연을 내세워 독식인상을 피할 설계가 끝난다.,직거래·전자상거래 유통개혁안과 조력기업 배치가 확정된다.,유통구조·소비자가격,기업농의 생산성 개선이 소비자 가격·전국 물류까지 태우가 통제하는 체계로 확대된다.,이 상무의 마지막 처분을 확인하고 미래지식 없는 엔캐리 작전을 승인할지가 남는다.,유통개혁 설계.,"시장반발·법제화, 이 상무 결말, 일본 금융전.",DCA-N57,0.94
655,655,1달러 (5),114029,114192,명동을 넘어 중·일 사채시장까지 진출한 이영한이 이 상무의 중국 내 결말을 보고한다.,개인복수 잔여선을 닫고 조지의 엔캐리 공격으로 회귀지식 없는 첫 시대주도 전쟁을 여는 약속.,이 상무 처리결과를 확인한 뒤 엔화차입·미 국채·에너지 자산배치를 승인한다.,중국에 잡힌 이 상무의 결말을 확인하고 조지의 엔캐리 작전을 승인한다,미래기억이 없는 작전이라 일본정부·세계금리 반응을 예측하기 어렵다.,태우·금융타워가 충분히 커져 이제는 미래를 아는 대신 원하는 방향으로 시대를 끌 수 있다는 자신감이 선다.,이 상무 잔여복수가 닫히고 조지에게 엔캐리 작전 전권이 주어진다.,복수종결·금융능력,과거원한에 매인 비밀작전에서 스스로 미래사건을 만드는 글로벌 금융공세로 이동한다.,리퍼블릭은행을 본보기로 만들고 일본에서 초저금리 자금을 얼마나 끌어올지가 열린다.,이 상무선 종결·엔캐리 승인.,"미국은행 추가편입, 70조 엔 차입.",DCA-N57,0.94
656,656,돈 놓고 돈 먹기 (1),114193,114366,한 부회장이 밤샌 팬더 같은 얼굴로 미국 은행통합 진행을 보고한다.,금융타워 보호를 거절한 리퍼블릭의 뱅크런을 본보기로 삼아 시그니처와 타 은행을 자발적으로 편입시키는 약속.,지원선택권을 공개하고 거절한 은행은 시장결과를 감당하게 둔다.,금융타워를 거절한 리퍼블릭은행의 뱅크런을 방치해 본보기로 만들고 시그니처를 인수한다,뱅크런 방치는 예금자피해·도덕성 비판과 금융시스템 전염을 부를 수 있다.,금융타워 요리사들이 거대한 먹잇감을 해체하고 김민재도 필요하면 직접 참여할 여지가 남는다.,시그니처은행 인수가 성립되고 리퍼블릭 뱅크런이 보호망 가입을 강제하는 본보기가 된다.,은행지배·시장규율,금융타워가 부실은행을 골라 돕는 선택적 구제자에서 미국은행들이 먼저 들어오려는 보호체계로 커진다.,일본에서 70조 엔을 끌어와 인수은행과 미국영향력을 동시에 살릴지가 남는다.,시그니처 편입·리퍼블릭 본보기.,"엔캐리 자금, 미국채·에너지 배치.",DCA-N57,0.94
657,657,돈 놓고 돈 먹기 (2),114367,114535,금융상생 간담회라는 포장 아래 일본 금융계와 금융타워가 각자 이익을 노린다.,70조 원대 초저금리 엔화를 미 국채·원유·에너지에 넣어 부채를 정책·실물지렛대로 바꾸는 약속.,장기차입을 확정해 미국 인수은행 유동성과 원자재 포지션을 채운다.,일본에서 70조 원을 초저금리로 빌려 미 국채와 원유·에너지에 나눈다,엔화가 급등하거나 일본금리가 오르면 상환액이 폭증하고 대규모 흐름이 시장을 변형한다.,미 국채매입은 은행도 살리고 미국상대 주도권까지 주므로 차입을 쓸 이유가 충분하다.,일본 금융사들과 대규모 엔화차입·자산배분 원칙이 합의된다.,부채·정책지렛대,일본의 싼 돈이 금융타워 부담이 아니라 미국은행·국채·에너지 소유를 키우는 공격자본으로 바뀐다.,70조 엔 최종계약 뒤 크레디트스위스를 같은 1달러 논리로 받을 수 있을지가 열린다.,엔화차입 기본합의.,"최종 차입액, 스위스은행 인수·EU 방공망.",DCA-N57,0.94
658,658,돈 놓고 돈 먹기 (3),114536,114701,금융타워 간담회에서 지금까지 시장전체와 맞먹는 70조 엔 차입계약이 닫힌다.,크레디트스위스를 1달러에 구제하는 대가로 스위스의 유럽방공망 참여를 얻는 약속.,은행 인수와 스위스 정부의 안보·산업정책 양보를 한 거래로 묶는다.,엔캐리를 굳힌 뒤 크레디트스위스를 1달러에 받고 스위스의 유럽 방공망 참여를 요구한다,중립국 스위스는 EU·NATO 체계 참여를 꺼리고 은행부실을 외국금융사에 넘기는 정치비용이 크다.,김민재가 요구하는 정확한 관계가 유럽방공망이라는 답으로 공개돼 은행전이 방산시장전으로 변한다.,70조 엔 차입이 확정되고 크레디트스위스 1달러 인수·방공망 참여조건이 공식 제시된다.,은행소유·안보제도,일본자금 작전이 유럽 은행구제와 한국 방산의 제도진입까지 연결된다.,스위스가 중립원칙을 수정하고 EU가 태우 산업참여를 보장할지가 남는다.,엔캐리 차입결산·스위스 조건 제시.,"은행 인수, 유럽방공망, 에너지·교통사업 접근.",DCA-N57,0.94
659,659,돈 놓고 돈 먹기 (4),114702,114855,EU·NATO 밖 중립국 스위스가 방공망 참여조건을 검토한다.,스위스 지지를 지렛대로 EU 에너지·교통사업의 태우 참가를 제도적으로 보장받는 약속.,독일·프랑스 견제를 피해 동유럽부터 원전·방산·인프라 계약문을 연다.,스위스 지지를 지렛대로 EU 에너지·교통 사업의 태우 참가를 보장받는다,서유럽 대국은 자국기업을 보호하고 스위스 한 표만으로 EU 전체규칙을 바꾸기 어렵다.,원전을 필요로 하는 동유럽은 자국이익을 먼저 보므로 독·프 견제가 실제 계약을 막지 못한다.,스위스 지지와 태우의 EU 에너지·교통사업 공정참가 보장이 성립된다.,제도접근·산업계약,금융인수 보상이 은행자산을 넘어 유럽 인프라사업 입찰권·정치후원으로 확대된다.,폴란드 방산·체코 원전과 로나 붕괴가 실제 결실을 낼지가 남는다.,EU 사업진입권 확보.,"동유럽 계약, 로나 공매도 결산.",DCA-N57,0.94
660,660,돈 놓고 돈 먹기 (5),114856,114999,군수박람회에서 한국 무기와 금융타워 지원이 실속 있는 동유럽 성과를 만든다.,폴란드 20조 방산·체코 원전을 굳히고 로나 공격을 베릴의 신뢰상승으로 연결하는 약속.,대형 산업계약을 마무리하고 공매도·여론압박을 유지해 코인 붕괴를 기다린다.,폴란드 20조 원 방산·체코 원전 협상을 굳히고 로나 코인 공매도 그물을 마지막까지 조인다,로나는 아직 버티고 있어 베릴이 또다시 조롱받으며 실제 99퍼센트 폭락은 이 화에 오지 않는다.,로나까지 이기면 베릴이 금융방송의 신이 되어 태우가 귀찮은 여론전을 맡길 자산이 된다.,폴란드 방산·체코 원전 협상이 굳어지고 로나 숏그물·베릴의 반격조건이 완성된다.,산업수주·미지급금융,은행·방산·원전 보상은 확정되지만 코인시장 규율은 다음 화 첫 폭락까지 유예된다.,로나가 실제 99퍼센트 무너지고 베릴이 복권될지가 직접 훅이다.,폴란드·체코 산업선 확정.,로나 99퍼센트 폭락·베릴 복권.,DCA-N57,0.94
661,661,특별대우 (1),115000,115169,암막커튼 뒤 숨은 베릴이 로나 지지자들의 위협과 조롱을 견딘다.,로나 99퍼센트 폭락으로 경고를 입증하고 김태중에게 마지막 해외 식량·에너지 임무를 맡기는 약속.,베릴의 명예를 회복한 뒤 동남아 수출금지·러시아 에너지 통로를 가족외교로 푼다.,로나 코인의 99퍼센트 폭락과 베릴의 공개 복권을 확인한 뒤 김태중에게 동남아 식량·러시아 에너지 순방을 부탁한다,김태중은 고령이고 순방에는 정치·신변위험이 커 손자가 막고 싶어 한다.,위험을 알면서도 직접 처리하겠다는 김태중의 든든한 뒷모습 때문에 김민재가 말리지 못한다.,로나가 99퍼센트 폭락해 베릴의 경고가 입증되고 김태중이 해외임무를 수락한다.,명예회복·가족역할,숨어 지내던 베릴은 공개 복권되고 은퇴한 김태중은 회사의 마지막 국제임무를 맡는다.,베트남·팜유 국가들이 한국에만 수출예외를 줄지가 남는다.,로나 결산·순방 수락.,"동남아 식량예외, 곡물카르텔 보복.",DCA-N58,0.94
662,662,특별대우 (2),115170,115328,김태중은 가장 오래 일한 베트남과 태우의 최대농장을 첫 순방지로 고른다.,동남아 농산물·팜유 수출예외로 한국물가를 낮추고 태우 유통통제력을 증명하는 보상.,정부수뇌부·현지기업과 관계를 써 한국향 물량을 예외처리한다.,김태중이 베트남·동남아 농산물·팜유 수출예외를 확보한다,각국은 자국물가 때문에 수출을 막고 한국만 특혜를 주면 국내반발을 받는다.,겉으로 정부정책처럼 보이는 물가안정 뒤에 태우가 유통시장을 조용히 움직이는 힘이 드러난다.,베트남·동남아 농산물과 팜유의 한국 수출예외가 확보된다.,식량공급·유통지배,수출금지에 노출된 한국이 김태중의 인맥으로 우선공급받는 특별대우 국가가 된다.,로봇물류·일본 상사지분으로 이 물량과 현금을 얼마나 키울지가 열린다.,동남아 수출예외 확보.,"국내 유통개혁, 일본 3대 상사·엔캐리 수익.",DCA-N58,0.94
663,663,특별대우 (3),115329,115484,대구 로켓물류센터에서 이종수가 자동화된 유통망을 김민재에게 보여 준다.,로봇물류·일본 3대 상사 지분 50퍼센트·엔캐리 500억 달러를 마르지 않는 현금원으로 묶는 약속.,동남아 물량을 국내외로 흘리고 일본 상사 배당·금융수익을 장기자본으로 만든다.,로봇 물류와 일본 3대 상사 지분 50퍼센트를 활용하고 엔캐리 500억 달러 이익을 전망한다,거대 물류시설·일본지분은 경기침체와 규제에 묶이고 엔캐리 청산시점이 틀리면 환손실이 난다.,태우 자본이면 한국인이 목말라한 대형공연·인프라도 채울 수 있다는 다음 소비·브랜드 활용이 열린다.,"로봇물류 운영성과, 일본 3대 상사 지분과 엔캐리 예상이익이 확인된다.",현금흐름·물류능력,식량특혜가 일회성 가격안정에서 자동물류·일본자산·금융수익을 잇는 상시 현금원으로 바뀐다.,10만 석 경기장을 엔터·스포츠로 채워 국가브랜드까지 올릴지가 남는다.,식량·물류 수익구조 확인.,"태우스타디움 흥행, 엔캐리 최종결산.",DCA-N58,0.94
664,664,특별대우 (4),115485,115640,한국 최대 엔터 태우엔터가 아이돌·빌보드 성과 뒤 마블·태우스타디움을 채울 콘텐츠를 준비한다.,MCA·테일러 스위프트와 10만 석 공연을 성공시켜 대형인프라를 관광·브랜드자산으로 살리는 보상.,글로벌 스타·스포츠 이벤트를 유치해 아시아 문화거점을 만든다.,태우엔터·MCA·테일러 스위프트로 10만 석 경기장과 해외 스포츠 흥행을 채운다,공연장만으로는 지속수익이 없고 교통·숙박·흥행실패 위험이 크다.,마블과 태우스타디움은 한국을 아시아 엔터·스포츠 중심으로 만들 충분한 시작점이 된다.,태우엔터·MCA 협업과 테일러 스위프트 공연으로 대형시설의 흥행·수익성이 입증된다.,문화브랜드·인프라수익,건설된 경기장이 비용자산에서 세계공연·스포츠 관광을 끌어오는 국가브랜드 거점으로 바뀐다.,완공축제에 빈 살만이 오면 왕실관계를 미·사우디 중재에 쓸지가 열린다.,마블·태우스타디움 흥행.,"빈 살만 방문, 곡물메이저의 미국 농업 연맹 공격.",DCA-N58,0.94
665,665,특별대우 (5),115641,115809,마블·태우스타디움의 일주일 완공축제에 빈 살만이 직접 참석한다.,왕실친분을 미·사우디 중재와 곡물카르텔 역압박 카드로 바꾸는 약속.,증산협상 가능성을 흘려 바이든을 움직이고 미국 농업 연맹을 쓴 카르텔 공격을 되받는다.,빈 살만이 개막축제에 오자 미·사우디 중재 가능성을 흘리고 곡물카르텔의 미국 농업 연맹 공격을 받는다,곡물메이저는 600만 회원의 미국 농업 연맹으로 태우 기업농을 공격하고 미·사우디 관계도 악화돼 있다.,농민시위보다 고유가 지속이 바이든에게 더 큰 부담이라 백악관을 움직일 미끼가 생긴다.,빈 살만의 중재가능성 언질과 미국 농업 연맹 공격정보가 확보돼 국제정치 역공안이 선다.,왕실관계·정치지렛대,문화행사 친분이 식량·원유카르텔을 동시에 누를 국가간 협상자산으로 전환된다.,바이든이 방한해 통화스와프·반도체 특별대우를 내놓을지가 남는다.,빈 살만 관계의 중재카드화.,"바이든 방한, 미국 농업 연맹·IRS 압박, 사우디 증산.",DCA-N58,0.94
666,666,이지선다 (1),115810,115982,김민재는 데이비드를 통해 태우가 사우디 관계·증산협상을 중재할 수 있다는 소문을 백악관에 뿌린다.,바이든 방한을 끌어 한미 통화스와프·증시개혁과 곡물카르텔 압박을 한 판에서 얻는 약속.,미끼를 문 백악관이 도망가지 못하게 데이비드가 여론·일정·경제조건을 조인다.,바이든의 방한을 유도해 한미 통화스와프·증시개혁과 사우디 중재를 묶는다,미국은 사우디에 직접 약해 보이기 싫고 한국 금융요구를 중재대가와 분리하려 한다.,물고기가 미끼를 물었고 데이비드가 뜰채로 출구를 막는 단계까지 왔다.,바이든 방한검토와 사우디 중재·한국 금융안전판의 거래틀이 성립된다.,외교중재·금융안전망,소문으로 떠보던 단계에서 미국 대통령의 방문과 구체 대가를 설계하는 공식협상으로 올라선다.,바이든이 금융타워에서 어떤 특별대우를 직접 약속할지가 열린다.,백악관 유인 성공.,"통화스와프, 반도체·증시개혁, 사우디 증산.",DCA-N58,0.94
667,667,이지선다 (2),115983,116146,바이든이 정상회담보다 먼저 금융타워를 찾아 미국 은행 세 곳을 인수한 태우의 위상을 확인한다.,반도체 특별대우와 사우디 협상 대가를 현직 대통령에게 직접 받아내는 보상.,금융타워·한국의 전략가치를 보여 주고 중국사업·금융정책의 예외를 교환한다.,바이든에게 금융타워를 보여 주고 반도체 특별대우를 받은 뒤 사우디 협상을 제안한다,바이든은 국내정치상 사우디 양보와 외국금융그룹 특혜를 공개하기 어렵다.,서로 원하는 것을 얻은 두 사람이 밝게 악수해 거래가 개인친분이 아닌 국가이해 합의로 굳어진다.,반도체 특별대우·사우디 협상추진과 한국 금융요구가 합의된다.,국가관계·특별대우,태우는 미국의 규제대상 가능 기업에서 대통령 첫 방문지이자 중동문제를 맡길 전략파트너로 올라선다.,MBS가 어떤 증산안을 내고 IRS가 곡물메이저를 굴복시킬지가 남는다.,바이든과 상호대가 합의.,"사우디 증산, 카르텔 세무압박, 공급방해 중단.",DCA-N58,0.94
668,668,이지선다 (3),116147,116314,한미정상회담 마지막 날 김민재가 빈 살만에게 직접 전화한다.,MBS 증산안과 바이든·IRS 압박으로 곡물메이저 방해를 끝내는 식량·원유 이중 결산.,사우디 요구를 미국에 전달하고 카르텔의 세금·독점위반을 조사하게 한다.,MBS에게 증산안을 받고 바이든·IRS가 곡물메이저를 압박하게 한다,사우디는 체면·안보대가를 원하고 곡물기업은 미국 농민을 동원해 정치저항을 벌인다.,화기애애한 간담회가 끝에는 사형집행장처럼 변할 만큼 IRS·백악관의 압력이 압도적이다.,미·사우디 증산협상과 곡물메이저의 태우 방해포기·세무조사 수용이 성립된다.,공급권·국가중재,태우를 공격하던 곡물카르텔은 공급방해를 접고 김민재는 미·사우디 양쪽을 연결하는 중재자가 된다.,제재로 고립된 로만·프리고진을 통해 러시아 내부출구를 만들 일이 남는다.,식량카르텔·사우디 협상 결산.,"로만 지원, 바그너 생존선·러시아 반란변수.",DCA-N58,0.94
669,669,이지선다 (4),116315,116471,다이먼이 카르텔 간담회 결과를 전한 뒤 제재로 구단급료도 막힌 로만의 사정이 들어온다.,서방제재선은 지키면서 로만을 간접지원해 미래 러시아 출구인 인맥을 보존하는 약속.,제3자·구단운영 방식으로 생활·급료를 보장하고 김민재 통로를 끊지 않는다.,제재로 구단 급료가 막힌 로만을 간접 지원해 러시아 인맥을 보존한다,지원이 드러나면 제재회피 비판을 받고 로만의 푸틴 측근지위는 이미 약해졌다.,적은 돈과 위로만으로 로만이 감격해 충성을 보이고 여전히 따르는 러시아 인맥의 가치가 확인된다.,로만의 구단·생활지원 우회로와 김민재 연락선이 유지된다.,관계충성·제재우회,밀려난 러시아재벌이 버려진 부담에서 태우에게 마음빚을 진 미래 정치통로로 바뀐다.,로만이 프리고진의 군부불만과 반란가능성을 어떤 자리에서 가져올지가 열린다.,로만 생존선 보존.,"프리고진 접촉, 러시아 군부불만.",DCA-N59,0.94
670,670,이지선다 (5),116472,116638,한 부회장이 이틀 뒤 뿌듯하게 후속상황을 보고하는 동안 로만은 튀르키예에서 프리고진을 만난다.,피로에 찌든 바그너 수장의 군부불만과 생존욕구를 확인해 러시아전쟁의 변수를 포착하는 약속.,로만이 태우 통로와 제재생존책을 제안하며 프리고진의 속내를 듣는다.,로만이 프리고진과 튀르키예에서 만나 군부 불만과 생존책을 공유한다,프리고진은 폭력적이고 독자세력이라 누구도 완전히 통제할 수 없다.,그의 안색이 매일 거울에서 보는 로만 자신처럼 지쳐 있어 두 사람이 생존연대를 만들 조건이 보인다.,프리고진의 러시아군 불만과 김민재 통로를 원하는 의사가 확인된다.,군사변수·비밀관계,바그너는 러시아의 도구에서 별도 생존책을 찾는 잠재 반란세력으로 모습을 드러낸다.,강 대위와 보안 메타버스에서 자금·보급조건을 묶을 수 있을지가 남는다.,로만·프리고진 접촉.,"태우 비밀통로, 아프리카 보급선, 반란 가능성.",DCA-N59,0.94
671,671,싹이 트다 (1),116639,116798,프리고진의 작은 몸짓에도 피냄새를 느낀 로만이 강 대위와 보안 메타버스 접속을 연다.,동남아 에너지 수익·보급선을 제공해 바그너 생존을 태우의 족쇄에 묶는 약속.,현금 대신 사업·물류를 주고 강 대위가 연락·정보를 통제한다.,로만·프리고진을 보안 메타버스에서 강 대위와 연결하고 동남아 에너지 수익을 제공한다,바그너가 돈만 받고 독자행동하면 태우가 전쟁범죄·제재에 연루될 수 있다.,로만·프리고진은 유리한 제안이라 믿지만 시간이 지나면 태우 의존이 족쇄임을 알 구조가 완성된다.,세 사람이 보안 메타버스에서 합의하고 바그너의 동남아 수익·보급선이 태우 통제 아래 열린다.,보급통제·비밀동맹,통제불능 PMC가 독자생존 대신 태우가 제공하는 돈·물류에 의존하는 관리가능 세력으로 이동한다.,곡물·원유카르텔이 트럼프에게 붙을 때 미 대선 양쪽을 어떻게 보험으로 삼을지가 열린다.,바그너 생존·연락계약.,"미국 대선 카르텔 정치, PIF·원유전쟁.",DCA-N59,0.94
672,672,싹이 트다 (2),116799,116956,강 대위 라면을 먹으며 김민재와 한 부회장이 바그너·미국정치 두 전선을 점검한다.,카르텔의 트럼프 접근을 역이용해 현직 바이든과 차기 트럼프 모두에게 정치보험을 드는 약속.,두 진영에 서로 다른 이해를 걸어 어느 쪽도 태우를 함부로 대하지 못하게 한다.,바그너를 아프리카 카드로 관리하면서 곡물·원유카르텔이 트럼프에 붙는 것을 역이용한다,양다리 후원이 드러나면 두 후보 모두 신뢰를 거둘 수 있다.,다음 대통령이 누구든 태우·금융타워가 곧 미국정부를 압박할 규모가 된다는 자신감이 보험의 기반이다.,카르텔의 트럼프선과 태우의 바이든선을 병행관리하는 미국 대선전략이 확정된다.,정치보험·기업권력,후보를 고르는 기업에서 양 후보와 정부가 모두 눈치를 보는 초국가 권력으로 이동한다.,노르트스트림 차단 뒤 살만 국왕이 PIF 전체를 맡기는 신뢰보상이 올지가 열린다.,미 대선 양면전략.,"6천억 달러 PIF, 증산·원유숏.",DCA-N59,0.94
673,673,싹이 트다 (3),116957,117120,로만의 정보대로 러시아가 노르트스트림1 가스공급을 끊어 유럽 에너지위기가 심해진다.,살만 국왕의 6천억 달러 PIF 전체를 금융타워가 맡는 사상 최대 신뢰보상.,왕실자금의 운용원칙·위험한도를 협상해 에너지위기 자산을 선점한다.,러시아의 노르트스트림 차단 뒤 사우디에서 살만 국왕의 6천억 달러 PIF 위탁 제안을 받는다,국가자금 전체를 맡으면 손실이 곧 외교위기이고 사우디 정치변동도 금융타워를 흔든다.,예상하지 못한 전액위탁 제안에 김민재조차 말문이 막힐 만큼 신뢰규모가 압도적이다.,살만 국왕이 PIF 6천억 달러 전체운용을 공식 제안한다.,운용자산·왕실신뢰,일부 사우디 자금을 굴리던 금융사가 한 국가의 미래자산 전체를 맡을 후보로 격상된다.,성과보수·위험조건을 정하고 증산 뒤 유가숏까지 왕실이 받아들일지가 남는다.,PIF 전액위탁 제안.,"운용계약, 유가하락 포지션, 미국·사우디 보상.",DCA-N59,0.94
674,674,싹이 트다 (4),117121,117279,기존 일부 PIF를 운용하던 금융타워 앞에 전체 6천억 달러 계약조건이 놓인다.,성과보수·위험조건으로 왕실신뢰를 지키며 바이든·MBS 증산 뒤 유가하락도 선점하는 약속.,손실한도·투자권한을 명시하고 원유 공매도와 장기산업 투자로 나눈다.,PIF를 성과보수·위험조건으로 받고 바이든·MBS 증산 뒤 원유 공매도를 건다,사우디 자산으로 유가하락에 베팅하면 산유국 이해와 충돌해 왕실반발을 살 수 있다.,미국과의 증산약속을 지킨 만큼 이제 양국에서 보상을 받아 태우를 한 단계 키울 차례가 된다.,PIF 운용계약 조건과 원유공매도 포지션이 승인된다.,국가자금·에너지포지션,왕실친분이 초대형 자산운용권과 유가하락 수익을 함께 만드는 제도적 신뢰로 바뀐다.,사우디 케이블·IT·원전·인프라 계약으로 보상을 실물화할 일이 남는다.,PIF 계약·유가숏 실행.,"사우디 산업수주, 바그너 보급관리.",DCA-N59,0.94
675,675,싹이 트다 (5),117280,117454,한 부회장과 태우건설·통신·IT 사장들이 사우디 PIF 뒤 사업배분을 위해 모인다.,케이블·IT·원전·인프라 계약을 따내 세계침체를 태우·한국의 고성장으로 바꾸는 보상.,각 계열사가 사우디 프로젝트를 나눠 맡고 바그너 보급선은 비밀리에 점검한다.,사우디 케이블·IT·원전·인프라 계약을 따내고 바그너 보급선을 점검한다,대형 해외계약 동시집행은 인력·원자재를 압박하고 러시아선이 드러나면 제재위험이 크다.,위기는 준비된 자에게만 기회이며 태우는 이미 모든 준비를 마쳤다는 결산감이 선다.,사우디 케이블·IT·원전·인프라 계약과 계열사별 집행계획이 확정된다.,산업수주·국가성장,PIF 신뢰가 태우 전 계열사와 한국 성장률을 끌어올리는 실물프로젝트로 전환된다.,다음 국내과제인 코리아 디스카운트·AI폰·고체배터리 성장판이 열린다.,사우디 산업계약·보급선 점검.,"주주가치개혁, 생성형AI·AI폰·고체배터리.",DCA-N59,0.94
676,676,날아오르다 (1),117455,117594,김민재는 반나절 만에 최재석과 독대해 세계침체 속 한국의 성장성과 증시저평가를 논한다.,정부·태우·주주가 삼각편대를 이뤄 기존 재벌의 지배구조를 압박하는 시장개혁 약속.,배당·자사주·이사회·공시를 바꿔 코리아 디스카운트를 걷는다.,한국 성장세를 이용해 최재석에게 주주가치·자본시장 개혁을 요구한다,기존 대기업은 총수지배력 약화와 현금유출을 이유로 집단반발할 수 있다.,주가상승을 원하는 주주가 정부·태우 편에 서므로 재벌반발을 눌러 버릴 정치연합이 생긴다.,주주가치·자본시장 개혁안과 정부·태우·주주 연대가 확정된다.,시장제도·주주권,한국성장이 기업총수만의 이익에서 일반주주와 정부가 공유하는 시장재평가 프로젝트로 바뀐다.,생성형AI·AI폰으로 실물성장 동력을 붙일 일이 남는다.,자본시장 개혁연대.,"AI폰 협업, 대기업 참여, 증시 재평가.",DCA-N60,0.94
677,677,날아오르다 (2),117595,117765,청와대 독대 뒤 천민정이 생성형AI·영상기술을 보여 주고 김민재는 오용재에게 연락한다.,감산할 레거시칩을 AI수요와 한국형 스마트폰 혁신으로 돌리는 약속.,삼진의 단말·판매망과 태우의 AI·반도체를 결합해 AI폰을 만든다.,천민정의 생성형 AI·영상 기술을 확인하고 오용재에게 AI폰 협업을 제안한다,삼진은 기술종속을 경계하고 AI기능·전력·칩 공급량도 아직 제품으로 검증되지 않았다.,세계 2위 삼진에게 중국 추격을 막고 역사를 바꿀 제안이라 오용재가 거절하기 어렵다.,생성형AI 성과와 삼진 AI폰·칩 협업안이 공식 제시된다.,기술협업·제품전략,자본시장 개혁의 추상 성장성이 AI폰이라는 국민이 볼 실물제품으로 구체화된다.,오용재가 수락하고 다른 대기업까지 증시부흥판에 참여할지가 열린다.,AI폰 제안.,"삼진 수락, 레거시칩 전환, 시장전체 재평가.",DCA-N60,0.94
678,678,날아오르다 (3),117766,117948,중국 업체에 쫓기는 세계 2위 삼진이 태우의 AI폰·칩 제안을 검토한다.,삼진과 다른 대기업을 끌어들여 태우 단독상승을 한국시장 전체 재평가로 넓히는 약속.,협업을 확정하고 주주환원·AI투자 동참을 다른 재벌에도 요구한다.,삼진이 AI폰·칩 협업을 수락하고 다른 한국 대기업도 증시 부흥판에 끌어들인다,각 기업은 태우가 이익을 독식하고 자신들을 추진체로 버릴 가능성을 의심한다.,일본을 초기상승을 돕다 분리·추락할 추진체로 쓰겠다는 다음 국제금융 역할이 드러난다.,삼진이 AI폰·칩 협업을 수락하고 국내 대기업들의 증시부흥 참여가 시작된다.,산업연합·시장평가,태우 한 회사의 성장이 한국 대기업 전반의 기술투자·주주환원 연합으로 번진다.,미 빅테크들이 1천억 달러 데이터센터에 동등지분으로 참여할지가 남는다.,삼진 협업·국내기업 참여.,"AI 데이터센터, 일본 추진체·엔캐리.",DCA-N60,0.94
679,679,날아오르다 (4),117949,118111,미국 금리가 4퍼센트로 향하는 가운데 아마존·구글·MS·메타가 AI 인프라 수요를 논한다.,경쟁 빅테크의 1천억 달러 주문을 태우 반도체·전력·클라우드 수요로 결집하는 보상.,동등지분 합작으로 이해충돌을 막고 한국 데이터센터·SMR에 투자를 모은다.,아마존·구글·MS·메타와 1천억 달러 AI 데이터센터를 동등지분으로 만든다,서로 경쟁하는 기업이 데이터·지배권을 공유하기 어렵고 금리상승 속 자본비용도 크다.,메타버스 회의 몇 시간 만에 1천억 달러가 모여 태우가 중립플랫폼·핵심공급자임이 증명된다.,빅테크 동등지분의 1천억 달러 AI 데이터센터 합작이 성립된다.,투자자본·플랫폼지위,각자 경쟁하던 빅테크 수요가 태우 중심 공동인프라로 묶여 반도체·전력 장기수요가 확정된다.,AI 주문폭증과 고체배터리를 실제 제품으로 공개할 시점이 남는다.,AI 데이터센터 자본조달.,"센터 건설, 고체배터리·T-9 공개.",DCA-N60,0.94
680,680,날아오르다 (5),118112,118272,1천억 달러 AI 데이터센터 발표로 언론과 반도체 주문이 폭증한다.,회귀지식 밖에서 만든 AI·고체배터리를 실물제품으로 공개해 새 성장판을 여는 약속.,완성된 배터리와 T-9을 파리모터쇼에서 세계 완성차에 증명한다.,AI 주문 폭증과 고체배터리 완성을 확인하고 파리 모터쇼 공개를 결정한다,기술이 실험실을 벗어나면 안전·가격·양산수율을 세계 앞에서 동시에 검증받아야 한다.,태우가 날아오를 준비는 끝났고 시장광풍만 오면 된다는 제품직전의 확신이 선다.,"고체배터리 완성과 파리모터쇼 공개일정, AI 주문생산 확대가 확정된다.",기술완성·제품출시,연구·인프라에 묶였던 미래기술이 고객주문과 공개제품을 가진 상용화 직전 상태로 바뀐다.,파리에서 구디너프와 T-9을 공개했을 때 공급계약이 얼마나 몰릴지가 남는다.,AI 수요확정·배터리 완성.,모터쇼 공개·글로벌 계약.,DCA-N60,0.94
681,681,가지치기 (1),118273,118445,파리모터쇼 프레스데이에 산업·언론 관계자가 고체배터리 발표를 기다린다.,구디너프와 T-9을 공개해 세계 완성차 공급계약을 태우로 몰아오는 보상.,안전성·주행거리·양산일정을 증명하고 동맹별 물량을 협상한다.,파리 모터쇼에서 구디너프와 고체배터리·T-9을 공개한다,높은 가격·제한된 초기생산량 때문에 수요를 모두 받을 수 없다.,대규모 문의와 계약요청으로 태우배터리가 날아오를 재료가 실제 시장반응으로 확인된다.,고체배터리·T-9 공개와 세계 완성차의 대규모 공급계약 요청이 발생한다.,제품지위·계약수요,실험실의 꿈의 배터리가 자동차시장 판도를 기울이는 공식 상용제품으로 올라선다.,주가급등 속 N&K 주가조작을 어떻게 시장충격 없이 가지칠지가 열린다.,모터쇼 공개·수요검증.,"물량배분, 주가조작 제거.",DCA-N60,0.94
682,682,가지치기 (2),118446,118599,파리모터쇼 이틀 동안 계약문의가 쏟아지고 태우계열 주가·계열분리 논의가 달아오른다.,시장축제 속 N&K 조작세력을 조용히 제거해 정당한 상승을 지키는 약속.,차명계좌·내부정보를 추적해 매도폭탄 전에 자금을 동결한다.,태우주가 급등과 계열분리를 검토하다 N&K 주가조작을 포착한다,공개수사로 주가가 급락하면 무고한 투자자와 태우의 배터리 성과가 함께 피해를 본다.,김민재는 시장범죄 처리는 명동의 전문영역이라 판단해 자료를 이영한에게 넘긴다.,N&K의 이상거래가 조작으로 특정되고 명동 수사가 시작된다.,시장안정·범죄추적,정당한 기술상승으로 보이던 시장 안에 제거해야 할 차명계좌 조직이 드러난다.,이영한이 내부 배신자에게서 계좌·비밀번호를 받아낼지가 남는다.,N&K 포착·명동 이관.,"김남훈 배신, 계좌동결·검찰체포.",DCA-N61,0.94
683,683,가지치기 (3),118600,118768,김민재가 광화문 곰의 고택에서 이영한에게 N&K 자료를 건넨다.,나기연·김남훈 계좌망과 내부배신을 확보해 검찰투입 시점을 고르는 약속.,약한 고리 김남훈을 압박해 투자자명단·계좌·비밀번호를 받는다.,이영한이 나기연·김남훈 계좌망을 파고 김남훈의 즉시 배신을 받아낸다,두 사람이 먼저 매도하면 시장충격이 오고 증거가 새면 공범들이 도망간다.,몇 마디 만에 김남훈이 원하는 자료를 스스로 바치자 이영한도 헛웃음을 짓는다.,김남훈의 배신으로 투자자명단·차명계좌·비밀번호가 확보된다.,증거·내부관계,결속된 주가조작 조직이 한 명의 즉시배신으로 금융망 전체가 열린 상태로 붕괴한다.,동트기 전에 계좌를 얼리고 검찰이 둘을 잡을 수 있을지가 남는다.,내부고발·계좌증거 확보.,동결·체포·투매차단.,DCA-N61,0.94
684,684,가지치기 (4),118769,118956,동트기 전 N&K 건물과 차명계좌에 명동·검찰의 동시작전이 들어간다.,계좌동결과 체포로 투매 없이 주가조작 조직을 제거하는 보상.,매도권한을 먼저 막고 나기연·김남훈을 공식수사로 넘긴다.,계좌를 동결하고 검찰이 둘을 체포하게 해 시장충격 없이 제거한다,타이밍이 어긋나면 조작주식이 시장에 쏟아져 전체 증시를 흔든다.,조직제거 직후 안덕환이 대박수주를 외치며 시장전선이 건설보상으로 즉시 교대한다.,차명계좌가 동결되고 나기연·김남훈이 체포돼 시장충격 없이 N&K가 제거된다.,법집행·시장안정,은밀한 범죄조직이 자금·자유를 잃고 배터리 상승장은 조작오염 없이 유지된다.,안덕환의 대박이 체코 원전 24조 계약인지와 제약확장 목표가 열린다.,N&K 가지치기.,체코 원전수주·한아약품 인수.,DCA-N61,0.94
685,685,가지치기 (5),118957,119112,안덕환이 금메달 선수처럼 만세를 부르며 체코 원전우선협상 소식을 가져온다.,24조 원 원전·현지공장·데이터센터를 따고 센트리언 성장에 한아약품을 붙이는 약속.,대형수주를 공개해 주가·현지투자를 굳히고 인수대상 제약사를 정한다.,체코 원전 24조 우선협상과 현지 공장·데이터센터를 발표하고 한아약품 인수를 겨냥한다,원전금융·현지의무가 크고 한아약품 가족지분은 시장에서 살 수 없다.,센트리언 성장은 대주주 태우의 해외자본 유입까지 키우므로 제약확장의 그룹효과가 확인된다.,체코 원전 24조 원 우선협상과 현지공장·데이터센터 계획이 확정되고 한아약품 인수검토가 시작된다.,수주·인수전,시장범죄 정리 뒤 태우건설·센트리언이 대형 실물계약과 M&A의 다음 성장선으로 이동한다.,소현숙 모녀와 아들·아폴로 지분을 모두 살 수 있을지가 남는다.,체코 원전성과.,한아약품 지분협상·경영권.,DCA-N61,0.94
686,686,제어하기 힘든 변수 (1),119113,119275,서정준이 인수허가를 받자 한아약품을 골라 한 부회장이 가족지분을 분석한다.,20퍼센트 프리미엄과 연구독립 약속으로 모녀지분을 사고 아폴로가 붙은 형제와 맞서는 약속.,소현숙에게 고용·R&D·승계를 보장해 가족분열의 태우편을 만든다.,한아약품 모녀 지분을 20퍼센트 프리미엄에 사서 아폴로가 붙은 아들들과 맞선다,모녀지분만으로는 과반이 안 되고 형제는 세계 4대 사모펀드 지원을 받는다.,소현숙은 자식·사모펀드보다 남인 태우를 믿을 만큼 가족관계가 완전히 깨져 있다.,소현숙 모녀가 프리미엄 조건으로 지분매각을 수락하고 태우편에 선다.,지분·가족관계,외부 인수자인 태우가 창립이념·연구를 지킬 유일한 후계자로 인정받는다.,아폴로가 형제지분을 누구에게 팔고 경영권 과반이 완성될지가 남는다.,모녀 지분계약.,"형제·아폴로 지분, 고용·연구 승계.",DCA-N61,0.94
687,687,제어하기 힘든 변수 (2),119276,119441,한아약품 모녀가 태우에서 계약하는 동안 형제는 아폴로와 별도매각을 논한다.,아폴로 지분까지 금융타워로 가져와 경영권을 닫고 직후 북한미사일 위기에 대응하는 약속.,사모펀드의 차익조건을 맞춰 형제지분을 사고 NLL 남쪽 도발의 배후를 추적한다.,"아폴로가 형제 지분을 금융타워에 넘겨 한아약품 경영권을 확보한 뒤, NLL 남쪽에 떨어진 북한 미사일을 확인한다",인수완료 순간 국가안보 충격이 증시·원화·경영통합을 동시에 흔든다.,기업보상에 머물 틈 없이 심어 둔 북한 변수를 실제로 움직일 때가 왔다는 전환이 생긴다.,한아약품 전체 가족지분이 금융타워로 넘어와 경영권이 확정된다.,기업소유·국가안보,태우는 한아약품의 새 주인이 되지만 즉시 기업통합보다 북한도발을 막는 국가행위자로 전환된다.,러북 무기·식량거래를 갈라놓고 장남카드를 움직일 일이 남는다.,한아약품 인수.,북한 미사일 대응·러북거래 파기.,DCA-N61,0.94
688,688,제어하기 힘든 변수 (3),119442,119593,데이비드를 강 대위 사무실로 불러 북한미사일과 러시아 거래정보를 새로 해석한다.,러북 무기·식량거래를 공개·방산대안으로 갈라 북한도발을 장남·러시아 협상력으로 바꾸는 약속.,러시아의 손익을 건드리고 한국 무기·언론을 이용해 북한과 거리를 두게 한다.,러시아·북한 무기·식량 거래를 포착하고 언론·한국 방산으로 양쪽을 갈라놓는다,러시아는 전쟁중이고 북한은 미사일로 압박해 양쪽 모두 거래를 쉽게 포기하지 않는다.,바그너를 잘 쓰면 북한뿐 아니라 러시아까지 쪼갤 수 있다는 더 큰 변수통제 가능성이 보인다.,러북 거래자료와 양쪽을 갈라놓을 언론·방산대체안이 실행된다.,안보협상·권력변수,북한도발이 일방위협에서 러시아 비용과 장남 대안세력을 키울 역지렛대로 바뀐다.,총리가 된 리강이 장남지원을 계속하고 원화 국제화를 도울지가 남는다.,러북 거래 역공개시.,"장남세력·바그너 분열, 걸프 스와프.",DCA-N62,0.94
689,689,제어하기 힘든 변수 (4),119594,119759,리강이 중국 국무원 총리가 되지만 주석집권 때문에 권한은 줄어든 상태다.,리강의 장남지원을 확인하고 걸프자금으로 원화결제망을 여는 약속.,중국 정치통로를 보존하면서 사우디·카타르 운용자산을 통화스와프에 쓴다.,총리가 된 리강의 장남 지원을 확인하고 걸프 스와프·자산으로 원화 국제화를 짠다,중국 권력집중은 리강 통로를 위험하게 하고 원화는 달러보다 유동성·신뢰가 약하다.,금융타워가 중동 국부자금을 운용하므로 스와프·결제량을 인위적으로 키울 실물기반이 있다.,리강의 장남지원선과 걸프 원화스와프·결제 확대안이 확인된다.,정치통로·통화전략,북한 대안세력 지원과 한국 통화주권이 중국·중동을 잇는 하나의 금융외교축에 놓인다.,사우디가 원화 원유결제와 유럽 원전금융을 실제로 받을지가 남는다.,리강 통로확인·원화망 설계.,원화 스와프·원유결제·유럽 계약.,DCA-N62,0.94
690,690,제어하기 힘든 변수 (5),119760,119910,2022년 하반기 주식·채권이 함께 무너진 가운데 금융타워는 비달러 결제안을 실행한다.,사우디 원화스와프·원유결제와 유럽 원전·방산 원화금융으로 통화주권의 첫 실적을 얻는 보상.,국부자금·에너지계약·동유럽 대출을 원화로 묶어 거래량을 만든다.,사우디와 원화스와프·원화 원유결제를 성사시키고 유럽 원전·방산도 원화로 금융한다,환율변동과 국제신뢰 부족 때문에 상대국이 달러대신 원화를 오래 들고 갈 유인이 약하다.,과거 유럽이 신대륙을 찾았듯 이제 태우·한국이 유럽시장을 점령할 때라는 규모전환이 선다.,사우디 원화스와프·원화 원유결제와 유럽 원전·방산 원화금융이 성립된다.,통화주권·국제금융,원화 국제화가 구상에서 에너지·산업계약에 실제 쓰이는 결제통화로 첫발을 뗀다.,고체배터리 가격장벽·산업스파이를 넘고 동유럽 경제블록을 만들 일이 남는다.,원화 국제결제 첫 실적.,"배터리 시장확대, 기술유출 차단, 유럽 경제블록.",DCA-N62,0.94
691,691,양날의 검 (1),119911,120062,세계 최초 고체배터리 차량출시를 앞두고 높은 가격이 대중화의 걸림돌로 남는다.,전기차 화재·한파 안전의제를 키워 비싼 고체배터리를 필수품으로 만드는 양날의 약속.,뉴스·시험자료로 기존배터리 위험을 부각하고 태우제품의 가치를 증명한다.,고체배터리 가격장벽을 넘기 위해 전기차 화재·한파를 뉴스 의제로 설계한다,공포마케팅이 들키면 조작비판과 전체 전기차 수요 위축을 부를 수 있다.,시장홍보 중 중국 기술요구와 산업스파이 조짐이 튀어나와 휴식 없이 내부전선까지 열린다.,화재·한파 안전성 의제가 언론에 올라 고체배터리 가격논리가 설득력을 얻기 시작한다.,시장인식·기술보안,비싼 혁신제품이 안전을 사는 필수기술로 재평가되지만 동시에 탈취대상이 된다.,직원명부에서 유출자를 찾아 기술격차를 지킬 수 있을지가 남는다.,안전의제 점화.,산업스파이 색출·고체배터리 보조금.,DCA-N63,0.94
692,692,양날의 검 (2),120063,120208,한파 속 화재보도 반응과 중국의 기술요구가 이어져 내부유출 가능성이 커진다.,직원명부로 산업스파이를 찾아 고체배터리 격차를 지키는 약속.,접근기록·관계·재산변화를 대조하고 제보자보호·재발방지를 명령한다.,화재보도 반응과 중국 기술요구를 확인하다 직원명부로 산업스파이를 추적한다,전 계열사 감시는 직원불신을 키우고 내부자가 증거를 지우면 핵심기술이 이미 빠졌을 수 있다.,기술격차를 유지하려면 외부경쟁보다 내부 쥐새끼를 먼저 차단해야 한다는 우선순위가 선다.,산업스파이 후보군과 직원명부 추적체계가 가동된다.,기술보안·조직신뢰,시장홍보전이 내부기술 방어와 인사검증을 포함한 생존작전으로 확대된다.,제보자가 실제 계좌·유출증거를 내고 처벌자산을 환수할지가 남는다.,스파이 추적착수.,제보보너스·자산환수·유럽 보조금.,DCA-N63,0.94
693,693,양날의 검 (3),120209,120355,김민재는 식사·화장실에서도 직원명부를 보며 전 계열사 쥐새끼 사냥에 몰두한다.,제보자 보상·범죄자 자산환수로 직원신뢰를 세우고 유럽 보조금도 고체배터리 쪽으로 바꾸는 약속.,내부고발을 보호하고 처벌수익을 정직한 직원·연구에 돌린다.,유출 제보자에게 보너스를 주고 범죄자 자산을 환수하며 유럽 보조금 재설계를 제안한다,과잉감시는 선량한 직원 사기와 법적절차를 해칠 수 있고 EU 정책변경도 어렵다.,금융타워 연합에 유럽국가까지 들어오면 세계시장을 좌우할 새 질서가 가능해진다.,유출제보자에게 보너스가 지급되고 범죄자 자산환수·유럽 보조금 재설계안이 확정된다.,조직신뢰·정책연합,숨겨진 배신을 두려워하던 조직이 제보를 보상하고 유출이익을 연구로 돌리는 통제체계로 바뀐다.,동유럽 정상들이 금융타워 중심 경제블록에 동의할지가 남는다.,산업스파이 처벌·제보보상.,유럽 보조금·경제블록.,DCA-N63,0.94
694,694,양날의 검 (4),120356,120504,체코 원전수주 뒤 자금부족 동유럽국가들이 금융타워 전액대출에 관심을 보인다.,원전·방산·자본을 미끼로 독·프 중심 EU 안에 태우 중심 동유럽 구심점을 세우는 약속.,폴란드 설명회에서 정상들에게 공동조달·연구·금융블록을 제안한다.,폴란드 원전 설명회에서 동유럽 정상들에게 금융타워 중심 경제블록을 제안한다,EU 분열·서유럽 보복으로 보일 수 있고 채무국들의 상환능력도 불안하다.,재정이 약한 국가들에 금융타워 자금은 거절하기 어려운 유혹이며 다른 주체는 같은 방식을 쓸 수 없다.,동유럽 정상회의와 금융타워 중심 경제블록 제안이 공식화된다.,경제블록·자본지배,개별 원전수주가 여러 국가의 산업·금융정책을 묶는 지역질서 구상으로 확대된다.,정상전원이 동의하고 독·프 견제를 감수할지가 열린다.,경제블록 제안.,"전원 동의·공식화, 자동차동맹 연계.",DCA-N63,0.94
695,695,양날의 검 (5),120505,120655,EU 분열로 보일 위험 속 동유럽 정상들이 태우의 조건을 검토한다.,방산·원전·연구투자를 묶어 정상전원의 동의를 얻고 태우 우호권을 공식화하는 보상.,국가별 수주·고용·기술센터를 배분해 공동이익을 고정한다.,방산·원전·연구투자를 묶어 동유럽 정상 전원의 경제블록 동의를 받는다,독일·프랑스 압박과 회원국 간 지분·사업배분 경쟁이 블록을 깨뜨릴 수 있다.,훈훈한 말과 인자한 미소 뒤 모든 정상의 욕심이 보여 협상이 오히려 태우에 유리하게 흘러간다.,동유럽 정상전원이 경제블록 참여와 태우 중심 금융·산업구조에 동의한다.,국제연합·산업지위,비공식 우호관계가 독·프 견제에도 공동행동할 공식 경제권으로 바뀐다.,자동차동맹에 배터리물량을 양보해 중국차 관세공조까지 얻을지가 남는다.,동유럽 경제블록 성립.,고체배터리 배분·중국차 관세.,DCA-N63,0.94
696,696,각개전투 (1),120656,120801,동유럽 성과를 축하하는 자동차동맹 대표들이 배터리물량을 얻으려 의도적인 인사를 건넨다.,단기물량을 양보해 중국 전기차 공동관세와 EU 내부분열을 장기시장 지렛대로 쓰는 약속.,동맹사에 공급표를 나누고 각국정부에 중국차 보조금·관세 로비를 맡긴다.,자동차동맹에 고체배터리 물량을 양보하며 중국 전기차 관세 공동로비를 이끈다,태우 자체차량 물량이 줄고 동맹사들이 기술·가격을 더 요구할 수 있다.,어느 결과든 EU 분열이 커질수록 태우가 깊이 파고들어 손해보지 않는 구조가 된다.,고체배터리 배정과 중국 전기차 관세 공동로비가 자동차동맹에서 합의된다.,공급권·통상규칙,태우 단독독점 일부가 동맹 전체의 중국배제·시장확대를 사는 정치자산으로 전환된다.,미국 관세시점과 부산 오셔닉스 해상도시라는 새 경쟁무대가 열린다.,배터리 배분·관세공조.,"중국차 제재, 해상도시·엑스포.",DCA-N63,0.94
697,697,각개전투 (2),120802,120950,유럽출장 뒤 쉬지 못한 김민재가 한 부회장과 미국 대중관세 일정을 점검한다.,오셔닉스 부유도시에 AI 데이터센터·원전을 넣어 부산엑스포에서 네옴과 맞설 지속가능도시를 만드는 약속.,도시를 산업·기후·관광이 공존하는 실사업으로 확대한다.,미국 대중관세 시점을 점검하고 오셔닉스 해상도시에 AI 데이터센터를 결합한다,해상구조물 안전·비용·인허가와 사우디 네옴의 자본력·표 경쟁이 크다.,보여주기식이 아니라 기후변화와 미래산업을 함께 해결하면 2030 엑스포도 이길 수 있다는 승부기준이 선다.,오셔닉스 협상안과 AI·SMR 결합 부산 해상도시 구상이 완성된다.,도시사업·엑스포전략,배터리·관세 중심 산업전이 부산이라는 장소와 미래도시를 건 국가외교전으로 교대한다.,필립 호프만이 규모 세 배·데이터센터·원전 제안을 받을지가 남는다.,해상도시 사업안.,오셔닉스 투자계약·정부 인허가.,DCA-N64,0.94
698,698,각개전투 (3),120951,121094,세계 각국을 돌던 오셔닉스 대표 필립 호프만이 태우 투자제안에 즉시 본사로 온다.,부유도시를 세 배 키우고 데이터센터·원전을 넣어 아이디어를 실제 사업으로 만드는 보상.,자본·건설·에너지·입주수요를 태우가 보장하고 여름 착공일정을 제시한다.,필립 호프만에게 부유도시를 3배 키우고 데이터센터·원전을 넣는 투자를 제시한다,전례 없는 규모라 구조안전·납기·밤샘공사와 비용초과 위험이 크다.,한국은 야간작업과 확실한 보상으로 미국·유럽보다 납기를 잘 맞출 실행문화가 있다.,호프만이 확대안과 태우투자를 수락해 부산 해상도시가 실제 사업으로 전환된다.,사업계약·건설능력,홍보용 구상이 국제기술사·자본·납기조건을 가진 대형건설프로젝트로 바뀐다.,태풍 매미급 시뮬레이션과 최재석 인허가를 통과할지가 남는다.,오셔닉스 사업수락.,안전검증·여름착공·엑스포 활용.,DCA-N64,0.94
699,699,각개전투 (4),121095,121243,2023년 1월 1일에도 천민정이 AI센터에서 해상도시 안전성을 시뮬레이션한다.,태풍 매미까지 견디는 증거로 최재석의 인허가·부산 부흥 총력지원을 얻는 약속.,안전자료와 엑스포 경제효과를 제시해 규제를 한 번에 푼다.,천민정이 태풍 매미까지 시뮬레이션하고 최재석에게 엑스포용 인허가·부산 부흥을 요구한다,해상도시·SMR·데이터센터의 복합규제와 야당·환경단체 반발이 남는다.,아직 검토도 안 한 해저터널을 굳이 꺼낸 것은 김민재의 대륙물류 그림에 필요한 숨은 요소이기 때문이다.,태풍급 안전성이 확인되고 정부가 인허가·여름착공을 총력지원하기로 한다.,안전검증·정부지원,민간사업이 국가엑스포·부산부흥의 공식 우선프로젝트로 올라선다.,해저터널이 한일이 아니라 북한·러시아 육로와 어떻게 연결될지가 열린다.,안전검증·인허가 지원.,"해저터널 선택, 착공·홍보영상.",DCA-N64,0.94
700,700,각개전투 (5),121244,121402,한일 해저터널 언급에 늘 웃던 최재석의 표정이 처음 굳는다.,일본 연결은 버리고 북한·러시아 육로만 남겨 대륙물류·엑스포 장기그림을 지키는 약속.,정치적 비용이 큰 노선을 제거하고 이오닉스 공개로 단기혁신을 증명한다.,한일 해저터널은 거절하고 북한·러시아 육로 구상만 남긴 채 혁신 전기차 출시를 준비한다,남북관계·러시아전쟁 때문에 북방육로는 먼 미래이고 한일안을 버리면 일본표도 잃는다.,세계 최초 고체배터리 전기차가 기존 패러다임을 바꿀 준비를 마쳐 장기그림의 당장 보이는 증거가 된다.,한일터널안은 거절되고 북방육로 구상과 이오닉스 출시계획이 남는다.,대륙물류·제품출시,과도한 터널구상이 정치적으로 선별되고 엑스포전은 혁신차·해상도시 중심으로 재정렬된다.,이오닉스 공개가 태풍 속에서도 안전성을 입증하고 엑스포 외교전으로 번질지가 남는다.,터널노선 결정.,이오닉스 출시·태풍시험·부산엑스포 표전쟁.,DCA-N64,0.94
701,701,태풍의 근원지 (1),121403,121548,세계 최초 고체배터리 전기차 이오닉스가 6천만 원에 판매를 시작한다.,하루 6천 대·예약 10만 대와 1년 대기열로 AI·15분 충전의 시장보상을 받는 약속.,초기고객 경험을 통해 AI 서비스·충전표준의 장기충성도를 확보한다.,세계 최초 고체배터리 전기차 이오닉스 6천 대를 하루 만에 팔고 10만 대 예약을 받는다,비싼 가격·생산량 부족으로 주문을 못 맞추면 관심이 불만으로 뒤집힐 수 있다.,고체배터리는 시작일 뿐 AI가 반복사용·서비스를 묶어 다량 충성고객을 만들 핵심임이 드러난다.,6천 대가 하루 만에 팔리고 10만 대 예약·1년 대기열이 형성된다.,판매·고객충성,혁신차가 전시품에서 즉시 매진되는 시장제품이 되고 태우는 장기고객관계를 얻는다.,생산을 열 배 늘리고 해외 완성차의 한국진출을 로열티사업으로 받을지가 남는다.,이오닉스 초기판매 성공.,양산확대·해외 로열티·고체배터리 독점.,DCA-N64,0.94
702,702,태풍의 근원지 (2),121549,121690,이오닉스 반응이 커지며 해외 완성차가 한국 생산·배터리 공급을 문의한다.,로열티 사업과 양산규격으로 생산을 열 배 키워 수년 독점의 현실적 길을 여는 약속.,태우 표준공장을 확산하되 핵심배터리·AI 통제는 본사가 쥔다.,완성차의 한국 진출 문의를 로열티 사업으로 받고 고체배터리 양산규격을 확정한다,너무 빠른 확장은 품질·인력·원료 병목을 만들고 외국업체가 기술접근을 요구한다.,전기차시장이 고체배터리로 교체될 미래에 더 많은 생산량이 곧 세계시장 소유권이 된다.,해외 완성차 로열티 방식과 고체배터리 공장 10배 확대·양산규격이 확정된다.,양산능력·독점지위,매진된 단일모델 성공이 세계 완성차 생산방식을 태우 규격으로 바꾸는 플랫폼사업으로 확대된다.,중국 협상단이 기술을 요구할 때 관계와 핵심기술을 모두 지킬지가 열린다.,양산·로열티 구조.,중국 기술협상·단독특례법인.,DCA-N64,0.94
703,703,태풍의 근원지 (3),121691,121850,태우 전 계열사가 돈·인력으로 공장전환에 들어간 가운데 리강 협상단이 찾아온다.,고체배터리 기술을 주지 않으면서 중국시장·정치관계도 잃지 않는 약속.,완제품·투자만 제공하고 기술이전·합작지배 요구는 거절한다.,전 계열사를 투입해 공장을 전환하면서 리강의 고체배터리 협상단을 맞는다,중국은 14억 시장과 행정권을 지렛대로 태우를 압박할 수 있다.,아무것도 주지 않아야 오히려 중국관계에서 우위를 유지할 수 있다는 역설적 협상원칙이 선다.,기술이전 거부와 중국측 대체보상 요구의 협상선이 확정된다.,기술주권·외교협상,대량생산 문제가 국가가 핵심기술을 요구하는 전략산업 협상으로 격상된다.,리강이 단독법인·특구·시진핑 방한을 얼마나 내줄지가 남는다.,기술이전 거부.,태우 단독법인 특례·중국 특구·정상방한.,DCA-N64,0.94
704,704,태풍의 근원지 (4),121851,121997,정중한 리강이 기술 대신 태우의 중국사업 안전장치를 제안한다.,기술을 한 줄도 주지 않고 단독 중국법인 특례·시진핑 방한까지 얻는 보상.,합작의무·기술공유·자금규제를 면제받고 최고정치 보증을 확보한다.,리강에게 기술 대신 태우 단독 중국법인 특례를 받고 시진핑 방한 약속까지 얻는다,특례는 정권변화 때 뒤집힐 수 있고 중국진출 자체가 기술탈취 위험을 남긴다.,리강은 얻은 것이 없는데도 태우가 관계를 끊지 않아 안도하며 가벼운 발걸음으로 떠난다.,태우 단독 중국법인 특례와 시진핑 방한약속이 확정된다.,법인권리·정상관계,기술요구에 몰린 기업에서 중국이 퍼주며 붙잡는 최상급 예외기업으로 지위가 뒤집힌다.,부산 해상도시 영상을 공개해 네옴을 추격할 국가총력전을 시작할 일이 남는다.,중국 협상 승리.,특구 실행·엑스포 외교전.,DCA-N64,0.94
705,705,태풍의 근원지 (5),121998,122166,김민재·한 부회장이 착공을 앞둔 부산 해상도시 현장에서 바닷바람을 맞는다.,해상도시·해저터널·빅테크 입주 영상을 공개해 네옴 추격전을 국가총력전으로 바꾸는 약속.,최재석과 함께 국제표를 설득하고 부처·부산시·기업 역할을 배치한다.,부산 해상도시·해저터널·빅테크 입주 영상을 최재석과 공개하고 엑스포 외교전을 선포한다,사우디가 압도적 선두이고 170여 회원국 표를 일일이 확보해야 한다.,선두의 등이 보이는 추격전이라 모두가 밝은 얼굴로 전력을 다할 동기가 생긴다.,홍보영상 공개와 최재석의 공식 엑스포 외교전 선언이 이뤄진다.,국가외교·도시브랜드,민간 미래도시사업이 대통령·정부 전체가 뛰는 부산엑스포 국가전략으로 격상된다.,아프리카표·사우디 양보를 얻기 전 엔화 공격과 인재보상 준비가 남는다.,엑스포 총력전 선포.,빈 살만 협상·일본 금융 D-DAY.,DCA-N64,0.94
706,706,총성 없는 전쟁 (1),122167,122316,170여 BIE 회원국 표를 두고 최재석이 아프리카까지 직접 순방한다.,조지의 50배 엔화숏과 기술자 고액보상·퇴직펀드로 일본공격·인재방어를 동시에 완성하는 약속.,금융 D-DAY를 정비하고 기술유출 유인을 돈·노후보장으로 제거한다.,조지의 50배 엔화 공매도와 인재 고액보상·퇴직펀드를 점검한다,50배 레버리지는 작은 환율역행에도 청산되고 고액보상은 계열사 비용을 높인다.,반년 뒤 표결이지만 빈 살만과의 이번 만남 하나가 승부를 사실상 결정할 수 있다.,엔화 공매도 포지션과 핵심인재 보상·퇴직펀드가 최종점검된다.,금융공격·인재유지,엑스포 외교가 일본 금융전과 그룹기술 방어까지 포함한 총성 없는 종합전으로 확대된다.,김태중과 리즈경기를 본 뒤 빈 살만에게 직접 포기를 요구할 일이 남는다.,일본전·인재방어 준비.,사우디 엑스포 양보·대체보상.,DCA-N65,0.94
707,707,총성 없는 전쟁 (2),122317,122468,김민재는 김태중과 유럽여행 겸 리즈경기를 본 뒤 빈 살만과 마주 앉는다.,형제 같은 관계에서 처음으로 사우디가 양보하게 만들어 부산엑스포 길을 여는 약속.,그간 베푼 지원과 미래협력을 근거로 후보철회를 요구한다.,김태중과 리즈 경기를 본 뒤 빈 살만에게 부산 엑스포 양보를 요구한다,빈 살만은 네옴·국가체면을 걸어 쉽게 물러설 수 없고 관계파탄 위험이 크다.,언제나 김민재가 맞춰 줬던 관계가 처음 차갑게 얼어 이번에는 빈 살만이 양보할 차례라는 비용이 드러난다.,부산 지지를 위한 사우디 후보철회 요구가 공식 제시된다.,왕실관계·외교표,무조건 서로 돕던 형제관계가 한쪽이 실제 희생을 선택해야 하는 국가이익 협상으로 시험받는다.,2034 월드컵·네옴 지원이 체면 있는 대안이 될지가 남는다.,사우디 양보요구.,후보철회·관계회복.,DCA-N65,0.94
708,708,총성 없는 전쟁 (3),122469,122629,어린 시절부터 서로 치부를 덮어 온 두 사람이 차가운 엑스포 협상을 이어 간다.,2034 월드컵·네옴완공 지원으로 사우디의 철회를 받아 양국 모두 실리를 얻는 보상.,엑스포 대신 더 큰 장기국가 이벤트와 기술·금융 지원을 보장한다.,2034 월드컵과 네옴 완공 지원을 대안으로 제시해 사우디의 엑스포 포기를 받아낸다,빈 살만이 교환을 국내에 패배로 보이게 하면 왕실체면을 잃는다.,대체보상이 사우디 목표를 더 잘 충족해 틀어질 뻔한 두 사람이 다시 손을 잡는다.,사우디가 부산엑스포 경쟁에서 물러나고 한국은 월드컵·네옴 지원을 약속한다.,외교승리·관계회복,제로섬 표대결이 양국의 다른 시간대 목표를 교환한 상호승리로 바뀐다.,엑스포 우위 뒤 안드레아·EU 분열과 아람코 지분보상을 받을 일이 남는다.,사우디 엑스포 협상 결산.,유럽 로비·아람코 지분·일본 D-DAY.,DCA-N65,0.94
709,709,총성 없는 전쟁 (4),122630,122798,리즈는 홀란드의 득점으로 빅4를 지키고 안드레아의 성적연동 옵션이 가치를 낸다.,리즈 옵션을 유럽 로비망으로 환전하고 중국의 돼지고기·와인 보복을 EU 분열기회로 쓰는 약속.,안드레아에게 각국 정치·기업 인맥을 맡겨 태우 프로젝트를 지원하게 한다.,리즈 옵션으로 안드레아를 유럽 로비스트로 묶고 중국의 EU 돼지고기·와인 보복을 관찰한다,유럽인은 외국기업의 정치개입을 경계하고 중국의 갈라치기는 태우 동맹도 흔들 수 있다.,중국의 전략은 예상한 대로 EU를 더 쪼개 태우가 파고들 틈을 넓힌다.,안드레아의 유럽 로비역할과 중국 보복을 활용한 국가별 접근전략이 확정된다.,인맥·지역분열,구단인수 옵션이 축구수익에서 유럽정치·산업계약을 여는 비공식 로비자산으로 변한다.,사우디가 약속한 아람코 지분과 일본 공격일을 확정할 일이 남는다.,안드레아 로비망 확보.,아람코 지분·엔캐리 D-DAY.,DCA-N65,0.94
710,710,총성 없는 전쟁 (5),122799,122944,귀국 보름 뒤 사우디에서 예상보다 빠른 엑스포 거래보상이 도착한다.,아람코 0.6퍼센트를 받고 AI·엔비디아 시장까지 점검해 아시아 금융장악 D-DAY로 넘어가는 약속.,지분을 인수하고 조지의 엔화청산·미 국채매각 시간을 확정한다.,아람코 0.6퍼센트를 사고 AI 폭발·엔비디아 사기꾼을 확인하며 일본 D-DAY를 정한다,AI 열풍에 사기·과대평가가 섞이고 50배 엔화작전은 사상 최대 손실도 가능하다.,이번 작전은 수익뿐 아니라 금융타워의 아시아 전역 장악을 결정할 규모다.,아람코 0.6퍼센트 소유와 일본 금융공격 D-DAY가 확정된다.,에너지지분·금융전,엑스포 외교보상이 실물 에너지소유권으로 지급되고 전선은 일본 통화·정권으로 교대한다.,바흐무트·중국 특구·일본 조기상환이 동시에 어떻게 움직일지가 열린다.,아람코 지분수령·D-DAY 설정.,중국 특구·바그너 반란·엔캐리 청산.,DCA-N65,0.94
711,711,전환점 (1),122945,123129,바흐무트에서 바그너가 승리하지만 러시아 군부와 프리고진 불만이 폭발한다.,러시아 군사변수와 중국 재진출의 독을 동시에 관리해 유라시아 판을 여는 약속.,바그너 움직임을 추적하고 중국 특구의 기술·자본안전장치를 검증한다.,바흐무트 승리 뒤 바그너 불만과 엔비디아 사기꾼을 확인하고 중국 특혜의 독을 경계한다,PMC는 반란할 수 있고 중국 14억 시장은 매력만큼 기술탈취 위험이 크다.,독이 든 성배에서 독만 빼면 태우가 독보적 위치에 오를 기회가 된다.,바그너 불만·엔비디아 과열과 중국특구 위험목록이 확인된다.,군사변수·시장안전,산업확장 계획이 러시아 반란과 중국 재진출을 한 유라시아 위험판에서 다루는 단계로 넘어간다.,시진핑이 태우 전용특구와 동맹가입을 어디까지 제시할지가 남는다.,유라시아 위험진단.,시진핑 방한·특구조건·바그너 이동.,DCA-N66,0.94
712,712,전환점 (2),123130,123300,시진핑 방한 환영행사에 미국 대통령 방문보다 드문 긴장감이 감돈다.,자동차·산업동맹 가입요구와 태우 전용특구를 놓고 한국이 미중 선택권을 지키는 약속.,중국기업의 권한을 제한하고 태우의 독립운영·철수권을 요구한다.,시진핑 방한에서 자동차동맹·산업동맹 가입 요구를 받고 태우 전용 특구 제안을 듣는다,중국은 동맹 내부기술·시장접근을 원하고 미국은 태우의 중국복귀를 경계한다.,중국정부 개입을 줄인 특구 제안도 김민재 욕심·안전기준에는 부족하다는 협상여지가 남는다.,시진핑이 동맹가입·전업종 태우특구를 공식 제시한다.,정상협상·시장선택권,중국 재진출이 추상유혹에서 최고권력의 특례제안이 있는 국가협상으로 올라선다.,특구조건을 더 얻는 동안 일본이 태우IT 지분을 강제하려 들지가 열린다.,중국 공식제안.,특구 보강·동맹 임시가입·일본 공격.,DCA-N66,0.94
713,713,전환점 (3),123301,123480,선전 등 기존 특구를 검토하며 태우 전업종 특례의 실익과 위험을 계산한다.,중국문은 열되 일본의 태우IT 지분위협을 금융전 명분으로 되돌리는 약속.,중국에는 철수권을 요구하고 일본의 49퍼센트 지분강제를 거절한다.,중국의 전 업종 특구 혜택을 검토하는 사이 일본이 자동차동맹 배제를 빌미로 태우IT를 위협한다,두 나라 압박이 겹쳐 한쪽과 손잡으면 다른 쪽 보복이 커진다.,겐이치의 일방통보가 김민재에게 죄책감 없이 일본계획을 실행할 도덕적 명분을 준다.,중국 특구검토와 일본 지분강제 통보·거부가 동시에 발생한다.,시장진출·보복명분,미중선택 협상이 일본과의 두 번째 무역·금융전까지 겹친 삼각전으로 확대된다.,일본의 조기상환 요구를 스스로 당길 방아쇠로 쓸지가 남는다.,일본 지분요구 거절.,"차입금 조기상환·D-DAY, 중국 임시가입.",DCA-N66,0.94
714,714,전환점 (4),123481,123642,겐이치가 돌아가자 한 부회장이 일본 대화와 금융포지션을 맞춰 본다.,일본의 조기상환 요구를 D-DAY 방아쇠로 쓰고 중국기업은 권한 없는 임시회원으로만 달래는 약속.,엔화상환 준비를 완료하고 동맹 내부투표·기술접근권을 중국에 주지 않는다.,일본의 차입금 조기상환을 D-DAY 명분으로 쓰고 중국기업에는 권한 없는 임시가입을 설계한다,조기청산은 세계 주가·환율을 흔들고 중국은 형식가입에 불만을 품을 수 있다.,중국은 시작이 반이라 생각하지만 보이지 않는 권한벽을 넘지 못한 채 늦게 깨달을 구조가 된다.,일본 조기상환 요구가 공격명분으로 확정되고 중국 임시가입안이 설계된다.,금융방아쇠·동맹권한,일본·중국 양쪽 압박이 한쪽은 공격시키고 한쪽은 제한적으로 수용하는 비대칭 통제로 바뀐다.,계열사들이 철수 가능한 중국진출을 시작할 때 프리고진이 실제 반란을 택할지가 열린다.,D-DAY 명분·임시가입 설계.,중국 특구진출·바그너 반란.,DCA-N66,0.94
715,715,전환점 (5),123643,123789,태우엔터·IT·AI센터·센트리언 등 생소한 계열사들이 중국특구 진출회의에 모인다.,언제든 철수 가능한 중국거점을 만들면서 태우가 키운 바그너 반란을 역사변수로 활용하는 약속.,핵심기술은 밖에 두고 판매·서비스 거점만 열며 러시아행 프리고진을 감시한다.,계열사에 철수 가능한 중국 특구 진출을 명령하는 동안 프리고진이 러시아행을 결심한다,중국은 현지자산을 인질로 삼을 수 있고 바그너 반란은 태우지원 흔적을 폭로할 수 있다.,프리고진에게는 역사를 비틀 강한 카드와 태우라는 믿는 구석이 있어 결과가 달라질 가능성이 생긴다.,철수권을 가진 중국특구 진출이 명령되고 프리고진의 러시아행·반란이 시작된다.,해외거점·전쟁변수,경제재진출과 비밀군사변수가 준비단계에서 동시에 실제행동으로 넘어간다.,바그너가 모스크바·가스거점을 얼마나 쥐고 태우가 어떤 에너지이익을 받을지가 남는다.,중국진출 실행·바그너 반란발화.,장기 반란·에너지수익·자동차동맹 중국결정.,DCA-N66,0.94
716,716,믿는 구석 (1),123790,123950,바쁜 오전 업무 속 한 부회장이 바그너의 로스토프·자금·가스거점 가능성을 보고한다.,태우가 지원한 장기반란을 세계 에너지수익으로 회수하는 약속.,가스·원유·곡물 포지션과 러시아 대체공급망을 재배치한다.,바그너 반란의 자금·가스거점 장악 가능성을 읽고 한 부회장에게 장기 에너지 대응을 시킨다,반란이 하루 만에 끝나거나 푸틴이 태우통로를 찾으면 투자·외교 모두 역풍을 맞는다.,반란 장기화가 태우지원 덕에 가능하므로 가장 큰 수익도 태우가 받아야 한다는 대가원칙이 선다.,장기반란 시나리오와 에너지 대응포지션이 한 부회장에게 지시된다.,에너지포지션·비밀지원,바그너 지원이 위험비용에서 글로벌 에너지흐름을 바꿀 투자자산으로 전환된다.,프리고진·로만이 메타버스에서 지원확신을 보이고 중국가입회의가 어떤 결론을 낼지가 남는다.,장기반란 대응설계.,모스크바 행군·가스관·중국 임시가입.,DCA-N66,0.94
717,717,믿는 구석 (2),123951,124124,바그너가 12시간 넘게 행군해 모스크바 코앞에 이르고 프리고진·로만이 메타버스에 접속한다.,반란군 생존선과 자동차동맹의 중국 임시가입을 동시에 통제하는 약속.,보이지 않는 지원을 조건부 유지하고 동맹표결에서 권한제한을 관철한다.,프리고진·로만이 메타버스에서 태우의 보이지 않는 지원을 믿고 자동차동맹 회의가 열린다,바그너 지원은 제재폭탄이고 중국가입은 회원기업의 시장·기술이익을 충돌시킨다.,포드의 제임스가 화기애애한 회의를 이익극대화 눈치싸움으로 바꿔 실제 권한협상이 시작된다.,프리고진은 태우지원선을 믿고 행군을 지속하며 중국기업 임시가입 표결이 열린다.,비밀군사·기업동맹,태우의 유라시아 영향력이 전장과 산업회의 두 곳에서 동시에 상대의 생존·가입을 좌우한다.,중국을 받되 일본을 빼고 일본 금리인상을 강제할 방안을 찾을 일이 남는다.,바그너 지원확인·가입회의 발화.,임시회원 조건·일본 배제.,DCA-N66,0.94
718,718,믿는 구석 (3),124125,124294,14억 시장을 버릴 수 없는 자동차회사들이 중국의 독을 알면서도 가입을 원한다.,중국은 권한 없는 임시회원으로 만족시키고 일본은 제외해 엔캐리전쟁 명분을 쌓는 약속.,중국시장 접근은 열되 기술·표결은 막고 일본의 금리정책을 흔들 공동이익을 만든다.,중국기업을 권한 없는 임시회원으로 받고 일본은 제외한 뒤 일본 금리인상 유도책을 찾는다,중국은 차별대우를 눈치챌 수 있고 일본 배제는 새 무역보복을 부른다.,일본이 금리인상을 안 하면 태우·금융타워가 할 수밖에 없는 상황을 만들 능력이 있다.,"중국 임시가입과 일본 제외, 금리인상 유도작전의 방향이 합의된다.",동맹구조·통화압박,자동차동맹은 중국을 제한적으로 흡수하고 일본을 금융공격의 제물로 고립시키는 체계로 바뀐다.,바그너·우크라이나 압박을 동유럽 무기납기·미7함대 부산배치로 환전할 일이 남는다.,중국 임시가입·일본 배제.,"일본 금리인상, 동유럽 군수·부산 7함대.",DCA-N66,0.94
719,719,믿는 구석 (4),124295,124452,반란과 전쟁터에서 일주일이 억겁처럼 흐르며 러시아 양쪽 압박이 커진다.,동유럽 무기납기와 미7함대 부산배치로 한국이 전쟁종결을 흔들 군사·물류 레버리지를 얻는 약속.,최재석에게 미국보충전력·수에즈 우선운송·부산 군항조건을 제시한다.,바그너·우크라이나가 러시아를 압박하자 동유럽 무기 납기와 미 7함대 부산 배치를 최재석에게 제안한다,미국·러시아·중국 반발과 대통령의 정치·건강부담이 크다.,사전작업만으로 최재석가 지칠 만큼 본작전은 국가수명을 깎는 규모가 될 것이 드러난다.,동유럽 무기납기 가속과 미7함대 부산배치안이 청와대 의제로 확정된다.,군사물류·국가위상,한국은 무기공급국에서 전쟁출구와 동북아 미군배치까지 움직일 레버리지 보유국으로 이동한다.,데이비드가 백악관을 설득하고 유라시아 경제영토 시스템을 완성할지가 남는다.,군수·7함대 제안.,미국 승인·수에즈 운송·직접중재.,DCA-N66,0.94
720,720,믿는 구석 (5),124453,124612,데이비드가 이틀 만에 백악관을 설득해 무기수송·부산배치 길을 연다.,수에즈 우선운송과 중국특구를 북한·러시아 육로까지 잇는 경제영토로 확장하는 보상.,군수·철도·특구·항만을 태우 영향력이 유지되는 시스템으로 묶는다.,미국 설득과 수에즈 우선운송으로 무기를 앞당기고 중국특구를 유라시아 경제영토 구상에 넣는다,전쟁·정권이 바뀌면 개별계약은 무너질 수 있어 영속구조가 필요하다.,영토를 넓히는 것보다 태우 영향력을 계속 유지할 시스템이 더 중요하다는 다음 과제가 선다.,미국승인·수에즈 우선운송이 확보되고 중국특구·북방육로 경제영토 구상이 완성된다.,경제영토·물류시스템,임시 군수지원이 여러 국가·항만·철도를 잇는 장기 유라시아 질서로 확대된다.,가스관을 쥔 바그너·우크라이나를 이용해 직접 러시아 중재에 나설지가 열린다.,군수지원·경제영토 설계.,푸틴·프리고진 직접중재.,DCA-N66,0.94
721,721,중재자 (1),124613,124802,반란군 딱지 아래 바그너가 몸은 편해도 매일 지옥 같은 불안을 견딘다.,가스관 장악을 지렛대로 최재석·김민재가 전쟁출구를 책임지는 중재자가 되는 약속.,한국 대통령·태우 회장 공동으로 푸틴·프리고진 조건을 교차 설득한다.,바그너와 우크라이나의 가스관 장악을 이용해 최재석과 직접 러시아 중재에 나서기로 한다,양측 강경파·우크라이나·미국 모두 다른 조건을 원해 실패하면 한국외교가 손상된다.,김민재 마음을 읽은 최재석이 먼저 공동중재를 제안해 못 이기는 척 받아들일 관계가 확인된다.,한국 최고권력과 태우가 직접 러시아중재에 나서기로 결정한다.,국가중재·관계,비밀리에 전쟁을 움직이던 두 사람이 공개적 전쟁출구의 책임주체로 올라선다.,일본의 태우IT 49퍼센트 강제안에 어떤 즉시보복을 할지가 끼어든다.,직접중재 결정.,일본 IT철수·푸틴 조건협상.,DCA-N67,0.94
722,722,중재자 (2),124803,124955,우크라이나가 가스관을 완전히 장악한 보름 뒤 일본이 태우IT 지분 49퍼센트를 강제한다.,일본철수 선언으로 공격받은 자존심을 일본 디지털생태계 붕괴위기로 돌려주는 약속.,서비스·인력·데이터의 단계철수와 대체불가능 기능 중단을 예고한다.,일본의 태우IT 지분 49퍼센트 강제안에 일본 철수를 선언하도록 한다,철수는 태우도 거대 일본매출·사용자를 잃고 현지소비자 피해비판을 받는다.,태우IT 자존심을 보상받으려면 일본 업계 전체를 짓밟아야 한다는 강한 보복선이 선다.,태우IT의 일본철수 선언과 서비스축소 준비가 실행된다.,시장철수·보복,지분을 빼앗으려던 일본이 자국 디지털서비스 전체를 잃을 위기의 요청자로 뒤집힌다.,기시다 지지율이 무너지고 일본이 금융보복으로 나올지가 남는다.,일본철수 선언.,총리지지율·엔캐리·은행지분.,DCA-N67,0.94
723,723,중재자 (3),124956,125111,기시다는 약한 당내입지 탓에 극우의 태우IT 강제안을 받아들인 대가를 치른다.,일본총리 지지율을 무너뜨리고 러우중재를 코리아 디스카운트 제거의 국가위상으로 환전하는 약속.,철수피해 여론을 키우며 일본 금융공격·한국 국제평가를 함께 설계한다.,태우IT 철수로 일본 총리 지지율을 무너뜨리고 러시아 중재의 국가위상 보상을 계산한다,일본이 보복하면 글로벌증시가 흔들리고 중재가 실패하면 국가신뢰 보상도 사라진다.,중재는 한국 위상·태우미래와 함께 러우 시장의 막대한 직접수익까지 준다.,"기시다 지지율 급락과 일본 금융보복 가능성, 한국 중재의 국가보상 계산이 확인된다.",정치교체·국가평가,IT기업 분쟁이 일본정권·한국증시 평가를 동시에 바꾸는 국가급 판으로 확대된다.,크렘린에서 푸틴에게 거절하기 힘든 휴전패키지를 내밀 일이 남는다.,일본 정치압박·중재 보상설계.,푸틴 조건부 승낙·엔캐리 공격.,DCA-N67,0.94
724,724,중재자 (4),125112,125254,크렘린은 반란 뒤 경호·보안이 몇 배 강화된 전시요새가 됐다.,전쟁 이전선·가스관·횡단철도·한국투자로 푸틴이 거절하기 힘든 출구를 만드는 약속.,바그너 반란종식을 조건으로 체면·경제·안보 대가를 패키지로 제시한다.,크렘린에서 푸틴에게 전쟁 이전선 휴전·가스관·횡단철도·한국투자를 제시한다,푸틴은 영토포기와 강경파 반발을 감수해야 하고 우크라이나 동의도 아직 없다.,누가 머리를 잡아 움직이는 듯 푸틴이 천천히 고개를 끄덕여 제안의 압력이 통한다.,푸틴이 전쟁 이전선 휴전안과 경제패키지에 조건부로 승낙한다.,휴전조건·국가투자,전쟁을 계속하던 러시아가 바그너 정리와 한국투자를 조건으로 출구를 검토하는 상태로 바뀐다.,강경파가 막기 전에 흑해 프리고진에게 현장합의를 받아야 한다.,푸틴 조건부 승낙.,프리고진 퇴장·최종 휴전.,DCA-N67,0.94
725,725,중재자 (5),125255,125407,푸틴의 조건부 승낙만 얻은 김민재·최재석에게 러시아 강경파 개입시간이 다가온다.,흑해 프리고진을 먼저 설득해 푸틴이 생각을 바꿀 틈을 없애는 약속.,태우선박으로 급히 이동해 아프리카 사업·신변안전·명예로운 퇴장을 제시한다.,푸틴의 조건부 승낙을 받아 낸 뒤 흑해의 프리고진에게 향해 러시아 강경파보다 먼저 현장 합의를 시도한다,프리고진은 반란군 생존·권력을 포기해야 하고 현장협상 실패시 푸틴도 철회한다.,상황을 더 볼 푸틴에게 생각할 겨를조차 주지 않는 두 한국인의 속도가 전환점이 된다.,푸틴 조건부 승낙은 확보됐지만 프리고진 최종합의는 아직 미지급인 채 현장으로 이동한다.,시간압박·중재실행,궁정의 조건부 문서협상이 흑해 현장에서 반란을 실제 끝낼 초단기 행동으로 바뀐다.,프리고진이 아프리카 퇴장로를 받아 반란을 종료할지가 남는다.,푸틴 조건부 휴전.,프리고진 퇴장계약·반란종결.,DCA-N67,0.94
726,726,새로운 질서 (1),125408,125577,태우해운 선박에는 프리고진과 청와대 경호팀·태우 PMC가 서로를 경계한 채 마주 앉아 있다.,아프리카 사업과 안전한 퇴장을 보장해 바그너 반란을 총성 없이 끝내는 보상.,프리고진에게 병력 철수·가스관 반환과 생존 가능한 사업출구를 맞바꾼다.,태우해운 선박에서 프리고진에게 아프리카 사업과 안전한 퇴장을 보장해 반란을 끝내고 미국으로 향한다,프리고진은 푸틴의 보복을 믿지 못하고 김민재도 반란군 수장을 보호한다는 정치비용을 져야 한다.,패자가 죽지 않고 사업가로 퇴장할 수 있다는 조건이 프리고진의 마지막 저항을 꺾는다.,프리고진이 김민재와 악수하고 바그너 반란을 끝내기로 합의한다.,반란종결·신변보장,러시아 내전위기는 프리고진의 아프리카 퇴장과 가스관 반환이 예정된 합의상태로 전환된다.,러시아 불을 끈 김민재가 백악관에서 중동 기습과 우크라이나 휴전을 함께 거래해야 한다.,프리고진 퇴장계약·바그너 반란.,미국 승인·하마스 사전방어·우크라이나 설득.,DCA-N68,0.94
727,727,새로운 질서 (2),125578,125735,백악관 독대에서 김민재는 아직 공개할 수 없는 하마스 침공정보를 바이든에게 꺼낸다.,민간인 학살을 막을 PMC 투입과 우크라이나 휴전 설득을 미국의 승인 아래 묶는 약속.,미국이 두 작전을 허용하도록 성공비용과 실패비용까지 태우가 부담한다고 제안한다.,바이든에게 하마스 사전 PMC 방어비를 태우가 대고 우크라이나 설득 실패비용까지 책임지겠다고 한다,수조 달러가 걸린 두 전쟁에 기업이 개입하며 실패하면 자금·평판·미국 신뢰를 동시에 잃는다.,바이든이 비용을 묻자 김민재는 우크라이나 설득에 실패해도 태우가 책임진다고 판돈을 키운다.,미국 대통령 앞에 하마스 사전방어와 우크라이나 휴전을 건 태우의 전액책임 조건이 올라간다.,국제개입·재무위험,태우는 조력자가 아니라 두 전쟁의 성패와 비용을 자기 장부에 거는 당사자가 된다.,성공확률 절반인 도박을 유럽·러시아·일본 이해관계까지 엮어 이길 설계가 필요하다.,미국에 제시할 책임조건.,유럽 설득·러시아 이미지·일본 금융전·우크라이나 휴전.,DCA-N68,0.94
728,728,새로운 질서 (3),125736,125883,백악관을 나온 뒤 데이비드는 위험을 걱정하고 천민정은 김민재의 다음 수를 기다린다.,유럽의 휴전지지·러시아 진출명분·일본 공매도를 한 패키지로 묶어 전쟁비용을 사업보상으로 되찾는 약속.,인도주의적 중재자 이미지를 만들면서 러시아 재건권과 일본 금융수익을 동시에 확보한다.,유럽 설득·러시아 진출 이미지·일본 공매도를 병행하며 휴전 개시 전 명분을 포장한다,어느 한 축이라도 어긋나면 평화명분은 전쟁장사 비난으로 뒤집히고 대규모 공매도도 노출된다.,국제적 선의라는 무형자산이 러시아시장과 일본전쟁의 실제 담보가 될 수 있다는 계산이 선다.,유럽·러시아·일본을 한꺼번에 움직일 휴전 보상패키지와 역할분담이 정리된다.,명분·국제사업,수조 달러 도박은 전쟁 하나의 중재가 아니라 세 지역의 정치·시장보상을 교환하는 구조가 된다.,인도적 포장 아래 우크라이나 재건권을 얼마나 깊게 확보할지가 남는다.,다자 보상패키지 설계.,일본 조기상환 압박·우크라이나 재건대가.,DCA-N68,0.94
729,729,새로운 질서 (4),125884,126045,일본 금융청의 조기상환 권고가 태우의 엔캐리 포지션을 정면으로 건드린다.,일본의 압박을 금융태풍으로 되돌리고 우크라이나 재건에서 가장 큰 장기보상을 고르는 약속.,상환시점과 공매도 충격을 재설계하면서 휴전대가를 통신·원전·자동차 재건으로 구체화한다.,일본 금융청의 조기상환 권고를 태풍으로 키우는 한편 우크라이나 재건 보상안을 고른다,일본 당국이 자금흐름을 막을 수 있고 우크라이나는 외국기업이 전후경제를 독식한다며 거부할 수 있다.,단기 현금보다 국가 인프라를 잡아야 우크라이나에 꽂은 거대한 빨대가 오래 간다는 선택이 내려진다.,일본 조기상환에 맞설 금융전 방향과 우크라이나 재건산업 우선순위가 확정된다.,금융보복·재건권,휴전의 추상적 보상은 우크라이나 통신망·원전·자동차 산업을 선점할 사업목록으로 바뀐다.,젤렌스키가 부패자금 자료와 재건패키지를 받고 전쟁을 끝낼 결단을 할지는 미지급이다.,일본 대응·재건대가 선택.,젤렌스키 담판·부패자금 회수.,DCA-N68,0.94
730,730,새로운 질서 (5),126046,126215,젤렌스키는 전쟁을 계속해야 정치생명을 지킬 수 있다는 유혹과 국가소모 사이에 서 있다.,부패자금 회수와 통신망·원전·자동차 재건을 내밀어 휴전 쪽이 더 큰 정치적 생존로가 되게 하는 약속.,연임을 위한 전쟁의 위험을 지적하고 회수 가능한 국고자료와 전후산업 패키지를 건넨다.,젤렌스키에게 부패자금 회수 자료·통신망·원전·자동차 재건안을 내밀고 휴전 결단을 요구한다,젤렌스키가 권력유지를 택하거나 재건권 독식조건을 거부하면 미국과 맺은 도박도 함께 무너진다.,김민재가 부패자금의 실제 흐름과 국고회수 가능액을 보여 주며 도덕론을 계산 가능한 선택으로 바꾼다.,젤렌스키에게 휴전 결단을 압박할 자료와 전후재건 대가가 모두 지급된다.,휴전결단·재건주도권,우크라이나 대통령의 선택지는 전쟁 지속 대 휴전이 아니라 부패권력 대 국고회수·재건으로 다시 짜인다.,젤렌스키가 자료를 검토한 뒤 보내 올 협상신호와 일본 엔캐리 청산시점이 남는다.,젤렌스키 설득자료 전달.,우크라이나 협상신호·엔캐리 전액청산.,DCA-N68,0.94
731,731,나비 효과 (1),126216,126382,우크라이나에서 협상 가능신호가 오자 금융타워는 일본의 예상보다 먼저 움직일 창을 얻는다.,엔캐리 전액청산을 일주일 앞당겨 일본 금융청의 계산과 세계시장의 균형을 동시에 깨는 보상.,대출을 나눠 갚으리라는 전제를 역이용해 보유포지션을 한꺼번에 정리한다.,우크라이나의 협상 신호를 확인한 금융타워가 엔캐리 전액청산을 일주일 앞당겨 실행한다,조기청산은 니케이뿐 아니라 나스닥까지 떨어뜨려 미국의 환율감시와 동맹국 반발을 부른다.,본 공격이 시작되기도 전에 니케이가 7퍼센트 밀리며 일본 당국의 분할상환 시나리오가 무너진다.,엔캐리 전액청산이 실행되고 일본에서 빠져나온 자금을 금융타워가 흡수한다.,통화전쟁·시장충격,일본이 통제하던 상환일정은 금융타워가 세계증시의 속도를 정하는 비대칭전으로 뒤집힌다.,"일본 정부가 협상을 청하고 금융청 책임자를 내놓을지, 미국이 환율조작으로 제동을 걸지가 남는다.",우크라이나 협상신호·전액청산 실행.,일본 협상·금융청 문책·미국 환율감시.,DCA-N69,0.94
732,732,나비 효과 (2),126383,126556,니케이와 엔화가 함께 흔들리면서 일본 금융청의 분할상환 계산이 완전히 빗나간다.,일시상환 충격으로 일본 정부를 협상장에 끌어내고 금융청의 책임을 정치문제로 만드는 약속.,환율감시 위험을 버티며 재차입 조건과 일본 정치통제의 두 경로를 준비한다.,일본 금융청의 분할상환 계산을 깨고 한 번에 돈을 갚아 엔화·주가·미 환율감시를 흔든다,미국이 환율조작국 카드를 꺼낼 수 있고 일본이 국가자산을 동원하면 금융타워도 손실을 입는다.,시장기술만으로 끝내면 다음 정권이 보복하므로 김민재가 일본 정치 자체를 바꿔야 한다고 판단한다.,일본 정부의 협상요청과 금융청 책임론을 끌어내고 한 부회장·김민재의 투트랙 대응이 정해진다.,정부협상·정치개입,금융회사 간 상환분쟁이 현 일본정부의 생존과 차기정권 구성을 겨누는 정치전으로 넘어간다.,한 부회장이 기시다에게 제시할 국가급 조건과 김민재가 만날 일본 야권인물이 갈린다.,일본 협상요청·대응역할 분담.,기시다 재차입조건·야당연합 접촉.,DCA-N69,0.94
733,733,나비 효과 (3),126557,126729,한 부회장과 조지는 흔들리는 일본 총리관저에서 기시다와 공식협상을 시작한다.,재차입·금리정책·미국채 처리와 공식사과를 교환해 일본 국가자산을 태우의 안전판으로 만드는 약속.,금융타워가 시장충격을 멈출 수 있는 조건을 기시다에게 국가단위 청구서로 제시한다.,한 부회장·조지가 기시다에게 재차입·금리·미 국채·사과 조건을 받아낸다,기시다는 극우파·관료조직의 반발을 감수해야 하고 거부하면 은행·증시 붕괴가 더 커진다.,기시다가 조건 자체보다 같은 시각 김민재가 누구를 만나는지 모른다는 사실이 협상의 정보격차를 드러낸다.,일본 정부가 재차입·금리·미국채·사과를 포함한 금융타워의 요구를 공식 검토하게 된다.,국가자산·협상력,채무상환 협상은 일본의 통화정책과 미국채 운용까지 태우가 간섭하는 국가급 거래로 커진다.,총리관저 밖에서 김민재가 야권의 돈줄과 불법자금 증거를 어떻게 묶을지가 남는다.,기시다 상대 공식조건 제시.,곤조 접촉·자민당 불법자금·야권 재편.,DCA-N69,0.94
734,734,나비 효과 (4),126730,126889,김민재는 기시다 협상과 별도로 곤조를 만나 자민당 불법자금의 약점을 꺼낸다.,환율보험의 반대포지션 이익과 선거자금을 제공해 일본 금융계·야당연합을 한편으로 만드는 약속.,곤조가 자민당과 결별하고 정권교체의 얼굴이 되도록 증거·돈·금융안전을 묶어 제안한다.,곤조 의원에게 자민당 불법자금 자료를 주고 환율보험 반대포지션으로 이익을 회수한다,야권이 외국기업의 꼭두각시로 보이면 선거에서 역풍을 맞고 불법자금 폭로도 태우 개입을 드러낸다.,은행·보험사를 이미 장악한 금융타워가 선거자금까지 합치면 일본 금융계를 통째로 삼킬 수 있음이 확인된다.,곤조와 야당연합에 자민당을 무너뜨릴 증거와 합법적 자금통로가 제공된다.,야권연합·금융장악,일본 금융전의 상대는 금융청에서 자민당 정권으로 바뀌고 곤조가 대체권력 후보로 선다.,대형은행 지분을 보험금 대신 받고 건설사 검은돈을 거절하는 자금규율이 시험대에 오른다.,곤조 포섭·불법자금 카드.,은행지분 취득·깨끗한 선거자금·자민당 해산.,DCA-N69,0.94
735,735,나비 효과 (5),126890,127049,일본 금융기관들은 시장손실을 갚을 현금이 부족하고 야권에는 선거를 치를 깨끗한 돈이 필요하다.,보험금 대신 3대 은행 지분을 받고 불법 건설자금 없이 야당연합의 집권기반을 세우는 보상.,금융기관 소유권과 선거자금의 출처를 분리해 장기지배가 폭로로 무너지지 않게 한다.,일본 3대 은행 지분을 보험금 대신 받고 선거자금 통로를 고르며 수상한 건설사 돈은 거절한다,은행지분 인수는 외국자본의 일본금융 잠식비판을 부르고 검은돈을 거절하면 선거동원력이 약해진다.,김민재가 건설사 돈을 불량식품으로 치부하며 파인다이닝 같은 깨끗한 자금만 쓰겠다는 규칙을 세운다.,금융타워는 3대 은행 지분과 합법적 야권자금 통로를 확보하고 건설사 검은돈을 배제한다.,은행소유·정치자금,일회성 공매도 수익은 일본 핵심은행의 지분과 지속 가능한 정권교체 자금망으로 굳어진다.,기시다 퇴진·중의원 해산 뒤 일본선거와 중동기습·러우휴전이 같은 시각에 겹칠 위험이 열린다.,은행지분·선거자금 규율.,중의원 해산·일본 총선·하마스 기습·러우 휴전.,DCA-N69,0.94
736,736,거짓된 평화 (1),127050,127212,기시다 퇴진과 중의원 해산이 발표되는 동안 하마스 기습예정일과 러우 휴전시한도 겹친다.,일본 정권교체·중동 민간인 보호·유럽 휴전을 같은 날 놓치지 않고 성립시키는 약속.,각 지역의 현장팀과 정치파트너를 동시에 움직여 세 사건의 실행시각을 맞춘다.,기시다 퇴진·중의원 해산 속 하마스 패러글라이더 침공과 러우 휴전 서명을 동시에 대비한다,어느 한곳에 자원이나 정보가 늦으면 선거·학살방지·휴전 가운데 하나가 무너질 수 있다.,러시아와 우크라이나 모두 출구가 절실한 지금이어서 오늘 휴전이 가능하다는 마지막 조건이 맞는다.,일본 총선의 문이 열리고 중동 방어와 러우 휴전도 실행 직전까지 준비된다.,동시작전·시간통제,서로 별개였던 일본 정치전·중동 방어·유럽 평화협상이 하나의 동시 결산일로 수렴한다.,러우 양측의 실제 휴전서명과 일본 중앙은행 손실폭로가 계획대로 이어질지가 남는다.,세 전선 실행준비.,러우 휴전서명·일본은행 손실·뱅크런.,DCA-N70,0.94
737,737,거짓된 평화 (2),127213,127367,일본 총선을 앞둔 시각 러시아와 우크라이나가 마침내 총성을 멈추는 합의에 도달한다.,전쟁종결의 세계적 신뢰를 일본은행 30조 엔 손실과 뱅크런 공개의 정치적 힘으로 전환하는 보상.,평화중재 브랜드를 굳히면서 일본 금융위기의 책임이 자민당 정권에 돌아가게 한다.,러우 휴전 체결과 태우 브랜드 상승을 확인한 뒤 일본 은행 30조 엔 폭탄·뱅크런을 공개한다,휴전은 깨질 수 있고 대규모 예금인출은 일본 시민피해와 태우 배후론을 키운다.,일본은행의 감춰진 30조 엔 손실이 드러나며 금융위기가 선거구도를 결정할 폭발물로 바뀐다.,러우 휴전이 성립하고 일본은행 손실·뱅크런이 공개돼 야권의 정권교체 동력이 급증한다.,세계평화·정권교체,김민재는 전쟁을 끝낸 기업가에서 일본 총리를 사실상 고를 수 있는 금융권력자로 올라선다.,우크라이나의 부패재벌을 치우고 일본 야당연합이 실제 과반을 얻는 두 결산이 남는다.,러우 휴전·일본 금융위기 공개.,콜로노이 정리·일본 총선 과반.,DCA-N70,0.94
738,738,거짓된 평화 (3),127368,127539,"휴전 뒤 우크라이나 재건에는 부패재벌 콜로노이가, 일본 정권교체에는 야권의 의석부족이 걸림돌로 남는다.",콜로노이의 자금망을 걷어 내고 곤조·나오토 연합이 과반을 차지하게 하는 이중 결산.,우크라이나 국고회수 자료를 집행하고 일본에서 야당 단일대오를 끝까지 유지한다.,콜로노이를 시작으로 우크라이나 부패재벌을 잡고 곤조·나오토 야당연합의 50석 증가를 만든다,부패재벌의 반격과 자민당 조직표가 살아 있어 두 나라 모두 막판에 결과가 뒤집힐 수 있다.,콜로노이가 보호막을 잃는 것과 동시에 일본 개표에서 야당연합이 자민당을 추월한다.,우크라이나 부패재벌 정리가 시작되고 곤조·나오토 연합은 과반의석으로 자민당을 패배시킨다.,부패청산·정권교체,태우의 재건사업과 일본 금융지배를 막던 현지 기득권 두 축이 선거와 수사로 제거된다.,하마스 기습현장에서 AI 드론·PMC가 실제 민간인 학살을 막고 일본 의석결과를 굳힐지가 남는다.,콜로노이 보호막·자민당 집권.,중동 기습저지·일본 새 정권·국제보상.,DCA-N70,0.94
739,739,거짓된 평화 (4),127540,127739,일본 야당연합의 약진을 확인하는 동안 하마스 대원들은 패러글라이더로 국경을 넘는다.,AI 드론과 태우 PMC가 침공정보를 실전에서 증명해 민간인 학살을 선제 차단하는 보상.,기습부대를 식별·무력화하되 민간인과 국제법 피해를 최소화한다.,일본 야당의 약진을 확인하는 동안 AI 드론·PMC가 하마스 기습의 민간인 학살을 막는다,정보가 틀리거나 과잉공격이 발생하면 미국승인·태우 평화브랜드·현지인 생명이 모두 무너진다.,사람이 대응하기 전에 AI 드론이 침투경로를 닫으며 사전정보의 정확성이 현장에서 입증된다.,하마스 기습의 대규모 민간인 학살이 저지되고 일본 야당의 정권교체 성과도 굳어진다.,민간인보호·정보우위,비밀첩보와 PMC 투입은 실제 생명을 구한 공개성과가 되어 미국이 약속한 청구서를 발생시킨다.,PMC 비용과 우크라이나 재건중심권을 미국에서 받아 내는 보상협상이 남는다.,하마스 기습저지·일본 총선승리.,미국 비용정산·우크라이나 재건권·러시아 전후투자.,DCA-N70,0.94
740,740,거짓된 평화 (5),127740,127898,세 전선이 계획대로 끝나자 미국대사는 태우가 감당한 PMC 비용과 전쟁종결 대가를 협상한다.,PMC 전액보전·미국기업 동등대우·우크라이나 재건중심권을 공식 보상으로 받는 약속.,미국의 보증을 문서화하고 경쟁자가 몰리기 전에 러시아 전후투자 자리를 선점한다.,미국대사에게 PMC 비용·미국 기업 동등대우·우크라이나 재건 중심권을 받아 낸 뒤 러시아 전후투자를 서두른다,미국기업과 같은 권리는 경쟁을 없애 주지 않으며 러시아 강경파·제재가 자원투자를 막을 수 있다.,평화의 청구서가 현금보전뿐 아니라 우크라이나 국가재건의 중심권으로 인정된다.,미국으로부터 PMC 비용·미국기업 동등대우·우크라이나 재건중심권을 확보한다.,국제보상·재건지위,민간기업의 전쟁개입비용이 미국이 보증하는 국가급 재건권과 시장접근권으로 환전된다.,러시아 자원과 북한 접경경제를 실제로 묶어 줄 푸틴·로만의 도구가 필요하다.,미국 보상협상.,러시아 자원투자·가스관·북한 접경개발.,DCA-N71,0.94
741,741,화룡점정 (1),127899,128080,미국 보상은 받았지만 러시아 자원과 북한 접경지역을 묶을 현지 권력구조는 아직 비어 있다.,로만·푸틴과 공장 무상회수·가스관·횡단철도를 합의해 장남의 북방 영향권까지 넓히는 약속.,러시아 전후자산을 회수하고 함경북도·양강도와 이어질 산업·철도·후계지원 거래를 확정한다.,러시아에서 로만·푸틴과 공장 무상회수·가스관·횡단철도·북한 장남 지원을 합의한다,"제재와 러시아 내부권력투쟁, 북한의 경계가 계약실행과 장남 지원을 동시에 흔든다.",푸틴이 경제회복을 위해 태우 자본뿐 아니라 김민재 장남의 북방역할까지 받아들인다.,러시아 공장 회수·가스관·횡단철도 및 장남 지원의 정치적 토대가 합의된다.,북방경제·후계영향력,김민재 개인의 러시아 투자회수는 함경북도·양강도까지 잇는 가족의 동부경제권으로 확대된다.,미국 대선 양쪽과 관계를 유지해 새 북방질서를 정권교체 뒤에도 지킬지가 남는다.,러시아 전후투자 조건.,미국 대선후원·트럼프 공략.,DCA-N71,0.94
742,742,화룡점정 (2),128081,128250,북방계약을 지키려면 다음 미국정권과도 우호를 확보해야 해 김민재는 텍사스의 머스크·트럼프를 만난다.,무제한 후원으로 트럼프와 거래하면서 민주당 후보교체 가능성까지 대비하는 양쪽 보험.,선거자금·산업협력을 제시하되 어느 당이 이겨도 태우의 전쟁·재건권이 유지되게 한다.,텍사스 농장에서 머스크와 트럼프를 만나 무제한 후원·민주당 후보교체 전략을 제시한다,노골적 후원은 정치개입 비판을 부르고 후보가 바뀌면 이미 건 돈과 관계가 무용해질 수 있다.,아쉬운 처지의 트럼프에게 자금과 머스크 네트워크가 결합되자 태우의 협상력이 가장 크게 먹힌다.,트럼프에 대한 후원·협력통로가 열리고 민주당 후보교체에도 대응할 미국 대선보험이 마련된다.,미국정치·정권보험,현직 바이든과 맺은 국제거래가 차기 공화당 가능성까지 덮는 초당적 생존구조로 바뀐다.,곤조 총리 체제에서 일본 금융사 고객을 태우 플랫폼으로 옮길 장기독점이 남는다.,트럼프 협력통로·대선보험.,곤조 내각·일본 금융플랫폼 독점.,DCA-N71,0.94
743,743,화룡점정 (3),128251,128420,곤조가 총리가 된 일본에서 금융사들은 뱅크런 손실과 높은 보험료를 동시에 떠안고 있다.,보험료를 낮춰 주는 대신 태우 금융플랫폼을 채택시켜 수십 년 고객관계를 가져오는 보상.,새 정부의 협조 아래 은행·보험의 거래기반을 태우 AI 시스템으로 교체한다.,곤조 총리 성립 뒤 일본 금융사 보험료를 깎아 주는 대신 태우 금융플랫폼 가입을 받아낸다,일본 금융사들은 데이터·고객주권을 잃을 수 있고 외국 플랫폼 종속비판도 커진다.,정권교체로 끝날 줄 알았던 일본전이 금융사의 일상업무와 고객접점까지 장악하는 단계로 넘어간다.,곤조 내각과 일본 금융사들이 보험료 인하와 태우 플랫폼 도입을 교환하는 구조가 성립한다.,금융플랫폼·고객지배,일본 정치를 흔든 일회성 공격이 수십 년간 수수료와 데이터를 거둘 상시 금융망으로 굳어진다.,천민정의 AI 플랫폼을 실제 출시하고 같은 모델을 중국시장까지 확장할지가 남는다.,일본 정권교체 보상구조.,AI 금융플랫폼 출시·중국 금융시장.,DCA-N71,0.94
744,744,화룡점정 (4),128421,128566,천민정은 일본 금융사들의 방대한 고객·거래 데이터를 받을 AI 플랫폼을 완성해 간다.,일본 출시를 성공시키고 한 부회장의 중국투자 압박까지 이용해 다음 거대시장으로 확장하는 약속.,AI 위험평가·거래시스템의 효율을 증명하고 중국진입에 필요한 자본·관계 조건을 만든다.,천민정이 일본 예금을 끌어올 AI 금융플랫폼을 설계하고 한 부회장은 중국 투자를 압박한다,일본에서 오류가 나면 금융망 전체가 흔들리고 중국은 기술·데이터 통제를 요구할 수 있다.,천민정이 플랫폼 확장을 아이처럼 기뻐하는 모습이 사업성과와 두 사람의 사적 미래를 겹쳐 보이게 한다.,AI 금융플랫폼의 일본 적용준비와 중국진입 투자안이 구체화된다.,AI금융·관계온기,전쟁과 금융보복에서 얻은 일본자산이 천민정의 기술을 아시아 표준으로 키울 발판이 된다.,일본·지린 사채망과 장남 세력을 확인하고 가족이 직접 북한협상에 나설지가 남는다.,일본 플랫폼 준비·중국 투자안.,지린 사채망·장남 세력·김태중 특사.,DCA-N71,0.94
745,745,화룡점정 (5),128567,128730,"이영한의 보고로 일본과 지린의 사채망, 장남이 만든 북방 세력의 윤곽이 드러난다.",개인복수에서 출발한 금융전을 가족의 남북협상과 대륙진출로 마무리하는 약속.,장남의 현지기반을 살리면서 북한이 받아들일 특사와 경제조건을 고른다.,이영한에게 일본·지린 사채망과 북한 장남 세력을 확인한 뒤 김태중이 대북특사를 자청한다,북한은 재벌가의 개입을 의심하고 김태중이 실패하면 가족과 정부 모두 정치적 타격을 입는다.,김태중이 위험한 특사역을 스스로 청하고 김민재가 아버지의 능력과 신뢰를 다시 확인한다.,김태중이 남북협상의 특사로 나서기로 하며 가족의 북방사업이 국가외교선과 연결된다.,가족신뢰·남북외교,아버지를 구해야 했던 회귀자의 약속은 이제 아버지가 아들의 마지막 국가사업을 맡는 상호신뢰로 바뀐다.,평양에서 5개국 정상회담과 횡단철도 조건을 끌어낼 수 있을지가 남는다.,김태중 특사결정·가족신뢰.,평양협상·5개국 정상회담·횡단철도.,DCA-N72,0.94
746,746,부담스러운 선물 (1),128731,128901,김태중은 평양특사라는 마지막 임무를 받아 북한과 주변국을 동시에 설득해야 한다.,남북정상회담과 5개국 합의를 성사시켜 러시아·유럽으로 이어지는 육로를 여는 약속.,북한에 체면과 경제이익을 주고 한국·중국·러시아·미국의 이해를 횡단철도에 묶는다.,김태중이 평양 특사로 가 정상회담·5개국회의를 성사시키는 동안 고체배터리를 휴대폰·로봇으로 넓힌다,"북한의 변심과 주변국 견제, 김태중 개인의 안전이 모두 합의를 가로막는다.",김민재가 기대하는 것은 추상적인 평화가 아니라 유럽까지 연결될 실제 운송로라는 목적이 선명해진다.,김태중의 평양특사 파견과 5개국 정상회담 구상이 공식 실행선에 오른다.,남북외교·대륙물류,가족의 위험한 임무가 한반도 화해를 넘어 태우의 유럽 육로를 완성할 국가협상으로 확대된다.,정상회담에서 40조 원 횡단철도 합의를 얻고 고체배터리의 새 수요까지 연결할지가 남는다.,평양특사 파견·다자회담 준비.,남북정상회담·횡단철도·고체배터리 확장.,DCA-N72,0.94
747,747,부담스러운 선물 (2),128902,129069,최재석은 남북정상회담에서 북한과 주변국이 감당할 철도비용·안전보장을 조율한다.,40조 원 규모 북한 횡단철도를 합의해 북방경제권을 실제 착공 가능한 계약으로 만드는 보상.,각국 분담과 태우의 건설·물류권을 확정하고 정상들의 정치적 체면을 맞춘다.,최재석과 남북 정상회담·북한횡단철도 40조 비용을 논의한 뒤 머스크를 맞는다,천문학적 비용과 제재·정권변화가 착공 전 합의를 무효로 만들 수 있다.,정상회담 성과가 발표되자 머스크가 고체배터리를 스페이스X 로켓에 쓰자며 예상 밖 수요를 제시한다.,남북 횡단철도 40조 원 합의가 성립하고 고체배터리에 우주산업 고객이 붙는다.,횡단철도·우주수요,북방육로와 배터리사업이 각각 국가인프라·우주산업이라는 더 큰 장기계약으로 도약한다.,머스크와 우주선용 공장·탈부착 표준을 확정하고 일본 플랫폼을 출시하는 일이 남는다.,남북정상회담·횡단철도 합의.,우주선 배터리 계약·일본 AI 금융 출시.,DCA-N72,0.94
748,748,부담스러운 선물 (3),129070,129224,머스크의 우주선 배터리 제안과 천민정의 일본 금융플랫폼 출시일이 동시에 다가온다.,우주선용 고체배터리 공장·탈부착 표준과 일본 AI 금융망이라는 두 독점을 확보하는 약속.,머스크와 생산·표준 조건을 합의하고 일본 금융사 고객을 새 플랫폼으로 안전하게 이전한다.,머스크와 우주선용 고체배터리 공장·탈부착 표준을 합의하고 일본에서 AI 금융플랫폼을 출시한다,우주품질 사고는 생명을 위협하고 금융플랫폼 장애는 일본 전역의 거래를 멈출 수 있다.,"배터리는 반복교체 표준으로, 플랫폼은 누적데이터로 경쟁자를 밀어내는 서로 다른 영구수익 구조가 된다.",우주선용 고체배터리 공장·탈부착 표준이 합의되고 일본 AI 금융플랫폼이 출시된다.,기술표준·금융독점,태우의 자금력은 우주 부품과 일본 금융데이터에서 계속 재생산되는 장기동력을 얻는다.,북한 횡단철도의 첫 삽과 천민정 기술의 세계적 명예가 실제 결산될지가 남는다.,우주배터리 표준·일본 플랫폼 출시.,횡단철도 착공·천민정 노벨상.,DCA-N72,0.94
749,749,부담스러운 선물 (4),129225,129398,남북 횡단철도 착공식에는 정상·기업·지역주민이 모여 수년간의 북방구상을 지켜본다.,첫 삽으로 유라시아 육로를 현실화하고 천민정의 고체배터리가 세계 최고 기술로 인정받는 보상.,착공을 공식화한 뒤 태우 AI·배터리의 국가적 위상을 가족과 임직원에게 돌린다.,북한 횡단철도 착공식에서 첫 삽을 뜬 뒤 태우 AI의 위상을 확인하고 천민정의 노벨 화학상 소식을 받는다,착공 뒤에도 제재·공사비·정권변수가 남고 노벨상 공개는 천민정을 언론 한가운데 세운다.,철도 첫 삽을 뜬 직후 천민정의 노벨 화학상 수상소식이 도착해 국가사업과 개인기술의 정점이 겹친다.,북한 횡단철도가 착공되고 천민정은 고체배터리 성과로 노벨 화학상 수상자가 된다.,대륙착공·기술명예,계획이었던 북방경제권과 천민정의 연구가 각각 철도현장과 세계적 상이라는 되돌릴 수 없는 실체를 얻는다.,기자들에게 둘러싸일 천민정을 지키는 가운데 김민재·최재석에게 돌아올 평화의 보상이 남는다.,횡단철도 착공·노벨 화학상.,천민정 보호·노벨 평화상 발표.,DCA-N73,0.94
750,750,부담스러운 선물 (5),129399,129568,노벨상 발표로 기자들이 몰리자 김민재는 천민정을 양복으로 가리고 회사 밖으로 데려간다.,천민정을 공개소비에서 지키면서 김민재·최재석의 전쟁종결과 남북사업도 세계적 평화보상으로 인정받는 약속.,사생활을 보호하고 두 사람의 수상 의미를 국민경제당의 안정적 승계와 연결한다.,천민정을 기자들에게서 숨겨 보호하는 사이 김민재·최재석의 노벨 평화상 공동 수상 발표를 듣는다,세 사람에게 쏟아지는 언론·정치관심이 천민정과 가족의 평범한 미래를 삼킬 수 있다.,천민정을 숨겨 주는 가장 사적인 순간에 김민재·최재석의 노벨 평화상 공동수상 발표가 겹친다.,천민정의 안전을 확보하고 김민재·최재석이 노벨 평화상 공동수상자로 확정된다.,세계명예·사생활보호,사업·전쟁에서 얻은 힘은 세계적 명예가 되고 김민재는 그 정점에서도 천민정 보호를 먼저 택한다.,최재석이 수상과 정계퇴임을 어떻게 결산하고 김민재가 누구에게 공을 돌릴지가 남는다.,천민정 보호·평화상 발표.,최재석 수상소감·정계퇴임·가족고백.,DCA-N73,0.94
751,751,완벽한 선물,129569,129777,부산 엑스포 131대 34 승리와 노벨상 소식 뒤 최재석은 수상·퇴임의 마지막 무대에 선다.,최재석·김태중 세대의 공을 돌려주고 천민정의 임신·결혼을 알리며 생존·가족·복수 약속을 한 가정으로 결산하는 보상.,평화상의 주인을 김태중에게 돌리고 국민경제당 승계를 정리한 뒤 가족 앞에서 천민정과 미래를 약속한다.,최재석과 수상·퇴임을 결산하고 김태중에게 평화상을 돌린 뒤 천민정의 임신·결혼을 가족에게 알린다,김태중은 영국으로 떠나려 하고 김민재는 회귀 뒤 눌러 둔 감정을 드러내야 하며 새 가정의 책임도 받아들여야 한다.,김태중이 출국을 취소하고 아들의 손을 잡자 김민재가 회귀 이후 처음으로 따뜻한 감정을 온전히 느낀다.,"최재석의 수상·정계퇴임, 김태중의 귀환, 천민정의 임신과 결혼 약속이 한자리에서 지급된다.",세대승계·가족완성,복수와 독식으로 버틴 김민재는 태우그룹과 새 가정을 함께 지킬 책임을 스스로 선택한 사람으로 남는다.,회귀 뒤 지키려던 아버지와 사랑하는 사람이 곁에 남았고 이후의 과제는 얻은 세계와 가정을 함께 책임지는 삶이다.,부산 엑스포·평화상·정계퇴임·부자화해·임신·결혼.,태우그룹과 가정을 지키는 다음 생애.,DCA-N73,0.99
